data,4500,11350,27200,58750,89750,19600,20270,20900,22600,23400,24000,26700,29700,45900,63850,77500,Ch17,data_parsed
2026-07-19T00:00:04+00:00,-46.26,-57.32,-56.55,-57.52,-62.38,-50.29,-46.02,-57.62,-49.72,-38.85,-49.51,-58.66,-54.77,-50.92,-46.66,-38.66,-53.63,2026-07-19 00:00:04+00:00
2026-07-19T00:01:05+00:00,-46.23,-57.59,-56.83,-57.71,-61.91,-50.19,-46.21,-58.80,-49.79,-38.83,-49.46,-58.63,-54.51,-51.79,-47.03,-38.18,-52.99,2026-07-19 00:01:05+00:00
2026-07-19T00:02:04+00:00,-46.18,-56.91,-56.41,-57.17,-62.49,-49.89,-48.61,-58.71,-49.50,-39.37,-49.19,-57.84,-53.72,-51.26,-47.17,-39.32,-53.93,2026-07-19 00:02:04+00:00
2026-07-19T00:03:03+00:00,-47.57,-57.50,-57.51,-58.46,-62.55,-49.51,-43.91,-59.36,-49.92,-39.24,-49.82,-59.01,-54.63,-52.11,-46.87,-39.78,-52.83,2026-07-19 00:03:03+00:00
2026-07-19T00:04:03+00:00,-47.81,-57.90,-56.69,-58.45,-63.08,-49.28,-47.07,-58.59,-50.11,-38.86,-49.42,-59.48,-54.47,-55.19,-47.82,-39.25,-54.53,2026-07-19 00:04:03+00:00
2026-07-19T00:05:04+00:00,-47.51,-57.89,-56.63,-57.79,-62.24,-49.03,-46.56,-58.96,-49.87,-39.06,-48.89,-58.25,-54.81,-53.08,-47.50,-38.01,-52.82,2026-07-19 00:05:04+00:00
2026-07-19T00:06:03+00:00,-47.33,-58.36,-56.48,-58.35,-63.45,-49.21,-47.01,-59.31,-50.02,-38.75,-49.03,-58.96,-55.17,-49.85,-47.62,-36.93,-54.43,2026-07-19 00:06:03+00:00
2026-07-19T00:07:03+00:00,-47.56,-58.38,-57.33,-58.90,-62.59,-49.19,-46.64,-58.91,-50.18,-38.89,-49.60,-58.86,-55.02,-48.44,-48.28,-36.34,-52.77,2026-07-19 00:07:03+00:00
2026-07-19T00:08:04+00:00,-47.37,-58.66,-56.51,-57.79,-62.02,-49.47,-46.66,-59.65,-49.90,-38.70,-49.66,-58.87,-54.36,-49.11,-47.98,-36.52,-54.22,2026-07-19 00:08:04+00:00
2026-07-19T00:09:04+00:00,-47.55,-57.87,-58.87,-57.85,-62.99,-49.84,-46.91,-59.29,-49.88,-38.16,-49.62,-58.86,-54.42,-48.56,-47.74,-36.94,-53.55,2026-07-19 00:09:04+00:00
2026-07-19T00:10:03+00:00,-47.62,-58.55,-58.56,-58.21,-62.23,-49.58,-46.61,-59.98,-49.92,-38.23,-49.77,-59.45,-54.97,-48.14,-47.14,-37.25,-53.85,2026-07-19 00:10:03+00:00
2026-07-19T00:11:04+00:00,-47.80,-58.53,-58.55,-58.96,-63.19,-49.32,-46.52,-60.01,-52.00,-38.90,-50.13,-59.85,-54.99,-48.88,-46.82,-37.71,-54.93,2026-07-19 00:11:04+00:00
2026-07-19T00:12:04+00:00,-47.70,-58.29,-58.13,-58.05,-63.16,-49.02,-46.56,-59.43,-51.68,-39.32,-49.86,-59.20,-54.62,-49.62,-46.52,-37.22,-53.79,2026-07-19 00:12:04+00:00
2026-07-19T00:13:04+00:00,-47.48,-58.42,-58.70,-58.04,-62.97,-48.38,-46.48,-60.20,-52.00,-39.28,-49.73,-59.45,-54.17,-51.75,-45.78,-37.76,-54.45,2026-07-19 00:13:04+00:00
2026-07-19T00:14:03+00:00,-47.66,-58.42,-58.28,-57.74,-63.15,-48.26,-46.50,-59.68,-51.65,-38.68,-50.05,-59.76,-54.68,-55.63,-46.03,-38.42,-53.03,2026-07-19 00:14:03+00:00
2026-07-19T00:15:03+00:00,-48.05,-58.13,-58.26,-57.90,-63.84,-48.63,-46.73,-59.88,-52.13,-38.94,-50.13,-59.72,-54.36,-58.24,-45.64,-39.67,-54.20,2026-07-19 00:15:03+00:00
2026-07-19T00:16:04+00:00,-47.51,-57.38,-56.46,-58.41,-63.31,-48.25,-46.58,-58.92,-51.20,-39.08,-50.19,-58.62,-54.94,-57.25,-45.64,-39.84,-54.12,2026-07-19 00:16:04+00:00
2026-07-19T00:17:04+00:00,-47.84,-57.73,-57.28,-59.13,-63.56,-48.44,-46.96,-59.38,-51.49,-39.32,-50.33,-58.78,-55.56,-58.46,-45.47,-39.73,-54.32,2026-07-19 00:17:04+00:00
2026-07-19T00:18:03+00:00,-47.71,-58.32,-57.66,-59.77,-63.80,-47.88,-47.03,-60.52,-51.89,-39.01,-50.46,-59.37,-55.73,-57.61,-45.79,-39.02,-53.05,2026-07-19 00:18:03+00:00
2026-07-19T00:19:03+00:00,-47.67,-56.62,-57.04,-58.81,-63.19,-45.28,-46.49,-58.61,-51.76,-38.63,-49.79,-58.53,-54.79,-57.20,-45.94,-39.09,-52.91,2026-07-19 00:19:03+00:00
2026-07-19T00:20:04+00:00,-47.63,-57.45,-58.85,-58.46,-63.45,-45.66,-46.81,-58.96,-52.21,-39.26,-50.04,-59.09,-55.10,-56.08,-46.52,-39.27,-54.65,2026-07-19 00:20:04+00:00
2026-07-19T00:21:04+00:00,-47.76,-57.87,-59.46,-58.36,-63.05,-45.79,-47.12,-58.67,-51.65,-39.82,-50.61,-58.51,-54.90,-55.40,-46.54,-38.84,-53.63,2026-07-19 00:21:04+00:00
2026-07-19T00:22:03+00:00,-47.78,-58.45,-60.20,-59.37,-63.46,-45.55,-46.98,-58.95,-51.99,-40.99,-51.20,-59.16,-55.02,-57.15,-46.13,-38.27,-53.02,2026-07-19 00:22:03+00:00
2026-07-19T00:23:03+00:00,-47.74,-58.39,-60.41,-58.68,-63.44,-45.74,-46.55,-60.04,-51.84,-41.10,-50.96,-59.00,-55.29,-58.30,-45.54,-38.00,-54.17,2026-07-19 00:23:03+00:00
2026-07-19T00:24:04+00:00,-47.74,-57.86,-59.49,-58.76,-63.51,-45.85,-46.83,-58.80,-51.98,-41.68,-51.04,-59.36,-54.92,-56.96,-45.98,-37.98,-55.03,2026-07-19 00:24:04+00:00
2026-07-19T00:25:04+00:00,-47.75,-58.27,-59.52,-58.72,-63.02,-45.88,-46.93,-58.60,-52.13,-41.87,-51.33,-58.43,-54.49,-58.25,-46.21,-37.77,-54.21,2026-07-19 00:25:04+00:00
2026-07-19T00:26:03+00:00,-47.83,-58.02,-59.26,-59.03,-62.81,-45.74,-47.52,-59.26,-51.90,-41.54,-50.83,-58.82,-53.68,-58.81,-46.63,-37.85,-53.80,2026-07-19 00:26:03+00:00
2026-07-19T00:27:03+00:00,-47.50,-56.90,-57.87,-57.57,-62.48,-45.15,-47.42,-57.43,-51.50,-41.58,-50.33,-57.89,-53.06,-55.16,-46.16,-38.37,-53.72,2026-07-19 00:27:03+00:00
2026-07-19T00:28:04+00:00,-47.71,-58.53,-59.56,-59.15,-63.45,-45.50,-47.21,-58.89,-51.56,-42.71,-51.33,-59.26,-53.97,-54.47,-46.01,-38.52,-53.80,2026-07-19 00:28:04+00:00
2026-07-19T00:29:04+00:00,-47.49,-58.00,-60.34,-58.80,-62.56,-45.71,-46.96,-59.50,-51.22,-43.26,-51.33,-59.54,-54.16,-55.04,-46.19,-38.51,-54.96,2026-07-19 00:29:04+00:00
2026-07-19T00:30:03+00:00,-47.76,-58.50,-60.44,-59.00,-63.84,-45.69,-46.90,-59.61,-51.28,-42.60,-51.53,-60.04,-54.00,-57.39,-45.75,-38.55,-52.89,2026-07-19 00:30:03+00:00
2026-07-19T00:31:03+00:00,-47.48,-58.56,-59.92,-59.22,-63.73,-45.43,-46.93,-59.90,-51.33,-41.73,-51.50,-59.79,-54.16,-57.98,-46.01,-39.15,-54.49,2026-07-19 00:31:03+00:00
2026-07-19T00:32:03+00:00,-47.63,-57.98,-59.84,-59.22,-63.53,-45.64,-46.82,-59.30,-51.43,-41.92,-51.40,-59.50,-54.64,-53.27,-46.14,-39.33,-55.04,2026-07-19 00:32:03+00:00
2026-07-19T00:33:04+00:00,-46.44,-58.50,-60.91,-59.99,-65.16,-45.89,-46.96,-59.60,-51.16,-42.33,-50.67,-60.18,-54.45,-50.51,-46.14,-40.27,-54.56,2026-07-19 00:33:04+00:00
2026-07-19T00:34:04+00:00,-46.58,-57.38,-60.58,-59.33,-63.50,-46.20,-47.26,-58.21,-50.61,-42.92,-50.45,-58.86,-53.97,-50.43,-45.95,-40.08,-54.21,2026-07-19 00:34:04+00:00
2026-07-19T00:35:03+00:00,-46.50,-57.84,-61.16,-59.39,-63.07,-46.20,-47.45,-57.83,-50.82,-42.65,-51.15,-58.86,-54.46,-49.53,-46.44,-40.30,-53.28,2026-07-19 00:35:03+00:00
2026-07-19T00:36:03+00:00,-46.94,-57.27,-60.05,-58.83,-63.75,-46.02,-47.48,-57.11,-52.21,-42.15,-50.85,-57.17,-54.48,-48.89,-46.44,-41.48,-52.86,2026-07-19 00:36:03+00:00
2026-07-19T00:37:04+00:00,-47.33,-57.43,-60.43,-58.86,-62.61,-46.22,-47.64,-57.49,-50.88,-42.48,-50.58,-58.58,-54.95,-48.87,-46.14,-41.48,-54.68,2026-07-19 00:37:04+00:00
2026-07-19T00:38:04+00:00,-47.18,-58.82,-61.75,-59.84,-63.34,-46.14,-48.24,-59.49,-51.66,-42.73,-50.64,-59.49,-54.88,-48.54,-46.13,-39.84,-54.99,2026-07-19 00:38:04+00:00
2026-07-19T00:39:03+00:00,-47.25,-57.42,-60.59,-59.46,-62.49,-45.88,-47.92,-58.37,-51.45,-43.16,-50.05,-58.93,-54.43,-47.98,-45.81,-38.81,-54.44,2026-07-19 00:39:03+00:00
2026-07-19T00:40:03+00:00,-47.21,-57.46,-59.88,-59.47,-62.95,-45.98,-47.94,-58.06,-51.56,-42.39,-50.40,-57.98,-53.75,-47.22,-46.00,-38.98,-53.11,2026-07-19 00:40:03+00:00
2026-07-19T00:41:04+00:00,-47.14,-57.58,-59.97,-59.11,-63.14,-46.07,-47.61,-58.60,-49.22,-42.34,-50.62,-58.50,-53.91,-46.65,-45.67,-38.72,-54.16,2026-07-19 00:41:04+00:00
2026-07-19T00:42:04+00:00,-47.16,-57.19,-60.06,-59.24,-62.55,-46.30,-46.97,-58.89,-49.04,-43.05,-50.49,-58.73,-53.88,-46.92,-45.27,-38.32,-53.13,2026-07-19 00:42:04+00:00
2026-07-19T00:43:03+00:00,-47.15,-57.73,-60.01,-59.13,-64.24,-46.34,-47.55,-59.82,-49.09,-43.77,-50.08,-58.71,-54.17,-47.38,-44.25,-38.79,-55.18,2026-07-19 00:43:03+00:00
2026-07-19T00:44:03+00:00,-46.76,-57.22,-59.09,-58.33,-63.42,-46.20,-47.69,-59.09,-49.23,-43.61,-50.16,-58.34,-53.89,-47.40,-44.13,-38.62,-53.15,2026-07-19 00:44:03+00:00
2026-07-19T00:45:04+00:00,-46.25,-58.14,-59.64,-58.85,-63.66,-48.84,-47.49,-60.14,-49.68,-43.83,-50.01,-58.86,-54.68,-47.81,-44.31,-38.50,-52.69,2026-07-19 00:45:04+00:00
2026-07-19T00:46:04+00:00,-46.01,-57.05,-58.58,-57.62,-63.20,-49.25,-46.95,-58.28,-49.54,-42.69,-49.55,-57.49,-54.25,-46.53,-44.33,-38.21,-52.85,2026-07-19 00:46:04+00:00
2026-07-19T00:47:03+00:00,-46.29,-57.76,-58.32,-57.65,-63.86,-49.29,-47.14,-58.77,-49.51,-42.20,-49.17,-57.86,-53.95,-46.59,-44.57,-40.14,-52.76,2026-07-19 00:47:03+00:00
2026-07-19T00:48:03+00:00,-48.20,-57.52,-58.78,-57.75,-63.44,-49.51,-47.41,-58.44,-49.68,-42.50,-49.03,-57.46,-54.68,-47.35,-45.08,-41.51,-52.94,2026-07-19 00:48:03+00:00
2026-07-19T00:49:04+00:00,-48.26,-56.76,-57.69,-56.80,-63.44,-49.08,-47.44,-56.76,-49.88,-42.55,-48.80,-56.38,-53.96,-48.59,-45.13,-44.27,-53.11,2026-07-19 00:49:04+00:00
2026-07-19T00:50:04+00:00,-48.82,-56.96,-58.62,-57.89,-63.59,-49.67,-47.57,-58.04,-50.09,-42.64,-48.85,-56.96,-54.46,-49.82,-44.67,-42.90,-52.88,2026-07-19 00:50:04+00:00
2026-07-19T00:51:04+00:00,-48.71,-57.02,-57.89,-57.88,-62.51,-49.64,-47.28,-57.52,-49.49,-42.50,-49.17,-56.58,-54.21,-49.30,-45.22,-41.48,-53.06,2026-07-19 00:51:04+00:00
2026-07-19T00:52:03+00:00,-48.79,-56.28,-58.79,-58.56,-62.95,-49.65,-47.27,-57.74,-49.87,-42.52,-49.24,-56.86,-53.54,-48.94,-45.04,-41.45,-52.76,2026-07-19 00:52:03+00:00
2026-07-19T00:53:04+00:00,-48.23,-56.42,-57.51,-58.13,-63.27,-49.37,-46.63,-57.62,-49.67,-42.33,-49.20,-56.52,-53.96,-48.16,-44.28,-40.35,-52.81,2026-07-19 00:53:04+00:00
2026-07-19T00:54:04+00:00,-50.09,-56.58,-57.61,-58.12,-62.60,-49.51,-46.60,-57.82,-49.79,-42.02,-49.20,-56.91,-53.97,-47.78,-44.34,-39.97,-52.93,2026-07-19 00:54:04+00:00
2026-07-19T00:55:04+00:00,-50.52,-54.20,-58.18,-57.40,-61.86,-49.64,-46.69,-57.00,-49.73,-42.25,-49.35,-56.65,-53.82,-48.16,-44.38,-39.84,-52.41,2026-07-19 00:55:04+00:00
2026-07-19T00:56:03+00:00,-50.22,-55.61,-58.15,-57.68,-63.67,-49.61,-46.94,-57.94,-51.91,-41.64,-49.53,-56.82,-54.00,-47.83,-44.05,-39.07,-52.54,2026-07-19 00:56:03+00:00
2026-07-19T00:57:03+00:00,-49.54,-56.31,-56.93,-56.24,-63.04,-49.44,-47.01,-56.79,-51.61,-40.52,-49.26,-55.93,-53.88,-47.04,-44.00,-38.33,-53.20,2026-07-19 00:57:03+00:00
2026-07-19T00:58:04+00:00,-49.16,-57.26,-56.90,-56.83,-63.44,-49.21,-47.99,-56.81,-51.50,-40.91,-49.10,-55.82,-54.21,-46.74,-43.69,-38.64,-53.99,2026-07-19 00:58:04+00:00
2026-07-19T00:59:04+00:00,-49.29,-56.52,-57.07,-57.44,-63.53,-49.48,-47.98,-57.99,-51.85,-40.39,-48.78,-56.63,-54.17,-47.75,-43.76,-38.70,-54.11,2026-07-19 00:59:04+00:00
2026-07-19T01:00:03+00:00,-50.27,-57.52,-57.94,-58.03,-63.49,-49.69,-48.03,-57.39,-51.97,-40.07,-48.91,-56.15,-54.95,-48.78,-43.31,-38.65,-52.95,2026-07-19 01:00:03+00:00
2026-07-19T01:01:03+00:00,-49.39,-57.63,-57.76,-58.08,-62.79,-49.70,-48.11,-58.07,-51.66,-40.35,-49.59,-56.61,-55.23,-48.97,-43.29,-37.23,-52.89,2026-07-19 01:01:03+00:00
2026-07-19T01:02:03+00:00,-49.21,-56.68,-56.68,-57.03,-62.41,-50.31,-47.81,-57.33,-51.58,-41.32,-49.39,-55.61,-54.98,-48.07,-43.39,-35.70,-52.73,2026-07-19 01:02:03+00:00
2026-07-19T01:03:04+00:00,-48.30,-57.82,-58.60,-58.30,-61.99,-50.56,-48.03,-58.79,-52.44,-42.03,-49.20,-57.06,-55.64,-48.42,-43.09,-34.89,-53.08,2026-07-19 01:03:04+00:00
2026-07-19T01:04:04+00:00,-47.76,-57.96,-58.16,-57.84,-62.68,-50.83,-51.98,-58.83,-52.71,-42.88,-49.29,-56.85,-55.48,-49.40,-43.52,-34.37,-51.24,2026-07-19 01:04:04+00:00
2026-07-19T01:05:03+00:00,-47.75,-57.74,-58.16,-57.82,-63.63,-50.26,-44.79,-58.48,-52.26,-42.83,-48.88,-56.78,-55.21,-48.53,-43.87,-34.60,-53.01,2026-07-19 01:05:03+00:00
2026-07-19T01:06:04+00:00,-47.85,-58.51,-58.81,-59.03,-62.92,-50.46,-47.92,-59.56,-52.32,-42.34,-48.99,-57.17,-55.58,-49.55,-43.64,-34.72,-52.14,2026-07-19 01:06:04+00:00
2026-07-19T01:07:04+00:00,-47.86,-58.20,-59.68,-59.25,-63.34,-50.12,-47.81,-59.37,-52.71,-41.25,-48.75,-57.70,-55.69,-49.41,-44.28,-34.39,-52.85,2026-07-19 01:07:04+00:00
2026-07-19T01:08:03+00:00,-47.84,-57.93,-60.11,-58.91,-64.01,-49.61,-47.65,-58.61,-52.99,-40.73,-48.78,-57.12,-55.69,-48.51,-44.60,-35.21,-53.20,2026-07-19 01:08:03+00:00
2026-07-19T01:09:03+00:00,-47.76,-58.17,-60.07,-59.48,-63.63,-48.99,-48.09,-58.65,-52.29,-40.58,-48.72,-57.14,-55.67,-49.69,-44.96,-36.75,-53.02,2026-07-19 01:09:03+00:00
2026-07-19T01:10:04+00:00,-47.64,-57.46,-60.05,-59.01,-62.99,-48.75,-47.66,-58.09,-52.24,-40.80,-48.34,-57.50,-55.63,-49.49,-45.60,-37.62,-53.84,2026-07-19 01:10:04+00:00
2026-07-19T01:11:04+00:00,-47.93,-57.76,-59.02,-58.09,-64.12,-46.59,-47.43,-58.79,-52.06,-40.58,-48.27,-56.91,-55.35,-49.15,-45.52,-38.01,-53.85,2026-07-19 01:11:04+00:00
2026-07-19T01:12:03+00:00,-47.98,-57.82,-59.01,-58.37,-63.54,-45.61,-47.44,-58.90,-52.70,-40.75,-48.22,-57.31,-55.39,-49.45,-45.77,-38.79,-53.22,2026-07-19 01:12:03+00:00
2026-07-19T01:13:03+00:00,-48.66,-58.34,-59.23,-59.27,-62.74,-45.55,-47.39,-59.15,-52.58,-40.83,-48.18,-57.28,-56.37,-48.63,-45.57,-38.17,-52.84,2026-07-19 01:13:03+00:00
2026-07-19T01:14:04+00:00,-48.90,-58.00,-59.27,-58.73,-63.61,-45.58,-47.04,-59.36,-51.89,-41.23,-47.83,-57.05,-55.68,-49.00,-45.33,-38.20,-53.51,2026-07-19 01:14:04+00:00
2026-07-19T01:15:04+00:00,-49.67,-58.62,-59.72,-58.61,-63.64,-45.73,-47.05,-60.05,-51.95,-41.77,-47.88,-57.68,-56.46,-48.73,-45.09,-35.93,-54.20,2026-07-19 01:15:04+00:00
2026-07-19T01:16:03+00:00,-48.71,-58.37,-59.28,-58.99,-63.56,-45.36,-47.18,-59.90,-52.17,-41.92,-47.60,-57.75,-56.14,-48.54,-45.21,-35.15,-56.42,2026-07-19 01:16:03+00:00
2026-07-19T01:17:03+00:00,-49.63,-58.78,-60.03,-59.20,-62.66,-45.33,-46.81,-60.15,-51.79,-41.43,-47.84,-57.94,-56.00,-47.10,-45.40,-34.04,-56.06,2026-07-19 01:17:03+00:00
2026-07-19T01:18:04+00:00,-47.35,-58.96,-59.17,-58.90,-63.47,-45.61,-46.64,-59.04,-51.61,-41.31,-47.87,-57.52,-55.83,-45.92,-45.37,-32.93,-56.32,2026-07-19 01:18:04+00:00
2026-07-19T01:19:04+00:00,-47.32,-58.31,-58.50,-59.07,-63.37,-45.77,-47.12,-58.55,-50.68,-41.68,-47.67,-56.49,-55.16,-44.98,-45.63,-33.09,-56.01,2026-07-19 01:19:04+00:00
2026-07-19T01:20:03+00:00,-46.86,-58.92,-58.89,-59.64,-63.22,-46.11,-47.13,-58.96,-51.46,-40.66,-47.83,-55.90,-56.67,-44.27,-45.86,-33.60,-56.30,2026-07-19 01:20:03+00:00
2026-07-19T01:21:04+00:00,-47.06,-58.35,-57.90,-58.37,-62.77,-45.35,-47.16,-56.81,-50.38,-40.54,-47.85,-55.65,-55.58,-43.84,-45.70,-35.07,-54.15,2026-07-19 01:21:04+00:00
2026-07-19T01:22:04+00:00,-46.08,-58.71,-58.57,-58.77,-62.67,-45.74,-47.11,-57.99,-51.05,-40.65,-47.88,-56.12,-55.91,-43.34,-45.26,-35.95,-55.65,2026-07-19 01:22:04+00:00
2026-07-19T01:23:03+00:00,-46.55,-58.55,-57.92,-58.20,-63.65,-45.63,-47.02,-57.95,-51.18,-41.04,-47.80,-55.64,-55.66,-42.83,-45.11,-36.13,-55.98,2026-07-19 01:23:03+00:00
2026-07-19T01:24:03+00:00,-46.20,-57.82,-58.58,-57.64,-62.74,-45.68,-47.10,-58.62,-51.01,-41.88,-47.83,-56.34,-55.67,-42.24,-45.10,-36.22,-55.17,2026-07-19 01:24:03+00:00
2026-07-19T01:25:04+00:00,-46.54,-58.51,-57.63,-57.68,-62.25,-45.57,-46.57,-58.63,-51.04,-41.70,-47.84,-56.64,-56.38,-42.77,-45.18,-36.93,-54.14,2026-07-19 01:25:04+00:00
2026-07-19T01:26:04+00:00,-46.72,-58.31,-57.92,-57.54,-63.47,-45.61,-46.88,-58.77,-49.17,-41.04,-47.95,-56.59,-56.07,-42.65,-45.72,-36.49,-55.77,2026-07-19 01:26:04+00:00
2026-07-19T01:27:04+00:00,-46.28,-58.34,-58.47,-57.22,-62.84,-45.63,-47.29,-59.03,-49.34,-40.28,-47.63,-56.69,-56.05,-42.56,-45.68,-35.76,-55.39,2026-07-19 01:27:04+00:00
2026-07-19T01:28:03+00:00,-46.59,-59.06,-57.61,-57.45,-62.70,-45.54,-47.07,-58.27,-49.47,-40.30,-47.91,-56.22,-55.55,-42.54,-45.00,-35.00,-54.66,2026-07-19 01:28:03+00:00
2026-07-19T01:29:03+00:00,-46.94,-58.89,-58.35,-58.04,-63.47,-45.33,-47.08,-59.38,-49.93,-41.07,-47.90,-56.26,-55.93,-42.58,-44.82,-34.70,-56.27,2026-07-19 01:29:03+00:00
2026-07-19T01:30:04+00:00,-47.16,-59.03,-59.65,-58.82,-62.74,-45.61,-47.32,-59.71,-49.92,-40.39,-47.82,-57.03,-56.73,-42.74,-45.12,-34.07,-56.21,2026-07-19 01:30:04+00:00
2026-07-19T01:31:04+00:00,-46.66,-58.53,-58.23,-58.19,-62.98,-45.78,-47.42,-59.05,-49.59,-39.82,-47.51,-57.08,-56.88,-41.71,-45.10,-33.84,-55.35,2026-07-19 01:31:04+00:00
2026-07-19T01:32:04+00:00,-47.02,-59.60,-59.43,-58.42,-63.19,-45.95,-47.43,-59.00,-50.89,-39.32,-47.52,-57.46,-57.08,-41.91,-45.29,-33.94,-56.22,2026-07-19 01:32:04+00:00
2026-07-19T01:33:03+00:00,-48.96,-59.65,-59.64,-58.89,-63.58,-46.04,-47.43,-59.16,-51.16,-39.86,-47.64,-57.62,-56.75,-42.61,-45.38,-34.84,-55.68,2026-07-19 01:33:03+00:00
2026-07-19T01:34:03+00:00,-48.94,-59.42,-59.80,-59.59,-62.49,-45.85,-47.38,-58.20,-51.57,-40.34,-47.34,-57.26,-56.27,-44.07,-45.40,-34.88,-55.56,2026-07-19 01:34:03+00:00
2026-07-19T01:35:04+00:00,-48.51,-59.79,-60.36,-59.75,-62.99,-45.91,-47.13,-59.55,-51.70,-40.26,-47.01,-57.45,-55.96,-45.28,-45.15,-34.07,-56.05,2026-07-19 01:35:04+00:00
2026-07-19T01:36:04+00:00,-48.39,-59.41,-59.29,-59.84,-63.00,-46.10,-46.40,-58.38,-51.55,-39.73,-46.92,-56.94,-55.63,-45.18,-45.43,-33.62,-55.32,2026-07-19 01:36:04+00:00
2026-07-19T01:37:04+00:00,-47.51,-59.25,-59.92,-59.74,-63.14,-46.06,-45.80,-58.62,-51.64,-39.71,-47.08,-58.15,-56.00,-46.04,-45.14,-33.40,-56.50,2026-07-19 01:37:04+00:00
2026-07-19T01:38:03+00:00,-47.46,-59.27,-60.88,-59.35,-63.47,-46.31,-45.65,-58.26,-51.56,-40.25,-47.41,-58.59,-56.75,-46.21,-45.04,-32.95,-56.27,2026-07-19 01:38:03+00:00
2026-07-19T01:39:04+00:00,-47.71,-59.49,-61.50,-59.33,-63.15,-46.74,-46.20,-58.23,-51.67,-41.15,-47.80,-58.83,-56.80,-44.36,-44.55,-32.94,-56.30,2026-07-19 01:39:04+00:00
2026-07-19T01:40:04+00:00,-47.81,-58.74,-59.99,-58.91,-63.61,-46.44,-46.01,-58.11,-51.34,-40.31,-47.67,-58.04,-56.28,-43.21,-44.11,-32.60,-56.25,2026-07-19 01:40:04+00:00
2026-07-19T01:41:03+00:00,-47.73,-59.00,-60.44,-58.77,-63.26,-46.34,-45.98,-57.75,-54.10,-40.45,-47.89,-58.67,-56.26,-43.44,-44.06,-32.10,-55.31,2026-07-19 01:41:03+00:00
2026-07-19T01:42:03+00:00,-47.84,-58.34,-60.11,-58.23,-63.05,-46.02,-45.82,-58.69,-54.52,-40.98,-47.99,-58.19,-56.59,-43.90,-43.82,-31.71,-55.81,2026-07-19 01:42:03+00:00
2026-07-19T01:43:04+00:00,-47.98,-57.72,-60.31,-58.31,-63.61,-49.56,-45.90,-57.90,-54.39,-40.76,-47.72,-58.06,-56.72,-44.13,-43.44,-31.41,-55.03,2026-07-19 01:43:04+00:00
2026-07-19T01:44:04+00:00,-47.89,-58.98,-61.91,-59.59,-63.80,-49.97,-45.55,-59.67,-54.95,-41.11,-47.91,-58.75,-56.89,-44.73,-43.66,-31.18,-56.63,2026-07-19 01:44:04+00:00
2026-07-19T01:45:03+00:00,-47.88,-58.86,-61.23,-58.34,-63.36,-50.30,-45.56,-59.06,-54.57,-40.91,-47.61,-58.64,-56.80,-45.69,-43.74,-31.20,-55.41,2026-07-19 01:45:03+00:00
2026-07-19T01:46:03+00:00,-48.05,-59.22,-61.55,-58.63,-63.81,-50.65,-46.01,-59.35,-54.84,-41.34,-47.47,-58.24,-57.53,-47.67,-43.91,-31.49,-56.85,2026-07-19 01:46:03+00:00
2026-07-19T01:47:04+00:00,-47.99,-58.65,-61.00,-58.45,-63.40,-50.85,-46.47,-59.06,-54.66,-41.56,-47.09,-58.11,-57.61,-48.00,-43.68,-31.73,-55.62,2026-07-19 01:47:04+00:00
2026-07-19T01:48:04+00:00,-48.10,-57.73,-60.54,-58.63,-63.17,-51.09,-46.32,-58.82,-54.56,-41.40,-46.68,-58.02,-57.55,-47.21,-43.63,-31.45,-56.18,2026-07-19 01:48:04+00:00
2026-07-19T01:49:03+00:00,-48.07,-59.33,-60.48,-59.07,-63.24,-51.35,-46.27,-59.26,-54.74,-42.24,-46.77,-58.39,-56.72,-46.85,-43.60,-31.41,-55.65,2026-07-19 01:49:03+00:00
2026-07-19T01:50:03+00:00,-48.72,-59.07,-60.96,-59.52,-63.63,-51.87,-46.75,-60.34,-55.02,-42.37,-47.06,-58.52,-57.31,-45.86,-43.59,-32.05,-56.39,2026-07-19 01:50:03+00:00
2026-07-19T01:51:04+00:00,-48.85,-59.44,-60.87,-59.19,-63.58,-51.74,-47.13,-60.50,-55.09,-42.00,-47.02,-58.92,-56.85,-45.36,-44.21,-33.65,-56.05,2026-07-19 01:51:04+00:00
2026-07-19T01:52:04+00:00,-48.92,-60.02,-61.65,-59.67,-64.61,-51.92,-47.12,-60.65,-54.83,-41.92,-47.27,-58.53,-56.84,-45.89,-44.32,-33.17,-56.42,2026-07-19 01:52:04+00:00
2026-07-19T01:53:04+00:00,-48.79,-59.61,-60.77,-58.96,-63.43,-52.06,-47.25,-60.11,-54.64,-41.45,-47.19,-58.17,-56.72,-46.21,-44.16,-32.91,-56.41,2026-07-19 01:53:04+00:00
2026-07-19T01:54:03+00:00,-48.64,-59.22,-60.54,-59.31,-62.87,-52.27,-47.06,-59.99,-54.99,-40.34,-47.24,-58.33,-56.73,-45.33,-44.00,-32.89,-56.22,2026-07-19 01:54:03+00:00
2026-07-19T01:55:03+00:00,-48.82,-59.62,-61.11,-59.50,-64.55,-52.48,-47.21,-59.81,-54.89,-40.64,-47.12,-58.38,-56.69,-45.97,-43.64,-32.31,-56.42,2026-07-19 01:55:03+00:00
2026-07-19T01:56:04+00:00,-48.90,-58.72,-59.73,-58.96,-63.02,-51.90,-47.07,-58.75,-54.86,-41.57,-47.12,-57.45,-56.05,-46.07,-43.84,-32.04,-55.16,2026-07-19 01:56:04+00:00
2026-07-19T01:57:03+00:00,-48.79,-59.37,-61.01,-59.37,-63.03,-52.00,-47.26,-60.30,-54.85,-42.24,-47.21,-58.95,-57.16,-45.40,-43.73,-31.87,-56.36,2026-07-19 01:57:03+00:00
2026-07-19T01:58:03+00:00,-48.98,-58.78,-61.53,-59.39,-63.82,-51.88,-46.98,-60.14,-55.04,-42.39,-47.29,-58.77,-56.93,-45.25,-43.82,-31.68,-56.86,2026-07-19 01:58:03+00:00
2026-07-19T01:59:03+00:00,-48.90,-59.42,-62.06,-59.54,-62.94,-51.82,-47.03,-60.56,-54.04,-43.20,-47.67,-59.26,-56.90,-44.61,-43.75,-32.78,-55.89,2026-07-19 01:59:03+00:00
2026-07-19T02:00:04+00:00,-48.88,-59.62,-62.78,-59.91,-63.13,-52.14,-46.95,-61.02,-54.10,-44.76,-47.54,-59.68,-56.58,-44.43,-43.12,-34.41,-57.35,2026-07-19 02:00:04+00:00
2026-07-19T02:01:04+00:00,-48.86,-59.13,-62.20,-59.64,-63.82,-51.57,-46.88,-60.18,-53.91,-44.23,-47.54,-59.56,-56.29,-44.50,-43.13,-35.46,-56.36,2026-07-19 02:01:04+00:00
2026-07-19T02:02:04+00:00,-48.84,-58.60,-61.63,-59.49,-63.43,-51.56,-46.85,-60.08,-53.89,-44.27,-47.73,-59.29,-56.21,-44.54,-43.35,-35.30,-56.64,2026-07-19 02:02:04+00:00
2026-07-19T02:03:04+00:00,-46.84,-58.63,-62.56,-59.26,-63.32,-51.30,-46.36,-59.89,-52.97,-44.61,-47.68,-59.05,-55.89,-44.11,-43.83,-35.28,-56.72,2026-07-19 02:03:04+00:00
2026-07-19T02:04:03+00:00,-46.23,-59.69,-62.29,-59.38,-64.37,-50.43,-46.59,-60.56,-52.99,-45.69,-47.83,-59.22,-56.22,-43.66,-43.57,-35.31,-56.24,2026-07-19 02:04:03+00:00
2026-07-19T02:05:03+00:00,-46.27,-58.30,-61.57,-58.61,-63.41,-50.06,-46.86,-59.51,-52.70,-44.84,-47.73,-59.13,-56.11,-43.22,-44.03,-34.45,-56.53,2026-07-19 02:05:03+00:00
2026-07-19T02:06:03+00:00,-46.12,-59.68,-61.51,-59.22,-63.46,-50.03,-46.67,-60.79,-53.05,-43.97,-47.13,-59.19,-56.24,-42.89,-43.50,-34.45,-55.23,2026-07-19 02:06:03+00:00
2026-07-19T02:07:04+00:00,-46.27,-58.83,-61.83,-59.08,-63.52,-49.18,-46.81,-60.28,-52.75,-42.91,-47.51,-59.55,-56.02,-43.37,-43.28,-35.01,-56.07,2026-07-19 02:07:04+00:00
2026-07-19T02:08:04+00:00,-46.21,-57.37,-59.93,-58.03,-63.53,-48.45,-46.41,-58.71,-52.53,-43.44,-47.67,-58.18,-55.07,-44.67,-43.09,-34.99,-54.60,2026-07-19 02:08:04+00:00
2026-07-19T02:09:04+00:00,-46.16,-59.42,-62.63,-59.09,-63.12,-45.79,-46.50,-60.42,-52.87,-42.22,-47.74,-60.15,-56.05,-44.78,-43.05,-34.56,-56.11,2026-07-19 02:09:04+00:00
2026-07-19T02:10:03+00:00,-46.20,-58.04,-62.23,-59.48,-64.83,-45.93,-47.28,-60.16,-52.85,-42.44,-48.05,-60.50,-55.67,-44.08,-42.80,-34.39,-55.48,2026-07-19 02:10:03+00:00
2026-07-19T02:11:03+00:00,-46.20,-58.86,-61.23,-59.01,-63.92,-46.03,-47.48,-59.52,-50.40,-42.36,-47.76,-59.55,-54.79,-44.94,-42.67,-34.25,-56.11,2026-07-19 02:11:03+00:00
2026-07-19T02:12:04+00:00,-46.33,-58.87,-61.87,-59.12,-64.47,-46.18,-47.28,-59.19,-50.59,-42.62,-47.79,-60.23,-54.36,-44.90,-43.38,-34.40,-56.08,2026-07-19 02:12:04+00:00
2026-07-19T02:13:04+00:00,-46.28,-59.21,-60.97,-58.39,-64.29,-45.91,-47.49,-59.23,-50.49,-42.61,-47.57,-60.60,-54.06,-44.98,-43.31,-35.02,-55.20,2026-07-19 02:13:04+00:00
2026-07-19T02:14:03+00:00,-46.38,-59.29,-61.86,-59.17,-64.12,-46.33,-47.49,-60.55,-50.94,-42.96,-47.77,-60.61,-54.25,-44.59,-43.60,-35.30,-55.84,2026-07-19 02:14:03+00:00
2026-07-19T02:15:04+00:00,-46.23,-59.33,-60.96,-58.90,-63.67,-46.33,-47.67,-59.12,-50.94,-42.30,-48.13,-59.92,-54.12,-43.51,-43.88,-35.42,-55.48,2026-07-19 02:15:04+00:00
2026-07-19T02:16:04+00:00,-46.28,-59.85,-61.69,-59.02,-63.99,-46.36,-47.52,-59.29,-51.03,-41.60,-47.89,-60.03,-54.35,-44.20,-43.77,-35.27,-54.43,2026-07-19 02:16:04+00:00
2026-07-19T02:17:03+00:00,-46.42,-59.96,-60.07,-59.57,-63.30,-46.12,-47.58,-60.34,-51.01,-40.99,-47.54,-60.24,-54.43,-42.97,-43.86,-36.28,-56.52,2026-07-19 02:17:03+00:00
2026-07-19T02:18:03+00:00,-47.55,-57.32,-57.59,-58.25,-62.63,-46.23,-46.70,-57.47,-50.99,-40.92,-47.58,-58.12,-54.12,-42.86,-43.33,-36.56,-52.84,2026-07-19 02:18:03+00:00
2026-07-19T02:19:04+00:00,-48.22,-62.09,-61.86,-59.40,-64.01,-46.34,-47.46,-60.89,-51.68,-41.30,-47.69,-59.57,-55.15,-42.39,-43.50,-36.30,-55.79,2026-07-19 02:19:04+00:00
2026-07-19T02:20:04+00:00,-48.05,-60.76,-61.52,-59.19,-63.66,-46.46,-47.53,-59.76,-51.62,-41.02,-47.92,-59.09,-54.51,-41.94,-43.09,-36.44,-55.12,2026-07-19 02:20:04+00:00
2026-07-19T02:21:04+00:00,-48.21,-60.91,-63.13,-59.33,-62.99,-46.61,-47.66,-60.71,-51.78,-40.54,-47.92,-59.77,-54.17,-42.15,-43.15,-35.70,-55.54,2026-07-19 02:21:04+00:00
2026-07-19T02:22:03+00:00,-48.10,-60.65,-61.64,-59.13,-63.76,-46.76,-47.55,-59.73,-51.50,-40.45,-48.09,-59.05,-53.53,-42.06,-43.43,-35.59,-55.03,2026-07-19 02:22:03+00:00
2026-07-19T02:23:04+00:00,-48.09,-61.71,-61.71,-59.16,-62.80,-46.85,-48.21,-60.43,-51.68,-41.48,-47.85,-59.39,-53.72,-42.41,-43.06,-35.29,-56.03,2026-07-19 02:23:04+00:00
2026-07-19T02:24:04+00:00,-47.98,-61.25,-62.23,-59.83,-63.58,-46.77,-48.24,-60.93,-51.47,-41.79,-48.07,-59.41,-53.51,-42.40,-43.57,-34.38,-55.80,2026-07-19 02:24:04+00:00
2026-07-19T02:25:03+00:00,-47.92,-61.22,-60.99,-58.67,-64.44,-47.17,-48.10,-60.31,-51.81,-41.07,-48.14,-58.76,-53.62,-42.75,-43.35,-34.20,-54.89,2026-07-19 02:25:03+00:00
2026-07-19T02:26:03+00:00,-47.99,-60.98,-61.10,-59.47,-63.23,-47.27,-48.34,-60.96,-54.54,-40.85,-48.36,-58.58,-54.04,-43.52,-43.38,-34.41,-55.30,2026-07-19 02:26:03+00:00
2026-07-19T02:27:04+00:00,-47.82,-61.19,-61.80,-59.37,-63.34,-47.26,-48.18,-60.80,-55.04,-40.27,-48.21,-59.03,-54.67,-44.45,-43.34,-34.30,-54.82,2026-07-19 02:27:04+00:00
2026-07-19T02:28:04+00:00,-47.97,-60.58,-60.90,-59.39,-63.30,-47.08,-48.24,-60.40,-54.44,-40.16,-47.93,-58.83,-55.04,-44.15,-43.46,-33.93,-56.02,2026-07-19 02:28:04+00:00
2026-07-19T02:29:04+00:00,-48.11,-60.81,-61.09,-58.99,-63.27,-47.05,-48.06,-61.09,-54.51,-39.56,-47.84,-59.31,-55.72,-44.15,-43.73,-32.80,-55.94,2026-07-19 02:29:04+00:00
2026-07-19T02:30:03+00:00,-49.02,-61.07,-62.39,-59.48,-63.45,-47.10,-48.02,-61.00,-54.61,-40.23,-47.66,-59.53,-56.25,-44.93,-44.05,-32.62,-56.71,2026-07-19 02:30:03+00:00
2026-07-19T02:31:03+00:00,-49.02,-61.65,-61.76,-59.13,-63.05,-47.18,-48.83,-60.55,-54.67,-40.42,-47.18,-59.25,-56.73,-44.39,-44.22,-32.99,-57.14,2026-07-19 02:31:03+00:00
2026-07-19T02:32:03+00:00,-49.13,-60.75,-61.05,-59.34,-62.72,-47.01,-48.30,-61.13,-54.48,-40.49,-47.42,-58.36,-56.48,-44.18,-44.33,-33.89,-56.41,2026-07-19 02:32:03+00:00
2026-07-19T02:33:03+00:00,-48.99,-61.75,-62.15,-59.23,-63.31,-47.31,-48.67,-61.54,-54.59,-41.34,-47.22,-58.58,-57.01,-44.40,-44.47,-33.88,-56.52,2026-07-19 02:33:03+00:00
2026-07-19T02:34:04+00:00,-48.84,-61.05,-60.85,-59.04,-63.72,-47.10,-48.36,-60.70,-54.59,-41.57,-47.63,-58.13,-56.61,-44.33,-44.77,-34.38,-56.14,2026-07-19 02:34:04+00:00
2026-07-19T02:35:03+00:00,-48.82,-61.13,-60.31,-58.81,-62.88,-47.22,-48.39,-59.88,-54.18,-41.56,-47.79,-58.36,-56.75,-42.74,-44.22,-34.59,-54.89,2026-07-19 02:35:03+00:00
2026-07-19T02:36:03+00:00,-48.88,-59.91,-60.16,-59.05,-62.89,-47.14,-48.06,-59.71,-54.50,-40.62,-47.79,-58.14,-56.89,-42.44,-44.04,-35.12,-55.69,2026-07-19 02:36:03+00:00
2026-07-19T02:37:03+00:00,-48.72,-60.98,-60.88,-59.22,-62.92,-46.98,-48.30,-60.32,-54.52,-40.42,-47.81,-58.75,-56.92,-41.43,-43.79,-35.55,-55.14,2026-07-19 02:37:03+00:00
2026-07-19T02:38:04+00:00,-48.86,-60.63,-60.71,-58.67,-63.19,-46.58,-48.43,-59.92,-54.19,-40.82,-47.79,-58.43,-56.99,-41.42,-43.95,-35.01,-55.77,2026-07-19 02:38:04+00:00
2026-07-19T02:39:04+00:00,-49.06,-60.25,-61.02,-58.89,-63.16,-46.52,-48.45,-60.25,-54.18,-40.74,-47.86,-58.39,-56.84,-41.55,-43.39,-34.41,-55.37,2026-07-19 02:39:04+00:00
2026-07-19T02:40:03+00:00,-48.91,-60.47,-60.99,-58.60,-63.58,-46.64,-48.29,-60.07,-54.27,-40.63,-47.74,-58.48,-56.73,-41.56,-43.57,-34.82,-56.73,2026-07-19 02:40:03+00:00
2026-07-19T02:41:03+00:00,-48.79,-60.78,-60.34,-58.62,-64.32,-46.50,-48.09,-59.66,-53.98,-41.19,-47.59,-58.31,-56.57,-41.91,-43.09,-35.09,-55.20,2026-07-19 02:41:03+00:00
2026-07-19T02:42:04+00:00,-48.51,-60.03,-60.56,-58.76,-63.49,-46.59,-48.15,-59.49,-54.19,-41.32,-47.58,-58.63,-56.41,-42.12,-43.40,-35.12,-56.14,2026-07-19 02:42:04+00:00
2026-07-19T02:43:04+00:00,-49.02,-60.04,-61.06,-58.75,-63.33,-46.00,-48.33,-59.01,-54.49,-40.83,-47.40,-58.52,-56.24,-42.60,-43.19,-35.36,-56.07,2026-07-19 02:43:04+00:00
2026-07-19T02:44:03+00:00,-48.94,-60.08,-60.34,-59.06,-63.01,-46.65,-48.06,-59.63,-53.38,-40.91,-47.39,-57.92,-55.91,-43.03,-42.80,-36.05,-56.12,2026-07-19 02:44:03+00:00
2026-07-19T02:45:03+00:00,-49.30,-60.11,-60.78,-58.92,-63.28,-48.57,-48.07,-59.64,-53.51,-41.09,-47.55,-57.78,-56.83,-42.98,-42.83,-37.05,-55.59,2026-07-19 02:45:03+00:00
2026-07-19T02:46:04+00:00,-49.09,-60.46,-60.83,-58.48,-62.88,-50.15,-48.20,-59.44,-53.27,-41.56,-48.01,-58.02,-57.52,-42.61,-42.79,-37.10,-55.13,2026-07-19 02:46:04+00:00
2026-07-19T02:47:04+00:00,-47.91,-60.48,-60.81,-59.07,-63.50,-50.08,-47.99,-60.10,-53.27,-41.55,-48.12,-57.58,-57.28,-42.87,-42.74,-36.48,-56.45,2026-07-19 02:47:04+00:00
2026-07-19T02:48:03+00:00,-47.06,-59.51,-59.19,-58.29,-63.41,-50.14,-47.94,-58.82,-52.18,-41.99,-47.62,-57.13,-56.52,-42.66,-43.56,-36.33,-56.04,2026-07-19 02:48:03+00:00
2026-07-19T02:49:03+00:00,-47.36,-60.37,-60.63,-58.90,-63.24,-50.11,-47.90,-59.92,-52.59,-42.50,-47.67,-57.16,-57.24,-42.11,-43.72,-36.71,-56.69,2026-07-19 02:49:03+00:00
2026-07-19T02:50:04+00:00,-47.19,-61.36,-61.73,-58.97,-64.54,-50.39,-47.86,-59.73,-52.49,-42.81,-47.97,-57.47,-57.36,-40.81,-43.28,-36.83,-56.65,2026-07-19 02:50:04+00:00
2026-07-19T02:51:04+00:00,-47.86,-60.49,-61.57,-58.30,-63.47,-50.64,-47.77,-59.83,-52.64,-43.42,-47.61,-57.35,-56.83,-40.46,-42.92,-37.51,-55.17,2026-07-19 02:51:04+00:00
2026-07-19T02:52:03+00:00,-47.76,-59.64,-60.85,-58.59,-63.58,-50.27,-48.08,-59.05,-52.40,-44.86,-47.30,-56.31,-56.64,-40.41,-43.05,-39.22,-55.37,2026-07-19 02:52:03+00:00
2026-07-19T02:53:03+00:00,-47.73,-60.66,-61.50,-58.73,-64.11,-50.47,-47.94,-59.48,-52.69,-45.82,-47.14,-56.94,-56.30,-40.67,-43.22,-40.80,-55.96,2026-07-19 02:53:03+00:00
2026-07-19T02:54:04+00:00,-47.62,-60.15,-61.03,-58.75,-62.48,-50.10,-47.62,-60.62,-52.63,-47.42,-47.06,-56.92,-56.16,-40.15,-43.02,-42.90,-55.82,2026-07-19 02:54:04+00:00
2026-07-19T02:55:04+00:00,-47.69,-60.69,-62.20,-58.89,-63.01,-49.35,-46.73,-59.99,-50.40,-48.57,-47.48,-57.05,-56.14,-40.38,-43.20,-46.09,-56.41,2026-07-19 02:55:04+00:00
2026-07-19T02:56:03+00:00,-47.73,-60.98,-61.42,-59.17,-63.47,-49.07,-47.35,-59.85,-50.43,-50.40,-47.27,-56.82,-56.38,-41.59,-43.46,-48.46,-57.10,2026-07-19 02:56:03+00:00
2026-07-19T02:57:04+00:00,-47.65,-61.11,-62.38,-59.52,-63.47,-49.35,-47.58,-60.83,-50.45,-52.19,-47.54,-57.24,-56.32,-41.84,-43.34,-52.22,-54.41,2026-07-19 02:57:04+00:00
2026-07-19T02:58:04+00:00,-47.59,-60.80,-61.63,-60.10,-63.05,-49.93,-47.83,-60.74,-50.44,-54.67,-47.29,-57.04,-56.81,-41.64,-44.05,-53.27,-56.46,2026-07-19 02:58:04+00:00
2026-07-19T02:59:04+00:00,-47.66,-60.55,-61.46,-59.51,-64.51,-50.06,-47.76,-61.13,-50.87,-55.10,-47.16,-56.90,-56.50,-41.77,-43.86,-53.00,-55.95,2026-07-19 02:59:04+00:00
2026-07-19T03:00:03+00:00,-47.82,-60.81,-61.06,-59.53,-64.23,-50.13,-47.72,-60.42,-50.98,-55.89,-46.97,-56.66,-56.43,-42.35,-44.10,-52.44,-56.71,2026-07-19 03:00:03+00:00
2026-07-19T03:01:03+00:00,-47.69,-60.82,-61.53,-59.40,-63.12,-50.29,-47.64,-61.02,-50.93,-56.83,-47.12,-57.11,-56.69,-42.47,-44.31,-53.50,-57.12,2026-07-19 03:01:03+00:00
2026-07-19T03:02:04+00:00,-49.44,-61.09,-61.03,-59.08,-63.28,-50.32,-47.42,-60.82,-51.01,-56.07,-46.83,-56.91,-56.57,-42.57,-44.30,-53.27,-55.56,2026-07-19 03:02:04+00:00
2026-07-19T03:03:04+00:00,-49.84,-61.35,-61.80,-59.38,-63.57,-50.20,-47.52,-61.11,-51.50,-54.45,-46.52,-56.95,-56.24,-42.94,-44.51,-52.90,-57.25,2026-07-19 03:03:04+00:00
2026-07-19T03:04:03+00:00,-49.73,-60.70,-60.19,-59.10,-63.25,-50.22,-47.79,-60.27,-51.51,-53.36,-46.60,-56.67,-55.75,-42.89,-44.70,-54.22,-55.82,2026-07-19 03:04:03+00:00
2026-07-19T03:05:03+00:00,-49.73,-62.26,-63.46,-59.38,-63.92,-50.33,-47.65,-62.10,-51.58,-53.05,-46.68,-56.80,-56.25,-42.43,-44.91,-53.52,-57.16,2026-07-19 03:05:03+00:00
2026-07-19T03:06:04+00:00,-49.78,-60.75,-62.84,-59.33,-63.03,-50.59,-47.27,-61.16,-51.44,-52.75,-46.54,-57.03,-56.34,-41.90,-44.83,-51.71,-57.17,2026-07-19 03:06:04+00:00
2026-07-19T03:07:04+00:00,-48.62,-61.74,-62.58,-60.10,-63.61,-50.00,-44.26,-61.90,-51.47,-53.40,-46.66,-57.09,-56.68,-42.17,-44.79,-51.25,-56.68,2026-07-19 03:07:04+00:00
2026-07-19T03:08:03+00:00,-48.55,-62.00,-64.32,-60.31,-64.66,-50.26,-47.45,-62.16,-51.52,-52.82,-46.69,-57.21,-56.42,-42.39,-45.02,-50.60,-57.82,2026-07-19 03:08:03+00:00
2026-07-19T03:09:03+00:00,-48.58,-62.29,-62.81,-59.99,-63.90,-49.43,-48.34,-61.30,-51.48,-52.25,-46.05,-57.07,-56.58,-42.31,-44.37,-50.71,-56.87,2026-07-19 03:09:03+00:00
2026-07-19T03:10:04+00:00,-48.44,-62.29,-63.44,-59.93,-63.30,-49.73,-48.43,-62.29,-54.77,-51.64,-46.47,-57.21,-56.98,-42.25,-44.13,-50.67,-57.09,2026-07-19 03:10:04+00:00
2026-07-19T03:11:04+00:00,-48.48,-61.82,-63.51,-60.15,-62.75,-47.99,-48.73,-61.86,-54.78,-51.76,-46.29,-57.37,-56.90,-41.75,-43.89,-50.82,-57.80,2026-07-19 03:11:04+00:00
2026-07-19T03:12:03+00:00,-48.54,-61.54,-62.30,-59.76,-63.58,-46.18,-48.68,-60.50,-54.59,-51.51,-46.28,-57.11,-56.79,-41.43,-43.69,-51.06,-57.30,2026-07-19 03:12:03+00:00
2026-07-19T03:13:03+00:00,-48.35,-62.79,-63.63,-60.48,-63.50,-46.46,-48.72,-62.30,-54.87,-50.80,-46.45,-57.65,-57.21,-41.46,-44.05,-50.71,-57.94,2026-07-19 03:13:03+00:00
2026-07-19T03:14:04+00:00,-48.43,-62.29,-64.60,-60.24,-64.15,-46.48,-48.78,-63.01,-54.83,-50.67,-46.56,-57.47,-56.93,-41.54,-44.03,-50.56,-57.56,2026-07-19 03:14:04+00:00
2026-07-19T03:15:04+00:00,-48.42,-61.28,-62.13,-59.87,-63.87,-46.40,-48.82,-61.44,-54.73,-50.06,-46.42,-56.95,-56.48,-41.09,-43.86,-50.15,-57.35,2026-07-19 03:15:04+00:00
2026-07-19T03:16:03+00:00,-48.51,-62.27,-64.00,-60.69,-62.55,-46.48,-48.91,-62.63,-54.98,-50.25,-46.63,-57.40,-56.68,-40.52,-44.39,-50.01,-58.75,2026-07-19 03:16:03+00:00
2026-07-19T03:17:04+00:00,-48.42,-62.57,-64.16,-60.17,-63.63,-46.61,-48.83,-62.79,-55.12,-50.25,-47.40,-56.99,-57.35,-40.29,-44.87,-49.73,-54.48,2026-07-19 03:17:04+00:00
2026-07-19T03:18:04+00:00,-48.62,-62.13,-64.76,-60.18,-64.67,-46.74,-49.03,-63.73,-55.07,-50.14,-47.58,-57.93,-57.49,-40.01,-45.89,-49.16,-54.46,2026-07-19 03:18:04+00:00
2026-07-19T03:19:04+00:00,-49.04,-62.43,-64.68,-60.12,-62.64,-46.83,-48.84,-63.18,-55.26,-49.90,-47.62,-57.60,-57.35,-39.69,-46.84,-49.13,-58.36,2026-07-19 03:19:04+00:00
2026-07-19T03:20:03+00:00,-48.88,-63.08,-65.35,-60.53,-64.77,-46.66,-48.90,-63.37,-55.30,-49.63,-47.92,-58.58,-57.45,-39.83,-48.35,-49.04,-58.92,2026-07-19 03:20:03+00:00
2026-07-19T03:21:04+00:00,-48.84,-61.66,-62.93,-59.79,-62.81,-46.62,-47.99,-60.51,-55.05,-49.23,-48.39,-58.02,-56.93,-39.97,-50.70,-48.93,-56.71,2026-07-19 03:21:04+00:00
2026-07-19T03:22:04+00:00,-48.96,-62.75,-64.71,-59.91,-63.81,-46.02,-48.85,-61.28,-55.37,-49.09,-48.41,-59.61,-57.46,-40.22,-53.24,-48.80,-57.97,2026-07-19 03:22:04+00:00
2026-07-19T03:23:03+00:00,-48.95,-62.33,-65.35,-60.43,-63.50,-46.22,-44.66,-63.07,-55.30,-48.74,-49.09,-60.45,-57.53,-40.74,-55.81,-48.53,-58.65,2026-07-19 03:23:03+00:00
2026-07-19T03:24:03+00:00,-48.85,-62.19,-64.91,-60.77,-63.77,-46.26,-48.62,-63.37,-55.32,-48.54,-49.73,-60.46,-57.63,-40.89,-57.68,-48.67,-58.56,2026-07-19 03:24:03+00:00
2026-07-19T03:25:04+00:00,-48.93,-62.59,-64.97,-60.29,-63.98,-46.34,-48.59,-63.51,-55.08,-48.15,-49.93,-60.20,-57.20,-40.97,-56.57,-49.10,-59.19,2026-07-19 03:25:04+00:00
2026-07-19T03:26:04+00:00,-48.88,-62.90,-64.93,-60.14,-63.75,-46.36,-48.48,-62.77,-55.08,-48.02,-50.14,-60.21,-57.32,-41.19,-54.74,-48.59,-58.25,2026-07-19 03:26:04+00:00
2026-07-19T03:27:03+00:00,-48.95,-62.41,-65.19,-60.44,-63.65,-46.45,-48.40,-62.71,-55.31,-47.96,-50.59,-59.71,-57.56,-41.34,-54.09,-49.09,-58.50,2026-07-19 03:27:03+00:00
2026-07-19T03:28:03+00:00,-48.93,-63.07,-65.44,-60.80,-63.91,-46.28,-48.36,-63.50,-55.28,-48.05,-50.91,-60.20,-57.54,-41.41,-53.86,-49.13,-58.82,2026-07-19 03:28:03+00:00
2026-07-19T03:29:04+00:00,-48.89,-62.77,-65.78,-60.75,-63.86,-46.08,-48.08,-62.20,-53.86,-47.97,-51.58,-60.36,-58.02,-42.17,-53.48,-49.35,-58.43,2026-07-19 03:29:04+00:00
2026-07-19T03:30:04+00:00,-48.84,-63.03,-66.33,-60.64,-63.99,-46.25,-48.25,-63.47,-54.19,-48.14,-51.84,-60.57,-57.84,-42.44,-53.01,-49.96,-59.09,2026-07-19 03:30:04+00:00
2026-07-19T03:31:05+00:00,-48.93,-61.52,-63.53,-59.40,-63.14,-46.31,-48.02,-61.08,-53.79,-48.13,-52.04,-59.46,-57.40,-42.84,-53.03,-49.96,-53.48,2026-07-19 03:31:05+00:00
2026-07-19T03:32:04+00:00,-47.09,-63.37,-65.68,-60.22,-64.49,-46.29,-47.95,-62.51,-53.24,-47.97,-52.23,-60.85,-57.81,-43.07,-53.18,-50.44,-59.40,2026-07-19 03:32:04+00:00
2026-07-19T03:33:04+00:00,-47.09,-62.35,-64.75,-59.93,-63.99,-46.35,-47.98,-62.47,-52.76,-47.71,-52.41,-60.36,-57.85,-43.17,-53.13,-50.65,-57.50,2026-07-19 03:33:04+00:00
2026-07-19T03:34:03+00:00,-47.34,-62.61,-65.55,-60.06,-63.96,-46.30,-47.28,-62.61,-52.80,-48.06,-52.40,-60.55,-57.82,-43.54,-53.31,-51.25,-59.02,2026-07-19 03:34:03+00:00
2026-07-19T03:35:03+00:00,-48.07,-63.39,-66.26,-60.82,-64.54,-46.46,-47.94,-63.15,-52.82,-47.99,-52.07,-60.31,-58.07,-44.03,-53.24,-51.86,-59.43,2026-07-19 03:35:03+00:00
2026-07-19T03:36:03+00:00,-48.17,-62.40,-65.45,-60.32,-63.55,-46.45,-47.89,-62.88,-52.79,-47.99,-52.52,-60.49,-58.08,-44.51,-52.98,-51.46,-57.89,2026-07-19 03:36:03+00:00
2026-07-19T03:37:03+00:00,-48.09,-63.16,-65.42,-60.29,-63.55,-50.84,-47.90,-62.87,-52.86,-48.01,-52.36,-60.51,-57.88,-44.99,-53.13,-51.68,-59.56,2026-07-19 03:37:03+00:00
2026-07-19T03:38:04+00:00,-47.87,-62.84,-66.24,-60.26,-63.91,-51.01,-47.80,-63.18,-52.92,-48.05,-52.36,-61.11,-58.35,-45.58,-53.05,-51.31,-59.50,2026-07-19 03:38:04+00:00
2026-07-19T03:39:04+00:00,-48.22,-63.59,-66.08,-60.73,-64.52,-50.97,-47.97,-63.08,-52.99,-47.63,-51.66,-61.37,-58.17,-46.13,-53.19,-50.94,-59.38,2026-07-19 03:39:04+00:00
2026-07-19T03:40:04+00:00,-48.23,-63.04,-66.48,-60.47,-63.53,-51.14,-47.92,-63.58,-50.67,-47.54,-51.62,-61.10,-58.38,-46.93,-53.35,-50.74,-59.43,2026-07-19 03:40:04+00:00
2026-07-19T03:41:03+00:00,-47.99,-63.09,-66.34,-60.11,-64.51,-51.16,-47.88,-63.11,-50.67,-47.75,-51.66,-60.86,-58.32,-48.09,-53.57,-50.37,-59.52,2026-07-19 03:41:03+00:00
2026-07-19T03:42:03+00:00,-48.26,-63.13,-65.45,-60.05,-64.08,-51.15,-47.91,-63.31,-50.74,-47.64,-51.94,-60.35,-58.29,-49.30,-53.41,-50.31,-59.30,2026-07-19 03:42:03+00:00
2026-07-19T03:43:04+00:00,-47.46,-63.35,-66.21,-60.08,-63.34,-51.00,-47.81,-62.92,-50.82,-47.65,-51.66,-60.91,-58.56,-50.88,-53.70,-50.02,-59.69,2026-07-19 03:43:04+00:00
2026-07-19T03:44:04+00:00,-47.53,-62.76,-66.49,-60.70,-64.54,-51.20,-47.95,-63.43,-51.25,-47.64,-51.64,-60.81,-58.45,-52.19,-53.69,-50.01,-60.24,2026-07-19 03:44:04+00:00
2026-07-19T03:45:03+00:00,-47.28,-63.01,-65.51,-59.93,-64.46,-50.94,-48.06,-63.12,-51.34,-47.65,-51.55,-60.53,-58.45,-53.81,-53.73,-49.58,-59.60,2026-07-19 03:45:03+00:00
2026-07-19T03:46:03+00:00,-47.32,-63.29,-65.80,-59.97,-63.66,-50.75,-47.51,-62.47,-51.25,-47.50,-51.86,-60.58,-58.13,-55.62,-53.60,-49.36,-59.25,2026-07-19 03:46:03+00:00
2026-07-19T03:47:04+00:00,-49.14,-64.03,-65.75,-59.87,-64.34,-51.04,-47.74,-62.38,-51.68,-47.62,-51.27,-60.71,-58.62,-57.87,-53.62,-49.03,-59.38,2026-07-19 03:47:04+00:00
2026-07-19T03:48:04+00:00,-48.98,-61.58,-65.18,-59.90,-63.53,-51.41,-47.89,-62.30,-52.08,-47.37,-51.40,-60.35,-58.04,-58.10,-53.77,-48.93,-54.41,2026-07-19 03:48:04+00:00
2026-07-19T03:49:03+00:00,-49.09,-63.41,-65.23,-60.05,-63.30,-51.16,-47.81,-63.02,-52.10,-47.38,-51.70,-60.60,-58.66,-58.15,-53.66,-48.83,-58.91,2026-07-19 03:49:03+00:00
2026-07-19T03:50:04+00:00,-49.11,-63.49,-65.32,-60.31,-63.71,-51.08,-47.78,-63.09,-52.13,-47.47,-51.66,-59.99,-58.70,-57.01,-53.89,-48.81,-59.20,2026-07-19 03:50:04+00:00
2026-07-19T03:51:04+00:00,-49.36,-63.50,-65.73,-60.03,-64.32,-51.34,-47.68,-63.49,-52.03,-49.25,-52.08,-60.63,-58.71,-55.12,-53.67,-48.70,-59.54,2026-07-19 03:51:04+00:00
2026-07-19T03:52:03+00:00,-49.36,-63.52,-65.89,-59.87,-63.27,-51.53,-47.72,-63.35,-52.14,-47.36,-52.02,-59.98,-59.05,-53.60,-54.01,-48.70,-59.38,2026-07-19 03:52:03+00:00
2026-07-19T03:53:03+00:00,-49.53,-62.61,-66.13,-60.44,-64.76,-51.46,-47.83,-63.08,-52.13,-47.28,-52.03,-60.01,-58.94,-52.54,-53.46,-48.75,-59.25,2026-07-19 03:53:03+00:00
2026-07-19T03:54:04+00:00,-49.37,-62.87,-65.58,-60.26,-63.14,-51.47,-47.73,-63.37,-52.11,-47.07,-52.09,-60.17,-58.77,-51.61,-53.83,-48.81,-58.63,2026-07-19 03:54:04+00:00
2026-07-19T03:55:04+00:00,-49.36,-63.21,-66.17,-60.27,-63.47,-51.68,-47.71,-63.67,-55.34,-47.17,-51.79,-60.71,-59.13,-50.78,-53.60,-48.68,-59.10,2026-07-19 03:55:04+00:00
2026-07-19T03:56:03+00:00,-49.12,-63.14,-65.43,-60.56,-64.47,-51.71,-47.88,-63.45,-55.16,-47.31,-51.59,-60.04,-59.18,-49.89,-54.01,-48.80,-58.82,2026-07-19 03:56:03+00:00
2026-07-19T03:57:03+00:00,-48.86,-62.86,-65.18,-60.11,-64.46,-51.86,-47.76,-62.91,-54.88,-47.23,-51.46,-60.06,-59.08,-49.20,-53.59,-48.84,-57.42,2026-07-19 03:57:03+00:00
2026-07-19T03:58:04+00:00,-49.03,-63.08,-65.63,-60.10,-63.22,-51.41,-47.00,-63.76,-55.08,-47.06,-51.28,-60.53,-58.73,-48.63,-54.04,-48.42,-58.37,2026-07-19 03:58:04+00:00
2026-07-19T03:59:04+00:00,-49.00,-63.31,-65.13,-59.65,-64.19,-51.72,-47.79,-61.78,-55.01,-46.99,-50.74,-61.11,-59.50,-48.25,-54.38,-48.68,-56.52,2026-07-19 03:59:04+00:00
2026-07-19T04:00:03+00:00,-48.43,-63.13,-65.59,-60.03,-63.99,-51.89,-47.66,-63.30,-55.12,-46.97,-50.58,-60.27,-58.79,-47.89,-54.85,-48.53,-56.82,2026-07-19 04:00:03+00:00
2026-07-19T04:01:03+00:00,-48.81,-63.05,-65.11,-59.76,-63.51,-50.66,-47.58,-62.30,-55.05,-46.99,-50.57,-60.23,-58.75,-47.43,-54.81,-48.78,-57.51,2026-07-19 04:01:03+00:00
2026-07-19T04:02:03+00:00,-47.27,-63.26,-65.98,-59.63,-62.89,-50.57,-47.78,-63.51,-55.44,-47.03,-50.53,-60.58,-59.28,-46.96,-54.49,-48.69,-57.84,2026-07-19 04:02:03+00:00
2026-07-19T04:03:04+00:00,-47.61,-63.18,-65.89,-60.16,-63.18,-47.48,-47.76,-63.67,-55.22,-47.03,-51.01,-60.55,-59.45,-46.97,-54.74,-48.71,-58.45,2026-07-19 04:03:04+00:00
2026-07-19T04:04:04+00:00,-47.20,-63.28,-65.61,-60.05,-63.81,-46.52,-48.00,-63.92,-55.37,-47.02,-50.87,-60.59,-60.05,-46.68,-54.99,-48.86,-59.49,2026-07-19 04:04:04+00:00
2026-07-19T04:05:03+00:00,-47.60,-63.20,-64.82,-60.02,-63.14,-46.85,-47.95,-63.62,-53.28,-47.11,-51.00,-60.81,-59.68,-46.59,-54.81,-49.09,-59.75,2026-07-19 04:05:03+00:00
2026-07-19T04:06:03+00:00,-47.70,-63.52,-66.66,-60.28,-64.27,-46.86,-47.83,-63.48,-55.10,-47.20,-51.37,-60.61,-59.76,-46.64,-55.26,-49.03,-59.81,2026-07-19 04:06:03+00:00
2026-07-19T04:07:04+00:00,-47.55,-62.86,-66.53,-60.06,-63.50,-46.84,-47.82,-63.72,-55.08,-47.02,-51.19,-60.45,-59.85,-46.47,-55.23,-48.76,-59.96,2026-07-19 04:07:04+00:00
2026-07-19T04:08:04+00:00,-47.56,-63.29,-66.83,-60.02,-64.60,-46.66,-47.97,-63.66,-55.16,-47.05,-51.00,-60.46,-59.94,-46.40,-55.36,-48.64,-60.09,2026-07-19 04:08:04+00:00
2026-07-19T04:09:03+00:00,-48.75,-64.58,-69.58,-60.68,-66.64,-46.67,-48.12,-65.95,-55.60,-47.24,-51.15,-61.48,-60.97,-46.34,-55.58,-49.13,-60.48,2026-07-19 04:09:03+00:00
2026-07-19T04:10:04+00:00,-48.55,-64.32,-69.44,-60.77,-66.69,-46.97,-47.92,-65.75,-55.53,-47.28,-51.12,-61.20,-61.01,-46.37,-55.33,-49.37,-58.84,2026-07-19 04:10:04+00:00
2026-07-19T04:11:04+00:00,-48.41,-62.03,-68.21,-60.73,-66.71,-46.84,-48.11,-63.00,-55.38,-47.47,-50.85,-61.58,-60.95,-46.27,-55.72,-49.51,-58.36,2026-07-19 04:11:04+00:00
2026-07-19T04:12:03+00:00,-48.15,-63.24,-69.25,-60.92,-67.43,-46.82,-48.11,-65.50,-55.23,-47.37,-51.44,-61.88,-61.13,-46.29,-55.92,-49.52,-59.95,2026-07-19 04:12:03+00:00
2026-07-19T04:13:03+00:00,-47.97,-63.45,-69.27,-60.68,-66.59,-46.83,-48.48,-65.10,-55.19,-47.33,-51.45,-62.32,-61.16,-46.39,-56.41,-49.36,-58.17,2026-07-19 04:13:03+00:00
2026-07-19T04:14:04+00:00,-48.28,-64.70,-68.70,-60.50,-66.00,-47.20,-48.20,-65.27,-54.01,-47.31,-51.89,-61.73,-61.13,-46.41,-56.19,-49.30,-59.51,2026-07-19 04:14:04+00:00
2026-07-19T04:15:04+00:00,-48.25,-63.83,-69.04,-60.72,-66.25,-47.12,-48.14,-65.20,-53.80,-47.53,-52.05,-61.85,-61.11,-46.49,-56.02,-49.46,-59.29,2026-07-19 04:15:04+00:00
2026-07-19T04:16:03+00:00,-47.63,-63.47,-68.37,-60.88,-66.32,-46.86,-48.18,-63.89,-53.63,-47.52,-52.29,-62.16,-60.90,-46.62,-56.39,-49.50,-58.53,2026-07-19 04:16:03+00:00
2026-07-19T04:17:03+00:00,-46.66,-63.19,-69.19,-60.11,-66.16,-47.21,-47.99,-65.14,-53.04,-47.57,-52.49,-62.12,-61.01,-46.55,-57.02,-49.38,-57.61,2026-07-19 04:17:03+00:00
2026-07-19T04:18:04+00:00,-46.34,-63.60,-69.29,-60.72,-66.45,-46.90,-47.96,-65.61,-52.69,-47.57,-52.72,-62.22,-61.27,-46.72,-56.99,-49.48,-58.63,2026-07-19 04:18:04+00:00
2026-07-19T04:19:03+00:00,-46.89,-64.12,-69.68,-60.76,-66.68,-47.09,-47.90,-65.61,-52.77,-47.53,-52.95,-62.11,-61.08,-46.52,-57.12,-49.30,-59.75,2026-07-19 04:19:03+00:00
2026-07-19T04:20:03+00:00,-46.80,-63.82,-67.87,-60.55,-66.89,-47.18,-47.92,-64.66,-52.65,-47.32,-53.27,-62.24,-60.99,-46.59,-57.11,-49.18,-59.45,2026-07-19 04:20:03+00:00
2026-07-19T04:21:04+00:00,-47.07,-63.90,-69.54,-60.51,-65.69,-47.47,-48.11,-65.43,-52.85,-47.42,-53.37,-62.11,-61.18,-46.71,-56.79,-49.15,-59.91,2026-07-19 04:21:04+00:00
2026-07-19T04:22:04+00:00,-46.95,-63.56,-69.06,-60.86,-65.96,-46.59,-48.13,-65.20,-52.83,-47.56,-53.47,-61.76,-61.31,-46.70,-57.17,-49.35,-60.13,2026-07-19 04:22:04+00:00
2026-07-19T04:23:03+00:00,-46.95,-62.46,-66.38,-60.64,-66.41,-47.02,-48.63,-61.68,-52.77,-47.40,-52.94,-61.00,-60.66,-46.76,-57.19,-49.34,-58.24,2026-07-19 04:23:03+00:00
2026-07-19T04:24:03+00:00,-47.00,-63.03,-69.03,-60.61,-67.03,-47.27,-48.32,-64.49,-52.84,-47.62,-54.16,-61.35,-61.33,-46.79,-57.25,-49.18,-59.47,2026-07-19 04:24:03+00:00
2026-07-19T04:25:04+00:00,-46.70,-62.33,-68.74,-60.64,-66.06,-47.19,-48.61,-64.40,-50.60,-47.81,-54.16,-61.39,-61.07,-46.91,-57.44,-49.18,-60.01,2026-07-19 04:25:04+00:00
2026-07-19T04:26:04+00:00,-46.89,-63.55,-68.97,-60.53,-66.71,-47.20,-48.66,-65.08,-50.64,-47.91,-54.46,-60.89,-61.34,-46.76,-57.45,-49.23,-59.95,2026-07-19 04:26:04+00:00
2026-07-19T04:27:03+00:00,-46.99,-63.23,-67.33,-60.62,-66.36,-47.16,-48.19,-65.01,-50.74,-47.57,-54.24,-60.27,-61.06,-46.78,-57.99,-49.06,-60.02,2026-07-19 04:27:03+00:00
2026-07-19T04:28:03+00:00,-47.23,-63.75,-69.21,-60.74,-67.26,-47.19,-47.35,-64.59,-50.59,-47.50,-54.41,-61.14,-60.83,-46.91,-58.12,-49.12,-59.51,2026-07-19 04:28:03+00:00
2026-07-19T04:29:04+00:00,-47.06,-63.60,-67.64,-60.85,-67.07,-47.12,-48.19,-63.17,-51.11,-47.54,-54.28,-62.16,-61.05,-47.06,-57.48,-49.19,-59.04,2026-07-19 04:29:04+00:00
2026-07-19T04:30:04+00:00,-47.26,-63.43,-69.07,-61.08,-66.78,-47.37,-48.33,-64.92,-51.26,-47.71,-54.39,-62.41,-61.18,-46.69,-57.70,-49.17,-60.52,2026-07-19 04:30:04+00:00
2026-07-19T04:31:04+00:00,-46.97,-63.26,-69.07,-61.00,-66.55,-47.15,-48.69,-64.45,-51.30,-47.86,-54.32,-60.75,-61.04,-46.82,-58.04,-49.29,-60.41,2026-07-19 04:31:04+00:00
2026-07-19T04:32:03+00:00,-48.56,-63.26,-68.69,-60.72,-66.56,-47.27,-47.81,-65.13,-51.64,-47.98,-53.89,-60.12,-60.99,-46.81,-58.13,-49.23,-60.43,2026-07-19 04:32:03+00:00
2026-07-19T04:33:03+00:00,-48.30,-63.37,-68.23,-60.66,-66.45,-47.27,-48.00,-65.30,-51.96,-47.97,-54.19,-59.98,-61.03,-46.88,-58.39,-49.36,-60.08,2026-07-19 04:33:03+00:00
2026-07-19T04:34:04+00:00,-48.41,-63.92,-69.31,-60.98,-66.07,-47.34,-48.47,-65.25,-52.00,-48.06,-54.86,-60.80,-61.23,-46.84,-58.30,-49.42,-60.24,2026-07-19 04:34:04+00:00
2026-07-19T04:35:03+00:00,-48.40,-63.66,-69.03,-61.01,-66.65,-47.39,-47.62,-63.26,-51.90,-48.00,-53.56,-60.86,-60.97,-46.91,-58.35,-49.49,-60.23,2026-07-19 04:35:03+00:00
2026-07-19T04:36:03+00:00,-48.14,-63.44,-68.99,-60.87,-65.89,-47.18,-45.27,-64.95,-52.04,-47.93,-54.27,-59.78,-60.92,-46.97,-58.17,-49.58,-59.57,2026-07-19 04:36:03+00:00
2026-07-19T04:37:03+00:00,-48.20,-64.22,-69.27,-60.91,-66.97,-49.35,-48.22,-65.50,-52.03,-48.00,-54.58,-59.66,-61.04,-47.07,-58.50,-49.44,-59.99,2026-07-19 04:37:03+00:00
2026-07-19T04:38:04+00:00,-48.56,-63.38,-68.19,-60.46,-66.15,-52.67,-48.83,-65.25,-52.12,-48.07,-55.85,-59.71,-61.00,-47.08,-58.47,-49.46,-57.57,2026-07-19 04:38:04+00:00
2026-07-19T04:39:04+00:00,-48.31,-63.75,-68.99,-60.71,-66.03,-52.76,-48.47,-65.54,-52.08,-47.96,-55.85,-59.73,-60.91,-46.80,-57.99,-49.43,-59.87,2026-07-19 04:39:04+00:00
2026-07-19T04:40:03+00:00,-48.35,-64.52,-69.75,-60.96,-66.04,-52.45,-48.39,-65.65,-55.35,-48.13,-55.99,-61.14,-60.89,-46.98,-58.02,-49.45,-59.29,2026-07-19 04:40:03+00:00
2026-07-19T04:41:03+00:00,-48.67,-63.66,-67.33,-61.20,-66.67,-52.44,-47.97,-64.99,-55.29,-48.02,-55.98,-60.38,-60.53,-46.96,-58.18,-49.45,-58.99,2026-07-19 04:41:03+00:00
2026-07-19T04:42:04+00:00,-48.94,-64.06,-69.17,-60.87,-66.53,-52.38,-48.60,-65.48,-55.35,-48.00,-56.33,-60.56,-60.81,-46.76,-58.19,-49.24,-59.52,2026-07-19 04:42:04+00:00
2026-07-19T04:43:04+00:00,-48.50,-63.78,-68.50,-61.12,-66.59,-52.48,-48.23,-64.81,-55.22,-48.23,-56.35,-60.64,-60.75,-46.70,-58.23,-49.22,-59.96,2026-07-19 04:43:04+00:00
2026-07-19T04:44:03+00:00,-48.54,-64.91,-69.02,-61.03,-66.26,-52.49,-48.65,-65.79,-55.23,-48.25,-56.95,-60.89,-60.71,-46.78,-57.96,-49.21,-59.61,2026-07-19 04:44:03+00:00
2026-07-19T04:45:03+00:00,-48.35,-64.73,-68.87,-61.27,-65.84,-52.52,-48.59,-65.83,-55.11,-48.05,-57.10,-61.34,-60.68,-46.70,-58.23,-49.19,-60.11,2026-07-19 04:45:03+00:00
2026-07-19T04:46:04+00:00,-48.86,-65.23,-68.93,-61.09,-65.90,-52.25,-48.89,-65.72,-55.09,-47.78,-57.15,-60.73,-60.77,-46.70,-58.64,-49.28,-59.35,2026-07-19 04:46:04+00:00
2026-07-19T04:47:04+00:00,-48.96,-64.41,-68.83,-61.12,-66.37,-52.12,-49.02,-63.27,-55.24,-48.07,-56.28,-60.86,-60.54,-46.86,-58.72,-49.14,-59.88,2026-07-19 04:47:04+00:00
2026-07-19T04:48:04+00:00,-49.71,-64.23,-68.55,-60.86,-66.44,-52.33,-48.44,-65.41,-55.19,-48.06,-57.66,-60.79,-60.18,-46.86,-58.08,-49.27,-59.58,2026-07-19 04:48:04+00:00
2026-07-19T04:49:04+00:00,-48.87,-63.68,-68.91,-61.02,-65.80,-52.32,-49.26,-65.37,-55.24,-48.24,-58.15,-60.93,-60.49,-46.78,-58.09,-49.30,-56.26,2026-07-19 04:49:04+00:00
2026-07-19T04:50:03+00:00,-49.11,-64.51,-68.96,-60.75,-66.68,-52.27,-48.27,-65.39,-55.25,-48.12,-58.16,-61.13,-60.52,-46.74,-58.61,-49.37,-57.77,2026-07-19 04:50:03+00:00
2026-07-19T04:51:03+00:00,-49.71,-64.39,-67.22,-60.83,-66.70,-52.53,-49.00,-64.87,-55.09,-48.25,-58.32,-60.77,-60.41,-46.93,-57.88,-49.44,-57.37,2026-07-19 04:51:03+00:00
2026-07-19T04:52:04+00:00,-49.76,-64.14,-69.17,-61.25,-66.71,-52.37,-48.39,-65.72,-55.04,-48.31,-58.72,-60.91,-60.03,-46.63,-58.37,-49.66,-53.73,2026-07-19 04:52:04+00:00
2026-07-19T04:53:04+00:00,-49.08,-64.26,-69.08,-60.91,-65.95,-52.33,-48.54,-65.37,-55.06,-48.21,-58.98,-60.71,-60.19,-46.77,-58.68,-49.49,-53.57,2026-07-19 04:53:04+00:00
2026-07-19T04:54:03+00:00,-48.46,-63.38,-68.91,-60.99,-66.44,-52.16,-48.43,-64.81,-54.88,-48.11,-59.25,-60.58,-60.13,-46.79,-58.54,-49.74,-54.34,2026-07-19 04:54:03+00:00
2026-07-19T04:55:03+00:00,-48.32,-64.05,-69.10,-60.78,-66.77,-52.31,-49.20,-65.30,-54.86,-48.21,-59.23,-61.12,-60.01,-46.65,-57.69,-49.85,-53.72,2026-07-19 04:55:03+00:00
2026-07-19T04:56:04+00:00,-49.18,-64.07,-69.48,-61.24,-66.42,-52.30,-49.17,-64.90,-54.84,-48.19,-59.80,-60.77,-60.39,-46.61,-57.64,-49.93,-53.67,2026-07-19 04:56:04+00:00
2026-07-19T04:57:04+00:00,-48.33,-63.24,-69.39,-60.74,-67.49,-52.31,-48.78,-65.30,-55.06,-48.35,-59.98,-60.65,-60.09,-46.45,-58.07,-50.23,-53.79,2026-07-19 04:57:04+00:00
2026-07-19T04:58:03+00:00,-48.84,-64.08,-69.79,-60.79,-65.91,-52.22,-49.18,-65.52,-54.36,-48.34,-60.04,-60.75,-60.09,-46.58,-58.21,-49.98,-53.80,2026-07-19 04:58:03+00:00
2026-07-19T04:59:04+00:00,-48.95,-64.42,-69.39,-61.05,-66.15,-52.12,-48.65,-63.68,-53.88,-48.24,-57.84,-60.55,-60.24,-46.62,-58.02,-50.23,-53.42,2026-07-19 04:59:04+00:00
2026-07-19T05:00:04+00:00,-48.23,-64.34,-68.92,-61.30,-66.16,-52.10,-49.21,-64.97,-53.83,-48.12,-60.35,-60.27,-56.44,-46.60,-58.22,-50.09,-53.42,2026-07-19 05:00:04+00:00
2026-07-19T05:01:04+00:00,-49.98,-64.63,-68.98,-60.72,-65.71,-52.45,-48.33,-65.62,-53.77,-48.23,-60.78,-60.51,-59.60,-46.74,-58.07,-50.35,-53.54,2026-07-19 05:01:04+00:00
2026-07-19T05:02:04+00:00,-47.87,-64.30,-69.23,-61.21,-66.13,-50.89,-48.95,-65.86,-53.11,-48.06,-61.14,-60.72,-60.02,-46.63,-58.25,-50.39,-53.59,2026-07-19 05:02:04+00:00
2026-07-19T05:03:04+00:00,-47.84,-64.82,-69.44,-60.84,-66.56,-50.64,-48.86,-65.60,-52.63,-48.19,-61.45,-60.79,-59.93,-46.55,-53.91,-50.25,-53.72,2026-07-19 05:03:04+00:00
2026-07-19T05:04:03+00:00,-46.79,-64.27,-69.54,-61.48,-66.82,-47.02,-49.15,-65.86,-52.61,-48.40,-61.31,-60.80,-59.96,-46.75,-58.10,-50.41,-53.95,2026-07-19 05:04:03+00:00
2026-07-19T05:05:04+00:00,-46.62,-64.50,-69.57,-60.97,-66.84,-46.96,-49.24,-65.50,-52.52,-48.32,-61.31,-60.58,-59.89,-46.65,-58.39,-50.53,-53.61,2026-07-19 05:05:04+00:00
2026-07-19T05:06:03+00:00,-47.43,-64.40,-69.96,-61.19,-67.01,-47.17,-48.80,-65.82,-52.73,-48.42,-61.14,-61.03,-59.85,-46.59,-58.17,-50.49,-53.59,2026-07-19 05:06:03+00:00
2026-07-19T05:07:04+00:00,-47.66,-63.91,-65.58,-61.04,-65.94,-47.14,-48.87,-64.81,-52.61,-48.13,-60.83,-60.63,-59.57,-46.71,-58.15,-50.58,-54.71,2026-07-19 05:07:04+00:00
2026-07-19T05:08:04+00:00,-47.70,-63.79,-66.44,-61.12,-66.50,-47.23,-48.25,-65.20,-52.62,-48.62,-61.42,-60.45,-59.76,-46.45,-57.65,-50.56,-54.74,2026-07-19 05:08:04+00:00
2026-07-19T05:09:03+00:00,-46.82,-64.98,-69.94,-60.92,-66.29,-47.12,-48.53,-66.14,-52.63,-48.42,-61.69,-60.54,-59.97,-46.39,-58.05,-50.73,-54.36,2026-07-19 05:09:03+00:00
2026-07-19T05:10:03+00:00,-47.56,-64.91,-70.26,-61.17,-65.92,-47.24,-47.88,-65.89,-50.55,-48.58,-61.76,-60.34,-59.80,-46.40,-58.26,-50.73,-54.94,2026-07-19 05:10:03+00:00
2026-07-19T05:11:04+00:00,-47.28,-64.32,-70.04,-61.62,-67.13,-47.36,-47.82,-63.74,-50.61,-48.53,-58.55,-60.33,-59.66,-46.66,-58.42,-50.69,-54.59,2026-07-19 05:11:04+00:00
2026-07-19T05:12:04+00:00,-47.74,-64.37,-69.21,-61.46,-66.57,-47.23,-48.39,-64.84,-50.40,-48.42,-60.46,-60.09,-59.56,-46.24,-58.48,-50.67,-54.45,2026-07-19 05:12:04+00:00
2026-07-19T05:13:03+00:00,-47.18,-64.53,-70.34,-61.69,-66.36,-47.32,-48.39,-65.79,-51.08,-48.50,-61.46,-60.35,-59.66,-46.44,-58.46,-50.57,-54.44,2026-07-19 05:13:03+00:00
2026-07-19T05:14:03+00:00,-47.11,-65.17,-69.85,-61.66,-66.66,-47.23,-48.60,-65.73,-51.11,-48.53,-61.05,-60.05,-59.55,-46.40,-58.58,-50.48,-53.96,2026-07-19 05:14:03+00:00
2026-07-19T05:15:04+00:00,-47.43,-65.00,-69.94,-61.50,-66.68,-47.29,-48.17,-65.36,-51.11,-48.61,-61.08,-60.07,-59.61,-46.30,-58.09,-50.36,-54.61,2026-07-19 05:15:04+00:00
2026-07-19T05:16:04+00:00,-47.60,-63.88,-67.69,-61.10,-66.16,-47.23,-47.96,-65.58,-51.22,-48.62,-60.71,-59.91,-59.49,-46.23,-58.49,-50.17,-53.95,2026-07-19 05:16:04+00:00
2026-07-19T05:17:03+00:00,-48.92,-64.26,-69.30,-61.45,-66.36,-47.41,-47.75,-65.72,-51.63,-48.56,-60.64,-60.04,-59.51,-46.43,-58.07,-50.27,-53.81,2026-07-19 05:17:03+00:00
2026-07-19T05:18:04+00:00,-49.10,-65.19,-69.89,-61.44,-66.54,-47.35,-47.70,-66.05,-51.81,-48.52,-60.69,-59.99,-59.48,-46.16,-58.07,-50.14,-53.92,2026-07-19 05:18:04+00:00
2026-07-19T05:19:04+00:00,-49.45,-64.91,-69.83,-61.77,-66.38,-47.31,-48.39,-65.75,-51.80,-48.60,-60.60,-60.14,-59.56,-46.29,-58.22,-50.00,-54.56,2026-07-19 05:19:04+00:00
2026-07-19T05:20:03+00:00,-49.07,-65.12,-69.25,-61.09,-66.48,-47.48,-48.05,-65.89,-51.89,-48.48,-60.85,-60.02,-59.63,-46.24,-58.17,-49.96,-53.47,2026-07-19 05:20:03+00:00
2026-07-19T05:21:03+00:00,-49.51,-65.17,-69.68,-61.49,-66.56,-47.43,-47.87,-65.50,-51.91,-48.46,-61.01,-60.01,-59.37,-46.42,-58.00,-49.82,-53.25,2026-07-19 05:21:03+00:00
2026-07-19T05:22:04+00:00,-49.45,-64.90,-69.93,-61.83,-67.07,-47.50,-47.91,-65.77,-51.85,-48.48,-60.77,-59.97,-59.28,-46.25,-58.50,-49.61,-54.72,2026-07-19 05:22:04+00:00
2026-07-19T05:23:04+00:00,-49.00,-64.04,-69.89,-61.41,-66.73,-47.32,-47.93,-63.74,-51.86,-48.34,-58.10,-60.01,-59.31,-46.28,-58.20,-49.63,-54.67,2026-07-19 05:23:04+00:00
2026-07-19T05:24:03+00:00,-50.00,-63.35,-69.51,-61.31,-66.70,-47.36,-48.56,-64.74,-51.76,-48.17,-60.95,-59.83,-59.17,-46.31,-58.80,-49.41,-51.94,2026-07-19 05:24:03+00:00
2026-07-19T05:25:03+00:00,-49.89,-63.99,-70.00,-61.41,-66.62,-47.25,-47.43,-65.69,-54.72,-48.42,-61.24,-59.80,-59.16,-46.40,-58.31,-49.35,-53.97,2026-07-19 05:25:03+00:00
2026-07-19T05:26:04+00:00,-49.86,-62.35,-69.96,-61.54,-66.06,-47.41,-47.65,-66.00,-55.19,-48.35,-61.24,-59.88,-59.27,-46.37,-57.94,-49.54,-54.07,2026-07-19 05:26:04+00:00
2026-07-19T05:27:04+00:00,-49.48,-64.43,-69.58,-61.92,-66.60,-50.70,-47.96,-65.41,-55.04,-48.50,-60.41,-59.67,-59.05,-46.37,-58.11,-49.29,-54.00,2026-07-19 05:27:04+00:00
2026-07-19T05:28:03+00:00,-49.69,-64.77,-69.93,-61.44,-66.65,-52.06,-47.78,-65.90,-55.10,-48.22,-60.78,-60.07,-59.16,-46.39,-58.42,-49.36,-53.80,2026-07-19 05:28:03+00:00
2026-07-19T05:29:03+00:00,-49.25,-64.97,-69.42,-61.56,-66.36,-51.92,-48.21,-65.36,-55.11,-48.12,-60.68,-59.95,-59.11,-46.37,-57.99,-49.30,-54.02,2026-07-19 05:29:03+00:00
2026-07-19T05:30:04+00:00,-49.51,-64.19,-69.72,-61.75,-67.54,-52.09,-48.04,-65.58,-55.09,-47.89,-60.82,-59.97,-59.14,-46.34,-58.51,-49.35,-54.01,2026-07-19 05:30:04+00:00
2026-07-19T05:31:04+00:00,-49.11,-65.14,-67.12,-61.53,-66.74,-52.11,-47.49,-65.15,-54.40,-47.82,-60.43,-60.08,-58.68,-46.37,-58.52,-49.28,-53.89,2026-07-19 05:31:04+00:00
2026-07-19T05:32:03+00:00,-49.09,-64.85,-69.88,-61.64,-66.62,-52.05,-48.45,-65.03,-55.10,-47.88,-60.56,-59.82,-59.16,-46.28,-58.02,-49.37,-54.16,2026-07-19 05:32:03+00:00
2026-07-19T05:33:04+00:00,-48.99,-64.36,-69.44,-61.35,-65.95,-52.06,-47.69,-65.64,-54.64,-47.86,-60.71,-59.87,-59.02,-46.34,-57.91,-49.28,-54.06,2026-07-19 05:33:04+00:00
2026-07-19T05:34:04+00:00,-49.38,-65.29,-69.89,-61.65,-66.36,-52.14,-48.15,-65.88,-54.60,-47.87,-60.87,-59.81,-59.07,-46.48,-58.36,-49.17,-54.83,2026-07-19 05:34:04+00:00
2026-07-19T05:35:03+00:00,-49.47,-64.65,-69.76,-61.69,-66.18,-51.84,-47.76,-63.41,-54.46,-47.88,-58.10,-59.70,-58.96,-46.43,-58.28,-49.14,-54.16,2026-07-19 05:35:03+00:00
2026-07-19T05:36:03+00:00,-49.91,-64.49,-69.35,-61.81,-66.26,-52.00,-47.95,-65.80,-54.33,-47.78,-60.83,-58.89,-58.91,-46.28,-58.69,-49.23,-55.14,2026-07-19 05:36:03+00:00
2026-07-19T05:37:04+00:00,-49.49,-64.52,-69.76,-61.53,-67.27,-51.98,-47.88,-65.79,-54.24,-47.64,-60.98,-59.33,-58.90,-46.24,-57.78,-49.20,-55.23,2026-07-19 05:37:04+00:00
2026-07-19T05:38:04+00:00,-49.19,-63.18,-70.05,-61.73,-66.44,-52.06,-48.00,-66.08,-54.20,-47.75,-60.59,-68.85,-58.89,-45.97,-58.58,-49.33,-53.32,2026-07-19 05:38:04+00:00
2026-07-19T05:39:03+00:00,-49.20,-63.52,-68.83,-61.56,-67.43,-52.03,-48.58,-64.24,-54.30,-47.71,-60.56,-68.41,-58.79,-46.44,-58.76,-49.03,-53.37,2026-07-19 05:39:03+00:00
2026-07-19T05:40:03+00:00,-49.26,-64.34,-70.71,-61.75,-67.31,-52.16,-47.43,-65.84,-54.23,-47.83,-60.86,-69.41,-58.74,-46.40,-57.59,-48.92,-53.93,2026-07-19 05:40:03+00:00
2026-07-19T05:41:04+00:00,-49.60,-63.78,-70.54,-61.65,-66.65,-52.05,-48.36,-64.87,-53.81,-47.84,-60.67,-68.02,-58.58,-46.36,-58.27,-48.72,-53.88,2026-07-19 05:41:04+00:00
2026-07-19T05:42:04+00:00,-49.62,-62.97,-71.23,-61.70,-66.47,-52.01,-48.05,-65.91,-54.13,-47.74,-60.80,-68.25,-58.69,-46.22,-57.92,-48.87,-54.04,2026-07-19 05:42:04+00:00
2026-07-19T05:43:03+00:00,-49.50,-63.12,-70.84,-61.60,-67.30,-51.95,-47.88,-65.95,-52.99,-47.83,-60.69,-67.91,-58.68,-46.38,-58.00,-48.58,-54.70,2026-07-19 05:43:03+00:00
2026-07-19T05:44:03+00:00,-49.37,-62.64,-70.11,-61.52,-67.63,-52.07,-48.40,-64.00,-52.96,-48.02,-60.23,-67.12,-58.61,-45.94,-58.39,-48.72,-55.03,2026-07-19 05:44:03+00:00
2026-07-19T05:45:04+00:00,-49.19,-63.41,-70.86,-61.62,-66.59,-52.00,-47.87,-65.36,-53.16,-47.69,-60.71,-69.35,-58.68,-45.96,-58.40,-48.64,-53.88,2026-07-19 05:45:04+00:00
2026-07-19T05:46:04+00:00,-49.07,-64.10,-70.89,-61.68,-66.62,-52.06,-47.63,-65.57,-53.16,-47.70,-60.25,-69.51,-58.54,-46.11,-58.48,-48.66,-55.07,2026-07-19 05:46:04+00:00
2026-07-19T05:47:03+00:00,-47.72,-63.43,-70.88,-61.31,-66.65,-51.32,-48.13,-63.12,-52.08,-47.85,-57.40,-69.43,-58.56,-45.97,-58.43,-48.71,-55.10,2026-07-19 05:47:03+00:00
2026-07-19T05:48:03+00:00,-47.75,-61.39,-70.37,-61.32,-65.60,-52.05,-47.61,-64.29,-51.97,-47.70,-59.47,-68.64,-58.50,-45.99,-58.44,-48.52,-54.49,2026-07-19 05:48:03+00:00
2026-07-19T05:49:04+00:00,-47.65,-63.27,-70.91,-61.19,-66.48,-52.08,-47.66,-64.85,-52.14,-47.83,-59.17,-69.28,-58.66,-46.08,-58.02,-48.42,-54.01,2026-07-19 05:49:04+00:00
2026-07-19T05:50:04+00:00,-47.87,-63.45,-70.74,-61.40,-67.77,-51.85,-48.25,-64.66,-52.19,-47.67,-58.91,-69.18,-58.52,-46.09,-58.21,-48.16,-53.95,2026-07-19 05:50:04+00:00
2026-07-19T05:51:03+00:00,-47.71,-61.87,-70.35,-61.42,-66.36,-52.08,-47.87,-63.87,-52.30,-47.59,-59.09,-68.84,-58.37,-46.08,-58.66,-48.03,-55.10,2026-07-19 05:51:03+00:00
2026-07-19T05:52:03+00:00,-47.55,-61.94,-70.51,-61.35,-66.23,-50.31,-47.55,-64.87,-52.19,-47.61,-58.81,-69.01,-58.43,-46.11,-58.31,-48.13,-55.02,2026-07-19 05:52:03+00:00
2026-07-19T05:53:04+00:00,-47.54,-61.97,-71.00,-61.33,-67.15,-50.61,-47.89,-65.38,-52.18,-47.56,-58.95,-69.27,-58.49,-46.16,-58.14,-47.92,-54.59,2026-07-19 05:53:04+00:00
2026-07-19T05:54:04+00:00,-47.75,-63.05,-71.12,-61.25,-66.99,-49.94,-47.61,-64.92,-50.88,-47.53,-58.71,-69.70,-58.55,-46.38,-58.29,-47.49,-54.95,2026-07-19 05:54:04+00:00
2026-07-19T05:55:03+00:00,-47.32,-62.59,-70.85,-61.45,-66.69,-49.32,-48.24,-64.81,-50.15,-47.42,-58.73,-69.14,-58.28,-46.33,-57.83,-47.48,-54.81,2026-07-19 05:55:03+00:00
2026-07-19T05:56:03+00:00,-47.23,-62.50,-70.84,-61.57,-66.47,-49.51,-47.84,-64.46,-50.15,-47.45,-58.55,-69.28,-58.35,-46.40,-58.23,-47.35,-54.66,2026-07-19 05:56:03+00:00
2026-07-19T05:57:04+00:00,-47.50,-61.37,-70.57,-61.35,-66.39,-49.39,-47.82,-63.71,-50.13,-47.79,-58.22,-69.17,-58.50,-46.51,-58.06,-47.13,-54.84,2026-07-19 05:57:04+00:00
2026-07-19T05:58:04+00:00,-47.36,-61.45,-70.91,-61.49,-66.42,-49.41,-48.27,-64.02,-50.82,-47.62,-58.40,-69.21,-58.24,-46.29,-58.17,-46.81,-55.08,2026-07-19 05:58:04+00:00
2026-07-19T05:59:03+00:00,-47.28,-62.26,-70.58,-61.61,-66.35,-48.95,-46.92,-63.49,-50.76,-47.53,-56.92,-69.07,-57.97,-46.38,-58.25,-46.72,-54.04,2026-07-19 05:59:03+00:00
2026-07-19T06:00:03+00:00,-47.04,-61.35,-70.77,-61.48,-66.60,-49.06,-47.59,-62.52,-50.70,-47.38,-55.69,-69.17,-58.29,-46.55,-58.03,-46.56,-55.23,2026-07-19 06:00:03+00:00
2026-07-19T06:01:03+00:00,-46.96,-61.93,-70.41,-61.36,-66.64,-49.68,-47.85,-64.03,-50.64,-47.49,-57.57,-68.65,-58.37,-46.54,-58.54,-46.69,-53.98,2026-07-19 06:01:03+00:00
2026-07-19T06:02:04+00:00,-48.50,-61.97,-70.71,-61.59,-66.84,-49.67,-47.96,-64.05,-51.33,-47.46,-57.48,-69.08,-58.37,-46.55,-58.31,-46.52,-55.03,2026-07-19 06:02:04+00:00
2026-07-19T06:03:04+00:00,-48.71,-61.43,-70.10,-61.10,-67.22,-49.60,-47.69,-63.12,-51.32,-47.53,-56.96,-66.67,-57.82,-46.47,-58.51,-46.49,-55.12,2026-07-19 06:03:04+00:00
2026-07-19T06:04:03+00:00,-48.39,-62.18,-70.55,-61.26,-65.83,-49.63,-47.80,-63.67,-51.24,-47.61,-57.27,-69.08,-58.22,-46.62,-58.00,-46.16,-54.86,2026-07-19 06:04:03+00:00
2026-07-19T06:05:03+00:00,-48.74,-62.37,-70.78,-61.49,-66.34,-49.88,-47.89,-64.07,-51.24,-47.70,-56.77,-69.41,-58.03,-46.75,-57.93,-46.25,-55.26,2026-07-19 06:05:03+00:00
2026-07-19T06:06:03+00:00,-48.41,-62.63,-70.75,-61.43,-67.15,-50.14,-47.46,-64.35,-51.28,-47.50,-56.70,-69.51,-58.17,-46.71,-58.06,-46.37,-54.88,2026-07-19 06:06:03+00:00
2026-07-19T06:07:03+00:00,-48.74,-61.63,-70.25,-61.47,-66.78,-50.03,-47.08,-62.67,-51.22,-47.53,-56.49,-69.07,-58.08,-46.83,-58.06,-46.28,-54.89,2026-07-19 06:07:03+00:00
2026-07-19T06:08:04+00:00,-49.03,-63.15,-70.75,-61.60,-67.20,-49.83,-47.23,-63.96,-51.31,-47.62,-56.56,-69.51,-58.04,-46.80,-58.11,-46.25,-53.99,2026-07-19 06:08:04+00:00
2026-07-19T06:09:04+00:00,-48.72,-62.41,-70.45,-61.18,-66.60,-49.99,-47.73,-64.27,-54.11,-47.59,-56.45,-69.20,-57.98,-46.87,-57.49,-46.03,-53.98,2026-07-19 06:09:04+00:00
2026-07-19T06:10:03+00:00,-48.80,-62.10,-70.28,-61.62,-67.01,-49.98,-47.39,-63.56,-53.89,-47.50,-56.59,-69.08,-57.95,-46.98,-58.33,-45.83,-54.00,2026-07-19 06:10:03+00:00
2026-07-19T06:11:03+00:00,-48.72,-63.44,-71.02,-61.52,-66.93,-49.87,-46.73,-63.59,-53.88,-47.61,-56.37,-69.57,-57.71,-47.09,-58.31,-45.65,-53.97,2026-07-19 06:11:03+00:00
2026-07-19T06:12:04+00:00,-48.54,-62.63,-70.74,-61.35,-66.70,-49.41,-47.84,-61.78,-53.99,-47.41,-54.81,-69.06,-58.06,-46.79,-57.40,-45.52,-54.89,2026-07-19 06:12:04+00:00
2026-07-19T06:13:04+00:00,-48.46,-62.30,-70.55,-61.06,-66.31,-49.79,-48.05,-64.07,-54.00,-47.55,-56.24,-69.35,-57.94,-46.90,-57.73,-45.34,-54.71,2026-07-19 06:13:04+00:00
2026-07-19T06:14:04+00:00,-48.49,-61.95,-70.64,-61.17,-67.15,-49.61,-47.94,-64.16,-53.89,-47.55,-56.29,-69.16,-57.73,-47.10,-58.04,-45.29,-54.77,2026-07-19 06:14:04+00:00
2026-07-19T06:15:03+00:00,-49.04,-61.71,-70.55,-61.04,-66.21,-49.58,-47.98,-64.28,-53.92,-47.69,-56.06,-69.40,-57.87,-47.12,-57.72,-45.05,-55.15,2026-07-19 06:15:03+00:00
2026-07-19T06:16:04+00:00,-48.97,-61.89,-70.43,-61.18,-66.59,-49.44,-47.79,-63.71,-54.08,-47.44,-55.78,-67.78,-57.83,-47.02,-57.65,-44.88,-54.88,2026-07-19 06:16:04+00:00
2026-07-19T06:17:04+00:00,-49.02,-61.68,-70.80,-61.43,-66.26,-49.05,-48.11,-64.13,-54.17,-47.45,-56.11,-69.52,-57.88,-47.17,-57.84,-44.95,-54.37,2026-07-19 06:17:04+00:00
2026-07-19T06:18:03+00:00,-48.61,-61.53,-70.49,-60.95,-67.41,-49.44,-47.48,-64.13,-54.26,-47.23,-56.26,-69.50,-57.74,-46.96,-57.91,-45.02,-54.89,2026-07-19 06:18:03+00:00
2026-07-19T06:19:03+00:00,-49.04,-61.71,-69.68,-61.20,-66.20,-49.20,-47.24,-64.13,-54.06,-47.22,-56.19,-68.50,-57.81,-47.26,-57.99,-45.09,-54.07,2026-07-19 06:19:03+00:00
2026-07-19T06:20:04+00:00,-48.02,-61.36,-70.62,-61.47,-66.55,-48.92,-47.27,-64.30,-54.12,-47.21,-56.21,-69.35,-57.95,-47.18,-57.95,-44.94,-54.28,2026-07-19 06:20:04+00:00
2026-07-19T06:21:04+00:00,-48.72,-60.67,-65.38,-61.18,-66.29,-49.29,-47.00,-63.40,-53.93,-47.20,-56.10,-65.13,-57.65,-47.44,-58.35,-44.89,-54.10,2026-07-19 06:21:04+00:00
2026-07-19T06:22:03+00:00,-48.87,-61.97,-70.57,-61.45,-66.48,-49.39,-47.45,-62.27,-53.77,-47.19,-56.35,-68.89,-57.85,-47.26,-57.78,-44.85,-55.04,2026-07-19 06:22:03+00:00
2026-07-19T06:23:03+00:00,-48.88,-61.08,-70.43,-61.44,-66.58,-48.95,-47.37,-62.20,-53.43,-46.64,-52.30,-69.18,-57.54,-47.56,-57.46,-44.82,-54.28,2026-07-19 06:23:03+00:00
2026-07-19T06:24:04+00:00,-49.02,-61.19,-70.06,-61.79,-66.94,-51.21,-47.57,-60.70,-53.53,-46.55,-51.34,-68.27,-57.35,-47.45,-57.85,-44.89,-54.04,2026-07-19 06:24:04+00:00
2026-07-19T06:25:04+00:00,-49.29,-60.88,-69.86,-61.72,-66.75,-51.44,-48.09,-61.30,-53.41,-46.45,-51.83,-68.23,-57.30,-47.47,-57.84,-45.02,-54.42,2026-07-19 06:25:04+00:00
2026-07-19T06:26:03+00:00,-48.62,-57.93,-65.90,-61.38,-66.52,-51.47,-47.55,-61.03,-53.42,-46.57,-53.65,-67.42,-57.38,-47.31,-57.42,-45.08,-54.05,2026-07-19 06:26:03+00:00
2026-07-19T06:27:03+00:00,-48.83,-59.89,-70.05,-61.27,-67.16,-51.39,-47.73,-61.74,-53.53,-46.42,-52.59,-68.68,-57.23,-47.36,-57.93,-45.04,-54.95,2026-07-19 06:27:03+00:00
2026-07-19T06:28:04+00:00,-48.85,-59.88,-67.63,-61.50,-65.58,-51.68,-47.62,-61.56,-51.99,-46.54,-52.25,-66.54,-57.06,-47.43,-57.56,-45.16,-54.88,2026-07-19 06:28:04+00:00
2026-07-19T06:29:04+00:00,-49.09,-60.86,-69.93,-61.88,-65.65,-51.66,-48.38,-61.07,-52.30,-46.19,-51.30,-67.94,-57.20,-47.43,-57.50,-45.11,-54.70,2026-07-19 06:29:04+00:00
2026-07-19T06:30:03+00:00,-49.14,-60.12,-69.98,-61.61,-66.22,-51.62,-48.08,-61.75,-52.12,-46.17,-51.10,-68.66,-57.23,-47.33,-57.61,-45.10,-55.21,2026-07-19 06:30:03+00:00
2026-07-19T06:31:03+00:00,-49.41,-61.13,-70.36,-61.38,-66.90,-51.66,-48.06,-61.76,-52.22,-46.13,-51.09,-68.43,-57.23,-47.57,-57.48,-45.25,-54.94,2026-07-19 06:31:03+00:00
2026-07-19T06:32:04+00:00,-47.03,-62.05,-70.09,-61.52,-66.31,-51.82,-48.67,-62.46,-51.32,-46.36,-51.86,-68.68,-57.61,-47.51,-57.89,-44.95,-55.23,2026-07-19 06:32:04+00:00
2026-07-19T06:33:03+00:00,-47.18,-62.40,-69.23,-61.45,-67.02,-51.75,-48.47,-62.84,-51.31,-46.00,-51.76,-68.05,-57.45,-47.53,-57.94,-44.95,-54.88,2026-07-19 06:33:03+00:00
2026-07-19T06:34:03+00:00,-47.22,-62.33,-70.34,-61.26,-67.41,-51.79,-48.23,-62.45,-51.46,-45.71,-52.19,-68.82,-57.50,-47.60,-57.55,-44.95,-54.97,2026-07-19 06:34:03+00:00
2026-07-19T06:35:04+00:00,-46.91,-61.98,-69.85,-61.35,-66.31,-51.79,-48.05,-62.94,-51.35,-45.74,-52.92,-68.36,-57.42,-47.57,-57.63,-44.99,-54.18,2026-07-19 06:35:04+00:00
2026-07-19T06:36:04+00:00,-46.64,-62.26,-70.21,-61.34,-66.28,-49.90,-47.83,-61.48,-51.81,-45.73,-53.19,-68.89,-57.48,-47.81,-57.48,-44.91,-54.90,2026-07-19 06:36:04+00:00
2026-07-19T06:37:04+00:00,-46.33,-63.51,-70.12,-61.45,-66.41,-51.84,-47.75,-64.24,-51.78,-45.99,-54.43,-68.24,-57.48,-47.94,-57.87,-44.92,-55.19,2026-07-19 06:37:04+00:00
2026-07-19T06:38:04+00:00,-46.69,-62.49,-69.98,-61.36,-65.67,-51.57,-47.78,-64.13,-51.63,-45.99,-54.48,-68.93,-57.57,-47.98,-57.49,-44.95,-55.21,2026-07-19 06:38:04+00:00
2026-07-19T06:39:03+00:00,-47.10,-62.97,-69.99,-61.34,-66.02,-51.77,-48.15,-63.76,-49.79,-45.70,-53.63,-68.90,-57.68,-47.82,-57.69,-44.95,-54.13,2026-07-19 06:39:03+00:00
2026-07-19T06:40:03+00:00,-46.94,-62.39,-66.06,-61.18,-67.32,-51.84,-48.04,-63.84,-49.05,-45.41,-53.81,-68.82,-57.50,-48.03,-57.77,-45.04,-54.21,2026-07-19 06:40:03+00:00
2026-07-19T06:41:04+00:00,-46.70,-63.10,-69.90,-61.61,-66.46,-51.61,-48.01,-64.46,-49.83,-45.77,-53.54,-68.84,-57.61,-48.11,-57.51,-45.20,-54.99,2026-07-19 06:41:04+00:00
2026-07-19T06:42:04+00:00,-47.19,-61.85,-70.54,-61.68,-66.85,-51.85,-48.34,-64.14,-49.82,-45.87,-53.51,-69.34,-57.41,-48.19,-57.86,-45.22,-54.96,2026-07-19 06:42:04+00:00
2026-07-19T06:43:03+00:00,-46.75,-61.29,-70.30,-61.32,-66.30,-51.67,-48.28,-64.02,-50.43,-45.69,-53.74,-69.11,-57.24,-48.31,-57.84,-45.11,-54.20,2026-07-19 06:43:03+00:00
2026-07-19T06:44:03+00:00,-46.56,-61.81,-70.59,-61.41,-65.47,-51.79,-48.04,-63.94,-50.44,-45.82,-53.57,-68.96,-57.55,-48.34,-57.78,-45.16,-54.90,2026-07-19 06:44:03+00:00
2026-07-19T06:45:04+00:00,-46.74,-62.70,-69.90,-61.52,-66.22,-51.71,-48.31,-63.43,-50.44,-45.93,-53.50,-69.00,-57.33,-48.41,-58.14,-45.16,-55.10,2026-07-19 06:45:04+00:00
2026-07-19T06:46:04+00:00,-46.47,-61.62,-69.56,-61.46,-65.92,-51.79,-47.94,-63.47,-50.46,-45.78,-53.36,-66.97,-57.47,-48.55,-57.63,-45.08,-55.32,2026-07-19 06:46:04+00:00
2026-07-19T06:47:03+00:00,-48.72,-62.85,-70.15,-61.43,-66.57,-51.80,-47.95,-63.28,-51.08,-45.62,-53.42,-69.13,-57.42,-48.42,-58.08,-44.97,-54.11,2026-07-19 06:47:03+00:00
2026-07-19T06:48:04+00:00,-47.62,-62.92,-68.80,-61.75,-65.73,-51.25,-46.75,-63.14,-51.12,-45.94,-53.52,-68.27,-57.07,-48.54,-57.89,-45.11,-54.98,2026-07-19 06:48:04+00:00
2026-07-19T06:49:04+00:00,-48.59,-61.26,-70.33,-61.78,-67.07,-49.66,-47.97,-61.54,-51.11,-45.64,-52.02,-68.90,-57.39,-48.67,-58.14,-45.14,-55.17,2026-07-19 06:49:04+00:00
2026-07-19T06:50:03+00:00,-48.92,-62.72,-70.03,-61.42,-65.93,-50.14,-48.06,-63.05,-50.91,-45.84,-53.07,-68.95,-57.46,-48.66,-57.93,-45.15,-55.10,2026-07-19 06:50:03+00:00
2026-07-19T06:51:03+00:00,-48.54,-62.57,-69.77,-61.27,-66.42,-48.76,-48.26,-63.33,-51.22,-45.85,-53.08,-68.85,-57.29,-48.90,-57.99,-45.16,-54.79,2026-07-19 06:51:03+00:00
2026-07-19T06:52:04+00:00,-48.24,-62.99,-67.28,-61.17,-67.01,-48.91,-48.04,-63.23,-50.98,-45.56,-52.92,-66.39,-56.51,-48.93,-57.31,-45.17,-55.12,2026-07-19 06:52:04+00:00
2026-07-19T06:53:04+00:00,-48.16,-62.42,-70.23,-61.17,-66.34,-48.72,-47.84,-63.52,-51.17,-45.55,-52.87,-69.12,-57.24,-49.01,-57.62,-45.18,-54.85,2026-07-19 06:53:04+00:00
2026-07-19T06:54:03+00:00,-50.07,-63.60,-69.05,-61.18,-65.97,-48.65,-48.18,-63.39,-53.84,-45.22,-52.59,-67.98,-57.42,-49.12,-57.46,-45.19,-54.22,2026-07-19 06:54:03+00:00
2026-07-19T06:55:03+00:00,-48.95,-64.06,-70.44,-61.41,-66.81,-48.62,-47.81,-63.45,-53.80,-45.35,-53.24,-69.09,-56.64,-49.38,-57.77,-45.27,-54.90,2026-07-19 06:55:03+00:00
2026-07-19T06:56:03+00:00,-49.12,-62.99,-70.22,-61.24,-65.67,-48.97,-47.80,-63.63,-53.79,-45.21,-53.05,-69.08,-55.91,-49.58,-57.66,-45.34,-55.22,2026-07-19 06:56:03+00:00
2026-07-19T06:57:04+00:00,-48.86,-63.19,-70.10,-61.38,-67.68,-48.63,-48.14,-59.88,-53.72,-45.15,-53.21,-69.13,-56.33,-49.70,-57.50,-45.17,-54.23,2026-07-19 06:57:04+00:00
2026-07-19T06:58:04+00:00,-49.79,-63.03,-70.26,-61.34,-66.39,-49.17,-47.94,-51.82,-53.65,-45.35,-53.01,-69.24,-56.30,-49.74,-57.75,-45.26,-55.32,2026-07-19 06:58:04+00:00
2026-07-19T06:59:03+00:00,-50.37,-62.76,-68.27,-61.40,-66.62,-48.81,-47.74,-51.85,-53.59,-45.35,-52.88,-67.27,-56.54,-50.17,-57.53,-45.21,-55.05,2026-07-19 06:59:03+00:00
2026-07-19T07:00:03+00:00,-49.72,-62.69,-70.36,-61.20,-67.65,-48.78,-48.03,-51.95,-53.54,-45.34,-52.85,-68.87,-56.57,-50.10,-57.26,-45.20,-54.28,2026-07-19 07:00:03+00:00
2026-07-19T07:01:04+00:00,-50.16,-62.52,-70.32,-61.28,-66.69,-48.14,-46.75,-51.96,-53.51,-45.31,-53.36,-69.21,-55.98,-50.25,-57.26,-45.22,-55.07,2026-07-19 07:01:04+00:00
2026-07-19T07:02:03+00:00,-50.08,-62.53,-69.96,-61.05,-66.22,-48.71,-48.31,-51.72,-53.96,-45.40,-51.81,-68.24,-56.89,-50.38,-57.50,-45.34,-55.03,2026-07-19 07:02:03+00:00
2026-07-19T07:03:03+00:00,-51.05,-63.08,-68.51,-61.50,-66.47,-48.98,-48.42,-51.99,-53.75,-45.63,-52.18,-68.86,-56.87,-50.65,-57.63,-45.47,-54.99,2026-07-19 07:03:03+00:00
2026-07-19T07:04:04+00:00,-49.84,-62.77,-70.23,-61.24,-66.65,-49.22,-48.31,-51.97,-53.75,-45.40,-53.32,-68.68,-57.03,-50.86,-57.41,-45.41,-54.90,2026-07-19 07:04:04+00:00
2026-07-19T07:05:04+00:00,-49.80,-62.77,-69.93,-61.16,-65.99,-48.94,-47.89,-51.91,-53.52,-45.42,-53.50,-68.65,-56.92,-50.92,-57.54,-45.70,-54.93,2026-07-19 07:05:04+00:00
2026-07-19T07:06:03+00:00,-50.44,-62.77,-70.38,-61.17,-66.75,-49.04,-48.16,-51.83,-53.69,-45.50,-53.65,-68.97,-57.26,-50.59,-57.10,-45.67,-55.04,2026-07-19 07:06:03+00:00
2026-07-19T07:07:04+00:00,-49.80,-63.05,-70.33,-61.57,-66.14,-49.15,-47.74,-51.81,-53.88,-45.30,-53.58,-68.96,-57.23,-50.89,-57.54,-45.58,-55.19,2026-07-19 07:07:04+00:00
2026-07-19T07:08:04+00:00,-49.77,-62.83,-70.43,-61.24,-66.32,-49.17,-48.51,-51.82,-53.65,-45.47,-53.84,-69.15,-57.20,-50.92,-56.99,-45.64,-54.78,2026-07-19 07:08:04+00:00
2026-07-19T07:09:03+00:00,-49.27,-63.24,-69.22,-61.30,-66.04,-49.28,-48.23,-51.89,-53.58,-45.54,-52.60,-67.85,-57.16,-50.88,-57.00,-45.62,-55.00,2026-07-19 07:09:03+00:00
2026-07-19T07:10:03+00:00,-49.30,-63.39,-70.07,-61.48,-66.49,-48.94,-48.06,-51.89,-53.81,-45.49,-53.55,-69.27,-57.23,-51.06,-57.35,-45.67,-54.86,2026-07-19 07:10:03+00:00
2026-07-19T07:11:04+00:00,-49.57,-63.02,-67.55,-61.39,-66.63,-49.13,-48.10,-51.89,-53.66,-45.47,-53.40,-67.13,-57.18,-50.98,-57.22,-45.69,-54.77,2026-07-19 07:11:04+00:00
2026-07-19T07:12:04+00:00,-49.11,-62.96,-70.16,-61.52,-66.18,-49.05,-48.32,-51.84,-53.48,-45.60,-53.54,-68.89,-57.15,-50.95,-56.71,-45.65,-54.71,2026-07-19 07:12:04+00:00
2026-07-19T07:13:03+00:00,-49.12,-63.10,-70.21,-61.61,-66.60,-48.70,-48.08,-51.88,-52.27,-45.81,-52.96,-68.87,-57.27,-51.05,-57.51,-45.60,-54.74,2026-07-19 07:13:03+00:00
2026-07-19T07:14:04+00:00,-47.46,-62.50,-70.11,-61.58,-66.79,-47.55,-47.48,-51.75,-52.33,-45.63,-52.32,-68.37,-57.03,-51.27,-57.23,-45.64,-54.76,2026-07-19 07:14:04+00:00
2026-07-19T07:15:04+00:00,-49.01,-62.44,-70.07,-61.38,-65.62,-49.15,-48.24,-51.83,-52.38,-45.72,-52.92,-67.02,-57.44,-51.49,-56.93,-45.57,-54.76,2026-07-19 07:15:04+00:00
2026-07-19T07:16:04+00:00,-49.23,-61.97,-69.97,-61.11,-66.54,-49.11,-48.11,-51.84,-52.18,-45.86,-52.57,-68.57,-57.35,-51.66,-56.93,-45.77,-54.80,2026-07-19 07:16:04+00:00
2026-07-19T07:17:03+00:00,-48.08,-62.38,-69.62,-61.49,-66.26,-49.09,-47.73,-51.84,-51.49,-45.81,-52.63,-68.86,-57.25,-51.77,-57.29,-45.96,-55.14,2026-07-19 07:17:03+00:00
2026-07-19T07:18:03+00:00,-47.85,-62.45,-68.60,-61.34,-66.59,-49.19,-48.20,-51.83,-51.39,-45.95,-52.70,-68.14,-58.88,-51.94,-56.81,-46.06,-54.64,2026-07-19 07:18:03+00:00
2026-07-19T07:19:04+00:00,-47.94,-63.02,-69.41,-61.39,-66.95,-49.20,-47.72,-51.91,-51.43,-45.94,-52.75,-68.65,-57.29,-52.07,-56.99,-46.16,-55.05,2026-07-19 07:19:04+00:00
2026-07-19T07:20:03+00:00,-47.77,-63.71,-69.56,-61.35,-66.41,-49.16,-48.40,-51.87,-51.42,-45.92,-52.89,-68.71,-57.39,-52.35,-57.26,-46.15,-55.27,2026-07-19 07:20:03+00:00
2026-07-19T07:21:03+00:00,-47.62,-61.80,-69.87,-61.62,-66.17,-49.25,-48.02,-51.86,-51.55,-45.78,-54.62,-68.93,-57.35,-52.57,-57.08,-46.22,-54.71,2026-07-19 07:21:03+00:00
2026-07-19T07:22:04+00:00,-47.86,-63.28,-70.17,-61.83,-65.87,-49.18,-48.01,-51.91,-51.79,-45.60,-54.63,-68.78,-57.34,-52.61,-57.43,-46.30,-54.92,2026-07-19 07:22:04+00:00
2026-07-19T07:23:04+00:00,-47.93,-63.61,-69.34,-61.81,-66.10,-49.21,-47.48,-51.88,-51.66,-45.71,-54.55,-68.25,-57.29,-52.84,-57.33,-46.36,-54.89,2026-07-19 07:23:04+00:00
2026-07-19T07:24:03+00:00,-47.84,-63.79,-70.07,-61.64,-66.52,-50.10,-48.20,-51.93,-49.87,-45.58,-54.39,-68.88,-57.35,-52.97,-56.98,-46.41,-54.83,2026-07-19 07:24:03+00:00
2026-07-19T07:25:03+00:00,-47.89,-63.43,-70.10,-61.67,-66.49,-51.58,-47.61,-51.87,-49.99,-45.55,-54.46,-68.70,-57.27,-53.04,-56.99,-46.39,-55.04,2026-07-19 07:25:03+00:00
2026-07-19T07:26:04+00:00,-47.73,-63.76,-68.83,-61.43,-65.93,-50.08,-46.61,-51.82,-49.97,-45.75,-54.36,-68.10,-56.94,-53.30,-56.87,-46.40,-54.95,2026-07-19 07:26:04+00:00
2026-07-19T07:27:04+00:00,-48.04,-62.42,-69.53,-61.46,-65.96,-51.75,-47.28,-51.84,-50.06,-45.60,-53.46,-66.96,-57.25,-53.47,-56.96,-46.34,-55.07,2026-07-19 07:27:04+00:00
2026-07-19T07:28:04+00:00,-47.97,-62.59,-64.34,-61.26,-67.43,-51.56,-47.63,-51.82,-50.68,-45.41,-54.28,-68.24,-57.25,-53.72,-56.86,-46.56,-54.30,2026-07-19 07:28:04+00:00
2026-07-19T07:29:03+00:00,-48.37,-61.45,-69.23,-61.83,-66.31,-51.75,-47.58,-51.86,-50.58,-45.62,-54.28,-67.40,-57.15,-54.04,-57.05,-46.69,-54.88,2026-07-19 07:29:03+00:00
2026-07-19T07:30:03+00:00,-48.02,-62.05,-69.61,-61.75,-66.17,-51.85,-47.50,-51.91,-50.63,-45.66,-54.27,-68.30,-57.30,-53.93,-56.59,-46.64,-54.82,2026-07-19 07:30:03+00:00
2026-07-19T07:31:03+00:00,-48.64,-61.12,-69.75,-61.50,-66.03,-51.68,-47.68,-51.93,-50.59,-45.47,-54.24,-68.55,-57.42,-54.10,-56.67,-46.57,-54.77,2026-07-19 07:31:03+00:00
2026-07-19T07:32:03+00:00,-50.36,-61.18,-70.10,-61.61,-66.18,-51.70,-47.23,-51.94,-51.16,-45.55,-54.16,-68.54,-57.41,-54.33,-56.89,-46.67,-54.95,2026-07-19 07:32:03+00:00
2026-07-19T07:33:03+00:00,-50.61,-60.86,-69.66,-61.80,-65.70,-51.63,-47.61,-51.93,-51.26,-45.72,-55.26,-68.44,-57.10,-54.27,-57.17,-46.82,-54.97,2026-07-19 07:33:03+00:00
2026-07-19T07:34:04+00:00,-50.68,-60.86,-69.42,-61.68,-66.48,-51.76,-47.37,-51.91,-51.31,-45.73,-56.22,-68.28,-57.20,-54.49,-56.95,-46.70,-54.99,2026-07-19 07:34:04+00:00
2026-07-19T07:35:04+00:00,-50.31,-60.18,-69.41,-61.91,-66.64,-51.77,-47.13,-51.99,-51.08,-46.05,-58.44,-68.78,-57.12,-54.90,-57.05,-46.63,-54.84,2026-07-19 07:35:04+00:00
2026-07-19T07:36:04+00:00,-50.44,-59.53,-69.72,-61.45,-66.18,-51.73,-47.42,-51.98,-51.14,-46.19,-59.83,-68.97,-57.30,-55.27,-56.59,-46.73,-54.85,2026-07-19 07:36:04+00:00
2026-07-19T07:37:04+00:00,-50.10,-58.75,-69.49,-61.73,-66.50,-51.64,-47.47,-52.01,-51.25,-46.03,-57.83,-68.70,-57.39,-55.46,-57.25,-46.73,-54.69,2026-07-19 07:37:04+00:00
2026-07-19T07:38:03+00:00,-50.65,-59.00,-69.29,-61.60,-66.35,-51.51,-47.41,-51.97,-51.15,-45.88,-57.48,-68.54,-57.29,-55.52,-56.77,-46.69,-54.78,2026-07-19 07:38:03+00:00
2026-07-19T07:39:03+00:00,-50.67,-58.97,-69.55,-61.61,-66.50,-50.99,-47.42,-51.67,-53.63,-45.82,-55.18,-68.25,-57.16,-55.96,-57.09,-46.63,-54.84,2026-07-19 07:39:03+00:00
2026-07-19T07:40:04+00:00,-50.22,-57.98,-69.14,-61.70,-66.38,-51.64,-47.54,-51.97,-53.65,-45.85,-57.14,-68.49,-57.15,-56.18,-57.14,-46.52,-54.81,2026-07-19 07:40:04+00:00
2026-07-19T07:41:04+00:00,-50.29,-59.10,-69.60,-61.72,-66.60,-51.75,-47.12,-51.95,-53.81,-45.90,-57.06,-68.40,-57.10,-56.34,-57.34,-46.72,-54.85,2026-07-19 07:41:04+00:00
2026-07-19T07:42:03+00:00,-48.92,-59.04,-69.18,-62.03,-66.56,-51.62,-47.13,-51.92,-53.42,-45.75,-57.15,-67.82,-57.19,-56.68,-57.05,-46.55,-54.72,2026-07-19 07:42:03+00:00
2026-07-19T07:43:03+00:00,-49.94,-58.23,-67.58,-61.44,-65.75,-51.65,-47.22,-51.91,-53.47,-45.80,-57.27,-67.81,-57.28,-56.67,-56.92,-46.59,-54.91,2026-07-19 07:43:03+00:00
2026-07-19T07:44:04+00:00,-48.23,-57.71,-68.36,-61.66,-65.72,-51.50,-47.03,-51.91,-53.28,-45.70,-57.10,-67.91,-57.37,-56.99,-56.71,-46.44,-54.79,2026-07-19 07:44:04+00:00
2026-07-19T07:45:04+00:00,-47.71,-57.97,-69.47,-61.66,-66.54,-51.67,-47.01,-51.97,-53.45,-45.91,-56.79,-68.62,-57.24,-57.37,-56.65,-46.50,-55.06,2026-07-19 07:45:04+00:00
2026-07-19T07:46:03+00:00,-47.51,-58.34,-69.38,-61.68,-66.22,-51.62,-46.94,-51.94,-53.75,-45.76,-58.18,-68.71,-57.18,-57.72,-57.03,-46.37,-54.89,2026-07-19 07:46:03+00:00
2026-07-19T07:47:03+00:00,-47.88,-58.13,-69.82,-61.92,-66.86,-51.69,-47.33,-51.92,-53.70,-45.83,-57.95,-68.60,-57.09,-57.70,-56.83,-46.29,-54.93,2026-07-19 07:47:03+00:00
2026-07-19T07:48:04+00:00,-47.77,-58.98,-69.59,-61.75,-65.95,-51.61,-47.46,-51.93,-53.63,-45.67,-56.40,-68.56,-57.32,-57.91,-57.20,-46.33,-54.80,2026-07-19 07:48:04+00:00
2026-07-19T07:49:04+00:00,-48.11,-59.07,-69.34,-61.66,-66.96,-50.25,-46.85,-51.95,-53.82,-45.48,-56.22,-67.21,-57.18,-58.16,-56.96,-46.29,-54.04,2026-07-19 07:49:04+00:00
2026-07-19T07:50:03+00:00,-47.86,-58.82,-69.59,-61.81,-67.05,-50.11,-46.87,-51.90,-53.87,-45.60,-56.30,-67.52,-57.28,-58.47,-56.78,-46.16,-54.00,2026-07-19 07:50:03+00:00
2026-07-19T07:51:03+00:00,-47.64,-59.33,-69.28,-62.04,-66.43,-46.09,-47.74,-51.96,-53.46,-45.75,-57.38,-66.85,-56.83,-58.69,-57.12,-46.34,-54.02,2026-07-19 07:51:03+00:00
2026-07-19T07:52:04+00:00,-47.32,-58.52,-69.08,-61.55,-66.71,-45.33,-47.80,-51.53,-53.44,-45.65,-55.06,-67.69,-56.98,-58.76,-56.88,-46.07,-54.89,2026-07-19 07:52:04+00:00
2026-07-19T07:53:04+00:00,-46.97,-58.86,-68.45,-61.95,-67.16,-45.83,-47.25,-52.00,-53.68,-45.56,-57.73,-67.11,-56.99,-59.12,-55.97,-46.15,-54.00,2026-07-19 07:53:04+00:00
2026-07-19T07:54:03+00:00,-47.51,-59.60,-69.28,-61.78,-66.96,-45.55,-47.73,-51.96,-53.65,-45.74,-57.95,-67.47,-57.05,-58.97,-57.20,-45.98,-54.12,2026-07-19 07:54:03+00:00
2026-07-19T07:55:04+00:00,-47.93,-59.59,-69.19,-61.67,-65.89,-45.58,-47.12,-51.91,-53.55,-45.58,-56.53,-66.66,-56.81,-59.07,-57.48,-46.03,-54.14,2026-07-19 07:55:04+00:00
2026-07-19T07:56:04+00:00,-48.26,-58.96,-69.26,-61.80,-66.79,-45.61,-47.38,-51.95,-53.92,-45.50,-57.78,-65.26,-56.99,-59.11,-56.67,-46.05,-54.25,2026-07-19 07:56:04+00:00
2026-07-19T07:57:04+00:00,-47.83,-60.49,-68.86,-61.31,-66.08,-45.78,-47.60,-51.99,-53.76,-45.50,-55.14,-62.83,-56.82,-59.39,-56.92,-45.87,-55.00,2026-07-19 07:57:04+00:00
2026-07-19T07:58:03+00:00,-48.82,-59.20,-68.74,-61.34,-66.76,-45.51,-47.56,-51.97,-52.64,-45.70,-57.51,-60.99,-56.85,-59.29,-56.65,-46.03,-55.10,2026-07-19 07:58:03+00:00
2026-07-19T07:59:03+00:00,-48.17,-59.55,-68.21,-61.31,-65.96,-45.62,-47.20,-52.03,-52.58,-45.53,-57.61,-60.26,-56.78,-59.35,-57.05,-45.90,-53.50,2026-07-19 07:59:03+00:00
2026-07-19T08:00:04+00:00,-47.76,-59.06,-68.52,-61.60,-66.87,-45.73,-47.10,-51.98,-52.54,-45.49,-57.50,-61.67,-56.89,-59.46,-56.74,-45.83,-54.22,2026-07-19 08:00:04+00:00
2026-07-19T08:01:04+00:00,-47.88,-58.71,-68.93,-61.52,-66.60,-45.86,-47.30,-52.00,-52.33,-45.51,-57.64,-63.78,-56.87,-60.15,-56.43,-45.81,-60.05,2026-07-19 08:01:04+00:00
2026-07-19T08:02:03+00:00,-48.40,-59.00,-68.54,-61.77,-65.87,-45.92,-47.47,-52.04,-51.95,-45.54,-57.67,-64.42,-56.75,-59.86,-56.96,-45.89,-59.81,2026-07-19 08:02:03+00:00
2026-07-19T08:03:03+00:00,-48.82,-58.71,-68.36,-61.71,-66.69,-45.93,-47.72,-52.09,-52.01,-45.61,-57.73,-64.27,-57.03,-60.57,-56.61,-45.91,-59.77,2026-07-19 08:03:03+00:00
2026-07-19T08:04:04+00:00,-49.00,-58.50,-68.00,-61.91,-66.27,-46.18,-47.71,-52.07,-52.00,-45.58,-57.54,-61.55,-57.09,-60.76,-56.77,-45.78,-54.66,2026-07-19 08:04:04+00:00
2026-07-19T08:05:03+00:00,-47.82,-58.24,-67.83,-61.70,-66.70,-46.10,-47.70,-51.58,-51.84,-45.52,-54.72,-60.52,-56.99,-60.86,-56.55,-45.77,-59.60,2026-07-19 08:05:03+00:00
2026-07-19T08:06:04+00:00,-47.83,-58.24,-67.80,-62.20,-67.04,-46.23,-47.38,-52.03,-51.79,-45.46,-57.31,-59.88,-56.99,-61.24,-56.80,-45.47,-60.07,2026-07-19 08:06:04+00:00
2026-07-19T08:07:04+00:00,-48.00,-57.25,-67.83,-61.87,-65.52,-46.19,-47.39,-52.00,-51.82,-45.41,-57.27,-60.65,-57.13,-61.11,-56.63,-45.69,-57.11,2026-07-19 08:07:04+00:00
2026-07-19T08:08:03+00:00,-48.02,-57.89,-68.26,-61.96,-66.87,-46.48,-47.57,-52.08,-51.78,-45.39,-57.26,-60.67,-57.23,-61.50,-56.48,-45.88,-60.18,2026-07-19 08:08:03+00:00
2026-07-19T08:09:03+00:00,-48.15,-58.06,-68.36,-61.74,-66.31,-46.37,-47.50,-52.04,-50.30,-45.31,-57.33,-60.03,-57.06,-62.15,-56.09,-45.83,-59.65,2026-07-19 08:09:03+00:00
2026-07-19T08:10:04+00:00,-47.97,-58.42,-68.84,-61.69,-66.27,-46.40,-47.23,-52.11,-50.35,-45.42,-56.98,-59.90,-57.01,-62.17,-56.89,-45.68,-60.34,2026-07-19 08:10:04+00:00
2026-07-19T08:11:04+00:00,-48.96,-58.82,-69.00,-61.83,-66.95,-46.27,-47.60,-52.03,-50.25,-45.41,-57.06,-59.94,-56.98,-62.68,-56.84,-45.56,-57.92,2026-07-19 08:11:04+00:00
2026-07-19T08:12:03+00:00,-49.25,-58.46,-68.93,-61.84,-65.81,-46.28,-47.96,-52.00,-50.27,-45.21,-56.96,-59.78,-56.81,-62.78,-56.52,-45.76,-60.99,2026-07-19 08:12:03+00:00
2026-07-19T08:13:04+00:00,-49.58,-57.25,-68.99,-62.01,-66.38,-46.31,-47.29,-52.10,-50.55,-45.25,-56.99,-60.04,-57.04,-62.61,-56.89,-45.80,-60.89,2026-07-19 08:13:04+00:00
2026-07-19T08:14:04+00:00,-49.65,-56.32,-68.77,-61.31,-66.29,-51.59,-47.92,-52.11,-50.83,-45.32,-56.79,-59.79,-56.73,-63.22,-56.87,-45.91,-58.52,2026-07-19 08:14:04+00:00
2026-07-19T08:15:03+00:00,-49.91,-56.47,-68.75,-62.05,-66.58,-51.76,-47.83,-52.02,-50.61,-45.34,-56.81,-59.26,-56.81,-63.82,-57.23,-45.89,-61.13,2026-07-19 08:15:03+00:00
2026-07-19T08:16:03+00:00,-49.83,-56.28,-69.41,-61.83,-65.91,-51.53,-47.42,-52.03,-50.67,-45.31,-56.72,-59.27,-57.02,-64.06,-57.14,-45.96,-60.92,2026-07-19 08:16:03+00:00
2026-07-19T08:17:04+00:00,-50.12,-56.42,-69.16,-61.31,-66.44,-49.42,-46.65,-51.86,-51.03,-45.22,-56.77,-59.26,-56.26,-64.59,-56.59,-46.08,-61.26,2026-07-19 08:17:04+00:00
2026-07-19T08:18:04+00:00,-50.63,-56.31,-68.51,-61.57,-66.56,-51.45,-47.16,-52.01,-51.27,-45.31,-54.85,-59.13,-59.14,-64.25,-56.33,-46.01,-60.49,2026-07-19 08:18:04+00:00
2026-07-19T08:19:03+00:00,-50.74,-56.09,-68.73,-61.52,-65.82,-51.39,-47.92,-52.00,-51.18,-45.32,-56.81,-59.16,-57.04,-64.45,-56.75,-46.08,-60.39,2026-07-19 08:19:03+00:00
2026-07-19T08:20:03+00:00,-50.69,-55.66,-68.87,-61.52,-66.47,-51.58,-47.96,-52.09,-51.22,-45.44,-56.83,-59.23,-56.84,-64.36,-56.73,-46.18,-60.32,2026-07-19 08:20:03+00:00
2026-07-19T08:21:04+00:00,-50.73,-56.14,-68.84,-61.35,-66.92,-51.50,-48.19,-51.95,-50.97,-45.42,-56.51,-59.40,-56.72,-64.51,-56.78,-46.28,-60.03,2026-07-19 08:21:04+00:00
2026-07-19T08:22:04+00:00,-50.92,-55.87,-68.36,-61.57,-66.81,-51.47,-47.12,-52.07,-51.11,-45.54,-56.55,-59.41,-56.70,-64.34,-56.84,-46.35,-58.52,2026-07-19 08:22:04+00:00
2026-07-19T08:23:03+00:00,-50.47,-55.98,-68.82,-61.70,-67.03,-51.42,-47.78,-51.52,-51.26,-45.75,-56.64,-59.78,-56.81,-64.45,-56.57,-46.52,-59.84,2026-07-19 08:23:03+00:00
2026-07-19T08:24:03+00:00,-50.91,-56.10,-68.94,-61.18,-66.81,-51.58,-47.87,-51.48,-53.67,-45.74,-56.81,-60.00,-56.80,-64.29,-56.92,-46.72,-59.87,2026-07-19 08:24:03+00:00
2026-07-19T08:25:04+00:00,-47.83,-55.87,-69.39,-61.82,-66.77,-51.47,-47.85,-51.54,-53.59,-45.66,-55.42,-60.22,-56.67,-64.37,-56.74,-46.69,-60.02,2026-07-19 08:25:04+00:00
2026-07-19T08:26:04+00:00,-50.61,-55.58,-68.94,-61.45,-66.80,-51.42,-47.87,-51.51,-53.51,-45.66,-56.51,-60.39,-56.73,-64.56,-56.83,-46.81,-58.36,2026-07-19 08:26:04+00:00
2026-07-19T08:27:03+00:00,-50.28,-55.58,-69.18,-61.44,-66.95,-51.35,-47.54,-51.48,-53.89,-45.82,-56.53,-60.63,-56.76,-64.42,-56.59,-46.93,-57.54,2026-07-19 08:27:03+00:00
2026-07-19T08:28:03+00:00,-50.63,-55.55,-69.14,-61.72,-66.15,-51.50,-47.51,-51.55,-53.80,-45.80,-56.40,-60.72,-56.86,-64.23,-56.58,-47.03,-60.25,2026-07-19 08:28:03+00:00
2026-07-19T08:29:04+00:00,-50.28,-55.64,-68.83,-61.86,-66.41,-51.50,-48.06,-51.55,-53.67,-45.65,-56.69,-60.66,-56.98,-64.21,-56.29,-47.02,-57.68,2026-07-19 08:29:04+00:00
2026-07-19T08:30:04+00:00,-48.79,-55.76,-68.12,-61.54,-67.30,-51.47,-47.05,-51.55,-53.67,-45.72,-56.65,-60.68,-56.83,-63.78,-56.58,-47.08,-59.16,2026-07-19 08:30:04+00:00
2026-07-19T08:31:04+00:00,-48.58,-55.58,-68.71,-61.57,-66.12,-50.02,-47.74,-50.98,-53.84,-45.73,-53.52,-60.91,-56.82,-63.50,-56.95,-47.17,-57.17,2026-07-19 08:31:04+00:00
2026-07-19T08:32:04+00:00,-48.87,-55.64,-68.64,-61.52,-66.63,-51.49,-48.16,-51.49,-53.48,-45.58,-56.38,-60.86,-56.85,-63.21,-56.38,-47.08,-60.25,2026-07-19 08:32:04+00:00
2026-07-19T08:33:04+00:00,-49.95,-55.62,-68.60,-61.46,-66.41,-51.51,-47.74,-51.58,-53.97,-45.78,-56.53,-61.23,-56.95,-63.48,-57.02,-47.02,-60.38,2026-07-19 08:33:04+00:00
2026-07-19T08:34:03+00:00,-49.00,-55.43,-68.70,-61.51,-65.38,-51.25,-47.80,-51.52,-53.61,-45.71,-56.53,-61.94,-56.96,-63.22,-56.37,-47.00,-60.22,2026-07-19 08:34:03+00:00
2026-07-19T08:35:03+00:00,-48.95,-55.40,-68.48,-61.63,-65.74,-51.54,-47.99,-51.59,-53.59,-45.68,-56.58,-62.53,-56.75,-62.65,-56.53,-47.16,-60.39,2026-07-19 08:35:03+00:00
2026-07-19T08:36:04+00:00,-48.83,-55.81,-68.35,-61.95,-66.76,-51.62,-47.95,-51.58,-53.53,-45.82,-56.69,-62.53,-56.96,-62.29,-56.55,-47.30,-59.94,2026-07-19 08:36:04+00:00
2026-07-19T08:37:04+00:00,-48.61,-55.68,-67.83,-61.48,-66.08,-51.39,-47.65,-51.53,-53.91,-45.72,-56.56,-62.85,-56.90,-62.55,-56.26,-47.22,-59.98,2026-07-19 08:37:04+00:00
2026-07-19T08:38:04+00:00,-48.74,-56.00,-67.67,-61.44,-66.27,-51.40,-47.20,-51.58,-54.93,-45.53,-56.52,-62.95,-57.00,-62.09,-56.16,-47.24,-60.36,2026-07-19 08:38:04+00:00
2026-07-19T08:39:03+00:00,-48.71,-55.96,-67.95,-61.65,-65.73,-51.43,-47.20,-51.65,-52.68,-45.66,-56.78,-63.26,-57.04,-62.29,-56.39,-47.34,-60.07,2026-07-19 08:39:03+00:00
2026-07-19T08:40:03+00:00,-48.61,-55.65,-67.67,-61.83,-66.93,-51.37,-47.00,-51.60,-54.34,-45.68,-56.51,-63.12,-57.06,-61.94,-56.00,-47.45,-60.09,2026-07-19 08:40:03+00:00
2026-07-19T08:41:04+00:00,-48.87,-55.96,-68.31,-61.84,-66.30,-51.57,-47.74,-51.62,-54.15,-45.74,-56.74,-63.23,-58.47,-61.52,-55.73,-47.40,-59.81,2026-07-19 08:41:04+00:00
2026-07-19T08:42:04+00:00,-48.54,-55.97,-68.35,-61.71,-66.57,-51.40,-47.86,-51.66,-53.94,-45.68,-56.59,-63.12,-56.93,-61.47,-56.16,-47.61,-60.28,2026-07-19 08:42:04+00:00
2026-07-19T08:43:03+00:00,-48.48,-55.63,-68.23,-61.84,-66.63,-51.46,-47.78,-51.68,-53.48,-45.61,-56.77,-63.01,-56.98,-61.12,-56.15,-47.37,-60.21,2026-07-19 08:43:03+00:00
2026-07-19T08:44:03+00:00,-48.87,-55.69,-67.77,-61.79,-66.81,-51.52,-47.50,-51.63,-53.01,-45.60,-56.67,-62.56,-60.85,-61.44,-55.96,-47.48,-59.61,2026-07-19 08:44:03+00:00
2026-07-19T08:45:04+00:00,-49.72,-55.48,-68.44,-61.44,-66.63,-51.31,-47.47,-51.61,-53.47,-45.63,-56.66,-62.20,-57.02,-61.26,-56.16,-47.49,-59.01,2026-07-19 08:45:04+00:00
2026-07-19T08:46:04+00:00,-49.22,-55.32,-68.83,-61.47,-66.20,-51.29,-47.36,-51.63,-53.07,-45.61,-56.56,-60.79,-56.97,-61.29,-56.30,-47.72,-58.89,2026-07-19 08:46:04+00:00
2026-07-19T08:47:03+00:00,-49.82,-55.51,-68.22,-61.23,-66.11,-51.50,-47.85,-51.58,-52.59,-45.70,-56.62,-60.25,-56.81,-60.92,-55.68,-47.67,-59.23,2026-07-19 08:47:03+00:00
2026-07-19T08:48:04+00:00,-50.13,-55.79,-67.92,-61.24,-66.31,-51.42,-47.51,-51.58,-52.71,-45.70,-56.60,-61.31,-56.94,-60.85,-56.21,-47.72,-59.52,2026-07-19 08:48:04+00:00
2026-07-19T08:49:04+00:00,-50.11,-55.62,-68.02,-61.60,-65.98,-51.46,-47.46,-51.57,-52.75,-45.65,-56.64,-63.03,-57.02,-60.91,-55.75,-47.88,-59.12,2026-07-19 08:49:04+00:00
2026-07-19T08:50:04+00:00,-49.55,-55.75,-68.54,-61.55,-66.03,-51.50,-47.75,-51.60,-52.81,-45.55,-54.92,-62.64,-57.17,-60.51,-56.46,-48.02,-59.28,2026-07-19 08:50:04+00:00
2026-07-19T08:51:03+00:00,-49.86,-56.33,-68.88,-61.58,-66.49,-51.42,-47.16,-51.59,-52.57,-45.63,-56.86,-61.43,-57.20,-60.41,-55.62,-48.08,-58.98,2026-07-19 08:51:03+00:00
2026-07-19T08:52:04+00:00,-49.82,-56.19,-68.20,-61.29,-66.86,-51.57,-47.26,-51.66,-52.71,-45.65,-57.07,-61.24,-57.09,-60.08,-55.62,-48.15,-59.45,2026-07-19 08:52:04+00:00
2026-07-19T08:53:04+00:00,-49.91,-56.25,-68.18,-61.40,-66.69,-49.94,-47.46,-51.67,-52.33,-45.65,-56.77,-61.32,-57.22,-59.73,-55.76,-48.22,-59.55,2026-07-19 08:53:04+00:00
2026-07-19T08:54:03+00:00,-50.05,-56.18,-68.36,-61.70,-66.48,-49.97,-47.04,-51.64,-50.57,-45.65,-56.85,-61.17,-57.38,-59.82,-55.58,-48.22,-59.00,2026-07-19 08:54:03+00:00
2026-07-19T08:55:03+00:00,-49.62,-56.14,-68.28,-61.67,-66.34,-48.50,-47.11,-51.67,-50.79,-45.70,-56.79,-61.15,-57.21,-59.71,-55.72,-48.35,-59.31,2026-07-19 08:55:03+00:00
2026-07-19T08:56:04+00:00,-49.56,-56.22,-68.53,-61.41,-66.88,-48.59,-47.00,-51.63,-50.72,-45.84,-56.68,-61.28,-57.10,-59.19,-55.38,-48.34,-59.01,2026-07-19 08:56:04+00:00
2026-07-19T08:57:04+00:00,-49.74,-56.43,-68.56,-61.32,-65.87,-48.61,-47.34,-51.61,-50.72,-45.64,-56.66,-61.26,-56.90,-59.16,-55.56,-48.46,-58.85,2026-07-19 08:57:04+00:00
2026-07-19T08:58:03+00:00,-50.27,-56.00,-68.40,-61.59,-65.90,-48.36,-46.83,-51.70,-51.20,-45.75,-56.90,-61.29,-57.23,-59.21,-55.22,-48.64,-59.13,2026-07-19 08:58:03+00:00
2026-07-19T08:59:03+00:00,-50.38,-56.55,-68.69,-61.84,-66.73,-48.60,-47.29,-51.61,-51.32,-45.64,-56.79,-61.42,-57.26,-58.60,-55.04,-48.57,-59.43,2026-07-19 08:59:03+00:00
2026-07-19T09:00:04+00:00,-50.33,-56.29,-68.49,-61.51,-67.55,-48.34,-47.05,-51.64,-51.23,-45.73,-56.71,-61.32,-57.19,-58.44,-55.62,-48.68,-59.36,2026-07-19 09:00:04+00:00
2026-07-19T09:01:04+00:00,-50.18,-55.98,-68.43,-61.47,-66.38,-48.48,-47.43,-51.62,-51.33,-45.77,-56.93,-61.21,-57.07,-58.18,-55.75,-48.44,-59.72,2026-07-19 09:01:04+00:00
2026-07-19T09:02:04+00:00,-50.13,-55.71,-68.57,-61.63,-67.02,-48.45,-47.11,-51.63,-51.62,-45.64,-56.52,-61.33,-57.19,-57.78,-55.49,-48.50,-59.52,2026-07-19 09:02:04+00:00
2026-07-19T09:03:04+00:00,-48.97,-56.06,-68.50,-61.35,-67.47,-48.63,-47.13,-51.65,-51.45,-45.75,-56.75,-61.52,-57.10,-57.65,-55.76,-48.41,-59.82,2026-07-19 09:03:04+00:00
2026-07-19T09:04:03+00:00,-50.21,-56.10,-68.65,-61.85,-65.88,-48.57,-47.45,-51.64,-51.62,-45.62,-56.75,-61.27,-57.01,-57.31,-55.47,-48.45,-59.49,2026-07-19 09:04:03+00:00
2026-07-19T09:05:03+00:00,-48.94,-56.23,-68.61,-61.47,-66.49,-48.52,-47.08,-51.61,-51.74,-45.89,-56.67,-61.44,-57.11,-56.92,-55.78,-48.40,-57.87,2026-07-19 09:05:03+00:00
2026-07-19T09:06:03+00:00,-48.99,-56.63,-68.81,-61.49,-66.57,-48.41,-47.20,-51.63,-51.82,-45.84,-56.58,-61.39,-57.13,-56.85,-55.38,-48.35,-58.45,2026-07-19 09:06:03+00:00
2026-07-19T09:07:03+00:00,-48.94,-56.85,-68.69,-61.69,-66.70,-48.81,-47.20,-51.70,-51.73,-45.91,-56.53,-61.35,-57.11,-56.64,-55.61,-48.54,-57.20,2026-07-19 09:07:03+00:00
2026-07-19T09:08:04+00:00,-48.64,-56.50,-68.80,-61.74,-66.44,-48.47,-47.35,-51.60,-53.13,-45.70,-56.48,-61.75,-56.92,-56.52,-55.63,-48.48,-58.17,2026-07-19 09:08:04+00:00
2026-07-19T09:09:04+00:00,-48.96,-56.72,-68.74,-61.78,-66.77,-48.57,-46.96,-51.64,-54.39,-45.80,-56.46,-61.76,-56.88,-56.39,-55.28,-48.38,-59.25,2026-07-19 09:09:04+00:00
2026-07-19T09:10:03+00:00,-49.09,-57.06,-68.58,-61.68,-66.43,-48.57,-47.05,-51.67,-54.47,-45.88,-56.61,-61.80,-56.82,-56.25,-55.75,-48.22,-59.32,2026-07-19 09:10:03+00:00
2026-07-19T09:11:03+00:00,-49.24,-56.83,-68.63,-61.59,-66.02,-48.31,-47.42,-51.64,-54.20,-45.73,-56.65,-61.81,-59.21,-56.28,-55.65,-48.22,-59.01,2026-07-19 09:11:03+00:00
2026-07-19T09:12:04+00:00,-49.17,-57.06,-68.70,-62.18,-66.05,-48.37,-47.44,-51.65,-54.12,-45.86,-56.60,-62.10,-56.67,-56.25,-55.69,-48.19,-58.80,2026-07-19 09:12:04+00:00
2026-07-19T09:13:04+00:00,-49.51,-57.10,-67.91,-61.60,-66.34,-48.54,-47.64,-51.61,-54.25,-45.97,-56.81,-61.75,-56.76,-56.10,-55.39,-48.13,-59.08,2026-07-19 09:13:04+00:00
2026-07-19T09:14:03+00:00,-50.00,-57.67,-68.43,-61.84,-65.76,-48.35,-47.21,-51.58,-54.08,-45.65,-55.92,-61.90,-56.85,-56.05,-55.42,-48.00,-59.51,2026-07-19 09:14:03+00:00
2026-07-19T09:15:04+00:00,-49.79,-57.95,-68.51,-61.91,-66.45,-48.32,-47.40,-51.66,-54.20,-45.58,-55.86,-61.87,-57.14,-56.05,-55.31,-47.89,-59.20,2026-07-19 09:15:04+00:00
2026-07-19T09:16:04+00:00,-50.23,-57.84,-68.60,-61.70,-66.06,-48.48,-46.93,-51.76,-54.51,-45.56,-56.01,-61.82,-56.86,-55.96,-55.35,-47.80,-59.08,2026-07-19 09:16:04+00:00
2026-07-19T09:17:03+00:00,-49.51,-57.17,-68.65,-61.87,-65.77,-48.60,-47.11,-51.64,-54.57,-45.65,-55.90,-61.94,-57.05,-55.86,-55.37,-47.67,-58.72,2026-07-19 09:17:03+00:00
2026-07-19T09:18:03+00:00,-49.29,-57.85,-68.48,-61.80,-66.41,-48.52,-46.97,-51.60,-54.38,-45.74,-55.87,-62.17,-56.87,-55.72,-55.46,-47.71,-58.91,2026-07-19 09:18:03+00:00
2026-07-19T09:19:04+00:00,-49.82,-57.00,-68.46,-61.76,-65.58,-48.52,-46.97,-51.65,-54.76,-45.47,-55.84,-62.12,-57.02,-55.83,-55.32,-47.49,-59.05,2026-07-19 09:19:04+00:00
2026-07-19T09:20:04+00:00,-50.24,-57.62,-68.69,-61.92,-65.99,-48.73,-47.13,-51.72,-54.48,-45.60,-55.85,-62.20,-57.00,-55.40,-55.62,-47.67,-59.34,2026-07-19 09:20:04+00:00
2026-07-19T09:21:03+00:00,-49.79,-57.42,-68.20,-61.78,-65.98,-48.62,-46.81,-51.66,-54.21,-45.62,-55.76,-62.26,-57.15,-55.29,-55.74,-47.68,-59.31,2026-07-19 09:21:03+00:00
2026-07-19T09:22:03+00:00,-49.68,-57.37,-68.58,-61.94,-66.74,-48.98,-46.62,-51.63,-54.33,-45.46,-55.37,-62.18,-57.18,-55.06,-55.07,-47.60,-58.95,2026-07-19 09:22:03+00:00
2026-07-19T09:23:04+00:00,-49.59,-57.70,-66.47,-62.26,-66.00,-48.81,-47.13,-51.62,-54.55,-45.43,-55.89,-61.56,-57.15,-55.34,-55.32,-47.71,-59.30,2026-07-19 09:23:04+00:00
2026-07-19T09:24:04+00:00,-49.63,-58.07,-65.98,-61.87,-66.76,-49.00,-46.92,-51.61,-54.08,-45.25,-55.34,-60.57,-57.03,-55.12,-55.68,-47.71,-59.20,2026-07-19 09:24:04+00:00
2026-07-19T09:25:03+00:00,-48.74,-57.04,-66.21,-61.84,-66.67,-48.73,-46.79,-51.57,-54.49,-45.58,-55.39,-60.67,-57.02,-55.30,-55.35,-47.71,-59.31,2026-07-19 09:25:03+00:00
2026-07-19T09:26:03+00:00,-49.43,-57.67,-66.14,-61.63,-66.28,-48.83,-46.87,-51.58,-54.51,-45.46,-55.49,-60.75,-57.22,-55.39,-55.34,-47.66,-59.08,2026-07-19 09:26:03+00:00
2026-07-19T09:27:04+00:00,-49.82,-57.52,-68.27,-61.99,-65.21,-48.57,-47.21,-51.96,-54.17,-45.36,-55.59,-62.07,-57.08,-55.00,-55.30,-47.95,-59.39,2026-07-19 09:27:04+00:00
2026-07-19T09:28:04+00:00,-49.00,-57.68,-68.36,-61.92,-66.91,-48.95,-47.06,-52.06,-53.34,-45.24,-55.54,-61.93,-57.15,-55.00,-55.43,-47.75,-59.34,2026-07-19 09:28:04+00:00
2026-07-19T09:29:03+00:00,-49.27,-57.86,-68.14,-61.69,-66.89,-48.91,-47.27,-52.06,-53.73,-45.49,-55.39,-62.10,-57.07,-54.99,-55.58,-47.62,-59.15,2026-07-19 09:29:03+00:00
2026-07-19T09:30:03+00:00,-49.28,-57.79,-68.41,-61.79,-66.33,-46.10,-47.32,-51.56,-53.71,-45.52,-55.56,-62.22,-56.86,-54.99,-55.73,-47.92,-57.32,2026-07-19 09:30:03+00:00
2026-07-19T09:31:03+00:00,-49.61,-58.31,-68.57,-61.98,-67.15,-46.28,-46.81,-51.60,-53.19,-45.50,-55.44,-63.23,-57.16,-55.15,-55.57,-47.85,-58.96,2026-07-19 09:31:03+00:00
2026-07-19T09:32:05+00:00,-49.59,-57.96,-68.30,-61.65,-66.21,-46.18,-47.34,-51.59,-53.05,-45.49,-55.49,-63.05,-57.12,-55.11,-55.29,-48.05,-59.29,2026-07-19 09:32:05+00:00
2026-07-19T09:33:04+00:00,-48.78,-57.44,-68.11,-61.47,-66.73,-46.01,-47.39,-51.59,-53.05,-45.50,-55.18,-62.81,-57.13,-55.15,-55.67,-48.28,-58.88,2026-07-19 09:33:04+00:00
2026-07-19T09:34:03+00:00,-49.42,-55.60,-68.30,-61.71,-66.83,-46.19,-47.34,-51.62,-53.27,-45.57,-55.42,-62.39,-57.11,-55.00,-55.46,-48.25,-58.01,2026-07-19 09:34:03+00:00
2026-07-19T09:35:04+00:00,-47.53,-55.78,-68.23,-61.41,-66.57,-46.05,-46.97,-51.61,-53.36,-45.56,-55.11,-62.75,-48.82,-55.08,-55.48,-48.61,-58.75,2026-07-19 09:35:04+00:00
2026-07-19T09:36:04+00:00,-48.89,-55.62,-67.59,-61.74,-66.96,-46.03,-47.24,-51.58,-53.13,-45.51,-55.32,-61.91,-48.72,-55.03,-55.19,-48.58,-58.90,2026-07-19 09:36:04+00:00
2026-07-19T09:37:04+00:00,-49.14,-55.20,-67.74,-61.53,-66.75,-46.14,-47.63,-51.56,-53.26,-45.44,-55.24,-62.05,-50.02,-55.23,-55.31,-48.61,-59.07,2026-07-19 09:37:04+00:00
2026-07-19T09:38:03+00:00,-49.30,-55.77,-68.69,-61.57,-66.88,-46.29,-47.31,-51.64,-51.10,-45.97,-57.11,-61.66,-49.39,-55.30,-55.43,-48.88,-55.92,2026-07-19 09:38:03+00:00
2026-07-19T09:39:03+00:00,-49.29,-55.93,-67.60,-61.63,-65.47,-46.18,-47.68,-51.63,-51.16,-45.99,-56.98,-61.36,-48.99,-55.13,-55.27,-48.75,-59.04,2026-07-19 09:39:03+00:00
2026-07-19T09:40:04+00:00,-48.86,-57.97,-68.14,-61.53,-64.93,-46.18,-47.36,-51.61,-50.87,-46.12,-57.06,-60.60,-49.24,-55.16,-55.23,-48.83,-59.33,2026-07-19 09:40:04+00:00
2026-07-19T09:41:04+00:00,-48.78,-58.35,-68.43,-61.58,-66.68,-46.34,-47.43,-51.63,-50.85,-46.14,-57.29,-60.71,-49.29,-55.24,-55.36,-48.86,-53.89,2026-07-19 09:41:04+00:00
2026-07-19T09:42:03+00:00,-48.41,-58.11,-68.12,-61.54,-65.65,-46.22,-47.36,-51.59,-51.17,-45.92,-57.23,-60.72,-49.32,-55.03,-55.72,-49.05,-53.83,2026-07-19 09:42:03+00:00
2026-07-19T09:43:03+00:00,-48.89,-57.42,-68.78,-61.44,-65.75,-46.27,-47.26,-51.66,-51.53,-45.96,-57.13,-61.19,-50.17,-54.86,-55.19,-49.23,-59.53,2026-07-19 09:43:03+00:00
2026-07-19T09:44:04+00:00,-47.89,-57.53,-69.09,-61.58,-66.21,-46.35,-47.63,-51.59,-51.34,-46.04,-57.07,-59.10,-50.80,-54.86,-55.54,-49.36,-59.55,2026-07-19 09:44:04+00:00
2026-07-19T09:45:04+00:00,-48.86,-57.08,-68.87,-61.61,-66.23,-46.39,-47.10,-51.55,-50.83,-45.94,-57.13,-59.35,-52.20,-54.56,-55.18,-49.72,-55.44,2026-07-19 09:45:04+00:00
2026-07-19T09:46:03+00:00,-48.14,-57.41,-69.03,-61.71,-65.66,-46.33,-47.47,-51.57,-51.41,-46.01,-57.14,-59.15,-53.22,-54.68,-55.65,-49.62,-55.20,2026-07-19 09:46:03+00:00
2026-07-19T09:47:03+00:00,-48.75,-56.73,-68.68,-61.56,-65.98,-50.31,-47.06,-51.60,-51.79,-45.97,-55.96,-59.35,-54.12,-54.83,-55.25,-50.03,-53.86,2026-07-19 09:47:03+00:00
2026-07-19T09:48:04+00:00,-48.66,-57.20,-68.74,-61.49,-66.13,-51.18,-47.45,-51.59,-51.93,-45.86,-57.01,-60.37,-54.05,-54.73,-55.42,-50.41,-53.80,2026-07-19 09:48:04+00:00
2026-07-19T09:49:04+00:00,-48.18,-57.29,-64.30,-61.55,-66.23,-51.01,-46.81,-51.54,-51.93,-45.73,-55.63,-58.84,-53.89,-54.42,-55.15,-50.84,-53.74,2026-07-19 09:49:04+00:00
2026-07-19T09:50:03+00:00,-49.12,-57.20,-68.26,-61.77,-66.23,-51.29,-47.29,-51.59,-51.88,-45.88,-57.12,-58.96,-54.36,-54.46,-55.52,-51.13,-53.52,2026-07-19 09:50:03+00:00
2026-07-19T09:51:03+00:00,-49.20,-57.36,-69.10,-61.60,-65.90,-51.42,-46.96,-51.57,-51.95,-46.15,-56.08,-58.70,-54.47,-54.30,-55.69,-51.52,-53.65,2026-07-19 09:51:03+00:00
2026-07-19T09:52:04+00:00,-49.20,-54.81,-67.92,-61.80,-65.94,-51.16,-46.87,-51.50,-51.89,-45.91,-57.02,-59.84,-54.56,-54.23,-55.58,-52.05,-53.53,2026-07-19 09:52:04+00:00
2026-07-19T09:53:04+00:00,-48.74,-54.78,-60.78,-61.70,-65.90,-51.40,-47.28,-51.50,-54.18,-45.89,-55.63,-58.08,-54.56,-54.34,-55.62,-52.35,-53.72,2026-07-19 09:53:04+00:00
2026-07-19T09:54:03+00:00,-49.09,-54.87,-62.17,-61.61,-66.84,-51.25,-47.24,-51.49,-54.11,-45.85,-54.54,-59.57,-54.78,-54.14,-55.54,-52.54,-53.48,2026-07-19 09:54:03+00:00
2026-07-19T09:55:03+00:00,-48.85,-54.76,-62.26,-61.84,-65.54,-51.17,-47.41,-51.49,-54.27,-45.69,-55.62,-59.64,-54.97,-54.07,-55.80,-53.25,-53.78,2026-07-19 09:55:03+00:00
2026-07-19T09:56:04+00:00,-48.88,-55.83,-62.35,-61.65,-66.39,-51.42,-47.49,-51.36,-54.14,-45.75,-55.38,-59.84,-54.92,-53.99,-55.74,-53.79,-54.73,2026-07-19 09:56:04+00:00
2026-07-19T09:57:04+00:00,-48.98,-55.90,-62.44,-61.57,-65.97,-51.35,-47.18,-51.35,-54.45,-45.74,-55.35,-59.41,-55.06,-54.02,-55.67,-54.31,-55.96,2026-07-19 09:57:04+00:00
2026-07-19T09:58:03+00:00,-49.05,-56.23,-66.54,-61.58,-66.94,-51.30,-46.86,-51.38,-54.81,-45.96,-56.75,-59.82,-55.24,-53.96,-55.94,-54.47,-55.60,2026-07-19 09:58:03+00:00
2026-07-19T09:59:03+00:00,-49.11,-55.55,-67.16,-61.55,-65.98,-51.41,-47.71,-51.30,-54.55,-45.99,-56.23,-59.69,-55.25,-54.06,-55.80,-54.37,-53.53,2026-07-19 09:59:03+00:00
2026-07-19T10:00:04+00:00,-49.20,-55.85,-67.06,-61.15,-65.61,-51.24,-47.66,-51.33,-54.37,-46.09,-56.65,-59.91,-55.33,-54.09,-55.84,-54.81,-58.79,2026-07-19 10:00:04+00:00
2026-07-19T10:01:05+00:00,-48.88,-55.37,-67.37,-61.61,-67.20,-51.38,-47.13,-51.40,-54.75,-46.15,-56.70,-60.26,-54.99,-53.72,-55.60,-55.04,-58.96,2026-07-19 10:01:05+00:00
2026-07-19T10:02:03+00:00,-48.59,-55.95,-67.15,-61.45,-65.78,-51.20,-46.97,-51.42,-55.67,-45.97,-56.72,-59.78,-54.52,-53.92,-55.71,-55.12,-58.51,2026-07-19 10:02:03+00:00
2026-07-19T10:03:03+00:00,-49.14,-56.29,-68.56,-61.58,-66.01,-51.16,-46.90,-51.41,-55.10,-46.06,-56.79,-60.57,-54.38,-53.86,-55.56,-55.44,-58.52,2026-07-19 10:03:03+00:00
2026-07-19T10:04:04+00:00,-49.21,-55.42,-68.36,-61.52,-66.55,-51.25,-46.80,-51.41,-54.55,-46.01,-56.90,-61.10,-55.17,-53.79,-56.17,-54.82,-58.23,2026-07-19 10:04:04+00:00
2026-07-19T10:05:03+00:00,-49.03,-56.12,-68.10,-61.57,-66.92,-51.30,-46.93,-51.41,-54.42,-46.00,-56.65,-61.03,-53.50,-53.56,-56.06,-54.37,-58.62,2026-07-19 10:05:03+00:00
2026-07-19T10:06:03+00:00,-48.96,-56.24,-68.57,-61.47,-66.66,-51.32,-47.12,-51.41,-54.47,-46.01,-56.54,-61.39,-52.24,-53.44,-56.18,-54.71,-58.90,2026-07-19 10:06:03+00:00
2026-07-19T10:07:04+00:00,-48.26,-56.29,-68.51,-61.48,-66.25,-51.36,-47.28,-51.38,-54.63,-46.01,-56.68,-60.85,-52.20,-53.06,-55.69,-54.53,-58.65,2026-07-19 10:07:04+00:00
2026-07-19T10:08:04+00:00,-48.08,-55.61,-68.13,-61.70,-66.16,-51.16,-47.07,-51.38,-54.47,-46.11,-56.56,-61.57,-52.38,-53.20,-55.97,-54.40,-58.69,2026-07-19 10:08:04+00:00
2026-07-19T10:09:03+00:00,-48.96,-55.86,-68.39,-61.54,-66.84,-51.30,-47.66,-51.36,-54.65,-46.05,-56.51,-62.09,-52.10,-52.95,-55.69,-54.06,-58.66,2026-07-19 10:09:03+00:00
2026-07-19T10:10:03+00:00,-48.82,-55.92,-68.36,-61.53,-66.64,-48.68,-47.33,-51.35,-54.79,-46.01,-56.38,-62.31,-52.02,-52.78,-55.81,-53.79,-58.46,2026-07-19 10:10:03+00:00
2026-07-19T10:11:04+00:00,-48.70,-56.05,-68.21,-61.21,-65.86,-48.08,-47.36,-51.40,-54.76,-45.89,-56.12,-61.83,-51.96,-52.56,-55.78,-53.59,-58.61,2026-07-19 10:11:04+00:00
2026-07-19T10:12:04+00:00,-48.48,-55.81,-67.92,-61.66,-66.59,-44.13,-47.64,-51.38,-53.87,-45.97,-56.24,-60.40,-51.96,-52.43,-55.72,-53.84,-58.49,2026-07-19 10:12:04+00:00
2026-07-19T10:13:03+00:00,-47.95,-55.45,-63.20,-61.62,-65.94,-43.83,-47.28,-51.38,-53.88,-46.02,-54.88,-58.62,-51.97,-52.42,-55.74,-53.63,-58.02,2026-07-19 10:13:03+00:00
2026-07-19T10:14:04+00:00,-47.88,-55.90,-63.24,-61.32,-65.59,-44.15,-47.09,-51.37,-53.76,-45.94,-55.75,-57.84,-51.82,-52.27,-55.77,-53.49,-58.01,2026-07-19 10:14:04+00:00
2026-07-19T10:15:04+00:00,-48.09,-55.75,-68.45,-61.43,-66.20,-44.07,-46.86,-51.40,-53.95,-46.07,-56.01,-57.89,-51.85,-52.33,-55.74,-53.30,-58.21,2026-07-19 10:15:04+00:00
2026-07-19T10:16:03+00:00,-47.75,-55.91,-68.09,-61.07,-65.95,-44.25,-47.07,-51.34,-53.29,-45.90,-55.74,-57.40,-51.75,-52.28,-55.87,-53.17,-58.39,2026-07-19 10:16:03+00:00
2026-07-19T10:17:03+00:00,-47.98,-56.85,-68.87,-61.51,-66.60,-44.31,-46.98,-51.38,-53.18,-46.04,-55.98,-56.99,-51.81,-51.95,-55.45,-52.77,-58.27,2026-07-19 10:17:03+00:00
2026-07-19T10:18:04+00:00,-47.51,-56.28,-68.15,-61.35,-67.04,-44.35,-46.89,-51.50,-53.21,-45.93,-55.79,-56.80,-51.79,-52.09,-54.94,-52.97,-58.33,2026-07-19 10:18:04+00:00
2026-07-19T10:19:04+00:00,-47.99,-56.02,-66.88,-61.64,-66.38,-44.33,-46.94,-51.42,-53.16,-45.88,-55.62,-56.74,-51.62,-52.05,-55.82,-52.68,-58.53,2026-07-19 10:19:04+00:00
2026-07-19T10:20:03+00:00,-47.47,-56.03,-68.16,-61.57,-66.46,-44.06,-47.48,-51.45,-53.20,-45.99,-55.78,-56.75,-51.73,-52.12,-55.23,-52.42,-58.40,2026-07-19 10:20:03+00:00
2026-07-19T10:21:04+00:00,-47.56,-55.93,-68.17,-61.59,-65.36,-44.27,-46.94,-51.43,-53.47,-46.01,-54.72,-56.81,-51.70,-51.72,-55.29,-52.28,-58.24,2026-07-19 10:21:04+00:00
2026-07-19T10:22:04+00:00,-47.84,-56.44,-67.61,-61.20,-66.67,-44.21,-47.00,-51.43,-53.33,-46.12,-55.81,-56.63,-51.94,-51.91,-54.78,-52.56,-57.78,2026-07-19 10:22:04+00:00
2026-07-19T10:23:03+00:00,-47.66,-56.68,-67.44,-61.56,-66.26,-44.31,-47.05,-51.43,-51.02,-46.20,-55.48,-56.65,-52.02,-51.94,-54.97,-52.21,-58.23,2026-07-19 10:23:03+00:00
2026-07-19T10:24:03+00:00,-48.10,-56.55,-67.83,-61.64,-66.66,-44.25,-47.31,-51.40,-50.88,-46.15,-52.33,-57.14,-51.55,-52.23,-55.15,-51.96,-58.25,2026-07-19 10:24:03+00:00
2026-07-19T10:25:04+00:00,-47.96,-56.27,-68.12,-61.08,-66.93,-44.29,-47.02,-51.41,-50.72,-46.19,-52.39,-57.73,-51.92,-51.95,-55.26,-51.92,-58.15,2026-07-19 10:25:04+00:00
2026-07-19T10:26:04+00:00,-47.99,-55.95,-67.52,-61.39,-66.69,-44.46,-47.29,-51.37,-50.73,-46.21,-52.23,-57.84,-51.40,-52.31,-54.98,-51.94,-58.02,2026-07-19 10:26:04+00:00
2026-07-19T10:27:03+00:00,-47.61,-55.43,-66.72,-61.34,-65.40,-44.32,-47.60,-51.16,-51.17,-46.33,-55.11,-58.38,-51.65,-52.05,-55.30,-51.92,-58.05,2026-07-19 10:27:03+00:00
2026-07-19T10:28:03+00:00,-47.69,-56.02,-67.28,-61.48,-66.50,-44.33,-47.30,-51.36,-51.17,-46.41,-53.67,-58.89,-51.62,-52.10,-55.43,-51.68,-58.11,2026-07-19 10:28:03+00:00
2026-07-19T10:29:04+00:00,-47.64,-55.11,-67.78,-61.19,-65.41,-44.44,-47.54,-51.36,-50.98,-46.15,-52.81,-58.85,-51.54,-52.12,-55.20,-52.08,-57.73,2026-07-19 10:29:04+00:00
2026-07-19T10:30:04+00:00,-48.24,-56.19,-67.68,-61.12,-66.68,-44.66,-47.64,-51.33,-50.64,-46.06,-52.20,-57.85,-51.49,-52.15,-55.06,-51.96,-57.63,2026-07-19 10:30:04+00:00
2026-07-19T10:31:04+00:00,-48.08,-55.19,-67.45,-61.42,-66.64,-44.57,-47.42,-51.34,-50.89,-46.10,-51.64,-57.50,-51.54,-52.41,-55.58,-51.90,-57.63,2026-07-19 10:31:04+00:00
2026-07-19T10:32:03+00:00,-48.23,-56.12,-67.65,-61.44,-66.17,-44.59,-47.43,-51.36,-50.99,-45.73,-51.62,-59.91,-51.52,-52.52,-55.43,-51.80,-57.41,2026-07-19 10:32:03+00:00
2026-07-19T10:33:04+00:00,-48.29,-56.41,-67.78,-61.25,-67.22,-44.58,-47.99,-51.37,-50.94,-45.81,-51.38,-60.74,-51.50,-52.36,-55.28,-51.83,-57.72,2026-07-19 10:33:04+00:00
2026-07-19T10:34:04+00:00,-48.26,-56.18,-67.73,-61.29,-65.63,-44.42,-47.57,-51.35,-50.76,-45.47,-50.65,-60.78,-51.41,-52.47,-54.90,-51.62,-57.79,2026-07-19 10:34:04+00:00
2026-07-19T10:35:03+00:00,-48.04,-56.34,-63.95,-61.19,-65.73,-44.71,-47.60,-51.39,-50.79,-45.23,-50.28,-60.94,-51.41,-52.53,-55.41,-52.06,-58.13,2026-07-19 10:35:03+00:00
2026-07-19T10:36:04+00:00,-47.62,-55.77,-59.80,-61.43,-65.70,-44.58,-47.54,-51.46,-51.21,-45.23,-50.38,-60.78,-51.43,-52.45,-55.01,-52.14,-58.00,2026-07-19 10:36:04+00:00
2026-07-19T10:37:03+00:00,-48.15,-57.89,-68.51,-61.24,-65.85,-44.58,-47.94,-51.43,-51.11,-45.79,-52.06,-60.51,-51.33,-52.65,-55.03,-52.31,-58.20,2026-07-19 10:37:03+00:00
2026-07-19T10:38:03+00:00,-47.86,-57.43,-68.19,-61.20,-65.91,-44.58,-47.52,-51.44,-53.37,-45.91,-52.78,-60.94,-51.30,-52.80,-55.50,-52.52,-58.16,2026-07-19 10:38:03+00:00
2026-07-19T10:39:04+00:00,-47.97,-57.65,-67.86,-61.40,-66.42,-44.72,-47.63,-51.57,-53.27,-46.23,-53.78,-60.83,-51.20,-52.61,-55.31,-52.47,-57.88,2026-07-19 10:39:04+00:00
2026-07-19T10:40:04+00:00,-47.90,-57.80,-69.26,-61.35,-65.86,-44.51,-47.68,-51.60,-53.45,-45.96,-53.95,-67.66,-51.19,-52.65,-55.27,-52.67,-57.71,2026-07-19 10:40:04+00:00
2026-07-19T10:41:03+00:00,-48.10,-57.53,-68.99,-61.12,-65.04,-44.76,-47.80,-51.66,-53.39,-45.91,-53.16,-67.69,-51.35,-52.70,-55.23,-52.60,-57.51,2026-07-19 10:41:03+00:00
2026-07-19T10:42:04+00:00,-46.10,-58.15,-68.78,-61.01,-66.73,-44.63,-47.40,-51.67,-53.02,-45.72,-53.10,-67.41,-51.19,-52.57,-55.22,-53.10,-56.30,2026-07-19 10:42:04+00:00
2026-07-19T10:43:04+00:00,-48.03,-57.87,-69.16,-61.11,-66.38,-44.80,-47.84,-51.61,-53.79,-45.71,-52.95,-67.56,-51.23,-52.66,-55.51,-52.98,-56.52,2026-07-19 10:43:04+00:00
2026-07-19T10:44:04+00:00,-47.53,-57.35,-69.05,-61.39,-66.32,-44.86,-47.76,-51.65,-53.83,-45.73,-53.03,-67.32,-51.23,-52.89,-55.44,-53.07,-57.39,2026-07-19 10:44:04+00:00
2026-07-19T10:45:03+00:00,-47.88,-57.40,-69.21,-61.04,-66.49,-44.69,-47.70,-51.60,-53.71,-45.80,-52.83,-67.57,-51.26,-52.94,-55.23,-53.55,-57.52,2026-07-19 10:45:03+00:00
2026-07-19T10:46:04+00:00,-47.72,-57.13,-68.42,-61.42,-66.08,-44.84,-47.38,-51.44,-53.65,-45.84,-52.69,-67.31,-51.24,-53.41,-55.54,-53.08,-57.41,2026-07-19 10:46:04+00:00
2026-07-19T10:47:04+00:00,-47.83,-57.35,-64.72,-61.13,-65.87,-44.58,-47.90,-51.38,-50.91,-45.84,-52.79,-65.29,-51.17,-53.11,-55.31,-53.18,-57.20,2026-07-19 10:47:04+00:00
2026-07-19T10:48:03+00:00,-47.89,-57.57,-59.28,-61.31,-66.73,-44.81,-47.94,-51.31,-50.98,-45.69,-52.42,-65.75,-51.06,-53.21,-54.79,-53.20,-56.07,2026-07-19 10:48:03+00:00
2026-07-19T10:49:03+00:00,-48.02,-57.59,-62.04,-61.37,-65.88,-51.09,-47.90,-51.36,-51.04,-45.74,-52.47,-66.00,-51.05,-53.47,-55.85,-53.54,-57.24,2026-07-19 10:49:03+00:00
2026-07-19T10:50:04+00:00,-47.84,-57.71,-64.60,-61.39,-66.85,-50.95,-47.42,-51.29,-50.96,-45.59,-52.54,-65.59,-51.15,-53.48,-55.64,-53.18,-57.25,2026-07-19 10:50:04+00:00
2026-07-19T10:51:04+00:00,-47.89,-57.95,-66.17,-61.37,-66.76,-51.24,-47.88,-51.37,-50.84,-45.60,-52.46,-66.07,-51.16,-53.45,-55.68,-53.12,-57.84,2026-07-19 10:51:04+00:00
2026-07-19T10:52:03+00:00,-48.16,-57.42,-67.12,-61.03,-66.23,-51.06,-47.48,-51.33,-49.90,-45.75,-52.50,-65.51,-51.01,-53.50,-55.49,-53.57,-57.79,2026-07-19 10:52:03+00:00
2026-07-19T10:53:03+00:00,-48.05,-57.75,-63.90,-61.52,-66.61,-51.09,-47.88,-51.34,-50.01,-45.60,-52.49,-65.51,-51.06,-53.36,-55.44,-53.01,-58.58,2026-07-19 10:53:03+00:00
2026-07-19T10:54:04+00:00,-48.04,-57.56,-64.22,-61.28,-66.27,-51.05,-47.59,-51.38,-50.09,-45.65,-52.36,-65.62,-51.07,-53.41,-55.53,-53.27,-57.13,2026-07-19 10:54:04+00:00
2026-07-19T10:55:04+00:00,-47.75,-56.68,-66.89,-61.57,-66.89,-51.16,-47.70,-51.38,-50.24,-45.57,-52.45,-65.45,-51.10,-53.29,-55.27,-53.35,-57.14,2026-07-19 10:55:04+00:00
2026-07-19T10:56:04+00:00,-48.12,-56.92,-66.89,-61.23,-66.22,-51.04,-47.51,-51.36,-51.92,-45.63,-52.54,-66.34,-50.97,-53.24,-55.55,-53.18,-58.05,2026-07-19 10:56:04+00:00
2026-07-19T10:57:04+00:00,-47.24,-57.21,-67.01,-61.24,-66.17,-51.03,-47.57,-51.48,-51.79,-45.73,-52.59,-66.48,-50.98,-53.51,-55.52,-53.04,-56.98,2026-07-19 10:57:04+00:00
2026-07-19T10:58:03+00:00,-47.98,-57.55,-64.90,-61.35,-66.83,-50.94,-47.61,-51.47,-53.04,-45.61,-52.64,-65.83,-50.95,-53.42,-55.69,-53.11,-57.66,2026-07-19 10:58:03+00:00
2026-07-19T10:59:04+00:00,-47.96,-57.35,-65.07,-61.57,-66.74,-51.05,-47.33,-51.42,-52.15,-45.43,-52.64,-66.98,-50.86,-53.66,-55.32,-53.34,-57.57,2026-07-19 10:59:04+00:00
2026-07-19T11:00:04+00:00,-47.29,-57.51,-63.79,-61.39,-66.80,-50.81,-47.44,-51.41,-51.11,-45.43,-52.81,-65.52,-50.85,-53.55,-55.76,-53.02,-57.86,2026-07-19 11:00:04+00:00
2026-07-19T11:01:04+00:00,-47.29,-57.70,-64.11,-61.60,-65.80,-50.69,-47.61,-51.34,-50.85,-45.41,-52.62,-64.66,-50.99,-53.77,-55.30,-52.88,-58.22,2026-07-19 11:01:04+00:00
2026-07-19T11:02:04+00:00,-47.75,-57.65,-64.23,-61.13,-65.64,-50.43,-47.32,-51.39,-50.84,-45.34,-52.91,-64.97,-50.80,-53.94,-52.05,-53.15,-57.76,2026-07-19 11:02:04+00:00
2026-07-19T11:03:03+00:00,-47.75,-57.81,-64.38,-61.37,-65.76,-50.18,-47.96,-51.38,-50.91,-45.54,-52.64,-65.51,-50.71,-54.07,-55.42,-53.17,-57.77,2026-07-19 11:03:03+00:00
2026-07-19T11:04:04+00:00,-47.43,-57.00,-64.71,-61.66,-65.98,-50.16,-47.98,-51.37,-50.98,-45.39,-52.65,-67.11,-50.74,-53.95,-55.27,-52.82,-57.79,2026-07-19 11:04:04+00:00
2026-07-19T11:05:04+00:00,-47.16,-56.95,-64.37,-61.24,-65.83,-50.40,-47.54,-51.39,-50.91,-45.39,-52.32,-67.21,-50.85,-54.18,-55.61,-52.95,-57.05,2026-07-19 11:05:04+00:00
2026-07-19T11:06:04+00:00,-47.65,-57.51,-64.54,-61.35,-66.48,-50.25,-47.39,-51.37,-50.92,-45.37,-52.49,-67.19,-50.68,-54.05,-55.36,-52.54,-58.01,2026-07-19 11:06:04+00:00
2026-07-19T11:07:03+00:00,-47.84,-57.33,-64.58,-61.25,-66.05,-50.11,-47.54,-51.31,-51.12,-45.41,-52.71,-66.63,-50.65,-54.13,-55.59,-52.57,-58.28,2026-07-19 11:07:03+00:00
2026-07-19T11:08:03+00:00,-47.89,-57.14,-64.81,-61.48,-65.90,-50.43,-47.80,-51.40,-49.69,-45.37,-52.38,-66.10,-50.62,-54.13,-55.56,-52.77,-58.57,2026-07-19 11:08:03+00:00
2026-07-19T11:09:04+00:00,-47.39,-57.53,-64.64,-61.36,-66.31,-50.21,-47.45,-51.34,-49.70,-45.26,-52.31,-64.35,-50.68,-54.37,-55.27,-52.79,-58.37,2026-07-19 11:09:04+00:00
2026-07-19T11:10:04+00:00,-47.55,-57.35,-64.51,-60.96,-66.78,-50.50,-47.61,-51.37,-49.74,-45.29,-52.31,-64.22,-50.67,-54.45,-55.64,-52.66,-58.29,2026-07-19 11:10:04+00:00
2026-07-19T11:11:03+00:00,-47.44,-57.34,-64.55,-61.21,-66.60,-48.82,-47.89,-51.33,-49.92,-45.23,-52.36,-64.49,-50.66,-54.42,-56.08,-52.74,-58.27,2026-07-19 11:11:03+00:00
2026-07-19T11:12:03+00:00,-47.59,-57.25,-64.59,-61.11,-66.45,-48.73,-47.51,-51.37,-50.12,-45.18,-52.50,-64.28,-50.70,-54.40,-55.62,-52.72,-58.18,2026-07-19 11:12:03+00:00
2026-07-19T11:13:04+00:00,-47.57,-56.89,-64.56,-61.57,-65.54,-44.18,-47.51,-51.35,-50.23,-45.32,-52.38,-64.60,-50.78,-54.31,-56.01,-52.78,-57.96,2026-07-19 11:13:04+00:00
2026-07-19T11:14:04+00:00,-47.86,-56.81,-64.80,-61.41,-66.23,-44.32,-47.79,-51.37,-50.20,-45.31,-52.22,-65.68,-50.89,-54.38,-55.99,-52.73,-57.75,2026-07-19 11:14:04+00:00
2026-07-19T11:15:04+00:00,-47.61,-57.31,-64.49,-60.95,-65.85,-44.33,-47.91,-51.28,-49.99,-45.46,-52.45,-65.67,-50.83,-54.12,-56.17,-52.99,-57.63,2026-07-19 11:15:04+00:00
2026-07-19T11:16:03+00:00,-47.71,-56.98,-64.65,-60.76,-66.51,-44.17,-47.58,-51.42,-50.00,-45.39,-52.15,-65.96,-50.81,-54.24,-56.13,-52.77,-57.70,2026-07-19 11:16:03+00:00
2026-07-19T11:17:04+00:00,-47.38,-57.37,-64.61,-60.96,-66.90,-44.30,-47.32,-51.42,-50.19,-45.20,-52.55,-65.77,-50.85,-53.85,-55.99,-53.18,-57.38,2026-07-19 11:17:04+00:00
2026-07-19T11:18:04+00:00,-47.96,-57.40,-64.55,-60.99,-65.92,-44.12,-47.54,-51.48,-50.19,-45.06,-52.40,-65.77,-50.82,-54.17,-55.92,-53.22,-57.67,2026-07-19 11:18:04+00:00
2026-07-19T11:19:03+00:00,-47.87,-57.30,-64.50,-61.11,-67.39,-44.25,-47.27,-51.37,-50.07,-45.23,-52.41,-65.56,-50.80,-54.16,-56.24,-53.04,-57.72,2026-07-19 11:19:03+00:00
2026-07-19T11:20:03+00:00,-47.78,-57.19,-64.56,-61.45,-65.21,-44.02,-47.65,-51.69,-49.91,-44.88,-51.13,-65.30,-50.74,-54.05,-56.11,-53.43,-56.24,2026-07-19 11:20:03+00:00
2026-07-19T11:21:04+00:00,-47.49,-57.35,-64.64,-61.30,-66.11,-44.17,-47.88,-51.59,-49.87,-44.80,-51.59,-65.74,-50.72,-53.98,-55.99,-53.63,-57.90,2026-07-19 11:21:04+00:00
2026-07-19T11:22:04+00:00,-47.54,-57.53,-64.70,-61.44,-65.87,-44.32,-47.84,-51.51,-50.08,-45.16,-51.68,-65.60,-50.77,-54.20,-56.21,-53.50,-57.58,2026-07-19 11:22:04+00:00
2026-07-19T11:23:03+00:00,-48.00,-57.58,-64.64,-60.93,-65.70,-44.43,-47.50,-51.56,-51.09,-45.11,-51.67,-65.80,-50.76,-54.46,-56.21,-53.87,-57.54,2026-07-19 11:23:03+00:00
2026-07-19T11:24:03+00:00,-47.73,-57.66,-64.49,-61.22,-66.64,-44.53,-47.60,-51.54,-51.36,-45.01,-51.22,-65.84,-50.86,-54.35,-56.23,-54.08,-57.76,2026-07-19 11:24:03+00:00
2026-07-19T11:25:04+00:00,-47.58,-56.93,-64.50,-61.57,-66.70,-44.48,-47.55,-51.45,-51.05,-45.11,-50.98,-65.65,-50.75,-54.59,-55.75,-53.99,-57.72,2026-07-19 11:25:04+00:00
2026-07-19T11:26:04+00:00,-47.84,-56.63,-64.71,-61.39,-66.99,-44.48,-47.74,-51.47,-51.08,-45.10,-51.19,-65.62,-50.87,-54.47,-55.74,-53.95,-57.99,2026-07-19 11:26:04+00:00
2026-07-19T11:27:03+00:00,-48.05,-57.21,-64.72,-61.36,-66.31,-44.31,-48.10,-51.43,-50.99,-44.94,-51.32,-65.71,-50.87,-54.71,-55.94,-53.81,-57.87,2026-07-19 11:27:03+00:00
2026-07-19T11:28:03+00:00,-47.85,-56.82,-64.68,-61.50,-66.17,-44.49,-47.86,-51.48,-50.91,-44.90,-50.93,-65.69,-50.91,-55.04,-56.45,-53.69,-57.96,2026-07-19 11:28:03+00:00
2026-07-19T11:29:04+00:00,-47.89,-56.76,-64.86,-61.05,-66.29,-44.54,-47.99,-51.44,-51.12,-45.00,-50.96,-65.43,-50.93,-54.96,-56.29,-53.52,-57.48,2026-07-19 11:29:04+00:00
2026-07-19T11:30:04+00:00,-47.95,-56.81,-64.74,-61.61,-66.66,-44.42,-47.73,-51.39,-51.17,-45.14,-51.66,-66.04,-50.95,-55.53,-56.00,-53.56,-58.05,2026-07-19 11:30:04+00:00
2026-07-19T11:31:04+00:00,-47.84,-56.71,-64.82,-61.52,-66.40,-44.58,-48.17,-51.71,-51.03,-45.02,-51.81,-65.86,-50.99,-55.54,-56.00,-53.42,-58.01,2026-07-19 11:31:04+00:00
2026-07-19T11:32:03+00:00,-47.71,-56.77,-64.64,-61.45,-65.92,-44.66,-47.64,-51.53,-51.00,-45.09,-52.00,-65.66,-50.83,-55.82,-56.32,-53.18,-57.69,2026-07-19 11:32:03+00:00
2026-07-19T11:33:03+00:00,-48.10,-56.75,-64.46,-61.11,-65.75,-44.61,-47.63,-51.06,-51.08,-45.14,-53.03,-67.15,-50.85,-56.06,-56.48,-53.07,-57.67,2026-07-19 11:33:03+00:00
2026-07-19T11:34:04+00:00,-47.91,-56.80,-64.72,-61.46,-65.94,-44.89,-47.51,-51.12,-50.88,-45.30,-53.51,-67.42,-50.79,-56.14,-56.13,-53.56,-57.38,2026-07-19 11:34:04+00:00
2026-07-19T11:35:04+00:00,-48.07,-56.94,-63.71,-61.02,-66.26,-44.67,-47.61,-51.06,-50.90,-45.14,-53.70,-67.46,-50.92,-56.15,-56.48,-53.34,-57.63,2026-07-19 11:35:04+00:00
2026-07-19T11:36:03+00:00,-48.18,-57.04,-64.36,-61.07,-66.15,-44.83,-47.30,-51.15,-51.23,-45.21,-53.73,-67.60,-50.87,-56.19,-56.30,-53.10,-57.52,2026-07-19 11:36:03+00:00
2026-07-19T11:37:03+00:00,-47.60,-56.96,-64.80,-61.20,-66.06,-45.06,-47.92,-51.23,-51.22,-45.31,-53.50,-67.30,-51.00,-56.18,-56.75,-53.20,-58.11,2026-07-19 11:37:03+00:00
2026-07-19T11:38:04+00:00,-47.92,-57.08,-64.93,-61.59,-65.73,-44.94,-47.82,-51.18,-51.11,-45.25,-53.14,-67.70,-50.96,-56.34,-56.58,-53.05,-58.14,2026-07-19 11:38:04+00:00
2026-07-19T11:39:04+00:00,-47.48,-57.02,-64.99,-61.27,-65.73,-44.98,-47.93,-51.24,-51.25,-44.93,-52.82,-67.41,-51.00,-56.52,-56.60,-53.38,-57.49,2026-07-19 11:39:04+00:00
2026-07-19T11:40:03+00:00,-47.81,-57.09,-64.87,-61.24,-66.54,-44.85,-47.75,-51.23,-51.16,-45.02,-52.95,-67.28,-50.97,-56.25,-56.59,-53.10,-58.00,2026-07-19 11:40:03+00:00
2026-07-19T11:41:03+00:00,-47.77,-57.29,-65.07,-61.17,-66.01,-45.05,-48.23,-51.13,-51.12,-45.13,-52.96,-67.60,-50.96,-56.44,-56.44,-52.90,-56.81,2026-07-19 11:41:03+00:00
2026-07-19T11:42:04+00:00,-47.31,-56.87,-64.77,-61.10,-66.57,-44.98,-47.48,-51.16,-50.81,-45.24,-52.84,-67.25,-50.54,-56.55,-56.47,-53.17,-57.68,2026-07-19 11:42:04+00:00
2026-07-19T11:43:04+00:00,-47.49,-57.44,-64.66,-61.35,-65.91,-44.98,-48.14,-51.15,-50.74,-45.03,-52.70,-67.49,-50.71,-56.60,-56.41,-53.17,-57.33,2026-07-19 11:43:04+00:00
2026-07-19T11:44:03+00:00,-47.07,-57.20,-64.53,-61.09,-66.58,-45.15,-48.01,-51.15,-50.78,-45.01,-52.85,-67.27,-50.75,-56.68,-56.43,-53.09,-57.36,2026-07-19 11:44:03+00:00
2026-07-19T11:45:03+00:00,-47.30,-57.65,-64.93,-61.48,-65.55,-45.24,-48.12,-51.17,-50.70,-44.92,-52.85,-67.15,-50.78,-56.31,-56.59,-53.12,-57.19,2026-07-19 11:45:03+00:00
2026-07-19T11:46:04+00:00,-47.11,-57.59,-64.80,-60.95,-66.51,-45.15,-47.55,-51.14,-50.33,-44.72,-52.69,-66.99,-50.76,-56.53,-56.54,-53.34,-57.37,2026-07-19 11:46:04+00:00
2026-07-19T11:47:04+00:00,-47.51,-57.59,-64.73,-61.19,-66.55,-45.06,-48.23,-51.06,-50.10,-44.99,-52.60,-67.34,-50.84,-56.31,-56.37,-53.49,-57.39,2026-07-19 11:47:04+00:00
2026-07-19T11:48:03+00:00,-47.92,-57.48,-64.72,-61.30,-65.47,-45.20,-48.10,-51.13,-50.21,-44.95,-52.77,-67.39,-50.85,-56.02,-56.85,-53.43,-57.20,2026-07-19 11:48:03+00:00
2026-07-19T11:49:03+00:00,-48.14,-57.53,-64.65,-61.33,-65.90,-45.20,-48.11,-51.04,-49.40,-44.96,-52.62,-66.95,-50.90,-56.08,-56.65,-53.56,-57.15,2026-07-19 11:49:03+00:00
2026-07-19T11:50:04+00:00,-48.03,-57.78,-64.28,-61.30,-66.00,-45.24,-47.88,-51.01,-49.94,-44.71,-52.50,-65.91,-50.98,-55.77,-56.56,-53.50,-57.20,2026-07-19 11:50:04+00:00
2026-07-19T11:51:03+00:00,-47.28,-57.55,-63.55,-61.20,-66.11,-45.22,-47.89,-51.06,-50.07,-44.56,-52.58,-65.23,-50.87,-56.15,-56.17,-53.42,-57.03,2026-07-19 11:51:03+00:00
2026-07-19T11:52:03+00:00,-48.11,-58.20,-63.58,-61.25,-65.72,-51.25,-47.83,-51.09,-49.77,-44.89,-52.36,-65.69,-50.85,-55.90,-56.97,-53.46,-56.36,2026-07-19 11:52:03+00:00
2026-07-19T11:53:04+00:00,-47.51,-57.88,-63.48,-61.14,-65.80,-51.14,-47.83,-51.03,-49.23,-44.78,-52.26,-65.11,-50.83,-55.87,-56.60,-53.59,-56.92,2026-07-19 11:53:04+00:00
2026-07-19T11:54:04+00:00,-48.17,-58.18,-63.62,-61.01,-66.02,-51.10,-47.97,-51.10,-49.13,-44.56,-52.54,-65.00,-50.80,-55.70,-56.89,-52.86,-54.76,2026-07-19 11:54:04+00:00
2026-07-19T11:55:03+00:00,-47.29,-57.93,-63.38,-61.00,-65.80,-51.09,-47.93,-50.99,-49.11,-44.74,-52.38,-65.07,-50.81,-55.56,-56.74,-52.99,-57.20,2026-07-19 11:55:03+00:00
2026-07-19T11:56:03+00:00,-46.48,-57.75,-63.63,-60.99,-66.01,-51.11,-48.25,-50.99,-49.24,-44.72,-52.48,-65.15,-50.74,-55.54,-56.81,-53.08,-56.61,2026-07-19 11:56:03+00:00
2026-07-19T11:57:04+00:00,-47.39,-57.58,-63.77,-61.02,-65.85,-51.11,-47.77,-51.03,-49.39,-44.67,-52.35,-64.62,-50.79,-55.05,-56.94,-53.29,-57.01,2026-07-19 11:57:04+00:00
2026-07-19T11:58:04+00:00,-46.84,-57.26,-63.60,-61.20,-66.85,-50.86,-48.13,-51.05,-50.00,-44.69,-52.28,-65.13,-50.81,-55.24,-56.70,-53.15,-56.66,2026-07-19 11:58:04+00:00
2026-07-19T11:59:03+00:00,-47.08,-56.27,-63.56,-61.08,-66.48,-51.18,-47.97,-51.08,-49.95,-44.67,-52.61,-65.19,-50.82,-54.92,-56.78,-53.42,-56.74,2026-07-19 11:59:03+00:00
2026-07-19T12:00:03+00:00,-46.46,-56.64,-63.84,-61.14,-65.69,-51.18,-48.16,-51.03,-49.77,-44.44,-52.33,-65.48,-50.74,-55.03,-56.65,-53.58,-56.99,2026-07-19 12:00:03+00:00
2026-07-19T12:01:04+00:00,-46.65,-57.00,-64.56,-60.96,-66.89,-50.93,-47.80,-50.99,-49.66,-44.64,-52.13,-65.37,-50.71,-54.44,-56.33,-53.56,-53.47,2026-07-19 12:01:04+00:00
2026-07-19T12:02:03+00:00,-46.60,-56.73,-64.12,-60.80,-66.14,-50.84,-47.76,-50.98,-49.75,-44.67,-52.29,-65.06,-50.62,-54.71,-56.81,-53.21,-54.08,2026-07-19 12:02:03+00:00
2026-07-19T12:03:04+00:00,-46.67,-56.33,-63.72,-60.85,-65.95,-50.90,-47.83,-50.90,-49.01,-44.70,-52.34,-63.26,-50.52,-54.23,-56.81,-53.20,-53.32,2026-07-19 12:03:04+00:00
2026-07-19T12:04:03+00:00,-46.88,-56.70,-64.83,-61.15,-66.78,-50.69,-47.97,-50.98,-50.01,-44.73,-52.32,-65.19,-50.57,-54.38,-56.08,-53.53,-53.29,2026-07-19 12:04:03+00:00
2026-07-19T12:05:03+00:00,-47.20,-56.53,-64.27,-60.42,-67.22,-50.85,-48.07,-50.96,-48.55,-44.71,-52.14,-64.89,-50.46,-54.10,-56.48,-53.05,-53.20,2026-07-19 12:05:03+00:00
2026-07-19T12:06:04+00:00,-46.47,-56.86,-64.78,-60.99,-66.16,-50.81,-48.36,-50.94,-49.66,-44.84,-52.01,-66.91,-50.44,-53.89,-56.22,-52.93,-53.80,2026-07-19 12:06:04+00:00
2026-07-19T12:07:03+00:00,-47.06,-57.10,-64.64,-61.24,-65.89,-50.85,-48.26,-50.93,-50.91,-44.85,-52.31,-67.02,-50.48,-54.11,-56.19,-53.09,-53.33,2026-07-19 12:07:03+00:00
2026-07-19T12:08:03+00:00,-46.35,-56.82,-65.12,-61.09,-66.16,-50.94,-48.26,-50.96,-48.93,-44.82,-52.42,-67.48,-50.47,-54.01,-56.03,-52.90,-53.42,2026-07-19 12:08:03+00:00
2026-07-19T12:09:04+00:00,-46.49,-57.40,-64.67,-60.97,-66.27,-51.01,-47.57,-50.95,-50.85,-44.76,-52.16,-66.64,-50.32,-54.22,-56.25,-52.78,-54.07,2026-07-19 12:09:04+00:00
2026-07-19T12:10:04+00:00,-46.75,-57.19,-64.92,-60.90,-65.19,-50.77,-47.71,-50.92,-50.61,-44.78,-52.33,-66.25,-50.34,-53.81,-56.22,-52.57,-53.51,2026-07-19 12:10:04+00:00
2026-07-19T12:11:03+00:00,-47.12,-57.52,-64.80,-61.07,-66.13,-50.66,-48.19,-51.04,-50.10,-44.95,-52.39,-65.70,-50.36,-54.05,-56.21,-52.44,-53.44,2026-07-19 12:11:03+00:00
2026-07-19T12:12:03+00:00,-47.14,-57.42,-64.88,-60.97,-67.23,-50.85,-48.24,-50.82,-51.16,-44.63,-52.33,-64.91,-50.23,-53.54,-56.40,-52.44,-53.19,2026-07-19 12:12:03+00:00
2026-07-19T12:13:04+00:00,-47.37,-57.21,-64.73,-61.03,-65.84,-50.81,-48.07,-50.89,-50.89,-44.81,-52.16,-65.21,-50.23,-53.99,-56.38,-52.22,-54.34,2026-07-19 12:13:04+00:00
2026-07-19T12:14:04+00:00,-46.80,-57.29,-64.91,-60.85,-65.79,-50.71,-47.91,-50.80,-50.36,-44.86,-52.14,-64.57,-50.16,-53.83,-56.01,-51.93,-57.31,2026-07-19 12:14:04+00:00
2026-07-19T12:15:03+00:00,-46.58,-57.01,-64.56,-61.01,-66.09,-49.11,-47.86,-50.57,-49.96,-44.64,-51.95,-65.00,-50.18,-53.92,-56.03,-51.56,-56.36,2026-07-19 12:15:03+00:00
2026-07-19T12:16:03+00:00,-46.05,-57.31,-65.02,-60.97,-66.14,-49.35,-48.31,-50.82,-50.85,-44.84,-51.95,-65.43,-50.18,-53.84,-55.99,-51.47,-55.60,2026-07-19 12:16:03+00:00
2026-07-19T12:17:04+00:00,-46.14,-56.42,-65.02,-61.02,-66.40,-45.14,-47.91,-50.86,-50.31,-44.76,-51.96,-65.34,-50.20,-54.03,-56.22,-51.64,-57.02,2026-07-19 12:17:04+00:00
2026-07-19T12:18:04+00:00,-46.46,-56.95,-63.93,-60.74,-65.88,-45.09,-48.24,-50.80,-50.12,-44.89,-51.81,-64.07,-50.06,-54.14,-55.63,-51.49,-56.88,2026-07-19 12:18:04+00:00
2026-07-19T12:19:03+00:00,-46.79,-57.12,-63.33,-60.91,-66.33,-45.30,-48.03,-50.90,-50.34,-44.64,-51.53,-63.60,-50.13,-53.93,-56.46,-51.72,-56.89,2026-07-19 12:19:03+00:00
2026-07-19T12:20:03+00:00,-46.56,-56.30,-63.24,-61.00,-67.00,-45.19,-48.27,-50.87,-49.83,-44.73,-52.06,-63.40,-50.04,-54.24,-55.86,-51.48,-57.43,2026-07-19 12:20:03+00:00
2026-07-19T12:21:04+00:00,-47.18,-56.65,-63.51,-61.10,-65.77,-45.26,-48.23,-50.71,-49.88,-44.75,-51.81,-64.18,-49.84,-53.94,-56.06,-51.35,-57.30,2026-07-19 12:21:04+00:00
2026-07-19T12:22:03+00:00,-47.15,-56.68,-63.59,-60.54,-65.73,-45.48,-48.14,-50.83,-49.85,-44.67,-51.51,-63.38,-49.91,-54.12,-56.19,-51.34,-57.46,2026-07-19 12:22:03+00:00
2026-07-19T12:23:03+00:00,-46.91,-56.64,-63.30,-60.76,-66.36,-45.26,-47.99,-50.82,-51.04,-44.61,-51.67,-63.13,-50.06,-53.92,-56.10,-51.15,-56.65,2026-07-19 12:23:03+00:00
2026-07-19T12:24:04+00:00,-46.43,-56.73,-63.78,-60.49,-65.64,-45.10,-48.36,-50.81,-50.34,-44.66,-51.85,-63.09,-49.81,-54.19,-56.07,-51.10,-56.02,2026-07-19 12:24:04+00:00
2026-07-19T12:25:04+00:00,-45.67,-56.71,-63.47,-60.39,-66.18,-45.51,-48.08,-50.86,-50.41,-44.87,-51.78,-63.44,-49.80,-54.23,-56.37,-51.19,-56.74,2026-07-19 12:25:04+00:00
2026-07-19T12:26:03+00:00,-46.92,-55.72,-63.14,-60.65,-66.59,-45.55,-48.24,-51.16,-50.62,-44.58,-51.34,-63.39,-49.68,-54.14,-56.08,-50.84,-56.96,2026-07-19 12:26:03+00:00
2026-07-19T12:27:03+00:00,-46.73,-56.76,-62.97,-61.11,-65.78,-45.50,-48.00,-51.12,-49.49,-44.49,-51.59,-62.95,-50.04,-54.27,-55.98,-51.17,-56.73,2026-07-19 12:27:03+00:00
2026-07-19T12:28:04+00:00,-46.56,-56.82,-63.45,-60.55,-65.85,-45.26,-47.82,-51.17,-49.76,-44.55,-51.29,-63.08,-50.32,-54.28,-56.12,-51.00,-57.02,2026-07-19 12:28:04+00:00
2026-07-19T12:29:04+00:00,-46.49,-56.42,-63.19,-60.59,-65.52,-45.62,-48.29,-51.06,-49.82,-44.54,-51.66,-62.56,-49.95,-53.94,-56.10,-51.07,-56.64,2026-07-19 12:29:04+00:00
2026-07-19T12:30:03+00:00,-47.12,-56.76,-63.69,-60.84,-66.40,-45.59,-48.14,-51.18,-50.09,-44.51,-51.56,-63.91,-49.90,-53.97,-55.91,-50.85,-56.95,2026-07-19 12:30:03+00:00
2026-07-19T12:31:04+00:00,-47.40,-56.57,-64.53,-60.64,-64.98,-45.62,-48.35,-51.10,-49.74,-44.62,-51.56,-64.12,-50.69,-53.98,-55.84,-51.14,-56.55,2026-07-19 12:31:04+00:00
2026-07-19T12:32:03+00:00,-46.83,-56.58,-63.79,-60.47,-65.80,-45.58,-47.85,-51.16,-49.82,-44.47,-51.51,-62.79,-49.72,-53.95,-56.24,-51.28,-56.36,2026-07-19 12:32:03+00:00
2026-07-19T12:33:04+00:00,-46.68,-56.26,-63.31,-60.69,-66.23,-45.66,-47.79,-51.17,-49.85,-44.53,-51.53,-62.86,-50.10,-53.78,-56.22,-51.35,-55.93,2026-07-19 12:33:04+00:00
2026-07-19T12:34:04+00:00,-47.53,-56.31,-62.52,-60.58,-66.74,-45.53,-48.02,-51.18,-49.85,-44.31,-51.19,-63.13,-50.38,-53.59,-56.03,-51.30,-56.35,2026-07-19 12:34:04+00:00
2026-07-19T12:35:04+00:00,-47.49,-56.52,-63.17,-60.40,-66.83,-45.54,-47.75,-51.27,-49.76,-44.24,-51.50,-63.26,-49.04,-53.56,-56.09,-51.29,-56.59,2026-07-19 12:35:04+00:00
2026-07-19T12:36:04+00:00,-45.00,-56.40,-64.14,-60.37,-66.05,-45.69,-47.85,-51.20,-49.93,-44.44,-51.48,-63.11,-50.86,-53.56,-56.28,-51.06,-55.42,2026-07-19 12:36:04+00:00
2026-07-19T12:37:03+00:00,-46.65,-56.35,-63.01,-60.40,-65.24,-45.62,-48.12,-51.16,-49.60,-44.00,-51.29,-63.35,-51.09,-53.56,-56.23,-51.23,-55.74,2026-07-19 12:37:03+00:00
2026-07-19T12:38:03+00:00,-47.64,-56.02,-62.69,-60.10,-66.05,-45.72,-47.91,-51.11,-49.64,-44.15,-51.67,-63.68,-50.04,-53.54,-56.12,-51.34,-56.41,2026-07-19 12:38:03+00:00
2026-07-19T12:39:04+00:00,-45.68,-56.23,-62.93,-60.68,-66.33,-45.68,-48.11,-51.03,-49.75,-44.00,-51.59,-63.25,-50.53,-53.62,-56.37,-51.46,-55.86,2026-07-19 12:39:04+00:00
2026-07-19T12:40:04+00:00,-47.44,-53.85,-62.64,-60.52,-65.97,-45.80,-48.13,-51.07,-49.89,-43.87,-51.34,-63.73,-50.40,-53.42,-55.89,-51.54,-57.47,2026-07-19 12:40:04+00:00
2026-07-19T12:41:03+00:00,-47.07,-54.03,-62.61,-60.39,-66.27,-45.80,-47.95,-51.05,-49.43,-43.95,-51.33,-63.48,-51.62,-53.47,-55.97,-51.72,-56.81,2026-07-19 12:41:03+00:00
2026-07-19T12:42:03+00:00,-47.54,-54.26,-62.07,-60.79,-65.91,-46.01,-47.98,-51.07,-50.17,-43.95,-50.99,-64.24,-54.25,-53.65,-56.09,-51.92,-56.66,2026-07-19 12:42:03+00:00
2026-07-19T12:43:04+00:00,-47.69,-54.48,-62.42,-60.32,-65.91,-45.82,-48.48,-51.22,-50.23,-44.26,-50.97,-64.71,-55.00,-53.66,-56.03,-51.87,-56.63,2026-07-19 12:43:04+00:00
2026-07-19T12:44:03+00:00,-47.37,-54.08,-62.06,-60.39,-66.69,-45.97,-48.19,-51.15,-50.18,-44.26,-50.46,-65.31,-55.02,-53.83,-55.88,-51.77,-56.59,2026-07-19 12:44:03+00:00
2026-07-19T12:45:03+00:00,-47.51,-54.41,-62.07,-60.69,-65.40,-46.03,-47.93,-51.14,-50.02,-43.84,-50.52,-64.83,-54.90,-53.64,-56.00,-51.76,-56.70,2026-07-19 12:45:03+00:00
2026-07-19T12:46:04+00:00,-47.15,-54.04,-61.76,-60.52,-65.87,-45.91,-48.40,-51.19,-50.39,-43.79,-50.52,-65.07,-54.80,-53.84,-56.02,-51.89,-56.29,2026-07-19 12:46:04+00:00
2026-07-19T12:47:04+00:00,-47.11,-54.44,-61.60,-60.69,-66.26,-46.10,-48.19,-51.19,-50.09,-43.91,-50.62,-64.96,-55.13,-53.89,-55.96,-52.02,-56.31,2026-07-19 12:47:04+00:00
2026-07-19T12:48:04+00:00,-47.24,-54.72,-61.65,-61.17,-66.35,-46.26,-48.05,-51.18,-50.25,-43.92,-50.49,-64.76,-54.99,-54.21,-56.25,-51.86,-56.83,2026-07-19 12:48:04+00:00
2026-07-19T12:49:03+00:00,-46.98,-54.73,-61.28,-61.02,-65.59,-46.07,-48.45,-51.24,-50.13,-43.94,-50.54,-64.91,-54.86,-54.37,-56.20,-51.87,-55.95,2026-07-19 12:49:03+00:00
2026-07-19T12:50:04+00:00,-46.96,-54.94,-61.33,-60.46,-65.38,-46.29,-48.03,-51.31,-50.30,-43.76,-50.12,-64.92,-54.69,-54.35,-56.02,-51.96,-56.12,2026-07-19 12:50:04+00:00
2026-07-19T12:51:04+00:00,-47.58,-54.66,-61.08,-60.60,-67.67,-46.20,-48.20,-51.32,-50.52,-43.90,-50.17,-64.83,-54.59,-54.34,-55.84,-51.90,-56.23,2026-07-19 12:51:04+00:00
2026-07-19T12:52:03+00:00,-47.17,-54.64,-60.70,-60.67,-65.67,-46.17,-48.33,-51.29,-52.28,-43.28,-49.85,-64.39,-54.73,-54.36,-56.19,-51.63,-56.29,2026-07-19 12:52:03+00:00
2026-07-19T12:53:03+00:00,-48.24,-54.75,-60.85,-60.27,-65.25,-46.13,-48.12,-51.32,-52.40,-43.61,-50.62,-64.56,-54.87,-54.30,-56.07,-51.72,-56.64,2026-07-19 12:53:03+00:00
2026-07-19T12:54:04+00:00,-48.13,-54.24,-64.58,-60.46,-67.02,-46.43,-47.94,-51.32,-51.95,-43.81,-50.24,-65.61,-55.16,-54.30,-56.41,-51.51,-56.95,2026-07-19 12:54:04+00:00
2026-07-19T12:55:04+00:00,-47.54,-55.12,-64.11,-60.76,-66.43,-46.11,-48.07,-51.22,-52.05,-43.86,-48.90,-65.18,-55.18,-54.30,-55.71,-51.52,-56.57,2026-07-19 12:55:04+00:00
2026-07-19T12:56:03+00:00,-46.99,-55.01,-64.15,-60.73,-65.42,-46.23,-48.08,-51.27,-52.22,-43.71,-47.76,-65.20,-55.17,-54.19,-55.90,-51.48,-56.62,2026-07-19 12:56:03+00:00
2026-07-19T12:57:03+00:00,-47.38,-54.68,-64.17,-60.79,-66.17,-46.19,-48.03,-51.30,-51.89,-43.73,-47.96,-64.17,-54.93,-54.26,-56.35,-51.25,-56.53,2026-07-19 12:57:03+00:00
2026-07-19T12:58:04+00:00,-47.58,-55.21,-65.91,-60.25,-65.72,-46.10,-48.11,-51.34,-52.52,-44.42,-47.66,-63.37,-54.92,-54.19,-56.07,-51.17,-55.91,2026-07-19 12:58:04+00:00
2026-07-19T12:59:04+00:00,-47.69,-54.67,-64.96,-60.50,-66.41,-46.07,-48.05,-51.40,-52.50,-44.32,-47.96,-60.25,-55.02,-54.12,-56.01,-50.98,-56.20,2026-07-19 12:59:04+00:00
2026-07-19T13:00:03+00:00,-47.29,-55.52,-65.40,-60.36,-66.94,-46.12,-47.97,-51.35,-52.15,-44.64,-48.30,-59.68,-55.00,-54.38,-56.15,-51.01,-52.98,2026-07-19 13:00:03+00:00
2026-07-19T13:01:04+00:00,-47.56,-55.38,-65.92,-60.83,-65.91,-51.16,-47.85,-51.37,-52.24,-44.81,-48.21,-60.47,-54.75,-54.13,-55.87,-50.93,-52.95,2026-07-19 13:01:04+00:00
2026-07-19T13:02:04+00:00,-47.09,-55.92,-65.73,-60.48,-66.08,-51.13,-47.77,-51.37,-52.27,-44.70,-48.45,-60.16,-54.57,-54.30,-56.10,-50.79,-52.09,2026-07-19 13:02:04+00:00
2026-07-19T13:03:03+00:00,-47.35,-55.81,-65.82,-60.55,-67.02,-51.06,-48.07,-51.35,-52.32,-44.85,-48.28,-59.75,-54.57,-54.40,-55.70,-50.84,-52.82,2026-07-19 13:03:03+00:00
2026-07-19T13:04:03+00:00,-47.50,-55.90,-66.40,-60.42,-65.92,-51.08,-48.12,-51.38,-52.61,-45.02,-48.15,-59.85,-55.13,-54.60,-55.92,-50.73,-53.83,2026-07-19 13:04:03+00:00
2026-07-19T13:05:04+00:00,-47.38,-56.05,-66.15,-60.73,-65.77,-51.08,-47.77,-51.36,-52.28,-45.16,-48.04,-59.73,-55.32,-54.82,-55.28,-50.58,-56.51,2026-07-19 13:05:04+00:00
2026-07-19T13:06:04+00:00,-47.01,-56.42,-66.40,-60.52,-66.57,-51.17,-47.97,-51.39,-52.50,-45.23,-48.20,-59.44,-55.36,-54.96,-56.15,-50.69,-57.21,2026-07-19 13:06:04+00:00
2026-07-19T13:07:04+00:00,-47.27,-56.28,-66.74,-60.64,-65.26,-51.00,-48.18,-51.32,-52.25,-45.05,-48.11,-59.14,-55.31,-54.99,-55.76,-50.45,-57.12,2026-07-19 13:07:04+00:00
2026-07-19T13:08:03+00:00,-47.53,-56.25,-66.09,-60.28,-65.83,-51.03,-47.90,-51.20,-53.58,-45.23,-48.01,-58.08,-55.29,-55.28,-55.81,-50.55,-56.93,2026-07-19 13:08:03+00:00
2026-07-19T13:09:03+00:00,-46.83,-56.30,-67.52,-60.72,-66.68,-51.15,-48.33,-51.35,-53.38,-45.37,-48.18,-57.83,-55.39,-55.31,-55.69,-50.51,-56.29,2026-07-19 13:09:03+00:00
2026-07-19T13:10:04+00:00,-47.57,-56.27,-67.37,-60.70,-66.33,-51.12,-47.99,-51.39,-53.71,-45.14,-48.07,-57.14,-55.57,-55.79,-55.99,-50.56,-56.56,2026-07-19 13:10:04+00:00
2026-07-19T13:11:04+00:00,-47.50,-56.25,-67.43,-60.18,-66.78,-50.84,-47.82,-51.39,-53.30,-45.22,-48.14,-60.81,-55.23,-55.70,-55.60,-50.78,-56.56,2026-07-19 13:11:04+00:00
2026-07-19T13:12:03+00:00,-47.12,-55.83,-68.07,-60.51,-65.77,-51.04,-48.41,-51.43,-52.58,-45.08,-47.93,-65.13,-55.55,-56.20,-55.57,-50.50,-56.84,2026-07-19 13:12:03+00:00
2026-07-19T13:13:03+00:00,-46.70,-55.77,-67.79,-60.56,-66.16,-50.95,-47.73,-51.37,-52.56,-45.05,-47.85,-65.37,-55.53,-56.37,-55.83,-50.63,-56.60,2026-07-19 13:13:03+00:00
2026-07-19T13:14:04+00:00,-47.29,-55.99,-67.62,-60.34,-66.67,-51.10,-47.71,-51.41,-52.31,-45.13,-48.60,-65.12,-55.34,-56.30,-55.64,-50.19,-57.05,2026-07-19 13:14:04+00:00
2026-07-19T13:15:04+00:00,-47.58,-55.84,-67.95,-60.20,-66.37,-51.03,-47.83,-51.39,-52.01,-45.22,-48.73,-66.96,-55.44,-56.61,-55.54,-50.43,-56.66,2026-07-19 13:15:04+00:00
2026-07-19T13:16:03+00:00,-47.58,-55.47,-68.17,-60.28,-65.52,-51.08,-47.90,-51.47,-52.12,-44.92,-48.95,-67.03,-55.28,-56.48,-55.62,-50.47,-56.50,2026-07-19 13:16:03+00:00
2026-07-19T13:17:03+00:00,-47.68,-55.87,-67.07,-60.67,-66.60,-51.06,-48.03,-51.41,-52.04,-44.93,-48.78,-58.27,-55.34,-56.87,-55.14,-50.00,-56.50,2026-07-19 13:17:03+00:00
2026-07-19T13:18:04+00:00,-47.35,-55.81,-65.97,-60.62,-66.28,-50.94,-47.75,-51.32,-52.00,-44.96,-48.55,-56.74,-55.38,-57.02,-55.66,-50.04,-56.89,2026-07-19 13:18:04+00:00
2026-07-19T13:19:04+00:00,-47.60,-55.31,-67.63,-60.22,-66.09,-51.01,-48.09,-51.27,-51.16,-44.35,-46.87,-59.43,-55.34,-57.05,-55.45,-50.16,-57.17,2026-07-19 13:19:04+00:00
2026-07-19T13:20:03+00:00,-46.69,-55.42,-65.59,-60.38,-66.52,-50.95,-47.56,-51.25,-51.05,-44.32,-47.20,-57.69,-55.30,-57.52,-55.63,-50.30,-56.63,2026-07-19 13:20:03+00:00
2026-07-19T13:21:03+00:00,-47.48,-54.05,-64.73,-60.48,-66.08,-50.80,-47.81,-51.24,-51.18,-44.32,-47.18,-59.73,-55.14,-57.10,-55.04,-50.40,-56.62,2026-07-19 13:21:03+00:00
2026-07-19T13:22:04+00:00,-46.89,-55.59,-63.40,-60.07,-66.23,-50.77,-47.86,-51.27,-51.44,-44.14,-47.07,-61.81,-55.19,-57.21,-55.70,-50.43,-56.80,2026-07-19 13:22:04+00:00
2026-07-19T13:23:04+00:00,-46.68,-55.47,-64.27,-60.68,-66.16,-50.32,-47.91,-51.32,-51.14,-44.10,-46.62,-63.86,-55.21,-57.23,-55.23,-50.30,-56.88,2026-07-19 13:23:04+00:00
2026-07-19T13:24:03+00:00,-47.82,-56.03,-65.50,-60.68,-65.64,-49.25,-47.52,-51.28,-51.11,-43.97,-46.69,-64.90,-55.21,-57.42,-55.46,-50.43,-56.62,2026-07-19 13:24:03+00:00
2026-07-19T13:25:03+00:00,-47.57,-56.65,-66.10,-60.24,-66.63,-48.96,-47.78,-51.30,-51.12,-44.04,-46.40,-65.22,-55.28,-57.10,-55.80,-50.50,-56.34,2026-07-19 13:25:03+00:00
2026-07-19T13:26:04+00:00,-46.65,-55.77,-66.40,-60.53,-66.25,-45.01,-47.77,-51.21,-51.08,-44.17,-46.29,-65.06,-55.28,-57.05,-55.32,-50.78,-56.14,2026-07-19 13:26:04+00:00
2026-07-19T13:27:04+00:00,-47.20,-55.62,-64.91,-60.51,-66.13,-45.33,-47.82,-51.29,-51.70,-44.08,-46.33,-63.91,-54.99,-56.99,-55.46,-50.69,-57.23,2026-07-19 13:27:04+00:00
2026-07-19T13:28:04+00:00,-47.47,-56.49,-63.67,-60.66,-66.76,-45.27,-47.62,-51.31,-51.99,-43.96,-46.63,-61.80,-55.19,-57.31,-55.64,-50.47,-57.17,2026-07-19 13:28:04+00:00
2026-07-19T13:29:03+00:00,-47.14,-56.41,-64.86,-60.42,-66.42,-45.42,-47.91,-51.40,-52.28,-43.86,-46.35,-62.72,-54.94,-57.07,-55.79,-50.60,-56.92,2026-07-19 13:29:03+00:00
2026-07-19T13:30:03+00:00,-47.38,-56.46,-67.27,-60.42,-65.75,-45.02,-47.95,-51.46,-52.34,-43.78,-46.34,-63.11,-55.12,-57.17,-55.87,-50.77,-56.71,2026-07-19 13:30:03+00:00
2026-07-19T13:31:05+00:00,-46.61,-56.93,-67.75,-60.53,-66.17,-45.20,-47.70,-51.45,-52.57,-43.89,-46.19,-61.89,-55.08,-57.20,-56.18,-50.58,-57.42,2026-07-19 13:31:05+00:00
2026-07-19T13:32:04+00:00,-46.94,-56.17,-67.87,-60.21,-66.09,-45.51,-47.70,-51.60,-52.34,-43.95,-46.18,-62.67,-55.13,-57.19,-55.73,-50.72,-56.59,2026-07-19 13:32:04+00:00
2026-07-19T13:33:04+00:00,-47.55,-56.43,-68.26,-60.52,-65.86,-45.55,-47.75,-51.65,-52.83,-43.61,-46.10,-62.91,-55.33,-57.18,-55.41,-50.50,-56.90,2026-07-19 13:33:04+00:00
2026-07-19T13:34:03+00:00,-47.00,-56.25,-67.99,-60.54,-66.72,-45.49,-47.70,-51.54,-52.82,-43.61,-46.37,-63.49,-55.25,-57.38,-55.57,-50.45,-57.54,2026-07-19 13:34:03+00:00
2026-07-19T13:35:03+00:00,-47.02,-56.44,-67.67,-60.29,-66.33,-45.45,-47.93,-51.62,-53.01,-43.58,-45.84,-63.81,-55.00,-57.43,-55.80,-50.73,-57.37,2026-07-19 13:35:03+00:00
2026-07-19T13:36:04+00:00,-46.05,-56.54,-66.62,-60.38,-65.40,-45.56,-47.79,-51.63,-52.83,-43.63,-45.71,-64.37,-55.15,-57.40,-55.89,-50.53,-57.17,2026-07-19 13:36:04+00:00
2026-07-19T13:37:04+00:00,-47.42,-56.69,-68.04,-60.31,-65.63,-45.41,-47.97,-51.64,-52.82,-43.40,-45.57,-65.01,-55.46,-57.56,-55.88,-50.30,-54.16,2026-07-19 13:37:04+00:00
2026-07-19T13:38:04+00:00,-47.67,-55.74,-68.18,-60.60,-66.42,-45.51,-47.90,-51.61,-53.25,-43.66,-45.42,-66.60,-55.42,-57.70,-56.00,-50.62,-53.98,2026-07-19 13:38:04+00:00
2026-07-19T13:39:03+00:00,-47.07,-56.28,-68.00,-61.00,-66.46,-45.62,-47.95,-51.63,-53.03,-43.12,-44.53,-66.65,-55.30,-57.46,-55.93,-50.30,-57.20,2026-07-19 13:39:03+00:00
2026-07-19T13:40:04+00:00,-47.64,-56.07,-68.05,-60.54,-66.22,-45.46,-47.74,-51.59,-52.80,-43.18,-44.42,-65.21,-55.25,-57.78,-55.85,-50.34,-56.91,2026-07-19 13:40:04+00:00
2026-07-19T13:41:04+00:00,-47.62,-56.57,-67.86,-60.18,-66.11,-45.73,-47.69,-51.62,-53.10,-43.11,-44.25,-65.03,-55.48,-57.78,-56.00,-50.10,-56.68,2026-07-19 13:41:04+00:00
2026-07-19T13:42:03+00:00,-47.40,-56.03,-68.06,-60.21,-67.03,-45.64,-47.74,-51.61,-52.71,-43.01,-44.28,-65.09,-55.41,-57.99,-55.78,-50.16,-57.03,2026-07-19 13:42:03+00:00
2026-07-19T13:43:03+00:00,-46.43,-55.89,-67.84,-60.69,-66.20,-45.51,-47.80,-51.66,-53.13,-42.97,-44.28,-66.05,-55.64,-57.96,-55.89,-50.14,-57.36,2026-07-19 13:43:03+00:00
2026-07-19T13:44:04+00:00,-47.66,-56.02,-67.79,-60.67,-66.06,-45.60,-48.13,-51.61,-53.06,-43.07,-44.58,-66.24,-55.40,-57.97,-55.91,-49.91,-56.93,2026-07-19 13:44:04+00:00
2026-07-19T13:45:04+00:00,-47.44,-56.14,-67.79,-60.52,-66.64,-45.54,-47.98,-51.59,-52.86,-43.11,-44.31,-66.49,-55.50,-58.48,-56.04,-49.96,-56.82,2026-07-19 13:45:04+00:00
2026-07-19T13:46:03+00:00,-47.49,-55.58,-67.75,-60.21,-66.43,-45.54,-47.72,-51.56,-53.28,-43.03,-44.54,-66.69,-55.59,-58.41,-55.45,-49.86,-57.34,2026-07-19 13:46:03+00:00
2026-07-19T13:47:03+00:00,-47.68,-56.17,-67.99,-60.42,-65.76,-45.54,-48.00,-51.46,-53.05,-43.30,-44.60,-66.77,-55.56,-58.35,-55.50,-49.58,-56.90,2026-07-19 13:47:03+00:00
2026-07-19T13:48:04+00:00,-46.75,-56.14,-67.87,-59.88,-65.73,-45.56,-47.93,-51.50,-52.75,-43.23,-44.33,-66.49,-55.49,-58.39,-55.90,-49.67,-56.96,2026-07-19 13:48:04+00:00
2026-07-19T13:49:04+00:00,-47.52,-55.98,-67.84,-60.38,-66.43,-45.64,-48.10,-51.60,-52.85,-43.02,-44.26,-66.67,-55.49,-58.22,-55.92,-49.57,-57.23,2026-07-19 13:49:04+00:00
2026-07-19T13:50:03+00:00,-46.78,-55.97,-67.92,-60.60,-65.08,-45.83,-47.71,-51.47,-52.80,-42.89,-43.86,-66.74,-55.34,-58.29,-55.64,-49.39,-57.48,2026-07-19 13:50:03+00:00
2026-07-19T13:51:03+00:00,-47.18,-57.21,-67.24,-60.17,-66.01,-45.63,-47.87,-51.39,-53.05,-42.98,-44.02,-66.61,-55.56,-58.02,-55.86,-49.27,-53.41,2026-07-19 13:51:03+00:00
2026-07-19T13:52:04+00:00,-47.73,-56.44,-67.92,-60.01,-65.51,-45.45,-48.47,-51.39,-52.99,-43.01,-44.48,-66.48,-55.40,-57.99,-55.30,-49.27,-56.86,2026-07-19 13:52:04+00:00
2026-07-19T13:53:04+00:00,-47.34,-56.64,-67.73,-60.64,-66.03,-45.90,-47.96,-51.43,-52.69,-43.01,-44.57,-67.02,-55.27,-58.05,-55.53,-49.09,-56.84,2026-07-19 13:53:04+00:00
2026-07-19T13:54:03+00:00,-46.38,-56.65,-67.73,-60.34,-65.71,-45.55,-48.03,-50.83,-52.84,-43.03,-44.07,-66.93,-55.56,-57.69,-55.83,-49.19,-56.91,2026-07-19 13:54:03+00:00
2026-07-19T13:55:03+00:00,-47.13,-56.90,-68.22,-60.78,-65.88,-45.50,-48.13,-51.03,-52.89,-43.05,-44.44,-67.39,-55.40,-57.70,-55.42,-49.26,-57.60,2026-07-19 13:55:03+00:00
2026-07-19T13:56:04+00:00,-45.27,-53.81,-67.69,-60.06,-65.73,-45.66,-48.07,-51.00,-52.42,-43.13,-44.66,-67.08,-55.39,-57.94,-56.22,-49.00,-56.22,2026-07-19 13:56:04+00:00
2026-07-19T13:57:04+00:00,-47.86,-56.38,-67.79,-60.46,-67.08,-45.78,-48.24,-50.99,-52.06,-42.98,-44.45,-66.98,-55.25,-57.74,-55.76,-49.35,-56.65,2026-07-19 13:57:04+00:00
2026-07-19T13:58:03+00:00,-48.14,-56.17,-67.01,-60.13,-66.57,-51.10,-48.24,-50.90,-51.69,-43.18,-44.56,-66.05,-55.54,-57.74,-55.98,-49.42,-56.94,2026-07-19 13:58:03+00:00
2026-07-19T13:59:03+00:00,-47.66,-56.10,-67.91,-60.48,-66.54,-51.04,-48.10,-50.96,-51.46,-43.06,-44.70,-67.05,-55.53,-57.78,-56.03,-49.41,-53.43,2026-07-19 13:59:03+00:00
2026-07-19T14:00:04+00:00,-47.32,-56.02,-68.51,-60.66,-66.41,-51.06,-48.52,-50.88,-51.73,-43.10,-44.57,-67.48,-55.45,-57.85,-55.74,-49.27,-53.56,2026-07-19 14:00:04+00:00
2026-07-19T14:01:05+00:00,-46.81,-55.37,-67.76,-60.81,-65.77,-50.79,-48.11,-51.11,-51.62,-43.24,-44.24,-67.07,-55.50,-57.89,-55.75,-49.50,-53.18,2026-07-19 14:01:05+00:00
2026-07-19T14:02:03+00:00,-47.85,-55.61,-67.84,-60.71,-66.44,-50.94,-48.03,-51.01,-50.66,-43.29,-44.20,-66.89,-55.61,-58.32,-56.01,-49.19,-53.62,2026-07-19 14:02:03+00:00
2026-07-19T14:03:04+00:00,-47.96,-55.54,-68.39,-60.66,-66.91,-50.84,-48.28,-51.07,-51.12,-43.31,-44.24,-67.07,-55.70,-58.37,-56.40,-49.61,-53.61,2026-07-19 14:03:04+00:00
2026-07-19T14:04:04+00:00,-47.24,-55.59,-68.01,-60.74,-66.22,-51.13,-47.75,-50.99,-51.16,-43.33,-44.33,-66.96,-55.64,-58.47,-56.07,-49.57,-53.25,2026-07-19 14:04:04+00:00
2026-07-19T14:05:03+00:00,-47.81,-56.18,-66.65,-60.15,-66.24,-51.16,-48.37,-51.07,-51.13,-43.18,-44.59,-65.51,-55.05,-58.80,-55.54,-49.34,-53.12,2026-07-19 14:05:03+00:00
2026-07-19T14:06:03+00:00,-47.73,-56.45,-68.23,-60.04,-65.99,-50.96,-48.02,-51.10,-50.98,-43.01,-44.24,-65.52,-55.30,-59.29,-56.18,-49.40,-53.30,2026-07-19 14:06:03+00:00
2026-07-19T14:07:04+00:00,-47.10,-55.66,-68.25,-60.59,-65.61,-51.12,-47.97,-51.05,-51.35,-43.26,-44.08,-64.50,-55.70,-59.48,-55.74,-49.37,-54.25,2026-07-19 14:07:04+00:00
2026-07-19T14:08:03+00:00,-46.78,-55.81,-67.68,-60.07,-66.83,-50.92,-48.18,-51.06,-50.90,-43.11,-44.29,-63.32,-55.65,-60.09,-56.05,-49.45,-53.31,2026-07-19 14:08:03+00:00
2026-07-19T14:09:03+00:00,-47.03,-55.81,-67.79,-60.36,-66.73,-50.96,-48.31,-50.98,-51.01,-42.97,-44.28,-62.82,-55.35,-59.89,-55.84,-49.20,-53.24,2026-07-19 14:09:03+00:00
2026-07-19T14:10:03+00:00,-46.69,-55.86,-67.99,-60.22,-66.48,-50.86,-47.94,-51.08,-51.36,-43.04,-44.60,-63.31,-55.48,-60.13,-55.47,-49.41,-53.27,2026-07-19 14:10:03+00:00
2026-07-19T14:11:04+00:00,-46.73,-55.44,-67.09,-60.16,-66.78,-51.14,-48.33,-51.00,-51.97,-42.95,-44.43,-62.89,-55.46,-59.77,-55.88,-49.39,-52.84,2026-07-19 14:11:04+00:00
2026-07-19T14:12:04+00:00,-46.89,-55.53,-65.15,-59.70,-66.15,-50.84,-48.03,-51.03,-51.85,-42.93,-44.00,-62.19,-55.18,-59.48,-55.57,-49.37,-53.83,2026-07-19 14:12:04+00:00
2026-07-19T14:13:03+00:00,-47.00,-55.78,-68.02,-60.02,-66.72,-50.98,-48.36,-51.15,-52.06,-43.14,-44.26,-63.41,-55.36,-60.14,-55.38,-49.41,-56.76,2026-07-19 14:13:03+00:00
2026-07-19T14:14:04+00:00,-47.20,-56.05,-66.98,-60.22,-66.28,-50.98,-48.33,-51.07,-52.13,-43.18,-44.09,-63.31,-55.65,-60.11,-55.61,-49.06,-56.63,2026-07-19 14:14:04+00:00
2026-07-19T14:15:04+00:00,-46.85,-56.00,-67.90,-60.54,-65.85,-50.98,-48.25,-51.05,-52.56,-43.39,-43.96,-63.65,-55.48,-60.30,-55.83,-49.06,-55.91,2026-07-19 14:15:04+00:00
2026-07-19T14:16:04+00:00,-47.46,-55.60,-64.81,-59.50,-65.63,-50.95,-48.07,-50.96,-52.32,-43.40,-44.06,-62.22,-54.93,-59.36,-55.52,-49.04,-55.03,2026-07-19 14:16:04+00:00
2026-07-19T14:17:03+00:00,-46.84,-55.70,-67.89,-60.09,-65.27,-51.11,-48.57,-51.08,-52.32,-43.25,-44.36,-62.82,-56.25,-59.88,-55.62,-48.92,-56.41,2026-07-19 14:17:03+00:00
2026-07-19T14:18:04+00:00,-46.56,-55.40,-67.67,-60.21,-66.87,-50.89,-47.64,-51.17,-52.17,-43.16,-43.81,-63.42,-56.12,-59.98,-55.71,-48.91,-56.85,2026-07-19 14:18:04+00:00
2026-07-19T14:19:04+00:00,-47.01,-56.27,-67.70,-60.60,-65.96,-50.95,-47.97,-51.15,-52.39,-43.07,-44.28,-64.42,-54.96,-59.58,-55.68,-48.72,-56.42,2026-07-19 14:19:04+00:00
2026-07-19T14:20:04+00:00,-47.02,-55.65,-67.93,-60.40,-66.49,-51.02,-48.25,-51.03,-52.37,-43.36,-44.31,-65.83,-54.64,-59.55,-55.48,-48.57,-56.75,2026-07-19 14:20:04+00:00
2026-07-19T14:21:03+00:00,-47.00,-55.65,-62.73,-58.97,-65.32,-50.89,-47.99,-50.94,-52.44,-43.25,-44.26,-62.45,-54.51,-58.34,-55.26,-48.45,-54.73,2026-07-19 14:21:03+00:00
2026-07-19T14:22:04+00:00,-46.87,-56.57,-67.58,-59.73,-65.40,-49.40,-47.95,-51.05,-52.29,-43.25,-44.30,-65.84,-54.87,-59.52,-55.76,-48.70,-55.96,2026-07-19 14:22:04+00:00
2026-07-19T14:23:04+00:00,-46.86,-56.11,-68.31,-60.10,-66.82,-49.38,-48.22,-51.19,-52.64,-43.41,-44.46,-67.07,-54.80,-59.54,-55.78,-48.46,-56.18,2026-07-19 14:23:04+00:00
2026-07-19T14:24:04+00:00,-47.02,-55.98,-68.24,-60.02,-66.92,-47.89,-47.89,-51.11,-52.28,-43.33,-44.31,-66.85,-55.65,-59.66,-55.95,-48.26,-56.05,2026-07-19 14:24:04+00:00
2026-07-19T14:25:03+00:00,-46.66,-56.47,-68.32,-60.35,-66.49,-48.02,-48.38,-51.19,-52.32,-43.39,-44.17,-66.66,-55.74,-59.56,-56.25,-48.33,-56.61,2026-07-19 14:25:03+00:00
2026-07-19T14:26:04+00:00,-46.53,-56.19,-68.32,-60.38,-66.68,-48.00,-48.02,-51.19,-52.12,-42.92,-43.68,-67.07,-55.92,-59.57,-55.81,-48.08,-56.38,2026-07-19 14:26:04+00:00
2026-07-19T14:27:04+00:00,-46.72,-56.23,-68.29,-60.39,-66.37,-47.82,-48.05,-51.15,-52.28,-42.98,-43.18,-66.31,-55.89,-59.52,-56.11,-48.09,-56.33,2026-07-19 14:27:04+00:00
2026-07-19T14:28:03+00:00,-46.89,-56.28,-68.48,-60.30,-65.71,-48.00,-48.08,-51.29,-52.65,-43.12,-43.56,-67.11,-55.77,-59.36,-55.62,-47.83,-56.53,2026-07-19 14:28:03+00:00
2026-07-19T14:29:03+00:00,-46.74,-57.14,-68.04,-60.73,-66.68,-47.78,-48.14,-51.17,-52.14,-42.99,-44.41,-66.72,-55.91,-59.77,-55.83,-47.63,-55.95,2026-07-19 14:29:03+00:00
2026-07-19T14:30:04+00:00,-46.75,-56.37,-64.35,-58.98,-65.28,-47.63,-47.74,-51.17,-52.43,-43.23,-44.93,-63.35,-55.73,-58.12,-55.30,-47.52,-51.97,2026-07-19 14:30:04+00:00
2026-07-19T14:31:06+00:00,-46.89,-56.45,-66.25,-60.28,-65.57,-47.90,-47.62,-51.20,-52.51,-43.93,-46.14,-65.58,-56.02,-59.94,-55.75,-47.53,-55.79,2026-07-19 14:31:06+00:00
2026-07-19T14:32:04+00:00,-46.72,-56.58,-68.12,-60.45,-66.01,-47.57,-47.93,-51.57,-52.86,-43.91,-46.67,-67.00,-55.90,-60.30,-56.02,-47.32,-56.25,2026-07-19 14:32:04+00:00
2026-07-19T14:33:03+00:00,-46.66,-56.65,-67.72,-60.30,-66.28,-47.92,-47.92,-51.67,-53.68,-43.71,-45.93,-66.57,-55.95,-60.44,-55.96,-47.19,-56.34,2026-07-19 14:33:03+00:00
2026-07-19T14:34:04+00:00,-46.97,-55.48,-67.78,-60.18,-66.47,-48.11,-47.76,-51.72,-53.69,-43.79,-45.97,-67.00,-56.07,-60.12,-55.88,-47.20,-56.30,2026-07-19 14:34:04+00:00
2026-07-19T14:35:04+00:00,-47.06,-56.10,-69.13,-60.33,-66.75,-48.08,-48.15,-51.80,-53.77,-43.77,-45.94,-67.85,-56.02,-60.29,-56.09,-47.00,-56.34,2026-07-19 14:35:04+00:00
2026-07-19T14:36:04+00:00,-46.85,-56.78,-69.45,-60.29,-66.73,-47.95,-47.92,-51.75,-53.67,-43.71,-46.00,-67.76,-56.07,-60.58,-56.27,-47.06,-56.92,2026-07-19 14:36:04+00:00
2026-07-19T14:37:04+00:00,-46.65,-56.91,-69.36,-60.83,-65.71,-47.93,-47.99,-51.87,-53.87,-43.86,-46.04,-68.02,-56.13,-60.27,-55.84,-46.93,-56.05,2026-07-19 14:37:04+00:00
2026-07-19T14:38:03+00:00,-46.17,-56.65,-69.45,-60.62,-65.36,-48.23,-48.15,-51.96,-53.79,-43.59,-45.98,-67.50,-55.82,-60.59,-56.04,-47.06,-56.17,2026-07-19 14:38:03+00:00
2026-07-19T14:39:04+00:00,-46.52,-56.83,-69.52,-60.88,-67.18,-48.08,-47.90,-51.85,-53.47,-43.59,-45.86,-67.88,-56.03,-60.52,-56.54,-46.95,-56.52,2026-07-19 14:39:04+00:00
2026-07-19T14:40:04+00:00,-47.02,-57.11,-69.42,-60.75,-66.65,-48.16,-48.11,-51.91,-53.31,-43.60,-45.96,-68.03,-55.96,-60.71,-56.17,-47.19,-56.99,2026-07-19 14:40:04+00:00
2026-07-19T14:41:04+00:00,-46.65,-56.25,-68.23,-60.51,-66.67,-48.34,-48.08,-52.14,-52.25,-43.75,-45.99,-67.17,-56.01,-60.04,-55.86,-47.24,-56.42,2026-07-19 14:41:04+00:00
2026-07-19T14:42:03+00:00,-47.16,-56.31,-69.33,-60.59,-66.22,-47.97,-48.18,-52.10,-51.38,-43.69,-46.06,-66.06,-55.99,-60.85,-56.12,-47.05,-56.59,2026-07-19 14:42:03+00:00
2026-07-19T14:43:04+00:00,-46.94,-56.68,-68.15,-60.80,-65.46,-48.13,-48.13,-52.11,-51.18,-43.54,-45.70,-64.45,-55.69,-60.78,-56.30,-47.23,-56.85,2026-07-19 14:43:04+00:00
2026-07-19T14:44:04+00:00,-46.63,-57.81,-68.31,-60.61,-66.19,-48.01,-48.00,-52.06,-52.01,-43.80,-45.88,-65.62,-55.58,-60.80,-56.79,-47.03,-56.08,2026-07-19 14:44:04+00:00
2026-07-19T14:45:03+00:00,-47.55,-57.27,-68.18,-61.40,-66.18,-48.10,-47.68,-52.27,-50.90,-43.78,-45.70,-66.75,-55.65,-60.54,-56.44,-47.03,-56.47,2026-07-19 14:45:03+00:00
2026-07-19T14:46:03+00:00,-46.61,-57.73,-67.56,-61.12,-66.71,-48.24,-47.83,-52.21,-51.01,-43.68,-45.99,-66.55,-55.57,-60.73,-56.03,-47.00,-56.41,2026-07-19 14:46:03+00:00
2026-07-19T14:47:04+00:00,-47.13,-57.60,-67.54,-60.83,-66.24,-48.28,-47.66,-52.27,-51.14,-43.86,-45.84,-66.45,-55.49,-60.68,-55.73,-46.82,-57.17,2026-07-19 14:47:04+00:00
2026-07-19T14:48:04+00:00,-47.16,-57.22,-68.00,-61.14,-66.20,-47.53,-47.99,-51.81,-51.09,-43.98,-45.48,-66.52,-55.47,-60.59,-56.34,-46.74,-56.29,2026-07-19 14:48:04+00:00
2026-07-19T14:49:03+00:00,-46.94,-56.98,-66.72,-60.94,-65.94,-48.22,-48.12,-52.16,-51.04,-43.98,-45.96,-65.36,-55.34,-60.21,-55.94,-46.79,-55.82,2026-07-19 14:49:03+00:00
2026-07-19T14:50:03+00:00,-46.88,-57.29,-66.83,-61.11,-66.50,-48.15,-48.04,-52.18,-51.01,-43.91,-46.05,-65.39,-55.53,-60.60,-56.35,-46.66,-56.50,2026-07-19 14:50:03+00:00
2026-07-19T14:51:03+00:00,-46.32,-57.42,-67.99,-61.02,-66.28,-48.23,-47.95,-52.08,-50.99,-43.91,-45.95,-65.72,-55.92,-60.67,-56.63,-46.44,-57.07,2026-07-19 14:51:03+00:00
2026-07-19T14:52:04+00:00,-46.80,-57.59,-65.80,-60.97,-65.50,-48.01,-48.13,-52.18,-50.89,-43.86,-46.00,-64.62,-55.52,-60.49,-56.16,-46.33,-56.59,2026-07-19 14:52:04+00:00
2026-07-19T14:53:04+00:00,-47.31,-57.56,-66.31,-61.55,-66.28,-47.94,-47.80,-52.22,-50.88,-44.01,-45.97,-64.62,-55.50,-60.41,-56.21,-46.41,-56.71,2026-07-19 14:53:04+00:00
2026-07-19T14:54:03+00:00,-47.02,-57.46,-66.33,-61.12,-65.76,-48.21,-47.88,-52.15,-51.14,-43.77,-45.99,-65.04,-55.35,-60.18,-56.57,-46.52,-56.62,2026-07-19 14:54:03+00:00
2026-07-19T14:55:03+00:00,-47.12,-55.17,-67.36,-61.10,-66.38,-48.06,-47.36,-52.06,-51.10,-44.08,-45.75,-65.02,-55.60,-60.20,-56.50,-46.38,-57.35,2026-07-19 14:55:03+00:00
2026-07-19T14:56:04+00:00,-46.53,-57.21,-67.87,-61.17,-66.62,-46.97,-47.02,-52.09,-52.00,-43.75,-46.01,-65.27,-55.34,-60.53,-56.33,-46.48,-55.94,2026-07-19 14:56:04+00:00
2026-07-19T14:57:04+00:00,-47.20,-55.18,-66.36,-61.14,-65.63,-46.87,-46.99,-52.04,-51.90,-43.79,-45.86,-64.40,-55.60,-60.22,-55.97,-46.27,-56.13,2026-07-19 14:57:04+00:00
2026-07-19T14:58:03+00:00,-46.85,-58.05,-68.10,-60.97,-66.51,-46.75,-46.66,-52.09,-51.81,-43.88,-45.86,-65.87,-55.88,-60.42,-56.58,-46.41,-56.61,2026-07-19 14:58:03+00:00
2026-07-19T14:59:03+00:00,-47.33,-58.49,-67.59,-61.10,-66.82,-48.81,-47.01,-52.03,-51.95,-43.87,-45.70,-65.21,-55.71,-60.34,-56.27,-46.38,-57.28,2026-07-19 14:59:03+00:00
2026-07-19T15:00:04+00:00,-46.63,-55.55,-67.75,-60.96,-65.47,-48.60,-46.57,-52.06,-53.07,-43.82,-46.00,-64.62,-55.60,-60.74,-56.11,-46.37,-56.47,2026-07-19 15:00:04+00:00
2026-07-19T15:01:05+00:00,-46.88,-57.93,-67.99,-60.88,-65.72,-51.11,-48.01,-52.26,-53.25,-43.92,-46.06,-65.68,-56.42,-60.52,-56.36,-46.45,-56.48,2026-07-19 15:01:05+00:00
2026-07-19T15:02:03+00:00,-46.23,-58.24,-67.93,-61.15,-66.50,-51.11,-47.98,-52.28,-52.98,-44.01,-46.03,-65.49,-56.16,-60.53,-56.64,-46.42,-57.07,2026-07-19 15:02:03+00:00
2026-07-19T15:03:03+00:00,-46.62,-58.15,-67.90,-61.04,-66.17,-51.16,-48.13,-52.25,-53.03,-43.84,-46.12,-65.00,-56.39,-60.24,-56.18,-46.18,-56.79,2026-07-19 15:03:03+00:00
2026-07-19T15:04:04+00:00,-47.06,-58.06,-67.54,-61.17,-66.96,-51.00,-47.92,-52.29,-53.19,-43.93,-46.02,-64.62,-56.36,-60.19,-55.83,-46.34,-56.85,2026-07-19 15:04:04+00:00
2026-07-19T15:05:04+00:00,-46.29,-55.38,-67.65,-61.32,-66.29,-51.09,-48.26,-52.37,-52.90,-43.79,-45.92,-65.00,-56.33,-60.13,-56.62,-46.18,-57.10,2026-07-19 15:05:04+00:00
2026-07-19T15:06:04+00:00,-46.73,-54.73,-67.67,-61.25,-66.53,-51.03,-48.27,-52.25,-52.63,-44.02,-46.13,-64.42,-56.30,-59.95,-56.28,-46.11,-56.80,2026-07-19 15:06:04+00:00
2026-07-19T15:07:03+00:00,-46.94,-53.82,-67.93,-61.10,-66.05,-51.12,-48.07,-52.22,-52.62,-43.88,-46.20,-64.41,-56.43,-60.35,-56.28,-46.07,-56.56,2026-07-19 15:07:03+00:00
2026-07-19T15:08:03+00:00,-46.55,-56.33,-68.20,-61.45,-65.84,-51.30,-48.27,-52.25,-52.61,-43.82,-46.28,-64.98,-56.37,-59.86,-55.88,-46.12,-56.85,2026-07-19 15:08:03+00:00
2026-07-19T15:09:04+00:00,-46.54,-56.20,-68.19,-61.33,-65.75,-50.99,-48.16,-52.25,-52.54,-44.27,-46.17,-64.97,-56.18,-59.67,-56.41,-45.99,-56.59,2026-07-19 15:09:04+00:00
2026-07-19T15:10:04+00:00,-46.71,-56.25,-67.27,-61.68,-66.04,-51.06,-48.00,-52.15,-52.44,-43.89,-45.98,-64.53,-56.62,-59.57,-56.14,-45.96,-56.64,2026-07-19 15:10:04+00:00
2026-07-19T15:11:03+00:00,-46.21,-56.29,-67.09,-61.11,-65.97,-51.26,-48.30,-52.20,-52.50,-44.13,-45.95,-64.15,-56.33,-59.71,-56.35,-46.17,-56.59,2026-07-19 15:11:03+00:00
2026-07-19T15:12:03+00:00,-46.32,-55.88,-67.38,-60.78,-66.34,-51.19,-48.31,-52.40,-52.27,-43.75,-46.03,-64.42,-56.34,-59.41,-56.06,-46.04,-56.36,2026-07-19 15:12:03+00:00
2026-07-19T15:13:04+00:00,-46.97,-55.77,-67.10,-61.21,-66.22,-51.08,-48.38,-52.26,-52.65,-43.94,-45.95,-64.32,-56.27,-59.19,-56.01,-46.07,-57.03,2026-07-19 15:13:04+00:00
2026-07-19T15:14:03+00:00,-46.39,-55.74,-67.56,-60.81,-65.95,-51.22,-48.40,-52.19,-52.46,-43.76,-45.74,-63.55,-56.19,-58.59,-56.32,-46.07,-56.48,2026-07-19 15:14:03+00:00
2026-07-19T15:15:03+00:00,-47.19,-55.64,-67.78,-60.85,-66.03,-49.20,-47.21,-52.02,-52.61,-43.74,-46.17,-64.96,-55.84,-58.74,-56.59,-46.05,-56.39,2026-07-19 15:15:03+00:00
2026-07-19T15:16:04+00:00,-46.30,-55.83,-67.30,-60.97,-65.59,-51.41,-48.34,-52.12,-52.41,-43.94,-46.22,-64.08,-56.45,-58.78,-56.29,-46.25,-56.60,2026-07-19 15:16:04+00:00
2026-07-19T15:17:04+00:00,-46.95,-57.54,-67.37,-60.84,-66.86,-51.28,-48.19,-52.14,-52.53,-43.65,-45.98,-64.54,-56.37,-58.31,-56.56,-46.28,-55.93,2026-07-19 15:17:04+00:00
2026-07-19T15:18:03+00:00,-46.86,-57.70,-65.69,-60.35,-65.84,-51.02,-48.26,-52.15,-49.12,-43.65,-45.85,-63.40,-56.72,-58.06,-56.83,-46.37,-56.27,2026-07-19 15:18:03+00:00
2026-07-19T15:19:03+00:00,-46.47,-57.21,-66.16,-60.79,-66.85,-51.22,-47.98,-52.16,-48.01,-43.68,-45.83,-63.95,-56.54,-57.75,-56.32,-46.14,-55.88,2026-07-19 15:19:03+00:00
2026-07-19T15:20:04+00:00,-46.41,-57.55,-66.21,-60.57,-66.63,-51.22,-48.18,-52.13,-50.40,-43.88,-45.71,-63.82,-56.74,-57.41,-56.54,-46.16,-56.02,2026-07-19 15:20:04+00:00
2026-07-19T15:21:04+00:00,-47.00,-57.54,-65.45,-61.40,-66.27,-51.04,-48.15,-52.14,-50.15,-43.92,-45.62,-63.23,-56.71,-57.30,-56.72,-46.12,-56.06,2026-07-19 15:21:04+00:00
2026-07-19T15:22:03+00:00,-47.21,-57.08,-66.79,-60.86,-65.81,-49.17,-48.54,-52.30,-50.36,-43.99,-45.70,-63.66,-56.39,-56.82,-56.01,-46.10,-56.10,2026-07-19 15:22:03+00:00
2026-07-19T15:23:03+00:00,-46.99,-57.16,-66.51,-60.86,-66.58,-49.49,-48.69,-52.34,-49.83,-44.03,-45.86,-63.56,-56.43,-56.93,-56.38,-46.00,-55.99,2026-07-19 15:23:03+00:00
2026-07-19T15:24:04+00:00,-46.81,-57.47,-67.03,-61.16,-66.13,-49.23,-48.72,-52.26,-49.52,-43.92,-45.76,-63.71,-56.56,-56.83,-56.80,-45.97,-56.06,2026-07-19 15:24:04+00:00
2026-07-19T15:25:03+00:00,-46.74,-57.59,-66.35,-60.98,-66.60,-45.10,-48.17,-52.24,-49.56,-43.81,-45.78,-63.36,-56.42,-56.68,-56.50,-46.00,-56.17,2026-07-19 15:25:03+00:00
2026-07-19T15:26:03+00:00,-46.62,-57.03,-65.37,-61.19,-66.10,-44.90,-48.05,-51.87,-49.08,-43.99,-45.36,-62.01,-56.55,-56.74,-56.18,-46.11,-55.96,2026-07-19 15:26:03+00:00
2026-07-19T15:27:04+00:00,-46.72,-57.23,-66.04,-61.67,-66.13,-44.93,-47.81,-52.03,-49.88,-43.95,-45.96,-63.75,-56.28,-56.48,-56.55,-46.02,-56.24,2026-07-19 15:27:04+00:00
2026-07-19T15:28:04+00:00,-46.63,-57.45,-65.88,-61.57,-66.11,-45.24,-48.71,-52.22,-51.05,-43.90,-45.91,-63.13,-56.57,-56.74,-56.13,-46.09,-56.08,2026-07-19 15:28:04+00:00
2026-07-19T15:29:03+00:00,-46.68,-57.28,-64.23,-61.31,-66.06,-44.88,-48.32,-52.26,-51.05,-43.87,-45.93,-63.29,-56.61,-56.54,-56.38,-46.10,-56.40,2026-07-19 15:29:03+00:00
2026-07-19T15:30:03+00:00,-46.29,-57.39,-64.13,-61.15,-66.11,-45.31,-48.24,-52.19,-50.55,-43.72,-45.60,-63.37,-56.58,-56.37,-56.47,-46.07,-55.84,2026-07-19 15:30:03+00:00
2026-07-19T15:31:05+00:00,-46.83,-57.22,-63.68,-61.39,-66.01,-45.24,-48.05,-52.23,-49.68,-43.52,-45.73,-64.11,-56.81,-56.34,-56.39,-46.04,-56.66,2026-07-19 15:31:05+00:00
2026-07-19T15:32:03+00:00,-47.09,-57.48,-63.15,-61.21,-65.16,-45.10,-47.80,-52.23,-49.65,-43.60,-45.83,-63.42,-56.64,-56.19,-56.58,-45.82,-56.65,2026-07-19 15:32:03+00:00
2026-07-19T15:33:04+00:00,-46.89,-56.54,-63.03,-61.77,-65.59,-45.30,-48.00,-52.22,-49.59,-43.40,-45.67,-63.46,-56.42,-55.67,-56.41,-45.99,-56.40,2026-07-19 15:33:04+00:00
2026-07-19T15:34:04+00:00,-46.32,-57.14,-63.05,-61.47,-66.57,-45.14,-47.89,-52.25,-49.57,-43.83,-45.79,-63.87,-56.70,-55.50,-56.52,-46.03,-56.84,2026-07-19 15:34:04+00:00
2026-07-19T15:35:03+00:00,-46.24,-57.15,-63.22,-61.32,-66.24,-45.23,-48.21,-52.24,-49.55,-43.65,-45.85,-63.97,-56.79,-55.32,-56.18,-46.10,-56.38,2026-07-19 15:35:03+00:00
2026-07-19T15:36:03+00:00,-46.39,-57.17,-62.97,-62.00,-65.75,-45.31,-48.29,-52.31,-49.53,-43.74,-45.80,-63.95,-56.86,-55.14,-56.51,-46.04,-56.38,2026-07-19 15:36:03+00:00
2026-07-19T15:37:03+00:00,-46.11,-57.13,-62.96,-61.76,-65.88,-45.44,-48.35,-52.23,-49.58,-43.85,-45.85,-63.60,-56.60,-54.95,-56.36,-46.05,-56.22,2026-07-19 15:37:03+00:00
2026-07-19T15:38:04+00:00,-46.33,-57.26,-62.94,-61.36,-65.69,-45.14,-47.95,-52.30,-49.60,-43.89,-46.00,-63.09,-56.78,-54.85,-56.66,-46.04,-56.47,2026-07-19 15:38:04+00:00
2026-07-19T15:39:04+00:00,-45.05,-58.01,-63.60,-61.50,-66.33,-44.85,-47.25,-52.30,-49.73,-44.04,-45.96,-64.46,-56.58,-54.91,-56.39,-45.96,-55.18,2026-07-19 15:39:04+00:00
2026-07-19T15:40:03+00:00,-46.46,-57.92,-63.52,-61.31,-66.33,-45.55,-48.28,-52.43,-49.75,-43.99,-46.03,-64.20,-56.77,-54.72,-56.86,-46.11,-56.48,2026-07-19 15:40:03+00:00
2026-07-19T15:41:03+00:00,-45.89,-58.24,-63.48,-61.77,-67.12,-45.57,-48.17,-52.48,-50.39,-43.80,-46.04,-64.27,-56.90,-54.76,-56.79,-45.87,-56.30,2026-07-19 15:41:03+00:00
2026-07-19T15:42:04+00:00,-46.29,-57.89,-63.26,-61.60,-65.78,-45.65,-48.45,-52.36,-50.43,-43.95,-46.28,-64.04,-57.00,-54.58,-56.65,-45.99,-56.07,2026-07-19 15:42:04+00:00
2026-07-19T15:43:04+00:00,-46.26,-57.85,-63.28,-61.64,-65.92,-45.42,-48.39,-52.44,-50.24,-43.86,-46.04,-64.03,-56.92,-54.11,-56.64,-45.99,-56.40,2026-07-19 15:43:04+00:00
2026-07-19T15:44:03+00:00,-45.63,-58.24,-62.29,-61.48,-66.44,-45.77,-48.18,-53.19,-50.57,-44.00,-45.97,-63.40,-57.19,-53.92,-56.65,-45.93,-55.72,2026-07-19 15:44:03+00:00
2026-07-19T15:45:03+00:00,-46.21,-58.97,-62.21,-61.64,-65.93,-45.61,-48.38,-53.34,-50.61,-44.18,-46.28,-62.87,-56.78,-54.01,-56.90,-45.77,-56.10,2026-07-19 15:45:03+00:00
2026-07-19T15:46:04+00:00,-46.01,-59.29,-62.24,-62.25,-66.37,-45.49,-48.76,-53.10,-50.51,-43.95,-46.06,-63.16,-56.28,-53.68,-56.82,-45.73,-56.46,2026-07-19 15:46:04+00:00
2026-07-19T15:47:04+00:00,-46.17,-58.70,-62.63,-61.87,-66.26,-45.71,-48.62,-53.21,-50.27,-44.13,-45.54,-64.05,-56.35,-53.44,-57.00,-45.79,-55.76,2026-07-19 15:47:04+00:00
2026-07-19T15:48:03+00:00,-45.62,-58.90,-63.03,-61.92,-66.14,-45.56,-48.79,-53.40,-50.16,-43.99,-45.63,-64.76,-56.11,-53.08,-56.88,-45.77,-55.95,2026-07-19 15:48:03+00:00
2026-07-19T15:49:04+00:00,-45.64,-56.62,-62.33,-61.35,-65.91,-45.48,-48.72,-53.34,-50.37,-43.83,-45.75,-64.24,-56.16,-53.04,-57.25,-45.90,-54.80,2026-07-19 15:49:04+00:00
2026-07-19T15:50:04+00:00,-45.19,-56.86,-63.45,-61.82,-66.16,-44.63,-48.20,-52.81,-50.37,-43.88,-45.73,-64.66,-56.11,-53.09,-56.92,-45.59,-53.58,2026-07-19 15:50:04+00:00
2026-07-19T15:51:03+00:00,-44.79,-57.99,-63.29,-61.53,-65.93,-45.34,-47.56,-52.49,-50.32,-43.82,-45.54,-64.84,-55.91,-52.94,-57.19,-45.66,-54.33,2026-07-19 15:51:03+00:00
2026-07-19T15:52:03+00:00,-46.76,-57.84,-62.84,-61.07,-66.09,-45.67,-48.43,-52.37,-50.49,-43.85,-45.85,-64.60,-56.05,-52.69,-56.94,-45.68,-53.31,2026-07-19 15:52:03+00:00
2026-07-19T15:53:03+00:00,-46.88,-57.93,-63.35,-61.27,-66.29,-45.82,-48.48,-52.24,-50.33,-44.14,-45.95,-64.81,-56.14,-52.46,-57.14,-45.64,-54.85,2026-07-19 15:53:03+00:00
2026-07-19T15:54:04+00:00,-47.28,-57.69,-63.40,-61.81,-66.58,-45.55,-48.81,-52.34,-50.60,-43.92,-45.85,-64.81,-56.23,-52.12,-57.28,-45.82,-53.37,2026-07-19 15:54:04+00:00
2026-07-19T15:55:04+00:00,-47.01,-58.00,-63.74,-61.71,-66.51,-45.45,-48.30,-52.84,-50.56,-44.08,-45.97,-64.58,-56.41,-51.95,-57.22,-45.85,-54.55,2026-07-19 15:55:04+00:00
2026-07-19T15:56:03+00:00,-45.51,-58.63,-63.74,-61.96,-66.96,-46.30,-48.70,-53.18,-50.78,-43.87,-45.97,-64.89,-56.45,-52.11,-57.12,-45.86,-53.49,2026-07-19 15:56:03+00:00
2026-07-19T15:57:03+00:00,-46.53,-58.31,-63.72,-61.86,-66.79,-51.34,-49.17,-53.44,-50.83,-43.95,-45.94,-65.01,-56.16,-51.98,-57.01,-45.77,-53.89,2026-07-19 15:57:03+00:00
2026-07-19T15:58:04+00:00,-46.77,-58.70,-63.49,-61.87,-66.81,-51.24,-48.93,-53.21,-50.64,-43.90,-45.87,-64.28,-56.25,-52.12,-57.10,-46.13,-53.57,2026-07-19 15:58:04+00:00
2026-07-19T15:59:04+00:00,-47.54,-59.08,-63.30,-62.00,-66.95,-51.39,-48.49,-53.38,-50.64,-43.91,-45.84,-64.98,-56.12,-51.91,-57.54,-45.94,-54.23,2026-07-19 15:59:04+00:00
2026-07-19T16:00:03+00:00,-46.33,-59.46,-63.63,-62.01,-66.39,-51.13,-48.56,-53.50,-50.50,-43.88,-45.83,-63.92,-56.14,-51.74,-57.04,-45.93,-54.19,2026-07-19 16:00:03+00:00
2026-07-19T16:01:04+00:00,-46.51,-59.01,-63.62,-61.87,-66.15,-51.22,-48.79,-52.82,-50.63,-43.65,-45.79,-63.91,-56.15,-51.70,-57.14,-46.19,-54.29,2026-07-19 16:01:04+00:00
2026-07-19T16:02:04+00:00,-47.41,-58.76,-63.46,-62.09,-66.07,-49.10,-48.07,-52.32,-50.46,-44.04,-45.56,-64.23,-56.44,-51.57,-57.21,-46.06,-53.80,2026-07-19 16:02:04+00:00
2026-07-19T16:03:04+00:00,-46.83,-59.02,-63.70,-62.09,-65.50,-50.02,-47.85,-52.50,-50.82,-43.87,-45.91,-64.67,-56.59,-51.56,-57.05,-46.03,-53.73,2026-07-19 16:03:04+00:00
2026-07-19T16:04:04+00:00,-47.80,-58.92,-63.61,-62.01,-66.13,-51.13,-48.61,-52.37,-50.52,-43.80,-45.95,-65.11,-56.60,-51.56,-57.20,-46.01,-52.96,2026-07-19 16:04:04+00:00
2026-07-19T16:05:04+00:00,-47.04,-56.00,-63.85,-61.94,-66.27,-51.27,-48.45,-51.92,-50.36,-43.88,-46.22,-64.35,-56.34,-51.22,-56.98,-46.12,-53.88,2026-07-19 16:05:04+00:00
2026-07-19T16:06:04+00:00,-47.30,-55.92,-63.94,-61.42,-66.29,-51.42,-48.39,-51.69,-50.57,-44.06,-45.94,-64.90,-56.20,-51.02,-57.53,-45.99,-53.06,2026-07-19 16:06:04+00:00
2026-07-19T16:07:04+00:00,-47.01,-54.34,-64.07,-61.59,-66.23,-51.46,-48.43,-51.54,-50.49,-43.97,-45.92,-64.86,-56.43,-50.73,-57.21,-46.12,-53.77,2026-07-19 16:07:04+00:00
2026-07-19T16:08:04+00:00,-47.02,-54.48,-64.02,-61.51,-66.03,-51.18,-48.31,-51.58,-50.39,-44.07,-46.26,-65.18,-56.54,-50.50,-56.90,-45.92,-53.17,2026-07-19 16:08:04+00:00
2026-07-19T16:09:04+00:00,-47.04,-52.38,-64.22,-61.73,-65.96,-51.40,-48.69,-51.76,-50.42,-43.96,-46.04,-65.09,-56.52,-50.48,-57.32,-45.75,-53.73,2026-07-19 16:09:04+00:00
2026-07-19T16:10:03+00:00,-47.52,-58.09,-63.71,-61.90,-66.51,-51.13,-48.89,-51.77,-50.67,-44.00,-45.87,-64.58,-56.21,-50.30,-57.37,-45.60,-54.40,2026-07-19 16:10:03+00:00
2026-07-19T16:11:03+00:00,-46.70,-57.55,-63.77,-61.53,-66.84,-51.22,-48.53,-51.80,-50.21,-43.75,-45.74,-65.06,-56.25,-50.29,-56.89,-45.76,-53.95,2026-07-19 16:11:03+00:00
2026-07-19T16:12:03+00:00,-47.21,-56.96,-63.25,-61.84,-66.20,-51.22,-48.62,-51.79,-49.98,-43.87,-45.77,-64.42,-56.32,-50.22,-57.58,-45.56,-53.62,2026-07-19 16:12:03+00:00
2026-07-19T16:13:04+00:00,-47.46,-54.40,-63.54,-61.91,-66.01,-51.18,-48.31,-51.83,-49.87,-43.94,-45.73,-64.58,-56.25,-50.15,-57.50,-45.73,-54.26,2026-07-19 16:13:04+00:00
2026-07-19T16:14:04+00:00,-47.40,-54.55,-63.44,-61.90,-66.61,-50.93,-48.51,-51.63,-49.82,-43.94,-45.42,-63.49,-56.43,-50.17,-57.89,-45.63,-53.20,2026-07-19 16:14:04+00:00
2026-07-19T16:15:03+00:00,-47.13,-52.36,-63.29,-61.78,-67.61,-49.88,-47.85,-51.69,-49.76,-43.98,-45.96,-64.28,-55.87,-50.14,-57.59,-45.76,-53.09,2026-07-19 16:15:03+00:00
2026-07-19T16:16:03+00:00,-47.19,-52.69,-63.85,-61.88,-66.63,-51.08,-48.29,-51.81,-50.32,-43.67,-45.82,-64.20,-56.38,-49.90,-57.41,-45.61,-54.14,2026-07-19 16:16:03+00:00
2026-07-19T16:17:04+00:00,-47.15,-53.11,-63.42,-61.91,-66.49,-51.22,-48.37,-51.95,-49.84,-44.18,-45.93,-64.12,-56.64,-49.78,-57.68,-45.45,-53.67,2026-07-19 16:17:04+00:00
2026-07-19T16:18:04+00:00,-47.65,-52.94,-63.84,-62.16,-66.46,-51.13,-48.54,-51.88,-49.95,-43.68,-45.78,-64.14,-56.40,-49.73,-57.49,-45.83,-54.00,2026-07-19 16:18:04+00:00
2026-07-19T16:19:04+00:00,-47.21,-56.34,-63.11,-61.81,-65.41,-51.23,-48.77,-51.90,-49.01,-44.05,-45.85,-64.14,-56.52,-49.64,-57.41,-45.78,-53.91,2026-07-19 16:19:04+00:00
2026-07-19T16:20:03+00:00,-45.65,-56.20,-63.26,-61.98,-66.96,-48.13,-48.29,-51.86,-49.25,-43.96,-45.79,-63.97,-56.59,-49.62,-57.84,-45.75,-52.97,2026-07-19 16:20:03+00:00
2026-07-19T16:21:03+00:00,-47.51,-58.72,-63.89,-61.82,-66.90,-49.83,-48.84,-51.84,-49.26,-43.98,-45.67,-64.61,-56.67,-49.61,-57.75,-45.75,-54.08,2026-07-19 16:21:03+00:00
2026-07-19T16:22:04+00:00,-48.28,-58.41,-63.30,-61.55,-66.99,-49.51,-48.42,-51.80,-48.53,-44.00,-45.63,-63.70,-56.54,-49.61,-57.51,-45.70,-54.23,2026-07-19 16:22:04+00:00
2026-07-19T16:23:04+00:00,-47.35,-58.84,-63.40,-62.01,-66.27,-45.43,-48.82,-51.84,-48.97,-43.85,-45.51,-64.35,-56.55,-49.27,-57.67,-45.82,-54.16,2026-07-19 16:23:04+00:00
2026-07-19T16:24:04+00:00,-48.16,-58.64,-63.47,-61.96,-66.09,-45.41,-48.73,-51.92,-49.21,-44.03,-45.51,-64.37,-56.69,-49.19,-57.37,-45.84,-54.02,2026-07-19 16:24:04+00:00
2026-07-19T16:25:04+00:00,-48.12,-58.77,-62.29,-61.81,-65.74,-45.47,-48.99,-51.91,-49.23,-43.95,-45.55,-63.77,-56.79,-49.22,-57.46,-45.86,-53.71,2026-07-19 16:25:04+00:00
2026-07-19T16:26:03+00:00,-47.22,-58.44,-63.22,-61.86,-66.54,-45.52,-48.85,-51.70,-49.59,-44.00,-44.97,-62.26,-56.68,-49.01,-56.82,-45.65,-53.37,2026-07-19 16:26:03+00:00
2026-07-19T16:27:03+00:00,-48.11,-57.97,-63.41,-62.21,-66.21,-45.23,-47.64,-51.78,-49.82,-44.04,-45.44,-63.89,-56.57,-48.91,-57.10,-45.78,-54.28,2026-07-19 16:27:03+00:00
2026-07-19T16:28:04+00:00,-47.91,-56.97,-63.31,-62.01,-66.09,-45.65,-48.20,-52.02,-49.77,-44.06,-45.59,-64.48,-56.95,-48.76,-57.42,-45.77,-53.60,2026-07-19 16:28:04+00:00
2026-07-19T16:29:04+00:00,-46.10,-56.24,-63.72,-62.10,-66.80,-45.77,-48.96,-51.92,-49.85,-43.93,-45.61,-64.29,-56.87,-48.86,-57.18,-45.73,-54.49,2026-07-19 16:29:04+00:00
2026-07-19T16:30:04+00:00,-45.79,-54.29,-63.75,-62.14,-66.45,-45.57,-48.37,-51.93,-50.20,-44.08,-45.47,-64.54,-57.42,-48.74,-57.44,-45.89,-53.95,2026-07-19 16:30:04+00:00
2026-07-19T16:31:04+00:00,-45.84,-53.94,-63.64,-61.73,-65.82,-45.74,-48.88,-51.91,-49.03,-43.83,-45.43,-64.27,-58.29,-48.74,-57.47,-45.80,-53.77,2026-07-19 16:31:04+00:00
2026-07-19T16:32:03+00:00,-46.01,-52.67,-63.30,-61.90,-66.03,-45.50,-48.53,-51.94,-49.74,-44.11,-45.50,-63.72,-58.21,-48.54,-57.15,-45.79,-54.04,2026-07-19 16:32:03+00:00
2026-07-19T16:33:04+00:00,-45.55,-52.87,-63.18,-62.14,-66.72,-45.36,-49.15,-51.93,-50.28,-43.98,-45.44,-63.25,-57.99,-48.72,-57.68,-45.89,-53.66,2026-07-19 16:33:04+00:00
2026-07-19T16:34:04+00:00,-46.23,-56.10,-63.26,-62.34,-65.91,-45.85,-49.31,-51.90,-50.95,-43.92,-45.26,-63.75,-58.07,-48.75,-57.39,-45.85,-53.52,2026-07-19 16:34:04+00:00
2026-07-19T16:35:04+00:00,-47.28,-55.56,-63.15,-62.36,-66.87,-45.67,-48.84,-51.90,-50.20,-44.00,-45.19,-63.39,-58.15,-48.38,-57.22,-46.01,-54.51,2026-07-19 16:35:04+00:00
2026-07-19T16:36:03+00:00,-46.44,-56.25,-63.27,-62.30,-67.37,-45.82,-48.68,-51.93,-50.79,-44.13,-45.28,-63.25,-58.21,-48.29,-57.70,-46.11,-54.31,2026-07-19 16:36:03+00:00
2026-07-19T16:37:03+00:00,-47.06,-56.05,-63.36,-62.23,-66.30,-45.86,-48.60,-51.79,-53.45,-43.85,-45.17,-63.16,-58.26,-48.43,-57.36,-45.99,-54.38,2026-07-19 16:37:03+00:00
2026-07-19T16:38:04+00:00,-46.63,-57.54,-62.95,-61.77,-67.30,-45.74,-48.73,-51.77,-49.32,-44.13,-45.01,-63.21,-58.18,-48.15,-57.26,-45.97,-54.02,2026-07-19 16:38:04+00:00
2026-07-19T16:39:04+00:00,-48.07,-58.99,-62.93,-62.39,-66.03,-45.31,-48.57,-51.90,-50.82,-44.16,-45.19,-63.75,-58.08,-48.26,-57.84,-46.20,-53.47,2026-07-19 16:39:04+00:00
2026-07-19T16:40:03+00:00,-47.36,-59.28,-64.12,-62.46,-65.68,-45.86,-48.63,-51.80,-49.04,-44.11,-45.20,-63.69,-57.77,-48.35,-57.57,-46.24,-54.04,2026-07-19 16:40:03+00:00
2026-07-19T16:41:03+00:00,-46.90,-57.60,-63.66,-62.38,-66.21,-45.86,-48.85,-51.74,-49.01,-44.38,-45.26,-63.74,-56.98,-48.55,-57.43,-46.10,-54.01,2026-07-19 16:41:03+00:00
2026-07-19T16:42:04+00:00,-47.41,-56.87,-63.40,-62.10,-66.47,-46.07,-48.45,-51.98,-49.17,-44.45,-45.07,-63.55,-56.76,-48.18,-57.30,-46.25,-54.28,2026-07-19 16:42:04+00:00
2026-07-19T16:43:04+00:00,-46.80,-57.50,-63.77,-62.45,-66.32,-46.15,-48.73,-52.07,-49.24,-44.01,-45.16,-63.34,-56.84,-48.00,-57.41,-46.21,-53.46,2026-07-19 16:43:04+00:00
2026-07-19T16:44:03+00:00,-47.25,-56.72,-63.48,-62.08,-66.04,-46.09,-48.94,-51.81,-55.37,-43.96,-45.48,-63.54,-56.85,-47.97,-57.89,-46.19,-54.05,2026-07-19 16:44:03+00:00
2026-07-19T16:45:03+00:00,-46.54,-54.61,-62.97,-61.97,-66.37,-44.77,-48.21,-49.91,-51.64,-44.03,-44.91,-63.17,-56.78,-48.34,-57.92,-46.22,-53.12,2026-07-19 16:45:03+00:00
2026-07-19T16:46:04+00:00,-47.90,-54.38,-62.85,-62.12,-66.76,-44.93,-48.26,-50.42,-49.95,-44.00,-44.86,-63.11,-56.92,-48.18,-57.67,-46.10,-53.05,2026-07-19 16:46:04+00:00
2026-07-19T16:47:04+00:00,-48.73,-53.09,-63.12,-62.21,-66.49,-44.82,-48.00,-50.51,-48.60,-43.92,-44.82,-63.86,-57.01,-48.06,-57.78,-46.37,-54.10,2026-07-19 16:47:04+00:00
2026-07-19T16:48:03+00:00,-47.97,-53.50,-63.49,-61.63,-66.15,-45.29,-48.64,-51.70,-52.10,-44.03,-45.25,-63.66,-57.16,-47.95,-57.31,-46.47,-53.62,2026-07-19 16:48:03+00:00
2026-07-19T16:49:03+00:00,-47.11,-54.17,-63.22,-62.22,-66.68,-45.73,-48.99,-51.91,-48.82,-44.29,-45.22,-64.18,-56.64,-47.79,-57.86,-46.43,-53.73,2026-07-19 16:49:03+00:00
2026-07-19T16:50:04+00:00,-46.77,-54.05,-63.89,-62.30,-66.12,-45.70,-49.32,-52.00,-49.04,-44.10,-45.12,-63.90,-57.00,-47.92,-57.89,-46.57,-53.54,2026-07-19 16:50:04+00:00
2026-07-19T16:51:04+00:00,-46.55,-52.80,-63.64,-62.02,-65.89,-45.42,-49.09,-51.95,-52.89,-44.22,-45.23,-64.26,-57.09,-47.71,-57.92,-46.37,-53.09,2026-07-19 16:51:04+00:00
2026-07-19T16:52:03+00:00,-47.26,-53.66,-63.97,-61.56,-65.60,-45.42,-49.23,-52.16,-52.24,-44.23,-45.17,-64.11,-57.10,-47.61,-57.30,-46.38,-53.75,2026-07-19 16:52:03+00:00
2026-07-19T16:53:04+00:00,-47.38,-53.05,-63.40,-62.17,-66.50,-45.46,-49.08,-52.25,-50.25,-44.25,-45.24,-63.60,-57.00,-47.47,-57.64,-46.41,-53.40,2026-07-19 16:53:04+00:00
2026-07-19T16:54:04+00:00,-46.12,-54.11,-63.64,-62.32,-66.97,-45.39,-48.99,-52.57,-51.64,-44.36,-45.17,-63.96,-57.17,-47.53,-57.88,-46.39,-53.07,2026-07-19 16:54:04+00:00
2026-07-19T16:55:04+00:00,-47.91,-58.79,-63.57,-61.93,-66.50,-45.41,-49.17,-52.38,-50.70,-44.28,-45.34,-63.85,-57.30,-47.24,-57.82,-46.32,-53.32,2026-07-19 16:55:04+00:00
2026-07-19T16:56:03+00:00,-47.05,-58.35,-63.46,-61.95,-65.53,-45.45,-48.92,-52.51,-49.81,-44.16,-45.37,-64.08,-58.39,-47.15,-57.64,-46.38,-53.73,2026-07-19 16:56:03+00:00
2026-07-19T16:57:03+00:00,-48.10,-58.64,-63.81,-62.01,-66.25,-47.62,-48.91,-52.78,-52.19,-44.21,-45.41,-63.91,-59.06,-47.16,-58.01,-46.44,-53.57,2026-07-19 16:57:03+00:00
2026-07-19T16:58:04+00:00,-47.05,-58.31,-63.72,-62.18,-66.25,-51.44,-48.73,-53.10,-48.87,-44.23,-45.35,-64.32,-58.99,-47.21,-57.94,-46.41,-53.39,2026-07-19 16:58:04+00:00
2026-07-19T16:59:04+00:00,-46.99,-57.99,-63.45,-61.87,-66.59,-51.49,-49.09,-53.01,-51.66,-44.06,-45.26,-63.74,-58.85,-47.04,-57.91,-46.43,-53.46,2026-07-19 16:59:04+00:00
2026-07-19T17:00:03+00:00,-47.12,-57.54,-63.87,-62.06,-66.36,-51.49,-48.69,-52.76,-49.73,-44.16,-45.46,-64.19,-58.62,-46.83,-57.74,-46.52,-52.94,2026-07-19 17:00:03+00:00
2026-07-19T17:01:04+00:00,-47.72,-55.91,-63.76,-62.48,-66.06,-51.31,-48.97,-52.50,-49.46,-44.20,-45.14,-64.41,-58.70,-46.94,-55.68,-46.68,-53.14,2026-07-19 17:01:04+00:00
2026-07-19T17:02:03+00:00,-46.26,-55.13,-63.76,-62.47,-66.05,-51.57,-48.46,-53.13,-50.11,-44.03,-45.50,-63.99,-58.84,-46.99,-58.01,-46.56,-53.74,2026-07-19 17:02:03+00:00
2026-07-19T17:03:04+00:00,-46.35,-54.23,-63.61,-62.19,-66.01,-51.52,-48.66,-53.14,-51.04,-44.16,-45.55,-64.04,-58.23,-47.20,-57.87,-46.80,-54.06,2026-07-19 17:03:04+00:00
2026-07-19T17:04:04+00:00,-46.82,-53.71,-63.72,-61.73,-66.78,-51.43,-48.26,-53.13,-47.63,-44.34,-45.67,-64.01,-58.38,-47.22,-57.97,-46.71,-53.94,2026-07-19 17:04:04+00:00
2026-07-19T17:05:03+00:00,-46.77,-52.16,-63.62,-62.05,-66.54,-51.53,-49.15,-53.20,-51.16,-44.11,-45.40,-64.24,-58.40,-46.98,-58.33,-46.86,-54.13,2026-07-19 17:05:03+00:00
2026-07-19T17:06:03+00:00,-47.53,-58.36,-63.47,-62.07,-65.23,-51.35,-48.31,-53.17,-48.88,-44.32,-45.38,-63.91,-58.62,-47.12,-57.66,-46.90,-54.18,2026-07-19 17:06:03+00:00
2026-07-19T17:07:03+00:00,-47.48,-58.98,-63.79,-62.16,-65.69,-51.51,-48.72,-52.94,-50.28,-44.46,-45.60,-63.89,-58.63,-46.98,-57.73,-47.15,-54.17,2026-07-19 17:07:03+00:00
2026-07-19T17:08:04+00:00,-47.71,-58.38,-63.62,-62.33,-65.85,-51.41,-48.59,-52.89,-48.60,-44.40,-45.53,-64.29,-58.56,-47.13,-58.11,-47.25,-54.32,2026-07-19 17:08:04+00:00
2026-07-19T17:09:04+00:00,-46.45,-58.13,-63.75,-62.05,-66.71,-51.24,-49.15,-52.78,-48.98,-44.15,-45.48,-63.77,-58.32,-46.97,-58.20,-47.19,-54.56,2026-07-19 17:09:04+00:00
2026-07-19T17:10:03+00:00,-47.21,-57.14,-63.79,-61.96,-67.10,-51.41,-48.56,-53.01,-49.44,-44.31,-45.46,-64.12,-58.44,-46.96,-57.88,-47.30,-53.43,2026-07-19 17:10:03+00:00
2026-07-19T17:11:04+00:00,-45.71,-57.16,-63.68,-62.05,-65.86,-51.34,-48.78,-53.03,-49.57,-44.19,-45.55,-63.83,-58.50,-46.99,-58.03,-47.40,-53.58,2026-07-19 17:11:04+00:00
2026-07-19T17:12:04+00:00,-46.54,-56.72,-63.78,-62.15,-66.40,-51.47,-48.59,-52.98,-49.44,-44.27,-45.59,-63.87,-58.50,-46.98,-57.65,-47.25,-53.16,2026-07-19 17:12:04+00:00
2026-07-19T17:13:04+00:00,-46.17,-57.49,-63.53,-62.21,-66.50,-51.59,-48.82,-52.95,-49.66,-44.21,-45.74,-64.17,-58.59,-47.09,-57.67,-47.39,-54.55,2026-07-19 17:13:04+00:00
2026-07-19T17:14:04+00:00,-46.43,-54.46,-63.74,-62.22,-65.95,-51.52,-49.15,-52.89,-50.07,-44.26,-45.67,-64.43,-58.55,-46.56,-58.42,-47.28,-53.52,2026-07-19 17:14:04+00:00
2026-07-19T17:15:03+00:00,-46.31,-54.69,-63.54,-62.41,-65.97,-51.53,-49.17,-52.94,-50.17,-44.00,-45.59,-64.16,-58.33,-46.82,-57.77,-47.43,-53.87,2026-07-19 17:15:03+00:00
2026-07-19T17:16:03+00:00,-47.20,-53.05,-63.21,-62.40,-66.70,-51.42,-48.68,-52.98,-50.44,-44.43,-45.72,-64.51,-58.64,-46.63,-58.51,-47.31,-54.07,2026-07-19 17:16:03+00:00
2026-07-19T17:17:04+00:00,-46.40,-53.75,-63.93,-62.10,-66.57,-51.54,-48.77,-53.12,-50.06,-44.46,-45.38,-64.24,-58.49,-46.67,-58.03,-47.40,-54.20,2026-07-19 17:17:04+00:00
2026-07-19T17:18:04+00:00,-46.26,-53.65,-63.63,-62.48,-65.03,-51.35,-48.36,-53.03,-50.39,-44.37,-45.45,-64.40,-57.96,-46.52,-57.97,-47.28,-53.65,2026-07-19 17:18:04+00:00
2026-07-19T17:19:03+00:00,-47.70,-53.93,-63.53,-62.41,-66.23,-51.54,-49.01,-53.08,-51.06,-44.36,-45.26,-64.11,-58.99,-46.36,-57.97,-47.31,-54.37,2026-07-19 17:19:03+00:00
2026-07-19T17:20:03+00:00,-47.66,-54.01,-63.11,-62.01,-66.00,-51.65,-49.00,-53.02,-50.91,-44.26,-45.40,-63.86,-58.63,-46.34,-57.92,-47.30,-54.28,2026-07-19 17:20:03+00:00
2026-07-19T17:21:04+00:00,-47.52,-54.08,-63.41,-62.50,-66.33,-49.77,-48.87,-53.07,-50.65,-44.29,-45.45,-63.82,-58.40,-46.36,-58.01,-47.59,-53.96,2026-07-19 17:21:04+00:00
2026-07-19T17:22:04+00:00,-47.29,-57.61,-63.73,-62.01,-66.24,-49.73,-48.57,-53.07,-50.94,-44.39,-45.57,-63.69,-58.20,-46.39,-58.33,-47.47,-54.15,2026-07-19 17:22:04+00:00
2026-07-19T17:23:03+00:00,-47.80,-58.87,-63.13,-62.45,-66.18,-46.20,-49.13,-53.14,-50.85,-44.51,-45.49,-63.28,-58.32,-46.34,-57.89,-47.56,-53.41,2026-07-19 17:23:03+00:00
2026-07-19T17:24:03+00:00,-47.55,-59.12,-64.40,-62.17,-65.95,-45.27,-48.89,-53.21,-51.04,-44.33,-45.54,-63.71,-57.88,-46.42,-58.14,-47.90,-53.84,2026-07-19 17:24:03+00:00
2026-07-19T17:25:04+00:00,-47.85,-58.12,-63.88,-62.08,-66.39,-45.43,-48.86,-53.10,-51.32,-44.48,-45.49,-64.11,-57.53,-46.50,-58.42,-47.86,-54.06,2026-07-19 17:25:04+00:00
2026-07-19T17:26:04+00:00,-47.58,-58.27,-63.41,-62.23,-67.23,-45.32,-49.00,-53.13,-50.80,-44.71,-45.73,-63.99,-57.23,-46.32,-58.29,-47.88,-53.89,2026-07-19 17:26:04+00:00
2026-07-19T17:27:03+00:00,-47.47,-58.43,-63.70,-62.04,-66.54,-45.46,-48.63,-53.22,-51.27,-44.39,-45.73,-64.54,-57.43,-46.18,-57.67,-47.66,-54.07,2026-07-19 17:27:03+00:00
2026-07-19T17:28:03+00:00,-47.43,-57.06,-63.43,-62.14,-65.31,-45.53,-49.18,-53.18,-51.13,-44.49,-45.63,-63.89,-56.84,-46.21,-57.98,-47.93,-54.35,2026-07-19 17:28:03+00:00
2026-07-19T17:29:04+00:00,-47.87,-57.92,-63.66,-62.19,-66.09,-45.33,-48.95,-53.29,-51.17,-44.49,-45.68,-64.07,-57.28,-46.23,-57.96,-47.91,-53.77,2026-07-19 17:29:04+00:00
2026-07-19T17:30:04+00:00,-47.32,-56.96,-63.77,-62.58,-67.12,-45.39,-49.40,-53.33,-50.80,-44.42,-45.74,-64.42,-56.84,-46.25,-57.81,-48.14,-54.21,2026-07-19 17:30:04+00:00
2026-07-19T17:31:07+00:00,-48.33,-57.00,-64.19,-62.31,-66.33,-45.45,-49.25,-53.30,-50.66,-44.54,-45.65,-64.88,-57.43,-46.14,-58.12,-48.29,-54.15,2026-07-19 17:31:07+00:00
2026-07-19T17:32:04+00:00,-47.88,-56.89,-63.93,-61.72,-65.39,-45.27,-49.40,-53.30,-50.89,-44.60,-45.79,-64.34,-57.34,-46.21,-57.83,-48.31,-54.00,2026-07-19 17:32:04+00:00
2026-07-19T17:33:03+00:00,-47.59,-56.51,-63.51,-62.17,-65.88,-45.43,-49.22,-53.29,-51.05,-44.82,-45.76,-63.64,-57.38,-45.91,-57.88,-48.37,-54.03,2026-07-19 17:33:03+00:00
2026-07-19T17:34:03+00:00,-47.94,-56.51,-63.77,-62.34,-66.24,-45.47,-49.01,-53.29,-50.77,-44.71,-45.85,-64.36,-57.26,-46.13,-57.96,-48.48,-54.21,2026-07-19 17:34:03+00:00
2026-07-19T17:35:04+00:00,-47.14,-55.82,-63.87,-62.50,-66.58,-45.80,-49.01,-53.40,-50.92,-44.87,-45.60,-64.13,-57.20,-46.07,-57.78,-48.49,-54.03,2026-07-19 17:35:04+00:00
2026-07-19T17:36:04+00:00,-48.06,-57.45,-63.65,-61.97,-65.61,-45.63,-49.36,-53.31,-50.76,-46.38,-46.86,-63.26,-57.04,-46.11,-57.91,-48.66,-53.32,2026-07-19 17:36:04+00:00
2026-07-19T17:37:03+00:00,-46.50,-58.18,-63.53,-61.91,-65.97,-45.79,-49.63,-53.40,-50.38,-46.47,-47.41,-63.79,-57.15,-45.93,-58.05,-48.55,-53.24,2026-07-19 17:37:03+00:00
2026-07-19T17:38:03+00:00,-47.17,-58.13,-63.59,-62.47,-66.73,-45.72,-49.31,-53.52,-50.19,-46.81,-47.02,-64.12,-57.22,-46.04,-57.96,-48.80,-53.98,2026-07-19 17:38:03+00:00
2026-07-19T17:39:04+00:00,-46.83,-58.84,-63.09,-61.93,-65.52,-45.84,-49.94,-52.86,-50.19,-46.32,-47.45,-63.59,-57.20,-45.86,-57.62,-48.92,-53.64,2026-07-19 17:39:04+00:00
2026-07-19T17:40:04+00:00,-47.39,-58.87,-63.46,-62.36,-66.06,-45.84,-49.64,-52.90,-50.01,-46.42,-47.01,-63.26,-56.82,-45.96,-58.43,-49.05,-53.78,2026-07-19 17:40:04+00:00
2026-07-19T17:41:03+00:00,-47.27,-53.75,-63.18,-62.11,-65.79,-45.03,-48.65,-52.81,-49.72,-46.29,-47.40,-64.06,-57.80,-45.89,-58.11,-49.11,-54.04,2026-07-19 17:41:03+00:00
2026-07-19T17:42:04+00:00,-46.40,-56.90,-63.61,-61.90,-67.26,-45.76,-49.60,-53.01,-49.87,-46.46,-47.58,-64.34,-58.65,-46.11,-57.83,-49.19,-53.88,2026-07-19 17:42:04+00:00
2026-07-19T17:43:04+00:00,-46.54,-58.29,-63.71,-62.05,-66.46,-45.78,-49.33,-53.06,-49.88,-46.67,-47.70,-64.36,-58.90,-45.98,-58.43,-49.55,-53.81,2026-07-19 17:43:04+00:00
2026-07-19T17:44:03+00:00,-47.28,-57.46,-63.62,-61.94,-66.36,-45.70,-49.44,-53.13,-49.34,-46.70,-47.88,-64.71,-58.94,-46.14,-58.63,-49.66,-53.75,2026-07-19 17:44:03+00:00
2026-07-19T17:45:03+00:00,-46.35,-57.68,-63.12,-62.08,-66.40,-45.86,-49.41,-53.35,-49.74,-47.05,-47.87,-64.06,-58.69,-45.97,-57.96,-49.69,-54.14,2026-07-19 17:45:03+00:00
2026-07-19T17:46:04+00:00,-47.14,-57.70,-63.28,-62.39,-65.93,-45.64,-49.19,-53.89,-49.51,-47.27,-48.14,-64.47,-58.73,-45.93,-58.27,-49.85,-54.46,2026-07-19 17:46:04+00:00
2026-07-19T17:47:04+00:00,-47.62,-58.21,-63.36,-62.04,-66.35,-45.80,-49.61,-53.73,-49.54,-47.36,-47.93,-64.11,-58.61,-45.99,-57.81,-49.99,-54.21,2026-07-19 17:47:04+00:00
2026-07-19T17:48:03+00:00,-47.00,-57.90,-63.47,-61.97,-66.70,-45.83,-48.60,-53.28,-49.64,-47.46,-47.72,-64.08,-58.02,-46.10,-58.25,-49.98,-53.62,2026-07-19 17:48:03+00:00
2026-07-19T17:49:03+00:00,-46.54,-54.98,-63.72,-62.03,-67.11,-45.17,-48.23,-52.91,-49.80,-47.61,-47.72,-64.24,-57.88,-46.04,-57.98,-50.03,-53.90,2026-07-19 17:49:03+00:00
2026-07-19T17:50:04+00:00,-47.11,-55.10,-63.55,-62.49,-66.57,-45.21,-48.40,-52.97,-49.39,-47.64,-47.60,-64.26,-57.97,-46.30,-58.31,-49.97,-54.34,2026-07-19 17:50:04+00:00
2026-07-19T17:51:04+00:00,-47.36,-52.62,-63.90,-62.33,-66.71,-45.08,-48.09,-53.07,-50.09,-47.87,-47.69,-64.36,-58.17,-46.41,-58.07,-50.15,-54.55,2026-07-19 17:51:04+00:00
2026-07-19T17:52:03+00:00,-46.42,-53.46,-63.77,-62.22,-66.35,-45.17,-48.48,-53.03,-50.48,-48.14,-47.91,-64.13,-57.96,-46.31,-57.94,-50.36,-54.15,2026-07-19 17:52:03+00:00
2026-07-19T17:53:03+00:00,-47.15,-53.55,-63.67,-62.31,-66.81,-48.88,-48.45,-53.05,-48.44,-48.10,-48.20,-64.49,-58.05,-46.05,-58.26,-50.22,-54.12,2026-07-19 17:53:03+00:00
2026-07-19T17:54:04+00:00,-46.79,-53.71,-64.20,-62.13,-66.67,-51.74,-50.47,-53.21,-50.11,-47.98,-48.35,-64.78,-58.74,-46.26,-58.40,-50.38,-54.04,2026-07-19 17:54:04+00:00
2026-07-19T17:55:04+00:00,-46.13,-53.72,-64.15,-62.19,-65.97,-51.72,-50.41,-53.15,-49.30,-47.86,-48.13,-65.15,-58.77,-46.20,-58.45,-50.48,-53.28,2026-07-19 17:55:04+00:00
2026-07-19T17:56:03+00:00,-46.72,-58.66,-64.56,-62.15,-66.32,-51.70,-50.12,-53.10,-50.45,-47.98,-47.97,-64.83,-58.63,-46.38,-58.31,-50.61,-54.11,2026-07-19 17:56:03+00:00
2026-07-19T17:57:03+00:00,-46.66,-58.88,-64.38,-62.18,-66.86,-51.62,-50.18,-53.17,-49.46,-47.95,-47.95,-64.68,-58.77,-46.25,-58.17,-50.66,-53.74,2026-07-19 17:57:03+00:00
2026-07-19T17:58:04+00:00,-47.10,-58.89,-64.45,-61.99,-65.72,-51.92,-50.04,-53.17,-53.25,-47.90,-48.19,-64.86,-58.63,-46.55,-58.56,-50.46,-53.44,2026-07-19 17:58:04+00:00
2026-07-19T17:59:04+00:00,-46.64,-58.91,-64.23,-62.39,-65.94,-51.82,-50.35,-53.22,-53.23,-47.94,-48.17,-64.65,-58.96,-46.44,-58.59,-50.57,-53.96,2026-07-19 17:59:04+00:00
2026-07-19T18:00:03+00:00,-46.57,-58.91,-64.30,-62.46,-66.41,-51.78,-50.40,-53.26,-49.02,-48.52,-48.62,-64.98,-59.04,-46.60,-58.54,-50.79,-54.20,2026-07-19 18:00:03+00:00
2026-07-19T18:01:06+00:00,-46.70,-56.26,-64.97,-62.54,-66.18,-51.92,-49.97,-53.37,-49.58,-49.04,-48.64,-64.91,-59.41,-46.59,-58.16,-50.65,-54.10,2026-07-19 18:01:06+00:00
2026-07-19T18:02:04+00:00,-46.03,-56.64,-65.02,-61.90,-66.38,-51.38,-47.59,-53.29,-50.00,-49.21,-48.41,-65.24,-58.66,-46.68,-58.38,-50.52,-54.11,2026-07-19 18:02:04+00:00
2026-07-19T18:03:03+00:00,-45.86,-54.90,-64.92,-62.28,-66.61,-51.75,-50.26,-53.23,-48.79,-49.26,-48.39,-65.24,-59.15,-46.70,-58.31,-50.62,-53.91,2026-07-19 18:03:03+00:00
2026-07-19T18:04:03+00:00,-46.24,-55.62,-64.68,-62.35,-65.59,-51.91,-50.24,-53.38,-49.93,-49.28,-48.43,-65.19,-59.26,-46.80,-58.44,-50.47,-53.89,2026-07-19 18:04:03+00:00
2026-07-19T18:05:04+00:00,-46.43,-55.55,-64.16,-62.33,-66.21,-51.94,-49.92,-53.39,-50.01,-49.24,-48.33,-61.94,-59.13,-46.92,-58.46,-50.69,-54.18,2026-07-19 18:05:04+00:00
2026-07-19T18:06:04+00:00,-46.53,-55.59,-64.10,-62.19,-66.93,-51.92,-49.89,-53.23,-51.68,-49.44,-48.23,-61.85,-59.03,-46.77,-59.30,-50.74,-53.54,2026-07-19 18:06:04+00:00
2026-07-19T18:07:04+00:00,-46.17,-53.33,-63.77,-62.26,-66.79,-51.94,-50.44,-53.41,-50.45,-49.34,-48.32,-58.57,-59.02,-46.66,-58.46,-50.25,-53.95,2026-07-19 18:07:04+00:00
2026-07-19T18:08:03+00:00,-45.98,-53.88,-63.95,-62.34,-66.94,-51.98,-50.88,-53.52,-49.09,-49.47,-48.51,-55.76,-58.72,-46.63,-58.55,-50.61,-54.68,2026-07-19 18:08:03+00:00
2026-07-19T18:09:03+00:00,-46.15,-54.20,-64.08,-62.25,-66.55,-52.15,-50.21,-52.87,-53.92,-49.50,-48.53,-55.38,-58.66,-46.73,-58.54,-50.57,-54.24,2026-07-19 18:09:03+00:00
2026-07-19T18:10:04+00:00,-46.41,-54.30,-64.31,-62.09,-66.14,-52.06,-49.95,-52.88,-50.59,-49.38,-48.60,-56.64,-59.01,-46.67,-58.76,-50.46,-54.29,2026-07-19 18:10:04+00:00
2026-07-19T18:11:04+00:00,-46.19,-54.14,-64.41,-62.31,-66.71,-51.92,-50.42,-52.99,-50.01,-49.31,-48.69,-57.57,-58.85,-46.59,-58.74,-50.39,-54.16,2026-07-19 18:11:04+00:00
2026-07-19T18:12:03+00:00,-46.07,-54.05,-63.87,-62.34,-66.84,-51.82,-50.63,-53.20,-52.59,-49.39,-48.74,-57.00,-58.63,-46.64,-58.72,-50.46,-54.32,2026-07-19 18:12:03+00:00
2026-07-19T18:13:03+00:00,-46.19,-53.87,-64.36,-62.42,-66.48,-52.10,-50.28,-53.29,-49.29,-49.25,-48.88,-56.77,-58.81,-46.66,-59.17,-50.69,-53.41,2026-07-19 18:13:03+00:00
2026-07-19T18:14:04+00:00,-46.38,-54.08,-63.75,-62.42,-65.80,-51.89,-48.18,-53.07,-52.34,-49.29,-48.71,-56.42,-58.38,-46.67,-58.56,-50.22,-52.97,2026-07-19 18:14:04+00:00
2026-07-19T18:15:04+00:00,-45.99,-54.08,-64.14,-62.52,-66.06,-51.96,-49.84,-53.34,-50.25,-49.22,-48.57,-56.22,-59.13,-46.83,-58.86,-50.38,-53.15,2026-07-19 18:15:04+00:00
2026-07-19T18:16:03+00:00,-45.71,-53.96,-62.90,-62.19,-66.76,-51.97,-50.47,-53.44,-50.88,-49.20,-48.90,-55.82,-58.78,-46.89,-58.69,-50.40,-52.54,2026-07-19 18:16:03+00:00
2026-07-19T18:17:03+00:00,-46.19,-55.98,-64.15,-62.54,-65.87,-52.09,-49.26,-53.76,-49.73,-49.24,-48.97,-56.76,-59.08,-46.62,-58.76,-50.35,-53.99,2026-07-19 18:17:03+00:00
2026-07-19T18:18:04+00:00,-46.31,-59.13,-63.25,-62.21,-66.11,-51.78,-49.28,-53.94,-53.87,-49.30,-49.10,-57.03,-59.01,-46.58,-58.82,-50.24,-53.09,2026-07-19 18:18:04+00:00
2026-07-19T18:19:04+00:00,-46.95,-59.33,-62.92,-62.13,-66.28,-51.68,-50.00,-54.13,-48.77,-49.32,-48.14,-57.02,-59.13,-46.50,-59.02,-50.33,-52.88,2026-07-19 18:19:04+00:00
2026-07-19T18:20:03+00:00,-47.36,-59.48,-63.49,-62.91,-66.20,-52.07,-50.31,-55.00,-49.55,-49.47,-49.18,-58.32,-59.02,-46.48,-59.41,-50.15,-52.22,2026-07-19 18:20:03+00:00
2026-07-19T18:21:03+00:00,-46.84,-60.10,-64.33,-62.32,-66.93,-52.01,-49.83,-55.34,-50.39,-49.38,-49.39,-59.01,-58.79,-46.69,-58.86,-50.08,-53.25,2026-07-19 18:21:03+00:00
2026-07-19T18:22:04+00:00,-46.71,-54.75,-64.13,-62.03,-66.74,-51.81,-50.09,-55.51,-49.21,-49.43,-49.40,-59.81,-58.90,-46.79,-59.11,-49.77,-53.20,2026-07-19 18:22:04+00:00
2026-07-19T18:23:04+00:00,-46.78,-59.18,-63.50,-62.39,-66.32,-52.09,-49.35,-55.80,-51.73,-49.39,-49.51,-60.68,-59.16,-46.89,-59.02,-49.89,-53.31,2026-07-19 18:23:04+00:00
2026-07-19T18:24:03+00:00,-46.98,-59.19,-63.00,-62.36,-65.74,-52.08,-50.29,-56.05,-50.44,-49.58,-49.27,-62.18,-59.27,-46.82,-59.06,-49.46,-53.14,2026-07-19 18:24:03+00:00
2026-07-19T18:25:04+00:00,-46.93,-57.93,-62.44,-62.41,-66.83,-52.08,-50.12,-56.17,-50.74,-49.45,-49.35,-63.17,-59.36,-46.82,-58.98,-49.33,-53.58,2026-07-19 18:25:04+00:00
2026-07-19T18:26:04+00:00,-46.74,-57.90,-63.04,-62.40,-66.73,-51.76,-48.51,-56.46,-49.38,-49.47,-49.45,-63.83,-58.98,-46.92,-58.68,-49.46,-53.28,2026-07-19 18:26:04+00:00
2026-07-19T18:27:04+00:00,-47.04,-60.04,-62.90,-62.49,-66.83,-51.98,-49.77,-56.83,-49.62,-49.68,-49.30,-64.07,-59.38,-46.71,-58.81,-49.51,-53.57,2026-07-19 18:27:04+00:00
2026-07-19T18:28:03+00:00,-47.45,-59.89,-64.42,-62.34,-65.95,-51.98,-49.91,-57.38,-51.18,-49.72,-48.85,-65.08,-59.48,-47.00,-58.79,-49.55,-54.11,2026-07-19 18:28:03+00:00
2026-07-19T18:29:04+00:00,-47.53,-59.36,-64.65,-62.44,-66.94,-51.94,-49.90,-57.44,-50.08,-49.67,-48.75,-67.14,-59.50,-46.87,-58.89,-49.40,-53.17,2026-07-19 18:29:04+00:00
2026-07-19T18:30:04+00:00,-47.79,-55.69,-63.96,-62.24,-66.59,-52.13,-50.01,-57.71,-50.19,-49.67,-49.75,-67.05,-59.51,-46.92,-58.94,-49.25,-53.44,2026-07-19 18:30:04+00:00
2026-07-19T18:31:06+00:00,-46.95,-55.54,-63.39,-62.26,-65.56,-50.76,-49.73,-56.49,-50.13,-49.52,-48.25,-62.26,-59.53,-47.01,-58.45,-49.20,-54.15,2026-07-19 18:31:06+00:00
2026-07-19T18:32:03+00:00,-47.15,-55.90,-63.82,-62.41,-66.39,-51.85,-49.73,-58.35,-50.38,-49.94,-49.60,-64.47,-59.47,-46.79,-59.02,-49.17,-53.49,2026-07-19 18:32:03+00:00
2026-07-19T18:33:04+00:00,-46.54,-56.08,-63.84,-62.72,-66.46,-51.87,-49.82,-58.71,-50.52,-49.54,-49.49,-64.11,-61.46,-46.74,-58.91,-49.12,-54.64,2026-07-19 18:33:04+00:00
2026-07-19T18:34:04+00:00,-47.00,-55.83,-63.77,-62.24,-66.07,-51.90,-50.06,-58.86,-50.58,-49.77,-49.51,-63.98,-61.41,-46.48,-58.41,-49.23,-57.14,2026-07-19 18:34:04+00:00
2026-07-19T18:35:03+00:00,-46.72,-56.05,-63.14,-61.94,-66.33,-52.18,-49.84,-59.02,-50.63,-49.60,-49.56,-62.96,-61.50,-46.58,-58.67,-49.15,-55.96,2026-07-19 18:35:03+00:00
2026-07-19T18:36:04+00:00,-47.13,-56.33,-63.04,-62.30,-66.66,-50.08,-49.95,-59.23,-50.25,-49.47,-49.42,-61.55,-61.38,-46.62,-58.81,-49.24,-57.32,2026-07-19 18:36:04+00:00
2026-07-19T18:37:04+00:00,-47.10,-56.45,-63.18,-62.33,-66.66,-50.02,-49.73,-59.61,-50.50,-49.37,-49.48,-61.08,-61.26,-46.54,-58.66,-49.53,-57.32,2026-07-19 18:37:04+00:00
2026-07-19T18:38:03+00:00,-47.01,-56.30,-63.61,-62.48,-67.24,-48.84,-48.80,-59.52,-50.15,-49.43,-49.35,-60.40,-60.20,-46.55,-58.36,-49.25,-57.03,2026-07-19 18:38:03+00:00
2026-07-19T18:39:03+00:00,-46.95,-56.85,-63.43,-62.27,-65.73,-48.90,-49.86,-59.99,-50.10,-49.46,-49.07,-59.91,-61.15,-46.18,-58.68,-49.31,-56.85,2026-07-19 18:39:03+00:00
2026-07-19T18:40:04+00:00,-47.38,-56.83,-62.95,-62.35,-66.58,-48.87,-49.64,-59.79,-51.05,-49.36,-49.24,-58.27,-61.23,-46.10,-58.62,-49.05,-57.24,2026-07-19 18:40:04+00:00
2026-07-19T18:41:04+00:00,-48.81,-57.14,-64.11,-62.35,-66.09,-49.37,-49.85,-60.43,-50.95,-49.52,-49.24,-56.64,-61.33,-46.04,-57.97,-49.33,-57.91,2026-07-19 18:41:04+00:00
2026-07-19T18:42:03+00:00,-48.60,-57.28,-63.36,-61.85,-65.89,-49.08,-50.86,-60.93,-50.60,-49.61,-49.21,-55.84,-61.20,-45.86,-58.38,-49.45,-58.00,2026-07-19 18:42:03+00:00
2026-07-19T18:43:03+00:00,-48.42,-57.20,-63.69,-61.56,-66.47,-48.95,-49.69,-61.33,-50.58,-49.44,-49.21,-55.85,-61.06,-45.74,-58.59,-49.50,-56.14,2026-07-19 18:43:03+00:00
2026-07-19T18:44:04+00:00,-48.00,-57.35,-64.22,-62.11,-65.68,-48.66,-49.75,-62.36,-52.17,-49.39,-49.41,-56.41,-61.21,-45.40,-59.25,-49.27,-57.66,2026-07-19 18:44:04+00:00
2026-07-19T18:45:04+00:00,-47.95,-56.73,-64.45,-62.18,-66.82,-48.95,-49.35,-61.61,-50.94,-49.68,-49.38,-56.06,-61.35,-45.07,-58.71,-49.19,-57.65,2026-07-19 18:45:04+00:00
2026-07-19T18:46:03+00:00,-47.39,-57.03,-64.22,-62.25,-66.92,-48.50,-49.42,-62.23,-51.39,-49.57,-49.71,-56.10,-61.11,-44.79,-58.18,-49.33,-57.80,2026-07-19 18:46:03+00:00
2026-07-19T18:47:03+00:00,-48.46,-57.22,-64.24,-62.12,-66.29,-48.80,-50.23,-62.34,-51.44,-49.68,-49.83,-56.45,-61.30,-44.39,-58.08,-49.27,-57.28,2026-07-19 18:47:03+00:00
2026-07-19T18:48:04+00:00,-48.72,-58.11,-63.76,-62.11,-66.05,-48.89,-49.87,-62.66,-51.88,-49.78,-49.58,-58.05,-60.56,-44.18,-58.00,-49.06,-57.29,2026-07-19 18:48:04+00:00
2026-07-19T18:49:04+00:00,-48.45,-58.01,-64.13,-62.16,-66.68,-49.05,-49.96,-62.47,-52.53,-49.73,-49.68,-59.38,-60.85,-43.68,-58.70,-48.74,-57.13,2026-07-19 18:49:04+00:00
2026-07-19T18:50:03+00:00,-49.29,-57.38,-62.04,-61.23,-64.21,-48.77,-50.50,-60.15,-52.07,-49.32,-49.60,-57.93,-60.00,-43.30,-57.71,-49.00,-56.72,2026-07-19 18:50:03+00:00
2026-07-19T18:51:04+00:00,-47.11,-57.50,-61.98,-61.01,-64.30,-48.63,-49.36,-60.88,-52.17,-49.31,-49.44,-57.93,-59.99,-42.97,-57.76,-49.22,-56.95,2026-07-19 18:51:04+00:00
2026-07-19T18:52:04+00:00,-47.12,-58.06,-61.72,-61.32,-64.09,-48.70,-49.66,-61.08,-50.85,-49.33,-49.05,-57.76,-59.98,-42.74,-58.37,-48.82,-56.74,2026-07-19 18:52:04+00:00
2026-07-19T18:53:03+00:00,-49.27,-58.35,-61.47,-61.43,-64.53,-48.73,-50.21,-60.82,-51.52,-49.24,-49.23,-58.28,-60.11,-42.55,-58.07,-48.73,-57.34,2026-07-19 18:53:03+00:00
2026-07-19T18:54:03+00:00,-48.09,-57.97,-61.26,-61.28,-64.84,-48.98,-50.38,-60.15,-50.36,-49.10,-49.24,-59.09,-59.62,-42.20,-58.03,-48.57,-57.55,2026-07-19 18:54:03+00:00
2026-07-19T18:55:04+00:00,-47.75,-58.18,-61.28,-61.54,-64.83,-48.90,-50.17,-59.79,-51.62,-49.21,-49.13,-60.42,-59.67,-42.16,-57.99,-48.71,-57.50,2026-07-19 18:55:04+00:00
2026-07-19T18:56:04+00:00,-47.69,-58.83,-61.26,-61.29,-65.13,-48.66,-49.45,-59.54,-52.41,-49.07,-48.55,-61.46,-59.76,-42.08,-58.21,-48.78,-57.57,2026-07-19 18:56:04+00:00
2026-07-19T18:57:04+00:00,-47.40,-58.34,-61.28,-61.51,-64.00,-48.84,-50.11,-60.57,-50.39,-48.63,-49.41,-62.00,-59.16,-41.61,-58.13,-49.05,-57.55,2026-07-19 18:57:04+00:00
2026-07-19T18:58:03+00:00,-48.31,-58.30,-60.98,-61.54,-63.99,-49.10,-49.84,-61.25,-52.73,-48.64,-49.41,-62.31,-59.56,-41.34,-58.23,-48.25,-57.76,2026-07-19 18:58:03+00:00
2026-07-19T18:59:03+00:00,-48.74,-57.78,-61.44,-61.51,-63.53,-49.08,-49.99,-60.58,-53.00,-48.41,-51.07,-62.00,-59.15,-41.13,-57.71,-48.42,-57.68,2026-07-19 18:59:03+00:00
2026-07-19T19:00:04+00:00,-48.35,-58.34,-61.64,-61.65,-64.81,-49.36,-50.19,-60.99,-50.71,-48.63,-50.94,-62.45,-59.22,-41.11,-57.98,-48.63,-57.19,2026-07-19 19:00:04+00:00
2026-07-19T19:01:06+00:00,-47.42,-58.83,-61.70,-61.41,-64.52,-49.03,-50.19,-60.77,-52.50,-48.60,-50.84,-61.78,-58.85,-41.05,-58.08,-48.71,-57.38,2026-07-19 19:01:06+00:00
2026-07-19T19:02:03+00:00,-46.74,-58.76,-61.49,-61.34,-63.87,-49.13,-50.17,-60.73,-51.33,-48.57,-51.02,-61.99,-58.95,-40.74,-57.95,-48.60,-56.99,2026-07-19 19:02:03+00:00
2026-07-19T19:03:03+00:00,-48.49,-58.96,-61.87,-61.07,-64.47,-46.82,-49.61,-61.56,-51.56,-48.77,-51.00,-62.23,-58.78,-40.88,-57.85,-48.82,-56.80,2026-07-19 19:03:03+00:00
2026-07-19T19:04:04+00:00,-48.19,-58.57,-61.55,-61.54,-63.17,-46.47,-49.53,-61.60,-50.56,-48.28,-50.80,-62.18,-59.03,-40.71,-57.80,-48.70,-57.24,2026-07-19 19:04:04+00:00
2026-07-19T19:05:03+00:00,-48.58,-58.25,-61.54,-61.48,-63.97,-46.58,-49.87,-61.83,-52.25,-48.42,-50.64,-61.85,-58.68,-40.66,-57.96,-48.45,-56.95,2026-07-19 19:05:03+00:00
2026-07-19T19:06:04+00:00,-48.39,-58.21,-60.84,-61.04,-63.90,-46.31,-50.78,-61.37,-50.44,-48.55,-50.45,-60.90,-58.51,-40.64,-57.36,-48.98,-57.00,2026-07-19 19:06:04+00:00
2026-07-19T19:07:03+00:00,-48.43,-57.85,-61.16,-61.13,-63.77,-46.63,-50.94,-60.74,-51.46,-48.62,-50.49,-60.04,-58.33,-40.69,-57.81,-48.85,-57.00,2026-07-19 19:07:03+00:00
2026-07-19T19:08:03+00:00,-48.29,-57.29,-62.59,-61.26,-63.85,-45.59,-48.69,-60.79,-51.17,-48.52,-51.89,-61.28,-57.67,-40.72,-57.67,-49.07,-56.96,2026-07-19 19:08:03+00:00
2026-07-19T19:09:04+00:00,-48.52,-57.66,-62.61,-61.22,-63.30,-46.55,-49.75,-61.68,-51.29,-48.49,-55.10,-59.19,-58.18,-40.61,-58.12,-49.08,-57.20,2026-07-19 19:09:04+00:00
2026-07-19T19:10:04+00:00,-48.38,-58.09,-62.11,-61.51,-63.74,-46.70,-50.21,-61.38,-50.70,-48.65,-55.46,-59.43,-58.19,-40.76,-58.04,-48.56,-57.29,2026-07-19 19:10:04+00:00
2026-07-19T19:11:03+00:00,-48.29,-58.73,-61.98,-61.45,-63.76,-46.44,-50.36,-61.05,-50.61,-48.81,-55.24,-60.89,-57.83,-40.72,-57.31,-48.61,-57.45,2026-07-19 19:11:03+00:00
2026-07-19T19:12:03+00:00,-48.62,-58.93,-62.52,-61.11,-63.94,-46.05,-49.78,-61.81,-50.51,-49.11,-55.21,-61.25,-57.35,-40.68,-57.63,-48.61,-56.41,2026-07-19 19:12:03+00:00
2026-07-19T19:13:04+00:00,-48.46,-58.60,-61.93,-61.34,-64.00,-46.12,-49.74,-61.61,-50.73,-49.08,-55.28,-61.45,-57.51,-40.66,-57.81,-48.48,-57.64,2026-07-19 19:13:04+00:00
2026-07-19T19:14:04+00:00,-48.64,-58.39,-62.11,-61.01,-63.83,-46.14,-49.65,-61.68,-51.39,-49.05,-55.58,-61.32,-57.36,-40.60,-57.52,-48.90,-57.43,2026-07-19 19:14:04+00:00
2026-07-19T19:15:03+00:00,-48.14,-58.35,-62.37,-61.57,-63.57,-46.37,-50.78,-62.29,-51.35,-49.21,-55.49,-62.05,-57.46,-40.55,-57.54,-48.80,-57.31,2026-07-19 19:15:03+00:00
2026-07-19T19:16:03+00:00,-48.61,-58.57,-63.63,-61.57,-64.72,-46.52,-49.69,-61.87,-49.06,-49.11,-54.70,-61.76,-57.49,-40.72,-57.71,-48.70,-57.21,2026-07-19 19:16:03+00:00
2026-07-19T19:17:04+00:00,-48.53,-58.63,-63.12,-61.41,-63.03,-46.38,-50.06,-61.67,-48.39,-49.19,-55.14,-61.59,-57.21,-40.95,-57.76,-48.62,-57.21,2026-07-19 19:17:04+00:00
2026-07-19T19:18:04+00:00,-48.59,-58.72,-63.80,-62.11,-65.26,-46.60,-50.16,-62.09,-48.89,-49.50,-55.02,-61.76,-57.16,-40.58,-57.77,-48.68,-57.44,2026-07-19 19:18:04+00:00
2026-07-19T19:19:03+00:00,-48.35,-58.50,-63.16,-62.06,-63.23,-46.29,-49.71,-61.70,-48.42,-49.53,-54.90,-62.30,-56.43,-40.60,-57.58,-48.47,-57.18,2026-07-19 19:19:03+00:00
2026-07-19T19:20:03+00:00,-48.33,-59.64,-63.33,-61.81,-63.04,-45.39,-48.33,-60.81,-49.03,-49.98,-54.83,-62.86,-56.07,-40.99,-57.86,-48.25,-57.00,2026-07-19 19:20:03+00:00
2026-07-19T19:21:04+00:00,-48.30,-59.63,-62.78,-61.59,-63.32,-46.30,-50.17,-62.37,-52.39,-49.90,-54.39,-63.12,-56.92,-41.18,-57.68,-47.97,-57.26,2026-07-19 19:21:04+00:00
2026-07-19T19:22:04+00:00,-48.45,-60.28,-62.76,-61.21,-63.21,-46.26,-50.23,-61.95,-49.34,-50.16,-54.62,-63.23,-57.18,-41.51,-58.09,-48.01,-56.00,2026-07-19 19:22:04+00:00
2026-07-19T19:23:03+00:00,-48.75,-60.30,-63.12,-61.50,-62.88,-46.57,-50.30,-61.89,-50.60,-50.15,-53.67,-63.13,-57.09,-41.77,-57.66,-48.05,-57.23,2026-07-19 19:23:03+00:00
2026-07-19T19:24:03+00:00,-48.58,-59.67,-62.90,-61.83,-64.72,-46.43,-50.56,-62.11,-50.36,-50.17,-54.44,-62.40,-56.98,-41.92,-57.14,-47.58,-56.52,2026-07-19 19:24:03+00:00
2026-07-19T19:25:04+00:00,-48.00,-57.67,-62.83,-61.34,-64.47,-46.25,-50.04,-61.88,-51.18,-50.40,-54.49,-62.96,-56.78,-42.02,-57.10,-47.75,-57.42,2026-07-19 19:25:04+00:00
2026-07-19T19:26:04+00:00,-48.12,-58.09,-63.01,-61.35,-64.74,-46.48,-50.24,-62.21,-51.67,-50.58,-54.69,-62.70,-56.91,-42.28,-57.41,-48.33,-57.14,2026-07-19 19:26:04+00:00
2026-07-19T19:27:03+00:00,-47.49,-57.54,-62.91,-62.06,-64.19,-46.42,-50.49,-61.94,-51.16,-50.81,-54.40,-62.70,-57.03,-42.55,-56.91,-47.81,-57.15,2026-07-19 19:27:03+00:00
2026-07-19T19:28:03+00:00,-48.06,-57.95,-62.49,-61.97,-65.24,-46.58,-50.05,-61.42,-50.49,-51.04,-54.59,-62.62,-56.79,-42.75,-57.27,-48.60,-57.05,2026-07-19 19:28:03+00:00
2026-07-19T19:29:04+00:00,-47.94,-58.38,-62.84,-61.52,-64.77,-46.51,-50.53,-61.54,-50.85,-51.34,-54.65,-62.94,-56.86,-43.00,-56.94,-48.79,-56.90,2026-07-19 19:29:04+00:00
2026-07-19T19:30:04+00:00,-47.21,-58.20,-63.04,-61.98,-64.22,-46.44,-50.62,-61.82,-50.08,-51.66,-54.56,-63.04,-56.46,-43.43,-57.48,-49.24,-57.07,2026-07-19 19:30:04+00:00
2026-07-19T19:31:08+00:00,-47.61,-58.10,-62.90,-61.67,-64.45,-46.57,-50.14,-61.56,-51.35,-51.91,-54.56,-62.51,-56.24,-44.02,-57.15,-49.99,-56.15,2026-07-19 19:31:08+00:00
2026-07-19T19:32:04+00:00,-48.20,-57.99,-62.73,-61.77,-64.36,-46.05,-50.34,-61.89,-50.87,-52.33,-54.67,-62.39,-56.04,-44.18,-56.83,-49.90,-57.11,2026-07-19 19:32:04+00:00
2026-07-19T19:33:03+00:00,-48.23,-57.51,-63.23,-61.89,-64.86,-46.08,-49.95,-62.02,-51.73,-52.79,-54.87,-62.54,-55.89,-44.41,-57.04,-49.98,-57.04,2026-07-19 19:33:03+00:00
2026-07-19T19:34:03+00:00,-48.24,-55.27,-63.25,-61.70,-64.63,-46.45,-50.18,-62.02,-51.01,-52.66,-54.57,-61.39,-55.91,-44.72,-56.71,-49.89,-57.26,2026-07-19 19:34:03+00:00
2026-07-19T19:35:04+00:00,-47.71,-55.06,-62.74,-61.73,-63.52,-46.35,-49.82,-62.04,-51.68,-52.98,-54.79,-61.01,-55.85,-45.21,-56.51,-49.65,-56.99,2026-07-19 19:35:04+00:00
2026-07-19T19:36:04+00:00,-48.18,-54.94,-62.74,-61.54,-63.35,-46.46,-49.82,-61.89,-51.46,-53.58,-54.56,-59.03,-55.50,-45.43,-56.17,-50.52,-56.97,2026-07-19 19:36:04+00:00
2026-07-19T19:37:03+00:00,-48.21,-54.94,-63.48,-61.39,-64.94,-46.43,-49.76,-62.10,-51.16,-53.84,-54.63,-61.70,-55.27,-46.06,-55.78,-51.79,-57.15,2026-07-19 19:37:03+00:00
2026-07-19T19:38:03+00:00,-47.97,-58.09,-62.19,-61.78,-63.52,-46.33,-49.26,-61.95,-51.90,-54.41,-54.77,-61.82,-54.96,-46.17,-55.94,-51.17,-57.41,2026-07-19 19:38:03+00:00
2026-07-19T19:39:03+00:00,-47.91,-57.77,-61.83,-61.73,-63.75,-46.60,-49.55,-61.96,-51.02,-54.89,-54.52,-61.79,-54.94,-46.40,-55.99,-51.28,-57.17,2026-07-19 19:39:03+00:00
2026-07-19T19:40:04+00:00,-47.61,-58.02,-62.69,-61.91,-63.06,-46.42,-49.40,-62.37,-50.63,-55.07,-54.77,-62.16,-55.46,-46.53,-55.77,-52.96,-57.04,2026-07-19 19:40:04+00:00
2026-07-19T19:41:04+00:00,-47.79,-58.33,-63.10,-62.04,-63.80,-46.52,-49.29,-62.32,-50.52,-55.70,-54.88,-62.57,-55.39,-46.99,-55.84,-52.54,-57.19,2026-07-19 19:41:04+00:00
2026-07-19T19:42:03+00:00,-47.80,-58.00,-61.94,-61.69,-63.34,-46.61,-49.11,-61.52,-51.00,-55.80,-54.78,-62.49,-55.34,-47.41,-55.85,-52.45,-57.08,2026-07-19 19:42:03+00:00
2026-07-19T19:43:10+00:00,-48.11,-58.01,-62.37,-61.86,-63.58,-46.53,-49.29,-61.82,-51.37,-56.35,-55.02,-62.71,-55.13,-47.86,-55.70,-52.83,-57.14,2026-07-19 19:43:10+00:00
2026-07-19T19:44:03+00:00,-48.22,-57.85,-61.94,-61.88,-63.81,-46.54,-49.25,-61.94,-51.07,-56.10,-54.96,-62.69,-54.90,-48.37,-55.40,-52.70,-56.96,2026-07-19 19:44:03+00:00
2026-07-19T19:45:04+00:00,-47.82,-57.51,-61.50,-61.52,-64.13,-46.58,-49.31,-62.02,-51.86,-56.60,-54.83,-61.97,-55.23,-49.13,-55.23,-54.24,-56.89,2026-07-19 19:45:04+00:00
2026-07-19T19:46:04+00:00,-47.86,-57.34,-61.18,-61.77,-62.87,-46.78,-49.29,-61.52,-51.28,-56.49,-55.06,-62.03,-55.27,-49.44,-55.64,-54.09,-56.92,2026-07-19 19:46:04+00:00
2026-07-19T19:47:03+00:00,-47.91,-57.44,-61.21,-61.82,-64.30,-46.53,-49.32,-61.43,-51.28,-56.33,-55.20,-61.94,-55.31,-50.56,-55.25,-54.88,-56.97,2026-07-19 19:47:03+00:00
2026-07-19T19:48:03+00:00,-48.22,-58.58,-61.45,-62.12,-63.78,-46.89,-53.28,-61.93,-51.14,-56.44,-55.14,-61.65,-55.28,-51.36,-55.12,-52.78,-57.66,2026-07-19 19:48:03+00:00
2026-07-19T19:49:03+00:00,-48.14,-58.69,-61.55,-61.76,-63.93,-46.49,-47.49,-61.69,-50.95,-56.26,-55.03,-61.53,-55.77,-52.67,-54.94,-52.51,-57.35,2026-07-19 19:49:03+00:00
2026-07-19T19:50:04+00:00,-48.11,-58.73,-61.54,-61.93,-63.81,-46.60,-48.60,-61.53,-51.73,-55.73,-55.18,-60.76,-56.01,-53.60,-54.49,-53.78,-56.93,2026-07-19 19:50:04+00:00
2026-07-19T19:51:04+00:00,-47.80,-56.01,-62.02,-62.03,-64.37,-46.66,-48.60,-61.64,-51.23,-55.05,-55.15,-60.68,-55.58,-54.58,-54.72,-53.10,-57.10,2026-07-19 19:51:04+00:00
2026-07-19T19:52:03+00:00,-47.98,-55.89,-62.08,-61.96,-63.44,-46.75,-48.66,-61.21,-51.12,-54.98,-55.44,-60.43,-55.67,-55.32,-54.63,-53.01,-57.12,2026-07-19 19:52:03+00:00
2026-07-19T19:53:04+00:00,-48.06,-56.08,-62.70,-62.11,-62.99,-46.78,-48.87,-61.19,-51.56,-54.52,-55.30,-59.88,-55.41,-55.58,-54.15,-53.45,-57.14,2026-07-19 19:53:04+00:00
2026-07-19T19:54:04+00:00,-47.64,-56.04,-62.54,-62.11,-63.44,-46.73,-48.92,-61.19,-51.87,-53.81,-55.31,-60.38,-55.40,-55.02,-54.27,-55.46,-56.81,2026-07-19 19:54:04+00:00
2026-07-19T19:55:04+00:00,-47.88,-55.70,-62.60,-62.00,-63.56,-46.66,-48.78,-61.22,-50.71,-53.40,-55.58,-60.61,-55.42,-55.30,-54.31,-54.75,-56.89,2026-07-19 19:55:04+00:00
2026-07-19T19:56:03+00:00,-47.39,-55.34,-61.80,-62.05,-63.08,-46.16,-48.87,-61.46,-50.86,-53.06,-55.37,-60.66,-54.88,-55.47,-54.10,-53.98,-57.09,2026-07-19 19:56:03+00:00
2026-07-19T19:57:04+00:00,-47.86,-56.84,-61.75,-61.90,-63.36,-46.33,-48.97,-61.67,-50.50,-52.50,-55.54,-60.90,-54.54,-56.16,-54.10,-53.41,-56.96,2026-07-19 19:57:04+00:00
2026-07-19T19:58:04+00:00,-47.58,-55.86,-61.22,-61.52,-64.72,-46.21,-48.99,-61.29,-50.42,-51.84,-55.36,-61.75,-53.88,-55.99,-54.08,-54.96,-55.65,2026-07-19 19:58:04+00:00
2026-07-19T19:59:04+00:00,-47.74,-55.19,-61.02,-61.73,-63.84,-46.26,-48.88,-61.47,-50.39,-51.86,-55.27,-61.53,-53.81,-58.05,-54.15,-55.35,-57.00,2026-07-19 19:59:04+00:00
2026-07-19T20:00:03+00:00,-46.97,-51.79,-61.19,-62.05,-63.36,-46.28,-48.77,-61.56,-50.42,-51.22,-55.51,-62.13,-53.78,-59.02,-54.26,-55.76,-56.91,2026-07-19 20:00:03+00:00
2026-07-19T20:01:08+00:00,-47.30,-51.00,-60.87,-62.28,-64.82,-46.31,-48.73,-61.57,-50.54,-50.55,-55.49,-62.07,-53.83,-59.21,-53.92,-55.47,-56.83,2026-07-19 20:01:08+00:00
2026-07-19T20:02:04+00:00,-46.81,-51.39,-61.17,-61.45,-63.78,-46.10,-48.47,-61.67,-50.46,-50.33,-55.54,-62.54,-53.75,-59.27,-53.71,-55.46,-55.70,2026-07-19 20:02:04+00:00
2026-07-19T20:03:03+00:00,-47.46,-51.34,-61.49,-61.62,-63.82,-46.04,-48.62,-61.37,-50.54,-49.80,-55.45,-62.45,-53.70,-59.09,-53.40,-55.79,-57.14,2026-07-19 20:03:03+00:00
2026-07-19T20:04:03+00:00,-47.94,-51.37,-61.61,-61.76,-64.09,-46.10,-48.86,-61.76,-50.59,-49.69,-55.63,-62.38,-53.21,-60.28,-53.69,-58.01,-56.01,2026-07-19 20:04:03+00:00
2026-07-19T20:05:04+00:00,-48.16,-51.92,-61.42,-62.14,-63.59,-46.04,-52.75,-62.02,-50.65,-49.52,-55.53,-62.54,-53.13,-59.65,-53.23,-56.83,-56.98,2026-07-19 20:05:04+00:00
2026-07-19T20:06:03+00:00,-48.06,-51.61,-61.56,-61.93,-64.44,-46.15,-45.12,-61.53,-50.97,-48.74,-55.51,-62.47,-53.31,-59.09,-53.33,-54.66,-57.09,2026-07-19 20:06:03+00:00
2026-07-19T20:07:04+00:00,-48.03,-51.71,-62.16,-62.15,-64.45,-46.27,-48.68,-61.76,-50.93,-48.57,-55.39,-62.54,-53.59,-60.13,-53.18,-53.64,-56.98,2026-07-19 20:07:04+00:00
2026-07-19T20:08:04+00:00,-48.49,-51.68,-61.61,-62.01,-64.07,-46.25,-48.53,-61.75,-50.27,-47.88,-55.51,-62.65,-53.23,-58.83,-53.67,-53.43,-56.80,2026-07-19 20:08:04+00:00
2026-07-19T20:09:04+00:00,-48.56,-51.36,-61.70,-61.46,-63.89,-46.16,-48.66,-61.52,-50.86,-47.79,-55.31,-62.28,-53.15,-58.56,-53.11,-52.46,-56.79,2026-07-19 20:09:04+00:00
2026-07-19T20:10:03+00:00,-48.04,-51.36,-61.61,-61.12,-63.50,-46.12,-48.30,-61.36,-50.92,-47.67,-55.54,-62.87,-53.02,-58.65,-53.36,-51.50,-55.88,2026-07-19 20:10:03+00:00
2026-07-19T20:11:04+00:00,-48.15,-51.68,-61.84,-61.76,-63.48,-46.17,-48.38,-61.61,-51.15,-47.08,-44.18,-62.47,-52.70,-59.83,-53.25,-49.69,-54.30,2026-07-19 20:11:04+00:00
2026-07-19T20:12:04+00:00,-48.35,-51.46,-61.77,-61.86,-64.15,-46.05,-48.47,-61.59,-51.46,-47.21,-55.56,-62.84,-52.98,-59.33,-52.93,-49.55,-56.97,2026-07-19 20:12:04+00:00
2026-07-19T20:13:04+00:00,-48.33,-51.65,-61.92,-61.26,-63.91,-46.09,-48.41,-61.24,-52.09,-46.76,-55.74,-62.95,-53.25,-58.05,-53.15,-48.65,-56.60,2026-07-19 20:13:04+00:00
2026-07-19T20:14:03+00:00,-48.09,-51.62,-61.83,-61.77,-63.73,-45.93,-48.48,-61.23,-51.76,-46.80,-55.61,-62.99,-53.18,-55.70,-53.56,-46.96,-56.53,2026-07-19 20:14:03+00:00
2026-07-19T20:15:04+00:00,-47.77,-51.31,-62.43,-61.62,-64.02,-45.88,-48.48,-61.38,-51.60,-46.48,-55.60,-62.73,-53.33,-55.29,-53.53,-47.16,-55.95,2026-07-19 20:15:04+00:00
2026-07-19T20:16:04+00:00,-47.91,-51.60,-62.09,-61.80,-63.74,-45.84,-48.46,-61.45,-51.74,-46.23,-55.65,-62.20,-53.19,-54.79,-53.49,-46.88,-55.53,2026-07-19 20:16:04+00:00
2026-07-19T20:17:04+00:00,-48.52,-51.44,-62.52,-61.73,-62.99,-45.86,-48.20,-61.69,-52.17,-46.32,-55.73,-62.87,-53.55,-55.05,-53.76,-46.06,-56.26,2026-07-19 20:17:04+00:00
2026-07-19T20:18:03+00:00,-47.72,-51.56,-62.48,-61.67,-64.03,-45.65,-48.09,-61.35,-51.97,-46.18,-55.74,-62.70,-53.17,-55.08,-53.58,-46.34,-56.24,2026-07-19 20:18:03+00:00
2026-07-19T20:19:03+00:00,-47.96,-52.30,-62.32,-61.72,-64.07,-45.76,-48.30,-61.28,-51.87,-46.17,-55.67,-62.32,-52.72,-54.39,-53.51,-45.24,-56.11,2026-07-19 20:19:03+00:00
2026-07-19T20:20:04+00:00,-47.22,-52.19,-62.54,-61.82,-63.44,-45.94,-48.21,-61.57,-51.81,-45.79,-55.71,-62.69,-52.53,-55.57,-54.31,-46.57,-56.12,2026-07-19 20:20:04+00:00
2026-07-19T20:21:04+00:00,-47.58,-52.30,-62.24,-62.06,-63.80,-44.93,-48.04,-58.99,-51.84,-45.61,-54.49,-62.89,-52.96,-59.06,-54.30,-45.54,-55.92,2026-07-19 20:21:04+00:00
2026-07-19T20:22:03+00:00,-46.82,-53.80,-62.58,-62.21,-63.40,-45.84,-48.52,-61.52,-51.36,-45.60,-47.52,-62.84,-53.19,-59.36,-54.37,-44.48,-54.00,2026-07-19 20:22:03+00:00
2026-07-19T20:23:03+00:00,-47.32,-53.92,-62.58,-62.01,-64.18,-45.82,-48.12,-61.30,-51.46,-45.79,-56.07,-63.18,-52.75,-59.05,-54.69,-43.72,-55.93,2026-07-19 20:23:03+00:00
2026-07-19T20:24:04+00:00,-47.33,-53.94,-62.41,-61.59,-63.17,-45.85,-48.15,-61.35,-51.43,-45.81,-55.93,-63.02,-52.58,-58.86,-54.97,-43.58,-55.57,2026-07-19 20:24:04+00:00
2026-07-19T20:25:04+00:00,-47.07,-53.81,-62.50,-61.73,-63.46,-45.53,-48.15,-61.41,-51.87,-45.61,-56.18,-62.69,-52.39,-61.95,-55.30,-43.61,-55.60,2026-07-19 20:25:04+00:00
2026-07-19T20:26:03+00:00,-47.55,-54.92,-62.86,-61.61,-64.34,-45.88,-48.44,-61.45,-51.66,-45.09,-56.11,-62.98,-52.73,-62.88,-55.27,-43.10,-55.90,2026-07-19 20:26:03+00:00
2026-07-19T20:27:03+00:00,-47.29,-55.08,-63.08,-62.11,-64.49,-45.60,-48.18,-61.55,-51.46,-44.75,-56.23,-62.95,-52.06,-62.00,-55.31,-42.34,-55.84,2026-07-19 20:27:03+00:00
2026-07-19T20:28:04+00:00,-47.49,-55.66,-62.85,-62.09,-63.33,-45.72,-48.31,-61.47,-51.52,-44.29,-55.90,-63.19,-52.25,-61.68,-56.23,-43.12,-55.81,2026-07-19 20:28:04+00:00
2026-07-19T20:29:04+00:00,-47.28,-55.56,-62.89,-61.74,-63.72,-45.59,-48.20,-61.20,-51.70,-43.82,-56.00,-62.87,-52.04,-61.58,-56.34,-43.17,-55.78,2026-07-19 20:29:04+00:00
2026-07-19T20:30:03+00:00,-47.39,-56.33,-62.79,-61.59,-63.83,-45.83,-48.07,-61.63,-51.57,-44.20,-55.74,-63.09,-51.88,-62.29,-56.30,-43.32,-56.06,2026-07-19 20:30:03+00:00
2026-07-19T20:31:05+00:00,-47.28,-56.42,-62.72,-61.63,-63.43,-45.72,-48.19,-60.84,-51.59,-44.08,-56.09,-62.70,-51.83,-60.36,-56.92,-44.17,-55.30,2026-07-19 20:31:05+00:00
2026-07-19T20:32:03+00:00,-47.40,-56.84,-62.98,-61.51,-63.66,-45.92,-48.30,-61.53,-51.76,-44.06,-56.12,-63.15,-51.49,-61.48,-56.99,-43.66,-55.73,2026-07-19 20:32:03+00:00
2026-07-19T20:33:04+00:00,-47.29,-56.73,-63.07,-61.56,-64.32,-44.61,-48.21,-59.41,-51.37,-43.67,-54.88,-62.96,-51.62,-59.38,-57.78,-43.01,-55.94,2026-07-19 20:33:04+00:00
2026-07-19T20:34:04+00:00,-46.93,-57.60,-62.89,-61.94,-63.80,-45.77,-48.80,-61.35,-51.44,-43.49,-58.29,-63.15,-51.69,-60.84,-58.09,-42.89,-55.76,2026-07-19 20:34:04+00:00
2026-07-19T20:35:03+00:00,-47.57,-58.00,-63.05,-61.84,-64.35,-45.82,-48.43,-61.18,-51.60,-43.36,-58.42,-63.00,-51.91,-60.78,-58.05,-43.08,-55.89,2026-07-19 20:35:03+00:00
2026-07-19T20:36:04+00:00,-47.76,-57.81,-62.94,-61.95,-63.52,-45.62,-48.40,-61.32,-51.88,-43.34,-58.01,-62.91,-51.70,-56.92,-59.21,-41.79,-55.45,2026-07-19 20:36:04+00:00
2026-07-19T20:37:04+00:00,-48.15,-57.49,-63.07,-62.05,-64.69,-45.59,-48.76,-61.81,-51.94,-43.41,-58.02,-63.70,-51.33,-54.96,-58.99,-41.96,-55.80,2026-07-19 20:37:04+00:00
2026-07-19T20:38:03+00:00,-48.17,-57.53,-62.96,-61.71,-63.25,-45.35,-48.17,-61.16,-51.46,-43.02,-56.30,-62.84,-51.01,-53.76,-58.49,-42.11,-55.84,2026-07-19 20:38:03+00:00
2026-07-19T20:39:03+00:00,-47.11,-57.34,-62.56,-61.44,-63.84,-45.68,-48.06,-61.42,-52.14,-43.33,-57.67,-62.84,-51.08,-51.63,-58.13,-41.49,-55.70,2026-07-19 20:39:03+00:00
2026-07-19T20:40:04+00:00,-46.83,-57.73,-63.40,-61.79,-64.54,-45.94,-48.52,-61.69,-49.75,-43.30,-57.04,-62.86,-50.90,-50.24,-58.46,-41.45,-55.60,2026-07-19 20:40:04+00:00
2026-07-19T20:41:04+00:00,-47.55,-57.34,-63.40,-61.47,-62.95,-45.72,-48.41,-61.65,-49.52,-43.25,-56.62,-63.36,-50.87,-49.82,-57.94,-42.60,-55.56,2026-07-19 20:41:04+00:00
2026-07-19T20:42:03+00:00,-45.93,-57.98,-63.39,-61.89,-63.66,-45.94,-48.19,-61.71,-49.83,-43.16,-56.50,-63.38,-50.52,-50.07,-57.65,-42.32,-56.01,2026-07-19 20:42:03+00:00
2026-07-19T20:43:03+00:00,-45.73,-57.94,-63.56,-62.20,-65.22,-45.86,-48.48,-61.59,-49.43,-43.36,-56.82,-63.33,-50.56,-49.84,-57.65,-42.54,-56.34,2026-07-19 20:43:03+00:00
2026-07-19T20:44:04+00:00,-46.14,-57.77,-63.57,-61.71,-63.37,-45.91,-48.12,-61.40,-49.73,-43.60,-56.36,-62.26,-50.32,-51.25,-57.22,-42.24,-56.31,2026-07-19 20:44:04+00:00
2026-07-19T20:45:04+00:00,-46.28,-57.66,-63.61,-61.81,-62.69,-44.80,-47.69,-59.42,-49.18,-43.77,-55.14,-63.28,-50.57,-51.46,-56.65,-41.78,-56.10,2026-07-19 20:45:04+00:00
2026-07-19T20:46:03+00:00,-45.91,-57.88,-63.82,-61.74,-64.99,-45.46,-47.93,-61.27,-48.96,-43.92,-56.51,-62.97,-50.31,-51.52,-57.09,-41.63,-55.81,2026-07-19 20:46:03+00:00
2026-07-19T20:47:03+00:00,-47.36,-57.71,-63.11,-61.32,-63.77,-45.74,-47.53,-61.27,-49.18,-44.19,-56.28,-62.56,-50.34,-50.08,-56.52,-41.38,-54.94,2026-07-19 20:47:03+00:00
2026-07-19T20:48:04+00:00,-45.72,-57.62,-63.29,-61.87,-64.51,-45.33,-47.95,-61.43,-49.73,-43.25,-55.99,-63.16,-50.32,-49.16,-56.25,-40.92,-55.69,2026-07-19 20:48:04+00:00
2026-07-19T20:49:04+00:00,-45.42,-58.40,-63.30,-61.54,-65.73,-45.68,-48.02,-61.40,-49.18,-43.80,-55.99,-63.25,-50.26,-48.05,-56.36,-40.64,-55.83,2026-07-19 20:49:04+00:00
2026-07-19T20:50:03+00:00,-46.42,-58.82,-63.23,-62.16,-63.84,-48.86,-48.26,-61.04,-48.75,-43.20,-55.04,-63.05,-50.12,-48.80,-56.76,-40.26,-55.99,2026-07-19 20:50:03+00:00
2026-07-19T20:51:03+00:00,-46.10,-58.87,-63.28,-61.95,-64.92,-49.07,-47.96,-61.06,-49.40,-43.98,-55.86,-63.20,-50.21,-49.12,-56.31,-40.98,-55.83,2026-07-19 20:51:03+00:00
2026-07-19T20:52:04+00:00,-45.81,-58.74,-63.68,-62.16,-64.99,-48.76,-47.44,-61.18,-49.13,-43.43,-56.28,-63.32,-50.10,-50.00,-55.64,-41.18,-56.20,2026-07-19 20:52:04+00:00
2026-07-19T20:53:04+00:00,-46.16,-57.64,-63.26,-62.06,-63.32,-48.94,-47.71,-61.48,-48.91,-43.43,-55.44,-63.36,-49.94,-51.46,-55.64,-40.68,-55.79,2026-07-19 20:53:04+00:00
2026-07-19T20:54:03+00:00,-46.47,-57.86,-63.09,-61.86,-63.58,-49.04,-48.32,-61.51,-48.95,-44.14,-56.80,-63.10,-50.18,-52.16,-55.46,-40.62,-56.00,2026-07-19 20:54:03+00:00
2026-07-19T20:55:03+00:00,-46.13,-57.82,-63.82,-61.95,-63.71,-48.99,-48.51,-61.60,-51.42,-44.22,-57.00,-63.46,-50.12,-50.03,-55.61,-40.67,-55.71,2026-07-19 20:55:03+00:00
2026-07-19T20:56:04+00:00,-46.39,-57.56,-63.34,-61.86,-62.67,-48.84,-48.15,-61.42,-51.19,-43.77,-56.66,-63.30,-50.31,-48.99,-55.15,-40.63,-56.00,2026-07-19 20:56:04+00:00
2026-07-19T20:57:04+00:00,-46.21,-58.77,-61.48,-61.57,-62.87,-47.44,-47.72,-58.90,-50.96,-43.72,-55.24,-62.89,-50.67,-49.27,-54.96,-40.01,-55.57,2026-07-19 20:57:04+00:00
2026-07-19T20:58:04+00:00,-46.14,-59.27,-62.35,-61.88,-64.52,-48.99,-47.65,-61.54,-51.43,-44.16,-55.72,-63.55,-50.03,-49.47,-54.80,-39.98,-55.88,2026-07-19 20:58:04+00:00
2026-07-19T20:59:03+00:00,-45.84,-59.05,-63.02,-61.81,-64.53,-49.00,-47.85,-61.43,-51.22,-43.62,-55.21,-63.09,-49.58,-50.52,-54.40,-39.72,-55.70,2026-07-19 20:59:03+00:00
2026-07-19T21:00:03+00:00,-45.99,-58.90,-62.27,-61.72,-63.89,-48.97,-47.97,-61.37,-50.78,-43.74,-55.77,-63.26,-50.33,-50.28,-54.18,-40.13,-56.01,2026-07-19 21:00:03+00:00
2026-07-19T21:01:07+00:00,-46.34,-58.96,-62.16,-61.76,-65.32,-48.65,-48.01,-61.92,-50.87,-43.35,-55.65,-63.33,-49.86,-51.63,-53.82,-40.96,-55.76,2026-07-19 21:01:07+00:00
2026-07-19T21:02:04+00:00,-46.78,-59.43,-61.91,-61.88,-63.55,-48.64,-48.16,-60.81,-51.48,-43.25,-54.49,-62.82,-49.95,-52.34,-53.55,-41.49,-55.82,2026-07-19 21:02:04+00:00
2026-07-19T21:03:04+00:00,-45.84,-58.08,-63.65,-62.02,-64.15,-48.79,-47.96,-61.55,-51.47,-42.89,-55.49,-63.68,-49.92,-51.41,-53.64,-42.56,-55.89,2026-07-19 21:03:04+00:00
2026-07-19T21:04:03+00:00,-45.61,-57.91,-62.89,-61.94,-65.00,-48.94,-48.08,-61.42,-51.11,-42.61,-55.66,-63.66,-49.62,-50.24,-53.23,-43.00,-55.82,2026-07-19 21:04:03+00:00
2026-07-19T21:05:03+00:00,-45.70,-57.86,-63.26,-61.95,-63.91,-48.86,-48.16,-61.45,-51.77,-42.43,-55.67,-63.35,-49.46,-51.42,-52.92,-43.34,-55.94,2026-07-19 21:05:03+00:00
2026-07-19T21:06:04+00:00,-45.90,-57.93,-63.54,-62.23,-64.05,-48.76,-47.93,-61.29,-51.28,-42.80,-55.77,-63.46,-49.09,-51.22,-53.15,-44.33,-55.59,2026-07-19 21:06:04+00:00
2026-07-19T21:07:04+00:00,-45.83,-58.10,-63.64,-61.86,-63.00,-48.73,-50.82,-61.27,-51.68,-42.91,-55.74,-63.73,-49.19,-50.40,-53.67,-44.14,-55.97,2026-07-19 21:07:04+00:00
2026-07-19T21:08:03+00:00,-45.62,-59.39,-63.44,-61.70,-63.73,-48.47,-45.00,-61.40,-51.60,-42.69,-55.25,-63.64,-48.88,-50.59,-53.34,-44.62,-55.35,2026-07-19 21:08:03+00:00
2026-07-19T21:09:04+00:00,-45.66,-59.72,-63.64,-61.64,-63.47,-46.87,-48.28,-59.65,-51.35,-43.26,-55.15,-63.66,-49.19,-50.34,-52.98,-44.36,-55.34,2026-07-19 21:09:04+00:00
2026-07-19T21:10:04+00:00,-45.57,-59.85,-63.41,-61.53,-63.71,-48.75,-48.59,-60.71,-51.38,-43.49,-55.65,-63.95,-48.92,-49.13,-52.22,-44.19,-55.62,2026-07-19 21:10:04+00:00
2026-07-19T21:11:04+00:00,-45.80,-59.64,-63.41,-62.11,-63.39,-48.68,-48.66,-60.74,-51.16,-43.51,-55.84,-63.41,-49.03,-49.17,-51.70,-43.94,-55.61,2026-07-19 21:11:04+00:00
2026-07-19T21:12:03+00:00,-45.81,-59.74,-63.96,-61.85,-63.60,-48.53,-48.88,-61.49,-51.27,-43.95,-55.48,-64.21,-49.18,-48.31,-51.65,-42.50,-55.58,2026-07-19 21:12:03+00:00
2026-07-19T21:13:03+00:00,-45.51,-59.41,-63.44,-61.77,-63.71,-47.87,-48.98,-61.49,-51.33,-42.93,-55.37,-64.29,-48.64,-48.87,-51.92,-41.23,-55.46,2026-07-19 21:13:03+00:00
2026-07-19T21:14:04+00:00,-45.29,-59.08,-63.65,-61.82,-62.90,-47.88,-48.70,-60.71,-51.45,-42.93,-54.81,-62.12,-48.56,-48.08,-51.96,-39.82,-55.53,2026-07-19 21:14:04+00:00
2026-07-19T21:15:04+00:00,-45.27,-58.21,-63.34,-61.98,-65.83,-45.15,-48.55,-61.53,-51.29,-42.82,-55.42,-63.63,-49.17,-48.13,-51.62,-38.86,-55.72,2026-07-19 21:15:04+00:00
2026-07-19T21:16:03+00:00,-45.07,-58.49,-63.66,-62.01,-64.01,-45.32,-48.54,-61.14,-51.53,-42.63,-55.52,-63.61,-49.36,-46.79,-51.47,-39.21,-55.64,2026-07-19 21:16:03+00:00
2026-07-19T21:17:03+00:00,-45.19,-58.13,-63.86,-62.03,-64.02,-45.35,-48.43,-61.41,-51.66,-42.28,-55.45,-63.96,-49.64,-47.09,-51.41,-39.53,-55.46,2026-07-19 21:17:03+00:00
2026-07-19T21:18:04+00:00,-45.35,-58.65,-63.37,-61.79,-63.63,-45.54,-48.05,-61.37,-52.17,-42.97,-54.32,-63.06,-49.48,-47.49,-51.63,-39.63,-55.76,2026-07-19 21:18:04+00:00
2026-07-19T21:19:04+00:00,-45.53,-58.52,-63.34,-61.58,-65.76,-45.55,-48.09,-61.48,-51.49,-42.84,-53.68,-62.97,-49.33,-47.00,-51.76,-39.81,-55.41,2026-07-19 21:19:04+00:00
2026-07-19T21:20:03+00:00,-45.28,-59.02,-63.36,-61.65,-64.19,-45.29,-48.29,-60.89,-52.42,-42.65,-53.13,-63.69,-49.52,-45.59,-51.98,-39.30,-55.80,2026-07-19 21:20:03+00:00
2026-07-19T21:21:03+00:00,-45.15,-59.05,-63.57,-61.80,-64.14,-44.51,-47.63,-60.28,-51.08,-42.39,-53.02,-63.47,-49.45,-45.00,-51.33,-38.60,-55.91,2026-07-19 21:21:03+00:00
2026-07-19T21:22:04+00:00,-45.28,-59.85,-63.82,-61.61,-63.59,-45.21,-48.35,-61.07,-51.48,-42.24,-52.76,-64.00,-49.72,-44.18,-50.91,-37.97,-55.69,2026-07-19 21:22:04+00:00
2026-07-19T21:23:04+00:00,-45.49,-59.88,-63.40,-62.24,-62.63,-45.27,-48.30,-61.35,-51.20,-42.17,-52.41,-63.91,-49.55,-44.20,-49.94,-37.47,-55.33,2026-07-19 21:23:04+00:00
2026-07-19T21:24:03+00:00,-45.46,-59.56,-63.62,-61.72,-62.19,-45.46,-48.25,-61.29,-52.19,-42.21,-52.87,-64.39,-49.56,-44.73,-50.02,-37.06,-55.86,2026-07-19 21:24:03+00:00
2026-07-19T21:25:03+00:00,-45.59,-59.61,-63.05,-61.61,-63.40,-45.62,-48.38,-60.79,-49.12,-42.56,-53.84,-63.71,-49.76,-43.86,-50.18,-36.78,-55.81,2026-07-19 21:25:03+00:00
2026-07-19T21:26:04+00:00,-45.80,-59.65,-63.11,-61.73,-63.00,-45.61,-48.21,-60.07,-48.99,-43.08,-52.68,-63.49,-49.66,-43.39,-49.96,-36.63,-55.81,2026-07-19 21:26:04+00:00
2026-07-19T21:27:04+00:00,-45.34,-59.81,-63.39,-61.77,-63.25,-45.85,-47.78,-61.20,-48.99,-42.34,-53.99,-63.46,-49.25,-43.25,-49.46,-36.83,-55.85,2026-07-19 21:27:04+00:00
2026-07-19T21:28:04+00:00,-45.55,-59.67,-63.40,-62.16,-63.89,-45.66,-47.93,-61.76,-49.26,-42.58,-53.88,-63.46,-49.31,-43.29,-49.07,-37.08,-55.74,2026-07-19 21:28:04+00:00
2026-07-19T21:29:03+00:00,-45.31,-59.15,-63.47,-61.87,-63.39,-45.85,-48.05,-60.97,-49.35,-42.62,-53.80,-63.19,-49.53,-42.85,-49.06,-37.62,-55.99,2026-07-19 21:29:03+00:00
2026-07-19T21:30:04+00:00,-45.41,-59.17,-63.63,-61.77,-64.09,-45.59,-47.33,-61.64,-48.94,-42.36,-53.49,-63.30,-49.14,-44.13,-48.86,-37.72,-55.77,2026-07-19 21:30:04+00:00
2026-07-19T21:31:10+00:00,-46.39,-59.10,-63.43,-61.99,-63.78,-45.72,-47.73,-60.55,-48.79,-42.46,-52.69,-63.30,-49.11,-43.94,-48.65,-37.32,-55.32,2026-07-19 21:31:10+00:00
2026-07-19T21:32:03+00:00,-46.63,-58.94,-63.61,-61.87,-64.15,-45.99,-47.59,-61.39,-49.36,-42.77,-53.00,-63.26,-49.11,-43.91,-48.53,-36.86,-55.98,2026-07-19 21:32:03+00:00
2026-07-19T21:33:04+00:00,-46.86,-58.59,-63.69,-62.13,-63.19,-44.79,-47.37,-59.71,-49.32,-43.45,-53.63,-63.62,-50.16,-43.94,-48.98,-36.66,-55.60,2026-07-19 21:33:04+00:00
2026-07-19T21:34:03+00:00,-45.44,-58.95,-63.28,-61.83,-63.17,-45.88,-47.58,-60.76,-48.63,-43.06,-54.32,-63.60,-50.27,-44.30,-49.21,-36.73,-55.73,2026-07-19 21:34:03+00:00
2026-07-19T21:35:03+00:00,-45.41,-58.92,-63.51,-61.71,-64.20,-45.73,-47.76,-61.71,-48.88,-42.64,-54.39,-63.52,-50.40,-44.47,-49.53,-36.67,-55.83,2026-07-19 21:35:03+00:00
2026-07-19T21:36:03+00:00,-45.77,-59.70,-63.58,-61.96,-63.16,-46.00,-47.80,-61.58,-49.08,-42.88,-53.91,-63.44,-50.04,-45.40,-48.90,-36.86,-56.01,2026-07-19 21:36:03+00:00
2026-07-19T21:37:04+00:00,-45.13,-59.37,-63.70,-61.81,-64.11,-45.66,-47.55,-61.39,-48.94,-42.35,-53.46,-63.77,-49.98,-44.71,-48.84,-37.22,-55.76,2026-07-19 21:37:04+00:00
2026-07-19T21:38:04+00:00,-45.52,-59.44,-63.47,-62.00,-64.51,-45.07,-46.94,-60.69,-49.40,-42.37,-52.69,-63.25,-49.53,-44.50,-48.71,-37.03,-55.87,2026-07-19 21:38:04+00:00
2026-07-19T21:39:03+00:00,-46.76,-59.38,-63.23,-61.87,-63.97,-45.81,-47.32,-61.16,-49.30,-43.05,-52.43,-63.39,-49.78,-44.61,-48.78,-37.13,-55.95,2026-07-19 21:39:03+00:00
2026-07-19T21:40:03+00:00,-46.86,-58.73,-62.23,-61.54,-63.90,-45.88,-46.80,-61.03,-51.89,-43.37,-53.46,-62.90,-49.96,-44.92,-48.85,-37.45,-55.93,2026-07-19 21:40:03+00:00
2026-07-19T21:41:04+00:00,-47.14,-58.23,-62.37,-61.65,-63.19,-46.01,-46.45,-60.97,-52.72,-43.50,-53.65,-62.97,-49.98,-44.89,-48.70,-37.61,-55.71,2026-07-19 21:41:04+00:00
2026-07-19T21:42:04+00:00,-47.04,-58.05,-62.18,-61.86,-63.90,-46.15,-46.73,-61.25,-50.04,-43.18,-53.14,-63.31,-50.04,-45.09,-48.39,-37.59,-55.68,2026-07-19 21:42:04+00:00
2026-07-19T21:43:03+00:00,-46.74,-57.94,-62.83,-62.00,-63.82,-46.24,-47.25,-61.07,-50.00,-42.95,-53.53,-63.39,-50.30,-46.02,-48.07,-37.81,-55.64,2026-07-19 21:43:03+00:00
2026-07-19T21:44:03+00:00,-47.16,-57.53,-62.85,-61.89,-63.50,-45.99,-46.90,-61.40,-52.46,-43.10,-53.34,-63.65,-49.86,-46.03,-48.10,-37.86,-55.39,2026-07-19 21:44:03+00:00
2026-07-19T21:45:04+00:00,-46.61,-57.66,-62.53,-61.32,-63.47,-45.88,-47.29,-60.86,-51.00,-43.39,-53.03,-62.68,-49.76,-45.04,-48.79,-38.29,-55.85,2026-07-19 21:45:04+00:00
2026-07-19T21:46:04+00:00,-46.82,-58.25,-62.99,-62.02,-63.42,-46.07,-46.74,-61.34,-51.24,-43.74,-52.19,-63.95,-50.07,-44.67,-48.40,-38.47,-55.82,2026-07-19 21:46:04+00:00
2026-07-19T21:47:03+00:00,-47.15,-57.72,-62.23,-62.07,-63.25,-45.89,-46.78,-61.06,-50.22,-43.35,-52.11,-63.25,-50.11,-44.89,-48.36,-38.49,-55.92,2026-07-19 21:47:03+00:00
2026-07-19T21:48:04+00:00,-47.48,-58.52,-62.71,-61.48,-63.17,-45.84,-47.15,-60.99,-53.78,-43.12,-53.52,-63.64,-50.45,-45.07,-48.19,-38.34,-55.95,2026-07-19 21:48:04+00:00
2026-07-19T21:49:04+00:00,-46.87,-59.07,-62.96,-61.62,-63.79,-45.87,-47.25,-61.01,-49.92,-43.20,-53.40,-63.38,-50.24,-45.08,-48.10,-38.14,-55.70,2026-07-19 21:49:04+00:00
2026-07-19T21:50:03+00:00,-47.50,-58.52,-62.90,-61.84,-64.30,-45.25,-47.31,-59.16,-53.82,-43.29,-52.85,-63.21,-50.25,-45.23,-48.05,-38.33,-55.94,2026-07-19 21:50:03+00:00
2026-07-19T21:51:03+00:00,-46.72,-55.26,-63.02,-61.88,-64.37,-45.55,-47.71,-60.87,-53.69,-42.96,-53.30,-63.37,-50.31,-45.15,-48.31,-38.49,-56.02,2026-07-19 21:51:03+00:00
2026-07-19T21:52:04+00:00,-45.31,-55.34,-62.89,-61.60,-63.71,-45.79,-47.62,-61.03,-51.18,-43.15,-53.33,-62.83,-50.19,-45.01,-48.79,-38.85,-55.84,2026-07-19 21:52:04+00:00
2026-07-19T21:53:04+00:00,-45.09,-55.71,-62.73,-61.71,-63.97,-45.79,-48.07,-60.98,-53.45,-42.59,-52.94,-63.20,-50.21,-44.31,-49.39,-38.28,-55.73,2026-07-19 21:53:04+00:00
2026-07-19T21:54:03+00:00,-44.97,-55.63,-62.46,-61.44,-62.83,-45.71,-48.05,-60.38,-49.75,-42.94,-51.84,-62.83,-50.39,-44.02,-49.48,-38.29,-55.84,2026-07-19 21:54:03+00:00
2026-07-19T21:55:03+00:00,-45.59,-55.98,-63.25,-61.56,-63.70,-45.55,-48.14,-61.00,-49.64,-43.82,-53.18,-63.12,-50.49,-43.68,-49.58,-38.04,-55.89,2026-07-19 21:55:03+00:00
2026-07-19T21:56:04+00:00,-45.91,-56.71,-63.83,-62.26,-63.42,-45.74,-47.86,-61.38,-55.85,-43.59,-53.38,-63.59,-50.21,-43.17,-50.04,-38.03,-55.72,2026-07-19 21:56:04+00:00
2026-07-19T21:57:04+00:00,-45.52,-56.56,-63.69,-61.58,-63.61,-45.77,-48.07,-61.40,-54.51,-43.35,-53.38,-62.68,-50.31,-42.98,-50.30,-37.80,-55.67,2026-07-19 21:57:04+00:00
2026-07-19T21:58:03+00:00,-45.22,-56.84,-63.61,-62.01,-63.58,-49.61,-48.16,-60.95,-54.07,-43.69,-53.45,-63.27,-50.11,-42.90,-50.18,-37.53,-55.83,2026-07-19 21:58:03+00:00
2026-07-19T21:59:03+00:00,-45.27,-57.09,-63.43,-61.87,-63.21,-48.10,-47.87,-61.52,-49.80,-43.82,-53.54,-63.34,-50.01,-42.86,-50.15,-37.58,-56.20,2026-07-19 21:59:03+00:00
2026-07-19T22:00:04+00:00,-44.59,-56.81,-62.90,-62.00,-63.65,-48.23,-47.80,-61.96,-50.28,-43.18,-53.18,-62.17,-49.77,-43.10,-49.97,-38.19,-56.31,2026-07-19 22:00:04+00:00
2026-07-19T22:01:10+00:00,-44.82,-56.28,-63.28,-61.92,-64.16,-48.36,-47.39,-61.72,-50.27,-42.57,-52.44,-62.13,-49.55,-42.57,-50.51,-38.96,-56.05,2026-07-19 22:01:10+00:00
2026-07-19T22:02:04+00:00,-45.18,-56.67,-63.13,-61.42,-63.44,-48.24,-47.49,-60.97,-49.57,-42.31,-51.20,-62.48,-49.67,-42.75,-51.12,-38.71,-56.26,2026-07-19 22:02:04+00:00
2026-07-19T22:03:04+00:00,-45.37,-56.56,-62.49,-61.64,-63.60,-49.33,-48.34,-61.56,-49.61,-42.47,-53.24,-62.62,-49.82,-42.58,-51.84,-38.53,-55.94,2026-07-19 22:03:04+00:00
2026-07-19T22:04:03+00:00,-45.95,-56.88,-63.10,-61.58,-64.16,-49.34,-48.47,-61.71,-54.56,-42.89,-53.59,-63.29,-49.83,-42.57,-52.22,-38.54,-56.12,2026-07-19 22:04:03+00:00
2026-07-19T22:05:03+00:00,-45.86,-56.75,-62.48,-61.49,-63.82,-49.30,-48.62,-61.44,-54.39,-42.53,-53.62,-63.42,-49.86,-42.34,-52.30,-38.54,-56.10,2026-07-19 22:05:03+00:00
2026-07-19T22:06:03+00:00,-45.76,-57.54,-62.82,-61.81,-63.86,-49.33,-48.87,-62.42,-49.62,-42.32,-53.65,-62.97,-50.02,-42.39,-52.87,-38.56,-55.98,2026-07-19 22:06:03+00:00
2026-07-19T22:07:04+00:00,-45.42,-57.24,-62.75,-61.88,-63.25,-49.24,-48.67,-62.15,-51.98,-41.54,-52.97,-62.84,-49.48,-42.52,-52.29,-38.88,-56.38,2026-07-19 22:07:04+00:00
2026-07-19T22:08:04+00:00,-45.40,-57.35,-63.38,-62.05,-64.35,-49.33,-48.79,-61.84,-51.38,-42.15,-52.36,-63.00,-49.71,-41.89,-51.75,-38.94,-56.22,2026-07-19 22:08:04+00:00
2026-07-19T22:09:03+00:00,-45.50,-57.24,-63.82,-61.98,-63.82,-49.55,-48.72,-61.88,-51.67,-42.27,-53.81,-63.43,-50.26,-42.23,-51.77,-39.10,-56.26,2026-07-19 22:09:03+00:00
2026-07-19T22:10:03+00:00,-45.52,-57.20,-63.40,-61.77,-63.77,-49.75,-48.93,-61.73,-49.85,-42.32,-53.95,-62.89,-49.90,-42.35,-50.63,-38.82,-53.23,2026-07-19 22:10:03+00:00
2026-07-19T22:11:04+00:00,-45.41,-57.27,-63.73,-61.61,-63.58,-49.56,-49.08,-61.79,-48.10,-41.19,-53.89,-63.57,-50.16,-41.66,-51.15,-38.25,-53.89,2026-07-19 22:11:04+00:00
2026-07-19T22:12:04+00:00,-45.32,-57.41,-63.53,-61.91,-63.74,-49.96,-48.86,-61.77,-48.51,-40.92,-53.93,-63.53,-50.01,-41.32,-51.11,-37.97,-52.92,2026-07-19 22:12:04+00:00
2026-07-19T22:13:04+00:00,-45.67,-57.31,-62.94,-61.87,-64.06,-49.84,-48.80,-61.61,-48.86,-40.61,-53.19,-62.78,-49.70,-41.58,-50.91,-37.50,-54.60,2026-07-19 22:13:04+00:00
2026-07-19T22:14:03+00:00,-45.79,-57.73,-63.77,-61.58,-63.74,-49.44,-49.01,-60.58,-48.41,-41.04,-51.62,-63.25,-49.72,-41.60,-50.46,-37.57,-53.38,2026-07-19 22:14:03+00:00
2026-07-19T22:15:03+00:00,-45.44,-57.64,-63.45,-61.70,-64.42,-49.48,-48.90,-61.71,-49.77,-40.66,-53.44,-64.00,-49.67,-41.85,-50.26,-37.87,-53.86,2026-07-19 22:15:03+00:00
2026-07-19T22:16:04+00:00,-45.08,-57.08,-63.62,-61.82,-62.95,-49.73,-48.89,-61.62,-48.42,-40.90,-53.65,-63.82,-49.48,-41.71,-50.73,-37.84,-53.01,2026-07-19 22:16:04+00:00
2026-07-19T22:17:04+00:00,-45.06,-57.50,-63.27,-61.73,-63.71,-49.75,-48.71,-62.00,-48.08,-40.75,-53.53,-63.87,-49.39,-41.17,-50.46,-37.44,-52.80,2026-07-19 22:17:04+00:00
2026-07-19T22:18:03+00:00,-45.34,-57.37,-63.30,-62.13,-63.73,-49.42,-48.94,-62.10,-49.37,-41.19,-53.25,-63.62,-49.43,-40.74,-50.39,-37.15,-54.02,2026-07-19 22:18:03+00:00
2026-07-19T22:19:03+00:00,-45.42,-56.95,-63.43,-61.70,-64.00,-47.89,-48.45,-61.28,-50.28,-41.36,-52.15,-63.87,-49.55,-40.54,-50.27,-36.89,-54.92,2026-07-19 22:19:03+00:00
2026-07-19T22:20:04+00:00,-45.28,-57.29,-63.44,-61.80,-64.00,-49.75,-48.77,-62.28,-50.07,-41.75,-52.26,-63.67,-49.60,-40.75,-50.74,-36.80,-53.30,2026-07-19 22:20:04+00:00
2026-07-19T22:21:04+00:00,-45.50,-57.74,-62.65,-61.73,-63.33,-48.70,-48.44,-61.76,-50.68,-42.63,-53.90,-64.02,-49.29,-40.73,-50.40,-37.48,-52.86,2026-07-19 22:21:04+00:00
2026-07-19T22:22:03+00:00,-45.47,-57.79,-63.39,-61.89,-63.33,-48.16,-48.52,-61.93,-47.99,-43.20,-54.13,-63.35,-49.09,-40.59,-50.66,-37.13,-52.99,2026-07-19 22:22:03+00:00
2026-07-19T22:23:03+00:00,-44.85,-57.67,-63.53,-61.97,-63.84,-46.56,-48.69,-61.82,-49.58,-43.75,-54.19,-63.13,-49.32,-40.31,-50.88,-37.33,-52.62,2026-07-19 22:23:03+00:00
2026-07-19T22:24:04+00:00,-44.71,-58.16,-63.98,-62.13,-63.71,-45.51,-48.71,-62.02,-48.00,-44.89,-54.22,-63.65,-49.09,-40.32,-51.50,-36.85,-54.18,2026-07-19 22:24:04+00:00
2026-07-19T22:25:04+00:00,-45.62,-57.40,-63.27,-61.82,-63.64,-45.41,-48.31,-62.11,-52.37,-44.39,-53.11,-63.76,-49.05,-40.55,-50.83,-36.80,-54.44,2026-07-19 22:25:04+00:00
2026-07-19T22:26:03+00:00,-45.41,-57.56,-63.83,-61.85,-63.79,-45.03,-46.77,-61.35,-49.36,-44.97,-52.47,-63.74,-49.05,-40.82,-51.20,-36.52,-53.80,2026-07-19 22:26:03+00:00
2026-07-19T22:27:03+00:00,-45.46,-57.60,-63.64,-61.96,-64.17,-44.96,-47.72,-61.50,-51.39,-45.16,-52.25,-63.82,-49.18,-40.98,-50.92,-36.22,-53.85,2026-07-19 22:27:03+00:00
2026-07-19T22:28:04+00:00,-45.34,-57.85,-63.63,-61.90,-63.43,-45.09,-48.06,-61.37,-51.41,-45.52,-54.33,-63.55,-49.25,-41.32,-50.72,-36.28,-52.86,2026-07-19 22:28:04+00:00
2026-07-19T22:29:03+00:00,-45.13,-57.90,-63.47,-61.96,-63.91,-45.16,-48.10,-61.41,-49.66,-45.45,-54.17,-63.84,-49.53,-41.45,-50.68,-36.12,-54.49,2026-07-19 22:29:03+00:00
2026-07-19T22:30:03+00:00,-45.03,-57.54,-63.21,-61.49,-63.44,-45.22,-48.36,-61.09,-55.33,-45.14,-54.11,-63.72,-49.66,-41.74,-49.77,-35.73,-54.43,2026-07-19 22:30:03+00:00
2026-07-19T22:31:09+00:00,-47.13,-57.83,-63.60,-61.88,-63.37,-45.26,-48.48,-60.74,-49.37,-44.71,-54.04,-63.41,-49.55,-41.53,-49.09,-35.51,-52.94,2026-07-19 22:31:09+00:00
2026-07-19T22:32:04+00:00,-47.29,-57.58,-63.25,-61.58,-63.44,-45.81,-48.80,-61.33,-49.39,-44.58,-53.17,-63.42,-48.86,-41.27,-49.35,-35.69,-54.08,2026-07-19 22:32:04+00:00
2026-07-19T22:33:03+00:00,-47.54,-57.84,-63.56,-62.13,-63.54,-46.06,-48.88,-61.70,-51.85,-43.56,-52.29,-63.18,-49.07,-41.31,-49.04,-36.85,-52.75,2026-07-19 22:33:03+00:00
2026-07-19T22:34:03+00:00,-47.38,-57.99,-63.13,-62.23,-63.64,-46.17,-49.06,-61.79,-49.64,-43.96,-52.42,-63.04,-49.24,-41.34,-49.17,-37.12,-52.85,2026-07-19 22:34:03+00:00
2026-07-19T22:35:04+00:00,-46.79,-58.03,-63.36,-61.93,-64.28,-46.22,-49.45,-61.70,-53.03,-44.16,-54.11,-63.26,-49.03,-41.12,-49.15,-36.88,-52.71,2026-07-19 22:35:04+00:00
2026-07-19T22:36:03+00:00,-47.37,-58.05,-63.46,-62.04,-64.08,-46.96,-49.35,-61.27,-54.57,-44.07,-54.25,-64.00,-48.92,-40.99,-49.25,-36.87,-52.73,2026-07-19 22:36:03+00:00
2026-07-19T22:37:04+00:00,-47.01,-57.82,-62.53,-61.71,-64.01,-46.53,-49.11,-61.26,-50.60,-43.59,-54.06,-63.57,-48.98,-40.93,-49.19,-36.93,-52.20,2026-07-19 22:37:04+00:00
2026-07-19T22:38:04+00:00,-46.75,-57.65,-63.20,-61.85,-63.71,-46.11,-49.11,-61.64,-55.11,-43.60,-53.97,-64.02,-48.86,-41.06,-49.66,-36.80,-51.87,2026-07-19 22:38:04+00:00
2026-07-19T22:39:03+00:00,-46.47,-57.80,-63.61,-62.14,-63.75,-46.02,-49.32,-61.79,-53.70,-42.53,-52.36,-62.90,-48.82,-41.19,-49.91,-36.75,-53.10,2026-07-19 22:39:03+00:00
2026-07-19T22:40:03+00:00,-46.55,-57.79,-63.35,-61.90,-63.66,-45.99,-49.35,-61.38,-53.77,-42.88,-52.16,-60.88,-48.78,-41.50,-50.01,-36.42,-53.36,2026-07-19 22:40:03+00:00
2026-07-19T22:41:04+00:00,-46.70,-57.66,-63.33,-61.74,-63.52,-45.99,-49.32,-61.72,-54.78,-42.96,-52.44,-61.95,-49.12,-41.24,-50.33,-36.38,-53.87,2026-07-19 22:41:04+00:00
2026-07-19T22:42:04+00:00,-47.40,-57.61,-63.65,-61.67,-64.34,-45.87,-48.15,-61.51,-54.77,-42.85,-54.10,-62.79,-49.16,-41.29,-49.83,-36.75,-53.00,2026-07-19 22:42:04+00:00
2026-07-19T22:43:03+00:00,-46.87,-57.54,-63.42,-61.80,-63.73,-45.60,-48.77,-61.59,-49.98,-42.81,-54.06,-63.44,-49.31,-41.51,-49.74,-36.93,-53.25,2026-07-19 22:43:03+00:00
2026-07-19T22:44:03+00:00,-46.43,-57.39,-64.51,-61.85,-62.97,-45.71,-48.86,-61.80,-54.23,-42.96,-53.98,-62.81,-49.33,-41.74,-49.69,-36.63,-53.33,2026-07-19 22:44:03+00:00
2026-07-19T22:45:04+00:00,-46.83,-57.49,-64.17,-61.71,-63.69,-45.59,-49.03,-61.42,-53.06,-43.68,-53.76,-61.64,-49.50,-41.76,-49.81,-36.35,-52.24,2026-07-19 22:45:04+00:00
2026-07-19T22:46:04+00:00,-45.81,-57.80,-63.67,-61.87,-63.76,-45.63,-48.98,-61.47,-50.91,-44.04,-53.01,-61.49,-49.45,-41.33,-49.59,-36.13,-52.56,2026-07-19 22:46:04+00:00
2026-07-19T22:47:04+00:00,-45.83,-57.81,-64.21,-62.03,-62.99,-45.75,-48.84,-61.80,-54.10,-44.56,-52.97,-61.09,-49.34,-41.07,-48.95,-35.89,-53.68,2026-07-19 22:47:04+00:00
2026-07-19T22:48:03+00:00,-45.86,-57.66,-63.91,-61.53,-63.87,-46.16,-49.26,-61.26,-51.20,-44.50,-52.86,-60.80,-49.49,-40.98,-48.52,-35.84,-52.88,2026-07-19 22:48:03+00:00
2026-07-19T22:49:03+00:00,-45.55,-58.01,-64.03,-61.96,-63.09,-46.29,-49.21,-61.78,-54.76,-44.62,-53.74,-60.44,-49.31,-41.20,-48.01,-35.89,-54.00,2026-07-19 22:49:03+00:00
2026-07-19T22:50:03+00:00,-46.22,-57.72,-64.22,-61.68,-64.02,-45.70,-48.84,-61.85,-52.26,-44.84,-53.75,-60.85,-49.67,-42.13,-47.27,-36.21,-54.07,2026-07-19 22:50:03+00:00
2026-07-19T22:51:04+00:00,-46.89,-57.44,-63.57,-61.67,-64.39,-45.89,-48.63,-61.81,-51.78,-43.95,-53.59,-60.30,-49.54,-42.95,-47.48,-36.51,-52.95,2026-07-19 22:51:04+00:00
2026-07-19T22:52:04+00:00,-47.24,-57.64,-63.81,-61.92,-63.26,-51.12,-49.08,-62.35,-53.20,-43.90,-53.72,-58.20,-49.37,-43.47,-47.38,-36.98,-53.08,2026-07-19 22:52:04+00:00
2026-07-19T22:53:03+00:00,-47.22,-58.08,-64.16,-62.00,-64.50,-51.15,-48.93,-62.12,-52.91,-44.44,-53.12,-58.92,-49.21,-43.73,-47.01,-37.75,-53.00,2026-07-19 22:53:03+00:00
2026-07-19T22:54:03+00:00,-47.18,-58.15,-64.35,-62.05,-63.58,-51.12,-48.71,-62.00,-52.78,-43.87,-52.65,-59.65,-48.84,-43.95,-47.20,-38.35,-52.96,2026-07-19 22:54:03+00:00
2026-07-19T22:55:04+00:00,-45.42,-58.53,-64.33,-61.69,-63.24,-50.82,-48.87,-62.05,-50.20,-43.14,-52.00,-59.23,-48.91,-44.02,-47.52,-38.43,-52.76,2026-07-19 22:55:04+00:00
2026-07-19T22:56:04+00:00,-45.75,-58.36,-64.20,-62.04,-63.85,-51.13,-48.96,-62.11,-50.11,-43.60,-53.51,-58.30,-48.95,-44.12,-47.30,-38.81,-52.88,2026-07-19 22:56:04+00:00
2026-07-19T22:57:03+00:00,-46.05,-57.77,-63.60,-61.39,-65.12,-50.20,-48.30,-61.33,-50.06,-43.66,-53.27,-56.93,-49.10,-43.64,-46.87,-38.45,-53.70,2026-07-19 22:57:03+00:00
2026-07-19T22:58:03+00:00,-45.36,-57.54,-64.07,-61.36,-63.75,-49.44,-48.75,-61.56,-50.07,-42.49,-53.55,-56.74,-49.42,-43.65,-46.70,-38.52,-53.03,2026-07-19 22:58:03+00:00
2026-07-19T22:59:04+00:00,-45.89,-57.77,-63.69,-61.96,-63.47,-49.78,-48.74,-61.91,-50.04,-42.36,-53.62,-55.29,-49.36,-43.66,-46.55,-38.47,-52.77,2026-07-19 22:59:04+00:00
2026-07-19T23:00:04+00:00,-46.99,-57.72,-63.23,-62.31,-64.22,-49.72,-48.76,-61.32,-49.78,-42.93,-52.96,-56.46,-49.34,-43.15,-45.82,-37.55,-54.47,2026-07-19 23:00:04+00:00
2026-07-19T23:01:09+00:00,-46.83,-57.74,-63.06,-61.88,-64.15,-49.78,-48.90,-61.62,-49.83,-42.86,-53.90,-57.11,-49.59,-43.10,-46.14,-36.71,-53.13,2026-07-19 23:01:09+00:00
2026-07-19T23:02:04+00:00,-45.26,-58.09,-62.21,-61.77,-64.63,-49.83,-48.82,-62.13,-48.92,-43.04,-53.79,-57.90,-49.90,-42.45,-45.87,-36.72,-54.06,2026-07-19 23:02:04+00:00
2026-07-19T23:03:03+00:00,-45.15,-57.84,-62.47,-61.45,-62.84,-50.62,-49.01,-62.04,-50.08,-42.49,-53.63,-58.86,-50.12,-42.07,-45.61,-37.33,-52.33,2026-07-19 23:03:03+00:00
2026-07-19T23:04:04+00:00,-45.49,-55.18,-64.67,-61.89,-63.99,-50.78,-48.81,-61.62,-50.71,-42.01,-53.64,-59.94,-49.69,-42.24,-45.31,-37.78,-54.27,2026-07-19 23:04:04+00:00
2026-07-19T23:05:04+00:00,-47.26,-51.69,-64.03,-61.64,-63.87,-50.78,-48.90,-61.95,-50.82,-41.85,-53.79,-61.03,-49.83,-42.23,-45.35,-37.57,-53.11,2026-07-19 23:05:04+00:00
2026-07-19T23:06:03+00:00,-45.81,-51.52,-64.12,-61.83,-64.00,-50.62,-48.83,-61.57,-50.81,-42.94,-53.33,-62.04,-49.95,-41.34,-45.02,-38.25,-52.82,2026-07-19 23:06:03+00:00
2026-07-19T23:07:04+00:00,-45.65,-52.66,-64.32,-62.01,-64.37,-51.00,-49.00,-61.81,-50.80,-43.47,-53.47,-62.49,-50.06,-40.92,-44.53,-37.93,-52.80,2026-07-19 23:07:04+00:00
2026-07-19T23:08:04+00:00,-45.58,-52.45,-64.45,-61.70,-63.68,-51.11,-48.98,-62.07,-50.89,-42.58,-53.15,-62.50,-50.08,-40.24,-45.00,-37.66,-54.61,2026-07-19 23:08:04+00:00
2026-07-19T23:09:03+00:00,-45.68,-54.69,-64.40,-61.75,-63.86,-50.57,-45.61,-61.95,-51.05,-41.81,-52.98,-63.03,-49.84,-40.55,-44.68,-36.76,-52.75,2026-07-19 23:09:03+00:00
2026-07-19T23:10:03+00:00,-45.71,-54.58,-64.30,-61.55,-64.53,-50.62,-49.46,-61.77,-53.94,-41.83,-52.76,-62.41,-49.82,-40.37,-45.04,-35.90,-53.77,2026-07-19 23:10:03+00:00
2026-07-19T23:11:04+00:00,-45.46,-55.89,-64.00,-62.12,-62.97,-49.68,-49.03,-61.74,-53.83,-41.69,-52.54,-63.00,-49.77,-39.98,-45.21,-35.71,-53.91,2026-07-19 23:11:04+00:00
2026-07-19T23:12:04+00:00,-45.67,-55.70,-64.82,-62.02,-63.34,-50.08,-48.86,-61.77,-54.03,-41.26,-52.67,-63.43,-49.61,-40.45,-45.09,-35.61,-54.32,2026-07-19 23:12:04+00:00
2026-07-19T23:13:03+00:00,-45.45,-56.74,-64.95,-61.38,-64.20,-49.49,-48.86,-62.14,-53.73,-40.98,-52.25,-62.72,-49.76,-40.25,-45.31,-35.71,-54.06,2026-07-19 23:13:03+00:00
2026-07-19T23:14:03+00:00,-46.90,-56.51,-65.10,-62.26,-63.87,-49.42,-48.98,-62.12,-53.88,-41.30,-52.15,-63.55,-49.74,-40.04,-45.51,-35.39,-54.19,2026-07-19 23:14:03+00:00
2026-07-19T23:15:04+00:00,-45.47,-56.55,-64.98,-61.67,-64.95,-47.21,-48.89,-61.70,-53.87,-42.24,-52.20,-62.72,-49.63,-40.07,-45.31,-35.42,-53.06,2026-07-19 23:15:04+00:00
2026-07-19T23:16:04+00:00,-47.11,-56.61,-65.40,-62.05,-64.77,-48.88,-49.18,-62.17,-53.74,-42.57,-52.10,-62.74,-49.53,-39.68,-45.40,-35.25,-54.60,2026-07-19 23:16:04+00:00
2026-07-19T23:17:03+00:00,-46.91,-56.36,-64.93,-61.46,-64.54,-49.20,-49.12,-61.19,-53.75,-43.14,-51.77,-62.75,-49.99,-40.00,-45.47,-35.49,-54.07,2026-07-19 23:17:03+00:00
2026-07-19T23:18:03+00:00,-45.59,-56.65,-65.63,-62.04,-64.11,-45.28,-48.97,-61.82,-53.82,-42.75,-51.74,-63.48,-50.20,-39.73,-45.43,-35.53,-52.92,2026-07-19 23:18:03+00:00
2026-07-19T23:19:03+00:00,-45.25,-56.61,-65.45,-61.20,-64.21,-45.47,-48.53,-61.64,-53.79,-41.92,-51.54,-62.73,-50.43,-38.97,-45.52,-35.77,-53.03,2026-07-19 23:19:03+00:00
2026-07-19T23:20:04+00:00,-44.88,-56.96,-64.75,-61.57,-63.94,-45.24,-48.81,-61.44,-53.55,-41.61,-51.50,-62.67,-50.33,-38.71,-46.04,-36.32,-53.50,2026-07-19 23:20:04+00:00
2026-07-19T23:21:04+00:00,-45.00,-56.92,-65.31,-62.29,-63.34,-45.37,-48.50,-61.60,-53.86,-42.46,-51.53,-62.94,-50.07,-38.53,-46.15,-36.26,-55.00,2026-07-19 23:21:04+00:00
2026-07-19T23:22:03+00:00,-45.04,-57.28,-65.44,-62.03,-62.98,-45.36,-48.34,-62.31,-53.66,-41.93,-51.35,-62.94,-50.27,-38.80,-46.39,-36.87,-54.37,2026-07-19 23:22:03+00:00
2026-07-19T23:23:03+00:00,-45.47,-56.75,-64.73,-61.73,-64.26,-45.42,-48.06,-61.36,-53.90,-40.98,-51.22,-62.21,-50.30,-39.14,-46.42,-36.94,-54.30,2026-07-19 23:23:03+00:00
2026-07-19T23:24:04+00:00,-46.93,-56.78,-65.85,-62.07,-64.76,-45.28,-48.17,-62.34,-54.14,-42.07,-51.30,-62.98,-50.27,-39.55,-46.69,-37.18,-53.73,2026-07-19 23:24:04+00:00
2026-07-19T23:25:04+00:00,-45.57,-55.31,-65.67,-61.60,-63.37,-45.03,-50.63,-61.82,-54.07,-42.42,-51.24,-62.73,-49.96,-39.56,-47.17,-37.67,-53.30,2026-07-19 23:25:04+00:00
2026-07-19T23:26:03+00:00,-45.39,-55.14,-65.47,-61.80,-64.14,-45.11,-45.11,-62.34,-54.03,-43.26,-50.87,-62.68,-49.95,-39.60,-47.30,-38.04,-53.90,2026-07-19 23:26:03+00:00
2026-07-19T23:27:03+00:00,-45.52,-55.13,-65.14,-61.51,-63.63,-45.19,-48.27,-62.08,-53.53,-42.95,-51.07,-62.70,-50.07,-39.67,-47.02,-38.53,-54.07,2026-07-19 23:27:03+00:00
2026-07-19T23:28:04+00:00,-45.50,-54.91,-65.62,-62.07,-63.78,-45.33,-48.30,-62.14,-54.12,-42.45,-51.04,-62.97,-49.97,-39.85,-47.28,-40.68,-53.88,2026-07-19 23:28:04+00:00
2026-07-19T23:29:04+00:00,-45.44,-55.68,-65.35,-61.88,-64.14,-45.60,-48.50,-62.04,-54.00,-43.06,-50.87,-62.30,-49.92,-40.04,-47.30,-39.95,-54.74,2026-07-19 23:29:04+00:00
2026-07-19T23:30:03+00:00,-45.64,-54.73,-65.16,-61.92,-64.51,-46.02,-48.81,-61.97,-54.02,-43.44,-50.87,-62.09,-49.57,-40.28,-47.28,-39.46,-54.29,2026-07-19 23:30:03+00:00
2026-07-19T23:31:10+00:00,-45.45,-52.81,-65.91,-61.49,-64.21,-45.91,-49.14,-62.49,-53.91,-44.31,-51.03,-62.89,-49.38,-40.60,-46.76,-38.63,-52.94,2026-07-19 23:31:10+00:00
2026-07-19T23:32:03+00:00,-45.57,-51.07,-65.80,-61.59,-63.91,-46.10,-49.00,-62.18,-54.16,-43.93,-50.98,-62.56,-49.01,-40.26,-46.36,-37.99,-55.34,2026-07-19 23:32:03+00:00
2026-07-19T23:33:03+00:00,-45.70,-51.17,-65.46,-61.92,-63.85,-46.01,-49.02,-62.29,-53.88,-43.95,-51.04,-62.77,-49.11,-40.39,-46.30,-37.74,-54.22,2026-07-19 23:33:03+00:00
2026-07-19T23:34:03+00:00,-45.66,-51.14,-64.71,-61.87,-63.75,-45.91,-49.31,-61.25,-53.79,-43.54,-50.51,-62.31,-49.18,-39.93,-46.29,-37.69,-53.75,2026-07-19 23:34:03+00:00
2026-07-19T23:35:04+00:00,-46.38,-52.73,-64.75,-61.77,-64.16,-45.94,-49.16,-61.99,-53.80,-43.15,-50.77,-62.05,-49.02,-39.92,-45.66,-37.61,-52.97,2026-07-19 23:35:04+00:00
2026-07-19T23:36:03+00:00,-46.46,-53.66,-64.59,-61.65,-63.68,-45.96,-48.99,-62.44,-53.96,-43.86,-50.70,-61.81,-49.02,-40.12,-45.28,-37.00,-52.99,2026-07-19 23:36:03+00:00
2026-07-19T23:37:03+00:00,-46.27,-54.22,-64.22,-61.56,-63.34,-45.80,-48.75,-62.45,-54.19,-43.50,-50.81,-61.76,-48.87,-40.13,-45.41,-37.74,-52.63,2026-07-19 23:37:03+00:00
2026-07-19T23:38:04+00:00,-46.43,-54.16,-65.36,-62.12,-63.56,-45.89,-48.65,-63.04,-53.94,-43.53,-50.68,-63.47,-48.87,-39.46,-45.43,-37.84,-52.64,2026-07-19 23:38:04+00:00
2026-07-19T23:39:04+00:00,-46.45,-54.97,-66.26,-61.86,-63.42,-45.67,-48.43,-63.04,-52.48,-43.78,-50.45,-63.56,-48.83,-39.50,-44.81,-37.85,-54.06,2026-07-19 23:39:04+00:00
2026-07-19T23:40:04+00:00,-45.95,-55.52,-66.80,-62.47,-63.96,-45.75,-48.56,-62.94,-51.08,-44.03,-50.48,-63.94,-49.09,-39.15,-44.51,-37.77,-53.89,2026-07-19 23:40:04+00:00
2026-07-19T23:41:03+00:00,-46.08,-56.02,-66.10,-62.17,-63.54,-45.66,-48.59,-62.47,-51.09,-45.41,-50.40,-63.56,-48.94,-39.08,-44.78,-37.35,-53.48,2026-07-19 23:41:03+00:00
2026-07-19T23:42:04+00:00,-46.06,-56.44,-65.10,-61.99,-63.49,-45.83,-48.39,-62.34,-51.04,-45.61,-50.22,-63.32,-49.14,-39.05,-44.85,-36.20,-53.83,2026-07-19 23:42:04+00:00
2026-07-19T23:43:04+00:00,-45.22,-56.99,-65.75,-61.98,-64.13,-45.79,-48.54,-62.75,-51.10,-44.85,-50.13,-63.37,-49.31,-38.51,-45.23,-36.55,-53.38,2026-07-19 23:43:04+00:00
2026-07-19T23:44:03+00:00,-44.93,-56.81,-65.09,-61.79,-63.08,-45.96,-48.33,-62.16,-51.03,-44.64,-49.97,-63.17,-49.20,-38.46,-44.92,-36.35,-54.34,2026-07-19 23:44:03+00:00
2026-07-19T23:45:03+00:00,-45.02,-57.05,-65.66,-61.73,-63.83,-45.99,-48.37,-62.51,-51.04,-44.63,-49.84,-63.88,-49.40,-38.13,-44.82,-37.04,-52.95,2026-07-19 23:45:03+00:00
2026-07-19T23:46:04+00:00,-45.41,-56.93,-64.41,-61.38,-63.80,-50.56,-48.57,-62.25,-50.98,-44.35,-50.01,-63.41,-49.28,-37.99,-44.74,-37.66,-52.71,2026-07-19 23:46:04+00:00
2026-07-19T23:47:04+00:00,-45.49,-57.10,-65.59,-61.56,-63.26,-50.56,-48.86,-62.68,-51.01,-44.93,-49.83,-64.14,-48.81,-37.65,-45.22,-38.33,-53.89,2026-07-19 23:47:04+00:00
2026-07-19T23:48:03+00:00,-45.66,-56.31,-65.38,-61.77,-63.42,-50.12,-49.49,-62.78,-50.94,-43.75,-49.95,-64.30,-48.59,-37.50,-45.18,-40.05,-52.80,2026-07-19 23:48:03+00:00
2026-07-19T23:49:03+00:00,-45.71,-56.36,-64.35,-61.77,-64.11,-49.57,-49.16,-62.54,-50.95,-45.33,-49.59,-63.17,-48.23,-37.93,-45.17,-39.79,-53.03,2026-07-19 23:49:03+00:00
2026-07-19T23:50:03+00:00,-45.93,-57.01,-64.58,-61.43,-64.40,-49.63,-49.27,-62.81,-51.00,-45.41,-49.75,-63.54,-48.79,-37.80,-45.31,-39.74,-54.43,2026-07-19 23:50:03+00:00
2026-07-19T23:51:04+00:00,-45.96,-56.58,-64.92,-62.00,-63.83,-49.98,-49.66,-62.88,-50.96,-44.20,-49.65,-63.31,-48.73,-38.11,-45.36,-40.04,-53.47,2026-07-19 23:51:04+00:00
2026-07-19T23:52:04+00:00,-45.86,-56.34,-64.73,-61.98,-63.27,-50.32,-49.52,-62.87,-50.94,-44.13,-49.47,-63.00,-48.42,-38.79,-44.59,-39.96,-53.14,2026-07-19 23:52:04+00:00
2026-07-19T23:53:03+00:00,-45.40,-56.51,-64.10,-61.69,-63.72,-50.63,-49.20,-62.33,-50.90,-44.10,-49.46,-63.29,-48.09,-39.02,-44.97,-39.46,-52.79,2026-07-19 23:53:03+00:00
2026-07-19T23:54:03+00:00,-45.47,-56.10,-63.28,-61.60,-64.15,-50.98,-49.42,-62.11,-53.47,-43.77,-49.22,-62.31,-48.23,-38.80,-45.20,-39.05,-54.53,2026-07-19 23:54:03+00:00
2026-07-19T23:55:03+00:00,-45.46,-56.13,-64.87,-61.86,-63.40,-51.24,-49.43,-62.87,-54.04,-44.30,-49.23,-63.64,-48.28,-38.70,-44.87,-38.20,-54.03,2026-07-19 23:55:03+00:00
2026-07-19T23:56:04+00:00,-45.36,-55.77,-64.55,-62.29,-64.22,-50.75,-48.28,-62.57,-54.15,-44.02,-49.17,-63.71,-48.25,-38.93,-45.05,-37.95,-54.83,2026-07-19 23:56:04+00:00
2026-07-19T23:57:04+00:00,-45.36,-55.90,-64.78,-61.90,-63.86,-50.19,-49.33,-60.13,-54.28,-43.32,-48.75,-63.69,-48.13,-39.00,-44.91,-39.06,-54.09,2026-07-19 23:57:04+00:00
2026-07-19T23:58:04+00:00,-45.51,-55.79,-63.85,-61.64,-62.96,-50.79,-49.07,-62.19,-53.72,-42.94,-49.27,-63.16,-47.86,-38.94,-45.26,-38.40,-53.57,2026-07-19 23:58:04+00:00
2026-07-19T23:59:04+00:00,-45.48,-56.06,-64.33,-61.61,-63.19,-50.65,-48.89,-62.57,-53.56,-42.00,-49.10,-63.63,-48.09,-39.00,-45.10,-38.09,-52.95,2026-07-19 23:59:04+00:00
