data,4500,11350,27200,58750,89750,19600,20270,20900,22600,23400,24000,26700,29700,45900,63850,77500,Ch17,data_parsed
2026-07-21T00:00:04+00:00,-48.62,-62.11,-63.85,-61.73,-63.07,-47.72,-49.51,-63.36,-50.82,-44.86,-50.33,-61.37,-62.35,-42.72,-45.19,-38.44,-53.22,2026-07-21 00:00:04+00:00
2026-07-21T00:01:08+00:00,-48.75,-61.88,-63.49,-61.65,-63.23,-47.44,-49.31,-62.23,-50.89,-44.77,-50.40,-61.62,-62.23,-42.38,-45.45,-39.35,-53.36,2026-07-21 00:01:08+00:00
2026-07-21T00:02:04+00:00,-48.62,-61.49,-63.83,-61.64,-63.63,-47.93,-49.55,-62.91,-50.74,-44.55,-50.56,-61.39,-61.93,-42.79,-45.81,-40.46,-54.41,2026-07-21 00:02:04+00:00
2026-07-21T00:03:03+00:00,-48.58,-61.07,-63.58,-61.35,-64.33,-47.88,-49.65,-62.61,-50.74,-44.85,-50.80,-60.50,-61.52,-43.30,-45.72,-39.24,-53.28,2026-07-21 00:03:03+00:00
2026-07-21T00:04:03+00:00,-47.08,-61.72,-64.03,-61.71,-63.61,-48.11,-49.86,-62.78,-50.16,-45.00,-50.78,-60.96,-61.26,-43.49,-46.50,-39.02,-53.22,2026-07-21 00:04:03+00:00
2026-07-21T00:05:04+00:00,-47.04,-62.02,-64.17,-61.67,-63.47,-47.72,-49.77,-63.23,-50.10,-45.90,-50.86,-61.24,-62.13,-44.39,-46.27,-38.60,-53.81,2026-07-21 00:05:04+00:00
2026-07-21T00:06:04+00:00,-47.73,-62.62,-64.34,-61.90,-64.05,-47.96,-49.32,-63.06,-50.13,-45.63,-51.20,-61.02,-61.93,-44.92,-46.29,-38.75,-54.18,2026-07-21 00:06:04+00:00
2026-07-21T00:07:03+00:00,-47.74,-61.87,-64.00,-61.62,-63.35,-48.14,-49.59,-62.88,-50.10,-44.65,-51.06,-60.73,-62.21,-44.94,-46.71,-38.95,-53.98,2026-07-21 00:07:03+00:00
2026-07-21T00:08:04+00:00,-47.83,-62.65,-64.05,-61.72,-63.77,-48.81,-50.27,-63.72,-48.72,-44.64,-51.18,-61.89,-62.30,-44.61,-46.72,-38.63,-53.35,2026-07-21 00:08:04+00:00
2026-07-21T00:09:04+00:00,-47.91,-61.99,-63.90,-61.93,-64.06,-50.24,-50.37,-63.71,-48.60,-44.21,-51.52,-62.69,-62.82,-44.69,-46.58,-38.52,-53.67,2026-07-21 00:09:04+00:00
2026-07-21T00:10:03+00:00,-47.87,-62.40,-63.78,-61.64,-63.35,-50.58,-50.18,-63.11,-50.71,-43.64,-51.29,-62.31,-62.74,-45.22,-46.59,-38.55,-54.15,2026-07-21 00:10:03+00:00
2026-07-21T00:11:03+00:00,-47.65,-61.42,-64.03,-61.51,-63.57,-50.12,-50.52,-63.22,-51.01,-43.93,-51.20,-61.75,-62.34,-45.63,-46.58,-38.67,-53.48,2026-07-21 00:11:03+00:00
2026-07-21T00:12:04+00:00,-47.86,-61.81,-64.50,-61.72,-63.42,-50.24,-50.81,-63.40,-50.50,-43.46,-51.31,-61.87,-63.15,-44.65,-46.40,-37.94,-53.95,2026-07-21 00:12:04+00:00
2026-07-21T00:13:04+00:00,-47.85,-61.82,-64.51,-61.57,-63.74,-50.56,-50.52,-63.17,-50.45,-43.50,-51.50,-61.54,-64.32,-44.05,-46.19,-37.33,-53.31,2026-07-21 00:13:04+00:00
2026-07-21T00:14:03+00:00,-47.93,-61.85,-63.70,-61.44,-63.19,-50.88,-50.40,-62.42,-49.81,-43.69,-51.48,-61.66,-63.85,-43.79,-46.02,-37.11,-53.91,2026-07-21 00:14:03+00:00
2026-07-21T00:15:03+00:00,-47.90,-62.25,-64.17,-61.91,-63.01,-50.80,-50.19,-63.69,-49.87,-43.88,-51.70,-61.07,-64.48,-44.11,-46.15,-37.37,-53.63,2026-07-21 00:15:03+00:00
2026-07-21T00:16:04+00:00,-47.97,-61.71,-63.65,-61.45,-62.44,-50.76,-49.94,-62.79,-49.76,-43.57,-51.57,-60.67,-64.41,-44.09,-46.29,-36.95,-53.25,2026-07-21 00:16:04+00:00
2026-07-21T00:17:04+00:00,-47.99,-62.50,-64.00,-61.96,-64.09,-50.73,-49.96,-62.87,-49.94,-44.57,-51.70,-61.50,-64.64,-43.66,-46.06,-36.84,-54.34,2026-07-21 00:17:04+00:00
2026-07-21T00:18:03+00:00,-47.53,-58.13,-63.93,-61.33,-63.78,-50.80,-49.92,-62.92,-49.68,-45.05,-51.72,-61.22,-64.02,-42.90,-46.45,-36.51,-53.40,2026-07-21 00:18:03+00:00
2026-07-21T00:19:03+00:00,-49.74,-61.46,-63.81,-61.83,-64.07,-50.37,-49.28,-63.32,-50.63,-46.31,-51.71,-61.83,-63.20,-42.97,-46.13,-36.98,-53.44,2026-07-21 00:19:03+00:00
2026-07-21T00:20:04+00:00,-48.69,-61.35,-63.71,-61.83,-64.76,-49.99,-49.64,-62.71,-50.60,-45.56,-51.57,-61.27,-64.75,-42.59,-46.18,-36.42,-54.18,2026-07-21 00:20:04+00:00
2026-07-21T00:21:04+00:00,-48.28,-61.38,-63.66,-61.45,-63.49,-50.03,-49.67,-63.50,-50.60,-44.37,-51.76,-61.49,-65.04,-42.51,-45.93,-36.05,-54.04,2026-07-21 00:21:04+00:00
2026-07-21T00:22:03+00:00,-49.20,-62.01,-63.73,-61.66,-62.74,-50.13,-49.91,-63.01,-50.54,-44.10,-51.90,-61.94,-64.44,-41.98,-45.95,-35.71,-53.43,2026-07-21 00:22:03+00:00
2026-07-21T00:23:03+00:00,-49.15,-62.26,-63.86,-61.76,-63.61,-49.73,-50.46,-62.98,-53.34,-43.80,-51.91,-61.89,-64.41,-42.73,-46.03,-35.97,-53.30,2026-07-21 00:23:03+00:00
2026-07-21T00:24:04+00:00,-49.36,-61.92,-64.35,-61.61,-64.11,-49.78,-50.06,-63.51,-52.52,-43.28,-52.05,-62.21,-65.18,-43.02,-45.61,-35.90,-53.81,2026-07-21 00:24:04+00:00
2026-07-21T00:25:04+00:00,-50.56,-60.51,-63.98,-61.54,-63.86,-49.87,-50.45,-63.55,-52.74,-43.44,-51.68,-61.73,-64.30,-43.33,-45.80,-35.65,-53.74,2026-07-21 00:25:04+00:00
2026-07-21T00:26:03+00:00,-50.50,-61.53,-64.01,-61.70,-64.70,-50.05,-50.14,-62.88,-52.71,-42.44,-51.76,-61.23,-64.00,-43.50,-45.28,-36.06,-53.87,2026-07-21 00:26:03+00:00
2026-07-21T00:27:03+00:00,-50.38,-62.20,-64.16,-61.89,-63.76,-49.92,-49.78,-63.10,-52.77,-42.41,-51.76,-61.02,-64.23,-44.14,-44.89,-35.79,-54.21,2026-07-21 00:27:03+00:00
2026-07-21T00:28:04+00:00,-49.62,-62.62,-64.16,-61.79,-63.45,-50.00,-49.81,-62.92,-52.87,-43.07,-51.61,-62.33,-64.90,-45.19,-44.29,-36.42,-53.18,2026-07-21 00:28:04+00:00
2026-07-21T00:29:04+00:00,-49.86,-60.88,-63.93,-61.70,-63.23,-50.27,-49.42,-62.86,-52.54,-43.36,-51.76,-60.68,-64.27,-46.29,-44.45,-36.51,-53.26,2026-07-21 00:29:04+00:00
2026-07-21T00:30:03+00:00,-48.49,-61.54,-64.07,-61.60,-63.04,-50.48,-49.54,-63.20,-52.86,-43.99,-51.64,-59.17,-64.48,-46.92,-44.84,-36.52,-54.24,2026-07-21 00:30:03+00:00
2026-07-21T00:31:04+00:00,-48.51,-61.14,-64.29,-61.66,-63.35,-50.40,-49.11,-63.44,-52.65,-43.95,-51.59,-59.35,-63.38,-47.83,-44.92,-37.31,-53.59,2026-07-21 00:31:04+00:00
2026-07-21T00:32:03+00:00,-48.75,-61.14,-63.99,-61.97,-63.97,-50.39,-49.93,-61.81,-52.62,-44.17,-50.78,-58.67,-64.38,-48.46,-44.92,-37.37,-54.03,2026-07-21 00:32:03+00:00
2026-07-21T00:33:03+00:00,-49.04,-61.25,-64.25,-61.50,-64.09,-49.80,-49.86,-62.74,-52.42,-44.11,-51.07,-59.23,-63.92,-49.28,-45.19,-36.82,-54.16,2026-07-21 00:33:03+00:00
2026-07-21T00:34:04+00:00,-48.37,-62.19,-64.09,-61.89,-63.24,-49.10,-50.34,-62.84,-52.32,-43.70,-51.00,-59.50,-64.40,-48.39,-45.54,-37.06,-54.08,2026-07-21 00:34:04+00:00
2026-07-21T00:35:04+00:00,-49.45,-62.34,-63.87,-61.73,-63.41,-47.57,-50.57,-63.05,-52.38,-44.11,-50.52,-59.51,-64.66,-47.47,-45.54,-37.17,-53.91,2026-07-21 00:35:04+00:00
2026-07-21T00:36:04+00:00,-49.60,-62.50,-63.94,-61.78,-63.77,-47.80,-50.24,-62.63,-52.61,-44.04,-50.73,-60.10,-64.43,-47.02,-45.30,-36.86,-53.08,2026-07-21 00:36:04+00:00
2026-07-21T00:37:03+00:00,-49.41,-62.66,-64.13,-61.88,-64.28,-47.82,-50.12,-63.10,-52.74,-44.03,-50.94,-59.55,-64.35,-46.60,-45.68,-35.94,-54.09,2026-07-21 00:37:03+00:00
2026-07-21T00:38:03+00:00,-49.68,-62.44,-64.17,-61.57,-63.67,-47.90,-50.41,-63.63,-53.10,-43.78,-51.10,-59.62,-63.90,-46.72,-45.37,-35.90,-54.28,2026-07-21 00:38:03+00:00
2026-07-21T00:39:04+00:00,-49.53,-62.47,-64.05,-61.73,-63.92,-48.32,-50.37,-62.71,-53.33,-43.07,-50.91,-59.81,-63.91,-47.26,-45.29,-35.93,-54.02,2026-07-21 00:39:04+00:00
2026-07-21T00:40:04+00:00,-49.65,-63.26,-63.99,-61.65,-63.49,-48.48,-49.81,-62.91,-50.80,-42.58,-50.65,-60.37,-64.31,-47.23,-44.75,-35.61,-54.08,2026-07-21 00:40:04+00:00
2026-07-21T00:41:03+00:00,-49.34,-62.38,-64.09,-61.29,-63.48,-48.94,-49.80,-63.08,-51.12,-43.36,-50.64,-59.94,-64.13,-46.50,-44.30,-35.93,-53.15,2026-07-21 00:41:03+00:00
2026-07-21T00:42:04+00:00,-49.60,-62.58,-64.04,-61.86,-64.42,-49.18,-50.10,-63.04,-51.25,-43.14,-50.26,-59.03,-63.53,-45.55,-44.58,-36.95,-53.96,2026-07-21 00:42:04+00:00
2026-07-21T00:43:04+00:00,-49.52,-62.77,-64.00,-61.90,-63.23,-49.30,-50.22,-62.65,-50.62,-42.45,-49.85,-59.92,-63.53,-44.88,-44.98,-37.02,-54.11,2026-07-21 00:43:04+00:00
2026-07-21T00:44:04+00:00,-49.29,-62.79,-63.78,-61.79,-63.28,-48.41,-49.59,-61.49,-50.78,-42.26,-49.52,-61.26,-63.75,-44.09,-44.90,-36.99,-54.41,2026-07-21 00:44:04+00:00
2026-07-21T00:45:03+00:00,-49.72,-62.63,-63.74,-61.84,-64.00,-49.85,-49.55,-62.45,-50.51,-42.43,-49.52,-61.21,-63.85,-43.86,-45.09,-37.09,-54.28,2026-07-21 00:45:03+00:00
2026-07-21T00:46:03+00:00,-49.47,-62.69,-63.86,-61.70,-64.26,-50.04,-49.30,-63.33,-50.74,-42.76,-49.61,-59.54,-63.50,-43.98,-44.66,-36.94,-54.30,2026-07-21 00:46:03+00:00
2026-07-21T00:47:04+00:00,-49.55,-62.93,-64.13,-61.51,-63.38,-50.05,-49.39,-63.12,-50.64,-44.28,-49.41,-59.57,-64.34,-42.83,-44.78,-36.25,-55.46,2026-07-21 00:47:04+00:00
2026-07-21T00:48:04+00:00,-48.20,-63.29,-64.06,-61.83,-64.82,-49.96,-49.41,-63.13,-50.86,-45.63,-49.15,-59.53,-64.36,-42.60,-44.13,-35.47,-54.64,2026-07-21 00:48:04+00:00
2026-07-21T00:49:03+00:00,-46.78,-62.43,-63.81,-61.58,-63.58,-50.09,-49.17,-62.44,-50.31,-46.42,-48.80,-59.28,-64.40,-41.68,-44.01,-35.35,-53.12,2026-07-21 00:49:03+00:00
2026-07-21T00:50:03+00:00,-47.83,-62.88,-64.08,-62.09,-63.06,-50.02,-49.21,-63.10,-50.23,-47.09,-48.80,-59.31,-64.47,-41.62,-44.44,-35.28,-53.24,2026-07-21 00:50:03+00:00
2026-07-21T00:51:04+00:00,-47.86,-62.75,-63.83,-61.29,-64.37,-50.22,-49.07,-62.76,-50.27,-46.57,-48.80,-59.48,-64.13,-41.45,-44.34,-34.85,-53.21,2026-07-21 00:51:04+00:00
2026-07-21T00:52:04+00:00,-48.01,-62.84,-66.00,-61.53,-63.48,-49.92,-49.02,-62.64,-50.49,-45.42,-48.94,-59.39,-64.24,-41.44,-44.43,-34.81,-55.38,2026-07-21 00:52:04+00:00
2026-07-21T00:53:03+00:00,-47.94,-62.97,-65.97,-61.75,-64.25,-49.68,-48.83,-62.60,-48.97,-45.37,-48.62,-59.11,-63.62,-41.32,-44.54,-35.35,-54.69,2026-07-21 00:53:03+00:00
2026-07-21T00:54:03+00:00,-47.74,-63.11,-65.89,-61.55,-63.27,-49.87,-49.10,-62.09,-49.77,-45.56,-48.54,-58.66,-64.36,-41.54,-44.66,-34.37,-55.40,2026-07-21 00:54:03+00:00
2026-07-21T00:55:03+00:00,-47.85,-62.09,-66.04,-61.76,-63.50,-49.91,-49.66,-62.15,-51.22,-45.31,-48.65,-58.77,-59.48,-41.34,-44.80,-34.50,-54.39,2026-07-21 00:55:03+00:00
2026-07-21T00:56:04+00:00,-47.68,-60.13,-65.96,-61.38,-63.59,-50.32,-50.00,-62.93,-51.19,-44.31,-48.54,-58.73,-55.37,-42.06,-44.79,-34.35,-55.11,2026-07-21 00:56:04+00:00
2026-07-21T00:57:04+00:00,-47.84,-62.83,-66.27,-61.75,-64.44,-50.04,-48.49,-63.32,-51.11,-43.38,-48.58,-59.03,-55.23,-42.78,-44.78,-34.26,-53.09,2026-07-21 00:57:04+00:00
2026-07-21T00:58:03+00:00,-47.85,-63.77,-65.94,-61.81,-64.66,-50.23,-49.24,-61.28,-50.60,-42.98,-47.91,-58.80,-55.72,-43.24,-44.86,-33.71,-53.01,2026-07-21 00:58:03+00:00
2026-07-21T00:59:03+00:00,-47.84,-63.55,-65.75,-62.10,-63.01,-50.37,-49.82,-63.11,-50.65,-42.45,-48.25,-58.73,-55.90,-43.62,-44.77,-33.85,-53.04,2026-07-21 00:59:03+00:00
2026-07-21T01:00:04+00:00,-47.65,-63.85,-66.25,-61.66,-63.57,-49.73,-49.97,-63.24,-51.08,-42.44,-48.17,-58.90,-55.94,-43.95,-44.27,-33.86,-54.53,2026-07-21 01:00:04+00:00
2026-07-21T01:01:06+00:00,-47.72,-63.31,-65.83,-61.45,-64.57,-49.45,-49.59,-63.07,-51.44,-42.12,-48.14,-58.68,-56.00,-44.00,-44.56,-33.73,-53.32,2026-07-21 01:01:06+00:00
2026-07-21T01:02:03+00:00,-47.84,-60.94,-65.55,-61.62,-63.16,-49.71,-49.44,-62.44,-51.30,-41.64,-48.13,-58.85,-56.04,-44.01,-44.34,-34.33,-55.17,2026-07-21 01:02:03+00:00
2026-07-21T01:03:03+00:00,-47.76,-60.88,-65.89,-61.76,-64.34,-49.55,-49.29,-63.49,-51.06,-41.62,-48.17,-58.86,-56.04,-43.60,-44.30,-34.86,-55.16,2026-07-21 01:03:03+00:00
2026-07-21T01:04:04+00:00,-49.83,-62.88,-65.90,-61.41,-63.30,-49.94,-49.02,-63.14,-52.03,-41.48,-48.32,-58.94,-55.66,-43.49,-45.01,-35.04,-54.58,2026-07-21 01:04:04+00:00
2026-07-21T01:05:04+00:00,-49.70,-63.13,-65.67,-61.69,-62.74,-49.69,-49.46,-61.96,-52.04,-40.85,-48.20,-58.69,-55.91,-42.66,-45.42,-35.16,-55.24,2026-07-21 01:05:04+00:00
2026-07-21T01:06:04+00:00,-49.86,-63.29,-65.66,-61.49,-63.30,-49.45,-49.32,-62.64,-52.29,-40.73,-48.29,-58.83,-55.56,-42.68,-45.73,-35.12,-55.27,2026-07-21 01:06:04+00:00
2026-07-21T01:07:04+00:00,-49.59,-63.88,-65.64,-61.66,-64.31,-51.36,-49.33,-63.30,-51.96,-41.20,-48.31,-58.82,-55.21,-43.50,-45.55,-35.18,-55.12,2026-07-21 01:07:04+00:00
2026-07-21T01:08:03+00:00,-49.64,-63.63,-65.46,-61.61,-63.35,-51.56,-48.78,-63.31,-55.12,-41.18,-48.39,-58.94,-55.62,-43.65,-45.57,-35.31,-55.16,2026-07-21 01:08:03+00:00
2026-07-21T01:09:04+00:00,-49.68,-63.48,-66.17,-61.58,-64.18,-51.64,-48.62,-63.83,-55.52,-41.38,-47.85,-58.70,-55.56,-43.57,-45.25,-35.42,-55.16,2026-07-21 01:09:04+00:00
2026-07-21T01:10:04+00:00,-49.72,-62.79,-65.95,-61.64,-63.84,-49.75,-48.20,-63.11,-55.21,-41.11,-48.01,-58.69,-55.32,-44.05,-45.24,-35.08,-53.00,2026-07-21 01:10:04+00:00
2026-07-21T01:11:03+00:00,-49.93,-62.24,-66.07,-61.82,-63.65,-51.34,-48.66,-62.62,-55.44,-41.22,-48.17,-58.55,-55.41,-44.19,-45.17,-34.24,-53.16,2026-07-21 01:11:03+00:00
2026-07-21T01:12:03+00:00,-49.51,-63.20,-66.38,-61.46,-63.88,-51.45,-48.80,-63.55,-55.05,-41.79,-48.29,-59.11,-55.59,-44.18,-44.99,-34.13,-54.43,2026-07-21 01:12:03+00:00
2026-07-21T01:13:04+00:00,-49.67,-63.76,-65.91,-61.77,-64.49,-50.95,-48.79,-63.44,-55.33,-41.61,-48.18,-58.82,-54.96,-43.70,-44.97,-33.67,-55.27,2026-07-21 01:13:04+00:00
2026-07-21T01:14:04+00:00,-49.59,-62.81,-65.12,-61.72,-63.50,-50.81,-48.78,-63.66,-55.09,-42.42,-48.06,-58.91,-55.14,-44.18,-45.12,-33.70,-54.58,2026-07-21 01:14:04+00:00
2026-07-21T01:15:03+00:00,-49.70,-64.32,-65.97,-61.54,-64.03,-51.08,-49.37,-63.54,-55.33,-43.12,-48.03,-59.06,-54.68,-43.65,-44.91,-33.77,-54.46,2026-07-21 01:15:03+00:00
2026-07-21T01:16:03+00:00,-49.61,-64.10,-66.04,-61.38,-64.02,-51.15,-49.66,-62.59,-55.03,-43.00,-47.99,-58.67,-54.67,-42.99,-44.95,-33.70,-58.47,2026-07-21 01:16:03+00:00
2026-07-21T01:17:04+00:00,-50.46,-62.09,-65.84,-61.98,-64.08,-51.13,-49.00,-62.92,-55.25,-42.84,-47.97,-59.42,-54.62,-43.16,-44.61,-33.14,-55.30,2026-07-21 01:17:04+00:00
2026-07-21T01:18:04+00:00,-50.40,-62.60,-65.61,-62.20,-64.01,-51.75,-49.29,-63.25,-55.15,-42.64,-47.61,-59.51,-54.01,-42.87,-44.30,-33.07,-54.54,2026-07-21 01:18:04+00:00
2026-07-21T01:19:03+00:00,-50.50,-63.62,-65.93,-61.76,-63.80,-52.00,-49.24,-63.01,-55.16,-42.85,-47.63,-58.94,-53.59,-41.70,-44.34,-32.97,-54.41,2026-07-21 01:19:03+00:00
2026-07-21T01:20:03+00:00,-50.54,-62.60,-65.36,-61.79,-63.54,-51.73,-49.40,-62.25,-55.21,-42.81,-47.68,-58.94,-53.44,-42.16,-44.26,-33.21,-54.48,2026-07-21 01:20:03+00:00
2026-07-21T01:21:04+00:00,-50.55,-63.91,-64.79,-61.66,-63.71,-50.95,-50.16,-62.82,-55.32,-42.03,-47.48,-59.39,-53.81,-42.60,-44.36,-33.65,-53.10,2026-07-21 01:21:04+00:00
2026-07-21T01:22:04+00:00,-50.71,-64.16,-66.33,-62.03,-63.41,-50.27,-49.89,-63.00,-54.08,-42.35,-47.39,-59.34,-54.09,-41.79,-43.84,-33.95,-54.50,2026-07-21 01:22:04+00:00
2026-07-21T01:23:03+00:00,-50.55,-63.88,-65.76,-61.53,-64.34,-50.47,-49.74,-60.99,-55.95,-42.44,-47.33,-59.26,-54.10,-42.04,-43.80,-33.94,-54.63,2026-07-21 01:23:03+00:00
2026-07-21T01:24:04+00:00,-50.66,-63.84,-66.12,-61.59,-63.74,-50.59,-49.59,-63.12,-55.54,-41.81,-47.77,-59.33,-54.05,-41.55,-43.83,-34.69,-54.62,2026-07-21 01:24:04+00:00
2026-07-21T01:25:04+00:00,-50.55,-62.66,-64.81,-61.72,-62.95,-50.49,-49.71,-62.80,-52.06,-42.43,-47.57,-59.06,-54.01,-41.59,-44.09,-35.13,-53.12,2026-07-21 01:25:04+00:00
2026-07-21T01:26:03+00:00,-50.58,-63.83,-65.95,-61.84,-63.96,-50.28,-50.04,-63.27,-51.98,-43.15,-47.55,-59.46,-54.15,-42.72,-43.54,-35.16,-55.22,2026-07-21 01:26:03+00:00
2026-07-21T01:27:03+00:00,-50.65,-63.25,-66.16,-61.91,-64.40,-49.87,-50.60,-63.14,-52.15,-44.17,-47.40,-59.50,-53.97,-42.89,-43.72,-35.17,-53.23,2026-07-21 01:27:03+00:00
2026-07-21T01:28:04+00:00,-50.53,-63.10,-65.73,-61.98,-63.83,-49.68,-50.19,-62.98,-52.17,-45.08,-47.33,-59.54,-53.73,-43.52,-43.71,-34.74,-55.27,2026-07-21 01:28:04+00:00
2026-07-21T01:29:04+00:00,-49.30,-63.71,-65.86,-61.83,-62.91,-49.46,-49.68,-62.89,-52.08,-44.49,-47.46,-60.23,-53.63,-43.24,-43.45,-34.52,-53.30,2026-07-21 01:29:04+00:00
2026-07-21T01:30:03+00:00,-49.33,-64.12,-65.23,-61.84,-62.89,-49.67,-49.94,-62.44,-51.86,-44.02,-47.30,-60.17,-54.09,-42.97,-43.25,-34.33,-53.15,2026-07-21 01:30:03+00:00
2026-07-21T01:31:03+00:00,-49.38,-63.58,-65.42,-61.62,-64.39,-49.70,-50.18,-62.98,-52.02,-44.58,-47.20,-60.84,-54.24,-42.80,-43.34,-34.33,-53.27,2026-07-21 01:31:03+00:00
2026-07-21T01:32:03+00:00,-49.50,-63.76,-65.85,-61.45,-64.10,-48.59,-50.45,-62.85,-52.21,-45.49,-47.14,-61.58,-54.08,-42.90,-43.00,-34.28,-54.60,2026-07-21 01:32:03+00:00
2026-07-21T01:33:04+00:00,-49.27,-63.79,-65.24,-61.85,-64.33,-48.77,-49.80,-62.51,-52.26,-45.74,-46.89,-61.48,-54.02,-42.58,-43.65,-34.13,-54.68,2026-07-21 01:33:04+00:00
2026-07-21T01:34:04+00:00,-47.53,-63.47,-65.48,-61.76,-64.03,-47.90,-49.47,-63.23,-50.78,-45.66,-46.95,-61.52,-54.34,-43.10,-43.59,-34.41,-54.83,2026-07-21 01:34:04+00:00
2026-07-21T01:35:03+00:00,-47.61,-63.44,-65.45,-61.50,-63.59,-48.25,-48.43,-62.80,-50.91,-45.15,-46.81,-61.65,-54.26,-43.72,-43.71,-34.18,-53.37,2026-07-21 01:35:03+00:00
2026-07-21T01:36:03+00:00,-47.52,-64.57,-65.86,-61.72,-63.89,-47.77,-49.71,-61.49,-51.34,-44.94,-46.47,-61.59,-54.82,-42.88,-43.91,-34.26,-54.58,2026-07-21 01:36:03+00:00
2026-07-21T01:37:03+00:00,-47.43,-63.84,-65.43,-62.02,-63.72,-48.01,-49.96,-62.15,-50.98,-45.66,-46.66,-61.95,-54.79,-42.81,-44.15,-33.76,-54.62,2026-07-21 01:37:03+00:00
2026-07-21T01:38:04+00:00,-47.46,-62.23,-65.11,-61.83,-62.91,-48.35,-49.50,-62.42,-49.30,-44.83,-46.55,-61.75,-55.23,-42.94,-44.02,-33.56,-53.15,2026-07-21 01:38:04+00:00
2026-07-21T01:39:03+00:00,-47.46,-64.30,-66.00,-61.95,-63.56,-47.81,-49.91,-62.86,-49.19,-43.88,-46.55,-61.81,-55.43,-42.42,-44.22,-33.55,-53.06,2026-07-21 01:39:03+00:00
2026-07-21T01:40:03+00:00,-47.66,-63.32,-65.54,-61.51,-63.31,-48.29,-49.75,-62.58,-50.84,-43.33,-46.50,-62.00,-55.38,-42.85,-44.27,-33.09,-51.81,2026-07-21 01:40:03+00:00
2026-07-21T01:41:04+00:00,-47.78,-63.31,-65.72,-62.02,-62.85,-49.15,-49.39,-63.03,-50.67,-43.42,-46.67,-61.72,-55.78,-42.58,-44.39,-32.88,-50.95,2026-07-21 01:41:04+00:00
2026-07-21T01:42:04+00:00,-47.71,-63.81,-65.81,-61.82,-64.22,-49.47,-48.95,-63.09,-50.69,-43.68,-46.52,-61.79,-56.02,-42.91,-44.01,-32.85,-53.08,2026-07-21 01:42:04+00:00
2026-07-21T01:43:03+00:00,-47.91,-63.19,-65.43,-61.70,-63.59,-49.58,-48.96,-62.23,-50.67,-44.25,-46.43,-61.29,-56.33,-42.80,-43.94,-33.29,-53.13,2026-07-21 01:43:03+00:00
2026-07-21T01:44:04+00:00,-47.89,-63.44,-65.54,-61.51,-63.08,-49.47,-49.41,-62.83,-50.71,-44.69,-46.86,-59.86,-56.67,-42.81,-43.79,-33.42,-51.57,2026-07-21 01:44:04+00:00
2026-07-21T01:45:04+00:00,-47.85,-63.12,-65.20,-61.69,-63.34,-49.69,-48.94,-63.16,-50.58,-45.07,-46.68,-59.64,-57.10,-42.96,-43.90,-33.58,-53.26,2026-07-21 01:45:04+00:00
2026-07-21T01:46:03+00:00,-47.79,-63.02,-65.68,-61.52,-62.67,-49.54,-48.79,-63.25,-50.66,-45.29,-46.69,-59.58,-57.14,-43.63,-43.66,-33.56,-53.02,2026-07-21 01:46:03+00:00
2026-07-21T01:47:03+00:00,-47.94,-61.73,-65.39,-62.01,-63.05,-49.62,-48.92,-63.05,-50.72,-45.46,-46.49,-59.86,-57.01,-44.51,-43.98,-33.89,-51.26,2026-07-21 01:47:03+00:00
2026-07-21T01:48:04+00:00,-47.89,-63.35,-66.39,-61.78,-63.39,-49.60,-49.36,-60.59,-50.51,-45.33,-46.42,-59.74,-57.69,-44.99,-44.81,-34.63,-53.16,2026-07-21 01:48:04+00:00
2026-07-21T01:49:03+00:00,-50.00,-63.29,-66.15,-61.95,-64.11,-50.26,-49.96,-63.01,-51.54,-44.67,-46.60,-59.86,-57.96,-45.40,-44.04,-35.95,-53.21,2026-07-21 01:49:03+00:00
2026-07-21T01:50:03+00:00,-50.02,-62.72,-66.11,-61.63,-62.47,-49.84,-49.68,-62.76,-51.66,-43.81,-47.15,-59.71,-58.38,-46.06,-44.01,-36.23,-53.28,2026-07-21 01:50:03+00:00
2026-07-21T01:51:04+00:00,-49.88,-63.89,-66.15,-61.92,-64.37,-49.70,-49.63,-63.20,-51.58,-43.08,-47.22,-59.78,-59.36,-46.13,-44.29,-36.55,-53.31,2026-07-21 01:51:04+00:00
2026-07-21T01:52:04+00:00,-49.98,-64.02,-66.20,-61.92,-64.05,-49.78,-52.78,-63.32,-51.58,-42.01,-47.32,-59.17,-59.45,-47.42,-44.31,-37.20,-53.35,2026-07-21 01:52:04+00:00
2026-07-21T01:53:04+00:00,-49.66,-62.94,-65.98,-61.88,-64.12,-49.31,-47.31,-62.89,-54.14,-42.34,-47.62,-59.66,-58.93,-48.00,-44.60,-36.81,-54.70,2026-07-21 01:53:04+00:00
2026-07-21T01:54:03+00:00,-49.82,-63.79,-66.67,-62.22,-64.08,-48.85,-50.30,-63.24,-54.38,-42.55,-47.78,-59.57,-59.84,-49.01,-44.63,-37.04,-53.27,2026-07-21 01:54:03+00:00
2026-07-21T01:55:04+00:00,-49.84,-63.60,-65.81,-61.66,-63.22,-48.93,-50.02,-62.80,-54.83,-42.84,-48.06,-59.93,-60.27,-49.37,-44.45,-36.61,-54.80,2026-07-21 01:55:04+00:00
2026-07-21T01:56:04+00:00,-49.76,-63.15,-66.04,-62.03,-64.60,-48.76,-49.89,-63.33,-54.58,-42.37,-47.91,-60.17,-61.07,-49.55,-44.40,-36.57,-58.51,2026-07-21 01:56:04+00:00
2026-07-21T01:57:04+00:00,-50.03,-63.88,-66.48,-61.84,-63.34,-48.42,-49.55,-63.36,-54.70,-41.85,-48.03,-60.31,-61.77,-50.61,-43.87,-37.10,-53.54,2026-07-21 01:57:04+00:00
2026-07-21T01:58:03+00:00,-49.69,-63.24,-65.55,-61.55,-63.60,-48.39,-49.54,-62.98,-54.70,-41.91,-47.79,-61.54,-61.21,-50.98,-43.78,-36.98,-53.28,2026-07-21 01:58:03+00:00
2026-07-21T01:59:04+00:00,-49.53,-63.30,-65.49,-61.38,-63.03,-48.38,-49.80,-62.46,-54.60,-42.89,-47.74,-62.42,-60.79,-51.46,-43.50,-37.05,-53.34,2026-07-21 01:59:04+00:00
2026-07-21T02:00:04+00:00,-49.67,-64.23,-66.33,-61.62,-63.76,-49.19,-49.79,-63.50,-54.63,-43.47,-47.78,-63.27,-61.59,-54.25,-43.38,-36.58,-53.33,2026-07-21 02:00:04+00:00
2026-07-21T02:01:04+00:00,-49.65,-64.11,-65.75,-62.07,-62.92,-48.89,-49.96,-63.59,-54.59,-43.13,-47.77,-62.33,-61.17,-55.78,-43.30,-36.45,-53.31,2026-07-21 02:01:04+00:00
2026-07-21T02:02:04+00:00,-49.67,-63.38,-66.08,-61.67,-63.30,-49.05,-49.38,-63.43,-54.55,-43.62,-47.54,-63.61,-60.75,-59.18,-43.47,-36.52,-53.32,2026-07-21 02:02:04+00:00
2026-07-21T02:03:03+00:00,-49.78,-64.25,-66.40,-61.85,-64.60,-49.23,-49.83,-63.85,-54.51,-43.88,-48.23,-65.23,-60.23,-59.97,-43.59,-36.50,-53.31,2026-07-21 02:03:03+00:00
2026-07-21T02:04:03+00:00,-49.76,-63.47,-66.14,-61.64,-62.97,-49.05,-49.64,-62.28,-54.55,-43.30,-48.07,-64.62,-60.30,-61.71,-43.67,-35.92,-53.25,2026-07-21 02:04:03+00:00
2026-07-21T02:05:04+00:00,-49.77,-63.09,-66.33,-62.01,-63.70,-50.98,-50.13,-63.11,-54.35,-43.36,-48.13,-64.68,-60.48,-60.92,-43.70,-35.81,-53.23,2026-07-21 02:05:04+00:00
2026-07-21T02:06:03+00:00,-49.83,-64.72,-66.95,-61.77,-62.66,-50.96,-49.62,-63.89,-54.72,-42.64,-48.21,-65.11,-60.01,-57.01,-43.93,-35.19,-58.84,2026-07-21 02:06:03+00:00
2026-07-21T02:07:04+00:00,-49.76,-63.83,-66.14,-61.79,-62.86,-50.84,-50.00,-61.87,-54.52,-42.49,-48.28,-64.72,-59.45,-58.13,-43.92,-35.31,-58.54,2026-07-21 02:07:04+00:00
2026-07-21T02:08:04+00:00,-49.99,-63.93,-66.15,-61.81,-62.76,-51.24,-49.87,-63.81,-55.47,-42.21,-48.75,-64.71,-59.50,-58.44,-44.40,-34.75,-58.49,2026-07-21 02:08:04+00:00
2026-07-21T02:09:03+00:00,-49.92,-63.91,-66.39,-61.74,-63.34,-51.24,-53.35,-63.54,-55.41,-42.79,-48.82,-65.14,-60.34,-58.10,-44.33,-35.11,-58.98,2026-07-21 02:09:03+00:00
2026-07-21T02:10:03+00:00,-49.97,-63.91,-65.99,-61.50,-63.51,-51.15,-47.22,-63.34,-52.03,-43.75,-48.76,-64.53,-61.02,-59.18,-44.74,-35.85,-58.41,2026-07-21 02:10:03+00:00
2026-07-21T02:11:04+00:00,-50.57,-64.21,-66.01,-61.96,-63.44,-50.60,-49.70,-63.29,-51.92,-44.02,-48.57,-64.07,-60.41,-60.11,-44.46,-36.66,-58.30,2026-07-21 02:11:04+00:00
2026-07-21T02:12:03+00:00,-50.65,-64.57,-66.71,-62.21,-63.04,-50.57,-50.69,-63.86,-52.04,-43.32,-48.25,-64.47,-60.93,-59.25,-44.59,-37.96,-58.84,2026-07-21 02:12:03+00:00
2026-07-21T02:13:03+00:00,-50.54,-64.40,-66.12,-61.58,-64.19,-50.36,-50.77,-63.35,-52.02,-43.04,-48.13,-64.06,-59.96,-56.96,-44.04,-38.03,-58.88,2026-07-21 02:13:03+00:00
2026-07-21T02:14:04+00:00,-50.43,-64.48,-66.34,-62.05,-63.50,-50.81,-50.62,-63.67,-51.86,-43.20,-47.90,-64.05,-60.02,-56.18,-44.35,-38.21,-58.87,2026-07-21 02:14:04+00:00
2026-07-21T02:15:04+00:00,-50.52,-64.74,-67.13,-61.93,-63.54,-51.04,-50.31,-62.81,-52.00,-43.84,-47.98,-64.23,-59.36,-56.72,-44.59,-38.78,-58.52,2026-07-21 02:15:04+00:00
2026-07-21T02:16:03+00:00,-50.72,-65.03,-66.26,-61.73,-63.41,-51.14,-50.48,-63.56,-51.99,-45.00,-48.04,-64.52,-58.59,-58.37,-44.23,-39.11,-58.46,2026-07-21 02:16:03+00:00
2026-07-21T02:17:03+00:00,-50.66,-63.61,-65.75,-61.80,-63.81,-50.85,-50.18,-63.67,-51.89,-45.31,-48.08,-64.08,-58.86,-62.39,-44.31,-38.52,-58.80,2026-07-21 02:17:03+00:00
2026-07-21T02:18:04+00:00,-50.76,-64.56,-66.46,-61.84,-64.30,-51.40,-49.62,-64.00,-52.04,-44.78,-47.84,-65.13,-58.62,-61.25,-44.10,-38.54,-58.95,2026-07-21 02:18:04+00:00
2026-07-21T02:19:04+00:00,-48.39,-64.73,-67.02,-61.84,-63.90,-51.44,-50.03,-62.12,-51.06,-43.84,-47.41,-64.74,-58.64,-60.04,-43.61,-37.25,-58.18,2026-07-21 02:19:04+00:00
2026-07-21T02:20:03+00:00,-48.34,-62.95,-65.89,-62.12,-64.43,-51.38,-50.05,-63.43,-50.90,-43.19,-47.37,-64.72,-58.77,-59.29,-43.85,-36.72,-58.38,2026-07-21 02:20:03+00:00
2026-07-21T02:21:03+00:00,-48.24,-64.15,-66.14,-61.69,-63.89,-51.74,-50.15,-63.65,-50.85,-43.73,-47.60,-65.07,-59.58,-58.22,-43.70,-36.41,-58.75,2026-07-21 02:21:03+00:00
2026-07-21T02:22:04+00:00,-48.29,-63.28,-66.32,-61.48,-64.28,-51.79,-50.21,-63.20,-50.86,-44.07,-47.77,-65.21,-59.67,-59.99,-43.83,-36.82,-58.29,2026-07-21 02:22:04+00:00
2026-07-21T02:23:03+00:00,-48.27,-64.85,-66.81,-61.81,-62.51,-51.37,-50.21,-62.66,-49.38,-45.00,-47.51,-63.94,-60.24,-58.56,-43.91,-36.60,-58.70,2026-07-21 02:23:03+00:00
2026-07-21T02:24:03+00:00,-47.55,-65.61,-67.45,-61.96,-63.21,-51.86,-50.53,-64.02,-49.93,-45.57,-47.80,-65.17,-61.49,-57.47,-44.29,-36.71,-58.77,2026-07-21 02:24:03+00:00
2026-07-21T02:25:04+00:00,-47.53,-64.02,-66.41,-61.40,-63.35,-51.76,-50.28,-63.96,-50.94,-46.12,-47.80,-63.80,-62.19,-56.37,-44.18,-37.25,-58.56,2026-07-21 02:25:04+00:00
2026-07-21T02:26:04+00:00,-47.57,-63.75,-65.31,-61.79,-64.28,-51.70,-49.78,-63.26,-50.62,-46.44,-47.68,-64.11,-62.57,-57.74,-43.84,-36.93,-58.24,2026-07-21 02:26:04+00:00
2026-07-21T02:27:03+00:00,-47.53,-64.10,-67.20,-61.68,-64.10,-51.95,-49.51,-64.18,-50.84,-47.43,-47.94,-64.91,-63.87,-60.56,-44.20,-36.68,-59.02,2026-07-21 02:27:03+00:00
2026-07-21T02:28:03+00:00,-47.48,-64.10,-66.67,-62.18,-63.67,-52.32,-49.20,-64.03,-51.02,-46.85,-47.78,-64.29,-63.68,-60.01,-44.16,-36.84,-58.76,2026-07-21 02:28:03+00:00
2026-07-21T02:29:04+00:00,-47.48,-63.56,-65.53,-61.83,-64.29,-52.91,-49.43,-63.61,-50.96,-45.96,-47.67,-63.30,-63.22,-58.64,-44.24,-36.55,-58.70,2026-07-21 02:29:04+00:00
2026-07-21T02:30:04+00:00,-47.56,-64.86,-67.18,-62.00,-64.81,-50.63,-48.67,-64.27,-50.68,-45.56,-47.89,-64.21,-63.72,-55.61,-44.47,-37.00,-58.95,2026-07-21 02:30:04+00:00
2026-07-21T02:31:04+00:00,-47.66,-64.09,-66.49,-61.94,-64.40,-50.63,-49.61,-61.46,-50.72,-45.87,-47.86,-63.55,-64.28,-55.61,-44.72,-36.48,-58.57,2026-07-21 02:31:04+00:00
2026-07-21T02:32:04+00:00,-47.57,-64.11,-66.17,-61.85,-63.18,-49.38,-49.88,-62.99,-50.59,-45.97,-48.02,-64.03,-64.35,-55.90,-44.73,-36.40,-58.70,2026-07-21 02:32:04+00:00
2026-07-21T02:33:03+00:00,-47.62,-64.94,-66.72,-62.07,-63.25,-49.29,-50.50,-63.74,-50.60,-45.58,-47.94,-65.10,-65.24,-56.53,-44.45,-36.89,-58.85,2026-07-21 02:33:03+00:00
2026-07-21T02:34:03+00:00,-49.58,-63.48,-65.44,-61.66,-62.68,-49.41,-50.50,-63.26,-51.46,-45.41,-47.83,-63.84,-64.62,-58.64,-44.58,-36.76,-58.54,2026-07-21 02:34:03+00:00
2026-07-21T02:35:04+00:00,-49.94,-63.50,-66.52,-61.72,-63.86,-48.64,-50.08,-62.68,-51.56,-45.14,-47.70,-64.79,-63.78,-60.98,-44.39,-36.84,-58.65,2026-07-21 02:35:04+00:00
2026-07-21T02:36:03+00:00,-49.81,-63.82,-65.62,-61.68,-63.79,-49.60,-50.00,-63.79,-51.47,-44.99,-47.71,-64.30,-64.11,-60.63,-44.89,-37.53,-58.11,2026-07-21 02:36:03+00:00
2026-07-21T02:37:03+00:00,-49.76,-64.38,-66.45,-61.70,-63.31,-49.74,-49.59,-63.24,-51.58,-45.43,-47.70,-63.86,-63.48,-62.60,-44.79,-37.49,-59.03,2026-07-21 02:37:03+00:00
2026-07-21T02:38:04+00:00,-49.79,-63.79,-66.21,-61.49,-63.34,-49.90,-49.87,-63.47,-54.34,-45.95,-47.70,-63.75,-63.23,-59.34,-45.43,-36.82,-58.92,2026-07-21 02:38:04+00:00
2026-07-21T02:39:04+00:00,-49.85,-64.60,-66.90,-61.83,-63.87,-49.62,-50.42,-63.92,-54.28,-45.84,-47.65,-64.43,-64.03,-57.50,-46.06,-37.57,-59.17,2026-07-21 02:39:04+00:00
2026-07-21T02:40:03+00:00,-49.88,-64.31,-66.23,-61.94,-64.05,-49.74,-50.43,-63.37,-54.31,-45.94,-47.62,-64.26,-63.86,-54.11,-46.67,-37.21,-58.63,2026-07-21 02:40:03+00:00
2026-07-21T02:41:03+00:00,-49.95,-64.61,-66.55,-62.02,-64.13,-49.95,-50.16,-63.76,-54.40,-45.85,-47.57,-63.31,-63.22,-52.91,-46.42,-37.44,-58.97,2026-07-21 02:41:03+00:00
2026-07-21T02:42:04+00:00,-49.96,-64.24,-66.76,-61.89,-63.02,-50.14,-49.80,-63.44,-54.38,-45.62,-47.60,-63.99,-63.29,-51.75,-46.23,-36.83,-59.12,2026-07-21 02:42:04+00:00
2026-07-21T02:43:04+00:00,-49.96,-63.87,-66.02,-62.05,-63.78,-50.40,-50.40,-61.34,-54.02,-46.37,-46.96,-63.60,-63.01,-49.91,-46.30,-36.54,-58.47,2026-07-21 02:43:04+00:00
2026-07-21T02:44:03+00:00,-50.05,-63.87,-66.69,-61.54,-63.87,-50.27,-50.32,-63.75,-54.01,-45.99,-47.10,-64.16,-63.42,-49.73,-46.64,-35.96,-59.05,2026-07-21 02:44:03+00:00
2026-07-21T02:45:04+00:00,-49.88,-64.35,-66.59,-61.76,-62.73,-50.13,-49.99,-63.62,-54.59,-45.59,-47.13,-64.24,-63.36,-49.80,-46.80,-35.96,-58.77,2026-07-21 02:45:04+00:00
2026-07-21T02:46:04+00:00,-50.17,-64.44,-66.47,-61.66,-63.00,-50.07,-49.73,-63.52,-54.32,-44.62,-47.31,-63.65,-62.93,-47.88,-46.28,-36.19,-58.96,2026-07-21 02:46:04+00:00
2026-07-21T02:47:03+00:00,-50.07,-64.12,-66.34,-61.96,-63.55,-49.77,-49.64,-63.12,-54.33,-43.90,-47.42,-63.39,-62.67,-46.82,-46.54,-35.76,-58.81,2026-07-21 02:47:03+00:00
2026-07-21T02:48:03+00:00,-50.04,-63.27,-65.79,-61.35,-63.78,-50.00,-49.85,-63.02,-54.57,-43.44,-47.25,-63.05,-62.19,-47.71,-46.09,-37.56,-57.05,2026-07-21 02:48:03+00:00
2026-07-21T02:49:04+00:00,-49.71,-63.57,-66.49,-62.00,-63.98,-49.71,-50.25,-63.96,-54.39,-43.48,-47.35,-63.63,-62.60,-47.07,-45.92,-39.11,-59.02,2026-07-21 02:49:04+00:00
2026-07-21T02:50:04+00:00,-49.83,-63.63,-66.38,-61.43,-64.57,-49.35,-49.94,-63.95,-54.41,-43.52,-47.34,-64.16,-62.45,-46.05,-45.57,-38.62,-59.11,2026-07-21 02:50:04+00:00
2026-07-21T02:51:03+00:00,-49.76,-64.34,-66.78,-61.56,-63.65,-49.65,-50.12,-63.75,-54.75,-43.74,-47.39,-64.01,-62.22,-46.54,-45.47,-39.52,-59.16,2026-07-21 02:51:03+00:00
2026-07-21T02:52:03+00:00,-49.78,-64.28,-66.34,-61.81,-64.28,-49.60,-50.25,-63.12,-54.54,-44.37,-47.57,-63.88,-61.47,-46.27,-45.44,-39.96,-58.93,2026-07-21 02:52:03+00:00
2026-07-21T02:53:04+00:00,-49.76,-63.95,-65.71,-61.27,-64.11,-47.17,-50.43,-63.47,-55.31,-44.78,-47.69,-63.04,-60.98,-44.97,-45.72,-39.80,-57.59,2026-07-21 02:53:04+00:00
2026-07-21T02:54:04+00:00,-49.74,-63.70,-65.88,-61.75,-63.11,-46.29,-49.68,-62.88,-51.88,-45.45,-47.32,-63.45,-61.00,-45.71,-45.73,-40.33,-58.62,2026-07-21 02:54:04+00:00
2026-07-21T02:55:03+00:00,-49.90,-64.14,-66.36,-61.43,-64.05,-46.26,-50.32,-61.86,-51.99,-45.74,-47.28,-63.05,-60.71,-46.71,-45.48,-41.47,-59.21,2026-07-21 02:55:03+00:00
2026-07-21T02:56:04+00:00,-49.96,-64.22,-66.47,-61.75,-64.08,-46.20,-50.34,-63.48,-51.73,-46.38,-47.80,-63.01,-60.30,-46.71,-45.30,-43.47,-59.07,2026-07-21 02:56:04+00:00
2026-07-21T02:57:04+00:00,-49.79,-63.56,-66.24,-61.82,-63.10,-46.34,-50.31,-63.29,-51.85,-47.28,-47.68,-62.70,-60.26,-46.17,-45.36,-45.30,-59.08,2026-07-21 02:57:04+00:00
2026-07-21T02:58:03+00:00,-49.74,-63.56,-65.96,-61.44,-62.86,-46.39,-50.30,-62.46,-51.81,-48.64,-47.42,-62.45,-59.92,-45.35,-45.29,-47.15,-58.82,2026-07-21 02:58:03+00:00
2026-07-21T02:59:03+00:00,-49.75,-64.02,-66.37,-61.56,-63.22,-46.02,-50.46,-62.84,-51.91,-50.33,-47.48,-62.79,-59.82,-46.03,-45.47,-52.43,-59.29,2026-07-21 02:59:03+00:00
2026-07-21T03:00:04+00:00,-49.53,-64.34,-66.65,-61.62,-64.07,-46.29,-50.74,-63.67,-51.86,-52.12,-47.31,-62.74,-59.54,-47.21,-45.41,-56.14,-59.25,2026-07-21 03:00:04+00:00
2026-07-21T03:01:05+00:00,-49.78,-62.35,-64.55,-61.60,-64.55,-46.10,-50.55,-63.37,-51.99,-53.81,-47.31,-61.48,-58.87,-46.31,-45.43,-57.36,-58.35,2026-07-21 03:01:05+00:00
2026-07-21T03:02:04+00:00,-49.82,-64.43,-66.44,-61.70,-63.33,-46.14,-50.36,-63.80,-52.11,-54.30,-47.34,-61.76,-58.86,-46.21,-45.27,-55.91,-59.27,2026-07-21 03:02:04+00:00
2026-07-21T03:03:04+00:00,-49.66,-64.61,-66.02,-61.98,-64.62,-50.49,-50.03,-62.91,-52.19,-55.13,-47.23,-61.19,-58.76,-45.71,-44.94,-56.34,-58.92,2026-07-21 03:03:04+00:00
2026-07-21T03:04:03+00:00,-47.70,-64.01,-66.03,-61.83,-63.56,-50.30,-50.32,-63.52,-51.01,-55.46,-47.36,-61.55,-58.86,-45.74,-44.64,-55.12,-59.13,2026-07-21 03:04:03+00:00
2026-07-21T03:05:04+00:00,-48.12,-63.97,-65.98,-61.76,-63.66,-50.30,-50.11,-63.87,-51.01,-54.43,-47.41,-61.02,-58.76,-45.86,-44.43,-56.59,-57.76,2026-07-21 03:05:04+00:00
2026-07-21T03:06:04+00:00,-48.13,-63.27,-66.15,-61.99,-62.96,-50.28,-49.36,-63.70,-51.01,-54.78,-47.59,-61.18,-58.66,-44.85,-44.38,-55.69,-58.90,2026-07-21 03:06:04+00:00
2026-07-21T03:07:03+00:00,-47.97,-64.26,-66.31,-61.56,-63.85,-49.78,-50.04,-61.26,-49.91,-54.86,-47.30,-61.37,-58.52,-44.07,-44.45,-55.68,-58.28,2026-07-21 03:07:03+00:00
2026-07-21T03:08:03+00:00,-48.13,-63.75,-66.21,-61.45,-63.78,-50.15,-49.96,-63.48,-49.26,-54.61,-47.58,-61.79,-58.47,-44.17,-44.83,-54.24,-58.68,2026-07-21 03:08:03+00:00
2026-07-21T03:09:04+00:00,-48.10,-63.58,-66.22,-61.65,-63.95,-50.14,-50.38,-64.02,-50.77,-53.71,-47.69,-62.21,-58.68,-43.81,-44.84,-54.29,-58.94,2026-07-21 03:09:04+00:00
2026-07-21T03:10:03+00:00,-48.28,-62.23,-65.84,-61.69,-64.53,-50.13,-50.38,-63.89,-51.03,-53.43,-47.61,-61.19,-58.32,-44.33,-44.32,-53.06,-58.78,2026-07-21 03:10:03+00:00
2026-07-21T03:11:03+00:00,-48.12,-64.27,-66.31,-61.56,-63.39,-49.89,-51.09,-63.86,-50.76,-53.02,-47.73,-61.56,-58.47,-44.10,-44.54,-52.83,-59.18,2026-07-21 03:11:03+00:00
2026-07-21T03:12:04+00:00,-48.16,-63.46,-66.32,-61.72,-63.59,-49.87,-47.91,-63.81,-50.97,-52.62,-47.85,-61.69,-58.36,-43.88,-44.74,-51.52,-59.10,2026-07-21 03:12:04+00:00
2026-07-21T03:13:04+00:00,-48.19,-62.57,-65.08,-61.11,-63.59,-49.76,-49.81,-62.97,-50.92,-52.15,-47.64,-61.54,-58.20,-43.74,-45.42,-51.13,-56.97,2026-07-21 03:13:04+00:00
2026-07-21T03:14:03+00:00,-48.13,-63.31,-66.03,-61.60,-64.34,-49.87,-50.28,-63.74,-50.70,-52.06,-47.61,-61.76,-58.34,-43.71,-44.93,-51.37,-59.09,2026-07-21 03:14:03+00:00
2026-07-21T03:15:04+00:00,-48.01,-63.36,-65.36,-61.54,-63.85,-49.86,-50.83,-63.54,-51.00,-52.44,-47.64,-60.74,-58.11,-43.70,-45.22,-50.90,-57.39,2026-07-21 03:15:04+00:00
2026-07-21T03:16:04+00:00,-48.15,-62.47,-64.85,-61.60,-62.51,-49.94,-50.97,-63.91,-50.72,-52.43,-47.62,-60.73,-58.45,-43.22,-45.19,-50.73,-58.56,2026-07-21 03:16:04+00:00
2026-07-21T03:17:03+00:00,-48.11,-63.11,-65.85,-61.35,-63.56,-49.92,-51.20,-63.58,-50.79,-51.66,-47.72,-60.61,-58.26,-42.76,-45.28,-50.69,-59.47,2026-07-21 03:17:03+00:00
2026-07-21T03:18:03+00:00,-47.59,-63.86,-65.19,-61.43,-64.18,-50.25,-51.07,-63.21,-50.93,-51.76,-47.74,-60.03,-58.26,-42.37,-45.30,-50.72,-59.33,2026-07-21 03:18:03+00:00
2026-07-21T03:19:04+00:00,-49.41,-63.96,-66.47,-61.67,-63.55,-49.84,-51.46,-61.40,-51.95,-51.47,-47.87,-60.60,-58.41,-41.42,-45.68,-50.42,-59.27,2026-07-21 03:19:04+00:00
2026-07-21T03:20:04+00:00,-49.81,-64.10,-65.88,-61.78,-63.87,-50.15,-51.23,-63.30,-51.69,-51.25,-47.99,-60.48,-58.40,-41.24,-46.72,-51.09,-59.35,2026-07-21 03:20:04+00:00
2026-07-21T03:21:03+00:00,-47.83,-63.09,-65.76,-61.56,-63.48,-50.19,-51.26,-63.83,-51.60,-50.34,-48.10,-60.76,-55.55,-41.19,-47.60,-50.63,-58.93,2026-07-21 03:21:03+00:00
2026-07-21T03:22:03+00:00,-48.57,-63.85,-65.66,-61.57,-62.79,-50.52,-51.25,-63.71,-54.72,-50.07,-48.33,-60.71,-55.19,-41.06,-49.06,-50.35,-58.87,2026-07-21 03:22:03+00:00
2026-07-21T03:23:04+00:00,-48.70,-63.10,-56.48,-61.41,-62.91,-50.26,-50.92,-62.40,-54.14,-49.12,-48.24,-60.40,-55.47,-41.04,-51.16,-50.45,-56.88,2026-07-21 03:23:04+00:00
2026-07-21T03:24:04+00:00,-48.62,-63.75,-65.09,-61.60,-63.57,-50.29,-50.70,-63.26,-54.21,-49.64,-48.63,-59.33,-57.32,-41.08,-53.28,-49.91,-59.13,2026-07-21 03:24:04+00:00
2026-07-21T03:25:03+00:00,-48.42,-64.15,-66.04,-61.64,-63.57,-50.48,-50.82,-63.53,-54.20,-49.53,-49.38,-58.74,-58.69,-41.36,-56.41,-49.68,-58.84,2026-07-21 03:25:03+00:00
2026-07-21T03:26:04+00:00,-48.34,-63.24,-65.79,-61.46,-63.84,-50.49,-50.57,-63.81,-54.12,-49.32,-49.81,-56.87,-58.30,-41.56,-57.76,-49.41,-59.73,2026-07-21 03:26:04+00:00
2026-07-21T03:27:04+00:00,-48.18,-62.86,-65.79,-61.61,-62.88,-50.50,-50.33,-63.86,-54.34,-48.96,-50.18,-62.31,-58.32,-41.80,-57.73,-49.29,-57.51,2026-07-21 03:27:04+00:00
2026-07-21T03:28:03+00:00,-47.77,-63.38,-65.04,-61.59,-63.70,-49.48,-49.87,-63.63,-53.79,-48.68,-50.44,-62.12,-58.32,-42.03,-56.59,-49.02,-59.45,2026-07-21 03:28:03+00:00
2026-07-21T03:29:03+00:00,-47.90,-63.36,-65.94,-61.55,-64.02,-49.41,-49.76,-63.92,-54.22,-48.77,-51.01,-61.88,-58.62,-42.29,-54.84,-49.14,-59.57,2026-07-21 03:29:03+00:00
2026-07-21T03:30:04+00:00,-47.94,-62.76,-65.59,-61.83,-63.70,-46.77,-49.75,-62.96,-54.28,-48.55,-51.64,-61.85,-58.57,-42.17,-53.29,-49.16,-59.41,2026-07-21 03:30:04+00:00
2026-07-21T03:31:04+00:00,-48.07,-63.92,-65.46,-61.83,-62.65,-45.61,-49.60,-61.91,-53.87,-48.22,-51.18,-61.35,-58.46,-42.45,-52.91,-49.21,-59.04,2026-07-21 03:31:04+00:00
2026-07-21T03:32:03+00:00,-48.11,-63.61,-65.76,-61.81,-63.29,-45.74,-49.70,-63.95,-53.75,-47.83,-52.00,-61.64,-58.81,-42.65,-51.98,-49.39,-59.34,2026-07-21 03:32:03+00:00
2026-07-21T03:33:03+00:00,-47.84,-61.97,-66.00,-61.83,-64.18,-45.75,-49.46,-63.73,-53.97,-47.68,-52.27,-61.49,-58.58,-42.90,-51.76,-49.50,-59.16,2026-07-21 03:33:03+00:00
2026-07-21T03:34:04+00:00,-47.98,-63.63,-64.70,-61.87,-63.31,-45.81,-49.50,-63.13,-53.42,-47.62,-52.29,-60.75,-58.47,-42.95,-51.16,-49.80,-56.33,2026-07-21 03:34:04+00:00
2026-07-21T03:35:04+00:00,-47.58,-63.35,-65.94,-61.61,-64.11,-45.90,-49.28,-61.74,-54.36,-47.72,-51.73,-61.03,-58.69,-43.03,-51.70,-50.34,-58.80,2026-07-21 03:35:04+00:00
2026-07-21T03:36:04+00:00,-48.36,-64.19,-65.64,-61.82,-64.22,-45.83,-49.49,-62.93,-54.31,-47.11,-52.22,-61.42,-58.75,-43.20,-51.34,-50.33,-58.14,2026-07-21 03:36:04+00:00
2026-07-21T03:37:03+00:00,-48.51,-64.19,-65.96,-61.74,-63.98,-45.97,-49.24,-63.87,-54.62,-47.29,-52.19,-61.62,-58.69,-43.40,-51.44,-50.81,-59.33,2026-07-21 03:37:03+00:00
2026-07-21T03:38:03+00:00,-48.42,-64.44,-66.57,-61.93,-62.71,-46.02,-49.43,-63.53,-55.24,-47.31,-52.09,-61.94,-58.84,-43.82,-51.66,-50.84,-59.65,2026-07-21 03:38:03+00:00
2026-07-21T03:39:04+00:00,-48.25,-63.81,-65.76,-61.50,-63.73,-45.77,-49.44,-63.44,-51.80,-47.28,-51.89,-61.34,-58.95,-44.45,-51.71,-50.42,-59.37,2026-07-21 03:39:04+00:00
2026-07-21T03:40:03+00:00,-48.26,-64.02,-66.72,-61.58,-63.46,-45.92,-49.30,-63.82,-51.86,-47.11,-51.62,-60.51,-59.31,-44.92,-51.39,-50.56,-58.93,2026-07-21 03:40:03+00:00
2026-07-21T03:41:03+00:00,-49.37,-62.91,-64.81,-61.34,-63.85,-45.95,-48.95,-62.82,-51.62,-47.00,-51.40,-60.84,-58.92,-45.23,-52.07,-50.01,-59.20,2026-07-21 03:41:03+00:00
2026-07-21T03:42:04+00:00,-49.50,-62.96,-65.73,-61.27,-64.03,-46.11,-49.10,-63.36,-51.67,-47.14,-51.36,-61.35,-59.02,-45.98,-52.07,-49.68,-59.33,2026-07-21 03:42:04+00:00
2026-07-21T03:43:04+00:00,-49.40,-63.47,-65.37,-61.31,-63.74,-46.12,-48.95,-61.35,-51.73,-46.95,-50.82,-61.37,-58.96,-46.60,-52.19,-49.97,-59.34,2026-07-21 03:43:04+00:00
2026-07-21T03:44:03+00:00,-49.44,-63.33,-65.37,-61.53,-64.19,-46.08,-49.26,-63.71,-51.74,-46.92,-50.94,-61.64,-59.14,-47.66,-52.22,-49.85,-59.30,2026-07-21 03:44:03+00:00
2026-07-21T03:45:03+00:00,-49.62,-63.00,-65.42,-61.43,-65.42,-46.02,-48.96,-63.95,-51.60,-46.92,-50.81,-61.83,-59.25,-48.50,-52.52,-49.80,-59.62,2026-07-21 03:45:03+00:00
2026-07-21T03:46:04+00:00,-49.69,-63.14,-65.51,-61.35,-64.22,-46.22,-48.65,-63.24,-51.75,-46.87,-50.70,-60.87,-59.41,-49.55,-52.62,-49.54,-59.52,2026-07-21 03:46:04+00:00
2026-07-21T03:47:03+00:00,-49.66,-63.01,-65.10,-61.67,-65.38,-46.06,-48.60,-62.77,-51.83,-46.89,-50.65,-60.57,-58.75,-51.06,-52.92,-49.51,-59.13,2026-07-21 03:47:03+00:00
2026-07-21T03:48:03+00:00,-49.43,-62.63,-65.01,-61.56,-64.06,-45.95,-48.70,-62.86,-51.28,-46.70,-50.57,-60.24,-58.97,-52.21,-53.08,-49.53,-59.38,2026-07-21 03:48:03+00:00
2026-07-21T03:49:04+00:00,-47.64,-63.40,-65.61,-61.68,-64.67,-46.34,-48.74,-63.43,-50.72,-46.99,-50.61,-60.46,-59.11,-54.35,-52.80,-49.34,-59.85,2026-07-21 03:49:04+00:00
2026-07-21T03:50:04+00:00,-47.65,-63.99,-65.61,-61.63,-63.45,-46.21,-48.58,-62.93,-50.82,-46.70,-50.51,-59.94,-59.33,-56.47,-52.85,-49.97,-59.94,2026-07-21 03:50:04+00:00
2026-07-21T03:51:03+00:00,-47.61,-64.21,-66.01,-61.34,-63.43,-46.11,-48.37,-63.73,-50.91,-46.71,-50.45,-59.66,-59.34,-57.93,-53.13,-49.83,-58.24,2026-07-21 03:51:03+00:00
2026-07-21T03:52:03+00:00,-47.46,-63.55,-65.74,-62.02,-63.27,-46.59,-48.46,-63.34,-49.18,-46.64,-50.36,-60.06,-59.30,-59.18,-53.26,-49.88,-59.36,2026-07-21 03:52:03+00:00
2026-07-21T03:53:04+00:00,-47.63,-63.65,-65.78,-61.36,-63.50,-46.60,-48.60,-62.89,-49.26,-46.65,-50.48,-59.86,-59.95,-59.23,-52.88,-49.67,-60.13,2026-07-21 03:53:04+00:00
2026-07-21T03:54:04+00:00,-47.54,-64.51,-65.75,-61.25,-64.35,-46.53,-49.02,-63.62,-50.78,-46.67,-50.47,-61.18,-59.95,-58.57,-53.19,-49.40,-59.48,2026-07-21 03:54:04+00:00
2026-07-21T03:55:03+00:00,-47.39,-63.03,-65.71,-61.69,-63.76,-46.63,-48.88,-63.14,-50.67,-46.62,-50.39,-61.00,-59.72,-57.49,-53.31,-49.44,-58.65,2026-07-21 03:55:03+00:00
2026-07-21T03:56:04+00:00,-47.69,-63.87,-65.73,-61.75,-63.71,-46.88,-49.07,-63.11,-50.80,-46.64,-50.42,-60.95,-60.03,-56.23,-53.77,-49.38,-59.97,2026-07-21 03:56:04+00:00
2026-07-21T03:57:04+00:00,-47.79,-64.06,-63.99,-61.51,-63.52,-46.87,-48.72,-61.74,-50.75,-46.56,-50.33,-60.86,-59.93,-54.86,-53.88,-48.91,-57.75,2026-07-21 03:57:04+00:00
2026-07-21T03:58:04+00:00,-47.62,-64.12,-66.06,-61.71,-62.64,-46.57,-49.15,-63.11,-50.77,-46.73,-50.26,-61.04,-60.23,-54.00,-53.76,-49.39,-59.93,2026-07-21 03:58:04+00:00
2026-07-21T03:59:03+00:00,-47.44,-64.14,-66.03,-61.60,-63.13,-46.73,-48.82,-63.68,-50.69,-46.82,-50.31,-61.13,-60.24,-52.70,-54.20,-49.03,-59.68,2026-07-21 03:59:03+00:00
2026-07-21T04:00:03+00:00,-47.54,-63.83,-66.10,-61.59,-63.67,-46.74,-48.90,-62.38,-50.72,-46.71,-49.77,-60.74,-59.75,-52.05,-54.14,-49.45,-59.54,2026-07-21 04:00:03+00:00
2026-07-21T04:01:03+00:00,-47.62,-64.15,-66.07,-61.32,-63.55,-46.68,-48.96,-63.46,-50.87,-46.82,-50.23,-60.75,-60.13,-51.08,-54.24,-49.09,-59.04,2026-07-21 04:01:03+00:00
2026-07-21T04:02:03+00:00,-47.58,-63.92,-65.81,-61.17,-64.03,-46.78,-48.98,-63.07,-50.84,-46.74,-50.01,-60.57,-60.10,-50.56,-54.37,-49.25,-59.03,2026-07-21 04:02:03+00:00
2026-07-21T04:03:04+00:00,-48.48,-64.22,-66.15,-61.23,-63.56,-51.68,-49.10,-63.04,-51.64,-46.64,-49.86,-60.91,-60.31,-50.00,-54.72,-48.97,-59.71,2026-07-21 04:03:04+00:00
2026-07-21T04:04:03+00:00,-48.28,-64.41,-66.08,-61.22,-64.37,-51.55,-49.07,-63.06,-51.89,-46.76,-49.69,-60.97,-59.69,-49.50,-55.09,-49.21,-60.01,2026-07-21 04:04:03+00:00
2026-07-21T04:05:03+00:00,-48.43,-63.44,-65.90,-61.07,-63.58,-51.62,-49.10,-61.05,-51.94,-46.82,-49.80,-61.29,-59.77,-49.07,-55.03,-49.06,-58.56,2026-07-21 04:05:03+00:00
2026-07-21T04:06:04+00:00,-48.39,-62.71,-65.95,-61.30,-62.41,-51.77,-49.41,-63.49,-51.77,-47.11,-49.53,-61.44,-60.26,-48.74,-55.15,-48.87,-59.46,2026-07-21 04:06:04+00:00
2026-07-21T04:07:03+00:00,-48.46,-62.71,-65.69,-61.16,-64.10,-51.79,-49.31,-62.66,-54.98,-47.01,-49.51,-61.28,-59.96,-48.50,-55.09,-49.13,-59.51,2026-07-21 04:07:03+00:00
2026-07-21T04:08:03+00:00,-49.00,-64.10,-65.80,-61.09,-63.49,-51.74,-49.36,-62.91,-54.21,-47.21,-49.72,-62.09,-60.21,-48.25,-55.43,-49.16,-59.33,2026-07-21 04:08:03+00:00
2026-07-21T04:09:04+00:00,-48.58,-63.30,-66.56,-61.33,-64.17,-51.78,-49.13,-62.50,-53.90,-47.05,-49.61,-61.22,-59.72,-48.19,-55.44,-49.27,-59.64,2026-07-21 04:09:04+00:00
2026-07-21T04:10:04+00:00,-48.76,-64.13,-66.31,-61.26,-63.92,-51.89,-49.09,-62.41,-53.83,-47.15,-49.77,-60.89,-59.83,-47.93,-55.81,-49.71,-59.72,2026-07-21 04:10:04+00:00
2026-07-21T04:11:03+00:00,-49.07,-64.62,-66.28,-61.57,-64.07,-51.84,-49.41,-63.03,-53.74,-47.31,-49.75,-61.23,-59.99,-47.80,-56.65,-49.63,-59.99,2026-07-21 04:11:03+00:00
2026-07-21T04:12:04+00:00,-49.40,-64.81,-65.76,-61.43,-64.47,-51.75,-49.37,-61.54,-53.79,-47.29,-49.44,-61.21,-59.90,-47.93,-56.22,-49.79,-59.39,2026-07-21 04:12:04+00:00
2026-07-21T04:13:04+00:00,-49.52,-64.55,-65.99,-61.43,-65.22,-52.03,-49.27,-62.61,-53.56,-47.21,-49.54,-60.68,-60.05,-47.78,-56.87,-50.01,-59.74,2026-07-21 04:13:04+00:00
2026-07-21T04:14:03+00:00,-49.38,-63.26,-65.26,-61.08,-63.62,-51.86,-49.61,-62.20,-53.84,-47.21,-49.67,-61.28,-60.29,-47.48,-57.06,-49.85,-57.31,2026-07-21 04:14:03+00:00
2026-07-21T04:15:03+00:00,-48.44,-63.92,-64.03,-61.27,-63.11,-52.07,-49.31,-62.04,-53.86,-47.31,-49.68,-59.55,-59.86,-47.68,-56.49,-49.87,-56.64,2026-07-21 04:15:03+00:00
2026-07-21T04:16:04+00:00,-49.64,-64.49,-65.61,-61.07,-62.78,-51.52,-49.04,-62.17,-53.37,-47.25,-49.87,-61.18,-59.96,-47.57,-56.76,-49.56,-58.75,2026-07-21 04:16:04+00:00
2026-07-21T04:17:04+00:00,-49.75,-66.57,-68.02,-61.44,-65.79,-51.85,-49.37,-63.92,-53.93,-47.46,-50.21,-62.49,-60.79,-47.57,-56.67,-49.40,-59.28,2026-07-21 04:17:04+00:00
2026-07-21T04:18:03+00:00,-49.65,-67.08,-68.40,-61.39,-66.91,-52.17,-49.57,-64.73,-53.91,-47.66,-49.99,-62.08,-60.74,-47.32,-56.48,-49.21,-59.05,2026-07-21 04:18:03+00:00
2026-07-21T04:19:03+00:00,-48.92,-65.00,-68.66,-61.57,-66.94,-52.16,-49.53,-63.80,-53.84,-47.44,-50.21,-62.40,-60.93,-47.41,-57.57,-49.23,-59.55,2026-07-21 04:19:03+00:00
2026-07-21T04:20:04+00:00,-49.27,-64.91,-67.65,-61.72,-66.91,-52.17,-49.54,-64.02,-54.00,-47.47,-50.19,-61.81,-60.67,-47.67,-57.41,-48.86,-59.71,2026-07-21 04:20:04+00:00
2026-07-21T04:21:04+00:00,-49.14,-65.24,-69.24,-61.04,-65.96,-52.11,-49.57,-63.93,-54.20,-47.45,-50.39,-62.34,-60.83,-47.62,-57.43,-49.16,-59.51,2026-07-21 04:21:04+00:00
2026-07-21T04:22:03+00:00,-49.31,-64.84,-69.20,-60.91,-67.12,-52.18,-49.77,-64.07,-54.37,-47.44,-50.75,-62.47,-60.52,-47.51,-57.24,-48.83,-59.57,2026-07-21 04:22:03+00:00
2026-07-21T04:23:03+00:00,-49.08,-65.51,-68.85,-61.05,-66.71,-52.12,-49.59,-63.42,-55.30,-47.59,-50.80,-62.21,-60.56,-47.75,-57.72,-48.89,-59.48,2026-07-21 04:23:03+00:00
2026-07-21T04:24:04+00:00,-49.03,-64.88,-68.03,-61.47,-65.89,-52.09,-49.31,-60.93,-51.70,-47.89,-50.48,-61.91,-60.32,-47.69,-57.89,-49.08,-59.33,2026-07-21 04:24:04+00:00
2026-07-21T04:25:03+00:00,-49.16,-65.11,-68.85,-61.12,-67.25,-52.10,-49.45,-63.12,-51.83,-47.67,-51.03,-61.96,-60.55,-47.93,-57.66,-48.95,-59.96,2026-07-21 04:25:03+00:00
2026-07-21T04:26:03+00:00,-49.13,-63.27,-62.79,-61.25,-65.98,-52.27,-49.38,-61.52,-51.73,-47.66,-51.15,-61.03,-60.33,-47.72,-57.96,-48.87,-58.08,2026-07-21 04:26:03+00:00
2026-07-21T04:27:04+00:00,-49.42,-65.69,-68.96,-61.21,-66.87,-52.09,-49.09,-63.31,-51.73,-47.58,-51.25,-61.51,-60.60,-48.05,-58.07,-49.24,-59.54,2026-07-21 04:27:04+00:00
2026-07-21T04:28:04+00:00,-49.65,-65.07,-69.30,-61.21,-66.34,-51.77,-48.88,-63.92,-51.87,-47.78,-51.32,-61.32,-59.76,-47.87,-58.18,-49.03,-60.48,2026-07-21 04:28:04+00:00
2026-07-21T04:29:03+00:00,-49.48,-65.20,-69.02,-61.30,-66.51,-51.94,-49.39,-63.49,-51.76,-47.74,-51.25,-61.35,-60.03,-47.92,-58.05,-48.99,-60.19,2026-07-21 04:29:03+00:00
2026-07-21T04:30:03+00:00,-49.23,-65.94,-69.54,-61.11,-66.08,-52.10,-49.69,-63.40,-51.47,-47.71,-51.20,-61.29,-60.53,-48.10,-57.58,-49.14,-60.26,2026-07-21 04:30:03+00:00
2026-07-21T04:31:05+00:00,-50.14,-64.14,-68.73,-61.14,-66.51,-52.36,-49.38,-63.07,-52.22,-47.74,-51.11,-61.13,-60.28,-47.93,-58.05,-49.22,-60.02,2026-07-21 04:31:05+00:00
2026-07-21T04:32:03+00:00,-49.80,-64.80,-68.76,-61.39,-66.40,-52.28,-49.02,-63.10,-52.08,-47.88,-51.20,-61.02,-60.40,-48.05,-58.27,-49.18,-60.28,2026-07-21 04:32:03+00:00
2026-07-21T04:33:03+00:00,-48.57,-63.94,-67.80,-60.92,-65.83,-51.98,-48.95,-62.43,-50.40,-47.77,-51.21,-60.81,-60.13,-48.29,-58.48,-49.23,-56.27,2026-07-21 04:33:03+00:00
2026-07-21T04:34:04+00:00,-48.23,-65.25,-67.45,-61.43,-66.44,-52.15,-49.36,-62.93,-50.70,-47.87,-51.23,-60.84,-60.18,-48.17,-57.85,-48.98,-55.66,2026-07-21 04:34:04+00:00
2026-07-21T04:35:04+00:00,-47.94,-65.19,-68.85,-61.41,-66.83,-52.19,-49.07,-63.40,-51.24,-48.01,-51.54,-60.93,-60.45,-48.29,-58.48,-49.29,-60.48,2026-07-21 04:35:04+00:00
2026-07-21T04:36:03+00:00,-48.36,-65.34,-68.99,-61.44,-66.34,-51.80,-49.37,-62.11,-50.61,-47.91,-51.27,-60.99,-60.47,-48.17,-58.47,-49.25,-59.82,2026-07-21 04:36:03+00:00
2026-07-21T04:37:04+00:00,-48.01,-64.76,-68.05,-61.14,-66.67,-51.99,-48.99,-62.60,-49.12,-47.92,-51.53,-60.81,-59.97,-48.07,-58.17,-49.00,-59.44,2026-07-21 04:37:04+00:00
2026-07-21T04:38:03+00:00,-47.99,-64.24,-67.66,-61.36,-65.93,-52.20,-45.44,-63.50,-49.09,-47.89,-51.65,-60.91,-60.04,-48.18,-58.04,-49.14,-59.32,2026-07-21 04:38:03+00:00
2026-07-21T04:39:03+00:00,-48.26,-64.50,-68.25,-61.60,-66.10,-52.25,-49.48,-63.14,-50.89,-48.03,-51.86,-60.62,-60.25,-48.19,-58.59,-48.93,-58.71,2026-07-21 04:39:03+00:00
2026-07-21T04:40:03+00:00,-47.91,-64.88,-68.29,-61.45,-65.96,-51.70,-49.36,-63.07,-50.69,-47.99,-51.91,-60.84,-59.58,-47.96,-58.34,-49.21,-56.64,2026-07-21 04:40:03+00:00
2026-07-21T04:41:04+00:00,-48.10,-64.19,-69.41,-61.41,-66.80,-48.88,-49.13,-64.32,-50.67,-48.04,-52.18,-61.02,-60.19,-48.24,-58.16,-49.29,-59.58,2026-07-21 04:41:04+00:00
2026-07-21T04:42:04+00:00,-44.82,-65.45,-69.44,-60.98,-66.43,-50.59,-49.84,-64.64,-50.57,-48.06,-52.23,-60.81,-60.42,-48.06,-58.72,-49.46,-59.90,2026-07-21 04:42:04+00:00
2026-07-21T04:43:03+00:00,-48.14,-65.53,-68.17,-60.81,-67.22,-50.63,-49.30,-64.25,-50.68,-47.83,-52.24,-60.80,-60.05,-48.00,-58.29,-49.49,-59.62,2026-07-21 04:43:03+00:00
2026-07-21T04:44:04+00:00,-48.08,-65.06,-68.11,-61.10,-66.54,-49.09,-49.55,-63.91,-50.50,-48.07,-52.32,-60.82,-60.16,-47.63,-58.24,-49.65,-58.69,2026-07-21 04:44:04+00:00
2026-07-21T04:45:04+00:00,-48.20,-65.55,-68.91,-61.30,-66.80,-49.21,-49.35,-63.58,-50.62,-47.83,-52.51,-60.81,-60.24,-47.88,-58.36,-49.80,-59.70,2026-07-21 04:45:04+00:00
2026-07-21T04:46:03+00:00,-47.79,-64.54,-69.40,-61.03,-66.24,-49.12,-49.71,-63.36,-50.52,-48.11,-52.55,-60.89,-60.17,-47.92,-58.37,-49.76,-58.88,2026-07-21 04:46:03+00:00
2026-07-21T04:47:03+00:00,-47.82,-65.08,-69.38,-60.88,-67.32,-49.18,-49.34,-64.01,-50.61,-47.91,-52.61,-60.90,-60.22,-47.75,-58.40,-49.94,-58.45,2026-07-21 04:47:03+00:00
2026-07-21T04:48:04+00:00,-49.93,-64.68,-67.84,-61.40,-66.38,-48.85,-49.65,-62.08,-51.76,-48.07,-52.19,-60.79,-59.96,-47.58,-58.93,-49.94,-59.20,2026-07-21 04:48:04+00:00
2026-07-21T04:49:04+00:00,-50.81,-65.14,-68.48,-60.96,-66.60,-48.85,-49.74,-64.03,-51.54,-48.11,-52.84,-60.61,-59.93,-47.56,-58.78,-50.04,-59.32,2026-07-21 04:49:04+00:00
2026-07-21T04:50:04+00:00,-50.49,-65.42,-69.46,-61.10,-66.47,-48.91,-49.48,-63.92,-51.67,-48.09,-53.00,-61.04,-59.86,-47.49,-58.70,-50.12,-59.53,2026-07-21 04:50:04+00:00
2026-07-21T04:51:04+00:00,-50.78,-66.00,-69.19,-61.10,-66.23,-49.10,-49.70,-64.04,-51.58,-48.14,-53.04,-60.74,-60.09,-47.52,-58.52,-50.20,-59.86,2026-07-21 04:51:04+00:00
2026-07-21T04:52:04+00:00,-51.26,-64.24,-69.04,-60.80,-67.30,-48.63,-49.77,-63.88,-54.18,-48.09,-52.93,-60.51,-59.60,-47.56,-58.30,-50.07,-59.58,2026-07-21 04:52:04+00:00
2026-07-21T04:53:03+00:00,-51.33,-65.50,-69.08,-60.99,-65.87,-48.72,-50.17,-63.87,-54.32,-48.19,-53.23,-60.62,-59.62,-47.52,-58.25,-50.50,-59.56,2026-07-21 04:53:03+00:00
2026-07-21T04:54:03+00:00,-51.59,-65.17,-68.86,-60.84,-66.00,-48.89,-50.06,-63.68,-54.28,-47.99,-53.37,-60.45,-59.92,-47.44,-58.20,-50.38,-58.79,2026-07-21 04:54:03+00:00
2026-07-21T04:55:04+00:00,-51.55,-64.67,-67.68,-60.88,-66.07,-48.61,-49.86,-63.50,-54.12,-47.96,-53.45,-60.32,-59.86,-47.39,-58.43,-50.53,-57.71,2026-07-21 04:55:04+00:00
2026-07-21T04:56:04+00:00,-51.32,-65.88,-69.04,-61.41,-66.53,-49.08,-50.11,-63.67,-54.51,-48.18,-53.67,-60.45,-59.82,-47.18,-58.61,-50.78,-59.41,2026-07-21 04:56:04+00:00
2026-07-21T04:57:03+00:00,-52.03,-66.50,-67.60,-61.33,-66.47,-49.20,-50.33,-63.77,-53.86,-48.22,-53.67,-60.24,-59.51,-47.25,-55.33,-51.29,-58.68,2026-07-21 04:57:03+00:00
2026-07-21T04:58:03+00:00,-51.87,-66.38,-69.36,-60.82,-66.18,-48.58,-49.89,-64.43,-53.83,-48.08,-53.71,-60.63,-59.59,-47.30,-58.59,-50.99,-59.45,2026-07-21 04:58:03+00:00
2026-07-21T04:59:04+00:00,-51.10,-66.02,-67.44,-61.08,-65.96,-48.78,-49.97,-63.67,-53.66,-48.09,-53.96,-60.38,-59.29,-47.18,-58.06,-50.99,-59.26,2026-07-21 04:59:04+00:00
2026-07-21T05:00:04+00:00,-51.59,-64.92,-68.57,-60.78,-66.27,-48.75,-50.22,-62.54,-53.70,-48.09,-53.42,-60.72,-59.40,-47.24,-58.54,-51.03,-58.94,2026-07-21 05:00:04+00:00
2026-07-21T05:01:04+00:00,-51.06,-64.37,-66.22,-60.76,-66.98,-48.61,-50.59,-62.35,-53.49,-48.08,-54.15,-60.20,-59.36,-47.25,-58.20,-50.99,-56.96,2026-07-21 05:01:04+00:00
2026-07-21T05:02:04+00:00,-50.97,-65.40,-67.89,-61.24,-66.07,-48.68,-50.62,-64.13,-53.98,-48.13,-54.09,-60.33,-59.51,-47.21,-58.32,-51.28,-59.35,2026-07-21 05:02:04+00:00
2026-07-21T05:03:03+00:00,-51.22,-64.92,-67.71,-61.20,-67.03,-48.47,-49.90,-64.76,-53.84,-48.11,-54.18,-60.18,-59.32,-47.19,-58.72,-51.07,-59.03,2026-07-21 05:03:03+00:00
2026-07-21T05:04:03+00:00,-51.37,-64.22,-68.11,-60.81,-65.87,-48.84,-49.69,-64.57,-53.44,-48.03,-54.43,-60.36,-58.65,-47.19,-58.24,-51.35,-57.68,2026-07-21 05:04:03+00:00
2026-07-21T05:05:04+00:00,-52.06,-64.04,-67.88,-61.00,-66.22,-48.78,-49.87,-64.92,-53.53,-48.17,-54.67,-60.28,-59.17,-47.26,-59.13,-51.45,-59.05,2026-07-21 05:05:04+00:00
2026-07-21T05:06:04+00:00,-50.74,-63.61,-66.83,-60.98,-66.28,-49.07,-50.27,-64.23,-54.34,-48.19,-54.45,-60.33,-58.99,-47.35,-58.64,-51.18,-58.51,2026-07-21 05:06:04+00:00
2026-07-21T05:07:03+00:00,-51.76,-66.29,-68.18,-60.66,-66.06,-49.03,-50.47,-64.88,-54.63,-47.88,-54.70,-60.37,-59.26,-47.37,-58.01,-51.19,-59.78,2026-07-21 05:07:03+00:00
2026-07-21T05:08:03+00:00,-51.01,-66.15,-67.46,-60.91,-66.28,-48.74,-50.49,-64.09,-54.00,-48.09,-54.59,-59.81,-58.92,-47.45,-58.34,-51.22,-59.21,2026-07-21 05:08:03+00:00
2026-07-21T05:09:04+00:00,-51.17,-64.22,-65.40,-60.40,-65.58,-48.82,-49.76,-63.59,-51.57,-47.87,-54.96,-59.95,-58.89,-47.40,-58.27,-51.29,-55.23,2026-07-21 05:09:04+00:00
2026-07-21T05:10:04+00:00,-51.66,-65.83,-68.44,-60.93,-66.11,-49.04,-49.96,-65.51,-51.83,-48.12,-54.41,-60.51,-59.09,-47.42,-58.56,-51.43,-59.74,2026-07-21 05:10:04+00:00
2026-07-21T05:11:03+00:00,-49.41,-64.95,-67.42,-60.65,-66.97,-49.04,-49.11,-65.07,-51.65,-48.02,-55.87,-60.32,-59.01,-47.39,-57.45,-51.27,-59.73,2026-07-21 05:11:03+00:00
2026-07-21T05:12:03+00:00,-49.63,-64.62,-68.26,-60.94,-66.06,-48.84,-49.98,-62.21,-51.45,-47.80,-53.96,-60.14,-58.90,-47.43,-58.60,-51.19,-60.00,2026-07-21 05:12:03+00:00
2026-07-21T05:13:04+00:00,-50.48,-66.48,-68.83,-61.09,-66.72,-48.86,-49.24,-64.13,-51.47,-47.85,-54.56,-60.24,-58.96,-47.25,-58.39,-51.00,-60.53,2026-07-21 05:13:04+00:00
2026-07-21T05:14:03+00:00,-49.89,-64.97,-66.74,-60.83,-66.17,-49.17,-49.60,-64.07,-51.99,-47.62,-54.84,-59.85,-58.65,-47.46,-58.05,-50.57,-58.90,2026-07-21 05:14:03+00:00
2026-07-21T05:15:03+00:00,-50.24,-65.00,-68.16,-61.33,-66.90,-48.93,-49.48,-64.75,-51.60,-47.78,-54.57,-59.94,-58.96,-47.35,-58.50,-50.47,-59.86,2026-07-21 05:15:03+00:00
2026-07-21T05:16:04+00:00,-49.97,-65.19,-68.02,-61.04,-66.83,-49.10,-48.72,-64.33,-51.70,-47.85,-54.42,-60.35,-58.53,-47.42,-58.30,-50.22,-59.87,2026-07-21 05:16:04+00:00
2026-07-21T05:17:04+00:00,-49.94,-66.01,-67.49,-60.90,-66.17,-49.04,-48.79,-64.27,-51.49,-47.81,-54.65,-60.21,-58.66,-47.42,-58.53,-49.87,-59.21,2026-07-21 05:17:04+00:00
2026-07-21T05:18:03+00:00,-48.79,-67.02,-68.21,-60.90,-65.85,-49.42,-49.79,-64.62,-50.81,-47.80,-54.84,-60.21,-58.71,-47.45,-58.21,-49.52,-60.05,2026-07-21 05:18:03+00:00
2026-07-21T05:19:03+00:00,-49.13,-66.75,-69.20,-61.08,-66.79,-49.14,-49.69,-65.10,-50.71,-47.90,-55.46,-60.37,-58.80,-47.72,-58.78,-49.36,-60.35,2026-07-21 05:19:03+00:00
2026-07-21T05:20:04+00:00,-48.85,-65.37,-68.13,-60.72,-66.61,-49.24,-49.09,-64.56,-50.89,-47.81,-55.30,-60.08,-58.60,-47.49,-58.98,-49.07,-60.00,2026-07-21 05:20:04+00:00
2026-07-21T05:21:04+00:00,-48.89,-63.52,-67.68,-60.82,-66.41,-49.15,-49.57,-65.08,-50.83,-47.77,-55.38,-60.16,-58.50,-47.62,-58.74,-48.68,-58.67,2026-07-21 05:21:04+00:00
2026-07-21T05:22:03+00:00,-49.24,-66.64,-68.79,-60.61,-65.59,-49.32,-48.59,-64.97,-48.91,-47.82,-55.33,-60.42,-58.74,-47.88,-58.92,-48.42,-60.28,2026-07-21 05:22:03+00:00
2026-07-21T05:23:03+00:00,-49.10,-65.26,-66.82,-61.04,-66.47,-49.41,-49.21,-64.01,-49.05,-47.87,-55.18,-59.95,-58.38,-47.83,-58.61,-48.16,-58.73,2026-07-21 05:23:03+00:00
2026-07-21T05:24:04+00:00,-48.61,-65.45,-68.39,-60.80,-65.25,-49.27,-49.32,-63.33,-50.51,-48.07,-54.21,-60.27,-58.47,-47.94,-58.94,-48.11,-59.64,2026-07-21 05:24:04+00:00
2026-07-21T05:25:04+00:00,-48.83,-65.44,-67.37,-60.57,-65.74,-49.55,-49.47,-64.38,-50.59,-47.85,-55.35,-60.17,-58.47,-47.88,-58.67,-47.92,-58.11,2026-07-21 05:25:04+00:00
2026-07-21T05:26:04+00:00,-48.72,-62.14,-67.67,-60.34,-66.22,-49.35,-48.88,-64.79,-50.71,-47.88,-55.24,-60.29,-58.34,-47.97,-58.43,-48.05,-58.13,2026-07-21 05:26:04+00:00
2026-07-21T05:27:03+00:00,-49.17,-66.03,-67.71,-60.93,-65.36,-49.53,-49.15,-64.23,-50.64,-47.66,-55.30,-60.16,-58.35,-48.03,-57.97,-47.76,-59.93,2026-07-21 05:27:03+00:00
2026-07-21T05:28:03+00:00,-49.09,-65.08,-66.03,-60.88,-67.07,-48.86,-48.68,-63.53,-50.63,-47.64,-55.33,-60.15,-58.03,-47.91,-58.97,-47.61,-59.57,2026-07-21 05:28:03+00:00
2026-07-21T05:29:03+00:00,-48.39,-65.88,-68.16,-60.89,-66.33,-49.27,-48.92,-64.16,-50.67,-47.65,-55.37,-60.57,-58.43,-48.27,-58.76,-47.48,-59.91,2026-07-21 05:29:03+00:00
2026-07-21T05:30:04+00:00,-48.65,-64.04,-67.86,-60.58,-67.06,-49.26,-49.15,-63.48,-50.71,-47.31,-55.45,-60.54,-58.33,-48.14,-58.29,-47.59,-58.37,2026-07-21 05:30:04+00:00
2026-07-21T05:31:04+00:00,-48.91,-64.58,-67.52,-60.73,-66.22,-49.23,-49.13,-64.32,-50.53,-47.36,-55.43,-60.17,-58.31,-48.10,-58.31,-47.39,-59.65,2026-07-21 05:31:04+00:00
2026-07-21T05:32:04+00:00,-48.54,-65.20,-67.80,-60.73,-65.81,-49.21,-48.77,-65.08,-50.67,-47.30,-53.73,-60.68,-58.17,-48.03,-58.32,-47.07,-60.11,2026-07-21 05:32:04+00:00
2026-07-21T05:33:03+00:00,-51.28,-65.31,-67.56,-60.69,-66.47,-49.31,-49.57,-63.45,-51.55,-47.47,-55.39,-60.56,-58.32,-48.25,-59.02,-47.24,-59.86,2026-07-21 05:33:03+00:00
2026-07-21T05:34:03+00:00,-51.89,-63.60,-65.91,-60.17,-66.23,-49.62,-48.94,-63.35,-51.12,-47.26,-55.30,-60.12,-58.06,-48.22,-58.23,-46.69,-58.24,2026-07-21 05:34:03+00:00
2026-07-21T05:35:04+00:00,-51.61,-63.86,-67.10,-60.23,-66.00,-49.31,-49.00,-63.68,-51.32,-47.20,-55.27,-60.40,-58.28,-48.22,-58.32,-46.50,-58.77,2026-07-21 05:35:04+00:00
2026-07-21T05:36:04+00:00,-50.42,-64.67,-67.07,-60.62,-66.35,-49.25,-49.08,-62.79,-51.34,-47.23,-54.37,-60.53,-58.13,-48.36,-58.83,-46.56,-59.69,2026-07-21 05:36:04+00:00
2026-07-21T05:37:03+00:00,-51.43,-65.34,-67.59,-60.50,-65.48,-49.48,-49.07,-64.45,-53.85,-47.09,-55.25,-60.26,-58.05,-48.35,-59.65,-46.39,-60.05,2026-07-21 05:37:03+00:00
2026-07-21T05:38:03+00:00,-50.99,-64.82,-66.62,-60.84,-66.44,-49.31,-49.17,-63.69,-53.84,-47.12,-55.06,-60.13,-58.17,-48.31,-59.06,-46.23,-59.33,2026-07-21 05:38:03+00:00
2026-07-21T05:39:04+00:00,-51.25,-62.19,-66.31,-60.65,-66.52,-49.43,-48.80,-63.35,-54.16,-46.90,-54.09,-59.99,-58.02,-48.28,-58.51,-46.22,-59.93,2026-07-21 05:39:04+00:00
2026-07-21T05:40:04+00:00,-51.00,-66.00,-67.42,-60.39,-66.05,-49.28,-48.78,-64.16,-54.45,-46.80,-55.03,-60.15,-57.64,-48.36,-58.43,-46.28,-59.45,2026-07-21 05:40:04+00:00
2026-07-21T05:41:03+00:00,-52.23,-65.29,-67.21,-60.62,-66.77,-49.49,-49.14,-64.46,-54.21,-46.85,-56.48,-60.35,-56.83,-48.38,-58.71,-46.17,-59.87,2026-07-21 05:41:03+00:00
2026-07-21T05:42:03+00:00,-51.41,-63.63,-66.58,-60.46,-66.69,-49.30,-48.77,-64.15,-54.86,-46.66,-56.60,-60.38,-56.77,-48.43,-58.72,-46.06,-59.21,2026-07-21 05:42:03+00:00
2026-07-21T05:43:04+00:00,-51.88,-63.52,-66.41,-60.07,-66.07,-51.61,-49.08,-63.55,-54.31,-46.62,-56.70,-60.32,-56.83,-48.42,-58.64,-45.83,-58.69,2026-07-21 05:43:04+00:00
2026-07-21T05:44:04+00:00,-51.56,-64.81,-66.83,-60.43,-65.59,-51.55,-48.48,-63.74,-53.66,-46.64,-56.19,-60.44,-56.91,-48.17,-58.17,-45.87,-59.29,2026-07-21 05:44:04+00:00
2026-07-21T05:45:03+00:00,-51.13,-64.10,-57.57,-60.27,-65.85,-51.58,-48.43,-57.29,-54.38,-46.19,-55.00,-60.31,-56.85,-48.19,-58.03,-45.74,-58.80,2026-07-21 05:45:03+00:00
2026-07-21T05:46:03+00:00,-50.80,-63.49,-57.71,-60.11,-66.85,-51.57,-48.04,-57.21,-54.08,-46.54,-53.85,-60.05,-56.66,-48.28,-58.12,-45.75,-58.63,2026-07-21 05:46:03+00:00
2026-07-21T05:47:04+00:00,-51.12,-62.97,-57.45,-59.96,-66.43,-51.52,-48.00,-57.57,-53.79,-46.72,-53.81,-60.09,-57.19,-48.23,-58.10,-45.58,-58.78,2026-07-21 05:47:04+00:00
2026-07-21T05:48:04+00:00,-51.79,-63.22,-64.15,-58.12,-65.59,-51.23,-48.21,-47.71,-53.60,-46.75,-53.99,-59.86,-56.98,-48.13,-58.42,-45.66,-53.58,2026-07-21 05:48:04+00:00
2026-07-21T05:49:03+00:00,-52.02,-60.67,-63.29,-58.14,-66.05,-51.42,-48.07,-47.77,-53.48,-46.60,-54.00,-59.65,-56.10,-48.15,-58.30,-45.38,-53.86,2026-07-21 05:49:03+00:00
2026-07-21T05:50:04+00:00,-50.55,-63.47,-64.75,-58.33,-65.80,-51.40,-48.02,-47.82,-53.86,-46.74,-55.15,-59.61,-57.18,-48.30,-58.30,-45.34,-53.88,2026-07-21 05:50:04+00:00
2026-07-21T05:51:04+00:00,-50.85,-63.45,-62.03,-59.02,-65.25,-51.16,-48.14,-52.45,-53.86,-46.84,-53.70,-59.39,-57.03,-48.31,-58.64,-45.21,-53.75,2026-07-21 05:51:04+00:00
2026-07-21T05:52:04+00:00,-51.60,-62.86,-62.62,-59.71,-65.86,-50.92,-48.33,-61.79,-53.82,-47.23,-55.27,-59.70,-56.48,-48.61,-57.98,-45.16,-53.77,2026-07-21 05:52:04+00:00
2026-07-21T05:53:03+00:00,-51.81,-62.17,-62.98,-59.79,-65.87,-51.24,-48.47,-61.14,-54.17,-47.12,-55.22,-59.82,-56.83,-48.51,-57.86,-45.10,-54.57,2026-07-21 05:53:03+00:00
2026-07-21T05:54:03+00:00,-51.89,-63.79,-63.39,-60.41,-65.58,-51.29,-48.45,-60.79,-51.26,-47.10,-54.92,-60.20,-56.99,-48.62,-57.53,-45.01,-53.84,2026-07-21 05:54:03+00:00
2026-07-21T05:55:04+00:00,-51.80,-62.37,-62.56,-59.84,-66.35,-51.28,-48.56,-61.06,-51.25,-47.05,-54.74,-59.67,-56.73,-48.59,-58.07,-44.88,-53.84,2026-07-21 05:55:04+00:00
2026-07-21T05:56:04+00:00,-51.21,-62.64,-54.82,-59.55,-66.31,-51.32,-47.78,-60.01,-51.35,-47.11,-56.15,-59.93,-56.91,-48.90,-58.65,-44.71,-53.78,2026-07-21 05:56:04+00:00
2026-07-21T05:57:03+00:00,-51.82,-64.25,-63.88,-59.61,-65.82,-51.43,-47.75,-52.28,-51.54,-47.16,-56.08,-60.48,-56.92,-48.54,-58.27,-44.59,-58.85,2026-07-21 05:57:03+00:00
2026-07-21T05:58:03+00:00,-51.82,-63.95,-61.86,-60.03,-64.69,-51.19,-48.17,-62.82,-50.80,-47.13,-56.05,-60.28,-55.98,-49.11,-57.57,-44.48,-58.92,2026-07-21 05:58:03+00:00
2026-07-21T05:59:04+00:00,-51.81,-62.83,-63.09,-59.78,-66.33,-51.39,-48.22,-61.80,-51.23,-46.90,-55.93,-60.08,-56.66,-49.22,-58.06,-44.27,-58.65,2026-07-21 05:59:04+00:00
2026-07-21T06:00:04+00:00,-51.90,-63.25,-65.33,-60.22,-66.40,-51.19,-48.62,-61.19,-51.23,-46.97,-54.52,-60.43,-56.93,-48.97,-58.66,-44.30,-57.14,2026-07-21 06:00:04+00:00
2026-07-21T06:01:05+00:00,-52.37,-63.65,-64.95,-59.85,-66.32,-51.52,-48.69,-62.06,-51.31,-46.94,-54.88,-60.30,-56.93,-49.15,-58.65,-44.21,-57.29,2026-07-21 06:01:05+00:00
2026-07-21T06:02:04+00:00,-52.06,-62.88,-65.49,-59.65,-66.65,-51.34,-48.79,-62.57,-51.43,-46.83,-55.37,-60.09,-56.80,-49.21,-58.67,-44.22,-58.75,2026-07-21 06:02:04+00:00
2026-07-21T06:03:03+00:00,-49.08,-62.92,-59.37,-58.70,-65.84,-51.00,-48.03,-62.51,-49.72,-46.81,-55.58,-59.80,-55.05,-49.48,-57.67,-44.15,-58.75,2026-07-21 06:03:03+00:00
2026-07-21T06:04:04+00:00,-49.15,-61.95,-55.57,-58.90,-65.25,-50.96,-47.46,-59.96,-50.44,-46.87,-55.49,-60.11,-56.51,-49.62,-58.42,-44.35,-58.32,2026-07-21 06:04:04+00:00
2026-07-21T06:05:04+00:00,-48.91,-59.65,-53.20,-59.00,-65.87,-51.09,-47.48,-60.85,-49.95,-46.65,-55.27,-57.87,-55.31,-49.40,-53.00,-44.38,-56.73,2026-07-21 06:05:04+00:00
2026-07-21T06:06:04+00:00,-49.19,-62.89,-56.71,-59.33,-66.17,-50.01,-48.05,-62.18,-49.19,-46.73,-55.21,-59.35,-53.77,-49.60,-57.00,-44.43,-53.32,2026-07-21 06:06:04+00:00
2026-07-21T06:07:03+00:00,-49.13,-62.27,-60.07,-58.36,-65.92,-49.72,-48.29,-61.55,-48.08,-46.64,-54.98,-59.95,-54.07,-49.33,-56.90,-44.51,-53.30,2026-07-21 06:07:03+00:00
2026-07-21T06:08:03+00:00,-49.19,-62.38,-62.98,-58.56,-66.21,-48.64,-48.22,-60.62,-48.70,-46.74,-55.45,-60.16,-56.55,-49.39,-57.20,-44.82,-54.79,2026-07-21 06:08:03+00:00
2026-07-21T06:09:04+00:00,-48.96,-62.84,-64.05,-59.31,-66.43,-48.68,-48.30,-61.61,-50.36,-46.65,-55.27,-60.43,-56.54,-49.49,-57.59,-44.61,-53.45,2026-07-21 06:09:04+00:00
2026-07-21T06:10:04+00:00,-49.13,-63.23,-64.66,-59.11,-65.50,-48.77,-48.04,-61.75,-50.32,-46.71,-55.05,-60.73,-56.42,-49.18,-57.62,-44.68,-53.45,2026-07-21 06:10:04+00:00
2026-07-21T06:11:03+00:00,-48.80,-61.69,-62.19,-58.84,-66.36,-48.71,-47.54,-54.37,-50.21,-46.61,-55.13,-59.74,-56.59,-49.52,-57.05,-44.62,-53.45,2026-07-21 06:11:03+00:00
2026-07-21T06:12:04+00:00,-48.20,-61.26,-62.97,-58.40,-65.96,-48.61,-47.70,-51.20,-50.33,-46.83,-54.03,-59.99,-56.40,-48.81,-57.49,-44.89,-53.43,2026-07-21 06:12:04+00:00
2026-07-21T06:13:04+00:00,-49.31,-63.23,-61.17,-58.97,-65.98,-48.82,-48.28,-61.70,-49.79,-46.60,-55.11,-60.49,-55.21,-49.28,-57.06,-44.62,-53.32,2026-07-21 06:13:04+00:00
2026-07-21T06:14:03+00:00,-48.90,-62.56,-62.55,-58.70,-65.91,-48.81,-48.01,-60.80,-50.10,-46.75,-55.05,-60.30,-56.19,-49.36,-56.80,-44.70,-53.33,2026-07-21 06:14:03+00:00
2026-07-21T06:15:03+00:00,-48.90,-63.27,-63.11,-58.30,-66.49,-48.78,-48.30,-60.72,-50.06,-46.85,-54.27,-60.45,-56.19,-49.51,-56.75,-44.72,-53.35,2026-07-21 06:15:03+00:00
2026-07-21T06:16:04+00:00,-49.04,-61.74,-63.97,-58.85,-65.71,-48.51,-47.73,-61.12,-50.24,-46.67,-54.86,-60.66,-56.13,-49.59,-57.18,-44.80,-54.79,2026-07-21 06:16:04+00:00
2026-07-21T06:17:03+00:00,-48.93,-62.20,-64.66,-58.55,-66.01,-48.82,-48.07,-62.20,-50.22,-46.54,-55.18,-60.89,-56.32,-49.82,-57.27,-44.62,-53.59,2026-07-21 06:17:03+00:00
2026-07-21T06:18:03+00:00,-51.69,-60.80,-65.02,-57.71,-66.30,-49.03,-48.37,-61.91,-51.27,-46.66,-55.11,-60.79,-56.32,-49.70,-57.19,-44.53,-53.40,2026-07-21 06:18:03+00:00
2026-07-21T06:19:04+00:00,-51.56,-62.81,-65.41,-58.39,-65.39,-49.21,-48.26,-62.67,-51.23,-46.66,-55.05,-60.88,-56.30,-49.74,-56.17,-44.71,-53.66,2026-07-21 06:19:04+00:00
2026-07-21T06:20:04+00:00,-51.13,-61.80,-63.09,-57.89,-66.10,-49.18,-47.47,-53.27,-51.11,-46.73,-54.53,-60.15,-56.41,-49.39,-57.44,-44.58,-57.07,2026-07-21 06:20:04+00:00
2026-07-21T06:21:03+00:00,-51.57,-62.66,-63.85,-58.17,-65.86,-49.16,-47.27,-51.04,-52.95,-46.57,-54.80,-60.71,-56.36,-49.03,-57.56,-44.63,-58.41,2026-07-21 06:21:03+00:00
2026-07-21T06:22:03+00:00,-51.30,-62.54,-52.75,-58.27,-65.53,-49.02,-47.61,-60.32,-53.60,-46.51,-54.57,-58.62,-56.30,-49.64,-57.38,-44.68,-57.24,2026-07-21 06:22:03+00:00
2026-07-21T06:23:04+00:00,-51.83,-63.12,-50.34,-58.63,-66.39,-49.12,-47.60,-61.43,-53.67,-46.48,-54.73,-58.16,-56.07,-49.68,-57.95,-44.63,-58.39,2026-07-21 06:23:04+00:00
2026-07-21T06:24:04+00:00,-51.60,-62.82,-50.95,-58.42,-65.44,-49.09,-47.52,-60.85,-53.25,-46.72,-53.96,-55.66,-55.66,-49.89,-57.41,-44.46,-57.52,2026-07-21 06:24:04+00:00
2026-07-21T06:25:03+00:00,-52.35,-63.26,-62.69,-58.63,-67.01,-49.08,-48.09,-61.18,-53.11,-46.62,-54.80,-55.39,-56.15,-49.71,-56.84,-44.51,-58.68,2026-07-21 06:25:03+00:00
2026-07-21T06:26:03+00:00,-51.67,-62.51,-64.43,-58.92,-65.70,-49.21,-48.13,-61.04,-53.87,-46.30,-54.94,-60.96,-56.17,-49.95,-57.41,-44.52,-58.17,2026-07-21 06:26:03+00:00
2026-07-21T06:27:04+00:00,-51.29,-63.62,-65.18,-59.38,-65.94,-49.04,-48.50,-61.33,-54.09,-46.31,-54.95,-60.71,-56.46,-49.80,-57.65,-44.36,-57.82,2026-07-21 06:27:04+00:00
2026-07-21T06:28:04+00:00,-51.33,-63.77,-66.00,-59.44,-65.33,-49.04,-47.93,-62.70,-54.18,-46.33,-55.27,-61.37,-56.21,-50.01,-57.07,-44.50,-58.12,2026-07-21 06:28:04+00:00
2026-07-21T06:29:03+00:00,-51.43,-63.36,-65.56,-58.85,-65.75,-49.34,-48.44,-63.56,-54.21,-46.47,-55.33,-61.29,-56.36,-49.99,-57.42,-44.36,-58.71,2026-07-21 06:29:03+00:00
2026-07-21T06:30:04+00:00,-51.25,-64.25,-66.16,-59.12,-66.76,-49.22,-48.55,-63.51,-53.95,-46.35,-55.31,-61.56,-56.29,-50.18,-57.56,-44.49,-58.83,2026-07-21 06:30:04+00:00
2026-07-21T06:31:04+00:00,-50.63,-64.46,-65.69,-58.88,-65.94,-49.44,-48.59,-63.12,-53.97,-46.48,-55.32,-61.55,-56.32,-50.12,-57.56,-44.37,-59.41,2026-07-21 06:31:04+00:00
2026-07-21T06:32:04+00:00,-50.51,-64.28,-66.83,-59.48,-66.38,-49.19,-48.69,-63.88,-53.98,-46.45,-55.44,-61.81,-56.27,-50.40,-57.81,-44.36,-59.52,2026-07-21 06:32:04+00:00
2026-07-21T06:33:03+00:00,-49.96,-63.45,-64.74,-59.32,-65.69,-49.21,-48.94,-62.82,-53.87,-46.44,-55.64,-61.53,-56.19,-50.42,-57.92,-44.44,-57.71,2026-07-21 06:33:03+00:00
2026-07-21T06:34:04+00:00,-50.97,-63.89,-66.25,-59.53,-67.09,-49.49,-47.75,-63.71,-54.27,-46.53,-55.17,-61.77,-56.28,-50.52,-57.55,-44.54,-58.58,2026-07-21 06:34:04+00:00
2026-07-21T06:35:04+00:00,-51.86,-63.22,-62.52,-59.16,-65.76,-49.38,-47.70,-53.36,-53.87,-46.43,-55.23,-58.71,-56.06,-50.23,-57.52,-44.30,-57.90,2026-07-21 06:35:04+00:00
2026-07-21T06:36:04+00:00,-51.70,-64.12,-56.99,-59.38,-65.90,-49.26,-47.86,-56.99,-54.13,-46.57,-54.75,-59.94,-55.96,-50.54,-57.33,-44.33,-58.65,2026-07-21 06:36:04+00:00
2026-07-21T06:37:03+00:00,-50.35,-64.13,-56.92,-59.01,-66.35,-49.29,-47.67,-57.58,-54.46,-46.72,-55.57,-61.24,-56.18,-50.39,-57.30,-44.30,-57.64,2026-07-21 06:37:03+00:00
2026-07-21T06:38:04+00:00,-51.30,-63.65,-66.23,-58.77,-65.88,-49.52,-48.47,-62.73,-53.02,-46.60,-54.92,-61.79,-56.15,-50.42,-57.19,-44.43,-57.76,2026-07-21 06:38:04+00:00
2026-07-21T06:39:04+00:00,-50.49,-64.01,-65.64,-59.17,-66.22,-49.27,-48.46,-61.83,-51.46,-46.47,-54.08,-61.76,-55.91,-50.48,-57.72,-44.16,-57.18,2026-07-21 06:39:04+00:00
2026-07-21T06:40:03+00:00,-50.95,-64.76,-66.68,-58.93,-65.70,-49.25,-48.49,-62.66,-51.43,-46.57,-54.96,-62.13,-55.74,-50.88,-57.91,-44.29,-58.79,2026-07-21 06:40:03+00:00
2026-07-21T06:41:03+00:00,-50.28,-63.02,-64.19,-58.14,-65.72,-49.27,-47.57,-61.51,-51.50,-46.34,-55.47,-61.40,-55.91,-51.01,-57.55,-44.21,-57.56,2026-07-21 06:41:03+00:00
2026-07-21T06:42:04+00:00,-51.43,-63.82,-63.89,-57.53,-65.86,-51.13,-47.62,-50.39,-51.40,-46.25,-55.66,-61.23,-55.92,-50.02,-57.42,-44.33,-58.70,2026-07-21 06:42:04+00:00
2026-07-21T06:43:04+00:00,-51.44,-63.04,-61.94,-58.57,-65.37,-51.03,-47.58,-54.96,-51.40,-46.04,-55.31,-60.77,-55.89,-51.29,-57.52,-44.45,-59.06,2026-07-21 06:43:04+00:00
2026-07-21T06:44:04+00:00,-51.12,-62.97,-60.06,-58.82,-65.88,-51.14,-47.65,-55.95,-51.40,-46.14,-55.83,-61.44,-55.72,-51.63,-57.72,-44.42,-58.47,2026-07-21 06:44:04+00:00
2026-07-21T06:45:03+00:00,-51.21,-63.85,-60.01,-58.94,-66.14,-51.15,-47.64,-56.03,-51.52,-46.08,-55.64,-61.95,-56.18,-51.53,-56.84,-44.53,-58.02,2026-07-21 06:45:03+00:00
2026-07-21T06:46:03+00:00,-51.07,-63.74,-60.14,-58.59,-66.34,-50.93,-47.58,-56.10,-51.47,-45.87,-55.92,-62.33,-55.91,-51.50,-57.09,-44.71,-58.89,2026-07-21 06:46:03+00:00
2026-07-21T06:47:04+00:00,-51.78,-62.53,-59.80,-58.82,-65.63,-51.10,-47.80,-55.93,-51.53,-46.14,-55.63,-61.99,-56.02,-51.51,-57.13,-44.68,-58.45,2026-07-21 06:47:04+00:00
2026-07-21T06:48:04+00:00,-49.47,-63.14,-50.16,-57.81,-65.50,-50.59,-47.51,-60.22,-50.31,-46.02,-54.94,-57.34,-55.56,-51.58,-56.94,-44.80,-58.64,2026-07-21 06:48:04+00:00
2026-07-21T06:49:04+00:00,-49.30,-63.57,-52.52,-58.76,-66.25,-50.70,-47.54,-61.46,-49.92,-45.99,-55.63,-58.54,-55.12,-51.66,-55.01,-44.75,-58.96,2026-07-21 06:49:04+00:00
2026-07-21T06:50:03+00:00,-49.58,-63.12,-57.20,-59.27,-66.05,-50.68,-47.77,-61.88,-49.12,-46.04,-55.63,-61.15,-53.08,-51.21,-56.64,-44.66,-58.88,2026-07-21 06:50:03+00:00
2026-07-21T06:51:03+00:00,-48.87,-62.14,-63.17,-59.07,-66.11,-50.47,-48.25,-60.05,-48.91,-46.08,-54.49,-61.82,-55.84,-51.35,-56.67,-44.72,-58.10,2026-07-21 06:51:03+00:00
2026-07-21T06:52:04+00:00,-48.77,-62.48,-64.23,-58.71,-65.86,-50.46,-47.90,-61.53,-48.88,-45.98,-55.30,-62.26,-55.77,-51.30,-56.55,-44.71,-58.50,2026-07-21 06:52:04+00:00
2026-07-21T06:53:04+00:00,-49.13,-62.24,-64.44,-58.95,-65.77,-51.02,-48.49,-61.55,-49.94,-45.93,-55.43,-62.19,-55.78,-51.29,-56.56,-44.73,-57.42,2026-07-21 06:53:04+00:00
2026-07-21T06:54:03+00:00,-48.84,-62.41,-64.46,-59.03,-65.45,-51.09,-48.51,-61.53,-50.59,-45.92,-55.21,-62.41,-56.00,-51.19,-56.98,-44.58,-58.42,2026-07-21 06:54:03+00:00
2026-07-21T06:55:03+00:00,-49.32,-62.37,-63.98,-57.93,-66.44,-51.07,-48.65,-61.14,-50.40,-45.90,-55.47,-62.22,-55.80,-51.32,-57.03,-44.54,-57.47,2026-07-21 06:55:03+00:00
2026-07-21T06:56:04+00:00,-48.45,-63.17,-63.76,-56.69,-66.13,-51.14,-48.29,-61.00,-50.35,-45.88,-55.07,-61.45,-55.68,-51.39,-56.78,-44.55,-58.41,2026-07-21 06:56:04+00:00
2026-07-21T06:57:04+00:00,-48.54,-63.40,-64.95,-57.00,-65.89,-51.32,-48.51,-62.24,-50.37,-45.96,-55.65,-62.38,-55.85,-51.72,-57.27,-44.40,-58.90,2026-07-21 06:57:04+00:00
2026-07-21T06:58:04+00:00,-48.33,-63.30,-63.87,-56.85,-65.79,-51.02,-48.44,-61.58,-50.40,-45.98,-55.45,-61.88,-55.55,-51.71,-56.93,-44.41,-58.56,2026-07-21 06:58:04+00:00
2026-07-21T06:59:03+00:00,-49.01,-63.10,-59.75,-57.90,-65.73,-50.74,-47.44,-55.89,-50.39,-45.88,-55.82,-61.89,-55.94,-51.64,-56.76,-44.25,-58.79,2026-07-21 06:59:03+00:00
2026-07-21T07:00:03+00:00,-48.95,-63.82,-58.91,-57.94,-65.74,-50.69,-48.33,-60.77,-49.96,-54.39,-54.88,-61.98,-54.97,-52.15,-56.49,-44.29,-59.40,2026-07-21 07:00:03+00:00
2026-07-21T07:01:04+00:00,-49.14,-62.44,-63.11,-57.97,-65.84,-50.96,-48.21,-62.14,-50.30,-59.65,-55.88,-61.52,-55.06,-52.10,-56.93,-44.21,-58.71,2026-07-21 07:01:04+00:00
2026-07-21T07:02:03+00:00,-48.49,-61.95,-63.07,-57.81,-65.87,-51.00,-48.32,-61.43,-50.42,-59.39,-55.87,-61.25,-55.26,-52.03,-56.72,-44.24,-58.51,2026-07-21 07:02:03+00:00
2026-07-21T07:03:04+00:00,-50.28,-62.00,-63.52,-57.62,-65.65,-50.26,-47.72,-60.49,-51.53,-59.18,-55.47,-61.62,-55.82,-52.34,-56.35,-44.17,-57.65,2026-07-21 07:03:04+00:00
2026-07-21T07:04:04+00:00,-50.30,-63.15,-62.00,-56.25,-65.72,-49.99,-47.09,-60.21,-51.40,-59.67,-55.52,-61.06,-55.76,-52.24,-56.61,-44.32,-55.47,2026-07-21 07:04:04+00:00
2026-07-21T07:05:03+00:00,-51.22,-61.03,-59.24,-57.59,-65.46,-50.09,-46.91,-55.42,-49.15,-58.90,-55.54,-60.13,-55.33,-52.16,-56.67,-44.26,-57.51,2026-07-21 07:05:03+00:00
2026-07-21T07:06:03+00:00,-49.76,-61.79,-61.97,-57.61,-66.09,-48.12,-47.75,-60.66,-54.01,-59.37,-55.92,-60.85,-55.59,-52.11,-55.82,-44.28,-55.98,2026-07-21 07:06:03+00:00
2026-07-21T07:07:04+00:00,-51.67,-61.16,-63.10,-57.40,-65.14,-47.25,-47.58,-61.36,-53.50,-59.11,-55.59,-59.78,-55.60,-52.06,-55.49,-44.26,-54.66,2026-07-21 07:07:04+00:00
2026-07-21T07:08:04+00:00,-52.43,-62.79,-62.57,-57.86,-66.38,-47.46,-47.95,-61.78,-53.69,-59.96,-55.77,-60.56,-55.54,-52.51,-56.62,-44.29,-58.26,2026-07-21 07:08:04+00:00
2026-07-21T07:09:03+00:00,-50.75,-62.07,-61.49,-56.90,-65.66,-47.28,-47.77,-61.71,-53.74,-58.92,-54.94,-60.52,-55.74,-52.83,-56.65,-44.54,-55.83,2026-07-21 07:09:03+00:00
2026-07-21T07:10:03+00:00,-50.89,-62.49,-64.15,-58.20,-66.24,-47.39,-47.69,-62.82,-53.73,-60.18,-55.13,-60.68,-56.07,-53.02,-56.25,-44.39,-57.22,2026-07-21 07:10:03+00:00
2026-07-21T07:11:04+00:00,-50.51,-62.95,-58.21,-57.92,-65.52,-47.29,-47.66,-62.11,-51.32,-59.89,-55.05,-60.26,-53.52,-53.25,-56.06,-44.56,-58.36,2026-07-21 07:11:04+00:00
2026-07-21T07:12:04+00:00,-51.33,-62.44,-53.98,-57.91,-66.74,-47.27,-47.51,-58.93,-53.74,-59.66,-53.87,-60.14,-56.12,-53.55,-55.72,-44.62,-58.09,2026-07-21 07:12:04+00:00
2026-07-21T07:13:03+00:00,-50.39,-62.77,-59.59,-57.20,-66.32,-47.56,-47.69,-51.41,-53.72,-58.19,-54.58,-59.66,-55.89,-53.48,-56.80,-44.67,-57.23,2026-07-21 07:13:03+00:00
2026-07-21T07:14:03+00:00,-51.21,-61.87,-63.99,-57.51,-65.76,-47.53,-47.12,-58.43,-54.04,-58.86,-54.43,-60.46,-56.41,-53.82,-56.34,-44.87,-58.36,2026-07-21 07:14:03+00:00
2026-07-21T07:15:04+00:00,-51.36,-63.24,-63.06,-54.53,-65.52,-47.01,-47.54,-48.90,-53.44,-58.38,-55.06,-60.39,-55.94,-53.21,-56.39,-44.83,-57.80,2026-07-21 07:15:04+00:00
2026-07-21T07:16:04+00:00,-50.54,-62.38,-57.19,-57.52,-66.08,-47.24,-47.09,-58.90,-53.87,-59.67,-55.46,-60.04,-55.72,-53.44,-56.51,-44.85,-58.22,2026-07-21 07:16:04+00:00
2026-07-21T07:17:03+00:00,-51.46,-63.32,-51.18,-57.73,-65.90,-47.10,-47.65,-61.01,-53.80,-59.75,-55.54,-59.37,-55.85,-53.16,-57.00,-45.01,-58.83,2026-07-21 07:17:03+00:00
2026-07-21T07:18:03+00:00,-51.22,-61.11,-62.78,-58.03,-65.46,-47.26,-47.73,-60.59,-53.44,-59.41,-56.84,-60.07,-56.11,-53.11,-56.43,-45.18,-55.05,2026-07-21 07:18:03+00:00
2026-07-21T07:19:04+00:00,-51.34,-61.81,-63.50,-57.11,-65.91,-47.19,-48.12,-61.32,-53.83,-59.34,-56.85,-60.02,-56.11,-53.21,-56.70,-45.12,-57.80,2026-07-21 07:19:04+00:00
2026-07-21T07:20:04+00:00,-51.78,-63.10,-63.84,-58.12,-65.87,-47.21,-48.00,-61.28,-54.14,-59.58,-57.47,-60.23,-56.14,-53.40,-56.96,-44.95,-58.39,2026-07-21 07:20:04+00:00
2026-07-21T07:21:03+00:00,-50.96,-63.32,-64.85,-58.34,-66.28,-47.10,-48.10,-62.00,-54.25,-60.09,-57.52,-60.56,-56.24,-53.87,-56.63,-44.96,-58.80,2026-07-21 07:21:03+00:00
2026-07-21T07:22:04+00:00,-50.45,-63.01,-65.03,-57.94,-65.59,-47.11,-48.10,-61.97,-54.55,-60.07,-57.53,-60.68,-56.31,-54.18,-57.02,-45.05,-58.89,2026-07-21 07:22:04+00:00
2026-07-21T07:23:04+00:00,-51.19,-62.91,-62.90,-58.06,-66.01,-47.59,-48.36,-61.54,-51.30,-59.60,-56.82,-59.69,-55.90,-54.06,-56.56,-44.97,-53.64,2026-07-21 07:23:04+00:00
2026-07-21T07:24:04+00:00,-51.04,-62.58,-64.28,-58.55,-66.04,-47.51,-48.47,-60.70,-51.40,-60.17,-56.00,-60.06,-56.02,-54.12,-56.42,-44.94,-58.87,2026-07-21 07:24:04+00:00
2026-07-21T07:25:03+00:00,-50.86,-63.17,-64.18,-58.23,-65.25,-47.93,-48.19,-61.57,-51.45,-59.58,-57.36,-60.20,-56.11,-53.88,-57.00,-44.86,-58.31,2026-07-21 07:25:03+00:00
2026-07-21T07:26:04+00:00,-50.77,-61.27,-63.82,-58.05,-65.86,-48.08,-48.08,-61.02,-51.30,-59.85,-57.61,-60.24,-56.11,-54.55,-56.56,-44.82,-58.63,2026-07-21 07:26:04+00:00
2026-07-21T07:27:04+00:00,-50.94,-62.97,-62.93,-57.84,-66.69,-47.37,-47.48,-52.41,-51.45,-59.09,-57.27,-60.27,-56.09,-53.52,-56.98,-44.75,-58.96,2026-07-21 07:27:04+00:00
2026-07-21T07:28:03+00:00,-51.81,-62.54,-63.26,-58.69,-65.72,-47.74,-47.64,-60.56,-51.03,-60.09,-58.18,-60.68,-55.91,-54.85,-56.43,-44.84,-58.49,2026-07-21 07:28:03+00:00
2026-07-21T07:29:03+00:00,-51.21,-60.89,-60.22,-58.46,-65.35,-47.71,-47.34,-55.74,-51.09,-59.71,-57.98,-60.00,-56.19,-54.81,-56.58,-44.86,-58.15,2026-07-21 07:29:03+00:00
2026-07-21T07:30:04+00:00,-52.35,-62.47,-61.90,-58.13,-65.69,-47.62,-47.93,-55.13,-51.38,-59.70,-56.16,-59.96,-55.97,-55.29,-56.23,-44.79,-58.60,2026-07-21 07:30:04+00:00
2026-07-21T07:31:05+00:00,-50.14,-63.04,-64.46,-58.40,-65.14,-47.58,-48.38,-62.30,-51.21,-60.49,-58.63,-60.04,-56.03,-55.69,-56.38,-44.79,-58.51,2026-07-21 07:31:05+00:00
2026-07-21T07:32:03+00:00,-50.30,-63.27,-64.33,-58.40,-66.03,-47.54,-48.49,-62.57,-51.43,-60.21,-58.31,-60.63,-56.05,-55.94,-56.49,-44.78,-58.14,2026-07-21 07:32:03+00:00
2026-07-21T07:33:04+00:00,-49.05,-62.67,-63.69,-58.10,-65.85,-47.23,-48.58,-62.08,-50.28,-60.31,-58.25,-59.94,-56.35,-55.87,-56.39,-44.89,-57.29,2026-07-21 07:33:04+00:00
2026-07-21T07:34:04+00:00,-49.05,-62.30,-64.15,-58.66,-65.51,-47.10,-48.52,-62.09,-50.23,-60.02,-56.38,-60.51,-56.06,-56.19,-56.45,-44.96,-58.80,2026-07-21 07:34:04+00:00
2026-07-21T07:35:03+00:00,-49.15,-62.51,-63.77,-58.26,-66.09,-47.12,-48.37,-61.91,-50.25,-59.81,-56.58,-60.07,-55.94,-56.44,-56.60,-45.05,-58.63,2026-07-21 07:35:03+00:00
2026-07-21T07:36:03+00:00,-48.95,-62.00,-64.32,-58.07,-65.25,-47.20,-47.88,-60.37,-48.82,-59.34,-55.98,-60.38,-56.20,-56.35,-55.75,-45.09,-57.75,2026-07-21 07:36:03+00:00
2026-07-21T07:37:03+00:00,-49.05,-60.66,-62.23,-55.31,-65.79,-47.00,-47.22,-50.03,-48.67,-58.27,-58.08,-59.76,-55.82,-54.64,-56.84,-45.22,-57.84,2026-07-21 07:37:03+00:00
2026-07-21T07:38:04+00:00,-48.92,-61.37,-56.43,-58.22,-66.81,-47.10,-47.54,-56.56,-50.22,-59.30,-58.08,-59.20,-55.91,-56.68,-56.21,-45.13,-57.27,2026-07-21 07:38:04+00:00
2026-07-21T07:39:04+00:00,-48.66,-61.85,-60.39,-58.20,-66.41,-46.87,-47.38,-55.44,-50.10,-59.40,-57.19,-59.70,-56.16,-56.50,-56.44,-45.11,-58.37,2026-07-21 07:39:04+00:00
2026-07-21T07:40:04+00:00,-48.27,-62.45,-64.32,-58.01,-65.93,-50.53,-47.63,-62.09,-50.29,-59.93,-55.33,-60.17,-56.19,-56.30,-54.22,-45.22,-58.28,2026-07-21 07:40:04+00:00
2026-07-21T07:41:03+00:00,-49.09,-62.58,-65.18,-58.28,-65.62,-50.99,-48.11,-62.25,-50.32,-60.46,-55.50,-60.79,-56.33,-56.02,-54.02,-45.31,-58.31,2026-07-21 07:41:03+00:00
2026-07-21T07:42:04+00:00,-49.03,-62.77,-64.30,-58.20,-65.86,-50.92,-47.86,-62.11,-50.39,-60.00,-55.54,-60.43,-56.35,-56.18,-54.27,-45.44,-58.51,2026-07-21 07:42:04+00:00
2026-07-21T07:43:04+00:00,-48.24,-62.53,-64.46,-58.09,-66.25,-50.83,-47.62,-61.43,-50.39,-60.20,-58.55,-60.70,-56.14,-56.26,-56.07,-45.57,-57.12,2026-07-21 07:43:04+00:00
2026-07-21T07:44:03+00:00,-48.61,-61.75,-51.12,-57.86,-66.04,-50.41,-47.39,-60.49,-49.33,-59.55,-58.16,-57.08,-55.34,-56.35,-55.45,-45.63,-58.23,2026-07-21 07:44:03+00:00
2026-07-21T07:45:03+00:00,-49.14,-63.98,-61.07,-58.15,-65.54,-50.43,-47.78,-61.18,-49.89,-59.84,-59.01,-60.48,-55.59,-56.91,-56.03,-45.27,-57.24,2026-07-21 07:45:03+00:00
2026-07-21T07:46:04+00:00,-48.99,-62.72,-63.55,-57.05,-65.88,-50.65,-48.24,-61.15,-50.32,-59.30,-58.17,-60.10,-56.29,-56.69,-55.73,-45.90,-54.44,2026-07-21 07:46:04+00:00
2026-07-21T07:47:04+00:00,-49.09,-61.49,-63.36,-58.15,-65.67,-51.00,-47.89,-61.00,-50.33,-59.54,-58.17,-59.80,-56.42,-56.60,-56.22,-46.14,-57.80,2026-07-21 07:47:04+00:00
2026-07-21T07:48:03+00:00,-51.75,-62.89,-64.39,-58.26,-66.37,-50.70,-48.55,-61.19,-51.21,-60.15,-56.75,-60.70,-56.38,-56.83,-56.52,-46.21,-58.40,2026-07-21 07:48:03+00:00
2026-07-21T07:49:04+00:00,-51.38,-61.45,-59.66,-58.28,-66.05,-50.92,-47.76,-56.14,-51.38,-59.08,-57.82,-60.34,-56.27,-56.66,-55.96,-46.62,-58.82,2026-07-21 07:49:04+00:00
2026-07-21T07:50:04+00:00,-50.65,-62.28,-61.71,-58.11,-66.03,-50.65,-47.93,-60.03,-50.81,-59.54,-58.03,-60.20,-55.51,-56.52,-56.09,-46.40,-56.49,2026-07-21 07:50:04+00:00
2026-07-21T07:51:03+00:00,-50.56,-62.99,-63.49,-57.29,-65.93,-50.11,-48.57,-61.06,-53.94,-59.84,-57.64,-60.32,-55.99,-56.29,-56.14,-46.56,-57.82,2026-07-21 07:51:03+00:00
2026-07-21T07:52:03+00:00,-51.04,-62.32,-63.36,-57.62,-65.87,-50.47,-47.88,-61.10,-53.47,-59.54,-57.45,-60.20,-56.03,-55.97,-56.66,-46.69,-56.75,2026-07-21 07:52:03+00:00
2026-07-21T07:53:03+00:00,-50.77,-63.41,-63.66,-56.20,-66.94,-50.87,-48.61,-61.73,-53.62,-60.01,-57.61,-60.40,-55.98,-56.71,-56.25,-46.82,-57.53,2026-07-21 07:53:03+00:00
2026-07-21T07:54:04+00:00,-51.09,-62.59,-63.43,-58.09,-60.78,-50.88,-48.39,-61.91,-52.76,-59.63,-57.67,-60.03,-53.47,-57.14,-56.30,-46.97,-58.36,2026-07-21 07:54:04+00:00
2026-07-21T07:55:04+00:00,-50.83,-61.94,-63.64,-57.95,-62.65,-51.01,-48.22,-61.70,-53.17,-50.61,-57.56,-60.29,-55.67,-57.01,-56.25,-47.29,-57.74,2026-07-21 07:55:04+00:00
2026-07-21T07:56:03+00:00,-50.95,-63.09,-60.89,-58.35,-66.39,-50.83,-47.56,-55.68,-53.70,-46.86,-57.26,-60.24,-57.68,-57.40,-56.47,-47.19,-58.34,2026-07-21 07:56:03+00:00
2026-07-21T07:57:03+00:00,-50.65,-61.17,-62.08,-58.26,-66.18,-50.67,-47.62,-61.02,-53.39,-46.04,-57.65,-60.43,-56.45,-57.40,-56.03,-47.38,-57.40,2026-07-21 07:57:03+00:00
2026-07-21T07:58:04+00:00,-51.58,-61.38,-63.73,-58.49,-64.72,-50.97,-47.98,-62.11,-53.49,-45.78,-57.81,-60.60,-56.52,-57.27,-56.44,-47.25,-56.21,2026-07-21 07:58:04+00:00
2026-07-21T07:59:03+00:00,-51.35,-63.21,-63.81,-58.45,-65.48,-50.80,-48.24,-61.96,-53.74,-45.68,-57.68,-60.24,-56.72,-57.46,-56.73,-47.35,-58.40,2026-07-21 07:59:03+00:00
2026-07-21T08:00:03+00:00,-51.04,-62.22,-64.63,-58.44,-65.66,-50.73,-48.07,-61.22,-53.41,-45.62,-56.03,-60.88,-56.85,-56.72,-56.57,-47.30,-58.58,2026-07-21 08:00:03+00:00
2026-07-21T08:01:04+00:00,-50.91,-62.09,-64.35,-57.11,-65.90,-51.00,-47.27,-48.33,-53.66,-45.64,-57.48,-60.84,-56.67,-57.08,-56.53,-47.07,-58.23,2026-07-21 08:01:04+00:00
2026-07-21T08:02:03+00:00,-49.99,-64.22,-64.77,-58.48,-65.77,-49.90,-48.19,-62.95,-53.65,-45.54,-57.81,-60.66,-56.51,-58.14,-56.36,-47.17,-58.15,2026-07-21 08:02:03+00:00
2026-07-21T08:03:04+00:00,-50.68,-63.60,-64.43,-58.12,-65.95,-49.04,-48.26,-61.90,-53.68,-45.65,-57.38,-61.15,-56.70,-58.15,-56.61,-47.11,-59.13,2026-07-21 08:03:04+00:00
2026-07-21T08:04:03+00:00,-50.27,-64.34,-63.04,-58.09,-66.97,-46.40,-48.06,-63.33,-53.31,-45.57,-58.21,-60.87,-56.29,-58.08,-56.21,-46.98,-56.54,2026-07-21 08:04:03+00:00
2026-07-21T08:05:03+00:00,-52.01,-62.41,-64.24,-58.50,-66.33,-46.57,-47.98,-63.10,-53.67,-45.58,-58.40,-60.89,-56.84,-58.31,-56.28,-47.00,-57.35,2026-07-21 08:05:03+00:00
2026-07-21T08:06:04+00:00,-50.42,-61.28,-65.08,-58.64,-67.34,-46.67,-48.25,-63.28,-54.78,-45.56,-58.37,-61.13,-56.94,-58.61,-56.89,-47.18,-59.38,2026-07-21 08:06:04+00:00
2026-07-21T08:07:03+00:00,-50.13,-63.44,-61.67,-57.42,-65.27,-46.59,-47.61,-53.70,-54.70,-45.38,-57.86,-60.16,-56.57,-58.17,-56.47,-46.97,-57.56,2026-07-21 08:07:03+00:00
2026-07-21T08:08:03+00:00,-50.95,-63.57,-64.06,-58.05,-66.46,-46.81,-47.43,-49.39,-51.19,-45.08,-58.03,-60.75,-56.24,-58.16,-56.34,-46.83,-58.64,2026-07-21 08:08:03+00:00
2026-07-21T08:09:04+00:00,-51.12,-64.05,-61.72,-58.57,-65.45,-46.65,-47.29,-55.78,-51.43,-45.45,-57.67,-60.65,-56.85,-58.30,-56.11,-47.08,-58.57,2026-07-21 08:09:04+00:00
2026-07-21T08:10:04+00:00,-50.92,-61.72,-62.95,-58.27,-65.64,-46.72,-47.37,-51.06,-51.20,-45.20,-57.37,-60.05,-56.17,-57.52,-56.44,-47.04,-55.73,2026-07-21 08:10:04+00:00
2026-07-21T08:11:03+00:00,-50.44,-62.41,-64.06,-58.25,-65.97,-47.03,-47.41,-50.30,-51.23,-45.29,-57.55,-60.39,-56.34,-58.40,-56.37,-47.08,-58.82,2026-07-21 08:11:03+00:00
2026-07-21T08:12:03+00:00,-51.13,-62.58,-64.93,-56.95,-66.33,-46.95,-47.33,-48.19,-51.35,-45.56,-56.20,-61.17,-56.67,-57.48,-56.48,-47.28,-58.65,2026-07-21 08:12:03+00:00
2026-07-21T08:13:04+00:00,-50.29,-63.02,-64.07,-57.15,-66.09,-46.77,-47.51,-48.14,-51.35,-45.67,-57.66,-61.30,-56.54,-57.13,-56.78,-47.16,-57.50,2026-07-21 08:13:04+00:00
2026-07-21T08:14:03+00:00,-50.78,-62.42,-53.63,-58.38,-65.99,-46.57,-47.55,-62.13,-50.46,-45.94,-57.86,-59.40,-54.49,-57.83,-55.39,-47.37,-59.30,2026-07-21 08:14:03+00:00
2026-07-21T08:15:03+00:00,-50.52,-64.26,-65.61,-58.80,-66.28,-46.90,-48.19,-64.01,-51.53,-45.75,-58.37,-61.41,-56.80,-58.07,-56.55,-47.30,-58.40,2026-07-21 08:15:03+00:00
2026-07-21T08:16:04+00:00,-50.03,-63.25,-65.20,-58.25,-66.27,-47.09,-48.42,-63.57,-51.41,-45.54,-58.09,-61.73,-56.86,-58.13,-56.09,-47.36,-58.87,2026-07-21 08:16:04+00:00
2026-07-21T08:17:04+00:00,-49.98,-63.81,-62.95,-58.08,-65.67,-46.74,-48.28,-62.20,-50.96,-45.44,-55.60,-60.56,-56.55,-57.51,-56.15,-47.41,-55.58,2026-07-21 08:17:04+00:00
2026-07-21T08:18:03+00:00,-47.63,-63.50,-64.89,-58.41,-65.59,-47.20,-48.25,-64.25,-50.26,-45.67,-58.21,-61.21,-56.96,-58.33,-55.95,-47.42,-59.10,2026-07-21 08:18:03+00:00
2026-07-21T08:19:03+00:00,-47.76,-61.78,-62.68,-58.00,-65.38,-46.85,-48.20,-60.03,-50.08,-45.57,-57.53,-59.93,-56.08,-57.80,-55.56,-47.26,-56.11,2026-07-21 08:19:03+00:00
2026-07-21T08:20:04+00:00,-47.78,-61.84,-65.32,-58.09,-66.01,-46.94,-47.79,-62.66,-50.16,-45.45,-56.57,-61.09,-56.97,-57.82,-55.87,-47.50,-58.19,2026-07-21 08:20:04+00:00
2026-07-21T08:21:04+00:00,-48.21,-62.32,-64.24,-57.40,-66.09,-47.05,-47.51,-48.30,-48.78,-45.27,-57.69,-60.92,-56.33,-57.02,-56.08,-47.47,-58.31,2026-07-21 08:21:04+00:00
2026-07-21T08:22:03+00:00,-48.45,-62.28,-56.81,-58.44,-66.06,-47.06,-47.39,-58.00,-48.82,-45.53,-57.91,-60.94,-56.80,-57.33,-55.77,-47.49,-58.57,2026-07-21 08:22:03+00:00
2026-07-21T08:23:04+00:00,-48.87,-61.71,-57.09,-57.93,-66.65,-46.94,-47.50,-57.52,-50.21,-45.55,-57.79,-60.63,-56.69,-56.71,-56.04,-47.64,-57.58,2026-07-21 08:23:04+00:00
2026-07-21T08:24:04+00:00,-48.71,-63.64,-63.78,-57.88,-65.63,-46.47,-47.27,-57.02,-50.16,-45.27,-56.99,-60.40,-56.78,-56.17,-56.23,-47.66,-54.70,2026-07-21 08:24:04+00:00
2026-07-21T08:25:03+00:00,-49.16,-59.93,-63.70,-56.91,-65.94,-46.21,-47.11,-48.27,-50.14,-45.45,-57.70,-60.68,-56.69,-55.71,-55.90,-47.85,-56.84,2026-07-21 08:25:03+00:00
2026-07-21T08:26:03+00:00,-48.58,-60.81,-64.45,-57.05,-66.56,-46.45,-47.05,-48.19,-50.17,-45.35,-57.62,-60.84,-56.50,-55.91,-55.79,-47.91,-58.55,2026-07-21 08:26:03+00:00
2026-07-21T08:27:04+00:00,-48.81,-63.96,-56.72,-58.30,-66.89,-46.18,-47.58,-61.77,-49.42,-45.62,-57.86,-59.70,-55.17,-56.33,-54.61,-47.91,-57.40,2026-07-21 08:27:04+00:00
2026-07-21T08:28:04+00:00,-48.67,-62.79,-61.78,-57.92,-65.81,-46.26,-47.44,-54.89,-50.14,-45.44,-57.73,-60.50,-56.64,-55.89,-55.94,-48.29,-58.01,2026-07-21 08:28:04+00:00
2026-07-21T08:29:03+00:00,-49.04,-61.87,-64.98,-58.17,-66.40,-46.71,-48.06,-63.77,-50.16,-45.56,-57.68,-60.96,-57.00,-56.06,-56.17,-48.61,-58.04,2026-07-21 08:29:03+00:00
2026-07-21T08:30:03+00:00,-48.85,-63.36,-65.73,-58.54,-66.39,-50.83,-47.73,-64.00,-50.24,-45.59,-57.87,-60.93,-56.71,-55.92,-55.94,-48.91,-59.39,2026-07-21 08:30:03+00:00
2026-07-21T08:31:03+00:00,-49.07,-61.98,-65.14,-58.10,-66.43,-50.84,-48.06,-62.97,-50.17,-45.46,-57.78,-60.44,-56.60,-55.20,-55.72,-49.18,-58.44,2026-07-21 08:31:03+00:00
2026-07-21T08:32:04+00:00,-48.99,-58.77,-65.24,-58.24,-65.65,-50.71,-47.70,-62.36,-50.92,-45.59,-56.46,-60.75,-56.83,-55.13,-56.14,-49.49,-58.14,2026-07-21 08:32:04+00:00
2026-07-21T08:33:04+00:00,-51.43,-62.47,-65.58,-58.55,-65.93,-50.80,-48.10,-64.25,-51.52,-45.56,-57.90,-61.16,-56.70,-54.86,-56.12,-49.43,-59.06,2026-07-21 08:33:04+00:00
2026-07-21T08:34:03+00:00,-50.38,-61.07,-58.47,-57.96,-65.07,-50.79,-47.30,-55.95,-51.50,-45.73,-57.24,-59.85,-56.14,-54.20,-55.68,-49.86,-57.10,2026-07-21 08:34:03+00:00
2026-07-21T08:35:03+00:00,-50.60,-60.58,-63.55,-56.60,-65.73,-50.75,-46.75,-50.17,-51.39,-45.60,-57.55,-60.41,-56.38,-53.50,-55.89,-49.96,-57.48,2026-07-21 08:35:03+00:00
2026-07-21T08:36:03+00:00,-49.79,-62.19,-56.39,-58.32,-65.90,-50.77,-47.40,-57.85,-53.78,-45.78,-57.96,-60.53,-56.76,-53.90,-55.78,-54.16,-57.21,2026-07-21 08:36:03+00:00
2026-07-21T08:37:04+00:00,-50.73,-62.05,-64.61,-57.24,-66.30,-50.75,-46.94,-49.24,-53.63,-45.42,-57.26,-60.59,-56.65,-53.85,-56.02,-50.20,-57.58,2026-07-21 08:37:04+00:00
2026-07-21T08:38:04+00:00,-50.97,-60.41,-62.55,-57.48,-65.98,-50.80,-47.02,-56.82,-53.50,-45.55,-56.95,-59.90,-56.48,-53.85,-55.76,-50.49,-55.47,2026-07-21 08:38:04+00:00
2026-07-21T08:39:03+00:00,-50.55,-59.44,-64.56,-57.10,-66.02,-50.80,-47.09,-48.33,-53.59,-45.58,-57.59,-60.94,-56.71,-53.67,-56.01,-50.74,-57.44,2026-07-21 08:39:03+00:00
2026-07-21T08:40:03+00:00,-51.10,-60.04,-63.97,-57.00,-65.98,-50.65,-46.88,-48.37,-53.68,-45.73,-57.49,-60.38,-56.52,-53.62,-55.72,-50.50,-57.81,2026-07-21 08:40:03+00:00
2026-07-21T08:41:03+00:00,-51.34,-60.48,-49.51,-57.60,-65.46,-50.44,-47.33,-61.17,-53.59,-45.72,-57.47,-57.63,-56.35,-53.64,-55.79,-50.61,-57.75,2026-07-21 08:41:03+00:00
2026-07-21T08:42:04+00:00,-51.33,-60.48,-56.22,-57.28,-64.64,-50.06,-47.30,-60.84,-51.42,-45.68,-57.08,-58.76,-53.28,-53.60,-54.91,-50.46,-54.34,2026-07-21 08:42:04+00:00
2026-07-21T08:43:04+00:00,-51.76,-59.73,-65.31,-58.07,-65.86,-50.77,-48.36,-63.75,-53.68,-45.66,-57.63,-60.63,-56.79,-53.80,-55.77,-50.71,-57.70,2026-07-21 08:43:04+00:00
2026-07-21T08:44:03+00:00,-51.41,-60.19,-64.69,-58.08,-65.99,-50.77,-47.87,-62.71,-53.39,-45.54,-55.44,-60.62,-62.58,-53.96,-55.74,-50.88,-58.32,2026-07-21 08:44:03+00:00
2026-07-21T08:45:03+00:00,-51.45,-60.18,-65.62,-57.96,-65.43,-50.72,-47.72,-63.40,-53.51,-45.67,-57.94,-60.72,-56.84,-53.90,-55.90,-50.92,-58.31,2026-07-21 08:45:03+00:00
2026-07-21T08:46:04+00:00,-50.88,-60.08,-65.87,-58.27,-66.08,-50.71,-47.60,-63.60,-53.39,-45.71,-57.66,-60.98,-56.66,-53.95,-56.00,-50.90,-58.30,2026-07-21 08:46:04+00:00
2026-07-21T08:47:04+00:00,-51.12,-60.46,-66.26,-57.76,-67.01,-50.86,-47.85,-64.22,-53.58,-45.77,-57.92,-61.05,-56.75,-54.09,-56.01,-50.97,-57.45,2026-07-21 08:47:04+00:00
2026-07-21T08:48:04+00:00,-51.37,-60.74,-64.21,-57.87,-65.25,-51.09,-48.00,-62.37,-53.27,-45.69,-56.74,-60.71,-56.48,-53.97,-55.62,-50.79,-53.15,2026-07-21 08:48:04+00:00
2026-07-21T08:49:03+00:00,-51.13,-59.92,-64.06,-57.38,-65.29,-50.79,-47.17,-48.65,-53.27,-45.40,-57.55,-60.44,-55.64,-53.95,-55.98,-51.07,-54.17,2026-07-21 08:49:03+00:00
2026-07-21T08:50:04+00:00,-50.28,-59.60,-56.26,-58.23,-66.34,-50.83,-47.24,-57.98,-53.53,-45.54,-57.47,-60.80,-56.51,-54.05,-55.71,-51.20,-54.20,2026-07-21 08:50:04+00:00
2026-07-21T08:51:04+00:00,-50.00,-59.43,-64.31,-57.90,-65.37,-50.75,-47.21,-55.06,-54.15,-45.29,-57.07,-59.84,-56.46,-53.96,-55.56,-51.04,-54.37,2026-07-21 08:51:04+00:00
2026-07-21T08:52:04+00:00,-50.64,-59.72,-65.70,-57.75,-65.82,-50.92,-47.41,-62.56,-54.25,-45.56,-54.91,-60.75,-56.67,-53.79,-54.29,-51.06,-54.40,2026-07-21 08:52:04+00:00
2026-07-21T08:53:03+00:00,-51.39,-60.47,-66.00,-57.80,-65.62,-50.76,-47.47,-63.12,-51.33,-45.55,-56.63,-60.97,-56.46,-53.84,-55.87,-50.92,-54.08,2026-07-21 08:53:03+00:00
2026-07-21T08:54:03+00:00,-50.39,-61.51,-65.24,-57.80,-65.82,-50.85,-47.67,-62.52,-51.41,-45.64,-56.59,-61.11,-56.36,-53.80,-55.58,-51.18,-54.47,2026-07-21 08:54:03+00:00
2026-07-21T08:55:04+00:00,-50.21,-60.34,-63.90,-56.75,-65.55,-49.72,-47.26,-59.77,-51.30,-45.61,-55.81,-61.38,-56.33,-53.61,-55.60,-51.08,-53.21,2026-07-21 08:55:04+00:00
2026-07-21T08:56:04+00:00,-50.86,-60.90,-51.07,-57.72,-65.03,-49.29,-47.10,-61.41,-51.03,-45.38,-57.27,-56.97,-55.58,-53.70,-54.57,-51.32,-53.59,2026-07-21 08:56:04+00:00
2026-07-21T08:57:04+00:00,-50.76,-60.89,-64.73,-58.30,-65.61,-48.33,-47.64,-62.33,-51.20,-45.47,-57.42,-60.89,-56.19,-53.79,-55.72,-51.33,-53.29,2026-07-21 08:57:04+00:00
2026-07-21T08:58:03+00:00,-51.32,-61.26,-65.44,-58.34,-65.01,-48.37,-47.77,-62.24,-51.35,-45.59,-57.54,-60.79,-56.34,-53.16,-55.42,-51.65,-54.52,2026-07-21 08:58:03+00:00
2026-07-21T08:59:03+00:00,-51.73,-61.49,-64.41,-58.08,-58.84,-48.49,-47.86,-62.41,-50.69,-45.68,-57.54,-60.05,-53.17,-53.34,-55.90,-51.76,-54.24,2026-07-21 08:59:03+00:00
2026-07-21T09:00:04+00:00,-50.30,-60.60,-64.10,-57.67,-66.01,-48.41,-47.95,-62.44,-51.20,-45.64,-57.30,-56.64,-55.37,-53.17,-55.66,-52.00,-53.45,2026-07-21 09:00:04+00:00
2026-07-21T09:01:06+00:00,-50.93,-60.04,-63.70,-57.98,-65.89,-48.31,-47.51,-61.96,-51.26,-45.63,-57.29,-55.57,-55.70,-53.12,-54.90,-52.10,-53.45,2026-07-21 09:01:06+00:00
2026-07-21T09:02:04+00:00,-50.98,-60.37,-64.12,-58.09,-65.86,-48.33,-47.93,-62.04,-50.19,-45.61,-57.17,-55.59,-55.64,-52.54,-55.53,-52.51,-53.46,2026-07-21 09:02:04+00:00
2026-07-21T09:03:03+00:00,-48.56,-60.28,-63.63,-57.52,-65.16,-48.81,-47.86,-60.84,-49.99,-45.62,-56.60,-54.75,-55.71,-52.68,-55.51,-52.47,-54.32,2026-07-21 09:03:03+00:00
2026-07-21T09:04:03+00:00,-49.18,-59.64,-63.23,-57.51,-64.52,-48.72,-47.32,-60.97,-49.91,-45.63,-57.16,-59.44,-55.25,-52.59,-55.82,-52.24,-54.44,2026-07-21 09:04:03+00:00
2026-07-21T09:05:04+00:00,-48.91,-58.80,-57.34,-57.89,-65.77,-48.48,-47.26,-56.83,-49.92,-45.55,-56.64,-60.26,-56.07,-52.12,-55.32,-52.54,-54.27,2026-07-21 09:05:04+00:00
2026-07-21T09:06:03+00:00,-48.98,-59.88,-63.36,-57.01,-65.31,-48.46,-47.50,-61.58,-48.77,-45.73,-56.93,-60.07,-56.01,-52.18,-55.47,-52.73,-53.32,2026-07-21 09:06:03+00:00
2026-07-21T09:07:04+00:00,-49.41,-58.94,-64.35,-57.85,-65.07,-48.45,-47.80,-61.33,-48.71,-45.68,-56.84,-60.53,-56.02,-51.93,-55.49,-52.45,-54.40,2026-07-21 09:07:04+00:00
2026-07-21T09:08:04+00:00,-48.72,-58.18,-62.61,-57.47,-61.57,-48.67,-47.74,-60.71,-49.94,-45.54,-56.61,-59.23,-53.16,-51.69,-55.38,-52.69,-54.06,2026-07-21 09:08:04+00:00
2026-07-21T09:09:03+00:00,-48.68,-59.82,-56.18,-57.41,-66.32,-48.52,-47.48,-56.96,-50.08,-45.60,-56.50,-59.84,-55.79,-51.74,-55.24,-52.40,-54.14,2026-07-21 09:09:03+00:00
2026-07-21T09:10:03+00:00,-48.88,-59.18,-51.73,-57.43,-65.28,-48.47,-47.28,-59.27,-50.06,-45.64,-56.31,-59.38,-56.04,-51.36,-55.62,-52.82,-54.32,2026-07-21 09:10:03+00:00
2026-07-21T09:11:04+00:00,-48.69,-59.13,-62.50,-57.73,-65.97,-48.56,-47.48,-60.25,-50.01,-45.63,-56.89,-60.67,-56.09,-51.46,-55.54,-52.68,-53.29,2026-07-21 09:11:04+00:00
2026-07-21T09:12:03+00:00,-48.90,-58.28,-62.88,-57.41,-66.14,-48.48,-47.56,-59.79,-49.80,-45.66,-56.36,-60.68,-55.81,-51.12,-55.56,-52.85,-53.47,2026-07-21 09:12:03+00:00
2026-07-21T09:13:03+00:00,-48.72,-59.26,-62.50,-56.97,-64.87,-48.39,-46.99,-57.17,-49.97,-45.61,-56.34,-59.90,-55.96,-51.07,-55.27,-52.24,-53.28,2026-07-21 09:13:03+00:00
2026-07-21T09:14:04+00:00,-48.72,-58.99,-54.90,-56.81,-64.62,-48.59,-47.42,-57.44,-49.86,-45.57,-55.86,-59.88,-55.71,-50.79,-54.83,-52.17,-53.29,2026-07-21 09:14:04+00:00
2026-07-21T09:15:04+00:00,-48.92,-58.80,-59.55,-56.54,-64.38,-48.42,-47.69,-59.15,-49.58,-45.60,-56.41,-59.09,-55.25,-50.65,-54.46,-50.89,-53.40,2026-07-21 09:15:04+00:00
2026-07-21T09:16:03+00:00,-49.45,-58.76,-62.95,-56.86,-65.49,-48.72,-47.52,-60.17,-49.92,-45.86,-56.27,-59.92,-55.92,-50.66,-55.31,-52.14,-54.46,2026-07-21 09:16:03+00:00
2026-07-21T09:17:03+00:00,-49.10,-58.58,-60.85,-57.50,-65.68,-48.57,-47.51,-60.26,-50.46,-45.87,-54.82,-58.04,-53.69,-50.96,-55.29,-51.86,-54.33,2026-07-21 09:17:03+00:00
2026-07-21T09:18:04+00:00,-51.56,-58.62,-62.52,-57.49,-65.86,-48.92,-47.83,-60.27,-51.14,-45.84,-56.60,-55.29,-56.02,-50.83,-54.90,-51.84,-54.03,2026-07-21 09:18:04+00:00
2026-07-21T09:19:04+00:00,-51.35,-59.07,-62.03,-58.07,-64.70,-49.04,-47.88,-59.67,-51.12,-45.85,-56.41,-58.66,-55.89,-50.86,-55.70,-52.25,-54.78,2026-07-21 09:19:04+00:00
2026-07-21T09:20:03+00:00,-51.17,-58.75,-57.13,-57.16,-65.50,-48.51,-46.95,-59.99,-49.92,-45.84,-56.42,-59.05,-53.36,-50.59,-55.02,-51.62,-54.68,2026-07-21 09:20:03+00:00
2026-07-21T09:21:03+00:00,-51.90,-58.02,-61.48,-57.12,-64.73,-48.86,-48.01,-59.79,-52.66,-45.85,-55.90,-59.12,-55.69,-50.79,-55.25,-51.36,-53.99,2026-07-21 09:21:03+00:00
2026-07-21T09:22:04+00:00,-51.50,-59.23,-62.22,-57.32,-65.12,-49.14,-47.87,-60.52,-53.03,-45.80,-56.28,-60.00,-55.64,-50.72,-55.33,-52.00,-53.86,2026-07-21 09:22:04+00:00
2026-07-21T09:23:04+00:00,-50.69,-59.36,-64.35,-58.34,-65.83,-49.00,-47.99,-62.00,-53.33,-45.64,-56.82,-61.17,-56.20,-51.02,-55.51,-51.88,-54.10,2026-07-21 09:23:04+00:00
2026-07-21T09:24:03+00:00,-50.91,-60.30,-63.57,-57.14,-64.61,-48.71,-47.74,-61.95,-53.20,-45.82,-56.50,-60.44,-56.21,-50.96,-55.75,-52.02,-54.76,2026-07-21 09:24:03+00:00
2026-07-21T09:25:04+00:00,-51.31,-59.23,-63.52,-57.93,-65.79,-48.87,-47.94,-61.52,-53.24,-45.74,-56.54,-61.06,-56.17,-50.95,-55.31,-52.26,-54.99,2026-07-21 09:25:04+00:00
2026-07-21T09:26:04+00:00,-49.96,-59.57,-58.52,-57.07,-64.63,-50.69,-47.16,-53.04,-53.10,-45.69,-56.33,-60.22,-56.05,-50.90,-55.15,-51.77,-54.63,2026-07-21 09:26:04+00:00
2026-07-21T09:27:04+00:00,-50.59,-58.16,-61.09,-55.81,-64.77,-50.44,-47.39,-49.74,-52.95,-45.82,-55.94,-60.00,-55.46,-50.73,-55.07,-51.77,-54.52,2026-07-21 09:27:04+00:00
2026-07-21T09:28:03+00:00,-50.68,-59.44,-58.65,-57.79,-64.85,-50.65,-47.28,-55.48,-53.31,-46.07,-56.17,-60.84,-55.84,-50.95,-55.70,-52.27,-54.66,2026-07-21 09:28:03+00:00
2026-07-21T09:29:03+00:00,-50.82,-59.82,-60.20,-56.64,-64.93,-50.56,-47.59,-52.15,-53.30,-46.02,-56.06,-60.42,-55.78,-50.71,-55.40,-51.97,-53.25,2026-07-21 09:29:03+00:00
2026-07-21T09:30:04+00:00,-51.05,-58.38,-62.41,-56.50,-64.94,-50.50,-47.15,-47.92,-53.12,-45.99,-55.99,-60.32,-55.94,-50.75,-55.31,-52.29,-54.27,2026-07-21 09:30:04+00:00
2026-07-21T09:31:04+00:00,-50.26,-60.19,-63.34,-56.85,-64.22,-50.57,-47.21,-47.95,-53.28,-46.06,-56.13,-61.04,-56.24,-50.79,-55.45,-52.67,-54.30,2026-07-21 09:31:04+00:00
2026-07-21T09:32:04+00:00,-50.58,-60.01,-61.96,-56.59,-64.85,-50.49,-47.10,-47.91,-52.97,-45.83,-56.14,-60.00,-55.84,-50.66,-55.00,-52.50,-53.53,2026-07-21 09:32:04+00:00
2026-07-21T09:33:03+00:00,-48.40,-59.38,-61.17,-57.23,-65.39,-50.27,-47.54,-59.47,-52.92,-46.13,-56.33,-60.08,-55.77,-50.71,-55.14,-52.32,-54.70,2026-07-21 09:33:03+00:00
2026-07-21T09:34:03+00:00,-50.76,-58.87,-62.22,-57.80,-65.33,-50.73,-47.68,-60.99,-53.12,-45.89,-56.24,-60.34,-56.03,-50.71,-55.05,-52.48,-53.85,2026-07-21 09:34:03+00:00
2026-07-21T09:35:04+00:00,-50.54,-58.90,-62.02,-58.13,-63.97,-50.76,-47.85,-59.75,-53.14,-46.13,-54.74,-60.10,-55.83,-50.56,-54.90,-52.58,-54.29,2026-07-21 09:35:04+00:00
2026-07-21T09:36:04+00:00,-48.92,-58.73,-61.77,-58.16,-62.22,-50.71,-48.04,-60.29,-52.86,-45.86,-52.42,-59.37,-52.57,-50.82,-55.63,-52.88,-53.69,2026-07-21 09:36:04+00:00
2026-07-21T09:37:04+00:00,-48.00,-59.27,-60.00,-58.38,-65.58,-50.49,-47.90,-59.59,-53.10,-46.02,-52.06,-58.77,-53.47,-51.01,-55.20,-52.28,-54.43,2026-07-21 09:37:04+00:00
2026-07-21T09:38:03+00:00,-48.82,-59.59,-62.12,-57.90,-65.19,-50.46,-47.81,-59.59,-50.88,-46.01,-52.78,-57.98,-53.94,-50.79,-55.57,-52.70,-54.39,2026-07-21 09:38:03+00:00
2026-07-21T09:39:03+00:00,-47.52,-57.78,-49.22,-57.55,-66.27,-50.11,-46.79,-58.26,-51.39,-46.25,-55.89,-57.63,-55.89,-50.80,-55.57,-53.06,-54.25,2026-07-21 09:39:03+00:00
2026-07-21T09:40:04+00:00,-50.98,-58.62,-62.44,-57.69,-64.75,-50.45,-47.95,-60.12,-51.17,-46.12,-53.80,-59.71,-55.67,-50.44,-54.80,-52.95,-54.73,2026-07-21 09:40:04+00:00
2026-07-21T09:41:04+00:00,-50.66,-58.17,-62.33,-57.18,-63.78,-50.40,-47.87,-60.01,-51.16,-46.00,-47.32,-59.49,-55.41,-50.24,-54.92,-52.24,-52.82,2026-07-21 09:41:04+00:00
2026-07-21T09:42:03+00:00,-50.39,-57.91,-62.83,-58.38,-64.99,-50.75,-48.13,-60.07,-51.19,-45.97,-52.12,-60.13,-55.77,-49.99,-55.25,-52.61,-53.84,2026-07-21 09:42:03+00:00
2026-07-21T09:43:03+00:00,-51.08,-57.44,-63.30,-58.65,-65.25,-50.81,-47.82,-60.76,-51.14,-45.94,-51.55,-60.90,-56.06,-49.64,-55.61,-53.12,-54.43,2026-07-21 09:43:03+00:00
2026-07-21T09:44:04+00:00,-50.68,-58.00,-62.30,-57.91,-65.23,-50.44,-47.73,-59.84,-51.05,-46.03,-51.16,-60.06,-56.26,-48.93,-55.19,-53.69,-53.42,2026-07-21 09:44:04+00:00
2026-07-21T09:45:04+00:00,-49.24,-59.58,-58.24,-57.83,-65.61,-50.58,-47.39,-52.92,-51.00,-45.58,-50.80,-60.14,-56.06,-48.27,-55.09,-54.88,-54.08,2026-07-21 09:45:04+00:00
2026-07-21T09:46:03+00:00,-50.36,-59.84,-62.37,-53.14,-66.09,-50.54,-47.23,-48.73,-51.18,-45.66,-50.11,-60.27,-56.55,-47.12,-54.99,-55.10,-54.59,2026-07-21 09:46:03+00:00
2026-07-21T09:47:04+00:00,-49.52,-60.50,-59.03,-59.20,-65.69,-50.59,-47.28,-55.53,-50.19,-45.14,-50.10,-59.91,-56.42,-46.48,-54.88,-55.16,-54.30,2026-07-21 09:47:04+00:00
2026-07-21T09:48:04+00:00,-47.92,-59.78,-62.15,-58.23,-65.61,-50.72,-47.75,-60.24,-50.14,-45.00,-49.80,-59.92,-56.70,-45.87,-54.76,-54.95,-53.20,2026-07-21 09:48:04+00:00
2026-07-21T09:49:03+00:00,-49.19,-61.30,-63.21,-58.29,-64.99,-50.83,-47.83,-60.79,-50.05,-44.91,-49.23,-60.79,-57.38,-44.45,-54.02,-53.27,-53.48,2026-07-21 09:49:03+00:00
2026-07-21T09:50:03+00:00,-48.65,-60.45,-62.93,-58.05,-65.49,-51.14,-47.99,-61.25,-48.66,-45.10,-48.65,-60.16,-57.47,-43.75,-53.56,-51.90,-53.74,2026-07-21 09:50:03+00:00
2026-07-21T09:51:04+00:00,-49.00,-61.49,-64.08,-59.09,-66.12,-50.17,-47.98,-61.61,-48.73,-44.74,-48.60,-61.39,-57.93,-43.30,-53.79,-51.09,-53.49,2026-07-21 09:51:04+00:00
2026-07-21T09:52:04+00:00,-48.56,-60.33,-61.59,-58.44,-65.17,-49.69,-48.58,-60.17,-48.53,-44.89,-49.00,-59.72,-56.28,-42.98,-54.79,-49.90,-53.39,2026-07-21 09:52:04+00:00
2026-07-21T09:53:03+00:00,-49.05,-61.11,-62.17,-57.83,-64.51,-46.07,-48.86,-60.79,-49.92,-44.62,-48.79,-60.16,-56.21,-42.98,-54.95,-49.39,-53.75,2026-07-21 09:53:03+00:00
2026-07-21T09:54:03+00:00,-49.03,-58.68,-61.72,-57.87,-65.27,-46.29,-48.15,-59.32,-51.84,-44.53,-48.74,-59.54,-58.06,-42.62,-53.93,-48.85,-53.97,2026-07-21 09:54:03+00:00
2026-07-21T09:55:04+00:00,-48.83,-59.15,-61.07,-58.24,-64.73,-46.34,-48.34,-59.05,-51.79,-44.50,-48.60,-59.27,-57.88,-42.43,-53.93,-48.52,-53.71,2026-07-21 09:55:04+00:00
2026-07-21T09:56:04+00:00,-49.00,-60.71,-60.85,-56.57,-64.88,-46.36,-47.95,-59.71,-51.42,-44.46,-48.53,-60.14,-58.18,-42.09,-54.25,-47.90,-53.62,2026-07-21 09:56:04+00:00
2026-07-21T09:57:04+00:00,-48.64,-59.93,-60.50,-57.79,-65.29,-46.27,-47.65,-53.82,-51.38,-43.90,-48.58,-57.88,-57.56,-42.12,-53.94,-47.60,-52.82,2026-07-21 09:57:04+00:00
2026-07-21T09:58:03+00:00,-48.85,-59.69,-60.10,-57.14,-64.11,-46.38,-47.44,-53.38,-51.54,-44.01,-48.48,-57.80,-57.54,-42.19,-54.11,-47.50,-53.53,2026-07-21 09:58:03+00:00
2026-07-21T09:59:03+00:00,-48.87,-59.13,-60.04,-57.22,-63.94,-46.35,-47.67,-52.94,-51.58,-43.99,-48.44,-57.60,-57.22,-42.09,-54.25,-47.56,-52.29,2026-07-21 09:59:03+00:00
2026-07-21T10:00:04+00:00,-48.26,-59.84,-59.97,-57.25,-64.78,-46.38,-47.99,-53.49,-51.58,-44.42,-48.56,-59.21,-57.59,-42.09,-54.08,-47.79,-54.17,2026-07-21 10:00:04+00:00
2026-07-21T10:01:06+00:00,-48.12,-58.99,-49.30,-57.00,-63.96,-46.40,-47.81,-58.50,-51.65,-44.29,-48.43,-56.78,-56.75,-42.15,-54.07,-48.12,-54.38,2026-07-21 10:01:06+00:00
2026-07-21T10:02:03+00:00,-49.87,-58.31,-50.92,-56.55,-63.95,-46.23,-47.70,-58.85,-52.31,-44.35,-48.61,-55.53,-56.31,-42.35,-53.71,-47.81,-54.43,2026-07-21 10:02:03+00:00
2026-07-21T10:03:03+00:00,-50.70,-60.06,-50.15,-57.24,-64.26,-46.29,-47.76,-58.82,-52.59,-44.15,-48.52,-55.29,-56.75,-42.59,-54.31,-47.77,-54.26,2026-07-21 10:03:03+00:00
2026-07-21T10:04:04+00:00,-50.15,-59.13,-50.11,-56.59,-62.97,-46.25,-47.69,-58.69,-51.46,-44.64,-48.43,-55.16,-56.24,-42.65,-53.52,-47.87,-52.68,2026-07-21 10:04:04+00:00
2026-07-21T10:05:04+00:00,-48.97,-60.15,-50.32,-56.99,-64.63,-46.08,-47.56,-58.79,-51.85,-44.37,-48.61,-55.29,-56.59,-42.49,-54.71,-48.35,-54.37,2026-07-21 10:05:04+00:00
2026-07-21T10:06:04+00:00,-49.11,-59.18,-49.96,-56.33,-63.87,-46.20,-47.54,-58.22,-50.93,-44.37,-48.42,-55.12,-55.97,-42.60,-54.01,-48.20,-54.06,2026-07-21 10:06:04+00:00
2026-07-21T10:07:03+00:00,-48.94,-60.57,-50.07,-56.92,-64.47,-46.24,-47.71,-59.41,-51.15,-44.74,-48.58,-55.88,-56.85,-42.79,-54.40,-48.48,-53.55,2026-07-21 10:07:03+00:00
2026-07-21T10:08:03+00:00,-48.76,-60.07,-50.00,-56.16,-63.60,-46.26,-47.85,-58.46,-52.34,-44.40,-48.24,-55.69,-56.37,-43.00,-54.14,-48.71,-54.36,2026-07-21 10:08:03+00:00
2026-07-21T10:09:04+00:00,-48.87,-58.91,-50.10,-57.04,-64.29,-46.39,-47.69,-58.45,-51.67,-44.59,-48.77,-55.28,-56.36,-43.10,-54.13,-48.74,-50.68,2026-07-21 10:09:04+00:00
2026-07-21T10:10:04+00:00,-49.83,-58.71,-50.49,-56.73,-64.04,-46.28,-47.67,-59.51,-51.83,-44.50,-48.88,-55.93,-56.43,-43.23,-54.26,-48.81,-54.76,2026-07-21 10:10:04+00:00
2026-07-21T10:11:03+00:00,-50.29,-58.23,-50.64,-57.29,-64.86,-46.47,-47.64,-59.24,-51.78,-44.53,-48.92,-55.86,-56.61,-43.38,-54.75,-49.23,-53.91,2026-07-21 10:11:03+00:00
2026-07-21T10:12:03+00:00,-50.58,-57.34,-50.60,-56.79,-62.85,-46.25,-47.67,-58.56,-51.59,-44.54,-48.77,-55.64,-55.58,-43.54,-54.15,-49.11,-54.24,2026-07-21 10:12:03+00:00
2026-07-21T10:13:04+00:00,-50.47,-58.66,-50.58,-56.48,-63.88,-46.21,-47.65,-58.12,-51.17,-44.65,-48.71,-55.66,-55.87,-43.74,-54.63,-49.38,-52.78,2026-07-21 10:13:04+00:00
2026-07-21T10:14:04+00:00,-49.85,-58.92,-50.44,-56.40,-62.81,-46.59,-47.53,-57.90,-52.29,-44.42,-48.71,-55.48,-56.46,-43.59,-54.24,-49.60,-54.25,2026-07-21 10:14:04+00:00
2026-07-21T10:15:04+00:00,-50.60,-58.76,-59.25,-56.19,-63.80,-46.54,-48.57,-59.31,-51.44,-44.43,-48.59,-58.36,-56.20,-43.83,-54.55,-49.51,-53.84,2026-07-21 10:15:04+00:00
2026-07-21T10:16:03+00:00,-48.45,-59.35,-60.05,-56.47,-64.11,-46.48,-48.38,-59.45,-52.62,-44.67,-48.78,-58.52,-56.44,-44.04,-54.69,-49.61,-54.13,2026-07-21 10:16:03+00:00
2026-07-21T10:17:03+00:00,-49.72,-59.36,-60.67,-56.77,-63.58,-46.68,-48.26,-60.57,-51.89,-44.58,-48.87,-58.91,-56.44,-44.16,-54.87,-50.11,-53.62,2026-07-21 10:17:03+00:00
2026-07-21T10:18:04+00:00,-49.35,-57.98,-59.37,-56.51,-64.03,-46.51,-48.28,-59.11,-51.31,-44.46,-48.67,-58.23,-56.30,-44.16,-54.88,-50.54,-53.42,2026-07-21 10:18:04+00:00
2026-07-21T10:19:04+00:00,-49.64,-57.84,-58.97,-57.23,-64.04,-46.72,-48.77,-58.60,-51.61,-44.63,-48.73,-58.02,-56.25,-44.34,-54.69,-50.67,-53.63,2026-07-21 10:19:04+00:00
2026-07-21T10:20:03+00:00,-48.33,-57.96,-58.37,-56.04,-62.92,-46.48,-47.68,-58.27,-51.46,-44.27,-48.64,-57.86,-56.07,-44.47,-54.70,-50.70,-53.78,2026-07-21 10:20:03+00:00
2026-07-21T10:21:03+00:00,-49.74,-57.63,-59.05,-55.78,-64.06,-46.61,-47.17,-48.57,-51.75,-43.96,-48.47,-57.63,-55.26,-44.65,-54.74,-51.07,-52.65,2026-07-21 10:21:03+00:00
2026-07-21T10:22:04+00:00,-49.22,-57.59,-57.45,-56.24,-63.60,-46.68,-47.55,-54.25,-51.87,-44.30,-48.65,-56.96,-55.81,-44.61,-54.65,-51.46,-52.92,2026-07-21 10:22:04+00:00
2026-07-21T10:23:04+00:00,-49.71,-57.35,-57.79,-56.13,-63.33,-46.00,-47.34,-54.04,-50.22,-44.28,-48.51,-57.33,-55.87,-44.55,-54.52,-51.29,-52.10,2026-07-21 10:23:04+00:00
2026-07-21T10:24:03+00:00,-49.60,-56.90,-58.77,-56.24,-61.92,-46.20,-47.50,-58.17,-50.15,-44.41,-48.20,-57.80,-55.69,-44.82,-53.46,-51.67,-52.44,2026-07-21 10:24:03+00:00
2026-07-21T10:25:03+00:00,-49.18,-56.71,-59.52,-57.08,-62.93,-46.33,-47.87,-58.50,-50.59,-44.21,-48.18,-57.79,-55.96,-44.90,-53.55,-51.95,-53.36,2026-07-21 10:25:03+00:00
2026-07-21T10:26:04+00:00,-49.41,-56.57,-58.07,-57.09,-63.62,-46.60,-47.81,-58.06,-49.83,-44.03,-48.18,-57.29,-55.72,-45.17,-53.22,-51.99,-48.51,2026-07-21 10:26:04+00:00
2026-07-21T10:27:04+00:00,-49.88,-57.48,-59.07,-56.44,-64.95,-46.34,-47.59,-57.51,-49.93,-44.18,-48.35,-57.68,-55.56,-45.19,-54.90,-52.07,-51.01,2026-07-21 10:27:04+00:00
2026-07-21T10:28:03+00:00,-49.69,-57.54,-59.70,-56.44,-63.38,-50.48,-47.24,-47.89,-50.36,-44.22,-48.81,-58.47,-55.64,-45.24,-55.24,-52.41,-53.46,2026-07-21 10:28:03+00:00
2026-07-21T10:29:03+00:00,-50.19,-57.57,-59.33,-57.17,-64.65,-50.79,-47.74,-47.88,-50.35,-43.94,-48.64,-58.45,-55.75,-45.53,-54.79,-52.77,-54.91,2026-07-21 10:29:03+00:00
2026-07-21T10:30:04+00:00,-50.28,-58.19,-59.72,-54.72,-64.82,-50.70,-47.54,-49.89,-50.39,-44.20,-48.72,-58.66,-56.55,-45.42,-55.60,-52.95,-51.38,2026-07-21 10:30:04+00:00
2026-07-21T10:31:07+00:00,-49.99,-54.50,-57.42,-57.93,-64.83,-50.53,-46.46,-55.98,-50.40,-44.00,-48.30,-58.66,-56.55,-45.57,-55.77,-53.29,-52.21,2026-07-21 10:31:07+00:00
2026-07-21T10:32:04+00:00,-48.42,-57.88,-49.60,-56.91,-63.80,-48.48,-42.81,-58.31,-49.51,-43.96,-48.37,-55.61,-56.22,-45.86,-55.48,-53.56,-53.30,2026-07-21 10:32:04+00:00
2026-07-21T10:33:04+00:00,-47.99,-57.69,-50.24,-57.05,-65.45,-48.15,-42.76,-57.78,-49.45,-44.12,-48.32,-55.42,-55.77,-45.90,-55.39,-53.40,-54.56,2026-07-21 10:33:04+00:00
2026-07-21T10:34:03+00:00,-47.03,-57.39,-59.88,-56.15,-63.53,-48.00,-42.59,-57.64,-49.30,-43.86,-48.17,-58.28,-55.65,-46.15,-54.98,-53.18,-53.36,2026-07-21 10:34:03+00:00
2026-07-21T10:35:03+00:00,-47.94,-56.99,-59.94,-57.82,-59.90,-47.72,-42.66,-58.01,-49.23,-43.72,-48.13,-58.13,-53.32,-46.18,-55.10,-52.90,-56.19,2026-07-21 10:35:03+00:00
2026-07-21T10:36:03+00:00,-47.99,-58.52,-59.91,-57.20,-64.54,-47.88,-42.41,-49.93,-49.45,-43.68,-48.50,-58.66,-56.40,-46.07,-55.17,-53.67,-53.11,2026-07-21 10:36:03+00:00
2026-07-21T10:37:03+00:00,-48.34,-59.11,-59.89,-57.58,-64.38,-47.76,-42.03,-53.04,-49.73,-43.80,-48.92,-59.34,-56.34,-46.15,-55.00,-53.23,-53.29,2026-07-21 10:37:03+00:00
2026-07-21T10:38:04+00:00,-48.19,-58.81,-58.64,-57.78,-64.91,-48.16,-42.17,-54.91,-51.27,-44.29,-50.03,-59.09,-56.23,-46.47,-55.16,-53.36,-53.47,2026-07-21 10:38:04+00:00
2026-07-21T10:39:04+00:00,-47.14,-59.25,-56.19,-57.55,-65.66,-47.78,-42.53,-56.01,-51.68,-44.75,-50.47,-59.17,-56.35,-46.70,-55.11,-53.06,-56.05,2026-07-21 10:39:04+00:00
2026-07-21T10:40:03+00:00,-46.48,-58.92,-55.62,-57.61,-64.09,-47.89,-42.49,-57.11,-51.25,-45.19,-51.52,-58.89,-56.05,-46.64,-55.55,-53.00,-55.60,2026-07-21 10:40:03+00:00
2026-07-21T10:41:03+00:00,-47.06,-59.72,-59.04,-58.05,-65.10,-48.04,-42.43,-55.01,-51.58,-45.41,-52.75,-59.34,-56.41,-46.75,-55.11,-53.21,-57.35,2026-07-21 10:41:03+00:00
2026-07-21T10:42:04+00:00,-47.21,-58.27,-57.31,-57.52,-64.69,-47.82,-42.42,-55.35,-51.27,-45.43,-53.33,-58.72,-55.81,-46.68,-55.20,-52.97,-54.44,2026-07-21 10:42:04+00:00
2026-07-21T10:43:04+00:00,-47.63,-58.41,-56.44,-57.00,-64.08,-47.94,-42.47,-55.18,-51.43,-45.55,-53.20,-58.50,-55.63,-46.91,-55.03,-53.01,-55.97,2026-07-21 10:43:04+00:00
2026-07-21T10:44:03+00:00,-47.53,-58.48,-56.95,-57.14,-64.24,-47.96,-42.42,-54.88,-51.27,-45.72,-53.52,-58.88,-55.67,-46.75,-55.11,-52.35,-53.19,2026-07-21 10:44:03+00:00
2026-07-21T10:45:04+00:00,-47.26,-58.85,-57.02,-57.19,-64.45,-47.80,-42.30,-55.46,-51.34,-45.34,-52.96,-58.81,-55.39,-47.09,-55.29,-52.54,-55.04,2026-07-21 10:45:04+00:00
2026-07-21T10:46:04+00:00,-47.74,-57.13,-56.66,-57.15,-64.44,-47.89,-42.53,-55.15,-51.43,-45.58,-52.06,-57.85,-55.17,-46.96,-54.93,-52.32,-55.17,2026-07-21 10:46:04+00:00
2026-07-21T10:47:03+00:00,-49.29,-58.03,-51.98,-56.68,-63.77,-47.77,-42.54,-56.35,-52.83,-45.37,-52.58,-57.86,-55.02,-47.13,-54.99,-52.31,-55.13,2026-07-21 10:47:03+00:00
2026-07-21T10:48:03+00:00,-49.06,-57.96,-51.86,-56.40,-64.63,-47.69,-42.44,-57.11,-52.38,-45.54,-52.86,-56.38,-54.78,-47.23,-54.07,-52.49,-54.65,2026-07-21 10:48:03+00:00
2026-07-21T10:49:04+00:00,-48.85,-58.37,-52.33,-56.77,-63.63,-47.56,-42.41,-56.81,-52.45,-45.55,-52.50,-56.48,-54.58,-47.21,-53.08,-52.90,-54.01,2026-07-21 10:49:04+00:00
2026-07-21T10:50:04+00:00,-48.99,-57.68,-57.92,-57.09,-64.03,-47.63,-42.45,-57.09,-51.02,-45.49,-52.79,-57.91,-53.65,-47.56,-54.92,-52.35,-56.35,2026-07-21 10:50:04+00:00
2026-07-21T10:51:04+00:00,-49.10,-58.22,-59.05,-56.82,-64.15,-47.71,-42.56,-57.06,-52.24,-45.47,-52.62,-58.12,-55.45,-47.47,-55.06,-52.58,-56.19,2026-07-21 10:51:04+00:00
2026-07-21T10:52:03+00:00,-48.63,-56.98,-58.72,-56.33,-63.56,-46.37,-42.61,-56.60,-51.77,-45.44,-52.50,-57.25,-54.91,-47.31,-54.52,-52.34,-54.72,2026-07-21 10:52:03+00:00
2026-07-21T10:53:04+00:00,-49.28,-57.56,-58.93,-56.06,-64.63,-47.15,-42.64,-56.02,-51.90,-45.47,-52.24,-57.06,-54.90,-47.43,-54.91,-52.49,-55.30,2026-07-21 10:53:04+00:00
2026-07-21T10:54:04+00:00,-49.55,-58.11,-59.46,-56.37,-64.08,-46.56,-42.59,-57.01,-52.31,-45.43,-52.21,-57.51,-55.12,-47.37,-54.86,-52.15,-55.34,2026-07-21 10:54:04+00:00
2026-07-21T10:55:04+00:00,-50.08,-57.54,-59.25,-56.46,-64.01,-44.78,-42.78,-56.91,-52.21,-45.31,-52.56,-57.71,-55.32,-47.48,-55.35,-52.44,-55.17,2026-07-21 10:55:04+00:00
2026-07-21T10:56:03+00:00,-51.36,-58.07,-59.68,-56.36,-64.62,-44.74,-42.51,-57.10,-55.75,-45.48,-52.68,-58.15,-55.17,-47.63,-53.97,-52.03,-55.67,2026-07-21 10:56:03+00:00
2026-07-21T10:57:04+00:00,-50.75,-58.21,-51.33,-56.87,-63.99,-44.94,-42.44,-56.18,-55.41,-45.53,-51.87,-57.17,-55.01,-47.60,-55.02,-51.97,-54.62,2026-07-21 10:57:04+00:00
2026-07-21T10:58:04+00:00,-50.22,-56.91,-57.41,-55.83,-64.42,-44.55,-42.33,-56.33,-53.80,-45.36,-52.27,-56.79,-54.26,-47.55,-53.84,-51.43,-54.61,2026-07-21 10:58:04+00:00
2026-07-21T10:59:03+00:00,-50.78,-58.00,-58.80,-56.59,-64.62,-44.38,-42.27,-56.43,-55.23,-45.49,-52.31,-57.96,-55.12,-47.55,-54.80,-52.06,-54.62,2026-07-21 10:59:03+00:00
2026-07-21T11:00:03+00:00,-50.93,-57.54,-57.81,-55.72,-63.53,-45.19,-42.39,-55.77,-54.91,-45.56,-52.22,-57.31,-54.81,-47.74,-54.67,-51.89,-52.91,2026-07-21 11:00:03+00:00
2026-07-21T11:01:06+00:00,-51.18,-56.77,-57.98,-56.24,-64.13,-44.49,-42.44,-56.40,-55.02,-45.41,-52.20,-56.91,-54.76,-47.70,-54.39,-51.61,-52.86,2026-07-21 11:01:06+00:00
2026-07-21T11:02:04+00:00,-50.98,-57.47,-58.49,-56.52,-64.39,-44.98,-42.27,-56.35,-55.50,-45.55,-52.38,-57.32,-55.01,-47.76,-54.93,-51.78,-53.71,2026-07-21 11:02:04+00:00
2026-07-21T11:03:04+00:00,-51.39,-58.36,-58.48,-56.24,-63.63,-44.09,-42.26,-55.00,-55.13,-45.36,-52.38,-57.84,-55.14,-47.54,-54.60,-52.19,-53.79,2026-07-21 11:03:04+00:00
2026-07-21T11:04:03+00:00,-50.25,-57.68,-58.80,-56.54,-63.69,-44.52,-42.20,-51.58,-55.38,-45.11,-52.42,-57.52,-54.85,-47.62,-54.89,-52.10,-52.97,2026-07-21 11:04:03+00:00
2026-07-21T11:05:04+00:00,-50.86,-57.63,-58.75,-56.09,-62.37,-43.57,-42.32,-51.06,-55.53,-45.21,-52.48,-57.00,-54.76,-47.63,-54.65,-51.73,-52.48,2026-07-21 11:05:04+00:00
2026-07-21T11:06:04+00:00,-51.33,-57.69,-58.34,-56.07,-63.49,-43.97,-42.27,-53.29,-56.64,-45.54,-52.45,-57.40,-55.04,-47.76,-54.80,-51.87,-53.36,2026-07-21 11:06:04+00:00
2026-07-21T11:07:04+00:00,-50.90,-57.47,-55.81,-56.25,-63.73,-45.11,-42.29,-55.11,-53.72,-45.43,-52.56,-57.38,-55.10,-47.51,-54.56,-51.97,-54.44,2026-07-21 11:07:04+00:00
2026-07-21T11:08:03+00:00,-50.37,-56.72,-54.72,-55.73,-63.75,-44.80,-42.13,-55.76,-52.25,-45.54,-52.12,-57.50,-54.94,-47.10,-54.41,-52.00,-53.80,2026-07-21 11:08:03+00:00
2026-07-21T11:09:04+00:00,-50.63,-57.34,-54.85,-56.53,-63.99,-44.29,-42.22,-56.37,-52.53,-45.82,-52.87,-57.70,-54.80,-47.42,-54.85,-52.51,-54.65,2026-07-21 11:09:04+00:00
2026-07-21T11:10:04+00:00,-50.64,-57.77,-52.95,-56.16,-63.79,-44.87,-42.30,-56.38,-52.39,-45.91,-53.04,-57.13,-54.82,-47.16,-54.65,-52.01,-53.73,2026-07-21 11:10:04+00:00
2026-07-21T11:11:03+00:00,-51.32,-57.74,-55.40,-56.55,-63.78,-44.45,-42.20,-55.95,-52.51,-45.76,-52.93,-57.49,-55.09,-47.33,-54.55,-52.38,-54.30,2026-07-21 11:11:03+00:00
2026-07-21T11:12:03+00:00,-50.07,-57.72,-56.46,-56.15,-63.96,-44.73,-42.24,-56.60,-52.44,-45.73,-53.04,-57.80,-54.82,-47.32,-54.56,-52.40,-54.17,2026-07-21 11:12:03+00:00
2026-07-21T11:13:04+00:00,-50.11,-57.44,-59.22,-56.20,-63.45,-43.95,-42.57,-57.18,-52.21,-45.81,-52.86,-57.56,-54.88,-47.35,-54.64,-52.26,-54.80,2026-07-21 11:13:04+00:00
2026-07-21T11:14:04+00:00,-50.14,-57.58,-58.62,-56.38,-64.60,-43.94,-42.72,-56.95,-52.21,-45.85,-52.93,-57.47,-54.82,-47.46,-54.89,-52.65,-53.58,2026-07-21 11:14:04+00:00
2026-07-21T11:15:04+00:00,-50.30,-57.10,-58.76,-56.71,-63.57,-44.05,-42.39,-56.84,-52.18,-45.74,-52.26,-57.64,-54.68,-47.31,-54.61,-52.53,-54.08,2026-07-21 11:15:04+00:00
2026-07-21T11:16:03+00:00,-50.79,-57.26,-58.42,-57.10,-64.49,-44.08,-42.60,-57.23,-52.38,-45.79,-52.76,-57.78,-54.97,-47.33,-54.69,-52.94,-54.38,2026-07-21 11:16:03+00:00
2026-07-21T11:17:03+00:00,-46.87,-56.07,-58.13,-56.27,-64.66,-43.47,-42.44,-56.63,-50.71,-45.63,-52.81,-57.26,-54.31,-47.39,-54.22,-52.45,-53.97,2026-07-21 11:17:03+00:00
2026-07-21T11:18:04+00:00,-48.39,-56.70,-57.38,-55.34,-65.08,-44.86,-47.27,-50.99,-51.04,-45.49,-53.23,-56.99,-54.40,-47.32,-54.63,-52.78,-54.37,2026-07-21 11:18:04+00:00
2026-07-21T11:19:03+00:00,-48.73,-57.31,-54.77,-55.66,-64.07,-44.96,-47.17,-55.03,-51.07,-45.57,-53.23,-56.71,-54.25,-47.37,-54.16,-52.34,-53.55,2026-07-21 11:19:03+00:00
2026-07-21T11:20:03+00:00,-48.95,-56.02,-54.84,-56.02,-63.96,-44.91,-47.06,-54.93,-51.01,-45.45,-52.87,-56.52,-54.12,-47.11,-54.07,-52.29,-53.83,2026-07-21 11:20:03+00:00
2026-07-21T11:21:04+00:00,-48.08,-56.86,-57.54,-55.95,-63.29,-45.24,-47.63,-56.61,-50.82,-45.35,-53.15,-56.69,-54.60,-47.28,-54.20,-52.60,-54.06,2026-07-21 11:21:04+00:00
2026-07-21T11:22:04+00:00,-48.71,-57.42,-58.21,-56.86,-63.49,-45.05,-48.01,-57.66,-54.22,-45.49,-52.26,-57.50,-54.49,-47.22,-53.04,-52.58,-53.90,2026-07-21 11:22:04+00:00
2026-07-21T11:23:04+00:00,-48.54,-55.89,-57.58,-55.86,-64.29,-44.81,-47.48,-56.64,-53.98,-45.48,-51.82,-56.48,-54.32,-46.99,-52.58,-52.55,-54.71,2026-07-21 11:23:04+00:00
2026-07-21T11:24:03+00:00,-48.57,-55.65,-57.61,-56.44,-64.15,-45.08,-47.58,-57.22,-53.95,-45.30,-52.25,-56.99,-54.58,-47.33,-52.75,-52.87,-54.53,2026-07-21 11:24:03+00:00
2026-07-21T11:25:03+00:00,-48.42,-56.83,-57.99,-54.39,-64.39,-44.90,-47.29,-50.85,-54.08,-45.69,-53.32,-57.05,-54.44,-47.08,-54.13,-53.28,-54.71,2026-07-21 11:25:03+00:00
2026-07-21T11:26:04+00:00,-48.97,-56.61,-52.89,-55.77,-64.27,-45.09,-47.24,-56.99,-53.71,-45.55,-53.40,-56.32,-54.47,-47.25,-54.36,-52.87,-54.10,2026-07-21 11:26:04+00:00
2026-07-21T11:27:04+00:00,-48.90,-56.91,-57.65,-55.43,-65.27,-45.14,-48.29,-57.04,-53.80,-45.55,-53.08,-56.40,-54.47,-47.47,-54.14,-52.51,-54.95,2026-07-21 11:27:04+00:00
2026-07-21T11:28:03+00:00,-49.09,-57.27,-58.03,-55.65,-63.78,-44.97,-48.19,-57.53,-54.09,-45.54,-53.23,-56.98,-54.69,-47.19,-54.29,-52.34,-53.91,2026-07-21 11:28:03+00:00
2026-07-21T11:29:04+00:00,-47.95,-56.77,-58.06,-56.26,-64.26,-44.91,-48.19,-56.77,-53.65,-45.55,-53.23,-56.62,-54.41,-47.23,-54.17,-52.37,-55.64,2026-07-21 11:29:04+00:00
2026-07-21T11:30:04+00:00,-49.29,-57.03,-57.00,-55.69,-63.85,-44.86,-47.98,-56.57,-53.79,-45.46,-52.87,-56.02,-54.30,-47.31,-54.19,-52.55,-54.48,2026-07-21 11:30:04+00:00
2026-07-21T11:31:06+00:00,-48.34,-56.94,-58.30,-56.71,-63.97,-44.87,-47.70,-57.33,-54.03,-45.27,-53.03,-56.78,-54.09,-47.15,-54.17,-52.60,-55.01,2026-07-21 11:31:06+00:00
2026-07-21T11:32:03+00:00,-52.43,-57.67,-58.89,-56.55,-64.38,-44.62,-47.83,-57.83,-57.04,-45.29,-53.38,-56.93,-52.67,-47.32,-54.67,-52.10,-53.94,2026-07-21 11:32:03+00:00
2026-07-21T11:33:04+00:00,-51.78,-57.97,-58.96,-57.12,-64.85,-50.14,-48.37,-58.20,-57.00,-45.15,-53.12,-57.05,-53.04,-47.34,-54.34,-52.55,-55.49,2026-07-21 11:33:04+00:00
2026-07-21T11:34:04+00:00,-49.48,-57.66,-58.77,-56.87,-64.15,-49.97,-48.18,-58.11,-57.30,-45.48,-52.00,-57.00,-54.76,-47.60,-54.60,-52.69,-54.46,2026-07-21 11:34:04+00:00
2026-07-21T11:35:03+00:00,-48.80,-58.05,-58.86,-56.96,-65.31,-50.10,-48.12,-58.07,-56.97,-45.65,-53.48,-56.96,-55.14,-47.62,-54.43,-52.49,-54.58,2026-07-21 11:35:03+00:00
2026-07-21T11:36:03+00:00,-49.10,-56.63,-59.61,-56.93,-64.26,-50.29,-48.21,-58.08,-56.06,-45.71,-53.36,-57.39,-54.97,-47.99,-54.39,-52.86,-55.06,2026-07-21 11:36:03+00:00
2026-07-21T11:37:03+00:00,-50.30,-56.55,-59.51,-56.93,-65.27,-50.31,-48.15,-58.09,-56.26,-45.75,-53.40,-56.82,-54.85,-47.78,-54.37,-52.57,-54.93,2026-07-21 11:37:03+00:00
2026-07-21T11:38:04+00:00,-48.92,-56.81,-59.11,-56.73,-64.99,-50.23,-48.34,-58.21,-56.40,-45.53,-53.55,-56.81,-55.00,-47.87,-54.65,-52.03,-55.17,2026-07-21 11:38:04+00:00
2026-07-21T11:39:04+00:00,-49.29,-55.95,-58.03,-56.04,-64.12,-50.10,-48.04,-57.08,-55.70,-45.59,-53.31,-56.65,-54.65,-47.67,-54.66,-52.19,-54.64,2026-07-21 11:39:04+00:00
2026-07-21T11:40:04+00:00,-48.97,-56.19,-58.01,-55.90,-63.75,-49.94,-48.11,-57.20,-55.70,-45.62,-53.12,-56.36,-54.26,-47.45,-54.49,-53.08,-53.32,2026-07-21 11:40:04+00:00
2026-07-21T11:41:03+00:00,-50.26,-55.52,-57.32,-55.35,-62.96,-49.70,-47.50,-53.10,-55.38,-45.55,-52.55,-55.85,-53.94,-46.17,-53.41,-54.01,-53.94,2026-07-21 11:41:03+00:00
2026-07-21T11:42:03+00:00,-47.96,-56.27,-57.33,-55.35,-64.00,-50.15,-47.01,-47.42,-55.32,-45.86,-52.42,-55.83,-54.68,-44.58,-54.44,-54.80,-53.78,2026-07-21 11:42:03+00:00
2026-07-21T11:43:04+00:00,-49.50,-55.86,-54.70,-55.63,-63.65,-50.27,-47.52,-55.07,-55.82,-46.35,-52.00,-56.12,-54.68,-43.83,-54.13,-54.26,-54.55,2026-07-21 11:43:04+00:00
2026-07-21T11:44:04+00:00,-50.47,-56.21,-57.31,-54.69,-63.25,-50.28,-46.94,-48.99,-55.23,-46.04,-52.13,-55.65,-54.20,-43.47,-54.14,-53.36,-54.90,2026-07-21 11:44:04+00:00
2026-07-21T11:45:03+00:00,-50.54,-56.83,-58.07,-55.42,-64.38,-50.55,-47.97,-57.27,-55.99,-46.35,-51.30,-56.13,-55.10,-43.29,-52.32,-52.48,-53.60,2026-07-21 11:45:03+00:00
2026-07-21T11:46:04+00:00,-50.67,-56.83,-58.07,-54.64,-62.61,-50.41,-48.23,-56.84,-55.40,-46.31,-51.56,-55.54,-54.70,-43.00,-54.14,-52.05,-54.51,2026-07-21 11:46:04+00:00
2026-07-21T11:47:04+00:00,-50.04,-56.64,-57.60,-55.27,-63.84,-50.72,-47.76,-57.19,-55.47,-46.55,-51.86,-55.83,-55.02,-42.82,-53.95,-51.87,-54.50,2026-07-21 11:47:04+00:00
2026-07-21T11:48:03+00:00,-50.23,-57.03,-58.03,-54.79,-63.71,-50.69,-47.33,-54.25,-55.50,-45.96,-52.10,-55.48,-55.11,-42.83,-53.80,-51.80,-53.99,2026-07-21 11:48:03+00:00
2026-07-21T11:49:03+00:00,-49.00,-56.32,-57.66,-55.08,-63.57,-50.35,-47.92,-52.01,-55.75,-46.15,-52.27,-55.69,-54.85,-42.72,-54.01,-51.66,-54.61,2026-07-21 11:49:03+00:00
2026-07-21T11:50:04+00:00,-48.54,-55.75,-54.43,-55.67,-63.95,-50.55,-47.15,-55.09,-56.46,-46.29,-52.05,-55.21,-54.66,-42.63,-54.04,-52.11,-54.87,2026-07-21 11:50:04+00:00
2026-07-21T11:51:04+00:00,-50.02,-55.37,-54.30,-55.49,-63.52,-50.63,-47.25,-55.94,-56.76,-46.03,-52.18,-55.88,-54.93,-42.72,-53.95,-52.03,-53.87,2026-07-21 11:51:04+00:00
2026-07-21T11:52:03+00:00,-50.85,-55.67,-53.83,-55.50,-63.76,-50.34,-47.21,-55.92,-52.14,-46.06,-52.05,-55.35,-54.72,-42.87,-54.07,-52.73,-53.95,2026-07-21 11:52:03+00:00
2026-07-21T11:53:03+00:00,-49.24,-55.85,-53.50,-55.70,-63.88,-49.90,-47.50,-56.42,-51.11,-46.12,-52.13,-55.07,-53.38,-43.19,-52.22,-53.26,-54.81,2026-07-21 11:53:03+00:00
2026-07-21T11:54:03+00:00,-49.52,-55.94,-55.80,-55.87,-64.28,-50.22,-47.54,-56.78,-50.18,-46.32,-51.97,-55.61,-52.73,-43.28,-53.64,-52.77,-54.62,2026-07-21 11:54:03+00:00
2026-07-21T11:55:04+00:00,-50.42,-56.97,-56.35,-55.96,-63.97,-50.07,-47.50,-58.00,-50.52,-46.15,-52.78,-55.82,-53.02,-43.55,-54.28,-53.26,-54.63,2026-07-21 11:55:04+00:00
2026-07-21T11:56:04+00:00,-49.40,-56.90,-56.16,-55.80,-65.18,-49.93,-47.54,-57.13,-50.53,-46.14,-52.42,-55.42,-53.02,-43.71,-53.65,-53.88,-53.67,2026-07-21 11:56:04+00:00
2026-07-21T11:57:03+00:00,-50.97,-57.40,-56.46,-56.06,-64.28,-50.12,-47.81,-57.99,-50.64,-46.05,-52.90,-55.99,-53.27,-44.03,-54.43,-53.37,-55.10,2026-07-21 11:57:03+00:00
2026-07-21T11:58:04+00:00,-51.38,-57.33,-56.25,-56.09,-64.74,-48.53,-47.76,-58.19,-50.45,-45.88,-52.95,-56.07,-53.20,-44.07,-54.12,-53.34,-54.75,2026-07-21 11:58:04+00:00
2026-07-21T11:59:04+00:00,-50.45,-57.42,-56.14,-56.43,-63.77,-48.17,-47.76,-58.31,-50.69,-46.18,-52.75,-56.00,-53.08,-44.27,-55.07,-53.31,-53.68,2026-07-21 11:59:04+00:00
2026-07-21T12:00:03+00:00,-49.04,-57.85,-50.01,-56.14,-63.80,-47.34,-47.45,-58.29,-52.52,-46.12,-52.93,-54.24,-55.19,-44.52,-55.12,-53.22,-55.18,2026-07-21 12:00:03+00:00
2026-07-21T12:01:06+00:00,-51.12,-56.86,-51.38,-56.30,-64.15,-47.24,-47.44,-57.08,-52.83,-46.13,-52.82,-55.74,-55.63,-44.46,-54.92,-53.40,-54.91,2026-07-21 12:01:06+00:00
2026-07-21T12:02:04+00:00,-47.77,-58.11,-51.36,-55.76,-65.60,-47.26,-47.14,-57.36,-51.29,-45.92,-52.85,-55.75,-55.25,-44.67,-55.32,-53.64,-53.43,2026-07-21 12:02:04+00:00
2026-07-21T12:03:03+00:00,-47.72,-58.00,-51.53,-56.04,-64.58,-47.42,-47.12,-57.74,-51.39,-45.93,-52.80,-56.11,-55.76,-44.74,-55.21,-53.71,-53.86,2026-07-21 12:03:03+00:00
2026-07-21T12:04:04+00:00,-47.73,-58.19,-51.53,-56.49,-64.17,-47.37,-47.10,-58.12,-51.47,-46.02,-53.00,-56.31,-55.40,-44.85,-54.84,-54.04,-54.84,2026-07-21 12:04:04+00:00
2026-07-21T12:05:04+00:00,-47.73,-57.37,-51.69,-56.53,-64.68,-47.54,-47.30,-57.91,-51.58,-46.16,-53.01,-55.99,-55.35,-45.12,-55.60,-53.70,-53.02,2026-07-21 12:05:04+00:00
2026-07-21T12:06:04+00:00,-47.84,-57.18,-52.73,-56.37,-65.33,-47.22,-47.43,-57.74,-51.46,-45.89,-52.98,-56.48,-55.50,-45.34,-55.59,-53.92,-55.20,2026-07-21 12:06:04+00:00
2026-07-21T12:07:03+00:00,-49.34,-57.38,-60.13,-57.32,-65.60,-47.41,-48.59,-59.39,-55.03,-45.83,-53.34,-57.98,-55.88,-45.76,-55.64,-53.87,-54.95,2026-07-21 12:07:03+00:00
2026-07-21T12:08:03+00:00,-48.32,-57.45,-61.05,-57.18,-65.11,-47.59,-48.45,-59.92,-55.15,-45.87,-53.37,-58.76,-56.04,-46.01,-56.07,-54.45,-55.20,2026-07-21 12:08:03+00:00
2026-07-21T12:09:04+00:00,-48.13,-58.09,-61.22,-57.38,-65.41,-47.36,-48.49,-60.34,-55.20,-45.89,-53.24,-59.00,-56.20,-46.20,-55.97,-54.27,-54.19,2026-07-21 12:09:04+00:00
2026-07-21T12:10:04+00:00,-48.41,-57.44,-60.15,-56.65,-66.27,-47.41,-48.62,-59.41,-54.99,-45.80,-53.10,-58.24,-55.61,-46.11,-55.79,-54.27,-54.11,2026-07-21 12:10:04+00:00
2026-07-21T12:11:03+00:00,-48.23,-58.00,-61.73,-57.46,-66.17,-47.55,-48.52,-60.63,-55.16,-46.07,-53.41,-59.35,-56.28,-46.08,-56.03,-54.19,-55.31,2026-07-21 12:11:03+00:00
2026-07-21T12:12:03+00:00,-48.15,-58.33,-60.00,-53.81,-66.15,-47.37,-47.26,-50.67,-54.96,-45.99,-53.20,-58.94,-55.91,-46.15,-55.94,-53.65,-54.82,2026-07-21 12:12:03+00:00
2026-07-21T12:13:04+00:00,-47.98,-57.98,-56.05,-56.59,-64.53,-47.54,-47.47,-56.37,-55.12,-45.57,-52.75,-58.47,-55.77,-46.13,-55.39,-53.76,-55.07,2026-07-21 12:13:04+00:00
2026-07-21T12:14:04+00:00,-49.40,-58.33,-56.25,-57.17,-65.73,-47.73,-47.71,-56.70,-55.46,-45.74,-52.71,-58.93,-56.03,-46.65,-56.08,-53.88,-54.99,2026-07-21 12:14:04+00:00
2026-07-21T12:15:03+00:00,-48.10,-57.83,-60.38,-56.47,-66.00,-47.71,-47.53,-58.39,-55.32,-45.64,-52.80,-58.59,-56.00,-46.70,-55.99,-53.80,-54.68,2026-07-21 12:15:03+00:00
2026-07-21T12:16:03+00:00,-47.53,-57.57,-61.31,-56.55,-64.90,-47.81,-47.92,-59.11,-54.93,-45.74,-52.43,-58.74,-58.93,-47.04,-55.81,-54.15,-54.59,2026-07-21 12:16:03+00:00
2026-07-21T12:17:03+00:00,-49.22,-58.12,-60.69,-56.13,-65.36,-47.97,-47.24,-50.95,-58.90,-45.66,-52.92,-58.76,-59.26,-47.06,-56.25,-53.60,-54.70,2026-07-21 12:17:03+00:00
2026-07-21T12:18:04+00:00,-49.04,-57.79,-61.02,-57.30,-65.63,-48.07,-48.55,-59.56,-58.64,-45.91,-53.33,-59.29,-57.84,-47.31,-56.31,-53.87,-54.10,2026-07-21 12:18:04+00:00
2026-07-21T12:19:04+00:00,-49.13,-58.31,-59.07,-56.51,-65.06,-47.88,-47.43,-53.48,-58.58,-45.57,-53.19,-58.51,-56.16,-47.35,-55.91,-53.85,-54.09,2026-07-21 12:19:04+00:00
2026-07-21T12:20:03+00:00,-49.54,-58.05,-61.09,-56.82,-64.90,-48.03,-47.85,-59.13,-57.07,-45.74,-53.10,-58.66,-56.15,-47.60,-55.44,-53.41,-53.97,2026-07-21 12:20:03+00:00
2026-07-21T12:21:03+00:00,-48.74,-58.74,-61.40,-57.09,-65.05,-47.73,-47.37,-59.66,-57.18,-45.65,-53.33,-59.28,-56.34,-47.86,-56.26,-53.41,-54.14,2026-07-21 12:21:03+00:00
2026-07-21T12:22:04+00:00,-49.15,-58.45,-60.99,-56.95,-64.77,-47.68,-47.17,-54.28,-57.03,-45.19,-53.32,-57.65,-56.18,-48.10,-56.23,-53.46,-54.81,2026-07-21 12:22:04+00:00
2026-07-21T12:23:04+00:00,-49.18,-58.48,-60.73,-56.69,-65.06,-47.80,-47.43,-52.59,-57.69,-45.43,-53.36,-59.04,-56.31,-48.05,-56.12,-53.24,-54.14,2026-07-21 12:23:04+00:00
2026-07-21T12:24:04+00:00,-49.85,-57.62,-50.75,-57.10,-65.01,-47.98,-47.39,-58.96,-57.25,-45.62,-53.18,-59.72,-55.91,-48.20,-56.22,-53.40,-54.93,2026-07-21 12:24:04+00:00
2026-07-21T12:25:03+00:00,-49.04,-57.56,-59.23,-57.20,-65.88,-47.79,-47.55,-59.46,-55.20,-45.59,-53.15,-60.26,-55.42,-48.30,-55.53,-52.64,-54.55,2026-07-21 12:25:03+00:00
2026-07-21T12:26:03+00:00,-49.23,-57.13,-57.54,-57.26,-64.63,-47.84,-47.41,-59.58,-53.34,-45.64,-53.53,-60.53,-53.66,-48.54,-55.46,-53.02,-54.64,2026-07-21 12:26:03+00:00
2026-07-21T12:27:04+00:00,-49.22,-57.69,-56.23,-56.89,-65.41,-47.52,-47.45,-59.20,-53.41,-45.65,-53.18,-60.17,-53.38,-48.61,-55.67,-52.54,-54.94,2026-07-21 12:27:04+00:00
2026-07-21T12:28:04+00:00,-49.18,-57.80,-56.31,-57.38,-65.30,-47.86,-47.60,-59.50,-53.65,-45.75,-53.54,-60.58,-53.76,-48.61,-55.94,-53.04,-54.99,2026-07-21 12:28:04+00:00
2026-07-21T12:29:03+00:00,-48.69,-57.69,-56.23,-57.17,-65.04,-47.35,-47.49,-59.56,-53.52,-45.65,-53.32,-60.05,-53.51,-48.96,-55.58,-52.16,-53.94,2026-07-21 12:29:03+00:00
2026-07-21T12:30:03+00:00,-51.64,-58.53,-56.32,-57.29,-65.71,-47.45,-47.79,-59.45,-53.44,-45.83,-53.43,-60.47,-53.32,-49.00,-55.85,-52.33,-54.03,2026-07-21 12:30:03+00:00
2026-07-21T12:31:06+00:00,-51.96,-57.91,-56.55,-57.29,-65.24,-47.98,-47.59,-59.52,-53.54,-45.72,-53.25,-60.06,-53.47,-48.90,-55.74,-52.01,-54.87,2026-07-21 12:31:06+00:00
2026-07-21T12:32:03+00:00,-51.81,-56.89,-56.36,-57.31,-66.76,-47.45,-47.54,-59.07,-53.50,-45.72,-53.08,-60.15,-53.26,-48.93,-55.77,-52.02,-55.17,2026-07-21 12:32:03+00:00
2026-07-21T12:33:04+00:00,-51.71,-56.87,-56.28,-57.07,-64.56,-47.44,-47.54,-58.67,-53.41,-45.77,-53.27,-59.72,-53.23,-49.00,-55.73,-51.68,-54.72,2026-07-21 12:33:04+00:00
2026-07-21T12:34:04+00:00,-51.60,-56.36,-55.55,-57.03,-64.83,-47.65,-47.39,-58.09,-53.31,-45.75,-52.75,-58.93,-53.18,-49.06,-55.67,-51.72,-54.71,2026-07-21 12:34:04+00:00
2026-07-21T12:35:03+00:00,-51.88,-57.24,-55.68,-57.25,-65.65,-50.25,-47.65,-58.67,-54.49,-45.62,-53.09,-59.81,-53.51,-49.20,-55.26,-51.82,-54.93,2026-07-21 12:35:03+00:00
2026-07-21T12:36:03+00:00,-50.48,-57.19,-55.88,-57.16,-65.11,-50.11,-47.48,-58.68,-53.93,-45.59,-53.25,-59.44,-53.54,-49.24,-55.87,-51.44,-54.92,2026-07-21 12:36:03+00:00
2026-07-21T12:37:03+00:00,-50.31,-58.08,-55.96,-57.29,-66.16,-49.93,-47.33,-59.12,-51.35,-45.79,-53.19,-59.82,-53.62,-49.14,-55.63,-51.78,-53.99,2026-07-21 12:37:03+00:00
2026-07-21T12:38:04+00:00,-50.07,-57.65,-50.41,-57.40,-65.88,-50.23,-47.59,-58.94,-52.80,-45.77,-53.05,-56.33,-55.33,-49.40,-55.98,-51.29,-54.03,2026-07-21 12:38:04+00:00
2026-07-21T12:39:04+00:00,-50.25,-56.73,-60.52,-56.92,-65.36,-50.54,-48.44,-58.85,-53.04,-45.68,-52.92,-60.14,-55.77,-49.38,-55.48,-50.85,-54.06,2026-07-21 12:39:04+00:00
2026-07-21T12:40:04+00:00,-50.44,-56.24,-61.44,-57.83,-65.38,-50.77,-48.26,-60.06,-53.23,-45.63,-53.30,-60.59,-55.79,-49.69,-56.08,-51.55,-55.40,2026-07-21 12:40:04+00:00
2026-07-21T12:41:03+00:00,-50.54,-57.21,-61.83,-57.82,-65.33,-50.62,-48.30,-60.64,-53.26,-45.65,-53.09,-60.86,-55.36,-49.38,-55.95,-51.07,-54.25,2026-07-21 12:41:03+00:00
2026-07-21T12:42:04+00:00,-50.01,-57.63,-62.40,-57.46,-65.35,-50.66,-48.42,-60.51,-53.32,-45.57,-53.41,-61.63,-55.57,-49.71,-55.81,-51.32,-55.24,2026-07-21 12:42:04+00:00
2026-07-21T12:43:04+00:00,-50.57,-56.97,-61.67,-57.40,-65.38,-50.63,-48.25,-59.73,-53.35,-45.61,-53.09,-60.67,-55.69,-49.67,-56.25,-51.12,-54.23,2026-07-21 12:43:04+00:00
2026-07-21T12:44:04+00:00,-50.95,-56.39,-61.93,-57.54,-65.33,-50.80,-48.27,-60.30,-53.36,-45.43,-53.25,-61.71,-55.71,-49.82,-55.85,-51.00,-55.21,2026-07-21 12:44:04+00:00
2026-07-21T12:45:03+00:00,-50.48,-57.61,-61.37,-56.98,-65.34,-50.61,-47.07,-50.27,-53.21,-45.18,-52.96,-59.87,-55.32,-49.83,-55.79,-51.05,-54.36,2026-07-21 12:45:03+00:00
2026-07-21T12:46:03+00:00,-49.76,-58.12,-56.12,-57.37,-66.15,-50.40,-47.40,-56.25,-53.01,-45.44,-53.11,-60.31,-55.67,-50.10,-55.92,-50.81,-54.60,2026-07-21 12:46:03+00:00
2026-07-21T12:47:04+00:00,-48.28,-57.01,-55.90,-57.39,-65.79,-50.49,-47.42,-56.30,-51.56,-45.74,-53.04,-60.62,-55.03,-50.20,-55.96,-50.81,-54.11,2026-07-21 12:47:04+00:00
2026-07-21T12:48:04+00:00,-48.37,-57.36,-61.23,-57.51,-66.47,-50.57,-47.91,-59.04,-51.56,-45.54,-52.58,-61.03,-55.42,-50.57,-55.61,-50.64,-54.00,2026-07-21 12:48:04+00:00
2026-07-21T12:49:03+00:00,-47.83,-57.54,-60.78,-57.23,-65.40,-50.53,-48.09,-58.83,-51.55,-45.57,-51.78,-60.20,-55.13,-50.48,-55.33,-50.37,-54.04,2026-07-21 12:49:03+00:00
2026-07-21T12:50:04+00:00,-48.14,-56.63,-61.08,-57.24,-64.88,-50.42,-48.17,-58.81,-51.64,-45.61,-52.62,-61.04,-54.76,-50.58,-55.83,-50.51,-54.03,2026-07-21 12:50:04+00:00
2026-07-21T12:51:04+00:00,-48.40,-58.30,-61.97,-57.58,-65.47,-50.67,-47.84,-59.72,-51.70,-45.77,-52.67,-61.91,-53.99,-50.58,-55.78,-50.88,-54.42,2026-07-21 12:51:04+00:00
2026-07-21T12:52:04+00:00,-48.24,-58.13,-58.08,-58.03,-65.86,-50.54,-47.50,-55.80,-54.89,-45.44,-53.02,-61.57,-53.70,-50.67,-55.88,-51.05,-54.87,2026-07-21 12:52:04+00:00
2026-07-21T12:53:03+00:00,-48.49,-58.79,-55.98,-57.94,-65.65,-50.36,-47.26,-56.26,-54.93,-45.47,-53.13,-60.68,-53.27,-50.80,-55.49,-51.02,-54.65,2026-07-21 12:53:03+00:00
2026-07-21T12:54:03+00:00,-48.14,-57.44,-55.75,-58.42,-65.08,-50.59,-46.87,-58.43,-55.19,-45.66,-53.32,-61.70,-53.63,-51.03,-55.96,-51.10,-55.04,2026-07-21 12:54:03+00:00
2026-07-21T12:55:04+00:00,-48.25,-57.27,-52.93,-57.93,-64.47,-50.56,-47.54,-58.66,-55.12,-45.45,-53.06,-61.67,-54.09,-51.02,-56.09,-51.70,-53.75,2026-07-21 12:55:04+00:00
2026-07-21T12:56:04+00:00,-48.35,-58.05,-52.80,-58.46,-65.34,-50.53,-46.90,-58.47,-54.93,-45.52,-52.97,-61.12,-54.02,-51.23,-56.40,-51.79,-53.89,2026-07-21 12:56:04+00:00
2026-07-21T12:57:03+00:00,-48.23,-57.90,-52.93,-58.24,-65.22,-50.50,-46.84,-58.44,-55.11,-45.50,-52.95,-61.22,-54.68,-51.05,-56.18,-51.63,-54.46,2026-07-21 12:57:03+00:00
2026-07-21T12:58:03+00:00,-48.19,-57.20,-52.60,-58.35,-64.95,-50.54,-47.14,-58.59,-54.96,-45.55,-52.87,-61.17,-54.72,-51.18,-55.97,-51.55,-53.88,2026-07-21 12:58:03+00:00
2026-07-21T12:59:04+00:00,-48.45,-57.38,-50.61,-58.70,-65.42,-50.41,-47.25,-59.48,-55.15,-45.46,-53.13,-60.88,-54.34,-51.48,-55.65,-51.48,-54.60,2026-07-21 12:59:04+00:00
2026-07-21T13:00:04+00:00,-48.20,-59.05,-50.80,-58.51,-66.70,-49.12,-47.36,-59.35,-54.88,-45.30,-52.99,-60.67,-54.66,-51.34,-56.12,-51.54,-52.81,2026-07-21 13:00:04+00:00
2026-07-21T13:01:07+00:00,-48.54,-59.75,-50.96,-58.67,-65.27,-48.92,-47.02,-59.86,-58.20,-45.35,-52.96,-61.40,-55.01,-51.77,-56.30,-51.84,-52.97,2026-07-21 13:01:07+00:00
2026-07-21T13:02:04+00:00,-50.10,-57.95,-50.83,-58.49,-64.85,-47.45,-46.90,-59.05,-58.61,-45.24,-52.88,-60.94,-54.81,-51.91,-55.86,-51.77,-52.79,2026-07-21 13:02:04+00:00
2026-07-21T13:03:04+00:00,-49.74,-58.25,-50.92,-58.42,-65.11,-47.64,-46.93,-58.77,-59.18,-45.30,-52.86,-61.18,-54.73,-51.93,-55.91,-51.34,-51.72,2026-07-21 13:03:04+00:00
2026-07-21T13:04:03+00:00,-50.96,-58.97,-50.60,-58.10,-66.17,-47.85,-47.01,-58.83,-59.23,-45.18,-52.67,-60.33,-54.59,-52.03,-55.85,-51.52,-54.89,2026-07-21 13:04:03+00:00
2026-07-21T13:05:03+00:00,-49.80,-58.66,-50.64,-59.22,-65.31,-47.73,-46.97,-59.18,-57.58,-45.45,-51.84,-60.06,-54.58,-52.32,-56.14,-51.51,-54.73,2026-07-21 13:05:03+00:00
2026-07-21T13:06:03+00:00,-50.73,-57.89,-50.66,-58.53,-65.45,-47.72,-46.88,-59.34,-57.88,-45.47,-53.02,-60.76,-54.57,-52.30,-55.55,-51.61,-54.84,2026-07-21 13:06:03+00:00
2026-07-21T13:07:04+00:00,-49.51,-58.25,-50.43,-58.50,-66.21,-47.61,-47.02,-59.48,-57.78,-45.55,-53.09,-60.82,-54.62,-52.50,-56.08,-51.56,-54.64,2026-07-21 13:07:04+00:00
2026-07-21T13:08:04+00:00,-49.88,-58.57,-49.55,-57.74,-65.66,-47.61,-46.93,-59.23,-57.38,-45.28,-52.10,-59.36,-54.52,-52.18,-55.99,-51.63,-53.96,2026-07-21 13:08:04+00:00
2026-07-21T13:09:03+00:00,-50.92,-59.13,-63.60,-58.20,-66.43,-47.75,-48.02,-60.68,-57.65,-45.23,-51.75,-62.81,-55.00,-52.71,-56.10,-51.41,-54.81,2026-07-21 13:09:03+00:00
2026-07-21T13:10:04+00:00,-51.36,-57.92,-62.76,-58.98,-65.42,-47.74,-48.22,-59.34,-57.78,-45.30,-52.21,-60.94,-55.08,-52.80,-55.95,-51.45,-54.91,2026-07-21 13:10:04+00:00
2026-07-21T13:11:04+00:00,-50.57,-57.56,-63.64,-58.27,-65.17,-47.77,-48.09,-60.64,-57.65,-45.39,-52.06,-63.47,-54.73,-52.72,-55.98,-51.27,-54.77,2026-07-21 13:11:04+00:00
2026-07-21T13:12:03+00:00,-50.60,-57.66,-63.26,-58.85,-66.25,-47.70,-48.17,-60.58,-57.63,-45.33,-52.03,-62.74,-54.77,-52.55,-55.86,-51.19,-54.09,2026-07-21 13:12:03+00:00
2026-07-21T13:13:03+00:00,-50.52,-57.30,-62.71,-58.87,-66.30,-47.69,-48.11,-61.14,-57.77,-45.39,-51.97,-61.90,-54.80,-52.74,-56.37,-51.23,-53.75,2026-07-21 13:13:03+00:00
2026-07-21T13:14:03+00:00,-50.37,-57.72,-62.70,-58.78,-66.45,-47.91,-48.01,-60.81,-57.24,-45.37,-51.95,-62.85,-54.81,-52.73,-55.86,-51.47,-54.85,2026-07-21 13:14:03+00:00
2026-07-21T13:15:04+00:00,-50.58,-57.89,-62.62,-58.75,-66.45,-48.07,-47.02,-52.56,-57.19,-45.05,-52.05,-61.65,-54.74,-52.60,-55.23,-51.13,-53.85,2026-07-21 13:15:04+00:00
2026-07-21T13:16:04+00:00,-51.16,-58.12,-62.02,-55.82,-65.46,-48.10,-47.23,-49.75,-57.38,-45.58,-52.23,-61.63,-54.96,-51.84,-55.34,-51.14,-54.78,2026-07-21 13:16:04+00:00
2026-07-21T13:17:03+00:00,-49.81,-57.62,-62.49,-55.26,-65.62,-48.15,-47.09,-48.30,-57.41,-45.21,-51.93,-62.47,-54.78,-52.36,-55.51,-51.23,-53.87,2026-07-21 13:17:03+00:00
2026-07-21T13:18:03+00:00,-50.48,-56.94,-62.04,-58.86,-65.80,-48.19,-47.75,-60.82,-56.94,-45.31,-51.17,-61.27,-55.13,-52.54,-54.10,-51.15,-54.03,2026-07-21 13:18:03+00:00
2026-07-21T13:19:03+00:00,-50.22,-58.19,-62.55,-58.80,-64.84,-48.17,-48.25,-60.42,-57.15,-45.41,-51.72,-61.43,-54.94,-52.64,-55.52,-51.06,-53.96,2026-07-21 13:19:03+00:00
2026-07-21T13:20:04+00:00,-50.63,-57.64,-62.42,-58.39,-65.26,-48.25,-47.97,-60.34,-59.19,-45.37,-51.69,-61.69,-54.77,-52.54,-55.51,-51.33,-55.01,2026-07-21 13:20:04+00:00
2026-07-21T13:21:04+00:00,-50.23,-57.56,-62.62,-59.01,-65.30,-48.21,-47.54,-59.72,-59.56,-45.49,-51.80,-61.30,-55.07,-52.63,-55.41,-51.42,-54.17,2026-07-21 13:21:04+00:00
2026-07-21T13:22:04+00:00,-51.05,-57.62,-59.89,-59.25,-65.97,-48.21,-47.39,-55.19,-53.03,-45.26,-51.95,-61.00,-55.64,-52.99,-55.60,-51.57,-54.12,2026-07-21 13:22:04+00:00
2026-07-21T13:23:03+00:00,-50.67,-57.83,-57.66,-58.72,-65.01,-48.12,-47.37,-56.34,-50.67,-45.38,-51.85,-61.30,-55.73,-53.04,-55.46,-51.76,-54.80,2026-07-21 13:23:03+00:00
2026-07-21T13:24:04+00:00,-49.76,-57.90,-49.12,-57.15,-66.14,-48.14,-47.40,-59.32,-50.70,-45.35,-51.84,-56.90,-55.49,-52.92,-55.49,-51.91,-54.14,2026-07-21 13:24:04+00:00
2026-07-21T13:25:04+00:00,-49.48,-58.03,-59.74,-58.22,-65.67,-47.87,-47.53,-59.48,-50.05,-45.26,-51.90,-61.72,-54.47,-53.12,-54.97,-51.28,-54.79,2026-07-21 13:25:04+00:00
2026-07-21T13:26:04+00:00,-50.15,-56.88,-60.04,-58.54,-66.17,-48.14,-47.77,-59.76,-50.40,-45.33,-51.96,-60.09,-55.03,-53.59,-55.72,-50.62,-54.09,2026-07-21 13:26:04+00:00
2026-07-21T13:27:04+00:00,-50.50,-57.81,-60.33,-58.66,-65.38,-45.68,-47.64,-59.48,-50.26,-45.44,-52.01,-59.30,-55.01,-53.41,-55.49,-50.90,-54.03,2026-07-21 13:27:04+00:00
2026-07-21T13:28:03+00:00,-50.25,-57.45,-62.11,-58.66,-66.83,-45.78,-48.68,-60.59,-50.84,-45.46,-51.86,-58.77,-55.80,-53.52,-56.08,-51.73,-55.31,2026-07-21 13:28:03+00:00
2026-07-21T13:29:03+00:00,-50.07,-56.89,-62.19,-58.94,-65.73,-45.97,-48.60,-60.21,-50.90,-45.39,-50.91,-60.62,-55.41,-53.44,-55.67,-51.91,-54.78,2026-07-21 13:29:03+00:00
2026-07-21T13:30:04+00:00,-49.27,-57.67,-61.50,-58.57,-65.66,-44.89,-42.78,-58.36,-50.92,-45.41,-51.31,-58.41,-55.44,-53.30,-55.79,-52.07,-54.11,2026-07-21 13:30:04+00:00
2026-07-21T13:31:07+00:00,-49.41,-57.32,-61.60,-58.50,-65.40,-45.00,-42.50,-58.39,-50.29,-45.24,-51.57,-57.56,-55.61,-53.15,-56.05,-52.22,-54.02,2026-07-21 13:31:07+00:00
2026-07-21T13:32:04+00:00,-48.10,-57.07,-62.68,-58.39,-65.55,-44.73,-42.50,-58.37,-50.00,-45.48,-51.46,-60.03,-55.78,-53.68,-56.00,-52.05,-54.84,2026-07-21 13:32:04+00:00
2026-07-21T13:33:03+00:00,-47.58,-57.28,-62.29,-58.47,-64.86,-44.83,-42.52,-58.31,-50.04,-45.30,-51.09,-59.87,-56.04,-53.34,-55.89,-52.65,-54.70,2026-07-21 13:33:03+00:00
2026-07-21T13:34:03+00:00,-47.60,-57.08,-61.89,-58.65,-66.09,-44.94,-42.51,-58.24,-50.09,-45.14,-51.53,-56.06,-55.72,-53.39,-56.13,-52.27,-54.79,2026-07-21 13:34:03+00:00
2026-07-21T13:35:04+00:00,-47.40,-57.62,-62.02,-58.43,-65.10,-44.71,-42.47,-58.11,-50.08,-45.10,-50.70,-54.80,-55.60,-53.73,-55.70,-52.15,-54.99,2026-07-21 13:35:04+00:00
2026-07-21T13:36:04+00:00,-47.63,-57.03,-62.13,-58.75,-65.80,-44.85,-42.50,-58.08,-50.07,-44.95,-50.76,-62.19,-55.80,-53.82,-55.92,-52.28,-55.01,2026-07-21 13:36:04+00:00
2026-07-21T13:37:04+00:00,-48.09,-57.80,-62.32,-59.10,-65.73,-45.06,-42.48,-58.65,-52.55,-44.95,-50.78,-62.22,-55.77,-54.00,-56.14,-51.75,-54.93,2026-07-21 13:37:04+00:00
2026-07-21T13:38:03+00:00,-48.04,-58.15,-62.26,-58.88,-65.78,-45.00,-42.59,-58.46,-55.65,-44.98,-50.70,-61.83,-55.65,-54.01,-56.14,-51.95,-54.85,2026-07-21 13:38:03+00:00
2026-07-21T13:39:03+00:00,-48.10,-57.76,-62.04,-58.80,-65.76,-44.86,-42.67,-58.16,-55.30,-45.27,-50.71,-61.58,-55.87,-53.98,-56.14,-51.93,-54.79,2026-07-21 13:39:03+00:00
2026-07-21T13:40:04+00:00,-48.41,-58.34,-62.29,-58.82,-66.32,-44.83,-42.41,-54.78,-55.34,-45.29,-50.64,-61.97,-55.83,-54.38,-55.60,-51.78,-54.07,2026-07-21 13:40:04+00:00
2026-07-21T13:41:04+00:00,-47.33,-57.84,-62.65,-58.69,-65.16,-44.97,-42.49,-51.13,-55.16,-45.17,-50.67,-61.81,-55.77,-54.30,-55.82,-52.05,-54.10,2026-07-21 13:41:04+00:00
2026-07-21T13:42:03+00:00,-48.02,-56.45,-62.61,-58.60,-64.98,-45.45,-42.65,-50.91,-55.18,-45.22,-50.45,-61.35,-55.70,-54.44,-56.26,-52.01,-54.19,2026-07-21 13:42:03+00:00
2026-07-21T13:43:03+00:00,-48.13,-57.86,-62.21,-58.80,-65.04,-48.42,-42.55,-50.91,-55.33,-44.99,-50.67,-61.97,-55.56,-54.76,-55.86,-52.16,-54.87,2026-07-21 13:43:03+00:00
2026-07-21T13:44:04+00:00,-48.13,-58.14,-62.09,-58.99,-66.40,-48.10,-42.66,-50.92,-55.08,-45.10,-50.41,-61.06,-55.56,-54.88,-56.17,-52.24,-54.08,2026-07-21 13:44:04+00:00
2026-07-21T13:45:04+00:00,-48.43,-59.09,-63.26,-58.95,-67.20,-48.37,-42.63,-50.95,-55.27,-45.15,-50.59,-62.03,-55.69,-55.00,-56.12,-52.47,-54.13,2026-07-21 13:45:04+00:00
2026-07-21T13:46:03+00:00,-48.29,-58.92,-63.01,-59.13,-66.34,-48.16,-42.50,-51.07,-58.24,-45.17,-50.92,-62.29,-55.71,-55.14,-55.94,-52.11,-54.66,2026-07-21 13:46:03+00:00
2026-07-21T13:47:03+00:00,-49.48,-59.21,-62.15,-59.01,-65.37,-48.22,-42.64,-51.02,-59.25,-45.01,-50.73,-61.36,-55.27,-55.13,-55.93,-52.81,-54.95,2026-07-21 13:47:03+00:00
2026-07-21T13:48:04+00:00,-50.08,-59.68,-62.97,-59.17,-66.29,-48.30,-42.60,-50.94,-59.48,-45.17,-50.61,-62.94,-55.45,-55.21,-56.49,-52.21,-54.15,2026-07-21 13:48:04+00:00
2026-07-21T13:49:04+00:00,-49.60,-59.44,-62.72,-59.01,-65.61,-48.43,-42.64,-51.06,-58.93,-45.06,-50.05,-62.31,-55.58,-55.47,-56.08,-52.47,-54.05,2026-07-21 13:49:04+00:00
2026-07-21T13:50:03+00:00,-49.52,-57.81,-63.91,-59.55,-65.71,-48.37,-42.42,-51.14,-57.58,-45.05,-50.56,-63.30,-55.66,-55.97,-55.96,-52.67,-54.87,2026-07-21 13:50:03+00:00
2026-07-21T13:51:04+00:00,-49.94,-58.75,-63.38,-59.31,-65.20,-48.05,-42.60,-50.97,-57.19,-45.02,-50.62,-62.45,-55.46,-56.05,-56.05,-52.41,-54.81,2026-07-21 13:51:04+00:00
2026-07-21T13:52:04+00:00,-50.18,-59.40,-63.12,-59.29,-65.21,-48.26,-42.55,-50.90,-57.34,-45.03,-50.53,-62.27,-55.85,-56.26,-55.80,-52.57,-54.64,2026-07-21 13:52:04+00:00
2026-07-21T13:53:04+00:00,-49.54,-58.91,-63.48,-59.94,-65.49,-48.54,-42.67,-51.03,-57.94,-45.21,-50.87,-62.90,-55.64,-56.25,-56.24,-52.13,-54.82,2026-07-21 13:53:04+00:00
2026-07-21T13:54:03+00:00,-49.66,-58.03,-63.95,-59.40,-66.76,-48.51,-42.60,-51.04,-58.06,-45.16,-50.08,-63.03,-55.51,-56.59,-55.94,-52.08,-54.90,2026-07-21 13:54:03+00:00
2026-07-21T13:55:03+00:00,-50.06,-59.30,-62.30,-59.61,-65.54,-48.00,-42.62,-51.12,-57.62,-45.02,-50.24,-60.98,-55.52,-55.80,-55.67,-51.95,-54.19,2026-07-21 13:55:03+00:00
2026-07-21T13:56:04+00:00,-49.45,-59.81,-63.72,-60.28,-66.05,-48.58,-42.82,-51.29,-58.38,-45.24,-50.53,-63.18,-55.77,-56.32,-56.21,-52.04,-55.18,2026-07-21 13:56:04+00:00
2026-07-21T13:57:04+00:00,-48.82,-59.29,-61.85,-59.00,-66.08,-48.34,-42.79,-51.17,-57.46,-44.94,-50.40,-61.34,-55.48,-55.60,-55.36,-52.10,-54.80,2026-07-21 13:57:04+00:00
2026-07-21T13:58:03+00:00,-47.55,-57.39,-63.45,-60.20,-66.09,-48.29,-42.70,-51.22,-57.91,-45.35,-50.56,-62.31,-55.88,-56.03,-56.00,-51.85,-54.20,2026-07-21 13:58:03+00:00
2026-07-21T13:59:03+00:00,-49.26,-58.09,-64.19,-59.85,-65.71,-48.41,-42.70,-51.16,-57.98,-45.05,-50.91,-63.14,-55.59,-56.50,-55.90,-52.10,-54.02,2026-07-21 13:59:03+00:00
2026-07-21T14:00:04+00:00,-49.13,-59.94,-63.84,-59.15,-65.61,-48.36,-42.67,-51.16,-57.83,-45.20,-50.74,-62.93,-55.64,-56.40,-56.47,-51.84,-54.82,2026-07-21 14:00:04+00:00
2026-07-21T14:01:07+00:00,-49.15,-58.09,-65.07,-59.87,-65.68,-48.42,-42.71,-51.23,-58.12,-45.19,-50.20,-64.06,-55.85,-56.84,-56.18,-51.96,-54.01,2026-07-21 14:01:07+00:00
2026-07-21T14:02:03+00:00,-47.69,-58.48,-64.33,-59.39,-65.78,-48.34,-42.69,-50.86,-58.01,-45.26,-50.93,-63.58,-55.89,-56.82,-56.31,-52.20,-54.83,2026-07-21 14:02:03+00:00
2026-07-21T14:03:04+00:00,-47.49,-58.64,-64.45,-59.48,-66.62,-47.60,-42.87,-50.89,-58.05,-45.15,-50.61,-63.28,-56.08,-57.27,-56.07,-52.10,-54.18,2026-07-21 14:03:04+00:00
2026-07-21T14:04:04+00:00,-47.88,-58.35,-63.65,-59.68,-66.09,-47.54,-42.77,-50.91,-57.93,-45.16,-50.61,-63.60,-55.39,-57.33,-55.98,-51.94,-54.07,2026-07-21 14:04:04+00:00
2026-07-21T14:05:03+00:00,-48.76,-59.46,-64.46,-59.88,-66.32,-44.82,-42.70,-51.07,-60.86,-45.24,-50.66,-63.39,-55.64,-58.39,-55.83,-52.05,-54.77,2026-07-21 14:05:03+00:00
2026-07-21T14:06:04+00:00,-48.23,-59.92,-65.04,-60.16,-66.10,-44.78,-42.68,-51.11,-60.85,-45.08,-50.66,-64.06,-55.94,-58.97,-56.26,-52.39,-54.86,2026-07-21 14:06:04+00:00
2026-07-21T14:07:03+00:00,-48.03,-58.53,-65.90,-60.31,-67.01,-44.77,-42.86,-51.16,-53.59,-45.25,-50.53,-64.32,-56.13,-59.29,-56.19,-52.39,-54.80,2026-07-21 14:07:03+00:00
2026-07-21T14:08:03+00:00,-49.18,-59.35,-65.06,-60.04,-66.21,-44.61,-42.54,-51.12,-51.23,-45.13,-50.99,-63.86,-55.76,-59.15,-56.76,-52.41,-54.63,2026-07-21 14:08:03+00:00
2026-07-21T14:09:04+00:00,-47.78,-58.41,-64.97,-60.08,-65.65,-44.90,-42.59,-51.04,-51.39,-45.24,-50.59,-63.76,-55.89,-58.69,-56.31,-52.52,-54.91,2026-07-21 14:09:04+00:00
2026-07-21T14:10:04+00:00,-50.00,-59.47,-64.63,-60.00,-65.81,-44.76,-42.69,-51.12,-51.17,-45.22,-50.50,-63.15,-55.95,-58.67,-56.50,-52.39,-54.62,2026-07-21 14:10:04+00:00
2026-07-21T14:11:04+00:00,-47.13,-59.99,-64.43,-59.90,-65.93,-44.75,-42.79,-51.08,-51.19,-45.41,-50.44,-63.57,-55.85,-58.30,-55.92,-52.43,-58.76,2026-07-21 14:11:04+00:00
2026-07-21T14:12:04+00:00,-47.11,-57.51,-64.96,-60.04,-65.74,-44.68,-42.82,-51.19,-51.40,-45.16,-50.34,-63.79,-55.79,-58.62,-56.40,-52.05,-57.31,2026-07-21 14:12:04+00:00
2026-07-21T14:13:03+00:00,-46.98,-58.69,-64.19,-60.13,-66.08,-44.70,-42.80,-51.04,-51.14,-45.09,-50.36,-63.38,-55.98,-58.35,-56.56,-52.20,-58.58,2026-07-21 14:13:03+00:00
2026-07-21T14:14:03+00:00,-49.54,-56.73,-63.24,-59.89,-66.22,-44.94,-42.69,-51.04,-51.30,-45.17,-50.43,-62.32,-55.88,-56.57,-56.13,-53.35,-57.06,2026-07-21 14:14:03+00:00
2026-07-21T14:15:04+00:00,-49.84,-59.53,-64.62,-59.94,-65.25,-45.06,-42.60,-51.13,-51.22,-45.44,-50.10,-63.10,-55.99,-54.62,-56.43,-54.66,-57.84,2026-07-21 14:15:04+00:00
2026-07-21T14:16:04+00:00,-47.90,-59.37,-64.87,-60.01,-65.31,-44.75,-42.67,-51.20,-50.47,-45.29,-50.52,-63.93,-55.95,-55.04,-56.91,-54.70,-59.02,2026-07-21 14:16:04+00:00
2026-07-21T14:17:03+00:00,-46.33,-59.29,-65.01,-60.00,-66.20,-45.01,-42.70,-51.20,-50.33,-45.27,-50.19,-64.00,-56.01,-55.48,-56.51,-54.59,-58.35,2026-07-21 14:17:03+00:00
2026-07-21T14:18:03+00:00,-46.29,-58.22,-65.06,-59.95,-65.22,-44.97,-42.53,-51.19,-50.33,-45.56,-50.25,-64.02,-56.06,-56.01,-56.82,-54.43,-57.62,2026-07-21 14:18:03+00:00
2026-07-21T14:19:04+00:00,-47.66,-59.48,-65.18,-60.25,-66.43,-45.18,-42.57,-51.16,-50.24,-45.36,-50.13,-63.92,-55.94,-56.39,-56.10,-53.95,-58.46,2026-07-21 14:19:04+00:00
2026-07-21T14:20:04+00:00,-48.20,-58.78,-65.58,-60.39,-66.28,-45.07,-42.80,-51.27,-50.28,-45.54,-50.30,-64.20,-55.94,-56.53,-56.36,-54.27,-58.78,2026-07-21 14:20:04+00:00
2026-07-21T14:21:03+00:00,-47.38,-59.76,-66.14,-60.58,-65.59,-45.20,-42.80,-51.25,-50.18,-45.22,-50.31,-64.16,-56.35,-57.04,-56.87,-54.02,-58.70,2026-07-21 14:21:03+00:00
2026-07-21T14:22:03+00:00,-46.62,-60.01,-66.28,-60.71,-66.00,-44.92,-42.54,-51.37,-52.62,-45.28,-50.38,-61.11,-56.36,-57.87,-56.58,-53.68,-58.84,2026-07-21 14:22:03+00:00
2026-07-21T14:23:04+00:00,-47.66,-58.25,-65.00,-59.99,-66.23,-44.97,-42.73,-51.36,-56.52,-45.29,-50.57,-59.78,-56.18,-58.03,-56.67,-53.68,-57.95,2026-07-21 14:23:04+00:00
2026-07-21T14:24:04+00:00,-48.25,-59.88,-64.35,-60.05,-66.51,-45.14,-42.64,-51.43,-56.31,-45.05,-50.37,-62.47,-56.07,-58.29,-56.85,-53.29,-56.83,2026-07-21 14:24:04+00:00
2026-07-21T14:25:03+00:00,-47.11,-59.29,-67.42,-60.45,-65.66,-45.33,-42.93,-51.53,-56.78,-45.09,-50.30,-65.48,-56.58,-58.87,-56.84,-53.19,-59.02,2026-07-21 14:25:03+00:00
2026-07-21T14:26:03+00:00,-46.71,-58.21,-66.27,-60.78,-66.13,-45.14,-42.79,-51.43,-56.60,-45.14,-50.38,-64.79,-56.27,-59.05,-56.74,-53.32,-53.92,2026-07-21 14:26:03+00:00
2026-07-21T14:27:04+00:00,-46.99,-59.41,-66.14,-60.85,-66.02,-45.29,-42.76,-51.53,-56.63,-44.88,-50.51,-64.75,-56.55,-58.99,-56.64,-53.18,-54.04,2026-07-21 14:27:04+00:00
2026-07-21T14:28:03+00:00,-47.35,-58.57,-66.72,-60.48,-65.32,-45.02,-42.71,-51.46,-56.12,-45.14,-50.06,-64.93,-56.62,-59.32,-57.15,-53.15,-53.88,2026-07-21 14:28:03+00:00
2026-07-21T14:29:03+00:00,-47.95,-58.89,-64.58,-60.40,-65.53,-45.36,-42.80,-51.33,-55.78,-44.89,-50.23,-64.11,-56.37,-58.99,-56.69,-52.71,-53.83,2026-07-21 14:29:03+00:00
2026-07-21T14:30:04+00:00,-47.44,-57.85,-66.51,-60.98,-65.77,-45.25,-42.73,-51.45,-55.93,-44.95,-50.57,-64.93,-56.70,-58.97,-56.79,-52.57,-54.49,2026-07-21 14:30:04+00:00
2026-07-21T14:31:07+00:00,-46.57,-58.09,-65.71,-60.39,-66.02,-45.29,-42.74,-51.50,-58.74,-45.03,-50.40,-64.12,-56.58,-58.85,-56.57,-52.01,-53.76,2026-07-21 14:31:07+00:00
2026-07-21T14:32:03+00:00,-49.45,-60.43,-66.23,-60.40,-66.78,-45.42,-42.70,-51.50,-60.17,-44.94,-50.41,-64.75,-56.64,-58.81,-57.15,-51.92,-54.57,2026-07-21 14:32:03+00:00
2026-07-21T14:33:03+00:00,-49.82,-59.82,-65.57,-60.09,-66.40,-45.32,-42.78,-51.40,-59.73,-44.88,-50.50,-64.14,-56.41,-58.55,-57.01,-51.70,-53.73,2026-07-21 14:33:03+00:00
2026-07-21T14:34:04+00:00,-47.33,-57.74,-65.45,-60.04,-66.25,-45.48,-42.79,-51.37,-59.84,-44.81,-50.29,-64.24,-56.44,-58.89,-56.96,-51.51,-54.71,2026-07-21 14:34:04+00:00
2026-07-21T14:35:04+00:00,-49.28,-59.10,-64.81,-61.02,-66.18,-45.34,-42.77,-51.42,-57.60,-44.95,-50.32,-63.92,-56.72,-58.62,-56.92,-51.68,-54.28,2026-07-21 14:35:04+00:00
2026-07-21T14:36:04+00:00,-49.57,-58.17,-63.46,-60.55,-65.82,-45.56,-42.82,-51.55,-53.49,-45.07,-50.53,-64.18,-56.82,-58.84,-57.04,-51.99,-58.66,2026-07-21 14:36:04+00:00
2026-07-21T14:37:04+00:00,-49.74,-58.12,-65.21,-60.71,-65.63,-45.34,-42.72,-51.45,-57.54,-44.75,-50.35,-63.55,-56.87,-58.59,-57.03,-52.38,-58.24,2026-07-21 14:37:04+00:00
2026-07-21T14:38:04+00:00,-49.57,-59.45,-65.16,-60.31,-65.66,-45.29,-42.59,-51.68,-57.09,-44.72,-50.36,-63.98,-56.90,-58.97,-56.48,-52.56,-57.39,2026-07-21 14:38:04+00:00
2026-07-21T14:39:03+00:00,-48.72,-60.34,-64.89,-60.17,-65.04,-45.44,-42.85,-51.66,-57.47,-44.79,-50.38,-64.31,-56.73,-58.89,-56.19,-51.55,-55.06,2026-07-21 14:39:03+00:00
2026-07-21T14:40:03+00:00,-48.22,-59.93,-66.62,-60.58,-66.00,-45.65,-43.05,-51.74,-57.56,-44.85,-50.25,-65.14,-56.89,-59.22,-56.99,-51.85,-53.39,2026-07-21 14:40:03+00:00
2026-07-21T14:41:04+00:00,-48.29,-59.88,-66.02,-60.79,-66.17,-45.48,-42.85,-51.71,-57.45,-44.78,-49.96,-64.55,-56.90,-58.66,-56.60,-51.70,-55.01,2026-07-21 14:41:04+00:00
2026-07-21T14:42:03+00:00,-48.24,-59.28,-66.30,-60.71,-66.20,-45.62,-42.92,-51.83,-57.45,-44.75,-50.51,-64.64,-57.04,-59.09,-57.22,-51.61,-55.73,2026-07-21 14:42:03+00:00
2026-07-21T14:43:03+00:00,-48.22,-59.24,-66.37,-60.60,-65.92,-48.68,-43.06,-51.68,-58.11,-44.62,-50.24,-64.92,-56.79,-58.79,-56.63,-51.73,-53.51,2026-07-21 14:43:03+00:00
2026-07-21T14:44:04+00:00,-47.96,-59.70,-65.49,-60.41,-65.37,-48.53,-42.94,-51.72,-57.49,-44.60,-50.43,-64.35,-56.92,-58.81,-56.42,-51.67,-55.05,2026-07-21 14:44:04+00:00
2026-07-21T14:45:04+00:00,-47.86,-59.44,-66.04,-60.94,-66.98,-48.74,-42.90,-51.78,-57.74,-44.67,-50.32,-65.40,-56.82,-59.03,-56.72,-51.30,-53.58,2026-07-21 14:45:04+00:00
2026-07-21T14:46:04+00:00,-48.04,-60.14,-65.54,-60.75,-65.85,-48.70,-42.88,-51.71,-57.68,-44.79,-50.25,-64.68,-56.54,-58.97,-56.55,-51.34,-53.81,2026-07-21 14:46:04+00:00
2026-07-21T14:47:03+00:00,-47.87,-61.10,-65.54,-60.57,-66.26,-48.66,-43.00,-51.69,-54.91,-44.82,-50.25,-64.91,-56.69,-59.24,-56.16,-51.33,-53.49,2026-07-21 14:47:03+00:00
2026-07-21T14:48:03+00:00,-48.20,-58.56,-65.12,-60.86,-65.74,-48.70,-43.11,-51.76,-55.16,-44.91,-50.30,-62.66,-56.58,-58.96,-57.09,-51.29,-53.63,2026-07-21 14:48:03+00:00
2026-07-21T14:49:04+00:00,-48.15,-59.45,-66.21,-61.02,-66.33,-48.73,-42.63,-51.81,-55.17,-44.65,-50.22,-64.42,-56.70,-59.33,-57.16,-51.18,-53.42,2026-07-21 14:49:04+00:00
2026-07-21T14:50:03+00:00,-48.09,-59.92,-64.70,-60.90,-66.45,-48.61,-42.82,-51.84,-56.05,-44.77,-50.33,-64.09,-56.67,-59.12,-56.89,-51.30,-54.78,2026-07-21 14:50:03+00:00
2026-07-21T14:51:03+00:00,-50.21,-59.73,-65.65,-60.64,-66.39,-48.56,-43.02,-51.90,-56.12,-44.84,-50.49,-64.94,-57.00,-59.01,-57.05,-51.59,-53.48,2026-07-21 14:51:03+00:00
2026-07-21T14:52:04+00:00,-49.75,-60.38,-65.94,-60.95,-66.32,-48.42,-42.89,-51.92,-52.11,-44.58,-50.46,-65.18,-57.01,-59.06,-56.73,-51.81,-53.58,2026-07-21 14:52:04+00:00
2026-07-21T14:53:04+00:00,-49.27,-61.87,-66.23,-60.99,-66.42,-48.43,-42.77,-52.03,-52.19,-44.66,-50.28,-65.40,-57.16,-58.69,-57.07,-51.58,-59.38,2026-07-21 14:53:04+00:00
2026-07-21T14:54:03+00:00,-49.32,-58.87,-66.59,-61.52,-66.19,-48.58,-43.18,-51.93,-52.23,-44.76,-50.61,-65.22,-56.97,-58.75,-57.75,-51.79,-53.56,2026-07-21 14:54:03+00:00
2026-07-21T14:55:03+00:00,-49.49,-60.09,-65.01,-61.06,-65.11,-48.35,-43.02,-51.81,-52.12,-44.63,-50.23,-63.73,-56.82,-58.27,-57.06,-51.62,-55.87,2026-07-21 14:55:03+00:00
2026-07-21T14:56:03+00:00,-49.99,-58.79,-64.80,-60.57,-66.11,-48.41,-42.90,-51.68,-52.22,-44.70,-50.49,-63.99,-56.72,-58.26,-56.84,-51.79,-55.49,2026-07-21 14:56:03+00:00
2026-07-21T14:57:04+00:00,-50.05,-60.43,-66.11,-60.78,-65.90,-48.73,-42.89,-51.85,-52.21,-44.68,-50.44,-64.12,-56.97,-58.06,-57.04,-51.36,-53.51,2026-07-21 14:57:04+00:00
2026-07-21T14:58:04+00:00,-49.88,-60.12,-66.18,-61.34,-66.77,-48.53,-42.94,-51.88,-52.22,-44.94,-50.47,-65.37,-57.26,-58.34,-57.22,-51.28,-58.76,2026-07-21 14:58:04+00:00
2026-07-21T14:59:04+00:00,-51.29,-59.78,-65.35,-60.67,-66.30,-48.68,-43.12,-51.83,-52.48,-45.02,-50.10,-65.10,-57.25,-58.17,-57.15,-51.13,-55.77,2026-07-21 14:59:04+00:00
2026-07-21T15:00:03+00:00,-51.49,-60.20,-64.93,-60.46,-66.32,-48.72,-43.15,-51.73,-52.24,-44.91,-50.52,-64.36,-57.07,-58.01,-56.88,-51.15,-56.47,2026-07-21 15:00:03+00:00
2026-07-21T15:01:07+00:00,-49.90,-60.20,-65.40,-60.62,-66.28,-48.78,-43.05,-51.72,-51.47,-44.93,-50.51,-64.77,-57.05,-58.11,-56.92,-50.96,-57.61,2026-07-21 15:01:07+00:00
2026-07-21T15:02:04+00:00,-49.06,-58.41,-65.29,-61.02,-65.48,-48.78,-43.04,-51.83,-51.15,-44.91,-50.21,-64.40,-56.90,-58.35,-57.10,-51.28,-59.10,2026-07-21 15:02:04+00:00
2026-07-21T15:03:03+00:00,-48.66,-59.79,-65.70,-60.78,-65.81,-48.58,-43.04,-51.74,-51.32,-45.03,-50.66,-64.84,-56.84,-58.24,-57.54,-51.49,-58.39,2026-07-21 15:03:03+00:00
2026-07-21T15:04:03+00:00,-47.99,-59.77,-65.55,-61.17,-65.71,-48.62,-43.09,-51.85,-51.37,-45.08,-50.61,-64.90,-57.10,-57.82,-57.42,-51.52,-58.46,2026-07-21 15:04:03+00:00
2026-07-21T15:05:04+00:00,-47.64,-60.83,-63.93,-60.79,-65.66,-48.97,-42.95,-51.91,-51.22,-44.89,-50.47,-63.88,-57.08,-57.85,-57.20,-51.10,-58.76,2026-07-21 15:05:04+00:00
2026-07-21T15:06:04+00:00,-48.73,-60.59,-64.91,-60.48,-66.60,-48.70,-43.05,-51.70,-51.59,-44.71,-50.43,-64.43,-56.95,-57.09,-57.34,-51.12,-55.30,2026-07-21 15:06:04+00:00
2026-07-21T15:07:04+00:00,-48.86,-61.14,-65.57,-60.55,-66.45,-48.71,-42.91,-51.77,-53.96,-45.02,-50.71,-64.94,-57.08,-57.02,-57.84,-51.11,-58.09,2026-07-21 15:07:04+00:00
2026-07-21T15:08:03+00:00,-48.07,-59.53,-64.74,-60.65,-65.11,-48.78,-43.06,-51.71,-54.25,-44.83,-50.74,-63.36,-57.15,-56.71,-57.55,-50.93,-57.83,2026-07-21 15:08:03+00:00
2026-07-21T15:09:03+00:00,-49.22,-60.05,-64.72,-60.71,-66.95,-48.80,-43.23,-51.80,-54.33,-44.47,-50.59,-60.55,-56.96,-56.05,-57.69,-50.67,-58.09,2026-07-21 15:09:03+00:00
2026-07-21T15:10:04+00:00,-47.66,-60.90,-65.24,-60.73,-65.48,-48.77,-42.94,-51.81,-54.17,-44.37,-50.64,-60.14,-57.16,-55.67,-57.52,-50.71,-58.35,2026-07-21 15:10:04+00:00
2026-07-21T15:11:03+00:00,-47.98,-60.70,-63.68,-59.56,-66.20,-48.74,-42.93,-51.71,-53.83,-44.70,-50.66,-62.05,-56.82,-54.99,-57.36,-50.16,-55.87,2026-07-21 15:11:03+00:00
2026-07-21T15:12:03+00:00,-47.64,-60.40,-65.26,-61.01,-66.61,-48.61,-42.91,-51.66,-54.08,-44.74,-50.25,-58.14,-57.31,-55.04,-57.64,-49.58,-57.76,2026-07-21 15:12:03+00:00
2026-07-21T15:13:04+00:00,-47.50,-60.33,-65.76,-61.26,-65.82,-48.57,-42.83,-51.67,-54.05,-44.83,-50.64,-59.10,-57.09,-54.78,-57.73,-49.49,-58.27,2026-07-21 15:13:04+00:00
2026-07-21T15:14:04+00:00,-47.42,-59.26,-65.06,-60.58,-65.55,-48.57,-42.84,-51.61,-54.11,-44.65,-50.70,-59.05,-57.02,-54.62,-57.20,-49.58,-57.65,2026-07-21 15:14:04+00:00
2026-07-21T15:15:03+00:00,-47.45,-57.98,-64.08,-60.92,-66.66,-48.64,-42.81,-51.62,-53.78,-44.88,-50.57,-58.97,-57.09,-54.23,-57.53,-49.36,-57.14,2026-07-21 15:15:03+00:00
2026-07-21T15:16:03+00:00,-49.24,-59.37,-61.80,-60.19,-66.11,-48.62,-43.07,-51.54,-55.51,-44.65,-49.61,-58.52,-56.09,-53.94,-56.94,-49.65,-55.65,2026-07-21 15:16:03+00:00
2026-07-21T15:17:04+00:00,-49.80,-59.49,-64.38,-60.65,-66.71,-48.57,-43.03,-51.59,-56.28,-44.99,-50.75,-58.95,-56.92,-53.28,-57.36,-49.14,-56.54,2026-07-21 15:17:04+00:00
2026-07-21T15:18:04+00:00,-48.58,-59.92,-64.40,-60.99,-66.05,-48.50,-42.93,-51.63,-56.70,-45.00,-50.65,-58.62,-57.20,-53.22,-57.40,-49.12,-56.18,2026-07-21 15:18:04+00:00
2026-07-21T15:19:04+00:00,-48.98,-58.86,-63.97,-60.43,-66.00,-48.69,-42.82,-51.56,-56.20,-44.77,-50.49,-58.49,-56.91,-53.16,-57.33,-48.91,-56.73,2026-07-21 15:19:04+00:00
2026-07-21T15:20:03+00:00,-48.62,-59.88,-64.40,-60.56,-67.13,-48.55,-42.96,-51.69,-55.88,-44.71,-50.10,-58.83,-56.96,-52.80,-57.75,-48.69,-56.76,2026-07-21 15:20:03+00:00
2026-07-21T15:21:03+00:00,-48.84,-59.78,-64.74,-60.70,-65.63,-48.51,-42.83,-51.56,-55.83,-44.91,-50.48,-58.99,-56.99,-52.66,-57.80,-48.75,-57.16,2026-07-21 15:21:03+00:00
2026-07-21T15:22:04+00:00,-49.73,-59.56,-65.32,-60.83,-65.78,-48.63,-42.99,-51.91,-55.77,-44.89,-50.80,-58.87,-57.11,-52.13,-57.35,-48.79,-57.12,2026-07-21 15:22:04+00:00
2026-07-21T15:23:04+00:00,-51.57,-59.06,-63.98,-60.57,-66.50,-48.76,-43.13,-51.89,-56.01,-44.84,-50.68,-58.76,-56.99,-51.89,-57.42,-48.46,-57.59,2026-07-21 15:23:04+00:00
2026-07-21T15:24:03+00:00,-51.06,-59.50,-64.52,-61.04,-65.96,-48.67,-43.15,-51.93,-55.94,-44.65,-50.93,-58.92,-56.90,-51.83,-57.19,-48.61,-55.82,2026-07-21 15:24:03+00:00
2026-07-21T15:25:03+00:00,-50.65,-59.79,-65.17,-60.54,-66.60,-48.45,-42.79,-52.07,-56.18,-45.01,-50.82,-58.98,-57.10,-51.65,-57.43,-48.42,-55.51,2026-07-21 15:25:03+00:00
2026-07-21T15:26:04+00:00,-51.48,-59.32,-63.33,-60.24,-64.50,-47.81,-42.84,-51.87,-55.92,-44.94,-50.63,-58.71,-56.76,-51.37,-56.79,-48.87,-55.75,2026-07-21 15:26:04+00:00
2026-07-21T15:27:04+00:00,-51.52,-59.82,-65.44,-61.13,-66.05,-47.94,-42.77,-52.00,-56.11,-44.82,-50.94,-61.71,-57.33,-51.42,-57.90,-48.49,-58.17,2026-07-21 15:27:04+00:00
2026-07-21T15:28:03+00:00,-49.70,-59.69,-64.68,-61.23,-65.76,-47.24,-43.13,-52.36,-56.12,-44.94,-50.80,-61.21,-57.08,-51.16,-58.03,-48.76,-56.83,2026-07-21 15:28:03+00:00
2026-07-21T15:29:03+00:00,-49.56,-60.39,-64.33,-60.33,-65.31,-46.61,-42.95,-52.57,-55.83,-44.93,-50.90,-61.04,-57.25,-51.17,-57.60,-48.99,-56.33,2026-07-21 15:29:03+00:00
2026-07-21T15:30:04+00:00,-50.20,-60.28,-64.85,-61.28,-65.84,-46.96,-43.00,-52.69,-58.30,-44.89,-50.73,-59.18,-57.03,-50.78,-57.98,-48.75,-57.74,2026-07-21 15:30:04+00:00
2026-07-21T15:31:10+00:00,-51.98,-60.83,-65.27,-61.30,-65.84,-46.51,-42.84,-52.61,-56.14,-45.07,-50.92,-58.43,-56.99,-50.94,-57.68,-48.59,-57.85,2026-07-21 15:31:10+00:00
2026-07-21T15:32:04+00:00,-51.46,-60.70,-65.12,-61.16,-65.86,-47.15,-43.05,-52.77,-56.52,-44.94,-50.79,-56.02,-57.20,-50.69,-58.14,-48.55,-57.25,2026-07-21 15:32:04+00:00
2026-07-21T15:33:04+00:00,-51.59,-60.74,-63.90,-60.67,-65.25,-46.80,-42.89,-52.81,-57.00,-44.80,-52.51,-64.18,-57.08,-51.18,-57.70,-48.33,-57.03,2026-07-21 15:33:04+00:00
2026-07-21T15:34:03+00:00,-50.93,-60.55,-64.73,-60.91,-65.78,-46.96,-42.98,-52.99,-57.21,-44.82,-52.63,-64.79,-57.21,-51.62,-57.87,-47.90,-58.02,2026-07-21 15:34:03+00:00
2026-07-21T15:35:04+00:00,-50.58,-59.51,-63.87,-60.62,-66.41,-47.01,-43.03,-52.86,-56.88,-44.67,-52.47,-63.79,-56.92,-51.65,-57.48,-47.72,-56.20,2026-07-21 15:35:04+00:00
2026-07-21T15:36:03+00:00,-50.05,-60.15,-64.93,-61.17,-65.62,-47.04,-42.78,-52.89,-53.37,-44.74,-52.31,-65.13,-57.08,-51.64,-57.53,-47.37,-58.14,2026-07-21 15:36:03+00:00
2026-07-21T15:37:04+00:00,-48.54,-59.65,-64.49,-60.87,-65.46,-47.15,-42.91,-52.88,-52.35,-44.69,-52.67,-64.16,-57.02,-51.54,-57.56,-47.16,-57.73,2026-07-21 15:37:04+00:00
2026-07-21T15:38:04+00:00,-49.18,-58.91,-62.01,-60.27,-66.35,-47.06,-42.71,-52.87,-53.06,-44.64,-52.27,-62.03,-56.83,-51.26,-57.33,-47.04,-56.07,2026-07-21 15:38:04+00:00
2026-07-21T15:39:03+00:00,-49.28,-60.20,-62.96,-60.53,-66.09,-46.87,-42.65,-52.89,-53.19,-44.81,-52.29,-60.47,-56.56,-51.20,-57.19,-46.86,-53.01,2026-07-21 15:39:03+00:00
2026-07-21T15:40:03+00:00,-49.06,-59.92,-63.98,-60.72,-66.12,-47.12,-42.85,-53.04,-53.12,-44.78,-52.50,-60.60,-56.94,-51.16,-57.82,-46.91,-56.71,2026-07-21 15:40:03+00:00
2026-07-21T15:41:04+00:00,-48.71,-60.30,-63.32,-60.82,-65.47,-47.15,-42.78,-53.12,-53.14,-44.96,-52.48,-60.13,-57.10,-50.97,-57.76,-46.64,-57.65,2026-07-21 15:41:04+00:00
2026-07-21T15:42:03+00:00,-51.11,-59.76,-63.44,-60.66,-65.66,-46.67,-42.80,-53.24,-53.16,-44.94,-52.65,-63.73,-56.92,-50.83,-58.21,-46.88,-57.11,2026-07-21 15:42:03+00:00
2026-07-21T15:43:03+00:00,-48.62,-60.51,-62.69,-60.67,-65.65,-47.69,-42.82,-53.26,-50.56,-44.96,-52.57,-62.26,-57.07,-50.92,-57.95,-46.88,-53.93,2026-07-21 15:43:03+00:00
2026-07-21T15:44:04+00:00,-47.97,-56.44,-62.77,-60.66,-65.35,-47.21,-42.87,-53.37,-50.82,-44.88,-52.52,-62.70,-57.03,-50.58,-57.91,-46.89,-57.85,2026-07-21 15:44:04+00:00
2026-07-21T15:45:04+00:00,-48.54,-56.49,-62.62,-60.69,-65.14,-47.21,-42.90,-53.50,-50.71,-45.05,-52.39,-62.43,-57.06,-50.32,-57.67,-47.13,-56.86,2026-07-21 15:45:04+00:00
2026-07-21T15:46:03+00:00,-47.65,-57.07,-62.97,-60.48,-66.65,-47.49,-42.85,-53.78,-50.79,-44.97,-52.71,-62.67,-57.11,-50.39,-58.03,-46.89,-57.60,2026-07-21 15:46:03+00:00
2026-07-21T15:47:03+00:00,-47.51,-56.81,-62.72,-59.83,-65.92,-46.98,-42.81,-54.14,-50.77,-44.91,-51.74,-62.41,-57.06,-50.24,-57.67,-46.83,-55.56,2026-07-21 15:47:03+00:00
2026-07-21T15:48:04+00:00,-47.76,-57.04,-62.63,-60.49,-66.41,-47.12,-42.84,-54.38,-50.70,-45.03,-52.12,-61.99,-57.02,-49.70,-57.56,-46.91,-57.43,2026-07-21 15:48:04+00:00
2026-07-21T15:49:04+00:00,-47.53,-58.04,-62.04,-59.91,-65.05,-46.90,-42.81,-54.28,-50.69,-44.98,-51.95,-60.82,-56.79,-49.61,-57.63,-46.68,-55.46,2026-07-21 15:49:04+00:00
2026-07-21T15:50:03+00:00,-47.53,-59.40,-62.69,-60.58,-66.05,-46.48,-42.96,-54.94,-51.51,-44.86,-52.74,-62.92,-57.13,-49.45,-57.68,-46.72,-56.23,2026-07-21 15:50:03+00:00
2026-07-21T15:51:03+00:00,-47.54,-58.78,-62.16,-60.08,-65.86,-47.11,-42.94,-54.92,-54.33,-44.87,-52.39,-62.38,-56.91,-49.65,-57.52,-46.60,-57.60,2026-07-21 15:51:03+00:00
2026-07-21T15:52:04+00:00,-47.58,-59.41,-62.15,-60.57,-66.02,-46.30,-42.98,-55.03,-55.79,-44.83,-52.62,-62.50,-57.23,-49.32,-57.75,-46.52,-56.36,2026-07-21 15:52:04+00:00
2026-07-21T15:53:04+00:00,-47.47,-59.24,-61.17,-59.65,-65.62,-46.57,-43.03,-54.87,-55.84,-44.79,-52.79,-62.07,-56.72,-49.22,-57.64,-46.13,-57.15,2026-07-21 15:53:04+00:00
2026-07-21T15:54:03+00:00,-47.04,-59.22,-61.55,-60.19,-65.85,-47.29,-42.89,-55.03,-55.03,-44.71,-52.68,-62.11,-57.13,-49.42,-58.19,-46.30,-55.32,2026-07-21 15:54:03+00:00
2026-07-21T15:55:03+00:00,-46.88,-58.21,-60.33,-59.06,-65.04,-46.88,-42.69,-54.76,-53.31,-44.95,-52.57,-60.92,-56.63,-49.05,-56.83,-46.10,-55.18,2026-07-21 15:55:03+00:00
2026-07-21T15:56:04+00:00,-47.35,-58.48,-60.50,-59.19,-64.76,-47.33,-42.79,-54.82,-53.17,-44.83,-52.59,-60.68,-56.45,-49.13,-57.21,-46.19,-55.77,2026-07-21 15:56:04+00:00
2026-07-21T15:57:04+00:00,-47.18,-59.89,-60.88,-59.89,-66.27,-47.03,-42.73,-55.05,-52.02,-44.70,-52.54,-62.54,-57.09,-49.14,-57.62,-46.34,-55.87,2026-07-21 15:57:04+00:00
2026-07-21T15:58:03+00:00,-47.58,-59.49,-61.30,-59.92,-65.77,-47.60,-42.90,-54.93,-52.25,-44.71,-52.61,-62.29,-57.01,-49.13,-57.57,-46.29,-55.94,2026-07-21 15:58:03+00:00
2026-07-21T15:59:03+00:00,-47.38,-59.68,-61.36,-60.44,-65.34,-46.82,-42.96,-55.24,-52.15,-44.89,-52.47,-63.13,-57.34,-49.11,-57.58,-46.20,-57.23,2026-07-21 15:59:03+00:00
2026-07-21T16:00:03+00:00,-47.93,-59.94,-61.51,-59.86,-65.76,-47.69,-42.92,-55.51,-52.13,-44.92,-52.76,-62.85,-57.21,-49.20,-57.68,-46.25,-54.32,2026-07-21 16:00:03+00:00
2026-07-21T16:01:08+00:00,-49.80,-59.34,-60.82,-59.99,-65.47,-47.17,-42.77,-55.44,-53.32,-44.82,-52.65,-62.14,-56.98,-49.12,-57.68,-46.38,-57.13,2026-07-21 16:01:08+00:00
2026-07-21T16:02:04+00:00,-49.70,-59.35,-60.86,-60.11,-65.12,-46.39,-42.84,-55.42,-53.57,-44.94,-52.75,-61.93,-56.76,-49.08,-57.34,-46.22,-56.26,2026-07-21 16:02:04+00:00
2026-07-21T16:03:03+00:00,-49.41,-59.88,-61.60,-60.06,-65.78,-46.99,-42.76,-55.70,-53.41,-44.92,-52.79,-62.74,-57.50,-49.13,-57.33,-46.16,-55.55,2026-07-21 16:03:03+00:00
2026-07-21T16:04:03+00:00,-48.72,-57.94,-60.22,-58.89,-65.79,-47.98,-42.85,-55.19,-52.89,-44.88,-51.93,-61.58,-57.06,-48.96,-57.29,-46.41,-51.81,2026-07-21 16:04:03+00:00
2026-07-21T16:05:04+00:00,-49.39,-57.72,-60.89,-59.45,-64.68,-48.16,-42.90,-55.31,-53.09,-44.81,-52.58,-61.64,-57.00,-48.84,-57.64,-46.14,-54.47,2026-07-21 16:05:04+00:00
2026-07-21T16:06:03+00:00,-48.77,-58.00,-60.44,-59.55,-65.14,-46.79,-42.82,-55.52,-52.74,-44.72,-52.50,-61.89,-57.04,-49.04,-57.17,-46.39,-56.26,2026-07-21 16:06:03+00:00
2026-07-21T16:07:04+00:00,-48.80,-57.97,-60.26,-59.70,-65.45,-47.64,-42.80,-55.50,-52.63,-44.84,-52.63,-61.73,-56.90,-48.99,-57.30,-46.38,-56.01,2026-07-21 16:07:04+00:00
2026-07-21T16:08:04+00:00,-49.07,-59.13,-59.96,-59.61,-64.87,-46.85,-42.90,-55.44,-52.76,-44.76,-52.51,-61.58,-56.97,-49.24,-56.95,-46.38,-56.21,2026-07-21 16:08:04+00:00
2026-07-21T16:09:04+00:00,-49.31,-57.85,-59.82,-59.15,-65.31,-47.51,-42.72,-55.53,-52.60,-44.87,-52.28,-60.66,-56.41,-50.39,-56.21,-46.76,-54.90,2026-07-21 16:09:04+00:00
2026-07-21T16:10:03+00:00,-49.04,-58.02,-58.58,-58.40,-64.40,-47.19,-42.80,-55.14,-52.38,-44.70,-52.01,-60.47,-55.99,-50.81,-55.98,-46.56,-54.41,2026-07-21 16:10:03+00:00
2026-07-21T16:11:04+00:00,-48.96,-59.07,-60.90,-59.38,-64.33,-47.37,-42.86,-55.89,-52.42,-44.84,-52.31,-60.58,-57.10,-50.52,-56.79,-46.57,-55.83,2026-07-21 16:11:04+00:00
2026-07-21T16:12:04+00:00,-48.85,-58.36,-59.88,-58.91,-65.36,-47.60,-42.75,-55.81,-52.43,-45.04,-52.34,-59.64,-56.88,-50.73,-56.79,-46.61,-54.13,2026-07-21 16:12:04+00:00
2026-07-21T16:13:03+00:00,-49.14,-57.92,-59.81,-59.02,-65.38,-47.18,-42.88,-55.94,-52.36,-45.15,-52.36,-58.45,-56.51,-50.70,-57.16,-46.46,-55.33,2026-07-21 16:13:03+00:00
2026-07-21T16:14:03+00:00,-49.31,-58.96,-60.12,-59.62,-65.18,-47.37,-42.74,-56.41,-52.27,-44.98,-52.50,-59.74,-56.82,-50.40,-57.25,-46.47,-56.00,2026-07-21 16:14:03+00:00
2026-07-21T16:15:03+00:00,-49.11,-59.46,-61.13,-59.59,-65.19,-46.76,-42.80,-56.91,-52.21,-45.17,-52.61,-61.98,-57.20,-50.28,-56.90,-46.58,-56.22,2026-07-21 16:15:03+00:00
2026-07-21T16:16:04+00:00,-49.09,-58.21,-59.01,-58.34,-64.81,-47.57,-42.82,-55.74,-51.89,-45.24,-52.39,-60.18,-56.65,-49.93,-55.75,-46.57,-53.19,2026-07-21 16:16:04+00:00
2026-07-21T16:17:04+00:00,-48.93,-58.53,-60.46,-59.18,-65.12,-47.39,-42.79,-56.76,-52.59,-45.36,-52.69,-61.75,-56.95,-49.87,-56.77,-46.60,-56.84,2026-07-21 16:17:04+00:00
2026-07-21T16:18:03+00:00,-49.07,-57.52,-58.80,-57.59,-64.24,-47.16,-42.95,-55.73,-52.12,-45.53,-52.13,-58.41,-55.80,-49.65,-55.70,-46.77,-53.53,2026-07-21 16:18:03+00:00
2026-07-21T16:19:04+00:00,-49.02,-58.61,-59.09,-58.47,-63.72,-46.95,-42.80,-56.61,-52.16,-45.44,-52.47,-59.90,-56.44,-49.53,-56.23,-46.57,-55.16,2026-07-21 16:19:04+00:00
2026-07-21T16:20:04+00:00,-48.99,-57.35,-59.13,-58.20,-64.09,-46.51,-42.98,-56.77,-52.34,-45.49,-52.43,-60.39,-56.67,-49.56,-56.23,-46.62,-54.79,2026-07-21 16:20:04+00:00
2026-07-21T16:21:04+00:00,-49.03,-58.56,-59.34,-58.60,-64.98,-46.44,-43.14,-57.33,-50.31,-45.27,-52.57,-60.39,-56.42,-49.31,-56.32,-46.71,-54.86,2026-07-21 16:21:04+00:00
2026-07-21T16:22:03+00:00,-48.87,-58.24,-59.52,-58.74,-64.19,-47.58,-42.87,-57.58,-50.35,-45.31,-52.51,-60.49,-56.26,-48.99,-56.53,-46.51,-55.52,2026-07-21 16:22:03+00:00
2026-07-21T16:23:03+00:00,-49.11,-59.09,-60.09,-58.61,-64.59,-48.23,-42.96,-57.84,-50.28,-45.23,-53.01,-60.77,-56.33,-49.09,-56.19,-46.37,-55.17,2026-07-21 16:23:03+00:00
2026-07-21T16:24:04+00:00,-49.10,-58.45,-59.56,-58.95,-65.25,-47.06,-42.73,-57.76,-50.33,-45.09,-52.52,-60.24,-56.34,-48.59,-56.69,-46.24,-55.97,2026-07-21 16:24:04+00:00
2026-07-21T16:25:03+00:00,-48.87,-59.02,-59.53,-59.04,-65.38,-47.28,-42.85,-58.10,-50.38,-45.38,-51.84,-60.60,-56.54,-48.17,-56.31,-46.22,-56.07,2026-07-21 16:25:03+00:00
2026-07-21T16:26:03+00:00,-49.21,-58.00,-59.84,-58.68,-64.64,-45.55,-42.84,-58.63,-50.51,-45.18,-52.99,-60.67,-56.39,-48.06,-56.81,-46.06,-55.45,2026-07-21 16:26:03+00:00
2026-07-21T16:27:03+00:00,-48.84,-57.25,-59.09,-58.10,-64.52,-45.67,-42.73,-57.78,-49.95,-45.16,-52.68,-57.83,-56.12,-48.09,-56.59,-45.96,-55.77,2026-07-21 16:27:03+00:00
2026-07-21T16:28:04+00:00,-49.59,-57.40,-58.99,-58.15,-65.16,-44.71,-42.80,-57.61,-50.25,-45.30,-52.36,-56.14,-55.79,-47.62,-55.61,-46.10,-54.39,2026-07-21 16:28:04+00:00
2026-07-21T16:29:04+00:00,-50.17,-56.84,-58.17,-57.05,-64.18,-44.82,-42.90,-56.89,-49.88,-45.35,-52.30,-58.71,-55.76,-47.51,-55.83,-45.75,-55.05,2026-07-21 16:29:04+00:00
2026-07-21T16:30:03+00:00,-50.87,-57.44,-57.92,-57.52,-64.96,-45.43,-42.63,-56.77,-50.04,-45.47,-52.65,-58.67,-55.45,-47.29,-55.11,-45.96,-52.41,2026-07-21 16:30:03+00:00
2026-07-21T16:31:07+00:00,-48.89,-57.53,-58.72,-58.01,-64.39,-44.80,-42.90,-56.67,-49.44,-45.57,-52.35,-58.74,-55.76,-47.30,-55.66,-46.06,-55.82,2026-07-21 16:31:07+00:00
2026-07-21T16:32:03+00:00,-48.68,-55.34,-56.09,-55.84,-62.36,-44.94,-42.89,-55.40,-49.26,-45.45,-51.92,-57.05,-54.28,-47.17,-55.09,-45.87,-54.42,2026-07-21 16:32:03+00:00
2026-07-21T16:33:03+00:00,-49.00,-55.89,-56.85,-56.16,-61.62,-46.06,-42.61,-56.13,-49.16,-45.52,-51.87,-56.61,-54.68,-47.09,-54.92,-45.62,-53.78,2026-07-21 16:33:03+00:00
2026-07-21T16:34:04+00:00,-48.88,-56.34,-57.01,-56.00,-62.01,-45.01,-42.91,-56.46,-49.14,-45.65,-52.03,-56.94,-54.92,-46.94,-55.01,-45.75,-54.68,2026-07-21 16:34:04+00:00
2026-07-21T16:35:04+00:00,-48.72,-57.11,-57.49,-56.72,-61.16,-45.50,-42.95,-56.96,-49.13,-45.44,-52.01,-57.61,-55.53,-47.17,-55.46,-45.74,-55.10,2026-07-21 16:35:04+00:00
2026-07-21T16:36:03+00:00,-48.41,-55.64,-56.77,-55.33,-61.06,-45.17,-42.75,-55.90,-50.55,-45.42,-51.95,-56.87,-54.87,-46.81,-54.49,-45.82,-53.57,2026-07-21 16:36:03+00:00
2026-07-21T16:37:04+00:00,-48.59,-55.17,-56.36,-56.09,-61.72,-45.17,-43.25,-56.09,-50.43,-45.63,-51.78,-55.94,-55.15,-47.07,-54.55,-45.92,-54.57,2026-07-21 16:37:04+00:00
2026-07-21T16:38:04+00:00,-48.52,-56.98,-57.66,-56.96,-62.06,-45.10,-42.74,-57.27,-50.88,-45.52,-52.31,-57.44,-55.42,-46.94,-55.54,-46.03,-55.01,2026-07-21 16:38:04+00:00
2026-07-21T16:39:03+00:00,-48.60,-56.82,-57.22,-56.41,-63.57,-44.83,-42.88,-56.49,-51.02,-45.65,-52.17,-57.66,-55.56,-47.00,-55.12,-45.97,-53.22,2026-07-21 16:39:03+00:00
2026-07-21T16:40:03+00:00,-48.82,-56.63,-57.70,-56.47,-62.09,-45.38,-42.77,-56.24,-50.74,-45.44,-52.31,-57.96,-55.40,-47.02,-55.34,-45.98,-52.84,2026-07-21 16:40:03+00:00
2026-07-21T16:41:04+00:00,-48.64,-55.68,-56.30,-56.35,-61.72,-46.03,-42.87,-55.59,-50.55,-45.43,-51.81,-56.56,-54.57,-46.54,-54.54,-46.13,-52.40,2026-07-21 16:41:04+00:00
2026-07-21T16:42:04+00:00,-48.95,-56.78,-58.41,-57.77,-62.77,-44.57,-42.77,-57.12,-51.30,-45.58,-52.42,-58.31,-55.73,-46.81,-55.36,-46.47,-54.63,2026-07-21 16:42:04+00:00
2026-07-21T16:43:03+00:00,-48.93,-56.89,-58.13,-56.93,-62.59,-48.10,-42.85,-56.65,-50.87,-45.46,-52.18,-58.00,-55.39,-46.74,-55.30,-46.43,-51.52,2026-07-21 16:43:03+00:00
2026-07-21T16:44:03+00:00,-48.54,-56.71,-56.77,-56.14,-62.34,-48.04,-42.84,-55.86,-50.63,-45.24,-51.70,-57.13,-54.90,-46.53,-54.82,-46.35,-52.71,2026-07-21 16:44:03+00:00
2026-07-21T16:45:04+00:00,-48.69,-56.75,-56.40,-55.43,-62.18,-48.04,-42.74,-55.01,-50.28,-45.39,-51.37,-56.03,-54.68,-46.56,-54.31,-46.17,-50.88,2026-07-21 16:45:04+00:00
2026-07-21T16:46:04+00:00,-50.73,-56.06,-56.68,-56.30,-62.67,-48.02,-42.91,-56.03,-51.58,-45.47,-51.84,-57.23,-55.00,-46.45,-55.13,-46.34,-51.71,2026-07-21 16:46:04+00:00
2026-07-21T16:47:03+00:00,-50.47,-57.01,-57.40,-56.88,-61.68,-48.36,-43.00,-56.38,-51.74,-45.77,-51.82,-57.52,-55.77,-46.66,-55.18,-46.66,-55.19,2026-07-21 16:47:03+00:00
2026-07-21T16:48:03+00:00,-51.20,-56.50,-57.64,-56.99,-63.10,-48.39,-42.90,-56.57,-52.14,-45.69,-52.04,-57.48,-55.63,-46.49,-55.76,-46.56,-53.90,2026-07-21 16:48:03+00:00
2026-07-21T16:49:04+00:00,-50.97,-56.77,-57.63,-56.12,-60.62,-48.10,-42.72,-56.01,-51.80,-45.51,-51.59,-56.34,-55.53,-46.55,-55.24,-46.69,-52.12,2026-07-21 16:49:04+00:00
2026-07-21T16:50:04+00:00,-50.46,-56.58,-56.73,-56.29,-62.63,-48.11,-42.86,-55.79,-51.83,-45.82,-51.78,-56.38,-55.62,-46.45,-54.92,-46.74,-52.03,2026-07-21 16:50:04+00:00
2026-07-21T16:51:03+00:00,-51.47,-56.78,-57.24,-56.20,-62.51,-48.43,-42.85,-55.80,-52.02,-45.73,-50.86,-57.06,-55.15,-46.51,-54.61,-46.90,-50.94,2026-07-21 16:51:03+00:00
2026-07-21T16:52:03+00:00,-50.96,-57.47,-58.49,-57.74,-62.25,-48.25,-43.15,-56.79,-51.90,-45.66,-51.66,-57.19,-56.27,-46.33,-55.52,-46.48,-53.67,2026-07-21 16:52:03+00:00
2026-07-21T16:53:03+00:00,-51.34,-57.52,-57.71,-56.51,-62.73,-48.19,-42.82,-56.93,-51.97,-45.56,-51.88,-58.18,-55.98,-46.51,-55.40,-46.73,-52.84,2026-07-21 16:53:03+00:00
2026-07-21T16:54:04+00:00,-51.62,-57.03,-57.31,-57.35,-62.60,-48.24,-42.63,-56.85,-51.95,-45.74,-51.78,-57.05,-56.12,-46.55,-55.16,-46.76,-52.86,2026-07-21 16:54:04+00:00
2026-07-21T16:55:03+00:00,-50.95,-55.89,-56.00,-54.59,-61.13,-47.85,-42.85,-55.37,-51.68,-45.79,-51.72,-54.43,-54.98,-46.62,-52.18,-46.49,-50.30,2026-07-21 16:55:03+00:00
2026-07-21T16:56:03+00:00,-50.88,-56.34,-57.84,-56.58,-62.82,-48.26,-43.16,-55.53,-52.06,-45.45,-52.01,-57.33,-55.32,-46.98,-55.11,-46.69,-53.61,2026-07-21 16:56:03+00:00
2026-07-21T16:57:04+00:00,-50.78,-55.84,-57.35,-56.69,-61.51,-48.14,-42.59,-55.25,-51.68,-45.61,-51.84,-57.46,-54.99,-46.14,-54.07,-46.64,-48.86,2026-07-21 16:57:04+00:00
2026-07-21T16:58:04+00:00,-50.96,-58.51,-60.16,-58.62,-63.48,-48.37,-42.87,-57.91,-52.46,-45.68,-52.56,-60.73,-56.74,-46.93,-55.81,-46.88,-57.54,2026-07-21 16:58:04+00:00
2026-07-21T16:59:03+00:00,-50.44,-56.83,-57.85,-56.13,-60.89,-48.35,-42.89,-55.58,-51.51,-45.72,-52.18,-57.31,-55.35,-46.19,-54.38,-46.84,-50.27,2026-07-21 16:59:03+00:00
2026-07-21T17:00:03+00:00,-50.34,-57.37,-58.82,-56.99,-62.40,-48.31,-42.95,-56.80,-52.05,-45.56,-52.31,-58.82,-55.91,-46.39,-55.56,-47.17,-54.13,2026-07-21 17:00:03+00:00
2026-07-21T17:01:07+00:00,-51.36,-58.32,-59.85,-58.07,-63.42,-48.51,-42.82,-58.39,-52.23,-45.79,-52.87,-60.54,-56.78,-46.47,-56.28,-47.45,-55.74,2026-07-21 17:01:07+00:00
2026-07-21T17:02:03+00:00,-50.20,-56.09,-55.93,-54.94,-61.47,-48.03,-42.56,-55.33,-51.14,-45.44,-51.49,-56.51,-54.50,-46.33,-53.54,-46.67,-46.87,2026-07-21 17:02:03+00:00
2026-07-21T17:03:04+00:00,-49.49,-54.31,-56.56,-55.48,-59.97,-47.81,-42.76,-55.23,-50.86,-45.57,-51.55,-55.28,-53.45,-45.99,-54.29,-46.71,-45.67,2026-07-21 17:03:04+00:00
2026-07-21T17:04:04+00:00,-50.30,-56.79,-56.87,-55.67,-60.81,-47.28,-42.47,-55.99,-51.59,-45.85,-51.92,-56.77,-55.44,-46.20,-54.24,-46.87,-50.69,2026-07-21 17:04:04+00:00
2026-07-21T17:05:03+00:00,-50.57,-57.26,-58.29,-56.51,-62.98,-47.69,-42.88,-56.99,-52.09,-45.75,-52.54,-58.39,-56.20,-46.39,-54.89,-47.10,-54.33,2026-07-21 17:05:03+00:00
2026-07-21T17:06:03+00:00,-51.06,-56.57,-56.81,-54.85,-61.02,-45.31,-42.72,-56.23,-49.85,-45.59,-52.20,-57.26,-55.09,-46.45,-54.31,-46.97,-49.27,2026-07-21 17:06:03+00:00
2026-07-21T17:07:04+00:00,-50.97,-55.89,-56.99,-55.04,-61.63,-44.88,-43.16,-55.62,-49.82,-45.77,-51.85,-56.82,-54.53,-46.32,-54.34,-46.87,-48.94,2026-07-21 17:07:04+00:00
2026-07-21T17:08:04+00:00,-50.16,-56.24,-55.47,-53.95,-59.43,-44.22,-42.88,-54.72,-49.52,-45.35,-51.26,-55.11,-53.88,-45.96,-53.84,-46.92,-48.41,2026-07-21 17:08:04+00:00
2026-07-21T17:09:03+00:00,-49.66,-55.52,-56.07,-55.18,-60.87,-44.40,-42.81,-54.25,-49.63,-45.68,-51.40,-56.62,-54.46,-46.15,-53.91,-46.74,-47.73,2026-07-21 17:09:03+00:00
2026-07-21T17:10:03+00:00,-49.90,-54.60,-54.55,-53.54,-60.12,-44.14,-42.76,-54.00,-49.32,-45.72,-51.22,-54.66,-54.11,-46.26,-53.81,-46.70,-45.53,2026-07-21 17:10:03+00:00
2026-07-21T17:11:04+00:00,-51.02,-56.77,-58.81,-56.61,-62.96,-44.71,-42.83,-56.94,-49.91,-45.98,-52.09,-58.87,-56.87,-46.44,-55.65,-47.30,-52.25,2026-07-21 17:11:04+00:00
2026-07-21T17:12:03+00:00,-50.48,-55.41,-55.76,-55.02,-60.11,-44.57,-42.55,-54.77,-49.60,-45.89,-51.30,-56.15,-54.40,-46.36,-54.40,-47.05,-48.34,2026-07-21 17:12:03+00:00
2026-07-21T17:13:03+00:00,-50.92,-54.38,-55.32,-54.35,-59.94,-44.71,-42.59,-55.31,-49.66,-45.98,-51.77,-55.96,-54.67,-46.26,-54.15,-47.11,-46.74,2026-07-21 17:13:03+00:00
2026-07-21T17:14:04+00:00,-51.11,-56.48,-57.07,-55.37,-60.96,-44.19,-42.70,-56.13,-49.79,-46.30,-52.12,-57.11,-55.68,-46.32,-54.48,-47.54,-49.25,2026-07-21 17:14:04+00:00
2026-07-21T17:15:04+00:00,-50.17,-55.07,-55.52,-54.55,-61.15,-44.41,-42.99,-54.52,-49.46,-46.34,-51.91,-55.58,-54.93,-46.27,-54.34,-47.26,-45.78,2026-07-21 17:15:04+00:00
2026-07-21T17:16:03+00:00,-48.69,-54.51,-55.15,-54.57,-61.11,-44.66,-42.65,-54.93,-48.65,-46.13,-51.47,-55.57,-54.03,-45.87,-54.13,-47.69,-46.32,2026-07-21 17:16:03+00:00
2026-07-21T17:17:03+00:00,-48.59,-54.76,-55.87,-55.00,-61.50,-44.69,-42.95,-54.98,-48.83,-46.32,-52.04,-56.91,-54.92,-46.16,-53.73,-47.53,-48.00,2026-07-21 17:17:03+00:00
2026-07-21T17:18:04+00:00,-49.32,-56.48,-56.94,-55.05,-62.40,-44.60,-42.64,-56.51,-49.01,-46.43,-52.14,-57.24,-56.00,-46.10,-54.95,-48.02,-48.66,2026-07-21 17:18:04+00:00
2026-07-21T17:19:04+00:00,-49.06,-56.62,-56.30,-55.49,-62.12,-44.34,-42.57,-56.31,-49.12,-46.51,-52.42,-56.97,-56.23,-46.13,-54.47,-48.17,-49.76,2026-07-21 17:19:04+00:00
2026-07-21T17:20:03+00:00,-49.30,-56.88,-57.37,-55.71,-62.42,-44.51,-42.83,-56.28,-48.99,-46.44,-52.71,-57.06,-55.97,-46.16,-55.06,-47.79,-51.82,2026-07-21 17:20:03+00:00
2026-07-21T17:21:03+00:00,-48.51,-55.38,-56.02,-54.62,-60.84,-44.79,-42.84,-56.06,-50.42,-46.59,-51.20,-56.65,-55.45,-46.32,-54.00,-47.41,-46.05,2026-07-21 17:21:03+00:00
2026-07-21T17:22:04+00:00,-49.28,-57.58,-58.02,-55.30,-61.85,-45.02,-43.17,-57.36,-50.63,-46.47,-52.23,-58.77,-57.00,-46.49,-55.23,-47.60,-50.84,2026-07-21 17:22:04+00:00
2026-07-21T17:23:04+00:00,-49.51,-58.17,-59.11,-56.30,-63.63,-44.96,-42.97,-58.05,-50.94,-46.53,-52.79,-58.58,-58.41,-46.53,-55.09,-47.52,-51.52,2026-07-21 17:23:04+00:00
2026-07-21T17:24:04+00:00,-49.58,-59.07,-59.13,-56.81,-63.65,-44.99,-43.10,-58.40,-51.22,-46.14,-52.40,-60.31,-58.46,-47.25,-55.75,-47.38,-54.55,2026-07-21 17:24:04+00:00
2026-07-21T17:25:03+00:00,-49.25,-58.50,-59.05,-56.41,-62.58,-45.75,-42.77,-57.68,-51.06,-45.62,-51.69,-59.48,-57.65,-48.49,-55.72,-46.84,-55.07,2026-07-21 17:25:03+00:00
2026-07-21T17:26:04+00:00,-49.43,-58.25,-57.92,-55.60,-63.19,-45.09,-42.79,-57.19,-50.99,-45.51,-51.16,-58.72,-57.19,-49.48,-54.64,-46.97,-53.90,2026-07-21 17:26:04+00:00
2026-07-21T17:27:04+00:00,-49.78,-59.68,-60.70,-57.56,-63.69,-44.62,-42.93,-59.30,-51.53,-45.51,-51.36,-61.52,-59.69,-50.47,-56.05,-47.33,-56.85,2026-07-21 17:27:04+00:00
2026-07-21T17:28:04+00:00,-49.45,-58.68,-58.09,-55.81,-62.63,-44.91,-42.83,-57.73,-51.15,-45.64,-50.82,-59.03,-57.69,-50.39,-54.41,-47.16,-53.05,2026-07-21 17:28:04+00:00
2026-07-21T17:29:03+00:00,-49.52,-58.32,-58.73,-56.80,-62.86,-44.57,-42.82,-57.91,-51.45,-45.59,-51.00,-58.52,-57.88,-50.89,-54.80,-47.27,-53.74,2026-07-21 17:29:03+00:00
2026-07-21T17:30:03+00:00,-49.62,-60.24,-59.57,-56.73,-63.71,-44.20,-43.15,-58.75,-51.83,-45.71,-51.33,-60.59,-58.35,-50.65,-55.44,-47.28,-54.14,2026-07-21 17:30:03+00:00
2026-07-21T17:31:08+00:00,-52.47,-57.27,-57.59,-55.28,-61.49,-44.74,-42.86,-56.44,-51.93,-45.65,-51.11,-57.19,-56.07,-49.70,-54.01,-46.92,-50.60,2026-07-21 17:31:08+00:00
2026-07-21T17:32:03+00:00,-52.18,-58.19,-58.84,-56.28,-63.44,-45.28,-42.74,-57.96,-52.49,-45.85,-51.32,-59.64,-57.76,-49.97,-55.16,-46.81,-55.70,2026-07-21 17:32:03+00:00
2026-07-21T17:33:04+00:00,-52.13,-59.76,-59.65,-56.89,-63.33,-45.52,-42.91,-58.76,-52.45,-45.84,-51.41,-60.47,-58.93,-49.83,-55.47,-47.05,-55.95,2026-07-21 17:33:04+00:00
2026-07-21T17:34:04+00:00,-51.61,-59.83,-60.35,-56.97,-63.54,-45.21,-43.11,-59.12,-52.63,-45.74,-51.84,-60.60,-58.87,-49.82,-55.69,-46.99,-56.40,2026-07-21 17:34:04+00:00
2026-07-21T17:35:03+00:00,-52.37,-59.54,-59.38,-56.64,-63.23,-44.74,-42.89,-58.77,-52.66,-45.63,-51.95,-59.54,-58.88,-49.79,-55.19,-47.02,-55.17,2026-07-21 17:35:03+00:00
2026-07-21T17:36:03+00:00,-51.95,-59.86,-59.26,-56.66,-62.98,-44.89,-43.01,-58.17,-52.70,-45.71,-51.82,-58.92,-58.92,-49.38,-54.77,-47.08,-55.78,2026-07-21 17:36:03+00:00
2026-07-21T17:37:04+00:00,-51.89,-59.33,-58.90,-56.14,-62.97,-45.12,-43.19,-58.27,-52.72,-45.64,-51.52,-59.79,-58.72,-49.28,-55.11,-46.83,-53.31,2026-07-21 17:37:04+00:00
2026-07-21T17:38:03+00:00,-50.65,-59.97,-59.52,-56.62,-63.87,-45.36,-42.91,-58.30,-52.84,-45.70,-51.75,-59.36,-58.51,-49.06,-55.63,-46.74,-53.62,2026-07-21 17:38:03+00:00
2026-07-21T17:39:03+00:00,-51.78,-58.67,-58.27,-56.38,-63.49,-45.15,-42.97,-57.03,-52.54,-45.74,-51.71,-58.48,-58.01,-49.01,-54.94,-46.96,-53.54,2026-07-21 17:39:03+00:00
2026-07-21T17:40:04+00:00,-51.28,-59.82,-59.74,-57.08,-62.81,-44.35,-43.12,-58.56,-52.61,-45.69,-51.46,-60.06,-59.08,-48.94,-55.69,-47.10,-55.12,2026-07-21 17:40:04+00:00
2026-07-21T17:41:04+00:00,-51.17,-59.02,-58.67,-56.64,-62.61,-45.32,-42.78,-58.21,-52.60,-45.60,-52.08,-59.57,-58.57,-48.80,-54.70,-47.07,-54.78,2026-07-21 17:41:04+00:00
2026-07-21T17:42:03+00:00,-51.32,-60.35,-59.26,-58.12,-63.14,-45.11,-42.89,-59.53,-53.41,-45.94,-52.39,-60.10,-59.84,-48.82,-56.01,-46.97,-57.25,2026-07-21 17:42:03+00:00
2026-07-21T17:43:03+00:00,-47.99,-58.94,-57.94,-56.89,-62.96,-44.63,-42.93,-57.91,-52.56,-46.06,-52.28,-59.99,-58.33,-48.59,-55.30,-47.29,-54.10,2026-07-21 17:43:03+00:00
2026-07-21T17:44:04+00:00,-50.84,-55.27,-57.15,-56.13,-61.93,-47.99,-42.97,-57.93,-52.45,-46.13,-51.85,-58.29,-57.91,-48.36,-54.70,-46.93,-53.15,2026-07-21 17:44:04+00:00
2026-07-21T17:45:03+00:00,-51.10,-59.09,-58.22,-57.44,-62.86,-48.29,-43.03,-58.21,-52.55,-46.09,-52.38,-58.79,-58.84,-48.37,-55.01,-47.17,-56.17,2026-07-21 17:45:03+00:00
2026-07-21T17:46:03+00:00,-51.32,-59.08,-58.45,-57.10,-62.59,-48.02,-43.02,-58.66,-52.82,-46.22,-52.29,-58.95,-58.71,-48.36,-54.98,-47.15,-55.25,2026-07-21 17:46:03+00:00
2026-07-21T17:47:04+00:00,-50.71,-57.36,-55.48,-55.08,-61.86,-47.90,-42.82,-56.00,-52.20,-45.92,-51.49,-56.16,-56.48,-47.73,-53.70,-47.08,-51.25,2026-07-21 17:47:04+00:00
2026-07-21T17:48:04+00:00,-50.84,-57.56,-57.90,-56.30,-63.71,-48.01,-42.90,-57.37,-52.99,-46.19,-52.25,-58.35,-58.29,-48.03,-54.89,-47.29,-54.21,2026-07-21 17:48:04+00:00
2026-07-21T17:49:03+00:00,-51.19,-58.12,-57.95,-56.82,-63.28,-47.95,-42.88,-57.93,-52.87,-46.25,-52.00,-59.23,-58.29,-47.88,-54.73,-46.87,-54.41,2026-07-21 17:49:03+00:00
2026-07-21T17:50:04+00:00,-49.98,-55.15,-54.49,-53.94,-60.14,-47.68,-42.91,-54.14,-51.58,-46.03,-51.35,-55.08,-55.54,-47.15,-54.19,-46.92,-48.55,2026-07-21 17:50:04+00:00
2026-07-21T17:51:04+00:00,-50.86,-56.11,-56.39,-55.67,-62.58,-47.73,-42.90,-55.85,-49.82,-46.04,-51.73,-56.91,-56.55,-47.70,-54.63,-47.36,-50.14,2026-07-21 17:51:04+00:00
2026-07-21T17:52:03+00:00,-51.21,-57.40,-57.13,-55.80,-63.34,-48.14,-42.66,-56.71,-50.51,-46.41,-52.01,-58.07,-57.33,-47.59,-55.18,-47.40,-54.29,2026-07-21 17:52:03+00:00
2026-07-21T17:53:03+00:00,-50.42,-57.04,-56.61,-55.44,-62.06,-47.85,-43.08,-55.99,-50.62,-46.34,-51.76,-57.24,-56.63,-47.55,-54.44,-47.21,-52.02,2026-07-21 17:53:03+00:00
2026-07-21T17:54:04+00:00,-50.84,-57.77,-57.56,-56.48,-62.09,-48.08,-42.87,-56.84,-50.56,-46.36,-52.28,-58.08,-57.97,-47.45,-55.01,-47.63,-53.53,2026-07-21 17:54:04+00:00
2026-07-21T17:55:04+00:00,-51.06,-58.46,-59.12,-57.19,-62.67,-48.44,-42.96,-58.42,-50.67,-46.46,-52.52,-59.19,-58.71,-47.56,-56.03,-47.81,-55.88,2026-07-21 17:55:04+00:00
2026-07-21T17:56:03+00:00,-50.93,-57.68,-57.27,-56.00,-62.27,-48.20,-43.22,-56.83,-50.51,-46.46,-52.12,-57.13,-57.47,-47.23,-55.26,-47.61,-54.02,2026-07-21 17:56:03+00:00
2026-07-21T17:57:03+00:00,-50.70,-57.68,-57.65,-55.78,-63.23,-47.98,-42.93,-57.00,-50.53,-46.55,-52.03,-57.64,-57.66,-47.20,-54.95,-47.83,-52.68,2026-07-21 17:57:03+00:00
2026-07-21T17:58:04+00:00,-50.87,-58.02,-57.76,-56.23,-63.09,-47.93,-42.67,-56.90,-50.69,-46.49,-52.30,-57.71,-57.86,-47.26,-55.34,-47.75,-55.28,2026-07-21 17:58:04+00:00
2026-07-21T17:59:04+00:00,-50.96,-57.97,-58.32,-56.14,-62.02,-48.14,-43.01,-57.96,-50.43,-46.55,-52.48,-58.01,-57.86,-47.16,-55.47,-48.10,-54.71,2026-07-21 17:59:04+00:00
2026-07-21T18:00:03+00:00,-51.25,-60.09,-59.98,-57.14,-63.45,-48.12,-43.11,-58.58,-50.11,-46.79,-52.68,-59.19,-59.74,-47.33,-55.58,-48.35,-57.27,2026-07-21 18:00:03+00:00
2026-07-21T18:01:10+00:00,-49.08,-59.34,-59.75,-57.52,-63.22,-48.08,-43.08,-58.73,-49.91,-46.72,-52.71,-59.57,-59.63,-47.43,-56.02,-48.16,-56.33,2026-07-21 18:01:10+00:00
2026-07-21T18:02:04+00:00,-49.05,-60.54,-60.36,-57.70,-63.62,-48.24,-42.83,-58.66,-49.99,-46.86,-53.17,-60.12,-60.03,-47.29,-55.83,-48.07,-57.14,2026-07-21 18:02:04+00:00
2026-07-21T18:03:03+00:00,-48.97,-60.18,-59.57,-57.49,-63.69,-48.24,-43.17,-58.66,-49.80,-47.01,-53.15,-58.59,-59.86,-47.08,-56.34,-47.97,-57.63,2026-07-21 18:03:03+00:00
2026-07-21T18:04:03+00:00,-48.78,-56.58,-57.10,-55.30,-61.24,-48.08,-42.85,-56.60,-49.56,-46.72,-52.32,-57.84,-58.06,-46.88,-54.44,-47.96,-51.97,2026-07-21 18:04:03+00:00
2026-07-21T18:05:04+00:00,-48.91,-58.13,-58.62,-56.75,-61.55,-48.11,-43.10,-57.73,-48.52,-46.86,-53.07,-59.38,-58.80,-46.76,-55.44,-48.43,-51.72,2026-07-21 18:05:04+00:00
2026-07-21T18:06:04+00:00,-48.62,-56.86,-56.57,-55.44,-61.79,-48.02,-42.78,-56.20,-49.53,-46.91,-52.66,-56.72,-57.18,-46.23,-54.18,-48.53,-49.84,2026-07-21 18:06:04+00:00
2026-07-21T18:07:04+00:00,-49.18,-58.04,-58.38,-56.86,-63.47,-47.53,-43.27,-57.96,-49.79,-47.05,-52.78,-59.10,-58.30,-46.56,-55.58,-48.35,-52.18,2026-07-21 18:07:04+00:00
2026-07-21T18:08:03+00:00,-49.33,-59.05,-59.61,-56.80,-63.09,-47.78,-43.32,-58.39,-49.88,-47.06,-53.01,-59.90,-59.38,-46.52,-55.61,-48.58,-55.72,2026-07-21 18:08:03+00:00
2026-07-21T18:09:03+00:00,-48.98,-58.79,-59.91,-57.25,-64.22,-45.10,-43.19,-58.33,-49.76,-47.25,-53.12,-59.71,-59.86,-46.48,-55.81,-48.67,-53.66,2026-07-21 18:09:03+00:00
2026-07-21T18:10:04+00:00,-49.16,-59.69,-59.65,-57.27,-63.08,-45.20,-43.17,-58.22,-49.68,-47.43,-53.06,-59.82,-60.02,-46.52,-55.74,-48.56,-56.66,2026-07-21 18:10:04+00:00
2026-07-21T18:11:03+00:00,-48.73,-58.80,-57.90,-56.35,-62.29,-45.70,-43.08,-57.06,-49.54,-47.39,-52.75,-57.88,-58.31,-46.10,-55.08,-48.56,-52.62,2026-07-21 18:11:03+00:00
2026-07-21T18:12:03+00:00,-49.14,-59.35,-57.80,-56.77,-61.78,-45.40,-43.09,-56.98,-49.43,-47.30,-52.93,-58.68,-58.28,-46.23,-55.33,-48.36,-50.79,2026-07-21 18:12:03+00:00
2026-07-21T18:13:04+00:00,-49.24,-58.78,-58.78,-56.22,-63.07,-45.58,-43.10,-57.67,-49.50,-47.31,-52.74,-58.80,-58.46,-46.19,-55.93,-48.99,-54.20,2026-07-21 18:13:04+00:00
2026-07-21T18:14:04+00:00,-48.89,-59.07,-59.17,-56.52,-63.24,-45.96,-43.09,-57.79,-49.72,-47.69,-53.01,-59.32,-58.95,-46.23,-55.92,-48.98,-55.55,2026-07-21 18:14:04+00:00
2026-07-21T18:15:03+00:00,-48.40,-59.57,-60.04,-57.12,-63.25,-45.35,-42.98,-57.82,-50.47,-47.55,-53.27,-60.10,-60.09,-46.21,-56.25,-48.93,-56.92,2026-07-21 18:15:03+00:00
2026-07-21T18:16:03+00:00,-50.58,-59.31,-59.87,-57.85,-63.03,-45.66,-43.03,-58.70,-50.76,-47.75,-53.28,-60.46,-60.82,-46.27,-56.52,-48.95,-54.87,2026-07-21 18:16:03+00:00
2026-07-21T18:17:04+00:00,-50.21,-59.77,-60.51,-57.29,-63.43,-45.94,-43.10,-58.82,-50.86,-47.68,-53.38,-61.15,-60.40,-46.15,-56.55,-48.88,-54.42,2026-07-21 18:17:04+00:00
2026-07-21T18:18:04+00:00,-50.51,-59.40,-60.86,-57.48,-63.38,-45.69,-43.06,-58.73,-50.77,-47.84,-52.79,-61.94,-61.03,-46.12,-56.95,-49.30,-53.72,2026-07-21 18:18:04+00:00
2026-07-21T18:19:03+00:00,-50.23,-60.40,-60.16,-57.71,-63.70,-45.73,-43.03,-59.01,-51.23,-47.79,-53.53,-58.80,-60.87,-46.33,-56.73,-49.55,-53.65,2026-07-21 18:19:03+00:00
2026-07-21T18:20:03+00:00,-50.38,-60.04,-59.42,-57.18,-63.46,-45.93,-43.04,-58.80,-52.90,-47.68,-53.32,-59.00,-60.30,-45.98,-56.53,-49.57,-55.12,2026-07-21 18:20:03+00:00
2026-07-21T18:21:04+00:00,-50.73,-59.74,-59.72,-57.21,-62.73,-45.65,-43.08,-58.42,-52.86,-47.77,-53.47,-60.46,-60.01,-45.91,-56.63,-49.47,-53.76,2026-07-21 18:21:04+00:00
2026-07-21T18:22:04+00:00,-50.32,-60.87,-60.69,-57.61,-65.26,-45.48,-42.98,-59.31,-52.97,-47.89,-53.63,-59.67,-61.16,-45.57,-56.79,-49.35,-53.79,2026-07-21 18:22:04+00:00
2026-07-21T18:23:03+00:00,-50.60,-61.95,-61.16,-57.99,-65.79,-45.46,-42.64,-59.15,-53.05,-47.95,-53.75,-62.14,-61.80,-45.68,-56.94,-49.45,-53.96,2026-07-21 18:23:03+00:00
2026-07-21T18:24:03+00:00,-49.52,-61.37,-60.74,-57.66,-66.15,-45.44,-42.93,-59.30,-57.01,-47.79,-53.91,-59.17,-61.74,-45.82,-56.50,-49.21,-54.46,2026-07-21 18:24:03+00:00
2026-07-21T18:25:04+00:00,-50.55,-60.33,-60.52,-57.55,-65.76,-45.19,-43.08,-58.71,-55.83,-48.02,-53.73,-59.79,-61.30,-45.77,-56.48,-49.24,-54.97,2026-07-21 18:25:04+00:00
2026-07-21T18:26:04+00:00,-49.70,-59.98,-61.47,-57.77,-66.16,-45.25,-43.29,-59.39,-55.13,-48.06,-53.63,-61.23,-61.38,-45.76,-56.58,-49.27,-54.60,2026-07-21 18:26:04+00:00
2026-07-21T18:27:03+00:00,-50.67,-59.65,-61.29,-58.05,-65.48,-45.65,-43.21,-58.85,-54.74,-48.04,-53.75,-62.14,-60.99,-45.65,-56.91,-49.16,-53.75,2026-07-21 18:27:03+00:00
2026-07-21T18:28:03+00:00,-50.77,-57.86,-58.32,-56.79,-64.41,-45.36,-43.06,-56.81,-54.27,-48.01,-53.39,-57.44,-58.72,-45.54,-55.64,-49.40,-49.67,2026-07-21 18:28:03+00:00
2026-07-21T18:29:04+00:00,-50.52,-60.47,-60.09,-58.25,-65.26,-45.35,-42.79,-58.52,-54.28,-48.08,-53.77,-59.06,-60.89,-45.83,-57.07,-49.41,-54.75,2026-07-21 18:29:04+00:00
2026-07-21T18:30:04+00:00,-51.14,-60.21,-60.83,-57.73,-65.08,-45.38,-43.23,-59.30,-54.78,-48.12,-54.08,-59.84,-61.30,-45.69,-56.46,-49.19,-54.89,2026-07-21 18:30:04+00:00
2026-07-21T18:31:09+00:00,-50.83,-60.31,-60.49,-57.30,-65.22,-45.13,-43.19,-59.00,-54.97,-48.01,-53.79,-58.78,-60.22,-45.72,-56.57,-49.97,-53.80,2026-07-21 18:31:09+00:00
2026-07-21T18:32:03+00:00,-51.04,-59.52,-59.15,-56.98,-65.17,-45.48,-43.18,-58.00,-54.64,-48.28,-53.65,-58.25,-59.87,-45.52,-56.33,-49.54,-54.67,2026-07-21 18:32:03+00:00
2026-07-21T18:33:04+00:00,-51.11,-59.90,-60.29,-57.94,-65.77,-45.84,-43.19,-58.65,-55.28,-48.12,-53.70,-60.04,-59.75,-45.70,-56.23,-49.50,-54.54,2026-07-21 18:33:04+00:00
2026-07-21T18:34:03+00:00,-51.35,-60.51,-61.11,-57.98,-66.01,-45.32,-42.89,-59.48,-55.78,-48.27,-53.99,-62.18,-61.46,-45.54,-57.09,-49.37,-53.69,2026-07-21 18:34:03+00:00
2026-07-21T18:35:03+00:00,-50.85,-60.30,-60.68,-57.23,-65.85,-45.29,-42.88,-59.03,-55.15,-48.29,-53.83,-59.66,-60.75,-45.91,-56.86,-49.12,-54.37,2026-07-21 18:35:03+00:00
2026-07-21T18:36:04+00:00,-51.40,-61.04,-62.01,-58.12,-66.37,-45.64,-43.14,-59.69,-51.38,-48.31,-53.90,-63.23,-61.66,-45.58,-56.87,-49.43,-53.62,2026-07-21 18:36:04+00:00
2026-07-21T18:37:04+00:00,-51.17,-60.21,-60.31,-57.58,-65.41,-45.68,-43.07,-58.80,-51.37,-48.26,-53.87,-58.91,-60.41,-45.52,-56.58,-49.40,-54.29,2026-07-21 18:37:04+00:00
2026-07-21T18:38:03+00:00,-51.11,-60.90,-61.65,-57.95,-65.62,-45.75,-43.17,-59.05,-51.36,-48.40,-54.24,-60.78,-61.61,-45.23,-56.79,-49.18,-53.61,2026-07-21 18:38:03+00:00
2026-07-21T18:39:03+00:00,-51.06,-60.95,-61.29,-57.76,-65.63,-45.70,-43.26,-59.38,-51.30,-48.27,-54.20,-60.32,-61.30,-44.85,-57.20,-49.24,-54.53,2026-07-21 18:39:03+00:00
2026-07-21T18:40:04+00:00,-50.41,-60.78,-61.93,-57.31,-65.39,-46.44,-42.96,-59.56,-51.18,-48.22,-54.23,-63.22,-61.16,-44.48,-56.82,-48.87,-54.71,2026-07-21 18:40:04+00:00
2026-07-21T18:41:03+00:00,-50.97,-61.17,-62.33,-57.98,-66.00,-46.21,-43.09,-59.58,-51.27,-48.25,-54.35,-63.64,-61.69,-44.62,-57.06,-49.19,-54.48,2026-07-21 18:41:03+00:00
2026-07-21T18:42:03+00:00,-50.94,-60.33,-61.35,-57.69,-65.97,-45.53,-43.22,-58.24,-50.86,-48.27,-54.07,-61.75,-60.89,-44.27,-56.80,-49.24,-53.65,2026-07-21 18:42:03+00:00
2026-07-21T18:43:04+00:00,-51.02,-59.36,-61.39,-57.57,-65.57,-46.24,-43.11,-58.91,-51.23,-48.09,-54.13,-61.78,-60.43,-43.95,-57.01,-49.51,-53.71,2026-07-21 18:43:04+00:00
2026-07-21T18:44:04+00:00,-51.23,-59.44,-60.56,-56.73,-63.64,-46.43,-43.38,-57.88,-50.87,-48.25,-53.97,-60.43,-60.08,-43.78,-56.44,-49.24,-50.25,2026-07-21 18:44:04+00:00
2026-07-21T18:45:04+00:00,-51.16,-59.90,-60.79,-57.51,-65.83,-46.07,-43.31,-59.05,-50.36,-48.34,-53.98,-61.75,-60.15,-43.41,-56.69,-49.34,-53.63,2026-07-21 18:45:04+00:00
2026-07-21T18:46:03+00:00,-48.72,-59.99,-59.76,-57.19,-64.77,-46.26,-43.28,-58.33,-50.09,-48.08,-53.71,-61.01,-59.60,-43.24,-56.49,-49.27,-53.61,2026-07-21 18:46:03+00:00
2026-07-21T18:47:03+00:00,-48.59,-60.01,-60.17,-56.41,-65.24,-48.19,-43.24,-57.91,-50.00,-48.19,-53.52,-59.23,-59.06,-42.99,-55.96,-48.67,-52.89,2026-07-21 18:47:03+00:00
2026-07-21T18:48:04+00:00,-49.24,-60.48,-61.47,-57.48,-66.02,-48.50,-43.28,-59.07,-50.19,-48.39,-54.10,-61.78,-60.49,-42.33,-56.79,-48.55,-54.43,2026-07-21 18:48:04+00:00
2026-07-21T18:49:04+00:00,-49.01,-56.67,-58.64,-56.37,-63.51,-48.03,-43.35,-57.30,-49.91,-48.14,-53.28,-58.32,-57.76,-41.86,-55.78,-48.47,-54.10,2026-07-21 18:49:04+00:00
2026-07-21T18:50:03+00:00,-48.53,-58.21,-59.95,-57.14,-62.82,-48.26,-43.05,-57.87,-50.22,-48.54,-53.65,-59.70,-58.93,-41.68,-55.94,-48.87,-54.43,2026-07-21 18:50:03+00:00
2026-07-21T18:51:03+00:00,-49.07,-57.39,-59.09,-56.70,-63.12,-48.12,-43.33,-56.45,-51.85,-48.50,-53.62,-59.12,-57.42,-41.52,-55.82,-48.66,-54.15,2026-07-21 18:51:03+00:00
2026-07-21T18:52:04+00:00,-49.07,-57.88,-59.76,-56.51,-64.18,-48.29,-43.10,-58.22,-52.20,-48.33,-53.58,-61.03,-58.93,-41.54,-56.33,-49.31,-54.27,2026-07-21 18:52:04+00:00
2026-07-21T18:53:04+00:00,-49.51,-57.51,-58.64,-56.67,-63.12,-48.06,-43.28,-57.17,-52.68,-48.13,-53.54,-58.94,-57.09,-41.17,-55.73,-49.46,-54.57,2026-07-21 18:53:04+00:00
2026-07-21T18:54:03+00:00,-49.59,-57.68,-58.72,-57.06,-62.30,-48.21,-43.33,-57.38,-53.05,-48.49,-53.63,-60.28,-59.15,-41.18,-56.62,-49.64,-53.10,2026-07-21 18:54:03+00:00
2026-07-21T18:55:03+00:00,-49.46,-57.33,-59.84,-57.04,-63.04,-48.09,-42.92,-57.78,-53.12,-48.61,-54.07,-60.32,-60.30,-41.04,-56.33,-49.70,-54.49,2026-07-21 18:55:03+00:00
2026-07-21T18:56:03+00:00,-49.56,-57.65,-59.54,-56.71,-62.47,-48.26,-43.31,-57.68,-52.75,-48.44,-54.36,-59.80,-59.66,-41.14,-55.83,-49.93,-53.62,2026-07-21 18:56:03+00:00
2026-07-21T18:57:04+00:00,-49.58,-58.40,-60.34,-57.68,-63.65,-48.27,-43.27,-57.81,-52.48,-48.68,-54.20,-59.96,-59.28,-40.95,-55.86,-50.05,-54.70,2026-07-21 18:57:04+00:00
2026-07-21T18:58:04+00:00,-49.39,-59.55,-59.59,-57.51,-63.94,-48.19,-43.09,-57.52,-52.35,-48.54,-53.75,-60.49,-59.40,-40.86,-56.38,-50.10,-53.74,2026-07-21 18:58:04+00:00
2026-07-21T18:59:03+00:00,-49.49,-56.92,-58.99,-56.52,-63.65,-48.06,-42.97,-57.25,-52.40,-48.71,-53.98,-58.65,-57.87,-41.17,-56.03,-49.90,-52.44,2026-07-21 18:59:03+00:00
2026-07-21T19:00:03+00:00,-49.63,-58.52,-59.24,-57.42,-62.99,-47.91,-43.32,-57.42,-53.76,-48.46,-54.02,-59.73,-58.61,-40.87,-56.22,-49.93,-54.64,2026-07-21 19:00:03+00:00
2026-07-21T19:01:09+00:00,-52.34,-58.83,-60.10,-57.36,-63.88,-48.22,-43.34,-57.23,-54.09,-48.78,-54.38,-60.11,-60.09,-40.38,-56.27,-50.12,-53.38,2026-07-21 19:01:09+00:00
2026-07-21T19:02:04+00:00,-51.70,-58.83,-60.09,-57.53,-62.78,-48.19,-43.33,-57.50,-54.09,-48.85,-54.39,-60.39,-60.17,-40.37,-56.07,-50.20,-54.48,2026-07-21 19:02:04+00:00
2026-07-21T19:03:04+00:00,-51.88,-58.00,-58.72,-56.73,-62.77,-48.03,-43.23,-57.18,-53.46,-48.41,-53.96,-59.02,-59.53,-40.40,-56.06,-50.22,-53.41,2026-07-21 19:03:04+00:00
2026-07-21T19:04:04+00:00,-51.59,-58.13,-60.03,-56.89,-63.63,-48.02,-43.17,-57.45,-53.48,-48.76,-54.59,-59.33,-59.59,-40.49,-56.02,-50.25,-52.58,2026-07-21 19:04:04+00:00
2026-07-21T19:05:03+00:00,-50.89,-57.49,-58.64,-56.53,-63.07,-47.99,-43.13,-56.82,-53.00,-48.69,-54.06,-58.26,-58.43,-40.55,-55.74,-50.42,-53.14,2026-07-21 19:05:03+00:00
2026-07-21T19:06:03+00:00,-51.34,-57.18,-58.69,-56.51,-62.53,-48.01,-43.22,-56.46,-53.23,-48.53,-53.72,-58.45,-58.36,-40.58,-55.67,-50.38,-52.87,2026-07-21 19:06:03+00:00
2026-07-21T19:07:04+00:00,-51.36,-57.44,-58.76,-56.76,-63.16,-47.88,-43.20,-57.15,-53.23,-48.38,-54.04,-58.69,-58.04,-40.15,-55.42,-50.43,-52.75,2026-07-21 19:07:04+00:00
2026-07-21T19:08:04+00:00,-51.16,-57.55,-59.80,-56.62,-63.07,-46.84,-43.28,-57.35,-53.33,-48.83,-54.50,-58.74,-58.88,-40.24,-55.76,-50.67,-52.79,2026-07-21 19:08:04+00:00
2026-07-21T19:09:03+00:00,-51.75,-57.31,-58.57,-56.26,-63.62,-47.53,-43.36,-57.45,-53.66,-48.66,-54.30,-58.51,-58.49,-40.59,-55.78,-50.51,-53.36,2026-07-21 19:09:03+00:00
2026-07-21T19:10:04+00:00,-51.50,-57.45,-58.14,-56.53,-63.33,-47.35,-43.32,-57.15,-53.27,-48.75,-54.44,-58.99,-57.54,-40.68,-55.68,-50.93,-53.25,2026-07-21 19:10:04+00:00
2026-07-21T19:11:04+00:00,-52.11,-57.67,-58.41,-56.59,-63.17,-45.97,-43.39,-57.47,-53.28,-48.96,-54.66,-58.90,-58.22,-40.67,-56.07,-51.54,-53.03,2026-07-21 19:11:04+00:00
2026-07-21T19:12:03+00:00,-51.95,-57.68,-59.23,-56.87,-63.12,-45.90,-43.45,-57.54,-53.42,-48.86,-54.64,-59.43,-58.47,-40.53,-55.69,-51.62,-53.74,2026-07-21 19:12:03+00:00
2026-07-21T19:13:04+00:00,-51.91,-57.56,-59.09,-57.05,-63.61,-46.06,-43.41,-57.74,-53.71,-49.02,-54.78,-59.14,-58.73,-40.48,-55.93,-51.52,-54.21,2026-07-21 19:13:04+00:00
2026-07-21T19:14:04+00:00,-51.36,-56.71,-58.12,-56.70,-62.56,-45.88,-43.30,-56.70,-52.95,-48.76,-54.31,-58.57,-57.08,-40.09,-55.57,-51.39,-52.72,2026-07-21 19:14:04+00:00
2026-07-21T19:15:03+00:00,-51.01,-57.27,-57.72,-56.72,-62.71,-45.93,-43.24,-56.63,-52.83,-49.08,-54.27,-57.75,-56.95,-39.91,-55.46,-51.06,-53.14,2026-07-21 19:15:03+00:00
2026-07-21T19:16:03+00:00,-51.69,-57.85,-59.15,-57.17,-63.67,-45.52,-43.59,-57.52,-53.20,-49.19,-54.67,-60.11,-57.69,-39.89,-55.87,-51.26,-54.11,2026-07-21 19:16:03+00:00
2026-07-21T19:17:04+00:00,-51.76,-57.86,-58.43,-56.87,-62.94,-45.74,-43.39,-57.07,-52.84,-49.14,-54.18,-58.55,-57.21,-39.88,-55.69,-50.87,-54.05,2026-07-21 19:17:04+00:00
2026-07-21T19:18:04+00:00,-52.11,-56.78,-58.78,-56.43,-63.52,-45.89,-43.36,-57.29,-53.38,-49.29,-54.14,-59.50,-57.47,-39.89,-55.36,-50.37,-53.93,2026-07-21 19:18:04+00:00
2026-07-21T19:19:03+00:00,-52.38,-58.57,-58.90,-57.09,-64.08,-45.83,-43.42,-57.26,-53.65,-49.57,-54.69,-59.16,-57.51,-39.91,-55.83,-49.72,-53.16,2026-07-21 19:19:03+00:00
2026-07-21T19:20:03+00:00,-52.34,-58.39,-58.68,-57.24,-64.48,-45.94,-43.45,-57.53,-53.71,-49.83,-54.57,-59.93,-57.23,-39.80,-55.60,-49.52,-53.28,2026-07-21 19:20:03+00:00
2026-07-21T19:21:04+00:00,-51.89,-57.46,-59.59,-57.34,-64.58,-45.93,-43.28,-57.99,-51.16,-49.91,-54.47,-60.07,-56.95,-39.78,-55.79,-49.72,-53.32,2026-07-21 19:21:04+00:00
2026-07-21T19:22:04+00:00,-52.13,-58.80,-59.26,-57.52,-62.73,-45.88,-43.34,-57.75,-51.12,-50.07,-54.61,-59.43,-57.18,-39.76,-55.48,-48.77,-54.14,2026-07-21 19:22:04+00:00
2026-07-21T19:23:03+00:00,-52.55,-58.57,-58.84,-57.04,-63.01,-45.44,-43.32,-57.48,-50.85,-50.20,-54.24,-58.62,-56.70,-39.71,-55.14,-48.80,-53.01,2026-07-21 19:23:03+00:00
2026-07-21T19:24:04+00:00,-52.78,-58.55,-59.49,-57.26,-63.98,-45.64,-43.36,-57.92,-51.38,-50.30,-54.66,-59.16,-57.30,-39.39,-55.80,-49.20,-53.24,2026-07-21 19:24:04+00:00
2026-07-21T19:25:04+00:00,-52.37,-58.31,-59.33,-57.14,-63.57,-45.58,-43.42,-57.44,-51.44,-50.80,-54.36,-59.28,-57.03,-39.34,-55.19,-49.98,-53.97,2026-07-21 19:25:04+00:00
2026-07-21T19:26:04+00:00,-52.53,-58.13,-59.09,-57.41,-64.12,-45.54,-43.36,-57.74,-51.45,-50.39,-54.18,-59.58,-56.24,-38.87,-55.38,-50.08,-52.95,2026-07-21 19:26:04+00:00
2026-07-21T19:27:03+00:00,-51.92,-58.55,-58.70,-57.11,-62.91,-45.78,-43.41,-57.26,-51.15,-50.56,-54.32,-59.10,-55.82,-39.26,-55.31,-49.80,-52.92,2026-07-21 19:27:03+00:00
2026-07-21T19:28:04+00:00,-51.99,-58.56,-59.87,-57.37,-64.87,-45.89,-43.41,-58.05,-50.80,-50.90,-54.49,-59.78,-56.21,-39.26,-55.64,-49.81,-54.09,2026-07-21 19:28:04+00:00
2026-07-21T19:29:04+00:00,-52.11,-58.42,-57.82,-57.03,-63.30,-46.06,-43.44,-57.01,-50.57,-50.73,-53.64,-57.30,-55.03,-39.32,-55.27,-49.60,-54.28,2026-07-21 19:29:04+00:00
2026-07-21T19:30:03+00:00,-51.10,-58.26,-58.48,-56.78,-62.64,-45.72,-43.43,-57.40,-50.10,-51.34,-53.78,-58.31,-54.43,-39.77,-54.40,-50.28,-54.16,2026-07-21 19:30:03+00:00
2026-07-21T19:31:07+00:00,-48.90,-59.44,-59.28,-57.62,-63.57,-45.84,-43.40,-57.54,-50.30,-52.21,-54.63,-59.45,-55.77,-39.95,-55.08,-51.20,-54.41,2026-07-21 19:31:07+00:00
2026-07-21T19:32:04+00:00,-49.03,-59.25,-59.38,-57.65,-63.10,-46.22,-43.49,-58.15,-50.26,-52.58,-54.66,-59.41,-55.66,-40.13,-54.76,-51.35,-54.21,2026-07-21 19:32:04+00:00
2026-07-21T19:33:04+00:00,-48.75,-59.27,-59.55,-57.59,-63.74,-45.95,-43.46,-57.47,-50.27,-53.04,-54.50,-59.80,-54.91,-40.25,-54.72,-51.70,-54.17,2026-07-21 19:33:04+00:00
2026-07-21T19:34:03+00:00,-47.62,-59.59,-59.87,-57.47,-64.00,-45.81,-43.51,-58.04,-50.44,-53.18,-54.85,-59.89,-54.70,-40.19,-54.89,-51.41,-54.39,2026-07-21 19:34:03+00:00
2026-07-21T19:35:03+00:00,-48.61,-59.47,-59.43,-56.95,-63.01,-45.78,-43.42,-57.00,-51.19,-53.71,-54.43,-59.56,-54.86,-40.25,-54.18,-50.33,-54.28,2026-07-21 19:35:03+00:00
2026-07-21T19:36:04+00:00,-48.92,-59.94,-60.08,-58.43,-63.80,-45.79,-43.30,-58.58,-52.23,-53.97,-54.88,-60.48,-54.97,-40.61,-54.74,-50.29,-54.26,2026-07-21 19:36:04+00:00
2026-07-21T19:37:03+00:00,-48.66,-59.83,-59.60,-57.48,-64.12,-45.56,-43.38,-58.24,-52.19,-53.90,-54.81,-60.06,-54.58,-41.08,-54.13,-50.85,-53.86,2026-07-21 19:37:03+00:00
2026-07-21T19:38:03+00:00,-48.73,-60.56,-60.33,-58.26,-63.61,-45.60,-43.40,-58.14,-52.48,-54.39,-54.97,-61.01,-54.20,-40.95,-54.28,-51.73,-54.31,2026-07-21 19:38:03+00:00
2026-07-21T19:39:04+00:00,-49.09,-60.02,-60.15,-58.22,-63.53,-45.61,-43.40,-57.95,-52.46,-54.23,-54.95,-59.86,-54.44,-40.84,-54.32,-51.65,-54.43,2026-07-21 19:39:04+00:00
2026-07-21T19:40:03+00:00,-48.89,-60.40,-61.00,-58.28,-64.10,-46.16,-43.32,-59.23,-52.85,-54.00,-55.16,-60.95,-54.43,-40.77,-54.16,-53.11,-54.34,2026-07-21 19:40:03+00:00
2026-07-21T19:41:03+00:00,-48.78,-59.66,-58.89,-56.80,-64.20,-47.82,-43.36,-57.59,-52.39,-53.89,-54.46,-59.00,-53.52,-41.12,-53.55,-52.76,-54.16,2026-07-21 19:41:03+00:00
2026-07-21T19:42:04+00:00,-48.89,-58.51,-58.42,-57.33,-63.18,-47.70,-43.48,-57.42,-52.42,-53.79,-53.83,-57.86,-52.91,-41.45,-53.55,-53.15,-53.65,2026-07-21 19:42:04+00:00
2026-07-21T19:43:04+00:00,-48.76,-58.45,-57.94,-57.17,-63.23,-47.63,-43.49,-56.71,-52.51,-53.30,-54.61,-58.24,-52.59,-41.73,-53.55,-53.30,-54.18,2026-07-21 19:43:04+00:00
2026-07-21T19:44:03+00:00,-48.35,-57.94,-58.83,-57.54,-63.75,-47.60,-43.50,-57.23,-52.60,-52.71,-45.29,-58.54,-52.88,-41.62,-53.62,-54.09,-52.89,2026-07-21 19:44:03+00:00
2026-07-21T19:45:03+00:00,-48.71,-59.42,-60.21,-58.42,-62.88,-47.70,-43.54,-57.69,-54.30,-53.59,-53.83,-60.27,-53.26,-41.51,-53.29,-55.67,-53.72,2026-07-21 19:45:03+00:00
2026-07-21T19:46:04+00:00,-51.40,-59.54,-58.60,-56.70,-63.78,-47.73,-43.30,-56.19,-53.78,-53.56,-54.74,-58.89,-52.97,-42.14,-52.93,-54.16,-54.01,2026-07-21 19:46:04+00:00
2026-07-21T19:47:04+00:00,-51.53,-58.90,-59.08,-57.67,-63.89,-47.60,-43.17,-57.34,-54.00,-53.15,-54.78,-59.68,-53.47,-43.07,-52.96,-53.92,-54.58,2026-07-21 19:47:04+00:00
2026-07-21T19:48:03+00:00,-51.11,-58.25,-59.24,-57.78,-63.20,-47.63,-43.32,-57.15,-54.20,-52.86,-55.14,-59.77,-53.06,-42.95,-52.51,-53.48,-54.48,2026-07-21 19:48:03+00:00
2026-07-21T19:49:03+00:00,-51.13,-59.88,-60.03,-57.94,-64.00,-47.66,-43.36,-57.52,-54.26,-52.80,-54.56,-60.35,-53.03,-41.85,-52.70,-54.56,-53.78,2026-07-21 19:49:03+00:00
2026-07-21T19:50:04+00:00,-51.44,-59.05,-58.73,-57.44,-63.84,-47.57,-43.31,-56.75,-53.57,-52.43,-54.21,-58.94,-52.58,-40.99,-52.06,-53.08,-54.18,2026-07-21 19:50:04+00:00
2026-07-21T19:51:03+00:00,-51.30,-60.48,-59.67,-57.94,-63.92,-47.63,-43.40,-57.39,-54.15,-52.35,-54.47,-59.69,-52.74,-41.56,-52.26,-53.26,-53.80,2026-07-21 19:51:03+00:00
2026-07-21T19:52:03+00:00,-51.41,-58.23,-59.25,-57.41,-64.12,-47.65,-43.34,-56.69,-53.80,-52.08,-54.41,-59.36,-53.02,-41.52,-51.86,-53.69,-56.89,2026-07-21 19:52:03+00:00
2026-07-21T19:53:04+00:00,-51.24,-58.97,-59.94,-57.83,-63.12,-47.58,-43.34,-57.33,-53.89,-51.52,-54.53,-60.59,-53.04,-41.43,-51.95,-51.37,-57.01,2026-07-21 19:53:04+00:00
2026-07-21T19:54:04+00:00,-51.85,-58.87,-59.87,-58.07,-62.85,-47.64,-43.33,-57.77,-54.44,-51.35,-54.72,-59.95,-52.93,-42.33,-51.61,-49.93,-56.94,2026-07-21 19:54:04+00:00
2026-07-21T19:55:03+00:00,-51.40,-59.05,-59.84,-57.60,-63.42,-47.61,-42.51,-57.47,-54.26,-50.32,-48.16,-59.92,-52.84,-41.98,-51.79,-48.93,-55.07,2026-07-21 19:55:03+00:00
2026-07-21T19:56:03+00:00,-51.59,-58.46,-58.56,-57.53,-64.46,-47.33,-43.54,-56.74,-54.27,-50.68,-54.29,-59.01,-52.19,-41.65,-51.69,-48.39,-56.33,2026-07-21 19:56:03+00:00
2026-07-21T19:57:04+00:00,-52.27,-58.57,-58.89,-56.43,-62.78,-47.70,-43.41,-57.00,-53.97,-50.10,-54.00,-59.60,-51.96,-41.26,-51.72,-47.80,-53.21,2026-07-21 19:57:04+00:00
2026-07-21T19:58:04+00:00,-51.98,-59.73,-60.36,-58.18,-63.36,-47.91,-43.38,-57.46,-54.32,-49.80,-54.05,-60.47,-52.15,-40.94,-51.60,-47.01,-57.51,2026-07-21 19:58:04+00:00
2026-07-21T19:59:03+00:00,-51.81,-58.31,-58.14,-57.87,-62.75,-47.51,-43.25,-57.33,-53.97,-49.09,-54.46,-58.86,-51.61,-40.69,-51.06,-46.65,-56.71,2026-07-21 19:59:03+00:00
2026-07-21T20:00:03+00:00,-52.01,-59.54,-60.44,-58.07,-63.84,-47.55,-43.39,-58.11,-54.09,-48.90,-54.43,-60.51,-51.76,-41.56,-51.13,-47.33,-57.28,2026-07-21 20:00:03+00:00
2026-07-21T20:01:13+00:00,0,0,0,0,0,0,0,0,0,0,0,0,0,0,0,0,-40,2026-07-21 20:01:13+00:00
2026-07-21T20:02:04+00:00,-51.95,-58.29,-58.67,-57.29,-63.39,-47.52,-43.28,-57.78,-53.90,-48.36,-54.44,-59.40,-51.16,-42.81,-51.18,-46.11,-55.76,2026-07-21 20:02:04+00:00
2026-07-21T20:03:04+00:00,-52.38,-59.73,-59.25,-57.70,-62.93,-47.08,-43.40,-57.39,-54.22,-47.75,-54.64,-59.68,-51.14,-42.50,-51.22,-43.50,-56.79,2026-07-21 20:03:04+00:00
2026-07-21T20:04:04+00:00,-52.32,-60.21,-60.17,-58.30,-63.05,-46.83,-43.47,-57.88,-54.50,-47.51,-54.98,-60.50,-51.10,-43.22,-51.41,-42.81,-58.35,2026-07-21 20:04:04+00:00
2026-07-21T20:05:03+00:00,-52.44,-59.54,-60.09,-58.26,-62.95,-45.38,-43.28,-57.79,-51.25,-47.04,-54.67,-60.22,-51.09,-43.70,-51.28,-43.45,-57.71,2026-07-21 20:05:03+00:00
2026-07-21T20:06:04+00:00,-52.65,-58.41,-59.02,-58.11,-62.96,-45.03,-43.25,-56.78,-51.14,-46.80,-54.08,-58.88,-50.50,-43.44,-51.83,-44.15,-56.97,2026-07-21 20:06:04+00:00
2026-07-21T20:07:03+00:00,-52.40,-58.77,-59.01,-57.17,-64.08,-44.75,-43.18,-56.82,-51.04,-46.78,-54.38,-58.67,-49.89,-43.84,-51.32,-44.36,-56.63,2026-07-21 20:07:03+00:00
2026-07-21T20:08:03+00:00,-52.11,-58.69,-58.41,-57.75,-64.10,-44.92,-43.33,-56.78,-50.96,-46.55,-54.19,-58.45,-49.99,-42.96,-51.34,-43.82,-56.47,2026-07-21 20:08:03+00:00
2026-07-21T20:09:04+00:00,-52.21,-57.67,-58.18,-57.42,-62.71,-44.95,-43.29,-57.02,-50.97,-46.22,-54.09,-57.82,-49.84,-43.28,-51.44,-42.71,-55.73,2026-07-21 20:09:04+00:00
2026-07-21T20:10:04+00:00,-51.72,-57.78,-58.59,-58.06,-63.93,-44.89,-43.15,-56.59,-49.53,-46.09,-54.25,-58.57,-50.15,-42.74,-51.88,-42.44,-56.71,2026-07-21 20:10:04+00:00
2026-07-21T20:11:03+00:00,-51.69,-58.52,-59.08,-57.73,-63.68,-44.97,-43.11,-57.12,-49.34,-46.11,-54.73,-59.09,-50.05,-42.63,-51.87,-41.72,-55.72,2026-07-21 20:11:03+00:00
2026-07-21T20:12:03+00:00,-49.49,-58.39,-58.19,-57.85,-63.50,-44.65,-43.09,-56.89,-49.48,-45.91,-54.44,-58.08,-50.11,-41.61,-52.17,-41.02,-56.84,2026-07-21 20:12:03+00:00
2026-07-21T20:13:04+00:00,-49.25,-58.08,-58.26,-57.69,-63.32,-44.62,-43.06,-56.58,-49.24,-45.80,-54.15,-57.93,-50.07,-41.05,-52.21,-40.25,-56.35,2026-07-21 20:13:04+00:00
2026-07-21T20:14:03+00:00,-49.46,-58.71,-59.35,-57.64,-63.85,-44.93,-43.15,-57.50,-49.29,-45.45,-54.88,-59.32,-50.24,-41.42,-52.33,-40.39,-57.38,2026-07-21 20:14:03+00:00
2026-07-21T20:15:03+00:00,-51.88,-58.46,-58.92,-58.01,-63.76,-44.87,-43.18,-57.43,-48.94,-44.93,-54.32,-59.34,-50.73,-41.48,-52.30,-41.09,-57.18,2026-07-21 20:15:03+00:00
2026-07-21T20:16:04+00:00,-48.88,-59.43,-58.94,-57.32,-63.18,-44.86,-42.85,-56.87,-48.85,-44.78,-54.70,-59.07,-51.08,-41.53,-52.63,-40.79,-57.59,2026-07-21 20:16:04+00:00
2026-07-21T20:17:04+00:00,-48.89,-57.95,-57.73,-56.23,-62.54,-44.32,-42.91,-56.16,-48.83,-44.65,-54.30,-58.10,-51.33,-40.88,-52.58,-40.40,-55.66,2026-07-21 20:17:04+00:00
2026-07-21T20:18:03+00:00,-48.99,-59.11,-59.00,-57.51,-62.97,-44.62,-42.82,-57.12,-48.89,-44.37,-55.00,-59.31,-52.34,-41.25,-53.45,-40.29,-56.45,2026-07-21 20:18:03+00:00
2026-07-21T20:19:04+00:00,-48.88,-58.90,-58.16,-57.11,-63.67,-44.70,-43.11,-56.20,-48.73,-44.09,-54.46,-58.50,-51.70,-40.95,-53.39,-40.43,-56.10,2026-07-21 20:19:04+00:00
2026-07-21T20:20:04+00:00,-48.99,-58.78,-58.64,-57.72,-62.08,-44.47,-42.86,-56.71,-50.10,-43.82,-54.59,-58.55,-51.67,-41.10,-53.86,-41.81,-56.47,2026-07-21 20:20:04+00:00
2026-07-21T20:21:03+00:00,-49.00,-59.61,-58.75,-57.85,-63.93,-44.61,-43.08,-57.16,-50.42,-43.66,-54.92,-59.01,-51.14,-40.93,-54.33,-42.71,-57.36,2026-07-21 20:21:03+00:00
2026-07-21T20:22:03+00:00,-48.91,-58.69,-58.17,-57.58,-62.66,-44.94,-42.91,-57.10,-50.34,-43.43,-54.67,-58.67,-51.02,-40.72,-53.82,-41.27,-57.44,2026-07-21 20:22:03+00:00
2026-07-21T20:23:04+00:00,-49.41,-58.56,-58.59,-57.63,-62.75,-44.66,-43.08,-56.82,-50.27,-43.47,-54.78,-58.67,-50.91,-39.92,-53.74,-42.42,-56.57,2026-07-21 20:23:04+00:00
2026-07-21T20:24:04+00:00,-49.19,-58.71,-57.81,-57.99,-63.20,-44.61,-43.00,-56.78,-50.32,-43.72,-54.32,-58.05,-50.42,-39.71,-54.46,-43.77,-56.09,2026-07-21 20:24:04+00:00
2026-07-21T20:25:03+00:00,-49.17,-59.38,-58.73,-58.34,-63.07,-44.57,-43.21,-57.46,-52.57,-43.42,-55.26,-60.17,-50.72,-39.75,-55.51,-43.58,-56.59,2026-07-21 20:25:03+00:00
2026-07-21T20:26:04+00:00,-49.35,-57.92,-57.63,-57.36,-63.00,-44.46,-43.08,-56.03,-51.82,-43.44,-54.24,-57.66,-50.72,-39.63,-55.08,-43.90,-54.02,2026-07-21 20:26:04+00:00
2026-07-21T20:27:04+00:00,-49.27,-59.36,-59.14,-58.10,-63.11,-44.82,-43.20,-57.10,-52.39,-43.83,-54.72,-59.44,-51.23,-40.06,-55.51,-43.26,-57.78,2026-07-21 20:27:04+00:00
2026-07-21T20:28:03+00:00,-49.25,-60.08,-60.30,-58.21,-63.27,-44.84,-43.15,-57.54,-52.74,-43.93,-54.68,-60.05,-50.60,-40.20,-55.77,-43.45,-56.34,2026-07-21 20:28:03+00:00
2026-07-21T20:29:03+00:00,-49.10,-58.91,-59.04,-57.77,-62.40,-44.51,-43.14,-57.06,-52.69,-44.16,-54.14,-58.99,-50.74,-40.43,-56.07,-42.88,-56.22,2026-07-21 20:29:03+00:00
2026-07-21T20:30:04+00:00,-49.70,-58.66,-58.47,-57.69,-62.86,-44.59,-43.04,-57.14,-53.83,-44.18,-53.67,-58.55,-50.57,-40.59,-56.11,-43.00,-55.83,2026-07-21 20:30:04+00:00
2026-07-21T20:31:11+00:00,-52.80,-58.85,-58.03,-57.47,-62.09,-44.71,-43.10,-57.14,-54.33,-43.77,-53.86,-58.97,-51.30,-41.22,-56.09,-45.80,-56.89,2026-07-21 20:31:11+00:00
2026-07-21T20:32:04+00:00,-52.92,-59.39,-58.86,-57.18,-62.29,-44.57,-43.09,-57.26,-54.52,-43.71,-53.99,-59.01,-50.99,-41.71,-56.83,-46.15,-56.25,2026-07-21 20:32:04+00:00
2026-07-21T20:33:03+00:00,-52.52,-58.71,-58.48,-57.68,-62.65,-43.45,-43.19,-55.70,-52.03,-43.43,-53.71,-58.57,-50.68,-40.64,-56.51,-45.67,-56.23,2026-07-21 20:33:03+00:00
2026-07-21T20:34:04+00:00,-52.15,-57.90,-57.73,-56.61,-62.89,-43.88,-43.09,-54.48,-51.86,-43.56,-54.01,-58.24,-50.32,-41.13,-55.82,-45.50,-54.21,2026-07-21 20:34:04+00:00
2026-07-21T20:35:04+00:00,-52.48,-58.60,-58.45,-57.95,-63.23,-43.82,-43.16,-54.94,-52.19,-43.53,-54.14,-59.36,-50.48,-40.81,-56.58,-45.52,-55.99,2026-07-21 20:35:04+00:00
2026-07-21T20:36:04+00:00,-49.88,-58.56,-58.29,-56.92,-63.48,-44.23,-43.29,-57.04,-54.22,-43.79,-54.50,-59.09,-48.62,-40.17,-55.91,-46.62,-56.37,2026-07-21 20:36:04+00:00
2026-07-21T20:37:04+00:00,-51.02,-59.66,-59.34,-57.75,-62.39,-44.18,-43.43,-57.17,-54.37,-44.07,-54.64,-58.84,-48.86,-40.09,-56.09,-46.17,-56.79,2026-07-21 20:37:04+00:00
2026-07-21T20:38:03+00:00,-50.90,-58.46,-58.60,-57.47,-61.85,-44.02,-43.32,-56.85,-54.07,-44.61,-54.69,-58.58,-48.90,-39.87,-56.07,-45.39,-55.60,2026-07-21 20:38:03+00:00
2026-07-21T20:39:03+00:00,-51.50,-58.94,-58.46,-57.24,-63.95,-43.61,-43.43,-57.80,-54.24,-44.95,-55.11,-58.75,-48.91,-39.95,-55.78,-44.55,-56.27,2026-07-21 20:39:03+00:00
2026-07-21T20:40:04+00:00,-51.42,-60.24,-60.35,-57.89,-62.81,-44.23,-43.28,-58.67,-54.78,-45.40,-55.65,-60.19,-49.12,-39.57,-55.30,-43.61,-57.49,2026-07-21 20:40:04+00:00
2026-07-21T20:41:04+00:00,-51.61,-59.18,-59.40,-57.79,-62.49,-45.81,-43.46,-57.97,-54.15,-45.78,-55.19,-59.47,-49.11,-40.13,-55.72,-41.99,-57.08,2026-07-21 20:41:04+00:00
2026-07-21T20:42:03+00:00,-51.25,-59.44,-59.50,-58.08,-63.05,-45.82,-43.31,-58.04,-54.14,-45.81,-55.56,-59.76,-51.57,-39.31,-55.64,-42.12,-56.50,2026-07-21 20:42:03+00:00
2026-07-21T20:43:03+00:00,-49.75,-60.18,-59.66,-58.25,-62.40,-45.78,-43.39,-57.80,-54.07,-45.25,-55.31,-59.77,-51.57,-39.35,-55.51,-42.79,-58.06,2026-07-21 20:43:03+00:00
2026-07-21T20:44:04+00:00,-49.87,-60.10,-59.70,-57.59,-63.56,-45.72,-43.24,-57.86,-54.22,-45.22,-55.41,-59.37,-49.53,-38.60,-55.24,-44.48,-57.42,2026-07-21 20:44:04+00:00
2026-07-21T20:45:04+00:00,-50.01,-59.08,-59.79,-57.39,-63.14,-45.84,-43.34,-58.37,-54.29,-45.08,-55.30,-59.51,-50.92,-38.23,-54.88,-46.46,-56.90,2026-07-21 20:45:04+00:00
2026-07-21T20:46:03+00:00,-50.43,-59.71,-60.06,-57.43,-63.19,-45.72,-43.25,-57.54,-54.31,-44.98,-54.15,-59.33,-50.80,-38.48,-55.04,-46.42,-54.47,2026-07-21 20:46:03+00:00
2026-07-21T20:47:03+00:00,-50.36,-59.80,-58.85,-58.00,-62.42,-45.63,-43.25,-56.17,-53.93,-44.44,-54.80,-58.43,-50.92,-38.88,-54.65,-46.54,-52.73,2026-07-21 20:47:03+00:00
2026-07-21T20:48:04+00:00,-50.50,-59.56,-58.87,-57.71,-63.52,-45.60,-43.20,-56.83,-53.56,-44.33,-54.82,-58.71,-51.17,-39.53,-55.32,-46.62,-55.53,2026-07-21 20:48:04+00:00
2026-07-21T20:49:04+00:00,-50.11,-59.58,-58.68,-57.47,-62.49,-45.88,-43.45,-57.23,-53.98,-43.84,-55.13,-59.11,-51.20,-39.81,-54.93,-48.54,-56.59,2026-07-21 20:49:04+00:00
2026-07-21T20:50:03+00:00,-51.75,-59.26,-58.09,-56.48,-62.69,-45.50,-43.41,-57.21,-51.22,-43.62,-55.03,-58.12,-50.89,-40.05,-54.36,-47.06,-54.29,2026-07-21 20:50:03+00:00
2026-07-21T20:51:03+00:00,-50.38,-59.76,-59.03,-57.89,-63.33,-45.70,-43.23,-57.44,-51.36,-43.18,-55.02,-58.44,-50.96,-40.33,-54.05,-46.05,-55.55,2026-07-21 20:51:03+00:00
2026-07-21T20:52:03+00:00,-50.33,-58.43,-57.16,-57.05,-63.68,-45.65,-43.12,-57.36,-51.17,-43.17,-54.69,-58.25,-50.51,-39.97,-54.15,-45.97,-54.88,2026-07-21 20:52:03+00:00
2026-07-21T20:53:04+00:00,-50.33,-59.08,-57.93,-57.60,-63.06,-45.74,-43.12,-56.56,-51.16,-42.84,-54.48,-58.41,-50.08,-40.30,-54.20,-47.59,-56.27,2026-07-21 20:53:04+00:00
2026-07-21T20:54:04+00:00,-50.38,-59.72,-58.46,-58.01,-61.97,-45.70,-43.17,-57.84,-49.71,-43.07,-54.40,-59.41,-50.06,-39.97,-53.92,-46.28,-56.58,2026-07-21 20:54:04+00:00
2026-07-21T20:55:03+00:00,-50.54,-58.75,-57.41,-56.90,-63.18,-45.94,-43.05,-57.09,-49.56,-42.89,-53.85,-58.40,-50.02,-40.05,-53.29,-44.26,-55.89,2026-07-21 20:55:03+00:00
2026-07-21T20:56:03+00:00,-50.55,-59.70,-58.30,-57.45,-63.70,-45.93,-43.22,-58.01,-49.77,-42.75,-54.70,-59.13,-49.93,-39.56,-53.23,-42.86,-56.18,2026-07-21 20:56:03+00:00
2026-07-21T20:57:03+00:00,-50.52,-58.76,-56.42,-55.86,-63.28,-45.72,-43.11,-56.93,-49.67,-42.81,-54.08,-58.05,-49.66,-39.37,-51.97,-42.27,-54.67,2026-07-21 20:57:03+00:00
2026-07-21T20:58:04+00:00,-50.43,-59.68,-58.47,-57.29,-63.73,-45.78,-43.12,-57.37,-49.59,-42.59,-54.41,-58.93,-49.34,-39.94,-52.45,-43.24,-54.19,2026-07-21 20:58:04+00:00
2026-07-21T20:59:04+00:00,-50.27,-59.65,-58.88,-58.24,-63.55,-45.82,-43.21,-57.18,-49.54,-42.67,-54.15,-59.29,-48.96,-40.41,-52.73,-44.16,-56.93,2026-07-21 20:59:04+00:00
2026-07-21T21:00:04+00:00,-48.83,-58.30,-57.76,-56.98,-63.24,-45.16,-43.25,-57.60,-48.93,-42.71,-54.12,-57.93,-49.12,-40.30,-51.96,-45.07,-54.93,2026-07-21 21:00:04+00:00
2026-07-21T21:01:11+00:00,-48.36,-58.76,-58.62,-57.68,-64.05,-45.18,-43.22,-57.58,-49.00,-42.52,-54.32,-58.79,-49.20,-39.73,-51.27,-44.90,-56.07,2026-07-21 21:01:11+00:00
2026-07-21T21:02:04+00:00,-48.35,-58.87,-59.12,-57.66,-62.79,-43.22,-43.30,-57.85,-48.87,-42.39,-54.19,-58.29,-49.64,-39.65,-51.37,-44.15,-55.77,2026-07-21 21:02:04+00:00
2026-07-21T21:03:03+00:00,-48.17,-59.34,-59.22,-58.41,-63.86,-43.32,-43.10,-57.96,-49.05,-42.38,-54.55,-59.03,-49.92,-39.22,-51.28,-43.26,-55.44,2026-07-21 21:03:03+00:00
2026-07-21T21:04:03+00:00,-48.63,-58.46,-58.51,-58.26,-63.00,-43.45,-43.21,-58.07,-49.06,-42.47,-53.77,-58.62,-49.83,-38.97,-50.70,-42.68,-54.89,2026-07-21 21:04:03+00:00
2026-07-21T21:05:04+00:00,-48.13,-58.43,-57.85,-56.75,-62.02,-43.35,-43.12,-56.97,-50.34,-41.92,-54.21,-58.09,-49.85,-39.57,-50.51,-41.75,-56.11,2026-07-21 21:05:04+00:00
2026-07-21T21:06:04+00:00,-48.05,-58.51,-58.72,-58.03,-62.64,-43.56,-43.25,-58.08,-50.24,-41.72,-54.10,-59.56,-49.89,-39.27,-50.68,-41.60,-55.40,2026-07-21 21:06:04+00:00
2026-07-21T21:07:03+00:00,-48.04,-58.21,-57.77,-57.59,-62.43,-43.25,-43.18,-57.10,-50.32,-41.28,-54.05,-57.97,-49.39,-39.23,-50.76,-42.11,-55.48,2026-07-21 21:07:03+00:00
2026-07-21T21:08:03+00:00,-48.15,-59.03,-57.92,-57.88,-62.36,-43.59,-43.16,-57.63,-50.35,-41.28,-53.83,-58.56,-49.47,-39.49,-51.00,-41.70,-57.15,2026-07-21 21:08:03+00:00
2026-07-21T21:09:04+00:00,-48.08,-58.10,-58.04,-58.04,-62.34,-43.60,-43.14,-57.61,-52.42,-40.97,-53.32,-58.45,-49.72,-40.10,-50.43,-41.04,-56.22,2026-07-21 21:09:04+00:00
2026-07-21T21:10:04+00:00,-48.15,-55.88,-55.74,-56.14,-62.83,-43.54,-43.16,-55.45,-52.25,-40.90,-52.59,-56.16,-49.18,-40.24,-50.52,-41.52,-53.33,2026-07-21 21:10:04+00:00
2026-07-21T21:11:03+00:00,-48.04,-58.09,-58.27,-57.97,-62.35,-43.86,-43.29,-56.81,-52.34,-40.51,-53.62,-57.16,-49.51,-39.86,-50.16,-43.76,-54.96,2026-07-21 21:11:03+00:00
2026-07-21T21:12:03+00:00,-48.13,-58.01,-57.63,-57.06,-62.48,-43.58,-43.31,-57.39,-52.21,-40.56,-53.83,-57.78,-49.34,-39.13,-50.38,-43.64,-55.09,2026-07-21 21:12:03+00:00
2026-07-21T21:13:04+00:00,-47.80,-57.63,-57.86,-57.69,-62.58,-43.76,-43.27,-56.77,-52.45,-40.80,-53.92,-57.99,-48.95,-39.54,-50.13,-42.98,-54.97,2026-07-21 21:13:04+00:00
2026-07-21T21:14:04+00:00,-47.89,-58.14,-57.54,-57.87,-64.25,-43.87,-43.19,-56.62,-52.64,-41.08,-53.64,-57.64,-49.06,-39.33,-49.79,-42.71,-55.15,2026-07-21 21:14:04+00:00
2026-07-21T21:15:03+00:00,-50.03,-58.42,-57.42,-57.41,-62.88,-43.75,-43.32,-56.90,-53.82,-41.50,-53.58,-57.49,-48.79,-39.58,-50.45,-41.33,-55.66,2026-07-21 21:15:03+00:00
2026-07-21T21:16:04+00:00,-50.66,-57.94,-58.04,-57.37,-63.19,-43.88,-43.23,-56.64,-53.76,-41.41,-53.40,-57.55,-48.93,-39.53,-50.32,-41.14,-54.07,2026-07-21 21:16:04+00:00
2026-07-21T21:17:04+00:00,-50.74,-58.70,-58.12,-57.85,-63.70,-44.04,-43.26,-56.96,-54.02,-41.72,-54.13,-58.36,-48.58,-40.27,-50.05,-41.56,-56.19,2026-07-21 21:17:04+00:00
2026-07-21T21:18:04+00:00,-50.85,-58.55,-58.30,-57.70,-62.71,-44.17,-43.24,-57.13,-53.83,-41.54,-54.32,-58.19,-48.81,-39.89,-49.87,-42.68,-56.45,2026-07-21 21:18:04+00:00
2026-07-21T21:19:03+00:00,-50.58,-57.92,-58.30,-57.78,-62.74,-44.30,-43.18,-57.49,-54.26,-41.55,-53.85,-58.21,-48.79,-39.80,-50.46,-42.88,-55.52,2026-07-21 21:19:03+00:00
2026-07-21T21:20:03+00:00,-50.46,-56.93,-57.11,-56.51,-62.07,-44.19,-43.04,-55.92,-53.05,-41.47,-53.16,-56.65,-48.51,-40.04,-50.47,-42.18,-52.73,2026-07-21 21:20:03+00:00
2026-07-21T21:21:04+00:00,-50.65,-57.46,-57.46,-57.43,-62.60,-44.45,-43.16,-56.23,-53.70,-42.15,-53.98,-57.18,-48.42,-39.95,-50.99,-41.85,-55.07,2026-07-21 21:21:04+00:00
2026-07-21T21:22:03+00:00,-50.61,-56.71,-56.27,-56.53,-62.88,-44.21,-43.17,-55.59,-53.33,-41.96,-53.25,-56.18,-48.33,-40.03,-50.18,-43.07,-55.11,2026-07-21 21:22:03+00:00
2026-07-21T21:23:03+00:00,-50.65,-58.59,-57.80,-57.14,-63.04,-44.41,-43.29,-57.02,-53.74,-41.42,-53.92,-57.18,-48.51,-39.58,-50.34,-44.09,-55.32,2026-07-21 21:23:03+00:00
2026-07-21T21:24:04+00:00,-50.56,-58.13,-57.79,-58.02,-62.55,-44.38,-43.28,-56.69,-53.45,-41.51,-53.94,-57.35,-48.38,-39.34,-49.66,-43.77,-53.57,2026-07-21 21:24:04+00:00
2026-07-21T21:25:04+00:00,-50.54,-57.96,-58.08,-57.20,-62.99,-44.23,-43.13,-56.53,-53.70,-41.63,-53.69,-56.67,-48.04,-39.03,-49.25,-42.77,-55.38,2026-07-21 21:25:04+00:00
2026-07-21T21:26:03+00:00,-50.54,-58.10,-57.39,-57.26,-61.71,-44.37,-43.12,-56.25,-53.62,-41.57,-53.54,-56.35,-47.69,-39.44,-49.41,-42.81,-55.83,2026-07-21 21:26:03+00:00
2026-07-21T21:27:03+00:00,-50.62,-58.20,-58.07,-57.59,-63.00,-44.58,-43.03,-57.34,-53.50,-41.31,-53.28,-56.99,-48.01,-40.35,-49.16,-42.38,-56.05,2026-07-21 21:27:03+00:00
2026-07-21T21:28:04+00:00,-50.74,-57.70,-57.84,-57.65,-62.83,-44.35,-43.10,-56.59,-53.65,-41.37,-52.85,-56.74,-47.72,-40.73,-49.50,-42.14,-55.05,2026-07-21 21:28:04+00:00
2026-07-21T21:29:04+00:00,-49.65,-57.03,-57.49,-57.74,-63.18,-47.00,-43.21,-57.09,-53.34,-41.32,-52.58,-56.13,-47.65,-41.61,-49.26,-41.66,-55.75,2026-07-21 21:29:04+00:00
2026-07-21T21:30:03+00:00,-50.01,-58.91,-58.27,-57.66,-63.21,-46.93,-43.23,-57.59,-53.99,-41.46,-52.75,-57.25,-48.03,-41.72,-49.81,-41.30,-55.84,2026-07-21 21:30:03+00:00
2026-07-21T21:31:10+00:00,-50.06,-59.46,-58.49,-56.99,-62.36,-47.20,-43.19,-56.93,-53.62,-41.70,-53.14,-57.09,-48.25,-41.93,-50.03,-40.73,-53.00,2026-07-21 21:31:10+00:00
2026-07-21T21:32:03+00:00,-49.99,-58.60,-59.10,-58.14,-63.07,-47.00,-43.13,-56.91,-53.74,-41.76,-53.18,-57.00,-48.59,-42.45,-50.05,-40.31,-55.06,2026-07-21 21:32:03+00:00
2026-07-21T21:33:04+00:00,-49.97,-59.66,-59.42,-58.59,-62.86,-47.20,-43.13,-57.82,-53.78,-41.98,-53.35,-57.83,-48.56,-42.90,-49.74,-40.07,-56.91,2026-07-21 21:33:04+00:00
2026-07-21T21:34:04+00:00,-50.10,-58.63,-58.87,-58.14,-63.58,-47.40,-43.15,-57.06,-53.03,-42.29,-53.10,-57.63,-48.69,-42.90,-49.52,-39.59,-56.67,2026-07-21 21:34:04+00:00
2026-07-21T21:35:03+00:00,-50.11,-58.40,-57.93,-57.16,-62.53,-47.23,-43.16,-56.31,-50.62,-42.29,-52.89,-56.37,-48.27,-43.34,-48.79,-39.96,-56.04,2026-07-21 21:35:03+00:00
2026-07-21T21:36:04+00:00,-50.27,-59.46,-58.45,-58.21,-63.48,-47.08,-43.07,-57.25,-50.95,-42.13,-52.91,-57.24,-48.36,-43.27,-48.60,-40.12,-56.94,2026-07-21 21:36:04+00:00
2026-07-21T21:37:04+00:00,-50.20,-58.09,-58.76,-58.40,-64.25,-47.30,-43.05,-57.28,-51.14,-42.00,-53.22,-57.49,-47.99,-43.66,-48.48,-39.95,-56.40,2026-07-21 21:37:04+00:00
2026-07-21T21:38:03+00:00,-49.99,-58.81,-59.13,-58.48,-62.71,-47.24,-43.07,-57.50,-51.07,-42.34,-52.92,-57.37,-48.09,-43.97,-47.94,-40.08,-57.15,2026-07-21 21:38:03+00:00
2026-07-21T21:39:03+00:00,-50.53,-59.14,-58.58,-58.15,-62.31,-47.66,-43.02,-56.84,-49.11,-42.50,-52.56,-57.05,-48.08,-43.73,-47.66,-39.46,-56.30,2026-07-21 21:39:03+00:00
2026-07-21T21:40:04+00:00,-50.44,-59.04,-59.21,-57.81,-63.13,-47.51,-43.05,-56.74,-49.40,-42.51,-52.39,-57.49,-48.56,-43.42,-47.81,-39.29,-56.48,2026-07-21 21:40:04+00:00
2026-07-21T21:41:04+00:00,-50.45,-57.41,-57.43,-57.21,-62.18,-47.54,-43.13,-55.89,-49.25,-42.22,-52.38,-56.21,-48.34,-43.90,-47.88,-38.85,-54.14,2026-07-21 21:41:04+00:00
2026-07-21T21:42:03+00:00,-50.38,-59.20,-58.29,-57.68,-62.09,-47.44,-43.06,-56.47,-49.39,-42.23,-52.05,-56.69,-48.12,-44.26,-47.71,-39.12,-55.41,2026-07-21 21:42:03+00:00
2026-07-21T21:43:04+00:00,-50.44,-58.88,-57.77,-56.72,-62.54,-47.50,-43.05,-56.16,-49.07,-42.72,-52.67,-56.35,-48.37,-44.28,-47.40,-39.60,-55.28,2026-07-21 21:43:04+00:00
2026-07-21T21:44:04+00:00,-50.48,-58.58,-58.52,-57.72,-62.75,-47.39,-42.97,-57.10,-49.05,-42.85,-52.39,-57.12,-48.02,-44.13,-47.46,-40.21,-55.44,2026-07-21 21:44:04+00:00
2026-07-21T21:45:03+00:00,-48.22,-57.96,-57.25,-56.85,-63.26,-47.47,-42.93,-55.61,-48.62,-43.13,-51.92,-55.92,-47.80,-45.09,-47.29,-40.15,-53.16,2026-07-21 21:45:03+00:00
2026-07-21T21:46:03+00:00,-48.08,-58.07,-58.31,-57.18,-62.57,-47.35,-42.93,-56.55,-48.74,-43.41,-52.59,-56.86,-47.68,-45.18,-46.83,-39.49,-55.79,2026-07-21 21:46:03+00:00
2026-07-21T21:47:04+00:00,-48.19,-59.25,-58.49,-57.29,-62.67,-47.45,-42.95,-57.74,-48.80,-43.70,-52.57,-57.53,-47.64,-46.21,-46.68,-39.75,-55.01,2026-07-21 21:47:04+00:00
2026-07-21T21:48:03+00:00,-48.31,-57.55,-57.70,-56.95,-62.30,-47.49,-43.07,-55.61,-48.58,-43.76,-52.29,-56.24,-47.28,-47.48,-46.38,-40.62,-54.90,2026-07-21 21:48:03+00:00
2026-07-21T21:49:03+00:00,-48.14,-58.44,-58.06,-57.90,-63.34,-47.53,-43.13,-57.12,-48.73,-43.59,-52.41,-57.22,-47.82,-46.87,-46.45,-40.27,-56.65,2026-07-21 21:49:03+00:00
2026-07-21T21:50:03+00:00,-48.16,-59.67,-58.82,-57.64,-62.50,-47.63,-43.16,-57.56,-50.41,-43.67,-52.58,-58.03,-47.64,-46.62,-46.44,-40.01,-56.70,2026-07-21 21:50:03+00:00
2026-07-21T21:51:04+00:00,-48.26,-59.57,-58.85,-58.18,-63.11,-46.96,-43.12,-57.65,-50.35,-43.80,-52.61,-57.87,-47.32,-46.26,-46.76,-39.88,-56.59,2026-07-21 21:51:04+00:00
2026-07-21T21:52:03+00:00,-48.18,-58.51,-58.14,-57.76,-63.38,-46.63,-43.03,-56.92,-50.09,-44.46,-52.43,-57.56,-47.34,-45.80,-46.57,-39.39,-54.18,2026-07-21 21:52:03+00:00
2026-07-21T21:53:03+00:00,-48.06,-58.67,-58.15,-57.68,-62.73,-44.79,-43.14,-57.33,-50.20,-44.51,-52.28,-57.56,-47.50,-45.35,-46.25,-39.32,-55.57,2026-07-21 21:53:03+00:00
2026-07-21T21:54:04+00:00,-48.03,-57.73,-57.39,-57.53,-62.99,-44.85,-43.09,-56.38,-52.13,-44.63,-52.55,-56.86,-47.30,-45.70,-46.31,-39.73,-53.78,2026-07-21 21:54:04+00:00
2026-07-21T21:55:04+00:00,-47.98,-59.43,-58.71,-58.26,-64.02,-44.76,-43.44,-57.62,-52.20,-44.54,-52.81,-58.03,-47.56,-46.11,-46.35,-39.58,-56.42,2026-07-21 21:55:04+00:00
2026-07-21T21:56:03+00:00,-48.06,-58.19,-57.91,-57.76,-62.84,-45.09,-42.28,-57.61,-52.11,-44.47,-50.89,-57.69,-48.12,-46.12,-46.40,-39.36,-55.47,2026-07-21 21:56:03+00:00
2026-07-21T21:57:03+00:00,-47.96,-59.41,-57.84,-57.53,-63.04,-45.02,-43.36,-57.05,-52.21,-44.53,-52.39,-58.01,-47.78,-46.33,-46.33,-39.63,-54.64,2026-07-21 21:57:03+00:00
2026-07-21T21:58:04+00:00,-47.94,-59.00,-57.92,-57.64,-62.79,-44.76,-43.18,-57.66,-52.44,-45.23,-52.05,-57.85,-47.95,-46.04,-45.93,-39.92,-55.80,2026-07-21 21:58:04+00:00
2026-07-21T21:59:04+00:00,-47.79,-57.43,-56.87,-57.12,-62.80,-44.87,-43.06,-56.10,-52.46,-45.58,-52.02,-56.58,-47.76,-45.40,-46.22,-39.45,-54.32,2026-07-21 21:59:04+00:00
2026-07-21T22:00:04+00:00,-49.80,-57.98,-57.66,-57.54,-61.91,-44.54,-43.10,-56.55,-53.75,-45.04,-51.79,-57.38,-47.97,-45.17,-46.97,-39.04,-54.56,2026-07-21 22:00:04+00:00
2026-07-21T22:01:09+00:00,-50.03,-57.27,-56.40,-57.41,-62.18,-44.76,-43.16,-56.62,-53.34,-44.97,-50.77,-56.00,-47.69,-45.62,-47.37,-39.18,-55.17,2026-07-21 22:01:09+00:00
2026-07-21T22:02:04+00:00,-50.21,-59.46,-58.77,-58.13,-62.82,-45.22,-43.10,-57.89,-53.75,-45.17,-51.00,-57.85,-47.40,-45.29,-47.13,-39.37,-55.83,2026-07-21 22:02:04+00:00
2026-07-21T22:03:03+00:00,-50.49,-59.22,-56.80,-57.69,-62.80,-44.94,-42.88,-57.70,-53.72,-45.61,-51.59,-57.69,-47.27,-44.15,-47.05,-39.22,-53.90,2026-07-21 22:03:03+00:00
2026-07-21T22:04:03+00:00,-50.21,-59.75,-58.88,-58.43,-63.32,-45.05,-42.95,-57.89,-54.22,-45.67,-52.12,-58.05,-47.32,-44.29,-47.79,-38.45,-56.49,2026-07-21 22:04:03+00:00
2026-07-21T22:05:04+00:00,-50.18,-59.19,-57.17,-57.45,-63.46,-44.69,-42.99,-56.61,-54.00,-45.69,-51.78,-57.24,-47.34,-44.55,-47.69,-38.14,-54.65,2026-07-21 22:05:04+00:00
2026-07-21T22:06:03+00:00,-50.17,-61.36,-60.01,-59.05,-62.91,-45.23,-43.14,-58.32,-54.35,-45.78,-52.53,-59.32,-47.68,-45.06,-47.31,-37.72,-56.96,2026-07-21 22:06:03+00:00
2026-07-21T22:07:04+00:00,-50.17,-58.65,-59.11,-58.27,-63.64,-45.44,-43.25,-58.29,-53.99,-46.21,-52.40,-58.55,-47.81,-45.62,-47.29,-37.80,-55.35,2026-07-21 22:07:04+00:00
2026-07-21T22:08:04+00:00,-51.29,-60.68,-59.49,-58.45,-62.77,-45.34,-43.00,-57.84,-53.91,-45.37,-52.42,-59.06,-48.15,-46.09,-46.88,-38.13,-56.87,2026-07-21 22:08:04+00:00
2026-07-21T22:09:03+00:00,-51.01,-60.14,-60.33,-59.28,-63.53,-45.61,-43.13,-58.22,-54.43,-45.36,-52.48,-59.37,-48.10,-46.21,-46.06,-38.84,-57.44,2026-07-21 22:09:03+00:00
2026-07-21T22:10:03+00:00,-50.96,-61.19,-60.69,-59.39,-63.57,-45.31,-43.15,-59.20,-54.47,-45.61,-52.85,-59.34,-48.02,-45.87,-46.23,-38.63,-55.03,2026-07-21 22:10:03+00:00
2026-07-21T22:11:04+00:00,-51.09,-60.39,-59.26,-58.63,-63.72,-45.60,-43.17,-57.46,-53.82,-45.57,-52.24,-58.60,-47.67,-45.76,-46.58,-38.36,-55.19,2026-07-21 22:11:04+00:00
2026-07-21T22:12:04+00:00,-51.24,-61.52,-61.45,-59.74,-64.30,-45.65,-43.40,-58.66,-54.06,-45.61,-52.71,-59.83,-47.46,-46.80,-46.29,-37.77,-53.19,2026-07-21 22:12:04+00:00
2026-07-21T22:13:03+00:00,-50.94,-60.07,-59.45,-58.28,-64.23,-45.29,-42.00,-56.99,-53.84,-45.08,-52.59,-58.40,-47.37,-46.83,-46.07,-37.53,-53.21,2026-07-21 22:13:03+00:00
2026-07-21T22:14:04+00:00,-51.19,-60.62,-59.18,-58.40,-64.37,-45.35,-43.12,-57.54,-53.98,-45.07,-52.35,-59.16,-47.45,-46.32,-45.94,-37.73,-54.47,2026-07-21 22:14:04+00:00
2026-07-21T22:15:35+00:00,-50.99,-61.64,-61.00,-59.30,-64.03,-45.30,-43.10,-58.01,-54.45,-45.15,-52.60,-59.80,-47.83,-45.13,-45.71,-37.17,-53.21,2026-07-21 22:15:35+00:00
2026-07-21T22:16:04+00:00,-50.91,-60.19,-59.58,-57.38,-63.27,-45.57,-43.06,-57.80,-53.94,-46.08,-52.15,-58.75,-47.71,-44.69,-45.65,-36.56,-53.14,2026-07-21 22:16:04+00:00
2026-07-21T22:17:03+00:00,-50.90,-60.90,-60.56,-59.17,-63.83,-45.64,-43.09,-57.81,-54.37,-46.32,-52.47,-59.83,-47.94,-44.82,-45.78,-36.30,-54.63,2026-07-21 22:17:03+00:00
2026-07-21T22:18:04+00:00,-51.02,-60.24,-59.05,-58.64,-63.28,-45.42,-42.78,-57.71,-53.94,-46.27,-52.35,-58.41,-47.94,-45.25,-45.67,-36.19,-52.73,2026-07-21 22:18:04+00:00
2026-07-21T22:19:04+00:00,-51.04,-60.52,-60.27,-59.08,-64.09,-45.57,-43.13,-57.96,-54.41,-46.09,-52.04,-58.94,-47.99,-44.60,-46.04,-36.72,-53.11,2026-07-21 22:19:04+00:00
2026-07-21T22:20:03+00:00,-50.80,-61.50,-60.43,-59.70,-63.75,-48.14,-43.15,-58.29,-51.17,-45.32,-52.54,-59.58,-47.66,-45.04,-45.90,-37.10,-52.93,2026-07-21 22:20:03+00:00
2026-07-21T22:21:03+00:00,-50.96,-60.70,-59.98,-58.99,-62.59,-47.88,-43.02,-58.09,-51.13,-45.03,-52.47,-59.02,-47.54,-45.22,-46.12,-37.40,-53.03,2026-07-21 22:21:03+00:00
2026-07-21T22:22:04+00:00,-50.09,-61.05,-60.47,-58.97,-63.80,-48.03,-42.98,-57.56,-51.10,-45.54,-53.02,-59.05,-47.36,-44.69,-46.41,-37.61,-52.99,2026-07-21 22:22:04+00:00
2026-07-21T22:23:04+00:00,-50.05,-62.09,-60.56,-59.06,-64.09,-48.10,-42.93,-58.20,-50.98,-45.70,-52.07,-59.51,-47.76,-45.61,-46.68,-37.18,-54.31,2026-07-21 22:23:04+00:00
2026-07-21T22:24:03+00:00,-49.92,-61.35,-60.24,-59.38,-63.64,-47.91,-42.85,-58.12,-49.27,-45.79,-52.71,-59.43,-47.38,-45.51,-46.91,-37.47,-53.02,2026-07-21 22:24:03+00:00
2026-07-21T22:25:04+00:00,-49.93,-59.42,-58.80,-58.14,-62.59,-47.63,-42.76,-57.22,-49.08,-45.85,-52.54,-57.74,-47.36,-44.90,-46.99,-38.50,-53.00,2026-07-21 22:25:04+00:00
2026-07-21T22:26:04+00:00,-50.26,-61.86,-61.02,-59.07,-63.84,-50.58,-48.62,-59.49,-49.32,-45.86,-53.76,-59.46,-47.13,-43.63,-47.02,-38.96,-52.97,2026-07-21 22:26:04+00:00
2026-07-21T22:27:03+00:00,-50.06,-60.95,-59.64,-58.77,-64.26,-50.21,-48.72,-58.26,-49.29,-45.40,-53.43,-58.17,-47.31,-43.66,-46.57,-38.76,-53.00,2026-07-21 22:27:03+00:00
2026-07-21T22:28:03+00:00,-50.23,-63.22,-61.21,-59.71,-64.03,-50.55,-48.99,-59.63,-49.41,-45.69,-53.50,-59.71,-47.72,-43.55,-46.64,-38.65,-54.46,2026-07-21 22:28:03+00:00
2026-07-21T22:29:04+00:00,-50.32,-58.64,-60.22,-59.10,-63.33,-50.23,-48.37,-59.22,-49.03,-44.91,-52.63,-59.34,-47.93,-43.23,-46.37,-39.23,-55.28,2026-07-21 22:29:04+00:00
2026-07-21T22:30:04+00:00,-48.27,-56.15,-59.47,-58.76,-62.84,-49.98,-48.90,-57.34,-48.74,-44.74,-52.13,-58.75,-47.82,-43.73,-46.24,-39.42,-52.96,2026-07-21 22:30:04+00:00
2026-07-21T22:31:12+00:00,-48.09,-61.34,-60.75,-59.44,-62.88,-47.74,-42.85,-58.66,-48.80,-44.94,-52.41,-59.29,-47.67,-44.04,-46.75,-38.89,-55.47,2026-07-21 22:31:12+00:00
2026-07-21T22:32:03+00:00,-48.53,-61.34,-60.10,-59.11,-63.81,-47.64,-42.74,-58.44,-48.79,-44.35,-52.60,-59.15,-47.76,-44.07,-46.81,-38.74,-54.54,2026-07-21 22:32:03+00:00
2026-07-21T22:33:04+00:00,-48.39,-61.18,-60.21,-59.41,-62.80,-47.79,-42.77,-58.45,-48.79,-44.62,-52.59,-59.55,-47.73,-43.82,-46.92,-38.95,-54.14,2026-07-21 22:33:04+00:00
2026-07-21T22:34:04+00:00,-48.37,-60.10,-58.63,-58.09,-63.16,-47.88,-42.81,-57.03,-48.62,-44.46,-51.68,-57.63,-47.86,-44.01,-46.66,-39.14,-53.31,2026-07-21 22:34:04+00:00
2026-07-21T22:35:03+00:00,-48.17,-61.04,-59.23,-58.55,-63.81,-47.92,-42.72,-58.22,-50.04,-44.15,-52.36,-58.42,-48.23,-44.22,-46.76,-38.55,-52.93,2026-07-21 22:35:03+00:00
2026-07-21T22:36:04+00:00,-48.21,-60.95,-59.68,-58.85,-62.96,-47.85,-42.59,-58.12,-50.24,-44.48,-52.72,-58.85,-48.30,-44.25,-46.38,-38.23,-53.07,2026-07-21 22:36:04+00:00
2026-07-21T22:37:04+00:00,-48.18,-61.90,-61.05,-60.05,-63.98,-47.91,-42.51,-58.61,-50.36,-45.14,-52.74,-59.71,-48.30,-43.47,-46.70,-37.84,-54.59,2026-07-21 22:37:04+00:00
2026-07-21T22:38:03+00:00,-48.12,-61.16,-59.83,-59.15,-63.89,-47.90,-42.49,-58.29,-50.26,-44.89,-52.43,-59.03,-48.12,-43.59,-45.87,-38.01,-53.10,2026-07-21 22:38:03+00:00
2026-07-21T22:39:03+00:00,-48.09,-60.87,-58.64,-58.65,-63.49,-47.63,-42.44,-57.43,-52.19,-44.76,-52.55,-58.38,-48.06,-43.39,-45.56,-38.26,-53.09,2026-07-21 22:39:03+00:00
2026-07-21T22:40:04+00:00,-48.15,-61.25,-60.32,-58.90,-62.88,-47.74,-42.53,-58.45,-52.50,-45.41,-52.55,-59.78,-48.20,-43.40,-45.21,-38.89,-55.36,2026-07-21 22:40:04+00:00
2026-07-21T22:41:04+00:00,-47.94,-61.17,-59.82,-59.20,-63.29,-47.69,-42.41,-57.68,-52.31,-45.15,-52.28,-58.79,-48.18,-43.16,-45.21,-39.24,-54.25,2026-07-21 22:41:04+00:00
2026-07-21T22:42:03+00:00,-47.87,-61.01,-60.74,-59.42,-63.54,-47.70,-42.55,-58.49,-53.00,-44.85,-52.40,-59.33,-48.08,-43.11,-45.56,-38.92,-53.21,2026-07-21 22:42:03+00:00
2026-07-21T22:43:04+00:00,-47.67,-61.41,-60.95,-59.31,-63.36,-46.79,-42.34,-58.58,-54.07,-45.37,-52.33,-59.70,-48.25,-43.10,-45.36,-38.39,-55.17,2026-07-21 22:43:04+00:00
2026-07-21T22:44:04+00:00,-47.81,-60.99,-61.40,-59.31,-64.24,-46.85,-42.60,-58.24,-58.06,-45.67,-52.41,-60.07,-48.20,-42.99,-46.01,-39.05,-53.13,2026-07-21 22:44:04+00:00
2026-07-21T22:45:03+00:00,-49.85,-61.74,-61.03,-59.57,-64.48,-46.88,-42.54,-58.83,-57.92,-45.70,-52.67,-60.15,-48.48,-43.29,-45.90,-39.92,-55.26,2026-07-21 22:45:03+00:00
2026-07-21T22:46:03+00:00,-50.26,-60.13,-60.94,-58.76,-63.82,-46.82,-42.41,-58.65,-56.69,-47.04,-52.51,-59.62,-48.59,-43.33,-46.11,-40.39,-53.05,2026-07-21 22:46:03+00:00
2026-07-21T22:47:04+00:00,-50.31,-61.15,-61.10,-59.89,-64.64,-46.94,-42.54,-58.48,-54.75,-47.16,-52.31,-60.06,-48.58,-42.99,-46.24,-40.16,-55.24,2026-07-21 22:47:04+00:00
2026-07-21T22:48:04+00:00,-50.44,-60.58,-60.46,-59.14,-64.63,-46.91,-42.29,-57.95,-54.58,-47.57,-52.41,-59.98,-48.74,-42.26,-46.27,-40.36,-54.51,2026-07-21 22:48:04+00:00
2026-07-21T22:49:03+00:00,-50.52,-61.29,-61.39,-59.61,-63.44,-46.93,-42.41,-58.75,-54.17,-47.80,-52.39,-60.12,-49.00,-42.76,-46.49,-40.58,-54.35,2026-07-21 22:49:03+00:00
2026-07-21T22:50:04+00:00,-50.32,-61.93,-61.72,-59.86,-63.79,-46.59,-42.26,-59.12,-54.32,-47.38,-52.70,-60.76,-48.92,-42.51,-47.01,-41.33,-53.08,2026-07-21 22:50:04+00:00
2026-07-21T22:51:04+00:00,-50.37,-59.75,-60.68,-59.16,-63.63,-46.63,-42.04,-58.25,-54.39,-48.00,-52.37,-59.74,-48.99,-43.03,-47.05,-41.37,-55.24,2026-07-21 22:51:04+00:00
2026-07-21T22:52:03+00:00,-50.40,-59.86,-59.50,-58.28,-63.17,-46.69,-42.24,-57.53,-54.00,-48.41,-52.18,-59.34,-49.00,-43.23,-46.94,-40.52,-53.76,2026-07-21 22:52:03+00:00
2026-07-21T22:53:03+00:00,-50.55,-60.77,-60.98,-59.53,-62.77,-47.30,-42.16,-59.09,-54.84,-49.34,-52.32,-60.48,-49.13,-42.71,-46.80,-40.66,-55.01,2026-07-21 22:53:03+00:00
2026-07-21T22:54:04+00:00,-50.52,-60.92,-60.96,-59.47,-62.84,-47.13,-42.24,-58.32,-54.86,-49.28,-51.87,-60.71,-49.19,-42.97,-46.63,-40.96,-55.11,2026-07-21 22:54:04+00:00
2026-07-21T22:55:04+00:00,-50.44,-61.01,-61.73,-59.94,-63.59,-47.09,-42.32,-58.70,-54.61,-48.58,-52.45,-60.19,-48.75,-42.71,-47.22,-39.99,-54.66,2026-07-21 22:55:04+00:00
2026-07-21T22:56:03+00:00,-50.29,-62.43,-62.34,-60.03,-62.87,-46.93,-42.32,-59.48,-54.73,-49.03,-52.41,-61.07,-48.91,-42.02,-46.96,-39.24,-52.96,2026-07-21 22:56:03+00:00
2026-07-21T22:57:03+00:00,-50.29,-61.24,-60.78,-59.10,-63.25,-47.12,-42.46,-58.64,-54.05,-49.12,-52.29,-59.75,-49.49,-42.69,-47.28,-39.39,-55.00,2026-07-21 22:57:03+00:00
2026-07-21T22:58:04+00:00,-50.46,-60.87,-60.67,-59.70,-63.57,-47.22,-42.44,-58.50,-54.02,-48.05,-52.03,-59.93,-49.29,-42.82,-47.01,-39.95,-55.15,2026-07-21 22:58:04+00:00
2026-07-21T22:59:03+00:00,-50.64,-61.28,-61.06,-59.94,-63.28,-47.39,-42.45,-58.32,-53.85,-48.65,-52.28,-60.25,-48.71,-42.69,-46.96,-40.29,-52.04,2026-07-21 22:59:03+00:00
2026-07-21T23:00:03+00:00,-51.36,-62.39,-61.81,-60.17,-64.68,-47.32,-42.45,-59.17,-54.46,-48.97,-52.37,-60.66,-48.78,-42.11,-46.43,-39.61,-52.99,2026-07-21 23:00:03+00:00
2026-07-21T23:01:09+00:00,-51.14,-59.73,-60.08,-58.64,-63.60,-47.05,-42.43,-58.04,-54.34,-48.29,-52.13,-59.56,-48.46,-41.95,-45.83,-39.27,-54.30,2026-07-21 23:01:09+00:00
2026-07-21T23:02:04+00:00,-51.33,-61.20,-61.46,-59.97,-64.71,-47.02,-42.39,-58.45,-54.93,-49.00,-52.43,-60.60,-48.28,-41.82,-45.84,-39.10,-53.09,2026-07-21 23:02:04+00:00
2026-07-21T23:03:04+00:00,-51.04,-59.27,-60.62,-58.86,-63.56,-47.41,-42.27,-58.07,-54.84,-50.35,-52.07,-60.13,-48.12,-41.57,-46.02,-39.05,-54.35,2026-07-21 23:03:04+00:00
2026-07-21T23:04:03+00:00,-50.95,-61.56,-61.98,-59.95,-63.13,-47.46,-42.18,-58.85,-55.06,-49.68,-52.03,-61.53,-48.58,-42.14,-46.18,-38.54,-52.88,2026-07-21 23:04:03+00:00
2026-07-21T23:05:04+00:00,-50.85,-62.99,-62.93,-60.67,-63.48,-47.43,-42.28,-59.59,-51.69,-49.31,-52.11,-62.06,-48.73,-42.44,-46.19,-38.43,-54.32,2026-07-21 23:05:04+00:00
2026-07-21T23:06:04+00:00,-50.95,-61.29,-61.82,-59.86,-63.81,-47.34,-42.65,-59.24,-51.58,-47.93,-51.43,-61.02,-48.80,-42.79,-45.98,-37.76,-53.09,2026-07-21 23:06:04+00:00
2026-07-21T23:07:04+00:00,-50.82,-59.09,-60.20,-58.74,-63.25,-46.70,-42.14,-58.19,-51.07,-47.27,-51.62,-57.17,-49.08,-42.41,-46.27,-36.98,-53.08,2026-07-21 23:07:04+00:00
2026-07-21T23:08:03+00:00,-50.38,-61.62,-61.67,-60.07,-64.53,-46.94,-42.44,-58.72,-51.65,-48.01,-51.99,-61.15,-49.14,-42.72,-46.62,-37.38,-54.10,2026-07-21 23:08:03+00:00
2026-07-21T23:09:03+00:00,-50.39,-60.61,-61.23,-59.13,-64.20,-46.89,-42.17,-58.53,-49.66,-47.73,-51.94,-60.19,-49.61,-43.01,-46.10,-38.22,-55.15,2026-07-21 23:09:03+00:00
2026-07-21T23:10:03+00:00,-50.33,-59.34,-60.90,-58.79,-64.16,-46.57,-42.15,-57.91,-49.70,-46.73,-51.93,-60.16,-49.26,-43.61,-46.32,-38.75,-54.87,2026-07-21 23:10:03+00:00
2026-07-21T23:11:04+00:00,-50.98,-60.24,-60.81,-59.32,-64.42,-46.75,-42.22,-58.58,-49.43,-47.32,-52.06,-60.77,-49.10,-44.10,-46.88,-38.61,-52.65,2026-07-21 23:11:04+00:00
2026-07-21T23:12:04+00:00,-51.13,-62.29,-61.82,-60.05,-63.99,-46.67,-42.29,-59.13,-49.70,-47.96,-52.07,-61.27,-49.27,-44.64,-46.15,-38.94,-53.14,2026-07-21 23:12:04+00:00
2026-07-21T23:13:03+00:00,-51.00,-60.27,-60.47,-59.66,-63.61,-46.64,-42.10,-58.08,-49.68,-48.42,-51.41,-60.41,-49.16,-44.91,-46.65,-39.06,-54.46,2026-07-21 23:13:03+00:00
2026-07-21T23:14:03+00:00,-50.16,-61.23,-61.12,-59.51,-64.95,-46.74,-42.16,-58.58,-49.06,-48.27,-51.88,-60.67,-48.83,-45.06,-46.52,-39.71,-54.53,2026-07-21 23:14:03+00:00
2026-07-21T23:15:04+00:00,-48.10,-61.85,-61.53,-59.85,-63.88,-46.48,-41.43,-59.02,-49.04,-47.80,-51.93,-61.30,-49.03,-44.57,-47.10,-39.98,-53.38,2026-07-21 23:15:04+00:00
2026-07-21T23:16:04+00:00,-48.19,-61.12,-61.06,-59.58,-65.00,-46.79,-42.09,-58.94,-49.94,-47.34,-51.86,-60.87,-49.17,-45.01,-47.41,-39.68,-54.55,2026-07-21 23:16:04+00:00
2026-07-21T23:17:03+00:00,-47.99,-61.95,-61.42,-59.83,-63.84,-46.80,-42.49,-58.63,-49.76,-46.33,-51.63,-60.97,-48.85,-44.39,-47.29,-39.33,-53.06,2026-07-21 23:17:03+00:00
2026-07-21T23:18:03+00:00,-47.98,-61.33,-61.04,-59.35,-63.05,-47.43,-42.53,-59.15,-49.43,-45.45,-51.79,-60.68,-48.99,-44.08,-47.06,-38.06,-55.33,2026-07-21 23:18:03+00:00
2026-07-21T23:19:04+00:00,-47.94,-59.95,-61.49,-59.93,-62.79,-47.24,-42.41,-59.55,-48.98,-45.03,-51.68,-60.78,-49.10,-44.31,-46.94,-37.76,-52.97,2026-07-21 23:19:04+00:00
2026-07-21T23:20:04+00:00,-47.97,-60.63,-61.76,-59.85,-64.30,-47.28,-42.27,-59.38,-50.31,-45.49,-51.65,-61.00,-49.04,-45.10,-46.48,-37.93,-54.45,2026-07-21 23:20:04+00:00
2026-07-21T23:21:03+00:00,-47.94,-59.96,-61.17,-59.66,-64.10,-47.34,-42.29,-58.72,-50.20,-45.65,-51.47,-60.47,-48.86,-45.55,-46.45,-38.09,-55.07,2026-07-21 23:21:03+00:00
2026-07-21T23:22:03+00:00,-48.03,-61.25,-61.74,-59.66,-64.62,-47.49,-42.22,-58.38,-50.38,-45.80,-51.60,-60.83,-48.39,-46.64,-46.65,-37.50,-53.19,2026-07-21 23:22:03+00:00
2026-07-21T23:23:04+00:00,-48.12,-60.13,-60.42,-59.09,-62.99,-47.71,-42.31,-58.11,-50.35,-46.02,-51.23,-59.42,-48.82,-46.57,-46.19,-37.79,-54.53,2026-07-21 23:23:04+00:00
2026-07-21T23:24:04+00:00,-47.89,-60.08,-61.30,-59.03,-63.35,-47.35,-42.11,-58.81,-52.67,-45.05,-51.48,-60.50,-49.01,-46.67,-46.59,-37.14,-55.13,2026-07-21 23:24:04+00:00
2026-07-21T23:25:03+00:00,-47.88,-59.93,-61.60,-59.42,-64.24,-47.52,-42.09,-59.00,-52.61,-44.53,-51.56,-60.86,-49.10,-46.29,-46.35,-37.19,-53.16,2026-07-21 23:25:03+00:00
2026-07-21T23:26:03+00:00,-48.01,-60.97,-61.39,-59.06,-63.94,-47.37,-42.05,-58.85,-52.54,-44.30,-51.35,-60.71,-49.09,-47.03,-46.17,-37.94,-53.47,2026-07-21 23:26:03+00:00
2026-07-21T23:27:04+00:00,-47.78,-60.05,-59.61,-58.60,-63.42,-47.35,-42.52,-58.98,-53.22,-44.70,-51.01,-60.05,-48.53,-47.21,-45.99,-38.90,-54.91,2026-07-21 23:27:04+00:00
2026-07-21T23:28:04+00:00,-47.78,-59.94,-59.81,-57.96,-62.65,-47.46,-42.44,-57.86,-52.95,-44.34,-50.95,-58.93,-48.61,-47.38,-46.18,-38.26,-53.04,2026-07-21 23:28:04+00:00
2026-07-21T23:29:03+00:00,-47.88,-61.51,-61.89,-59.58,-64.11,-47.27,-42.51,-58.80,-54.47,-44.14,-50.90,-60.61,-48.68,-47.59,-46.26,-37.77,-55.13,2026-07-21 23:29:03+00:00
2026-07-21T23:30:03+00:00,-51.09,-60.91,-62.64,-59.51,-63.79,-47.40,-42.33,-59.04,-54.79,-44.33,-51.31,-60.54,-49.05,-48.34,-46.38,-38.02,-54.47,2026-07-21 23:30:03+00:00
2026-07-21T23:31:12+00:00,-51.13,-61.62,-62.79,-59.57,-63.74,-47.15,-42.52,-59.50,-54.79,-44.89,-51.24,-60.97,-49.00,-47.96,-46.64,-38.39,-55.13,2026-07-21 23:31:12+00:00
2026-07-21T23:32:04+00:00,-51.20,-59.90,-61.32,-58.83,-63.44,-47.42,-42.52,-58.89,-54.44,-44.49,-51.14,-59.82,-49.10,-47.89,-46.48,-37.91,-53.09,2026-07-21 23:32:04+00:00
2026-07-21T23:33:03+00:00,-51.06,-61.04,-62.05,-59.37,-64.40,-47.34,-42.31,-58.81,-54.74,-44.53,-50.89,-60.40,-48.99,-48.02,-46.38,-37.93,-54.54,2026-07-21 23:33:03+00:00
2026-07-21T23:34:03+00:00,-49.87,-60.71,-62.24,-59.41,-64.19,-47.46,-42.32,-59.36,-54.68,-44.51,-51.06,-60.79,-48.98,-48.03,-46.79,-39.04,-55.36,2026-07-21 23:34:03+00:00
2026-07-21T23:35:04+00:00,-50.03,-61.50,-62.31,-59.55,-64.41,-47.64,-42.13,-59.21,-54.59,-44.00,-50.92,-60.49,-49.04,-50.40,-46.65,-38.49,-55.14,2026-07-21 23:35:04+00:00
2026-07-21T23:36:04+00:00,-46.81,-61.82,-60.97,-59.29,-64.34,-47.63,-42.26,-58.55,-54.34,-44.39,-50.86,-60.94,-48.99,-50.93,-46.94,-38.58,-54.66,2026-07-21 23:36:04+00:00
2026-07-21T23:37:04+00:00,-46.74,-61.89,-61.93,-59.19,-63.87,-47.77,-42.28,-59.06,-54.43,-44.36,-50.82,-60.84,-48.71,-52.92,-47.35,-38.60,-53.19,2026-07-21 23:37:04+00:00
2026-07-21T23:38:03+00:00,-46.75,-61.71,-61.86,-59.32,-64.03,-47.61,-41.90,-59.38,-54.58,-45.50,-50.54,-60.59,-48.75,-54.80,-47.41,-39.64,-54.59,2026-07-21 23:38:03+00:00
2026-07-21T23:39:03+00:00,-46.93,-62.50,-62.62,-59.36,-64.68,-47.94,-42.15,-59.29,-54.58,-45.95,-50.66,-60.91,-48.17,-59.17,-47.95,-40.75,-54.48,2026-07-21 23:39:03+00:00
2026-07-21T23:40:04+00:00,-47.07,-61.62,-61.88,-59.20,-63.86,-47.23,-42.29,-58.91,-54.43,-45.54,-50.49,-60.92,-48.19,-57.19,-48.08,-41.42,-54.57,2026-07-21 23:40:04+00:00
2026-07-21T23:41:04+00:00,-47.98,-61.58,-61.77,-59.23,-64.07,-47.21,-42.24,-59.05,-54.26,-45.19,-50.53,-60.53,-48.43,-55.93,-47.86,-40.83,-54.40,2026-07-21 23:41:04+00:00
2026-07-21T23:42:03+00:00,-47.89,-61.27,-61.40,-59.04,-63.83,-45.60,-42.40,-59.16,-54.60,-44.94,-50.36,-59.86,-48.46,-55.77,-47.54,-40.22,-54.39,2026-07-21 23:42:03+00:00
2026-07-21T23:43:03+00:00,-48.04,-61.19,-62.23,-59.16,-64.05,-45.22,-42.45,-58.80,-54.34,-44.14,-50.11,-60.61,-48.93,-55.05,-47.71,-40.36,-53.29,2026-07-21 23:43:03+00:00
2026-07-21T23:44:04+00:00,-47.96,-61.76,-62.00,-59.30,-63.96,-45.15,-42.23,-59.34,-54.50,-43.80,-50.26,-60.25,-48.95,-55.28,-47.90,-41.35,-54.46,2026-07-21 23:44:04+00:00
2026-07-21T23:45:04+00:00,-48.04,-61.81,-62.58,-59.39,-63.55,-45.01,-42.43,-59.22,-54.26,-44.20,-50.16,-60.48,-49.16,-58.59,-47.52,-40.88,-53.21,2026-07-21 23:45:04+00:00
2026-07-21T23:46:03+00:00,-48.16,-62.31,-62.90,-59.37,-64.31,-44.79,-42.12,-59.50,-54.71,-43.72,-50.27,-61.13,-49.44,-59.49,-47.02,-40.35,-53.07,2026-07-21 23:46:03+00:00
2026-07-21T23:47:04+00:00,-47.87,-61.50,-62.94,-59.47,-64.70,-45.12,-42.41,-59.70,-55.14,-43.29,-50.12,-60.89,-49.47,-60.74,-47.45,-38.92,-55.37,2026-07-21 23:47:04+00:00
2026-07-21T23:48:04+00:00,-47.84,-60.32,-61.18,-58.26,-63.68,-45.16,-42.60,-58.50,-54.90,-43.37,-49.93,-59.39,-49.72,-56.57,-47.43,-37.65,-54.56,2026-07-21 23:48:04+00:00
2026-07-21T23:49:03+00:00,-47.90,-62.39,-63.11,-59.87,-63.64,-45.41,-42.74,-59.79,-54.44,-43.13,-50.39,-61.11,-49.58,-59.84,-47.18,-36.97,-54.63,2026-07-21 23:49:03+00:00
2026-07-21T23:50:03+00:00,-47.87,-62.10,-62.72,-59.32,-63.58,-45.12,-42.57,-60.03,-51.64,-42.65,-50.17,-61.25,-49.53,-58.63,-47.52,-37.05,-54.58,2026-07-21 23:50:03+00:00
2026-07-21T23:51:04+00:00,-47.73,-61.84,-61.78,-58.86,-64.52,-45.14,-42.70,-59.69,-51.56,-42.68,-50.10,-60.73,-49.65,-59.25,-47.42,-36.95,-55.29,2026-07-21 23:51:04+00:00
2026-07-21T23:52:04+00:00,-47.92,-62.03,-62.17,-58.86,-63.80,-45.21,-42.71,-60.01,-51.62,-42.79,-50.30,-61.02,-49.98,-60.00,-47.06,-36.99,-52.21,2026-07-21 23:52:04+00:00
2026-07-21T23:53:03+00:00,-51.12,-62.50,-63.24,-59.25,-64.37,-45.21,-42.63,-59.95,-50.68,-42.40,-50.39,-61.07,-50.09,-58.74,-47.46,-37.27,-52.04,2026-07-21 23:53:03+00:00
2026-07-21T23:54:03+00:00,-51.47,-62.74,-63.25,-59.02,-64.63,-45.33,-42.68,-59.37,-49.86,-42.86,-50.50,-61.56,-50.06,-56.93,-47.51,-37.32,-53.27,2026-07-21 23:54:03+00:00
2026-07-21T23:55:04+00:00,-51.51,-61.88,-62.37,-59.10,-64.70,-45.39,-42.39,-59.54,-49.88,-42.73,-50.52,-61.06,-50.26,-59.24,-47.04,-37.92,-53.61,2026-07-21 23:55:04+00:00
2026-07-21T23:56:04+00:00,-49.92,-61.54,-62.78,-59.19,-64.08,-45.17,-42.46,-59.69,-49.79,-42.45,-50.17,-61.45,-50.39,-61.99,-47.33,-37.81,-53.23,2026-07-21 23:56:04+00:00
2026-07-21T23:57:03+00:00,-50.04,-62.79,-62.04,-58.85,-64.15,-45.08,-42.36,-59.90,-49.67,-42.17,-50.46,-61.03,-50.30,-60.47,-46.90,-37.99,-53.31,2026-07-21 23:57:03+00:00
2026-07-21T23:58:03+00:00,-46.90,-62.53,-62.54,-58.81,-64.08,-45.35,-42.71,-59.96,-49.63,-42.34,-50.30,-60.97,-50.61,-60.81,-46.92,-37.49,-54.20,2026-07-21 23:58:03+00:00
2026-07-21T23:59:04+00:00,-46.51,-61.86,-62.37,-58.98,-64.27,-45.59,-42.80,-59.61,-49.22,-42.07,-50.23,-60.56,-50.59,-61.61,-47.03,-36.66,-54.23,2026-07-21 23:59:04+00:00
