data,4500,11350,27200,58750,89750,19600,20270,20900,22600,23400,24000,26700,29700,45900,63850,77500,Ch17,data_parsed
2026-07-29T00:00:03+00:00,-47.44,-59.74,-63.80,-61.20,-63.81,-48.53,-48.64,-63.91,-49.49,-48.18,-50.77,-64.03,-51.45,-53.22,-45.59,-37.79,-51.39,2026-07-29 00:00:03+00:00
2026-07-29T00:01:04+00:00,-47.83,-59.87,-63.77,-61.35,-64.30,-48.41,-48.24,-63.66,-49.80,-49.78,-51.00,-63.44,-51.40,-52.68,-45.29,-37.78,-53.70,2026-07-29 00:01:04+00:00
2026-07-29T00:02:03+00:00,-47.32,-60.83,-63.72,-61.42,-65.60,-48.26,-48.11,-64.05,-49.42,-51.42,-51.16,-63.87,-51.12,-52.26,-45.35,-37.57,-53.80,2026-07-29 00:02:03+00:00
2026-07-29T00:03:03+00:00,-47.07,-59.98,-63.75,-60.95,-64.17,-50.53,-47.96,-63.47,-50.95,-50.86,-50.87,-64.08,-50.76,-52.91,-45.04,-37.42,-53.12,2026-07-29 00:03:03+00:00
2026-07-29T00:04:04+00:00,-47.31,-59.85,-63.92,-61.57,-64.23,-50.90,-47.77,-64.27,-51.72,-50.23,-50.47,-63.87,-50.64,-54.19,-44.78,-37.57,-53.18,2026-07-29 00:04:04+00:00
2026-07-29T00:05:04+00:00,-47.74,-59.05,-64.21,-61.84,-63.75,-51.33,-47.89,-64.05,-51.21,-50.99,-50.23,-64.17,-50.47,-56.37,-44.75,-37.58,-54.04,2026-07-29 00:05:04+00:00
2026-07-29T00:06:03+00:00,-47.50,-59.62,-63.89,-61.62,-64.15,-51.19,-48.07,-64.02,-51.27,-51.01,-50.56,-63.78,-50.60,-60.21,-45.39,-37.48,-53.36,2026-07-29 00:06:03+00:00
2026-07-29T00:07:04+00:00,-47.95,-59.63,-64.15,-61.60,-63.38,-51.02,-47.90,-63.69,-51.65,-50.03,-51.07,-64.11,-50.64,-62.28,-44.89,-36.96,-54.20,2026-07-29 00:07:04+00:00
2026-07-29T00:08:04+00:00,-48.53,-60.59,-64.14,-61.47,-64.07,-50.58,-47.77,-64.01,-51.46,-48.56,-51.02,-64.24,-50.37,-63.44,-44.39,-37.04,-53.08,2026-07-29 00:08:04+00:00
2026-07-29T00:09:03+00:00,-48.09,-60.86,-63.84,-61.29,-64.09,-50.40,-47.82,-63.92,-51.47,-46.93,-50.85,-64.05,-50.43,-63.43,-44.37,-37.30,-53.07,2026-07-29 00:09:03+00:00
2026-07-29T00:10:04+00:00,-48.54,-60.60,-64.02,-61.42,-63.43,-50.32,-47.69,-64.25,-49.63,-46.90,-50.80,-64.12,-50.72,-63.56,-44.25,-37.64,-53.45,2026-07-29 00:10:04+00:00
2026-07-29T00:11:04+00:00,-48.43,-60.83,-64.22,-61.85,-64.73,-50.41,-47.44,-64.36,-49.82,-47.49,-50.80,-64.43,-50.58,-62.19,-44.14,-37.65,-51.85,2026-07-29 00:11:04+00:00
2026-07-29T00:12:03+00:00,-48.05,-61.24,-63.72,-61.59,-62.63,-50.30,-47.28,-63.63,-49.66,-46.28,-50.59,-63.83,-50.43,-61.41,-44.16,-38.13,-53.67,2026-07-29 00:12:03+00:00
2026-07-29T00:13:04+00:00,-47.47,-60.22,-63.49,-61.31,-63.56,-50.06,-47.24,-63.42,-49.41,-46.41,-51.14,-63.49,-50.20,-63.84,-43.80,-38.69,-51.78,2026-07-29 00:13:04+00:00
2026-07-29T00:14:04+00:00,-47.46,-60.05,-64.23,-61.85,-64.50,-50.03,-47.52,-64.14,-49.71,-47.99,-50.99,-64.16,-50.11,-61.63,-43.42,-39.26,-54.06,2026-07-29 00:14:04+00:00
2026-07-29T00:15:03+00:00,-46.98,-60.00,-63.87,-61.39,-64.21,-50.37,-47.95,-63.73,-49.41,-47.58,-51.32,-63.79,-50.20,-59.51,-43.09,-39.70,-53.16,2026-07-29 00:15:03+00:00
2026-07-29T00:16:04+00:00,-47.56,-60.10,-64.03,-61.55,-63.32,-50.32,-47.69,-64.17,-49.58,-47.92,-51.17,-63.93,-50.12,-55.34,-43.10,-40.37,-54.34,2026-07-29 00:16:04+00:00
2026-07-29T00:17:04+00:00,-47.31,-59.87,-64.15,-61.14,-64.21,-50.75,-47.80,-64.67,-49.58,-47.99,-50.51,-63.98,-50.09,-54.89,-42.79,-41.10,-53.85,2026-07-29 00:17:04+00:00
2026-07-29T00:18:03+00:00,-47.47,-60.75,-63.93,-61.64,-63.17,-50.23,-48.07,-64.08,-49.62,-48.83,-50.59,-63.78,-50.13,-57.18,-42.34,-42.25,-53.19,2026-07-29 00:18:03+00:00
2026-07-29T00:19:03+00:00,-47.80,-60.59,-63.58,-61.01,-64.22,-49.95,-50.31,-64.01,-49.25,-47.75,-50.32,-63.64,-50.27,-60.46,-42.56,-41.87,-53.06,2026-07-29 00:19:03+00:00
2026-07-29T00:20:04+00:00,-47.35,-61.27,-63.86,-61.51,-64.88,-49.61,-45.68,-62.85,-49.30,-46.75,-49.88,-64.17,-50.39,-61.77,-42.15,-41.38,-53.20,2026-07-29 00:20:04+00:00
2026-07-29T00:21:03+00:00,-47.85,-59.48,-63.92,-61.46,-64.33,-49.93,-47.54,-64.30,-49.35,-45.56,-49.55,-63.66,-50.30,-57.84,-42.20,-40.32,-53.02,2026-07-29 00:21:03+00:00
2026-07-29T00:22:03+00:00,-48.87,-59.15,-63.53,-61.53,-63.89,-50.18,-47.45,-64.00,-49.21,-45.44,-49.32,-63.71,-50.43,-55.68,-41.83,-39.93,-53.15,2026-07-29 00:22:03+00:00
2026-07-29T00:23:04+00:00,-49.27,-59.55,-63.38,-61.66,-63.17,-50.43,-47.75,-64.32,-48.56,-45.80,-50.12,-63.90,-50.36,-55.28,-42.23,-39.94,-53.10,2026-07-29 00:23:04+00:00
2026-07-29T00:24:04+00:00,-49.07,-59.17,-62.09,-61.56,-63.80,-50.66,-47.76,-64.12,-47.29,-45.82,-50.06,-63.94,-50.48,-54.39,-42.18,-39.68,-53.28,2026-07-29 00:24:04+00:00
2026-07-29T00:25:03+00:00,-48.55,-59.97,-63.57,-61.30,-63.51,-50.16,-47.38,-63.53,-50.96,-46.18,-49.98,-64.20,-50.82,-54.15,-42.11,-40.53,-53.41,2026-07-29 00:25:03+00:00
2026-07-29T00:26:04+00:00,-47.80,-60.25,-63.84,-60.81,-64.47,-49.84,-47.50,-64.00,-49.68,-46.19,-50.26,-64.10,-50.86,-54.29,-42.11,-42.10,-53.55,2026-07-29 00:26:04+00:00
2026-07-29T00:27:04+00:00,-48.26,-59.22,-63.79,-60.98,-63.94,-48.51,-47.49,-63.60,-49.95,-45.42,-49.98,-64.20,-50.97,-53.86,-41.67,-42.01,-53.64,2026-07-29 00:27:04+00:00
2026-07-29T00:28:03+00:00,-48.16,-58.84,-62.52,-61.08,-63.87,-48.54,-47.32,-63.88,-50.02,-43.82,-49.79,-62.09,-50.79,-55.12,-41.50,-41.43,-53.06,2026-07-29 00:28:03+00:00
2026-07-29T00:29:03+00:00,-48.83,-59.92,-63.22,-61.18,-63.37,-45.52,-47.49,-63.41,-50.38,-43.40,-49.69,-63.71,-51.04,-56.11,-41.58,-41.69,-52.87,2026-07-29 00:29:03+00:00
2026-07-29T00:30:04+00:00,-48.14,-59.70,-63.42,-60.88,-64.71,-45.37,-47.53,-63.74,-50.18,-43.50,-49.12,-63.81,-50.78,-56.40,-41.31,-41.84,-52.48,2026-07-29 00:30:04+00:00
2026-07-29T00:31:04+00:00,-48.47,-59.82,-63.16,-61.23,-64.21,-45.55,-47.47,-63.22,-50.08,-43.38,-49.12,-63.54,-50.90,-56.30,-41.68,-42.19,-52.92,2026-07-29 00:31:04+00:00
2026-07-29T00:32:04+00:00,-48.80,-60.28,-64.15,-61.23,-63.77,-45.83,-47.94,-64.00,-49.78,-43.57,-49.09,-64.11,-50.95,-55.07,-41.79,-42.46,-54.08,2026-07-29 00:32:04+00:00
2026-07-29T00:33:03+00:00,-48.75,-60.05,-64.17,-61.48,-63.80,-46.01,-47.87,-63.89,-48.40,-43.65,-49.11,-64.11,-50.88,-54.51,-42.03,-42.91,-53.76,2026-07-29 00:33:03+00:00
2026-07-29T00:34:04+00:00,-48.34,-59.94,-64.41,-61.02,-64.09,-45.88,-47.97,-64.16,-48.74,-44.33,-49.26,-64.14,-51.26,-53.60,-41.95,-42.84,-53.88,2026-07-29 00:34:04+00:00
2026-07-29T00:35:04+00:00,-48.16,-59.51,-64.31,-61.08,-65.00,-45.80,-47.86,-63.79,-48.77,-44.66,-49.38,-63.90,-51.39,-52.05,-42.29,-42.39,-53.88,2026-07-29 00:35:04+00:00
2026-07-29T00:36:04+00:00,-48.69,-59.33,-65.32,-61.11,-64.28,-45.89,-47.60,-63.95,-50.05,-44.86,-49.48,-63.95,-51.50,-52.45,-42.37,-41.76,-53.53,2026-07-29 00:36:04+00:00
2026-07-29T00:37:04+00:00,-48.35,-60.04,-66.64,-60.85,-65.11,-45.68,-45.33,-64.54,-50.25,-45.14,-49.23,-64.59,-51.60,-51.59,-42.24,-41.35,-54.51,2026-07-29 00:37:04+00:00
2026-07-29T00:38:03+00:00,-48.44,-60.38,-67.16,-61.11,-64.67,-45.94,-48.00,-64.65,-51.14,-45.41,-49.45,-64.80,-51.40,-50.72,-42.53,-41.24,-53.54,2026-07-29 00:38:03+00:00
2026-07-29T00:39:04+00:00,-48.47,-59.57,-66.32,-61.04,-63.37,-45.86,-48.02,-64.08,-51.11,-44.81,-49.12,-63.64,-51.54,-48.59,-42.51,-40.83,-54.19,2026-07-29 00:39:04+00:00
2026-07-29T00:40:04+00:00,-48.34,-60.15,-66.45,-61.27,-63.57,-45.93,-47.90,-64.03,-51.09,-43.88,-49.13,-64.19,-51.22,-48.56,-42.87,-40.83,-54.01,2026-07-29 00:40:04+00:00
2026-07-29T00:41:03+00:00,-48.42,-60.38,-66.32,-61.31,-63.13,-46.39,-48.25,-64.20,-51.07,-43.70,-49.30,-64.25,-51.13,-49.69,-42.84,-40.83,-53.39,2026-07-29 00:41:03+00:00
2026-07-29T00:42:03+00:00,-48.43,-60.15,-65.90,-60.99,-63.40,-46.57,-48.56,-63.80,-51.06,-43.63,-49.07,-64.15,-51.37,-49.24,-42.53,-40.86,-53.69,2026-07-29 00:42:03+00:00
2026-07-29T00:43:04+00:00,-47.28,-60.20,-66.09,-60.80,-63.06,-46.35,-47.84,-63.74,-51.17,-44.14,-49.06,-64.42,-51.59,-49.27,-42.70,-40.93,-52.23,2026-07-29 00:43:04+00:00
2026-07-29T00:44:04+00:00,-46.97,-59.36,-66.18,-60.96,-64.29,-46.62,-47.75,-64.05,-51.22,-44.34,-48.67,-63.92,-51.59,-48.51,-42.55,-40.71,-54.05,2026-07-29 00:44:04+00:00
2026-07-29T00:45:03+00:00,-47.05,-61.36,-66.35,-61.06,-63.98,-46.37,-48.90,-64.30,-51.19,-45.80,-48.85,-64.59,-51.50,-48.00,-42.43,-40.38,-53.36,2026-07-29 00:45:03+00:00
2026-07-29T00:46:03+00:00,-47.32,-61.15,-66.61,-60.91,-62.88,-46.38,-48.72,-63.89,-51.17,-45.95,-49.06,-64.28,-51.59,-47.93,-42.29,-39.56,-53.22,2026-07-29 00:46:03+00:00
2026-07-29T00:47:04+00:00,-47.19,-60.59,-66.47,-60.98,-63.47,-46.53,-48.62,-64.05,-51.87,-45.94,-48.96,-64.39,-51.43,-47.49,-42.24,-39.07,-53.49,2026-07-29 00:47:04+00:00
2026-07-29T00:48:04+00:00,-47.54,-60.58,-66.49,-61.40,-62.98,-46.83,-49.11,-64.40,-54.35,-46.86,-48.86,-64.34,-51.21,-47.18,-42.30,-39.19,-53.02,2026-07-29 00:48:04+00:00
2026-07-29T00:49:03+00:00,-47.67,-60.94,-67.08,-61.20,-63.82,-46.60,-49.14,-64.25,-54.28,-47.24,-48.82,-64.50,-51.09,-47.72,-41.87,-39.49,-53.80,2026-07-29 00:49:03+00:00
2026-07-29T00:50:04+00:00,-47.73,-58.65,-67.14,-61.23,-64.49,-46.81,-49.12,-64.28,-54.30,-47.46,-48.76,-64.32,-50.81,-48.56,-41.77,-39.87,-53.18,2026-07-29 00:50:04+00:00
2026-07-29T00:51:04+00:00,-47.76,-58.34,-66.48,-61.20,-64.49,-46.53,-49.05,-63.81,-54.29,-47.79,-48.76,-64.25,-50.66,-48.86,-41.58,-40.17,-52.98,2026-07-29 00:51:04+00:00
2026-07-29T00:52:03+00:00,-48.59,-58.86,-66.56,-61.18,-66.32,-46.37,-48.84,-64.57,-54.49,-49.12,-49.19,-64.01,-50.86,-48.65,-41.72,-40.89,-52.83,2026-07-29 00:52:03+00:00
2026-07-29T00:53:03+00:00,-48.69,-58.89,-66.96,-60.58,-63.63,-46.58,-48.53,-64.01,-54.23,-50.80,-49.28,-64.34,-50.91,-48.80,-41.34,-40.68,-53.16,2026-07-29 00:53:03+00:00
2026-07-29T00:54:04+00:00,-48.83,-60.75,-66.70,-60.97,-63.67,-46.55,-48.83,-64.30,-53.95,-50.17,-49.41,-64.67,-50.81,-48.91,-41.01,-40.44,-53.32,2026-07-29 00:54:04+00:00
2026-07-29T00:55:04+00:00,-48.90,-61.00,-67.48,-60.76,-63.36,-46.59,-48.94,-64.12,-51.32,-50.22,-49.18,-64.44,-50.80,-48.95,-41.28,-41.01,-53.51,2026-07-29 00:55:04+00:00
2026-07-29T00:56:03+00:00,-48.74,-60.42,-66.69,-60.60,-63.92,-46.54,-49.21,-64.44,-51.18,-51.84,-49.11,-64.50,-50.52,-48.71,-41.40,-41.68,-52.20,2026-07-29 00:56:03+00:00
2026-07-29T00:57:04+00:00,-48.41,-59.61,-67.01,-61.09,-64.71,-46.96,-49.02,-64.43,-51.28,-50.39,-49.47,-64.81,-50.47,-47.62,-41.29,-43.17,-53.37,2026-07-29 00:57:04+00:00
2026-07-29T00:58:04+00:00,-47.41,-60.03,-67.00,-60.87,-63.80,-47.25,-48.64,-63.85,-51.21,-48.09,-49.06,-64.35,-50.29,-47.19,-41.75,-44.72,-53.70,2026-07-29 00:58:04+00:00
2026-07-29T00:59:03+00:00,-47.10,-61.43,-67.02,-60.73,-64.93,-47.15,-48.28,-64.27,-51.25,-48.25,-48.95,-64.42,-50.20,-45.92,-41.60,-45.93,-53.89,2026-07-29 00:59:03+00:00
2026-07-29T01:00:03+00:00,-47.08,-60.85,-66.09,-61.09,-64.90,-52.98,-48.01,-64.44,-51.27,-48.28,-48.95,-64.61,-50.16,-45.05,-41.84,-46.17,-53.29,2026-07-29 01:00:03+00:00
2026-07-29T01:01:03+00:00,-47.67,-60.49,-66.36,-60.94,-64.66,-53.13,-48.03,-64.52,-51.23,-48.38,-48.61,-64.16,-50.09,-44.71,-41.81,-46.10,-53.74,2026-07-29 01:01:03+00:00
2026-07-29T01:02:04+00:00,-47.60,-59.90,-66.93,-61.00,-64.35,-53.05,-48.13,-64.46,-51.10,-49.05,-48.63,-64.51,-50.30,-44.00,-41.48,-45.47,-53.36,2026-07-29 01:02:04+00:00
2026-07-29T01:03:04+00:00,-47.89,-59.92,-66.47,-60.71,-63.99,-52.65,-48.01,-64.20,-51.15,-47.47,-48.15,-64.66,-50.39,-42.83,-41.39,-43.82,-53.50,2026-07-29 01:03:04+00:00
2026-07-29T01:04:03+00:00,-48.13,-60.02,-67.25,-61.21,-63.56,-52.58,-48.14,-64.04,-50.90,-47.06,-48.29,-64.49,-50.04,-42.64,-41.40,-41.53,-52.81,2026-07-29 01:04:03+00:00
2026-07-29T01:05:03+00:00,-48.39,-60.06,-67.30,-61.21,-64.41,-52.26,-48.52,-64.27,-51.02,-47.47,-48.59,-64.34,-50.13,-42.32,-41.40,-39.72,-53.38,2026-07-29 01:05:03+00:00
2026-07-29T01:06:04+00:00,-48.26,-59.89,-66.60,-61.26,-64.28,-51.90,-48.57,-64.02,-51.02,-47.49,-48.14,-64.24,-50.14,-42.33,-40.93,-38.83,-53.26,2026-07-29 01:06:04+00:00
2026-07-29T01:07:04+00:00,-48.61,-59.55,-66.80,-60.96,-65.16,-51.08,-48.85,-63.82,-51.01,-48.22,-48.12,-64.59,-50.04,-42.90,-40.94,-38.33,-53.29,2026-07-29 01:07:04+00:00
2026-07-29T01:08:03+00:00,-48.48,-60.91,-66.94,-60.59,-64.06,-50.82,-48.83,-64.51,-50.28,-47.37,-48.14,-64.78,-50.19,-43.00,-40.88,-38.55,-53.09,2026-07-29 01:08:03+00:00
2026-07-29T01:09:03+00:00,-48.58,-60.26,-66.52,-60.82,-64.33,-50.83,-48.58,-64.25,-50.31,-46.25,-47.97,-63.96,-50.08,-43.53,-41.10,-38.37,-52.92,2026-07-29 01:09:03+00:00
2026-07-29T01:10:04+00:00,-48.41,-60.41,-66.28,-60.83,-63.86,-50.59,-48.43,-63.72,-52.25,-46.01,-47.62,-64.31,-49.75,-43.40,-40.99,-38.64,-53.25,2026-07-29 01:10:04+00:00
2026-07-29T01:11:03+00:00,-48.14,-60.49,-66.87,-60.84,-63.87,-50.22,-48.76,-64.44,-52.31,-45.93,-47.75,-64.45,-49.57,-43.36,-40.92,-38.88,-53.15,2026-07-29 01:11:03+00:00
2026-07-29T01:12:03+00:00,-48.02,-59.84,-66.73,-60.69,-63.53,-50.43,-48.57,-64.20,-52.41,-45.82,-47.75,-64.44,-49.56,-44.08,-41.28,-38.67,-54.18,2026-07-29 01:12:03+00:00
2026-07-29T01:13:04+00:00,-48.24,-60.93,-66.97,-60.86,-63.66,-50.50,-48.95,-64.02,-52.26,-45.97,-47.56,-64.56,-49.31,-45.03,-41.51,-38.24,-53.57,2026-07-29 01:13:04+00:00
2026-07-29T01:14:04+00:00,-48.32,-60.72,-66.61,-60.69,-63.61,-50.73,-48.93,-64.05,-52.32,-45.93,-47.47,-64.72,-49.09,-45.88,-41.44,-37.69,-53.53,2026-07-29 01:14:04+00:00
2026-07-29T01:15:03+00:00,-48.65,-60.53,-66.56,-60.79,-64.07,-50.74,-49.08,-63.48,-52.35,-45.35,-47.29,-64.48,-49.23,-45.89,-41.78,-36.88,-53.15,2026-07-29 01:15:03+00:00
2026-07-29T01:16:03+00:00,-48.46,-60.62,-66.68,-60.59,-64.57,-50.51,-48.91,-64.45,-52.37,-44.35,-47.09,-64.58,-49.28,-45.37,-41.90,-35.98,-53.17,2026-07-29 01:16:03+00:00
2026-07-29T01:17:04+00:00,-48.79,-60.14,-66.09,-60.58,-63.80,-50.21,-48.56,-63.45,-50.13,-44.99,-47.06,-64.66,-48.98,-45.42,-41.60,-35.87,-53.49,2026-07-29 01:17:04+00:00
2026-07-29T01:18:03+00:00,-48.90,-60.58,-66.43,-61.02,-65.40,-50.34,-48.29,-63.71,-50.14,-45.01,-46.96,-65.04,-48.85,-45.58,-41.58,-36.00,-53.78,2026-07-29 01:18:03+00:00
2026-07-29T01:19:03+00:00,-48.85,-61.65,-66.47,-60.70,-64.40,-50.52,-48.32,-64.15,-50.47,-45.30,-46.99,-64.40,-48.76,-46.15,-41.75,-36.20,-53.50,2026-07-29 01:19:03+00:00
2026-07-29T01:20:04+00:00,-48.62,-61.50,-65.73,-60.70,-65.39,-50.03,-48.36,-64.09,-50.51,-45.05,-47.22,-64.61,-49.06,-45.37,-41.60,-36.57,-53.14,2026-07-29 01:20:04+00:00
2026-07-29T01:21:04+00:00,-48.58,-61.78,-66.97,-61.02,-64.36,-50.20,-48.54,-64.23,-50.51,-44.17,-47.20,-64.72,-49.08,-45.74,-41.84,-37.06,-54.16,2026-07-29 01:21:04+00:00
2026-07-29T01:22:03+00:00,-48.77,-61.91,-66.94,-61.01,-64.62,-50.31,-48.41,-64.15,-50.44,-43.48,-47.44,-64.65,-48.98,-44.97,-42.22,-37.35,-53.50,2026-07-29 01:22:03+00:00
2026-07-29T01:23:04+00:00,-48.75,-60.65,-66.89,-61.35,-63.58,-50.33,-48.13,-64.13,-51.18,-42.41,-47.23,-64.69,-49.22,-44.85,-41.97,-37.86,-53.51,2026-07-29 01:23:04+00:00
2026-07-29T01:24:04+00:00,-48.69,-60.20,-65.61,-60.96,-64.79,-50.36,-48.26,-63.93,-51.12,-42.09,-47.09,-64.62,-49.09,-44.45,-42.18,-38.06,-54.26,2026-07-29 01:24:04+00:00
2026-07-29T01:25:03+00:00,-48.65,-60.47,-65.85,-60.63,-64.75,-49.67,-48.40,-64.12,-51.10,-42.14,-47.24,-64.96,-48.93,-45.12,-41.82,-38.56,-53.20,2026-07-29 01:25:03+00:00
2026-07-29T01:26:03+00:00,-48.61,-59.68,-66.20,-60.63,-64.81,-49.29,-48.37,-64.29,-51.11,-41.97,-46.95,-64.66,-48.52,-45.20,-42.12,-38.11,-53.68,2026-07-29 01:26:03+00:00
2026-07-29T01:27:04+00:00,-48.69,-60.15,-66.07,-60.58,-65.32,-48.26,-48.59,-63.92,-51.08,-41.90,-46.95,-64.41,-48.27,-44.79,-41.96,-39.11,-53.39,2026-07-29 01:27:04+00:00
2026-07-29T01:28:04+00:00,-48.59,-59.79,-65.56,-61.10,-65.19,-48.69,-48.48,-63.93,-51.26,-42.89,-47.03,-64.57,-48.16,-44.88,-42.34,-40.30,-53.64,2026-07-29 01:28:04+00:00
2026-07-29T01:29:03+00:00,-48.62,-60.20,-66.05,-60.99,-64.86,-48.98,-48.39,-63.85,-51.19,-43.40,-47.09,-64.58,-48.23,-45.21,-42.73,-41.40,-53.60,2026-07-29 01:29:03+00:00
2026-07-29T01:30:04+00:00,-48.71,-59.57,-65.84,-60.63,-63.36,-49.00,-48.39,-63.40,-51.22,-43.58,-47.19,-64.17,-48.35,-45.61,-42.92,-42.80,-53.30,2026-07-29 01:30:04+00:00
2026-07-29T01:31:04+00:00,-48.78,-60.56,-66.38,-60.94,-63.57,-49.21,-48.65,-64.09,-51.18,-43.76,-47.25,-64.43,-48.32,-46.53,-43.18,-43.59,-53.73,2026-07-29 01:31:04+00:00
2026-07-29T01:32:04+00:00,-48.68,-60.13,-66.63,-61.00,-63.17,-49.22,-48.65,-63.67,-54.36,-44.02,-47.30,-64.92,-48.12,-47.06,-43.45,-44.05,-53.62,2026-07-29 01:32:04+00:00
2026-07-29T01:33:03+00:00,-48.71,-59.49,-64.34,-60.56,-63.27,-49.38,-48.66,-63.47,-54.29,-44.10,-47.34,-61.86,-48.23,-47.72,-43.87,-43.17,-52.39,2026-07-29 01:33:03+00:00
2026-07-29T01:34:03+00:00,-48.59,-59.92,-66.55,-60.66,-64.19,-49.09,-48.70,-63.92,-54.11,-44.18,-47.39,-64.98,-48.23,-48.22,-44.08,-42.81,-53.37,2026-07-29 01:34:03+00:00
2026-07-29T01:35:04+00:00,-48.61,-60.24,-66.57,-60.94,-63.43,-49.16,-48.08,-63.90,-54.07,-44.18,-47.13,-64.80,-48.25,-48.80,-43.65,-42.02,-53.49,2026-07-29 01:35:04+00:00
2026-07-29T01:36:04+00:00,-47.66,-59.56,-66.07,-60.45,-65.05,-49.01,-48.13,-64.10,-53.70,-44.27,-46.91,-64.03,-48.38,-49.88,-44.22,-41.49,-53.05,2026-07-29 01:36:04+00:00
2026-07-29T01:37:03+00:00,-47.81,-60.89,-66.93,-60.48,-64.47,-48.85,-48.11,-63.84,-53.86,-44.54,-46.70,-64.15,-48.51,-49.99,-44.51,-40.93,-52.98,2026-07-29 01:37:03+00:00
2026-07-29T01:38:04+00:00,-47.83,-60.61,-66.27,-61.02,-63.94,-48.53,-50.32,-63.89,-53.80,-44.79,-46.64,-64.87,-48.59,-49.65,-44.48,-40.74,-53.45,2026-07-29 01:38:04+00:00
2026-07-29T01:39:04+00:00,-48.44,-61.59,-66.91,-60.73,-63.82,-48.53,-45.45,-63.95,-53.95,-44.14,-46.59,-64.53,-48.29,-49.03,-43.94,-40.72,-51.48,2026-07-29 01:39:04+00:00
2026-07-29T01:40:03+00:00,-48.36,-61.21,-65.59,-60.65,-64.37,-48.62,-47.79,-62.41,-51.01,-42.77,-46.47,-64.10,-48.15,-49.95,-44.24,-40.42,-51.68,2026-07-29 01:40:03+00:00
2026-07-29T01:41:03+00:00,-48.48,-59.44,-66.96,-60.67,-65.11,-48.90,-47.74,-63.74,-51.16,-41.78,-46.76,-64.56,-48.29,-50.79,-44.53,-39.45,-53.39,2026-07-29 01:41:03+00:00
2026-07-29T01:42:04+00:00,-48.51,-58.43,-65.18,-60.40,-63.50,-48.37,-47.77,-63.53,-51.14,-41.58,-46.62,-64.05,-48.36,-50.26,-44.26,-38.94,-53.73,2026-07-29 01:42:04+00:00
2026-07-29T01:43:03+00:00,-48.43,-59.25,-66.66,-60.54,-63.96,-48.58,-47.63,-63.99,-51.08,-41.32,-46.73,-64.58,-48.34,-52.42,-44.62,-38.90,-53.83,2026-07-29 01:43:03+00:00
2026-07-29T01:44:03+00:00,-48.30,-59.03,-67.11,-60.54,-65.17,-48.53,-47.31,-64.27,-51.09,-41.52,-46.87,-64.31,-48.04,-52.45,-44.64,-38.41,-53.54,2026-07-29 01:44:03+00:00
2026-07-29T01:45:04+00:00,-48.48,-59.63,-65.41,-59.99,-64.56,-48.52,-47.46,-63.49,-51.14,-41.87,-46.81,-63.93,-47.86,-50.95,-44.70,-38.07,-53.33,2026-07-29 01:45:04+00:00
2026-07-29T01:46:04+00:00,-48.34,-59.78,-65.88,-60.01,-64.51,-48.37,-47.79,-64.10,-51.06,-41.73,-46.78,-64.17,-47.70,-50.89,-44.62,-37.07,-54.03,2026-07-29 01:46:04+00:00
2026-07-29T01:47:03+00:00,-48.66,-61.36,-66.84,-60.41,-63.47,-48.40,-47.77,-63.90,-51.21,-41.23,-46.47,-64.85,-47.32,-51.34,-44.93,-36.69,-53.60,2026-07-29 01:47:03+00:00
2026-07-29T01:48:03+00:00,-48.56,-60.76,-65.78,-60.53,-64.27,-48.64,-47.72,-63.86,-51.15,-41.21,-46.56,-65.11,-47.19,-52.29,-44.85,-36.73,-53.87,2026-07-29 01:48:03+00:00
2026-07-29T01:49:04+00:00,-48.16,-59.98,-66.08,-60.74,-64.74,-48.51,-47.80,-63.97,-50.88,-41.15,-46.62,-64.33,-47.16,-51.56,-45.02,-37.58,-53.56,2026-07-29 01:49:04+00:00
2026-07-29T01:51:35+00:00,-48.51,-61.21,-66.37,-60.57,-63.86,-48.26,-48.49,-64.06,-50.90,-40.94,-47.03,-64.48,-47.10,-53.75,-45.15,-39.05,-52.59,2026-07-29 01:51:35+00:00
2026-07-29T01:52:04+00:00,-50.56,-64.59,-61.68,-54.51,-70.34,-49.89,-53.61,-59.16,-54.57,-46.75,-52.48,-61.15,-51.67,-50.13,-50.32,-45.11,-53.72,2026-07-29 01:52:04+00:00
2026-07-29T01:52:14+00:00,-48.73,-59.72,-63.67,-60.07,-64.26,-48.37,-48.48,-60.87,-51.05,-41.31,-47.18,-60.98,-47.33,-54.12,-45.48,-39.94,-53.47,2026-07-29 01:52:14+00:00
2026-07-29T01:53:04+00:00,-48.45,-61.06,-66.69,-60.31,-65.24,-48.31,-48.21,-64.15,-50.35,-41.22,-47.08,-64.54,-47.26,-53.96,-45.42,-40.09,-52.21,2026-07-29 01:53:04+00:00
2026-07-29T01:54:04+00:00,-48.53,-60.43,-65.72,-60.37,-65.11,-48.23,-48.06,-64.11,-50.26,-41.29,-47.20,-63.98,-47.23,-54.26,-44.94,-40.47,-52.87,2026-07-29 01:54:04+00:00
2026-07-29T01:55:03+00:00,-48.53,-58.88,-66.49,-60.51,-64.45,-48.08,-47.85,-63.92,-52.43,-41.38,-47.34,-64.87,-47.24,-54.89,-45.63,-40.53,-54.12,2026-07-29 01:55:03+00:00
2026-07-29T01:56:03+00:00,-48.45,-58.74,-65.22,-60.08,-64.53,-49.66,-48.07,-64.18,-52.39,-41.21,-47.03,-64.08,-47.37,-54.76,-45.60,-40.74,-53.32,2026-07-29 01:56:03+00:00
2026-07-29T01:57:04+00:00,-48.16,-58.11,-65.58,-60.52,-64.31,-49.55,-47.85,-63.75,-52.34,-40.51,-47.04,-63.98,-47.38,-54.59,-46.04,-40.45,-52.67,2026-07-29 01:57:04+00:00
2026-07-29T01:58:04+00:00,-48.54,-58.73,-66.31,-60.19,-63.40,-49.54,-47.76,-64.24,-52.34,-40.48,-47.04,-64.44,-47.28,-52.63,-45.96,-39.47,-53.58,2026-07-29 01:58:04+00:00
2026-07-29T01:59:03+00:00,-48.51,-59.01,-62.91,-60.32,-64.03,-49.76,-48.00,-63.67,-52.16,-40.58,-46.71,-63.30,-47.27,-52.80,-45.11,-38.20,-53.59,2026-07-29 01:59:03+00:00
2026-07-29T02:00:04+00:00,-48.17,-59.73,-65.67,-60.48,-64.44,-49.64,-48.20,-64.14,-52.43,-40.81,-46.66,-64.43,-47.14,-53.53,-44.97,-37.50,-53.74,2026-07-29 02:00:04+00:00
2026-07-29T02:01:04+00:00,-48.14,-61.19,-66.18,-60.53,-64.46,-49.39,-48.33,-64.43,-52.49,-40.44,-46.60,-64.47,-47.12,-54.19,-44.95,-37.74,-53.59,2026-07-29 02:01:04+00:00
2026-07-29T02:02:04+00:00,-48.27,-61.22,-66.40,-60.32,-63.91,-49.53,-48.47,-64.00,-50.21,-40.57,-46.66,-64.59,-47.33,-55.13,-45.16,-38.12,-54.46,2026-07-29 02:02:04+00:00
2026-07-29T02:03:03+00:00,-48.42,-60.85,-66.36,-60.50,-63.16,-49.74,-48.72,-63.81,-50.16,-40.46,-46.78,-64.58,-47.65,-54.93,-44.57,-38.04,-53.71,2026-07-29 02:03:03+00:00
2026-07-29T02:04:03+00:00,-48.46,-60.72,-66.55,-60.66,-62.83,-49.94,-48.71,-64.11,-50.47,-41.16,-46.71,-64.63,-47.65,-54.32,-44.26,-37.91,-55.07,2026-07-29 02:04:03+00:00
2026-07-29T02:05:04+00:00,-48.46,-60.10,-66.70,-60.35,-64.53,-50.12,-48.85,-64.42,-50.46,-41.64,-46.89,-64.52,-47.73,-54.07,-44.48,-37.95,-56.06,2026-07-29 02:05:04+00:00
2026-07-29T02:06:04+00:00,-48.33,-61.72,-65.79,-60.05,-63.19,-50.51,-48.85,-63.90,-50.39,-41.61,-46.65,-65.35,-47.60,-55.08,-44.62,-38.97,-56.14,2026-07-29 02:06:04+00:00
2026-07-29T02:07:03+00:00,-48.41,-61.75,-66.17,-59.80,-63.85,-50.89,-48.99,-64.42,-50.47,-41.42,-46.64,-64.77,-47.53,-54.56,-45.07,-39.79,-56.03,2026-07-29 02:07:03+00:00
2026-07-29T02:08:04+00:00,-48.76,-61.07,-65.86,-60.23,-64.16,-51.31,-48.89,-63.87,-50.98,-40.74,-46.80,-65.27,-47.48,-54.81,-44.80,-39.79,-56.18,2026-07-29 02:08:04+00:00
2026-07-29T02:09:04+00:00,-48.69,-60.03,-64.71,-60.29,-64.41,-51.26,-48.95,-63.26,-50.99,-40.49,-46.91,-64.36,-47.74,-55.90,-45.10,-39.75,-56.36,2026-07-29 02:09:04+00:00
2026-07-29T02:10:03+00:00,-48.60,-60.90,-65.62,-60.34,-64.15,-51.44,-48.76,-64.10,-50.97,-40.25,-46.93,-65.27,-47.85,-58.04,-45.49,-39.04,-56.31,2026-07-29 02:10:03+00:00
2026-07-29T02:11:04+00:00,-47.82,-58.36,-65.86,-60.46,-64.03,-51.59,-48.33,-64.18,-51.01,-40.64,-47.15,-64.13,-47.81,-58.31,-45.32,-38.50,-56.86,2026-07-29 02:11:04+00:00
2026-07-29T02:12:04+00:00,-47.65,-58.45,-65.02,-60.08,-64.10,-51.61,-47.69,-63.89,-50.90,-41.27,-47.40,-63.91,-48.03,-56.03,-45.52,-37.95,-56.42,2026-07-29 02:12:04+00:00
2026-07-29T02:13:03+00:00,-48.23,-58.39,-65.73,-60.56,-65.37,-51.74,-47.65,-64.26,-51.02,-41.08,-47.22,-64.58,-48.10,-52.09,-45.70,-37.79,-56.83,2026-07-29 02:13:03+00:00
2026-07-29T02:14:03+00:00,-48.17,-58.44,-65.57,-60.34,-64.96,-51.57,-47.36,-64.08,-51.03,-40.75,-47.18,-63.71,-48.10,-50.56,-45.69,-38.68,-56.21,2026-07-29 02:14:03+00:00
2026-07-29T02:15:04+00:00,-48.31,-59.74,-66.03,-60.43,-64.76,-51.98,-47.49,-64.13,-51.07,-40.49,-47.19,-64.31,-47.90,-49.49,-45.64,-39.34,-55.97,2026-07-29 02:15:04+00:00
2026-07-29T02:16:03+00:00,-48.49,-59.99,-64.75,-60.11,-64.47,-52.38,-47.79,-63.85,-50.92,-40.58,-47.25,-64.42,-47.84,-49.76,-45.54,-38.77,-56.69,2026-07-29 02:16:03+00:00
2026-07-29T02:17:03+00:00,-48.37,-61.78,-66.98,-60.22,-63.70,-53.04,-47.78,-64.33,-53.82,-40.56,-47.05,-64.32,-48.11,-50.55,-45.92,-38.26,-56.53,2026-07-29 02:17:03+00:00
2026-07-29T02:18:04+00:00,-48.34,-62.53,-66.40,-60.49,-64.73,-53.53,-47.96,-64.37,-53.74,-41.18,-47.28,-64.26,-48.06,-50.19,-45.51,-38.26,-56.77,2026-07-29 02:18:04+00:00
2026-07-29T02:19:04+00:00,-48.41,-61.23,-66.34,-60.63,-64.41,-53.39,-47.91,-64.23,-53.65,-41.09,-46.93,-64.45,-47.96,-49.21,-45.27,-38.35,-56.39,2026-07-29 02:19:04+00:00
2026-07-29T02:20:03+00:00,-48.41,-60.87,-66.38,-60.60,-64.47,-52.87,-47.54,-64.49,-53.66,-41.26,-47.03,-64.56,-48.09,-48.31,-45.47,-38.44,-56.68,2026-07-29 02:20:03+00:00
2026-07-29T02:21:04+00:00,-48.52,-60.03,-65.35,-60.23,-64.27,-51.43,-47.21,-64.13,-53.71,-41.10,-47.04,-65.01,-48.10,-48.39,-44.96,-38.50,-56.68,2026-07-29 02:21:04+00:00
2026-07-29T02:22:04+00:00,-48.34,-61.69,-66.80,-60.79,-65.12,-51.43,-47.25,-64.28,-53.79,-41.06,-46.94,-64.63,-48.11,-48.49,-45.08,-39.67,-56.82,2026-07-29 02:22:04+00:00
2026-07-29T02:23:03+00:00,-48.57,-61.32,-65.41,-60.56,-64.04,-47.54,-47.11,-64.25,-53.67,-40.97,-47.24,-64.38,-47.98,-49.09,-45.03,-40.61,-56.90,2026-07-29 02:23:03+00:00
2026-07-29T02:24:03+00:00,-48.33,-61.16,-65.52,-60.09,-64.27,-47.56,-47.38,-64.14,-53.75,-40.49,-47.04,-64.81,-47.83,-48.61,-45.13,-42.40,-56.97,2026-07-29 02:24:03+00:00
2026-07-29T02:25:04+00:00,-48.13,-60.37,-65.51,-60.34,-64.00,-47.28,-47.85,-64.19,-51.00,-40.60,-47.28,-64.12,-48.03,-47.65,-45.31,-45.47,-57.02,2026-07-29 02:25:04+00:00
2026-07-29T02:26:04+00:00,-47.99,-60.48,-66.75,-60.22,-63.67,-47.40,-47.76,-63.77,-51.05,-40.47,-47.16,-63.97,-48.46,-47.78,-45.13,-45.38,-57.24,2026-07-29 02:26:04+00:00
2026-07-29T02:27:03+00:00,-48.24,-58.16,-66.15,-60.16,-63.61,-47.30,-47.73,-64.06,-51.16,-40.30,-46.96,-63.92,-48.85,-48.01,-45.51,-43.65,-56.77,2026-07-29 02:27:03+00:00
2026-07-29T02:28:04+00:00,-48.43,-58.39,-65.90,-60.40,-63.19,-47.52,-47.87,-64.02,-51.10,-39.66,-46.80,-64.72,-49.14,-47.69,-45.51,-43.64,-56.37,2026-07-29 02:28:04+00:00
2026-07-29T02:29:04+00:00,-48.43,-59.69,-66.29,-60.63,-63.57,-47.22,-47.81,-63.65,-51.07,-39.46,-47.07,-63.73,-49.85,-47.50,-45.58,-43.58,-57.09,2026-07-29 02:29:04+00:00
2026-07-29T02:30:03+00:00,-48.48,-59.68,-66.64,-60.95,-63.70,-47.59,-47.87,-64.54,-51.11,-39.48,-47.13,-64.28,-50.54,-46.65,-45.36,-44.01,-56.80,2026-07-29 02:30:03+00:00
2026-07-29T02:31:03+00:00,-48.50,-60.46,-66.34,-60.74,-63.57,-47.50,-47.45,-63.32,-51.06,-39.52,-46.84,-64.05,-51.10,-45.72,-45.77,-43.50,-57.36,2026-07-29 02:31:03+00:00
2026-07-29T02:32:03+00:00,-48.63,-60.89,-66.78,-60.61,-64.53,-47.63,-48.01,-64.36,-51.13,-40.01,-47.10,-64.60,-51.96,-45.30,-45.70,-43.01,-56.84,2026-07-29 02:32:03+00:00
2026-07-29T02:33:04+00:00,-48.58,-60.41,-64.11,-60.17,-63.26,-47.88,-48.18,-61.88,-50.79,-39.93,-46.84,-62.59,-53.08,-44.97,-45.65,-43.09,-57.00,2026-07-29 02:33:04+00:00
2026-07-29T02:34:04+00:00,-48.69,-61.73,-65.25,-59.97,-63.84,-48.00,-48.65,-64.24,-50.87,-40.29,-46.76,-64.81,-54.05,-44.52,-45.89,-42.02,-56.91,2026-07-29 02:34:04+00:00
2026-07-29T02:35:03+00:00,-48.72,-62.15,-66.90,-60.29,-64.20,-47.77,-49.06,-64.66,-50.89,-40.17,-47.04,-64.19,-55.18,-44.35,-45.94,-40.24,-57.04,2026-07-29 02:35:03+00:00
2026-07-29T02:36:04+00:00,-48.56,-61.87,-65.55,-60.61,-64.00,-47.70,-48.97,-64.56,-50.84,-40.09,-47.03,-64.65,-56.03,-44.31,-46.13,-39.44,-56.71,2026-07-29 02:36:04+00:00
2026-07-29T02:37:04+00:00,-48.55,-61.97,-62.84,-60.19,-64.11,-46.97,-48.94,-64.07,-50.80,-39.82,-46.92,-64.20,-57.49,-44.77,-46.08,-39.38,-56.55,2026-07-29 02:37:04+00:00
2026-07-29T02:38:03+00:00,-48.51,-62.18,-66.02,-60.15,-64.57,-47.45,-49.11,-64.61,-50.22,-39.47,-46.97,-64.69,-58.84,-45.00,-46.68,-38.98,-56.77,2026-07-29 02:38:03+00:00
2026-07-29T02:39:04+00:00,-48.51,-59.62,-64.58,-60.01,-63.91,-47.72,-49.24,-63.88,-50.24,-39.53,-47.01,-63.55,-59.13,-45.20,-47.02,-37.96,-56.78,2026-07-29 02:39:04+00:00
2026-07-29T02:40:04+00:00,-48.56,-60.24,-66.37,-60.44,-64.41,-47.76,-49.01,-64.47,-52.51,-39.31,-47.13,-64.49,-59.62,-45.02,-46.32,-36.41,-56.81,2026-07-29 02:40:04+00:00
2026-07-29T02:41:03+00:00,-48.67,-60.98,-66.75,-60.24,-64.14,-47.91,-49.21,-64.29,-52.73,-39.78,-47.21,-64.34,-59.48,-44.79,-46.56,-35.07,-57.25,2026-07-29 02:41:03+00:00
2026-07-29T02:42:03+00:00,-48.67,-61.12,-66.78,-60.18,-63.33,-47.55,-49.15,-64.59,-52.76,-39.60,-47.19,-64.41,-59.90,-44.89,-46.04,-34.67,-57.09,2026-07-29 02:42:03+00:00
2026-07-29T02:43:04+00:00,-48.84,-62.32,-66.49,-60.35,-64.08,-47.40,-49.00,-64.56,-52.59,-39.81,-47.14,-64.42,-59.96,-45.34,-45.32,-35.07,-56.82,2026-07-29 02:43:04+00:00
2026-07-29T02:44:03+00:00,-48.74,-62.49,-66.30,-60.39,-63.71,-47.48,-49.04,-64.38,-52.54,-40.17,-47.12,-64.69,-59.99,-46.24,-45.04,-36.11,-56.60,2026-07-29 02:44:03+00:00
2026-07-29T02:45:03+00:00,-47.86,-61.24,-66.33,-60.55,-63.26,-47.07,-48.70,-64.31,-52.46,-39.96,-47.45,-64.68,-59.88,-46.41,-45.04,-36.86,-56.66,2026-07-29 02:45:03+00:00
2026-07-29T02:46:04+00:00,-47.67,-61.24,-66.53,-60.22,-63.15,-47.05,-48.58,-63.96,-52.45,-40.01,-47.02,-64.93,-59.85,-45.84,-44.94,-37.97,-56.73,2026-07-29 02:46:04+00:00
2026-07-29T02:47:04+00:00,-48.27,-61.33,-67.02,-60.29,-64.31,-47.07,-48.64,-64.50,-50.21,-40.86,-46.64,-64.79,-59.38,-45.99,-44.85,-38.59,-56.44,2026-07-29 02:47:04+00:00
2026-07-29T02:48:03+00:00,-48.48,-61.10,-66.84,-60.39,-63.01,-47.16,-48.70,-64.73,-50.52,-40.82,-46.58,-64.47,-59.35,-46.24,-44.89,-39.08,-56.67,2026-07-29 02:48:03+00:00
2026-07-29T02:49:04+00:00,-48.53,-60.31,-65.55,-60.13,-63.43,-47.15,-49.01,-63.78,-50.45,-41.27,-46.78,-63.79,-59.15,-46.40,-44.97,-38.37,-56.50,2026-07-29 02:49:04+00:00
2026-07-29T02:50:04+00:00,-48.28,-62.07,-66.26,-60.16,-62.97,-47.30,-48.68,-64.19,-50.50,-41.11,-46.70,-64.11,-59.37,-46.17,-44.46,-37.58,-56.74,2026-07-29 02:50:04+00:00
2026-07-29T02:51:03+00:00,-48.39,-63.18,-65.07,-59.71,-63.84,-51.58,-48.55,-64.40,-50.54,-41.46,-46.69,-64.25,-59.24,-45.78,-44.71,-36.88,-56.60,2026-07-29 02:51:03+00:00
2026-07-29T02:52:03+00:00,-48.43,-63.17,-65.73,-60.07,-64.37,-52.09,-48.52,-64.16,-50.53,-42.26,-46.59,-64.19,-59.13,-45.99,-44.45,-36.50,-56.70,2026-07-29 02:52:03+00:00
2026-07-29T02:53:04+00:00,-48.66,-63.43,-66.05,-60.39,-64.53,-52.14,-48.67,-64.08,-50.92,-42.32,-46.52,-64.01,-58.92,-45.91,-44.87,-36.64,-56.56,2026-07-29 02:53:04+00:00
2026-07-29T02:54:04+00:00,-48.47,-63.60,-66.50,-60.26,-63.48,-52.23,-48.84,-64.25,-51.01,-42.48,-46.60,-64.27,-58.73,-45.58,-44.52,-36.19,-56.75,2026-07-29 02:54:04+00:00
2026-07-29T02:55:03+00:00,-48.56,-63.78,-66.79,-60.06,-63.68,-52.55,-49.12,-64.00,-51.05,-43.01,-46.45,-64.87,-58.53,-44.66,-45.41,-35.81,-56.71,2026-07-29 02:55:03+00:00
2026-07-29T02:56:04+00:00,-48.51,-64.18,-66.55,-60.18,-63.59,-52.17,-49.13,-64.45,-50.98,-43.48,-46.63,-65.24,-58.57,-43.89,-45.30,-35.44,-56.53,2026-07-29 02:56:04+00:00
2026-07-29T02:57:04+00:00,-48.49,-62.64,-64.97,-59.92,-63.18,-51.90,-49.24,-63.03,-50.89,-44.03,-46.70,-64.51,-58.31,-44.53,-45.73,-35.54,-56.49,2026-07-29 02:57:04+00:00
2026-07-29T02:58:03+00:00,-48.51,-64.08,-66.47,-60.34,-63.91,-51.80,-49.03,-64.02,-50.81,-44.64,-46.92,-65.20,-58.37,-44.67,-45.81,-35.51,-56.68,2026-07-29 02:58:03+00:00
2026-07-29T02:59:03+00:00,-48.60,-62.46,-66.52,-60.01,-63.21,-51.47,-48.98,-63.96,-50.90,-44.70,-46.90,-65.12,-58.27,-44.97,-46.14,-35.57,-56.83,2026-07-29 02:59:03+00:00
2026-07-29T03:00:04+00:00,-48.40,-63.39,-66.39,-60.11,-62.48,-51.21,-48.61,-63.71,-50.81,-45.22,-47.05,-64.60,-58.31,-44.87,-46.53,-35.71,-56.43,2026-07-29 03:00:04+00:00
2026-07-29T03:01:04+00:00,-48.36,-63.17,-65.75,-59.93,-63.73,-51.05,-48.69,-63.42,-50.83,-45.44,-47.03,-63.78,-58.37,-44.98,-46.83,-35.98,-56.22,2026-07-29 03:01:04+00:00
2026-07-29T03:02:03+00:00,-48.42,-62.17,-65.86,-59.64,-63.89,-51.33,-48.29,-63.95,-53.73,-46.23,-46.97,-63.89,-58.47,-45.12,-46.43,-36.49,-56.24,2026-07-29 03:02:03+00:00
2026-07-29T03:03:03+00:00,-48.31,-62.42,-66.28,-60.18,-65.30,-51.31,-48.16,-64.18,-53.87,-46.07,-47.02,-64.20,-58.74,-45.98,-47.04,-37.27,-56.16,2026-07-29 03:03:03+00:00
2026-07-29T03:04:04+00:00,-48.15,-62.56,-66.41,-59.93,-63.25,-51.53,-48.36,-64.20,-53.77,-46.33,-47.00,-64.11,-58.74,-46.74,-46.71,-38.56,-56.59,2026-07-29 03:04:04+00:00
2026-07-29T03:05:04+00:00,-48.31,-62.43,-66.30,-60.13,-63.64,-51.15,-48.36,-64.09,-53.75,-46.72,-47.30,-64.54,-58.83,-46.14,-46.50,-40.94,-56.49,2026-07-29 03:05:04+00:00
2026-07-29T03:06:04+00:00,-48.36,-62.73,-64.94,-60.14,-63.66,-51.38,-48.36,-63.97,-53.61,-46.83,-47.08,-65.68,-58.69,-46.06,-46.50,-44.04,-56.41,2026-07-29 03:06:04+00:00
2026-07-29T03:07:03+00:00,-48.15,-64.23,-66.59,-60.06,-64.60,-51.35,-48.38,-63.93,-53.92,-47.86,-47.07,-64.27,-58.74,-47.60,-46.67,-48.24,-56.23,2026-07-29 03:07:03+00:00
2026-07-29T03:08:03+00:00,-48.12,-63.77,-66.41,-59.71,-64.09,-51.44,-48.36,-64.47,-54.16,-49.12,-47.13,-64.19,-59.02,-48.55,-46.85,-53.08,-56.34,2026-07-29 03:08:03+00:00
2026-07-29T03:09:04+00:00,-48.33,-63.51,-66.40,-60.26,-63.02,-51.04,-48.43,-64.21,-52.63,-49.58,-47.26,-64.42,-58.60,-48.96,-46.30,-55.40,-56.64,2026-07-29 03:09:04+00:00
2026-07-29T03:10:03+00:00,-48.20,-63.42,-66.79,-60.12,-63.06,-50.88,-48.05,-64.46,-51.33,-50.78,-47.28,-64.71,-58.22,-48.54,-46.23,-53.92,-56.37,2026-07-29 03:10:03+00:00
2026-07-29T03:11:03+00:00,-48.30,-62.67,-65.99,-60.16,-63.45,-50.73,-48.22,-64.05,-51.11,-51.48,-47.44,-65.03,-58.33,-48.92,-46.10,-52.20,-56.52,2026-07-29 03:11:03+00:00
2026-07-29T03:12:04+00:00,-48.13,-61.98,-66.28,-59.89,-62.85,-50.31,-48.26,-64.11,-51.18,-52.46,-47.50,-64.54,-58.22,-49.86,-45.98,-52.27,-56.84,2026-07-29 03:12:04+00:00
2026-07-29T03:13:04+00:00,-48.13,-62.34,-67.04,-60.18,-63.61,-50.18,-48.01,-64.15,-51.19,-53.28,-47.47,-65.11,-58.28,-49.10,-45.92,-53.49,-56.94,2026-07-29 03:13:04+00:00
2026-07-29T03:14:03+00:00,-48.00,-62.37,-66.52,-60.42,-63.35,-50.34,-48.52,-63.95,-51.18,-53.68,-47.77,-65.13,-58.27,-49.00,-45.64,-54.42,-56.71,2026-07-29 03:14:03+00:00
2026-07-29T03:15:04+00:00,-48.11,-62.89,-66.50,-60.03,-63.71,-49.44,-48.45,-64.21,-51.11,-54.19,-47.69,-65.03,-58.32,-49.58,-45.61,-55.65,-57.33,2026-07-29 03:15:04+00:00
2026-07-29T03:16:04+00:00,-48.12,-64.14,-66.25,-60.16,-63.70,-49.30,-48.45,-63.78,-51.14,-54.24,-47.69,-65.06,-58.40,-49.47,-45.82,-55.68,-57.65,2026-07-29 03:16:04+00:00
2026-07-29T03:17:03+00:00,-48.28,-61.49,-66.77,-59.74,-63.67,-48.86,-48.46,-64.15,-51.16,-54.50,-47.89,-64.99,-58.24,-49.53,-45.72,-54.11,-56.45,2026-07-29 03:17:03+00:00
2026-07-29T03:18:03+00:00,-48.19,-60.66,-66.37,-60.05,-64.26,-48.71,-48.82,-63.66,-50.71,-54.57,-47.87,-65.21,-58.01,-50.63,-46.02,-54.75,-56.90,2026-07-29 03:18:03+00:00
2026-07-29T03:19:04+00:00,-47.81,-61.97,-66.47,-60.17,-64.76,-48.64,-48.45,-64.29,-50.79,-53.96,-48.00,-65.15,-57.85,-54.57,-45.84,-53.78,-57.26,2026-07-29 03:19:04+00:00
2026-07-29T03:20:04+00:00,-47.80,-61.91,-65.22,-59.69,-64.02,-48.60,-48.81,-63.84,-50.79,-53.62,-47.88,-64.28,-57.85,-60.47,-45.71,-52.61,-56.74,2026-07-29 03:20:04+00:00
2026-07-29T03:21:03+00:00,-48.42,-63.89,-66.43,-60.46,-64.58,-48.40,-48.80,-64.16,-50.83,-53.41,-47.97,-65.60,-57.98,-50.23,-45.72,-52.13,-56.55,2026-07-29 03:21:03+00:00
2026-07-29T03:22:04+00:00,-48.44,-62.29,-65.75,-60.15,-64.24,-48.38,-48.44,-64.26,-50.70,-52.63,-47.76,-63.94,-57.98,-45.61,-46.20,-51.60,-56.95,2026-07-29 03:22:04+00:00
2026-07-29T03:23:04+00:00,-48.41,-63.20,-66.53,-59.98,-63.58,-48.56,-48.69,-64.26,-50.32,-52.11,-47.70,-64.75,-57.94,-42.69,-45.78,-51.80,-56.72,2026-07-29 03:23:04+00:00
2026-07-29T03:24:03+00:00,-48.28,-62.78,-66.60,-59.95,-62.64,-48.59,-48.67,-64.07,-52.05,-51.82,-47.70,-64.35,-57.76,-40.90,-45.46,-51.31,-56.52,2026-07-29 03:24:03+00:00
2026-07-29T03:25:04+00:00,-48.35,-62.78,-67.12,-59.72,-63.26,-48.78,-49.12,-64.45,-52.72,-51.71,-47.68,-64.92,-57.88,-39.99,-45.61,-51.63,-56.79,2026-07-29 03:25:04+00:00
2026-07-29T03:26:04+00:00,-48.48,-62.96,-66.83,-60.09,-64.21,-48.69,-49.44,-64.52,-52.73,-51.24,-47.45,-64.99,-57.91,-39.51,-45.50,-51.45,-56.81,2026-07-29 03:26:04+00:00
2026-07-29T03:27:03+00:00,-48.33,-63.48,-67.11,-59.93,-63.28,-48.87,-49.57,-64.28,-52.75,-51.21,-47.40,-64.60,-57.91,-39.45,-45.63,-51.18,-57.35,2026-07-29 03:27:03+00:00
2026-07-29T03:28:03+00:00,-48.36,-62.04,-66.54,-60.15,-63.57,-48.84,-49.48,-64.30,-52.53,-50.63,-47.34,-64.37,-57.99,-39.31,-46.23,-51.23,-56.92,2026-07-29 03:28:03+00:00
2026-07-29T03:29:04+00:00,-48.48,-62.35,-66.63,-60.12,-63.02,-49.03,-49.90,-64.56,-52.66,-50.24,-47.51,-64.24,-57.87,-39.43,-46.82,-50.67,-58.46,2026-07-29 03:29:04+00:00
2026-07-29T03:30:03+00:00,-48.37,-62.73,-66.43,-60.00,-62.64,-49.00,-49.89,-64.61,-52.58,-50.12,-47.25,-64.51,-58.00,-39.37,-47.82,-50.54,-58.57,2026-07-29 03:30:03+00:00
2026-07-29T03:31:04+00:00,-48.50,-62.00,-65.66,-60.37,-63.69,-50.15,-49.89,-64.36,-52.60,-49.71,-47.10,-63.72,-57.87,-39.85,-49.06,-50.14,-58.57,2026-07-29 03:31:04+00:00
2026-07-29T03:32:03+00:00,-48.38,-59.68,-65.99,-59.89,-64.57,-50.36,-50.16,-64.80,-50.29,-49.53,-47.55,-64.28,-57.99,-40.08,-50.59,-50.08,-58.59,2026-07-29 03:32:03+00:00
2026-07-29T03:33:04+00:00,-48.41,-61.93,-66.36,-60.08,-63.60,-50.65,-50.14,-64.53,-50.56,-49.26,-47.60,-64.24,-58.01,-40.29,-52.48,-50.13,-58.75,2026-07-29 03:33:04+00:00
2026-07-29T03:34:04+00:00,-48.55,-61.76,-66.25,-59.97,-63.03,-50.43,-50.00,-64.23,-50.49,-49.07,-47.85,-64.24,-57.99,-40.58,-55.15,-50.72,-58.72,2026-07-29 03:34:04+00:00
2026-07-29T03:35:03+00:00,-48.44,-62.02,-65.97,-60.05,-62.90,-50.71,-49.82,-64.18,-50.52,-48.93,-48.21,-64.10,-57.89,-40.65,-57.08,-50.44,-58.46,2026-07-29 03:35:03+00:00
2026-07-29T03:36:03+00:00,-48.39,-62.86,-66.44,-60.37,-63.25,-50.77,-49.92,-64.88,-50.54,-48.67,-48.62,-64.66,-57.85,-41.28,-57.16,-50.19,-58.73,2026-07-29 03:36:03+00:00
2026-07-29T03:37:03+00:00,-48.23,-62.96,-66.21,-60.23,-63.43,-50.79,-49.93,-64.75,-50.71,-48.13,-48.89,-64.53,-57.95,-41.52,-56.33,-49.73,-58.76,2026-07-29 03:37:03+00:00
2026-07-29T03:38:04+00:00,-48.19,-62.95,-66.40,-60.23,-63.35,-50.81,-49.72,-64.56,-50.82,-48.20,-49.36,-64.87,-58.13,-41.73,-54.98,-50.11,-58.56,2026-07-29 03:38:04+00:00
2026-07-29T03:39:03+00:00,-48.02,-63.14,-66.73,-60.46,-63.18,-50.69,-47.91,-64.90,-50.84,-47.84,-49.86,-64.27,-58.13,-41.57,-53.76,-49.76,-58.83,2026-07-29 03:39:03+00:00
2026-07-29T03:40:03+00:00,-48.62,-63.11,-66.34,-60.31,-64.36,-50.69,-49.33,-64.63,-50.80,-47.60,-50.21,-64.33,-58.25,-41.95,-52.66,-50.21,-59.01,2026-07-29 03:40:03+00:00
2026-07-29T03:41:04+00:00,-48.59,-63.29,-66.96,-60.03,-63.30,-50.70,-49.77,-64.51,-50.91,-47.51,-50.48,-64.65,-58.26,-42.13,-51.91,-50.63,-59.29,2026-07-29 03:41:04+00:00
2026-07-29T03:42:04+00:00,-48.43,-63.47,-67.02,-60.22,-64.43,-50.64,-49.46,-64.68,-50.91,-47.51,-50.51,-64.61,-58.20,-42.23,-51.74,-50.59,-58.61,2026-07-29 03:42:04+00:00
2026-07-29T03:43:03+00:00,-48.67,-63.47,-67.24,-60.26,-64.03,-50.75,-49.55,-64.77,-50.87,-47.28,-50.69,-64.46,-58.13,-42.70,-52.26,-50.52,-59.18,2026-07-29 03:43:03+00:00
2026-07-29T03:44:04+00:00,-48.61,-63.19,-67.19,-60.36,-63.44,-50.75,-49.37,-64.54,-50.87,-47.16,-50.60,-64.73,-58.29,-42.83,-51.88,-50.21,-58.85,2026-07-29 03:44:04+00:00
2026-07-29T03:45:04+00:00,-48.56,-63.37,-67.06,-60.86,-64.44,-50.85,-49.35,-64.79,-50.92,-47.23,-50.85,-64.61,-58.47,-43.16,-51.24,-50.47,-59.13,2026-07-29 03:45:04+00:00
2026-07-29T03:46:03+00:00,-48.70,-63.40,-66.92,-60.21,-64.24,-50.84,-49.46,-64.60,-50.98,-47.27,-50.93,-64.47,-58.37,-43.41,-51.67,-50.25,-59.28,2026-07-29 03:46:03+00:00
2026-07-29T03:47:03+00:00,-48.60,-61.53,-67.05,-60.65,-63.33,-50.81,-49.30,-63.23,-53.95,-47.23,-50.87,-64.67,-58.22,-43.70,-51.57,-50.40,-58.96,2026-07-29 03:47:03+00:00
2026-07-29T03:48:04+00:00,-48.66,-62.30,-67.16,-60.42,-63.22,-50.99,-49.26,-64.38,-53.86,-47.18,-51.00,-64.30,-58.58,-44.50,-51.73,-50.32,-59.15,2026-07-29 03:48:04+00:00
2026-07-29T03:49:03+00:00,-48.75,-62.33,-67.03,-59.95,-63.66,-50.87,-49.29,-64.07,-53.88,-47.15,-51.10,-66.02,-58.93,-45.10,-51.74,-51.17,-59.01,2026-07-29 03:49:03+00:00
2026-07-29T03:50:03+00:00,-48.42,-62.03,-66.85,-60.38,-64.15,-50.97,-49.17,-64.29,-53.87,-47.04,-50.98,-64.95,-58.56,-46.02,-51.79,-50.38,-58.90,2026-07-29 03:50:03+00:00
2026-07-29T03:51:04+00:00,-48.63,-63.14,-65.11,-60.33,-63.21,-51.00,-49.16,-64.43,-54.09,-47.05,-51.06,-65.44,-58.60,-46.70,-52.06,-50.04,-58.90,2026-07-29 03:51:04+00:00
2026-07-29T03:52:04+00:00,-48.57,-64.26,-67.45,-60.77,-63.46,-51.06,-49.31,-64.44,-54.16,-47.03,-50.76,-61.19,-58.73,-47.80,-52.29,-49.92,-59.43,2026-07-29 03:52:04+00:00
2026-07-29T03:53:03+00:00,-47.72,-64.16,-67.59,-60.37,-64.92,-50.98,-49.08,-64.74,-54.18,-47.16,-50.69,-55.47,-58.65,-48.74,-52.41,-49.89,-59.05,2026-07-29 03:53:03+00:00
2026-07-29T03:54:04+00:00,-47.77,-63.78,-67.06,-60.60,-63.95,-51.05,-49.07,-64.97,-51.15,-47.11,-50.47,-61.13,-59.08,-50.15,-52.91,-49.21,-58.79,2026-07-29 03:54:04+00:00
2026-07-29T03:55:04+00:00,-48.06,-64.61,-67.42,-61.10,-64.01,-51.18,-49.12,-64.33,-51.21,-47.07,-50.33,-62.85,-58.93,-51.72,-52.94,-48.83,-59.23,2026-07-29 03:55:04+00:00
2026-07-29T03:56:03+00:00,-48.45,-64.13,-67.52,-60.90,-64.15,-51.10,-46.94,-64.60,-51.23,-46.94,-50.10,-64.54,-58.86,-53.72,-53.34,-48.70,-59.29,2026-07-29 03:56:03+00:00
2026-07-29T03:57:03+00:00,-48.28,-63.79,-67.32,-60.46,-64.08,-51.11,-49.04,-64.64,-51.18,-46.96,-49.89,-64.68,-58.98,-54.51,-53.62,-48.82,-59.70,2026-07-29 03:57:03+00:00
2026-07-29T03:58:04+00:00,-48.21,-63.81,-67.28,-60.44,-63.35,-51.37,-49.20,-64.19,-51.18,-46.86,-49.89,-65.86,-59.23,-55.51,-53.72,-48.81,-59.72,2026-07-29 03:58:04+00:00
2026-07-29T03:59:03+00:00,-48.24,-64.71,-67.66,-60.55,-65.07,-51.30,-48.89,-64.40,-51.25,-46.99,-50.15,-66.07,-59.19,-55.38,-53.69,-48.96,-59.78,2026-07-29 03:59:03+00:00
2026-07-29T04:00:03+00:00,-47.90,-64.80,-67.65,-60.91,-63.77,-51.26,-49.40,-64.37,-51.28,-46.88,-50.21,-64.86,-59.06,-54.62,-53.99,-49.09,-59.77,2026-07-29 04:00:03+00:00
2026-07-29T04:01:03+00:00,-47.97,-63.51,-67.28,-60.54,-62.65,-51.28,-48.99,-64.33,-51.24,-46.68,-50.38,-65.80,-59.57,-53.55,-54.20,-49.56,-59.73,2026-07-29 04:01:03+00:00
2026-07-29T04:02:04+00:00,-46.51,-63.19,-67.73,-61.10,-63.20,-51.51,-49.06,-64.64,-51.23,-46.80,-50.07,-66.39,-59.65,-52.46,-53.92,-49.42,-59.64,2026-07-29 04:02:04+00:00
2026-07-29T04:03:03+00:00,-47.81,-63.80,-67.43,-60.69,-62.88,-51.70,-49.28,-64.13,-50.96,-46.79,-50.45,-65.71,-59.61,-51.64,-54.20,-49.27,-59.69,2026-07-29 04:03:03+00:00
2026-07-29T04:04:03+00:00,-48.03,-63.19,-67.53,-60.88,-64.14,-51.63,-49.29,-63.83,-51.03,-46.63,-50.15,-64.44,-59.53,-51.02,-54.13,-49.17,-59.41,2026-07-29 04:04:03+00:00
2026-07-29T04:05:04+00:00,-47.97,-65.14,-68.15,-60.56,-63.76,-51.55,-49.16,-64.46,-51.05,-46.61,-50.39,-65.94,-59.85,-50.32,-54.35,-49.17,-59.33,2026-07-29 04:05:04+00:00
2026-07-29T04:06:04+00:00,-48.00,-63.92,-67.93,-60.84,-63.17,-51.64,-49.04,-63.54,-50.88,-46.70,-50.19,-65.68,-59.85,-49.76,-54.55,-48.86,-59.09,2026-07-29 04:06:04+00:00
2026-07-29T04:07:03+00:00,-47.50,-64.25,-67.82,-60.88,-63.12,-51.74,-49.28,-64.61,-50.34,-46.51,-49.97,-65.81,-59.71,-49.01,-54.96,-48.73,-59.35,2026-07-29 04:07:03+00:00
2026-07-29T04:08:04+00:00,-47.44,-64.43,-67.68,-60.35,-63.77,-51.71,-48.96,-64.58,-50.27,-46.50,-50.12,-64.49,-59.73,-48.64,-54.64,-48.79,-59.34,2026-07-29 04:08:04+00:00
2026-07-29T04:09:04+00:00,-47.25,-65.62,-71.22,-60.81,-66.50,-51.79,-49.24,-66.15,-52.63,-46.52,-50.02,-69.16,-60.52,-48.09,-55.00,-48.58,-59.39,2026-07-29 04:09:04+00:00
2026-07-29T04:10:03+00:00,-47.52,-64.95,-71.18,-60.61,-66.38,-51.91,-49.27,-65.58,-52.72,-46.58,-50.02,-69.16,-60.43,-47.85,-54.99,-48.18,-59.65,2026-07-29 04:10:03+00:00
2026-07-29T04:11:03+00:00,-47.45,-65.92,-70.85,-60.90,-66.30,-51.78,-49.08,-65.67,-52.67,-46.46,-49.79,-69.29,-60.44,-47.63,-55.52,-48.20,-59.74,2026-07-29 04:11:03+00:00
2026-07-29T04:12:04+00:00,-47.75,-65.18,-71.05,-60.93,-66.96,-50.50,-49.28,-65.28,-52.66,-46.51,-49.77,-68.92,-60.78,-47.31,-55.55,-47.89,-59.74,2026-07-29 04:12:04+00:00
2026-07-29T04:13:03+00:00,-47.80,-63.11,-70.82,-61.01,-66.77,-50.71,-48.95,-65.78,-52.50,-46.52,-49.66,-68.86,-60.73,-47.19,-55.51,-47.95,-60.09,2026-07-29 04:13:03+00:00
2026-07-29T04:14:03+00:00,-47.92,-64.85,-70.81,-61.11,-65.89,-50.98,-49.40,-65.10,-52.46,-46.43,-49.58,-68.25,-60.65,-46.82,-55.36,-48.11,-60.46,2026-07-29 04:14:03+00:00
2026-07-29T04:15:04+00:00,-48.27,-64.33,-70.08,-60.42,-66.53,-51.33,-49.10,-64.81,-52.51,-46.50,-49.61,-68.45,-60.15,-46.75,-55.71,-48.16,-58.29,2026-07-29 04:15:04+00:00
2026-07-29T04:16:04+00:00,-48.40,-64.88,-70.57,-61.01,-66.12,-51.18,-49.19,-65.32,-50.91,-46.47,-49.50,-68.20,-60.58,-46.50,-55.68,-48.44,-59.53,2026-07-29 04:16:04+00:00
2026-07-29T04:17:03+00:00,-48.75,-65.28,-70.61,-60.97,-66.40,-51.44,-49.46,-65.07,-50.34,-46.45,-49.43,-67.88,-60.72,-46.33,-55.81,-48.71,-60.26,2026-07-29 04:17:03+00:00
2026-07-29T04:18:04+00:00,-50.00,-65.27,-70.61,-61.03,-65.57,-51.38,-48.97,-64.81,-50.65,-46.51,-49.63,-68.16,-60.66,-46.13,-55.87,-48.62,-59.27,2026-07-29 04:18:04+00:00
2026-07-29T04:19:04+00:00,-49.79,-65.27,-70.65,-61.07,-66.30,-51.31,-48.83,-64.67,-50.71,-46.47,-49.42,-67.82,-60.83,-46.06,-56.73,-48.45,-60.52,2026-07-29 04:19:04+00:00
2026-07-29T04:20:03+00:00,-50.23,-65.96,-70.52,-60.99,-65.82,-51.36,-49.49,-64.98,-50.49,-46.49,-49.71,-68.11,-60.93,-45.91,-56.46,-48.79,-60.81,2026-07-29 04:20:03+00:00
2026-07-29T04:21:03+00:00,-50.34,-66.07,-70.51,-61.08,-66.58,-51.54,-49.76,-64.43,-50.50,-46.55,-49.72,-68.05,-60.92,-46.10,-56.33,-48.95,-60.23,2026-07-29 04:21:03+00:00
2026-07-29T04:22:04+00:00,-49.94,-65.07,-70.00,-60.11,-66.42,-51.13,-49.52,-64.52,-51.06,-46.50,-49.74,-68.00,-60.96,-45.72,-56.64,-49.05,-58.49,2026-07-29 04:22:04+00:00
2026-07-29T04:23:04+00:00,-50.93,-66.24,-70.61,-60.94,-66.61,-51.45,-48.98,-65.37,-51.08,-46.55,-49.71,-68.16,-60.76,-45.77,-56.34,-49.25,-60.70,2026-07-29 04:23:04+00:00
2026-07-29T04:24:03+00:00,-49.95,-65.95,-70.77,-60.99,-65.99,-51.29,-49.40,-64.93,-50.94,-46.53,-49.72,-68.15,-61.23,-45.83,-56.33,-49.18,-60.68,2026-07-29 04:24:03+00:00
2026-07-29T04:25:04+00:00,-50.25,-66.55,-70.28,-60.89,-66.59,-51.45,-50.13,-65.41,-51.02,-46.77,-49.75,-68.13,-60.99,-45.85,-53.44,-49.22,-60.19,2026-07-29 04:25:04+00:00
2026-07-29T04:26:04+00:00,-50.39,-66.23,-70.30,-61.33,-65.85,-51.39,-49.37,-65.16,-50.98,-46.61,-49.86,-68.14,-61.03,-45.69,-56.54,-49.52,-60.12,2026-07-29 04:26:04+00:00
2026-07-29T04:27:03+00:00,-49.57,-64.77,-70.71,-61.04,-66.84,-51.38,-49.37,-65.27,-51.07,-46.62,-50.07,-68.23,-61.00,-45.61,-53.19,-49.59,-59.50,2026-07-29 04:27:03+00:00
2026-07-29T04:28:03+00:00,-49.60,-65.09,-70.60,-61.10,-67.40,-51.38,-49.19,-65.51,-51.16,-46.60,-49.95,-68.38,-61.09,-45.69,-56.90,-49.52,-59.98,2026-07-29 04:28:03+00:00
2026-07-29T04:29:04+00:00,-50.14,-64.89,-70.78,-60.56,-66.00,-51.25,-50.30,-65.19,-51.17,-46.87,-50.18,-68.47,-61.16,-45.78,-56.90,-49.58,-59.74,2026-07-29 04:29:04+00:00
2026-07-29T04:30:04+00:00,-50.72,-65.87,-70.62,-61.32,-66.36,-51.52,-50.61,-64.83,-51.17,-46.74,-50.37,-68.35,-61.12,-45.87,-57.00,-49.47,-60.16,2026-07-29 04:30:04+00:00
2026-07-29T04:31:04+00:00,-50.03,-65.14,-70.68,-60.64,-65.84,-51.45,-50.20,-64.79,-53.94,-46.91,-50.22,-68.58,-61.38,-45.83,-56.83,-49.45,-59.98,2026-07-29 04:31:04+00:00
2026-07-29T04:32:03+00:00,-50.44,-65.62,-70.24,-61.05,-65.64,-51.36,-49.98,-65.02,-54.16,-47.22,-50.44,-68.59,-61.37,-45.92,-57.17,-49.36,-60.17,2026-07-29 04:32:03+00:00
2026-07-29T04:33:04+00:00,-50.70,-65.28,-70.58,-61.05,-66.56,-51.15,-50.80,-66.34,-54.28,-47.15,-50.42,-68.58,-60.99,-45.82,-57.59,-49.36,-60.07,2026-07-29 04:33:04+00:00
2026-07-29T04:34:04+00:00,-50.13,-64.93,-70.49,-61.07,-66.42,-51.16,-50.70,-65.29,-53.98,-46.98,-50.48,-68.35,-61.18,-45.78,-57.49,-49.25,-58.89,2026-07-29 04:34:04+00:00
2026-07-29T04:35:03+00:00,-51.02,-65.66,-70.56,-61.02,-66.04,-51.24,-50.02,-65.92,-54.08,-47.21,-50.57,-68.47,-60.91,-46.04,-57.63,-49.17,-59.68,2026-07-29 04:35:03+00:00
2026-07-29T04:36:04+00:00,-50.67,-65.68,-70.34,-60.94,-66.50,-51.30,-49.86,-66.04,-54.17,-47.24,-50.67,-68.90,-60.88,-46.07,-57.51,-49.22,-59.47,2026-07-29 04:36:04+00:00
2026-07-29T04:37:04+00:00,-50.60,-64.97,-70.41,-61.01,-66.50,-51.31,-49.99,-65.63,-54.22,-47.25,-50.89,-68.69,-60.84,-46.13,-57.71,-49.15,-59.62,2026-07-29 04:37:04+00:00
2026-07-29T04:38:03+00:00,-50.28,-66.06,-70.68,-60.86,-66.89,-51.13,-49.96,-66.08,-54.25,-47.17,-50.99,-68.60,-60.63,-46.45,-57.67,-49.37,-59.84,2026-07-29 04:38:03+00:00
2026-07-29T04:39:03+00:00,-51.21,-66.47,-70.61,-60.89,-65.87,-51.20,-49.26,-66.05,-51.16,-47.30,-51.32,-68.72,-60.75,-46.31,-57.82,-49.31,-59.79,2026-07-29 04:39:03+00:00
2026-07-29T04:40:04+00:00,-50.93,-66.21,-70.62,-61.22,-66.44,-51.07,-49.96,-66.41,-51.19,-47.31,-51.44,-68.76,-60.71,-46.33,-58.30,-49.41,-59.94,2026-07-29 04:40:04+00:00
2026-07-29T04:41:04+00:00,-51.10,-66.27,-70.60,-61.09,-66.08,-51.24,-50.23,-66.10,-51.23,-47.33,-51.51,-68.55,-60.72,-46.71,-57.90,-49.32,-59.84,2026-07-29 04:41:04+00:00
2026-07-29T04:42:03+00:00,-50.84,-63.53,-70.72,-61.17,-66.33,-51.19,-49.78,-66.05,-51.33,-47.34,-51.78,-68.54,-60.65,-46.54,-57.91,-49.44,-59.86,2026-07-29 04:42:03+00:00
2026-07-29T04:43:04+00:00,-51.11,-64.45,-70.63,-61.19,-67.17,-51.19,-50.19,-65.90,-51.25,-47.30,-51.74,-68.68,-60.51,-46.51,-57.89,-49.64,-59.71,2026-07-29 04:43:04+00:00
2026-07-29T04:44:04+00:00,-50.34,-64.95,-70.63,-60.94,-66.58,-51.08,-49.10,-66.20,-51.30,-47.28,-51.82,-68.53,-60.45,-46.67,-58.19,-49.57,-59.74,2026-07-29 04:44:04+00:00
2026-07-29T04:45:03+00:00,-51.31,-64.80,-70.65,-60.69,-66.26,-51.43,-49.34,-65.95,-51.30,-47.42,-51.89,-68.67,-60.60,-46.88,-58.24,-49.47,-60.10,2026-07-29 04:45:03+00:00
2026-07-29T04:46:03+00:00,-51.26,-65.96,-70.54,-60.88,-66.36,-51.09,-49.81,-66.49,-51.25,-47.37,-51.78,-68.82,-60.38,-46.83,-58.22,-49.80,-60.37,2026-07-29 04:46:03+00:00
2026-07-29T04:47:04+00:00,-51.47,-66.32,-70.53,-60.83,-67.29,-51.20,-50.34,-66.13,-51.31,-47.36,-51.96,-68.96,-60.43,-46.77,-58.35,-49.41,-57.76,2026-07-29 04:47:04+00:00
2026-07-29T04:48:03+00:00,-48.85,-65.92,-70.39,-61.20,-66.28,-51.13,-48.82,-66.73,-50.78,-47.28,-51.93,-68.92,-60.41,-46.76,-58.12,-49.66,-59.24,2026-07-29 04:48:03+00:00
2026-07-29T04:49:03+00:00,-48.45,-65.51,-70.13,-61.35,-66.24,-51.21,-50.96,-65.98,-50.74,-47.32,-51.81,-68.99,-60.09,-46.75,-58.26,-49.74,-59.23,2026-07-29 04:49:03+00:00
2026-07-29T04:50:04+00:00,-48.63,-65.65,-70.05,-60.84,-67.26,-51.01,-49.42,-66.47,-50.68,-47.26,-51.72,-68.91,-60.18,-46.71,-58.03,-49.78,-59.12,2026-07-29 04:50:04+00:00
2026-07-29T04:51:04+00:00,-48.58,-65.35,-70.50,-60.52,-66.67,-50.94,-49.91,-65.89,-50.73,-47.51,-51.82,-68.73,-59.87,-46.69,-58.57,-50.04,-59.09,2026-07-29 04:51:04+00:00
2026-07-29T04:52:04+00:00,-48.60,-65.39,-70.41,-60.94,-65.81,-51.05,-50.38,-66.31,-50.13,-47.52,-51.92,-68.84,-60.21,-46.77,-58.61,-50.17,-59.44,2026-07-29 04:52:04+00:00
2026-07-29T04:53:03+00:00,-48.92,-66.30,-70.51,-60.81,-66.39,-50.98,-49.17,-66.99,-50.11,-47.40,-51.87,-68.83,-60.40,-46.64,-58.57,-49.93,-59.45,2026-07-29 04:53:03+00:00
2026-07-29T04:54:03+00:00,-48.88,-66.40,-70.59,-60.90,-65.79,-50.92,-50.03,-66.15,-52.46,-47.37,-52.16,-68.86,-60.12,-46.52,-58.73,-49.90,-59.62,2026-07-29 04:54:03+00:00
2026-07-29T04:55:04+00:00,-48.98,-65.87,-70.74,-60.59,-66.11,-51.16,-49.98,-65.73,-52.47,-47.47,-52.29,-68.89,-60.08,-46.69,-58.31,-50.07,-59.36,2026-07-29 04:55:04+00:00
2026-07-29T04:56:04+00:00,-48.77,-66.73,-70.57,-60.86,-66.14,-51.20,-50.26,-66.52,-52.55,-47.49,-52.41,-68.92,-60.21,-46.70,-58.22,-49.93,-59.35,2026-07-29 04:56:04+00:00
2026-07-29T04:57:03+00:00,-48.64,-65.92,-70.43,-60.84,-66.63,-50.99,-49.29,-66.43,-52.47,-47.42,-52.73,-68.82,-60.06,-46.59,-59.02,-50.43,-59.10,2026-07-29 04:57:03+00:00
2026-07-29T04:58:04+00:00,-48.38,-66.05,-70.59,-60.83,-66.55,-51.05,-49.83,-65.90,-52.24,-47.39,-52.89,-68.83,-60.13,-46.59,-58.71,-50.17,-59.44,2026-07-29 04:58:04+00:00
2026-07-29T04:59:04+00:00,-48.64,-66.10,-70.35,-60.92,-66.32,-50.88,-50.39,-65.69,-52.27,-47.32,-53.09,-68.57,-59.96,-46.50,-58.75,-50.23,-59.49,2026-07-29 04:59:04+00:00
2026-07-29T05:00:03+00:00,-48.78,-66.51,-70.64,-60.87,-65.90,-50.80,-50.41,-66.40,-52.36,-47.41,-52.99,-68.94,-59.99,-46.53,-58.45,-50.40,-59.64,2026-07-29 05:00:03+00:00
2026-07-29T05:01:03+00:00,-48.11,-65.67,-69.95,-61.02,-65.99,-50.97,-49.90,-66.44,-50.14,-47.55,-53.18,-68.66,-60.23,-46.23,-58.45,-50.58,-59.14,2026-07-29 05:01:03+00:00
2026-07-29T05:02:03+00:00,-47.62,-63.83,-70.33,-60.97,-66.62,-50.69,-49.84,-66.40,-50.06,-47.50,-53.42,-68.81,-59.85,-46.40,-58.06,-50.32,-58.90,2026-07-29 05:02:03+00:00
2026-07-29T05:03:04+00:00,-51.24,-67.30,-70.43,-61.15,-66.57,-50.74,-49.17,-66.15,-50.46,-47.71,-53.26,-69.10,-59.86,-46.31,-58.71,-50.64,-59.09,2026-07-29 05:03:04+00:00
2026-07-29T05:04:04+00:00,-50.22,-66.80,-70.73,-60.68,-66.35,-50.81,-49.39,-66.46,-50.38,-47.54,-53.47,-68.63,-59.73,-46.25,-58.82,-50.85,-59.27,2026-07-29 05:04:04+00:00
2026-07-29T05:05:03+00:00,-50.67,-65.72,-70.42,-60.77,-66.49,-50.88,-50.46,-66.51,-50.46,-47.54,-53.48,-68.84,-59.84,-46.11,-58.48,-50.98,-59.76,2026-07-29 05:05:03+00:00
2026-07-29T05:06:03+00:00,-50.96,-65.13,-70.35,-60.83,-65.38,-50.85,-50.47,-66.30,-50.42,-47.66,-53.38,-68.81,-59.81,-46.35,-59.10,-50.74,-59.45,2026-07-29 05:06:03+00:00
2026-07-29T05:07:04+00:00,-51.51,-66.29,-70.33,-61.15,-66.29,-50.89,-50.66,-66.25,-50.94,-47.69,-53.55,-68.70,-59.80,-46.29,-59.16,-50.69,-59.23,2026-07-29 05:07:04+00:00
2026-07-29T05:08:04+00:00,-50.51,-66.38,-70.46,-61.00,-66.34,-50.82,-50.57,-66.67,-51.07,-47.75,-53.66,-68.81,-59.68,-46.11,-58.92,-50.89,-59.30,2026-07-29 05:08:04+00:00
2026-07-29T05:09:03+00:00,-51.08,-67.05,-70.45,-61.32,-66.08,-50.44,-50.30,-66.26,-51.01,-47.91,-53.67,-68.93,-59.58,-46.26,-59.04,-51.18,-59.13,2026-07-29 05:09:03+00:00
2026-07-29T05:10:04+00:00,-50.17,-66.39,-70.25,-61.44,-65.68,-50.75,-51.16,-66.42,-51.01,-47.80,-53.63,-68.53,-59.50,-46.26,-58.63,-51.44,-59.03,2026-07-29 05:10:04+00:00
2026-07-29T05:11:04+00:00,-49.93,-66.80,-70.56,-61.14,-66.35,-50.66,-49.40,-66.57,-50.90,-47.85,-53.89,-68.93,-59.51,-46.15,-58.95,-51.50,-58.87,2026-07-29 05:11:04+00:00
2026-07-29T05:12:03+00:00,-51.54,-65.98,-70.43,-61.00,-65.89,-50.86,-50.00,-66.35,-51.11,-47.90,-54.06,-68.82,-59.54,-46.15,-58.73,-51.21,-59.30,2026-07-29 05:12:03+00:00
2026-07-29T05:13:04+00:00,-50.08,-65.21,-70.47,-61.24,-65.35,-50.65,-50.61,-66.00,-51.07,-47.84,-54.12,-68.89,-59.52,-46.22,-58.70,-51.32,-58.60,2026-07-29 05:13:04+00:00
2026-07-29T05:14:04+00:00,-50.27,-65.25,-70.26,-61.32,-67.15,-50.73,-50.72,-66.00,-51.31,-48.03,-54.41,-68.75,-59.39,-46.16,-59.03,-51.47,-59.11,2026-07-29 05:14:04+00:00
2026-07-29T05:15:03+00:00,-50.94,-66.03,-70.66,-61.69,-66.44,-50.31,-49.21,-66.20,-51.15,-47.87,-54.41,-68.90,-59.30,-46.18,-59.19,-51.58,-59.37,2026-07-29 05:15:03+00:00
2026-07-29T05:16:04+00:00,-50.31,-65.86,-70.31,-61.09,-66.80,-48.54,-50.04,-66.24,-54.12,-48.03,-54.73,-68.11,-59.15,-46.11,-58.88,-51.56,-59.03,2026-07-29 05:16:04+00:00
2026-07-29T05:17:04+00:00,-50.25,-66.19,-70.65,-61.25,-66.49,-48.20,-50.16,-66.42,-54.15,-47.98,-54.87,-68.05,-59.24,-46.11,-58.64,-51.38,-59.73,2026-07-29 05:17:04+00:00
2026-07-29T05:18:03+00:00,-50.88,-66.28,-69.96,-61.16,-66.13,-48.41,-50.38,-66.09,-53.91,-48.07,-55.27,-67.89,-59.03,-46.18,-58.47,-51.87,-59.86,2026-07-29 05:18:03+00:00
2026-07-29T05:19:03+00:00,-50.24,-65.95,-67.31,-61.20,-65.47,-48.28,-49.54,-66.42,-52.88,-47.99,-55.23,-68.08,-59.46,-46.11,-58.67,-51.67,-59.49,2026-07-29 05:19:03+00:00
2026-07-29T05:20:04+00:00,-50.56,-66.64,-70.61,-61.19,-66.11,-47.94,-49.89,-66.67,-54.06,-47.98,-55.76,-67.89,-59.31,-45.96,-58.75,-51.46,-59.10,2026-07-29 05:20:04+00:00
2026-07-29T05:21:03+00:00,-50.50,-65.94,-70.53,-61.38,-66.48,-48.21,-49.99,-66.48,-54.21,-48.03,-55.65,-68.00,-59.26,-45.82,-58.69,-51.16,-59.46,2026-07-29 05:21:03+00:00
2026-07-29T05:22:03+00:00,-51.09,-66.28,-70.23,-61.59,-65.84,-48.19,-49.46,-66.44,-54.39,-47.75,-55.61,-67.69,-59.29,-46.00,-58.72,-51.21,-58.74,2026-07-29 05:22:03+00:00
2026-07-29T05:23:04+00:00,-51.50,-66.30,-70.59,-61.39,-65.55,-48.50,-49.58,-66.85,-54.21,-47.93,-55.77,-68.06,-59.22,-46.06,-58.49,-51.08,-59.33,2026-07-29 05:23:04+00:00
2026-07-29T05:24:04+00:00,-51.29,-65.93,-70.39,-61.29,-66.51,-48.47,-49.57,-66.87,-51.21,-47.66,-55.63,-66.44,-59.38,-45.93,-59.02,-51.17,-59.60,2026-07-29 05:24:04+00:00
2026-07-29T05:25:03+00:00,-50.71,-66.54,-70.27,-61.36,-65.69,-48.41,-49.45,-66.52,-51.24,-47.76,-55.57,-64.55,-59.19,-45.81,-58.88,-51.11,-59.43,2026-07-29 05:25:03+00:00
2026-07-29T05:26:04+00:00,-51.26,-65.54,-70.67,-61.69,-66.16,-48.46,-48.97,-66.57,-51.38,-47.79,-58.01,-59.02,-59.16,-46.19,-58.93,-50.96,-58.87,2026-07-29 05:26:04+00:00
2026-07-29T05:27:04+00:00,-51.08,-65.12,-70.81,-61.30,-66.45,-48.30,-49.07,-66.79,-51.47,-47.61,-58.09,-68.28,-59.06,-46.03,-58.93,-50.50,-59.04,2026-07-29 05:27:04+00:00
2026-07-29T05:28:03+00:00,-51.59,-65.79,-70.87,-61.85,-66.34,-48.58,-48.82,-66.38,-51.46,-47.48,-57.85,-68.06,-59.16,-45.76,-58.83,-50.43,-60.01,2026-07-29 05:28:03+00:00
2026-07-29T05:29:03+00:00,-51.21,-65.96,-71.03,-61.51,-67.05,-48.10,-49.68,-66.52,-51.58,-47.59,-57.92,-68.10,-59.10,-45.86,-59.31,-50.21,-59.39,2026-07-29 05:29:03+00:00
2026-07-29T05:30:04+00:00,-51.36,-65.97,-70.77,-61.87,-66.81,-48.40,-49.33,-66.71,-51.59,-47.51,-57.68,-68.05,-58.85,-45.96,-59.12,-49.94,-59.77,2026-07-29 05:30:04+00:00
2026-07-29T05:31:04+00:00,-51.34,-65.90,-70.72,-61.05,-67.01,-48.32,-49.46,-66.68,-51.35,-47.53,-57.90,-68.14,-59.01,-45.93,-58.93,-50.00,-58.64,2026-07-29 05:31:04+00:00
2026-07-29T05:32:04+00:00,-50.15,-66.31,-70.92,-61.36,-66.06,-48.37,-48.92,-66.62,-51.49,-47.51,-56.34,-68.11,-59.10,-45.96,-59.52,-49.76,-59.06,2026-07-29 05:32:04+00:00
2026-07-29T05:33:03+00:00,-48.06,-65.89,-70.91,-61.31,-65.93,-48.15,-49.23,-66.66,-50.84,-47.45,-56.66,-67.94,-58.99,-45.95,-59.24,-49.75,-59.05,2026-07-29 05:33:03+00:00
2026-07-29T05:34:04+00:00,-48.68,-65.38,-70.91,-61.15,-65.70,-48.40,-49.75,-66.57,-50.86,-47.33,-55.85,-68.25,-58.86,-46.10,-59.06,-49.70,-59.20,2026-07-29 05:34:04+00:00
2026-07-29T05:35:04+00:00,-48.73,-66.41,-71.25,-61.82,-66.38,-48.35,-49.43,-66.89,-50.91,-47.43,-55.17,-68.10,-58.73,-46.19,-59.35,-49.50,-59.38,2026-07-29 05:35:04+00:00
2026-07-29T05:36:04+00:00,-48.74,-66.12,-71.22,-61.55,-66.81,-52.14,-48.71,-67.06,-50.85,-47.47,-55.35,-69.32,-58.76,-46.46,-59.31,-49.53,-59.54,2026-07-29 05:36:04+00:00
2026-07-29T05:37:03+00:00,-48.67,-66.08,-71.18,-61.45,-67.07,-52.12,-48.97,-67.00,-50.11,-47.39,-56.95,-68.86,-58.81,-46.32,-58.65,-49.77,-59.43,2026-07-29 05:37:03+00:00
2026-07-29T05:38:03+00:00,-48.64,-65.87,-71.19,-61.19,-65.66,-52.11,-49.53,-66.97,-50.05,-47.43,-57.03,-69.07,-58.67,-46.21,-58.96,-49.52,-58.54,2026-07-29 05:38:03+00:00
2026-07-29T05:39:04+00:00,-48.71,-65.86,-57.84,-61.22,-64.99,-52.23,-48.32,-58.35,-52.24,-47.32,-56.87,-66.96,-58.53,-46.48,-58.93,-49.70,-58.58,2026-07-29 05:39:04+00:00
2026-07-29T05:40:03+00:00,-49.05,-66.01,-58.67,-61.36,-66.59,-52.10,-48.54,-58.71,-52.15,-47.11,-56.66,-67.42,-58.67,-46.41,-58.91,-49.72,-58.45,2026-07-29 05:40:03+00:00
2026-07-29T05:41:03+00:00,-48.51,-65.42,-58.40,-61.39,-66.37,-52.15,-49.06,-58.83,-52.29,-47.12,-56.26,-67.31,-58.61,-46.52,-58.77,-49.53,-58.50,2026-07-29 05:41:03+00:00
2026-07-29T05:42:04+00:00,-48.49,-65.43,-70.07,-61.17,-66.50,-51.71,-48.92,-65.19,-52.06,-47.20,-54.31,-68.74,-58.59,-46.38,-58.39,-49.80,-58.47,2026-07-29 05:42:04+00:00
2026-07-29T05:43:04+00:00,-48.44,-65.52,-70.06,-61.33,-65.85,-52.10,-48.23,-65.77,-51.99,-47.17,-54.03,-68.67,-58.28,-46.39,-57.38,-49.34,-58.44,2026-07-29 05:43:04+00:00
2026-07-29T05:44:03+00:00,-48.58,-65.86,-70.13,-61.07,-66.38,-51.81,-48.90,-65.64,-51.76,-47.20,-54.17,-68.47,-58.43,-46.58,-57.34,-49.39,-58.45,2026-07-29 05:44:03+00:00
2026-07-29T05:45:04+00:00,-48.38,-66.33,-70.33,-61.32,-66.19,-51.88,-48.33,-65.09,-51.66,-47.09,-54.56,-68.46,-58.43,-46.71,-58.34,-49.10,-58.74,2026-07-29 05:45:04+00:00
2026-07-29T05:46:04+00:00,-48.23,-66.00,-66.46,-60.18,-66.90,-51.92,-48.47,-52.17,-49.82,-46.90,-54.76,-67.58,-58.10,-46.58,-58.98,-49.01,-57.72,2026-07-29 05:46:04+00:00
2026-07-29T05:47:03+00:00,-48.09,-65.16,-71.54,-61.59,-66.42,-51.90,-49.55,-66.34,-49.87,-46.91,-55.88,-69.39,-58.25,-46.56,-58.62,-48.82,-58.37,2026-07-29 05:47:03+00:00
2026-07-29T05:48:04+00:00,-49.74,-65.75,-71.26,-61.66,-65.26,-51.83,-48.85,-66.02,-50.27,-46.99,-55.89,-69.27,-58.40,-46.93,-59.06,-49.00,-58.30,2026-07-29 05:48:04+00:00
2026-07-29T05:49:04+00:00,-49.51,-58.36,-70.92,-61.84,-66.08,-51.90,-49.16,-66.28,-50.27,-46.97,-55.85,-69.26,-58.30,-46.72,-58.84,-48.64,-57.54,2026-07-29 05:49:04+00:00
2026-07-29T05:50:03+00:00,-50.25,-62.00,-70.97,-61.34,-66.30,-51.97,-49.92,-66.20,-50.36,-46.79,-55.92,-69.34,-58.40,-46.90,-59.50,-48.50,-57.09,2026-07-29 05:50:03+00:00
2026-07-29T05:51:03+00:00,-49.87,-61.99,-71.48,-61.66,-66.87,-51.69,-49.13,-66.32,-50.13,-46.76,-55.91,-68.89,-58.36,-46.98,-58.76,-48.31,-57.90,2026-07-29 05:51:03+00:00
2026-07-29T05:52:04+00:00,-50.41,-61.86,-67.19,-60.46,-65.63,-51.64,-48.41,-55.31,-51.09,-46.48,-55.43,-67.23,-58.16,-46.91,-58.85,-48.12,-58.71,2026-07-29 05:52:04+00:00
2026-07-29T05:53:04+00:00,-50.16,-64.65,-57.96,-61.59,-65.37,-51.73,-49.17,-58.82,-51.11,-46.65,-55.80,-66.84,-58.01,-47.02,-58.55,-47.85,-58.66,2026-07-29 05:53:04+00:00
2026-07-29T05:54:03+00:00,-51.00,-65.09,-59.26,-61.34,-66.43,-51.81,-48.62,-58.06,-50.89,-46.48,-56.01,-66.83,-58.01,-47.01,-58.82,-47.67,-58.63,2026-07-29 05:54:03+00:00
2026-07-29T05:55:04+00:00,-50.10,-64.03,-70.31,-61.36,-66.91,-51.82,-48.79,-63.85,-50.99,-46.44,-53.44,-66.76,-57.99,-46.99,-57.46,-47.44,-58.76,2026-07-29 05:55:04+00:00
2026-07-29T05:56:04+00:00,-50.45,-65.26,-70.19,-60.93,-65.52,-50.83,-48.84,-64.18,-51.02,-46.46,-53.70,-65.11,-58.08,-47.05,-56.70,-47.34,-58.89,2026-07-29 05:56:04+00:00
2026-07-29T05:57:03+00:00,-49.80,-64.74,-70.37,-61.16,-65.57,-50.70,-49.13,-63.76,-51.03,-46.47,-53.67,-65.09,-57.97,-47.19,-57.32,-47.26,-59.16,2026-07-29 05:57:03+00:00
2026-07-29T05:58:04+00:00,-50.33,-65.20,-69.38,-61.35,-66.95,-47.96,-48.27,-64.33,-51.01,-46.41,-53.73,-65.48,-57.97,-47.30,-57.10,-46.96,-59.12,2026-07-29 05:58:04+00:00
2026-07-29T05:59:04+00:00,-50.00,-64.27,-67.53,-61.00,-65.75,-48.16,-48.35,-58.49,-51.08,-46.42,-55.58,-65.44,-58.07,-47.27,-58.29,-46.79,-58.94,2026-07-29 05:59:04+00:00
2026-07-29T06:00:04+00:00,-50.60,-63.82,-68.44,-61.36,-66.06,-47.99,-47.94,-54.98,-50.94,-46.25,-55.66,-64.20,-57.94,-47.31,-59.25,-46.93,-53.73,2026-07-29 06:00:04+00:00
2026-07-29T06:01:04+00:00,-50.13,-64.34,-63.82,-60.03,-66.44,-48.23,-48.43,-52.55,-51.90,-46.31,-55.82,-66.72,-57.65,-47.09,-58.88,-46.93,-53.75,2026-07-29 06:01:04+00:00
2026-07-29T06:02:03+00:00,-49.34,-63.20,-61.05,-61.34,-66.64,-48.30,-48.39,-57.57,-54.10,-46.18,-55.26,-66.37,-56.30,-47.60,-58.95,-46.78,-53.61,2026-07-29 06:02:03+00:00
2026-07-29T06:03:03+00:00,-50.20,-64.83,-70.35,-61.71,-66.54,-48.17,-49.77,-65.63,-53.84,-46.35,-54.22,-66.92,-56.97,-65.44,-59.09,-46.79,-53.82,2026-07-29 06:03:03+00:00
2026-07-29T06:04:04+00:00,-50.31,-64.00,-70.37,-61.50,-66.48,-48.14,-48.96,-66.15,-53.87,-46.29,-55.63,-66.91,-57.98,-65.21,-58.81,-46.43,-54.73,2026-07-29 06:04:04+00:00
2026-07-29T06:05:03+00:00,-50.30,-63.81,-69.81,-61.30,-66.67,-48.17,-48.96,-65.91,-53.88,-46.38,-54.27,-66.91,-57.83,-65.01,-59.27,-46.53,-53.38,2026-07-29 06:05:03+00:00
2026-07-29T06:06:03+00:00,-50.16,-64.81,-70.33,-61.38,-65.36,-48.01,-48.81,-66.19,-53.98,-46.25,-55.79,-67.25,-57.86,-65.31,-59.01,-46.28,-52.21,2026-07-29 06:06:03+00:00
2026-07-29T06:07:04+00:00,-49.77,-64.48,-70.43,-61.28,-66.62,-48.19,-49.83,-65.94,-54.06,-46.29,-56.14,-67.69,-57.87,-65.16,-59.05,-46.50,-53.85,2026-07-29 06:07:04+00:00
2026-07-29T06:08:04+00:00,-51.56,-64.19,-70.65,-61.32,-67.16,-48.08,-49.33,-65.33,-54.20,-46.28,-56.09,-67.82,-57.94,-65.39,-58.54,-46.46,-53.94,2026-07-29 06:08:04+00:00
2026-07-29T06:09:03+00:00,-51.39,-63.57,-60.07,-61.08,-66.26,-48.18,-48.88,-57.49,-51.47,-46.23,-55.63,-66.80,-57.85,-64.82,-58.88,-46.31,-55.51,2026-07-29 06:09:03+00:00
2026-07-29T06:10:04+00:00,-51.26,-63.97,-57.36,-61.52,-66.43,-48.01,-49.15,-58.75,-51.48,-46.19,-54.90,-66.35,-57.75,-64.88,-58.56,-46.28,-55.44,2026-07-29 06:10:04+00:00
2026-07-29T06:11:04+00:00,-51.80,-63.33,-60.99,-61.17,-66.24,-48.00,-48.59,-57.55,-51.50,-46.28,-54.51,-66.56,-57.34,-64.52,-58.66,-46.18,-54.13,2026-07-29 06:11:04+00:00
2026-07-29T06:12:03+00:00,-49.48,-64.07,-69.97,-60.78,-66.02,-48.27,-48.82,-64.20,-51.51,-46.35,-55.29,-67.54,-57.63,-64.65,-56.92,-46.25,-53.99,2026-07-29 06:12:03+00:00
2026-07-29T06:13:03+00:00,-50.56,-64.49,-53.89,-60.85,-67.06,-48.07,-48.77,-61.19,-50.74,-46.25,-55.59,-61.26,-56.84,-64.63,-57.39,-46.18,-54.14,2026-07-29 06:13:03+00:00
2026-07-29T06:14:04+00:00,-50.33,-64.42,-69.72,-61.21,-66.63,-48.20,-48.53,-64.69,-51.50,-46.32,-54.24,-67.39,-57.76,-64.96,-58.14,-46.08,-54.16,2026-07-29 06:14:04+00:00
2026-07-29T06:15:03+00:00,-51.08,-64.16,-65.27,-60.82,-66.49,-48.26,-48.63,-64.20,-50.29,-46.36,-55.51,-66.59,-56.05,-65.08,-58.44,-45.91,-54.19,2026-07-29 06:15:03+00:00
2026-07-29T06:16:03+00:00,-50.72,-63.63,-68.45,-60.86,-65.65,-48.34,-48.80,-63.94,-51.44,-46.34,-55.26,-65.72,-52.77,-64.94,-58.22,-46.11,-55.68,2026-07-29 06:16:03+00:00
2026-07-29T06:17:04+00:00,-49.15,-64.26,-69.72,-60.98,-65.78,-48.24,-48.63,-63.43,-51.07,-46.31,-53.60,-67.19,-57.48,-64.73,-57.38,-45.85,-55.44,2026-07-29 06:17:04+00:00
2026-07-29T06:18:04+00:00,-47.94,-63.89,-69.54,-60.98,-66.64,-48.54,-47.99,-63.95,-50.98,-46.06,-54.14,-66.96,-56.01,-64.38,-58.37,-45.82,-53.68,2026-07-29 06:18:04+00:00
2026-07-29T06:19:03+00:00,-47.80,-64.39,-64.42,-60.28,-65.99,-48.31,-48.29,-61.94,-51.01,-46.07,-53.32,-67.26,-56.12,-63.30,-58.53,-45.74,-54.16,2026-07-29 06:19:03+00:00
2026-07-29T06:20:04+00:00,-47.27,-64.25,-63.16,-61.44,-65.98,-48.21,-48.58,-56.21,-51.07,-45.80,-52.06,-66.33,-55.98,-63.72,-58.46,-45.68,-54.26,2026-07-29 06:20:04+00:00
2026-07-29T06:21:04+00:00,-47.50,-64.23,-65.59,-61.20,-67.57,-48.44,-48.26,-64.08,-50.62,-45.68,-51.60,-66.73,-56.02,-64.47,-57.98,-45.93,-56.46,2026-07-29 06:21:04+00:00
2026-07-29T06:22:03+00:00,-47.73,-64.51,-70.26,-61.24,-65.94,-48.46,-49.13,-64.10,-49.88,-46.26,-51.98,-56.55,-56.33,-64.92,-57.43,-45.92,-53.57,2026-07-29 06:22:03+00:00
2026-07-29T06:23:03+00:00,-47.88,-61.04,-55.00,-61.24,-66.62,-48.39,-48.68,-62.08,-49.78,-46.28,-52.98,-61.76,-54.06,-64.85,-58.29,-46.05,-54.30,2026-07-29 06:23:03+00:00
2026-07-29T06:24:04+00:00,-47.43,-62.87,-68.95,-59.05,-65.79,-47.76,-48.94,-64.63,-51.53,-46.34,-53.03,-65.99,-56.62,-64.19,-58.05,-46.16,-59.86,2026-07-29 06:24:04+00:00
2026-07-29T06:25:03+00:00,-47.60,-63.89,-69.25,-61.45,-66.26,-47.53,-49.06,-64.33,-51.30,-46.24,-53.81,-67.74,-56.84,-63.76,-58.07,-46.16,-59.64,2026-07-29 06:25:03+00:00
2026-07-29T06:26:03+00:00,-47.35,-64.36,-67.25,-61.05,-65.63,-47.79,-48.68,-64.85,-51.28,-46.19,-53.62,-67.05,-56.70,-63.90,-58.42,-46.00,-59.35,2026-07-29 06:26:03+00:00
2026-07-29T06:27:04+00:00,-47.41,-63.52,-66.76,-61.35,-66.70,-47.68,-49.06,-64.08,-50.97,-46.13,-54.19,-67.34,-56.57,-63.87,-58.33,-46.24,-59.46,2026-07-29 06:27:04+00:00
2026-07-29T06:28:04+00:00,-47.43,-64.55,-66.82,-61.09,-65.72,-47.70,-48.97,-63.47,-51.05,-46.13,-54.36,-67.61,-56.34,-63.83,-58.67,-46.18,-59.69,2026-07-29 06:28:04+00:00
2026-07-29T06:29:03+00:00,-48.04,-63.93,-66.82,-61.15,-66.31,-47.99,-48.62,-63.57,-51.12,-46.16,-54.04,-67.37,-56.27,-63.59,-58.14,-45.99,-59.71,2026-07-29 06:29:03+00:00
2026-07-29T06:30:04+00:00,-47.63,-64.47,-66.57,-61.08,-65.93,-47.68,-48.57,-63.53,-51.03,-46.08,-54.13,-67.57,-56.45,-63.99,-58.20,-45.76,-59.53,2026-07-29 06:30:04+00:00
2026-07-29T06:31:04+00:00,-47.41,-64.42,-66.13,-61.08,-66.95,-47.58,-48.66,-62.86,-49.34,-46.06,-54.13,-67.23,-56.22,-64.26,-58.16,-45.89,-59.62,2026-07-29 06:31:04+00:00
2026-07-29T06:32:04+00:00,-49.01,-65.15,-66.30,-60.83,-65.80,-51.91,-48.42,-63.13,-49.72,-45.97,-53.82,-67.69,-56.14,-64.55,-58.01,-45.72,-59.72,2026-07-29 06:32:04+00:00
2026-07-29T06:33:03+00:00,-49.75,-64.11,-66.06,-60.87,-66.62,-51.61,-48.04,-62.80,-49.83,-45.90,-53.91,-67.79,-55.94,-64.44,-57.95,-45.70,-59.57,2026-07-29 06:33:03+00:00
2026-07-29T06:34:04+00:00,-49.56,-64.71,-65.80,-60.49,-66.59,-51.78,-48.60,-63.15,-49.65,-45.94,-53.97,-67.68,-56.40,-64.61,-57.98,-45.72,-59.74,2026-07-29 06:34:04+00:00
2026-07-29T06:35:04+00:00,-49.50,-64.53,-65.74,-60.25,-65.62,-51.84,-48.64,-62.86,-49.61,-45.97,-54.02,-67.82,-56.05,-64.73,-57.92,-45.55,-59.80,2026-07-29 06:35:04+00:00
2026-07-29T06:36:04+00:00,-49.37,-64.23,-69.84,-60.92,-66.21,-51.88,-49.09,-63.97,-50.18,-45.96,-53.58,-56.63,-53.26,-64.51,-57.77,-45.58,-58.62,2026-07-29 06:36:04+00:00
2026-07-29T06:37:04+00:00,-49.80,-63.89,-70.14,-61.17,-66.69,-51.93,-48.48,-63.53,-50.99,-45.78,-53.60,-58.29,-53.06,-64.55,-55.84,-45.32,-59.63,2026-07-29 06:37:04+00:00
2026-07-29T06:38:03+00:00,-50.29,-63.31,-70.23,-60.79,-66.59,-51.71,-48.46,-64.79,-50.90,-45.67,-53.32,-63.75,-50.46,-64.70,-57.91,-45.35,-59.32,2026-07-29 06:38:03+00:00
2026-07-29T06:39:04+00:00,-51.10,-63.63,-70.06,-61.15,-67.03,-52.00,-48.60,-64.54,-50.89,-45.73,-53.34,-63.17,-49.93,-64.99,-57.59,-45.26,-59.68,2026-07-29 06:39:04+00:00
2026-07-29T06:40:04+00:00,-51.00,-63.87,-69.93,-60.89,-66.75,-51.84,-48.63,-64.52,-50.94,-45.63,-53.92,-62.12,-48.42,-64.71,-58.15,-45.34,-56.46,2026-07-29 06:40:04+00:00
2026-07-29T06:41:03+00:00,-50.94,-64.48,-68.03,-60.81,-66.61,-51.83,-48.72,-64.59,-50.86,-45.81,-53.99,-67.88,-48.06,-64.09,-57.60,-45.13,-59.93,2026-07-29 06:41:03+00:00
2026-07-29T06:42:03+00:00,-50.89,-64.93,-51.73,-60.83,-65.65,-51.93,-48.00,-63.57,-50.63,-45.70,-54.20,-57.10,-47.43,-64.45,-57.99,-45.07,-59.28,2026-07-29 06:42:03+00:00
2026-07-29T06:43:04+00:00,-50.95,-64.90,-49.31,-59.46,-67.04,-51.87,-47.93,-63.29,-50.97,-45.62,-53.99,-57.26,-47.15,-63.71,-58.08,-44.90,-59.41,2026-07-29 06:43:04+00:00
2026-07-29T06:44:04+00:00,-50.56,-64.69,-49.33,-59.72,-65.96,-48.95,-47.41,-62.45,-51.06,-45.69,-54.13,-57.60,-47.03,-63.42,-57.89,-45.05,-59.31,2026-07-29 06:44:04+00:00
2026-07-29T06:45:03+00:00,-50.17,-65.08,-49.44,-60.14,-66.22,-48.78,-47.63,-62.45,-51.13,-45.74,-54.24,-58.14,-46.94,-62.83,-58.23,-44.76,-59.26,2026-07-29 06:45:03+00:00
2026-07-29T06:46:04+00:00,-50.25,-64.16,-49.82,-60.23,-66.94,-48.67,-47.82,-61.62,-53.53,-45.79,-54.31,-59.13,-46.88,-62.15,-57.87,-44.52,-59.44,2026-07-29 06:46:04+00:00
2026-07-29T06:47:04+00:00,-50.18,-64.51,-49.91,-60.47,-65.62,-48.80,-47.62,-62.09,-53.82,-45.70,-54.33,-59.55,-46.80,-62.16,-57.94,-44.60,-59.59,2026-07-29 06:47:04+00:00
2026-07-29T06:48:03+00:00,-50.07,-64.25,-49.91,-60.46,-66.37,-48.74,-47.88,-61.81,-53.51,-45.79,-54.49,-59.61,-46.91,-61.94,-57.82,-44.65,-59.79,2026-07-29 06:48:03+00:00
2026-07-29T06:49:04+00:00,-50.38,-64.12,-49.94,-60.31,-66.14,-48.78,-47.97,-61.96,-53.64,-46.02,-54.60,-59.54,-46.80,-62.14,-58.05,-44.65,-59.55,2026-07-29 06:49:04+00:00
2026-07-29T06:50:04+00:00,-50.32,-64.00,-50.15,-60.31,-66.21,-48.92,-47.70,-62.38,-53.61,-46.01,-54.45,-60.43,-46.87,-62.01,-57.68,-44.64,-59.80,2026-07-29 06:50:04+00:00
2026-07-29T06:51:03+00:00,-50.53,-64.47,-50.32,-60.69,-65.38,-48.94,-47.75,-62.11,-54.04,-45.82,-54.74,-60.98,-46.83,-61.76,-57.85,-44.69,-59.47,2026-07-29 06:51:03+00:00
2026-07-29T06:52:03+00:00,-50.09,-63.41,-50.25,-60.47,-65.98,-48.90,-47.72,-61.95,-53.92,-45.92,-54.77,-60.87,-46.86,-61.77,-57.98,-44.64,-59.51,2026-07-29 06:52:03+00:00
2026-07-29T06:53:04+00:00,-50.51,-62.15,-70.63,-60.89,-65.86,-49.32,-48.92,-65.12,-54.13,-45.89,-54.84,-68.80,-46.81,-64.81,-57.98,-44.60,-59.56,2026-07-29 06:53:04+00:00
2026-07-29T06:54:04+00:00,-50.41,-62.79,-70.54,-60.24,-66.10,-48.67,-48.85,-65.20,-51.79,-45.94,-55.04,-68.24,-46.78,-64.89,-57.73,-44.76,-60.57,2026-07-29 06:54:04+00:00
2026-07-29T06:55:03+00:00,-50.77,-63.48,-70.51,-60.62,-65.69,-48.47,-49.03,-64.50,-52.10,-45.93,-55.20,-68.65,-46.85,-64.92,-57.58,-44.81,-56.27,2026-07-29 06:55:03+00:00
2026-07-29T06:56:04+00:00,-51.04,-62.84,-69.84,-59.94,-66.16,-46.90,-49.15,-64.88,-51.94,-45.87,-55.32,-67.61,-46.86,-65.10,-57.54,-44.73,-60.24,2026-07-29 06:56:04+00:00
2026-07-29T06:57:04+00:00,-51.08,-61.39,-69.94,-60.42,-66.75,-46.75,-48.71,-64.65,-51.86,-45.84,-55.40,-68.08,-46.82,-64.84,-57.73,-44.93,-60.26,2026-07-29 06:57:04+00:00
2026-07-29T06:58:03+00:00,-51.10,-62.94,-70.24,-60.11,-66.80,-46.71,-49.03,-64.60,-51.95,-46.07,-55.55,-67.51,-46.79,-64.70,-57.41,-44.82,-57.29,2026-07-29 06:58:03+00:00
2026-07-29T06:59:03+00:00,-50.69,-63.57,-68.36,-60.21,-66.23,-46.42,-47.57,-56.69,-52.07,-45.42,-55.37,-63.96,-46.73,-64.83,-58.00,-45.07,-58.91,2026-07-29 06:59:03+00:00
2026-07-29T07:00:04+00:00,-49.99,-63.65,-57.25,-60.76,-66.54,-46.61,-48.24,-58.32,-52.47,-47.74,-55.52,-65.86,-46.84,-64.25,-57.72,-45.01,-59.29,2026-07-29 07:00:04+00:00
2026-07-29T07:01:04+00:00,-49.35,-63.39,-59.73,-60.32,-66.44,-46.52,-48.20,-57.54,-52.38,-58.38,-55.82,-66.65,-46.86,-64.45,-57.69,-45.10,-58.49,2026-07-29 07:01:04+00:00
2026-07-29T07:02:04+00:00,-48.46,-62.60,-60.39,-60.65,-65.83,-46.66,-47.67,-56.94,-51.40,-60.54,-54.39,-66.66,-49.81,-64.32,-58.12,-45.14,-59.04,2026-07-29 07:02:04+00:00
2026-07-29T07:03:04+00:00,-48.23,-63.04,-52.63,-60.28,-66.43,-46.47,-47.82,-60.82,-51.36,-61.87,-54.57,-63.13,-53.47,-63.22,-57.09,-44.93,-54.12,2026-07-29 07:03:04+00:00
2026-07-29T07:04:03+00:00,-48.72,-63.41,-66.14,-60.43,-66.21,-46.63,-47.99,-61.98,-51.39,-61.93,-54.82,-67.04,-53.42,-64.16,-57.44,-44.92,-59.62,2026-07-29 07:04:03+00:00
2026-07-29T07:05:04+00:00,-48.21,-62.69,-65.13,-60.18,-67.46,-46.58,-47.91,-62.25,-51.55,-62.40,-54.95,-66.84,-53.76,-64.57,-57.41,-44.86,-59.04,2026-07-29 07:05:04+00:00
2026-07-29T07:06:03+00:00,-48.23,-60.41,-64.04,-59.94,-66.56,-46.64,-47.95,-62.03,-50.87,-62.37,-55.26,-66.29,-55.22,-64.81,-57.83,-44.56,-58.97,2026-07-29 07:06:03+00:00
2026-07-29T07:07:04+00:00,-48.24,-61.90,-64.10,-59.97,-66.63,-46.16,-48.56,-62.16,-50.07,-62.10,-55.40,-66.97,-55.35,-64.66,-57.22,-44.49,-58.54,2026-07-29 07:07:04+00:00
2026-07-29T07:08:04+00:00,-48.29,-62.60,-63.93,-60.14,-66.35,-46.01,-47.83,-62.38,-49.92,-62.03,-55.77,-66.86,-56.20,-64.75,-57.46,-44.74,-57.33,2026-07-29 07:08:04+00:00
2026-07-29T07:09:03+00:00,-48.17,-63.02,-64.00,-60.07,-67.09,-46.02,-48.04,-62.20,-51.11,-62.23,-56.15,-66.84,-55.97,-64.59,-57.47,-44.81,-59.12,2026-07-29 07:09:03+00:00
2026-07-29T07:10:04+00:00,-48.13,-62.71,-64.12,-59.91,-66.66,-46.06,-47.68,-62.41,-51.12,-62.18,-56.13,-67.06,-58.07,-64.21,-57.40,-44.74,-59.17,2026-07-29 07:10:04+00:00
2026-07-29T07:11:04+00:00,-48.33,-62.96,-64.88,-59.87,-66.65,-46.02,-48.10,-62.19,-51.64,-62.73,-54.51,-66.99,-58.17,-64.06,-57.41,-44.79,-58.67,2026-07-29 07:11:04+00:00
2026-07-29T07:12:03+00:00,-48.18,-63.32,-64.79,-59.68,-66.37,-46.10,-48.16,-62.41,-51.40,-62.53,-56.18,-67.35,-58.07,-64.29,-56.99,-45.24,-58.50,2026-07-29 07:12:03+00:00
2026-07-29T07:13:03+00:00,-47.83,-63.58,-64.86,-59.87,-65.92,-46.12,-48.48,-62.42,-51.39,-62.83,-56.29,-66.94,-57.70,-64.16,-57.33,-45.20,-58.74,2026-07-29 07:13:03+00:00
2026-07-29T07:14:04+00:00,-48.23,-63.31,-64.77,-59.81,-66.16,-46.06,-48.05,-61.60,-51.56,-62.74,-56.53,-67.04,-57.60,-64.17,-57.19,-45.09,-59.35,2026-07-29 07:14:04+00:00
2026-07-29T07:15:03+00:00,-48.14,-63.81,-68.70,-60.40,-66.14,-45.75,-48.64,-61.68,-51.46,-62.68,-56.44,-67.42,-57.87,-63.36,-57.14,-45.31,-59.05,2026-07-29 07:15:03+00:00
2026-07-29T07:16:03+00:00,-48.41,-63.87,-70.00,-60.41,-66.31,-45.57,-48.84,-62.34,-49.96,-61.54,-56.30,-63.92,-57.73,-64.63,-56.86,-45.22,-59.12,2026-07-29 07:16:03+00:00
2026-07-29T07:17:04+00:00,-49.38,-63.76,-69.89,-60.55,-65.89,-45.87,-48.60,-62.51,-50.51,-62.32,-56.61,-65.25,-57.84,-64.98,-57.13,-45.25,-58.92,2026-07-29 07:17:04+00:00
2026-07-29T07:18:04+00:00,-49.77,-63.51,-69.91,-60.57,-66.08,-45.85,-48.80,-62.72,-50.51,-61.33,-56.46,-66.53,-57.80,-64.57,-57.30,-45.24,-59.25,2026-07-29 07:18:04+00:00
2026-07-29T07:19:03+00:00,-50.08,-63.48,-69.38,-60.18,-66.37,-45.78,-48.55,-61.96,-50.49,-62.69,-56.68,-66.86,-57.67,-64.36,-57.12,-45.30,-57.99,2026-07-29 07:19:03+00:00
2026-07-29T07:20:04+00:00,-50.16,-63.28,-69.18,-59.09,-65.65,-46.14,-48.43,-62.55,-50.56,-62.16,-56.81,-66.23,-57.53,-63.45,-57.26,-45.25,-58.35,2026-07-29 07:20:04+00:00
2026-07-29T07:21:04+00:00,-50.20,-62.70,-68.63,-60.15,-66.87,-46.14,-48.41,-62.44,-50.44,-62.65,-56.94,-66.66,-55.93,-64.13,-57.49,-45.33,-59.12,2026-07-29 07:21:04+00:00
2026-07-29T07:22:03+00:00,-50.37,-63.12,-64.34,-60.50,-66.06,-46.17,-47.96,-62.59,-50.87,-62.64,-56.86,-66.62,-56.83,-64.30,-57.10,-45.62,-58.14,2026-07-29 07:22:03+00:00
2026-07-29T07:23:03+00:00,-50.54,-62.78,-67.88,-60.35,-66.92,-46.24,-47.57,-59.22,-51.60,-60.83,-54.44,-67.45,-57.91,-63.87,-56.90,-45.68,-58.55,2026-07-29 07:23:03+00:00
2026-07-29T07:24:04+00:00,-50.90,-62.96,-68.35,-60.06,-66.32,-46.14,-47.76,-58.15,-51.91,-58.96,-56.86,-66.64,-57.69,-64.49,-57.36,-45.71,-59.69,2026-07-29 07:24:04+00:00
2026-07-29T07:25:04+00:00,-51.23,-63.70,-67.78,-60.32,-66.18,-46.32,-47.71,-51.00,-51.35,-57.46,-57.01,-66.46,-57.04,-63.75,-56.71,-45.64,-59.16,2026-07-29 07:25:04+00:00
2026-07-29T07:26:03+00:00,-50.47,-63.28,-62.10,-60.17,-65.69,-46.31,-47.88,-56.02,-51.52,-62.27,-57.03,-66.78,-57.58,-63.43,-56.99,-45.83,-58.33,2026-07-29 07:26:03+00:00
2026-07-29T07:27:04+00:00,-49.86,-63.86,-49.63,-59.39,-66.97,-46.09,-47.40,-61.91,-51.35,-62.46,-57.21,-57.03,-57.54,-63.34,-56.92,-45.83,-59.45,2026-07-29 07:27:04+00:00
2026-07-29T07:28:04+00:00,-50.27,-62.07,-56.48,-60.58,-65.45,-45.86,-48.17,-62.04,-49.75,-62.42,-57.45,-62.05,-54.12,-64.74,-55.71,-45.78,-59.26,2026-07-29 07:28:04+00:00
2026-07-29T07:29:03+00:00,-50.11,-61.48,-60.34,-60.80,-66.24,-46.07,-47.84,-62.47,-49.20,-62.47,-57.40,-63.95,-53.22,-64.78,-56.46,-46.10,-59.57,2026-07-29 07:29:03+00:00
2026-07-29T07:30:04+00:00,-50.27,-63.53,-62.35,-60.59,-65.64,-45.94,-48.09,-62.33,-51.86,-62.64,-57.77,-65.94,-55.19,-64.65,-56.71,-45.95,-59.71,2026-07-29 07:30:04+00:00
2026-07-29T07:31:03+00:00,-50.20,-62.61,-63.02,-60.26,-66.24,-46.02,-47.85,-62.37,-52.87,-62.41,-57.82,-66.48,-55.27,-64.91,-56.57,-46.01,-58.50,2026-07-29 07:31:03+00:00
2026-07-29T07:32:04+00:00,-50.65,-63.05,-63.59,-59.88,-65.92,-48.72,-48.14,-61.77,-53.26,-62.18,-57.83,-66.97,-55.63,-64.82,-57.14,-45.73,-59.22,2026-07-29 07:32:04+00:00
2026-07-29T07:33:04+00:00,-49.52,-60.39,-63.53,-60.07,-66.88,-48.68,-48.03,-62.17,-52.73,-62.07,-57.46,-66.97,-55.01,-64.71,-57.01,-45.63,-57.80,2026-07-29 07:33:04+00:00
2026-07-29T07:34:03+00:00,-49.59,-59.48,-63.46,-60.12,-65.83,-48.69,-48.19,-62.03,-52.72,-62.20,-57.94,-67.00,-55.17,-64.68,-57.10,-46.08,-57.22,2026-07-29 07:34:03+00:00
2026-07-29T07:35:04+00:00,-49.15,-59.42,-66.79,-60.42,-67.21,-48.83,-48.34,-61.87,-53.81,-62.23,-56.56,-67.91,-55.50,-63.86,-56.94,-46.11,-57.44,2026-07-29 07:35:04+00:00
2026-07-29T07:36:04+00:00,-49.89,-60.96,-70.19,-60.52,-66.55,-48.72,-48.48,-62.48,-54.36,-61.17,-57.83,-60.95,-55.26,-64.75,-57.02,-46.32,-57.32,2026-07-29 07:36:04+00:00
2026-07-29T07:37:03+00:00,-48.99,-59.78,-70.11,-60.67,-65.94,-48.77,-48.71,-62.62,-54.14,-61.09,-58.18,-62.25,-56.02,-64.75,-57.25,-46.15,-56.84,2026-07-29 07:37:03+00:00
2026-07-29T07:38:03+00:00,-50.20,-61.34,-67.70,-60.91,-66.10,-49.07,-48.93,-62.71,-50.74,-62.28,-58.40,-65.49,-55.59,-65.25,-56.67,-46.39,-57.69,2026-07-29 07:38:03+00:00
2026-07-29T07:39:04+00:00,-49.91,-60.54,-69.50,-60.42,-65.54,-48.95,-48.76,-62.29,-52.18,-62.69,-58.49,-67.24,-55.79,-64.66,-56.80,-46.88,-58.42,2026-07-29 07:39:04+00:00
2026-07-29T07:40:03+00:00,-50.30,-62.42,-59.84,-60.40,-66.16,-49.04,-48.47,-61.99,-51.72,-62.51,-58.95,-61.45,-55.14,-64.01,-56.88,-46.78,-56.58,2026-07-29 07:40:03+00:00
2026-07-29T07:41:03+00:00,-48.14,-60.85,-70.45,-60.45,-67.15,-49.21,-48.73,-63.80,-52.17,-63.25,-59.26,-68.79,-56.32,-65.42,-56.41,-46.91,-59.59,2026-07-29 07:41:03+00:00
2026-07-29T07:42:04+00:00,-49.61,-60.46,-70.29,-60.41,-66.52,-49.10,-48.88,-63.79,-52.14,-63.40,-59.46,-68.65,-56.14,-64.94,-56.88,-46.88,-58.14,2026-07-29 07:42:04+00:00
2026-07-29T07:43:04+00:00,-49.72,-60.22,-69.99,-60.22,-65.81,-49.08,-48.62,-63.63,-52.16,-63.63,-59.72,-68.61,-56.21,-65.08,-56.44,-47.05,-58.58,2026-07-29 07:43:04+00:00
2026-07-29T07:44:03+00:00,-49.46,-59.88,-69.99,-60.12,-66.82,-49.39,-48.81,-64.70,-52.13,-63.04,-59.60,-68.37,-56.05,-65.21,-57.21,-47.20,-58.46,2026-07-29 07:44:03+00:00
2026-07-29T07:45:03+00:00,-49.64,-60.88,-69.98,-60.34,-65.53,-49.23,-48.97,-64.81,-52.17,-62.96,-59.65,-68.17,-56.13,-64.92,-56.97,-47.16,-59.42,2026-07-29 07:45:03+00:00
2026-07-29T07:46:04+00:00,-49.99,-61.17,-69.96,-60.12,-66.24,-49.17,-48.84,-64.57,-52.26,-63.21,-56.56,-68.37,-56.03,-65.10,-56.73,-47.30,-59.46,2026-07-29 07:46:04+00:00
2026-07-29T07:47:03+00:00,-48.00,-61.37,-70.41,-60.32,-66.10,-49.18,-49.23,-64.42,-51.43,-63.34,-59.92,-68.40,-56.35,-64.78,-56.85,-47.42,-59.39,2026-07-29 07:47:03+00:00
2026-07-29T07:48:03+00:00,-47.86,-61.66,-70.29,-60.29,-65.29,-49.31,-49.00,-64.53,-51.90,-63.65,-59.88,-68.63,-56.17,-65.01,-56.66,-47.30,-58.60,2026-07-29 07:48:03+00:00
2026-07-29T07:49:04+00:00,-48.13,-59.63,-69.85,-60.29,-65.71,-49.12,-48.84,-64.24,-52.00,-63.18,-59.81,-68.79,-56.18,-64.76,-57.01,-47.45,-58.81,2026-07-29 07:49:04+00:00
2026-07-29T07:50:04+00:00,-47.91,-59.28,-69.41,-59.82,-66.35,-49.05,-48.84,-64.19,-52.46,-63.32,-59.71,-68.68,-56.23,-65.19,-56.63,-47.51,-58.88,2026-07-29 07:50:04+00:00
2026-07-29T07:51:03+00:00,-47.79,-59.54,-69.43,-59.97,-65.75,-48.93,-48.52,-64.20,-51.98,-63.44,-60.00,-68.10,-56.25,-64.66,-56.79,-47.34,-58.82,2026-07-29 07:51:03+00:00
2026-07-29T07:52:04+00:00,-47.24,-60.52,-67.88,-60.23,-66.14,-48.90,-47.41,-55.84,-50.59,-56.08,-59.13,-63.95,-56.10,-64.47,-56.98,-47.24,-58.06,2026-07-29 07:52:04+00:00
2026-07-29T07:53:04+00:00,-47.78,-60.81,-65.39,-58.98,-65.95,-48.83,-47.71,-52.27,-51.94,-61.47,-59.38,-67.72,-55.91,-55.97,-57.01,-47.34,-57.66,2026-07-29 07:53:04+00:00
2026-07-29T07:54:03+00:00,-47.23,-61.13,-56.82,-59.96,-66.63,-48.91,-48.13,-58.03,-52.18,-62.61,-59.47,-66.32,-56.00,-64.43,-56.51,-47.51,-57.79,2026-07-29 07:54:03+00:00
2026-07-29T07:55:03+00:00,-47.08,-61.39,-68.82,-60.13,-66.38,-48.81,-48.27,-62.15,-52.17,-61.66,-56.25,-67.83,-55.97,-64.25,-55.83,-47.45,-58.15,2026-07-29 07:55:03+00:00
2026-07-29T07:56:04+00:00,-47.47,-60.17,-68.74,-59.93,-66.19,-48.30,-47.92,-62.88,-51.94,-63.00,-54.98,-67.49,-55.98,-64.59,-56.38,-47.61,-59.22,2026-07-29 07:56:04+00:00
2026-07-29T07:57:04+00:00,-47.72,-60.35,-69.42,-60.26,-66.22,-48.18,-48.97,-63.44,-52.16,-63.15,-59.38,-67.48,-56.18,-64.68,-56.88,-47.57,-58.66,2026-07-29 07:57:04+00:00
2026-07-29T07:58:03+00:00,-48.08,-60.83,-69.89,-59.62,-66.91,-45.38,-48.82,-63.76,-52.11,-63.24,-59.25,-67.88,-56.15,-64.75,-56.85,-47.40,-58.73,2026-07-29 07:58:03+00:00
2026-07-29T07:59:04+00:00,-48.27,-60.50,-70.13,-59.97,-66.03,-45.30,-48.09,-63.73,-51.97,-63.24,-59.08,-67.26,-56.13,-65.04,-57.15,-47.99,-58.57,2026-07-29 07:59:04+00:00
2026-07-29T08:00:04+00:00,-48.06,-60.82,-69.93,-59.98,-66.36,-45.18,-48.78,-63.49,-50.09,-63.29,-58.98,-67.37,-56.09,-65.22,-56.67,-47.74,-58.75,2026-07-29 08:00:04+00:00
2026-07-29T08:01:04+00:00,-48.32,-60.46,-70.02,-59.33,-66.09,-45.41,-48.72,-63.29,-50.04,-63.59,-58.95,-66.41,-56.19,-64.63,-56.52,-47.75,-59.02,2026-07-29 08:01:04+00:00
2026-07-29T08:02:04+00:00,-49.44,-60.25,-67.61,-59.42,-67.26,-45.21,-47.94,-62.03,-50.35,-61.81,-55.84,-67.43,-56.01,-64.74,-56.32,-48.30,-59.22,2026-07-29 08:02:04+00:00
2026-07-29T08:03:03+00:00,-49.27,-60.56,-66.87,-57.92,-67.06,-45.33,-47.63,-49.39,-50.31,-60.29,-58.14,-67.38,-55.97,-59.86,-56.70,-48.16,-58.21,2026-07-29 08:03:03+00:00
2026-07-29T08:04:04+00:00,-49.24,-60.30,-60.78,-60.10,-66.45,-45.29,-47.99,-56.73,-50.65,-62.36,-56.44,-66.84,-56.00,-64.41,-56.49,-48.23,-59.31,2026-07-29 08:04:04+00:00
2026-07-29T08:05:04+00:00,-48.83,-60.52,-65.97,-59.61,-66.27,-45.36,-47.44,-60.07,-50.69,-61.42,-57.74,-67.42,-55.92,-63.39,-56.83,-48.39,-58.89,2026-07-29 08:05:04+00:00
2026-07-29T08:06:04+00:00,-48.38,-60.08,-69.32,-59.88,-66.40,-45.35,-47.85,-61.74,-50.91,-48.65,-57.74,-67.15,-56.03,-63.92,-56.40,-48.38,-58.63,2026-07-29 08:06:04+00:00
2026-07-29T08:07:03+00:00,-47.69,-60.19,-65.92,-60.39,-66.45,-45.44,-47.52,-61.45,-51.36,-47.37,-57.98,-67.18,-56.00,-63.79,-56.77,-48.57,-59.28,2026-07-29 08:07:03+00:00
2026-07-29T08:08:03+00:00,-47.97,-60.71,-65.15,-59.74,-66.22,-45.54,-48.00,-61.38,-51.30,-46.55,-58.03,-66.77,-55.78,-64.51,-56.98,-48.52,-59.65,2026-07-29 08:08:03+00:00
2026-07-29T08:09:04+00:00,-49.02,-59.28,-65.24,-60.05,-66.20,-45.57,-47.59,-61.46,-51.29,-45.90,-56.76,-66.73,-55.73,-64.47,-56.74,-48.54,-59.39,2026-07-29 08:09:04+00:00
2026-07-29T08:10:03+00:00,-49.71,-59.83,-65.28,-59.67,-66.63,-45.58,-48.49,-61.31,-51.40,-45.71,-57.87,-67.05,-55.89,-64.27,-56.91,-48.69,-57.85,2026-07-29 08:10:03+00:00
2026-07-29T08:11:03+00:00,-48.61,-60.54,-65.46,-60.05,-66.07,-45.34,-47.98,-61.46,-51.14,-45.67,-57.59,-67.23,-55.89,-64.49,-56.56,-48.70,-59.42,2026-07-29 08:11:03+00:00
2026-07-29T08:12:04+00:00,-48.29,-60.43,-65.29,-60.06,-66.31,-45.54,-48.21,-61.40,-51.13,-45.74,-57.54,-66.21,-55.86,-64.09,-57.03,-48.63,-58.86,2026-07-29 08:12:04+00:00
2026-07-29T08:13:04+00:00,-48.87,-60.22,-68.73,-60.69,-66.52,-45.34,-48.71,-62.03,-51.42,-45.78,-57.54,-67.38,-56.01,-63.90,-57.02,-48.88,-59.52,2026-07-29 08:13:04+00:00
2026-07-29T08:14:03+00:00,-48.01,-59.96,-68.46,-60.12,-66.31,-45.48,-47.96,-62.22,-51.32,-45.70,-57.55,-67.44,-56.01,-63.48,-56.33,-48.78,-58.22,2026-07-29 08:14:03+00:00
2026-07-29T08:15:03+00:00,-49.65,-59.28,-68.52,-60.33,-65.63,-45.18,-47.25,-51.14,-54.05,-45.66,-57.28,-67.41,-56.24,-63.67,-56.48,-48.76,-59.42,2026-07-29 08:15:03+00:00
2026-07-29T08:16:04+00:00,-48.38,-60.40,-69.05,-59.64,-66.81,-45.16,-47.70,-50.90,-54.06,-45.82,-57.30,-67.01,-55.75,-64.61,-56.66,-48.99,-59.40,2026-07-29 08:16:04+00:00
2026-07-29T08:17:03+00:00,-47.85,-60.30,-69.30,-60.31,-66.52,-45.16,-48.32,-50.83,-54.18,-45.92,-57.21,-55.70,-55.23,-64.62,-56.68,-48.87,-59.41,2026-07-29 08:17:03+00:00
2026-07-29T08:18:03+00:00,-47.83,-60.10,-69.08,-60.46,-67.20,-45.05,-47.90,-50.82,-54.11,-46.22,-56.99,-58.82,-54.48,-64.46,-56.52,-48.95,-59.14,2026-07-29 08:18:03+00:00
2026-07-29T08:19:04+00:00,-48.14,-59.45,-68.74,-58.96,-66.18,-45.09,-47.58,-50.87,-54.08,-46.07,-57.25,-66.96,-55.73,-64.42,-56.54,-48.86,-58.77,2026-07-29 08:19:04+00:00
2026-07-29T08:20:04+00:00,-47.96,-59.84,-67.66,-60.19,-64.17,-45.10,-47.74,-50.89,-53.83,-46.00,-57.26,-64.71,-52.82,-64.65,-56.94,-49.08,-58.82,2026-07-29 08:20:04+00:00
2026-07-29T08:21:03+00:00,-47.80,-59.95,-68.45,-60.35,-65.98,-45.21,-47.83,-50.86,-54.09,-45.99,-57.22,-67.31,-56.14,-63.38,-56.44,-48.99,-59.23,2026-07-29 08:21:03+00:00
2026-07-29T08:22:03+00:00,-48.12,-59.83,-68.33,-61.03,-66.67,-45.03,-47.94,-50.83,-54.24,-46.06,-57.17,-67.49,-56.11,-63.53,-55.88,-48.98,-58.97,2026-07-29 08:22:03+00:00
2026-07-29T08:23:04+00:00,-48.49,-59.53,-68.35,-60.37,-66.19,-45.18,-48.23,-50.83,-52.21,-45.92,-57.15,-67.37,-56.07,-63.53,-56.29,-49.17,-58.86,2026-07-29 08:23:04+00:00
2026-07-29T08:24:04+00:00,-47.96,-59.68,-68.31,-60.68,-66.67,-45.17,-47.71,-50.84,-52.32,-45.81,-57.16,-67.61,-55.96,-63.37,-56.76,-49.01,-58.77,2026-07-29 08:24:04+00:00
2026-07-29T08:25:03+00:00,-48.25,-59.80,-68.39,-60.10,-65.44,-45.23,-48.21,-50.93,-52.54,-45.73,-57.24,-67.54,-55.95,-63.54,-56.24,-48.96,-58.56,2026-07-29 08:25:03+00:00
2026-07-29T08:26:04+00:00,-48.03,-59.79,-68.44,-60.37,-66.06,-48.83,-47.55,-50.88,-52.38,-45.74,-57.40,-67.73,-55.96,-63.46,-56.62,-49.12,-58.76,2026-07-29 08:26:04+00:00
2026-07-29T08:27:04+00:00,-48.61,-59.38,-68.42,-60.46,-65.76,-48.48,-47.72,-50.89,-52.25,-45.65,-57.24,-66.58,-55.97,-63.65,-56.33,-49.34,-58.52,2026-07-29 08:27:04+00:00
2026-07-29T08:28:03+00:00,-48.40,-59.77,-68.68,-60.42,-66.42,-48.60,-47.98,-50.87,-52.39,-45.62,-57.21,-66.49,-56.22,-63.60,-56.46,-49.20,-58.34,2026-07-29 08:28:03+00:00
2026-07-29T08:29:03+00:00,-49.02,-59.54,-68.51,-60.57,-65.54,-48.75,-47.90,-50.93,-52.42,-45.71,-57.23,-66.74,-56.24,-63.64,-56.59,-49.23,-58.32,2026-07-29 08:29:03+00:00
2026-07-29T08:30:04+00:00,-48.39,-59.51,-68.55,-60.39,-65.97,-48.81,-47.94,-51.19,-52.50,-45.58,-53.31,-66.72,-56.29,-63.50,-56.44,-51.67,-58.79,2026-07-29 08:30:04+00:00
2026-07-29T08:31:04+00:00,-48.76,-58.29,-69.31,-60.53,-66.24,-48.44,-48.27,-51.05,-52.40,-45.65,-53.26,-54.31,-55.66,-64.33,-56.54,-49.32,-58.52,2026-07-29 08:31:04+00:00
2026-07-29T08:32:04+00:00,-46.79,-59.45,-69.47,-60.35,-67.14,-48.59,-47.73,-51.14,-51.79,-45.52,-53.09,-54.22,-55.73,-64.37,-56.28,-49.47,-59.02,2026-07-29 08:32:04+00:00
2026-07-29T08:33:03+00:00,-47.36,-58.68,-69.58,-60.49,-66.28,-48.78,-48.30,-51.02,-51.99,-45.68,-52.56,-54.23,-55.76,-64.30,-56.55,-49.68,-58.91,2026-07-29 08:33:03+00:00
2026-07-29T08:34:03+00:00,-46.70,-59.63,-69.39,-60.73,-66.11,-48.73,-47.81,-51.14,-52.07,-45.28,-53.12,-54.20,-55.83,-64.09,-56.53,-49.70,-58.70,2026-07-29 08:34:03+00:00
2026-07-29T08:35:04+00:00,-47.23,-58.97,-69.26,-60.48,-67.12,-48.65,-47.96,-51.06,-52.67,-45.10,-52.82,-55.27,-55.64,-64.78,-56.36,-49.57,-58.88,2026-07-29 08:35:04+00:00
2026-07-29T08:36:04+00:00,-47.23,-58.66,-68.78,-60.47,-65.95,-48.64,-48.02,-51.04,-51.49,-45.40,-52.47,-67.70,-56.27,-63.09,-56.48,-49.52,-55.54,2026-07-29 08:36:04+00:00
2026-07-29T08:37:04+00:00,-46.70,-60.07,-68.46,-60.37,-66.15,-48.58,-48.15,-51.05,-51.24,-45.54,-52.23,-67.73,-56.21,-62.30,-56.31,-49.75,-58.56,2026-07-29 08:37:04+00:00
2026-07-29T08:38:03+00:00,-46.47,-60.28,-68.29,-61.11,-66.19,-48.66,-48.09,-51.08,-52.55,-45.40,-52.15,-67.66,-56.25,-63.21,-56.12,-49.93,-58.90,2026-07-29 08:38:03+00:00
2026-07-29T08:39:04+00:00,-47.63,-58.95,-68.65,-60.45,-67.03,-48.86,-47.68,-51.04,-52.52,-45.24,-52.08,-67.77,-56.17,-63.45,-56.23,-50.04,-58.50,2026-07-29 08:39:04+00:00
2026-07-29T08:40:04+00:00,-46.46,-58.89,-68.44,-60.45,-66.41,-48.75,-48.18,-51.13,-52.65,-45.51,-55.18,-68.00,-56.02,-64.19,-56.07,-49.96,-58.50,2026-07-29 08:40:04+00:00
2026-07-29T08:41:03+00:00,-46.46,-59.87,-68.48,-59.96,-66.87,-48.70,-48.09,-51.04,-52.33,-45.75,-55.96,-67.91,-56.11,-64.09,-55.93,-49.68,-58.23,2026-07-29 08:41:03+00:00
2026-07-29T08:42:04+00:00,-46.20,-58.63,-68.57,-60.53,-66.86,-48.68,-48.22,-51.06,-52.33,-45.79,-56.68,-67.92,-56.02,-64.07,-55.92,-49.80,-58.24,2026-07-29 08:42:04+00:00
2026-07-29T08:43:04+00:00,-46.49,-59.29,-68.68,-60.07,-65.91,-48.79,-47.70,-51.05,-52.26,-45.92,-56.72,-67.80,-56.06,-64.30,-56.07,-50.06,-58.73,2026-07-29 08:43:04+00:00
2026-07-29T08:44:03+00:00,-47.01,-59.48,-68.53,-60.34,-65.60,-48.70,-48.19,-51.03,-52.33,-45.84,-56.43,-67.80,-55.88,-64.20,-55.99,-50.08,-57.88,2026-07-29 08:44:03+00:00
2026-07-29T08:45:03+00:00,-47.47,-58.18,-68.19,-60.33,-65.72,-48.69,-48.04,-51.03,-50.35,-45.76,-55.27,-67.77,-55.77,-64.19,-56.07,-50.00,-58.12,2026-07-29 08:45:03+00:00
2026-07-29T08:46:04+00:00,-47.38,-59.50,-68.36,-60.40,-66.11,-48.68,-47.90,-51.01,-50.26,-45.63,-56.58,-67.98,-55.95,-64.25,-56.15,-49.87,-58.28,2026-07-29 08:46:04+00:00
2026-07-29T08:47:04+00:00,-48.64,-59.37,-68.49,-60.42,-66.19,-48.67,-48.04,-50.93,-50.59,-45.51,-56.47,-68.06,-55.79,-64.12,-56.40,-49.84,-58.08,2026-07-29 08:47:04+00:00
2026-07-29T08:48:03+00:00,-49.12,-59.17,-68.18,-59.95,-66.78,-48.72,-48.08,-50.98,-51.00,-45.51,-56.49,-67.83,-55.95,-64.16,-56.05,-49.63,-57.13,2026-07-29 08:48:03+00:00
2026-07-29T08:49:04+00:00,-49.04,-59.03,-67.70,-60.50,-65.82,-48.72,-48.18,-50.98,-51.06,-45.51,-56.64,-66.23,-54.07,-64.53,-56.24,-49.71,-58.04,2026-07-29 08:49:04+00:00
2026-07-29T08:50:04+00:00,-49.05,-59.29,-67.64,-60.02,-66.25,-48.70,-48.32,-51.01,-51.12,-45.46,-56.55,-66.43,-54.05,-64.43,-56.30,-49.71,-58.62,2026-07-29 08:50:04+00:00
2026-07-29T08:51:03+00:00,-48.78,-59.28,-68.11,-60.23,-65.87,-47.96,-48.22,-51.15,-51.73,-45.42,-56.36,-65.71,-53.26,-65.07,-56.62,-49.69,-58.28,2026-07-29 08:51:03+00:00
2026-07-29T08:52:03+00:00,-48.73,-59.89,-67.91,-60.11,-66.39,-47.89,-48.28,-51.14,-51.79,-45.44,-54.70,-65.65,-53.43,-64.91,-56.32,-49.62,-58.73,2026-07-29 08:52:03+00:00
2026-07-29T08:53:04+00:00,-48.46,-60.49,-68.07,-60.23,-65.89,-45.04,-48.19,-51.14,-51.73,-45.34,-56.30,-65.62,-53.17,-64.60,-56.38,-49.58,-57.83,2026-07-29 08:53:04+00:00
2026-07-29T08:54:04+00:00,-49.08,-59.23,-68.18,-60.46,-66.92,-45.10,-48.04,-51.09,-51.98,-45.38,-56.33,-67.39,-55.93,-63.74,-56.00,-49.26,-58.22,2026-07-29 08:54:04+00:00
2026-07-29T08:55:03+00:00,-47.90,-59.97,-67.91,-59.99,-65.42,-45.05,-48.11,-51.15,-51.75,-45.28,-56.15,-65.88,-53.57,-64.78,-56.55,-49.35,-58.32,2026-07-29 08:55:03+00:00
2026-07-29T08:56:03+00:00,-48.75,-58.97,-68.39,-60.19,-66.47,-45.07,-48.43,-51.15,-51.93,-45.12,-56.15,-66.25,-54.51,-63.74,-56.37,-48.97,-58.39,2026-07-29 08:56:03+00:00
2026-07-29T08:57:04+00:00,-47.88,-59.02,-68.51,-60.32,-65.83,-45.00,-48.35,-51.21,-52.06,-45.39,-56.30,-67.06,-55.89,-61.45,-56.23,-48.89,-58.51,2026-07-29 08:57:04+00:00
2026-07-29T08:58:04+00:00,-47.07,-59.66,-69.78,-59.80,-66.42,-45.23,-48.51,-51.27,-52.25,-45.27,-56.25,-67.65,-56.00,-64.83,-55.98,-48.99,-59.05,2026-07-29 08:58:04+00:00
2026-07-29T08:59:03+00:00,-47.44,-60.66,-69.69,-59.57,-66.76,-45.31,-48.63,-51.33,-51.73,-45.39,-56.28,-67.96,-55.92,-65.21,-56.28,-48.89,-59.11,2026-07-29 08:59:03+00:00
2026-07-29T09:00:03+00:00,-47.11,-60.19,-69.60,-60.21,-66.64,-45.14,-48.04,-51.30,-54.27,-45.40,-56.36,-67.88,-55.93,-65.30,-56.04,-48.84,-58.66,2026-07-29 09:00:03+00:00
2026-07-29T09:01:03+00:00,-47.12,-61.71,-69.65,-60.26,-66.57,-44.99,-48.59,-51.36,-54.21,-45.43,-56.47,-67.86,-56.14,-65.41,-56.11,-48.78,-54.99,2026-07-29 09:01:03+00:00
2026-07-29T09:02:04+00:00,-47.26,-60.77,-69.53,-60.46,-66.46,-45.20,-48.86,-51.36,-54.07,-45.43,-56.12,-68.12,-56.18,-65.09,-56.39,-48.73,-58.69,2026-07-29 09:02:04+00:00
2026-07-29T09:03:04+00:00,-47.01,-60.43,-69.58,-60.26,-65.85,-45.31,-48.44,-51.37,-54.37,-45.54,-56.08,-67.85,-55.89,-65.20,-55.97,-49.38,-58.41,2026-07-29 09:03:04+00:00
2026-07-29T09:04:03+00:00,-47.34,-60.74,-69.60,-59.88,-66.27,-45.53,-48.65,-51.39,-54.07,-45.54,-56.23,-67.87,-56.03,-65.24,-55.74,-49.18,-57.57,2026-07-29 09:04:03+00:00
2026-07-29T09:05:03+00:00,-47.16,-60.23,-69.51,-60.05,-65.59,-45.40,-49.03,-51.40,-54.20,-45.41,-56.13,-67.70,-55.90,-65.38,-56.19,-49.20,-57.97,2026-07-29 09:05:03+00:00
2026-07-29T09:06:03+00:00,-47.53,-59.68,-65.62,-60.04,-66.08,-45.14,-47.61,-48.85,-54.21,-45.50,-55.75,-66.01,-55.94,-61.04,-55.98,-49.06,-57.75,2026-07-29 09:06:03+00:00
2026-07-29T09:07:04+00:00,-47.65,-59.83,-66.77,-60.26,-65.79,-45.30,-47.21,-48.45,-53.97,-45.29,-55.68,-66.22,-55.54,-63.70,-55.93,-48.78,-58.05,2026-07-29 09:07:04+00:00
2026-07-29T09:08:04+00:00,-47.49,-60.14,-65.45,-59.52,-65.70,-45.32,-47.77,-48.68,-52.75,-45.50,-55.88,-67.16,-55.87,-54.14,-56.15,-48.96,-57.92,2026-07-29 09:08:04+00:00
2026-07-29T09:09:03+00:00,-47.73,-59.81,-68.32,-59.85,-66.52,-45.15,-48.05,-50.81,-52.83,-45.41,-55.53,-67.25,-59.88,-64.51,-55.95,-48.97,-58.10,2026-07-29 09:09:03+00:00
2026-07-29T09:10:04+00:00,-47.66,-60.24,-68.57,-59.88,-66.43,-45.61,-48.06,-50.89,-52.83,-45.48,-52.73,-66.81,-57.42,-64.88,-55.59,-49.64,-58.28,2026-07-29 09:10:04+00:00
2026-07-29T09:11:04+00:00,-47.80,-61.33,-69.39,-60.57,-66.20,-45.40,-48.70,-50.98,-52.75,-45.63,-56.12,-67.91,-55.91,-64.97,-56.63,-49.66,-58.86,2026-07-29 09:11:04+00:00
2026-07-29T09:12:03+00:00,-49.44,-61.06,-69.90,-60.05,-66.69,-45.36,-48.34,-50.94,-52.87,-45.66,-56.10,-67.93,-55.85,-65.05,-55.88,-49.65,-58.74,2026-07-29 09:12:03+00:00
2026-07-29T09:13:03+00:00,-49.81,-60.68,-69.85,-60.16,-66.46,-45.56,-48.50,-50.96,-53.01,-45.78,-55.99,-68.01,-55.90,-65.12,-55.97,-49.83,-58.27,2026-07-29 09:13:03+00:00
2026-07-29T09:14:04+00:00,-49.18,-61.53,-69.58,-60.05,-66.78,-45.58,-48.37,-50.97,-53.15,-45.79,-55.89,-67.75,-55.98,-65.11,-56.60,-49.63,-58.12,2026-07-29 09:14:04+00:00
2026-07-29T09:15:03+00:00,-49.50,-60.96,-69.91,-60.54,-66.50,-45.43,-48.43,-50.94,-53.72,-45.79,-56.07,-68.13,-55.79,-65.04,-56.46,-49.53,-58.57,2026-07-29 09:15:03+00:00
2026-07-29T09:16:03+00:00,-49.70,-58.96,-69.94,-60.45,-66.44,-45.32,-48.38,-51.00,-52.87,-45.62,-55.98,-67.88,-55.96,-65.19,-56.61,-49.70,-58.48,2026-07-29 09:16:03+00:00
2026-07-29T09:17:04+00:00,-47.89,-59.19,-67.82,-60.22,-66.80,-45.26,-47.71,-50.25,-52.75,-45.31,-55.48,-65.06,-55.73,-64.92,-56.47,-49.66,-58.12,2026-07-29 09:17:04+00:00
2026-07-29T09:18:04+00:00,-47.66,-59.52,-66.40,-56.18,-66.28,-45.40,-47.58,-47.72,-52.64,-45.61,-55.72,-67.51,-55.79,-58.96,-56.38,-49.51,-58.39,2026-07-29 09:18:04+00:00
2026-07-29T09:19:03+00:00,-47.45,-58.88,-67.83,-60.03,-65.72,-45.39,-47.55,-50.10,-52.74,-45.34,-55.71,-64.59,-55.80,-64.75,-55.80,-49.48,-57.80,2026-07-29 09:19:03+00:00
2026-07-29T09:20:03+00:00,-47.17,-60.07,-68.37,-59.78,-65.71,-48.91,-48.43,-50.99,-52.39,-45.47,-55.15,-67.64,-55.83,-65.07,-56.10,-49.46,-57.66,2026-07-29 09:20:03+00:00
2026-07-29T09:21:04+00:00,-47.43,-60.39,-64.12,-60.20,-66.23,-48.50,-47.59,-49.63,-51.45,-45.93,-55.83,-66.91,-55.80,-61.83,-56.34,-49.10,-57.87,2026-07-29 09:21:04+00:00
2026-07-29T09:22:03+00:00,-47.52,-60.06,-56.48,-60.31,-66.06,-48.83,-47.91,-50.50,-51.93,-45.81,-55.97,-66.11,-55.92,-64.61,-56.19,-49.29,-57.28,2026-07-29 09:22:03+00:00
2026-07-29T09:23:03+00:00,-47.24,-59.36,-57.83,-60.34,-66.08,-49.07,-48.17,-50.48,-53.28,-45.85,-55.94,-66.55,-55.82,-64.74,-56.39,-49.41,-58.09,2026-07-29 09:23:03+00:00
2026-07-29T09:24:04+00:00,-47.19,-59.43,-53.76,-60.17,-65.68,-48.74,-47.51,-50.87,-50.41,-45.89,-55.79,-59.64,-54.67,-64.67,-55.20,-49.22,-57.99,2026-07-29 09:24:04+00:00
2026-07-29T09:25:04+00:00,-47.18,-58.97,-68.54,-60.41,-66.14,-48.86,-47.88,-50.95,-51.61,-45.78,-55.71,-67.67,-55.98,-64.07,-55.84,-49.31,-57.94,2026-07-29 09:25:04+00:00
2026-07-29T09:26:03+00:00,-47.36,-59.53,-55.94,-59.95,-65.55,-48.94,-47.33,-49.85,-51.24,-45.73,-55.16,-62.79,-55.80,-62.00,-55.87,-49.58,-57.84,2026-07-29 09:26:03+00:00
2026-07-29T09:27:03+00:00,-47.23,-56.83,-69.09,-59.72,-65.57,-48.86,-47.41,-50.98,-51.63,-45.81,-55.36,-68.08,-55.89,-64.40,-55.46,-49.36,-57.07,2026-07-29 09:27:03+00:00
2026-07-29T09:28:04+00:00,-47.10,-57.62,-66.76,-59.27,-66.49,-48.78,-47.12,-50.93,-51.45,-45.96,-54.48,-67.61,-56.00,-64.78,-56.04,-49.37,-58.11,2026-07-29 09:28:04+00:00
2026-07-29T09:29:03+00:00,-47.37,-57.59,-67.90,-60.60,-65.81,-48.95,-46.96,-50.40,-51.60,-45.73,-55.46,-65.04,-55.85,-64.83,-56.38,-49.40,-58.22,2026-07-29 09:29:03+00:00
2026-07-29T09:30:03+00:00,-47.23,-58.07,-65.30,-59.92,-65.99,-48.83,-47.10,-49.03,-51.64,-45.76,-55.77,-67.83,-55.76,-56.01,-56.05,-49.49,-58.34,2026-07-29 09:30:03+00:00
2026-07-29T09:31:03+00:00,-46.82,-58.95,-66.25,-57.44,-65.67,-48.73,-47.59,-48.13,-51.72,-45.93,-55.76,-67.65,-55.77,-57.55,-56.11,-49.49,-58.55,2026-07-29 09:31:03+00:00
2026-07-29T09:32:03+00:00,-48.35,-58.07,-61.37,-60.32,-66.44,-48.72,-47.36,-50.19,-51.94,-45.81,-55.67,-67.02,-56.01,-63.96,-56.11,-49.66,-58.40,2026-07-29 09:32:03+00:00
2026-07-29T09:33:03+00:00,-47.89,-58.45,-50.61,-60.20,-65.70,-48.60,-47.07,-50.81,-51.88,-45.62,-55.59,-62.40,-56.01,-62.79,-56.33,-49.69,-57.85,2026-07-29 09:33:03+00:00
2026-07-29T09:34:04+00:00,-48.46,-58.19,-53.87,-60.24,-65.47,-48.69,-47.57,-50.91,-50.68,-45.65,-55.45,-59.85,-55.16,-64.54,-51.33,-49.81,-58.76,2026-07-29 09:34:04+00:00
2026-07-29T09:35:04+00:00,-48.36,-59.06,-54.10,-60.24,-66.52,-48.60,-47.36,-50.92,-50.74,-45.66,-55.45,-59.88,-55.04,-64.89,-51.61,-49.92,-55.20,2026-07-29 09:35:04+00:00
2026-07-29T09:36:04+00:00,-48.81,-59.63,-55.40,-60.47,-66.08,-48.73,-47.35,-50.95,-50.87,-45.91,-55.54,-60.08,-55.49,-64.87,-52.65,-49.81,-58.21,2026-07-29 09:36:04+00:00
2026-07-29T09:37:04+00:00,-47.30,-59.07,-52.71,-59.49,-66.37,-48.69,-47.29,-50.95,-51.75,-45.89,-55.61,-58.49,-55.69,-64.84,-55.06,-49.90,-58.01,2026-07-29 09:37:04+00:00
2026-07-29T09:38:03+00:00,-47.55,-59.46,-60.19,-60.19,-66.44,-48.84,-47.64,-50.93,-49.69,-45.88,-55.65,-64.44,-54.17,-64.99,-56.10,-49.98,-58.13,2026-07-29 09:38:03+00:00
2026-07-29T09:39:03+00:00,-47.20,-60.07,-53.22,-59.96,-66.40,-48.82,-47.57,-50.98,-51.69,-45.92,-55.52,-59.08,-55.59,-64.71,-54.08,-50.16,-58.28,2026-07-29 09:39:03+00:00
2026-07-29T09:40:04+00:00,-47.11,-59.30,-52.09,-60.00,-66.42,-48.77,-47.07,-50.96,-51.84,-45.82,-55.41,-58.07,-55.75,-64.53,-55.35,-50.16,-58.10,2026-07-29 09:40:04+00:00
2026-07-29T09:41:03+00:00,-47.43,-59.31,-53.77,-60.23,-66.88,-48.87,-47.42,-50.99,-51.22,-45.76,-55.27,-59.50,-55.52,-64.53,-52.75,-50.33,-58.28,2026-07-29 09:41:03+00:00
2026-07-29T09:42:03+00:00,-47.01,-60.35,-57.43,-60.24,-66.41,-48.81,-47.64,-50.97,-49.87,-45.91,-55.17,-62.07,-54.59,-64.70,-55.30,-50.25,-58.22,2026-07-29 09:42:03+00:00
2026-07-29T09:43:04+00:00,-47.37,-59.58,-61.04,-60.42,-66.38,-49.00,-47.16,-51.03,-50.36,-45.73,-54.90,-65.24,-54.96,-65.13,-55.42,-50.53,-58.40,2026-07-29 09:43:04+00:00
2026-07-29T09:44:04+00:00,-47.64,-59.99,-62.84,-60.33,-65.15,-48.02,-47.52,-51.00,-51.54,-45.93,-55.45,-66.28,-55.44,-64.64,-55.76,-49.86,-58.06,2026-07-29 09:44:04+00:00
2026-07-29T09:45:03+00:00,-47.84,-58.83,-63.53,-60.32,-66.63,-47.95,-47.38,-51.30,-51.80,-45.86,-55.51,-66.46,-55.67,-64.58,-55.64,-50.04,-57.97,2026-07-29 09:45:03+00:00
2026-07-29T09:46:03+00:00,-47.51,-59.23,-63.82,-59.54,-66.73,-47.45,-47.52,-51.29,-52.00,-46.01,-55.56,-66.56,-55.98,-64.69,-55.42,-50.51,-58.51,2026-07-29 09:46:03+00:00
2026-07-29T09:47:04+00:00,-47.63,-59.32,-63.80,-59.17,-66.13,-45.07,-47.59,-51.31,-52.13,-45.96,-55.55,-66.39,-55.95,-64.67,-55.73,-50.47,-58.59,2026-07-29 09:47:04+00:00
2026-07-29T09:48:03+00:00,-47.24,-59.42,-64.31,-59.23,-65.76,-45.12,-47.52,-51.36,-52.27,-45.94,-55.49,-66.53,-56.01,-64.56,-55.57,-50.79,-57.98,2026-07-29 09:48:03+00:00
2026-07-29T09:49:03+00:00,-48.68,-59.31,-64.99,-59.75,-65.46,-44.96,-47.84,-51.30,-52.40,-45.90,-55.42,-66.55,-56.00,-63.96,-55.21,-51.09,-58.38,2026-07-29 09:49:03+00:00
2026-07-29T09:50:04+00:00,-48.75,-59.81,-67.70,-60.47,-66.33,-45.17,-47.58,-51.37,-53.54,-45.73,-55.48,-66.95,-56.23,-64.27,-54.79,-51.13,-58.19,2026-07-29 09:50:04+00:00
2026-07-29T09:51:04+00:00,-48.73,-59.89,-67.79,-60.55,-65.81,-45.25,-47.66,-51.39,-53.32,-45.95,-55.21,-66.94,-56.32,-64.38,-54.58,-51.50,-53.99,2026-07-29 09:51:04+00:00
2026-07-29T09:52:03+00:00,-48.66,-58.84,-67.32,-59.85,-66.07,-45.25,-47.33,-51.37,-53.14,-45.76,-55.50,-67.02,-56.36,-64.49,-55.67,-51.54,-52.51,2026-07-29 09:52:03+00:00
2026-07-29T09:53:03+00:00,-48.90,-59.20,-65.42,-60.12,-65.86,-45.12,-47.56,-51.19,-51.58,-45.52,-55.05,-66.79,-56.14,-63.74,-55.21,-51.70,-53.51,2026-07-29 09:53:03+00:00
2026-07-29T09:54:04+00:00,-48.76,-58.99,-66.00,-60.24,-66.73,-45.07,-47.29,-51.20,-51.65,-45.52,-52.38,-66.89,-56.05,-63.54,-55.58,-52.35,-53.57,2026-07-29 09:54:04+00:00
2026-07-29T09:55:04+00:00,-48.22,-59.02,-62.67,-59.72,-66.05,-45.04,-47.73,-51.06,-50.87,-45.48,-52.38,-66.14,-55.53,-64.22,-54.96,-51.94,-52.96,2026-07-29 09:55:04+00:00
2026-07-29T09:56:03+00:00,-48.41,-58.03,-62.65,-59.61,-66.94,-45.16,-47.41,-51.37,-50.74,-45.60,-53.32,-65.96,-55.32,-64.54,-55.60,-51.95,-53.60,2026-07-29 09:56:03+00:00
2026-07-29T09:57:04+00:00,-48.26,-57.85,-63.82,-59.63,-66.07,-44.91,-47.59,-51.36,-51.50,-45.72,-52.37,-66.26,-55.67,-64.53,-55.76,-52.08,-53.62,2026-07-29 09:57:04+00:00
2026-07-29T09:58:04+00:00,-48.15,-58.11,-63.92,-59.22,-65.77,-45.26,-47.30,-51.35,-51.27,-45.72,-52.51,-66.45,-55.75,-64.18,-55.44,-52.09,-53.02,2026-07-29 09:58:04+00:00
2026-07-29T09:59:03+00:00,-47.69,-58.62,-64.24,-59.20,-66.50,-45.00,-47.16,-51.27,-51.23,-45.71,-51.34,-66.46,-55.76,-64.50,-54.93,-52.86,-53.80,2026-07-29 09:59:03+00:00
2026-07-29T10:00:03+00:00,-47.85,-58.22,-64.11,-59.83,-66.12,-45.26,-47.62,-51.31,-51.22,-45.59,-50.94,-66.46,-55.65,-64.50,-55.35,-52.82,-53.80,2026-07-29 10:00:03+00:00
2026-07-29T10:01:03+00:00,-47.73,-58.36,-66.15,-59.99,-65.86,-45.20,-47.93,-51.41,-51.12,-45.63,-50.20,-66.41,-55.77,-63.29,-55.76,-53.41,-53.83,2026-07-29 10:01:03+00:00
2026-07-29T10:02:04+00:00,-47.87,-58.64,-66.22,-60.04,-66.32,-45.29,-47.66,-51.34,-51.07,-45.23,-50.51,-66.65,-55.87,-63.15,-55.51,-53.47,-53.66,2026-07-29 10:02:04+00:00
2026-07-29T10:03:04+00:00,-48.12,-58.49,-66.09,-60.39,-66.09,-45.33,-47.97,-51.43,-50.90,-44.94,-49.80,-66.46,-56.04,-63.24,-55.38,-53.79,-53.07,2026-07-29 10:03:04+00:00
2026-07-29T10:04:03+00:00,-48.35,-58.48,-65.65,-60.09,-66.16,-45.43,-47.60,-51.38,-51.18,-44.88,-49.12,-66.62,-56.00,-63.62,-55.42,-53.70,-53.00,2026-07-29 10:04:03+00:00
2026-07-29T10:05:03+00:00,-48.32,-58.95,-64.64,-59.19,-65.79,-45.41,-47.42,-51.42,-51.43,-44.73,-48.99,-66.57,-56.06,-64.12,-55.38,-53.71,-53.84,2026-07-29 10:05:03+00:00
2026-07-29T10:06:04+00:00,-48.05,-58.78,-62.33,-59.55,-66.16,-45.40,-47.82,-51.34,-49.49,-44.60,-48.81,-65.98,-55.44,-64.62,-55.32,-53.31,-53.22,2026-07-29 10:06:04+00:00
2026-07-29T10:07:04+00:00,-48.20,-59.31,-62.30,-59.79,-65.67,-45.29,-47.54,-51.26,-49.87,-44.42,-48.47,-65.90,-55.26,-64.57,-55.12,-53.06,-53.20,2026-07-29 10:07:04+00:00
2026-07-29T10:08:03+00:00,-47.77,-59.40,-63.45,-59.34,-64.96,-45.33,-47.58,-51.25,-50.92,-44.60,-48.45,-66.21,-55.72,-64.73,-55.57,-53.20,-54.05,2026-07-29 10:08:03+00:00
2026-07-29T10:09:03+00:00,-47.81,-59.56,-58.81,-59.54,-66.59,-45.51,-47.40,-51.25,-48.95,-44.40,-48.27,-63.05,-54.11,-64.71,-55.15,-53.98,-54.03,2026-07-29 10:09:03+00:00
2026-07-29T10:10:04+00:00,-48.08,-59.75,-66.23,-60.11,-66.28,-45.44,-47.44,-51.25,-51.20,-44.18,-48.29,-66.81,-55.94,-63.52,-55.52,-53.80,-54.03,2026-07-29 10:10:04+00:00
2026-07-29T10:11:03+00:00,-48.18,-59.85,-65.62,-59.50,-65.94,-45.60,-47.24,-51.28,-51.06,-43.85,-47.94,-66.75,-55.77,-63.53,-55.59,-54.30,-53.80,2026-07-29 10:11:03+00:00
2026-07-29T10:12:03+00:00,-48.10,-59.13,-65.60,-59.83,-65.93,-45.53,-47.36,-51.26,-50.95,-44.33,-47.85,-66.62,-55.87,-63.60,-55.41,-53.79,-53.99,2026-07-29 10:12:03+00:00
2026-07-29T10:13:04+00:00,-48.19,-59.47,-65.70,-59.74,-66.40,-45.51,-47.44,-51.29,-50.96,-44.13,-47.86,-66.55,-56.02,-63.34,-55.56,-53.78,-53.20,2026-07-29 10:13:04+00:00
2026-07-29T10:14:04+00:00,-48.43,-58.18,-67.25,-59.44,-66.22,-45.43,-47.54,-51.30,-51.21,-44.03,-47.70,-66.73,-56.16,-64.25,-55.43,-53.54,-53.28,2026-07-29 10:14:04+00:00
2026-07-29T10:15:03+00:00,-48.49,-58.47,-66.99,-59.66,-65.31,-45.56,-47.17,-51.24,-51.05,-44.71,-49.01,-66.73,-56.11,-64.00,-55.60,-53.27,-54.37,2026-07-29 10:15:03+00:00
2026-07-29T10:16:04+00:00,-48.30,-58.73,-65.94,-59.70,-66.88,-45.55,-47.45,-51.19,-51.20,-44.61,-49.13,-66.52,-56.12,-63.37,-55.88,-53.12,-53.96,2026-07-29 10:16:04+00:00
2026-07-29T10:17:04+00:00,-48.02,-58.85,-64.72,-59.19,-65.83,-45.46,-47.08,-51.17,-50.87,-44.27,-49.49,-66.43,-56.12,-64.66,-55.43,-53.18,-54.20,2026-07-29 10:17:04+00:00
2026-07-29T10:18:03+00:00,-48.46,-58.22,-63.63,-58.96,-66.28,-45.46,-47.47,-51.12,-50.68,-44.02,-48.77,-65.99,-55.83,-64.64,-55.50,-52.47,-53.18,2026-07-29 10:18:03+00:00
2026-07-29T10:19:03+00:00,-47.87,-58.78,-63.55,-59.34,-66.29,-45.60,-47.72,-51.13,-51.33,-44.08,-49.30,-66.18,-56.06,-64.56,-55.45,-52.59,-53.67,2026-07-29 10:19:03+00:00
2026-07-29T10:20:04+00:00,-48.30,-58.95,-64.96,-59.49,-65.50,-45.38,-47.17,-51.14,-51.81,-43.87,-49.12,-66.54,-56.21,-64.13,-55.47,-53.25,-53.93,2026-07-29 10:20:04+00:00
2026-07-29T10:21:03+00:00,-47.61,-59.07,-65.92,-60.03,-66.56,-45.49,-47.63,-51.24,-52.27,-44.11,-49.31,-66.44,-56.23,-63.17,-55.16,-53.07,-53.84,2026-07-29 10:21:03+00:00
2026-07-29T10:22:03+00:00,-48.45,-58.71,-65.83,-59.84,-66.26,-45.75,-47.01,-51.26,-52.50,-43.99,-49.11,-66.49,-56.24,-63.49,-55.50,-53.11,-54.14,2026-07-29 10:22:03+00:00
2026-07-29T10:23:04+00:00,-48.61,-58.77,-66.11,-60.12,-66.01,-46.76,-47.40,-51.20,-52.56,-44.07,-48.77,-66.82,-56.39,-63.40,-55.68,-53.33,-53.05,2026-07-29 10:23:04+00:00
2026-07-29T10:24:04+00:00,-48.00,-58.87,-64.32,-59.73,-66.51,-49.25,-47.58,-51.26,-53.09,-44.00,-48.72,-66.62,-56.21,-64.12,-52.93,-53.32,-53.17,2026-07-29 10:24:04+00:00
2026-07-29T10:25:03+00:00,-47.96,-58.66,-67.62,-59.63,-65.37,-51.19,-47.78,-51.35,-53.08,-44.02,-48.70,-67.49,-56.29,-64.14,-55.91,-53.07,-53.11,2026-07-29 10:25:03+00:00
2026-07-29T10:26:04+00:00,-48.16,-59.02,-67.52,-59.44,-65.43,-51.10,-47.84,-51.37,-52.45,-43.90,-48.69,-67.47,-56.41,-64.25,-53.23,-53.10,-51.92,2026-07-29 10:26:04+00:00
2026-07-29T10:27:04+00:00,-47.94,-59.15,-66.00,-60.11,-66.41,-51.19,-47.88,-51.41,-53.01,-43.80,-48.15,-66.93,-56.27,-63.23,-55.47,-53.24,-53.37,2026-07-29 10:27:04+00:00
2026-07-29T10:28:04+00:00,-47.91,-58.07,-65.59,-59.95,-66.17,-51.24,-47.56,-51.39,-52.85,-43.70,-47.81,-67.00,-56.21,-63.71,-55.71,-52.93,-53.46,2026-07-29 10:28:04+00:00
2026-07-29T10:29:03+00:00,-48.19,-58.12,-65.56,-60.32,-65.50,-51.33,-47.59,-51.31,-52.75,-43.74,-47.82,-67.14,-56.13,-63.84,-55.57,-53.51,-53.36,2026-07-29 10:29:03+00:00
2026-07-29T10:30:04+00:00,-48.02,-58.23,-65.38,-59.99,-66.08,-51.18,-47.61,-51.30,-52.68,-43.64,-47.37,-66.76,-56.19,-64.30,-55.68,-53.63,-54.18,2026-07-29 10:30:04+00:00
2026-07-29T10:31:04+00:00,-48.56,-58.56,-66.40,-60.47,-66.51,-50.99,-47.80,-51.38,-53.04,-43.65,-47.47,-67.07,-56.27,-63.34,-55.70,-53.61,-53.55,2026-07-29 10:31:04+00:00
2026-07-29T10:32:03+00:00,-48.25,-58.65,-66.55,-60.27,-66.23,-51.09,-47.61,-51.35,-52.91,-43.72,-47.50,-66.69,-56.21,-62.90,-55.35,-53.53,-53.47,2026-07-29 10:32:03+00:00
2026-07-29T10:33:04+00:00,-48.11,-58.72,-66.38,-60.05,-65.60,-51.28,-47.47,-51.42,-52.76,-43.58,-47.37,-66.87,-56.21,-62.81,-55.64,-53.47,-53.71,2026-07-29 10:33:04+00:00
2026-07-29T10:34:04+00:00,-48.21,-58.93,-66.19,-59.98,-65.28,-51.11,-47.40,-51.39,-52.86,-43.61,-47.19,-66.84,-56.19,-62.99,-55.98,-53.82,-54.30,2026-07-29 10:34:04+00:00
2026-07-29T10:35:03+00:00,-48.45,-59.46,-66.29,-59.69,-66.22,-51.29,-47.44,-51.39,-52.79,-43.59,-47.08,-67.07,-56.31,-63.04,-55.26,-53.98,-53.29,2026-07-29 10:35:03+00:00
2026-07-29T10:36:04+00:00,-48.46,-59.29,-66.32,-59.92,-66.08,-51.31,-47.47,-51.43,-52.92,-43.57,-47.03,-67.15,-56.24,-63.18,-55.42,-53.76,-52.88,2026-07-29 10:36:04+00:00
2026-07-29T10:37:04+00:00,-48.39,-57.71,-63.29,-59.47,-66.20,-51.25,-47.43,-51.33,-52.45,-43.25,-47.04,-66.61,-55.56,-64.59,-55.62,-52.57,-53.71,2026-07-29 10:37:04+00:00
2026-07-29T10:38:03+00:00,-47.87,-57.14,-66.02,-60.22,-66.16,-51.37,-47.28,-51.31,-51.57,-43.52,-46.93,-66.77,-55.99,-63.64,-55.55,-54.29,-53.23,2026-07-29 10:38:03+00:00
2026-07-29T10:39:03+00:00,-47.68,-58.41,-54.52,-60.12,-66.07,-51.23,-46.89,-51.32,-50.27,-43.46,-46.90,-60.62,-54.90,-64.65,-54.73,-54.53,-53.13,2026-07-29 10:39:03+00:00
2026-07-29T10:40:04+00:00,-48.08,-58.46,-49.20,-58.66,-66.16,-51.11,-46.57,-51.26,-51.44,-43.29,-46.78,-56.10,-56.21,-64.30,-55.61,-54.47,-53.85,2026-07-29 10:40:04+00:00
2026-07-29T10:41:03+00:00,-47.87,-58.56,-48.67,-59.55,-65.84,-51.41,-46.71,-51.25,-51.54,-43.36,-46.44,-58.34,-56.04,-61.81,-55.49,-54.57,-53.76,2026-07-29 10:41:03+00:00
2026-07-29T10:42:03+00:00,-47.98,-59.05,-50.51,-59.77,-66.28,-51.38,-47.03,-51.31,-51.10,-43.14,-46.69,-56.82,-55.99,-64.23,-55.63,-54.74,-53.75,2026-07-29 10:42:03+00:00
2026-07-29T10:43:04+00:00,-48.58,-58.65,-57.98,-59.83,-65.92,-51.35,-46.82,-51.27,-49.36,-43.39,-46.60,-62.07,-54.28,-64.81,-54.93,-54.57,-51.51,2026-07-29 10:43:04+00:00
2026-07-29T10:44:03+00:00,-48.30,-57.94,-56.37,-60.39,-65.53,-51.30,-47.00,-51.27,-49.81,-43.57,-46.63,-62.09,-54.67,-64.41,-55.39,-54.34,-52.68,2026-07-29 10:44:03+00:00
2026-07-29T10:45:03+00:00,-48.39,-57.92,-54.38,-60.40,-66.21,-51.38,-46.98,-51.25,-50.59,-43.35,-46.38,-60.39,-55.41,-64.50,-52.05,-54.48,-51.35,2026-07-29 10:45:03+00:00
2026-07-29T10:46:04+00:00,-48.35,-58.33,-58.28,-60.04,-65.35,-51.13,-47.46,-51.20,-48.96,-43.03,-46.32,-62.53,-54.13,-64.80,-55.35,-54.31,-53.11,2026-07-29 10:46:04+00:00
2026-07-29T10:47:03+00:00,-48.09,-57.80,-61.47,-60.05,-65.72,-50.18,-47.25,-51.32,-50.51,-43.56,-46.74,-65.50,-55.53,-64.82,-55.81,-54.15,-54.09,2026-07-29 10:47:03+00:00
2026-07-29T10:48:03+00:00,-47.53,-58.37,-61.21,-59.57,-65.71,-49.81,-47.48,-51.37,-50.32,-44.03,-47.76,-65.55,-55.32,-64.63,-55.48,-54.26,-53.86,2026-07-29 10:48:03+00:00
2026-07-29T10:49:04+00:00,-48.06,-57.79,-61.99,-59.84,-65.95,-47.82,-47.68,-51.29,-50.70,-44.33,-49.16,-65.89,-55.60,-64.90,-55.64,-53.88,-53.26,2026-07-29 10:49:04+00:00
2026-07-29T10:50:03+00:00,-47.85,-57.58,-61.99,-59.85,-66.04,-46.28,-47.22,-51.47,-50.73,-44.41,-49.66,-65.94,-55.50,-64.50,-55.24,-54.09,-54.18,2026-07-29 10:50:03+00:00
2026-07-29T10:51:03+00:00,-47.90,-59.16,-61.65,-59.82,-66.35,-46.47,-47.51,-51.44,-50.03,-44.52,-49.38,-65.70,-55.32,-64.78,-55.53,-54.53,-54.40,2026-07-29 10:51:03+00:00
2026-07-29T10:52:04+00:00,-47.91,-59.35,-61.62,-60.19,-65.59,-46.22,-47.40,-51.44,-49.90,-44.66,-49.54,-65.66,-55.42,-64.63,-55.57,-54.45,-53.34,2026-07-29 10:52:04+00:00
2026-07-29T10:53:04+00:00,-47.92,-59.32,-57.91,-60.27,-65.64,-46.53,-47.28,-51.46,-49.53,-44.55,-49.43,-61.68,-54.27,-64.49,-54.96,-54.92,-53.39,2026-07-29 10:53:04+00:00
2026-07-29T10:54:03+00:00,-48.21,-58.32,-58.75,-60.07,-66.22,-45.98,-47.22,-51.44,-49.79,-44.54,-48.95,-62.90,-54.20,-64.49,-54.60,-54.58,-53.28,2026-07-29 10:54:03+00:00
2026-07-29T10:55:04+00:00,-47.89,-59.00,-52.33,-60.16,-65.10,-46.34,-47.20,-51.44,-51.51,-44.52,-49.11,-58.46,-55.84,-64.49,-54.41,-54.67,-53.42,2026-07-29 10:55:04+00:00
2026-07-29T10:56:04+00:00,-47.99,-58.90,-55.81,-59.97,-66.31,-46.33,-47.25,-51.49,-50.28,-44.59,-49.21,-61.77,-55.12,-64.69,-54.58,-54.54,-53.24,2026-07-29 10:56:04+00:00
2026-07-29T10:57:03+00:00,-47.89,-58.78,-50.65,-59.66,-65.17,-46.55,-46.95,-51.36,-51.79,-44.54,-49.27,-57.14,-56.37,-64.45,-54.36,-54.84,-54.34,2026-07-29 10:57:03+00:00
2026-07-29T10:58:04+00:00,-48.23,-59.05,-51.11,-59.95,-65.58,-46.29,-47.11,-51.27,-52.24,-44.22,-49.38,-63.44,-56.58,-63.48,-55.20,-54.81,-53.22,2026-07-29 10:58:04+00:00
2026-07-29T10:59:04+00:00,-47.82,-59.41,-51.08,-59.67,-66.09,-46.27,-46.98,-51.22,-52.16,-44.56,-49.07,-63.11,-56.85,-63.56,-55.56,-54.74,-54.14,2026-07-29 10:59:04+00:00
2026-07-29T11:00:03+00:00,-46.86,-59.28,-50.72,-59.79,-66.46,-46.33,-47.16,-51.18,-52.15,-44.41,-49.17,-62.69,-56.57,-63.05,-55.10,-54.61,-53.36,2026-07-29 11:00:03+00:00
2026-07-29T11:01:03+00:00,-48.19,-59.29,-50.68,-59.76,-66.80,-46.47,-47.25,-51.25,-51.96,-43.32,-47.34,-57.03,-56.15,-63.97,-55.14,-55.09,-54.25,2026-07-29 11:01:03+00:00
2026-07-29T11:02:04+00:00,-48.03,-58.87,-53.91,-60.09,-65.86,-46.24,-47.19,-51.32,-51.38,-42.56,-45.75,-60.16,-55.59,-64.30,-50.52,-54.70,-54.24,2026-07-29 11:02:04+00:00
2026-07-29T11:03:03+00:00,-46.69,-59.32,-53.95,-60.28,-66.37,-46.38,-47.23,-51.32,-51.41,-42.68,-46.39,-60.13,-55.78,-64.64,-50.36,-54.46,-54.07,2026-07-29 11:03:03+00:00
2026-07-29T11:04:04+00:00,-46.86,-59.45,-54.74,-60.35,-66.50,-46.16,-46.80,-51.38,-50.95,-43.49,-48.43,-59.77,-55.71,-64.75,-51.95,-54.19,-54.11,2026-07-29 11:04:04+00:00
2026-07-29T11:05:04+00:00,-46.82,-59.19,-54.46,-60.27,-65.90,-46.25,-46.90,-51.44,-51.15,-44.47,-51.67,-60.00,-55.59,-64.60,-51.80,-54.15,-54.04,2026-07-29 11:05:04+00:00
2026-07-29T11:06:04+00:00,-46.58,-59.90,-52.48,-60.22,-66.48,-46.43,-47.15,-51.26,-53.54,-44.66,-52.71,-64.38,-56.33,-64.07,-55.35,-54.28,-54.06,2026-07-29 11:06:04+00:00
2026-07-29T11:07:03+00:00,-46.62,-58.76,-54.17,-60.16,-65.71,-46.27,-47.31,-51.19,-53.54,-44.60,-51.83,-65.11,-56.50,-64.63,-55.24,-54.19,-53.34,2026-07-29 11:07:03+00:00
2026-07-29T11:08:04+00:00,-46.24,-58.80,-50.48,-60.50,-66.21,-46.26,-47.20,-51.40,-53.43,-44.53,-51.73,-62.50,-56.31,-62.82,-55.16,-54.15,-54.10,2026-07-29 11:08:04+00:00
2026-07-29T11:09:04+00:00,-46.45,-60.00,-57.35,-60.36,-65.76,-46.50,-47.45,-50.91,-53.53,-44.43,-51.31,-66.21,-56.58,-64.55,-54.87,-54.12,-53.99,2026-07-29 11:09:04+00:00
2026-07-29T11:10:03+00:00,-47.74,-59.00,-53.72,-60.37,-65.90,-46.51,-46.69,-51.25,-53.52,-44.68,-52.39,-64.83,-56.35,-64.41,-55.07,-54.11,-54.05,2026-07-29 11:10:03+00:00
2026-07-29T11:11:03+00:00,-46.82,-59.33,-58.72,-60.27,-66.02,-46.48,-47.26,-51.03,-53.72,-44.67,-52.46,-66.67,-56.55,-64.40,-55.11,-54.22,-54.11,2026-07-29 11:11:03+00:00
2026-07-29T11:12:04+00:00,-46.98,-59.56,-53.82,-60.08,-66.10,-46.26,-46.99,-51.26,-53.68,-44.31,-51.41,-65.23,-56.53,-64.50,-55.14,-54.33,-54.05,2026-07-29 11:12:04+00:00
2026-07-29T11:13:03+00:00,-47.13,-58.75,-49.46,-59.98,-65.65,-46.51,-47.10,-51.49,-53.56,-44.62,-51.33,-60.37,-56.28,-61.76,-55.31,-53.99,-54.25,2026-07-29 11:13:03+00:00
2026-07-29T11:14:03+00:00,-46.99,-59.19,-48.47,-59.02,-66.04,-46.33,-46.58,-51.50,-53.39,-44.65,-51.28,-56.79,-56.37,-63.88,-55.17,-54.06,-54.08,2026-07-29 11:14:03+00:00
2026-07-29T11:15:04+00:00,-47.04,-58.73,-49.83,-59.83,-66.94,-46.38,-46.71,-51.61,-53.09,-44.69,-51.34,-56.13,-56.07,-64.52,-55.55,-54.13,-54.00,2026-07-29 11:15:04+00:00
2026-07-29T11:16:03+00:00,-47.10,-59.03,-48.61,-59.45,-65.59,-46.38,-47.30,-51.54,-53.61,-44.59,-51.18,-57.03,-56.29,-63.30,-55.09,-54.21,-53.76,2026-07-29 11:16:03+00:00
2026-07-29T11:17:03+00:00,-48.78,-58.82,-63.43,-59.59,-65.41,-46.42,-47.43,-51.61,-53.04,-44.68,-51.06,-66.23,-55.95,-64.47,-55.35,-53.04,-53.85,2026-07-29 11:17:03+00:00
2026-07-29T11:18:04+00:00,-47.32,-58.83,-64.55,-60.21,-66.54,-46.37,-47.15,-51.65,-53.46,-44.68,-51.19,-66.75,-56.34,-64.10,-55.39,-53.95,-54.06,2026-07-29 11:18:04+00:00
2026-07-29T11:19:04+00:00,-47.44,-59.03,-62.56,-60.18,-65.54,-46.45,-47.09,-51.65,-52.36,-44.57,-51.42,-66.16,-55.59,-64.69,-54.87,-53.48,-53.89,2026-07-29 11:19:04+00:00
2026-07-29T11:20:03+00:00,-47.56,-58.89,-62.58,-59.81,-64.80,-46.21,-47.28,-51.66,-52.35,-44.77,-51.39,-66.14,-55.59,-64.72,-55.37,-53.58,-54.03,2026-07-29 11:20:03+00:00
2026-07-29T11:21:03+00:00,-47.26,-58.90,-49.74,-59.42,-66.69,-46.35,-46.72,-51.64,-53.27,-44.53,-51.11,-56.12,-56.06,-64.43,-55.37,-54.66,-53.92,2026-07-29 11:21:03+00:00
2026-07-29T11:22:04+00:00,-47.40,-58.64,-49.65,-59.44,-66.82,-46.54,-46.91,-50.95,-53.38,-44.78,-50.60,-56.09,-55.97,-64.29,-54.94,-54.61,-54.03,2026-07-29 11:22:04+00:00
2026-07-29T11:23:03+00:00,-47.32,-58.55,-52.35,-60.26,-66.08,-46.46,-47.07,-50.87,-52.44,-44.78,-51.17,-64.39,-56.28,-64.61,-55.47,-54.67,-57.88,2026-07-29 11:23:03+00:00
2026-07-29T11:24:03+00:00,-47.07,-60.05,-52.33,-60.58,-67.29,-46.37,-46.69,-50.86,-52.26,-44.68,-51.04,-64.40,-56.31,-64.24,-55.31,-54.52,-57.66,2026-07-29 11:24:03+00:00
2026-07-29T11:25:04+00:00,-46.90,-59.09,-51.56,-60.58,-66.22,-46.55,-47.00,-50.99,-52.16,-44.77,-50.94,-63.70,-56.18,-63.95,-54.91,-54.65,-57.77,2026-07-29 11:25:04+00:00
2026-07-29T11:26:04+00:00,-46.63,-58.55,-50.99,-60.21,-66.15,-46.74,-47.06,-51.02,-52.18,-44.90,-50.54,-63.11,-56.51,-63.29,-55.52,-54.98,-57.73,2026-07-29 11:26:04+00:00
2026-07-29T11:27:03+00:00,-46.52,-59.31,-50.42,-60.63,-65.84,-46.58,-46.65,-51.09,-52.06,-44.89,-50.76,-62.42,-56.17,-62.56,-55.58,-54.32,-57.62,2026-07-29 11:27:03+00:00
2026-07-29T11:28:03+00:00,-48.09,-58.92,-48.84,-59.13,-66.41,-46.81,-47.18,-51.16,-51.96,-44.95,-50.94,-56.90,-56.20,-63.70,-55.15,-54.58,-57.45,2026-07-29 11:28:03+00:00
2026-07-29T11:29:04+00:00,-47.28,-59.32,-48.76,-59.53,-66.32,-46.62,-47.12,-51.11,-51.91,-44.71,-50.80,-56.72,-56.25,-63.68,-54.85,-54.43,-57.46,2026-07-29 11:29:04+00:00
2026-07-29T11:30:04+00:00,-47.37,-59.25,-48.78,-60.33,-66.04,-46.93,-47.10,-51.20,-52.08,-44.90,-50.83,-58.41,-56.20,-61.48,-55.51,-54.87,-57.77,2026-07-29 11:30:04+00:00
2026-07-29T11:31:04+00:00,-47.80,-59.56,-54.72,-60.79,-66.14,-46.56,-47.51,-51.13,-50.53,-44.76,-50.95,-59.65,-55.65,-64.85,-52.16,-54.78,-57.59,2026-07-29 11:31:04+00:00
2026-07-29T11:32:03+00:00,-46.78,-59.64,-56.80,-60.42,-66.25,-46.83,-47.35,-51.17,-49.81,-44.97,-50.81,-62.17,-54.65,-64.70,-54.95,-55.02,-57.81,2026-07-29 11:32:03+00:00
2026-07-29T11:33:03+00:00,-48.18,-59.82,-59.14,-60.74,-66.11,-46.64,-47.41,-51.19,-49.17,-44.92,-50.83,-63.48,-54.44,-64.71,-54.86,-55.43,-57.85,2026-07-29 11:33:03+00:00
2026-07-29T11:34:04+00:00,-46.85,-60.67,-56.02,-60.44,-66.49,-46.57,-47.25,-51.19,-49.82,-45.01,-50.84,-60.56,-54.92,-64.81,-54.36,-55.64,-57.62,2026-07-29 11:34:04+00:00
2026-07-29T11:35:03+00:00,-46.97,-59.65,-53.17,-60.55,-66.68,-46.60,-47.19,-51.17,-50.70,-44.88,-50.80,-58.78,-55.37,-64.85,-52.67,-55.48,-57.72,2026-07-29 11:35:03+00:00
2026-07-29T11:36:03+00:00,-46.89,-59.55,-53.16,-60.41,-65.36,-46.63,-47.11,-51.21,-50.29,-44.83,-50.64,-58.89,-55.57,-64.91,-52.24,-55.66,-57.73,2026-07-29 11:36:03+00:00
2026-07-29T11:37:04+00:00,-46.69,-59.91,-51.27,-60.62,-66.05,-46.75,-47.12,-51.13,-49.47,-44.75,-50.86,-57.46,-55.94,-64.78,-55.68,-55.42,-56.94,2026-07-29 11:37:04+00:00
2026-07-29T11:38:04+00:00,-46.77,-59.73,-61.38,-60.26,-66.26,-46.64,-47.28,-51.22,-49.14,-44.68,-50.58,-65.01,-55.23,-64.61,-55.03,-55.52,-57.65,2026-07-29 11:38:04+00:00
2026-07-29T11:39:03+00:00,-48.34,-59.61,-59.93,-60.84,-66.43,-46.59,-47.65,-51.09,-48.46,-44.70,-50.20,-64.34,-54.71,-64.71,-55.18,-55.40,-57.44,2026-07-29 11:39:03+00:00
2026-07-29T11:40:04+00:00,-48.52,-59.58,-67.74,-60.75,-66.33,-46.85,-48.02,-51.24,-50.43,-44.87,-50.19,-66.84,-56.27,-63.37,-54.89,-55.38,-57.84,2026-07-29 11:40:04+00:00
2026-07-29T11:41:04+00:00,-48.08,-57.79,-67.65,-59.75,-65.70,-46.83,-48.30,-51.20,-50.18,-44.59,-50.00,-66.14,-55.56,-64.75,-55.20,-55.45,-57.53,2026-07-29 11:41:04+00:00
2026-07-29T11:42:03+00:00,-47.27,-58.16,-60.48,-60.03,-67.19,-51.39,-46.93,-50.01,-50.24,-44.64,-49.81,-66.34,-56.26,-62.03,-55.28,-54.97,-57.88,2026-07-29 11:42:03+00:00
2026-07-29T11:43:03+00:00,-46.94,-58.32,-68.39,-60.23,-65.50,-51.01,-47.43,-51.21,-50.35,-44.48,-49.82,-67.39,-56.16,-64.25,-54.67,-54.71,-55.35,2026-07-29 11:43:03+00:00
2026-07-29T11:44:04+00:00,-46.62,-58.52,-67.84,-60.34,-66.01,-50.95,-47.28,-51.15,-50.26,-44.84,-50.04,-67.28,-56.11,-64.06,-55.29,-55.07,-57.79,2026-07-29 11:44:04+00:00
2026-07-29T11:45:03+00:00,-46.37,-59.85,-68.03,-60.25,-65.70,-50.71,-47.33,-51.15,-50.34,-44.88,-50.04,-66.97,-56.30,-63.34,-54.98,-54.47,-57.56,2026-07-29 11:45:03+00:00
2026-07-29T11:46:03+00:00,-46.07,-59.05,-66.08,-59.89,-66.20,-50.81,-47.31,-47.60,-50.61,-44.63,-50.13,-66.08,-55.85,-62.29,-54.97,-54.59,-57.58,2026-07-29 11:46:03+00:00
2026-07-29T11:47:04+00:00,-45.85,-59.63,-56.53,-60.64,-66.18,-50.87,-47.13,-50.89,-50.53,-45.01,-50.17,-65.81,-56.29,-63.86,-55.15,-54.97,-57.59,2026-07-29 11:47:04+00:00
2026-07-29T11:48:04+00:00,-46.27,-59.05,-54.50,-60.51,-65.39,-50.77,-47.12,-50.96,-50.57,-44.83,-49.98,-65.36,-56.34,-64.16,-55.12,-54.66,-57.85,2026-07-29 11:48:04+00:00
2026-07-29T11:49:03+00:00,-46.28,-59.62,-53.97,-60.61,-66.63,-50.75,-46.93,-50.93,-50.57,-44.99,-49.89,-64.87,-56.26,-64.19,-55.05,-55.26,-58.13,2026-07-29 11:49:03+00:00
2026-07-29T11:50:03+00:00,-46.50,-60.00,-51.68,-60.58,-65.65,-50.93,-47.29,-50.90,-50.55,-44.85,-49.83,-63.41,-56.06,-63.63,-55.29,-55.16,-58.15,2026-07-29 11:50:03+00:00
2026-07-29T11:51:04+00:00,-46.78,-59.02,-58.43,-60.74,-66.53,-50.94,-47.33,-50.47,-51.24,-44.80,-50.02,-66.27,-56.42,-64.34,-55.06,-54.79,-57.93,2026-07-29 11:51:04+00:00
2026-07-29T11:52:04+00:00,-46.73,-59.73,-58.31,-60.75,-66.43,-50.86,-47.68,-50.56,-53.67,-44.56,-49.99,-66.28,-56.24,-64.37,-55.38,-54.75,-58.63,2026-07-29 11:52:04+00:00
2026-07-29T11:53:03+00:00,-47.02,-59.47,-62.69,-60.53,-67.27,-51.31,-47.46,-50.14,-53.82,-44.72,-49.74,-66.20,-56.19,-63.38,-55.35,-55.35,-58.70,2026-07-29 11:53:03+00:00
2026-07-29T11:54:03+00:00,-46.56,-59.74,-62.91,-60.73,-66.55,-51.23,-47.76,-50.06,-53.59,-44.72,-49.96,-66.10,-56.37,-63.37,-55.20,-54.92,-58.08,2026-07-29 11:54:03+00:00
2026-07-29T11:55:04+00:00,-46.61,-59.22,-62.84,-60.71,-65.59,-51.16,-47.48,-50.04,-53.80,-44.78,-49.77,-66.16,-56.20,-63.32,-54.83,-55.51,-58.22,2026-07-29 11:55:04+00:00
2026-07-29T11:56:03+00:00,-46.48,-59.33,-64.12,-60.03,-65.99,-51.12,-47.50,-49.76,-53.84,-44.70,-49.77,-66.62,-56.10,-61.63,-54.64,-55.66,-57.93,2026-07-29 11:56:03+00:00
2026-07-29T11:57:03+00:00,-46.47,-58.84,-64.51,-59.98,-65.61,-51.29,-47.23,-49.29,-53.91,-44.75,-49.77,-66.94,-55.85,-58.82,-55.25,-56.09,-58.06,2026-07-29 11:57:03+00:00
2026-07-29T11:58:04+00:00,-46.64,-59.27,-66.62,-59.73,-65.88,-51.11,-47.19,-47.41,-53.50,-44.48,-49.79,-66.50,-55.39,-62.50,-55.33,-56.03,-58.50,2026-07-29 11:58:04+00:00
2026-07-29T11:59:04+00:00,-46.67,-59.41,-66.55,-60.77,-66.17,-51.07,-47.55,-46.95,-53.72,-44.61,-49.72,-66.75,-55.99,-51.11,-55.48,-56.45,-58.14,2026-07-29 11:59:04+00:00
2026-07-29T12:00:03+00:00,-46.50,-59.54,-66.45,-57.45,-65.76,-51.15,-47.11,-47.38,-53.79,-44.69,-49.73,-67.29,-55.97,-50.38,-55.76,-56.26,-56.94,2026-07-29 12:00:03+00:00
2026-07-29T12:01:03+00:00,-46.71,-59.63,-66.01,-56.99,-67.05,-51.25,-47.55,-48.11,-54.21,-44.76,-49.58,-67.14,-55.96,-50.04,-55.09,-56.05,-58.42,2026-07-29 12:01:03+00:00
2026-07-29T12:02:04+00:00,-46.99,-58.72,-65.03,-60.11,-65.43,-51.17,-47.26,-49.13,-54.03,-44.59,-49.51,-66.70,-55.89,-49.80,-55.48,-56.51,-58.47,2026-07-29 12:02:04+00:00
2026-07-29T12:03:03+00:00,-46.73,-58.94,-58.71,-60.60,-65.76,-51.14,-47.32,-50.71,-53.99,-44.55,-49.63,-66.05,-56.21,-51.07,-55.46,-57.17,-58.69,2026-07-29 12:03:03+00:00
2026-07-29T12:04:04+00:00,-46.81,-59.16,-62.12,-60.72,-66.45,-51.08,-47.30,-50.41,-54.16,-44.64,-49.36,-66.70,-56.15,-51.15,-55.36,-57.08,-58.56,2026-07-29 12:04:04+00:00
2026-07-29T12:05:04+00:00,-46.39,-59.17,-58.70,-60.83,-66.32,-50.18,-47.60,-50.76,-54.10,-44.70,-49.61,-66.46,-56.34,-51.24,-55.09,-56.89,-58.45,2026-07-29 12:05:04+00:00
2026-07-29T12:06:03+00:00,-46.57,-59.29,-61.35,-60.55,-66.07,-49.93,-47.27,-50.56,-54.01,-44.83,-49.79,-66.48,-56.12,-51.43,-55.15,-57.35,-58.48,2026-07-29 12:06:03+00:00
2026-07-29T12:07:04+00:00,-46.32,-59.68,-61.36,-60.39,-66.38,-46.76,-47.33,-50.52,-52.29,-44.64,-49.73,-66.75,-56.20,-51.42,-55.45,-57.91,-58.17,2026-07-29 12:07:04+00:00
2026-07-29T12:08:04+00:00,-46.50,-58.97,-57.87,-60.60,-65.44,-46.32,-47.30,-50.76,-52.32,-44.76,-49.60,-66.15,-56.14,-51.69,-55.35,-57.48,-58.08,2026-07-29 12:08:04+00:00
2026-07-29T12:09:03+00:00,-46.35,-58.62,-57.66,-60.78,-66.21,-46.46,-47.60,-50.82,-52.28,-44.60,-49.61,-66.00,-55.98,-51.72,-55.64,-57.77,-58.19,2026-07-29 12:09:03+00:00
2026-07-29T12:10:04+00:00,-46.36,-58.83,-50.70,-60.10,-66.13,-46.57,-47.35,-51.26,-51.71,-44.76,-49.59,-56.97,-55.69,-51.62,-55.40,-57.81,-57.45,2026-07-29 12:10:04+00:00
2026-07-29T12:11:04+00:00,-47.24,-58.57,-56.99,-60.74,-65.69,-46.68,-47.08,-51.17,-49.79,-44.76,-49.53,-62.29,-54.23,-51.96,-54.75,-56.99,-57.58,2026-07-29 12:11:04+00:00
2026-07-29T12:12:03+00:00,-47.45,-58.79,-63.43,-60.48,-65.10,-46.57,-47.49,-51.16,-51.25,-44.89,-49.46,-66.21,-55.55,-51.98,-55.17,-54.73,-58.28,2026-07-29 12:12:03+00:00
2026-07-29T12:13:03+00:00,-46.96,-59.64,-64.71,-60.25,-65.95,-46.62,-48.01,-51.09,-51.67,-44.75,-49.70,-66.68,-55.97,-52.01,-55.17,-57.33,-58.14,2026-07-29 12:13:03+00:00
2026-07-29T12:14:04+00:00,-47.42,-59.55,-62.23,-60.83,-65.98,-46.74,-47.84,-51.21,-50.60,-44.68,-49.49,-66.03,-55.40,-51.95,-55.16,-56.55,-57.85,2026-07-29 12:14:04+00:00
2026-07-29T12:15:04+00:00,-47.32,-59.94,-62.53,-60.95,-66.07,-46.71,-47.41,-51.12,-50.44,-44.88,-49.64,-66.12,-55.24,-52.11,-55.21,-56.06,-57.79,2026-07-29 12:15:04+00:00
2026-07-29T12:16:03+00:00,-47.39,-59.55,-61.22,-61.23,-67.07,-46.59,-47.41,-51.29,-49.27,-44.86,-49.52,-65.42,-54.83,-52.18,-55.13,-56.65,-57.81,2026-07-29 12:16:03+00:00
2026-07-29T12:17:04+00:00,-47.08,-59.61,-56.41,-60.91,-65.77,-46.62,-47.41,-51.32,-49.05,-44.75,-49.79,-61.98,-54.30,-52.22,-53.46,-56.69,-57.90,2026-07-29 12:17:04+00:00
2026-07-29T12:18:04+00:00,-46.93,-59.49,-65.98,-60.98,-65.85,-46.57,-47.65,-51.37,-50.68,-44.75,-49.45,-66.61,-56.14,-51.91,-55.12,-56.72,-57.52,2026-07-29 12:18:04+00:00
2026-07-29T12:19:03+00:00,-47.38,-58.82,-66.01,-60.82,-66.79,-46.76,-47.62,-51.32,-50.93,-44.66,-49.49,-66.55,-55.84,-51.93,-55.20,-56.35,-57.47,2026-07-29 12:19:03+00:00
2026-07-29T12:20:03+00:00,-47.36,-59.11,-65.18,-60.54,-66.41,-46.62,-47.86,-51.27,-50.61,-44.75,-49.58,-66.96,-55.73,-51.86,-55.49,-55.82,-57.57,2026-07-29 12:20:03+00:00
2026-07-29T12:21:04+00:00,-47.32,-58.81,-66.88,-60.65,-65.69,-46.70,-47.43,-51.26,-50.28,-44.87,-49.59,-66.91,-56.09,-52.05,-54.91,-55.45,-57.57,2026-07-29 12:21:04+00:00
2026-07-29T12:22:04+00:00,-47.38,-59.01,-65.16,-60.67,-66.15,-46.70,-47.41,-51.23,-51.10,-44.84,-49.73,-66.58,-55.74,-51.87,-55.25,-54.84,-57.70,2026-07-29 12:22:04+00:00
2026-07-29T12:23:03+00:00,-47.11,-59.46,-65.49,-60.95,-66.66,-46.47,-47.57,-51.09,-51.16,-44.82,-49.53,-66.71,-55.73,-52.00,-55.58,-54.67,-57.45,2026-07-29 12:23:03+00:00
2026-07-29T12:24:04+00:00,-45.82,-58.95,-64.60,-60.36,-67.00,-46.52,-47.86,-51.17,-51.02,-44.78,-49.81,-66.54,-55.66,-51.92,-55.03,-53.92,-57.15,2026-07-29 12:24:04+00:00
2026-07-29T12:25:04+00:00,-45.84,-58.25,-64.70,-60.50,-65.79,-46.66,-47.69,-51.12,-51.12,-44.64,-49.68,-66.54,-55.92,-51.88,-54.72,-53.93,-56.87,2026-07-29 12:25:04+00:00
2026-07-29T12:26:03+00:00,-45.51,-59.57,-63.55,-60.42,-65.42,-46.46,-47.64,-51.19,-50.80,-44.66,-49.37,-66.11,-55.35,-51.86,-54.68,-52.68,-56.71,2026-07-29 12:26:03+00:00
2026-07-29T12:27:03+00:00,-45.51,-59.27,-63.21,-60.62,-66.31,-46.82,-47.74,-51.16,-50.68,-44.78,-49.46,-66.26,-55.32,-51.83,-54.86,-52.28,-56.79,2026-07-29 12:27:03+00:00
2026-07-29T12:28:04+00:00,-45.36,-59.95,-60.41,-61.08,-66.51,-46.65,-47.40,-51.26,-49.34,-44.64,-49.49,-64.61,-54.47,-51.74,-54.83,-53.27,-57.08,2026-07-29 12:28:04+00:00
2026-07-29T12:29:04+00:00,-45.79,-59.71,-50.67,-60.44,-66.37,-46.76,-47.02,-51.21,-50.94,-44.47,-49.55,-56.79,-55.78,-51.75,-54.99,-52.99,-57.20,2026-07-29 12:29:04+00:00
2026-07-29T12:30:03+00:00,-45.73,-59.48,-49.98,-61.26,-66.02,-46.65,-47.01,-51.16,-51.32,-44.40,-49.24,-61.00,-55.82,-51.51,-55.27,-52.96,-57.22,2026-07-29 12:30:03+00:00
2026-07-29T12:31:03+00:00,-46.17,-59.57,-55.37,-60.92,-66.30,-46.78,-47.17,-50.99,-51.82,-44.55,-49.40,-65.35,-56.01,-51.68,-55.16,-52.53,-57.06,2026-07-29 12:31:03+00:00
2026-07-29T12:32:03+00:00,-45.63,-59.73,-56.14,-61.15,-66.59,-46.75,-47.12,-50.94,-51.75,-44.61,-49.20,-64.11,-55.92,-51.62,-54.93,-52.75,-57.24,2026-07-29 12:32:03+00:00
2026-07-29T12:33:04+00:00,-45.99,-59.02,-55.69,-60.82,-65.65,-46.75,-47.41,-51.02,-51.76,-44.71,-49.25,-63.98,-55.64,-51.45,-54.94,-52.45,-57.24,2026-07-29 12:33:04+00:00
2026-07-29T12:34:04+00:00,-45.71,-60.47,-55.38,-61.09,-66.03,-47.04,-47.04,-50.95,-51.58,-44.54,-49.12,-64.01,-55.89,-51.53,-54.79,-52.44,-57.18,2026-07-29 12:34:04+00:00
2026-07-29T12:35:03+00:00,-46.08,-60.17,-52.57,-60.76,-65.96,-46.68,-47.17,-51.03,-51.97,-44.65,-49.38,-63.00,-55.99,-51.60,-55.03,-52.32,-57.08,2026-07-29 12:35:03+00:00
2026-07-29T12:36:04+00:00,-45.96,-59.97,-49.72,-59.72,-65.99,-46.82,-47.02,-51.21,-52.45,-44.58,-49.33,-56.19,-55.71,-51.69,-54.71,-52.50,-57.09,2026-07-29 12:36:04+00:00
2026-07-29T12:37:03+00:00,-45.90,-60.66,-49.78,-59.67,-66.46,-46.78,-47.35,-51.16,-52.80,-44.54,-49.24,-56.29,-55.76,-51.67,-54.95,-51.70,-56.00,2026-07-29 12:37:03+00:00
2026-07-29T12:38:03+00:00,-45.76,-59.79,-49.59,-60.09,-65.95,-46.74,-47.10,-51.21,-52.95,-44.59,-49.41,-56.65,-55.83,-51.68,-54.84,-51.73,-57.26,2026-07-29 12:38:03+00:00
2026-07-29T12:39:04+00:00,-45.71,-59.28,-50.03,-59.86,-65.50,-46.84,-47.32,-51.22,-52.90,-44.80,-49.34,-56.34,-55.72,-51.68,-54.98,-51.49,-57.07,2026-07-29 12:39:04+00:00
2026-07-29T12:40:03+00:00,-45.86,-60.01,-56.53,-61.04,-66.07,-46.77,-47.29,-51.19,-50.30,-44.60,-49.23,-61.17,-54.35,-51.77,-53.88,-51.42,-56.98,2026-07-29 12:40:03+00:00
2026-07-29T12:41:03+00:00,-45.85,-59.95,-50.43,-60.35,-65.76,-46.72,-47.37,-51.25,-52.55,-44.65,-49.12,-56.22,-55.53,-51.63,-55.24,-51.53,-56.90,2026-07-29 12:41:03+00:00
2026-07-29T12:42:04+00:00,-45.60,-59.43,-49.35,-59.61,-66.82,-46.82,-47.13,-51.17,-52.92,-44.34,-49.19,-56.75,-55.75,-51.57,-54.80,-51.34,-56.99,2026-07-29 12:42:04+00:00
2026-07-29T12:43:04+00:00,-45.44,-59.76,-48.93,-60.02,-65.74,-46.70,-47.45,-51.17,-52.85,-44.50,-49.31,-57.40,-55.89,-51.35,-54.91,-51.42,-57.70,2026-07-29 12:43:04+00:00
2026-07-29T12:44:03+00:00,-45.18,-55.89,-48.92,-59.89,-65.98,-46.89,-47.46,-51.22,-53.59,-44.49,-49.02,-57.00,-55.89,-51.78,-54.99,-51.09,-57.49,2026-07-29 12:44:03+00:00
2026-07-29T12:45:04+00:00,-44.93,-58.70,-49.03,-59.63,-66.42,-47.05,-47.49,-51.18,-53.23,-44.48,-48.79,-56.75,-55.59,-51.60,-55.00,-51.01,-57.60,2026-07-29 12:45:04+00:00
2026-07-29T12:46:04+00:00,-45.19,-58.34,-48.99,-59.30,-66.06,-46.69,-47.43,-51.21,-53.52,-44.42,-49.07,-56.64,-55.81,-51.56,-55.03,-50.96,-57.73,2026-07-29 12:46:04+00:00
2026-07-29T12:47:03+00:00,-45.28,-58.48,-49.26,-59.58,-66.50,-49.49,-47.45,-51.22,-53.13,-44.69,-49.12,-56.88,-55.58,-51.76,-55.10,-50.85,-57.71,2026-07-29 12:47:03+00:00
2026-07-29T12:48:04+00:00,-45.21,-58.89,-49.59,-59.38,-66.16,-51.15,-47.46,-51.20,-53.78,-44.43,-44.26,-56.50,-55.79,-52.00,-54.83,-50.95,-53.96,2026-07-29 12:48:04+00:00
2026-07-29T12:49:04+00:00,-45.76,-59.48,-49.64,-59.45,-66.32,-51.01,-47.45,-51.23,-53.49,-44.65,-49.22,-56.68,-55.62,-51.86,-54.65,-51.03,-57.19,2026-07-29 12:49:04+00:00
2026-07-29T12:50:03+00:00,-46.30,-58.59,-49.39,-59.48,-66.06,-51.15,-47.49,-51.27,-54.32,-44.51,-49.21,-57.02,-55.70,-51.92,-54.74,-50.97,-57.32,2026-07-29 12:50:03+00:00
2026-07-29T12:51:03+00:00,-46.25,-58.96,-49.23,-59.59,-66.12,-51.17,-47.32,-51.23,-53.99,-44.41,-48.86,-57.18,-55.53,-52.08,-54.95,-50.65,-57.45,2026-07-29 12:51:03+00:00
2026-07-29T12:52:04+00:00,-45.30,-58.52,-50.47,-61.13,-65.85,-51.11,-47.47,-51.24,-52.10,-44.56,-49.05,-61.31,-55.76,-52.08,-55.13,-50.64,-56.45,2026-07-29 12:52:04+00:00
2026-07-29T12:53:04+00:00,-45.35,-59.45,-51.49,-61.11,-66.14,-51.02,-47.34,-51.20,-52.23,-44.35,-49.12,-62.48,-55.84,-52.19,-55.26,-50.79,-57.40,2026-07-29 12:53:04+00:00
2026-07-29T12:54:03+00:00,-45.17,-59.45,-51.47,-60.83,-65.59,-50.98,-47.24,-51.25,-52.28,-44.42,-49.01,-62.28,-55.90,-52.40,-55.10,-51.15,-57.27,2026-07-29 12:54:03+00:00
2026-07-29T12:55:04+00:00,-45.24,-60.15,-54.10,-61.30,-66.25,-51.05,-47.24,-51.05,-52.27,-44.37,-48.85,-63.50,-55.98,-52.58,-54.71,-51.30,-57.32,2026-07-29 12:55:04+00:00
2026-07-29T12:56:04+00:00,-46.01,-59.47,-54.10,-61.24,-66.10,-51.10,-47.22,-51.10,-52.54,-44.38,-49.00,-64.01,-55.73,-52.59,-54.94,-51.03,-57.28,2026-07-29 12:56:04+00:00
2026-07-29T12:57:03+00:00,-45.89,-59.00,-54.22,-61.38,-65.71,-51.01,-47.30,-51.08,-52.28,-44.72,-48.88,-63.68,-55.78,-52.85,-54.80,-50.55,-55.88,2026-07-29 12:57:03+00:00
2026-07-29T12:58:03+00:00,-45.39,-59.36,-54.50,-61.21,-66.25,-51.17,-47.37,-51.22,-52.09,-44.64,-48.95,-63.75,-55.92,-53.09,-55.13,-50.96,-57.26,2026-07-29 12:58:03+00:00
2026-07-29T12:59:04+00:00,-45.32,-59.77,-51.90,-61.05,-66.42,-51.14,-47.58,-51.29,-51.88,-44.55,-48.86,-62.45,-55.72,-53.01,-55.22,-50.78,-57.32,2026-07-29 12:59:04+00:00
2026-07-29T13:00:03+00:00,-45.61,-59.93,-50.33,-61.15,-66.68,-51.16,-47.77,-51.36,-51.83,-44.48,-47.49,-60.94,-55.74,-53.21,-54.62,-50.71,-52.06,2026-07-29 13:00:03+00:00
2026-07-29T13:01:03+00:00,-45.23,-58.96,-54.96,-61.18,-67.07,-51.09,-47.69,-51.15,-51.67,-44.49,-48.70,-63.86,-55.58,-53.51,-54.98,-50.87,-53.37,2026-07-29 13:01:03+00:00
2026-07-29T13:02:03+00:00,-45.75,-59.71,-53.25,-60.89,-65.49,-51.08,-47.48,-51.22,-51.58,-44.59,-48.68,-63.21,-55.89,-54.03,-55.45,-50.82,-53.27,2026-07-29 13:02:03+00:00
2026-07-29T13:03:04+00:00,-45.61,-59.27,-58.58,-61.42,-66.57,-51.08,-47.80,-50.83,-51.61,-44.51,-48.87,-64.24,-55.73,-54.20,-55.42,-50.96,-53.34,2026-07-29 13:03:04+00:00
2026-07-29T13:04:03+00:00,-45.55,-59.73,-57.74,-61.29,-66.11,-50.99,-47.67,-50.93,-51.48,-44.49,-48.69,-64.32,-55.78,-54.45,-55.08,-51.06,-57.24,2026-07-29 13:04:03+00:00
2026-07-29T13:05:03+00:00,-45.75,-60.18,-53.02,-61.02,-65.70,-51.22,-47.23,-51.22,-51.10,-44.62,-48.79,-63.30,-55.75,-54.40,-55.12,-51.33,-57.54,2026-07-29 13:05:03+00:00
2026-07-29T13:06:03+00:00,-45.65,-60.00,-54.07,-61.17,-65.90,-50.93,-47.44,-50.86,-50.83,-44.43,-48.90,-63.53,-55.64,-54.77,-55.28,-51.46,-57.45,2026-07-29 13:06:03+00:00
2026-07-29T13:07:04+00:00,-46.44,-58.65,-54.09,-61.27,-66.70,-51.03,-47.36,-50.91,-52.52,-44.22,-48.69,-63.69,-55.63,-54.79,-54.93,-51.25,-57.47,2026-07-29 13:07:04+00:00
2026-07-29T13:08:04+00:00,-46.36,-58.36,-54.10,-61.21,-65.80,-51.18,-47.87,-50.88,-52.56,-44.62,-48.73,-63.46,-56.57,-55.06,-55.31,-51.39,-57.48,2026-07-29 13:08:04+00:00
2026-07-29T13:09:03+00:00,-46.16,-58.95,-54.36,-61.23,-66.55,-50.97,-47.73,-50.94,-50.98,-44.46,-48.93,-63.42,-56.69,-55.32,-55.26,-51.28,-56.58,2026-07-29 13:09:03+00:00
2026-07-29T13:10:03+00:00,-46.68,-58.76,-51.39,-61.00,-65.43,-51.18,-47.64,-51.08,-52.54,-44.57,-48.82,-61.88,-56.65,-55.25,-54.95,-51.33,-57.58,2026-07-29 13:10:03+00:00
2026-07-29T13:11:04+00:00,-46.68,-58.67,-51.14,-60.78,-66.18,-50.06,-47.50,-50.98,-52.58,-44.15,-48.72,-61.89,-56.38,-55.44,-55.41,-51.41,-57.61,2026-07-29 13:11:04+00:00
2026-07-29T13:12:04+00:00,-46.84,-58.96,-51.13,-61.10,-66.49,-49.80,-47.52,-51.08,-52.43,-44.34,-48.81,-61.80,-56.45,-55.42,-55.20,-51.32,-57.68,2026-07-29 13:12:04+00:00
2026-07-29T13:13:03+00:00,-46.25,-58.78,-51.27,-60.96,-66.62,-49.04,-47.09,-51.07,-52.50,-44.28,-48.82,-61.82,-56.38,-55.53,-55.26,-51.26,-57.63,2026-07-29 13:13:03+00:00
2026-07-29T13:14:03+00:00,-46.60,-58.32,-51.28,-61.24,-66.91,-50.04,-47.45,-51.10,-52.97,-44.34,-48.86,-62.11,-56.43,-55.85,-55.17,-50.71,-57.86,2026-07-29 13:14:03+00:00
2026-07-29T13:15:04+00:00,-46.57,-58.32,-50.45,-61.13,-66.06,-50.99,-47.40,-51.12,-53.15,-44.37,-48.66,-60.35,-56.56,-55.72,-55.51,-51.01,-57.70,2026-07-29 13:15:04+00:00
2026-07-29T13:16:03+00:00,-46.92,-58.53,-50.14,-60.47,-65.64,-50.93,-47.39,-51.19,-53.12,-44.40,-48.65,-56.14,-56.51,-56.44,-55.32,-51.30,-57.64,2026-07-29 13:16:03+00:00
2026-07-29T13:17:03+00:00,-46.71,-57.85,-52.53,-61.23,-65.73,-51.00,-47.28,-51.00,-53.51,-44.27,-48.86,-62.81,-56.64,-56.32,-55.18,-51.08,-57.83,2026-07-29 13:17:03+00:00
2026-07-29T13:18:04+00:00,-47.10,-58.83,-49.37,-61.45,-65.84,-50.86,-47.43,-51.13,-53.56,-44.38,-48.55,-59.01,-56.47,-56.15,-55.51,-50.77,-57.70,2026-07-29 13:18:04+00:00
2026-07-29T13:19:04+00:00,-46.98,-57.97,-50.36,-60.92,-65.42,-50.97,-47.35,-51.14,-52.91,-44.28,-48.36,-56.22,-56.28,-56.99,-55.21,-51.12,-57.67,2026-07-29 13:19:04+00:00
2026-07-29T13:20:03+00:00,-47.06,-59.16,-55.42,-61.52,-65.53,-51.21,-47.76,-51.28,-50.58,-44.38,-48.69,-61.33,-55.24,-57.12,-53.58,-50.94,-57.65,2026-07-29 13:20:03+00:00
2026-07-29T13:21:04+00:00,-47.11,-58.21,-58.99,-61.69,-65.46,-50.92,-47.75,-51.20,-49.73,-44.17,-48.65,-62.15,-53.95,-57.16,-55.06,-51.03,-57.10,2026-07-29 13:21:04+00:00
2026-07-29T13:22:04+00:00,-47.32,-58.93,-54.36,-61.67,-66.45,-51.02,-47.81,-51.29,-50.80,-44.27,-48.59,-59.85,-55.54,-57.13,-51.60,-51.09,-57.63,2026-07-29 13:22:04+00:00
2026-07-29T13:23:03+00:00,-46.91,-59.00,-62.80,-61.06,-66.82,-51.01,-47.65,-51.38,-51.01,-44.26,-48.61,-64.46,-56.01,-57.01,-55.10,-50.47,-57.23,2026-07-29 13:23:03+00:00
2026-07-29T13:24:03+00:00,-47.26,-58.72,-68.61,-61.42,-66.50,-51.05,-48.50,-51.45,-52.20,-44.38,-48.57,-65.17,-56.94,-57.40,-55.61,-50.84,-58.55,2026-07-29 13:24:03+00:00
2026-07-29T13:25:04+00:00,-46.87,-58.39,-68.46,-61.31,-66.88,-51.10,-48.75,-51.44,-52.12,-44.26,-48.53,-64.54,-56.78,-57.59,-55.01,-50.80,-58.05,2026-07-29 13:25:04+00:00
2026-07-29T13:26:03+00:00,-46.84,-58.38,-68.21,-61.27,-66.39,-51.17,-48.34,-51.41,-52.00,-44.88,-49.03,-63.42,-57.06,-57.51,-55.25,-51.05,-58.11,2026-07-29 13:26:03+00:00
2026-07-29T13:27:03+00:00,-46.75,-58.74,-69.01,-61.48,-66.58,-50.97,-48.45,-51.44,-52.23,-44.78,-49.08,-64.50,-57.15,-57.70,-54.98,-51.27,-58.29,2026-07-29 13:27:03+00:00
2026-07-29T13:28:04+00:00,-46.90,-58.49,-68.32,-61.51,-66.03,-51.04,-48.39,-51.33,-52.09,-44.69,-49.03,-64.75,-56.84,-57.63,-55.47,-51.08,-58.51,2026-07-29 13:28:04+00:00
2026-07-29T13:29:04+00:00,-46.83,-58.87,-68.78,-61.64,-66.68,-51.06,-48.38,-51.28,-52.15,-44.79,-48.92,-65.15,-56.93,-57.84,-55.12,-50.90,-58.44,2026-07-29 13:29:04+00:00
2026-07-29T13:30:03+00:00,-46.76,-59.24,-68.58,-61.97,-66.01,-51.03,-48.60,-51.36,-52.10,-44.82,-48.73,-64.91,-57.07,-58.14,-55.42,-50.76,-58.17,2026-07-29 13:30:03+00:00
2026-07-29T13:31:03+00:00,-46.64,-59.31,-68.22,-62.07,-66.60,-50.89,-48.39,-51.35,-52.06,-44.83,-48.72,-64.93,-56.71,-57.95,-55.31,-50.58,-58.33,2026-07-29 13:31:03+00:00
2026-07-29T13:32:04+00:00,-46.52,-59.01,-68.08,-61.32,-66.75,-51.09,-48.52,-51.36,-52.08,-44.80,-48.71,-64.86,-56.49,-57.98,-55.26,-50.81,-57.84,2026-07-29 13:32:04+00:00
2026-07-29T13:33:03+00:00,-46.45,-58.39,-68.25,-61.33,-66.70,-50.90,-48.35,-51.35,-52.10,-44.71,-48.55,-65.26,-56.43,-57.76,-55.20,-50.57,-58.37,2026-07-29 13:33:03+00:00
2026-07-29T13:34:03+00:00,-46.48,-57.78,-68.32,-61.67,-66.40,-51.10,-48.74,-51.48,-52.21,-44.82,-48.70,-65.64,-56.63,-57.54,-55.45,-50.36,-56.58,2026-07-29 13:34:03+00:00
2026-07-29T13:35:04+00:00,-46.74,-58.05,-68.97,-61.27,-66.01,-51.05,-48.66,-51.43,-54.78,-44.84,-48.48,-65.66,-56.80,-57.73,-55.41,-50.65,-58.35,2026-07-29 13:35:04+00:00
2026-07-29T13:36:03+00:00,-46.75,-58.11,-68.81,-61.11,-66.77,-51.35,-48.76,-51.47,-54.62,-44.71,-48.71,-65.66,-56.75,-57.76,-55.65,-50.45,-57.93,2026-07-29 13:36:03+00:00
2026-07-29T13:37:03+00:00,-46.75,-57.77,-67.96,-61.03,-66.83,-51.09,-48.55,-51.46,-52.20,-44.69,-48.74,-65.31,-56.89,-57.70,-55.50,-50.77,-57.43,2026-07-29 13:37:03+00:00
2026-07-29T13:38:04+00:00,-46.90,-57.81,-66.95,-61.28,-66.56,-51.09,-48.54,-51.47,-52.20,-44.66,-48.76,-65.14,-56.84,-57.78,-55.53,-50.64,-57.99,2026-07-29 13:38:04+00:00
2026-07-29T13:39:03+00:00,-46.81,-57.95,-67.77,-61.56,-66.06,-51.05,-48.26,-51.44,-52.24,-44.79,-48.98,-64.90,-56.88,-57.89,-55.48,-50.73,-57.89,2026-07-29 13:39:03+00:00
2026-07-29T13:40:03+00:00,-46.62,-58.11,-67.65,-61.44,-65.91,-51.10,-48.17,-51.48,-52.23,-44.69,-48.93,-65.05,-56.79,-58.06,-55.17,-50.93,-58.05,2026-07-29 13:40:03+00:00
2026-07-29T13:41:04+00:00,-46.57,-57.20,-67.98,-61.60,-66.29,-51.08,-48.22,-51.48,-52.10,-44.94,-49.19,-65.30,-56.76,-58.29,-55.29,-50.97,-58.25,2026-07-29 13:41:04+00:00
2026-07-29T13:42:04+00:00,-47.00,-57.19,-67.84,-61.29,-65.84,-51.26,-48.24,-51.03,-52.04,-44.82,-48.75,-65.26,-56.89,-58.61,-55.32,-51.03,-58.49,2026-07-29 13:42:04+00:00
2026-07-29T13:43:03+00:00,-47.02,-56.42,-67.75,-61.52,-66.41,-51.00,-48.52,-50.99,-52.02,-44.85,-49.05,-64.63,-56.79,-58.58,-55.14,-51.07,-58.53,2026-07-29 13:43:03+00:00
2026-07-29T13:44:04+00:00,-46.91,-57.03,-68.06,-61.48,-66.08,-51.08,-48.05,-51.11,-52.00,-44.71,-49.12,-64.70,-56.75,-58.82,-55.17,-50.98,-58.12,2026-07-29 13:44:04+00:00
2026-07-29T13:45:04+00:00,-46.58,-58.06,-67.41,-61.44,-65.67,-51.14,-48.53,-51.03,-51.57,-44.53,-48.62,-64.37,-56.90,-58.86,-55.52,-51.22,-58.21,2026-07-29 13:45:04+00:00
2026-07-29T13:46:03+00:00,-46.91,-57.25,-67.15,-61.48,-66.44,-51.30,-48.53,-51.06,-51.71,-44.72,-48.82,-64.22,-56.76,-59.23,-55.64,-51.24,-57.96,2026-07-29 13:46:03+00:00
2026-07-29T13:47:04+00:00,-47.01,-57.74,-67.68,-61.62,-66.23,-51.36,-48.36,-51.08,-51.64,-44.65,-48.88,-64.44,-56.86,-59.26,-55.77,-50.74,-58.16,2026-07-29 13:47:04+00:00
2026-07-29T13:48:04+00:00,-46.80,-58.36,-67.50,-61.11,-66.70,-49.81,-48.23,-51.05,-51.54,-44.73,-48.28,-64.23,-56.73,-59.30,-55.29,-50.87,-56.76,2026-07-29 13:48:04+00:00
2026-07-29T13:49:03+00:00,-47.03,-57.67,-67.26,-61.91,-65.62,-50.06,-48.59,-51.01,-51.56,-44.72,-48.54,-63.97,-56.69,-59.52,-55.57,-50.71,-57.89,2026-07-29 13:49:03+00:00
2026-07-29T13:50:03+00:00,-46.53,-58.32,-67.77,-61.60,-65.66,-48.85,-48.30,-51.00,-50.71,-44.63,-48.73,-64.68,-56.62,-59.66,-55.86,-50.75,-58.31,2026-07-29 13:50:03+00:00
2026-07-29T13:51:04+00:00,-46.75,-57.50,-67.20,-61.65,-66.06,-48.38,-48.31,-51.02,-50.69,-44.87,-48.68,-63.98,-56.36,-59.25,-55.49,-50.77,-58.34,2026-07-29 13:51:04+00:00
2026-07-29T13:52:04+00:00,-46.78,-57.18,-66.92,-61.10,-66.68,-48.58,-48.39,-51.02,-52.36,-44.55,-48.65,-64.14,-56.53,-59.82,-55.50,-50.82,-57.17,2026-07-29 13:52:04+00:00
2026-07-29T13:53:03+00:00,-46.70,-58.22,-67.19,-61.34,-66.09,-48.55,-48.56,-51.03,-52.53,-44.71,-48.68,-63.85,-56.83,-59.52,-55.69,-50.42,-58.06,2026-07-29 13:53:03+00:00
2026-07-29T13:54:04+00:00,-46.99,-57.43,-67.55,-61.57,-66.08,-48.31,-48.72,-51.06,-52.32,-44.72,-48.61,-64.79,-56.64,-59.78,-55.38,-50.56,-58.37,2026-07-29 13:54:04+00:00
2026-07-29T13:55:04+00:00,-46.88,-57.71,-67.08,-61.55,-66.23,-48.51,-49.05,-51.02,-52.31,-44.58,-48.48,-63.95,-56.67,-59.53,-55.36,-50.77,-58.19,2026-07-29 13:55:04+00:00
2026-07-29T13:56:03+00:00,-46.92,-57.69,-67.13,-61.37,-65.77,-48.52,-48.76,-51.05,-52.24,-44.90,-48.77,-63.92,-56.67,-59.83,-55.21,-50.73,-58.12,2026-07-29 13:56:03+00:00
2026-07-29T13:57:03+00:00,-47.05,-58.40,-67.18,-61.54,-66.09,-48.55,-48.46,-51.01,-52.28,-44.69,-48.57,-64.18,-56.68,-59.70,-55.47,-50.82,-58.25,2026-07-29 13:57:03+00:00
2026-07-29T13:58:04+00:00,-46.65,-58.95,-67.65,-61.73,-66.04,-48.53,-48.79,-50.98,-52.30,-44.91,-48.91,-64.28,-56.98,-59.89,-55.36,-50.89,-58.52,2026-07-29 13:58:04+00:00
2026-07-29T13:59:04+00:00,-47.24,-58.20,-67.77,-61.34,-66.93,-48.69,-48.07,-50.98,-52.35,-44.79,-48.67,-64.07,-56.64,-59.95,-54.73,-50.81,-56.04,2026-07-29 13:59:04+00:00
2026-07-29T14:00:03+00:00,-47.19,-58.76,-67.73,-61.35,-66.52,-48.43,-48.22,-50.98,-52.70,-44.64,-48.41,-64.30,-56.81,-60.43,-55.37,-50.88,-57.35,2026-07-29 14:00:03+00:00
2026-07-29T14:01:03+00:00,-47.49,-58.13,-67.35,-61.65,-67.32,-48.69,-48.52,-51.02,-52.54,-44.75,-48.69,-64.35,-56.74,-59.92,-55.45,-50.92,-58.46,2026-07-29 14:01:03+00:00
2026-07-29T14:02:03+00:00,-47.43,-57.03,-67.35,-61.43,-66.27,-48.56,-48.34,-51.06,-52.54,-44.93,-48.54,-63.93,-56.71,-60.14,-55.19,-50.94,-58.53,2026-07-29 14:02:03+00:00
2026-07-29T14:03:03+00:00,-47.41,-58.36,-67.57,-61.59,-66.98,-48.70,-47.89,-51.08,-52.54,-44.44,-48.45,-64.09,-56.94,-60.36,-55.46,-50.91,-58.48,2026-07-29 14:03:03+00:00
2026-07-29T14:04:03+00:00,-47.41,-56.29,-66.94,-61.72,-65.71,-48.42,-48.46,-51.00,-52.62,-44.73,-48.45,-64.08,-56.61,-60.49,-55.87,-51.07,-58.53,2026-07-29 14:04:03+00:00
2026-07-29T14:05:03+00:00,-47.63,-56.51,-67.16,-61.62,-67.20,-48.28,-47.94,-51.05,-54.17,-44.78,-48.67,-64.04,-56.80,-60.80,-55.25,-50.95,-58.27,2026-07-29 14:05:03+00:00
2026-07-29T14:06:03+00:00,-47.34,-56.44,-67.27,-61.62,-66.29,-48.80,-48.66,-51.11,-53.83,-44.66,-48.53,-64.32,-56.74,-60.63,-55.38,-50.62,-58.41,2026-07-29 14:06:03+00:00
2026-07-29T14:07:04+00:00,-46.74,-56.43,-67.17,-61.70,-65.70,-48.66,-48.30,-51.07,-52.69,-44.78,-48.61,-64.20,-56.83,-60.56,-55.39,-50.68,-58.54,2026-07-29 14:07:04+00:00
2026-07-29T14:08:04+00:00,-46.41,-56.68,-66.74,-61.66,-66.64,-48.67,-48.29,-51.06,-52.91,-44.75,-48.32,-64.01,-56.88,-60.49,-55.62,-50.26,-58.09,2026-07-29 14:08:04+00:00
2026-07-29T14:09:04+00:00,-47.08,-57.28,-67.34,-61.71,-65.92,-48.95,-48.33,-51.04,-52.85,-44.67,-48.57,-64.04,-56.61,-60.72,-55.91,-50.30,-57.78,2026-07-29 14:09:04+00:00
2026-07-29T14:10:03+00:00,-46.98,-57.58,-67.57,-61.62,-66.39,-48.54,-48.50,-51.06,-52.87,-44.99,-48.41,-64.16,-56.86,-60.88,-55.39,-50.01,-57.89,2026-07-29 14:10:03+00:00
2026-07-29T14:11:03+00:00,-46.46,-58.26,-67.37,-61.85,-66.70,-48.55,-48.32,-51.08,-53.08,-44.79,-48.20,-64.18,-56.57,-60.78,-55.27,-50.22,-58.23,2026-07-29 14:11:03+00:00
2026-07-29T14:12:04+00:00,-46.95,-57.70,-67.05,-61.35,-66.59,-48.60,-48.95,-49.49,-53.11,-44.83,-48.32,-64.03,-56.21,-60.83,-55.83,-50.09,-57.87,2026-07-29 14:12:04+00:00
2026-07-29T14:13:03+00:00,-46.67,-57.85,-67.25,-61.51,-65.96,-48.46,-48.39,-48.79,-53.00,-45.00,-48.35,-64.14,-56.30,-61.01,-55.71,-49.89,-56.62,2026-07-29 14:13:03+00:00
2026-07-29T14:14:03+00:00,-46.64,-57.89,-67.82,-61.61,-65.92,-48.91,-48.51,-47.53,-54.14,-45.16,-48.52,-64.57,-56.62,-60.96,-55.34,-50.03,-57.58,2026-07-29 14:14:03+00:00
2026-07-29T14:15:04+00:00,-46.91,-57.95,-67.76,-61.41,-66.05,-48.37,-48.11,-47.25,-53.22,-44.97,-48.54,-64.57,-56.92,-60.97,-55.33,-49.78,-56.32,2026-07-29 14:15:04+00:00
2026-07-29T14:16:04+00:00,-46.92,-57.62,-68.01,-61.70,-66.50,-48.32,-48.38,-46.89,-53.19,-44.91,-48.34,-64.61,-56.81,-60.90,-55.53,-49.80,-57.03,2026-07-29 14:16:04+00:00
2026-07-29T14:17:03+00:00,-45.93,-57.75,-67.97,-61.92,-66.15,-48.84,-48.14,-48.92,-53.15,-43.90,-43.84,-64.33,-56.81,-61.06,-55.45,-49.63,-57.49,2026-07-29 14:17:03+00:00
2026-07-29T14:18:03+00:00,-46.43,-57.42,-67.27,-61.60,-65.85,-48.95,-48.39,-45.57,-52.86,-43.45,-43.37,-64.28,-56.58,-61.27,-55.49,-49.77,-53.41,2026-07-29 14:18:03+00:00
2026-07-29T14:19:04+00:00,-46.55,-57.27,-67.96,-61.50,-66.61,-48.94,-48.64,-45.55,-53.00,-44.20,-45.49,-64.45,-56.31,-61.05,-55.60,-49.85,-53.74,2026-07-29 14:19:04+00:00
2026-07-29T14:20:03+00:00,-46.44,-57.12,-68.29,-61.87,-65.34,-48.73,-48.45,-45.56,-53.03,-43.99,-45.63,-64.75,-56.81,-61.50,-55.67,-49.82,-53.82,2026-07-29 14:20:03+00:00
2026-07-29T14:21:03+00:00,-46.58,-57.05,-68.26,-61.79,-67.13,-48.78,-48.30,-48.52,-53.17,-45.48,-50.70,-64.62,-56.59,-61.42,-55.29,-49.86,-53.85,2026-07-29 14:21:03+00:00
2026-07-29T14:22:04+00:00,-46.60,-57.52,-67.28,-62.03,-66.28,-48.73,-48.51,-46.90,-51.29,-45.51,-50.55,-64.43,-56.89,-61.80,-55.60,-49.78,-54.69,2026-07-29 14:22:04+00:00
2026-07-29T14:23:04+00:00,-46.65,-57.45,-67.87,-62.19,-66.05,-49.03,-48.30,-48.21,-51.32,-45.52,-50.58,-64.76,-56.90,-62.13,-55.59,-49.42,-53.94,2026-07-29 14:23:04+00:00
2026-07-29T14:24:03+00:00,-46.69,-57.96,-68.53,-61.88,-67.01,-48.76,-48.56,-47.00,-51.31,-45.10,-50.58,-65.15,-56.98,-62.18,-55.65,-49.44,-54.62,2026-07-29 14:24:03+00:00
2026-07-29T14:25:04+00:00,-46.98,-58.10,-67.84,-61.88,-66.44,-48.73,-47.90,-47.02,-51.06,-45.46,-50.71,-64.71,-56.79,-62.34,-56.22,-49.33,-53.71,2026-07-29 14:25:04+00:00
2026-07-29T14:26:04+00:00,-46.66,-57.95,-66.36,-61.68,-66.28,-48.95,-48.69,-47.05,-51.11,-45.15,-50.67,-63.54,-56.58,-62.97,-55.87,-49.51,-53.77,2026-07-29 14:26:04+00:00
2026-07-29T14:27:03+00:00,-46.82,-57.70,-68.39,-61.57,-65.88,-49.03,-48.28,-46.99,-51.06,-45.06,-50.73,-65.11,-56.73,-62.87,-55.50,-49.34,-57.79,2026-07-29 14:27:03+00:00
2026-07-29T14:28:03+00:00,-46.82,-57.69,-67.76,-61.39,-65.80,-49.11,-48.55,-47.04,-51.14,-44.75,-50.62,-64.39,-56.56,-63.11,-55.45,-49.71,-58.18,2026-07-29 14:28:03+00:00
2026-07-29T14:29:04+00:00,-46.09,-57.48,-68.06,-61.93,-66.30,-48.94,-48.14,-49.84,-51.16,-44.63,-50.79,-64.77,-56.69,-63.29,-55.84,-49.30,-58.31,2026-07-29 14:29:04+00:00
2026-07-29T14:30:03+00:00,-46.21,-57.47,-67.86,-61.69,-66.13,-48.79,-48.42,-51.43,-50.93,-44.53,-51.16,-64.84,-56.52,-63.42,-55.46,-49.49,-58.34,2026-07-29 14:30:03+00:00
2026-07-29T14:31:03+00:00,-47.14,-57.14,-68.22,-62.16,-65.51,-48.94,-48.32,-48.79,-50.79,-44.72,-51.08,-64.67,-56.55,-63.27,-55.67,-49.36,-58.34,2026-07-29 14:31:03+00:00
2026-07-29T14:32:04+00:00,-47.09,-57.58,-67.73,-61.69,-65.95,-49.00,-48.07,-47.87,-50.79,-44.84,-51.30,-64.38,-56.69,-63.51,-55.97,-49.32,-58.54,2026-07-29 14:32:04+00:00
2026-07-29T14:33:03+00:00,-46.92,-57.64,-68.20,-61.75,-66.85,-49.02,-48.48,-48.81,-50.78,-44.83,-51.20,-65.13,-56.62,-63.36,-56.04,-49.30,-58.76,2026-07-29 14:33:03+00:00
2026-07-29T14:34:03+00:00,-46.68,-57.91,-66.77,-61.52,-66.38,-48.88,-48.25,-47.86,-50.68,-44.96,-51.28,-66.03,-56.55,-63.30,-55.59,-49.48,-58.55,2026-07-29 14:34:03+00:00
2026-07-29T14:35:04+00:00,-46.34,-58.16,-67.40,-61.54,-65.25,-48.93,-48.75,-47.77,-49.96,-45.08,-50.99,-66.27,-56.86,-63.35,-55.53,-49.39,-58.49,2026-07-29 14:35:04+00:00
2026-07-29T14:36:03+00:00,-46.72,-58.13,-67.00,-61.82,-65.64,-48.82,-48.59,-47.85,-49.97,-44.90,-51.36,-65.83,-56.59,-63.37,-56.06,-49.43,-58.25,2026-07-29 14:36:03+00:00
2026-07-29T14:37:03+00:00,-46.30,-57.68,-66.66,-61.82,-65.92,-49.07,-48.93,-48.35,-51.20,-45.15,-51.35,-64.16,-56.61,-63.06,-55.59,-49.49,-57.81,2026-07-29 14:37:03+00:00
2026-07-29T14:38:04+00:00,-46.52,-57.39,-64.66,-61.91,-66.57,-48.91,-48.22,-49.12,-51.32,-44.99,-50.59,-62.22,-56.57,-62.81,-55.79,-49.65,-58.08,2026-07-29 14:38:04+00:00
2026-07-29T14:39:03+00:00,-46.53,-57.73,-65.77,-61.52,-66.59,-48.93,-48.95,-51.29,-51.31,-45.08,-51.16,-63.01,-56.80,-62.63,-56.04,-49.79,-58.20,2026-07-29 14:39:03+00:00
2026-07-29T14:40:03+00:00,-46.78,-57.80,-67.34,-61.65,-66.57,-48.94,-48.40,-51.37,-51.27,-45.21,-50.64,-64.77,-56.57,-62.37,-56.13,-49.38,-58.20,2026-07-29 14:40:03+00:00
2026-07-29T14:41:04+00:00,-46.70,-57.85,-66.48,-61.40,-66.26,-48.94,-48.87,-51.44,-51.13,-45.05,-51.18,-65.78,-56.56,-61.54,-55.85,-49.47,-57.30,2026-07-29 14:41:04+00:00
2026-07-29T14:42:03+00:00,-46.98,-58.09,-67.31,-61.67,-66.50,-48.62,-48.68,-51.42,-51.36,-45.23,-50.99,-66.46,-56.78,-61.72,-55.61,-49.70,-57.92,2026-07-29 14:42:03+00:00
2026-07-29T14:43:03+00:00,-47.44,-58.03,-67.43,-61.73,-65.65,-48.80,-48.69,-51.45,-51.11,-45.26,-50.71,-65.66,-57.05,-61.56,-56.24,-49.57,-57.89,2026-07-29 14:43:03+00:00
2026-07-29T14:44:04+00:00,-47.53,-57.68,-67.70,-61.88,-65.77,-48.85,-48.17,-51.38,-51.11,-45.01,-51.12,-64.98,-56.79,-61.21,-55.74,-49.51,-57.85,2026-07-29 14:44:04+00:00
2026-07-29T14:45:03+00:00,-47.31,-57.96,-67.13,-61.82,-65.61,-48.73,-48.91,-51.51,-51.45,-45.24,-51.28,-64.93,-56.93,-60.57,-55.66,-49.43,-58.01,2026-07-29 14:45:03+00:00
2026-07-29T14:46:03+00:00,-47.69,-57.95,-67.57,-61.80,-66.19,-48.83,-48.59,-51.45,-51.45,-45.09,-51.40,-65.06,-56.89,-60.38,-55.73,-49.53,-53.61,2026-07-29 14:46:03+00:00
2026-07-29T14:47:04+00:00,-47.70,-58.40,-67.16,-61.85,-65.31,-48.81,-48.69,-51.50,-51.48,-45.03,-50.94,-65.00,-56.63,-60.25,-55.83,-49.45,-53.83,2026-07-29 14:47:04+00:00
2026-07-29T14:48:04+00:00,-48.07,-58.35,-67.08,-61.60,-66.53,-48.85,-48.82,-51.43,-51.53,-44.91,-51.08,-64.98,-56.62,-59.89,-55.94,-49.44,-53.72,2026-07-29 14:48:04+00:00
2026-07-29T14:49:03+00:00,-47.92,-57.30,-67.43,-61.87,-66.38,-48.77,-48.70,-51.46,-51.26,-45.11,-50.98,-65.13,-56.41,-59.71,-55.80,-49.44,-55.07,2026-07-29 14:49:03+00:00
2026-07-29T14:50:04+00:00,-47.48,-57.35,-67.33,-61.40,-65.66,-49.05,-48.54,-51.47,-52.66,-45.22,-51.27,-65.13,-56.99,-59.54,-55.65,-49.36,-54.77,2026-07-29 14:50:04+00:00
2026-07-29T14:51:04+00:00,-47.44,-57.49,-67.77,-61.78,-66.24,-48.99,-48.54,-51.50,-52.68,-45.21,-51.27,-64.97,-56.93,-59.47,-55.91,-49.13,-53.75,2026-07-29 14:51:04+00:00
2026-07-29T14:52:03+00:00,-47.41,-57.82,-67.54,-61.39,-66.37,-48.93,-48.56,-51.55,-52.80,-45.21,-51.13,-65.07,-56.67,-59.31,-55.97,-49.26,-53.13,2026-07-29 14:52:03+00:00
2026-07-29T14:53:04+00:00,-47.32,-56.59,-67.72,-61.07,-66.70,-49.03,-48.89,-51.58,-53.72,-44.99,-51.12,-65.22,-57.03,-58.97,-55.61,-49.49,-53.35,2026-07-29 14:53:04+00:00
2026-07-29T14:54:04+00:00,-46.86,-56.83,-68.23,-61.75,-65.40,-48.96,-48.73,-51.52,-52.73,-45.16,-51.14,-65.12,-56.25,-58.97,-55.49,-49.44,-54.12,2026-07-29 14:54:04+00:00
2026-07-29T14:55:03+00:00,-46.34,-57.00,-67.87,-61.69,-65.54,-48.96,-48.77,-51.54,-53.71,-45.05,-51.28,-65.06,-56.58,-58.91,-55.50,-49.30,-55.07,2026-07-29 14:55:03+00:00
2026-07-29T14:56:03+00:00,-46.72,-56.80,-67.35,-62.12,-66.30,-49.17,-48.74,-51.47,-53.43,-45.24,-50.60,-65.01,-56.81,-58.66,-55.37,-49.65,-54.03,2026-07-29 14:56:03+00:00
2026-07-29T14:57:04+00:00,-46.88,-56.83,-67.63,-62.23,-66.37,-49.21,-48.78,-51.55,-54.09,-45.13,-51.15,-65.18,-57.15,-58.47,-55.95,-49.32,-57.93,2026-07-29 14:57:04+00:00
2026-07-29T14:58:04+00:00,-46.72,-57.40,-67.62,-61.96,-65.66,-48.86,-48.46,-51.58,-53.80,-45.32,-51.23,-65.29,-57.31,-58.36,-55.58,-49.28,-58.20,2026-07-29 14:58:04+00:00
2026-07-29T14:59:03+00:00,-47.06,-58.17,-67.31,-61.74,-67.71,-49.63,-48.70,-51.56,-54.50,-45.22,-51.49,-65.10,-57.44,-58.22,-55.80,-49.33,-57.40,2026-07-29 14:59:03+00:00
2026-07-29T15:00:04+00:00,-47.50,-57.48,-67.89,-61.78,-65.64,-51.01,-48.40,-51.54,-55.10,-45.20,-51.16,-65.17,-57.63,-57.74,-55.58,-49.49,-55.22,2026-07-29 15:00:04+00:00
2026-07-29T15:01:04+00:00,-47.35,-58.00,-67.69,-61.72,-66.99,-50.90,-48.82,-51.56,-54.90,-45.22,-51.26,-65.31,-57.45,-57.57,-55.68,-49.25,-53.90,2026-07-29 15:01:04+00:00
2026-07-29T15:02:04+00:00,-47.04,-58.22,-67.92,-61.79,-65.71,-51.06,-48.38,-51.50,-55.56,-45.19,-51.20,-64.97,-57.41,-57.52,-55.50,-49.19,-53.76,2026-07-29 15:02:04+00:00
2026-07-29T15:03:04+00:00,-47.21,-58.07,-67.47,-61.36,-66.51,-50.94,-48.60,-51.53,-55.41,-45.16,-51.38,-65.12,-57.45,-57.63,-55.79,-49.06,-53.76,2026-07-29 15:03:04+00:00
2026-07-29T15:04:03+00:00,-47.21,-58.59,-67.72,-61.95,-65.36,-51.05,-48.74,-51.48,-55.44,-45.10,-51.01,-64.80,-57.62,-57.22,-55.52,-49.09,-57.79,2026-07-29 15:04:03+00:00
2026-07-29T15:05:04+00:00,-47.26,-58.44,-68.01,-61.66,-66.07,-50.93,-48.56,-51.50,-54.78,-45.23,-51.15,-65.17,-57.37,-57.16,-55.30,-48.92,-57.57,2026-07-29 15:05:04+00:00
2026-07-29T15:06:03+00:00,-46.99,-58.56,-68.42,-61.53,-66.27,-50.80,-49.20,-51.47,-54.06,-45.14,-51.14,-64.88,-57.57,-56.69,-55.61,-48.82,-57.70,2026-07-29 15:06:03+00:00
2026-07-29T15:07:04+00:00,-46.75,-59.11,-67.57,-61.34,-66.38,-50.99,-48.59,-50.75,-51.68,-44.91,-51.11,-65.23,-57.69,-56.43,-55.54,-48.65,-56.67,2026-07-29 15:07:04+00:00
2026-07-29T15:08:04+00:00,-47.14,-58.19,-67.67,-61.16,-66.90,-50.93,-48.75,-50.42,-51.60,-44.82,-51.31,-65.41,-57.52,-56.45,-55.56,-48.37,-57.50,2026-07-29 15:08:04+00:00
2026-07-29T15:09:03+00:00,-47.09,-58.21,-67.36,-61.82,-66.24,-51.02,-48.66,-49.97,-51.38,-44.88,-51.15,-65.01,-57.79,-56.43,-55.60,-48.24,-57.56,2026-07-29 15:09:03+00:00
2026-07-29T15:10:04+00:00,-46.22,-59.20,-67.87,-61.70,-65.61,-51.13,-48.60,-49.57,-51.32,-44.94,-50.94,-65.19,-57.66,-56.13,-55.69,-48.10,-57.63,2026-07-29 15:10:04+00:00
2026-07-29T15:11:04+00:00,-47.29,-58.24,-67.73,-61.96,-66.46,-51.23,-48.53,-49.14,-51.47,-44.76,-51.04,-65.40,-57.64,-55.37,-55.86,-48.01,-57.61,2026-07-29 15:11:04+00:00
2026-07-29T15:12:03+00:00,-46.90,-58.79,-68.33,-61.52,-65.53,-50.96,-48.95,-48.42,-51.35,-45.05,-51.04,-65.31,-57.68,-55.47,-55.52,-47.80,-57.85,2026-07-29 15:12:03+00:00
2026-07-29T15:13:04+00:00,-46.54,-59.58,-68.05,-61.92,-66.44,-51.28,-49.20,-47.46,-51.38,-44.64,-50.82,-65.27,-57.60,-54.97,-55.67,-48.05,-57.55,2026-07-29 15:13:04+00:00
2026-07-29T15:14:04+00:00,-46.61,-58.98,-68.18,-61.86,-66.90,-51.04,-49.24,-47.46,-51.41,-44.90,-51.06,-65.44,-57.66,-54.72,-55.32,-47.85,-57.35,2026-07-29 15:14:04+00:00
2026-07-29T15:15:03+00:00,-46.42,-58.97,-67.84,-61.80,-66.16,-51.03,-49.11,-47.44,-51.37,-44.86,-50.84,-65.30,-57.67,-54.55,-55.69,-47.62,-57.32,2026-07-29 15:15:03+00:00
2026-07-29T15:16:03+00:00,-47.46,-58.95,-67.98,-61.95,-65.30,-50.86,-48.96,-47.46,-51.56,-44.85,-51.08,-65.15,-57.74,-54.51,-55.42,-47.62,-57.63,2026-07-29 15:16:03+00:00
2026-07-29T15:17:04+00:00,-47.36,-58.54,-68.32,-61.75,-66.48,-50.98,-48.87,-47.48,-51.78,-44.81,-50.89,-65.15,-57.66,-54.45,-55.94,-47.73,-57.89,2026-07-29 15:17:04+00:00
2026-07-29T15:18:04+00:00,-47.26,-57.84,-68.28,-61.62,-66.06,-50.99,-48.89,-47.50,-51.71,-44.87,-50.88,-65.10,-57.66,-54.08,-55.55,-47.46,-57.91,2026-07-29 15:18:04+00:00
2026-07-29T15:19:03+00:00,-47.17,-59.35,-67.94,-61.81,-65.86,-51.20,-48.96,-47.47,-51.89,-44.89,-50.93,-65.14,-57.64,-54.11,-55.86,-47.58,-58.15,2026-07-29 15:19:03+00:00
2026-07-29T15:20:04+00:00,-47.24,-59.34,-68.01,-61.80,-66.73,-51.06,-49.00,-47.55,-50.56,-44.97,-50.70,-65.19,-57.58,-53.87,-55.69,-47.57,-57.83,2026-07-29 15:20:04+00:00
2026-07-29T15:21:04+00:00,-47.51,-59.81,-67.76,-61.97,-65.42,-48.57,-49.22,-47.51,-50.60,-44.78,-50.60,-64.87,-57.36,-54.02,-56.00,-47.65,-57.70,2026-07-29 15:21:04+00:00
2026-07-29T15:22:03+00:00,-47.17,-59.20,-68.35,-61.99,-66.36,-49.78,-48.70,-47.49,-51.89,-44.84,-50.84,-64.86,-57.68,-53.95,-55.86,-47.74,-57.89,2026-07-29 15:22:03+00:00
2026-07-29T15:23:03+00:00,-47.84,-59.05,-68.36,-62.04,-65.27,-49.93,-49.56,-47.49,-51.75,-44.72,-51.08,-64.96,-57.08,-54.02,-55.92,-47.40,-57.86,2026-07-29 15:23:03+00:00
2026-07-29T15:24:04+00:00,-46.69,-58.97,-68.16,-62.00,-66.55,-46.61,-49.05,-47.50,-51.84,-45.07,-50.76,-64.61,-57.29,-53.89,-55.65,-47.54,-57.70,2026-07-29 15:24:04+00:00
2026-07-29T15:25:04+00:00,-46.88,-59.58,-68.34,-61.51,-65.77,-46.76,-49.39,-47.52,-51.75,-44.84,-50.87,-64.68,-56.88,-53.71,-55.69,-47.51,-57.73,2026-07-29 15:25:04+00:00
2026-07-29T15:26:03+00:00,-47.37,-59.15,-68.10,-61.54,-66.57,-46.89,-49.13,-47.58,-51.86,-44.88,-50.85,-64.70,-56.88,-53.78,-55.79,-47.45,-57.84,2026-07-29 15:26:03+00:00
2026-07-29T15:27:03+00:00,-47.08,-59.60,-68.03,-61.56,-66.23,-46.81,-48.95,-47.61,-51.97,-44.94,-50.98,-64.80,-56.94,-53.79,-56.07,-47.38,-57.56,2026-07-29 15:27:03+00:00
2026-07-29T15:28:04+00:00,-47.70,-58.91,-68.00,-62.11,-66.74,-46.52,-49.19,-47.56,-51.90,-44.63,-50.88,-64.67,-56.85,-53.43,-56.11,-47.30,-57.84,2026-07-29 15:28:04+00:00
2026-07-29T15:29:03+00:00,-46.48,-59.63,-68.30,-62.02,-66.16,-46.68,-49.37,-47.51,-51.98,-44.74,-50.68,-64.83,-56.76,-53.09,-56.01,-47.29,-57.75,2026-07-29 15:29:03+00:00
2026-07-29T15:30:03+00:00,-46.70,-60.48,-68.50,-61.67,-67.02,-46.95,-49.15,-47.61,-51.91,-44.90,-50.56,-64.95,-56.77,-53.10,-55.94,-47.26,-55.25,2026-07-29 15:30:03+00:00
2026-07-29T15:31:03+00:00,-46.95,-60.41,-68.27,-61.72,-65.90,-46.95,-49.13,-47.55,-51.89,-44.91,-50.61,-64.81,-56.83,-53.03,-55.61,-47.15,-57.38,2026-07-29 15:31:03+00:00
2026-07-29T15:32:04+00:00,-46.14,-59.84,-68.47,-61.91,-66.71,-46.74,-49.13,-47.57,-51.88,-44.97,-50.25,-64.95,-56.75,-52.98,-55.83,-46.97,-57.63,2026-07-29 15:32:04+00:00
2026-07-29T15:33:03+00:00,-45.40,-59.61,-68.52,-62.10,-66.36,-46.85,-49.48,-47.67,-51.88,-44.92,-50.34,-64.78,-57.04,-52.72,-56.10,-46.89,-57.63,2026-07-29 15:33:03+00:00
2026-07-29T15:34:04+00:00,-45.65,-59.79,-68.38,-62.24,-66.22,-46.86,-49.70,-47.71,-51.91,-45.05,-50.38,-64.74,-57.01,-52.78,-56.04,-46.76,-57.13,2026-07-29 15:34:04+00:00
2026-07-29T15:35:04+00:00,-45.96,-60.40,-67.97,-61.86,-65.35,-46.83,-49.22,-47.70,-53.67,-45.01,-50.61,-65.00,-56.97,-52.73,-56.25,-46.84,-56.97,2026-07-29 15:35:04+00:00
2026-07-29T15:36:04+00:00,-46.79,-60.27,-68.45,-62.14,-66.79,-46.78,-49.30,-47.71,-53.82,-45.03,-50.59,-64.91,-56.49,-52.48,-56.09,-46.72,-56.73,2026-07-29 15:36:04+00:00
2026-07-29T15:37:03+00:00,-47.04,-56.90,-68.13,-62.13,-66.49,-46.76,-49.03,-47.74,-53.80,-45.00,-50.99,-64.99,-56.86,-52.26,-56.10,-46.57,-56.59,2026-07-29 15:37:03+00:00
2026-07-29T15:38:04+00:00,-46.96,-58.70,-68.15,-62.04,-65.52,-46.87,-49.38,-47.72,-53.71,-45.23,-50.92,-64.60,-56.68,-52.40,-55.84,-46.51,-56.95,2026-07-29 15:38:04+00:00
2026-07-29T15:39:04+00:00,-46.82,-56.16,-67.82,-61.81,-65.22,-47.02,-49.48,-47.73,-53.66,-45.18,-50.84,-64.65,-57.02,-52.21,-55.90,-46.38,-56.83,2026-07-29 15:39:04+00:00
2026-07-29T15:40:03+00:00,-46.91,-60.19,-67.66,-62.11,-65.80,-46.76,-49.29,-47.79,-53.85,-45.16,-50.71,-64.72,-56.82,-52.11,-56.18,-46.54,-56.92,2026-07-29 15:40:03+00:00
2026-07-29T15:41:03+00:00,-47.17,-60.33,-67.60,-62.08,-66.31,-46.75,-48.75,-47.74,-54.08,-44.86,-50.75,-65.08,-56.84,-51.98,-56.18,-46.53,-56.61,2026-07-29 15:41:03+00:00
2026-07-29T15:42:04+00:00,-46.94,-60.29,-68.01,-61.74,-66.10,-46.73,-49.57,-47.80,-54.02,-45.03,-50.72,-64.88,-56.87,-51.88,-56.16,-46.36,-56.86,2026-07-29 15:42:04+00:00
2026-07-29T15:43:03+00:00,-47.41,-60.33,-67.46,-61.82,-65.48,-46.75,-48.32,-47.87,-53.96,-45.08,-50.66,-65.19,-56.95,-51.96,-56.22,-46.45,-56.77,2026-07-29 15:43:03+00:00
2026-07-29T15:44:03+00:00,-46.72,-58.64,-67.56,-62.12,-65.78,-46.87,-48.92,-47.94,-53.93,-44.91,-50.05,-64.85,-56.02,-52.04,-56.30,-46.40,-56.74,2026-07-29 15:44:03+00:00
2026-07-29T15:45:04+00:00,-46.50,-58.80,-67.65,-61.88,-66.52,-46.78,-48.82,-47.86,-53.80,-45.09,-51.06,-64.73,-56.60,-52.00,-56.05,-46.46,-56.78,2026-07-29 15:45:04+00:00
2026-07-29T15:46:04+00:00,-46.86,-56.84,-68.17,-62.13,-65.32,-46.97,-49.06,-47.93,-53.78,-44.95,-50.59,-64.99,-57.13,-51.90,-56.27,-46.33,-55.70,2026-07-29 15:46:04+00:00
2026-07-29T15:47:03+00:00,-46.88,-57.21,-67.60,-62.13,-65.87,-46.67,-48.73,-47.95,-53.75,-44.92,-50.81,-64.97,-56.75,-51.74,-56.28,-46.12,-56.66,2026-07-29 15:47:03+00:00
2026-07-29T15:48:04+00:00,-46.78,-57.47,-67.66,-61.79,-66.56,-46.90,-48.98,-47.96,-53.81,-45.16,-50.59,-64.93,-56.51,-51.59,-56.02,-45.94,-56.79,2026-07-29 15:48:04+00:00
2026-07-29T15:49:04+00:00,-46.52,-57.46,-67.75,-61.99,-66.96,-46.82,-49.18,-47.96,-53.91,-45.13,-50.64,-64.65,-57.05,-51.81,-56.41,-45.97,-56.78,2026-07-29 15:49:04+00:00
2026-07-29T15:50:03+00:00,-46.88,-58.35,-68.28,-61.68,-66.76,-46.83,-48.81,-47.98,-53.83,-45.10,-50.64,-64.70,-57.43,-51.59,-56.33,-45.74,-56.78,2026-07-29 15:50:03+00:00
2026-07-29T15:51:03+00:00,-46.77,-58.46,-67.95,-61.85,-65.77,-47.06,-48.93,-47.98,-53.24,-44.89,-50.70,-64.70,-57.45,-51.70,-56.60,-45.98,-56.48,2026-07-29 15:51:03+00:00
2026-07-29T15:52:04+00:00,-46.47,-58.63,-68.27,-61.55,-66.55,-46.86,-49.03,-48.10,-51.97,-44.88,-50.24,-64.89,-58.07,-51.79,-56.42,-45.81,-56.84,2026-07-29 15:52:04+00:00
2026-07-29T15:53:04+00:00,-46.80,-56.45,-67.83,-61.88,-65.79,-46.97,-49.14,-48.14,-51.85,-44.83,-50.53,-65.13,-58.02,-51.62,-56.36,-45.75,-56.62,2026-07-29 15:53:04+00:00
2026-07-29T15:54:03+00:00,-46.73,-57.15,-66.21,-61.92,-66.35,-46.98,-48.59,-48.20,-51.93,-44.96,-50.26,-64.69,-58.14,-51.68,-56.33,-45.80,-56.42,2026-07-29 15:54:03+00:00
2026-07-29T15:55:03+00:00,-46.41,-57.51,-66.82,-61.63,-66.43,-46.87,-48.92,-48.16,-50.00,-44.79,-50.65,-64.54,-58.00,-51.67,-55.88,-45.87,-56.60,2026-07-29 15:55:03+00:00
2026-07-29T15:56:04+00:00,-46.41,-57.51,-66.66,-61.64,-66.05,-46.91,-49.27,-48.19,-50.54,-44.76,-50.40,-64.93,-58.14,-51.90,-56.18,-45.83,-56.71,2026-07-29 15:56:04+00:00
2026-07-29T15:57:04+00:00,-46.29,-57.59,-66.38,-61.79,-66.13,-47.30,-49.33,-48.20,-52.98,-44.79,-50.69,-64.87,-57.73,-51.76,-55.97,-45.87,-56.58,2026-07-29 15:57:04+00:00
2026-07-29T15:58:03+00:00,-46.64,-56.69,-66.63,-62.03,-65.93,-47.05,-49.20,-48.23,-49.88,-44.75,-50.61,-63.63,-57.87,-51.67,-56.25,-45.78,-56.60,2026-07-29 15:58:03+00:00
2026-07-29T15:59:04+00:00,-46.18,-57.66,-66.69,-62.02,-66.48,-47.05,-49.18,-48.26,-49.87,-44.71,-50.62,-63.59,-57.75,-51.56,-56.76,-45.82,-55.83,2026-07-29 15:59:04+00:00
2026-07-29T16:00:04+00:00,-46.91,-57.63,-66.83,-61.79,-66.36,-47.16,-48.81,-48.22,-49.54,-44.50,-50.60,-64.42,-58.13,-51.37,-56.60,-45.75,-56.99,2026-07-29 16:00:04+00:00
2026-07-29T16:01:04+00:00,-46.64,-57.72,-67.14,-61.67,-66.21,-47.27,-49.38,-48.23,-49.72,-44.93,-50.61,-64.38,-58.07,-51.32,-56.10,-45.69,-56.80,2026-07-29 16:01:04+00:00
2026-07-29T16:02:04+00:00,-46.95,-58.46,-65.80,-61.53,-66.49,-47.09,-49.75,-48.21,-49.61,-44.77,-50.58,-63.67,-57.84,-51.35,-56.24,-45.86,-56.70,2026-07-29 16:02:04+00:00
2026-07-29T16:03:03+00:00,-47.05,-58.80,-66.76,-61.55,-66.78,-47.17,-49.03,-48.31,-49.46,-45.02,-50.44,-64.59,-58.02,-51.19,-56.18,-45.70,-57.12,2026-07-29 16:03:03+00:00
2026-07-29T16:04:03+00:00,-46.82,-59.82,-66.45,-61.52,-66.04,-51.42,-49.05,-48.31,-49.69,-44.80,-50.74,-64.97,-58.07,-51.15,-56.32,-45.64,-56.66,2026-07-29 16:04:03+00:00
2026-07-29T16:05:04+00:00,-46.80,-59.48,-66.31,-61.69,-66.03,-51.40,-49.38,-48.37,-50.60,-44.84,-50.62,-64.41,-58.15,-51.23,-56.63,-45.85,-56.80,2026-07-29 16:05:04+00:00
2026-07-29T16:06:03+00:00,-46.55,-59.50,-65.35,-62.05,-65.65,-51.23,-48.98,-48.35,-51.45,-44.69,-50.65,-64.42,-58.21,-50.86,-56.34,-45.67,-56.90,2026-07-29 16:06:03+00:00
2026-07-29T16:07:03+00:00,-46.47,-60.15,-65.66,-61.72,-65.93,-51.23,-49.45,-48.14,-52.06,-44.72,-50.73,-65.04,-58.67,-50.82,-56.23,-45.57,-57.21,2026-07-29 16:07:03+00:00
2026-07-29T16:08:04+00:00,-46.70,-60.55,-67.76,-62.02,-66.06,-51.24,-49.20,-48.19,-52.22,-44.72,-50.80,-65.36,-58.56,-50.72,-56.28,-45.54,-57.35,2026-07-29 16:08:04+00:00
2026-07-29T16:09:03+00:00,-46.47,-60.45,-67.76,-61.86,-65.84,-51.27,-49.05,-48.20,-52.46,-44.85,-50.81,-65.21,-58.62,-50.89,-56.11,-45.60,-57.37,2026-07-29 16:09:03+00:00
2026-07-29T16:10:03+00:00,-46.78,-60.88,-67.83,-61.88,-66.01,-51.15,-49.11,-48.22,-52.38,-44.97,-50.63,-65.24,-58.66,-50.47,-56.17,-45.58,-57.36,2026-07-29 16:10:03+00:00
2026-07-29T16:11:04+00:00,-46.77,-61.05,-67.88,-62.02,-66.52,-51.22,-49.21,-48.25,-52.40,-45.08,-50.57,-65.14,-58.70,-50.49,-55.91,-45.73,-56.83,2026-07-29 16:11:04+00:00
2026-07-29T16:12:04+00:00,-47.34,-61.26,-67.77,-62.04,-66.26,-51.07,-48.97,-48.30,-52.32,-45.09,-50.72,-65.24,-58.55,-50.32,-56.76,-45.72,-56.57,2026-07-29 16:12:04+00:00
2026-07-29T16:13:03+00:00,-46.90,-61.31,-66.75,-61.51,-65.60,-51.34,-48.98,-48.35,-51.74,-45.11,-50.66,-65.35,-58.62,-50.04,-56.44,-45.51,-56.15,2026-07-29 16:13:03+00:00
2026-07-29T16:14:04+00:00,-46.97,-61.71,-66.77,-61.76,-66.29,-51.26,-49.43,-48.32,-50.57,-45.10,-50.52,-65.03,-58.93,-50.05,-56.26,-45.70,-56.84,2026-07-29 16:14:04+00:00
2026-07-29T16:15:04+00:00,-47.25,-61.78,-67.13,-61.70,-66.54,-51.10,-48.61,-48.33,-49.05,-45.20,-50.45,-64.77,-58.46,-50.04,-56.15,-45.92,-56.98,2026-07-29 16:15:04+00:00
2026-07-29T16:16:03+00:00,-46.21,-60.99,-67.15,-62.09,-66.81,-51.29,-49.08,-48.34,-50.15,-45.34,-50.53,-64.72,-58.88,-50.03,-56.76,-45.96,-56.97,2026-07-29 16:16:03+00:00
2026-07-29T16:17:03+00:00,-46.45,-60.40,-66.96,-61.80,-66.09,-51.38,-49.10,-48.29,-50.51,-45.05,-50.55,-65.18,-58.97,-50.19,-56.09,-45.98,-56.90,2026-07-29 16:17:03+00:00
2026-07-29T16:18:04+00:00,-46.79,-60.61,-66.73,-61.76,-66.05,-51.41,-49.04,-48.28,-51.07,-45.28,-50.32,-64.76,-59.10,-50.32,-56.18,-45.97,-56.51,2026-07-29 16:18:04+00:00
2026-07-29T16:19:04+00:00,-45.11,-60.82,-66.64,-62.02,-66.48,-51.43,-49.34,-48.33,-50.54,-44.97,-50.72,-64.84,-59.09,-50.36,-56.77,-45.85,-57.46,2026-07-29 16:19:04+00:00
2026-07-29T16:20:03+00:00,-45.41,-61.21,-66.89,-61.59,-67.43,-51.49,-49.51,-48.40,-52.15,-45.09,-50.57,-64.94,-59.02,-50.30,-56.37,-45.69,-57.41,2026-07-29 16:20:03+00:00
2026-07-29T16:21:03+00:00,-45.87,-60.85,-65.29,-62.12,-66.91,-51.30,-49.24,-48.39,-53.73,-44.99,-50.44,-65.23,-59.00,-50.34,-56.51,-46.04,-57.64,2026-07-29 16:21:03+00:00
2026-07-29T16:22:04+00:00,-43.77,-60.75,-63.45,-61.68,-66.66,-51.28,-49.13,-48.36,-50.80,-44.36,-48.51,-64.28,-58.39,-50.29,-56.80,-46.04,-56.59,2026-07-29 16:22:04+00:00
2026-07-29T16:23:03+00:00,-45.15,-60.89,-64.65,-61.85,-66.10,-51.23,-49.09,-48.35,-50.02,-44.34,-48.30,-64.86,-58.67,-49.98,-53.45,-45.98,-57.39,2026-07-29 16:23:03+00:00
2026-07-29T16:24:03+00:00,-45.52,-60.04,-64.63,-62.00,-67.10,-51.45,-49.19,-48.36,-49.79,-45.29,-48.69,-65.04,-58.64,-49.98,-56.27,-46.33,-57.50,2026-07-29 16:24:03+00:00
2026-07-29T16:25:04+00:00,-45.36,-59.43,-64.53,-61.94,-65.69,-51.31,-49.44,-48.36,-50.07,-45.91,-49.30,-65.15,-58.21,-50.11,-52.57,-46.24,-57.40,2026-07-29 16:25:04+00:00
2026-07-29T16:26:04+00:00,-46.34,-60.42,-64.45,-61.89,-66.15,-51.16,-49.48,-48.43,-49.51,-45.22,-47.65,-65.17,-58.82,-49.79,-56.73,-45.97,-57.38,2026-07-29 16:26:04+00:00
2026-07-29T16:27:03+00:00,-45.82,-60.57,-64.45,-62.05,-66.58,-50.28,-49.36,-48.45,-49.62,-44.71,-47.72,-64.79,-58.75,-49.75,-56.74,-46.11,-57.03,2026-07-29 16:27:03+00:00
2026-07-29T16:28:03+00:00,-45.62,-60.41,-64.82,-62.46,-66.82,-50.00,-49.48,-48.50,-49.73,-44.31,-47.52,-65.15,-58.80,-49.81,-56.59,-46.02,-57.72,2026-07-29 16:28:03+00:00
2026-07-29T16:29:04+00:00,-45.83,-60.52,-64.11,-62.32,-66.07,-47.69,-49.21,-48.47,-49.53,-43.65,-46.69,-64.54,-58.86,-49.64,-56.55,-45.96,-55.00,2026-07-29 16:29:04+00:00
2026-07-29T16:30:04+00:00,-46.38,-60.91,-64.25,-62.09,-66.49,-46.69,-49.28,-48.49,-49.97,-43.22,-45.76,-64.91,-58.97,-49.50,-56.50,-46.14,-57.42,2026-07-29 16:30:04+00:00
2026-07-29T16:31:04+00:00,-45.47,-60.96,-64.95,-62.38,-65.96,-46.70,-48.71,-48.52,-50.33,-43.21,-45.71,-65.19,-59.17,-49.26,-56.63,-45.98,-57.14,2026-07-29 16:31:04+00:00
2026-07-29T16:32:03+00:00,-44.90,-60.78,-64.75,-61.93,-66.26,-46.78,-49.05,-48.57,-50.52,-43.98,-47.05,-65.10,-59.35,-49.44,-56.61,-45.90,-57.18,2026-07-29 16:32:03+00:00
2026-07-29T16:33:04+00:00,-43.19,-60.98,-64.58,-62.00,-65.77,-47.11,-49.74,-48.57,-50.42,-44.22,-47.65,-64.91,-59.54,-49.37,-56.89,-45.90,-55.92,2026-07-29 16:33:04+00:00
2026-07-29T16:34:04+00:00,-44.78,-61.32,-63.81,-62.48,-66.63,-46.94,-49.35,-48.55,-50.28,-44.35,-47.19,-63.07,-59.18,-49.23,-56.52,-45.89,-56.93,2026-07-29 16:34:04+00:00
2026-07-29T16:35:03+00:00,-44.94,-61.53,-64.45,-61.85,-66.19,-46.83,-49.40,-48.66,-50.08,-44.05,-47.13,-64.88,-59.32,-49.19,-57.27,-45.82,-56.18,2026-07-29 16:35:03+00:00
2026-07-29T16:36:04+00:00,-45.40,-62.86,-64.41,-62.10,-66.84,-47.02,-49.71,-48.60,-49.47,-44.20,-47.00,-64.86,-59.47,-49.28,-56.88,-45.82,-56.38,2026-07-29 16:36:04+00:00
2026-07-29T16:37:04+00:00,-46.11,-62.40,-64.48,-62.33,-66.31,-46.99,-49.75,-48.60,-50.39,-44.09,-47.35,-65.10,-59.44,-49.15,-56.84,-45.94,-57.34,2026-07-29 16:37:04+00:00
2026-07-29T16:38:03+00:00,-46.72,-62.44,-64.53,-61.95,-66.36,-46.67,-49.40,-48.61,-50.36,-43.92,-46.59,-65.06,-59.81,-49.16,-56.53,-45.95,-57.34,2026-07-29 16:38:03+00:00
2026-07-29T16:39:04+00:00,-46.82,-61.79,-64.80,-61.72,-65.95,-46.98,-49.06,-48.61,-50.22,-44.61,-47.13,-65.21,-59.73,-49.02,-56.99,-45.96,-57.39,2026-07-29 16:39:04+00:00
2026-07-29T16:40:03+00:00,-47.36,-62.28,-64.52,-61.73,-66.52,-46.83,-49.31,-48.66,-50.18,-44.65,-47.19,-65.01,-59.61,-48.91,-56.87,-45.83,-57.44,2026-07-29 16:40:03+00:00
2026-07-29T16:41:03+00:00,-46.73,-62.34,-64.72,-62.01,-65.93,-46.56,-49.56,-48.70,-50.13,-44.09,-46.45,-65.04,-59.89,-48.81,-56.49,-45.95,-56.80,2026-07-29 16:41:03+00:00
2026-07-29T16:42:04+00:00,-46.32,-59.94,-64.29,-61.61,-65.79,-46.55,-49.07,-48.70,-50.09,-44.15,-46.15,-64.83,-59.93,-48.67,-57.16,-45.80,-56.94,2026-07-29 16:42:04+00:00
2026-07-29T16:43:03+00:00,-46.69,-60.37,-64.83,-62.00,-66.57,-46.43,-49.04,-48.72,-50.08,-44.04,-46.73,-64.78,-60.07,-48.68,-57.11,-45.74,-57.68,2026-07-29 16:43:03+00:00
2026-07-29T16:44:03+00:00,-45.94,-60.29,-64.19,-62.05,-66.95,-46.73,-49.06,-48.74,-49.77,-43.81,-46.71,-64.38,-59.84,-48.54,-57.51,-45.97,-57.60,2026-07-29 16:44:03+00:00
2026-07-29T16:45:04+00:00,-46.39,-60.06,-64.71,-62.26,-66.23,-46.39,-49.35,-48.81,-49.97,-44.03,-46.10,-64.76,-59.67,-48.41,-56.97,-45.97,-57.56,2026-07-29 16:45:04+00:00
2026-07-29T16:46:04+00:00,-46.38,-60.05,-64.09,-62.14,-66.37,-46.70,-49.29,-48.83,-50.16,-43.77,-45.96,-64.66,-59.53,-48.45,-57.12,-45.88,-57.80,2026-07-29 16:46:04+00:00
2026-07-29T16:47:03+00:00,-46.51,-60.32,-64.41,-62.04,-66.82,-46.55,-49.20,-48.79,-50.06,-43.75,-46.49,-64.68,-59.93,-48.55,-57.03,-45.84,-57.92,2026-07-29 16:47:03+00:00
2026-07-29T16:48:04+00:00,-46.15,-60.84,-64.28,-61.96,-65.74,-46.58,-49.15,-48.80,-50.01,-43.97,-46.69,-64.40,-59.63,-48.41,-56.74,-46.02,-57.70,2026-07-29 16:48:04+00:00
2026-07-29T16:49:04+00:00,-46.20,-61.00,-63.99,-62.02,-66.83,-46.51,-48.69,-49.08,-49.70,-43.93,-46.89,-64.43,-59.96,-48.21,-57.01,-46.16,-57.92,2026-07-29 16:49:04+00:00
2026-07-29T16:50:03+00:00,-46.53,-59.64,-64.11,-62.24,-66.77,-46.98,-49.12,-49.02,-49.13,-44.06,-47.00,-64.35,-59.95,-48.19,-57.23,-46.13,-57.52,2026-07-29 16:50:03+00:00
2026-07-29T16:51:03+00:00,-46.77,-59.43,-63.88,-62.08,-66.23,-46.66,-49.13,-49.02,-50.11,-44.02,-46.94,-64.10,-60.00,-48.28,-57.72,-46.35,-57.45,2026-07-29 16:51:03+00:00
2026-07-29T16:52:04+00:00,-46.80,-59.16,-62.94,-61.99,-65.29,-46.74,-49.30,-49.10,-50.29,-44.01,-46.18,-64.52,-59.94,-48.36,-57.33,-46.56,-57.07,2026-07-29 16:52:04+00:00
2026-07-29T16:53:04+00:00,-47.14,-60.39,-63.91,-62.13,-66.27,-46.80,-49.27,-49.11,-50.19,-44.03,-46.95,-64.23,-60.42,-48.29,-57.53,-46.61,-57.07,2026-07-29 16:53:04+00:00
2026-07-29T16:54:03+00:00,-47.18,-61.04,-64.57,-61.93,-66.34,-46.89,-48.88,-49.19,-49.88,-44.10,-46.85,-64.47,-60.26,-48.00,-57.30,-46.68,-57.52,2026-07-29 16:54:03+00:00
2026-07-29T16:55:03+00:00,-46.88,-61.24,-64.31,-61.70,-66.55,-47.04,-49.19,-49.16,-49.93,-44.22,-47.25,-64.51,-60.47,-48.21,-57.63,-46.62,-57.51,2026-07-29 16:55:03+00:00
2026-07-29T16:56:04+00:00,-46.57,-61.26,-64.56,-61.77,-66.35,-46.72,-49.01,-49.06,-49.80,-43.92,-46.76,-64.81,-60.35,-48.15,-57.71,-46.75,-57.54,2026-07-29 16:56:04+00:00
2026-07-29T16:57:03+00:00,-46.10,-60.15,-64.40,-61.86,-66.81,-46.86,-49.13,-49.06,-50.17,-44.20,-46.58,-64.76,-59.77,-48.06,-57.56,-46.74,-57.20,2026-07-29 16:57:03+00:00
2026-07-29T16:58:03+00:00,-46.87,-61.43,-64.50,-62.03,-65.71,-46.87,-49.68,-49.04,-50.00,-44.24,-47.12,-64.60,-59.81,-48.17,-57.58,-46.85,-57.58,2026-07-29 16:58:03+00:00
2026-07-29T16:59:04+00:00,-46.08,-61.36,-64.49,-62.17,-66.27,-46.98,-48.91,-49.10,-50.08,-44.16,-46.45,-65.04,-59.75,-48.08,-57.34,-46.84,-57.92,2026-07-29 16:59:04+00:00
2026-07-29T17:00:04+00:00,-46.33,-60.55,-64.58,-62.17,-66.07,-46.83,-48.89,-49.19,-50.25,-44.19,-46.70,-64.73,-60.02,-48.19,-56.71,-47.16,-57.73,2026-07-29 17:00:04+00:00
2026-07-29T17:01:04+00:00,-46.82,-60.74,-64.71,-62.18,-66.57,-47.16,-48.51,-49.31,-50.05,-44.12,-46.74,-64.63,-60.12,-48.20,-57.36,-47.01,-57.61,2026-07-29 17:01:04+00:00
2026-07-29T17:02:03+00:00,-46.14,-60.83,-64.50,-62.08,-66.79,-47.10,-49.49,-49.42,-50.23,-44.30,-46.80,-64.62,-59.91,-48.07,-57.45,-47.10,-57.70,2026-07-29 17:02:03+00:00
2026-07-29T17:03:04+00:00,-46.64,-61.11,-64.58,-61.78,-66.09,-46.98,-48.75,-49.41,-50.20,-44.25,-46.58,-64.56,-59.84,-48.02,-56.82,-47.13,-57.66,2026-07-29 17:03:04+00:00
2026-07-29T17:04:04+00:00,-46.94,-60.12,-64.56,-62.08,-66.08,-51.37,-49.55,-49.46,-50.21,-44.27,-47.16,-64.72,-60.01,-47.98,-57.20,-47.30,-57.29,2026-07-29 17:04:04+00:00
2026-07-29T17:05:03+00:00,-47.01,-60.28,-63.82,-62.06,-66.70,-51.43,-48.67,-49.49,-51.28,-44.41,-47.19,-63.81,-59.83,-48.06,-57.33,-47.31,-57.74,2026-07-29 17:05:03+00:00
2026-07-29T17:06:03+00:00,-47.26,-60.21,-64.33,-62.28,-66.63,-51.41,-48.97,-49.56,-49.92,-44.26,-47.06,-64.64,-59.94,-48.14,-57.28,-47.23,-57.89,2026-07-29 17:06:03+00:00
2026-07-29T17:07:04+00:00,-47.09,-60.18,-64.24,-62.00,-64.89,-51.33,-48.96,-49.58,-50.10,-44.40,-47.19,-64.36,-60.08,-47.86,-57.12,-47.44,-58.03,2026-07-29 17:07:04+00:00
2026-07-29T17:08:04+00:00,-46.83,-60.43,-64.50,-61.99,-66.54,-51.48,-48.84,-49.58,-49.87,-45.20,-47.94,-64.60,-59.92,-47.93,-57.13,-47.40,-57.79,2026-07-29 17:08:04+00:00
2026-07-29T17:09:03+00:00,-46.57,-60.40,-64.73,-61.53,-66.63,-51.38,-48.59,-49.61,-50.12,-45.45,-48.65,-65.30,-60.01,-47.96,-57.19,-47.69,-57.46,2026-07-29 17:09:03+00:00
2026-07-29T17:10:03+00:00,-46.39,-60.66,-64.70,-62.20,-66.07,-51.58,-49.02,-49.59,-50.14,-45.32,-49.11,-65.25,-60.09,-47.76,-57.83,-47.86,-55.45,2026-07-29 17:10:03+00:00
2026-07-29T17:11:04+00:00,-46.63,-60.70,-64.55,-61.70,-66.10,-51.32,-49.35,-49.67,-50.24,-44.95,-47.26,-64.35,-59.92,-47.73,-57.10,-48.21,-57.99,2026-07-29 17:11:04+00:00
2026-07-29T17:12:04+00:00,-46.20,-59.57,-64.35,-62.14,-66.07,-51.34,-49.10,-49.71,-49.94,-44.56,-47.13,-64.93,-59.02,-47.54,-57.14,-48.13,-57.96,2026-07-29 17:12:04+00:00
2026-07-29T17:13:03+00:00,-46.73,-59.92,-64.43,-62.35,-67.46,-51.17,-52.43,-49.76,-50.17,-43.79,-43.11,-64.92,-58.93,-47.51,-57.47,-48.17,-57.74,2026-07-29 17:13:03+00:00
2026-07-29T17:14:04+00:00,-47.23,-61.98,-64.61,-61.91,-66.51,-51.45,-52.56,-49.86,-50.12,-43.67,-42.91,-64.81,-58.74,-47.28,-57.45,-48.34,-57.81,2026-07-29 17:14:04+00:00
2026-07-29T17:15:04+00:00,-46.71,-61.06,-64.92,-62.26,-65.56,-51.32,-50.82,-49.83,-50.21,-44.16,-44.77,-64.86,-59.79,-47.20,-56.99,-48.18,-57.77,2026-07-29 17:15:04+00:00
2026-07-29T17:16:03+00:00,-46.47,-61.40,-64.56,-61.97,-65.80,-51.39,-49.28,-49.89,-50.25,-44.49,-47.46,-64.53,-59.48,-47.12,-57.50,-48.37,-57.40,2026-07-29 17:16:03+00:00
2026-07-29T17:17:04+00:00,-46.54,-61.08,-64.92,-61.93,-66.21,-51.43,-49.11,-49.91,-50.26,-44.82,-47.28,-65.13,-59.55,-47.05,-57.12,-48.49,-57.79,2026-07-29 17:17:04+00:00
2026-07-29T17:18:04+00:00,-45.91,-60.89,-65.02,-62.03,-66.67,-51.39,-48.71,-49.90,-50.13,-44.74,-47.84,-65.21,-59.66,-46.95,-56.92,-48.49,-57.64,2026-07-29 17:18:04+00:00
2026-07-29T17:19:03+00:00,-46.41,-61.23,-64.69,-62.05,-66.24,-51.52,-49.74,-49.99,-50.14,-44.89,-47.32,-65.32,-59.81,-47.26,-57.52,-48.36,-57.69,2026-07-29 17:19:03+00:00
2026-07-29T17:20:03+00:00,-45.92,-60.01,-63.63,-62.20,-66.11,-51.36,-49.84,-49.87,-50.34,-44.98,-48.12,-62.64,-59.27,-46.91,-56.89,-48.59,-56.79,2026-07-29 17:20:03+00:00
2026-07-29T17:21:04+00:00,-45.53,-59.90,-64.47,-62.14,-65.97,-51.49,-49.52,-50.02,-49.95,-45.31,-48.65,-64.95,-59.68,-46.74,-57.29,-48.37,-57.89,2026-07-29 17:21:04+00:00
2026-07-29T17:22:04+00:00,-45.89,-60.03,-64.37,-61.92,-66.77,-50.31,-49.51,-50.14,-50.06,-44.84,-47.91,-64.76,-59.47,-46.64,-57.15,-48.72,-57.71,2026-07-29 17:22:04+00:00
2026-07-29T17:23:03+00:00,-46.76,-60.34,-64.56,-61.75,-66.56,-50.41,-49.73,-50.20,-50.16,-44.84,-47.98,-63.98,-59.02,-46.69,-56.87,-48.65,-57.20,2026-07-29 17:23:03+00:00
2026-07-29T17:24:03+00:00,-46.06,-60.00,-64.21,-62.10,-66.83,-47.16,-49.46,-50.18,-49.88,-44.98,-47.86,-64.78,-58.91,-46.59,-57.43,-48.72,-57.54,2026-07-29 17:24:03+00:00
2026-07-29T17:25:04+00:00,-46.34,-60.18,-63.99,-61.57,-65.31,-46.86,-49.39,-50.22,-49.83,-44.55,-47.49,-64.70,-59.33,-46.42,-57.06,-48.83,-57.24,2026-07-29 17:25:04+00:00
2026-07-29T17:26:04+00:00,-46.84,-60.44,-64.25,-61.68,-66.54,-47.07,-49.92,-50.17,-49.97,-44.57,-47.69,-64.50,-59.39,-46.36,-57.56,-49.14,-57.36,2026-07-29 17:26:04+00:00
2026-07-29T17:27:03+00:00,-44.44,-60.35,-64.31,-61.62,-66.14,-46.91,-49.90,-50.33,-49.73,-44.90,-47.78,-64.44,-59.46,-46.15,-57.26,-49.13,-56.24,2026-07-29 17:27:03+00:00
2026-07-29T17:28:04+00:00,-46.72,-60.12,-64.31,-61.97,-66.75,-46.64,-49.46,-50.54,-50.00,-44.79,-47.89,-64.58,-59.42,-46.06,-57.42,-49.35,-57.59,2026-07-29 17:28:04+00:00
2026-07-29T17:29:04+00:00,-46.12,-60.19,-64.04,-62.08,-65.32,-46.67,-49.75,-50.44,-49.81,-44.57,-47.77,-62.96,-59.54,-46.01,-57.15,-49.32,-57.42,2026-07-29 17:29:04+00:00
2026-07-29T17:30:03+00:00,-46.41,-59.96,-63.83,-61.98,-66.17,-46.96,-49.94,-50.39,-49.73,-45.03,-47.48,-62.94,-59.29,-46.04,-56.79,-49.44,-57.43,2026-07-29 17:30:03+00:00
2026-07-29T17:31:04+00:00,-46.32,-58.02,-64.37,-61.90,-66.20,-46.74,-49.87,-50.46,-49.49,-45.19,-47.47,-63.05,-59.69,-45.93,-57.24,-49.40,-57.11,2026-07-29 17:31:04+00:00
2026-07-29T17:32:03+00:00,-45.37,-59.56,-63.78,-61.81,-65.57,-46.98,-49.51,-50.55,-49.32,-45.06,-47.88,-64.10,-59.38,-45.88,-57.58,-49.46,-57.32,2026-07-29 17:32:03+00:00
2026-07-29T17:33:04+00:00,-46.08,-59.39,-64.15,-61.95,-66.46,-47.18,-50.15,-50.58,-49.32,-45.01,-47.91,-64.48,-59.40,-45.58,-57.55,-49.61,-57.64,2026-07-29 17:33:04+00:00
2026-07-29T17:34:03+00:00,-47.23,-59.29,-64.40,-62.19,-66.37,-47.20,-50.11,-50.64,-48.83,-44.99,-48.68,-64.74,-59.18,-45.70,-57.83,-49.61,-57.97,2026-07-29 17:34:03+00:00
2026-07-29T17:35:03+00:00,-46.95,-59.50,-64.17,-62.07,-67.03,-47.03,-49.94,-50.68,-48.46,-45.53,-49.59,-64.71,-59.13,-45.65,-57.61,-49.57,-57.79,2026-07-29 17:35:03+00:00
2026-07-29T17:36:03+00:00,-46.92,-59.25,-63.96,-62.08,-67.01,-46.89,-49.58,-50.76,-49.46,-45.49,-49.32,-64.57,-59.12,-45.68,-57.60,-49.58,-57.40,2026-07-29 17:36:03+00:00
2026-07-29T17:37:03+00:00,-47.08,-59.45,-64.17,-61.66,-65.08,-45.75,-50.07,-50.60,-49.47,-45.73,-49.30,-64.65,-58.37,-45.67,-57.42,-49.81,-57.53,2026-07-29 17:37:03+00:00
2026-07-29T17:38:04+00:00,-46.89,-59.39,-63.67,-62.01,-66.68,-46.65,-49.51,-50.82,-49.45,-45.36,-48.78,-64.24,-58.57,-45.74,-57.56,-49.96,-56.86,2026-07-29 17:38:04+00:00
2026-07-29T17:39:04+00:00,-47.37,-58.88,-64.41,-62.25,-66.62,-45.88,-50.17,-50.56,-48.66,-45.03,-48.15,-64.24,-58.84,-45.73,-58.05,-49.80,-57.25,2026-07-29 17:39:04+00:00
2026-07-29T17:40:03+00:00,-46.96,-58.94,-63.99,-62.11,-67.40,-45.09,-49.91,-50.77,-48.78,-45.34,-48.33,-63.80,-59.24,-45.30,-57.38,-49.86,-56.90,2026-07-29 17:40:03+00:00
2026-07-29T17:41:04+00:00,-44.85,-59.35,-64.51,-61.99,-66.21,-45.05,-50.03,-50.74,-48.79,-45.26,-48.32,-63.89,-59.32,-45.42,-57.85,-49.72,-56.59,2026-07-29 17:41:04+00:00
2026-07-29T17:42:04+00:00,-46.43,-60.77,-64.26,-61.68,-66.58,-44.96,-50.47,-50.79,-48.80,-45.13,-48.14,-63.68,-59.19,-45.38,-57.30,-50.15,-57.25,2026-07-29 17:42:04+00:00
2026-07-29T17:43:03+00:00,-46.48,-60.47,-64.13,-62.04,-65.86,-44.50,-49.89,-50.98,-49.09,-45.23,-48.73,-63.51,-58.90,-45.51,-57.51,-50.42,-57.19,2026-07-29 17:43:03+00:00
2026-07-29T17:44:03+00:00,-45.75,-60.47,-64.49,-61.97,-66.31,-44.32,-50.45,-51.08,-49.49,-45.88,-48.95,-64.20,-59.14,-45.72,-57.66,-50.26,-57.09,2026-07-29 17:44:03+00:00
2026-07-29T17:45:04+00:00,-46.16,-60.46,-63.81,-61.73,-66.39,-45.17,-50.26,-51.14,-49.29,-45.55,-48.77,-64.12,-59.31,-45.58,-57.06,-50.33,-57.16,2026-07-29 17:45:04+00:00
2026-07-29T17:46:03+00:00,-46.54,-59.34,-63.19,-61.99,-65.42,-44.23,-50.01,-51.08,-49.29,-45.65,-48.81,-63.66,-59.08,-45.50,-57.22,-50.55,-57.64,2026-07-29 17:46:03+00:00
2026-07-29T17:47:03+00:00,-46.69,-60.13,-63.70,-62.04,-65.57,-44.77,-49.97,-51.21,-49.25,-45.79,-48.98,-64.21,-58.99,-45.52,-57.49,-50.68,-57.33,2026-07-29 17:47:03+00:00
2026-07-29T17:48:04+00:00,-46.16,-60.46,-63.58,-61.71,-65.73,-43.92,-49.97,-51.14,-49.49,-45.71,-48.93,-64.20,-59.03,-45.53,-57.54,-50.59,-57.26,2026-07-29 17:48:04+00:00
2026-07-29T17:49:04+00:00,-46.32,-60.10,-64.14,-62.01,-66.50,-44.13,-50.38,-51.22,-50.17,-45.81,-49.06,-64.21,-59.21,-45.48,-57.70,-50.85,-57.61,2026-07-29 17:49:04+00:00
2026-07-29T17:50:03+00:00,-45.89,-59.44,-63.72,-62.03,-66.11,-44.21,-49.81,-51.30,-50.21,-45.95,-49.02,-63.87,-59.04,-45.54,-57.82,-50.87,-57.53,2026-07-29 17:50:03+00:00
2026-07-29T17:51:04+00:00,-46.53,-59.47,-63.64,-61.66,-66.21,-44.28,-50.83,-51.29,-50.40,-45.46,-37.92,-63.90,-59.50,-45.48,-57.72,-51.09,-54.41,2026-07-29 17:51:04+00:00
2026-07-29T17:52:04+00:00,-46.00,-59.63,-64.06,-62.08,-66.34,-44.32,-50.51,-51.49,-50.64,-45.95,-49.74,-65.17,-59.35,-45.46,-57.51,-50.82,-57.65,2026-07-29 17:52:04+00:00
2026-07-29T17:53:03+00:00,-46.51,-58.83,-64.10,-62.12,-65.90,-44.29,-49.84,-51.48,-50.66,-46.06,-49.67,-64.90,-59.25,-45.38,-57.80,-50.75,-57.26,2026-07-29 17:53:03+00:00
2026-07-29T17:54:03+00:00,-46.54,-58.90,-64.15,-62.06,-67.45,-44.26,-49.95,-51.57,-50.65,-45.98,-49.40,-65.13,-59.34,-45.50,-58.07,-50.85,-56.90,2026-07-29 17:54:03+00:00
2026-07-29T17:55:04+00:00,-46.07,-58.52,-62.94,-62.29,-66.14,-44.26,-49.99,-51.52,-50.73,-46.11,-49.30,-64.52,-59.64,-45.54,-57.83,-50.72,-56.58,2026-07-29 17:55:04+00:00
2026-07-29T17:56:04+00:00,-46.46,-58.44,-64.21,-62.21,-66.18,-44.08,-50.51,-51.61,-50.98,-46.13,-49.94,-65.23,-59.58,-45.46,-57.63,-50.67,-57.26,2026-07-29 17:56:04+00:00
2026-07-29T17:57:03+00:00,-46.12,-58.70,-64.34,-62.45,-66.79,-44.20,-50.33,-51.70,-50.62,-45.93,-49.79,-65.34,-59.78,-45.60,-58.19,-50.85,-57.35,2026-07-29 17:57:03+00:00
2026-07-29T17:58:04+00:00,-45.60,-58.71,-64.06,-62.35,-66.36,-44.03,-50.78,-51.66,-50.87,-46.20,-49.89,-65.07,-59.73,-45.66,-58.14,-50.87,-57.40,2026-07-29 17:58:04+00:00
2026-07-29T17:59:04+00:00,-45.89,-59.01,-64.33,-62.45,-67.00,-44.23,-50.16,-51.75,-50.78,-46.12,-49.94,-65.66,-59.80,-45.48,-57.98,-50.75,-57.38,2026-07-29 17:59:04+00:00
2026-07-29T18:00:03+00:00,-45.68,-58.85,-64.03,-61.97,-65.82,-44.43,-50.55,-51.87,-50.68,-46.27,-49.83,-64.78,-59.97,-45.70,-57.70,-51.10,-56.32,2026-07-29 18:00:03+00:00
2026-07-29T18:01:04+00:00,-45.58,-57.84,-64.08,-62.40,-65.88,-44.18,-50.77,-51.99,-50.68,-46.33,-49.66,-64.56,-59.92,-45.79,-57.88,-51.01,-57.28,2026-07-29 18:01:04+00:00
2026-07-29T18:02:03+00:00,-46.04,-58.03,-63.82,-62.11,-66.83,-44.33,-50.78,-51.94,-50.45,-46.24,-49.74,-64.57,-59.00,-45.81,-58.48,-50.92,-57.67,2026-07-29 18:02:03+00:00
2026-07-29T18:03:04+00:00,-45.50,-57.23,-63.95,-62.02,-67.54,-51.74,-51.18,-52.05,-50.49,-46.55,-50.13,-65.12,-59.04,-45.90,-58.06,-50.77,-57.77,2026-07-29 18:03:04+00:00
2026-07-29T18:04:04+00:00,-45.40,-56.86,-64.08,-62.06,-65.43,-51.69,-50.84,-52.04,-50.68,-46.08,-45.72,-64.78,-58.90,-45.86,-58.25,-50.80,-55.29,2026-07-29 18:04:04+00:00
2026-07-29T18:05:03+00:00,-45.63,-57.69,-64.14,-62.00,-66.43,-51.81,-50.96,-52.14,-50.58,-46.22,-50.61,-65.29,-59.13,-46.13,-57.79,-50.63,-57.60,2026-07-29 18:05:03+00:00
2026-07-29T18:06:03+00:00,-45.08,-58.02,-63.88,-62.12,-66.56,-51.71,-50.05,-52.16,-48.99,-46.32,-50.73,-64.90,-59.02,-45.96,-58.18,-50.54,-57.34,2026-07-29 18:06:03+00:00
2026-07-29T18:07:04+00:00,-45.33,-58.26,-62.95,-62.09,-66.71,-51.57,-50.35,-52.34,-49.10,-46.39,-50.34,-63.52,-58.73,-46.03,-57.80,-50.50,-57.30,2026-07-29 18:07:04+00:00
2026-07-29T18:08:04+00:00,-45.53,-58.67,-63.13,-62.21,-65.99,-51.64,-50.82,-53.30,-49.06,-46.34,-50.64,-63.94,-58.74,-46.22,-58.31,-50.37,-57.25,2026-07-29 18:08:04+00:00
2026-07-29T18:09:03+00:00,-45.56,-59.01,-64.17,-62.24,-65.36,-51.85,-50.86,-53.40,-49.45,-46.61,-50.56,-65.07,-58.78,-46.18,-57.90,-50.29,-57.46,2026-07-29 18:09:03+00:00
2026-07-29T18:10:04+00:00,-46.08,-58.61,-64.15,-62.12,-65.40,-51.74,-50.08,-53.83,-49.75,-46.32,-50.39,-65.23,-58.70,-46.38,-58.07,-50.01,-56.78,2026-07-29 18:10:04+00:00
2026-07-29T18:11:04+00:00,-46.07,-58.87,-63.53,-61.42,-65.75,-51.64,-50.85,-53.75,-49.58,-47.55,-50.29,-64.30,-59.00,-46.46,-57.96,-50.25,-57.20,2026-07-29 18:11:04+00:00
2026-07-29T18:12:03+00:00,-45.72,-59.25,-60.94,-62.17,-66.70,-51.88,-50.70,-54.38,-49.69,-47.78,-51.32,-64.77,-58.92,-46.51,-57.87,-50.09,-56.81,2026-07-29 18:12:03+00:00
2026-07-29T18:13:04+00:00,-45.76,-58.95,-63.84,-62.34,-66.48,-51.83,-50.86,-54.68,-49.42,-47.52,-51.22,-64.56,-58.69,-46.53,-58.03,-50.20,-57.16,2026-07-29 18:13:04+00:00
2026-07-29T18:14:04+00:00,-45.52,-59.72,-64.13,-62.34,-66.29,-51.63,-51.40,-54.74,-49.79,-47.61,-51.44,-64.95,-58.74,-46.48,-58.40,-50.04,-57.73,2026-07-29 18:14:04+00:00
2026-07-29T18:15:03+00:00,-45.79,-59.44,-64.03,-62.30,-66.05,-51.76,-50.91,-54.91,-49.10,-48.00,-51.38,-64.34,-58.62,-46.77,-58.05,-49.85,-57.87,2026-07-29 18:15:03+00:00
2026-07-29T18:16:03+00:00,-43.77,-59.18,-62.87,-61.63,-66.91,-51.83,-50.89,-54.95,-49.40,-47.84,-51.48,-64.47,-58.58,-46.61,-58.58,-49.84,-56.48,2026-07-29 18:16:03+00:00
2026-07-29T18:17:04+00:00,-43.76,-59.03,-61.37,-61.94,-66.18,-51.81,-51.56,-55.20,-49.10,-48.06,-51.74,-64.12,-58.73,-46.68,-58.26,-49.47,-56.60,2026-07-29 18:17:04+00:00
2026-07-29T18:18:03+00:00,-44.92,-58.87,-63.95,-61.83,-65.87,-51.59,-50.54,-55.49,-49.43,-48.26,-51.48,-64.93,-58.54,-46.72,-58.13,-49.39,-55.30,2026-07-29 18:18:03+00:00
2026-07-29T18:19:03+00:00,-45.74,-58.65,-63.81,-62.12,-65.95,-51.70,-51.12,-55.52,-48.50,-48.36,-51.28,-64.65,-58.57,-46.71,-58.19,-49.53,-57.21,2026-07-29 18:19:03+00:00
2026-07-29T18:20:04+00:00,-45.66,-58.77,-63.98,-62.06,-66.47,-51.89,-51.43,-55.68,-48.81,-48.29,-51.47,-65.07,-58.57,-46.78,-58.54,-49.59,-57.35,2026-07-29 18:20:04+00:00
2026-07-29T18:21:04+00:00,-45.79,-58.25,-64.25,-62.45,-65.79,-51.94,-52.00,-55.93,-50.16,-47.94,-51.05,-64.98,-58.66,-47.10,-58.35,-49.36,-57.22,2026-07-29 18:21:04+00:00
2026-07-29T18:22:03+00:00,-46.18,-58.38,-63.89,-61.85,-66.35,-51.93,-51.11,-56.29,-49.77,-48.11,-51.42,-64.74,-58.71,-47.16,-58.50,-49.50,-57.26,2026-07-29 18:22:03+00:00
2026-07-29T18:23:04+00:00,-44.28,-58.14,-64.31,-61.62,-65.66,-49.28,-51.03,-56.47,-50.00,-48.13,-51.03,-65.08,-58.81,-47.35,-58.82,-49.49,-56.48,2026-07-29 18:23:04+00:00
2026-07-29T18:24:04+00:00,-45.75,-58.38,-64.23,-62.22,-66.28,-49.40,-50.80,-56.97,-50.12,-48.02,-51.24,-64.98,-58.51,-47.64,-58.40,-49.52,-57.60,2026-07-29 18:24:04+00:00
2026-07-29T18:25:03+00:00,-44.16,-58.46,-64.18,-61.66,-66.28,-44.81,-50.71,-57.37,-49.77,-47.73,-51.36,-64.87,-59.99,-47.54,-58.72,-49.90,-56.84,2026-07-29 18:25:03+00:00
2026-07-29T18:26:03+00:00,-45.88,-58.55,-64.62,-62.27,-66.54,-44.39,-50.91,-57.62,-49.92,-48.08,-51.28,-64.96,-61.01,-47.78,-58.31,-49.57,-57.78,2026-07-29 18:26:03+00:00
2026-07-29T18:27:04+00:00,-45.83,-58.48,-63.96,-62.27,-66.46,-44.54,-51.47,-57.46,-49.88,-48.07,-51.28,-64.36,-61.03,-48.02,-58.41,-49.96,-53.31,2026-07-29 18:27:04+00:00
2026-07-29T18:28:04+00:00,-45.72,-58.90,-63.02,-61.99,-65.93,-44.34,-50.56,-57.80,-49.83,-47.56,-51.11,-64.06,-61.07,-47.91,-58.38,-49.42,-54.09,2026-07-29 18:28:04+00:00
2026-07-29T18:29:03+00:00,-45.60,-58.86,-64.12,-62.29,-66.52,-44.48,-51.40,-57.98,-49.60,-47.70,-51.10,-64.58,-60.79,-48.19,-58.60,-49.72,-54.36,2026-07-29 18:29:03+00:00
2026-07-29T18:30:04+00:00,-45.63,-58.62,-64.17,-61.96,-66.46,-44.46,-51.46,-58.23,-49.53,-47.64,-50.76,-65.19,-61.30,-48.34,-58.20,-49.69,-53.28,2026-07-29 18:30:04+00:00
2026-07-29T18:31:04+00:00,-45.44,-58.98,-64.43,-62.35,-66.18,-44.50,-51.72,-58.76,-49.88,-47.55,-50.80,-64.85,-50.76,-48.19,-58.32,-49.57,-53.60,2026-07-29 18:31:04+00:00
2026-07-29T18:32:03+00:00,-45.27,-58.46,-64.22,-62.17,-66.59,-44.51,-50.07,-58.86,-50.18,-47.53,-50.75,-64.13,-50.85,-48.35,-58.45,-49.66,-53.93,2026-07-29 18:32:03+00:00
2026-07-29T18:33:03+00:00,-46.31,-58.52,-64.26,-61.72,-66.40,-44.40,-50.06,-59.18,-49.89,-47.43,-50.86,-65.02,-51.31,-48.38,-58.04,-49.42,-54.34,2026-07-29 18:33:03+00:00
2026-07-29T18:34:04+00:00,-46.53,-58.21,-63.97,-62.19,-65.98,-44.53,-50.47,-59.25,-50.66,-47.58,-50.40,-64.87,-51.47,-48.52,-58.81,-49.67,-53.52,2026-07-29 18:34:04+00:00
2026-07-29T18:35:04+00:00,-46.36,-58.83,-64.25,-62.03,-66.05,-44.56,-50.15,-59.21,-50.79,-47.56,-50.97,-64.91,-50.90,-48.26,-58.57,-49.89,-53.41,2026-07-29 18:35:04+00:00
2026-07-29T18:36:04+00:00,-46.46,-58.48,-64.24,-62.29,-66.38,-44.60,-50.19,-59.15,-51.60,-47.57,-50.99,-65.92,-50.74,-48.24,-58.28,-49.87,-57.31,2026-07-29 18:36:04+00:00
2026-07-29T18:37:03+00:00,-46.40,-58.21,-63.89,-62.26,-66.11,-44.53,-49.93,-58.62,-50.12,-47.58,-51.17,-65.04,-50.65,-48.21,-58.77,-49.97,-56.88,2026-07-29 18:37:03+00:00
2026-07-29T18:38:04+00:00,-46.63,-58.18,-62.94,-61.97,-65.79,-44.55,-51.02,-58.89,-50.44,-47.46,-51.32,-66.36,-50.01,-47.68,-58.00,-49.79,-57.32,2026-07-29 18:38:04+00:00
2026-07-29T18:39:04+00:00,-46.62,-58.22,-63.26,-61.96,-66.14,-44.63,-49.90,-58.84,-51.26,-47.22,-51.31,-65.72,-49.60,-47.51,-58.17,-49.89,-57.38,2026-07-29 18:39:04+00:00
2026-07-29T18:40:06+00:00,-47.55,-57.74,-61.79,-60.80,-63.16,-44.58,-50.89,-57.81,-51.81,-47.40,-51.43,-62.66,-49.58,-47.36,-57.87,-49.93,-57.78,2026-07-29 18:40:06+00:00
2026-07-29T18:41:03+00:00,-47.79,-58.24,-62.56,-61.17,-63.36,-44.65,-50.79,-58.20,-52.90,-47.30,-51.28,-63.18,-49.35,-46.89,-58.40,-49.74,-57.24,2026-07-29 18:41:03+00:00
2026-07-29T18:42:03+00:00,-47.97,-57.24,-61.42,-61.06,-63.65,-44.68,-51.17,-57.91,-50.77,-47.34,-51.43,-62.44,-51.40,-46.81,-58.12,-49.67,-57.39,2026-07-29 18:42:03+00:00
2026-07-29T18:43:04+00:00,-47.34,-57.88,-61.98,-61.40,-63.50,-44.55,-50.17,-58.00,-52.34,-47.39,-51.61,-62.59,-50.84,-46.67,-58.49,-49.73,-57.48,2026-07-29 18:43:04+00:00
2026-07-29T18:44:03+00:00,-47.18,-58.10,-62.55,-61.24,-64.70,-44.68,-51.48,-58.11,-51.97,-47.44,-51.38,-63.73,-50.84,-46.31,-57.81,-49.55,-57.54,2026-07-29 18:44:03+00:00
2026-07-29T18:45:03+00:00,-47.40,-58.41,-62.67,-61.35,-63.99,-44.53,-50.95,-58.18,-52.80,-47.28,-51.51,-63.75,-50.02,-46.03,-57.95,-49.59,-57.51,2026-07-29 18:45:03+00:00
2026-07-29T18:46:04+00:00,-47.67,-57.74,-61.51,-61.38,-65.16,-44.63,-50.10,-58.06,-51.03,-47.21,-51.43,-62.18,-49.93,-45.76,-58.22,-49.79,-57.00,2026-07-29 18:46:04+00:00
2026-07-29T18:47:04+00:00,-48.22,-56.92,-61.53,-61.33,-64.01,-44.65,-50.31,-57.72,-51.83,-47.13,-51.50,-63.28,-50.79,-45.70,-57.52,-49.99,-57.38,2026-07-29 18:47:04+00:00
2026-07-29T18:48:03+00:00,-47.41,-57.07,-62.71,-61.27,-63.46,-44.86,-50.12,-58.04,-51.68,-47.19,-51.41,-63.12,-49.73,-45.38,-57.51,-50.17,-57.66,2026-07-29 18:48:03+00:00
2026-07-29T18:49:04+00:00,-47.77,-57.56,-62.94,-61.12,-63.89,-44.80,-50.29,-58.06,-52.92,-47.11,-51.45,-63.08,-48.99,-45.14,-58.00,-50.02,-57.64,2026-07-29 18:49:04+00:00
2026-07-29T18:50:04+00:00,-47.77,-57.88,-62.87,-61.39,-64.35,-44.71,-49.54,-57.84,-51.82,-47.16,-51.36,-63.26,-48.81,-45.11,-57.85,-49.52,-57.76,2026-07-29 18:50:04+00:00
2026-07-29T18:51:04+00:00,-47.69,-58.81,-62.54,-61.06,-63.68,-44.75,-50.17,-57.87,-49.52,-47.32,-51.18,-62.85,-48.36,-44.83,-57.85,-49.37,-57.54,2026-07-29 18:51:04+00:00
2026-07-29T18:52:03+00:00,-47.45,-58.07,-62.28,-61.32,-65.01,-44.68,-49.92,-57.57,-50.93,-47.35,-50.82,-62.70,-48.37,-44.62,-57.83,-49.39,-57.84,2026-07-29 18:52:03+00:00
2026-07-29T18:53:04+00:00,-48.13,-58.61,-62.88,-61.59,-64.53,-44.99,-50.52,-57.73,-47.93,-47.79,-51.55,-62.09,-48.32,-44.36,-57.68,-49.60,-56.13,2026-07-29 18:53:04+00:00
2026-07-29T18:54:04+00:00,-47.41,-58.25,-62.68,-61.54,-62.99,-44.81,-50.70,-57.71,-47.89,-47.84,-51.38,-62.82,-48.31,-44.33,-58.03,-49.79,-57.77,2026-07-29 18:54:04+00:00
2026-07-29T18:55:03+00:00,-47.17,-58.08,-62.23,-61.65,-64.31,-44.94,-50.19,-57.52,-49.76,-48.07,-51.15,-62.06,-48.27,-44.65,-58.33,-50.43,-56.87,2026-07-29 18:55:03+00:00
2026-07-29T18:56:03+00:00,-46.93,-58.82,-62.07,-61.22,-64.03,-44.81,-50.26,-57.26,-47.68,-48.33,-51.59,-62.34,-48.33,-44.55,-58.05,-50.61,-57.34,2026-07-29 18:56:03+00:00
2026-07-29T18:57:04+00:00,-47.24,-58.49,-62.76,-60.97,-64.57,-45.00,-50.41,-57.30,-51.76,-48.27,-51.83,-62.91,-48.38,-44.34,-57.79,-51.00,-57.18,2026-07-29 18:57:04+00:00
2026-07-29T18:58:03+00:00,-47.23,-58.96,-62.27,-61.27,-64.49,-44.77,-50.25,-56.91,-52.40,-48.02,-51.74,-62.04,-48.30,-44.36,-57.84,-51.11,-57.16,2026-07-29 18:58:03+00:00
2026-07-29T18:59:03+00:00,-47.30,-58.46,-62.41,-61.09,-64.25,-44.93,-50.81,-57.05,-49.88,-48.09,-51.81,-62.36,-48.29,-44.10,-58.00,-51.51,-57.23,2026-07-29 18:59:03+00:00
2026-07-29T19:00:04+00:00,-47.28,-58.28,-62.71,-61.01,-63.40,-44.95,-50.98,-57.25,-49.33,-47.98,-51.89,-62.85,-48.19,-43.87,-57.91,-51.70,-57.54,2026-07-29 19:00:04+00:00
2026-07-29T19:01:04+00:00,-47.45,-58.28,-62.44,-61.39,-64.79,-44.72,-50.74,-57.10,-49.00,-48.28,-51.30,-62.21,-48.16,-43.81,-58.37,-51.52,-57.21,2026-07-29 19:01:04+00:00
2026-07-29T19:02:04+00:00,-47.47,-58.35,-61.44,-60.99,-63.22,-44.89,-50.71,-57.28,-48.35,-48.15,-51.90,-61.30,-48.07,-43.97,-57.62,-51.28,-56.87,2026-07-29 19:02:04+00:00
2026-07-29T19:03:03+00:00,-46.42,-58.85,-62.62,-61.55,-62.96,-44.68,-50.47,-57.36,-48.46,-48.14,-51.81,-63.18,-48.21,-43.90,-58.12,-51.13,-57.80,2026-07-29 19:03:03+00:00
2026-07-29T19:04:03+00:00,-46.11,-58.40,-62.66,-61.88,-63.89,-44.66,-49.67,-57.43,-48.33,-48.39,-51.60,-62.50,-48.43,-43.77,-58.23,-50.53,-53.97,2026-07-29 19:04:03+00:00
2026-07-29T19:05:04+00:00,-46.86,-58.60,-62.49,-61.39,-62.99,-44.73,-50.41,-57.57,-48.38,-48.13,-51.94,-62.88,-48.32,-43.74,-57.23,-49.88,-54.02,2026-07-29 19:05:04+00:00
2026-07-29T19:06:04+00:00,-46.73,-58.69,-62.26,-61.05,-63.42,-44.47,-50.24,-57.48,-49.01,-48.42,-52.02,-62.36,-47.94,-43.82,-57.78,-50.22,-53.84,2026-07-29 19:06:04+00:00
2026-07-29T19:07:03+00:00,-47.13,-58.81,-62.36,-61.37,-62.48,-44.74,-50.20,-57.73,-49.49,-48.68,-52.14,-62.70,-47.86,-43.66,-57.58,-50.54,-55.01,2026-07-29 19:07:03+00:00
2026-07-29T19:08:04+00:00,-47.22,-58.00,-61.68,-60.92,-63.77,-44.88,-50.19,-57.61,-49.40,-48.54,-51.98,-62.02,-47.84,-43.58,-57.20,-51.20,-53.73,2026-07-29 19:08:04+00:00
2026-07-29T19:09:04+00:00,-45.73,-58.64,-62.67,-61.31,-62.85,-51.24,-49.20,-58.17,-49.20,-48.78,-52.16,-62.82,-47.78,-43.71,-57.94,-51.09,-53.77,2026-07-29 19:09:04+00:00
2026-07-29T19:10:03+00:00,-47.62,-58.95,-62.59,-61.85,-64.83,-55.06,-49.74,-59.05,-49.72,-48.47,-52.04,-64.12,-47.93,-43.77,-57.57,-51.97,-53.88,2026-07-29 19:10:03+00:00
2026-07-29T19:11:03+00:00,-47.74,-58.77,-62.49,-61.44,-63.83,-50.48,-50.94,-59.21,-49.92,-48.76,-51.65,-62.51,-47.83,-43.50,-57.30,-51.35,-53.91,2026-07-29 19:11:03+00:00
2026-07-29T19:12:04+00:00,-47.88,-58.72,-62.57,-62.21,-63.75,-50.38,-49.89,-59.86,-49.29,-48.58,-51.92,-62.60,-47.87,-43.56,-57.31,-52.13,-55.31,2026-07-29 19:12:04+00:00
2026-07-29T19:13:04+00:00,-47.83,-59.24,-62.98,-61.83,-63.48,-50.51,-49.99,-59.86,-49.44,-48.86,-52.09,-62.11,-47.92,-43.63,-57.06,-52.88,-53.98,2026-07-29 19:13:04+00:00
2026-07-29T19:14:03+00:00,-47.70,-58.49,-62.92,-61.95,-62.79,-50.53,-50.07,-60.26,-49.31,-49.18,-52.18,-62.28,-47.84,-43.67,-56.92,-51.92,-55.22,2026-07-29 19:14:03+00:00
2026-07-29T19:15:04+00:00,-47.55,-58.58,-62.53,-61.87,-63.06,-50.55,-49.71,-60.20,-49.63,-49.61,-51.91,-62.51,-47.71,-44.08,-57.00,-50.40,-53.98,2026-07-29 19:15:04+00:00
2026-07-29T19:16:04+00:00,-48.02,-58.78,-63.17,-62.01,-64.15,-50.61,-50.31,-60.68,-49.63,-49.76,-51.96,-63.65,-47.70,-44.09,-57.36,-50.91,-55.22,2026-07-29 19:16:04+00:00
2026-07-29T19:17:03+00:00,-47.76,-58.52,-63.14,-61.70,-63.47,-50.39,-49.89,-61.09,-49.83,-50.30,-52.10,-63.35,-47.70,-44.05,-57.43,-52.14,-53.96,2026-07-29 19:17:03+00:00
2026-07-29T19:18:04+00:00,-47.70,-58.58,-63.00,-61.40,-63.84,-50.56,-49.77,-61.36,-49.59,-50.34,-51.54,-63.44,-47.55,-44.18,-57.04,-52.20,-53.51,2026-07-29 19:18:04+00:00
2026-07-29T19:19:04+00:00,-47.62,-58.79,-63.29,-61.80,-64.21,-50.37,-50.02,-61.96,-50.90,-50.61,-51.98,-63.77,-47.65,-44.38,-56.97,-51.10,-58.03,2026-07-29 19:19:04+00:00
2026-07-29T19:20:03+00:00,-47.90,-58.88,-63.55,-61.87,-63.87,-50.57,-49.76,-61.84,-51.38,-51.00,-52.10,-64.47,-47.60,-44.43,-56.61,-49.79,-56.68,2026-07-29 19:20:03+00:00
2026-07-29T19:21:03+00:00,-48.04,-58.68,-62.74,-61.41,-63.12,-50.32,-50.12,-62.27,-52.26,-51.20,-51.96,-63.26,-47.51,-44.33,-56.92,-49.23,-56.89,2026-07-29 19:21:03+00:00
2026-07-29T19:22:04+00:00,-48.04,-58.29,-63.38,-61.84,-63.53,-50.30,-50.13,-63.02,-51.53,-51.51,-52.17,-63.35,-47.56,-44.59,-56.96,-49.34,-57.06,2026-07-29 19:22:04+00:00
2026-07-29T19:23:04+00:00,-48.55,-58.42,-63.39,-61.87,-63.72,-50.23,-49.71,-62.73,-50.52,-52.05,-52.15,-63.87,-47.52,-44.70,-57.07,-49.25,-53.93,2026-07-29 19:23:04+00:00
2026-07-29T19:24:03+00:00,-48.16,-58.65,-63.23,-61.59,-63.82,-50.33,-49.88,-62.53,-50.49,-51.95,-52.40,-63.72,-47.53,-44.69,-56.75,-49.62,-53.54,2026-07-29 19:24:03+00:00
2026-07-29T19:25:04+00:00,-48.77,-58.55,-62.85,-61.75,-64.57,-50.13,-49.94,-61.65,-50.83,-52.23,-52.27,-63.59,-47.44,-44.60,-56.56,-49.83,-54.20,2026-07-29 19:25:04+00:00
2026-07-29T19:26:04+00:00,-48.50,-58.69,-63.07,-61.72,-63.93,-50.22,-49.95,-62.04,-50.80,-52.43,-52.26,-63.82,-47.44,-44.79,-56.71,-51.66,-54.14,2026-07-29 19:26:04+00:00
2026-07-29T19:27:03+00:00,-47.69,-58.63,-62.91,-61.01,-64.82,-50.17,-50.23,-61.53,-50.66,-52.89,-52.34,-64.17,-47.40,-44.94,-56.59,-51.22,-52.88,2026-07-29 19:27:03+00:00
2026-07-29T19:28:03+00:00,-48.01,-58.31,-62.93,-61.81,-64.58,-54.99,-50.07,-60.87,-50.50,-52.85,-52.36,-63.80,-47.44,-45.47,-56.75,-50.39,-53.82,2026-07-29 19:28:03+00:00
2026-07-29T19:29:04+00:00,-48.68,-58.39,-63.34,-61.61,-64.51,-54.95,-49.94,-60.59,-50.83,-52.93,-52.36,-64.24,-47.59,-45.81,-56.83,-49.79,-53.21,2026-07-29 19:29:04+00:00
2026-07-29T19:30:03+00:00,-48.02,-57.99,-62.89,-61.31,-64.03,-49.61,-49.94,-59.74,-51.19,-53.09,-52.43,-63.94,-47.59,-46.14,-55.97,-50.04,-52.89,2026-07-29 19:30:03+00:00
2026-07-29T19:31:04+00:00,-47.81,-55.79,-63.07,-61.85,-64.92,-49.19,-49.99,-59.08,-51.36,-53.21,-52.49,-64.03,-47.61,-45.98,-56.26,-50.56,-53.18,2026-07-29 19:31:04+00:00
2026-07-29T19:32:04+00:00,-48.22,-56.36,-63.11,-61.49,-64.29,-46.70,-49.49,-59.11,-50.64,-53.34,-52.41,-63.98,-47.60,-45.76,-56.15,-50.75,-53.78,2026-07-29 19:32:04+00:00
2026-07-29T19:33:03+00:00,-47.99,-55.97,-62.86,-61.52,-64.78,-44.64,-49.91,-58.53,-51.20,-53.08,-52.42,-63.24,-47.91,-45.80,-56.31,-49.32,-53.18,2026-07-29 19:33:03+00:00
2026-07-29T19:34:04+00:00,-47.78,-56.14,-62.29,-61.54,-65.14,-44.72,-49.78,-57.92,-50.69,-52.54,-52.36,-62.22,-48.01,-45.91,-56.18,-47.77,-53.47,2026-07-29 19:34:04+00:00
2026-07-29T19:35:04+00:00,-47.85,-56.47,-62.70,-61.88,-64.16,-44.75,-49.91,-57.83,-50.41,-52.58,-52.54,-64.36,-48.06,-45.83,-56.30,-46.82,-53.39,2026-07-29 19:35:04+00:00
2026-07-29T19:36:03+00:00,-47.72,-56.59,-63.53,-61.86,-63.94,-44.95,-49.61,-57.15,-49.45,-52.34,-52.66,-63.67,-48.17,-46.48,-55.70,-47.24,-53.61,2026-07-29 19:36:03+00:00
2026-07-29T19:37:04+00:00,-47.61,-56.68,-63.22,-61.75,-64.79,-44.92,-49.72,-56.48,-49.20,-52.29,-52.32,-63.22,-49.68,-47.41,-55.48,-49.48,-52.68,2026-07-29 19:37:04+00:00
2026-07-29T19:38:04+00:00,-48.17,-56.66,-63.50,-61.83,-63.99,-44.94,-49.71,-56.27,-49.29,-52.39,-52.23,-64.83,-51.57,-47.67,-55.54,-52.66,-53.52,2026-07-29 19:38:04+00:00
2026-07-29T19:39:03+00:00,-47.96,-57.03,-63.76,-61.48,-63.87,-44.99,-49.40,-55.88,-49.14,-52.13,-52.34,-64.33,-51.74,-48.00,-55.21,-58.74,-54.22,2026-07-29 19:39:03+00:00
2026-07-29T19:40:03+00:00,-48.31,-56.93,-63.30,-61.83,-64.43,-45.04,-49.58,-55.37,-49.40,-51.57,-52.34,-64.28,-51.69,-47.71,-54.94,-56.22,-54.17,2026-07-29 19:40:03+00:00
2026-07-29T19:41:04+00:00,-47.92,-56.86,-63.57,-61.84,-64.71,-44.90,-49.58,-55.03,-49.54,-51.26,-52.48,-64.90,-51.76,-47.62,-54.95,-55.71,-53.36,2026-07-29 19:41:04+00:00
2026-07-29T19:42:04+00:00,-47.86,-56.32,-63.16,-61.63,-63.66,-45.01,-49.42,-54.40,-49.24,-50.68,-52.40,-64.33,-51.83,-47.69,-54.97,-56.17,-53.38,2026-07-29 19:42:04+00:00
2026-07-29T19:43:03+00:00,-48.96,-56.56,-63.37,-61.66,-64.56,-45.12,-49.63,-53.87,-49.54,-49.95,-52.50,-64.28,-51.79,-47.75,-54.86,-56.25,-53.80,2026-07-29 19:43:03+00:00
2026-07-29T19:44:04+00:00,-48.24,-56.71,-63.85,-61.90,-64.01,-45.15,-49.57,-53.41,-49.44,-49.25,-52.54,-64.90,-51.81,-47.93,-54.58,-55.80,-53.88,2026-07-29 19:44:04+00:00
2026-07-29T19:45:04+00:00,-48.52,-56.60,-63.17,-61.98,-63.79,-44.99,-49.88,-52.95,-49.09,-49.25,-52.28,-64.25,-52.34,-48.19,-54.86,-56.34,-53.32,2026-07-29 19:45:04+00:00
2026-07-29T19:46:03+00:00,-48.75,-57.01,-63.47,-61.74,-63.67,-44.97,-49.67,-52.61,-49.29,-49.05,-51.94,-64.42,-52.52,-47.99,-53.88,-51.61,-54.18,2026-07-29 19:46:03+00:00
2026-07-29T19:47:04+00:00,-48.44,-57.07,-63.16,-61.87,-64.29,-45.25,-49.52,-52.40,-49.33,-48.46,-52.33,-64.94,-52.54,-48.28,-54.02,-50.92,-53.41,2026-07-29 19:47:04+00:00
2026-07-29T19:48:04+00:00,-48.27,-57.23,-63.49,-61.57,-65.38,-45.23,-49.38,-52.06,-49.29,-47.86,-52.33,-64.86,-52.85,-48.24,-54.08,-51.49,-53.88,2026-07-29 19:48:04+00:00
2026-07-29T19:49:03+00:00,-48.25,-56.80,-62.92,-61.71,-64.80,-45.04,-49.64,-51.63,-48.64,-47.58,-52.35,-64.28,-52.83,-48.98,-54.10,-49.38,-53.07,2026-07-29 19:49:03+00:00
2026-07-29T19:50:03+00:00,-48.58,-56.91,-63.55,-61.89,-64.78,-45.18,-49.70,-51.24,-49.17,-47.48,-52.48,-64.91,-52.66,-49.34,-53.50,-51.27,-53.27,2026-07-29 19:50:03+00:00
2026-07-29T19:51:04+00:00,-48.50,-56.84,-62.89,-61.52,-63.82,-45.12,-49.57,-50.94,-50.68,-47.05,-52.52,-64.28,-53.00,-49.81,-53.64,-53.13,-53.35,2026-07-29 19:51:04+00:00
2026-07-29T19:52:04+00:00,-48.94,-57.33,-63.41,-61.94,-64.54,-45.23,-49.57,-50.53,-50.59,-46.94,-52.75,-64.45,-53.24,-50.42,-53.17,-55.58,-53.33,2026-07-29 19:52:04+00:00
2026-07-29T19:53:04+00:00,-48.31,-57.19,-62.26,-61.62,-63.79,-45.24,-49.73,-50.14,-49.47,-46.18,-52.24,-63.00,-52.96,-50.25,-53.58,-55.80,-53.44,2026-07-29 19:53:04+00:00
2026-07-29T19:54:04+00:00,-48.13,-57.67,-63.34,-61.75,-64.44,-45.04,-49.88,-49.67,-50.27,-45.94,-52.66,-64.89,-53.00,-51.05,-53.18,-54.14,-53.73,2026-07-29 19:54:04+00:00
2026-07-29T19:55:03+00:00,-48.07,-57.69,-63.08,-61.59,-65.19,-44.96,-49.65,-49.35,-49.25,-45.58,-52.21,-63.62,-52.70,-51.54,-53.61,-52.13,-53.24,2026-07-29 19:55:03+00:00
2026-07-29T19:56:04+00:00,-48.55,-58.13,-64.01,-61.88,-64.76,-44.98,-49.73,-49.24,-49.54,-45.70,-52.70,-65.59,-52.69,-52.48,-53.13,-50.97,-53.03,2026-07-29 19:56:04+00:00
2026-07-29T19:57:04+00:00,-48.04,-59.51,-63.87,-61.41,-64.26,-44.97,-49.67,-48.97,-50.03,-45.56,-52.76,-65.49,-52.39,-53.56,-53.04,-50.29,-53.17,2026-07-29 19:57:04+00:00
2026-07-29T19:58:03+00:00,-48.61,-59.35,-62.67,-61.68,-64.27,-45.06,-49.77,-48.44,-49.82,-45.70,-52.61,-62.82,-52.34,-54.11,-53.25,-49.77,-53.48,2026-07-29 19:58:03+00:00
2026-07-29T19:59:03+00:00,-47.84,-59.45,-63.99,-61.99,-64.53,-45.11,-49.51,-48.35,-49.31,-45.49,-52.62,-65.43,-51.89,-55.32,-53.02,-49.65,-54.19,2026-07-29 19:59:03+00:00
2026-07-29T20:00:04+00:00,-48.14,-59.12,-64.45,-61.96,-64.35,-44.89,-49.46,-48.28,-51.47,-45.21,-52.55,-65.24,-52.42,-56.34,-53.06,-49.75,-53.86,2026-07-29 20:00:04+00:00
2026-07-29T20:01:04+00:00,-48.36,-59.08,-64.20,-62.48,-64.96,-45.25,-49.22,-48.24,-50.62,-44.99,-52.61,-64.93,-52.68,-57.19,-53.33,-49.17,-54.02,2026-07-29 20:01:04+00:00
2026-07-29T20:02:04+00:00,-48.19,-59.15,-64.31,-62.21,-64.47,-45.25,-49.01,-48.22,-51.15,-44.95,-52.69,-65.33,-52.87,-56.42,-53.42,-48.91,-53.36,2026-07-29 20:02:04+00:00
2026-07-29T20:03:03+00:00,-48.47,-59.20,-63.83,-62.04,-65.22,-45.21,-49.40,-48.11,-49.85,-44.75,-52.83,-65.77,-52.91,-56.39,-53.21,-49.05,-53.51,2026-07-29 20:03:03+00:00
2026-07-29T20:04:03+00:00,-48.75,-59.21,-63.78,-61.92,-64.34,-45.36,-49.27,-48.03,-50.57,-44.99,-52.82,-65.54,-52.98,-56.13,-53.47,-48.02,-53.17,2026-07-29 20:04:03+00:00
2026-07-29T20:05:04+00:00,-48.32,-58.46,-63.69,-61.84,-64.49,-45.30,-49.31,-47.74,-49.81,-45.48,-52.23,-65.53,-53.17,-55.53,-53.82,-47.94,-53.35,2026-07-29 20:05:04+00:00
2026-07-29T20:06:03+00:00,-48.46,-59.47,-63.94,-61.84,-63.95,-45.34,-49.33,-47.49,-50.81,-45.23,-52.91,-65.87,-53.17,-56.15,-53.20,-47.72,-53.48,2026-07-29 20:06:03+00:00
2026-07-29T20:07:03+00:00,-49.98,-59.57,-63.89,-61.96,-64.76,-45.20,-49.33,-47.32,-52.98,-45.00,-52.91,-66.67,-52.98,-56.35,-53.34,-47.87,-54.05,2026-07-29 20:07:03+00:00
2026-07-29T20:08:04+00:00,-49.68,-59.44,-64.16,-62.30,-63.69,-45.16,-49.22,-47.25,-53.48,-45.40,-52.90,-66.02,-52.92,-56.93,-53.28,-48.20,-54.06,2026-07-29 20:08:04+00:00
2026-07-29T20:09:04+00:00,-49.76,-59.24,-63.87,-62.02,-65.88,-45.11,-49.14,-47.07,-53.46,-46.04,-52.97,-66.13,-52.84,-58.60,-53.80,-48.64,-54.01,2026-07-29 20:09:04+00:00
2026-07-29T20:10:03+00:00,-50.24,-59.43,-64.25,-61.92,-64.53,-45.17,-49.35,-46.91,-53.58,-46.38,-53.75,-66.37,-53.45,-58.42,-53.55,-48.65,-53.35,2026-07-29 20:10:03+00:00
2026-07-29T20:11:04+00:00,-50.15,-59.18,-64.15,-61.96,-63.63,-45.22,-49.33,-46.55,-53.12,-46.70,-53.58,-65.82,-53.24,-57.45,-53.83,-47.83,-52.99,2026-07-29 20:11:04+00:00
2026-07-29T20:12:04+00:00,-50.45,-59.59,-63.87,-62.03,-64.77,-45.14,-49.22,-46.52,-53.32,-46.58,-53.42,-66.12,-53.17,-57.80,-53.51,-47.82,-53.91,2026-07-29 20:12:04+00:00
2026-07-29T20:13:03+00:00,-50.41,-59.59,-64.84,-61.85,-63.95,-45.21,-49.23,-46.48,-57.02,-46.97,-53.38,-66.11,-52.95,-59.70,-53.71,-47.50,-53.61,2026-07-29 20:13:03+00:00
2026-07-29T20:14:03+00:00,-50.30,-59.57,-64.48,-62.00,-63.90,-45.37,-49.10,-46.49,-57.09,-47.60,-53.39,-64.87,-53.12,-61.18,-54.04,-46.93,-53.90,2026-07-29 20:14:03+00:00
2026-07-29T20:15:04+00:00,-50.45,-59.37,-64.90,-62.01,-64.54,-45.31,-48.99,-46.54,-55.16,-47.86,-53.42,-66.49,-53.29,-62.02,-53.95,-47.36,-54.04,2026-07-29 20:15:04+00:00
2026-07-29T20:16:04+00:00,-50.46,-59.06,-64.31,-61.86,-65.22,-45.15,-48.68,-46.50,-53.04,-48.13,-53.57,-66.25,-53.19,-60.38,-54.10,-47.23,-54.05,2026-07-29 20:16:04+00:00
2026-07-29T20:17:03+00:00,-50.74,-60.07,-64.43,-61.75,-64.21,-44.80,-49.14,-46.35,-53.60,-47.16,-53.55,-66.30,-53.05,-60.91,-54.67,-46.46,-53.73,2026-07-29 20:17:03+00:00
2026-07-29T20:18:04+00:00,-50.25,-59.99,-64.04,-61.82,-64.68,-44.92,-49.13,-46.14,-53.64,-47.05,-53.36,-66.01,-52.86,-59.36,-55.05,-46.29,-53.99,2026-07-29 20:18:04+00:00
2026-07-29T20:19:04+00:00,-50.15,-60.38,-64.67,-62.24,-64.48,-44.97,-49.16,-46.17,-53.79,-46.44,-53.28,-66.58,-53.01,-60.41,-54.74,-46.87,-54.22,2026-07-29 20:19:04+00:00
2026-07-29T20:20:03+00:00,-50.65,-60.57,-64.59,-61.81,-64.32,-45.11,-49.20,-46.08,-51.87,-45.91,-53.28,-66.51,-52.71,-60.19,-55.34,-46.81,-53.34,2026-07-29 20:20:03+00:00
2026-07-29T20:21:03+00:00,-50.36,-60.45,-64.51,-61.99,-63.54,-44.89,-49.18,-45.97,-50.90,-46.42,-53.40,-66.68,-52.64,-59.79,-55.84,-46.18,-54.00,2026-07-29 20:21:03+00:00
2026-07-29T20:22:04+00:00,-48.94,-60.29,-64.32,-62.26,-63.11,-44.91,-48.76,-45.79,-51.00,-46.75,-53.12,-65.78,-52.52,-58.18,-55.90,-45.63,-53.53,2026-07-29 20:22:04+00:00
2026-07-29T20:23:04+00:00,-46.92,-59.59,-63.54,-61.87,-63.30,-44.90,-47.67,-45.75,-50.89,-46.71,-53.17,-64.60,-52.42,-57.62,-56.43,-44.75,-54.39,2026-07-29 20:23:04+00:00
2026-07-29T20:24:03+00:00,-47.75,-60.61,-64.62,-62.15,-63.92,-48.97,-49.19,-45.64,-52.85,-47.26,-53.35,-66.09,-52.65,-57.26,-56.93,-44.08,-53.45,2026-07-29 20:24:03+00:00
2026-07-29T20:25:03+00:00,-46.99,-60.65,-64.09,-62.24,-64.12,-49.04,-49.15,-45.68,-52.90,-47.30,-52.73,-65.83,-52.53,-56.32,-56.77,-43.73,-54.02,2026-07-29 20:25:03+00:00
2026-07-29T20:26:04+00:00,-50.29,-60.42,-64.76,-62.20,-63.37,-49.08,-49.29,-45.65,-52.38,-47.59,-53.33,-66.07,-52.49,-55.35,-57.21,-43.04,-52.77,2026-07-29 20:26:04+00:00
2026-07-29T20:27:03+00:00,-50.29,-59.79,-64.21,-61.95,-63.29,-48.86,-51.64,-45.55,-51.15,-47.05,-53.27,-65.62,-52.47,-57.22,-57.70,-42.40,-53.25,2026-07-29 20:27:03+00:00
2026-07-29T20:28:03+00:00,-50.05,-60.02,-63.59,-61.91,-62.75,-48.72,-51.49,-45.42,-51.08,-46.56,-53.16,-64.79,-52.32,-55.67,-57.90,-42.00,-53.17,2026-07-29 20:28:03+00:00
2026-07-29T20:29:04+00:00,-49.91,-59.67,-63.69,-61.76,-64.70,-48.83,-50.76,-45.47,-51.10,-46.61,-53.67,-65.04,-52.40,-55.70,-58.06,-41.64,-52.99,2026-07-29 20:29:04+00:00
2026-07-29T20:30:04+00:00,-50.03,-60.01,-63.56,-61.80,-62.96,-48.86,-49.32,-45.58,-50.69,-46.53,-54.07,-65.05,-52.45,-55.33,-58.26,-41.57,-53.53,2026-07-29 20:30:04+00:00
2026-07-29T20:31:04+00:00,-50.05,-59.83,-63.97,-61.75,-64.22,-48.83,-49.26,-45.45,-50.70,-46.90,-53.78,-64.99,-52.38,-56.40,-57.97,-41.22,-53.37,2026-07-29 20:31:04+00:00
2026-07-29T20:32:04+00:00,-50.49,-60.21,-63.78,-61.91,-64.02,-48.74,-49.55,-45.49,-50.83,-46.18,-53.80,-65.85,-52.13,-55.98,-57.93,-40.67,-53.55,2026-07-29 20:32:04+00:00
2026-07-29T20:33:03+00:00,-50.43,-60.38,-64.30,-62.28,-63.58,-48.77,-49.43,-45.33,-51.55,-46.74,-53.57,-65.81,-52.19,-55.20,-58.27,-40.14,-54.02,2026-07-29 20:33:03+00:00
2026-07-29T20:34:04+00:00,-50.24,-60.53,-64.74,-61.74,-64.59,-48.77,-49.40,-45.08,-51.63,-45.84,-53.90,-66.13,-52.05,-53.86,-58.16,-40.04,-54.08,2026-07-29 20:34:04+00:00
2026-07-29T20:35:04+00:00,-50.23,-59.97,-64.76,-61.22,-63.52,-48.61,-49.28,-45.03,-54.17,-46.07,-53.72,-66.21,-51.82,-53.46,-57.62,-40.44,-53.51,2026-07-29 20:35:04+00:00
2026-07-29T20:36:03+00:00,-50.00,-59.72,-64.01,-61.61,-64.02,-48.49,-49.38,-45.06,-53.24,-46.50,-53.44,-65.07,-52.08,-52.96,-57.91,-40.58,-54.24,2026-07-29 20:36:03+00:00
2026-07-29T20:37:04+00:00,-49.99,-59.50,-63.74,-61.70,-63.56,-48.62,-49.19,-45.01,-52.29,-46.32,-53.22,-64.47,-52.08,-52.99,-57.83,-40.25,-54.15,2026-07-29 20:37:04+00:00
2026-07-29T20:38:03+00:00,-51.08,-58.35,-63.32,-61.78,-63.87,-48.47,-48.76,-45.02,-52.50,-45.65,-53.06,-64.60,-51.83,-51.64,-57.40,-40.25,-54.03,2026-07-29 20:38:03+00:00
2026-07-29T20:39:03+00:00,-51.14,-59.24,-64.20,-61.97,-65.07,-48.23,-44.71,-44.95,-52.19,-46.14,-54.01,-65.68,-51.95,-51.23,-57.64,-40.36,-54.14,2026-07-29 20:39:03+00:00
2026-07-29T20:40:04+00:00,-51.65,-59.37,-63.73,-61.90,-63.53,-48.07,-48.94,-44.75,-51.58,-45.70,-53.07,-65.81,-52.15,-51.24,-56.16,-40.19,-54.29,2026-07-29 20:40:04+00:00
2026-07-29T20:41:04+00:00,-51.11,-59.45,-64.10,-61.90,-63.67,-48.58,-48.71,-44.71,-51.92,-45.64,-54.77,-66.22,-51.95,-51.16,-56.31,-40.00,-54.35,2026-07-29 20:41:04+00:00
2026-07-29T20:42:03+00:00,-49.30,-58.52,-63.79,-61.40,-63.12,-48.52,-48.66,-44.63,-54.70,-45.49,-54.92,-65.30,-51.86,-51.21,-56.01,-39.53,-53.24,2026-07-29 20:42:03+00:00
2026-07-29T20:43:04+00:00,-50.88,-59.30,-64.79,-62.00,-64.14,-48.45,-48.37,-44.60,-53.68,-45.52,-54.87,-66.01,-52.01,-51.66,-55.70,-39.54,-54.19,2026-07-29 20:43:04+00:00
2026-07-29T20:44:04+00:00,-48.13,-59.59,-64.88,-61.93,-63.87,-48.39,-48.12,-44.63,-53.71,-45.67,-54.74,-65.31,-51.87,-52.26,-55.42,-39.27,-53.87,2026-07-29 20:44:04+00:00
2026-07-29T20:45:03+00:00,-48.22,-59.28,-63.53,-61.72,-63.83,-48.46,-48.16,-44.68,-52.36,-45.62,-54.86,-65.78,-51.86,-51.80,-55.27,-39.20,-54.04,2026-07-29 20:45:03+00:00
2026-07-29T20:46:03+00:00,-48.34,-59.31,-62.39,-61.96,-62.40,-48.46,-48.59,-44.69,-52.13,-45.49,-54.88,-63.92,-51.46,-50.88,-54.47,-39.30,-54.13,2026-07-29 20:46:03+00:00
2026-07-29T20:47:04+00:00,-48.44,-59.58,-63.21,-61.62,-64.30,-47.67,-48.34,-44.65,-52.04,-45.36,-54.88,-65.14,-51.53,-51.16,-54.71,-39.19,-53.52,2026-07-29 20:47:04+00:00
2026-07-29T20:48:03+00:00,-51.54,-59.38,-63.21,-62.28,-62.87,-47.34,-48.83,-44.53,-51.85,-45.24,-54.97,-64.49,-51.59,-50.86,-54.63,-39.34,-53.89,2026-07-29 20:48:03+00:00
2026-07-29T20:49:03+00:00,-51.56,-59.10,-62.50,-61.99,-63.01,-45.25,-48.71,-44.35,-52.63,-45.07,-54.78,-64.52,-51.52,-50.50,-54.15,-39.68,-54.12,2026-07-29 20:49:03+00:00
2026-07-29T20:50:04+00:00,-51.29,-59.17,-62.57,-61.70,-63.60,-44.50,-48.79,-44.37,-52.75,-45.02,-54.96,-64.05,-51.35,-50.49,-54.33,-39.98,-53.78,2026-07-29 20:50:04+00:00
2026-07-29T20:51:03+00:00,-51.38,-59.09,-62.29,-61.84,-64.73,-44.51,-48.66,-44.39,-52.77,-44.77,-54.82,-63.68,-51.05,-50.60,-53.58,-39.76,-54.11,2026-07-29 20:51:03+00:00
2026-07-29T20:52:03+00:00,-49.95,-59.24,-62.52,-61.77,-63.96,-44.41,-48.93,-44.41,-52.80,-44.92,-54.87,-64.28,-50.93,-50.10,-53.54,-39.77,-53.97,2026-07-29 20:52:03+00:00
2026-07-29T20:53:04+00:00,-50.17,-59.14,-62.28,-61.83,-65.73,-44.44,-48.74,-44.40,-53.41,-44.23,-54.10,-63.79,-50.99,-50.63,-52.92,-39.49,-56.68,2026-07-29 20:53:04+00:00
2026-07-29T20:54:04+00:00,-48.34,-59.81,-63.19,-61.86,-63.53,-44.81,-48.62,-44.28,-58.58,-44.35,-54.41,-64.21,-50.85,-49.72,-52.22,-39.60,-56.72,2026-07-29 20:54:04+00:00
2026-07-29T20:55:03+00:00,-50.18,-59.31,-62.90,-61.85,-63.90,-44.59,-48.21,-44.22,-56.13,-44.11,-54.71,-64.48,-51.02,-48.75,-51.83,-40.06,-57.07,2026-07-29 20:55:03+00:00
2026-07-29T20:56:03+00:00,-48.56,-59.62,-62.89,-61.58,-64.22,-44.74,-47.70,-44.29,-56.37,-43.96,-54.24,-64.42,-50.86,-47.02,-51.82,-40.46,-56.84,2026-07-29 20:56:03+00:00
2026-07-29T20:57:04+00:00,-47.33,-59.50,-61.33,-61.93,-64.87,-44.71,-47.48,-44.32,-53.48,-43.70,-54.34,-63.38,-50.70,-46.84,-51.37,-40.17,-56.37,2026-07-29 20:57:04+00:00
2026-07-29T20:58:04+00:00,-47.02,-58.90,-61.69,-61.75,-64.17,-44.78,-47.37,-44.26,-52.80,-43.29,-54.47,-63.91,-50.78,-46.68,-51.46,-40.03,-56.73,2026-07-29 20:58:04+00:00
2026-07-29T20:59:03+00:00,-47.24,-59.05,-61.15,-61.49,-64.80,-44.47,-47.40,-44.06,-52.96,-43.34,-54.45,-63.58,-50.77,-46.76,-50.75,-40.23,-56.68,2026-07-29 20:59:03+00:00
2026-07-29T21:00:03+00:00,-47.30,-59.47,-61.51,-62.04,-63.94,-44.53,-47.98,-43.91,-52.92,-43.66,-54.71,-63.85,-50.50,-47.40,-50.69,-40.49,-56.60,2026-07-29 21:00:03+00:00
2026-07-29T21:01:03+00:00,-47.24,-59.09,-63.00,-61.77,-64.69,-44.98,-48.18,-43.80,-52.89,-43.43,-54.89,-63.59,-50.45,-46.99,-50.54,-40.47,-56.60,2026-07-29 21:01:03+00:00
2026-07-29T21:02:04+00:00,-47.28,-58.94,-64.04,-62.00,-63.57,-44.86,-48.36,-43.86,-54.24,-43.25,-54.75,-64.54,-50.83,-47.00,-50.15,-40.28,-57.12,2026-07-29 21:02:04+00:00
2026-07-29T21:03:03+00:00,-47.50,-59.01,-63.91,-62.35,-63.34,-45.02,-48.44,-43.63,-54.26,-43.02,-55.81,-64.83,-50.82,-46.47,-50.10,-39.96,-56.99,2026-07-29 21:03:03+00:00
2026-07-29T21:04:03+00:00,-47.37,-58.93,-64.20,-61.56,-63.58,-44.89,-48.53,-43.43,-58.60,-42.60,-55.56,-64.27,-50.54,-46.18,-50.21,-39.95,-56.82,2026-07-29 21:04:03+00:00
2026-07-29T21:05:04+00:00,-47.21,-59.44,-64.81,-62.21,-63.83,-44.82,-48.51,-43.38,-53.13,-42.53,-55.45,-64.49,-50.26,-47.07,-49.90,-39.89,-56.84,2026-07-29 21:05:04+00:00
2026-07-29T21:06:04+00:00,-46.81,-59.24,-64.12,-61.81,-63.09,-44.81,-48.13,-43.34,-52.48,-42.62,-55.32,-64.02,-50.22,-45.80,-49.68,-39.88,-57.00,2026-07-29 21:06:04+00:00
2026-07-29T21:07:04+00:00,-47.46,-59.27,-64.64,-61.74,-63.67,-44.86,-47.98,-43.22,-52.19,-42.85,-55.29,-64.86,-50.15,-45.28,-49.56,-39.86,-57.05,2026-07-29 21:07:04+00:00
2026-07-29T21:08:03+00:00,-47.54,-59.63,-64.33,-62.14,-63.59,-45.00,-47.85,-43.37,-52.05,-42.88,-53.73,-63.77,-50.15,-45.41,-49.11,-39.61,-57.14,2026-07-29 21:08:03+00:00
2026-07-29T21:09:04+00:00,-47.53,-59.62,-63.15,-61.81,-63.00,-44.84,-47.89,-43.19,-51.87,-42.83,-54.79,-63.51,-50.20,-44.94,-48.90,-39.67,-57.11,2026-07-29 21:09:04+00:00
2026-07-29T21:10:04+00:00,-47.56,-59.01,-62.97,-61.91,-64.51,-45.06,-47.80,-43.40,-51.91,-42.82,-54.65,-63.06,-50.01,-44.41,-48.66,-40.35,-55.99,2026-07-29 21:10:04+00:00
2026-07-29T21:11:03+00:00,-47.64,-59.62,-63.41,-61.81,-62.76,-45.32,-48.05,-43.49,-50.77,-42.68,-54.55,-64.03,-50.09,-45.13,-48.85,-40.60,-57.18,2026-07-29 21:11:03+00:00
2026-07-29T21:12:03+00:00,-47.51,-59.13,-63.20,-61.99,-62.99,-45.34,-47.92,-43.22,-50.57,-42.45,-54.74,-64.06,-49.89,-45.17,-48.37,-40.64,-56.74,2026-07-29 21:12:03+00:00
2026-07-29T21:13:04+00:00,-47.48,-59.02,-62.59,-62.04,-64.48,-45.36,-48.22,-43.21,-50.70,-42.87,-54.82,-65.21,-49.83,-44.77,-48.12,-40.59,-56.85,2026-07-29 21:13:04+00:00
2026-07-29T21:14:04+00:00,-47.46,-56.79,-63.01,-62.04,-63.79,-45.46,-47.94,-43.22,-52.50,-43.24,-54.50,-64.14,-49.72,-43.83,-47.91,-41.37,-56.34,2026-07-29 21:14:04+00:00
2026-07-29T21:15:03+00:00,-47.31,-60.06,-65.07,-62.19,-63.93,-45.70,-48.25,-43.30,-52.61,-42.84,-54.60,-65.38,-50.14,-43.72,-47.84,-41.52,-56.63,2026-07-29 21:15:03+00:00
2026-07-29T21:16:03+00:00,-49.90,-60.04,-64.58,-62.14,-64.21,-45.69,-48.38,-43.08,-51.85,-43.09,-54.71,-65.01,-50.32,-42.89,-47.80,-41.66,-56.91,2026-07-29 21:16:03+00:00
2026-07-29T21:17:04+00:00,-46.66,-59.56,-63.57,-61.88,-63.83,-45.68,-48.59,-42.88,-51.72,-43.38,-54.13,-64.63,-50.00,-42.36,-47.54,-41.53,-56.14,2026-07-29 21:17:04+00:00
2026-07-29T21:18:03+00:00,-46.90,-59.52,-64.76,-62.22,-63.30,-45.84,-48.40,-42.85,-51.83,-44.12,-54.39,-65.39,-49.77,-42.48,-47.90,-41.52,-56.19,2026-07-29 21:18:03+00:00
2026-07-29T21:19:03+00:00,-46.91,-59.64,-64.22,-61.93,-62.95,-45.89,-48.17,-42.92,-50.85,-44.75,-54.43,-64.57,-49.82,-42.06,-47.75,-41.53,-56.48,2026-07-29 21:19:03+00:00
2026-07-29T21:20:04+00:00,-46.84,-60.00,-64.52,-61.47,-63.39,-45.77,-48.04,-42.85,-53.16,-45.15,-54.23,-64.81,-50.02,-41.94,-47.84,-41.34,-56.64,2026-07-29 21:20:04+00:00
2026-07-29T21:21:04+00:00,-46.87,-59.90,-64.13,-61.65,-63.81,-45.82,-48.10,-42.79,-53.20,-45.43,-54.10,-64.53,-49.65,-41.64,-47.26,-41.30,-56.40,2026-07-29 21:21:04+00:00
2026-07-29T21:22:03+00:00,-46.76,-59.92,-62.58,-62.22,-63.69,-46.00,-48.06,-42.79,-52.95,-45.24,-55.02,-64.55,-49.65,-41.61,-47.25,-41.30,-56.17,2026-07-29 21:22:03+00:00
2026-07-29T21:23:04+00:00,-46.83,-59.86,-63.66,-61.92,-63.52,-45.66,-48.00,-42.65,-52.75,-45.04,-54.93,-64.15,-49.59,-42.04,-46.84,-40.88,-55.91,2026-07-29 21:23:04+00:00
2026-07-29T21:24:04+00:00,-47.06,-59.80,-63.86,-61.66,-62.76,-45.96,-48.07,-42.72,-52.60,-44.94,-53.79,-64.63,-49.88,-42.41,-47.20,-40.95,-56.45,2026-07-29 21:24:04+00:00
2026-07-29T21:25:03+00:00,-46.93,-59.51,-63.96,-62.10,-63.80,-46.04,-47.81,-42.69,-52.67,-44.95,-53.90,-64.58,-49.78,-42.17,-47.15,-40.99,-56.44,2026-07-29 21:25:03+00:00
2026-07-29T21:26:03+00:00,-47.02,-60.01,-63.68,-61.96,-63.50,-45.91,-47.91,-42.79,-53.09,-45.33,-54.05,-65.03,-49.61,-42.24,-47.63,-41.67,-56.39,2026-07-29 21:26:03+00:00
2026-07-29T21:27:04+00:00,-47.05,-59.91,-63.39,-61.90,-63.53,-46.01,-47.94,-42.71,-53.19,-46.00,-53.01,-65.54,-49.76,-41.67,-47.57,-42.01,-56.49,2026-07-29 21:27:04+00:00
2026-07-29T21:28:04+00:00,-46.98,-59.24,-64.66,-61.98,-64.01,-45.98,-47.82,-42.67,-53.54,-46.00,-53.16,-65.05,-49.57,-41.30,-47.73,-42.32,-56.47,2026-07-29 21:28:04+00:00
2026-07-29T21:29:03+00:00,-46.96,-59.01,-65.09,-62.24,-63.34,-45.95,-47.91,-42.75,-53.76,-46.28,-53.28,-65.51,-49.57,-41.12,-47.50,-42.95,-56.31,2026-07-29 21:29:03+00:00
2026-07-29T21:30:03+00:00,-46.94,-59.12,-64.70,-61.86,-63.88,-46.30,-47.70,-42.86,-53.89,-45.82,-53.39,-64.77,-49.59,-40.88,-47.59,-42.54,-56.46,2026-07-29 21:30:03+00:00
2026-07-29T21:31:03+00:00,-46.85,-59.33,-64.88,-62.12,-63.14,-45.94,-47.98,-42.89,-53.90,-44.85,-53.57,-64.72,-49.69,-40.71,-47.74,-41.91,-56.75,2026-07-29 21:31:03+00:00
2026-07-29T21:32:03+00:00,-46.86,-59.16,-64.68,-62.23,-63.60,-51.25,-47.94,-43.00,-50.81,-44.09,-53.56,-64.61,-49.60,-40.44,-47.99,-42.17,-56.66,2026-07-29 21:32:03+00:00
2026-07-29T21:33:04+00:00,-47.02,-59.20,-64.56,-62.01,-62.83,-50.72,-47.90,-42.92,-50.82,-43.49,-53.50,-64.31,-49.25,-40.35,-47.95,-42.59,-56.82,2026-07-29 21:33:04+00:00
2026-07-29T21:34:03+00:00,-46.78,-59.26,-64.78,-61.91,-63.43,-49.43,-48.26,-42.94,-51.59,-43.39,-51.99,-64.52,-49.03,-40.16,-47.94,-42.75,-56.77,2026-07-29 21:34:03+00:00
2026-07-29T21:35:03+00:00,-46.72,-59.20,-62.67,-61.69,-63.98,-50.63,-48.61,-43.01,-51.49,-43.32,-53.50,-64.64,-48.89,-39.83,-48.39,-43.34,-56.59,2026-07-29 21:35:03+00:00
2026-07-29T21:36:03+00:00,-46.51,-59.11,-63.55,-62.01,-63.05,-50.51,-51.06,-42.84,-51.29,-43.99,-53.35,-64.41,-49.03,-39.56,-48.60,-43.49,-55.64,2026-07-29 21:36:03+00:00
2026-07-29T21:37:03+00:00,-46.56,-59.23,-64.07,-62.13,-63.55,-50.46,-50.98,-42.66,-51.25,-44.77,-53.49,-64.39,-48.89,-39.19,-48.56,-43.19,-56.74,2026-07-29 21:37:03+00:00
2026-07-29T21:38:04+00:00,-46.58,-59.37,-63.63,-62.05,-63.11,-50.58,-51.05,-42.70,-51.26,-45.22,-53.17,-64.38,-48.86,-39.29,-48.65,-42.09,-56.28,2026-07-29 21:38:04+00:00
2026-07-29T21:39:03+00:00,-46.70,-59.36,-63.20,-61.89,-62.88,-50.70,-51.09,-42.73,-51.54,-45.19,-53.56,-65.05,-48.56,-39.11,-49.13,-41.76,-56.47,2026-07-29 21:39:03+00:00
2026-07-29T21:40:03+00:00,-46.54,-59.49,-64.53,-62.01,-62.14,-50.60,-51.06,-42.74,-51.90,-45.62,-53.48,-64.76,-48.44,-38.75,-49.68,-41.33,-56.58,2026-07-29 21:40:03+00:00
2026-07-29T21:41:04+00:00,-46.39,-59.11,-64.04,-61.98,-62.46,-50.52,-59.34,-42.77,-51.91,-45.10,-53.54,-64.96,-48.51,-39.01,-49.58,-41.44,-56.55,2026-07-29 21:41:04+00:00
2026-07-29T21:42:04+00:00,-46.59,-59.37,-64.94,-61.82,-62.67,-50.17,-47.73,-42.66,-51.86,-45.31,-53.56,-64.80,-48.72,-39.18,-49.64,-41.59,-56.60,2026-07-29 21:42:04+00:00
2026-07-29T21:43:03+00:00,-46.86,-59.84,-64.82,-61.69,-64.85,-50.23,-48.96,-42.75,-51.89,-45.50,-53.43,-65.20,-48.60,-38.95,-49.67,-42.00,-56.49,2026-07-29 21:43:03+00:00
2026-07-29T21:44:04+00:00,-47.07,-59.88,-64.59,-62.08,-62.58,-50.50,-48.33,-42.74,-51.94,-45.31,-53.42,-64.76,-48.92,-39.03,-49.75,-42.37,-56.56,2026-07-29 21:44:04+00:00
2026-07-29T21:45:04+00:00,-46.86,-59.59,-64.56,-61.57,-63.94,-50.51,-48.47,-42.72,-51.83,-44.42,-53.65,-64.29,-48.86,-38.85,-49.81,-42.18,-56.65,2026-07-29 21:45:04+00:00
2026-07-29T21:46:03+00:00,-46.92,-59.87,-64.46,-62.00,-64.58,-49.30,-48.78,-42.53,-51.58,-43.65,-51.87,-64.38,-48.73,-38.95,-49.72,-41.72,-56.45,2026-07-29 21:46:03+00:00
2026-07-29T21:47:03+00:00,-46.79,-59.87,-62.35,-61.75,-62.56,-50.98,-48.57,-42.61,-55.47,-43.21,-53.61,-64.83,-48.98,-39.20,-49.77,-42.41,-56.41,2026-07-29 21:47:03+00:00
2026-07-29T21:48:04+00:00,-46.58,-60.08,-63.94,-61.82,-63.13,-50.91,-51.37,-42.52,-55.72,-43.49,-53.35,-64.90,-48.94,-39.21,-49.57,-43.45,-56.60,2026-07-29 21:48:04+00:00
2026-07-29T21:49:04+00:00,-46.33,-59.99,-64.41,-61.83,-64.09,-51.15,-51.33,-42.48,-56.99,-44.22,-53.51,-64.62,-49.12,-39.51,-49.38,-44.66,-56.51,2026-07-29 21:49:04+00:00
2026-07-29T21:50:03+00:00,-46.62,-60.10,-64.49,-61.79,-63.47,-50.87,-51.37,-42.35,-52.61,-44.49,-53.43,-64.69,-49.24,-39.68,-49.96,-44.69,-56.52,2026-07-29 21:50:03+00:00
2026-07-29T21:51:04+00:00,-46.44,-59.69,-64.58,-61.46,-63.20,-50.60,-51.37,-42.32,-52.55,-44.91,-53.46,-64.91,-49.04,-39.32,-49.95,-45.52,-56.61,2026-07-29 21:51:04+00:00
2026-07-29T21:52:04+00:00,-46.45,-60.23,-64.73,-62.24,-63.86,-50.12,-51.31,-42.13,-52.53,-44.58,-53.59,-65.32,-48.95,-39.42,-50.62,-47.88,-56.40,2026-07-29 21:52:04+00:00
2026-07-29T21:53:04+00:00,-46.51,-60.34,-64.57,-61.79,-64.07,-49.91,-51.40,-42.08,-52.47,-44.81,-53.58,-64.79,-48.90,-39.41,-50.53,-48.67,-56.33,2026-07-29 21:53:04+00:00
2026-07-29T21:54:03+00:00,-46.39,-60.13,-64.72,-62.24,-62.63,-50.14,-51.17,-42.12,-52.53,-45.49,-53.69,-65.15,-49.11,-39.45,-50.61,-48.28,-56.33,2026-07-29 21:54:03+00:00
2026-07-29T21:55:04+00:00,-46.38,-59.20,-64.91,-61.78,-63.21,-50.59,-51.05,-42.07,-52.51,-45.39,-53.74,-65.07,-48.79,-39.51,-50.72,-48.79,-56.96,2026-07-29 21:55:04+00:00
2026-07-29T21:56:04+00:00,-46.41,-60.32,-64.89,-61.94,-64.21,-49.45,-51.18,-42.05,-52.14,-44.76,-53.79,-65.54,-48.67,-39.68,-51.03,-47.69,-56.93,2026-07-29 21:56:04+00:00
2026-07-29T21:57:03+00:00,-46.23,-59.60,-65.01,-62.12,-63.00,-49.61,-51.27,-41.96,-51.97,-44.32,-53.58,-65.56,-49.16,-39.79,-51.04,-48.25,-56.58,2026-07-29 21:57:03+00:00
2026-07-29T21:58:03+00:00,-46.33,-60.73,-65.01,-61.96,-64.09,-45.89,-51.47,-41.94,-51.98,-44.56,-53.75,-65.15,-49.45,-39.59,-51.09,-49.04,-56.61,2026-07-29 21:58:03+00:00
2026-07-29T21:59:04+00:00,-46.48,-60.21,-64.89,-61.98,-63.66,-45.98,-51.38,-41.81,-51.95,-44.79,-52.08,-65.26,-49.59,-39.25,-51.71,-48.62,-56.45,2026-07-29 21:59:04+00:00
2026-07-29T22:00:04+00:00,-46.16,-60.24,-64.79,-61.96,-64.77,-46.03,-51.30,-41.75,-51.88,-44.18,-53.56,-65.50,-49.22,-39.79,-52.03,-48.79,-56.74,2026-07-29 22:00:04+00:00
2026-07-29T22:01:04+00:00,-46.02,-60.27,-64.86,-61.93,-64.13,-45.86,-51.23,-41.85,-51.83,-44.18,-53.78,-65.51,-49.40,-39.51,-51.33,-46.96,-56.55,2026-07-29 22:01:04+00:00
2026-07-29T22:02:03+00:00,-45.46,-60.42,-64.86,-62.18,-64.13,-45.82,-51.29,-41.99,-51.86,-45.27,-53.93,-65.32,-49.55,-39.60,-51.65,-47.26,-56.58,2026-07-29 22:02:03+00:00
2026-07-29T22:03:04+00:00,-45.48,-60.47,-64.14,-61.86,-63.06,-45.57,-51.75,-42.13,-51.30,-45.30,-53.67,-65.00,-49.57,-39.76,-51.34,-48.43,-56.78,2026-07-29 22:03:04+00:00
2026-07-29T22:04:03+00:00,-45.90,-60.00,-64.73,-62.17,-64.72,-45.79,-51.58,-41.99,-51.00,-45.51,-53.58,-64.98,-49.26,-39.32,-50.54,-49.03,-56.67,2026-07-29 22:04:03+00:00
2026-07-29T22:05:03+00:00,-46.12,-59.99,-64.87,-61.92,-64.16,-45.99,-51.47,-41.81,-53.52,-44.97,-53.82,-64.70,-49.21,-39.11,-50.04,-47.38,-57.16,2026-07-29 22:05:03+00:00
2026-07-29T22:06:03+00:00,-46.53,-60.12,-64.67,-61.96,-63.58,-46.00,-51.61,-41.60,-53.39,-44.89,-53.31,-65.28,-48.98,-39.09,-48.99,-45.60,-56.72,2026-07-29 22:06:03+00:00
2026-07-29T22:07:04+00:00,-46.41,-59.94,-64.71,-61.84,-63.78,-46.12,-51.57,-41.42,-53.49,-44.98,-53.60,-65.05,-48.86,-38.96,-48.67,-45.38,-56.95,2026-07-29 22:07:04+00:00
2026-07-29T22:08:04+00:00,-46.52,-59.72,-64.84,-61.76,-64.31,-45.76,-51.62,-41.22,-53.45,-45.41,-53.62,-65.27,-49.00,-38.76,-48.66,-44.90,-56.81,2026-07-29 22:08:04+00:00
2026-07-29T22:09:03+00:00,-46.40,-59.95,-64.68,-61.70,-64.38,-45.70,-48.87,-41.29,-53.39,-45.38,-53.45,-65.32,-49.13,-38.44,-48.26,-44.28,-56.89,2026-07-29 22:09:03+00:00
2026-07-29T22:10:04+00:00,-46.30,-60.26,-64.72,-61.86,-64.27,-45.57,-48.62,-41.33,-53.26,-46.14,-53.60,-64.93,-49.16,-38.62,-47.95,-43.32,-53.38,2026-07-29 22:10:04+00:00
2026-07-29T22:11:04+00:00,-46.42,-60.43,-64.90,-62.08,-63.66,-45.48,-48.64,-41.27,-53.58,-45.94,-53.65,-64.89,-48.89,-38.54,-48.09,-44.67,-54.31,2026-07-29 22:11:04+00:00
2026-07-29T22:12:04+00:00,-46.33,-60.17,-64.96,-61.93,-64.08,-45.45,-48.32,-41.26,-53.51,-45.88,-53.61,-65.25,-48.81,-38.71,-47.88,-45.77,-54.94,2026-07-29 22:12:04+00:00
2026-07-29T22:13:03+00:00,-46.33,-60.49,-64.98,-62.09,-64.56,-45.33,-48.39,-41.35,-53.56,-46.63,-53.57,-65.26,-49.01,-39.13,-47.82,-46.22,-53.30,2026-07-29 22:13:03+00:00
2026-07-29T22:14:03+00:00,-45.81,-60.98,-64.42,-62.23,-63.18,-45.47,-48.53,-41.26,-52.26,-47.24,-53.66,-65.71,-49.06,-39.16,-48.14,-45.87,-53.35,2026-07-29 22:14:03+00:00
2026-07-29T22:15:04+00:00,-45.73,-60.68,-64.08,-61.53,-62.74,-45.29,-48.36,-41.26,-52.20,-47.79,-53.63,-65.01,-49.01,-39.15,-48.02,-44.70,-54.35,2026-07-29 22:15:04+00:00
2026-07-29T22:16:04+00:00,-45.78,-60.28,-64.29,-61.70,-64.49,-45.43,-49.06,-41.25,-52.18,-47.76,-53.87,-65.34,-48.93,-39.35,-48.13,-42.16,-53.53,2026-07-29 22:16:04+00:00
2026-07-29T22:17:03+00:00,-45.80,-60.95,-64.15,-62.05,-64.74,-45.39,-48.79,-41.34,-50.09,-47.27,-53.85,-65.17,-48.98,-39.09,-48.48,-41.70,-54.41,2026-07-29 22:17:03+00:00
2026-07-29T22:18:03+00:00,-45.73,-60.67,-64.48,-61.83,-63.88,-45.35,-48.73,-41.27,-50.59,-46.81,-53.62,-65.24,-48.97,-39.54,-48.61,-40.56,-53.60,2026-07-29 22:18:03+00:00
2026-07-29T22:19:04+00:00,-45.80,-60.89,-64.39,-62.32,-64.10,-45.46,-48.68,-41.14,-50.80,-47.61,-53.48,-65.56,-48.88,-39.76,-48.88,-39.90,-54.44,2026-07-29 22:19:04+00:00
2026-07-29T22:20:03+00:00,-45.72,-60.94,-64.31,-61.93,-64.26,-45.75,-48.64,-41.03,-50.70,-48.61,-53.94,-65.22,-48.71,-39.61,-48.95,-39.79,-53.35,2026-07-29 22:20:03+00:00
2026-07-29T22:21:03+00:00,-45.85,-61.15,-64.33,-62.35,-64.94,-45.55,-48.72,-41.10,-50.80,-47.90,-53.67,-65.39,-48.71,-39.86,-48.60,-40.07,-53.39,2026-07-29 22:21:03+00:00
2026-07-29T22:22:04+00:00,-45.90,-60.93,-64.48,-62.25,-64.41,-45.73,-48.72,-41.12,-50.73,-48.34,-53.74,-65.49,-48.49,-39.52,-48.33,-41.44,-53.35,2026-07-29 22:22:04+00:00
2026-07-29T22:23:04+00:00,-45.92,-60.79,-64.25,-61.97,-64.20,-44.99,-48.09,-40.98,-50.50,-49.23,-52.98,-65.27,-48.36,-39.59,-48.19,-41.96,-55.03,2026-07-29 22:23:04+00:00
2026-07-29T22:24:03+00:00,-46.81,-60.76,-62.98,-61.96,-64.41,-45.73,-48.66,-40.99,-50.59,-49.19,-53.69,-65.53,-48.48,-39.11,-48.01,-42.82,-53.44,2026-07-29 22:24:03+00:00
2026-07-29T22:25:03+00:00,-46.88,-60.68,-63.69,-61.80,-63.62,-45.60,-48.64,-40.90,-50.48,-48.08,-53.76,-64.99,-48.50,-39.23,-48.02,-42.51,-54.34,2026-07-29 22:25:03+00:00
2026-07-29T22:26:04+00:00,-46.94,-60.54,-63.83,-61.85,-63.90,-46.18,-48.22,-41.12,-50.67,-48.66,-53.52,-64.96,-48.58,-39.24,-48.20,-41.85,-54.63,2026-07-29 22:26:04+00:00
2026-07-29T22:27:04+00:00,-45.92,-60.64,-63.88,-61.66,-63.89,-45.80,-48.18,-41.29,-50.42,-47.97,-53.76,-64.91,-48.70,-39.24,-47.58,-43.07,-54.50,2026-07-29 22:27:04+00:00
2026-07-29T22:28:03+00:00,-45.85,-61.05,-63.07,-61.44,-64.22,-45.87,-48.22,-41.41,-50.55,-48.81,-53.55,-64.85,-48.83,-39.34,-47.95,-44.47,-54.99,2026-07-29 22:28:03+00:00
2026-07-29T22:29:03+00:00,-45.97,-61.02,-64.38,-62.31,-64.92,-45.76,-48.44,-41.51,-50.63,-50.17,-53.68,-65.64,-48.76,-39.49,-48.04,-45.33,-55.20,2026-07-29 22:29:03+00:00
2026-07-29T22:30:04+00:00,-45.97,-60.86,-64.16,-61.81,-64.98,-45.93,-48.35,-41.48,-50.45,-50.64,-53.46,-65.46,-48.66,-39.61,-48.21,-44.60,-53.52,2026-07-29 22:30:04+00:00
2026-07-29T22:31:04+00:00,-45.85,-61.10,-64.12,-61.78,-64.35,-45.71,-48.31,-41.43,-50.47,-50.39,-53.59,-65.57,-48.58,-40.11,-48.10,-43.06,-54.37,2026-07-29 22:31:04+00:00
2026-07-29T22:32:03+00:00,-45.94,-61.18,-63.85,-62.02,-63.19,-46.01,-48.57,-41.42,-53.20,-50.54,-53.89,-65.08,-48.58,-40.20,-48.43,-42.12,-53.35,2026-07-29 22:32:03+00:00
2026-07-29T22:33:03+00:00,-46.01,-60.63,-63.96,-62.04,-63.89,-45.87,-48.91,-41.63,-53.07,-50.83,-54.36,-65.29,-48.46,-40.53,-48.67,-40.85,-53.76,2026-07-29 22:33:03+00:00
2026-07-29T22:34:04+00:00,-46.00,-60.66,-63.80,-61.97,-63.30,-45.99,-48.95,-41.62,-53.18,-48.84,-54.08,-64.83,-48.67,-40.71,-49.16,-40.96,-53.22,2026-07-29 22:34:04+00:00
2026-07-29T22:35:04+00:00,-45.97,-60.53,-63.83,-61.76,-63.63,-46.00,-48.81,-41.68,-50.84,-49.53,-53.94,-65.12,-48.61,-40.54,-49.42,-41.71,-55.07,2026-07-29 22:35:04+00:00
2026-07-29T22:36:04+00:00,-46.08,-60.56,-64.15,-62.03,-64.27,-49.80,-48.55,-41.59,-50.87,-50.15,-53.90,-65.65,-48.61,-40.82,-49.45,-42.53,-53.19,2026-07-29 22:36:04+00:00
2026-07-29T22:37:04+00:00,-45.92,-60.62,-64.29,-62.13,-63.98,-50.08,-49.01,-41.34,-50.66,-50.09,-54.07,-65.55,-48.69,-40.85,-49.34,-42.09,-53.30,2026-07-29 22:37:04+00:00
2026-07-29T22:38:03+00:00,-45.91,-61.32,-64.17,-61.90,-63.92,-50.14,-49.06,-41.36,-50.74,-49.30,-54.05,-65.56,-48.66,-40.88,-49.99,-41.21,-53.36,2026-07-29 22:38:03+00:00
2026-07-29T22:39:03+00:00,-46.63,-61.78,-64.42,-61.87,-63.98,-50.07,-49.33,-41.40,-50.70,-49.82,-54.17,-65.50,-49.12,-41.10,-49.70,-41.48,-53.55,2026-07-29 22:39:03+00:00
2026-07-29T22:40:04+00:00,-46.69,-60.67,-64.12,-61.99,-63.86,-50.30,-49.43,-41.69,-50.94,-51.30,-54.02,-65.09,-49.06,-41.01,-50.46,-40.88,-53.43,2026-07-29 22:40:04+00:00
2026-07-29T22:41:03+00:00,-46.48,-60.00,-63.79,-61.98,-63.23,-49.85,-49.47,-41.46,-50.40,-51.85,-54.02,-64.50,-49.52,-41.29,-50.26,-40.44,-53.43,2026-07-29 22:41:03+00:00
2026-07-29T22:42:03+00:00,-46.49,-59.93,-64.07,-61.94,-63.60,-50.21,-49.23,-41.57,-50.40,-51.33,-54.05,-65.46,-50.02,-41.46,-51.05,-40.32,-53.06,2026-07-29 22:42:03+00:00
2026-07-29T22:43:04+00:00,-46.57,-59.25,-64.04,-61.91,-64.21,-49.86,-48.89,-41.64,-50.59,-52.70,-53.68,-65.47,-50.56,-41.71,-51.36,-40.71,-53.35,2026-07-29 22:43:04+00:00
2026-07-29T22:44:04+00:00,-46.49,-59.54,-64.79,-61.89,-63.36,-49.59,-48.94,-41.57,-52.29,-51.43,-53.72,-64.78,-50.53,-41.24,-51.91,-41.71,-53.60,2026-07-29 22:44:04+00:00
2026-07-29T22:45:03+00:00,-46.02,-59.25,-64.81,-61.58,-64.64,-49.75,-49.12,-41.82,-52.05,-51.54,-53.57,-64.85,-50.86,-42.29,-52.09,-41.57,-55.28,2026-07-29 22:45:03+00:00
2026-07-29T22:46:03+00:00,-45.91,-59.17,-64.76,-61.74,-64.20,-49.50,-49.42,-41.75,-51.62,-50.42,-53.66,-64.92,-50.99,-42.83,-52.52,-41.63,-53.30,2026-07-29 22:46:03+00:00
2026-07-29T22:47:04+00:00,-45.91,-59.32,-64.07,-61.88,-64.86,-49.53,-49.24,-41.76,-50.67,-49.28,-53.46,-65.36,-51.23,-43.03,-52.73,-41.49,-53.24,2026-07-29 22:47:04+00:00
2026-07-29T22:48:04+00:00,-45.59,-59.57,-64.24,-61.77,-64.61,-49.83,-49.89,-41.63,-49.90,-48.66,-53.49,-66.03,-51.55,-43.28,-53.58,-41.32,-54.63,2026-07-29 22:48:04+00:00
2026-07-29T22:49:03+00:00,-45.64,-60.49,-64.06,-61.99,-63.05,-49.81,-49.39,-41.67,-49.92,-48.15,-53.32,-65.73,-52.04,-43.09,-53.38,-40.76,-53.48,2026-07-29 22:49:03+00:00
2026-07-29T22:50:04+00:00,-45.61,-59.76,-64.29,-62.08,-64.03,-49.93,-48.42,-41.98,-51.84,-47.58,-53.27,-65.93,-52.08,-42.80,-53.34,-40.68,-55.08,2026-07-29 22:50:04+00:00
2026-07-29T22:51:04+00:00,-45.59,-60.54,-62.96,-62.04,-64.41,-49.82,-49.13,-41.79,-51.59,-47.30,-53.28,-66.00,-52.29,-44.26,-53.03,-40.44,-54.46,2026-07-29 22:51:04+00:00
2026-07-29T22:52:03+00:00,-45.67,-61.34,-63.43,-61.98,-63.41,-50.01,-48.57,-41.58,-51.50,-47.30,-53.04,-64.59,-52.04,-43.98,-52.53,-40.97,-53.46,2026-07-29 22:52:03+00:00
2026-07-29T22:53:03+00:00,-45.76,-61.68,-63.45,-61.74,-63.31,-50.24,-48.87,-41.74,-51.49,-47.32,-53.10,-64.36,-52.10,-44.10,-51.63,-40.82,-53.11,2026-07-29 22:53:03+00:00
2026-07-29T22:54:04+00:00,-46.11,-62.09,-63.34,-62.07,-63.42,-50.05,-48.78,-42.08,-51.40,-46.04,-53.31,-64.29,-52.10,-43.55,-51.21,-40.84,-55.02,2026-07-29 22:54:04+00:00
2026-07-29T22:55:04+00:00,-46.12,-61.99,-62.81,-61.73,-63.00,-50.00,-48.95,-42.23,-51.53,-46.48,-52.90,-64.53,-52.12,-43.29,-51.07,-41.07,-53.31,2026-07-29 22:55:04+00:00
2026-07-29T22:56:03+00:00,-46.01,-61.96,-62.87,-61.48,-63.77,-49.94,-48.89,-42.42,-51.57,-46.47,-52.90,-64.96,-51.76,-43.72,-51.20,-41.89,-56.11,2026-07-29 22:56:03+00:00
2026-07-29T22:57:03+00:00,-46.02,-62.06,-62.82,-61.65,-63.37,-50.35,-48.76,-42.61,-51.52,-46.91,-52.75,-65.05,-51.98,-43.27,-50.69,-41.70,-54.76,2026-07-29 22:57:03+00:00
2026-07-29T22:58:04+00:00,-46.05,-62.09,-64.16,-61.66,-63.23,-50.61,-48.34,-42.75,-52.06,-46.54,-52.79,-64.85,-51.48,-44.25,-50.47,-42.95,-57.27,2026-07-29 22:58:04+00:00
2026-07-29T22:59:04+00:00,-45.95,-62.25,-62.98,-61.74,-63.93,-50.65,-48.70,-42.92,-52.10,-45.68,-52.60,-63.54,-51.57,-44.80,-50.35,-44.28,-55.26,2026-07-29 22:59:04+00:00
2026-07-29T23:00:03+00:00,-46.02,-62.13,-62.76,-61.92,-64.02,-51.17,-48.62,-43.14,-52.26,-45.03,-52.46,-63.45,-51.75,-45.64,-49.86,-43.91,-53.43,2026-07-29 23:00:03+00:00
2026-07-29T23:01:03+00:00,-46.55,-61.87,-63.18,-61.64,-63.11,-51.31,-48.15,-43.30,-52.19,-45.97,-52.41,-62.59,-51.70,-46.36,-49.31,-44.45,-53.75,2026-07-29 23:01:03+00:00
2026-07-29T23:02:04+00:00,-46.46,-61.45,-63.68,-61.98,-62.60,-51.08,-48.60,-43.40,-50.04,-45.85,-52.61,-64.33,-51.73,-47.11,-49.33,-45.23,-55.44,2026-07-29 23:02:04+00:00
2026-07-29T23:03:03+00:00,-46.48,-61.99,-63.76,-61.87,-63.81,-51.26,-48.83,-43.48,-50.86,-46.17,-52.61,-64.49,-51.77,-47.82,-49.03,-44.41,-53.58,2026-07-29 23:03:03+00:00
2026-07-29T23:04:04+00:00,-46.31,-60.98,-63.79,-61.93,-62.98,-50.11,-47.71,-43.75,-50.57,-45.29,-52.46,-64.43,-51.67,-46.86,-48.61,-44.28,-54.63,2026-07-29 23:04:04+00:00
2026-07-29T23:05:04+00:00,-47.21,-61.35,-62.55,-61.59,-63.53,-50.89,-48.77,-44.12,-50.43,-45.07,-52.75,-64.74,-52.18,-46.50,-48.75,-43.99,-57.36,2026-07-29 23:05:04+00:00
2026-07-29T23:06:04+00:00,-47.10,-61.30,-63.06,-61.93,-64.20,-51.07,-48.79,-44.12,-50.33,-44.42,-52.76,-64.43,-51.97,-47.73,-48.01,-43.77,-54.57,2026-07-29 23:06:04+00:00
2026-07-29T23:07:03+00:00,-47.38,-61.21,-63.17,-61.73,-64.51,-51.28,-48.16,-44.18,-50.41,-45.09,-52.63,-63.99,-52.04,-48.18,-47.99,-44.12,-54.80,2026-07-29 23:07:03+00:00
2026-07-29T23:08:03+00:00,-46.70,-61.25,-63.33,-62.14,-63.68,-50.88,-48.64,-44.25,-50.35,-44.34,-52.55,-64.00,-52.20,-48.61,-47.42,-44.41,-55.59,2026-07-29 23:08:03+00:00
2026-07-29T23:09:04+00:00,-46.79,-60.89,-62.81,-61.73,-63.70,-50.65,-48.70,-44.56,-50.57,-43.03,-52.29,-64.09,-52.52,-48.99,-46.74,-43.94,-55.26,2026-07-29 23:09:04+00:00
2026-07-29T23:10:04+00:00,-46.74,-62.24,-63.90,-61.74,-63.19,-50.83,-48.67,-44.72,-50.87,-43.96,-52.35,-64.53,-52.71,-50.08,-46.57,-45.58,-55.27,2026-07-29 23:10:04+00:00
2026-07-29T23:11:03+00:00,-46.64,-62.24,-64.17,-61.79,-63.80,-50.75,-48.64,-44.68,-50.86,-44.15,-52.04,-64.41,-53.27,-49.13,-46.86,-46.74,-53.73,2026-07-29 23:11:03+00:00
2026-07-29T23:12:04+00:00,-46.26,-62.12,-64.27,-62.02,-63.30,-50.71,-48.59,-44.60,-50.90,-44.58,-52.16,-64.62,-53.01,-48.66,-47.14,-46.76,-53.60,2026-07-29 23:12:04+00:00
2026-07-29T23:13:04+00:00,-46.19,-62.49,-63.97,-61.76,-63.00,-50.76,-48.37,-44.46,-50.79,-44.75,-51.79,-64.82,-52.87,-48.38,-47.12,-46.77,-55.42,2026-07-29 23:13:04+00:00
2026-07-29T23:14:03+00:00,-46.32,-62.10,-64.38,-61.82,-63.81,-51.24,-48.15,-44.28,-50.89,-44.80,-51.88,-66.08,-53.05,-48.86,-47.04,-47.71,-53.52,2026-07-29 23:14:03+00:00
2026-07-29T23:15:03+00:00,-45.99,-62.09,-64.37,-62.00,-64.46,-50.92,-48.24,-44.27,-50.86,-45.05,-51.57,-65.95,-52.62,-49.44,-46.86,-48.52,-54.89,2026-07-29 23:15:03+00:00
2026-07-29T23:16:04+00:00,-45.68,-62.38,-64.25,-61.99,-64.33,-51.00,-47.79,-44.00,-50.71,-45.22,-51.65,-65.62,-52.27,-49.18,-46.78,-48.10,-57.53,2026-07-29 23:16:04+00:00
2026-07-29T23:17:04+00:00,-45.69,-62.63,-64.12,-62.01,-63.65,-50.29,-48.74,-43.65,-53.10,-44.54,-50.39,-65.66,-52.71,-49.14,-46.66,-47.55,-55.28,2026-07-29 23:17:04+00:00
2026-07-29T23:18:03+00:00,-45.72,-62.33,-64.07,-61.93,-64.26,-50.85,-48.44,-43.55,-53.32,-43.68,-51.35,-65.27,-52.74,-50.26,-46.69,-45.75,-55.26,2026-07-29 23:18:03+00:00
2026-07-29T23:19:03+00:00,-45.86,-62.42,-65.11,-61.91,-63.51,-50.55,-48.51,-43.51,-57.96,-43.43,-51.32,-65.56,-52.74,-51.25,-46.48,-44.97,-53.52,2026-07-29 23:19:03+00:00
2026-07-29T23:20:04+00:00,-46.00,-61.84,-63.70,-61.74,-64.24,-50.48,-48.50,-43.56,-52.69,-42.67,-51.01,-65.34,-52.94,-52.71,-46.68,-44.16,-53.72,2026-07-29 23:20:04+00:00
2026-07-29T23:21:03+00:00,-46.12,-62.10,-63.63,-61.85,-64.49,-50.60,-48.69,-43.77,-51.75,-42.86,-51.29,-65.11,-53.13,-52.47,-46.92,-43.55,-57.74,2026-07-29 23:21:03+00:00
2026-07-29T23:22:03+00:00,-46.13,-62.26,-63.43,-61.86,-62.87,-50.53,-48.69,-43.78,-51.71,-43.25,-51.10,-65.35,-53.38,-52.07,-47.39,-42.58,-54.49,2026-07-29 23:22:03+00:00
2026-07-29T23:23:04+00:00,-45.96,-61.83,-64.93,-61.97,-63.91,-50.24,-48.60,-44.07,-51.88,-43.98,-50.97,-65.28,-53.56,-51.31,-47.09,-41.80,-53.51,2026-07-29 23:23:04+00:00
2026-07-29T23:24:04+00:00,-46.09,-62.24,-64.95,-62.09,-63.91,-50.18,-48.80,-44.11,-51.93,-45.18,-50.85,-65.03,-53.94,-50.55,-47.15,-40.83,-54.69,2026-07-29 23:24:04+00:00
2026-07-29T23:25:03+00:00,-46.21,-62.51,-65.05,-62.01,-63.88,-50.12,-48.74,-43.80,-51.60,-46.30,-50.67,-65.52,-54.35,-49.70,-47.01,-40.12,-55.21,2026-07-29 23:25:03+00:00
2026-07-29T23:26:03+00:00,-46.04,-62.17,-64.74,-61.90,-64.04,-49.91,-48.30,-43.65,-51.62,-45.40,-50.57,-65.10,-54.64,-49.92,-46.92,-39.65,-54.68,2026-07-29 23:26:03+00:00
2026-07-29T23:27:04+00:00,-45.99,-62.26,-64.92,-61.87,-63.88,-50.13,-47.81,-43.47,-51.54,-45.02,-50.71,-65.51,-54.74,-51.05,-46.69,-39.79,-54.64,2026-07-29 23:27:04+00:00
2026-07-29T23:28:04+00:00,-46.19,-61.97,-64.62,-62.02,-64.49,-49.82,-47.42,-43.52,-51.59,-44.79,-50.60,-65.13,-54.65,-49.62,-46.41,-39.39,-53.57,2026-07-29 23:28:04+00:00
2026-07-29T23:29:03+00:00,-46.39,-62.11,-64.64,-62.04,-64.33,-49.48,-46.03,-43.62,-51.35,-44.37,-50.32,-65.36,-54.66,-49.31,-46.38,-39.42,-55.12,2026-07-29 23:29:03+00:00
2026-07-29T23:30:03+00:00,-46.10,-61.62,-64.26,-61.19,-63.72,-48.39,-47.93,-43.52,-51.27,-44.41,-49.68,-64.79,-55.25,-49.39,-46.04,-39.43,-53.03,2026-07-29 23:30:03+00:00
2026-07-29T23:31:03+00:00,-46.09,-61.83,-63.96,-61.84,-63.50,-49.09,-47.66,-43.62,-50.29,-43.98,-50.49,-64.90,-55.08,-48.99,-46.00,-39.97,-55.36,2026-07-29 23:31:03+00:00
2026-07-29T23:32:03+00:00,-46.11,-61.51,-63.39,-62.02,-62.88,-47.79,-47.39,-43.66,-50.39,-43.51,-50.35,-65.15,-54.31,-48.44,-45.61,-40.28,-54.40,2026-07-29 23:32:03+00:00
2026-07-29T23:33:03+00:00,-46.11,-61.39,-62.70,-61.94,-64.21,-48.09,-47.27,-43.49,-49.68,-43.21,-50.22,-65.00,-54.27,-48.72,-45.82,-40.12,-54.82,2026-07-29 23:33:03+00:00
2026-07-29T23:34:04+00:00,-46.22,-61.54,-62.98,-62.11,-64.65,-47.94,-47.53,-43.52,-49.72,-42.65,-50.40,-64.98,-54.45,-48.96,-45.86,-39.37,-53.49,2026-07-29 23:34:04+00:00
2026-07-29T23:35:04+00:00,-46.09,-60.80,-64.08,-61.85,-63.50,-47.94,-47.76,-43.49,-52.07,-42.11,-50.21,-65.52,-54.37,-49.84,-46.01,-38.93,-53.59,2026-07-29 23:35:04+00:00
2026-07-29T23:36:04+00:00,-46.70,-60.87,-64.07,-61.73,-64.24,-47.90,-47.71,-43.27,-52.00,-41.23,-50.26,-65.22,-54.22,-49.91,-45.87,-40.28,-54.28,2026-07-29 23:36:04+00:00
2026-07-29T23:37:03+00:00,-46.44,-61.29,-64.04,-61.96,-64.33,-47.82,-47.62,-43.20,-52.09,-40.85,-50.13,-65.20,-54.10,-51.95,-46.35,-41.17,-54.92,2026-07-29 23:37:03+00:00
2026-07-29T23:38:04+00:00,-46.45,-60.89,-64.17,-61.48,-64.11,-47.47,-47.45,-42.88,-52.11,-41.05,-50.17,-64.97,-54.31,-51.86,-46.74,-41.58,-54.65,2026-07-29 23:38:04+00:00
2026-07-29T23:40:04+00:00,-46.47,-61.01,-63.97,-61.53,-63.52,-47.69,-47.44,-42.67,-52.42,-40.90,-49.81,-65.11,-54.01,-52.08,-46.46,-41.17,-53.46,2026-07-29 23:40:04+00:00
2026-07-29T23:40:09+00:00,-47.66,-52.28,-53.10,-58.16,-62.77,-41.56,-42.87,-41.20,-44.10,-41.80,-48.29,-52.89,-51.85,-53.28,-49.17,-44.35,-50.43,2026-07-29 23:40:09+00:00
2026-07-29T23:41:04+00:00,-46.61,-61.21,-64.64,-61.71,-63.34,-47.93,-45.89,-42.78,-54.04,-40.64,-49.84,-65.20,-53.54,-53.01,-46.65,-41.11,-53.14,2026-07-29 23:41:04+00:00
2026-07-29T23:42:03+00:00,-46.73,-61.59,-64.55,-61.87,-64.02,-47.63,-49.25,-42.56,-55.35,-41.31,-49.34,-64.30,-53.77,-51.72,-46.61,-41.78,-53.55,2026-07-29 23:42:03+00:00
2026-07-29T23:43:03+00:00,-46.65,-61.10,-64.61,-61.69,-63.75,-48.08,-44.71,-42.66,-53.44,-41.02,-49.86,-64.81,-53.90,-50.65,-46.75,-41.99,-56.94,2026-07-29 23:43:03+00:00
2026-07-29T23:44:04+00:00,-46.15,-61.04,-63.42,-61.65,-62.86,-48.03,-47.50,-42.85,-52.26,-40.15,-49.77,-64.85,-54.02,-51.45,-47.03,-41.49,-53.68,2026-07-29 23:44:04+00:00
2026-07-29T23:45:04+00:00,-46.17,-61.28,-62.96,-61.79,-63.92,-47.71,-47.55,-42.74,-51.89,-40.48,-49.67,-64.94,-53.92,-52.11,-46.89,-41.32,-55.32,2026-07-29 23:45:04+00:00
2026-07-29T23:46:03+00:00,-46.11,-61.26,-63.09,-61.78,-63.13,-47.91,-47.82,-42.67,-50.62,-40.62,-49.80,-64.80,-54.61,-51.19,-46.76,-40.36,-55.19,2026-07-29 23:46:03+00:00
2026-07-29T23:47:03+00:00,-45.87,-61.78,-63.83,-61.55,-64.27,-47.58,-48.03,-42.43,-49.85,-40.92,-49.87,-64.61,-54.89,-50.93,-46.50,-39.52,-54.53,2026-07-29 23:47:03+00:00
2026-07-29T23:48:04+00:00,-45.70,-61.38,-63.90,-62.00,-64.10,-47.74,-48.14,-42.26,-50.68,-41.09,-49.84,-64.97,-54.15,-49.95,-46.16,-38.96,-53.45,2026-07-29 23:48:04+00:00
2026-07-29T23:49:04+00:00,-45.56,-61.31,-64.22,-61.90,-62.94,-47.78,-48.33,-42.13,-50.63,-40.64,-49.78,-64.84,-54.03,-51.29,-45.99,-38.26,-55.37,2026-07-29 23:49:04+00:00
2026-07-29T23:50:03+00:00,-45.66,-61.77,-64.14,-61.55,-62.88,-48.15,-48.39,-42.06,-50.77,-41.01,-49.92,-64.98,-54.55,-52.05,-46.14,-38.37,-54.42,2026-07-29 23:50:03+00:00
2026-07-29T23:51:03+00:00,-45.91,-61.50,-64.06,-61.83,-64.20,-48.13,-48.43,-41.85,-50.75,-40.77,-49.85,-64.56,-55.27,-51.50,-45.50,-38.08,-54.55,2026-07-29 23:51:03+00:00
2026-07-29T23:52:03+00:00,-46.06,-62.02,-63.98,-61.97,-63.88,-48.05,-48.26,-41.97,-50.75,-41.00,-49.91,-64.46,-55.23,-50.79,-45.65,-37.25,-53.48,2026-07-29 23:52:03+00:00
2026-07-29T23:53:04+00:00,-46.01,-61.66,-63.80,-61.86,-63.11,-47.60,-46.30,-41.97,-50.53,-41.09,-50.17,-64.47,-54.83,-50.39,-45.71,-37.03,-53.74,2026-07-29 23:53:04+00:00
2026-07-29T23:54:04+00:00,-46.04,-61.68,-63.65,-62.03,-64.92,-47.64,-48.34,-41.85,-50.55,-40.74,-49.66,-64.99,-55.08,-49.03,-45.58,-36.70,-53.42,2026-07-29 23:54:04+00:00
2026-07-29T23:55:03+00:00,-45.93,-61.46,-63.98,-61.80,-64.82,-48.11,-48.29,-41.79,-50.68,-41.20,-50.22,-65.38,-55.02,-49.43,-45.51,-37.17,-53.51,2026-07-29 23:55:03+00:00
2026-07-29T23:56:03+00:00,-45.90,-61.45,-63.74,-61.87,-63.85,-48.14,-48.15,-41.82,-50.55,-41.47,-50.17,-65.36,-55.01,-50.09,-45.67,-37.61,-54.80,2026-07-29 23:56:03+00:00
2026-07-29T23:57:04+00:00,-45.92,-61.92,-63.24,-61.98,-64.16,-47.78,-47.67,-41.94,-50.60,-41.67,-50.18,-65.12,-54.71,-51.57,-45.97,-37.92,-54.90,2026-07-29 23:57:04+00:00
2026-07-29T23:58:04+00:00,-45.92,-61.91,-63.20,-61.81,-62.88,-47.75,-47.74,-41.90,-50.49,-41.27,-50.36,-64.73,-54.84,-52.68,-45.50,-38.26,-53.40,2026-07-29 23:58:04+00:00
2026-07-29T23:59:04+00:00,-45.90,-61.68,-64.01,-61.64,-63.90,-47.67,-50.21,-41.94,-50.73,-41.70,-50.03,-65.45,-54.96,-52.92,-45.23,-39.32,-55.52,2026-07-29 23:59:04+00:00
