data,4500,11350,27200,58750,89750,19600,20270,20900,22600,23400,24000,26700,29700,45900,63850,77500,Ch17,data_parsed
2026-07-26T00:00:04+00:00,-50.32,-60.75,-61.50,-56.19,-63.22,-47.15,-46.85,-61.86,-49.48,-42.11,-50.53,-61.42,-53.64,-45.82,-47.20,-45.85,-53.53,2026-07-26 00:00:04+00:00
2026-07-26T00:01:04+00:00,-50.05,-61.70,-63.20,-57.44,-65.10,-47.11,-47.46,-62.04,-49.64,-41.54,-50.55,-64.16,-54.02,-44.94,-48.00,-46.17,-53.26,2026-07-26 00:01:04+00:00
2026-07-26T00:02:03+00:00,-49.97,-60.68,-62.84,-57.42,-63.90,-46.94,-47.46,-61.63,-49.51,-41.84,-50.33,-63.03,-54.08,-45.02,-47.64,-45.30,-53.59,2026-07-26 00:02:03+00:00
2026-07-26T00:03:04+00:00,-49.95,-58.87,-59.42,-56.58,-63.93,-46.87,-47.42,-60.19,-49.48,-42.26,-50.29,-61.51,-53.97,-45.92,-45.87,-46.24,-55.34,2026-07-26 00:03:04+00:00
2026-07-26T00:04:03+00:00,-50.18,-61.72,-63.09,-57.26,-63.99,-46.65,-47.64,-62.43,-49.59,-41.71,-50.68,-63.67,-55.14,-46.44,-45.31,-47.25,-55.09,2026-07-26 00:04:03+00:00
2026-07-26T00:05:03+00:00,-50.18,-61.41,-62.54,-57.12,-64.32,-46.72,-47.44,-61.21,-49.54,-40.91,-50.83,-62.61,-55.14,-47.57,-45.06,-47.53,-53.55,2026-07-26 00:05:03+00:00
2026-07-26T00:06:04+00:00,-50.34,-61.96,-62.97,-57.32,-63.76,-46.83,-47.83,-61.68,-49.51,-41.31,-50.54,-63.41,-55.11,-47.17,-45.83,-52.27,-54.39,2026-07-26 00:06:04+00:00
2026-07-26T00:07:04+00:00,-50.38,-62.10,-63.45,-57.39,-64.50,-46.84,-48.34,-63.05,-49.27,-41.69,-50.85,-64.26,-54.99,-47.30,-46.30,-51.71,-53.54,2026-07-26 00:07:04+00:00
2026-07-26T00:08:03+00:00,-50.49,-62.05,-63.39,-57.52,-63.13,-46.93,-47.59,-62.46,-49.14,-41.98,-50.33,-64.09,-55.23,-47.48,-45.91,-47.42,-55.13,2026-07-26 00:08:03+00:00
2026-07-26T00:09:03+00:00,-50.10,-60.01,-62.12,-57.33,-63.89,-46.68,-44.15,-62.16,-49.75,-42.87,-50.78,-63.64,-55.24,-47.24,-46.04,-43.65,-54.74,2026-07-26 00:09:03+00:00
2026-07-26T00:10:04+00:00,-50.26,-60.31,-63.34,-57.34,-64.52,-47.14,-47.73,-62.32,-51.87,-41.77,-50.63,-63.64,-55.73,-46.76,-45.98,-42.37,-55.43,2026-07-26 00:10:04+00:00
2026-07-26T00:11:04+00:00,-49.36,-60.93,-61.99,-56.96,-63.48,-46.88,-47.72,-61.61,-51.72,-41.74,-50.38,-63.08,-55.56,-46.95,-45.68,-42.23,-54.80,2026-07-26 00:11:04+00:00
2026-07-26T00:12:03+00:00,-49.34,-61.62,-62.39,-57.20,-63.91,-47.23,-47.48,-62.01,-51.80,-42.00,-50.33,-63.22,-55.32,-46.40,-46.35,-43.11,-53.57,2026-07-26 00:12:03+00:00
2026-07-26T00:13:04+00:00,-49.44,-61.18,-62.67,-57.58,-63.46,-46.89,-47.74,-61.01,-51.90,-42.77,-50.33,-63.08,-55.63,-45.94,-46.13,-44.33,-55.31,2026-07-26 00:13:04+00:00
2026-07-26T00:14:04+00:00,-49.27,-61.75,-63.33,-57.23,-63.72,-46.90,-47.95,-62.06,-51.95,-43.29,-50.40,-63.96,-55.49,-46.47,-45.59,-43.95,-53.50,2026-07-26 00:14:04+00:00
2026-07-26T00:15:03+00:00,-53.22,-61.69,-63.16,-56.83,-64.41,-46.98,-47.67,-61.91,-52.55,-43.88,-50.76,-63.99,-55.88,-46.02,-44.93,-42.34,-53.53,2026-07-26 00:15:03+00:00
2026-07-26T00:16:03+00:00,-52.94,-61.67,-63.34,-56.87,-64.18,-46.98,-47.48,-62.09,-52.45,-44.18,-50.96,-63.92,-55.67,-45.76,-45.22,-43.65,-54.61,2026-07-26 00:16:03+00:00
2026-07-26T00:17:04+00:00,-52.74,-62.32,-63.35,-56.83,-62.97,-46.86,-47.33,-62.57,-52.48,-44.96,-50.86,-64.44,-54.93,-45.77,-45.22,-45.47,-54.63,2026-07-26 00:17:04+00:00
2026-07-26T00:18:04+00:00,-52.65,-61.86,-63.03,-56.94,-63.62,-46.66,-47.16,-61.97,-52.39,-44.67,-50.34,-63.32,-54.20,-46.19,-45.14,-45.29,-55.12,2026-07-26 00:18:04+00:00
2026-07-26T00:19:03+00:00,-52.73,-62.60,-62.74,-57.46,-64.55,-46.72,-47.51,-61.57,-52.20,-43.50,-49.70,-63.27,-54.04,-46.85,-45.21,-44.80,-53.34,2026-07-26 00:19:03+00:00
2026-07-26T00:20:03+00:00,-53.05,-62.61,-61.92,-57.28,-63.71,-46.76,-47.00,-62.34,-52.28,-43.13,-49.98,-63.27,-54.89,-46.19,-46.19,-46.32,-53.39,2026-07-26 00:20:03+00:00
2026-07-26T00:21:04+00:00,-52.96,-62.46,-62.90,-57.14,-63.41,-46.63,-46.87,-61.96,-52.38,-44.12,-50.09,-63.47,-54.80,-46.17,-46.27,-47.23,-54.63,2026-07-26 00:21:04+00:00
2026-07-26T00:22:03+00:00,-53.76,-62.38,-62.60,-56.73,-63.43,-46.75,-46.86,-61.96,-52.95,-45.58,-50.02,-63.44,-54.30,-45.73,-46.86,-47.20,-57.41,2026-07-26 00:22:03+00:00
2026-07-26T00:23:03+00:00,-53.60,-62.85,-63.33,-56.69,-62.97,-46.59,-46.67,-62.28,-53.21,-44.88,-49.54,-63.55,-53.58,-44.96,-47.59,-45.82,-54.28,2026-07-26 00:23:03+00:00
2026-07-26T00:24:03+00:00,-53.39,-61.95,-62.91,-56.54,-62.55,-46.60,-46.70,-61.53,-53.14,-44.39,-49.41,-62.92,-53.51,-45.09,-48.76,-46.26,-55.29,2026-07-26 00:24:03+00:00
2026-07-26T00:25:04+00:00,-53.58,-61.15,-61.94,-56.54,-63.73,-46.59,-47.04,-59.55,-52.75,-43.81,-49.09,-62.79,-53.28,-45.08,-47.83,-47.67,-54.21,2026-07-26 00:25:04+00:00
2026-07-26T00:26:03+00:00,-53.56,-62.62,-62.68,-56.87,-63.47,-46.61,-47.37,-62.68,-53.28,-44.10,-49.04,-63.86,-53.53,-44.46,-46.77,-45.48,-53.32,2026-07-26 00:26:03+00:00
2026-07-26T00:27:03+00:00,-53.16,-61.74,-62.90,-57.36,-64.08,-46.49,-47.71,-62.69,-50.37,-43.89,-48.71,-63.56,-53.49,-44.73,-46.19,-45.30,-53.43,2026-07-26 00:27:03+00:00
2026-07-26T00:28:04+00:00,-53.24,-61.28,-62.37,-57.13,-63.52,-49.85,-46.79,-61.86,-50.46,-43.69,-48.23,-63.25,-53.31,-45.13,-46.32,-45.43,-53.35,2026-07-26 00:28:04+00:00
2026-07-26T00:29:04+00:00,-53.37,-59.63,-61.93,-57.03,-64.30,-49.82,-46.50,-62.32,-50.38,-44.10,-48.33,-62.69,-53.37,-44.43,-46.52,-43.93,-55.17,2026-07-26 00:29:04+00:00
2026-07-26T00:30:03+00:00,-53.51,-61.34,-62.26,-56.90,-62.35,-50.05,-47.53,-61.58,-50.42,-43.80,-47.79,-63.33,-53.33,-44.02,-45.89,-43.04,-54.69,2026-07-26 00:30:03+00:00
2026-07-26T00:31:04+00:00,-53.42,-60.58,-61.76,-56.59,-63.01,-49.66,-48.08,-61.71,-50.45,-43.84,-47.80,-62.56,-53.65,-44.14,-45.70,-41.82,-53.28,2026-07-26 00:31:04+00:00
2026-07-26T00:32:03+00:00,-53.45,-60.06,-61.75,-56.80,-64.00,-49.78,-47.83,-62.01,-50.48,-44.89,-47.68,-61.28,-53.53,-44.48,-46.15,-40.57,-55.05,2026-07-26 00:32:03+00:00
2026-07-26T00:33:04+00:00,-53.30,-60.83,-61.14,-56.69,-63.88,-49.98,-48.46,-61.15,-50.47,-45.07,-47.85,-61.80,-53.45,-44.68,-46.48,-40.87,-55.15,2026-07-26 00:33:04+00:00
2026-07-26T00:34:04+00:00,-53.49,-60.19,-60.93,-56.58,-64.05,-49.74,-48.03,-61.85,-50.33,-45.38,-47.76,-61.77,-52.82,-46.04,-46.12,-41.13,-54.55,2026-07-26 00:34:04+00:00
2026-07-26T00:35:03+00:00,-53.39,-60.77,-60.16,-56.42,-62.83,-49.75,-47.98,-60.31,-50.28,-45.30,-47.66,-60.67,-52.61,-45.94,-45.17,-42.61,-53.10,2026-07-26 00:35:03+00:00
2026-07-26T00:36:03+00:00,-53.20,-60.91,-60.19,-56.88,-63.30,-50.16,-47.41,-60.85,-50.25,-44.92,-47.59,-60.87,-52.78,-46.40,-44.46,-42.73,-54.57,2026-07-26 00:36:03+00:00
2026-07-26T00:37:04+00:00,-53.63,-61.34,-61.18,-56.78,-63.83,-50.70,-47.26,-61.30,-50.40,-44.19,-47.99,-61.31,-52.97,-46.61,-44.93,-44.33,-54.81,2026-07-26 00:37:04+00:00
2026-07-26T00:38:04+00:00,-53.29,-60.75,-60.62,-56.68,-64.45,-50.00,-47.62,-60.16,-49.85,-43.42,-47.80,-61.14,-52.70,-45.93,-45.36,-48.81,-52.92,2026-07-26 00:38:04+00:00
2026-07-26T00:39:03+00:00,-53.19,-61.22,-60.66,-56.46,-63.96,-50.16,-47.64,-60.55,-49.72,-42.78,-47.48,-60.73,-52.35,-45.75,-45.21,-52.55,-53.37,2026-07-26 00:39:03+00:00
2026-07-26T00:40:03+00:00,-53.00,-60.95,-60.69,-56.29,-63.61,-50.09,-47.37,-60.77,-48.23,-42.74,-47.33,-61.78,-52.26,-45.95,-45.39,-54.66,-55.26,2026-07-26 00:40:03+00:00
2026-07-26T00:41:04+00:00,-53.14,-61.01,-60.39,-56.20,-63.87,-49.83,-47.50,-60.42,-48.24,-42.62,-47.55,-60.95,-52.51,-46.61,-45.56,-59.80,-55.27,2026-07-26 00:41:04+00:00
2026-07-26T00:42:04+00:00,-53.40,-59.71,-60.27,-55.57,-62.49,-49.47,-47.32,-59.09,-49.56,-42.83,-47.83,-60.92,-52.52,-46.20,-45.38,-56.23,-53.84,2026-07-26 00:42:04+00:00
2026-07-26T00:43:03+00:00,-53.66,-61.16,-60.46,-56.13,-63.14,-50.27,-46.80,-61.25,-49.48,-42.76,-47.72,-60.76,-52.23,-46.60,-45.30,-56.82,-54.63,2026-07-26 00:43:03+00:00
2026-07-26T00:44:04+00:00,-53.30,-60.07,-58.78,-55.61,-63.90,-50.34,-46.99,-59.38,-49.43,-42.56,-47.57,-59.79,-52.24,-46.71,-44.72,-53.67,-54.85,2026-07-26 00:44:04+00:00
2026-07-26T00:45:04+00:00,-50.43,-59.69,-59.73,-55.72,-63.82,-50.94,-47.34,-59.37,-49.25,-43.11,-47.46,-60.10,-52.01,-45.44,-44.76,-53.15,-55.11,2026-07-26 00:45:04+00:00
2026-07-26T00:46:03+00:00,-50.28,-60.55,-60.98,-56.04,-63.40,-51.18,-47.93,-61.27,-49.20,-44.26,-47.63,-61.59,-52.18,-45.92,-45.26,-54.17,-55.04,2026-07-26 00:46:03+00:00
2026-07-26T00:47:03+00:00,-50.16,-61.43,-60.64,-56.21,-64.76,-50.93,-48.00,-61.79,-49.26,-44.60,-47.51,-61.46,-52.45,-46.84,-45.64,-53.94,-53.62,2026-07-26 00:47:03+00:00
2026-07-26T00:48:04+00:00,-50.22,-60.25,-59.12,-55.61,-64.30,-50.96,-48.04,-59.11,-49.05,-44.37,-47.49,-60.08,-52.63,-48.99,-45.04,-49.66,-53.60,2026-07-26 00:48:04+00:00
2026-07-26T00:49:04+00:00,-50.53,-59.73,-59.73,-55.64,-64.00,-50.50,-47.89,-61.20,-49.42,-44.46,-47.80,-60.73,-52.67,-52.03,-44.84,-47.18,-53.43,2026-07-26 00:49:04+00:00
2026-07-26T00:50:03+00:00,-50.56,-61.25,-60.91,-55.87,-63.84,-49.94,-47.66,-61.28,-49.39,-44.11,-47.66,-61.08,-52.85,-51.39,-45.18,-45.61,-53.39,2026-07-26 00:50:03+00:00
2026-07-26T00:51:03+00:00,-50.23,-60.53,-59.48,-55.19,-63.06,-49.56,-47.58,-60.19,-49.31,-43.89,-47.31,-59.49,-52.58,-50.84,-45.49,-46.79,-53.31,2026-07-26 00:51:03+00:00
2026-07-26T00:52:04+00:00,-50.35,-61.64,-61.17,-55.92,-63.54,-49.64,-47.64,-62.24,-49.13,-43.54,-47.52,-61.94,-53.01,-52.95,-45.90,-45.42,-53.44,2026-07-26 00:52:04+00:00
2026-07-26T00:53:04+00:00,-50.56,-61.91,-61.76,-55.61,-63.89,-49.25,-47.54,-61.52,-49.24,-43.23,-47.59,-61.98,-52.75,-54.21,-45.09,-45.72,-53.51,2026-07-26 00:53:04+00:00
2026-07-26T00:54:03+00:00,-50.50,-61.78,-60.89,-55.92,-63.67,-49.12,-47.62,-61.63,-49.44,-43.30,-47.65,-61.86,-52.45,-53.78,-45.16,-44.09,-53.58,2026-07-26 00:54:03+00:00
2026-07-26T00:55:03+00:00,-50.49,-61.46,-60.52,-55.66,-63.26,-49.17,-47.61,-60.89,-51.49,-43.62,-47.61,-60.78,-52.34,-52.22,-45.29,-41.78,-53.73,2026-07-26 00:55:03+00:00
2026-07-26T00:56:04+00:00,-50.52,-62.45,-61.51,-55.83,-63.80,-49.14,-47.02,-61.35,-51.30,-43.32,-47.37,-61.90,-52.25,-48.14,-45.14,-41.16,-53.64,2026-07-26 00:56:04+00:00
2026-07-26T00:57:04+00:00,-50.69,-63.11,-61.87,-55.73,-63.37,-49.18,-47.41,-61.73,-51.80,-42.51,-47.30,-62.41,-52.26,-47.53,-45.42,-43.65,-53.44,2026-07-26 00:57:04+00:00
2026-07-26T00:58:03+00:00,-49.75,-61.27,-60.56,-55.50,-63.11,-49.17,-47.45,-61.27,-51.68,-42.06,-46.89,-61.38,-52.09,-45.80,-45.71,-43.19,-53.49,2026-07-26 00:58:03+00:00
2026-07-26T00:59:04+00:00,-49.53,-61.07,-60.88,-55.44,-64.05,-48.68,-47.13,-60.91,-51.74,-42.26,-46.94,-60.54,-52.14,-45.87,-45.94,-45.79,-53.88,2026-07-26 00:59:04+00:00
2026-07-26T01:00:04+00:00,-53.53,-62.20,-61.93,-55.79,-64.19,-49.18,-47.26,-61.93,-52.28,-42.26,-47.03,-61.98,-52.56,-44.48,-46.15,-46.99,-53.73,2026-07-26 01:00:04+00:00
2026-07-26T01:01:04+00:00,-53.63,-62.13,-61.95,-56.22,-63.53,-48.42,-47.83,-62.12,-52.51,-41.95,-47.20,-62.81,-53.34,-43.86,-46.90,-45.13,-53.51,2026-07-26 01:01:04+00:00
2026-07-26T01:02:03+00:00,-53.79,-62.52,-61.70,-56.57,-63.91,-48.78,-47.53,-62.03,-52.40,-42.10,-47.20,-62.95,-53.03,-44.52,-47.26,-44.08,-53.83,2026-07-26 01:02:03+00:00
2026-07-26T01:03:03+00:00,-53.60,-61.70,-61.69,-56.30,-63.38,-48.49,-47.58,-62.21,-52.31,-43.34,-47.35,-62.65,-52.82,-44.00,-47.04,-42.94,-53.49,2026-07-26 01:03:03+00:00
2026-07-26T01:04:04+00:00,-53.71,-61.92,-61.94,-56.25,-63.01,-48.79,-48.39,-61.56,-52.36,-43.50,-47.17,-63.19,-52.51,-44.48,-47.32,-43.56,-53.86,2026-07-26 01:04:04+00:00
2026-07-26T01:05:04+00:00,-53.96,-62.16,-62.30,-55.64,-63.99,-48.72,-48.20,-61.88,-52.38,-43.60,-47.70,-62.94,-52.68,-44.75,-46.71,-46.57,-53.55,2026-07-26 01:05:04+00:00
2026-07-26T01:06:04+00:00,-53.84,-62.28,-62.11,-55.99,-63.91,-48.46,-48.16,-61.45,-52.38,-44.44,-47.85,-63.04,-52.87,-46.43,-47.08,-47.63,-53.61,2026-07-26 01:06:04+00:00
2026-07-26T01:07:03+00:00,-53.01,-59.84,-60.01,-55.30,-64.09,-48.56,-47.89,-57.40,-52.68,-45.20,-47.53,-61.23,-52.29,-48.46,-46.70,-46.68,-53.51,2026-07-26 01:07:03+00:00
2026-07-26T01:08:03+00:00,-54.11,-62.68,-62.62,-55.83,-64.26,-48.53,-47.72,-61.23,-53.29,-44.07,-47.25,-63.87,-52.90,-46.52,-46.60,-45.73,-54.63,2026-07-26 01:08:03+00:00
2026-07-26T01:09:04+00:00,-54.57,-63.06,-62.42,-55.58,-64.04,-48.78,-47.34,-62.49,-53.26,-44.26,-47.00,-62.94,-52.93,-47.32,-46.47,-45.39,-53.95,2026-07-26 01:09:04+00:00
2026-07-26T01:10:04+00:00,-54.62,-62.45,-62.48,-56.15,-63.58,-48.79,-47.38,-60.30,-52.91,-44.62,-46.90,-62.83,-53.70,-47.77,-46.02,-48.86,-53.86,2026-07-26 01:10:04+00:00
2026-07-26T01:11:03+00:00,-54.65,-62.38,-61.58,-56.08,-63.99,-48.65,-47.69,-61.06,-52.83,-45.01,-46.92,-63.16,-53.70,-48.11,-46.77,-47.05,-53.68,2026-07-26 01:11:03+00:00
2026-07-26T01:12:03+00:00,-54.13,-62.04,-61.22,-55.64,-63.81,-48.47,-47.33,-60.13,-50.46,-45.34,-46.75,-62.58,-53.65,-47.46,-47.59,-49.53,-53.44,2026-07-26 01:12:03+00:00
2026-07-26T01:13:04+00:00,-54.09,-62.47,-61.26,-55.23,-62.79,-48.76,-47.11,-60.02,-50.37,-45.73,-47.22,-61.72,-53.57,-45.22,-48.87,-47.77,-56.71,2026-07-26 01:13:04+00:00
2026-07-26T01:14:04+00:00,-54.17,-61.04,-60.93,-55.35,-65.09,-48.51,-47.03,-59.27,-50.09,-45.14,-47.16,-62.19,-53.21,-45.80,-48.49,-47.73,-53.50,2026-07-26 01:14:04+00:00
2026-07-26T01:15:03+00:00,-54.19,-62.62,-62.68,-55.11,-63.29,-48.36,-47.64,-61.04,-50.59,-45.88,-47.55,-63.11,-53.78,-44.78,-48.89,-47.35,-57.30,2026-07-26 01:15:03+00:00
2026-07-26T01:16:03+00:00,-54.10,-62.63,-62.39,-55.13,-63.41,-48.19,-47.17,-61.83,-50.51,-45.82,-47.40,-62.96,-54.52,-44.14,-49.46,-50.21,-57.70,2026-07-26 01:16:03+00:00
2026-07-26T01:17:04+00:00,-54.03,-62.23,-61.95,-55.30,-64.55,-48.44,-47.28,-61.46,-50.57,-46.28,-47.38,-62.88,-54.38,-44.95,-49.34,-51.50,-55.96,2026-07-26 01:17:04+00:00
2026-07-26T01:18:03+00:00,-53.73,-62.28,-62.29,-55.08,-63.99,-48.66,-47.38,-62.24,-50.68,-46.55,-47.27,-64.07,-54.28,-45.95,-49.92,-58.66,-56.96,2026-07-26 01:18:03+00:00
2026-07-26T01:19:03+00:00,-53.66,-61.18,-62.17,-55.19,-63.38,-48.71,-47.20,-61.72,-50.55,-47.76,-47.25,-62.04,-54.63,-46.18,-48.88,-59.65,-57.11,2026-07-26 01:19:03+00:00
2026-07-26T01:20:04+00:00,-53.47,-62.60,-62.64,-55.68,-64.13,-48.83,-47.41,-61.86,-50.73,-48.52,-47.08,-63.26,-54.57,-46.01,-48.78,-58.29,-57.43,2026-07-26 01:20:04+00:00
2026-07-26T01:21:04+00:00,-53.72,-61.82,-62.96,-55.99,-63.04,-49.08,-47.32,-61.40,-50.55,-49.94,-47.00,-63.25,-54.46,-46.96,-48.29,-54.05,-57.02,2026-07-26 01:21:04+00:00
2026-07-26T01:22:03+00:00,-53.86,-61.97,-62.61,-55.69,-64.07,-49.00,-46.99,-61.87,-50.50,-49.52,-46.92,-63.33,-54.27,-46.97,-48.12,-57.77,-56.81,2026-07-26 01:22:03+00:00
2026-07-26T01:23:03+00:00,-54.34,-61.00,-62.28,-55.54,-63.79,-48.95,-47.40,-61.36,-49.94,-50.92,-46.95,-63.60,-53.80,-46.94,-48.44,-55.11,-56.29,2026-07-26 01:23:03+00:00
2026-07-26T01:24:04+00:00,-54.54,-63.10,-62.31,-55.59,-64.26,-49.24,-47.48,-62.24,-50.11,-49.96,-46.97,-64.22,-53.82,-47.25,-48.65,-53.29,-57.80,2026-07-26 01:24:04+00:00
2026-07-26T01:25:04+00:00,-54.33,-63.41,-62.02,-55.29,-63.78,-49.12,-47.63,-62.43,-48.47,-48.89,-46.99,-63.04,-53.51,-46.32,-49.53,-49.95,-56.28,2026-07-26 01:25:04+00:00
2026-07-26T01:26:03+00:00,-54.08,-61.19,-60.89,-55.43,-63.49,-49.14,-47.30,-60.78,-48.44,-48.12,-47.17,-62.82,-53.54,-45.07,-49.21,-47.10,-56.99,2026-07-26 01:26:03+00:00
2026-07-26T01:27:03+00:00,-54.17,-61.77,-61.00,-55.40,-62.76,-49.38,-47.43,-61.16,-49.59,-47.18,-46.92,-62.84,-53.80,-44.00,-47.96,-47.21,-57.16,2026-07-26 01:27:03+00:00
2026-07-26T01:28:04+00:00,-53.99,-62.16,-61.03,-55.60,-62.92,-49.55,-47.17,-61.54,-49.78,-46.09,-47.21,-62.65,-54.07,-44.67,-48.09,-45.95,-55.26,2026-07-26 01:28:04+00:00
2026-07-26T01:29:04+00:00,-53.84,-61.43,-60.82,-55.17,-64.22,-51.37,-47.06,-60.95,-49.65,-46.31,-47.19,-62.09,-54.01,-46.26,-48.20,-45.24,-55.12,2026-07-26 01:29:04+00:00
2026-07-26T01:30:03+00:00,-50.06,-62.70,-63.26,-55.51,-63.58,-51.75,-47.12,-63.00,-49.60,-46.57,-47.02,-64.68,-54.34,-47.59,-47.63,-46.46,-57.16,2026-07-26 01:30:03+00:00
2026-07-26T01:31:03+00:00,-49.80,-61.55,-62.29,-55.56,-63.97,-51.50,-47.25,-62.40,-49.59,-46.21,-47.01,-63.86,-54.73,-46.79,-47.20,-44.86,-57.31,2026-07-26 01:31:03+00:00
2026-07-26T01:32:03+00:00,-50.68,-60.86,-61.85,-55.61,-64.06,-51.53,-47.22,-62.34,-49.61,-46.19,-47.16,-63.67,-54.45,-47.25,-47.48,-45.00,-57.53,2026-07-26 01:32:03+00:00
2026-07-26T01:33:04+00:00,-50.58,-59.53,-61.36,-55.42,-63.58,-51.21,-47.11,-61.51,-49.56,-47.34,-47.17,-63.89,-54.02,-48.65,-47.69,-44.79,-57.45,2026-07-26 01:33:04+00:00
2026-07-26T01:34:03+00:00,-50.62,-62.11,-61.99,-55.02,-64.11,-51.16,-47.28,-62.14,-49.69,-46.56,-47.16,-64.02,-54.15,-49.31,-48.09,-42.37,-57.73,2026-07-26 01:34:03+00:00
2026-07-26T01:35:03+00:00,-50.46,-60.96,-60.51,-55.28,-62.68,-51.06,-47.55,-61.99,-49.59,-45.82,-47.09,-62.06,-54.04,-49.10,-48.06,-41.20,-54.45,2026-07-26 01:35:03+00:00
2026-07-26T01:36:04+00:00,-50.75,-61.80,-61.93,-55.13,-63.85,-50.78,-47.34,-62.48,-49.59,-46.14,-47.06,-63.91,-55.13,-48.99,-47.39,-43.14,-58.19,2026-07-26 01:36:04+00:00
2026-07-26T01:37:03+00:00,-50.72,-62.07,-61.73,-54.66,-63.69,-51.09,-47.21,-62.29,-50.62,-45.88,-46.82,-63.43,-55.16,-48.81,-46.14,-44.01,-58.31,2026-07-26 01:37:03+00:00
2026-07-26T01:38:04+00:00,-50.62,-61.17,-62.34,-54.66,-64.65,-50.89,-47.17,-62.37,-50.73,-45.16,-46.59,-63.94,-54.56,-47.90,-45.92,-42.96,-57.24,2026-07-26 01:38:04+00:00
2026-07-26T01:39:04+00:00,-50.56,-60.58,-61.32,-54.98,-64.03,-50.98,-47.44,-60.96,-50.66,-44.76,-46.63,-61.89,-54.78,-47.48,-45.80,-42.46,-57.33,2026-07-26 01:39:04+00:00
2026-07-26T01:40:03+00:00,-50.52,-62.10,-62.30,-54.59,-63.38,-51.29,-47.29,-62.44,-53.52,-43.71,-46.57,-63.25,-55.30,-48.23,-46.10,-42.52,-57.50,2026-07-26 01:40:03+00:00
2026-07-26T01:41:03+00:00,-50.66,-61.11,-62.34,-54.82,-63.07,-51.17,-46.90,-62.33,-51.86,-43.77,-46.30,-63.64,-54.79,-50.26,-46.02,-43.04,-57.48,2026-07-26 01:41:03+00:00
2026-07-26T01:42:04+00:00,-50.58,-59.82,-61.26,-54.94,-63.11,-51.00,-47.25,-60.80,-52.03,-44.16,-46.41,-61.71,-54.09,-50.68,-46.37,-44.25,-57.48,2026-07-26 01:42:04+00:00
2026-07-26T01:43:04+00:00,-50.70,-61.15,-62.20,-55.54,-63.44,-51.10,-47.56,-62.46,-52.06,-43.92,-46.49,-64.15,-54.92,-51.57,-46.05,-44.08,-57.55,2026-07-26 01:43:04+00:00
2026-07-26T01:44:03+00:00,-50.60,-60.27,-61.24,-55.31,-63.83,-51.04,-47.53,-60.70,-51.95,-42.98,-46.62,-63.62,-55.18,-51.81,-46.34,-44.88,-53.05,2026-07-26 01:44:03+00:00
2026-07-26T01:45:04+00:00,-53.03,-62.41,-61.98,-55.37,-65.23,-50.93,-47.59,-61.79,-52.44,-42.17,-46.54,-62.96,-54.88,-52.25,-46.78,-44.62,-56.97,2026-07-26 01:45:04+00:00
2026-07-26T01:46:04+00:00,-53.45,-62.20,-61.86,-55.54,-63.82,-51.05,-47.80,-61.15,-52.53,-42.43,-46.60,-62.42,-54.70,-54.78,-46.68,-44.22,-57.74,2026-07-26 01:46:04+00:00
2026-07-26T01:47:03+00:00,-53.46,-62.25,-62.36,-55.19,-63.50,-50.83,-47.87,-62.66,-52.42,-43.66,-46.46,-63.97,-55.64,-54.44,-46.97,-44.00,-57.86,2026-07-26 01:47:03+00:00
2026-07-26T01:48:03+00:00,-53.29,-61.59,-61.68,-54.98,-64.56,-50.88,-48.19,-62.08,-52.57,-43.61,-46.03,-62.76,-55.10,-53.05,-47.24,-45.40,-57.59,2026-07-26 01:48:03+00:00
2026-07-26T01:49:04+00:00,-53.19,-63.22,-62.61,-55.11,-63.01,-50.86,-47.73,-62.67,-52.78,-43.55,-46.46,-65.01,-55.35,-51.89,-47.70,-47.21,-57.47,2026-07-26 01:49:04+00:00
2026-07-26T01:50:04+00:00,-53.41,-62.54,-62.56,-54.63,-63.37,-50.77,-47.69,-62.98,-52.82,-43.76,-46.49,-63.52,-55.30,-50.26,-47.50,-46.03,-57.25,2026-07-26 01:50:04+00:00
2026-07-26T01:51:03+00:00,-53.26,-60.89,-61.02,-54.66,-64.02,-49.44,-47.80,-61.75,-52.76,-44.04,-46.78,-61.44,-54.75,-50.70,-47.12,-45.75,-56.54,2026-07-26 01:51:03+00:00
2026-07-26T01:52:03+00:00,-53.49,-61.69,-61.31,-54.94,-63.27,-49.51,-47.59,-61.78,-53.27,-44.31,-46.98,-62.72,-55.26,-52.04,-46.53,-45.04,-57.26,2026-07-26 01:52:03+00:00
2026-07-26T01:53:04+00:00,-53.63,-63.14,-62.73,-55.01,-63.80,-49.73,-47.34,-63.13,-53.38,-44.10,-47.12,-63.99,-56.21,-49.54,-46.31,-44.25,-57.80,2026-07-26 01:53:04+00:00
2026-07-26T01:54:04+00:00,-53.58,-61.93,-61.18,-54.94,-64.06,-49.63,-47.40,-60.71,-53.47,-44.24,-47.15,-61.38,-55.67,-49.52,-47.30,-45.04,-57.16,2026-07-26 01:54:04+00:00
2026-07-26T01:55:03+00:00,-54.30,-59.79,-60.61,-54.90,-63.01,-49.76,-47.27,-59.96,-52.99,-44.06,-47.31,-61.73,-55.70,-50.28,-46.66,-44.99,-56.54,2026-07-26 01:55:03+00:00
2026-07-26T01:56:03+00:00,-53.84,-60.10,-59.85,-54.82,-63.70,-49.57,-47.35,-61.09,-53.18,-43.99,-47.01,-61.23,-55.67,-51.14,-46.78,-43.64,-56.59,2026-07-26 01:56:03+00:00
2026-07-26T01:57:04+00:00,-54.68,-60.21,-61.66,-54.89,-63.02,-49.32,-47.16,-61.13,-50.52,-43.37,-46.93,-62.72,-55.27,-50.66,-46.97,-45.34,-57.80,2026-07-26 01:57:04+00:00
2026-07-26T01:58:04+00:00,-54.47,-61.14,-62.12,-54.96,-62.68,-49.49,-47.59,-61.47,-50.54,-43.57,-46.95,-63.28,-54.60,-51.98,-47.41,-46.59,-58.22,2026-07-26 01:58:04+00:00
2026-07-26T01:59:03+00:00,-54.39,-61.34,-61.83,-54.79,-62.96,-49.40,-47.35,-60.69,-50.50,-43.94,-46.86,-62.90,-54.89,-51.58,-47.67,-48.03,-56.77,2026-07-26 01:59:03+00:00
2026-07-26T02:00:03+00:00,-54.20,-61.70,-61.25,-54.85,-63.90,-49.26,-47.23,-59.54,-50.57,-44.17,-46.95,-61.92,-54.84,-55.47,-47.52,-47.78,-56.83,2026-07-26 02:00:03+00:00
2026-07-26T02:01:03+00:00,-54.36,-61.59,-62.27,-55.14,-64.39,-49.27,-47.17,-61.44,-50.67,-44.38,-47.01,-63.16,-54.59,-56.89,-47.28,-49.06,-57.05,2026-07-26 02:01:03+00:00
2026-07-26T02:02:04+00:00,-54.40,-59.96,-60.71,-55.16,-63.27,-49.22,-47.13,-60.07,-50.47,-44.10,-46.96,-61.88,-54.10,-57.37,-46.35,-47.22,-55.24,2026-07-26 02:02:04+00:00
2026-07-26T02:03:03+00:00,-53.97,-60.53,-60.50,-54.81,-63.62,-49.42,-46.75,-59.12,-50.50,-44.80,-46.98,-61.29,-53.69,-55.58,-46.25,-47.38,-55.44,2026-07-26 02:03:03+00:00
2026-07-26T02:04:03+00:00,-53.66,-60.47,-61.20,-55.13,-63.50,-49.04,-46.88,-60.17,-50.65,-46.13,-47.27,-63.01,-53.93,-55.95,-46.69,-47.53,-56.09,2026-07-26 02:04:03+00:00
2026-07-26T02:05:04+00:00,-54.50,-60.61,-61.62,-54.98,-62.96,-49.27,-47.04,-61.05,-50.55,-46.41,-47.08,-63.03,-54.86,-58.39,-46.99,-47.14,-57.04,2026-07-26 02:05:04+00:00
2026-07-26T02:06:04+00:00,-54.42,-61.60,-62.22,-54.95,-64.00,-49.69,-47.27,-61.31,-50.76,-46.04,-47.17,-62.95,-54.81,-54.64,-47.06,-46.39,-57.74,2026-07-26 02:06:04+00:00
2026-07-26T02:07:04+00:00,-54.29,-62.93,-62.43,-54.57,-63.60,-49.15,-47.60,-62.33,-50.68,-45.84,-47.24,-63.66,-54.00,-54.58,-47.25,-45.81,-56.49,2026-07-26 02:07:04+00:00
2026-07-26T02:08:03+00:00,-54.36,-61.24,-62.13,-54.48,-63.94,-49.25,-47.86,-60.65,-50.01,-46.11,-47.33,-63.55,-54.06,-54.79,-47.14,-45.64,-57.09,2026-07-26 02:08:03+00:00
2026-07-26T02:09:03+00:00,-54.52,-61.45,-60.66,-54.56,-63.45,-49.41,-50.78,-61.56,-50.19,-46.70,-46.83,-63.09,-54.32,-52.40,-46.60,-46.29,-57.25,2026-07-26 02:09:03+00:00
2026-07-26T02:10:04+00:00,-54.42,-62.04,-62.51,-54.72,-64.21,-48.93,-44.59,-62.11,-49.53,-46.43,-46.83,-64.13,-54.45,-51.97,-46.01,-48.38,-57.15,2026-07-26 02:10:04+00:00
2026-07-26T02:11:04+00:00,-54.67,-62.12,-62.60,-54.52,-63.11,-48.97,-48.10,-61.86,-49.63,-46.19,-47.04,-64.18,-54.63,-50.22,-45.93,-49.38,-56.67,2026-07-26 02:11:04+00:00
2026-07-26T02:12:03+00:00,-54.76,-62.37,-62.10,-54.54,-64.19,-48.72,-48.03,-61.89,-50.85,-45.55,-47.08,-62.77,-54.25,-50.51,-45.74,-50.42,-55.71,2026-07-26 02:12:03+00:00
2026-07-26T02:13:04+00:00,-54.40,-61.18,-61.27,-54.51,-62.97,-48.71,-47.38,-61.37,-50.75,-45.45,-47.11,-62.74,-54.20,-52.70,-45.59,-49.72,-56.00,2026-07-26 02:13:04+00:00
2026-07-26T02:14:04+00:00,-54.16,-58.42,-60.75,-54.02,-63.68,-48.38,-46.84,-58.90,-50.33,-46.33,-46.79,-61.18,-53.69,-50.68,-45.56,-51.60,-55.73,2026-07-26 02:14:04+00:00
2026-07-26T02:15:03+00:00,-49.93,-63.74,-64.90,-54.56,-64.21,-48.59,-46.92,-64.20,-50.41,-46.87,-47.15,-65.30,-54.20,-49.28,-45.82,-48.29,-57.71,2026-07-26 02:15:03+00:00
2026-07-26T02:16:03+00:00,-49.77,-62.14,-62.96,-54.50,-63.14,-48.00,-47.09,-63.56,-50.36,-45.90,-47.37,-64.17,-54.17,-50.25,-45.73,-45.86,-57.56,2026-07-26 02:16:03+00:00
2026-07-26T02:17:04+00:00,-49.85,-60.04,-59.63,-53.83,-63.12,-48.20,-47.53,-60.66,-49.35,-45.53,-47.14,-60.75,-53.66,-48.60,-45.16,-44.47,-56.37,2026-07-26 02:17:04+00:00
2026-07-26T02:18:04+00:00,-50.69,-61.16,-60.54,-54.14,-64.02,-47.86,-47.38,-59.84,-49.40,-46.00,-47.37,-60.56,-53.48,-47.65,-44.50,-44.83,-55.83,2026-07-26 02:18:04+00:00
2026-07-26T02:19:03+00:00,-51.00,-62.78,-62.33,-54.23,-63.80,-47.10,-46.81,-63.08,-49.49,-46.98,-47.49,-63.77,-54.99,-50.08,-44.65,-44.32,-57.74,2026-07-26 02:19:03+00:00
2026-07-26T02:20:03+00:00,-50.70,-61.96,-61.95,-54.31,-63.91,-48.41,-46.91,-62.02,-49.52,-46.82,-47.24,-62.04,-55.33,-48.59,-45.15,-44.31,-56.51,2026-07-26 02:20:03+00:00
2026-07-26T02:21:04+00:00,-50.37,-60.15,-59.82,-53.84,-64.04,-47.92,-47.53,-59.72,-49.12,-46.62,-47.14,-60.60,-54.55,-47.47,-45.14,-43.48,-54.70,2026-07-26 02:21:04+00:00
2026-07-26T02:22:03+00:00,-50.40,-60.72,-60.28,-54.05,-63.49,-47.62,-47.34,-60.73,-48.97,-45.80,-47.06,-60.42,-54.24,-47.55,-44.81,-43.34,-54.05,2026-07-26 02:22:03+00:00
2026-07-26T02:23:03+00:00,-50.46,-61.57,-60.97,-54.22,-64.51,-47.94,-47.26,-62.27,-49.68,-45.53,-47.14,-62.28,-54.97,-46.81,-44.96,-43.56,-55.82,2026-07-26 02:23:03+00:00
2026-07-26T02:24:04+00:00,-50.14,-60.06,-59.00,-53.69,-62.93,-47.77,-47.11,-58.30,-49.47,-46.02,-47.37,-58.05,-54.53,-46.14,-45.13,-46.35,-55.03,2026-07-26 02:24:04+00:00
2026-07-26T02:25:04+00:00,-50.61,-62.32,-61.79,-53.89,-64.94,-48.09,-46.99,-62.09,-51.88,-46.11,-47.63,-63.58,-56.05,-46.07,-45.37,-46.23,-57.60,2026-07-26 02:25:04+00:00
2026-07-26T02:26:03+00:00,-50.75,-63.24,-62.81,-54.55,-65.05,-47.96,-49.83,-63.27,-52.20,-47.16,-47.79,-64.49,-56.30,-47.27,-45.89,-44.54,-58.03,2026-07-26 02:26:03+00:00
2026-07-26T02:27:03+00:00,-50.57,-63.04,-63.61,-54.29,-64.23,-47.80,-43.78,-63.50,-55.62,-47.10,-47.78,-64.47,-56.74,-47.67,-45.85,-44.89,-58.20,2026-07-26 02:27:03+00:00
2026-07-26T02:28:04+00:00,-50.51,-60.95,-59.48,-53.75,-63.08,-47.89,-46.67,-59.93,-53.53,-47.23,-47.31,-61.04,-57.07,-47.50,-45.31,-45.93,-55.75,2026-07-26 02:28:04+00:00
2026-07-26T02:29:04+00:00,-50.54,-60.32,-62.27,-53.98,-63.52,-47.88,-46.61,-61.88,-53.59,-47.29,-47.35,-63.53,-58.14,-47.45,-45.24,-45.48,-57.08,2026-07-26 02:29:04+00:00
2026-07-26T02:30:03+00:00,-56.09,-61.92,-60.88,-53.88,-64.05,-48.06,-46.66,-61.47,-54.38,-46.68,-47.03,-62.05,-58.47,-49.55,-45.86,-44.83,-56.45,2026-07-26 02:30:03+00:00
2026-07-26T02:31:03+00:00,-52.97,-62.50,-63.72,-54.30,-64.57,-48.74,-46.71,-63.12,-54.46,-45.38,-47.17,-64.48,-60.09,-50.00,-46.05,-43.45,-57.92,2026-07-26 02:31:03+00:00
2026-07-26T02:32:03+00:00,-53.16,-61.05,-61.36,-53.89,-64.51,-48.88,-46.40,-61.17,-54.18,-44.76,-46.93,-62.30,-59.68,-50.20,-46.11,-42.26,-55.48,2026-07-26 02:32:03+00:00
2026-07-26T02:33:04+00:00,-53.15,-60.17,-59.33,-53.59,-64.05,-48.71,-46.29,-59.58,-53.77,-45.72,-47.03,-59.83,-58.64,-50.35,-46.24,-43.08,-56.06,2026-07-26 02:33:04+00:00
2026-07-26T02:34:04+00:00,-53.35,-61.27,-61.99,-53.98,-65.03,-48.82,-46.35,-61.61,-54.12,-46.00,-47.08,-61.53,-59.12,-50.36,-46.26,-43.68,-54.44,2026-07-26 02:34:04+00:00
2026-07-26T02:35:03+00:00,-52.76,-58.13,-56.80,-53.46,-63.71,-48.41,-46.13,-57.06,-53.25,-46.17,-47.24,-57.50,-56.94,-51.42,-45.76,-44.85,-52.06,2026-07-26 02:35:03+00:00
2026-07-26T02:36:03+00:00,-53.61,-62.49,-62.10,-54.14,-64.40,-48.69,-46.47,-62.02,-55.33,-46.58,-47.70,-62.99,-59.70,-50.97,-46.02,-47.11,-57.17,2026-07-26 02:36:03+00:00
2026-07-26T02:37:03+00:00,-53.38,-62.38,-62.14,-54.39,-63.13,-48.52,-46.53,-61.96,-53.14,-46.31,-47.66,-63.02,-59.19,-50.36,-46.47,-47.38,-57.97,2026-07-26 02:37:03+00:00
2026-07-26T02:38:04+00:00,-53.60,-61.23,-61.91,-54.51,-63.39,-48.40,-46.42,-60.97,-52.94,-46.31,-47.47,-63.43,-59.33,-49.08,-46.34,-47.31,-57.15,2026-07-26 02:38:04+00:00
2026-07-26T02:39:04+00:00,-53.55,-61.48,-60.50,-54.31,-63.65,-48.23,-46.08,-60.27,-56.47,-46.24,-47.30,-61.36,-57.96,-50.15,-46.65,-46.64,-54.45,2026-07-26 02:39:04+00:00
2026-07-26T02:40:03+00:00,-52.64,-61.35,-61.18,-54.34,-63.41,-48.51,-46.20,-61.01,-56.93,-45.96,-47.25,-61.67,-58.23,-51.53,-47.57,-50.16,-54.95,2026-07-26 02:40:03+00:00
2026-07-26T02:41:03+00:00,-54.04,-63.05,-63.46,-54.27,-64.29,-48.58,-46.80,-62.35,-52.63,-45.56,-47.54,-64.49,-59.07,-54.74,-47.62,-49.78,-57.42,2026-07-26 02:41:03+00:00
2026-07-26T02:42:04+00:00,-53.65,-59.36,-58.45,-53.72,-62.60,-48.10,-47.01,-59.03,-51.14,-45.10,-47.45,-59.92,-56.97,-51.47,-47.83,-46.65,-52.05,2026-07-26 02:42:04+00:00
2026-07-26T02:43:03+00:00,-54.24,-61.53,-61.41,-54.31,-63.71,-48.20,-47.64,-61.06,-51.46,-44.83,-47.99,-63.55,-58.07,-52.75,-48.57,-45.56,-55.60,2026-07-26 02:43:03+00:00
2026-07-26T02:44:03+00:00,-54.00,-59.47,-58.78,-54.25,-62.69,-48.31,-47.51,-58.43,-51.28,-44.30,-47.94,-60.21,-57.10,-50.79,-48.44,-45.76,-54.24,2026-07-26 02:44:03+00:00
2026-07-26T02:45:04+00:00,-54.50,-61.98,-63.21,-54.86,-64.42,-48.33,-47.35,-61.77,-51.61,-44.89,-48.14,-63.48,-58.74,-51.19,-49.14,-45.67,-53.95,2026-07-26 02:45:04+00:00
2026-07-26T02:46:04+00:00,-54.23,-58.21,-60.05,-54.35,-64.49,-48.41,-47.24,-59.76,-51.12,-45.28,-48.15,-60.43,-57.92,-51.84,-48.46,-45.89,-53.36,2026-07-26 02:46:04+00:00
2026-07-26T02:47:03+00:00,-54.50,-63.47,-63.75,-54.80,-63.31,-48.80,-47.34,-63.24,-51.72,-44.98,-48.32,-64.74,-59.07,-55.41,-48.30,-44.57,-53.37,2026-07-26 02:47:03+00:00
2026-07-26T02:48:03+00:00,-52.97,-62.60,-61.88,-54.64,-63.53,-48.79,-47.40,-61.58,-51.54,-44.83,-48.13,-62.58,-57.91,-56.76,-47.35,-44.91,-53.03,2026-07-26 02:48:03+00:00
2026-07-26T02:49:04+00:00,-53.48,-62.02,-61.90,-54.40,-64.36,-48.43,-47.22,-62.03,-51.73,-45.21,-48.47,-62.34,-57.11,-55.50,-47.05,-44.03,-54.59,2026-07-26 02:49:04+00:00
2026-07-26T02:50:04+00:00,-54.20,-62.29,-62.07,-54.35,-62.84,-48.36,-47.09,-60.81,-51.57,-46.03,-48.79,-60.69,-57.18,-56.38,-46.83,-43.29,-54.00,2026-07-26 02:50:04+00:00
2026-07-26T02:51:03+00:00,-54.02,-61.84,-61.81,-54.36,-63.43,-48.17,-46.36,-61.64,-51.52,-45.68,-49.32,-61.98,-57.99,-56.47,-47.49,-42.69,-53.44,2026-07-26 02:51:03+00:00
2026-07-26T02:52:04+00:00,-53.90,-62.65,-61.95,-54.20,-62.90,-47.22,-46.20,-61.67,-51.55,-45.60,-49.08,-63.16,-58.11,-53.72,-47.83,-42.11,-53.69,2026-07-26 02:52:04+00:00
2026-07-26T02:53:04+00:00,-54.32,-63.87,-63.51,-54.65,-65.09,-47.73,-46.45,-63.29,-51.02,-45.34,-49.20,-64.25,-58.27,-51.91,-48.15,-42.91,-58.01,2026-07-26 02:53:04+00:00
2026-07-26T02:54:03+00:00,-53.99,-61.35,-61.15,-54.00,-64.02,-47.45,-46.49,-58.88,-49.43,-44.68,-49.13,-60.56,-57.62,-50.48,-47.49,-42.48,-55.63,2026-07-26 02:54:03+00:00
2026-07-26T02:55:03+00:00,-54.21,-61.14,-62.18,-54.31,-64.23,-47.33,-46.28,-60.26,-49.08,-44.22,-49.00,-62.39,-57.70,-48.02,-47.48,-41.15,-57.23,2026-07-26 02:55:03+00:00
2026-07-26T02:56:04+00:00,-53.80,-57.63,-56.90,-52.70,-62.90,-46.84,-46.02,-56.07,-50.27,-43.85,-48.70,-56.88,-55.53,-46.64,-47.40,-40.54,-52.15,2026-07-26 02:56:04+00:00
2026-07-26T02:57:04+00:00,-53.80,-60.52,-62.98,-54.27,-64.67,-47.30,-46.63,-61.46,-50.75,-43.99,-49.00,-63.52,-57.42,-46.06,-47.48,-41.61,-55.23,2026-07-26 02:57:04+00:00
2026-07-26T02:58:03+00:00,-54.04,-61.86,-62.60,-54.57,-63.92,-47.58,-46.74,-61.62,-50.69,-43.90,-48.55,-63.06,-57.88,-45.26,-47.80,-41.81,-57.02,2026-07-26 02:58:03+00:00
2026-07-26T02:59:03+00:00,-52.94,-61.63,-63.23,-54.07,-63.82,-47.33,-46.74,-61.72,-50.74,-43.75,-48.18,-63.08,-57.91,-47.66,-47.82,-42.44,-56.63,2026-07-26 02:59:03+00:00
2026-07-26T03:00:04+00:00,-50.14,-62.50,-64.07,-54.38,-63.36,-47.31,-46.85,-62.52,-50.44,-43.53,-48.27,-63.36,-58.19,-48.15,-47.70,-42.64,-56.94,2026-07-26 03:00:04+00:00
2026-07-26T03:01:04+00:00,-49.89,-62.46,-62.19,-54.09,-62.90,-47.26,-46.60,-61.63,-50.26,-43.81,-47.93,-62.62,-58.11,-46.92,-48.05,-42.31,-56.86,2026-07-26 03:01:04+00:00
2026-07-26T03:02:04+00:00,-49.85,-61.70,-61.13,-54.07,-63.80,-47.58,-46.88,-59.64,-50.16,-44.46,-47.88,-61.76,-57.93,-47.49,-48.19,-41.85,-55.48,2026-07-26 03:02:04+00:00
2026-07-26T03:03:03+00:00,-49.95,-62.98,-62.22,-54.17,-63.66,-47.72,-47.07,-62.39,-50.21,-45.27,-48.02,-63.49,-58.03,-48.49,-48.84,-40.70,-55.98,2026-07-26 03:03:03+00:00
2026-07-26T03:04:03+00:00,-50.50,-60.50,-60.49,-53.66,-62.21,-47.40,-47.36,-59.12,-50.04,-46.17,-47.95,-60.22,-56.46,-51.75,-49.01,-40.82,-52.53,2026-07-26 03:04:03+00:00
2026-07-26T03:05:04+00:00,-50.66,-63.38,-64.24,-54.38,-63.86,-47.20,-47.18,-62.94,-50.22,-47.25,-48.30,-64.70,-58.37,-54.77,-49.02,-41.36,-59.13,2026-07-26 03:05:04+00:00
2026-07-26T03:06:04+00:00,-50.75,-62.22,-63.07,-54.43,-64.47,-47.06,-47.24,-62.26,-50.85,-48.28,-48.34,-63.39,-57.53,-55.52,-49.13,-41.82,-57.84,2026-07-26 03:06:04+00:00
2026-07-26T03:07:04+00:00,-50.57,-62.02,-62.92,-54.17,-63.09,-47.08,-47.15,-61.62,-50.80,-49.49,-48.23,-63.09,-57.36,-54.52,-48.87,-42.37,-56.78,2026-07-26 03:07:04+00:00
2026-07-26T03:08:03+00:00,-50.57,-62.08,-62.38,-53.79,-63.73,-47.14,-47.23,-60.28,-51.41,-50.93,-48.03,-61.36,-56.63,-57.36,-49.10,-41.94,-55.86,2026-07-26 03:08:03+00:00
2026-07-26T03:09:03+00:00,-50.58,-61.21,-62.74,-53.66,-63.40,-47.11,-47.50,-60.77,-55.28,-52.21,-47.81,-61.99,-56.64,-56.52,-48.79,-42.49,-56.31,2026-07-26 03:09:03+00:00
2026-07-26T03:10:04+00:00,-50.20,-58.06,-55.24,-51.98,-59.88,-45.04,-46.99,-55.17,-52.49,-51.86,-47.27,-56.73,-54.08,-53.02,-47.84,-43.81,-46.47,2026-07-26 03:10:04+00:00
2026-07-26T03:11:04+00:00,-50.77,-63.07,-65.53,-54.27,-64.36,-45.10,-47.42,-63.30,-55.82,-53.95,-47.78,-64.41,-57.57,-54.39,-49.58,-45.33,-58.77,2026-07-26 03:11:04+00:00
2026-07-26T03:12:03+00:00,-50.96,-64.04,-65.36,-54.44,-64.30,-45.14,-47.33,-63.43,-56.33,-54.88,-47.40,-64.18,-57.75,-57.97,-49.97,-47.23,-59.88,2026-07-26 03:12:03+00:00
2026-07-26T03:13:04+00:00,-50.66,-59.61,-60.91,-54.17,-64.31,-45.30,-47.44,-60.59,-55.34,-54.95,-47.00,-61.07,-56.65,-59.71,-49.97,-48.68,-55.38,2026-07-26 03:13:04+00:00
2026-07-26T03:14:04+00:00,-53.62,-61.98,-61.61,-54.17,-64.19,-44.88,-47.59,-61.11,-56.42,-54.80,-47.14,-63.30,-57.00,-54.35,-50.07,-49.04,-56.44,2026-07-26 03:14:04+00:00
2026-07-26T03:15:03+00:00,-57.85,-62.81,-65.40,-54.70,-63.99,-45.23,-47.41,-62.78,-58.43,-53.86,-46.80,-64.75,-56.97,-52.21,-49.88,-48.91,-58.12,2026-07-26 03:15:03+00:00
2026-07-26T03:16:03+00:00,-58.40,-63.11,-63.93,-54.39,-62.58,-45.11,-47.63,-62.40,-57.84,-53.57,-46.99,-63.53,-57.05,-51.41,-50.26,-48.76,-57.39,2026-07-26 03:16:03+00:00
2026-07-26T03:17:04+00:00,-58.08,-60.97,-64.96,-54.36,-64.19,-45.13,-47.87,-61.20,-58.04,-53.83,-47.03,-64.09,-57.40,-50.06,-49.98,-48.82,-57.20,2026-07-26 03:17:04+00:00
2026-07-26T03:18:04+00:00,-53.72,-61.14,-62.82,-54.15,-63.58,-45.31,-48.15,-61.05,-57.54,-53.24,-46.80,-61.81,-56.72,-48.29,-49.88,-49.50,-55.78,2026-07-26 03:18:04+00:00
2026-07-26T03:19:03+00:00,-53.96,-62.90,-64.71,-54.67,-63.82,-45.44,-48.29,-63.21,-58.48,-52.52,-46.77,-62.76,-57.49,-46.79,-49.16,-48.81,-58.58,2026-07-26 03:19:03+00:00
2026-07-26T03:20:03+00:00,-53.90,-63.48,-63.65,-54.52,-64.96,-45.64,-48.80,-63.63,-53.32,-52.66,-46.67,-63.70,-57.49,-43.23,-49.20,-49.31,-59.11,2026-07-26 03:20:03+00:00
2026-07-26T03:21:04+00:00,-53.96,-62.16,-64.71,-54.64,-63.47,-45.64,-48.64,-62.85,-60.27,-51.95,-46.62,-63.70,-57.59,-41.14,-48.89,-48.46,-58.35,2026-07-26 03:21:04+00:00
2026-07-26T03:22:04+00:00,-53.75,-62.22,-63.25,-54.27,-64.57,-45.62,-48.92,-60.67,-60.10,-51.79,-46.57,-61.37,-56.78,-40.20,-49.36,-48.38,-57.26,2026-07-26 03:22:04+00:00
2026-07-26T03:23:03+00:00,-53.46,-62.06,-62.55,-54.37,-63.96,-45.98,-48.93,-62.10,-60.76,-51.94,-46.94,-62.61,-57.55,-39.95,-49.72,-49.19,-56.27,2026-07-26 03:23:03+00:00
2026-07-26T03:24:04+00:00,-53.81,-61.93,-63.40,-54.28,-64.26,-45.89,-49.14,-61.61,-60.43,-51.80,-46.80,-62.24,-57.27,-39.33,-49.33,-48.88,-56.29,2026-07-26 03:24:04+00:00
2026-07-26T03:25:04+00:00,-53.76,-60.06,-61.41,-53.82,-63.67,-49.07,-49.07,-58.94,-58.61,-51.15,-47.10,-61.06,-57.04,-38.93,-49.40,-49.34,-56.52,2026-07-26 03:25:04+00:00
2026-07-26T03:26:03+00:00,-53.71,-60.56,-60.59,-53.59,-63.18,-49.05,-49.10,-60.38,-52.70,-50.77,-47.02,-60.81,-56.18,-38.78,-49.94,-49.28,-51.45,2026-07-26 03:26:03+00:00
2026-07-26T03:27:03+00:00,-54.12,-63.59,-64.35,-54.42,-64.19,-49.62,-49.29,-62.34,-53.23,-50.74,-47.38,-62.80,-57.66,-38.61,-51.48,-49.30,-58.03,2026-07-26 03:27:03+00:00
2026-07-26T03:28:04+00:00,-54.82,-61.88,-62.97,-54.16,-62.68,-49.63,-56.45,-61.93,-53.11,-50.38,-47.46,-62.22,-57.31,-38.87,-52.82,-49.43,-57.56,2026-07-26 03:28:04+00:00
2026-07-26T03:29:04+00:00,-54.55,-62.56,-63.10,-54.18,-63.90,-49.33,-44.57,-62.36,-53.23,-49.91,-47.75,-62.00,-57.39,-39.18,-55.12,-49.95,-56.24,2026-07-26 03:29:04+00:00
2026-07-26T03:30:03+00:00,-53.64,-56.51,-57.07,-52.35,-62.81,-49.23,-48.66,-55.64,-51.32,-48.98,-47.71,-56.04,-54.73,-39.42,-53.71,-48.74,-46.27,2026-07-26 03:30:03+00:00
2026-07-26T03:31:03+00:00,-54.60,-61.83,-63.28,-54.20,-64.38,-49.74,-49.47,-61.92,-53.07,-49.34,-48.95,-62.58,-57.68,-39.62,-58.77,-49.67,-58.19,2026-07-26 03:31:03+00:00
2026-07-26T03:32:03+00:00,-54.45,-61.69,-62.81,-54.23,-64.19,-49.84,-49.29,-63.31,-51.65,-49.10,-49.20,-62.85,-57.88,-39.96,-58.21,-49.91,-59.75,2026-07-26 03:32:03+00:00
2026-07-26T03:33:04+00:00,-54.26,-60.53,-62.57,-54.27,-64.60,-49.84,-49.18,-61.62,-53.08,-48.69,-49.80,-61.62,-57.78,-40.32,-56.69,-49.31,-57.49,2026-07-26 03:33:04+00:00
2026-07-26T03:34:04+00:00,-54.19,-61.69,-63.97,-54.40,-62.87,-49.98,-49.03,-62.88,-53.16,-48.46,-50.08,-63.95,-58.02,-40.94,-54.65,-48.85,-58.57,2026-07-26 03:34:04+00:00
2026-07-26T03:35:03+00:00,-53.96,-60.88,-63.22,-54.21,-64.95,-49.75,-48.74,-62.26,-53.20,-48.19,-50.59,-61.42,-57.79,-40.91,-53.58,-48.94,-58.46,2026-07-26 03:35:03+00:00
2026-07-26T03:36:03+00:00,-53.94,-60.59,-63.40,-54.04,-63.66,-49.80,-48.74,-61.39,-52.92,-47.90,-51.13,-62.83,-58.15,-41.43,-52.29,-48.98,-58.41,2026-07-26 03:36:03+00:00
2026-07-26T03:37:03+00:00,-53.81,-58.69,-61.98,-54.09,-63.41,-49.65,-48.69,-61.11,-53.16,-47.85,-51.39,-61.92,-57.91,-41.79,-51.85,-49.04,-57.58,2026-07-26 03:37:03+00:00
2026-07-26T03:38:04+00:00,-54.05,-60.13,-61.57,-53.84,-63.26,-49.68,-48.74,-61.02,-52.15,-47.64,-51.66,-61.07,-57.63,-41.84,-51.41,-49.21,-58.34,2026-07-26 03:38:04+00:00
2026-07-26T03:39:04+00:00,-54.71,-60.57,-62.16,-54.10,-63.78,-49.98,-48.73,-60.80,-49.95,-47.77,-51.92,-61.15,-57.99,-42.32,-51.30,-49.49,-58.01,2026-07-26 03:39:04+00:00
2026-07-26T03:40:03+00:00,-54.46,-60.15,-62.68,-54.33,-64.59,-50.04,-48.58,-62.12,-49.90,-47.55,-52.42,-62.10,-58.76,-42.83,-51.57,-50.08,-58.73,2026-07-26 03:40:03+00:00
2026-07-26T03:41:03+00:00,-54.72,-61.43,-62.75,-54.18,-63.53,-49.81,-48.52,-61.93,-52.24,-47.45,-52.27,-61.14,-58.11,-43.02,-51.42,-50.47,-58.94,2026-07-26 03:41:03+00:00
2026-07-26T03:42:04+00:00,-54.65,-61.11,-62.26,-54.12,-64.35,-49.82,-48.48,-61.29,-52.10,-47.37,-52.34,-61.36,-58.14,-43.42,-51.76,-50.67,-58.20,2026-07-26 03:42:04+00:00
2026-07-26T03:43:04+00:00,-54.07,-58.00,-58.75,-53.13,-62.87,-49.57,-48.21,-58.76,-51.51,-47.19,-52.10,-57.93,-57.03,-43.72,-51.47,-50.15,-52.97,2026-07-26 03:43:04+00:00
2026-07-26T03:44:03+00:00,-50.13,-60.57,-61.96,-54.04,-63.92,-49.91,-48.09,-60.61,-51.66,-47.26,-52.47,-60.94,-57.84,-44.28,-51.55,-50.86,-57.00,2026-07-26 03:44:03+00:00
2026-07-26T03:45:04+00:00,-50.16,-61.11,-61.69,-54.12,-64.11,-50.06,-48.47,-60.90,-51.60,-47.17,-52.54,-61.18,-57.77,-44.67,-51.32,-50.95,-54.89,2026-07-26 03:45:04+00:00
2026-07-26T03:46:04+00:00,-49.96,-60.80,-61.72,-54.42,-63.70,-49.89,-48.15,-60.47,-51.45,-47.15,-52.17,-60.87,-57.95,-45.59,-52.05,-50.64,-56.66,2026-07-26 03:46:04+00:00
2026-07-26T03:47:03+00:00,-50.18,-59.32,-61.14,-53.95,-63.76,-49.77,-48.31,-60.03,-51.42,-47.03,-51.97,-61.22,-58.02,-46.12,-52.35,-50.38,-56.02,2026-07-26 03:47:03+00:00
2026-07-26T03:48:03+00:00,-49.98,-60.66,-62.85,-54.28,-63.60,-49.09,-48.26,-61.39,-51.51,-47.10,-51.84,-61.83,-58.53,-47.24,-52.71,-50.61,-59.34,2026-07-26 03:48:03+00:00
2026-07-26T03:49:04+00:00,-50.04,-59.36,-60.37,-53.82,-63.04,-48.89,-48.20,-60.23,-51.35,-46.85,-51.17,-60.25,-57.65,-48.00,-52.51,-50.14,-56.42,2026-07-26 03:49:04+00:00
2026-07-26T03:50:04+00:00,-50.70,-58.52,-60.25,-54.08,-62.66,-46.85,-48.10,-59.81,-51.43,-46.98,-50.94,-59.84,-57.32,-49.58,-53.06,-49.95,-56.25,2026-07-26 03:50:04+00:00
2026-07-26T03:51:03+00:00,-50.65,-60.50,-60.88,-53.89,-63.31,-45.90,-47.95,-59.97,-50.80,-47.06,-50.90,-60.57,-58.45,-50.57,-53.22,-50.32,-57.51,2026-07-26 03:51:03+00:00
2026-07-26T03:52:03+00:00,-50.51,-59.37,-59.89,-53.57,-61.99,-45.91,-48.12,-58.70,-50.68,-46.62,-50.26,-60.26,-57.04,-51.56,-52.94,-49.59,-54.91,2026-07-26 03:52:03+00:00
2026-07-26T03:53:04+00:00,-50.48,-58.71,-59.93,-53.31,-62.49,-45.94,-47.79,-59.21,-51.20,-46.74,-50.38,-59.48,-57.32,-52.80,-52.89,-49.61,-55.94,2026-07-26 03:53:04+00:00
2026-07-26T03:54:04+00:00,-50.47,-58.90,-60.44,-53.71,-62.52,-46.28,-47.83,-59.58,-54.86,-46.82,-50.33,-59.84,-57.52,-53.79,-53.04,-49.39,-55.50,2026-07-26 03:54:04+00:00
2026-07-26T03:55:03+00:00,-50.56,-57.57,-59.02,-53.36,-62.04,-46.07,-47.80,-58.65,-54.71,-46.73,-50.18,-59.04,-57.12,-54.93,-52.85,-49.08,-54.60,2026-07-26 03:55:03+00:00
2026-07-26T03:56:03+00:00,-50.73,-58.42,-59.97,-53.65,-62.07,-46.28,-47.80,-58.80,-54.80,-46.61,-50.27,-59.40,-56.66,-54.96,-52.95,-48.72,-52.60,2026-07-26 03:56:03+00:00
2026-07-26T03:57:04+00:00,-50.47,-56.99,-57.05,-52.59,-60.59,-46.21,-47.67,-56.79,-53.95,-46.69,-49.75,-56.83,-55.99,-53.05,-52.41,-48.42,-48.33,2026-07-26 03:57:04+00:00
2026-07-26T03:58:04+00:00,-50.76,-60.29,-61.92,-54.00,-63.05,-46.15,-47.91,-60.03,-55.37,-46.80,-50.31,-60.92,-58.41,-54.23,-53.60,-48.76,-56.12,2026-07-26 03:58:04+00:00
2026-07-26T03:59:03+00:00,-56.33,-56.63,-59.13,-52.99,-61.64,-46.17,-47.83,-58.46,-55.52,-46.68,-50.12,-58.56,-57.14,-52.42,-52.84,-48.52,-54.13,2026-07-26 03:59:03+00:00
2026-07-26T04:00:03+00:00,-56.58,-59.11,-60.64,-53.87,-63.48,-46.33,-47.99,-59.67,-56.37,-46.76,-50.37,-59.67,-57.86,-52.33,-53.53,-48.50,-55.90,2026-07-26 04:00:03+00:00
2026-07-26T04:01:03+00:00,-55.48,-58.57,-60.42,-53.95,-64.10,-46.29,-48.05,-59.56,-56.42,-46.70,-50.21,-60.11,-57.74,-51.49,-53.47,-48.98,-56.08,2026-07-26 04:01:03+00:00
2026-07-26T04:02:04+00:00,-56.59,-60.39,-62.32,-54.23,-64.10,-46.53,-48.21,-61.00,-56.81,-46.81,-50.44,-61.90,-59.05,-51.17,-53.68,-49.10,-57.00,2026-07-26 04:02:04+00:00
2026-07-26T04:03:04+00:00,-55.90,-58.54,-58.52,-53.28,-61.83,-46.10,-47.86,-58.32,-55.74,-46.62,-49.94,-57.79,-56.22,-50.06,-52.88,-48.93,-52.26,2026-07-26 04:03:04+00:00
2026-07-26T04:04:03+00:00,-52.93,-58.07,-58.86,-53.42,-61.54,-46.05,-48.02,-57.08,-55.68,-46.54,-49.98,-58.46,-56.76,-49.52,-52.95,-49.01,-52.67,2026-07-26 04:04:03+00:00
2026-07-26T04:05:04+00:00,-52.47,-58.87,-57.87,-53.35,-61.78,-46.32,-48.23,-57.87,-55.38,-46.78,-49.93,-57.84,-56.67,-49.11,-53.39,-48.84,-52.81,2026-07-26 04:05:04+00:00
2026-07-26T04:06:03+00:00,-53.72,-59.06,-59.80,-54.34,-63.55,-46.50,-48.14,-59.19,-58.58,-46.57,-50.07,-59.72,-57.82,-48.98,-53.78,-49.43,-54.89,2026-07-26 04:06:03+00:00
2026-07-26T04:07:04+00:00,-53.71,-57.44,-58.59,-53.62,-62.19,-46.47,-47.91,-57.69,-56.68,-46.57,-49.87,-58.48,-56.17,-48.59,-54.15,-48.94,-53.57,2026-07-26 04:07:04+00:00
2026-07-26T04:08:04+00:00,-53.48,-56.96,-58.32,-53.72,-61.19,-46.33,-47.47,-57.30,-56.83,-46.61,-49.60,-57.76,-56.05,-48.12,-53.45,-48.72,-53.91,2026-07-26 04:08:04+00:00
2026-07-26T04:09:03+00:00,-53.69,-57.84,-58.80,-53.88,-62.96,-46.59,-47.84,-58.75,-58.29,-46.88,-49.58,-58.76,-56.68,-47.83,-53.33,-49.16,-51.67,2026-07-26 04:09:03+00:00
2026-07-26T04:10:03+00:00,-52.71,-55.98,-56.54,-52.63,-61.24,-46.20,-47.79,-55.75,-54.97,-46.41,-49.10,-56.42,-55.23,-47.41,-53.36,-49.18,-51.25,2026-07-26 04:10:03+00:00
2026-07-26T04:11:04+00:00,-53.89,-59.40,-60.07,-53.80,-62.18,-46.40,-48.19,-59.64,-52.49,-46.93,-49.58,-59.68,-57.70,-47.58,-55.00,-49.48,-54.61,2026-07-26 04:11:04+00:00
2026-07-26T04:12:03+00:00,-53.79,-59.21,-59.82,-54.27,-62.42,-46.61,-48.20,-59.31,-52.56,-46.81,-49.44,-59.33,-57.17,-47.62,-55.07,-49.94,-52.84,2026-07-26 04:12:03+00:00
2026-07-26T04:13:03+00:00,-54.42,-57.16,-58.01,-54.02,-61.08,-46.34,-48.05,-57.91,-52.12,-46.74,-49.13,-58.71,-56.81,-47.02,-54.64,-49.78,-53.94,2026-07-26 04:13:03+00:00
2026-07-26T04:14:04+00:00,-54.35,-58.43,-60.49,-54.62,-62.13,-46.55,-48.35,-59.82,-52.70,-47.05,-49.21,-60.07,-57.93,-47.17,-55.21,-50.05,-54.31,2026-07-26 04:14:04+00:00
2026-07-26T04:15:04+00:00,-54.28,-57.51,-58.93,-54.48,-61.20,-46.32,-47.99,-58.27,-52.16,-46.69,-49.25,-59.32,-57.08,-46.89,-54.83,-49.78,-52.40,2026-07-26 04:15:04+00:00
2026-07-26T04:16:03+00:00,-54.07,-57.72,-59.33,-53.92,-62.88,-47.30,-48.11,-58.94,-52.40,-46.83,-49.42,-58.48,-57.21,-46.93,-55.56,-49.50,-52.20,2026-07-26 04:16:03+00:00
2026-07-26T04:18:03+00:00,-54.18,-57.87,-60.95,-54.28,-61.36,-50.73,-48.10,-59.80,-52.55,-46.97,-49.83,-60.69,-58.17,-46.88,-56.32,-49.90,-54.53,2026-07-26 04:18:03+00:00
2026-07-26T04:18:08+00:00,-51.20,-51.32,-51.90,-53.77,-54.69,-41.19,-43.02,-43.10,-45.53,-44.26,-47.52,-51.42,-52.09,-49.32,-55.81,-52.91,-49.92,2026-07-26 04:18:08+00:00
2026-07-26T04:19:04+00:00,-54.25,-59.16,-61.94,-54.50,-63.78,-50.91,-48.21,-60.03,-52.71,-46.98,-49.96,-60.44,-58.44,-46.84,-56.01,-49.85,-53.55,2026-07-26 04:19:04+00:00
2026-07-26T04:20:03+00:00,-53.85,-58.99,-59.60,-53.79,-62.26,-51.00,-48.10,-59.27,-52.54,-47.02,-49.68,-58.60,-57.20,-46.88,-55.97,-49.45,-55.11,2026-07-26 04:20:03+00:00
2026-07-26T04:21:03+00:00,-54.12,-58.80,-59.70,-53.95,-62.99,-50.93,-48.10,-59.35,-52.34,-46.83,-49.89,-58.82,-57.16,-46.89,-55.86,-49.26,-54.67,2026-07-26 04:21:03+00:00
2026-07-26T04:22:04+00:00,-53.90,-58.85,-58.74,-53.69,-62.72,-51.03,-47.97,-58.88,-52.35,-46.90,-50.03,-58.73,-57.16,-46.60,-55.73,-49.55,-52.65,2026-07-26 04:22:04+00:00
2026-07-26T04:23:04+00:00,-54.01,-60.38,-61.38,-54.54,-63.15,-51.27,-48.05,-60.78,-51.77,-47.05,-50.25,-62.21,-58.73,-46.82,-57.17,-49.48,-55.04,2026-07-26 04:23:04+00:00
2026-07-26T04:24:03+00:00,-53.84,-58.18,-60.65,-54.90,-62.48,-50.87,-48.29,-59.73,-49.59,-47.06,-50.24,-60.12,-58.48,-46.80,-56.38,-49.73,-53.58,2026-07-26 04:24:03+00:00
2026-07-26T04:25:03+00:00,-53.03,-57.97,-58.75,-54.27,-61.93,-50.92,-47.96,-58.10,-49.50,-46.83,-50.32,-58.10,-56.91,-46.78,-55.83,-49.71,-54.10,2026-07-26 04:25:03+00:00
2026-07-26T04:26:04+00:00,-52.50,-58.69,-58.04,-53.57,-62.67,-50.73,-47.95,-58.53,-51.42,-46.96,-50.31,-57.63,-56.71,-46.89,-55.89,-50.03,-53.44,2026-07-26 04:26:04+00:00
2026-07-26T04:27:04+00:00,-53.22,-58.50,-57.90,-53.48,-60.72,-50.50,-47.92,-58.30,-51.64,-47.07,-50.32,-57.83,-56.37,-47.02,-54.75,-50.05,-52.29,2026-07-26 04:27:04+00:00
2026-07-26T04:28:03+00:00,-52.56,-56.86,-56.25,-52.84,-61.42,-50.59,-48.07,-56.48,-51.33,-46.86,-50.47,-56.10,-55.31,-46.61,-54.42,-49.44,-50.57,2026-07-26 04:28:03+00:00
2026-07-26T04:29:04+00:00,-49.64,-60.10,-61.21,-54.89,-63.19,-51.05,-48.46,-60.88,-51.53,-47.40,-51.27,-61.12,-58.86,-47.16,-57.29,-49.75,-54.00,2026-07-26 04:29:04+00:00
2026-07-26T04:30:04+00:00,-49.27,-57.93,-59.43,-54.52,-62.75,-50.91,-48.47,-58.95,-51.20,-47.02,-51.19,-59.63,-57.43,-46.93,-56.13,-49.81,-52.38,2026-07-26 04:30:04+00:00
2026-07-26T04:31:04+00:00,-49.57,-58.88,-59.58,-54.49,-63.18,-50.81,-48.45,-59.66,-51.17,-47.16,-51.40,-59.00,-57.55,-47.33,-56.53,-49.40,-54.31,2026-07-26 04:31:04+00:00
2026-07-26T04:32:04+00:00,-49.60,-58.45,-59.20,-54.26,-63.59,-51.14,-48.13,-58.50,-51.41,-46.98,-51.45,-58.98,-57.31,-47.18,-56.00,-50.10,-54.04,2026-07-26 04:32:04+00:00
2026-07-26T04:33:03+00:00,-49.75,-60.29,-61.10,-54.90,-63.94,-51.25,-48.32,-61.02,-51.50,-47.28,-52.18,-60.26,-58.66,-47.40,-57.68,-49.63,-54.19,2026-07-26 04:33:03+00:00
2026-07-26T04:34:04+00:00,-49.47,-58.12,-59.44,-53.96,-63.31,-50.81,-48.27,-58.84,-51.14,-47.27,-52.11,-59.15,-56.76,-46.97,-56.03,-49.66,-54.56,2026-07-26 04:34:04+00:00
2026-07-26T04:35:04+00:00,-49.67,-57.49,-59.01,-54.14,-62.91,-50.59,-48.39,-58.52,-51.19,-47.36,-51.95,-59.57,-57.81,-47.22,-56.49,-49.22,-54.12,2026-07-26 04:35:04+00:00
2026-07-26T04:36:04+00:00,-49.61,-58.07,-58.89,-54.02,-62.35,-50.80,-48.18,-58.88,-50.75,-47.23,-52.13,-59.45,-57.17,-47.06,-56.25,-49.10,-54.12,2026-07-26 04:36:04+00:00
2026-07-26T04:37:04+00:00,-49.34,-57.12,-57.99,-53.27,-62.68,-50.63,-48.23,-58.04,-50.63,-47.43,-52.05,-57.10,-56.19,-46.93,-55.33,-49.46,-53.08,2026-07-26 04:37:04+00:00
2026-07-26T04:38:03+00:00,-49.56,-57.78,-57.95,-53.56,-62.90,-50.68,-48.24,-58.20,-51.24,-47.21,-52.06,-57.55,-56.76,-46.95,-55.58,-49.29,-53.31,2026-07-26 04:38:03+00:00
2026-07-26T04:39:03+00:00,-49.60,-58.66,-59.09,-53.71,-62.34,-50.95,-48.34,-58.96,-54.93,-47.08,-52.18,-57.99,-56.92,-47.17,-56.35,-49.44,-54.89,2026-07-26 04:39:03+00:00
2026-07-26T04:40:04+00:00,-49.42,-57.24,-57.18,-53.53,-62.28,-49.63,-48.33,-58.29,-54.42,-47.16,-52.06,-57.84,-55.83,-46.76,-55.66,-48.85,-53.02,2026-07-26 04:40:04+00:00
2026-07-26T04:41:03+00:00,-49.41,-57.80,-58.43,-53.78,-62.58,-49.38,-48.34,-58.33,-54.52,-47.17,-52.42,-57.90,-56.62,-46.71,-55.81,-49.01,-52.85,2026-07-26 04:41:03+00:00
2026-07-26T04:42:03+00:00,-49.33,-57.46,-58.15,-53.96,-62.74,-49.60,-48.43,-57.95,-54.69,-46.93,-52.15,-57.80,-56.18,-46.87,-55.73,-48.98,-51.47,2026-07-26 04:42:03+00:00
2026-07-26T04:43:03+00:00,-49.16,-57.09,-57.31,-53.08,-62.22,-49.37,-48.33,-57.15,-54.18,-47.02,-52.12,-56.59,-55.46,-46.70,-55.33,-48.81,-52.20,2026-07-26 04:43:03+00:00
2026-07-26T04:44:04+00:00,-52.62,-54.44,-56.16,-52.79,-58.80,-49.39,-48.03,-55.62,-54.95,-46.84,-52.17,-55.96,-54.96,-46.60,-55.27,-48.48,-47.70,2026-07-26 04:44:04+00:00
2026-07-26T04:45:04+00:00,-53.01,-59.48,-58.61,-54.17,-62.48,-49.26,-48.70,-58.45,-55.83,-47.04,-52.36,-58.27,-56.84,-46.77,-56.53,-48.66,-53.37,2026-07-26 04:45:04+00:00
2026-07-26T04:46:03+00:00,-53.09,-59.72,-59.62,-54.08,-63.09,-49.43,-48.69,-59.22,-55.96,-47.19,-52.92,-59.20,-57.31,-47.12,-57.00,-48.91,-52.58,2026-07-26 04:46:03+00:00
2026-07-26T04:47:04+00:00,-52.50,-58.06,-58.95,-53.78,-62.55,-49.26,-48.42,-58.51,-55.75,-47.08,-52.91,-57.74,-56.47,-47.02,-56.29,-48.68,-52.00,2026-07-26 04:47:04+00:00
2026-07-26T04:48:04+00:00,-53.01,-59.47,-59.66,-54.02,-63.43,-49.34,-48.41,-59.20,-56.02,-47.54,-53.37,-59.11,-57.36,-46.98,-56.81,-48.95,-54.68,2026-07-26 04:48:04+00:00
2026-07-26T04:49:03+00:00,-52.83,-58.75,-58.39,-53.99,-62.24,-49.20,-48.56,-58.08,-55.44,-47.18,-52.94,-57.34,-55.93,-46.81,-55.83,-48.78,-51.89,2026-07-26 04:49:03+00:00
2026-07-26T04:50:04+00:00,-52.77,-59.35,-59.13,-54.39,-62.52,-49.19,-48.47,-59.02,-56.21,-47.41,-53.30,-58.65,-57.15,-47.19,-56.71,-49.15,-54.27,2026-07-26 04:50:04+00:00
2026-07-26T04:51:04+00:00,-52.95,-60.14,-59.99,-54.66,-62.08,-49.36,-48.32,-60.24,-59.52,-47.46,-53.85,-59.74,-57.60,-47.08,-57.39,-49.01,-54.44,2026-07-26 04:51:04+00:00
2026-07-26T04:52:04+00:00,-52.70,-59.47,-59.17,-54.28,-62.81,-49.03,-48.52,-58.80,-57.77,-47.46,-53.76,-58.99,-56.70,-47.16,-56.13,-49.29,-53.21,2026-07-26 04:52:04+00:00
2026-07-26T04:53:04+00:00,-52.89,-59.83,-59.49,-54.52,-63.57,-49.14,-48.41,-59.67,-58.28,-47.28,-53.67,-58.82,-57.43,-47.27,-57.26,-49.05,-53.80,2026-07-26 04:53:04+00:00
2026-07-26T04:54:03+00:00,-52.95,-60.59,-60.07,-54.82,-63.07,-49.25,-48.42,-60.04,-59.34,-47.34,-54.11,-59.47,-57.53,-47.07,-57.04,-49.31,-53.96,2026-07-26 04:54:03+00:00
2026-07-26T04:55:03+00:00,-52.18,-58.17,-57.25,-54.51,-62.16,-48.95,-48.39,-58.53,-56.92,-47.04,-53.76,-57.08,-55.76,-47.00,-56.63,-48.97,-51.49,2026-07-26 04:55:03+00:00
2026-07-26T04:56:04+00:00,-53.08,-58.71,-59.20,-54.40,-62.40,-49.35,-48.49,-58.64,-52.71,-47.32,-54.27,-58.31,-56.71,-47.19,-56.38,-49.25,-53.90,2026-07-26 04:56:04+00:00
2026-07-26T04:57:03+00:00,-52.90,-58.77,-58.40,-54.64,-63.05,-49.08,-48.43,-58.77,-52.69,-47.25,-54.19,-58.38,-56.71,-47.34,-56.25,-49.33,-53.61,2026-07-26 04:57:03+00:00
2026-07-26T04:58:03+00:00,-53.13,-58.77,-58.52,-54.67,-61.64,-49.16,-48.35,-58.16,-52.47,-47.26,-54.11,-58.06,-56.49,-47.29,-56.40,-49.30,-52.47,2026-07-26 04:58:03+00:00
2026-07-26T04:59:04+00:00,-52.81,-57.75,-57.46,-54.27,-62.19,-48.89,-48.47,-57.45,-52.06,-47.45,-53.96,-57.25,-55.36,-47.05,-56.30,-49.21,-54.07,2026-07-26 04:59:04+00:00
2026-07-26T05:00:04+00:00,-53.30,-58.48,-57.92,-54.69,-62.52,-49.07,-48.16,-57.75,-52.27,-47.27,-54.20,-58.62,-55.87,-47.21,-56.67,-49.31,-53.54,2026-07-26 05:00:04+00:00
2026-07-26T05:01:04+00:00,-53.13,-58.43,-58.53,-54.87,-62.44,-49.01,-48.40,-58.60,-52.64,-47.47,-54.91,-58.78,-56.58,-47.09,-56.86,-49.30,-53.80,2026-07-26 05:01:04+00:00
2026-07-26T05:02:03+00:00,-52.69,-57.02,-58.14,-54.07,-62.70,-48.84,-48.44,-57.34,-52.21,-47.49,-54.39,-57.69,-55.58,-46.95,-56.30,-49.52,-53.39,2026-07-26 05:02:03+00:00
2026-07-26T05:03:03+00:00,-53.00,-57.40,-57.99,-54.54,-62.15,-48.81,-48.58,-57.42,-52.44,-47.52,-54.62,-57.47,-55.90,-46.66,-55.66,-49.56,-53.56,2026-07-26 05:03:03+00:00
2026-07-26T05:04:04+00:00,-53.28,-58.43,-59.25,-54.97,-62.79,-49.13,-48.44,-58.51,-52.41,-47.71,-55.02,-59.07,-56.52,-47.14,-57.45,-49.67,-54.45,2026-07-26 05:04:04+00:00
2026-07-26T05:05:03+00:00,-53.44,-58.40,-59.22,-55.88,-63.19,-49.24,-48.22,-59.18,-52.40,-47.68,-55.41,-59.27,-57.11,-47.18,-57.36,-49.91,-54.95,2026-07-26 05:05:03+00:00
2026-07-26T05:06:03+00:00,-52.89,-58.39,-58.18,-55.20,-62.31,-49.21,-48.36,-57.66,-52.29,-47.69,-54.90,-58.04,-56.26,-46.85,-56.64,-49.47,-54.63,2026-07-26 05:06:03+00:00
2026-07-26T05:07:03+00:00,-52.85,-59.06,-59.46,-55.80,-63.08,-49.00,-48.34,-58.83,-52.48,-47.72,-55.66,-59.20,-56.78,-46.88,-57.20,-49.47,-54.85,2026-07-26 05:07:03+00:00
2026-07-26T05:08:04+00:00,-52.76,-57.96,-58.82,-55.38,-62.02,-49.01,-48.35,-58.28,-51.70,-47.84,-55.37,-57.66,-56.84,-47.11,-57.14,-49.52,-53.83,2026-07-26 05:08:04+00:00
2026-07-26T05:09:03+00:00,-52.26,-59.60,-59.92,-56.36,-64.08,-49.33,-47.95,-59.62,-49.60,-47.80,-55.49,-60.14,-56.89,-46.82,-57.26,-49.87,-54.38,2026-07-26 05:09:03+00:00
2026-07-26T05:10:03+00:00,-51.42,-56.17,-56.53,-54.48,-63.69,-48.94,-48.03,-56.75,-49.14,-47.62,-54.70,-57.02,-55.23,-46.42,-55.30,-49.53,-51.40,2026-07-26 05:10:03+00:00
2026-07-26T05:11:04+00:00,-51.69,-59.18,-59.55,-55.70,-64.02,-49.12,-48.18,-59.34,-51.64,-47.66,-55.93,-59.51,-57.26,-47.08,-57.24,-50.20,-53.87,2026-07-26 05:11:04+00:00
2026-07-26T05:12:04+00:00,-51.77,-58.25,-58.12,-55.08,-64.09,-49.10,-47.77,-58.12,-51.03,-47.51,-55.21,-58.58,-56.01,-46.71,-56.34,-50.01,-50.71,2026-07-26 05:12:04+00:00
2026-07-26T05:13:03+00:00,-51.81,-60.07,-60.59,-56.33,-64.40,-49.21,-47.78,-59.83,-51.91,-47.54,-56.17,-60.01,-57.12,-46.96,-57.27,-50.19,-54.24,2026-07-26 05:13:03+00:00
2026-07-26T05:14:03+00:00,-48.74,-58.03,-58.30,-55.51,-63.35,-50.83,-47.87,-58.61,-51.12,-47.51,-55.65,-57.96,-56.25,-46.56,-56.30,-49.92,-54.70,2026-07-26 05:14:03+00:00
2026-07-26T05:15:04+00:00,-48.76,-58.21,-58.87,-55.43,-62.95,-50.83,-48.16,-58.79,-51.22,-47.37,-56.38,-58.30,-56.16,-46.82,-56.87,-50.02,-51.37,2026-07-26 05:15:04+00:00
2026-07-26T05:16:04+00:00,-48.94,-58.74,-58.52,-54.87,-63.17,-50.89,-47.88,-58.25,-51.15,-47.42,-55.89,-58.33,-55.85,-46.51,-56.09,-49.98,-51.24,2026-07-26 05:16:04+00:00
2026-07-26T05:17:03+00:00,-49.65,-59.04,-59.65,-55.63,-63.83,-51.09,-47.80,-59.46,-51.42,-47.38,-56.68,-59.37,-56.46,-47.03,-56.96,-50.20,-53.30,2026-07-26 05:17:03+00:00
2026-07-26T05:18:04+00:00,-49.97,-57.79,-57.91,-54.54,-62.95,-50.53,-48.07,-57.32,-50.94,-47.11,-55.46,-58.30,-55.46,-46.77,-55.66,-50.10,-52.57,2026-07-26 05:18:04+00:00
2026-07-26T05:19:04+00:00,-49.71,-58.40,-58.65,-55.33,-62.79,-51.09,-47.77,-57.75,-50.88,-47.37,-55.93,-58.23,-56.10,-46.92,-56.65,-50.01,-54.02,2026-07-26 05:19:04+00:00
2026-07-26T05:20:03+00:00,-49.90,-58.41,-59.08,-55.98,-63.78,-51.06,-48.28,-58.78,-51.33,-47.45,-56.33,-59.25,-57.02,-46.76,-57.21,-50.16,-54.25,2026-07-26 05:20:03+00:00
2026-07-26T05:21:03+00:00,-49.75,-56.91,-56.54,-54.16,-63.86,-50.43,-46.67,-56.44,-50.32,-47.14,-55.18,-56.65,-55.17,-46.32,-55.54,-49.76,-53.09,2026-07-26 05:21:03+00:00
2026-07-26T05:22:04+00:00,-49.83,-58.32,-59.69,-54.55,-63.10,-51.09,-47.36,-58.94,-51.01,-47.37,-56.28,-59.28,-56.63,-46.71,-56.18,-49.56,-51.07,2026-07-26 05:22:04+00:00
2026-07-26T05:23:04+00:00,-49.34,-57.25,-57.61,-54.98,-62.90,-50.63,-47.72,-57.10,-51.15,-47.23,-55.37,-57.50,-55.75,-46.64,-56.26,-49.46,-52.17,2026-07-26 05:23:04+00:00
2026-07-26T05:24:03+00:00,-49.51,-58.24,-58.19,-54.81,-64.01,-50.54,-47.89,-57.81,-54.89,-47.23,-55.23,-58.07,-55.72,-46.61,-56.20,-49.50,-52.75,2026-07-26 05:24:03+00:00
2026-07-26T05:25:03+00:00,-49.50,-57.00,-57.89,-54.80,-63.42,-50.60,-47.31,-57.84,-54.80,-47.29,-54.74,-58.08,-55.66,-46.51,-56.23,-49.42,-53.21,2026-07-26 05:25:03+00:00
2026-07-26T05:26:04+00:00,-49.75,-57.58,-57.81,-54.45,-64.00,-50.66,-47.55,-57.36,-54.70,-47.21,-55.51,-57.53,-55.24,-46.29,-55.27,-49.63,-52.85,2026-07-26 05:26:04+00:00
2026-07-26T05:27:04+00:00,-49.92,-58.77,-59.73,-56.33,-64.67,-51.10,-47.47,-59.53,-55.41,-47.52,-55.42,-59.44,-56.23,-46.70,-57.30,-50.23,-53.65,2026-07-26 05:27:04+00:00
2026-07-26T05:28:03+00:00,-50.13,-57.75,-59.18,-55.97,-65.42,-50.77,-47.73,-58.32,-54.99,-47.38,-55.35,-58.98,-56.51,-46.66,-56.80,-50.37,-53.20,2026-07-26 05:28:03+00:00
2026-07-26T05:29:04+00:00,-53.79,-59.35,-60.67,-56.50,-65.17,-50.99,-47.27,-59.68,-56.30,-47.52,-56.51,-60.17,-57.19,-46.89,-57.43,-50.78,-53.64,2026-07-26 05:29:04+00:00
2026-07-26T05:30:04+00:00,-53.47,-57.87,-58.52,-55.79,-63.73,-50.89,-47.62,-58.30,-55.78,-47.42,-55.65,-58.78,-56.13,-46.68,-56.41,-50.49,-53.26,2026-07-26 05:30:04+00:00
2026-07-26T05:31:04+00:00,-53.78,-60.00,-60.78,-56.79,-65.07,-51.10,-48.00,-60.56,-56.74,-47.50,-56.49,-60.68,-57.24,-46.75,-58.38,-50.46,-53.71,2026-07-26 05:31:04+00:00
2026-07-26T05:32:04+00:00,-53.90,-59.06,-60.69,-56.69,-64.58,-50.95,-47.60,-60.14,-56.39,-47.50,-55.66,-60.83,-57.25,-46.72,-57.45,-50.80,-53.76,2026-07-26 05:32:04+00:00
2026-07-26T05:33:03+00:00,-54.04,-58.17,-59.57,-56.64,-64.57,-50.95,-47.43,-59.74,-55.89,-47.41,-55.31,-59.63,-57.10,-46.74,-57.92,-50.32,-54.09,2026-07-26 05:33:03+00:00
2026-07-26T05:34:04+00:00,-53.09,-58.61,-59.24,-55.95,-63.10,-50.86,-47.42,-58.65,-55.95,-47.48,-55.69,-58.11,-56.23,-46.89,-56.94,-50.12,-54.43,2026-07-26 05:34:04+00:00
2026-07-26T05:35:04+00:00,-53.09,-59.42,-60.41,-56.68,-63.53,-50.99,-47.40,-60.35,-56.72,-47.44,-56.45,-60.95,-57.24,-46.70,-58.08,-50.68,-54.51,2026-07-26 05:35:04+00:00
2026-07-26T05:36:03+00:00,-53.67,-57.98,-58.69,-56.04,-64.01,-49.57,-46.94,-59.08,-56.93,-47.19,-55.51,-58.22,-55.15,-46.53,-56.49,-50.64,-53.35,2026-07-26 05:36:03+00:00
2026-07-26T05:37:04+00:00,-53.08,-58.46,-58.70,-55.94,-64.49,-49.57,-47.27,-58.87,-56.94,-47.13,-55.73,-58.65,-56.06,-46.79,-57.06,-51.04,-54.19,2026-07-26 05:37:04+00:00
2026-07-26T05:38:03+00:00,-53.43,-59.35,-60.53,-56.77,-64.08,-49.59,-48.01,-60.27,-58.07,-46.81,-56.44,-60.25,-56.93,-46.76,-57.84,-51.48,-54.39,2026-07-26 05:38:03+00:00
2026-07-26T05:39:03+00:00,-52.69,-59.01,-58.24,-55.78,-64.55,-49.26,-46.97,-57.98,-57.85,-46.67,-55.65,-58.48,-56.04,-46.75,-57.02,-50.92,-52.15,2026-07-26 05:39:03+00:00
2026-07-26T05:40:04+00:00,-53.25,-60.42,-60.72,-56.98,-64.95,-49.42,-47.14,-60.36,-59.44,-46.88,-56.39,-60.52,-57.13,-46.75,-58.22,-51.68,-54.06,2026-07-26 05:40:04+00:00
2026-07-26T05:41:04+00:00,-52.38,-59.86,-59.28,-56.92,-65.21,-49.68,-47.44,-59.91,-52.59,-46.91,-56.15,-59.31,-56.63,-47.05,-57.83,-51.55,-54.92,2026-07-26 05:41:04+00:00
2026-07-26T05:42:03+00:00,-53.23,-58.13,-58.56,-56.52,-63.92,-49.49,-47.79,-58.06,-52.37,-46.97,-54.75,-58.72,-55.70,-46.67,-57.05,-51.50,-54.67,2026-07-26 05:42:03+00:00
2026-07-26T05:43:04+00:00,-53.77,-58.06,-59.18,-56.72,-64.07,-49.16,-47.29,-58.65,-52.55,-46.87,-55.47,-58.46,-56.24,-46.97,-57.09,-51.15,-53.90,2026-07-26 05:43:04+00:00
2026-07-26T05:44:04+00:00,-53.22,-58.72,-58.99,-55.66,-63.59,-49.38,-47.59,-58.90,-52.09,-47.07,-55.32,-58.76,-56.03,-47.10,-56.32,-51.20,-53.47,2026-07-26 05:44:04+00:00
2026-07-26T05:45:03+00:00,-54.00,-60.07,-60.78,-57.56,-64.96,-49.41,-47.86,-59.71,-52.68,-47.02,-55.49,-60.81,-56.91,-46.85,-57.98,-51.32,-54.89,2026-07-26 05:45:03+00:00
2026-07-26T05:46:03+00:00,-53.74,-58.81,-57.88,-56.08,-63.72,-49.28,-47.05,-58.57,-52.42,-46.83,-55.37,-58.44,-55.86,-46.63,-56.44,-50.91,-53.28,2026-07-26 05:46:03+00:00
2026-07-26T05:47:04+00:00,-54.45,-60.18,-60.45,-57.04,-64.91,-49.23,-48.25,-60.13,-52.68,-47.00,-56.23,-60.62,-57.14,-46.85,-57.97,-50.60,-54.08,2026-07-26 05:47:04+00:00
2026-07-26T05:48:04+00:00,-53.30,-58.50,-58.76,-56.84,-64.14,-49.10,-47.24,-58.53,-52.46,-46.95,-55.36,-58.80,-55.88,-47.01,-57.44,-50.07,-54.74,2026-07-26 05:48:04+00:00
2026-07-26T05:49:03+00:00,-52.09,-59.71,-60.16,-57.24,-65.12,-49.14,-47.83,-59.35,-52.71,-46.95,-55.57,-59.83,-56.60,-47.06,-57.74,-50.34,-54.79,2026-07-26 05:49:03+00:00
2026-07-26T05:50:03+00:00,-52.27,-58.79,-59.00,-56.27,-63.45,-49.08,-47.87,-58.76,-52.31,-46.84,-55.91,-59.33,-55.87,-47.05,-56.63,-49.42,-53.20,2026-07-26 05:50:03+00:00
2026-07-26T05:51:04+00:00,-52.47,-58.48,-59.93,-56.97,-65.19,-48.99,-47.63,-59.75,-52.69,-47.16,-56.15,-59.87,-56.27,-47.23,-57.94,-49.32,-53.73,2026-07-26 05:51:04+00:00
2026-07-26T05:52:03+00:00,-52.00,-58.15,-58.89,-56.71,-64.22,-49.04,-47.83,-58.79,-51.76,-47.33,-55.56,-59.32,-56.06,-47.01,-56.98,-49.21,-54.81,2026-07-26 05:52:03+00:00
2026-07-26T05:53:03+00:00,-53.56,-58.84,-58.38,-56.65,-65.19,-49.02,-47.99,-58.54,-51.17,-47.12,-55.05,-59.43,-56.22,-46.99,-57.49,-49.20,-52.85,2026-07-26 05:53:03+00:00
2026-07-26T05:54:04+00:00,-52.47,-59.93,-60.58,-57.08,-64.28,-49.08,-47.72,-59.05,-49.61,-47.32,-55.72,-60.61,-56.57,-46.97,-57.95,-48.89,-54.43,2026-07-26 05:54:04+00:00
2026-07-26T05:55:04+00:00,-53.02,-57.85,-58.82,-56.34,-64.36,-48.82,-47.26,-58.84,-49.37,-47.04,-54.96,-57.93,-55.71,-47.13,-57.01,-48.84,-53.81,2026-07-26 05:55:04+00:00
2026-07-26T05:56:03+00:00,-52.72,-59.55,-60.31,-57.29,-64.47,-49.29,-47.55,-59.88,-51.84,-47.13,-55.83,-60.53,-56.32,-47.13,-58.02,-48.29,-58.16,2026-07-26 05:56:03+00:00
2026-07-26T05:57:03+00:00,-52.51,-58.44,-59.64,-56.60,-64.25,-49.21,-47.74,-59.21,-51.51,-46.98,-55.45,-59.64,-56.12,-47.16,-57.29,-48.17,-57.15,2026-07-26 05:57:03+00:00
2026-07-26T05:58:04+00:00,-53.86,-59.29,-59.24,-56.99,-63.03,-49.04,-47.39,-59.14,-51.49,-47.04,-55.45,-59.37,-56.19,-47.03,-57.91,-47.70,-55.63,2026-07-26 05:58:04+00:00
2026-07-26T05:59:04+00:00,-49.32,-58.92,-58.96,-56.91,-64.16,-48.87,-47.30,-58.36,-50.82,-47.02,-55.36,-59.44,-55.89,-47.06,-57.68,-47.72,-57.36,2026-07-26 05:59:04+00:00
2026-07-26T06:00:03+00:00,-49.57,-58.12,-59.32,-56.55,-65.11,-48.99,-47.62,-58.85,-50.97,-46.89,-55.53,-59.65,-55.98,-47.18,-56.99,-47.88,-55.49,2026-07-26 06:00:03+00:00
2026-07-26T06:01:03+00:00,-49.35,-57.20,-56.69,-55.46,-63.89,-48.69,-47.71,-56.90,-50.82,-46.71,-53.95,-57.42,-54.60,-46.78,-55.02,-47.19,-52.10,2026-07-26 06:01:03+00:00
2026-07-26T06:02:03+00:00,-49.60,-58.69,-59.16,-57.21,-64.31,-49.04,-47.77,-58.92,-51.19,-47.16,-55.46,-59.10,-56.25,-46.85,-57.07,-47.08,-55.14,2026-07-26 06:02:03+00:00
2026-07-26T06:03:04+00:00,-50.40,-58.00,-59.66,-56.42,-65.01,-48.88,-47.47,-59.48,-51.09,-46.91,-55.48,-59.50,-55.62,-47.04,-57.71,-47.32,-55.24,2026-07-26 06:03:04+00:00
2026-07-26T06:04:04+00:00,-49.69,-58.62,-58.87,-56.87,-64.10,-48.78,-47.45,-58.62,-51.15,-46.98,-55.73,-59.16,-55.81,-47.25,-57.16,-46.78,-55.45,2026-07-26 06:04:04+00:00
2026-07-26T06:05:03+00:00,-49.83,-59.43,-59.55,-56.92,-64.18,-48.91,-47.92,-58.71,-50.79,-47.22,-55.55,-59.41,-55.84,-46.71,-57.08,-46.87,-57.10,2026-07-26 06:05:03+00:00
2026-07-26T06:06:04+00:00,-50.08,-59.38,-60.31,-56.97,-64.24,-48.99,-47.43,-59.45,-50.84,-47.09,-56.04,-60.13,-56.11,-47.21,-57.63,-46.75,-57.92,2026-07-26 06:06:04+00:00
2026-07-26T06:07:04+00:00,-50.49,-58.49,-60.26,-57.09,-64.74,-48.88,-47.00,-59.06,-51.47,-47.19,-55.57,-60.03,-55.99,-47.14,-57.25,-46.72,-57.07,2026-07-26 06:07:04+00:00
2026-07-26T06:08:03+00:00,-49.85,-60.23,-60.80,-57.82,-64.90,-49.05,-47.60,-59.41,-53.85,-47.14,-55.60,-60.37,-56.52,-47.19,-57.64,-46.77,-58.42,2026-07-26 06:08:03+00:00
2026-07-26T06:09:04+00:00,-50.05,-60.58,-61.07,-57.38,-64.37,-48.88,-47.74,-60.06,-55.61,-47.05,-55.96,-60.21,-56.60,-47.26,-57.84,-46.86,-57.04,2026-07-26 06:09:04+00:00
2026-07-26T06:10:04+00:00,-49.88,-59.85,-59.84,-56.93,-64.65,-49.22,-47.36,-59.61,-55.66,-46.89,-55.29,-58.78,-55.72,-47.18,-57.32,-46.63,-55.47,2026-07-26 06:10:04+00:00
2026-07-26T06:11:03+00:00,-49.83,-60.22,-60.83,-57.02,-66.12,-50.63,-47.52,-59.80,-55.94,-46.77,-55.60,-59.21,-55.96,-47.14,-57.64,-46.73,-56.47,2026-07-26 06:11:03+00:00
2026-07-26T06:12:03+00:00,-50.27,-60.70,-60.51,-57.01,-64.48,-50.90,-47.56,-60.28,-56.09,-46.69,-55.59,-60.37,-56.45,-46.97,-57.41,-46.75,-57.29,2026-07-26 06:12:03+00:00
2026-07-26T06:13:04+00:00,-50.45,-61.46,-62.35,-58.10,-65.97,-50.96,-47.74,-62.38,-56.73,-46.75,-55.63,-62.46,-57.02,-47.12,-58.15,-46.80,-57.67,2026-07-26 06:13:04+00:00
2026-07-26T06:14:04+00:00,-52.71,-59.46,-60.06,-56.95,-64.95,-50.65,-47.68,-59.11,-57.54,-46.79,-54.98,-59.88,-56.33,-47.25,-57.18,-46.67,-56.88,2026-07-26 06:14:04+00:00
2026-07-26T06:15:03+00:00,-53.67,-60.20,-60.30,-57.60,-65.33,-50.84,-48.25,-60.52,-57.01,-46.94,-55.32,-59.95,-56.53,-47.32,-58.60,-46.37,-56.97,2026-07-26 06:15:03+00:00
2026-07-26T06:16:03+00:00,-52.60,-60.72,-61.04,-58.01,-65.61,-51.07,-47.72,-61.10,-56.76,-47.14,-55.44,-60.87,-56.60,-47.18,-58.35,-46.39,-57.64,2026-07-26 06:16:03+00:00
2026-07-26T06:17:04+00:00,-52.94,-60.15,-60.32,-57.23,-65.01,-50.51,-47.57,-60.00,-56.66,-47.08,-55.07,-59.72,-56.10,-47.16,-58.02,-46.14,-57.37,2026-07-26 06:17:04+00:00
2026-07-26T06:18:03+00:00,-52.51,-60.06,-59.19,-56.80,-64.77,-50.66,-47.73,-59.54,-56.06,-46.87,-54.50,-59.48,-55.51,-47.33,-55.96,-46.05,-54.15,2026-07-26 06:18:03+00:00
2026-07-26T06:19:03+00:00,-52.37,-60.15,-60.30,-57.57,-64.18,-50.84,-47.61,-59.93,-56.60,-46.91,-54.81,-60.19,-56.40,-47.20,-57.43,-46.15,-56.32,2026-07-26 06:19:03+00:00
2026-07-26T06:20:04+00:00,-52.38,-60.46,-59.94,-57.51,-64.78,-50.53,-47.55,-59.56,-57.50,-46.63,-54.58,-60.40,-56.15,-47.43,-57.54,-46.27,-55.95,2026-07-26 06:20:04+00:00
2026-07-26T06:21:04+00:00,-52.25,-58.57,-59.36,-55.63,-64.33,-50.72,-47.87,-58.11,-57.31,-46.24,-54.17,-59.11,-54.90,-47.14,-56.30,-46.48,-51.46,2026-07-26 06:21:04+00:00
2026-07-26T06:22:03+00:00,-52.08,-60.42,-60.96,-57.86,-65.69,-50.80,-48.08,-60.55,-58.26,-46.11,-54.84,-60.90,-56.07,-47.17,-57.58,-46.88,-58.34,2026-07-26 06:22:03+00:00
2026-07-26T06:23:03+00:00,-52.26,-60.70,-60.83,-58.05,-64.64,-50.84,-48.17,-60.59,-58.22,-46.01,-54.47,-60.94,-56.20,-47.15,-57.49,-47.19,-57.90,2026-07-26 06:23:03+00:00
2026-07-26T06:24:04+00:00,-51.28,-59.24,-59.42,-56.98,-65.36,-50.56,-47.69,-59.13,-57.70,-45.88,-54.08,-59.09,-55.65,-47.06,-56.69,-47.21,-54.99,2026-07-26 06:24:04+00:00
2026-07-26T06:25:04+00:00,-52.25,-60.14,-59.78,-57.81,-65.04,-50.53,-47.46,-59.10,-57.75,-45.86,-54.10,-60.00,-55.93,-47.26,-57.00,-47.00,-55.97,2026-07-26 06:25:04+00:00
2026-07-26T06:26:03+00:00,-53.18,-59.70,-60.18,-57.62,-65.72,-50.65,-47.44,-60.08,-52.79,-46.03,-54.33,-59.82,-55.94,-47.39,-57.54,-46.45,-57.45,2026-07-26 06:26:03+00:00
2026-07-26T06:27:03+00:00,-52.70,-59.38,-59.81,-57.80,-63.96,-50.70,-47.29,-59.50,-52.81,-45.74,-54.00,-59.98,-55.50,-47.23,-57.30,-46.45,-55.78,2026-07-26 06:27:03+00:00
2026-07-26T06:28:04+00:00,-52.92,-58.74,-59.51,-57.15,-64.76,-50.73,-47.48,-58.47,-53.04,-45.85,-53.35,-58.90,-55.41,-47.60,-56.92,-46.22,-56.20,2026-07-26 06:28:04+00:00
2026-07-26T06:29:04+00:00,-52.49,-58.00,-58.73,-56.97,-64.43,-50.50,-46.99,-58.15,-52.73,-45.98,-53.41,-58.53,-55.38,-47.47,-56.71,-46.07,-55.12,2026-07-26 06:29:04+00:00
2026-07-26T06:30:03+00:00,-52.67,-58.07,-57.67,-56.13,-63.80,-50.34,-47.45,-57.76,-52.30,-45.90,-53.30,-57.58,-54.64,-47.21,-55.77,-45.55,-53.15,2026-07-26 06:30:03+00:00
2026-07-26T06:31:03+00:00,-53.64,-59.43,-58.95,-56.97,-64.42,-50.45,-47.57,-58.20,-52.90,-45.89,-53.48,-58.90,-55.23,-47.64,-56.40,-45.56,-54.92,2026-07-26 06:31:03+00:00
2026-07-26T06:32:03+00:00,-52.08,-59.73,-60.82,-57.95,-65.26,-50.55,-47.82,-59.46,-52.78,-45.92,-53.62,-60.08,-56.25,-47.60,-57.37,-45.28,-57.90,2026-07-26 06:32:03+00:00
2026-07-26T06:33:03+00:00,-53.19,-60.72,-60.09,-57.89,-65.16,-50.83,-47.48,-59.58,-53.06,-45.79,-53.44,-59.57,-55.85,-47.59,-56.51,-45.40,-57.54,2026-07-26 06:33:03+00:00
2026-07-26T06:34:04+00:00,-53.22,-58.66,-59.99,-57.21,-64.15,-49.33,-47.48,-58.51,-52.90,-45.88,-53.39,-59.86,-55.48,-47.66,-56.53,-45.27,-56.49,2026-07-26 06:34:04+00:00
2026-07-26T06:35:04+00:00,-52.27,-58.96,-59.14,-57.14,-64.46,-49.35,-47.51,-58.14,-52.58,-45.60,-53.09,-59.02,-55.12,-47.52,-57.18,-45.40,-54.84,2026-07-26 06:35:04+00:00
2026-07-26T06:36:03+00:00,-52.76,-59.26,-59.12,-57.33,-64.98,-46.26,-47.40,-58.59,-52.49,-45.90,-53.20,-58.69,-54.90,-47.63,-56.90,-45.39,-57.45,2026-07-26 06:36:03+00:00
2026-07-26T06:37:03+00:00,-53.48,-58.86,-58.53,-57.10,-64.52,-46.18,-47.85,-58.14,-51.75,-45.68,-53.10,-58.35,-54.97,-47.44,-56.40,-45.35,-56.49,2026-07-26 06:37:03+00:00
2026-07-26T06:38:04+00:00,-52.13,-58.46,-58.27,-56.35,-64.49,-45.93,-47.21,-56.72,-49.34,-45.68,-53.11,-57.99,-54.55,-47.39,-55.89,-45.24,-54.06,2026-07-26 06:38:04+00:00
2026-07-26T06:39:03+00:00,-51.89,-59.11,-57.84,-56.83,-64.64,-46.16,-47.60,-57.66,-49.34,-46.03,-53.08,-57.57,-55.27,-47.59,-56.92,-45.31,-55.70,2026-07-26 06:39:03+00:00
2026-07-26T06:40:03+00:00,-52.64,-59.92,-58.32,-56.90,-64.72,-46.21,-47.51,-58.27,-49.98,-45.97,-53.50,-58.37,-55.31,-47.74,-56.67,-45.51,-57.05,2026-07-26 06:40:03+00:00
2026-07-26T06:41:04+00:00,-52.62,-59.29,-58.95,-56.85,-64.06,-46.21,-47.96,-57.95,-51.35,-45.95,-53.50,-58.69,-55.15,-47.57,-56.72,-45.10,-55.82,2026-07-26 06:41:04+00:00
2026-07-26T06:42:04+00:00,-51.68,-60.30,-60.16,-57.58,-65.50,-46.14,-47.80,-59.40,-51.44,-46.04,-53.86,-59.91,-55.82,-47.94,-57.65,-44.99,-57.69,2026-07-26 06:42:04+00:00
2026-07-26T06:43:03+00:00,-52.47,-60.30,-59.60,-57.64,-65.27,-45.99,-47.98,-59.01,-51.37,-46.11,-54.16,-59.52,-55.47,-47.79,-57.49,-44.85,-57.11,2026-07-26 06:43:03+00:00
2026-07-26T06:44:04+00:00,-49.55,-60.11,-58.90,-57.20,-64.48,-46.33,-47.78,-58.93,-50.78,-46.07,-53.83,-59.22,-55.41,-48.08,-56.41,-44.81,-56.95,2026-07-26 06:44:04+00:00
2026-07-26T06:45:04+00:00,-49.58,-60.34,-59.04,-56.68,-64.61,-46.05,-47.63,-58.19,-50.79,-45.82,-53.56,-58.78,-55.10,-47.99,-56.32,-44.96,-55.38,2026-07-26 06:45:04+00:00
2026-07-26T06:46:04+00:00,-49.50,-60.11,-60.02,-57.80,-64.23,-45.97,-47.21,-59.12,-50.95,-46.03,-53.97,-59.40,-55.47,-48.17,-56.30,-44.96,-54.51,2026-07-26 06:46:04+00:00
2026-07-26T06:47:03+00:00,-49.93,-60.10,-58.91,-56.86,-64.42,-46.00,-48.07,-57.99,-50.83,-45.94,-54.08,-58.97,-55.47,-48.20,-56.17,-44.88,-55.32,2026-07-26 06:47:03+00:00
2026-07-26T06:48:04+00:00,-49.85,-60.08,-59.78,-57.26,-64.93,-45.84,-47.92,-59.28,-50.79,-45.95,-54.19,-60.16,-55.39,-48.32,-56.13,-44.96,-56.82,2026-07-26 06:48:04+00:00
2026-07-26T06:49:04+00:00,-48.76,-58.78,-57.29,-56.22,-64.29,-45.89,-47.43,-56.98,-50.89,-46.08,-53.58,-57.61,-54.49,-48.16,-56.13,-44.75,-54.28,2026-07-26 06:49:04+00:00
2026-07-26T06:50:03+00:00,-49.88,-60.23,-59.16,-56.89,-64.22,-46.19,-47.98,-58.63,-50.65,-46.13,-54.07,-58.73,-55.30,-48.40,-56.43,-44.86,-55.80,2026-07-26 06:50:03+00:00
2026-07-26T06:51:03+00:00,-50.20,-59.69,-59.17,-56.66,-64.68,-46.05,-47.66,-59.06,-50.56,-45.98,-53.97,-58.77,-55.10,-48.39,-56.65,-44.93,-56.46,2026-07-26 06:51:03+00:00
2026-07-26T06:52:04+00:00,-49.80,-60.21,-58.57,-57.24,-63.74,-46.06,-48.15,-59.08,-51.23,-45.93,-54.08,-58.42,-54.94,-48.42,-56.88,-44.63,-54.67,2026-07-26 06:52:04+00:00
2026-07-26T06:53:04+00:00,-50.07,-60.19,-59.53,-57.60,-64.37,-45.98,-47.47,-59.25,-55.05,-45.94,-54.41,-58.45,-55.58,-48.67,-56.74,-44.72,-53.58,2026-07-26 06:53:04+00:00
2026-07-26T06:54:03+00:00,-49.39,-59.33,-58.28,-57.05,-63.71,-45.90,-47.90,-58.17,-54.67,-46.27,-53.89,-57.86,-54.81,-48.30,-56.51,-44.81,-53.50,2026-07-26 06:54:03+00:00
2026-07-26T06:55:03+00:00,-49.53,-59.47,-58.83,-57.44,-64.39,-46.37,-47.68,-58.68,-55.14,-46.26,-54.20,-59.16,-55.31,-48.56,-56.75,-44.78,-53.96,2026-07-26 06:55:03+00:00
2026-07-26T06:56:04+00:00,-50.08,-60.24,-59.29,-57.69,-64.60,-46.31,-47.91,-59.81,-55.54,-46.46,-54.40,-59.51,-55.34,-48.63,-57.09,-44.61,-53.92,2026-07-26 06:56:04+00:00
2026-07-26T06:57:04+00:00,-49.02,-59.53,-58.74,-57.14,-64.77,-46.41,-47.91,-58.14,-55.26,-46.05,-54.27,-58.25,-55.23,-48.52,-56.72,-44.56,-54.01,2026-07-26 06:57:04+00:00
2026-07-26T06:58:03+00:00,-49.75,-60.48,-59.29,-57.70,-65.30,-46.24,-47.61,-59.37,-55.50,-46.40,-54.44,-59.29,-55.26,-48.45,-56.64,-44.56,-53.79,2026-07-26 06:58:03+00:00
2026-07-26T06:59:03+00:00,-52.13,-57.71,-57.67,-56.57,-64.41,-46.14,-47.45,-57.78,-55.84,-46.13,-54.15,-58.01,-55.01,-48.47,-55.77,-44.56,-52.75,2026-07-26 06:59:03+00:00
2026-07-26T07:00:04+00:00,-51.51,-59.39,-59.22,-57.26,-64.26,-46.31,-47.92,-58.77,-56.72,-46.26,-54.53,-58.75,-55.40,-48.70,-56.40,-44.60,-54.28,2026-07-26 07:00:04+00:00
2026-07-26T07:01:04+00:00,-52.00,-57.88,-58.26,-56.49,-63.78,-46.30,-47.58,-57.96,-56.40,-46.17,-53.97,-57.68,-55.10,-48.95,-56.09,-44.64,-54.38,2026-07-26 07:01:04+00:00
2026-07-26T07:02:04+00:00,-51.95,-59.62,-59.71,-57.38,-64.11,-46.37,-47.76,-59.35,-56.92,-46.33,-54.69,-59.85,-55.52,-49.23,-57.05,-44.75,-54.84,2026-07-26 07:02:04+00:00
2026-07-26T07:03:03+00:00,-52.37,-59.99,-59.49,-57.68,-65.60,-46.48,-48.11,-58.49,-56.27,-46.29,-54.44,-59.08,-55.76,-49.17,-56.66,-44.89,-54.03,2026-07-26 07:03:03+00:00
2026-07-26T07:04:04+00:00,-51.02,-57.64,-58.61,-56.93,-64.47,-46.39,-47.83,-57.34,-55.13,-46.26,-54.35,-57.61,-54.87,-48.98,-56.43,-45.03,-55.08,2026-07-26 07:04:04+00:00
2026-07-26T07:05:04+00:00,-50.39,-59.14,-58.54,-56.90,-63.62,-46.56,-48.04,-58.09,-56.47,-46.36,-54.56,-58.47,-55.00,-49.36,-56.62,-45.20,-53.53,2026-07-26 07:05:04+00:00
2026-07-26T07:06:04+00:00,-50.87,-58.67,-58.69,-57.04,-65.23,-50.83,-47.74,-58.76,-56.83,-46.40,-54.85,-58.88,-55.54,-49.27,-56.12,-45.47,-57.63,2026-07-26 07:06:04+00:00
2026-07-26T07:07:04+00:00,-51.60,-59.66,-60.63,-58.13,-65.44,-50.66,-47.56,-60.04,-58.08,-46.19,-54.23,-60.38,-56.27,-49.55,-57.07,-45.66,-57.65,2026-07-26 07:07:04+00:00
2026-07-26T07:08:03+00:00,-51.53,-59.61,-60.28,-57.52,-64.56,-50.83,-47.92,-59.47,-57.51,-46.34,-55.17,-60.49,-55.76,-49.76,-56.52,-45.92,-56.44,2026-07-26 07:08:03+00:00
2026-07-26T07:09:03+00:00,-52.01,-59.10,-60.31,-57.79,-65.32,-50.89,-47.80,-59.70,-57.54,-46.22,-55.11,-59.66,-55.62,-49.74,-56.93,-46.12,-56.74,2026-07-26 07:09:03+00:00
2026-07-26T07:10:04+00:00,-51.41,-59.49,-60.49,-58.01,-65.16,-50.88,-48.19,-60.09,-52.58,-46.25,-55.38,-60.59,-55.94,-49.93,-56.90,-46.13,-56.51,2026-07-26 07:10:04+00:00
2026-07-26T07:11:03+00:00,-49.03,-60.56,-60.98,-57.63,-64.36,-50.99,-48.10,-60.28,-52.38,-46.18,-55.43,-60.27,-56.01,-49.99,-56.88,-45.91,-55.52,2026-07-26 07:11:03+00:00
2026-07-26T07:12:03+00:00,-52.27,-58.30,-58.59,-56.28,-65.33,-50.84,-48.07,-57.75,-51.86,-45.82,-54.73,-58.42,-54.98,-49.92,-55.87,-45.74,-54.64,2026-07-26 07:12:03+00:00
2026-07-26T07:13:04+00:00,-50.90,-60.11,-60.25,-57.84,-64.87,-50.85,-47.76,-60.03,-52.53,-45.99,-55.88,-60.15,-56.20,-50.37,-57.37,-45.79,-58.10,2026-07-26 07:13:04+00:00
2026-07-26T07:14:04+00:00,-52.16,-59.70,-61.99,-58.61,-65.19,-50.94,-47.93,-61.55,-52.46,-46.04,-55.89,-61.26,-56.24,-50.52,-56.85,-45.44,-57.49,2026-07-26 07:14:04+00:00
2026-07-26T07:15:03+00:00,-51.56,-60.55,-61.47,-58.60,-65.59,-50.75,-47.79,-61.09,-52.52,-45.89,-56.28,-61.18,-56.48,-50.70,-57.23,-45.26,-57.26,2026-07-26 07:15:03+00:00
2026-07-26T07:16:03+00:00,-51.15,-59.32,-59.62,-57.36,-64.84,-50.74,-47.94,-59.88,-52.28,-45.83,-55.81,-59.13,-55.77,-50.33,-57.46,-45.02,-54.35,2026-07-26 07:16:03+00:00
2026-07-26T07:17:04+00:00,-51.33,-59.63,-59.94,-57.88,-64.78,-50.79,-47.91,-60.08,-52.29,-45.75,-55.64,-60.81,-55.67,-50.85,-56.98,-44.84,-57.25,2026-07-26 07:17:04+00:00
2026-07-26T07:18:04+00:00,-51.66,-59.96,-60.68,-58.15,-65.07,-51.20,-47.47,-60.63,-52.48,-45.94,-56.51,-60.42,-56.14,-50.95,-57.11,-44.48,-55.38,2026-07-26 07:18:04+00:00
2026-07-26T07:19:03+00:00,-52.85,-59.99,-62.08,-58.03,-65.55,-51.01,-48.17,-60.90,-52.54,-45.69,-56.37,-61.82,-56.24,-51.13,-56.84,-44.63,-57.73,2026-07-26 07:19:03+00:00
2026-07-26T07:20:03+00:00,-52.10,-59.89,-60.12,-57.52,-64.95,-50.87,-47.54,-59.40,-52.45,-45.70,-55.95,-59.60,-55.76,-50.92,-56.38,-44.47,-56.09,2026-07-26 07:20:03+00:00
2026-07-26T07:21:04+00:00,-51.57,-59.34,-60.13,-57.63,-65.82,-50.83,-47.67,-59.05,-52.32,-45.96,-56.00,-59.93,-55.78,-50.97,-56.90,-44.54,-57.56,2026-07-26 07:21:04+00:00
2026-07-26T07:22:04+00:00,-49.17,-58.84,-59.52,-57.62,-64.61,-50.72,-47.29,-59.38,-51.03,-46.13,-56.42,-59.72,-55.51,-51.10,-56.56,-44.43,-57.42,2026-07-26 07:22:04+00:00
2026-07-26T07:23:03+00:00,-49.31,-60.13,-60.45,-57.51,-65.78,-51.04,-47.61,-59.75,-49.25,-46.28,-56.31,-60.21,-55.84,-51.39,-56.94,-44.62,-57.00,2026-07-26 07:23:03+00:00
2026-07-26T07:24:03+00:00,-50.36,-60.18,-60.37,-57.64,-65.02,-50.85,-47.75,-60.17,-49.16,-46.32,-56.10,-60.42,-55.82,-51.51,-57.09,-44.48,-57.13,2026-07-26 07:24:03+00:00
2026-07-26T07:25:04+00:00,-50.52,-60.18,-59.02,-57.85,-64.37,-50.76,-47.86,-59.63,-51.14,-46.35,-55.84,-59.51,-55.48,-51.36,-56.57,-44.66,-55.44,2026-07-26 07:25:04+00:00
2026-07-26T07:26:04+00:00,-50.61,-60.48,-60.83,-58.29,-65.32,-50.96,-47.62,-59.38,-51.01,-46.32,-56.73,-60.93,-56.07,-51.56,-57.03,-44.64,-58.10,2026-07-26 07:26:04+00:00
2026-07-26T07:27:03+00:00,-50.61,-60.01,-60.73,-57.82,-65.68,-50.97,-47.90,-59.75,-50.85,-46.37,-56.81,-60.88,-55.79,-51.69,-56.71,-44.72,-57.21,2026-07-26 07:27:03+00:00
2026-07-26T07:28:03+00:00,-50.13,-60.20,-61.12,-58.20,-64.41,-50.84,-47.67,-60.02,-51.04,-46.20,-57.02,-61.20,-56.01,-52.32,-57.19,-44.59,-57.03,2026-07-26 07:28:03+00:00
2026-07-26T07:29:04+00:00,-49.43,-60.07,-61.90,-58.40,-65.01,-49.38,-47.36,-60.34,-50.65,-46.26,-57.00,-61.19,-56.14,-52.33,-57.27,-44.81,-58.32,2026-07-26 07:29:04+00:00
2026-07-26T07:30:04+00:00,-48.26,-59.84,-60.49,-57.73,-65.96,-49.59,-47.44,-59.72,-50.66,-46.09,-56.94,-60.68,-55.87,-52.80,-56.73,-45.27,-57.06,2026-07-26 07:30:04+00:00
2026-07-26T07:31:04+00:00,-49.19,-60.73,-61.28,-58.35,-65.18,-48.66,-47.67,-60.57,-50.57,-46.06,-57.01,-61.05,-56.33,-56.94,-57.41,-46.35,-57.74,2026-07-26 07:31:04+00:00
2026-07-26T07:32:03+00:00,-48.32,-59.24,-59.57,-57.19,-66.77,-46.63,-47.86,-58.75,-50.31,-46.10,-56.51,-59.48,-55.86,-57.58,-56.15,-46.95,-55.66,2026-07-26 07:32:03+00:00
2026-07-26T07:33:03+00:00,-48.06,-58.54,-60.39,-57.94,-65.23,-46.64,-47.47,-59.32,-50.51,-46.04,-57.08,-59.83,-55.95,-58.24,-57.03,-47.57,-55.73,2026-07-26 07:33:03+00:00
2026-07-26T07:34:04+00:00,-48.57,-59.67,-60.38,-58.39,-65.38,-46.64,-47.33,-59.97,-50.63,-45.90,-55.62,-60.38,-56.02,-59.31,-57.46,-47.61,-57.73,2026-07-26 07:34:04+00:00
2026-07-26T07:35:04+00:00,-49.90,-59.89,-61.32,-58.56,-64.42,-46.79,-48.03,-60.00,-50.27,-46.00,-58.27,-60.75,-56.24,-59.32,-57.19,-47.75,-57.05,2026-07-26 07:35:04+00:00
2026-07-26T07:36:04+00:00,-49.11,-60.09,-61.46,-58.53,-66.39,-46.75,-47.45,-60.10,-50.08,-46.13,-58.07,-61.36,-56.36,-59.38,-56.93,-47.79,-58.16,2026-07-26 07:36:04+00:00
2026-07-26T07:37:03+00:00,-49.15,-58.97,-60.25,-57.91,-65.61,-46.65,-47.54,-59.74,-51.22,-46.32,-58.21,-60.44,-55.77,-59.27,-56.75,-48.01,-55.73,2026-07-26 07:37:03+00:00
2026-07-26T07:38:03+00:00,-48.67,-60.81,-62.06,-58.61,-65.74,-46.61,-47.97,-60.62,-56.00,-46.26,-58.64,-61.82,-56.47,-60.35,-57.80,-48.05,-58.01,2026-07-26 07:38:03+00:00
2026-07-26T07:39:04+00:00,-48.71,-59.64,-60.87,-57.99,-65.68,-46.71,-47.64,-60.22,-55.53,-46.15,-58.20,-61.02,-56.08,-58.96,-57.14,-48.15,-58.34,2026-07-26 07:39:04+00:00
2026-07-26T07:40:04+00:00,-48.39,-58.71,-60.03,-57.30,-64.95,-46.88,-47.69,-50.74,-55.27,-46.16,-57.60,-60.04,-55.76,-57.58,-57.11,-48.67,-56.47,2026-07-26 07:40:04+00:00
2026-07-26T07:41:03+00:00,-48.82,-58.07,-59.38,-57.70,-64.78,-46.55,-47.33,-50.76,-55.97,-46.01,-57.55,-59.35,-55.58,-58.10,-57.57,-49.01,-54.89,2026-07-26 07:41:03+00:00
2026-07-26T07:42:03+00:00,-49.02,-59.24,-61.02,-58.16,-66.23,-46.77,-48.03,-50.95,-55.79,-45.96,-58.07,-60.61,-56.18,-59.16,-57.60,-49.11,-57.27,2026-07-26 07:42:03+00:00
2026-07-26T07:43:04+00:00,-49.94,-58.51,-60.50,-57.70,-65.12,-46.90,-47.39,-50.86,-55.79,-46.00,-57.79,-60.42,-55.97,-58.51,-56.86,-49.08,-58.56,2026-07-26 07:43:04+00:00
2026-07-26T07:44:03+00:00,-50.95,-57.25,-59.88,-57.75,-64.89,-46.73,-47.81,-50.72,-57.10,-46.01,-57.37,-60.12,-55.79,-58.27,-57.41,-48.92,-58.53,2026-07-26 07:44:03+00:00
2026-07-26T07:45:03+00:00,-52.34,-59.43,-60.61,-58.27,-65.34,-46.58,-47.18,-50.96,-57.26,-46.26,-57.96,-60.44,-56.06,-58.79,-57.34,-48.72,-58.89,2026-07-26 07:45:03+00:00
2026-07-26T07:46:04+00:00,-52.48,-58.90,-60.32,-57.79,-65.83,-46.70,-47.63,-50.84,-57.02,-46.15,-57.30,-59.88,-56.05,-57.77,-57.41,-48.46,-56.05,2026-07-26 07:46:04+00:00
2026-07-26T07:47:04+00:00,-52.73,-58.21,-60.33,-57.73,-64.96,-46.61,-47.52,-50.83,-56.85,-46.33,-57.37,-60.03,-55.50,-57.86,-57.16,-48.27,-55.45,2026-07-26 07:47:04+00:00
2026-07-26T07:48:03+00:00,-52.39,-59.07,-60.57,-58.05,-64.99,-46.83,-47.19,-50.82,-57.44,-46.19,-57.57,-60.41,-55.92,-57.81,-57.15,-47.88,-58.60,2026-07-26 07:48:03+00:00
2026-07-26T07:49:03+00:00,-51.29,-58.60,-59.86,-58.08,-65.30,-46.60,-47.05,-51.01,-57.22,-46.26,-56.98,-59.41,-55.84,-57.69,-57.26,-47.99,-58.35,2026-07-26 07:49:03+00:00
2026-07-26T07:50:04+00:00,-51.49,-56.63,-58.97,-57.14,-65.18,-46.90,-47.68,-50.77,-57.73,-46.18,-55.69,-58.94,-55.47,-56.54,-56.49,-47.86,-57.47,2026-07-26 07:50:04+00:00
2026-07-26T07:51:04+00:00,-51.37,-59.49,-59.84,-57.98,-65.36,-46.77,-48.30,-50.95,-58.25,-46.26,-56.90,-59.68,-55.94,-57.27,-57.31,-48.28,-58.01,2026-07-26 07:51:04+00:00
2026-07-26T07:52:03+00:00,-53.45,-58.43,-60.02,-57.41,-65.65,-50.85,-47.37,-50.83,-58.54,-46.52,-55.94,-59.55,-55.63,-57.06,-56.93,-48.44,-56.92,2026-07-26 07:52:03+00:00
2026-07-26T07:53:03+00:00,-52.17,-58.42,-59.65,-57.52,-64.31,-51.03,-47.52,-50.82,-58.48,-46.17,-56.00,-60.00,-55.81,-57.54,-56.93,-48.15,-57.39,2026-07-26 07:53:03+00:00
2026-07-26T07:54:04+00:00,-52.61,-58.24,-59.93,-57.60,-65.71,-50.73,-47.32,-50.83,-58.29,-46.31,-55.22,-59.35,-55.27,-56.66,-56.62,-48.43,-57.88,2026-07-26 07:54:04+00:00
2026-07-26T07:55:04+00:00,-53.40,-58.79,-60.06,-57.81,-64.81,-50.83,-47.07,-50.97,-53.09,-46.31,-55.15,-59.89,-55.74,-57.01,-57.45,-48.04,-58.32,2026-07-26 07:55:04+00:00
2026-07-26T07:56:03+00:00,-52.91,-57.69,-60.03,-58.25,-65.83,-50.73,-47.13,-50.92,-52.89,-46.25,-55.00,-60.22,-55.72,-57.14,-57.08,-47.91,-56.59,2026-07-26 07:56:03+00:00
2026-07-26T07:57:03+00:00,-52.89,-57.82,-60.84,-58.09,-65.24,-50.83,-47.17,-51.00,-53.38,-46.15,-55.15,-60.50,-55.95,-57.22,-57.11,-48.33,-57.02,2026-07-26 07:57:03+00:00
2026-07-26T07:58:04+00:00,-53.22,-59.09,-60.62,-58.04,-65.91,-50.76,-47.52,-50.91,-53.24,-46.11,-55.55,-60.09,-55.68,-57.11,-56.87,-48.16,-57.07,2026-07-26 07:58:04+00:00
2026-07-26T07:59:04+00:00,-53.37,-58.89,-60.56,-58.05,-65.72,-50.91,-47.22,-51.18,-53.65,-46.18,-55.39,-60.06,-55.94,-57.03,-57.89,-48.10,-57.58,2026-07-26 07:59:04+00:00
2026-07-26T08:00:03+00:00,-53.53,-60.02,-61.48,-57.75,-64.93,-50.78,-47.10,-51.21,-53.22,-46.31,-55.14,-60.83,-55.90,-57.63,-57.49,-48.49,-58.47,2026-07-26 08:00:03+00:00
2026-07-26T08:01:03+00:00,-53.62,-58.58,-61.23,-57.82,-64.91,-50.71,-47.56,-51.09,-53.23,-46.40,-55.15,-60.66,-55.53,-57.51,-57.84,-48.59,-55.51,2026-07-26 08:01:03+00:00
2026-07-26T08:02:03+00:00,-53.57,-59.89,-61.50,-58.25,-65.22,-50.84,-47.22,-51.15,-53.27,-46.47,-55.56,-61.04,-55.95,-58.08,-57.56,-48.14,-58.93,2026-07-26 08:02:03+00:00
2026-07-26T08:03:03+00:00,-52.99,-59.54,-61.40,-58.50,-66.06,-50.71,-48.04,-51.17,-53.25,-46.42,-55.38,-61.53,-55.99,-58.56,-57.33,-48.25,-58.97,2026-07-26 08:03:03+00:00
2026-07-26T08:04:04+00:00,-53.55,-59.31,-61.28,-58.27,-66.07,-51.08,-47.31,-51.19,-53.33,-46.53,-56.84,-60.87,-55.98,-58.70,-57.15,-48.40,-58.61,2026-07-26 08:04:04+00:00
2026-07-26T08:05:03+00:00,-53.52,-60.14,-62.77,-58.81,-65.53,-51.16,-47.64,-51.35,-53.63,-46.60,-57.09,-62.15,-56.56,-60.14,-57.63,-48.95,-58.76,2026-07-26 08:05:03+00:00
2026-07-26T08:06:03+00:00,-53.44,-59.27,-61.20,-58.44,-65.34,-51.02,-47.93,-51.24,-53.37,-46.48,-55.15,-61.12,-56.01,-59.60,-57.49,-49.05,-57.78,2026-07-26 08:06:03+00:00
2026-07-26T08:07:04+00:00,-53.22,-58.98,-60.81,-57.68,-64.87,-50.78,-47.70,-51.22,-51.71,-46.47,-56.53,-60.61,-55.76,-58.43,-56.80,-48.89,-56.09,2026-07-26 08:07:04+00:00
2026-07-26T08:08:04+00:00,-52.33,-58.31,-60.21,-58.26,-65.05,-50.84,-47.03,-51.14,-49.41,-46.27,-56.32,-60.15,-55.60,-59.42,-57.25,-48.81,-56.28,2026-07-26 08:08:04+00:00
2026-07-26T08:09:03+00:00,-53.31,-59.25,-61.08,-58.37,-64.95,-50.83,-47.86,-51.23,-49.58,-46.24,-55.82,-60.96,-56.13,-59.58,-56.83,-49.02,-56.60,2026-07-26 08:09:03+00:00
2026-07-26T08:10:35+00:00,-53.32,-59.40,-61.69,-58.82,-66.33,-50.93,-47.38,-51.31,-51.05,-46.38,-56.44,-61.73,-56.01,-60.60,-57.44,-49.99,-59.30,2026-07-26 08:10:35+00:00
2026-07-26T08:11:03+00:00,-52.34,-58.98,-60.49,-58.12,-65.18,-50.65,-47.61,-51.04,-50.75,-46.26,-55.93,-60.50,-55.76,-58.75,-57.29,-49.60,-57.14,2026-07-26 08:11:03+00:00
2026-07-26T08:12:03+00:00,-53.03,-58.76,-61.02,-58.78,-66.11,-50.88,-47.36,-51.17,-50.84,-46.21,-54.64,-61.09,-55.99,-59.95,-56.98,-49.99,-57.52,2026-07-26 08:12:03+00:00
2026-07-26T08:13:04+00:00,-52.65,-57.89,-59.35,-57.81,-65.43,-50.53,-47.55,-50.98,-50.88,-46.23,-55.42,-59.28,-55.38,-57.97,-56.66,-50.51,-57.25,2026-07-26 08:13:04+00:00
2026-07-26T08:14:04+00:00,-50.06,-58.80,-60.52,-58.40,-64.26,-50.77,-47.07,-51.12,-50.49,-46.56,-55.82,-60.39,-55.82,-58.89,-56.48,-51.07,-57.14,2026-07-26 08:14:04+00:00
2026-07-26T08:15:04+00:00,-50.08,-58.78,-60.32,-58.29,-66.06,-48.07,-47.45,-51.17,-50.61,-46.31,-56.36,-60.21,-55.72,-59.45,-56.93,-51.43,-57.60,2026-07-26 08:15:04+00:00
2026-07-26T08:16:03+00:00,-50.16,-57.82,-61.60,-58.75,-65.51,-49.64,-47.31,-51.26,-50.73,-46.39,-56.16,-61.49,-55.69,-60.05,-57.01,-51.35,-58.56,2026-07-26 08:16:03+00:00
2026-07-26T08:17:03+00:00,-49.97,-58.38,-61.44,-58.39,-65.89,-49.34,-47.35,-51.32,-50.69,-46.46,-56.27,-61.45,-56.00,-59.91,-57.00,-52.03,-57.26,2026-07-26 08:17:03+00:00
2026-07-26T08:18:04+00:00,-49.77,-57.68,-59.65,-58.00,-65.11,-49.72,-47.47,-51.11,-50.58,-46.37,-55.65,-59.46,-55.53,-58.94,-56.45,-51.53,-56.43,2026-07-26 08:18:04+00:00
2026-07-26T08:19:04+00:00,-50.30,-58.24,-62.06,-58.71,-66.59,-49.59,-47.04,-51.44,-50.69,-46.32,-56.21,-61.78,-56.19,-60.35,-57.28,-51.59,-58.61,2026-07-26 08:19:04+00:00
2026-07-26T08:20:03+00:00,-50.45,-57.96,-60.55,-58.46,-65.68,-49.73,-47.38,-51.20,-50.32,-46.26,-56.48,-60.72,-56.03,-58.87,-57.03,-51.29,-57.66,2026-07-26 08:20:03+00:00
2026-07-26T08:21:03+00:00,-50.31,-58.21,-61.52,-58.55,-65.53,-49.73,-47.68,-51.30,-50.32,-46.49,-56.55,-61.34,-56.16,-59.66,-56.74,-51.52,-58.83,2026-07-26 08:21:03+00:00
2026-07-26T08:22:04+00:00,-50.36,-58.63,-61.80,-58.83,-65.70,-49.65,-47.41,-51.36,-51.57,-46.36,-57.05,-61.85,-55.67,-59.62,-57.36,-51.10,-59.50,2026-07-26 08:22:04+00:00
2026-07-26T08:23:04+00:00,-49.85,-58.51,-61.75,-58.99,-65.02,-49.81,-47.14,-51.45,-55.88,-46.53,-56.66,-61.96,-56.14,-59.68,-57.24,-50.84,-58.46,2026-07-26 08:23:04+00:00
2026-07-26T08:24:03+00:00,-49.83,-58.56,-62.01,-58.92,-64.99,-49.50,-47.20,-51.41,-55.95,-46.39,-56.23,-60.95,-56.24,-59.06,-56.95,-50.41,-58.11,2026-07-26 08:24:03+00:00
2026-07-26T08:25:04+00:00,-49.68,-58.29,-60.79,-57.94,-65.95,-49.56,-46.76,-51.40,-55.88,-46.50,-56.29,-60.49,-56.06,-58.62,-56.59,-49.63,-57.74,2026-07-26 08:25:04+00:00
2026-07-26T08:26:04+00:00,-49.65,-59.11,-61.63,-58.64,-66.35,-49.53,-47.34,-50.88,-56.45,-46.47,-56.49,-61.47,-56.10,-59.12,-57.35,-49.15,-59.13,2026-07-26 08:26:04+00:00
2026-07-26T08:27:03+00:00,-49.02,-58.45,-61.20,-58.32,-64.88,-49.52,-47.50,-50.77,-56.10,-46.51,-56.23,-60.81,-55.63,-58.83,-57.13,-48.90,-56.07,2026-07-26 08:27:03+00:00
2026-07-26T08:28:03+00:00,-49.93,-58.73,-62.26,-59.02,-65.31,-49.41,-47.83,-50.93,-56.33,-46.56,-56.59,-62.04,-56.23,-59.36,-57.18,-48.63,-59.19,2026-07-26 08:28:03+00:00
2026-07-26T08:29:04+00:00,-52.78,-57.18,-61.17,-58.32,-65.66,-49.20,-47.31,-50.76,-57.33,-46.35,-56.24,-60.95,-55.75,-58.17,-56.86,-48.41,-56.55,2026-07-26 08:29:04+00:00
2026-07-26T08:30:04+00:00,-51.78,-59.56,-61.82,-58.52,-65.20,-49.43,-47.38,-50.84,-57.17,-46.36,-56.53,-61.10,-56.02,-58.64,-57.13,-48.55,-58.16,2026-07-26 08:30:04+00:00
2026-07-26T08:31:04+00:00,-52.61,-58.59,-61.55,-58.66,-65.17,-49.25,-47.10,-50.87,-57.33,-46.32,-56.41,-61.46,-56.18,-58.53,-57.02,-48.60,-58.20,2026-07-26 08:31:04+00:00
2026-07-26T08:32:04+00:00,-52.60,-58.38,-61.34,-58.90,-65.04,-49.33,-47.11,-50.85,-57.32,-46.33,-56.05,-61.25,-56.20,-58.07,-56.41,-48.66,-58.61,2026-07-26 08:32:04+00:00
2026-07-26T08:33:04+00:00,-52.54,-58.13,-61.97,-58.93,-65.96,-49.28,-47.28,-50.96,-57.38,-46.44,-55.22,-61.96,-56.23,-58.42,-57.24,-48.76,-57.15,2026-07-26 08:33:04+00:00
2026-07-26T08:34:03+00:00,-50.75,-57.76,-61.61,-58.31,-66.06,-49.10,-47.21,-50.90,-56.99,-46.51,-56.49,-60.96,-55.83,-57.87,-56.81,-48.50,-57.64,2026-07-26 08:34:03+00:00
2026-07-26T08:35:03+00:00,-48.10,-57.40,-61.82,-58.24,-65.25,-49.28,-47.26,-50.92,-58.85,-46.62,-56.27,-61.39,-56.06,-57.82,-56.76,-48.56,-57.49,2026-07-26 08:35:03+00:00
2026-07-26T08:36:04+00:00,-50.55,-57.89,-61.09,-58.64,-65.77,-49.21,-47.10,-50.95,-59.77,-46.86,-56.42,-60.79,-56.07,-57.83,-57.05,-48.43,-57.72,2026-07-26 08:36:04+00:00
2026-07-26T08:37:03+00:00,-52.15,-57.63,-61.15,-58.18,-65.81,-49.17,-47.13,-50.94,-59.34,-46.67,-56.46,-60.70,-55.84,-57.39,-57.08,-47.98,-56.91,2026-07-26 08:37:03+00:00
2026-07-26T08:38:03+00:00,-52.33,-57.83,-61.11,-58.46,-65.66,-49.18,-47.49,-50.76,-59.10,-46.71,-56.36,-61.26,-55.97,-56.93,-57.01,-48.01,-58.25,2026-07-26 08:38:03+00:00
2026-07-26T08:39:04+00:00,-52.72,-57.61,-60.58,-58.18,-65.16,-49.10,-47.87,-50.89,-59.23,-46.50,-56.13,-60.08,-55.71,-56.52,-56.83,-47.86,-58.00,2026-07-26 08:39:04+00:00
2026-07-26T08:40:04+00:00,-52.67,-57.67,-61.15,-58.32,-66.17,-49.09,-47.32,-50.92,-54.40,-46.43,-56.26,-61.01,-55.97,-57.00,-56.95,-47.79,-58.34,2026-07-26 08:40:04+00:00
2026-07-26T08:41:03+00:00,-53.07,-57.74,-60.08,-58.20,-65.99,-49.38,-47.38,-50.77,-54.11,-46.34,-56.18,-59.98,-55.80,-56.37,-57.03,-47.52,-57.43,2026-07-26 08:41:03+00:00
2026-07-26T08:42:03+00:00,-52.63,-57.99,-61.58,-58.58,-65.57,-49.33,-47.42,-50.93,-54.60,-46.24,-56.27,-61.01,-55.92,-57.02,-57.11,-47.76,-58.48,2026-07-26 08:42:03+00:00
2026-07-26T08:43:04+00:00,-52.96,-57.02,-59.76,-58.24,-65.83,-49.05,-47.69,-50.80,-54.47,-46.32,-56.20,-59.77,-55.43,-56.35,-56.71,-48.09,-58.69,2026-07-26 08:43:04+00:00
2026-07-26T08:44:04+00:00,-52.23,-57.93,-60.69,-58.20,-66.18,-49.54,-47.12,-50.98,-54.44,-46.28,-56.18,-60.08,-55.66,-56.62,-56.79,-48.51,-58.87,2026-07-26 08:44:04+00:00
2026-07-26T08:45:03+00:00,-52.67,-59.32,-61.18,-58.45,-65.99,-49.42,-47.46,-51.03,-54.78,-46.35,-56.28,-61.30,-55.80,-56.65,-57.30,-48.79,-58.74,2026-07-26 08:45:03+00:00
2026-07-26T08:46:04+00:00,-52.21,-57.75,-61.28,-58.41,-65.13,-49.21,-47.30,-50.95,-54.66,-46.35,-56.10,-61.01,-55.58,-56.21,-56.71,-49.49,-56.59,2026-07-26 08:46:04+00:00
2026-07-26T08:47:04+00:00,-53.77,-58.95,-61.78,-58.57,-65.51,-49.33,-47.36,-51.01,-54.88,-46.50,-56.77,-61.60,-55.61,-56.20,-57.30,-49.60,-59.33,2026-07-26 08:47:04+00:00
2026-07-26T08:48:04+00:00,-53.54,-58.64,-61.81,-58.24,-65.83,-50.20,-47.50,-51.10,-54.94,-46.63,-56.66,-61.57,-55.61,-55.84,-57.13,-49.48,-58.53,2026-07-26 08:48:04+00:00
2026-07-26T08:49:03+00:00,-52.79,-59.59,-62.49,-58.35,-64.95,-50.99,-47.41,-51.06,-55.06,-46.65,-56.94,-62.20,-56.23,-55.92,-56.72,-49.43,-58.63,2026-07-26 08:49:03+00:00
2026-07-26T08:50:04+00:00,-53.30,-58.57,-61.17,-57.71,-65.37,-50.69,-47.34,-50.99,-54.87,-46.57,-56.17,-61.19,-56.04,-55.55,-56.17,-49.12,-58.66,2026-07-26 08:50:04+00:00
2026-07-26T08:51:04+00:00,-54.03,-58.88,-61.05,-58.23,-65.88,-50.79,-47.49,-51.18,-55.22,-46.61,-56.71,-61.31,-56.33,-55.27,-56.51,-49.08,-54.21,2026-07-26 08:51:04+00:00
2026-07-26T08:52:03+00:00,-53.78,-58.31,-62.03,-58.15,-66.59,-50.41,-47.27,-51.10,-53.25,-46.40,-56.78,-61.63,-56.25,-54.88,-56.76,-48.98,-59.23,2026-07-26 08:52:03+00:00
2026-07-26T08:53:03+00:00,-53.21,-58.02,-60.49,-57.54,-65.86,-50.61,-47.66,-50.94,-50.46,-46.42,-56.15,-60.61,-55.79,-54.55,-56.27,-48.89,-56.09,2026-07-26 08:53:03+00:00
2026-07-26T08:54:04+00:00,-53.75,-57.90,-60.98,-57.94,-65.73,-50.49,-47.35,-50.83,-50.38,-46.38,-55.66,-60.82,-56.05,-54.72,-55.89,-49.11,-58.12,2026-07-26 08:54:04+00:00
2026-07-26T08:55:04+00:00,-53.03,-59.00,-62.86,-58.47,-65.34,-50.80,-47.30,-51.19,-52.22,-46.50,-56.81,-62.35,-56.51,-54.95,-56.46,-49.18,-57.74,2026-07-26 08:55:04+00:00
2026-07-26T08:56:03+00:00,-49.96,-57.52,-61.35,-58.26,-64.64,-50.84,-47.16,-51.04,-51.81,-46.21,-56.57,-61.43,-56.52,-54.51,-56.29,-49.71,-57.88,2026-07-26 08:56:03+00:00
2026-07-26T08:57:03+00:00,-49.53,-58.22,-61.22,-58.29,-66.26,-50.66,-47.50,-50.99,-51.71,-46.20,-56.25,-60.68,-56.23,-54.39,-56.25,-49.74,-56.87,2026-07-26 08:57:03+00:00
2026-07-26T08:58:06+00:00,-47.48,-58.78,-62.78,-58.80,-65.57,-50.85,-47.03,-51.18,-51.72,-46.15,-56.75,-62.78,-56.66,-54.97,-56.59,-49.61,-59.10,2026-07-26 08:58:06+00:00
2026-07-26T08:59:05+00:00,-47.33,-58.61,-62.58,-58.73,-65.42,-50.63,-46.97,-51.13,-51.72,-46.03,-56.59,-62.01,-56.44,-54.76,-56.46,-50.09,-58.22,2026-07-26 08:59:05+00:00
2026-07-26T09:00:04+00:00,-47.60,-59.32,-62.87,-58.59,-65.17,-50.69,-47.06,-51.06,-51.68,-46.06,-56.80,-62.27,-56.30,-54.67,-56.41,-49.90,-57.18,2026-07-26 09:00:04+00:00
2026-07-26T09:01:04+00:00,-47.13,-57.77,-61.97,-58.15,-65.85,-50.83,-47.28,-51.11,-51.54,-46.11,-56.50,-62.12,-56.47,-54.44,-56.45,-50.33,-57.82,2026-07-26 09:01:04+00:00
2026-07-26T09:02:04+00:00,-47.62,-58.26,-62.07,-58.58,-65.70,-50.57,-47.34,-51.15,-51.19,-46.15,-56.50,-62.73,-56.42,-54.47,-56.75,-50.17,-58.03,2026-07-26 09:02:04+00:00
2026-07-26T09:03:03+00:00,-47.64,-58.52,-62.63,-58.45,-66.07,-50.66,-47.32,-51.05,-51.37,-46.15,-56.11,-62.77,-56.50,-54.52,-56.31,-50.12,-56.24,2026-07-26 09:03:03+00:00
2026-07-26T09:04:03+00:00,-48.27,-58.84,-63.44,-58.73,-65.65,-50.79,-47.71,-51.00,-51.09,-46.13,-56.33,-63.29,-56.66,-54.46,-56.88,-50.12,-59.32,2026-07-26 09:04:03+00:00
2026-07-26T09:05:03+00:00,-48.35,-58.48,-62.75,-58.61,-65.56,-50.51,-47.01,-51.39,-51.03,-45.76,-52.56,-62.94,-56.61,-54.48,-56.87,-50.10,-57.69,2026-07-26 09:05:03+00:00
2026-07-26T09:06:04+00:00,-49.32,-58.78,-63.70,-58.84,-66.16,-50.47,-47.44,-51.59,-51.30,-45.84,-51.55,-63.23,-56.48,-54.67,-56.92,-49.99,-59.04,2026-07-26 09:06:04+00:00
2026-07-26T09:07:04+00:00,-49.76,-58.19,-63.35,-58.54,-66.65,-50.63,-47.54,-51.46,-53.11,-45.60,-51.41,-62.67,-56.23,-54.42,-56.69,-49.92,-59.45,2026-07-26 09:07:04+00:00
2026-07-26T09:08:04+00:00,-49.33,-56.88,-62.86,-58.23,-66.14,-50.41,-47.58,-51.76,-57.04,-45.71,-51.58,-62.31,-55.90,-54.14,-56.84,-49.53,-58.44,2026-07-26 09:08:04+00:00
2026-07-26T09:09:03+00:00,-49.95,-57.08,-63.23,-58.38,-66.29,-50.21,-47.52,-51.73,-57.20,-45.75,-51.79,-62.24,-56.19,-54.17,-56.89,-49.98,-58.63,2026-07-26 09:09:03+00:00
2026-07-26T09:10:03+00:00,-49.82,-57.39,-62.10,-58.15,-65.66,-50.43,-47.24,-51.73,-57.11,-45.39,-51.05,-62.04,-55.76,-53.86,-56.51,-50.05,-57.85,2026-07-26 09:10:03+00:00
2026-07-26T09:11:04+00:00,-49.65,-57.02,-63.93,-58.20,-65.09,-49.51,-47.77,-51.65,-57.41,-45.50,-50.62,-63.29,-56.13,-54.03,-56.62,-49.78,-58.46,2026-07-26 09:11:04+00:00
2026-07-26T09:12:04+00:00,-49.20,-58.35,-62.68,-58.10,-66.56,-49.22,-47.16,-51.68,-56.65,-45.68,-50.81,-62.49,-56.38,-53.87,-56.25,-49.73,-56.85,2026-07-26 09:12:04+00:00
2026-07-26T09:13:04+00:00,-51.80,-58.15,-62.07,-58.13,-65.85,-49.45,-47.47,-51.51,-57.45,-45.31,-50.40,-62.16,-56.10,-53.76,-56.61,-49.44,-57.70,2026-07-26 09:13:04+00:00
2026-07-26T09:14:04+00:00,-51.28,-57.53,-61.90,-57.86,-65.48,-49.36,-47.38,-51.36,-57.47,-45.40,-50.73,-61.46,-55.73,-53.57,-56.41,-49.68,-56.83,2026-07-26 09:14:04+00:00
2026-07-26T09:15:04+00:00,-52.38,-58.28,-62.60,-58.03,-64.95,-49.45,-47.27,-50.22,-56.95,-45.46,-50.66,-62.22,-56.12,-53.66,-56.79,-49.25,-57.49,2026-07-26 09:15:04+00:00
2026-07-26T09:16:03+00:00,-51.86,-58.96,-62.76,-58.03,-65.52,-49.51,-47.92,-51.58,-58.35,-45.01,-50.45,-62.51,-56.20,-53.75,-56.74,-49.31,-54.91,2026-07-26 09:16:03+00:00
2026-07-26T09:17:04+00:00,-52.02,-58.33,-63.41,-57.74,-66.32,-49.53,-47.31,-51.43,-58.26,-45.02,-50.62,-63.28,-56.18,-53.44,-57.25,-49.55,-57.80,2026-07-26 09:17:04+00:00
2026-07-26T09:18:04+00:00,-52.50,-57.90,-62.96,-57.86,-65.77,-48.85,-47.49,-51.43,-58.43,-45.01,-51.05,-62.53,-55.98,-53.06,-56.67,-49.55,-57.11,2026-07-26 09:18:04+00:00
2026-07-26T09:19:04+00:00,-51.56,-58.74,-64.47,-58.32,-65.27,-49.31,-47.54,-51.76,-59.94,-45.27,-52.37,-63.96,-56.31,-53.37,-56.61,-49.50,-58.90,2026-07-26 09:19:04+00:00
2026-07-26T09:20:03+00:00,-52.26,-58.55,-63.16,-57.84,-66.33,-49.51,-47.61,-51.65,-59.86,-44.99,-51.42,-63.03,-56.09,-53.05,-56.68,-49.84,-58.53,2026-07-26 09:20:03+00:00
2026-07-26T09:21:03+00:00,-52.15,-58.54,-63.30,-57.92,-65.79,-49.37,-47.54,-51.65,-60.00,-44.69,-51.13,-63.04,-56.40,-53.06,-56.65,-49.86,-59.63,2026-07-26 09:21:03+00:00
2026-07-26T09:22:04+00:00,-51.95,-59.56,-62.81,-58.04,-65.66,-49.29,-47.62,-51.63,-59.91,-44.69,-51.06,-62.67,-56.43,-52.65,-57.07,-50.09,-55.12,2026-07-26 09:22:04+00:00
2026-07-26T09:23:04+00:00,-51.92,-58.96,-63.42,-57.94,-65.95,-49.09,-47.72,-51.63,-59.63,-44.68,-51.19,-62.75,-56.39,-52.67,-56.63,-49.83,-57.89,2026-07-26 09:23:04+00:00
2026-07-26T09:24:03+00:00,-51.39,-58.35,-62.67,-57.69,-64.59,-49.16,-47.79,-51.50,-59.26,-44.74,-51.11,-62.26,-60.56,-52.45,-56.57,-49.48,-58.19,2026-07-26 09:24:03+00:00
2026-07-26T09:25:03+00:00,-51.56,-59.10,-63.58,-57.81,-65.82,-49.50,-47.54,-51.49,-54.34,-44.71,-51.04,-63.49,-57.68,-52.30,-57.08,-49.71,-59.32,2026-07-26 09:25:03+00:00
2026-07-26T09:26:04+00:00,-49.72,-58.67,-62.16,-57.75,-64.91,-49.20,-47.73,-51.38,-54.12,-44.73,-51.08,-61.96,-56.13,-51.95,-56.49,-49.21,-58.48,2026-07-26 09:26:04+00:00
2026-07-26T09:27:04+00:00,-52.31,-59.80,-62.94,-57.72,-66.31,-49.18,-47.63,-51.39,-54.34,-44.93,-50.91,-62.97,-56.23,-51.94,-56.39,-49.59,-57.48,2026-07-26 09:27:04+00:00
2026-07-26T09:28:03+00:00,-52.01,-58.64,-62.24,-58.00,-65.88,-49.06,-47.52,-51.27,-54.05,-44.83,-50.96,-61.85,-55.93,-51.81,-56.57,-49.50,-55.92,2026-07-26 09:28:03+00:00
2026-07-26T09:29:03+00:00,-51.66,-59.23,-62.63,-57.65,-65.61,-49.26,-47.65,-51.50,-54.12,-44.46,-50.83,-62.56,-56.45,-52.20,-56.55,-49.69,-58.46,2026-07-26 09:29:03+00:00
2026-07-26T09:30:04+00:00,-49.11,-58.79,-61.51,-57.59,-65.19,-49.30,-47.46,-51.32,-53.77,-44.49,-50.69,-61.63,-56.02,-51.87,-56.55,-49.83,-57.27,2026-07-26 09:30:04+00:00
2026-07-26T09:31:04+00:00,-50.20,-58.41,-61.43,-57.11,-65.10,-49.31,-47.85,-51.28,-54.02,-44.63,-50.74,-61.26,-55.66,-52.00,-56.20,-49.98,-57.51,2026-07-26 09:31:04+00:00
2026-07-26T09:32:04+00:00,-51.73,-58.85,-61.66,-57.56,-66.17,-49.17,-47.73,-51.33,-53.83,-44.71,-50.91,-62.10,-55.89,-51.90,-56.41,-50.19,-57.98,2026-07-26 09:32:04+00:00
2026-07-26T09:33:04+00:00,-51.76,-59.06,-62.67,-57.31,-65.36,-49.13,-47.60,-51.28,-54.07,-44.66,-50.54,-62.53,-56.22,-51.92,-56.15,-50.46,-58.16,2026-07-26 09:33:04+00:00
2026-07-26T09:34:03+00:00,-51.65,-58.45,-61.19,-56.99,-66.31,-49.09,-47.70,-51.17,-53.71,-45.02,-50.88,-61.44,-55.74,-51.68,-56.17,-50.47,-57.13,2026-07-26 09:34:03+00:00
2026-07-26T09:35:03+00:00,-52.10,-58.57,-61.75,-57.25,-65.33,-48.95,-47.71,-51.36,-54.05,-45.10,-51.53,-61.25,-55.99,-51.64,-56.14,-50.73,-57.96,2026-07-26 09:35:03+00:00
2026-07-26T09:36:04+00:00,-52.54,-58.62,-61.87,-57.19,-65.70,-49.03,-47.63,-51.38,-53.86,-45.05,-51.19,-61.87,-56.01,-51.75,-56.01,-50.73,-58.73,2026-07-26 09:36:04+00:00
2026-07-26T09:37:04+00:00,-52.14,-58.52,-62.70,-57.13,-66.08,-49.13,-47.67,-51.37,-50.03,-44.78,-50.65,-62.00,-56.24,-51.69,-56.40,-50.91,-56.37,2026-07-26 09:37:04+00:00
2026-07-26T09:38:03+00:00,-52.31,-58.32,-61.18,-56.79,-65.64,-48.87,-47.96,-51.26,-49.98,-44.75,-50.63,-61.31,-55.92,-51.68,-56.11,-51.04,-57.72,2026-07-26 09:38:03+00:00
2026-07-26T09:39:04+00:00,-52.47,-58.28,-61.60,-56.61,-65.85,-48.89,-47.85,-51.21,-50.05,-44.49,-50.03,-61.88,-55.73,-51.55,-56.14,-51.77,-57.98,2026-07-26 09:39:04+00:00
2026-07-26T09:40:04+00:00,-49.97,-58.59,-62.17,-56.84,-65.26,-49.16,-47.70,-51.32,-51.55,-44.69,-50.61,-62.50,-56.25,-51.38,-55.83,-51.61,-58.84,2026-07-26 09:40:04+00:00
2026-07-26T09:41:04+00:00,-49.97,-58.89,-62.13,-56.71,-65.49,-49.15,-47.56,-51.37,-51.57,-44.96,-50.84,-61.89,-56.28,-51.45,-55.90,-51.64,-53.91,2026-07-26 09:41:04+00:00
2026-07-26T09:42:03+00:00,-49.76,-58.79,-62.21,-56.75,-66.24,-49.09,-48.00,-51.37,-51.57,-45.01,-50.91,-62.21,-56.01,-50.89,-55.99,-51.46,-54.11,2026-07-26 09:42:03+00:00
2026-07-26T09:43:03+00:00,-48.44,-58.37,-62.07,-57.01,-66.13,-49.04,-48.00,-51.35,-51.29,-44.81,-50.85,-62.27,-56.06,-50.81,-56.32,-51.71,-54.21,2026-07-26 09:43:03+00:00
2026-07-26T09:44:04+00:00,-48.14,-58.15,-63.06,-57.18,-64.89,-49.13,-47.77,-51.49,-51.20,-44.86,-50.60,-62.75,-56.25,-50.66,-56.30,-51.12,-54.34,2026-07-26 09:44:04+00:00
2026-07-26T09:45:04+00:00,-47.98,-58.54,-62.38,-57.21,-65.28,-49.64,-47.72,-51.38,-51.22,-44.69,-50.48,-62.22,-56.18,-50.27,-56.37,-50.93,-53.90,2026-07-26 09:45:04+00:00
2026-07-26T09:46:03+00:00,-49.38,-58.31,-63.43,-57.24,-65.37,-50.56,-47.82,-51.43,-51.20,-45.06,-51.15,-62.78,-56.30,-50.46,-56.25,-50.81,-54.07,2026-07-26 09:46:03+00:00
2026-07-26T09:47:03+00:00,-49.61,-58.55,-62.83,-56.88,-65.51,-50.58,-47.59,-51.42,-51.27,-45.05,-51.59,-62.58,-56.06,-50.26,-56.17,-50.81,-53.94,2026-07-26 09:47:03+00:00
2026-07-26T09:48:04+00:00,-49.57,-59.17,-63.85,-57.28,-65.41,-50.85,-47.88,-51.62,-51.47,-44.92,-51.09,-64.03,-56.66,-50.06,-56.78,-50.80,-54.38,2026-07-26 09:48:04+00:00
2026-07-26T09:49:04+00:00,-49.48,-58.56,-61.91,-57.00,-67.09,-50.58,-47.95,-51.40,-51.17,-44.79,-51.40,-62.82,-56.24,-50.19,-55.81,-50.81,-54.18,2026-07-26 09:49:04+00:00
2026-07-26T09:50:04+00:00,-49.90,-59.41,-64.25,-57.23,-65.49,-50.79,-47.69,-51.38,-51.06,-45.25,-52.48,-63.91,-56.39,-50.01,-56.72,-50.59,-54.28,2026-07-26 09:50:04+00:00
2026-07-26T09:51:04+00:00,-50.09,-58.98,-66.82,-56.93,-66.39,-50.51,-47.75,-51.52,-51.27,-45.55,-54.10,-65.58,-57.03,-49.92,-56.54,-50.78,-56.57,2026-07-26 09:51:04+00:00
2026-07-26T09:52:04+00:00,-49.91,-59.29,-64.88,-57.18,-66.23,-50.40,-47.89,-51.58,-58.40,-45.61,-54.80,-64.29,-56.61,-50.00,-56.79,-50.65,-54.23,2026-07-26 09:52:04+00:00
2026-07-26T09:53:03+00:00,-49.96,-59.21,-65.63,-57.08,-66.10,-50.79,-47.98,-51.63,-58.38,-45.67,-54.95,-65.28,-56.47,-49.63,-56.67,-50.50,-54.60,2026-07-26 09:53:03+00:00
2026-07-26T09:54:03+00:00,-50.11,-58.13,-62.76,-56.57,-65.93,-50.74,-47.83,-51.49,-57.93,-45.42,-53.75,-62.76,-54.81,-49.46,-56.40,-50.77,-54.17,2026-07-26 09:54:03+00:00
2026-07-26T09:55:03+00:00,-50.03,-59.59,-64.95,-56.87,-65.65,-50.80,-47.90,-51.71,-58.23,-45.45,-53.24,-64.23,-55.42,-49.65,-56.41,-50.97,-54.20,2026-07-26 09:55:03+00:00
2026-07-26T09:56:03+00:00,-49.97,-58.64,-65.53,-56.59,-65.69,-50.65,-48.09,-51.68,-59.14,-45.45,-52.68,-65.16,-55.60,-49.67,-55.91,-51.13,-58.66,2026-07-26 09:56:03+00:00
2026-07-26T09:57:04+00:00,-49.78,-60.44,-63.75,-56.41,-65.75,-50.55,-48.15,-51.57,-58.17,-45.46,-52.03,-63.61,-55.50,-49.35,-56.51,-51.11,-56.82,2026-07-26 09:57:04+00:00
2026-07-26T09:58:04+00:00,-52.71,-59.53,-64.97,-56.44,-66.36,-50.66,-47.67,-51.75,-59.85,-45.61,-51.91,-64.59,-55.63,-49.37,-56.92,-51.49,-58.35,2026-07-26 09:58:04+00:00
2026-07-26T09:59:04+00:00,-53.34,-59.05,-65.25,-56.42,-65.93,-50.60,-48.07,-51.60,-59.87,-45.83,-52.64,-64.02,-55.65,-49.14,-56.43,-51.63,-58.01,2026-07-26 09:59:04+00:00
2026-07-26T10:00:04+00:00,-53.05,-59.68,-64.39,-56.31,-66.80,-50.55,-47.66,-51.65,-59.76,-45.80,-52.67,-63.94,-55.95,-49.05,-56.84,-51.49,-56.23,2026-07-26 10:00:04+00:00
2026-07-26T10:01:04+00:00,-53.01,-60.03,-65.15,-56.17,-65.67,-49.22,-47.34,-51.71,-60.24,-45.93,-53.34,-64.63,-56.19,-48.92,-56.63,-51.44,-58.77,2026-07-26 10:01:04+00:00
2026-07-26T10:02:03+00:00,-52.24,-59.47,-64.91,-56.12,-65.90,-49.01,-48.19,-51.62,-59.53,-46.12,-53.46,-64.38,-56.15,-48.88,-56.66,-51.41,-57.65,2026-07-26 10:02:03+00:00
2026-07-26T10:03:03+00:00,-53.20,-59.36,-63.58,-56.35,-65.55,-46.32,-47.68,-51.75,-59.83,-45.87,-53.50,-63.69,-56.07,-48.73,-56.32,-51.11,-58.32,2026-07-26 10:03:03+00:00
2026-07-26T10:04:04+00:00,-53.55,-58.56,-64.39,-56.76,-65.94,-46.28,-47.89,-51.76,-60.10,-47.21,-55.99,-63.24,-55.99,-48.72,-56.61,-51.05,-57.91,2026-07-26 10:04:04+00:00
2026-07-26T10:05:04+00:00,-53.36,-59.13,-64.49,-56.57,-65.86,-46.51,-47.32,-51.77,-61.81,-47.26,-56.52,-64.53,-56.27,-48.68,-56.68,-50.77,-57.90,2026-07-26 10:05:04+00:00
2026-07-26T10:06:04+00:00,-53.23,-58.36,-65.33,-56.54,-65.30,-46.34,-47.90,-51.74,-61.50,-47.16,-55.84,-64.50,-56.31,-48.68,-56.65,-50.67,-56.90,2026-07-26 10:06:04+00:00
2026-07-26T10:07:04+00:00,-52.60,-58.92,-64.09,-56.03,-66.15,-46.35,-47.76,-51.80,-60.78,-47.30,-55.94,-63.71,-56.28,-48.84,-56.38,-50.47,-56.80,2026-07-26 10:07:04+00:00
2026-07-26T10:08:04+00:00,-52.60,-59.34,-65.81,-56.27,-65.57,-46.19,-47.55,-51.99,-61.56,-47.18,-56.35,-65.54,-56.54,-48.51,-56.95,-50.49,-58.62,2026-07-26 10:08:04+00:00
2026-07-26T10:09:03+00:00,-52.52,-59.41,-64.00,-56.32,-65.88,-46.26,-47.57,-51.89,-61.39,-47.27,-55.92,-63.42,-56.18,-48.59,-55.86,-50.56,-54.76,2026-07-26 10:09:03+00:00
2026-07-26T10:10:03+00:00,-52.80,-58.88,-63.76,-56.29,-65.86,-46.33,-47.55,-51.85,-53.89,-47.22,-55.86,-63.95,-56.32,-48.51,-56.28,-50.52,-57.30,2026-07-26 10:10:03+00:00
2026-07-26T10:11:03+00:00,-52.79,-59.23,-65.29,-56.06,-66.45,-46.42,-48.15,-51.71,-54.11,-47.10,-56.20,-65.01,-56.02,-48.33,-56.39,-50.37,-57.53,2026-07-26 10:11:03+00:00
2026-07-26T10:12:03+00:00,-52.95,-59.63,-66.55,-56.52,-66.37,-46.13,-47.58,-51.92,-54.24,-47.31,-55.94,-66.01,-56.89,-48.19,-56.39,-50.59,-58.17,2026-07-26 10:12:03+00:00
2026-07-26T10:13:03+00:00,-52.87,-58.88,-65.85,-56.25,-65.61,-46.18,-47.92,-51.78,-54.30,-47.18,-56.07,-65.34,-56.49,-48.24,-56.33,-50.59,-58.48,2026-07-26 10:13:03+00:00
2026-07-26T10:14:03+00:00,-51.75,-59.67,-64.55,-56.24,-66.34,-46.21,-47.65,-51.89,-54.06,-47.45,-55.80,-65.30,-56.77,-48.22,-55.92,-50.34,-57.89,2026-07-26 10:14:03+00:00
2026-07-26T10:15:04+00:00,-52.69,-59.58,-64.28,-56.02,-66.01,-46.23,-47.96,-51.88,-54.19,-47.40,-55.98,-64.44,-56.52,-48.01,-56.04,-50.36,-56.90,2026-07-26 10:15:04+00:00
2026-07-26T10:16:04+00:00,-52.23,-59.76,-65.09,-55.76,-66.96,-46.24,-48.00,-51.78,-54.42,-47.46,-56.01,-64.95,-56.77,-47.92,-56.51,-50.70,-58.28,2026-07-26 10:16:04+00:00
2026-07-26T10:17:04+00:00,-53.25,-60.02,-67.68,-56.33,-66.03,-46.53,-47.70,-51.87,-54.32,-47.52,-56.01,-66.63,-56.92,-47.80,-56.25,-50.53,-58.38,2026-07-26 10:17:04+00:00
2026-07-26T10:18:03+00:00,-53.25,-59.25,-65.40,-56.25,-65.96,-46.48,-47.85,-51.73,-54.22,-47.44,-55.15,-66.07,-56.89,-47.94,-56.62,-50.33,-57.89,2026-07-26 10:18:03+00:00
2026-07-26T10:19:03+00:00,-52.61,-59.86,-66.60,-56.28,-66.01,-46.95,-48.01,-51.84,-54.29,-47.47,-55.08,-66.56,-56.66,-48.03,-56.34,-50.19,-59.07,2026-07-26 10:19:03+00:00
2026-07-26T10:20:04+00:00,-53.93,-59.09,-66.42,-56.53,-65.94,-47.29,-47.78,-51.79,-54.22,-47.66,-54.60,-66.34,-56.86,-47.90,-56.65,-50.03,-58.47,2026-07-26 10:20:04+00:00
2026-07-26T10:21:04+00:00,-53.86,-59.04,-66.07,-55.85,-65.79,-46.91,-47.63,-51.77,-53.10,-47.54,-53.99,-65.51,-56.78,-47.77,-56.36,-50.07,-57.47,2026-07-26 10:21:04+00:00
2026-07-26T10:22:03+00:00,-53.66,-58.98,-64.15,-55.80,-66.42,-46.90,-47.92,-51.65,-50.10,-47.40,-53.25,-63.56,-56.52,-47.86,-55.93,-50.29,-57.55,2026-07-26 10:22:03+00:00
2026-07-26T10:23:04+00:00,-52.56,-57.76,-63.22,-56.06,-66.32,-50.56,-47.32,-51.67,-50.31,-47.40,-52.85,-63.28,-56.23,-47.74,-55.76,-50.48,-57.01,2026-07-26 10:23:04+00:00
2026-07-26T10:24:04+00:00,-53.30,-59.42,-68.01,-56.30,-65.88,-50.86,-47.41,-51.88,-50.32,-47.25,-52.95,-67.38,-57.29,-48.00,-56.30,-50.59,-58.10,2026-07-26 10:24:04+00:00
2026-07-26T10:25:03+00:00,-52.62,-59.15,-66.02,-56.09,-66.44,-50.74,-47.65,-51.67,-51.91,-47.52,-52.62,-65.53,-56.84,-47.91,-56.01,-50.74,-58.10,2026-07-26 10:25:03+00:00
2026-07-26T10:26:03+00:00,-54.16,-58.84,-65.39,-55.97,-66.89,-50.90,-47.49,-51.81,-51.85,-47.38,-52.81,-64.77,-56.73,-47.80,-55.91,-50.66,-58.19,2026-07-26 10:26:03+00:00
2026-07-26T10:27:04+00:00,-54.02,-60.59,-66.75,-56.08,-65.61,-50.67,-47.43,-51.80,-51.78,-47.13,-55.13,-66.21,-56.88,-47.85,-56.15,-50.72,-58.54,2026-07-26 10:27:04+00:00
2026-07-26T10:28:05+00:00,-50.56,-59.52,-66.24,-56.55,-66.15,-50.70,-47.66,-51.70,-51.63,-47.26,-55.85,-65.85,-56.91,-47.80,-56.03,-50.65,-57.57,2026-07-26 10:28:05+00:00
2026-07-26T10:29:03+00:00,-50.53,-60.36,-65.23,-56.11,-66.59,-50.63,-47.57,-51.82,-51.63,-47.24,-55.82,-63.77,-56.79,-47.81,-56.29,-50.86,-57.62,2026-07-26 10:29:03+00:00
2026-07-26T10:30:03+00:00,-50.83,-59.75,-66.55,-56.24,-66.30,-50.66,-47.29,-51.80,-51.66,-47.30,-55.89,-66.12,-57.26,-47.92,-56.32,-50.62,-58.25,2026-07-26 10:30:03+00:00
2026-07-26T10:31:03+00:00,-49.91,-60.01,-67.13,-56.16,-65.79,-50.48,-47.38,-51.76,-51.62,-47.26,-55.96,-66.46,-57.16,-47.72,-55.88,-50.61,-58.96,2026-07-26 10:31:03+00:00
2026-07-26T10:32:04+00:00,-50.04,-59.42,-66.87,-56.06,-66.02,-50.85,-47.41,-51.73,-51.59,-47.19,-56.03,-66.34,-56.98,-47.76,-55.99,-50.72,-57.95,2026-07-26 10:32:04+00:00
2026-07-26T10:33:04+00:00,-50.02,-59.10,-65.01,-56.07,-66.01,-50.67,-47.40,-51.65,-51.49,-47.24,-55.67,-64.57,-56.66,-47.71,-56.42,-51.57,-57.70,2026-07-26 10:33:04+00:00
2026-07-26T10:34:04+00:00,-49.91,-59.96,-66.44,-56.39,-66.22,-50.63,-47.56,-51.70,-51.16,-47.22,-55.80,-65.47,-57.10,-47.65,-56.21,-51.07,-57.88,2026-07-26 10:34:04+00:00
2026-07-26T10:35:03+00:00,-49.76,-59.90,-67.12,-56.09,-66.01,-50.89,-47.32,-51.71,-51.20,-47.29,-55.87,-66.44,-57.09,-47.65,-56.58,-51.81,-57.76,2026-07-26 10:35:03+00:00
2026-07-26T10:36:04+00:00,-49.76,-59.83,-66.42,-55.95,-66.17,-50.71,-47.19,-51.74,-52.48,-47.37,-55.73,-65.67,-56.79,-47.76,-56.13,-51.94,-57.76,2026-07-26 10:36:04+00:00
2026-07-26T10:37:04+00:00,-50.02,-59.57,-65.76,-56.15,-65.51,-50.60,-47.57,-51.70,-57.18,-47.22,-55.88,-65.86,-56.93,-47.73,-56.01,-52.91,-58.09,2026-07-26 10:37:04+00:00
2026-07-26T10:38:03+00:00,-50.26,-58.94,-66.04,-56.29,-66.57,-50.78,-47.56,-51.69,-57.58,-47.21,-55.81,-65.42,-56.70,-48.02,-55.95,-52.93,-57.47,2026-07-26 10:38:03+00:00
2026-07-26T10:39:03+00:00,-50.07,-59.27,-65.57,-55.92,-66.27,-50.60,-47.42,-51.63,-57.43,-47.15,-55.88,-64.77,-56.37,-47.96,-56.24,-53.14,-58.43,2026-07-26 10:39:03+00:00
2026-07-26T10:40:04+00:00,-50.37,-58.97,-64.49,-56.22,-65.52,-50.74,-47.49,-51.57,-57.25,-47.17,-55.49,-63.92,-56.67,-47.88,-56.06,-53.99,-57.08,2026-07-26 10:40:04+00:00
2026-07-26T10:41:04+00:00,-50.42,-59.86,-67.01,-56.20,-66.14,-50.69,-47.27,-51.74,-58.29,-47.23,-55.91,-66.23,-57.05,-48.20,-55.66,-54.46,-59.15,2026-07-26 10:41:04+00:00
2026-07-26T10:42:04+00:00,-50.23,-60.14,-65.85,-56.43,-66.13,-50.94,-47.34,-51.70,-57.98,-47.31,-55.96,-65.58,-56.61,-48.06,-55.66,-54.65,-57.33,2026-07-26 10:42:04+00:00
2026-07-26T10:43:03+00:00,-52.29,-59.95,-66.24,-55.97,-66.58,-50.85,-47.61,-51.67,-58.57,-47.24,-55.84,-65.87,-56.85,-48.11,-56.14,-54.87,-58.17,2026-07-26 10:43:03+00:00
2026-07-26T10:44:03+00:00,-52.52,-59.80,-66.88,-56.16,-65.15,-50.85,-47.28,-51.83,-58.64,-47.21,-55.93,-65.84,-56.94,-48.16,-56.16,-55.32,-59.35,2026-07-26 10:44:03+00:00
2026-07-26T10:45:04+00:00,-51.02,-59.49,-64.41,-55.84,-65.90,-50.64,-46.94,-51.74,-58.06,-47.12,-55.92,-64.69,-56.61,-48.13,-55.59,-55.24,-56.25,2026-07-26 10:45:04+00:00
2026-07-26T10:46:03+00:00,-52.75,-60.08,-65.68,-56.24,-66.85,-50.72,-47.51,-51.19,-55.69,-47.15,-56.00,-66.30,-56.95,-48.37,-56.11,-55.29,-59.15,2026-07-26 10:46:03+00:00
2026-07-26T10:47:03+00:00,-51.75,-60.13,-66.66,-55.83,-66.14,-50.68,-47.66,-51.19,-58.51,-47.01,-56.01,-65.81,-56.90,-48.50,-56.04,-56.08,-58.02,2026-07-26 10:47:03+00:00
2026-07-26T10:48:04+00:00,-52.33,-59.68,-67.52,-56.06,-66.76,-50.88,-47.53,-51.22,-58.77,-47.21,-56.05,-67.03,-57.41,-48.47,-56.27,-55.86,-59.69,2026-07-26 10:48:04+00:00
2026-07-26T10:49:04+00:00,-50.12,-59.49,-66.37,-56.02,-66.33,-50.89,-47.40,-51.27,-61.08,-47.10,-55.97,-66.33,-57.00,-48.73,-55.92,-55.80,-58.80,2026-07-26 10:49:04+00:00
2026-07-26T10:50:04+00:00,-48.46,-59.43,-66.77,-55.94,-66.88,-50.81,-48.08,-51.27,-63.05,-47.15,-56.11,-66.36,-57.07,-48.62,-56.13,-56.18,-59.41,2026-07-26 10:50:04+00:00
2026-07-26T10:51:04+00:00,-49.34,-58.28,-63.95,-55.53,-65.91,-50.40,-47.50,-51.10,-54.00,-47.25,-55.81,-62.63,-56.42,-48.53,-55.89,-56.02,-56.93,2026-07-26 10:51:04+00:00
2026-07-26T10:52:03+00:00,-50.10,-59.51,-65.75,-56.17,-65.59,-50.77,-47.07,-51.41,-54.17,-47.21,-55.20,-64.44,-57.02,-48.68,-56.12,-56.19,-58.66,2026-07-26 10:52:03+00:00
2026-07-26T10:53:03+00:00,-49.63,-59.14,-66.35,-56.04,-66.39,-50.99,-47.52,-51.43,-53.93,-47.14,-56.16,-65.05,-57.19,-48.70,-55.98,-56.75,-58.99,2026-07-26 10:53:03+00:00
2026-07-26T10:54:04+00:00,-51.69,-59.85,-65.39,-56.24,-66.55,-50.87,-47.29,-51.37,-55.13,-46.90,-56.05,-65.07,-56.85,-48.96,-55.68,-56.65,-59.06,2026-07-26 10:54:04+00:00
2026-07-26T10:55:04+00:00,-51.54,-60.10,-65.85,-56.01,-66.05,-50.63,-47.04,-51.42,-52.50,-46.97,-56.07,-65.55,-57.06,-49.08,-55.75,-56.75,-58.86,2026-07-26 10:55:04+00:00
2026-07-26T10:56:04+00:00,-51.45,-60.38,-65.44,-56.00,-66.43,-50.78,-47.33,-51.44,-52.51,-47.00,-55.68,-64.56,-57.05,-49.24,-55.95,-57.39,-57.65,2026-07-26 10:56:04+00:00
2026-07-26T10:57:03+00:00,-51.27,-60.34,-66.02,-55.83,-65.72,-50.73,-47.04,-51.45,-52.32,-46.93,-56.00,-65.47,-57.09,-49.20,-55.92,-57.15,-58.17,2026-07-26 10:57:03+00:00
2026-07-26T10:58:03+00:00,-51.82,-59.41,-64.40,-55.83,-65.99,-50.90,-47.37,-51.42,-53.31,-46.91,-56.07,-64.97,-57.13,-49.04,-55.78,-57.47,-57.78,2026-07-26 10:58:03+00:00
2026-07-26T10:59:04+00:00,-52.10,-62.68,-64.53,-55.00,-66.30,-50.52,-47.36,-51.49,-53.45,-47.00,-55.69,-64.58,-57.06,-49.36,-55.77,-57.71,-59.00,2026-07-26 10:59:04+00:00
2026-07-26T11:00:04+00:00,-51.18,-59.79,-64.93,-54.99,-66.21,-50.68,-47.65,-51.62,-53.43,-46.86,-55.19,-65.72,-57.09,-49.18,-56.13,-57.88,-58.97,2026-07-26 11:00:04+00:00
2026-07-26T11:01:04+00:00,-50.42,-60.02,-62.77,-54.58,-66.15,-50.36,-47.49,-51.27,-53.25,-46.70,-55.35,-63.02,-56.50,-48.99,-56.15,-57.50,-57.07,2026-07-26 11:01:04+00:00
2026-07-26T11:02:04+00:00,-50.38,-59.30,-63.23,-55.85,-65.58,-50.85,-47.50,-51.23,-53.86,-47.13,-55.49,-65.45,-56.91,-48.93,-55.88,-57.18,-58.05,2026-07-26 11:02:04+00:00
2026-07-26T11:03:04+00:00,-52.59,-58.30,-63.82,-56.12,-66.04,-49.03,-46.91,-51.30,-53.79,-46.93,-55.48,-66.71,-57.17,-49.09,-56.04,-57.35,-56.19,2026-07-26 11:03:04+00:00
2026-07-26T11:04:03+00:00,-52.12,-62.02,-64.80,-54.85,-67.38,-48.82,-46.86,-51.56,-52.94,-46.90,-55.73,-66.90,-57.08,-48.88,-56.04,-57.33,-54.11,2026-07-26 11:04:03+00:00
2026-07-26T11:05:04+00:00,-52.67,-58.57,-63.44,-55.99,-66.42,-47.78,-47.36,-51.38,-51.73,-46.84,-55.56,-65.78,-56.98,-49.05,-55.79,-56.90,-53.78,2026-07-26 11:05:04+00:00
2026-07-26T11:06:04+00:00,-52.30,-57.83,-63.49,-55.89,-65.71,-47.38,-47.17,-51.27,-50.68,-47.02,-55.77,-66.40,-56.84,-49.08,-55.92,-56.90,-53.91,2026-07-26 11:06:04+00:00
2026-07-26T11:07:03+00:00,-52.59,-59.32,-63.25,-55.60,-65.79,-47.44,-47.49,-51.17,-48.95,-47.03,-55.64,-64.73,-56.52,-49.19,-56.04,-55.96,-53.70,2026-07-26 11:07:03+00:00
2026-07-26T11:08:03+00:00,-52.12,-58.84,-64.09,-55.58,-66.40,-46.98,-47.02,-51.32,-49.04,-46.96,-55.77,-66.88,-56.82,-49.28,-55.95,-55.50,-54.62,2026-07-26 11:08:03+00:00
2026-07-26T11:09:04+00:00,-51.45,-60.37,-64.32,-55.34,-65.29,-47.36,-47.17,-51.30,-49.91,-47.06,-55.60,-66.96,-57.07,-49.41,-55.83,-55.58,-54.70,2026-07-26 11:09:04+00:00
2026-07-26T11:10:03+00:00,-51.90,-60.13,-63.59,-55.48,-66.65,-47.49,-47.50,-51.29,-50.48,-46.98,-55.54,-66.28,-57.09,-49.32,-55.42,-55.77,-53.89,2026-07-26 11:10:03+00:00
2026-07-26T11:11:03+00:00,-51.61,-60.75,-63.65,-55.69,-66.60,-47.52,-47.56,-51.28,-50.40,-46.98,-55.49,-66.29,-57.10,-49.50,-56.07,-55.07,-54.49,2026-07-26 11:11:03+00:00
2026-07-26T11:12:04+00:00,-51.61,-60.27,-63.54,-55.43,-65.59,-47.41,-47.58,-51.26,-50.27,-47.10,-55.34,-64.58,-56.95,-49.59,-55.69,-55.43,-53.85,2026-07-26 11:12:04+00:00
2026-07-26T11:13:04+00:00,-49.44,-59.59,-63.47,-55.63,-65.91,-47.81,-47.32,-51.28,-50.01,-46.90,-55.17,-66.01,-56.95,-49.49,-55.86,-55.07,-53.99,2026-07-26 11:13:04+00:00
2026-07-26T11:14:03+00:00,-49.88,-59.26,-63.88,-55.58,-66.74,-47.58,-47.60,-51.26,-50.00,-46.77,-55.30,-65.82,-56.93,-49.73,-55.65,-54.79,-58.81,2026-07-26 11:14:03+00:00
2026-07-26T11:15:03+00:00,-49.57,-59.23,-63.21,-55.38,-66.04,-47.52,-47.27,-51.30,-49.94,-46.77,-55.19,-65.64,-56.97,-49.91,-55.73,-55.00,-58.35,2026-07-26 11:15:03+00:00
2026-07-26T11:16:03+00:00,-48.96,-59.42,-62.94,-55.64,-66.39,-47.53,-47.70,-51.28,-49.97,-46.66,-55.26,-66.56,-56.98,-49.87,-55.84,-55.20,-58.63,2026-07-26 11:16:03+00:00
2026-07-26T11:17:03+00:00,-49.39,-59.30,-63.49,-55.41,-65.91,-47.86,-47.30,-51.28,-50.01,-46.54,-55.46,-67.22,-56.92,-49.77,-55.88,-55.32,-58.98,2026-07-26 11:17:03+00:00
2026-07-26T11:18:04+00:00,-50.01,-59.38,-62.73,-55.45,-66.32,-47.82,-47.48,-51.28,-49.96,-46.48,-55.15,-64.49,-56.88,-49.86,-55.88,-55.16,-57.38,2026-07-26 11:18:04+00:00
2026-07-26T11:19:04+00:00,-49.92,-59.44,-63.06,-55.14,-66.05,-47.60,-47.56,-51.20,-49.62,-46.34,-55.14,-66.13,-56.86,-50.05,-55.70,-54.96,-58.80,2026-07-26 11:19:04+00:00
2026-07-26T11:20:04+00:00,-49.91,-59.68,-62.39,-55.01,-66.21,-47.80,-47.30,-51.21,-49.50,-46.60,-55.02,-65.02,-56.80,-49.98,-55.43,-55.42,-55.45,2026-07-26 11:20:04+00:00
2026-07-26T11:21:04+00:00,-50.28,-59.64,-62.75,-55.10,-66.16,-47.92,-47.24,-51.24,-50.47,-46.53,-55.05,-64.58,-57.12,-50.03,-55.69,-55.12,-58.68,2026-07-26 11:21:04+00:00
2026-07-26T11:22:04+00:00,-50.03,-60.23,-64.08,-55.21,-65.71,-48.18,-47.83,-51.25,-52.96,-46.79,-55.50,-67.28,-57.23,-50.10,-55.96,-55.06,-59.76,2026-07-26 11:22:04+00:00
2026-07-26T11:23:04+00:00,-48.66,-60.40,-63.45,-54.88,-65.74,-48.03,-47.53,-51.22,-52.93,-46.82,-55.29,-66.03,-56.78,-50.16,-55.42,-55.03,-58.98,2026-07-26 11:23:04+00:00
2026-07-26T11:24:04+00:00,-48.87,-60.34,-63.79,-55.02,-65.70,-48.03,-46.96,-51.33,-53.07,-46.97,-55.44,-67.02,-56.85,-50.12,-55.98,-54.17,-59.36,2026-07-26 11:24:04+00:00
2026-07-26T11:25:04+00:00,-50.30,-59.34,-63.89,-55.44,-66.50,-48.18,-47.05,-51.27,-53.10,-46.76,-55.47,-66.88,-57.12,-50.12,-55.86,-54.49,-59.97,2026-07-26 11:25:04+00:00
2026-07-26T11:26:03+00:00,-50.17,-59.28,-63.47,-55.24,-66.51,-47.93,-47.26,-51.22,-53.03,-46.85,-55.12,-66.05,-57.03,-50.09,-55.78,-54.23,-58.84,2026-07-26 11:26:03+00:00
2026-07-26T11:27:04+00:00,-50.39,-59.39,-63.39,-54.38,-66.68,-48.16,-47.92,-51.32,-53.07,-46.72,-55.16,-66.11,-57.21,-50.08,-55.59,-54.18,-58.02,2026-07-26 11:27:04+00:00
2026-07-26T11:28:04+00:00,-53.80,-59.42,-62.65,-54.81,-66.46,-47.95,-47.22,-51.82,-53.33,-46.71,-55.02,-64.33,-57.13,-49.78,-55.22,-54.32,-57.04,2026-07-26 11:28:04+00:00
2026-07-26T11:29:04+00:00,-53.39,-59.70,-62.70,-54.54,-65.90,-48.06,-47.30,-51.85,-53.45,-46.78,-54.89,-65.58,-56.93,-49.99,-55.63,-54.05,-57.79,2026-07-26 11:29:04+00:00
2026-07-26T11:30:04+00:00,-53.44,-60.14,-62.62,-54.51,-65.73,-47.97,-47.73,-51.83,-53.47,-46.68,-54.86,-65.31,-56.91,-49.93,-55.90,-54.03,-58.53,2026-07-26 11:30:04+00:00
2026-07-26T11:31:04+00:00,-53.72,-60.09,-63.71,-54.58,-66.42,-47.88,-47.40,-51.97,-53.59,-46.54,-55.18,-66.15,-57.30,-50.17,-55.98,-53.76,-59.39,2026-07-26 11:31:04+00:00
2026-07-26T11:32:03+00:00,-53.77,-59.76,-64.11,-54.48,-65.87,-47.96,-47.46,-51.99,-53.56,-46.46,-55.28,-67.04,-57.25,-50.30,-55.98,-53.81,-59.15,2026-07-26 11:32:03+00:00
2026-07-26T11:33:03+00:00,-53.94,-60.21,-64.40,-54.75,-66.00,-47.87,-47.15,-51.98,-53.65,-46.57,-55.03,-67.90,-57.20,-50.12,-56.25,-53.73,-59.63,2026-07-26 11:33:03+00:00
2026-07-26T11:34:04+00:00,-52.27,-60.08,-63.05,-54.23,-66.40,-48.06,-47.66,-51.87,-54.12,-46.35,-55.12,-65.10,-56.93,-50.26,-55.82,-53.94,-57.70,2026-07-26 11:34:04+00:00
2026-07-26T11:35:04+00:00,-52.45,-60.10,-63.68,-54.55,-66.70,-47.99,-47.59,-51.93,-54.36,-46.38,-55.28,-66.28,-57.15,-50.51,-55.70,-53.61,-57.84,2026-07-26 11:35:04+00:00
2026-07-26T11:36:04+00:00,-52.80,-59.19,-64.33,-54.58,-66.25,-48.21,-47.37,-52.00,-54.40,-46.33,-54.83,-66.68,-56.90,-50.55,-56.24,-53.87,-57.52,2026-07-26 11:36:04+00:00
2026-07-26T11:37:05+00:00,-52.92,-59.89,-64.30,-54.55,-66.34,-48.11,-47.39,-51.98,-54.45,-46.25,-55.12,-67.23,-57.05,-50.53,-56.31,-53.94,-59.09,2026-07-26 11:37:05+00:00
2026-07-26T11:38:04+00:00,-53.25,-59.09,-63.29,-54.57,-66.34,-48.09,-46.95,-51.98,-54.28,-46.12,-54.87,-66.27,-57.03,-50.43,-56.19,-54.05,-58.47,2026-07-26 11:38:04+00:00
2026-07-26T11:39:03+00:00,-53.08,-59.75,-64.18,-54.66,-66.92,-48.03,-47.30,-51.98,-51.73,-46.32,-54.85,-66.74,-57.00,-50.70,-55.78,-53.69,-59.08,2026-07-26 11:39:03+00:00
2026-07-26T11:40:03+00:00,-52.62,-59.79,-63.81,-54.58,-66.46,-48.09,-47.12,-51.95,-51.72,-46.24,-54.81,-66.25,-57.01,-50.77,-56.37,-53.27,-58.76,2026-07-26 11:40:03+00:00
2026-07-26T11:41:04+00:00,-50.91,-59.16,-63.76,-54.52,-66.28,-48.15,-47.12,-51.93,-51.80,-46.45,-55.08,-66.36,-56.97,-50.91,-56.19,-53.91,-58.93,2026-07-26 11:41:04+00:00
2026-07-26T11:42:04+00:00,-51.11,-59.67,-63.93,-54.33,-65.93,-48.18,-47.19,-51.94,-51.73,-46.48,-55.09,-66.34,-57.04,-50.88,-56.43,-53.98,-59.29,2026-07-26 11:42:04+00:00
2026-07-26T11:43:04+00:00,-52.84,-59.41,-63.65,-54.49,-66.18,-48.25,-47.53,-51.96,-51.60,-46.45,-54.96,-66.70,-57.06,-50.95,-56.35,-54.06,-58.75,2026-07-26 11:43:04+00:00
2026-07-26T11:44:04+00:00,-51.49,-59.37,-63.58,-54.34,-66.18,-48.32,-47.31,-51.80,-51.58,-46.55,-55.11,-65.38,-56.98,-50.88,-55.96,-53.82,-58.74,2026-07-26 11:44:04+00:00
2026-07-26T11:45:03+00:00,-51.10,-58.98,-63.41,-54.40,-65.78,-46.89,-47.61,-51.87,-51.56,-46.63,-55.03,-65.91,-57.02,-51.08,-56.28,-54.35,-57.35,2026-07-26 11:45:03+00:00
2026-07-26T11:46:03+00:00,-49.19,-59.77,-63.47,-54.39,-66.25,-45.95,-47.02,-51.93,-51.68,-46.80,-54.79,-65.21,-57.19,-50.98,-55.91,-54.48,-58.38,2026-07-26 11:46:03+00:00
2026-07-26T11:47:03+00:00,-50.40,-59.56,-63.56,-54.45,-66.13,-46.04,-47.39,-51.94,-51.61,-46.61,-54.79,-65.50,-56.95,-51.27,-56.18,-54.33,-58.43,2026-07-26 11:47:03+00:00
2026-07-26T11:48:04+00:00,-52.60,-59.62,-63.48,-54.38,-66.41,-45.87,-47.43,-51.91,-51.61,-46.67,-54.87,-65.00,-56.79,-51.17,-55.80,-54.75,-58.45,2026-07-26 11:48:04+00:00
2026-07-26T11:49:04+00:00,-52.00,-59.98,-63.19,-54.20,-66.74,-45.99,-47.50,-51.95,-51.56,-46.69,-55.06,-64.77,-56.95,-51.09,-56.08,-55.04,-58.69,2026-07-26 11:49:04+00:00
2026-07-26T11:50:03+00:00,-52.02,-60.49,-64.20,-54.33,-65.74,-45.70,-47.40,-51.96,-51.62,-46.74,-55.18,-67.05,-56.98,-51.27,-56.31,-54.71,-59.16,2026-07-26 11:50:03+00:00
2026-07-26T11:51:03+00:00,-51.96,-59.85,-63.32,-54.33,-66.77,-45.75,-47.56,-51.90,-50.54,-46.82,-55.09,-65.18,-56.76,-51.25,-56.18,-54.73,-57.53,2026-07-26 11:51:03+00:00
2026-07-26T11:52:03+00:00,-52.25,-60.00,-63.51,-54.08,-66.36,-45.43,-46.80,-51.94,-49.10,-46.91,-54.98,-66.15,-57.14,-51.28,-56.39,-55.21,-57.10,2026-07-26 11:52:03+00:00
2026-07-26T11:53:04+00:00,-52.38,-59.62,-63.44,-53.89,-65.88,-47.17,-47.23,-51.99,-48.97,-46.91,-55.13,-66.18,-56.67,-51.35,-56.07,-55.33,-58.74,2026-07-26 11:53:04+00:00
2026-07-26T11:54:04+00:00,-53.15,-60.69,-64.53,-54.06,-66.57,-46.00,-47.05,-51.90,-50.26,-46.99,-55.15,-66.89,-57.20,-51.31,-56.23,-55.40,-59.76,2026-07-26 11:54:04+00:00
2026-07-26T11:55:04+00:00,-52.86,-60.11,-63.96,-53.95,-66.67,-45.64,-47.42,-51.93,-50.10,-47.00,-54.99,-66.53,-56.96,-51.34,-56.10,-55.47,-59.28,2026-07-26 11:55:04+00:00
2026-07-26T11:56:03+00:00,-52.22,-60.67,-63.59,-54.03,-66.37,-45.76,-47.43,-51.87,-50.09,-46.88,-55.17,-66.01,-56.92,-51.47,-56.20,-54.91,-57.75,2026-07-26 11:56:03+00:00
2026-07-26T11:57:03+00:00,-52.63,-60.95,-63.42,-53.79,-65.77,-46.75,-47.31,-51.96,-50.11,-47.12,-55.03,-65.02,-57.14,-51.41,-55.75,-54.43,-57.75,2026-07-26 11:57:03+00:00
2026-07-26T11:58:04+00:00,-49.79,-59.33,-62.96,-53.80,-66.00,-45.47,-46.73,-52.01,-49.94,-47.06,-54.79,-64.44,-56.82,-51.15,-56.19,-54.68,-57.62,2026-07-26 11:58:04+00:00
2026-07-26T11:59:04+00:00,-50.21,-59.77,-64.33,-53.92,-66.38,-45.81,-47.63,-52.05,-49.96,-47.13,-55.08,-67.02,-56.96,-50.79,-56.46,-54.72,-58.78,2026-07-26 11:59:04+00:00
2026-07-26T12:00:04+00:00,-50.46,-59.51,-64.28,-53.85,-66.62,-45.88,-47.40,-51.91,-50.02,-47.24,-55.06,-66.34,-57.19,-50.97,-56.21,-54.70,-59.84,2026-07-26 12:00:04+00:00
2026-07-26T12:01:04+00:00,-49.73,-60.29,-64.53,-54.14,-66.96,-46.00,-47.08,-51.85,-50.04,-47.14,-55.11,-66.94,-57.39,-51.00,-56.32,-54.59,-59.83,2026-07-26 12:01:04+00:00
2026-07-26T12:02:04+00:00,-48.72,-59.90,-63.86,-53.97,-65.67,-46.13,-47.19,-51.78,-49.99,-47.08,-54.82,-65.31,-57.16,-50.80,-56.50,-53.63,-57.32,2026-07-26 12:02:04+00:00
2026-07-26T12:03:04+00:00,-49.29,-60.04,-63.37,-53.91,-65.37,-45.98,-47.53,-51.81,-49.95,-47.05,-54.41,-65.12,-56.84,-50.72,-55.60,-53.93,-57.40,2026-07-26 12:03:04+00:00
2026-07-26T12:04:04+00:00,-50.18,-60.27,-64.19,-53.91,-65.90,-46.16,-47.37,-51.81,-49.69,-46.96,-54.95,-66.40,-57.16,-50.96,-56.26,-53.84,-58.20,2026-07-26 12:04:04+00:00
2026-07-26T12:05:03+00:00,-48.70,-60.50,-63.76,-53.85,-65.90,-46.00,-47.29,-51.80,-49.69,-46.90,-54.90,-65.22,-57.23,-50.68,-56.14,-53.84,-59.10,2026-07-26 12:05:03+00:00
2026-07-26T12:06:04+00:00,-50.40,-59.58,-64.03,-53.85,-65.71,-46.03,-47.40,-51.82,-50.46,-46.79,-55.03,-64.76,-57.01,-50.81,-55.63,-53.58,-57.05,2026-07-26 12:06:04+00:00
2026-07-26T12:07:03+00:00,-50.82,-60.40,-64.22,-53.94,-65.73,-46.27,-47.24,-51.85,-53.03,-46.81,-54.89,-65.55,-57.16,-50.95,-56.04,-53.29,-57.62,2026-07-26 12:07:03+00:00
2026-07-26T12:08:03+00:00,-51.13,-60.18,-63.99,-54.70,-65.73,-46.10,-47.29,-52.15,-53.12,-47.07,-54.97,-65.89,-56.94,-50.80,-56.06,-53.25,-59.98,2026-07-26 12:08:03+00:00
2026-07-26T12:09:04+00:00,-50.15,-60.86,-63.88,-54.14,-65.68,-46.23,-47.26,-51.98,-52.92,-46.78,-54.89,-66.57,-57.03,-50.83,-56.16,-52.78,-58.06,2026-07-26 12:09:04+00:00
2026-07-26T12:10:04+00:00,-51.73,-60.06,-63.34,-53.81,-66.69,-46.22,-47.14,-51.87,-52.67,-46.91,-54.77,-65.54,-56.99,-50.81,-56.21,-52.49,-58.25,2026-07-26 12:10:04+00:00
2026-07-26T12:11:04+00:00,-51.10,-59.58,-63.58,-53.96,-66.34,-46.45,-47.37,-51.77,-52.47,-46.77,-54.83,-64.97,-56.72,-51.11,-56.46,-52.53,-57.63,2026-07-26 12:11:04+00:00
2026-07-26T12:12:04+00:00,-50.61,-58.70,-63.80,-54.11,-66.35,-46.12,-47.04,-51.84,-52.64,-46.77,-55.00,-65.95,-57.30,-51.03,-56.22,-52.19,-58.51,2026-07-26 12:12:04+00:00
2026-07-26T12:13:03+00:00,-51.27,-59.04,-63.66,-54.12,-66.21,-46.34,-47.31,-51.86,-52.57,-46.82,-55.04,-65.58,-56.77,-50.96,-55.94,-52.39,-58.64,2026-07-26 12:13:03+00:00
2026-07-26T12:14:04+00:00,-49.75,-58.98,-64.02,-54.12,-66.50,-46.15,-47.39,-51.84,-52.63,-46.74,-55.09,-66.69,-57.15,-50.91,-56.30,-52.57,-59.67,2026-07-26 12:14:04+00:00
2026-07-26T12:15:04+00:00,-50.08,-58.73,-63.54,-53.91,-66.40,-46.21,-47.15,-51.87,-52.61,-46.44,-54.80,-65.60,-56.97,-51.02,-56.02,-52.51,-59.00,2026-07-26 12:15:04+00:00
2026-07-26T12:16:04+00:00,-50.24,-58.71,-63.79,-54.12,-66.92,-46.19,-47.30,-51.88,-52.59,-46.43,-54.74,-65.49,-56.92,-50.98,-55.96,-52.75,-59.25,2026-07-26 12:16:04+00:00
2026-07-26T12:17:04+00:00,-51.01,-59.49,-62.41,-53.94,-65.93,-46.32,-47.40,-51.26,-52.39,-46.31,-54.83,-64.10,-56.63,-50.81,-55.49,-52.80,-58.33,2026-07-26 12:17:04+00:00
2026-07-26T12:18:03+00:00,-51.37,-58.79,-62.69,-54.09,-65.32,-46.42,-47.11,-51.26,-52.09,-46.48,-54.33,-63.82,-57.02,-50.91,-56.04,-52.57,-56.98,2026-07-26 12:18:03+00:00
2026-07-26T12:19:03+00:00,-50.97,-59.75,-63.08,-53.91,-66.47,-46.27,-47.75,-51.40,-52.63,-46.26,-54.49,-65.45,-57.05,-50.86,-55.77,-53.07,-58.10,2026-07-26 12:19:03+00:00
2026-07-26T12:20:04+00:00,-51.43,-58.35,-62.73,-53.89,-66.41,-46.17,-47.33,-51.24,-52.51,-46.15,-54.52,-64.41,-52.93,-51.00,-55.91,-52.98,-56.54,2026-07-26 12:20:04+00:00
2026-07-26T12:21:04+00:00,-51.43,-59.28,-63.32,-53.88,-66.31,-46.39,-47.46,-51.35,-52.75,-46.31,-54.57,-64.68,-52.94,-50.90,-55.76,-53.24,-56.28,2026-07-26 12:21:04+00:00
2026-07-26T12:22:04+00:00,-52.38,-59.48,-62.64,-53.73,-65.38,-46.21,-47.24,-51.36,-53.06,-46.40,-54.78,-63.49,-53.30,-50.75,-55.96,-53.27,-56.52,2026-07-26 12:22:04+00:00
2026-07-26T12:23:04+00:00,-52.21,-59.86,-63.40,-53.69,-66.33,-46.48,-47.56,-51.30,-53.00,-46.31,-54.72,-65.03,-53.15,-51.00,-55.93,-53.16,-58.99,2026-07-26 12:23:04+00:00
2026-07-26T12:24:03+00:00,-52.98,-59.18,-63.30,-53.88,-65.77,-46.29,-46.83,-51.38,-51.02,-46.32,-54.79,-65.13,-52.94,-50.82,-55.85,-53.69,-58.54,2026-07-26 12:24:03+00:00
2026-07-26T12:25:04+00:00,-52.89,-58.62,-63.31,-53.98,-66.22,-46.56,-47.37,-51.43,-50.87,-46.56,-54.85,-65.45,-52.76,-50.70,-55.75,-53.02,-59.05,2026-07-26 12:25:04+00:00
2026-07-26T12:26:03+00:00,-52.31,-58.30,-62.18,-53.84,-66.18,-46.60,-46.83,-51.36,-50.91,-46.16,-54.14,-64.34,-53.73,-50.86,-55.50,-53.02,-57.87,2026-07-26 12:26:03+00:00
2026-07-26T12:27:04+00:00,-52.79,-58.18,-64.11,-53.99,-66.15,-46.37,-47.19,-51.46,-53.27,-46.42,-53.71,-65.31,-55.83,-50.63,-55.91,-53.22,-59.07,2026-07-26 12:27:04+00:00
2026-07-26T12:28:04+00:00,-52.79,-57.92,-64.40,-53.87,-65.94,-46.53,-46.97,-51.52,-52.85,-46.55,-54.11,-65.63,-56.29,-50.45,-55.96,-52.95,-57.96,2026-07-26 12:28:04+00:00
2026-07-26T12:29:03+00:00,-52.79,-58.74,-64.35,-53.88,-66.49,-47.00,-47.67,-51.45,-52.17,-46.52,-54.11,-65.87,-56.46,-50.21,-55.88,-52.93,-58.84,2026-07-26 12:29:03+00:00
2026-07-26T12:30:03+00:00,-51.95,-58.29,-63.03,-53.91,-66.44,-45.21,-47.15,-51.42,-52.02,-46.51,-53.59,-65.22,-54.66,-50.11,-55.43,-53.13,-57.78,2026-07-26 12:30:03+00:00
2026-07-26T12:31:03+00:00,-52.04,-61.04,-64.70,-53.95,-66.69,-46.60,-47.29,-51.29,-52.10,-46.61,-54.52,-66.58,-57.17,-50.07,-55.62,-52.87,-57.90,2026-07-26 12:31:03+00:00
2026-07-26T12:32:04+00:00,-53.77,-58.75,-63.29,-53.98,-65.52,-46.52,-47.33,-51.24,-52.06,-46.52,-54.12,-65.01,-56.55,-50.02,-55.54,-52.86,-57.56,2026-07-26 12:32:04+00:00
2026-07-26T12:33:04+00:00,-52.64,-58.76,-63.25,-53.91,-66.11,-46.40,-47.29,-51.17,-51.97,-46.72,-54.00,-64.37,-56.14,-49.69,-55.87,-52.71,-57.90,2026-07-26 12:33:04+00:00
2026-07-26T12:34:03+00:00,-51.57,-59.19,-60.37,-53.68,-66.27,-45.88,-47.48,-51.02,-51.86,-46.73,-53.69,-60.79,-53.38,-49.83,-55.64,-52.88,-55.64,2026-07-26 12:34:03+00:00
2026-07-26T12:35:03+00:00,-51.36,-59.75,-63.27,-53.93,-65.33,-46.74,-46.86,-51.27,-51.98,-46.83,-53.66,-66.15,-53.50,-49.72,-55.65,-52.20,-57.99,2026-07-26 12:35:03+00:00
2026-07-26T12:36:04+00:00,-52.39,-60.22,-63.00,-53.63,-65.93,-46.70,-47.50,-51.26,-49.54,-46.66,-54.24,-64.37,-51.54,-49.87,-55.84,-52.34,-58.09,2026-07-26 12:36:04+00:00
2026-07-26T12:37:04+00:00,-51.59,-59.28,-64.36,-54.15,-66.55,-47.53,-47.45,-51.24,-49.22,-46.76,-54.64,-65.36,-51.50,-49.65,-55.85,-52.38,-57.75,2026-07-26 12:37:04+00:00
2026-07-26T12:38:03+00:00,-48.97,-59.34,-63.58,-53.84,-65.61,-47.01,-47.64,-51.27,-49.28,-47.07,-54.57,-63.80,-50.64,-49.96,-55.80,-52.70,-54.61,2026-07-26 12:38:03+00:00
2026-07-26T12:39:03+00:00,-48.60,-62.48,-63.81,-54.78,-65.76,-46.97,-47.57,-51.64,-51.03,-46.95,-54.76,-64.46,-50.72,-49.82,-56.01,-52.73,-58.85,2026-07-26 12:39:03+00:00
2026-07-26T12:40:04+00:00,-49.41,-60.03,-63.84,-54.23,-65.78,-47.14,-47.58,-51.38,-50.80,-47.24,-54.57,-64.13,-50.66,-49.58,-55.75,-52.55,-58.83,2026-07-26 12:40:04+00:00
2026-07-26T12:41:04+00:00,-51.54,-61.30,-62.93,-54.25,-65.47,-46.97,-47.66,-51.57,-51.97,-47.25,-54.71,-63.61,-50.33,-49.68,-56.03,-52.69,-58.31,2026-07-26 12:41:04+00:00
2026-07-26T12:42:04+00:00,-51.49,-60.02,-63.32,-54.11,-65.69,-46.94,-47.59,-51.57,-53.07,-47.18,-54.61,-63.86,-50.58,-49.62,-55.82,-52.92,-58.29,2026-07-26 12:42:04+00:00
2026-07-26T12:43:03+00:00,-50.63,-63.11,-64.20,-54.17,-66.29,-46.79,-47.47,-51.62,-52.89,-47.32,-54.43,-64.32,-50.63,-49.90,-55.88,-52.74,-59.27,2026-07-26 12:43:03+00:00
2026-07-26T12:44:03+00:00,-51.79,-61.82,-64.07,-54.18,-66.28,-46.73,-47.86,-51.57,-52.91,-47.56,-54.65,-64.74,-51.29,-49.82,-55.64,-52.85,-58.59,2026-07-26 12:44:03+00:00
2026-07-26T12:45:04+00:00,-51.85,-60.23,-63.86,-54.04,-65.09,-46.64,-47.09,-51.61,-52.98,-47.33,-54.86,-64.90,-52.66,-49.84,-56.22,-53.09,-59.28,2026-07-26 12:45:04+00:00
2026-07-26T12:46:04+00:00,-52.56,-61.50,-63.02,-54.19,-65.93,-46.60,-47.24,-51.57,-53.02,-47.28,-54.56,-64.20,-52.00,-49.83,-56.26,-52.94,-59.62,2026-07-26 12:46:04+00:00
2026-07-26T12:47:03+00:00,-51.04,-59.97,-63.65,-54.11,-66.69,-46.48,-47.04,-51.50,-52.91,-47.34,-54.53,-64.58,-51.88,-49.76,-56.34,-53.15,-56.67,2026-07-26 12:47:03+00:00
2026-07-26T12:48:03+00:00,-50.18,-60.49,-63.27,-54.22,-65.85,-46.57,-46.98,-51.32,-53.17,-47.34,-54.49,-64.23,-51.81,-49.67,-55.77,-52.58,-58.09,2026-07-26 12:48:03+00:00
2026-07-26T12:49:03+00:00,-50.36,-60.34,-63.45,-54.06,-65.77,-46.51,-47.13,-51.27,-52.53,-47.23,-54.72,-64.38,-51.68,-49.67,-55.84,-53.16,-58.42,2026-07-26 12:49:03+00:00
2026-07-26T12:50:04+00:00,-51.98,-60.24,-63.91,-53.95,-67.02,-46.38,-47.18,-51.24,-52.41,-47.12,-54.71,-64.66,-51.68,-49.84,-55.93,-52.74,-58.64,2026-07-26 12:50:04+00:00
2026-07-26T12:51:04+00:00,-51.41,-61.21,-63.89,-54.11,-65.87,-46.17,-47.29,-51.35,-54.08,-47.05,-54.73,-64.14,-51.67,-49.60,-56.01,-52.91,-58.98,2026-07-26 12:51:04+00:00
2026-07-26T12:52:04+00:00,-50.01,-60.08,-63.78,-54.22,-66.10,-46.28,-47.80,-51.38,-52.49,-47.03,-54.49,-63.89,-51.32,-49.60,-56.34,-52.73,-57.04,2026-07-26 12:52:04+00:00
2026-07-26T12:53:04+00:00,-50.95,-60.03,-63.89,-53.89,-66.62,-46.11,-47.61,-51.26,-52.62,-46.90,-54.94,-64.48,-51.37,-49.76,-56.47,-53.07,-59.13,2026-07-26 12:53:04+00:00
2026-07-26T12:54:03+00:00,-49.34,-60.91,-64.12,-54.27,-65.27,-46.16,-47.33,-51.30,-52.69,-46.80,-54.73,-64.47,-51.35,-49.74,-56.11,-53.07,-59.08,2026-07-26 12:54:03+00:00
2026-07-26T12:55:03+00:00,-50.88,-61.16,-63.85,-54.25,-65.92,-46.22,-47.82,-51.29,-52.64,-46.94,-54.85,-64.53,-51.35,-49.62,-56.24,-53.06,-57.63,2026-07-26 12:55:03+00:00
2026-07-26T12:56:04+00:00,-52.56,-61.57,-64.02,-54.18,-66.17,-46.00,-47.33,-51.36,-52.58,-46.88,-54.87,-64.39,-51.42,-49.64,-55.88,-53.20,-58.58,2026-07-26 12:56:04+00:00
2026-07-26T12:57:04+00:00,-51.58,-61.27,-64.64,-54.38,-66.59,-46.06,-47.72,-51.41,-52.53,-46.71,-54.83,-65.16,-51.19,-49.70,-56.54,-52.94,-59.19,2026-07-26 12:57:04+00:00
2026-07-26T12:58:04+00:00,-51.01,-61.73,-64.14,-54.18,-65.55,-45.96,-47.37,-51.42,-52.51,-46.69,-54.92,-64.89,-51.15,-49.89,-56.63,-53.19,-58.89,2026-07-26 12:58:04+00:00
2026-07-26T12:59:03+00:00,-51.22,-61.49,-64.48,-53.95,-66.32,-45.65,-47.62,-51.38,-52.63,-46.74,-54.81,-65.36,-51.15,-49.85,-56.65,-53.15,-59.84,2026-07-26 12:59:03+00:00
2026-07-26T13:00:03+00:00,-51.41,-60.69,-63.65,-53.96,-65.46,-46.05,-47.56,-51.31,-52.39,-46.67,-54.74,-64.10,-50.80,-50.10,-56.43,-53.34,-54.01,2026-07-26 13:00:03+00:00
2026-07-26T13:01:03+00:00,-50.98,-61.39,-63.92,-54.20,-65.99,-45.91,-47.61,-51.26,-52.44,-46.68,-54.94,-64.71,-50.31,-49.99,-56.27,-53.30,-53.89,2026-07-26 13:01:03+00:00
2026-07-26T13:02:04+00:00,-48.97,-61.48,-64.23,-54.06,-65.91,-45.98,-47.11,-51.24,-52.48,-46.56,-54.76,-64.52,-50.16,-50.24,-56.76,-53.93,-53.35,2026-07-26 13:02:04+00:00
2026-07-26T13:03:03+00:00,-48.11,-59.62,-63.10,-54.17,-66.58,-46.38,-47.49,-51.22,-52.71,-46.58,-54.69,-64.58,-50.28,-50.01,-56.58,-53.63,-53.89,2026-07-26 13:03:03+00:00
2026-07-26T13:04:03+00:00,-47.01,-60.65,-62.74,-53.95,-65.33,-45.89,-47.17,-51.24,-52.98,-46.46,-54.45,-63.24,-49.54,-50.34,-56.03,-53.98,-57.94,2026-07-26 13:04:03+00:00
2026-07-26T13:05:04+00:00,-46.47,-59.69,-64.56,-54.49,-66.24,-45.79,-47.44,-51.23,-53.36,-46.26,-54.49,-65.09,-49.24,-50.28,-56.26,-53.89,-58.96,2026-07-26 13:05:04+00:00
2026-07-26T13:06:04+00:00,-46.84,-58.64,-63.02,-54.05,-66.55,-46.41,-47.42,-51.09,-53.31,-46.30,-54.24,-63.14,-49.57,-50.54,-56.33,-54.27,-57.18,2026-07-26 13:06:04+00:00
2026-07-26T13:07:04+00:00,-46.66,-60.44,-64.44,-54.12,-65.74,-46.65,-47.52,-51.25,-53.31,-46.24,-54.62,-64.80,-49.03,-50.67,-56.79,-53.82,-58.33,2026-07-26 13:07:04+00:00
2026-07-26T13:08:03+00:00,-47.70,-60.84,-64.10,-53.93,-66.00,-46.61,-47.72,-51.25,-53.31,-46.23,-54.91,-64.77,-48.96,-50.95,-56.02,-53.93,-58.84,2026-07-26 13:08:03+00:00
2026-07-26T13:09:03+00:00,-48.13,-60.97,-64.14,-54.08,-66.22,-46.58,-47.74,-51.30,-50.64,-46.05,-54.67,-64.42,-49.25,-51.16,-56.19,-53.30,-58.90,2026-07-26 13:09:03+00:00
2026-07-26T13:10:04+00:00,-48.42,-58.98,-64.29,-54.21,-66.48,-46.30,-47.76,-51.24,-50.62,-46.02,-54.39,-64.47,-49.37,-51.19,-56.15,-53.29,-58.71,2026-07-26 13:10:04+00:00
2026-07-26T13:11:04+00:00,-48.18,-59.88,-64.11,-53.89,-66.61,-45.79,-47.13,-51.11,-50.75,-45.97,-54.47,-64.24,-49.26,-51.33,-56.33,-53.04,-59.34,2026-07-26 13:11:04+00:00
2026-07-26T13:12:04+00:00,-48.53,-60.71,-63.32,-53.83,-66.24,-46.07,-47.64,-51.21,-50.64,-46.02,-54.45,-63.39,-49.24,-51.46,-56.50,-52.81,-57.30,2026-07-26 13:12:04+00:00
2026-07-26T13:13:03+00:00,-48.13,-59.94,-63.74,-54.15,-66.00,-46.19,-47.54,-51.21,-50.64,-45.99,-54.46,-63.78,-49.39,-51.54,-56.18,-52.87,-57.93,2026-07-26 13:13:03+00:00
2026-07-26T13:14:04+00:00,-48.91,-58.65,-64.37,-53.92,-65.15,-45.80,-47.31,-51.15,-51.29,-45.97,-54.54,-64.49,-49.40,-51.76,-56.30,-52.76,-58.93,2026-07-26 13:14:04+00:00
2026-07-26T13:15:03+00:00,-49.67,-58.96,-61.94,-53.84,-66.37,-45.87,-47.26,-50.98,-51.25,-45.99,-54.57,-62.48,-49.35,-51.63,-55.84,-52.21,-57.50,2026-07-26 13:15:03+00:00
2026-07-26T13:16:03+00:00,-49.52,-59.03,-63.93,-53.98,-65.36,-45.78,-46.87,-51.11,-50.58,-46.07,-54.53,-63.81,-49.33,-51.78,-55.90,-52.34,-58.53,2026-07-26 13:16:03+00:00
2026-07-26T13:17:04+00:00,-48.72,-59.00,-63.27,-53.90,-66.05,-46.07,-47.17,-51.10,-50.59,-46.18,-54.43,-63.39,-49.39,-51.66,-56.21,-51.68,-58.42,2026-07-26 13:17:04+00:00
2026-07-26T13:18:04+00:00,-49.22,-59.06,-63.86,-53.87,-65.40,-45.88,-47.06,-51.09,-50.52,-46.13,-54.71,-63.71,-49.36,-51.76,-56.12,-51.63,-58.80,2026-07-26 13:18:04+00:00
2026-07-26T13:19:04+00:00,-48.56,-60.60,-64.07,-54.13,-65.45,-45.84,-47.37,-51.01,-50.67,-46.20,-54.56,-64.16,-49.43,-51.54,-56.11,-51.50,-59.69,2026-07-26 13:19:04+00:00
2026-07-26T13:20:04+00:00,-48.73,-60.37,-63.70,-54.00,-65.65,-45.52,-47.55,-51.20,-50.72,-46.34,-54.59,-63.95,-49.37,-51.42,-55.85,-51.48,-59.28,2026-07-26 13:20:04+00:00
2026-07-26T13:21:03+00:00,-48.97,-59.27,-64.34,-53.98,-66.17,-45.64,-47.51,-51.36,-49.91,-46.40,-54.53,-64.52,-49.40,-51.36,-55.99,-50.96,-59.48,2026-07-26 13:21:03+00:00
2026-07-26T13:22:04+00:00,-48.17,-58.51,-63.77,-54.21,-66.07,-45.63,-47.62,-51.35,-49.82,-46.39,-54.33,-64.00,-49.47,-51.30,-55.65,-50.96,-58.90,2026-07-26 13:22:04+00:00
2026-07-26T13:23:04+00:00,-48.86,-59.74,-63.63,-54.43,-65.97,-45.57,-47.23,-51.47,-49.84,-46.31,-54.38,-64.13,-49.56,-51.20,-56.20,-50.93,-58.93,2026-07-26 13:23:04+00:00
2026-07-26T13:24:04+00:00,-49.28,-58.73,-63.72,-54.52,-64.92,-45.86,-47.74,-51.46,-51.98,-46.12,-54.38,-64.96,-49.89,-51.28,-55.72,-50.44,-58.95,2026-07-26 13:24:04+00:00
2026-07-26T13:25:04+00:00,-49.16,-59.75,-64.95,-54.61,-65.73,-49.79,-47.33,-51.58,-52.03,-46.19,-54.47,-66.28,-49.88,-51.19,-55.90,-50.35,-58.36,2026-07-26 13:25:04+00:00
2026-07-26T13:26:03+00:00,-49.24,-58.77,-63.60,-54.77,-65.90,-50.48,-47.35,-51.58,-51.86,-46.16,-54.39,-64.07,-49.99,-51.04,-56.11,-50.30,-57.02,2026-07-26 13:26:03+00:00
2026-07-26T13:27:03+00:00,-49.20,-59.05,-64.16,-55.57,-65.54,-50.51,-47.86,-51.78,-52.04,-46.20,-54.37,-64.73,-50.06,-51.09,-55.80,-50.44,-58.26,2026-07-26 13:27:03+00:00
2026-07-26T13:28:03+00:00,-48.89,-58.99,-63.69,-55.62,-65.46,-50.71,-47.16,-51.72,-52.01,-45.94,-54.56,-64.75,-50.17,-51.14,-56.10,-50.12,-56.89,2026-07-26 13:28:03+00:00
2026-07-26T13:29:04+00:00,-49.57,-61.66,-64.44,-55.74,-65.76,-50.70,-47.35,-51.83,-51.88,-46.17,-54.50,-65.44,-50.20,-51.36,-56.32,-50.21,-59.66,2026-07-26 13:29:04+00:00
2026-07-26T13:30:04+00:00,-49.15,-62.57,-64.27,-55.43,-66.37,-50.66,-47.53,-51.78,-51.96,-46.07,-54.58,-65.44,-50.38,-51.50,-56.55,-49.95,-59.81,2026-07-26 13:30:04+00:00
2026-07-26T13:31:04+00:00,-48.91,-60.76,-63.80,-55.10,-65.62,-50.58,-47.90,-51.76,-52.00,-46.04,-54.57,-65.20,-50.43,-51.82,-56.37,-50.06,-53.92,2026-07-26 13:31:04+00:00
2026-07-26T13:32:04+00:00,-49.55,-61.17,-63.12,-54.92,-66.54,-50.54,-47.65,-51.79,-52.51,-45.98,-54.53,-64.32,-50.39,-51.91,-56.04,-50.39,-58.42,2026-07-26 13:32:04+00:00
2026-07-26T13:33:04+00:00,-48.42,-60.59,-62.88,-55.56,-65.15,-50.64,-47.65,-51.89,-51.40,-45.99,-54.46,-64.63,-50.40,-52.02,-55.95,-49.98,-57.80,2026-07-26 13:33:04+00:00
2026-07-26T13:34:04+00:00,-49.42,-61.29,-63.98,-55.25,-65.37,-50.37,-47.77,-52.00,-51.36,-45.93,-54.52,-65.49,-50.40,-52.43,-56.43,-49.84,-57.89,2026-07-26 13:34:04+00:00
2026-07-26T13:35:04+00:00,-47.58,-58.75,-62.81,-55.54,-67.10,-50.70,-47.94,-52.03,-51.32,-45.91,-54.27,-64.35,-50.32,-52.46,-56.22,-50.07,-58.05,2026-07-26 13:35:04+00:00
2026-07-26T13:36:02+00:00,-47.88,-59.44,-62.38,-55.66,-65.88,-50.80,-47.76,-51.97,-52.57,-45.89,-54.46,-64.35,-50.31,-52.80,-56.64,-50.14,-57.92,2026-07-26 13:36:02+00:00
2026-07-26T13:37:04+00:00,-48.31,-58.85,-62.86,-55.78,-65.68,-50.61,-47.75,-51.95,-52.57,-45.98,-54.71,-65.06,-50.42,-52.82,-56.44,-49.59,-58.25,2026-07-26 13:37:04+00:00
2026-07-26T13:38:04+00:00,-47.32,-59.14,-63.64,-55.58,-65.74,-50.78,-47.71,-52.03,-52.65,-46.07,-54.12,-65.80,-51.86,-53.18,-56.26,-49.68,-59.48,2026-07-26 13:38:04+00:00
2026-07-26T13:39:04+00:00,-47.06,-59.39,-63.29,-55.49,-65.96,-50.48,-47.63,-51.89,-52.72,-46.34,-53.89,-65.39,-53.69,-52.82,-56.45,-49.78,-58.02,2026-07-26 13:39:04+00:00
2026-07-26T13:40:03+00:00,-47.84,-60.77,-62.67,-55.49,-65.87,-50.54,-48.06,-51.94,-52.87,-46.28,-53.60,-64.72,-53.64,-52.92,-56.55,-49.84,-59.18,2026-07-26 13:40:03+00:00
2026-07-26T13:41:03+00:00,-48.26,-61.31,-63.41,-55.77,-65.83,-50.68,-47.43,-51.93,-54.03,-46.49,-53.90,-65.64,-53.64,-53.20,-56.48,-49.65,-60.24,2026-07-26 13:41:03+00:00
2026-07-26T13:42:04+00:00,-47.93,-60.22,-62.36,-55.97,-65.48,-50.22,-47.65,-51.79,-54.01,-46.31,-53.46,-63.46,-53.59,-53.17,-56.15,-49.54,-57.82,2026-07-26 13:42:04+00:00
2026-07-26T13:43:04+00:00,-47.39,-61.69,-62.81,-55.95,-66.12,-50.34,-47.80,-51.98,-53.82,-46.46,-53.68,-63.90,-53.63,-53.69,-56.14,-49.33,-57.89,2026-07-26 13:43:04+00:00
2026-07-26T13:44:04+00:00,-48.71,-61.24,-63.47,-55.70,-66.23,-50.41,-47.56,-51.96,-54.10,-46.44,-53.76,-65.18,-53.83,-53.82,-56.34,-49.38,-56.34,2026-07-26 13:44:04+00:00
2026-07-26T13:45:03+00:00,-47.78,-61.38,-62.01,-56.29,-65.77,-50.69,-47.97,-51.92,-53.75,-46.42,-53.69,-63.98,-53.64,-53.72,-55.94,-49.43,-56.81,2026-07-26 13:45:03+00:00
2026-07-26T13:46:03+00:00,-47.80,-61.54,-63.06,-56.18,-66.37,-50.50,-47.85,-52.01,-53.96,-46.20,-53.84,-65.24,-53.76,-53.90,-56.61,-49.58,-58.30,2026-07-26 13:46:03+00:00
2026-07-26T13:47:03+00:00,-47.80,-61.36,-62.93,-56.43,-66.90,-50.57,-47.59,-51.87,-53.96,-46.09,-53.50,-65.31,-53.99,-53.87,-56.56,-49.71,-59.17,2026-07-26 13:47:03+00:00
2026-07-26T13:48:03+00:00,-48.12,-61.17,-62.63,-55.79,-65.94,-49.35,-47.79,-51.87,-54.61,-46.24,-53.89,-64.54,-52.72,-53.79,-56.38,-49.84,-59.41,2026-07-26 13:48:03+00:00
2026-07-26T13:49:04+00:00,-47.92,-61.67,-62.81,-55.80,-65.62,-49.25,-47.29,-51.92,-55.16,-46.14,-53.46,-64.76,-53.24,-53.36,-55.98,-50.03,-58.47,2026-07-26 13:49:04+00:00
2026-07-26T13:50:04+00:00,-48.44,-60.37,-63.28,-55.94,-65.81,-45.38,-47.62,-51.93,-55.21,-46.15,-53.77,-65.22,-53.26,-53.48,-56.22,-49.99,-59.90,2026-07-26 13:50:04+00:00
2026-07-26T13:51:04+00:00,-48.23,-59.84,-62.58,-56.04,-65.39,-45.61,-47.93,-51.79,-55.21,-46.21,-53.83,-64.24,-53.23,-53.61,-56.39,-49.94,-58.36,2026-07-26 13:51:04+00:00
2026-07-26T13:52:03+00:00,-48.41,-59.06,-61.70,-55.95,-65.88,-45.54,-47.63,-51.89,-55.10,-46.22,-53.49,-62.31,-53.26,-53.09,-56.05,-49.96,-58.23,2026-07-26 13:52:03+00:00
2026-07-26T13:53:03+00:00,-47.71,-59.48,-63.54,-56.02,-66.81,-45.51,-47.56,-52.07,-55.22,-46.15,-53.91,-65.71,-53.44,-53.46,-56.53,-50.10,-60.23,2026-07-26 13:53:03+00:00
2026-07-26T13:54:03+00:00,-48.66,-59.22,-62.48,-55.67,-65.97,-45.56,-47.90,-51.77,-51.34,-46.11,-54.48,-64.73,-56.82,-53.13,-56.68,-50.02,-58.40,2026-07-26 13:54:03+00:00
2026-07-26T13:55:04+00:00,-49.11,-58.36,-60.80,-55.53,-65.25,-45.49,-47.88,-51.84,-51.22,-45.90,-54.28,-62.25,-55.38,-53.11,-56.39,-49.84,-55.10,2026-07-26 13:55:04+00:00
2026-07-26T13:56:05+00:00,-48.41,-62.18,-62.98,-55.85,-66.42,-45.54,-48.21,-51.95,-51.53,-46.27,-54.67,-65.01,-56.11,-53.57,-56.57,-49.75,-53.86,2026-07-26 13:56:05+00:00
2026-07-26T13:57:04+00:00,-48.13,-62.29,-63.36,-56.20,-66.15,-45.76,-48.24,-51.54,-51.53,-46.26,-54.67,-65.61,-56.00,-53.90,-56.31,-49.68,-55.02,2026-07-26 13:57:04+00:00
2026-07-26T13:58:04+00:00,-47.54,-60.82,-61.79,-55.80,-65.24,-45.59,-47.80,-51.64,-51.38,-46.31,-54.07,-63.31,-53.97,-53.78,-56.45,-49.77,-54.19,2026-07-26 13:58:04+00:00
2026-07-26T13:59:04+00:00,-48.42,-62.54,-63.79,-56.20,-65.66,-45.68,-47.97,-51.81,-51.39,-46.44,-54.39,-66.18,-54.46,-54.19,-56.62,-49.54,-54.36,2026-07-26 13:59:04+00:00
2026-07-26T14:00:04+00:00,-48.84,-60.95,-62.10,-55.65,-65.98,-45.57,-47.68,-51.67,-51.39,-46.26,-54.29,-63.48,-51.82,-54.35,-56.59,-49.48,-53.66,2026-07-26 14:00:04+00:00
2026-07-26T14:01:04+00:00,-48.45,-60.18,-60.01,-55.59,-64.85,-45.70,-47.77,-51.62,-51.09,-46.16,-53.89,-61.41,-51.78,-53.83,-55.68,-49.61,-53.94,2026-07-26 14:01:04+00:00
2026-07-26T14:02:04+00:00,-49.15,-61.01,-62.04,-55.85,-65.13,-45.80,-48.05,-51.79,-51.34,-46.14,-54.44,-64.18,-51.24,-54.45,-56.47,-49.50,-54.29,2026-07-26 14:02:04+00:00
2026-07-26T14:03:04+00:00,-48.94,-60.96,-61.78,-56.04,-64.44,-45.72,-47.74,-51.75,-51.31,-46.00,-54.60,-63.81,-51.14,-54.54,-56.09,-49.61,-53.89,2026-07-26 14:03:04+00:00
2026-07-26T14:04:04+00:00,-48.69,-60.41,-61.47,-55.03,-65.38,-45.64,-47.43,-51.68,-51.09,-46.08,-54.07,-62.26,-51.34,-54.29,-55.85,-49.76,-54.34,2026-07-26 14:04:04+00:00
2026-07-26T14:05:03+00:00,-48.94,-61.84,-62.30,-55.52,-65.95,-45.54,-48.05,-51.88,-51.31,-46.05,-54.35,-64.88,-51.74,-54.97,-56.95,-49.94,-51.97,2026-07-26 14:05:03+00:00
2026-07-26T14:06:04+00:00,-49.05,-61.42,-61.21,-55.28,-64.99,-45.73,-47.65,-51.74,-50.17,-46.04,-53.28,-61.96,-51.47,-54.37,-55.72,-49.80,-52.38,2026-07-26 14:06:04+00:00
2026-07-26T14:07:04+00:00,-48.23,-60.20,-62.42,-55.71,-66.13,-45.79,-47.58,-51.94,-50.31,-46.04,-54.58,-64.47,-51.53,-54.74,-56.82,-50.19,-54.39,2026-07-26 14:07:04+00:00
2026-07-26T14:08:04+00:00,-48.66,-60.48,-62.02,-56.01,-65.19,-45.76,-47.86,-51.91,-50.29,-45.82,-54.10,-63.45,-52.40,-54.65,-56.07,-50.22,-54.35,2026-07-26 14:08:04+00:00
2026-07-26T14:09:03+00:00,-48.74,-59.68,-60.20,-55.89,-65.29,-45.81,-47.74,-51.85,-52.56,-46.07,-53.68,-62.13,-54.96,-54.20,-56.02,-50.11,-52.99,2026-07-26 14:09:03+00:00
2026-07-26T14:10:03+00:00,-48.31,-58.75,-61.21,-56.16,-66.09,-45.68,-48.30,-51.93,-52.63,-45.83,-54.41,-63.38,-55.73,-54.29,-56.02,-50.22,-52.19,2026-07-26 14:10:03+00:00
2026-07-26T14:11:04+00:00,-48.40,-58.78,-62.08,-56.07,-66.36,-45.65,-47.83,-51.71,-52.46,-45.94,-53.29,-63.06,-55.64,-54.51,-56.45,-50.28,-54.33,2026-07-26 14:11:04+00:00
2026-07-26T14:12:04+00:00,-48.82,-59.64,-61.96,-55.73,-65.16,-45.81,-48.20,-51.90,-52.89,-45.95,-54.36,-63.08,-55.62,-54.58,-56.05,-50.06,-54.01,2026-07-26 14:12:04+00:00
2026-07-26T14:13:04+00:00,-48.61,-61.04,-62.09,-55.70,-65.35,-45.60,-47.93,-51.88,-52.65,-45.77,-54.02,-63.10,-55.84,-54.41,-56.46,-49.90,-53.96,2026-07-26 14:13:04+00:00
2026-07-26T14:14:03+00:00,-48.58,-60.50,-61.32,-55.14,-64.94,-45.79,-47.70,-51.83,-52.73,-45.84,-54.05,-62.26,-55.73,-54.41,-55.82,-49.90,-54.58,2026-07-26 14:14:03+00:00
2026-07-26T14:15:03+00:00,-48.54,-61.14,-62.67,-55.41,-66.61,-45.71,-47.91,-51.90,-52.78,-45.90,-54.24,-64.15,-56.12,-55.01,-56.16,-49.95,-53.96,2026-07-26 14:15:03+00:00
2026-07-26T14:16:03+00:00,-48.38,-61.48,-62.14,-55.66,-66.26,-45.73,-47.63,-51.77,-52.77,-45.84,-53.72,-63.79,-55.80,-54.84,-56.36,-49.25,-54.16,2026-07-26 14:16:03+00:00
2026-07-26T14:17:06+00:00,-48.86,-61.38,-62.41,-54.92,-66.57,-45.64,-47.65,-51.64,-52.63,-45.99,-53.85,-64.37,-55.98,-54.78,-56.02,-49.14,-54.54,2026-07-26 14:17:06+00:00
2026-07-26T14:18:03+00:00,-48.03,-61.48,-62.34,-54.59,-66.22,-46.02,-47.66,-51.60,-52.09,-46.06,-53.94,-64.38,-56.29,-55.27,-56.38,-48.69,-53.94,2026-07-26 14:18:03+00:00
2026-07-26T14:19:04+00:00,-48.48,-60.13,-60.68,-54.19,-65.84,-45.70,-47.63,-51.35,-51.78,-45.76,-53.67,-61.37,-55.60,-54.30,-55.49,-48.56,-54.26,2026-07-26 14:19:04+00:00
2026-07-26T14:20:04+00:00,-48.82,-61.07,-61.62,-54.76,-66.09,-45.53,-47.76,-51.60,-51.76,-45.74,-54.42,-63.57,-56.00,-55.29,-56.02,-48.38,-53.78,2026-07-26 14:20:04+00:00
2026-07-26T14:21:04+00:00,-48.14,-61.18,-61.40,-54.87,-66.26,-45.53,-47.62,-51.54,-53.51,-45.71,-54.30,-63.33,-56.13,-55.11,-55.91,-48.34,-54.65,2026-07-26 14:21:04+00:00
2026-07-26T14:22:04+00:00,-48.66,-60.57,-61.06,-54.32,-64.88,-45.86,-47.60,-51.52,-53.25,-45.64,-54.19,-61.72,-55.72,-54.81,-56.19,-48.30,-54.61,2026-07-26 14:22:04+00:00
2026-07-26T14:23:03+00:00,-48.38,-59.08,-59.66,-54.20,-64.69,-45.68,-47.50,-51.21,-53.23,-45.36,-53.72,-59.73,-55.24,-54.97,-54.42,-48.12,-52.47,2026-07-26 14:23:03+00:00
2026-07-26T14:24:04+00:00,-48.37,-61.17,-62.12,-54.53,-65.06,-45.84,-47.52,-51.60,-54.03,-45.67,-54.19,-64.37,-56.27,-56.37,-55.59,-48.45,-54.03,2026-07-26 14:24:04+00:00
2026-07-26T14:25:04+00:00,-48.13,-60.27,-60.64,-54.44,-65.12,-45.79,-47.74,-51.44,-53.97,-45.79,-54.05,-61.38,-55.96,-55.73,-56.04,-48.56,-53.40,2026-07-26 14:25:04+00:00
2026-07-26T14:26:03+00:00,-47.22,-60.25,-61.47,-55.10,-65.91,-45.70,-47.72,-51.58,-53.90,-45.88,-54.05,-63.48,-55.93,-56.69,-55.82,-48.71,-54.15,2026-07-26 14:26:03+00:00
2026-07-26T14:27:03+00:00,-48.74,-58.62,-60.97,-55.37,-65.41,-45.66,-47.35,-51.56,-53.71,-45.82,-54.08,-61.81,-56.04,-56.64,-55.84,-48.86,-53.56,2026-07-26 14:27:03+00:00
2026-07-26T14:28:04+00:00,-49.06,-60.00,-61.75,-56.98,-66.16,-45.55,-47.54,-52.04,-54.01,-45.93,-53.66,-63.58,-56.30,-57.36,-55.52,-49.26,-54.15,2026-07-26 14:28:04+00:00
2026-07-26T14:29:04+00:00,-48.83,-59.14,-60.85,-56.04,-66.46,-45.70,-47.79,-51.64,-54.00,-45.92,-54.22,-61.95,-56.10,-56.91,-55.95,-49.50,-54.46,2026-07-26 14:29:04+00:00
2026-07-26T14:30:03+00:00,-48.67,-61.80,-61.91,-55.92,-66.32,-45.81,-47.69,-51.49,-53.95,-46.07,-53.76,-63.45,-56.22,-57.78,-55.39,-49.48,-54.12,2026-07-26 14:30:03+00:00
2026-07-26T14:31:03+00:00,-48.05,-60.68,-60.70,-54.71,-64.89,-45.71,-47.62,-51.41,-53.75,-46.00,-54.25,-61.89,-56.17,-57.45,-55.66,-49.47,-53.75,2026-07-26 14:31:03+00:00
2026-07-26T14:32:04+00:00,-47.98,-60.98,-61.53,-56.02,-65.73,-45.63,-47.28,-51.64,-53.77,-46.10,-53.99,-61.94,-56.22,-57.62,-55.99,-49.49,-53.88,2026-07-26 14:32:04+00:00
2026-07-26T14:33:04+00:00,-48.67,-61.27,-62.44,-55.04,-65.97,-50.61,-47.42,-51.28,-55.14,-46.34,-54.57,-64.20,-56.71,-59.44,-55.98,-49.28,-55.00,2026-07-26 14:33:04+00:00
2026-07-26T14:34:03+00:00,-49.14,-61.13,-60.79,-55.03,-64.64,-50.54,-47.71,-51.36,-55.20,-46.58,-54.20,-62.01,-55.79,-58.42,-55.80,-48.69,-53.89,2026-07-26 14:34:03+00:00
2026-07-26T14:35:04+00:00,-48.66,-58.99,-59.29,-55.03,-64.01,-50.26,-47.43,-51.25,-54.12,-46.57,-53.85,-59.44,-54.85,-57.79,-55.50,-48.98,-52.30,2026-07-26 14:35:04+00:00
2026-07-26T14:36:04+00:00,-48.59,-61.19,-61.68,-56.17,-66.89,-50.40,-47.44,-51.67,-54.99,-46.79,-54.47,-63.58,-56.50,-59.32,-55.69,-48.62,-54.62,2026-07-26 14:36:04+00:00
2026-07-26T14:37:04+00:00,-49.16,-58.61,-60.10,-55.45,-64.78,-50.31,-47.76,-51.06,-54.35,-46.66,-54.27,-60.72,-55.77,-57.40,-55.33,-48.54,-53.51,2026-07-26 14:37:04+00:00
2026-07-26T14:38:03+00:00,-48.89,-58.41,-59.90,-55.17,-65.47,-50.29,-47.57,-51.29,-54.74,-46.65,-54.19,-61.90,-55.82,-58.38,-55.53,-48.43,-54.45,2026-07-26 14:38:03+00:00
2026-07-26T14:39:03+00:00,-47.22,-58.76,-61.11,-54.38,-65.50,-50.54,-47.46,-51.27,-51.38,-46.44,-54.23,-62.81,-56.24,-59.57,-56.01,-48.05,-54.02,2026-07-26 14:39:03+00:00
2026-07-26T14:40:04+00:00,-49.22,-58.71,-60.03,-54.11,-65.10,-50.54,-47.66,-51.22,-51.16,-46.49,-54.17,-61.37,-55.93,-58.60,-55.67,-48.08,-53.69,2026-07-26 14:40:04+00:00
2026-07-26T14:41:04+00:00,-49.39,-57.66,-59.41,-53.72,-65.11,-50.24,-47.74,-51.13,-51.19,-46.32,-53.96,-59.92,-55.28,-58.11,-54.98,-48.18,-52.53,2026-07-26 14:41:04+00:00
2026-07-26T14:42:03+00:00,-49.87,-59.37,-61.04,-53.89,-65.55,-50.46,-47.61,-51.28,-51.26,-46.29,-54.12,-62.71,-56.51,-60.09,-55.93,-48.00,-54.29,2026-07-26 14:42:03+00:00
2026-07-26T14:43:04+00:00,-49.49,-58.40,-60.57,-54.30,-65.72,-50.51,-47.60,-51.27,-51.07,-46.24,-54.05,-61.73,-56.22,-60.73,-55.40,-47.94,-54.55,2026-07-26 14:43:04+00:00
2026-07-26T14:44:04+00:00,-50.07,-60.57,-60.49,-54.15,-64.63,-50.70,-47.25,-51.26,-51.03,-46.36,-53.42,-62.39,-56.10,-60.29,-56.07,-47.91,-54.31,2026-07-26 14:44:04+00:00
2026-07-26T14:45:03+00:00,-49.72,-60.27,-60.84,-54.46,-65.39,-50.49,-47.23,-51.62,-51.07,-46.26,-54.11,-63.03,-56.40,-61.81,-56.51,-48.14,-53.94,2026-07-26 14:45:03+00:00
2026-07-26T14:46:03+00:00,-50.12,-59.69,-60.52,-53.88,-64.23,-50.47,-47.29,-51.51,-51.07,-46.24,-54.14,-61.41,-56.12,-60.86,-55.87,-48.42,-54.75,2026-07-26 14:46:03+00:00
2026-07-26T14:47:04+00:00,-49.27,-59.46,-59.00,-54.36,-63.68,-50.36,-47.10,-51.04,-50.92,-46.18,-53.57,-60.58,-55.53,-58.75,-55.28,-48.60,-54.87,2026-07-26 14:47:04+00:00
2026-07-26T14:48:04+00:00,-49.18,-59.01,-60.18,-54.12,-64.62,-50.41,-47.31,-51.06,-51.22,-46.30,-54.12,-60.93,-56.02,-59.72,-55.37,-48.81,-54.28,2026-07-26 14:48:04+00:00
2026-07-26T14:49:03+00:00,-49.45,-60.57,-60.31,-54.61,-65.16,-50.47,-47.80,-51.35,-51.42,-46.42,-54.16,-62.54,-56.29,-60.60,-56.45,-49.39,-54.13,2026-07-26 14:49:03+00:00
2026-07-26T14:50:04+00:00,-48.13,-60.03,-59.83,-54.23,-65.14,-50.40,-47.44,-51.31,-50.97,-46.20,-53.89,-61.51,-56.09,-59.59,-55.99,-49.03,-54.87,2026-07-26 14:50:04+00:00
2026-07-26T14:51:04+00:00,-49.23,-59.88,-60.13,-54.40,-65.86,-50.61,-47.07,-51.28,-50.42,-46.16,-53.97,-61.97,-55.87,-59.17,-55.84,-49.23,-53.93,2026-07-26 14:51:04+00:00
2026-07-26T14:52:03+00:00,-48.75,-59.25,-60.75,-54.57,-66.09,-50.64,-47.26,-51.38,-50.64,-46.05,-54.22,-62.74,-56.40,-61.47,-56.05,-49.31,-53.68,2026-07-26 14:52:03+00:00
2026-07-26T14:53:03+00:00,-47.75,-58.30,-60.17,-54.38,-65.10,-49.15,-47.65,-51.39,-50.42,-46.04,-54.21,-61.28,-55.81,-58.88,-56.11,-48.98,-53.81,2026-07-26 14:53:03+00:00
2026-07-26T14:54:04+00:00,-48.54,-58.58,-60.67,-54.85,-65.37,-49.41,-47.45,-51.20,-53.11,-45.73,-53.64,-62.51,-54.82,-59.98,-56.24,-48.66,-54.50,2026-07-26 14:54:04+00:00
2026-07-26T14:55:03+00:00,-48.42,-58.75,-61.29,-54.85,-65.95,-45.28,-47.80,-51.46,-53.20,-45.64,-53.42,-62.79,-55.45,-61.27,-56.61,-48.64,-53.75,2026-07-26 14:55:03+00:00
2026-07-26T14:56:03+00:00,-48.92,-59.26,-59.98,-54.69,-64.23,-45.60,-47.64,-51.26,-52.88,-45.85,-52.34,-61.69,-55.08,-59.16,-55.54,-48.64,-54.58,2026-07-26 14:56:03+00:00
2026-07-26T14:57:04+00:00,-48.57,-60.45,-61.21,-55.44,-65.88,-45.58,-47.77,-51.42,-53.22,-45.91,-52.45,-62.79,-55.57,-60.53,-56.42,-48.37,-53.96,2026-07-26 14:57:04+00:00
2026-07-26T14:58:04+00:00,-47.86,-59.09,-59.33,-54.77,-64.98,-45.53,-47.92,-51.32,-52.92,-45.88,-52.54,-61.34,-55.01,-58.28,-55.99,-48.07,-53.82,2026-07-26 14:58:04+00:00
2026-07-26T14:59:03+00:00,-47.78,-60.77,-59.89,-54.83,-64.19,-45.60,-47.35,-51.37,-52.83,-46.14,-52.98,-61.71,-55.50,-58.69,-55.71,-47.98,-53.42,2026-07-26 14:59:03+00:00
2026-07-26T15:00:03+00:00,-49.29,-61.37,-62.23,-55.43,-65.51,-45.80,-47.68,-51.58,-53.32,-45.93,-53.62,-63.30,-56.12,-60.89,-56.61,-47.83,-54.08,2026-07-26 15:00:03+00:00
2026-07-26T15:01:03+00:00,-48.36,-62.18,-62.36,-55.53,-66.71,-45.58,-47.90,-51.59,-53.40,-45.98,-54.05,-65.01,-56.25,-60.14,-56.49,-47.79,-54.16,2026-07-26 15:01:03+00:00
2026-07-26T15:02:03+00:00,-48.91,-62.26,-62.49,-54.64,-66.01,-45.70,-47.16,-51.60,-53.24,-46.18,-54.12,-65.36,-56.25,-59.65,-57.00,-48.03,-54.68,2026-07-26 15:02:03+00:00
2026-07-26T15:03:04+00:00,-48.25,-60.14,-60.39,-54.05,-65.09,-45.54,-47.79,-51.43,-52.40,-45.74,-53.90,-61.98,-55.62,-58.03,-56.09,-47.90,-53.94,2026-07-26 15:03:04+00:00
2026-07-26T15:04:04+00:00,-48.42,-60.00,-60.34,-53.77,-65.99,-45.58,-48.06,-51.32,-51.99,-45.73,-53.89,-60.70,-55.64,-57.05,-55.36,-47.93,-52.05,2026-07-26 15:04:04+00:00
2026-07-26T15:05:03+00:00,-48.80,-59.52,-62.23,-55.17,-66.21,-45.65,-47.82,-51.46,-53.74,-45.84,-54.56,-64.30,-56.12,-58.48,-56.57,-47.83,-54.65,2026-07-26 15:05:03+00:00
2026-07-26T15:06:03+00:00,-48.97,-59.75,-61.08,-55.06,-65.00,-45.68,-47.84,-51.49,-53.96,-45.68,-54.27,-62.86,-55.83,-57.82,-56.40,-47.59,-53.94,2026-07-26 15:06:03+00:00
2026-07-26T15:07:03+00:00,-48.88,-60.29,-62.24,-55.47,-65.60,-45.65,-47.91,-51.58,-54.01,-45.81,-54.64,-64.46,-56.19,-58.95,-56.44,-47.83,-54.77,2026-07-26 15:07:03+00:00
2026-07-26T15:08:04+00:00,-49.13,-60.79,-61.81,-55.37,-66.12,-45.78,-47.57,-51.56,-54.28,-45.76,-54.58,-63.66,-56.13,-58.99,-56.18,-47.37,-54.68,2026-07-26 15:08:04+00:00
2026-07-26T15:09:04+00:00,-49.27,-61.17,-62.22,-55.26,-66.19,-45.84,-47.63,-51.62,-54.51,-45.90,-54.49,-64.40,-56.26,-58.86,-56.55,-47.28,-54.74,2026-07-26 15:09:04+00:00
2026-07-26T15:10:03+00:00,-49.09,-56.82,-60.29,-55.16,-65.09,-45.67,-47.77,-51.41,-54.14,-45.83,-54.16,-61.15,-55.26,-57.08,-55.92,-46.75,-52.35,2026-07-26 15:10:03+00:00
2026-07-26T15:11:04+00:00,-49.50,-60.30,-61.74,-55.32,-66.05,-45.76,-48.24,-51.53,-54.48,-45.94,-54.24,-64.27,-56.00,-58.38,-56.39,-46.78,-54.79,2026-07-26 15:11:04+00:00
2026-07-26T15:12:04+00:00,-49.48,-60.78,-61.82,-55.06,-64.91,-45.80,-47.96,-51.61,-54.32,-45.95,-54.41,-64.16,-56.17,-58.14,-56.30,-46.51,-54.91,2026-07-26 15:12:04+00:00
2026-07-26T15:13:03+00:00,-49.83,-60.59,-63.60,-55.47,-65.65,-45.68,-47.84,-51.78,-54.57,-45.92,-54.71,-65.47,-56.50,-58.35,-56.70,-46.45,-54.65,2026-07-26 15:13:03+00:00
2026-07-26T15:14:03+00:00,-49.72,-60.49,-63.31,-55.49,-67.46,-45.56,-48.10,-51.58,-54.69,-45.73,-54.34,-65.39,-56.35,-58.35,-56.40,-46.17,-54.90,2026-07-26 15:14:03+00:00
2026-07-26T15:15:04+00:00,-49.52,-60.98,-63.40,-55.36,-65.65,-45.74,-47.68,-51.70,-54.73,-45.66,-54.13,-64.79,-56.08,-58.44,-56.69,-46.07,-54.58,2026-07-26 15:15:04+00:00
2026-07-26T15:16:03+00:00,-50.62,-60.64,-63.27,-55.58,-66.19,-45.50,-47.57,-51.54,-54.37,-45.52,-54.27,-64.98,-56.16,-58.69,-56.74,-46.20,-54.66,2026-07-26 15:16:03+00:00
2026-07-26T15:17:03+00:00,-51.33,-61.07,-63.74,-55.63,-66.63,-45.56,-47.49,-51.70,-53.85,-45.60,-54.67,-65.65,-56.31,-58.93,-56.87,-46.04,-54.80,2026-07-26 15:17:03+00:00
2026-07-26T15:18:04+00:00,-50.85,-60.64,-63.16,-56.78,-66.55,-45.89,-47.66,-51.68,-51.70,-45.65,-54.48,-64.86,-56.44,-59.13,-56.73,-45.83,-54.97,2026-07-26 15:18:04+00:00
2026-07-26T15:19:04+00:00,-52.48,-60.62,-63.12,-58.41,-66.14,-45.81,-47.65,-51.74,-52.04,-45.63,-54.63,-65.34,-56.45,-59.26,-56.76,-45.81,-54.90,2026-07-26 15:19:04+00:00
2026-07-26T15:20:03+00:00,-53.38,-61.29,-62.89,-56.41,-65.97,-45.68,-47.66,-51.87,-51.91,-45.89,-54.61,-64.77,-56.20,-59.17,-56.95,-45.80,-54.92,2026-07-26 15:20:03+00:00
2026-07-26T15:21:03+00:00,-52.97,-60.38,-62.16,-57.14,-66.00,-45.88,-47.96,-52.14,-51.75,-45.81,-54.35,-64.47,-55.92,-58.49,-56.58,-45.75,-53.94,2026-07-26 15:21:03+00:00
2026-07-26T15:22:04+00:00,-52.47,-60.21,-62.02,-57.37,-66.19,-45.63,-48.09,-52.17,-51.50,-45.95,-54.53,-63.97,-56.09,-58.60,-56.75,-45.61,-54.83,2026-07-26 15:22:04+00:00
2026-07-26T15:23:04+00:00,-52.58,-61.38,-63.08,-57.71,-65.72,-45.83,-47.55,-52.23,-50.63,-45.83,-54.50,-64.71,-56.52,-58.11,-57.13,-45.42,-54.69,2026-07-26 15:23:04+00:00
2026-07-26T15:24:03+00:00,-52.41,-61.36,-63.07,-57.17,-65.31,-45.76,-47.96,-52.28,-49.55,-45.65,-54.55,-64.59,-56.45,-57.80,-56.71,-45.63,-54.66,2026-07-26 15:24:03+00:00
2026-07-26T15:25:03+00:00,-52.72,-61.53,-62.46,-57.75,-66.33,-45.75,-48.39,-52.16,-49.62,-45.71,-54.31,-64.29,-56.65,-57.78,-57.13,-45.72,-54.57,2026-07-26 15:25:03+00:00
2026-07-26T15:26:04+00:00,-51.90,-61.77,-63.52,-57.67,-66.35,-45.84,-47.87,-52.31,-49.66,-45.96,-53.98,-64.96,-56.15,-60.67,-57.31,-48.02,-54.58,2026-07-26 15:26:04+00:00
2026-07-26T15:27:04+00:00,-52.66,-61.15,-63.15,-57.64,-66.16,-46.24,-47.99,-52.12,-49.63,-47.52,-52.04,-64.42,-56.00,-44.67,-55.43,-52.84,-53.59,2026-07-26 15:27:04+00:00
2026-07-26T15:28:03+00:00,-52.73,-60.76,-62.97,-57.86,-65.48,-46.22,-48.67,-52.06,-49.59,-46.72,-51.94,-64.00,-55.54,-42.30,-55.29,-47.33,-54.76,2026-07-26 15:28:03+00:00
2026-07-26T15:29:04+00:00,-51.15,-60.90,-62.37,-54.60,-66.10,-46.31,-47.96,-51.69,-49.50,-46.55,-52.08,-63.53,-55.63,-41.98,-54.62,-46.34,-54.05,2026-07-26 15:29:04+00:00
2026-07-26T15:30:04+00:00,-52.57,-60.89,-63.02,-55.74,-65.55,-46.44,-48.33,-51.81,-49.60,-46.21,-52.10,-64.25,-55.87,-41.79,-54.80,-46.11,-54.19,2026-07-26 15:30:04+00:00
2026-07-26T15:31:04+00:00,-50.58,-60.86,-63.31,-54.64,-64.73,-46.34,-47.66,-51.79,-49.54,-46.26,-52.21,-65.21,-55.69,-41.65,-54.64,-46.06,-53.97,2026-07-26 15:31:04+00:00
2026-07-26T15:32:04+00:00,-48.93,-61.28,-63.14,-54.82,-65.91,-46.33,-47.97,-51.80,-50.64,-46.34,-52.06,-64.33,-55.62,-41.78,-54.81,-45.99,-54.02,2026-07-26 15:32:04+00:00
2026-07-26T15:33:04+00:00,-48.28,-60.61,-63.17,-55.00,-65.96,-46.38,-47.68,-51.78,-51.06,-46.64,-52.02,-64.67,-55.71,-41.86,-54.92,-46.17,-54.26,2026-07-26 15:33:04+00:00
2026-07-26T15:34:03+00:00,-48.03,-59.34,-62.21,-55.95,-65.67,-46.32,-47.73,-51.59,-50.98,-46.52,-52.01,-62.81,-55.42,-41.67,-54.52,-46.64,-53.82,2026-07-26 15:34:03+00:00
2026-07-26T15:35:04+00:00,-48.40,-60.89,-62.19,-55.51,-66.49,-52.33,-47.36,-51.67,-50.35,-46.64,-52.00,-63.26,-55.62,-41.92,-55.05,-46.77,-53.82,2026-07-26 15:35:04+00:00
2026-07-26T15:36:03+00:00,-47.55,-60.44,-62.58,-55.85,-66.21,-52.16,-48.26,-51.65,-50.40,-46.61,-52.11,-63.70,-55.54,-41.74,-54.61,-47.15,-54.51,2026-07-26 15:36:03+00:00
2026-07-26T15:37:03+00:00,-48.39,-60.91,-62.28,-56.40,-65.97,-52.19,-48.02,-51.93,-50.29,-46.75,-52.29,-64.35,-55.69,-41.88,-54.62,-47.45,-53.94,2026-07-26 15:37:03+00:00
2026-07-26T15:38:04+00:00,-48.20,-61.48,-62.62,-56.17,-65.63,-52.03,-47.74,-52.07,-52.80,-46.77,-52.40,-63.84,-55.65,-41.89,-54.75,-47.76,-58.29,2026-07-26 15:38:04+00:00
2026-07-26T15:39:04+00:00,-47.38,-61.38,-62.84,-56.11,-66.11,-52.13,-47.61,-52.04,-52.96,-46.78,-52.43,-64.02,-55.54,-42.12,-54.86,-48.14,-58.61,2026-07-26 15:39:04+00:00
2026-07-26T15:40:03+00:00,-48.57,-61.66,-62.74,-55.35,-65.42,-51.91,-47.77,-51.99,-52.95,-46.75,-52.54,-64.39,-55.48,-42.14,-54.98,-48.67,-57.49,2026-07-26 15:40:03+00:00
2026-07-26T15:41:03+00:00,-48.41,-61.68,-63.02,-55.85,-66.02,-51.70,-47.94,-52.03,-52.92,-46.86,-52.65,-64.58,-55.76,-42.32,-55.21,-49.31,-58.62,2026-07-26 15:41:03+00:00
2026-07-26T15:42:04+00:00,-49.55,-61.37,-62.72,-55.61,-65.40,-51.38,-48.51,-51.82,-52.85,-46.80,-52.74,-63.42,-55.79,-42.41,-55.11,-49.64,-57.17,2026-07-26 15:42:04+00:00
2026-07-26T15:43:04+00:00,-48.55,-60.74,-61.77,-55.53,-65.80,-51.51,-47.88,-51.86,-52.82,-47.00,-52.57,-62.78,-55.42,-42.56,-54.91,-49.75,-57.17,2026-07-26 15:43:04+00:00
2026-07-26T15:44:03+00:00,-48.12,-61.04,-62.96,-55.53,-65.82,-51.60,-48.13,-52.06,-53.01,-47.04,-52.86,-64.25,-55.76,-42.88,-55.41,-50.30,-58.46,2026-07-26 15:44:03+00:00
2026-07-26T15:45:04+00:00,-48.88,-61.00,-61.50,-55.79,-65.22,-51.39,-48.07,-51.99,-52.81,-47.10,-52.80,-63.20,-55.36,-42.95,-55.83,-50.79,-57.91,2026-07-26 15:45:04+00:00
2026-07-26T15:46:04+00:00,-49.10,-60.81,-61.91,-55.27,-65.52,-51.54,-48.39,-51.78,-52.61,-47.05,-52.93,-62.58,-55.70,-43.14,-55.43,-50.91,-57.34,2026-07-26 15:46:04+00:00
2026-07-26T15:47:03+00:00,-50.55,-61.14,-61.94,-55.00,-66.30,-51.29,-48.30,-51.90,-53.03,-47.23,-53.09,-62.98,-55.19,-43.31,-55.22,-51.24,-58.47,2026-07-26 15:47:03+00:00
2026-07-26T15:48:03+00:00,-51.88,-59.42,-61.53,-55.46,-65.86,-51.19,-48.05,-51.89,-52.33,-46.86,-53.09,-62.58,-55.46,-43.49,-55.86,-51.27,-55.41,2026-07-26 15:48:03+00:00
2026-07-26T15:49:04+00:00,-51.21,-61.21,-61.80,-55.14,-66.22,-51.27,-48.51,-51.89,-52.32,-47.03,-53.37,-63.48,-55.75,-43.31,-55.59,-51.55,-57.96,2026-07-26 15:49:04+00:00
2026-07-26T15:50:03+00:00,-50.62,-61.74,-62.64,-55.97,-65.42,-51.48,-47.90,-52.09,-53.72,-47.11,-53.46,-64.19,-55.95,-43.95,-55.77,-51.67,-59.01,2026-07-26 15:50:03+00:00
2026-07-26T15:51:03+00:00,-52.04,-60.63,-62.22,-56.32,-66.58,-51.30,-48.69,-51.96,-53.72,-47.04,-53.39,-63.14,-55.85,-43.68,-56.40,-52.03,-58.91,2026-07-26 15:51:03+00:00
2026-07-26T15:52:04+00:00,-51.54,-60.78,-62.43,-56.70,-65.30,-51.40,-48.07,-52.02,-53.12,-46.84,-53.56,-63.47,-55.97,-43.97,-56.24,-51.91,-58.56,2026-07-26 15:52:04+00:00
2026-07-26T15:53:04+00:00,-51.51,-61.46,-62.32,-56.19,-65.89,-51.20,-48.02,-52.09,-54.04,-46.91,-53.73,-63.64,-56.04,-44.24,-56.53,-52.04,-56.90,2026-07-26 15:53:04+00:00
2026-07-26T15:54:03+00:00,-51.60,-61.62,-62.44,-56.71,-65.59,-51.14,-47.85,-52.04,-53.58,-46.80,-53.76,-63.71,-56.06,-44.55,-56.58,-52.33,-58.50,2026-07-26 15:54:03+00:00
2026-07-26T15:55:03+00:00,-52.18,-61.50,-62.39,-57.25,-66.24,-51.14,-48.49,-52.19,-53.95,-46.71,-52.71,-63.70,-55.97,-44.72,-56.67,-52.02,-58.79,2026-07-26 15:55:03+00:00
2026-07-26T15:56:04+00:00,-51.61,-61.12,-63.01,-57.28,-64.42,-51.19,-48.72,-52.15,-54.35,-46.85,-53.82,-64.33,-56.41,-45.16,-56.98,-52.43,-58.39,2026-07-26 15:56:04+00:00
2026-07-26T15:57:04+00:00,-51.71,-61.06,-63.25,-57.13,-65.56,-51.12,-48.44,-52.23,-53.99,-47.11,-53.96,-64.52,-56.07,-45.32,-57.00,-51.80,-57.77,2026-07-26 15:57:04+00:00
2026-07-26T15:58:03+00:00,-51.10,-61.62,-63.44,-57.84,-65.78,-51.46,-48.24,-52.25,-54.13,-46.98,-54.12,-64.70,-56.52,-45.56,-57.13,-51.62,-58.20,2026-07-26 15:58:03+00:00
2026-07-26T15:59:04+00:00,-50.86,-61.57,-63.82,-57.70,-65.84,-49.98,-48.41,-52.21,-52.59,-46.98,-54.16,-64.50,-56.33,-45.92,-57.09,-51.69,-59.33,2026-07-26 15:59:04+00:00
2026-07-26T16:00:04+00:00,-50.88,-61.40,-63.35,-57.93,-66.65,-49.51,-48.01,-52.12,-52.64,-47.03,-54.05,-65.08,-56.42,-46.18,-57.55,-51.19,-57.97,2026-07-26 16:00:04+00:00
2026-07-26T16:01:04+00:00,-50.89,-62.04,-63.75,-57.37,-66.00,-45.77,-48.20,-52.25,-52.70,-46.90,-54.29,-65.07,-56.42,-46.50,-57.36,-51.44,-58.92,2026-07-26 16:01:04+00:00
2026-07-26T16:02:03+00:00,-51.49,-61.95,-64.11,-57.33,-65.86,-45.90,-48.79,-52.22,-52.78,-46.99,-54.28,-65.97,-56.11,-46.78,-57.75,-51.02,-57.34,2026-07-26 16:02:03+00:00
2026-07-26T16:03:04+00:00,-51.57,-61.43,-63.72,-57.47,-66.29,-45.87,-48.60,-52.22,-53.46,-46.76,-54.44,-65.33,-57.00,-46.96,-57.29,-50.85,-59.26,2026-07-26 16:03:04+00:00
2026-07-26T16:04:03+00:00,-51.21,-61.51,-63.07,-57.60,-66.46,-46.09,-48.29,-52.20,-53.71,-46.84,-54.43,-64.97,-56.62,-47.08,-57.79,-50.67,-57.12,2026-07-26 16:04:03+00:00
2026-07-26T16:05:03+00:00,-50.70,-61.08,-62.50,-57.76,-66.21,-46.05,-48.48,-52.17,-53.77,-46.74,-54.33,-64.53,-56.87,-47.31,-57.70,-50.34,-58.94,2026-07-26 16:05:03+00:00
2026-07-26T16:06:04+00:00,-51.00,-62.34,-63.19,-58.42,-66.37,-45.86,-48.48,-52.23,-53.54,-46.71,-54.35,-64.45,-56.65,-47.32,-58.30,-50.25,-56.53,2026-07-26 16:06:04+00:00
2026-07-26T16:07:04+00:00,-50.26,-61.55,-63.18,-58.40,-65.99,-46.02,-48.19,-52.23,-53.61,-46.60,-54.62,-64.70,-56.84,-47.72,-57.64,-49.95,-59.74,2026-07-26 16:07:04+00:00
2026-07-26T16:08:03+00:00,-49.36,-61.54,-62.18,-56.77,-65.81,-45.91,-48.14,-52.34,-50.42,-46.52,-54.41,-63.95,-56.63,-47.89,-57.76,-49.68,-58.05,2026-07-26 16:08:03+00:00
2026-07-26T16:09:04+00:00,-49.76,-61.10,-63.97,-57.66,-66.82,-45.98,-47.91,-52.28,-50.35,-46.50,-54.40,-65.69,-56.80,-47.98,-58.20,-49.41,-59.91,2026-07-26 16:09:04+00:00
2026-07-26T16:10:04+00:00,-50.53,-61.23,-62.95,-57.65,-67.32,-45.95,-48.13,-52.16,-50.91,-46.42,-53.29,-64.38,-58.48,-48.11,-58.28,-49.31,-57.43,2026-07-26 16:10:04+00:00
2026-07-26T16:11:03+00:00,-50.74,-61.99,-62.66,-57.31,-65.91,-45.88,-48.26,-52.23,-50.52,-46.60,-54.34,-64.29,-56.45,-48.47,-58.47,-49.00,-56.78,2026-07-26 16:11:03+00:00
2026-07-26T16:12:03+00:00,-50.23,-61.78,-63.03,-57.71,-66.16,-45.75,-48.12,-52.19,-50.77,-46.55,-54.48,-63.79,-56.78,-48.55,-58.56,-48.66,-58.31,2026-07-26 16:12:03+00:00
2026-07-26T16:13:04+00:00,-50.62,-61.61,-62.37,-58.00,-65.73,-45.87,-48.22,-52.24,-50.85,-46.63,-54.40,-63.99,-56.40,-48.89,-58.67,-48.68,-58.83,2026-07-26 16:13:04+00:00
2026-07-26T16:14:04+00:00,-50.00,-61.93,-62.90,-58.31,-66.42,-45.81,-48.43,-52.30,-50.35,-46.46,-54.61,-63.90,-56.64,-48.88,-58.44,-48.52,-58.80,2026-07-26 16:14:04+00:00
2026-07-26T16:15:03+00:00,-50.30,-62.18,-63.31,-58.02,-66.55,-45.95,-48.50,-52.30,-50.47,-46.57,-54.68,-64.18,-58.95,-48.84,-58.60,-48.40,-59.25,2026-07-26 16:15:03+00:00
2026-07-26T16:16:04+00:00,-50.09,-61.56,-63.36,-58.71,-66.29,-46.13,-48.55,-52.26,-50.40,-46.37,-54.73,-64.91,-56.83,-48.97,-58.83,-48.27,-58.58,2026-07-26 16:16:04+00:00
2026-07-26T16:17:04+00:00,-48.27,-62.27,-62.91,-58.68,-66.13,-45.89,-48.65,-52.29,-50.12,-46.44,-54.83,-63.66,-56.72,-49.34,-58.35,-47.90,-57.34,2026-07-26 16:17:04+00:00
2026-07-26T16:18:03+00:00,-48.91,-61.63,-62.70,-58.63,-65.44,-45.99,-48.16,-52.21,-50.11,-57.43,-54.61,-63.19,-56.60,-49.15,-57.62,-47.86,-58.25,2026-07-26 16:18:03+00:00
2026-07-26T16:19:03+00:00,-48.22,-61.95,-63.60,-58.60,-65.19,-45.89,-49.01,-52.33,-50.21,-46.34,-54.79,-64.77,-56.98,-49.42,-58.65,-47.89,-58.24,2026-07-26 16:19:03+00:00
2026-07-26T16:20:04+00:00,-48.69,-62.40,-63.22,-58.62,-65.43,-46.08,-48.38,-52.24,-49.50,-46.11,-54.79,-64.89,-57.01,-49.27,-58.70,-47.65,-59.05,2026-07-26 16:20:04+00:00
2026-07-26T16:21:04+00:00,-48.22,-61.44,-63.06,-57.93,-67.17,-45.93,-48.59,-52.22,-49.50,-46.09,-54.86,-64.22,-57.11,-49.14,-58.71,-47.50,-59.13,2026-07-26 16:21:04+00:00
2026-07-26T16:22:03+00:00,-48.24,-61.42,-63.20,-58.05,-65.44,-46.05,-48.60,-52.18,-49.47,-46.15,-55.00,-64.76,-56.94,-49.23,-57.98,-47.48,-59.29,2026-07-26 16:22:03+00:00
2026-07-26T16:23:03+00:00,-48.06,-62.12,-63.42,-58.01,-65.36,-46.15,-48.18,-52.18,-51.74,-46.36,-54.95,-65.21,-57.14,-49.53,-58.65,-47.33,-59.29,2026-07-26 16:23:03+00:00
2026-07-26T16:24:04+00:00,-48.35,-62.00,-62.47,-56.94,-65.57,-46.05,-48.40,-52.07,-51.72,-46.31,-54.92,-63.70,-56.63,-49.26,-58.05,-47.11,-56.35,2026-07-26 16:24:04+00:00
2026-07-26T16:25:04+00:00,-48.24,-62.30,-63.26,-58.38,-66.48,-46.06,-49.00,-52.14,-52.06,-46.27,-54.81,-63.90,-57.16,-49.19,-58.55,-47.18,-56.58,2026-07-26 16:25:04+00:00
2026-07-26T16:26:03+00:00,-47.98,-62.32,-63.88,-59.03,-66.53,-46.14,-48.97,-52.20,-51.78,-46.15,-54.89,-65.66,-57.42,-49.44,-59.12,-47.13,-60.33,2026-07-26 16:26:03+00:00
2026-07-26T16:27:03+00:00,-48.05,-61.64,-63.71,-59.65,-66.54,-45.79,-48.27,-52.26,-51.68,-46.12,-55.07,-66.01,-57.36,-49.41,-58.90,-47.02,-60.40,2026-07-26 16:27:03+00:00
2026-07-26T16:28:04+00:00,-48.24,-60.69,-63.79,-58.70,-65.99,-46.06,-48.28,-52.29,-51.69,-46.14,-55.19,-64.83,-56.89,-49.15,-58.81,-47.11,-58.02,2026-07-26 16:28:04+00:00
2026-07-26T16:29:04+00:00,-48.24,-61.66,-64.39,-58.92,-65.85,-46.01,-48.77,-52.27,-51.76,-46.15,-55.03,-66.33,-57.34,-49.11,-58.72,-47.16,-60.35,2026-07-26 16:29:04+00:00
2026-07-26T16:30:03+00:00,-48.38,-62.08,-64.77,-58.12,-66.89,-46.03,-48.82,-52.27,-51.73,-49.16,-55.22,-67.02,-57.34,-48.95,-58.65,-47.16,-60.45,2026-07-26 16:30:03+00:00
2026-07-26T16:31:03+00:00,-48.50,-61.49,-63.86,-57.99,-66.05,-45.79,-48.56,-52.20,-51.77,-46.34,-55.03,-64.04,-57.55,-48.63,-58.85,-47.25,-55.22,2026-07-26 16:31:03+00:00
2026-07-26T16:32:04+00:00,-50.47,-63.17,-63.95,-58.70,-65.82,-45.91,-48.46,-52.21,-52.00,-46.33,-55.25,-65.88,-57.36,-48.90,-58.97,-47.26,-60.22,2026-07-26 16:32:04+00:00
2026-07-26T16:33:03+00:00,-50.04,-62.82,-64.39,-58.56,-66.02,-50.98,-48.27,-52.31,-51.48,-46.17,-54.71,-65.78,-57.37,-48.55,-58.39,-47.18,-58.77,2026-07-26 16:33:03+00:00
2026-07-26T16:34:03+00:00,-50.13,-62.21,-64.24,-58.56,-66.44,-50.92,-48.38,-52.33,-51.29,-46.27,-55.07,-66.22,-57.19,-48.64,-58.47,-47.20,-59.66,2026-07-26 16:34:03+00:00
2026-07-26T16:35:04+00:00,-50.48,-62.01,-63.56,-59.03,-66.11,-50.89,-48.82,-52.20,-52.49,-46.31,-55.18,-65.75,-57.16,-48.49,-58.43,-47.32,-60.70,2026-07-26 16:35:04+00:00
2026-07-26T16:36:04+00:00,-49.87,-62.83,-64.28,-59.06,-66.35,-50.72,-48.57,-52.30,-52.64,-46.30,-55.22,-66.48,-57.32,-48.40,-58.28,-47.17,-60.68,2026-07-26 16:36:04+00:00
2026-07-26T16:37:03+00:00,-49.87,-61.69,-63.55,-59.13,-65.87,-50.58,-48.13,-52.26,-52.74,-46.53,-55.19,-65.59,-57.40,-48.36,-58.74,-47.04,-59.74,2026-07-26 16:37:03+00:00
2026-07-26T16:38:10+00:00,-50.46,-62.82,-64.04,-58.98,-65.20,-50.59,-48.13,-52.36,-52.87,-46.40,-54.98,-65.81,-57.37,-48.15,-58.82,-47.24,-59.34,2026-07-26 16:38:10+00:00
2026-07-26T16:39:03+00:00,-49.53,-62.58,-60.85,-58.43,-65.87,-50.72,-48.69,-52.27,-53.14,-46.23,-55.07,-64.20,-57.00,-48.28,-58.76,-47.02,-56.54,2026-07-26 16:39:03+00:00
2026-07-26T16:40:04+00:00,-49.26,-61.31,-63.83,-58.92,-66.17,-50.79,-48.66,-52.11,-52.35,-45.42,-49.07,-64.53,-57.04,-48.15,-58.47,-46.83,-57.16,2026-07-26 16:40:04+00:00
2026-07-26T16:41:04+00:00,-49.15,-61.37,-63.87,-59.22,-65.97,-50.67,-48.45,-52.20,-52.40,-45.76,-50.31,-65.23,-57.24,-48.18,-58.85,-46.96,-58.29,2026-07-26 16:41:04+00:00
2026-07-26T16:42:03+00:00,-49.25,-61.68,-64.13,-59.28,-66.08,-50.65,-49.05,-52.17,-52.28,-45.63,-50.59,-66.19,-57.11,-48.19,-58.73,-47.04,-59.67,2026-07-26 16:42:03+00:00
2026-07-26T16:43:03+00:00,-48.44,-59.32,-63.26,-58.96,-66.82,-50.70,-48.72,-52.04,-52.63,-46.50,-54.64,-65.72,-57.20,-47.94,-58.12,-46.77,-58.44,2026-07-26 16:43:03+00:00
2026-07-26T16:44:04+00:00,-48.95,-60.77,-64.16,-59.24,-67.14,-50.81,-49.16,-52.26,-52.80,-46.39,-52.23,-66.64,-57.33,-47.71,-58.98,-46.71,-60.08,2026-07-26 16:44:04+00:00
2026-07-26T16:45:04+00:00,-48.25,-60.57,-62.55,-58.41,-65.58,-50.81,-48.78,-52.20,-52.47,-46.03,-51.05,-65.20,-56.95,-47.62,-58.75,-46.68,-56.04,2026-07-26 16:45:04+00:00
2026-07-26T16:46:03+00:00,-48.30,-61.42,-63.59,-58.75,-65.93,-50.75,-48.64,-52.20,-52.04,-45.52,-49.84,-66.38,-57.31,-47.87,-58.63,-46.60,-59.65,2026-07-26 16:46:03+00:00
2026-07-26T16:47:03+00:00,-47.93,-61.36,-64.28,-59.39,-66.22,-50.72,-48.80,-52.19,-52.78,-45.44,-49.40,-66.17,-57.58,-47.57,-58.96,-46.63,-60.24,2026-07-26 16:47:03+00:00
2026-07-26T16:48:04+00:00,-48.11,-61.85,-63.13,-59.13,-66.35,-50.88,-48.39,-52.31,-53.34,-45.12,-49.32,-66.14,-57.55,-47.68,-59.03,-46.61,-59.23,2026-07-26 16:48:04+00:00
2026-07-26T16:49:03+00:00,-48.51,-60.41,-61.29,-58.36,-66.77,-50.94,-48.64,-52.20,-53.09,-44.73,-48.94,-61.33,-57.34,-47.27,-58.98,-46.73,-53.46,2026-07-26 16:49:03+00:00
2026-07-26T16:50:03+00:00,-49.13,-62.62,-63.56,-59.31,-66.17,-51.13,-48.89,-52.28,-52.98,-44.70,-48.23,-66.54,-58.80,-47.19,-59.21,-46.68,-59.46,2026-07-26 16:50:03+00:00
2026-07-26T16:51:04+00:00,-49.11,-61.70,-62.55,-59.14,-65.83,-50.88,-48.79,-52.39,-53.91,-44.12,-47.96,-65.63,-58.90,-47.36,-59.07,-46.66,-59.43,2026-07-26 16:51:04+00:00
2026-07-26T16:52:04+00:00,-49.65,-61.53,-63.02,-59.13,-66.33,-50.74,-48.44,-52.30,-54.27,-44.14,-48.17,-65.35,-55.90,-47.12,-58.94,-46.70,-58.99,2026-07-26 16:52:04+00:00
2026-07-26T16:53:03+00:00,-50.50,-62.24,-62.91,-59.13,-66.33,-50.85,-49.14,-52.35,-51.13,-44.25,-49.07,-65.65,-55.81,-46.90,-58.96,-46.71,-59.30,2026-07-26 16:53:03+00:00
2026-07-26T16:54:03+00:00,-49.63,-62.28,-63.22,-58.89,-65.69,-50.70,-49.06,-52.41,-50.99,-43.64,-48.06,-65.70,-52.28,-47.31,-58.58,-46.75,-59.41,2026-07-26 16:54:03+00:00
2026-07-26T16:55:04+00:00,-49.53,-62.81,-63.93,-59.42,-66.19,-50.95,-49.71,-52.40,-50.97,-43.36,-47.93,-67.48,-52.14,-47.16,-58.69,-47.01,-60.72,2026-07-26 16:55:04+00:00
2026-07-26T16:56:03+00:00,-49.43,-62.96,-63.82,-59.49,-67.21,-50.77,-48.70,-52.48,-50.91,-43.34,-47.97,-67.32,-49.91,-47.00,-59.09,-47.00,-60.70,2026-07-26 16:56:03+00:00
2026-07-26T16:57:03+00:00,-49.71,-61.97,-62.03,-59.16,-66.38,-49.81,-48.20,-52.42,-50.89,-43.44,-47.85,-65.79,-49.75,-47.03,-58.53,-47.17,-58.33,2026-07-26 16:57:03+00:00
2026-07-26T16:58:04+00:00,-49.64,-61.37,-62.37,-59.66,-66.01,-49.67,-49.02,-52.38,-50.93,-43.48,-47.97,-66.24,-48.90,-46.87,-59.05,-47.24,-58.90,2026-07-26 16:58:04+00:00
2026-07-26T16:59:04+00:00,-49.41,-62.11,-62.15,-60.11,-65.51,-46.48,-48.93,-52.40,-50.90,-43.32,-47.77,-64.54,-48.72,-46.92,-58.84,-47.31,-58.21,2026-07-26 16:59:04+00:00
2026-07-26T17:00:03+00:00,-49.33,-62.95,-62.70,-59.67,-67.04,-46.35,-48.63,-52.51,-50.72,-43.28,-47.73,-66.56,-48.52,-46.68,-58.96,-47.17,-59.23,2026-07-26 17:00:03+00:00
2026-07-26T17:01:04+00:00,-48.10,-62.50,-62.49,-60.00,-66.90,-45.98,-48.96,-52.42,-50.84,-43.23,-47.52,-66.02,-48.40,-46.93,-59.21,-47.42,-58.96,2026-07-26 17:01:04+00:00
2026-07-26T17:02:03+00:00,-47.34,-62.69,-62.82,-59.29,-66.48,-45.97,-49.30,-52.54,-50.58,-43.27,-47.52,-66.89,-48.24,-46.83,-58.83,-47.10,-59.51,2026-07-26 17:02:03+00:00
2026-07-26T17:03:04+00:00,-47.77,-63.01,-64.98,-59.33,-66.06,-45.90,-48.81,-52.53,-50.63,-43.30,-47.82,-66.46,-48.22,-46.81,-59.18,-47.12,-59.88,2026-07-26 17:03:04+00:00
2026-07-26T17:04:03+00:00,-47.87,-62.95,-64.04,-59.07,-66.46,-45.77,-48.83,-52.44,-50.67,-43.47,-47.70,-65.58,-48.65,-46.67,-58.33,-47.02,-58.57,2026-07-26 17:04:03+00:00
2026-07-26T17:05:03+00:00,-47.86,-62.11,-64.70,-59.62,-67.17,-45.79,-48.66,-52.36,-49.77,-43.51,-47.69,-65.33,-49.12,-46.86,-59.53,-47.12,-58.59,2026-07-26 17:05:03+00:00
2026-07-26T17:06:04+00:00,-47.90,-62.55,-65.21,-59.89,-66.08,-45.87,-48.72,-52.48,-49.95,-43.54,-47.58,-66.72,-53.44,-46.77,-58.69,-46.97,-58.20,2026-07-26 17:06:04+00:00
2026-07-26T17:07:03+00:00,-47.91,-62.38,-65.02,-60.16,-66.31,-45.85,-49.20,-52.54,-49.86,-44.04,-48.64,-67.09,-56.28,-46.63,-59.23,-47.00,-59.93,2026-07-26 17:07:03+00:00
2026-07-26T17:08:03+00:00,-48.21,-62.19,-64.18,-60.01,-66.62,-45.83,-48.77,-52.55,-52.38,-44.00,-48.54,-65.94,-51.15,-46.46,-58.71,-46.79,-59.29,2026-07-26 17:08:03+00:00
2026-07-26T17:09:04+00:00,-47.88,-61.14,-65.00,-60.08,-66.65,-45.84,-48.73,-52.52,-52.09,-43.80,-47.65,-66.61,-51.03,-46.60,-58.62,-46.94,-59.99,2026-07-26 17:09:04+00:00
2026-07-26T17:10:04+00:00,-48.54,-61.61,-65.03,-60.10,-65.98,-45.92,-49.05,-52.59,-52.01,-43.64,-47.81,-66.38,-49.16,-46.42,-58.81,-47.23,-59.72,2026-07-26 17:10:04+00:00
2026-07-26T17:11:03+00:00,-48.26,-62.34,-65.14,-59.99,-66.31,-45.79,-48.89,-52.61,-52.03,-43.65,-47.78,-66.90,-49.57,-46.28,-58.81,-47.51,-60.62,2026-07-26 17:11:03+00:00
2026-07-26T17:12:03+00:00,-48.01,-62.71,-65.09,-59.81,-66.49,-45.80,-49.49,-52.79,-52.59,-46.83,-55.57,-67.05,-49.56,-46.50,-58.67,-47.77,-58.75,2026-07-26 17:12:03+00:00
2026-07-26T17:13:04+00:00,-48.16,-61.40,-63.87,-59.88,-66.18,-45.68,-48.76,-52.70,-52.46,-46.54,-54.97,-65.45,-49.66,-46.54,-58.52,-47.96,-60.05,2026-07-26 17:13:04+00:00
2026-07-26T17:14:03+00:00,-48.60,-62.40,-65.21,-60.29,-67.40,-45.74,-48.89,-52.82,-52.62,-46.51,-55.46,-67.01,-49.72,-46.26,-58.72,-48.28,-61.22,2026-07-26 17:14:03+00:00
2026-07-26T17:15:03+00:00,-48.81,-62.49,-64.29,-59.96,-66.66,-45.68,-49.28,-52.73,-52.63,-46.77,-55.26,-65.81,-49.64,-46.17,-58.58,-48.45,-57.93,2026-07-26 17:15:03+00:00
2026-07-26T17:16:04+00:00,-50.34,-62.01,-65.20,-60.61,-66.04,-45.80,-48.93,-52.17,-52.97,-46.81,-55.39,-66.87,-49.67,-46.00,-58.43,-48.39,-60.87,2026-07-26 17:16:04+00:00
2026-07-26T17:17:04+00:00,-50.60,-62.65,-65.22,-60.32,-66.09,-45.91,-48.93,-52.16,-52.45,-46.84,-55.60,-67.04,-49.70,-45.94,-58.74,-48.27,-59.41,2026-07-26 17:17:04+00:00
2026-07-26T17:18:03+00:00,-50.54,-62.15,-64.63,-60.37,-66.55,-45.83,-49.45,-52.13,-52.41,-46.73,-55.53,-66.09,-49.73,-45.89,-58.59,-48.27,-60.04,2026-07-26 17:18:03+00:00
2026-07-26T17:19:03+00:00,-50.63,-62.09,-64.81,-60.50,-65.82,-45.77,-48.93,-52.21,-52.31,-46.71,-55.16,-66.40,-49.77,-45.69,-58.41,-48.28,-58.57,2026-07-26 17:19:03+00:00
2026-07-26T17:20:04+00:00,-50.83,-62.44,-64.81,-60.42,-67.05,-45.86,-48.68,-52.22,-54.25,-46.73,-55.60,-66.41,-50.62,-45.58,-58.73,-48.06,-61.41,2026-07-26 17:20:04+00:00
2026-07-26T17:21:03+00:00,-51.08,-62.42,-65.24,-60.68,-66.50,-45.87,-49.32,-52.34,-54.27,-46.73,-55.53,-66.46,-50.91,-45.69,-59.16,-48.12,-61.34,2026-07-26 17:21:03+00:00
2026-07-26T17:22:03+00:00,-50.20,-62.48,-65.12,-60.30,-66.22,-46.26,-49.22,-52.32,-54.19,-47.20,-55.19,-66.36,-56.11,-45.41,-58.59,-48.05,-60.77,2026-07-26 17:22:03+00:00
2026-07-26T17:23:03+00:00,-49.51,-63.10,-64.94,-60.77,-66.37,-46.81,-48.91,-52.25,-54.16,-47.07,-55.74,-66.30,-59.13,-45.35,-58.38,-47.87,-59.36,2026-07-26 17:23:03+00:00
2026-07-26T17:24:04+00:00,-50.41,-62.76,-64.91,-60.70,-66.43,-46.81,-49.30,-52.33,-54.47,-47.11,-55.68,-66.29,-58.43,-45.27,-59.06,-47.54,-58.44,2026-07-26 17:24:04+00:00
2026-07-26T17:25:03+00:00,-50.26,-62.19,-64.51,-60.57,-66.01,-46.97,-49.03,-52.32,-54.46,-47.00,-55.54,-66.15,-58.48,-45.28,-58.51,-47.67,-60.90,2026-07-26 17:25:03+00:00
2026-07-26T17:26:03+00:00,-49.55,-62.93,-64.49,-60.46,-66.56,-46.72,-49.01,-52.26,-54.34,-47.14,-54.84,-66.26,-53.24,-45.25,-58.59,-47.49,-60.20,2026-07-26 17:26:03+00:00
2026-07-26T17:27:04+00:00,-50.08,-61.94,-64.07,-59.55,-67.48,-46.85,-49.28,-52.37,-54.39,-47.17,-54.74,-65.11,-53.12,-45.14,-59.01,-47.41,-57.49,2026-07-26 17:27:04+00:00
2026-07-26T17:28:04+00:00,-50.29,-62.28,-64.79,-60.29,-67.18,-46.88,-49.37,-52.35,-54.42,-47.14,-54.77,-65.93,-50.09,-44.99,-59.19,-47.43,-59.90,2026-07-26 17:28:04+00:00
2026-07-26T17:29:03+00:00,-50.33,-62.78,-64.52,-60.50,-66.33,-46.86,-49.33,-52.44,-54.44,-47.20,-55.06,-65.97,-50.55,-45.01,-58.29,-47.58,-60.48,2026-07-26 17:29:03+00:00
2026-07-26T17:30:03+00:00,-50.73,-62.17,-64.51,-60.55,-66.07,-46.73,-48.85,-52.38,-54.37,-47.34,-54.40,-65.42,-50.56,-44.81,-58.35,-47.81,-59.42,2026-07-26 17:30:03+00:00
2026-07-26T17:31:03+00:00,-50.58,-62.83,-63.83,-60.94,-66.41,-46.93,-49.77,-52.26,-54.23,-47.41,-54.66,-65.19,-50.49,-44.87,-58.77,-48.13,-56.73,2026-07-26 17:31:03+00:00
2026-07-26T17:32:04+00:00,-50.52,-62.03,-65.23,-59.92,-66.55,-46.98,-49.43,-52.47,-54.66,-47.58,-55.34,-66.15,-50.70,-44.65,-58.97,-48.18,-60.52,2026-07-26 17:32:04+00:00
2026-07-26T17:33:04+00:00,-50.37,-60.72,-63.72,-59.86,-65.99,-46.73,-49.35,-52.50,-54.58,-47.46,-55.19,-64.85,-50.60,-44.89,-58.55,-48.29,-57.69,2026-07-26 17:33:04+00:00
2026-07-26T17:34:03+00:00,-50.09,-63.46,-65.25,-59.78,-66.83,-46.71,-48.98,-52.54,-54.94,-47.55,-55.16,-66.56,-50.79,-44.59,-58.71,-48.43,-57.86,2026-07-26 17:34:03+00:00
2026-07-26T17:35:04+00:00,-50.35,-62.27,-64.70,-59.45,-67.02,-46.59,-49.08,-52.49,-54.74,-47.66,-55.16,-64.20,-51.55,-44.66,-58.80,-48.78,-56.36,2026-07-26 17:35:04+00:00
2026-07-26T17:36:03+00:00,-51.03,-62.69,-65.04,-59.35,-66.50,-46.30,-49.84,-52.53,-54.87,-47.84,-55.13,-66.23,-51.34,-44.58,-59.28,-48.78,-58.97,2026-07-26 17:36:03+00:00
2026-07-26T17:37:03+00:00,-51.18,-63.69,-65.10,-59.66,-67.03,-46.51,-49.62,-52.53,-55.00,-47.85,-55.02,-66.26,-52.30,-44.35,-59.07,-48.83,-60.98,2026-07-26 17:37:03+00:00
2026-07-26T17:38:04+00:00,-50.90,-62.94,-64.78,-59.54,-66.76,-46.20,-49.84,-52.61,-51.23,-48.14,-55.13,-65.91,-58.39,-44.40,-58.78,-49.02,-60.28,2026-07-26 17:38:04+00:00
2026-07-26T17:39:04+00:00,-50.72,-62.29,-65.14,-59.63,-66.31,-46.23,-49.53,-52.64,-50.95,-47.92,-54.54,-66.02,-57.91,-44.39,-58.74,-49.37,-59.80,2026-07-26 17:39:04+00:00
2026-07-26T17:40:03+00:00,-50.10,-62.83,-65.02,-59.83,-65.98,-50.98,-48.88,-52.70,-51.01,-48.00,-54.25,-66.32,-57.81,-44.33,-58.59,-49.38,-60.04,2026-07-26 17:40:03+00:00
2026-07-26T17:41:03+00:00,-50.39,-63.19,-65.23,-60.18,-66.80,-50.95,-49.14,-52.59,-50.97,-47.98,-54.16,-66.35,-57.73,-44.28,-59.05,-49.38,-59.79,2026-07-26 17:41:03+00:00
2026-07-26T17:42:04+00:00,-50.96,-63.09,-64.99,-59.93,-66.32,-50.76,-49.14,-52.63,-51.04,-48.15,-55.34,-65.39,-57.46,-44.25,-58.71,-49.47,-59.95,2026-07-26 17:42:04+00:00
2026-07-26T17:43:04+00:00,-49.97,-62.74,-64.62,-59.61,-65.46,-50.93,-49.26,-52.62,-51.07,-48.13,-55.34,-65.88,-58.54,-44.33,-58.76,-49.46,-59.93,2026-07-26 17:43:04+00:00
2026-07-26T17:44:03+00:00,-50.36,-62.78,-65.54,-59.96,-66.14,-50.92,-49.44,-52.58,-51.06,-48.01,-55.57,-67.56,-58.95,-44.26,-59.20,-49.42,-60.61,2026-07-26 17:44:03+00:00
2026-07-26T17:45:04+00:00,-50.88,-61.64,-65.66,-59.63,-65.69,-50.85,-50.13,-52.65,-51.09,-48.04,-55.63,-67.61,-59.08,-44.29,-59.19,-49.78,-59.13,2026-07-26 17:45:04+00:00
2026-07-26T17:46:04+00:00,-48.52,-62.56,-64.92,-59.26,-65.98,-51.01,-49.97,-52.64,-50.85,-48.11,-55.85,-66.96,-58.54,-44.28,-59.18,-50.07,-60.11,2026-07-26 17:46:04+00:00
2026-07-26T17:47:03+00:00,-48.28,-62.63,-65.22,-59.17,-66.17,-51.08,-49.90,-52.57,-50.81,-48.23,-55.82,-67.56,-58.11,-44.51,-58.86,-49.98,-60.39,2026-07-26 17:47:03+00:00
2026-07-26T17:48:03+00:00,-48.58,-62.85,-65.19,-59.42,-66.55,-50.96,-50.06,-52.53,-50.77,-48.24,-55.15,-67.49,-58.65,-44.28,-59.29,-49.84,-61.04,2026-07-26 17:48:03+00:00
2026-07-26T17:49:04+00:00,-48.14,-62.55,-64.84,-59.78,-66.51,-50.92,-50.48,-52.58,-50.81,-48.10,-55.29,-67.09,-51.32,-44.44,-59.13,-50.24,-60.53,2026-07-26 17:49:04+00:00
2026-07-26T17:50:04+00:00,-48.71,-63.02,-65.55,-59.29,-66.18,-50.77,-50.25,-52.62,-50.02,-48.11,-55.34,-67.36,-51.28,-44.36,-59.43,-50.33,-60.88,2026-07-26 17:50:04+00:00
2026-07-26T17:51:03+00:00,-49.16,-63.18,-65.66,-59.41,-66.63,-51.02,-49.77,-52.61,-50.10,-48.14,-55.15,-68.04,-57.16,-44.60,-59.62,-50.29,-59.22,2026-07-26 17:51:03+00:00
2026-07-26T17:52:04+00:00,-48.72,-62.94,-65.84,-59.44,-66.26,-50.92,-49.88,-52.62,-50.09,-48.14,-54.88,-67.84,-58.02,-44.54,-59.45,-50.31,-60.87,2026-07-26 17:52:04+00:00
2026-07-26T17:53:04+00:00,-48.41,-63.42,-65.73,-59.68,-66.80,-51.03,-50.40,-52.52,-52.87,-48.38,-54.85,-67.83,-58.90,-44.54,-59.33,-50.22,-60.14,2026-07-26 17:53:04+00:00
2026-07-26T17:54:03+00:00,-48.65,-63.00,-64.99,-59.91,-66.20,-50.89,-50.48,-52.60,-52.71,-48.40,-55.02,-66.61,-58.96,-44.47,-59.61,-50.21,-60.77,2026-07-26 17:54:03+00:00
2026-07-26T17:55:03+00:00,-48.57,-62.76,-64.22,-60.16,-66.56,-50.90,-50.60,-52.57,-52.47,-48.52,-54.29,-61.30,-59.06,-44.72,-58.65,-49.76,-60.25,2026-07-26 17:55:03+00:00
2026-07-26T17:56:04+00:00,-48.14,-62.83,-64.84,-60.00,-66.86,-50.97,-50.43,-52.55,-52.40,-48.57,-54.43,-61.22,-59.24,-44.56,-59.55,-49.82,-60.18,2026-07-26 17:56:04+00:00
2026-07-26T17:57:04+00:00,-48.65,-63.25,-64.84,-59.60,-66.48,-50.98,-49.54,-52.55,-52.81,-48.41,-54.10,-61.30,-59.36,-44.61,-59.60,-49.95,-60.23,2026-07-26 17:57:04+00:00
2026-07-26T17:58:03+00:00,-48.47,-62.87,-64.71,-59.85,-66.18,-50.86,-49.62,-52.63,-52.84,-48.47,-53.68,-61.46,-59.09,-44.40,-59.13,-49.71,-59.97,2026-07-26 17:58:03+00:00
2026-07-26T17:59:03+00:00,-48.73,-62.40,-61.92,-59.46,-66.23,-50.79,-50.20,-52.68,-52.87,-48.55,-54.21,-60.20,-59.29,-44.42,-59.24,-49.72,-59.73,2026-07-26 17:59:03+00:00
2026-07-26T18:00:04+00:00,-48.28,-63.04,-65.41,-59.87,-65.49,-50.74,-50.68,-52.80,-53.15,-48.54,-55.11,-65.73,-59.51,-44.33,-59.68,-49.90,-60.16,2026-07-26 18:00:04+00:00
2026-07-26T18:01:04+00:00,-51.02,-62.88,-65.16,-60.46,-66.56,-50.64,-50.64,-53.05,-53.90,-48.83,-54.25,-65.46,-59.67,-44.57,-59.47,-49.81,-60.30,2026-07-26 18:01:04+00:00
2026-07-26T18:02:03+00:00,-51.27,-61.91,-65.19,-59.81,-66.77,-51.03,-50.92,-53.12,-53.14,-48.92,-55.16,-65.58,-59.15,-44.70,-59.85,-49.43,-58.74,2026-07-26 18:02:03+00:00
2026-07-26T18:03:04+00:00,-50.86,-62.54,-64.91,-59.91,-66.73,-50.97,-50.57,-53.09,-53.19,-48.82,-55.04,-65.49,-59.02,-44.60,-59.18,-49.55,-57.02,2026-07-26 18:03:04+00:00
2026-07-26T18:04:04+00:00,-51.13,-62.14,-64.07,-60.18,-65.77,-48.88,-51.40,-53.13,-52.93,-48.85,-55.65,-65.38,-59.01,-44.70,-59.70,-49.39,-59.89,2026-07-26 18:04:04+00:00
2026-07-26T18:05:03+00:00,-51.48,-62.75,-64.18,-60.26,-65.85,-48.67,-51.00,-53.23,-54.58,-49.01,-56.87,-64.62,-59.24,-44.81,-59.48,-49.51,-59.19,2026-07-26 18:05:03+00:00
2026-07-26T18:06:03+00:00,-50.89,-62.54,-61.54,-60.43,-66.05,-44.68,-50.39,-53.35,-54.56,-49.16,-56.98,-65.34,-58.69,-44.97,-59.74,-49.51,-60.17,2026-07-26 18:06:03+00:00
2026-07-26T18:07:04+00:00,-50.69,-63.02,-61.78,-60.45,-66.27,-44.61,-50.45,-53.39,-54.37,-49.36,-56.54,-64.89,-59.41,-44.69,-60.01,-49.46,-59.72,2026-07-26 18:07:04+00:00
2026-07-26T18:08:03+00:00,-50.90,-62.24,-65.31,-60.41,-66.14,-44.59,-50.07,-53.63,-54.34,-49.15,-56.89,-64.94,-59.53,-44.95,-59.97,-49.63,-59.03,2026-07-26 18:08:03+00:00
2026-07-26T18:09:03+00:00,-50.68,-62.48,-65.51,-60.58,-65.87,-44.85,-50.45,-53.76,-54.56,-49.17,-56.50,-64.99,-59.62,-44.62,-60.10,-49.85,-59.79,2026-07-26 18:09:03+00:00
2026-07-26T18:10:04+00:00,-52.65,-62.29,-64.41,-60.27,-66.93,-44.70,-50.94,-53.57,-54.45,-49.11,-56.68,-64.51,-57.21,-44.69,-59.40,-49.88,-59.51,2026-07-26 18:10:04+00:00
2026-07-26T18:11:04+00:00,-51.34,-62.65,-65.53,-60.43,-66.47,-44.59,-51.13,-53.48,-54.66,-48.98,-56.85,-66.06,-57.60,-44.64,-59.54,-49.90,-60.08,2026-07-26 18:11:04+00:00
2026-07-26T18:12:03+00:00,-51.94,-62.49,-65.04,-60.60,-66.88,-44.93,-50.83,-53.64,-54.68,-49.15,-57.08,-65.09,-57.92,-44.57,-59.90,-49.91,-60.26,2026-07-26 18:12:03+00:00
2026-07-26T18:13:03+00:00,-51.82,-62.69,-65.24,-60.42,-66.80,-44.72,-50.18,-53.95,-54.74,-49.31,-56.85,-65.48,-59.62,-44.75,-60.22,-49.54,-60.47,2026-07-26 18:13:03+00:00
2026-07-26T18:14:04+00:00,-51.50,-62.09,-65.37,-60.52,-66.50,-44.79,-50.45,-54.81,-54.20,-49.31,-56.84,-65.76,-60.02,-44.57,-59.38,-49.31,-60.61,2026-07-26 18:14:04+00:00
2026-07-26T18:15:04+00:00,-50.80,-62.84,-64.93,-60.58,-66.01,-44.69,-51.02,-55.22,-54.25,-49.00,-57.23,-64.84,-60.69,-44.91,-59.28,-49.08,-60.33,2026-07-26 18:15:04+00:00
2026-07-26T18:16:03+00:00,-51.56,-63.34,-65.61,-60.56,-67.18,-44.90,-50.56,-55.76,-54.32,-49.21,-56.92,-65.70,-60.97,-44.84,-59.49,-48.99,-60.47,2026-07-26 18:16:03+00:00
2026-07-26T18:17:03+00:00,-49.91,-62.31,-64.67,-60.35,-65.63,-45.04,-50.49,-55.83,-55.09,-49.09,-56.96,-64.43,-60.23,-45.00,-60.26,-48.84,-54.43,2026-07-26 18:17:03+00:00
2026-07-26T18:18:04+00:00,-50.44,-62.17,-65.28,-60.61,-66.32,-45.03,-50.02,-56.16,-55.26,-49.10,-56.89,-64.86,-61.27,-44.89,-60.15,-48.59,-54.65,2026-07-26 18:18:04+00:00
2026-07-26T18:19:04+00:00,-52.11,-62.92,-65.26,-60.52,-65.54,-44.88,-50.28,-56.27,-55.38,-49.26,-57.03,-65.22,-61.04,-45.10,-59.55,-48.64,-54.52,2026-07-26 18:19:04+00:00
2026-07-26T18:20:03+00:00,-52.03,-63.29,-65.38,-60.92,-66.05,-44.94,-50.56,-56.51,-55.34,-49.16,-57.00,-65.16,-61.36,-45.05,-59.19,-48.21,-54.51,2026-07-26 18:20:03+00:00
2026-07-26T18:21:03+00:00,-51.98,-63.15,-64.69,-60.72,-66.01,-44.80,-50.40,-56.62,-55.38,-49.19,-56.78,-64.80,-59.27,-45.22,-59.82,-48.50,-54.50,2026-07-26 18:21:03+00:00
2026-07-26T18:22:04+00:00,-51.41,-63.43,-64.86,-60.58,-67.09,-45.05,-50.19,-56.88,-55.09,-49.29,-56.87,-64.53,-59.31,-45.16,-59.44,-48.68,-54.15,2026-07-26 18:22:04+00:00
2026-07-26T18:23:04+00:00,-51.49,-62.91,-65.47,-60.43,-66.11,-45.05,-50.62,-57.12,-51.54,-49.38,-56.42,-65.52,-55.30,-45.44,-59.46,-48.68,-55.96,2026-07-26 18:23:04+00:00
2026-07-26T18:24:03+00:00,-51.92,-63.43,-65.33,-60.38,-66.82,-44.96,-50.07,-57.49,-51.50,-49.23,-55.52,-65.48,-55.01,-45.45,-59.82,-48.69,-54.54,2026-07-26 18:24:03+00:00
2026-07-26T18:25:04+00:00,-51.49,-60.89,-64.71,-60.21,-66.63,-44.99,-50.17,-57.49,-51.53,-49.12,-56.54,-64.33,-51.77,-45.60,-59.31,-48.79,-54.40,2026-07-26 18:25:04+00:00
2026-07-26T18:26:04+00:00,-52.08,-62.59,-65.31,-60.72,-66.79,-44.99,-50.40,-58.47,-50.84,-49.15,-56.85,-65.81,-51.59,-45.50,-59.28,-48.98,-54.47,2026-07-26 18:26:04+00:00
2026-07-26T18:27:03+00:00,-52.10,-61.76,-65.15,-60.69,-67.32,-44.95,-50.61,-59.15,-49.55,-49.15,-57.36,-65.40,-50.78,-45.65,-59.82,-48.92,-56.02,2026-07-26 18:27:03+00:00
2026-07-26T18:28:03+00:00,-51.85,-61.37,-65.15,-60.95,-66.89,-45.04,-49.72,-59.25,-49.64,-49.15,-57.32,-64.79,-50.61,-45.88,-59.91,-48.77,-54.52,2026-07-26 18:28:03+00:00
2026-07-26T18:29:04+00:00,-51.34,-60.99,-64.59,-60.69,-66.44,-45.20,-50.95,-59.71,-49.63,-49.37,-56.69,-65.67,-52.13,-45.97,-59.60,-48.84,-54.45,2026-07-26 18:29:04+00:00
2026-07-26T18:30:04+00:00,-51.08,-62.27,-65.73,-60.20,-66.12,-45.04,-49.94,-60.13,-49.56,-49.56,-57.38,-65.89,-61.58,-45.76,-59.76,-48.93,-55.33,2026-07-26 18:30:04+00:00
2026-07-26T18:31:04+00:00,-49.24,-61.45,-65.91,-60.59,-66.99,-45.06,-50.17,-60.71,-49.35,-49.61,-57.60,-65.98,-60.35,-45.85,-59.62,-48.76,-54.42,2026-07-26 18:31:04+00:00
2026-07-26T18:32:03+00:00,-49.30,-62.09,-65.16,-60.07,-66.29,-45.27,-50.40,-61.30,-49.33,-49.73,-57.32,-65.22,-60.33,-45.63,-59.76,-48.78,-60.75,2026-07-26 18:32:03+00:00
2026-07-26T18:33:04+00:00,-48.90,-62.10,-65.55,-59.85,-66.28,-44.14,-50.26,-62.71,-49.48,-49.61,-57.00,-65.45,-60.35,-45.60,-60.09,-48.68,-59.76,2026-07-26 18:33:04+00:00
2026-07-26T18:34:04+00:00,-49.16,-61.19,-65.58,-60.49,-66.64,-44.48,-50.35,-63.95,-49.42,-49.59,-57.09,-66.04,-60.38,-45.71,-60.19,-48.43,-60.92,2026-07-26 18:34:04+00:00
2026-07-26T18:35:03+00:00,-49.04,-61.45,-65.52,-60.19,-66.17,-44.28,-50.75,-64.55,-48.93,-49.84,-57.27,-65.65,-60.61,-45.41,-59.73,-48.40,-60.65,2026-07-26 18:35:03+00:00
2026-07-26T18:36:04+00:00,-49.10,-61.06,-65.74,-59.93,-67.19,-44.37,-50.66,-65.34,-48.83,-49.99,-57.34,-66.11,-61.02,-45.30,-60.29,-48.17,-58.20,2026-07-26 18:36:04+00:00
2026-07-26T18:37:03+00:00,-48.38,-61.19,-65.19,-60.32,-66.70,-44.29,-51.09,-64.63,-48.78,-49.76,-57.26,-65.07,-60.93,-45.27,-59.71,-48.32,-60.56,2026-07-26 18:37:03+00:00
2026-07-26T18:38:03+00:00,-48.77,-61.15,-65.45,-60.28,-66.66,-44.47,-49.69,-65.60,-50.55,-49.98,-57.37,-66.11,-60.94,-44.92,-60.49,-48.03,-61.25,2026-07-26 18:38:03+00:00
2026-07-26T18:39:04+00:00,-49.34,-61.02,-65.17,-60.24,-65.66,-44.41,-50.59,-65.11,-50.56,-50.12,-57.44,-65.01,-60.70,-44.51,-60.47,-48.33,-57.26,2026-07-26 18:39:04+00:00
2026-07-26T18:40:04+00:00,-48.98,-60.15,-62.29,-58.82,-64.02,-44.57,-50.19,-60.57,-50.49,-50.06,-57.16,-61.62,-58.86,-44.19,-58.96,-48.21,-60.71,2026-07-26 18:40:04+00:00
2026-07-26T18:41:03+00:00,-49.12,-59.84,-62.04,-59.01,-63.87,-44.43,-51.17,-60.58,-52.07,-49.99,-56.76,-61.64,-58.92,-43.87,-59.32,-48.07,-60.80,2026-07-26 18:41:03+00:00
2026-07-26T18:42:03+00:00,-48.88,-60.25,-61.55,-58.06,-64.26,-44.31,-50.46,-60.90,-53.10,-50.03,-56.42,-60.86,-58.27,-43.62,-59.38,-47.96,-60.07,2026-07-26 18:42:03+00:00
2026-07-26T18:43:04+00:00,-49.17,-59.78,-62.50,-58.30,-64.03,-44.23,-49.88,-60.98,-52.86,-50.21,-56.55,-61.72,-59.36,-43.31,-59.20,-48.19,-60.57,2026-07-26 18:43:04+00:00
2026-07-26T18:44:03+00:00,-49.17,-59.03,-61.40,-58.38,-63.66,-44.28,-49.93,-61.45,-53.07,-50.30,-56.86,-61.80,-59.50,-42.93,-59.06,-48.29,-60.66,2026-07-26 18:44:03+00:00
2026-07-26T18:45:03+00:00,-49.90,-62.07,-61.90,-58.84,-63.87,-44.28,-50.34,-61.47,-52.80,-50.36,-56.24,-62.61,-59.87,-42.74,-58.97,-47.91,-61.07,2026-07-26 18:45:03+00:00
2026-07-26T18:46:04+00:00,-52.59,-61.71,-61.21,-58.74,-64.66,-44.33,-50.76,-62.04,-53.34,-50.31,-56.15,-62.05,-60.05,-42.52,-59.13,-47.78,-60.45,2026-07-26 18:46:04+00:00
2026-07-26T18:47:04+00:00,-52.65,-61.47,-61.63,-59.03,-64.74,-44.18,-50.56,-62.00,-52.65,-50.35,-56.67,-61.99,-60.23,-42.05,-59.29,-47.89,-60.64,2026-07-26 18:47:04+00:00
2026-07-26T18:48:03+00:00,-53.00,-61.90,-62.03,-58.72,-63.62,-44.32,-50.46,-61.86,-52.47,-50.39,-56.63,-62.65,-60.37,-41.90,-59.60,-48.15,-60.25,2026-07-26 18:48:03+00:00
2026-07-26T18:49:04+00:00,-53.64,-61.80,-61.97,-58.23,-64.39,-44.21,-50.23,-62.31,-52.41,-50.41,-56.66,-62.26,-60.12,-41.41,-58.88,-48.46,-59.92,2026-07-26 18:49:04+00:00
2026-07-26T18:50:04+00:00,-54.05,-61.87,-62.37,-58.20,-64.59,-44.48,-50.27,-62.11,-54.05,-50.38,-56.64,-62.52,-60.28,-41.52,-59.41,-48.34,-59.57,2026-07-26 18:50:04+00:00
2026-07-26T18:51:03+00:00,-54.02,-61.09,-61.95,-58.74,-63.87,-44.35,-49.70,-62.17,-53.82,-50.57,-56.96,-62.14,-60.56,-41.09,-59.11,-48.32,-59.85,2026-07-26 18:51:03+00:00
2026-07-26T18:52:03+00:00,-53.03,-61.78,-62.17,-58.70,-65.36,-44.31,-49.57,-62.24,-53.65,-50.41,-57.16,-62.60,-60.61,-40.92,-59.81,-48.21,-55.90,2026-07-26 18:52:03+00:00
2026-07-26T18:53:04+00:00,-54.12,-60.61,-62.20,-58.73,-64.38,-44.57,-50.21,-61.84,-53.76,-50.37,-57.00,-62.81,-60.19,-40.52,-59.64,-48.49,-60.66,2026-07-26 18:53:04+00:00
2026-07-26T18:54:04+00:00,-52.74,-61.29,-61.76,-58.72,-64.56,-44.43,-49.90,-61.93,-53.79,-50.55,-57.20,-62.31,-60.54,-40.17,-59.52,-48.89,-59.40,2026-07-26 18:54:04+00:00
2026-07-26T18:55:03+00:00,-52.77,-61.67,-62.85,-58.97,-65.54,-44.46,-50.86,-61.68,-53.30,-50.45,-56.30,-62.42,-60.77,-40.12,-59.84,-49.32,-60.14,2026-07-26 18:55:03+00:00
2026-07-26T18:56:04+00:00,-52.80,-61.78,-61.88,-58.68,-64.20,-44.37,-49.80,-62.39,-53.21,-50.65,-56.86,-62.21,-60.64,-39.92,-59.47,-49.25,-57.76,2026-07-26 18:56:04+00:00
2026-07-26T18:57:04+00:00,-52.91,-60.85,-61.84,-58.44,-64.28,-44.46,-50.24,-61.85,-53.23,-50.34,-56.46,-62.46,-60.21,-39.72,-59.28,-49.57,-60.55,2026-07-26 18:57:04+00:00
2026-07-26T18:58:03+00:00,-53.11,-61.69,-62.59,-58.27,-64.90,-44.45,-50.36,-61.83,-53.53,-50.29,-57.06,-62.44,-60.36,-39.70,-59.28,-49.46,-57.44,2026-07-26 18:58:03+00:00
2026-07-26T18:59:03+00:00,-52.95,-61.52,-62.81,-57.83,-63.89,-44.62,-50.34,-61.27,-53.52,-50.44,-56.62,-62.50,-60.17,-39.49,-58.88,-49.68,-60.35,2026-07-26 18:59:03+00:00
2026-07-26T19:00:04+00:00,-52.22,-61.85,-61.70,-57.73,-65.26,-44.61,-50.46,-62.48,-53.34,-50.36,-56.86,-62.97,-60.08,-39.48,-59.11,-49.83,-58.49,2026-07-26 19:00:04+00:00
2026-07-26T19:01:04+00:00,-51.56,-62.13,-62.40,-58.13,-64.74,-44.39,-50.53,-61.69,-53.42,-50.59,-57.14,-62.67,-59.99,-39.19,-58.59,-49.70,-58.54,2026-07-26 19:01:04+00:00
2026-07-26T19:02:04+00:00,-51.61,-60.57,-62.78,-57.96,-65.24,-44.54,-50.16,-61.84,-54.13,-50.35,-57.35,-62.72,-59.72,-38.82,-59.04,-49.79,-58.86,2026-07-26 19:02:04+00:00
2026-07-26T19:03:03+00:00,-51.15,-60.86,-62.90,-58.07,-64.13,-44.45,-50.31,-61.68,-54.42,-50.63,-57.26,-62.89,-59.34,-38.66,-58.65,-50.01,-60.20,2026-07-26 19:03:03+00:00
2026-07-26T19:04:03+00:00,-52.42,-60.62,-62.75,-58.06,-65.11,-44.48,-51.14,-61.40,-54.94,-50.77,-56.42,-62.44,-58.91,-38.54,-58.31,-49.80,-59.36,2026-07-26 19:04:03+00:00
2026-07-26T19:05:04+00:00,-52.47,-61.05,-63.08,-58.02,-63.85,-50.98,-50.55,-62.19,-54.99,-50.89,-57.53,-63.50,-58.50,-38.34,-58.40,-50.06,-59.36,2026-07-26 19:05:04+00:00
2026-07-26T19:06:03+00:00,-52.47,-60.31,-63.14,-57.61,-64.44,-50.64,-49.95,-61.32,-54.77,-50.77,-57.62,-62.90,-58.14,-38.30,-58.39,-50.36,-59.30,2026-07-26 19:06:03+00:00
2026-07-26T19:07:03+00:00,-52.48,-60.57,-62.36,-57.77,-64.63,-50.86,-50.12,-61.53,-54.64,-51.22,-56.98,-62.99,-57.56,-38.16,-58.54,-50.59,-57.72,2026-07-26 19:07:03+00:00
2026-07-26T19:08:04+00:00,-52.50,-58.66,-62.13,-57.80,-64.66,-50.89,-47.67,-61.95,-51.23,-51.44,-56.74,-62.42,-57.89,-38.14,-58.41,-50.56,-58.37,2026-07-26 19:08:04+00:00
2026-07-26T19:09:04+00:00,-52.37,-59.48,-62.15,-57.91,-64.42,-50.89,-50.50,-61.98,-51.26,-51.65,-56.69,-62.45,-57.70,-38.04,-58.52,-50.34,-58.49,2026-07-26 19:09:04+00:00
2026-07-26T19:10:03+00:00,-52.38,-59.23,-63.32,-58.56,-63.46,-50.90,-50.37,-62.74,-51.40,-51.52,-56.53,-63.41,-57.46,-38.09,-57.85,-50.62,-59.14,2026-07-26 19:10:03+00:00
2026-07-26T19:11:03+00:00,-52.65,-58.67,-62.12,-57.74,-64.92,-51.10,-50.11,-62.54,-49.57,-52.13,-56.43,-62.79,-57.08,-37.93,-58.48,-50.72,-58.10,2026-07-26 19:11:03+00:00
2026-07-26T19:12:04+00:00,-52.36,-59.13,-61.55,-57.95,-64.33,-50.94,-50.25,-61.78,-48.95,-52.14,-56.64,-62.99,-57.02,-37.73,-58.31,-50.45,-59.43,2026-07-26 19:12:04+00:00
2026-07-26T19:13:03+00:00,-52.32,-58.91,-62.05,-58.05,-64.46,-50.89,-51.58,-61.58,-49.45,-52.36,-56.36,-63.15,-56.92,-37.95,-58.35,-50.33,-57.91,2026-07-26 19:13:03+00:00
2026-07-26T19:14:03+00:00,-52.36,-59.10,-62.08,-57.58,-64.60,-50.76,-50.30,-61.04,-49.60,-52.40,-56.21,-62.10,-57.73,-37.51,-57.76,-50.14,-57.83,2026-07-26 19:14:03+00:00
2026-07-26T19:15:04+00:00,-52.05,-59.62,-62.76,-57.05,-63.88,-50.91,-50.40,-62.19,-48.96,-52.88,-56.64,-63.61,-58.09,-37.58,-58.47,-50.23,-57.16,2026-07-26 19:15:04+00:00
2026-07-26T19:16:04+00:00,-49.62,-59.11,-62.46,-57.23,-64.67,-50.92,-51.15,-62.19,-49.41,-53.37,-56.56,-62.44,-57.49,-37.08,-58.01,-49.85,-59.18,2026-07-26 19:16:04+00:00
2026-07-26T19:17:03+00:00,-49.53,-61.01,-63.33,-57.14,-63.47,-50.87,-50.78,-62.22,-49.50,-53.66,-57.10,-63.54,-57.54,-37.17,-58.17,-49.71,-60.00,2026-07-26 19:17:03+00:00
2026-07-26T19:18:03+00:00,-49.48,-61.47,-61.94,-57.19,-64.59,-50.98,-50.49,-62.13,-49.46,-53.92,-57.04,-62.13,-56.97,-37.12,-58.27,-49.30,-59.35,2026-07-26 19:18:03+00:00
2026-07-26T19:19:04+00:00,-49.48,-61.35,-62.41,-57.71,-64.40,-51.02,-51.74,-61.72,-49.28,-54.44,-56.87,-63.11,-56.53,-37.16,-57.96,-49.03,-58.77,2026-07-26 19:19:04+00:00
2026-07-26T19:20:04+00:00,-49.70,-60.52,-63.04,-57.78,-64.11,-51.04,-50.87,-62.07,-48.89,-55.05,-57.19,-63.00,-56.72,-37.13,-58.11,-48.85,-57.60,2026-07-26 19:20:04+00:00
2026-07-26T19:21:03+00:00,-49.70,-61.59,-62.40,-58.48,-63.99,-50.96,-51.08,-62.30,-48.84,-55.78,-56.86,-63.61,-56.81,-37.30,-57.78,-48.94,-55.64,2026-07-26 19:21:03+00:00
2026-07-26T19:22:03+00:00,-49.55,-58.92,-63.02,-58.23,-64.46,-51.11,-51.35,-61.92,-50.53,-55.79,-56.84,-63.27,-56.64,-37.32,-57.69,-48.46,-59.55,2026-07-26 19:22:03+00:00
2026-07-26T19:23:04+00:00,-49.49,-59.96,-63.05,-57.35,-63.51,-51.14,-51.24,-61.87,-52.35,-56.27,-57.04,-63.26,-56.32,-37.13,-57.82,-48.79,-57.72,2026-07-26 19:23:04+00:00
2026-07-26T19:24:04+00:00,-49.32,-60.62,-62.82,-57.85,-63.34,-50.94,-51.22,-60.76,-52.16,-56.19,-57.02,-62.06,-55.88,-37.26,-57.19,-48.42,-58.57,2026-07-26 19:24:04+00:00
2026-07-26T19:25:03+00:00,-49.24,-58.63,-61.79,-58.03,-64.52,-50.81,-50.93,-60.17,-51.82,-56.08,-56.91,-61.63,-55.68,-37.08,-57.19,-48.33,-55.86,2026-07-26 19:25:03+00:00
2026-07-26T19:26:04+00:00,-49.17,-60.69,-62.76,-58.26,-64.21,-50.91,-51.44,-61.17,-51.98,-57.13,-56.99,-62.45,-55.91,-37.18,-56.86,-47.97,-54.71,2026-07-26 19:26:04+00:00
2026-07-26T19:27:04+00:00,-49.36,-61.27,-62.90,-58.60,-63.22,-51.06,-51.92,-61.35,-52.00,-57.62,-57.11,-63.54,-55.56,-37.17,-56.66,-47.80,-59.56,2026-07-26 19:27:04+00:00
2026-07-26T19:28:03+00:00,-49.24,-61.33,-62.12,-58.73,-63.95,-50.93,-51.50,-60.34,-52.47,-57.62,-57.17,-62.22,-55.31,-37.05,-56.49,-47.57,-59.35,2026-07-26 19:28:03+00:00
2026-07-26T19:29:03+00:00,-49.00,-61.41,-61.38,-58.53,-64.59,-50.83,-51.67,-60.89,-52.33,-57.83,-57.02,-62.55,-55.32,-37.00,-56.68,-48.01,-57.46,2026-07-26 19:29:03+00:00
2026-07-26T19:30:04+00:00,-49.26,-61.73,-62.61,-58.41,-64.46,-50.66,-51.68,-61.39,-52.45,-58.24,-57.24,-62.51,-55.13,-37.05,-56.57,-48.13,-58.47,2026-07-26 19:30:04+00:00
2026-07-26T19:31:04+00:00,-52.39,-60.78,-62.23,-58.29,-63.41,-50.73,-51.61,-60.52,-52.83,-58.08,-56.99,-62.48,-54.83,-36.96,-56.50,-48.41,-58.01,2026-07-26 19:31:04+00:00
2026-07-26T19:32:03+00:00,-52.67,-61.22,-62.90,-58.24,-64.17,-50.61,-51.60,-61.61,-52.37,-58.51,-57.54,-62.96,-54.71,-36.88,-56.32,-49.14,-59.82,2026-07-26 19:32:03+00:00
2026-07-26T19:33:03+00:00,-52.43,-61.89,-62.20,-58.17,-64.69,-50.67,-51.57,-60.67,-51.92,-58.15,-57.72,-63.05,-54.78,-36.56,-56.27,-48.98,-59.81,2026-07-26 19:33:03+00:00
2026-07-26T19:34:04+00:00,-52.05,-60.23,-62.76,-58.48,-64.05,-50.60,-51.63,-61.17,-52.73,-58.50,-57.50,-63.70,-54.53,-36.52,-56.03,-48.85,-60.16,2026-07-26 19:34:04+00:00
2026-07-26T19:35:03+00:00,-52.73,-61.21,-62.54,-58.20,-63.38,-50.38,-51.70,-61.18,-53.41,-57.85,-57.78,-62.92,-54.28,-36.55,-55.94,-49.20,-59.40,2026-07-26 19:35:03+00:00
2026-07-26T19:36:04+00:00,-52.74,-61.68,-63.01,-58.79,-63.78,-50.74,-51.66,-61.58,-53.59,-57.40,-57.58,-62.73,-54.15,-36.30,-55.60,-49.07,-59.74,2026-07-26 19:36:04+00:00
2026-07-26T19:37:03+00:00,-52.55,-60.81,-63.37,-58.77,-63.98,-50.33,-51.61,-61.42,-53.41,-57.16,-57.81,-62.96,-54.29,-36.48,-55.42,-49.38,-59.69,2026-07-26 19:37:03+00:00
2026-07-26T19:38:03+00:00,-52.37,-60.89,-62.70,-58.91,-63.69,-50.31,-51.67,-61.45,-53.46,-57.00,-57.73,-62.73,-54.29,-36.69,-55.46,-49.17,-54.24,2026-07-26 19:38:03+00:00
2026-07-26T19:39:04+00:00,-52.23,-60.77,-62.59,-58.70,-64.61,-50.36,-51.59,-60.68,-53.56,-56.45,-58.27,-62.21,-54.29,-36.79,-55.09,-49.82,-54.23,2026-07-26 19:39:04+00:00
2026-07-26T19:40:04+00:00,-52.44,-62.05,-62.32,-58.57,-63.94,-50.35,-51.69,-61.60,-53.48,-55.77,-58.16,-62.88,-54.18,-36.85,-55.33,-49.91,-53.78,2026-07-26 19:40:04+00:00
2026-07-26T19:41:03+00:00,-51.68,-62.59,-63.38,-58.64,-63.41,-50.41,-51.53,-61.36,-53.26,-55.24,-58.24,-63.23,-54.32,-37.07,-54.93,-49.76,-54.39,2026-07-26 19:41:03+00:00
2026-07-26T19:42:03+00:00,-47.41,-62.48,-63.31,-58.80,-64.56,-50.26,-51.23,-61.15,-54.05,-55.04,-58.04,-63.16,-54.37,-37.37,-54.56,-50.99,-54.93,2026-07-26 19:42:03+00:00
2026-07-26T19:43:04+00:00,-51.24,-61.73,-63.16,-59.00,-64.65,-47.14,-51.38,-61.37,-54.06,-54.31,-58.20,-63.18,-54.44,-37.22,-54.62,-51.56,-54.34,2026-07-26 19:43:04+00:00
2026-07-26T19:44:04+00:00,-51.27,-62.04,-63.91,-59.30,-64.13,-48.84,-51.21,-62.66,-54.27,-53.55,-58.23,-63.61,-54.07,-37.31,-54.39,-52.64,-54.89,2026-07-26 19:44:04+00:00
2026-07-26T19:45:03+00:00,-51.36,-61.31,-62.80,-58.84,-63.95,-48.46,-51.22,-61.37,-53.69,-52.77,-57.95,-63.31,-54.20,-37.34,-54.23,-54.44,-54.30,2026-07-26 19:45:03+00:00
2026-07-26T19:46:03+00:00,-51.51,-60.92,-62.59,-58.99,-64.55,-48.75,-50.71,-61.70,-54.09,-52.24,-58.18,-63.59,-54.62,-37.44,-54.25,-54.76,-54.80,2026-07-26 19:46:03+00:00
2026-07-26T19:47:04+00:00,-51.59,-60.51,-62.30,-59.20,-63.72,-48.49,-50.78,-62.28,-54.13,-51.79,-58.17,-63.42,-54.46,-37.70,-54.49,-55.14,-54.24,2026-07-26 19:47:04+00:00
2026-07-26T19:48:04+00:00,-51.71,-61.03,-62.39,-58.96,-63.01,-48.53,-50.94,-61.80,-54.12,-51.15,-57.80,-62.15,-54.29,-37.60,-54.34,-52.89,-54.31,2026-07-26 19:48:04+00:00
2026-07-26T19:49:03+00:00,-51.72,-61.26,-62.64,-58.62,-63.77,-48.81,-50.85,-62.25,-54.00,-50.98,-58.20,-62.47,-54.16,-37.66,-54.16,-53.64,-59.02,2026-07-26 19:49:03+00:00
2026-07-26T19:50:04+00:00,-51.97,-61.69,-62.38,-58.54,-64.19,-48.53,-50.88,-61.83,-54.95,-50.19,-58.00,-62.45,-53.97,-37.85,-54.20,-53.33,-59.30,2026-07-26 19:50:04+00:00
2026-07-26T19:51:04+00:00,-51.73,-61.81,-62.54,-58.35,-65.16,-48.65,-50.95,-61.57,-54.81,-50.15,-56.85,-62.63,-53.96,-37.80,-54.00,-54.09,-57.69,2026-07-26 19:51:04+00:00
2026-07-26T19:52:03+00:00,-53.41,-61.07,-62.22,-58.71,-63.37,-48.73,-50.86,-61.65,-51.97,-49.83,-57.83,-62.07,-54.02,-37.81,-53.84,-52.63,-59.22,2026-07-26 19:52:03+00:00
2026-07-26T19:53:03+00:00,-53.78,-60.92,-62.41,-58.95,-62.76,-48.46,-50.91,-61.63,-51.34,-49.39,-57.88,-62.38,-54.25,-37.89,-53.54,-50.96,-58.78,2026-07-26 19:53:03+00:00
2026-07-26T19:54:04+00:00,-53.17,-60.98,-62.56,-59.08,-63.52,-48.65,-50.83,-61.68,-51.14,-48.88,-58.14,-62.36,-54.42,-37.76,-53.52,-49.71,-57.27,2026-07-26 19:54:04+00:00
2026-07-26T19:55:04+00:00,-52.77,-61.69,-63.25,-59.04,-64.19,-45.42,-51.09,-62.30,-50.95,-48.88,-58.20,-63.17,-54.26,-37.75,-53.36,-48.90,-59.24,2026-07-26 19:55:04+00:00
2026-07-26T19:56:03+00:00,-52.54,-61.59,-63.32,-59.11,-63.47,-45.35,-51.10,-62.64,-51.01,-48.55,-58.56,-63.07,-54.02,-37.83,-53.20,-48.28,-59.96,2026-07-26 19:56:03+00:00
2026-07-26T19:57:03+00:00,-52.99,-61.95,-63.35,-59.29,-64.02,-45.47,-51.01,-62.75,-51.07,-48.68,-58.68,-63.27,-53.65,-37.72,-53.34,-47.69,-59.52,2026-07-26 19:57:03+00:00
2026-07-26T19:58:04+00:00,-53.76,-62.10,-63.30,-59.85,-63.81,-45.44,-51.01,-62.85,-51.16,-48.34,-58.94,-63.63,-53.77,-37.86,-53.22,-47.75,-59.51,2026-07-26 19:58:04+00:00
2026-07-26T19:59:04+00:00,-53.76,-62.19,-62.08,-59.10,-63.68,-45.13,-50.83,-62.26,-51.47,-47.70,-58.68,-62.42,-53.96,-37.74,-53.30,-47.36,-58.84,2026-07-26 19:59:04+00:00
2026-07-26T20:00:03+00:00,-54.08,-62.55,-63.27,-59.15,-62.72,-45.29,-50.85,-62.61,-51.57,-47.54,-58.50,-63.02,-54.02,-37.71,-53.07,-47.05,-59.15,2026-07-26 20:00:03+00:00
2026-07-26T20:01:03+00:00,-49.86,-61.68,-62.14,-59.41,-64.03,-44.90,-50.75,-62.54,-51.16,-47.50,-58.49,-62.34,-53.70,-37.46,-52.86,-46.68,-59.06,2026-07-26 20:01:03+00:00
2026-07-26T20:02:03+00:00,-49.81,-62.02,-62.81,-59.23,-63.91,-45.07,-50.59,-61.85,-51.19,-47.55,-58.18,-62.43,-54.06,-37.62,-53.07,-46.52,-59.27,2026-07-26 20:02:03+00:00
2026-07-26T20:03:04+00:00,-49.68,-61.81,-62.50,-59.12,-64.55,-44.99,-50.45,-61.99,-50.99,-47.25,-58.71,-62.57,-53.90,-37.41,-52.85,-46.92,-58.68,2026-07-26 20:03:04+00:00
2026-07-26T20:04:04+00:00,-49.68,-62.75,-62.68,-59.39,-64.10,-45.16,-50.62,-62.71,-49.91,-46.69,-58.46,-62.27,-53.40,-37.49,-53.06,-47.49,-58.67,2026-07-26 20:04:04+00:00
2026-07-26T20:05:03+00:00,-49.31,-61.70,-62.14,-59.18,-63.78,-45.29,-50.44,-61.09,-50.03,-46.82,-57.89,-62.08,-53.04,-37.20,-52.92,-49.42,-58.65,2026-07-26 20:05:03+00:00
2026-07-26T20:06:04+00:00,-49.46,-60.54,-61.97,-59.15,-63.35,-45.07,-50.53,-61.64,-50.17,-47.09,-58.35,-61.85,-52.97,-37.09,-52.61,-48.68,-57.89,2026-07-26 20:06:04+00:00
2026-07-26T20:07:04+00:00,-49.53,-61.73,-61.96,-59.05,-64.21,-45.07,-50.56,-62.02,-53.48,-47.23,-59.03,-61.82,-52.90,-37.30,-53.14,-48.70,-59.56,2026-07-26 20:07:04+00:00
2026-07-26T20:08:04+00:00,-49.45,-61.59,-62.06,-59.04,-64.55,-44.94,-50.52,-62.02,-53.38,-47.28,-58.69,-61.97,-53.21,-37.34,-53.38,-48.43,-58.65,2026-07-26 20:08:04+00:00
2026-07-26T20:09:03+00:00,-47.02,-60.77,-62.45,-59.10,-64.03,-44.92,-50.07,-62.33,-53.26,-47.16,-59.20,-62.16,-53.25,-37.07,-53.05,-47.74,-59.59,2026-07-26 20:09:03+00:00
2026-07-26T20:10:03+00:00,-48.21,-61.33,-62.30,-59.04,-63.07,-44.89,-50.07,-61.60,-53.36,-47.30,-58.98,-62.20,-53.45,-37.18,-53.20,-47.21,-59.46,2026-07-26 20:10:03+00:00
2026-07-26T20:11:04+00:00,-46.63,-62.26,-62.52,-59.34,-63.64,-44.94,-46.27,-62.24,-52.59,-47.34,-59.00,-62.48,-53.21,-37.22,-53.22,-46.67,-59.75,2026-07-26 20:11:04+00:00
2026-07-26T20:12:04+00:00,-46.71,-61.83,-62.62,-60.20,-63.85,-45.15,-50.33,-62.40,-52.65,-47.34,-59.21,-62.90,-53.17,-36.86,-53.25,-46.40,-59.57,2026-07-26 20:12:04+00:00
2026-07-26T20:13:03+00:00,-48.86,-61.35,-62.62,-60.12,-63.61,-45.10,-50.15,-62.35,-52.83,-47.68,-59.17,-63.30,-53.26,-36.91,-53.64,-45.99,-59.32,2026-07-26 20:13:03+00:00
2026-07-26T20:14:04+00:00,-46.71,-61.79,-63.05,-60.24,-64.01,-45.15,-50.56,-62.73,-52.69,-48.16,-59.30,-63.33,-53.42,-36.89,-53.52,-46.29,-59.68,2026-07-26 20:14:04+00:00
2026-07-26T20:15:04+00:00,-46.80,-62.82,-63.28,-60.14,-63.63,-45.06,-50.33,-62.55,-52.80,-48.54,-58.97,-63.46,-53.40,-36.66,-53.81,-45.90,-59.19,2026-07-26 20:15:04+00:00
2026-07-26T20:16:03+00:00,-48.37,-62.67,-63.57,-60.49,-64.08,-45.35,-50.34,-62.84,-53.86,-48.65,-58.77,-63.82,-53.72,-36.91,-54.13,-45.29,-59.09,2026-07-26 20:16:03+00:00
2026-07-26T20:17:03+00:00,-48.24,-61.87,-62.97,-60.25,-63.28,-45.24,-50.41,-62.32,-53.42,-49.01,-58.28,-63.39,-53.62,-36.71,-54.46,-44.02,-58.04,2026-07-26 20:17:03+00:00
2026-07-26T20:18:04+00:00,-48.19,-61.65,-62.38,-60.34,-63.27,-45.33,-50.23,-61.50,-53.23,-49.81,-58.24,-62.38,-53.69,-37.01,-54.55,-43.50,-58.97,2026-07-26 20:18:04+00:00
2026-07-26T20:19:04+00:00,-48.20,-61.90,-62.66,-60.23,-63.16,-44.96,-50.24,-62.05,-54.64,-50.47,-58.16,-62.65,-53.57,-37.00,-54.77,-42.90,-57.42,2026-07-26 20:19:04+00:00
2026-07-26T20:20:03+00:00,-48.05,-61.57,-62.84,-59.84,-63.08,-44.98,-49.94,-61.81,-53.33,-51.52,-58.42,-62.82,-53.22,-37.47,-54.82,-42.22,-59.00,2026-07-26 20:20:03+00:00
2026-07-26T20:21:03+00:00,-48.01,-61.83,-62.51,-60.00,-64.22,-45.12,-49.84,-61.32,-53.20,-52.06,-58.56,-62.84,-53.09,-37.53,-55.75,-41.96,-57.98,2026-07-26 20:21:03+00:00
2026-07-26T20:22:04+00:00,-48.16,-61.83,-62.29,-59.95,-63.32,-45.27,-49.55,-62.26,-53.28,-52.64,-58.46,-62.56,-53.04,-38.02,-55.21,-41.82,-59.52,2026-07-26 20:22:04+00:00
2026-07-26T20:23:04+00:00,-48.00,-62.48,-63.23,-60.01,-64.09,-45.02,-50.18,-62.55,-53.56,-52.68,-58.57,-63.16,-53.30,-38.47,-55.35,-41.26,-58.47,2026-07-26 20:23:04+00:00
2026-07-26T20:24:03+00:00,-48.96,-62.12,-62.10,-59.94,-63.60,-45.10,-50.77,-62.20,-53.49,-53.64,-58.45,-62.35,-53.07,-39.12,-54.85,-40.93,-58.95,2026-07-26 20:24:03+00:00
2026-07-26T20:25:03+00:00,-53.62,-62.19,-63.14,-60.00,-64.78,-45.14,-50.82,-62.02,-54.35,-55.25,-58.48,-62.30,-52.91,-39.16,-55.39,-41.11,-59.17,2026-07-26 20:25:03+00:00
2026-07-26T20:26:04+00:00,-53.79,-58.73,-62.83,-59.84,-63.05,-45.02,-50.38,-61.99,-54.23,-56.00,-58.55,-62.91,-53.15,-39.33,-55.47,-41.31,-58.96,2026-07-26 20:26:04+00:00
2026-07-26T20:27:04+00:00,-49.07,-60.97,-62.66,-59.74,-63.27,-44.92,-50.39,-61.54,-54.26,-56.53,-58.36,-62.89,-52.86,-39.46,-55.63,-41.36,-58.71,2026-07-26 20:27:04+00:00
2026-07-26T20:28:03+00:00,-48.97,-58.22,-62.10,-59.39,-63.64,-45.23,-50.57,-61.12,-54.01,-56.23,-58.08,-62.28,-52.33,-39.78,-54.75,-41.66,-58.07,2026-07-26 20:28:03+00:00
2026-07-26T20:29:03+00:00,-48.84,-61.57,-62.74,-59.40,-63.25,-45.09,-50.03,-61.84,-53.86,-55.51,-57.71,-62.33,-52.54,-40.18,-55.19,-41.72,-58.63,2026-07-26 20:29:03+00:00
2026-07-26T20:30:04+00:00,-48.82,-61.15,-62.97,-59.18,-63.83,-45.14,-50.04,-61.90,-53.06,-56.09,-57.64,-62.41,-52.55,-40.66,-54.80,-42.31,-59.22,2026-07-26 20:30:04+00:00
2026-07-26T20:31:04+00:00,-48.89,-61.71,-62.77,-59.49,-63.15,-44.94,-49.83,-61.17,-53.70,-56.57,-57.77,-62.98,-52.32,-40.84,-55.18,-42.40,-59.68,2026-07-26 20:31:04+00:00
2026-07-26T20:32:03+00:00,-48.00,-59.99,-62.08,-59.40,-63.56,-44.94,-50.44,-62.17,-53.68,-56.21,-57.36,-62.18,-51.87,-41.15,-55.19,-42.95,-58.59,2026-07-26 20:32:03+00:00
2026-07-26T20:33:04+00:00,-48.15,-61.41,-62.53,-59.41,-63.89,-44.83,-50.60,-61.94,-54.93,-56.12,-57.32,-62.49,-51.99,-41.41,-55.38,-42.99,-59.45,2026-07-26 20:33:04+00:00
2026-07-26T20:34:04+00:00,-48.02,-61.71,-63.07,-59.86,-63.59,-44.91,-50.10,-61.43,-54.78,-55.45,-57.45,-62.99,-51.95,-41.33,-55.81,-42.92,-59.36,2026-07-26 20:34:04+00:00
2026-07-26T20:35:03+00:00,-48.82,-61.57,-62.76,-59.98,-64.48,-45.06,-49.64,-61.34,-54.78,-55.26,-57.75,-62.43,-51.81,-41.65,-55.82,-43.05,-59.53,2026-07-26 20:35:03+00:00
2026-07-26T20:36:04+00:00,-48.89,-61.98,-62.42,-59.77,-63.88,-44.83,-49.24,-61.10,-54.81,-54.91,-57.39,-62.48,-52.20,-41.84,-55.70,-43.50,-59.83,2026-07-26 20:36:04+00:00
2026-07-26T20:37:03+00:00,-48.80,-61.99,-62.78,-59.83,-64.15,-45.08,-49.53,-61.58,-51.59,-54.94,-57.78,-63.32,-52.75,-41.87,-55.61,-43.75,-59.90,2026-07-26 20:37:03+00:00
2026-07-26T20:38:03+00:00,-48.81,-60.68,-62.22,-59.48,-64.13,-45.01,-49.59,-61.06,-51.33,-53.23,-57.24,-61.02,-52.88,-42.01,-55.58,-43.10,-58.86,2026-07-26 20:38:03+00:00
2026-07-26T20:39:04+00:00,-48.52,-61.19,-62.67,-59.97,-63.57,-45.00,-49.65,-61.30,-51.14,-53.15,-57.53,-62.94,-53.01,-42.26,-55.16,-42.83,-59.42,2026-07-26 20:39:04+00:00
2026-07-26T20:40:04+00:00,-48.78,-60.94,-62.79,-60.19,-63.69,-45.16,-50.05,-61.63,-51.10,-52.18,-57.33,-61.42,-52.80,-42.04,-54.88,-42.75,-59.11,2026-07-26 20:40:04+00:00
2026-07-26T20:41:03+00:00,-48.70,-59.98,-62.26,-60.02,-63.34,-44.18,-50.44,-57.54,-50.86,-50.51,-55.41,-62.46,-52.89,-42.06,-54.36,-42.97,-59.30,2026-07-26 20:41:03+00:00
2026-07-26T20:42:03+00:00,-48.79,-61.09,-62.91,-60.16,-63.28,-44.76,-50.50,-61.72,-51.51,-50.65,-57.62,-63.11,-53.28,-42.16,-54.14,-43.59,-59.36,2026-07-26 20:42:03+00:00
2026-07-26T20:43:04+00:00,-48.87,-61.53,-62.07,-60.20,-62.96,-44.75,-50.49,-61.67,-51.58,-50.51,-57.86,-62.11,-53.36,-42.21,-53.32,-44.49,-59.49,2026-07-26 20:43:04+00:00
2026-07-26T20:44:04+00:00,-48.72,-62.02,-62.53,-60.24,-63.45,-44.93,-50.57,-61.10,-51.84,-50.06,-58.88,-62.09,-53.43,-42.25,-53.17,-45.33,-59.56,2026-07-26 20:44:04+00:00
2026-07-26T20:45:03+00:00,-49.00,-61.68,-62.69,-60.19,-63.23,-45.08,-50.53,-61.97,-51.87,-48.81,-58.58,-62.32,-53.39,-42.07,-53.50,-46.33,-59.04,2026-07-26 20:45:03+00:00
2026-07-26T20:46:03+00:00,-47.05,-61.02,-62.15,-60.18,-63.89,-44.73,-50.20,-61.28,-51.63,-48.47,-58.18,-62.12,-53.26,-42.23,-53.05,-46.39,-58.46,2026-07-26 20:46:03+00:00
2026-07-26T20:47:04+00:00,-47.11,-61.15,-63.22,-60.06,-64.29,-44.74,-50.34,-61.80,-51.42,-48.04,-58.53,-62.95,-53.55,-42.68,-52.87,-46.45,-58.98,2026-07-26 20:47:04+00:00
2026-07-26T20:48:04+00:00,-46.99,-61.37,-62.85,-60.17,-64.49,-44.81,-50.14,-61.70,-51.10,-47.69,-58.06,-63.15,-53.33,-43.03,-52.73,-46.83,-58.86,2026-07-26 20:48:04+00:00
2026-07-26T20:49:03+00:00,-47.06,-60.64,-62.87,-60.07,-64.42,-44.94,-49.70,-61.61,-50.43,-47.54,-58.10,-62.85,-53.40,-44.32,-52.80,-46.79,-56.77,2026-07-26 20:49:03+00:00
2026-07-26T20:50:04+00:00,-47.01,-60.84,-62.73,-60.01,-62.82,-44.75,-49.65,-61.33,-50.48,-47.62,-58.31,-63.61,-52.89,-44.15,-53.16,-47.09,-56.35,2026-07-26 20:50:04+00:00
2026-07-26T20:51:04+00:00,-47.00,-60.48,-63.19,-60.34,-63.78,-44.89,-49.65,-61.81,-50.81,-47.74,-58.35,-63.86,-52.82,-44.65,-52.94,-46.72,-59.23,2026-07-26 20:51:04+00:00
2026-07-26T20:52:04+00:00,-47.07,-61.43,-63.55,-60.26,-64.61,-44.87,-49.77,-62.57,-53.78,-46.84,-58.63,-64.41,-52.75,-44.40,-52.29,-46.93,-59.15,2026-07-26 20:52:04+00:00
2026-07-26T20:53:03+00:00,-47.01,-61.90,-63.22,-60.29,-63.89,-44.78,-49.47,-62.50,-53.72,-46.66,-58.44,-64.02,-52.87,-43.77,-52.44,-47.28,-59.47,2026-07-26 20:53:03+00:00
2026-07-26T20:54:03+00:00,-47.03,-62.06,-63.06,-60.53,-63.92,-44.98,-49.87,-62.23,-53.55,-46.20,-58.36,-63.75,-52.92,-43.35,-51.89,-47.82,-59.33,2026-07-26 20:54:03+00:00
2026-07-26T20:55:04+00:00,-47.06,-61.95,-62.85,-59.92,-64.05,-44.97,-49.80,-62.04,-53.64,-46.39,-58.28,-63.10,-52.64,-43.31,-51.44,-47.69,-59.15,2026-07-26 20:55:04+00:00
2026-07-26T20:56:04+00:00,-47.09,-61.07,-63.17,-60.22,-64.23,-45.03,-49.96,-61.94,-53.57,-47.04,-58.44,-63.16,-52.30,-43.10,-51.54,-47.43,-59.46,2026-07-26 20:56:04+00:00
2026-07-26T20:57:03+00:00,-46.84,-60.84,-62.40,-59.81,-63.48,-44.91,-49.70,-61.49,-53.36,-46.75,-57.83,-62.59,-52.07,-43.09,-51.60,-46.82,-59.11,2026-07-26 20:57:03+00:00
2026-07-26T20:58:03+00:00,-47.04,-61.52,-62.69,-60.09,-63.56,-44.62,-49.90,-61.10,-52.65,-46.53,-58.02,-63.13,-52.15,-43.08,-51.54,-46.91,-58.08,2026-07-26 20:58:03+00:00
2026-07-26T20:59:04+00:00,-47.12,-61.42,-62.34,-59.98,-63.37,-44.55,-49.63,-59.97,-52.45,-46.42,-57.50,-63.20,-52.20,-43.02,-51.64,-47.47,-58.88,2026-07-26 20:59:04+00:00
2026-07-26T21:00:04+00:00,-47.11,-60.81,-62.57,-60.07,-64.44,-44.60,-49.33,-61.34,-52.53,-45.99,-57.85,-63.06,-52.22,-43.58,-51.39,-48.00,-58.89,2026-07-26 21:00:04+00:00
2026-07-26T21:01:04+00:00,-48.75,-60.27,-62.03,-60.06,-64.03,-44.48,-49.84,-60.98,-52.89,-46.01,-57.79,-62.67,-51.89,-42.54,-51.15,-48.37,-58.21,2026-07-26 21:01:04+00:00
2026-07-26T21:02:04+00:00,-46.04,-60.44,-61.90,-59.80,-62.96,-44.63,-50.00,-60.92,-52.83,-46.24,-56.06,-62.35,-51.64,-42.15,-51.19,-48.96,-58.68,2026-07-26 21:02:04+00:00
2026-07-26T21:03:03+00:00,-48.16,-60.88,-61.81,-59.55,-64.23,-44.45,-50.51,-61.04,-52.64,-46.42,-58.25,-62.95,-51.70,-42.96,-50.98,-48.90,-58.17,2026-07-26 21:03:03+00:00
2026-07-26T21:04:04+00:00,-51.19,-61.08,-62.17,-59.88,-63.86,-44.56,-50.82,-61.29,-53.94,-46.16,-58.16,-62.94,-52.02,-42.68,-50.84,-48.30,-58.90,2026-07-26 21:04:04+00:00
2026-07-26T21:05:04+00:00,-51.23,-61.16,-61.74,-59.75,-63.77,-44.55,-51.01,-61.29,-53.77,-45.72,-57.75,-62.51,-51.79,-42.12,-51.19,-47.86,-58.08,2026-07-26 21:05:04+00:00
2026-07-26T21:06:04+00:00,-51.00,-61.21,-62.18,-59.94,-63.85,-44.50,-50.86,-61.10,-53.39,-45.82,-57.84,-62.87,-51.86,-41.43,-50.84,-47.01,-58.40,2026-07-26 21:06:04+00:00
2026-07-26T21:07:03+00:00,-50.96,-60.66,-61.79,-60.17,-64.36,-44.62,-50.95,-61.16,-53.32,-45.98,-57.29,-63.03,-51.63,-41.28,-50.51,-47.99,-58.30,2026-07-26 21:07:03+00:00
2026-07-26T21:08:03+00:00,-51.23,-60.90,-62.09,-60.13,-64.86,-44.70,-50.69,-60.84,-53.19,-45.80,-57.84,-62.42,-51.48,-40.15,-50.29,-48.38,-58.86,2026-07-26 21:08:03+00:00
2026-07-26T21:09:04+00:00,-50.58,-61.28,-61.86,-59.92,-63.36,-44.76,-50.38,-60.93,-53.23,-45.16,-57.78,-62.67,-51.47,-39.87,-49.98,-46.20,-58.80,2026-07-26 21:09:04+00:00
2026-07-26T21:10:04+00:00,-50.93,-61.44,-62.25,-59.94,-64.05,-44.80,-50.30,-61.01,-53.63,-45.04,-57.28,-62.46,-51.47,-40.38,-50.25,-45.36,-58.31,2026-07-26 21:10:04+00:00
2026-07-26T21:11:03+00:00,-51.31,-61.27,-62.02,-60.06,-63.50,-44.78,-50.21,-60.69,-53.86,-45.29,-57.39,-62.71,-51.50,-39.33,-50.21,-43.90,-58.77,2026-07-26 21:11:03+00:00
2026-07-26T21:12:03+00:00,-51.21,-61.34,-61.80,-59.43,-63.84,-44.72,-50.43,-61.34,-54.04,-45.03,-57.23,-62.05,-51.08,-39.80,-49.61,-42.72,-58.69,2026-07-26 21:12:03+00:00
2026-07-26T21:13:04+00:00,-51.19,-61.37,-61.99,-59.78,-64.73,-44.73,-50.52,-61.38,-53.74,-44.45,-57.22,-62.97,-51.35,-40.32,-49.29,-41.44,-59.09,2026-07-26 21:13:04+00:00
2026-07-26T21:14:04+00:00,-51.25,-60.90,-61.71,-59.68,-63.96,-44.93,-50.42,-61.34,-53.62,-44.30,-56.72,-61.87,-51.09,-39.16,-48.94,-40.71,-59.33,2026-07-26 21:14:04+00:00
2026-07-26T21:15:03+00:00,-51.02,-61.33,-61.95,-59.78,-62.74,-45.12,-50.01,-60.83,-53.35,-44.96,-56.55,-62.06,-50.78,-38.78,-48.45,-40.04,-59.08,2026-07-26 21:15:03+00:00
2026-07-26T21:16:04+00:00,-51.30,-61.45,-62.45,-59.85,-62.84,-44.99,-50.64,-61.50,-54.58,-44.60,-55.81,-62.57,-50.66,-39.13,-48.41,-40.17,-59.46,2026-07-26 21:16:04+00:00
2026-07-26T21:17:04+00:00,-51.04,-61.82,-62.29,-60.05,-63.03,-45.34,-50.30,-61.73,-54.32,-44.44,-55.76,-62.73,-50.30,-38.71,-48.20,-40.47,-59.46,2026-07-26 21:17:04+00:00
2026-07-26T21:18:04+00:00,-51.07,-61.70,-62.27,-60.31,-64.10,-45.57,-49.88,-62.18,-54.59,-43.47,-56.05,-62.83,-50.32,-38.82,-48.38,-41.38,-58.65,2026-07-26 21:18:04+00:00
2026-07-26T21:19:03+00:00,-51.12,-61.74,-62.32,-60.20,-64.62,-45.18,-49.80,-62.30,-54.69,-43.70,-54.58,-63.46,-50.30,-39.22,-48.28,-42.62,-59.17,2026-07-26 21:19:03+00:00
2026-07-26T21:20:03+00:00,-50.69,-60.92,-62.27,-60.21,-64.29,-45.67,-50.08,-61.57,-54.55,-43.42,-54.57,-62.91,-50.17,-38.87,-47.87,-43.68,-59.35,2026-07-26 21:20:03+00:00
2026-07-26T21:21:04+00:00,-50.87,-61.62,-62.39,-59.88,-63.61,-45.50,-50.71,-62.10,-54.62,-43.39,-54.78,-63.03,-50.25,-38.14,-47.52,-44.57,-57.21,2026-07-26 21:21:04+00:00
2026-07-26T21:22:04+00:00,-50.38,-61.53,-62.09,-59.82,-63.95,-45.43,-50.73,-61.37,-51.49,-43.15,-54.75,-62.45,-50.10,-37.53,-46.97,-45.05,-59.29,2026-07-26 21:22:04+00:00
2026-07-26T21:23:03+00:00,-50.69,-61.38,-62.60,-60.01,-64.06,-45.53,-50.62,-62.25,-51.59,-43.47,-54.81,-63.14,-50.19,-37.46,-47.14,-45.77,-59.58,2026-07-26 21:23:03+00:00
2026-07-26T21:24:03+00:00,-51.03,-61.84,-62.23,-59.61,-63.83,-45.66,-50.28,-61.42,-51.70,-43.55,-54.63,-62.43,-50.18,-38.25,-46.86,-45.06,-59.50,2026-07-26 21:24:03+00:00
2026-07-26T21:25:04+00:00,-50.96,-61.77,-62.16,-60.04,-62.85,-45.53,-50.41,-61.04,-51.71,-44.12,-54.44,-62.67,-49.97,-38.66,-46.50,-45.19,-58.61,2026-07-26 21:25:04+00:00
2026-07-26T21:26:04+00:00,-50.44,-61.82,-61.47,-59.71,-64.12,-45.84,-50.65,-61.10,-51.68,-43.67,-54.39,-62.44,-49.73,-39.19,-46.50,-45.15,-59.11,2026-07-26 21:26:04+00:00
2026-07-26T21:27:03+00:00,-50.92,-61.80,-62.37,-60.14,-64.64,-45.90,-50.83,-60.98,-51.60,-43.55,-54.60,-62.13,-49.66,-39.67,-46.65,-44.86,-57.95,2026-07-26 21:27:03+00:00
2026-07-26T21:28:03+00:00,-50.88,-62.11,-61.78,-59.91,-64.28,-46.02,-50.57,-60.76,-51.65,-43.72,-54.44,-62.43,-49.80,-40.19,-46.81,-44.14,-59.50,2026-07-26 21:28:03+00:00
2026-07-26T21:29:04+00:00,-51.04,-61.31,-61.23,-59.42,-63.95,-46.26,-50.31,-60.51,-51.38,-44.32,-54.51,-61.91,-49.88,-39.70,-46.57,-42.45,-58.53,2026-07-26 21:29:04+00:00
2026-07-26T21:30:04+00:00,-51.22,-62.17,-61.37,-59.56,-62.73,-46.58,-49.80,-60.87,-51.66,-43.74,-54.55,-62.26,-49.88,-40.09,-46.34,-41.88,-59.15,2026-07-26 21:30:04+00:00
2026-07-26T21:31:04+00:00,-48.16,-61.82,-61.45,-59.64,-64.16,-46.14,-49.80,-60.94,-51.42,-43.58,-54.38,-61.44,-49.62,-39.00,-46.27,-41.62,-57.24,2026-07-26 21:31:04+00:00
2026-07-26T21:32:04+00:00,-48.54,-61.07,-60.83,-59.45,-63.70,-46.41,-49.87,-60.84,-51.33,-43.44,-54.10,-61.42,-49.60,-38.42,-46.40,-41.43,-59.34,2026-07-26 21:32:04+00:00
2026-07-26T21:33:03+00:00,-48.36,-61.61,-62.15,-59.52,-63.96,-46.29,-49.01,-61.33,-51.44,-42.68,-54.25,-62.19,-49.64,-37.93,-46.32,-41.53,-58.00,2026-07-26 21:33:03+00:00
2026-07-26T21:34:03+00:00,-48.44,-62.23,-62.15,-59.82,-64.19,-50.50,-49.19,-61.38,-50.83,-43.15,-54.58,-62.73,-49.68,-37.37,-46.14,-41.25,-58.90,2026-07-26 21:34:03+00:00
2026-07-26T21:35:04+00:00,-47.78,-62.77,-61.99,-59.77,-64.05,-50.68,-49.78,-60.98,-50.88,-43.17,-54.36,-62.82,-49.79,-37.53,-46.57,-41.23,-57.15,2026-07-26 21:35:04+00:00
2026-07-26T21:36:04+00:00,-47.79,-62.36,-61.77,-59.35,-64.54,-50.85,-49.95,-61.61,-50.77,-43.25,-54.37,-62.57,-49.96,-37.22,-46.14,-40.65,-59.15,2026-07-26 21:36:04+00:00
2026-07-26T21:37:03+00:00,-47.72,-61.89,-61.76,-59.67,-64.60,-50.68,-50.07,-60.83,-53.41,-44.15,-54.32,-62.72,-50.18,-37.56,-46.04,-39.92,-57.76,2026-07-26 21:37:03+00:00
2026-07-26T21:38:04+00:00,-47.74,-62.35,-61.32,-59.54,-64.00,-51.15,-50.00,-60.94,-53.66,-43.48,-54.05,-61.47,-50.71,-38.56,-45.94,-39.24,-59.46,2026-07-26 21:38:04+00:00
2026-07-26T21:39:04+00:00,-47.60,-62.43,-61.92,-59.41,-63.30,-51.08,-50.44,-61.14,-53.43,-43.63,-53.65,-62.39,-50.47,-38.45,-45.79,-39.78,-58.64,2026-07-26 21:39:04+00:00
2026-07-26T21:40:04+00:00,-47.65,-61.88,-62.15,-59.73,-63.73,-51.12,-50.28,-60.63,-53.26,-44.01,-54.16,-62.72,-50.17,-39.89,-45.90,-39.92,-59.10,2026-07-26 21:40:04+00:00
2026-07-26T21:41:03+00:00,-47.90,-56.92,-62.14,-59.74,-63.98,-51.16,-50.57,-60.98,-53.21,-44.37,-54.17,-62.74,-53.79,-39.47,-45.44,-39.85,-58.56,2026-07-26 21:41:03+00:00
2026-07-26T21:42:04+00:00,-47.77,-60.41,-61.00,-59.67,-63.96,-51.35,-50.09,-59.84,-53.16,-44.77,-53.75,-61.17,-61.41,-38.71,-46.14,-40.10,-58.14,2026-07-26 21:42:04+00:00
2026-07-26T21:43:04+00:00,-47.86,-60.85,-61.51,-60.00,-64.51,-51.03,-49.37,-60.45,-52.89,-44.75,-54.08,-62.22,-62.01,-40.16,-46.33,-40.46,-58.67,2026-07-26 21:43:04+00:00
2026-07-26T21:44:03+00:00,-47.85,-56.39,-61.16,-59.96,-63.73,-50.43,-49.36,-60.66,-52.97,-44.68,-54.02,-62.18,-61.94,-39.59,-46.27,-41.44,-58.20,2026-07-26 21:44:03+00:00
2026-07-26T21:45:03+00:00,-47.90,-60.18,-60.90,-59.87,-64.23,-50.15,-49.01,-60.11,-52.93,-43.69,-53.85,-61.70,-61.41,-39.10,-46.09,-41.85,-57.89,2026-07-26 21:45:03+00:00
2026-07-26T21:46:04+00:00,-49.82,-56.46,-61.88,-60.00,-64.16,-49.96,-49.66,-60.43,-50.60,-43.34,-54.12,-61.88,-61.80,-38.07,-46.31,-41.65,-58.52,2026-07-26 21:46:04+00:00
2026-07-26T21:47:04+00:00,-49.83,-58.23,-61.56,-59.56,-64.57,-50.03,-50.26,-60.84,-50.66,-43.39,-53.89,-61.92,-61.77,-37.83,-45.90,-41.61,-58.51,2026-07-26 21:47:04+00:00
2026-07-26T21:48:03+00:00,-49.90,-58.44,-61.65,-59.48,-63.48,-49.87,-50.64,-60.91,-50.46,-43.34,-53.70,-62.34,-61.36,-38.30,-45.92,-41.94,-58.00,2026-07-26 21:48:03+00:00
2026-07-26T21:49:03+00:00,-49.74,-58.30,-61.84,-59.52,-63.98,-49.41,-50.54,-60.47,-51.00,-43.28,-53.83,-61.83,-60.74,-39.20,-45.68,-41.09,-58.12,2026-07-26 21:49:03+00:00
2026-07-26T21:50:04+00:00,-49.99,-58.07,-61.00,-59.87,-63.69,-49.36,-49.95,-59.64,-50.96,-43.31,-53.62,-61.53,-60.45,-40.09,-45.25,-40.10,-57.86,2026-07-26 21:50:04+00:00
2026-07-26T21:51:04+00:00,-51.45,-58.32,-61.87,-59.64,-63.47,-49.48,-49.63,-60.69,-51.06,-43.48,-53.82,-62.25,-61.35,-42.65,-45.34,-39.67,-58.19,2026-07-26 21:51:04+00:00
2026-07-26T21:52:03+00:00,-51.68,-58.28,-61.55,-59.93,-64.48,-49.19,-49.45,-60.68,-51.12,-43.25,-53.86,-62.09,-61.85,-43.31,-44.87,-39.46,-58.31,2026-07-26 21:52:03+00:00
2026-07-26T21:53:03+00:00,-51.61,-58.51,-61.81,-59.92,-63.75,-49.28,-49.42,-60.98,-51.24,-43.41,-53.97,-62.36,-61.78,-46.56,-45.13,-39.45,-58.44,2026-07-26 21:53:03+00:00
2026-07-26T21:54:04+00:00,-51.75,-58.43,-61.70,-59.50,-63.70,-48.01,-49.29,-60.50,-51.27,-43.74,-53.93,-61.27,-61.50,-48.22,-45.30,-39.68,-57.98,2026-07-26 21:54:04+00:00
2026-07-26T21:55:04+00:00,-51.88,-57.85,-60.72,-59.55,-63.78,-48.16,-49.12,-59.92,-51.18,-43.73,-54.11,-61.28,-61.22,-48.54,-44.94,-40.21,-57.03,2026-07-26 21:55:04+00:00
2026-07-26T21:56:03+00:00,-51.28,-58.12,-61.76,-59.49,-63.24,-45.40,-49.24,-60.44,-50.97,-43.40,-54.38,-62.24,-61.76,-48.32,-45.43,-40.60,-57.90,2026-07-26 21:56:03+00:00
2026-07-26T21:57:04+00:00,-51.92,-58.49,-61.41,-59.71,-63.04,-45.56,-49.08,-60.33,-51.26,-43.14,-54.34,-61.97,-62.14,-47.85,-45.57,-40.59,-58.19,2026-07-26 21:57:04+00:00
2026-07-26T21:58:04+00:00,-51.18,-58.66,-61.77,-59.79,-63.48,-45.64,-48.59,-60.64,-51.19,-43.85,-54.23,-61.76,-61.81,-45.45,-45.54,-40.65,-58.30,2026-07-26 21:58:04+00:00
2026-07-26T21:59:04+00:00,-51.91,-58.61,-61.36,-59.22,-63.18,-45.37,-48.30,-60.08,-51.45,-44.24,-53.43,-61.76,-61.44,-43.92,-45.55,-40.54,-58.28,2026-07-26 21:59:04+00:00
2026-07-26T22:00:03+00:00,-51.79,-58.66,-61.16,-59.40,-63.59,-45.31,-48.91,-60.12,-51.41,-44.24,-53.98,-61.48,-61.67,-42.51,-45.48,-40.08,-58.08,2026-07-26 22:00:03+00:00
2026-07-26T22:01:03+00:00,-51.65,-58.20,-61.15,-59.44,-63.94,-45.37,-49.23,-59.96,-54.98,-43.90,-54.19,-61.88,-61.93,-39.58,-45.13,-39.61,-57.88,2026-07-26 22:01:03+00:00
2026-07-26T22:02:03+00:00,-52.19,-58.32,-60.97,-59.30,-63.31,-45.29,-49.21,-60.26,-55.00,-44.09,-53.14,-61.44,-61.33,-39.20,-44.99,-38.96,-58.20,2026-07-26 22:02:03+00:00
2026-07-26T22:03:04+00:00,-51.83,-58.55,-61.08,-59.64,-64.66,-45.69,-49.37,-60.86,-55.11,-44.64,-54.01,-62.02,-60.59,-39.83,-44.86,-38.52,-57.56,2026-07-26 22:03:04+00:00
2026-07-26T22:04:04+00:00,-52.02,-58.97,-62.04,-59.30,-63.46,-45.90,-49.57,-61.17,-55.36,-43.71,-54.24,-62.48,-61.99,-41.22,-44.93,-38.31,-58.33,2026-07-26 22:04:04+00:00
2026-07-26T22:05:03+00:00,-52.02,-58.88,-61.78,-59.41,-63.65,-45.89,-49.27,-61.03,-55.44,-43.37,-54.34,-62.51,-61.76,-41.17,-45.08,-38.37,-58.55,2026-07-26 22:05:03+00:00
2026-07-26T22:06:04+00:00,-52.10,-58.65,-61.64,-59.65,-63.64,-45.77,-49.13,-60.70,-55.34,-43.95,-54.12,-62.27,-61.74,-41.80,-45.32,-38.65,-58.16,2026-07-26 22:06:04+00:00
2026-07-26T22:07:04+00:00,-51.87,-58.49,-61.37,-59.37,-62.77,-45.90,-49.43,-61.26,-51.45,-43.48,-54.00,-61.98,-61.87,-42.13,-45.37,-39.07,-58.13,2026-07-26 22:07:04+00:00
2026-07-26T22:08:03+00:00,-51.92,-59.05,-62.25,-59.61,-63.86,-45.72,-49.21,-61.65,-51.47,-44.17,-54.10,-62.79,-62.35,-41.37,-45.45,-39.28,-58.36,2026-07-26 22:08:03+00:00
2026-07-26T22:09:03+00:00,-51.81,-58.27,-61.88,-59.39,-64.09,-45.59,-48.68,-60.92,-51.49,-44.26,-54.02,-62.47,-62.15,-42.65,-45.35,-39.03,-57.47,2026-07-26 22:09:03+00:00
2026-07-26T22:10:03+00:00,-51.71,-59.30,-61.93,-59.39,-63.88,-45.55,-48.80,-61.39,-51.49,-44.87,-53.99,-63.00,-62.81,-42.69,-45.07,-38.85,-55.01,2026-07-26 22:10:03+00:00
2026-07-26T22:11:04+00:00,-51.52,-58.94,-61.87,-59.52,-64.41,-45.58,-48.28,-61.39,-51.37,-44.04,-53.87,-62.82,-61.91,-41.09,-44.96,-38.63,-53.79,2026-07-26 22:11:04+00:00
2026-07-26T22:12:04+00:00,-51.66,-58.90,-61.66,-59.23,-64.65,-45.73,-49.35,-61.19,-51.52,-43.92,-54.20,-62.13,-62.21,-42.00,-45.08,-38.44,-53.82,2026-07-26 22:12:04+00:00
2026-07-26T22:13:03+00:00,-49.61,-58.35,-61.13,-58.97,-63.32,-45.37,-44.57,-60.92,-51.34,-44.47,-53.61,-60.81,-61.37,-41.20,-45.03,-38.41,-56.02,2026-07-26 22:13:03+00:00
2026-07-26T22:14:04+00:00,-49.26,-58.40,-61.31,-59.15,-64.74,-45.68,-47.05,-61.12,-51.29,-44.24,-53.71,-62.26,-62.25,-39.46,-45.05,-38.63,-55.21,2026-07-26 22:14:04+00:00
2026-07-26T22:15:04+00:00,-48.79,-58.81,-61.86,-59.58,-63.98,-45.95,-47.52,-62.43,-51.38,-43.10,-53.77,-62.43,-62.11,-39.38,-45.07,-38.60,-55.25,2026-07-26 22:15:04+00:00
2026-07-26T22:16:03+00:00,-47.65,-59.35,-62.50,-59.88,-63.30,-45.48,-48.07,-61.97,-51.24,-42.18,-54.08,-63.08,-63.04,-39.24,-45.04,-38.43,-55.03,2026-07-26 22:16:03+00:00
2026-07-26T22:17:03+00:00,-48.17,-58.86,-61.81,-59.51,-63.81,-45.49,-48.33,-61.68,-51.14,-42.95,-53.98,-62.40,-62.03,-40.49,-45.18,-38.14,-53.77,2026-07-26 22:17:03+00:00
2026-07-26T22:18:04+00:00,-48.14,-58.95,-61.61,-59.32,-63.29,-45.62,-49.05,-61.44,-51.22,-42.67,-54.01,-61.97,-61.87,-41.52,-45.17,-37.61,-55.12,2026-07-26 22:18:04+00:00
2026-07-26T22:19:04+00:00,-47.88,-59.06,-62.23,-59.38,-64.00,-45.62,-49.20,-61.46,-50.59,-42.88,-54.08,-62.57,-62.38,-40.86,-45.40,-37.50,-55.87,2026-07-26 22:19:04+00:00
2026-07-26T22:20:04+00:00,-48.66,-58.72,-61.49,-58.73,-63.93,-45.75,-48.98,-60.51,-50.51,-43.61,-54.16,-61.44,-61.85,-40.74,-45.17,-37.70,-55.10,2026-07-26 22:20:04+00:00
2026-07-26T22:21:03+00:00,-48.86,-58.88,-61.68,-58.94,-63.08,-45.91,-49.05,-61.52,-50.53,-43.78,-54.18,-61.93,-62.12,-41.05,-44.95,-38.24,-54.90,2026-07-26 22:21:03+00:00
2026-07-26T22:22:03+00:00,-48.65,-58.58,-61.67,-58.98,-63.87,-45.89,-48.98,-61.12,-53.54,-43.46,-53.75,-61.67,-61.22,-39.76,-44.85,-38.60,-55.12,2026-07-26 22:22:03+00:00
2026-07-26T22:23:04+00:00,-48.91,-58.94,-61.84,-59.18,-63.46,-45.71,-49.18,-61.68,-53.59,-43.71,-53.85,-62.15,-61.74,-40.32,-44.39,-38.74,-55.09,2026-07-26 22:23:04+00:00
2026-07-26T22:24:04+00:00,-48.79,-58.98,-60.99,-59.28,-65.34,-49.12,-48.64,-61.44,-53.39,-43.39,-53.54,-61.58,-61.58,-39.29,-44.30,-38.94,-53.79,2026-07-26 22:24:04+00:00
2026-07-26T22:25:03+00:00,-48.79,-59.03,-61.99,-59.54,-63.19,-49.32,-49.01,-61.16,-53.41,-42.93,-53.58,-62.25,-62.37,-38.25,-43.90,-40.25,-53.84,2026-07-26 22:25:03+00:00
2026-07-26T22:26:03+00:00,-48.56,-59.11,-62.11,-59.25,-63.51,-49.07,-49.03,-62.05,-53.37,-42.55,-53.44,-62.39,-62.44,-37.36,-44.46,-41.83,-53.59,2026-07-26 22:26:03+00:00
2026-07-26T22:27:04+00:00,-48.24,-59.16,-61.49,-59.32,-64.28,-49.11,-48.77,-61.33,-53.35,-42.84,-53.23,-61.85,-62.31,-36.69,-44.47,-40.83,-55.13,2026-07-26 22:27:04+00:00
2026-07-26T22:28:04+00:00,-48.09,-59.24,-62.18,-58.94,-63.14,-49.45,-48.96,-61.47,-53.45,-42.84,-53.75,-62.63,-62.15,-36.95,-44.53,-39.72,-55.02,2026-07-26 22:28:04+00:00
2026-07-26T22:29:03+00:00,-48.04,-58.82,-62.45,-59.02,-63.87,-49.34,-48.43,-61.74,-53.45,-43.55,-53.91,-63.20,-62.40,-37.17,-45.04,-38.95,-53.84,2026-07-26 22:29:03+00:00
2026-07-26T22:30:03+00:00,-49.24,-59.40,-62.50,-59.40,-64.44,-48.89,-46.59,-62.28,-53.47,-42.19,-53.85,-63.45,-62.67,-37.21,-45.12,-37.92,-55.11,2026-07-26 22:30:03+00:00
2026-07-26T22:31:03+00:00,-50.21,-58.60,-62.31,-59.28,-64.07,-48.98,-48.52,-61.59,-50.70,-41.81,-53.59,-62.46,-62.47,-37.73,-44.66,-37.67,-55.07,2026-07-26 22:31:03+00:00
2026-07-26T22:32:04+00:00,-50.17,-58.60,-61.59,-59.03,-64.31,-48.81,-47.82,-61.41,-50.45,-41.50,-53.25,-62.44,-62.27,-38.95,-44.13,-37.48,-55.56,2026-07-26 22:32:04+00:00
2026-07-26T22:33:04+00:00,-50.20,-59.08,-62.46,-59.38,-63.99,-49.01,-47.69,-62.50,-50.52,-41.62,-53.58,-63.40,-62.04,-39.52,-44.18,-37.26,-53.76,2026-07-26 22:33:04+00:00
2026-07-26T22:34:03+00:00,-50.20,-59.34,-62.44,-59.18,-64.00,-48.83,-47.53,-61.98,-51.12,-41.30,-53.52,-63.11,-62.59,-39.09,-44.45,-37.87,-53.84,2026-07-26 22:34:03+00:00
2026-07-26T22:35:03+00:00,-50.32,-59.04,-62.37,-59.13,-63.74,-48.48,-47.43,-61.95,-51.09,-41.20,-53.55,-63.59,-62.82,-38.77,-44.78,-38.30,-55.75,2026-07-26 22:35:03+00:00
2026-07-26T22:36:04+00:00,-50.23,-59.19,-62.66,-59.24,-63.61,-48.00,-47.55,-62.71,-51.07,-41.37,-53.86,-63.25,-62.63,-38.52,-44.55,-36.98,-53.72,2026-07-26 22:36:04+00:00
2026-07-26T22:37:04+00:00,-50.05,-58.88,-62.11,-59.28,-63.51,-48.16,-47.83,-62.58,-51.11,-41.01,-53.65,-63.14,-62.94,-37.78,-44.68,-36.43,-55.17,2026-07-26 22:37:04+00:00
2026-07-26T22:38:03+00:00,-50.43,-59.18,-62.59,-59.10,-64.04,-47.84,-47.62,-61.88,-51.17,-41.00,-53.55,-62.87,-63.12,-38.87,-44.51,-36.77,-55.06,2026-07-26 22:38:03+00:00
2026-07-26T22:39:03+00:00,-51.87,-58.75,-61.92,-58.99,-64.47,-47.69,-47.74,-62.09,-51.03,-40.84,-53.70,-62.43,-62.27,-38.57,-44.14,-36.77,-55.93,2026-07-26 22:39:03+00:00
2026-07-26T22:40:04+00:00,-52.11,-58.35,-61.56,-59.04,-63.82,-47.68,-48.28,-61.11,-51.01,-41.08,-53.47,-62.18,-61.90,-37.59,-44.47,-36.89,-55.64,2026-07-26 22:40:04+00:00
2026-07-26T22:41:04+00:00,-52.25,-58.91,-62.43,-59.00,-64.43,-47.49,-48.50,-62.22,-51.15,-41.06,-53.77,-62.74,-62.52,-39.41,-44.56,-37.24,-53.65,2026-07-26 22:41:04+00:00
2026-07-26T22:42:04+00:00,-52.13,-58.43,-61.83,-59.03,-63.94,-47.66,-49.01,-62.06,-51.12,-41.10,-53.53,-62.17,-62.31,-41.00,-44.32,-37.55,-53.57,2026-07-26 22:42:04+00:00
2026-07-26T22:43:04+00:00,-51.88,-58.87,-62.00,-58.84,-63.33,-47.33,-49.65,-62.13,-51.03,-41.18,-53.89,-62.34,-62.86,-43.56,-44.79,-37.41,-53.68,2026-07-26 22:43:04+00:00
2026-07-26T22:44:04+00:00,-51.78,-58.35,-62.15,-59.20,-62.69,-47.59,-49.55,-61.96,-50.96,-41.70,-53.74,-62.68,-62.83,-43.42,-44.74,-36.88,-53.77,2026-07-26 22:44:04+00:00
2026-07-26T22:45:04+00:00,-51.97,-58.42,-61.91,-58.74,-63.76,-47.27,-49.81,-61.56,-51.01,-41.64,-53.64,-63.15,-62.58,-43.92,-44.70,-37.60,-53.58,2026-07-26 22:45:04+00:00
2026-07-26T22:46:03+00:00,-51.80,-58.48,-62.16,-58.92,-63.97,-47.45,-49.71,-61.73,-54.43,-41.72,-53.83,-63.12,-62.32,-43.38,-44.87,-38.86,-57.27,2026-07-26 22:46:03+00:00
2026-07-26T22:47:03+00:00,-51.78,-58.49,-61.81,-58.85,-63.76,-47.26,-49.22,-61.21,-54.57,-42.17,-53.76,-61.99,-62.04,-46.34,-44.87,-39.26,-58.14,2026-07-26 22:47:03+00:00
2026-07-26T22:48:04+00:00,-51.72,-58.62,-62.46,-58.61,-63.39,-47.25,-49.44,-62.26,-54.89,-42.83,-53.86,-62.25,-62.73,-45.57,-44.84,-39.22,-53.62,2026-07-26 22:48:04+00:00
2026-07-26T22:49:04+00:00,-51.52,-57.98,-61.22,-58.32,-62.98,-47.52,-49.02,-59.81,-54.40,-42.54,-53.43,-61.81,-60.83,-45.68,-44.98,-39.43,-55.12,2026-07-26 22:49:04+00:00
2026-07-26T22:50:03+00:00,-51.65,-58.54,-61.41,-58.88,-63.01,-47.22,-48.69,-60.41,-54.33,-41.84,-54.14,-61.70,-61.80,-47.63,-44.99,-40.16,-55.83,2026-07-26 22:50:03+00:00
2026-07-26T22:51:03+00:00,-51.66,-58.38,-60.96,-58.58,-63.92,-47.06,-48.43,-60.32,-54.47,-41.37,-53.99,-61.44,-61.46,-48.76,-45.26,-39.10,-54.90,2026-07-26 22:51:03+00:00
2026-07-26T22:52:03+00:00,-51.34,-58.76,-60.70,-58.72,-63.92,-46.67,-48.14,-61.11,-51.35,-41.54,-54.02,-61.39,-61.30,-47.02,-46.15,-38.75,-56.03,2026-07-26 22:52:03+00:00
2026-07-26T22:53:04+00:00,-47.90,-59.07,-61.67,-58.71,-62.72,-47.25,-47.92,-62.13,-51.29,-42.22,-53.91,-62.20,-61.68,-51.84,-46.43,-39.62,-55.87,2026-07-26 22:53:04+00:00
2026-07-26T22:54:04+00:00,-47.78,-58.41,-60.68,-58.57,-64.38,-46.92,-48.23,-60.76,-51.24,-42.58,-53.58,-61.10,-61.03,-50.51,-46.06,-39.87,-55.10,2026-07-26 22:54:04+00:00
2026-07-26T22:55:03+00:00,-47.04,-58.88,-61.03,-58.75,-63.66,-46.90,-48.72,-61.32,-51.22,-41.86,-53.77,-60.57,-61.59,-53.97,-46.71,-39.37,-52.72,2026-07-26 22:55:03+00:00
2026-07-26T22:56:04+00:00,-46.94,-58.97,-61.11,-58.78,-63.86,-46.88,-48.46,-60.99,-51.26,-41.37,-53.59,-61.34,-61.84,-58.32,-46.24,-38.70,-53.82,2026-07-26 22:56:04+00:00
2026-07-26T22:57:04+00:00,-46.64,-57.82,-60.90,-58.55,-63.12,-46.66,-48.28,-60.16,-51.37,-41.39,-53.49,-61.33,-61.90,-55.72,-46.61,-38.75,-53.98,2026-07-26 22:57:04+00:00
2026-07-26T22:58:03+00:00,-46.51,-58.58,-61.09,-58.87,-62.94,-47.27,-48.26,-61.08,-51.14,-42.07,-53.62,-61.32,-61.71,-50.15,-47.36,-38.30,-53.66,2026-07-26 22:58:03+00:00
2026-07-26T22:59:03+00:00,-46.76,-58.67,-60.62,-58.71,-64.11,-47.51,-48.54,-61.40,-51.34,-42.17,-53.71,-61.32,-61.69,-47.41,-47.16,-38.44,-55.00,2026-07-26 22:59:03+00:00
2026-07-26T23:00:04+00:00,-45.55,-58.31,-61.05,-58.57,-64.41,-47.94,-48.73,-60.83,-50.93,-42.55,-53.58,-61.21,-62.02,-47.69,-47.24,-38.26,-56.01,2026-07-26 23:00:04+00:00
2026-07-26T23:01:04+00:00,-46.16,-58.26,-60.46,-58.48,-63.72,-47.78,-48.78,-60.83,-51.18,-42.25,-53.08,-60.74,-61.15,-47.03,-47.01,-37.50,-55.90,2026-07-26 23:01:04+00:00
2026-07-26T23:02:04+00:00,-46.47,-58.28,-60.59,-58.57,-63.94,-48.04,-48.43,-60.80,-51.36,-42.05,-53.25,-60.41,-61.75,-40.41,-47.27,-37.47,-53.66,2026-07-26 23:02:04+00:00
2026-07-26T23:03:03+00:00,-46.43,-58.65,-60.90,-58.60,-64.37,-48.30,-48.19,-60.82,-51.28,-42.81,-53.14,-61.45,-61.88,-39.52,-47.34,-38.11,-55.14,2026-07-26 23:03:03+00:00
2026-07-26T23:04:04+00:00,-46.35,-58.45,-60.59,-58.52,-63.75,-48.00,-48.52,-60.26,-50.49,-42.71,-53.15,-60.60,-51.26,-38.94,-48.11,-39.33,-55.25,2026-07-26 23:04:04+00:00
2026-07-26T23:05:04+00:00,-46.96,-58.31,-59.65,-58.60,-64.17,-48.43,-48.25,-59.71,-50.45,-41.85,-52.88,-59.67,-51.30,-40.61,-48.00,-39.50,-56.05,2026-07-26 23:05:04+00:00
2026-07-26T23:06:04+00:00,-46.97,-57.77,-59.18,-58.56,-63.70,-48.31,-48.57,-59.38,-50.27,-41.90,-52.88,-59.25,-51.70,-38.69,-48.28,-38.89,-55.59,2026-07-26 23:06:04+00:00
2026-07-26T23:07:03+00:00,-46.91,-58.30,-59.71,-58.17,-63.94,-48.27,-48.81,-59.58,-52.98,-41.58,-52.85,-59.80,-51.64,-37.02,-47.36,-40.22,-53.65,2026-07-26 23:07:03+00:00
2026-07-26T23:08:03+00:00,-46.96,-57.99,-58.99,-58.21,-63.50,-48.27,-48.97,-59.33,-53.02,-41.65,-52.65,-59.28,-50.99,-36.75,-47.27,-41.67,-55.70,2026-07-26 23:08:03+00:00
2026-07-26T23:09:04+00:00,-49.20,-57.99,-59.34,-58.24,-63.98,-47.89,-48.30,-58.52,-52.77,-41.20,-52.59,-59.16,-50.59,-37.03,-47.83,-41.57,-54.50,2026-07-26 23:09:04+00:00
2026-07-26T23:10:04+00:00,-49.41,-58.28,-58.27,-57.94,-63.40,-46.09,-48.46,-59.47,-52.94,-40.95,-52.71,-58.55,-50.44,-38.85,-47.71,-41.57,-55.77,2026-07-26 23:10:04+00:00
2026-07-26T23:11:03+00:00,-49.20,-58.27,-59.69,-57.90,-62.97,-46.12,-48.44,-59.48,-52.84,-40.64,-52.40,-59.27,-50.83,-37.35,-47.18,-42.20,-53.62,2026-07-26 23:11:03+00:00
2026-07-26T23:12:03+00:00,-48.29,-58.40,-59.63,-57.85,-64.05,-45.97,-49.06,-59.80,-52.86,-41.44,-52.37,-59.52,-50.61,-42.55,-46.50,-42.41,-55.21,2026-07-26 23:12:03+00:00
2026-07-26T23:13:04+00:00,-48.16,-57.66,-58.79,-57.99,-64.01,-45.97,-48.74,-59.24,-52.60,-41.65,-52.02,-59.41,-50.37,-44.12,-47.48,-43.14,-53.93,2026-07-26 23:13:04+00:00
2026-07-26T23:14:04+00:00,-48.24,-57.46,-59.49,-58.43,-63.25,-46.08,-48.88,-59.54,-53.15,-42.36,-51.93,-59.12,-50.28,-46.52,-46.97,-42.35,-55.20,2026-07-26 23:14:04+00:00
2026-07-26T23:15:03+00:00,-50.91,-58.43,-59.73,-58.50,-64.47,-46.17,-48.93,-61.22,-51.50,-42.58,-51.91,-60.01,-50.71,-44.26,-47.23,-41.77,-55.76,2026-07-26 23:15:03+00:00
2026-07-26T23:16:04+00:00,-50.80,-58.30,-59.02,-58.28,-62.92,-46.04,-48.65,-59.58,-50.43,-42.31,-51.98,-58.94,-50.54,-43.81,-47.24,-39.54,-55.76,2026-07-26 23:16:04+00:00
2026-07-26T23:17:04+00:00,-50.99,-58.63,-59.88,-58.52,-63.86,-45.94,-49.02,-59.67,-50.33,-42.19,-51.86,-59.77,-50.34,-41.74,-46.38,-39.55,-55.73,2026-07-26 23:17:04+00:00
2026-07-26T23:18:03+00:00,-50.93,-58.71,-60.54,-58.43,-64.20,-45.71,-48.68,-60.06,-50.24,-41.81,-51.90,-60.36,-50.39,-45.25,-46.54,-40.06,-54.06,2026-07-26 23:18:03+00:00
2026-07-26T23:19:03+00:00,-51.28,-58.50,-60.44,-57.99,-63.09,-46.03,-48.36,-60.04,-50.66,-42.67,-51.62,-60.17,-50.79,-47.27,-47.03,-40.36,-53.80,2026-07-26 23:19:03+00:00
2026-07-26T23:20:04+00:00,-51.07,-59.09,-60.10,-58.23,-63.14,-46.14,-48.62,-60.21,-50.94,-42.57,-51.87,-60.73,-51.45,-45.07,-47.04,-40.31,-55.28,2026-07-26 23:20:04+00:00
2026-07-26T23:21:04+00:00,-50.97,-60.95,-59.93,-57.88,-63.98,-45.89,-48.79,-59.76,-50.83,-42.22,-51.69,-59.30,-51.36,-48.33,-46.53,-39.85,-54.89,2026-07-26 23:21:04+00:00
2026-07-26T23:22:04+00:00,-50.91,-60.67,-60.35,-58.20,-64.23,-46.13,-48.94,-60.50,-50.78,-42.14,-51.56,-60.22,-51.27,-51.31,-46.26,-39.86,-55.76,2026-07-26 23:22:04+00:00
2026-07-26T23:23:03+00:00,-51.03,-59.87,-60.15,-57.94,-64.26,-45.98,-48.75,-60.79,-50.81,-42.97,-51.17,-59.41,-51.31,-45.97,-46.31,-40.60,-53.71,2026-07-26 23:23:03+00:00
2026-07-26T23:24:04+00:00,-51.01,-60.19,-59.35,-58.04,-63.97,-45.72,-48.55,-60.11,-50.58,-43.40,-50.96,-59.15,-50.49,-46.35,-46.54,-40.67,-53.76,2026-07-26 23:24:04+00:00
2026-07-26T23:25:04+00:00,-51.08,-60.52,-60.64,-58.10,-63.67,-48.11,-48.50,-60.53,-52.38,-42.79,-50.97,-59.59,-50.06,-45.18,-46.84,-40.93,-55.61,2026-07-26 23:25:04+00:00
2026-07-26T23:26:03+00:00,-51.06,-60.70,-62.17,-58.03,-64.27,-48.08,-48.18,-60.28,-52.16,-42.69,-51.32,-60.98,-49.84,-45.56,-46.55,-41.73,-55.20,2026-07-26 23:26:03+00:00
2026-07-26T23:27:03+00:00,-50.75,-60.52,-60.93,-57.74,-64.06,-48.18,-48.58,-59.91,-52.41,-41.99,-51.28,-60.35,-49.99,-46.04,-46.30,-42.14,-53.63,2026-07-26 23:27:03+00:00
2026-07-26T23:28:04+00:00,-51.11,-60.82,-61.75,-57.75,-64.22,-48.48,-49.04,-60.50,-52.58,-41.75,-51.06,-60.83,-50.22,-44.72,-46.11,-41.75,-54.14,2026-07-26 23:28:04+00:00
2026-07-26T23:29:04+00:00,-51.09,-60.76,-62.22,-57.56,-64.53,-48.35,-49.00,-59.79,-52.28,-41.81,-50.74,-60.56,-50.22,-44.72,-46.60,-40.82,-53.62,2026-07-26 23:29:04+00:00
2026-07-26T23:30:03+00:00,-50.91,-60.38,-60.20,-57.54,-63.91,-48.03,-48.96,-60.33,-57.17,-41.81,-50.75,-60.45,-50.41,-41.55,-45.58,-41.24,-53.32,2026-07-26 23:30:03+00:00
2026-07-26T23:31:04+00:00,-51.35,-60.48,-61.95,-57.27,-64.61,-48.09,-51.98,-60.45,-59.54,-41.54,-50.78,-61.47,-50.78,-43.02,-46.24,-43.05,-54.24,2026-07-26 23:31:04+00:00
2026-07-26T23:32:03+00:00,-50.75,-60.29,-62.11,-57.49,-63.89,-48.03,-45.19,-60.42,-58.97,-41.19,-50.70,-61.16,-51.03,-43.97,-46.41,-43.54,-54.22,2026-07-26 23:32:03+00:00
2026-07-26T23:33:04+00:00,-51.20,-60.61,-61.68,-58.03,-63.34,-48.25,-48.69,-60.81,-59.84,-41.39,-50.60,-60.10,-51.23,-42.67,-46.62,-42.17,-53.56,2026-07-26 23:33:04+00:00
2026-07-26T23:34:03+00:00,-51.19,-61.17,-62.38,-58.41,-63.71,-47.80,-48.16,-61.28,-60.56,-41.33,-50.65,-62.08,-51.13,-42.43,-46.91,-41.33,-53.95,2026-07-26 23:34:03+00:00
2026-07-26T23:35:03+00:00,-51.68,-61.29,-61.82,-58.24,-63.20,-47.52,-47.94,-61.23,-60.66,-41.67,-50.53,-61.41,-50.76,-43.13,-47.00,-40.92,-53.53,2026-07-26 23:35:03+00:00
2026-07-26T23:36:04+00:00,-51.34,-62.76,-62.69,-58.02,-64.24,-47.62,-48.31,-61.38,-60.13,-41.92,-50.35,-62.11,-50.97,-44.63,-47.28,-40.96,-54.35,2026-07-26 23:36:04+00:00
2026-07-26T23:37:04+00:00,-51.43,-63.58,-63.53,-57.84,-64.93,-47.38,-48.52,-61.81,-52.92,-41.07,-50.42,-62.68,-50.85,-46.87,-47.77,-40.75,-53.56,2026-07-26 23:37:04+00:00
2026-07-26T23:38:03+00:00,-51.48,-62.65,-62.76,-57.74,-65.14,-47.48,-48.50,-61.70,-53.03,-40.44,-50.08,-61.86,-50.97,-48.83,-48.46,-39.02,-53.93,2026-07-26 23:38:03+00:00
2026-07-26T23:39:04+00:00,-51.23,-63.31,-63.63,-57.86,-64.63,-47.52,-48.86,-61.84,-52.82,-40.05,-50.17,-61.91,-51.28,-52.37,-48.44,-39.12,-53.47,2026-07-26 23:39:04+00:00
2026-07-26T23:40:04+00:00,-51.17,-62.77,-62.68,-58.30,-64.61,-47.58,-48.20,-61.24,-52.80,-41.30,-49.92,-61.84,-51.96,-53.60,-47.39,-37.11,-52.73,2026-07-26 23:40:04+00:00
2026-07-26T23:41:03+00:00,-50.84,-61.63,-61.75,-58.14,-62.59,-48.17,-48.47,-60.53,-52.60,-42.68,-49.90,-61.41,-52.18,-53.12,-47.35,-37.03,-53.67,2026-07-26 23:41:03+00:00
2026-07-26T23:42:03+00:00,-51.01,-62.65,-62.87,-58.13,-64.53,-48.15,-48.56,-61.63,-52.69,-43.40,-49.91,-61.88,-52.18,-52.27,-47.22,-37.92,-53.60,2026-07-26 23:42:03+00:00
2026-07-26T23:43:04+00:00,-50.65,-62.92,-62.17,-58.21,-63.19,-47.91,-48.72,-61.33,-52.62,-43.94,-49.89,-62.01,-52.69,-50.72,-46.92,-38.20,-54.17,2026-07-26 23:43:04+00:00
2026-07-26T23:44:04+00:00,-50.76,-61.50,-61.89,-57.90,-63.68,-48.03,-49.02,-61.09,-52.50,-44.75,-49.81,-61.26,-52.61,-51.80,-47.08,-38.48,-54.21,2026-07-26 23:44:04+00:00
2026-07-26T23:45:03+00:00,-49.47,-61.57,-63.98,-58.24,-64.68,-48.11,-48.52,-62.11,-52.59,-43.58,-49.83,-62.46,-52.62,-49.34,-48.14,-37.78,-53.58,2026-07-26 23:45:03+00:00
2026-07-26T23:46:03+00:00,-49.34,-62.29,-63.25,-58.27,-64.16,-47.38,-48.47,-61.65,-52.25,-42.56,-49.77,-62.38,-52.32,-48.28,-48.45,-38.12,-54.90,2026-07-26 23:46:03+00:00
2026-07-26T23:47:04+00:00,-49.29,-61.77,-62.65,-58.01,-64.75,-47.55,-48.51,-61.16,-52.58,-41.37,-49.61,-61.92,-52.48,-47.60,-48.38,-38.05,-54.50,2026-07-26 23:47:04+00:00
2026-07-26T23:48:04+00:00,-49.46,-62.37,-63.04,-58.03,-64.51,-47.19,-48.64,-61.28,-52.34,-41.18,-49.62,-61.89,-53.17,-52.40,-48.48,-37.02,-53.68,2026-07-26 23:48:04+00:00
2026-07-26T23:49:03+00:00,-49.40,-61.21,-62.59,-57.93,-63.28,-45.26,-48.42,-60.83,-51.71,-41.57,-49.32,-61.44,-53.24,-51.65,-48.15,-37.34,-53.69,2026-07-26 23:49:03+00:00
2026-07-26T23:50:03+00:00,-49.14,-61.59,-62.43,-58.03,-64.16,-45.36,-48.08,-61.07,-51.68,-41.70,-49.53,-61.32,-52.69,-50.05,-48.45,-37.09,-53.59,2026-07-26 23:50:03+00:00
2026-07-26T23:51:04+00:00,-49.10,-62.68,-62.93,-57.91,-64.75,-45.45,-47.49,-61.18,-52.84,-42.14,-49.67,-61.64,-53.11,-50.23,-48.16,-37.11,-53.38,2026-07-26 23:51:04+00:00
2026-07-26T23:52:04+00:00,-48.24,-61.26,-62.72,-57.94,-63.43,-45.65,-47.12,-60.28,-55.31,-42.99,-49.88,-62.17,-53.16,-53.39,-47.66,-37.31,-53.60,2026-07-26 23:52:04+00:00
2026-07-26T23:53:03+00:00,-48.15,-61.63,-61.60,-57.49,-63.73,-45.32,-47.93,-60.74,-55.01,-41.99,-49.72,-61.46,-52.80,-52.12,-48.10,-35.71,-53.70,2026-07-26 23:53:03+00:00
2026-07-26T23:54:03+00:00,-48.35,-61.51,-62.60,-57.39,-64.23,-45.60,-48.15,-61.17,-55.02,-41.56,-50.01,-61.74,-52.59,-50.84,-48.22,-35.80,-53.58,2026-07-26 23:54:03+00:00
2026-07-26T23:55:04+00:00,-48.41,-62.58,-61.99,-57.39,-63.99,-45.87,-47.97,-61.21,-55.27,-41.84,-50.23,-61.54,-52.62,-52.24,-48.04,-37.00,-54.15,2026-07-26 23:55:04+00:00
2026-07-26T23:56:04+00:00,-48.53,-62.70,-62.61,-57.44,-63.45,-46.37,-48.14,-60.74,-55.19,-41.78,-50.43,-62.03,-52.66,-54.20,-47.55,-38.01,-53.63,2026-07-26 23:56:04+00:00
2026-07-26T23:57:03+00:00,-48.47,-61.52,-62.21,-58.04,-64.37,-46.49,-48.69,-60.88,-55.17,-42.26,-50.59,-61.86,-52.33,-55.54,-46.96,-39.49,-53.69,2026-07-26 23:57:03+00:00
2026-07-26T23:58:03+00:00,-48.38,-61.58,-62.67,-57.69,-64.76,-46.38,-48.62,-60.69,-55.33,-43.33,-50.38,-61.85,-52.18,-55.45,-47.61,-40.05,-53.87,2026-07-26 23:58:03+00:00
2026-07-26T23:59:04+00:00,-48.47,-62.67,-63.66,-57.61,-64.29,-47.07,-48.06,-61.72,-55.29,-43.26,-50.36,-62.64,-52.20,-55.70,-47.54,-40.74,-54.00,2026-07-26 23:59:04+00:00
