data,4500,11350,27200,58750,89750,19600,20270,20900,22600,23400,24000,26700,29700,45900,63850,77500,Ch17,data_parsed
2026-07-17T00:00:03+00:00,-50.40,-56.08,-62.23,-59.46,-64.38,-45.91,-43.43,-59.70,-51.18,-43.49,-50.65,-56.86,-47.79,-42.28,-49.79,-38.25,-53.78,2026-07-17 00:00:03+00:00
2026-07-17T00:01:03+00:00,-50.99,-57.91,-63.60,-59.90,-63.64,-46.27,-43.55,-61.17,-51.33,-43.41,-50.40,-58.15,-47.60,-41.62,-49.17,-39.01,-53.50,2026-07-17 00:01:03+00:00
2026-07-17T00:02:04+00:00,-50.43,-57.32,-63.91,-59.97,-63.83,-46.54,-43.27,-60.27,-51.36,-43.29,-49.83,-59.01,-47.79,-40.59,-49.82,-39.05,-53.16,2026-07-17 00:02:04+00:00
2026-07-17T00:03:03+00:00,-51.20,-58.22,-64.73,-59.76,-64.24,-45.23,-43.20,-60.45,-51.27,-44.38,-50.62,-60.05,-48.22,-41.04,-49.02,-38.04,-53.76,2026-07-17 00:03:03+00:00
2026-07-17T00:04:04+00:00,-50.95,-57.29,-62.93,-60.02,-64.14,-45.25,-43.14,-60.03,-50.99,-45.37,-50.37,-60.57,-48.46,-40.80,-49.15,-37.59,-54.14,2026-07-17 00:04:04+00:00
2026-07-17T00:05:04+00:00,-49.18,-57.31,-63.21,-59.67,-64.75,-45.66,-43.23,-59.84,-51.00,-44.97,-50.31,-60.22,-48.73,-40.46,-50.68,-38.50,-53.58,2026-07-17 00:05:04+00:00
2026-07-17T00:06:04+00:00,-49.11,-57.41,-63.15,-59.97,-64.28,-44.73,-43.21,-59.68,-50.96,-42.45,-50.21,-59.87,-48.63,-40.48,-52.22,-39.06,-52.19,2026-07-17 00:06:04+00:00
2026-07-17T00:07:04+00:00,-49.16,-57.60,-63.22,-59.52,-64.86,-44.66,-43.02,-60.11,-51.09,-41.47,-49.69,-59.71,-48.21,-39.88,-53.48,-39.44,-52.99,2026-07-17 00:07:04+00:00
2026-07-17T00:08:03+00:00,-48.54,-57.64,-63.63,-60.35,-64.34,-45.06,-43.17,-60.31,-51.16,-43.17,-49.79,-59.97,-48.61,-40.23,-51.52,-39.34,-54.01,2026-07-17 00:08:03+00:00
2026-07-17T00:09:04+00:00,-48.60,-57.79,-63.44,-59.79,-64.08,-44.72,-43.03,-60.31,-51.05,-44.79,-50.31,-60.01,-48.69,-40.36,-49.02,-39.76,-53.24,2026-07-17 00:09:04+00:00
2026-07-17T00:10:03+00:00,-48.84,-56.44,-63.74,-59.99,-63.58,-44.92,-42.92,-60.26,-51.97,-47.15,-50.51,-60.00,-48.65,-39.54,-49.08,-40.14,-53.96,2026-07-17 00:10:03+00:00
2026-07-17T00:11:03+00:00,-48.54,-57.20,-64.01,-60.16,-64.39,-45.34,-43.29,-59.87,-51.80,-46.87,-50.23,-60.27,-48.55,-39.60,-50.20,-40.06,-53.29,2026-07-17 00:11:03+00:00
2026-07-17T00:12:04+00:00,-48.58,-57.41,-62.42,-59.28,-63.54,-44.98,-42.95,-58.64,-54.91,-47.83,-49.68,-59.38,-48.43,-39.25,-50.11,-38.37,-52.77,2026-07-17 00:12:04+00:00
2026-07-17T00:13:03+00:00,-49.14,-57.77,-63.61,-59.70,-64.15,-44.88,-43.06,-60.30,-56.03,-48.54,-50.20,-59.24,-48.79,-39.60,-49.62,-37.57,-52.89,2026-07-17 00:13:03+00:00
2026-07-17T00:14:03+00:00,-49.38,-57.64,-61.35,-59.48,-63.07,-46.27,-43.13,-59.23,-55.44,-48.87,-50.10,-57.20,-48.69,-39.75,-51.90,-36.34,-53.56,2026-07-17 00:14:03+00:00
2026-07-17T00:15:04+00:00,-49.56,-57.94,-62.39,-59.82,-63.32,-45.56,-43.17,-60.48,-56.27,-48.80,-50.38,-57.21,-48.74,-39.21,-52.44,-35.40,-53.28,2026-07-17 00:15:04+00:00
2026-07-17T00:16:03+00:00,-49.37,-57.79,-62.41,-59.65,-64.54,-45.29,-43.41,-59.78,-55.86,-47.15,-49.90,-56.48,-48.70,-39.32,-53.02,-35.62,-53.94,2026-07-17 00:16:03+00:00
2026-07-17T00:17:04+00:00,-50.43,-57.54,-62.97,-59.67,-63.96,-44.81,-43.32,-60.36,-55.86,-45.27,-49.47,-56.64,-49.08,-39.99,-54.00,-34.86,-54.03,2026-07-17 00:17:04+00:00
2026-07-17T00:18:04+00:00,-50.64,-57.32,-61.99,-59.81,-62.90,-45.47,-43.36,-59.15,-56.10,-44.20,-49.40,-56.17,-48.73,-39.98,-53.53,-34.87,-51.29,2026-07-17 00:18:04+00:00
2026-07-17T00:19:03+00:00,-50.63,-57.88,-61.75,-59.79,-64.22,-44.77,-43.19,-60.17,-56.54,-43.75,-50.48,-56.03,-49.27,-40.85,-53.45,-36.06,-53.11,2026-07-17 00:19:03+00:00
2026-07-17T00:20:04+00:00,-50.70,-57.44,-61.37,-59.68,-63.89,-45.21,-43.14,-59.72,-56.27,-43.88,-50.49,-55.64,-49.26,-41.01,-52.89,-38.33,-53.29,2026-07-17 00:20:04+00:00
2026-07-17T00:21:03+00:00,-49.41,-57.40,-62.18,-59.78,-65.04,-44.82,-43.11,-60.22,-56.53,-43.05,-50.65,-56.33,-49.08,-41.10,-51.88,-39.29,-51.95,2026-07-17 00:21:03+00:00
2026-07-17T00:22:03+00:00,-49.44,-57.52,-62.33,-59.45,-64.30,-44.58,-43.13,-59.00,-56.41,-43.41,-50.35,-56.90,-49.29,-41.51,-50.92,-41.98,-53.14,2026-07-17 00:22:03+00:00
2026-07-17T00:23:04+00:00,-49.52,-57.69,-62.35,-59.50,-64.42,-45.15,-42.90,-59.75,-55.99,-44.46,-49.83,-56.52,-48.96,-42.19,-50.10,-42.16,-53.06,2026-07-17 00:23:04+00:00
2026-07-17T00:24:04+00:00,-49.16,-57.38,-62.63,-59.42,-63.61,-45.38,-43.17,-59.94,-56.31,-44.83,-49.34,-56.09,-49.35,-42.38,-49.78,-43.95,-53.51,2026-07-17 00:24:04+00:00
2026-07-17T00:25:03+00:00,-49.26,-57.41,-60.34,-59.66,-64.75,-43.84,-43.12,-58.52,-55.67,-43.21,-50.24,-55.65,-49.60,-41.95,-50.77,-43.83,-53.22,2026-07-17 00:25:03+00:00
2026-07-17T00:26:04+00:00,-48.96,-57.56,-62.90,-59.59,-63.28,-44.23,-43.27,-59.97,-56.70,-43.00,-50.20,-56.02,-49.31,-42.57,-50.53,-42.75,-54.10,2026-07-17 00:26:04+00:00
2026-07-17T00:27:03+00:00,-48.78,-57.27,-61.92,-59.41,-64.76,-45.58,-43.33,-59.30,-56.26,-42.36,-50.24,-55.95,-49.32,-42.29,-48.45,-39.63,-53.71,2026-07-17 00:27:03+00:00
2026-07-17T00:28:03+00:00,-47.53,-57.23,-61.59,-59.35,-63.83,-45.57,-43.40,-59.34,-56.39,-41.94,-49.92,-56.09,-48.84,-43.02,-47.58,-37.33,-53.79,2026-07-17 00:28:03+00:00
2026-07-17T00:29:04+00:00,-48.80,-56.92,-60.67,-59.37,-64.52,-43.86,-43.34,-59.21,-56.35,-41.07,-49.19,-55.41,-49.36,-43.21,-48.40,-36.52,-53.47,2026-07-17 00:29:04+00:00
2026-07-17T00:30:03+00:00,-48.88,-57.07,-61.63,-59.37,-64.06,-45.41,-43.17,-59.14,-56.62,-40.92,-50.10,-55.59,-49.86,-42.95,-48.16,-35.75,-53.44,2026-07-17 00:30:03+00:00
2026-07-17T00:31:03+00:00,-50.69,-57.11,-61.64,-59.51,-63.64,-43.82,-43.19,-58.97,-56.86,-40.98,-49.93,-55.52,-50.04,-43.08,-47.30,-36.09,-53.18,2026-07-17 00:31:03+00:00
2026-07-17T00:32:04+00:00,-50.94,-57.46,-60.51,-59.36,-63.92,-44.37,-43.30,-59.24,-56.87,-41.44,-49.74,-55.60,-49.95,-43.11,-46.99,-37.18,-53.26,2026-07-17 00:32:04+00:00
2026-07-17T00:33:04+00:00,-50.57,-57.65,-62.71,-59.39,-63.72,-44.70,-43.31,-59.76,-56.88,-41.86,-49.44,-56.43,-49.56,-43.05,-46.13,-39.08,-53.41,2026-07-17 00:33:04+00:00
2026-07-17T00:34:03+00:00,-51.07,-57.60,-62.83,-59.33,-63.62,-44.34,-43.32,-59.39,-57.02,-42.22,-48.42,-57.81,-49.72,-42.90,-46.11,-39.89,-53.54,2026-07-17 00:34:03+00:00
2026-07-17T00:35:03+00:00,-50.87,-57.65,-62.21,-59.68,-63.85,-46.50,-43.31,-59.48,-57.11,-42.19,-48.83,-57.69,-50.34,-42.03,-46.01,-40.35,-54.00,2026-07-17 00:35:03+00:00
2026-07-17T00:36:04+00:00,-51.63,-58.21,-62.31,-59.32,-63.91,-44.70,-43.14,-59.65,-57.43,-41.88,-48.93,-57.92,-51.04,-41.66,-46.29,-39.26,-53.38,2026-07-17 00:36:04+00:00
2026-07-17T00:37:03+00:00,-51.66,-57.91,-62.49,-59.10,-64.01,-44.76,-43.23,-58.77,-57.07,-43.10,-49.15,-56.87,-51.36,-41.36,-46.83,-36.08,-53.72,2026-07-17 00:37:03+00:00
2026-07-17T00:38:03+00:00,-50.62,-57.59,-61.99,-59.47,-64.28,-44.55,-43.00,-59.02,-57.16,-44.43,-49.18,-57.03,-50.91,-41.72,-47.38,-34.73,-53.70,2026-07-17 00:38:03+00:00
2026-07-17T00:39:04+00:00,-50.68,-58.11,-61.57,-59.00,-64.98,-45.21,-43.09,-58.62,-56.81,-45.65,-48.75,-57.14,-50.67,-41.71,-45.29,-34.08,-54.52,2026-07-17 00:39:04+00:00
2026-07-17T00:40:03+00:00,-50.98,-57.02,-62.61,-59.82,-63.53,-44.30,-43.26,-60.30,-55.27,-45.86,-48.72,-57.16,-50.44,-41.96,-45.60,-33.90,-53.98,2026-07-17 00:40:03+00:00
2026-07-17T00:41:03+00:00,-51.27,-57.69,-60.85,-59.14,-65.20,-45.62,-47.10,-58.39,-54.55,-45.31,-48.41,-56.55,-50.50,-42.59,-44.95,-34.79,-53.71,2026-07-17 00:41:03+00:00
2026-07-17T00:42:04+00:00,-51.33,-58.09,-61.62,-59.44,-64.10,-45.54,-47.46,-59.53,-51.25,-45.60,-48.74,-56.63,-50.60,-42.87,-44.87,-34.83,-53.28,2026-07-17 00:42:04+00:00
2026-07-17T00:43:03+00:00,-51.56,-58.03,-62.09,-59.66,-64.72,-46.93,-46.90,-59.86,-51.11,-46.45,-48.45,-56.61,-50.68,-42.82,-45.26,-34.35,-54.26,2026-07-17 00:43:03+00:00
2026-07-17T00:44:03+00:00,-51.69,-57.83,-61.99,-58.98,-64.52,-47.01,-47.39,-60.07,-51.39,-46.57,-48.16,-56.55,-50.85,-42.81,-45.84,-34.87,-53.59,2026-07-17 00:44:03+00:00
2026-07-17T00:45:04+00:00,-51.08,-56.97,-60.98,-58.74,-62.76,-46.81,-47.61,-59.87,-51.10,-45.66,-48.41,-56.94,-50.93,-42.19,-45.17,-35.80,-53.44,2026-07-17 00:45:04+00:00
2026-07-17T00:46:03+00:00,-51.42,-57.50,-62.20,-59.23,-63.67,-46.51,-47.52,-60.36,-51.16,-46.00,-48.29,-57.89,-50.77,-43.18,-45.77,-36.56,-54.15,2026-07-17 00:46:03+00:00
2026-07-17T00:47:04+00:00,-49.66,-57.53,-60.92,-59.37,-63.71,-46.40,-47.45,-58.94,-50.96,-46.63,-47.88,-57.59,-50.57,-42.67,-46.92,-37.58,-54.52,2026-07-17 00:47:04+00:00
2026-07-17T00:48:04+00:00,-50.04,-56.73,-61.04,-58.89,-62.87,-46.46,-47.12,-59.28,-50.80,-46.48,-48.22,-57.07,-50.96,-42.38,-47.65,-39.74,-52.97,2026-07-17 00:48:04+00:00
2026-07-17T00:49:03+00:00,-49.75,-57.56,-60.68,-58.73,-63.74,-46.77,-46.75,-57.29,-50.62,-45.42,-48.01,-57.04,-51.26,-42.21,-46.81,-40.11,-54.34,2026-07-17 00:49:03+00:00
2026-07-17T00:50:04+00:00,-49.42,-57.37,-61.59,-58.87,-63.51,-46.87,-47.20,-59.17,-50.70,-44.98,-47.96,-57.26,-50.96,-42.44,-46.68,-40.43,-52.99,2026-07-17 00:50:04+00:00
2026-07-17T00:51:04+00:00,-49.19,-57.82,-61.00,-59.20,-62.77,-46.88,-47.47,-59.09,-50.74,-45.04,-47.71,-56.75,-50.17,-42.59,-48.40,-38.65,-52.85,2026-07-17 00:51:04+00:00
2026-07-17T00:52:03+00:00,-49.18,-57.33,-62.64,-59.45,-63.51,-46.83,-47.81,-59.91,-50.86,-45.76,-47.48,-57.84,-50.07,-42.95,-49.12,-38.00,-54.19,2026-07-17 00:52:03+00:00
2026-07-17T00:53:04+00:00,-49.26,-57.88,-62.74,-59.59,-63.98,-46.91,-48.04,-60.95,-50.78,-46.73,-47.21,-57.16,-50.09,-42.90,-48.73,-37.45,-53.63,2026-07-17 00:53:04+00:00
2026-07-17T00:54:04+00:00,-51.37,-57.38,-61.70,-59.24,-63.91,-46.78,-47.25,-59.19,-50.84,-46.66,-47.30,-57.15,-50.08,-42.99,-47.15,-36.85,-54.05,2026-07-17 00:54:04+00:00
2026-07-17T00:55:03+00:00,-51.68,-57.86,-61.49,-59.40,-63.28,-46.75,-47.44,-59.18,-51.16,-46.70,-47.48,-57.09,-49.57,-43.31,-47.54,-37.13,-53.34,2026-07-17 00:55:03+00:00
2026-07-17T00:56:04+00:00,-51.55,-58.61,-60.41,-59.14,-64.27,-46.66,-47.03,-59.23,-50.26,-46.77,-47.76,-57.41,-48.92,-43.66,-48.02,-39.55,-53.27,2026-07-17 00:56:04+00:00
2026-07-17T00:57:04+00:00,-51.40,-58.85,-62.45,-59.47,-63.40,-46.39,-46.81,-59.98,-55.98,-44.75,-47.94,-57.01,-49.42,-43.64,-49.15,-39.79,-53.57,2026-07-17 00:57:04+00:00
2026-07-17T00:58:03+00:00,-51.67,-59.66,-63.56,-59.40,-64.56,-46.89,-47.22,-61.73,-56.56,-44.22,-47.58,-57.08,-50.01,-44.01,-49.75,-39.60,-53.99,2026-07-17 00:58:03+00:00
2026-07-17T00:59:04+00:00,-51.31,-58.87,-62.25,-59.35,-63.77,-46.26,-46.98,-59.45,-56.16,-45.86,-47.67,-56.67,-51.06,-44.29,-48.98,-40.66,-53.76,2026-07-17 00:59:04+00:00
2026-07-17T01:00:04+00:00,-51.53,-58.85,-61.78,-59.28,-63.60,-46.52,-49.65,-60.84,-56.16,-48.40,-47.39,-56.66,-51.32,-44.37,-49.02,-40.42,-53.79,2026-07-17 01:00:04+00:00
2026-07-17T01:01:03+00:00,-51.41,-59.07,-62.87,-59.41,-64.25,-46.35,-44.42,-60.73,-55.71,-48.74,-47.72,-57.09,-51.34,-45.06,-47.36,-41.33,-53.55,2026-07-17 01:01:03+00:00
2026-07-17T01:02:04+00:00,-51.36,-58.52,-61.90,-59.43,-64.14,-46.51,-47.55,-60.04,-55.47,-47.62,-47.75,-57.33,-51.93,-45.49,-48.57,-40.35,-54.20,2026-07-17 01:02:04+00:00
2026-07-17T01:03:03+00:00,-51.09,-58.20,-62.06,-59.17,-64.61,-46.43,-47.19,-60.02,-56.16,-49.51,-47.97,-57.70,-51.87,-44.84,-48.72,-40.49,-53.32,2026-07-17 01:03:03+00:00
2026-07-17T01:04:03+00:00,-51.33,-58.01,-62.07,-59.32,-63.68,-46.63,-47.12,-59.74,-56.25,-50.29,-47.58,-57.76,-51.50,-44.63,-48.65,-41.84,-54.37,2026-07-17 01:04:03+00:00
2026-07-17T01:05:04+00:00,-51.43,-58.33,-60.16,-58.88,-63.34,-46.55,-46.78,-58.65,-55.31,-49.70,-47.53,-57.11,-51.12,-45.69,-47.41,-42.88,-53.33,2026-07-17 01:05:04+00:00
2026-07-17T01:06:04+00:00,-51.33,-59.30,-63.31,-59.13,-63.78,-46.54,-46.92,-59.88,-56.37,-49.49,-47.71,-57.34,-51.42,-45.42,-46.91,-47.20,-54.24,2026-07-17 01:06:04+00:00
2026-07-17T01:07:03+00:00,-51.18,-57.90,-61.31,-59.30,-64.06,-46.62,-47.20,-59.88,-56.09,-50.80,-47.76,-56.71,-51.64,-46.60,-46.62,-52.26,-54.29,2026-07-17 01:07:03+00:00
2026-07-17T01:08:03+00:00,-49.39,-58.57,-62.72,-59.49,-64.11,-46.65,-47.13,-59.91,-56.08,-49.66,-47.97,-57.30,-51.55,-46.79,-46.45,-50.73,-53.93,2026-07-17 01:08:03+00:00
2026-07-17T01:09:04+00:00,-49.92,-57.76,-60.50,-58.31,-63.53,-46.51,-46.99,-58.06,-55.15,-46.61,-47.48,-56.40,-51.52,-47.08,-46.21,-54.90,-53.44,2026-07-17 01:09:04+00:00
2026-07-17T01:10:03+00:00,-50.10,-58.13,-61.44,-59.34,-64.80,-46.60,-46.92,-59.37,-56.01,-47.13,-47.82,-56.28,-51.73,-47.98,-46.60,-47.31,-52.50,2026-07-17 01:10:03+00:00
2026-07-17T01:11:04+00:00,-49.59,-58.70,-60.92,-59.20,-64.59,-46.45,-47.14,-59.36,-56.16,-47.61,-47.40,-56.35,-51.88,-49.10,-45.65,-48.97,-53.69,2026-07-17 01:11:04+00:00
2026-07-17T01:12:04+00:00,-49.55,-59.35,-63.10,-59.39,-63.71,-46.42,-47.41,-59.74,-56.32,-47.64,-47.64,-57.51,-52.23,-48.17,-46.24,-49.70,-53.62,2026-07-17 01:12:04+00:00
2026-07-17T01:13:03+00:00,-49.86,-59.54,-62.00,-59.36,-63.98,-46.45,-47.03,-59.53,-56.00,-48.10,-47.47,-56.43,-51.75,-49.18,-45.25,-43.19,-53.59,2026-07-17 01:13:03+00:00
2026-07-17T01:14:04+00:00,-50.05,-58.61,-62.13,-59.17,-63.91,-46.42,-47.20,-58.88,-55.85,-49.40,-47.46,-56.49,-52.62,-49.61,-45.08,-41.09,-54.18,2026-07-17 01:14:04+00:00
2026-07-17T01:15:04+00:00,-51.90,-58.70,-62.58,-59.40,-64.11,-46.44,-47.25,-58.68,-56.03,-50.01,-47.17,-56.88,-52.85,-49.30,-45.36,-39.88,-53.16,2026-07-17 01:15:04+00:00
2026-07-17T01:16:03+00:00,-52.24,-58.63,-61.65,-59.46,-63.54,-46.33,-47.01,-57.89,-56.02,-50.54,-47.18,-56.79,-52.99,-48.63,-45.19,-38.53,-53.77,2026-07-17 01:16:03+00:00
2026-07-17T01:17:04+00:00,-52.13,-59.53,-62.00,-59.63,-64.25,-46.38,-48.99,-59.43,-56.87,-51.91,-47.56,-58.11,-53.12,-47.91,-45.83,-39.70,-53.44,2026-07-17 01:17:04+00:00
2026-07-17T01:18:04+00:00,-51.96,-58.69,-61.52,-58.98,-64.72,-46.13,-44.60,-59.18,-56.73,-55.55,-47.79,-57.80,-53.03,-47.63,-47.80,-42.66,-53.73,2026-07-17 01:18:04+00:00
2026-07-17T01:19:03+00:00,-51.94,-59.03,-62.16,-59.47,-63.22,-46.29,-47.10,-59.20,-56.73,-54.30,-47.86,-57.83,-53.39,-48.64,-46.78,-45.24,-54.03,2026-07-17 01:19:03+00:00
2026-07-17T01:20:04+00:00,-51.76,-58.37,-62.00,-59.25,-63.91,-46.29,-47.28,-58.87,-56.76,-52.89,-47.83,-57.31,-53.65,-49.82,-47.24,-42.75,-53.17,2026-07-17 01:20:04+00:00
2026-07-17T01:21:03+00:00,-51.87,-59.36,-61.89,-58.87,-63.86,-46.22,-46.93,-59.25,-56.81,-53.20,-47.72,-57.26,-54.27,-48.85,-46.37,-42.61,-54.27,2026-07-17 01:21:03+00:00
2026-07-17T01:22:03+00:00,-51.84,-59.06,-62.14,-59.43,-62.96,-46.28,-47.02,-59.87,-57.18,-52.03,-47.74,-57.39,-54.28,-48.50,-46.69,-40.04,-53.62,2026-07-17 01:22:03+00:00
2026-07-17T01:23:04+00:00,-51.69,-57.87,-60.98,-58.86,-62.68,-46.28,-46.66,-58.21,-56.35,-51.51,-47.64,-57.02,-53.85,-47.44,-45.78,-41.21,-53.23,2026-07-17 01:23:04+00:00
2026-07-17T01:24:03+00:00,-51.67,-57.92,-61.14,-59.21,-63.46,-46.30,-46.47,-58.85,-56.67,-50.35,-47.64,-57.12,-53.85,-48.61,-44.56,-41.07,-54.02,2026-07-17 01:24:03+00:00
2026-07-17T01:25:04+00:00,-51.83,-58.45,-62.38,-59.20,-63.56,-46.22,-46.88,-59.25,-54.58,-51.10,-47.40,-57.44,-53.61,-49.61,-45.35,-41.27,-53.63,2026-07-17 01:25:04+00:00
2026-07-17T01:26:04+00:00,-51.32,-58.17,-60.38,-59.30,-63.73,-46.23,-47.18,-58.28,-54.25,-51.97,-47.66,-57.24,-53.27,-50.54,-44.37,-40.63,-53.41,2026-07-17 01:26:04+00:00
2026-07-17T01:27:03+00:00,-51.07,-57.07,-60.08,-58.33,-64.73,-46.13,-47.16,-57.60,-51.01,-51.17,-47.94,-57.24,-53.15,-50.98,-44.17,-40.42,-54.15,2026-07-17 01:27:03+00:00
2026-07-17T01:28:03+00:00,-48.89,-57.57,-59.92,-58.79,-63.43,-46.65,-47.61,-58.38,-50.97,-50.12,-47.91,-57.22,-53.84,-51.25,-44.68,-38.93,-53.57,2026-07-17 01:28:03+00:00
2026-07-17T01:29:04+00:00,-48.86,-58.14,-60.62,-58.80,-63.06,-55.63,-47.96,-58.99,-51.18,-49.46,-47.88,-57.99,-53.98,-51.30,-44.59,-39.85,-53.92,2026-07-17 01:29:04+00:00
2026-07-17T01:30:03+00:00,-48.72,-58.05,-60.67,-59.22,-62.74,-55.51,-48.17,-59.05,-51.00,-48.28,-47.52,-57.90,-53.47,-52.86,-45.36,-40.68,-53.59,2026-07-17 01:30:03+00:00
2026-07-17T01:31:05+00:00,-48.95,-58.18,-60.77,-58.62,-63.69,-56.09,-48.38,-58.90,-50.95,-47.73,-47.78,-58.07,-53.58,-53.71,-44.92,-41.49,-53.65,2026-07-17 01:31:05+00:00
2026-07-17T01:32:04+00:00,-49.01,-56.47,-59.27,-58.36,-64.16,-54.55,-48.10,-56.42,-50.47,-45.83,-47.54,-57.50,-53.14,-55.55,-45.20,-43.16,-53.65,2026-07-17 01:32:04+00:00
2026-07-17T01:33:03+00:00,-49.20,-57.94,-60.86,-58.56,-63.93,-55.87,-48.46,-58.81,-50.64,-45.64,-48.24,-58.35,-53.36,-58.06,-45.27,-43.80,-53.48,2026-07-17 01:33:03+00:00
2026-07-17T01:34:04+00:00,-48.30,-57.77,-59.75,-58.84,-63.73,-55.82,-48.20,-58.71,-50.49,-45.42,-47.86,-57.86,-53.37,-57.81,-45.28,-49.13,-53.16,2026-07-17 01:34:04+00:00
2026-07-17T01:35:03+00:00,-48.81,-57.91,-60.64,-58.87,-64.27,-55.98,-48.56,-59.17,-50.40,-45.59,-47.57,-57.55,-53.80,-58.13,-46.84,-49.22,-54.54,2026-07-17 01:35:03+00:00
2026-07-17T01:36:04+00:00,-48.79,-57.71,-60.27,-58.23,-63.39,-55.99,-48.13,-59.11,-50.35,-45.34,-48.13,-56.63,-54.15,-58.00,-45.03,-44.52,-53.05,2026-07-17 01:36:04+00:00
2026-07-17T01:37:03+00:00,-48.56,-57.82,-59.86,-58.55,-63.16,-55.55,-47.79,-58.40,-50.20,-45.21,-48.27,-56.60,-54.23,-58.21,-46.46,-42.91,-54.20,2026-07-17 01:37:03+00:00
2026-07-17T01:38:03+00:00,-48.48,-56.86,-60.25,-58.08,-63.52,-55.54,-47.45,-57.64,-50.22,-45.16,-48.47,-57.25,-54.66,-53.69,-46.37,-44.05,-53.30,2026-07-17 01:38:03+00:00
2026-07-17T01:39:04+00:00,-48.23,-56.91,-59.75,-58.95,-63.81,-54.83,-46.97,-57.68,-50.32,-46.36,-48.46,-56.82,-54.41,-52.73,-48.88,-44.35,-54.12,2026-07-17 01:39:04+00:00
2026-07-17T01:40:03+00:00,-48.11,-57.61,-60.56,-59.35,-63.21,-56.06,-47.31,-58.50,-51.00,-46.50,-48.43,-56.76,-53.93,-54.19,-47.37,-44.70,-53.42,2026-07-17 01:40:03+00:00
2026-07-17T01:41:03+00:00,-48.36,-57.74,-60.28,-59.26,-63.68,-56.71,-47.18,-59.54,-51.31,-46.49,-48.48,-56.48,-53.60,-52.79,-46.12,-47.05,-53.56,2026-07-17 01:41:03+00:00
2026-07-17T01:42:04+00:00,-48.47,-57.13,-59.20,-59.07,-62.19,-55.93,-47.22,-57.91,-54.90,-46.77,-49.07,-55.76,-53.73,-51.47,-46.40,-50.97,-54.62,2026-07-17 01:42:04+00:00
2026-07-17T01:43:03+00:00,-48.64,-55.63,-58.27,-58.33,-63.73,-54.00,-46.78,-56.14,-53.90,-46.94,-48.38,-55.20,-53.24,-51.28,-48.10,-52.06,-54.26,2026-07-17 01:43:03+00:00
2026-07-17T01:44:03+00:00,-48.32,-57.46,-60.12,-58.82,-63.25,-55.80,-46.89,-58.93,-55.00,-47.98,-49.42,-56.22,-54.41,-51.97,-47.43,-51.04,-54.35,2026-07-17 01:44:03+00:00
2026-07-17T01:45:04+00:00,-49.68,-57.69,-61.57,-59.44,-63.50,-56.35,-46.63,-59.38,-55.63,-49.59,-49.51,-55.89,-55.09,-51.97,-48.80,-48.69,-53.22,2026-07-17 01:45:04+00:00
2026-07-17T01:46:04+00:00,-49.59,-57.38,-60.84,-59.00,-62.74,-55.53,-46.85,-58.71,-55.11,-50.94,-49.97,-56.14,-55.04,-52.11,-49.15,-46.52,-53.77,2026-07-17 01:46:04+00:00
2026-07-17T01:47:03+00:00,-49.66,-57.40,-61.25,-58.82,-64.25,-56.07,-46.79,-58.97,-55.13,-51.45,-49.72,-55.77,-54.82,-51.91,-48.98,-44.45,-53.61,2026-07-17 01:47:03+00:00
2026-07-17T01:48:04+00:00,-49.82,-57.94,-61.47,-59.42,-62.75,-56.16,-46.37,-59.59,-56.28,-51.44,-49.12,-56.08,-54.68,-52.48,-45.78,-44.78,-54.74,2026-07-17 01:48:04+00:00
2026-07-17T01:49:04+00:00,-49.68,-57.29,-60.89,-59.46,-63.77,-55.42,-46.55,-59.17,-55.63,-51.59,-49.22,-56.14,-54.48,-51.13,-45.38,-45.01,-54.38,2026-07-17 01:49:04+00:00
2026-07-17T01:50:03+00:00,-49.79,-56.96,-60.63,-58.83,-63.73,-52.13,-46.55,-59.03,-55.48,-52.36,-49.04,-56.25,-54.55,-49.96,-45.61,-45.70,-54.01,2026-07-17 01:50:03+00:00
2026-07-17T01:51:04+00:00,-49.79,-56.74,-61.31,-59.26,-63.63,-52.40,-46.43,-59.38,-55.94,-54.65,-49.86,-57.17,-54.67,-51.94,-45.63,-48.10,-53.38,2026-07-17 01:51:04+00:00
2026-07-17T01:52:03+00:00,-49.85,-58.04,-60.90,-59.64,-62.54,-46.20,-46.74,-58.66,-55.60,-55.27,-49.39,-57.64,-55.17,-49.58,-46.15,-46.60,-54.14,2026-07-17 01:52:03+00:00
2026-07-17T01:53:03+00:00,-49.85,-57.69,-61.89,-59.41,-64.18,-46.24,-47.03,-59.40,-55.85,-52.99,-49.60,-56.95,-54.93,-49.86,-45.80,-43.01,-53.93,2026-07-17 01:53:03+00:00
2026-07-17T01:54:04+00:00,-49.67,-57.43,-60.85,-59.21,-63.71,-46.33,-47.02,-58.13,-55.12,-50.79,-49.54,-56.38,-54.62,-50.20,-45.75,-44.11,-54.11,2026-07-17 01:54:04+00:00
2026-07-17T01:55:03+00:00,-49.98,-58.06,-61.92,-59.37,-64.32,-46.26,-47.18,-59.31,-55.85,-52.46,-49.33,-56.70,-55.25,-49.80,-44.93,-46.70,-53.32,2026-07-17 01:55:03+00:00
2026-07-17T01:56:03+00:00,-49.89,-57.84,-61.60,-59.64,-64.37,-46.27,-47.30,-58.76,-55.62,-51.86,-48.82,-56.40,-54.87,-50.20,-45.54,-58.13,-53.27,2026-07-17 01:56:03+00:00
2026-07-17T01:57:04+00:00,-49.61,-58.02,-61.69,-59.31,-63.82,-46.20,-47.49,-58.08,-55.07,-49.60,-48.88,-56.80,-54.38,-51.48,-46.99,-55.89,-53.24,2026-07-17 01:57:04+00:00
2026-07-17T01:58:03+00:00,-49.82,-57.21,-61.43,-59.09,-63.79,-46.21,-47.67,-58.87,-55.26,-49.82,-48.92,-57.60,-54.76,-53.44,-46.08,-54.32,-53.04,2026-07-17 01:58:03+00:00
2026-07-17T01:59:03+00:00,-50.07,-57.48,-60.86,-58.94,-63.62,-46.50,-47.56,-58.51,-55.31,-52.93,-48.78,-56.68,-54.78,-52.56,-46.05,-57.40,-53.13,2026-07-17 01:59:03+00:00
2026-07-17T02:00:04+00:00,-50.10,-57.29,-60.10,-58.75,-64.02,-46.52,-47.62,-58.40,-54.84,-53.20,-48.76,-56.21,-54.75,-54.25,-46.21,-56.55,-53.19,2026-07-17 02:00:04+00:00
2026-07-17T02:01:04+00:00,-49.98,-57.79,-61.45,-58.68,-63.53,-46.48,-47.97,-59.22,-55.74,-51.57,-48.64,-56.19,-55.50,-58.01,-47.56,-53.02,-53.17,2026-07-17 02:01:04+00:00
2026-07-17T02:02:03+00:00,-50.19,-57.46,-60.51,-59.32,-63.66,-46.56,-47.67,-58.75,-55.33,-49.42,-48.13,-55.74,-54.93,-56.21,-48.32,-52.93,-53.44,2026-07-17 02:02:03+00:00
2026-07-17T02:03:04+00:00,-50.34,-57.53,-59.89,-58.99,-62.95,-46.61,-47.64,-58.91,-55.21,-50.60,-48.25,-55.74,-55.50,-53.14,-46.88,-49.86,-53.18,2026-07-17 02:03:04+00:00
2026-07-17T02:04:03+00:00,-50.13,-56.90,-59.80,-58.34,-63.08,-46.38,-47.34,-57.79,-54.94,-52.38,-48.22,-55.71,-55.91,-49.55,-45.17,-47.89,-53.21,2026-07-17 02:04:03+00:00
2026-07-17T02:05:03+00:00,-50.41,-57.90,-59.84,-58.65,-63.14,-46.50,-47.40,-58.84,-55.56,-54.05,-48.23,-55.66,-55.47,-49.59,-45.45,-50.90,-53.23,2026-07-17 02:05:03+00:00
2026-07-17T02:06:03+00:00,-50.34,-57.40,-59.95,-58.37,-63.03,-46.45,-46.99,-58.08,-55.80,-55.32,-47.86,-55.53,-54.89,-50.80,-45.55,-50.69,-53.67,2026-07-17 02:06:03+00:00
2026-07-17T02:07:03+00:00,-50.27,-57.51,-60.18,-59.00,-63.59,-46.52,-47.21,-58.94,-55.80,-51.62,-48.53,-56.32,-55.27,-51.73,-45.54,-48.99,-53.96,2026-07-17 02:07:03+00:00
2026-07-17T02:08:04+00:00,-49.01,-55.30,-57.02,-57.26,-63.51,-46.28,-46.63,-55.95,-54.97,-48.85,-48.20,-54.91,-54.70,-49.08,-46.03,-45.96,-51.33,2026-07-17 02:08:04+00:00
2026-07-17T02:09:03+00:00,-49.09,-57.95,-59.61,-58.73,-63.68,-46.48,-46.63,-58.53,-54.21,-49.00,-48.35,-56.61,-55.57,-50.08,-49.20,-49.41,-54.08,2026-07-17 02:09:03+00:00
2026-07-17T02:10:03+00:00,-48.61,-57.43,-59.71,-58.48,-63.41,-46.57,-47.16,-58.38,-54.16,-51.07,-47.94,-56.22,-55.14,-52.06,-46.81,-50.15,-53.01,2026-07-17 02:10:03+00:00
2026-07-17T02:11:04+00:00,-48.30,-58.02,-59.74,-58.73,-63.33,-46.54,-47.22,-57.06,-51.33,-52.76,-48.38,-57.14,-55.83,-57.40,-45.44,-51.09,-52.80,2026-07-17 02:11:04+00:00
2026-07-17T02:12:03+00:00,-48.27,-53.68,-57.88,-58.24,-62.59,-46.36,-46.95,-57.10,-50.65,-52.66,-48.18,-56.04,-55.54,-54.93,-44.42,-49.73,-53.19,2026-07-17 02:12:03+00:00
2026-07-17T02:13:03+00:00,-48.12,-57.52,-60.35,-58.57,-63.50,-46.66,-47.21,-58.89,-50.95,-51.75,-47.74,-57.38,-56.72,-53.43,-45.06,-49.81,-53.26,2026-07-17 02:13:03+00:00
2026-07-17T02:14:04+00:00,-48.75,-57.14,-60.55,-58.31,-62.70,-46.53,-46.43,-59.00,-50.96,-51.79,-48.03,-57.11,-55.87,-51.03,-44.38,-53.27,-53.43,2026-07-17 02:14:04+00:00
2026-07-17T02:15:03+00:00,-51.14,-57.59,-60.28,-58.82,-63.29,-46.62,-47.01,-58.31,-50.90,-53.00,-47.93,-56.84,-55.66,-50.56,-44.80,-52.05,-53.30,2026-07-17 02:15:03+00:00
2026-07-17T02:16:04+00:00,-51.16,-57.25,-59.65,-58.35,-63.31,-46.57,-47.10,-58.10,-50.87,-51.56,-47.16,-57.02,-56.15,-49.95,-44.89,-48.44,-53.17,2026-07-17 02:16:04+00:00
2026-07-17T02:17:04+00:00,-51.45,-57.55,-59.67,-58.52,-63.86,-46.71,-46.91,-58.65,-50.84,-51.64,-47.20,-57.53,-56.67,-47.96,-45.85,-47.74,-53.29,2026-07-17 02:17:04+00:00
2026-07-17T02:18:03+00:00,-51.04,-57.75,-59.49,-58.27,-63.34,-46.71,-46.88,-59.17,-50.62,-52.07,-47.43,-57.76,-56.37,-47.50,-46.94,-47.26,-53.55,2026-07-17 02:18:03+00:00
2026-07-17T02:19:04+00:00,-50.69,-56.76,-59.32,-58.10,-63.53,-46.64,-48.70,-58.06,-50.62,-50.46,-46.94,-57.49,-56.17,-47.26,-47.47,-44.74,-53.38,2026-07-17 02:19:04+00:00
2026-07-17T02:20:04+00:00,-51.83,-57.03,-59.48,-58.44,-62.89,-46.48,-44.14,-57.50,-50.47,-49.71,-46.51,-57.44,-55.91,-44.46,-47.46,-45.58,-54.18,2026-07-17 02:20:04+00:00
2026-07-17T02:21:03+00:00,-50.24,-57.09,-58.91,-58.44,-63.44,-46.54,-47.00,-58.24,-50.41,-49.34,-46.59,-56.91,-56.11,-45.43,-48.56,-47.39,-53.63,2026-07-17 02:21:03+00:00
2026-07-17T02:22:04+00:00,-50.12,-57.06,-58.41,-58.25,-64.30,-46.66,-46.79,-57.83,-50.56,-49.25,-46.75,-57.48,-56.65,-46.07,-47.20,-45.07,-52.80,2026-07-17 02:22:04+00:00
2026-07-17T02:23:04+00:00,-50.08,-57.66,-59.40,-57.98,-63.31,-46.90,-46.96,-58.94,-50.71,-48.32,-46.71,-57.83,-57.72,-46.31,-48.38,-42.62,-53.54,2026-07-17 02:23:04+00:00
2026-07-17T02:24:03+00:00,-50.08,-56.37,-58.54,-58.25,-62.35,-46.84,-46.89,-58.70,-51.02,-47.86,-46.51,-57.08,-57.59,-45.09,-46.07,-43.40,-53.92,2026-07-17 02:24:03+00:00
2026-07-17T02:25:04+00:00,-50.14,-57.21,-58.47,-58.08,-63.21,-46.86,-46.55,-57.68,-51.00,-48.03,-46.42,-57.33,-57.34,-44.45,-46.86,-44.92,-53.99,2026-07-17 02:25:04+00:00
2026-07-17T02:26:03+00:00,-49.99,-57.95,-58.32,-58.31,-62.97,-46.93,-46.31,-58.19,-54.63,-48.28,-46.46,-57.49,-58.47,-43.14,-47.57,-47.60,-54.05,2026-07-17 02:26:03+00:00
2026-07-17T02:27:03+00:00,-50.06,-57.72,-59.78,-58.51,-63.86,-46.76,-46.41,-58.95,-54.46,-47.16,-46.46,-57.36,-58.85,-42.90,-47.66,-45.93,-53.45,2026-07-17 02:27:03+00:00
2026-07-17T02:28:04+00:00,-49.96,-56.78,-58.28,-58.00,-63.81,-46.68,-46.13,-57.25,-54.53,-46.48,-46.05,-57.15,-57.56,-43.90,-47.24,-47.89,-53.99,2026-07-17 02:28:04+00:00
2026-07-17T02:29:03+00:00,-49.76,-57.40,-58.69,-58.17,-63.33,-46.73,-46.56,-58.04,-54.54,-45.30,-45.93,-57.39,-58.16,-44.17,-46.86,-46.29,-54.29,2026-07-17 02:29:03+00:00
2026-07-17T02:30:03+00:00,-49.76,-57.15,-59.29,-58.03,-63.26,-45.68,-46.50,-58.17,-53.94,-44.76,-46.21,-57.55,-58.48,-43.32,-47.92,-46.52,-53.27,2026-07-17 02:30:03+00:00
2026-07-17T02:31:04+00:00,-51.16,-57.00,-58.88,-57.65,-63.91,-45.00,-46.53,-58.60,-54.61,-44.71,-45.94,-56.75,-58.18,-42.41,-48.84,-45.57,-53.57,2026-07-17 02:31:04+00:00
2026-07-17T02:32:04+00:00,-51.15,-57.48,-58.84,-58.38,-62.92,-45.04,-46.99,-57.77,-54.64,-44.53,-45.69,-56.69,-58.62,-41.93,-49.63,-43.39,-53.61,2026-07-17 02:32:04+00:00
2026-07-17T02:33:03+00:00,-51.13,-57.25,-58.49,-58.08,-63.41,-45.24,-47.05,-58.25,-55.38,-46.32,-46.23,-56.69,-57.37,-41.42,-49.95,-41.33,-53.66,2026-07-17 02:33:03+00:00
2026-07-17T02:34:04+00:00,-51.08,-57.64,-58.70,-58.18,-63.22,-45.50,-46.88,-58.53,-55.51,-47.71,-45.78,-56.54,-58.55,-41.64,-51.31,-41.42,-54.33,2026-07-17 02:34:04+00:00
2026-07-17T02:35:04+00:00,-51.43,-57.26,-59.48,-58.30,-63.23,-45.51,-46.68,-58.36,-55.81,-48.65,-46.17,-55.89,-57.72,-41.50,-50.90,-41.51,-53.50,2026-07-17 02:35:04+00:00
2026-07-17T02:36:03+00:00,-51.48,-57.79,-59.81,-58.35,-63.22,-45.32,-46.37,-59.00,-56.01,-48.69,-46.11,-55.97,-58.23,-41.90,-50.88,-41.72,-53.91,2026-07-17 02:36:03+00:00
2026-07-17T02:37:04+00:00,-49.38,-56.51,-58.27,-58.03,-62.44,-44.91,-45.95,-57.57,-54.49,-47.96,-46.22,-55.55,-57.35,-40.74,-52.13,-42.32,-54.31,2026-07-17 02:37:04+00:00
2026-07-17T02:38:04+00:00,-49.46,-56.72,-58.69,-57.96,-63.07,-44.95,-46.56,-57.71,-54.48,-47.20,-46.46,-55.67,-58.14,-40.11,-51.05,-41.78,-54.03,2026-07-17 02:38:04+00:00
2026-07-17T02:39:03+00:00,-50.13,-57.44,-59.03,-58.59,-63.65,-44.69,-46.59,-57.95,-54.61,-46.46,-46.08,-55.28,-57.92,-40.69,-50.58,-41.74,-54.55,2026-07-17 02:39:03+00:00
2026-07-17T02:40:04+00:00,-49.66,-57.07,-59.01,-58.23,-63.32,-45.19,-46.48,-58.35,-54.86,-45.41,-46.14,-55.52,-58.13,-40.14,-50.84,-42.55,-54.50,2026-07-17 02:40:04+00:00
2026-07-17T02:41:04+00:00,-49.42,-57.38,-58.08,-57.83,-62.68,-45.30,-46.80,-58.09,-54.60,-45.43,-46.32,-56.81,-58.09,-39.39,-51.38,-41.88,-53.39,2026-07-17 02:41:04+00:00
2026-07-17T02:42:03+00:00,-49.13,-57.01,-58.17,-58.41,-62.90,-44.98,-46.95,-57.61,-54.82,-45.22,-46.13,-56.60,-57.50,-39.27,-50.80,-40.90,-53.90,2026-07-17 02:42:03+00:00
2026-07-17T02:43:04+00:00,-48.64,-56.80,-58.53,-57.38,-63.17,-44.90,-46.53,-58.69,-54.71,-45.49,-46.27,-56.55,-58.01,-38.96,-49.64,-42.64,-54.12,2026-07-17 02:43:04+00:00
2026-07-17T02:44:04+00:00,-48.96,-56.63,-57.96,-58.22,-63.45,-45.19,-46.62,-58.35,-54.36,-44.73,-46.19,-56.21,-57.48,-39.54,-48.96,-40.79,-55.66,2026-07-17 02:44:04+00:00
2026-07-17T02:45:03+00:00,-49.33,-57.10,-58.63,-57.96,-62.90,-45.57,-46.88,-58.67,-55.04,-44.62,-46.21,-56.23,-57.20,-39.23,-48.71,-41.09,-56.60,2026-07-17 02:45:03+00:00
2026-07-17T02:46:04+00:00,-49.94,-57.42,-57.99,-58.07,-63.18,-45.68,-46.50,-58.87,-55.30,-44.16,-46.44,-56.00,-57.56,-38.97,-48.68,-42.55,-56.49,2026-07-17 02:46:04+00:00
2026-07-17T02:47:04+00:00,-49.50,-56.59,-58.30,-58.11,-62.47,-45.49,-46.86,-57.98,-54.88,-44.30,-46.18,-56.51,-57.22,-39.29,-48.75,-44.24,-56.14,2026-07-17 02:47:04+00:00
2026-07-17T02:48:03+00:00,-49.40,-56.58,-58.81,-57.89,-63.93,-50.06,-47.34,-57.98,-54.86,-44.44,-46.21,-56.67,-56.70,-39.00,-48.68,-44.03,-55.98,2026-07-17 02:48:03+00:00
2026-07-17T02:49:03+00:00,-51.25,-57.10,-57.84,-57.90,-62.81,-50.06,-47.43,-57.43,-54.25,-44.78,-45.97,-55.97,-56.51,-38.57,-49.82,-44.75,-55.90,2026-07-17 02:49:03+00:00
2026-07-17T02:50:04+00:00,-51.18,-57.26,-58.67,-57.79,-63.06,-50.40,-47.60,-57.60,-54.81,-45.08,-45.89,-55.86,-56.68,-39.76,-49.05,-46.44,-55.02,2026-07-17 02:50:04+00:00
2026-07-17T02:51:03+00:00,-51.33,-57.83,-58.73,-58.39,-63.38,-50.92,-47.21,-58.48,-55.05,-45.58,-45.85,-56.88,-57.24,-40.08,-49.73,-50.51,-56.46,2026-07-17 02:51:03+00:00
2026-07-17T02:52:03+00:00,-51.61,-58.28,-59.19,-58.37,-63.20,-50.31,-47.73,-58.24,-55.05,-46.51,-46.12,-56.82,-56.83,-40.68,-48.48,-52.77,-56.33,2026-07-17 02:52:03+00:00
2026-07-17T02:53:04+00:00,-51.34,-58.05,-58.72,-58.42,-63.77,-50.31,-48.04,-56.99,-55.26,-47.79,-46.07,-56.44,-57.00,-41.47,-49.28,-56.52,-56.37,2026-07-17 02:53:04+00:00
2026-07-17T02:54:03+00:00,-51.24,-57.54,-58.98,-58.62,-62.78,-51.06,-48.20,-58.45,-54.08,-48.94,-45.62,-56.69,-56.70,-41.29,-48.70,-53.59,-55.63,2026-07-17 02:54:03+00:00
2026-07-17T02:55:03+00:00,-51.31,-57.91,-58.56,-58.16,-62.71,-50.86,-47.65,-58.41,-53.97,-49.53,-46.08,-56.66,-56.40,-40.87,-49.82,-50.75,-56.80,2026-07-17 02:55:03+00:00
2026-07-17T02:56:04+00:00,-51.97,-57.21,-58.55,-57.34,-62.30,-50.36,-47.65,-57.82,-50.63,-50.35,-46.49,-56.32,-56.34,-42.38,-49.40,-50.78,-56.37,2026-07-17 02:56:04+00:00
2026-07-17T02:57:03+00:00,-53.95,-57.73,-58.38,-58.38,-63.38,-49.98,-47.75,-58.25,-50.80,-52.02,-46.49,-57.18,-56.37,-43.36,-49.05,-50.10,-56.86,2026-07-17 02:57:03+00:00
2026-07-17T02:58:03+00:00,-53.74,-57.30,-57.65,-58.47,-62.87,-49.76,-47.91,-58.04,-50.59,-52.43,-46.61,-57.01,-56.52,-43.04,-48.51,-50.93,-56.28,2026-07-17 02:58:03+00:00
2026-07-17T02:59:04+00:00,-53.99,-56.71,-57.78,-57.69,-63.35,-49.45,-47.81,-56.78,-50.67,-52.12,-46.70,-56.41,-56.03,-41.85,-47.56,-54.05,-55.98,2026-07-17 02:59:04+00:00
2026-07-17T03:00:04+00:00,-53.85,-56.87,-58.08,-57.20,-63.10,-49.36,-47.99,-57.19,-50.60,-52.51,-46.93,-56.38,-55.94,-42.10,-47.41,-54.03,-55.42,2026-07-17 03:00:04+00:00
2026-07-17T03:01:02+00:00,-54.08,-57.88,-58.18,-58.10,-62.65,-49.43,-48.00,-57.86,-50.66,-52.03,-46.99,-56.61,-56.29,-44.08,-47.47,-51.66,-56.84,2026-07-17 03:01:02+00:00
2026-07-17T03:02:04+00:00,-54.20,-57.34,-58.23,-57.36,-63.24,-49.15,-48.19,-57.36,-50.44,-52.37,-47.24,-56.42,-56.10,-44.45,-46.68,-49.23,-55.73,2026-07-17 03:02:04+00:00
2026-07-17T03:03:03+00:00,-53.38,-57.09,-58.61,-57.70,-62.48,-49.88,-48.28,-57.46,-50.14,-52.44,-47.45,-56.26,-56.49,-44.18,-46.06,-46.29,-56.43,2026-07-17 03:03:03+00:00
2026-07-17T03:04:04+00:00,-51.59,-57.05,-59.10,-57.71,-63.69,-49.50,-48.13,-57.86,-50.45,-52.46,-47.48,-56.98,-56.20,-43.90,-45.57,-49.03,-54.99,2026-07-17 03:04:04+00:00
2026-07-17T03:05:04+00:00,-51.58,-57.16,-59.38,-57.72,-63.48,-49.54,-47.72,-57.92,-50.40,-52.50,-47.79,-56.98,-55.93,-42.81,-45.94,-48.44,-56.44,2026-07-17 03:05:04+00:00
2026-07-17T03:06:03+00:00,-51.74,-57.24,-59.44,-58.25,-63.26,-49.47,-47.68,-58.50,-50.69,-52.67,-47.64,-55.97,-56.20,-41.69,-47.00,-49.09,-56.37,2026-07-17 03:06:03+00:00
2026-07-17T03:07:04+00:00,-51.71,-56.96,-59.53,-58.13,-62.52,-49.43,-47.89,-57.40,-50.36,-52.26,-46.96,-55.55,-55.67,-41.84,-48.06,-48.71,-56.64,2026-07-17 03:07:04+00:00
2026-07-17T03:08:04+00:00,-51.78,-57.44,-59.43,-58.43,-63.31,-49.31,-48.00,-57.50,-50.42,-51.84,-46.67,-55.87,-56.53,-41.64,-47.79,-49.42,-55.13,2026-07-17 03:08:04+00:00
2026-07-17T03:09:03+00:00,-51.71,-57.54,-59.96,-58.60,-63.31,-49.36,-48.24,-57.96,-50.98,-51.88,-46.53,-55.88,-56.25,-41.81,-46.53,-50.51,-56.34,2026-07-17 03:09:03+00:00
2026-07-17T03:10:04+00:00,-51.60,-57.72,-60.43,-58.16,-62.64,-49.51,-48.52,-58.67,-51.20,-51.50,-46.57,-56.16,-56.80,-41.33,-46.95,-49.26,-56.49,2026-07-17 03:10:04+00:00
2026-07-17T03:11:03+00:00,-51.80,-57.30,-60.44,-58.40,-63.18,-49.51,-48.83,-58.33,-54.87,-51.59,-46.19,-56.37,-56.68,-41.14,-46.73,-48.16,-56.91,2026-07-17 03:11:03+00:00
2026-07-17T03:12:03+00:00,-51.70,-57.45,-59.95,-58.27,-62.86,-49.66,-48.99,-58.64,-54.86,-51.32,-45.99,-56.25,-56.33,-40.63,-47.29,-49.93,-56.73,2026-07-17 03:12:03+00:00
2026-07-17T03:13:04+00:00,-51.58,-57.16,-59.89,-58.47,-63.65,-50.03,-49.28,-58.92,-54.56,-51.00,-46.20,-56.88,-56.21,-40.57,-47.30,-49.65,-56.99,2026-07-17 03:13:04+00:00
2026-07-17T03:14:03+00:00,-51.55,-57.93,-60.55,-58.63,-62.78,-50.01,-49.27,-58.84,-54.94,-50.56,-46.32,-56.82,-56.27,-40.21,-47.49,-50.68,-57.16,2026-07-17 03:14:03+00:00
2026-07-17T03:15:04+00:00,-51.68,-58.14,-60.57,-58.88,-63.40,-50.04,-49.11,-59.45,-55.16,-50.56,-46.57,-57.07,-57.01,-39.87,-47.85,-50.79,-57.94,2026-07-17 03:15:04+00:00
2026-07-17T03:16:04+00:00,-51.23,-57.88,-60.55,-58.30,-64.27,-50.17,-49.21,-59.57,-55.31,-49.96,-46.52,-58.45,-56.85,-39.72,-48.66,-50.42,-56.95,2026-07-17 03:16:04+00:00
2026-07-17T03:17:03+00:00,-51.22,-57.59,-60.24,-58.25,-62.11,-50.18,-49.32,-58.88,-55.61,-49.89,-46.91,-57.01,-56.64,-39.33,-49.60,-49.73,-56.99,2026-07-17 03:17:03+00:00
2026-07-17T03:18:04+00:00,-51.23,-57.77,-60.52,-58.33,-62.42,-50.33,-49.23,-59.18,-55.94,-49.33,-47.04,-56.98,-56.92,-39.40,-50.72,-49.05,-57.60,2026-07-17 03:18:04+00:00
2026-07-17T03:19:04+00:00,-51.31,-57.47,-59.33,-58.25,-62.75,-50.25,-49.19,-59.21,-55.74,-49.32,-46.96,-56.42,-56.88,-39.38,-52.08,-49.75,-56.87,2026-07-17 03:19:04+00:00
2026-07-17T03:20:03+00:00,-50.37,-57.87,-60.04,-58.14,-62.74,-50.25,-49.01,-59.49,-56.07,-49.04,-47.28,-56.79,-56.70,-39.09,-54.06,-49.42,-57.08,2026-07-17 03:20:03+00:00
2026-07-17T03:21:04+00:00,-49.93,-56.98,-59.82,-58.19,-63.22,-50.27,-48.81,-58.82,-55.61,-48.48,-47.57,-56.44,-56.70,-39.09,-55.10,-48.36,-56.88,2026-07-17 03:21:04+00:00
2026-07-17T03:22:04+00:00,-49.81,-57.47,-59.85,-58.22,-63.02,-50.33,-48.64,-58.95,-56.18,-48.45,-47.93,-56.45,-56.73,-39.24,-56.23,-47.65,-56.60,2026-07-17 03:22:04+00:00
2026-07-17T03:23:03+00:00,-49.87,-57.94,-59.93,-57.97,-63.30,-50.45,-48.56,-59.34,-56.10,-48.31,-48.03,-56.47,-56.36,-39.49,-56.57,-47.67,-55.30,2026-07-17 03:23:03+00:00
2026-07-17T03:24:04+00:00,-49.27,-57.95,-59.75,-57.88,-63.44,-50.46,-48.56,-58.67,-55.87,-48.14,-48.03,-55.94,-56.80,-39.87,-55.64,-47.70,-57.32,2026-07-17 03:24:04+00:00
2026-07-17T03:25:04+00:00,-49.31,-58.11,-59.63,-57.87,-63.72,-50.74,-48.64,-59.14,-56.15,-47.99,-48.30,-55.58,-56.51,-40.12,-55.24,-47.75,-56.94,2026-07-17 03:25:04+00:00
2026-07-17T03:26:03+00:00,-49.02,-57.88,-59.67,-57.89,-63.37,-50.55,-48.48,-58.96,-55.94,-47.82,-48.51,-55.57,-56.43,-40.45,-54.62,-48.29,-56.42,2026-07-17 03:26:03+00:00
2026-07-17T03:27:04+00:00,-49.00,-57.85,-58.26,-58.08,-63.40,-50.41,-48.29,-58.34,-55.23,-47.61,-48.44,-54.98,-56.29,-40.82,-53.98,-48.32,-55.78,2026-07-17 03:27:04+00:00
2026-07-17T03:28:03+00:00,-49.79,-57.21,-58.72,-57.96,-62.68,-50.39,-48.25,-57.97,-55.50,-47.87,-48.41,-55.07,-57.21,-40.80,-53.61,-48.74,-56.97,2026-07-17 03:28:03+00:00
2026-07-17T03:29:03+00:00,-49.74,-58.02,-58.38,-57.56,-62.36,-50.29,-48.18,-58.06,-55.23,-47.43,-48.34,-55.49,-56.65,-40.67,-52.94,-49.37,-55.87,2026-07-17 03:29:03+00:00
2026-07-17T03:30:04+00:00,-49.73,-57.88,-58.53,-57.55,-63.28,-50.41,-48.10,-58.64,-55.33,-47.48,-48.29,-55.46,-56.76,-40.94,-52.86,-49.02,-56.66,2026-07-17 03:30:04+00:00
2026-07-17T03:31:04+00:00,-49.32,-57.54,-58.52,-58.01,-62.62,-50.30,-48.12,-57.78,-55.32,-47.17,-48.33,-55.22,-56.66,-40.90,-52.97,-48.97,-56.53,2026-07-17 03:31:04+00:00
2026-07-17T03:32:03+00:00,-49.42,-57.06,-59.34,-57.89,-62.73,-50.38,-48.38,-58.83,-55.50,-47.09,-48.56,-57.06,-56.79,-41.29,-52.53,-50.09,-56.76,2026-07-17 03:32:03+00:00
2026-07-17T03:33:04+00:00,-51.38,-57.34,-59.59,-58.05,-63.67,-50.39,-48.39,-58.27,-55.51,-46.94,-48.53,-56.23,-56.62,-41.14,-52.81,-49.86,-57.20,2026-07-17 03:33:04+00:00
2026-07-17T03:34:04+00:00,-51.12,-57.46,-59.26,-57.94,-62.65,-50.45,-48.62,-58.40,-55.46,-46.85,-48.52,-55.41,-56.69,-41.57,-52.53,-50.36,-57.01,2026-07-17 03:34:04+00:00
2026-07-17T03:35:03+00:00,-51.37,-57.34,-58.65,-57.47,-61.81,-50.69,-48.53,-58.63,-55.36,-46.74,-48.74,-55.84,-56.63,-42.02,-53.19,-50.91,-56.09,2026-07-17 03:35:03+00:00
2026-07-17T03:36:03+00:00,-51.62,-57.44,-58.49,-57.81,-63.39,-50.53,-48.14,-58.10,-54.74,-46.50,-48.64,-55.20,-56.69,-42.25,-52.60,-51.05,-55.86,2026-07-17 03:36:03+00:00
2026-07-17T03:37:04+00:00,-51.54,-56.90,-58.49,-57.59,-63.18,-50.60,-48.33,-58.39,-54.95,-46.70,-48.96,-55.17,-56.64,-42.69,-52.59,-50.42,-56.86,2026-07-17 03:37:04+00:00
2026-07-17T03:38:03+00:00,-51.49,-56.78,-59.00,-57.73,-63.18,-49.56,-48.33,-57.97,-55.34,-46.59,-49.18,-55.41,-56.56,-43.14,-53.23,-50.28,-56.62,2026-07-17 03:38:03+00:00
2026-07-17T03:39:03+00:00,-51.35,-57.69,-58.83,-58.18,-63.26,-49.71,-48.48,-58.39,-54.16,-46.51,-49.32,-55.47,-56.69,-43.67,-53.43,-49.58,-57.18,2026-07-17 03:39:03+00:00
2026-07-17T03:40:04+00:00,-51.27,-56.99,-58.81,-57.76,-63.06,-45.95,-48.52,-58.26,-53.63,-46.51,-49.12,-55.70,-56.43,-44.27,-53.58,-49.69,-56.29,2026-07-17 03:40:04+00:00
2026-07-17T03:41:04+00:00,-53.17,-57.18,-58.02,-57.36,-63.27,-45.75,-48.43,-58.22,-50.82,-46.53,-49.29,-55.04,-56.45,-45.06,-53.71,-49.16,-56.63,2026-07-17 03:41:04+00:00
2026-07-17T03:42:03+00:00,-53.64,-56.85,-58.57,-57.54,-63.27,-45.68,-48.34,-58.11,-50.83,-46.52,-49.38,-54.97,-56.59,-45.87,-53.61,-49.24,-56.30,2026-07-17 03:42:03+00:00
2026-07-17T03:43:04+00:00,-53.35,-57.20,-58.97,-57.30,-63.60,-45.76,-48.21,-58.29,-50.97,-46.48,-49.43,-55.30,-56.57,-46.75,-54.02,-48.96,-53.25,2026-07-17 03:43:04+00:00
2026-07-17T03:44:04+00:00,-52.86,-56.91,-58.22,-57.47,-62.10,-45.52,-48.23,-57.77,-50.71,-46.56,-49.44,-55.21,-56.26,-47.35,-53.89,-48.97,-56.53,2026-07-17 03:44:04+00:00
2026-07-17T03:45:04+00:00,-53.87,-56.96,-58.36,-57.84,-62.46,-45.93,-48.18,-57.89,-50.66,-46.50,-49.30,-55.93,-56.23,-48.27,-53.58,-48.65,-57.00,2026-07-17 03:45:04+00:00
2026-07-17T03:46:03+00:00,-54.03,-57.25,-59.17,-57.43,-62.67,-45.85,-48.24,-58.12,-50.99,-46.54,-49.62,-56.46,-56.88,-49.49,-53.56,-48.55,-54.25,2026-07-17 03:46:03+00:00
2026-07-17T03:47:03+00:00,-53.22,-56.48,-57.75,-57.12,-62.88,-45.86,-48.15,-57.99,-50.54,-46.57,-49.55,-54.84,-56.45,-50.34,-53.63,-48.39,-54.35,2026-07-17 03:47:03+00:00
2026-07-17T03:48:04+00:00,-51.33,-56.83,-58.89,-57.09,-62.48,-45.81,-48.33,-58.01,-50.72,-46.60,-49.67,-55.78,-56.61,-51.11,-53.85,-48.28,-56.44,2026-07-17 03:48:04+00:00
2026-07-17T03:49:03+00:00,-51.11,-57.02,-58.52,-57.86,-62.99,-45.67,-48.21,-58.06,-50.53,-46.25,-49.83,-55.36,-56.63,-52.08,-53.78,-48.22,-54.79,2026-07-17 03:49:03+00:00
2026-07-17T03:50:03+00:00,-50.28,-56.31,-58.48,-57.59,-62.43,-46.00,-48.25,-58.43,-50.62,-46.52,-49.50,-54.65,-57.04,-52.50,-53.66,-48.29,-56.43,2026-07-17 03:50:03+00:00
2026-07-17T03:51:04+00:00,-50.17,-56.95,-58.23,-57.39,-62.44,-45.98,-48.34,-57.98,-50.52,-46.52,-49.57,-55.82,-56.81,-52.69,-54.17,-48.30,-57.30,2026-07-17 03:51:04+00:00
2026-07-17T03:52:03+00:00,-50.52,-57.43,-58.39,-57.22,-62.75,-45.74,-47.98,-58.27,-50.33,-46.53,-49.25,-55.55,-56.79,-52.29,-53.79,-48.29,-55.44,2026-07-17 03:52:03+00:00
2026-07-17T03:53:04+00:00,-50.65,-57.07,-59.18,-57.43,-64.48,-45.91,-48.04,-58.65,-50.77,-46.59,-49.40,-55.37,-56.83,-52.05,-53.78,-48.68,-55.48,2026-07-17 03:53:04+00:00
2026-07-17T03:54:04+00:00,-50.59,-58.13,-58.77,-56.90,-64.10,-46.05,-47.66,-58.51,-51.10,-46.41,-49.70,-54.84,-56.69,-51.27,-53.57,-48.47,-54.76,2026-07-17 03:54:04+00:00
2026-07-17T03:55:03+00:00,-49.79,-56.30,-56.87,-56.88,-64.19,-45.78,-48.11,-57.51,-51.28,-46.59,-49.31,-54.56,-55.99,-50.94,-53.77,-48.07,-54.17,2026-07-17 03:55:03+00:00
2026-07-17T03:56:04+00:00,-50.01,-57.77,-58.79,-56.90,-65.07,-45.94,-47.98,-58.58,-55.01,-46.58,-49.38,-55.90,-56.75,-50.71,-53.48,-48.25,-56.68,2026-07-17 03:56:04+00:00
2026-07-17T03:57:04+00:00,-50.72,-58.34,-59.11,-56.98,-63.87,-46.11,-48.36,-59.13,-54.96,-46.53,-49.21,-56.22,-56.86,-50.44,-53.45,-48.45,-55.92,2026-07-17 03:57:04+00:00
2026-07-17T03:58:03+00:00,-51.08,-58.13,-58.16,-57.07,-65.38,-45.87,-48.57,-58.88,-55.00,-46.57,-49.39,-55.59,-56.74,-50.26,-53.81,-48.55,-57.09,2026-07-17 03:58:03+00:00
2026-07-17T03:59:04+00:00,-50.87,-58.36,-59.34,-57.82,-63.65,-46.09,-48.11,-58.63,-54.91,-46.50,-49.03,-56.21,-57.27,-49.72,-53.99,-49.23,-56.29,2026-07-17 03:59:04+00:00
2026-07-17T04:00:04+00:00,-51.05,-57.72,-58.77,-57.30,-64.45,-45.79,-48.66,-58.23,-54.82,-46.74,-49.02,-55.19,-56.52,-49.29,-54.03,-49.01,-57.07,2026-07-17 04:00:04+00:00
2026-07-17T04:01:04+00:00,-51.21,-58.35,-58.72,-56.87,-63.48,-45.78,-48.13,-58.64,-54.78,-46.56,-49.18,-55.00,-57.05,-48.98,-54.27,-48.76,-55.03,2026-07-17 04:01:04+00:00
2026-07-17T04:02:03+00:00,-50.91,-57.79,-58.55,-56.99,-63.11,-46.15,-48.52,-57.97,-55.64,-46.80,-49.28,-55.02,-56.45,-48.77,-53.96,-48.82,-54.01,2026-07-17 04:02:03+00:00
2026-07-17T04:03:04+00:00,-50.28,-57.55,-58.31,-57.28,-63.58,-45.87,-48.84,-58.09,-55.32,-46.63,-49.28,-54.88,-56.36,-48.77,-54.42,-49.30,-55.47,2026-07-17 04:03:04+00:00
2026-07-17T04:04:03+00:00,-50.41,-57.17,-58.12,-56.79,-63.51,-46.08,-48.12,-57.23,-55.04,-46.70,-49.27,-54.87,-56.33,-48.52,-54.59,-49.50,-55.79,2026-07-17 04:04:03+00:00
2026-07-17T04:05:03+00:00,-50.83,-57.22,-58.20,-56.73,-64.38,-46.25,-48.73,-57.71,-55.39,-46.74,-49.31,-55.10,-56.34,-48.17,-54.61,-49.30,-56.57,2026-07-17 04:05:03+00:00
2026-07-17T04:06:03+00:00,-50.46,-57.87,-58.41,-57.04,-64.31,-46.03,-48.49,-58.33,-55.03,-46.76,-49.36,-55.00,-56.42,-48.14,-54.53,-49.21,-56.65,2026-07-17 04:06:03+00:00
2026-07-17T04:07:04+00:00,-50.71,-56.09,-57.63,-56.99,-63.33,-46.19,-47.92,-57.74,-54.45,-46.59,-49.20,-55.05,-55.25,-47.94,-54.50,-48.95,-54.87,2026-07-17 04:07:04+00:00
2026-07-17T04:08:03+00:00,-49.45,-57.59,-58.50,-57.21,-64.30,-46.19,-48.23,-58.24,-55.10,-46.79,-49.49,-55.93,-56.59,-47.93,-54.68,-49.11,-54.10,2026-07-17 04:08:03+00:00
2026-07-17T04:09:03+00:00,-49.36,-57.24,-58.64,-56.67,-63.06,-46.31,-48.09,-58.03,-55.14,-46.87,-49.54,-55.71,-56.70,-48.03,-54.97,-48.85,-55.92,2026-07-17 04:09:03+00:00
2026-07-17T04:10:04+00:00,-49.12,-57.55,-58.82,-57.07,-63.65,-46.44,-47.84,-57.79,-55.00,-46.88,-49.67,-55.48,-55.89,-47.92,-54.72,-48.43,-53.44,2026-07-17 04:10:04+00:00
2026-07-17T04:11:03+00:00,-49.62,-56.89,-57.61,-57.08,-63.81,-46.39,-48.65,-57.98,-54.90,-46.78,-49.88,-55.54,-56.60,-48.03,-54.99,-48.69,-53.89,2026-07-17 04:11:03+00:00
2026-07-17T04:12:03+00:00,-49.09,-57.13,-57.96,-56.69,-63.19,-46.24,-49.01,-57.86,-54.96,-46.94,-49.95,-56.12,-56.05,-47.53,-55.20,-48.74,-55.14,2026-07-17 04:12:03+00:00
2026-07-17T04:13:04+00:00,-48.95,-56.60,-59.24,-57.03,-64.17,-46.60,-49.25,-56.85,-55.55,-46.75,-50.09,-56.97,-56.59,-47.89,-55.21,-48.75,-56.09,2026-07-17 04:13:04+00:00
2026-07-17T04:14:03+00:00,-49.02,-58.09,-58.09,-57.29,-63.68,-46.50,-48.85,-58.67,-55.36,-47.16,-50.45,-56.77,-56.67,-47.90,-55.82,-48.14,-56.39,2026-07-17 04:14:03+00:00
2026-07-17T04:15:04+00:00,-49.00,-58.25,-58.75,-57.43,-64.10,-46.25,-48.60,-58.83,-55.48,-46.96,-50.38,-57.09,-57.08,-48.01,-55.85,-48.61,-55.54,2026-07-17 04:15:04+00:00
2026-07-17T04:16:04+00:00,-49.42,-58.41,-59.74,-57.09,-64.31,-46.35,-48.60,-58.28,-55.75,-47.19,-50.32,-57.03,-56.82,-48.19,-56.14,-48.10,-54.43,2026-07-17 04:16:04+00:00
2026-07-17T04:17:03+00:00,-49.69,-59.09,-59.92,-58.21,-64.50,-46.52,-48.11,-59.54,-56.32,-47.14,-50.40,-57.42,-57.53,-48.46,-56.67,-48.03,-56.90,2026-07-17 04:17:03+00:00
2026-07-17T04:18:04+00:00,-49.67,-58.54,-58.36,-57.54,-63.29,-46.43,-48.60,-57.84,-55.59,-47.08,-50.29,-56.52,-56.56,-48.27,-55.87,-48.28,-55.68,2026-07-17 04:18:04+00:00
2026-07-17T04:19:04+00:00,-49.46,-58.44,-58.84,-57.36,-64.03,-46.24,-48.61,-58.30,-55.55,-47.26,-50.64,-57.37,-56.74,-48.24,-55.54,-48.15,-56.21,2026-07-17 04:19:04+00:00
2026-07-17T04:20:03+00:00,-49.43,-59.38,-59.24,-57.86,-64.39,-46.55,-49.02,-58.92,-55.81,-47.18,-50.93,-57.67,-57.26,-48.21,-55.78,-48.27,-56.69,2026-07-17 04:20:03+00:00
2026-07-17T04:21:04+00:00,-50.07,-58.75,-59.06,-57.62,-64.77,-46.57,-48.13,-59.30,-55.93,-47.24,-50.94,-57.83,-57.52,-48.31,-55.99,-48.14,-57.03,2026-07-17 04:21:04+00:00
2026-07-17T04:22:04+00:00,-49.46,-58.89,-59.32,-57.97,-63.95,-46.42,-47.86,-58.62,-55.98,-47.29,-51.07,-57.71,-57.52,-48.39,-56.13,-48.13,-58.47,2026-07-17 04:22:04+00:00
2026-07-17T04:23:03+00:00,-49.59,-58.99,-59.08,-57.96,-63.55,-46.41,-48.12,-58.98,-56.00,-47.33,-51.24,-57.57,-57.36,-48.38,-56.81,-48.34,-57.51,2026-07-17 04:23:03+00:00
2026-07-17T04:24:04+00:00,-49.30,-58.49,-58.60,-57.18,-64.18,-46.27,-48.30,-58.54,-53.93,-47.36,-51.25,-57.50,-56.94,-48.36,-56.10,-48.26,-57.29,2026-07-17 04:24:04+00:00
2026-07-17T04:25:03+00:00,-49.84,-57.74,-57.86,-57.12,-64.22,-46.35,-48.34,-58.41,-53.99,-47.40,-51.21,-56.92,-56.82,-48.25,-56.01,-48.31,-56.92,2026-07-17 04:25:03+00:00
2026-07-17T04:26:03+00:00,-50.21,-57.78,-58.48,-58.16,-64.47,-46.45,-48.63,-58.83,-51.05,-47.53,-51.19,-57.57,-57.44,-48.28,-56.62,-48.19,-57.63,2026-07-17 04:26:03+00:00
2026-07-17T04:27:04+00:00,-50.00,-58.09,-57.28,-56.58,-64.36,-46.57,-48.81,-57.68,-50.67,-47.11,-51.07,-56.50,-56.58,-48.17,-55.99,-48.67,-56.15,2026-07-17 04:27:04+00:00
2026-07-17T04:28:03+00:00,-50.17,-58.04,-57.69,-56.75,-63.82,-46.50,-48.38,-58.35,-50.88,-47.31,-51.42,-56.62,-56.74,-48.06,-56.58,-48.17,-56.68,2026-07-17 04:28:03+00:00
2026-07-17T04:29:03+00:00,-50.63,-58.13,-58.20,-57.37,-63.76,-46.35,-48.68,-57.77,-50.67,-47.47,-51.23,-56.55,-56.59,-48.09,-55.92,-48.03,-54.91,2026-07-17 04:29:03+00:00
2026-07-17T04:30:04+00:00,-50.32,-57.67,-57.78,-57.11,-63.22,-46.45,-48.63,-57.99,-50.93,-47.18,-51.48,-56.24,-56.40,-48.28,-56.19,-48.32,-57.10,2026-07-17 04:30:04+00:00
2026-07-17T04:31:04+00:00,-49.90,-57.47,-57.66,-57.02,-64.20,-46.65,-48.51,-57.96,-50.82,-47.03,-51.53,-56.52,-56.42,-48.38,-56.38,-47.80,-56.68,2026-07-17 04:31:04+00:00
2026-07-17T04:32:03+00:00,-50.00,-58.48,-57.92,-57.73,-63.90,-46.62,-49.03,-58.05,-51.34,-47.12,-51.53,-57.07,-56.60,-48.35,-56.21,-47.55,-55.75,2026-07-17 04:32:03+00:00
2026-07-17T04:33:03+00:00,-50.39,-57.28,-58.05,-57.06,-63.92,-46.83,-48.48,-57.43,-51.16,-46.81,-51.55,-57.06,-56.26,-47.73,-55.86,-47.96,-54.72,2026-07-17 04:33:03+00:00
2026-07-17T04:34:04+00:00,-49.66,-57.62,-57.49,-56.98,-63.79,-46.51,-48.43,-57.36,-51.04,-46.89,-51.22,-56.43,-56.83,-47.77,-55.52,-48.38,-55.31,2026-07-17 04:34:04+00:00
2026-07-17T04:35:03+00:00,-50.17,-58.82,-58.67,-57.44,-64.62,-46.84,-48.78,-58.43,-50.53,-46.99,-51.76,-57.29,-56.79,-48.12,-56.04,-48.43,-56.27,2026-07-17 04:35:03+00:00
2026-07-17T04:36:04+00:00,-50.21,-58.29,-58.41,-57.09,-64.19,-46.72,-48.98,-58.04,-50.49,-47.13,-52.02,-57.81,-56.39,-47.60,-56.03,-48.31,-56.83,2026-07-17 04:36:04+00:00
2026-07-17T04:37:03+00:00,-50.00,-55.93,-58.27,-57.24,-63.19,-46.85,-49.05,-57.94,-50.60,-47.06,-51.93,-57.57,-56.84,-47.88,-56.06,-48.14,-56.99,2026-07-17 04:37:03+00:00
2026-07-17T04:38:03+00:00,-50.57,-58.66,-58.40,-57.78,-64.15,-46.61,-48.89,-58.93,-50.35,-47.08,-51.84,-57.16,-57.31,-47.65,-56.88,-48.30,-56.93,2026-07-17 04:38:03+00:00
2026-07-17T04:39:04+00:00,-49.93,-57.67,-58.48,-57.60,-63.92,-46.77,-48.19,-58.22,-50.89,-47.26,-51.89,-58.01,-56.73,-47.59,-55.82,-48.27,-56.27,2026-07-17 04:39:04+00:00
2026-07-17T04:40:03+00:00,-49.80,-58.63,-59.26,-57.84,-64.54,-46.45,-48.99,-59.33,-50.91,-47.45,-52.40,-58.61,-57.27,-47.48,-56.46,-48.20,-57.20,2026-07-17 04:40:03+00:00
2026-07-17T04:41:03+00:00,-51.28,-58.09,-58.30,-57.23,-63.89,-46.66,-48.77,-57.70,-54.04,-47.27,-52.22,-57.43,-56.51,-47.19,-55.79,-48.46,-54.33,2026-07-17 04:41:03+00:00
2026-07-17T04:42:04+00:00,-50.66,-58.23,-58.18,-57.02,-63.87,-46.71,-48.66,-57.89,-53.78,-47.27,-52.42,-57.13,-56.53,-47.15,-55.68,-48.19,-55.13,2026-07-17 04:42:04+00:00
2026-07-17T04:43:04+00:00,-50.26,-58.59,-58.31,-57.58,-63.58,-46.83,-48.57,-58.39,-54.02,-47.34,-52.54,-57.81,-56.77,-47.35,-55.84,-48.48,-56.38,2026-07-17 04:43:04+00:00
2026-07-17T04:44:03+00:00,-50.74,-59.35,-58.81,-57.33,-64.64,-46.54,-49.11,-58.80,-54.19,-47.43,-53.27,-57.68,-56.92,-47.31,-56.14,-49.01,-56.28,2026-07-17 04:44:03+00:00
2026-07-17T04:45:04+00:00,-50.87,-58.98,-58.65,-57.72,-64.34,-46.61,-48.65,-58.92,-54.37,-47.41,-53.60,-58.44,-57.42,-47.01,-56.12,-48.59,-55.97,2026-07-17 04:45:04+00:00
2026-07-17T04:46:03+00:00,-49.65,-57.97,-58.28,-57.80,-64.17,-46.79,-49.27,-57.78,-53.82,-47.46,-52.91,-57.67,-56.72,-47.11,-55.65,-48.69,-56.89,2026-07-17 04:46:03+00:00
2026-07-17T04:47:04+00:00,-50.60,-57.33,-58.81,-58.13,-64.82,-46.77,-48.85,-56.93,-54.31,-47.52,-53.92,-57.57,-56.44,-47.36,-56.11,-48.67,-56.69,2026-07-17 04:47:04+00:00
2026-07-17T04:48:03+00:00,-50.81,-60.20,-59.45,-58.23,-64.90,-46.86,-48.76,-59.39,-55.17,-47.59,-53.13,-58.22,-57.42,-47.43,-56.25,-48.74,-55.12,2026-07-17 04:48:03+00:00
2026-07-17T04:49:04+00:00,-50.48,-57.22,-58.78,-56.97,-62.36,-46.67,-48.72,-58.44,-54.80,-47.72,-53.16,-58.13,-56.80,-47.27,-55.62,-49.28,-53.30,2026-07-17 04:49:04+00:00
2026-07-17T04:50:04+00:00,-49.93,-59.79,-59.76,-57.96,-65.18,-46.93,-48.11,-58.41,-54.99,-47.89,-53.51,-58.13,-56.75,-47.33,-56.14,-49.99,-56.35,2026-07-17 04:50:04+00:00
2026-07-17T04:51:04+00:00,-50.29,-59.25,-59.66,-58.12,-64.56,-46.65,-48.82,-58.77,-55.04,-48.16,-53.92,-58.36,-57.22,-47.25,-56.51,-50.41,-57.28,2026-07-17 04:51:04+00:00
2026-07-17T04:52:03+00:00,-49.52,-58.33,-59.01,-58.16,-65.00,-46.79,-49.25,-57.88,-54.39,-48.42,-53.91,-58.07,-56.57,-47.38,-56.90,-50.22,-56.55,2026-07-17 04:52:03+00:00
2026-07-17T04:53:04+00:00,-50.04,-59.58,-60.27,-57.86,-65.05,-46.78,-49.00,-58.97,-55.17,-48.47,-54.30,-58.51,-57.33,-47.15,-56.66,-50.37,-57.36,2026-07-17 04:53:04+00:00
2026-07-17T04:54:04+00:00,-50.67,-60.18,-60.92,-58.56,-64.68,-46.80,-48.77,-59.66,-55.41,-48.59,-54.42,-59.05,-57.63,-47.30,-56.86,-50.41,-57.97,2026-07-17 04:54:04+00:00
2026-07-17T04:55:03+00:00,-50.24,-59.47,-60.36,-58.72,-64.60,-46.98,-49.73,-59.98,-55.41,-48.78,-54.38,-58.32,-57.57,-47.06,-56.97,-50.17,-56.19,2026-07-17 04:55:03+00:00
2026-07-17T04:56:03+00:00,-49.93,-59.41,-60.88,-58.81,-64.88,-46.75,-48.96,-59.97,-55.24,-48.96,-54.61,-58.97,-57.81,-46.97,-56.75,-50.81,-57.65,2026-07-17 04:56:03+00:00
2026-07-17T04:57:04+00:00,-50.25,-60.07,-61.00,-58.58,-64.80,-46.77,-49.89,-59.98,-55.15,-49.04,-54.49,-59.16,-57.64,-47.03,-57.58,-50.93,-57.91,2026-07-17 04:57:04+00:00
2026-07-17T04:58:04+00:00,-50.10,-59.67,-60.50,-59.01,-64.89,-46.71,-49.57,-60.23,-55.40,-49.01,-54.52,-59.56,-57.81,-47.12,-57.00,-50.62,-57.86,2026-07-17 04:58:04+00:00
2026-07-17T04:59:03+00:00,-50.14,-59.64,-60.98,-59.15,-65.73,-46.91,-49.05,-59.29,-55.31,-49.11,-54.81,-59.76,-57.75,-47.10,-57.09,-50.79,-58.02,2026-07-17 04:59:03+00:00
2026-07-17T05:00:04+00:00,-49.20,-60.20,-60.87,-58.84,-64.38,-46.93,-48.86,-59.57,-55.54,-49.20,-54.82,-59.85,-57.55,-46.94,-57.34,-51.30,-56.33,2026-07-17 05:00:04+00:00
2026-07-17T05:01:04+00:00,-49.72,-59.40,-59.72,-58.16,-64.66,-46.85,-49.37,-59.33,-56.01,-49.53,-55.20,-59.50,-57.48,-46.95,-57.00,-51.15,-56.92,2026-07-17 05:01:04+00:00
2026-07-17T05:02:04+00:00,-48.97,-60.22,-61.67,-59.33,-65.69,-46.96,-49.59,-60.63,-56.40,-49.76,-55.26,-60.50,-58.14,-47.14,-57.82,-51.17,-57.29,2026-07-17 05:02:04+00:00
2026-07-17T05:03:03+00:00,-49.27,-59.33,-61.29,-58.64,-64.42,-47.06,-48.95,-60.38,-56.22,-49.70,-55.45,-60.05,-57.89,-46.98,-57.42,-51.84,-57.62,2026-07-17 05:03:03+00:00
2026-07-17T05:04:03+00:00,-49.55,-60.82,-61.23,-58.69,-64.92,-47.01,-48.79,-61.01,-56.38,-50.00,-55.43,-60.17,-57.92,-46.92,-57.45,-51.57,-56.22,2026-07-17 05:04:03+00:00
2026-07-17T05:05:04+00:00,-50.15,-60.64,-60.86,-59.80,-65.67,-47.11,-49.42,-61.41,-53.98,-49.95,-55.74,-60.84,-58.72,-46.91,-57.69,-51.51,-56.91,2026-07-17 05:05:04+00:00
2026-07-17T05:06:04+00:00,-49.69,-59.87,-61.26,-59.32,-64.38,-46.86,-49.83,-60.50,-56.48,-50.02,-55.41,-60.01,-57.74,-46.79,-57.55,-53.62,-56.77,2026-07-17 05:06:04+00:00
2026-07-17T05:07:04+00:00,-50.09,-60.37,-61.82,-59.23,-65.62,-46.67,-48.95,-61.09,-56.42,-49.87,-55.49,-59.94,-57.92,-46.65,-57.95,-51.99,-57.47,2026-07-17 05:07:04+00:00
2026-07-17T05:08:03+00:00,-51.11,-60.57,-62.67,-59.78,-65.43,-46.89,-49.00,-62.15,-56.62,-49.82,-55.51,-60.61,-58.37,-46.63,-58.54,-53.59,-58.58,2026-07-17 05:08:03+00:00
2026-07-17T05:09:04+00:00,-51.32,-59.63,-61.75,-59.63,-65.93,-47.06,-49.18,-60.38,-54.05,-49.62,-55.26,-59.78,-57.97,-46.70,-57.84,-54.36,-58.15,2026-07-17 05:09:04+00:00
2026-07-17T05:10:04+00:00,-49.65,-61.85,-63.01,-59.65,-66.05,-47.00,-48.56,-62.45,-52.70,-49.23,-55.76,-59.66,-58.52,-46.96,-57.82,-51.58,-57.93,2026-07-17 05:10:04+00:00
2026-07-17T05:11:03+00:00,-49.85,-60.80,-63.33,-59.66,-65.49,-46.87,-48.47,-62.09,-51.17,-49.13,-55.80,-59.52,-58.67,-46.63,-58.69,-50.38,-57.64,2026-07-17 05:11:03+00:00
2026-07-17T05:12:03+00:00,-50.84,-60.30,-62.40,-59.31,-65.42,-46.62,-48.46,-60.83,-51.02,-48.34,-55.35,-59.30,-58.39,-46.44,-58.25,-49.89,-57.54,2026-07-17 05:12:03+00:00
2026-07-17T05:13:04+00:00,-50.87,-60.60,-64.04,-60.45,-65.50,-46.91,-48.71,-62.56,-51.20,-48.08,-55.85,-59.47,-58.67,-46.48,-58.17,-49.93,-57.19,2026-07-17 05:13:04+00:00
2026-07-17T05:14:04+00:00,-50.54,-59.94,-61.10,-58.80,-63.81,-46.84,-48.94,-60.17,-50.85,-47.87,-55.40,-58.95,-57.64,-46.56,-57.04,-49.61,-56.69,2026-07-17 05:14:04+00:00
2026-07-17T05:15:03+00:00,-51.25,-60.51,-62.85,-59.57,-64.42,-46.78,-49.32,-61.66,-50.91,-47.77,-55.26,-60.65,-56.90,-46.44,-58.31,-50.87,-57.30,2026-07-17 05:15:03+00:00
2026-07-17T05:16:04+00:00,-51.72,-62.06,-63.91,-60.43,-66.35,-46.79,-48.72,-62.88,-51.09,-47.29,-55.50,-61.10,-55.81,-46.34,-58.69,-51.01,-56.01,2026-07-17 05:16:04+00:00
2026-07-17T05:17:04+00:00,-50.73,-62.22,-64.39,-60.35,-65.36,-46.81,-48.30,-62.72,-50.90,-47.15,-53.44,-60.43,-57.34,-46.36,-58.49,-50.36,-58.79,2026-07-17 05:17:04+00:00
2026-07-17T05:18:03+00:00,-51.50,-61.27,-63.84,-60.28,-66.12,-47.05,-48.40,-62.74,-50.84,-47.33,-54.83,-60.81,-58.19,-46.12,-58.70,-49.83,-58.30,2026-07-17 05:18:03+00:00
2026-07-17T05:19:03+00:00,-51.79,-61.72,-63.72,-60.35,-65.15,-46.77,-48.38,-62.45,-50.82,-47.16,-55.42,-60.35,-58.50,-46.18,-58.30,-49.18,-57.68,2026-07-17 05:19:03+00:00
2026-07-17T05:20:04+00:00,-50.34,-61.64,-64.27,-60.38,-65.78,-46.90,-47.94,-63.14,-50.88,-47.05,-55.26,-61.20,-58.55,-45.96,-58.91,-49.24,-58.30,2026-07-17 05:20:04+00:00
2026-07-17T05:21:04+00:00,-51.71,-61.79,-63.64,-60.28,-65.30,-46.73,-48.57,-63.15,-50.87,-47.03,-55.26,-60.86,-58.51,-46.04,-58.31,-49.84,-58.42,2026-07-17 05:21:04+00:00
2026-07-17T05:22:03+00:00,-51.64,-61.48,-64.92,-60.25,-66.35,-46.96,-48.26,-63.22,-50.84,-47.18,-55.05,-61.23,-58.58,-45.96,-58.41,-50.21,-58.93,2026-07-17 05:22:03+00:00
2026-07-17T05:23:04+00:00,-51.37,-57.94,-63.81,-61.28,-66.11,-46.96,-48.25,-63.40,-50.71,-46.91,-55.31,-60.77,-58.65,-46.19,-58.53,-50.49,-58.39,2026-07-17 05:23:04+00:00
2026-07-17T05:24:04+00:00,-51.07,-61.07,-63.37,-60.21,-64.40,-46.86,-48.19,-62.53,-51.64,-47.27,-55.07,-60.20,-58.17,-45.91,-58.05,-50.00,-55.65,2026-07-17 05:24:04+00:00
2026-07-17T05:25:03+00:00,-52.37,-62.75,-64.74,-60.40,-65.54,-46.97,-48.40,-64.07,-55.46,-47.42,-55.39,-62.57,-58.48,-45.92,-58.43,-49.57,-57.80,2026-07-17 05:25:03+00:00
2026-07-17T05:26:03+00:00,-50.76,-61.88,-63.14,-59.22,-64.40,-46.85,-48.19,-62.17,-55.73,-47.28,-55.19,-59.71,-57.67,-45.86,-57.93,-49.99,-56.17,2026-07-17 05:26:03+00:00
2026-07-17T05:27:04+00:00,-50.20,-61.68,-65.20,-61.21,-65.99,-46.75,-48.13,-62.83,-55.90,-47.40,-55.31,-60.01,-58.50,-45.71,-58.54,-49.83,-56.13,2026-07-17 05:27:04+00:00
2026-07-17T05:28:04+00:00,-50.34,-63.02,-66.09,-60.91,-65.38,-46.86,-48.48,-64.44,-55.83,-47.56,-55.51,-60.94,-58.64,-45.82,-59.07,-49.45,-57.75,2026-07-17 05:28:04+00:00
2026-07-17T05:29:03+00:00,-50.66,-61.63,-63.51,-60.18,-65.41,-46.83,-48.53,-63.23,-56.02,-47.54,-55.40,-59.83,-58.55,-45.90,-58.56,-49.64,-57.64,2026-07-17 05:29:03+00:00
2026-07-17T05:30:03+00:00,-52.22,-63.02,-65.55,-60.70,-65.45,-47.01,-48.45,-64.08,-55.90,-47.46,-55.34,-59.17,-58.21,-45.78,-59.12,-49.20,-57.45,2026-07-17 05:30:03+00:00
2026-07-17T05:31:03+00:00,-50.88,-62.50,-64.65,-60.79,-65.69,-46.84,-48.72,-63.99,-55.99,-47.61,-55.38,-58.77,-58.25,-45.77,-59.02,-49.18,-58.14,2026-07-17 05:31:03+00:00
2026-07-17T05:32:04+00:00,-50.96,-61.69,-64.09,-60.38,-66.50,-46.97,-49.16,-62.84,-56.91,-47.48,-55.18,-58.69,-58.23,-45.74,-58.91,-49.00,-57.62,2026-07-17 05:32:04+00:00
2026-07-17T05:33:04+00:00,-52.28,-61.75,-64.05,-60.53,-65.11,-46.86,-48.82,-62.50,-57.10,-47.89,-55.16,-58.63,-57.88,-45.66,-58.56,-48.88,-57.88,2026-07-17 05:33:04+00:00
2026-07-17T05:34:03+00:00,-53.20,-61.86,-63.43,-60.59,-65.60,-47.10,-48.81,-62.29,-56.79,-47.92,-55.16,-58.32,-57.76,-45.84,-58.67,-48.70,-55.87,2026-07-17 05:34:03+00:00
2026-07-17T05:35:03+00:00,-50.16,-59.78,-63.48,-59.41,-65.34,-46.88,-48.65,-62.25,-55.67,-47.68,-55.08,-59.32,-57.70,-45.85,-58.10,-48.56,-56.61,2026-07-17 05:35:03+00:00
2026-07-17T05:36:03+00:00,-49.71,-59.10,-64.76,-60.07,-65.83,-46.74,-47.96,-61.64,-55.67,-47.46,-55.16,-59.49,-58.01,-45.79,-58.71,-48.47,-56.36,2026-07-17 05:36:03+00:00
2026-07-17T05:37:04+00:00,-50.10,-59.84,-59.04,-59.52,-65.89,-47.02,-47.28,-55.49,-55.65,-47.72,-55.00,-58.91,-57.25,-45.80,-58.18,-48.18,-54.64,2026-07-17 05:37:04+00:00
2026-07-17T05:38:04+00:00,-50.46,-59.90,-57.04,-58.82,-64.59,-46.67,-47.74,-57.57,-55.23,-47.69,-54.97,-58.07,-57.44,-45.74,-58.61,-48.18,-55.97,2026-07-17 05:38:04+00:00
2026-07-17T05:39:03+00:00,-49.64,-60.70,-57.63,-60.58,-65.73,-47.17,-48.08,-58.14,-55.28,-47.63,-55.17,-58.95,-57.96,-45.84,-58.67,-48.10,-56.51,2026-07-17 05:39:03+00:00
2026-07-17T05:40:04+00:00,-49.78,-60.24,-63.67,-60.86,-65.47,-46.98,-47.98,-62.68,-54.91,-47.65,-55.30,-60.19,-57.59,-45.81,-58.99,-48.12,-57.78,2026-07-17 05:40:04+00:00
2026-07-17T05:41:04+00:00,-49.35,-60.53,-63.79,-59.72,-65.66,-46.82,-47.93,-62.32,-55.45,-47.63,-57.64,-59.87,-57.27,-45.64,-58.40,-48.09,-56.96,2026-07-17 05:41:04+00:00
2026-07-17T05:42:04+00:00,-49.59,-60.72,-63.69,-60.28,-65.52,-46.87,-47.90,-62.35,-55.46,-47.47,-57.34,-60.11,-57.59,-45.85,-59.12,-47.93,-57.42,2026-07-17 05:42:04+00:00
2026-07-17T05:43:03+00:00,-49.60,-60.41,-63.71,-59.75,-65.30,-47.00,-47.40,-62.11,-55.59,-47.43,-57.01,-58.56,-57.45,-45.61,-58.27,-47.77,-57.32,2026-07-17 05:43:03+00:00
2026-07-17T05:44:03+00:00,-50.29,-61.19,-64.43,-56.67,-64.42,-46.97,-47.75,-62.00,-55.56,-47.30,-57.07,-60.07,-57.55,-45.70,-58.28,-47.75,-56.92,2026-07-17 05:44:03+00:00
2026-07-17T05:45:04+00:00,-50.49,-61.44,-64.77,-56.58,-65.83,-46.94,-48.47,-62.73,-55.98,-47.26,-56.81,-59.95,-57.53,-45.93,-58.43,-47.14,-58.09,2026-07-17 05:45:04+00:00
2026-07-17T05:46:04+00:00,-50.63,-62.06,-65.14,-60.37,-66.28,-47.03,-48.49,-63.07,-55.93,-47.18,-56.95,-59.59,-57.61,-45.97,-58.75,-47.05,-57.54,2026-07-17 05:46:04+00:00
2026-07-17T05:47:03+00:00,-50.34,-60.47,-63.45,-59.07,-65.80,-46.94,-48.23,-61.29,-55.51,-47.20,-56.38,-59.46,-57.02,-45.80,-58.26,-46.72,-54.34,2026-07-17 05:47:03+00:00
2026-07-17T05:48:04+00:00,-49.89,-60.01,-61.65,-58.13,-65.17,-46.93,-47.60,-60.45,-55.51,-47.09,-56.34,-57.38,-57.17,-45.98,-58.47,-46.68,-57.31,2026-07-17 05:48:04+00:00
2026-07-17T05:49:04+00:00,-50.38,-63.07,-60.96,-61.45,-66.37,-46.97,-47.77,-61.63,-55.92,-47.10,-56.97,-57.90,-55.70,-46.19,-58.75,-46.72,-59.40,2026-07-17 05:49:04+00:00
2026-07-17T05:50:03+00:00,-52.31,-60.08,-55.96,-57.08,-64.59,-47.04,-47.88,-57.26,-56.29,-46.98,-53.95,-58.57,-53.41,-45.99,-56.13,-46.51,-55.01,2026-07-17 05:50:03+00:00
2026-07-17T05:51:03+00:00,-54.73,-61.01,-61.72,-57.13,-66.00,-46.99,-47.23,-51.13,-53.23,-46.89,-55.35,-59.51,-56.55,-45.70,-57.45,-46.76,-54.60,2026-07-17 05:51:03+00:00
2026-07-17T05:52:04+00:00,-52.40,-61.68,-55.78,-56.64,-65.48,-47.09,-47.20,-57.60,-56.53,-47.06,-55.02,-60.10,-54.66,-46.14,-58.43,-46.76,-56.21,2026-07-17 05:52:04+00:00
2026-07-17T05:53:04+00:00,-53.39,-58.72,-62.93,-58.54,-65.58,-46.96,-48.29,-62.21,-56.86,-47.09,-56.07,-58.85,-56.83,-45.98,-58.37,-47.02,-56.64,2026-07-17 05:53:04+00:00
2026-07-17T05:54:03+00:00,-51.46,-60.81,-52.12,-60.56,-65.80,-46.87,-47.73,-59.86,-54.02,-47.21,-55.19,-58.96,-53.34,-46.30,-58.39,-46.68,-55.83,2026-07-17 05:54:03+00:00
2026-07-17T05:55:03+00:00,-52.00,-62.27,-60.66,-55.40,-65.98,-46.85,-47.10,-56.53,-51.09,-47.21,-54.91,-59.80,-55.42,-46.06,-57.95,-46.74,-56.79,2026-07-17 05:55:03+00:00
2026-07-17T05:56:04+00:00,-52.25,-60.38,-62.07,-51.24,-65.32,-46.80,-47.60,-54.99,-50.81,-47.19,-55.46,-59.34,-56.44,-46.20,-58.42,-46.75,-55.52,2026-07-17 05:56:04+00:00
2026-07-17T05:57:04+00:00,-52.40,-62.26,-63.09,-60.87,-65.66,-46.99,-47.55,-61.82,-51.36,-47.19,-56.05,-56.59,-56.30,-46.45,-58.27,-46.57,-55.89,2026-07-17 05:57:04+00:00
2026-07-17T05:58:03+00:00,-52.69,-61.47,-66.40,-61.97,-66.14,-46.89,-47.66,-63.11,-51.50,-47.28,-56.35,-56.76,-57.42,-46.64,-58.68,-46.89,-60.12,2026-07-17 05:58:03+00:00
2026-07-17T05:59:04+00:00,-51.68,-61.09,-64.56,-60.99,-65.37,-46.90,-48.62,-63.01,-51.43,-47.28,-56.10,-57.28,-57.43,-46.61,-58.00,-46.95,-54.91,2026-07-17 05:59:04+00:00
2026-07-17T06:00:04+00:00,-54.00,-62.00,-62.91,-60.36,-65.43,-47.26,-47.72,-62.49,-51.14,-46.98,-55.96,-60.52,-57.26,-46.83,-57.66,-46.96,-56.86,2026-07-17 06:00:04+00:00
2026-07-17T06:01:04+00:00,-54.17,-61.65,-63.30,-60.64,-65.94,-47.13,-47.59,-62.72,-51.10,-47.05,-55.92,-61.31,-57.18,-46.98,-57.97,-46.80,-58.47,2026-07-17 06:01:04+00:00
2026-07-17T06:02:03+00:00,-52.95,-61.19,-62.66,-60.00,-65.31,-47.10,-48.21,-62.30,-50.77,-46.99,-55.68,-58.45,-53.22,-46.94,-57.71,-46.52,-56.16,2026-07-17 06:02:03+00:00
2026-07-17T06:03:03+00:00,-52.37,-62.91,-67.73,-61.50,-66.51,-47.25,-48.44,-63.43,-51.15,-47.00,-55.75,-56.02,-57.30,-47.08,-57.82,-46.46,-58.11,2026-07-17 06:03:03+00:00
2026-07-17T06:04:04+00:00,-52.40,-61.18,-62.43,-58.20,-66.45,-47.02,-48.14,-62.10,-51.06,-46.81,-55.16,-57.51,-56.88,-46.98,-57.35,-46.40,-54.52,2026-07-17 06:04:04+00:00
2026-07-17T06:05:04+00:00,-52.32,-62.64,-64.99,-60.76,-65.47,-47.44,-48.04,-63.08,-51.10,-46.83,-55.35,-58.06,-57.24,-47.21,-57.96,-46.27,-56.31,2026-07-17 06:05:04+00:00
2026-07-17T06:06:04+00:00,-52.96,-62.05,-62.49,-59.63,-65.79,-47.57,-47.83,-60.85,-50.89,-46.71,-55.35,-57.13,-56.29,-46.96,-57.60,-46.16,-54.29,2026-07-17 06:06:04+00:00
2026-07-17T06:07:04+00:00,-54.37,-59.83,-68.38,-62.21,-67.03,-47.61,-48.04,-63.44,-51.01,-46.66,-54.44,-57.06,-57.41,-47.22,-58.25,-46.11,-59.01,2026-07-17 06:07:04+00:00
2026-07-17T06:08:03+00:00,-53.99,-62.78,-66.09,-60.92,-65.19,-47.26,-48.14,-63.10,-51.11,-46.66,-55.17,-55.04,-55.51,-47.48,-58.08,-45.93,-56.77,2026-07-17 06:08:03+00:00
2026-07-17T06:09:04+00:00,-53.78,-63.52,-67.97,-61.76,-66.55,-47.09,-48.30,-62.66,-52.19,-46.76,-54.98,-58.78,-57.77,-47.36,-58.24,-46.03,-57.51,2026-07-17 06:09:04+00:00
2026-07-17T06:10:04+00:00,-54.66,-61.79,-65.03,-61.63,-65.34,-47.34,-47.95,-61.90,-55.96,-46.29,-50.65,-58.75,-56.86,-47.64,-58.32,-46.07,-56.88,2026-07-17 06:10:04+00:00
2026-07-17T06:11:03+00:00,-52.03,-61.04,-65.11,-61.01,-65.27,-47.06,-48.41,-61.73,-55.74,-46.46,-50.97,-61.55,-56.82,-47.39,-57.78,-46.31,-56.33,2026-07-17 06:11:03+00:00
2026-07-17T06:12:03+00:00,-52.43,-60.76,-66.53,-59.64,-65.51,-47.42,-47.97,-62.02,-55.85,-46.29,-51.45,-58.74,-56.74,-47.57,-58.43,-46.34,-57.82,2026-07-17 06:12:03+00:00
2026-07-17T06:13:04+00:00,-54.31,-58.45,-59.53,-61.16,-65.90,-47.37,-48.07,-59.11,-55.93,-46.45,-53.22,-57.75,-54.90,-47.71,-57.75,-46.23,-56.53,2026-07-17 06:13:04+00:00
2026-07-17T06:14:04+00:00,-52.93,-60.05,-53.97,-61.14,-65.24,-47.27,-47.71,-59.56,-55.87,-46.75,-52.27,-58.98,-53.23,-47.93,-58.10,-46.28,-57.33,2026-07-17 06:14:04+00:00
2026-07-17T06:15:03+00:00,-54.03,-60.28,-68.01,-59.92,-66.96,-47.15,-48.38,-62.33,-55.94,-46.66,-52.14,-59.85,-57.02,-47.96,-58.84,-46.20,-57.56,2026-07-17 06:15:03+00:00
2026-07-17T06:16:03+00:00,-55.21,-61.80,-68.82,-62.16,-66.24,-46.82,-48.51,-61.62,-55.69,-46.51,-51.87,-55.75,-56.83,-47.91,-56.55,-46.16,-60.18,2026-07-17 06:16:03+00:00
2026-07-17T06:17:04+00:00,-52.62,-61.10,-68.20,-61.94,-65.23,-46.97,-48.43,-61.90,-59.46,-46.45,-51.52,-57.33,-56.77,-47.95,-57.60,-46.12,-59.70,2026-07-17 06:17:04+00:00
2026-07-17T06:18:04+00:00,-52.62,-61.25,-51.79,-61.76,-66.21,-46.36,-48.18,-59.34,-59.04,-46.28,-50.99,-59.01,-53.08,-48.17,-57.79,-45.85,-59.97,2026-07-17 06:18:04+00:00
2026-07-17T06:19:03+00:00,-51.46,-61.49,-59.75,-58.05,-65.76,-46.71,-47.86,-56.85,-58.40,-46.09,-50.30,-58.30,-54.25,-48.24,-57.35,-45.75,-57.86,2026-07-17 06:19:03+00:00
2026-07-17T06:20:03+00:00,-49.18,-60.42,-65.36,-51.36,-66.72,-46.31,-47.94,-53.20,-53.77,-45.95,-50.20,-61.42,-56.58,-47.94,-58.17,-45.59,-58.96,2026-07-17 06:20:03+00:00
2026-07-17T06:21:04+00:00,-49.45,-61.27,-62.52,-59.50,-65.47,-46.35,-48.77,-61.14,-54.49,-45.90,-50.14,-58.56,-56.02,-48.06,-56.69,-45.50,-54.43,2026-07-17 06:21:04+00:00
2026-07-17T06:22:04+00:00,-49.72,-62.27,-66.96,-61.77,-65.43,-46.49,-48.44,-62.74,-54.43,-46.13,-50.73,-60.43,-52.79,-48.24,-57.63,-45.36,-58.95,2026-07-17 06:22:04+00:00
2026-07-17T06:23:03+00:00,-49.49,-63.09,-67.98,-61.67,-66.32,-46.43,-49.23,-62.51,-54.86,-46.23,-50.60,-61.39,-56.48,-48.08,-57.39,-45.49,-53.94,2026-07-17 06:23:03+00:00
2026-07-17T06:24:03+00:00,-49.73,-62.13,-58.81,-61.58,-66.18,-46.25,-47.73,-57.36,-54.93,-45.83,-50.69,-60.79,-56.45,-48.08,-58.00,-45.36,-54.06,2026-07-17 06:24:03+00:00
2026-07-17T06:25:04+00:00,-50.22,-62.72,-60.66,-61.87,-66.05,-46.47,-48.35,-56.78,-55.02,-46.01,-50.62,-61.15,-57.23,-48.30,-57.53,-45.38,-54.07,2026-07-17 06:25:04+00:00
2026-07-17T06:26:04+00:00,-49.04,-62.40,-60.29,-62.03,-65.80,-46.22,-48.25,-56.63,-51.85,-45.83,-50.72,-61.08,-56.84,-48.35,-57.42,-45.52,-55.49,2026-07-17 06:26:04+00:00
2026-07-17T06:27:03+00:00,-49.14,-61.78,-62.55,-61.61,-64.99,-46.42,-48.09,-62.53,-51.33,-45.90,-50.55,-61.03,-55.87,-48.69,-57.37,-45.20,-53.96,2026-07-17 06:27:03+00:00
2026-07-17T06:28:03+00:00,-49.22,-61.92,-66.22,-61.78,-65.57,-46.22,-48.21,-62.82,-52.93,-45.71,-50.39,-60.95,-56.89,-48.55,-57.44,-45.45,-53.74,2026-07-17 06:28:03+00:00
2026-07-17T06:29:04+00:00,-49.59,-61.45,-67.67,-61.94,-65.89,-46.58,-48.96,-62.87,-52.22,-45.66,-50.34,-60.64,-56.80,-48.71,-57.40,-45.43,-54.09,2026-07-17 06:29:04+00:00
2026-07-17T06:30:04+00:00,-49.47,-61.37,-66.77,-61.20,-66.15,-46.35,-48.83,-62.72,-52.21,-45.73,-50.32,-57.47,-53.97,-48.81,-57.98,-45.52,-54.19,2026-07-17 06:30:04+00:00
2026-07-17T06:31:04+00:00,-47.06,-60.80,-64.23,-60.47,-65.72,-46.22,-48.43,-62.08,-52.39,-45.60,-50.34,-60.40,-55.06,-48.74,-57.24,-45.59,-53.63,2026-07-17 06:31:04+00:00
2026-07-17T06:32:03+00:00,-49.28,-61.90,-66.90,-62.25,-66.48,-46.31,-49.07,-62.94,-52.33,-45.33,-50.32,-62.15,-55.34,-48.93,-57.74,-45.34,-55.53,2026-07-17 06:32:03+00:00
2026-07-17T06:33:03+00:00,-49.63,-62.21,-66.92,-61.90,-66.77,-46.27,-48.78,-62.79,-52.32,-45.53,-50.41,-62.07,-56.02,-48.87,-57.52,-45.33,-54.23,2026-07-17 06:33:03+00:00
2026-07-17T06:34:03+00:00,-49.68,-61.33,-68.31,-61.57,-65.58,-46.20,-48.02,-62.28,-52.42,-45.61,-50.19,-61.39,-56.98,-48.73,-56.61,-45.13,-54.01,2026-07-17 06:34:03+00:00
2026-07-17T06:35:04+00:00,-52.68,-61.55,-63.33,-59.49,-66.74,-46.36,-47.45,-61.07,-52.68,-45.58,-50.19,-61.16,-57.02,-48.57,-57.58,-45.10,-54.16,2026-07-17 06:35:04+00:00
2026-07-17T06:36:04+00:00,-52.55,-61.61,-61.61,-61.79,-65.89,-46.06,-48.08,-55.77,-52.60,-45.63,-50.13,-60.59,-56.41,-48.55,-57.57,-45.02,-54.22,2026-07-17 06:36:04+00:00
2026-07-17T06:37:04+00:00,-52.28,-62.44,-58.57,-61.47,-66.00,-46.66,-48.15,-62.65,-49.69,-45.21,-50.28,-59.22,-54.04,-48.42,-56.67,-45.08,-54.07,2026-07-17 06:37:04+00:00
2026-07-17T06:38:03+00:00,-52.30,-62.84,-59.71,-61.88,-65.55,-46.47,-47.97,-62.48,-49.13,-45.23,-50.23,-59.68,-54.68,-48.65,-57.36,-44.83,-59.89,2026-07-17 06:38:03+00:00
2026-07-17T06:39:03+00:00,-51.76,-62.43,-53.24,-61.86,-66.38,-46.27,-47.71,-62.12,-50.52,-45.39,-50.07,-57.57,-55.95,-48.49,-56.45,-44.84,-59.43,2026-07-17 06:39:03+00:00
2026-07-17T06:40:04+00:00,-51.16,-62.59,-53.16,-62.05,-65.50,-46.32,-47.94,-62.24,-49.12,-45.23,-50.12,-57.70,-56.10,-48.46,-56.60,-44.64,-59.95,2026-07-17 06:40:04+00:00
2026-07-17T06:41:03+00:00,-51.89,-62.36,-63.07,-61.30,-66.68,-46.23,-48.16,-62.48,-48.85,-45.22,-50.14,-61.29,-56.21,-48.67,-57.34,-44.58,-59.59,2026-07-17 06:41:03+00:00
2026-07-17T06:42:03+00:00,-51.48,-62.56,-67.54,-61.71,-66.05,-46.28,-48.49,-62.95,-49.60,-44.92,-50.25,-61.34,-56.63,-48.79,-57.04,-44.78,-60.03,2026-07-17 06:42:03+00:00
2026-07-17T06:43:04+00:00,-52.10,-62.70,-50.31,-62.23,-67.44,-46.29,-47.62,-61.67,-49.29,-45.41,-50.15,-58.23,-56.64,-48.69,-57.82,-44.68,-59.92,2026-07-17 06:43:04+00:00
2026-07-17T06:44:04+00:00,-52.04,-62.59,-56.93,-61.91,-67.22,-46.41,-48.05,-62.66,-48.85,-45.18,-50.26,-59.13,-56.20,-48.69,-56.92,-44.73,-53.80,2026-07-17 06:44:04+00:00
2026-07-17T06:45:03+00:00,-51.82,-62.56,-66.26,-60.81,-65.92,-46.14,-48.60,-62.71,-49.42,-45.02,-49.98,-60.02,-56.69,-48.99,-57.59,-44.63,-53.46,2026-07-17 06:45:03+00:00
2026-07-17T06:46:03+00:00,-51.26,-61.45,-67.03,-61.99,-66.34,-46.31,-48.63,-61.99,-49.43,-44.93,-50.27,-56.28,-56.03,-48.99,-57.61,-44.69,-53.58,2026-07-17 06:46:03+00:00
2026-07-17T06:47:04+00:00,-52.13,-62.41,-65.26,-61.66,-66.22,-46.17,-48.27,-61.93,-49.15,-44.87,-50.20,-55.92,-55.94,-49.23,-57.15,-44.63,-53.71,2026-07-17 06:47:04+00:00
2026-07-17T06:48:04+00:00,-51.86,-62.52,-65.43,-62.21,-66.94,-46.22,-47.88,-61.95,-49.21,-44.80,-50.29,-56.23,-55.78,-49.02,-57.63,-44.85,-54.66,2026-07-17 06:48:04+00:00
2026-07-17T06:49:03+00:00,-51.53,-62.22,-64.21,-62.10,-66.08,-46.23,-48.25,-61.72,-49.04,-44.81,-49.56,-56.46,-55.87,-49.40,-57.57,-44.70,-53.73,2026-07-17 06:49:03+00:00
2026-07-17T06:50:04+00:00,-50.62,-61.35,-65.65,-59.04,-65.15,-46.19,-48.74,-62.24,-49.07,-44.93,-49.43,-58.83,-56.17,-49.52,-57.40,-44.65,-54.59,2026-07-17 06:50:04+00:00
2026-07-17T06:51:04+00:00,-50.57,-62.14,-67.59,-62.16,-66.27,-46.46,-48.26,-62.47,-49.42,-45.00,-50.06,-57.21,-56.22,-49.53,-57.76,-44.77,-54.64,2026-07-17 06:51:04+00:00
2026-07-17T06:52:03+00:00,-50.98,-62.27,-66.99,-61.11,-66.38,-46.51,-48.56,-62.79,-49.31,-44.43,-49.73,-57.10,-56.28,-49.81,-57.64,-44.78,-54.76,2026-07-17 06:52:03+00:00
2026-07-17T06:53:03+00:00,-51.25,-62.63,-68.46,-62.21,-65.91,-46.34,-49.15,-63.46,-50.18,-44.66,-50.95,-60.16,-56.80,-49.81,-57.60,-44.69,-53.58,2026-07-17 06:53:03+00:00
2026-07-17T06:54:04+00:00,-50.17,-62.36,-67.82,-62.18,-66.16,-46.34,-48.75,-64.05,-50.13,-45.34,-52.58,-60.01,-56.91,-49.81,-56.98,-44.81,-53.69,2026-07-17 06:54:04+00:00
2026-07-17T06:55:04+00:00,-50.72,-61.85,-67.55,-61.71,-65.97,-46.54,-48.32,-63.84,-52.59,-45.79,-53.51,-59.81,-57.04,-50.05,-57.36,-44.76,-54.59,2026-07-17 06:55:04+00:00
2026-07-17T06:56:03+00:00,-51.12,-61.76,-67.43,-61.13,-65.69,-46.48,-48.38,-63.99,-52.50,-45.81,-54.74,-59.41,-57.08,-50.24,-57.39,-44.83,-54.66,2026-07-17 06:56:03+00:00
2026-07-17T06:57:04+00:00,-50.77,-61.21,-66.91,-61.25,-66.56,-46.56,-48.66,-64.21,-52.62,-45.82,-53.81,-59.95,-56.93,-50.35,-57.23,-44.86,-58.31,2026-07-17 06:57:04+00:00
2026-07-17T06:58:04+00:00,-50.92,-61.88,-67.33,-61.15,-65.85,-46.45,-48.56,-63.97,-52.50,-45.86,-54.12,-59.23,-56.99,-50.34,-57.63,-44.77,-60.20,2026-07-17 06:58:04+00:00
2026-07-17T06:59:03+00:00,-51.02,-61.68,-67.39,-61.35,-66.23,-46.42,-48.33,-63.98,-52.66,-46.76,-54.07,-60.52,-57.07,-50.66,-57.34,-44.88,-60.26,2026-07-17 06:59:03+00:00
2026-07-17T07:00:03+00:00,-50.52,-60.76,-66.97,-61.14,-65.72,-46.66,-48.62,-63.89,-52.77,-53.26,-54.26,-60.16,-56.90,-50.68,-57.07,-44.67,-57.44,2026-07-17 07:00:03+00:00
2026-07-17T07:01:04+00:00,-51.66,-60.80,-65.56,-60.32,-65.74,-46.36,-49.21,-63.01,-52.46,-54.57,-54.20,-59.55,-56.56,-50.51,-57.81,-44.77,-57.51,2026-07-17 07:01:04+00:00
2026-07-17T07:02:04+00:00,-50.49,-61.25,-67.13,-61.09,-65.91,-46.42,-48.80,-63.66,-52.98,-54.76,-53.90,-59.97,-56.94,-50.63,-57.91,-44.68,-59.52,2026-07-17 07:02:04+00:00
2026-07-17T07:03:04+00:00,-49.90,-61.10,-67.11,-61.70,-66.54,-46.28,-48.55,-63.21,-52.71,-54.91,-54.69,-60.04,-57.09,-50.70,-57.67,-44.66,-59.59,2026-07-17 07:03:04+00:00
2026-07-17T07:04:03+00:00,-49.23,-60.23,-68.22,-61.95,-66.50,-46.40,-49.40,-63.72,-52.78,-54.72,-54.83,-60.09,-55.35,-50.83,-57.86,-44.72,-59.69,2026-07-17 07:04:03+00:00
2026-07-17T07:05:04+00:00,-48.79,-61.74,-67.35,-62.08,-67.04,-46.26,-48.66,-62.07,-52.48,-54.93,-54.75,-56.16,-56.58,-50.77,-55.57,-44.77,-59.67,2026-07-17 07:05:04+00:00
2026-07-17T07:06:03+00:00,-48.57,-61.29,-66.56,-62.26,-65.86,-46.37,-48.37,-62.78,-52.42,-54.58,-54.77,-56.70,-56.62,-50.53,-56.10,-44.79,-57.79,2026-07-17 07:06:03+00:00
2026-07-17T07:07:03+00:00,-47.73,-60.59,-68.00,-60.38,-66.90,-46.37,-48.38,-62.80,-52.95,-54.77,-54.58,-60.65,-56.84,-50.67,-57.38,-44.71,-59.51,2026-07-17 07:07:03+00:00
2026-07-17T07:08:04+00:00,-47.30,-60.78,-67.62,-57.09,-67.11,-46.65,-48.61,-62.78,-52.23,-54.55,-54.77,-60.44,-56.73,-50.51,-57.69,-44.73,-59.50,2026-07-17 07:08:04+00:00
2026-07-17T07:09:03+00:00,-47.08,-60.80,-67.42,-56.61,-66.71,-46.35,-48.52,-62.26,-52.29,-54.49,-54.69,-61.58,-56.55,-50.42,-57.80,-44.76,-59.62,2026-07-17 07:09:03+00:00
2026-07-17T07:10:03+00:00,-48.28,-61.26,-67.63,-62.05,-65.97,-46.41,-48.69,-62.89,-52.39,-54.44,-55.10,-61.89,-56.73,-50.44,-57.60,-44.46,-59.81,2026-07-17 07:10:03+00:00
2026-07-17T07:11:04+00:00,-46.66,-61.15,-67.39,-61.94,-66.04,-46.32,-48.92,-62.43,-52.33,-54.44,-55.76,-61.69,-56.72,-50.37,-57.49,-44.60,-59.33,2026-07-17 07:11:04+00:00
2026-07-17T07:12:04+00:00,-48.94,-61.35,-67.75,-62.23,-65.90,-46.44,-48.64,-62.80,-52.45,-54.43,-55.85,-61.40,-56.74,-50.46,-57.21,-44.54,-59.56,2026-07-17 07:12:04+00:00
2026-07-17T07:13:03+00:00,-48.43,-61.12,-67.21,-62.08,-66.18,-46.40,-48.26,-62.47,-52.31,-54.31,-55.78,-63.21,-56.39,-50.65,-57.70,-44.60,-59.80,2026-07-17 07:13:03+00:00
2026-07-17T07:14:03+00:00,-48.85,-58.97,-66.76,-61.88,-65.56,-46.35,-48.43,-62.62,-52.31,-54.08,-55.81,-60.89,-56.28,-50.57,-57.79,-44.51,-59.10,2026-07-17 07:14:03+00:00
2026-07-17T07:15:04+00:00,-49.31,-59.98,-67.82,-62.07,-66.05,-46.35,-48.02,-62.61,-52.48,-54.20,-55.72,-59.00,-56.62,-50.56,-57.46,-44.40,-59.31,2026-07-17 07:15:04+00:00
2026-07-17T07:16:04+00:00,-49.39,-59.74,-67.95,-60.98,-66.47,-46.42,-47.90,-61.48,-52.49,-54.45,-56.37,-59.05,-56.29,-50.82,-58.22,-44.25,-57.01,2026-07-17 07:16:04+00:00
2026-07-17T07:17:03+00:00,-49.06,-57.95,-65.70,-61.35,-65.54,-46.41,-48.50,-63.59,-51.97,-54.03,-55.94,-58.00,-53.37,-50.77,-57.61,-44.37,-57.18,2026-07-17 07:17:03+00:00
2026-07-17T07:18:04+00:00,-49.21,-59.02,-68.11,-62.38,-65.95,-46.44,-48.55,-62.94,-52.25,-54.07,-55.90,-54.08,-55.88,-51.12,-57.65,-44.32,-59.37,2026-07-17 07:18:04+00:00
2026-07-17T07:19:04+00:00,-49.08,-58.29,-68.06,-62.04,-66.29,-46.47,-48.92,-63.13,-52.17,-54.02,-55.90,-58.12,-56.53,-51.39,-57.72,-44.34,-59.57,2026-07-17 07:19:04+00:00
2026-07-17T07:20:03+00:00,-51.36,-57.97,-68.04,-61.96,-66.39,-46.64,-48.13,-62.40,-52.75,-54.00,-55.99,-58.50,-56.69,-51.31,-57.52,-44.37,-59.30,2026-07-17 07:20:03+00:00
2026-07-17T07:21:03+00:00,-51.34,-57.55,-67.63,-59.58,-66.45,-46.34,-48.05,-62.44,-53.42,-53.88,-55.91,-58.40,-56.42,-51.38,-57.52,-44.62,-59.34,2026-07-17 07:21:03+00:00
2026-07-17T07:22:04+00:00,-51.36,-57.54,-67.61,-59.80,-65.99,-46.35,-47.88,-62.38,-53.61,-53.86,-56.15,-57.47,-56.67,-51.18,-57.53,-44.66,-59.04,2026-07-17 07:22:04+00:00
2026-07-17T07:23:04+00:00,-50.94,-57.87,-66.78,-61.31,-66.49,-46.36,-48.12,-62.03,-51.92,-53.84,-56.33,-57.80,-56.54,-51.50,-58.10,-44.81,-59.29,2026-07-17 07:23:04+00:00
2026-07-17T07:24:03+00:00,-51.10,-57.56,-66.10,-61.15,-66.05,-46.71,-47.75,-62.34,-51.92,-53.69,-55.96,-58.10,-56.45,-51.69,-57.58,-44.82,-57.92,2026-07-17 07:24:03+00:00
2026-07-17T07:25:04+00:00,-51.06,-57.52,-53.26,-61.62,-66.91,-46.61,-47.56,-59.70,-49.84,-53.83,-56.13,-57.29,-56.19,-51.75,-56.72,-44.93,-58.93,2026-07-17 07:25:04+00:00
2026-07-17T07:26:04+00:00,-50.23,-58.04,-67.05,-61.92,-65.97,-46.45,-48.02,-61.91,-50.51,-53.92,-55.85,-59.94,-56.63,-51.88,-56.71,-44.91,-59.44,2026-07-17 07:26:04+00:00
2026-07-17T07:27:03+00:00,-50.49,-58.70,-66.79,-62.21,-66.36,-46.29,-47.97,-62.23,-50.54,-53.55,-56.03,-59.91,-56.45,-51.87,-56.42,-44.86,-59.69,2026-07-17 07:27:03+00:00
2026-07-17T07:28:03+00:00,-49.45,-56.19,-65.09,-59.29,-65.45,-46.49,-47.49,-50.14,-50.28,-53.37,-56.18,-59.43,-56.16,-51.46,-57.45,-44.74,-59.84,2026-07-17 07:28:03+00:00
2026-07-17T07:29:04+00:00,-50.86,-56.68,-66.82,-61.22,-65.31,-46.54,-48.13,-62.41,-50.30,-53.81,-56.15,-58.17,-56.14,-52.22,-56.87,-44.76,-58.45,2026-07-17 07:29:04+00:00
2026-07-17T07:30:04+00:00,-49.39,-56.48,-66.49,-61.65,-66.08,-46.38,-48.39,-62.37,-49.60,-53.93,-56.30,-59.35,-54.41,-52.38,-57.36,-44.67,-59.71,2026-07-17 07:30:04+00:00
2026-07-17T07:31:04+00:00,-51.06,-57.53,-66.26,-61.68,-66.06,-46.50,-48.81,-62.39,-49.43,-53.72,-56.22,-58.63,-54.52,-52.37,-56.77,-44.75,-59.11,2026-07-17 07:31:04+00:00
2026-07-17T07:32:04+00:00,-50.38,-56.22,-65.89,-61.64,-66.22,-46.36,-48.56,-62.06,-49.41,-53.76,-55.91,-58.68,-54.48,-52.49,-57.82,-44.75,-59.14,2026-07-17 07:32:04+00:00
2026-07-17T07:33:03+00:00,-50.95,-57.47,-66.17,-61.44,-66.57,-46.51,-47.99,-62.28,-49.47,-53.75,-55.76,-57.90,-54.78,-52.82,-57.32,-44.78,-59.45,2026-07-17 07:33:03+00:00
2026-07-17T07:34:03+00:00,-50.55,-56.50,-66.21,-61.36,-66.41,-46.64,-48.24,-62.11,-49.40,-53.62,-55.88,-57.64,-54.42,-52.82,-57.42,-44.64,-59.10,2026-07-17 07:34:03+00:00
2026-07-17T07:35:04+00:00,-50.30,-56.03,-64.02,-61.37,-66.88,-46.54,-47.73,-61.79,-49.21,-53.53,-56.50,-57.62,-56.16,-53.04,-57.14,-44.75,-59.00,2026-07-17 07:35:04+00:00
2026-07-17T07:36:03+00:00,-50.46,-56.22,-67.82,-62.08,-66.73,-46.47,-47.96,-63.48,-49.53,-53.52,-55.88,-57.48,-56.57,-53.24,-57.06,-44.77,-59.72,2026-07-17 07:36:03+00:00
2026-07-17T07:37:04+00:00,-50.84,-56.68,-67.67,-62.30,-66.35,-46.59,-48.62,-63.09,-49.58,-53.43,-56.16,-57.89,-56.44,-53.41,-57.37,-44.78,-59.96,2026-07-17 07:37:04+00:00
2026-07-17T07:38:04+00:00,-51.66,-53.28,-67.60,-62.13,-66.87,-46.45,-48.33,-63.18,-50.31,-53.31,-56.06,-57.57,-56.50,-53.58,-57.24,-44.91,-59.89,2026-07-17 07:38:04+00:00
2026-07-17T07:39:03+00:00,-50.41,-53.62,-67.33,-62.43,-66.23,-46.58,-48.09,-63.28,-50.43,-52.60,-56.21,-57.37,-56.49,-53.70,-57.54,-44.87,-59.87,2026-07-17 07:39:03+00:00
2026-07-17T07:40:03+00:00,-51.05,-54.12,-67.38,-62.16,-65.94,-47.53,-48.55,-63.11,-52.97,-46.86,-56.17,-57.48,-56.39,-53.84,-57.21,-45.16,-58.48,2026-07-17 07:40:03+00:00
2026-07-17T07:41:04+00:00,-50.64,-53.84,-63.46,-60.47,-66.07,-47.41,-47.48,-54.31,-52.89,-45.85,-55.48,-57.25,-56.41,-53.67,-57.32,-45.06,-59.23,2026-07-17 07:41:04+00:00
2026-07-17T07:42:04+00:00,-51.32,-54.80,-65.53,-61.59,-66.31,-47.33,-47.47,-49.82,-52.46,-43.98,-49.29,-57.28,-55.53,-53.92,-56.97,-45.17,-58.64,2026-07-17 07:42:04+00:00
2026-07-17T07:43:03+00:00,-49.98,-53.46,-56.49,-62.06,-66.33,-47.45,-47.93,-57.75,-52.76,-43.94,-50.33,-57.17,-56.16,-54.30,-56.95,-45.40,-59.09,2026-07-17 07:43:03+00:00
2026-07-17T07:44:03+00:00,-50.73,-55.52,-64.98,-59.72,-65.74,-47.46,-47.62,-50.00,-52.62,-44.13,-51.64,-58.80,-56.11,-53.22,-57.03,-45.41,-58.92,2026-07-17 07:44:03+00:00
2026-07-17T07:45:04+00:00,-50.37,-54.12,-66.38,-61.50,-66.38,-47.44,-47.38,-61.38,-52.11,-44.65,-52.09,-57.40,-56.20,-54.68,-57.31,-45.50,-58.15,2026-07-17 07:45:04+00:00
2026-07-17T07:46:04+00:00,-49.94,-54.89,-65.53,-60.94,-66.22,-47.40,-47.45,-48.71,-52.86,-44.79,-53.40,-57.82,-55.89,-54.19,-56.80,-45.66,-57.85,2026-07-17 07:46:04+00:00
2026-07-17T07:47:03+00:00,-50.34,-54.18,-65.68,-60.48,-66.06,-49.10,-47.06,-48.47,-53.03,-44.62,-53.11,-58.16,-55.95,-54.60,-57.46,-45.81,-58.25,2026-07-17 07:47:03+00:00
2026-07-17T07:48:03+00:00,-49.59,-56.38,-64.12,-60.74,-66.26,-49.05,-47.69,-60.95,-52.54,-44.59,-53.24,-57.63,-55.94,-55.29,-56.86,-45.74,-58.78,2026-07-17 07:48:03+00:00
2026-07-17T07:49:04+00:00,-49.49,-58.25,-67.04,-61.16,-65.98,-49.08,-48.06,-61.64,-53.20,-44.80,-53.07,-57.29,-56.00,-55.59,-57.12,-45.82,-58.23,2026-07-17 07:49:04+00:00
2026-07-17T07:50:04+00:00,-47.94,-56.76,-66.69,-60.50,-66.89,-49.43,-47.96,-60.94,-52.42,-44.77,-53.00,-57.07,-55.79,-55.51,-57.09,-45.89,-58.49,2026-07-17 07:50:04+00:00
2026-07-17T07:51:03+00:00,-47.93,-58.10,-66.12,-60.93,-66.58,-49.49,-48.15,-61.46,-51.46,-44.81,-52.91,-58.18,-54.35,-56.09,-57.02,-45.75,-58.21,2026-07-17 07:51:03+00:00
2026-07-17T07:52:03+00:00,-48.71,-59.65,-66.86,-61.38,-66.03,-49.49,-48.25,-61.53,-51.62,-44.92,-52.69,-53.96,-55.29,-56.35,-56.84,-45.59,-58.41,2026-07-17 07:52:03+00:00
2026-07-17T07:53:04+00:00,-47.20,-57.19,-66.26,-62.05,-66.71,-49.53,-47.98,-61.27,-51.86,-44.84,-52.84,-56.13,-55.98,-56.49,-56.89,-45.68,-58.92,2026-07-17 07:53:04+00:00
2026-07-17T07:54:04+00:00,-47.41,-57.05,-67.24,-61.60,-66.87,-49.53,-48.03,-61.18,-52.11,-44.87,-52.83,-57.67,-56.06,-56.86,-57.05,-45.52,-58.77,2026-07-17 07:54:04+00:00
2026-07-17T07:55:03+00:00,-47.79,-57.53,-67.15,-61.88,-65.75,-49.37,-47.98,-61.70,-51.83,-44.83,-52.69,-58.48,-56.00,-57.02,-57.09,-45.37,-58.58,2026-07-17 07:55:03+00:00
2026-07-17T07:56:03+00:00,-47.61,-57.07,-65.27,-59.79,-65.94,-49.65,-47.76,-60.67,-51.77,-44.90,-52.52,-56.81,-55.85,-56.85,-57.14,-45.22,-58.92,2026-07-17 07:56:03+00:00
2026-07-17T07:57:04+00:00,-47.95,-57.19,-64.28,-61.62,-67.65,-49.58,-47.33,-60.38,-51.93,-44.93,-52.74,-54.78,-55.36,-57.66,-57.00,-45.23,-58.39,2026-07-17 07:57:04+00:00
2026-07-17T07:58:04+00:00,-48.00,-56.63,-62.69,-61.50,-65.81,-49.56,-47.60,-60.08,-51.93,-44.72,-52.49,-55.14,-54.87,-57.72,-57.16,-44.94,-58.99,2026-07-17 07:58:04+00:00
2026-07-17T07:59:03+00:00,-48.55,-56.69,-59.55,-61.48,-66.54,-49.74,-47.95,-59.58,-51.80,-44.72,-52.60,-55.80,-54.44,-57.59,-56.89,-45.26,-57.42,2026-07-17 07:59:03+00:00
2026-07-17T08:00:03+00:00,-48.46,-57.05,-51.10,-60.94,-66.49,-49.74,-47.61,-58.20,-51.94,-44.71,-52.40,-57.24,-52.48,-58.19,-57.21,-45.28,-59.03,2026-07-17 08:00:03+00:00
2026-07-17T08:01:03+00:00,-48.59,-57.10,-57.94,-58.09,-66.71,-49.63,-47.37,-56.91,-51.88,-44.78,-51.42,-57.52,-52.97,-58.05,-55.27,-45.44,-59.10,2026-07-17 08:01:03+00:00
2026-07-17T08:02:04+00:00,-48.74,-57.54,-60.21,-56.85,-66.14,-49.76,-47.26,-56.37,-51.76,-44.69,-51.52,-58.14,-53.80,-58.38,-56.39,-45.49,-58.33,2026-07-17 08:02:04+00:00
2026-07-17T08:03:04+00:00,-48.28,-56.77,-62.98,-53.27,-66.77,-49.75,-47.21,-54.97,-51.68,-44.71,-52.18,-58.78,-54.84,-58.24,-56.66,-45.51,-58.09,2026-07-17 08:03:04+00:00
2026-07-17T08:04:03+00:00,-47.89,-56.81,-62.52,-54.04,-66.38,-49.89,-47.49,-55.55,-51.69,-44.67,-52.20,-58.84,-54.48,-58.32,-56.36,-45.57,-57.33,2026-07-17 08:04:03+00:00
2026-07-17T08:05:03+00:00,-50.35,-57.15,-60.18,-56.53,-65.92,-49.80,-47.21,-56.33,-52.17,-44.71,-51.75,-58.54,-53.85,-59.45,-56.66,-45.75,-58.60,2026-07-17 08:05:03+00:00
2026-07-17T08:06:04+00:00,-50.36,-57.12,-60.36,-56.31,-66.27,-49.73,-47.45,-56.22,-52.17,-45.01,-52.62,-58.89,-53.90,-59.92,-56.66,-45.73,-58.45,2026-07-17 08:06:04+00:00
2026-07-17T08:07:03+00:00,-49.93,-57.16,-54.18,-59.70,-66.20,-49.78,-47.49,-57.39,-51.97,-44.97,-52.87,-58.90,-52.35,-60.49,-56.72,-45.48,-58.48,2026-07-17 08:07:03+00:00
2026-07-17T08:08:03+00:00,-49.97,-57.52,-50.94,-61.35,-66.25,-48.89,-47.38,-58.46,-50.63,-44.98,-55.21,-58.39,-52.43,-60.66,-57.07,-45.45,-58.16,2026-07-17 08:08:03+00:00
2026-07-17T08:09:04+00:00,-49.64,-57.48,-52.78,-61.34,-65.60,-48.96,-47.41,-59.12,-50.86,-44.95,-55.58,-57.96,-52.59,-60.95,-56.73,-45.45,-57.84,2026-07-17 08:09:04+00:00
2026-07-17T08:10:03+00:00,-49.66,-54.69,-54.64,-61.54,-66.03,-45.40,-47.65,-59.03,-51.58,-44.88,-54.72,-58.10,-53.06,-61.26,-56.86,-45.31,-57.88,2026-07-17 08:10:03+00:00
2026-07-17T08:11:03+00:00,-47.81,-55.20,-57.37,-61.24,-65.78,-45.43,-47.62,-59.54,-52.01,-44.80,-54.44,-57.76,-53.59,-61.49,-56.85,-45.26,-57.99,2026-07-17 08:11:03+00:00
2026-07-17T08:12:04+00:00,-48.33,-55.09,-57.46,-61.65,-66.73,-45.62,-47.59,-59.56,-50.51,-44.68,-54.57,-57.76,-53.65,-62.06,-56.88,-45.28,-58.14,2026-07-17 08:12:04+00:00
2026-07-17T08:13:04+00:00,-49.04,-55.50,-57.51,-61.53,-66.17,-45.66,-47.70,-59.66,-50.56,-44.70,-54.58,-57.95,-53.79,-61.82,-56.55,-45.25,-58.28,2026-07-17 08:13:04+00:00
2026-07-17T08:14:03+00:00,-45.64,-54.99,-57.39,-61.60,-65.69,-45.60,-47.44,-59.50,-50.98,-44.61,-54.34,-57.76,-53.83,-61.92,-56.68,-45.37,-55.69,2026-07-17 08:14:03+00:00
2026-07-17T08:15:03+00:00,-47.02,-55.76,-57.35,-61.61,-65.93,-45.62,-47.47,-59.58,-50.86,-44.51,-54.43,-58.01,-53.89,-61.89,-56.43,-45.32,-55.66,2026-07-17 08:15:03+00:00
2026-07-17T08:16:04+00:00,-46.85,-55.83,-57.38,-61.58,-66.73,-45.66,-47.57,-59.53,-50.71,-44.62,-54.47,-58.15,-54.09,-62.21,-56.03,-45.41,-55.33,2026-07-17 08:16:04+00:00
2026-07-17T08:17:04+00:00,-46.62,-55.55,-55.99,-61.51,-66.21,-45.66,-47.66,-59.33,-50.78,-44.52,-54.44,-58.47,-53.55,-62.79,-56.49,-45.64,-55.50,2026-07-17 08:17:04+00:00
2026-07-17T08:18:03+00:00,-46.69,-55.54,-62.81,-61.49,-65.81,-45.75,-47.78,-59.90,-50.90,-44.61,-54.26,-56.82,-54.79,-62.36,-56.55,-45.67,-55.43,2026-07-17 08:18:03+00:00
2026-07-17T08:19:04+00:00,-46.89,-55.75,-62.74,-61.87,-65.55,-45.74,-47.63,-60.12,-50.93,-44.48,-54.52,-56.68,-54.86,-62.80,-56.36,-45.82,-54.12,2026-07-17 08:19:04+00:00
2026-07-17T08:20:04+00:00,-46.42,-55.75,-65.31,-61.65,-65.66,-45.78,-47.65,-60.24,-50.90,-44.56,-54.45,-55.08,-55.19,-63.42,-56.54,-46.00,-54.83,2026-07-17 08:20:04+00:00
2026-07-17T08:21:03+00:00,-45.76,-56.19,-62.65,-61.62,-65.88,-45.79,-47.62,-59.60,-50.83,-44.60,-54.45,-55.15,-55.11,-63.36,-56.54,-45.88,-54.87,2026-07-17 08:21:03+00:00
2026-07-17T08:22:03+00:00,-46.24,-56.30,-63.44,-61.61,-66.20,-45.86,-47.97,-59.68,-50.86,-44.79,-53.48,-55.49,-55.41,-62.86,-56.79,-46.23,-54.15,2026-07-17 08:22:03+00:00
2026-07-17T08:23:04+00:00,-45.67,-56.45,-65.87,-61.42,-66.07,-45.86,-47.85,-60.42,-51.99,-44.75,-54.93,-55.69,-55.64,-63.12,-56.53,-46.25,-54.88,2026-07-17 08:23:04+00:00
2026-07-17T08:24:03+00:00,-46.78,-57.12,-65.59,-61.55,-65.88,-45.86,-48.00,-60.36,-52.06,-44.69,-54.58,-55.73,-55.65,-62.84,-56.45,-46.32,-54.90,2026-07-17 08:24:03+00:00
2026-07-17T08:25:03+00:00,-45.35,-57.18,-66.00,-61.68,-65.85,-45.86,-47.94,-60.70,-51.97,-45.03,-55.60,-56.51,-55.81,-62.26,-56.46,-46.42,-54.94,2026-07-17 08:25:03+00:00
2026-07-17T08:26:04+00:00,-45.96,-57.08,-66.39,-61.74,-64.89,-45.78,-47.68,-60.75,-52.26,-45.13,-55.81,-56.37,-55.59,-62.17,-56.41,-46.34,-55.13,2026-07-17 08:26:04+00:00
2026-07-17T08:27:04+00:00,-45.65,-56.54,-65.72,-61.72,-65.31,-45.87,-47.87,-60.81,-52.20,-45.07,-55.88,-56.01,-55.83,-61.53,-56.36,-46.52,-55.25,2026-07-17 08:27:04+00:00
2026-07-17T08:28:03+00:00,-45.67,-56.96,-65.80,-61.44,-65.53,-45.88,-48.01,-60.59,-52.41,-45.26,-55.79,-55.57,-55.92,-61.35,-56.76,-46.52,-54.80,2026-07-17 08:28:03+00:00
2026-07-17T08:29:03+00:00,-45.53,-57.29,-65.70,-61.16,-66.08,-45.85,-48.28,-60.55,-52.59,-45.27,-55.80,-55.48,-55.97,-61.15,-56.62,-46.65,-54.93,2026-07-17 08:29:03+00:00
2026-07-17T08:30:03+00:00,-49.46,-56.50,-65.27,-61.76,-65.88,-45.95,-47.77,-60.59,-52.37,-45.21,-55.67,-55.30,-56.06,-60.70,-56.70,-46.65,-58.32,2026-07-17 08:30:03+00:00
2026-07-17T08:31:03+00:00,-49.99,-56.48,-64.77,-61.79,-66.13,-45.84,-47.51,-60.49,-52.80,-45.07,-56.15,-55.14,-55.84,-60.30,-56.79,-46.96,-58.57,2026-07-17 08:31:03+00:00
2026-07-17T08:32:04+00:00,-49.21,-56.64,-64.79,-61.58,-66.10,-45.34,-47.44,-60.33,-52.83,-45.24,-54.86,-54.93,-55.74,-59.85,-56.79,-47.11,-57.84,2026-07-17 08:32:04+00:00
2026-07-17T08:33:03+00:00,-49.71,-57.05,-64.70,-61.74,-66.58,-45.94,-47.54,-60.35,-52.84,-45.01,-56.09,-54.49,-55.65,-59.70,-57.26,-47.30,-57.24,2026-07-17 08:33:03+00:00
2026-07-17T08:34:03+00:00,-49.51,-57.40,-63.77,-61.57,-66.16,-46.01,-47.65,-60.38,-52.97,-45.07,-55.99,-54.94,-55.47,-59.02,-56.45,-47.12,-58.44,2026-07-17 08:34:03+00:00
2026-07-17T08:35:04+00:00,-49.25,-57.00,-64.35,-61.64,-65.62,-45.97,-47.66,-60.44,-52.97,-45.13,-56.13,-54.94,-55.77,-59.05,-56.70,-47.53,-58.48,2026-07-17 08:35:04+00:00
2026-07-17T08:36:04+00:00,-49.68,-56.84,-63.95,-61.66,-65.79,-45.96,-47.73,-60.76,-53.02,-45.00,-56.02,-55.07,-55.65,-58.64,-56.49,-47.64,-58.63,2026-07-17 08:36:04+00:00
2026-07-17T08:37:04+00:00,-48.88,-57.28,-65.76,-58.48,-65.44,-46.01,-47.77,-61.49,-52.99,-45.01,-55.97,-57.43,-56.07,-58.42,-56.98,-47.68,-57.19,2026-07-17 08:37:04+00:00
2026-07-17T08:38:03+00:00,-49.04,-57.35,-65.59,-59.26,-65.32,-46.00,-47.74,-61.54,-52.90,-44.83,-55.99,-57.09,-56.01,-57.98,-56.76,-47.73,-58.38,2026-07-17 08:38:03+00:00
2026-07-17T08:39:03+00:00,-49.24,-56.07,-65.93,-61.53,-66.93,-45.93,-48.02,-61.95,-53.05,-45.11,-55.69,-58.20,-56.44,-57.93,-56.37,-47.53,-54.19,2026-07-17 08:39:03+00:00
2026-07-17T08:40:04+00:00,-50.36,-56.68,-66.41,-61.88,-66.49,-45.94,-47.80,-62.11,-53.16,-45.02,-55.67,-58.34,-56.62,-57.84,-57.00,-47.75,-58.05,2026-07-17 08:40:04+00:00
2026-07-17T08:41:03+00:00,-50.81,-56.59,-65.80,-61.62,-65.94,-44.94,-48.01,-61.61,-52.75,-44.22,-37.39,-58.53,-56.46,-57.49,-57.22,-47.58,-54.68,2026-07-17 08:41:03+00:00
2026-07-17T08:42:03+00:00,-51.30,-56.12,-66.49,-61.27,-66.01,-45.22,-47.69,-62.04,-54.15,-45.19,-55.28,-59.72,-56.55,-57.32,-56.79,-47.56,-57.93,2026-07-17 08:42:03+00:00
2026-07-17T08:43:03+00:00,-50.32,-54.46,-66.06,-61.72,-66.57,-45.18,-47.89,-61.97,-54.36,-44.81,-55.66,-59.62,-56.63,-57.04,-56.71,-47.58,-58.06,2026-07-17 08:43:03+00:00
2026-07-17T08:44:04+00:00,-50.66,-54.87,-66.28,-57.46,-66.78,-45.17,-47.92,-61.65,-54.10,-45.06,-55.63,-60.10,-56.46,-56.87,-56.72,-47.58,-57.05,2026-07-17 08:44:04+00:00
2026-07-17T08:45:04+00:00,-50.57,-54.73,-65.50,-56.69,-66.32,-45.96,-47.95,-61.96,-53.81,-44.78,-50.33,-59.87,-56.13,-56.61,-57.04,-47.66,-56.31,2026-07-17 08:45:04+00:00
2026-07-17T08:46:03+00:00,-50.01,-55.13,-65.62,-56.37,-66.09,-45.96,-47.66,-61.60,-54.03,-44.69,-40.90,-59.12,-56.51,-56.52,-56.99,-47.83,-54.89,2026-07-17 08:46:03+00:00
2026-07-17T08:47:04+00:00,-50.52,-54.90,-65.41,-56.34,-65.79,-46.05,-48.06,-61.81,-54.13,-44.79,-55.32,-59.66,-56.32,-56.54,-56.55,-48.04,-57.91,2026-07-17 08:47:04+00:00
2026-07-17T08:48:04+00:00,-50.72,-55.31,-65.25,-56.34,-66.77,-46.08,-47.70,-62.11,-54.39,-44.92,-55.45,-58.87,-56.32,-56.24,-56.65,-48.09,-56.45,2026-07-17 08:48:04+00:00
2026-07-17T08:49:03+00:00,-50.10,-55.26,-66.04,-60.56,-66.24,-46.21,-47.58,-62.10,-54.38,-44.71,-55.30,-59.20,-61.27,-55.86,-56.98,-48.19,-56.32,2026-07-17 08:49:03+00:00
2026-07-17T08:50:03+00:00,-50.09,-55.03,-65.70,-60.65,-66.42,-46.21,-47.88,-61.80,-54.57,-44.90,-55.31,-59.50,-57.82,-55.84,-56.89,-48.50,-58.22,2026-07-17 08:50:03+00:00
2026-07-17T08:51:04+00:00,-49.43,-55.26,-65.49,-60.87,-65.92,-46.15,-47.99,-61.95,-54.57,-44.80,-55.37,-59.26,-56.36,-55.63,-57.57,-48.78,-57.60,2026-07-17 08:51:04+00:00
2026-07-17T08:52:04+00:00,-50.70,-54.93,-66.31,-61.55,-66.49,-46.15,-47.74,-62.01,-54.52,-44.84,-55.29,-60.24,-56.44,-56.28,-56.65,-48.94,-58.06,2026-07-17 08:52:04+00:00
2026-07-17T08:53:03+00:00,-50.78,-55.33,-65.78,-61.31,-66.89,-46.21,-47.71,-62.15,-52.89,-44.94,-55.38,-58.84,-56.15,-56.46,-57.00,-49.19,-56.48,2026-07-17 08:53:03+00:00
2026-07-17T08:54:03+00:00,-50.78,-55.26,-66.10,-61.37,-65.90,-46.24,-48.17,-62.10,-52.55,-45.08,-55.40,-58.62,-56.24,-56.50,-56.85,-49.09,-58.31,2026-07-17 08:54:03+00:00
2026-07-17T08:55:04+00:00,-49.36,-55.32,-66.57,-61.87,-65.82,-46.25,-48.30,-62.30,-52.37,-45.00,-55.41,-58.27,-56.44,-56.86,-55.93,-49.68,-58.57,2026-07-17 08:55:04+00:00
2026-07-17T08:56:04+00:00,-51.54,-54.47,-66.60,-61.64,-66.27,-45.58,-48.27,-61.99,-52.44,-44.97,-55.24,-57.22,-55.85,-56.65,-55.72,-49.12,-58.44,2026-07-17 08:56:04+00:00
2026-07-17T08:57:04+00:00,-51.12,-54.51,-66.39,-61.60,-66.02,-46.26,-48.07,-61.60,-52.39,-44.92,-55.23,-57.25,-56.21,-56.41,-55.88,-49.58,-58.20,2026-07-17 08:57:04+00:00
2026-07-17T08:58:04+00:00,-50.63,-55.50,-66.34,-61.53,-67.03,-46.16,-47.87,-60.81,-52.37,-44.91,-55.11,-55.81,-55.76,-56.51,-55.49,-49.60,-58.26,2026-07-17 08:58:04+00:00
2026-07-17T08:59:03+00:00,-51.06,-54.37,-66.18,-61.43,-66.80,-46.24,-47.92,-61.21,-52.36,-44.86,-55.04,-55.72,-55.77,-56.77,-54.89,-49.61,-57.91,2026-07-17 08:59:03+00:00
2026-07-17T09:00:03+00:00,-50.74,-55.77,-66.25,-61.20,-66.70,-46.02,-48.39,-61.84,-52.40,-45.19,-52.07,-59.36,-56.38,-56.28,-56.68,-49.82,-54.66,2026-07-17 09:00:03+00:00
2026-07-17T09:01:03+00:00,-48.94,-54.90,-66.66,-61.46,-66.23,-45.21,-48.37,-62.24,-51.96,-45.02,-55.13,-61.31,-56.32,-56.34,-56.83,-49.46,-58.27,2026-07-17 09:01:03+00:00
2026-07-17T09:02:03+00:00,-50.93,-55.62,-66.37,-61.55,-64.89,-45.43,-48.25,-62.08,-52.20,-45.28,-54.99,-61.30,-56.22,-56.14,-56.93,-49.58,-56.54,2026-07-17 09:02:03+00:00
2026-07-17T09:03:04+00:00,-50.87,-55.76,-66.68,-61.52,-66.00,-45.42,-48.29,-62.25,-52.11,-45.16,-54.96,-61.25,-56.13,-56.06,-56.70,-49.63,-58.02,2026-07-17 09:03:04+00:00
2026-07-17T09:04:03+00:00,-50.89,-55.59,-66.98,-61.47,-65.96,-45.32,-48.23,-62.03,-52.20,-45.10,-54.69,-61.35,-56.10,-55.91,-56.43,-49.91,-57.98,2026-07-17 09:04:03+00:00
2026-07-17T09:05:03+00:00,-50.77,-55.03,-65.95,-61.16,-66.20,-46.18,-47.89,-62.10,-52.06,-44.97,-54.57,-60.96,-59.78,-55.78,-56.09,-49.90,-58.10,2026-07-17 09:05:03+00:00
2026-07-17T09:06:03+00:00,-51.00,-54.77,-66.77,-61.43,-66.10,-45.48,-48.19,-61.56,-52.10,-45.00,-54.63,-61.04,-56.44,-55.40,-56.09,-49.96,-57.94,2026-07-17 09:06:03+00:00
2026-07-17T09:07:04+00:00,-50.63,-55.12,-66.81,-61.31,-65.83,-45.17,-47.92,-61.67,-52.17,-45.13,-54.51,-61.15,-58.95,-55.46,-56.62,-50.10,-57.73,2026-07-17 09:07:04+00:00
2026-07-17T09:08:04+00:00,-49.86,-55.24,-66.88,-61.56,-66.07,-45.28,-48.08,-62.16,-53.80,-45.02,-54.66,-61.12,-56.86,-55.46,-56.53,-49.99,-57.51,2026-07-17 09:08:04+00:00
2026-07-17T09:09:04+00:00,-49.18,-54.61,-66.53,-61.57,-65.99,-45.19,-47.73,-62.31,-53.97,-44.97,-54.69,-61.39,-55.88,-55.67,-56.33,-53.76,-57.44,2026-07-17 09:09:04+00:00
2026-07-17T09:10:03+00:00,-47.93,-55.17,-66.39,-61.60,-66.05,-45.27,-48.01,-62.16,-53.92,-44.99,-54.58,-61.32,-56.02,-55.80,-56.70,-50.30,-57.52,2026-07-17 09:10:03+00:00
2026-07-17T09:11:03+00:00,-47.87,-55.14,-66.68,-61.59,-66.24,-46.18,-48.18,-61.97,-53.84,-45.14,-54.59,-59.08,-56.11,-55.88,-56.88,-50.16,-58.05,2026-07-17 09:11:03+00:00
2026-07-17T09:12:04+00:00,-49.16,-55.22,-66.05,-61.56,-65.85,-46.22,-48.15,-61.76,-53.76,-44.75,-49.67,-57.48,-56.05,-55.85,-55.95,-50.04,-54.82,2026-07-17 09:12:04+00:00
2026-07-17T09:13:04+00:00,-49.24,-55.69,-65.45,-61.19,-67.07,-46.15,-48.19,-61.82,-54.25,-45.03,-54.44,-57.59,-56.05,-56.00,-55.46,-50.12,-58.26,2026-07-17 09:13:04+00:00
2026-07-17T09:14:03+00:00,-49.68,-54.96,-64.92,-61.23,-66.09,-46.09,-48.16,-61.92,-54.02,-45.05,-54.30,-57.02,-55.90,-56.20,-55.43,-50.26,-58.40,2026-07-17 09:14:03+00:00
2026-07-17T09:15:03+00:00,-48.83,-55.91,-64.46,-61.30,-66.51,-46.21,-48.42,-62.07,-53.94,-44.89,-54.42,-56.91,-55.66,-56.38,-55.55,-49.96,-58.61,2026-07-17 09:15:03+00:00
2026-07-17T09:16:04+00:00,-49.02,-54.24,-64.46,-61.46,-66.24,-46.21,-48.45,-61.61,-54.51,-45.07,-54.43,-57.29,-55.79,-56.04,-55.79,-50.12,-58.57,2026-07-17 09:16:04+00:00
2026-07-17T09:17:04+00:00,-49.30,-55.83,-64.60,-61.17,-66.59,-46.13,-48.04,-61.43,-54.55,-44.91,-52.59,-55.47,-55.62,-56.11,-55.68,-50.18,-57.75,2026-07-17 09:17:04+00:00
2026-07-17T09:18:03+00:00,-49.75,-56.03,-64.34,-60.91,-66.71,-46.09,-48.40,-61.69,-54.35,-44.91,-54.16,-54.12,-55.61,-56.16,-56.52,-50.15,-57.90,2026-07-17 09:18:03+00:00
2026-07-17T09:19:04+00:00,-48.54,-56.95,-64.43,-61.32,-66.13,-46.13,-48.06,-62.33,-51.28,-44.94,-54.19,-53.63,-55.54,-56.06,-56.87,-50.11,-58.18,2026-07-17 09:19:04+00:00
2026-07-17T09:20:04+00:00,-48.04,-56.59,-64.06,-61.20,-66.22,-46.15,-48.24,-62.32,-51.26,-44.99,-54.16,-53.48,-55.56,-55.76,-56.83,-50.39,-58.01,2026-07-17 09:20:04+00:00
2026-07-17T09:21:04+00:00,-48.79,-55.58,-64.28,-61.46,-66.42,-46.08,-48.05,-61.75,-51.15,-45.01,-53.90,-53.64,-55.46,-55.91,-56.59,-50.26,-57.69,2026-07-17 09:21:04+00:00
2026-07-17T09:22:03+00:00,-49.44,-55.55,-64.16,-61.05,-65.29,-46.09,-48.01,-61.56,-51.13,-44.81,-54.00,-53.49,-55.62,-55.79,-56.70,-50.42,-57.55,2026-07-17 09:22:03+00:00
2026-07-17T09:23:04+00:00,-49.99,-55.60,-64.44,-61.47,-67.01,-46.13,-47.99,-61.53,-51.42,-44.97,-54.09,-56.30,-55.76,-56.07,-55.01,-50.57,-56.71,2026-07-17 09:23:04+00:00
2026-07-17T09:24:04+00:00,-49.95,-55.83,-63.60,-61.55,-66.11,-46.09,-47.81,-61.52,-51.27,-45.09,-54.19,-55.01,-55.87,-56.31,-55.86,-50.62,-58.01,2026-07-17 09:24:04+00:00
2026-07-17T09:25:03+00:00,-50.02,-55.47,-63.53,-61.40,-65.55,-46.05,-48.22,-61.57,-51.26,-43.05,-48.33,-57.61,-58.27,-56.32,-55.96,-50.84,-57.39,2026-07-17 09:25:03+00:00
2026-07-17T09:26:03+00:00,-48.25,-55.80,-63.55,-61.09,-66.59,-46.05,-47.76,-61.54,-51.19,-43.12,-48.93,-56.54,-56.05,-56.20,-56.08,-50.60,-56.75,2026-07-17 09:26:03+00:00
2026-07-17T09:27:03+00:00,-48.49,-56.00,-63.23,-61.68,-66.81,-46.05,-47.81,-62.07,-51.20,-43.73,-50.25,-57.47,-55.92,-56.25,-56.10,-50.94,-57.50,2026-07-17 09:27:03+00:00
2026-07-17T09:28:04+00:00,-48.27,-56.27,-63.25,-60.74,-66.50,-49.80,-48.35,-63.11,-51.31,-43.91,-50.56,-55.96,-54.74,-56.31,-56.91,-51.14,-57.76,2026-07-17 09:28:04+00:00
2026-07-17T09:29:04+00:00,-48.70,-56.69,-62.52,-60.98,-66.78,-50.21,-48.16,-63.11,-51.30,-44.61,-52.61,-55.98,-54.89,-56.20,-56.94,-51.21,-58.07,2026-07-17 09:29:04+00:00
2026-07-17T09:30:03+00:00,-48.89,-57.03,-62.32,-60.41,-66.40,-50.16,-48.16,-63.10,-50.96,-44.48,-52.51,-61.53,-52.35,-56.21,-57.04,-51.18,-57.84,2026-07-17 09:30:03+00:00
2026-07-17T09:31:04+00:00,-49.12,-57.28,-62.29,-61.11,-65.88,-50.15,-48.16,-62.52,-51.03,-44.72,-53.79,-62.93,-52.38,-56.32,-57.00,-51.22,-57.91,2026-07-17 09:31:04+00:00
2026-07-17T09:32:03+00:00,-48.80,-56.43,-62.52,-60.69,-66.55,-50.24,-48.31,-63.27,-54.26,-44.73,-53.70,-60.14,-53.19,-56.22,-56.85,-51.07,-57.75,2026-07-17 09:32:03+00:00
2026-07-17T09:33:03+00:00,-49.48,-56.75,-62.07,-61.09,-66.22,-50.17,-48.29,-62.55,-54.48,-44.64,-53.76,-54.35,-55.40,-56.52,-56.92,-51.06,-58.05,2026-07-17 09:33:03+00:00
2026-07-17T09:34:04+00:00,-47.94,-56.44,-62.38,-61.20,-66.97,-50.16,-48.19,-62.50,-54.70,-44.60,-53.73,-53.55,-55.72,-56.43,-56.79,-51.18,-58.05,2026-07-17 09:34:04+00:00
2026-07-17T09:35:03+00:00,-48.47,-56.37,-62.72,-61.11,-66.15,-50.16,-48.08,-62.14,-54.81,-44.78,-53.71,-53.27,-55.50,-56.66,-56.51,-51.19,-57.78,2026-07-17 09:35:03+00:00
2026-07-17T09:36:03+00:00,-48.13,-56.41,-62.36,-61.01,-66.67,-50.10,-48.17,-61.99,-54.42,-44.67,-53.85,-54.59,-55.39,-56.79,-55.47,-51.27,-58.02,2026-07-17 09:36:03+00:00
2026-07-17T09:37:03+00:00,-48.69,-56.29,-62.71,-61.28,-65.90,-50.10,-48.31,-62.33,-54.36,-44.63,-53.70,-55.29,-55.31,-56.76,-56.15,-51.57,-57.92,2026-07-17 09:37:03+00:00
2026-07-17T09:38:04+00:00,-48.06,-56.41,-62.05,-60.95,-66.38,-50.14,-48.16,-62.61,-52.96,-44.53,-53.64,-58.79,-55.39,-56.97,-56.65,-51.50,-57.74,2026-07-17 09:38:04+00:00
2026-07-17T09:39:04+00:00,-48.96,-56.43,-64.34,-61.22,-65.67,-50.11,-47.99,-61.57,-52.92,-44.65,-53.58,-58.18,-55.44,-56.91,-56.46,-51.82,-57.54,2026-07-17 09:39:04+00:00
2026-07-17T09:40:03+00:00,-47.98,-56.10,-62.84,-61.60,-66.47,-49.12,-48.22,-61.69,-52.91,-44.73,-53.56,-55.90,-55.28,-57.02,-56.28,-51.93,-57.26,2026-07-17 09:40:03+00:00
2026-07-17T09:41:03+00:00,-48.87,-56.64,-62.30,-61.73,-65.70,-48.03,-48.06,-61.91,-52.61,-44.78,-53.16,-55.86,-55.45,-57.25,-56.30,-52.36,-57.59,2026-07-17 09:41:03+00:00
2026-07-17T09:42:04+00:00,-49.69,-56.60,-62.11,-61.22,-66.41,-47.97,-47.66,-61.95,-52.61,-44.65,-53.57,-57.72,-55.58,-56.92,-56.30,-52.37,-57.86,2026-07-17 09:42:04+00:00
2026-07-17T09:43:04+00:00,-48.31,-56.81,-62.10,-61.57,-66.03,-48.08,-47.83,-62.13,-51.55,-44.54,-53.42,-53.45,-55.38,-56.95,-56.46,-52.23,-57.49,2026-07-17 09:43:04+00:00
2026-07-17T09:44:03+00:00,-48.02,-56.70,-62.29,-61.23,-66.01,-47.96,-48.09,-62.52,-51.39,-44.68,-53.62,-57.86,-54.27,-56.64,-56.64,-52.28,-57.51,2026-07-17 09:44:03+00:00
2026-07-17T09:45:03+00:00,-47.81,-57.05,-62.46,-60.81,-66.80,-48.25,-48.36,-62.73,-51.49,-44.76,-53.51,-57.81,-54.23,-56.42,-56.53,-52.62,-57.29,2026-07-17 09:45:03+00:00
2026-07-17T09:46:04+00:00,-47.27,-56.81,-62.35,-61.10,-65.37,-47.87,-48.13,-62.52,-51.16,-44.60,-53.57,-57.83,-54.42,-56.59,-56.72,-52.55,-57.31,2026-07-17 09:46:04+00:00
2026-07-17T09:47:04+00:00,-47.42,-56.86,-61.88,-60.80,-66.11,-48.15,-48.00,-62.51,-51.04,-44.50,-53.65,-60.25,-52.13,-56.54,-56.69,-52.35,-53.24,2026-07-17 09:47:04+00:00
2026-07-17T09:48:03+00:00,-46.90,-56.83,-62.15,-61.04,-65.48,-48.08,-48.16,-62.64,-50.96,-44.50,-53.46,-57.29,-52.51,-56.64,-56.51,-51.98,-53.70,2026-07-17 09:48:03+00:00
2026-07-17T09:49:03+00:00,-48.09,-56.64,-62.56,-60.85,-65.82,-47.58,-47.95,-62.60,-50.85,-44.56,-52.73,-57.60,-52.02,-56.48,-56.88,-52.44,-56.16,2026-07-17 09:49:03+00:00
2026-07-17T09:50:03+00:00,-48.05,-56.46,-62.31,-60.84,-66.56,-47.57,-48.00,-62.76,-50.82,-44.35,-53.38,-57.38,-51.93,-56.24,-56.41,-52.25,-57.28,2026-07-17 09:50:03+00:00
2026-07-17T09:51:04+00:00,-48.70,-57.21,-62.33,-60.73,-64.97,-45.17,-48.00,-62.17,-50.70,-44.69,-53.45,-57.29,-51.74,-56.54,-56.57,-52.03,-57.60,2026-07-17 09:51:04+00:00
2026-07-17T09:52:04+00:00,-49.03,-57.27,-62.17,-60.52,-64.69,-45.20,-48.17,-62.22,-50.98,-44.48,-53.34,-57.32,-52.05,-55.95,-56.83,-51.95,-57.95,2026-07-17 09:52:04+00:00
2026-07-17T09:53:03+00:00,-47.37,-57.21,-61.89,-60.62,-65.79,-44.80,-48.22,-62.25,-52.07,-44.61,-53.48,-57.25,-52.16,-55.76,-56.34,-52.15,-57.34,2026-07-17 09:53:03+00:00
2026-07-17T09:54:04+00:00,-47.71,-57.21,-62.29,-60.16,-65.97,-45.00,-47.76,-62.37,-52.20,-44.57,-53.49,-57.14,-52.48,-55.92,-56.71,-51.89,-57.49,2026-07-17 09:54:04+00:00
2026-07-17T09:55:04+00:00,-49.18,-57.52,-63.60,-61.14,-66.19,-44.80,-47.99,-61.94,-52.13,-44.20,-53.27,-52.35,-55.55,-55.50,-56.29,-51.92,-57.54,2026-07-17 09:55:04+00:00
2026-07-17T09:56:03+00:00,-49.12,-57.50,-62.16,-61.41,-65.78,-44.97,-47.74,-61.85,-52.08,-44.52,-53.30,-55.20,-55.52,-55.38,-55.40,-51.61,-57.28,2026-07-17 09:56:03+00:00
2026-07-17T09:57:03+00:00,-49.49,-57.34,-62.35,-61.26,-66.17,-45.03,-47.71,-62.37,-52.29,-44.51,-53.66,-57.49,-55.99,-55.54,-56.10,-51.65,-57.20,2026-07-17 09:57:03+00:00
2026-07-17T09:58:04+00:00,-48.05,-57.17,-62.66,-61.05,-66.14,-45.05,-47.76,-62.27,-52.24,-44.75,-53.25,-57.70,-56.09,-55.28,-56.23,-51.28,-57.66,2026-07-17 09:58:04+00:00
2026-07-17T09:59:04+00:00,-49.44,-57.25,-62.52,-61.26,-65.64,-44.99,-47.34,-62.59,-52.26,-44.67,-53.52,-57.49,-56.14,-55.05,-56.24,-51.60,-57.57,2026-07-17 09:59:04+00:00
2026-07-17T10:00:04+00:00,-48.72,-57.78,-61.85,-61.57,-66.44,-45.18,-47.73,-62.23,-52.26,-44.78,-53.82,-57.47,-56.15,-54.95,-56.40,-51.49,-57.26,2026-07-17 10:00:04+00:00
2026-07-17T10:01:04+00:00,-49.52,-57.58,-62.50,-61.62,-66.05,-44.97,-47.72,-62.70,-52.61,-44.74,-53.86,-57.53,-56.19,-54.76,-55.93,-51.60,-57.36,2026-07-17 10:01:04+00:00
2026-07-17T10:02:03+00:00,-48.78,-56.84,-62.21,-61.28,-66.81,-44.92,-47.82,-62.68,-52.66,-44.58,-53.72,-57.27,-56.10,-54.80,-55.80,-51.41,-57.53,2026-07-17 10:02:03+00:00
2026-07-17T10:03:03+00:00,-47.52,-57.63,-62.21,-61.24,-66.77,-44.97,-47.70,-62.84,-52.49,-44.59,-53.55,-57.02,-56.06,-54.57,-56.12,-51.21,-57.35,2026-07-17 10:03:03+00:00
2026-07-17T10:04:04+00:00,-48.03,-57.21,-62.22,-61.24,-65.94,-45.08,-47.66,-62.04,-52.54,-44.87,-53.71,-54.75,-55.77,-54.33,-55.20,-51.51,-57.49,2026-07-17 10:04:04+00:00
2026-07-17T10:05:04+00:00,-48.02,-57.44,-62.68,-61.22,-65.73,-45.13,-47.78,-62.57,-52.52,-44.70,-53.68,-52.81,-55.46,-53.99,-55.99,-51.81,-57.48,2026-07-17 10:05:04+00:00
2026-07-17T10:06:04+00:00,-48.07,-57.46,-63.33,-61.14,-65.93,-45.21,-47.69,-62.64,-52.58,-44.93,-53.71,-52.68,-55.51,-53.74,-55.75,-51.63,-57.17,2026-07-17 10:06:04+00:00
2026-07-17T10:07:04+00:00,-48.47,-56.77,-62.71,-60.93,-64.89,-45.20,-47.97,-63.15,-52.61,-44.75,-53.90,-55.15,-54.47,-53.67,-55.91,-52.31,-57.37,2026-07-17 10:07:04+00:00
2026-07-17T10:08:03+00:00,-48.30,-56.50,-62.45,-61.13,-65.89,-44.98,-47.44,-62.49,-52.57,-45.20,-54.98,-54.53,-55.01,-53.52,-56.36,-52.29,-57.90,2026-07-17 10:08:03+00:00
2026-07-17T10:09:04+00:00,-48.23,-56.71,-62.20,-60.90,-66.51,-45.07,-47.68,-62.39,-52.47,-45.12,-54.77,-54.55,-54.85,-53.23,-55.87,-52.45,-57.25,2026-07-17 10:09:04+00:00
2026-07-17T10:10:03+00:00,-47.64,-56.21,-62.55,-61.61,-67.05,-45.26,-47.49,-62.58,-52.58,-45.17,-54.60,-54.71,-54.93,-53.25,-56.28,-52.55,-56.94,2026-07-17 10:10:03+00:00
2026-07-17T10:11:04+00:00,-47.64,-56.26,-61.75,-61.43,-66.64,-45.25,-47.57,-62.00,-52.34,-45.32,-53.86,-54.37,-54.95,-53.14,-56.01,-52.59,-56.30,2026-07-17 10:11:04+00:00
2026-07-17T10:12:03+00:00,-49.50,-57.18,-63.16,-60.70,-66.28,-45.27,-47.90,-62.09,-52.35,-45.21,-54.51,-57.76,-54.95,-53.30,-56.14,-53.18,-56.90,2026-07-17 10:12:03+00:00
2026-07-17T10:13:03+00:00,-48.86,-56.07,-63.18,-60.42,-66.16,-45.29,-47.76,-62.09,-52.69,-45.10,-54.60,-57.68,-55.49,-53.11,-55.83,-52.77,-56.86,2026-07-17 10:13:03+00:00
2026-07-17T10:14:04+00:00,-47.66,-56.56,-55.83,-60.69,-66.46,-45.43,-46.65,-54.54,-52.55,-44.85,-54.45,-57.27,-55.96,-53.03,-55.91,-52.87,-57.24,2026-07-17 10:14:04+00:00
2026-07-17T10:15:04+00:00,-48.76,-56.61,-62.66,-60.91,-66.82,-45.11,-47.21,-62.00,-52.73,-44.93,-54.45,-57.94,-56.21,-52.93,-55.52,-52.62,-56.88,2026-07-17 10:15:04+00:00
2026-07-17T10:16:03+00:00,-48.82,-56.36,-54.10,-61.35,-65.87,-45.37,-47.03,-58.17,-52.95,-45.01,-54.75,-57.40,-56.39,-53.11,-56.11,-52.76,-57.13,2026-07-17 10:16:03+00:00
2026-07-17T10:17:04+00:00,-48.52,-56.06,-62.59,-61.06,-65.63,-45.36,-47.58,-62.43,-52.30,-45.11,-54.60,-57.76,-55.99,-52.96,-56.17,-52.58,-57.15,2026-07-17 10:17:04+00:00
2026-07-17T10:18:04+00:00,-49.27,-56.75,-63.12,-60.70,-66.12,-45.45,-47.49,-62.17,-52.17,-45.14,-54.51,-57.93,-56.12,-53.09,-56.35,-52.40,-56.89,2026-07-17 10:18:04+00:00
2026-07-17T10:19:03+00:00,-49.27,-56.64,-63.13,-60.75,-65.78,-45.41,-47.33,-62.45,-53.12,-45.11,-54.38,-57.88,-55.99,-53.07,-56.14,-52.56,-57.14,2026-07-17 10:19:03+00:00
2026-07-17T10:20:03+00:00,-49.32,-57.03,-62.93,-60.37,-65.80,-45.22,-47.28,-62.09,-53.60,-44.95,-54.09,-57.94,-56.14,-52.87,-55.94,-52.35,-57.08,2026-07-17 10:20:03+00:00
2026-07-17T10:21:04+00:00,-47.81,-57.07,-62.99,-61.22,-66.31,-45.33,-47.79,-62.30,-53.34,-45.05,-54.21,-57.87,-56.21,-52.97,-55.03,-52.13,-56.76,2026-07-17 10:21:04+00:00
2026-07-17T10:22:04+00:00,-48.14,-56.67,-63.19,-61.29,-66.50,-45.15,-47.60,-62.20,-53.36,-45.14,-54.24,-58.01,-56.21,-53.03,-56.16,-52.24,-56.88,2026-07-17 10:22:04+00:00
2026-07-17T10:23:03+00:00,-49.15,-56.59,-62.62,-61.19,-66.12,-45.11,-47.43,-62.12,-52.22,-45.23,-54.26,-58.00,-56.36,-53.18,-55.85,-52.39,-57.40,2026-07-17 10:23:03+00:00
2026-07-17T10:24:03+00:00,-49.33,-56.25,-63.21,-60.64,-65.12,-45.27,-47.70,-62.39,-52.33,-45.11,-54.11,-57.69,-56.09,-53.17,-55.84,-51.97,-57.43,2026-07-17 10:24:03+00:00
2026-07-17T10:25:04+00:00,-49.47,-56.72,-62.78,-60.89,-65.99,-45.45,-48.01,-61.91,-52.33,-45.11,-53.97,-57.81,-55.11,-53.17,-56.18,-52.43,-57.68,2026-07-17 10:25:04+00:00
2026-07-17T10:26:04+00:00,-48.99,-57.24,-62.69,-60.39,-66.00,-45.19,-47.79,-62.49,-52.02,-45.08,-53.91,-57.41,-52.46,-53.25,-56.40,-52.25,-57.71,2026-07-17 10:26:04+00:00
2026-07-17T10:27:03+00:00,-48.23,-57.38,-63.36,-60.85,-66.42,-45.30,-47.88,-62.49,-52.14,-45.15,-53.74,-55.21,-54.40,-53.19,-56.42,-52.06,-58.30,2026-07-17 10:27:03+00:00
2026-07-17T10:28:04+00:00,-48.41,-56.91,-63.07,-61.09,-66.96,-45.31,-48.06,-61.45,-52.37,-44.96,-53.76,-54.41,-55.40,-53.01,-55.58,-52.58,-58.19,2026-07-17 10:28:04+00:00
2026-07-17T10:29:04+00:00,-48.27,-56.48,-63.71,-61.28,-65.97,-46.63,-47.60,-62.78,-52.39,-44.90,-53.53,-54.63,-55.89,-53.23,-55.28,-52.23,-57.13,2026-07-17 10:29:04+00:00
2026-07-17T10:30:03+00:00,-47.36,-57.67,-63.52,-61.21,-65.57,-46.68,-47.71,-62.17,-52.22,-45.15,-53.85,-55.43,-55.85,-53.04,-55.83,-52.31,-58.09,2026-07-17 10:30:03+00:00
2026-07-17T10:31:04+00:00,-46.83,-56.62,-63.59,-61.44,-66.64,-46.77,-47.77,-61.78,-51.62,-45.04,-53.77,-53.71,-56.05,-52.92,-54.77,-52.06,-53.99,2026-07-17 10:31:04+00:00
2026-07-17T10:32:03+00:00,-48.18,-57.36,-64.02,-61.71,-66.16,-46.57,-47.80,-62.18,-51.74,-44.96,-53.55,-53.88,-55.75,-52.81,-55.27,-52.07,-54.29,2026-07-17 10:32:03+00:00
2026-07-17T10:33:03+00:00,-47.69,-56.84,-63.21,-61.30,-65.82,-46.65,-47.56,-62.66,-52.04,-44.91,-53.89,-57.64,-53.96,-52.83,-55.68,-51.95,-54.36,2026-07-17 10:33:03+00:00
2026-07-17T10:34:04+00:00,-47.62,-56.89,-63.36,-60.80,-66.03,-46.77,-48.06,-62.76,-51.65,-44.93,-53.74,-57.76,-55.27,-52.60,-56.15,-51.78,-53.07,2026-07-17 10:34:04+00:00
2026-07-17T10:35:04+00:00,-47.63,-56.52,-63.74,-60.43,-66.32,-46.89,-47.58,-62.81,-51.66,-44.89,-53.78,-57.98,-55.35,-52.50,-56.28,-51.83,-53.21,2026-07-17 10:35:04+00:00
2026-07-17T10:36:03+00:00,-47.80,-56.65,-63.78,-60.45,-66.13,-46.70,-47.81,-62.65,-51.81,-44.70,-53.72,-57.99,-56.05,-52.46,-56.28,-51.56,-53.80,2026-07-17 10:36:03+00:00
2026-07-17T10:37:04+00:00,-47.14,-56.59,-64.03,-60.95,-65.98,-46.62,-47.98,-62.71,-52.21,-44.73,-53.75,-58.11,-56.17,-52.31,-56.34,-51.65,-53.92,2026-07-17 10:37:04+00:00
2026-07-17T10:38:04+00:00,-46.93,-57.60,-64.14,-61.66,-66.17,-46.31,-47.59,-62.91,-53.05,-44.66,-53.54,-58.22,-56.46,-52.17,-56.26,-51.63,-51.87,2026-07-17 10:38:04+00:00
2026-07-17T10:39:03+00:00,-47.80,-56.40,-64.23,-61.26,-65.87,-46.33,-47.82,-62.60,-53.67,-44.67,-53.41,-58.05,-56.26,-52.29,-56.30,-51.25,-54.21,2026-07-17 10:39:03+00:00
2026-07-17T10:40:04+00:00,-47.76,-57.38,-63.79,-60.81,-66.92,-46.59,-47.96,-62.66,-53.47,-44.67,-53.30,-58.05,-53.42,-51.95,-56.26,-51.48,-53.25,2026-07-17 10:40:04+00:00
2026-07-17T10:41:04+00:00,-47.33,-57.27,-63.79,-60.42,-65.99,-46.27,-47.65,-62.35,-53.23,-44.62,-52.70,-57.52,-52.07,-52.26,-56.39,-51.61,-53.31,2026-07-17 10:41:04+00:00
2026-07-17T10:42:03+00:00,-47.48,-56.97,-64.39,-60.07,-66.47,-46.38,-47.86,-62.62,-52.50,-44.33,-53.14,-57.40,-52.36,-52.16,-56.11,-51.59,-53.42,2026-07-17 10:42:03+00:00
2026-07-17T10:43:03+00:00,-49.16,-55.61,-64.13,-60.92,-66.26,-46.53,-47.95,-62.23,-53.07,-44.31,-52.99,-57.34,-52.25,-52.10,-56.14,-51.59,-53.62,2026-07-17 10:43:03+00:00
2026-07-17T10:44:04+00:00,-49.25,-55.72,-62.93,-60.96,-65.65,-46.52,-48.06,-62.20,-52.52,-44.57,-53.06,-57.60,-52.30,-52.14,-56.14,-51.78,-53.41,2026-07-17 10:44:04+00:00
2026-07-17T10:45:04+00:00,-49.05,-56.63,-63.83,-61.23,-66.00,-46.57,-48.00,-62.39,-52.97,-44.70,-52.71,-57.63,-52.59,-52.05,-56.33,-51.65,-54.05,2026-07-17 10:45:04+00:00
2026-07-17T10:46:03+00:00,-48.68,-56.29,-64.06,-60.93,-65.68,-46.42,-47.82,-62.09,-52.75,-44.82,-52.91,-57.26,-52.57,-52.15,-56.37,-51.26,-53.56,2026-07-17 10:46:03+00:00
2026-07-17T10:47:03+00:00,-48.61,-56.00,-64.02,-61.07,-65.81,-46.45,-47.55,-62.29,-53.39,-44.78,-52.86,-58.07,-54.92,-52.21,-56.15,-51.45,-54.17,2026-07-17 10:47:03+00:00
2026-07-17T10:48:04+00:00,-48.99,-56.37,-64.30,-61.10,-66.24,-46.41,-47.76,-62.50,-52.88,-44.73,-53.00,-58.26,-54.77,-52.24,-56.38,-51.73,-53.54,2026-07-17 10:48:04+00:00
2026-07-17T10:49:04+00:00,-48.57,-56.59,-64.61,-60.54,-66.48,-46.40,-48.12,-62.14,-53.24,-44.79,-52.94,-58.24,-55.23,-52.08,-56.30,-51.84,-53.53,2026-07-17 10:49:04+00:00
2026-07-17T10:50:04+00:00,-49.29,-56.50,-64.95,-61.31,-65.91,-46.28,-47.79,-62.20,-53.11,-44.73,-52.91,-58.38,-56.31,-52.01,-56.44,-51.78,-53.48,2026-07-17 10:50:04+00:00
2026-07-17T10:51:03+00:00,-48.39,-56.16,-65.04,-61.42,-66.66,-46.57,-47.69,-62.31,-53.03,-44.66,-53.10,-58.23,-56.31,-52.08,-56.32,-52.20,-54.22,2026-07-17 10:51:03+00:00
2026-07-17T10:52:03+00:00,-49.13,-56.30,-64.85,-61.33,-66.41,-46.50,-47.80,-62.32,-53.46,-44.75,-52.75,-58.19,-56.02,-51.92,-56.35,-52.03,-53.58,2026-07-17 10:52:03+00:00
2026-07-17T10:53:04+00:00,-48.88,-56.06,-65.04,-61.38,-65.85,-46.48,-47.72,-62.24,-53.02,-44.82,-52.84,-58.31,-56.61,-51.85,-56.54,-52.06,-53.58,2026-07-17 10:53:04+00:00
2026-07-17T10:54:04+00:00,-49.08,-56.19,-65.02,-61.42,-66.74,-46.30,-47.90,-61.54,-53.03,-44.71,-52.59,-58.26,-56.46,-51.68,-56.34,-51.92,-54.20,2026-07-17 10:54:04+00:00
2026-07-17T10:55:04+00:00,-49.17,-55.53,-64.54,-61.27,-66.21,-46.54,-47.94,-62.15,-53.34,-44.64,-43.42,-58.19,-56.44,-51.59,-56.35,-52.01,-52.06,2026-07-17 10:55:04+00:00
2026-07-17T10:56:04+00:00,-48.24,-55.09,-64.44,-60.86,-65.81,-46.47,-48.24,-62.14,-53.18,-44.79,-52.86,-58.29,-56.46,-51.64,-56.36,-52.01,-52.84,2026-07-17 10:56:04+00:00
2026-07-17T10:57:04+00:00,-48.50,-57.07,-64.88,-61.28,-66.65,-46.49,-47.93,-62.45,-53.24,-44.74,-52.76,-58.32,-56.32,-51.52,-56.31,-51.64,-53.57,2026-07-17 10:57:04+00:00
2026-07-17T10:58:04+00:00,-48.45,-56.55,-64.19,-61.19,-66.34,-46.59,-47.89,-61.64,-53.67,-44.61,-52.65,-58.14,-56.38,-51.45,-55.78,-51.86,-53.52,2026-07-17 10:58:04+00:00
2026-07-17T10:59:03+00:00,-48.60,-57.49,-64.38,-61.17,-66.13,-46.47,-47.92,-62.43,-53.05,-44.64,-52.59,-58.27,-56.51,-51.47,-55.89,-52.21,-54.37,2026-07-17 10:59:03+00:00
2026-07-17T11:00:03+00:00,-48.29,-57.32,-64.08,-61.15,-66.31,-46.61,-47.93,-62.63,-53.19,-44.79,-52.81,-58.37,-56.43,-51.68,-55.66,-51.65,-52.18,2026-07-17 11:00:03+00:00
2026-07-17T11:01:04+00:00,-47.82,-56.25,-64.17,-61.17,-65.80,-46.43,-47.52,-61.99,-53.22,-44.70,-52.98,-58.12,-56.55,-51.48,-55.63,-51.78,-54.52,2026-07-17 11:01:04+00:00
2026-07-17T11:02:03+00:00,-47.10,-56.32,-64.00,-61.70,-66.20,-46.48,-47.96,-62.33,-52.99,-44.63,-52.96,-58.25,-56.31,-51.55,-55.91,-51.57,-53.64,2026-07-17 11:02:03+00:00
2026-07-17T11:03:03+00:00,-46.80,-56.81,-65.17,-60.67,-66.27,-46.69,-48.06,-62.43,-53.00,-44.69,-52.86,-58.07,-56.52,-51.81,-55.38,-51.89,-53.84,2026-07-17 11:03:03+00:00
2026-07-17T11:04:04+00:00,-48.23,-56.21,-63.93,-61.37,-66.27,-46.64,-47.86,-61.38,-53.09,-44.88,-52.87,-58.34,-56.52,-51.71,-55.33,-51.93,-54.29,2026-07-17 11:04:04+00:00
2026-07-17T11:05:03+00:00,-46.83,-56.21,-64.97,-61.23,-65.61,-46.52,-47.79,-62.03,-52.86,-44.90,-52.89,-58.28,-56.35,-51.68,-55.64,-51.79,-54.36,2026-07-17 11:05:03+00:00
2026-07-17T11:06:04+00:00,-47.21,-55.83,-65.07,-61.18,-66.02,-46.57,-47.94,-62.04,-53.16,-45.00,-47.59,-58.02,-56.45,-52.00,-55.94,-51.68,-52.93,2026-07-17 11:06:04+00:00
2026-07-17T11:07:03+00:00,-48.18,-56.24,-64.84,-61.25,-65.32,-46.63,-47.67,-62.24,-52.54,-45.32,-52.43,-64.63,-56.67,-51.94,-55.45,-51.58,-54.13,2026-07-17 11:07:03+00:00
2026-07-17T11:08:04+00:00,-48.37,-55.80,-64.07,-61.63,-67.33,-46.82,-47.64,-62.06,-52.31,-44.96,-52.61,-64.90,-56.57,-52.08,-55.66,-52.01,-53.98,2026-07-17 11:08:04+00:00
2026-07-17T11:09:04+00:00,-48.34,-55.82,-63.82,-61.33,-66.18,-46.57,-47.75,-62.45,-52.30,-45.13,-52.70,-64.88,-56.76,-52.24,-55.61,-51.80,-53.02,2026-07-17 11:09:04+00:00
2026-07-17T11:10:03+00:00,-47.35,-56.02,-64.41,-61.50,-65.15,-50.99,-47.42,-62.54,-52.38,-45.20,-52.74,-65.38,-56.59,-52.17,-55.85,-52.26,-54.07,2026-07-17 11:10:03+00:00
2026-07-17T11:11:03+00:00,-46.47,-56.26,-64.11,-61.22,-65.92,-50.68,-47.67,-61.82,-52.02,-45.19,-52.56,-64.63,-56.64,-52.23,-55.82,-51.90,-53.41,2026-07-17 11:11:03+00:00
2026-07-17T11:12:04+00:00,-47.06,-56.22,-64.63,-60.84,-67.12,-50.73,-47.92,-62.08,-51.75,-43.04,-47.15,-64.55,-56.51,-52.13,-56.17,-52.02,-53.52,2026-07-17 11:12:04+00:00
2026-07-17T11:13:04+00:00,-46.92,-55.73,-64.16,-61.18,-65.95,-50.84,-47.45,-61.53,-52.18,-43.22,-47.55,-63.99,-56.54,-52.33,-55.73,-52.28,-54.17,2026-07-17 11:13:04+00:00
2026-07-17T11:14:03+00:00,-47.23,-56.28,-64.45,-61.11,-66.40,-50.76,-47.62,-61.73,-51.95,-43.86,-49.47,-63.87,-56.53,-52.57,-55.90,-52.13,-53.25,2026-07-17 11:14:03+00:00
2026-07-17T11:15:03+00:00,-47.02,-55.19,-64.40,-60.09,-66.00,-50.95,-47.70,-61.50,-51.69,-44.25,-51.25,-63.95,-56.58,-52.64,-55.74,-51.93,-53.29,2026-07-17 11:15:03+00:00
2026-07-17T11:16:04+00:00,-48.81,-55.16,-64.58,-60.46,-66.49,-50.77,-47.81,-60.89,-51.81,-44.48,-52.21,-63.97,-56.63,-52.84,-55.83,-52.18,-54.04,2026-07-17 11:16:04+00:00
2026-07-17T11:17:04+00:00,-47.52,-55.51,-64.97,-60.39,-66.76,-50.76,-47.70,-62.20,-51.79,-44.65,-52.30,-64.85,-56.28,-52.91,-55.48,-52.21,-53.30,2026-07-17 11:17:04+00:00
2026-07-17T11:18:03+00:00,-47.47,-56.16,-64.61,-60.72,-66.26,-50.96,-47.78,-62.36,-51.84,-44.53,-52.30,-64.52,-56.37,-52.64,-56.05,-52.34,-53.29,2026-07-17 11:18:03+00:00
2026-07-17T11:19:04+00:00,-48.72,-56.51,-64.18,-60.58,-65.66,-50.87,-47.78,-61.89,-51.95,-44.33,-51.97,-63.99,-56.39,-52.95,-55.90,-52.32,-54.01,2026-07-17 11:19:04+00:00
2026-07-17T11:20:04+00:00,-48.49,-56.27,-64.80,-60.53,-66.69,-50.60,-48.04,-62.07,-51.51,-44.34,-52.02,-64.76,-56.32,-53.03,-55.86,-52.18,-53.31,2026-07-17 11:20:04+00:00
2026-07-17T11:21:03+00:00,-48.28,-56.24,-64.53,-61.12,-65.56,-50.79,-47.61,-62.18,-51.85,-44.36,-52.24,-64.67,-56.20,-52.94,-56.07,-52.42,-54.01,2026-07-17 11:21:03+00:00
2026-07-17T11:22:03+00:00,-48.26,-55.97,-64.77,-59.94,-66.38,-50.81,-47.90,-62.37,-52.08,-44.32,-52.25,-64.75,-56.32,-53.08,-55.84,-52.19,-54.17,2026-07-17 11:22:03+00:00
2026-07-17T11:23:04+00:00,-48.73,-55.95,-64.91,-60.40,-65.71,-50.62,-47.75,-62.50,-52.52,-44.38,-52.19,-64.69,-56.58,-53.12,-55.93,-52.46,-54.01,2026-07-17 11:23:04+00:00
2026-07-17T11:24:04+00:00,-47.80,-56.41,-64.55,-59.94,-66.22,-50.79,-47.89,-62.22,-52.44,-44.55,-52.21,-64.69,-56.29,-53.17,-55.99,-52.39,-53.59,2026-07-17 11:24:04+00:00
2026-07-17T11:25:03+00:00,-48.22,-56.08,-65.07,-59.96,-66.59,-50.79,-47.77,-62.44,-52.48,-44.47,-52.32,-65.12,-56.36,-53.06,-56.34,-52.61,-53.99,2026-07-17 11:25:03+00:00
2026-07-17T11:26:03+00:00,-48.22,-56.13,-65.36,-60.70,-65.66,-50.79,-47.48,-62.31,-52.52,-44.37,-52.11,-66.27,-56.37,-52.92,-56.08,-52.39,-54.03,2026-07-17 11:26:03+00:00
2026-07-17T11:27:04+00:00,-42.60,-56.35,-65.19,-60.68,-65.92,-50.57,-47.63,-61.78,-52.51,-44.42,-52.09,-65.93,-56.30,-52.85,-55.81,-52.62,-53.73,2026-07-17 11:27:04+00:00
2026-07-17T11:28:04+00:00,-48.53,-56.29,-65.35,-61.13,-66.63,-50.72,-47.79,-61.88,-52.57,-44.48,-52.04,-65.78,-56.51,-52.65,-55.63,-52.85,-54.02,2026-07-17 11:28:04+00:00
2026-07-17T11:29:03+00:00,-47.11,-56.12,-65.26,-60.61,-66.88,-50.65,-48.02,-62.57,-52.55,-44.29,-52.21,-66.37,-56.37,-52.81,-55.64,-52.81,-53.27,2026-07-17 11:29:03+00:00
2026-07-17T11:30:03+00:00,-48.01,-56.17,-66.54,-61.34,-66.16,-50.72,-47.92,-61.64,-53.12,-44.41,-52.04,-66.62,-56.43,-52.87,-55.10,-53.00,-53.87,2026-07-17 11:30:03+00:00
2026-07-17T11:31:03+00:00,-48.24,-55.78,-66.89,-61.14,-66.24,-49.48,-48.14,-62.16,-52.83,-44.39,-52.08,-66.25,-56.48,-52.52,-55.73,-53.00,-53.94,2026-07-17 11:31:03+00:00
2026-07-17T11:32:03+00:00,-48.38,-55.80,-65.13,-61.54,-67.12,-49.59,-48.08,-62.29,-53.04,-44.53,-52.19,-66.87,-56.63,-52.65,-55.52,-53.66,-53.78,2026-07-17 11:32:03+00:00
2026-07-17T11:33:04+00:00,-49.23,-55.81,-64.85,-61.68,-66.65,-46.14,-47.94,-61.79,-52.61,-44.54,-51.28,-65.32,-56.45,-52.75,-55.69,-53.30,-53.81,2026-07-17 11:33:04+00:00
2026-07-17T11:34:04+00:00,-49.39,-55.97,-65.23,-61.39,-65.87,-46.23,-48.05,-61.68,-52.85,-44.46,-51.48,-66.18,-56.37,-52.62,-55.86,-53.37,-53.99,2026-07-17 11:34:04+00:00
2026-07-17T11:35:03+00:00,-49.76,-55.52,-65.08,-61.36,-67.23,-46.15,-47.91,-61.78,-53.12,-44.64,-51.49,-66.05,-56.14,-52.40,-55.71,-53.20,-53.11,2026-07-17 11:35:03+00:00
2026-07-17T11:36:03+00:00,-47.65,-55.18,-65.76,-61.58,-65.79,-46.16,-47.93,-61.94,-53.23,-44.44,-50.43,-66.13,-56.24,-52.49,-55.64,-53.51,-53.81,2026-07-17 11:36:03+00:00
2026-07-17T11:37:04+00:00,-47.48,-55.90,-64.48,-61.18,-65.44,-46.24,-47.80,-62.02,-52.72,-44.62,-50.31,-65.85,-56.05,-52.44,-55.96,-53.22,-53.91,2026-07-17 11:37:04+00:00
2026-07-17T11:38:04+00:00,-48.15,-55.43,-64.49,-61.52,-66.57,-46.31,-47.66,-61.93,-52.99,-44.48,-50.13,-65.98,-56.25,-52.53,-55.65,-53.54,-53.70,2026-07-17 11:38:04+00:00
2026-07-17T11:39:03+00:00,-47.69,-55.63,-65.47,-60.83,-65.45,-46.28,-47.72,-61.93,-52.84,-44.59,-50.15,-64.37,-56.41,-52.51,-54.94,-53.26,-54.09,2026-07-17 11:39:03+00:00
2026-07-17T11:40:03+00:00,-47.71,-55.39,-65.29,-61.16,-64.92,-46.34,-47.25,-61.89,-53.03,-44.42,-50.49,-64.39,-56.37,-52.31,-56.12,-53.44,-53.64,2026-07-17 11:40:03+00:00
2026-07-17T11:41:04+00:00,-48.91,-55.03,-64.91,-60.92,-66.08,-46.33,-47.59,-61.61,-52.81,-44.39,-50.96,-64.52,-56.13,-52.23,-55.61,-53.83,-54.37,2026-07-17 11:41:04+00:00
2026-07-17T11:42:04+00:00,-48.82,-56.50,-65.15,-61.33,-66.17,-46.29,-47.50,-61.10,-52.72,-44.60,-51.15,-66.14,-56.47,-52.44,-55.81,-53.75,-54.38,2026-07-17 11:42:04+00:00
2026-07-17T11:43:03+00:00,-49.07,-56.53,-65.07,-61.36,-66.17,-46.44,-47.49,-61.62,-52.77,-44.62,-51.11,-66.03,-55.96,-52.48,-55.98,-53.80,-53.46,2026-07-17 11:43:03+00:00
2026-07-17T11:44:03+00:00,-49.40,-55.71,-65.12,-61.16,-65.99,-46.58,-47.51,-61.39,-52.85,-44.55,-50.86,-65.76,-55.70,-52.68,-55.98,-53.47,-54.50,2026-07-17 11:44:03+00:00
2026-07-17T11:45:04+00:00,-47.97,-56.04,-62.93,-60.38,-66.02,-46.73,-47.22,-61.11,-52.15,-44.46,-50.92,-65.47,-55.58,-52.85,-55.92,-53.67,-54.46,2026-07-17 11:45:04+00:00
2026-07-17T11:46:04+00:00,-46.51,-56.74,-62.87,-59.64,-65.78,-46.98,-47.50,-61.38,-52.12,-44.48,-50.90,-63.90,-55.48,-52.64,-55.92,-54.19,-54.10,2026-07-17 11:46:04+00:00
2026-07-17T11:47:03+00:00,-49.43,-56.75,-62.92,-60.29,-65.67,-47.94,-47.73,-61.61,-52.04,-44.50,-50.92,-63.71,-55.50,-52.62,-55.64,-54.15,-53.66,2026-07-17 11:47:03+00:00
2026-07-17T11:48:03+00:00,-48.75,-57.29,-57.29,-60.74,-66.57,-47.95,-47.39,-61.77,-49.91,-44.31,-51.03,-61.36,-54.23,-52.73,-55.71,-53.26,-54.37,2026-07-17 11:48:03+00:00
2026-07-17T11:49:04+00:00,-48.66,-56.09,-56.38,-60.97,-66.56,-47.97,-47.16,-61.36,-50.47,-44.65,-51.00,-61.32,-54.62,-52.87,-55.14,-53.52,-54.11,2026-07-17 11:49:04+00:00
2026-07-17T11:50:03+00:00,-49.10,-56.51,-56.25,-61.46,-65.44,-47.74,-47.10,-60.96,-50.43,-44.17,-50.60,-61.54,-54.64,-52.77,-54.36,-53.44,-53.97,2026-07-17 11:50:03+00:00
2026-07-17T11:51:03+00:00,-48.52,-56.31,-60.47,-61.25,-66.88,-47.97,-47.26,-60.75,-50.09,-44.32,-50.98,-64.25,-54.68,-53.01,-55.55,-53.59,-54.00,2026-07-17 11:51:03+00:00
2026-07-17T11:52:04+00:00,-48.16,-57.09,-59.33,-61.14,-65.82,-47.93,-47.21,-61.55,-49.26,-44.54,-50.59,-63.62,-54.47,-53.01,-55.40,-53.68,-53.89,2026-07-17 11:52:04+00:00
2026-07-17T11:53:04+00:00,-47.63,-57.19,-59.77,-60.78,-65.73,-47.82,-47.69,-61.67,-49.24,-44.33,-50.40,-63.64,-54.14,-52.95,-55.04,-54.00,-53.31,2026-07-17 11:53:04+00:00
2026-07-17T11:54:03+00:00,-47.54,-57.15,-60.89,-60.35,-66.15,-48.01,-47.54,-61.54,-50.42,-44.36,-50.51,-63.77,-54.97,-52.99,-55.42,-53.59,-54.14,2026-07-17 11:54:03+00:00
2026-07-17T11:55:03+00:00,-48.22,-56.87,-61.71,-60.58,-65.89,-47.95,-47.45,-61.81,-50.31,-44.38,-50.55,-65.00,-55.05,-52.94,-55.81,-53.36,-54.22,2026-07-17 11:55:03+00:00
2026-07-17T11:56:04+00:00,-47.63,-57.10,-61.56,-60.66,-65.66,-47.90,-47.34,-61.78,-50.42,-44.67,-50.64,-60.08,-55.24,-53.00,-55.61,-53.26,-54.09,2026-07-17 11:56:04+00:00
2026-07-17T11:57:04+00:00,-48.36,-56.84,-63.37,-60.93,-66.48,-48.05,-47.82,-61.10,-51.75,-44.61,-50.39,-60.24,-55.93,-52.97,-55.64,-53.10,-54.22,2026-07-17 11:57:04+00:00
2026-07-17T11:58:03+00:00,-48.12,-57.05,-64.59,-61.30,-66.40,-47.93,-47.82,-61.80,-51.77,-44.65,-50.57,-61.75,-56.33,-52.85,-55.35,-52.94,-54.34,2026-07-17 11:58:03+00:00
2026-07-17T11:59:03+00:00,-48.79,-55.13,-64.84,-61.22,-65.92,-47.89,-47.65,-61.44,-51.69,-44.57,-50.75,-65.55,-56.19,-52.90,-55.73,-52.74,-54.01,2026-07-17 11:59:03+00:00
2026-07-17T12:00:04+00:00,-43.15,-54.58,-64.44,-61.44,-65.73,-48.45,-47.78,-61.34,-51.54,-44.80,-51.01,-66.14,-56.10,-53.05,-55.41,-52.50,-54.14,2026-07-17 12:00:04+00:00
2026-07-17T12:01:04+00:00,-46.12,-56.43,-63.96,-61.70,-66.73,-48.52,-48.10,-61.16,-51.70,-44.80,-50.67,-65.81,-55.79,-52.84,-55.45,-52.39,-53.54,2026-07-17 12:01:04+00:00
2026-07-17T12:02:03+00:00,-45.84,-57.04,-64.01,-60.96,-66.57,-48.73,-47.94,-61.43,-51.57,-44.61,-50.93,-66.06,-56.32,-52.74,-55.40,-52.40,-54.51,2026-07-17 12:02:03+00:00
2026-07-17T12:03:03+00:00,-43.83,-56.55,-63.05,-61.50,-65.41,-48.70,-47.66,-61.45,-51.51,-44.65,-49.85,-65.31,-56.42,-52.72,-55.93,-52.21,-54.38,2026-07-17 12:03:03+00:00
2026-07-17T12:04:04+00:00,-48.03,-56.42,-63.47,-61.24,-65.86,-48.85,-47.62,-60.66,-51.52,-44.75,-49.77,-65.59,-56.20,-52.68,-55.37,-52.35,-54.62,2026-07-17 12:04:04+00:00
2026-07-17T12:05:04+00:00,-47.09,-56.56,-62.27,-60.84,-65.88,-48.99,-47.67,-60.49,-51.38,-44.77,-49.83,-65.69,-55.92,-52.86,-55.69,-52.29,-54.50,2026-07-17 12:05:04+00:00
2026-07-17T12:06:03+00:00,-46.74,-56.52,-62.40,-61.09,-65.86,-48.91,-47.67,-60.75,-51.35,-44.82,-49.92,-65.91,-56.14,-52.77,-55.53,-52.62,-54.32,2026-07-17 12:06:03+00:00
2026-07-17T12:07:03+00:00,-46.48,-56.72,-62.84,-61.15,-65.64,-48.75,-47.90,-60.19,-52.11,-45.25,-50.49,-65.21,-56.11,-52.97,-55.56,-53.09,-54.38,2026-07-17 12:07:03+00:00
2026-07-17T12:08:04+00:00,-46.07,-57.26,-60.18,-61.11,-65.98,-48.56,-47.52,-61.21,-50.38,-45.19,-50.51,-64.78,-54.87,-53.09,-55.33,-52.69,-54.30,2026-07-17 12:08:04+00:00
2026-07-17T12:09:04+00:00,-48.22,-57.23,-60.38,-61.01,-65.84,-48.30,-47.74,-61.63,-50.49,-45.33,-50.54,-64.42,-54.71,-53.12,-55.34,-53.00,-54.24,2026-07-17 12:09:04+00:00
2026-07-17T12:10:03+00:00,-48.62,-56.90,-58.28,-60.84,-66.30,-47.88,-47.41,-61.31,-49.69,-45.32,-50.69,-62.82,-54.75,-53.14,-54.96,-52.90,-53.65,2026-07-17 12:10:03+00:00
2026-07-17T12:11:04+00:00,-47.21,-57.14,-59.65,-60.92,-65.88,-47.50,-47.31,-61.30,-50.11,-45.41,-50.70,-63.47,-54.20,-53.15,-55.39,-52.64,-54.22,2026-07-17 12:11:04+00:00
2026-07-17T12:12:04+00:00,-47.08,-58.02,-59.66,-60.55,-66.33,-47.43,-47.26,-61.55,-49.76,-45.06,-50.48,-63.56,-54.23,-53.26,-55.15,-52.48,-54.07,2026-07-17 12:12:04+00:00
2026-07-17T12:13:03+00:00,-46.61,-57.26,-60.12,-60.88,-65.92,-47.35,-47.51,-61.23,-50.39,-45.28,-50.14,-64.06,-54.47,-53.72,-55.01,-52.75,-53.96,2026-07-17 12:13:03+00:00
2026-07-17T12:14:03+00:00,-45.87,-56.35,-62.02,-61.19,-66.34,-47.26,-48.04,-60.80,-52.56,-45.09,-50.18,-64.80,-56.02,-53.61,-55.69,-52.00,-53.97,2026-07-17 12:14:03+00:00
2026-07-17T12:15:04+00:00,-47.60,-57.07,-63.60,-61.69,-65.80,-47.24,-47.61,-61.26,-53.43,-45.22,-50.17,-65.53,-56.02,-53.73,-55.45,-51.81,-54.23,2026-07-17 12:15:04+00:00
2026-07-17T12:16:04+00:00,-48.17,-55.98,-62.96,-61.33,-66.24,-47.13,-47.42,-61.23,-52.84,-45.19,-50.14,-64.79,-56.38,-54.08,-55.88,-52.01,-54.13,2026-07-17 12:16:04+00:00
2026-07-17T12:17:03+00:00,-48.28,-56.15,-62.24,-60.36,-66.33,-47.15,-47.64,-60.53,-52.98,-45.14,-49.75,-64.90,-56.03,-54.25,-55.62,-51.68,-53.86,2026-07-17 12:17:03+00:00
2026-07-17T12:18:03+00:00,-48.04,-56.01,-62.05,-60.25,-66.62,-47.20,-47.53,-60.54,-52.65,-45.16,-49.89,-65.01,-56.29,-54.71,-55.75,-51.56,-53.90,2026-07-17 12:18:03+00:00
2026-07-17T12:19:04+00:00,-48.02,-55.61,-53.28,-61.36,-66.56,-47.14,-47.16,-60.53,-51.93,-45.15,-49.51,-58.99,-55.63,-54.50,-52.50,-51.03,-53.96,2026-07-17 12:19:04+00:00
2026-07-17T12:20:04+00:00,-47.77,-55.55,-55.25,-61.80,-65.62,-46.85,-46.99,-60.57,-50.86,-45.15,-49.67,-61.41,-55.10,-54.92,-52.02,-51.29,-54.29,2026-07-17 12:20:04+00:00
2026-07-17T12:21:03+00:00,-47.19,-54.10,-57.45,-61.29,-66.31,-46.96,-47.18,-60.95,-49.92,-44.98,-49.49,-61.47,-54.34,-55.24,-54.97,-50.82,-54.05,2026-07-17 12:21:03+00:00
2026-07-17T12:22:03+00:00,-47.48,-54.98,-56.92,-61.33,-66.57,-45.09,-47.28,-60.94,-50.18,-44.98,-49.40,-61.68,-54.46,-55.29,-55.14,-50.85,-54.19,2026-07-17 12:22:03+00:00
2026-07-17T12:23:04+00:00,-46.51,-55.15,-57.43,-61.32,-65.89,-45.54,-47.07,-60.92,-49.93,-45.12,-49.48,-61.66,-54.26,-55.52,-55.11,-50.85,-54.18,2026-07-17 12:23:04+00:00
2026-07-17T12:24:04+00:00,-46.78,-55.55,-57.88,-61.17,-66.08,-45.55,-47.22,-60.56,-49.72,-45.01,-49.55,-61.44,-53.92,-55.70,-54.27,-50.86,-54.02,2026-07-17 12:24:04+00:00
2026-07-17T12:25:03+00:00,-46.56,-55.32,-59.08,-61.46,-66.03,-45.52,-47.46,-60.37,-49.73,-45.14,-49.39,-62.62,-54.36,-56.26,-54.70,-50.66,-54.28,2026-07-17 12:25:03+00:00
2026-07-17T12:26:03+00:00,-47.46,-55.13,-59.93,-61.17,-65.36,-45.56,-47.42,-60.58,-50.17,-44.88,-49.30,-63.58,-54.71,-56.42,-55.24,-50.55,-53.98,2026-07-17 12:26:03+00:00
2026-07-17T12:27:04+00:00,-47.50,-55.14,-59.74,-61.31,-66.96,-45.49,-47.15,-60.53,-50.17,-44.86,-49.23,-63.44,-54.45,-56.80,-55.42,-50.41,-54.17,2026-07-17 12:27:04+00:00
2026-07-17T12:28:04+00:00,-47.17,-55.43,-60.10,-61.53,-66.06,-45.51,-47.17,-60.86,-50.17,-44.75,-49.44,-63.26,-54.08,-56.81,-55.28,-50.33,-54.09,2026-07-17 12:28:04+00:00
2026-07-17T12:29:03+00:00,-47.01,-55.06,-60.06,-61.01,-66.58,-45.40,-47.24,-60.75,-50.16,-47.89,-49.19,-62.34,-53.98,-56.92,-55.24,-50.39,-54.11,2026-07-17 12:29:03+00:00
2026-07-17T12:30:03+00:00,-47.77,-56.26,-60.70,-61.13,-66.39,-44.66,-47.42,-61.46,-50.54,-44.79,-49.48,-63.78,-54.63,-56.91,-55.67,-50.74,-54.16,2026-07-17 12:30:03+00:00
2026-07-17T12:31:03+00:00,-47.55,-56.75,-59.00,-61.16,-66.90,-44.23,-47.56,-61.20,-49.26,-44.72,-49.55,-61.77,-53.86,-56.90,-55.11,-50.43,-54.36,2026-07-17 12:31:03+00:00
2026-07-17T12:32:04+00:00,-47.44,-56.52,-58.99,-61.09,-66.86,-44.14,-47.67,-61.33,-49.61,-44.49,-49.20,-61.70,-53.70,-56.72,-54.98,-51.03,-54.39,2026-07-17 12:32:04+00:00
2026-07-17T12:33:04+00:00,-48.21,-56.39,-59.00,-60.92,-66.52,-44.14,-47.38,-61.38,-49.62,-44.66,-49.18,-61.78,-54.11,-56.73,-55.25,-51.10,-54.40,2026-07-17 12:33:04+00:00
2026-07-17T12:34:03+00:00,-48.37,-56.53,-60.57,-61.34,-66.75,-44.27,-47.66,-61.40,-50.11,-44.57,-49.04,-63.52,-54.46,-56.66,-55.42,-51.04,-54.39,2026-07-17 12:34:03+00:00
2026-07-17T12:35:03+00:00,-47.29,-56.34,-60.89,-60.49,-66.14,-44.29,-47.52,-61.36,-50.65,-44.45,-49.07,-63.86,-54.65,-56.57,-55.59,-50.89,-53.90,2026-07-17 12:35:03+00:00
2026-07-17T12:36:04+00:00,-47.72,-56.73,-60.35,-60.58,-66.53,-44.08,-47.44,-61.42,-50.76,-44.76,-49.33,-63.47,-54.25,-56.56,-55.61,-50.75,-54.21,2026-07-17 12:36:04+00:00
2026-07-17T12:37:03+00:00,-49.09,-57.05,-62.73,-59.74,-65.77,-44.16,-47.71,-61.49,-51.62,-44.49,-49.23,-64.79,-55.43,-56.78,-55.74,-50.83,-54.29,2026-07-17 12:37:03+00:00
2026-07-17T12:38:03+00:00,-47.70,-57.53,-61.72,-60.07,-66.32,-44.16,-47.65,-60.80,-50.91,-44.51,-48.88,-64.12,-54.69,-56.58,-55.42,-50.39,-54.52,2026-07-17 12:38:03+00:00
2026-07-17T12:39:04+00:00,-47.90,-57.08,-63.05,-60.49,-65.62,-44.21,-47.60,-61.14,-51.67,-44.51,-49.18,-64.98,-55.63,-56.64,-55.76,-50.41,-54.05,2026-07-17 12:39:04+00:00
2026-07-17T12:40:04+00:00,-47.49,-57.29,-63.59,-60.90,-65.54,-44.13,-47.56,-61.07,-51.95,-44.32,-49.16,-63.08,-55.66,-56.30,-55.45,-50.11,-54.50,2026-07-17 12:40:04+00:00
2026-07-17T12:41:03+00:00,-46.08,-56.93,-63.93,-61.24,-66.35,-45.29,-47.80,-61.11,-52.00,-44.44,-48.90,-63.94,-55.88,-56.71,-55.79,-50.18,-54.35,2026-07-17 12:41:03+00:00
2026-07-17T12:42:03+00:00,-46.62,-57.13,-63.62,-61.26,-65.25,-45.25,-47.45,-61.09,-51.81,-44.64,-49.20,-63.49,-55.60,-56.59,-55.52,-49.96,-54.06,2026-07-17 12:42:03+00:00
2026-07-17T12:43:04+00:00,-44.70,-56.78,-63.13,-61.39,-66.13,-44.91,-47.52,-60.85,-51.76,-44.43,-48.99,-63.34,-55.36,-56.61,-55.32,-49.96,-54.07,2026-07-17 12:43:04+00:00
2026-07-17T12:44:04+00:00,-45.20,-56.50,-63.08,-61.41,-65.04,-44.55,-47.64,-60.65,-51.99,-44.56,-48.79,-63.30,-55.64,-56.87,-55.59,-49.78,-54.04,2026-07-17 12:44:04+00:00
2026-07-17T12:45:03+00:00,-45.09,-55.74,-62.83,-60.90,-66.18,-44.76,-47.31,-59.59,-52.12,-44.67,-49.28,-63.82,-55.94,-56.95,-55.38,-49.81,-54.09,2026-07-17 12:45:03+00:00
2026-07-17T12:46:03+00:00,-44.03,-55.60,-60.83,-61.25,-67.48,-44.81,-46.92,-61.40,-50.03,-44.67,-49.13,-62.92,-54.71,-57.29,-55.55,-49.42,-54.21,2026-07-17 12:46:03+00:00
2026-07-17T12:47:04+00:00,-41.04,-56.08,-61.37,-60.95,-64.99,-44.74,-47.22,-61.49,-50.98,-44.53,-49.20,-63.12,-55.11,-57.44,-55.12,-49.27,-54.14,2026-07-17 12:47:04+00:00
2026-07-17T12:48:04+00:00,-46.54,-55.21,-61.11,-61.18,-66.78,-44.91,-47.24,-61.24,-50.50,-44.67,-49.53,-62.81,-54.82,-57.75,-55.28,-49.36,-54.36,2026-07-17 12:48:04+00:00
2026-07-17T12:49:03+00:00,-46.39,-55.63,-56.55,-61.14,-66.79,-44.86,-47.01,-61.18,-50.05,-44.74,-49.52,-60.62,-54.37,-57.72,-54.59,-49.25,-54.32,2026-07-17 12:49:03+00:00
2026-07-17T12:50:03+00:00,-46.34,-55.86,-56.49,-61.30,-66.04,-44.96,-46.94,-61.06,-49.80,-44.62,-49.36,-60.59,-54.60,-57.99,-54.29,-49.08,-54.23,2026-07-17 12:50:03+00:00
2026-07-17T12:51:04+00:00,-46.74,-56.65,-53.66,-61.20,-65.23,-44.97,-47.15,-61.21,-51.14,-44.61,-49.70,-58.82,-55.57,-58.08,-52.16,-49.19,-54.32,2026-07-17 12:51:04+00:00
2026-07-17T12:52:04+00:00,-46.92,-56.62,-53.81,-61.24,-65.33,-44.99,-46.98,-61.38,-51.94,-44.85,-49.55,-58.90,-55.22,-58.47,-52.66,-49.10,-54.43,2026-07-17 12:52:04+00:00
2026-07-17T12:53:03+00:00,-46.76,-56.41,-53.87,-60.96,-65.82,-45.04,-47.10,-61.29,-51.81,-44.40,-48.97,-58.79,-55.15,-58.97,-52.44,-49.15,-54.20,2026-07-17 12:53:03+00:00
2026-07-17T12:54:04+00:00,-46.90,-56.32,-53.99,-61.06,-66.06,-45.01,-47.04,-61.15,-51.79,-44.57,-50.20,-58.91,-55.38,-59.35,-52.42,-49.00,-53.80,2026-07-17 12:54:04+00:00
2026-07-17T12:55:04+00:00,-46.67,-56.50,-54.03,-60.91,-65.98,-45.18,-46.72,-61.24,-52.01,-44.65,-49.49,-58.91,-55.18,-59.25,-52.29,-48.98,-53.80,2026-07-17 12:55:04+00:00
2026-07-17T12:56:03+00:00,-47.57,-56.47,-60.70,-60.39,-66.12,-45.00,-47.41,-61.59,-50.69,-44.77,-50.04,-62.52,-54.63,-59.71,-55.14,-49.33,-53.85,2026-07-17 12:56:03+00:00
2026-07-17T12:57:03+00:00,-46.05,-57.50,-64.57,-60.26,-66.27,-45.02,-47.87,-62.04,-53.09,-44.52,-48.64,-62.87,-55.96,-59.76,-54.51,-49.33,-54.07,2026-07-17 12:57:03+00:00
2026-07-17T12:58:04+00:00,-47.34,-57.77,-64.87,-60.35,-65.78,-44.88,-47.81,-62.81,-52.90,-44.81,-49.21,-63.73,-56.39,-60.03,-55.33,-49.20,-54.35,2026-07-17 12:58:04+00:00
2026-07-17T12:59:04+00:00,-46.97,-57.39,-64.08,-60.07,-67.07,-45.06,-48.03,-61.91,-53.02,-44.81,-49.52,-63.21,-56.08,-59.93,-55.71,-49.23,-54.40,2026-07-17 12:59:04+00:00
2026-07-17T13:00:03+00:00,-47.27,-57.27,-64.45,-60.21,-65.95,-44.97,-47.65,-62.29,-53.02,-44.73,-50.09,-63.30,-56.25,-60.21,-55.69,-49.25,-53.31,2026-07-17 13:00:03+00:00
2026-07-17T13:01:03+00:00,-47.90,-57.90,-64.46,-60.27,-65.91,-44.78,-47.59,-62.44,-53.21,-44.66,-49.82,-63.26,-55.98,-60.24,-55.55,-49.12,-53.19,2026-07-17 13:01:03+00:00
2026-07-17T13:02:03+00:00,-48.17,-57.92,-64.23,-59.80,-65.30,-44.61,-47.82,-62.44,-53.00,-44.78,-41.66,-63.45,-56.22,-60.41,-55.88,-49.36,-51.81,2026-07-17 13:02:03+00:00
2026-07-17T13:03:04+00:00,-48.15,-57.15,-64.31,-60.10,-66.68,-44.86,-47.62,-62.17,-53.23,-44.77,-47.40,-63.12,-56.19,-60.52,-55.64,-49.19,-52.03,2026-07-17 13:03:04+00:00
2026-07-17T13:04:04+00:00,-48.08,-57.40,-64.11,-60.03,-66.56,-44.78,-48.12,-62.30,-53.29,-44.69,-50.06,-63.50,-56.17,-60.71,-55.20,-49.37,-53.85,2026-07-17 13:04:04+00:00
2026-07-17T13:05:04+00:00,-48.28,-56.70,-63.91,-59.69,-65.81,-44.81,-47.85,-61.67,-53.17,-44.68,-48.95,-62.70,-56.32,-60.84,-55.61,-49.18,-54.06,2026-07-17 13:05:04+00:00
2026-07-17T13:06:03+00:00,-47.68,-57.12,-64.34,-59.84,-65.94,-44.75,-47.53,-61.77,-53.41,-44.81,-49.22,-62.93,-56.03,-61.01,-56.01,-49.09,-53.94,2026-07-17 13:06:03+00:00
2026-07-17T13:07:04+00:00,-47.38,-57.01,-63.23,-60.01,-66.19,-44.93,-47.51,-61.90,-53.33,-44.78,-49.21,-62.92,-55.16,-61.32,-55.78,-48.98,-54.15,2026-07-17 13:07:04+00:00
2026-07-17T13:08:04+00:00,-47.32,-56.80,-64.10,-60.99,-66.52,-44.73,-47.52,-61.88,-53.40,-44.30,-48.43,-63.24,-55.54,-61.15,-55.42,-49.45,-53.81,2026-07-17 13:08:04+00:00
2026-07-17T13:09:03+00:00,-47.29,-56.95,-64.82,-61.11,-66.42,-44.75,-47.87,-61.94,-53.03,-43.21,-43.43,-63.11,-55.99,-61.59,-55.66,-48.93,-53.68,2026-07-17 13:09:03+00:00
2026-07-17T13:10:03+00:00,-47.25,-56.81,-64.07,-60.72,-66.06,-44.82,-47.60,-61.99,-53.38,-42.99,-43.34,-63.13,-55.84,-61.63,-55.42,-48.94,-53.89,2026-07-17 13:10:03+00:00
2026-07-17T13:11:04+00:00,-47.26,-56.34,-65.29,-60.99,-66.67,-44.78,-47.58,-62.03,-53.20,-43.45,-45.58,-63.30,-56.03,-61.45,-55.07,-48.79,-54.01,2026-07-17 13:11:04+00:00
2026-07-17T13:12:04+00:00,-47.75,-56.31,-64.95,-61.49,-65.88,-44.76,-47.32,-61.90,-53.26,-43.89,-48.41,-63.09,-55.49,-60.75,-55.72,-48.64,-53.97,2026-07-17 13:12:04+00:00
2026-07-17T13:13:03+00:00,-47.87,-55.63,-64.00,-61.09,-66.40,-44.74,-47.39,-61.91,-53.39,-44.32,-49.38,-63.38,-55.68,-61.64,-55.20,-48.57,-53.39,2026-07-17 13:13:03+00:00
2026-07-17T13:14:04+00:00,-47.80,-55.41,-65.85,-60.78,-66.62,-44.74,-46.92,-61.41,-53.37,-44.44,-48.97,-63.44,-55.99,-61.81,-54.90,-48.33,-51.55,2026-07-17 13:14:04+00:00
2026-07-17T13:15:04+00:00,-47.64,-56.24,-63.69,-60.60,-66.69,-44.88,-46.65,-60.91,-53.62,-44.28,-48.99,-63.16,-56.10,-62.00,-55.87,-48.30,-54.42,2026-07-17 13:15:04+00:00
2026-07-17T13:16:04+00:00,-47.54,-56.40,-63.84,-58.07,-66.14,-44.87,-46.82,-48.17,-53.18,-44.16,-48.80,-62.99,-55.59,-59.45,-55.56,-48.13,-53.46,2026-07-17 13:16:04+00:00
2026-07-17T13:17:03+00:00,-47.95,-56.50,-62.59,-60.52,-66.37,-44.95,-47.20,-61.02,-52.22,-44.05,-48.95,-62.93,-55.46,-61.75,-55.88,-47.88,-54.35,2026-07-17 13:17:03+00:00
2026-07-17T13:18:03+00:00,-47.66,-56.51,-65.66,-60.94,-66.40,-44.98,-47.67,-61.81,-53.28,-44.09,-48.86,-63.39,-55.84,-62.03,-55.94,-48.01,-54.27,2026-07-17 13:18:03+00:00
2026-07-17T13:19:04+00:00,-47.14,-55.65,-65.02,-60.89,-66.02,-44.89,-47.46,-61.37,-53.01,-44.04,-49.06,-63.37,-55.84,-61.92,-54.92,-47.60,-54.32,2026-07-17 13:19:04+00:00
2026-07-17T13:20:04+00:00,-47.54,-56.22,-63.91,-60.92,-65.91,-44.84,-47.14,-60.43,-52.88,-44.18,-48.43,-62.74,-55.40,-61.16,-55.52,-47.57,-54.36,2026-07-17 13:20:04+00:00
2026-07-17T13:21:03+00:00,-47.43,-56.50,-63.44,-60.82,-66.17,-44.75,-47.47,-61.05,-52.72,-44.01,-48.75,-63.07,-55.90,-61.07,-55.94,-47.52,-54.24,2026-07-17 13:21:03+00:00
2026-07-17T13:22:03+00:00,-47.34,-57.19,-63.71,-61.14,-66.40,-44.71,-47.31,-60.64,-51.63,-44.00,-48.35,-63.45,-56.16,-61.67,-55.71,-47.68,-54.28,2026-07-17 13:22:03+00:00
2026-07-17T13:23:04+00:00,-47.59,-56.87,-62.07,-60.23,-66.40,-44.80,-47.21,-60.59,-50.89,-44.03,-49.47,-63.07,-54.93,-62.47,-55.90,-47.71,-53.62,2026-07-17 13:23:04+00:00
2026-07-17T13:24:04+00:00,-47.40,-56.52,-65.40,-60.91,-66.63,-44.70,-47.55,-61.74,-51.71,-44.26,-48.34,-63.83,-55.84,-62.53,-55.40,-47.56,-58.71,2026-07-17 13:24:04+00:00
2026-07-17T13:25:03+00:00,-47.35,-56.29,-67.10,-60.93,-66.34,-44.87,-48.00,-61.69,-51.85,-44.22,-48.96,-64.30,-55.81,-62.62,-55.80,-47.60,-58.66,2026-07-17 13:25:03+00:00
2026-07-17T13:26:03+00:00,-46.59,-56.54,-65.36,-61.17,-66.69,-45.18,-47.73,-61.60,-51.65,-44.10,-49.20,-63.63,-55.91,-63.51,-55.65,-47.53,-58.85,2026-07-17 13:26:03+00:00
2026-07-17T13:27:04+00:00,-48.75,-56.39,-66.54,-60.89,-67.10,-45.04,-47.44,-61.72,-51.57,-43.96,-48.66,-63.81,-55.94,-63.15,-55.93,-47.71,-58.65,2026-07-17 13:27:04+00:00
2026-07-17T13:28:04+00:00,-48.39,-56.52,-66.78,-61.01,-66.33,-44.33,-47.66,-62.22,-51.59,-44.10,-48.74,-64.28,-56.03,-63.30,-55.35,-47.77,-58.78,2026-07-17 13:28:04+00:00
2026-07-17T13:29:03+00:00,-48.12,-55.43,-66.69,-60.78,-67.08,-44.55,-47.84,-62.06,-51.61,-43.89,-48.93,-63.96,-56.09,-63.03,-55.55,-47.87,-58.58,2026-07-17 13:29:03+00:00
2026-07-17T13:30:03+00:00,-48.59,-53.85,-66.13,-60.85,-67.32,-44.64,-47.71,-61.92,-51.68,-44.14,-48.98,-63.74,-55.44,-63.44,-55.60,-47.97,-57.40,2026-07-17 13:30:03+00:00
2026-07-17T13:31:03+00:00,-48.51,-53.90,-65.94,-60.71,-65.42,-44.56,-47.91,-61.94,-51.57,-44.14,-48.82,-63.74,-55.27,-63.68,-55.63,-48.20,-58.36,2026-07-17 13:31:03+00:00
2026-07-17T13:32:04+00:00,-47.94,-56.08,-67.55,-60.89,-66.45,-44.53,-48.14,-62.21,-51.62,-44.15,-48.78,-64.08,-55.77,-63.61,-55.63,-48.47,-59.01,2026-07-17 13:32:04+00:00
2026-07-17T13:33:04+00:00,-48.65,-56.37,-65.79,-60.58,-67.26,-44.58,-48.16,-62.16,-51.65,-44.05,-48.94,-63.33,-55.83,-63.74,-55.89,-48.44,-57.22,2026-07-17 13:33:04+00:00
2026-07-17T13:34:03+00:00,-48.36,-56.44,-67.28,-60.88,-66.25,-44.66,-48.23,-62.64,-51.78,-43.92,-48.78,-63.79,-55.84,-63.84,-55.84,-48.39,-58.83,2026-07-17 13:34:03+00:00
2026-07-17T13:35:03+00:00,-47.75,-56.77,-67.44,-61.01,-65.96,-44.62,-47.86,-63.03,-51.89,-44.14,-48.95,-64.19,-56.07,-63.96,-55.55,-48.37,-58.40,2026-07-17 13:35:03+00:00
2026-07-17T13:36:04+00:00,-49.09,-57.19,-65.10,-60.63,-66.63,-44.63,-47.91,-63.03,-51.81,-44.30,-48.68,-63.40,-55.95,-63.80,-56.15,-48.52,-57.11,2026-07-17 13:36:04+00:00
2026-07-17T13:37:04+00:00,-49.07,-57.08,-66.47,-60.97,-66.11,-44.46,-48.08,-62.36,-53.38,-44.01,-48.82,-62.75,-55.67,-64.14,-55.88,-48.64,-58.23,2026-07-17 13:37:04+00:00
2026-07-17T13:38:03+00:00,-48.11,-57.23,-67.29,-61.15,-66.37,-44.80,-48.20,-63.17,-53.21,-44.06,-48.65,-62.78,-55.91,-64.21,-56.01,-48.49,-57.71,2026-07-17 13:38:03+00:00
2026-07-17T13:39:03+00:00,-47.12,-57.41,-67.49,-60.80,-66.29,-44.69,-48.47,-62.44,-53.25,-44.20,-48.97,-63.66,-55.87,-64.71,-55.92,-48.59,-58.81,2026-07-17 13:39:03+00:00
2026-07-17T13:40:04+00:00,-47.70,-57.14,-66.43,-60.86,-66.60,-44.75,-47.88,-62.42,-53.34,-44.12,-48.84,-63.48,-55.74,-64.45,-56.51,-48.89,-57.84,2026-07-17 13:40:04+00:00
2026-07-17T13:41:04+00:00,-47.02,-57.80,-67.14,-61.21,-66.08,-44.65,-47.82,-63.23,-53.41,-44.15,-48.90,-63.63,-55.57,-64.75,-55.86,-48.88,-58.59,2026-07-17 13:41:04+00:00
2026-07-17T13:42:03+00:00,-47.34,-56.44,-64.82,-61.05,-66.14,-44.67,-47.88,-62.10,-53.12,-44.30,-48.97,-62.43,-55.86,-64.11,-56.01,-48.77,-57.71,2026-07-17 13:42:03+00:00
2026-07-17T13:43:04+00:00,-47.13,-57.55,-64.72,-60.66,-66.81,-44.74,-47.84,-62.10,-52.79,-44.10,-48.83,-62.92,-55.82,-64.03,-55.92,-49.04,-56.92,2026-07-17 13:43:04+00:00
2026-07-17T13:44:04+00:00,-46.58,-56.37,-67.28,-60.97,-65.98,-44.84,-48.49,-62.36,-53.01,-44.12,-49.13,-63.73,-56.04,-64.13,-55.82,-49.09,-58.62,2026-07-17 13:44:04+00:00
2026-07-17T13:45:03+00:00,-46.99,-56.48,-65.55,-61.04,-66.39,-45.00,-48.05,-62.46,-52.99,-44.11,-48.51,-63.40,-56.09,-64.20,-55.78,-49.06,-58.38,2026-07-17 13:45:03+00:00
2026-07-17T13:46:03+00:00,-47.16,-55.23,-65.29,-61.31,-66.46,-45.03,-47.93,-62.07,-52.90,-44.24,-48.47,-63.45,-55.85,-63.92,-56.23,-48.94,-58.16,2026-07-17 13:46:03+00:00
2026-07-17T13:47:04+00:00,-46.48,-55.98,-67.13,-60.85,-66.07,-45.22,-48.16,-62.58,-53.15,-44.20,-48.46,-64.46,-56.15,-63.82,-55.63,-49.01,-58.15,2026-07-17 13:47:04+00:00
2026-07-17T13:48:04+00:00,-47.01,-55.46,-65.69,-61.01,-65.89,-45.14,-47.82,-62.82,-53.08,-44.06,-48.96,-64.07,-56.21,-63.70,-56.06,-48.96,-58.33,2026-07-17 13:48:04+00:00
2026-07-17T13:49:03+00:00,-47.51,-55.69,-66.38,-61.16,-66.03,-45.00,-48.03,-62.21,-52.92,-44.02,-48.76,-63.91,-56.18,-63.40,-55.83,-48.75,-58.34,2026-07-17 13:49:03+00:00
2026-07-17T13:50:03+00:00,-47.47,-55.26,-66.62,-61.14,-65.59,-45.07,-48.08,-63.02,-53.23,-44.08,-49.53,-64.28,-56.08,-63.34,-56.34,-48.65,-58.27,2026-07-17 13:50:03+00:00
2026-07-17T13:51:04+00:00,-47.26,-55.97,-65.93,-60.85,-65.91,-44.94,-47.58,-62.62,-53.17,-44.11,-48.75,-63.82,-56.17,-63.47,-56.12,-48.57,-58.29,2026-07-17 13:51:04+00:00
2026-07-17T13:52:04+00:00,-47.20,-54.97,-64.21,-60.93,-66.64,-45.07,-47.85,-61.30,-53.02,-44.31,-48.37,-63.11,-56.05,-63.07,-56.39,-48.79,-57.26,2026-07-17 13:52:04+00:00
2026-07-17T13:53:03+00:00,-47.31,-56.51,-67.07,-60.82,-66.28,-45.08,-48.20,-62.10,-53.04,-44.24,-49.06,-64.31,-56.21,-62.77,-56.50,-48.51,-58.10,2026-07-17 13:53:03+00:00
2026-07-17T13:54:03+00:00,-47.40,-55.10,-67.39,-60.85,-66.07,-45.22,-47.91,-62.63,-53.24,-44.30,-48.63,-64.49,-56.18,-62.33,-56.04,-48.41,-58.03,2026-07-17 13:54:03+00:00
2026-07-17T13:55:04+00:00,-47.22,-55.36,-66.44,-60.87,-66.76,-45.03,-47.88,-62.05,-53.25,-44.34,-48.59,-63.75,-56.01,-62.23,-55.94,-48.32,-58.29,2026-07-17 13:55:04+00:00
2026-07-17T13:56:04+00:00,-47.29,-55.11,-66.01,-60.84,-65.85,-45.14,-48.06,-62.43,-53.11,-44.00,-49.27,-64.07,-56.10,-61.65,-55.92,-48.20,-58.19,2026-07-17 13:56:04+00:00
2026-07-17T13:57:03+00:00,-47.18,-56.11,-66.36,-60.91,-66.91,-44.91,-47.73,-62.21,-53.13,-44.25,-48.70,-64.54,-56.28,-61.73,-55.75,-48.11,-58.41,2026-07-17 13:57:03+00:00
2026-07-17T13:58:03+00:00,-46.68,-56.87,-66.60,-60.93,-66.08,-44.90,-48.46,-62.48,-53.18,-44.06,-48.96,-63.96,-56.15,-61.09,-55.94,-48.06,-58.45,2026-07-17 13:58:03+00:00
2026-07-17T13:59:04+00:00,-46.91,-56.56,-66.35,-60.35,-66.71,-44.87,-48.01,-62.40,-53.41,-44.28,-49.57,-64.29,-56.29,-61.17,-55.14,-48.02,-58.65,2026-07-17 13:59:04+00:00
2026-07-17T14:00:04+00:00,-46.22,-55.74,-66.69,-60.48,-66.02,-44.68,-47.72,-62.15,-53.49,-44.39,-49.26,-64.12,-56.18,-60.69,-55.64,-47.90,-58.36,2026-07-17 14:00:04+00:00
2026-07-17T14:01:04+00:00,-45.96,-54.21,-65.34,-61.04,-65.87,-44.89,-48.29,-62.42,-53.45,-44.58,-49.28,-63.30,-56.31,-60.82,-55.94,-47.89,-58.37,2026-07-17 14:01:04+00:00
2026-07-17T14:02:04+00:00,-46.31,-56.17,-66.65,-60.86,-66.86,-44.95,-47.97,-61.63,-53.58,-44.41,-48.90,-63.99,-56.48,-60.43,-55.65,-47.50,-58.16,2026-07-17 14:02:04+00:00
2026-07-17T14:03:04+00:00,-46.83,-56.08,-66.14,-60.92,-66.83,-44.75,-48.14,-62.31,-53.63,-44.57,-49.04,-63.85,-56.35,-60.40,-55.80,-47.62,-58.22,2026-07-17 14:03:04+00:00
2026-07-17T14:04:03+00:00,-47.07,-55.51,-67.05,-61.07,-66.62,-44.89,-47.97,-62.06,-53.51,-44.33,-49.24,-64.11,-56.43,-60.49,-55.53,-47.74,-57.96,2026-07-17 14:04:03+00:00
2026-07-17T14:05:03+00:00,-47.04,-55.34,-66.74,-61.17,-65.82,-44.97,-47.89,-61.88,-53.60,-44.52,-49.13,-63.47,-56.47,-60.14,-55.88,-47.53,-58.34,2026-07-17 14:05:03+00:00
2026-07-17T14:06:04+00:00,-47.02,-55.36,-66.39,-60.54,-65.77,-44.86,-48.04,-61.96,-53.64,-44.56,-49.25,-63.84,-56.39,-59.77,-55.71,-47.50,-58.21,2026-07-17 14:06:04+00:00
2026-07-17T14:07:03+00:00,-47.05,-56.16,-66.88,-60.39,-65.32,-44.71,-48.33,-62.42,-52.72,-44.49,-49.08,-63.94,-56.46,-59.79,-55.77,-47.36,-58.41,2026-07-17 14:07:03+00:00
2026-07-17T14:08:03+00:00,-46.72,-55.92,-66.42,-60.59,-66.30,-44.98,-48.24,-62.23,-52.75,-44.69,-49.25,-63.79,-56.49,-59.50,-55.98,-47.09,-58.19,2026-07-17 14:08:03+00:00
2026-07-17T14:09:04+00:00,-46.79,-55.95,-66.02,-60.40,-66.69,-45.00,-47.69,-61.94,-52.72,-44.58,-48.97,-63.95,-56.54,-59.52,-55.69,-47.09,-58.15,2026-07-17 14:09:04+00:00
2026-07-17T14:10:03+00:00,-47.17,-55.75,-66.09,-60.55,-66.52,-45.00,-48.22,-61.95,-52.49,-44.51,-49.20,-63.46,-56.49,-59.30,-55.68,-47.14,-57.34,2026-07-17 14:10:03+00:00
2026-07-17T14:11:03+00:00,-47.00,-55.79,-66.50,-60.66,-66.45,-45.02,-48.01,-62.46,-52.57,-44.58,-48.96,-64.03,-56.68,-58.93,-55.66,-47.09,-58.18,2026-07-17 14:11:03+00:00
2026-07-17T14:12:04+00:00,-47.11,-55.69,-66.39,-60.70,-66.23,-45.18,-48.26,-62.75,-52.56,-44.47,-48.65,-63.80,-56.70,-58.99,-55.86,-46.94,-58.48,2026-07-17 14:12:04+00:00
2026-07-17T14:13:04+00:00,-46.87,-56.39,-65.99,-60.39,-66.48,-45.12,-48.10,-62.03,-52.54,-44.38,-49.26,-63.83,-56.49,-58.75,-55.78,-46.87,-58.47,2026-07-17 14:13:04+00:00
2026-07-17T14:14:03+00:00,-47.07,-56.13,-66.18,-60.63,-66.03,-44.97,-48.14,-60.65,-52.49,-44.42,-49.48,-63.65,-56.28,-58.53,-56.32,-47.03,-57.55,2026-07-17 14:14:03+00:00
2026-07-17T14:15:03+00:00,-46.80,-55.31,-65.80,-60.37,-67.02,-45.16,-48.09,-61.73,-52.66,-44.46,-48.63,-63.20,-56.35,-58.60,-56.09,-47.01,-58.44,2026-07-17 14:15:03+00:00
2026-07-17T14:16:04+00:00,-47.30,-55.95,-65.19,-60.54,-65.11,-45.22,-47.72,-62.14,-52.51,-44.45,-48.76,-63.23,-56.19,-58.51,-55.97,-47.10,-58.20,2026-07-17 14:16:04+00:00
2026-07-17T14:17:04+00:00,-47.05,-55.87,-66.08,-60.88,-66.64,-45.25,-48.01,-61.93,-52.54,-44.62,-48.93,-62.90,-56.59,-58.55,-56.21,-47.06,-58.29,2026-07-17 14:17:04+00:00
2026-07-17T14:18:03+00:00,-47.26,-55.32,-66.40,-60.90,-65.30,-45.17,-48.13,-62.48,-52.58,-44.39,-49.19,-63.49,-56.34,-58.53,-56.08,-47.23,-58.43,2026-07-17 14:18:03+00:00
2026-07-17T14:19:03+00:00,-47.42,-55.65,-65.05,-60.98,-66.72,-45.28,-47.95,-61.93,-52.70,-44.47,-48.87,-63.39,-56.53,-58.23,-56.06,-47.19,-58.51,2026-07-17 14:19:03+00:00
2026-07-17T14:20:04+00:00,-47.56,-55.88,-66.24,-60.49,-67.28,-45.21,-47.99,-62.46,-52.63,-44.48,-48.88,-63.83,-56.56,-58.17,-56.17,-47.09,-58.49,2026-07-17 14:20:04+00:00
2026-07-17T14:21:04+00:00,-47.16,-55.86,-66.30,-60.99,-67.39,-45.62,-47.98,-62.88,-52.48,-44.34,-48.80,-63.81,-56.63,-58.10,-55.93,-47.08,-57.85,2026-07-17 14:21:04+00:00
2026-07-17T14:22:03+00:00,-47.51,-56.20,-66.56,-60.70,-65.22,-45.30,-47.85,-62.86,-53.53,-44.40,-48.69,-63.83,-56.59,-57.85,-56.57,-47.19,-58.46,2026-07-17 14:22:03+00:00
2026-07-17T14:23:03+00:00,-47.59,-55.60,-66.26,-61.00,-66.32,-45.32,-47.94,-62.71,-53.45,-44.39,-48.70,-63.19,-56.39,-57.76,-56.16,-47.07,-58.32,2026-07-17 14:23:03+00:00
2026-07-17T14:24:04+00:00,-47.57,-55.88,-65.55,-60.82,-66.32,-45.32,-47.74,-62.66,-53.66,-44.27,-49.01,-63.29,-56.31,-57.54,-56.32,-47.20,-58.38,2026-07-17 14:24:04+00:00
2026-07-17T14:25:04+00:00,-46.92,-55.85,-66.02,-60.64,-66.09,-45.38,-47.88,-62.12,-53.72,-44.32,-48.89,-63.33,-56.33,-57.28,-56.34,-47.28,-57.86,2026-07-17 14:25:04+00:00
2026-07-17T14:26:03+00:00,-45.17,-56.44,-66.30,-60.42,-67.02,-45.58,-47.75,-63.24,-53.50,-44.14,-48.48,-63.46,-56.63,-57.17,-56.69,-47.14,-56.70,2026-07-17 14:26:03+00:00
2026-07-17T14:27:03+00:00,-47.77,-55.48,-66.56,-60.80,-66.92,-45.41,-48.12,-62.63,-53.46,-44.39,-48.64,-63.83,-56.63,-57.01,-56.82,-47.13,-58.00,2026-07-17 14:27:03+00:00
2026-07-17T14:28:04+00:00,-47.40,-55.44,-66.12,-60.49,-65.96,-45.51,-48.48,-62.40,-53.47,-44.44,-48.92,-63.81,-56.35,-57.03,-56.21,-47.10,-58.23,2026-07-17 14:28:04+00:00
2026-07-17T14:29:04+00:00,-45.33,-55.26,-65.20,-61.03,-66.17,-45.49,-48.14,-62.53,-53.26,-44.19,-48.90,-62.70,-56.37,-56.62,-56.79,-47.29,-56.63,2026-07-17 14:29:04+00:00
2026-07-17T14:30:03+00:00,-47.97,-55.68,-65.84,-60.61,-66.39,-45.65,-48.16,-63.00,-53.11,-44.23,-48.83,-63.46,-56.53,-56.60,-56.69,-47.22,-57.99,2026-07-17 14:30:03+00:00
2026-07-17T14:31:03+00:00,-46.80,-55.24,-66.23,-60.73,-65.37,-45.58,-48.18,-62.45,-53.27,-44.39,-48.90,-63.69,-56.72,-56.51,-56.88,-47.13,-57.95,2026-07-17 14:31:03+00:00
2026-07-17T14:32:03+00:00,-46.72,-55.79,-65.86,-60.69,-65.64,-45.81,-48.26,-62.42,-53.17,-44.46,-48.85,-63.04,-56.76,-56.19,-56.21,-47.08,-58.16,2026-07-17 14:32:03+00:00
2026-07-17T14:33:04+00:00,-47.93,-55.82,-66.60,-60.69,-65.74,-45.45,-47.82,-62.53,-53.12,-44.53,-48.70,-63.68,-56.68,-56.25,-56.27,-47.28,-57.98,2026-07-17 14:33:04+00:00
2026-07-17T14:34:04+00:00,-47.20,-56.37,-66.25,-60.48,-66.80,-45.53,-48.01,-62.84,-53.21,-44.61,-48.79,-63.85,-56.54,-56.27,-56.60,-47.12,-57.58,2026-07-17 14:34:04+00:00
2026-07-17T14:35:03+00:00,-47.26,-55.58,-64.73,-60.87,-66.68,-45.45,-48.18,-62.23,-53.12,-44.67,-49.00,-62.76,-56.63,-56.02,-56.17,-47.01,-57.24,2026-07-17 14:35:03+00:00
2026-07-17T14:36:03+00:00,-47.68,-56.21,-66.77,-60.90,-66.33,-45.59,-48.43,-62.60,-53.18,-44.71,-48.73,-63.76,-56.52,-56.18,-56.45,-47.28,-57.68,2026-07-17 14:36:03+00:00
2026-07-17T14:37:03+00:00,-47.01,-56.34,-66.36,-60.92,-65.55,-45.41,-47.98,-61.81,-53.19,-44.78,-48.91,-63.55,-56.43,-55.92,-56.61,-47.21,-57.79,2026-07-17 14:37:03+00:00
2026-07-17T14:38:04+00:00,-48.54,-55.11,-66.10,-60.68,-66.58,-45.51,-47.99,-61.96,-53.37,-44.71,-48.99,-63.39,-56.57,-55.63,-56.71,-47.21,-58.02,2026-07-17 14:38:04+00:00
2026-07-17T14:39:04+00:00,-48.65,-56.19,-66.49,-60.89,-65.81,-45.65,-48.12,-61.80,-53.27,-44.85,-48.86,-63.57,-56.76,-55.53,-56.28,-47.16,-57.92,2026-07-17 14:39:04+00:00
2026-07-17T14:40:03+00:00,-47.03,-55.93,-66.00,-61.11,-65.70,-45.61,-48.22,-61.98,-53.10,-44.91,-48.95,-63.74,-56.72,-55.47,-56.70,-47.19,-58.03,2026-07-17 14:40:03+00:00
2026-07-17T14:41:03+00:00,-47.11,-56.13,-66.77,-60.59,-66.15,-45.35,-47.79,-62.57,-53.23,-44.74,-49.05,-64.02,-56.73,-55.62,-56.33,-46.90,-58.17,2026-07-17 14:41:03+00:00
2026-07-17T14:42:04+00:00,-47.42,-55.81,-67.04,-61.19,-67.04,-45.58,-48.01,-63.13,-53.29,-44.88,-48.84,-64.29,-56.85,-55.73,-56.37,-47.13,-57.81,2026-07-17 14:42:04+00:00
2026-07-17T14:43:04+00:00,-47.76,-56.80,-66.04,-61.14,-65.40,-45.22,-47.96,-62.62,-53.21,-44.76,-48.63,-63.69,-56.68,-55.43,-56.17,-47.19,-57.46,2026-07-17 14:43:04+00:00
2026-07-17T14:44:03+00:00,-47.24,-56.55,-65.66,-60.74,-66.02,-45.18,-48.13,-62.99,-52.93,-44.73,-48.77,-62.90,-56.59,-55.15,-56.13,-47.25,-57.24,2026-07-17 14:44:03+00:00
2026-07-17T14:45:03+00:00,-46.61,-57.08,-66.54,-60.97,-66.16,-45.57,-47.50,-62.67,-52.99,-44.77,-48.78,-64.11,-56.51,-55.21,-56.66,-47.24,-56.58,2026-07-17 14:45:03+00:00
2026-07-17T14:46:04+00:00,-48.75,-57.06,-67.10,-60.82,-66.79,-45.44,-47.89,-62.77,-53.05,-44.70,-48.52,-64.09,-56.88,-55.09,-56.29,-47.36,-57.58,2026-07-17 14:46:04+00:00
2026-07-17T14:47:04+00:00,-47.46,-57.22,-66.50,-61.29,-66.33,-45.40,-47.33,-62.89,-53.10,-44.59,-48.31,-63.92,-56.58,-55.01,-56.50,-47.53,-57.59,2026-07-17 14:47:04+00:00
2026-07-17T14:48:03+00:00,-48.29,-57.53,-66.33,-61.16,-66.70,-45.53,-48.25,-63.50,-53.29,-44.47,-48.21,-63.92,-56.68,-54.91,-56.57,-47.62,-57.88,2026-07-17 14:48:03+00:00
2026-07-17T14:49:03+00:00,-47.47,-58.27,-66.84,-61.40,-66.42,-45.86,-47.97,-63.23,-53.45,-44.52,-48.57,-63.87,-56.55,-54.59,-56.62,-47.36,-57.97,2026-07-17 14:49:03+00:00
2026-07-17T14:50:04+00:00,-48.51,-57.81,-66.74,-60.81,-65.50,-45.40,-48.37,-63.67,-53.15,-44.54,-48.39,-64.03,-56.66,-54.20,-56.45,-47.41,-57.94,2026-07-17 14:50:04+00:00
2026-07-17T14:51:03+00:00,-47.50,-56.87,-66.45,-60.72,-66.05,-45.28,-47.66,-62.86,-53.36,-44.79,-48.56,-63.72,-56.92,-54.10,-56.62,-47.40,-57.61,2026-07-17 14:51:03+00:00
2026-07-17T14:52:03+00:00,-47.55,-56.33,-66.08,-60.83,-66.55,-45.39,-48.27,-62.25,-51.80,-44.72,-48.59,-63.84,-56.79,-53.87,-56.17,-47.17,-56.71,2026-07-17 14:52:03+00:00
2026-07-17T14:53:04+00:00,-47.94,-56.84,-65.54,-60.73,-64.91,-45.39,-47.77,-62.49,-51.96,-44.66,-48.08,-63.14,-56.81,-53.69,-56.17,-47.06,-57.47,2026-07-17 14:53:04+00:00
2026-07-17T14:54:04+00:00,-47.79,-57.14,-65.96,-60.70,-67.27,-45.51,-48.13,-63.05,-51.99,-44.77,-48.44,-63.22,-56.45,-53.63,-56.21,-46.96,-57.49,2026-07-17 14:54:04+00:00
2026-07-17T14:55:03+00:00,-48.11,-56.19,-63.43,-60.67,-65.82,-45.31,-47.66,-62.28,-51.97,-44.82,-48.52,-61.84,-56.36,-53.41,-56.58,-47.02,-57.18,2026-07-17 14:55:03+00:00
2026-07-17T14:56:03+00:00,-47.96,-56.92,-66.25,-60.73,-65.84,-45.68,-48.11,-63.62,-51.99,-44.61,-48.56,-64.00,-56.70,-53.23,-56.41,-47.09,-57.86,2026-07-17 14:56:03+00:00
2026-07-17T14:57:04+00:00,-47.65,-56.72,-65.96,-61.00,-66.92,-45.48,-47.66,-62.68,-51.84,-42.89,-43.27,-63.67,-56.58,-53.29,-56.51,-47.19,-57.82,2026-07-17 14:57:04+00:00
2026-07-17T14:58:04+00:00,-47.26,-57.29,-65.55,-60.55,-66.64,-45.56,-48.09,-63.06,-51.90,-43.01,-43.02,-63.06,-56.60,-53.25,-56.50,-47.03,-57.88,2026-07-17 14:58:04+00:00
2026-07-17T14:59:04+00:00,-47.24,-58.32,-66.94,-61.17,-66.39,-45.62,-47.99,-62.95,-51.89,-43.36,-44.85,-64.09,-56.85,-53.20,-56.65,-47.21,-55.78,2026-07-17 14:59:04+00:00
2026-07-17T15:00:03+00:00,-47.95,-58.31,-66.10,-61.65,-65.88,-45.80,-48.03,-63.75,-51.96,-43.34,-45.16,-63.91,-56.70,-53.19,-56.81,-47.19,-57.90,2026-07-17 15:00:03+00:00
2026-07-17T15:01:03+00:00,-48.01,-58.37,-66.52,-61.61,-65.62,-45.78,-48.06,-63.73,-52.07,-44.40,-48.45,-64.12,-56.63,-52.95,-56.16,-47.54,-58.54,2026-07-17 15:01:03+00:00
2026-07-17T15:02:03+00:00,-48.14,-57.93,-65.40,-61.27,-65.54,-45.86,-48.00,-63.99,-52.00,-44.17,-48.49,-63.45,-56.59,-53.11,-56.59,-47.57,-58.21,2026-07-17 15:02:03+00:00
2026-07-17T15:03:03+00:00,-47.66,-57.97,-65.54,-61.92,-66.05,-45.72,-48.16,-62.64,-51.89,-44.41,-48.57,-63.40,-56.89,-53.11,-56.69,-47.73,-58.04,2026-07-17 15:03:03+00:00
2026-07-17T15:04:04+00:00,-47.57,-58.55,-66.91,-61.47,-66.65,-46.12,-48.29,-63.77,-51.88,-44.30,-48.56,-64.01,-56.84,-53.19,-57.34,-47.68,-53.79,2026-07-17 15:04:04+00:00
2026-07-17T15:05:04+00:00,-48.15,-58.32,-66.03,-61.41,-66.55,-46.02,-48.04,-63.55,-52.01,-44.21,-48.60,-63.66,-57.04,-52.96,-56.73,-47.80,-55.09,2026-07-17 15:05:04+00:00
2026-07-17T15:06:03+00:00,-47.36,-57.62,-65.79,-61.41,-67.00,-46.01,-47.97,-63.49,-51.96,-44.02,-48.55,-63.66,-56.64,-52.77,-56.99,-47.75,-53.58,2026-07-17 15:06:03+00:00
2026-07-17T15:07:04+00:00,-48.26,-58.57,-66.23,-61.43,-66.34,-46.02,-48.13,-63.72,-53.44,-43.97,-48.74,-64.08,-56.76,-52.87,-56.97,-47.64,-53.51,2026-07-17 15:07:04+00:00
2026-07-17T15:08:04+00:00,-48.89,-58.47,-66.64,-61.06,-66.11,-45.89,-48.61,-63.43,-53.20,-44.05,-48.59,-63.66,-56.55,-52.98,-56.95,-47.62,-53.61,2026-07-17 15:08:04+00:00
2026-07-17T15:09:03+00:00,-46.96,-58.14,-65.82,-61.30,-65.85,-45.93,-48.29,-63.13,-53.08,-43.78,-48.85,-63.73,-56.54,-52.49,-57.17,-47.58,-53.37,2026-07-17 15:09:03+00:00
2026-07-17T15:10:04+00:00,-47.22,-59.81,-66.62,-61.35,-65.96,-46.15,-48.21,-63.56,-53.27,-44.23,-48.75,-64.05,-56.79,-52.71,-56.84,-47.53,-53.50,2026-07-17 15:10:04+00:00
2026-07-17T15:11:04+00:00,-47.69,-59.45,-66.76,-61.75,-66.38,-46.00,-47.90,-63.62,-53.02,-44.01,-48.85,-64.45,-57.06,-52.71,-56.94,-47.28,-53.32,2026-07-17 15:11:04+00:00
2026-07-17T15:12:03+00:00,-48.32,-59.07,-65.91,-61.24,-66.35,-46.13,-47.92,-63.04,-53.15,-44.07,-48.68,-63.73,-57.24,-52.47,-57.37,-47.33,-53.48,2026-07-17 15:12:03+00:00
2026-07-17T15:13:03+00:00,-48.07,-59.66,-66.73,-60.70,-66.49,-45.73,-47.48,-63.68,-53.07,-44.00,-48.88,-64.23,-57.24,-52.65,-56.84,-47.11,-53.49,2026-07-17 15:13:03+00:00
2026-07-17T15:14:04+00:00,-48.11,-59.15,-66.29,-60.77,-66.37,-45.98,-47.76,-63.16,-53.06,-44.16,-48.85,-63.09,-57.06,-52.25,-56.38,-47.23,-53.41,2026-07-17 15:14:04+00:00
2026-07-17T15:15:04+00:00,-48.82,-59.66,-66.63,-60.91,-65.83,-46.10,-47.73,-63.64,-52.97,-44.05,-48.88,-64.16,-57.45,-52.11,-56.94,-47.03,-54.81,2026-07-17 15:15:04+00:00
2026-07-17T15:16:03+00:00,-48.71,-59.82,-65.85,-60.95,-66.15,-45.97,-48.55,-63.50,-53.18,-44.06,-48.87,-63.97,-57.52,-52.10,-56.89,-46.71,-53.75,2026-07-17 15:16:03+00:00
2026-07-17T15:17:04+00:00,-46.89,-59.86,-65.07,-60.67,-66.10,-46.01,-47.87,-63.26,-53.05,-44.25,-48.95,-62.84,-57.67,-51.79,-56.52,-46.84,-53.65,2026-07-17 15:17:04+00:00
2026-07-17T15:18:04+00:00,-47.16,-59.10,-65.67,-60.65,-66.10,-46.01,-48.06,-63.15,-53.03,-44.21,-48.86,-63.75,-57.36,-51.67,-56.83,-46.57,-53.61,2026-07-17 15:18:04+00:00
2026-07-17T15:19:04+00:00,-47.82,-55.28,-66.63,-61.16,-66.70,-45.99,-48.08,-63.61,-52.96,-44.12,-48.86,-64.07,-57.52,-51.65,-57.01,-46.70,-53.66,2026-07-17 15:19:04+00:00
2026-07-17T15:20:03+00:00,-46.87,-59.43,-66.04,-60.95,-66.60,-45.98,-47.82,-63.29,-52.97,-44.17,-48.50,-63.54,-57.64,-51.69,-56.82,-46.49,-54.65,2026-07-17 15:20:03+00:00
2026-07-17T15:21:04+00:00,-47.17,-58.07,-65.91,-61.29,-66.25,-45.79,-47.70,-63.25,-52.89,-44.16,-48.47,-63.56,-57.25,-51.29,-56.88,-46.24,-57.65,2026-07-17 15:21:04+00:00
2026-07-17T15:22:04+00:00,-47.21,-59.37,-66.00,-61.14,-65.95,-45.95,-48.18,-63.23,-52.82,-43.96,-48.28,-63.41,-57.33,-51.14,-57.02,-46.36,-57.65,2026-07-17 15:22:04+00:00
2026-07-17T15:23:03+00:00,-47.22,-59.14,-66.85,-61.10,-66.17,-46.14,-47.78,-63.32,-53.05,-44.03,-48.64,-64.01,-57.43,-50.97,-56.96,-46.41,-57.85,2026-07-17 15:23:03+00:00
2026-07-17T15:24:03+00:00,-46.98,-59.62,-64.87,-60.92,-66.10,-45.94,-48.00,-63.06,-53.06,-44.07,-48.53,-63.22,-57.68,-50.68,-56.94,-46.21,-57.69,2026-07-17 15:24:03+00:00
2026-07-17T15:25:04+00:00,-47.10,-60.19,-66.15,-61.07,-66.70,-46.00,-47.90,-62.93,-52.98,-44.01,-48.46,-63.75,-57.56,-50.57,-56.88,-46.17,-58.05,2026-07-17 15:25:04+00:00
2026-07-17T15:26:04+00:00,-46.81,-59.95,-64.83,-60.70,-65.84,-45.97,-48.38,-63.37,-52.87,-44.12,-48.46,-63.71,-57.57,-50.58,-56.49,-46.21,-57.93,2026-07-17 15:26:04+00:00
2026-07-17T15:27:03+00:00,-46.49,-59.42,-66.20,-60.85,-66.13,-46.16,-48.03,-63.18,-53.01,-44.00,-48.67,-64.22,-57.49,-50.27,-57.01,-46.09,-57.57,2026-07-17 15:27:03+00:00
2026-07-17T15:28:03+00:00,-46.28,-60.56,-67.23,-60.90,-66.42,-46.28,-48.42,-63.63,-53.12,-44.18,-48.43,-63.76,-57.51,-50.35,-56.92,-46.09,-57.86,2026-07-17 15:28:03+00:00
2026-07-17T15:29:04+00:00,-44.76,-58.12,-65.48,-60.76,-65.46,-46.02,-48.13,-63.29,-52.96,-44.05,-48.31,-63.57,-57.53,-49.98,-57.20,-45.96,-56.72,2026-07-17 15:29:04+00:00
2026-07-17T15:30:04+00:00,-46.84,-58.28,-66.51,-60.85,-65.91,-45.96,-48.08,-63.23,-53.01,-44.16,-48.29,-64.00,-57.43,-50.23,-56.86,-46.06,-57.79,2026-07-17 15:30:04+00:00
2026-07-17T15:31:04+00:00,-47.37,-59.44,-66.32,-60.96,-66.35,-46.06,-48.32,-63.34,-52.93,-44.17,-48.59,-63.70,-57.44,-49.90,-56.74,-46.00,-58.13,2026-07-17 15:31:04+00:00
2026-07-17T15:32:03+00:00,-48.29,-59.06,-66.32,-60.79,-66.56,-46.17,-48.32,-63.62,-53.02,-44.21,-48.43,-64.11,-57.57,-49.87,-56.93,-46.07,-58.47,2026-07-17 15:32:03+00:00
2026-07-17T15:33:04+00:00,-47.69,-58.73,-65.38,-60.77,-66.55,-46.16,-48.12,-63.12,-50.66,-43.99,-48.54,-63.42,-57.31,-49.76,-56.50,-45.87,-58.49,2026-07-17 15:33:04+00:00
2026-07-17T15:34:04+00:00,-47.68,-58.37,-65.57,-60.79,-66.74,-46.01,-48.05,-63.43,-50.45,-44.01,-48.51,-63.69,-57.48,-49.75,-57.33,-46.00,-58.55,2026-07-17 15:34:04+00:00
2026-07-17T15:35:03+00:00,-48.64,-58.11,-65.67,-60.94,-65.88,-45.90,-47.80,-62.97,-50.61,-44.06,-48.62,-63.67,-57.40,-49.75,-56.63,-45.96,-58.53,2026-07-17 15:35:03+00:00
2026-07-17T15:36:03+00:00,-48.36,-58.86,-66.25,-60.88,-66.42,-45.98,-48.19,-63.23,-50.45,-44.10,-48.57,-63.70,-57.49,-49.60,-56.92,-45.76,-58.52,2026-07-17 15:36:03+00:00
2026-07-17T15:37:04+00:00,-48.17,-57.59,-63.82,-61.12,-66.71,-46.10,-47.88,-60.72,-49.61,-43.97,-48.42,-62.32,-57.33,-49.49,-56.67,-45.89,-56.93,2026-07-17 15:37:04+00:00
2026-07-17T15:38:04+00:00,-47.25,-57.77,-66.01,-61.30,-66.79,-46.12,-48.62,-62.84,-49.08,-44.25,-48.60,-63.22,-57.37,-49.53,-56.67,-45.83,-57.86,2026-07-17 15:38:04+00:00
2026-07-17T15:39:03+00:00,-47.54,-58.91,-65.61,-61.01,-66.35,-46.20,-48.25,-63.51,-49.22,-44.11,-48.53,-63.21,-57.58,-49.35,-56.52,-45.74,-58.82,2026-07-17 15:39:03+00:00
2026-07-17T15:40:03+00:00,-47.79,-58.74,-65.78,-61.15,-66.51,-46.35,-48.56,-63.69,-50.46,-44.16,-48.69,-63.97,-57.80,-49.48,-56.59,-45.85,-58.04,2026-07-17 15:40:03+00:00
2026-07-17T15:41:04+00:00,-48.61,-57.64,-65.59,-60.92,-66.28,-46.20,-48.48,-63.78,-50.45,-44.29,-48.45,-63.50,-57.69,-49.43,-57.14,-45.85,-58.54,2026-07-17 15:41:04+00:00
2026-07-17T15:42:04+00:00,-48.90,-57.59,-62.06,-60.70,-66.03,-46.11,-48.07,-63.18,-51.35,-44.11,-48.65,-62.38,-57.58,-49.45,-57.14,-45.79,-58.16,2026-07-17 15:42:04+00:00
2026-07-17T15:43:03+00:00,-49.31,-58.61,-64.84,-61.08,-66.98,-46.48,-48.62,-63.86,-50.52,-44.29,-48.78,-63.90,-57.73,-49.38,-56.81,-45.66,-58.40,2026-07-17 15:43:03+00:00
2026-07-17T15:44:04+00:00,-48.80,-56.90,-65.73,-61.24,-66.30,-46.33,-48.30,-63.87,-51.20,-44.18,-48.61,-63.81,-57.61,-49.42,-56.76,-45.84,-56.97,2026-07-17 15:44:04+00:00
2026-07-17T15:45:04+00:00,-49.50,-57.18,-66.64,-60.92,-66.67,-46.18,-48.53,-63.68,-51.24,-44.30,-48.90,-63.90,-57.83,-49.44,-56.77,-45.65,-58.23,2026-07-17 15:45:04+00:00
2026-07-17T15:46:04+00:00,-48.88,-56.65,-64.44,-61.08,-66.15,-46.23,-48.20,-63.76,-51.42,-44.27,-48.79,-63.13,-57.56,-49.11,-56.71,-45.72,-56.51,2026-07-17 15:46:04+00:00
2026-07-17T15:47:03+00:00,-48.74,-58.15,-65.96,-61.13,-66.78,-46.16,-48.29,-62.99,-51.42,-44.30,-48.61,-63.90,-57.67,-49.10,-57.02,-45.62,-58.05,2026-07-17 15:47:03+00:00
2026-07-17T15:48:04+00:00,-49.21,-58.19,-66.66,-60.99,-66.16,-46.20,-48.00,-63.43,-51.69,-44.27,-48.72,-64.27,-57.67,-48.95,-56.65,-45.60,-58.12,2026-07-17 15:48:04+00:00
2026-07-17T15:49:04+00:00,-48.72,-58.23,-65.45,-60.88,-66.15,-46.09,-48.30,-63.35,-49.10,-44.61,-49.02,-63.30,-57.96,-49.00,-57.10,-45.47,-57.95,2026-07-17 15:49:04+00:00
2026-07-17T15:50:03+00:00,-49.68,-58.14,-65.06,-60.94,-66.21,-46.07,-48.24,-63.51,-49.63,-44.65,-49.09,-63.16,-57.88,-48.82,-57.05,-45.36,-57.32,2026-07-17 15:50:03+00:00
2026-07-17T15:51:03+00:00,-49.05,-57.84,-64.91,-60.96,-65.67,-46.24,-48.36,-63.07,-50.22,-44.44,-48.86,-63.04,-57.89,-48.88,-57.19,-45.20,-57.10,2026-07-17 15:51:03+00:00
2026-07-17T15:52:04+00:00,-49.38,-58.10,-65.75,-61.16,-66.52,-46.13,-48.11,-63.66,-50.26,-44.54,-48.96,-63.93,-58.04,-48.81,-57.15,-45.17,-57.63,2026-07-17 15:52:04+00:00
2026-07-17T15:53:04+00:00,-49.09,-57.95,-65.56,-60.96,-65.94,-46.33,-48.33,-63.43,-50.32,-44.65,-48.76,-63.76,-57.88,-48.61,-56.71,-45.19,-57.64,2026-07-17 15:53:04+00:00
2026-07-17T15:54:03+00:00,-49.07,-57.80,-65.66,-61.45,-66.34,-46.36,-48.01,-63.84,-51.28,-44.43,-48.44,-64.02,-57.94,-48.74,-57.03,-45.19,-57.39,2026-07-17 15:54:03+00:00
2026-07-17T15:55:03+00:00,-48.99,-57.76,-65.59,-61.67,-65.37,-46.15,-48.38,-63.48,-51.33,-44.30,-48.62,-63.81,-58.12,-48.47,-56.68,-45.07,-57.53,2026-07-17 15:55:03+00:00
2026-07-17T15:56:04+00:00,-49.55,-57.89,-63.22,-61.67,-67.09,-46.20,-48.27,-63.39,-52.86,-44.44,-48.68,-63.01,-58.04,-48.54,-57.07,-45.18,-57.69,2026-07-17 15:56:04+00:00
2026-07-17T15:57:04+00:00,-49.38,-58.12,-63.52,-61.08,-66.37,-46.09,-48.27,-64.08,-51.12,-44.49,-48.75,-64.43,-58.11,-48.34,-56.82,-45.23,-57.58,2026-07-17 15:57:04+00:00
2026-07-17T15:58:03+00:00,-49.57,-57.52,-62.95,-61.62,-65.74,-46.14,-48.45,-63.92,-51.11,-44.56,-48.69,-63.72,-58.08,-48.38,-57.22,-45.12,-57.27,2026-07-17 15:58:03+00:00
2026-07-17T15:59:03+00:00,-49.50,-57.73,-63.26,-61.39,-66.60,-46.19,-48.31,-63.61,-50.87,-44.61,-48.45,-64.02,-58.18,-48.47,-57.57,-45.10,-57.53,2026-07-17 15:59:03+00:00
2026-07-17T16:00:04+00:00,-48.66,-57.54,-62.78,-61.25,-65.40,-46.05,-48.28,-64.27,-51.24,-44.44,-48.53,-63.35,-58.39,-48.31,-57.39,-45.23,-57.49,2026-07-17 16:00:04+00:00
2026-07-17T16:01:04+00:00,-48.00,-57.33,-62.51,-61.02,-66.30,-46.05,-48.21,-61.80,-50.88,-44.62,-48.58,-63.81,-57.47,-48.23,-57.11,-45.27,-56.52,2026-07-17 16:01:04+00:00
2026-07-17T16:02:03+00:00,-47.77,-56.85,-63.24,-60.88,-66.13,-46.32,-48.31,-63.22,-50.94,-44.48,-48.37,-65.25,-57.77,-48.31,-57.10,-45.20,-56.64,2026-07-17 16:02:03+00:00
2026-07-17T16:03:04+00:00,-47.64,-54.77,-63.14,-60.93,-65.45,-46.09,-48.49,-63.26,-51.04,-44.52,-48.57,-65.18,-57.43,-48.41,-57.34,-45.21,-56.93,2026-07-17 16:03:04+00:00
2026-07-17T16:04:04+00:00,-47.48,-57.84,-62.94,-61.31,-66.50,-46.26,-48.40,-62.90,-50.96,-44.62,-48.60,-65.30,-57.71,-48.29,-57.39,-45.30,-56.95,2026-07-17 16:04:04+00:00
2026-07-17T16:05:03+00:00,-46.90,-57.98,-62.72,-61.31,-66.44,-46.09,-48.34,-63.97,-50.90,-44.45,-48.43,-63.76,-58.38,-48.30,-57.62,-45.32,-56.43,2026-07-17 16:05:03+00:00
2026-07-17T16:06:04+00:00,-45.72,-57.44,-63.34,-61.09,-66.39,-46.15,-47.92,-63.29,-51.03,-44.63,-48.48,-63.59,-57.70,-48.14,-57.56,-45.24,-56.34,2026-07-17 16:06:04+00:00
2026-07-17T16:07:03+00:00,-47.59,-57.85,-63.45,-61.25,-65.88,-46.07,-48.01,-63.49,-50.83,-44.73,-48.53,-63.52,-58.14,-48.33,-57.47,-45.33,-57.20,2026-07-17 16:07:03+00:00
2026-07-17T16:08:03+00:00,-47.53,-57.62,-63.38,-61.52,-67.11,-46.20,-47.96,-63.79,-51.14,-44.81,-48.23,-64.03,-58.32,-48.34,-57.53,-45.27,-57.75,2026-07-17 16:08:03+00:00
2026-07-17T16:09:04+00:00,-47.36,-56.99,-63.17,-61.39,-66.36,-46.07,-48.04,-63.72,-50.99,-44.61,-48.09,-64.86,-57.84,-48.19,-57.56,-45.33,-56.95,2026-07-17 16:09:04+00:00
2026-07-17T16:10:04+00:00,-46.52,-58.01,-63.70,-61.50,-66.13,-46.20,-48.22,-63.65,-51.11,-44.64,-48.26,-65.77,-57.71,-48.41,-57.62,-45.36,-57.12,2026-07-17 16:10:04+00:00
2026-07-17T16:11:03+00:00,-47.10,-57.88,-63.17,-61.47,-66.88,-46.31,-48.03,-64.00,-51.04,-44.65,-48.24,-64.88,-58.19,-48.31,-57.74,-45.47,-57.49,2026-07-17 16:11:03+00:00
2026-07-17T16:12:03+00:00,-48.73,-57.02,-62.90,-61.39,-66.36,-46.34,-48.33,-63.57,-51.12,-44.37,-48.41,-65.06,-57.97,-48.33,-57.46,-45.58,-56.96,2026-07-17 16:12:03+00:00
2026-07-17T16:13:04+00:00,-47.04,-57.90,-63.33,-61.88,-65.93,-46.41,-48.05,-63.82,-51.11,-44.57,-48.37,-64.82,-57.97,-48.41,-57.54,-45.43,-57.53,2026-07-17 16:13:04+00:00
2026-07-17T16:14:04+00:00,-47.12,-56.50,-62.83,-61.23,-66.41,-46.28,-48.11,-63.58,-51.03,-44.58,-48.30,-62.35,-57.71,-48.45,-57.46,-45.60,-57.03,2026-07-17 16:14:04+00:00
2026-07-17T16:15:03+00:00,-47.72,-57.69,-63.33,-61.58,-66.13,-46.10,-48.07,-64.03,-51.11,-44.52,-48.44,-64.44,-58.35,-48.31,-57.74,-45.61,-57.52,2026-07-17 16:15:03+00:00
2026-07-17T16:16:04+00:00,-48.11,-57.65,-63.00,-61.41,-67.28,-46.36,-48.08,-64.10,-51.12,-44.53,-48.14,-63.97,-58.51,-48.40,-57.55,-45.64,-56.80,2026-07-17 16:16:04+00:00
2026-07-17T16:17:04+00:00,-47.49,-57.03,-62.28,-61.47,-67.12,-46.11,-48.56,-63.14,-50.78,-44.41,-48.11,-62.73,-58.66,-48.32,-57.62,-45.70,-57.11,2026-07-17 16:17:04+00:00
2026-07-17T16:18:03+00:00,-48.73,-57.58,-63.29,-61.35,-66.13,-46.16,-48.32,-63.54,-50.67,-44.36,-48.12,-63.72,-58.28,-48.26,-58.37,-45.79,-57.12,2026-07-17 16:18:03+00:00
2026-07-17T16:19:03+00:00,-47.45,-57.84,-63.32,-61.52,-66.67,-46.30,-48.29,-64.02,-50.66,-44.52,-47.98,-64.38,-56.87,-48.37,-57.50,-45.73,-57.05,2026-07-17 16:19:03+00:00
2026-07-17T16:20:04+00:00,-47.49,-57.60,-63.04,-61.24,-66.46,-46.34,-48.37,-64.25,-50.76,-44.36,-48.01,-64.05,-57.22,-48.26,-57.81,-45.88,-56.85,2026-07-17 16:20:04+00:00
2026-07-17T16:21:04+00:00,-48.03,-58.10,-63.53,-61.43,-65.62,-46.16,-48.05,-64.15,-49.83,-44.19,-37.13,-63.57,-57.30,-48.28,-57.88,-45.65,-54.14,2026-07-17 16:21:04+00:00
2026-07-17T16:22:03+00:00,-46.91,-58.41,-64.15,-61.64,-66.76,-46.38,-48.61,-63.16,-51.19,-44.60,-47.96,-64.01,-57.43,-47.89,-57.38,-45.81,-56.98,2026-07-17 16:22:03+00:00
2026-07-17T16:23:03+00:00,-47.36,-58.78,-64.30,-61.38,-65.81,-46.37,-48.21,-63.81,-51.17,-44.75,-47.96,-63.86,-57.49,-47.90,-57.46,-45.71,-56.63,2026-07-17 16:23:03+00:00
2026-07-17T16:24:04+00:00,-47.55,-58.07,-63.73,-61.64,-65.84,-46.50,-48.69,-63.39,-50.56,-44.71,-47.99,-64.25,-57.77,-47.71,-57.08,-45.69,-56.57,2026-07-17 16:24:04+00:00
2026-07-17T16:25:04+00:00,-47.56,-58.61,-63.11,-61.65,-65.93,-46.74,-48.52,-63.79,-49.95,-44.80,-47.94,-64.32,-57.74,-47.65,-57.40,-45.83,-56.45,2026-07-17 16:25:04+00:00
2026-07-17T16:26:03+00:00,-47.65,-58.08,-62.88,-61.61,-67.32,-46.30,-48.30,-62.08,-49.61,-44.63,-47.95,-63.36,-57.57,-47.52,-57.28,-45.81,-56.82,2026-07-17 16:26:03+00:00
2026-07-17T16:27:04+00:00,-47.56,-57.71,-63.35,-61.87,-66.70,-46.26,-48.79,-63.59,-49.81,-44.91,-47.80,-63.94,-57.63,-47.32,-57.59,-45.89,-56.51,2026-07-17 16:27:04+00:00
2026-07-17T16:28:04+00:00,-45.60,-58.48,-63.06,-61.74,-65.95,-46.43,-48.44,-62.84,-49.73,-44.64,-47.88,-64.10,-57.14,-47.48,-57.65,-45.89,-55.81,2026-07-17 16:28:04+00:00
2026-07-17T16:29:03+00:00,-47.59,-58.30,-62.73,-61.74,-66.55,-46.29,-48.44,-63.24,-50.03,-44.78,-47.87,-63.83,-57.51,-47.23,-57.60,-45.99,-56.55,2026-07-17 16:29:03+00:00
2026-07-17T16:30:03+00:00,-47.80,-58.51,-62.45,-61.84,-65.40,-46.33,-48.52,-63.18,-49.89,-44.71,-47.78,-63.58,-57.40,-47.18,-57.57,-45.91,-56.42,2026-07-17 16:30:03+00:00
2026-07-17T16:31:03+00:00,-47.03,-59.52,-63.68,-61.85,-65.33,-46.27,-48.49,-63.40,-51.03,-44.60,-47.57,-63.77,-57.48,-47.18,-57.52,-45.81,-56.38,2026-07-17 16:31:03+00:00
2026-07-17T16:32:03+00:00,-47.95,-59.40,-63.69,-61.82,-65.94,-46.22,-48.07,-63.17,-51.63,-44.49,-47.77,-63.25,-57.49,-47.16,-58.02,-45.94,-56.69,2026-07-17 16:32:03+00:00
2026-07-17T16:33:03+00:00,-46.61,-59.00,-63.74,-61.95,-66.17,-46.47,-48.39,-63.01,-50.98,-44.85,-47.69,-63.80,-57.48,-46.91,-57.75,-45.96,-56.44,2026-07-17 16:33:03+00:00
2026-07-17T16:34:04+00:00,-47.25,-58.44,-62.77,-61.43,-66.54,-46.20,-47.90,-62.50,-49.96,-44.78,-47.62,-63.31,-57.74,-46.89,-57.66,-45.91,-56.58,2026-07-17 16:34:04+00:00
2026-07-17T16:35:03+00:00,-47.72,-58.61,-63.10,-61.99,-65.66,-46.27,-48.45,-63.45,-50.18,-44.80,-47.57,-64.27,-57.80,-46.68,-57.93,-45.78,-56.49,2026-07-17 16:35:03+00:00
2026-07-17T16:36:03+00:00,-47.77,-58.62,-62.87,-61.77,-65.73,-46.45,-48.34,-63.92,-51.42,-44.71,-47.88,-63.62,-57.67,-46.74,-57.60,-45.78,-56.64,2026-07-17 16:36:03+00:00
2026-07-17T16:37:04+00:00,-47.05,-58.71,-62.29,-61.74,-66.14,-46.22,-48.40,-63.61,-51.25,-44.85,-47.62,-63.57,-57.30,-46.71,-57.23,-45.85,-56.48,2026-07-17 16:37:04+00:00
2026-07-17T16:38:04+00:00,-46.61,-58.47,-62.14,-61.84,-65.89,-46.33,-48.77,-63.68,-51.21,-44.75,-47.72,-62.75,-57.76,-46.67,-57.79,-45.78,-56.76,2026-07-17 16:38:04+00:00
2026-07-17T16:39:03+00:00,-46.48,-59.12,-62.24,-61.88,-65.60,-46.14,-48.25,-62.48,-51.08,-44.76,-47.70,-62.97,-57.43,-46.58,-57.49,-45.88,-56.72,2026-07-17 16:39:03+00:00
2026-07-17T16:40:04+00:00,-46.40,-58.91,-62.55,-62.05,-66.16,-46.13,-48.54,-62.61,-50.92,-44.85,-47.78,-63.35,-57.55,-46.38,-57.93,-45.98,-56.83,2026-07-17 16:40:04+00:00
2026-07-17T16:41:04+00:00,-46.78,-57.34,-63.66,-61.79,-65.54,-51.11,-48.42,-63.62,-52.59,-44.69,-47.88,-63.11,-57.49,-46.22,-57.89,-45.98,-56.69,2026-07-17 16:41:04+00:00
2026-07-17T16:42:04+00:00,-46.69,-58.10,-63.78,-61.85,-66.99,-51.15,-48.52,-63.64,-53.01,-44.53,-47.66,-63.53,-57.35,-46.34,-57.72,-46.06,-56.75,2026-07-17 16:42:04+00:00
2026-07-17T16:43:03+00:00,-47.11,-58.86,-64.37,-61.95,-66.09,-51.29,-48.64,-63.36,-52.05,-44.57,-47.65,-64.06,-57.93,-46.47,-58.07,-46.14,-56.89,2026-07-17 16:43:03+00:00
2026-07-17T16:44:04+00:00,-47.09,-57.32,-63.38,-61.90,-66.36,-51.06,-48.78,-63.91,-51.08,-44.84,-47.62,-63.75,-57.07,-46.42,-57.65,-45.91,-56.83,2026-07-17 16:44:04+00:00
2026-07-17T16:45:04+00:00,-46.56,-58.72,-63.27,-62.02,-66.21,-51.12,-48.52,-63.11,-50.91,-44.73,-47.75,-63.50,-57.04,-46.52,-57.73,-45.98,-56.77,2026-07-17 16:45:04+00:00
2026-07-17T16:46:03+00:00,-46.23,-58.56,-63.54,-61.77,-65.84,-51.11,-48.22,-63.67,-50.62,-43.76,-45.66,-63.45,-56.40,-46.33,-57.41,-46.08,-56.63,2026-07-17 16:46:03+00:00
2026-07-17T16:47:03+00:00,-46.38,-58.88,-62.89,-62.00,-66.27,-51.19,-48.50,-60.93,-50.62,-42.94,-43.32,-62.45,-56.27,-46.30,-57.81,-46.10,-56.50,2026-07-17 16:47:03+00:00
2026-07-17T16:48:04+00:00,-46.27,-58.30,-63.05,-61.75,-66.26,-50.87,-48.34,-63.21,-50.76,-43.40,-44.70,-63.64,-56.36,-46.33,-57.52,-46.24,-56.72,2026-07-17 16:48:04+00:00
2026-07-17T16:49:04+00:00,-46.06,-58.29,-63.88,-61.74,-66.08,-50.92,-48.81,-63.63,-52.53,-43.78,-45.27,-63.81,-56.25,-46.20,-57.95,-46.44,-56.62,2026-07-17 16:49:04+00:00
2026-07-17T16:50:03+00:00,-46.62,-58.18,-63.23,-61.72,-65.82,-51.08,-48.34,-63.40,-52.83,-44.47,-47.50,-63.12,-56.51,-46.13,-57.89,-46.54,-56.46,2026-07-17 16:50:03+00:00
2026-07-17T16:51:03+00:00,-46.24,-58.32,-63.60,-61.84,-65.70,-51.12,-48.55,-62.67,-51.98,-44.44,-47.90,-63.85,-56.49,-46.06,-57.75,-46.55,-56.92,2026-07-17 16:51:03+00:00
2026-07-17T16:52:03+00:00,-46.47,-58.30,-63.25,-61.53,-66.45,-50.96,-48.38,-63.58,-50.76,-44.25,-47.76,-63.72,-57.26,-45.79,-57.41,-46.65,-56.80,2026-07-17 16:52:03+00:00
2026-07-17T16:53:04+00:00,-46.49,-57.85,-62.95,-61.59,-66.59,-51.13,-48.23,-63.87,-51.10,-44.13,-48.07,-63.47,-55.98,-46.01,-57.55,-46.66,-56.20,2026-07-17 16:53:04+00:00
2026-07-17T16:54:04+00:00,-46.67,-56.84,-61.92,-61.69,-67.39,-50.78,-48.76,-60.23,-51.14,-44.00,-47.66,-61.70,-56.03,-46.15,-58.01,-46.87,-55.78,2026-07-17 16:54:04+00:00
2026-07-17T16:55:03+00:00,-46.60,-57.22,-64.52,-61.84,-65.72,-51.11,-48.40,-64.62,-50.61,-44.06,-47.92,-64.08,-56.06,-46.11,-57.59,-46.73,-56.84,2026-07-17 16:55:03+00:00
2026-07-17T16:56:04+00:00,-46.40,-56.85,-63.47,-61.88,-66.20,-51.12,-48.85,-64.01,-50.17,-44.08,-47.86,-63.80,-55.85,-46.11,-57.69,-46.77,-56.68,2026-07-17 16:56:04+00:00
2026-07-17T16:57:04+00:00,-46.63,-56.60,-63.30,-61.98,-67.24,-51.14,-48.83,-63.92,-50.21,-44.02,-47.93,-63.42,-56.08,-45.83,-57.81,-46.73,-56.17,2026-07-17 16:57:04+00:00
2026-07-17T16:58:03+00:00,-46.01,-56.83,-62.49,-61.99,-67.26,-50.84,-48.37,-62.96,-49.45,-44.08,-48.00,-62.52,-56.13,-45.91,-57.90,-46.81,-56.61,2026-07-17 16:58:03+00:00
2026-07-17T16:59:03+00:00,-46.61,-56.63,-63.24,-62.08,-66.30,-51.17,-48.55,-63.35,-49.47,-44.25,-48.07,-64.35,-56.01,-45.78,-57.65,-46.85,-57.23,2026-07-17 16:59:03+00:00
2026-07-17T17:00:04+00:00,-46.35,-56.34,-64.01,-61.72,-66.11,-51.14,-48.49,-63.35,-50.65,-44.16,-48.10,-63.79,-56.11,-45.77,-57.97,-46.99,-57.20,2026-07-17 17:00:04+00:00
2026-07-17T17:01:04+00:00,-45.46,-56.10,-61.91,-61.61,-66.11,-51.37,-48.39,-63.47,-50.48,-44.12,-48.04,-62.53,-55.90,-45.92,-58.16,-47.10,-56.44,2026-07-17 17:01:04+00:00
2026-07-17T17:02:04+00:00,-47.16,-55.65,-63.84,-62.01,-65.89,-51.19,-48.94,-62.51,-50.01,-44.09,-48.12,-64.06,-55.81,-45.90,-57.72,-47.12,-56.99,2026-07-17 17:02:04+00:00
2026-07-17T17:03:04+00:00,-46.76,-55.19,-63.51,-62.04,-66.25,-51.22,-49.19,-63.21,-49.22,-44.45,-47.74,-64.10,-55.64,-45.84,-57.52,-47.14,-56.65,2026-07-17 17:03:04+00:00
2026-07-17T17:04:03+00:00,-46.33,-54.18,-63.12,-62.16,-65.49,-51.30,-48.81,-62.65,-49.03,-44.26,-45.93,-64.44,-55.43,-46.01,-57.57,-46.86,-57.29,2026-07-17 17:04:03+00:00
2026-07-17T17:05:04+00:00,-46.18,-53.57,-63.18,-62.11,-65.70,-51.13,-48.90,-62.80,-49.16,-44.29,-45.54,-63.98,-55.91,-45.69,-57.75,-46.96,-57.20,2026-07-17 17:05:04+00:00
2026-07-17T17:06:03+00:00,-46.90,-52.79,-64.32,-61.65,-66.63,-51.12,-48.90,-63.12,-49.71,-44.34,-45.57,-64.39,-55.93,-45.75,-57.93,-47.02,-57.24,2026-07-17 17:06:03+00:00
2026-07-17T17:07:04+00:00,-47.06,-53.06,-64.43,-62.13,-67.19,-51.12,-48.57,-63.97,-50.78,-44.30,-45.84,-64.60,-55.96,-45.83,-58.20,-47.02,-56.93,2026-07-17 17:07:04+00:00
2026-07-17T17:08:04+00:00,-46.81,-53.41,-63.52,-62.15,-66.55,-51.17,-48.44,-63.52,-50.58,-44.35,-45.89,-64.59,-55.92,-45.71,-57.69,-47.04,-57.12,2026-07-17 17:08:04+00:00
2026-07-17T17:09:03+00:00,-45.55,-53.74,-62.54,-61.99,-66.55,-51.19,-48.89,-63.06,-49.89,-44.45,-45.91,-63.99,-56.32,-45.65,-57.58,-47.16,-56.71,2026-07-17 17:09:03+00:00
2026-07-17T17:10:04+00:00,-46.42,-54.58,-63.15,-62.07,-66.34,-51.19,-48.87,-63.85,-49.59,-44.46,-45.95,-64.13,-55.65,-45.90,-57.90,-47.17,-57.18,2026-07-17 17:10:04+00:00
2026-07-17T17:11:04+00:00,-46.40,-54.87,-63.00,-61.91,-66.12,-51.13,-48.90,-63.27,-49.61,-45.25,-46.22,-63.76,-56.07,-45.68,-57.91,-46.96,-56.82,2026-07-17 17:11:04+00:00
2026-07-17T17:12:03+00:00,-46.42,-54.59,-64.04,-62.38,-66.44,-51.17,-48.74,-64.04,-51.36,-45.31,-46.32,-63.95,-55.83,-45.78,-58.12,-47.00,-57.19,2026-07-17 17:12:03+00:00
2026-07-17T17:13:03+00:00,-47.05,-55.01,-63.76,-62.29,-66.42,-51.34,-49.07,-64.60,-49.76,-45.27,-46.32,-64.05,-56.12,-45.84,-57.96,-47.10,-57.18,2026-07-17 17:13:03+00:00
2026-07-17T17:14:04+00:00,-46.32,-55.92,-63.76,-62.04,-66.29,-51.37,-48.99,-63.78,-49.80,-45.29,-46.19,-64.02,-55.83,-45.63,-57.91,-47.09,-56.90,2026-07-17 17:14:04+00:00
2026-07-17T17:15:04+00:00,-47.00,-56.28,-63.10,-61.85,-65.56,-51.25,-49.18,-63.10,-49.06,-45.43,-46.32,-64.32,-55.81,-45.58,-58.20,-46.88,-56.76,2026-07-17 17:15:04+00:00
2026-07-17T17:16:03+00:00,-47.00,-56.85,-62.89,-62.10,-65.85,-51.24,-48.92,-64.15,-49.15,-45.55,-46.52,-63.94,-55.99,-45.73,-58.18,-46.86,-56.88,2026-07-17 17:16:03+00:00
2026-07-17T17:17:04+00:00,-46.21,-56.58,-63.19,-61.78,-66.75,-51.16,-49.11,-63.50,-49.86,-45.13,-46.47,-63.18,-55.67,-45.70,-58.24,-47.03,-56.55,2026-07-17 17:17:04+00:00
2026-07-17T17:18:04+00:00,-47.34,-57.87,-64.20,-62.20,-65.45,-51.15,-49.02,-64.58,-50.93,-45.63,-46.52,-64.18,-55.79,-45.80,-57.79,-47.08,-57.10,2026-07-17 17:18:04+00:00
2026-07-17T17:19:03+00:00,-46.04,-57.85,-63.74,-62.06,-66.61,-51.22,-49.22,-64.07,-50.65,-45.72,-46.48,-64.13,-55.81,-45.68,-57.78,-47.05,-56.84,2026-07-17 17:19:03+00:00
2026-07-17T17:20:03+00:00,-46.33,-58.14,-64.00,-62.09,-66.05,-51.11,-48.73,-64.25,-49.75,-45.74,-46.78,-64.05,-55.76,-45.64,-58.18,-46.97,-56.72,2026-07-17 17:20:03+00:00
2026-07-17T17:21:04+00:00,-46.10,-58.28,-63.19,-61.90,-66.91,-51.20,-48.76,-63.87,-50.03,-46.04,-46.81,-63.80,-55.98,-45.77,-57.92,-47.10,-56.99,2026-07-17 17:21:04+00:00
2026-07-17T17:22:04+00:00,-46.90,-58.56,-62.80,-61.93,-66.34,-51.04,-48.71,-64.38,-50.12,-45.88,-46.77,-63.69,-55.08,-45.79,-58.14,-47.08,-57.13,2026-07-17 17:22:04+00:00
2026-07-17T17:23:03+00:00,-46.01,-58.59,-63.96,-61.85,-66.64,-51.13,-48.82,-63.97,-51.68,-45.86,-47.15,-64.04,-55.03,-45.72,-57.93,-47.08,-57.27,2026-07-17 17:23:03+00:00
2026-07-17T17:24:04+00:00,-46.13,-59.04,-63.60,-62.32,-66.40,-51.31,-48.96,-64.04,-51.63,-45.99,-46.55,-63.86,-54.47,-45.74,-58.61,-47.11,-53.73,2026-07-17 17:24:04+00:00
2026-07-17T17:25:04+00:00,-46.73,-58.80,-63.69,-62.21,-65.99,-51.25,-48.95,-64.20,-51.04,-46.13,-47.52,-64.30,-54.50,-45.68,-58.10,-47.18,-53.70,2026-07-17 17:25:04+00:00
2026-07-17T17:26:03+00:00,-44.49,-58.87,-62.92,-61.60,-66.50,-51.30,-48.83,-64.32,-50.10,-46.14,-46.54,-64.10,-56.41,-45.80,-58.10,-47.37,-53.98,2026-07-17 17:26:03+00:00
2026-07-17T17:27:03+00:00,-46.79,-59.20,-63.16,-61.87,-66.44,-51.03,-48.84,-64.22,-49.96,-46.00,-47.25,-64.33,-55.05,-45.62,-57.76,-47.56,-53.80,2026-07-17 17:27:03+00:00
2026-07-17T17:28:04+00:00,-46.96,-58.99,-63.29,-62.12,-66.73,-51.22,-48.99,-64.42,-50.22,-46.00,-47.41,-64.38,-56.48,-45.60,-58.44,-47.80,-53.67,2026-07-17 17:28:04+00:00
2026-07-17T17:29:04+00:00,-47.00,-58.53,-62.72,-61.83,-66.53,-51.22,-48.93,-63.09,-51.83,-46.02,-47.35,-64.04,-56.79,-45.74,-57.97,-47.87,-52.12,2026-07-17 17:29:04+00:00
2026-07-17T17:30:03+00:00,-46.56,-58.11,-63.27,-61.65,-65.78,-51.27,-49.64,-62.71,-51.31,-45.66,-47.47,-64.32,-55.68,-45.90,-58.33,-47.93,-54.05,2026-07-17 17:30:03+00:00
2026-07-17T17:31:04+00:00,-46.77,-59.36,-63.32,-61.71,-66.01,-49.32,-49.12,-63.21,-51.20,-45.87,-47.61,-64.40,-56.52,-45.53,-58.25,-48.07,-53.37,2026-07-17 17:31:04+00:00
2026-07-17T17:32:04+00:00,-46.76,-58.85,-63.31,-62.03,-66.23,-49.52,-49.06,-63.50,-50.23,-46.00,-47.16,-64.77,-55.62,-45.58,-57.67,-48.02,-53.69,2026-07-17 17:32:04+00:00
2026-07-17T17:33:03+00:00,-46.87,-58.96,-63.32,-62.15,-67.71,-45.86,-49.07,-63.65,-50.20,-45.91,-47.60,-64.56,-57.74,-45.38,-57.73,-48.28,-54.27,2026-07-17 17:33:03+00:00
2026-07-17T17:34:03+00:00,-46.88,-58.40,-64.11,-61.81,-67.21,-44.82,-48.82,-63.58,-51.49,-46.09,-48.64,-64.64,-57.99,-45.64,-57.75,-48.43,-56.75,2026-07-17 17:34:03+00:00
2026-07-17T17:35:04+00:00,-46.85,-58.65,-63.87,-62.35,-65.82,-44.77,-49.11,-63.43,-51.77,-45.95,-48.29,-64.69,-58.03,-45.60,-57.60,-48.55,-56.73,2026-07-17 17:35:04+00:00
2026-07-17T17:36:04+00:00,-46.80,-58.50,-63.91,-62.15,-66.45,-44.56,-48.89,-63.61,-50.75,-46.03,-48.16,-64.85,-58.22,-45.65,-58.41,-48.52,-56.96,2026-07-17 17:36:04+00:00
2026-07-17T17:37:03+00:00,-47.12,-57.70,-63.35,-62.08,-66.57,-44.66,-49.10,-63.60,-50.69,-45.99,-46.95,-64.84,-58.28,-45.68,-58.43,-48.62,-56.91,2026-07-17 17:37:03+00:00
2026-07-17T17:38:04+00:00,-47.57,-57.67,-63.88,-62.25,-65.79,-44.80,-49.31,-62.95,-50.90,-46.07,-47.70,-64.24,-58.41,-45.59,-58.26,-48.60,-57.50,2026-07-17 17:38:04+00:00
2026-07-17T17:39:04+00:00,-47.56,-58.54,-64.09,-62.07,-66.55,-44.78,-49.34,-62.96,-50.95,-45.78,-42.63,-64.19,-58.47,-45.47,-58.34,-48.82,-55.09,2026-07-17 17:39:04+00:00
2026-07-17T17:40:03+00:00,-47.15,-57.91,-63.91,-62.06,-65.84,-44.76,-49.09,-63.25,-50.85,-45.92,-46.59,-64.31,-58.82,-45.68,-57.69,-48.63,-57.36,2026-07-17 17:40:03+00:00
2026-07-17T17:41:03+00:00,-47.59,-58.69,-64.49,-62.69,-67.08,-44.91,-49.10,-63.62,-51.00,-45.92,-47.97,-64.83,-58.91,-45.59,-58.25,-48.81,-57.31,2026-07-17 17:41:03+00:00
2026-07-17T17:42:04+00:00,-47.71,-58.42,-63.92,-62.00,-65.85,-44.85,-49.32,-62.75,-50.76,-46.19,-47.39,-64.32,-58.93,-45.83,-58.05,-48.79,-57.26,2026-07-17 17:42:04+00:00
2026-07-17T17:43:04+00:00,-47.53,-58.51,-64.09,-62.01,-65.97,-44.94,-49.62,-62.83,-50.74,-46.07,-47.62,-64.41,-58.95,-45.73,-57.90,-48.79,-57.04,2026-07-17 17:43:04+00:00
2026-07-17T17:44:03+00:00,-47.70,-58.52,-64.47,-62.13,-66.23,-44.76,-49.34,-62.89,-51.44,-46.04,-47.75,-64.75,-59.06,-45.89,-58.41,-49.03,-57.61,2026-07-17 17:44:03+00:00
2026-07-17T17:45:03+00:00,-45.47,-57.90,-63.96,-61.70,-65.81,-44.92,-49.69,-62.83,-50.83,-46.11,-47.67,-64.27,-59.13,-45.97,-58.46,-48.95,-56.30,2026-07-17 17:45:03+00:00
2026-07-17T17:46:04+00:00,-47.35,-58.44,-62.05,-62.31,-65.84,-44.84,-49.49,-63.00,-51.25,-46.21,-47.57,-64.42,-59.33,-45.96,-58.51,-49.02,-57.48,2026-07-17 17:46:04+00:00
2026-07-17T17:47:04+00:00,-47.88,-58.11,-61.46,-61.94,-66.83,-44.92,-49.55,-62.37,-50.43,-46.12,-47.02,-64.47,-59.44,-45.73,-58.53,-49.34,-57.69,2026-07-17 17:47:04+00:00
2026-07-17T17:48:03+00:00,-47.30,-58.15,-64.40,-62.04,-66.73,-44.90,-49.33,-63.26,-50.49,-46.12,-47.55,-64.69,-59.55,-46.03,-58.79,-49.46,-57.24,2026-07-17 17:48:03+00:00
2026-07-17T17:49:03+00:00,-47.29,-58.21,-64.01,-61.83,-65.71,-44.90,-49.96,-63.06,-50.52,-46.21,-47.71,-64.66,-59.55,-45.90,-58.39,-49.65,-57.20,2026-07-17 17:49:03+00:00
2026-07-17T17:50:04+00:00,-47.34,-58.18,-63.66,-61.91,-65.62,-45.19,-50.15,-62.35,-50.32,-45.91,-43.67,-63.66,-59.66,-45.81,-58.63,-49.48,-55.55,2026-07-17 17:50:04+00:00
2026-07-17T17:51:04+00:00,-47.50,-58.09,-63.72,-61.94,-66.54,-45.08,-49.98,-62.96,-49.64,-46.25,-47.71,-64.40,-59.73,-45.91,-58.52,-49.60,-57.23,2026-07-17 17:51:04+00:00
2026-07-17T17:52:03+00:00,-47.67,-58.46,-63.84,-61.85,-66.67,-44.99,-49.70,-63.12,-49.66,-46.31,-47.68,-64.24,-59.97,-45.93,-58.69,-49.67,-57.36,2026-07-17 17:52:03+00:00
2026-07-17T17:53:04+00:00,-48.61,-58.09,-63.23,-62.17,-65.99,-44.97,-49.56,-62.30,-49.54,-46.51,-48.01,-63.69,-59.82,-46.05,-58.49,-49.72,-57.46,2026-07-17 17:53:04+00:00
2026-07-17T17:54:04+00:00,-48.96,-58.23,-63.61,-61.86,-66.33,-44.87,-49.52,-62.15,-49.56,-46.51,-47.90,-63.61,-60.03,-45.96,-58.58,-49.68,-57.01,2026-07-17 17:54:04+00:00
2026-07-17T17:55:03+00:00,-47.78,-58.60,-63.45,-62.21,-66.35,-45.15,-49.98,-63.01,-49.55,-46.38,-47.79,-63.98,-59.94,-46.09,-58.10,-49.77,-57.57,2026-07-17 17:55:03+00:00
2026-07-17T17:56:03+00:00,-47.59,-58.59,-63.36,-61.79,-66.31,-45.03,-49.63,-62.77,-49.66,-46.49,-47.92,-63.77,-58.97,-46.26,-58.17,-49.80,-57.45,2026-07-17 17:56:03+00:00
2026-07-17T17:57:04+00:00,-48.83,-57.96,-63.34,-62.03,-65.99,-45.16,-50.22,-62.24,-49.85,-46.61,-47.65,-63.60,-59.15,-46.10,-58.71,-49.82,-57.28,2026-07-17 17:57:04+00:00
2026-07-17T17:58:04+00:00,-47.64,-58.14,-63.42,-62.11,-65.96,-44.89,-50.19,-62.28,-49.97,-46.62,-47.96,-63.44,-60.09,-46.40,-58.54,-49.64,-57.00,2026-07-17 17:58:04+00:00
2026-07-17T17:59:03+00:00,-47.69,-58.15,-63.62,-61.96,-66.73,-44.77,-49.52,-62.01,-50.97,-46.57,-47.96,-60.75,-59.54,-46.37,-57.94,-49.94,-56.96,2026-07-17 17:59:03+00:00
2026-07-17T18:00:03+00:00,-47.89,-58.87,-63.44,-61.91,-66.55,-44.76,-50.80,-62.84,-51.16,-46.90,-47.89,-63.72,-59.74,-46.49,-58.27,-49.81,-57.21,2026-07-17 18:00:03+00:00
2026-07-17T18:01:04+00:00,-48.54,-57.65,-63.56,-61.46,-65.51,-44.83,-50.18,-62.15,-51.05,-46.90,-47.83,-63.41,-60.33,-46.53,-58.54,-50.05,-57.23,2026-07-17 18:01:04+00:00
2026-07-17T18:02:03+00:00,-48.23,-59.26,-63.46,-62.17,-66.64,-44.99,-49.96,-63.17,-51.08,-46.96,-47.85,-63.67,-60.42,-46.71,-58.93,-49.66,-57.56,2026-07-17 18:02:03+00:00
2026-07-17T18:03:04+00:00,-47.05,-58.33,-63.31,-61.92,-67.03,-44.82,-50.29,-62.79,-51.09,-46.97,-47.93,-63.34,-60.37,-46.81,-58.60,-49.98,-57.27,2026-07-17 18:03:04+00:00
2026-07-17T18:04:04+00:00,-46.94,-59.22,-63.58,-61.85,-66.05,-44.88,-49.91,-63.53,-51.04,-47.09,-47.83,-64.07,-59.39,-46.85,-58.49,-49.78,-57.42,2026-07-17 18:04:04+00:00
2026-07-17T18:05:03+00:00,-47.70,-59.07,-63.84,-62.00,-67.00,-45.12,-50.43,-63.32,-50.95,-46.80,-47.92,-64.31,-59.31,-47.07,-58.34,-50.03,-57.34,2026-07-17 18:05:03+00:00
2026-07-17T18:06:03+00:00,-47.37,-58.42,-63.41,-61.75,-65.68,-44.96,-50.45,-63.37,-52.75,-46.78,-47.91,-63.81,-59.26,-47.34,-58.32,-49.89,-57.26,2026-07-17 18:06:03+00:00
2026-07-17T18:07:04+00:00,-47.41,-58.51,-63.65,-61.79,-67.09,-45.17,-50.24,-63.65,-52.90,-46.97,-47.97,-63.82,-59.28,-47.22,-58.75,-49.72,-57.46,2026-07-17 18:07:04+00:00
2026-07-17T18:08:04+00:00,-47.21,-58.97,-63.13,-61.94,-66.07,-45.33,-50.04,-63.49,-53.15,-47.22,-47.89,-63.80,-59.26,-47.39,-58.78,-49.76,-56.97,2026-07-17 18:08:04+00:00
2026-07-17T18:09:03+00:00,-47.04,-58.69,-63.54,-62.06,-65.95,-45.33,-50.19,-63.17,-53.08,-46.83,-47.75,-64.15,-59.64,-47.11,-58.51,-49.86,-57.42,2026-07-17 18:09:03+00:00
2026-07-17T18:10:03+00:00,-47.06,-59.02,-63.55,-61.88,-66.84,-45.05,-49.72,-63.48,-52.89,-46.84,-48.91,-64.22,-59.50,-47.27,-58.36,-49.79,-57.67,2026-07-17 18:10:03+00:00
2026-07-17T18:11:04+00:00,-47.14,-58.98,-63.96,-61.97,-66.83,-44.81,-50.46,-63.32,-52.90,-47.07,-48.74,-63.96,-59.62,-47.33,-58.55,-49.60,-57.12,2026-07-17 18:11:04+00:00
2026-07-17T18:12:04+00:00,-47.42,-58.66,-64.09,-61.67,-66.31,-44.64,-50.46,-63.47,-52.76,-47.05,-48.91,-63.83,-59.86,-47.35,-59.09,-49.86,-57.40,2026-07-17 18:12:04+00:00
2026-07-17T18:13:03+00:00,-47.26,-58.71,-64.02,-61.69,-65.62,-44.91,-50.15,-63.10,-52.94,-47.17,-48.96,-64.08,-59.68,-47.22,-58.30,-49.58,-57.05,2026-07-17 18:13:03+00:00
2026-07-17T18:14:03+00:00,-46.97,-58.93,-64.03,-61.80,-66.35,-44.67,-49.84,-63.05,-52.83,-47.15,-48.96,-64.24,-59.73,-47.55,-58.73,-49.62,-56.59,2026-07-17 18:14:03+00:00
2026-07-17T18:15:04+00:00,-46.66,-58.35,-63.93,-62.22,-66.57,-44.79,-50.33,-62.89,-52.92,-46.96,-48.99,-64.03,-59.77,-47.50,-58.86,-49.97,-57.00,2026-07-17 18:15:04+00:00
2026-07-17T18:16:03+00:00,-46.73,-57.16,-63.67,-61.84,-65.38,-44.94,-50.07,-62.59,-52.79,-47.05,-48.30,-63.74,-59.44,-47.69,-59.28,-49.76,-56.62,2026-07-17 18:16:03+00:00
2026-07-17T18:17:03+00:00,-46.83,-57.47,-62.83,-61.78,-66.55,-44.81,-50.08,-62.69,-52.84,-47.42,-48.30,-62.97,-59.71,-47.53,-58.96,-50.07,-56.97,2026-07-17 18:17:03+00:00
2026-07-17T18:18:04+00:00,-46.63,-57.76,-62.76,-62.00,-67.99,-44.96,-49.60,-63.31,-52.74,-47.34,-48.23,-63.71,-59.78,-47.35,-58.85,-50.12,-57.47,2026-07-17 18:18:04+00:00
2026-07-17T18:19:04+00:00,-46.94,-57.33,-62.47,-61.40,-66.77,-44.90,-50.14,-62.28,-52.70,-47.35,-47.96,-63.27,-59.41,-47.79,-58.65,-49.80,-57.25,2026-07-17 18:19:04+00:00
2026-07-17T18:20:03+00:00,-46.86,-57.15,-62.82,-61.83,-66.32,-44.68,-49.49,-62.92,-52.83,-47.33,-47.93,-63.86,-59.62,-47.42,-59.18,-49.78,-57.29,2026-07-17 18:20:03+00:00
2026-07-17T18:21:03+00:00,-46.98,-57.39,-62.79,-61.70,-65.35,-44.85,-49.27,-61.26,-52.65,-47.33,-47.65,-63.65,-59.58,-47.62,-59.21,-49.56,-57.25,2026-07-17 18:21:03+00:00
2026-07-17T18:22:04+00:00,-47.12,-57.97,-63.64,-61.67,-65.66,-44.98,-49.94,-61.85,-52.63,-46.98,-47.90,-64.19,-59.59,-47.66,-58.97,-49.80,-57.40,2026-07-17 18:22:04+00:00
2026-07-17T18:23:04+00:00,-46.37,-57.17,-63.69,-61.81,-66.57,-44.92,-49.57,-61.94,-52.67,-47.21,-48.11,-64.07,-59.63,-47.69,-58.92,-49.55,-56.83,2026-07-17 18:23:04+00:00
2026-07-17T18:24:03+00:00,-47.08,-58.19,-63.34,-61.83,-65.75,-44.75,-50.32,-61.64,-52.76,-47.35,-47.94,-63.99,-59.71,-47.71,-58.95,-49.48,-57.06,2026-07-17 18:24:03+00:00
2026-07-17T18:25:03+00:00,-47.61,-57.81,-64.08,-61.86,-65.56,-44.87,-49.93,-61.90,-52.77,-47.38,-47.99,-64.28,-59.75,-47.97,-59.15,-49.50,-56.84,2026-07-17 18:25:03+00:00
2026-07-17T18:26:04+00:00,-47.35,-58.10,-64.22,-61.90,-66.76,-44.65,-50.17,-62.22,-52.78,-47.39,-47.96,-63.98,-59.41,-48.20,-58.94,-49.40,-56.31,2026-07-17 18:26:04+00:00
2026-07-17T18:27:03+00:00,-47.97,-58.26,-64.08,-61.78,-65.96,-44.90,-49.48,-61.90,-53.00,-47.25,-48.19,-64.09,-59.52,-48.26,-59.25,-49.27,-56.77,2026-07-17 18:27:03+00:00
2026-07-17T18:28:03+00:00,-47.70,-58.73,-64.03,-61.63,-66.68,-44.98,-49.81,-62.06,-52.86,-47.52,-48.09,-64.71,-59.41,-48.10,-59.51,-49.24,-56.82,2026-07-17 18:28:03+00:00
2026-07-17T18:29:04+00:00,-47.51,-58.91,-63.59,-61.80,-67.07,-44.78,-50.02,-61.81,-52.68,-47.45,-47.87,-64.93,-59.80,-48.25,-59.17,-49.23,-56.75,2026-07-17 18:29:04+00:00
2026-07-17T18:30:04+00:00,-47.41,-59.10,-63.86,-61.76,-65.59,-44.95,-49.49,-62.09,-52.67,-47.29,-47.91,-65.19,-59.71,-48.06,-59.14,-49.18,-56.75,2026-07-17 18:30:04+00:00
2026-07-17T18:31:04+00:00,-47.10,-59.29,-63.59,-62.12,-65.74,-45.11,-50.85,-61.87,-52.69,-47.23,-47.95,-64.64,-59.81,-47.72,-59.71,-49.04,-56.61,2026-07-17 18:31:04+00:00
2026-07-17T18:32:04+00:00,-48.05,-58.94,-64.07,-61.70,-65.98,-44.91,-49.62,-61.77,-52.70,-47.48,-48.02,-64.73,-59.02,-47.83,-58.96,-48.93,-56.84,2026-07-17 18:32:04+00:00
2026-07-17T18:33:03+00:00,-48.05,-59.14,-63.98,-61.33,-66.42,-44.92,-51.05,-61.98,-52.81,-47.51,-47.95,-65.29,-59.06,-47.96,-59.13,-48.87,-56.94,2026-07-17 18:33:03+00:00
2026-07-17T18:34:03+00:00,-48.03,-58.96,-63.65,-61.60,-66.37,-45.07,-50.12,-62.12,-52.72,-47.63,-48.38,-65.09,-59.44,-47.99,-58.95,-48.71,-56.79,2026-07-17 18:34:03+00:00
2026-07-17T18:35:04+00:00,-48.06,-59.40,-64.40,-61.44,-66.46,-44.96,-49.53,-62.20,-52.89,-47.44,-48.36,-65.80,-59.99,-48.10,-58.84,-49.19,-57.12,2026-07-17 18:35:04+00:00
2026-07-17T18:36:03+00:00,-48.28,-59.15,-64.04,-61.66,-66.14,-45.03,-50.27,-61.97,-51.55,-47.64,-48.51,-65.75,-59.84,-48.04,-58.68,-49.21,-56.83,2026-07-17 18:36:03+00:00
2026-07-17T18:37:03+00:00,-48.00,-58.45,-63.35,-61.48,-66.72,-44.93,-49.82,-61.24,-51.37,-47.53,-48.39,-64.78,-59.44,-48.04,-59.15,-49.01,-55.29,2026-07-17 18:37:03+00:00
2026-07-17T18:38:04+00:00,-48.17,-59.02,-64.59,-61.32,-65.88,-45.01,-50.12,-62.79,-51.63,-47.45,-48.41,-66.36,-59.53,-48.13,-58.92,-49.11,-56.64,2026-07-17 18:38:04+00:00
2026-07-17T18:39:04+00:00,-48.34,-59.16,-63.93,-61.52,-66.00,-44.99,-50.70,-61.96,-51.50,-47.68,-48.59,-65.61,-59.75,-48.44,-58.74,-49.29,-56.95,2026-07-17 18:39:04+00:00
2026-07-17T18:40:03+00:00,-48.62,-58.06,-63.64,-61.91,-66.30,-44.62,-50.17,-62.19,-51.43,-47.48,-48.49,-65.11,-60.15,-48.42,-58.73,-48.98,-57.13,2026-07-17 18:40:03+00:00
2026-07-17T18:41:03+00:00,-48.42,-58.11,-63.74,-61.67,-67.04,-44.69,-49.94,-63.23,-51.61,-47.39,-49.39,-65.63,-60.72,-48.02,-59.01,-49.32,-57.01,2026-07-17 18:41:03+00:00
2026-07-17T18:42:04+00:00,-48.46,-57.95,-63.93,-61.35,-66.28,-44.83,-50.11,-63.10,-51.54,-47.66,-49.51,-65.78,-60.64,-47.53,-58.87,-49.45,-57.27,2026-07-17 18:42:04+00:00
2026-07-17T18:43:04+00:00,-48.47,-56.43,-63.65,-61.63,-65.74,-45.63,-50.84,-62.96,-51.75,-47.73,-49.42,-65.47,-60.42,-47.49,-58.81,-49.31,-57.28,2026-07-17 18:43:04+00:00
2026-07-17T18:44:03+00:00,-48.00,-56.20,-63.42,-61.59,-66.91,-45.07,-50.50,-63.13,-51.60,-47.61,-49.50,-64.59,-59.65,-47.19,-59.01,-48.98,-57.21,2026-07-17 18:44:03+00:00
2026-07-17T18:45:03+00:00,-48.78,-54.59,-63.79,-61.51,-66.94,-45.37,-49.33,-62.69,-51.87,-47.79,-49.17,-65.40,-58.71,-47.42,-58.68,-48.79,-57.41,2026-07-17 18:45:03+00:00
2026-07-17T18:46:04+00:00,-49.09,-54.84,-63.49,-61.45,-66.06,-45.32,-50.26,-63.36,-51.40,-47.83,-49.42,-65.28,-58.46,-46.88,-58.92,-49.20,-57.79,2026-07-17 18:46:04+00:00
2026-07-17T18:47:04+00:00,-47.74,-52.49,-63.66,-61.44,-65.93,-45.10,-50.41,-63.48,-50.50,-47.66,-49.24,-65.04,-58.32,-46.64,-58.68,-49.16,-57.32,2026-07-17 18:47:04+00:00
2026-07-17T18:48:03+00:00,-47.90,-52.58,-63.31,-61.56,-66.93,-44.89,-49.88,-63.26,-50.50,-47.58,-49.07,-64.18,-58.22,-46.49,-59.27,-49.20,-55.64,2026-07-17 18:48:03+00:00
2026-07-17T18:49:03+00:00,-48.68,-55.37,-64.28,-61.70,-66.18,-45.03,-49.94,-63.30,-50.57,-47.64,-49.17,-65.57,-58.25,-46.19,-58.84,-49.06,-57.47,2026-07-17 18:49:03+00:00
2026-07-17T18:50:04+00:00,-48.69,-55.20,-64.28,-62.10,-66.05,-44.69,-51.14,-62.97,-50.50,-47.89,-49.17,-65.17,-58.34,-45.99,-59.01,-49.24,-57.17,2026-07-17 18:50:04+00:00
2026-07-17T18:51:04+00:00,-49.37,-55.81,-61.15,-60.80,-64.23,-44.68,-50.36,-60.46,-50.89,-47.72,-48.91,-62.94,-57.16,-45.53,-58.72,-48.72,-56.97,2026-07-17 18:51:04+00:00
2026-07-17T18:52:03+00:00,-49.56,-55.60,-60.50,-60.30,-64.22,-44.70,-50.03,-60.36,-50.95,-47.74,-49.21,-62.55,-56.79,-44.95,-58.27,-48.66,-56.33,2026-07-17 18:52:03+00:00
2026-07-17T18:53:04+00:00,-47.69,-55.83,-61.18,-60.49,-62.26,-44.69,-50.88,-60.38,-51.10,-47.73,-49.39,-62.53,-57.07,-44.70,-58.54,-48.45,-56.23,2026-07-17 18:53:04+00:00
2026-07-17T18:54:04+00:00,-47.95,-55.57,-60.87,-60.55,-64.40,-44.44,-50.39,-60.57,-51.01,-47.64,-49.07,-62.23,-56.86,-44.51,-58.34,-47.94,-56.44,2026-07-17 18:54:04+00:00
2026-07-17T18:55:04+00:00,-48.42,-55.64,-61.50,-60.70,-64.19,-44.50,-50.24,-61.18,-51.05,-47.67,-49.27,-63.76,-57.05,-44.22,-59.02,-47.96,-56.03,2026-07-17 18:55:04+00:00
2026-07-17T18:56:03+00:00,-49.00,-55.89,-62.04,-61.00,-63.26,-44.59,-49.58,-61.00,-51.18,-47.82,-49.21,-62.60,-57.27,-43.86,-58.26,-47.95,-56.18,2026-07-17 18:56:03+00:00
2026-07-17T18:57:04+00:00,-47.71,-56.18,-61.63,-60.88,-63.49,-44.60,-50.19,-61.01,-51.45,-47.61,-49.15,-62.23,-57.31,-43.84,-58.29,-48.13,-55.95,2026-07-17 18:57:04+00:00
2026-07-17T18:58:04+00:00,-47.74,-55.95,-61.60,-60.60,-64.47,-44.63,-50.43,-61.08,-51.28,-47.50,-49.34,-62.86,-57.66,-43.44,-58.26,-47.98,-55.76,2026-07-17 18:58:04+00:00
2026-07-17T18:59:03+00:00,-48.18,-55.18,-62.35,-60.89,-64.18,-44.63,-50.02,-61.52,-51.25,-47.40,-49.26,-62.35,-57.40,-43.40,-58.37,-47.79,-55.49,2026-07-17 18:59:03+00:00
2026-07-17T19:00:03+00:00,-47.68,-54.78,-62.20,-60.98,-63.50,-44.64,-49.94,-60.76,-50.92,-47.46,-48.99,-62.20,-57.53,-43.15,-58.44,-47.93,-55.95,2026-07-17 19:00:03+00:00
2026-07-17T19:01:03+00:00,-47.15,-55.40,-61.87,-60.95,-63.76,-44.79,-50.36,-60.62,-52.44,-47.47,-49.15,-62.85,-57.58,-42.92,-58.49,-47.98,-55.52,2026-07-17 19:01:03+00:00
2026-07-17T19:02:03+00:00,-47.37,-55.37,-61.91,-61.01,-63.06,-44.71,-49.97,-61.49,-53.08,-47.47,-49.27,-62.97,-57.74,-42.67,-58.46,-47.82,-55.83,2026-07-17 19:02:03+00:00
2026-07-17T19:03:03+00:00,-47.41,-55.60,-61.87,-60.72,-63.95,-44.83,-50.31,-61.49,-53.16,-47.75,-49.18,-62.99,-57.73,-42.58,-58.34,-47.86,-55.59,2026-07-17 19:03:03+00:00
2026-07-17T19:04:04+00:00,-47.95,-55.40,-62.37,-60.34,-64.23,-44.78,-51.29,-60.91,-52.73,-47.59,-49.09,-62.63,-57.15,-42.29,-58.20,-48.01,-55.63,2026-07-17 19:04:04+00:00
2026-07-17T19:05:04+00:00,-47.73,-54.96,-62.28,-60.94,-63.15,-44.84,-51.33,-60.89,-52.95,-47.72,-49.01,-62.67,-57.43,-42.22,-58.58,-47.82,-56.05,2026-07-17 19:05:04+00:00
2026-07-17T19:06:04+00:00,-47.48,-54.32,-62.50,-60.76,-64.47,-45.01,-51.05,-60.88,-52.60,-47.67,-48.83,-63.36,-57.20,-42.00,-58.02,-47.48,-55.91,2026-07-17 19:06:04+00:00
2026-07-17T19:07:03+00:00,-48.04,-52.77,-61.93,-60.74,-62.88,-45.11,-50.71,-61.11,-51.96,-47.90,-48.85,-62.67,-57.19,-42.06,-58.24,-47.37,-55.39,2026-07-17 19:07:03+00:00
2026-07-17T19:08:04+00:00,-48.20,-54.59,-62.03,-60.96,-63.86,-45.01,-50.77,-60.66,-51.96,-47.81,-49.27,-62.64,-57.40,-41.52,-58.07,-47.20,-56.60,2026-07-17 19:08:04+00:00
2026-07-17T19:09:04+00:00,-48.27,-54.67,-63.01,-61.07,-63.29,-44.84,-50.08,-59.78,-51.98,-47.74,-48.82,-63.81,-57.23,-41.48,-58.63,-47.33,-55.49,2026-07-17 19:09:04+00:00
2026-07-17T19:10:03+00:00,-48.16,-54.54,-62.75,-60.91,-64.91,-45.04,-50.55,-60.99,-52.14,-47.86,-49.17,-63.65,-56.41,-41.38,-57.74,-47.63,-56.18,2026-07-17 19:10:03+00:00
2026-07-17T19:11:03+00:00,-47.14,-54.78,-62.56,-60.87,-64.50,-45.06,-50.35,-61.05,-52.29,-48.12,-49.12,-63.35,-57.13,-41.09,-58.00,-47.78,-56.53,2026-07-17 19:11:03+00:00
2026-07-17T19:12:04+00:00,-48.22,-54.35,-62.54,-60.76,-63.87,-44.78,-50.72,-60.54,-51.90,-47.61,-49.27,-63.58,-57.26,-41.03,-58.42,-47.97,-55.56,2026-07-17 19:12:04+00:00
2026-07-17T19:13:04+00:00,-47.72,-54.11,-62.40,-60.71,-64.34,-44.85,-50.86,-60.65,-51.91,-48.67,-49.86,-63.19,-57.42,-40.73,-58.20,-48.10,-55.95,2026-07-17 19:13:04+00:00
2026-07-17T19:14:03+00:00,-47.23,-54.34,-62.33,-61.20,-64.53,-44.82,-50.25,-59.72,-51.87,-48.79,-50.13,-63.29,-57.19,-40.56,-57.69,-48.33,-56.51,2026-07-17 19:14:03+00:00
2026-07-17T19:15:04+00:00,-47.12,-54.63,-61.60,-61.18,-64.04,-45.06,-50.14,-60.11,-52.08,-48.98,-50.11,-63.15,-56.86,-40.42,-58.10,-48.14,-55.59,2026-07-17 19:15:04+00:00
2026-07-17T19:16:04+00:00,-47.25,-54.69,-61.72,-61.07,-63.45,-44.97,-50.16,-60.62,-52.21,-49.69,-49.87,-63.37,-54.86,-40.23,-57.85,-48.14,-55.15,2026-07-17 19:16:04+00:00
2026-07-17T19:17:04+00:00,-48.54,-54.83,-61.30,-61.21,-63.05,-45.05,-50.41,-60.49,-52.00,-49.49,-50.19,-63.39,-52.61,-39.89,-58.22,-48.29,-55.07,2026-07-17 19:17:04+00:00
2026-07-17T19:18:03+00:00,-48.10,-54.66,-61.55,-61.32,-64.83,-45.11,-51.21,-61.05,-52.07,-49.63,-50.07,-63.20,-52.30,-39.83,-57.53,-48.47,-55.50,2026-07-17 19:18:03+00:00
2026-07-17T19:19:03+00:00,-48.08,-54.67,-61.37,-60.98,-64.11,-45.03,-50.46,-60.70,-52.14,-49.68,-50.07,-63.68,-52.55,-39.82,-57.41,-48.24,-55.54,2026-07-17 19:19:03+00:00
2026-07-17T19:20:04+00:00,-48.20,-54.64,-61.19,-61.37,-64.02,-45.29,-50.42,-60.33,-51.85,-49.98,-50.05,-62.89,-52.54,-39.70,-57.81,-47.92,-55.50,2026-07-17 19:20:04+00:00
2026-07-17T19:21:04+00:00,-48.71,-54.16,-60.82,-61.49,-64.35,-45.30,-50.96,-61.25,-51.43,-49.92,-50.25,-63.11,-54.50,-39.51,-57.23,-47.70,-54.18,2026-07-17 19:21:04+00:00
2026-07-17T19:22:03+00:00,-48.12,-54.55,-61.01,-61.38,-63.38,-45.14,-50.65,-61.18,-51.36,-49.87,-50.24,-62.78,-52.01,-39.02,-57.54,-47.60,-52.45,2026-07-17 19:22:03+00:00
2026-07-17T19:23:03+00:00,-48.11,-54.96,-61.09,-61.53,-64.07,-45.31,-50.12,-60.55,-51.38,-49.98,-50.01,-63.13,-51.37,-38.88,-57.24,-47.56,-53.25,2026-07-17 19:23:03+00:00
2026-07-17T19:24:04+00:00,-47.42,-54.59,-61.00,-61.07,-64.24,-45.58,-50.82,-61.43,-51.43,-50.17,-49.99,-63.39,-51.19,-38.74,-57.18,-47.21,-53.38,2026-07-17 19:24:04+00:00
2026-07-17T19:25:04+00:00,-46.78,-56.24,-60.67,-61.21,-62.90,-45.21,-51.22,-61.47,-51.46,-50.00,-50.14,-62.94,-50.78,-38.68,-56.85,-46.87,-53.14,2026-07-17 19:25:04+00:00
2026-07-17T19:26:03+00:00,-47.12,-56.02,-60.04,-61.43,-63.87,-45.37,-50.90,-60.94,-51.37,-50.11,-49.95,-62.56,-50.42,-38.64,-57.22,-46.65,-52.58,2026-07-17 19:26:03+00:00
2026-07-17T19:27:03+00:00,-47.59,-56.08,-59.98,-61.28,-63.48,-45.12,-50.32,-60.73,-51.06,-48.33,-49.84,-62.78,-50.02,-38.49,-56.96,-46.69,-53.00,2026-07-17 19:27:03+00:00
2026-07-17T19:28:04+00:00,-47.03,-56.16,-59.79,-61.33,-63.53,-45.27,-50.61,-61.37,-51.34,-48.18,-49.62,-62.16,-49.75,-38.38,-57.13,-46.43,-52.50,2026-07-17 19:28:04+00:00
2026-07-17T19:29:04+00:00,-46.24,-56.19,-60.92,-61.28,-63.74,-45.22,-51.11,-60.85,-51.24,-48.61,-49.44,-61.93,-49.40,-38.00,-57.10,-46.14,-52.41,2026-07-17 19:29:04+00:00
2026-07-17T19:30:03+00:00,-45.99,-56.13,-60.07,-61.05,-64.38,-45.44,-50.83,-61.15,-50.99,-48.56,-49.63,-60.99,-48.93,-37.91,-57.03,-45.86,-52.84,2026-07-17 19:30:03+00:00
2026-07-17T19:31:03+00:00,-46.36,-56.18,-61.62,-61.53,-64.34,-45.59,-51.05,-61.45,-51.09,-48.94,-49.77,-62.07,-48.84,-37.96,-56.80,-45.89,-53.10,2026-07-17 19:31:03+00:00
2026-07-17T19:32:04+00:00,-47.81,-55.86,-61.00,-61.41,-64.41,-45.54,-51.04,-61.49,-51.06,-48.99,-49.99,-61.55,-49.53,-37.89,-57.04,-45.80,-53.40,2026-07-17 19:32:04+00:00
2026-07-17T19:33:03+00:00,-48.10,-55.98,-61.07,-61.78,-63.83,-45.57,-51.05,-61.56,-51.35,-49.09,-49.84,-62.39,-49.62,-37.68,-56.70,-46.60,-53.46,2026-07-17 19:33:03+00:00
2026-07-17T19:34:04+00:00,-48.54,-55.57,-59.50,-61.73,-64.34,-45.44,-50.92,-61.57,-51.57,-48.96,-49.83,-61.89,-50.80,-37.59,-56.87,-46.85,-54.27,2026-07-17 19:34:04+00:00
2026-07-17T19:35:04+00:00,-48.33,-55.56,-59.65,-61.52,-64.44,-45.55,-50.75,-61.65,-51.72,-49.08,-49.83,-61.68,-50.79,-37.44,-57.00,-46.61,-53.29,2026-07-17 19:35:04+00:00
2026-07-17T19:36:03+00:00,-49.78,-55.50,-61.19,-61.53,-63.60,-45.57,-50.67,-61.13,-52.01,-49.62,-49.95,-61.79,-51.68,-37.36,-57.05,-46.24,-53.91,2026-07-17 19:36:03+00:00
2026-07-17T19:37:03+00:00,-47.29,-55.75,-61.61,-61.66,-63.10,-45.43,-50.64,-61.30,-52.11,-49.71,-49.87,-61.89,-50.99,-37.28,-56.72,-45.67,-54.29,2026-07-17 19:37:03+00:00
2026-07-17T19:38:04+00:00,-47.21,-55.46,-61.21,-61.67,-62.76,-45.15,-51.21,-61.26,-52.17,-49.86,-49.75,-61.83,-51.26,-37.35,-56.72,-45.82,-55.35,2026-07-17 19:38:04+00:00
2026-07-17T19:39:04+00:00,-47.49,-56.07,-60.47,-61.38,-63.94,-45.26,-50.72,-61.46,-52.10,-49.86,-49.63,-60.79,-51.75,-37.26,-56.43,-45.69,-54.62,2026-07-17 19:39:04+00:00
2026-07-17T19:40:03+00:00,-47.27,-56.18,-60.05,-61.48,-64.08,-45.60,-50.74,-60.48,-52.55,-49.99,-49.75,-61.26,-51.45,-37.36,-56.49,-45.83,-55.70,2026-07-17 19:40:03+00:00
2026-07-17T19:41:04+00:00,-47.28,-56.67,-59.65,-61.51,-62.56,-45.55,-51.07,-60.44,-51.99,-50.16,-49.08,-60.43,-51.40,-37.36,-56.59,-46.08,-55.24,2026-07-17 19:41:04+00:00
2026-07-17T19:42:04+00:00,-46.95,-56.58,-60.23,-61.74,-63.40,-45.67,-51.19,-60.53,-52.07,-50.09,-49.52,-61.42,-51.10,-37.40,-56.18,-46.04,-54.59,2026-07-17 19:42:04+00:00
2026-07-17T19:43:03+00:00,-46.48,-56.70,-60.42,-61.53,-63.22,-45.53,-51.13,-60.46,-52.08,-50.28,-49.41,-61.20,-51.11,-37.76,-56.05,-45.88,-55.37,2026-07-17 19:43:03+00:00
2026-07-17T19:44:03+00:00,-46.63,-57.16,-60.86,-61.69,-62.74,-45.63,-51.27,-60.20,-52.13,-50.54,-49.03,-60.89,-51.07,-37.68,-56.23,-45.77,-56.04,2026-07-17 19:44:03+00:00
2026-07-17T19:45:04+00:00,-46.35,-56.16,-60.09,-61.24,-63.62,-45.60,-51.21,-59.95,-52.76,-53.86,-49.31,-60.60,-50.83,-37.86,-55.77,-45.86,-55.50,2026-07-17 19:45:04+00:00
2026-07-17T19:46:04+00:00,-46.54,-56.74,-62.15,-61.48,-63.48,-45.48,-51.23,-61.28,-52.67,-56.44,-48.91,-61.64,-50.71,-37.90,-55.67,-46.10,-54.77,2026-07-17 19:46:04+00:00
2026-07-17T19:47:04+00:00,-46.34,-56.91,-62.30,-61.49,-63.82,-45.68,-51.30,-61.19,-52.85,-55.95,-49.08,-61.92,-50.53,-37.83,-55.65,-46.53,-55.64,2026-07-17 19:47:04+00:00
2026-07-17T19:48:03+00:00,-46.66,-57.48,-61.74,-61.47,-65.16,-45.40,-51.15,-61.12,-52.85,-55.41,-49.24,-61.64,-50.17,-37.61,-55.54,-46.50,-54.55,2026-07-17 19:48:03+00:00
2026-07-17T19:49:04+00:00,-46.68,-57.65,-62.35,-61.69,-64.30,-45.53,-51.30,-61.39,-52.83,-55.29,-48.69,-62.76,-50.14,-37.59,-55.80,-46.83,-54.55,2026-07-17 19:49:04+00:00
2026-07-17T19:50:04+00:00,-46.78,-57.86,-62.08,-61.88,-64.60,-45.44,-51.19,-61.17,-52.57,-55.09,-49.75,-62.57,-49.60,-37.25,-55.36,-47.18,-55.27,2026-07-17 19:50:04+00:00
2026-07-17T19:51:03+00:00,-46.67,-57.80,-62.02,-61.56,-63.61,-45.53,-51.13,-61.01,-52.69,-54.46,-49.86,-62.57,-49.78,-37.06,-54.98,-48.00,-55.40,2026-07-17 19:51:03+00:00
2026-07-17T19:52:03+00:00,-46.67,-57.79,-60.88,-61.57,-64.33,-45.47,-51.18,-60.62,-52.67,-53.52,-49.66,-62.08,-49.85,-37.10,-54.50,-48.88,-54.94,2026-07-17 19:52:03+00:00
2026-07-17T19:53:04+00:00,-46.72,-57.51,-62.18,-61.46,-62.85,-45.60,-51.34,-61.08,-52.75,-52.91,-49.67,-62.47,-49.68,-36.66,-54.63,-50.08,-54.46,2026-07-17 19:53:04+00:00
2026-07-17T19:54:04+00:00,-46.70,-57.70,-62.62,-61.78,-64.44,-45.62,-51.24,-61.09,-52.62,-52.79,-49.74,-63.44,-49.61,-36.48,-54.67,-50.68,-55.79,2026-07-17 19:54:04+00:00
2026-07-17T19:55:03+00:00,-46.80,-57.50,-61.52,-61.21,-63.84,-45.65,-51.40,-60.63,-52.82,-51.98,-49.80,-61.51,-49.35,-36.23,-54.61,-50.71,-54.84,2026-07-17 19:55:03+00:00
2026-07-17T19:56:04+00:00,-46.70,-57.72,-62.09,-61.28,-63.72,-45.56,-51.14,-60.95,-52.85,-51.60,-49.82,-62.25,-49.63,-35.84,-54.21,-51.49,-54.35,2026-07-17 19:56:04+00:00
2026-07-17T19:57:04+00:00,-46.65,-57.51,-61.95,-61.54,-65.28,-45.31,-51.35,-60.94,-52.89,-51.03,-49.73,-62.11,-49.44,-35.86,-54.50,-50.68,-55.13,2026-07-17 19:57:04+00:00
2026-07-17T19:58:04+00:00,-46.46,-57.41,-61.88,-61.49,-63.88,-45.28,-51.27,-60.88,-53.18,-50.49,-49.99,-62.73,-49.33,-35.78,-54.60,-50.50,-54.87,2026-07-17 19:58:04+00:00
2026-07-17T19:59:03+00:00,-46.27,-57.40,-61.02,-61.69,-64.02,-45.45,-51.37,-61.10,-53.21,-50.03,-49.56,-61.66,-49.38,-35.69,-54.01,-50.71,-55.21,2026-07-17 19:59:03+00:00
2026-07-17T20:00:04+00:00,-46.66,-57.38,-61.19,-61.85,-63.62,-45.54,-50.99,-59.96,-52.98,-49.43,-49.85,-61.46,-49.14,-35.72,-54.02,-52.56,-56.40,2026-07-17 20:00:04+00:00
2026-07-17T20:01:04+00:00,-46.85,-56.67,-62.20,-61.63,-63.70,-45.57,-51.13,-60.96,-52.63,-48.98,-49.81,-62.49,-49.08,-35.58,-54.00,-54.15,-55.83,2026-07-17 20:01:04+00:00
2026-07-17T20:02:04+00:00,-46.95,-56.95,-62.04,-61.37,-64.51,-45.65,-51.23,-61.17,-52.63,-48.94,-49.56,-61.99,-49.27,-35.74,-53.60,-56.56,-54.92,2026-07-17 20:02:04+00:00
2026-07-17T20:03:04+00:00,-46.69,-57.15,-61.95,-61.50,-65.17,-45.73,-51.20,-61.29,-52.54,-48.77,-49.74,-59.68,-49.55,-35.60,-53.84,-56.17,-55.51,2026-07-17 20:03:04+00:00
2026-07-17T20:04:03+00:00,-46.74,-56.49,-61.19,-61.16,-63.90,-45.89,-51.10,-59.97,-52.21,-48.56,-49.72,-58.23,-49.28,-35.49,-53.20,-58.21,-56.20,2026-07-17 20:04:03+00:00
2026-07-17T20:05:03+00:00,-46.84,-57.40,-61.87,-61.36,-63.07,-45.90,-51.02,-61.70,-52.06,-48.17,-49.83,-59.17,-48.91,-35.92,-53.52,-58.56,-55.14,2026-07-17 20:05:03+00:00
2026-07-17T20:06:04+00:00,-46.90,-57.52,-61.92,-61.42,-63.25,-45.87,-51.11,-61.44,-51.48,-48.09,-49.71,-60.04,-48.54,-35.71,-53.04,-56.49,-54.97,2026-07-17 20:06:04+00:00
2026-07-17T20:07:04+00:00,-46.97,-57.59,-61.80,-61.50,-63.45,-45.94,-51.19,-61.52,-51.49,-46.91,-49.73,-60.00,-48.40,-35.83,-53.60,-53.13,-55.35,2026-07-17 20:07:04+00:00
2026-07-17T20:08:04+00:00,-47.14,-57.44,-61.87,-61.48,-64.45,-45.78,-51.32,-61.61,-51.53,-46.60,-49.82,-59.08,-48.39,-35.80,-53.22,-52.46,-55.12,2026-07-17 20:08:04+00:00
2026-07-17T20:09:03+00:00,-47.04,-57.47,-61.55,-61.28,-63.80,-45.92,-51.19,-61.26,-51.35,-46.11,-50.15,-58.57,-48.48,-35.84,-53.54,-50.44,-54.93,2026-07-17 20:09:03+00:00
2026-07-17T20:10:04+00:00,-47.42,-57.42,-61.62,-61.58,-62.61,-45.90,-51.07,-60.89,-51.30,-45.56,-49.86,-59.79,-48.37,-35.83,-53.84,-47.70,-55.50,2026-07-17 20:10:04+00:00
2026-07-17T20:11:04+00:00,-46.93,-57.63,-61.91,-61.50,-63.72,-45.71,-50.97,-61.51,-51.57,-45.77,-50.02,-60.42,-48.12,-35.82,-53.41,-47.87,-54.68,2026-07-17 20:11:04+00:00
2026-07-17T20:12:03+00:00,-46.82,-57.31,-61.68,-61.16,-64.36,-45.51,-50.96,-60.89,-51.20,-45.70,-49.99,-61.71,-48.07,-35.50,-53.72,-47.12,-54.50,2026-07-17 20:12:03+00:00
2026-07-17T20:13:03+00:00,-46.96,-57.17,-61.72,-61.59,-63.30,-45.91,-51.00,-61.09,-51.52,-45.44,-49.98,-62.77,-48.05,-35.67,-53.78,-49.10,-55.16,2026-07-17 20:13:03+00:00
2026-07-17T20:14:04+00:00,-46.61,-57.61,-62.52,-61.41,-63.92,-45.90,-51.15,-61.40,-51.94,-44.99,-49.59,-63.36,-47.71,-35.48,-53.77,-50.13,-56.17,2026-07-17 20:14:04+00:00
2026-07-17T20:15:04+00:00,-46.42,-56.87,-62.37,-61.39,-63.13,-45.77,-51.00,-60.91,-51.79,-44.39,-50.24,-63.03,-47.60,-35.72,-54.18,-49.08,-55.80,2026-07-17 20:15:04+00:00
2026-07-17T20:16:03+00:00,-46.03,-57.95,-62.45,-61.30,-63.30,-45.94,-51.16,-61.57,-51.98,-44.43,-49.96,-63.67,-47.12,-35.86,-54.09,-47.50,-53.96,2026-07-17 20:16:03+00:00
2026-07-17T20:17:03+00:00,-45.34,-57.91,-61.87,-61.80,-63.47,-45.84,-51.17,-61.26,-51.91,-44.43,-49.93,-63.21,-46.71,-35.79,-54.43,-46.37,-54.48,2026-07-17 20:17:03+00:00
2026-07-17T20:18:04+00:00,-45.46,-57.43,-62.59,-61.21,-63.40,-45.71,-50.94,-61.05,-51.76,-44.37,-50.81,-63.24,-46.53,-35.86,-54.44,-46.26,-55.49,2026-07-17 20:18:04+00:00
2026-07-17T20:19:04+00:00,-45.44,-58.20,-62.16,-61.77,-63.16,-45.98,-50.84,-61.24,-51.57,-44.79,-50.72,-63.58,-46.70,-35.80,-54.54,-47.26,-54.46,2026-07-17 20:19:04+00:00
2026-07-17T20:20:03+00:00,-45.27,-58.06,-62.44,-61.37,-63.36,-45.89,-50.93,-61.36,-52.24,-44.59,-50.62,-63.65,-46.59,-35.87,-54.61,-48.49,-55.31,2026-07-17 20:20:03+00:00
2026-07-17T20:21:03+00:00,-45.62,-58.49,-62.72,-61.67,-64.21,-45.81,-51.15,-61.40,-52.94,-44.51,-50.64,-63.42,-46.26,-35.74,-54.18,-48.55,-55.01,2026-07-17 20:21:03+00:00
2026-07-17T20:22:04+00:00,-45.47,-58.05,-61.36,-61.36,-63.77,-45.83,-50.96,-61.63,-52.78,-44.70,-50.83,-62.92,-46.28,-35.64,-54.87,-47.96,-55.69,2026-07-17 20:22:04+00:00
2026-07-17T20:23:04+00:00,-45.56,-58.42,-62.87,-61.69,-64.05,-45.81,-50.76,-63.10,-53.05,-44.61,-50.86,-63.52,-46.15,-35.66,-55.15,-48.06,-55.03,2026-07-17 20:23:04+00:00
2026-07-17T20:24:03+00:00,-46.23,-58.38,-62.27,-61.93,-64.09,-45.96,-50.99,-62.78,-53.51,-44.36,-51.05,-63.57,-46.07,-35.78,-55.24,-48.39,-55.38,2026-07-17 20:24:03+00:00
2026-07-17T20:25:03+00:00,-46.12,-58.11,-61.89,-62.09,-64.42,-45.96,-50.87,-62.69,-53.93,-44.09,-51.22,-63.92,-46.08,-35.62,-55.40,-47.69,-55.99,2026-07-17 20:25:03+00:00
2026-07-17T20:26:04+00:00,-46.35,-58.31,-62.09,-61.48,-64.69,-45.81,-50.71,-62.21,-53.87,-44.23,-51.19,-63.28,-45.85,-35.75,-55.24,-46.57,-54.77,2026-07-17 20:26:04+00:00
2026-07-17T20:27:04+00:00,-46.57,-58.04,-61.95,-61.98,-63.58,-45.68,-50.65,-61.73,-53.81,-44.42,-51.30,-63.22,-45.81,-35.92,-55.91,-48.70,-55.43,2026-07-17 20:27:04+00:00
2026-07-17T20:28:03+00:00,-46.35,-58.15,-62.14,-61.31,-63.75,-45.83,-50.66,-62.25,-54.05,-44.48,-51.35,-63.33,-45.73,-35.80,-56.07,-48.87,-55.07,2026-07-17 20:28:03+00:00
2026-07-17T20:29:03+00:00,-46.39,-57.11,-63.08,-61.98,-63.93,-45.88,-50.91,-62.76,-54.24,-44.14,-50.58,-63.80,-46.04,-35.90,-55.96,-48.09,-55.87,2026-07-17 20:29:03+00:00
2026-07-17T20:30:04+00:00,-46.22,-58.16,-62.65,-61.73,-64.03,-45.49,-51.01,-63.04,-53.97,-44.76,-50.90,-63.44,-45.73,-35.80,-55.75,-46.84,-55.52,2026-07-17 20:30:04+00:00
2026-07-17T20:31:04+00:00,-46.27,-57.99,-62.59,-61.54,-63.78,-45.71,-51.03,-61.56,-53.71,-44.98,-50.72,-62.99,-45.74,-35.89,-56.21,-46.60,-55.65,2026-07-17 20:31:04+00:00
2026-07-17T20:32:03+00:00,-46.17,-58.39,-62.96,-61.66,-64.19,-45.82,-50.47,-62.46,-53.48,-45.20,-50.88,-63.79,-45.77,-36.10,-56.04,-47.52,-55.61,2026-07-17 20:32:03+00:00
2026-07-17T20:33:03+00:00,-46.49,-58.16,-62.15,-61.69,-64.09,-45.94,-50.50,-62.21,-53.35,-44.99,-50.91,-62.43,-45.65,-35.96,-56.41,-46.66,-55.19,2026-07-17 20:33:03+00:00
2026-07-17T20:34:04+00:00,-46.65,-58.18,-62.71,-61.75,-64.23,-45.52,-50.13,-62.28,-53.21,-45.05,-50.70,-63.46,-45.77,-36.03,-56.37,-45.07,-55.34,2026-07-17 20:34:04+00:00
2026-07-17T20:35:03+00:00,-46.76,-57.70,-62.23,-61.63,-64.10,-45.67,-50.32,-62.41,-53.23,-44.72,-50.89,-63.08,-45.77,-35.73,-56.46,-43.81,-55.42,2026-07-17 20:35:03+00:00
2026-07-17T20:36:04+00:00,-45.96,-58.02,-62.17,-61.80,-63.86,-45.47,-50.21,-62.09,-53.21,-44.63,-50.71,-63.45,-45.69,-35.57,-56.82,-42.90,-55.96,2026-07-17 20:36:04+00:00
2026-07-17T20:37:04+00:00,-45.94,-57.80,-61.76,-61.80,-64.30,-45.45,-50.41,-62.15,-53.12,-45.04,-50.57,-63.56,-45.65,-35.30,-57.45,-41.53,-55.93,2026-07-17 20:37:04+00:00
2026-07-17T20:38:03+00:00,-46.16,-57.49,-61.98,-61.57,-63.36,-45.44,-50.56,-62.15,-53.18,-45.08,-50.50,-63.36,-45.75,-35.15,-57.67,-40.01,-55.34,2026-07-17 20:38:03+00:00
2026-07-17T20:39:03+00:00,-46.00,-57.41,-61.99,-61.99,-63.85,-45.63,-50.30,-62.41,-53.05,-44.42,-50.88,-63.91,-45.74,-34.75,-58.10,-38.24,-55.17,2026-07-17 20:39:03+00:00
2026-07-17T20:40:04+00:00,-46.00,-57.25,-62.08,-61.62,-64.00,-45.35,-50.06,-62.67,-53.23,-43.59,-50.78,-63.89,-46.24,-35.11,-57.64,-36.24,-56.01,2026-07-17 20:40:04+00:00
2026-07-17T20:41:04+00:00,-45.87,-56.95,-60.55,-61.35,-63.71,-45.58,-50.45,-61.52,-53.35,-42.80,-51.12,-63.34,-46.92,-35.00,-58.03,-35.08,-55.96,2026-07-17 20:41:04+00:00
2026-07-17T20:42:03+00:00,-45.91,-56.89,-62.41,-62.01,-63.96,-45.59,-50.61,-61.78,-54.04,-42.77,-51.12,-62.24,-47.03,-34.77,-58.20,-34.57,-55.57,2026-07-17 20:42:03+00:00
2026-07-17T20:43:04+00:00,-45.92,-57.15,-62.63,-61.95,-64.32,-45.51,-50.43,-62.55,-53.81,-42.26,-51.22,-63.19,-47.45,-34.86,-58.12,-34.23,-55.71,2026-07-17 20:43:04+00:00
2026-07-17T20:44:04+00:00,-46.00,-57.03,-62.86,-62.19,-63.54,-45.18,-50.60,-62.34,-53.63,-42.30,-51.24,-63.33,-47.73,-34.90,-58.69,-33.82,-55.56,2026-07-17 20:44:04+00:00
2026-07-17T20:45:03+00:00,-45.83,-56.72,-62.58,-61.77,-63.37,-45.73,-50.76,-62.52,-53.56,-42.30,-51.23,-62.99,-47.63,-34.86,-58.31,-33.54,-54.86,2026-07-17 20:45:03+00:00
2026-07-17T20:46:03+00:00,-45.90,-56.73,-61.46,-61.74,-63.06,-45.69,-50.57,-61.59,-53.13,-41.59,-50.98,-62.67,-47.65,-34.91,-58.84,-33.65,-55.56,2026-07-17 20:46:03+00:00
2026-07-17T20:47:04+00:00,-46.19,-56.64,-61.30,-61.46,-64.00,-45.59,-50.81,-62.00,-52.90,-41.79,-51.02,-62.20,-47.48,-34.74,-58.98,-33.76,-54.96,2026-07-17 20:47:04+00:00
2026-07-17T20:48:04+00:00,-46.43,-57.00,-61.94,-61.75,-63.00,-45.71,-50.64,-62.48,-52.99,-41.75,-50.94,-62.91,-47.46,-34.73,-59.72,-33.49,-55.08,2026-07-17 20:48:04+00:00
2026-07-17T20:49:03+00:00,-46.33,-57.31,-62.30,-61.67,-63.30,-45.14,-50.72,-62.57,-52.83,-41.86,-51.01,-62.74,-47.53,-34.53,-59.31,-33.46,-54.49,2026-07-17 20:49:03+00:00
2026-07-17T20:50:03+00:00,-46.39,-57.29,-61.85,-61.93,-64.14,-45.38,-50.54,-62.06,-51.69,-42.32,-50.81,-62.42,-47.35,-34.56,-58.87,-33.46,-55.47,2026-07-17 20:50:03+00:00
2026-07-17T20:51:04+00:00,-46.19,-57.31,-62.37,-61.78,-62.81,-45.45,-50.75,-62.70,-51.68,-42.04,-50.91,-63.03,-47.51,-34.66,-59.27,-33.76,-54.50,2026-07-17 20:51:04+00:00
2026-07-17T20:52:04+00:00,-46.20,-57.00,-61.76,-62.03,-63.64,-45.22,-50.63,-61.79,-51.53,-41.66,-50.85,-60.26,-47.35,-35.06,-58.58,-33.74,-54.93,2026-07-17 20:52:04+00:00
2026-07-17T20:53:03+00:00,-46.14,-57.10,-61.72,-61.72,-63.97,-45.64,-50.36,-62.12,-51.51,-41.06,-50.86,-58.91,-47.26,-34.90,-58.51,-33.25,-54.79,2026-07-17 20:53:03+00:00
2026-07-17T20:54:04+00:00,-45.73,-57.14,-62.16,-61.61,-62.93,-45.53,-50.29,-61.90,-51.39,-40.77,-50.68,-57.78,-47.13,-34.92,-58.30,-32.85,-55.53,2026-07-17 20:54:04+00:00
2026-07-17T20:55:04+00:00,-45.80,-57.37,-61.38,-61.84,-63.79,-45.44,-50.34,-61.70,-51.96,-40.51,-51.02,-57.03,-47.13,-35.09,-58.55,-32.36,-54.58,2026-07-17 20:55:04+00:00
2026-07-17T20:56:03+00:00,-45.84,-57.61,-61.53,-62.26,-63.68,-45.71,-50.58,-62.47,-52.01,-40.26,-51.38,-56.10,-46.93,-34.95,-58.27,-31.16,-54.82,2026-07-17 20:56:03+00:00
2026-07-17T20:57:03+00:00,-45.37,-57.59,-61.87,-61.64,-63.95,-45.47,-50.69,-62.29,-51.99,-40.47,-51.04,-56.95,-46.57,-35.05,-58.64,-32.26,-54.95,2026-07-17 20:57:03+00:00
2026-07-17T20:58:04+00:00,-45.39,-56.37,-61.68,-61.42,-63.93,-45.45,-50.56,-61.71,-52.01,-40.62,-51.21,-56.74,-46.52,-35.17,-58.55,-30.44,-55.34,2026-07-17 20:58:04+00:00
2026-07-17T20:59:04+00:00,-45.25,-55.99,-61.90,-61.94,-64.31,-45.60,-50.58,-62.13,-52.11,-40.54,-50.63,-59.95,-47.04,-35.37,-57.76,-30.24,-54.63,2026-07-17 20:59:04+00:00
2026-07-17T21:00:03+00:00,-46.02,-57.00,-62.40,-61.97,-63.91,-45.36,-50.70,-62.29,-52.20,-39.53,-50.81,-60.70,-47.30,-35.19,-57.72,-30.48,-55.21,2026-07-17 21:00:03+00:00
2026-07-17T21:01:04+00:00,-46.07,-57.83,-62.20,-61.60,-63.95,-45.38,-50.50,-61.94,-52.13,-39.41,-50.79,-58.55,-47.66,-35.19,-56.83,-32.94,-55.38,2026-07-17 21:01:04+00:00
2026-07-17T21:02:03+00:00,-45.81,-54.02,-62.56,-61.77,-63.51,-45.30,-50.67,-59.01,-51.75,-39.38,-49.81,-59.32,-47.55,-35.33,-56.58,-32.48,-56.00,2026-07-17 21:02:03+00:00
2026-07-17T21:03:03+00:00,-46.03,-54.41,-62.53,-61.77,-64.08,-45.67,-57.43,-62.42,-51.83,-40.11,-50.77,-59.47,-47.21,-35.51,-56.62,-32.68,-56.33,2026-07-17 21:03:03+00:00
2026-07-17T21:04:04+00:00,-46.26,-54.81,-62.54,-61.99,-63.26,-45.39,-49.38,-62.39,-52.06,-40.06,-50.51,-59.59,-47.55,-35.51,-55.35,-33.84,-56.16,2026-07-17 21:04:04+00:00
2026-07-17T21:05:04+00:00,-46.27,-54.36,-62.01,-61.89,-64.27,-45.60,-50.80,-62.17,-53.16,-40.18,-50.73,-58.59,-47.22,-35.22,-54.98,-34.06,-56.50,2026-07-17 21:05:04+00:00
2026-07-17T21:06:04+00:00,-46.66,-54.93,-61.58,-61.64,-64.05,-45.49,-50.97,-62.15,-53.20,-40.33,-50.65,-56.13,-47.18,-35.33,-54.27,-34.74,-55.60,2026-07-17 21:06:04+00:00
2026-07-17T21:07:03+00:00,-46.52,-55.34,-62.84,-62.14,-64.78,-45.55,-51.19,-61.96,-53.46,-40.20,-50.95,-54.86,-47.18,-35.29,-54.77,-34.62,-55.97,2026-07-17 21:07:03+00:00
2026-07-17T21:08:03+00:00,-46.71,-55.23,-62.85,-61.81,-62.94,-45.64,-50.61,-62.06,-53.43,-40.07,-50.82,-62.69,-47.31,-35.63,-54.95,-34.09,-55.34,2026-07-17 21:08:03+00:00
2026-07-17T21:09:04+00:00,-46.67,-55.50,-61.92,-61.86,-63.68,-45.45,-50.49,-61.85,-53.50,-40.66,-50.68,-62.86,-48.25,-35.62,-55.29,-33.66,-56.28,2026-07-17 21:09:04+00:00
2026-07-17T21:10:04+00:00,-46.63,-56.05,-62.51,-62.12,-63.48,-45.66,-50.90,-61.58,-53.35,-40.46,-50.95,-62.46,-48.46,-35.90,-55.26,-33.42,-55.59,2026-07-17 21:10:04+00:00
2026-07-17T21:11:03+00:00,-46.55,-56.10,-62.63,-61.68,-64.38,-45.59,-50.59,-62.18,-53.50,-41.51,-50.69,-63.05,-48.29,-35.86,-55.48,-32.85,-55.55,2026-07-17 21:11:03+00:00
2026-07-17T21:12:03+00:00,-46.54,-55.77,-62.75,-61.45,-64.62,-45.23,-50.61,-61.53,-53.32,-41.07,-50.70,-62.73,-48.05,-36.07,-55.22,-33.09,-53.24,2026-07-17 21:12:03+00:00
2026-07-17T21:13:04+00:00,-46.51,-55.83,-62.49,-61.58,-63.62,-45.12,-51.05,-61.57,-53.33,-40.87,-50.75,-62.27,-48.04,-36.04,-54.62,-34.12,-53.93,2026-07-17 21:13:04+00:00
2026-07-17T21:14:04+00:00,-46.65,-56.11,-62.78,-61.66,-63.88,-45.27,-50.92,-62.09,-53.37,-40.73,-50.71,-62.85,-48.36,-36.63,-54.46,-33.54,-53.25,2026-07-17 21:14:04+00:00
2026-07-17T21:15:03+00:00,-46.44,-56.17,-61.36,-61.44,-64.50,-45.55,-50.76,-61.67,-53.14,-41.17,-50.68,-60.66,-48.54,-37.08,-53.87,-33.35,-53.05,2026-07-17 21:15:03+00:00
2026-07-17T21:16:03+00:00,-46.70,-56.13,-62.06,-61.76,-64.52,-45.46,-51.01,-62.09,-53.34,-41.28,-50.80,-60.33,-48.55,-36.67,-53.51,-33.99,-53.07,2026-07-17 21:16:03+00:00
2026-07-17T21:17:03+00:00,-46.59,-56.42,-62.14,-61.90,-64.40,-45.42,-51.12,-62.07,-53.28,-40.98,-50.77,-60.14,-48.71,-37.01,-53.23,-34.02,-53.20,2026-07-17 21:17:03+00:00
2026-07-17T21:18:04+00:00,-46.69,-56.49,-62.19,-61.98,-64.19,-45.34,-50.87,-62.13,-53.32,-41.22,-50.70,-59.91,-48.25,-36.97,-52.82,-33.62,-53.71,2026-07-17 21:18:04+00:00
2026-07-17T21:19:04+00:00,-48.14,-56.20,-61.58,-62.11,-63.36,-45.55,-51.00,-61.74,-53.43,-41.77,-50.58,-59.11,-48.34,-37.15,-52.46,-33.61,-52.91,2026-07-17 21:19:04+00:00
2026-07-17T21:20:03+00:00,-48.26,-56.10,-61.86,-61.52,-63.96,-45.47,-50.79,-61.75,-53.48,-41.68,-50.59,-58.64,-47.28,-37.33,-52.67,-33.33,-53.08,2026-07-17 21:20:03+00:00
2026-07-17T21:21:03+00:00,-48.28,-55.88,-61.63,-61.84,-64.16,-45.26,-46.87,-62.19,-53.34,-41.34,-50.40,-56.22,-47.48,-37.15,-52.35,-33.21,-52.96,2026-07-17 21:21:03+00:00
2026-07-17T21:22:04+00:00,-48.05,-56.01,-61.86,-61.69,-63.05,-45.36,-50.75,-61.58,-53.50,-41.37,-50.70,-55.17,-47.78,-37.97,-52.63,-32.69,-53.42,2026-07-17 21:22:04+00:00
2026-07-17T21:23:04+00:00,-48.01,-56.10,-61.85,-61.78,-63.45,-45.59,-50.93,-61.67,-53.31,-41.48,-50.21,-55.31,-48.17,-38.48,-52.04,-32.07,-53.16,2026-07-17 21:23:04+00:00
2026-07-17T21:24:03+00:00,-47.93,-55.23,-62.49,-61.82,-63.68,-45.32,-50.97,-61.64,-53.31,-41.04,-50.64,-54.77,-48.67,-39.10,-51.54,-32.03,-53.75,2026-07-17 21:24:03+00:00
2026-07-17T21:25:03+00:00,-48.70,-55.72,-62.48,-61.56,-63.79,-45.45,-50.71,-61.28,-53.13,-40.49,-50.59,-54.74,-48.35,-38.48,-51.21,-32.15,-52.80,2026-07-17 21:25:03+00:00
2026-07-17T21:26:04+00:00,-48.89,-53.88,-62.61,-61.49,-63.68,-45.60,-50.49,-61.48,-53.57,-40.33,-50.72,-54.46,-48.19,-38.50,-51.01,-31.90,-53.86,2026-07-17 21:26:04+00:00
2026-07-17T21:27:04+00:00,-48.50,-53.43,-62.41,-61.36,-64.51,-45.58,-50.92,-61.40,-53.68,-40.55,-50.49,-54.96,-48.45,-38.94,-50.39,-31.42,-53.09,2026-07-17 21:27:04+00:00
2026-07-17T21:28:03+00:00,-50.57,-55.79,-62.69,-61.39,-63.49,-45.46,-50.66,-62.11,-53.32,-40.61,-50.64,-56.34,-48.70,-39.35,-50.01,-31.24,-53.34,2026-07-17 21:28:03+00:00
2026-07-17T21:29:04+00:00,-50.78,-56.16,-62.05,-61.74,-63.78,-45.66,-50.44,-61.81,-53.27,-40.26,-50.59,-56.43,-48.42,-39.16,-49.94,-31.22,-53.82,2026-07-17 21:29:04+00:00
2026-07-17T21:30:04+00:00,-49.98,-55.99,-61.97,-61.88,-64.38,-45.84,-50.26,-62.25,-53.23,-39.82,-50.53,-56.84,-48.76,-39.23,-49.66,-31.23,-53.06,2026-07-17 21:30:04+00:00
2026-07-17T21:31:04+00:00,-50.45,-56.55,-62.29,-61.95,-62.96,-45.83,-50.04,-62.00,-53.24,-40.17,-50.38,-57.32,-47.82,-39.81,-49.59,-31.01,-53.13,2026-07-17 21:31:04+00:00
2026-07-17T21:32:03+00:00,-49.60,-56.82,-62.11,-61.53,-64.05,-45.86,-50.16,-62.07,-53.25,-39.74,-50.25,-57.72,-47.97,-39.89,-49.14,-31.23,-53.03,2026-07-17 21:32:03+00:00
2026-07-17T21:33:03+00:00,-49.58,-56.08,-60.52,-61.42,-63.08,-45.65,-49.95,-61.80,-52.82,-39.55,-50.33,-57.72,-47.01,-39.65,-49.24,-31.11,-53.49,2026-07-17 21:33:03+00:00
2026-07-17T21:34:04+00:00,-49.64,-56.31,-61.61,-61.61,-63.51,-45.73,-49.91,-61.90,-52.88,-39.73,-50.19,-58.30,-47.33,-39.91,-49.40,-30.94,-54.04,2026-07-17 21:34:04+00:00
2026-07-17T21:35:04+00:00,-49.77,-56.46,-61.98,-61.71,-63.16,-45.81,-49.69,-62.28,-51.86,-39.59,-50.25,-58.05,-47.55,-40.04,-49.36,-31.15,-54.12,2026-07-17 21:35:04+00:00
2026-07-17T21:36:04+00:00,-49.42,-56.48,-61.77,-61.10,-63.70,-45.54,-49.64,-62.25,-51.70,-39.22,-50.04,-57.98,-46.80,-40.47,-49.18,-31.15,-53.27,2026-07-17 21:36:04+00:00
2026-07-17T21:37:04+00:00,-49.66,-56.12,-61.40,-61.68,-63.15,-45.77,-49.53,-61.77,-51.68,-39.59,-50.49,-58.80,-46.92,-41.44,-48.93,-30.93,-54.17,2026-07-17 21:37:04+00:00
2026-07-17T21:38:03+00:00,-49.48,-56.31,-60.98,-61.31,-64.35,-45.45,-49.56,-62.17,-51.89,-40.05,-50.76,-59.10,-46.77,-41.88,-49.11,-30.77,-53.82,2026-07-17 21:38:03+00:00
2026-07-17T21:39:04+00:00,-48.97,-56.66,-60.71,-62.15,-64.51,-45.78,-49.15,-61.45,-51.93,-39.80,-50.75,-59.99,-46.55,-41.77,-48.86,-30.76,-53.83,2026-07-17 21:39:04+00:00
2026-07-17T21:40:04+00:00,-48.75,-56.63,-61.23,-61.66,-63.39,-45.78,-49.19,-61.95,-51.51,-40.26,-50.76,-60.85,-46.69,-42.08,-49.18,-30.76,-53.82,2026-07-17 21:40:04+00:00
2026-07-17T21:41:04+00:00,-48.71,-56.10,-61.49,-61.50,-63.99,-45.55,-49.00,-62.21,-50.04,-39.77,-50.72,-61.43,-46.64,-41.96,-49.02,-30.84,-53.49,2026-07-17 21:41:04+00:00
2026-07-17T21:42:03+00:00,-48.24,-55.36,-61.87,-62.00,-64.51,-45.68,-49.48,-62.70,-50.15,-39.12,-50.68,-61.81,-47.95,-41.82,-48.83,-30.67,-53.86,2026-07-17 21:42:03+00:00
2026-07-17T21:43:04+00:00,-46.27,-56.00,-62.21,-61.93,-64.00,-45.80,-49.40,-62.80,-50.15,-39.62,-50.19,-62.69,-47.68,-41.96,-49.02,-30.73,-53.25,2026-07-17 21:43:04+00:00
2026-07-17T21:44:04+00:00,-47.29,-56.52,-61.90,-61.97,-63.53,-44.65,-49.03,-60.70,-49.97,-39.48,-50.01,-63.08,-48.32,-42.05,-48.88,-30.55,-53.70,2026-07-17 21:44:04+00:00
2026-07-17T21:45:03+00:00,-46.33,-56.87,-61.86,-61.87,-64.15,-45.90,-49.37,-62.75,-49.97,-39.85,-50.30,-62.38,-48.28,-41.57,-48.59,-30.35,-53.80,2026-07-17 21:45:03+00:00
2026-07-17T21:46:04+00:00,-46.46,-56.62,-61.92,-61.92,-63.38,-45.69,-49.33,-62.20,-50.00,-40.32,-50.18,-62.33,-47.65,-42.06,-48.10,-30.05,-53.31,2026-07-17 21:46:04+00:00
2026-07-17T21:47:04+00:00,-46.56,-56.56,-61.48,-61.64,-62.89,-45.69,-49.18,-62.21,-49.90,-40.41,-50.02,-61.67,-47.57,-41.91,-47.97,-29.64,-53.20,2026-07-17 21:47:04+00:00
2026-07-17T21:48:04+00:00,-46.58,-56.35,-62.23,-61.80,-62.99,-45.62,-49.55,-61.98,-50.03,-40.69,-50.27,-61.99,-46.51,-41.93,-47.52,-29.43,-52.50,2026-07-17 21:48:04+00:00
2026-07-17T21:49:03+00:00,-46.48,-56.50,-61.87,-61.83,-63.99,-45.38,-49.19,-62.36,-49.99,-41.14,-50.20,-61.73,-46.45,-41.91,-47.90,-29.25,-53.51,2026-07-17 21:49:03+00:00
2026-07-17T21:50:03+00:00,-46.27,-55.35,-61.31,-61.56,-63.98,-45.56,-49.34,-61.88,-50.76,-41.05,-50.22,-60.61,-46.31,-41.47,-47.35,-29.05,-53.32,2026-07-17 21:50:03+00:00
2026-07-17T21:51:04+00:00,-46.28,-56.74,-61.97,-61.91,-64.18,-45.71,-49.54,-62.21,-50.84,-40.75,-50.76,-60.99,-46.37,-41.10,-47.69,-29.33,-52.88,2026-07-17 21:51:04+00:00
2026-07-17T21:52:04+00:00,-46.22,-56.69,-62.62,-61.54,-63.45,-45.30,-49.24,-61.76,-50.90,-41.32,-50.60,-61.33,-46.42,-41.28,-47.49,-30.12,-53.94,2026-07-17 21:52:04+00:00
2026-07-17T21:53:04+00:00,-46.25,-56.17,-62.36,-61.84,-63.38,-45.50,-48.81,-62.22,-50.84,-41.38,-50.66,-61.40,-46.41,-41.49,-47.48,-30.65,-53.03,2026-07-17 21:53:04+00:00
2026-07-17T21:54:03+00:00,-46.35,-56.33,-62.53,-62.00,-64.51,-45.40,-48.93,-61.90,-50.83,-41.64,-50.56,-60.46,-46.54,-41.47,-47.21,-31.59,-53.08,2026-07-17 21:54:03+00:00
2026-07-17T21:55:04+00:00,-46.35,-56.40,-63.04,-61.81,-63.55,-45.41,-49.22,-61.10,-52.57,-42.07,-50.55,-59.41,-46.40,-41.54,-47.28,-32.39,-53.55,2026-07-17 21:55:04+00:00
2026-07-17T21:56:04+00:00,-46.18,-56.57,-61.79,-61.82,-64.41,-45.69,-49.08,-61.27,-53.01,-41.78,-50.67,-58.80,-46.24,-40.97,-47.14,-33.23,-53.63,2026-07-17 21:56:04+00:00
2026-07-17T21:57:04+00:00,-46.23,-55.51,-61.82,-61.50,-63.46,-45.73,-49.26,-61.67,-53.30,-41.98,-50.67,-59.12,-45.98,-40.99,-46.92,-34.06,-53.58,2026-07-17 21:57:04+00:00
2026-07-17T21:58:03+00:00,-46.86,-55.83,-61.81,-61.79,-64.71,-45.50,-49.44,-62.21,-53.54,-42.10,-50.41,-59.44,-46.30,-40.33,-46.93,-34.18,-53.88,2026-07-17 21:58:03+00:00
2026-07-17T21:59:03+00:00,-46.96,-56.03,-61.08,-61.59,-63.69,-45.75,-49.02,-62.03,-53.85,-42.44,-51.07,-60.01,-46.63,-39.33,-47.00,-34.35,-53.89,2026-07-17 21:59:03+00:00
2026-07-17T22:00:04+00:00,-46.90,-55.73,-61.99,-61.63,-64.65,-46.04,-48.95,-62.30,-53.97,-42.52,-51.11,-60.94,-47.16,-39.00,-47.10,-34.38,-53.11,2026-07-17 22:00:04+00:00
2026-07-17T22:01:04+00:00,-47.00,-55.75,-62.47,-61.80,-63.98,-45.81,-48.78,-62.17,-54.12,-42.68,-51.03,-61.07,-47.50,-38.73,-46.83,-34.97,-53.69,2026-07-17 22:01:04+00:00
2026-07-17T22:02:04+00:00,-47.71,-55.61,-62.22,-61.64,-63.16,-46.02,-49.06,-62.47,-53.98,-42.50,-51.00,-61.49,-47.88,-38.54,-46.94,-35.37,-53.84,2026-07-17 22:02:04+00:00
2026-07-17T22:03:04+00:00,-47.43,-56.16,-62.18,-61.80,-64.24,-46.14,-49.02,-62.55,-54.09,-43.45,-50.95,-59.08,-47.65,-38.70,-46.93,-36.31,-53.97,2026-07-17 22:03:04+00:00
2026-07-17T22:04:03+00:00,-47.48,-55.99,-62.23,-61.59,-63.69,-45.36,-47.51,-61.75,-53.62,-43.49,-50.71,-61.03,-47.64,-39.42,-46.71,-36.14,-53.84,2026-07-17 22:04:03+00:00
2026-07-17T22:05:03+00:00,-47.46,-56.46,-62.59,-61.51,-63.27,-46.20,-49.11,-61.89,-53.35,-43.67,-50.30,-60.26,-46.93,-39.84,-46.62,-36.25,-53.26,2026-07-17 22:05:03+00:00
2026-07-17T22:06:04+00:00,-47.64,-56.60,-62.48,-61.98,-64.20,-46.77,-49.14,-61.84,-53.21,-43.65,-50.65,-61.03,-47.80,-40.04,-46.23,-36.56,-53.25,2026-07-17 22:06:04+00:00
2026-07-17T22:07:04+00:00,-47.63,-56.75,-62.50,-62.23,-64.13,-46.36,-49.22,-62.17,-53.09,-43.78,-50.75,-60.96,-47.77,-40.54,-46.35,-36.67,-53.34,2026-07-17 22:07:04+00:00
2026-07-17T22:08:04+00:00,-47.70,-56.44,-62.15,-62.28,-63.64,-46.52,-49.26,-62.56,-53.23,-43.78,-50.62,-59.25,-47.23,-41.10,-45.98,-36.85,-54.01,2026-07-17 22:08:04+00:00
2026-07-17T22:09:04+00:00,-46.46,-56.19,-62.11,-61.94,-64.25,-46.40,-49.00,-62.28,-53.17,-44.12,-50.69,-57.82,-47.19,-41.56,-46.08,-37.60,-53.61,2026-07-17 22:09:04+00:00
2026-07-17T22:10:04+00:00,-46.44,-56.70,-62.68,-62.16,-63.94,-46.31,-49.19,-62.22,-53.20,-43.97,-49.89,-60.16,-47.21,-41.99,-46.28,-37.50,-53.22,2026-07-17 22:10:04+00:00
2026-07-17T22:11:03+00:00,-46.52,-56.65,-62.33,-61.75,-63.42,-46.46,-48.97,-62.30,-53.22,-44.13,-50.38,-60.94,-47.28,-41.05,-46.16,-37.61,-52.99,2026-07-17 22:11:03+00:00
2026-07-17T22:12:03+00:00,-46.12,-56.50,-62.97,-61.93,-64.76,-46.27,-49.11,-62.42,-52.78,-44.09,-50.49,-61.78,-48.63,-41.02,-46.05,-37.15,-53.18,2026-07-17 22:12:03+00:00
2026-07-17T22:13:03+00:00,-46.06,-56.65,-62.57,-61.92,-63.45,-46.26,-49.11,-62.37,-53.03,-43.47,-50.79,-62.46,-48.68,-41.37,-46.35,-37.21,-53.58,2026-07-17 22:13:03+00:00
2026-07-17T22:14:03+00:00,-45.98,-56.47,-62.81,-61.87,-63.68,-46.00,-49.12,-62.14,-52.81,-42.73,-50.54,-62.40,-48.70,-40.74,-46.21,-36.69,-53.95,2026-07-17 22:14:03+00:00
2026-07-17T22:15:05+00:00,-45.84,-56.62,-62.05,-61.64,-64.32,-46.13,-48.81,-62.13,-52.89,-42.99,-50.72,-61.92,-48.81,-40.31,-46.49,-36.79,-53.11,2026-07-17 22:15:05+00:00
2026-07-17T22:16:04+00:00,-46.31,-56.72,-62.68,-62.02,-63.37,-46.41,-48.77,-62.46,-52.93,-43.39,-50.68,-62.33,-48.86,-40.07,-46.28,-36.56,-53.79,2026-07-17 22:16:04+00:00
2026-07-17T22:17:03+00:00,-46.13,-56.35,-62.53,-61.73,-64.47,-46.47,-48.97,-61.94,-53.11,-43.56,-50.91,-61.74,-48.56,-39.68,-45.87,-36.96,-53.91,2026-07-17 22:17:03+00:00
2026-07-17T22:18:04+00:00,-46.14,-56.43,-62.53,-61.79,-64.70,-46.38,-49.35,-62.71,-52.91,-43.06,-50.91,-62.12,-47.34,-39.34,-45.60,-37.01,-53.41,2026-07-17 22:18:04+00:00
2026-07-17T22:19:04+00:00,-46.09,-56.69,-62.10,-61.43,-63.16,-46.40,-49.16,-62.21,-52.86,-42.67,-50.84,-62.17,-47.17,-39.52,-45.59,-37.48,-53.21,2026-07-17 22:19:04+00:00
2026-07-17T22:20:04+00:00,-46.25,-56.63,-62.43,-61.91,-63.60,-46.44,-49.13,-62.04,-51.64,-42.51,-50.88,-62.37,-47.31,-38.55,-45.45,-38.09,-53.60,2026-07-17 22:20:04+00:00
2026-07-17T22:21:03+00:00,-46.31,-56.56,-62.00,-62.17,-64.31,-45.81,-47.37,-61.44,-51.58,-41.92,-50.64,-62.46,-47.39,-38.49,-45.04,-38.37,-53.15,2026-07-17 22:21:03+00:00
2026-07-17T22:22:04+00:00,-46.71,-57.00,-62.93,-61.16,-62.57,-46.31,-53.32,-62.31,-51.57,-41.35,-50.54,-62.03,-47.46,-38.66,-44.60,-38.83,-52.97,2026-07-17 22:22:04+00:00
2026-07-17T22:23:04+00:00,-46.75,-56.22,-62.23,-61.97,-62.96,-45.99,-46.21,-62.55,-51.51,-40.75,-50.77,-62.40,-47.48,-38.79,-44.72,-39.17,-53.97,2026-07-17 22:23:04+00:00
2026-07-17T22:24:03+00:00,-46.96,-56.10,-62.84,-62.02,-64.92,-46.05,-49.29,-62.44,-51.87,-40.60,-55.70,-62.88,-47.80,-38.50,-44.65,-39.05,-54.11,2026-07-17 22:24:03+00:00
2026-07-17T22:25:03+00:00,-47.00,-56.67,-62.66,-61.67,-63.86,-46.21,-49.13,-62.19,-49.82,-40.38,-55.67,-61.93,-47.77,-39.33,-44.25,-38.93,-54.01,2026-07-17 22:25:03+00:00
2026-07-17T22:26:04+00:00,-46.78,-56.64,-62.50,-61.76,-63.74,-46.40,-49.18,-62.34,-49.91,-40.00,-55.93,-61.13,-49.22,-39.22,-44.73,-38.76,-52.50,2026-07-17 22:26:04+00:00
2026-07-17T22:27:04+00:00,-47.03,-56.71,-62.64,-61.68,-64.36,-46.34,-48.86,-62.35,-49.99,-39.48,-56.02,-58.99,-49.19,-39.10,-44.79,-37.78,-53.73,2026-07-17 22:27:04+00:00
2026-07-17T22:28:03+00:00,-46.86,-56.79,-63.30,-61.95,-63.72,-46.47,-49.27,-62.09,-50.07,-39.84,-55.91,-59.33,-49.08,-39.13,-44.35,-37.38,-53.84,2026-07-17 22:28:03+00:00
2026-07-17T22:29:03+00:00,-46.96,-56.50,-63.13,-61.67,-63.69,-46.51,-49.54,-62.32,-49.93,-39.89,-55.96,-59.98,-48.75,-38.69,-44.50,-36.18,-54.18,2026-07-17 22:29:03+00:00
2026-07-17T22:30:04+00:00,-47.03,-56.60,-61.99,-62.11,-63.10,-46.32,-49.39,-61.50,-50.06,-39.67,-55.33,-59.32,-47.99,-39.31,-45.02,-36.02,-53.75,2026-07-17 22:30:04+00:00
2026-07-17T22:31:04+00:00,-47.28,-56.66,-61.94,-61.48,-64.30,-46.22,-49.86,-61.96,-50.02,-39.68,-55.32,-59.17,-47.87,-38.90,-44.55,-35.74,-53.37,2026-07-17 22:31:04+00:00
2026-07-17T22:32:04+00:00,-47.12,-56.76,-62.92,-61.90,-64.57,-46.39,-49.56,-62.26,-50.06,-39.28,-55.14,-58.67,-47.67,-39.23,-44.72,-35.97,-53.84,2026-07-17 22:32:04+00:00
2026-07-17T22:33:04+00:00,-46.74,-56.56,-63.04,-61.71,-64.12,-46.42,-49.85,-62.21,-50.24,-39.88,-54.99,-58.89,-47.58,-39.26,-44.57,-35.33,-53.30,2026-07-17 22:33:04+00:00
2026-07-17T22:34:04+00:00,-46.72,-56.39,-63.10,-62.10,-64.50,-46.31,-49.76,-62.45,-50.25,-39.75,-55.16,-59.42,-47.32,-39.45,-44.98,-35.58,-53.22,2026-07-17 22:34:04+00:00
2026-07-17T22:35:03+00:00,-46.61,-56.09,-63.48,-62.15,-63.58,-46.22,-49.70,-62.56,-51.09,-39.58,-55.48,-59.57,-47.56,-39.79,-45.20,-36.16,-52.95,2026-07-17 22:35:03+00:00
2026-07-17T22:36:04+00:00,-46.53,-57.25,-63.13,-61.99,-64.01,-46.42,-49.83,-62.56,-51.01,-39.49,-54.86,-59.03,-47.49,-39.73,-45.30,-36.04,-53.33,2026-07-17 22:36:04+00:00
2026-07-17T22:37:03+00:00,-46.30,-58.79,-62.86,-62.08,-63.82,-46.39,-49.76,-62.30,-51.09,-39.22,-56.24,-59.40,-47.95,-40.11,-45.16,-35.71,-53.98,2026-07-17 22:37:03+00:00
2026-07-17T22:38:03+00:00,-46.13,-59.50,-63.16,-62.07,-63.64,-46.38,-49.91,-62.70,-50.97,-39.54,-56.48,-59.47,-48.04,-40.06,-45.51,-35.16,-53.08,2026-07-17 22:38:03+00:00
2026-07-17T22:39:04+00:00,-46.60,-59.25,-63.18,-61.65,-64.91,-46.52,-49.87,-63.00,-51.23,-39.07,-56.35,-58.97,-47.82,-40.49,-46.12,-34.41,-54.29,2026-07-17 22:39:04+00:00
2026-07-17T22:40:04+00:00,-46.74,-58.73,-63.22,-61.87,-63.82,-46.71,-49.77,-62.75,-54.55,-38.99,-56.25,-59.47,-47.73,-39.71,-46.49,-34.11,-53.09,2026-07-17 22:40:04+00:00
2026-07-17T22:41:03+00:00,-46.99,-58.53,-63.32,-61.78,-64.87,-46.43,-49.71,-62.65,-54.48,-39.11,-56.28,-58.53,-47.91,-39.73,-46.27,-34.70,-54.18,2026-07-17 22:41:03+00:00
2026-07-17T22:42:03+00:00,-47.02,-57.27,-62.68,-61.85,-64.14,-46.69,-49.73,-63.08,-54.51,-39.03,-56.54,-59.10,-47.15,-39.12,-46.41,-34.78,-54.35,2026-07-17 22:42:03+00:00
2026-07-17T22:43:04+00:00,-46.98,-58.73,-63.34,-61.72,-63.92,-46.74,-49.53,-62.94,-54.50,-38.68,-56.57,-58.30,-46.67,-39.37,-46.36,-34.25,-53.67,2026-07-17 22:43:04+00:00
2026-07-17T22:44:04+00:00,-46.95,-59.11,-63.18,-61.55,-64.61,-46.61,-49.51,-62.62,-54.46,-38.69,-56.46,-58.50,-46.63,-39.56,-46.41,-34.35,-53.55,2026-07-17 22:44:04+00:00
2026-07-17T22:45:03+00:00,-46.88,-59.35,-62.57,-61.64,-63.85,-45.79,-47.77,-62.00,-53.95,-38.55,-56.23,-58.42,-46.28,-39.67,-46.50,-34.05,-53.29,2026-07-17 22:45:03+00:00
2026-07-17T22:46:03+00:00,-46.19,-59.89,-63.18,-61.59,-63.40,-46.50,-49.92,-62.25,-53.64,-38.66,-54.08,-58.84,-46.09,-39.88,-46.65,-33.78,-53.47,2026-07-17 22:46:03+00:00
2026-07-17T22:47:04+00:00,-47.03,-60.23,-62.98,-61.97,-63.90,-46.60,-50.02,-62.87,-53.83,-38.70,-55.73,-58.76,-46.65,-40.24,-46.56,-33.68,-53.83,2026-07-17 22:47:04+00:00
2026-07-17T22:48:04+00:00,-47.04,-59.88,-62.87,-62.01,-63.93,-46.80,-49.39,-62.22,-53.73,-38.77,-55.49,-59.47,-46.82,-40.74,-46.77,-34.13,-53.31,2026-07-17 22:48:04+00:00
2026-07-17T22:49:03+00:00,-47.01,-59.43,-62.93,-61.80,-64.15,-46.82,-49.40,-62.03,-53.94,-38.85,-55.66,-59.51,-46.72,-41.56,-46.60,-33.30,-53.78,2026-07-17 22:49:03+00:00
2026-07-17T22:50:03+00:00,-47.14,-59.83,-63.08,-62.02,-63.59,-46.95,-49.49,-62.53,-54.07,-38.95,-55.70,-59.27,-46.63,-42.30,-46.70,-32.90,-54.08,2026-07-17 22:50:03+00:00
2026-07-17T22:51:04+00:00,-47.23,-60.14,-63.02,-61.98,-63.96,-46.98,-49.47,-62.39,-54.09,-38.52,-55.98,-58.30,-46.68,-42.57,-47.00,-32.83,-54.06,2026-07-17 22:51:04+00:00
2026-07-17T22:52:04+00:00,-47.05,-60.01,-62.77,-61.68,-62.89,-46.68,-49.38,-62.26,-54.01,-38.50,-55.64,-58.01,-46.21,-42.31,-46.85,-32.65,-54.39,2026-07-17 22:52:04+00:00
2026-07-17T22:53:03+00:00,-47.22,-60.28,-63.35,-62.08,-63.80,-46.97,-49.29,-62.17,-54.00,-38.77,-55.82,-57.24,-46.04,-42.41,-46.73,-32.43,-53.06,2026-07-17 22:53:03+00:00
2026-07-17T22:54:03+00:00,-47.12,-60.26,-63.46,-61.81,-63.20,-46.88,-49.29,-62.25,-54.31,-38.81,-55.60,-56.61,-46.02,-42.42,-46.67,-32.51,-54.01,2026-07-17 22:54:03+00:00
2026-07-17T22:55:04+00:00,-47.19,-60.22,-63.35,-61.67,-64.22,-46.93,-49.60,-61.37,-54.48,-38.85,-55.63,-58.11,-45.90,-42.92,-46.61,-32.26,-52.74,2026-07-17 22:55:04+00:00
2026-07-17T22:56:04+00:00,-47.27,-60.20,-63.58,-61.86,-63.79,-47.19,-49.61,-61.96,-54.25,-38.99,-55.75,-58.84,-45.87,-43.00,-47.09,-31.76,-53.91,2026-07-17 22:56:04+00:00
2026-07-17T22:57:03+00:00,-47.28,-60.05,-63.46,-61.86,-63.77,-47.06,-49.41,-62.09,-53.88,-38.70,-56.01,-60.03,-46.89,-43.30,-46.71,-31.55,-53.76,2026-07-17 22:57:03+00:00
2026-07-17T22:58:03+00:00,-47.07,-59.59,-63.13,-62.06,-65.00,-46.99,-49.43,-62.07,-53.79,-38.53,-55.92,-58.91,-47.13,-43.96,-47.38,-31.50,-53.88,2026-07-17 22:58:03+00:00
2026-07-17T22:59:04+00:00,-47.13,-59.70,-63.62,-61.81,-63.52,-47.21,-49.18,-62.32,-53.82,-38.56,-55.93,-57.58,-46.80,-44.65,-48.16,-31.56,-53.02,2026-07-17 22:59:04+00:00
2026-07-17T23:00:04+00:00,-46.59,-59.40,-63.18,-61.96,-63.23,-45.67,-48.28,-61.44,-53.47,-38.72,-55.70,-58.35,-46.97,-44.83,-47.37,-31.64,-53.04,2026-07-17 23:00:04+00:00
2026-07-17T23:01:04+00:00,-46.69,-59.12,-63.44,-61.83,-64.07,-47.07,-49.42,-61.81,-53.41,-38.82,-55.16,-58.20,-46.86,-45.27,-47.21,-31.77,-53.82,2026-07-17 23:01:04+00:00
2026-07-17T23:02:04+00:00,-46.75,-59.60,-63.48,-62.11,-63.81,-47.05,-49.98,-62.18,-53.38,-39.10,-55.53,-58.64,-47.02,-45.56,-47.18,-31.73,-54.00,2026-07-17 23:02:04+00:00
2026-07-17T23:03:03+00:00,-46.33,-59.32,-62.63,-61.94,-64.70,-46.98,-49.58,-61.95,-53.40,-39.07,-55.81,-59.25,-47.09,-45.98,-47.93,-32.29,-54.52,2026-07-17 23:03:03+00:00
2026-07-17T23:04:03+00:00,-46.29,-59.65,-62.71,-61.67,-64.44,-47.01,-49.63,-61.85,-53.46,-39.11,-55.24,-59.55,-46.27,-47.52,-47.84,-33.03,-52.92,2026-07-17 23:04:03+00:00
2026-07-17T23:05:04+00:00,-46.19,-59.30,-61.92,-62.34,-64.20,-47.29,-49.51,-62.14,-52.09,-39.05,-54.42,-59.22,-46.44,-47.94,-48.05,-33.73,-53.14,2026-07-17 23:05:04+00:00
2026-07-17T23:06:04+00:00,-46.22,-59.74,-63.28,-62.08,-64.59,-47.03,-49.55,-62.06,-51.91,-39.33,-55.25,-59.51,-47.22,-46.42,-48.01,-34.26,-54.26,2026-07-17 23:06:04+00:00
2026-07-17T23:07:03+00:00,-46.31,-59.57,-63.66,-62.06,-63.48,-47.40,-49.64,-62.27,-51.96,-38.64,-54.96,-60.14,-47.02,-46.77,-48.10,-34.05,-54.05,2026-07-17 23:07:03+00:00
2026-07-17T23:08:03+00:00,-46.60,-59.46,-63.51,-62.10,-63.90,-47.44,-49.60,-62.38,-51.98,-37.98,-55.15,-60.65,-46.88,-47.25,-47.42,-34.01,-54.28,2026-07-17 23:08:03+00:00
2026-07-17T23:09:04+00:00,-46.49,-58.13,-62.74,-61.85,-63.22,-47.24,-49.51,-62.52,-51.95,-37.54,-54.65,-60.84,-47.02,-47.69,-46.98,-33.54,-53.57,2026-07-17 23:09:04+00:00
2026-07-17T23:10:04+00:00,-46.62,-58.08,-62.93,-61.70,-63.27,-47.13,-49.97,-61.49,-49.99,-37.59,-54.61,-61.34,-46.96,-48.17,-46.81,-33.32,-53.60,2026-07-17 23:10:04+00:00
2026-07-17T23:11:03+00:00,-46.52,-58.95,-62.84,-61.59,-64.52,-47.13,-49.82,-61.69,-50.02,-37.44,-54.52,-61.12,-46.22,-47.85,-46.76,-33.21,-54.22,2026-07-17 23:11:03+00:00
2026-07-17T23:12:04+00:00,-46.52,-60.88,-63.24,-61.96,-64.25,-47.23,-50.10,-62.36,-50.10,-37.35,-54.17,-60.93,-45.88,-47.02,-46.88,-33.17,-53.27,2026-07-17 23:12:04+00:00
2026-07-17T23:13:04+00:00,-46.52,-60.78,-63.13,-61.83,-64.68,-47.19,-50.07,-62.11,-50.18,-36.87,-53.88,-58.62,-45.74,-47.87,-47.31,-32.17,-53.70,2026-07-17 23:13:04+00:00
2026-07-17T23:14:03+00:00,-46.84,-60.44,-63.25,-62.05,-64.50,-47.08,-50.23,-62.14,-50.15,-37.05,-54.39,-58.16,-46.14,-48.20,-47.10,-32.00,-54.24,2026-07-17 23:14:03+00:00
2026-07-17T23:15:03+00:00,-47.05,-59.82,-63.02,-61.95,-64.00,-47.24,-49.98,-62.11,-50.04,-37.06,-54.24,-57.16,-46.14,-46.97,-46.79,-32.55,-54.29,2026-07-17 23:15:03+00:00
2026-07-17T23:16:04+00:00,-47.79,-59.78,-63.49,-62.21,-64.66,-47.26,-50.19,-62.30,-50.14,-37.03,-54.38,-57.51,-46.10,-47.07,-46.61,-32.98,-53.08,2026-07-17 23:16:04+00:00
2026-07-17T23:17:04+00:00,-47.70,-59.76,-63.47,-62.06,-63.85,-47.49,-50.54,-61.99,-50.09,-37.09,-54.44,-57.78,-45.89,-47.49,-46.91,-33.75,-54.23,2026-07-17 23:17:04+00:00
2026-07-17T23:18:03+00:00,-47.83,-60.15,-63.63,-61.72,-64.59,-47.22,-50.52,-62.26,-50.08,-37.09,-54.28,-56.86,-45.72,-47.10,-46.34,-34.64,-54.55,2026-07-17 23:18:03+00:00
2026-07-17T23:19:04+00:00,-47.70,-59.31,-63.44,-62.15,-63.77,-47.27,-50.33,-62.22,-50.20,-37.05,-53.79,-56.86,-45.05,-47.20,-46.15,-34.58,-54.36,2026-07-17 23:19:04+00:00
2026-07-17T23:20:04+00:00,-47.51,-59.29,-63.35,-61.98,-63.92,-47.25,-50.18,-62.15,-50.94,-37.03,-53.54,-57.64,-45.18,-47.48,-46.10,-34.42,-54.04,2026-07-17 23:20:04+00:00
2026-07-17T23:21:03+00:00,-47.59,-59.19,-63.50,-61.79,-63.68,-47.44,-50.05,-62.17,-51.04,-36.89,-53.05,-57.83,-45.15,-46.61,-46.13,-34.54,-54.16,2026-07-17 23:21:03+00:00
2026-07-17T23:22:03+00:00,-47.49,-59.46,-63.65,-62.07,-63.34,-47.17,-50.23,-62.38,-51.03,-36.91,-53.70,-57.84,-45.89,-45.99,-46.11,-34.99,-54.10,2026-07-17 23:22:03+00:00
2026-07-17T23:23:04+00:00,-46.93,-60.11,-63.85,-62.02,-63.58,-47.10,-50.38,-62.56,-51.13,-36.76,-53.49,-58.10,-46.25,-44.91,-45.78,-35.45,-53.36,2026-07-17 23:23:04+00:00
2026-07-17T23:24:04+00:00,-47.09,-59.58,-63.15,-61.95,-63.53,-47.11,-50.15,-62.33,-51.14,-36.62,-52.52,-58.18,-46.22,-44.01,-45.65,-36.05,-53.33,2026-07-17 23:24:04+00:00
2026-07-17T23:25:03+00:00,-47.10,-60.24,-63.48,-61.88,-63.79,-47.10,-50.24,-62.33,-53.83,-36.84,-53.23,-58.33,-46.19,-43.92,-45.70,-36.33,-54.15,2026-07-17 23:25:03+00:00
2026-07-17T23:26:03+00:00,-46.51,-60.06,-63.62,-61.83,-63.51,-47.52,-50.26,-62.43,-53.82,-36.64,-53.06,-58.36,-46.03,-43.33,-45.65,-35.81,-53.25,2026-07-17 23:26:03+00:00
2026-07-17T23:27:04+00:00,-46.58,-59.40,-62.76,-61.76,-64.52,-47.90,-50.11,-62.06,-53.70,-36.83,-52.77,-58.04,-45.35,-43.35,-45.41,-35.47,-53.39,2026-07-17 23:27:04+00:00
2026-07-17T23:28:04+00:00,-46.71,-59.00,-63.41,-61.86,-64.10,-48.11,-50.32,-62.22,-53.80,-36.89,-53.06,-57.67,-45.38,-43.04,-45.59,-35.38,-54.31,2026-07-17 23:28:04+00:00
2026-07-17T23:29:03+00:00,-46.42,-59.17,-63.70,-61.65,-64.33,-48.05,-50.27,-62.30,-53.90,-37.14,-52.80,-57.40,-45.98,-42.92,-45.23,-35.60,-53.20,2026-07-17 23:29:03+00:00
2026-07-17T23:30:03+00:00,-46.41,-59.51,-63.18,-62.38,-63.31,-47.80,-49.91,-62.51,-53.80,-37.06,-52.57,-57.62,-45.68,-42.86,-45.74,-35.49,-54.20,2026-07-17 23:30:03+00:00
2026-07-17T23:31:04+00:00,-46.14,-59.88,-63.39,-61.72,-63.56,-47.44,-50.09,-62.42,-53.88,-37.34,-52.66,-57.37,-45.81,-42.65,-46.03,-35.10,-52.33,2026-07-17 23:31:04+00:00
2026-07-17T23:32:04+00:00,-46.26,-60.15,-63.20,-61.94,-64.60,-47.45,-49.96,-62.30,-53.80,-37.72,-52.47,-57.29,-45.91,-42.95,-46.10,-35.32,-54.82,2026-07-17 23:32:04+00:00
2026-07-17T23:33:03+00:00,-46.35,-60.31,-63.67,-61.75,-64.02,-47.56,-49.74,-62.04,-53.79,-37.65,-52.57,-57.51,-45.84,-42.78,-46.10,-35.85,-51.99,2026-07-17 23:33:03+00:00
2026-07-17T23:34:04+00:00,-46.58,-60.41,-63.26,-62.23,-63.64,-47.19,-49.95,-62.60,-53.92,-37.56,-52.12,-58.21,-45.39,-42.39,-46.22,-36.20,-53.88,2026-07-17 23:34:04+00:00
2026-07-17T23:35:04+00:00,-46.63,-59.94,-63.73,-61.64,-63.73,-47.44,-50.20,-62.26,-53.83,-37.94,-52.09,-58.28,-45.19,-42.68,-46.14,-35.66,-54.28,2026-07-17 23:35:04+00:00
2026-07-17T23:36:03+00:00,-46.47,-59.60,-63.68,-62.16,-64.22,-47.30,-50.12,-62.33,-53.73,-37.96,-52.35,-58.31,-45.57,-43.42,-46.12,-35.37,-54.39,2026-07-17 23:36:03+00:00
2026-07-17T23:37:03+00:00,-46.73,-59.76,-63.69,-62.02,-63.95,-47.36,-50.15,-62.57,-53.88,-38.09,-52.47,-58.39,-45.47,-44.03,-45.74,-35.27,-54.26,2026-07-17 23:37:03+00:00
2026-07-17T23:38:04+00:00,-46.47,-59.44,-63.50,-62.03,-64.03,-47.46,-50.21,-62.18,-53.81,-38.08,-52.35,-58.03,-45.50,-43.62,-45.66,-35.53,-54.16,2026-07-17 23:38:04+00:00
2026-07-17T23:39:04+00:00,-46.55,-59.66,-63.55,-61.61,-63.79,-47.26,-50.24,-62.60,-54.02,-38.13,-52.22,-57.38,-45.65,-43.73,-45.46,-36.00,-54.52,2026-07-17 23:39:04+00:00
2026-07-17T23:40:03+00:00,-47.40,-59.66,-63.51,-61.91,-62.96,-47.35,-50.09,-62.64,-54.22,-37.84,-52.16,-57.75,-45.69,-44.13,-45.39,-35.78,-54.06,2026-07-17 23:40:03+00:00
2026-07-17T23:41:04+00:00,-47.34,-59.66,-63.57,-62.47,-62.85,-47.28,-50.13,-62.66,-54.22,-37.87,-51.81,-57.36,-45.24,-43.87,-45.52,-35.79,-54.06,2026-07-17 23:41:04+00:00
2026-07-17T23:42:04+00:00,-47.25,-59.59,-63.11,-62.21,-64.54,-47.41,-50.18,-62.86,-54.01,-38.23,-51.41,-57.27,-45.34,-43.63,-45.32,-35.98,-54.26,2026-07-17 23:42:04+00:00
2026-07-17T23:43:04+00:00,-47.06,-57.74,-63.16,-62.24,-63.95,-47.30,-49.97,-62.44,-53.94,-38.16,-51.69,-57.51,-45.35,-44.20,-45.41,-35.57,-54.45,2026-07-17 23:43:04+00:00
2026-07-17T23:44:03+00:00,-47.10,-58.73,-63.30,-61.83,-63.25,-47.11,-50.00,-62.49,-54.08,-38.46,-52.06,-57.45,-45.24,-43.76,-45.66,-35.08,-53.36,2026-07-17 23:44:03+00:00
2026-07-17T23:45:03+00:00,-47.15,-59.80,-63.57,-61.98,-64.06,-46.98,-49.33,-62.68,-53.99,-37.96,-52.04,-57.63,-44.70,-44.03,-46.11,-34.66,-54.02,2026-07-17 23:45:03+00:00
2026-07-17T23:46:04+00:00,-47.16,-60.03,-63.55,-62.03,-63.13,-47.14,-50.03,-60.20,-53.84,-37.99,-51.33,-57.57,-44.79,-43.79,-46.15,-34.76,-53.38,2026-07-17 23:46:04+00:00
2026-07-17T23:47:04+00:00,-47.30,-60.17,-63.14,-61.95,-64.25,-47.01,-49.96,-62.28,-53.54,-38.06,-51.94,-57.55,-44.79,-43.63,-46.11,-34.65,-53.23,2026-07-17 23:47:04+00:00
2026-07-17T23:48:04+00:00,-47.08,-60.16,-63.37,-61.71,-64.28,-47.26,-49.90,-62.33,-53.72,-38.02,-51.49,-57.93,-44.14,-44.01,-45.95,-34.22,-52.08,2026-07-17 23:48:04+00:00
2026-07-17T23:49:03+00:00,-47.17,-60.35,-63.45,-61.87,-63.34,-47.30,-49.91,-62.47,-53.75,-37.59,-50.97,-58.18,-44.29,-44.13,-45.98,-33.41,-52.11,2026-07-17 23:49:03+00:00
2026-07-17T23:50:03+00:00,-46.99,-60.26,-63.94,-61.63,-63.90,-47.24,-49.84,-62.45,-52.22,-37.38,-51.04,-58.53,-44.21,-44.20,-45.77,-33.13,-54.05,2026-07-17 23:50:03+00:00
2026-07-17T23:51:04+00:00,-46.74,-58.56,-62.67,-61.96,-63.29,-47.01,-49.78,-62.09,-52.06,-36.97,-50.95,-58.61,-44.26,-43.75,-45.52,-33.61,-53.89,2026-07-17 23:51:04+00:00
2026-07-17T23:52:04+00:00,-47.53,-59.56,-63.24,-62.08,-63.95,-47.14,-49.83,-62.55,-52.09,-37.15,-51.71,-58.76,-44.53,-43.44,-45.25,-33.93,-52.95,2026-07-17 23:52:04+00:00
2026-07-17T23:53:03+00:00,-47.72,-56.06,-62.86,-62.35,-64.02,-47.15,-49.81,-62.50,-52.06,-37.68,-51.61,-59.06,-44.61,-43.09,-45.44,-33.53,-51.98,2026-07-17 23:53:03+00:00
2026-07-17T23:54:03+00:00,-47.69,-55.16,-63.24,-62.20,-63.18,-47.11,-49.99,-62.43,-52.22,-38.07,-51.48,-59.21,-44.72,-42.61,-45.48,-32.99,-53.05,2026-07-17 23:54:03+00:00
2026-07-17T23:55:04+00:00,-47.48,-59.64,-63.59,-61.78,-63.82,-46.98,-50.04,-62.51,-50.17,-38.02,-51.23,-59.14,-44.88,-42.67,-45.15,-32.81,-54.41,2026-07-17 23:55:04+00:00
2026-07-17T23:56:04+00:00,-47.55,-59.72,-63.77,-62.40,-64.17,-46.95,-50.28,-62.41,-50.25,-37.74,-51.25,-58.14,-45.69,-42.83,-45.19,-32.58,-55.39,2026-07-17 23:56:04+00:00
2026-07-17T23:57:03+00:00,-47.11,-59.59,-63.35,-61.97,-64.36,-46.71,-50.08,-62.40,-50.18,-38.01,-50.92,-57.61,-45.74,-42.91,-45.11,-32.33,-53.22,2026-07-17 23:57:03+00:00
2026-07-17T23:58:04+00:00,-47.12,-60.20,-62.92,-61.94,-64.05,-46.83,-50.02,-62.27,-50.18,-38.36,-50.53,-57.80,-45.40,-42.92,-44.65,-32.36,-53.64,2026-07-17 23:58:04+00:00
2026-07-17T23:59:04+00:00,-46.41,-60.52,-63.62,-62.01,-63.72,-46.95,-49.99,-62.45,-50.23,-38.46,-50.86,-58.31,-45.46,-44.42,-44.68,-32.80,-54.47,2026-07-17 23:59:04+00:00
