data,4500,11350,27200,58750,89750,19600,20270,20900,22600,23400,24000,26700,29700,45900,63850,77500,Ch17,data_parsed
2026-07-02T00:00:04+00:00,-47.23,-61.47,-58.05,-60.55,-62.80,-46.75,-43.13,-57.01,-51.04,-37.48,-51.57,-59.11,-52.89,-50.23,-45.22,-37.67,-51.73,2026-07-02 00:00:04+00:00
2026-07-02T00:01:04+00:00,-47.63,-62.57,-62.97,-60.23,-62.34,-45.43,-43.20,-59.98,-50.92,-37.67,-50.95,-59.34,-53.42,-51.25,-44.32,-38.22,-53.19,2026-07-02 00:01:04+00:00
2026-07-02T00:02:03+00:00,-47.51,-62.28,-62.08,-60.49,-63.06,-45.33,-43.26,-59.85,-50.22,-37.38,-50.56,-58.61,-53.69,-52.34,-44.10,-38.32,-53.27,2026-07-02 00:02:03+00:00
2026-07-02T00:03:03+00:00,-46.48,-61.63,-62.22,-60.24,-63.32,-45.21,-43.19,-59.62,-52.94,-37.58,-50.55,-59.37,-53.30,-55.46,-44.29,-38.46,-51.71,2026-07-02 00:03:03+00:00
2026-07-02T00:04:04+00:00,-46.18,-61.89,-60.85,-57.21,-61.92,-45.61,-42.94,-58.35,-52.86,-37.89,-51.58,-58.69,-53.42,-52.93,-44.96,-39.36,-53.31,2026-07-02 00:04:04+00:00
2026-07-02T00:05:04+00:00,-46.40,-61.81,-52.15,-60.32,-61.50,-44.56,-42.96,-59.34,-52.98,-37.58,-51.42,-58.04,-53.99,-51.68,-45.57,-40.37,-53.95,2026-07-02 00:05:04+00:00
2026-07-02T00:06:04+00:00,-45.45,-62.12,-55.27,-60.25,-61.48,-44.24,-42.93,-59.20,-52.44,-37.52,-51.41,-60.01,-53.77,-49.49,-45.93,-40.92,-53.16,2026-07-02 00:06:04+00:00
2026-07-02T00:07:03+00:00,-45.29,-61.80,-55.96,-60.13,-61.57,-45.37,-42.85,-58.95,-52.41,-37.87,-51.13,-59.31,-53.87,-49.44,-46.77,-41.50,-53.94,2026-07-02 00:07:03+00:00
2026-07-02T00:08:03+00:00,-45.56,-61.16,-58.69,-60.52,-62.05,-46.29,-43.04,-57.38,-52.49,-38.16,-51.09,-58.12,-53.48,-49.14,-46.92,-40.47,-51.71,2026-07-02 00:08:03+00:00
2026-07-02T00:09:04+00:00,-46.12,-61.42,-59.08,-60.49,-62.10,-44.95,-43.08,-56.94,-52.54,-38.79,-50.82,-58.14,-53.50,-49.79,-47.10,-40.54,-53.80,2026-07-02 00:09:04+00:00
2026-07-02T00:10:04+00:00,-46.08,-61.53,-58.57,-59.62,-62.44,-44.96,-43.04,-56.31,-52.18,-38.51,-50.96,-57.60,-53.69,-47.85,-46.66,-39.82,-51.58,2026-07-02 00:10:04+00:00
2026-07-02T00:11:03+00:00,-46.42,-62.53,-59.20,-60.76,-61.15,-45.56,-43.46,-56.97,-51.48,-38.72,-50.87,-58.76,-54.17,-47.69,-46.50,-39.95,-51.78,2026-07-02 00:11:03+00:00
2026-07-02T00:12:03+00:00,-46.17,-62.01,-62.07,-59.13,-61.47,-45.77,-43.32,-60.19,-50.40,-38.61,-50.94,-59.25,-53.55,-46.07,-46.54,-39.32,-53.44,2026-07-02 00:12:03+00:00
2026-07-02T00:13:04+00:00,-45.93,-61.67,-62.05,-58.80,-60.22,-45.97,-43.36,-60.36,-50.48,-38.81,-50.71,-59.32,-52.58,-46.22,-47.05,-39.24,-51.83,2026-07-02 00:13:04+00:00
2026-07-02T00:14:04+00:00,-46.28,-60.30,-56.16,-58.88,-62.69,-45.74,-43.13,-57.70,-50.32,-38.68,-50.70,-58.50,-52.38,-47.62,-47.13,-38.60,-52.67,2026-07-02 00:14:04+00:00
2026-07-02T00:15:03+00:00,-46.35,-63.14,-61.17,-60.52,-62.54,-50.39,-43.34,-60.23,-50.51,-38.59,-51.15,-59.27,-52.91,-49.50,-48.90,-38.34,-51.73,2026-07-02 00:15:03+00:00
2026-07-02T00:16:03+00:00,-46.32,-62.92,-63.76,-60.92,-62.20,-50.32,-43.43,-61.07,-50.76,-37.90,-50.98,-59.06,-52.98,-51.50,-49.02,-37.39,-54.31,2026-07-02 00:16:03+00:00
2026-07-02T00:17:04+00:00,-46.44,-63.73,-63.34,-60.82,-62.43,-50.32,-43.31,-60.83,-51.37,-38.22,-50.95,-58.14,-52.88,-51.39,-49.31,-38.23,-53.40,2026-07-02 00:17:04+00:00
2026-07-02T00:18:04+00:00,-46.16,-62.84,-63.88,-60.34,-62.76,-50.47,-43.41,-61.08,-51.59,-38.46,-50.92,-58.05,-52.51,-51.59,-48.68,-38.64,-51.93,2026-07-02 00:18:04+00:00
2026-07-02T00:19:03+00:00,-46.37,-62.91,-63.30,-60.63,-62.17,-50.17,-43.32,-60.78,-51.45,-39.00,-50.88,-59.10,-52.81,-51.88,-48.99,-37.73,-51.91,2026-07-02 00:19:03+00:00
2026-07-02T00:20:04+00:00,-46.09,-63.42,-63.83,-60.37,-61.76,-50.33,-43.32,-61.00,-51.41,-39.03,-50.81,-58.31,-52.64,-51.35,-48.39,-37.58,-53.51,2026-07-02 00:20:04+00:00
2026-07-02T00:21:04+00:00,-48.12,-63.64,-63.88,-60.99,-62.57,-50.15,-43.23,-61.26,-51.75,-38.31,-50.92,-58.32,-52.69,-50.45,-49.02,-37.59,-53.64,2026-07-02 00:21:04+00:00
2026-07-02T00:22:03+00:00,-48.48,-62.27,-63.45,-60.66,-62.72,-50.55,-43.31,-60.90,-51.59,-38.20,-50.89,-58.19,-52.42,-50.37,-48.53,-37.96,-53.59,2026-07-02 00:22:03+00:00
2026-07-02T00:23:03+00:00,-48.81,-63.04,-63.27,-60.72,-61.69,-50.31,-43.29,-60.42,-51.85,-38.26,-50.94,-59.99,-52.41,-50.16,-47.61,-37.76,-53.59,2026-07-02 00:23:03+00:00
2026-07-02T00:24:04+00:00,-48.96,-63.31,-64.61,-60.96,-62.23,-50.36,-43.21,-60.93,-51.86,-38.03,-51.14,-59.77,-52.74,-50.03,-47.05,-38.21,-52.00,2026-07-02 00:24:04+00:00
2026-07-02T00:25:04+00:00,-48.76,-61.94,-63.48,-60.67,-60.88,-50.27,-43.30,-60.63,-51.45,-38.38,-51.07,-58.94,-52.48,-50.51,-46.13,-37.47,-51.80,2026-07-02 00:25:04+00:00
2026-07-02T00:26:03+00:00,-48.54,-62.56,-63.51,-60.32,-61.10,-50.38,-43.31,-60.59,-53.64,-38.44,-51.25,-58.40,-52.31,-52.33,-46.52,-36.75,-51.80,2026-07-02 00:26:03+00:00
2026-07-02T00:27:03+00:00,-48.92,-63.36,-63.95,-61.01,-61.77,-50.15,-43.24,-61.06,-53.83,-38.91,-51.30,-58.30,-52.59,-52.01,-46.43,-36.53,-51.83,2026-07-02 00:27:03+00:00
2026-07-02T00:28:04+00:00,-48.23,-61.70,-63.41,-60.19,-63.32,-50.28,-43.71,-60.23,-53.64,-39.15,-51.29,-58.58,-53.02,-50.66,-46.41,-36.19,-54.28,2026-07-02 00:28:04+00:00
2026-07-02T00:29:04+00:00,-47.89,-62.66,-64.09,-60.52,-62.66,-50.45,-43.29,-61.23,-53.78,-38.82,-51.58,-59.27,-53.33,-50.69,-46.03,-36.28,-53.61,2026-07-02 00:29:04+00:00
2026-07-02T00:30:03+00:00,-47.63,-62.40,-63.92,-60.68,-62.25,-50.44,-43.32,-60.98,-53.97,-38.69,-51.39,-60.47,-53.30,-50.37,-45.61,-36.18,-51.99,2026-07-02 00:30:03+00:00
2026-07-02T00:31:03+00:00,-47.81,-62.70,-63.64,-60.46,-61.86,-50.59,-43.32,-60.88,-53.97,-39.10,-51.32,-60.61,-52.81,-52.38,-45.45,-35.73,-51.90,2026-07-02 00:31:03+00:00
2026-07-02T00:32:03+00:00,-47.91,-62.11,-60.17,-59.61,-62.29,-50.46,-43.21,-56.27,-51.69,-39.11,-51.44,-60.24,-52.54,-53.59,-45.43,-35.27,-53.33,2026-07-02 00:32:03+00:00
2026-07-02T00:33:04+00:00,-47.94,-62.10,-57.54,-60.19,-62.56,-50.26,-43.16,-57.82,-50.53,-39.19,-51.44,-59.92,-52.59,-52.19,-45.48,-35.00,-51.76,2026-07-02 00:33:04+00:00
2026-07-02T00:34:03+00:00,-47.69,-61.68,-57.02,-59.36,-63.41,-50.15,-43.15,-57.59,-50.56,-38.59,-51.03,-59.51,-52.09,-53.02,-45.58,-35.13,-54.08,2026-07-02 00:34:03+00:00
2026-07-02T00:35:04+00:00,-47.33,-62.38,-62.65,-59.68,-62.65,-50.54,-43.27,-60.34,-50.62,-39.12,-50.18,-60.53,-52.34,-52.47,-44.48,-35.94,-53.06,2026-07-02 00:35:04+00:00
2026-07-02T00:36:04+00:00,-47.57,-62.24,-62.51,-59.76,-62.81,-50.26,-43.26,-60.27,-50.75,-39.06,-50.23,-59.75,-52.31,-51.24,-44.36,-36.05,-53.14,2026-07-02 00:36:04+00:00
2026-07-02T00:37:03+00:00,-47.61,-62.12,-62.81,-59.53,-62.54,-50.42,-43.25,-60.46,-50.79,-38.67,-50.31,-60.28,-52.05,-50.85,-44.01,-36.17,-54.09,2026-07-02 00:37:03+00:00
2026-07-02T00:38:03+00:00,-47.54,-62.38,-62.74,-59.56,-63.50,-50.51,-43.32,-59.38,-50.73,-38.85,-50.58,-60.18,-51.77,-51.24,-44.58,-36.66,-53.35,2026-07-02 00:38:03+00:00
2026-07-02T00:39:04+00:00,-50.68,-62.75,-63.27,-59.29,-61.59,-47.35,-43.30,-60.40,-50.77,-39.06,-50.87,-60.15,-51.75,-51.41,-44.41,-36.66,-51.72,2026-07-02 00:39:04+00:00
2026-07-02T00:40:03+00:00,-47.37,-62.30,-61.75,-57.65,-61.58,-48.76,-43.11,-59.26,-50.71,-39.00,-50.81,-59.42,-51.46,-52.06,-43.91,-35.82,-51.74,2026-07-02 00:40:03+00:00
2026-07-02T00:41:03+00:00,-47.18,-61.21,-62.87,-59.18,-62.13,-48.43,-43.01,-55.57,-51.12,-39.27,-50.77,-59.36,-51.82,-52.38,-43.64,-36.12,-53.24,2026-07-02 00:41:03+00:00
2026-07-02T00:42:04+00:00,-47.46,-61.93,-60.50,-57.25,-62.07,-47.52,-43.08,-50.69,-51.17,-39.71,-50.94,-59.53,-51.82,-51.24,-44.10,-36.06,-51.77,2026-07-02 00:42:04+00:00
2026-07-02T00:43:03+00:00,-46.64,-61.39,-53.29,-58.78,-61.84,-47.54,-43.11,-59.14,-51.00,-39.51,-56.37,-59.00,-51.83,-55.80,-43.67,-36.72,-51.73,2026-07-02 00:43:03+00:00
2026-07-02T00:44:03+00:00,-46.26,-61.66,-59.88,-59.02,-61.65,-47.36,-43.12,-59.52,-49.65,-39.89,-51.07,-59.38,-51.18,-55.56,-43.58,-36.19,-53.33,2026-07-02 00:44:03+00:00
2026-07-02T00:45:04+00:00,-46.16,-62.11,-52.74,-59.11,-63.54,-47.40,-43.10,-60.15,-50.75,-40.22,-50.78,-57.52,-51.77,-54.43,-42.54,-36.02,-51.89,2026-07-02 00:45:04+00:00
2026-07-02T00:46:03+00:00,-46.25,-62.02,-60.24,-59.62,-61.92,-48.05,-43.15,-56.34,-51.13,-39.35,-50.60,-59.59,-51.99,-53.20,-42.75,-36.12,-51.82,2026-07-02 00:46:03+00:00
2026-07-02T00:47:03+00:00,-46.80,-62.33,-60.09,-59.23,-62.02,-47.64,-43.13,-55.23,-53.24,-39.82,-50.50,-59.37,-52.39,-53.46,-42.69,-37.20,-51.70,2026-07-02 00:47:03+00:00
2026-07-02T00:48:04+00:00,-47.53,-61.80,-60.99,-59.35,-62.82,-47.60,-43.05,-54.92,-53.15,-40.54,-50.39,-59.29,-52.33,-53.25,-43.04,-37.55,-51.80,2026-07-02 00:48:04+00:00
2026-07-02T00:49:03+00:00,-47.65,-62.17,-61.37,-59.22,-61.67,-47.73,-43.06,-54.94,-53.21,-40.54,-50.36,-59.43,-52.25,-53.89,-42.62,-37.67,-53.30,2026-07-02 00:49:03+00:00
2026-07-02T00:50:03+00:00,-47.35,-61.76,-61.01,-59.15,-62.14,-47.89,-43.13,-54.91,-53.00,-40.70,-50.10,-59.52,-52.33,-50.74,-42.93,-36.69,-53.06,2026-07-02 00:50:03+00:00
2026-07-02T00:51:04+00:00,-46.21,-62.56,-63.83,-59.99,-63.49,-47.98,-43.36,-61.22,-52.61,-40.45,-50.34,-60.23,-52.68,-49.10,-42.43,-35.84,-53.45,2026-07-02 00:51:04+00:00
2026-07-02T00:52:03+00:00,-46.33,-62.70,-63.88,-59.68,-61.67,-47.22,-43.36,-60.88,-52.64,-40.23,-50.12,-60.39,-52.38,-49.55,-42.16,-35.87,-52.94,2026-07-02 00:52:03+00:00
2026-07-02T00:53:03+00:00,-46.27,-62.68,-63.31,-59.46,-61.95,-47.51,-43.41,-60.31,-52.41,-40.53,-49.82,-60.19,-52.45,-49.75,-42.25,-35.67,-51.77,2026-07-02 00:53:03+00:00
2026-07-02T00:54:04+00:00,-46.57,-62.88,-63.91,-59.74,-62.79,-47.75,-43.33,-61.09,-52.55,-40.92,-49.65,-60.26,-52.26,-51.49,-42.69,-35.87,-54.47,2026-07-02 00:54:04+00:00
2026-07-02T00:55:04+00:00,-46.27,-63.11,-64.31,-59.82,-62.10,-48.10,-43.30,-60.88,-52.67,-40.80,-49.73,-60.48,-52.20,-50.67,-42.98,-36.31,-51.86,2026-07-02 00:55:04+00:00
2026-07-02T00:56:03+00:00,-46.19,-62.13,-63.51,-59.69,-62.43,-48.20,-43.34,-60.65,-50.61,-40.59,-49.67,-60.19,-52.04,-49.68,-42.62,-36.73,-51.78,2026-07-02 00:56:03+00:00
2026-07-02T00:57:04+00:00,-46.85,-62.92,-63.76,-59.79,-63.04,-48.39,-43.37,-60.83,-50.56,-40.83,-50.01,-60.15,-51.84,-48.05,-42.88,-36.23,-51.59,2026-07-02 00:57:04+00:00
2026-07-02T00:58:04+00:00,-46.95,-63.02,-63.60,-59.58,-61.82,-48.12,-43.32,-60.51,-50.46,-40.77,-49.53,-60.26,-51.68,-47.00,-43.68,-35.72,-51.63,2026-07-02 00:58:04+00:00
2026-07-02T00:59:03+00:00,-46.94,-61.14,-62.95,-59.48,-61.90,-48.77,-43.33,-60.54,-50.41,-41.27,-49.74,-59.22,-51.36,-46.17,-44.22,-36.23,-51.58,2026-07-02 00:59:03+00:00
2026-07-02T01:00:04+00:00,-46.93,-63.27,-63.18,-59.43,-62.94,-48.23,-43.33,-60.92,-50.62,-41.33,-49.42,-60.14,-51.56,-46.65,-43.74,-37.50,-51.44,2026-07-02 01:00:04+00:00
2026-07-02T01:01:04+00:00,-46.84,-63.19,-63.80,-59.31,-62.84,-48.19,-43.32,-60.55,-50.68,-41.41,-49.39,-60.51,-51.78,-48.05,-43.38,-37.78,-51.55,2026-07-02 01:01:04+00:00
2026-07-02T01:02:03+00:00,-46.77,-62.44,-63.14,-59.55,-62.90,-48.52,-43.35,-60.52,-51.25,-41.26,-49.22,-60.03,-51.65,-48.44,-43.01,-37.76,-51.61,2026-07-02 01:02:03+00:00
2026-07-02T01:03:04+00:00,-46.99,-62.31,-63.69,-60.16,-63.04,-47.96,-43.36,-60.29,-51.35,-40.72,-49.41,-60.03,-51.44,-47.11,-43.07,-37.48,-51.66,2026-07-02 01:03:04+00:00
2026-07-02T01:04:04+00:00,-46.45,-62.28,-64.14,-59.33,-62.16,-47.56,-43.31,-61.10,-51.38,-40.97,-49.26,-60.36,-51.65,-48.05,-43.28,-38.11,-51.61,2026-07-02 01:04:04+00:00
2026-07-02T01:05:03+00:00,-46.41,-62.26,-63.67,-59.14,-62.08,-47.67,-43.32,-60.70,-51.38,-41.66,-49.13,-60.35,-51.72,-48.14,-43.11,-38.51,-51.66,2026-07-02 01:05:03+00:00
2026-07-02T01:06:04+00:00,-47.60,-62.36,-63.65,-59.49,-62.37,-48.78,-43.31,-60.53,-51.58,-41.16,-48.90,-60.14,-51.69,-47.77,-43.25,-39.03,-51.80,2026-07-02 01:06:04+00:00
2026-07-02T01:07:04+00:00,-47.77,-62.11,-58.37,-59.46,-62.25,-47.82,-43.13,-56.97,-51.67,-41.40,-48.81,-59.80,-51.40,-46.86,-43.18,-39.95,-51.77,2026-07-02 01:07:04+00:00
2026-07-02T01:08:03+00:00,-47.66,-61.48,-56.82,-59.02,-62.45,-47.46,-43.17,-57.42,-51.46,-41.19,-48.66,-59.52,-51.38,-47.14,-43.22,-40.90,-51.63,2026-07-02 01:08:03+00:00
2026-07-02T01:09:19+00:00,-47.84,-60.14,-56.52,-58.01,-62.73,-48.82,-43.05,-56.73,-51.39,-41.33,-48.48,-58.92,-51.21,-47.04,-43.94,-41.61,-51.40,2026-07-02 01:09:19+00:00
2026-07-02T01:10:03+00:00,-47.70,-62.03,-62.33,-58.26,-62.43,-48.39,-43.10,-59.24,-51.56,-41.31,-48.28,-59.98,-51.43,-46.53,-43.82,-40.97,-51.92,2026-07-02 01:10:03+00:00
2026-07-02T01:11:04+00:00,-47.68,-62.43,-62.86,-58.56,-61.71,-48.90,-43.19,-60.18,-54.05,-40.78,-47.74,-59.88,-50.91,-45.55,-43.44,-41.97,-53.27,2026-07-02 01:11:04+00:00
2026-07-02T01:12:04+00:00,-48.02,-61.64,-62.49,-58.92,-63.49,-50.36,-43.22,-60.22,-54.05,-41.04,-47.60,-59.66,-50.76,-44.76,-44.49,-42.09,-51.64,2026-07-02 01:12:04+00:00
2026-07-02T01:13:03+00:00,-47.84,-61.03,-62.14,-58.73,-62.00,-50.38,-43.20,-59.85,-53.59,-41.01,-47.66,-59.79,-50.72,-45.29,-44.27,-41.47,-51.70,2026-07-02 01:13:03+00:00
2026-07-02T01:14:04+00:00,-47.89,-62.00,-62.49,-54.66,-61.51,-50.23,-42.99,-49.12,-53.53,-41.26,-47.99,-60.04,-50.90,-45.04,-44.98,-41.20,-51.69,2026-07-02 01:14:04+00:00
2026-07-02T01:15:04+00:00,-47.95,-61.81,-57.68,-59.29,-61.88,-50.32,-43.12,-58.64,-53.59,-41.51,-47.90,-59.95,-51.05,-45.60,-44.34,-40.93,-51.77,2026-07-02 01:15:04+00:00
2026-07-02T01:16:03+00:00,-47.89,-61.19,-58.25,-59.17,-61.89,-50.22,-43.15,-58.02,-53.60,-41.32,-47.82,-59.89,-50.91,-45.47,-43.55,-40.68,-51.66,2026-07-02 01:16:03+00:00
2026-07-02T01:17:04+00:00,-47.81,-60.25,-57.13,-58.11,-61.77,-50.17,-42.97,-58.02,-50.58,-41.26,-47.56,-58.76,-51.12,-45.47,-44.03,-40.68,-53.06,2026-07-02 01:17:04+00:00
2026-07-02T01:18:04+00:00,-47.87,-62.16,-57.81,-59.27,-62.01,-50.11,-43.05,-58.14,-50.74,-42.12,-47.54,-59.34,-51.16,-45.51,-44.10,-40.22,-51.62,2026-07-02 01:18:04+00:00
2026-07-02T01:19:03+00:00,-47.83,-61.89,-59.14,-59.46,-62.64,-50.21,-43.14,-57.25,-50.90,-41.81,-47.40,-59.48,-51.40,-45.32,-43.51,-39.89,-53.04,2026-07-02 01:19:03+00:00
2026-07-02T01:20:04+00:00,-47.84,-61.73,-58.78,-59.20,-61.32,-50.26,-43.11,-57.23,-50.64,-41.91,-47.12,-58.82,-51.18,-44.97,-43.05,-39.28,-51.82,2026-07-02 01:20:04+00:00
2026-07-02T01:21:04+00:00,-47.77,-60.41,-58.02,-58.30,-62.54,-50.17,-43.02,-56.81,-50.79,-41.76,-46.83,-59.42,-51.30,-45.18,-42.21,-40.06,-51.38,2026-07-02 01:21:04+00:00
2026-07-02T01:22:03+00:00,-46.59,-62.25,-59.36,-59.39,-62.19,-50.12,-43.15,-57.34,-50.93,-41.94,-46.99,-59.94,-51.48,-44.14,-42.71,-39.90,-56.64,2026-07-02 01:22:03+00:00
2026-07-02T01:23:04+00:00,-46.54,-62.69,-63.65,-59.58,-61.57,-50.35,-43.31,-60.80,-50.87,-42.35,-46.95,-60.16,-51.32,-43.83,-41.97,-39.74,-56.98,2026-07-02 01:23:04+00:00
2026-07-02T01:24:04+00:00,-46.87,-62.69,-63.73,-59.57,-62.35,-50.51,-43.35,-60.87,-50.77,-42.64,-46.69,-59.96,-51.39,-43.57,-41.78,-38.95,-56.70,2026-07-02 01:24:04+00:00
2026-07-02T01:25:03+00:00,-46.87,-62.02,-62.72,-59.69,-61.91,-50.37,-43.30,-60.78,-50.73,-42.59,-46.62,-59.97,-51.28,-43.39,-41.27,-38.76,-56.56,2026-07-02 01:25:03+00:00
2026-07-02T01:26:04+00:00,-46.83,-59.48,-61.36,-58.04,-63.02,-50.28,-43.28,-58.87,-50.82,-42.89,-46.50,-58.95,-50.86,-44.16,-41.92,-38.75,-50.68,2026-07-02 01:26:04+00:00
2026-07-02T01:27:04+00:00,-47.68,-61.81,-62.77,-59.04,-63.01,-50.53,-43.26,-60.11,-50.96,-42.61,-46.56,-60.02,-51.37,-44.99,-41.62,-39.53,-57.37,2026-07-02 01:27:04+00:00
2026-07-02T01:28:03+00:00,-47.88,-62.33,-63.27,-59.45,-61.87,-50.27,-43.26,-60.70,-51.11,-42.83,-46.68,-60.20,-51.57,-44.96,-41.99,-39.94,-57.03,2026-07-02 01:28:03+00:00
2026-07-02T01:29:04+00:00,-47.77,-62.15,-64.03,-59.28,-61.85,-50.55,-43.32,-61.39,-51.22,-43.36,-46.74,-61.24,-51.69,-44.59,-41.71,-39.75,-57.35,2026-07-02 01:29:04+00:00
2026-07-02T01:30:04+00:00,-47.54,-61.90,-63.40,-59.36,-63.13,-50.44,-43.71,-61.18,-51.25,-43.27,-46.66,-60.26,-51.65,-44.13,-41.45,-39.59,-57.28,2026-07-02 01:30:04+00:00
2026-07-02T01:31:04+00:00,-47.96,-61.85,-62.58,-59.28,-61.44,-50.41,-42.26,-60.58,-51.18,-43.39,-46.62,-59.45,-51.73,-43.92,-41.20,-39.61,-57.29,2026-07-02 01:31:04+00:00
2026-07-02T01:32:04+00:00,-48.10,-61.89,-63.29,-59.42,-62.05,-50.44,-43.36,-60.97,-53.02,-43.55,-46.85,-59.94,-51.24,-44.60,-41.16,-39.43,-56.69,2026-07-02 01:32:04+00:00
2026-07-02T01:33:04+00:00,-48.15,-62.43,-63.13,-59.89,-61.82,-50.62,-43.34,-60.31,-52.99,-43.98,-46.79,-59.81,-51.13,-45.47,-41.03,-39.00,-57.27,2026-07-02 01:33:04+00:00
2026-07-02T01:34:03+00:00,-48.40,-62.56,-62.83,-59.22,-61.54,-50.32,-43.21,-60.33,-52.81,-44.28,-46.95,-59.92,-51.47,-45.73,-40.62,-39.60,-56.84,2026-07-02 01:34:03+00:00
2026-07-02T01:35:04+00:00,-48.16,-60.32,-59.63,-57.07,-61.99,-50.00,-43.28,-57.66,-52.47,-44.39,-46.93,-59.16,-50.86,-45.09,-40.23,-39.87,-49.06,2026-07-02 01:35:04+00:00
2026-07-02T01:36:04+00:00,-46.60,-61.51,-62.43,-59.34,-62.12,-48.74,-43.34,-60.21,-52.13,-44.89,-46.98,-60.54,-51.21,-44.72,-40.13,-41.03,-55.00,2026-07-02 01:36:04+00:00
2026-07-02T01:37:04+00:00,-46.67,-62.24,-63.27,-59.54,-62.65,-48.98,-43.19,-60.30,-52.13,-44.46,-46.88,-60.62,-51.57,-44.57,-40.36,-40.90,-56.96,2026-07-02 01:37:04+00:00
2026-07-02T01:38:03+00:00,-46.17,-62.44,-57.66,-59.21,-62.07,-47.79,-43.15,-57.82,-52.13,-44.34,-47.09,-60.67,-51.29,-44.68,-41.15,-41.32,-56.83,2026-07-02 01:38:03+00:00
2026-07-02T01:39:04+00:00,-46.10,-61.79,-57.54,-59.09,-63.43,-45.72,-43.09,-58.01,-52.50,-44.94,-46.83,-60.28,-51.16,-44.69,-40.83,-41.85,-57.01,2026-07-02 01:39:04+00:00
2026-07-02T01:40:03+00:00,-46.07,-61.46,-58.30,-59.00,-63.00,-45.61,-43.20,-57.25,-52.36,-45.27,-46.96,-60.60,-51.10,-43.49,-41.09,-42.69,-56.43,2026-07-02 01:40:03+00:00
2026-07-02T01:41:03+00:00,-48.20,-62.07,-62.85,-59.41,-62.05,-45.68,-43.30,-60.46,-50.22,-45.18,-46.76,-60.16,-51.08,-42.62,-40.71,-42.99,-57.09,2026-07-02 01:41:03+00:00
2026-07-02T01:42:04+00:00,-47.98,-61.92,-61.28,-59.22,-62.31,-45.85,-43.35,-59.98,-50.11,-45.17,-47.15,-59.43,-50.95,-43.29,-40.72,-43.54,-56.72,2026-07-02 01:42:04+00:00
2026-07-02T01:43:03+00:00,-48.14,-62.51,-62.38,-59.13,-62.00,-45.34,-43.37,-59.91,-50.35,-44.64,-47.37,-60.31,-51.26,-43.34,-41.55,-43.82,-56.91,2026-07-02 01:43:03+00:00
2026-07-02T01:44:03+00:00,-48.34,-61.66,-61.88,-56.77,-62.52,-45.55,-43.10,-58.59,-50.29,-44.73,-47.37,-58.19,-51.33,-43.05,-40.96,-44.26,-56.85,2026-07-02 01:44:03+00:00
2026-07-02T01:45:04+00:00,-48.42,-62.04,-59.80,-59.14,-62.85,-45.75,-43.17,-56.18,-50.31,-44.64,-47.35,-58.66,-51.37,-43.46,-40.91,-44.62,-56.63,2026-07-02 01:45:04+00:00
2026-07-02T01:46:03+00:00,-48.84,-62.09,-60.17,-59.63,-62.15,-45.78,-43.23,-56.45,-50.36,-44.10,-47.57,-59.94,-51.41,-44.16,-41.36,-43.81,-57.23,2026-07-02 01:46:03+00:00
2026-07-02T01:47:03+00:00,-48.65,-62.38,-60.23,-59.24,-62.95,-44.61,-43.22,-56.35,-50.96,-43.95,-47.56,-61.43,-51.13,-44.55,-41.28,-43.25,-56.88,2026-07-02 01:47:03+00:00
2026-07-02T01:48:04+00:00,-48.32,-61.86,-59.54,-59.46,-62.10,-45.71,-43.21,-56.11,-50.97,-44.02,-47.47,-59.60,-51.09,-44.98,-41.18,-43.05,-55.84,2026-07-02 01:48:04+00:00
2026-07-02T01:49:03+00:00,-48.46,-62.04,-59.32,-58.93,-61.91,-45.99,-43.21,-56.09,-51.18,-43.50,-47.69,-58.01,-51.07,-43.77,-41.38,-42.90,-56.41,2026-07-02 01:49:03+00:00
2026-07-02T01:50:03+00:00,-48.51,-61.98,-60.46,-59.36,-63.19,-44.94,-43.20,-56.26,-51.16,-44.14,-47.74,-58.39,-51.03,-44.97,-41.89,-43.78,-57.19,2026-07-02 01:50:03+00:00
2026-07-02T01:51:04+00:00,-51.96,-61.95,-59.78,-59.31,-63.06,-45.95,-43.16,-56.20,-51.36,-44.49,-47.55,-59.59,-50.97,-45.48,-42.12,-44.27,-55.33,2026-07-02 01:51:04+00:00
2026-07-02T01:52:03+00:00,-51.60,-59.33,-58.14,-56.31,-61.84,-45.39,-43.09,-54.71,-50.94,-44.03,-47.68,-55.28,-50.23,-46.48,-41.49,-43.42,-47.38,2026-07-02 01:52:03+00:00
2026-07-02T01:53:04+00:00,-51.86,-61.70,-59.95,-59.25,-62.06,-45.58,-43.16,-55.93,-51.58,-44.44,-47.92,-58.82,-50.96,-46.41,-41.80,-43.21,-56.97,2026-07-02 01:53:04+00:00
2026-07-02T01:54:04+00:00,-52.55,-61.21,-59.87,-59.22,-62.90,-44.85,-43.03,-55.77,-51.47,-44.38,-48.05,-60.88,-51.00,-47.43,-41.88,-43.19,-55.87,2026-07-02 01:54:04+00:00
2026-07-02T01:55:03+00:00,-51.73,-61.98,-59.89,-59.28,-62.99,-46.27,-43.17,-55.60,-51.26,-44.31,-47.80,-60.66,-51.12,-47.24,-41.87,-44.13,-56.52,2026-07-02 01:55:03+00:00
2026-07-02T01:56:03+00:00,-52.34,-61.78,-60.00,-59.25,-62.04,-46.58,-43.18,-56.09,-54.28,-44.46,-47.96,-59.23,-51.24,-47.17,-42.38,-44.14,-56.32,2026-07-02 01:56:03+00:00
2026-07-02T01:57:04+00:00,-52.08,-61.82,-60.43,-59.08,-61.42,-46.30,-43.12,-55.73,-54.13,-44.34,-47.76,-58.03,-51.28,-47.72,-42.04,-44.83,-56.75,2026-07-02 01:57:04+00:00
2026-07-02T01:58:03+00:00,-52.19,-61.52,-59.98,-58.94,-62.35,-46.40,-43.18,-55.66,-54.08,-43.12,-47.57,-60.07,-51.52,-46.66,-41.97,-45.44,-56.21,2026-07-02 01:58:03+00:00
2026-07-02T01:59:03+00:00,-52.19,-61.24,-59.89,-59.21,-62.35,-45.37,-43.20,-55.56,-53.94,-43.77,-47.50,-60.25,-51.37,-45.97,-41.57,-45.61,-56.81,2026-07-02 01:59:03+00:00
2026-07-02T02:00:04+00:00,-52.17,-61.80,-60.02,-58.72,-61.79,-46.48,-43.24,-55.35,-53.92,-44.42,-47.51,-59.77,-51.43,-46.81,-41.56,-46.41,-56.84,2026-07-02 02:00:04+00:00
2026-07-02T02:01:04+00:00,-52.04,-58.79,-57.90,-57.41,-61.23,-46.30,-43.12,-54.58,-53.21,-44.99,-47.15,-58.27,-51.43,-46.61,-41.11,-46.69,-51.34,2026-07-02 02:01:04+00:00
2026-07-02T02:02:03+00:00,-51.49,-62.11,-60.26,-59.36,-62.02,-46.25,-43.20,-55.67,-50.77,-45.62,-47.16,-57.62,-51.71,-47.46,-41.08,-46.47,-56.72,2026-07-02 02:02:03+00:00
2026-07-02T02:03:04+00:00,-51.97,-60.86,-59.63,-58.90,-62.38,-45.89,-43.25,-55.46,-50.62,-45.55,-47.39,-60.05,-51.70,-47.34,-40.50,-45.44,-56.09,2026-07-02 02:03:04+00:00
2026-07-02T02:04:04+00:00,-51.38,-60.62,-59.81,-59.21,-62.25,-44.56,-43.06,-55.32,-50.66,-45.12,-47.26,-59.79,-51.77,-47.71,-40.63,-43.85,-56.48,2026-07-02 02:04:04+00:00
2026-07-02T02:05:03+00:00,-51.77,-62.10,-61.48,-59.24,-61.97,-44.47,-43.48,-59.82,-50.85,-44.40,-47.22,-58.65,-52.31,-47.60,-40.80,-44.50,-56.96,2026-07-02 02:05:03+00:00
2026-07-02T02:06:03+00:00,-54.03,-61.70,-61.62,-59.42,-62.27,-44.94,-43.38,-59.69,-50.83,-44.42,-47.25,-58.75,-52.38,-47.32,-40.74,-44.99,-57.22,2026-07-02 02:06:03+00:00
2026-07-02T02:07:03+00:00,-53.56,-60.52,-60.41,-59.90,-61.59,-47.75,-43.36,-58.96,-50.82,-44.01,-47.16,-57.91,-52.55,-46.61,-40.42,-46.10,-55.75,2026-07-02 02:07:03+00:00
2026-07-02T02:08:04+00:00,-53.66,-61.93,-61.53,-59.59,-60.72,-45.42,-43.32,-59.50,-50.83,-44.45,-47.32,-57.75,-52.75,-47.51,-40.88,-47.34,-56.15,2026-07-02 02:08:04+00:00
2026-07-02T02:09:03+00:00,-54.18,-61.56,-61.50,-59.45,-62.62,-45.60,-43.45,-58.93,-50.67,-44.06,-47.19,-58.60,-53.31,-47.17,-40.88,-46.82,-56.66,2026-07-02 02:09:03+00:00
2026-07-02T02:10:04+00:00,-54.21,-60.84,-62.01,-59.97,-62.28,-45.74,-43.42,-59.89,-51.08,-43.39,-47.15,-59.10,-53.67,-47.68,-40.72,-46.62,-56.99,2026-07-02 02:10:04+00:00
2026-07-02T02:11:04+00:00,-54.75,-61.43,-62.40,-59.62,-61.19,-50.23,-43.40,-59.63,-51.18,-43.07,-46.87,-59.34,-54.49,-46.69,-40.86,-47.07,-56.54,2026-07-02 02:11:04+00:00
2026-07-02T02:12:03+00:00,-53.96,-60.57,-61.26,-59.73,-61.56,-50.40,-43.48,-59.85,-51.04,-43.43,-46.92,-59.48,-55.13,-46.72,-41.00,-45.94,-56.24,2026-07-02 02:12:03+00:00
2026-07-02T02:13:04+00:00,-51.21,-61.38,-61.82,-59.45,-61.94,-50.39,-43.38,-59.01,-50.97,-44.21,-46.89,-59.66,-56.26,-45.97,-40.31,-45.28,-56.41,2026-07-02 02:13:04+00:00
2026-07-02T02:14:04+00:00,-51.57,-60.90,-62.06,-59.41,-61.87,-50.24,-43.45,-59.58,-51.05,-44.47,-46.93,-60.01,-57.62,-45.32,-39.75,-45.79,-56.20,2026-07-02 02:14:04+00:00
2026-07-02T02:15:03+00:00,-51.69,-60.66,-61.38,-59.61,-62.55,-50.04,-43.45,-59.70,-51.09,-44.56,-47.01,-59.63,-58.50,-45.33,-40.45,-44.53,-56.20,2026-07-02 02:15:03+00:00
2026-07-02T02:16:04+00:00,-51.65,-61.62,-61.43,-59.67,-61.99,-50.24,-43.44,-59.18,-51.11,-44.67,-47.07,-59.33,-58.96,-45.21,-40.56,-44.26,-55.87,2026-07-02 02:16:04+00:00
2026-07-02T02:17:04+00:00,-51.74,-60.84,-61.81,-59.61,-62.00,-50.20,-43.34,-59.57,-53.17,-44.89,-47.02,-59.69,-60.49,-46.07,-40.70,-43.45,-55.82,2026-07-02 02:17:04+00:00
2026-07-02T02:18:03+00:00,-50.94,-60.67,-61.24,-59.65,-61.64,-50.33,-43.39,-58.73,-53.03,-44.38,-46.94,-59.04,-60.59,-47.33,-40.30,-44.03,-54.32,2026-07-02 02:18:03+00:00
2026-07-02T02:19:04+00:00,-51.15,-62.05,-62.17,-60.19,-63.02,-50.22,-43.34,-60.15,-53.15,-44.08,-46.97,-60.19,-61.19,-47.14,-40.50,-43.80,-56.78,2026-07-02 02:19:04+00:00
2026-07-02T02:20:04+00:00,-50.70,-60.73,-61.65,-60.02,-61.84,-49.97,-43.29,-58.38,-52.82,-43.45,-46.73,-59.26,-60.34,-47.74,-40.70,-44.90,-55.68,2026-07-02 02:20:04+00:00
2026-07-02T02:21:03+00:00,-48.43,-61.72,-61.03,-59.52,-61.84,-49.98,-43.36,-59.18,-52.50,-43.68,-46.54,-59.47,-60.85,-48.84,-41.08,-46.63,-56.31,2026-07-02 02:21:03+00:00
2026-07-02T02:22:04+00:00,-48.06,-60.95,-57.08,-59.52,-62.52,-49.80,-43.19,-56.41,-52.37,-43.68,-46.61,-59.29,-60.36,-49.35,-41.10,-47.89,-55.75,2026-07-02 02:22:04+00:00
2026-07-02T02:23:04+00:00,-47.66,-60.92,-56.85,-59.42,-61.32,-50.07,-43.18,-57.01,-52.07,-43.65,-46.54,-59.26,-59.86,-49.41,-41.31,-45.77,-56.34,2026-07-02 02:23:04+00:00
2026-07-02T02:24:03+00:00,-48.33,-61.07,-57.09,-59.30,-61.99,-50.07,-43.21,-57.28,-52.50,-43.27,-46.60,-59.59,-60.33,-50.15,-40.85,-45.12,-56.40,2026-07-02 02:24:03+00:00
2026-07-02T02:25:04+00:00,-48.15,-61.53,-61.80,-59.46,-62.42,-50.17,-43.35,-59.47,-52.29,-42.86,-46.37,-59.69,-60.23,-49.86,-41.21,-45.29,-55.66,2026-07-02 02:25:04+00:00
2026-07-02T02:26:04+00:00,-48.13,-61.42,-61.16,-59.11,-63.21,-50.57,-43.37,-58.94,-50.28,-43.16,-46.25,-59.58,-60.18,-49.33,-40.86,-43.78,-56.29,2026-07-02 02:26:04+00:00
2026-07-02T02:27:03+00:00,-48.07,-60.67,-61.31,-58.88,-62.92,-50.32,-43.28,-58.27,-50.29,-43.03,-46.43,-58.59,-59.53,-47.92,-41.00,-42.88,-55.95,2026-07-02 02:27:03+00:00
2026-07-02T02:28:04+00:00,-48.25,-61.56,-61.23,-59.33,-63.02,-49.96,-43.43,-59.35,-50.28,-42.67,-46.66,-59.19,-60.03,-47.56,-41.81,-42.96,-55.99,2026-07-02 02:28:04+00:00
2026-07-02T02:29:04+00:00,-48.07,-61.13,-55.96,-58.95,-62.15,-50.10,-43.24,-57.85,-50.18,-43.15,-46.69,-58.71,-59.45,-47.32,-41.99,-42.27,-56.48,2026-07-02 02:29:04+00:00
2026-07-02T02:30:03+00:00,-48.28,-61.14,-58.48,-59.10,-62.57,-49.90,-43.16,-55.95,-50.30,-43.71,-46.44,-58.30,-58.93,-47.65,-41.98,-41.55,-55.28,2026-07-02 02:30:03+00:00
2026-07-02T02:31:03+00:00,-48.18,-62.62,-59.66,-59.94,-63.29,-50.23,-43.25,-56.32,-50.59,-44.27,-46.62,-60.24,-60.39,-47.21,-41.94,-41.22,-56.62,2026-07-02 02:31:03+00:00
2026-07-02T02:32:04+00:00,-48.59,-59.76,-58.98,-58.90,-61.95,-50.09,-43.33,-54.84,-50.95,-44.94,-46.43,-58.83,-59.11,-48.21,-42.20,-41.45,-56.44,2026-07-02 02:32:04+00:00
2026-07-02T02:33:03+00:00,-48.55,-61.33,-59.28,-59.10,-61.73,-50.14,-43.36,-54.89,-50.90,-45.68,-46.41,-59.25,-59.42,-49.14,-42.50,-42.02,-56.43,2026-07-02 02:33:03+00:00
2026-07-02T02:34:04+00:00,-48.30,-60.76,-59.26,-59.28,-62.46,-49.99,-43.27,-53.97,-50.84,-46.41,-46.46,-58.45,-59.33,-49.04,-42.86,-43.04,-56.62,2026-07-02 02:34:04+00:00
2026-07-02T02:35:04+00:00,-48.77,-61.78,-60.06,-59.51,-62.77,-49.35,-43.15,-54.56,-50.94,-47.83,-46.63,-59.12,-59.21,-49.65,-42.68,-43.03,-56.91,2026-07-02 02:35:04+00:00
2026-07-02T02:36:03+00:00,-51.73,-60.22,-59.66,-59.01,-62.07,-49.10,-43.19,-54.29,-51.16,-48.52,-46.48,-58.25,-58.83,-49.29,-42.47,-43.05,-56.17,2026-07-02 02:36:03+00:00
2026-07-02T02:37:04+00:00,-52.46,-61.31,-60.99,-59.70,-62.54,-47.75,-43.25,-59.14,-51.42,-49.46,-46.41,-58.66,-58.33,-49.60,-43.00,-43.36,-57.28,2026-07-02 02:37:04+00:00
2026-07-02T02:38:03+00:00,-50.87,-61.63,-60.74,-59.86,-61.72,-46.07,-43.46,-58.88,-51.29,-50.92,-46.32,-58.65,-58.73,-48.15,-43.16,-43.44,-55.01,2026-07-02 02:38:03+00:00
2026-07-02T02:39:04+00:00,-51.31,-60.80,-60.55,-59.96,-61.61,-46.02,-43.42,-58.79,-51.37,-51.81,-46.43,-57.85,-58.45,-47.72,-43.35,-43.31,-55.19,2026-07-02 02:39:04+00:00
2026-07-02T02:40:04+00:00,-53.97,-58.96,-60.18,-59.24,-62.34,-45.95,-43.43,-58.14,-50.99,-53.32,-46.56,-57.43,-57.72,-47.83,-43.20,-43.49,-55.18,2026-07-02 02:40:04+00:00
2026-07-02T02:41:03+00:00,-53.92,-60.10,-59.49,-59.23,-61.20,-45.61,-43.47,-58.25,-53.34,-54.58,-46.36,-56.43,-57.36,-47.37,-43.31,-45.11,-55.11,2026-07-02 02:41:03+00:00
2026-07-02T02:42:04+00:00,-53.69,-61.75,-60.90,-59.71,-62.31,-46.06,-43.48,-58.69,-54.08,-56.19,-46.42,-57.07,-58.58,-47.05,-43.50,-45.56,-54.77,2026-07-02 02:42:04+00:00
2026-07-02T02:43:04+00:00,-53.22,-61.27,-60.43,-59.87,-62.56,-46.55,-43.51,-58.63,-53.86,-57.06,-46.45,-56.92,-58.61,-47.18,-43.97,-46.22,-54.75,2026-07-02 02:43:04+00:00
2026-07-02T02:44:03+00:00,-53.32,-60.76,-59.62,-59.34,-61.95,-45.92,-43.54,-59.13,-53.78,-57.05,-46.46,-56.70,-57.97,-48.24,-44.40,-46.33,-55.09,2026-07-02 02:44:03+00:00
2026-07-02T02:45:04+00:00,-53.74,-60.95,-59.87,-59.70,-61.31,-45.93,-43.52,-58.43,-53.31,-56.64,-46.60,-56.16,-57.66,-49.09,-44.13,-46.56,-54.48,2026-07-02 02:45:04+00:00
2026-07-02T02:46:04+00:00,-54.04,-60.15,-59.49,-59.89,-62.60,-45.88,-43.45,-58.07,-53.50,-55.76,-46.63,-55.70,-57.59,-49.20,-44.27,-47.26,-54.29,2026-07-02 02:46:04+00:00
2026-07-02T02:47:03+00:00,-51.80,-61.45,-60.24,-59.48,-62.92,-46.18,-43.45,-58.70,-50.56,-56.05,-46.84,-56.64,-57.65,-49.61,-44.65,-47.04,-54.37,2026-07-02 02:47:03+00:00
2026-07-02T02:48:04+00:00,-50.93,-58.85,-59.29,-59.30,-62.68,-45.85,-43.48,-58.33,-50.64,-54.95,-46.56,-55.98,-57.42,-49.39,-44.87,-47.16,-54.16,2026-07-02 02:48:04+00:00
2026-07-02T02:49:04+00:00,-50.72,-59.76,-59.85,-59.53,-63.07,-46.27,-43.49,-58.26,-50.54,-54.06,-46.52,-56.33,-57.30,-49.62,-45.31,-47.38,-55.06,2026-07-02 02:49:04+00:00
2026-07-02T02:50:03+00:00,-51.32,-60.55,-60.52,-59.80,-62.13,-46.19,-43.56,-58.78,-50.58,-53.57,-46.48,-56.50,-57.42,-48.79,-45.48,-47.77,-54.45,2026-07-02 02:50:03+00:00
2026-07-02T02:51:04+00:00,-50.54,-61.02,-60.62,-59.52,-62.32,-46.12,-43.48,-59.02,-50.47,-53.18,-46.41,-56.59,-58.12,-47.97,-45.12,-48.26,-55.30,2026-07-02 02:51:04+00:00
2026-07-02T02:52:03+00:00,-47.59,-60.51,-57.52,-59.47,-61.98,-45.95,-43.21,-56.53,-50.60,-53.01,-46.44,-56.52,-57.93,-47.57,-45.46,-48.32,-54.91,2026-07-02 02:52:03+00:00
2026-07-02T02:53:03+00:00,-46.75,-61.32,-56.71,-59.21,-62.30,-45.50,-43.25,-56.86,-50.47,-52.26,-46.53,-56.35,-57.45,-47.27,-45.49,-48.35,-54.29,2026-07-02 02:53:03+00:00
2026-07-02T02:54:04+00:00,-46.55,-59.67,-56.31,-58.85,-62.76,-47.22,-43.17,-56.77,-50.42,-51.79,-46.51,-55.98,-57.22,-46.06,-45.51,-48.30,-55.10,2026-07-02 02:54:04+00:00
2026-07-02T02:55:03+00:00,-46.79,-59.21,-59.55,-57.28,-61.72,-50.08,-43.11,-51.31,-50.64,-50.77,-46.55,-55.78,-57.02,-45.80,-45.31,-49.16,-55.16,2026-07-02 02:55:03+00:00
2026-07-02T02:56:03+00:00,-47.28,-59.63,-59.57,-59.02,-61.75,-50.15,-43.29,-58.35,-50.71,-51.39,-46.62,-56.01,-57.41,-45.23,-43.86,-48.83,-54.94,2026-07-02 02:56:03+00:00
2026-07-02T02:57:04+00:00,-47.87,-60.02,-59.68,-59.16,-62.43,-50.35,-43.26,-58.69,-50.71,-51.25,-46.66,-56.31,-56.86,-44.74,-43.79,-48.73,-54.83,2026-07-02 02:57:04+00:00
2026-07-02T02:58:03+00:00,-47.79,-61.98,-61.54,-59.81,-62.42,-50.30,-43.36,-59.67,-50.87,-51.09,-47.08,-57.09,-58.03,-43.86,-44.33,-48.77,-54.88,2026-07-02 02:58:03+00:00
2026-07-02T02:59:03+00:00,-47.86,-60.49,-60.14,-54.92,-62.30,-50.08,-43.07,-48.27,-50.72,-50.02,-47.39,-56.47,-57.22,-42.83,-45.93,-48.42,-54.46,2026-07-02 02:59:03+00:00
2026-07-02T03:00:04+00:00,-48.11,-60.14,-58.99,-56.93,-62.65,-50.04,-43.14,-52.10,-50.70,-50.47,-47.54,-56.07,-56.71,-41.92,-46.71,-48.73,-54.84,2026-07-02 03:00:04+00:00
2026-07-02T03:01:04+00:00,-48.10,-61.44,-60.36,-58.11,-63.24,-50.32,-43.14,-52.91,-50.41,-50.04,-47.78,-56.86,-57.91,-40.92,-48.62,-48.92,-54.32,2026-07-02 03:01:04+00:00
2026-07-02T03:02:04+00:00,-48.25,-60.63,-59.34,-58.94,-61.67,-50.06,-43.18,-53.28,-52.99,-49.72,-47.89,-56.61,-57.05,-40.27,-50.72,-48.40,-54.20,2026-07-02 03:02:04+00:00
2026-07-02T03:03:03+00:00,-47.96,-60.64,-59.79,-58.90,-62.54,-50.08,-43.22,-53.47,-52.61,-49.56,-48.22,-56.73,-57.60,-39.62,-53.12,-48.50,-54.30,2026-07-02 03:03:03+00:00
2026-07-02T03:04:04+00:00,-48.17,-60.49,-59.58,-58.99,-62.13,-50.04,-43.17,-53.49,-52.61,-49.16,-48.33,-56.85,-57.70,-39.32,-55.12,-47.93,-54.23,2026-07-02 03:04:04+00:00
2026-07-02T03:05:04+00:00,-48.24,-60.91,-59.96,-58.81,-63.08,-50.11,-43.19,-53.49,-52.84,-48.84,-48.59,-57.47,-57.55,-39.26,-56.69,-48.09,-54.72,2026-07-02 03:05:04+00:00
2026-07-02T03:06:03+00:00,-46.56,-60.86,-59.20,-58.33,-62.16,-50.02,-43.19,-53.41,-52.19,-49.04,-48.68,-57.11,-57.50,-39.30,-55.89,-48.59,-54.88,2026-07-02 03:06:03+00:00
2026-07-02T03:07:03+00:00,-46.40,-62.38,-61.05,-59.66,-63.42,-50.23,-43.49,-59.55,-52.28,-48.74,-48.92,-57.59,-57.61,-39.47,-54.67,-48.77,-55.38,2026-07-02 03:07:03+00:00
2026-07-02T03:08:04+00:00,-46.37,-61.89,-61.33,-59.66,-62.21,-50.23,-43.44,-59.59,-52.30,-48.37,-48.84,-57.84,-57.80,-39.92,-53.62,-48.77,-55.18,2026-07-02 03:08:04+00:00
2026-07-02T03:09:03+00:00,-46.03,-61.35,-60.69,-60.05,-61.68,-50.10,-43.42,-59.51,-52.31,-48.38,-49.28,-57.95,-57.81,-39.99,-53.60,-48.91,-54.47,2026-07-02 03:09:03+00:00
2026-07-02T03:10:03+00:00,-46.06,-61.61,-61.61,-60.07,-62.99,-50.16,-43.46,-59.77,-52.35,-48.39,-48.97,-58.69,-58.09,-40.29,-53.24,-49.04,-54.64,2026-07-02 03:10:03+00:00
2026-07-02T03:11:04+00:00,-46.19,-60.07,-59.50,-59.43,-62.13,-50.24,-43.47,-58.86,-50.22,-47.91,-49.24,-57.75,-57.82,-40.54,-52.59,-48.55,-52.85,2026-07-02 03:11:04+00:00
2026-07-02T03:12:03+00:00,-46.03,-61.45,-61.40,-59.99,-62.18,-50.51,-43.53,-59.77,-50.37,-47.80,-49.47,-58.55,-58.31,-41.04,-53.05,-48.37,-55.41,2026-07-02 03:12:03+00:00
2026-07-02T03:13:04+00:00,-45.89,-61.45,-61.68,-59.81,-61.95,-50.19,-43.59,-59.31,-50.23,-47.74,-49.51,-58.61,-57.94,-41.09,-52.64,-48.59,-53.78,2026-07-02 03:13:04+00:00
2026-07-02T03:14:04+00:00,-46.33,-60.49,-60.29,-58.74,-62.46,-50.22,-43.57,-58.42,-50.14,-47.67,-49.58,-57.93,-57.76,-41.44,-52.59,-48.47,-54.38,2026-07-02 03:14:04+00:00
2026-07-02T03:15:03+00:00,-46.73,-61.77,-61.53,-59.65,-62.97,-50.41,-43.55,-59.79,-50.20,-47.67,-49.94,-58.68,-58.13,-41.79,-52.74,-48.88,-54.56,2026-07-02 03:15:03+00:00
2026-07-02T03:16:04+00:00,-46.47,-60.96,-60.95,-60.22,-63.06,-50.11,-43.52,-59.88,-50.91,-47.44,-50.16,-58.74,-58.02,-42.05,-52.35,-49.04,-55.53,2026-07-02 03:16:04+00:00
2026-07-02T03:17:04+00:00,-46.66,-61.05,-60.92,-59.59,-62.40,-50.25,-43.47,-59.42,-50.94,-47.53,-50.54,-58.86,-57.98,-42.08,-52.41,-48.43,-55.18,2026-07-02 03:17:04+00:00
2026-07-02T03:18:03+00:00,-46.45,-60.74,-60.90,-59.31,-61.57,-50.37,-43.37,-58.67,-50.94,-47.29,-50.58,-58.58,-57.95,-42.29,-52.33,-49.56,-55.26,2026-07-02 03:18:03+00:00
2026-07-02T03:19:04+00:00,-46.74,-61.10,-61.48,-60.10,-62.00,-50.49,-43.38,-59.30,-50.89,-47.52,-50.90,-58.45,-58.16,-42.51,-52.61,-50.05,-55.23,2026-07-02 03:19:04+00:00
2026-07-02T03:20:04+00:00,-46.71,-61.13,-60.83,-59.46,-61.67,-50.02,-43.47,-59.27,-50.70,-47.47,-50.60,-58.95,-58.42,-42.80,-52.96,-49.89,-54.63,2026-07-02 03:20:04+00:00
2026-07-02T03:21:03+00:00,-51.30,-60.70,-61.02,-59.57,-62.11,-50.18,-43.38,-59.26,-51.12,-47.45,-50.58,-58.70,-58.00,-42.97,-52.48,-49.82,-55.43,2026-07-02 03:21:03+00:00
2026-07-02T03:22:04+00:00,-51.46,-60.73,-60.76,-58.89,-62.02,-50.03,-43.22,-58.90,-51.27,-47.21,-50.56,-58.95,-58.48,-43.31,-52.59,-50.00,-55.05,2026-07-02 03:22:04+00:00
2026-07-02T03:23:04+00:00,-51.02,-61.40,-57.21,-59.82,-62.15,-50.27,-43.27,-57.01,-51.37,-47.42,-50.69,-59.11,-58.62,-43.56,-52.47,-49.91,-55.05,2026-07-02 03:23:04+00:00
2026-07-02T03:24:03+00:00,-51.56,-61.16,-56.91,-59.53,-62.80,-50.06,-43.29,-57.07,-51.13,-47.32,-50.71,-58.96,-58.60,-43.89,-52.60,-50.22,-54.38,2026-07-02 03:24:03+00:00
2026-07-02T03:25:04+00:00,-51.90,-61.32,-57.24,-59.79,-63.04,-50.45,-43.21,-57.46,-52.38,-47.35,-50.90,-59.45,-58.54,-44.16,-52.15,-50.52,-55.08,2026-07-02 03:25:04+00:00
2026-07-02T03:26:04+00:00,-51.56,-61.36,-61.28,-59.57,-62.10,-50.52,-43.31,-59.35,-54.05,-47.34,-50.18,-59.23,-58.37,-45.01,-49.14,-49.68,-55.12,2026-07-02 03:26:04+00:00
2026-07-02T03:27:03+00:00,-51.64,-61.62,-61.56,-57.82,-62.43,-50.25,-43.13,-58.08,-53.93,-47.38,-50.80,-58.93,-58.76,-45.52,-52.04,-49.65,-55.20,2026-07-02 03:27:03+00:00
2026-07-02T03:28:04+00:00,-50.20,-60.98,-60.21,-58.25,-61.67,-50.26,-43.43,-59.07,-53.40,-47.16,-50.78,-58.45,-56.88,-46.25,-52.12,-49.35,-54.80,2026-07-02 03:28:04+00:00
2026-07-02T03:29:04+00:00,-51.40,-61.74,-56.30,-57.70,-62.22,-50.40,-43.13,-53.15,-53.24,-47.16,-50.91,-58.41,-57.94,-47.05,-51.80,-49.14,-54.61,2026-07-02 03:29:04+00:00
2026-07-02T03:30:03+00:00,-51.96,-61.19,-61.37,-58.98,-63.06,-49.76,-43.28,-58.89,-53.86,-47.27,-50.80,-58.84,-59.23,-47.98,-51.44,-49.35,-54.83,2026-07-02 03:30:03+00:00
2026-07-02T03:31:03+00:00,-52.03,-61.65,-61.24,-59.14,-61.98,-50.31,-42.61,-59.77,-53.76,-47.32,-50.39,-58.41,-59.17,-48.90,-51.79,-48.99,-54.77,2026-07-02 03:31:03+00:00
2026-07-02T03:32:04+00:00,-52.09,-61.53,-61.52,-59.16,-61.59,-50.31,-43.05,-56.42,-50.72,-47.20,-50.50,-58.96,-59.20,-50.11,-51.93,-48.89,-54.65,2026-07-02 03:32:04+00:00
2026-07-02T03:33:03+00:00,-51.57,-60.92,-60.62,-50.72,-61.93,-50.34,-43.04,-48.71,-50.60,-47.14,-50.32,-58.59,-58.23,-50.11,-51.57,-49.01,-54.83,2026-07-02 03:33:03+00:00
2026-07-02T03:34:04+00:00,-50.78,-60.66,-55.28,-59.30,-62.56,-49.43,-43.07,-58.85,-50.50,-47.42,-50.35,-58.89,-59.10,-52.29,-51.99,-48.78,-54.03,2026-07-02 03:34:04+00:00
2026-07-02T03:35:03+00:00,-51.00,-60.94,-51.24,-58.48,-62.39,-48.81,-43.10,-59.19,-50.37,-47.34,-50.23,-56.47,-58.03,-52.97,-51.90,-48.83,-54.68,2026-07-02 03:35:03+00:00
2026-07-02T03:36:03+00:00,-51.23,-61.03,-50.10,-54.96,-62.67,-47.83,-43.11,-59.21,-50.66,-47.33,-50.14,-57.05,-58.36,-53.74,-51.72,-48.33,-55.27,2026-07-02 03:36:03+00:00
2026-07-02T03:37:05+00:00,-52.35,-61.79,-61.58,-59.52,-62.52,-48.51,-43.41,-59.76,-50.86,-47.40,-50.27,-59.38,-59.10,-54.64,-51.93,-48.72,-55.20,2026-07-02 03:37:05+00:00
2026-07-02T03:38:03+00:00,-51.59,-62.49,-62.57,-59.96,-61.96,-48.33,-43.42,-60.13,-50.71,-47.45,-50.24,-59.75,-59.76,-54.82,-52.28,-48.68,-55.11,2026-07-02 03:38:03+00:00
2026-07-02T03:39:04+00:00,-51.33,-61.70,-61.11,-59.44,-62.23,-48.15,-43.39,-59.23,-50.44,-47.40,-49.89,-58.88,-59.03,-54.13,-52.30,-48.76,-54.89,2026-07-02 03:39:04+00:00
2026-07-02T03:40:03+00:00,-51.38,-61.48,-61.14,-59.49,-62.00,-48.33,-43.51,-59.88,-50.85,-47.28,-49.89,-59.46,-59.26,-53.59,-52.03,-48.97,-55.05,2026-07-02 03:40:03+00:00
2026-07-02T03:41:04+00:00,-51.88,-61.85,-61.89,-59.44,-62.25,-47.88,-43.38,-59.67,-50.83,-47.28,-49.74,-59.66,-59.54,-53.08,-52.62,-48.58,-54.47,2026-07-02 03:41:04+00:00
2026-07-02T03:42:04+00:00,-52.32,-61.83,-61.21,-59.03,-63.51,-49.58,-45.34,-60.23,-50.92,-47.30,-49.82,-59.40,-59.08,-52.39,-52.53,-48.76,-54.50,2026-07-02 03:42:04+00:00
2026-07-02T03:43:03+00:00,-52.00,-61.61,-61.73,-59.67,-62.75,-51.20,-51.04,-60.72,-50.87,-47.19,-50.21,-59.07,-59.12,-51.66,-52.67,-48.65,-55.14,2026-07-02 03:43:03+00:00
2026-07-02T03:44:04+00:00,-52.27,-62.21,-61.53,-60.02,-62.53,-51.22,-51.01,-61.02,-50.83,-47.15,-49.96,-58.74,-59.54,-51.30,-52.81,-48.80,-54.64,2026-07-02 03:44:04+00:00
2026-07-02T03:45:04+00:00,-52.13,-62.50,-61.70,-59.97,-62.53,-51.25,-51.01,-61.15,-50.87,-47.39,-50.08,-58.33,-60.02,-50.60,-53.27,-49.20,-54.70,2026-07-02 03:45:04+00:00
2026-07-02T03:46:03+00:00,-52.23,-61.91,-61.20,-59.82,-62.26,-51.15,-50.91,-60.99,-50.26,-47.26,-49.96,-58.14,-59.32,-50.05,-53.19,-49.14,-55.27,2026-07-02 03:46:03+00:00
2026-07-02T03:47:04+00:00,-55.14,-62.43,-61.68,-60.00,-62.76,-51.32,-50.98,-61.38,-52.88,-47.33,-50.05,-57.72,-59.81,-49.80,-53.51,-49.23,-54.75,2026-07-02 03:47:04+00:00
2026-07-02T03:48:04+00:00,-54.49,-61.66,-61.75,-60.08,-62.90,-51.10,-48.08,-61.17,-52.82,-47.45,-49.88,-57.53,-59.76,-48.97,-53.68,-49.53,-55.65,2026-07-02 03:48:04+00:00
2026-07-02T03:49:03+00:00,-54.32,-62.10,-61.50,-59.91,-62.14,-51.30,-51.11,-61.65,-52.89,-47.20,-50.22,-57.51,-59.80,-48.84,-53.99,-49.35,-55.49,2026-07-02 03:49:03+00:00
2026-07-02T03:50:04+00:00,-55.30,-61.11,-61.54,-59.80,-62.36,-51.41,-51.01,-61.11,-52.88,-47.30,-49.98,-57.63,-59.59,-48.31,-54.26,-49.55,-55.34,2026-07-02 03:50:04+00:00
2026-07-02T03:51:04+00:00,-50.01,-61.89,-61.35,-60.04,-62.57,-51.47,-51.32,-61.56,-52.17,-47.22,-50.41,-57.59,-59.86,-48.56,-54.03,-49.67,-55.34,2026-07-02 03:51:04+00:00
2026-07-02T03:52:03+00:00,-49.83,-61.99,-60.54,-59.20,-60.97,-51.42,-51.16,-60.45,-52.05,-47.30,-50.35,-57.28,-58.89,-47.89,-54.44,-49.65,-55.27,2026-07-02 03:52:03+00:00
2026-07-02T03:53:04+00:00,-49.59,-62.10,-58.14,-59.81,-62.15,-51.20,-50.14,-57.37,-52.82,-47.15,-50.41,-57.74,-59.99,-48.03,-54.74,-49.55,-55.09,2026-07-02 03:53:04+00:00
2026-07-02T03:54:04+00:00,-48.77,-62.32,-57.23,-59.85,-62.91,-51.34,-50.18,-58.31,-52.60,-47.20,-50.61,-57.57,-59.92,-47.74,-55.28,-49.62,-54.71,2026-07-02 03:54:04+00:00
2026-07-02T03:55:03+00:00,-49.09,-61.93,-57.16,-59.51,-62.62,-51.30,-50.20,-58.46,-50.33,-47.39,-50.60,-57.77,-59.84,-47.71,-55.39,-49.72,-54.53,2026-07-02 03:55:03+00:00
2026-07-02T03:56:04+00:00,-49.13,-62.19,-61.30,-59.14,-61.81,-51.26,-50.86,-60.90,-50.25,-47.43,-50.03,-57.66,-59.89,-47.48,-54.47,-49.68,-54.76,2026-07-02 03:56:04+00:00
2026-07-02T03:57:03+00:00,-48.99,-63.42,-62.65,-59.70,-62.96,-51.44,-50.59,-61.40,-50.48,-47.62,-50.04,-58.10,-60.49,-47.55,-49.94,-49.57,-54.61,2026-07-02 03:57:03+00:00
2026-07-02T03:58:03+00:00,-49.19,-60.31,-61.27,-59.19,-63.48,-51.45,-50.57,-60.93,-50.50,-47.56,-50.08,-57.04,-59.57,-47.45,-50.02,-49.70,-54.92,2026-07-02 03:58:03+00:00
2026-07-02T03:59:04+00:00,-49.08,-61.93,-60.97,-58.98,-62.85,-51.39,-50.48,-60.62,-50.51,-47.70,-50.15,-56.94,-59.04,-47.41,-50.23,-49.37,-55.12,2026-07-02 03:59:04+00:00
2026-07-02T04:00:04+00:00,-49.12,-62.70,-58.65,-58.70,-63.81,-51.32,-49.88,-55.06,-50.56,-47.50,-51.23,-56.93,-59.28,-47.21,-55.53,-49.17,-55.13,2026-07-02 04:00:04+00:00
2026-07-02T04:01:04+00:00,-49.32,-61.64,-58.58,-59.13,-62.25,-51.34,-50.07,-57.41,-51.23,-47.61,-51.31,-56.92,-59.61,-47.15,-55.77,-49.46,-55.26,2026-07-02 04:01:04+00:00
2026-07-02T04:02:03+00:00,-49.10,-61.34,-58.13,-58.59,-61.42,-51.09,-50.08,-56.66,-51.17,-47.66,-51.36,-56.27,-58.49,-47.38,-55.61,-49.70,-54.80,2026-07-02 04:02:03+00:00
2026-07-02T04:03:04+00:00,-49.07,-62.14,-59.37,-59.51,-62.34,-51.54,-50.05,-56.87,-51.25,-47.76,-51.70,-56.67,-60.03,-47.23,-55.76,-49.69,-54.76,2026-07-02 04:03:04+00:00
2026-07-02T04:04:04+00:00,-49.01,-61.43,-59.54,-58.76,-61.83,-51.57,-49.99,-55.42,-52.68,-47.92,-51.64,-56.01,-58.91,-46.95,-55.69,-49.28,-55.03,2026-07-02 04:04:04+00:00
2026-07-02T04:05:03+00:00,-48.73,-60.02,-60.10,-58.83,-61.71,-51.49,-50.00,-54.46,-52.44,-47.83,-51.86,-55.74,-59.31,-47.13,-55.89,-49.46,-55.07,2026-07-02 04:05:03+00:00
2026-07-02T04:06:04+00:00,-52.65,-62.85,-60.93,-59.08,-62.98,-51.82,-50.01,-54.42,-52.58,-47.93,-52.18,-56.35,-59.85,-47.25,-56.35,-49.75,-55.42,2026-07-02 04:06:04+00:00
2026-07-02T04:07:04+00:00,-52.95,-62.18,-60.94,-58.80,-62.16,-51.79,-49.96,-53.95,-52.54,-48.11,-52.15,-56.25,-59.73,-47.14,-56.17,-49.58,-55.22,2026-07-02 04:07:04+00:00
2026-07-02T04:08:03+00:00,-52.98,-61.31,-60.61,-59.00,-61.39,-51.73,-51.47,-61.14,-52.39,-47.93,-52.50,-56.36,-59.37,-47.21,-56.71,-49.85,-55.60,2026-07-02 04:08:03+00:00
2026-07-02T04:09:03+00:00,-52.79,-61.83,-61.18,-59.49,-62.26,-51.52,-51.65,-60.51,-51.45,-48.11,-52.56,-56.12,-59.51,-47.20,-56.82,-50.09,-54.58,2026-07-02 04:09:03+00:00
2026-07-02T04:10:04+00:00,-52.38,-61.95,-61.04,-58.38,-62.00,-52.06,-51.61,-61.03,-53.48,-48.12,-52.71,-56.02,-58.67,-46.97,-56.57,-49.76,-54.56,2026-07-02 04:10:04+00:00
2026-07-02T04:11:03+00:00,-52.25,-62.90,-61.03,-58.91,-62.84,-51.65,-51.83,-61.82,-53.43,-48.23,-52.60,-56.17,-59.10,-47.04,-57.42,-49.57,-55.08,2026-07-02 04:11:03+00:00
2026-07-02T04:12:03+00:00,-52.77,-62.94,-62.00,-59.19,-62.65,-52.01,-51.37,-61.86,-53.16,-48.20,-52.64,-56.25,-59.79,-47.20,-57.77,-50.10,-55.69,2026-07-02 04:12:03+00:00
2026-07-02T04:13:04+00:00,-52.94,-63.57,-62.11,-59.40,-61.89,-52.18,-51.37,-62.25,-53.81,-48.23,-52.80,-56.63,-59.74,-47.38,-57.35,-50.34,-55.77,2026-07-02 04:13:04+00:00
2026-07-02T04:14:04+00:00,-52.63,-62.26,-60.73,-59.29,-61.55,-52.02,-51.25,-61.07,-53.90,-48.16,-52.82,-55.74,-59.31,-47.37,-57.33,-49.83,-55.47,2026-07-02 04:14:04+00:00
2026-07-02T04:15:03+00:00,-51.99,-62.94,-62.09,-59.65,-63.23,-52.20,-51.21,-61.98,-54.02,-48.16,-52.93,-56.39,-59.60,-47.32,-57.61,-50.18,-55.47,2026-07-02 04:15:03+00:00
2026-07-02T04:16:04+00:00,-51.93,-62.39,-61.48,-59.36,-61.92,-51.75,-51.24,-61.12,-58.28,-48.27,-53.17,-56.37,-59.74,-47.24,-57.42,-50.17,-55.24,2026-07-02 04:16:04+00:00
2026-07-02T04:17:04+00:00,-52.55,-61.88,-62.06,-59.53,-61.15,-51.98,-51.29,-61.53,-51.84,-48.21,-53.19,-56.46,-59.59,-47.30,-57.25,-50.24,-55.29,2026-07-02 04:17:04+00:00
2026-07-02T04:18:03+00:00,-51.56,-61.16,-61.58,-58.91,-60.40,-51.92,-51.19,-60.68,-51.68,-48.15,-52.90,-56.15,-58.98,-47.18,-57.22,-50.42,-54.05,2026-07-02 04:18:03+00:00
2026-07-02T04:19:03+00:00,-51.76,-62.71,-62.07,-59.37,-62.20,-52.11,-51.50,-61.18,-51.60,-48.05,-53.35,-56.29,-59.48,-47.45,-57.61,-50.15,-55.40,2026-07-02 04:19:03+00:00
2026-07-02T04:20:04+00:00,-53.68,-62.60,-61.83,-59.03,-61.59,-52.18,-51.16,-61.55,-51.74,-48.43,-53.47,-56.44,-59.46,-47.55,-57.65,-49.95,-55.63,2026-07-02 04:20:04+00:00
2026-07-02T04:21:03+00:00,-51.71,-62.06,-61.59,-59.35,-62.53,-52.22,-50.92,-61.29,-51.79,-48.33,-53.65,-56.50,-59.34,-47.51,-57.64,-50.09,-55.32,2026-07-02 04:21:03+00:00
2026-07-02T04:22:03+00:00,-51.35,-62.29,-62.25,-59.50,-63.38,-52.20,-50.94,-61.74,-50.83,-48.29,-53.84,-56.57,-59.68,-47.36,-57.84,-49.90,-55.39,2026-07-02 04:22:03+00:00
2026-07-02T04:23:04+00:00,-50.71,-62.96,-61.42,-58.27,-65.55,-52.35,-49.86,-53.37,-50.78,-48.12,-54.05,-56.58,-59.43,-47.60,-57.55,-50.62,-55.12,2026-07-02 04:23:04+00:00
2026-07-02T04:24:04+00:00,-51.38,-63.54,-59.43,-59.41,-65.78,-52.07,-50.39,-58.58,-50.79,-48.32,-54.11,-56.58,-59.48,-47.36,-58.05,-50.43,-55.19,2026-07-02 04:24:04+00:00
2026-07-02T04:25:03+00:00,-50.89,-63.03,-58.88,-59.04,-65.76,-52.06,-49.91,-58.35,-51.02,-48.20,-54.18,-56.23,-59.19,-47.71,-57.33,-50.43,-55.22,2026-07-02 04:25:03+00:00
2026-07-02T04:26:04+00:00,-50.79,-62.46,-58.82,-58.86,-66.04,-51.94,-50.14,-57.54,-51.00,-48.28,-53.84,-56.12,-59.02,-47.24,-57.37,-50.66,-55.43,2026-07-02 04:26:04+00:00
2026-07-02T04:27:04+00:00,-50.47,-63.56,-62.89,-59.30,-66.42,-52.30,-49.88,-61.71,-51.13,-48.14,-53.81,-56.72,-60.03,-47.31,-51.20,-50.82,-55.41,2026-07-02 04:27:04+00:00
2026-07-02T04:28:03+00:00,-50.82,-63.45,-62.22,-59.14,-65.79,-52.29,-50.83,-61.16,-51.10,-48.34,-53.88,-56.44,-59.83,-47.36,-51.10,-50.65,-55.39,2026-07-02 04:28:03+00:00
2026-07-02T04:29:03+00:00,-50.40,-63.16,-61.64,-58.75,-65.72,-52.17,-50.46,-60.74,-51.03,-48.37,-53.76,-56.54,-59.39,-47.45,-50.97,-50.52,-55.69,2026-07-02 04:29:03+00:00
2026-07-02T04:30:04+00:00,-50.38,-64.45,-62.73,-56.82,-66.03,-52.31,-49.89,-60.61,-51.03,-48.35,-54.77,-56.75,-60.10,-47.24,-56.66,-50.72,-55.15,2026-07-02 04:30:04+00:00
2026-07-02T04:31:04+00:00,-50.03,-65.18,-62.00,-59.36,-65.93,-52.26,-50.03,-57.01,-51.06,-48.35,-54.70,-56.76,-60.12,-47.20,-53.12,-50.61,-55.59,2026-07-02 04:31:04+00:00
2026-07-02T04:32:04+00:00,-50.34,-63.99,-62.01,-59.36,-66.01,-52.14,-50.08,-56.97,-53.46,-48.33,-54.90,-56.49,-59.74,-47.11,-57.33,-50.82,-55.59,2026-07-02 04:32:04+00:00
2026-07-02T04:33:04+00:00,-49.85,-63.01,-59.87,-58.75,-65.18,-51.85,-49.52,-55.26,-53.27,-48.01,-54.74,-56.22,-59.08,-46.95,-57.44,-50.63,-55.65,2026-07-02 04:33:04+00:00
2026-07-02T04:34:03+00:00,-50.76,-62.15,-60.54,-58.88,-65.26,-52.17,-49.63,-55.62,-53.27,-48.07,-54.48,-56.81,-59.77,-46.94,-56.95,-50.74,-55.69,2026-07-02 04:34:03+00:00
2026-07-02T04:35:04+00:00,-50.70,-64.29,-60.80,-58.80,-66.17,-52.09,-50.06,-53.45,-53.25,-48.26,-55.45,-56.47,-59.88,-46.83,-57.58,-50.68,-55.77,2026-07-02 04:35:04+00:00
2026-07-02T04:36:04+00:00,-48.23,-63.49,-59.85,-58.14,-66.05,-52.05,-49.98,-53.12,-52.31,-47.93,-55.29,-55.96,-58.46,-46.63,-56.96,-50.35,-54.10,2026-07-02 04:36:04+00:00
2026-07-02T04:37:03+00:00,-48.69,-64.44,-61.46,-58.65,-66.64,-52.22,-49.46,-53.14,-52.46,-48.00,-55.66,-56.71,-60.12,-46.72,-57.56,-50.47,-55.34,2026-07-02 04:37:03+00:00
2026-07-02T04:38:04+00:00,-48.11,-62.12,-59.75,-57.56,-64.52,-55.65,-49.74,-52.73,-52.21,-48.13,-55.04,-55.23,-58.55,-46.45,-56.93,-50.27,-51.42,2026-07-02 04:38:04+00:00
2026-07-02T04:39:04+00:00,-48.38,-63.29,-63.14,-58.94,-66.02,-57.07,-51.08,-56.20,-54.18,-48.30,-55.79,-56.59,-59.61,-46.58,-58.23,-50.54,-55.87,2026-07-02 04:39:04+00:00
2026-07-02T04:40:03+00:00,-48.53,-64.01,-64.94,-59.22,-66.43,-57.38,-51.91,-56.29,-51.94,-48.36,-55.83,-56.82,-59.50,-46.74,-59.05,-50.74,-55.73,2026-07-02 04:40:03+00:00
2026-07-02T04:41:03+00:00,-48.64,-62.59,-64.24,-58.71,-65.98,-56.52,-46.55,-56.17,-51.92,-48.31,-55.62,-56.75,-59.22,-46.47,-58.84,-50.62,-55.76,2026-07-02 04:41:03+00:00
2026-07-02T04:42:04+00:00,-48.79,-63.66,-63.63,-59.27,-66.38,-56.92,-50.76,-56.45,-51.88,-48.58,-55.81,-56.62,-59.59,-46.54,-58.58,-50.78,-55.77,2026-07-02 04:42:04+00:00
2026-07-02T04:43:03+00:00,-48.40,-63.29,-62.88,-58.57,-65.66,-56.98,-52.09,-56.57,-51.77,-48.41,-55.66,-56.88,-59.15,-46.25,-58.87,-51.19,-55.70,2026-07-02 04:43:03+00:00
2026-07-02T04:44:04+00:00,-48.76,-64.07,-65.94,-59.22,-65.98,-57.36,-51.74,-56.94,-51.89,-48.37,-55.60,-57.14,-60.01,-46.42,-58.72,-51.00,-55.76,2026-07-02 04:44:04+00:00
2026-07-02T04:45:04+00:00,-48.51,-62.31,-63.13,-58.87,-65.83,-56.89,-50.69,-56.88,-51.87,-48.23,-55.49,-56.90,-59.10,-46.52,-58.16,-51.27,-55.77,2026-07-02 04:45:04+00:00
2026-07-02T04:46:03+00:00,-48.33,-64.31,-65.97,-59.48,-66.25,-57.35,-51.74,-57.37,-52.95,-48.30,-55.84,-57.23,-59.65,-46.47,-58.38,-51.11,-55.89,2026-07-02 04:46:03+00:00
2026-07-02T04:47:04+00:00,-48.76,-63.06,-63.56,-59.07,-65.57,-56.54,-52.01,-56.81,-52.86,-48.07,-55.77,-57.02,-58.77,-46.59,-58.85,-51.30,-55.69,2026-07-02 04:47:04+00:00
2026-07-02T04:48:04+00:00,-48.63,-65.16,-65.59,-59.34,-66.64,-56.72,-51.20,-57.72,-52.85,-48.19,-55.88,-57.52,-59.85,-46.57,-58.38,-51.32,-55.57,2026-07-02 04:48:04+00:00
2026-07-02T04:49:03+00:00,-48.47,-63.56,-64.90,-59.03,-65.43,-56.34,-51.29,-57.97,-52.71,-48.21,-55.98,-57.10,-59.35,-46.56,-58.48,-51.38,-55.53,2026-07-02 04:49:03+00:00
2026-07-02T04:50:04+00:00,-48.61,-64.59,-65.13,-59.28,-66.13,-56.41,-52.18,-58.17,-52.74,-48.27,-56.13,-57.33,-59.44,-46.63,-58.62,-51.14,-55.38,2026-07-02 04:50:04+00:00
2026-07-02T04:51:04+00:00,-51.29,-58.38,-63.47,-58.32,-64.80,-56.02,-51.37,-57.34,-52.88,-47.91,-55.20,-57.23,-57.54,-46.50,-57.52,-50.64,-51.83,2026-07-02 04:51:04+00:00
2026-07-02T04:52:03+00:00,-50.81,-63.97,-64.64,-58.71,-65.92,-56.38,-52.22,-58.29,-53.16,-48.20,-55.89,-57.15,-59.39,-46.40,-58.79,-51.08,-55.63,2026-07-02 04:52:03+00:00
2026-07-02T04:53:04+00:00,-51.37,-64.64,-64.73,-59.03,-66.05,-56.37,-51.30,-58.58,-53.40,-48.14,-56.01,-56.49,-59.20,-46.53,-58.61,-50.70,-55.76,2026-07-02 04:53:04+00:00
2026-07-02T04:54:04+00:00,-51.49,-64.13,-58.42,-58.86,-65.40,-56.21,-49.94,-56.18,-53.39,-48.26,-55.99,-57.66,-59.58,-46.82,-58.04,-50.34,-55.34,2026-07-02 04:54:04+00:00
2026-07-02T04:55:03+00:00,-51.10,-64.98,-57.91,-58.60,-65.77,-56.14,-50.04,-56.39,-58.27,-48.12,-55.87,-57.56,-59.70,-46.47,-58.73,-50.58,-55.25,2026-07-02 04:55:03+00:00
2026-07-02T04:56:04+00:00,-51.24,-65.05,-58.00,-59.20,-66.17,-56.13,-51.20,-56.69,-58.34,-48.17,-56.05,-57.67,-59.70,-46.36,-58.80,-50.39,-55.40,2026-07-02 04:56:04+00:00
2026-07-02T04:57:04+00:00,-51.57,-63.76,-63.87,-56.80,-65.16,-56.31,-49.35,-49.79,-57.98,-47.90,-55.43,-57.34,-58.63,-46.33,-58.13,-49.99,-54.65,2026-07-02 04:57:04+00:00
2026-07-02T04:58:03+00:00,-51.13,-63.99,-63.73,-58.04,-66.61,-56.41,-51.10,-58.35,-57.87,-47.91,-53.55,-56.89,-59.06,-46.54,-51.43,-49.49,-55.53,2026-07-02 04:58:03+00:00
2026-07-02T04:59:04+00:00,-51.70,-64.08,-63.99,-58.66,-65.78,-56.53,-51.32,-58.27,-58.05,-47.82,-53.84,-57.50,-59.09,-46.80,-51.27,-49.32,-55.18,2026-07-02 04:59:04+00:00
2026-07-02T05:00:04+00:00,-52.17,-65.36,-65.68,-58.61,-66.35,-53.37,-51.01,-58.02,-58.14,-47.76,-53.73,-57.72,-59.04,-47.28,-51.50,-49.05,-55.48,2026-07-02 05:00:04+00:00
2026-07-02T05:01:04+00:00,-52.04,-65.07,-64.76,-55.32,-66.46,-53.12,-49.67,-47.94,-52.89,-46.49,-55.38,-57.39,-58.38,-48.37,-58.70,-48.20,-55.43,2026-07-02 05:01:04+00:00
2026-07-02T05:02:03+00:00,-51.84,-65.23,-63.28,-56.62,-65.98,-50.83,-50.05,-51.30,-52.49,-46.57,-55.13,-57.44,-58.37,-49.05,-58.04,-47.75,-55.08,2026-07-02 05:02:03+00:00
2026-07-02T05:03:04+00:00,-52.04,-65.01,-63.47,-56.98,-66.13,-51.05,-49.64,-51.55,-52.43,-46.31,-54.96,-57.52,-58.29,-49.60,-57.93,-47.53,-55.41,2026-07-02 05:03:04+00:00
2026-07-02T05:04:03+00:00,-52.14,-64.55,-63.44,-56.85,-66.10,-50.96,-50.16,-51.26,-52.59,-46.22,-55.00,-57.73,-58.20,-49.97,-58.22,-47.44,-55.53,2026-07-02 05:04:03+00:00
2026-07-02T05:05:04+00:00,-52.18,-64.90,-63.96,-57.08,-65.41,-51.08,-50.12,-51.20,-52.77,-46.24,-54.91,-57.88,-58.31,-49.95,-58.00,-47.41,-55.52,2026-07-02 05:05:04+00:00
2026-07-02T05:06:04+00:00,-51.50,-65.32,-63.64,-56.80,-66.76,-50.90,-49.97,-50.88,-52.82,-46.32,-54.82,-57.93,-58.15,-49.90,-58.06,-47.37,-55.62,2026-07-02 05:06:04+00:00
2026-07-02T05:07:03+00:00,-51.28,-65.77,-64.14,-56.75,-65.94,-51.11,-50.30,-50.84,-52.89,-46.38,-54.80,-57.94,-58.43,-49.80,-58.22,-47.42,-55.58,2026-07-02 05:07:03+00:00
2026-07-02T05:08:04+00:00,-51.64,-65.95,-64.09,-56.58,-65.95,-51.10,-50.14,-50.79,-52.61,-46.41,-55.01,-58.29,-58.28,-49.87,-58.28,-47.44,-55.60,2026-07-02 05:08:04+00:00
2026-07-02T05:09:04+00:00,-52.01,-65.47,-65.76,-57.87,-66.24,-51.17,-52.83,-54.95,-52.78,-46.30,-54.82,-58.29,-58.41,-50.01,-58.57,-47.48,-55.84,2026-07-02 05:09:04+00:00
2026-07-02T05:10:03+00:00,-52.49,-64.79,-65.79,-57.87,-66.30,-51.22,-51.95,-55.07,-52.95,-46.46,-54.90,-58.30,-58.38,-49.78,-58.74,-47.44,-55.81,2026-07-02 05:10:03+00:00
2026-07-02T05:11:04+00:00,-51.53,-64.99,-65.31,-57.32,-66.54,-50.96,-51.58,-55.22,-52.86,-46.58,-54.98,-58.25,-58.39,-49.94,-58.78,-47.51,-55.33,2026-07-02 05:11:04+00:00
2026-07-02T05:12:04+00:00,-52.65,-65.70,-67.16,-57.56,-66.16,-51.17,-52.67,-56.10,-53.03,-46.60,-55.13,-58.66,-58.78,-49.86,-58.82,-47.42,-55.25,2026-07-02 05:12:04+00:00
2026-07-02T05:13:03+00:00,-52.01,-64.38,-65.29,-57.53,-65.89,-51.05,-52.15,-56.39,-53.04,-46.61,-54.89,-58.44,-58.27,-49.82,-58.74,-47.60,-55.36,2026-07-02 05:13:03+00:00
2026-07-02T05:14:04+00:00,-51.70,-65.45,-66.76,-57.82,-66.38,-51.14,-51.39,-57.31,-52.98,-46.84,-54.93,-58.59,-58.58,-50.08,-59.11,-47.56,-55.16,2026-07-02 05:14:04+00:00
2026-07-02T05:15:04+00:00,-51.73,-66.45,-66.10,-57.16,-66.15,-51.41,-52.16,-57.44,-52.93,-46.67,-54.90,-58.66,-58.68,-50.09,-59.11,-47.61,-56.18,2026-07-02 05:15:04+00:00
2026-07-02T05:16:03+00:00,-51.87,-65.19,-66.73,-56.97,-66.43,-51.42,-51.39,-58.05,-56.58,-46.84,-54.99,-58.66,-58.54,-49.98,-59.23,-47.25,-56.13,2026-07-02 05:16:03+00:00
2026-07-02T05:17:04+00:00,-51.77,-65.78,-66.20,-56.50,-66.47,-51.77,-52.00,-57.99,-56.61,-46.87,-54.77,-58.53,-58.46,-49.97,-59.35,-47.20,-55.82,2026-07-02 05:17:04+00:00
2026-07-02T05:18:04+00:00,-51.63,-65.10,-65.61,-56.29,-66.24,-51.64,-51.49,-57.12,-56.47,-46.72,-54.81,-58.51,-58.54,-49.75,-58.44,-47.07,-55.20,2026-07-02 05:18:04+00:00
2026-07-02T05:19:03+00:00,-51.90,-65.80,-67.77,-56.48,-66.65,-51.87,-52.12,-58.81,-56.56,-46.88,-54.99,-58.74,-58.62,-49.91,-59.11,-47.16,-55.94,2026-07-02 05:19:03+00:00
2026-07-02T05:20:04+00:00,-50.70,-65.23,-65.98,-56.65,-66.18,-51.23,-52.15,-59.81,-55.98,-46.92,-54.76,-58.41,-58.33,-49.82,-58.60,-47.15,-55.64,2026-07-02 05:20:04+00:00
2026-07-02T05:21:04+00:00,-49.26,-65.24,-66.44,-56.09,-66.69,-52.03,-52.01,-62.28,-55.05,-46.90,-54.72,-58.78,-58.80,-49.68,-58.58,-47.18,-56.83,2026-07-02 05:21:04+00:00
2026-07-02T05:22:03+00:00,-48.97,-65.92,-66.78,-56.34,-66.74,-52.23,-52.08,-64.61,-54.91,-46.84,-54.69,-58.82,-58.58,-49.46,-58.76,-46.91,-52.43,2026-07-02 05:22:03+00:00
2026-07-02T05:23:04+00:00,-49.27,-64.68,-63.80,-56.06,-65.24,-52.16,-52.09,-61.41,-55.37,-46.90,-54.66,-58.50,-58.26,-49.36,-58.94,-46.85,-52.36,2026-07-02 05:23:04+00:00
2026-07-02T05:24:04+00:00,-49.24,-63.59,-65.63,-55.88,-66.55,-52.07,-51.99,-62.48,-55.17,-46.86,-54.60,-58.51,-58.19,-49.52,-58.58,-46.63,-52.58,2026-07-02 05:24:04+00:00
2026-07-02T05:25:03+00:00,-49.24,-65.95,-66.70,-55.78,-67.31,-52.19,-51.20,-62.69,-51.75,-46.94,-54.62,-59.09,-58.68,-49.39,-59.19,-46.65,-52.39,2026-07-02 05:25:03+00:00
2026-07-02T05:26:04+00:00,-49.68,-65.37,-65.08,-55.66,-65.99,-51.52,-50.01,-57.81,-51.68,-46.87,-53.83,-58.85,-58.40,-49.30,-57.90,-46.31,-52.45,2026-07-02 05:26:04+00:00
2026-07-02T05:27:04+00:00,-49.42,-64.74,-57.85,-55.86,-66.42,-51.96,-50.09,-56.72,-51.68,-46.97,-54.32,-58.69,-58.56,-49.16,-58.83,-46.48,-52.31,2026-07-02 05:27:04+00:00
2026-07-02T05:28:03+00:00,-49.40,-64.54,-57.59,-55.48,-66.16,-51.93,-49.86,-56.37,-51.73,-46.88,-54.28,-58.68,-58.22,-49.14,-58.66,-46.34,-52.33,2026-07-02 05:28:03+00:00
2026-07-02T05:29:03+00:00,-49.44,-64.03,-57.47,-56.02,-66.03,-51.90,-48.97,-56.16,-51.73,-46.97,-54.37,-58.87,-58.16,-48.82,-58.40,-46.35,-52.22,2026-07-02 05:29:03+00:00
2026-07-02T05:30:04+00:00,-49.35,-65.86,-65.77,-55.33,-66.21,-52.36,-50.76,-58.09,-51.67,-46.92,-53.19,-58.98,-58.45,-48.87,-51.55,-46.14,-52.21,2026-07-02 05:30:04+00:00
2026-07-02T05:31:04+00:00,-49.03,-65.54,-64.17,-55.45,-66.95,-52.06,-49.98,-56.93,-51.04,-46.95,-53.07,-58.88,-58.82,-48.99,-50.99,-45.87,-52.22,2026-07-02 05:31:04+00:00
2026-07-02T05:32:03+00:00,-49.27,-65.68,-67.27,-55.35,-65.97,-51.98,-51.16,-56.50,-52.97,-46.88,-54.12,-59.41,-58.92,-48.95,-58.78,-45.78,-51.89,2026-07-02 05:32:03+00:00
2026-07-02T05:33:04+00:00,-48.90,-64.14,-63.88,-55.22,-65.59,-52.04,-49.81,-51.94,-52.56,-46.67,-54.05,-58.28,-58.39,-49.06,-58.48,-45.69,-52.24,2026-07-02 05:33:04+00:00
2026-07-02T05:34:03+00:00,-49.31,-65.39,-66.56,-55.89,-65.22,-52.25,-51.06,-55.47,-52.45,-46.88,-54.53,-57.38,-57.29,-49.06,-56.77,-45.58,-52.15,2026-07-02 05:34:03+00:00
2026-07-02T05:35:03+00:00,-50.39,-65.40,-65.30,-49.30,-65.29,-49.67,-48.77,-49.53,-50.96,-46.81,-54.14,-59.44,-57.88,-48.57,-58.34,-45.60,-58.51,2026-07-02 05:35:03+00:00
2026-07-02T05:36:04+00:00,-52.46,-64.53,-65.94,-50.22,-66.45,-47.06,-48.07,-49.81,-51.12,-46.67,-54.09,-59.52,-57.80,-48.50,-58.60,-45.69,-58.65,2026-07-02 05:36:04+00:00
2026-07-02T05:37:03+00:00,-52.42,-64.99,-64.59,-50.22,-65.31,-47.10,-49.74,-49.57,-51.17,-46.86,-54.05,-59.24,-57.95,-48.33,-58.39,-45.54,-59.41,2026-07-02 05:37:03+00:00
2026-07-02T05:38:04+00:00,-52.42,-64.93,-62.88,-50.14,-65.44,-47.39,-49.30,-49.71,-51.24,-46.59,-54.21,-58.70,-58.05,-48.36,-58.40,-45.69,-59.17,2026-07-02 05:38:04+00:00
2026-07-02T05:39:04+00:00,-52.29,-64.99,-64.41,-50.07,-66.54,-48.63,-49.26,-49.61,-50.92,-46.81,-54.08,-59.78,-58.08,-48.07,-58.42,-45.57,-58.53,2026-07-02 05:39:04+00:00
2026-07-02T05:40:03+00:00,-52.74,-63.13,-63.52,-49.98,-66.11,-48.09,-48.89,-49.31,-53.45,-46.81,-53.90,-59.01,-57.51,-48.13,-57.77,-45.56,-57.06,2026-07-02 05:40:03+00:00
2026-07-02T05:41:04+00:00,-53.70,-65.04,-65.38,-50.16,-65.00,-48.53,-45.53,-49.31,-53.49,-46.50,-55.33,-59.60,-58.05,-48.18,-58.04,-45.60,-58.19,2026-07-02 05:41:04+00:00
2026-07-02T05:42:04+00:00,-52.74,-63.76,-64.43,-50.04,-65.62,-48.24,-49.63,-49.33,-53.44,-46.64,-55.23,-59.43,-57.53,-47.87,-58.03,-45.63,-58.01,2026-07-02 05:42:04+00:00
2026-07-02T05:43:03+00:00,-52.52,-64.86,-66.35,-50.04,-65.43,-48.57,-49.54,-49.51,-53.43,-46.51,-55.26,-59.41,-57.96,-48.00,-58.04,-45.56,-58.64,2026-07-02 05:43:03+00:00
2026-07-02T05:44:03+00:00,-53.50,-62.81,-62.87,-50.01,-66.14,-48.48,-49.83,-49.44,-53.30,-46.46,-54.97,-58.38,-57.51,-47.74,-57.82,-45.49,-57.26,2026-07-02 05:44:03+00:00
2026-07-02T05:45:04+00:00,-54.15,-63.95,-65.67,-49.84,-66.64,-48.63,-49.55,-49.36,-53.42,-46.67,-54.98,-59.40,-57.96,-47.55,-57.95,-45.31,-57.54,2026-07-02 05:45:04+00:00
2026-07-02T05:46:03+00:00,-54.04,-63.24,-65.71,-49.89,-65.78,-48.51,-49.76,-49.19,-50.59,-46.54,-55.05,-59.49,-57.72,-47.53,-57.64,-45.31,-58.79,2026-07-02 05:46:03+00:00
2026-07-02T05:47:03+00:00,-53.35,-62.30,-64.33,-49.76,-65.30,-48.58,-49.74,-49.12,-50.60,-46.02,-51.95,-59.54,-57.34,-47.70,-58.10,-45.17,-56.43,2026-07-02 05:47:03+00:00
2026-07-02T05:48:04+00:00,-53.13,-63.87,-65.64,-49.76,-66.15,-48.74,-49.26,-49.26,-50.60,-46.12,-52.23,-59.54,-57.58,-47.68,-56.59,-45.06,-58.84,2026-07-02 05:48:04+00:00
2026-07-02T05:49:04+00:00,-54.68,-62.15,-65.12,-49.79,-65.32,-48.57,-49.84,-48.97,-50.79,-46.42,-52.33,-59.36,-57.70,-47.77,-57.05,-44.99,-58.29,2026-07-02 05:49:04+00:00
2026-07-02T05:50:03+00:00,-52.76,-62.29,-66.04,-49.88,-66.56,-48.70,-49.25,-49.01,-50.81,-46.21,-52.10,-59.77,-57.67,-47.84,-57.56,-44.85,-58.74,2026-07-02 05:50:03+00:00
2026-07-02T05:51:04+00:00,-52.93,-63.08,-63.77,-49.78,-66.19,-48.51,-49.73,-48.90,-49.30,-45.78,-51.55,-59.17,-57.46,-47.74,-57.68,-44.89,-56.01,2026-07-02 05:51:04+00:00
2026-07-02T05:52:04+00:00,-52.51,-63.71,-63.10,-49.75,-66.03,-48.56,-49.49,-48.92,-49.20,-45.65,-51.87,-59.02,-57.41,-47.81,-57.19,-44.67,-58.08,2026-07-02 05:52:04+00:00
2026-07-02T05:53:03+00:00,-54.55,-62.96,-63.05,-49.81,-65.66,-48.65,-49.97,-48.81,-49.16,-45.59,-52.16,-58.34,-57.14,-47.63,-57.05,-44.74,-55.83,2026-07-02 05:53:03+00:00
2026-07-02T05:54:03+00:00,-52.08,-64.03,-64.27,-49.79,-66.64,-48.75,-49.45,-48.84,-50.86,-45.70,-52.84,-59.87,-57.62,-47.71,-56.85,-44.71,-57.89,2026-07-02 05:54:03+00:00
2026-07-02T05:55:04+00:00,-53.84,-65.61,-63.05,-49.78,-66.00,-48.80,-49.80,-49.04,-50.97,-46.04,-53.17,-59.54,-57.47,-47.71,-57.88,-44.45,-59.19,2026-07-02 05:55:04+00:00
2026-07-02T05:56:03+00:00,-52.86,-63.67,-61.93,-49.78,-65.79,-48.91,-49.66,-48.67,-50.77,-45.99,-52.81,-59.39,-57.31,-47.73,-57.48,-44.45,-58.13,2026-07-02 05:56:03+00:00
2026-07-02T05:57:03+00:00,-51.64,-63.97,-62.84,-49.78,-66.19,-48.70,-49.84,-48.34,-50.84,-45.99,-53.31,-59.45,-57.54,-47.83,-57.20,-44.59,-59.52,2026-07-02 05:57:03+00:00
2026-07-02T05:58:04+00:00,-52.57,-64.30,-62.41,-49.73,-64.97,-48.47,-49.58,-48.01,-50.48,-46.00,-53.05,-60.20,-57.25,-47.86,-57.70,-44.44,-57.47,2026-07-02 05:58:04+00:00
2026-07-02T05:59:04+00:00,-52.30,-64.41,-62.85,-49.77,-66.45,-48.38,-49.96,-47.72,-50.62,-45.49,-52.50,-59.95,-57.46,-48.11,-57.57,-44.38,-59.10,2026-07-02 05:59:04+00:00
2026-07-02T06:00:03+00:00,-53.67,-64.66,-63.13,-49.76,-65.91,-47.94,-49.33,-47.52,-49.76,-45.49,-52.37,-59.98,-57.37,-48.02,-57.52,-44.41,-57.87,2026-07-02 06:00:03+00:00
2026-07-02T06:01:03+00:00,-53.24,-64.19,-62.66,-49.79,-66.59,-48.09,-49.96,-47.63,-51.46,-45.42,-52.29,-59.95,-57.21,-47.91,-57.62,-44.33,-57.30,2026-07-02 06:01:03+00:00
2026-07-02T06:02:03+00:00,-54.17,-63.15,-62.50,-49.72,-65.38,-47.46,-49.23,-47.43,-51.17,-45.44,-52.22,-59.54,-57.05,-48.22,-57.14,-44.25,-55.25,2026-07-02 06:02:03+00:00
2026-07-02T06:03:03+00:00,-53.14,-64.48,-63.19,-50.01,-66.17,-47.66,-50.02,-47.43,-51.35,-45.47,-52.29,-60.27,-57.29,-47.83,-56.64,-44.35,-59.01,2026-07-02 06:03:03+00:00
2026-07-02T06:04:04+00:00,-54.25,-64.29,-65.94,-49.96,-66.15,-46.59,-49.63,-47.44,-52.72,-45.45,-52.22,-60.57,-57.33,-47.92,-56.09,-44.37,-59.08,2026-07-02 06:04:04+00:00
2026-07-02T06:05:04+00:00,-49.67,-64.25,-64.27,-45.94,-65.62,-46.44,-49.83,-48.19,-52.81,-45.27,-52.23,-59.96,-56.75,-48.22,-56.20,-44.34,-58.53,2026-07-02 06:05:04+00:00
2026-07-02T06:06:03+00:00,-49.77,-62.77,-63.14,-47.13,-65.87,-46.54,-49.41,-49.55,-53.18,-45.25,-52.12,-59.75,-55.69,-48.62,-57.08,-44.47,-52.61,2026-07-02 06:06:03+00:00
2026-07-02T06:07:04+00:00,-49.12,-63.32,-54.64,-55.26,-66.16,-46.68,-49.85,-50.04,-52.10,-45.11,-51.70,-59.40,-52.64,-48.93,-56.00,-44.50,-56.73,2026-07-02 06:07:04+00:00
2026-07-02T06:08:03+00:00,-48.98,-63.58,-55.75,-55.90,-65.25,-46.38,-50.54,-50.13,-52.70,-45.52,-52.97,-59.64,-53.84,-49.21,-56.39,-44.48,-58.52,2026-07-02 06:08:03+00:00
2026-07-02T06:09:03+00:00,-48.85,-62.74,-55.96,-55.94,-65.67,-46.50,-50.71,-50.07,-52.81,-45.35,-53.00,-59.72,-53.78,-51.06,-56.82,-45.05,-57.73,2026-07-02 06:09:03+00:00
2026-07-02T06:10:04+00:00,-49.17,-63.86,-55.79,-56.03,-65.84,-46.42,-50.16,-50.09,-50.31,-45.05,-52.53,-59.44,-53.80,-52.31,-56.57,-45.29,-57.60,2026-07-02 06:10:04+00:00
2026-07-02T06:11:03+00:00,-48.85,-64.60,-56.00,-56.04,-66.11,-46.48,-50.53,-50.08,-50.35,-45.23,-52.79,-59.48,-53.94,-53.16,-56.26,-45.55,-57.98,2026-07-02 06:11:03+00:00
2026-07-02T06:12:03+00:00,-49.27,-63.86,-58.07,-56.18,-65.56,-46.54,-50.69,-50.08,-50.45,-45.17,-52.79,-59.95,-54.27,-53.38,-57.08,-45.75,-58.97,2026-07-02 06:12:03+00:00
2026-07-02T06:13:04+00:00,-48.75,-63.48,-60.15,-56.11,-65.70,-46.58,-50.16,-50.13,-50.74,-45.06,-52.88,-59.33,-54.80,-53.64,-56.86,-45.77,-56.61,2026-07-02 06:13:04+00:00
2026-07-02T06:14:03+00:00,-49.10,-64.40,-55.34,-55.94,-65.81,-46.43,-49.83,-49.79,-50.05,-45.33,-53.30,-60.13,-53.55,-53.78,-56.24,-45.44,-56.56,2026-07-02 06:14:03+00:00
2026-07-02T06:15:03+00:00,-49.38,-65.14,-55.28,-56.33,-65.17,-46.24,-50.41,-50.03,-50.29,-45.42,-54.38,-59.85,-53.43,-53.52,-56.75,-45.76,-58.87,2026-07-02 06:15:03+00:00
2026-07-02T06:16:04+00:00,-49.12,-65.56,-65.42,-54.36,-65.73,-46.02,-51.68,-50.13,-52.48,-45.60,-54.65,-60.60,-57.64,-53.57,-56.71,-45.30,-58.01,2026-07-02 06:16:04+00:00
2026-07-02T06:17:03+00:00,-48.92,-63.75,-65.78,-56.25,-66.11,-46.45,-52.32,-50.06,-52.46,-45.57,-54.63,-60.40,-57.45,-53.61,-56.61,-45.31,-58.83,2026-07-02 06:17:03+00:00
2026-07-02T06:18:03+00:00,-49.51,-65.39,-57.40,-55.75,-65.49,-46.26,-50.07,-50.13,-50.43,-45.69,-54.23,-59.42,-54.41,-53.80,-54.78,-45.16,-58.40,2026-07-02 06:18:03+00:00
2026-07-02T06:19:04+00:00,-48.97,-64.76,-65.47,-56.06,-66.04,-46.60,-53.63,-50.25,-52.33,-45.62,-54.64,-60.35,-57.53,-53.82,-57.13,-45.17,-58.48,2026-07-02 06:19:04+00:00
2026-07-02T06:20:03+00:00,-53.67,-63.69,-63.13,-55.59,-65.86,-46.53,-52.77,-50.04,-52.82,-45.67,-54.48,-59.64,-57.35,-53.72,-57.43,-45.14,-55.73,2026-07-02 06:20:03+00:00
2026-07-02T06:21:03+00:00,-53.39,-65.85,-66.47,-56.20,-66.38,-46.57,-53.30,-50.28,-53.08,-45.43,-55.12,-61.18,-57.53,-54.27,-57.37,-45.00,-59.59,2026-07-02 06:21:03+00:00
2026-07-02T06:22:04+00:00,-53.60,-66.24,-66.57,-55.70,-67.08,-46.70,-53.50,-50.37,-53.10,-45.43,-55.09,-61.06,-57.73,-53.95,-57.21,-45.07,-60.39,2026-07-02 06:22:04+00:00
2026-07-02T06:23:04+00:00,-53.01,-65.58,-68.05,-56.09,-66.63,-46.78,-53.25,-50.45,-53.02,-45.41,-55.01,-61.31,-57.93,-53.45,-57.44,-45.09,-60.58,2026-07-02 06:23:04+00:00
2026-07-02T06:24:03+00:00,-53.12,-62.76,-59.74,-55.57,-65.93,-46.77,-50.43,-48.07,-52.69,-45.20,-54.83,-59.85,-56.97,-52.96,-56.95,-45.04,-56.84,2026-07-02 06:24:03+00:00
2026-07-02T06:25:04+00:00,-53.50,-64.28,-57.86,-56.11,-66.17,-46.68,-50.70,-49.83,-58.31,-45.57,-54.79,-60.58,-57.51,-52.84,-57.21,-45.00,-57.67,2026-07-02 06:25:04+00:00
2026-07-02T06:26:03+00:00,-53.33,-65.37,-57.95,-55.94,-66.86,-46.83,-51.01,-49.82,-58.61,-45.53,-55.39,-61.11,-57.76,-52.63,-57.36,-44.93,-59.38,2026-07-02 06:26:03+00:00
2026-07-02T06:27:03+00:00,-52.68,-64.70,-60.38,-54.65,-66.28,-46.72,-50.04,-47.91,-58.17,-45.43,-54.22,-60.74,-57.53,-52.29,-57.23,-45.07,-56.74,2026-07-02 06:27:03+00:00
2026-07-02T06:28:04+00:00,-52.32,-65.60,-65.75,-56.05,-65.91,-47.05,-50.06,-50.33,-57.98,-45.57,-54.83,-60.82,-57.94,-52.50,-57.05,-45.09,-58.41,2026-07-02 06:28:04+00:00
2026-07-02T06:29:04+00:00,-52.22,-64.93,-64.38,-55.70,-66.84,-47.01,-50.45,-50.34,-57.87,-45.39,-54.86,-60.66,-57.68,-52.84,-56.92,-45.06,-57.67,2026-07-02 06:29:04+00:00
2026-07-02T06:30:03+00:00,-51.86,-64.28,-65.01,-55.74,-65.61,-47.02,-50.75,-50.29,-57.89,-45.41,-54.93,-60.70,-57.66,-52.70,-56.60,-45.02,-58.32,2026-07-02 06:30:03+00:00
2026-07-02T06:31:03+00:00,-52.78,-65.05,-52.37,-55.38,-65.08,-46.60,-49.78,-50.27,-52.14,-45.56,-55.41,-59.15,-56.89,-52.94,-54.66,-45.10,-58.56,2026-07-02 06:31:03+00:00
2026-07-02T06:32:03+00:00,-53.85,-65.07,-65.73,-55.62,-65.97,-46.76,-51.15,-50.36,-52.44,-45.61,-55.07,-61.25,-57.76,-53.33,-56.93,-44.83,-59.18,2026-07-02 06:32:03+00:00
2026-07-02T06:33:04+00:00,-52.44,-64.33,-65.55,-56.23,-66.60,-46.78,-52.00,-50.48,-52.45,-45.42,-55.24,-61.06,-57.50,-53.46,-56.78,-44.97,-58.93,2026-07-02 06:33:04+00:00
2026-07-02T06:34:03+00:00,-52.26,-64.14,-57.14,-55.80,-66.22,-46.36,-50.11,-50.26,-50.39,-45.40,-55.35,-59.35,-54.40,-53.51,-54.69,-45.01,-57.48,2026-07-02 06:34:03+00:00
2026-07-02T06:35:03+00:00,-52.94,-64.45,-59.47,-56.08,-65.55,-46.62,-50.99,-50.46,-51.27,-45.35,-55.48,-60.21,-55.82,-53.71,-55.16,-44.76,-57.29,2026-07-02 06:35:03+00:00
2026-07-02T06:36:03+00:00,-52.95,-65.58,-65.29,-56.08,-66.26,-47.91,-51.15,-50.50,-52.82,-45.34,-55.84,-61.66,-57.44,-53.37,-55.91,-44.89,-59.07,2026-07-02 06:36:03+00:00
2026-07-02T06:37:04+00:00,-53.59,-64.89,-65.65,-55.92,-56.43,-48.52,-54.17,-50.63,-52.12,-45.46,-55.79,-60.64,-54.11,-53.84,-57.04,-44.92,-58.68,2026-07-02 06:37:04+00:00
2026-07-02T06:38:03+00:00,-53.09,-63.44,-63.81,-54.01,-65.61,-48.62,-51.23,-50.51,-52.44,-45.39,-55.58,-60.41,-56.77,-53.37,-56.75,-44.85,-57.10,2026-07-02 06:38:03+00:00
2026-07-02T06:39:03+00:00,-52.88,-63.66,-53.45,-55.11,-65.60,-48.40,-50.65,-50.20,-51.51,-45.46,-53.75,-60.16,-52.43,-53.39,-56.40,-44.85,-56.94,2026-07-02 06:39:03+00:00
2026-07-02T06:40:04+00:00,-53.51,-65.14,-65.09,-50.48,-65.72,-48.52,-49.68,-47.40,-51.21,-45.37,-55.01,-60.93,-56.84,-52.09,-56.57,-44.71,-58.17,2026-07-02 06:40:04+00:00
2026-07-02T06:41:03+00:00,-53.49,-62.97,-54.61,-55.64,-66.62,-48.40,-50.91,-50.24,-51.49,-45.40,-54.50,-59.56,-53.25,-53.51,-56.25,-44.76,-56.86,2026-07-02 06:41:03+00:00
2026-07-02T06:42:03+00:00,-54.06,-63.22,-64.60,-55.45,-65.89,-48.36,-52.20,-50.39,-53.18,-45.26,-55.20,-61.32,-57.54,-53.48,-56.75,-44.83,-59.18,2026-07-02 06:42:03+00:00
2026-07-02T06:43:04+00:00,-53.33,-63.88,-66.14,-53.27,-65.39,-48.09,-52.41,-50.71,-53.21,-45.24,-55.03,-61.42,-57.45,-53.91,-56.90,-44.92,-58.82,2026-07-02 06:43:04+00:00
2026-07-02T06:44:04+00:00,-52.97,-63.56,-64.58,-54.69,-65.64,-47.74,-52.56,-50.75,-53.00,-45.18,-54.80,-61.01,-56.89,-53.66,-56.80,-44.99,-56.62,2026-07-02 06:44:04+00:00
2026-07-02T06:45:03+00:00,-53.57,-62.99,-64.38,-54.87,-66.21,-47.68,-52.28,-50.69,-53.08,-45.24,-55.04,-60.69,-57.09,-53.90,-56.85,-45.08,-57.09,2026-07-02 06:45:03+00:00
2026-07-02T06:46:04+00:00,-53.51,-63.80,-64.73,-55.11,-65.04,-47.61,-52.58,-50.65,-56.60,-45.28,-54.94,-61.27,-57.04,-54.53,-57.10,-44.98,-58.07,2026-07-02 06:46:04+00:00
2026-07-02T06:47:04+00:00,-52.50,-62.62,-65.16,-55.07,-65.95,-47.61,-51.82,-50.79,-56.81,-45.23,-54.66,-61.47,-57.03,-54.59,-56.67,-45.19,-56.95,2026-07-02 06:47:04+00:00
2026-07-02T06:48:03+00:00,-52.99,-63.37,-64.33,-55.03,-65.94,-47.65,-52.02,-50.70,-56.65,-44.89,-55.41,-60.95,-57.18,-54.79,-56.96,-45.16,-58.47,2026-07-02 06:48:03+00:00
2026-07-02T06:49:04+00:00,-51.95,-64.50,-65.08,-55.31,-65.43,-47.65,-51.50,-50.71,-56.42,-44.97,-55.51,-61.58,-57.44,-55.33,-56.98,-45.23,-59.00,2026-07-02 06:49:04+00:00
2026-07-02T06:50:04+00:00,-49.84,-64.16,-64.93,-54.76,-66.22,-47.54,-51.65,-50.58,-54.71,-45.02,-55.29,-61.25,-57.20,-55.02,-56.47,-45.07,-57.58,2026-07-02 06:50:04+00:00
2026-07-02T06:51:03+00:00,-48.78,-64.78,-65.27,-52.05,-66.15,-47.62,-52.29,-50.82,-54.95,-45.11,-55.29,-61.34,-57.29,-55.37,-56.14,-44.89,-58.49,2026-07-02 06:51:03+00:00
2026-07-02T06:52:04+00:00,-49.68,-63.77,-65.21,-55.47,-64.65,-47.51,-51.45,-50.67,-54.68,-45.20,-55.26,-61.08,-57.25,-55.35,-55.32,-44.69,-58.10,2026-07-02 06:52:04+00:00
2026-07-02T06:53:04+00:00,-49.31,-63.93,-63.40,-55.65,-64.45,-47.64,-51.87,-50.62,-55.06,-45.16,-55.00,-59.54,-56.97,-55.04,-54.77,-44.78,-55.68,2026-07-02 06:53:04+00:00
2026-07-02T06:54:03+00:00,-49.29,-63.76,-64.24,-55.87,-65.68,-47.44,-53.26,-50.57,-51.70,-45.08,-55.04,-60.99,-57.19,-54.20,-56.69,-44.73,-58.00,2026-07-02 06:54:03+00:00
2026-07-02T06:55:04+00:00,-49.72,-62.30,-64.74,-55.24,-65.13,-47.77,-52.54,-50.59,-51.44,-45.06,-55.04,-61.11,-56.75,-54.41,-56.44,-45.00,-56.13,2026-07-02 06:55:04+00:00
2026-07-02T06:56:04+00:00,-49.15,-64.35,-65.19,-56.59,-66.00,-47.54,-52.82,-50.65,-51.31,-45.24,-55.37,-58.16,-55.11,-54.21,-56.18,-45.17,-57.51,2026-07-02 06:56:04+00:00
2026-07-02T06:57:03+00:00,-49.13,-65.10,-64.02,-56.35,-65.84,-47.80,-52.49,-50.71,-51.28,-45.16,-55.44,-61.28,-56.01,-54.46,-56.51,-45.22,-57.97,2026-07-02 06:57:03+00:00
2026-07-02T06:58:04+00:00,-49.13,-64.86,-64.62,-56.34,-64.64,-47.60,-52.98,-50.68,-51.30,-45.18,-55.47,-61.44,-56.32,-54.79,-56.90,-45.28,-58.63,2026-07-02 06:58:04+00:00
2026-07-02T06:59:04+00:00,-49.30,-64.13,-56.47,-56.16,-65.52,-47.62,-49.69,-48.80,-51.41,-45.06,-55.50,-60.56,-57.05,-54.53,-55.58,-45.23,-58.52,2026-07-02 06:59:04+00:00
2026-07-02T07:00:03+00:00,-48.74,-62.02,-64.76,-57.30,-66.21,-47.25,-50.68,-50.63,-51.53,-45.41,-54.82,-61.70,-57.27,-54.84,-55.27,-45.19,-57.92,2026-07-02 07:00:03+00:00
2026-07-02T07:01:03+00:00,-48.58,-64.48,-64.42,-56.31,-65.08,-47.21,-49.59,-50.22,-52.43,-47.76,-56.36,-61.58,-57.39,-54.92,-56.27,-44.92,-57.61,2026-07-02 07:01:03+00:00
2026-07-02T07:02:03+00:00,-49.28,-64.47,-57.43,-56.80,-65.21,-46.15,-49.88,-50.29,-52.52,-58.39,-56.61,-61.74,-57.29,-55.75,-56.73,-45.21,-57.29,2026-07-02 07:02:03+00:00
2026-07-02T07:03:03+00:00,-49.08,-65.00,-65.78,-56.05,-65.45,-46.05,-51.32,-50.67,-52.54,-58.48,-56.73,-62.17,-57.48,-56.10,-56.06,-45.07,-59.43,2026-07-02 07:03:03+00:00
2026-07-02T07:04:04+00:00,-48.84,-64.60,-64.27,-56.56,-66.16,-46.00,-51.64,-50.65,-52.28,-57.82,-56.59,-61.14,-57.03,-56.30,-56.70,-44.99,-58.19,2026-07-02 07:04:04+00:00
2026-07-02T07:05:04+00:00,-51.18,-64.47,-59.74,-52.26,-65.32,-46.05,-50.12,-50.45,-51.85,-58.21,-54.77,-61.10,-53.84,-55.88,-55.37,-45.05,-57.52,2026-07-02 07:05:04+00:00
2026-07-02T07:06:03+00:00,-50.68,-62.71,-62.64,-50.64,-66.17,-46.02,-49.83,-47.57,-50.45,-54.33,-55.03,-60.55,-55.51,-53.83,-56.18,-44.58,-54.43,2026-07-02 07:06:03+00:00
2026-07-02T07:07:04+00:00,-51.45,-64.26,-63.79,-45.27,-66.28,-46.35,-49.97,-48.83,-52.09,-56.46,-56.30,-61.25,-56.50,-54.23,-56.31,-44.54,-58.59,2026-07-02 07:07:04+00:00
2026-07-02T07:08:04+00:00,-53.12,-64.43,-65.32,-45.31,-66.16,-46.11,-49.85,-48.68,-52.10,-56.52,-56.26,-61.76,-56.60,-54.35,-56.38,-44.42,-59.39,2026-07-02 07:08:04+00:00
2026-07-02T07:09:03+00:00,-50.78,-63.53,-62.33,-50.39,-66.07,-46.46,-49.62,-48.07,-53.36,-55.17,-56.10,-60.81,-56.00,-53.79,-55.88,-44.57,-56.85,2026-07-02 07:09:03+00:00
2026-07-02T07:10:04+00:00,-52.57,-63.18,-63.65,-50.37,-66.15,-46.51,-49.75,-47.80,-53.26,-55.17,-56.27,-60.68,-56.32,-53.76,-56.24,-44.63,-57.90,2026-07-02 07:10:04+00:00
2026-07-02T07:11:04+00:00,-50.75,-62.63,-63.41,-50.43,-66.14,-46.62,-49.71,-47.95,-53.26,-55.97,-56.48,-61.15,-56.68,-53.51,-55.98,-44.68,-58.05,2026-07-02 07:11:04+00:00
2026-07-02T07:12:03+00:00,-51.93,-63.46,-63.97,-50.33,-65.51,-46.70,-50.04,-47.96,-53.23,-55.94,-57.57,-61.00,-56.21,-53.49,-55.83,-44.75,-55.70,2026-07-02 07:12:03+00:00
2026-07-02T07:13:04+00:00,-51.82,-64.63,-65.32,-50.71,-66.34,-46.23,-49.91,-47.55,-53.00,-55.84,-57.52,-61.78,-56.67,-53.56,-56.49,-44.82,-58.72,2026-07-02 07:13:04+00:00
2026-07-02T07:14:04+00:00,-51.82,-62.76,-64.71,-47.92,-66.23,-46.98,-50.30,-48.08,-54.07,-55.56,-47.08,-61.23,-56.68,-53.53,-56.79,-44.88,-55.28,2026-07-02 07:14:04+00:00
2026-07-02T07:15:03+00:00,-52.32,-64.06,-65.08,-44.74,-65.65,-47.08,-50.01,-48.28,-56.11,-57.80,-58.31,-61.77,-56.59,-54.12,-56.54,-44.77,-58.92,2026-07-02 07:15:03+00:00
2026-07-02T07:16:03+00:00,-53.59,-62.20,-62.63,-53.55,-66.43,-46.85,-52.18,-50.75,-52.20,-57.81,-57.80,-60.58,-56.82,-55.44,-56.23,-44.84,-57.07,2026-07-02 07:16:03+00:00
2026-07-02T07:17:04+00:00,-52.09,-62.99,-64.90,-56.01,-64.51,-46.99,-52.04,-50.81,-52.41,-58.13,-57.45,-60.99,-56.87,-57.08,-55.30,-44.99,-55.75,2026-07-02 07:17:04+00:00
2026-07-02T07:18:03+00:00,-52.96,-63.26,-65.63,-56.36,-65.74,-47.42,-52.51,-50.91,-52.57,-56.85,-56.76,-61.33,-57.19,-58.98,-55.80,-45.37,-59.84,2026-07-02 07:18:03+00:00
2026-07-02T07:19:03+00:00,-52.55,-63.08,-65.77,-56.37,-64.87,-47.31,-52.02,-50.92,-52.61,-58.24,-57.29,-61.50,-57.07,-61.66,-55.88,-46.04,-59.68,2026-07-02 07:19:03+00:00
2026-07-02T07:20:04+00:00,-54.28,-63.95,-62.23,-56.35,-65.95,-46.89,-50.97,-50.72,-52.24,-57.99,-57.16,-60.91,-56.63,-62.75,-56.07,-46.37,-58.86,2026-07-02 07:20:04+00:00
2026-07-02T07:21:03+00:00,-54.01,-64.23,-55.32,-56.41,-65.63,-46.52,-49.92,-50.83,-51.10,-58.21,-56.98,-59.66,-54.83,-58.90,-49.13,-47.92,-57.87,2026-07-02 07:21:03+00:00
2026-07-02T07:22:03+00:00,-53.96,-64.54,-64.48,-55.86,-65.99,-46.73,-49.78,-46.39,-52.60,-53.53,-56.75,-61.02,-56.75,-55.79,-56.21,-49.19,-58.08,2026-07-02 07:22:03+00:00
2026-07-02T07:23:04+00:00,-54.69,-62.67,-65.15,-55.18,-65.12,-46.87,-49.66,-45.48,-52.59,-54.89,-56.11,-61.39,-56.82,-54.82,-56.22,-50.13,-58.48,2026-07-02 07:23:04+00:00
2026-07-02T07:24:03+00:00,-54.43,-64.72,-50.58,-56.31,-66.07,-46.85,-49.33,-50.83,-53.08,-58.09,-57.21,-59.55,-56.96,-53.81,-56.13,-50.33,-59.44,2026-07-02 07:24:03+00:00
2026-07-02T07:25:03+00:00,-54.18,-64.18,-50.65,-56.45,-66.44,-46.82,-50.09,-50.87,-53.13,-56.39,-53.01,-59.59,-56.98,-54.02,-55.91,-50.14,-56.17,2026-07-02 07:25:03+00:00
2026-07-02T07:26:04+00:00,-53.76,-61.56,-50.14,-55.86,-65.79,-46.49,-49.17,-50.81,-52.88,-51.52,-37.58,-58.87,-56.76,-54.40,-55.77,-50.12,-54.36,2026-07-02 07:26:04+00:00
2026-07-02T07:27:03+00:00,-54.41,-63.22,-50.00,-54.74,-66.17,-46.57,-49.85,-50.94,-52.89,-58.13,-57.81,-57.55,-56.97,-54.56,-55.24,-49.96,-58.82,2026-07-02 07:27:03+00:00
2026-07-02T07:28:03+00:00,-54.87,-64.34,-50.36,-54.61,-64.93,-46.55,-50.31,-50.95,-52.94,-58.40,-57.58,-57.80,-56.72,-55.01,-55.34,-49.94,-58.65,2026-07-02 07:28:03+00:00
2026-07-02T07:29:04+00:00,-51.50,-64.06,-65.15,-56.75,-65.57,-47.02,-52.82,-51.15,-53.11,-58.13,-57.68,-61.22,-57.20,-55.26,-56.03,-50.14,-58.56,2026-07-02 07:29:04+00:00
2026-07-02T07:30:03+00:00,-51.85,-64.34,-64.56,-57.01,-66.97,-47.11,-52.78,-51.14,-52.67,-56.63,-52.46,-61.31,-57.37,-55.61,-55.65,-49.97,-57.25,2026-07-02 07:30:03+00:00
2026-07-02T07:31:03+00:00,-51.10,-63.23,-63.93,-56.89,-66.28,-46.83,-53.13,-51.04,-56.51,-57.64,-57.06,-60.82,-56.91,-55.43,-55.90,-50.16,-58.99,2026-07-02 07:31:03+00:00
2026-07-02T07:32:03+00:00,-51.20,-62.16,-64.33,-56.99,-65.91,-47.07,-52.03,-51.11,-56.75,-56.23,-41.70,-61.25,-57.10,-56.32,-56.26,-49.61,-54.74,2026-07-02 07:32:03+00:00
2026-07-02T07:33:03+00:00,-51.29,-61.84,-64.33,-57.24,-66.60,-48.36,-52.85,-51.07,-56.75,-58.11,-57.39,-61.05,-57.14,-56.80,-56.40,-49.54,-59.58,2026-07-02 07:33:03+00:00
2026-07-02T07:34:04+00:00,-53.03,-63.64,-57.24,-57.54,-66.08,-48.12,-50.06,-50.50,-56.67,-57.84,-57.38,-61.32,-56.74,-56.62,-55.71,-49.42,-57.37,2026-07-02 07:34:04+00:00
2026-07-02T07:35:04+00:00,-49.86,-62.30,-57.38,-57.14,-66.02,-48.22,-51.14,-50.31,-55.15,-57.54,-56.80,-60.50,-56.94,-56.06,-55.78,-49.54,-56.62,2026-07-02 07:35:04+00:00
2026-07-02T07:36:03+00:00,-49.36,-62.89,-57.41,-57.92,-66.19,-47.72,-50.57,-50.34,-54.70,-57.27,-56.69,-60.83,-57.06,-55.58,-55.82,-49.86,-58.76,2026-07-02 07:36:03+00:00
2026-07-02T07:37:03+00:00,-48.30,-62.33,-63.33,-56.58,-65.66,-47.66,-49.89,-47.51,-54.57,-54.66,-56.19,-60.24,-56.79,-54.12,-55.70,-49.72,-57.81,2026-07-02 07:37:03+00:00
2026-07-02T07:38:04+00:00,-49.01,-62.63,-63.64,-57.84,-66.40,-47.95,-49.81,-50.80,-54.92,-57.80,-56.56,-60.58,-56.86,-54.23,-55.82,-49.72,-58.88,2026-07-02 07:38:04+00:00
2026-07-02T07:39:04+00:00,-48.96,-62.64,-63.36,-57.73,-66.13,-48.50,-50.34,-50.63,-51.41,-57.35,-56.22,-60.37,-56.90,-54.10,-55.79,-49.87,-58.68,2026-07-02 07:39:04+00:00
2026-07-02T07:40:03+00:00,-48.67,-62.97,-62.88,-58.03,-66.27,-47.59,-50.51,-50.77,-51.40,-57.55,-56.16,-60.41,-56.96,-53.82,-56.24,-49.97,-59.00,2026-07-02 07:40:03+00:00
2026-07-02T07:41:04+00:00,-49.06,-61.29,-51.81,-57.18,-65.78,-47.31,-50.46,-50.51,-50.68,-57.45,-56.20,-58.23,-55.11,-53.95,-53.46,-50.07,-56.29,2026-07-02 07:41:04+00:00
2026-07-02T07:42:03+00:00,-49.52,-63.79,-63.31,-58.21,-66.55,-47.73,-50.60,-50.86,-51.20,-57.53,-56.57,-59.98,-56.18,-54.39,-55.63,-50.10,-59.17,2026-07-02 07:42:03+00:00
2026-07-02T07:43:03+00:00,-49.06,-59.68,-61.95,-57.92,-66.02,-47.64,-51.18,-50.80,-51.09,-57.21,-56.30,-59.46,-55.91,-54.53,-55.70,-49.89,-55.52,2026-07-02 07:43:03+00:00
2026-07-02T07:44:04+00:00,-48.89,-62.68,-63.77,-57.96,-66.94,-47.64,-50.64,-50.79,-51.27,-55.87,-41.48,-60.23,-55.99,-55.13,-56.28,-50.07,-55.04,2026-07-02 07:44:04+00:00
2026-07-02T07:45:03+00:00,-49.15,-59.97,-60.50,-57.54,-66.19,-47.50,-50.71,-50.76,-51.51,-57.19,-56.17,-59.50,-54.80,-55.30,-56.00,-49.41,-59.09,2026-07-02 07:45:03+00:00
2026-07-02T07:46:03+00:00,-49.19,-62.15,-55.37,-56.88,-65.71,-47.65,-50.61,-50.89,-51.05,-57.59,-55.47,-60.58,-52.91,-55.51,-54.51,-50.00,-58.17,2026-07-02 07:46:03+00:00
2026-07-02T07:47:04+00:00,-49.69,-60.64,-64.30,-50.57,-64.75,-47.73,-49.44,-47.53,-50.69,-54.69,-48.70,-60.84,-56.41,-53.82,-55.71,-50.08,-55.94,2026-07-02 07:47:04+00:00
2026-07-02T07:48:03+00:00,-49.33,-61.05,-64.19,-51.08,-65.82,-47.78,-49.56,-47.78,-50.74,-55.31,-56.51,-60.81,-56.41,-53.69,-55.39,-49.88,-59.24,2026-07-02 07:48:03+00:00
2026-07-02T07:49:03+00:00,-49.51,-60.90,-63.14,-51.10,-65.52,-47.81,-49.27,-47.48,-50.54,-54.20,-41.85,-60.33,-56.28,-53.78,-55.64,-49.51,-54.40,2026-07-02 07:49:03+00:00
2026-07-02T07:50:04+00:00,-51.49,-63.28,-63.72,-44.91,-66.38,-47.79,-49.33,-48.91,-52.33,-56.94,-56.15,-60.82,-56.07,-54.45,-55.68,-49.47,-59.57,2026-07-02 07:50:04+00:00
2026-07-02T07:51:03+00:00,-53.39,-62.89,-63.76,-51.19,-65.82,-47.72,-49.63,-47.67,-50.83,-55.28,-56.35,-61.16,-56.56,-53.88,-55.98,-49.45,-59.43,2026-07-02 07:51:03+00:00
2026-07-02T07:52:03+00:00,-53.09,-63.51,-64.39,-51.09,-66.29,-47.81,-49.76,-47.72,-50.90,-55.36,-56.36,-61.54,-56.55,-53.95,-55.63,-49.30,-59.60,2026-07-02 07:52:03+00:00
2026-07-02T07:53:04+00:00,-52.90,-63.13,-63.68,-51.06,-65.71,-47.96,-49.44,-47.82,-50.94,-54.50,-48.50,-61.12,-56.14,-53.98,-55.94,-49.18,-54.46,2026-07-02 07:53:04+00:00
2026-07-02T07:54:03+00:00,-53.09,-63.81,-64.06,-51.14,-66.69,-47.76,-49.44,-47.57,-53.04,-55.31,-56.48,-60.84,-56.56,-54.04,-55.59,-49.06,-59.72,2026-07-02 07:54:03+00:00
2026-07-02T07:55:03+00:00,-52.23,-64.02,-64.17,-51.11,-65.80,-47.62,-49.60,-47.66,-53.08,-55.37,-56.39,-60.99,-56.33,-54.04,-55.83,-49.16,-59.81,2026-07-02 07:55:03+00:00
2026-07-02T07:56:04+00:00,-53.50,-63.42,-63.75,-51.02,-66.32,-47.73,-49.25,-47.73,-52.86,-55.22,-56.24,-60.38,-56.41,-54.14,-55.82,-49.14,-59.57,2026-07-02 07:56:04+00:00
2026-07-02T07:57:04+00:00,-53.44,-63.59,-63.75,-45.21,-65.84,-47.04,-49.56,-49.89,-55.04,-57.04,-54.90,-60.27,-56.15,-55.41,-55.73,-48.77,-58.78,2026-07-02 07:57:04+00:00
2026-07-02T07:58:03+00:00,-53.71,-62.57,-63.16,-45.34,-65.02,-47.09,-49.94,-49.94,-54.77,-55.71,-55.86,-60.12,-55.96,-55.46,-55.32,-48.83,-59.17,2026-07-02 07:58:03+00:00
2026-07-02T07:59:04+00:00,-53.73,-62.71,-54.38,-57.35,-66.63,-46.11,-49.79,-50.99,-53.35,-50.15,-54.36,-59.89,-52.87,-56.77,-55.35,-48.73,-58.96,2026-07-02 07:59:04+00:00
2026-07-02T08:00:04+00:00,-54.61,-63.96,-64.42,-51.77,-65.74,-44.49,-51.30,-51.23,-57.83,-47.16,-56.58,-60.59,-56.76,-56.83,-54.43,-48.58,-59.92,2026-07-02 08:00:04+00:00
2026-07-02T08:01:04+00:00,-53.81,-63.22,-64.36,-57.53,-66.28,-44.49,-51.57,-50.89,-52.63,-46.57,-56.71,-60.06,-57.00,-56.96,-55.58,-48.90,-58.65,2026-07-02 08:01:04+00:00
2026-07-02T08:02:03+00:00,-52.03,-62.66,-63.77,-57.99,-66.10,-44.56,-51.18,-50.95,-52.53,-45.89,-56.58,-60.29,-56.94,-57.46,-55.71,-48.85,-59.29,2026-07-02 08:02:03+00:00
2026-07-02T08:03:04+00:00,-54.24,-64.06,-64.71,-57.51,-65.67,-44.49,-51.18,-51.03,-52.55,-45.74,-56.52,-60.63,-56.95,-57.82,-55.79,-48.96,-59.99,2026-07-02 08:03:04+00:00
2026-07-02T08:04:04+00:00,-53.58,-62.49,-64.47,-58.23,-65.44,-44.51,-52.64,-50.99,-52.65,-45.69,-56.40,-57.46,-56.94,-57.55,-54.75,-48.94,-57.40,2026-07-02 08:04:04+00:00
2026-07-02T08:05:03+00:00,-53.91,-63.28,-64.52,-58.27,-66.24,-44.55,-52.16,-51.14,-52.80,-45.46,-56.36,-61.30,-57.00,-56.40,-55.25,-48.90,-58.28,2026-07-02 08:05:03+00:00
2026-07-02T08:06:03+00:00,-53.49,-62.93,-63.94,-57.77,-62.40,-44.45,-52.02,-50.92,-52.42,-45.57,-56.45,-60.85,-55.90,-57.23,-55.76,-49.12,-57.12,2026-07-02 08:06:03+00:00
2026-07-02T08:07:04+00:00,-54.05,-63.91,-64.00,-58.37,-65.31,-44.53,-52.55,-51.07,-52.27,-45.51,-56.54,-58.53,-55.20,-56.75,-55.64,-49.10,-59.29,2026-07-02 08:07:04+00:00
2026-07-02T08:08:04+00:00,-53.82,-63.81,-65.04,-58.44,-65.75,-44.47,-52.57,-50.99,-52.47,-45.60,-56.79,-56.51,-55.88,-56.70,-55.61,-48.73,-59.86,2026-07-02 08:08:04+00:00
2026-07-02T08:09:03+00:00,-53.05,-62.39,-63.91,-58.42,-65.37,-44.50,-51.60,-50.80,-52.94,-45.57,-56.36,-54.98,-56.39,-56.01,-55.65,-49.04,-59.17,2026-07-02 08:09:03+00:00
2026-07-02T08:10:04+00:00,-52.18,-63.31,-64.05,-58.16,-65.05,-44.67,-52.30,-50.78,-53.13,-45.47,-56.64,-55.31,-56.36,-55.98,-55.40,-49.02,-59.40,2026-07-02 08:10:04+00:00
2026-07-02T08:11:04+00:00,-53.65,-62.72,-63.97,-58.51,-66.14,-44.82,-52.33,-50.68,-53.08,-45.27,-56.26,-56.62,-56.56,-56.12,-54.26,-49.01,-59.30,2026-07-02 08:11:04+00:00
2026-07-02T08:12:03+00:00,-53.10,-61.82,-64.14,-58.36,-59.77,-45.52,-52.40,-50.37,-52.48,-45.39,-56.34,-60.60,-54.96,-56.11,-53.70,-49.42,-58.75,2026-07-02 08:12:03+00:00
2026-07-02T08:13:04+00:00,-52.70,-64.38,-65.17,-57.94,-66.38,-45.49,-51.90,-50.45,-53.18,-45.38,-56.38,-60.85,-57.10,-55.50,-53.75,-49.13,-58.88,2026-07-02 08:13:04+00:00
2026-07-02T08:14:04+00:00,-51.42,-62.36,-64.05,-58.22,-66.52,-44.83,-51.72,-50.24,-52.91,-45.58,-56.17,-56.94,-56.28,-56.07,-54.42,-49.38,-58.35,2026-07-02 08:14:04+00:00
2026-07-02T08:15:03+00:00,-51.32,-63.40,-63.87,-52.84,-65.49,-44.81,-51.18,-50.32,-51.84,-45.64,-56.20,-61.46,-56.95,-55.89,-54.47,-49.19,-58.98,2026-07-02 08:15:03+00:00
2026-07-02T08:16:04+00:00,-54.40,-63.34,-64.41,-56.77,-66.10,-44.86,-50.90,-50.33,-55.94,-45.66,-55.97,-60.53,-56.75,-56.65,-55.04,-49.44,-59.20,2026-07-02 08:16:04+00:00
2026-07-02T08:17:04+00:00,-52.52,-62.63,-62.95,-58.46,-65.87,-44.89,-50.57,-50.36,-55.36,-45.64,-55.66,-58.68,-55.81,-56.44,-54.94,-48.69,-58.54,2026-07-02 08:17:04+00:00
2026-07-02T08:18:03+00:00,-53.69,-63.67,-56.92,-56.05,-65.20,-44.93,-50.03,-50.32,-53.41,-45.46,-53.70,-59.25,-52.78,-56.61,-53.72,-49.06,-59.16,2026-07-02 08:18:03+00:00
2026-07-02T08:19:04+00:00,-54.07,-62.31,-62.68,-45.71,-66.24,-44.86,-49.97,-49.51,-53.68,-45.28,-55.92,-58.20,-56.09,-55.21,-54.97,-49.18,-58.29,2026-07-02 08:19:04+00:00
2026-07-02T08:20:04+00:00,-49.18,-63.40,-62.39,-50.59,-66.48,-44.84,-50.13,-50.30,-53.73,-45.50,-55.66,-57.87,-55.09,-55.46,-55.27,-48.98,-58.43,2026-07-02 08:20:04+00:00
2026-07-02T08:21:03+00:00,-48.33,-63.01,-62.74,-49.45,-66.04,-44.87,-49.56,-50.23,-53.56,-45.28,-55.72,-58.66,-55.29,-54.82,-54.75,-49.01,-59.25,2026-07-02 08:21:03+00:00
2026-07-02T08:22:04+00:00,-49.17,-62.41,-63.41,-50.67,-66.83,-44.90,-49.37,-47.30,-51.59,-45.34,-55.90,-58.85,-56.45,-53.08,-54.96,-48.88,-58.78,2026-07-02 08:22:04+00:00
2026-07-02T08:23:04+00:00,-48.94,-62.06,-62.51,-49.45,-65.66,-44.78,-49.56,-48.83,-52.71,-45.40,-55.86,-58.76,-55.69,-54.29,-55.18,-48.87,-58.06,2026-07-02 08:23:04+00:00
2026-07-02T08:24:03+00:00,-48.55,-62.21,-52.16,-57.20,-66.18,-44.77,-49.89,-50.39,-49.75,-45.26,-55.81,-59.50,-52.26,-55.27,-55.17,-49.06,-58.89,2026-07-02 08:24:03+00:00
2026-07-02T08:25:04+00:00,-49.46,-62.14,-53.31,-57.55,-66.31,-44.56,-49.73,-50.34,-49.80,-45.30,-56.22,-59.12,-52.96,-54.77,-54.89,-48.98,-58.31,2026-07-02 08:25:04+00:00
2026-07-02T08:26:04+00:00,-49.51,-62.58,-58.78,-57.74,-65.86,-47.61,-50.50,-50.62,-50.56,-45.22,-56.22,-59.93,-53.96,-54.82,-54.77,-49.04,-57.79,2026-07-02 08:26:04+00:00
2026-07-02T08:27:03+00:00,-48.55,-62.90,-63.90,-54.69,-66.86,-47.75,-52.00,-50.53,-51.58,-45.41,-56.36,-60.95,-56.81,-54.23,-55.06,-49.03,-58.26,2026-07-02 08:27:03+00:00
2026-07-02T08:28:03+00:00,-49.04,-62.07,-55.35,-57.80,-65.85,-47.68,-49.05,-50.37,-51.57,-45.56,-56.32,-59.57,-56.95,-54.51,-54.91,-48.81,-56.26,2026-07-02 08:28:03+00:00
2026-07-02T08:29:04+00:00,-49.19,-63.93,-65.65,-56.64,-66.15,-47.82,-48.94,-44.83,-51.51,-45.24,-56.26,-59.10,-56.62,-54.54,-55.04,-49.05,-58.69,2026-07-02 08:29:04+00:00
2026-07-02T08:30:03+00:00,-49.26,-63.86,-51.21,-58.36,-65.82,-47.60,-49.34,-50.59,-52.74,-45.61,-56.40,-58.13,-56.90,-54.67,-55.02,-48.72,-59.23,2026-07-02 08:30:03+00:00
2026-07-02T08:31:03+00:00,-49.36,-62.23,-51.17,-58.29,-65.98,-47.61,-49.18,-50.57,-52.83,-45.46,-56.34,-58.22,-56.79,-55.05,-54.98,-48.65,-59.57,2026-07-02 08:31:03+00:00
2026-07-02T08:32:03+00:00,-48.96,-62.53,-50.96,-58.07,-65.91,-47.48,-49.52,-50.62,-52.56,-45.37,-56.09,-58.04,-56.80,-55.31,-54.92,-48.62,-58.64,2026-07-02 08:32:03+00:00
2026-07-02T08:33:04+00:00,-49.32,-63.44,-50.77,-58.21,-65.96,-47.66,-49.24,-50.65,-52.58,-45.39,-55.22,-58.62,-56.92,-56.08,-54.98,-48.59,-58.80,2026-07-02 08:33:04+00:00
2026-07-02T08:34:03+00:00,-48.76,-60.94,-50.51,-58.19,-65.78,-47.58,-49.02,-50.59,-52.57,-45.40,-56.09,-58.90,-57.04,-56.26,-55.05,-48.85,-58.85,2026-07-02 08:34:03+00:00
2026-07-02T08:35:03+00:00,-52.90,-62.40,-60.29,-58.44,-65.25,-47.57,-50.20,-49.68,-53.35,-45.42,-56.42,-60.16,-57.06,-57.49,-54.79,-48.89,-58.40,2026-07-02 08:35:03+00:00
2026-07-02T08:36:04+00:00,-52.94,-62.69,-64.91,-56.60,-66.05,-47.66,-49.42,-44.87,-53.23,-45.24,-56.21,-60.99,-56.96,-57.16,-55.29,-49.40,-58.37,2026-07-02 08:36:04+00:00
2026-07-02T08:37:04+00:00,-51.92,-61.32,-51.91,-57.69,-66.03,-47.60,-49.22,-50.55,-52.93,-45.36,-55.90,-59.50,-56.71,-57.60,-54.85,-49.40,-57.95,2026-07-02 08:37:04+00:00
2026-07-02T08:38:03+00:00,-52.61,-63.75,-50.98,-57.97,-65.47,-47.80,-49.45,-50.62,-53.16,-45.56,-56.56,-60.39,-56.94,-56.94,-55.31,-49.55,-59.35,2026-07-02 08:38:03+00:00
2026-07-02T08:39:03+00:00,-52.18,-62.41,-49.88,-57.50,-66.58,-47.70,-49.58,-50.73,-57.92,-45.38,-54.94,-59.25,-56.95,-56.42,-55.08,-49.72,-59.02,2026-07-02 08:39:03+00:00
2026-07-02T08:40:04+00:00,-50.86,-62.79,-49.79,-57.61,-65.89,-47.65,-49.61,-50.70,-57.90,-45.42,-55.53,-59.41,-56.64,-56.25,-55.57,-50.01,-57.22,2026-07-02 08:40:04+00:00
2026-07-02T08:41:04+00:00,-53.67,-61.03,-62.63,-54.02,-66.96,-48.09,-49.37,-46.85,-57.76,-45.22,-56.01,-61.64,-57.07,-54.72,-55.49,-50.16,-58.11,2026-07-02 08:41:04+00:00
2026-07-02T08:42:03+00:00,-53.75,-62.84,-64.44,-52.39,-66.02,-48.08,-49.25,-45.46,-58.07,-45.08,-56.05,-62.52,-57.05,-54.84,-55.27,-49.88,-58.64,2026-07-02 08:42:03+00:00
2026-07-02T08:43:04+00:00,-53.07,-62.60,-57.89,-58.48,-65.53,-48.06,-49.79,-50.56,-58.35,-45.33,-56.62,-62.51,-57.17,-54.95,-55.78,-50.16,-58.44,2026-07-02 08:43:04+00:00
2026-07-02T08:44:04+00:00,-52.61,-61.87,-55.01,-58.11,-64.99,-47.96,-49.15,-50.57,-57.60,-45.37,-56.21,-61.67,-56.99,-54.02,-54.93,-49.94,-55.92,2026-07-02 08:44:04+00:00
2026-07-02T08:45:03+00:00,-53.89,-63.28,-62.04,-57.96,-66.79,-47.63,-50.36,-50.78,-55.16,-45.48,-56.46,-61.91,-55.93,-53.37,-54.89,-49.14,-58.47,2026-07-02 08:45:03+00:00
2026-07-02T08:46:03+00:00,-52.26,-62.31,-64.27,-56.95,-66.59,-48.02,-51.64,-50.72,-52.13,-45.25,-56.28,-62.03,-56.45,-52.89,-55.18,-49.77,-57.85,2026-07-02 08:46:03+00:00
2026-07-02T08:47:04+00:00,-53.30,-61.32,-64.06,-59.15,-66.81,-48.09,-52.14,-50.43,-52.22,-45.38,-56.19,-57.18,-56.67,-52.70,-52.99,-49.66,-58.03,2026-07-02 08:47:04+00:00
2026-07-02T08:48:04+00:00,-52.33,-62.46,-65.93,-54.00,-66.12,-47.92,-52.19,-50.77,-52.42,-45.60,-56.50,-62.19,-57.12,-52.71,-54.67,-49.55,-59.79,2026-07-02 08:48:04+00:00
2026-07-02T08:49:03+00:00,-53.38,-61.97,-64.20,-58.93,-65.56,-48.11,-50.50,-50.79,-52.07,-45.64,-54.62,-60.31,-56.41,-52.87,-55.30,-49.50,-59.43,2026-07-02 08:49:03+00:00
2026-07-02T08:50:04+00:00,-53.87,-63.86,-54.34,-58.65,-66.61,-47.11,-50.41,-50.80,-50.73,-45.78,-56.66,-61.54,-53.35,-52.89,-54.85,-49.43,-59.51,2026-07-02 08:50:04+00:00
2026-07-02T08:51:04+00:00,-53.53,-62.70,-52.18,-58.22,-65.06,-47.15,-50.44,-50.79,-50.58,-45.86,-56.23,-61.08,-52.20,-53.26,-55.45,-49.78,-57.71,2026-07-02 08:51:04+00:00
2026-07-02T08:52:03+00:00,-53.32,-63.10,-52.51,-58.25,-65.18,-47.16,-50.07,-50.52,-50.24,-45.84,-56.21,-61.32,-52.12,-53.27,-55.27,-49.77,-59.58,2026-07-02 08:52:03+00:00
2026-07-02T08:53:04+00:00,-53.82,-63.62,-52.54,-58.24,-65.93,-47.15,-50.14,-50.67,-50.39,-45.75,-56.09,-61.16,-51.90,-53.33,-55.60,-49.58,-58.68,2026-07-02 08:53:04+00:00
2026-07-02T08:54:04+00:00,-53.37,-63.74,-52.93,-58.55,-66.08,-47.46,-50.55,-51.01,-50.67,-45.79,-56.39,-61.51,-52.22,-53.42,-54.99,-49.63,-59.29,2026-07-02 08:54:04+00:00
2026-07-02T08:55:03+00:00,-52.92,-63.08,-52.45,-58.50,-66.74,-47.36,-49.86,-50.94,-50.32,-45.90,-55.95,-60.55,-52.25,-52.98,-55.02,-49.72,-59.15,2026-07-02 08:55:03+00:00
2026-07-02T08:56:04+00:00,-53.70,-62.69,-52.94,-58.53,-64.99,-47.75,-50.00,-50.94,-50.63,-45.80,-56.23,-60.80,-52.82,-52.81,-55.00,-49.71,-58.81,2026-07-02 08:56:04+00:00
2026-07-02T08:57:03+00:00,-53.52,-61.93,-53.58,-58.25,-64.93,-47.80,-50.79,-50.92,-50.83,-45.84,-56.56,-60.04,-52.85,-52.40,-54.84,-49.32,-58.25,2026-07-02 08:57:03+00:00
2026-07-02T08:58:04+00:00,-52.88,-63.29,-65.71,-56.55,-60.62,-47.69,-51.63,-51.11,-52.60,-45.91,-55.28,-60.51,-55.87,-51.96,-55.22,-49.66,-59.04,2026-07-02 08:58:04+00:00
2026-07-02T08:59:03+00:00,-53.26,-62.59,-64.11,-58.37,-65.49,-47.25,-51.72,-50.95,-52.75,-45.99,-56.68,-60.28,-57.19,-51.34,-55.31,-49.80,-56.69,2026-07-02 08:59:03+00:00
2026-07-02T09:00:04+00:00,-52.70,-63.33,-64.31,-58.60,-66.66,-47.68,-51.47,-50.83,-53.07,-46.05,-56.26,-59.87,-57.28,-50.55,-55.35,-50.48,-57.94,2026-07-02 09:00:04+00:00
2026-07-02T09:01:04+00:00,-53.03,-61.69,-64.14,-58.26,-65.93,-47.68,-51.64,-50.83,-56.30,-46.31,-56.64,-60.35,-57.17,-49.94,-55.42,-50.89,-56.06,2026-07-02 09:01:04+00:00
2026-07-02T09:02:04+00:00,-51.24,-60.62,-63.05,-57.97,-67.24,-46.87,-51.15,-50.73,-55.76,-46.30,-56.00,-59.70,-56.64,-49.39,-54.86,-52.06,-56.92,2026-07-02 09:02:04+00:00
2026-07-02T09:03:03+00:00,-52.38,-62.18,-64.34,-58.34,-65.99,-46.89,-51.98,-50.79,-56.05,-46.28,-56.20,-60.20,-57.47,-48.97,-55.29,-52.46,-58.73,2026-07-02 09:03:03+00:00
2026-07-02T09:04:03+00:00,-52.93,-62.88,-66.08,-58.61,-65.09,-47.00,-51.26,-50.83,-56.35,-46.30,-56.31,-60.43,-57.73,-48.30,-55.17,-52.84,-59.39,2026-07-02 09:04:03+00:00
2026-07-02T09:05:04+00:00,-49.37,-60.66,-64.85,-55.35,-66.14,-46.90,-52.12,-50.89,-54.51,-46.18,-56.22,-60.50,-56.91,-48.15,-54.72,-54.02,-57.13,2026-07-02 09:05:04+00:00
2026-07-02T09:06:03+00:00,-49.28,-63.07,-65.34,-58.50,-66.63,-47.02,-51.93,-50.81,-54.71,-46.32,-56.49,-56.47,-57.29,-47.87,-54.31,-54.68,-60.10,2026-07-02 09:06:03+00:00
2026-07-02T09:07:04+00:00,-49.54,-60.97,-66.26,-58.76,-65.04,-47.02,-51.66,-50.92,-55.10,-46.49,-55.25,-59.85,-57.67,-47.97,-54.37,-54.94,-59.74,2026-07-02 09:07:04+00:00
2026-07-02T09:08:04+00:00,-50.11,-61.92,-64.90,-58.93,-66.50,-47.14,-51.85,-50.89,-55.06,-46.56,-56.19,-59.86,-57.37,-48.00,-54.50,-56.19,-59.94,2026-07-02 09:08:04+00:00
2026-07-02T09:09:03+00:00,-49.56,-59.88,-63.92,-58.83,-65.90,-47.20,-51.98,-50.87,-51.59,-46.37,-56.17,-59.36,-57.44,-48.11,-54.58,-56.47,-57.73,2026-07-02 09:09:03+00:00
2026-07-02T09:10:04+00:00,-50.04,-61.58,-65.92,-58.48,-66.25,-47.17,-51.70,-51.00,-51.74,-46.46,-56.42,-61.41,-57.83,-47.97,-54.59,-57.34,-57.93,2026-07-02 09:10:04+00:00
2026-07-02T09:11:04+00:00,-49.34,-60.98,-65.55,-58.68,-66.98,-46.48,-52.64,-50.89,-51.56,-46.47,-54.20,-60.77,-57.49,-47.76,-54.66,-58.10,-59.89,2026-07-02 09:11:04+00:00
2026-07-02T09:12:03+00:00,-49.52,-61.60,-65.36,-58.55,-65.86,-46.47,-51.61,-50.92,-51.42,-46.55,-56.20,-60.30,-57.39,-47.79,-54.93,-57.69,-57.88,2026-07-02 09:12:03+00:00
2026-07-02T09:13:03+00:00,-49.28,-62.07,-64.87,-56.59,-66.03,-46.45,-51.26,-51.04,-51.45,-46.58,-56.23,-61.15,-57.47,-47.38,-54.89,-57.44,-59.62,2026-07-02 09:13:03+00:00
2026-07-02T09:14:04+00:00,-50.02,-62.00,-65.01,-58.66,-66.22,-46.35,-50.59,-50.91,-51.25,-46.60,-54.25,-60.19,-57.15,-47.04,-54.85,-57.08,-58.97,2026-07-02 09:14:04+00:00
2026-07-02T09:15:03+00:00,-49.35,-60.81,-64.96,-55.71,-66.77,-47.01,-51.23,-50.95,-52.53,-46.71,-55.69,-60.96,-57.52,-46.58,-54.73,-57.12,-58.53,2026-07-02 09:15:03+00:00
2026-07-02T09:16:04+00:00,-49.86,-61.85,-65.51,-55.75,-66.13,-47.08,-51.23,-51.01,-52.56,-46.79,-55.33,-61.38,-57.47,-46.13,-54.54,-55.99,-59.31,2026-07-02 09:16:04+00:00
2026-07-02T09:17:04+00:00,-48.52,-61.01,-64.20,-58.90,-66.52,-46.65,-50.62,-50.96,-52.31,-46.61,-54.65,-59.45,-57.02,-45.63,-55.02,-55.31,-57.04,2026-07-02 09:17:04+00:00
2026-07-02T09:18:03+00:00,-49.51,-61.80,-63.70,-58.99,-66.01,-46.61,-50.40,-50.93,-52.00,-46.78,-54.58,-59.31,-56.59,-44.93,-54.36,-52.32,-57.29,2026-07-02 09:18:03+00:00
2026-07-02T09:19:04+00:00,-48.52,-62.19,-59.10,-58.75,-65.65,-47.05,-50.37,-51.03,-51.57,-46.81,-54.27,-58.89,-54.74,-44.63,-54.84,-53.75,-59.16,2026-07-02 09:19:04+00:00
2026-07-02T09:20:04+00:00,-53.30,-62.25,-52.59,-58.39,-66.30,-46.93,-50.20,-50.86,-50.95,-46.81,-54.88,-58.78,-53.11,-44.39,-54.68,-52.43,-54.78,2026-07-02 09:20:04+00:00
2026-07-02T09:21:03+00:00,-52.92,-63.05,-54.10,-58.32,-65.20,-46.50,-49.66,-50.95,-50.63,-46.86,-54.06,-58.69,-52.95,-44.05,-54.06,-51.46,-54.78,2026-07-02 09:21:03+00:00
2026-07-02T09:22:03+00:00,-53.75,-61.64,-53.80,-58.01,-66.10,-46.45,-49.54,-50.93,-50.67,-46.70,-53.73,-57.86,-52.62,-43.89,-54.46,-50.65,-55.79,2026-07-02 09:22:03+00:00
2026-07-02T09:23:04+00:00,-52.06,-62.14,-53.95,-58.23,-66.34,-46.42,-49.56,-50.98,-50.57,-46.73,-53.74,-58.51,-52.94,-43.74,-54.12,-50.17,-55.11,2026-07-02 09:23:04+00:00
2026-07-02T09:24:03+00:00,-52.41,-61.80,-53.82,-58.19,-66.06,-46.55,-49.87,-51.03,-52.71,-46.79,-53.69,-58.13,-53.02,-43.68,-54.29,-49.80,-54.83,2026-07-02 09:24:03+00:00
2026-07-02T09:25:03+00:00,-52.92,-62.38,-54.36,-57.91,-66.71,-47.91,-49.94,-50.92,-53.01,-46.69,-53.74,-58.72,-52.57,-43.50,-54.04,-49.40,-54.96,2026-07-02 09:25:03+00:00
2026-07-02T09:26:04+00:00,-52.50,-61.59,-65.41,-55.61,-66.74,-48.74,-51.27,-51.15,-58.12,-46.72,-55.03,-58.64,-58.59,-43.30,-53.67,-48.75,-55.61,2026-07-02 09:26:04+00:00
2026-07-02T09:27:03+00:00,-52.99,-62.65,-52.18,-58.19,-65.56,-48.52,-49.71,-51.07,-58.37,-46.67,-54.98,-58.00,-59.17,-43.17,-54.17,-48.66,-54.91,2026-07-02 09:27:03+00:00
2026-07-02T09:28:03+00:00,-53.69,-62.79,-65.28,-56.80,-65.67,-48.41,-49.31,-45.39,-57.91,-46.16,-54.76,-58.64,-58.27,-43.13,-53.59,-48.41,-54.93,2026-07-02 09:28:03+00:00
2026-07-02T09:29:04+00:00,-53.72,-62.32,-66.17,-57.98,-66.26,-48.88,-49.26,-46.03,-58.03,-45.98,-54.63,-58.35,-60.52,-43.08,-53.69,-48.35,-55.47,2026-07-02 09:29:04+00:00
2026-07-02T09:30:03+00:00,-52.82,-62.33,-65.56,-58.36,-66.94,-49.05,-49.46,-46.11,-52.25,-46.00,-54.85,-58.00,-58.29,-43.00,-53.46,-48.46,-58.80,2026-07-02 09:30:03+00:00
2026-07-02T09:31:03+00:00,-51.52,-60.05,-63.50,-57.86,-65.88,-48.51,-49.46,-46.20,-52.24,-45.93,-54.53,-57.98,-58.17,-42.91,-53.46,-48.34,-56.10,2026-07-02 09:31:03+00:00
2026-07-02T09:32:03+00:00,-51.86,-61.22,-64.23,-57.99,-65.40,-48.95,-49.21,-46.13,-52.22,-45.74,-54.45,-57.97,-58.28,-43.00,-53.99,-48.42,-58.57,2026-07-02 09:32:03+00:00
2026-07-02T09:33:03+00:00,-52.90,-62.55,-65.82,-57.88,-65.92,-48.80,-49.24,-46.14,-52.47,-45.79,-54.67,-58.64,-58.55,-42.76,-54.09,-48.54,-59.11,2026-07-02 09:33:03+00:00
2026-07-02T09:34:04+00:00,-52.57,-62.66,-66.20,-57.93,-65.67,-48.86,-49.30,-46.19,-52.43,-45.77,-54.62,-59.44,-58.36,-42.91,-54.09,-48.45,-59.03,2026-07-02 09:34:04+00:00
2026-07-02T09:35:03+00:00,-51.14,-60.65,-65.23,-57.54,-66.06,-48.62,-49.18,-46.21,-52.48,-45.81,-54.42,-59.32,-58.23,-42.87,-53.99,-48.54,-52.07,2026-07-02 09:35:03+00:00
2026-07-02T09:36:04+00:00,-52.15,-62.51,-65.51,-56.95,-65.90,-48.94,-49.45,-45.85,-52.50,-45.83,-54.62,-59.89,-58.50,-42.88,-54.16,-48.55,-52.17,2026-07-02 09:36:04+00:00
2026-07-02T09:37:04+00:00,-52.46,-62.60,-65.90,-56.89,-66.16,-48.93,-49.20,-45.87,-52.02,-45.99,-53.39,-60.56,-58.48,-42.76,-54.02,-48.90,-52.09,2026-07-02 09:37:04+00:00
2026-07-02T09:38:03+00:00,-52.61,-61.69,-64.82,-57.34,-65.35,-47.94,-49.17,-45.36,-52.43,-46.07,-54.46,-60.52,-58.56,-43.04,-53.80,-49.06,-52.25,2026-07-02 09:38:03+00:00
2026-07-02T09:39:04+00:00,-52.62,-61.24,-64.08,-57.23,-66.33,-47.90,-48.94,-45.39,-52.39,-45.73,-54.67,-60.82,-58.42,-42.85,-54.05,-49.12,-52.26,2026-07-02 09:39:04+00:00
2026-07-02T09:40:04+00:00,-52.66,-60.93,-62.18,-57.25,-66.54,-48.04,-49.13,-45.33,-52.26,-45.97,-54.19,-60.43,-58.27,-43.03,-54.06,-49.01,-52.40,2026-07-02 09:40:04+00:00
2026-07-02T09:41:03+00:00,-52.71,-62.54,-57.61,-59.30,-66.08,-47.89,-49.83,-50.62,-52.69,-46.38,-54.73,-61.72,-59.13,-42.99,-53.89,-49.05,-52.31,2026-07-02 09:41:03+00:00
2026-07-02T09:42:03+00:00,-52.48,-62.62,-53.68,-58.99,-66.35,-48.48,-49.61,-51.00,-52.65,-46.48,-54.78,-61.97,-59.33,-42.96,-54.02,-49.02,-53.85,2026-07-02 09:42:03+00:00
2026-07-02T09:43:04+00:00,-53.61,-62.04,-65.93,-58.36,-66.30,-48.44,-51.84,-51.23,-52.87,-46.37,-54.68,-62.41,-59.35,-43.01,-53.75,-49.21,-52.28,2026-07-02 09:43:04+00:00
2026-07-02T09:44:03+00:00,-51.84,-61.03,-64.07,-58.33,-64.93,-48.11,-51.45,-51.11,-52.18,-46.34,-54.61,-59.13,-55.09,-43.09,-54.14,-49.16,-53.80,2026-07-02 09:44:03+00:00
2026-07-02T09:45:04+00:00,-53.34,-62.92,-65.54,-59.40,-65.05,-47.85,-52.48,-51.05,-56.27,-46.40,-54.78,-60.42,-58.99,-43.03,-54.22,-49.29,-53.85,2026-07-02 09:45:04+00:00
2026-07-02T09:46:04+00:00,-52.83,-61.64,-63.94,-58.65,-66.18,-48.05,-52.04,-50.92,-55.70,-46.22,-53.63,-56.43,-58.50,-43.18,-54.09,-49.64,-52.27,2026-07-02 09:46:04+00:00
2026-07-02T09:47:03+00:00,-53.32,-60.53,-63.15,-58.96,-66.35,-47.98,-51.90,-50.93,-55.85,-46.44,-54.76,-55.46,-58.21,-43.05,-54.12,-49.67,-52.27,2026-07-02 09:47:03+00:00
2026-07-02T09:48:04+00:00,-52.94,-62.62,-65.85,-58.94,-65.75,-48.33,-51.53,-51.14,-56.07,-46.60,-54.22,-55.79,-58.56,-42.81,-54.38,-49.81,-52.18,2026-07-02 09:48:04+00:00
2026-07-02T09:49:04+00:00,-51.22,-61.38,-65.95,-57.35,-66.42,-48.35,-51.38,-51.16,-55.98,-46.50,-54.61,-61.16,-58.91,-43.17,-53.75,-49.36,-52.22,2026-07-02 09:49:04+00:00
2026-07-02T09:50:04+00:00,-49.50,-61.25,-64.30,-59.07,-66.31,-46.76,-50.13,-51.14,-54.08,-46.38,-54.73,-60.24,-57.88,-43.29,-54.82,-49.78,-52.40,2026-07-02 09:50:04+00:00
2026-07-02T09:51:03+00:00,-49.18,-61.03,-63.31,-59.41,-65.98,-47.54,-50.46,-51.20,-53.98,-46.48,-54.70,-59.43,-60.28,-43.26,-54.58,-49.88,-52.23,2026-07-02 09:51:03+00:00
2026-07-02T09:52:04+00:00,-48.51,-62.54,-59.26,-59.43,-65.18,-46.01,-50.32,-51.18,-53.02,-46.44,-54.53,-59.91,-56.46,-43.05,-54.83,-49.85,-52.40,2026-07-02 09:52:04+00:00
2026-07-02T09:53:04+00:00,-48.63,-61.80,-56.47,-59.26,-66.36,-46.45,-50.56,-51.14,-51.07,-46.70,-54.44,-59.03,-54.95,-42.99,-54.22,-49.31,-53.90,2026-07-02 09:53:04+00:00
2026-07-02T09:54:03+00:00,-48.53,-62.18,-58.99,-59.07,-65.38,-46.96,-50.82,-51.20,-50.49,-46.58,-53.04,-59.31,-56.71,-42.91,-54.33,-48.69,-54.04,2026-07-02 09:54:03+00:00
2026-07-02T09:55:04+00:00,-48.89,-61.93,-62.85,-59.21,-66.25,-46.75,-51.77,-51.26,-51.45,-46.74,-54.52,-59.63,-62.36,-42.75,-54.13,-48.73,-52.42,2026-07-02 09:55:04+00:00
2026-07-02T09:56:04+00:00,-49.10,-60.45,-62.62,-59.08,-66.57,-46.58,-51.89,-51.23,-51.31,-46.68,-54.06,-59.83,-60.72,-42.76,-53.73,-48.88,-52.27,2026-07-02 09:56:04+00:00
2026-07-02T09:57:03+00:00,-49.19,-61.45,-63.57,-59.16,-66.04,-46.78,-51.51,-51.30,-51.25,-46.68,-54.47,-60.12,-58.92,-42.83,-53.66,-48.58,-52.39,2026-07-02 09:57:03+00:00
2026-07-02T09:58:04+00:00,-49.66,-60.36,-62.29,-59.17,-66.48,-46.89,-50.57,-51.30,-51.33,-46.63,-54.42,-59.88,-58.87,-42.98,-53.89,-48.73,-54.93,2026-07-02 09:58:04+00:00
2026-07-02T09:59:04+00:00,-49.47,-61.99,-64.18,-59.32,-66.84,-46.93,-50.70,-51.23,-51.24,-46.55,-54.39,-60.35,-59.21,-43.18,-54.41,-49.02,-52.21,2026-07-02 09:59:04+00:00
2026-07-02T10:00:03+00:00,-49.17,-60.24,-61.80,-58.72,-66.04,-46.26,-50.89,-51.03,-52.42,-46.51,-54.11,-59.60,-58.76,-43.18,-53.88,-48.61,-57.79,2026-07-02 10:00:03+00:00
2026-07-02T10:01:03+00:00,-49.21,-62.46,-63.83,-59.27,-66.53,-46.08,-50.78,-50.96,-52.55,-46.46,-54.30,-60.27,-58.64,-43.13,-54.25,-49.04,-59.60,2026-07-02 10:01:03+00:00
2026-07-02T10:02:04+00:00,-49.73,-62.26,-63.93,-59.46,-66.03,-46.20,-50.72,-51.01,-52.49,-46.52,-54.27,-60.46,-59.08,-43.14,-54.66,-48.91,-59.89,2026-07-02 10:02:04+00:00
2026-07-02T10:03:03+00:00,-49.28,-60.31,-62.76,-58.91,-65.30,-46.05,-50.14,-50.78,-52.30,-46.50,-54.17,-59.64,-58.56,-43.09,-54.17,-49.00,-56.78,2026-07-02 10:03:03+00:00
2026-07-02T10:04:03+00:00,-49.66,-60.24,-61.99,-59.21,-66.43,-46.26,-50.28,-51.01,-52.37,-46.69,-54.15,-59.05,-58.34,-43.11,-54.11,-49.14,-59.14,2026-07-02 10:04:03+00:00
2026-07-02T10:05:04+00:00,-52.32,-59.38,-62.16,-59.48,-65.97,-46.93,-50.90,-51.11,-52.88,-46.62,-54.23,-59.38,-58.26,-43.12,-53.79,-49.11,-59.01,2026-07-02 10:05:04+00:00
2026-07-02T10:06:04+00:00,-52.65,-60.17,-62.88,-58.97,-66.58,-46.85,-51.01,-51.08,-53.03,-46.64,-54.23,-59.25,-58.40,-43.20,-54.50,-48.83,-58.82,2026-07-02 10:06:04+00:00
2026-07-02T10:07:03+00:00,-52.37,-59.35,-62.12,-59.00,-65.55,-46.80,-50.88,-51.09,-53.06,-46.74,-54.34,-58.91,-58.36,-43.24,-54.11,-49.12,-58.84,2026-07-02 10:07:03+00:00
2026-07-02T10:08:03+00:00,-52.08,-59.79,-62.03,-58.47,-63.38,-46.82,-51.36,-51.06,-56.33,-46.72,-54.34,-57.60,-56.06,-43.27,-54.60,-49.04,-56.08,2026-07-02 10:08:03+00:00
2026-07-02T10:09:04+00:00,-52.84,-60.34,-63.60,-59.04,-65.85,-46.80,-51.76,-51.10,-57.82,-46.70,-54.50,-58.82,-58.48,-43.31,-54.70,-49.23,-59.24,2026-07-02 10:09:04+00:00
2026-07-02T10:10:03+00:00,-52.34,-60.91,-62.10,-57.77,-65.29,-46.82,-52.05,-50.97,-56.89,-46.74,-54.33,-58.93,-57.28,-43.22,-54.63,-49.41,-59.36,2026-07-02 10:10:03+00:00
2026-07-02T10:11:03+00:00,-51.56,-60.16,-62.74,-57.73,-65.30,-46.98,-51.85,-50.92,-56.89,-46.94,-54.31,-58.96,-57.16,-43.31,-54.28,-49.67,-58.74,2026-07-02 10:11:03+00:00
2026-07-02T10:12:04+00:00,-50.56,-59.90,-56.14,-56.62,-66.45,-47.02,-49.18,-49.23,-56.93,-46.76,-54.01,-58.22,-58.06,-43.15,-53.85,-49.45,-58.26,2026-07-02 10:12:04+00:00
2026-07-02T10:13:04+00:00,-52.06,-59.36,-62.29,-58.18,-66.41,-46.89,-50.17,-50.96,-57.76,-46.72,-53.79,-58.11,-58.33,-43.47,-53.53,-49.39,-58.32,2026-07-02 10:13:04+00:00
2026-07-02T10:14:03+00:00,-52.09,-60.86,-62.32,-57.98,-66.71,-46.80,-50.34,-51.08,-57.81,-46.78,-54.12,-58.14,-58.31,-43.41,-53.46,-49.42,-58.13,2026-07-02 10:14:03+00:00
2026-07-02T10:15:04+00:00,-52.11,-59.16,-61.60,-58.60,-64.77,-46.97,-50.28,-51.11,-52.22,-46.77,-53.97,-57.71,-58.20,-43.37,-54.48,-49.16,-58.47,2026-07-02 10:15:04+00:00
2026-07-02T10:16:04+00:00,-51.28,-59.97,-62.26,-54.36,-65.84,-46.87,-49.36,-45.57,-52.20,-46.27,-54.19,-58.24,-57.91,-43.55,-54.44,-49.29,-58.29,2026-07-02 10:16:04+00:00
2026-07-02T10:17:03+00:00,-51.78,-58.98,-54.37,-58.06,-65.98,-46.52,-49.42,-51.07,-50.80,-46.50,-54.37,-56.72,-55.62,-43.40,-50.84,-49.51,-58.49,2026-07-02 10:17:03+00:00
2026-07-02T10:18:04+00:00,-51.72,-58.90,-60.84,-57.48,-59.61,-46.25,-52.41,-51.01,-51.72,-46.54,-54.36,-57.74,-55.72,-43.59,-54.74,-49.68,-58.82,2026-07-02 10:18:04+00:00
2026-07-02T10:19:04+00:00,-52.27,-58.57,-60.61,-57.56,-65.88,-46.20,-50.75,-51.05,-52.14,-46.66,-54.21,-57.42,-57.54,-43.61,-54.79,-49.61,-58.48,2026-07-02 10:19:04+00:00
2026-07-02T10:20:03+00:00,-52.28,-60.14,-61.63,-49.50,-66.20,-46.34,-49.59,-47.57,-51.07,-46.54,-54.21,-57.84,-57.44,-43.39,-54.69,-49.59,-57.31,2026-07-02 10:20:03+00:00
2026-07-02T10:21:04+00:00,-52.23,-60.49,-61.44,-50.84,-65.86,-46.31,-49.41,-47.59,-50.60,-46.48,-54.51,-57.95,-57.70,-43.58,-54.20,-49.50,-59.34,2026-07-02 10:21:04+00:00
2026-07-02T10:22:04+00:00,-51.70,-58.81,-60.84,-50.20,-66.11,-46.29,-49.14,-47.47,-50.58,-46.32,-53.70,-57.72,-57.38,-43.62,-54.50,-49.77,-57.98,2026-07-02 10:22:04+00:00
2026-07-02T10:23:03+00:00,-51.67,-59.89,-62.47,-51.77,-66.00,-51.31,-50.45,-47.72,-50.51,-46.27,-54.44,-58.55,-57.37,-43.64,-54.11,-49.84,-59.64,2026-07-02 10:23:03+00:00
2026-07-02T10:24:03+00:00,-52.69,-60.23,-62.09,-51.74,-65.91,-51.40,-49.59,-47.72,-50.44,-46.60,-54.16,-58.15,-57.19,-43.69,-54.32,-49.92,-58.61,2026-07-02 10:24:03+00:00
2026-07-02T10:25:04+00:00,-51.99,-60.77,-62.59,-51.85,-66.37,-56.91,-49.88,-47.84,-50.47,-46.28,-54.33,-58.70,-57.67,-43.62,-54.41,-50.11,-59.28,2026-07-02 10:25:04+00:00
2026-07-02T10:26:03+00:00,-51.22,-61.15,-61.73,-51.79,-66.27,-56.97,-50.11,-47.65,-50.50,-45.27,-52.97,-58.50,-58.77,-41.04,-53.40,-46.10,-58.47,2026-07-02 10:26:03+00:00
2026-07-02T10:27:03+00:00,-52.85,-59.05,-62.09,-45.77,-66.60,-56.78,-50.77,-48.11,-51.86,-43.76,-52.16,-58.63,-59.27,-39.29,-52.26,-43.40,-57.27,2026-07-02 10:27:03+00:00
2026-07-02T10:28:04+00:00,-51.99,-60.40,-61.33,-51.72,-66.11,-56.87,-50.42,-48.00,-50.47,-43.66,-52.09,-58.20,-59.83,-39.30,-52.25,-43.40,-59.51,2026-07-02 10:28:04+00:00
2026-07-02T10:29:03+00:00,-52.59,-59.91,-61.76,-51.99,-65.90,-57.43,-50.20,-47.87,-50.51,-43.81,-52.20,-58.68,-59.40,-39.17,-52.49,-43.61,-57.95,2026-07-02 10:29:03+00:00
2026-07-02T10:30:03+00:00,-52.78,-61.22,-61.27,-51.70,-65.62,-56.81,-50.61,-47.67,-51.86,-44.26,-52.35,-58.55,-59.33,-39.22,-51.27,-43.94,-57.72,2026-07-02 10:30:03+00:00
2026-07-02T10:31:03+00:00,-52.33,-61.22,-62.07,-51.77,-65.85,-57.05,-50.23,-47.79,-51.89,-44.19,-52.45,-59.09,-60.08,-39.50,-52.45,-44.05,-59.16,2026-07-02 10:31:03+00:00
2026-07-02T10:32:03+00:00,-51.07,-61.35,-62.70,-51.89,-66.12,-56.91,-49.72,-47.81,-51.97,-44.46,-52.58,-59.22,-59.97,-39.68,-52.60,-44.42,-59.60,2026-07-02 10:32:03+00:00
2026-07-02T10:33:04+00:00,-52.02,-60.69,-61.92,-51.95,-66.37,-56.95,-50.41,-47.90,-51.97,-44.56,-52.88,-58.85,-59.69,-39.89,-52.73,-44.54,-59.18,2026-07-02 10:33:04+00:00
2026-07-02T10:34:03+00:00,-51.03,-60.93,-53.14,-59.48,-66.59,-56.59,-50.77,-50.62,-52.10,-44.98,-52.62,-58.78,-53.78,-39.95,-52.27,-44.69,-59.56,2026-07-02 10:34:03+00:00
2026-07-02T10:35:03+00:00,-49.06,-60.41,-62.23,-59.64,-66.14,-57.44,-51.74,-50.63,-54.31,-45.04,-52.94,-59.01,-60.06,-40.16,-52.95,-44.72,-59.20,2026-07-02 10:35:03+00:00
2026-07-02T10:36:03+00:00,-48.78,-60.79,-62.68,-60.05,-63.73,-57.36,-52.47,-50.58,-54.32,-45.01,-53.12,-57.92,-59.65,-40.33,-52.89,-45.10,-58.45,2026-07-02 10:36:03+00:00
2026-07-02T10:37:04+00:00,-48.09,-60.41,-63.10,-59.60,-66.40,-57.27,-51.68,-50.59,-54.79,-45.24,-53.24,-57.79,-59.48,-40.61,-52.10,-45.37,-59.44,2026-07-02 10:37:04+00:00
2026-07-02T10:38:03+00:00,-48.59,-60.41,-61.41,-58.18,-65.81,-57.13,-51.22,-50.72,-51.51,-45.30,-53.50,-59.00,-59.40,-40.71,-52.99,-45.39,-59.53,2026-07-02 10:38:03+00:00
2026-07-02T10:39:03+00:00,-48.48,-59.65,-61.50,-58.37,-65.95,-57.27,-51.31,-50.71,-51.24,-45.54,-53.37,-58.81,-58.99,-41.09,-53.03,-45.70,-59.43,2026-07-02 10:39:03+00:00
2026-07-02T10:40:04+00:00,-49.34,-60.49,-62.26,-58.68,-66.62,-57.25,-51.08,-50.66,-50.65,-45.52,-53.55,-59.22,-59.34,-41.19,-52.94,-45.64,-59.16,2026-07-02 10:40:04+00:00
2026-07-02T10:41:03+00:00,-48.71,-60.95,-64.48,-59.74,-65.52,-57.29,-50.26,-50.74,-50.94,-45.51,-53.68,-59.07,-59.20,-41.50,-53.80,-45.97,-59.66,2026-07-02 10:41:03+00:00
2026-07-02T10:42:03+00:00,-48.67,-60.34,-61.67,-59.97,-66.17,-57.18,-50.08,-50.78,-51.30,-45.96,-53.62,-58.45,-58.80,-41.50,-53.38,-46.08,-59.36,2026-07-02 10:42:03+00:00
2026-07-02T10:43:04+00:00,-48.60,-60.82,-61.52,-59.18,-66.36,-57.30,-50.71,-50.79,-51.32,-45.85,-53.54,-58.77,-59.74,-41.69,-53.40,-46.54,-58.22,2026-07-02 10:43:04+00:00
2026-07-02T10:44:04+00:00,-48.74,-60.52,-61.70,-59.97,-64.67,-57.38,-49.84,-50.77,-51.18,-45.89,-53.97,-57.97,-59.29,-41.85,-53.50,-46.38,-58.85,2026-07-02 10:44:04+00:00
2026-07-02T10:45:03+00:00,-48.85,-60.48,-62.50,-59.85,-67.10,-57.04,-49.95,-50.59,-52.48,-46.01,-53.92,-54.29,-59.11,-42.03,-52.37,-46.73,-58.73,2026-07-02 10:45:03+00:00
2026-07-02T10:46:04+00:00,-48.31,-59.82,-61.86,-58.82,-65.28,-52.26,-50.40,-50.58,-52.34,-46.04,-54.00,-53.72,-58.71,-42.22,-53.61,-46.85,-58.88,2026-07-02 10:46:04+00:00
2026-07-02T10:47:04+00:00,-48.71,-60.44,-54.65,-59.16,-66.70,-51.39,-49.48,-50.38,-52.42,-45.91,-51.86,-56.29,-59.63,-42.27,-54.06,-46.84,-58.85,2026-07-02 10:47:04+00:00
2026-07-02T10:48:03+00:00,-48.70,-60.97,-62.42,-58.06,-65.65,-52.05,-49.31,-45.68,-52.32,-45.75,-52.42,-59.49,-58.84,-42.40,-53.96,-47.14,-58.65,2026-07-02 10:48:03+00:00
2026-07-02T10:49:03+00:00,-49.16,-60.68,-61.84,-57.98,-65.96,-51.69,-48.47,-45.28,-54.39,-45.59,-52.07,-59.36,-58.53,-42.44,-54.12,-47.20,-58.82,2026-07-02 10:49:03+00:00
2026-07-02T10:50:04+00:00,-51.67,-60.78,-61.76,-57.81,-66.22,-51.75,-48.64,-45.32,-55.97,-45.45,-51.73,-59.07,-58.48,-42.71,-54.37,-47.49,-58.92,2026-07-02 10:50:04+00:00
2026-07-02T10:51:03+00:00,-52.16,-62.12,-61.63,-58.31,-66.72,-51.86,-48.57,-45.65,-56.56,-45.57,-53.18,-59.31,-58.59,-42.71,-54.84,-47.60,-58.92,2026-07-02 10:51:03+00:00
2026-07-02T10:52:03+00:00,-52.92,-61.11,-61.75,-59.17,-66.25,-51.84,-49.22,-46.21,-56.95,-45.55,-53.26,-59.12,-58.34,-42.98,-54.84,-47.75,-59.41,2026-07-02 10:52:03+00:00
2026-07-02T10:53:04+00:00,-52.66,-61.46,-61.89,-59.15,-65.74,-51.90,-49.12,-46.03,-55.50,-45.52,-53.50,-59.42,-58.10,-43.05,-54.77,-47.83,-59.17,2026-07-02 10:53:04+00:00
2026-07-02T10:54:04+00:00,-52.98,-61.24,-61.40,-59.42,-66.20,-51.81,-48.79,-46.07,-56.06,-45.44,-53.28,-59.20,-57.98,-43.25,-55.14,-48.16,-58.75,2026-07-02 10:54:04+00:00
2026-07-02T10:55:03+00:00,-53.19,-61.07,-61.50,-55.99,-65.96,-51.72,-49.55,-48.03,-55.80,-45.58,-51.03,-59.06,-58.92,-43.30,-55.02,-48.57,-58.98,2026-07-02 10:55:03+00:00
2026-07-02T10:56:04+00:00,-52.65,-60.58,-61.93,-58.23,-65.91,-51.27,-49.73,-50.67,-56.33,-45.61,-51.19,-58.76,-58.29,-43.49,-54.55,-48.57,-58.76,2026-07-02 10:56:04+00:00
2026-07-02T10:57:04+00:00,-52.84,-59.54,-62.11,-60.04,-66.04,-51.12,-50.86,-50.68,-56.49,-45.92,-51.70,-59.11,-58.08,-43.82,-54.30,-48.80,-57.60,2026-07-02 10:57:04+00:00
2026-07-02T10:58:03+00:00,-53.28,-59.56,-61.81,-59.53,-65.84,-51.50,-50.75,-50.62,-56.76,-45.76,-51.82,-57.98,-58.18,-43.73,-55.47,-48.87,-57.46,2026-07-02 10:58:03+00:00
2026-07-02T10:59:04+00:00,-51.80,-59.98,-62.08,-58.52,-65.68,-51.46,-50.91,-50.65,-54.79,-45.38,-51.31,-58.28,-54.26,-44.07,-55.70,-49.22,-57.76,2026-07-02 10:59:04+00:00
2026-07-02T11:00:03+00:00,-52.56,-60.08,-62.19,-59.75,-66.45,-51.46,-50.91,-50.50,-51.50,-45.25,-51.14,-55.44,-57.94,-44.11,-53.42,-49.32,-58.44,2026-07-02 11:00:03+00:00
2026-07-02T11:01:04+00:00,-50.81,-60.93,-62.58,-56.78,-65.39,-51.38,-51.28,-50.63,-51.79,-45.11,-51.69,-58.61,-57.41,-44.18,-55.80,-49.31,-59.20,2026-07-02 11:01:04+00:00
2026-07-02T11:02:04+00:00,-51.81,-60.52,-64.96,-58.93,-66.29,-51.39,-51.01,-50.60,-51.24,-45.27,-52.12,-58.83,-58.45,-44.12,-55.80,-49.22,-59.61,2026-07-02 11:02:04+00:00
2026-07-02T11:03:04+00:00,-51.78,-60.29,-63.71,-58.36,-65.55,-51.62,-51.82,-50.67,-50.88,-45.44,-52.71,-57.83,-54.04,-44.36,-55.62,-49.26,-58.22,2026-07-02 11:03:04+00:00
2026-07-02T11:04:03+00:00,-52.46,-60.13,-63.71,-59.84,-65.64,-51.65,-50.94,-50.49,-51.26,-45.40,-52.68,-54.42,-57.65,-44.39,-55.81,-49.19,-58.85,2026-07-02 11:04:03+00:00
2026-07-02T11:05:04+00:00,-52.20,-60.69,-64.61,-59.33,-66.35,-51.57,-52.02,-50.47,-51.41,-45.12,-51.71,-55.30,-57.97,-44.33,-54.96,-49.41,-58.14,2026-07-02 11:05:04+00:00
2026-07-02T11:06:03+00:00,-51.52,-59.93,-64.70,-60.14,-66.05,-51.48,-50.70,-50.93,-51.40,-45.24,-51.80,-58.46,-62.37,-44.49,-55.88,-49.35,-58.13,2026-07-02 11:06:03+00:00
2026-07-02T11:07:03+00:00,-51.72,-59.68,-63.64,-58.03,-65.35,-51.41,-50.98,-50.85,-51.22,-44.98,-51.42,-58.21,-58.14,-44.90,-55.86,-49.39,-59.31,2026-07-02 11:07:03+00:00
2026-07-02T11:08:04+00:00,-51.80,-59.29,-62.78,-59.96,-65.17,-51.57,-50.77,-50.72,-51.22,-44.93,-51.34,-58.11,-53.19,-44.77,-55.71,-48.56,-58.98,2026-07-02 11:08:04+00:00
2026-07-02T11:09:03+00:00,-51.65,-60.03,-56.21,-59.81,-65.67,-51.25,-50.82,-50.74,-50.20,-44.94,-51.27,-58.13,-51.92,-44.88,-55.31,-49.11,-57.66,2026-07-02 11:09:03+00:00
2026-07-02T11:10:04+00:00,-51.68,-59.70,-52.16,-59.41,-65.46,-51.39,-50.19,-50.75,-49.65,-44.89,-51.30,-58.76,-50.80,-45.26,-55.78,-49.33,-59.04,2026-07-02 11:10:04+00:00
2026-07-02T11:11:04+00:00,-51.26,-60.07,-53.85,-58.22,-65.76,-51.43,-50.19,-50.83,-49.88,-44.85,-50.62,-58.00,-51.52,-45.47,-55.28,-49.07,-59.29,2026-07-02 11:11:04+00:00
2026-07-02T11:12:03+00:00,-52.34,-60.44,-55.07,-57.63,-64.94,-51.31,-50.29,-50.92,-50.05,-45.06,-50.52,-58.22,-52.39,-45.67,-55.69,-49.14,-58.92,2026-07-02 11:12:03+00:00
2026-07-02T11:13:04+00:00,-51.75,-59.39,-55.90,-57.13,-65.23,-51.59,-49.90,-50.82,-50.27,-45.16,-50.83,-58.28,-52.43,-45.65,-55.63,-49.30,-57.80,2026-07-02 11:13:04+00:00
2026-07-02T11:14:04+00:00,-52.35,-59.61,-57.92,-55.89,-65.94,-51.67,-50.05,-50.79,-50.35,-45.29,-50.19,-58.39,-53.40,-45.87,-52.80,-49.39,-57.79,2026-07-02 11:14:04+00:00
2026-07-02T11:15:03+00:00,-51.79,-60.02,-63.91,-50.55,-65.19,-51.34,-50.13,-47.76,-50.78,-45.22,-50.99,-58.04,-57.35,-45.90,-55.95,-49.56,-58.75,2026-07-02 11:15:03+00:00
2026-07-02T11:16:04+00:00,-50.57,-61.04,-64.97,-50.81,-65.85,-51.55,-50.19,-47.61,-50.96,-45.47,-52.15,-58.63,-57.25,-46.23,-56.24,-49.45,-59.21,2026-07-02 11:16:04+00:00
2026-07-02T11:17:04+00:00,-48.94,-59.17,-64.09,-45.39,-66.02,-51.16,-50.49,-47.81,-51.68,-45.52,-51.75,-58.14,-56.89,-46.16,-56.01,-49.45,-55.72,2026-07-02 11:17:04+00:00
2026-07-02T11:18:03+00:00,-51.30,-58.62,-61.81,-45.69,-66.28,-51.31,-50.48,-47.94,-51.94,-45.77,-52.06,-57.38,-57.21,-46.27,-56.12,-49.29,-57.78,2026-07-02 11:18:03+00:00
2026-07-02T11:19:04+00:00,-48.79,-59.56,-63.79,-47.14,-66.10,-51.18,-50.13,-47.30,-51.48,-45.55,-52.22,-58.85,-57.02,-46.33,-56.06,-49.47,-58.91,2026-07-02 11:19:04+00:00
2026-07-02T11:20:04+00:00,-48.83,-59.33,-63.96,-46.69,-66.02,-50.97,-49.62,-47.49,-51.24,-45.82,-51.92,-58.48,-56.90,-46.51,-56.22,-49.26,-57.15,2026-07-02 11:20:04+00:00
2026-07-02T11:21:03+00:00,-47.51,-58.10,-62.96,-47.46,-66.80,-51.06,-49.70,-47.08,-51.14,-45.47,-52.03,-58.49,-56.62,-46.49,-56.07,-49.36,-58.48,2026-07-02 11:21:03+00:00
2026-07-02T11:22:04+00:00,-47.26,-58.77,-62.86,-47.95,-65.98,-51.03,-50.22,-47.33,-51.19,-45.60,-52.30,-59.43,-56.83,-46.47,-56.10,-49.37,-57.99,2026-07-02 11:22:04+00:00
2026-07-02T11:23:04+00:00,-47.03,-57.46,-63.75,-47.71,-65.94,-55.17,-50.13,-47.13,-51.38,-45.44,-52.03,-59.10,-56.76,-46.41,-56.06,-49.43,-58.62,2026-07-02 11:23:04+00:00
2026-07-02T11:24:03+00:00,-48.70,-60.23,-63.50,-47.69,-65.84,-54.83,-49.81,-47.10,-51.28,-45.33,-51.86,-59.72,-56.89,-46.51,-56.40,-49.09,-59.01,2026-07-02 11:24:03+00:00
2026-07-02T11:25:03+00:00,-48.38,-60.22,-62.94,-48.24,-66.82,-55.10,-49.81,-47.09,-51.31,-45.43,-52.02,-60.02,-57.04,-46.55,-56.61,-49.58,-57.72,2026-07-02 11:25:03+00:00
2026-07-02T11:26:04+00:00,-47.72,-58.74,-63.03,-48.66,-66.08,-55.06,-50.31,-47.08,-51.25,-45.28,-51.95,-59.85,-56.94,-46.62,-56.34,-49.37,-57.69,2026-07-02 11:26:04+00:00
2026-07-02T11:27:03+00:00,-48.05,-59.92,-62.77,-48.72,-65.35,-54.94,-50.09,-47.04,-51.26,-45.40,-51.88,-58.34,-56.66,-46.58,-56.29,-49.33,-54.53,2026-07-02 11:27:03+00:00
2026-07-02T11:28:03+00:00,-47.16,-57.88,-63.15,-47.98,-66.17,-54.47,-50.01,-46.73,-51.44,-45.40,-52.01,-58.81,-56.66,-46.99,-56.22,-49.48,-58.69,2026-07-02 11:28:03+00:00
2026-07-02T11:29:04+00:00,-48.02,-57.68,-63.17,-47.76,-65.77,-54.75,-49.62,-46.93,-51.34,-45.25,-51.97,-60.52,-56.63,-47.31,-55.86,-49.41,-58.64,2026-07-02 11:29:04+00:00
2026-07-02T11:30:03+00:00,-48.45,-58.30,-64.13,-47.74,-66.30,-55.29,-50.21,-46.93,-53.16,-45.17,-52.04,-59.41,-56.76,-47.46,-55.56,-49.55,-58.93,2026-07-02 11:30:03+00:00
2026-07-02T11:31:03+00:00,-48.42,-58.75,-63.87,-47.73,-66.19,-55.23,-49.67,-46.92,-53.01,-45.52,-52.02,-60.60,-56.75,-47.30,-55.46,-49.67,-58.45,2026-07-02 11:31:03+00:00
2026-07-02T11:32:03+00:00,-47.98,-56.93,-62.75,-47.65,-66.04,-55.17,-50.17,-46.74,-52.96,-45.24,-51.71,-58.38,-56.59,-47.66,-55.73,-49.79,-58.48,2026-07-02 11:32:03+00:00
2026-07-02T11:33:04+00:00,-48.40,-57.45,-63.39,-47.12,-66.16,-55.23,-49.86,-46.92,-54.25,-45.43,-51.96,-59.56,-56.78,-47.42,-55.61,-49.78,-58.67,2026-07-02 11:33:04+00:00
2026-07-02T11:34:03+00:00,-50.66,-56.96,-63.67,-47.20,-65.65,-55.02,-49.53,-46.89,-55.13,-45.09,-52.00,-59.93,-56.77,-47.55,-55.36,-49.84,-58.54,2026-07-02 11:34:03+00:00
2026-07-02T11:35:03+00:00,-50.68,-57.07,-64.83,-47.98,-65.37,-55.19,-49.68,-46.87,-55.22,-45.16,-51.83,-59.72,-56.56,-47.70,-55.22,-49.57,-58.05,2026-07-02 11:35:03+00:00
2026-07-02T11:36:04+00:00,-50.93,-57.27,-64.61,-48.59,-66.25,-55.20,-49.78,-46.85,-54.81,-45.26,-51.99,-59.26,-56.61,-47.73,-55.22,-50.11,-59.02,2026-07-02 11:36:04+00:00
2026-07-02T11:37:04+00:00,-51.64,-56.92,-62.73,-48.77,-65.85,-55.08,-50.02,-46.86,-54.82,-45.23,-51.98,-58.94,-56.61,-47.62,-55.47,-49.87,-58.25,2026-07-02 11:37:04+00:00
2026-07-02T11:38:03+00:00,-51.76,-57.20,-64.03,-48.85,-65.88,-55.36,-49.95,-46.83,-54.08,-45.27,-51.98,-59.13,-56.47,-47.85,-55.47,-50.15,-56.58,2026-07-02 11:38:03+00:00
2026-07-02T11:39:03+00:00,-50.09,-57.77,-62.74,-48.81,-65.60,-55.24,-49.74,-46.77,-54.20,-45.39,-52.14,-59.15,-56.56,-47.92,-55.20,-50.02,-58.07,2026-07-02 11:39:03+00:00
2026-07-02T11:40:04+00:00,-51.22,-57.42,-63.94,-49.77,-66.86,-55.49,-49.86,-46.74,-53.96,-45.51,-51.99,-60.09,-56.82,-47.98,-55.50,-49.94,-58.67,2026-07-02 11:40:04+00:00
2026-07-02T11:41:04+00:00,-50.32,-57.86,-63.56,-49.22,-65.73,-55.55,-49.46,-46.54,-53.94,-45.28,-52.01,-59.08,-56.74,-48.01,-55.82,-50.07,-57.80,2026-07-02 11:41:04+00:00
2026-07-02T11:42:03+00:00,-50.66,-58.06,-64.02,-46.30,-65.44,-54.89,-49.63,-47.07,-53.52,-45.38,-52.11,-58.98,-56.71,-48.41,-55.74,-50.10,-57.17,2026-07-02 11:42:03+00:00
2026-07-02T11:43:04+00:00,-49.97,-59.10,-64.40,-46.81,-65.36,-55.36,-50.04,-47.02,-53.46,-45.60,-52.25,-58.70,-56.92,-48.51,-55.97,-50.36,-58.57,2026-07-02 11:43:04+00:00
2026-07-02T11:44:04+00:00,-50.07,-58.90,-64.49,-44.76,-66.70,-55.25,-49.56,-47.68,-55.93,-45.51,-52.24,-58.52,-56.69,-48.51,-55.45,-50.27,-58.18,2026-07-02 11:44:04+00:00
2026-07-02T11:45:03+00:00,-50.41,-57.78,-59.89,-58.99,-64.96,-51.85,-50.77,-50.14,-50.82,-45.61,-51.97,-58.86,-55.17,-49.62,-54.87,-49.30,-57.97,2026-07-02 11:45:03+00:00
2026-07-02T11:46:03+00:00,-51.05,-58.28,-64.94,-59.31,-66.68,-51.99,-51.67,-50.13,-51.43,-45.56,-52.04,-55.29,-56.54,-49.76,-54.56,-50.16,-58.71,2026-07-02 11:46:03+00:00
2026-07-02T11:47:04+00:00,-50.08,-58.52,-63.17,-59.22,-51.86,-47.13,-51.32,-50.16,-50.70,-45.69,-52.58,-58.61,-52.51,-49.96,-55.45,-50.13,-56.05,2026-07-02 11:47:04+00:00
2026-07-02T11:48:03+00:00,-50.70,-59.33,-63.90,-59.18,-51.70,-47.08,-50.87,-50.12,-50.82,-45.81,-53.64,-59.16,-53.32,-50.30,-55.53,-50.46,-58.13,2026-07-02 11:48:03+00:00
2026-07-02T11:49:03+00:00,-51.31,-59.21,-64.31,-59.28,-51.79,-47.05,-51.89,-50.10,-51.75,-45.93,-54.15,-59.31,-52.48,-50.57,-55.23,-50.63,-58.42,2026-07-02 11:49:03+00:00
2026-07-02T11:50:04+00:00,-50.84,-58.90,-64.55,-59.42,-51.85,-47.04,-51.84,-50.23,-51.79,-45.85,-54.29,-59.60,-53.00,-50.68,-54.82,-50.54,-58.42,2026-07-02 11:50:04+00:00
2026-07-02T11:51:03+00:00,-50.88,-58.55,-63.48,-58.83,-58.78,-46.97,-51.48,-50.22,-51.79,-45.86,-54.51,-58.59,-53.01,-50.98,-55.06,-50.62,-59.17,2026-07-02 11:51:03+00:00
2026-07-02T11:52:03+00:00,-51.34,-58.77,-64.20,-58.56,-59.47,-47.03,-51.89,-50.25,-51.72,-45.91,-54.37,-58.63,-52.62,-51.30,-55.13,-50.84,-58.87,2026-07-02 11:52:03+00:00
2026-07-02T11:53:04+00:00,-51.34,-59.50,-63.99,-58.59,-59.51,-47.15,-51.31,-50.11,-51.99,-45.90,-54.46,-58.64,-52.72,-51.56,-55.34,-50.68,-58.78,2026-07-02 11:53:04+00:00
2026-07-02T11:54:04+00:00,-51.21,-59.17,-63.48,-58.83,-59.61,-47.08,-51.95,-50.16,-52.02,-45.81,-54.24,-58.67,-52.78,-51.61,-55.35,-51.00,-57.81,2026-07-02 11:54:04+00:00
2026-07-02T11:55:03+00:00,-51.58,-59.01,-63.33,-59.05,-60.35,-46.54,-51.93,-50.15,-52.11,-45.93,-54.38,-58.85,-52.64,-52.06,-55.51,-50.89,-58.94,2026-07-02 11:55:03+00:00
2026-07-02T11:56:04+00:00,-50.65,-58.79,-60.58,-59.26,-66.45,-47.16,-49.50,-48.68,-53.37,-45.90,-53.79,-59.10,-57.00,-52.12,-54.48,-51.15,-57.92,2026-07-02 11:56:04+00:00
2026-07-02T11:57:04+00:00,-51.31,-58.98,-61.78,-55.25,-65.53,-47.48,-49.51,-46.38,-53.29,-45.71,-54.04,-59.12,-56.78,-50.47,-54.73,-51.48,-57.57,2026-07-02 11:57:04+00:00
2026-07-02T11:58:03+00:00,-51.47,-58.29,-63.27,-55.35,-65.79,-47.20,-49.56,-46.44,-53.34,-45.86,-54.03,-60.67,-57.31,-50.64,-55.19,-51.38,-59.09,2026-07-02 11:58:03+00:00
2026-07-02T11:59:03+00:00,-51.26,-59.45,-62.51,-55.82,-65.73,-47.78,-49.61,-46.38,-53.21,-45.93,-54.01,-60.19,-56.90,-50.94,-55.08,-51.56,-58.55,2026-07-02 11:59:03+00:00
2026-07-02T12:00:04+00:00,-51.08,-58.17,-62.86,-55.85,-67.14,-47.72,-49.40,-46.45,-54.80,-45.76,-53.84,-60.78,-57.05,-50.96,-55.00,-51.53,-58.18,2026-07-02 12:00:04+00:00
2026-07-02T12:01:04+00:00,-51.03,-58.38,-62.39,-56.57,-66.55,-47.71,-49.82,-46.93,-54.85,-45.69,-53.96,-60.74,-56.84,-51.62,-55.54,-51.11,-58.94,2026-07-02 12:01:04+00:00
2026-07-02T12:02:04+00:00,-51.30,-58.57,-49.37,-55.70,-65.41,-47.35,-49.46,-50.02,-54.74,-45.78,-54.05,-56.56,-56.64,-52.87,-54.75,-50.93,-58.88,2026-07-02 12:02:04+00:00
2026-07-02T12:03:03+00:00,-51.47,-59.14,-49.97,-57.04,-65.23,-47.19,-49.46,-50.02,-54.65,-45.72,-53.98,-55.99,-56.62,-52.95,-54.94,-50.99,-59.41,2026-07-02 12:03:03+00:00
2026-07-02T12:04:03+00:00,-49.20,-59.05,-62.22,-58.97,-65.82,-46.95,-50.28,-49.97,-53.52,-45.65,-54.15,-59.96,-56.50,-53.01,-54.20,-49.18,-59.22,2026-07-02 12:04:03+00:00
2026-07-02T12:05:04+00:00,-50.28,-58.52,-63.50,-60.09,-66.23,-47.32,-51.17,-50.01,-53.67,-45.57,-53.39,-59.59,-57.07,-52.97,-54.32,-50.86,-59.17,2026-07-02 12:05:04+00:00
2026-07-02T12:06:03+00:00,-50.17,-59.32,-63.68,-56.37,-66.58,-47.33,-51.27,-50.02,-53.67,-45.47,-53.32,-58.62,-56.54,-52.82,-55.70,-50.55,-59.12,2026-07-02 12:06:03+00:00
2026-07-02T12:07:03+00:00,-50.03,-59.26,-63.78,-58.91,-61.77,-47.27,-51.86,-50.23,-52.54,-45.76,-53.25,-58.17,-53.22,-52.78,-55.47,-50.71,-57.81,2026-07-02 12:07:03+00:00
2026-07-02T12:08:04+00:00,-49.91,-57.19,-62.32,-59.67,-66.01,-47.30,-51.93,-50.17,-53.87,-45.66,-52.73,-54.72,-56.27,-52.81,-54.95,-50.93,-57.21,2026-07-02 12:08:04+00:00
2026-07-02T12:09:03+00:00,-49.80,-58.27,-64.30,-60.22,-65.80,-47.18,-51.79,-50.24,-53.92,-45.53,-53.19,-59.15,-56.75,-52.76,-55.52,-50.74,-58.52,2026-07-02 12:09:03+00:00
2026-07-02T12:10:03+00:00,-49.76,-57.59,-63.87,-60.11,-65.99,-47.13,-51.57,-50.32,-54.01,-45.35,-53.22,-59.36,-56.84,-52.54,-55.56,-50.81,-58.47,2026-07-02 12:10:03+00:00
2026-07-02T12:11:04+00:00,-49.66,-57.75,-63.35,-60.41,-66.39,-47.13,-51.83,-50.31,-54.39,-45.37,-53.29,-59.55,-56.75,-52.39,-54.96,-50.75,-58.72,2026-07-02 12:11:04+00:00
2026-07-02T12:12:03+00:00,-48.83,-58.34,-63.31,-60.26,-66.67,-47.25,-52.02,-50.28,-54.20,-45.38,-53.14,-59.37,-57.16,-52.48,-55.31,-51.27,-56.67,2026-07-02 12:12:03+00:00
2026-07-02T12:13:04+00:00,-49.62,-58.89,-64.12,-60.11,-64.92,-47.25,-51.46,-50.27,-54.33,-45.38,-53.43,-58.55,-56.79,-52.32,-55.25,-51.05,-57.82,2026-07-02 12:13:04+00:00
2026-07-02T12:14:04+00:00,-49.72,-58.98,-65.25,-60.60,-66.29,-47.22,-52.14,-50.37,-56.46,-45.27,-53.04,-59.91,-56.83,-52.22,-55.10,-50.80,-58.08,2026-07-02 12:14:04+00:00
2026-07-02T12:15:03+00:00,-49.36,-58.76,-63.93,-60.45,-66.95,-47.28,-51.91,-50.38,-58.70,-45.13,-53.44,-59.76,-57.00,-52.02,-55.01,-50.65,-58.47,2026-07-02 12:15:03+00:00
2026-07-02T12:16:04+00:00,-48.93,-58.35,-64.38,-59.55,-66.67,-47.32,-51.05,-50.16,-58.38,-45.34,-52.93,-59.55,-57.09,-51.87,-55.39,-50.71,-57.39,2026-07-02 12:16:04+00:00
2026-07-02T12:17:04+00:00,-49.45,-57.41,-63.27,-58.86,-65.54,-46.63,-50.38,-50.17,-58.06,-45.28,-53.20,-59.11,-56.71,-51.85,-55.26,-50.60,-58.42,2026-07-02 12:17:04+00:00
2026-07-02T12:18:03+00:00,-49.97,-58.61,-62.49,-59.66,-66.21,-47.31,-51.25,-50.28,-57.73,-45.40,-53.50,-58.37,-57.00,-51.47,-55.16,-50.58,-58.12,2026-07-02 12:18:03+00:00
2026-07-02T12:19:04+00:00,-53.60,-57.94,-63.29,-59.35,-65.85,-47.32,-51.27,-50.27,-59.34,-45.54,-53.66,-58.51,-57.23,-50.87,-54.85,-50.73,-57.90,2026-07-02 12:19:04+00:00
2026-07-02T12:20:04+00:00,-53.40,-58.94,-62.64,-56.44,-65.97,-55.58,-51.08,-50.61,-58.78,-45.71,-53.60,-59.29,-55.68,-51.08,-54.68,-50.60,-58.48,2026-07-02 12:20:04+00:00
2026-07-02T12:21:03+00:00,-53.80,-58.97,-61.58,-59.87,-67.01,-56.30,-50.22,-50.58,-57.29,-45.65,-53.68,-58.54,-54.83,-51.23,-55.18,-49.68,-58.51,2026-07-02 12:21:03+00:00
2026-07-02T12:22:04+00:00,-53.59,-58.93,-51.38,-58.81,-65.83,-56.07,-50.15,-50.57,-54.33,-45.71,-53.12,-59.18,-51.84,-51.55,-55.28,-50.43,-58.49,2026-07-02 12:22:04+00:00
2026-07-02T12:23:04+00:00,-53.72,-59.46,-51.57,-58.83,-66.58,-56.32,-49.84,-50.68,-54.06,-45.63,-53.08,-59.37,-52.00,-51.58,-55.24,-50.47,-58.57,2026-07-02 12:23:04+00:00
2026-07-02T12:24:03+00:00,-53.14,-58.39,-51.44,-58.58,-66.33,-56.12,-49.65,-50.69,-54.13,-45.51,-52.83,-58.60,-51.57,-51.81,-55.32,-50.16,-58.28,2026-07-02 12:24:03+00:00
2026-07-02T12:25:04+00:00,-53.54,-59.04,-51.21,-58.83,-66.10,-55.77,-49.94,-50.78,-53.97,-45.45,-52.92,-58.82,-51.93,-52.10,-55.05,-50.06,-58.03,2026-07-02 12:25:04+00:00
2026-07-02T12:26:04+00:00,-53.17,-58.95,-51.45,-58.79,-65.82,-55.94,-50.14,-50.88,-53.85,-45.74,-52.94,-59.22,-51.48,-51.88,-54.79,-50.23,-58.38,2026-07-02 12:26:04+00:00
2026-07-02T12:27:03+00:00,-53.64,-59.10,-51.41,-58.89,-65.39,-55.70,-50.13,-50.68,-53.76,-45.56,-52.89,-58.99,-51.50,-52.48,-55.28,-50.14,-58.27,2026-07-02 12:27:03+00:00
2026-07-02T12:28:03+00:00,-54.24,-58.55,-51.26,-59.07,-65.70,-55.87,-50.01,-50.61,-53.93,-45.66,-52.94,-57.69,-51.34,-52.39,-55.23,-49.97,-58.47,2026-07-02 12:28:03+00:00
2026-07-02T12:29:04+00:00,-51.73,-58.51,-51.22,-59.07,-65.61,-55.78,-50.14,-50.56,-53.69,-45.50,-51.88,-57.81,-51.26,-52.55,-55.19,-50.10,-58.30,2026-07-02 12:29:04+00:00
2026-07-02T12:30:03+00:00,-53.15,-58.01,-59.76,-52.09,-65.70,-56.54,-49.56,-50.44,-51.58,-45.39,-51.66,-57.51,-53.74,-52.80,-54.15,-49.75,-58.81,2026-07-02 12:30:03+00:00
2026-07-02T12:31:03+00:00,-53.37,-58.88,-63.47,-43.63,-66.95,-55.46,-49.60,-48.85,-51.50,-45.51,-52.45,-58.56,-56.00,-51.62,-55.16,-49.74,-58.74,2026-07-02 12:31:03+00:00
2026-07-02T12:32:04+00:00,-53.29,-58.49,-64.07,-43.62,-65.84,-54.96,-49.73,-48.45,-51.58,-45.53,-52.42,-61.90,-56.24,-51.59,-55.41,-49.42,-57.78,2026-07-02 12:32:04+00:00
2026-07-02T12:33:03+00:00,-52.89,-59.20,-63.91,-43.64,-66.51,-55.22,-49.58,-48.78,-51.72,-45.63,-52.59,-62.88,-56.02,-51.55,-55.10,-49.74,-58.82,2026-07-02 12:33:03+00:00
2026-07-02T12:34:04+00:00,-52.45,-58.67,-63.97,-44.15,-65.25,-56.39,-49.93,-48.14,-51.73,-45.42,-52.67,-61.57,-56.29,-52.03,-55.45,-49.31,-57.92,2026-07-02 12:34:04+00:00
2026-07-02T12:35:04+00:00,-52.88,-58.38,-63.96,-44.28,-66.99,-55.83,-49.64,-47.29,-51.68,-45.44,-51.66,-62.80,-56.31,-52.66,-55.53,-49.26,-57.65,2026-07-02 12:35:04+00:00
2026-07-02T12:36:03+00:00,-52.81,-58.41,-63.68,-44.27,-65.93,-55.97,-49.35,-48.12,-51.85,-45.19,-52.63,-63.18,-56.12,-52.22,-55.10,-49.21,-58.14,2026-07-02 12:36:03+00:00
2026-07-02T12:37:03+00:00,-53.52,-58.37,-62.75,-44.01,-65.67,-56.17,-49.54,-48.14,-52.11,-45.17,-52.71,-61.42,-56.10,-52.00,-55.56,-49.07,-58.47,2026-07-02 12:37:03+00:00
2026-07-02T12:38:04+00:00,-54.37,-57.48,-63.09,-43.86,-65.06,-56.03,-49.68,-48.28,-52.31,-45.01,-52.68,-61.51,-56.17,-51.96,-55.19,-49.22,-58.75,2026-07-02 12:38:04+00:00
2026-07-02T12:39:03+00:00,-54.35,-58.74,-63.86,-43.93,-66.30,-56.21,-49.51,-49.25,-52.11,-45.30,-52.53,-62.11,-56.07,-52.33,-54.87,-49.29,-58.61,2026-07-02 12:39:03+00:00
2026-07-02T12:40:03+00:00,-53.29,-58.59,-63.28,-43.79,-65.16,-56.08,-49.33,-48.48,-49.98,-45.36,-52.69,-61.77,-56.15,-52.10,-54.69,-49.25,-58.32,2026-07-02 12:40:03+00:00
2026-07-02T12:41:04+00:00,-53.87,-58.60,-64.11,-43.89,-65.31,-56.20,-49.46,-48.01,-49.44,-45.14,-52.65,-61.06,-56.31,-52.68,-54.63,-49.39,-55.80,2026-07-02 12:41:04+00:00
2026-07-02T12:42:03+00:00,-54.06,-57.65,-64.42,-43.93,-65.35,-56.21,-49.38,-47.82,-49.39,-45.17,-52.47,-63.40,-56.28,-52.85,-54.71,-49.35,-58.78,2026-07-02 12:42:03+00:00
2026-07-02T12:43:03+00:00,-54.27,-56.65,-64.01,-43.85,-66.29,-56.14,-49.26,-47.75,-49.32,-45.41,-52.51,-62.15,-56.39,-52.87,-54.80,-49.51,-58.75,2026-07-02 12:43:03+00:00
2026-07-02T12:44:04+00:00,-54.90,-58.35,-64.52,-60.12,-65.75,-56.33,-51.43,-50.45,-49.78,-45.11,-52.30,-57.76,-56.61,-54.76,-52.24,-49.12,-57.79,2026-07-02 12:44:04+00:00
2026-07-02T12:45:03+00:00,-54.83,-58.63,-64.44,-59.45,-62.15,-52.63,-51.30,-50.63,-50.77,-45.31,-51.97,-61.19,-52.21,-55.06,-54.75,-49.14,-58.54,2026-07-02 12:45:03+00:00
2026-07-02T12:46:03+00:00,-54.38,-58.96,-62.18,-59.37,-61.45,-52.22,-51.68,-50.67,-51.22,-46.00,-52.74,-61.35,-53.87,-55.42,-54.84,-49.26,-58.49,2026-07-02 12:46:03+00:00
2026-07-02T12:47:04+00:00,-53.88,-58.55,-61.75,-59.42,-65.26,-46.57,-52.08,-50.62,-51.35,-45.79,-52.57,-60.24,-54.62,-55.24,-55.01,-49.05,-58.06,2026-07-02 12:47:04+00:00
2026-07-02T12:48:03+00:00,-53.88,-57.91,-63.44,-59.50,-65.35,-46.44,-51.83,-50.57,-51.62,-45.66,-52.70,-62.69,-54.71,-55.18,-54.65,-48.92,-58.61,2026-07-02 12:48:03+00:00
2026-07-02T12:49:03+00:00,-50.16,-57.77,-62.13,-59.52,-64.76,-46.54,-51.73,-50.57,-51.20,-45.89,-52.72,-59.21,-54.79,-54.92,-54.85,-48.84,-58.38,2026-07-02 12:49:03+00:00
2026-07-02T12:50:04+00:00,-49.32,-59.13,-55.37,-59.55,-64.96,-45.93,-49.31,-50.56,-52.32,-45.79,-52.54,-60.74,-54.16,-54.90,-51.37,-48.67,-58.90,2026-07-02 12:50:04+00:00
2026-07-02T12:51:03+00:00,-49.25,-59.25,-49.19,-58.26,-66.93,-46.31,-49.26,-50.56,-57.41,-45.73,-52.71,-58.66,-56.53,-54.25,-54.75,-48.67,-58.75,2026-07-02 12:51:03+00:00
2026-07-02T12:52:03+00:00,-49.71,-59.04,-49.13,-55.88,-66.86,-46.31,-49.53,-50.60,-57.41,-45.62,-52.39,-57.57,-56.67,-54.60,-54.21,-48.69,-59.00,2026-07-02 12:52:03+00:00
2026-07-02T12:53:04+00:00,-49.54,-58.74,-55.75,-59.51,-65.45,-46.00,-49.95,-50.68,-53.15,-45.72,-52.43,-60.75,-53.86,-55.21,-51.89,-48.17,-58.47,2026-07-02 12:53:04+00:00
2026-07-02T12:54:03+00:00,-49.85,-57.89,-63.50,-59.67,-66.31,-46.41,-50.63,-50.61,-57.38,-45.61,-52.34,-63.20,-56.72,-54.96,-54.74,-48.22,-58.94,2026-07-02 12:54:03+00:00
2026-07-02T12:55:03+00:00,-50.08,-57.42,-64.03,-58.72,-66.60,-46.52,-50.83,-50.70,-57.63,-45.68,-52.37,-63.01,-57.10,-55.28,-54.42,-47.96,-58.92,2026-07-02 12:55:03+00:00
2026-07-02T12:56:04+00:00,-50.28,-57.66,-64.70,-59.87,-64.60,-46.48,-51.31,-50.75,-57.14,-45.55,-52.15,-63.33,-57.09,-55.55,-54.94,-48.49,-58.95,2026-07-02 12:56:04+00:00
2026-07-02T12:57:03+00:00,-49.42,-57.80,-63.23,-51.96,-66.21,-46.57,-49.48,-46.41,-56.81,-45.42,-52.32,-63.40,-56.89,-53.68,-54.96,-48.51,-58.72,2026-07-02 12:57:03+00:00
2026-07-02T12:58:03+00:00,-49.56,-59.60,-65.13,-59.99,-68.02,-46.62,-51.76,-50.86,-57.16,-45.72,-52.26,-63.78,-57.06,-56.41,-55.60,-48.48,-59.84,2026-07-02 12:58:03+00:00
2026-07-02T12:59:04+00:00,-49.42,-58.81,-64.58,-60.27,-66.73,-46.50,-52.99,-50.78,-53.87,-45.79,-52.51,-62.91,-56.94,-56.77,-55.45,-48.74,-59.57,2026-07-02 12:59:04+00:00
2026-07-02T13:00:03+00:00,-50.06,-57.62,-63.62,-59.78,-66.14,-46.60,-51.69,-50.75,-53.84,-45.75,-52.38,-62.14,-56.86,-56.97,-55.21,-48.88,-51.56,2026-07-02 13:00:03+00:00
2026-07-02T13:01:04+00:00,-50.10,-58.73,-65.79,-60.08,-66.11,-46.64,-52.19,-50.92,-53.69,-45.82,-52.44,-63.91,-57.32,-57.18,-55.48,-49.09,-52.03,2026-07-02 13:01:04+00:00
2026-07-02T13:02:04+00:00,-49.75,-57.28,-64.75,-60.14,-66.88,-46.75,-51.61,-50.82,-54.25,-45.75,-52.53,-63.92,-57.02,-56.75,-55.27,-49.28,-52.03,2026-07-02 13:02:04+00:00
2026-07-02T13:03:04+00:00,-49.36,-57.57,-64.52,-59.93,-65.88,-46.65,-51.92,-50.81,-53.53,-45.84,-52.20,-63.88,-57.06,-57.06,-55.46,-49.20,-52.04,2026-07-02 13:03:04+00:00
2026-07-02T13:04:03+00:00,-53.95,-58.43,-66.92,-60.06,-66.39,-46.67,-52.57,-50.84,-54.07,-45.87,-52.39,-65.49,-57.26,-57.13,-55.28,-49.54,-55.71,2026-07-02 13:04:03+00:00
2026-07-02T13:05:04+00:00,-54.03,-59.21,-65.75,-60.00,-66.36,-46.68,-51.66,-50.75,-53.88,-45.99,-52.44,-64.52,-57.12,-57.16,-55.38,-49.66,-55.65,2026-07-02 13:05:04+00:00
2026-07-02T13:06:04+00:00,-53.48,-57.97,-65.92,-59.95,-66.22,-46.74,-52.26,-50.84,-53.93,-45.86,-52.43,-64.63,-57.56,-57.01,-54.87,-49.61,-55.78,2026-07-02 13:06:04+00:00
2026-07-02T13:07:03+00:00,-54.23,-57.20,-64.75,-60.35,-66.46,-46.71,-52.09,-50.80,-51.95,-45.78,-52.42,-65.17,-56.92,-56.82,-55.65,-49.71,-55.79,2026-07-02 13:07:03+00:00
2026-07-02T13:08:04+00:00,-54.26,-56.98,-64.70,-60.07,-67.19,-46.65,-51.25,-50.77,-53.10,-45.74,-51.93,-63.53,-57.11,-56.35,-55.30,-49.88,-55.78,2026-07-02 13:08:04+00:00
2026-07-02T13:09:04+00:00,-55.08,-57.90,-62.80,-60.08,-66.26,-46.68,-51.72,-50.80,-53.33,-45.93,-51.96,-59.75,-57.04,-56.29,-54.89,-49.74,-55.65,2026-07-02 13:09:04+00:00
2026-07-02T13:10:03+00:00,-54.90,-58.12,-63.85,-60.15,-66.26,-46.78,-52.35,-50.87,-53.55,-45.93,-52.07,-60.21,-57.25,-55.94,-54.95,-49.81,-55.82,2026-07-02 13:10:03+00:00
2026-07-02T13:11:04+00:00,-54.86,-57.77,-64.74,-60.07,-66.21,-46.76,-51.73,-50.88,-53.60,-45.80,-51.91,-62.66,-57.31,-55.75,-55.33,-50.14,-55.95,2026-07-02 13:11:04+00:00
2026-07-02T13:12:04+00:00,-55.64,-59.10,-63.87,-60.11,-66.11,-46.73,-52.04,-50.87,-53.40,-45.77,-51.94,-60.57,-57.37,-55.37,-55.31,-50.28,-55.89,2026-07-02 13:12:04+00:00
2026-07-02T13:13:03+00:00,-54.02,-58.98,-65.39,-60.30,-66.19,-46.72,-51.85,-50.87,-53.45,-45.60,-51.75,-64.01,-57.45,-55.22,-55.21,-50.41,-55.84,2026-07-02 13:13:03+00:00
2026-07-02T13:14:04+00:00,-54.25,-59.29,-64.44,-60.09,-66.44,-46.76,-52.87,-50.80,-52.47,-45.60,-51.63,-60.94,-57.61,-54.86,-55.24,-50.33,-54.99,2026-07-02 13:14:04+00:00
2026-07-02T13:15:04+00:00,-54.45,-58.88,-64.59,-59.86,-66.63,-46.74,-51.88,-50.85,-50.73,-45.71,-51.62,-63.73,-57.62,-54.94,-55.22,-50.62,-56.01,2026-07-02 13:15:04+00:00
2026-07-02T13:16:03+00:00,-54.35,-58.23,-65.52,-60.07,-66.07,-46.77,-51.70,-50.91,-50.70,-45.72,-51.62,-64.36,-57.57,-55.02,-54.89,-50.67,-54.91,2026-07-02 13:16:03+00:00
2026-07-02T13:17:04+00:00,-54.34,-57.94,-64.19,-60.25,-66.59,-46.68,-52.29,-50.70,-50.79,-45.67,-51.86,-61.48,-57.55,-54.61,-55.36,-51.05,-55.01,2026-07-02 13:17:04+00:00
2026-07-02T13:18:04+00:00,-54.17,-58.38,-63.74,-60.17,-66.34,-46.71,-52.25,-50.63,-50.75,-45.83,-51.77,-61.18,-57.42,-54.64,-54.96,-50.88,-55.88,2026-07-02 13:18:04+00:00
2026-07-02T13:19:03+00:00,-54.35,-58.17,-63.31,-60.14,-66.09,-46.79,-52.71,-50.66,-50.95,-45.73,-52.03,-60.18,-57.38,-55.12,-54.85,-51.23,-55.72,2026-07-02 13:19:03+00:00
2026-07-02T13:20:03+00:00,-53.85,-58.23,-63.29,-60.11,-66.07,-46.74,-51.98,-50.69,-51.03,-45.79,-51.88,-61.77,-57.32,-55.05,-55.15,-51.02,-55.81,2026-07-02 13:20:03+00:00
2026-07-02T13:21:04+00:00,-53.56,-58.32,-63.80,-60.43,-66.40,-46.69,-51.69,-50.74,-51.03,-45.73,-51.27,-60.25,-57.29,-55.09,-55.29,-51.03,-54.99,2026-07-02 13:21:04+00:00
2026-07-02T13:22:03+00:00,-54.15,-58.86,-63.30,-60.12,-66.27,-46.59,-52.10,-50.65,-51.31,-45.68,-51.82,-60.12,-57.37,-55.18,-55.30,-50.96,-55.75,2026-07-02 13:22:03+00:00
2026-07-02T13:23:03+00:00,-53.15,-58.52,-63.63,-60.41,-66.32,-46.62,-51.78,-50.87,-51.17,-45.53,-51.48,-60.78,-57.60,-55.17,-54.89,-50.73,-54.93,2026-07-02 13:23:03+00:00
2026-07-02T13:24:04+00:00,-52.55,-59.01,-64.12,-60.54,-66.51,-46.55,-52.02,-50.79,-51.13,-45.70,-51.85,-61.61,-57.56,-55.16,-54.81,-50.65,-55.78,2026-07-02 13:24:04+00:00
2026-07-02T13:25:03+00:00,-52.97,-58.47,-64.19,-60.27,-66.69,-46.50,-52.42,-50.83,-51.10,-45.47,-51.89,-64.12,-57.38,-55.18,-54.84,-50.69,-54.77,2026-07-02 13:25:03+00:00
2026-07-02T13:26:03+00:00,-53.71,-58.86,-64.26,-60.34,-66.81,-46.33,-52.44,-50.90,-51.24,-45.32,-52.22,-61.42,-57.31,-55.41,-55.49,-50.37,-54.75,2026-07-02 13:26:03+00:00
2026-07-02T13:27:04+00:00,-53.05,-58.26,-65.13,-60.39,-66.53,-46.37,-51.81,-50.91,-51.23,-45.35,-51.72,-64.27,-57.28,-55.67,-55.22,-50.32,-55.36,2026-07-02 13:27:04+00:00
2026-07-02T13:28:04+00:00,-52.44,-57.84,-63.54,-60.33,-66.86,-46.38,-52.27,-50.78,-51.31,-44.91,-52.12,-61.35,-57.36,-55.85,-55.37,-50.22,-55.63,2026-07-02 13:28:04+00:00
2026-07-02T13:29:03+00:00,-53.54,-58.28,-64.87,-60.49,-66.61,-46.15,-52.51,-50.77,-53.18,-44.92,-52.04,-62.33,-57.44,-56.37,-55.60,-50.18,-54.71,2026-07-02 13:29:03+00:00
2026-07-02T13:30:04+00:00,-53.22,-58.68,-65.39,-60.28,-66.22,-46.29,-52.38,-50.81,-54.93,-44.76,-52.35,-65.48,-57.37,-56.58,-55.11,-50.28,-55.47,2026-07-02 13:30:04+00:00
2026-07-02T13:31:04+00:00,-52.82,-59.09,-66.50,-60.26,-66.54,-46.27,-51.66,-50.81,-54.97,-44.89,-52.33,-65.30,-57.45,-57.16,-55.48,-50.17,-55.17,2026-07-02 13:31:04+00:00
2026-07-02T13:32:03+00:00,-53.06,-59.39,-66.43,-60.07,-66.36,-46.35,-52.07,-50.79,-55.00,-45.04,-52.50,-65.67,-57.48,-57.54,-55.45,-49.82,-55.36,2026-07-02 13:32:03+00:00
2026-07-02T13:33:04+00:00,-52.12,-58.98,-64.23,-60.38,-66.31,-46.14,-51.62,-50.86,-54.72,-45.08,-52.35,-63.72,-57.29,-57.83,-55.29,-49.80,-55.42,2026-07-02 13:33:04+00:00
2026-07-02T13:34:04+00:00,-49.60,-59.31,-65.91,-60.35,-66.43,-46.20,-52.11,-50.86,-54.35,-45.09,-52.50,-65.78,-57.47,-58.11,-55.46,-49.72,-54.90,2026-07-02 13:34:04+00:00
2026-07-02T13:35:03+00:00,-49.61,-58.75,-65.82,-60.20,-66.06,-46.22,-51.41,-50.84,-56.62,-45.27,-52.57,-65.37,-57.35,-57.83,-55.65,-49.73,-55.41,2026-07-02 13:35:03+00:00
2026-07-02T13:36:04+00:00,-49.71,-58.79,-65.66,-60.25,-65.47,-46.19,-51.45,-50.79,-57.38,-45.15,-52.33,-65.18,-57.42,-58.09,-55.55,-50.01,-54.57,2026-07-02 13:36:04+00:00
2026-07-02T13:37:03+00:00,-49.93,-58.85,-65.75,-60.26,-66.01,-46.29,-51.02,-50.84,-56.95,-45.10,-52.60,-65.20,-57.43,-57.79,-55.33,-49.93,-55.24,2026-07-02 13:37:03+00:00
2026-07-02T13:38:04+00:00,-49.71,-59.44,-66.19,-60.17,-66.24,-46.56,-51.20,-50.83,-55.29,-45.06,-52.52,-65.03,-57.18,-57.63,-55.76,-50.07,-54.59,2026-07-02 13:38:04+00:00
2026-07-02T13:39:04+00:00,-49.51,-57.72,-64.74,-59.92,-66.92,-46.60,-51.78,-50.84,-54.79,-45.05,-52.51,-64.84,-57.07,-57.45,-55.75,-49.81,-54.78,2026-07-02 13:39:04+00:00
2026-07-02T13:40:03+00:00,-49.57,-58.59,-66.06,-60.07,-65.75,-46.60,-51.58,-50.85,-55.19,-45.05,-52.57,-65.28,-56.99,-56.95,-55.64,-49.76,-54.63,2026-07-02 13:40:03+00:00
2026-07-02T13:41:03+00:00,-49.61,-58.82,-65.25,-60.26,-66.17,-46.60,-51.45,-50.82,-55.08,-44.87,-52.49,-63.89,-56.85,-56.30,-55.82,-49.85,-54.78,2026-07-02 13:41:03+00:00
2026-07-02T13:42:04+00:00,-49.56,-58.96,-65.73,-60.42,-66.31,-46.61,-51.48,-50.79,-55.29,-44.85,-52.70,-63.85,-57.29,-55.70,-55.68,-50.08,-54.81,2026-07-02 13:42:04+00:00
2026-07-02T13:43:03+00:00,-49.16,-59.15,-66.36,-60.30,-65.83,-46.74,-50.88,-50.85,-55.17,-45.02,-52.54,-64.80,-56.88,-54.98,-55.98,-49.88,-55.25,2026-07-02 13:43:03+00:00
2026-07-02T13:44:03+00:00,-49.60,-58.28,-66.68,-59.83,-65.08,-46.85,-51.05,-50.98,-55.22,-45.01,-52.65,-65.48,-57.00,-54.60,-55.73,-49.80,-55.24,2026-07-02 13:44:03+00:00
2026-07-02T13:45:04+00:00,-49.21,-57.81,-64.42,-60.09,-66.49,-46.83,-50.97,-50.90,-57.84,-44.91,-52.69,-63.89,-56.80,-54.17,-56.11,-49.52,-55.36,2026-07-02 13:45:04+00:00
2026-07-02T13:46:03+00:00,-49.66,-58.41,-66.30,-60.13,-66.69,-46.83,-50.90,-50.86,-57.97,-44.87,-52.66,-65.23,-57.34,-53.97,-55.94,-49.59,-55.46,2026-07-02 13:46:03+00:00
2026-07-02T13:47:03+00:00,-49.75,-58.82,-65.98,-60.29,-66.35,-46.85,-51.31,-50.90,-56.91,-44.94,-52.39,-64.88,-57.10,-53.92,-55.79,-49.51,-54.68,2026-07-02 13:47:03+00:00
2026-07-02T13:48:04+00:00,-49.73,-58.22,-65.26,-60.21,-66.50,-46.88,-51.16,-50.75,-54.99,-45.05,-52.58,-65.51,-57.14,-53.92,-55.58,-49.53,-54.74,2026-07-02 13:48:04+00:00
2026-07-02T13:49:03+00:00,-54.50,-57.95,-65.85,-59.85,-65.82,-47.02,-51.03,-50.68,-55.77,-44.98,-52.59,-65.11,-57.12,-53.84,-55.67,-49.47,-55.66,2026-07-02 13:49:03+00:00
2026-07-02T13:50:03+00:00,-53.61,-57.67,-65.85,-59.72,-66.67,-46.97,-50.98,-50.64,-58.72,-45.03,-51.81,-65.07,-57.03,-54.37,-55.60,-49.56,-54.49,2026-07-02 13:50:03+00:00
2026-07-02T13:51:04+00:00,-53.42,-57.73,-65.20,-59.57,-65.79,-47.06,-50.72,-50.63,-58.85,-45.07,-52.40,-65.26,-56.82,-54.56,-56.06,-49.43,-55.32,2026-07-02 13:51:04+00:00
2026-07-02T13:52:03+00:00,-53.63,-57.91,-65.91,-59.67,-66.30,-47.00,-50.75,-50.59,-56.98,-44.93,-52.38,-65.43,-56.69,-54.81,-55.93,-49.40,-55.37,2026-07-02 13:52:03+00:00
2026-07-02T13:53:03+00:00,-54.10,-58.08,-66.76,-59.64,-66.09,-47.11,-51.00,-50.88,-57.00,-44.96,-52.37,-65.73,-57.14,-55.06,-56.12,-49.38,-55.57,2026-07-02 13:53:03+00:00
2026-07-02T13:54:04+00:00,-54.73,-58.65,-65.98,-60.01,-65.85,-47.12,-50.94,-50.88,-57.04,-45.15,-52.60,-65.48,-56.70,-55.24,-55.70,-49.54,-55.49,2026-07-02 13:54:04+00:00
2026-07-02T13:55:04+00:00,-54.23,-58.36,-64.92,-59.63,-65.89,-47.19,-51.04,-50.93,-56.86,-45.06,-52.30,-65.02,-56.93,-55.80,-55.71,-49.27,-54.69,2026-07-02 13:55:04+00:00
2026-07-02T13:56:03+00:00,-52.60,-59.15,-66.73,-59.82,-65.95,-47.21,-50.93,-50.94,-57.06,-45.24,-52.48,-65.77,-57.08,-55.81,-55.75,-49.35,-55.47,2026-07-02 13:56:03+00:00
2026-07-02T13:57:04+00:00,-52.21,-57.75,-66.02,-59.93,-66.06,-47.32,-50.27,-50.84,-56.73,-45.10,-52.39,-65.02,-57.03,-56.68,-55.91,-49.01,-55.41,2026-07-02 13:57:04+00:00
2026-07-02T13:58:04+00:00,-53.10,-58.55,-65.05,-59.56,-67.11,-47.26,-50.86,-50.59,-56.61,-45.17,-52.14,-65.05,-56.98,-57.00,-55.72,-48.87,-54.69,2026-07-02 13:58:04+00:00
2026-07-02T13:59:03+00:00,-53.26,-58.52,-65.65,-59.53,-65.97,-47.29,-50.93,-50.75,-51.83,-45.12,-52.47,-65.35,-57.10,-57.37,-55.91,-48.78,-54.91,2026-07-02 13:59:03+00:00
2026-07-02T14:00:04+00:00,-53.02,-56.99,-65.50,-59.77,-65.58,-47.37,-50.80,-50.74,-51.89,-45.22,-52.30,-64.58,-56.95,-57.80,-55.48,-48.61,-52.19,2026-07-02 14:00:04+00:00
2026-07-02T14:01:04+00:00,-53.49,-57.64,-66.73,-59.73,-65.64,-47.29,-50.56,-50.71,-51.95,-45.27,-52.26,-65.31,-57.34,-58.27,-55.70,-48.66,-52.49,2026-07-02 14:01:04+00:00
2026-07-02T14:02:04+00:00,-52.94,-58.16,-66.38,-59.55,-66.12,-47.44,-50.63,-50.62,-52.09,-45.31,-52.50,-65.52,-57.09,-58.82,-54.87,-48.52,-52.47,2026-07-02 14:02:04+00:00
2026-07-02T14:03:04+00:00,-53.41,-58.01,-66.38,-59.36,-66.42,-47.43,-50.77,-50.96,-52.20,-45.23,-52.49,-65.55,-57.23,-59.18,-55.52,-48.58,-52.23,2026-07-02 14:03:04+00:00
2026-07-02T14:04:03+00:00,-53.47,-58.11,-65.80,-59.44,-66.97,-47.50,-50.46,-50.91,-52.37,-45.50,-52.49,-64.69,-57.32,-59.82,-55.39,-48.16,-54.86,2026-07-02 14:04:03+00:00
2026-07-02T14:05:04+00:00,-53.92,-58.16,-64.81,-59.25,-66.78,-55.55,-50.51,-50.97,-52.34,-45.44,-52.58,-64.91,-57.12,-60.99,-55.45,-48.07,-52.39,2026-07-02 14:05:04+00:00
2026-07-02T14:06:04+00:00,-54.09,-57.88,-65.00,-59.05,-66.16,-56.52,-50.53,-50.89,-52.13,-45.43,-52.49,-64.66,-57.03,-61.63,-55.79,-48.21,-54.11,2026-07-02 14:06:04+00:00
2026-07-02T14:07:03+00:00,-53.45,-57.31,-64.81,-58.95,-66.35,-56.04,-50.63,-50.93,-52.45,-45.39,-52.16,-65.22,-57.13,-62.04,-55.49,-48.08,-52.33,2026-07-02 14:07:03+00:00
2026-07-02T14:08:04+00:00,-54.01,-57.08,-64.84,-58.84,-66.37,-56.74,-50.69,-50.91,-52.63,-45.33,-52.61,-65.52,-57.17,-62.85,-55.29,-48.05,-52.28,2026-07-02 14:08:04+00:00
2026-07-02T14:09:04+00:00,-53.37,-58.07,-65.56,-59.28,-66.81,-56.78,-50.33,-51.05,-52.70,-45.37,-52.56,-66.06,-57.28,-63.27,-55.31,-47.75,-52.33,2026-07-02 14:09:04+00:00
2026-07-02T14:10:03+00:00,-53.47,-58.66,-65.39,-59.16,-66.31,-56.86,-51.00,-51.01,-52.69,-45.45,-52.33,-66.29,-56.98,-63.77,-55.34,-47.74,-52.45,2026-07-02 14:10:03+00:00
2026-07-02T14:11:03+00:00,-53.50,-58.01,-66.37,-59.14,-66.01,-56.46,-50.67,-50.92,-52.68,-45.48,-52.20,-66.47,-57.40,-63.28,-53.94,-47.63,-54.22,2026-07-02 14:11:03+00:00
2026-07-02T14:12:04+00:00,-53.37,-58.12,-65.68,-59.04,-65.52,-56.68,-50.79,-51.00,-52.62,-45.35,-52.49,-65.56,-57.32,-63.14,-53.18,-47.82,-52.20,2026-07-02 14:12:04+00:00
2026-07-02T14:13:03+00:00,-52.80,-57.09,-62.90,-58.84,-66.83,-56.28,-50.45,-51.14,-52.55,-45.48,-52.87,-63.72,-56.93,-62.48,-55.44,-47.75,-52.32,2026-07-02 14:13:03+00:00
2026-07-02T14:14:03+00:00,-54.02,-56.90,-66.07,-58.31,-65.61,-56.44,-50.58,-50.94,-59.04,-45.46,-53.22,-65.94,-57.12,-62.53,-55.04,-47.85,-54.90,2026-07-02 14:14:03+00:00
2026-07-02T14:15:04+00:00,-53.48,-57.08,-65.81,-58.29,-66.10,-56.60,-50.60,-51.03,-58.72,-45.41,-53.07,-65.31,-57.03,-62.26,-55.73,-47.44,-52.35,2026-07-02 14:15:04+00:00
2026-07-02T14:16:03+00:00,-53.89,-56.97,-67.00,-58.28,-67.13,-56.54,-50.36,-51.02,-59.26,-45.18,-53.16,-66.42,-57.16,-62.24,-55.19,-47.35,-52.34,2026-07-02 14:16:03+00:00
2026-07-02T14:17:03+00:00,-53.38,-56.43,-65.20,-58.21,-65.93,-56.72,-50.64,-51.01,-58.94,-45.33,-52.99,-65.86,-57.08,-61.83,-55.49,-47.24,-52.39,2026-07-02 14:17:03+00:00
2026-07-02T14:18:04+00:00,-53.61,-55.83,-65.39,-58.03,-65.66,-56.41,-50.25,-50.95,-58.90,-45.37,-52.92,-65.98,-56.78,-61.17,-55.27,-47.21,-52.33,2026-07-02 14:18:04+00:00
2026-07-02T14:19:03+00:00,-49.84,-55.92,-65.40,-58.19,-66.07,-56.55,-51.07,-50.91,-57.17,-45.44,-53.14,-66.01,-56.88,-61.03,-55.17,-46.99,-52.39,2026-07-02 14:19:03+00:00
2026-07-02T14:20:03+00:00,-49.91,-56.63,-65.47,-58.20,-66.29,-56.61,-50.60,-50.94,-57.97,-45.37,-53.07,-65.97,-56.97,-60.54,-55.39,-46.99,-55.80,2026-07-02 14:20:03+00:00
2026-07-02T14:21:04+00:00,-49.88,-56.50,-65.48,-58.16,-65.54,-56.29,-50.66,-51.03,-58.45,-45.43,-52.93,-65.96,-57.11,-59.87,-55.35,-46.88,-55.35,2026-07-02 14:21:04+00:00
2026-07-02T14:22:03+00:00,-49.73,-56.66,-65.29,-57.82,-67.33,-56.64,-50.74,-51.01,-58.64,-45.61,-52.97,-65.97,-57.07,-59.18,-55.48,-46.61,-54.91,2026-07-02 14:22:03+00:00
2026-07-02T14:23:03+00:00,-49.78,-57.25,-62.30,-57.32,-65.99,-56.47,-50.41,-50.90,-58.15,-45.35,-52.77,-62.95,-56.97,-58.91,-55.34,-46.77,-55.75,2026-07-02 14:23:03+00:00
2026-07-02T14:24:04+00:00,-49.69,-56.20,-65.02,-57.34,-66.47,-56.57,-50.47,-50.93,-58.55,-45.31,-52.84,-65.44,-57.03,-58.42,-55.09,-46.81,-54.93,2026-07-02 14:24:04+00:00
2026-07-02T14:25:03+00:00,-49.80,-56.77,-67.56,-57.64,-66.94,-56.67,-50.55,-50.97,-58.67,-45.45,-53.03,-67.15,-57.17,-57.82,-55.19,-46.96,-54.20,2026-07-02 14:25:03+00:00
2026-07-02T14:26:03+00:00,-49.96,-57.13,-67.14,-57.36,-66.15,-56.56,-50.68,-50.99,-58.62,-45.49,-52.90,-66.69,-57.24,-57.37,-55.12,-47.02,-55.74,2026-07-02 14:26:03+00:00
2026-07-02T14:27:04+00:00,-50.13,-56.72,-64.87,-57.02,-65.90,-53.07,-50.79,-51.00,-58.09,-45.05,-52.46,-64.30,-57.25,-56.72,-55.09,-47.25,-55.03,2026-07-02 14:27:04+00:00
2026-07-02T14:28:03+00:00,-49.70,-57.09,-66.76,-57.12,-65.72,-53.15,-51.02,-51.06,-58.12,-45.30,-52.52,-64.83,-57.31,-57.04,-55.61,-47.32,-55.86,2026-07-02 14:28:03+00:00
2026-07-02T14:29:03+00:00,-49.75,-56.39,-65.80,-56.95,-66.88,-47.01,-50.35,-50.90,-58.05,-45.19,-52.23,-64.02,-57.32,-56.80,-55.17,-47.40,-55.87,2026-07-02 14:29:03+00:00
2026-07-02T14:30:04+00:00,-49.45,-56.56,-66.06,-56.89,-66.25,-46.94,-50.47,-50.96,-58.06,-45.07,-52.44,-64.13,-57.21,-56.78,-55.29,-47.47,-55.75,2026-07-02 14:30:04+00:00
2026-07-02T14:31:04+00:00,-49.60,-57.46,-68.08,-56.96,-66.02,-46.96,-50.10,-51.08,-58.35,-45.16,-52.58,-65.71,-57.38,-57.11,-55.87,-47.51,-55.74,2026-07-02 14:31:04+00:00
2026-07-02T14:32:03+00:00,-49.33,-57.47,-67.60,-57.08,-66.49,-46.98,-50.04,-51.21,-58.27,-44.94,-52.20,-65.22,-57.33,-57.24,-55.04,-47.61,-55.78,2026-07-02 14:32:03+00:00
2026-07-02T14:33:04+00:00,-49.81,-57.06,-67.10,-56.87,-66.02,-46.98,-50.42,-51.17,-57.63,-44.87,-52.33,-65.02,-57.15,-57.62,-55.03,-47.48,-55.78,2026-07-02 14:33:04+00:00
2026-07-02T14:34:04+00:00,-53.00,-57.06,-65.98,-56.76,-67.35,-46.98,-50.38,-51.10,-58.94,-45.02,-52.26,-64.66,-56.95,-57.68,-55.24,-47.35,-55.73,2026-07-02 14:34:04+00:00
2026-07-02T14:35:03+00:00,-53.95,-57.69,-67.62,-56.47,-66.01,-47.00,-51.06,-51.06,-59.10,-44.76,-52.32,-65.50,-57.13,-58.20,-55.66,-47.34,-55.79,2026-07-02 14:35:03+00:00
2026-07-02T14:36:04+00:00,-53.82,-56.93,-66.91,-56.50,-66.80,-46.98,-50.78,-51.18,-58.24,-44.51,-50.15,-65.09,-57.11,-58.48,-55.27,-47.38,-55.52,2026-07-02 14:36:04+00:00
2026-07-02T14:37:04+00:00,-52.74,-56.66,-66.51,-56.19,-66.51,-46.73,-50.78,-51.06,-56.53,-44.47,-49.42,-64.66,-57.03,-58.73,-55.33,-47.46,-55.56,2026-07-02 14:37:04+00:00
2026-07-02T14:38:03+00:00,-51.94,-57.42,-65.32,-56.11,-65.25,-47.01,-50.35,-51.03,-56.70,-44.35,-49.75,-63.47,-56.97,-59.08,-55.18,-47.17,-55.37,2026-07-02 14:38:03+00:00
2026-07-02T14:39:03+00:00,-50.92,-57.46,-66.01,-56.28,-65.58,-47.04,-50.81,-50.95,-56.40,-44.44,-49.69,-64.36,-56.84,-59.74,-55.41,-47.22,-55.74,2026-07-02 14:39:03+00:00
2026-07-02T14:40:04+00:00,-52.09,-57.72,-65.96,-56.15,-66.21,-47.15,-50.52,-51.04,-56.51,-44.29,-49.31,-64.71,-57.31,-59.84,-55.64,-47.10,-55.63,2026-07-02 14:40:04+00:00
2026-07-02T14:41:04+00:00,-52.88,-58.18,-66.55,-56.00,-66.27,-47.03,-50.83,-51.11,-56.92,-44.28,-49.93,-64.73,-57.26,-60.05,-55.67,-47.03,-55.79,2026-07-02 14:41:04+00:00
2026-07-02T14:42:03+00:00,-53.02,-57.81,-66.81,-56.19,-66.99,-46.90,-50.91,-51.10,-56.98,-44.33,-50.10,-64.54,-57.25,-59.55,-55.05,-46.84,-55.59,2026-07-02 14:42:03+00:00
2026-07-02T14:43:04+00:00,-52.08,-57.84,-66.28,-55.97,-66.11,-46.91,-50.59,-51.08,-56.83,-44.39,-50.42,-64.98,-57.01,-59.60,-55.70,-46.86,-55.59,2026-07-02 14:43:04+00:00
2026-07-02T14:44:04+00:00,-51.72,-56.47,-65.09,-55.91,-67.02,-46.99,-50.67,-51.01,-51.77,-44.34,-50.26,-63.42,-57.23,-58.83,-55.46,-46.75,-55.84,2026-07-02 14:44:04+00:00
2026-07-02T14:45:03+00:00,-51.70,-57.87,-64.89,-56.00,-65.98,-47.32,-50.11,-51.13,-52.03,-44.41,-49.94,-63.93,-57.41,-58.44,-55.03,-46.59,-55.67,2026-07-02 14:45:03+00:00
2026-07-02T14:46:04+00:00,-51.00,-56.92,-63.48,-55.91,-66.04,-47.16,-50.50,-51.14,-52.05,-44.34,-49.83,-63.30,-57.38,-58.24,-55.62,-46.51,-55.61,2026-07-02 14:46:04+00:00
2026-07-02T14:47:04+00:00,-51.78,-56.56,-64.21,-56.00,-65.85,-47.27,-50.77,-51.11,-51.97,-44.38,-50.21,-63.56,-57.48,-57.74,-55.66,-46.36,-55.51,2026-07-02 14:47:04+00:00
2026-07-02T14:48:03+00:00,-51.54,-57.26,-65.20,-56.32,-67.23,-47.36,-51.48,-51.20,-51.95,-44.52,-49.53,-63.92,-57.24,-57.43,-55.97,-46.15,-55.91,2026-07-02 14:48:03+00:00
2026-07-02T14:49:04+00:00,-49.22,-56.92,-64.65,-56.22,-66.49,-47.33,-50.94,-51.54,-52.12,-44.56,-49.71,-63.95,-57.25,-57.59,-55.61,-46.17,-55.29,2026-07-02 14:49:04+00:00
2026-07-02T14:50:04+00:00,-49.38,-56.78,-64.97,-56.36,-65.77,-47.36,-50.22,-51.49,-52.02,-44.44,-49.54,-63.50,-57.22,-56.98,-55.74,-45.94,-55.07,2026-07-02 14:50:04+00:00
2026-07-02T14:51:03+00:00,-51.07,-56.37,-65.18,-56.63,-66.64,-47.35,-50.07,-51.04,-51.91,-44.42,-49.10,-63.97,-57.45,-56.92,-56.23,-46.02,-55.57,2026-07-02 14:51:03+00:00
2026-07-02T14:52:04+00:00,-51.68,-56.60,-64.46,-56.01,-66.66,-47.30,-49.88,-51.07,-52.24,-44.51,-49.10,-63.54,-57.27,-56.42,-55.99,-45.95,-55.46,2026-07-02 14:52:04+00:00
2026-07-02T14:53:04+00:00,-50.61,-56.96,-63.92,-56.12,-66.43,-47.42,-50.29,-51.23,-52.40,-44.41,-49.22,-63.73,-57.56,-56.24,-55.90,-45.99,-55.72,2026-07-02 14:53:04+00:00
2026-07-02T14:54:03+00:00,-49.46,-56.82,-63.89,-56.50,-66.07,-47.43,-50.25,-51.14,-52.51,-44.26,-49.16,-63.17,-57.40,-55.78,-56.05,-46.00,-55.45,2026-07-02 14:54:03+00:00
2026-07-02T14:55:03+00:00,-48.88,-56.91,-64.23,-56.24,-66.31,-47.41,-50.27,-51.22,-52.50,-44.07,-48.48,-62.95,-57.22,-55.60,-56.05,-45.83,-55.72,2026-07-02 14:55:03+00:00
2026-07-02T14:56:04+00:00,-49.43,-57.97,-64.82,-56.50,-66.35,-47.57,-50.58,-51.24,-52.19,-43.91,-48.35,-63.81,-52.58,-55.38,-55.78,-45.90,-55.68,2026-07-02 14:56:04+00:00
2026-07-02T14:57:03+00:00,-49.74,-58.27,-64.02,-56.19,-65.85,-47.35,-50.42,-51.15,-52.24,-43.83,-48.24,-63.42,-52.78,-54.84,-55.56,-45.91,-55.71,2026-07-02 14:57:03+00:00
2026-07-02T14:58:03+00:00,-49.23,-58.04,-63.82,-56.15,-65.17,-47.33,-50.36,-51.21,-52.33,-43.99,-48.28,-61.42,-52.53,-54.64,-55.80,-45.92,-55.54,2026-07-02 14:58:03+00:00
2026-07-02T14:59:04+00:00,-49.83,-58.00,-63.47,-55.96,-65.89,-56.62,-50.45,-51.18,-57.23,-44.07,-48.07,-62.83,-54.48,-54.38,-55.65,-45.98,-55.42,2026-07-02 14:59:04+00:00
2026-07-02T15:00:03+00:00,-49.97,-57.67,-63.82,-56.21,-66.19,-56.68,-50.40,-51.17,-57.10,-44.06,-47.92,-63.17,-57.08,-53.83,-55.47,-45.91,-55.49,2026-07-02 15:00:03+00:00
2026-07-02T15:01:04+00:00,-48.65,-58.33,-63.36,-55.96,-66.37,-56.41,-50.70,-51.11,-56.58,-44.04,-48.59,-62.35,-57.10,-53.46,-55.59,-45.85,-55.43,2026-07-02 15:01:04+00:00
2026-07-02T15:02:04+00:00,-49.03,-58.39,-63.97,-56.41,-65.85,-56.63,-50.38,-51.21,-54.07,-43.93,-49.06,-63.39,-56.94,-53.33,-55.95,-45.88,-55.76,2026-07-02 15:02:04+00:00
2026-07-02T15:03:03+00:00,-50.07,-57.20,-64.42,-56.04,-65.40,-56.55,-50.76,-51.24,-54.22,-43.98,-48.92,-63.53,-56.89,-53.08,-55.90,-46.01,-55.40,2026-07-02 15:03:03+00:00
2026-07-02T15:04:03+00:00,-47.32,-57.73,-63.80,-56.29,-66.59,-56.79,-50.65,-51.15,-53.47,-43.87,-49.04,-63.67,-56.72,-52.57,-55.99,-45.93,-55.19,2026-07-02 15:04:03+00:00
2026-07-02T15:05:04+00:00,-47.32,-57.88,-64.67,-56.49,-66.21,-56.98,-50.91,-51.18,-53.60,-44.19,-49.41,-63.77,-57.15,-52.38,-55.93,-46.01,-55.76,2026-07-02 15:05:04+00:00
2026-07-02T15:06:04+00:00,-47.08,-57.42,-64.87,-56.40,-65.44,-56.49,-49.96,-51.07,-53.78,-44.30,-49.62,-63.54,-56.74,-51.96,-56.00,-46.04,-55.60,2026-07-02 15:06:04+00:00
2026-07-02T15:07:04+00:00,-47.43,-57.89,-64.14,-56.36,-66.40,-56.76,-50.89,-51.18,-53.67,-44.33,-49.77,-63.30,-56.95,-51.97,-56.18,-46.05,-55.76,2026-07-02 15:07:04+00:00
2026-07-02T15:08:03+00:00,-47.27,-55.18,-63.66,-56.41,-66.11,-56.25,-50.27,-51.03,-53.90,-44.48,-50.01,-62.97,-56.64,-51.65,-56.36,-46.17,-55.52,2026-07-02 15:08:03+00:00
2026-07-02T15:09:04+00:00,-46.98,-56.63,-64.49,-56.79,-65.75,-50.96,-43.59,-50.86,-53.83,-44.60,-50.82,-63.78,-56.71,-51.73,-55.77,-46.01,-55.76,2026-07-02 15:09:04+00:00
2026-07-02T15:10:03+00:00,-47.09,-56.33,-64.10,-56.52,-65.71,-50.62,-43.23,-50.85,-53.97,-44.55,-50.77,-63.13,-60.05,-51.71,-56.31,-46.10,-55.51,2026-07-02 15:10:03+00:00
2026-07-02T15:11:03+00:00,-47.25,-57.16,-63.52,-56.52,-66.92,-50.39,-43.04,-50.93,-53.89,-44.50,-50.53,-62.62,-59.97,-51.60,-56.16,-45.90,-55.26,2026-07-02 15:11:03+00:00
2026-07-02T15:12:04+00:00,-47.73,-57.19,-64.18,-56.49,-66.25,-50.39,-42.90,-50.76,-53.99,-44.36,-49.93,-63.61,-60.03,-51.49,-56.03,-45.98,-55.45,2026-07-02 15:12:04+00:00
2026-07-02T15:13:04+00:00,-47.05,-57.98,-65.37,-56.83,-66.48,-50.46,-43.10,-50.85,-53.98,-44.65,-50.39,-64.06,-60.30,-51.56,-55.72,-45.95,-55.73,2026-07-02 15:13:04+00:00
2026-07-02T15:14:03+00:00,-46.92,-57.14,-64.69,-56.99,-65.86,-50.43,-43.07,-50.80,-54.29,-44.44,-50.47,-63.52,-60.32,-51.67,-56.17,-45.84,-55.28,2026-07-02 15:14:03+00:00
2026-07-02T15:15:04+00:00,-47.54,-57.55,-64.54,-57.21,-66.50,-50.42,-43.13,-50.86,-54.18,-44.54,-50.57,-63.67,-59.73,-51.42,-56.51,-45.69,-55.63,2026-07-02 15:15:04+00:00
2026-07-02T15:16:04+00:00,-46.87,-58.90,-65.06,-57.03,-66.26,-50.40,-43.09,-50.84,-54.05,-44.45,-50.52,-63.64,-60.60,-51.14,-56.16,-45.70,-55.36,2026-07-02 15:16:04+00:00
2026-07-02T15:17:03+00:00,-47.25,-57.95,-64.67,-56.93,-66.29,-50.61,-43.10,-50.94,-54.09,-44.29,-50.50,-63.66,-59.56,-51.04,-56.02,-45.65,-55.35,2026-07-02 15:17:03+00:00
2026-07-02T15:18:04+00:00,-47.27,-59.00,-66.86,-57.96,-66.37,-50.50,-43.13,-50.74,-54.03,-44.42,-50.39,-64.60,-60.28,-51.48,-55.94,-45.74,-55.38,2026-07-02 15:18:04+00:00
2026-07-02T15:19:04+00:00,-49.09,-57.78,-64.30,-58.17,-66.64,-50.74,-43.20,-50.75,-54.21,-44.17,-50.15,-63.07,-60.30,-51.21,-56.40,-45.89,-55.11,2026-07-02 15:19:04+00:00
2026-07-02T15:20:03+00:00,-49.03,-58.23,-65.66,-58.22,-66.60,-50.60,-43.25,-50.88,-54.45,-44.14,-50.35,-63.94,-60.29,-51.28,-56.47,-45.71,-55.32,2026-07-02 15:20:03+00:00
2026-07-02T15:21:04+00:00,-48.44,-57.57,-65.39,-58.04,-66.04,-50.65,-43.23,-50.86,-54.46,-44.16,-50.48,-64.36,-60.65,-51.54,-56.04,-45.78,-55.17,2026-07-02 15:21:04+00:00
2026-07-02T15:22:04+00:00,-48.74,-58.04,-65.11,-58.28,-66.41,-50.69,-43.20,-50.87,-53.67,-43.92,-50.42,-64.28,-60.72,-51.45,-55.97,-45.93,-55.40,2026-07-02 15:22:04+00:00
2026-07-02T15:23:03+00:00,-49.78,-58.02,-66.09,-58.47,-65.88,-49.50,-43.23,-50.49,-53.57,-44.12,-50.28,-64.51,-60.58,-51.32,-56.34,-45.77,-55.51,2026-07-02 15:23:03+00:00
2026-07-02T15:24:03+00:00,-48.21,-57.62,-65.43,-58.44,-65.38,-49.37,-43.28,-50.72,-53.77,-44.09,-50.30,-63.78,-60.50,-51.03,-55.76,-45.62,-55.25,2026-07-02 15:24:03+00:00
2026-07-02T15:25:04+00:00,-49.63,-57.71,-65.37,-58.40,-65.60,-48.06,-43.35,-50.62,-53.66,-43.95,-50.25,-63.90,-60.78,-51.04,-56.41,-45.40,-55.46,2026-07-02 15:25:04+00:00
2026-07-02T15:26:03+00:00,-49.09,-57.91,-64.47,-57.95,-67.01,-48.30,-43.24,-50.68,-53.82,-44.11,-50.32,-64.06,-59.71,-50.89,-55.97,-45.38,-55.46,2026-07-02 15:26:03+00:00
2026-07-02T15:27:03+00:00,-49.10,-58.39,-66.14,-58.13,-66.14,-45.50,-43.35,-50.77,-53.93,-43.99,-50.35,-64.53,-59.43,-50.49,-55.60,-45.33,-55.43,2026-07-02 15:27:03+00:00
2026-07-02T15:28:04+00:00,-49.37,-57.80,-64.77,-57.89,-65.83,-45.55,-43.34,-50.93,-55.65,-44.13,-50.07,-64.25,-55.74,-50.55,-55.80,-45.26,-55.23,2026-07-02 15:28:04+00:00
2026-07-02T15:29:03+00:00,-49.11,-58.23,-64.21,-58.46,-65.77,-45.39,-43.22,-50.85,-51.67,-44.25,-50.22,-63.37,-55.63,-50.41,-55.93,-45.31,-55.53,2026-07-02 15:29:03+00:00
2026-07-02T15:30:03+00:00,-49.81,-57.90,-65.62,-58.79,-67.13,-45.55,-43.27,-50.87,-51.11,-44.29,-50.52,-63.81,-52.36,-50.21,-55.89,-45.21,-55.58,2026-07-02 15:30:03+00:00
2026-07-02T15:31:03+00:00,-48.11,-57.63,-64.57,-58.55,-66.71,-45.66,-43.29,-50.92,-51.56,-44.43,-50.48,-63.97,-51.73,-50.30,-56.32,-45.19,-55.42,2026-07-02 15:31:03+00:00
2026-07-02T15:32:04+00:00,-48.02,-57.68,-65.96,-58.17,-66.57,-45.66,-43.40,-51.32,-51.76,-44.25,-50.47,-64.22,-50.58,-50.12,-56.16,-45.22,-54.84,2026-07-02 15:32:04+00:00
2026-07-02T15:33:04+00:00,-48.13,-57.77,-65.68,-58.22,-66.19,-45.48,-43.30,-51.30,-51.09,-44.18,-50.08,-64.46,-50.38,-50.24,-55.95,-45.08,-54.88,2026-07-02 15:33:04+00:00
2026-07-02T15:34:03+00:00,-48.08,-57.75,-64.49,-58.39,-66.96,-45.46,-43.27,-51.26,-51.05,-44.45,-50.55,-64.32,-50.16,-50.08,-56.07,-45.00,-54.93,2026-07-02 15:34:03+00:00
2026-07-02T15:35:04+00:00,-48.40,-58.08,-64.53,-58.39,-66.18,-45.66,-43.21,-51.19,-51.21,-44.54,-50.53,-64.61,-50.01,-50.02,-56.17,-45.10,-54.91,2026-07-02 15:35:04+00:00
2026-07-02T15:36:03+00:00,-48.10,-58.14,-65.76,-58.24,-66.23,-45.47,-43.18,-51.17,-51.03,-44.26,-50.58,-64.80,-49.73,-49.80,-56.45,-44.91,-54.76,2026-07-02 15:36:03+00:00
2026-07-02T15:37:04+00:00,-47.91,-58.08,-67.12,-58.29,-65.99,-45.52,-43.16,-51.15,-52.37,-44.15,-50.56,-65.01,-49.62,-49.75,-56.26,-44.99,-54.17,2026-07-02 15:37:04+00:00
2026-07-02T15:38:03+00:00,-47.93,-57.74,-66.01,-58.43,-66.17,-46.31,-43.24,-51.37,-51.42,-44.04,-50.55,-64.51,-49.57,-49.60,-56.09,-45.20,-55.02,2026-07-02 15:38:03+00:00
2026-07-02T15:39:03+00:00,-47.71,-57.92,-66.67,-58.96,-66.15,-46.33,-43.15,-51.32,-52.61,-44.20,-50.44,-64.60,-49.40,-49.55,-56.37,-45.13,-55.54,2026-07-02 15:39:03+00:00
2026-07-02T15:40:04+00:00,-48.16,-58.78,-66.63,-58.50,-67.17,-47.64,-49.89,-51.65,-51.38,-44.24,-51.15,-64.69,-49.27,-49.78,-56.02,-45.19,-55.03,2026-07-02 15:40:04+00:00
2026-07-02T15:41:04+00:00,-48.14,-58.44,-66.97,-58.93,-66.42,-47.79,-50.16,-51.65,-51.40,-44.20,-51.19,-65.03,-49.21,-49.92,-56.20,-45.32,-54.95,2026-07-02 15:41:04+00:00
2026-07-02T15:42:03+00:00,-48.34,-58.30,-66.24,-59.06,-66.77,-47.93,-51.74,-51.74,-51.54,-44.10,-50.88,-64.34,-49.16,-49.84,-55.95,-45.37,-55.11,2026-07-02 15:42:03+00:00
2026-07-02T15:43:04+00:00,-48.18,-57.29,-66.30,-58.65,-67.15,-47.71,-50.60,-51.72,-51.44,-44.33,-50.72,-64.91,-49.22,-50.30,-56.20,-45.45,-55.77,2026-07-02 15:43:04+00:00
2026-07-02T15:44:04+00:00,-48.21,-57.16,-65.88,-58.67,-66.10,-47.34,-51.94,-51.78,-54.80,-44.38,-49.79,-64.99,-49.12,-49.78,-55.78,-45.47,-57.78,2026-07-02 15:44:04+00:00
2026-07-02T15:45:03+00:00,-47.67,-58.25,-66.76,-58.90,-66.30,-45.80,-43.39,-51.48,-57.41,-44.28,-50.36,-65.03,-49.13,-50.21,-55.87,-45.49,-59.54,2026-07-02 15:45:03+00:00
2026-07-02T15:46:04+00:00,-47.69,-58.28,-66.29,-59.22,-65.92,-46.05,-43.28,-51.55,-57.46,-44.54,-50.20,-64.27,-49.03,-49.90,-55.95,-45.54,-58.16,2026-07-02 15:46:04+00:00
2026-07-02T15:47:04+00:00,-48.04,-58.14,-67.59,-59.22,-66.46,-45.80,-43.21,-51.56,-57.70,-44.39,-49.95,-65.09,-49.15,-49.82,-56.14,-45.73,-59.67,2026-07-02 15:47:04+00:00
2026-07-02T15:48:03+00:00,-48.61,-58.33,-65.82,-59.61,-66.01,-45.88,-43.31,-51.45,-56.57,-44.55,-49.92,-64.77,-49.13,-49.89,-56.08,-45.76,-58.99,2026-07-02 15:48:03+00:00
2026-07-02T15:49:04+00:00,-48.25,-58.40,-66.46,-59.64,-65.88,-45.84,-43.21,-51.58,-54.50,-44.39,-49.68,-64.73,-48.84,-49.80,-56.14,-45.76,-59.95,2026-07-02 15:49:04+00:00
2026-07-02T15:50:04+00:00,-48.67,-58.62,-67.62,-59.83,-65.79,-45.89,-43.30,-51.54,-54.34,-44.30,-49.43,-65.21,-48.90,-49.59,-56.42,-45.71,-59.29,2026-07-02 15:50:04+00:00
2026-07-02T15:51:03+00:00,-48.78,-57.82,-67.81,-59.07,-66.01,-46.02,-43.26,-51.56,-54.80,-44.44,-49.70,-65.32,-48.71,-49.42,-56.82,-45.79,-59.36,2026-07-02 15:51:03+00:00
2026-07-02T15:52:03+00:00,-48.79,-58.63,-68.41,-58.86,-65.96,-45.79,-43.31,-51.57,-54.75,-44.36,-50.10,-65.61,-48.70,-49.10,-56.60,-45.73,-58.98,2026-07-02 15:52:03+00:00
2026-07-02T15:53:04+00:00,-48.14,-58.46,-67.90,-58.95,-66.35,-46.00,-43.30,-51.54,-54.78,-44.45,-49.89,-65.28,-48.70,-49.19,-56.77,-45.79,-59.12,2026-07-02 15:53:04+00:00
2026-07-02T15:54:03+00:00,-48.33,-58.51,-67.53,-59.02,-66.23,-45.98,-43.20,-51.63,-57.36,-44.28,-49.76,-65.02,-48.73,-48.89,-56.51,-45.70,-59.50,2026-07-02 15:54:03+00:00
2026-07-02T15:55:03+00:00,-48.31,-58.62,-66.01,-59.36,-66.81,-45.88,-43.32,-51.65,-51.27,-44.22,-49.81,-64.52,-48.71,-48.88,-56.99,-45.79,-59.30,2026-07-02 15:55:03+00:00
2026-07-02T15:56:04+00:00,-47.91,-58.67,-65.49,-59.34,-66.49,-45.83,-43.28,-51.59,-51.19,-44.29,-49.72,-63.96,-48.74,-48.71,-56.75,-45.95,-58.15,2026-07-02 15:56:04+00:00
2026-07-02T15:57:04+00:00,-47.89,-58.61,-65.58,-59.15,-66.63,-46.25,-43.32,-51.61,-51.42,-44.33,-49.62,-64.50,-48.66,-48.59,-56.89,-46.14,-58.89,2026-07-02 15:57:04+00:00
2026-07-02T15:58:04+00:00,-47.68,-58.43,-66.72,-59.05,-65.68,-45.77,-43.28,-51.64,-50.72,-44.19,-49.53,-64.18,-48.79,-48.71,-56.54,-46.19,-55.80,2026-07-02 15:58:04+00:00
2026-07-02T15:59:03+00:00,-47.52,-58.97,-66.80,-59.10,-65.92,-46.27,-43.36,-51.87,-50.51,-44.22,-49.52,-64.04,-48.91,-48.64,-56.78,-46.35,-59.46,2026-07-02 15:59:03+00:00
2026-07-02T16:00:04+00:00,-48.20,-59.12,-66.91,-59.00,-66.31,-51.05,-43.46,-51.87,-50.57,-44.33,-49.74,-64.46,-48.84,-48.53,-56.49,-46.17,-59.40,2026-07-02 16:00:04+00:00
2026-07-02T16:01:04+00:00,-47.93,-59.48,-67.39,-58.95,-66.69,-50.73,-43.48,-51.93,-50.51,-44.27,-49.26,-64.39,-48.93,-48.72,-56.32,-46.26,-58.89,2026-07-02 16:01:04+00:00
2026-07-02T16:02:03+00:00,-48.01,-58.93,-68.14,-59.01,-66.62,-50.65,-43.37,-51.88,-50.42,-44.35,-49.55,-64.96,-49.10,-48.86,-56.45,-46.33,-59.27,2026-07-02 16:02:03+00:00
2026-07-02T16:03:04+00:00,-48.10,-58.47,-67.73,-58.74,-65.82,-50.72,-43.49,-51.90,-49.56,-44.44,-49.51,-64.83,-49.04,-48.97,-55.94,-46.16,-59.24,2026-07-02 16:03:04+00:00
2026-07-02T16:04:04+00:00,-47.32,-58.65,-66.90,-58.99,-66.31,-50.48,-43.49,-51.76,-49.59,-44.23,-49.15,-64.61,-49.13,-48.90,-56.07,-46.20,-58.70,2026-07-02 16:04:04+00:00
2026-07-02T16:05:03+00:00,-47.66,-58.57,-66.03,-59.05,-66.60,-50.82,-43.48,-51.82,-51.70,-44.33,-49.56,-63.87,-49.15,-49.01,-56.00,-46.12,-57.74,2026-07-02 16:05:03+00:00
2026-07-02T16:06:03+00:00,-47.75,-58.54,-66.41,-59.21,-65.63,-50.70,-43.41,-51.93,-51.67,-44.57,-49.44,-64.70,-49.22,-49.01,-55.66,-45.95,-59.40,2026-07-02 16:06:03+00:00
2026-07-02T16:07:04+00:00,-47.92,-58.86,-65.76,-58.94,-65.79,-50.55,-43.32,-51.87,-54.95,-44.53,-49.48,-63.84,-49.15,-48.90,-55.65,-45.93,-59.53,2026-07-02 16:07:04+00:00
2026-07-02T16:08:03+00:00,-47.19,-58.47,-65.30,-58.72,-66.56,-50.64,-43.34,-51.85,-53.79,-45.01,-49.30,-64.39,-49.24,-48.90,-55.93,-45.86,-59.12,2026-07-02 16:08:03+00:00
2026-07-02T16:09:04+00:00,-47.40,-57.66,-63.91,-58.76,-66.45,-50.76,-43.47,-51.88,-53.13,-44.46,-49.19,-63.94,-49.22,-48.64,-55.97,-45.73,-58.02,2026-07-02 16:09:04+00:00
2026-07-02T16:10:04+00:00,-48.33,-58.35,-68.16,-59.06,-66.03,-50.72,-43.50,-51.85,-55.99,-44.65,-49.28,-64.57,-49.36,-48.71,-55.70,-45.87,-59.67,2026-07-02 16:10:04+00:00
2026-07-02T16:11:03+00:00,-48.30,-58.25,-66.27,-58.89,-66.51,-50.64,-43.38,-51.88,-55.57,-44.61,-49.75,-63.99,-49.31,-48.43,-55.72,-45.66,-59.51,2026-07-02 16:11:03+00:00
2026-07-02T16:12:04+00:00,-48.66,-58.38,-67.08,-58.98,-67.05,-50.79,-43.45,-51.92,-55.71,-44.69,-49.65,-64.73,-49.36,-48.29,-55.76,-45.82,-59.01,2026-07-02 16:12:04+00:00
2026-07-02T16:13:04+00:00,-48.64,-58.40,-68.23,-58.75,-66.57,-50.75,-43.42,-51.84,-55.72,-44.72,-49.66,-64.79,-49.35,-48.46,-55.80,-45.97,-59.52,2026-07-02 16:13:04+00:00
2026-07-02T16:14:03+00:00,-48.72,-58.62,-66.79,-58.93,-66.58,-50.85,-43.46,-51.88,-51.91,-44.59,-49.58,-64.46,-49.42,-48.63,-56.15,-45.98,-59.22,2026-07-02 16:14:03+00:00
2026-07-02T16:15:03+00:00,-48.44,-58.54,-66.75,-59.11,-66.67,-50.74,-43.49,-51.83,-48.85,-44.79,-49.35,-64.41,-50.16,-48.54,-56.01,-45.92,-59.81,2026-07-02 16:15:03+00:00
2026-07-02T16:16:04+00:00,-48.36,-58.40,-66.48,-59.28,-66.50,-50.79,-43.43,-51.76,-48.95,-44.59,-48.94,-64.56,-54.24,-48.59,-55.91,-45.87,-54.81,2026-07-02 16:16:04+00:00
2026-07-02T16:17:04+00:00,-48.24,-58.58,-66.25,-59.11,-65.50,-50.93,-43.56,-51.79,-48.82,-44.58,-48.87,-64.74,-54.04,-48.45,-56.30,-46.01,-59.61,2026-07-02 16:17:04+00:00
2026-07-02T16:18:03+00:00,-47.90,-58.90,-66.57,-59.07,-65.53,-51.08,-43.52,-51.74,-49.01,-44.66,-49.13,-64.58,-54.02,-48.68,-56.54,-45.79,-59.69,2026-07-02 16:18:03+00:00
2026-07-02T16:19:04+00:00,-48.20,-60.17,-66.15,-59.34,-66.72,-50.87,-43.47,-51.77,-50.19,-44.63,-48.90,-64.66,-54.14,-48.69,-56.69,-45.85,-59.81,2026-07-02 16:19:04+00:00
2026-07-02T16:20:04+00:00,-47.59,-60.17,-66.27,-59.18,-65.59,-50.81,-43.45,-51.84,-50.39,-44.66,-48.53,-64.96,-54.37,-48.74,-55.96,-45.61,-59.62,2026-07-02 16:20:04+00:00
2026-07-02T16:21:03+00:00,-47.11,-59.66,-65.96,-59.31,-66.96,-50.85,-43.57,-51.40,-50.48,-44.53,-48.64,-64.61,-54.24,-48.69,-56.53,-45.89,-59.25,2026-07-02 16:21:03+00:00
2026-07-02T16:22:04+00:00,-48.57,-59.04,-65.72,-59.30,-65.98,-50.80,-43.57,-51.33,-51.81,-44.58,-48.73,-64.07,-54.30,-48.96,-56.39,-45.83,-59.61,2026-07-02 16:22:04+00:00
2026-07-02T16:23:04+00:00,-47.81,-59.89,-66.28,-59.33,-66.52,-50.86,-43.53,-51.27,-51.83,-44.44,-48.56,-64.72,-54.60,-48.54,-56.26,-45.75,-58.58,2026-07-02 16:23:04+00:00
2026-07-02T16:24:03+00:00,-48.00,-59.57,-65.17,-59.25,-67.41,-47.65,-43.62,-51.28,-52.37,-44.63,-48.62,-65.33,-54.57,-48.69,-56.25,-45.61,-57.52,2026-07-02 16:24:03+00:00
2026-07-02T16:25:04+00:00,-48.71,-59.62,-64.31,-59.70,-67.12,-49.32,-43.45,-51.16,-50.25,-44.57,-48.46,-64.78,-54.60,-48.58,-56.49,-45.60,-58.82,2026-07-02 16:25:04+00:00
2026-07-02T16:26:04+00:00,-48.77,-60.02,-64.53,-60.05,-67.36,-49.04,-43.59,-51.32,-49.81,-44.43,-48.27,-65.34,-54.74,-48.58,-56.64,-45.53,-59.78,2026-07-02 16:26:04+00:00
2026-07-02T16:27:03+00:00,-49.15,-59.77,-64.27,-59.94,-66.89,-45.35,-43.61,-51.20,-49.73,-44.43,-47.89,-65.10,-54.71,-48.60,-56.44,-45.41,-59.67,2026-07-02 16:27:03+00:00
2026-07-02T16:28:03+00:00,-49.34,-60.18,-64.59,-60.11,-66.35,-45.26,-43.56,-51.25,-49.84,-44.38,-48.46,-65.33,-54.69,-48.34,-56.80,-45.20,-58.30,2026-07-02 16:28:03+00:00
2026-07-02T16:29:04+00:00,-49.18,-59.92,-64.88,-60.19,-67.21,-45.51,-43.66,-51.30,-51.66,-44.62,-48.42,-65.16,-54.64,-48.55,-54.39,-45.42,-58.76,2026-07-02 16:29:04+00:00
2026-07-02T16:30:03+00:00,-49.44,-59.63,-64.83,-60.34,-66.47,-45.48,-43.58,-51.29,-51.82,-44.47,-48.28,-65.28,-54.75,-48.70,-56.69,-45.35,-59.50,2026-07-02 16:30:03+00:00
2026-07-02T16:31:03+00:00,-50.23,-59.91,-64.61,-60.00,-66.14,-45.42,-43.61,-51.20,-51.83,-44.26,-48.21,-65.22,-54.75,-48.69,-56.64,-45.32,-59.17,2026-07-02 16:31:03+00:00
2026-07-02T16:32:03+00:00,-50.11,-59.71,-65.22,-59.97,-66.41,-45.21,-43.67,-51.21,-51.74,-44.29,-48.21,-65.44,-54.73,-48.66,-56.64,-45.17,-59.74,2026-07-02 16:32:03+00:00
2026-07-02T16:33:04+00:00,-49.90,-59.62,-64.94,-60.01,-65.25,-45.44,-43.64,-51.17,-51.96,-44.61,-48.24,-65.17,-54.76,-48.75,-56.47,-45.06,-59.44,2026-07-02 16:33:04+00:00
2026-07-02T16:34:04+00:00,-49.66,-59.76,-64.76,-60.10,-66.33,-45.47,-43.63,-51.21,-51.69,-44.36,-48.37,-65.31,-54.81,-48.88,-56.48,-45.00,-59.31,2026-07-02 16:34:04+00:00
2026-07-02T16:35:03+00:00,-50.03,-59.93,-64.75,-60.36,-66.44,-45.31,-43.68,-51.12,-51.64,-44.40,-48.26,-64.91,-54.69,-48.88,-56.55,-44.92,-59.27,2026-07-02 16:35:03+00:00
2026-07-02T16:36:03+00:00,-50.07,-59.70,-65.08,-60.03,-66.27,-45.48,-43.54,-51.47,-52.06,-44.28,-48.17,-65.17,-53.60,-49.11,-56.52,-45.13,-59.46,2026-07-02 16:36:03+00:00
2026-07-02T16:37:03+00:00,-48.80,-59.37,-64.94,-60.08,-66.57,-50.95,-43.64,-51.49,-52.30,-44.38,-48.22,-65.45,-53.91,-49.16,-56.67,-45.13,-59.01,2026-07-02 16:37:03+00:00
2026-07-02T16:38:04+00:00,-49.85,-59.46,-64.79,-60.11,-65.96,-51.03,-43.67,-51.49,-51.90,-44.35,-48.16,-65.31,-53.93,-49.44,-56.69,-45.17,-59.43,2026-07-02 16:38:04+00:00
2026-07-02T16:39:04+00:00,-49.06,-59.33,-64.91,-60.41,-65.69,-51.10,-43.63,-51.41,-51.68,-44.23,-48.22,-65.61,-53.74,-49.27,-56.40,-45.14,-59.16,2026-07-02 16:39:04+00:00
2026-07-02T16:40:03+00:00,-48.57,-58.87,-64.59,-60.27,-66.22,-50.81,-43.56,-51.37,-51.92,-44.33,-48.07,-64.84,-53.65,-49.26,-56.92,-45.37,-57.67,2026-07-02 16:40:03+00:00
2026-07-02T16:41:04+00:00,-49.45,-58.88,-64.79,-60.26,-66.42,-50.88,-43.66,-51.33,-51.69,-44.15,-48.13,-65.20,-53.72,-49.32,-56.44,-45.23,-57.51,2026-07-02 16:41:04+00:00
2026-07-02T16:42:04+00:00,-48.56,-58.74,-64.83,-60.38,-65.66,-50.96,-43.58,-51.27,-51.70,-44.45,-48.11,-65.17,-53.77,-49.32,-56.51,-45.35,-59.66,2026-07-02 16:42:04+00:00
2026-07-02T16:43:03+00:00,-48.82,-58.42,-64.61,-60.43,-66.07,-50.81,-43.63,-51.25,-51.78,-44.07,-48.26,-65.08,-53.83,-49.18,-56.13,-45.47,-59.55,2026-07-02 16:43:03+00:00
2026-07-02T16:44:04+00:00,-49.76,-58.72,-64.95,-60.15,-66.61,-50.89,-43.63,-51.25,-51.85,-44.33,-48.24,-65.32,-52.82,-49.07,-56.26,-45.48,-59.28,2026-07-02 16:44:04+00:00
2026-07-02T16:45:04+00:00,-49.98,-58.87,-64.84,-60.21,-66.53,-50.90,-43.61,-51.32,-51.92,-44.32,-47.92,-65.26,-53.71,-49.16,-56.28,-45.41,-58.97,2026-07-02 16:45:04+00:00
2026-07-02T16:46:03+00:00,-49.39,-58.48,-64.75,-60.10,-66.91,-50.85,-43.62,-51.42,-51.88,-44.42,-48.08,-65.34,-53.76,-48.91,-56.77,-45.54,-57.32,2026-07-02 16:46:03+00:00
2026-07-02T16:47:04+00:00,-49.70,-58.49,-64.77,-60.34,-66.52,-51.01,-43.64,-51.52,-51.87,-44.56,-48.00,-65.00,-53.58,-48.78,-56.94,-45.51,-59.54,2026-07-02 16:47:04+00:00
2026-07-02T16:48:04+00:00,-49.77,-58.56,-64.91,-60.39,-66.69,-50.80,-43.60,-51.55,-51.82,-44.77,-48.17,-65.18,-53.56,-48.66,-56.99,-45.35,-58.76,2026-07-02 16:48:04+00:00
2026-07-02T16:49:03+00:00,-49.26,-58.79,-64.48,-60.53,-65.72,-50.72,-43.67,-51.46,-51.43,-44.66,-48.12,-64.56,-53.64,-48.39,-57.19,-45.49,-59.69,2026-07-02 16:49:03+00:00
2026-07-02T16:50:03+00:00,-50.06,-58.45,-64.30,-60.23,-66.17,-50.86,-43.57,-51.59,-51.59,-44.76,-48.27,-64.51,-53.69,-48.26,-56.97,-45.34,-59.17,2026-07-02 16:50:03+00:00
2026-07-02T16:51:04+00:00,-49.17,-58.86,-64.17,-60.31,-66.67,-50.93,-43.56,-51.53,-51.42,-44.74,-48.29,-64.36,-53.66,-48.33,-57.10,-45.38,-59.07,2026-07-02 16:51:04+00:00
2026-07-02T16:52:03+00:00,-49.01,-58.31,-64.63,-60.42,-66.85,-50.95,-43.51,-51.72,-50.95,-44.76,-48.15,-65.05,-53.72,-48.10,-57.05,-45.28,-58.93,2026-07-02 16:52:03+00:00
2026-07-02T16:53:03+00:00,-48.84,-58.37,-64.66,-60.31,-67.49,-50.92,-43.50,-51.63,-51.09,-44.67,-48.35,-64.76,-53.54,-47.94,-57.38,-45.03,-59.42,2026-07-02 16:53:03+00:00
2026-07-02T16:54:04+00:00,-50.32,-56.32,-64.31,-60.47,-65.60,-50.98,-43.63,-51.54,-50.99,-44.83,-48.31,-64.41,-53.65,-47.87,-56.86,-45.16,-57.30,2026-07-02 16:54:04+00:00
2026-07-02T16:55:03+00:00,-46.79,-56.88,-64.77,-60.17,-66.49,-50.94,-43.64,-51.07,-50.68,-44.68,-48.38,-64.97,-53.41,-47.75,-57.33,-45.11,-57.82,2026-07-02 16:55:03+00:00
2026-07-02T16:56:03+00:00,-46.90,-57.98,-64.48,-60.38,-66.58,-51.10,-43.78,-51.07,-50.69,-44.73,-48.24,-64.90,-53.42,-47.91,-56.89,-45.09,-59.19,2026-07-02 16:56:03+00:00
2026-07-02T16:57:04+00:00,-46.53,-57.64,-63.98,-59.93,-66.43,-50.91,-43.63,-51.18,-50.50,-44.97,-47.97,-64.25,-53.51,-48.00,-57.18,-45.23,-58.90,2026-07-02 16:57:04+00:00
2026-07-02T16:58:03+00:00,-47.06,-57.57,-64.26,-60.27,-66.42,-51.06,-43.62,-51.27,-50.29,-44.80,-48.30,-64.40,-53.57,-48.24,-57.10,-45.08,-59.06,2026-07-02 16:58:03+00:00
2026-07-02T16:59:03+00:00,-47.45,-57.94,-64.35,-60.32,-66.41,-50.75,-43.54,-51.27,-48.81,-44.98,-48.42,-64.45,-53.42,-48.23,-56.82,-45.17,-58.37,2026-07-02 16:59:03+00:00
2026-07-02T17:00:04+00:00,-46.37,-57.97,-64.33,-60.31,-66.38,-50.87,-43.65,-51.28,-48.75,-45.02,-48.33,-64.73,-53.36,-48.31,-57.36,-45.22,-59.09,2026-07-02 17:00:04+00:00
2026-07-02T17:01:04+00:00,-46.24,-58.27,-64.56,-60.34,-66.74,-50.87,-43.74,-51.29,-48.73,-44.96,-48.12,-64.90,-53.39,-48.38,-57.51,-45.24,-59.05,2026-07-02 17:01:04+00:00
2026-07-02T17:02:04+00:00,-46.49,-58.93,-64.76,-60.08,-66.28,-50.98,-43.52,-51.41,-48.74,-45.16,-48.68,-64.93,-53.56,-48.19,-57.00,-45.35,-59.13,2026-07-02 17:02:04+00:00
2026-07-02T17:03:04+00:00,-46.34,-57.99,-64.30,-60.10,-66.44,-50.95,-43.60,-51.44,-48.86,-44.81,-48.64,-64.37,-53.44,-48.17,-56.97,-45.33,-58.43,2026-07-02 17:03:04+00:00
2026-07-02T17:04:03+00:00,-47.26,-57.14,-64.36,-60.11,-66.96,-50.88,-43.62,-51.56,-48.90,-44.85,-48.98,-64.56,-51.32,-48.03,-57.21,-45.57,-58.99,2026-07-02 17:04:03+00:00
2026-07-02T17:05:04+00:00,-47.33,-57.58,-64.44,-60.15,-66.09,-50.92,-43.65,-51.40,-49.13,-44.89,-48.97,-64.43,-51.78,-47.92,-57.11,-45.54,-59.20,2026-07-02 17:05:04+00:00
2026-07-02T17:06:04+00:00,-47.23,-58.51,-64.26,-60.19,-66.02,-50.83,-43.51,-51.44,-49.11,-44.89,-48.84,-64.54,-51.71,-47.81,-56.96,-45.79,-59.26,2026-07-02 17:06:04+00:00
2026-07-02T17:07:03+00:00,-47.43,-58.84,-64.50,-60.27,-66.01,-50.85,-43.62,-51.58,-49.21,-44.78,-48.78,-64.52,-51.63,-47.78,-56.83,-45.78,-58.73,2026-07-02 17:07:03+00:00
2026-07-02T17:08:04+00:00,-47.44,-58.31,-64.38,-60.36,-66.59,-50.81,-43.68,-51.46,-49.27,-44.94,-49.04,-64.70,-51.65,-47.69,-56.77,-46.03,-59.10,2026-07-02 17:08:04+00:00
2026-07-02T17:09:04+00:00,-46.98,-59.49,-64.20,-60.18,-65.84,-50.86,-43.53,-51.57,-49.29,-44.92,-49.26,-64.26,-51.66,-47.75,-56.65,-46.21,-59.04,2026-07-02 17:09:04+00:00
2026-07-02T17:10:03+00:00,-48.67,-59.89,-64.55,-60.33,-66.29,-50.86,-43.72,-51.62,-49.51,-44.93,-49.28,-64.45,-51.68,-47.40,-56.41,-46.26,-57.97,2026-07-02 17:10:03+00:00
2026-07-02T17:11:04+00:00,-49.05,-58.90,-64.32,-60.35,-66.33,-50.92,-43.60,-51.59,-49.62,-44.90,-49.23,-64.03,-51.67,-46.98,-56.87,-46.19,-58.48,2026-07-02 17:11:04+00:00
2026-07-02T17:12:04+00:00,-49.86,-58.96,-64.54,-60.50,-66.05,-50.96,-43.52,-51.83,-49.90,-45.04,-49.00,-64.45,-51.59,-46.96,-56.79,-46.30,-59.14,2026-07-02 17:12:04+00:00
2026-07-02T17:13:03+00:00,-49.31,-59.08,-64.59,-60.53,-66.49,-50.82,-43.50,-51.49,-50.02,-44.89,-49.47,-64.60,-51.59,-47.05,-56.86,-46.34,-55.95,2026-07-02 17:13:03+00:00
2026-07-02T17:14:04+00:00,-48.78,-59.45,-64.59,-60.27,-66.93,-50.83,-43.66,-51.58,-52.15,-44.95,-49.48,-64.47,-51.61,-47.08,-56.67,-46.29,-59.04,2026-07-02 17:14:04+00:00
2026-07-02T17:15:04+00:00,-49.05,-59.49,-64.52,-60.48,-67.27,-50.79,-43.67,-51.57,-52.07,-45.15,-49.23,-64.16,-51.57,-47.13,-56.91,-46.25,-58.83,2026-07-02 17:15:04+00:00
2026-07-02T17:16:03+00:00,-48.52,-58.74,-64.59,-60.11,-66.70,-50.88,-43.55,-51.53,-52.14,-45.11,-49.23,-64.42,-51.51,-47.14,-56.85,-46.46,-57.40,2026-07-02 17:16:03+00:00
2026-07-02T17:17:03+00:00,-48.51,-59.17,-64.20,-60.49,-65.72,-50.85,-43.62,-51.65,-52.32,-45.13,-49.12,-64.64,-51.54,-47.04,-57.07,-46.24,-58.36,2026-07-02 17:17:03+00:00
2026-07-02T17:18:04+00:00,-48.33,-59.18,-64.21,-60.17,-66.37,-48.96,-43.55,-51.61,-52.21,-44.90,-49.30,-64.37,-51.47,-47.26,-56.79,-46.15,-58.71,2026-07-02 17:18:04+00:00
2026-07-02T17:19:03+00:00,-50.01,-59.46,-64.23,-60.50,-65.96,-49.04,-43.55,-51.53,-52.28,-44.92,-49.27,-64.47,-51.40,-47.50,-56.80,-46.21,-58.72,2026-07-02 17:19:03+00:00
2026-07-02T17:20:03+00:00,-48.68,-59.59,-64.37,-60.24,-66.45,-47.59,-43.41,-51.57,-52.34,-44.81,-49.31,-64.25,-51.47,-47.57,-56.97,-46.12,-58.59,2026-07-02 17:20:03+00:00
2026-07-02T17:21:04+00:00,-48.67,-59.13,-63.85,-60.64,-67.09,-46.05,-43.57,-51.53,-51.26,-44.61,-48.63,-64.45,-51.38,-47.54,-57.07,-46.06,-59.24,2026-07-02 17:21:04+00:00
2026-07-02T17:22:03+00:00,-49.22,-59.44,-64.27,-60.39,-66.94,-46.17,-43.60,-51.53,-50.83,-44.80,-49.20,-64.69,-51.37,-47.64,-56.99,-45.89,-57.96,2026-07-02 17:22:03+00:00
2026-07-02T17:23:03+00:00,-48.39,-59.21,-64.35,-60.62,-65.23,-46.17,-43.53,-51.65,-50.97,-45.30,-49.46,-64.52,-51.41,-47.78,-56.85,-45.99,-59.31,2026-07-02 17:23:03+00:00
2026-07-02T17:24:04+00:00,-49.92,-58.21,-64.07,-60.48,-66.14,-46.23,-43.55,-51.62,-50.84,-45.33,-49.48,-63.80,-51.33,-47.93,-57.07,-45.97,-59.02,2026-07-02 17:24:04+00:00
2026-07-02T17:25:03+00:00,-49.71,-58.87,-64.14,-60.79,-66.82,-45.84,-43.54,-51.69,-52.55,-45.82,-51.51,-64.60,-51.28,-48.13,-57.28,-45.90,-57.97,2026-07-02 17:25:03+00:00
2026-07-02T17:26:03+00:00,-48.88,-58.46,-63.87,-60.83,-66.61,-46.07,-43.53,-51.60,-52.60,-45.95,-51.18,-64.06,-51.18,-47.98,-57.11,-46.00,-57.82,2026-07-02 17:26:03+00:00
2026-07-02T17:27:04+00:00,-48.90,-58.46,-64.22,-60.52,-66.22,-45.89,-43.39,-51.57,-52.56,-45.85,-51.39,-64.55,-51.32,-47.80,-57.24,-45.99,-58.80,2026-07-02 17:27:04+00:00
2026-07-02T17:28:03+00:00,-49.77,-58.75,-64.56,-60.75,-66.29,-45.80,-43.41,-51.59,-52.74,-46.03,-51.60,-64.62,-51.19,-47.96,-57.38,-45.91,-58.79,2026-07-02 17:28:03+00:00
2026-07-02T17:29:03+00:00,-48.68,-59.00,-64.30,-61.20,-66.33,-45.73,-43.46,-51.68,-52.71,-46.21,-51.49,-64.62,-51.25,-47.90,-56.94,-46.11,-59.16,2026-07-02 17:29:03+00:00
2026-07-02T17:30:04+00:00,-48.67,-58.82,-64.44,-60.93,-67.39,-45.85,-43.53,-51.56,-52.55,-45.79,-51.44,-64.62,-51.09,-47.82,-57.02,-46.09,-59.40,2026-07-02 17:30:04+00:00
2026-07-02T17:31:04+00:00,-49.81,-59.67,-64.32,-61.20,-66.71,-45.83,-43.45,-51.59,-52.63,-46.05,-51.66,-64.51,-51.17,-47.96,-57.61,-46.19,-59.83,2026-07-02 17:31:04+00:00
2026-07-02T17:32:04+00:00,-49.71,-60.02,-64.37,-61.51,-66.87,-45.54,-43.61,-51.52,-52.57,-45.83,-51.63,-64.51,-51.25,-47.86,-57.24,-45.93,-59.91,2026-07-02 17:32:04+00:00
2026-07-02T17:33:04+00:00,-49.70,-60.17,-64.32,-60.85,-66.07,-45.74,-43.65,-51.55,-52.36,-46.03,-49.56,-64.04,-51.34,-47.84,-57.44,-46.08,-59.78,2026-07-02 17:33:04+00:00
2026-07-02T17:34:03+00:00,-50.09,-60.08,-64.22,-61.48,-66.07,-45.60,-43.58,-51.60,-52.43,-45.96,-51.39,-64.12,-51.26,-47.81,-57.33,-46.06,-59.74,2026-07-02 17:34:03+00:00
2026-07-02T17:35:04+00:00,-50.30,-59.95,-64.18,-60.83,-66.04,-45.68,-43.52,-51.62,-52.19,-46.09,-51.75,-61.05,-51.46,-47.53,-57.24,-46.17,-59.22,2026-07-02 17:35:04+00:00
2026-07-02T17:36:03+00:00,-49.86,-59.35,-64.27,-61.02,-65.72,-45.68,-43.64,-51.64,-51.69,-45.86,-51.38,-64.95,-51.48,-47.57,-57.35,-46.15,-59.76,2026-07-02 17:36:03+00:00
2026-07-02T17:37:04+00:00,-49.97,-58.45,-64.37,-61.23,-66.45,-46.01,-43.54,-51.62,-51.57,-45.88,-51.23,-64.72,-51.50,-47.46,-57.33,-46.19,-59.58,2026-07-02 17:37:04+00:00
2026-07-02T17:38:03+00:00,-50.27,-57.94,-64.49,-61.49,-65.81,-46.12,-43.57,-51.61,-51.72,-45.86,-51.73,-64.92,-51.50,-47.39,-57.47,-46.27,-59.38,2026-07-02 17:38:03+00:00
2026-07-02T17:39:03+00:00,-50.48,-58.09,-64.39,-61.25,-66.70,-45.98,-43.65,-52.02,-51.70,-45.80,-51.17,-64.50,-51.51,-47.32,-57.55,-46.15,-58.64,2026-07-02 17:39:03+00:00
2026-07-02T17:40:04+00:00,-47.93,-58.51,-63.77,-60.98,-65.93,-46.05,-43.62,-52.02,-51.32,-46.19,-51.93,-64.09,-51.52,-47.20,-57.01,-46.21,-57.97,2026-07-02 17:40:04+00:00
2026-07-02T17:41:03+00:00,-47.90,-58.54,-64.51,-60.93,-66.58,-46.05,-43.60,-52.06,-51.23,-45.96,-51.66,-64.68,-51.60,-46.88,-57.51,-46.47,-58.09,2026-07-02 17:41:03+00:00
2026-07-02T17:42:03+00:00,-47.82,-58.44,-64.71,-61.51,-66.40,-46.03,-43.71,-52.10,-51.33,-46.37,-51.98,-64.85,-51.53,-46.83,-57.76,-46.69,-59.88,2026-07-02 17:42:03+00:00
2026-07-02T17:43:04+00:00,-47.71,-58.14,-64.38,-61.26,-66.04,-46.11,-43.74,-52.17,-50.16,-46.29,-52.14,-64.78,-51.59,-46.69,-57.79,-46.85,-59.27,2026-07-02 17:43:04+00:00
2026-07-02T17:44:03+00:00,-48.00,-57.99,-64.58,-60.94,-66.86,-45.95,-43.67,-52.11,-49.50,-46.19,-51.98,-64.91,-51.61,-46.66,-57.48,-46.91,-59.71,2026-07-02 17:44:03+00:00
2026-07-02T17:45:04+00:00,-47.96,-57.09,-64.40,-60.97,-65.87,-46.10,-43.57,-52.09,-49.49,-46.32,-52.33,-64.78,-51.77,-46.47,-57.71,-47.28,-58.62,2026-07-02 17:45:04+00:00
2026-07-02T17:46:04+00:00,-47.98,-58.03,-64.64,-60.91,-66.04,-46.21,-43.76,-52.16,-49.48,-46.31,-52.19,-65.37,-51.94,-46.30,-58.00,-47.45,-59.21,2026-07-02 17:46:04+00:00
2026-07-02T17:47:03+00:00,-48.19,-58.48,-64.66,-61.11,-66.80,-46.21,-43.69,-52.17,-49.40,-46.40,-51.71,-65.50,-51.76,-46.19,-57.34,-47.44,-59.15,2026-07-02 17:47:03+00:00
2026-07-02T17:48:04+00:00,-47.87,-57.58,-63.60,-61.05,-67.03,-45.67,-43.69,-52.15,-49.53,-46.20,-52.45,-63.93,-51.85,-46.04,-57.54,-47.54,-58.84,2026-07-02 17:48:04+00:00
2026-07-02T17:49:04+00:00,-48.10,-58.77,-65.07,-61.16,-66.94,-46.51,-43.74,-52.08,-49.52,-46.24,-52.50,-65.27,-51.85,-46.02,-57.50,-47.81,-59.13,2026-07-02 17:49:04+00:00
2026-07-02T17:50:03+00:00,-48.28,-58.61,-64.79,-61.05,-67.00,-46.61,-43.63,-52.08,-49.64,-46.46,-52.57,-65.23,-51.93,-45.88,-57.60,-48.19,-58.80,2026-07-02 17:50:03+00:00
2026-07-02T17:51:04+00:00,-48.60,-58.24,-64.91,-61.19,-65.89,-43.41,-43.83,-52.11,-49.84,-46.64,-52.59,-65.19,-51.95,-46.04,-57.74,-48.24,-59.36,2026-07-02 17:51:04+00:00
2026-07-02T17:52:04+00:00,-48.13,-58.54,-64.54,-60.80,-66.20,-43.36,-43.60,-52.09,-49.87,-46.41,-52.80,-64.67,-52.02,-45.86,-57.64,-48.47,-59.16,2026-07-02 17:52:04+00:00
2026-07-02T17:53:03+00:00,-48.33,-58.65,-64.67,-60.91,-67.16,-43.31,-43.70,-52.18,-49.86,-46.68,-52.67,-66.71,-57.72,-45.70,-57.57,-48.79,-59.03,2026-07-02 17:53:03+00:00
2026-07-02T17:54:03+00:00,-47.97,-58.58,-64.99,-61.42,-66.50,-43.45,-43.63,-52.15,-50.03,-46.53,-53.20,-67.51,-58.32,-45.62,-57.65,-48.89,-59.64,2026-07-02 17:54:03+00:00
2026-07-02T17:55:04+00:00,-49.50,-58.84,-64.32,-61.13,-66.58,-43.59,-43.73,-52.17,-50.32,-46.74,-52.98,-66.50,-58.20,-45.63,-57.49,-49.04,-59.30,2026-07-02 17:55:04+00:00
2026-07-02T17:56:03+00:00,-50.13,-59.32,-64.58,-61.40,-66.81,-43.54,-43.79,-52.20,-50.38,-46.74,-53.27,-66.57,-58.29,-45.66,-57.38,-48.93,-59.35,2026-07-02 17:56:03+00:00
2026-07-02T17:57:03+00:00,-49.90,-59.38,-64.70,-61.41,-67.46,-43.19,-43.70,-52.06,-50.33,-46.80,-52.96,-66.50,-57.96,-45.55,-57.34,-49.27,-57.67,2026-07-02 17:57:03+00:00
2026-07-02T17:58:04+00:00,-49.81,-59.23,-64.90,-61.54,-65.98,-43.39,-43.62,-52.04,-52.73,-46.50,-53.02,-66.54,-58.18,-45.40,-57.32,-48.93,-58.76,2026-07-02 17:58:04+00:00
2026-07-02T17:59:03+00:00,-50.55,-58.93,-64.67,-61.44,-66.88,-43.39,-43.77,-52.11,-52.74,-46.61,-52.98,-66.33,-58.09,-45.43,-57.77,-48.93,-59.43,2026-07-02 17:59:03+00:00
2026-07-02T18:00:03+00:00,-50.01,-59.17,-65.06,-61.40,-66.43,-43.51,-43.75,-52.09,-52.76,-46.67,-52.90,-66.35,-58.07,-45.50,-57.27,-49.24,-59.76,2026-07-02 18:00:03+00:00
2026-07-02T18:01:03+00:00,-50.14,-59.47,-64.84,-61.73,-67.38,-43.16,-43.60,-52.14,-52.82,-46.91,-53.10,-66.42,-58.24,-45.33,-57.21,-49.01,-59.59,2026-07-02 18:01:03+00:00
2026-07-02T18:02:04+00:00,-50.68,-58.34,-64.40,-61.26,-66.08,-43.08,-43.76,-52.15,-52.81,-46.76,-52.92,-66.75,-58.27,-45.29,-57.40,-49.31,-57.95,2026-07-02 18:02:04+00:00
2026-07-02T18:03:03+00:00,-50.40,-58.12,-64.44,-61.53,-66.49,-43.54,-43.84,-52.10,-52.72,-47.02,-52.97,-66.39,-58.13,-45.48,-57.43,-49.46,-58.73,2026-07-02 18:03:03+00:00
2026-07-02T18:04:04+00:00,-50.89,-58.23,-64.41,-61.26,-67.07,-43.31,-43.69,-52.24,-53.03,-46.93,-52.39,-66.31,-58.09,-45.15,-57.60,-49.14,-59.10,2026-07-02 18:04:04+00:00
2026-07-02T18:05:04+00:00,-50.93,-58.41,-65.41,-61.38,-65.47,-43.46,-43.74,-52.22,-56.62,-47.07,-52.92,-65.70,-58.26,-45.12,-57.70,-48.97,-58.99,2026-07-02 18:05:04+00:00
2026-07-02T18:06:04+00:00,-49.93,-56.21,-64.82,-61.36,-66.48,-43.28,-43.69,-52.18,-54.83,-46.91,-52.61,-65.89,-58.44,-45.21,-57.71,-49.07,-59.07,2026-07-02 18:06:04+00:00
2026-07-02T18:07:04+00:00,-49.66,-58.61,-64.77,-61.48,-67.17,-43.82,-43.80,-52.24,-52.80,-47.28,-53.12,-66.41,-58.62,-45.22,-58.17,-49.05,-59.94,2026-07-02 18:07:04+00:00
2026-07-02T18:08:03+00:00,-50.18,-58.99,-64.99,-61.43,-67.42,-44.01,-43.77,-52.38,-53.18,-47.26,-52.05,-67.47,-61.77,-45.52,-57.91,-49.02,-59.72,2026-07-02 18:08:03+00:00
2026-07-02T18:09:03+00:00,-50.09,-58.91,-64.11,-61.27,-67.09,-43.53,-43.66,-52.45,-53.55,-47.20,-52.82,-66.91,-61.87,-45.36,-57.75,-49.24,-59.57,2026-07-02 18:09:03+00:00
2026-07-02T18:10:04+00:00,-50.71,-58.52,-64.68,-61.34,-67.16,-43.61,-43.79,-52.46,-58.19,-47.11,-53.12,-66.70,-55.78,-45.22,-58.21,-49.17,-59.77,2026-07-02 18:10:04+00:00
2026-07-02T18:11:03+00:00,-50.42,-58.37,-65.44,-61.61,-65.66,-44.26,-43.66,-52.50,-58.19,-47.23,-53.09,-66.84,-58.05,-45.26,-57.95,-49.56,-59.63,2026-07-02 18:11:03+00:00
2026-07-02T18:12:03+00:00,-50.04,-58.53,-64.87,-61.16,-66.76,-43.80,-43.82,-52.62,-55.63,-47.31,-53.17,-66.52,-61.48,-45.28,-58.50,-49.34,-58.81,2026-07-02 18:12:03+00:00
2026-07-02T18:13:04+00:00,-50.18,-58.77,-65.46,-61.63,-66.70,-44.01,-43.83,-52.68,-55.80,-47.26,-53.13,-66.86,-57.90,-45.49,-58.59,-49.26,-59.45,2026-07-02 18:13:04+00:00
2026-07-02T18:14:03+00:00,-50.81,-58.73,-65.05,-61.44,-66.40,-43.79,-43.88,-52.79,-55.63,-47.30,-53.07,-66.60,-61.29,-45.46,-58.46,-49.34,-58.17,2026-07-02 18:14:03+00:00
2026-07-02T18:15:03+00:00,-50.61,-58.69,-64.69,-61.37,-65.82,-43.31,-44.02,-52.89,-55.76,-47.37,-52.94,-65.35,-61.98,-45.40,-57.80,-49.61,-59.13,2026-07-02 18:15:03+00:00
2026-07-02T18:16:04+00:00,-49.82,-58.41,-64.61,-61.54,-65.90,-43.88,-43.82,-53.03,-55.91,-47.45,-52.79,-64.25,-61.74,-45.88,-58.60,-49.24,-59.34,2026-07-02 18:16:04+00:00
2026-07-02T18:17:04+00:00,-49.57,-58.77,-65.54,-61.29,-65.49,-43.78,-43.76,-53.21,-54.82,-47.59,-52.99,-64.58,-61.37,-45.74,-57.88,-49.60,-59.99,2026-07-02 18:17:04+00:00
2026-07-02T18:18:03+00:00,-50.08,-57.78,-65.27,-61.30,-66.56,-43.86,-43.60,-53.40,-54.42,-47.36,-53.22,-66.88,-59.50,-45.53,-58.33,-49.40,-59.33,2026-07-02 18:18:03+00:00
2026-07-02T18:19:04+00:00,-50.14,-57.85,-62.78,-60.97,-65.79,-44.15,-43.87,-53.52,-54.84,-47.56,-52.76,-64.80,-61.19,-45.76,-58.21,-49.55,-57.87,2026-07-02 18:19:04+00:00
2026-07-02T18:20:04+00:00,-50.44,-57.65,-63.92,-61.39,-66.98,-44.65,-43.79,-53.81,-54.66,-47.71,-52.61,-65.36,-62.15,-45.72,-58.11,-49.70,-55.12,2026-07-02 18:20:04+00:00
2026-07-02T18:21:03+00:00,-50.00,-58.39,-64.40,-61.21,-66.76,-44.01,-43.77,-53.93,-53.45,-47.58,-53.42,-65.36,-62.19,-45.76,-58.27,-49.52,-52.33,2026-07-02 18:21:03+00:00
2026-07-02T18:22:04+00:00,-49.95,-55.63,-64.54,-61.28,-66.66,-43.52,-43.78,-53.82,-53.25,-47.65,-53.39,-65.38,-62.23,-45.88,-58.60,-49.47,-52.45,2026-07-02 18:22:04+00:00
2026-07-02T18:23:03+00:00,-50.59,-57.94,-64.75,-61.15,-67.41,-43.59,-44.00,-54.47,-53.44,-47.60,-53.31,-65.75,-62.37,-45.85,-58.74,-49.55,-54.05,2026-07-02 18:23:03+00:00
2026-07-02T18:24:03+00:00,-50.07,-57.54,-65.13,-61.07,-66.53,-43.55,-43.78,-54.71,-53.33,-47.79,-53.03,-66.20,-62.16,-46.06,-58.61,-49.41,-54.05,2026-07-02 18:24:03+00:00
2026-07-02T18:25:04+00:00,-48.26,-58.02,-64.60,-60.71,-66.49,-44.30,-43.82,-54.64,-52.59,-47.55,-53.40,-65.23,-61.78,-45.85,-58.18,-49.53,-52.29,2026-07-02 18:25:04+00:00
2026-07-02T18:26:04+00:00,-48.44,-59.42,-62.29,-60.78,-65.74,-43.95,-43.77,-54.85,-52.46,-47.98,-53.38,-65.26,-62.55,-45.66,-58.78,-49.52,-52.05,2026-07-02 18:26:04+00:00
2026-07-02T18:27:03+00:00,-47.97,-59.70,-62.00,-60.88,-66.71,-44.51,-43.70,-54.93,-52.67,-47.67,-53.48,-65.57,-62.72,-45.62,-58.42,-49.56,-52.20,2026-07-02 18:27:03+00:00
2026-07-02T18:28:04+00:00,-48.34,-59.92,-62.55,-60.47,-66.35,-44.28,-43.84,-55.08,-50.13,-47.50,-53.31,-66.22,-62.72,-45.80,-58.31,-49.81,-52.27,2026-07-02 18:28:04+00:00
2026-07-02T18:29:04+00:00,-48.20,-59.98,-64.93,-60.66,-66.50,-50.72,-43.69,-55.10,-50.32,-47.50,-53.21,-66.00,-62.78,-45.51,-58.39,-49.77,-52.26,2026-07-02 18:29:04+00:00
2026-07-02T18:30:03+00:00,-48.29,-59.96,-64.26,-60.88,-67.04,-50.82,-43.88,-55.20,-50.17,-47.70,-53.36,-66.36,-63.07,-45.71,-58.69,-49.80,-52.18,2026-07-02 18:30:03+00:00
2026-07-02T18:31:03+00:00,-48.36,-59.94,-64.79,-60.87,-66.56,-50.83,-43.79,-55.20,-50.01,-47.57,-53.37,-66.83,-62.91,-45.65,-58.51,-50.08,-52.20,2026-07-02 18:31:03+00:00
2026-07-02T18:32:04+00:00,-48.24,-60.04,-64.53,-60.91,-65.99,-50.82,-43.67,-55.30,-50.21,-47.66,-53.28,-66.29,-62.93,-45.48,-58.79,-50.06,-59.73,2026-07-02 18:32:04+00:00
2026-07-02T18:33:04+00:00,-47.99,-60.24,-65.06,-60.83,-67.02,-50.88,-43.73,-55.34,-50.25,-47.69,-52.80,-66.36,-62.89,-45.94,-58.36,-49.90,-54.05,2026-07-02 18:33:04+00:00
2026-07-02T18:34:03+00:00,-48.53,-60.15,-65.30,-61.04,-66.11,-50.68,-43.69,-55.57,-50.30,-48.07,-53.36,-66.77,-62.99,-45.93,-58.40,-50.00,-53.99,2026-07-02 18:34:03+00:00
2026-07-02T18:35:04+00:00,-48.21,-60.60,-64.96,-60.93,-65.32,-50.84,-43.67,-55.56,-50.21,-48.10,-53.28,-66.24,-62.75,-45.66,-58.80,-50.31,-52.22,2026-07-02 18:35:04+00:00
2026-07-02T18:36:04+00:00,-48.27,-60.53,-64.81,-61.09,-66.78,-50.91,-43.79,-55.88,-50.69,-48.06,-53.65,-66.16,-62.84,-45.45,-58.46,-50.22,-52.15,2026-07-02 18:36:04+00:00
2026-07-02T18:37:04+00:00,-48.27,-60.55,-64.80,-60.91,-66.11,-50.89,-43.80,-55.99,-50.57,-48.08,-53.58,-66.21,-62.52,-45.50,-58.55,-50.39,-53.69,2026-07-02 18:37:04+00:00
2026-07-02T18:38:03+00:00,-47.98,-59.36,-64.60,-60.95,-67.11,-50.97,-43.74,-56.12,-50.71,-48.22,-53.56,-65.60,-62.29,-45.65,-58.36,-50.76,-52.07,2026-07-02 18:38:03+00:00
2026-07-02T18:39:04+00:00,-47.88,-59.64,-64.37,-60.96,-66.27,-50.81,-43.86,-56.53,-50.91,-48.16,-53.60,-65.67,-62.35,-45.44,-58.25,-50.91,-58.47,2026-07-02 18:39:04+00:00
2026-07-02T18:40:04+00:00,-50.31,-59.53,-65.06,-61.16,-66.76,-50.78,-43.88,-56.84,-51.17,-48.26,-53.48,-65.99,-62.67,-45.50,-58.62,-50.94,-53.76,2026-07-02 18:40:04+00:00
2026-07-02T18:41:03+00:00,-50.50,-59.26,-64.76,-61.31,-66.63,-50.81,-43.80,-57.37,-51.30,-48.43,-53.79,-65.66,-62.48,-45.41,-58.17,-50.84,-58.99,2026-07-02 18:41:03+00:00
2026-07-02T18:42:03+00:00,-50.89,-58.66,-64.70,-61.41,-66.71,-50.72,-43.71,-57.43,-51.22,-48.44,-53.71,-64.92,-62.63,-45.28,-58.20,-50.65,-58.71,2026-07-02 18:42:03+00:00
2026-07-02T18:43:04+00:00,-51.08,-58.85,-64.50,-61.32,-66.50,-50.87,-43.74,-57.67,-54.54,-48.33,-53.84,-65.60,-62.68,-45.01,-58.62,-50.50,-59.09,2026-07-02 18:43:04+00:00
2026-07-02T18:44:03+00:00,-51.00,-58.38,-64.46,-61.26,-66.17,-50.90,-43.70,-57.92,-54.53,-48.35,-53.90,-65.72,-62.59,-44.99,-58.67,-50.46,-58.90,2026-07-02 18:44:03+00:00
2026-07-02T18:45:03+00:00,-50.86,-59.87,-64.85,-61.78,-66.27,-50.81,-43.58,-58.20,-54.54,-48.55,-53.95,-66.19,-62.36,-44.74,-58.22,-50.72,-58.86,2026-07-02 18:45:03+00:00
2026-07-02T18:46:04+00:00,-51.20,-59.86,-64.66,-61.52,-66.60,-50.83,-43.73,-58.73,-54.52,-48.51,-53.83,-65.80,-62.92,-44.77,-58.66,-50.67,-58.87,2026-07-02 18:46:04+00:00
2026-07-02T18:47:03+00:00,-51.15,-60.16,-64.77,-61.16,-66.73,-51.00,-43.74,-59.05,-54.54,-48.50,-54.02,-66.08,-62.49,-44.44,-58.50,-50.81,-57.74,2026-07-02 18:47:03+00:00
2026-07-02T18:48:03+00:00,-51.61,-58.99,-65.22,-61.79,-65.91,-50.59,-43.62,-60.27,-54.63,-48.32,-53.84,-66.06,-62.54,-44.61,-58.85,-51.01,-58.73,2026-07-02 18:48:03+00:00
2026-07-02T18:49:04+00:00,-51.96,-58.86,-64.90,-61.57,-66.54,-48.76,-43.73,-60.37,-54.52,-48.29,-53.92,-65.76,-62.32,-44.26,-58.56,-50.46,-58.77,2026-07-02 18:49:04+00:00
2026-07-02T18:50:04+00:00,-52.06,-58.59,-64.59,-61.38,-66.69,-48.44,-43.70,-60.59,-54.62,-48.27,-54.06,-65.87,-62.55,-44.33,-58.09,-50.50,-59.33,2026-07-02 18:50:04+00:00
2026-07-02T18:51:03+00:00,-51.76,-59.39,-64.72,-61.28,-66.26,-45.98,-43.57,-60.71,-54.61,-48.89,-54.40,-65.96,-62.40,-43.89,-58.28,-50.25,-59.21,2026-07-02 18:51:03+00:00
2026-07-02T18:52:04+00:00,-52.15,-59.08,-64.67,-61.13,-65.78,-43.57,-43.74,-60.83,-54.84,-49.97,-54.71,-65.52,-62.91,-43.90,-58.33,-50.37,-59.00,2026-07-02 18:52:04+00:00
2026-07-02T18:53:04+00:00,-51.64,-59.41,-65.03,-61.43,-66.79,-43.85,-43.69,-60.98,-54.78,-49.82,-54.72,-65.65,-62.72,-43.55,-58.47,-50.06,-59.21,2026-07-02 18:53:04+00:00
2026-07-02T18:54:03+00:00,-50.75,-59.23,-64.96,-61.54,-66.11,-43.64,-43.51,-61.22,-54.91,-49.82,-54.75,-65.92,-62.63,-43.47,-58.40,-50.49,-59.45,2026-07-02 18:54:03+00:00
2026-07-02T18:55:04+00:00,-51.57,-59.79,-64.75,-61.26,-66.73,-43.81,-43.34,-61.14,-55.15,-49.68,-54.61,-65.28,-61.26,-43.21,-58.38,-50.48,-59.28,2026-07-02 18:55:04+00:00
2026-07-02T18:56:04+00:00,-48.95,-59.72,-64.17,-61.42,-67.03,-43.76,-43.59,-61.32,-54.25,-49.74,-54.91,-65.08,-58.26,-43.23,-58.55,-50.26,-58.84,2026-07-02 18:56:04+00:00
2026-07-02T18:57:03+00:00,-49.07,-60.50,-64.56,-61.29,-66.38,-43.97,-43.65,-61.90,-54.43,-49.85,-54.88,-65.50,-59.42,-42.64,-58.37,-50.36,-58.99,2026-07-02 18:57:03+00:00
2026-07-02T18:58:03+00:00,-49.27,-60.69,-64.44,-60.97,-67.02,-43.72,-43.54,-61.52,-54.33,-49.74,-55.05,-65.53,-62.05,-42.43,-58.65,-50.41,-59.10,2026-07-02 18:58:03+00:00
2026-07-02T18:59:04+00:00,-48.85,-60.33,-64.45,-61.21,-65.46,-43.81,-43.51,-61.77,-54.40,-49.85,-55.43,-65.88,-61.50,-42.12,-58.78,-50.58,-55.64,2026-07-02 18:59:04+00:00
2026-07-02T19:00:03+00:00,-49.08,-59.19,-63.12,-60.42,-62.12,-43.52,-43.68,-60.69,-54.05,-49.71,-55.32,-64.21,-60.10,-42.12,-57.81,-50.25,-58.18,2026-07-02 19:00:03+00:00
2026-07-02T19:01:04+00:00,-48.82,-59.34,-62.96,-60.27,-61.33,-43.54,-43.50,-60.36,-53.95,-49.59,-53.93,-63.79,-60.12,-41.77,-58.02,-50.53,-57.88,2026-07-02 19:01:04+00:00
2026-07-02T19:02:04+00:00,-49.04,-59.91,-62.83,-60.31,-61.39,-43.55,-43.68,-60.56,-54.01,-49.70,-55.64,-63.86,-60.29,-41.82,-58.13,-50.29,-57.82,2026-07-02 19:02:04+00:00
2026-07-02T19:03:03+00:00,-49.15,-60.63,-62.63,-60.06,-62.11,-43.87,-43.56,-60.23,-53.91,-49.53,-55.96,-63.70,-60.29,-41.77,-58.12,-50.34,-58.42,2026-07-02 19:03:03+00:00
2026-07-02T19:04:03+00:00,-48.98,-60.13,-62.80,-60.29,-60.85,-43.10,-43.49,-60.47,-53.79,-49.63,-55.98,-64.04,-60.20,-41.58,-57.67,-50.36,-58.13,2026-07-02 19:04:03+00:00
2026-07-02T19:05:04+00:00,-49.02,-60.68,-62.77,-60.06,-61.40,-43.72,-43.74,-60.51,-53.71,-49.38,-55.82,-63.78,-59.96,-41.15,-58.02,-50.41,-54.95,2026-07-02 19:05:04+00:00
2026-07-02T19:06:04+00:00,-48.48,-59.97,-62.73,-60.06,-61.65,-44.03,-43.42,-60.61,-52.92,-49.48,-55.72,-64.17,-60.40,-41.09,-57.93,-50.36,-57.91,2026-07-02 19:06:04+00:00
2026-07-02T19:07:03+00:00,-48.64,-59.91,-62.52,-59.81,-62.21,-44.22,-43.73,-60.88,-52.98,-49.38,-55.94,-64.59,-60.14,-41.10,-58.40,-50.06,-57.92,2026-07-02 19:07:03+00:00
2026-07-02T19:08:03+00:00,-49.00,-59.43,-63.16,-59.73,-61.47,-43.71,-43.64,-60.82,-49.90,-49.47,-56.01,-64.06,-58.93,-40.85,-57.94,-49.89,-58.45,2026-07-02 19:08:03+00:00
2026-07-02T19:09:04+00:00,-48.90,-60.17,-63.30,-59.78,-62.50,-43.57,-43.62,-61.05,-49.82,-49.37,-55.96,-64.72,-58.97,-40.63,-58.39,-49.83,-58.68,2026-07-02 19:09:04+00:00
2026-07-02T19:10:04+00:00,-49.27,-60.03,-63.49,-59.97,-61.51,-44.46,-43.60,-60.97,-49.81,-49.39,-56.18,-64.10,-59.13,-40.52,-57.98,-49.73,-58.02,2026-07-02 19:10:04+00:00
2026-07-02T19:11:03+00:00,-51.82,-60.02,-63.34,-60.21,-61.29,-44.21,-43.73,-60.93,-50.04,-49.10,-55.66,-64.17,-59.40,-40.73,-57.78,-49.78,-58.17,2026-07-02 19:11:03+00:00
2026-07-02T19:12:04+00:00,-52.65,-58.75,-62.62,-60.55,-62.90,-43.64,-43.47,-60.61,-50.06,-49.30,-55.62,-63.52,-59.69,-40.62,-57.72,-50.54,-58.76,2026-07-02 19:12:04+00:00
2026-07-02T19:13:04+00:00,-52.32,-59.44,-63.11,-60.16,-61.74,-44.16,-43.72,-60.90,-48.81,-49.05,-55.14,-64.29,-60.01,-40.33,-57.99,-50.24,-58.05,2026-07-02 19:13:04+00:00
2026-07-02T19:14:03+00:00,-51.98,-59.18,-62.72,-60.12,-62.68,-43.88,-43.69,-60.79,-48.60,-49.23,-55.22,-64.43,-59.82,-40.42,-57.56,-50.84,-58.26,2026-07-02 19:14:03+00:00
2026-07-02T19:15:04+00:00,-51.59,-59.07,-62.43,-60.11,-62.34,-43.65,-43.55,-60.67,-48.60,-49.13,-55.24,-62.80,-59.41,-40.23,-57.68,-50.64,-57.33,2026-07-02 19:15:04+00:00
2026-07-02T19:16:03+00:00,-52.19,-59.57,-62.99,-59.87,-62.05,-43.91,-43.74,-60.41,-48.58,-49.10,-55.28,-64.50,-59.53,-40.62,-57.70,-50.41,-58.06,2026-07-02 19:16:03+00:00
2026-07-02T19:17:03+00:00,-51.74,-60.13,-62.80,-60.05,-62.92,-43.53,-43.62,-60.55,-50.37,-49.04,-55.06,-60.72,-59.65,-40.47,-57.61,-50.44,-57.99,2026-07-02 19:17:03+00:00
2026-07-02T19:18:04+00:00,-51.59,-59.91,-61.97,-59.40,-63.39,-43.95,-43.57,-61.04,-50.42,-49.04,-55.30,-59.58,-59.76,-40.28,-57.37,-50.83,-58.11,2026-07-02 19:18:04+00:00
2026-07-02T19:19:04+00:00,-52.23,-59.63,-61.84,-59.47,-61.84,-43.94,-43.79,-60.46,-50.46,-49.01,-55.37,-59.65,-60.02,-40.20,-57.09,-51.42,-58.04,2026-07-02 19:19:04+00:00
2026-07-02T19:20:03+00:00,-52.09,-59.97,-62.29,-59.78,-62.49,-44.22,-43.73,-60.47,-50.18,-48.99,-55.31,-61.18,-59.71,-40.12,-57.45,-51.23,-58.08,2026-07-02 19:20:03+00:00
2026-07-02T19:21:04+00:00,-51.80,-59.72,-62.39,-60.07,-62.80,-43.55,-43.74,-60.74,-50.31,-49.15,-55.66,-61.56,-59.30,-40.09,-57.50,-51.51,-57.75,2026-07-02 19:21:04+00:00
2026-07-02T19:22:04+00:00,-51.82,-59.20,-61.91,-59.38,-61.50,-43.69,-43.73,-60.72,-50.41,-49.23,-54.63,-62.21,-59.60,-40.12,-56.93,-51.27,-57.64,2026-07-02 19:22:04+00:00
2026-07-02T19:23:03+00:00,-52.20,-59.00,-62.07,-59.82,-60.58,-44.41,-43.73,-60.58,-50.26,-49.28,-55.52,-61.44,-59.22,-40.32,-56.81,-51.07,-57.90,2026-07-02 19:23:03+00:00
2026-07-02T19:24:04+00:00,-51.37,-58.72,-62.40,-59.38,-62.75,-43.51,-43.70,-60.85,-50.71,-49.21,-55.45,-62.23,-59.47,-40.35,-56.74,-50.86,-57.84,2026-07-02 19:24:04+00:00
2026-07-02T19:25:04+00:00,-51.09,-58.90,-62.10,-59.35,-60.93,-44.47,-43.61,-60.74,-50.37,-49.39,-55.45,-61.93,-59.03,-40.46,-57.21,-50.71,-57.92,2026-07-02 19:25:04+00:00
2026-07-02T19:26:03+00:00,-51.21,-58.65,-61.91,-59.35,-61.95,-44.91,-43.73,-60.70,-50.55,-49.50,-55.70,-60.92,-58.85,-40.36,-56.76,-50.93,-57.94,2026-07-02 19:26:03+00:00
2026-07-02T19:27:04+00:00,-51.36,-59.26,-62.57,-59.69,-60.36,-50.33,-43.73,-60.98,-50.46,-49.64,-56.02,-61.05,-59.02,-40.45,-56.67,-51.46,-57.59,2026-07-02 19:27:04+00:00
2026-07-02T19:28:04+00:00,-51.27,-59.22,-62.57,-59.66,-59.65,-50.63,-43.48,-60.75,-53.26,-49.77,-55.94,-60.04,-58.87,-40.43,-56.75,-51.25,-57.80,2026-07-02 19:28:04+00:00
2026-07-02T19:29:03+00:00,-51.61,-58.94,-62.70,-59.91,-61.37,-50.43,-43.48,-60.72,-53.31,-49.94,-56.13,-60.35,-58.48,-40.34,-56.79,-51.31,-57.76,2026-07-02 19:29:03+00:00
2026-07-02T19:30:03+00:00,-52.46,-58.89,-62.33,-59.76,-61.32,-50.38,-43.56,-60.60,-53.54,-49.98,-55.03,-60.71,-58.73,-40.28,-57.04,-51.23,-57.63,2026-07-02 19:30:03+00:00
2026-07-02T19:31:04+00:00,-52.32,-58.85,-62.96,-59.77,-60.50,-50.57,-43.75,-60.95,-53.36,-50.35,-55.39,-63.84,-58.76,-40.49,-56.57,-51.68,-58.10,2026-07-02 19:31:04+00:00
2026-07-02T19:32:04+00:00,-51.81,-59.61,-63.42,-59.71,-59.76,-50.88,-43.82,-60.99,-53.52,-50.48,-55.37,-64.24,-58.43,-40.82,-56.62,-50.65,-58.29,2026-07-02 19:32:04+00:00
2026-07-02T19:33:03+00:00,-51.84,-59.56,-63.19,-59.42,-60.82,-50.74,-43.74,-60.65,-53.56,-50.52,-55.41,-63.84,-58.90,-40.98,-56.47,-50.47,-57.70,2026-07-02 19:33:03+00:00
2026-07-02T19:34:04+00:00,-51.58,-59.42,-63.49,-59.73,-62.39,-50.55,-43.73,-60.86,-53.57,-50.56,-55.46,-64.77,-58.61,-41.13,-56.68,-50.29,-58.17,2026-07-02 19:34:04+00:00
2026-07-02T19:35:04+00:00,-51.90,-59.82,-62.77,-59.71,-61.76,-50.63,-43.75,-60.59,-53.52,-50.49,-55.51,-64.05,-57.97,-41.00,-56.79,-50.46,-57.82,2026-07-02 19:35:04+00:00
2026-07-02T19:36:04+00:00,-52.22,-60.43,-63.06,-59.78,-60.98,-50.68,-43.77,-60.72,-53.22,-50.60,-55.36,-64.31,-58.03,-41.42,-56.45,-50.88,-58.38,2026-07-02 19:36:04+00:00
2026-07-02T19:37:03+00:00,-52.18,-60.35,-62.54,-59.85,-60.50,-50.61,-43.63,-61.38,-53.45,-50.73,-55.72,-58.11,-58.07,-41.47,-55.99,-50.58,-58.12,2026-07-02 19:37:03+00:00
2026-07-02T19:38:03+00:00,-52.48,-60.09,-62.25,-59.92,-60.19,-50.67,-43.60,-61.00,-53.60,-51.16,-55.58,-54.36,-57.96,-41.81,-56.24,-50.42,-58.60,2026-07-02 19:38:03+00:00
2026-07-02T19:39:04+00:00,-52.80,-59.80,-62.95,-59.56,-59.94,-50.54,-43.81,-60.86,-53.60,-51.59,-55.57,-56.35,-57.43,-41.76,-56.18,-50.88,-58.29,2026-07-02 19:39:04+00:00
2026-07-02T19:40:04+00:00,-52.66,-59.24,-60.83,-58.95,-62.21,-50.52,-43.71,-60.63,-53.94,-51.54,-55.39,-56.84,-56.63,-42.04,-56.45,-50.85,-56.48,2026-07-02 19:40:04+00:00
2026-07-02T19:41:03+00:00,-49.14,-59.58,-62.94,-59.85,-61.93,-50.80,-43.74,-60.58,-53.24,-51.51,-55.58,-55.11,-55.94,-42.53,-55.59,-51.05,-57.86,2026-07-02 19:41:03+00:00
2026-07-02T19:42:04+00:00,-48.97,-60.76,-63.73,-59.81,-60.29,-50.61,-43.71,-60.82,-53.36,-51.82,-55.83,-55.85,-56.14,-42.84,-56.59,-50.85,-58.46,2026-07-02 19:42:04+00:00
2026-07-02T19:43:04+00:00,-48.74,-60.22,-63.13,-60.02,-62.73,-50.78,-43.75,-60.32,-53.23,-51.72,-55.55,-58.56,-56.16,-43.19,-56.21,-51.32,-58.24,2026-07-02 19:43:04+00:00
2026-07-02T19:44:03+00:00,-48.93,-59.64,-62.59,-60.10,-60.73,-50.45,-43.69,-60.83,-53.32,-51.72,-55.75,-61.07,-56.13,-43.31,-55.98,-51.23,-54.46,2026-07-02 19:44:03+00:00
2026-07-02T19:45:04+00:00,-49.04,-59.59,-62.75,-59.84,-60.69,-50.58,-43.72,-60.06,-53.23,-51.75,-55.59,-59.09,-55.97,-43.35,-56.15,-51.65,-54.39,2026-07-02 19:45:04+00:00
2026-07-02T19:46:04+00:00,-48.91,-60.34,-62.96,-59.80,-61.39,-50.67,-43.76,-61.16,-53.25,-52.14,-55.82,-56.45,-55.84,-43.50,-55.48,-52.07,-54.57,2026-07-02 19:46:04+00:00
2026-07-02T19:47:03+00:00,-49.04,-59.83,-62.93,-59.63,-60.42,-50.54,-43.63,-60.62,-53.32,-52.49,-55.77,-56.71,-55.53,-43.98,-55.43,-52.47,-54.43,2026-07-02 19:47:03+00:00
2026-07-02T19:48:04+00:00,-49.05,-60.79,-63.08,-59.92,-61.90,-50.72,-43.66,-60.46,-54.54,-52.68,-55.56,-56.43,-55.36,-44.45,-55.19,-52.16,-55.12,2026-07-02 19:48:04+00:00
2026-07-02T19:49:04+00:00,-48.85,-59.68,-63.18,-59.32,-61.42,-50.65,-43.64,-61.27,-54.51,-52.97,-55.45,-56.06,-55.00,-44.65,-55.36,-52.62,-55.24,2026-07-02 19:49:04+00:00
2026-07-02T19:50:03+00:00,-48.53,-60.63,-62.63,-59.13,-60.87,-48.94,-43.69,-61.20,-53.86,-52.88,-55.31,-55.43,-54.56,-45.16,-55.30,-52.41,-54.71,2026-07-02 19:50:03+00:00
2026-07-02T19:51:04+00:00,-48.88,-60.63,-62.79,-59.67,-61.60,-48.89,-43.65,-61.07,-53.74,-53.07,-55.29,-54.75,-54.25,-45.05,-54.91,-52.29,-54.60,2026-07-02 19:51:04+00:00
2026-07-02T19:52:04+00:00,-49.11,-59.99,-63.37,-59.53,-62.05,-47.42,-43.53,-61.40,-53.11,-52.94,-54.98,-55.50,-54.38,-44.91,-54.60,-52.68,-55.18,2026-07-02 19:52:04+00:00
2026-07-02T19:53:03+00:00,-48.78,-60.48,-62.54,-59.32,-61.53,-47.72,-43.55,-61.24,-52.42,-52.98,-55.09,-55.13,-54.37,-45.35,-54.59,-51.91,-53.64,2026-07-02 19:53:03+00:00
2026-07-02T19:54:04+00:00,-48.92,-59.74,-62.23,-59.18,-61.26,-47.73,-43.60,-61.35,-52.34,-53.21,-54.79,-54.78,-54.47,-45.64,-54.41,-52.16,-54.02,2026-07-02 19:54:04+00:00
2026-07-02T19:55:04+00:00,-48.91,-61.02,-62.89,-59.34,-62.56,-47.25,-43.56,-61.55,-52.29,-53.31,-54.90,-54.76,-54.53,-45.75,-54.09,-51.70,-55.24,2026-07-02 19:55:04+00:00
2026-07-02T19:56:03+00:00,-52.29,-60.42,-62.15,-59.44,-61.16,-47.29,-43.60,-61.25,-52.94,-53.47,-56.16,-54.14,-54.39,-45.61,-53.91,-51.50,-58.53,2026-07-02 19:56:03+00:00
2026-07-02T19:57:04+00:00,-52.49,-61.03,-62.09,-59.20,-60.88,-47.28,-43.57,-61.57,-54.07,-53.80,-56.14,-55.34,-54.22,-45.93,-53.76,-51.66,-58.06,2026-07-02 19:57:04+00:00
2026-07-02T19:58:04+00:00,-52.21,-60.80,-62.14,-58.89,-61.75,-47.42,-43.49,-61.37,-51.13,-53.87,-55.95,-55.06,-54.21,-46.27,-53.47,-52.03,-58.07,2026-07-02 19:58:04+00:00
2026-07-02T19:59:03+00:00,-52.05,-60.44,-61.46,-58.81,-61.18,-47.32,-43.60,-61.40,-51.07,-53.80,-54.60,-55.38,-54.35,-46.43,-53.36,-52.04,-57.50,2026-07-02 19:59:03+00:00
2026-07-02T20:00:04+00:00,-51.87,-60.76,-62.25,-59.05,-61.76,-47.56,-43.54,-61.27,-51.20,-53.83,-56.28,-56.77,-54.42,-46.72,-53.22,-52.07,-58.40,2026-07-02 20:00:04+00:00
2026-07-02T20:01:04+00:00,-52.02,-60.44,-62.25,-58.88,-61.72,-47.69,-43.54,-61.55,-51.04,-54.00,-56.24,-57.83,-54.52,-46.69,-52.82,-53.07,-58.02,2026-07-02 20:01:04+00:00
2026-07-02T20:02:04+00:00,-51.36,-59.86,-62.01,-58.86,-60.84,-47.16,-43.46,-61.17,-51.21,-54.23,-56.11,-58.45,-54.41,-46.45,-52.61,-52.30,-57.66,2026-07-02 20:02:04+00:00
2026-07-02T20:03:03+00:00,-52.19,-60.94,-61.90,-59.22,-62.21,-47.72,-43.55,-61.32,-51.09,-54.39,-56.51,-59.70,-54.49,-46.20,-52.79,-51.25,-58.10,2026-07-02 20:03:03+00:00
2026-07-02T20:04:04+00:00,-51.96,-59.55,-61.48,-59.63,-63.46,-47.65,-43.59,-61.54,-51.15,-54.79,-56.28,-61.03,-54.35,-46.87,-52.30,-51.81,-58.13,2026-07-02 20:04:04+00:00
2026-07-02T20:05:04+00:00,-51.53,-61.07,-61.42,-59.47,-62.85,-47.83,-43.61,-61.62,-51.57,-54.75,-56.23,-62.23,-54.53,-46.85,-52.10,-50.89,-58.32,2026-07-02 20:05:04+00:00
2026-07-02T20:06:04+00:00,-51.47,-60.74,-61.21,-59.31,-62.55,-47.66,-43.60,-61.17,-51.58,-54.65,-56.41,-62.85,-54.58,-47.35,-52.36,-49.82,-56.73,2026-07-02 20:06:04+00:00
2026-07-02T20:07:03+00:00,-52.00,-60.79,-61.30,-59.15,-61.33,-46.97,-43.65,-61.79,-51.74,-54.94,-55.91,-63.56,-54.83,-48.05,-51.57,-50.31,-57.98,2026-07-02 20:07:03+00:00
2026-07-02T20:08:04+00:00,-50.13,-61.32,-61.51,-59.16,-61.02,-47.89,-43.66,-61.33,-51.68,-54.22,-55.83,-63.83,-54.45,-48.53,-51.45,-50.76,-58.51,2026-07-02 20:08:04+00:00
2026-07-02T20:09:04+00:00,-50.18,-60.51,-62.09,-59.41,-61.14,-47.45,-43.59,-61.64,-51.61,-53.82,-55.92,-63.79,-54.22,-47.83,-51.26,-50.77,-57.82,2026-07-02 20:09:04+00:00
2026-07-02T20:10:03+00:00,-50.22,-60.72,-62.55,-59.62,-62.35,-47.86,-43.66,-62.01,-51.57,-53.61,-55.94,-64.36,-54.26,-47.52,-51.04,-50.18,-58.04,2026-07-02 20:10:03+00:00
2026-07-02T20:11:04+00:00,-49.56,-60.92,-61.97,-59.06,-61.35,-47.70,-43.61,-61.48,-51.53,-53.59,-56.38,-63.51,-53.96,-47.38,-50.60,-49.48,-57.61,2026-07-02 20:11:04+00:00
2026-07-02T20:12:04+00:00,-50.07,-60.12,-61.55,-58.89,-61.51,-47.85,-43.58,-61.36,-51.49,-52.86,-56.14,-62.46,-53.66,-47.21,-50.60,-48.96,-57.36,2026-07-02 20:12:04+00:00
2026-07-02T20:13:03+00:00,-49.77,-61.05,-62.29,-59.56,-62.55,-47.64,-43.60,-61.34,-54.69,-52.25,-56.04,-63.67,-53.58,-48.25,-50.35,-47.68,-58.16,2026-07-02 20:13:03+00:00
2026-07-02T20:14:03+00:00,-50.29,-60.48,-61.20,-58.89,-61.73,-47.00,-43.60,-60.63,-54.62,-51.84,-55.94,-62.81,-53.19,-47.76,-50.44,-46.53,-57.39,2026-07-02 20:14:03+00:00
2026-07-02T20:15:04+00:00,-49.99,-59.07,-61.92,-58.65,-61.12,-47.43,-42.22,-61.62,-54.07,-51.87,-56.20,-63.59,-52.99,-46.66,-50.25,-45.31,-57.47,2026-07-02 20:15:04+00:00
2026-07-02T20:16:04+00:00,-50.33,-60.87,-62.03,-58.91,-63.39,-50.07,-43.74,-61.88,-54.23,-51.35,-56.11,-63.56,-53.07,-47.19,-50.22,-45.19,-58.22,2026-07-02 20:16:04+00:00
2026-07-02T20:17:03+00:00,-50.72,-58.86,-61.59,-58.90,-62.44,-47.90,-43.76,-61.39,-54.26,-50.35,-55.51,-63.59,-53.07,-46.44,-50.28,-44.77,-57.99,2026-07-02 20:17:03+00:00
2026-07-02T20:18:04+00:00,-50.31,-60.56,-62.17,-58.80,-61.00,-47.78,-43.81,-61.54,-54.23,-49.83,-56.14,-63.91,-53.60,-46.22,-50.19,-44.02,-57.87,2026-07-02 20:18:04+00:00
2026-07-02T20:19:04+00:00,-49.60,-61.17,-62.06,-59.05,-62.82,-47.92,-43.82,-61.80,-54.89,-49.29,-56.43,-64.29,-53.74,-48.30,-49.97,-43.78,-58.36,2026-07-02 20:19:04+00:00
2026-07-02T20:20:03+00:00,-50.70,-60.58,-60.77,-58.49,-61.65,-48.83,-43.84,-61.51,-55.18,-48.98,-56.36,-63.55,-53.72,-48.81,-49.84,-43.24,-57.82,2026-07-02 20:20:03+00:00
2026-07-02T20:21:03+00:00,-50.07,-60.77,-61.31,-58.66,-62.15,-47.57,-43.78,-61.55,-55.03,-48.58,-56.45,-62.42,-53.35,-49.52,-49.99,-43.25,-57.80,2026-07-02 20:21:03+00:00
2026-07-02T20:22:04+00:00,-51.29,-60.58,-62.73,-58.93,-62.48,-48.24,-43.74,-61.72,-54.73,-47.84,-56.38,-60.13,-53.29,-49.35,-49.96,-43.44,-58.32,2026-07-02 20:22:04+00:00
2026-07-02T20:23:04+00:00,-49.73,-60.56,-62.63,-58.60,-61.00,-47.64,-43.77,-61.33,-54.99,-47.16,-56.19,-58.47,-53.57,-47.08,-49.92,-43.84,-58.05,2026-07-02 20:23:04+00:00
2026-07-02T20:24:03+00:00,-50.47,-59.69,-62.39,-58.41,-61.33,-47.78,-43.76,-61.46,-54.98,-47.01,-56.35,-57.59,-53.39,-47.60,-49.95,-43.76,-57.93,2026-07-02 20:24:03+00:00
2026-07-02T20:25:03+00:00,-49.70,-60.41,-63.13,-58.37,-62.63,-49.42,-43.68,-61.74,-54.41,-46.31,-56.39,-58.15,-53.40,-46.89,-49.60,-43.72,-57.93,2026-07-02 20:25:03+00:00
2026-07-02T20:26:04+00:00,-48.32,-60.72,-62.55,-58.30,-61.10,-49.86,-43.79,-61.49,-54.35,-45.99,-56.38,-58.55,-53.43,-47.37,-49.63,-43.56,-57.83,2026-07-02 20:26:04+00:00
2026-07-02T20:27:04+00:00,-47.93,-60.81,-62.50,-58.78,-61.34,-50.49,-43.76,-61.51,-50.45,-45.72,-56.62,-58.68,-53.62,-47.79,-49.55,-43.20,-57.75,2026-07-02 20:27:04+00:00
2026-07-02T20:28:03+00:00,-48.10,-60.96,-63.29,-58.96,-63.18,-50.39,-43.68,-61.60,-50.57,-45.33,-56.44,-56.35,-53.17,-47.91,-49.81,-42.83,-58.19,2026-07-02 20:28:03+00:00
2026-07-02T20:29:04+00:00,-48.38,-60.24,-61.96,-58.94,-61.33,-50.72,-43.66,-60.54,-50.51,-44.95,-56.61,-56.32,-53.37,-47.81,-49.37,-42.59,-56.47,2026-07-02 20:29:04+00:00
2026-07-02T20:30:04+00:00,-48.49,-60.47,-62.57,-58.77,-60.73,-50.37,-43.82,-60.99,-50.59,-44.71,-56.95,-56.35,-53.44,-47.71,-49.55,-42.26,-57.74,2026-07-02 20:30:04+00:00
2026-07-02T20:31:04+00:00,-48.13,-60.67,-63.04,-59.19,-61.30,-50.25,-41.88,-61.86,-50.43,-44.53,-57.03,-57.65,-53.43,-48.86,-50.09,-41.97,-58.37,2026-07-02 20:31:04+00:00
2026-07-02T20:32:04+00:00,-47.83,-60.01,-61.93,-59.31,-61.70,-50.60,-43.67,-60.86,-50.35,-44.51,-56.60,-59.75,-53.76,-48.96,-50.34,-41.46,-58.21,2026-07-02 20:32:04+00:00
2026-07-02T20:33:03+00:00,-48.37,-60.08,-62.09,-59.04,-61.74,-50.55,-43.68,-61.57,-50.39,-43.97,-57.01,-60.23,-53.52,-47.95,-50.23,-41.40,-58.16,2026-07-02 20:33:03+00:00
2026-07-02T20:34:04+00:00,-47.89,-59.42,-61.16,-59.00,-62.86,-50.64,-43.70,-60.63,-50.24,-43.87,-56.76,-60.10,-53.35,-47.92,-50.27,-41.16,-57.76,2026-07-02 20:34:04+00:00
2026-07-02T20:35:04+00:00,-47.97,-59.68,-62.23,-59.31,-61.11,-50.55,-43.84,-61.29,-50.19,-44.45,-56.99,-59.93,-53.29,-47.78,-50.62,-41.10,-57.80,2026-07-02 20:35:04+00:00
2026-07-02T20:36:03+00:00,-47.79,-59.51,-61.85,-59.19,-62.31,-50.34,-43.78,-60.78,-50.17,-44.50,-56.43,-59.73,-53.39,-48.45,-50.75,-41.62,-57.57,2026-07-02 20:36:03+00:00
2026-07-02T20:37:03+00:00,-47.86,-59.68,-62.20,-59.28,-62.45,-50.57,-43.69,-61.22,-50.25,-44.64,-57.14,-59.85,-53.17,-48.57,-51.13,-41.82,-57.94,2026-07-02 20:37:03+00:00
2026-07-02T20:38:04+00:00,-47.73,-59.74,-62.33,-59.13,-61.00,-50.58,-43.68,-60.96,-50.26,-44.57,-56.62,-60.10,-53.03,-47.01,-51.35,-42.01,-57.55,2026-07-02 20:38:04+00:00
2026-07-02T20:39:04+00:00,-47.46,-59.69,-62.28,-59.10,-61.37,-50.51,-43.66,-61.47,-50.31,-44.43,-56.94,-60.47,-52.97,-46.45,-51.39,-42.45,-57.46,2026-07-02 20:39:04+00:00
2026-07-02T20:40:03+00:00,-48.11,-59.86,-62.14,-58.72,-61.34,-50.49,-43.66,-61.02,-50.35,-44.68,-56.90,-60.04,-53.03,-45.77,-51.47,-42.76,-57.63,2026-07-02 20:40:03+00:00
2026-07-02T20:41:04+00:00,-48.69,-59.14,-61.83,-58.47,-61.40,-50.46,-43.64,-60.73,-51.22,-44.59,-57.07,-59.83,-52.74,-45.22,-52.00,-42.53,-56.82,2026-07-02 20:41:04+00:00
2026-07-02T20:42:04+00:00,-49.51,-60.22,-62.11,-58.82,-60.68,-50.54,-43.80,-61.09,-53.70,-44.44,-57.22,-59.44,-53.03,-46.02,-52.77,-42.50,-57.62,2026-07-02 20:42:04+00:00
2026-07-02T20:43:03+00:00,-49.58,-59.68,-62.69,-58.63,-63.43,-50.46,-43.69,-61.24,-50.92,-44.31,-56.86,-59.18,-53.31,-46.16,-52.50,-42.96,-56.52,2026-07-02 20:43:03+00:00
2026-07-02T20:44:03+00:00,-49.78,-59.85,-62.85,-58.81,-60.54,-50.64,-43.76,-61.34,-50.98,-44.47,-57.35,-59.55,-53.48,-46.22,-53.22,-43.03,-57.73,2026-07-02 20:44:03+00:00
2026-07-02T20:45:04+00:00,-49.36,-59.52,-62.40,-58.59,-61.64,-50.44,-43.77,-61.13,-50.97,-44.26,-57.37,-59.51,-53.69,-46.94,-53.29,-43.00,-57.61,2026-07-02 20:45:04+00:00
2026-07-02T20:46:03+00:00,-49.75,-59.49,-61.49,-58.83,-61.07,-50.54,-43.78,-61.00,-50.99,-44.09,-57.26,-58.61,-53.32,-47.55,-53.97,-43.01,-57.19,2026-07-02 20:46:03+00:00
2026-07-02T20:47:03+00:00,-49.35,-59.89,-62.27,-58.64,-62.15,-50.52,-43.73,-61.14,-51.18,-44.08,-56.99,-59.37,-53.37,-46.83,-54.20,-43.40,-57.11,2026-07-02 20:47:03+00:00
2026-07-02T20:48:04+00:00,-49.48,-58.96,-62.64,-58.45,-61.17,-50.34,-43.77,-61.16,-51.31,-44.24,-57.41,-59.52,-53.17,-47.53,-54.84,-43.45,-57.61,2026-07-02 20:48:04+00:00
2026-07-02T20:49:04+00:00,-49.18,-59.88,-62.68,-58.42,-62.09,-50.46,-43.78,-61.38,-51.05,-43.82,-57.26,-59.67,-53.21,-47.99,-55.04,-44.61,-57.53,2026-07-02 20:49:04+00:00
2026-07-02T20:50:04+00:00,-49.08,-60.10,-62.60,-58.26,-62.68,-49.07,-43.73,-60.97,-51.30,-43.77,-57.23,-60.10,-53.54,-47.24,-55.85,-45.29,-57.81,2026-07-02 20:50:04+00:00
2026-07-02T20:51:03+00:00,-49.31,-59.16,-62.04,-58.35,-60.75,-48.90,-43.81,-60.85,-51.31,-43.33,-57.26,-60.03,-53.65,-46.93,-56.33,-44.59,-56.46,2026-07-02 20:51:03+00:00
2026-07-02T20:52:03+00:00,-48.79,-58.74,-62.07,-58.00,-61.99,-47.55,-43.75,-60.27,-51.23,-43.20,-57.10,-60.29,-53.48,-47.15,-56.52,-44.44,-56.26,2026-07-02 20:52:03+00:00
2026-07-02T20:53:04+00:00,-48.79,-59.38,-62.17,-58.39,-62.70,-47.34,-43.75,-61.07,-51.35,-42.99,-56.55,-60.43,-53.41,-47.73,-57.58,-44.14,-57.64,2026-07-02 20:53:04+00:00
2026-07-02T20:54:03+00:00,-48.18,-58.43,-62.03,-58.15,-60.52,-47.67,-43.80,-60.74,-51.29,-42.87,-56.80,-60.15,-53.76,-46.61,-57.73,-44.07,-56.87,2026-07-02 20:54:03+00:00
2026-07-02T20:55:03+00:00,-48.07,-59.01,-62.73,-58.56,-62.15,-47.64,-43.86,-60.80,-51.47,-42.50,-56.60,-60.75,-54.39,-48.23,-58.64,-44.22,-57.85,2026-07-02 20:55:03+00:00
2026-07-02T20:56:04+00:00,-47.69,-58.46,-61.38,-58.50,-63.63,-47.24,-43.72,-60.22,-51.24,-42.25,-56.39,-60.05,-54.45,-47.46,-58.42,-43.26,-56.15,2026-07-02 20:56:04+00:00
2026-07-02T20:57:03+00:00,-48.91,-60.27,-62.10,-58.30,-61.38,-47.33,-43.80,-60.83,-51.26,-42.29,-56.38,-60.04,-54.93,-47.93,-58.64,-42.18,-58.31,2026-07-02 20:57:03+00:00
2026-07-02T20:58:03+00:00,-50.29,-59.78,-62.44,-58.18,-62.62,-47.82,-43.82,-60.67,-54.44,-42.56,-56.79,-59.77,-54.75,-46.34,-57.84,-41.31,-57.52,2026-07-02 20:58:03+00:00
2026-07-02T20:59:04+00:00,-49.51,-59.86,-60.82,-58.14,-63.56,-47.21,-43.76,-60.41,-54.38,-42.40,-55.50,-59.15,-54.81,-46.69,-57.74,-40.63,-56.06,2026-07-02 20:59:04+00:00
2026-07-02T21:00:04+00:00,-49.93,-59.83,-61.39,-58.00,-62.51,-46.98,-43.84,-60.48,-54.31,-42.39,-57.54,-58.39,-54.66,-46.08,-57.26,-40.32,-56.99,2026-07-02 21:00:04+00:00
2026-07-02T21:01:04+00:00,-49.68,-59.63,-61.30,-58.02,-61.94,-47.73,-43.86,-60.80,-54.81,-42.27,-57.64,-58.46,-54.54,-46.79,-56.35,-40.79,-57.11,2026-07-02 21:01:04+00:00
2026-07-02T21:02:03+00:00,-50.10,-59.38,-62.39,-58.34,-61.99,-47.46,-43.83,-61.43,-54.79,-41.93,-57.90,-58.86,-54.68,-46.17,-55.69,-41.17,-58.10,2026-07-02 21:02:03+00:00
2026-07-02T21:03:03+00:00,-49.53,-58.67,-60.57,-57.63,-60.56,-47.71,-43.78,-60.05,-54.88,-41.88,-57.49,-57.97,-54.37,-44.88,-54.82,-40.84,-56.63,2026-07-02 21:03:03+00:00
2026-07-02T21:04:04+00:00,-50.00,-59.49,-61.31,-58.28,-61.25,-47.15,-43.78,-60.57,-55.00,-42.26,-57.90,-58.00,-54.69,-45.31,-54.43,-41.46,-57.25,2026-07-02 21:04:04+00:00
2026-07-02T21:05:04+00:00,-49.95,-60.71,-62.72,-58.16,-63.30,-47.48,-43.80,-61.12,-55.36,-41.72,-58.03,-58.45,-55.67,-45.02,-53.59,-42.15,-58.98,2026-07-02 21:05:04+00:00
2026-07-02T21:06:03+00:00,-48.68,-60.06,-60.78,-58.19,-61.63,-47.36,-43.85,-60.95,-52.60,-41.64,-57.93,-58.30,-55.31,-45.63,-52.91,-42.08,-58.73,2026-07-02 21:06:03+00:00
2026-07-02T21:07:04+00:00,-49.01,-60.81,-62.30,-58.16,-61.69,-47.39,-43.89,-61.10,-55.24,-41.83,-57.57,-58.49,-55.26,-44.76,-52.29,-42.18,-58.61,2026-07-02 21:07:04+00:00
2026-07-02T21:08:04+00:00,-49.45,-60.22,-62.31,-57.96,-61.55,-47.64,-43.87,-61.08,-55.24,-41.85,-57.71,-58.25,-54.88,-44.25,-52.24,-41.81,-58.20,2026-07-02 21:08:04+00:00
2026-07-02T21:09:03+00:00,-49.29,-60.38,-61.33,-58.21,-61.83,-47.76,-43.82,-61.14,-55.19,-42.08,-57.94,-58.31,-54.56,-44.90,-52.10,-41.73,-58.42,2026-07-02 21:09:03+00:00
2026-07-02T21:10:04+00:00,-47.28,-60.89,-62.62,-58.27,-61.39,-47.47,-43.82,-61.20,-54.26,-41.62,-57.82,-58.73,-54.92,-44.98,-52.23,-41.25,-58.44,2026-07-02 21:10:04+00:00
2026-07-02T21:11:04+00:00,-47.32,-60.62,-62.13,-57.73,-61.43,-47.87,-43.85,-60.86,-50.48,-41.49,-57.66,-58.28,-54.86,-45.04,-51.94,-41.61,-58.29,2026-07-02 21:11:04+00:00
2026-07-02T21:12:03+00:00,-47.29,-59.73,-61.52,-57.80,-61.09,-47.54,-43.87,-60.81,-50.63,-41.17,-57.77,-58.68,-54.81,-43.84,-51.42,-41.11,-56.93,2026-07-02 21:12:03+00:00
2026-07-02T21:13:03+00:00,-47.30,-60.13,-61.54,-57.26,-61.52,-47.67,-43.85,-59.70,-50.60,-41.50,-57.77,-58.90,-54.62,-44.25,-50.80,-40.51,-56.13,2026-07-02 21:13:03+00:00
2026-07-02T21:14:04+00:00,-47.59,-60.23,-62.42,-57.46,-62.19,-47.54,-43.86,-61.25,-50.72,-41.78,-57.77,-60.41,-55.09,-43.91,-50.81,-40.19,-58.26,2026-07-02 21:14:04+00:00
2026-07-02T21:15:03+00:00,-47.76,-60.78,-62.39,-57.47,-61.58,-47.75,-43.85,-61.26,-50.06,-41.73,-57.67,-60.29,-55.01,-43.23,-50.23,-40.10,-58.41,2026-07-02 21:15:03+00:00
2026-07-02T21:16:03+00:00,-47.47,-60.79,-62.78,-57.15,-61.87,-47.46,-43.85,-61.35,-50.10,-42.16,-57.78,-61.24,-54.93,-43.55,-49.98,-39.82,-58.28,2026-07-02 21:16:03+00:00
2026-07-02T21:17:04+00:00,-47.68,-61.03,-62.12,-57.36,-61.45,-47.28,-43.88,-61.37,-49.99,-41.94,-57.67,-60.67,-54.63,-44.12,-50.10,-40.12,-57.73,2026-07-02 21:17:04+00:00
2026-07-02T21:18:04+00:00,-47.21,-60.67,-62.98,-57.42,-62.26,-47.96,-43.88,-61.71,-49.92,-41.26,-57.74,-60.73,-54.34,-42.69,-49.72,-40.65,-58.95,2026-07-02 21:18:04+00:00
2026-07-02T21:19:03+00:00,-47.58,-58.00,-61.51,-57.33,-62.28,-47.70,-43.81,-60.93,-49.92,-41.61,-57.40,-60.41,-53.97,-43.05,-49.73,-40.59,-56.59,2026-07-02 21:19:03+00:00
2026-07-02T21:20:04+00:00,-47.64,-60.02,-62.67,-57.58,-62.02,-47.66,-43.88,-61.32,-49.66,-41.81,-57.57,-60.09,-53.98,-43.70,-49.14,-40.49,-58.58,2026-07-02 21:20:04+00:00
2026-07-02T21:21:04+00:00,-47.44,-61.34,-62.12,-57.46,-61.55,-48.44,-43.85,-61.07,-49.68,-42.30,-57.37,-59.40,-53.86,-43.17,-49.06,-40.77,-57.95,2026-07-02 21:21:04+00:00
2026-07-02T21:22:03+00:00,-47.39,-61.34,-63.47,-57.34,-60.90,-48.06,-43.92,-61.61,-49.72,-42.55,-57.58,-59.54,-53.93,-43.92,-48.96,-40.96,-58.44,2026-07-02 21:22:03+00:00
2026-07-02T21:23:03+00:00,-47.57,-60.32,-62.36,-57.35,-62.06,-47.82,-43.87,-61.21,-49.70,-42.15,-57.48,-59.00,-53.59,-43.98,-48.75,-41.24,-56.00,2026-07-02 21:23:03+00:00
2026-07-02T21:24:04+00:00,-48.08,-60.97,-63.31,-57.07,-62.79,-48.64,-43.83,-61.60,-49.67,-42.45,-57.59,-59.21,-53.58,-44.14,-48.82,-40.95,-58.76,2026-07-02 21:24:04+00:00
2026-07-02T21:25:04+00:00,-49.41,-60.90,-63.74,-56.99,-61.58,-48.13,-43.85,-61.57,-50.01,-42.39,-57.38,-58.84,-53.44,-44.15,-48.89,-40.40,-58.86,2026-07-02 21:25:04+00:00
2026-07-02T21:26:03+00:00,-49.43,-58.99,-60.70,-56.41,-61.15,-48.10,-43.88,-60.59,-52.74,-42.67,-56.77,-57.82,-53.44,-43.80,-48.41,-40.08,-56.17,2026-07-02 21:26:03+00:00
2026-07-02T21:27:04+00:00,-49.08,-61.00,-62.91,-56.97,-61.07,-47.66,-43.86,-61.34,-52.91,-42.43,-57.10,-58.44,-53.92,-44.22,-48.15,-40.68,-58.29,2026-07-02 21:27:04+00:00
2026-07-02T21:28:04+00:00,-50.56,-61.30,-63.31,-57.18,-60.35,-47.84,-43.83,-61.73,-50.30,-42.49,-57.08,-58.81,-53.95,-44.72,-48.01,-39.92,-58.58,2026-07-02 21:28:04+00:00
2026-07-02T21:29:03+00:00,-48.70,-61.60,-63.01,-56.84,-61.09,-47.58,-43.89,-61.65,-50.36,-42.35,-57.07,-58.35,-54.12,-44.29,-48.09,-39.14,-58.26,2026-07-02 21:29:03+00:00
2026-07-02T21:30:03+00:00,-49.44,-59.58,-63.23,-56.63,-61.67,-47.66,-43.87,-61.41,-51.02,-42.61,-56.95,-57.98,-53.83,-43.50,-47.66,-38.68,-58.36,2026-07-02 21:30:03+00:00
2026-07-02T21:31:03+00:00,-49.30,-57.66,-62.53,-56.66,-60.90,-47.95,-43.86,-61.10,-50.87,-43.03,-56.54,-57.88,-53.61,-43.44,-47.48,-38.70,-57.76,2026-07-02 21:31:03+00:00
2026-07-02T21:32:03+00:00,-49.33,-60.08,-62.38,-56.33,-62.17,-50.45,-43.83,-61.31,-51.00,-43.04,-56.71,-57.26,-53.70,-44.35,-47.25,-38.83,-57.07,2026-07-02 21:32:03+00:00
2026-07-02T21:33:04+00:00,-49.70,-60.72,-61.38,-56.73,-62.45,-50.23,-44.52,-61.15,-50.91,-42.91,-56.47,-56.87,-54.09,-44.64,-47.07,-39.01,-57.32,2026-07-02 21:33:04+00:00
2026-07-02T21:34:04+00:00,-49.84,-60.39,-63.10,-57.33,-61.33,-50.43,-43.95,-61.50,-51.07,-42.55,-56.46,-57.24,-54.62,-44.98,-46.66,-39.45,-57.71,2026-07-02 21:34:04+00:00
2026-07-02T21:35:03+00:00,-50.12,-61.48,-63.07,-57.06,-61.73,-50.48,-43.97,-61.53,-51.48,-42.35,-56.39,-56.95,-54.98,-46.39,-46.59,-40.46,-58.52,2026-07-02 21:35:03+00:00
2026-07-02T21:36:04+00:00,-48.92,-59.88,-62.16,-57.18,-62.75,-50.18,-43.96,-61.51,-51.31,-43.13,-56.19,-56.16,-54.63,-43.14,-46.21,-40.57,-55.77,2026-07-02 21:36:04+00:00
2026-07-02T21:37:04+00:00,-49.72,-59.06,-60.60,-57.24,-61.79,-50.21,-43.87,-61.09,-51.29,-43.30,-56.00,-55.56,-54.68,-41.70,-46.19,-40.39,-54.79,2026-07-02 21:37:04+00:00
2026-07-02T21:38:03+00:00,-49.77,-60.34,-62.82,-56.71,-60.56,-50.38,-44.00,-61.84,-51.41,-42.47,-56.35,-56.18,-55.34,-42.29,-45.97,-40.80,-57.28,2026-07-02 21:38:03+00:00
2026-07-02T21:39:04+00:00,-50.32,-61.28,-62.89,-56.69,-61.85,-50.43,-43.96,-61.72,-51.48,-42.61,-56.19,-56.34,-55.50,-42.34,-46.42,-40.58,-58.59,2026-07-02 21:39:04+00:00
2026-07-02T21:40:04+00:00,-49.41,-61.32,-62.13,-56.58,-61.31,-50.54,-43.97,-61.36,-52.52,-42.69,-56.22,-56.49,-55.01,-43.80,-46.89,-39.84,-57.92,2026-07-02 21:40:04+00:00
2026-07-02T21:41:03+00:00,-49.53,-60.72,-62.19,-56.36,-61.46,-50.40,-43.93,-61.42,-52.86,-42.41,-56.15,-56.28,-54.98,-43.15,-46.72,-38.99,-57.51,2026-07-02 21:41:03+00:00
2026-07-02T21:42:04+00:00,-49.34,-57.39,-62.27,-56.36,-62.09,-50.46,-43.90,-61.38,-53.25,-42.38,-55.81,-56.13,-55.32,-43.97,-46.97,-38.72,-58.29,2026-07-02 21:42:04+00:00
2026-07-02T21:43:04+00:00,-51.70,-59.82,-62.93,-56.59,-62.31,-50.32,-43.85,-61.19,-57.27,-41.91,-55.52,-56.18,-54.67,-41.80,-46.78,-38.48,-58.41,2026-07-02 21:43:04+00:00
2026-07-02T21:44:03+00:00,-51.62,-57.68,-62.46,-56.51,-62.92,-50.40,-43.86,-61.38,-54.68,-41.94,-55.40,-56.24,-54.41,-42.49,-45.94,-38.88,-58.58,2026-07-02 21:44:03+00:00
2026-07-02T21:45:03+00:00,-52.10,-57.41,-61.82,-56.38,-61.98,-50.27,-43.90,-61.07,-54.69,-41.67,-55.13,-55.78,-54.29,-43.44,-46.37,-39.45,-57.74,2026-07-02 21:45:03+00:00
2026-07-02T21:46:04+00:00,-51.54,-60.23,-63.18,-56.82,-63.20,-50.37,-43.82,-61.30,-54.67,-42.22,-54.93,-56.41,-54.44,-44.21,-46.44,-39.37,-57.91,2026-07-02 21:46:04+00:00
2026-07-02T21:47:03+00:00,-51.67,-59.88,-62.78,-56.43,-60.72,-50.19,-43.89,-61.38,-54.50,-42.50,-55.14,-56.85,-54.31,-42.84,-46.06,-38.97,-58.26,2026-07-02 21:47:03+00:00
2026-07-02T21:48:04+00:00,-51.74,-60.17,-63.04,-56.37,-61.52,-50.42,-43.87,-61.41,-54.53,-42.65,-55.59,-57.49,-54.47,-42.92,-46.04,-38.45,-58.56,2026-07-02 21:48:04+00:00
2026-07-02T21:49:04+00:00,-51.81,-59.91,-62.95,-56.72,-62.18,-50.43,-43.84,-61.49,-54.65,-42.63,-55.47,-57.81,-53.99,-43.97,-46.18,-38.80,-58.42,2026-07-02 21:49:04+00:00
2026-07-02T21:50:03+00:00,-51.49,-61.29,-62.54,-56.81,-61.15,-50.28,-43.89,-61.55,-54.95,-42.85,-55.54,-58.22,-53.92,-44.91,-45.61,-39.57,-58.64,2026-07-02 21:50:03+00:00
2026-07-02T21:51:04+00:00,-51.77,-61.37,-63.02,-56.82,-61.26,-50.28,-43.80,-61.30,-55.05,-43.71,-55.09,-58.76,-54.12,-44.79,-45.71,-40.18,-57.91,2026-07-02 21:51:04+00:00
2026-07-02T21:52:04+00:00,-51.43,-61.30,-62.91,-56.89,-61.87,-50.23,-43.82,-61.46,-54.75,-43.17,-55.50,-59.38,-54.18,-44.18,-45.84,-40.65,-58.61,2026-07-02 21:52:04+00:00
2026-07-02T21:53:03+00:00,-51.63,-61.30,-62.99,-57.09,-61.46,-50.21,-43.85,-61.53,-55.00,-42.43,-55.19,-60.38,-54.30,-44.75,-45.84,-40.86,-58.20,2026-07-02 21:53:03+00:00
2026-07-02T21:54:04+00:00,-50.94,-60.54,-62.71,-56.49,-61.10,-50.11,-43.83,-61.63,-54.96,-42.78,-55.13,-60.32,-54.14,-45.06,-45.56,-41.05,-58.48,2026-07-02 21:54:04+00:00
2026-07-02T21:55:04+00:00,-48.48,-57.41,-63.55,-56.40,-62.50,-50.27,-43.81,-61.73,-53.96,-42.62,-55.26,-60.75,-53.69,-45.52,-45.31,-42.03,-58.21,2026-07-02 21:55:04+00:00
2026-07-02T21:56:03+00:00,-47.97,-59.64,-62.78,-56.99,-62.25,-48.74,-43.85,-61.54,-50.40,-42.61,-55.01,-61.10,-53.91,-44.83,-45.04,-43.24,-58.29,2026-07-02 21:56:03+00:00
2026-07-02T21:57:03+00:00,-48.45,-60.31,-62.78,-56.47,-61.37,-48.95,-43.81,-61.32,-50.31,-42.02,-55.38,-61.25,-53.59,-44.89,-45.05,-43.20,-58.54,2026-07-02 21:57:03+00:00
2026-07-02T21:58:04+00:00,-48.36,-59.84,-63.05,-56.87,-61.58,-47.64,-43.80,-61.63,-50.54,-42.19,-55.10,-61.46,-53.82,-44.84,-45.39,-42.67,-58.39,2026-07-02 21:58:04+00:00
2026-07-02T21:59:04+00:00,-48.52,-59.80,-63.51,-56.99,-61.16,-47.59,-43.80,-61.60,-50.57,-42.35,-55.02,-61.52,-63.47,-45.41,-45.80,-42.00,-58.73,2026-07-02 21:59:04+00:00
2026-07-02T22:00:03+00:00,-48.31,-61.05,-63.03,-56.90,-61.43,-47.59,-43.79,-61.32,-49.89,-41.73,-54.88,-61.43,-63.16,-45.68,-45.88,-40.60,-58.75,2026-07-02 22:00:03+00:00
2026-07-02T22:01:03+00:00,-48.34,-61.81,-62.77,-56.74,-61.02,-47.56,-43.72,-61.31,-49.93,-41.53,-54.91,-61.18,-62.13,-45.15,-45.85,-39.88,-58.52,2026-07-02 22:01:03+00:00
2026-07-02T22:02:04+00:00,-48.46,-61.25,-61.70,-56.46,-62.75,-47.77,-43.87,-61.08,-49.81,-41.83,-54.23,-59.73,-60.43,-44.44,-45.81,-39.38,-57.28,2026-07-02 22:02:04+00:00
2026-07-02T22:03:04+00:00,-48.57,-62.01,-62.39,-56.52,-62.74,-47.60,-43.80,-61.50,-50.08,-42.22,-54.62,-60.15,-60.93,-44.41,-45.77,-38.99,-58.82,2026-07-02 22:03:04+00:00
2026-07-02T22:04:03+00:00,-48.36,-61.84,-61.80,-56.72,-62.35,-47.77,-43.84,-59.77,-49.89,-42.75,-54.43,-60.32,-55.65,-44.20,-45.29,-39.19,-56.19,2026-07-02 22:04:03+00:00
2026-07-02T22:05:04+00:00,-48.57,-61.69,-62.77,-56.97,-62.14,-47.93,-43.80,-61.14,-49.81,-43.13,-54.65,-60.04,-56.21,-45.64,-45.32,-38.37,-58.49,2026-07-02 22:05:04+00:00
2026-07-02T22:06:04+00:00,-48.35,-61.83,-63.21,-56.87,-61.03,-47.66,-43.82,-61.27,-49.83,-43.37,-54.50,-60.36,-54.28,-46.30,-45.22,-38.12,-58.89,2026-07-02 22:06:04+00:00
2026-07-02T22:07:03+00:00,-48.61,-58.49,-62.81,-57.04,-62.32,-47.51,-43.83,-61.07,-49.80,-44.22,-54.40,-60.05,-52.98,-46.09,-45.31,-37.87,-58.53,2026-07-02 22:07:03+00:00
2026-07-02T22:08:03+00:00,-48.05,-58.51,-62.58,-57.48,-60.83,-47.78,-43.88,-61.28,-49.84,-44.42,-54.45,-60.06,-53.02,-47.22,-45.63,-38.38,-58.62,2026-07-02 22:08:03+00:00
2026-07-02T22:09:04+00:00,-47.69,-57.86,-61.25,-57.26,-61.33,-48.18,-43.90,-60.91,-49.72,-44.09,-54.37,-60.01,-52.72,-47.45,-45.38,-38.56,-57.46,2026-07-02 22:09:04+00:00
2026-07-02T22:10:03+00:00,-50.25,-57.93,-62.95,-57.47,-61.85,-47.81,-43.90,-61.01,-50.12,-43.91,-54.52,-60.84,-52.89,-47.81,-45.38,-38.67,-54.39,2026-07-02 22:10:03+00:00
2026-07-02T22:11:03+00:00,-50.15,-57.56,-62.26,-57.41,-61.48,-48.25,-43.86,-60.91,-52.59,-43.85,-54.34,-60.50,-52.81,-47.73,-45.52,-38.00,-54.55,2026-07-02 22:11:03+00:00
2026-07-02T22:12:04+00:00,-50.61,-61.37,-62.49,-57.68,-62.26,-47.93,-43.85,-60.80,-50.44,-43.42,-54.06,-61.24,-52.93,-48.15,-45.29,-37.88,-53.51,2026-07-02 22:12:04+00:00
2026-07-02T22:13:03+00:00,-50.04,-61.70,-62.02,-58.03,-61.72,-48.23,-43.88,-60.93,-50.09,-43.64,-54.19,-60.99,-52.50,-46.48,-45.51,-38.72,-54.35,2026-07-02 22:13:03+00:00
2026-07-02T22:14:03+00:00,-50.38,-61.84,-62.95,-58.32,-62.39,-48.09,-43.83,-61.24,-50.29,-43.92,-54.30,-61.35,-52.61,-46.11,-45.24,-39.29,-51.86,2026-07-02 22:14:03+00:00
2026-07-02T22:15:04+00:00,-50.45,-61.90,-62.54,-57.95,-62.55,-48.60,-43.87,-61.05,-50.89,-43.41,-54.28,-60.81,-52.34,-44.94,-45.78,-39.56,-54.39,2026-07-02 22:15:04+00:00
2026-07-02T22:16:04+00:00,-50.64,-62.29,-62.60,-58.38,-62.49,-48.36,-43.90,-61.22,-50.91,-42.96,-54.09,-61.30,-52.32,-43.81,-46.33,-39.67,-53.45,2026-07-02 22:16:04+00:00
2026-07-02T22:17:03+00:00,-50.01,-63.17,-62.51,-58.64,-62.27,-47.89,-43.85,-61.43,-50.95,-43.20,-54.17,-61.43,-52.10,-44.45,-45.95,-38.69,-54.35,2026-07-02 22:17:03+00:00
2026-07-02T22:18:04+00:00,-50.66,-60.44,-61.09,-58.33,-62.34,-48.40,-43.89,-60.90,-50.96,-43.14,-53.92,-60.57,-52.20,-45.33,-45.92,-38.14,-54.36,2026-07-02 22:18:04+00:00
2026-07-02T22:19:04+00:00,-49.01,-60.70,-62.76,-58.44,-62.01,-48.17,-43.86,-61.23,-51.05,-43.45,-54.44,-61.13,-52.19,-45.64,-45.73,-38.00,-53.61,2026-07-02 22:19:04+00:00
2026-07-02T22:20:03+00:00,-49.17,-61.51,-62.38,-58.35,-62.72,-48.43,-43.84,-61.17,-51.09,-42.67,-54.33,-61.07,-52.27,-45.02,-45.89,-37.46,-53.53,2026-07-02 22:20:03+00:00
2026-07-02T22:21:03+00:00,-49.42,-61.24,-62.01,-58.18,-62.28,-48.22,-43.87,-60.89,-51.24,-42.46,-54.27,-61.12,-52.12,-45.77,-46.06,-36.70,-51.79,2026-07-02 22:21:03+00:00
2026-07-02T22:22:04+00:00,-49.75,-58.24,-62.50,-58.17,-61.94,-48.17,-43.87,-61.40,-51.23,-41.81,-54.32,-61.43,-51.63,-45.24,-45.42,-36.77,-51.84,2026-07-02 22:22:04+00:00
2026-07-02T22:23:03+00:00,-49.51,-61.32,-62.02,-58.21,-63.14,-48.41,-43.81,-61.18,-51.29,-41.94,-54.13,-61.22,-51.59,-44.69,-45.33,-36.61,-53.54,2026-07-02 22:23:03+00:00
2026-07-02T22:24:03+00:00,-49.27,-61.66,-61.88,-58.12,-61.72,-48.03,-43.87,-61.06,-51.34,-41.70,-54.10,-60.29,-52.00,-44.90,-45.05,-36.40,-51.92,2026-07-02 22:24:03+00:00
2026-07-02T22:25:04+00:00,-49.09,-61.54,-62.03,-58.32,-61.07,-48.15,-43.85,-60.89,-51.39,-42.09,-54.09,-60.25,-52.29,-45.04,-44.63,-36.59,-54.32,2026-07-02 22:25:04+00:00
2026-07-02T22:26:04+00:00,-49.41,-61.75,-62.78,-58.49,-61.89,-48.65,-43.78,-60.96,-51.29,-42.28,-54.07,-60.38,-52.04,-45.02,-44.58,-36.28,-52.04,2026-07-02 22:26:04+00:00
2026-07-02T22:27:03+00:00,-49.16,-62.17,-63.11,-58.45,-61.79,-48.11,-43.83,-61.30,-55.08,-41.93,-54.21,-59.63,-52.69,-45.23,-44.61,-35.59,-54.31,2026-07-02 22:27:03+00:00
2026-07-02T22:28:03+00:00,-48.59,-62.15,-63.18,-58.13,-61.78,-48.23,-43.83,-61.22,-54.85,-41.81,-54.11,-58.64,-52.75,-44.68,-43.92,-35.59,-51.84,2026-07-02 22:28:03+00:00
2026-07-02T22:29:04+00:00,-48.89,-60.66,-62.87,-58.29,-63.17,-48.49,-43.86,-61.15,-55.09,-42.24,-54.18,-57.63,-52.85,-43.07,-44.02,-35.64,-51.86,2026-07-02 22:29:04+00:00
2026-07-02T22:30:04+00:00,-48.99,-59.10,-63.02,-58.02,-62.53,-48.22,-43.95,-60.98,-54.91,-43.02,-53.97,-57.17,-53.00,-43.94,-43.66,-35.94,-51.83,2026-07-02 22:30:04+00:00
2026-07-02T22:31:05+00:00,-48.68,-60.73,-63.33,-58.17,-62.20,-50.11,-43.89,-61.18,-54.80,-42.81,-54.14,-56.51,-53.02,-44.82,-43.39,-36.81,-53.60,2026-07-02 22:31:05+00:00
2026-07-02T22:32:04+00:00,-48.57,-60.56,-62.54,-58.41,-62.34,-50.44,-43.89,-61.13,-54.77,-42.02,-54.03,-55.87,-53.52,-44.47,-43.60,-37.42,-54.43,2026-07-02 22:32:04+00:00
2026-07-02T22:33:04+00:00,-49.14,-60.26,-62.02,-57.95,-61.57,-50.17,-43.88,-60.04,-54.69,-41.85,-54.07,-56.07,-53.23,-44.40,-43.88,-37.75,-52.05,2026-07-02 22:33:04+00:00
2026-07-02T22:34:03+00:00,-49.22,-58.16,-62.32,-57.93,-62.14,-50.35,-43.80,-60.50,-54.67,-41.41,-53.96,-56.45,-53.67,-43.46,-44.07,-37.12,-51.77,2026-07-02 22:34:03+00:00
2026-07-02T22:35:04+00:00,-49.57,-59.65,-62.37,-58.22,-62.71,-50.00,-43.83,-60.16,-54.79,-41.17,-53.93,-56.52,-53.31,-43.38,-43.96,-37.42,-54.21,2026-07-02 22:35:04+00:00
2026-07-02T22:36:04+00:00,-49.32,-60.58,-63.09,-58.04,-62.02,-50.10,-43.84,-61.24,-54.93,-41.66,-54.08,-56.71,-53.58,-43.32,-44.10,-37.69,-51.74,2026-07-02 22:36:04+00:00
2026-07-02T22:37:03+00:00,-49.43,-59.75,-61.92,-57.89,-62.61,-50.26,-43.76,-60.43,-54.87,-41.88,-54.28,-56.81,-53.42,-44.35,-43.73,-37.55,-54.32,2026-07-02 22:37:03+00:00
2026-07-02T22:38:04+00:00,-51.18,-59.90,-62.33,-57.62,-62.24,-50.09,-43.80,-60.48,-54.88,-42.33,-53.15,-56.59,-53.52,-43.78,-43.63,-36.99,-53.47,2026-07-02 22:38:04+00:00
2026-07-02T22:39:04+00:00,-51.33,-59.82,-61.72,-57.50,-61.75,-49.89,-43.77,-59.76,-54.86,-42.77,-54.00,-57.02,-52.86,-43.49,-43.35,-36.54,-54.13,2026-07-02 22:39:04+00:00
2026-07-02T22:40:03+00:00,-48.40,-60.24,-61.96,-58.29,-62.00,-50.27,-43.83,-60.51,-54.06,-42.68,-53.90,-57.08,-52.77,-42.34,-43.26,-37.42,-51.81,2026-07-02 22:40:03+00:00
2026-07-02T22:41:04+00:00,-48.35,-60.48,-62.49,-58.14,-61.95,-50.14,-43.90,-61.01,-50.57,-43.66,-53.76,-57.79,-53.60,-42.46,-43.40,-37.81,-53.42,2026-07-02 22:41:04+00:00
2026-07-02T22:42:04+00:00,-48.53,-58.02,-62.51,-58.31,-62.10,-50.05,-43.82,-59.97,-50.50,-43.48,-53.52,-57.98,-53.37,-42.38,-43.04,-37.76,-53.47,2026-07-02 22:42:04+00:00
2026-07-02T22:43:03+00:00,-48.35,-61.31,-62.97,-58.46,-62.79,-50.22,-43.83,-60.71,-50.68,-43.51,-53.10,-57.62,-53.66,-42.75,-43.06,-37.46,-53.56,2026-07-02 22:43:03+00:00
2026-07-02T22:44:04+00:00,-48.50,-60.72,-62.48,-57.78,-60.90,-50.10,-43.80,-60.48,-50.15,-43.33,-53.55,-57.37,-53.86,-42.01,-42.94,-36.82,-51.89,2026-07-02 22:44:04+00:00
2026-07-02T22:45:19+00:00,-48.42,-60.77,-62.82,-58.11,-61.87,-49.79,-43.80,-59.67,-50.02,-43.88,-53.08,-57.48,-52.47,-41.60,-43.10,-37.37,-51.84,2026-07-02 22:45:19+00:00
2026-07-02T22:46:04+00:00,-48.33,-59.75,-62.20,-58.41,-62.33,-49.97,-43.77,-59.34,-49.95,-43.08,-53.02,-57.50,-51.88,-41.65,-42.93,-37.22,-54.27,2026-07-02 22:46:04+00:00
2026-07-02T22:47:04+00:00,-48.30,-60.49,-62.50,-58.27,-61.69,-49.96,-43.82,-60.31,-49.95,-42.43,-52.94,-57.65,-52.43,-41.90,-43.22,-36.88,-53.43,2026-07-02 22:47:04+00:00
2026-07-02T22:48:03+00:00,-48.16,-60.85,-62.93,-58.75,-63.83,-49.90,-43.81,-60.12,-49.96,-41.90,-51.97,-58.46,-53.22,-40.55,-43.25,-37.05,-54.39,2026-07-02 22:48:03+00:00
2026-07-02T22:49:04+00:00,-48.34,-60.92,-62.98,-58.69,-62.24,-49.82,-43.81,-59.92,-49.97,-41.79,-53.63,-58.76,-53.95,-40.97,-43.33,-37.10,-53.56,2026-07-02 22:49:04+00:00
2026-07-02T22:50:03+00:00,-48.58,-60.47,-62.91,-58.47,-61.67,-50.06,-43.86,-59.53,-49.74,-41.02,-53.60,-59.34,-53.47,-40.78,-43.43,-37.19,-53.51,2026-07-02 22:50:03+00:00
2026-07-02T22:51:03+00:00,-48.20,-60.27,-62.18,-58.48,-62.44,-49.67,-43.73,-58.92,-49.78,-41.27,-53.45,-59.71,-52.94,-41.15,-43.65,-36.64,-54.31,2026-07-02 22:51:03+00:00
2026-07-02T22:52:04+00:00,-48.32,-61.27,-63.10,-58.32,-62.62,-50.02,-43.74,-59.84,-49.71,-41.63,-53.51,-59.99,-53.28,-41.40,-43.54,-36.40,-51.95,2026-07-02 22:52:04+00:00
2026-07-02T22:53:03+00:00,-48.47,-61.45,-63.01,-58.56,-61.62,-50.31,-43.78,-60.05,-49.75,-42.04,-53.74,-60.46,-53.33,-40.87,-43.40,-36.14,-53.48,2026-07-02 22:53:03+00:00
2026-07-02T22:54:03+00:00,-48.45,-61.92,-63.26,-58.65,-63.12,-49.84,-43.78,-60.32,-49.80,-42.52,-53.67,-60.44,-53.16,-41.46,-43.24,-35.75,-51.89,2026-07-02 22:54:03+00:00
2026-07-02T22:55:04+00:00,-51.59,-59.00,-62.05,-57.79,-61.33,-48.51,-43.78,-59.74,-50.12,-42.49,-53.67,-59.97,-52.95,-41.89,-43.33,-35.54,-53.50,2026-07-02 22:55:04+00:00
2026-07-02T22:56:04+00:00,-51.64,-61.00,-62.88,-57.93,-62.39,-48.40,-43.83,-59.63,-53.13,-42.61,-53.72,-60.53,-52.93,-41.75,-42.84,-35.57,-52.27,2026-07-02 22:56:04+00:00
2026-07-02T22:57:03+00:00,-51.29,-61.50,-63.45,-58.38,-63.01,-47.33,-43.78,-60.14,-50.29,-42.74,-54.16,-60.47,-53.13,-42.19,-42.70,-36.11,-52.02,2026-07-02 22:57:03+00:00
2026-07-02T22:58:04+00:00,-51.16,-61.29,-63.24,-58.14,-61.32,-47.55,-43.86,-59.88,-50.24,-42.57,-54.30,-60.37,-52.88,-42.50,-42.20,-36.54,-53.62,2026-07-02 22:58:04+00:00
2026-07-02T22:59:04+00:00,-51.06,-61.11,-62.57,-57.84,-61.86,-47.39,-43.79,-59.54,-50.86,-42.57,-54.32,-60.02,-52.31,-41.79,-42.10,-37.09,-53.61,2026-07-02 22:59:04+00:00
2026-07-02T23:00:03+00:00,-50.88,-61.16,-63.43,-58.37,-63.21,-47.34,-43.87,-60.67,-50.89,-42.85,-54.33,-60.33,-52.81,-42.14,-42.44,-37.93,-51.81,2026-07-02 23:00:03+00:00
2026-07-02T23:01:04+00:00,-51.08,-60.98,-62.96,-57.80,-62.05,-47.33,-43.92,-59.51,-50.78,-42.74,-54.35,-60.04,-52.65,-41.96,-41.85,-38.50,-51.93,2026-07-02 23:01:04+00:00
2026-07-02T23:02:04+00:00,-50.75,-60.21,-62.54,-57.75,-62.83,-47.34,-43.87,-59.43,-50.94,-43.07,-54.63,-59.64,-52.82,-42.13,-42.01,-38.37,-51.83,2026-07-02 23:02:04+00:00
2026-07-02T23:03:03+00:00,-50.97,-61.31,-62.90,-57.93,-62.41,-47.22,-43.84,-59.82,-50.91,-43.55,-54.38,-59.85,-52.85,-43.23,-41.70,-38.73,-51.84,2026-07-02 23:03:03+00:00
2026-07-02T23:04:03+00:00,-50.92,-61.46,-62.92,-58.31,-62.48,-47.54,-43.82,-59.84,-50.72,-44.83,-54.59,-59.48,-53.41,-44.06,-41.93,-38.81,-54.11,2026-07-02 23:04:03+00:00
2026-07-02T23:05:04+00:00,-49.27,-61.34,-62.79,-57.98,-61.39,-47.67,-43.77,-60.46,-50.94,-44.96,-54.48,-59.88,-52.78,-43.59,-41.70,-38.44,-51.92,2026-07-02 23:05:04+00:00
2026-07-02T23:06:04+00:00,-49.95,-62.04,-63.45,-58.32,-62.74,-47.82,-43.80,-61.13,-51.13,-44.30,-54.65,-59.81,-52.59,-44.17,-41.75,-37.87,-51.90,2026-07-02 23:06:04+00:00
2026-07-02T23:07:03+00:00,-50.02,-61.71,-63.17,-58.05,-62.26,-47.96,-43.80,-60.26,-51.16,-45.13,-54.60,-58.96,-52.58,-44.33,-41.87,-37.50,-53.97,2026-07-02 23:07:03+00:00
2026-07-02T23:08:04+00:00,-48.94,-62.19,-63.22,-57.99,-61.44,-48.12,-43.80,-60.90,-51.20,-44.87,-54.70,-58.99,-52.89,-44.16,-42.16,-37.83,-54.18,2026-07-02 23:08:04+00:00
2026-07-02T23:09:04+00:00,-48.91,-61.31,-63.54,-58.10,-62.52,-47.87,-43.81,-60.71,-51.15,-44.50,-54.81,-58.76,-52.61,-44.02,-41.84,-37.18,-51.72,2026-07-02 23:09:04+00:00
2026-07-02T23:10:03+00:00,-48.44,-62.04,-63.16,-57.76,-61.79,-47.73,-43.79,-60.15,-51.34,-45.44,-55.00,-58.48,-52.23,-43.19,-41.89,-36.74,-53.11,2026-07-02 23:10:03+00:00
2026-07-02T23:11:04+00:00,-47.68,-61.60,-62.74,-57.82,-62.28,-48.16,-43.81,-60.40,-51.22,-45.44,-54.93,-58.11,-52.04,-42.84,-41.89,-36.16,-53.88,2026-07-02 23:11:04+00:00
2026-07-02T23:12:03+00:00,-48.70,-61.57,-63.03,-58.35,-62.00,-48.21,-43.77,-60.26,-54.46,-44.79,-54.83,-58.32,-52.32,-42.94,-41.81,-35.82,-54.16,2026-07-02 23:12:03+00:00
2026-07-02T23:13:03+00:00,-50.79,-61.08,-63.14,-57.94,-62.62,-47.91,-43.78,-59.99,-54.61,-44.36,-54.86,-58.28,-52.59,-43.73,-41.64,-35.67,-54.19,2026-07-02 23:13:03+00:00
2026-07-02T23:14:04+00:00,-51.08,-62.08,-63.53,-58.10,-62.02,-48.07,-43.87,-60.52,-54.68,-43.52,-54.70,-58.36,-52.73,-43.40,-41.52,-35.83,-53.23,2026-07-02 23:14:04+00:00
2026-07-02T23:15:03+00:00,-51.00,-62.18,-63.49,-58.17,-63.08,-48.13,-43.80,-60.44,-54.65,-43.39,-54.93,-58.83,-52.85,-43.17,-41.48,-35.65,-53.22,2026-07-02 23:15:03+00:00
2026-07-02T23:16:03+00:00,-50.81,-61.43,-62.65,-57.85,-61.85,-48.05,-43.85,-60.53,-54.58,-43.41,-54.47,-58.42,-52.53,-42.66,-41.78,-35.91,-53.52,2026-07-02 23:16:03+00:00
2026-07-02T23:17:04+00:00,-50.94,-61.58,-63.51,-57.93,-61.86,-48.26,-43.88,-60.72,-54.66,-43.90,-54.60,-59.29,-52.94,-42.05,-41.89,-36.29,-54.04,2026-07-02 23:17:04+00:00
2026-07-02T23:18:03+00:00,-51.03,-61.11,-63.15,-57.42,-61.68,-48.42,-43.84,-60.41,-54.65,-42.91,-54.87,-59.22,-53.65,-42.51,-41.54,-36.34,-51.72,2026-07-02 23:18:03+00:00
2026-07-02T23:19:03+00:00,-50.74,-60.67,-62.50,-57.70,-61.80,-48.29,-43.85,-59.82,-54.43,-42.77,-54.97,-59.70,-53.50,-42.46,-41.55,-37.03,-51.84,2026-07-02 23:19:03+00:00
2026-07-02T23:20:04+00:00,-51.01,-61.72,-63.23,-57.56,-62.60,-48.50,-43.78,-60.31,-54.99,-42.68,-54.77,-59.79,-53.66,-43.76,-41.62,-37.33,-51.95,2026-07-02 23:20:04+00:00
2026-07-02T23:21:03+00:00,-50.62,-61.75,-63.02,-57.80,-61.34,-48.11,-43.79,-60.20,-55.00,-42.78,-54.65,-60.24,-53.04,-44.39,-41.33,-37.95,-53.39,2026-07-02 23:21:03+00:00
2026-07-02T23:22:03+00:00,-50.46,-61.46,-63.37,-58.06,-61.78,-48.21,-43.83,-60.32,-54.92,-43.24,-54.65,-60.49,-53.01,-43.52,-41.68,-38.67,-51.78,2026-07-02 23:22:03+00:00
2026-07-02T23:23:04+00:00,-50.88,-59.11,-62.51,-58.16,-61.98,-48.22,-43.81,-60.55,-54.73,-43.98,-54.57,-60.10,-52.49,-43.43,-41.50,-39.94,-53.15,2026-07-02 23:23:04+00:00
2026-07-02T23:24:03+00:00,-50.91,-60.69,-64.04,-58.30,-61.39,-48.36,-43.84,-60.38,-54.63,-44.49,-54.45,-60.81,-52.21,-43.18,-41.86,-41.11,-53.55,2026-07-02 23:24:03+00:00
2026-07-02T23:25:03+00:00,-48.23,-62.16,-63.53,-58.08,-62.13,-48.05,-43.83,-60.19,-53.85,-43.82,-54.55,-60.39,-52.32,-42.61,-41.64,-42.02,-51.64,2026-07-02 23:25:03+00:00
2026-07-02T23:26:04+00:00,-48.19,-62.04,-63.43,-58.06,-61.41,-48.33,-43.83,-60.49,-50.51,-43.56,-54.38,-60.24,-52.63,-42.46,-41.76,-43.02,-54.15,2026-07-02 23:26:04+00:00
2026-07-02T23:27:03+00:00,-48.10,-62.26,-63.67,-58.03,-63.56,-48.33,-43.91,-60.60,-50.43,-43.97,-54.61,-59.57,-52.01,-42.09,-41.60,-44.98,-53.48,2026-07-02 23:27:03+00:00
2026-07-02T23:28:03+00:00,-48.43,-60.96,-62.91,-57.90,-60.89,-47.98,-43.90,-60.25,-50.55,-44.65,-54.41,-58.88,-51.81,-42.58,-41.79,-46.27,-53.56,2026-07-02 23:28:03+00:00
2026-07-02T23:29:04+00:00,-48.32,-61.68,-63.23,-58.08,-61.64,-50.11,-43.94,-60.47,-50.06,-44.40,-54.14,-58.44,-51.57,-42.25,-41.55,-46.92,-51.70,2026-07-02 23:29:04+00:00
2026-07-02T23:30:04+00:00,-48.28,-61.88,-62.91,-58.25,-61.57,-50.22,-43.82,-60.81,-50.07,-44.58,-54.25,-58.17,-51.74,-42.90,-41.24,-46.47,-51.65,2026-07-02 23:30:04+00:00
2026-07-02T23:31:04+00:00,-48.40,-61.91,-63.58,-57.97,-62.44,-50.13,-43.99,-60.38,-50.09,-46.09,-53.58,-58.27,-51.95,-43.02,-40.93,-46.65,-53.42,2026-07-02 23:31:04+00:00
2026-07-02T23:32:04+00:00,-46.92,-61.31,-62.99,-57.36,-61.18,-50.21,-43.85,-60.05,-49.91,-47.12,-54.15,-58.42,-51.67,-43.19,-41.26,-46.20,-53.44,2026-07-02 23:32:04+00:00
2026-07-02T23:33:03+00:00,-47.20,-60.90,-62.35,-57.59,-62.17,-50.16,-43.91,-59.68,-49.93,-47.08,-53.75,-58.52,-51.91,-43.62,-41.34,-45.75,-54.56,2026-07-02 23:33:03+00:00
2026-07-02T23:34:04+00:00,-47.56,-61.05,-62.87,-57.57,-62.95,-50.20,-44.82,-59.81,-49.72,-46.38,-53.96,-58.21,-52.00,-43.12,-41.44,-44.97,-55.22,2026-07-02 23:34:04+00:00
2026-07-02T23:35:04+00:00,-46.93,-61.80,-62.98,-57.68,-62.76,-50.33,-43.84,-60.74,-49.69,-45.69,-53.83,-58.67,-51.84,-43.00,-41.58,-44.34,-54.30,2026-07-02 23:35:04+00:00
2026-07-02T23:36:04+00:00,-46.81,-61.39,-62.90,-57.84,-63.04,-50.52,-44.02,-60.38,-49.57,-45.62,-53.84,-58.59,-51.45,-42.42,-41.59,-44.66,-51.92,2026-07-02 23:36:04+00:00
2026-07-02T23:37:04+00:00,-46.47,-62.10,-63.08,-57.87,-63.09,-50.36,-44.08,-60.24,-49.66,-45.21,-53.69,-58.78,-51.17,-41.94,-41.55,-43.56,-54.29,2026-07-02 23:37:04+00:00
2026-07-02T23:38:04+00:00,-46.09,-60.95,-62.91,-57.89,-62.72,-50.17,-44.15,-60.50,-49.70,-44.95,-53.64,-59.11,-51.04,-41.77,-41.70,-43.02,-53.53,2026-07-02 23:38:04+00:00
2026-07-02T23:39:05+00:00,-47.52,-60.34,-62.39,-57.84,-62.10,-50.11,-44.04,-60.11,-49.67,-44.20,-53.50,-58.06,-51.22,-42.08,-41.97,-43.08,-54.05,2026-07-02 23:39:05+00:00
2026-07-02T23:40:04+00:00,-51.09,-61.18,-61.86,-57.51,-61.98,-50.13,-44.03,-59.81,-49.92,-44.26,-53.59,-58.19,-50.85,-41.92,-41.87,-43.55,-53.46,2026-07-02 23:40:04+00:00
2026-07-02T23:41:04+00:00,-50.96,-61.86,-62.98,-57.21,-62.75,-50.16,-44.10,-59.99,-52.74,-44.46,-53.31,-59.07,-50.96,-41.59,-42.39,-43.57,-51.14,2026-07-02 23:41:04+00:00
2026-07-02T23:42:04+00:00,-51.04,-62.81,-63.51,-57.21,-62.65,-50.22,-44.04,-60.80,-50.26,-45.44,-53.46,-59.96,-51.47,-41.45,-42.38,-43.87,-53.34,2026-07-02 23:42:04+00:00
2026-07-02T23:43:04+00:00,-51.16,-62.67,-63.36,-56.95,-62.10,-50.18,-44.07,-60.73,-50.13,-45.16,-53.39,-59.33,-51.72,-41.26,-42.63,-44.37,-52.70,2026-07-02 23:43:04+00:00
2026-07-02T23:44:04+00:00,-51.06,-62.16,-63.35,-56.84,-62.55,-50.33,-44.14,-60.79,-50.70,-44.06,-53.02,-60.32,-51.25,-41.09,-42.83,-44.29,-53.98,2026-07-02 23:44:04+00:00
2026-07-02T23:45:06+00:00,-51.02,-62.28,-63.26,-56.73,-62.20,-50.44,-44.09,-60.70,-50.69,-43.59,-53.00,-60.53,-50.78,-41.25,-42.68,-45.53,-53.64,2026-07-02 23:45:06+00:00
2026-07-02T23:46:05+00:00,-51.10,-61.99,-63.06,-57.13,-63.43,-50.29,-44.01,-60.64,-50.60,-43.58,-53.00,-60.97,-50.90,-41.05,-42.69,-46.61,-51.24,2026-07-02 23:46:05+00:00
2026-07-02T23:47:04+00:00,-50.86,-62.24,-63.09,-56.93,-62.32,-50.28,-44.12,-60.73,-50.92,-42.65,-52.74,-60.91,-50.84,-40.71,-42.63,-46.52,-54.05,2026-07-02 23:47:04+00:00
2026-07-02T23:48:06+00:00,-50.56,-61.82,-62.93,-56.21,-61.76,-50.21,-44.13,-60.59,-50.87,-42.91,-52.71,-60.56,-51.21,-40.97,-43.04,-46.81,-51.09,2026-07-02 23:48:06+00:00
2026-07-02T23:49:04+00:00,-50.35,-62.45,-63.04,-56.29,-62.93,-50.17,-44.03,-60.49,-51.15,-42.95,-52.58,-60.16,-50.85,-41.36,-42.95,-47.60,-53.93,2026-07-02 23:49:04+00:00
2026-07-02T23:50:04+00:00,-50.76,-61.80,-62.52,-56.50,-62.53,-50.30,-44.06,-60.38,-51.00,-43.18,-52.56,-60.00,-50.76,-41.63,-43.24,-48.57,-51.83,2026-07-02 23:50:04+00:00
2026-07-02T23:51:04+00:00,-50.97,-61.35,-62.52,-56.24,-62.37,-50.17,-44.92,-60.00,-50.97,-43.03,-52.36,-59.90,-50.79,-42.05,-43.27,-48.68,-52.50,2026-07-02 23:51:04+00:00
2026-07-02T23:52:04+00:00,-50.17,-61.21,-63.01,-56.41,-62.68,-50.44,-44.13,-60.40,-51.15,-42.96,-52.23,-59.29,-50.84,-42.17,-43.10,-50.80,-51.64,2026-07-02 23:52:04+00:00
2026-07-02T23:53:03+00:00,-50.87,-62.15,-63.06,-56.54,-61.81,-49.17,-44.12,-60.23,-51.05,-43.48,-52.15,-59.73,-51.09,-41.36,-43.07,-52.41,-52.01,2026-07-02 23:53:03+00:00
2026-07-02T23:54:04+00:00,-50.75,-61.10,-61.59,-56.53,-62.36,-49.24,-44.06,-59.88,-51.09,-43.70,-52.15,-58.62,-51.12,-41.45,-42.66,-51.79,-51.00,2026-07-02 23:54:04+00:00
2026-07-02T23:55:04+00:00,-51.06,-62.42,-62.87,-56.94,-62.42,-48.17,-44.00,-61.04,-51.03,-43.94,-51.75,-58.89,-51.33,-41.29,-43.11,-48.15,-54.21,2026-07-02 23:55:04+00:00
2026-07-02T23:56:04+00:00,-51.85,-61.68,-62.18,-56.81,-62.03,-48.05,-44.02,-59.68,-51.14,-44.01,-51.90,-58.72,-51.13,-41.56,-42.53,-45.98,-53.35,2026-07-02 23:56:04+00:00
2026-07-02T23:57:04+00:00,-51.18,-61.59,-62.34,-56.88,-62.06,-47.98,-44.04,-60.69,-54.35,-44.99,-51.91,-58.41,-51.04,-41.86,-42.77,-45.55,-54.27,2026-07-02 23:57:04+00:00
2026-07-02T23:58:04+00:00,-51.41,-61.76,-62.41,-57.67,-62.81,-47.96,-43.91,-60.41,-54.37,-45.05,-51.79,-58.51,-50.83,-41.85,-42.96,-46.03,-53.68,2026-07-02 23:58:04+00:00
2026-07-02T23:59:04+00:00,-51.37,-61.55,-61.92,-57.31,-62.10,-47.96,-44.09,-60.20,-54.50,-44.90,-51.62,-59.49,-50.61,-41.60,-43.21,-46.79,-51.70,2026-07-02 23:59:04+00:00
