data,4500,11350,27200,58750,89750,19600,20270,20900,22600,23400,24000,26700,29700,45900,63850,77500,Ch17,data_parsed
2026-07-09T00:00:04+00:00,-46.03,-60.74,-63.58,-61.90,-63.50,-46.88,-48.80,-62.57,-51.32,-45.64,-50.94,-58.20,-43.38,-45.76,-53.75,-38.35,-52.37,2026-07-09 00:00:04+00:00
2026-07-09T00:01:04+00:00,-45.92,-60.86,-63.52,-61.69,-64.15,-46.85,-48.50,-62.77,-51.25,-45.79,-50.98,-58.43,-43.38,-45.61,-53.29,-38.64,-54.42,2026-07-09 00:01:04+00:00
2026-07-09T00:02:03+00:00,-46.08,-61.35,-63.81,-61.51,-62.04,-46.83,-48.96,-62.21,-51.24,-45.88,-51.02,-58.52,-43.21,-45.87,-53.33,-38.87,-52.32,2026-07-09 00:02:03+00:00
2026-07-09T00:03:03+00:00,-45.92,-61.06,-63.66,-61.91,-63.51,-46.89,-48.92,-61.95,-51.34,-45.69,-50.71,-58.57,-43.26,-46.28,-53.30,-39.15,-53.58,2026-07-09 00:03:03+00:00
2026-07-09T00:04:04+00:00,-45.81,-61.02,-63.92,-61.70,-63.04,-46.96,-48.81,-62.60,-51.22,-45.52,-50.74,-58.60,-43.20,-45.95,-53.42,-39.52,-53.72,2026-07-09 00:04:04+00:00
2026-07-09T00:05:04+00:00,-45.89,-61.17,-62.64,-61.41,-63.48,-46.96,-48.62,-62.38,-50.51,-45.62,-50.81,-58.01,-43.15,-45.45,-52.93,-39.41,-53.29,2026-07-09 00:05:04+00:00
2026-07-09T00:06:04+00:00,-46.19,-61.15,-63.61,-61.91,-62.90,-46.98,-48.62,-62.06,-50.42,-45.61,-50.62,-58.67,-43.18,-45.22,-53.19,-38.92,-54.36,2026-07-09 00:06:04+00:00
2026-07-09T00:07:03+00:00,-45.93,-61.09,-63.52,-61.75,-63.65,-46.92,-48.73,-62.24,-50.27,-45.36,-50.64,-58.66,-43.32,-44.89,-52.91,-38.81,-54.06,2026-07-09 00:07:03+00:00
2026-07-09T00:08:03+00:00,-45.96,-60.80,-63.40,-62.06,-63.97,-46.96,-49.00,-62.41,-50.36,-44.93,-50.38,-58.56,-43.55,-44.34,-52.61,-38.74,-53.95,2026-07-09 00:08:03+00:00
2026-07-09T00:09:04+00:00,-46.00,-61.26,-63.63,-61.48,-63.41,-46.96,-48.85,-62.38,-50.27,-44.80,-50.55,-57.65,-43.36,-44.07,-53.29,-38.88,-54.54,2026-07-09 00:09:04+00:00
2026-07-09T00:10:03+00:00,-46.00,-60.84,-63.66,-61.90,-64.10,-47.01,-48.67,-62.64,-52.11,-45.01,-50.52,-58.60,-43.16,-44.12,-53.37,-38.14,-52.57,2026-07-09 00:10:03+00:00
2026-07-09T00:11:03+00:00,-46.01,-61.72,-64.23,-61.90,-63.67,-55.01,-48.75,-62.55,-52.95,-44.72,-50.28,-58.60,-43.03,-44.21,-53.58,-38.74,-53.97,2026-07-09 00:11:03+00:00
2026-07-09T00:12:04+00:00,-46.07,-60.81,-63.50,-61.95,-62.79,-55.19,-48.75,-62.26,-52.59,-44.31,-50.32,-57.22,-43.01,-44.52,-54.39,-38.68,-53.85,2026-07-09 00:12:04+00:00
2026-07-09T00:13:04+00:00,-46.80,-61.38,-63.48,-61.69,-63.44,-55.05,-48.85,-62.28,-53.23,-44.22,-50.34,-57.18,-43.01,-44.40,-54.65,-38.65,-54.59,2026-07-09 00:13:04+00:00
2026-07-09T00:14:03+00:00,-46.67,-61.04,-63.80,-61.57,-63.14,-54.91,-48.92,-62.20,-53.24,-44.23,-50.40,-57.98,-42.91,-44.41,-54.85,-39.37,-53.76,2026-07-09 00:14:03+00:00
2026-07-09T00:15:03+00:00,-46.70,-61.21,-63.61,-62.03,-63.44,-55.06,-48.68,-62.30,-53.26,-44.30,-50.39,-57.97,-42.95,-44.28,-54.59,-39.95,-53.33,2026-07-09 00:15:03+00:00
2026-07-09T00:16:04+00:00,-46.79,-61.13,-63.63,-61.54,-63.60,-55.24,-48.56,-62.38,-52.87,-44.57,-50.32,-57.73,-43.03,-44.25,-54.93,-39.40,-54.03,2026-07-09 00:16:04+00:00
2026-07-09T00:17:04+00:00,-46.68,-61.17,-63.96,-61.95,-63.12,-55.09,-48.36,-62.22,-53.20,-44.29,-50.48,-57.76,-43.40,-44.07,-55.34,-39.29,-53.63,2026-07-09 00:17:04+00:00
2026-07-09T00:18:03+00:00,-46.77,-61.35,-63.49,-61.48,-63.40,-55.05,-48.58,-62.33,-53.26,-43.92,-50.12,-57.55,-43.44,-43.96,-54.63,-39.30,-54.67,2026-07-09 00:18:03+00:00
2026-07-09T00:19:03+00:00,-46.99,-61.24,-63.44,-62.03,-64.43,-55.21,-48.51,-62.51,-52.84,-43.77,-50.21,-57.53,-43.44,-43.91,-54.72,-39.19,-53.63,2026-07-09 00:19:03+00:00
2026-07-09T00:20:04+00:00,-46.29,-61.28,-63.28,-61.75,-63.68,-54.94,-48.61,-62.75,-54.44,-43.76,-50.29,-57.06,-43.53,-43.69,-54.65,-39.69,-54.43,2026-07-09 00:20:04+00:00
2026-07-09T00:21:04+00:00,-46.27,-61.26,-63.36,-61.96,-64.07,-54.98,-48.64,-62.63,-54.83,-43.53,-50.50,-57.25,-43.64,-43.83,-55.05,-40.12,-54.40,2026-07-09 00:21:04+00:00
2026-07-09T00:22:03+00:00,-46.33,-61.15,-63.74,-62.09,-63.99,-55.07,-48.57,-62.76,-54.97,-43.34,-50.22,-58.45,-43.56,-43.63,-55.39,-39.48,-52.57,2026-07-09 00:22:03+00:00
2026-07-09T00:23:04+00:00,-46.38,-60.86,-64.01,-62.02,-62.74,-54.92,-48.43,-61.95,-54.47,-43.61,-50.35,-58.80,-43.48,-43.34,-55.95,-40.67,-54.04,2026-07-09 00:23:04+00:00
2026-07-09T00:24:04+00:00,-46.36,-61.14,-63.76,-62.07,-64.14,-55.13,-48.80,-62.56,-54.82,-44.05,-50.28,-58.55,-43.36,-43.09,-56.18,-40.10,-52.45,2026-07-09 00:24:04+00:00
2026-07-09T00:25:03+00:00,-46.47,-61.24,-63.84,-62.06,-64.57,-55.07,-48.76,-62.83,-54.35,-43.85,-50.41,-58.36,-43.23,-42.78,-56.46,-39.78,-52.71,2026-07-09 00:25:03+00:00
2026-07-09T00:26:03+00:00,-46.36,-60.81,-63.99,-61.93,-63.96,-54.98,-48.55,-62.48,-54.67,-44.01,-50.37,-58.47,-43.24,-42.53,-56.21,-40.78,-52.88,2026-07-09 00:26:03+00:00
2026-07-09T00:27:04+00:00,-46.27,-61.10,-63.88,-61.49,-63.38,-55.11,-48.31,-62.33,-54.34,-44.10,-50.09,-58.67,-43.10,-42.34,-56.87,-41.32,-51.95,2026-07-09 00:27:04+00:00
2026-07-09T00:28:04+00:00,-46.34,-61.07,-64.05,-62.01,-63.16,-54.99,-48.63,-62.52,-54.12,-44.14,-50.20,-58.49,-42.96,-42.58,-57.22,-42.10,-52.82,2026-07-09 00:28:04+00:00
2026-07-09T00:29:03+00:00,-46.40,-61.40,-63.09,-62.41,-63.42,-54.97,-48.53,-62.33,-54.18,-43.77,-50.01,-58.39,-42.84,-41.96,-57.13,-41.97,-52.32,2026-07-09 00:29:03+00:00
2026-07-09T00:30:03+00:00,-46.50,-61.52,-63.56,-61.90,-62.30,-55.09,-48.39,-62.38,-53.68,-43.56,-49.76,-58.26,-42.82,-41.69,-56.87,-43.32,-52.20,2026-07-09 00:30:03+00:00
2026-07-09T00:31:03+00:00,-46.38,-60.62,-63.88,-61.80,-64.02,-55.76,-48.26,-62.52,-53.82,-43.84,-49.63,-58.20,-42.86,-41.73,-57.20,-44.59,-52.43,2026-07-09 00:31:03+00:00
2026-07-09T00:32:04+00:00,-46.42,-61.14,-63.63,-61.96,-63.80,-55.66,-48.31,-62.32,-53.64,-44.09,-49.63,-57.24,-42.68,-41.59,-57.40,-42.87,-54.23,2026-07-09 00:32:04+00:00
2026-07-09T00:33:04+00:00,-46.34,-61.17,-63.88,-61.55,-62.96,-55.96,-49.02,-62.45,-53.65,-44.00,-49.65,-57.84,-42.69,-41.58,-57.50,-41.06,-53.97,2026-07-09 00:33:04+00:00
2026-07-09T00:34:03+00:00,-46.46,-61.16,-64.09,-62.16,-63.42,-54.41,-44.81,-62.77,-53.66,-44.11,-49.76,-58.19,-42.90,-41.46,-57.95,-41.83,-52.68,2026-07-09 00:34:03+00:00
2026-07-09T00:35:03+00:00,-46.46,-61.35,-64.05,-62.27,-64.11,-52.59,-48.03,-62.53,-53.96,-44.27,-49.47,-58.37,-42.72,-41.63,-57.91,-42.52,-54.08,2026-07-09 00:35:03+00:00
2026-07-09T00:36:03+00:00,-46.54,-61.00,-64.01,-61.82,-63.27,-52.65,-48.11,-62.50,-53.81,-44.41,-49.66,-58.47,-42.65,-41.87,-58.28,-42.54,-52.44,2026-07-09 00:36:03+00:00
2026-07-09T00:37:03+00:00,-46.59,-61.47,-63.79,-62.00,-63.71,-50.22,-48.17,-62.74,-53.59,-44.51,-49.80,-58.74,-42.52,-42.21,-57.80,-43.50,-54.92,2026-07-09 00:37:03+00:00
2026-07-09T00:38:04+00:00,-46.38,-61.17,-63.83,-61.65,-63.10,-49.39,-48.30,-62.44,-53.42,-44.61,-49.93,-59.67,-42.50,-42.03,-57.69,-45.07,-54.27,2026-07-09 00:38:04+00:00
2026-07-09T00:39:04+00:00,-46.37,-61.25,-63.43,-61.89,-62.51,-49.34,-48.19,-62.42,-53.94,-44.77,-49.41,-59.67,-42.75,-42.19,-57.21,-45.36,-52.42,2026-07-09 00:39:04+00:00
2026-07-09T00:40:03+00:00,-46.39,-61.59,-63.70,-62.00,-63.22,-50.21,-48.47,-62.52,-51.08,-44.69,-49.33,-59.05,-42.64,-42.46,-56.79,-44.31,-52.70,2026-07-09 00:40:03+00:00
2026-07-09T00:41:03+00:00,-46.35,-61.36,-63.61,-61.61,-62.70,-49.74,-48.48,-62.33,-51.26,-44.69,-49.78,-59.91,-42.61,-42.61,-57.13,-44.57,-53.51,2026-07-09 00:41:03+00:00
2026-07-09T00:42:04+00:00,-46.39,-61.46,-63.76,-61.81,-63.48,-49.68,-48.49,-62.36,-51.30,-44.90,-49.64,-60.01,-42.56,-42.81,-57.07,-43.98,-52.27,2026-07-09 00:42:04+00:00
2026-07-09T00:43:04+00:00,-46.46,-60.85,-63.39,-62.12,-63.58,-49.83,-48.55,-62.35,-51.14,-45.36,-49.88,-58.84,-42.56,-42.80,-56.77,-44.10,-54.73,2026-07-09 00:43:04+00:00
2026-07-09T00:44:03+00:00,-46.36,-61.27,-62.91,-61.85,-63.34,-49.99,-48.44,-62.27,-51.10,-45.54,-49.95,-57.76,-42.37,-42.63,-56.73,-44.41,-52.25,2026-07-09 00:44:03+00:00
2026-07-09T00:45:03+00:00,-46.41,-60.87,-63.67,-61.77,-63.29,-50.09,-48.42,-62.35,-51.11,-45.23,-50.16,-58.10,-42.50,-41.68,-55.81,-44.37,-52.08,2026-07-09 00:45:03+00:00
2026-07-09T00:46:04+00:00,-46.45,-60.51,-63.41,-62.10,-63.55,-50.17,-48.49,-62.31,-51.27,-45.23,-50.38,-58.34,-42.44,-42.21,-55.35,-44.86,-52.44,2026-07-09 00:46:04+00:00
2026-07-09T00:47:04+00:00,-46.42,-61.30,-63.77,-62.04,-63.16,-50.13,-48.60,-62.23,-51.23,-45.79,-50.22,-59.08,-42.37,-42.50,-55.43,-44.96,-52.07,2026-07-09 00:47:04+00:00
2026-07-09T00:48:03+00:00,-46.40,-61.13,-63.64,-62.04,-63.35,-50.26,-48.41,-62.19,-51.16,-46.00,-50.29,-59.00,-42.41,-43.06,-55.33,-44.07,-52.34,2026-07-09 00:48:03+00:00
2026-07-09T00:49:03+00:00,-46.42,-60.79,-63.53,-62.09,-63.29,-50.13,-48.37,-62.15,-51.20,-46.29,-50.36,-59.34,-42.39,-43.21,-55.38,-43.81,-52.43,2026-07-09 00:49:03+00:00
2026-07-09T00:50:04+00:00,-46.25,-61.20,-63.44,-61.76,-63.56,-50.10,-48.58,-62.13,-50.38,-46.04,-50.52,-58.81,-42.24,-43.27,-54.75,-44.30,-52.60,2026-07-09 00:50:04+00:00
2026-07-09T00:51:04+00:00,-46.29,-60.47,-63.50,-61.55,-62.94,-50.21,-48.56,-61.98,-50.39,-45.69,-50.62,-59.26,-42.35,-43.63,-55.32,-44.90,-52.54,2026-07-09 00:51:04+00:00
2026-07-09T00:52:03+00:00,-46.29,-60.91,-63.53,-61.92,-64.59,-50.27,-48.44,-62.46,-50.29,-45.40,-50.66,-58.88,-42.39,-43.80,-55.32,-44.17,-52.71,2026-07-09 00:52:03+00:00
2026-07-09T00:53:03+00:00,-46.30,-60.75,-63.51,-62.04,-63.66,-50.32,-48.67,-62.06,-50.23,-45.14,-50.75,-58.28,-42.64,-43.90,-54.91,-43.77,-52.33,2026-07-09 00:53:03+00:00
2026-07-09T00:54:04+00:00,-46.28,-60.95,-63.48,-61.75,-63.75,-50.29,-48.57,-62.59,-50.26,-44.99,-50.99,-57.67,-42.59,-43.94,-54.32,-43.04,-52.48,2026-07-09 00:54:04+00:00
2026-07-09T00:55:04+00:00,-46.24,-60.39,-63.43,-62.06,-63.79,-50.34,-48.51,-62.43,-52.46,-45.07,-51.14,-57.79,-42.52,-43.74,-53.70,-43.39,-52.58,2026-07-09 00:55:04+00:00
2026-07-09T00:56:03+00:00,-46.32,-60.35,-63.40,-61.70,-63.04,-50.24,-48.29,-62.58,-52.63,-44.81,-51.21,-57.91,-42.59,-43.43,-52.78,-44.42,-52.24,2026-07-09 00:56:03+00:00
2026-07-09T00:57:03+00:00,-46.39,-60.86,-63.41,-61.79,-63.56,-50.27,-48.21,-62.20,-52.68,-44.58,-51.34,-57.74,-42.54,-43.85,-52.97,-45.75,-52.53,2026-07-09 00:57:03+00:00
2026-07-09T00:58:04+00:00,-46.26,-60.75,-63.33,-61.67,-64.55,-50.31,-48.18,-62.23,-52.45,-44.60,-51.28,-58.01,-42.39,-43.65,-53.24,-46.99,-52.60,2026-07-09 00:58:04+00:00
2026-07-09T00:59:04+00:00,-46.30,-61.04,-63.64,-62.04,-63.35,-50.21,-48.42,-62.01,-52.38,-45.01,-51.41,-57.84,-42.52,-43.49,-53.59,-46.82,-53.81,2026-07-09 00:59:04+00:00
2026-07-09T01:00:03+00:00,-46.82,-61.15,-63.75,-61.57,-62.99,-50.25,-48.59,-62.23,-52.88,-45.06,-51.37,-58.35,-42.45,-43.22,-53.52,-47.65,-52.65,2026-07-09 01:00:03+00:00
2026-07-09T01:01:04+00:00,-46.98,-60.99,-62.67,-61.65,-63.31,-50.42,-48.60,-62.21,-52.75,-45.36,-51.35,-58.26,-42.35,-43.56,-53.02,-46.52,-52.75,2026-07-09 01:01:04+00:00
2026-07-09T01:02:04+00:00,-46.90,-61.12,-63.54,-61.93,-63.40,-50.37,-49.08,-61.83,-52.71,-45.13,-51.59,-58.87,-42.27,-43.47,-53.05,-45.30,-52.33,2026-07-09 01:02:04+00:00
2026-07-09T01:03:03+00:00,-46.94,-60.12,-63.83,-61.98,-62.33,-50.40,-49.00,-62.10,-52.82,-44.80,-51.68,-58.32,-42.20,-43.22,-52.68,-45.59,-52.45,2026-07-09 01:03:03+00:00
2026-07-09T01:04:03+00:00,-46.93,-61.36,-63.94,-61.84,-64.08,-50.29,-48.89,-61.94,-52.80,-44.51,-51.58,-57.56,-42.12,-43.10,-52.51,-46.50,-52.74,2026-07-09 01:04:03+00:00
2026-07-09T01:05:04+00:00,-46.91,-61.06,-63.68,-61.66,-62.95,-50.23,-48.64,-62.51,-54.40,-44.15,-51.23,-57.28,-42.10,-43.11,-52.48,-46.30,-52.18,2026-07-09 01:05:04+00:00
2026-07-09T01:06:04+00:00,-46.97,-60.97,-63.73,-62.12,-63.59,-50.09,-48.44,-61.99,-54.52,-43.99,-51.15,-58.65,-42.23,-42.83,-52.57,-45.87,-54.21,2026-07-09 01:06:04+00:00
2026-07-09T01:07:04+00:00,-46.43,-61.15,-63.64,-62.09,-63.48,-50.14,-48.11,-61.89,-54.37,-43.76,-51.35,-58.61,-42.23,-43.03,-52.93,-45.90,-52.92,2026-07-09 01:07:04+00:00
2026-07-09T01:08:03+00:00,-46.33,-61.16,-63.74,-61.95,-63.10,-50.08,-48.07,-62.08,-54.43,-43.70,-51.00,-58.80,-42.12,-43.41,-52.66,-46.54,-54.36,2026-07-09 01:08:03+00:00
2026-07-09T01:09:03+00:00,-46.31,-60.98,-63.73,-61.96,-63.67,-50.07,-48.26,-61.98,-54.13,-43.58,-50.93,-58.00,-42.21,-43.64,-52.30,-47.82,-52.67,2026-07-09 01:09:03+00:00
2026-07-09T01:10:04+00:00,-46.47,-61.27,-63.66,-61.74,-63.31,-50.14,-48.08,-62.24,-54.13,-43.73,-50.87,-58.37,-42.23,-44.08,-52.33,-48.17,-56.43,2026-07-09 01:10:04+00:00
2026-07-09T01:11:04+00:00,-46.40,-61.01,-63.66,-61.90,-63.51,-54.33,-47.95,-62.11,-54.18,-43.86,-50.63,-58.16,-42.32,-44.92,-51.84,-47.31,-56.11,2026-07-09 01:11:04+00:00
2026-07-09T01:12:03+00:00,-46.47,-61.09,-63.83,-62.21,-63.00,-54.47,-48.38,-62.53,-54.26,-43.97,-50.54,-58.47,-42.30,-45.33,-51.77,-48.54,-56.10,2026-07-09 01:12:03+00:00
2026-07-09T01:13:03+00:00,-46.35,-61.22,-63.83,-62.38,-62.85,-54.46,-48.65,-62.52,-54.22,-43.80,-50.42,-59.35,-42.47,-45.54,-52.21,-49.06,-56.19,2026-07-09 01:13:03+00:00
2026-07-09T01:14:04+00:00,-46.36,-61.81,-63.70,-62.05,-62.71,-54.99,-48.83,-62.51,-53.66,-43.84,-50.29,-59.14,-42.60,-45.83,-51.69,-48.39,-56.16,2026-07-09 01:14:04+00:00
2026-07-09T01:15:04+00:00,-46.32,-61.68,-64.09,-62.14,-63.99,-55.26,-48.56,-62.37,-53.73,-43.70,-50.19,-59.11,-42.62,-45.83,-51.08,-46.78,-56.10,2026-07-09 01:15:04+00:00
2026-07-09T01:16:04+00:00,-46.35,-62.12,-63.81,-62.29,-63.89,-54.99,-48.67,-62.65,-53.64,-43.72,-50.23,-59.24,-42.65,-45.59,-50.94,-44.90,-56.96,2026-07-09 01:16:04+00:00
2026-07-09T01:17:03+00:00,-46.26,-62.13,-63.92,-61.71,-63.25,-55.36,-48.92,-62.61,-54.08,-43.37,-50.37,-58.61,-42.68,-45.89,-50.41,-43.94,-57.00,2026-07-09 01:17:03+00:00
2026-07-09T01:18:03+00:00,-46.26,-61.30,-63.83,-62.27,-63.11,-55.18,-49.02,-62.56,-53.98,-43.00,-50.28,-58.04,-42.69,-45.63,-50.41,-43.42,-55.89,2026-07-09 01:18:03+00:00
2026-07-09T01:19:04+00:00,-46.35,-61.77,-62.88,-62.07,-63.53,-55.27,-49.03,-62.66,-54.10,-43.28,-50.15,-57.95,-42.77,-45.02,-50.50,-43.47,-57.10,2026-07-09 01:19:04+00:00
2026-07-09T01:20:04+00:00,-46.62,-61.74,-63.71,-61.83,-63.55,-55.24,-48.91,-62.60,-54.23,-43.74,-50.17,-57.61,-42.78,-45.09,-51.77,-42.81,-56.90,2026-07-09 01:20:04+00:00
2026-07-09T01:21:03+00:00,-46.57,-61.61,-63.54,-61.84,-64.48,-55.29,-48.79,-62.62,-54.19,-43.85,-50.12,-57.32,-42.75,-45.08,-51.12,-43.04,-56.90,2026-07-09 01:21:03+00:00
2026-07-09T01:22:03+00:00,-46.49,-61.67,-63.59,-61.99,-63.88,-55.43,-48.84,-62.70,-54.20,-43.84,-50.25,-57.55,-42.71,-44.87,-50.82,-42.69,-57.06,2026-07-09 01:22:03+00:00
2026-07-09T01:23:04+00:00,-46.53,-61.07,-63.72,-61.91,-63.31,-55.41,-48.83,-62.26,-54.25,-43.63,-50.45,-57.84,-42.72,-44.75,-51.05,-42.77,-56.43,2026-07-09 01:23:04+00:00
2026-07-09T01:24:04+00:00,-46.58,-61.27,-63.45,-61.70,-63.34,-55.17,-48.90,-62.35,-54.44,-43.84,-50.16,-58.87,-42.83,-44.54,-51.46,-42.30,-56.68,2026-07-09 01:24:04+00:00
2026-07-09T01:25:03+00:00,-46.42,-61.48,-64.22,-62.09,-63.36,-55.32,-48.90,-62.52,-51.43,-43.92,-50.27,-59.06,-43.08,-44.42,-50.86,-42.74,-56.71,2026-07-09 01:25:03+00:00
2026-07-09T01:26:03+00:00,-46.41,-61.39,-63.94,-62.11,-63.03,-55.71,-48.80,-62.83,-51.29,-43.92,-50.09,-59.14,-42.96,-44.49,-51.63,-43.66,-56.71,2026-07-09 01:26:03+00:00
2026-07-09T01:27:04+00:00,-46.37,-61.35,-63.86,-61.86,-62.88,-55.82,-48.85,-62.71,-51.31,-43.68,-50.03,-58.01,-43.23,-44.30,-51.56,-44.18,-56.75,2026-07-09 01:27:04+00:00
2026-07-09T01:28:04+00:00,-46.33,-60.24,-63.63,-61.85,-62.94,-55.82,-48.97,-62.75,-51.33,-44.08,-49.70,-57.70,-43.23,-44.36,-51.76,-44.26,-56.70,2026-07-09 01:28:04+00:00
2026-07-09T01:29:03+00:00,-46.15,-61.68,-63.83,-61.97,-62.75,-56.04,-49.16,-62.66,-51.37,-44.35,-49.69,-57.97,-43.25,-44.76,-51.89,-45.21,-56.70,2026-07-09 01:29:03+00:00
2026-07-09T01:30:03+00:00,-45.63,-61.61,-63.67,-61.97,-63.46,-55.81,-48.92,-62.63,-51.34,-44.40,-49.78,-57.55,-43.34,-45.43,-51.98,-46.09,-56.73,2026-07-09 01:30:03+00:00
2026-07-09T01:31:03+00:00,-46.04,-61.22,-64.02,-61.88,-63.46,-55.90,-48.93,-62.53,-51.34,-44.29,-49.51,-58.82,-43.56,-46.12,-52.18,-45.85,-56.66,2026-07-09 01:31:03+00:00
2026-07-09T01:32:04+00:00,-46.08,-61.19,-64.10,-61.90,-62.98,-55.82,-48.89,-62.59,-51.37,-44.61,-49.75,-59.69,-43.46,-47.12,-52.02,-46.11,-56.48,2026-07-09 01:32:04+00:00
2026-07-09T01:33:04+00:00,-46.04,-61.41,-64.01,-62.17,-64.05,-55.88,-48.99,-62.61,-51.25,-44.45,-49.67,-59.23,-43.39,-47.41,-51.92,-47.42,-56.70,2026-07-09 01:33:04+00:00
2026-07-09T01:34:03+00:00,-46.05,-61.65,-64.01,-62.10,-63.16,-52.24,-48.81,-62.60,-51.34,-44.99,-49.57,-59.01,-43.36,-47.85,-52.04,-48.68,-56.57,2026-07-09 01:34:03+00:00
2026-07-09T01:35:03+00:00,-46.23,-61.84,-63.65,-61.57,-63.37,-52.14,-48.76,-62.72,-50.52,-44.55,-49.54,-58.56,-43.07,-48.09,-52.81,-48.19,-56.51,2026-07-09 01:35:03+00:00
2026-07-09T01:36:03+00:00,-46.21,-61.34,-63.40,-61.87,-64.18,-49.84,-48.84,-62.47,-50.42,-44.62,-49.70,-58.62,-43.11,-48.70,-52.21,-48.14,-56.37,2026-07-09 01:36:03+00:00
2026-07-09T01:37:03+00:00,-46.05,-61.84,-64.12,-61.82,-63.67,-49.87,-49.14,-62.67,-50.50,-44.97,-49.69,-58.17,-43.06,-48.51,-51.99,-47.51,-56.00,2026-07-09 01:37:03+00:00
2026-07-09T01:38:04+00:00,-46.04,-61.82,-63.76,-62.08,-64.13,-50.03,-49.01,-62.73,-50.48,-44.88,-49.61,-58.13,-43.30,-48.08,-52.11,-46.57,-56.40,2026-07-09 01:38:04+00:00
2026-07-09T01:39:04+00:00,-46.14,-61.54,-62.74,-61.93,-63.96,-50.20,-48.93,-63.00,-50.49,-44.49,-49.50,-57.94,-43.35,-46.74,-52.89,-46.94,-55.59,2026-07-09 01:39:04+00:00
2026-07-09T01:40:03+00:00,-48.31,-61.97,-63.59,-61.60,-64.59,-49.90,-48.96,-62.89,-52.91,-44.06,-49.45,-57.67,-43.52,-46.16,-52.55,-46.71,-56.67,2026-07-09 01:40:03+00:00
2026-07-09T01:41:03+00:00,-48.32,-61.51,-63.45,-62.02,-63.33,-50.00,-48.81,-62.42,-53.09,-43.87,-49.51,-57.67,-43.70,-45.45,-52.48,-47.40,-55.80,2026-07-09 01:41:03+00:00
2026-07-09T01:42:04+00:00,-48.31,-61.37,-63.51,-61.86,-62.72,-49.73,-49.02,-62.75,-52.97,-44.27,-49.37,-58.15,-43.63,-44.90,-51.58,-48.13,-56.13,2026-07-09 01:42:04+00:00
2026-07-09T01:43:03+00:00,-48.12,-61.06,-63.65,-62.02,-62.78,-49.91,-49.18,-62.74,-53.05,-44.22,-49.51,-58.77,-43.66,-44.30,-51.34,-49.38,-55.81,2026-07-09 01:43:03+00:00
2026-07-09T01:44:03+00:00,-48.22,-61.41,-63.59,-62.28,-63.17,-49.91,-49.11,-62.72,-53.00,-44.35,-49.55,-58.66,-43.97,-43.67,-51.27,-50.60,-56.33,2026-07-09 01:44:03+00:00
2026-07-09T01:45:04+00:00,-49.11,-61.40,-63.63,-61.60,-63.08,-50.13,-49.03,-62.53,-53.03,-44.87,-49.42,-58.68,-44.21,-43.46,-50.58,-49.69,-55.73,2026-07-09 01:45:04+00:00
2026-07-09T01:46:04+00:00,-49.35,-61.28,-63.82,-62.14,-63.47,-50.26,-49.29,-62.51,-53.11,-44.65,-49.43,-58.76,-44.55,-43.41,-50.47,-49.01,-56.16,2026-07-09 01:46:04+00:00
2026-07-09T01:47:03+00:00,-49.39,-61.42,-63.52,-61.74,-63.04,-50.26,-49.23,-62.72,-53.46,-44.26,-49.58,-58.83,-44.56,-43.39,-50.19,-49.75,-55.25,2026-07-09 01:47:03+00:00
2026-07-09T01:48:03+00:00,-49.58,-61.63,-63.57,-62.07,-62.83,-50.25,-49.08,-62.75,-53.40,-44.01,-49.82,-57.95,-44.31,-43.16,-51.73,-49.30,-55.08,2026-07-09 01:48:03+00:00
2026-07-09T01:49:03+00:00,-49.59,-61.18,-63.88,-61.95,-62.67,-50.25,-48.79,-62.83,-53.41,-43.98,-49.69,-57.49,-44.36,-43.17,-51.64,-47.77,-53.43,2026-07-09 01:49:03+00:00
2026-07-09T01:50:04+00:00,-50.17,-61.58,-63.39,-62.09,-63.10,-50.18,-48.66,-62.74,-55.30,-44.17,-49.62,-58.76,-44.39,-43.28,-51.18,-48.79,-54.03,2026-07-09 01:50:04+00:00
2026-07-09T01:51:04+00:00,-49.15,-61.33,-63.64,-61.84,-63.48,-50.26,-48.85,-62.68,-55.35,-44.42,-49.40,-59.16,-44.34,-43.90,-50.78,-48.49,-54.26,2026-07-09 01:51:04+00:00
2026-07-09T01:52:03+00:00,-47.85,-61.26,-62.16,-61.58,-63.77,-50.31,-48.80,-62.84,-55.36,-44.68,-49.47,-58.32,-44.53,-44.55,-51.13,-48.84,-54.90,2026-07-09 01:52:03+00:00
2026-07-09T01:53:03+00:00,-48.55,-61.43,-63.35,-61.95,-62.67,-50.22,-48.63,-62.74,-55.46,-44.46,-49.38,-58.52,-44.67,-44.36,-50.79,-50.09,-54.12,2026-07-09 01:53:03+00:00
2026-07-09T01:54:04+00:00,-48.93,-60.67,-63.48,-62.10,-63.77,-50.27,-48.94,-62.78,-55.24,-44.45,-49.35,-57.26,-44.75,-44.24,-50.34,-50.95,-53.58,2026-07-09 01:54:04+00:00
2026-07-09T01:55:04+00:00,-48.59,-61.35,-63.41,-61.49,-64.02,-50.34,-48.45,-62.91,-55.25,-44.38,-49.21,-57.52,-44.52,-44.22,-49.95,-50.13,-54.03,2026-07-09 01:55:04+00:00
2026-07-09T01:56:03+00:00,-48.74,-61.73,-63.89,-61.79,-63.48,-50.28,-48.66,-62.90,-55.16,-44.61,-49.24,-58.57,-44.31,-43.99,-49.50,-47.36,-54.79,2026-07-09 01:56:03+00:00
2026-07-09T01:57:04+00:00,-48.82,-60.90,-63.49,-61.85,-63.41,-50.36,-48.60,-63.09,-55.13,-44.66,-49.18,-59.09,-44.14,-43.50,-49.30,-45.54,-54.46,2026-07-09 01:57:04+00:00
2026-07-09T01:58:04+00:00,-48.75,-61.52,-63.85,-61.92,-62.40,-50.27,-48.61,-62.69,-54.43,-44.61,-49.24,-59.76,-44.06,-43.14,-49.22,-44.58,-54.27,2026-07-09 01:58:04+00:00
2026-07-09T01:59:04+00:00,-48.87,-61.49,-63.81,-61.99,-63.42,-50.41,-48.58,-62.97,-55.13,-44.52,-49.00,-59.70,-44.02,-43.21,-49.19,-43.14,-53.69,2026-07-09 01:59:04+00:00
2026-07-09T02:00:03+00:00,-48.94,-60.73,-63.83,-62.06,-63.65,-50.31,-48.42,-62.47,-54.33,-44.41,-48.75,-59.70,-44.04,-43.23,-49.14,-41.52,-53.84,2026-07-09 02:00:03+00:00
2026-07-09T02:01:03+00:00,-49.38,-61.38,-63.74,-61.95,-63.91,-50.41,-48.72,-62.92,-54.67,-44.24,-48.95,-59.74,-44.21,-42.87,-48.97,-40.80,-53.49,2026-07-09 02:01:03+00:00
2026-07-09T02:02:03+00:00,-49.43,-61.11,-64.06,-62.03,-63.57,-50.28,-48.56,-62.90,-54.52,-44.45,-48.90,-59.42,-44.49,-42.76,-48.90,-40.97,-53.67,2026-07-09 02:02:03+00:00
2026-07-09T02:03:04+00:00,-49.25,-61.76,-63.97,-62.13,-63.58,-50.42,-48.49,-62.90,-54.48,-44.51,-48.87,-59.40,-44.75,-42.90,-49.08,-41.56,-54.19,2026-07-09 02:03:04+00:00
2026-07-09T02:04:04+00:00,-49.26,-61.93,-63.67,-61.50,-63.30,-50.47,-48.59,-62.87,-53.95,-44.44,-48.98,-59.41,-44.67,-43.17,-48.61,-41.52,-54.24,2026-07-09 02:04:04+00:00
2026-07-09T02:05:03+00:00,-49.30,-61.28,-63.91,-61.63,-63.09,-50.44,-48.75,-62.73,-53.95,-44.39,-49.22,-59.93,-44.52,-43.21,-48.21,-41.87,-54.32,2026-07-09 02:05:03+00:00
2026-07-09T02:06:03+00:00,-49.04,-60.84,-63.43,-61.98,-63.38,-50.40,-48.50,-62.61,-53.41,-44.28,-49.31,-59.50,-44.43,-42.56,-47.91,-41.54,-53.89,2026-07-09 02:06:03+00:00
2026-07-09T02:07:03+00:00,-49.23,-61.12,-62.25,-62.02,-62.58,-50.59,-48.55,-62.79,-53.26,-44.74,-49.39,-58.62,-44.30,-42.62,-48.34,-42.00,-54.68,2026-07-09 02:07:03+00:00
2026-07-09T02:08:04+00:00,-49.01,-61.56,-63.21,-61.92,-63.23,-50.36,-48.54,-62.92,-54.27,-44.99,-49.14,-58.89,-44.00,-42.30,-48.84,-42.38,-54.47,2026-07-09 02:08:04+00:00
2026-07-09T02:09:04+00:00,-48.93,-61.78,-63.52,-62.21,-63.51,-50.40,-48.56,-62.88,-54.54,-44.81,-49.25,-58.67,-44.05,-42.59,-48.63,-43.70,-54.21,2026-07-09 02:09:04+00:00
2026-07-09T02:10:03+00:00,-49.05,-61.48,-63.56,-61.95,-63.65,-55.49,-48.68,-63.09,-51.39,-44.48,-48.97,-57.56,-44.12,-42.41,-48.02,-43.21,-54.34,2026-07-09 02:10:03+00:00
2026-07-09T02:11:03+00:00,-49.12,-60.95,-63.46,-62.18,-62.94,-55.59,-48.97,-62.79,-51.16,-44.18,-48.88,-57.64,-44.26,-42.41,-47.85,-44.05,-53.61,2026-07-09 02:11:03+00:00
2026-07-09T02:12:04+00:00,-49.24,-61.56,-63.68,-61.83,-63.77,-55.44,-48.71,-62.98,-51.29,-44.10,-48.95,-56.80,-44.48,-42.66,-47.82,-44.85,-53.72,2026-07-09 02:12:04+00:00
2026-07-09T02:13:04+00:00,-49.06,-61.33,-63.35,-61.59,-63.19,-55.35,-48.77,-62.89,-51.19,-44.08,-48.98,-57.34,-44.68,-42.79,-47.15,-45.47,-53.51,2026-07-09 02:13:04+00:00
2026-07-09T02:14:03+00:00,-49.21,-61.32,-63.17,-62.18,-63.61,-55.43,-48.50,-62.66,-50.99,-44.33,-48.94,-57.26,-45.02,-42.67,-46.85,-46.35,-54.52,2026-07-09 02:14:03+00:00
2026-07-09T02:15:03+00:00,-49.14,-61.24,-63.38,-62.09,-64.17,-55.96,-48.21,-63.14,-51.26,-44.26,-48.73,-57.66,-45.24,-42.90,-46.45,-46.35,-54.21,2026-07-09 02:15:03+00:00
2026-07-09T02:16:04+00:00,-49.18,-61.14,-63.54,-61.62,-63.60,-55.99,-48.48,-62.77,-51.00,-44.06,-48.78,-57.70,-45.42,-43.15,-46.50,-44.93,-54.13,2026-07-09 02:16:04+00:00
2026-07-09T02:17:04+00:00,-49.17,-61.52,-63.48,-62.26,-63.72,-55.94,-48.37,-62.95,-51.11,-44.06,-48.65,-57.54,-45.96,-42.84,-46.58,-44.19,-54.63,2026-07-09 02:17:04+00:00
2026-07-09T02:18:03+00:00,-49.21,-61.30,-63.61,-61.88,-62.62,-56.05,-48.35,-63.08,-51.30,-43.89,-48.78,-57.94,-46.34,-42.62,-46.53,-45.03,-54.68,2026-07-09 02:18:03+00:00
2026-07-09T02:19:03+00:00,-49.03,-61.19,-63.56,-61.74,-64.05,-55.92,-48.56,-63.05,-51.51,-43.77,-48.73,-57.91,-47.09,-41.92,-46.86,-45.47,-54.67,2026-07-09 02:19:03+00:00
2026-07-09T02:20:04+00:00,-49.28,-61.59,-63.45,-61.88,-63.43,-56.10,-48.47,-63.29,-50.58,-43.90,-48.63,-58.02,-47.76,-41.64,-47.04,-45.42,-54.52,2026-07-09 02:20:04+00:00
2026-07-09T02:21:04+00:00,-49.24,-61.70,-63.51,-61.75,-62.64,-56.08,-48.54,-63.24,-50.49,-44.06,-48.68,-58.90,-48.60,-41.44,-46.98,-45.45,-53.92,2026-07-09 02:21:04+00:00
2026-07-09T02:22:03+00:00,-49.22,-61.77,-63.47,-61.58,-63.60,-55.71,-48.33,-62.89,-50.48,-43.96,-48.56,-59.34,-49.55,-41.49,-46.92,-44.80,-54.30,2026-07-09 02:22:03+00:00
2026-07-09T02:23:03+00:00,-47.35,-61.09,-63.04,-62.00,-64.31,-55.48,-48.39,-62.59,-50.57,-44.00,-48.40,-58.66,-50.25,-41.74,-47.08,-45.18,-53.52,2026-07-09 02:23:03+00:00
2026-07-09T02:24:04+00:00,-49.09,-61.27,-63.35,-61.68,-64.46,-55.64,-48.25,-63.08,-50.54,-44.00,-48.41,-58.60,-50.83,-41.67,-47.26,-44.67,-54.48,2026-07-09 02:24:04+00:00
2026-07-09T02:25:04+00:00,-48.96,-61.54,-63.57,-62.12,-63.52,-55.68,-48.50,-63.28,-52.92,-43.80,-48.46,-59.14,-51.22,-42.08,-47.56,-43.07,-54.58,2026-07-09 02:25:04+00:00
2026-07-09T02:26:03+00:00,-48.88,-61.10,-63.51,-61.74,-62.80,-55.50,-48.35,-62.94,-52.84,-43.58,-48.42,-59.26,-51.82,-42.07,-47.38,-42.88,-54.47,2026-07-09 02:26:03+00:00
2026-07-09T02:27:03+00:00,-48.87,-61.14,-63.54,-62.13,-63.11,-55.47,-48.20,-62.75,-52.42,-43.38,-48.31,-58.70,-51.93,-42.41,-47.33,-42.90,-54.37,2026-07-09 02:27:03+00:00
2026-07-09T02:28:04+00:00,-49.03,-61.07,-63.63,-61.75,-63.58,-55.57,-48.36,-63.01,-52.43,-43.15,-48.20,-58.54,-52.46,-42.74,-47.23,-43.86,-54.66,2026-07-09 02:28:04+00:00
2026-07-09T02:29:04+00:00,-49.77,-61.04,-63.18,-61.67,-63.00,-55.10,-48.20,-62.67,-53.02,-43.22,-48.01,-58.14,-52.66,-42.67,-47.77,-44.17,-54.04,2026-07-09 02:29:04+00:00
2026-07-09T02:30:03+00:00,-48.99,-61.43,-63.63,-61.84,-63.06,-55.22,-48.19,-63.24,-53.04,-43.12,-48.07,-57.45,-53.04,-42.38,-48.24,-44.60,-54.21,2026-07-09 02:30:03+00:00
2026-07-09T02:31:03+00:00,-49.05,-60.92,-63.90,-62.04,-63.39,-55.51,-48.12,-62.71,-52.64,-42.95,-48.30,-58.37,-53.26,-42.43,-48.77,-45.54,-54.33,2026-07-09 02:31:03+00:00
2026-07-09T02:32:03+00:00,-49.04,-60.48,-63.78,-61.96,-63.64,-55.45,-48.14,-62.94,-52.68,-43.07,-48.21,-58.34,-53.15,-42.96,-48.94,-45.43,-53.82,2026-07-09 02:32:03+00:00
2026-07-09T02:33:04+00:00,-49.18,-61.53,-63.63,-62.05,-62.42,-55.34,-48.17,-63.14,-52.77,-43.08,-48.48,-58.13,-53.17,-42.97,-49.57,-45.90,-53.79,2026-07-09 02:33:04+00:00
2026-07-09T02:34:04+00:00,-49.75,-61.37,-63.24,-62.11,-64.36,-52.37,-48.56,-63.08,-52.56,-43.13,-48.59,-57.82,-53.08,-43.41,-50.08,-44.94,-53.47,2026-07-09 02:34:04+00:00
2026-07-09T02:35:03+00:00,-49.69,-61.16,-63.33,-61.99,-63.99,-52.28,-52.52,-63.25,-55.10,-43.43,-48.73,-57.38,-52.84,-43.10,-50.79,-45.63,-54.51,2026-07-09 02:35:03+00:00
2026-07-09T02:36:04+00:00,-48.72,-61.70,-63.52,-61.98,-64.05,-46.92,-48.22,-62.96,-54.55,-43.90,-48.58,-57.05,-53.09,-43.56,-50.74,-46.80,-54.44,2026-07-09 02:36:04+00:00
2026-07-09T02:37:03+00:00,-48.84,-61.29,-63.47,-62.09,-63.24,-46.61,-48.21,-62.57,-54.29,-44.24,-48.46,-57.52,-53.01,-43.47,-51.14,-47.78,-54.45,2026-07-09 02:37:03+00:00
2026-07-09T02:38:04+00:00,-48.72,-61.09,-63.48,-62.35,-62.17,-46.67,-48.09,-62.75,-54.70,-44.69,-48.66,-57.94,-53.25,-43.13,-50.74,-47.02,-54.35,2026-07-09 02:38:04+00:00
2026-07-09T02:39:04+00:00,-48.66,-61.65,-63.69,-62.02,-63.77,-46.47,-48.12,-62.67,-54.48,-45.68,-48.74,-58.49,-53.45,-42.72,-50.35,-48.86,-54.67,2026-07-09 02:39:04+00:00
2026-07-09T02:40:03+00:00,-48.67,-61.73,-63.61,-61.83,-63.61,-46.58,-47.69,-62.94,-54.49,-46.25,-48.71,-58.53,-53.47,-42.36,-50.43,-51.10,-55.02,2026-07-09 02:40:03+00:00
2026-07-09T02:41:03+00:00,-48.78,-61.48,-63.58,-61.88,-63.37,-46.61,-47.95,-62.78,-54.50,-47.19,-48.54,-59.21,-53.93,-42.06,-51.45,-54.63,-53.88,2026-07-09 02:41:03+00:00
2026-07-09T02:42:04+00:00,-48.71,-61.58,-63.64,-61.82,-62.79,-46.66,-47.83,-62.72,-54.47,-48.38,-48.48,-59.51,-53.90,-41.99,-51.60,-58.26,-54.39,2026-07-09 02:42:04+00:00
2026-07-09T02:43:04+00:00,-48.74,-61.07,-63.65,-62.20,-63.56,-46.78,-47.95,-62.91,-54.59,-49.61,-48.56,-59.72,-54.15,-42.07,-51.49,-59.78,-53.87,2026-07-09 02:43:04+00:00
2026-07-09T02:44:03+00:00,-49.04,-61.04,-63.79,-62.35,-63.10,-46.75,-48.07,-62.82,-54.49,-51.05,-48.58,-59.83,-54.13,-41.99,-51.45,-60.12,-54.82,2026-07-09 02:44:03+00:00
2026-07-09T02:45:03+00:00,-48.92,-61.53,-63.77,-62.04,-63.98,-46.70,-48.22,-62.85,-54.35,-52.22,-48.55,-59.62,-54.12,-41.84,-52.39,-59.36,-53.59,2026-07-09 02:45:03+00:00
2026-07-09T02:46:04+00:00,-48.76,-61.54,-63.69,-62.18,-63.43,-46.68,-48.06,-62.79,-54.12,-53.42,-48.87,-59.63,-54.20,-41.97,-52.43,-57.76,-53.96,2026-07-09 02:46:04+00:00
2026-07-09T02:47:04+00:00,-48.79,-61.36,-63.61,-62.30,-63.53,-46.69,-47.85,-62.86,-54.18,-54.43,-48.84,-59.54,-54.15,-41.69,-52.31,-56.01,-57.25,2026-07-09 02:47:04+00:00
2026-07-09T02:48:03+00:00,-48.42,-61.76,-63.88,-62.11,-64.13,-46.74,-47.85,-62.80,-54.01,-54.52,-48.80,-59.57,-54.30,-41.88,-52.41,-56.39,-54.62,2026-07-09 02:48:03+00:00
2026-07-09T02:49:03+00:00,-49.36,-61.65,-63.91,-62.08,-63.79,-46.63,-47.95,-63.06,-54.00,-54.24,-48.99,-59.91,-54.33,-42.00,-51.99,-57.63,-54.73,2026-07-09 02:49:03+00:00
2026-07-09T02:50:04+00:00,-49.62,-61.47,-63.91,-62.05,-63.18,-46.76,-47.88,-62.64,-53.97,-53.88,-48.88,-59.79,-54.24,-41.88,-52.59,-57.66,-54.49,2026-07-09 02:50:04+00:00
2026-07-09T02:51:04+00:00,-49.33,-60.66,-63.95,-62.18,-63.24,-46.82,-47.82,-62.79,-53.89,-53.77,-49.13,-59.77,-54.21,-41.72,-52.93,-58.43,-54.74,2026-07-09 02:51:04+00:00
2026-07-09T02:52:03+00:00,-48.79,-60.20,-63.91,-62.07,-63.26,-46.90,-47.85,-62.69,-53.98,-53.38,-49.17,-59.49,-54.22,-41.74,-53.26,-55.25,-54.90,2026-07-09 02:52:03+00:00
2026-07-09T02:53:03+00:00,-48.21,-61.21,-63.90,-61.92,-62.63,-46.86,-45.57,-63.42,-53.82,-52.39,-49.04,-59.73,-54.20,-41.80,-53.27,-55.11,-54.78,2026-07-09 02:53:03+00:00
2026-07-09T02:54:04+00:00,-48.65,-61.21,-64.05,-61.91,-64.02,-46.91,-48.71,-63.00,-53.63,-51.91,-48.81,-59.85,-53.96,-41.97,-53.42,-54.76,-54.51,2026-07-09 02:54:04+00:00
2026-07-09T02:55:04+00:00,-50.02,-61.01,-64.15,-62.02,-63.18,-46.95,-47.94,-62.61,-51.20,-51.68,-48.50,-59.96,-53.98,-41.99,-53.33,-53.61,-54.75,2026-07-09 02:55:04+00:00
2026-07-09T02:56:03+00:00,-50.27,-61.15,-63.97,-62.20,-63.39,-46.94,-48.11,-62.90,-51.13,-51.28,-48.82,-59.89,-54.01,-42.20,-52.62,-52.60,-54.44,2026-07-09 02:56:03+00:00
2026-07-09T02:57:03+00:00,-50.27,-61.08,-64.03,-62.04,-63.66,-46.98,-48.02,-63.07,-51.24,-50.81,-48.61,-59.85,-53.77,-42.40,-52.33,-52.23,-53.65,2026-07-09 02:57:03+00:00
2026-07-09T02:58:04+00:00,-50.38,-60.78,-64.13,-61.80,-62.80,-47.00,-48.26,-62.95,-51.22,-50.87,-48.59,-59.82,-53.86,-42.94,-52.69,-52.80,-54.43,2026-07-09 02:58:04+00:00
2026-07-09T02:59:04+00:00,-50.15,-60.99,-63.88,-62.07,-63.61,-46.96,-48.32,-63.06,-51.24,-50.52,-48.51,-59.86,-53.91,-43.92,-52.61,-52.13,-55.04,2026-07-09 02:59:04+00:00
2026-07-09T03:00:03+00:00,-49.98,-61.31,-63.68,-61.88,-64.02,-47.04,-48.42,-62.75,-51.26,-50.43,-48.62,-59.73,-53.71,-45.80,-51.72,-51.33,-53.61,2026-07-09 03:00:03+00:00
2026-07-09T03:01:03+00:00,-49.89,-61.34,-63.91,-62.04,-63.62,-46.99,-48.42,-62.98,-51.25,-50.15,-48.53,-59.81,-53.79,-48.37,-52.04,-50.59,-54.06,2026-07-09 03:01:03+00:00
2026-07-09T03:02:03+00:00,-48.90,-61.67,-64.20,-62.20,-63.98,-47.06,-48.71,-62.84,-51.29,-49.79,-48.76,-59.89,-53.55,-48.39,-52.61,-50.66,-54.66,2026-07-09 03:02:03+00:00
2026-07-09T03:03:04+00:00,-48.88,-61.49,-64.04,-61.74,-62.95,-47.08,-48.63,-63.22,-51.28,-49.59,-48.75,-59.44,-53.84,-46.81,-53.83,-50.28,-53.63,2026-07-09 03:03:04+00:00
2026-07-09T03:04:04+00:00,-49.02,-61.38,-64.30,-62.04,-64.09,-47.13,-48.95,-62.80,-50.89,-49.25,-48.79,-59.45,-53.85,-44.56,-55.00,-49.95,-55.16,2026-07-09 03:04:04+00:00
2026-07-09T03:05:03+00:00,-49.31,-61.87,-63.78,-62.00,-63.58,-47.13,-48.41,-63.33,-50.29,-49.27,-48.86,-59.33,-54.01,-43.14,-56.72,-49.91,-54.35,2026-07-09 03:05:03+00:00
2026-07-09T03:06:03+00:00,-49.22,-62.35,-64.40,-61.70,-63.13,-47.17,-48.75,-63.05,-50.39,-49.21,-49.21,-59.93,-53.88,-41.67,-57.82,-49.72,-54.15,2026-07-09 03:06:03+00:00
2026-07-09T03:07:04+00:00,-49.28,-61.28,-64.17,-61.71,-62.60,-47.10,-48.64,-63.29,-50.46,-48.97,-49.58,-59.80,-53.96,-41.31,-56.88,-49.39,-54.97,2026-07-09 03:07:04+00:00
2026-07-09T03:08:04+00:00,-49.20,-61.57,-64.07,-62.01,-63.45,-51.09,-48.73,-63.09,-50.31,-48.81,-49.76,-59.89,-54.08,-41.22,-55.13,-48.79,-54.07,2026-07-09 03:08:04+00:00
2026-07-09T03:09:03+00:00,-49.03,-59.34,-62.58,-61.75,-63.05,-55.98,-48.57,-62.63,-51.00,-48.34,-50.32,-59.65,-57.47,-41.03,-52.34,-48.89,-54.21,2026-07-09 03:09:03+00:00
2026-07-09T03:10:03+00:00,-49.06,-61.56,-63.93,-61.76,-63.45,-55.61,-48.55,-63.12,-52.52,-48.35,-50.57,-60.04,-57.53,-41.10,-50.89,-49.15,-55.18,2026-07-09 03:10:03+00:00
2026-07-09T03:11:04+00:00,-49.12,-61.67,-63.93,-61.68,-64.02,-55.78,-48.51,-63.28,-52.42,-48.44,-50.93,-60.05,-57.52,-41.12,-49.97,-48.64,-54.06,2026-07-09 03:11:04+00:00
2026-07-09T03:12:04+00:00,-48.49,-61.61,-64.01,-62.19,-62.74,-55.66,-48.54,-63.05,-52.45,-47.92,-51.34,-59.98,-57.67,-41.36,-49.45,-48.29,-54.08,2026-07-09 03:12:04+00:00
2026-07-09T03:13:03+00:00,-48.47,-61.76,-63.99,-61.99,-63.68,-55.80,-48.51,-63.31,-52.56,-47.80,-51.66,-60.01,-57.54,-41.21,-49.36,-48.86,-53.98,2026-07-09 03:13:03+00:00
2026-07-09T03:14:03+00:00,-49.09,-61.67,-64.07,-62.15,-63.40,-55.64,-48.27,-63.17,-52.57,-47.56,-52.08,-60.37,-57.57,-41.50,-49.54,-49.50,-54.67,2026-07-09 03:14:03+00:00
2026-07-09T03:15:04+00:00,-49.04,-61.17,-63.90,-61.78,-63.54,-55.72,-48.26,-63.39,-52.57,-47.52,-52.00,-60.29,-57.57,-41.87,-50.09,-48.90,-54.58,2026-07-09 03:15:04+00:00
2026-07-09T03:16:04+00:00,-48.90,-61.57,-64.20,-61.88,-63.44,-55.60,-47.92,-63.03,-52.61,-47.34,-52.54,-59.74,-57.53,-42.08,-50.56,-49.07,-54.22,2026-07-09 03:16:04+00:00
2026-07-09T03:17:03+00:00,-47.83,-61.54,-64.31,-61.80,-63.88,-55.60,-48.27,-63.34,-52.59,-47.28,-52.71,-60.05,-62.20,-42.40,-51.01,-49.45,-55.23,2026-07-09 03:17:03+00:00
2026-07-09T03:18:03+00:00,-48.15,-61.24,-64.02,-61.80,-63.34,-55.50,-48.11,-62.84,-52.47,-47.07,-52.70,-59.91,-62.23,-42.71,-51.55,-49.45,-54.73,2026-07-09 03:18:03+00:00
2026-07-09T03:19:04+00:00,-48.12,-61.59,-64.12,-62.15,-62.57,-55.69,-47.97,-63.16,-53.49,-47.08,-52.80,-60.47,-62.48,-42.53,-51.97,-49.23,-55.08,2026-07-09 03:19:04+00:00
2026-07-09T03:20:04+00:00,-48.35,-61.03,-64.02,-62.18,-63.33,-55.58,-47.99,-63.05,-54.10,-47.09,-52.72,-60.32,-61.17,-42.68,-52.70,-49.63,-54.62,2026-07-09 03:20:04+00:00
2026-07-09T03:21:03+00:00,-48.55,-61.24,-64.26,-61.54,-63.23,-55.51,-48.07,-63.12,-54.15,-46.80,-53.04,-60.02,-61.66,-42.93,-53.05,-49.85,-54.63,2026-07-09 03:21:03+00:00
2026-07-09T03:22:03+00:00,-48.59,-60.84,-64.20,-62.14,-62.94,-55.51,-48.02,-63.22,-54.61,-46.97,-52.92,-59.60,-62.87,-42.94,-53.30,-49.83,-55.14,2026-07-09 03:22:03+00:00
2026-07-09T03:23:04+00:00,-48.70,-60.98,-59.41,-61.96,-63.14,-55.45,-47.92,-63.30,-54.63,-46.77,-52.99,-59.54,-62.59,-43.12,-53.56,-50.25,-54.40,2026-07-09 03:23:04+00:00
2026-07-09T03:24:04+00:00,-48.40,-61.10,-59.88,-62.17,-63.50,-55.55,-48.08,-63.32,-54.54,-46.76,-52.82,-59.14,-62.48,-43.31,-53.51,-50.61,-55.25,2026-07-09 03:24:04+00:00
2026-07-09T03:25:03+00:00,-48.31,-61.17,-63.76,-61.81,-63.57,-55.55,-48.11,-63.00,-54.48,-46.72,-53.05,-58.84,-62.63,-43.41,-53.41,-51.19,-54.51,2026-07-09 03:25:03+00:00
2026-07-09T03:26:03+00:00,-48.49,-60.85,-64.02,-61.93,-64.37,-55.57,-48.01,-63.70,-54.46,-46.70,-52.84,-58.52,-62.92,-43.87,-53.18,-50.87,-55.01,2026-07-09 03:26:03+00:00
2026-07-09T03:27:04+00:00,-48.60,-61.00,-64.11,-61.80,-63.45,-55.54,-48.17,-63.36,-54.40,-46.71,-52.79,-59.21,-62.60,-44.03,-53.45,-50.77,-55.11,2026-07-09 03:27:04+00:00
2026-07-09T03:28:04+00:00,-48.43,-61.35,-62.54,-61.90,-62.88,-55.56,-48.00,-63.23,-54.37,-46.68,-52.81,-59.67,-62.50,-44.41,-53.63,-50.95,-54.90,2026-07-09 03:28:04+00:00
2026-07-09T03:29:03+00:00,-48.51,-61.55,-63.81,-62.21,-63.55,-55.67,-48.20,-63.49,-54.57,-46.77,-52.57,-60.25,-62.91,-44.70,-53.46,-51.04,-54.74,2026-07-09 03:29:03+00:00
2026-07-09T03:30:03+00:00,-48.34,-61.25,-63.97,-62.03,-62.92,-55.74,-48.05,-63.43,-54.55,-46.65,-52.61,-60.29,-62.99,-44.96,-53.40,-50.24,-54.76,2026-07-09 03:30:03+00:00
2026-07-09T03:31:03+00:00,-48.02,-61.50,-64.01,-61.94,-61.95,-55.79,-47.96,-63.48,-54.59,-46.64,-52.79,-60.46,-62.96,-45.62,-53.76,-49.75,-54.66,2026-07-09 03:31:03+00:00
2026-07-09T03:32:04+00:00,-48.10,-61.33,-63.78,-62.15,-64.01,-55.60,-47.94,-63.47,-54.51,-46.81,-52.76,-60.49,-63.08,-46.05,-53.27,-49.35,-54.78,2026-07-09 03:32:04+00:00
2026-07-09T03:33:04+00:00,-48.41,-61.13,-63.69,-62.24,-63.33,-52.48,-48.02,-63.26,-54.41,-46.69,-52.66,-60.40,-62.88,-46.84,-53.34,-48.78,-54.95,2026-07-09 03:33:04+00:00
2026-07-09T03:34:03+00:00,-48.53,-61.06,-66.27,-62.25,-62.98,-52.48,-48.11,-63.66,-58.91,-46.77,-52.44,-60.55,-63.04,-47.65,-53.32,-48.29,-54.89,2026-07-09 03:34:03+00:00
2026-07-09T03:35:03+00:00,-48.43,-61.81,-66.35,-61.83,-63.35,-50.25,-47.84,-63.51,-58.25,-46.95,-52.56,-60.52,-63.26,-48.44,-53.70,-48.03,-55.31,2026-07-09 03:35:03+00:00
2026-07-09T03:36:03+00:00,-48.49,-61.79,-66.72,-62.08,-64.91,-50.18,-47.69,-63.63,-57.65,-46.82,-52.55,-60.66,-63.31,-49.40,-53.62,-48.16,-54.70,2026-07-09 03:36:03+00:00
2026-07-09T03:37:04+00:00,-49.13,-62.35,-66.25,-61.80,-63.32,-50.88,-47.80,-63.55,-57.56,-47.00,-52.52,-60.66,-63.11,-50.24,-53.07,-47.92,-54.71,2026-07-09 03:37:04+00:00
2026-07-09T03:38:04+00:00,-48.89,-62.52,-66.88,-62.54,-63.75,-51.08,-47.82,-63.53,-57.73,-46.95,-53.24,-60.82,-63.05,-51.71,-53.29,-47.57,-55.28,2026-07-09 03:38:04+00:00
2026-07-09T03:39:03+00:00,-49.03,-62.32,-66.45,-61.94,-63.33,-50.35,-47.76,-63.33,-53.01,-47.05,-53.04,-60.55,-62.74,-52.74,-53.06,-47.52,-54.81,2026-07-09 03:39:03+00:00
2026-07-09T03:40:03+00:00,-48.97,-62.49,-66.17,-62.01,-62.87,-50.72,-47.78,-63.32,-52.98,-46.80,-53.16,-60.47,-62.64,-54.27,-53.31,-47.68,-55.42,2026-07-09 03:40:03+00:00
2026-07-09T03:41:04+00:00,-48.93,-62.69,-66.54,-62.07,-64.61,-50.73,-47.83,-63.35,-53.10,-46.91,-53.02,-60.44,-63.07,-55.49,-53.06,-47.35,-54.69,2026-07-09 03:41:04+00:00
2026-07-09T03:42:04+00:00,-49.12,-62.27,-66.37,-62.16,-62.79,-50.82,-47.83,-63.47,-53.06,-46.91,-53.10,-60.46,-62.98,-56.76,-53.20,-47.46,-54.82,2026-07-09 03:42:04+00:00
2026-07-09T03:43:19+00:00,-48.56,-62.21,-66.50,-62.27,-62.99,-50.70,-47.59,-63.55,-53.03,-46.79,-52.84,-60.64,-63.09,-57.66,-53.01,-47.53,-54.70,2026-07-09 03:43:19+00:00
2026-07-09T03:44:04+00:00,-48.65,-61.94,-66.50,-62.11,-63.08,-50.78,-47.95,-63.80,-52.99,-46.80,-52.80,-60.64,-63.42,-57.58,-52.88,-47.37,-54.90,2026-07-09 03:44:04+00:00
2026-07-09T03:45:03+00:00,-48.53,-62.63,-66.42,-62.28,-62.49,-50.82,-47.92,-63.63,-52.94,-46.87,-52.60,-60.35,-63.09,-57.00,-53.47,-47.54,-55.54,2026-07-09 03:45:03+00:00
2026-07-09T03:46:03+00:00,-48.34,-62.07,-66.72,-62.57,-63.91,-50.73,-47.86,-63.43,-52.99,-46.83,-52.52,-60.51,-63.13,-56.40,-53.50,-47.76,-55.14,2026-07-09 03:46:03+00:00
2026-07-09T03:47:04+00:00,-48.23,-62.21,-66.97,-61.89,-63.12,-50.76,-47.91,-63.59,-53.02,-46.83,-52.62,-60.74,-61.82,-55.09,-53.78,-47.60,-55.42,2026-07-09 03:47:04+00:00
2026-07-09T03:48:04+00:00,-48.36,-62.36,-65.64,-62.07,-63.06,-50.96,-47.89,-63.48,-52.77,-46.73,-52.45,-59.61,-61.71,-54.31,-53.55,-47.47,-54.90,2026-07-09 03:48:04+00:00
2026-07-09T03:49:03+00:00,-48.35,-61.87,-66.37,-62.19,-63.29,-50.84,-47.98,-63.52,-51.87,-46.75,-52.31,-60.96,-62.92,-53.58,-53.63,-47.77,-55.08,2026-07-09 03:49:03+00:00
2026-07-09T03:50:03+00:00,-48.25,-61.85,-66.63,-61.80,-63.24,-51.06,-48.16,-63.77,-51.76,-46.64,-52.33,-61.12,-63.08,-53.18,-54.14,-48.15,-54.79,2026-07-09 03:50:03+00:00
2026-07-09T03:51:04+00:00,-48.13,-62.91,-69.35,-62.51,-66.60,-50.98,-48.10,-65.15,-51.57,-46.73,-52.18,-61.60,-64.05,-52.59,-54.46,-48.10,-54.82,2026-07-09 03:51:04+00:00
2026-07-09T03:52:04+00:00,-48.60,-63.00,-69.16,-62.56,-66.34,-50.97,-47.75,-65.54,-51.78,-46.75,-52.35,-61.72,-64.08,-52.31,-54.59,-48.26,-54.99,2026-07-09 03:52:04+00:00
2026-07-09T03:53:03+00:00,-48.88,-63.11,-69.14,-62.78,-66.54,-51.05,-48.31,-65.49,-51.81,-46.54,-52.24,-61.48,-64.09,-51.77,-54.89,-48.37,-55.41,2026-07-09 03:53:03+00:00
2026-07-09T03:54:03+00:00,-48.78,-62.48,-69.38,-62.51,-66.07,-50.93,-48.14,-64.94,-55.15,-46.67,-52.40,-61.60,-64.17,-51.43,-54.83,-48.39,-55.37,2026-07-09 03:54:03+00:00
2026-07-09T03:55:04+00:00,-48.90,-62.50,-70.00,-62.62,-66.39,-50.94,-47.66,-65.07,-54.56,-46.67,-52.36,-61.21,-64.14,-50.71,-55.12,-48.61,-55.17,2026-07-09 03:55:04+00:00
2026-07-09T03:56:04+00:00,-48.83,-62.92,-70.23,-62.37,-66.76,-50.94,-47.62,-65.12,-54.45,-46.65,-52.54,-61.38,-64.07,-50.70,-55.10,-48.44,-55.11,2026-07-09 03:56:04+00:00
2026-07-09T03:57:03+00:00,-49.20,-62.73,-69.80,-62.59,-66.71,-50.81,-47.82,-65.20,-54.53,-46.64,-52.48,-61.26,-64.15,-50.36,-55.51,-48.37,-55.13,2026-07-09 03:57:03+00:00
2026-07-09T03:58:04+00:00,-49.30,-63.18,-70.10,-62.83,-65.30,-50.77,-48.33,-64.59,-54.37,-46.67,-52.54,-61.54,-64.30,-49.86,-55.26,-48.31,-55.01,2026-07-09 03:58:04+00:00
2026-07-09T03:59:04+00:00,-49.32,-63.45,-69.77,-62.86,-65.80,-50.88,-48.06,-65.07,-54.48,-46.65,-52.71,-61.77,-64.30,-49.40,-56.07,-48.59,-55.09,2026-07-09 03:59:04+00:00
2026-07-09T04:00:04+00:00,-49.28,-62.85,-69.65,-62.71,-65.55,-50.78,-48.10,-65.17,-54.48,-46.69,-52.71,-61.59,-64.35,-49.12,-55.73,-48.74,-54.98,2026-07-09 04:00:04+00:00
2026-07-09T04:01:04+00:00,-49.38,-62.88,-67.45,-62.88,-66.29,-51.10,-48.20,-64.82,-54.39,-46.84,-52.85,-60.24,-64.31,-48.81,-56.08,-48.74,-55.31,2026-07-09 04:01:04+00:00
2026-07-09T04:02:04+00:00,-49.49,-63.64,-69.04,-62.66,-66.90,-50.63,-48.66,-64.97,-54.06,-47.06,-53.06,-61.02,-64.24,-48.55,-55.77,-48.92,-55.35,2026-07-09 04:02:04+00:00
2026-07-09T04:03:04+00:00,-49.09,-63.28,-69.07,-62.67,-66.97,-51.15,-48.23,-64.84,-54.36,-47.11,-53.31,-61.34,-64.11,-48.47,-56.00,-49.07,-55.38,2026-07-09 04:03:04+00:00
2026-07-09T04:04:03+00:00,-49.10,-63.45,-69.38,-62.54,-66.94,-54.85,-48.33,-65.81,-57.09,-47.15,-53.44,-61.40,-65.41,-48.79,-53.83,-48.88,-55.41,2026-07-09 04:04:03+00:00
2026-07-09T04:05:03+00:00,-49.17,-63.90,-65.68,-62.57,-66.84,-55.91,-48.05,-65.58,-54.65,-47.21,-53.28,-60.94,-65.63,-48.45,-53.22,-48.88,-55.47,2026-07-09 04:05:03+00:00
2026-07-09T04:06:04+00:00,-48.85,-63.66,-69.87,-62.88,-65.91,-55.79,-48.53,-65.14,-57.63,-47.29,-53.32,-60.85,-65.41,-48.26,-56.74,-48.72,-55.27,2026-07-09 04:06:04+00:00
2026-07-09T04:07:04+00:00,-49.13,-62.79,-69.60,-63.01,-66.69,-55.69,-48.10,-65.22,-57.67,-47.18,-53.44,-60.93,-65.69,-48.28,-56.77,-48.71,-55.42,2026-07-09 04:07:04+00:00
2026-07-09T04:08:03+00:00,-49.16,-63.55,-69.89,-63.08,-66.13,-55.63,-48.08,-65.39,-57.62,-47.43,-53.36,-60.74,-65.58,-48.26,-56.97,-48.89,-55.33,2026-07-09 04:08:03+00:00
2026-07-09T04:09:03+00:00,-49.25,-64.19,-69.69,-62.61,-66.15,-55.58,-48.15,-65.64,-57.80,-47.28,-53.35,-60.86,-65.48,-48.30,-57.18,-48.75,-55.21,2026-07-09 04:09:03+00:00
2026-07-09T04:10:04+00:00,-49.30,-64.37,-69.76,-62.81,-66.98,-55.68,-49.19,-64.98,-59.73,-47.46,-53.47,-60.64,-65.48,-48.32,-57.11,-48.45,-55.43,2026-07-09 04:10:04+00:00
2026-07-09T04:11:03+00:00,-48.66,-64.83,-69.74,-62.69,-66.70,-55.75,-48.58,-65.66,-59.77,-47.53,-53.57,-60.78,-65.56,-48.41,-57.44,-48.46,-55.49,2026-07-09 04:11:03+00:00
2026-07-09T04:12:03+00:00,-48.87,-63.45,-69.68,-62.89,-66.59,-55.82,-49.12,-65.23,-59.79,-47.60,-53.64,-60.29,-65.53,-48.44,-57.13,-48.66,-55.47,2026-07-09 04:12:03+00:00
2026-07-09T04:13:04+00:00,-49.54,-64.05,-69.93,-62.82,-66.71,-55.70,-47.92,-65.34,-59.69,-47.53,-53.61,-59.71,-65.54,-48.60,-57.28,-48.55,-55.34,2026-07-09 04:13:04+00:00
2026-07-09T04:14:04+00:00,-49.58,-64.10,-69.70,-62.77,-66.63,-55.87,-48.63,-65.01,-59.61,-47.91,-53.75,-59.70,-65.59,-48.49,-57.87,-48.48,-55.13,2026-07-09 04:14:04+00:00
2026-07-09T04:15:04+00:00,-49.57,-64.23,-69.25,-62.53,-66.93,-55.81,-48.57,-65.48,-59.56,-47.76,-53.79,-59.26,-65.45,-48.61,-58.13,-48.46,-54.74,2026-07-09 04:15:04+00:00
2026-07-09T04:16:03+00:00,-48.69,-63.22,-69.82,-62.79,-66.10,-55.76,-48.78,-64.89,-59.48,-47.81,-53.70,-59.42,-65.50,-48.78,-57.97,-48.39,-55.23,2026-07-09 04:16:03+00:00
2026-07-09T04:17:04+00:00,-49.49,-63.54,-69.66,-62.88,-66.01,-55.81,-49.21,-65.17,-59.65,-47.84,-54.15,-59.36,-65.77,-48.68,-57.98,-48.52,-55.45,2026-07-09 04:17:04+00:00
2026-07-09T04:18:04+00:00,-48.39,-64.18,-69.64,-62.97,-66.08,-55.72,-48.34,-65.15,-59.58,-47.86,-54.09,-59.39,-65.78,-48.71,-58.34,-48.54,-55.36,2026-07-09 04:18:04+00:00
2026-07-09T04:19:04+00:00,-48.39,-63.41,-69.80,-63.08,-66.08,-55.64,-48.81,-57.34,-59.70,-47.92,-54.21,-59.40,-65.81,-48.75,-58.23,-48.44,-55.26,2026-07-09 04:19:04+00:00
2026-07-09T04:20:03+00:00,-48.62,-63.37,-69.58,-62.77,-65.79,-55.69,-49.66,-57.64,-59.77,-47.94,-54.22,-59.14,-66.26,-48.69,-58.13,-48.70,-54.69,2026-07-09 04:20:03+00:00
2026-07-09T04:21:03+00:00,-49.50,-64.18,-68.68,-62.53,-66.68,-55.77,-49.12,-57.45,-59.55,-47.94,-54.37,-58.20,-66.24,-48.77,-58.56,-48.82,-54.88,2026-07-09 04:21:03+00:00
2026-07-09T04:22:04+00:00,-49.05,-64.20,-69.34,-62.87,-66.44,-55.71,-48.78,-55.80,-58.63,-48.08,-54.47,-59.06,-66.39,-48.81,-58.47,-48.57,-54.79,2026-07-09 04:22:04+00:00
2026-07-09T04:23:04+00:00,-49.08,-64.42,-69.07,-62.57,-65.65,-55.72,-49.05,-55.40,-58.16,-48.12,-54.45,-58.37,-66.56,-48.74,-58.20,-48.89,-54.95,2026-07-09 04:23:04+00:00
2026-07-09T04:24:03+00:00,-48.60,-63.87,-68.99,-62.65,-66.52,-55.80,-49.02,-54.95,-53.03,-47.91,-54.47,-58.81,-66.42,-48.77,-58.47,-48.85,-55.52,2026-07-09 04:24:03+00:00
2026-07-09T04:25:03+00:00,-48.77,-64.15,-69.37,-62.86,-67.08,-55.69,-48.62,-54.71,-53.12,-48.08,-54.32,-59.21,-66.29,-48.73,-58.41,-49.11,-54.89,2026-07-09 04:25:03+00:00
2026-07-09T04:26:04+00:00,-48.64,-64.82,-68.83,-63.02,-66.03,-55.79,-48.38,-54.63,-53.12,-48.09,-54.55,-58.46,-66.10,-48.48,-59.31,-49.01,-55.02,2026-07-09 04:26:04+00:00
2026-07-09T04:27:04+00:00,-49.08,-65.14,-69.94,-62.85,-66.88,-55.79,-48.54,-54.45,-53.16,-48.24,-55.10,-59.16,-66.09,-48.75,-58.76,-48.90,-55.67,2026-07-09 04:27:04+00:00
2026-07-09T04:28:03+00:00,-49.83,-64.64,-69.88,-62.57,-66.28,-51.81,-48.79,-53.98,-53.13,-48.11,-55.10,-59.16,-65.99,-48.58,-58.36,-49.10,-55.53,2026-07-09 04:28:03+00:00
2026-07-09T04:29:03+00:00,-49.30,-64.74,-69.91,-63.00,-65.92,-51.89,-48.80,-53.87,-52.77,-48.13,-55.14,-59.03,-66.11,-48.79,-59.28,-49.06,-54.96,2026-07-09 04:29:03+00:00
2026-07-09T04:30:04+00:00,-49.21,-64.12,-70.11,-62.87,-66.80,-50.01,-48.49,-53.86,-52.82,-48.04,-55.14,-58.84,-66.15,-48.45,-58.76,-48.98,-55.41,2026-07-09 04:30:04+00:00
2026-07-09T04:31:04+00:00,-49.14,-64.65,-69.64,-62.59,-65.63,-49.48,-48.97,-53.91,-52.82,-48.14,-55.44,-58.56,-66.41,-48.52,-59.19,-49.15,-60.69,2026-07-09 04:31:04+00:00
2026-07-09T04:32:04+00:00,-49.46,-64.06,-69.70,-62.65,-66.27,-49.47,-49.37,-53.87,-53.08,-48.06,-55.64,-58.75,-66.34,-48.22,-58.80,-49.16,-59.88,2026-07-09 04:32:04+00:00
2026-07-09T04:33:04+00:00,-49.41,-64.32,-69.58,-62.45,-65.72,-49.47,-49.60,-53.91,-52.69,-48.16,-55.61,-58.49,-65.97,-48.24,-58.99,-49.21,-60.72,2026-07-09 04:33:04+00:00
2026-07-09T04:34:03+00:00,-50.04,-63.74,-69.49,-62.86,-66.21,-49.41,-49.06,-53.86,-51.51,-48.19,-55.73,-57.66,-66.29,-48.15,-59.15,-49.13,-60.77,2026-07-09 04:34:03+00:00
2026-07-09T04:35:03+00:00,-49.75,-63.62,-69.51,-62.78,-66.92,-49.47,-48.95,-53.85,-51.37,-48.24,-55.91,-58.76,-65.90,-48.04,-59.20,-49.21,-60.56,2026-07-09 04:35:03+00:00
2026-07-09T04:36:04+00:00,-50.23,-64.02,-69.12,-62.99,-67.25,-49.36,-48.97,-53.63,-51.53,-48.20,-56.03,-57.42,-65.85,-47.88,-58.91,-49.25,-60.32,2026-07-09 04:36:04+00:00
2026-07-09T04:37:04+00:00,-50.17,-64.27,-69.25,-62.84,-66.83,-49.81,-49.35,-53.45,-51.56,-48.31,-55.95,-57.79,-66.05,-47.95,-59.01,-49.43,-60.18,2026-07-09 04:37:04+00:00
2026-07-09T04:38:03+00:00,-49.84,-64.61,-69.53,-62.55,-66.82,-49.49,-49.48,-53.42,-51.43,-48.27,-56.07,-58.82,-65.73,-47.87,-58.92,-49.73,-60.51,2026-07-09 04:38:03+00:00
2026-07-09T04:39:04+00:00,-50.37,-63.81,-66.21,-62.62,-66.15,-49.85,-49.86,-53.52,-54.99,-48.45,-56.25,-59.18,-65.30,-47.80,-58.69,-49.61,-60.55,2026-07-09 04:39:04+00:00
2026-07-09T04:40:04+00:00,-49.99,-63.33,-69.33,-62.48,-66.83,-49.62,-49.37,-53.46,-54.11,-48.37,-56.46,-60.18,-66.12,-47.77,-58.80,-49.77,-60.52,2026-07-09 04:40:04+00:00
2026-07-09T04:41:03+00:00,-49.69,-64.11,-69.06,-62.92,-66.63,-49.65,-48.66,-53.39,-53.82,-48.37,-56.46,-59.64,-65.67,-47.76,-59.12,-49.79,-60.04,2026-07-09 04:41:03+00:00
2026-07-09T04:42:03+00:00,-49.45,-63.66,-68.86,-62.91,-66.76,-49.72,-47.94,-53.38,-53.86,-48.39,-56.56,-59.50,-65.62,-47.68,-58.91,-50.11,-59.89,2026-07-09 04:42:03+00:00
2026-07-09T04:43:04+00:00,-49.41,-63.62,-68.96,-62.30,-66.31,-49.73,-47.79,-53.35,-53.78,-48.53,-56.63,-59.13,-65.30,-47.58,-58.85,-50.18,-59.70,2026-07-09 04:43:04+00:00
2026-07-09T04:44:04+00:00,-49.40,-63.83,-65.44,-62.86,-67.20,-49.70,-48.52,-53.29,-54.18,-48.32,-56.66,-58.83,-65.65,-47.53,-59.20,-50.40,-60.00,2026-07-09 04:44:04+00:00
2026-07-09T04:45:03+00:00,-49.83,-64.22,-69.62,-62.71,-67.09,-49.70,-49.14,-53.30,-54.22,-48.58,-56.73,-55.38,-65.66,-47.49,-58.34,-50.66,-59.58,2026-07-09 04:45:03+00:00
2026-07-09T04:46:03+00:00,-50.09,-64.23,-69.12,-62.35,-65.97,-49.79,-49.65,-53.35,-54.26,-48.51,-56.57,-55.36,-65.59,-47.47,-58.85,-50.73,-58.27,2026-07-09 04:46:03+00:00
2026-07-09T04:47:04+00:00,-49.78,-64.25,-69.89,-62.56,-66.77,-49.78,-49.31,-53.21,-54.38,-48.50,-56.71,-58.03,-65.60,-47.47,-58.70,-50.89,-60.59,2026-07-09 04:47:04+00:00
2026-07-09T04:48:04+00:00,-49.70,-63.97,-70.03,-62.88,-65.73,-49.79,-49.03,-53.08,-54.25,-48.61,-56.44,-58.14,-65.98,-47.45,-58.77,-50.88,-60.73,2026-07-09 04:48:04+00:00
2026-07-09T04:49:03+00:00,-49.81,-64.04,-70.03,-62.69,-67.59,-49.75,-48.72,-53.15,-57.05,-48.52,-56.55,-58.35,-65.92,-47.52,-58.70,-51.20,-60.56,2026-07-09 04:49:03+00:00
2026-07-09T04:50:03+00:00,-50.09,-63.94,-69.70,-62.69,-65.70,-49.80,-48.64,-53.11,-57.27,-48.49,-56.45,-58.18,-65.81,-47.24,-59.02,-51.21,-57.52,2026-07-09 04:50:03+00:00
2026-07-09T04:51:04+00:00,-49.82,-63.67,-69.93,-62.48,-65.70,-49.78,-48.73,-53.18,-57.24,-48.51,-56.57,-58.56,-65.85,-47.33,-58.81,-51.49,-60.76,2026-07-09 04:51:04+00:00
2026-07-09T04:52:04+00:00,-50.23,-63.92,-69.89,-62.40,-66.91,-49.76,-49.04,-53.13,-57.41,-48.54,-56.71,-58.51,-65.82,-47.32,-58.77,-51.71,-60.87,2026-07-09 04:52:04+00:00
2026-07-09T04:53:04+00:00,-49.95,-63.97,-69.71,-62.40,-65.53,-49.79,-49.64,-53.13,-57.43,-48.65,-56.59,-57.43,-65.53,-47.20,-58.78,-51.89,-60.47,2026-07-09 04:53:04+00:00
2026-07-09T04:54:03+00:00,-49.42,-65.44,-69.54,-62.48,-67.00,-49.82,-49.82,-53.06,-56.89,-48.78,-56.68,-57.43,-66.10,-47.15,-59.32,-51.95,-60.82,2026-07-09 04:54:03+00:00
2026-07-09T04:55:03+00:00,-48.30,-63.11,-69.74,-62.67,-66.26,-49.63,-49.60,-52.84,-58.13,-48.87,-56.79,-57.49,-66.47,-47.08,-58.67,-52.07,-54.77,2026-07-09 04:55:03+00:00
2026-07-09T04:56:04+00:00,-49.84,-65.45,-69.68,-62.75,-66.59,-49.55,-49.54,-52.73,-59.29,-48.66,-56.61,-58.87,-66.43,-47.18,-59.15,-52.43,-60.85,2026-07-09 04:56:04+00:00
2026-07-09T04:57:04+00:00,-49.61,-64.82,-69.85,-62.61,-66.67,-49.66,-49.80,-52.70,-59.35,-48.72,-56.60,-58.88,-65.82,-47.19,-58.83,-52.57,-60.93,2026-07-09 04:57:04+00:00
2026-07-09T04:58:03+00:00,-50.38,-65.28,-69.81,-62.61,-66.85,-49.73,-50.60,-52.74,-59.25,-48.82,-56.98,-59.18,-66.35,-46.84,-58.73,-52.59,-60.21,2026-07-09 04:58:03+00:00
2026-07-09T04:59:03+00:00,-49.88,-65.58,-70.14,-62.86,-67.00,-49.85,-50.24,-52.61,-59.27,-48.92,-56.79,-60.34,-66.22,-46.88,-59.14,-53.22,-61.25,2026-07-09 04:59:03+00:00
2026-07-09T05:00:04+00:00,-49.62,-64.72,-69.71,-62.66,-66.33,-49.82,-49.18,-52.54,-59.22,-48.83,-56.76,-59.86,-66.60,-46.87,-59.39,-52.64,-60.41,2026-07-09 05:00:04+00:00
2026-07-09T05:01:04+00:00,-50.54,-65.18,-69.76,-62.39,-66.31,-49.77,-48.96,-52.60,-59.30,-48.91,-56.79,-59.92,-66.57,-47.02,-59.42,-52.74,-60.90,2026-07-09 05:01:04+00:00
2026-07-09T05:02:04+00:00,-49.90,-64.56,-69.78,-63.19,-66.45,-49.84,-49.43,-52.52,-59.22,-48.77,-56.67,-60.28,-66.55,-46.90,-59.71,-52.60,-61.14,2026-07-09 05:02:04+00:00
2026-07-09T05:03:03+00:00,-49.38,-64.27,-69.62,-62.79,-66.16,-56.17,-49.46,-52.62,-59.12,-48.79,-56.78,-60.08,-66.03,-46.96,-59.35,-52.56,-61.05,2026-07-09 05:03:03+00:00
2026-07-09T05:04:03+00:00,-50.55,-64.49,-70.22,-62.66,-66.35,-56.22,-49.08,-52.51,-59.21,-48.44,-56.54,-61.20,-66.47,-46.96,-59.34,-52.49,-60.86,2026-07-09 05:04:03+00:00
2026-07-09T05:05:04+00:00,-50.63,-64.54,-69.40,-62.59,-66.32,-55.94,-49.27,-52.44,-57.91,-48.59,-56.48,-61.17,-66.43,-46.90,-59.46,-52.56,-60.82,2026-07-09 05:05:04+00:00
2026-07-09T05:06:04+00:00,-49.97,-64.63,-69.22,-62.26,-66.59,-55.71,-50.13,-52.35,-59.12,-48.64,-56.26,-61.12,-66.34,-46.83,-59.12,-52.46,-61.01,2026-07-09 05:06:04+00:00
2026-07-09T05:07:03+00:00,-50.64,-64.52,-69.19,-62.54,-66.49,-56.05,-48.95,-52.17,-59.17,-48.39,-56.47,-60.07,-66.10,-46.90,-58.71,-52.16,-60.89,2026-07-09 05:07:03+00:00
2026-07-09T05:08:03+00:00,-50.26,-64.22,-70.02,-62.48,-66.48,-55.92,-48.40,-51.82,-57.64,-48.41,-56.45,-61.58,-65.86,-46.97,-59.32,-52.00,-60.40,2026-07-09 05:08:03+00:00
2026-07-09T05:09:04+00:00,-49.04,-63.79,-69.82,-62.67,-67.12,-55.72,-49.00,-51.99,-53.06,-48.53,-56.21,-61.93,-66.00,-46.82,-58.88,-52.24,-60.31,2026-07-09 05:09:04+00:00
2026-07-09T05:10:03+00:00,-49.99,-63.60,-69.43,-62.39,-66.03,-55.75,-49.82,-52.01,-52.63,-48.30,-56.48,-61.97,-65.78,-46.85,-59.30,-52.17,-53.00,2026-07-09 05:10:03+00:00
2026-07-09T05:11:03+00:00,-50.06,-64.58,-69.63,-62.52,-66.28,-55.73,-49.63,-51.93,-52.52,-48.26,-56.45,-61.78,-66.17,-46.93,-59.12,-51.95,-53.41,2026-07-09 05:11:03+00:00
2026-07-09T05:12:04+00:00,-49.84,-64.05,-69.55,-62.31,-65.85,-55.76,-48.80,-51.90,-52.57,-48.32,-56.47,-61.91,-65.58,-46.77,-59.25,-52.12,-55.00,2026-07-09 05:12:04+00:00
2026-07-09T05:13:04+00:00,-50.60,-63.93,-69.68,-62.48,-66.20,-55.65,-49.40,-51.81,-52.55,-48.25,-56.21,-62.06,-65.74,-46.84,-59.51,-51.92,-54.96,2026-07-09 05:13:04+00:00
2026-07-09T05:14:03+00:00,-50.16,-63.45,-69.61,-62.58,-66.54,-55.51,-49.35,-51.89,-52.84,-48.26,-56.41,-62.21,-66.10,-46.86,-59.23,-51.79,-55.02,2026-07-09 05:14:03+00:00
2026-07-09T05:15:03+00:00,-50.72,-64.42,-69.33,-62.76,-66.32,-55.75,-48.09,-51.88,-52.87,-48.04,-56.34,-62.05,-66.04,-46.80,-59.82,-51.88,-53.43,2026-07-09 05:15:03+00:00
2026-07-09T05:16:04+00:00,-50.41,-64.67,-69.49,-62.67,-65.76,-55.80,-48.32,-52.03,-52.87,-48.11,-56.21,-62.28,-65.42,-46.85,-59.51,-51.71,-55.09,2026-07-09 05:16:04+00:00
2026-07-09T05:17:04+00:00,-50.37,-63.69,-69.38,-62.50,-66.46,-55.76,-48.59,-51.98,-52.79,-48.18,-56.28,-62.00,-65.58,-46.78,-59.45,-51.44,-53.45,2026-07-09 05:17:04+00:00
2026-07-09T05:18:03+00:00,-50.30,-63.79,-69.57,-62.92,-66.56,-55.67,-48.42,-51.90,-52.48,-48.13,-56.34,-62.07,-65.76,-46.93,-59.65,-51.16,-55.07,2026-07-09 05:18:03+00:00
2026-07-09T05:19:03+00:00,-50.47,-63.84,-69.13,-62.61,-67.36,-55.72,-49.41,-52.12,-51.00,-48.22,-56.35,-61.82,-65.50,-46.82,-59.60,-51.25,-53.43,2026-07-09 05:19:03+00:00
2026-07-09T05:20:04+00:00,-50.38,-63.92,-68.76,-62.60,-66.57,-55.76,-48.92,-51.91,-50.90,-48.14,-56.42,-62.28,-65.22,-46.86,-59.56,-51.00,-55.15,2026-07-09 05:20:04+00:00
2026-07-09T05:21:03+00:00,-50.55,-63.88,-68.77,-62.54,-66.91,-55.61,-47.71,-51.90,-50.91,-48.19,-56.08,-62.13,-65.47,-46.88,-59.48,-50.75,-53.37,2026-07-09 05:21:03+00:00
2026-07-09T05:22:03+00:00,-48.93,-63.90,-68.83,-62.42,-66.90,-55.66,-48.70,-52.00,-50.87,-48.16,-56.10,-62.15,-64.49,-46.95,-59.47,-50.93,-54.95,2026-07-09 05:22:03+00:00
2026-07-09T05:23:04+00:00,-50.25,-63.84,-68.63,-62.09,-66.28,-55.67,-48.26,-52.40,-50.90,-48.09,-55.99,-62.85,-64.80,-46.96,-59.59,-50.42,-55.13,2026-07-09 05:23:04+00:00
2026-07-09T05:24:04+00:00,-49.27,-64.05,-69.06,-62.88,-66.03,-55.78,-48.72,-51.78,-53.44,-47.94,-56.23,-62.76,-65.17,-47.14,-59.48,-50.19,-55.94,2026-07-09 05:24:04+00:00
2026-07-09T05:25:04+00:00,-51.25,-64.06,-69.13,-62.46,-65.86,-55.64,-49.15,-51.56,-53.26,-47.88,-56.31,-63.00,-65.19,-47.18,-59.91,-50.09,-53.46,2026-07-09 05:25:04+00:00
2026-07-09T05:26:03+00:00,-51.25,-63.63,-69.08,-62.79,-66.50,-55.63,-48.20,-51.56,-53.11,-48.05,-56.21,-62.72,-65.03,-47.11,-59.73,-49.78,-60.02,2026-07-09 05:26:03+00:00
2026-07-09T05:27:03+00:00,-51.26,-63.84,-67.07,-62.68,-66.44,-51.90,-48.11,-51.51,-50.43,-47.79,-54.19,-61.97,-64.82,-47.19,-59.40,-49.57,-55.11,2026-07-09 05:27:03+00:00
2026-07-09T05:28:04+00:00,-50.79,-63.22,-67.02,-62.45,-66.01,-51.69,-48.15,-51.48,-50.55,-47.82,-56.08,-61.80,-64.52,-47.03,-59.54,-49.30,-53.44,2026-07-09 05:28:04+00:00
2026-07-09T05:29:04+00:00,-50.96,-64.06,-67.53,-62.41,-67.03,-49.23,-48.30,-51.45,-50.47,-47.70,-55.92,-61.62,-64.26,-47.21,-60.01,-49.05,-55.10,2026-07-09 05:29:04+00:00
2026-07-09T05:30:03+00:00,-51.04,-64.12,-67.62,-62.17,-67.46,-49.26,-48.69,-51.36,-51.51,-47.82,-56.10,-62.14,-63.91,-47.07,-59.31,-48.90,-55.91,2026-07-09 05:30:03+00:00
2026-07-09T05:31:03+00:00,-51.21,-63.29,-66.14,-62.48,-66.26,-49.44,-47.72,-51.46,-52.52,-47.78,-55.95,-61.86,-64.08,-47.20,-59.68,-48.78,-60.12,2026-07-09 05:31:03+00:00
2026-07-09T05:32:03+00:00,-51.57,-64.11,-69.32,-62.85,-65.81,-45.74,-48.14,-51.35,-52.81,-47.73,-55.99,-61.94,-64.93,-47.04,-59.90,-48.80,-60.27,2026-07-09 05:32:03+00:00
2026-07-09T05:33:04+00:00,-51.02,-63.86,-69.61,-62.33,-65.68,-45.75,-48.59,-51.33,-52.80,-47.79,-55.95,-61.94,-64.64,-47.23,-59.56,-48.44,-60.85,2026-07-09 05:33:04+00:00
2026-07-09T05:34:03+00:00,-51.49,-64.15,-69.28,-62.43,-66.18,-45.85,-48.83,-51.40,-55.41,-47.76,-55.87,-62.34,-63.57,-47.17,-59.62,-48.39,-60.81,2026-07-09 05:34:03+00:00
2026-07-09T05:35:03+00:00,-51.03,-64.08,-69.40,-62.64,-66.40,-45.66,-48.69,-51.43,-56.02,-47.66,-55.90,-62.23,-64.10,-47.17,-59.74,-48.10,-58.59,2026-07-09 05:35:03+00:00
2026-07-09T05:36:03+00:00,-51.20,-63.89,-69.57,-62.50,-66.14,-45.82,-47.67,-51.38,-55.89,-47.72,-55.63,-62.18,-64.78,-47.32,-59.65,-48.15,-61.46,2026-07-09 05:36:03+00:00
2026-07-09T05:37:04+00:00,-51.62,-63.99,-69.49,-62.83,-66.64,-45.85,-48.12,-51.32,-55.77,-47.72,-55.58,-62.11,-64.51,-47.37,-59.36,-47.92,-61.48,2026-07-09 05:37:04+00:00
2026-07-09T05:38:04+00:00,-50.70,-63.56,-69.32,-62.54,-66.47,-45.78,-47.87,-51.41,-55.59,-47.69,-54.92,-62.03,-64.06,-47.18,-59.18,-47.59,-60.91,2026-07-09 05:38:04+00:00
2026-07-09T05:39:03+00:00,-51.36,-63.16,-58.02,-62.75,-66.87,-45.43,-47.79,-50.51,-55.83,-47.55,-55.37,-61.51,-63.50,-47.28,-59.74,-47.73,-60.12,2026-07-09 05:39:03+00:00
2026-07-09T05:40:03+00:00,-52.08,-63.35,-57.43,-62.65,-66.59,-45.32,-47.22,-50.61,-56.62,-47.55,-55.36,-61.73,-63.69,-47.35,-59.42,-47.49,-60.16,2026-07-09 05:40:03+00:00
2026-07-09T05:41:04+00:00,-51.38,-63.14,-57.21,-62.30,-65.81,-45.70,-47.44,-50.75,-56.49,-47.51,-57.21,-61.80,-64.29,-47.46,-59.56,-47.36,-59.99,2026-07-09 05:41:04+00:00
2026-07-09T05:42:04+00:00,-50.90,-62.38,-69.07,-62.48,-66.78,-45.96,-48.19,-51.36,-56.13,-47.60,-57.46,-60.99,-63.79,-47.42,-59.39,-47.07,-60.65,2026-07-09 05:42:04+00:00
2026-07-09T05:43:03+00:00,-50.38,-61.06,-67.05,-61.52,-66.79,-46.05,-47.72,-51.33,-56.32,-47.54,-57.55,-61.87,-61.94,-47.49,-59.33,-46.81,-60.54,2026-07-09 05:43:03+00:00
2026-07-09T05:44:04+00:00,-50.87,-61.38,-67.98,-62.55,-66.75,-45.84,-47.49,-51.29,-55.93,-47.40,-57.50,-61.15,-60.55,-47.34,-59.46,-46.77,-57.42,2026-07-09 05:44:04+00:00
2026-07-09T05:45:04+00:00,-51.18,-61.61,-65.73,-62.06,-66.63,-43.45,-47.50,-51.19,-55.23,-47.40,-57.32,-60.57,-58.62,-47.41,-59.19,-46.28,-60.24,2026-07-09 05:45:04+00:00
2026-07-09T05:46:04+00:00,-50.89,-61.96,-60.03,-62.21,-66.44,-43.53,-46.93,-51.27,-54.07,-47.23,-57.03,-61.13,-55.24,-47.54,-58.93,-46.61,-59.92,2026-07-09 05:46:04+00:00
2026-07-09T05:47:03+00:00,-48.50,-62.42,-53.43,-61.85,-66.33,-43.55,-46.98,-51.14,-52.47,-47.18,-56.71,-61.63,-52.67,-47.39,-58.88,-46.47,-60.43,2026-07-09 05:47:03+00:00
2026-07-09T05:48:03+00:00,-48.54,-63.10,-55.07,-60.82,-66.23,-46.25,-47.00,-51.10,-52.95,-47.19,-54.50,-62.51,-51.84,-47.38,-59.23,-46.47,-60.58,2026-07-09 05:48:03+00:00
2026-07-09T05:49:04+00:00,-48.49,-63.46,-65.76,-52.08,-66.53,-46.22,-46.74,-50.17,-54.28,-47.30,-56.44,-62.43,-58.24,-47.15,-58.76,-46.26,-60.45,2026-07-09 05:49:04+00:00
2026-07-09T05:50:04+00:00,-48.38,-63.17,-67.60,-58.58,-66.46,-46.13,-46.63,-47.77,-52.13,-47.03,-56.51,-61.66,-57.16,-47.13,-58.85,-46.35,-60.24,2026-07-09 05:50:04+00:00
2026-07-09T05:51:03+00:00,-47.98,-62.85,-67.62,-58.60,-66.28,-46.54,-46.94,-47.64,-52.88,-46.89,-56.65,-61.20,-56.90,-47.34,-58.36,-46.23,-59.10,2026-07-09 05:51:03+00:00
2026-07-09T05:52:03+00:00,-47.52,-62.88,-67.77,-58.69,-66.52,-46.37,-46.40,-47.58,-52.50,-46.69,-56.68,-60.89,-57.03,-47.02,-58.80,-46.18,-58.90,2026-07-09 05:52:03+00:00
2026-07-09T05:53:04+00:00,-48.15,-63.33,-67.84,-58.62,-67.04,-46.39,-46.88,-47.54,-52.38,-46.82,-56.43,-61.17,-56.93,-47.16,-58.55,-46.17,-59.78,2026-07-09 05:53:04+00:00
2026-07-09T05:54:04+00:00,-48.42,-63.52,-67.55,-58.57,-65.87,-46.46,-46.38,-47.63,-50.58,-46.87,-56.32,-61.43,-56.88,-47.23,-58.47,-46.27,-60.60,2026-07-09 05:54:04+00:00
2026-07-09T05:55:04+00:00,-47.84,-62.70,-67.60,-58.49,-67.14,-46.35,-46.52,-47.44,-50.24,-47.00,-56.37,-61.33,-56.79,-47.17,-58.75,-45.97,-60.09,2026-07-09 05:55:04+00:00
2026-07-09T05:56:03+00:00,-48.09,-63.20,-67.48,-58.54,-65.99,-46.63,-46.34,-47.50,-50.48,-46.86,-56.36,-61.43,-56.78,-47.07,-58.47,-45.98,-60.44,2026-07-09 05:56:03+00:00
2026-07-09T05:57:03+00:00,-47.35,-56.65,-66.94,-58.45,-66.57,-46.68,-46.68,-47.47,-50.34,-46.96,-56.37,-62.38,-56.42,-47.29,-58.56,-45.92,-59.69,2026-07-09 05:57:03+00:00
2026-07-09T05:58:04+00:00,-48.15,-58.22,-66.79,-58.64,-66.34,-46.33,-46.88,-47.43,-50.04,-46.77,-56.12,-61.91,-56.62,-47.18,-58.45,-46.12,-60.10,2026-07-09 05:58:04+00:00
2026-07-09T05:59:04+00:00,-48.07,-58.05,-67.27,-58.73,-65.64,-46.24,-46.69,-47.38,-50.02,-46.88,-55.12,-61.32,-56.47,-47.16,-58.82,-46.04,-59.92,2026-07-09 05:59:04+00:00
2026-07-09T06:00:03+00:00,-46.85,-58.81,-67.26,-58.83,-66.59,-46.43,-46.82,-47.40,-50.03,-46.76,-56.17,-61.50,-56.23,-47.08,-58.25,-46.02,-59.77,2026-07-09 06:00:03+00:00
2026-07-09T06:01:03+00:00,-41.29,-59.19,-67.11,-58.59,-65.81,-46.22,-46.38,-47.36,-50.23,-46.81,-56.14,-61.50,-56.38,-47.13,-58.56,-46.10,-59.52,2026-07-09 06:01:03+00:00
2026-07-09T06:02:03+00:00,-46.31,-59.84,-67.05,-58.58,-66.25,-46.45,-46.48,-47.33,-50.98,-46.83,-55.97,-61.49,-56.48,-47.08,-58.68,-45.84,-59.23,2026-07-09 06:02:03+00:00
2026-07-09T06:03:04+00:00,-47.68,-59.84,-67.06,-58.67,-65.75,-46.82,-46.78,-47.43,-50.44,-46.55,-56.26,-61.84,-56.58,-47.10,-58.43,-45.58,-59.77,2026-07-09 06:03:04+00:00
2026-07-09T06:04:04+00:00,-39.75,-60.54,-66.89,-58.64,-66.83,-46.92,-46.55,-47.41,-49.37,-46.71,-56.17,-61.71,-56.49,-47.18,-58.26,-45.80,-59.50,2026-07-09 06:04:04+00:00
2026-07-09T06:05:03+00:00,-37.80,-60.75,-66.57,-58.61,-66.50,-47.16,-46.46,-47.37,-49.35,-46.72,-55.91,-61.77,-56.35,-47.33,-58.02,-45.80,-59.49,2026-07-09 06:05:03+00:00
2026-07-09T06:06:04+00:00,-48.72,-61.13,-66.99,-58.76,-67.18,-46.82,-46.30,-47.43,-49.26,-46.68,-55.91,-62.19,-56.37,-47.21,-57.62,-45.93,-59.31,2026-07-09 06:06:04+00:00
2026-07-09T06:07:04+00:00,-48.32,-61.31,-67.23,-58.67,-66.36,-46.39,-46.52,-47.37,-49.34,-46.42,-56.27,-61.65,-56.31,-47.32,-58.10,-46.03,-59.63,2026-07-09 06:07:04+00:00
2026-07-09T06:08:03+00:00,-48.45,-61.30,-67.28,-58.89,-65.96,-46.86,-46.88,-47.34,-49.56,-46.57,-56.03,-62.03,-56.46,-47.33,-58.05,-45.73,-59.43,2026-07-09 06:08:03+00:00
2026-07-09T06:09:03+00:00,-48.90,-60.84,-66.82,-58.40,-65.86,-46.89,-46.59,-47.39,-50.45,-46.32,-55.60,-62.89,-55.13,-47.44,-57.64,-45.81,-59.45,2026-07-09 06:09:03+00:00
2026-07-09T06:10:04+00:00,-49.25,-61.09,-66.50,-58.55,-66.54,-46.53,-46.84,-47.30,-50.77,-46.45,-55.74,-62.82,-55.16,-47.44,-58.51,-45.64,-59.97,2026-07-09 06:10:04+00:00
2026-07-09T06:11:04+00:00,-49.37,-61.30,-66.38,-58.32,-65.70,-46.67,-46.36,-47.54,-50.45,-46.35,-55.78,-62.05,-54.96,-47.53,-57.71,-45.75,-59.88,2026-07-09 06:11:04+00:00
2026-07-09T06:12:03+00:00,-49.04,-61.29,-66.81,-58.46,-66.08,-46.68,-46.17,-47.53,-50.47,-46.28,-55.60,-62.20,-55.08,-47.44,-57.47,-45.65,-59.84,2026-07-09 06:12:03+00:00
2026-07-09T06:13:03+00:00,-48.79,-61.68,-66.61,-58.57,-66.36,-46.80,-46.30,-47.39,-50.47,-46.13,-54.76,-61.80,-55.26,-47.33,-57.63,-45.42,-59.90,2026-07-09 06:13:03+00:00
2026-07-09T06:14:04+00:00,-49.56,-61.68,-67.10,-58.67,-66.51,-46.39,-46.71,-47.33,-50.54,-46.35,-54.02,-61.46,-55.64,-47.64,-57.54,-45.36,-60.07,2026-07-09 06:14:04+00:00
2026-07-09T06:15:04+00:00,-48.76,-62.00,-66.93,-58.78,-66.18,-46.58,-46.57,-47.29,-50.40,-46.46,-54.78,-61.28,-56.19,-47.54,-57.70,-45.38,-59.43,2026-07-09 06:15:04+00:00
2026-07-09T06:16:03+00:00,-47.48,-61.37,-66.75,-58.75,-66.18,-46.81,-46.70,-47.46,-50.55,-46.49,-54.05,-60.85,-55.61,-47.81,-57.47,-45.32,-59.69,2026-07-09 06:16:03+00:00
2026-07-09T06:17:03+00:00,-48.48,-61.42,-66.82,-58.76,-66.00,-46.57,-46.49,-47.57,-50.39,-46.47,-54.14,-60.90,-55.53,-47.77,-57.48,-45.22,-59.57,2026-07-09 06:17:03+00:00
2026-07-09T06:18:04+00:00,-48.11,-61.09,-67.02,-58.54,-66.45,-46.77,-46.27,-47.58,-50.75,-46.45,-54.13,-60.89,-55.52,-47.78,-57.10,-45.26,-59.26,2026-07-09 06:18:04+00:00
2026-07-09T06:19:03+00:00,-48.35,-61.43,-66.52,-58.53,-66.16,-46.14,-46.30,-47.57,-51.96,-46.35,-56.17,-61.35,-55.72,-47.93,-57.45,-45.19,-59.46,2026-07-09 06:19:03+00:00
2026-07-09T06:20:03+00:00,-47.73,-61.46,-67.00,-58.34,-66.01,-46.72,-46.33,-47.51,-52.03,-46.39,-56.35,-61.36,-56.16,-48.04,-57.59,-45.02,-59.61,2026-07-09 06:20:03+00:00
2026-07-09T06:21:04+00:00,-48.14,-62.00,-66.94,-58.64,-66.19,-46.60,-46.16,-47.56,-52.09,-46.32,-56.82,-61.37,-55.83,-48.13,-56.90,-45.13,-57.64,2026-07-09 06:21:04+00:00
2026-07-09T06:22:04+00:00,-47.71,-62.17,-66.87,-58.61,-65.03,-46.61,-46.26,-47.43,-51.97,-46.37,-56.97,-61.48,-55.70,-48.01,-57.45,-45.00,-59.03,2026-07-09 06:22:04+00:00
2026-07-09T06:23:03+00:00,-47.81,-62.22,-66.65,-58.65,-65.94,-46.83,-45.96,-47.32,-52.05,-46.35,-56.82,-60.21,-55.95,-48.18,-57.48,-44.97,-59.39,2026-07-09 06:23:03+00:00
2026-07-09T06:24:03+00:00,-48.25,-61.30,-66.98,-58.55,-65.98,-46.79,-46.74,-47.29,-52.35,-46.24,-57.09,-60.21,-55.75,-48.17,-57.50,-44.78,-59.06,2026-07-09 06:24:03+00:00
2026-07-09T06:25:04+00:00,-49.33,-61.82,-66.87,-58.68,-66.88,-46.57,-45.78,-47.54,-52.33,-46.39,-57.08,-60.94,-55.66,-48.39,-56.86,-44.75,-59.41,2026-07-09 06:25:04+00:00
2026-07-09T06:26:04+00:00,-48.21,-61.20,-67.27,-58.52,-66.16,-46.26,-46.31,-47.49,-52.28,-46.30,-57.19,-60.00,-55.77,-48.51,-57.12,-44.74,-59.60,2026-07-09 06:26:04+00:00
2026-07-09T06:27:03+00:00,-48.33,-61.47,-67.43,-58.63,-66.05,-46.60,-46.21,-47.59,-52.14,-46.35,-57.11,-61.27,-55.79,-48.37,-56.87,-44.71,-58.00,2026-07-09 06:27:03+00:00
2026-07-09T06:28:03+00:00,-48.31,-61.65,-67.08,-58.66,-65.62,-46.56,-46.18,-47.54,-52.30,-46.16,-57.27,-61.23,-55.96,-48.71,-57.49,-44.57,-59.73,2026-07-09 06:28:03+00:00
2026-07-09T06:29:04+00:00,-47.58,-61.34,-66.15,-58.57,-66.52,-46.79,-46.16,-47.45,-52.23,-46.28,-57.14,-61.22,-55.68,-48.63,-57.08,-44.62,-59.15,2026-07-09 06:29:04+00:00
2026-07-09T06:30:04+00:00,-48.28,-61.91,-67.06,-58.46,-66.40,-45.48,-46.25,-47.50,-52.19,-46.26,-57.30,-61.12,-55.81,-48.84,-57.03,-44.56,-59.74,2026-07-09 06:30:04+00:00
2026-07-09T06:31:04+00:00,-48.90,-62.08,-67.13,-57.15,-66.00,-46.14,-46.18,-46.96,-53.01,-46.38,-57.50,-62.08,-55.65,-48.68,-57.26,-44.58,-59.81,2026-07-09 06:31:04+00:00
2026-07-09T06:32:04+00:00,-47.58,-62.43,-67.22,-58.38,-66.21,-44.99,-46.14,-47.64,-51.76,-46.36,-57.79,-61.98,-55.80,-48.76,-57.20,-44.66,-58.61,2026-07-09 06:32:04+00:00
2026-07-09T06:33:03+00:00,-46.94,-61.44,-67.01,-58.36,-66.39,-45.08,-46.04,-47.45,-51.75,-46.23,-57.76,-60.92,-55.67,-48.95,-57.25,-44.62,-58.97,2026-07-09 06:33:03+00:00
2026-07-09T06:34:03+00:00,-47.18,-60.63,-67.14,-58.25,-66.45,-44.96,-46.28,-47.73,-51.73,-46.14,-52.25,-62.40,-55.38,-48.81,-57.48,-44.61,-58.61,2026-07-09 06:34:03+00:00
2026-07-09T06:35:04+00:00,-47.34,-60.64,-67.03,-58.08,-65.54,-44.81,-46.08,-47.79,-51.58,-45.96,-51.68,-61.92,-55.47,-49.00,-57.30,-44.49,-58.70,2026-07-09 06:35:04+00:00
2026-07-09T06:36:03+00:00,-48.07,-60.08,-66.53,-58.53,-66.46,-45.12,-46.48,-47.86,-51.48,-45.91,-51.45,-60.52,-55.64,-49.22,-57.20,-44.60,-59.10,2026-07-09 06:36:03+00:00
2026-07-09T06:37:04+00:00,-47.39,-59.94,-66.28,-58.37,-65.69,-45.16,-46.40,-47.58,-51.49,-45.95,-50.84,-60.63,-55.47,-49.09,-57.31,-44.52,-59.34,2026-07-09 06:37:04+00:00
2026-07-09T06:38:04+00:00,-47.87,-61.01,-67.22,-58.51,-66.05,-44.65,-46.03,-47.56,-50.03,-45.64,-50.94,-60.35,-55.47,-49.29,-57.01,-44.55,-59.25,2026-07-09 06:38:04+00:00
2026-07-09T06:39:03+00:00,-48.52,-61.07,-66.62,-58.23,-65.93,-44.92,-46.22,-47.68,-49.78,-45.55,-50.44,-60.24,-55.45,-49.08,-57.14,-44.63,-57.71,2026-07-09 06:39:03+00:00
2026-07-09T06:40:03+00:00,-47.90,-61.34,-67.46,-58.28,-66.26,-45.17,-46.47,-47.70,-49.95,-45.08,-50.16,-61.34,-55.57,-49.32,-57.23,-44.53,-59.75,2026-07-09 06:40:03+00:00
2026-07-09T06:41:04+00:00,-49.92,-60.38,-67.48,-58.13,-66.09,-45.07,-46.92,-47.63,-50.25,-45.02,-50.18,-61.43,-55.58,-49.30,-56.86,-44.66,-59.50,2026-07-09 06:41:04+00:00
2026-07-09T06:42:04+00:00,-51.39,-61.69,-67.19,-58.39,-66.12,-45.21,-46.53,-47.50,-50.33,-45.09,-50.95,-61.81,-55.51,-49.54,-57.30,-44.86,-59.49,2026-07-09 06:42:04+00:00
2026-07-09T06:43:03+00:00,-49.95,-61.77,-66.94,-58.39,-66.55,-45.54,-46.88,-47.47,-50.30,-45.16,-51.08,-61.81,-55.49,-49.42,-56.95,-44.74,-59.49,2026-07-09 06:43:03+00:00
2026-07-09T06:44:03+00:00,-37.07,-62.07,-66.93,-58.25,-66.82,-45.27,-46.52,-47.60,-50.19,-45.21,-52.46,-61.42,-55.61,-49.38,-57.11,-44.73,-59.13,2026-07-09 06:44:03+00:00
2026-07-09T06:45:04+00:00,-49.41,-62.03,-67.20,-58.47,-65.87,-45.34,-46.61,-47.42,-50.08,-45.64,-55.92,-60.18,-55.54,-49.53,-57.19,-44.65,-59.52,2026-07-09 06:45:04+00:00
2026-07-09T06:46:04+00:00,-49.06,-61.25,-67.08,-58.39,-65.82,-45.23,-46.89,-47.38,-50.08,-45.53,-55.91,-61.47,-55.54,-49.53,-56.67,-44.71,-59.37,2026-07-09 06:46:04+00:00
2026-07-09T06:47:03+00:00,-50.47,-61.52,-66.82,-58.19,-66.05,-45.55,-46.99,-47.39,-50.07,-45.82,-56.67,-60.56,-55.52,-49.67,-56.90,-44.75,-59.51,2026-07-09 06:47:03+00:00
2026-07-09T06:48:03+00:00,-42.10,-61.15,-66.87,-58.37,-65.81,-45.46,-46.88,-47.46,-50.07,-45.61,-56.35,-60.62,-55.57,-49.70,-57.18,-44.75,-58.96,2026-07-09 06:48:03+00:00
2026-07-09T06:49:04+00:00,-44.04,-61.30,-66.97,-58.32,-65.83,-45.49,-46.89,-47.49,-49.39,-45.64,-56.48,-61.08,-55.34,-49.45,-56.76,-44.81,-59.43,2026-07-09 06:49:04+00:00
2026-07-09T06:50:04+00:00,-48.44,-62.00,-67.36,-58.02,-66.55,-45.43,-46.98,-47.46,-49.55,-45.38,-56.12,-61.10,-55.59,-49.78,-56.72,-44.91,-58.90,2026-07-09 06:50:04+00:00
2026-07-09T06:51:03+00:00,-48.19,-62.36,-66.49,-58.61,-66.52,-45.40,-46.73,-47.55,-49.43,-45.56,-56.12,-60.54,-55.54,-49.73,-56.87,-44.84,-57.52,2026-07-09 06:51:03+00:00
2026-07-09T06:52:03+00:00,-49.51,-61.98,-67.06,-58.42,-66.30,-45.82,-47.13,-47.74,-49.43,-45.54,-56.60,-61.54,-55.54,-49.92,-56.69,-44.80,-59.63,2026-07-09 06:52:03+00:00
2026-07-09T06:53:04+00:00,-50.71,-62.17,-67.58,-58.65,-66.94,-45.88,-47.38,-47.56,-50.83,-45.63,-56.49,-61.41,-55.61,-50.08,-57.00,-44.89,-59.64,2026-07-09 06:53:04+00:00
2026-07-09T06:54:04+00:00,-49.31,-61.36,-66.91,-58.44,-66.66,-46.01,-47.29,-47.54,-50.21,-45.56,-55.16,-61.82,-55.61,-50.32,-56.70,-44.76,-59.13,2026-07-09 06:54:04+00:00
2026-07-09T06:55:03+00:00,-50.11,-62.32,-66.90,-58.38,-67.13,-46.19,-47.27,-47.62,-49.96,-45.71,-56.81,-62.01,-55.87,-49.99,-56.86,-44.79,-59.33,2026-07-09 06:55:03+00:00
2026-07-09T06:56:03+00:00,-49.53,-61.95,-66.97,-58.31,-65.83,-46.52,-47.03,-47.44,-50.40,-45.56,-56.79,-62.12,-55.71,-50.20,-57.04,-44.96,-59.87,2026-07-09 06:56:03+00:00
2026-07-09T06:57:04+00:00,-50.01,-59.69,-66.81,-58.42,-66.69,-46.29,-47.28,-47.41,-50.58,-45.52,-56.78,-62.26,-55.81,-50.58,-57.09,-45.02,-60.04,2026-07-09 06:57:04+00:00
2026-07-09T06:58:04+00:00,-50.07,-56.85,-67.26,-58.27,-67.05,-46.23,-47.16,-47.40,-50.90,-45.37,-56.75,-62.27,-55.87,-50.87,-56.97,-45.13,-57.50,2026-07-09 06:58:04+00:00
2026-07-09T06:59:03+00:00,-50.41,-57.39,-66.79,-58.55,-66.06,-46.45,-47.13,-47.66,-50.95,-45.54,-56.59,-61.66,-55.83,-50.94,-56.45,-45.29,-59.28,2026-07-09 06:59:03+00:00
2026-07-09T07:00:03+00:00,-50.13,-57.19,-66.94,-58.35,-66.97,-46.31,-47.14,-47.55,-50.84,-45.43,-56.92,-61.78,-55.68,-51.18,-56.98,-45.36,-57.36,2026-07-09 07:00:03+00:00
2026-07-09T07:01:03+00:00,-48.92,-57.47,-67.10,-58.46,-66.42,-46.25,-46.93,-47.58,-50.93,-46.89,-56.71,-61.84,-55.89,-51.40,-56.97,-45.55,-59.16,2026-07-09 07:01:03+00:00
2026-07-09T07:02:04+00:00,-49.93,-57.75,-67.02,-58.50,-65.78,-46.33,-47.28,-47.45,-50.86,-52.06,-56.76,-61.99,-55.76,-51.70,-57.00,-45.76,-59.41,2026-07-09 07:02:04+00:00
2026-07-09T07:03:04+00:00,-49.70,-58.72,-66.97,-58.54,-66.14,-46.33,-47.19,-47.35,-51.03,-52.58,-56.84,-61.06,-55.76,-52.03,-56.72,-45.89,-59.58,2026-07-09 07:03:04+00:00
2026-07-09T07:04:03+00:00,-49.57,-58.18,-67.26,-58.49,-65.62,-46.40,-47.08,-47.48,-52.59,-52.48,-56.85,-61.20,-55.89,-52.70,-56.42,-46.15,-59.38,2026-07-09 07:04:03+00:00
2026-07-09T07:05:04+00:00,-50.52,-59.03,-67.67,-58.37,-66.07,-46.28,-47.12,-47.44,-52.60,-52.47,-56.95,-61.44,-55.97,-52.98,-56.90,-46.26,-59.51,2026-07-09 07:05:04+00:00
2026-07-09T07:06:03+00:00,-50.38,-59.06,-67.35,-58.52,-66.77,-46.30,-47.14,-47.64,-52.64,-52.52,-57.17,-62.01,-55.71,-53.41,-56.61,-46.46,-59.26,2026-07-09 07:06:03+00:00
2026-07-09T07:07:03+00:00,-50.23,-59.19,-67.55,-58.38,-66.71,-46.31,-47.00,-47.50,-52.64,-52.52,-57.09,-62.35,-55.74,-53.78,-56.77,-46.74,-59.25,2026-07-09 07:07:03+00:00
2026-07-09T07:08:04+00:00,-49.89,-59.74,-66.95,-58.41,-66.51,-46.29,-47.22,-47.52,-52.37,-52.59,-57.17,-61.87,-55.81,-54.28,-56.66,-46.76,-59.34,2026-07-09 07:08:04+00:00
2026-07-09T07:09:04+00:00,-49.36,-59.77,-67.43,-58.55,-66.94,-46.33,-46.86,-47.62,-52.89,-52.37,-57.14,-62.20,-55.93,-54.98,-56.81,-46.98,-59.24,2026-07-09 07:09:04+00:00
2026-07-09T07:10:03+00:00,-49.34,-59.75,-67.21,-58.67,-65.94,-46.42,-47.11,-47.47,-52.95,-52.46,-57.27,-61.85,-55.80,-55.24,-56.98,-47.11,-59.22,2026-07-09 07:10:03+00:00
2026-07-09T07:11:03+00:00,-49.45,-59.74,-67.37,-58.37,-66.61,-46.51,-47.23,-47.46,-52.76,-52.44,-57.28,-61.98,-56.09,-56.09,-56.83,-47.44,-59.52,2026-07-09 07:11:03+00:00
2026-07-09T07:12:04+00:00,-49.24,-59.53,-67.52,-58.51,-66.17,-46.45,-47.04,-47.46,-52.94,-52.43,-57.21,-62.16,-55.94,-56.35,-56.80,-47.71,-59.57,2026-07-09 07:12:04+00:00
2026-07-09T07:13:04+00:00,-49.05,-59.74,-67.21,-58.49,-65.91,-46.42,-47.10,-47.46,-52.72,-52.34,-57.37,-61.61,-56.05,-56.74,-56.44,-47.90,-59.51,2026-07-09 07:13:04+00:00
2026-07-09T07:14:03+00:00,-49.46,-59.60,-67.34,-58.45,-66.23,-46.44,-47.18,-47.55,-52.73,-52.35,-57.23,-62.46,-55.75,-56.90,-56.63,-47.98,-59.51,2026-07-09 07:14:03+00:00
2026-07-09T07:15:03+00:00,-48.79,-59.79,-67.13,-58.34,-66.16,-46.37,-47.23,-47.35,-52.24,-52.30,-57.26,-61.45,-55.88,-57.14,-56.58,-48.14,-59.64,2026-07-09 07:15:03+00:00
2026-07-09T07:16:04+00:00,-49.14,-59.95,-67.28,-58.61,-66.22,-46.64,-47.30,-47.49,-52.18,-52.44,-57.42,-61.42,-55.85,-57.30,-56.49,-48.34,-59.64,2026-07-09 07:16:04+00:00
2026-07-09T07:17:03+00:00,-49.16,-59.81,-67.16,-58.35,-66.29,-46.49,-47.30,-47.54,-52.76,-52.42,-57.48,-61.58,-55.95,-57.50,-56.13,-48.28,-59.56,2026-07-09 07:17:03+00:00
2026-07-09T07:18:03+00:00,-49.55,-60.00,-67.15,-58.42,-66.94,-46.64,-47.23,-47.43,-53.00,-52.34,-57.45,-61.95,-55.89,-57.57,-56.32,-48.52,-59.46,2026-07-09 07:18:03+00:00
2026-07-09T07:19:03+00:00,-49.94,-59.96,-67.27,-58.36,-64.96,-46.70,-47.25,-47.53,-52.92,-52.31,-57.58,-61.88,-56.06,-57.84,-56.34,-48.58,-59.59,2026-07-09 07:19:03+00:00
2026-07-09T07:20:04+00:00,-49.51,-60.23,-67.29,-58.22,-66.35,-46.65,-46.88,-47.53,-53.01,-52.29,-57.25,-61.98,-56.10,-57.61,-56.30,-48.59,-59.54,2026-07-09 07:20:04+00:00
2026-07-09T07:21:04+00:00,-49.17,-60.24,-67.68,-58.28,-66.63,-46.64,-47.13,-47.23,-52.81,-52.41,-57.42,-62.17,-56.09,-57.81,-56.35,-48.60,-59.12,2026-07-09 07:21:04+00:00
2026-07-09T07:22:03+00:00,-49.28,-60.15,-67.57,-58.01,-66.61,-46.51,-47.25,-47.32,-52.67,-52.45,-57.58,-61.91,-56.30,-57.62,-56.06,-48.78,-59.40,2026-07-09 07:22:03+00:00
2026-07-09T07:23:03+00:00,-50.32,-60.20,-67.70,-58.41,-66.99,-46.63,-47.41,-47.37,-50.88,-52.52,-57.38,-62.32,-56.17,-57.58,-56.34,-48.70,-59.08,2026-07-09 07:23:03+00:00
2026-07-09T07:24:04+00:00,-47.89,-59.27,-67.79,-58.49,-65.85,-46.78,-47.47,-47.19,-50.49,-52.39,-57.40,-62.30,-55.87,-57.76,-56.26,-48.67,-58.78,2026-07-09 07:24:04+00:00
2026-07-09T07:25:04+00:00,-50.46,-58.11,-67.23,-57.88,-65.35,-46.52,-47.04,-47.43,-50.31,-52.47,-57.51,-61.26,-55.97,-57.92,-56.04,-48.67,-59.49,2026-07-09 07:25:04+00:00
2026-07-09T07:26:03+00:00,-49.14,-60.10,-67.28,-57.99,-66.08,-46.51,-47.03,-47.30,-50.44,-52.43,-57.15,-62.05,-55.96,-57.66,-56.40,-48.67,-59.20,2026-07-09 07:26:03+00:00
2026-07-09T07:27:03+00:00,-49.74,-60.03,-67.34,-57.85,-66.32,-46.46,-47.45,-47.44,-50.38,-52.30,-57.28,-62.05,-56.06,-57.73,-56.51,-48.83,-58.33,2026-07-09 07:27:03+00:00
2026-07-09T07:28:04+00:00,-49.60,-59.89,-67.06,-57.92,-66.00,-46.43,-47.07,-47.24,-50.40,-52.23,-57.18,-62.02,-56.02,-57.92,-56.07,-48.60,-59.53,2026-07-09 07:28:04+00:00
2026-07-09T07:29:04+00:00,-49.06,-60.08,-67.39,-58.15,-65.89,-46.41,-46.95,-47.36,-50.45,-52.13,-56.95,-61.07,-56.11,-57.79,-56.42,-48.48,-59.23,2026-07-09 07:29:04+00:00
2026-07-09T07:30:03+00:00,-48.99,-59.51,-55.98,-60.08,-66.58,-46.40,-47.59,-51.20,-51.24,-53.23,-53.32,-61.03,-50.83,-63.65,-55.65,-48.41,-58.48,2026-07-09 07:30:03+00:00
2026-07-09T07:31:03+00:00,-49.54,-59.90,-51.04,-62.04,-66.46,-46.26,-47.32,-51.23,-50.34,-53.44,-56.29,-61.37,-49.91,-63.74,-55.99,-48.28,-59.10,2026-07-09 07:31:03+00:00
2026-07-09T07:32:03+00:00,-50.28,-59.34,-51.13,-61.69,-66.20,-46.41,-47.68,-51.16,-50.34,-53.15,-56.40,-61.03,-50.04,-63.89,-56.51,-48.20,-58.93,2026-07-09 07:32:03+00:00
2026-07-09T07:33:04+00:00,-49.27,-60.13,-51.13,-61.57,-65.98,-46.35,-47.52,-51.24,-50.39,-53.16,-56.47,-61.07,-49.89,-64.04,-56.17,-48.08,-59.13,2026-07-09 07:33:04+00:00
2026-07-09T07:34:03+00:00,-48.80,-59.12,-51.00,-61.57,-66.17,-46.32,-47.47,-51.16,-49.50,-53.18,-56.12,-60.98,-49.87,-63.92,-56.09,-48.13,-59.24,2026-07-09 07:34:03+00:00
2026-07-09T07:35:03+00:00,-50.32,-59.52,-50.88,-61.60,-66.06,-46.52,-47.68,-51.21,-49.32,-53.21,-55.78,-60.69,-49.92,-63.61,-56.12,-48.07,-58.92,2026-07-09 07:35:03+00:00
2026-07-09T07:36:03+00:00,-50.07,-59.76,-51.01,-61.61,-66.19,-46.39,-47.26,-51.22,-49.39,-53.08,-55.80,-60.85,-50.11,-63.52,-55.84,-47.99,-59.24,2026-07-09 07:36:03+00:00
2026-07-09T07:37:04+00:00,-50.29,-59.74,-51.23,-61.61,-65.68,-46.29,-47.73,-51.20,-49.49,-53.01,-55.88,-60.47,-50.65,-63.64,-56.23,-47.79,-57.47,2026-07-09 07:37:04+00:00
2026-07-09T07:38:04+00:00,-49.36,-60.04,-50.92,-61.82,-67.18,-46.24,-47.63,-51.22,-51.08,-52.84,-55.76,-60.25,-50.24,-63.52,-56.03,-47.96,-59.13,2026-07-09 07:38:04+00:00
2026-07-09T07:39:03+00:00,-50.06,-59.84,-62.11,-55.20,-66.41,-46.30,-47.37,-50.87,-52.30,-52.88,-54.75,-60.19,-53.00,-62.00,-56.10,-47.89,-58.95,2026-07-09 07:39:03+00:00
2026-07-09T07:40:03+00:00,-49.93,-59.60,-64.76,-52.36,-66.70,-46.41,-47.48,-50.51,-51.95,-52.79,-55.59,-59.72,-54.16,-61.52,-56.29,-47.76,-58.78,2026-07-09 07:40:03+00:00
2026-07-09T07:41:04+00:00,-49.66,-59.85,-66.91,-50.91,-66.21,-46.44,-47.21,-48.50,-52.11,-52.86,-55.88,-60.41,-55.41,-58.19,-55.86,-47.62,-58.85,2026-07-09 07:41:04+00:00
2026-07-09T07:42:04+00:00,-49.63,-58.87,-67.36,-56.78,-66.67,-46.46,-47.17,-46.60,-51.03,-52.16,-55.63,-60.30,-55.83,-57.06,-56.30,-47.61,-59.11,2026-07-09 07:42:04+00:00
2026-07-09T07:43:03+00:00,-50.01,-59.21,-67.54,-53.73,-66.58,-46.48,-47.04,-46.65,-51.84,-52.59,-55.59,-60.33,-55.91,-58.31,-55.78,-47.57,-59.32,2026-07-09 07:43:03+00:00
2026-07-09T07:44:03+00:00,-49.39,-57.99,-67.47,-56.12,-66.50,-46.38,-47.23,-46.29,-51.29,-52.24,-55.44,-60.14,-55.92,-56.81,-56.12,-47.63,-59.41,2026-07-09 07:44:03+00:00
2026-07-09T07:45:04+00:00,-50.08,-58.34,-66.95,-58.14,-66.31,-46.89,-47.10,-47.04,-50.56,-51.81,-55.43,-59.70,-55.72,-57.29,-55.18,-47.50,-58.96,2026-07-09 07:45:04+00:00
2026-07-09T07:46:04+00:00,-49.31,-58.13,-67.07,-58.22,-65.77,-47.70,-47.00,-47.08,-50.50,-51.77,-55.35,-59.74,-55.85,-57.44,-53.63,-47.58,-59.01,2026-07-09 07:46:04+00:00
2026-07-09T07:47:03+00:00,-49.84,-58.97,-67.23,-58.19,-66.83,-46.60,-47.08,-47.15,-50.59,-51.77,-55.49,-59.57,-55.90,-57.28,-56.45,-47.37,-59.20,2026-07-09 07:47:03+00:00
2026-07-09T07:48:04+00:00,-49.74,-58.57,-66.98,-58.28,-65.38,-46.38,-47.04,-47.07,-51.08,-51.75,-55.57,-59.97,-55.74,-57.07,-56.20,-47.17,-58.43,2026-07-09 07:48:04+00:00
2026-07-09T07:49:04+00:00,-49.56,-58.96,-67.06,-58.19,-65.00,-46.41,-47.13,-47.16,-51.82,-51.80,-55.00,-60.12,-55.84,-57.46,-55.95,-47.20,-59.02,2026-07-09 07:49:04+00:00
2026-07-09T07:50:04+00:00,-49.20,-58.36,-67.41,-58.25,-65.93,-46.34,-47.42,-47.22,-51.78,-51.73,-55.56,-59.47,-55.79,-57.12,-56.10,-47.10,-59.17,2026-07-09 07:50:04+00:00
2026-07-09T07:51:03+00:00,-49.79,-58.58,-66.91,-58.23,-65.68,-46.49,-47.39,-47.00,-51.86,-51.63,-55.40,-59.75,-55.84,-57.23,-55.95,-47.06,-59.07,2026-07-09 07:51:03+00:00
2026-07-09T07:52:03+00:00,-49.12,-59.08,-67.21,-58.27,-65.72,-46.36,-47.14,-47.08,-51.75,-51.30,-55.21,-59.52,-51.50,-57.34,-55.96,-47.19,-58.25,2026-07-09 07:52:03+00:00
2026-07-09T07:53:04+00:00,-47.87,-58.37,-66.90,-58.20,-65.97,-48.02,-47.00,-47.33,-51.56,-51.32,-55.34,-59.53,-50.91,-57.14,-55.81,-47.22,-58.35,2026-07-09 07:53:04+00:00
2026-07-09T07:54:04+00:00,-48.31,-58.83,-66.92,-58.29,-66.05,-47.88,-47.05,-46.91,-51.99,-51.44,-43.05,-59.22,-51.05,-57.19,-56.38,-46.92,-54.00,2026-07-09 07:54:04+00:00
2026-07-09T07:55:03+00:00,-48.66,-58.93,-66.99,-58.26,-66.14,-47.79,-47.14,-47.10,-51.93,-51.61,-55.48,-59.59,-51.13,-57.45,-56.19,-46.95,-58.32,2026-07-09 07:55:03+00:00
2026-07-09T07:56:04+00:00,-49.36,-58.81,-66.80,-58.04,-66.86,-48.00,-47.15,-47.18,-51.95,-49.08,-55.50,-59.43,-50.79,-57.51,-55.84,-47.01,-58.42,2026-07-09 07:56:04+00:00
2026-07-09T07:57:04+00:00,-49.65,-57.65,-66.88,-58.16,-65.85,-47.86,-47.10,-47.06,-51.79,-46.90,-56.52,-59.44,-50.47,-57.51,-56.25,-46.83,-58.80,2026-07-09 07:57:04+00:00
2026-07-09T07:58:03+00:00,-48.11,-58.02,-66.89,-58.19,-65.81,-47.76,-47.11,-47.01,-51.93,-46.14,-55.99,-59.46,-50.21,-57.46,-56.08,-47.07,-58.89,2026-07-09 07:58:03+00:00
2026-07-09T07:59:03+00:00,-48.90,-58.20,-66.76,-58.31,-66.33,-47.95,-47.25,-47.06,-51.95,-45.75,-56.42,-59.59,-49.74,-57.29,-56.00,-47.11,-58.52,2026-07-09 07:59:03+00:00
2026-07-09T08:00:03+00:00,-47.26,-58.57,-64.55,-58.46,-66.26,-47.92,-47.18,-47.03,-51.91,-45.82,-56.27,-60.20,-49.39,-57.41,-55.96,-47.36,-59.10,2026-07-09 08:00:03+00:00
2026-07-09T08:01:03+00:00,-46.29,-58.29,-65.88,-56.35,-65.09,-47.91,-47.40,-46.37,-53.15,-45.92,-56.56,-59.92,-49.14,-56.66,-55.63,-47.31,-59.19,2026-07-09 08:01:03+00:00
2026-07-09T08:02:04+00:00,-47.39,-58.32,-66.76,-53.14,-65.68,-47.94,-47.36,-47.27,-54.96,-45.84,-57.04,-60.10,-50.03,-57.63,-55.63,-47.45,-59.07,2026-07-09 08:02:04+00:00
2026-07-09T08:03:04+00:00,-48.64,-58.54,-66.56,-52.87,-66.92,-47.89,-47.15,-47.28,-54.86,-45.66,-57.17,-60.74,-49.80,-57.51,-56.22,-47.40,-57.53,2026-07-09 08:03:04+00:00
2026-07-09T08:04:04+00:00,-48.03,-57.61,-67.20,-53.79,-65.23,-47.76,-47.20,-46.61,-54.24,-45.67,-51.68,-60.89,-51.24,-58.43,-55.65,-47.35,-55.12,2026-07-09 08:04:04+00:00
2026-07-09T08:05:04+00:00,-47.81,-57.50,-64.08,-61.41,-65.91,-47.55,-48.50,-50.94,-55.66,-45.60,-57.43,-60.56,-50.09,-63.93,-55.77,-47.41,-58.84,2026-07-09 08:05:04+00:00
2026-07-09T08:06:03+00:00,-48.04,-55.82,-64.21,-61.43,-66.01,-47.59,-48.70,-50.94,-55.89,-45.63,-57.24,-60.98,-50.13,-63.88,-55.94,-47.40,-57.13,2026-07-09 08:06:03+00:00
2026-07-09T08:07:03+00:00,-49.37,-54.64,-67.14,-62.22,-65.87,-47.83,-47.48,-50.77,-57.53,-45.41,-56.60,-61.18,-50.99,-63.86,-55.89,-47.33,-58.67,2026-07-09 08:07:03+00:00
2026-07-09T08:08:04+00:00,-48.51,-55.37,-64.51,-61.40,-65.42,-48.08,-47.19,-50.38,-53.34,-45.41,-56.37,-60.84,-51.00,-63.01,-56.03,-47.71,-58.65,2026-07-09 08:08:04+00:00
2026-07-09T08:09:04+00:00,-47.14,-55.21,-66.31,-61.83,-63.90,-47.75,-48.69,-50.82,-52.46,-45.73,-57.10,-60.45,-50.10,-63.49,-56.12,-47.48,-59.06,2026-07-09 08:09:04+00:00
2026-07-09T08:10:03+00:00,-47.30,-54.66,-66.39,-58.52,-66.18,-47.13,-44.45,-50.63,-53.14,-45.46,-53.31,-60.55,-51.23,-63.36,-55.59,-47.50,-58.45,2026-07-09 08:10:03+00:00
2026-07-09T08:11:04+00:00,-46.51,-54.45,-67.39,-62.05,-65.55,-46.98,-44.47,-50.38,-53.25,-45.59,-54.74,-61.08,-51.46,-64.68,-56.10,-47.30,-57.97,2026-07-09 08:11:04+00:00
2026-07-09T08:12:04+00:00,-46.60,-55.03,-63.71,-62.66,-66.25,-46.23,-42.71,-50.47,-53.10,-45.58,-54.52,-59.62,-51.83,-64.55,-55.80,-47.57,-58.91,2026-07-09 08:12:04+00:00
2026-07-09T08:13:03+00:00,-48.06,-55.03,-66.06,-62.49,-66.44,-46.27,-42.72,-50.54,-53.09,-45.55,-54.59,-61.02,-52.00,-64.52,-56.14,-47.28,-59.10,2026-07-09 08:13:03+00:00
2026-07-09T08:14:04+00:00,-47.55,-55.31,-65.22,-62.34,-66.34,-45.03,-42.47,-50.54,-53.02,-45.59,-54.60,-60.17,-51.30,-64.64,-55.98,-47.43,-59.10,2026-07-09 08:14:04+00:00
2026-07-09T08:15:04+00:00,-47.20,-55.33,-65.41,-62.27,-65.30,-45.67,-42.26,-50.47,-53.07,-45.58,-54.62,-60.74,-51.60,-64.11,-55.99,-47.47,-58.82,2026-07-09 08:15:04+00:00
2026-07-09T08:16:04+00:00,-47.11,-54.75,-65.93,-62.38,-66.18,-45.60,-42.40,-50.46,-53.06,-45.67,-54.44,-61.26,-52.55,-64.06,-55.97,-47.48,-59.11,2026-07-09 08:16:04+00:00
2026-07-09T08:17:03+00:00,-47.80,-54.35,-65.56,-62.02,-66.85,-44.99,-42.39,-50.38,-53.10,-45.46,-54.23,-62.22,-52.73,-64.69,-55.60,-47.43,-58.86,2026-07-09 08:17:03+00:00
2026-07-09T08:18:03+00:00,-40.42,-54.63,-65.60,-59.19,-66.78,-45.15,-42.26,-50.36,-51.70,-45.43,-54.27,-62.03,-52.67,-64.57,-55.72,-47.23,-58.54,2026-07-09 08:18:03+00:00
2026-07-09T08:19:04+00:00,-37.67,-55.18,-64.56,-58.46,-65.19,-45.31,-42.36,-50.35,-51.35,-45.26,-54.30,-62.05,-52.66,-63.49,-55.70,-47.46,-58.51,2026-07-09 08:19:04+00:00
2026-07-09T08:20:04+00:00,-45.77,-55.29,-62.38,-62.05,-65.19,-45.26,-42.16,-50.39,-51.42,-45.40,-54.31,-61.59,-52.98,-62.36,-55.95,-47.56,-58.53,2026-07-09 08:20:04+00:00
2026-07-09T08:21:03+00:00,-46.40,-55.15,-62.63,-62.12,-66.67,-45.08,-42.18,-50.35,-51.34,-45.36,-54.20,-59.25,-53.80,-64.66,-55.92,-47.29,-58.07,2026-07-09 08:21:03+00:00
2026-07-09T08:22:03+00:00,-47.82,-54.91,-62.12,-62.10,-65.76,-45.09,-42.24,-50.37,-51.14,-45.39,-54.19,-59.26,-52.99,-64.97,-55.91,-47.12,-58.66,2026-07-09 08:22:03+00:00
2026-07-09T08:23:04+00:00,-47.11,-55.56,-62.71,-61.98,-65.88,-45.00,-42.28,-50.42,-53.47,-45.09,-40.48,-59.83,-52.98,-64.64,-55.95,-47.25,-55.07,2026-07-09 08:23:04+00:00
2026-07-09T08:24:04+00:00,-47.88,-55.23,-64.35,-62.10,-66.38,-44.97,-42.32,-50.50,-52.98,-45.47,-53.81,-59.93,-52.38,-64.82,-55.92,-46.97,-58.79,2026-07-09 08:24:04+00:00
2026-07-09T08:25:03+00:00,-47.68,-55.62,-63.38,-62.27,-66.33,-45.08,-42.24,-50.38,-53.06,-45.52,-54.20,-58.80,-52.66,-64.55,-56.42,-46.94,-58.36,2026-07-09 08:25:03+00:00
2026-07-09T08:26:03+00:00,-46.42,-55.32,-62.70,-62.02,-66.30,-45.14,-42.26,-50.52,-53.20,-45.44,-54.16,-58.76,-52.42,-64.43,-55.83,-46.72,-58.65,2026-07-09 08:26:03+00:00
2026-07-09T08:27:04+00:00,-46.06,-55.45,-60.85,-62.34,-66.19,-44.90,-42.21,-50.45,-52.99,-45.54,-54.26,-59.66,-51.99,-64.66,-56.12,-46.85,-57.97,2026-07-09 08:27:04+00:00
2026-07-09T08:28:04+00:00,-45.61,-55.50,-61.64,-61.98,-66.22,-44.88,-42.13,-50.85,-52.81,-45.47,-54.11,-59.49,-51.94,-64.82,-55.73,-46.46,-58.50,2026-07-09 08:28:04+00:00
2026-07-09T08:29:03+00:00,-45.76,-55.72,-61.55,-62.24,-65.88,-44.97,-42.22,-50.82,-52.97,-45.38,-54.08,-58.93,-51.05,-64.77,-56.12,-46.10,-58.64,2026-07-09 08:29:03+00:00
2026-07-09T08:30:03+00:00,-45.59,-56.18,-62.18,-62.00,-65.70,-44.95,-42.15,-50.86,-52.97,-45.48,-54.06,-59.09,-51.94,-64.89,-55.88,-46.32,-58.73,2026-07-09 08:30:03+00:00
2026-07-09T08:31:03+00:00,-45.26,-56.41,-60.85,-62.36,-66.11,-45.04,-42.23,-50.87,-52.96,-45.48,-54.06,-59.33,-51.44,-64.80,-55.84,-46.00,-54.30,2026-07-09 08:31:03+00:00
2026-07-09T08:32:03+00:00,-46.18,-56.33,-60.89,-62.23,-66.93,-45.22,-42.31,-50.86,-52.87,-45.26,-52.04,-59.04,-51.31,-64.46,-55.83,-46.08,-54.32,2026-07-09 08:32:03+00:00
2026-07-09T08:33:04+00:00,-45.73,-55.44,-61.51,-61.98,-66.77,-45.23,-42.16,-50.91,-55.15,-45.46,-54.00,-58.78,-51.41,-64.93,-55.59,-46.04,-54.28,2026-07-09 08:33:04+00:00
2026-07-09T08:34:04+00:00,-44.89,-56.65,-61.29,-62.20,-66.40,-45.17,-42.20,-50.89,-55.17,-45.50,-54.10,-59.21,-51.12,-64.64,-55.86,-46.01,-54.29,2026-07-09 08:34:04+00:00
2026-07-09T08:35:03+00:00,-45.35,-56.47,-61.50,-62.24,-67.24,-44.89,-42.23,-50.91,-55.25,-45.47,-53.62,-59.21,-50.90,-64.56,-55.99,-45.83,-54.30,2026-07-09 08:35:03+00:00
2026-07-09T08:36:03+00:00,-46.01,-55.74,-60.39,-62.19,-66.43,-45.42,-42.26,-50.86,-54.45,-45.41,-53.92,-59.95,-50.70,-64.38,-56.06,-45.92,-53.76,2026-07-09 08:36:03+00:00
2026-07-09T08:37:03+00:00,-45.68,-55.95,-60.52,-62.47,-66.09,-45.37,-42.21,-50.90,-54.71,-45.58,-53.77,-60.26,-50.52,-64.93,-56.01,-46.02,-55.11,2026-07-09 08:37:03+00:00
2026-07-09T08:38:04+00:00,-46.06,-56.00,-60.47,-62.20,-65.72,-45.41,-42.22,-50.89,-54.92,-45.46,-53.90,-60.18,-50.46,-64.71,-56.01,-46.03,-54.19,2026-07-09 08:38:04+00:00
2026-07-09T08:39:04+00:00,-45.61,-56.13,-60.54,-62.42,-66.15,-45.49,-42.17,-50.83,-55.77,-45.48,-53.96,-60.23,-50.39,-64.72,-55.65,-45.89,-54.48,2026-07-09 08:39:04+00:00
2026-07-09T08:40:04+00:00,-45.91,-56.14,-59.99,-62.53,-65.70,-45.43,-42.20,-50.89,-55.41,-45.42,-53.86,-60.45,-50.58,-64.57,-55.94,-45.86,-58.57,2026-07-09 08:40:04+00:00
2026-07-09T08:41:03+00:00,-46.49,-55.71,-59.76,-61.95,-66.59,-45.36,-42.20,-50.87,-55.33,-45.57,-53.96,-59.78,-50.32,-64.95,-55.73,-46.01,-58.68,2026-07-09 08:41:03+00:00
2026-07-09T08:42:03+00:00,-46.29,-55.73,-59.81,-62.07,-65.65,-45.24,-42.31,-50.90,-55.30,-45.41,-53.87,-59.95,-50.11,-65.02,-55.99,-46.17,-58.64,2026-07-09 08:42:03+00:00
2026-07-09T08:43:04+00:00,-46.42,-56.05,-58.58,-62.32,-66.43,-45.44,-42.29,-50.90,-54.86,-45.35,-53.85,-60.43,-49.47,-64.88,-55.56,-46.18,-58.57,2026-07-09 08:43:04+00:00
2026-07-09T08:44:04+00:00,-46.65,-55.95,-58.60,-61.96,-66.00,-45.36,-42.35,-50.94,-55.04,-45.23,-53.71,-60.55,-50.31,-64.44,-55.72,-46.25,-58.63,2026-07-09 08:44:04+00:00
2026-07-09T08:45:03+00:00,-47.07,-56.04,-59.39,-62.15,-65.80,-45.12,-42.24,-50.82,-55.37,-45.11,-54.00,-60.37,-49.94,-64.64,-55.92,-46.24,-58.53,2026-07-09 08:45:03+00:00
2026-07-09T08:46:04+00:00,-46.57,-55.31,-60.51,-61.95,-65.70,-45.33,-42.15,-50.90,-55.71,-45.33,-53.82,-59.97,-50.33,-64.51,-55.84,-46.39,-58.67,2026-07-09 08:46:04+00:00
2026-07-09T08:47:04+00:00,-46.35,-55.86,-60.44,-61.99,-66.29,-45.46,-42.27,-50.79,-55.74,-45.39,-53.77,-59.99,-50.19,-64.19,-55.89,-46.46,-58.67,2026-07-09 08:47:04+00:00
2026-07-09T08:48:03+00:00,-46.99,-55.74,-61.50,-62.22,-66.55,-45.15,-42.36,-50.92,-55.66,-45.39,-53.72,-59.73,-50.41,-63.98,-55.76,-46.55,-58.66,2026-07-09 08:48:03+00:00
2026-07-09T08:49:03+00:00,-46.71,-55.66,-61.14,-62.30,-66.31,-45.27,-42.40,-50.90,-55.84,-45.49,-53.84,-59.73,-50.45,-63.86,-56.29,-46.53,-56.62,2026-07-09 08:49:03+00:00
2026-07-09T08:50:04+00:00,-46.35,-56.01,-61.08,-62.09,-66.41,-45.56,-42.22,-50.93,-55.78,-45.37,-53.76,-59.58,-50.14,-63.71,-56.13,-46.66,-58.51,2026-07-09 08:50:04+00:00
2026-07-09T08:51:04+00:00,-46.34,-56.22,-61.38,-62.40,-65.34,-45.77,-42.25,-50.95,-55.81,-45.44,-53.61,-58.66,-50.30,-63.45,-55.69,-46.45,-58.86,2026-07-09 08:51:04+00:00
2026-07-09T08:52:03+00:00,-47.30,-55.76,-62.98,-61.61,-65.43,-45.56,-42.41,-51.05,-56.22,-45.53,-53.55,-60.03,-50.76,-63.25,-56.51,-46.95,-58.49,2026-07-09 08:52:03+00:00
2026-07-09T08:53:03+00:00,-47.09,-55.67,-63.25,-61.65,-65.87,-45.32,-42.50,-51.09,-56.28,-45.56,-53.06,-60.55,-50.88,-63.30,-56.13,-46.87,-58.88,2026-07-09 08:53:03+00:00
2026-07-09T08:54:04+00:00,-46.61,-56.16,-63.91,-62.31,-65.91,-45.48,-42.48,-51.02,-56.19,-45.55,-53.07,-60.24,-51.00,-63.27,-55.84,-46.81,-58.52,2026-07-09 08:54:04+00:00
2026-07-09T08:55:04+00:00,-46.44,-56.12,-63.85,-62.25,-65.86,-45.58,-42.24,-50.89,-57.01,-45.53,-52.52,-59.43,-50.70,-63.12,-56.29,-47.04,-58.48,2026-07-09 08:55:04+00:00
2026-07-09T08:56:03+00:00,-46.31,-55.16,-62.68,-62.16,-66.06,-45.50,-42.53,-51.04,-56.63,-45.59,-52.53,-59.97,-50.86,-63.03,-56.13,-47.23,-57.57,2026-07-09 08:56:03+00:00
2026-07-09T08:57:04+00:00,-46.35,-55.43,-63.62,-62.23,-66.52,-46.58,-42.23,-50.99,-54.51,-45.58,-53.22,-58.92,-50.90,-62.77,-56.44,-47.37,-57.69,2026-07-09 08:57:04+00:00
2026-07-09T08:58:04+00:00,-46.23,-55.60,-55.89,-62.00,-65.68,-46.45,-42.20,-50.97,-53.30,-45.54,-53.40,-61.43,-49.35,-63.02,-55.80,-47.12,-57.75,2026-07-09 08:58:04+00:00
2026-07-09T08:59:03+00:00,-46.24,-56.05,-59.50,-62.48,-67.14,-46.48,-42.14,-50.98,-53.62,-45.30,-53.48,-60.68,-50.03,-63.14,-55.90,-47.30,-57.86,2026-07-09 08:59:03+00:00
2026-07-09T09:00:03+00:00,-46.45,-55.87,-63.50,-62.28,-66.15,-46.43,-42.41,-50.97,-54.07,-42.87,-47.27,-58.70,-50.81,-63.01,-56.41,-47.16,-57.85,2026-07-09 09:00:03+00:00
2026-07-09T09:01:03+00:00,-47.27,-55.82,-64.17,-62.31,-66.45,-46.47,-42.58,-50.95,-54.94,-42.90,-47.88,-59.44,-50.77,-62.74,-56.10,-47.62,-57.13,2026-07-09 09:01:03+00:00
2026-07-09T09:02:04+00:00,-47.47,-57.62,-64.17,-61.27,-66.29,-46.43,-42.43,-51.01,-55.27,-43.69,-49.72,-61.17,-50.88,-62.66,-55.97,-47.51,-56.94,2026-07-09 09:02:04+00:00
2026-07-09T09:03:03+00:00,-46.49,-57.75,-63.66,-61.23,-67.47,-46.42,-42.56,-51.00,-54.06,-43.97,-50.13,-62.35,-50.89,-61.41,-55.94,-47.34,-57.95,2026-07-09 09:03:03+00:00
2026-07-09T09:04:04+00:00,-46.56,-56.45,-63.69,-61.70,-66.10,-46.48,-42.42,-51.04,-53.53,-44.78,-53.26,-60.97,-50.75,-62.21,-56.21,-47.44,-57.99,2026-07-09 09:04:04+00:00
2026-07-09T09:05:04+00:00,-46.12,-57.25,-50.66,-61.60,-66.43,-46.68,-42.41,-50.99,-52.71,-44.81,-52.83,-62.75,-48.27,-62.02,-56.22,-47.38,-57.88,2026-07-09 09:05:04+00:00
2026-07-09T09:06:03+00:00,-46.51,-56.49,-50.76,-61.46,-66.17,-46.67,-42.30,-50.97,-52.51,-44.66,-52.85,-62.81,-48.03,-61.83,-56.40,-47.52,-57.76,2026-07-09 09:06:03+00:00
2026-07-09T09:07:03+00:00,-47.33,-57.59,-51.28,-61.08,-65.90,-46.42,-42.39,-50.95,-52.50,-44.53,-53.01,-62.54,-48.33,-61.73,-56.24,-47.52,-56.87,2026-07-09 09:07:03+00:00
2026-07-09T09:08:04+00:00,-47.10,-57.41,-52.34,-61.84,-66.66,-46.29,-42.65,-50.96,-52.47,-44.90,-52.96,-62.27,-48.26,-61.62,-56.26,-47.48,-57.83,2026-07-09 09:08:04+00:00
2026-07-09T09:09:04+00:00,-46.32,-57.40,-52.93,-61.83,-65.44,-46.32,-42.51,-50.97,-52.42,-44.76,-53.02,-62.22,-48.21,-61.93,-55.94,-47.34,-58.04,2026-07-09 09:09:04+00:00
2026-07-09T09:10:03+00:00,-45.72,-57.77,-54.12,-61.66,-65.74,-46.26,-42.60,-50.99,-52.65,-44.82,-53.29,-62.18,-48.26,-61.92,-55.88,-47.42,-58.12,2026-07-09 09:10:03+00:00
2026-07-09T09:11:04+00:00,-46.47,-57.15,-64.00,-62.38,-66.00,-46.73,-42.47,-50.95,-53.75,-45.05,-53.40,-58.47,-49.67,-62.05,-56.17,-47.60,-57.97,2026-07-09 09:11:04+00:00
2026-07-09T09:12:04+00:00,-46.01,-57.45,-64.24,-62.30,-65.50,-46.47,-42.39,-50.92,-53.83,-44.90,-53.36,-58.38,-49.80,-62.36,-56.19,-47.62,-57.90,2026-07-09 09:12:04+00:00
2026-07-09T09:13:03+00:00,-46.16,-56.98,-63.40,-61.92,-65.93,-46.61,-42.41,-51.03,-54.30,-44.97,-53.30,-58.98,-49.91,-62.48,-56.01,-47.91,-58.03,2026-07-09 09:13:03+00:00
2026-07-09T09:14:03+00:00,-46.84,-57.20,-64.05,-62.42,-65.78,-46.50,-42.63,-50.98,-53.23,-44.80,-53.29,-58.29,-50.04,-62.34,-55.88,-48.20,-58.16,2026-07-09 09:14:03+00:00
2026-07-09T09:15:04+00:00,-46.79,-56.33,-63.19,-61.83,-66.14,-46.47,-42.61,-50.85,-53.28,-44.83,-53.27,-58.59,-50.07,-62.75,-56.47,-48.53,-58.17,2026-07-09 09:15:04+00:00
2026-07-09T09:16:04+00:00,-47.29,-56.38,-63.99,-62.35,-65.66,-46.60,-42.48,-50.86,-53.13,-44.92,-53.22,-58.58,-49.99,-63.02,-56.05,-48.59,-58.06,2026-07-09 09:16:04+00:00
2026-07-09T09:17:03+00:00,-46.92,-57.16,-63.86,-62.12,-65.63,-46.86,-42.71,-50.90,-53.10,-44.78,-53.16,-58.83,-49.96,-62.94,-56.10,-48.91,-58.13,2026-07-09 09:17:03+00:00
2026-07-09T09:18:03+00:00,-47.07,-56.80,-64.08,-62.02,-66.96,-46.78,-42.82,-50.84,-54.16,-44.91,-53.34,-59.33,-50.07,-63.09,-56.28,-48.93,-58.26,2026-07-09 09:18:03+00:00
2026-07-09T09:19:04+00:00,-47.66,-56.98,-64.15,-62.29,-66.83,-47.00,-42.38,-50.91,-54.51,-45.33,-53.26,-59.64,-50.24,-63.10,-56.18,-49.36,-57.63,2026-07-09 09:19:04+00:00
2026-07-09T09:20:04+00:00,-46.68,-57.07,-64.09,-62.01,-66.55,-46.19,-42.70,-51.05,-55.03,-45.37,-53.32,-59.18,-50.23,-62.99,-56.31,-49.29,-58.05,2026-07-09 09:20:04+00:00
2026-07-09T09:21:03+00:00,-46.44,-57.24,-64.07,-61.84,-66.02,-46.16,-42.78,-51.00,-55.04,-45.83,-53.27,-59.34,-50.37,-63.33,-56.56,-49.53,-58.25,2026-07-09 09:21:03+00:00
2026-07-09T09:22:03+00:00,-47.26,-57.23,-63.78,-62.24,-66.16,-45.30,-42.87,-51.02,-55.27,-45.74,-53.17,-59.26,-51.21,-63.02,-56.63,-49.72,-58.03,2026-07-09 09:22:03+00:00
2026-07-09T09:23:04+00:00,-46.26,-57.19,-64.24,-62.46,-66.75,-45.30,-42.62,-51.01,-54.95,-45.64,-53.37,-59.31,-50.62,-63.16,-55.94,-50.18,-58.00,2026-07-09 09:23:04+00:00
2026-07-09T09:24:04+00:00,-46.34,-57.61,-61.84,-62.11,-65.82,-45.40,-42.58,-51.00,-54.96,-45.79,-52.69,-58.47,-50.70,-63.21,-56.52,-50.39,-58.03,2026-07-09 09:24:04+00:00
2026-07-09T09:25:03+00:00,-46.07,-56.51,-62.29,-61.83,-66.50,-45.57,-42.43,-51.04,-56.12,-45.92,-52.36,-59.02,-50.85,-63.23,-56.26,-50.79,-58.27,2026-07-09 09:25:03+00:00
2026-07-09T09:26:03+00:00,-47.30,-56.79,-63.06,-62.05,-65.71,-45.38,-42.64,-50.93,-56.26,-45.69,-52.30,-59.38,-50.79,-63.11,-56.40,-50.82,-57.99,2026-07-09 09:26:03+00:00
2026-07-09T09:27:04+00:00,-46.90,-56.97,-64.26,-62.01,-66.48,-45.33,-42.50,-50.85,-55.45,-45.48,-51.88,-59.65,-50.80,-62.71,-56.53,-51.22,-57.81,2026-07-09 09:27:04+00:00
2026-07-09T09:28:04+00:00,-46.51,-56.74,-63.75,-61.97,-66.11,-45.32,-42.48,-50.88,-56.22,-45.24,-51.09,-59.50,-50.82,-62.29,-56.05,-51.50,-58.19,2026-07-09 09:28:04+00:00
2026-07-09T09:29:03+00:00,-46.64,-57.31,-62.98,-61.86,-65.60,-45.26,-42.47,-50.88,-54.94,-45.60,-51.21,-59.29,-50.84,-62.15,-56.24,-51.34,-58.12,2026-07-09 09:29:03+00:00
2026-07-09T09:30:03+00:00,-46.14,-57.55,-63.87,-62.10,-65.69,-45.50,-42.41,-50.92,-54.88,-45.78,-51.24,-59.70,-50.83,-62.00,-56.59,-51.38,-58.07,2026-07-09 09:30:03+00:00
2026-07-09T09:31:03+00:00,-45.90,-57.50,-63.99,-62.31,-66.86,-45.51,-42.59,-50.97,-56.09,-45.59,-51.09,-59.77,-51.02,-61.71,-56.87,-51.83,-52.84,2026-07-09 09:31:03+00:00
2026-07-09T09:32:04+00:00,-46.35,-57.37,-63.11,-61.95,-65.94,-45.46,-42.53,-50.95,-57.41,-45.76,-51.35,-60.06,-51.85,-61.24,-57.04,-51.50,-53.00,2026-07-09 09:32:04+00:00
2026-07-09T09:33:04+00:00,-46.22,-57.55,-63.06,-61.88,-66.17,-45.63,-42.53,-50.99,-56.28,-45.59,-50.83,-60.82,-50.97,-60.92,-56.43,-51.94,-54.08,2026-07-09 09:33:04+00:00
2026-07-09T09:34:03+00:00,-45.78,-57.40,-64.37,-61.95,-65.94,-45.58,-42.72,-50.98,-56.20,-45.61,-51.16,-60.56,-51.02,-60.64,-56.73,-51.67,-52.67,2026-07-09 09:34:03+00:00
2026-07-09T09:35:03+00:00,-46.08,-56.42,-65.01,-61.75,-65.57,-45.44,-42.51,-50.98,-55.64,-45.82,-51.19,-60.35,-50.98,-60.40,-56.65,-51.82,-52.93,2026-07-09 09:35:03+00:00
2026-07-09T09:36:03+00:00,-45.90,-56.45,-64.84,-61.79,-66.17,-45.49,-42.68,-50.89,-56.15,-45.89,-51.11,-60.00,-50.85,-60.14,-56.63,-51.72,-52.71,2026-07-09 09:36:03+00:00
2026-07-09T09:37:04+00:00,-46.04,-56.64,-64.64,-61.88,-65.52,-45.47,-42.60,-50.96,-56.21,-45.98,-51.06,-61.08,-50.90,-60.08,-56.49,-51.32,-54.13,2026-07-09 09:37:04+00:00
2026-07-09T09:38:04+00:00,-45.54,-56.74,-63.51,-60.33,-64.89,-45.50,-42.57,-50.99,-56.72,-45.87,-50.97,-62.39,-50.98,-59.56,-56.74,-51.14,-52.84,2026-07-09 09:38:04+00:00
2026-07-09T09:39:03+00:00,-44.89,-57.12,-64.23,-62.16,-66.59,-45.58,-42.54,-51.03,-56.07,-45.78,-51.05,-60.79,-50.66,-58.78,-56.58,-50.92,-52.87,2026-07-09 09:39:03+00:00
2026-07-09T09:40:04+00:00,-36.89,-57.08,-63.40,-61.97,-66.13,-45.48,-42.59,-50.95,-56.28,-45.84,-51.24,-59.47,-50.91,-59.25,-56.29,-51.22,-52.58,2026-07-09 09:40:04+00:00
2026-07-09T09:41:04+00:00,-44.38,-56.71,-62.35,-62.15,-65.88,-45.40,-42.58,-51.07,-56.14,-45.44,-51.09,-56.65,-50.85,-59.16,-56.60,-51.18,-52.65,2026-07-09 09:41:04+00:00
2026-07-09T09:42:04+00:00,-45.76,-56.41,-62.76,-61.97,-66.57,-45.52,-42.66,-51.10,-58.31,-45.35,-51.01,-57.16,-50.97,-58.70,-56.83,-51.30,-53.93,2026-07-09 09:42:04+00:00
2026-07-09T09:43:03+00:00,-46.31,-56.36,-62.82,-62.02,-66.48,-45.72,-42.88,-51.00,-57.69,-45.64,-50.90,-57.12,-50.93,-58.76,-56.48,-51.10,-52.83,2026-07-09 09:43:03+00:00
2026-07-09T09:44:04+00:00,-46.20,-56.38,-62.94,-60.93,-65.81,-45.71,-42.56,-51.14,-56.59,-45.46,-51.09,-58.94,-50.98,-58.32,-56.78,-51.19,-52.88,2026-07-09 09:44:04+00:00
2026-07-09T09:45:04+00:00,-46.40,-56.78,-63.84,-57.59,-65.43,-45.73,-42.63,-51.12,-57.25,-46.60,-51.26,-59.91,-51.19,-58.31,-56.36,-51.06,-52.96,2026-07-09 09:45:04+00:00
2026-07-09T09:46:03+00:00,-46.06,-56.78,-63.80,-58.57,-66.25,-45.72,-42.66,-51.00,-56.87,-46.66,-51.21,-60.07,-51.18,-58.04,-56.21,-50.81,-52.80,2026-07-09 09:46:03+00:00
2026-07-09T09:47:03+00:00,-46.20,-57.45,-63.72,-61.60,-66.17,-45.50,-42.73,-51.11,-57.18,-46.58,-51.18,-60.07,-51.35,-58.51,-56.54,-50.94,-58.00,2026-07-09 09:47:03+00:00
2026-07-09T09:48:04+00:00,-45.47,-57.44,-64.00,-62.02,-66.01,-45.47,-42.48,-51.10,-56.11,-46.37,-51.26,-60.40,-51.36,-58.56,-56.27,-50.96,-52.73,2026-07-09 09:48:04+00:00
2026-07-09T09:49:04+00:00,-45.49,-57.10,-63.27,-61.90,-66.22,-45.64,-42.64,-51.12,-56.12,-46.22,-51.43,-61.57,-51.38,-58.35,-56.22,-51.08,-52.76,2026-07-09 09:49:04+00:00
2026-07-09T09:50:04+00:00,-45.53,-56.96,-63.77,-60.44,-65.17,-45.50,-42.59,-51.14,-54.52,-46.42,-51.30,-59.75,-51.42,-58.10,-56.83,-50.90,-57.84,2026-07-09 09:50:04+00:00
2026-07-09T09:51:03+00:00,-46.04,-57.04,-62.94,-60.14,-66.39,-45.72,-42.58,-51.01,-56.12,-46.25,-51.30,-61.23,-51.28,-57.63,-56.41,-51.39,-56.90,2026-07-09 09:51:03+00:00
2026-07-09T09:52:03+00:00,-47.74,-56.64,-64.46,-60.68,-65.39,-45.65,-42.59,-50.59,-56.17,-46.39,-51.18,-64.05,-51.21,-57.49,-56.19,-51.37,-57.78,2026-07-09 09:52:03+00:00
2026-07-09T09:53:04+00:00,-47.87,-55.94,-64.11,-61.49,-65.93,-45.62,-42.46,-50.57,-55.14,-46.32,-51.13,-63.47,-51.16,-57.08,-56.71,-51.37,-57.65,2026-07-09 09:53:04+00:00
2026-07-09T09:54:04+00:00,-47.43,-56.43,-63.88,-60.41,-66.34,-45.72,-42.35,-50.57,-55.03,-46.53,-51.14,-62.98,-51.20,-57.16,-56.56,-51.54,-57.80,2026-07-09 09:54:04+00:00
2026-07-09T09:55:03+00:00,-47.92,-56.02,-64.36,-61.12,-66.28,-45.54,-42.56,-50.38,-54.92,-46.31,-51.16,-63.21,-51.22,-57.31,-56.31,-51.41,-58.75,2026-07-09 09:55:03+00:00
2026-07-09T09:56:03+00:00,-47.00,-56.60,-61.45,-61.76,-65.86,-46.77,-42.45,-50.40,-54.17,-46.41,-51.09,-60.81,-50.16,-57.72,-56.66,-51.30,-58.60,2026-07-09 09:56:03+00:00
2026-07-09T09:57:04+00:00,-47.31,-55.99,-61.28,-62.03,-66.91,-46.90,-42.31,-50.43,-54.03,-46.33,-50.64,-61.03,-49.99,-58.03,-56.10,-51.19,-57.02,2026-07-09 09:57:04+00:00
2026-07-09T09:58:04+00:00,-47.83,-56.17,-63.60,-62.06,-65.95,-46.93,-42.55,-50.54,-54.55,-46.31,-51.09,-59.96,-50.37,-58.01,-56.43,-50.90,-56.64,2026-07-09 09:58:04+00:00
2026-07-09T09:59:03+00:00,-47.72,-55.86,-63.30,-61.95,-66.60,-46.94,-42.59,-50.55,-54.62,-46.37,-50.96,-59.91,-50.75,-58.05,-56.03,-51.41,-57.67,2026-07-09 09:59:03+00:00
2026-07-09T10:00:03+00:00,-47.49,-56.20,-62.95,-62.19,-66.07,-46.91,-42.52,-50.50,-54.39,-46.41,-50.92,-59.88,-50.68,-58.19,-56.67,-51.21,-57.50,2026-07-09 10:00:03+00:00
2026-07-09T10:01:03+00:00,-47.36,-55.97,-62.69,-62.11,-65.81,-46.92,-42.45,-50.50,-54.38,-46.52,-50.84,-60.27,-51.31,-58.30,-56.06,-50.80,-56.85,2026-07-09 10:01:03+00:00
2026-07-09T10:02:04+00:00,-47.68,-56.06,-64.35,-62.12,-66.27,-46.91,-42.57,-50.42,-54.69,-46.50,-51.01,-58.43,-51.40,-58.58,-56.33,-51.12,-57.57,2026-07-09 10:02:04+00:00
2026-07-09T10:03:04+00:00,-47.59,-55.86,-64.84,-61.89,-66.73,-47.91,-42.55,-50.48,-56.51,-46.56,-50.82,-58.68,-51.51,-58.55,-53.31,-51.31,-57.61,2026-07-09 10:03:04+00:00
2026-07-09T10:04:03+00:00,-47.75,-56.50,-55.69,-61.61,-66.00,-47.72,-42.40,-50.53,-54.88,-46.60,-50.82,-59.61,-49.63,-58.62,-53.73,-51.15,-57.59,2026-07-09 10:04:03+00:00
2026-07-09T10:05:03+00:00,-47.84,-55.91,-61.70,-62.07,-65.91,-47.02,-42.66,-50.51,-56.33,-46.42,-50.71,-59.97,-50.76,-58.61,-56.57,-51.23,-57.61,2026-07-09 10:05:03+00:00
2026-07-09T10:06:03+00:00,-48.53,-56.19,-63.28,-62.27,-65.79,-47.04,-42.62,-50.44,-56.95,-46.25,-50.62,-59.20,-51.29,-58.49,-56.35,-51.38,-57.85,2026-07-09 10:06:03+00:00
2026-07-09T10:07:04+00:00,-47.93,-57.08,-64.55,-62.20,-66.34,-47.05,-42.53,-50.45,-57.47,-46.38,-50.58,-58.40,-51.11,-58.46,-55.94,-51.24,-57.96,2026-07-09 10:07:04+00:00
2026-07-09T10:08:03+00:00,-46.36,-56.60,-64.43,-62.22,-66.97,-47.08,-42.71,-50.65,-58.77,-46.44,-50.75,-59.70,-51.03,-58.71,-56.52,-50.87,-57.95,2026-07-09 10:08:03+00:00
2026-07-09T10:09:03+00:00,-48.23,-56.40,-64.94,-62.28,-65.35,-47.05,-42.57,-50.44,-58.82,-46.61,-50.54,-60.15,-51.01,-58.86,-56.52,-51.10,-57.70,2026-07-09 10:09:03+00:00
2026-07-09T10:10:04+00:00,-47.44,-55.92,-64.91,-62.30,-66.12,-47.06,-42.58,-50.42,-58.41,-46.69,-50.74,-61.60,-50.85,-59.05,-55.82,-50.58,-57.67,2026-07-09 10:10:04+00:00
2026-07-09T10:11:04+00:00,-47.43,-55.96,-64.87,-62.10,-66.46,-47.03,-42.48,-50.47,-58.49,-46.66,-50.85,-61.10,-50.85,-59.36,-56.38,-50.81,-57.66,2026-07-09 10:11:04+00:00
2026-07-09T10:12:03+00:00,-48.23,-56.05,-65.08,-61.95,-65.98,-46.78,-42.56,-50.51,-57.93,-46.49,-50.77,-61.48,-50.90,-58.99,-56.55,-50.65,-57.98,2026-07-09 10:12:03+00:00
2026-07-09T10:13:03+00:00,-48.25,-55.62,-64.27,-62.33,-66.94,-46.98,-42.47,-50.49,-58.36,-46.59,-50.74,-62.25,-50.55,-58.83,-56.09,-50.72,-57.67,2026-07-09 10:13:03+00:00
2026-07-09T10:14:04+00:00,-48.43,-55.65,-65.31,-58.70,-66.07,-46.92,-42.38,-50.52,-59.43,-46.68,-50.96,-64.18,-50.72,-59.12,-56.07,-50.70,-57.70,2026-07-09 10:14:04+00:00
2026-07-09T10:15:04+00:00,-47.71,-56.11,-64.75,-60.53,-65.28,-46.87,-42.73,-50.51,-59.10,-46.62,-50.92,-64.27,-50.77,-59.04,-56.10,-50.66,-57.59,2026-07-09 10:15:04+00:00
2026-07-09T10:16:03+00:00,-48.88,-56.95,-65.00,-61.36,-66.46,-48.55,-47.71,-50.87,-59.51,-46.62,-51.70,-65.15,-50.94,-58.22,-56.42,-50.95,-58.00,2026-07-09 10:16:03+00:00
2026-07-09T10:17:03+00:00,-49.21,-56.94,-65.45,-61.98,-66.20,-48.39,-48.19,-50.81,-59.65,-46.69,-51.48,-65.71,-50.90,-59.21,-56.39,-51.10,-57.93,2026-07-09 10:17:03+00:00
2026-07-09T10:18:04+00:00,-49.32,-56.44,-65.24,-58.24,-66.01,-48.39,-48.05,-50.79,-59.48,-46.62,-51.81,-65.35,-50.71,-58.73,-56.14,-50.86,-58.06,2026-07-09 10:18:04+00:00
2026-07-09T10:19:04+00:00,-48.48,-51.35,-64.36,-59.11,-65.06,-47.47,-47.91,-50.32,-59.41,-46.60,-50.45,-65.03,-50.73,-58.76,-56.10,-50.62,-57.67,2026-07-09 10:19:04+00:00
2026-07-09T10:20:03+00:00,-48.09,-56.40,-64.66,-62.11,-66.12,-45.98,-42.57,-50.46,-60.00,-46.63,-51.08,-64.39,-50.86,-59.16,-56.24,-51.05,-57.58,2026-07-09 10:20:03+00:00
2026-07-09T10:21:35+00:00,-48.62,-56.86,-65.54,-62.09,-65.69,-45.19,-42.56,-50.42,-59.71,-46.44,-51.09,-62.93,-50.87,-58.73,-56.10,-51.44,-57.18,2026-07-09 10:21:35+00:00
2026-07-09T10:22:03+00:00,-48.48,-56.51,-65.44,-62.19,-65.71,-45.30,-42.55,-50.37,-59.87,-46.54,-51.02,-62.92,-50.81,-58.58,-55.93,-50.92,-57.42,2026-07-09 10:22:03+00:00
2026-07-09T10:23:03+00:00,-48.32,-56.41,-64.83,-62.13,-64.71,-45.37,-42.68,-50.38,-59.59,-46.19,-50.34,-61.87,-50.72,-58.26,-56.20,-51.30,-57.54,2026-07-09 10:23:03+00:00
2026-07-09T10:24:03+00:00,-48.19,-56.65,-65.14,-62.12,-65.95,-45.25,-42.45,-50.38,-59.48,-46.36,-50.78,-61.76,-50.60,-58.39,-56.13,-51.40,-57.48,2026-07-09 10:24:03+00:00
2026-07-09T10:25:04+00:00,-48.38,-57.11,-65.56,-62.11,-66.00,-45.33,-42.51,-50.27,-59.32,-46.35,-50.84,-60.36,-50.55,-58.66,-55.97,-51.43,-57.73,2026-07-09 10:25:04+00:00
2026-07-09T10:26:04+00:00,-48.23,-56.90,-65.59,-61.93,-66.39,-47.87,-42.56,-50.41,-59.40,-46.20,-51.02,-60.59,-50.47,-58.71,-55.86,-51.17,-58.71,2026-07-09 10:26:04+00:00
2026-07-09T10:27:03+00:00,-48.64,-57.26,-65.00,-62.25,-65.55,-47.79,-42.53,-50.45,-58.01,-46.39,-50.85,-60.24,-50.36,-58.42,-55.71,-51.32,-58.74,2026-07-09 10:27:03+00:00
2026-07-09T10:28:03+00:00,-48.30,-57.05,-65.28,-62.71,-66.36,-47.95,-42.52,-50.38,-59.47,-45.87,-50.80,-61.03,-50.34,-58.65,-55.74,-51.15,-58.86,2026-07-09 10:28:03+00:00
2026-07-09T10:29:04+00:00,-48.19,-57.14,-65.06,-62.34,-66.04,-48.10,-42.76,-50.33,-60.36,-46.22,-50.10,-61.01,-50.73,-58.62,-55.77,-51.22,-58.94,2026-07-09 10:29:04+00:00
2026-07-09T10:30:04+00:00,-48.21,-56.92,-65.41,-61.98,-65.20,-48.25,-42.50,-50.35,-60.24,-45.95,-50.89,-61.26,-50.43,-58.98,-55.34,-51.31,-58.15,2026-07-09 10:30:04+00:00
2026-07-09T10:31:04+00:00,-47.92,-56.76,-64.76,-62.22,-66.38,-46.46,-42.44,-50.22,-58.25,-45.95,-50.53,-56.46,-50.17,-58.65,-55.39,-51.84,-57.78,2026-07-09 10:31:04+00:00
2026-07-09T10:32:04+00:00,-48.20,-56.94,-65.14,-62.33,-65.99,-45.74,-42.62,-50.28,-58.56,-45.89,-50.51,-56.66,-50.27,-58.95,-55.25,-51.29,-57.74,2026-07-09 10:32:04+00:00
2026-07-09T10:33:03+00:00,-47.08,-56.52,-63.81,-62.18,-61.65,-45.37,-42.76,-50.30,-54.40,-45.99,-50.65,-63.28,-48.65,-59.26,-55.94,-51.25,-56.77,2026-07-09 10:33:03+00:00
2026-07-09T10:34:03+00:00,-46.95,-56.63,-63.83,-61.39,-66.18,-45.50,-42.54,-50.42,-56.04,-45.88,-50.54,-64.55,-50.08,-59.31,-55.52,-51.34,-57.81,2026-07-09 10:34:03+00:00
2026-07-09T10:35:04+00:00,-47.18,-56.37,-63.22,-61.70,-65.91,-45.40,-42.67,-50.34,-55.18,-46.10,-50.22,-63.78,-49.72,-58.96,-55.89,-51.32,-57.68,2026-07-09 10:35:04+00:00
2026-07-09T10:36:03+00:00,-46.19,-56.09,-62.65,-61.67,-65.96,-45.48,-42.67,-50.33,-55.48,-46.16,-50.19,-63.27,-49.67,-59.28,-55.76,-51.20,-58.59,2026-07-09 10:36:03+00:00
2026-07-09T10:37:04+00:00,-46.23,-56.17,-62.84,-61.71,-66.29,-45.40,-42.58,-50.34,-55.65,-45.89,-50.10,-63.43,-49.80,-59.33,-55.50,-50.91,-58.48,2026-07-09 10:37:04+00:00
2026-07-09T10:38:04+00:00,-48.29,-55.78,-63.64,-61.27,-66.32,-44.97,-42.71,-50.73,-55.60,-45.84,-50.47,-63.76,-50.67,-58.98,-55.35,-50.94,-58.81,2026-07-09 10:38:04+00:00
2026-07-09T10:39:04+00:00,-48.09,-56.04,-64.40,-61.63,-66.45,-44.95,-42.60,-50.69,-55.92,-46.04,-50.05,-63.84,-51.13,-58.94,-55.87,-50.74,-58.69,2026-07-09 10:39:04+00:00
2026-07-09T10:40:03+00:00,-48.05,-54.65,-63.92,-61.34,-66.19,-44.95,-42.50,-50.75,-55.80,-46.06,-50.28,-64.25,-50.68,-58.90,-55.84,-50.66,-58.74,2026-07-09 10:40:03+00:00
2026-07-09T10:41:04+00:00,-48.32,-54.63,-63.15,-62.26,-66.52,-45.08,-42.39,-50.62,-55.56,-46.16,-50.96,-63.62,-50.46,-58.41,-55.57,-50.26,-58.88,2026-07-09 10:41:04+00:00
2026-07-09T10:42:04+00:00,-48.14,-52.92,-63.12,-61.61,-65.92,-44.91,-42.48,-50.61,-55.50,-46.18,-50.88,-63.70,-50.43,-58.30,-55.65,-50.26,-58.58,2026-07-09 10:42:04+00:00
2026-07-09T10:43:03+00:00,-48.06,-52.81,-63.40,-61.92,-66.28,-44.84,-42.54,-50.56,-55.24,-46.20,-49.81,-64.32,-50.33,-58.47,-55.70,-49.85,-58.53,2026-07-09 10:43:03+00:00
2026-07-09T10:44:03+00:00,-48.66,-51.06,-63.33,-61.95,-65.65,-44.87,-42.41,-50.58,-55.30,-45.98,-50.37,-64.11,-50.31,-58.13,-55.57,-49.63,-58.50,2026-07-09 10:44:03+00:00
2026-07-09T10:45:03+00:00,-48.03,-51.54,-62.97,-62.12,-66.53,-44.95,-42.66,-50.59,-54.73,-44.75,-48.44,-64.01,-50.23,-58.26,-55.58,-49.60,-58.36,2026-07-09 10:45:03+00:00
2026-07-09T10:46:04+00:00,-48.19,-54.78,-63.41,-61.90,-66.46,-44.90,-42.76,-50.61,-55.18,-43.39,-45.89,-64.18,-50.06,-57.86,-55.59,-49.56,-58.48,2026-07-09 10:46:04+00:00
2026-07-09T10:47:04+00:00,-48.06,-54.84,-63.59,-62.23,-65.44,-44.82,-42.51,-50.51,-55.29,-43.28,-46.48,-64.29,-50.17,-57.98,-55.78,-49.61,-58.13,2026-07-09 10:47:04+00:00
2026-07-09T10:48:03+00:00,-48.32,-54.87,-63.27,-61.94,-66.20,-44.75,-42.61,-50.60,-56.98,-43.98,-48.10,-61.15,-50.06,-57.76,-55.68,-49.68,-58.37,2026-07-09 10:48:03+00:00
2026-07-09T10:49:03+00:00,-47.17,-55.08,-64.04,-62.15,-66.43,-45.01,-42.51,-50.56,-57.67,-45.14,-49.73,-62.67,-49.95,-57.87,-55.59,-49.80,-56.51,2026-07-09 10:49:03+00:00
2026-07-09T10:50:04+00:00,-48.01,-55.30,-63.67,-61.71,-65.74,-44.85,-42.64,-50.79,-57.27,-44.95,-49.89,-60.94,-50.18,-57.70,-55.34,-49.64,-54.67,2026-07-09 10:50:04+00:00
2026-07-09T10:51:04+00:00,-48.16,-54.91,-64.16,-62.01,-66.50,-44.83,-42.52,-50.64,-57.62,-45.16,-49.88,-64.11,-50.09,-57.43,-55.29,-49.77,-57.52,2026-07-09 10:51:04+00:00
2026-07-09T10:52:03+00:00,-47.69,-54.94,-64.89,-62.28,-66.12,-44.78,-42.91,-50.67,-58.12,-45.11,-50.33,-64.10,-50.09,-57.48,-55.71,-49.73,-57.57,2026-07-09 10:52:03+00:00
2026-07-09T10:53:03+00:00,-47.76,-54.99,-62.78,-62.23,-66.19,-46.99,-42.71,-50.71,-59.60,-45.11,-50.27,-62.24,-49.92,-57.52,-55.31,-50.04,-57.63,2026-07-09 10:53:03+00:00
2026-07-09T10:54:04+00:00,-47.39,-55.93,-62.98,-62.56,-65.29,-51.02,-42.55,-50.77,-59.68,-45.09,-50.14,-63.31,-49.90,-57.36,-55.22,-49.98,-57.81,2026-07-09 10:54:04+00:00
2026-07-09T10:55:04+00:00,-46.39,-55.70,-64.63,-62.15,-66.87,-50.94,-42.95,-50.74,-58.08,-44.99,-50.27,-61.59,-49.95,-56.98,-55.40,-50.14,-57.68,2026-07-09 10:55:04+00:00
2026-07-09T10:56:03+00:00,-45.98,-55.90,-65.19,-62.31,-66.26,-51.16,-42.70,-50.71,-56.28,-45.17,-50.38,-63.80,-49.86,-57.16,-55.06,-50.08,-57.78,2026-07-09 10:56:03+00:00
2026-07-09T10:57:03+00:00,-46.15,-55.06,-64.88,-62.03,-65.98,-50.97,-42.83,-50.61,-58.23,-45.08,-50.35,-64.04,-49.80,-57.05,-55.13,-50.16,-57.75,2026-07-09 10:57:03+00:00
2026-07-09T10:58:04+00:00,-46.10,-53.04,-64.64,-62.32,-66.09,-51.06,-42.68,-50.61,-58.03,-45.06,-50.52,-63.99,-49.85,-56.86,-55.13,-50.13,-57.77,2026-07-09 10:58:04+00:00
2026-07-09T10:59:04+00:00,-46.16,-52.96,-64.39,-61.87,-66.59,-50.90,-42.59,-50.62,-58.09,-45.13,-50.46,-64.26,-49.78,-57.04,-54.99,-50.38,-57.34,2026-07-09 10:59:04+00:00
2026-07-09T11:00:03+00:00,-46.20,-54.16,-64.47,-62.16,-66.65,-50.83,-42.85,-50.57,-57.67,-45.05,-50.31,-63.70,-49.36,-56.63,-55.29,-49.73,-57.71,2026-07-09 11:00:03+00:00
2026-07-09T11:01:03+00:00,-46.20,-54.02,-64.05,-62.18,-65.75,-50.78,-42.54,-50.64,-57.91,-45.00,-50.33,-63.84,-49.65,-56.78,-55.37,-49.65,-58.08,2026-07-09 11:01:03+00:00
2026-07-09T11:02:03+00:00,-46.08,-54.13,-63.68,-61.39,-65.72,-50.85,-42.43,-50.65,-57.59,-45.12,-50.34,-61.27,-49.63,-56.70,-55.56,-50.38,-58.84,2026-07-09 11:02:03+00:00
2026-07-09T11:03:03+00:00,-46.10,-54.07,-63.80,-62.32,-66.26,-50.85,-42.60,-50.62,-57.14,-45.16,-50.33,-63.64,-48.94,-56.62,-55.48,-49.96,-58.79,2026-07-09 11:03:03+00:00
2026-07-09T11:04:04+00:00,-45.74,-54.93,-64.59,-62.48,-65.15,-50.80,-42.46,-50.58,-57.39,-45.32,-50.41,-64.50,-49.01,-56.84,-55.51,-50.14,-58.77,2026-07-09 11:04:04+00:00
2026-07-09T11:05:04+00:00,-45.72,-54.33,-64.70,-62.38,-66.40,-50.67,-42.66,-50.61,-57.53,-45.12,-50.09,-64.71,-49.00,-56.45,-54.97,-50.38,-58.62,2026-07-09 11:05:04+00:00
2026-07-09T11:06:04+00:00,-45.97,-55.30,-64.10,-62.03,-66.55,-50.60,-42.57,-50.77,-57.66,-45.26,-50.54,-64.52,-49.04,-56.47,-55.24,-50.29,-58.62,2026-07-09 11:06:04+00:00
2026-07-09T11:07:04+00:00,-45.51,-55.59,-63.19,-62.03,-66.40,-50.39,-42.63,-50.72,-57.36,-45.28,-50.47,-63.45,-48.98,-56.70,-55.65,-50.34,-57.14,2026-07-09 11:07:04+00:00
2026-07-09T11:08:03+00:00,-45.50,-55.58,-64.37,-62.41,-66.56,-51.08,-42.83,-50.76,-58.31,-45.24,-50.60,-64.58,-48.96,-56.54,-55.36,-50.40,-58.61,2026-07-09 11:08:03+00:00
2026-07-09T11:09:03+00:00,-45.35,-55.89,-64.03,-61.65,-65.91,-50.94,-42.60,-50.82,-57.66,-45.27,-50.39,-63.68,-48.92,-56.59,-55.54,-50.55,-58.81,2026-07-09 11:09:03+00:00
2026-07-09T11:10:04+00:00,-46.89,-55.92,-63.51,-62.45,-66.68,-50.69,-42.65,-50.77,-58.60,-45.24,-50.39,-64.38,-49.11,-56.09,-55.89,-50.34,-58.66,2026-07-09 11:10:04+00:00
2026-07-09T11:11:04+00:00,-47.19,-55.48,-63.59,-62.50,-65.82,-50.58,-42.62,-50.81,-58.43,-45.33,-50.45,-64.39,-49.09,-55.70,-56.24,-50.21,-58.71,2026-07-09 11:11:04+00:00
2026-07-09T11:12:03+00:00,-46.57,-55.33,-63.86,-62.35,-65.56,-50.62,-42.47,-51.45,-58.67,-45.44,-50.45,-64.17,-49.07,-56.07,-55.56,-50.21,-58.06,2026-07-09 11:12:03+00:00
2026-07-09T11:13:03+00:00,-47.43,-55.66,-63.82,-62.35,-65.61,-50.64,-42.72,-50.78,-58.38,-45.20,-49.94,-64.52,-49.06,-55.84,-55.62,-50.25,-57.63,2026-07-09 11:13:03+00:00
2026-07-09T11:14:04+00:00,-47.22,-55.73,-63.36,-62.55,-66.03,-50.61,-42.79,-50.73,-58.58,-45.15,-50.27,-63.98,-48.95,-55.72,-56.11,-50.18,-57.60,2026-07-09 11:14:04+00:00
2026-07-09T11:15:04+00:00,-47.03,-55.48,-61.89,-61.32,-65.98,-50.07,-42.53,-50.66,-56.36,-44.98,-50.16,-63.18,-48.76,-55.86,-55.89,-50.03,-57.65,2026-07-09 11:15:04+00:00
2026-07-09T11:16:03+00:00,-45.81,-55.67,-60.77,-62.19,-65.74,-50.06,-42.69,-53.83,-54.64,-45.40,-50.23,-63.00,-48.43,-55.54,-55.60,-50.15,-57.75,2026-07-09 11:16:03+00:00
2026-07-09T11:17:03+00:00,-46.04,-56.77,-54.04,-62.59,-66.47,-47.76,-42.64,-51.16,-55.78,-45.31,-50.14,-59.21,-48.50,-55.79,-52.64,-50.32,-57.80,2026-07-09 11:17:03+00:00
2026-07-09T11:18:04+00:00,-45.72,-56.47,-53.99,-62.48,-66.14,-47.81,-42.72,-51.15,-53.89,-45.21,-49.92,-59.72,-48.42,-55.73,-52.70,-50.28,-57.71,2026-07-09 11:18:04+00:00
2026-07-09T11:19:04+00:00,-46.54,-57.16,-54.52,-62.61,-66.63,-47.69,-42.54,-51.26,-53.37,-45.24,-50.29,-60.12,-48.75,-55.62,-52.48,-50.29,-57.87,2026-07-09 11:19:04+00:00
2026-07-09T11:20:03+00:00,-47.37,-56.82,-56.59,-62.35,-66.75,-45.93,-42.85,-51.08,-51.90,-45.27,-49.90,-61.69,-48.35,-55.53,-55.72,-50.33,-57.68,2026-07-09 11:20:03+00:00
2026-07-09T11:21:03+00:00,-46.91,-57.37,-58.23,-62.11,-66.31,-45.91,-42.42,-51.51,-50.77,-45.49,-49.91,-62.68,-48.18,-55.38,-55.63,-50.36,-56.45,2026-07-09 11:21:03+00:00
2026-07-09T11:22:04+00:00,-46.87,-57.11,-58.51,-62.56,-66.48,-45.93,-42.59,-50.89,-50.87,-45.09,-50.09,-62.77,-47.82,-55.43,-55.75,-50.27,-57.75,2026-07-09 11:22:04+00:00
2026-07-09T11:23:04+00:00,-45.71,-57.66,-58.52,-62.44,-65.38,-45.80,-42.68,-51.06,-50.65,-45.35,-50.15,-62.39,-48.03,-55.52,-56.13,-50.17,-57.71,2026-07-09 11:23:04+00:00
2026-07-09T11:24:03+00:00,-46.03,-57.53,-57.70,-62.37,-66.40,-45.74,-42.60,-50.60,-51.15,-45.11,-50.18,-61.87,-48.01,-55.37,-55.74,-50.25,-58.04,2026-07-09 11:24:03+00:00
2026-07-09T11:25:03+00:00,-46.58,-55.97,-54.54,-62.49,-65.67,-45.89,-42.33,-50.51,-53.14,-45.22,-50.17,-60.15,-48.60,-55.16,-51.27,-50.15,-58.39,2026-07-09 11:25:03+00:00
2026-07-09T11:26:03+00:00,-46.69,-55.94,-54.38,-62.33,-66.30,-46.12,-42.43,-50.52,-53.20,-45.45,-50.21,-60.39,-48.55,-55.33,-51.39,-50.36,-58.27,2026-07-09 11:26:03+00:00
2026-07-09T11:27:03+00:00,-45.87,-55.94,-51.24,-62.26,-66.60,-46.23,-42.36,-50.47,-54.26,-45.21,-50.07,-56.90,-48.81,-55.05,-55.57,-50.48,-58.50,2026-07-09 11:27:03+00:00
2026-07-09T11:28:04+00:00,-46.56,-56.07,-51.25,-62.25,-65.91,-46.27,-42.54,-50.52,-54.11,-44.99,-50.16,-56.89,-48.72,-55.15,-55.87,-50.35,-58.23,2026-07-09 11:28:04+00:00
2026-07-09T11:29:04+00:00,-47.82,-56.11,-49.90,-61.23,-66.33,-46.29,-42.41,-50.52,-54.14,-45.16,-49.99,-56.10,-48.79,-55.14,-55.57,-50.15,-58.43,2026-07-09 11:29:04+00:00
2026-07-09T11:30:03+00:00,-48.32,-56.21,-54.57,-62.18,-66.39,-46.47,-42.22,-50.36,-54.42,-45.14,-50.21,-59.05,-48.88,-55.16,-55.86,-50.40,-58.38,2026-07-09 11:30:03+00:00
2026-07-09T11:31:03+00:00,-45.20,-55.89,-55.51,-62.19,-65.76,-46.74,-42.44,-50.29,-54.43,-45.14,-50.17,-59.59,-48.82,-55.28,-55.94,-50.15,-57.22,2026-07-09 11:31:03+00:00
2026-07-09T11:32:03+00:00,-47.94,-55.55,-56.18,-62.23,-65.80,-46.22,-42.57,-50.43,-51.75,-45.18,-50.07,-59.36,-48.16,-55.14,-54.44,-50.21,-58.22,2026-07-09 11:32:03+00:00
2026-07-09T11:33:03+00:00,-47.79,-55.92,-55.69,-62.41,-66.20,-46.27,-42.32,-50.53,-53.34,-45.06,-49.73,-58.70,-48.31,-55.12,-54.17,-50.23,-58.53,2026-07-09 11:33:03+00:00
2026-07-09T11:34:04+00:00,-47.08,-55.24,-61.40,-61.60,-65.90,-43.56,-42.75,-50.42,-54.74,-45.12,-49.60,-59.35,-48.54,-55.19,-55.20,-49.96,-58.06,2026-07-09 11:34:04+00:00
2026-07-09T11:35:03+00:00,-47.56,-55.80,-62.00,-61.58,-65.73,-43.54,-42.53,-50.47,-54.64,-45.09,-49.92,-60.96,-48.63,-55.15,-55.80,-49.85,-58.37,2026-07-09 11:35:03+00:00
2026-07-09T11:36:04+00:00,-47.33,-55.87,-62.09,-61.64,-65.10,-43.55,-42.67,-50.43,-54.57,-44.97,-49.77,-62.28,-48.55,-55.20,-55.58,-49.77,-58.17,2026-07-09 11:36:04+00:00
2026-07-09T11:37:04+00:00,-47.71,-55.74,-61.58,-61.99,-65.66,-43.63,-42.64,-50.41,-54.68,-44.97,-49.88,-61.26,-48.61,-55.09,-55.47,-49.62,-57.24,2026-07-09 11:37:04+00:00
2026-07-09T11:38:03+00:00,-48.22,-56.18,-61.04,-62.11,-65.80,-43.60,-42.67,-50.37,-54.00,-44.85,-49.56,-60.10,-48.56,-54.98,-55.03,-49.91,-57.26,2026-07-09 11:38:03+00:00
2026-07-09T11:39:03+00:00,-45.80,-55.41,-62.56,-61.40,-65.75,-43.58,-42.78,-50.39,-56.95,-45.12,-49.88,-59.78,-48.90,-55.14,-55.36,-50.10,-56.67,2026-07-09 11:39:03+00:00
2026-07-09T11:40:04+00:00,-46.37,-55.78,-65.29,-61.91,-66.27,-43.84,-42.97,-50.61,-57.32,-44.98,-49.65,-61.79,-49.08,-54.90,-55.71,-50.26,-57.55,2026-07-09 11:40:04+00:00
2026-07-09T11:41:04+00:00,-46.31,-56.03,-65.83,-61.99,-65.86,-43.68,-42.71,-50.44,-57.77,-45.18,-49.63,-60.58,-49.01,-55.07,-55.61,-50.14,-57.40,2026-07-09 11:41:04+00:00
2026-07-09T11:42:03+00:00,-46.93,-55.73,-64.98,-61.80,-66.54,-43.83,-42.59,-50.58,-57.68,-44.85,-49.46,-61.24,-49.15,-54.88,-55.47,-50.16,-57.25,2026-07-09 11:42:03+00:00
2026-07-09T11:43:04+00:00,-46.86,-55.35,-50.63,-62.33,-66.97,-43.57,-42.59,-50.37,-57.56,-44.89,-49.88,-59.70,-49.01,-54.35,-55.74,-50.25,-57.49,2026-07-09 11:43:04+00:00
2026-07-09T11:44:04+00:00,-47.05,-55.55,-49.54,-61.86,-66.40,-43.71,-42.52,-50.45,-57.53,-44.93,-49.81,-58.15,-48.91,-54.55,-55.85,-50.31,-57.26,2026-07-09 11:44:04+00:00
2026-07-09T11:45:03+00:00,-46.33,-55.67,-51.88,-61.68,-66.66,-43.60,-42.38,-50.37,-57.82,-44.86,-49.86,-60.92,-49.48,-54.86,-55.63,-50.40,-57.28,2026-07-09 11:45:03+00:00
2026-07-09T11:46:03+00:00,-46.45,-55.54,-52.96,-62.19,-65.30,-43.77,-42.38,-50.36,-57.61,-44.63,-49.64,-61.41,-49.36,-54.90,-55.99,-50.42,-57.45,2026-07-09 11:46:03+00:00
2026-07-09T11:47:04+00:00,-46.38,-55.94,-51.58,-62.16,-65.48,-43.46,-42.23,-49.81,-57.46,-45.74,-48.78,-60.73,-49.47,-54.68,-55.54,-50.34,-57.25,2026-07-09 11:47:04+00:00
2026-07-09T11:48:04+00:00,-45.96,-56.19,-54.35,-62.31,-65.74,-43.54,-42.47,-50.50,-54.77,-45.77,-49.92,-58.88,-49.02,-55.15,-51.47,-50.87,-57.22,2026-07-09 11:48:04+00:00
2026-07-09T11:49:03+00:00,-45.41,-56.01,-54.42,-62.54,-67.17,-43.62,-42.64,-50.51,-54.90,-45.70,-50.01,-59.11,-49.12,-55.24,-51.50,-50.99,-57.32,2026-07-09 11:49:03+00:00
2026-07-09T11:50:03+00:00,-46.80,-55.91,-58.96,-62.17,-67.03,-44.11,-42.45,-51.00,-51.77,-45.50,-49.37,-62.40,-48.16,-55.14,-55.37,-51.16,-57.25,2026-07-09 11:50:03+00:00
2026-07-09T11:51:04+00:00,-46.90,-55.66,-59.08,-62.19,-67.08,-44.45,-42.35,-50.30,-51.76,-45.74,-49.61,-62.45,-48.11,-55.06,-55.31,-50.97,-58.12,2026-07-09 11:51:04+00:00
2026-07-09T11:52:04+00:00,-46.99,-56.28,-60.53,-62.10,-65.83,-44.43,-42.59,-50.38,-52.78,-45.53,-49.87,-62.92,-48.32,-55.17,-55.13,-51.07,-58.36,2026-07-09 11:52:04+00:00
2026-07-09T11:53:04+00:00,-46.78,-57.43,-60.40,-62.28,-66.43,-44.82,-42.52,-51.08,-52.49,-45.42,-49.53,-63.18,-48.27,-55.22,-55.30,-51.36,-58.56,2026-07-09 11:53:04+00:00
2026-07-09T11:54:03+00:00,-46.32,-57.96,-57.95,-62.41,-66.90,-44.28,-42.57,-51.32,-52.01,-45.49,-49.74,-62.56,-48.28,-55.10,-55.67,-51.23,-58.53,2026-07-09 11:54:03+00:00
2026-07-09T11:55:03+00:00,-47.49,-57.58,-57.93,-62.65,-65.34,-43.93,-42.57,-51.41,-52.31,-45.41,-49.99,-62.54,-48.06,-55.03,-55.42,-51.19,-58.31,2026-07-09 11:55:03+00:00
2026-07-09T11:56:04+00:00,-48.01,-57.64,-54.10,-62.16,-66.03,-43.34,-42.51,-51.36,-51.80,-45.35,-50.00,-62.62,-47.85,-55.01,-54.81,-51.57,-57.99,2026-07-09 11:56:04+00:00
2026-07-09T11:57:04+00:00,-48.16,-57.60,-61.98,-61.67,-65.49,-43.31,-42.69,-51.30,-57.05,-45.45,-49.97,-63.24,-48.76,-54.72,-55.51,-51.72,-58.31,2026-07-09 11:57:04+00:00
2026-07-09T11:58:03+00:00,-48.50,-58.30,-62.00,-61.59,-66.24,-43.22,-42.56,-51.19,-56.90,-45.40,-49.52,-63.63,-48.90,-54.71,-55.24,-51.73,-58.14,2026-07-09 11:58:03+00:00
2026-07-09T11:59:03+00:00,-48.36,-56.86,-64.13,-62.20,-66.34,-43.25,-42.67,-50.99,-57.93,-45.58,-49.53,-64.75,-49.02,-54.76,-55.43,-51.83,-58.12,2026-07-09 11:59:03+00:00
2026-07-09T12:00:04+00:00,-48.51,-56.30,-64.35,-62.56,-66.41,-43.34,-42.54,-50.71,-57.98,-45.68,-49.83,-64.58,-49.19,-54.59,-55.59,-51.94,-57.82,2026-07-09 12:00:04+00:00
2026-07-09T12:01:04+00:00,-47.99,-56.53,-64.37,-62.39,-66.60,-43.56,-42.62,-49.90,-57.64,-45.55,-49.47,-65.02,-50.91,-54.44,-55.25,-52.03,-57.94,2026-07-09 12:01:04+00:00
2026-07-09T12:02:03+00:00,-48.36,-56.24,-60.27,-62.21,-66.06,-43.07,-42.55,-50.00,-52.73,-45.65,-49.51,-63.68,-52.06,-54.59,-55.05,-52.42,-57.95,2026-07-09 12:02:03+00:00
2026-07-09T12:03:03+00:00,-47.75,-56.55,-60.31,-62.37,-66.31,-42.94,-42.63,-49.98,-51.63,-45.52,-49.34,-63.59,-52.15,-54.40,-54.91,-51.99,-58.01,2026-07-09 12:03:03+00:00
2026-07-09T12:04:04+00:00,-47.65,-55.72,-59.84,-61.83,-66.55,-42.95,-42.54,-50.06,-51.31,-45.47,-49.45,-63.29,-51.40,-54.28,-55.09,-51.89,-58.11,2026-07-09 12:04:04+00:00
2026-07-09T12:05:03+00:00,-47.98,-56.02,-59.59,-62.30,-66.02,-43.06,-42.44,-50.08,-51.22,-45.43,-49.49,-63.13,-51.47,-54.31,-54.85,-52.14,-58.20,2026-07-09 12:05:03+00:00
2026-07-09T12:06:03+00:00,-48.04,-55.42,-62.64,-62.05,-66.39,-43.40,-42.57,-50.13,-53.44,-45.60,-49.35,-64.02,-53.20,-54.35,-55.00,-52.16,-58.15,2026-07-09 12:06:03+00:00
2026-07-09T12:07:04+00:00,-48.32,-55.14,-62.08,-61.62,-66.14,-43.07,-42.47,-50.01,-52.97,-45.60,-49.65,-64.03,-52.68,-54.13,-55.54,-52.43,-58.04,2026-07-09 12:07:04+00:00
2026-07-09T12:08:04+00:00,-47.78,-53.78,-60.96,-62.33,-66.16,-43.15,-42.67,-50.12,-51.79,-45.57,-49.46,-63.56,-51.65,-54.23,-54.97,-52.10,-58.09,2026-07-09 12:08:04+00:00
2026-07-09T12:09:03+00:00,-48.19,-54.29,-60.25,-62.18,-66.04,-42.34,-42.67,-50.14,-51.08,-45.56,-49.32,-62.40,-51.28,-53.95,-55.30,-52.00,-57.97,2026-07-09 12:09:03+00:00
2026-07-09T12:10:03+00:00,-47.87,-52.30,-60.28,-62.27,-67.10,-41.85,-42.51,-50.19,-50.98,-45.61,-49.65,-61.95,-51.18,-54.15,-55.13,-52.27,-56.57,2026-07-09 12:10:03+00:00
2026-07-09T12:11:04+00:00,-47.31,-52.26,-56.57,-62.66,-65.70,-43.01,-42.36,-50.17,-51.68,-45.75,-49.57,-60.38,-51.70,-54.34,-54.37,-52.31,-57.87,2026-07-09 12:11:04+00:00
2026-07-09T12:12:04+00:00,-47.08,-53.84,-51.28,-62.09,-66.62,-43.19,-42.53,-50.18,-53.91,-45.71,-49.40,-56.78,-53.20,-54.14,-55.59,-52.21,-57.85,2026-07-09 12:12:04+00:00
2026-07-09T12:13:03+00:00,-47.29,-53.52,-54.05,-62.20,-66.44,-43.97,-42.18,-50.15,-53.11,-45.67,-49.44,-59.22,-52.40,-54.31,-52.51,-52.40,-57.90,2026-07-09 12:13:03+00:00
2026-07-09T12:14:03+00:00,-47.64,-54.75,-55.09,-62.23,-66.37,-43.34,-42.30,-50.17,-52.56,-45.89,-49.29,-60.14,-52.33,-54.00,-52.00,-51.94,-57.86,2026-07-09 12:14:03+00:00
2026-07-09T12:15:04+00:00,-47.54,-54.71,-55.78,-62.79,-65.36,-43.21,-42.41,-50.19,-52.01,-45.80,-49.32,-60.46,-51.72,-54.11,-53.75,-52.06,-57.84,2026-07-09 12:15:04+00:00
2026-07-09T12:16:04+00:00,-47.57,-54.28,-55.86,-62.09,-66.39,-43.19,-42.66,-50.26,-52.18,-45.74,-49.38,-60.07,-51.50,-54.07,-53.29,-51.85,-56.89,2026-07-09 12:16:04+00:00
2026-07-09T12:17:03+00:00,-47.49,-54.04,-55.73,-62.21,-66.14,-43.82,-42.38,-50.21,-52.51,-45.81,-49.26,-59.76,-51.73,-53.78,-53.38,-51.86,-57.23,2026-07-09 12:17:03+00:00
2026-07-09T12:18:03+00:00,-48.03,-54.26,-55.63,-62.62,-66.53,-42.90,-42.48,-50.34,-54.01,-45.84,-49.40,-59.60,-51.80,-53.87,-53.28,-51.57,-57.94,2026-07-09 12:18:03+00:00
2026-07-09T12:19:04+00:00,-47.57,-53.78,-55.64,-62.36,-66.40,-42.82,-42.54,-50.29,-53.94,-45.64,-49.13,-59.43,-51.88,-53.95,-53.36,-51.67,-57.76,2026-07-09 12:19:04+00:00
2026-07-09T12:20:04+00:00,-47.98,-54.19,-50.72,-62.09,-65.72,-49.87,-42.40,-50.29,-56.64,-45.79,-49.09,-56.18,-52.82,-53.67,-55.61,-51.10,-54.37,2026-07-09 12:20:04+00:00
2026-07-09T12:21:03+00:00,-48.32,-54.20,-49.78,-61.13,-66.44,-50.11,-42.45,-50.26,-57.04,-45.63,-49.21,-57.48,-52.96,-53.32,-55.81,-51.20,-53.93,2026-07-09 12:21:03+00:00
2026-07-09T12:22:03+00:00,-47.83,-54.00,-49.66,-61.82,-65.93,-50.00,-42.47,-50.33,-57.21,-45.88,-48.98,-57.91,-53.34,-53.55,-55.80,-51.24,-54.70,2026-07-09 12:22:03+00:00
2026-07-09T12:23:04+00:00,-47.77,-54.04,-54.30,-62.49,-65.87,-49.69,-42.49,-50.29,-55.17,-45.57,-49.15,-58.92,-52.12,-53.62,-52.47,-51.09,-54.01,2026-07-09 12:23:04+00:00
2026-07-09T12:24:04+00:00,-47.78,-53.80,-55.63,-62.33,-66.05,-49.65,-42.51,-50.34,-54.51,-45.72,-49.21,-59.85,-52.24,-53.36,-52.90,-50.99,-54.05,2026-07-09 12:24:04+00:00
2026-07-09T12:25:04+00:00,-46.42,-54.11,-54.73,-62.35,-66.00,-49.63,-42.47,-50.34,-54.47,-45.88,-49.13,-59.06,-52.27,-53.24,-52.45,-50.81,-54.71,2026-07-09 12:25:04+00:00
2026-07-09T12:26:03+00:00,-46.45,-53.48,-52.75,-62.25,-65.87,-49.79,-42.39,-50.37,-56.15,-45.67,-49.22,-57.60,-52.75,-53.37,-55.40,-50.65,-54.09,2026-07-09 12:26:03+00:00
2026-07-09T12:27:03+00:00,-46.57,-53.74,-52.90,-62.23,-65.29,-49.69,-42.54,-50.32,-55.67,-45.56,-49.08,-57.68,-52.66,-53.22,-55.17,-50.83,-54.68,2026-07-09 12:27:03+00:00
2026-07-09T12:28:03+00:00,-46.42,-53.59,-53.85,-62.51,-66.82,-49.57,-42.41,-50.45,-55.44,-45.74,-48.99,-58.40,-52.35,-53.34,-53.36,-50.75,-54.67,2026-07-09 12:28:03+00:00
2026-07-09T12:29:04+00:00,-46.43,-53.82,-53.18,-62.26,-65.97,-49.57,-42.53,-50.43,-55.40,-45.76,-48.97,-57.79,-52.51,-53.41,-54.94,-50.73,-54.69,2026-07-09 12:29:04+00:00
2026-07-09T12:30:04+00:00,-47.11,-52.92,-57.00,-62.54,-66.07,-49.42,-42.26,-50.30,-53.06,-45.66,-48.99,-60.39,-51.48,-53.35,-55.16,-50.93,-54.77,2026-07-09 12:30:04+00:00
2026-07-09T12:31:04+00:00,-46.19,-53.22,-59.47,-62.22,-65.76,-49.64,-42.69,-50.44,-51.69,-45.84,-49.16,-61.26,-50.86,-53.15,-55.05,-50.83,-54.77,2026-07-09 12:31:04+00:00
2026-07-09T12:32:04+00:00,-46.20,-53.32,-61.18,-62.14,-66.61,-49.64,-42.57,-50.43,-53.01,-45.79,-49.12,-61.79,-51.71,-53.42,-55.07,-50.97,-54.81,2026-07-09 12:32:04+00:00
2026-07-09T12:33:04+00:00,-46.36,-53.10,-64.72,-62.39,-66.04,-50.47,-42.87,-50.33,-57.33,-45.73,-49.05,-62.25,-52.98,-53.48,-55.05,-50.95,-55.02,2026-07-09 12:33:04+00:00
2026-07-09T12:34:03+00:00,-47.01,-52.60,-64.49,-61.58,-65.99,-50.29,-42.74,-50.36,-57.12,-45.67,-49.10,-61.97,-52.99,-53.76,-55.53,-51.46,-54.90,2026-07-09 12:34:03+00:00
2026-07-09T12:35:03+00:00,-46.65,-52.66,-63.98,-61.25,-65.97,-50.25,-42.50,-50.36,-57.06,-45.65,-49.04,-62.21,-53.04,-53.69,-54.99,-51.16,-54.90,2026-07-09 12:35:03+00:00
2026-07-09T12:36:04+00:00,-47.30,-52.81,-63.68,-61.29,-66.22,-50.16,-42.64,-50.31,-56.52,-45.53,-49.17,-62.24,-53.02,-53.73,-55.24,-51.72,-54.65,2026-07-09 12:36:04+00:00
2026-07-09T12:37:04+00:00,-47.22,-52.83,-63.66,-61.06,-65.68,-50.23,-42.69,-50.30,-56.53,-45.64,-48.83,-62.34,-52.92,-53.85,-55.35,-51.56,-53.80,2026-07-09 12:37:04+00:00
2026-07-09T12:38:03+00:00,-47.08,-52.79,-63.75,-61.35,-65.90,-50.21,-42.65,-50.32,-56.64,-45.58,-49.24,-62.67,-53.04,-54.07,-55.38,-51.54,-53.83,2026-07-09 12:38:03+00:00
2026-07-09T12:39:03+00:00,-47.19,-52.82,-60.66,-62.18,-66.01,-49.65,-42.66,-50.32,-52.87,-45.54,-49.12,-62.12,-51.43,-54.15,-55.01,-51.47,-54.05,2026-07-09 12:39:03+00:00
2026-07-09T12:40:04+00:00,-49.06,-52.72,-60.68,-62.27,-66.00,-49.58,-42.63,-50.36,-52.67,-45.68,-49.10,-62.32,-51.32,-54.50,-55.23,-51.57,-54.59,2026-07-09 12:40:04+00:00
2026-07-09T12:41:03+00:00,-48.85,-57.11,-60.45,-62.11,-65.67,-49.16,-42.74,-50.42,-52.93,-45.72,-49.35,-61.81,-51.32,-54.55,-55.19,-51.67,-54.74,2026-07-09 12:41:03+00:00
2026-07-09T12:42:03+00:00,-48.93,-56.42,-59.72,-62.33,-66.54,-49.23,-42.31,-50.37,-52.02,-45.78,-48.98,-61.75,-51.09,-54.72,-55.00,-52.02,-54.28,2026-07-09 12:42:03+00:00
2026-07-09T12:43:04+00:00,-48.70,-56.96,-59.87,-62.21,-65.23,-45.49,-42.37,-50.28,-52.33,-45.71,-49.02,-61.73,-51.02,-54.81,-54.49,-52.21,-54.73,2026-07-09 12:43:04+00:00
2026-07-09T12:44:04+00:00,-48.85,-56.59,-60.05,-62.35,-66.83,-47.43,-42.62,-50.46,-52.31,-45.63,-49.03,-61.28,-51.36,-54.70,-55.35,-52.44,-54.21,2026-07-09 12:44:04+00:00
2026-07-09T12:45:03+00:00,-49.01,-56.32,-58.61,-62.58,-65.66,-47.05,-42.63,-51.07,-51.58,-43.44,-42.41,-61.43,-50.78,-54.96,-54.88,-52.52,-54.64,2026-07-09 12:45:03+00:00
2026-07-09T12:46:03+00:00,-48.58,-56.72,-58.98,-62.21,-65.82,-43.22,-42.22,-51.26,-51.79,-45.73,-49.15,-61.51,-50.51,-55.09,-54.78,-52.38,-54.06,2026-07-09 12:46:03+00:00
2026-07-09T12:47:04+00:00,-47.97,-56.38,-58.85,-62.22,-66.09,-43.23,-42.62,-51.11,-51.16,-45.57,-49.33,-61.18,-50.61,-55.24,-54.83,-52.11,-54.38,2026-07-09 12:47:04+00:00
2026-07-09T12:48:04+00:00,-48.12,-56.47,-57.62,-62.38,-65.71,-43.10,-42.36,-51.16,-51.08,-45.66,-49.10,-61.35,-50.96,-55.23,-54.70,-52.22,-54.54,2026-07-09 12:48:04+00:00
2026-07-09T12:49:03+00:00,-47.90,-56.40,-56.66,-62.61,-66.31,-43.15,-42.33,-51.12,-51.48,-45.80,-48.96,-60.68,-50.98,-55.13,-55.48,-51.97,-53.73,2026-07-09 12:49:03+00:00
2026-07-09T12:50:03+00:00,-47.56,-56.55,-56.67,-62.19,-66.30,-43.22,-42.38,-51.18,-50.58,-45.69,-49.05,-61.02,-51.07,-55.29,-55.01,-51.97,-54.43,2026-07-09 12:50:03+00:00
2026-07-09T12:51:04+00:00,-47.44,-56.62,-55.77,-62.24,-65.70,-43.25,-42.40,-51.27,-50.97,-45.71,-48.89,-60.27,-51.59,-55.35,-54.41,-52.25,-53.86,2026-07-09 12:51:04+00:00
2026-07-09T12:52:03+00:00,-48.24,-56.81,-52.72,-62.16,-65.31,-43.33,-42.36,-51.35,-52.39,-45.82,-49.07,-58.02,-52.47,-54.97,-54.27,-52.02,-54.12,2026-07-09 12:52:03+00:00
2026-07-09T12:53:03+00:00,-48.56,-56.30,-49.75,-61.60,-65.17,-43.39,-42.37,-51.21,-52.68,-45.65,-48.96,-56.02,-53.28,-55.01,-55.09,-51.95,-53.88,2026-07-09 12:53:03+00:00
2026-07-09T12:54:04+00:00,-48.36,-56.51,-49.52,-61.18,-66.08,-43.46,-42.11,-51.08,-52.67,-45.76,-49.03,-56.34,-53.18,-54.78,-55.38,-51.81,-54.34,2026-07-09 12:54:04+00:00
2026-07-09T12:55:04+00:00,-48.40,-54.60,-51.49,-61.94,-65.91,-43.50,-42.14,-50.94,-53.09,-45.60,-49.33,-61.98,-53.51,-54.66,-55.52,-51.74,-54.20,2026-07-09 12:55:04+00:00
2026-07-09T12:56:03+00:00,-48.56,-56.89,-51.43,-61.36,-66.54,-43.20,-42.23,-50.99,-53.17,-45.79,-48.97,-61.59,-53.52,-54.44,-55.49,-51.06,-54.88,2026-07-09 12:56:03+00:00
2026-07-09T12:57:03+00:00,-48.16,-55.69,-51.42,-61.60,-65.90,-43.50,-42.19,-51.00,-53.06,-45.66,-49.24,-62.09,-53.48,-54.61,-55.55,-51.42,-54.51,2026-07-09 12:57:03+00:00
2026-07-09T12:58:04+00:00,-48.16,-55.35,-51.44,-61.83,-66.23,-43.75,-42.32,-50.87,-53.00,-45.76,-49.20,-62.01,-53.40,-54.43,-55.42,-51.02,-54.09,2026-07-09 12:58:04+00:00
2026-07-09T12:59:04+00:00,-48.08,-55.08,-51.38,-61.88,-66.36,-43.49,-42.10,-50.75,-53.17,-46.00,-49.08,-62.36,-53.58,-54.34,-55.46,-51.02,-54.75,2026-07-09 12:59:04+00:00
2026-07-09T13:00:03+00:00,-48.33,-55.06,-51.97,-61.80,-65.76,-43.54,-42.41,-50.72,-53.30,-45.92,-41.74,-62.65,-53.64,-54.35,-55.67,-51.17,-51.42,2026-07-09 13:00:03+00:00
2026-07-09T13:01:04+00:00,-47.24,-55.55,-50.34,-62.01,-65.97,-43.86,-42.19,-50.76,-53.13,-46.18,-49.57,-61.06,-53.54,-53.94,-55.44,-50.86,-52.29,2026-07-09 13:01:04+00:00
2026-07-09T13:02:03+00:00,-48.31,-56.24,-50.62,-61.85,-66.03,-43.57,-42.55,-50.88,-54.39,-46.31,-49.72,-56.76,-53.21,-54.53,-55.45,-50.60,-52.45,2026-07-09 13:02:03+00:00
2026-07-09T13:03:04+00:00,-48.46,-56.38,-56.57,-62.07,-66.20,-43.51,-42.36,-50.92,-51.27,-46.16,-49.66,-61.94,-51.24,-54.67,-54.99,-50.50,-52.67,2026-07-09 13:03:04+00:00
2026-07-09T13:04:04+00:00,-48.21,-56.54,-56.34,-62.39,-65.80,-43.47,-42.50,-50.89,-51.26,-46.12,-49.55,-61.82,-51.43,-54.81,-55.04,-50.48,-54.77,2026-07-09 13:04:04+00:00
2026-07-09T13:05:03+00:00,-48.02,-56.75,-55.43,-62.14,-65.19,-43.54,-42.49,-50.94,-51.83,-46.26,-49.54,-61.14,-51.68,-55.04,-54.17,-50.45,-54.89,2026-07-09 13:05:03+00:00
2026-07-09T13:06:04+00:00,-48.52,-56.77,-56.60,-62.18,-65.44,-43.40,-42.78,-51.02,-51.38,-46.09,-49.36,-61.75,-51.30,-55.33,-55.02,-50.33,-54.81,2026-07-09 13:06:04+00:00
2026-07-09T13:07:04+00:00,-47.90,-56.14,-52.78,-62.04,-65.47,-43.43,-42.20,-51.05,-53.59,-46.24,-49.52,-58.30,-52.56,-55.42,-54.32,-50.36,-54.86,2026-07-09 13:07:04+00:00
2026-07-09T13:08:04+00:00,-47.35,-55.91,-50.66,-61.88,-65.95,-43.34,-42.33,-51.06,-55.94,-46.32,-49.51,-56.38,-52.97,-55.77,-55.85,-50.24,-54.72,2026-07-09 13:08:04+00:00
2026-07-09T13:09:03+00:00,-47.06,-56.18,-52.39,-61.74,-65.44,-43.80,-42.39,-50.81,-55.83,-46.16,-49.41,-62.58,-53.78,-55.74,-56.53,-50.28,-54.77,2026-07-09 13:09:03+00:00
2026-07-09T13:10:04+00:00,-46.16,-56.69,-52.32,-62.13,-65.76,-43.92,-42.23,-50.77,-54.97,-46.11,-49.45,-62.68,-53.70,-56.05,-56.01,-49.97,-54.77,2026-07-09 13:10:04+00:00
2026-07-09T13:11:04+00:00,-46.94,-52.78,-55.85,-62.12,-66.21,-43.91,-42.47,-50.69,-54.57,-45.80,-45.98,-63.90,-53.68,-56.21,-55.42,-50.20,-53.60,2026-07-09 13:11:04+00:00
2026-07-09T13:12:03+00:00,-47.35,-52.64,-53.57,-61.98,-65.48,-43.87,-42.49,-50.85,-54.56,-45.85,-49.54,-63.85,-56.63,-56.42,-55.93,-49.93,-54.40,2026-07-09 13:12:03+00:00
2026-07-09T13:13:03+00:00,-45.35,-53.17,-49.65,-61.49,-66.23,-43.60,-42.18,-50.90,-52.77,-46.13,-49.75,-59.34,-54.81,-56.16,-55.29,-49.89,-54.44,2026-07-09 13:13:03+00:00
2026-07-09T13:14:04+00:00,-46.15,-53.78,-51.10,-62.05,-65.72,-43.66,-42.41,-50.91,-54.79,-46.18,-49.78,-62.12,-56.48,-56.60,-55.68,-50.09,-54.42,2026-07-09 13:14:04+00:00
2026-07-09T13:15:04+00:00,-45.88,-53.95,-61.40,-62.31,-66.17,-43.56,-42.64,-50.94,-52.33,-45.87,-49.62,-64.77,-54.34,-56.85,-55.41,-49.55,-54.49,2026-07-09 13:15:04+00:00
2026-07-09T13:16:03+00:00,-45.69,-53.51,-55.74,-62.29,-65.47,-43.48,-42.60,-50.98,-51.84,-45.89,-49.56,-61.80,-53.43,-56.94,-54.61,-49.67,-54.36,2026-07-09 13:16:03+00:00
2026-07-09T13:17:03+00:00,-45.41,-52.72,-55.90,-62.25,-66.57,-43.40,-42.60,-50.89,-51.82,-45.89,-49.73,-61.76,-53.33,-56.94,-54.31,-49.69,-54.01,2026-07-09 13:17:03+00:00
2026-07-09T13:18:04+00:00,-45.29,-52.62,-57.84,-62.37,-66.41,-43.42,-42.54,-51.07,-50.51,-45.80,-49.63,-63.11,-52.40,-57.51,-55.37,-49.79,-54.60,2026-07-09 13:18:04+00:00
2026-07-09T13:19:04+00:00,-45.54,-52.79,-59.93,-61.97,-66.09,-49.30,-42.64,-51.01,-51.00,-45.76,-49.65,-64.09,-52.64,-57.40,-55.42,-49.49,-54.62,2026-07-09 13:19:04+00:00
2026-07-09T13:20:03+00:00,-46.17,-52.83,-59.56,-62.71,-66.74,-49.54,-42.62,-50.90,-50.94,-45.96,-49.79,-63.97,-52.33,-57.60,-55.63,-49.41,-54.76,2026-07-09 13:20:03+00:00
2026-07-09T13:21:03+00:00,-45.67,-52.93,-59.57,-62.00,-65.51,-49.16,-42.52,-50.93,-51.17,-46.03,-49.56,-64.08,-52.52,-57.64,-55.37,-49.46,-53.91,2026-07-09 13:21:03+00:00
2026-07-09T13:22:04+00:00,-45.98,-52.40,-57.88,-62.09,-65.98,-49.56,-42.66,-50.95,-50.55,-46.05,-49.79,-63.59,-52.27,-58.04,-55.81,-49.36,-53.87,2026-07-09 13:22:04+00:00
2026-07-09T13:23:04+00:00,-45.79,-52.64,-57.80,-62.26,-66.45,-49.35,-42.68,-51.02,-50.63,-45.88,-49.95,-63.23,-52.21,-57.97,-55.72,-49.33,-54.38,2026-07-09 13:23:04+00:00
2026-07-09T13:24:03+00:00,-46.13,-52.84,-58.37,-62.28,-65.87,-49.52,-42.61,-51.04,-50.54,-45.90,-49.59,-63.44,-52.42,-58.00,-55.18,-49.20,-54.68,2026-07-09 13:24:03+00:00
2026-07-09T13:25:04+00:00,-47.35,-52.14,-58.99,-62.07,-66.43,-49.64,-42.75,-50.92,-50.93,-46.03,-49.53,-63.88,-52.40,-58.10,-55.31,-49.11,-54.57,2026-07-09 13:25:04+00:00
2026-07-09T13:26:04+00:00,-46.21,-55.08,-58.88,-62.51,-65.53,-49.83,-42.74,-51.03,-50.86,-46.01,-49.63,-63.79,-52.50,-58.30,-55.25,-49.23,-54.54,2026-07-09 13:26:04+00:00
2026-07-09T13:27:04+00:00,-45.56,-54.27,-60.19,-62.35,-66.33,-49.11,-42.50,-51.01,-51.46,-46.15,-49.70,-64.62,-52.98,-58.23,-55.11,-49.05,-54.46,2026-07-09 13:27:04+00:00
2026-07-09T13:28:03+00:00,-47.22,-53.97,-60.31,-62.42,-65.14,-49.55,-42.64,-51.06,-51.49,-46.04,-49.74,-64.91,-52.72,-58.21,-55.50,-48.71,-54.64,2026-07-09 13:28:03+00:00
2026-07-09T13:29:03+00:00,-47.32,-53.04,-60.56,-62.57,-66.33,-49.25,-42.70,-50.96,-51.70,-46.07,-49.43,-64.63,-52.89,-58.05,-55.01,-48.90,-54.49,2026-07-09 13:29:03+00:00
2026-07-09T13:30:04+00:00,-47.26,-53.64,-61.53,-61.90,-65.49,-49.63,-42.63,-51.08,-52.56,-46.23,-49.45,-65.11,-54.06,-57.87,-55.31,-48.98,-54.71,2026-07-09 13:30:04+00:00
2026-07-09T13:31:04+00:00,-47.13,-53.57,-66.25,-62.39,-66.35,-50.90,-42.92,-51.04,-56.12,-46.37,-49.60,-65.79,-56.74,-57.73,-55.53,-48.80,-54.02,2026-07-09 13:31:04+00:00
2026-07-09T13:32:04+00:00,-47.21,-53.47,-66.45,-60.55,-65.80,-51.17,-42.87,-51.00,-56.37,-46.23,-49.42,-65.79,-56.74,-57.75,-55.65,-48.79,-54.09,2026-07-09 13:32:04+00:00
2026-07-09T13:33:04+00:00,-47.35,-53.60,-66.99,-60.90,-66.36,-51.00,-42.94,-51.09,-56.23,-46.37,-49.57,-66.26,-56.68,-57.93,-56.01,-49.02,-54.82,2026-07-09 13:33:04+00:00
2026-07-09T13:34:03+00:00,-46.93,-53.34,-66.39,-61.26,-66.35,-50.95,-42.76,-51.10,-56.24,-46.33,-49.55,-66.22,-57.06,-57.92,-55.40,-49.01,-54.83,2026-07-09 13:34:03+00:00
2026-07-09T13:35:03+00:00,-46.49,-53.12,-66.09,-61.54,-67.54,-50.98,-42.86,-51.12,-56.05,-46.24,-49.49,-66.15,-56.94,-57.75,-55.43,-48.81,-53.93,2026-07-09 13:35:03+00:00
2026-07-09T13:36:04+00:00,-46.24,-53.35,-66.58,-60.83,-66.52,-50.87,-42.78,-51.01,-56.17,-46.31,-49.54,-66.00,-57.03,-58.30,-55.91,-48.80,-53.94,2026-07-09 13:36:04+00:00
2026-07-09T13:37:04+00:00,-46.57,-53.67,-66.71,-62.47,-65.77,-50.93,-43.07,-51.12,-55.70,-46.65,-49.41,-66.33,-56.99,-58.35,-55.73,-48.74,-54.54,2026-07-09 13:37:04+00:00
2026-07-09T13:38:03+00:00,-46.47,-53.39,-61.56,-62.08,-65.54,-49.75,-42.76,-50.96,-52.23,-46.50,-49.44,-65.08,-54.02,-58.13,-55.29,-48.58,-54.78,2026-07-09 13:38:03+00:00
2026-07-09T13:39:03+00:00,-46.87,-53.51,-64.27,-61.38,-66.28,-50.31,-42.73,-50.91,-54.73,-46.41,-49.63,-65.45,-56.31,-58.31,-55.75,-48.55,-54.42,2026-07-09 13:39:03+00:00
2026-07-09T13:40:04+00:00,-46.73,-52.81,-68.30,-62.78,-65.17,-51.56,-43.29,-50.89,-55.71,-46.48,-49.32,-66.02,-57.09,-58.12,-56.03,-48.47,-53.97,2026-07-09 13:40:04+00:00
2026-07-09T13:41:04+00:00,-46.20,-53.07,-67.77,-62.10,-66.54,-51.72,-43.24,-50.96,-55.81,-46.49,-49.17,-64.46,-56.81,-58.29,-55.90,-48.58,-54.85,2026-07-09 13:41:04+00:00
2026-07-09T13:42:03+00:00,-46.63,-52.85,-68.44,-62.59,-66.07,-49.24,-43.00,-50.93,-55.66,-46.31,-49.22,-64.98,-57.25,-58.46,-55.52,-48.55,-54.33,2026-07-09 13:42:03+00:00
2026-07-09T13:43:03+00:00,-46.24,-52.03,-68.22,-62.47,-66.99,-48.98,-43.12,-50.92,-56.62,-46.24,-48.67,-66.06,-57.11,-59.04,-55.65,-48.51,-54.20,2026-07-09 13:43:03+00:00
2026-07-09T13:44:04+00:00,-44.16,-53.00,-67.85,-62.30,-66.97,-45.02,-42.55,-50.99,-57.61,-46.15,-48.42,-65.74,-57.17,-59.10,-55.71,-48.49,-54.39,2026-07-09 13:44:04+00:00
2026-07-09T13:45:03+00:00,-45.24,-52.98,-67.76,-62.66,-66.90,-43.87,-43.07,-51.13,-57.73,-46.39,-48.63,-66.08,-56.98,-59.39,-53.57,-48.27,-54.46,2026-07-09 13:45:03+00:00
2026-07-09T13:46:03+00:00,-45.84,-53.12,-67.75,-62.16,-66.26,-43.86,-43.10,-51.16,-57.86,-46.28,-49.26,-66.02,-57.08,-59.64,-56.79,-48.40,-54.03,2026-07-09 13:46:03+00:00
2026-07-09T13:47:04+00:00,-45.94,-52.96,-67.77,-62.42,-66.00,-43.86,-43.19,-51.14,-57.43,-46.16,-49.53,-66.08,-57.01,-59.58,-56.27,-48.53,-53.93,2026-07-09 13:47:04+00:00
2026-07-09T13:48:04+00:00,-46.60,-52.70,-67.96,-62.39,-66.41,-43.85,-43.20,-51.08,-57.89,-46.29,-49.53,-66.76,-57.06,-59.90,-55.84,-48.46,-54.67,2026-07-09 13:48:04+00:00
2026-07-09T13:49:03+00:00,-46.91,-53.35,-68.49,-62.74,-66.09,-43.91,-43.01,-51.12,-58.00,-46.22,-49.52,-66.90,-57.36,-59.89,-56.26,-48.79,-54.54,2026-07-09 13:49:03+00:00
2026-07-09T13:50:03+00:00,-46.75,-52.97,-68.09,-62.44,-66.58,-44.00,-42.80,-51.29,-57.66,-46.31,-49.61,-67.06,-57.25,-60.37,-56.45,-48.60,-52.80,2026-07-09 13:50:03+00:00
2026-07-09T13:51:04+00:00,-45.99,-53.11,-68.14,-62.59,-66.20,-44.02,-42.85,-51.22,-57.43,-46.16,-49.43,-66.77,-57.04,-60.24,-56.56,-48.59,-52.77,2026-07-09 13:51:04+00:00
2026-07-09T13:52:04+00:00,-46.46,-53.14,-68.17,-62.85,-65.82,-44.14,-43.07,-51.07,-59.19,-46.06,-49.55,-66.97,-57.09,-60.58,-55.90,-48.75,-52.79,2026-07-09 13:52:04+00:00
2026-07-09T13:53:03+00:00,-44.93,-53.02,-67.94,-62.64,-65.45,-43.90,-43.06,-50.96,-59.09,-46.22,-49.42,-66.37,-56.99,-60.66,-56.42,-48.46,-52.18,2026-07-09 13:53:03+00:00
2026-07-09T13:54:03+00:00,-44.85,-53.14,-67.75,-62.55,-65.86,-43.92,-42.81,-51.02,-58.73,-46.25,-49.53,-66.60,-57.12,-60.98,-56.14,-48.33,-53.70,2026-07-09 13:54:03+00:00
2026-07-09T13:55:04+00:00,-45.27,-53.52,-67.85,-62.63,-66.55,-44.00,-43.02,-51.02,-57.64,-46.47,-49.54,-66.57,-56.94,-61.24,-56.25,-48.46,-52.72,2026-07-09 13:55:04+00:00
2026-07-09T13:56:04+00:00,-44.23,-53.26,-67.29,-62.35,-66.67,-43.93,-43.02,-51.09,-57.70,-46.10,-49.50,-66.65,-57.02,-60.90,-56.36,-48.42,-54.11,2026-07-09 13:56:04+00:00
2026-07-09T13:57:03+00:00,-45.47,-53.43,-68.04,-62.75,-66.26,-43.90,-43.05,-50.97,-57.10,-46.22,-49.42,-66.91,-57.22,-61.05,-56.18,-48.62,-52.77,2026-07-09 13:57:03+00:00
2026-07-09T13:58:03+00:00,-45.13,-53.53,-68.28,-62.04,-65.96,-44.11,-43.00,-51.01,-57.21,-46.08,-49.64,-66.73,-57.10,-61.29,-56.06,-48.37,-54.38,2026-07-09 13:58:03+00:00
2026-07-09T13:59:04+00:00,-45.68,-53.71,-68.20,-62.69,-66.95,-44.17,-43.20,-50.97,-57.09,-46.35,-49.54,-66.47,-57.18,-61.71,-56.05,-48.56,-52.88,2026-07-09 13:59:04+00:00
2026-07-09T14:00:04+00:00,-45.32,-53.10,-67.85,-62.57,-66.72,-44.48,-42.91,-51.17,-57.09,-46.27,-49.53,-66.46,-56.95,-61.87,-55.95,-48.29,-54.57,2026-07-09 14:00:04+00:00
2026-07-09T14:01:04+00:00,-45.97,-53.45,-68.03,-62.65,-66.13,-43.95,-43.14,-51.16,-57.29,-46.39,-49.58,-66.68,-57.13,-62.28,-55.71,-48.37,-52.83,2026-07-09 14:01:04+00:00
2026-07-09T14:02:04+00:00,-45.40,-53.24,-68.02,-62.91,-66.44,-44.39,-42.92,-51.12,-56.77,-46.31,-49.39,-66.56,-57.14,-62.58,-56.12,-48.29,-52.77,2026-07-09 14:02:04+00:00
2026-07-09T14:03:04+00:00,-45.70,-53.48,-67.77,-62.40,-66.80,-44.25,-42.89,-51.17,-56.27,-46.19,-49.42,-66.56,-57.04,-62.88,-55.76,-48.31,-52.99,2026-07-09 14:03:04+00:00
2026-07-09T14:04:03+00:00,-45.87,-53.34,-67.99,-62.74,-65.81,-44.70,-43.32,-51.17,-56.19,-46.16,-49.57,-66.83,-56.75,-63.30,-55.71,-48.19,-52.96,2026-07-09 14:04:03+00:00
2026-07-09T14:05:03+00:00,-45.82,-53.36,-67.80,-62.63,-66.10,-43.94,-43.17,-50.47,-56.85,-46.13,-49.50,-66.61,-56.95,-63.79,-55.99,-48.16,-54.43,2026-07-09 14:05:03+00:00
2026-07-09T14:06:04+00:00,-45.71,-53.83,-68.14,-62.64,-65.75,-44.41,-43.27,-50.40,-57.16,-46.13,-49.35,-66.71,-56.43,-64.10,-55.71,-48.16,-52.30,2026-07-09 14:06:04+00:00
2026-07-09T14:07:04+00:00,-45.92,-53.46,-68.11,-62.43,-65.73,-44.14,-42.86,-50.51,-56.93,-46.11,-49.42,-66.75,-56.63,-64.21,-55.94,-48.23,-52.86,2026-07-09 14:07:04+00:00
2026-07-09T14:08:03+00:00,-45.26,-53.69,-67.99,-62.60,-66.83,-44.18,-42.58,-50.51,-56.55,-46.14,-49.62,-66.25,-56.61,-64.48,-55.94,-48.44,-52.88,2026-07-09 14:08:03+00:00
2026-07-09T14:09:04+00:00,-45.93,-53.29,-68.32,-62.57,-66.68,-44.50,-42.98,-50.49,-57.00,-45.92,-49.57,-66.62,-56.37,-64.59,-55.87,-47.87,-52.75,2026-07-09 14:09:04+00:00
2026-07-09T14:10:04+00:00,-47.53,-53.65,-67.82,-62.56,-66.69,-43.82,-42.86,-50.63,-57.62,-45.86,-49.59,-66.18,-56.53,-64.68,-55.90,-47.68,-54.58,2026-07-09 14:10:04+00:00
2026-07-09T14:11:04+00:00,-46.67,-53.65,-68.34,-62.67,-66.27,-45.36,-43.50,-50.74,-57.55,-45.94,-49.51,-66.78,-56.30,-64.57,-55.63,-47.62,-54.09,2026-07-09 14:11:04+00:00
2026-07-09T14:12:03+00:00,-46.80,-53.79,-66.78,-62.11,-65.70,-44.71,-42.87,-50.67,-58.34,-46.30,-49.50,-66.04,-56.38,-64.77,-55.88,-47.50,-52.98,2026-07-09 14:12:03+00:00
2026-07-09T14:13:03+00:00,-46.68,-54.70,-64.87,-62.55,-65.75,-44.53,-43.27,-50.74,-58.04,-46.16,-49.64,-65.32,-56.44,-64.26,-55.85,-47.91,-52.62,2026-07-09 14:13:03+00:00
2026-07-09T14:14:04+00:00,-47.25,-56.59,-65.49,-62.71,-66.09,-44.23,-43.27,-50.68,-58.83,-46.14,-49.71,-65.77,-56.33,-64.46,-55.94,-47.88,-54.59,2026-07-09 14:14:04+00:00
2026-07-09T14:15:03+00:00,-47.85,-56.65,-65.92,-62.64,-67.29,-44.45,-43.43,-50.78,-58.63,-46.13,-49.38,-65.04,-56.39,-64.62,-56.30,-47.63,-54.49,2026-07-09 14:15:03+00:00
2026-07-09T14:16:03+00:00,-47.50,-56.66,-66.13,-62.79,-65.70,-44.99,-43.06,-50.85,-58.57,-46.13,-49.49,-65.57,-56.81,-64.46,-56.37,-47.14,-54.54,2026-07-09 14:16:03+00:00
2026-07-09T14:17:04+00:00,-47.12,-54.85,-66.01,-62.60,-66.19,-44.62,-43.00,-50.83,-58.31,-46.23,-49.58,-64.89,-56.29,-64.42,-56.38,-47.34,-54.88,2026-07-09 14:17:04+00:00
2026-07-09T14:18:04+00:00,-47.76,-55.24,-65.71,-62.65,-66.44,-44.90,-42.80,-50.76,-57.85,-46.15,-49.59,-65.13,-56.30,-64.46,-56.58,-47.05,-54.89,2026-07-09 14:18:04+00:00
2026-07-09T14:19:03+00:00,-46.16,-55.30,-66.32,-62.54,-66.15,-50.95,-43.24,-50.84,-57.42,-46.24,-49.53,-65.11,-56.44,-64.70,-56.32,-46.87,-54.31,2026-07-09 14:19:03+00:00
2026-07-09T14:20:03+00:00,-46.79,-55.42,-65.47,-62.83,-66.22,-50.80,-42.89,-50.74,-56.20,-46.22,-49.54,-65.29,-56.57,-65.09,-56.49,-46.94,-54.53,2026-07-09 14:20:03+00:00
2026-07-09T14:21:04+00:00,-46.51,-55.46,-65.62,-62.77,-66.90,-50.95,-43.00,-50.84,-58.04,-46.08,-49.56,-65.07,-56.41,-64.90,-56.43,-47.00,-54.68,2026-07-09 14:21:04+00:00
2026-07-09T14:22:04+00:00,-46.86,-55.56,-65.13,-62.81,-66.33,-51.11,-42.92,-50.73,-56.18,-46.20,-49.55,-65.17,-56.03,-64.71,-56.46,-46.60,-54.88,2026-07-09 14:22:04+00:00
2026-07-09T14:23:03+00:00,-47.33,-55.36,-64.97,-62.33,-66.21,-51.26,-42.80,-50.82,-56.77,-46.32,-49.71,-65.05,-56.09,-64.81,-56.27,-46.82,-55.06,2026-07-09 14:23:03+00:00
2026-07-09T14:24:03+00:00,-47.21,-55.30,-67.07,-62.31,-67.15,-51.09,-43.02,-50.63,-56.61,-46.15,-49.88,-65.72,-56.43,-64.74,-56.30,-46.75,-54.61,2026-07-09 14:24:03+00:00
2026-07-09T14:25:04+00:00,-47.35,-55.47,-66.15,-62.60,-65.28,-51.07,-42.93,-50.80,-56.69,-46.06,-49.88,-65.26,-56.80,-64.86,-56.12,-46.68,-54.69,2026-07-09 14:25:04+00:00
2026-07-09T14:26:04+00:00,-46.98,-55.17,-66.96,-62.56,-65.58,-51.01,-42.92,-50.81,-57.83,-46.23,-49.92,-65.28,-56.55,-65.04,-56.57,-46.72,-54.70,2026-07-09 14:26:04+00:00
2026-07-09T14:27:03+00:00,-47.18,-55.24,-66.82,-62.70,-66.83,-51.05,-42.96,-50.72,-56.59,-46.22,-49.78,-65.00,-56.63,-64.87,-55.83,-46.73,-54.65,2026-07-09 14:27:03+00:00
2026-07-09T14:28:03+00:00,-47.60,-55.62,-66.77,-62.20,-66.26,-51.03,-42.90,-50.80,-57.51,-46.23,-49.79,-65.21,-56.60,-64.65,-56.28,-46.54,-54.58,2026-07-09 14:28:03+00:00
2026-07-09T14:29:04+00:00,-47.27,-55.36,-66.52,-62.80,-66.35,-50.95,-42.92,-50.76,-56.89,-46.16,-50.78,-65.01,-56.78,-64.59,-56.27,-46.65,-55.15,2026-07-09 14:29:04+00:00
2026-07-09T14:30:04+00:00,-46.70,-54.97,-66.21,-62.33,-66.29,-50.88,-43.16,-50.81,-57.21,-46.22,-50.98,-65.10,-56.59,-64.67,-56.31,-46.68,-55.05,2026-07-09 14:30:04+00:00
2026-07-09T14:31:04+00:00,-46.57,-55.28,-66.22,-62.71,-66.09,-51.08,-43.01,-50.82,-56.54,-46.35,-51.06,-65.29,-56.52,-64.36,-56.78,-46.58,-55.03,2026-07-09 14:31:04+00:00
2026-07-09T14:32:04+00:00,-46.86,-55.19,-67.07,-62.72,-66.21,-50.98,-42.89,-50.78,-57.74,-46.12,-50.95,-65.27,-56.48,-64.01,-56.49,-46.57,-54.96,2026-07-09 14:32:04+00:00
2026-07-09T14:33:04+00:00,-47.39,-55.21,-66.48,-62.09,-65.78,-51.03,-42.94,-50.73,-56.21,-46.21,-50.82,-65.18,-56.57,-63.77,-56.38,-46.66,-55.20,2026-07-09 14:33:04+00:00
2026-07-09T14:34:03+00:00,-47.37,-55.14,-66.54,-62.59,-65.59,-51.07,-42.92,-50.78,-56.19,-46.40,-50.85,-65.01,-56.37,-63.09,-56.53,-46.83,-55.16,2026-07-09 14:34:03+00:00
2026-07-09T14:35:03+00:00,-47.10,-55.15,-67.27,-62.39,-65.97,-51.05,-43.08,-50.79,-57.31,-46.09,-50.73,-65.26,-56.57,-63.07,-56.37,-46.90,-54.89,2026-07-09 14:35:03+00:00
2026-07-09T14:36:03+00:00,-47.64,-55.64,-66.79,-62.27,-66.72,-50.99,-42.92,-50.81,-57.47,-46.22,-50.80,-65.28,-56.88,-62.21,-55.88,-47.10,-54.67,2026-07-09 14:36:03+00:00
2026-07-09T14:37:03+00:00,-47.48,-55.23,-67.44,-62.49,-67.03,-51.82,-43.21,-50.68,-56.96,-46.43,-50.73,-65.03,-56.53,-62.01,-56.41,-46.93,-54.92,2026-07-09 14:37:03+00:00
2026-07-09T14:38:04+00:00,-47.79,-55.76,-67.13,-62.68,-65.71,-51.66,-43.23,-50.75,-57.22,-46.30,-50.69,-65.03,-56.54,-61.63,-56.41,-46.87,-54.81,2026-07-09 14:38:04+00:00
2026-07-09T14:39:03+00:00,-47.35,-55.64,-66.89,-62.51,-65.60,-51.02,-43.03,-50.76,-57.47,-46.37,-50.67,-64.79,-56.59,-61.31,-56.55,-46.77,-54.77,2026-07-09 14:39:03+00:00
2026-07-09T14:40:03+00:00,-45.79,-55.72,-66.15,-62.39,-66.71,-50.81,-42.90,-50.73,-55.17,-46.13,-50.28,-64.66,-56.80,-61.04,-56.46,-46.84,-55.19,2026-07-09 14:40:03+00:00
2026-07-09T14:41:03+00:00,-45.48,-55.85,-65.87,-62.46,-66.27,-50.62,-42.99,-50.73,-54.88,-46.43,-50.43,-64.55,-56.71,-60.59,-56.25,-46.83,-55.01,2026-07-09 14:41:03+00:00
2026-07-09T14:42:04+00:00,-45.05,-55.60,-66.31,-62.40,-67.37,-49.11,-42.76,-50.79,-55.05,-46.30,-50.25,-64.55,-56.77,-60.56,-56.68,-46.91,-54.80,2026-07-09 14:42:04+00:00
2026-07-09T14:43:03+00:00,-45.89,-55.72,-66.47,-62.91,-66.45,-49.14,-42.90,-50.80,-56.13,-46.43,-50.30,-64.81,-56.66,-60.34,-56.59,-46.78,-54.59,2026-07-09 14:43:03+00:00
2026-07-09T14:44:03+00:00,-46.06,-55.80,-66.14,-62.73,-66.87,-47.52,-42.85,-50.72,-55.83,-46.28,-50.04,-64.62,-56.43,-60.11,-56.50,-46.72,-54.82,2026-07-09 14:44:03+00:00
2026-07-09T14:45:04+00:00,-45.42,-55.68,-65.87,-62.39,-66.55,-44.65,-43.24,-50.68,-55.96,-46.30,-50.25,-64.28,-56.44,-60.10,-56.61,-46.88,-54.65,2026-07-09 14:45:04+00:00
2026-07-09T14:46:03+00:00,-46.05,-55.73,-66.07,-62.56,-66.17,-44.57,-42.77,-50.82,-56.11,-46.39,-50.60,-65.26,-56.57,-59.81,-56.34,-46.94,-54.60,2026-07-09 14:46:03+00:00
2026-07-09T14:47:04+00:00,-45.95,-56.01,-66.42,-62.48,-65.62,-44.57,-42.93,-50.80,-56.04,-46.21,-50.36,-65.30,-56.46,-59.67,-56.74,-47.05,-54.58,2026-07-09 14:47:04+00:00
2026-07-09T14:48:03+00:00,-46.19,-55.54,-65.77,-62.45,-66.61,-44.63,-43.02,-50.87,-55.85,-46.34,-50.23,-64.96,-56.45,-59.68,-56.73,-47.08,-54.95,2026-07-09 14:48:03+00:00
2026-07-09T14:49:03+00:00,-45.59,-56.04,-65.67,-62.48,-66.25,-44.61,-42.87,-50.78,-56.59,-46.33,-50.38,-64.45,-56.65,-59.52,-56.62,-47.13,-54.81,2026-07-09 14:49:03+00:00
2026-07-09T14:50:04+00:00,-45.32,-56.25,-65.93,-62.48,-66.66,-44.36,-42.97,-50.74,-56.48,-46.09,-50.48,-64.45,-56.59,-59.29,-56.77,-47.14,-54.72,2026-07-09 14:50:04+00:00
2026-07-09T14:51:04+00:00,-46.02,-56.09,-65.58,-62.60,-65.87,-44.64,-43.06,-50.86,-56.52,-46.10,-50.54,-64.56,-56.69,-59.16,-57.29,-47.19,-54.60,2026-07-09 14:51:04+00:00
2026-07-09T14:52:03+00:00,-47.37,-56.21,-65.75,-62.50,-67.10,-44.86,-42.90,-50.78,-57.36,-46.13,-50.42,-64.67,-56.73,-58.83,-56.80,-47.12,-54.72,2026-07-09 14:52:03+00:00
2026-07-09T14:53:03+00:00,-47.45,-55.81,-65.07,-62.58,-67.04,-44.86,-42.88,-51.32,-57.14,-46.07,-50.43,-65.61,-56.86,-58.28,-56.97,-47.26,-54.59,2026-07-09 14:53:03+00:00
2026-07-09T14:54:04+00:00,-46.49,-55.48,-65.45,-62.84,-66.17,-44.51,-43.12,-51.09,-57.57,-46.09,-50.60,-65.39,-56.70,-58.07,-57.17,-47.40,-54.76,2026-07-09 14:54:04+00:00
2026-07-09T14:55:04+00:00,-46.11,-55.37,-66.60,-62.32,-66.11,-45.06,-43.07,-51.11,-57.58,-45.97,-50.32,-65.43,-56.65,-57.85,-56.64,-47.41,-54.60,2026-07-09 14:55:04+00:00
2026-07-09T14:56:03+00:00,-46.33,-54.79,-66.09,-62.41,-66.14,-44.90,-42.83,-51.20,-57.77,-45.92,-50.60,-65.34,-56.65,-57.50,-56.22,-47.38,-54.89,2026-07-09 14:56:03+00:00
2026-07-09T14:57:03+00:00,-46.87,-54.22,-66.58,-62.46,-65.98,-44.93,-43.08,-51.23,-57.77,-45.94,-50.56,-65.92,-56.62,-57.12,-56.93,-47.45,-54.88,2026-07-09 14:57:03+00:00
2026-07-09T14:58:04+00:00,-46.60,-56.12,-65.76,-62.64,-64.93,-45.05,-43.04,-51.21,-57.76,-46.01,-50.71,-65.04,-56.70,-56.89,-57.00,-47.50,-54.18,2026-07-09 14:58:04+00:00
2026-07-09T14:59:04+00:00,-45.50,-56.18,-66.13,-61.95,-66.08,-45.65,-42.91,-51.21,-56.57,-45.90,-50.39,-65.54,-56.57,-56.84,-56.74,-47.99,-54.72,2026-07-09 14:59:04+00:00
2026-07-09T15:00:03+00:00,-45.56,-55.89,-65.21,-62.41,-66.16,-45.70,-43.13,-51.21,-55.72,-46.02,-50.22,-65.23,-56.53,-56.85,-56.95,-47.92,-54.03,2026-07-09 15:00:03+00:00
2026-07-09T15:01:03+00:00,-43.96,-56.07,-66.18,-62.11,-65.92,-47.31,-43.24,-51.16,-56.04,-46.13,-50.46,-65.77,-56.68,-56.58,-57.10,-47.97,-53.77,2026-07-09 15:01:03+00:00
2026-07-09T15:02:03+00:00,-45.85,-55.79,-67.13,-62.38,-66.37,-45.45,-43.38,-51.21,-56.46,-46.04,-50.55,-65.88,-56.60,-56.37,-56.99,-47.99,-55.00,2026-07-09 15:02:03+00:00
2026-07-09T15:03:04+00:00,-46.16,-55.81,-66.71,-62.38,-67.24,-45.29,-42.87,-51.27,-55.66,-46.07,-50.64,-66.01,-56.53,-55.98,-56.52,-47.88,-54.01,2026-07-09 15:03:04+00:00
2026-07-09T15:04:04+00:00,-46.37,-56.32,-66.96,-62.48,-65.98,-44.57,-42.92,-51.31,-56.24,-45.98,-51.05,-66.08,-56.56,-56.04,-56.87,-47.59,-54.80,2026-07-09 15:04:04+00:00
2026-07-09T15:05:03+00:00,-46.31,-56.42,-65.80,-62.46,-66.44,-45.17,-42.91,-51.18,-56.09,-46.05,-50.96,-65.83,-56.55,-55.56,-56.64,-47.57,-54.12,2026-07-09 15:05:03+00:00
2026-07-09T15:06:04+00:00,-45.71,-56.72,-65.03,-62.33,-66.34,-45.15,-43.11,-51.23,-55.77,-45.83,-50.76,-65.22,-56.57,-55.66,-56.85,-47.51,-54.77,2026-07-09 15:06:04+00:00
2026-07-09T15:07:04+00:00,-46.79,-56.41,-65.17,-62.62,-65.96,-47.12,-42.94,-51.19,-55.10,-45.99,-51.08,-64.41,-56.28,-55.25,-56.41,-47.71,-54.61,2026-07-09 15:07:04+00:00
2026-07-09T15:08:03+00:00,-45.10,-56.61,-65.48,-62.36,-66.67,-45.97,-42.83,-51.23,-55.12,-45.99,-50.90,-65.12,-56.15,-54.84,-56.69,-47.71,-54.08,2026-07-09 15:08:03+00:00
2026-07-09T15:09:03+00:00,-44.24,-56.21,-65.48,-62.28,-66.45,-44.80,-43.09,-51.26,-55.33,-46.07,-50.79,-65.28,-56.44,-54.72,-57.07,-47.49,-53.99,2026-07-09 15:09:03+00:00
2026-07-09T15:10:04+00:00,-45.59,-56.00,-65.54,-62.53,-66.24,-45.21,-42.92,-51.34,-55.56,-46.18,-50.80,-64.95,-56.40,-54.38,-57.31,-47.41,-54.82,2026-07-09 15:10:04+00:00
2026-07-09T15:11:04+00:00,-46.03,-56.35,-65.70,-62.42,-66.06,-45.56,-43.11,-51.23,-55.79,-46.11,-50.78,-65.02,-56.50,-54.25,-56.79,-47.40,-57.98,2026-07-09 15:11:04+00:00
2026-07-09T15:12:03+00:00,-46.16,-54.13,-64.85,-61.99,-65.10,-45.95,-42.87,-51.31,-56.59,-45.74,-39.54,-64.72,-56.58,-54.09,-56.84,-47.25,-54.75,2026-07-09 15:12:03+00:00
2026-07-09T15:13:03+00:00,-46.10,-56.31,-65.53,-62.26,-66.14,-50.96,-43.11,-51.27,-55.67,-46.10,-50.88,-64.69,-56.36,-53.68,-57.08,-47.04,-57.61,2026-07-09 15:13:03+00:00
2026-07-09T15:14:04+00:00,-46.26,-57.00,-65.54,-62.38,-65.61,-50.90,-43.10,-51.25,-55.23,-46.07,-50.88,-65.18,-56.79,-53.52,-56.72,-46.96,-57.89,2026-07-09 15:14:04+00:00
2026-07-09T15:15:04+00:00,-45.99,-57.03,-66.02,-62.27,-66.39,-51.23,-43.06,-51.26,-55.32,-45.97,-50.68,-65.49,-56.75,-53.77,-56.15,-46.91,-57.53,2026-07-09 15:15:04+00:00
2026-07-09T15:16:03+00:00,-46.75,-56.99,-65.51,-62.43,-66.97,-51.02,-43.35,-51.21,-55.06,-46.00,-50.88,-65.36,-56.61,-53.38,-56.64,-46.85,-56.69,2026-07-09 15:16:03+00:00
2026-07-09T15:17:03+00:00,-46.54,-57.62,-66.71,-62.45,-66.55,-50.92,-43.08,-51.18,-54.68,-45.97,-50.49,-65.52,-56.81,-53.15,-56.57,-46.81,-57.51,2026-07-09 15:17:03+00:00
2026-07-09T15:18:04+00:00,-47.09,-57.63,-66.76,-62.48,-65.83,-51.01,-43.12,-51.30,-54.71,-46.20,-50.56,-65.47,-56.76,-53.26,-56.77,-46.84,-57.77,2026-07-09 15:18:04+00:00
2026-07-09T15:19:04+00:00,-46.94,-57.75,-66.17,-62.62,-64.82,-50.88,-43.00,-51.30,-55.48,-46.03,-50.82,-65.54,-56.85,-52.94,-56.64,-46.69,-57.71,2026-07-09 15:19:04+00:00
2026-07-09T15:20:03+00:00,-46.09,-57.60,-66.40,-62.38,-66.38,-50.89,-42.99,-51.31,-55.61,-46.08,-51.09,-65.64,-56.84,-52.81,-56.80,-47.27,-57.66,2026-07-09 15:20:03+00:00
2026-07-09T15:21:04+00:00,-46.08,-57.76,-66.41,-62.48,-65.96,-50.96,-42.98,-51.31,-55.44,-46.10,-51.17,-65.78,-57.01,-52.53,-56.88,-46.86,-57.52,2026-07-09 15:21:04+00:00
2026-07-09T15:22:04+00:00,-46.01,-58.21,-66.61,-62.60,-66.29,-51.47,-43.27,-51.22,-56.87,-45.96,-51.09,-65.87,-56.93,-52.62,-56.51,-46.84,-57.89,2026-07-09 15:22:04+00:00
2026-07-09T15:23:04+00:00,-46.51,-58.23,-65.35,-62.32,-65.96,-51.56,-43.23,-51.24,-56.78,-45.86,-49.66,-65.34,-56.93,-52.59,-56.56,-46.64,-55.84,2026-07-09 15:23:04+00:00
2026-07-09T15:24:03+00:00,-45.99,-58.66,-65.59,-62.38,-66.12,-51.13,-42.74,-51.31,-56.55,-46.13,-50.87,-65.52,-56.85,-52.35,-56.42,-46.64,-57.50,2026-07-09 15:24:03+00:00
2026-07-09T15:25:03+00:00,-46.16,-58.79,-66.08,-62.28,-66.33,-51.03,-43.06,-51.30,-56.58,-46.12,-51.01,-65.89,-56.93,-52.43,-56.65,-46.56,-57.88,2026-07-09 15:25:03+00:00
2026-07-09T15:26:04+00:00,-45.74,-59.05,-64.19,-62.45,-66.93,-50.98,-42.98,-51.33,-51.87,-45.82,-51.16,-64.76,-56.91,-52.35,-56.55,-46.70,-57.84,2026-07-09 15:26:04+00:00
2026-07-09T15:27:04+00:00,-46.87,-59.17,-64.11,-62.62,-65.56,-51.00,-43.10,-51.32,-51.91,-45.94,-50.95,-64.68,-57.23,-52.27,-56.61,-46.48,-57.65,2026-07-09 15:27:04+00:00
2026-07-09T15:28:03+00:00,-47.06,-58.95,-64.29,-62.32,-65.96,-50.68,-43.04,-51.31,-52.05,-45.78,-50.95,-64.92,-57.03,-52.31,-56.54,-46.63,-57.75,2026-07-09 15:28:03+00:00
2026-07-09T15:29:03+00:00,-46.42,-58.68,-65.27,-62.33,-65.91,-50.93,-43.15,-51.36,-51.77,-45.88,-50.90,-64.77,-57.21,-51.94,-56.28,-46.58,-57.79,2026-07-09 15:29:03+00:00
2026-07-09T15:30:04+00:00,-46.54,-58.91,-65.06,-62.63,-65.77,-50.83,-43.29,-51.41,-52.32,-45.81,-50.74,-64.89,-57.00,-51.79,-56.59,-46.44,-57.87,2026-07-09 15:30:04+00:00
2026-07-09T15:31:04+00:00,-46.36,-59.09,-64.61,-62.36,-66.47,-51.02,-43.21,-51.39,-52.31,-45.83,-51.03,-64.77,-57.32,-51.72,-56.79,-46.40,-57.86,2026-07-09 15:31:04+00:00
2026-07-09T15:32:04+00:00,-46.69,-59.19,-64.65,-62.46,-65.54,-51.17,-43.26,-51.25,-51.49,-45.91,-50.95,-65.24,-56.91,-51.47,-56.23,-46.52,-57.64,2026-07-09 15:32:04+00:00
2026-07-09T15:33:03+00:00,-46.18,-59.38,-64.49,-62.42,-65.49,-51.25,-43.13,-51.28,-51.23,-46.04,-50.85,-64.73,-57.47,-51.63,-56.00,-46.52,-57.03,2026-07-09 15:33:03+00:00
2026-07-09T15:34:04+00:00,-45.67,-58.92,-64.34,-62.40,-66.17,-51.13,-42.74,-51.31,-52.61,-45.73,-50.71,-65.26,-56.93,-51.44,-56.66,-46.53,-58.03,2026-07-09 15:34:04+00:00
2026-07-09T15:35:04+00:00,-45.97,-58.80,-64.19,-62.42,-66.22,-51.33,-43.10,-51.24,-52.58,-45.92,-50.93,-65.30,-56.96,-51.40,-56.60,-46.51,-57.88,2026-07-09 15:35:04+00:00
2026-07-09T15:36:04+00:00,-47.26,-59.23,-62.82,-62.67,-65.98,-51.50,-43.31,-51.30,-55.72,-45.85,-50.99,-63.88,-57.17,-51.30,-56.82,-46.15,-57.70,2026-07-09 15:36:04+00:00
2026-07-09T15:37:03+00:00,-47.43,-59.91,-63.51,-62.28,-66.19,-49.48,-42.80,-51.33,-55.22,-45.97,-50.82,-65.38,-56.78,-51.23,-56.33,-46.41,-58.02,2026-07-09 15:37:03+00:00
2026-07-09T15:38:03+00:00,-48.04,-59.99,-63.43,-62.39,-65.51,-49.22,-42.79,-51.41,-53.40,-45.86,-50.84,-65.45,-56.97,-51.02,-56.55,-46.12,-58.10,2026-07-09 15:38:03+00:00
2026-07-09T15:39:04+00:00,-47.64,-59.06,-62.75,-62.56,-66.06,-45.35,-43.03,-51.24,-53.57,-45.96,-50.72,-64.61,-56.92,-51.08,-56.97,-45.92,-57.96,2026-07-09 15:39:04+00:00
2026-07-09T15:40:04+00:00,-47.22,-59.64,-63.05,-62.78,-65.95,-45.30,-43.30,-51.34,-52.54,-45.90,-50.67,-64.92,-56.98,-50.88,-56.41,-45.84,-57.94,2026-07-09 15:40:04+00:00
2026-07-09T15:41:03+00:00,-48.22,-59.56,-63.12,-62.36,-66.91,-45.33,-43.18,-51.30,-52.61,-45.85,-50.75,-64.97,-56.72,-50.96,-56.37,-45.70,-57.93,2026-07-09 15:41:03+00:00
2026-07-09T15:42:04+00:00,-48.40,-59.77,-62.92,-62.38,-66.13,-45.51,-42.99,-51.40,-52.68,-45.74,-50.57,-65.05,-56.72,-50.99,-56.08,-45.68,-58.23,2026-07-09 15:42:04+00:00
2026-07-09T15:43:04+00:00,-48.83,-59.81,-63.22,-62.78,-65.80,-45.22,-43.25,-51.42,-52.72,-45.77,-50.68,-65.18,-56.75,-50.86,-56.37,-45.78,-57.86,2026-07-09 15:43:04+00:00
2026-07-09T15:44:03+00:00,-48.15,-59.82,-63.13,-62.62,-66.10,-45.32,-43.36,-51.46,-53.23,-45.96,-50.56,-65.39,-56.77,-50.73,-56.41,-45.60,-56.73,2026-07-09 15:44:03+00:00
2026-07-09T15:45:03+00:00,-48.41,-59.73,-62.86,-62.43,-66.00,-45.30,-43.13,-51.45,-53.28,-45.89,-50.59,-65.17,-57.02,-50.63,-56.53,-45.71,-57.82,2026-07-09 15:45:03+00:00
2026-07-09T15:46:04+00:00,-48.29,-60.02,-62.13,-62.53,-65.69,-45.49,-43.00,-51.47,-53.17,-45.92,-50.88,-64.84,-56.73,-50.77,-56.71,-45.57,-58.27,2026-07-09 15:46:04+00:00
2026-07-09T15:47:04+00:00,-48.17,-59.19,-62.53,-62.43,-66.74,-45.41,-43.30,-51.42,-53.06,-46.07,-50.72,-65.17,-56.79,-50.67,-56.28,-45.53,-58.03,2026-07-09 15:47:04+00:00
2026-07-09T15:48:03+00:00,-48.17,-58.27,-62.77,-62.41,-66.16,-45.40,-42.97,-51.35,-52.58,-45.89,-50.65,-65.15,-57.08,-50.67,-56.12,-45.59,-58.13,2026-07-09 15:48:03+00:00
2026-07-09T15:49:03+00:00,-48.32,-58.22,-62.88,-62.35,-66.44,-45.51,-43.01,-51.13,-52.63,-45.70,-50.59,-65.24,-56.84,-50.62,-56.21,-45.61,-57.77,2026-07-09 15:49:03+00:00
2026-07-09T15:50:04+00:00,-47.63,-56.72,-63.27,-62.66,-65.72,-45.40,-43.24,-51.29,-52.32,-45.84,-50.82,-65.43,-56.80,-50.51,-55.80,-45.47,-57.79,2026-07-09 15:50:04+00:00
2026-07-09T15:51:04+00:00,-48.09,-56.93,-62.99,-62.53,-65.99,-45.28,-43.26,-51.23,-51.98,-45.85,-50.44,-64.92,-56.66,-50.27,-56.44,-45.45,-57.75,2026-07-09 15:51:04+00:00
2026-07-09T15:52:03+00:00,-45.24,-55.86,-62.84,-62.19,-66.27,-45.42,-42.85,-51.31,-51.78,-46.11,-50.61,-65.54,-56.65,-50.63,-56.35,-45.43,-56.06,2026-07-09 15:52:03+00:00
2026-07-09T15:53:03+00:00,-47.99,-55.51,-63.50,-62.43,-66.15,-45.20,-42.98,-51.35,-51.69,-45.78,-50.78,-65.60,-56.24,-50.47,-56.19,-45.39,-57.87,2026-07-09 15:53:03+00:00
2026-07-09T15:54:04+00:00,-47.21,-55.52,-63.15,-62.35,-66.20,-45.51,-43.05,-51.36,-51.69,-45.87,-50.63,-65.82,-56.27,-50.36,-56.13,-45.36,-57.56,2026-07-09 15:54:04+00:00
2026-07-09T15:55:04+00:00,-47.82,-55.30,-63.47,-62.63,-66.35,-45.73,-43.12,-51.42,-51.91,-45.83,-50.77,-65.74,-56.34,-50.23,-56.47,-45.21,-57.66,2026-07-09 15:55:04+00:00
2026-07-09T15:56:03+00:00,-47.49,-55.34,-63.18,-62.25,-66.08,-45.54,-43.12,-51.38,-51.93,-45.90,-50.49,-65.77,-56.66,-50.11,-56.28,-45.35,-57.75,2026-07-09 15:56:03+00:00
2026-07-09T15:57:03+00:00,-47.68,-55.31,-63.23,-62.42,-66.75,-45.60,-43.12,-51.44,-52.14,-45.88,-50.61,-65.93,-57.06,-50.07,-55.84,-45.35,-57.66,2026-07-09 15:57:03+00:00
2026-07-09T15:58:04+00:00,-47.99,-55.32,-62.54,-62.26,-66.24,-45.44,-43.17,-51.46,-52.00,-45.92,-50.39,-65.47,-57.36,-49.94,-55.99,-45.17,-57.47,2026-07-09 15:58:04+00:00
2026-07-09T15:59:03+00:00,-47.48,-55.34,-63.05,-62.62,-66.62,-45.94,-43.10,-51.43,-52.60,-45.91,-50.39,-65.83,-57.38,-49.74,-56.32,-44.98,-57.54,2026-07-09 15:59:03+00:00
2026-07-09T16:00:03+00:00,-47.21,-55.36,-62.97,-61.97,-66.11,-45.64,-43.12,-51.33,-52.49,-46.03,-50.33,-63.41,-57.28,-49.79,-56.33,-45.04,-57.43,2026-07-09 16:00:03+00:00
2026-07-09T16:01:03+00:00,-47.30,-55.25,-63.65,-62.52,-65.61,-45.70,-43.21,-51.35,-52.60,-45.91,-50.42,-62.70,-57.53,-49.79,-56.51,-45.11,-56.22,2026-07-09 16:01:03+00:00
2026-07-09T16:02:04+00:00,-46.93,-55.37,-64.78,-62.13,-66.52,-45.49,-43.14,-51.36,-52.79,-45.84,-50.53,-62.26,-57.52,-49.49,-53.26,-45.09,-57.41,2026-07-09 16:02:04+00:00
2026-07-09T16:03:03+00:00,-47.79,-55.23,-64.19,-62.10,-65.85,-45.78,-43.21,-51.48,-52.71,-46.14,-50.48,-62.26,-57.65,-49.64,-52.95,-45.13,-57.52,2026-07-09 16:03:03+00:00
2026-07-09T16:04:03+00:00,-47.50,-54.36,-63.86,-62.33,-66.12,-45.82,-43.17,-51.16,-52.61,-45.88,-50.20,-60.32,-57.60,-49.57,-56.08,-45.19,-57.59,2026-07-09 16:04:03+00:00
2026-07-09T16:05:04+00:00,-47.47,-54.84,-64.33,-62.67,-66.00,-45.63,-43.02,-51.19,-52.35,-45.80,-50.19,-60.44,-57.72,-49.49,-56.17,-45.05,-57.70,2026-07-09 16:05:04+00:00
2026-07-09T16:06:04+00:00,-47.01,-54.54,-64.70,-62.42,-65.48,-45.65,-43.17,-51.21,-52.44,-45.86,-50.15,-60.49,-57.50,-49.36,-56.30,-45.16,-57.67,2026-07-09 16:06:04+00:00
2026-07-09T16:07:04+00:00,-46.93,-54.54,-64.29,-62.33,-66.33,-45.39,-43.18,-50.87,-53.21,-46.03,-49.96,-60.54,-58.07,-49.22,-55.66,-45.08,-57.51,2026-07-09 16:07:04+00:00
2026-07-09T16:08:03+00:00,-46.53,-54.69,-63.60,-62.58,-66.02,-45.70,-42.93,-51.01,-53.22,-45.96,-50.05,-60.22,-57.71,-49.11,-56.50,-44.99,-57.34,2026-07-09 16:08:03+00:00
2026-07-09T16:09:04+00:00,-47.36,-54.60,-64.35,-62.18,-66.14,-46.02,-43.12,-50.92,-53.14,-45.91,-49.77,-61.05,-58.31,-49.08,-56.32,-45.41,-57.67,2026-07-09 16:09:04+00:00
2026-07-09T16:10:04+00:00,-47.35,-54.47,-64.20,-62.72,-66.16,-51.76,-43.32,-51.01,-51.95,-45.13,-48.61,-61.45,-57.54,-48.99,-56.05,-45.37,-57.34,2026-07-09 16:10:04+00:00
2026-07-09T16:11:03+00:00,-47.47,-54.75,-64.46,-62.59,-66.63,-51.73,-43.37,-50.98,-52.40,-45.10,-48.50,-61.84,-57.92,-49.00,-56.35,-45.13,-57.29,2026-07-09 16:11:03+00:00
2026-07-09T16:12:04+00:00,-46.99,-54.79,-64.52,-62.18,-66.66,-51.59,-43.25,-51.00,-52.56,-45.15,-48.35,-61.86,-57.71,-48.75,-55.89,-45.22,-57.07,2026-07-09 16:12:04+00:00
2026-07-09T16:13:04+00:00,-47.47,-54.70,-64.54,-62.55,-66.84,-51.61,-43.19,-51.06,-51.79,-44.97,-48.21,-66.73,-57.33,-48.91,-56.01,-45.18,-57.30,2026-07-09 16:13:04+00:00
2026-07-09T16:14:03+00:00,-47.43,-54.50,-64.19,-62.29,-66.08,-51.67,-43.30,-51.05,-51.83,-45.00,-47.93,-63.97,-57.84,-48.56,-56.35,-45.28,-57.25,2026-07-09 16:14:03+00:00
2026-07-09T16:15:04+00:00,-47.25,-54.67,-64.66,-62.13,-66.53,-51.68,-43.07,-51.02,-51.09,-44.92,-47.65,-64.08,-57.45,-48.68,-56.22,-45.21,-56.39,2026-07-09 16:15:04+00:00
2026-07-09T16:16:04+00:00,-47.88,-55.02,-64.19,-62.26,-66.00,-57.15,-48.52,-51.44,-50.86,-44.45,-47.29,-63.89,-57.75,-48.46,-56.31,-45.42,-57.32,2026-07-09 16:16:04+00:00
2026-07-09T16:17:03+00:00,-47.75,-55.08,-64.35,-62.22,-66.41,-57.45,-48.54,-51.46,-50.69,-43.75,-46.70,-63.94,-57.40,-48.21,-56.13,-45.37,-56.37,2026-07-09 16:17:03+00:00
2026-07-09T16:18:04+00:00,-47.43,-55.00,-63.72,-62.52,-65.87,-57.09,-48.42,-51.44,-52.01,-43.56,-46.62,-57.39,-57.98,-48.26,-56.45,-45.69,-56.11,2026-07-09 16:18:04+00:00
2026-07-09T16:19:04+00:00,-47.53,-55.16,-64.36,-62.77,-66.34,-57.43,-48.50,-51.44,-52.47,-43.51,-46.75,-57.80,-58.39,-48.11,-56.65,-45.61,-57.65,2026-07-09 16:19:04+00:00
2026-07-09T16:20:03+00:00,-47.24,-55.17,-64.20,-62.40,-66.30,-57.09,-48.50,-51.42,-52.56,-43.94,-47.39,-65.45,-57.88,-48.25,-56.01,-45.49,-57.71,2026-07-09 16:20:03+00:00
2026-07-09T16:21:04+00:00,-47.36,-55.13,-64.63,-62.37,-66.21,-56.97,-48.98,-51.49,-52.21,-44.06,-47.61,-66.27,-58.14,-48.21,-56.22,-45.45,-56.50,2026-07-09 16:21:04+00:00
2026-07-09T16:22:04+00:00,-47.43,-55.24,-64.37,-62.07,-67.05,-56.61,-48.68,-51.49,-52.80,-44.52,-48.60,-66.18,-58.74,-48.27,-56.18,-45.44,-57.61,2026-07-09 16:22:04+00:00
2026-07-09T16:23:03+00:00,-47.33,-55.26,-64.16,-62.64,-66.44,-56.77,-48.60,-51.51,-52.24,-44.43,-48.72,-66.39,-60.77,-48.06,-56.28,-45.26,-57.76,2026-07-09 16:23:03+00:00
2026-07-09T16:24:03+00:00,-47.13,-55.37,-64.36,-62.46,-66.40,-56.94,-48.68,-51.44,-52.46,-45.23,-49.92,-66.47,-60.32,-48.19,-56.25,-45.49,-57.90,2026-07-09 16:24:03+00:00
2026-07-09T16:25:04+00:00,-45.47,-55.29,-63.74,-62.16,-65.33,-56.90,-48.70,-51.59,-52.44,-44.97,-49.78,-66.53,-60.58,-48.07,-56.30,-45.28,-56.84,2026-07-09 16:25:04+00:00
2026-07-09T16:26:03+00:00,-46.21,-55.32,-63.78,-62.58,-66.50,-56.92,-48.90,-51.55,-52.56,-45.12,-49.95,-66.21,-60.47,-47.95,-56.46,-45.40,-57.12,2026-07-09 16:26:03+00:00
2026-07-09T16:27:03+00:00,-47.24,-55.47,-64.30,-62.73,-66.37,-57.14,-48.56,-51.60,-52.48,-45.09,-49.85,-66.75,-58.37,-47.89,-56.46,-45.53,-58.13,2026-07-09 16:27:03+00:00
2026-07-09T16:28:04+00:00,-47.62,-55.44,-64.01,-62.28,-66.57,-57.27,-49.16,-51.57,-52.56,-44.99,-49.97,-66.74,-58.16,-47.94,-56.28,-45.58,-57.88,2026-07-09 16:28:04+00:00
2026-07-09T16:29:04+00:00,-46.92,-55.19,-64.56,-62.57,-66.39,-57.36,-48.85,-51.56,-52.52,-44.80,-49.59,-66.49,-58.11,-47.85,-55.81,-45.63,-57.89,2026-07-09 16:29:04+00:00
2026-07-09T16:30:03+00:00,-47.26,-55.37,-63.77,-62.72,-66.54,-57.44,-49.35,-51.46,-52.49,-45.00,-49.52,-66.21,-58.23,-47.82,-56.52,-45.55,-58.07,2026-07-09 16:30:03+00:00
2026-07-09T16:31:03+00:00,-48.04,-55.44,-63.40,-62.41,-66.34,-57.56,-48.81,-51.58,-52.33,-45.16,-49.67,-65.76,-58.02,-47.61,-56.60,-45.69,-57.93,2026-07-09 16:31:03+00:00
2026-07-09T16:32:03+00:00,-48.05,-55.47,-63.61,-62.64,-66.76,-57.50,-49.14,-51.51,-52.34,-45.09,-49.79,-65.22,-58.51,-47.75,-56.61,-45.80,-58.08,2026-07-09 16:32:03+00:00
2026-07-09T16:33:03+00:00,-48.76,-55.50,-62.91,-62.41,-66.41,-57.28,-48.57,-51.50,-52.26,-45.03,-49.84,-64.04,-58.56,-47.58,-56.50,-45.82,-57.69,2026-07-09 16:33:03+00:00
2026-07-09T16:34:04+00:00,-48.64,-55.46,-64.19,-62.58,-66.13,-53.17,-49.17,-51.52,-52.34,-44.97,-49.89,-63.65,-58.35,-47.41,-56.06,-45.90,-58.21,2026-07-09 16:34:04+00:00
2026-07-09T16:35:03+00:00,-47.91,-55.59,-64.37,-62.38,-66.38,-52.78,-48.86,-51.63,-52.33,-45.06,-49.90,-63.04,-58.21,-47.69,-56.89,-45.96,-57.64,2026-07-09 16:35:03+00:00
2026-07-09T16:36:03+00:00,-48.27,-55.40,-64.71,-62.70,-66.71,-50.49,-48.87,-51.56,-51.94,-44.99,-50.09,-61.77,-58.44,-47.55,-56.83,-45.87,-58.09,2026-07-09 16:36:03+00:00
2026-07-09T16:37:03+00:00,-48.11,-55.32,-64.75,-62.64,-67.00,-48.08,-48.76,-51.46,-51.84,-44.92,-49.98,-64.34,-58.37,-47.27,-56.72,-45.69,-57.59,2026-07-09 16:37:03+00:00
2026-07-09T16:38:04+00:00,-48.92,-55.55,-64.94,-62.67,-65.46,-46.51,-48.96,-51.52,-51.81,-44.90,-50.09,-65.21,-58.62,-47.14,-56.74,-45.80,-57.87,2026-07-09 16:38:04+00:00
2026-07-09T16:39:03+00:00,-46.77,-56.71,-64.94,-62.23,-66.68,-46.49,-48.82,-51.54,-51.70,-44.86,-49.99,-66.31,-58.72,-47.40,-56.42,-45.74,-57.69,2026-07-09 16:39:03+00:00
2026-07-09T16:40:03+00:00,-47.58,-56.60,-64.86,-62.55,-65.68,-46.50,-49.05,-51.61,-51.58,-44.87,-50.16,-66.15,-58.86,-47.33,-56.60,-45.77,-58.00,2026-07-09 16:40:03+00:00
2026-07-09T16:41:04+00:00,-47.12,-56.73,-64.69,-62.43,-66.59,-46.50,-49.13,-51.50,-51.86,-44.99,-50.29,-66.40,-58.31,-47.14,-56.55,-45.96,-58.11,2026-07-09 16:41:04+00:00
2026-07-09T16:42:03+00:00,-48.02,-56.63,-64.61,-62.61,-66.49,-46.29,-49.48,-51.57,-51.89,-45.08,-49.94,-66.54,-57.95,-47.10,-56.49,-46.14,-58.32,2026-07-09 16:42:03+00:00
2026-07-09T16:43:03+00:00,-48.84,-56.62,-64.30,-62.74,-66.50,-46.45,-49.08,-51.59,-51.76,-45.05,-49.92,-66.51,-58.46,-46.91,-56.78,-46.03,-56.48,2026-07-09 16:43:03+00:00
2026-07-09T16:44:04+00:00,-48.49,-56.65,-64.66,-62.58,-66.46,-46.33,-48.94,-51.61,-51.81,-44.88,-50.03,-67.20,-58.07,-47.01,-56.95,-45.96,-58.07,2026-07-09 16:44:04+00:00
2026-07-09T16:45:03+00:00,-47.38,-56.63,-64.74,-62.67,-66.02,-46.39,-49.04,-51.66,-51.92,-45.09,-49.94,-67.06,-57.90,-46.89,-57.25,-46.14,-58.11,2026-07-09 16:45:03+00:00
2026-07-09T16:46:03+00:00,-48.03,-56.49,-64.71,-62.57,-66.76,-46.66,-48.86,-51.69,-51.98,-45.17,-50.16,-67.15,-58.61,-46.89,-56.92,-46.26,-58.18,2026-07-09 16:46:03+00:00
2026-07-09T16:47:04+00:00,-48.40,-56.46,-64.30,-62.47,-65.58,-46.43,-49.52,-51.65,-52.12,-44.97,-49.70,-67.03,-58.81,-46.70,-56.86,-46.41,-58.11,2026-07-09 16:47:04+00:00
2026-07-09T16:48:04+00:00,-48.26,-56.60,-64.68,-62.62,-65.96,-46.82,-49.09,-51.62,-52.11,-45.14,-49.45,-67.09,-59.02,-46.51,-57.11,-46.25,-58.11,2026-07-09 16:48:04+00:00
2026-07-09T16:49:03+00:00,-47.96,-56.68,-64.42,-62.47,-65.59,-46.69,-49.48,-51.64,-52.20,-45.48,-49.58,-66.90,-58.64,-46.62,-56.80,-46.35,-58.39,2026-07-09 16:49:03+00:00
2026-07-09T16:50:04+00:00,-48.08,-56.74,-64.86,-63.16,-66.76,-46.79,-48.77,-51.71,-52.07,-45.23,-49.79,-67.05,-58.80,-46.53,-56.93,-46.38,-58.39,2026-07-09 16:50:04+00:00
2026-07-09T16:51:04+00:00,-47.90,-56.68,-64.92,-62.79,-66.34,-46.74,-49.24,-51.75,-52.59,-45.14,-49.82,-67.04,-59.29,-46.59,-57.01,-46.67,-58.44,2026-07-09 16:51:04+00:00
2026-07-09T16:52:03+00:00,-48.22,-56.52,-64.61,-62.85,-66.66,-46.83,-48.70,-51.63,-52.57,-45.50,-49.30,-66.93,-59.28,-46.72,-56.72,-46.68,-58.11,2026-07-09 16:52:03+00:00
2026-07-09T16:53:04+00:00,-48.52,-55.73,-64.60,-62.85,-66.36,-47.03,-48.95,-51.53,-52.66,-45.35,-49.86,-66.99,-58.95,-46.51,-56.76,-46.69,-57.82,2026-07-09 16:53:04+00:00
2026-07-09T16:54:04+00:00,-48.73,-56.99,-64.34,-62.83,-67.03,-47.01,-49.11,-51.50,-52.71,-45.34,-49.71,-67.11,-59.28,-46.24,-56.99,-46.92,-56.73,2026-07-09 16:54:04+00:00
2026-07-09T16:55:03+00:00,-49.19,-56.81,-64.57,-62.63,-66.67,-46.86,-48.64,-51.60,-52.64,-45.38,-49.95,-67.30,-59.10,-46.37,-56.69,-46.93,-58.30,2026-07-09 16:55:03+00:00
2026-07-09T16:56:03+00:00,-49.39,-57.24,-64.76,-62.80,-66.95,-47.02,-49.38,-51.60,-52.67,-45.47,-49.67,-66.83,-59.66,-46.46,-56.65,-47.13,-58.27,2026-07-09 16:56:03+00:00
2026-07-09T16:57:04+00:00,-48.26,-57.17,-64.59,-62.57,-66.56,-47.05,-48.87,-51.70,-52.81,-45.50,-49.71,-66.60,-59.60,-46.14,-56.53,-47.11,-58.15,2026-07-09 16:57:04+00:00
2026-07-09T16:58:03+00:00,-47.60,-54.69,-64.62,-62.43,-66.49,-46.98,-49.01,-51.70,-52.56,-45.62,-49.85,-66.58,-59.32,-46.19,-57.06,-46.98,-55.93,2026-07-09 16:58:03+00:00
2026-07-09T16:59:04+00:00,-48.61,-57.24,-64.45,-62.59,-66.33,-46.93,-48.94,-51.69,-52.56,-45.43,-49.84,-66.81,-59.50,-46.44,-56.65,-47.11,-58.23,2026-07-09 16:59:04+00:00
2026-07-09T17:00:04+00:00,-48.07,-57.21,-64.53,-62.38,-65.93,-46.78,-49.04,-52.13,-52.79,-45.34,-49.80,-66.75,-59.32,-46.32,-56.96,-47.11,-58.22,2026-07-09 17:00:04+00:00
2026-07-09T17:01:04+00:00,-47.36,-56.92,-64.61,-62.69,-66.66,-46.79,-49.36,-52.05,-52.20,-45.19,-49.65,-66.86,-59.44,-46.22,-57.05,-47.05,-57.87,2026-07-09 17:01:04+00:00
2026-07-09T17:02:03+00:00,-45.62,-57.22,-64.36,-61.64,-65.25,-46.88,-48.86,-52.04,-52.28,-45.15,-49.64,-66.66,-59.66,-46.28,-56.94,-47.15,-56.90,2026-07-09 17:02:03+00:00
2026-07-09T17:03:04+00:00,-47.15,-56.54,-64.51,-62.46,-66.41,-46.82,-48.60,-52.07,-52.25,-45.18,-48.85,-66.59,-59.52,-46.22,-56.81,-47.14,-57.90,2026-07-09 17:03:04+00:00
2026-07-09T17:04:04+00:00,-47.13,-48.55,-64.54,-62.60,-66.02,-46.84,-48.80,-51.67,-52.42,-45.17,-48.83,-67.09,-59.54,-46.10,-56.66,-47.11,-58.04,2026-07-09 17:04:04+00:00
2026-07-09T17:05:03+00:00,-46.45,-56.89,-64.62,-62.40,-66.37,-45.32,-42.70,-51.80,-52.33,-45.20,-49.16,-66.60,-59.37,-46.19,-57.06,-47.10,-58.15,2026-07-09 17:05:03+00:00
2026-07-09T17:06:03+00:00,-46.90,-56.86,-64.62,-62.43,-66.70,-45.64,-42.64,-51.74,-52.22,-45.48,-49.06,-66.34,-59.55,-45.95,-56.86,-47.36,-58.07,2026-07-09 17:06:03+00:00
2026-07-09T17:07:04+00:00,-47.11,-56.56,-64.37,-62.42,-66.12,-45.56,-42.90,-51.79,-52.21,-45.12,-49.10,-66.35,-59.96,-46.00,-56.46,-47.44,-58.06,2026-07-09 17:07:04+00:00
2026-07-09T17:08:03+00:00,-45.26,-56.88,-64.14,-61.84,-66.33,-45.16,-42.89,-51.85,-52.19,-45.48,-49.15,-66.66,-59.70,-46.08,-56.93,-47.36,-56.58,2026-07-09 17:08:03+00:00
2026-07-09T17:09:03+00:00,-47.14,-57.16,-64.28,-62.55,-67.34,-45.86,-42.83,-51.81,-52.07,-45.18,-49.26,-66.61,-59.85,-46.00,-56.99,-47.44,-57.91,2026-07-09 17:09:03+00:00
2026-07-09T17:10:04+00:00,-47.48,-57.14,-64.98,-62.01,-66.92,-51.00,-42.91,-51.86,-51.74,-45.22,-48.69,-66.46,-60.21,-45.87,-56.41,-47.50,-57.80,2026-07-09 17:10:04+00:00
2026-07-09T17:11:03+00:00,-47.33,-57.16,-64.70,-62.56,-66.53,-51.67,-42.88,-52.00,-51.38,-45.30,-47.97,-66.68,-59.65,-45.67,-57.10,-47.71,-58.09,2026-07-09 17:11:03+00:00
2026-07-09T17:12:03+00:00,-47.44,-56.83,-64.90,-62.59,-66.98,-50.90,-42.92,-52.00,-51.44,-45.17,-47.54,-66.88,-59.71,-45.78,-56.78,-47.66,-58.09,2026-07-09 17:12:03+00:00
2026-07-09T17:13:04+00:00,-47.33,-56.65,-64.58,-62.94,-66.60,-51.10,-42.75,-49.73,-50.28,-45.01,-46.89,-66.17,-59.91,-45.69,-56.99,-47.50,-57.76,2026-07-09 17:13:04+00:00
2026-07-09T17:14:03+00:00,-46.69,-56.56,-64.30,-62.47,-65.65,-51.04,-42.65,-49.61,-49.47,-45.08,-46.97,-66.21,-59.71,-45.68,-57.26,-47.65,-57.69,2026-07-09 17:14:03+00:00
2026-07-09T17:15:03+00:00,-46.56,-56.25,-64.53,-62.49,-66.37,-51.09,-42.80,-49.71,-49.50,-45.01,-47.11,-66.34,-59.84,-45.78,-57.43,-47.68,-56.86,2026-07-09 17:15:03+00:00
2026-07-09T17:16:04+00:00,-45.92,-56.45,-64.37,-62.30,-66.10,-50.90,-42.87,-49.66,-49.46,-45.05,-47.10,-66.22,-59.95,-45.67,-57.35,-47.91,-57.45,2026-07-09 17:16:04+00:00
2026-07-09T17:17:04+00:00,-46.30,-56.68,-64.03,-62.55,-65.60,-51.46,-43.02,-51.77,-50.07,-45.26,-47.69,-66.16,-60.13,-45.62,-57.12,-47.92,-57.82,2026-07-09 17:17:04+00:00
2026-07-09T17:18:03+00:00,-47.23,-56.88,-64.40,-62.55,-66.57,-51.17,-42.81,-51.91,-50.17,-45.59,-47.75,-65.89,-60.33,-45.59,-57.77,-47.83,-58.00,2026-07-09 17:18:03+00:00
2026-07-09T17:19:04+00:00,-47.04,-56.77,-64.37,-62.35,-67.21,-51.15,-42.78,-51.90,-50.28,-45.45,-47.80,-65.98,-52.24,-45.45,-57.57,-48.18,-58.13,2026-07-09 17:19:04+00:00
2026-07-09T17:20:04+00:00,-47.36,-56.86,-64.49,-62.41,-66.00,-51.33,-42.92,-51.86,-50.53,-45.65,-47.73,-65.72,-59.97,-45.62,-57.30,-48.23,-57.98,2026-07-09 17:20:04+00:00
2026-07-09T17:21:03+00:00,-46.62,-56.52,-64.55,-62.34,-65.96,-51.94,-42.99,-51.93,-50.30,-45.55,-47.71,-65.85,-59.89,-45.61,-57.38,-48.33,-58.04,2026-07-09 17:21:03+00:00
2026-07-09T17:22:04+00:00,-47.46,-56.71,-64.60,-62.20,-65.84,-51.28,-42.97,-51.78,-50.40,-45.32,-47.81,-65.99,-59.46,-45.57,-57.12,-48.50,-57.37,2026-07-09 17:22:04+00:00
2026-07-09T17:23:04+00:00,-47.71,-56.81,-64.42,-62.38,-65.92,-51.13,-42.94,-51.90,-50.34,-45.67,-47.85,-65.77,-59.63,-45.43,-57.45,-48.32,-57.79,2026-07-09 17:23:04+00:00
2026-07-09T17:24:03+00:00,-47.56,-56.74,-63.99,-62.35,-66.93,-50.70,-42.86,-52.04,-50.43,-45.96,-47.95,-65.70,-59.69,-45.20,-57.25,-48.41,-57.72,2026-07-09 17:24:03+00:00
2026-07-09T17:25:03+00:00,-46.86,-56.93,-64.34,-62.65,-65.73,-51.52,-42.85,-52.01,-49.95,-45.53,-47.93,-66.23,-59.57,-45.38,-56.93,-48.47,-57.78,2026-07-09 17:25:03+00:00
2026-07-09T17:26:04+00:00,-47.78,-56.87,-64.18,-62.09,-66.81,-51.16,-42.96,-51.96,-50.10,-45.78,-47.89,-65.33,-54.74,-45.34,-57.37,-48.58,-57.90,2026-07-09 17:26:04+00:00
2026-07-09T17:27:04+00:00,-47.90,-56.76,-64.48,-62.44,-66.49,-51.29,-43.03,-51.99,-50.52,-45.78,-47.93,-65.92,-54.91,-45.43,-57.43,-48.67,-57.85,2026-07-09 17:27:04+00:00
2026-07-09T17:28:03+00:00,-47.22,-56.00,-63.91,-62.16,-66.73,-51.12,-42.93,-52.04,-50.46,-45.69,-47.89,-65.07,-59.66,-45.26,-57.39,-48.83,-57.84,2026-07-09 17:28:03+00:00
2026-07-09T17:29:04+00:00,-47.00,-56.62,-64.28,-62.37,-65.95,-51.33,-43.18,-52.05,-51.49,-45.86,-47.88,-65.77,-59.79,-45.05,-57.24,-48.81,-57.10,2026-07-09 17:29:04+00:00
2026-07-09T17:30:04+00:00,-45.49,-56.10,-64.72,-62.13,-66.48,-51.28,-43.10,-52.00,-51.76,-45.97,-48.10,-66.66,-59.65,-45.16,-58.02,-49.06,-55.47,2026-07-09 17:30:04+00:00
2026-07-09T17:31:04+00:00,-47.15,-56.05,-64.67,-62.32,-66.68,-50.86,-42.99,-51.97,-51.49,-46.16,-48.37,-66.31,-59.89,-45.03,-57.67,-49.39,-58.03,2026-07-09 17:31:04+00:00
2026-07-09T17:32:04+00:00,-45.41,-56.16,-64.17,-61.90,-66.01,-51.25,-42.90,-52.15,-51.27,-45.96,-48.22,-66.43,-59.18,-45.04,-57.68,-49.43,-55.49,2026-07-09 17:32:04+00:00
2026-07-09T17:33:03+00:00,-47.51,-55.87,-64.26,-62.51,-65.66,-51.23,-43.11,-52.07,-51.32,-45.92,-48.32,-66.52,-59.37,-45.09,-57.53,-49.52,-57.94,2026-07-09 17:33:03+00:00
2026-07-09T17:34:04+00:00,-47.43,-55.95,-64.19,-62.34,-65.47,-49.21,-43.22,-51.92,-51.28,-46.23,-48.30,-66.23,-59.67,-44.92,-57.87,-49.62,-58.10,2026-07-09 17:34:04+00:00
2026-07-09T17:35:04+00:00,-47.37,-55.99,-64.34,-62.22,-66.92,-49.14,-43.10,-52.00,-51.39,-46.30,-48.38,-65.83,-59.68,-44.88,-57.50,-49.71,-57.90,2026-07-09 17:35:04+00:00
2026-07-09T17:36:03+00:00,-47.88,-55.91,-64.25,-62.13,-66.27,-43.96,-43.09,-51.92,-51.78,-46.23,-48.26,-66.65,-59.38,-44.92,-57.06,-49.72,-57.93,2026-07-09 17:36:03+00:00
2026-07-09T17:37:04+00:00,-48.22,-55.90,-64.15,-62.21,-66.51,-43.74,-43.13,-51.92,-51.73,-46.32,-48.38,-66.50,-59.56,-44.80,-57.17,-49.77,-57.73,2026-07-09 17:37:04+00:00
2026-07-09T17:38:03+00:00,-47.53,-55.87,-63.89,-62.16,-67.17,-43.91,-42.88,-51.95,-51.63,-46.21,-48.37,-66.49,-59.61,-45.03,-57.54,-50.07,-57.93,2026-07-09 17:38:03+00:00
2026-07-09T17:39:03+00:00,-47.41,-56.01,-63.98,-62.53,-66.17,-43.85,-43.03,-51.90,-51.81,-46.18,-48.42,-66.31,-60.33,-44.84,-57.50,-50.36,-57.72,2026-07-09 17:39:03+00:00
2026-07-09T17:40:04+00:00,-47.66,-56.00,-63.44,-62.27,-65.74,-44.12,-42.99,-52.01,-52.56,-46.46,-48.33,-60.19,-60.04,-44.78,-57.71,-50.29,-57.86,2026-07-09 17:40:04+00:00
2026-07-09T17:41:03+00:00,-48.24,-55.99,-64.04,-62.47,-67.08,-43.86,-43.00,-51.93,-52.22,-46.34,-48.29,-65.93,-60.24,-44.64,-57.81,-50.31,-57.97,2026-07-09 17:41:03+00:00
2026-07-09T17:42:03+00:00,-48.26,-56.24,-64.27,-62.26,-65.79,-43.83,-43.05,-52.02,-51.60,-46.41,-48.40,-65.02,-59.88,-44.65,-57.37,-50.27,-57.67,2026-07-09 17:42:03+00:00
2026-07-09T17:43:04+00:00,-48.33,-55.65,-64.29,-62.28,-66.15,-44.17,-43.18,-51.96,-52.48,-46.39,-48.40,-65.04,-59.89,-44.74,-57.71,-50.28,-57.48,2026-07-09 17:43:04+00:00
2026-07-09T17:44:03+00:00,-48.29,-55.39,-63.36,-62.34,-65.78,-43.86,-43.06,-51.44,-51.80,-46.39,-48.32,-64.21,-60.04,-44.66,-57.89,-50.29,-57.62,2026-07-09 17:44:03+00:00
2026-07-09T17:45:03+00:00,-48.21,-55.64,-63.71,-62.29,-66.25,-44.07,-43.22,-51.39,-52.48,-47.44,-48.58,-65.47,-60.26,-44.66,-57.22,-50.22,-57.42,2026-07-09 17:45:03+00:00
2026-07-09T17:46:04+00:00,-48.50,-55.57,-63.90,-61.86,-67.34,-43.78,-42.95,-51.46,-52.30,-47.45,-48.57,-64.99,-60.37,-44.64,-57.69,-50.20,-57.12,2026-07-09 17:46:04+00:00
2026-07-09T17:47:04+00:00,-48.38,-55.68,-63.85,-62.32,-66.93,-43.39,-42.86,-51.47,-52.11,-47.55,-48.73,-63.61,-60.04,-44.65,-57.81,-50.42,-57.41,2026-07-09 17:47:04+00:00
2026-07-09T17:48:03+00:00,-48.93,-55.82,-63.71,-62.21,-66.71,-44.04,-42.95,-51.49,-51.50,-47.69,-48.58,-63.57,-60.23,-44.46,-57.22,-50.37,-57.50,2026-07-09 17:48:03+00:00
2026-07-09T17:49:04+00:00,-48.76,-55.66,-64.52,-62.31,-66.55,-43.82,-43.14,-51.44,-51.52,-47.50,-48.66,-63.85,-59.93,-44.46,-57.97,-50.16,-57.73,2026-07-09 17:49:04+00:00
2026-07-09T17:50:04+00:00,-48.65,-55.70,-64.59,-62.88,-66.16,-43.87,-43.23,-51.47,-51.43,-47.60,-48.77,-64.15,-60.66,-44.60,-57.99,-50.46,-57.57,2026-07-09 17:50:04+00:00
2026-07-09T17:51:03+00:00,-48.82,-55.64,-64.24,-62.33,-66.84,-44.41,-43.03,-51.49,-51.27,-47.60,-48.79,-64.07,-60.37,-44.68,-57.81,-50.70,-57.82,2026-07-09 17:51:03+00:00
2026-07-09T17:52:03+00:00,-49.06,-55.90,-64.58,-62.34,-66.55,-44.14,-43.12,-51.50,-51.34,-47.61,-48.80,-66.14,-60.35,-44.61,-57.81,-50.69,-57.60,2026-07-09 17:52:03+00:00
2026-07-09T17:53:04+00:00,-48.45,-55.67,-64.53,-62.40,-67.08,-44.53,-43.23,-51.54,-51.30,-47.68,-48.91,-65.73,-60.14,-44.45,-58.02,-50.68,-57.59,2026-07-09 17:53:04+00:00
2026-07-09T17:54:03+00:00,-48.47,-54.98,-65.18,-62.17,-66.77,-43.82,-43.17,-51.48,-51.43,-47.73,-48.91,-66.60,-57.77,-44.63,-57.51,-50.42,-57.42,2026-07-09 17:54:03+00:00
2026-07-09T17:55:03+00:00,-48.63,-55.55,-64.24,-61.93,-66.24,-44.25,-43.19,-51.50,-51.61,-47.80,-48.95,-66.64,-57.80,-44.58,-57.78,-50.31,-57.50,2026-07-09 17:55:03+00:00
2026-07-09T17:56:04+00:00,-48.58,-53.68,-64.20,-62.12,-66.62,-43.96,-43.26,-51.46,-52.06,-47.90,-48.79,-66.17,-58.30,-44.94,-57.51,-50.74,-57.29,2026-07-09 17:56:04+00:00
2026-07-09T17:57:04+00:00,-48.87,-56.72,-63.94,-62.62,-66.21,-44.10,-43.11,-51.50,-52.21,-47.78,-48.98,-66.08,-57.53,-44.55,-58.15,-50.38,-57.64,2026-07-09 17:57:04+00:00
2026-07-09T17:58:03+00:00,-49.40,-57.14,-63.97,-62.12,-66.05,-44.30,-43.11,-51.57,-52.18,-48.10,-48.96,-66.03,-58.29,-44.73,-57.99,-50.67,-57.46,2026-07-09 17:58:03+00:00
2026-07-09T17:59:04+00:00,-48.99,-57.08,-63.90,-62.54,-67.13,-44.52,-43.26,-51.52,-50.38,-48.04,-48.97,-66.16,-58.37,-44.74,-58.07,-50.70,-57.61,2026-07-09 17:59:04+00:00
2026-07-09T18:00:04+00:00,-48.71,-57.07,-63.87,-62.12,-66.25,-44.44,-43.34,-51.51,-50.15,-47.89,-48.98,-66.36,-58.27,-44.79,-57.72,-50.68,-57.56,2026-07-09 18:00:04+00:00
2026-07-09T18:01:04+00:00,-48.99,-57.09,-64.32,-62.21,-66.21,-44.49,-43.16,-51.55,-50.16,-47.89,-48.88,-66.25,-57.86,-44.84,-57.81,-50.49,-57.57,2026-07-09 18:01:04+00:00
2026-07-09T18:02:03+00:00,-48.97,-56.99,-64.34,-62.12,-66.27,-44.77,-43.45,-51.54,-50.38,-48.12,-48.82,-65.98,-58.30,-44.91,-58.64,-50.79,-57.33,2026-07-09 18:02:03+00:00
2026-07-09T18:03:04+00:00,-48.62,-56.93,-63.87,-61.88,-66.08,-44.03,-43.22,-51.63,-50.46,-47.96,-49.00,-65.95,-58.98,-44.67,-57.81,-50.74,-56.66,2026-07-09 18:03:04+00:00
2026-07-09T18:04:03+00:00,-48.10,-56.82,-64.12,-62.47,-66.39,-43.76,-43.41,-51.62,-50.26,-47.85,-48.91,-65.72,-58.35,-44.77,-58.46,-50.56,-56.93,2026-07-09 18:04:03+00:00
2026-07-09T18:05:04+00:00,-48.02,-56.82,-64.26,-62.51,-66.34,-45.54,-43.28,-51.55,-50.62,-48.15,-49.11,-65.84,-59.69,-44.80,-58.40,-50.42,-56.80,2026-07-09 18:05:04+00:00
2026-07-09T18:06:03+00:00,-47.84,-56.81,-63.98,-62.20,-66.43,-50.78,-43.33,-51.59,-49.99,-48.08,-49.11,-64.22,-59.62,-45.05,-58.05,-50.45,-56.93,2026-07-09 18:06:03+00:00
2026-07-09T18:07:03+00:00,-48.08,-57.21,-63.34,-62.00,-66.88,-51.15,-43.28,-51.72,-49.84,-48.22,-49.15,-63.74,-59.36,-45.02,-58.32,-50.27,-55.72,2026-07-09 18:07:03+00:00
2026-07-09T18:08:03+00:00,-47.58,-56.77,-63.58,-62.45,-67.35,-51.23,-43.43,-51.73,-49.86,-48.24,-49.25,-62.53,-58.47,-45.11,-58.35,-50.38,-56.00,2026-07-09 18:08:03+00:00
2026-07-09T18:09:04+00:00,-48.02,-56.99,-63.96,-62.15,-66.66,-51.14,-43.26,-51.84,-49.75,-48.25,-49.23,-61.98,-58.87,-45.23,-57.90,-50.46,-57.12,2026-07-09 18:09:04+00:00
2026-07-09T18:10:03+00:00,-47.94,-57.20,-63.93,-62.64,-66.26,-51.03,-43.49,-51.84,-49.90,-48.01,-49.28,-64.78,-60.51,-45.22,-58.53,-50.40,-56.91,2026-07-09 18:10:03+00:00
2026-07-09T18:11:03+00:00,-46.82,-57.35,-63.38,-62.12,-65.67,-51.13,-43.37,-51.96,-50.02,-48.43,-49.21,-63.77,-60.65,-45.21,-58.24,-50.41,-56.99,2026-07-09 18:11:03+00:00
2026-07-09T18:12:04+00:00,-45.80,-56.29,-62.96,-62.36,-66.38,-51.02,-43.41,-51.93,-49.89,-48.17,-49.13,-64.32,-60.93,-45.53,-58.64,-50.18,-57.22,2026-07-09 18:12:04+00:00
2026-07-09T18:13:03+00:00,-45.99,-57.34,-62.81,-62.17,-66.83,-51.20,-43.44,-52.08,-50.01,-48.09,-49.24,-64.44,-60.11,-45.40,-58.40,-50.21,-56.39,2026-07-09 18:13:03+00:00
2026-07-09T18:14:03+00:00,-45.71,-57.02,-63.10,-62.28,-65.18,-50.88,-43.39,-52.18,-51.23,-48.29,-49.43,-64.61,-60.94,-45.60,-58.64,-50.04,-52.55,2026-07-09 18:14:03+00:00
2026-07-09T18:15:04+00:00,-46.03,-57.07,-63.30,-62.20,-66.40,-50.90,-43.37,-52.29,-51.28,-48.36,-49.43,-64.89,-60.31,-45.37,-58.38,-50.03,-53.00,2026-07-09 18:15:04+00:00
2026-07-09T18:16:03+00:00,-45.71,-57.15,-63.26,-62.42,-65.95,-50.78,-43.30,-52.40,-51.36,-48.48,-49.02,-65.15,-60.17,-45.81,-58.38,-50.15,-52.81,2026-07-09 18:16:03+00:00
2026-07-09T18:17:03+00:00,-45.32,-57.09,-63.25,-62.56,-66.97,-51.17,-43.52,-52.63,-51.34,-48.53,-49.32,-65.15,-61.28,-45.80,-58.26,-49.98,-54.02,2026-07-09 18:17:03+00:00
2026-07-09T18:18:04+00:00,-46.30,-57.30,-63.43,-62.48,-66.00,-51.04,-43.24,-53.18,-51.60,-48.19,-49.66,-65.14,-61.68,-45.82,-58.10,-49.77,-52.76,2026-07-09 18:18:04+00:00
2026-07-09T18:19:04+00:00,-46.11,-57.17,-63.50,-62.34,-66.33,-51.10,-43.18,-53.25,-51.31,-48.26,-50.66,-65.36,-61.82,-46.00,-58.36,-49.64,-52.74,2026-07-09 18:19:04+00:00
2026-07-09T18:20:03+00:00,-46.09,-56.94,-63.27,-62.11,-66.80,-51.38,-43.42,-53.41,-51.25,-48.26,-50.37,-64.85,-61.68,-45.90,-58.91,-49.70,-52.66,2026-07-09 18:20:03+00:00
2026-07-09T18:21:04+00:00,-45.96,-56.95,-62.98,-62.43,-66.67,-51.46,-43.38,-53.50,-51.72,-48.22,-49.57,-64.74,-61.65,-46.16,-59.09,-49.99,-52.28,2026-07-09 18:21:04+00:00
2026-07-09T18:22:04+00:00,-45.84,-56.97,-62.53,-62.57,-66.23,-50.77,-43.64,-53.65,-51.58,-48.32,-49.31,-64.45,-61.68,-46.13,-58.99,-49.73,-52.67,2026-07-09 18:22:04+00:00
2026-07-09T18:23:03+00:00,-46.40,-57.13,-61.86,-62.17,-65.68,-51.12,-43.45,-53.62,-51.92,-48.39,-49.38,-61.31,-61.63,-46.03,-58.78,-49.60,-52.64,2026-07-09 18:23:03+00:00
2026-07-09T18:24:04+00:00,-46.13,-57.16,-62.12,-62.42,-66.30,-51.01,-43.54,-53.80,-51.98,-48.31,-50.72,-63.02,-61.90,-45.87,-59.36,-49.61,-52.84,2026-07-09 18:24:04+00:00
2026-07-09T18:25:04+00:00,-46.30,-57.19,-62.15,-62.16,-66.85,-51.40,-43.34,-53.82,-51.79,-48.21,-50.57,-62.79,-61.57,-46.05,-58.79,-49.28,-52.34,2026-07-09 18:25:04+00:00
2026-07-09T18:26:03+00:00,-45.55,-56.97,-61.81,-62.23,-66.49,-50.74,-43.43,-53.86,-51.85,-48.16,-50.46,-62.54,-61.71,-46.17,-58.86,-49.39,-53.61,2026-07-09 18:26:03+00:00
2026-07-09T18:27:04+00:00,-45.49,-57.27,-62.63,-62.27,-66.15,-50.98,-43.40,-53.99,-51.79,-48.38,-50.39,-62.65,-61.86,-45.93,-59.22,-49.26,-52.74,2026-07-09 18:27:04+00:00
2026-07-09T18:28:04+00:00,-45.47,-57.17,-62.06,-62.51,-66.71,-50.76,-43.47,-54.06,-51.54,-48.29,-50.45,-62.23,-61.89,-45.88,-58.92,-49.24,-53.84,2026-07-09 18:28:04+00:00
2026-07-09T18:29:04+00:00,-45.03,-57.22,-62.94,-62.71,-66.32,-51.07,-43.47,-54.34,-52.02,-48.51,-50.44,-64.91,-62.09,-46.21,-58.83,-49.00,-56.16,2026-07-09 18:29:04+00:00
2026-07-09T18:30:03+00:00,-45.39,-57.35,-62.37,-62.63,-66.68,-49.37,-43.20,-54.41,-52.00,-48.16,-49.17,-64.59,-62.04,-46.06,-59.04,-48.84,-56.38,2026-07-09 18:30:03+00:00
2026-07-09T18:31:03+00:00,-45.53,-57.31,-62.43,-62.45,-65.77,-49.32,-43.42,-54.56,-51.68,-48.55,-47.85,-64.93,-61.64,-46.23,-59.44,-49.14,-56.64,2026-07-09 18:31:03+00:00
2026-07-09T18:32:04+00:00,-45.28,-57.26,-62.41,-62.09,-66.04,-50.55,-43.50,-54.68,-51.33,-48.66,-47.93,-64.68,-61.92,-46.13,-58.76,-48.99,-55.78,2026-07-09 18:32:04+00:00
2026-07-09T18:33:03+00:00,-45.38,-56.75,-62.51,-62.50,-65.54,-51.12,-43.33,-54.84,-51.85,-48.99,-48.00,-65.03,-61.89,-46.19,-59.13,-48.81,-56.40,2026-07-09 18:33:03+00:00
2026-07-09T18:34:03+00:00,-45.21,-56.92,-62.59,-62.34,-66.90,-50.51,-43.45,-55.15,-52.06,-48.98,-48.17,-64.83,-62.04,-46.06,-58.96,-48.83,-56.21,2026-07-09 18:34:03+00:00
2026-07-09T18:35:04+00:00,-45.23,-57.19,-62.52,-62.50,-67.23,-51.00,-43.44,-55.44,-52.03,-49.08,-48.25,-64.55,-61.90,-46.21,-59.27,-48.81,-56.27,2026-07-09 18:35:04+00:00
2026-07-09T18:36:03+00:00,-45.35,-56.79,-63.14,-62.49,-65.44,-51.11,-43.42,-55.56,-51.72,-49.11,-48.35,-65.45,-62.01,-46.21,-59.46,-49.01,-56.37,2026-07-09 18:36:03+00:00
2026-07-09T18:37:04+00:00,-46.26,-57.27,-62.10,-62.14,-66.13,-51.14,-43.25,-55.96,-51.51,-49.34,-47.98,-61.11,-62.59,-46.26,-59.30,-49.07,-56.20,2026-07-09 18:37:04+00:00
2026-07-09T18:38:04+00:00,-46.38,-56.97,-62.45,-62.27,-66.11,-50.23,-43.33,-56.20,-51.66,-49.20,-48.39,-63.20,-63.26,-46.10,-59.13,-49.16,-56.33,2026-07-09 18:38:04+00:00
2026-07-09T18:39:03+00:00,-46.13,-57.23,-62.53,-62.55,-66.53,-50.42,-43.44,-56.49,-51.65,-49.27,-48.54,-64.33,-63.68,-45.91,-59.50,-48.97,-56.55,2026-07-09 18:39:03+00:00
2026-07-09T18:40:04+00:00,-46.19,-57.26,-62.28,-62.57,-66.79,-51.01,-43.21,-56.76,-51.63,-49.37,-47.62,-63.25,-63.29,-45.95,-59.46,-48.91,-55.93,2026-07-09 18:40:04+00:00
2026-07-09T18:41:04+00:00,-45.97,-57.27,-62.06,-62.25,-66.27,-51.12,-43.14,-57.08,-51.52,-49.20,-48.85,-62.64,-63.33,-45.87,-58.71,-48.72,-56.06,2026-07-09 18:41:04+00:00
2026-07-09T18:42:03+00:00,-45.74,-57.26,-62.00,-62.23,-66.09,-50.79,-43.38,-57.67,-51.71,-49.33,-48.51,-62.84,-63.41,-45.59,-58.92,-48.64,-56.71,2026-07-09 18:42:03+00:00
2026-07-09T18:43:04+00:00,-45.89,-57.42,-62.20,-62.11,-65.59,-50.98,-43.46,-57.62,-51.51,-49.44,-48.43,-63.15,-63.39,-45.70,-59.48,-48.72,-55.57,2026-07-09 18:43:04+00:00
2026-07-09T18:44:04+00:00,-46.25,-57.45,-61.93,-62.41,-66.94,-51.01,-43.30,-57.93,-50.29,-49.48,-48.28,-61.08,-63.00,-45.41,-59.40,-48.40,-56.54,2026-07-09 18:44:04+00:00
2026-07-09T18:45:03+00:00,-46.25,-57.76,-62.05,-62.12,-66.56,-51.07,-43.34,-58.75,-50.49,-49.53,-48.38,-64.70,-63.16,-44.95,-59.26,-48.50,-56.23,2026-07-09 18:45:03+00:00
2026-07-09T18:46:04+00:00,-46.43,-57.57,-62.32,-62.31,-65.89,-51.02,-43.46,-58.77,-50.50,-49.30,-48.45,-63.23,-63.53,-45.10,-59.35,-48.27,-56.68,2026-07-09 18:46:04+00:00
2026-07-09T18:47:04+00:00,-47.00,-57.67,-62.17,-62.41,-65.81,-50.69,-43.49,-59.45,-50.41,-49.50,-48.39,-63.11,-63.44,-44.92,-59.46,-48.24,-56.83,2026-07-09 18:47:04+00:00
2026-07-09T18:48:03+00:00,-47.25,-57.22,-62.09,-62.21,-65.55,-50.72,-43.30,-59.74,-50.32,-49.49,-48.51,-62.94,-63.73,-44.73,-59.09,-47.85,-56.74,2026-07-09 18:48:03+00:00
2026-07-09T18:49:03+00:00,-47.14,-56.85,-62.15,-62.52,-66.82,-50.81,-43.36,-59.84,-50.32,-49.96,-48.54,-63.24,-63.80,-44.76,-59.48,-48.02,-56.70,2026-07-09 18:49:03+00:00
2026-07-09T18:50:04+00:00,-46.91,-56.90,-62.31,-62.75,-67.70,-50.93,-43.48,-60.43,-50.37,-49.77,-48.62,-63.05,-63.93,-44.56,-59.56,-48.01,-57.19,2026-07-09 18:50:04+00:00
2026-07-09T18:51:03+00:00,-46.82,-56.73,-62.67,-62.47,-66.35,-50.62,-43.40,-60.20,-50.34,-49.66,-48.41,-64.97,-63.69,-44.38,-59.03,-47.91,-56.99,2026-07-09 18:51:03+00:00
2026-07-09T18:52:03+00:00,-46.37,-56.64,-62.19,-62.27,-66.95,-50.78,-43.29,-60.15,-50.42,-49.61,-48.90,-62.39,-63.66,-44.36,-59.14,-47.88,-56.27,2026-07-09 18:52:03+00:00
2026-07-09T18:53:04+00:00,-46.55,-56.90,-62.36,-62.61,-66.46,-50.92,-43.33,-60.50,-50.27,-49.65,-48.51,-63.26,-63.62,-44.11,-59.18,-48.02,-56.18,2026-07-09 18:53:04+00:00
2026-07-09T18:54:04+00:00,-46.60,-56.70,-62.29,-62.40,-66.41,-50.68,-43.39,-60.26,-50.41,-49.62,-48.84,-63.13,-64.02,-43.84,-59.45,-48.01,-56.06,2026-07-09 18:54:04+00:00
2026-07-09T18:55:03+00:00,-45.04,-57.09,-62.28,-62.60,-65.68,-50.59,-43.46,-60.22,-50.36,-49.69,-48.66,-63.24,-64.09,-43.82,-59.10,-48.09,-56.51,2026-07-09 18:55:03+00:00
2026-07-09T18:56:04+00:00,-45.61,-56.17,-59.93,-60.80,-63.27,-50.27,-43.48,-58.58,-50.11,-49.53,-48.72,-60.97,-61.50,-43.39,-58.15,-47.78,-56.23,2026-07-09 18:56:04+00:00
2026-07-09T18:57:04+00:00,-45.49,-55.81,-59.98,-61.37,-63.70,-50.14,-43.57,-58.75,-50.21,-49.54,-48.65,-61.19,-62.43,-43.15,-58.67,-48.29,-55.81,2026-07-09 18:57:04+00:00
2026-07-09T18:58:03+00:00,-45.88,-56.21,-59.95,-60.82,-63.09,-49.81,-43.54,-58.89,-50.27,-49.59,-48.65,-61.58,-62.77,-42.81,-58.54,-48.24,-55.69,2026-07-09 18:58:03+00:00
2026-07-09T18:59:04+00:00,-45.47,-56.53,-60.13,-60.80,-64.02,-50.28,-43.56,-58.93,-51.58,-49.29,-48.57,-60.07,-62.56,-42.64,-58.47,-48.26,-55.93,2026-07-09 18:59:04+00:00
2026-07-09T19:00:04+00:00,-45.75,-55.70,-60.23,-60.65,-63.74,-50.42,-43.44,-59.02,-51.31,-49.65,-48.87,-60.49,-63.17,-42.61,-58.18,-48.25,-55.80,2026-07-09 19:00:04+00:00
2026-07-09T19:01:04+00:00,-46.66,-56.77,-60.12,-60.23,-63.82,-50.92,-43.48,-58.20,-51.33,-49.54,-48.70,-59.89,-61.94,-42.32,-58.34,-48.22,-55.56,2026-07-09 19:01:04+00:00
2026-07-09T19:02:04+00:00,-46.68,-57.26,-60.79,-60.73,-64.05,-50.33,-43.60,-59.09,-51.29,-49.81,-48.63,-60.48,-63.07,-41.84,-58.40,-48.33,-56.05,2026-07-09 19:02:04+00:00
2026-07-09T19:03:03+00:00,-46.25,-56.93,-60.19,-61.31,-64.23,-50.83,-43.42,-59.28,-51.64,-49.76,-48.66,-62.04,-62.79,-42.00,-58.09,-48.28,-54.34,2026-07-09 19:03:03+00:00
2026-07-09T19:04:04+00:00,-46.81,-57.32,-60.52,-60.98,-62.94,-48.55,-43.53,-58.66,-51.44,-49.73,-48.88,-61.49,-62.70,-41.80,-58.37,-48.34,-56.53,2026-07-09 19:04:04+00:00
2026-07-09T19:05:04+00:00,-46.73,-57.24,-61.13,-60.96,-64.55,-48.79,-43.51,-58.69,-51.26,-49.66,-48.72,-62.67,-62.64,-41.42,-58.53,-48.15,-56.08,2026-07-09 19:05:04+00:00
2026-07-09T19:06:04+00:00,-46.79,-56.82,-60.16,-61.17,-63.90,-46.50,-43.49,-58.65,-51.85,-49.11,-48.52,-61.45,-63.19,-41.47,-58.09,-48.21,-56.20,2026-07-09 19:06:04+00:00
2026-07-09T19:07:04+00:00,-46.88,-54.97,-60.51,-61.35,-63.59,-46.98,-43.44,-58.88,-51.50,-49.14,-48.69,-61.33,-62.98,-41.16,-58.64,-48.11,-55.80,2026-07-09 19:07:04+00:00
2026-07-09T19:08:03+00:00,-46.19,-55.26,-60.54,-61.09,-63.14,-46.76,-43.29,-58.81,-51.77,-48.93,-48.46,-61.39,-63.29,-41.27,-58.17,-48.13,-55.14,2026-07-09 19:08:03+00:00
2026-07-09T19:09:03+00:00,-46.56,-55.10,-60.42,-60.93,-64.08,-44.06,-43.34,-58.72,-51.32,-49.04,-48.87,-60.94,-63.30,-41.33,-58.02,-48.10,-55.98,2026-07-09 19:09:03+00:00
2026-07-09T19:10:04+00:00,-46.77,-55.25,-60.39,-61.43,-64.13,-44.41,-43.44,-58.70,-51.47,-48.80,-48.62,-60.80,-62.82,-41.02,-58.21,-47.89,-56.15,2026-07-09 19:10:04+00:00
2026-07-09T19:11:03+00:00,-46.74,-55.23,-60.06,-61.22,-64.17,-44.15,-43.83,-58.90,-51.54,-48.83,-48.72,-62.08,-63.94,-41.08,-58.19,-47.74,-53.87,2026-07-09 19:11:03+00:00
2026-07-09T19:12:03+00:00,-47.34,-56.53,-59.84,-61.19,-63.71,-44.32,-43.50,-58.82,-51.72,-48.75,-48.89,-61.53,-63.71,-40.93,-58.25,-48.03,-53.78,2026-07-09 19:12:03+00:00
2026-07-09T19:13:04+00:00,-47.06,-56.96,-60.38,-60.48,-63.74,-44.13,-43.63,-58.70,-51.23,-48.68,-48.83,-61.19,-63.32,-41.08,-57.97,-47.92,-53.47,2026-07-09 19:13:04+00:00
2026-07-09T19:14:03+00:00,-46.79,-56.95,-60.83,-60.35,-64.26,-43.89,-43.29,-58.71,-51.62,-48.82,-49.05,-60.67,-63.30,-41.04,-58.38,-47.89,-53.89,2026-07-09 19:14:03+00:00
2026-07-09T19:15:03+00:00,-46.58,-56.02,-60.69,-60.27,-63.78,-44.05,-43.46,-59.14,-51.38,-48.60,-49.00,-61.11,-64.03,-41.23,-58.18,-48.12,-54.27,2026-07-09 19:15:03+00:00
2026-07-09T19:16:04+00:00,-46.28,-56.74,-60.73,-60.76,-63.57,-44.08,-43.18,-58.95,-51.39,-48.71,-48.99,-61.28,-63.73,-41.18,-58.22,-48.31,-54.02,2026-07-09 19:16:04+00:00
2026-07-09T19:17:04+00:00,-46.39,-56.68,-60.98,-60.85,-62.89,-44.26,-42.82,-59.06,-51.47,-48.92,-49.15,-62.20,-64.21,-40.97,-57.48,-48.67,-53.25,2026-07-09 19:17:04+00:00
2026-07-09T19:18:03+00:00,-46.89,-56.54,-60.84,-61.03,-63.67,-44.29,-43.32,-59.36,-52.08,-48.94,-49.92,-62.32,-64.16,-41.30,-58.05,-48.91,-53.75,2026-07-09 19:18:03+00:00
2026-07-09T19:19:04+00:00,-46.88,-56.41,-60.68,-60.91,-63.79,-44.09,-43.53,-59.19,-51.86,-49.11,-49.92,-61.95,-63.79,-41.02,-58.00,-49.09,-54.01,2026-07-09 19:19:04+00:00
2026-07-09T19:20:04+00:00,-46.87,-56.22,-60.80,-60.80,-64.56,-43.95,-43.53,-58.93,-51.53,-49.14,-50.03,-61.92,-63.84,-41.10,-57.60,-49.29,-54.06,2026-07-09 19:20:04+00:00
2026-07-09T19:21:03+00:00,-46.59,-56.38,-60.77,-61.13,-63.15,-43.97,-43.60,-58.91,-51.17,-49.24,-50.03,-62.01,-64.38,-41.09,-57.66,-49.45,-53.86,2026-07-09 19:21:03+00:00
2026-07-09T19:22:04+00:00,-47.30,-56.78,-60.25,-60.83,-63.92,-44.26,-43.34,-59.16,-51.23,-49.34,-50.03,-62.35,-63.67,-41.17,-57.82,-49.40,-53.63,2026-07-09 19:22:04+00:00
2026-07-09T19:23:04+00:00,-47.18,-56.75,-60.92,-61.06,-63.26,-44.61,-43.36,-58.92,-51.40,-49.32,-49.95,-60.00,-63.27,-41.13,-57.83,-49.36,-54.58,2026-07-09 19:23:04+00:00
2026-07-09T19:24:03+00:00,-47.12,-56.89,-61.44,-61.55,-63.85,-44.59,-43.38,-59.00,-51.03,-49.54,-50.13,-61.64,-62.77,-41.19,-57.44,-49.40,-55.38,2026-07-09 19:24:03+00:00
2026-07-09T19:25:03+00:00,-47.27,-56.53,-61.25,-61.52,-65.33,-44.10,-43.41,-58.61,-50.84,-49.69,-49.86,-61.14,-63.18,-41.05,-57.57,-49.14,-55.24,2026-07-09 19:25:03+00:00
2026-07-09T19:26:04+00:00,-47.77,-56.05,-61.03,-61.38,-64.52,-44.59,-43.39,-58.96,-51.01,-49.67,-49.87,-61.50,-62.51,-41.15,-57.48,-48.88,-55.83,2026-07-09 19:26:04+00:00
2026-07-09T19:27:03+00:00,-47.68,-57.05,-61.32,-61.55,-64.71,-44.62,-43.37,-59.12,-51.02,-49.90,-50.22,-61.06,-62.27,-41.44,-57.77,-48.77,-55.41,2026-07-09 19:27:03+00:00
2026-07-09T19:28:03+00:00,-47.90,-56.96,-62.11,-61.25,-63.14,-44.72,-43.38,-58.83,-50.83,-49.82,-49.92,-60.79,-62.70,-41.27,-57.43,-48.62,-56.13,2026-07-09 19:28:03+00:00
2026-07-09T19:29:04+00:00,-47.66,-57.15,-61.95,-61.33,-62.93,-43.51,-43.29,-58.95,-50.84,-50.19,-50.25,-59.54,-62.17,-41.44,-57.53,-48.47,-55.56,2026-07-09 19:29:04+00:00
2026-07-09T19:30:04+00:00,-47.57,-57.38,-62.59,-61.59,-64.48,-44.05,-43.45,-59.31,-50.85,-50.14,-50.06,-61.04,-61.84,-41.86,-57.44,-48.32,-56.15,2026-07-09 19:30:04+00:00
2026-07-09T19:31:04+00:00,-47.82,-56.83,-63.22,-61.32,-62.92,-44.47,-43.48,-58.76,-50.87,-50.11,-49.99,-61.43,-63.57,-41.95,-57.14,-48.56,-55.87,2026-07-09 19:31:04+00:00
2026-07-09T19:32:04+00:00,-47.88,-57.04,-63.26,-61.07,-63.83,-44.65,-43.31,-58.75,-50.95,-50.47,-49.98,-61.02,-62.72,-42.01,-57.52,-48.35,-54.87,2026-07-09 19:32:04+00:00
2026-07-09T19:33:04+00:00,-47.98,-56.57,-62.86,-61.55,-64.10,-44.22,-43.50,-59.32,-50.79,-50.58,-49.98,-61.14,-63.65,-42.28,-57.62,-48.65,-56.14,2026-07-09 19:33:04+00:00
2026-07-09T19:34:03+00:00,-47.64,-56.61,-62.74,-61.27,-63.30,-44.75,-43.88,-58.81,-50.64,-50.55,-49.93,-60.87,-62.74,-42.75,-57.00,-48.95,-55.86,2026-07-09 19:34:03+00:00
2026-07-09T19:35:04+00:00,-47.45,-56.44,-62.48,-61.39,-63.35,-44.76,-43.34,-59.07,-50.96,-50.66,-49.84,-60.71,-62.54,-42.84,-57.18,-49.04,-55.64,2026-07-09 19:35:04+00:00
2026-07-09T19:36:03+00:00,-47.19,-56.83,-62.16,-61.15,-63.53,-44.64,-43.34,-59.35,-50.86,-50.87,-49.60,-61.34,-62.73,-42.85,-56.99,-49.23,-54.70,2026-07-09 19:36:03+00:00
2026-07-09T19:37:04+00:00,-46.90,-56.74,-62.26,-61.80,-64.26,-44.14,-43.37,-59.63,-51.27,-50.94,-50.06,-60.57,-62.69,-43.44,-56.89,-49.50,-55.33,2026-07-09 19:37:04+00:00
2026-07-09T19:38:04+00:00,-46.85,-56.86,-62.45,-61.61,-63.75,-43.71,-43.37,-59.82,-51.39,-51.58,-49.75,-59.15,-62.24,-43.55,-57.03,-50.01,-55.43,2026-07-09 19:38:04+00:00
2026-07-09T19:39:03+00:00,-48.73,-56.77,-61.84,-61.46,-62.84,-44.85,-43.29,-59.52,-51.76,-51.55,-49.88,-58.71,-62.59,-43.63,-56.56,-50.01,-55.87,2026-07-09 19:39:03+00:00
2026-07-09T19:40:04+00:00,-48.70,-56.84,-62.30,-61.58,-63.55,-44.02,-43.35,-59.49,-51.79,-51.61,-49.75,-60.33,-61.58,-43.80,-57.15,-50.57,-55.69,2026-07-09 19:40:04+00:00
2026-07-09T19:41:04+00:00,-47.83,-56.43,-61.70,-61.33,-63.10,-44.43,-43.34,-59.16,-51.75,-52.03,-49.77,-58.66,-61.93,-43.99,-57.23,-51.34,-55.56,2026-07-09 19:41:04+00:00
2026-07-09T19:42:03+00:00,-47.99,-56.93,-62.67,-61.63,-63.55,-44.60,-43.42,-58.30,-51.68,-51.86,-49.53,-60.62,-61.91,-44.14,-56.99,-51.59,-55.64,2026-07-09 19:42:03+00:00
2026-07-09T19:43:04+00:00,-48.55,-56.65,-61.87,-61.49,-62.44,-44.66,-43.35,-58.80,-51.77,-52.12,-49.84,-58.73,-61.74,-44.46,-57.04,-51.58,-56.13,2026-07-09 19:43:04+00:00
2026-07-09T19:44:04+00:00,-48.89,-56.76,-61.93,-61.34,-62.05,-44.51,-43.38,-59.26,-51.42,-52.64,-49.65,-60.04,-61.61,-44.50,-54.38,-52.08,-55.51,2026-07-09 19:44:04+00:00
2026-07-09T19:45:03+00:00,-48.98,-56.85,-62.15,-61.81,-63.00,-44.85,-43.36,-59.15,-51.42,-52.56,-49.77,-60.92,-61.80,-44.12,-56.69,-52.34,-55.90,2026-07-09 19:45:03+00:00
2026-07-09T19:46:04+00:00,-49.04,-56.70,-62.51,-62.03,-62.70,-44.90,-43.27,-59.15,-51.10,-52.70,-49.48,-61.23,-61.15,-44.00,-56.73,-53.13,-55.76,2026-07-09 19:46:04+00:00
2026-07-09T19:47:04+00:00,-48.68,-56.64,-62.07,-61.78,-62.75,-45.41,-43.20,-59.05,-51.20,-52.99,-49.94,-58.44,-60.98,-44.14,-56.33,-53.13,-55.74,2026-07-09 19:47:04+00:00
2026-07-09T19:48:03+00:00,-49.42,-56.87,-62.01,-61.83,-63.02,-45.40,-43.22,-58.99,-51.11,-52.81,-50.09,-58.63,-61.13,-44.14,-56.22,-53.25,-55.74,2026-07-09 19:48:03+00:00
2026-07-09T19:49:04+00:00,-49.65,-56.85,-62.26,-61.98,-63.35,-44.89,-43.34,-58.65,-51.18,-53.01,-50.14,-58.86,-61.00,-44.01,-56.59,-53.23,-55.11,2026-07-09 19:49:04+00:00
2026-07-09T19:50:04+00:00,-49.65,-56.79,-62.26,-61.75,-64.60,-45.10,-43.12,-58.75,-51.21,-53.46,-49.63,-59.66,-56.79,-44.34,-55.93,-53.92,-55.80,2026-07-09 19:50:04+00:00
2026-07-09T19:51:03+00:00,-49.61,-56.81,-61.96,-61.48,-62.91,-45.15,-43.13,-58.76,-51.65,-53.45,-50.11,-58.31,-53.95,-44.52,-56.33,-53.84,-56.16,2026-07-09 19:51:03+00:00
2026-07-09T19:52:03+00:00,-49.10,-56.89,-62.11,-61.36,-63.58,-44.58,-43.23,-58.80,-51.49,-53.59,-49.91,-58.21,-54.87,-44.45,-55.72,-53.88,-55.42,2026-07-09 19:52:03+00:00
2026-07-09T19:53:04+00:00,-49.17,-56.76,-62.43,-61.63,-62.26,-44.95,-43.13,-58.81,-51.67,-53.54,-50.10,-59.12,-54.63,-44.30,-55.63,-54.16,-55.42,2026-07-09 19:53:04+00:00
2026-07-09T19:54:03+00:00,-49.12,-56.76,-62.94,-61.42,-64.47,-44.86,-43.11,-59.82,-51.59,-53.69,-49.81,-60.75,-51.52,-44.02,-55.55,-53.16,-55.17,2026-07-09 19:54:03+00:00
2026-07-09T19:55:03+00:00,-48.37,-56.51,-62.21,-61.59,-63.46,-44.98,-43.20,-59.44,-51.67,-53.49,-49.99,-58.86,-50.35,-44.14,-55.27,-52.74,-55.84,2026-07-09 19:55:03+00:00
2026-07-09T19:56:04+00:00,-48.23,-56.87,-62.18,-61.72,-63.62,-45.20,-43.11,-59.53,-51.79,-53.52,-49.92,-59.09,-48.23,-43.41,-55.13,-52.16,-55.66,2026-07-09 19:56:04+00:00
2026-07-09T19:57:04+00:00,-48.91,-56.97,-62.32,-61.46,-64.26,-44.38,-43.23,-59.57,-51.69,-53.42,-49.83,-59.16,-46.98,-43.45,-55.07,-51.10,-55.63,2026-07-09 19:57:04+00:00
2026-07-09T19:58:03+00:00,-48.87,-56.64,-62.42,-61.59,-62.62,-44.89,-43.22,-59.71,-52.17,-53.25,-49.93,-60.23,-46.47,-43.35,-54.87,-50.34,-55.55,2026-07-09 19:58:03+00:00
2026-07-09T19:59:04+00:00,-48.36,-56.72,-63.30,-61.45,-62.94,-44.68,-43.21,-59.54,-52.41,-53.38,-49.86,-60.60,-46.38,-43.34,-54.76,-50.26,-55.96,2026-07-09 19:59:04+00:00
2026-07-09T20:00:04+00:00,-48.91,-56.79,-63.51,-61.50,-64.42,-45.17,-43.14,-59.68,-52.40,-53.18,-49.75,-61.22,-46.21,-43.31,-54.38,-50.30,-55.90,2026-07-09 20:00:04+00:00
2026-07-09T20:01:04+00:00,-48.77,-57.06,-62.95,-61.67,-62.97,-45.38,-43.14,-59.56,-52.54,-53.05,-49.77,-61.50,-46.03,-43.09,-54.47,-49.46,-55.61,2026-07-09 20:01:04+00:00
2026-07-09T20:02:03+00:00,-47.26,-56.94,-62.96,-61.86,-63.50,-44.99,-43.10,-60.03,-52.03,-52.70,-49.93,-61.59,-46.02,-43.26,-54.80,-49.33,-55.55,2026-07-09 20:02:03+00:00
2026-07-09T20:03:03+00:00,-47.62,-56.89,-62.94,-61.70,-63.85,-44.88,-43.15,-59.66,-52.04,-52.41,-49.70,-62.17,-45.77,-43.13,-54.30,-49.54,-56.23,2026-07-09 20:03:03+00:00
2026-07-09T20:04:04+00:00,-47.82,-56.99,-62.95,-61.70,-63.36,-45.46,-43.14,-59.60,-52.29,-52.04,-50.20,-62.26,-45.83,-42.82,-53.82,-49.59,-56.22,2026-07-09 20:04:04+00:00
2026-07-09T20:05:03+00:00,-48.51,-57.05,-62.65,-61.92,-64.41,-44.64,-43.21,-59.68,-52.42,-51.63,-49.96,-62.08,-45.44,-42.71,-53.90,-49.48,-56.28,2026-07-09 20:05:03+00:00
2026-07-09T20:06:04+00:00,-48.41,-56.65,-63.06,-61.42,-64.81,-45.24,-43.24,-59.67,-52.08,-51.22,-50.01,-62.05,-45.34,-42.84,-53.27,-49.31,-55.98,2026-07-09 20:06:04+00:00
2026-07-09T20:07:03+00:00,-48.63,-57.02,-63.51,-61.78,-63.89,-44.92,-43.21,-59.79,-52.16,-50.76,-50.21,-62.32,-45.14,-42.96,-53.39,-49.10,-56.19,2026-07-09 20:07:03+00:00
2026-07-09T20:08:04+00:00,-48.85,-56.77,-63.34,-61.84,-63.26,-45.10,-43.12,-60.01,-51.97,-50.73,-50.07,-61.62,-45.06,-43.21,-53.72,-49.66,-56.09,2026-07-09 20:08:04+00:00
2026-07-09T20:09:04+00:00,-48.88,-56.56,-63.28,-61.69,-64.91,-45.31,-43.23,-59.78,-51.23,-50.14,-50.08,-61.64,-45.05,-43.08,-53.08,-49.55,-56.14,2026-07-09 20:09:04+00:00
2026-07-09T20:10:03+00:00,-48.98,-56.76,-63.22,-61.61,-64.74,-44.96,-43.30,-59.99,-51.36,-49.85,-50.13,-61.53,-45.05,-43.02,-53.61,-48.63,-56.25,2026-07-09 20:10:03+00:00
2026-07-09T20:11:03+00:00,-49.44,-56.63,-63.18,-61.60,-63.77,-44.71,-43.32,-59.93,-51.34,-49.39,-49.96,-61.41,-45.03,-42.77,-53.04,-48.54,-56.62,2026-07-09 20:11:03+00:00
2026-07-09T20:12:04+00:00,-49.20,-56.51,-62.77,-61.49,-64.06,-50.46,-43.17,-59.72,-51.02,-48.98,-49.96,-61.60,-44.93,-42.84,-53.46,-47.64,-55.68,2026-07-09 20:12:04+00:00
2026-07-09T20:13:03+00:00,-49.41,-56.44,-62.95,-61.71,-63.30,-50.40,-43.21,-60.05,-51.55,-48.75,-50.06,-61.57,-44.92,-42.84,-53.37,-46.76,-56.53,2026-07-09 20:13:03+00:00
2026-07-09T20:14:03+00:00,-49.80,-56.60,-63.16,-61.32,-63.07,-50.26,-43.02,-60.21,-51.74,-48.30,-54.02,-62.08,-59.09,-42.75,-53.04,-45.45,-56.35,2026-07-09 20:14:03+00:00
2026-07-09T20:15:04+00:00,-49.58,-56.44,-63.05,-61.96,-64.29,-50.70,-43.11,-59.92,-51.40,-48.08,-53.86,-61.92,-51.76,-43.02,-52.92,-45.00,-56.41,2026-07-09 20:15:04+00:00
2026-07-09T20:16:03+00:00,-49.59,-56.37,-63.06,-61.57,-63.76,-50.16,-43.09,-59.99,-51.35,-47.87,-53.89,-62.31,-47.58,-43.20,-52.96,-44.62,-56.74,2026-07-09 20:16:03+00:00
2026-07-09T20:17:03+00:00,-49.35,-56.32,-62.79,-61.03,-63.81,-50.20,-43.03,-60.07,-51.06,-47.45,-53.29,-61.51,-45.64,-43.24,-53.06,-43.92,-55.97,2026-07-09 20:17:03+00:00
2026-07-09T20:18:04+00:00,-49.25,-56.55,-63.30,-61.92,-64.81,-50.67,-43.06,-60.03,-50.91,-47.25,-53.96,-61.57,-44.78,-42.97,-53.10,-43.93,-56.73,2026-07-09 20:18:04+00:00
2026-07-09T20:19:03+00:00,-49.22,-56.28,-63.16,-61.50,-63.31,-50.80,-43.17,-59.86,-50.64,-46.97,-54.19,-61.59,-44.59,-43.33,-53.05,-43.33,-56.07,2026-07-09 20:19:03+00:00
2026-07-09T20:20:03+00:00,-49.51,-56.04,-62.81,-61.84,-63.91,-50.62,-43.29,-59.86,-50.62,-46.70,-54.28,-60.93,-44.34,-43.13,-53.24,-42.99,-56.11,2026-07-09 20:20:03+00:00
2026-07-09T20:21:04+00:00,-49.27,-56.36,-62.68,-61.51,-66.24,-50.49,-43.14,-59.74,-50.94,-46.46,-54.39,-60.89,-44.28,-43.14,-53.25,-42.74,-55.97,2026-07-09 20:21:04+00:00
2026-07-09T20:22:04+00:00,-49.28,-56.32,-63.36,-62.00,-63.93,-50.67,-43.11,-59.72,-50.69,-46.20,-54.17,-61.46,-44.44,-43.15,-53.25,-42.14,-56.26,2026-07-09 20:22:04+00:00
2026-07-09T20:23:03+00:00,-49.25,-56.09,-63.15,-61.76,-62.87,-50.66,-43.12,-59.92,-50.98,-46.30,-55.01,-60.96,-44.34,-42.91,-53.72,-41.75,-56.40,2026-07-09 20:23:03+00:00
2026-07-09T20:24:04+00:00,-49.12,-56.04,-63.36,-61.84,-63.04,-51.04,-43.16,-59.79,-51.98,-46.31,-54.36,-61.09,-44.24,-42.67,-53.66,-41.28,-56.19,2026-07-09 20:24:04+00:00
2026-07-09T20:25:04+00:00,-49.09,-56.07,-63.49,-61.72,-63.72,-50.89,-43.02,-59.55,-51.69,-45.74,-54.93,-61.22,-44.38,-42.50,-53.86,-41.31,-56.21,2026-07-09 20:25:04+00:00
2026-07-09T20:26:03+00:00,-49.28,-55.81,-63.38,-61.93,-63.52,-50.42,-43.15,-59.49,-51.86,-45.90,-54.36,-61.17,-44.51,-42.63,-53.86,-40.94,-55.89,2026-07-09 20:26:03+00:00
2026-07-09T20:27:03+00:00,-49.15,-55.99,-63.06,-61.80,-64.85,-50.58,-42.99,-59.47,-51.96,-45.83,-54.61,-61.01,-44.50,-42.90,-54.29,-40.74,-56.12,2026-07-09 20:27:03+00:00
2026-07-09T20:28:04+00:00,-49.20,-56.41,-63.20,-62.19,-63.45,-50.83,-42.97,-59.44,-52.16,-45.91,-54.51,-61.14,-44.38,-42.76,-54.35,-40.67,-56.21,2026-07-09 20:28:04+00:00
2026-07-09T20:29:04+00:00,-49.15,-56.32,-63.44,-61.76,-62.61,-50.84,-42.94,-59.92,-51.82,-45.81,-54.68,-61.23,-44.21,-42.88,-54.03,-40.67,-55.97,2026-07-09 20:29:04+00:00
2026-07-09T20:30:03+00:00,-50.16,-56.27,-63.64,-61.83,-64.64,-48.95,-42.99,-59.91,-52.24,-45.93,-54.73,-60.92,-43.95,-42.80,-54.43,-40.68,-55.94,2026-07-09 20:30:03+00:00
2026-07-09T20:31:03+00:00,-50.46,-56.26,-63.47,-61.81,-63.02,-49.73,-42.80,-60.27,-52.44,-45.87,-54.66,-60.85,-43.86,-42.74,-55.18,-40.69,-55.98,2026-07-09 20:31:03+00:00
2026-07-09T20:32:04+00:00,-50.20,-56.33,-63.57,-61.68,-63.89,-48.12,-42.81,-59.77,-52.47,-45.98,-54.91,-61.11,-43.70,-42.87,-54.92,-40.55,-55.88,2026-07-09 20:32:04+00:00
2026-07-09T20:33:03+00:00,-50.59,-56.16,-63.68,-61.76,-65.38,-45.06,-42.90,-59.57,-52.43,-45.75,-54.99,-60.80,-43.61,-42.62,-55.83,-40.27,-56.00,2026-07-09 20:33:03+00:00
2026-07-09T20:34:03+00:00,-50.24,-56.34,-63.16,-62.07,-63.41,-45.21,-42.95,-59.79,-52.83,-45.63,-54.80,-60.87,-43.49,-42.62,-56.28,-40.38,-56.41,2026-07-09 20:34:03+00:00
2026-07-09T20:35:04+00:00,-50.44,-56.57,-63.37,-61.76,-63.75,-44.82,-43.05,-59.93,-52.70,-45.61,-54.72,-60.79,-43.40,-42.49,-56.50,-40.77,-55.43,2026-07-09 20:35:04+00:00
2026-07-09T20:36:03+00:00,-50.37,-56.57,-63.58,-62.12,-64.79,-45.33,-43.45,-60.05,-52.28,-45.79,-54.98,-60.53,-43.15,-42.52,-56.47,-40.63,-56.04,2026-07-09 20:36:03+00:00
2026-07-09T20:37:03+00:00,-49.27,-56.34,-63.59,-61.99,-63.36,-45.92,-42.29,-60.22,-52.38,-46.08,-54.83,-61.01,-42.95,-43.05,-56.87,-40.43,-55.91,2026-07-09 20:37:03+00:00
2026-07-09T20:38:04+00:00,-49.08,-56.48,-63.46,-61.95,-63.20,-45.63,-42.91,-60.10,-52.54,-46.21,-54.99,-60.86,-42.86,-42.95,-57.24,-40.26,-55.13,2026-07-09 20:38:04+00:00
2026-07-09T20:39:04+00:00,-49.29,-56.57,-63.66,-61.79,-63.94,-44.11,-43.12,-59.75,-52.67,-46.45,-54.97,-60.92,-42.82,-43.38,-57.57,-40.75,-56.09,2026-07-09 20:39:04+00:00
2026-07-09T20:40:03+00:00,-49.20,-56.32,-63.54,-61.90,-65.26,-45.44,-43.01,-59.71,-51.91,-46.78,-54.98,-60.91,-42.72,-43.56,-57.88,-40.65,-56.19,2026-07-09 20:40:03+00:00
2026-07-09T20:41:04+00:00,-49.17,-56.47,-63.79,-61.86,-63.40,-44.91,-42.93,-59.84,-52.03,-47.12,-55.12,-60.91,-42.67,-43.96,-58.24,-40.47,-56.28,2026-07-09 20:41:04+00:00
2026-07-09T20:42:04+00:00,-49.57,-56.42,-63.67,-61.80,-63.44,-44.20,-43.12,-59.59,-52.28,-47.45,-54.89,-60.93,-42.63,-44.35,-59.02,-40.56,-56.11,2026-07-09 20:42:04+00:00
2026-07-09T20:43:03+00:00,-49.29,-56.56,-63.50,-61.86,-63.90,-45.24,-43.05,-59.28,-52.19,-47.29,-55.16,-61.02,-42.59,-44.28,-59.28,-40.27,-56.12,2026-07-09 20:43:03+00:00
2026-07-09T20:44:03+00:00,-49.26,-56.62,-62.98,-62.08,-63.89,-44.96,-42.90,-60.10,-52.28,-47.21,-55.29,-61.13,-42.47,-43.78,-58.81,-39.97,-56.09,2026-07-09 20:44:03+00:00
2026-07-09T20:45:04+00:00,-49.61,-56.46,-63.26,-62.06,-64.00,-44.71,-42.97,-59.81,-52.68,-47.39,-55.37,-61.48,-42.38,-43.85,-58.58,-39.78,-56.16,2026-07-09 20:45:04+00:00
2026-07-09T20:46:03+00:00,-49.46,-56.51,-63.19,-61.87,-64.28,-46.99,-42.87,-60.20,-52.60,-47.38,-55.29,-61.24,-42.33,-44.07,-59.03,-39.43,-56.07,2026-07-09 20:46:03+00:00
2026-07-09T20:47:03+00:00,-49.10,-56.44,-62.38,-62.03,-62.96,-44.38,-43.03,-59.93,-52.79,-46.95,-55.42,-60.75,-42.30,-44.26,-58.69,-39.23,-56.37,2026-07-09 20:47:03+00:00
2026-07-09T20:48:04+00:00,-47.59,-56.38,-63.15,-61.66,-61.78,-45.59,-43.02,-60.14,-52.75,-46.88,-55.29,-59.01,-42.38,-44.34,-58.73,-39.35,-56.37,2026-07-09 20:48:04+00:00
2026-07-09T20:49:03+00:00,-47.41,-56.31,-63.31,-62.03,-63.63,-44.67,-43.03,-60.01,-53.09,-46.61,-54.73,-60.80,-42.20,-43.88,-58.03,-38.89,-56.38,2026-07-09 20:49:03+00:00
2026-07-09T20:50:03+00:00,-47.66,-56.58,-63.46,-61.63,-61.56,-45.25,-42.94,-60.08,-52.89,-46.73,-54.39,-61.26,-42.20,-43.42,-58.09,-38.84,-56.21,2026-07-09 20:50:03+00:00
2026-07-09T20:51:04+00:00,-47.98,-56.44,-63.36,-61.63,-62.55,-44.79,-43.05,-60.17,-52.79,-46.58,-54.30,-61.23,-42.04,-43.77,-57.01,-38.89,-56.25,2026-07-09 20:51:04+00:00
2026-07-09T20:52:03+00:00,-48.02,-56.60,-63.04,-61.74,-63.57,-47.37,-43.09,-59.86,-51.32,-47.16,-54.73,-61.37,-42.09,-43.65,-57.02,-38.95,-56.53,2026-07-09 20:52:03+00:00
2026-07-09T20:53:03+00:00,-47.35,-56.44,-63.32,-61.80,-63.61,-44.30,-43.06,-60.09,-50.24,-47.32,-55.53,-61.65,-42.32,-43.03,-56.31,-38.62,-56.06,2026-07-09 20:53:03+00:00
2026-07-09T20:54:04+00:00,-47.55,-56.76,-63.55,-61.92,-63.50,-45.53,-43.19,-60.14,-50.21,-47.43,-55.28,-61.77,-42.40,-43.10,-56.42,-38.05,-56.93,2026-07-09 20:54:04+00:00
2026-07-09T20:55:04+00:00,-47.46,-57.04,-63.09,-61.66,-64.91,-45.63,-43.11,-60.32,-49.90,-47.40,-55.40,-62.27,-42.42,-43.22,-55.70,-38.04,-56.70,2026-07-09 20:55:04+00:00
2026-07-09T20:56:03+00:00,-47.46,-56.82,-63.26,-62.30,-63.52,-45.32,-43.12,-60.26,-49.83,-47.39,-55.13,-62.25,-42.27,-43.54,-55.72,-37.83,-56.57,2026-07-09 20:56:03+00:00
2026-07-09T20:57:04+00:00,-47.78,-57.08,-63.08,-61.81,-63.77,-45.35,-43.03,-60.02,-49.96,-47.36,-55.15,-62.04,-42.17,-43.49,-55.43,-37.82,-56.81,2026-07-09 20:57:04+00:00
2026-07-09T20:58:04+00:00,-47.66,-56.92,-62.93,-61.87,-63.21,-45.16,-43.26,-60.13,-49.72,-47.32,-55.26,-61.93,-42.38,-43.41,-55.26,-37.87,-56.64,2026-07-09 20:58:04+00:00
2026-07-09T20:59:03+00:00,-47.61,-56.90,-63.30,-61.98,-63.74,-45.77,-43.15,-59.79,-49.81,-46.97,-55.23,-61.53,-42.39,-43.57,-54.85,-37.87,-55.92,2026-07-09 20:59:03+00:00
2026-07-09T21:00:03+00:00,-47.69,-56.96,-62.87,-61.73,-62.94,-44.97,-42.99,-59.92,-49.82,-46.85,-55.37,-61.41,-42.51,-43.89,-54.23,-38.04,-57.55,2026-07-09 21:00:03+00:00
2026-07-09T21:01:03+00:00,-47.82,-56.88,-63.41,-61.90,-64.36,-45.88,-43.04,-60.07,-49.76,-46.89,-54.62,-61.32,-42.44,-43.61,-54.22,-38.33,-57.73,2026-07-09 21:01:03+00:00
2026-07-09T21:02:03+00:00,-47.64,-56.48,-62.85,-61.83,-63.75,-44.74,-43.16,-60.30,-49.68,-46.62,-55.16,-61.11,-42.45,-43.82,-53.58,-38.31,-57.33,2026-07-09 21:02:03+00:00
2026-07-09T21:03:03+00:00,-48.03,-56.82,-63.27,-61.82,-63.12,-45.08,-42.97,-60.20,-49.68,-46.37,-54.76,-61.95,-42.23,-43.58,-53.64,-38.27,-56.63,2026-07-09 21:03:03+00:00
2026-07-09T21:04:04+00:00,-48.04,-56.81,-63.28,-61.74,-62.63,-45.12,-43.10,-59.98,-49.70,-46.36,-54.64,-62.25,-42.28,-43.95,-53.69,-38.34,-56.88,2026-07-09 21:04:04+00:00
2026-07-09T21:05:04+00:00,-47.74,-56.90,-62.89,-61.69,-64.02,-45.83,-43.13,-59.96,-49.81,-46.21,-54.53,-61.85,-42.33,-43.91,-53.14,-38.24,-56.90,2026-07-09 21:05:04+00:00
2026-07-09T21:06:04+00:00,-48.14,-56.69,-62.72,-61.76,-63.11,-45.44,-42.94,-60.26,-49.90,-45.88,-54.64,-61.86,-42.46,-44.54,-53.22,-38.42,-56.80,2026-07-09 21:06:04+00:00
2026-07-09T21:07:03+00:00,-47.85,-56.77,-62.87,-62.02,-63.78,-44.73,-42.96,-60.25,-51.55,-45.45,-54.28,-61.51,-42.53,-45.07,-53.14,-38.40,-57.12,2026-07-09 21:07:03+00:00
2026-07-09T21:08:03+00:00,-48.23,-56.83,-63.16,-62.20,-63.82,-45.68,-43.07,-60.23,-52.58,-45.34,-54.19,-61.43,-42.59,-45.27,-52.66,-38.75,-56.95,2026-07-09 21:08:03+00:00
2026-07-09T21:09:04+00:00,-48.20,-56.38,-62.96,-61.96,-62.42,-45.01,-42.98,-60.17,-52.62,-45.37,-54.40,-61.30,-42.54,-45.61,-52.02,-38.88,-56.89,2026-07-09 21:09:04+00:00
2026-07-09T21:10:03+00:00,-48.32,-56.39,-62.68,-62.35,-62.14,-45.82,-43.00,-60.49,-52.76,-45.72,-54.27,-60.96,-42.46,-45.62,-51.98,-39.03,-56.54,2026-07-09 21:10:03+00:00
2026-07-09T21:11:03+00:00,-48.44,-56.60,-63.15,-61.98,-63.28,-45.33,-42.71,-60.46,-52.62,-45.58,-54.20,-60.90,-42.31,-45.40,-52.10,-39.35,-56.86,2026-07-09 21:11:03+00:00
2026-07-09T21:12:04+00:00,-47.52,-56.64,-62.90,-61.80,-62.80,-45.30,-42.95,-60.19,-52.84,-45.47,-53.98,-60.77,-42.31,-45.51,-52.25,-39.23,-56.11,2026-07-09 21:12:04+00:00
2026-07-09T21:13:03+00:00,-48.49,-59.46,-62.84,-61.95,-63.30,-44.68,-43.02,-60.14,-52.57,-45.45,-54.11,-60.62,-42.39,-45.99,-51.97,-39.07,-56.82,2026-07-09 21:13:03+00:00
2026-07-09T21:14:03+00:00,-48.37,-59.35,-62.71,-62.01,-63.28,-46.78,-43.04,-60.31,-52.55,-45.55,-54.06,-59.89,-42.38,-45.71,-51.64,-39.09,-56.87,2026-07-09 21:14:03+00:00
2026-07-09T21:15:04+00:00,-48.43,-58.77,-62.51,-61.66,-63.48,-45.98,-42.86,-59.91,-50.10,-45.02,-54.06,-61.20,-42.34,-45.49,-51.73,-39.09,-57.01,2026-07-09 21:15:04+00:00
2026-07-09T21:16:03+00:00,-48.03,-58.97,-62.88,-61.86,-63.33,-51.08,-42.83,-59.90,-50.23,-44.85,-54.05,-61.54,-42.55,-45.70,-51.82,-39.10,-56.84,2026-07-09 21:16:03+00:00
2026-07-09T21:17:03+00:00,-47.99,-58.78,-62.78,-61.85,-63.13,-51.23,-42.84,-59.96,-50.31,-44.94,-53.97,-61.38,-42.50,-45.59,-51.65,-39.01,-56.82,2026-07-09 21:17:03+00:00
2026-07-09T21:18:04+00:00,-49.00,-58.63,-63.00,-62.12,-63.77,-50.72,-42.95,-60.43,-50.44,-44.76,-53.91,-61.59,-42.43,-45.41,-51.72,-39.12,-57.02,2026-07-09 21:18:04+00:00
2026-07-09T21:19:04+00:00,-49.16,-58.62,-62.77,-61.77,-63.65,-50.46,-42.79,-60.23,-50.12,-44.65,-54.17,-60.69,-42.46,-46.07,-51.97,-38.98,-56.78,2026-07-09 21:19:04+00:00
2026-07-09T21:20:03+00:00,-49.36,-58.76,-62.86,-61.98,-64.09,-50.80,-43.05,-60.03,-50.06,-44.57,-54.17,-62.20,-42.39,-46.36,-51.55,-38.96,-56.93,2026-07-09 21:20:03+00:00
2026-07-09T21:21:04+00:00,-48.95,-58.55,-63.10,-62.05,-63.10,-50.41,-43.01,-60.31,-50.20,-44.31,-54.03,-63.07,-42.33,-46.02,-51.07,-38.93,-56.76,2026-07-09 21:21:04+00:00
2026-07-09T21:22:04+00:00,-48.99,-58.72,-63.35,-61.74,-63.64,-50.27,-42.93,-60.35,-50.30,-44.26,-54.04,-63.68,-42.35,-45.74,-51.25,-38.73,-56.85,2026-07-09 21:22:04+00:00
2026-07-09T21:23:03+00:00,-49.23,-58.87,-63.28,-61.86,-62.35,-50.69,-42.99,-60.41,-50.24,-44.16,-54.09,-63.69,-42.49,-46.06,-50.47,-38.83,-56.80,2026-07-09 21:23:03+00:00
2026-07-09T21:24:03+00:00,-49.11,-58.60,-63.00,-61.90,-63.31,-49.71,-42.99,-60.45,-50.42,-44.05,-54.05,-63.86,-42.53,-45.90,-49.97,-38.94,-54.94,2026-07-09 21:24:03+00:00
2026-07-09T21:25:04+00:00,-49.05,-58.60,-63.32,-61.99,-63.28,-50.39,-43.02,-60.21,-50.34,-44.12,-54.00,-63.52,-42.48,-45.75,-50.46,-39.27,-55.56,2026-07-09 21:25:04+00:00
2026-07-09T21:26:03+00:00,-48.26,-58.53,-63.64,-61.87,-63.04,-50.49,-42.90,-60.42,-50.29,-44.03,-54.15,-63.37,-42.48,-45.40,-49.51,-39.15,-56.91,2026-07-09 21:26:03+00:00
2026-07-09T21:27:03+00:00,-48.66,-58.56,-63.23,-62.19,-63.44,-50.13,-43.02,-60.32,-50.32,-43.88,-54.33,-63.93,-42.46,-44.87,-49.29,-39.04,-56.87,2026-07-09 21:27:03+00:00
2026-07-09T21:28:04+00:00,-48.63,-58.62,-63.24,-62.02,-64.16,-50.38,-43.05,-60.67,-50.29,-43.54,-54.15,-64.09,-42.41,-45.02,-49.24,-39.08,-56.81,2026-07-09 21:28:04+00:00
2026-07-09T21:29:03+00:00,-48.91,-58.70,-63.15,-62.24,-62.74,-50.17,-43.19,-60.40,-51.35,-43.28,-54.17,-63.79,-42.28,-45.19,-48.89,-39.09,-56.88,2026-07-09 21:29:03+00:00
2026-07-09T21:30:03+00:00,-48.07,-58.42,-62.52,-61.88,-63.39,-50.66,-43.22,-59.79,-52.54,-43.29,-54.19,-62.85,-42.14,-45.62,-48.59,-39.05,-56.71,2026-07-09 21:30:03+00:00
2026-07-09T21:31:03+00:00,-48.87,-58.50,-63.44,-62.08,-62.69,-50.75,-43.22,-60.34,-52.88,-43.10,-54.16,-63.19,-42.25,-46.24,-48.86,-39.11,-56.89,2026-07-09 21:31:03+00:00
2026-07-09T21:32:04+00:00,-49.46,-58.83,-62.99,-61.84,-63.13,-50.11,-43.18,-60.10,-53.00,-43.01,-54.35,-62.99,-42.20,-46.68,-48.41,-39.52,-55.69,2026-07-09 21:32:04+00:00
2026-07-09T21:33:03+00:00,-49.49,-58.83,-63.24,-61.69,-62.31,-50.59,-42.97,-60.10,-52.97,-42.95,-54.31,-63.53,-42.21,-46.65,-48.27,-39.86,-56.69,2026-07-09 21:33:03+00:00
2026-07-09T21:34:04+00:00,-49.51,-58.71,-63.31,-61.79,-62.99,-50.89,-43.03,-59.93,-53.46,-42.66,-54.23,-63.03,-42.29,-46.79,-48.00,-39.94,-56.91,2026-07-09 21:34:04+00:00
2026-07-09T21:35:04+00:00,-49.30,-58.65,-63.25,-61.77,-63.24,-50.03,-43.07,-60.41,-53.37,-42.81,-54.17,-63.19,-42.36,-47.07,-47.48,-39.49,-56.90,2026-07-09 21:35:04+00:00
2026-07-09T21:36:04+00:00,-48.86,-58.84,-62.88,-61.82,-61.89,-50.12,-43.13,-60.50,-53.00,-42.69,-54.06,-63.60,-42.37,-47.98,-47.78,-39.25,-56.86,2026-07-09 21:36:04+00:00
2026-07-09T21:37:03+00:00,-48.87,-58.53,-63.09,-61.82,-62.72,-50.69,-43.22,-60.04,-50.58,-42.34,-54.11,-63.27,-42.21,-48.55,-47.63,-39.27,-56.94,2026-07-09 21:37:03+00:00
2026-07-09T21:38:03+00:00,-49.27,-58.80,-63.24,-61.74,-63.05,-47.96,-43.05,-60.35,-50.14,-42.18,-54.16,-64.02,-42.05,-48.22,-47.39,-39.33,-56.93,2026-07-09 21:38:03+00:00
2026-07-09T21:39:04+00:00,-49.02,-57.37,-62.86,-62.20,-63.22,-49.18,-43.11,-60.66,-49.98,-42.22,-54.17,-64.10,-41.96,-48.26,-47.12,-38.86,-56.95,2026-07-09 21:39:04+00:00
2026-07-09T21:40:03+00:00,-48.83,-57.28,-62.64,-61.79,-63.96,-48.18,-43.24,-60.21,-49.99,-42.45,-54.10,-64.02,-41.81,-48.43,-47.47,-38.95,-56.84,2026-07-09 21:40:03+00:00
2026-07-09T21:41:03+00:00,-49.04,-57.07,-63.03,-61.69,-62.34,-44.37,-43.09,-60.01,-49.88,-42.45,-54.01,-64.09,-41.79,-47.92,-46.79,-39.21,-56.77,2026-07-09 21:41:03+00:00
2026-07-09T21:42:04+00:00,-48.73,-58.02,-62.47,-61.41,-62.86,-44.63,-43.24,-59.83,-49.83,-42.34,-54.08,-63.43,-41.85,-47.69,-46.87,-39.25,-56.79,2026-07-09 21:42:04+00:00
2026-07-09T21:43:03+00:00,-48.27,-58.38,-61.67,-61.58,-63.52,-44.66,-42.95,-60.28,-50.00,-42.36,-54.75,-62.43,-41.77,-47.51,-46.85,-39.51,-56.43,2026-07-09 21:43:03+00:00
2026-07-09T21:44:03+00:00,-48.96,-58.70,-62.60,-61.77,-63.39,-44.78,-43.19,-59.99,-49.84,-42.38,-54.58,-62.77,-41.74,-47.19,-46.55,-39.55,-56.98,2026-07-09 21:44:03+00:00
2026-07-09T21:45:04+00:00,-49.18,-58.60,-63.12,-61.68,-63.89,-43.96,-43.18,-60.49,-49.98,-42.45,-54.53,-62.65,-41.58,-47.19,-46.38,-39.54,-57.33,2026-07-09 21:45:04+00:00
2026-07-09T21:46:04+00:00,-49.27,-58.72,-63.51,-61.80,-64.83,-44.90,-43.10,-60.10,-49.87,-42.19,-53.90,-60.66,-41.45,-47.43,-46.41,-39.44,-57.25,2026-07-09 21:46:04+00:00
2026-07-09T21:47:03+00:00,-48.91,-58.92,-63.40,-61.90,-63.30,-45.05,-42.98,-60.08,-49.68,-41.93,-53.92,-59.63,-41.47,-47.66,-46.14,-39.38,-57.00,2026-07-09 21:47:03+00:00
2026-07-09T21:48:04+00:00,-48.58,-58.73,-62.21,-61.72,-64.60,-43.99,-43.14,-59.89,-49.74,-41.60,-54.58,-62.27,-41.32,-47.03,-46.27,-39.26,-56.61,2026-07-09 21:48:04+00:00
2026-07-09T21:49:04+00:00,-49.06,-57.55,-63.04,-61.69,-62.88,-44.05,-43.16,-60.11,-49.74,-41.48,-54.44,-63.04,-41.24,-46.82,-45.80,-39.03,-56.52,2026-07-09 21:49:04+00:00
2026-07-09T21:50:03+00:00,-48.87,-58.67,-63.55,-61.87,-62.30,-45.80,-43.31,-59.87,-49.85,-41.43,-54.79,-62.99,-40.94,-47.20,-45.39,-38.83,-56.67,2026-07-09 21:50:03+00:00
2026-07-09T21:51:04+00:00,-49.00,-58.54,-62.97,-61.74,-63.85,-44.38,-43.24,-60.03,-49.95,-41.25,-54.26,-62.58,-40.94,-46.94,-45.39,-38.84,-56.64,2026-07-09 21:51:04+00:00
2026-07-09T21:52:04+00:00,-49.10,-58.09,-62.35,-61.39,-62.75,-44.16,-43.15,-59.71,-51.87,-41.29,-53.73,-62.51,-40.88,-46.23,-44.92,-38.61,-56.79,2026-07-09 21:52:04+00:00
2026-07-09T21:53:03+00:00,-48.36,-58.47,-63.05,-61.85,-62.62,-43.89,-43.14,-59.78,-52.33,-41.29,-53.57,-62.98,-40.79,-45.21,-44.78,-38.32,-56.64,2026-07-09 21:53:03+00:00
2026-07-09T21:54:04+00:00,-48.63,-58.67,-63.57,-61.90,-62.86,-44.74,-43.11,-59.73,-52.44,-41.10,-53.32,-63.21,-40.65,-45.72,-44.70,-37.98,-56.54,2026-07-09 21:54:04+00:00
2026-07-09T21:55:04+00:00,-49.03,-58.46,-63.31,-61.51,-62.58,-43.89,-43.22,-59.79,-52.37,-40.95,-54.10,-62.90,-40.60,-45.85,-44.14,-37.76,-56.51,2026-07-09 21:55:04+00:00
2026-07-09T21:56:03+00:00,-48.90,-57.74,-63.32,-61.81,-63.64,-44.76,-43.34,-60.06,-52.35,-40.82,-54.31,-62.74,-40.87,-45.27,-44.00,-37.67,-56.57,2026-07-09 21:56:03+00:00
2026-07-09T21:57:04+00:00,-48.57,-57.75,-63.29,-62.10,-64.03,-43.96,-43.18,-59.92,-52.34,-40.81,-53.55,-63.00,-40.68,-44.67,-44.22,-37.70,-56.76,2026-07-09 21:57:04+00:00
2026-07-09T21:58:04+00:00,-48.65,-57.54,-63.21,-61.87,-63.95,-43.50,-43.16,-59.77,-52.46,-40.83,-53.22,-62.46,-40.64,-44.35,-43.92,-37.64,-56.95,2026-07-09 21:58:04+00:00
2026-07-09T21:59:03+00:00,-48.69,-57.55,-62.13,-61.96,-62.98,-44.08,-43.20,-59.45,-50.25,-40.85,-52.74,-62.38,-40.66,-44.51,-44.12,-37.57,-56.57,2026-07-09 21:59:03+00:00
2026-07-09T22:00:03+00:00,-48.74,-57.38,-63.41,-61.75,-63.25,-43.05,-43.22,-60.15,-50.41,-41.17,-52.20,-62.58,-40.69,-44.33,-43.65,-37.66,-56.64,2026-07-09 22:00:03+00:00
2026-07-09T22:01:03+00:00,-49.27,-57.94,-63.27,-61.57,-63.02,-43.70,-43.18,-60.03,-50.50,-41.42,-52.45,-62.95,-40.65,-44.33,-43.50,-37.44,-56.59,2026-07-09 22:01:03+00:00
2026-07-09T22:02:03+00:00,-49.09,-58.11,-64.01,-61.61,-62.81,-44.63,-43.29,-59.85,-52.67,-41.25,-52.16,-63.29,-40.44,-44.20,-43.39,-37.35,-56.37,2026-07-09 22:02:03+00:00
2026-07-09T22:03:04+00:00,-49.03,-57.93,-64.20,-62.10,-63.38,-42.89,-43.38,-60.19,-51.52,-41.26,-52.09,-63.78,-40.42,-44.23,-43.57,-37.18,-56.78,2026-07-09 22:03:04+00:00
2026-07-09T22:04:03+00:00,-48.89,-57.64,-64.09,-61.53,-63.17,-43.79,-43.25,-60.10,-51.41,-41.00,-51.64,-63.73,-40.57,-44.12,-43.63,-36.81,-56.21,2026-07-09 22:04:03+00:00
2026-07-09T22:05:03+00:00,-48.84,-57.75,-63.48,-61.76,-62.80,-42.99,-43.26,-59.99,-50.44,-40.89,-52.01,-63.00,-40.62,-44.08,-43.50,-36.89,-56.32,2026-07-09 22:05:03+00:00
2026-07-09T22:06:03+00:00,-49.31,-57.96,-63.50,-61.69,-64.10,-44.15,-43.31,-59.57,-50.38,-40.69,-51.96,-62.66,-40.44,-43.80,-43.60,-37.12,-55.65,2026-07-09 22:06:03+00:00
2026-07-09T22:07:03+00:00,-48.70,-58.22,-63.45,-61.92,-63.38,-44.62,-43.32,-59.30,-50.36,-40.57,-52.96,-62.88,-40.55,-43.65,-43.14,-36.79,-56.49,2026-07-09 22:07:03+00:00
2026-07-09T22:08:04+00:00,-48.31,-57.48,-63.11,-61.89,-62.52,-43.59,-43.19,-59.31,-50.24,-40.47,-52.94,-63.72,-40.49,-43.50,-43.40,-36.82,-57.08,2026-07-09 22:08:04+00:00
2026-07-09T22:09:03+00:00,-48.31,-58.05,-63.72,-62.20,-63.46,-44.18,-43.21,-59.50,-50.43,-40.60,-52.80,-63.99,-40.51,-43.91,-43.18,-36.82,-56.92,2026-07-09 22:09:03+00:00
2026-07-09T22:10:03+00:00,-48.32,-58.11,-64.53,-61.81,-63.26,-44.27,-43.35,-59.03,-52.32,-40.46,-52.67,-63.56,-40.42,-44.20,-43.58,-37.02,-52.68,2026-07-09 22:10:03+00:00
2026-07-09T22:11:04+00:00,-48.83,-58.14,-64.37,-61.86,-63.45,-44.30,-43.21,-59.36,-52.46,-40.53,-52.52,-63.45,-40.44,-44.11,-43.46,-36.99,-54.30,2026-07-09 22:11:04+00:00
2026-07-09T22:12:04+00:00,-48.88,-58.33,-64.44,-61.66,-63.51,-43.80,-43.38,-59.50,-51.39,-40.51,-52.06,-63.91,-40.48,-44.48,-43.48,-36.83,-52.70,2026-07-09 22:12:04+00:00
2026-07-09T22:13:03+00:00,-49.00,-58.20,-64.03,-61.85,-62.35,-43.04,-43.24,-59.46,-51.47,-40.17,-52.46,-63.98,-40.55,-44.86,-43.70,-36.50,-52.36,2026-07-09 22:13:03+00:00
2026-07-09T22:14:03+00:00,-49.24,-58.15,-63.97,-61.51,-62.98,-43.38,-43.13,-59.65,-54.54,-40.29,-53.07,-64.07,-40.79,-45.61,-43.59,-36.22,-53.49,2026-07-09 22:14:03+00:00
2026-07-09T22:15:04+00:00,-48.12,-57.70,-64.10,-61.21,-63.74,-45.08,-43.16,-59.89,-54.70,-40.14,-53.07,-64.07,-40.79,-45.87,-43.77,-36.37,-52.22,2026-07-09 22:15:04+00:00
2026-07-09T22:16:03+00:00,-49.47,-57.97,-64.41,-61.73,-62.84,-50.30,-43.29,-59.93,-54.52,-39.78,-52.35,-64.36,-40.62,-45.43,-43.71,-36.71,-53.95,2026-07-09 22:16:03+00:00
2026-07-09T22:17:03+00:00,-49.12,-58.33,-63.77,-61.62,-62.97,-51.42,-43.07,-61.05,-54.60,-39.69,-52.24,-63.69,-40.62,-45.00,-43.67,-36.99,-53.52,2026-07-09 22:17:03+00:00
2026-07-09T22:18:04+00:00,-49.25,-58.53,-64.18,-61.47,-64.07,-50.46,-43.23,-61.01,-54.58,-39.58,-51.86,-63.78,-40.66,-44.82,-43.78,-37.34,-52.46,2026-07-09 22:18:04+00:00
2026-07-09T22:19:04+00:00,-49.28,-58.01,-64.01,-61.69,-63.43,-51.04,-43.26,-60.82,-54.59,-39.95,-52.49,-63.97,-40.71,-45.23,-43.53,-37.10,-52.78,2026-07-09 22:19:04+00:00
2026-07-09T22:20:03+00:00,-49.23,-57.99,-63.87,-62.07,-62.81,-49.77,-42.94,-60.62,-54.17,-40.18,-52.07,-63.60,-40.82,-45.75,-43.78,-36.77,-52.75,2026-07-09 22:20:03+00:00
2026-07-09T22:21:04+00:00,-49.29,-58.09,-63.19,-61.84,-62.96,-50.28,-43.26,-60.41,-54.47,-40.18,-52.04,-62.59,-40.66,-46.40,-43.59,-36.43,-53.65,2026-07-09 22:21:04+00:00
2026-07-09T22:22:04+00:00,-49.46,-58.20,-64.15,-61.65,-62.74,-49.04,-43.33,-60.80,-51.28,-39.91,-53.49,-63.36,-40.86,-46.22,-43.57,-36.37,-52.56,2026-07-09 22:22:04+00:00
2026-07-09T22:23:03+00:00,-49.03,-58.15,-63.15,-61.80,-63.35,-49.08,-43.24,-60.70,-50.65,-39.73,-54.73,-63.60,-40.87,-46.69,-43.75,-36.80,-52.34,2026-07-09 22:23:03+00:00
2026-07-09T22:24:04+00:00,-49.11,-58.34,-63.57,-61.91,-63.20,-48.50,-43.14,-60.65,-50.73,-39.81,-53.60,-63.74,-41.02,-46.68,-43.94,-36.85,-52.40,2026-07-09 22:24:04+00:00
2026-07-09T22:25:04+00:00,-48.78,-58.61,-63.92,-61.59,-62.60,-47.39,-43.26,-60.59,-50.60,-39.89,-53.35,-63.76,-41.23,-46.80,-43.82,-36.67,-53.73,2026-07-09 22:25:04+00:00
2026-07-09T22:26:03+00:00,-49.22,-58.45,-63.57,-61.72,-63.30,-47.57,-43.10,-60.53,-50.75,-39.73,-53.03,-63.84,-41.14,-47.61,-43.89,-36.60,-52.63,2026-07-09 22:26:03+00:00
2026-07-09T22:27:03+00:00,-47.01,-59.05,-63.72,-61.67,-63.53,-47.29,-43.32,-60.84,-50.90,-39.83,-52.66,-63.94,-41.08,-48.44,-44.22,-36.72,-52.80,2026-07-09 22:27:03+00:00
2026-07-09T22:28:04+00:00,-47.06,-59.37,-63.79,-61.46,-62.59,-47.01,-43.13,-60.84,-50.91,-39.65,-52.76,-64.12,-41.06,-49.61,-43.94,-37.31,-54.32,2026-07-09 22:28:04+00:00
2026-07-09T22:29:04+00:00,-46.92,-59.59,-63.99,-61.71,-62.16,-46.92,-43.16,-60.89,-50.86,-39.58,-52.56,-63.90,-41.10,-50.29,-44.19,-37.32,-54.45,2026-07-09 22:29:04+00:00
2026-07-09T22:30:03+00:00,-46.94,-59.16,-63.82,-61.40,-62.75,-46.75,-43.26,-60.71,-50.88,-39.40,-52.63,-63.95,-41.09,-49.48,-43.80,-37.65,-52.31,2026-07-09 22:30:03+00:00
2026-07-09T22:31:03+00:00,-47.13,-58.96,-63.75,-61.99,-62.79,-46.49,-43.34,-60.70,-50.79,-39.78,-52.75,-63.84,-41.09,-48.82,-44.16,-37.39,-52.78,2026-07-09 22:31:03+00:00
2026-07-09T22:32:03+00:00,-47.05,-59.46,-63.97,-61.77,-62.59,-46.56,-43.13,-60.59,-50.81,-39.96,-53.30,-63.90,-41.34,-48.89,-43.67,-37.10,-54.23,2026-07-09 22:32:03+00:00
2026-07-09T22:33:04+00:00,-47.03,-59.01,-63.80,-61.88,-63.77,-46.73,-43.15,-60.60,-50.73,-40.18,-53.26,-62.99,-41.38,-48.23,-43.58,-37.10,-52.63,2026-07-09 22:33:04+00:00
2026-07-09T22:34:04+00:00,-47.03,-59.56,-64.21,-61.93,-62.91,-48.42,-43.17,-60.68,-50.94,-40.04,-53.21,-63.75,-41.45,-48.02,-43.56,-37.50,-54.84,2026-07-09 22:34:04+00:00
2026-07-09T22:35:03+00:00,-47.01,-59.44,-63.89,-61.49,-63.41,-47.91,-43.19,-60.46,-50.73,-40.27,-53.03,-63.41,-41.65,-48.04,-43.29,-38.09,-52.70,2026-07-09 22:35:03+00:00
2026-07-09T22:36:04+00:00,-47.05,-59.80,-64.09,-61.95,-62.89,-47.92,-43.40,-60.46,-50.75,-40.22,-52.70,-63.56,-41.60,-47.96,-43.27,-38.40,-52.79,2026-07-09 22:36:04+00:00
2026-07-09T22:37:03+00:00,-47.06,-59.72,-64.22,-61.75,-64.27,-47.55,-43.24,-60.59,-53.26,-40.02,-51.73,-63.35,-41.47,-47.82,-43.33,-38.61,-52.83,2026-07-09 22:37:03+00:00
2026-07-09T22:38:03+00:00,-47.18,-59.61,-64.08,-62.03,-62.97,-47.86,-42.90,-60.44,-54.76,-40.18,-51.64,-63.21,-41.50,-47.79,-43.19,-38.39,-52.76,2026-07-09 22:38:03+00:00
2026-07-09T22:39:04+00:00,-47.17,-59.70,-64.20,-62.32,-62.69,-46.31,-41.67,-61.10,-54.73,-40.33,-51.98,-63.41,-41.33,-49.27,-43.07,-38.31,-54.18,2026-07-09 22:39:04+00:00
2026-07-09T22:40:03+00:00,-47.27,-59.69,-63.86,-61.47,-62.73,-46.38,-43.22,-60.72,-54.60,-40.06,-52.97,-62.38,-41.40,-50.51,-43.05,-38.20,-54.05,2026-07-09 22:40:03+00:00
2026-07-09T22:41:03+00:00,-46.99,-59.94,-64.06,-61.70,-63.34,-43.98,-43.05,-60.71,-54.86,-39.86,-52.82,-62.47,-41.25,-51.01,-42.80,-37.92,-52.76,2026-07-09 22:41:03+00:00
2026-07-09T22:42:04+00:00,-47.02,-59.77,-63.92,-61.64,-64.09,-42.49,-43.09,-60.41,-54.53,-39.72,-52.94,-63.32,-41.24,-51.24,-42.70,-37.85,-52.62,2026-07-09 22:42:04+00:00
2026-07-09T22:43:03+00:00,-47.10,-59.88,-64.24,-62.42,-62.88,-42.45,-43.08,-60.58,-54.65,-39.89,-52.84,-63.13,-41.37,-52.25,-42.67,-37.77,-54.82,2026-07-09 22:43:03+00:00
2026-07-09T22:44:03+00:00,-46.87,-59.51,-64.06,-62.14,-63.72,-42.57,-43.05,-60.68,-51.35,-40.04,-52.70,-63.61,-41.15,-52.57,-42.08,-37.42,-54.95,2026-07-09 22:44:03+00:00
2026-07-09T22:45:04+00:00,-46.87,-59.96,-63.43,-61.51,-62.62,-42.70,-43.22,-60.88,-51.47,-39.91,-52.65,-63.19,-41.18,-53.13,-42.46,-37.13,-54.75,2026-07-09 22:45:04+00:00
2026-07-09T22:46:03+00:00,-47.07,-59.94,-64.26,-61.89,-63.68,-42.36,-42.97,-60.60,-51.62,-39.80,-52.48,-62.71,-41.28,-54.38,-42.19,-37.26,-54.22,2026-07-09 22:46:03+00:00
2026-07-09T22:47:03+00:00,-46.94,-58.95,-63.43,-61.75,-63.17,-42.35,-43.04,-60.67,-51.80,-39.75,-52.35,-61.93,-41.36,-53.53,-42.13,-37.31,-54.75,2026-07-09 22:47:03+00:00
2026-07-09T22:48:04+00:00,-46.96,-59.78,-63.67,-61.80,-63.69,-42.18,-42.80,-60.56,-51.78,-39.63,-52.28,-62.54,-41.64,-52.90,-42.09,-37.15,-52.73,2026-07-09 22:48:04+00:00
2026-07-09T22:49:03+00:00,-47.09,-60.01,-63.87,-61.69,-63.91,-42.53,-43.08,-60.74,-51.69,-39.74,-52.74,-63.08,-41.79,-53.84,-42.41,-37.58,-54.87,2026-07-09 22:49:03+00:00
2026-07-09T22:50:03+00:00,-47.07,-60.21,-63.11,-61.87,-62.21,-42.63,-42.95,-60.91,-51.49,-39.85,-52.78,-62.29,-41.92,-53.77,-41.72,-37.41,-54.02,2026-07-09 22:50:03+00:00
2026-07-09T22:51:04+00:00,-46.84,-60.25,-63.68,-61.75,-62.80,-42.53,-42.97,-60.73,-51.69,-39.61,-52.53,-61.23,-41.94,-53.68,-42.24,-37.43,-54.05,2026-07-09 22:51:04+00:00
2026-07-09T22:52:04+00:00,-46.67,-59.93,-63.44,-61.67,-62.86,-42.59,-42.94,-60.65,-51.75,-39.33,-52.69,-59.23,-41.88,-54.81,-42.57,-37.51,-52.85,2026-07-09 22:52:04+00:00
2026-07-09T22:53:03+00:00,-47.00,-59.95,-63.67,-61.76,-62.92,-42.65,-42.95,-60.68,-51.68,-39.25,-52.82,-60.06,-41.78,-53.67,-42.48,-37.46,-52.70,2026-07-09 22:53:03+00:00
2026-07-09T22:54:04+00:00,-46.93,-60.40,-63.75,-62.03,-63.57,-42.95,-43.07,-60.93,-51.63,-39.37,-52.85,-61.55,-41.94,-54.01,-42.74,-36.99,-54.35,2026-07-09 22:54:04+00:00
2026-07-09T22:55:04+00:00,-46.77,-59.95,-63.48,-61.82,-63.04,-42.72,-41.63,-60.87,-51.70,-39.31,-52.63,-61.36,-41.93,-54.52,-43.01,-36.26,-52.76,2026-07-09 22:55:04+00:00
2026-07-09T22:56:03+00:00,-47.08,-60.09,-63.72,-61.64,-62.80,-42.89,-42.99,-61.00,-51.37,-39.48,-52.12,-60.77,-42.01,-54.32,-43.19,-36.04,-54.97,2026-07-09 22:56:03+00:00
2026-07-09T22:57:03+00:00,-47.04,-60.04,-63.74,-61.83,-63.17,-42.58,-43.08,-61.00,-51.20,-39.59,-52.20,-60.63,-42.08,-53.83,-43.50,-36.29,-54.29,2026-07-09 22:57:03+00:00
2026-07-09T22:58:04+00:00,-47.37,-59.71,-63.67,-61.88,-62.89,-43.16,-43.20,-60.87,-50.97,-39.40,-52.28,-59.82,-42.30,-55.20,-43.39,-36.47,-52.66,2026-07-09 22:58:04+00:00
2026-07-09T22:59:04+00:00,-46.96,-59.76,-63.74,-61.89,-63.98,-42.88,-43.01,-60.97,-53.99,-39.18,-52.06,-59.36,-42.31,-54.45,-43.68,-36.51,-54.73,2026-07-09 22:59:04+00:00
2026-07-09T23:00:03+00:00,-47.23,-59.39,-62.29,-62.04,-63.17,-42.59,-42.97,-60.42,-54.16,-38.86,-52.18,-58.12,-42.47,-53.10,-43.56,-36.69,-54.54,2026-07-09 23:00:03+00:00
2026-07-09T23:01:03+00:00,-47.06,-59.82,-62.69,-61.88,-62.61,-43.07,-42.98,-61.00,-53.95,-39.03,-52.35,-57.84,-42.61,-53.12,-43.22,-36.85,-52.37,2026-07-09 23:01:03+00:00
2026-07-09T23:02:04+00:00,-47.01,-59.90,-63.28,-61.42,-63.73,-42.62,-43.03,-60.55,-54.18,-38.90,-52.78,-58.11,-42.59,-51.96,-42.97,-36.64,-54.48,2026-07-09 23:02:04+00:00
2026-07-09T23:03:03+00:00,-46.98,-60.03,-63.75,-62.16,-63.44,-42.47,-43.18,-60.87,-54.02,-39.08,-52.98,-58.63,-42.65,-51.77,-43.05,-36.37,-52.42,2026-07-09 23:03:03+00:00
2026-07-09T23:04:04+00:00,-46.97,-60.07,-63.86,-61.78,-62.76,-42.04,-43.08,-60.69,-54.14,-39.49,-52.95,-59.17,-42.75,-52.09,-42.80,-36.73,-52.54,2026-07-09 23:04:04+00:00
2026-07-09T23:05:03+00:00,-46.77,-59.58,-63.65,-61.74,-63.17,-43.27,-43.11,-60.34,-54.06,-39.60,-53.06,-59.18,-42.83,-51.24,-43.29,-37.04,-54.51,2026-07-09 23:05:03+00:00
2026-07-09T23:06:03+00:00,-46.92,-59.98,-63.78,-61.79,-63.31,-43.68,-42.98,-60.66,-53.97,-39.23,-52.96,-58.95,-42.91,-51.37,-43.23,-36.91,-54.72,2026-07-09 23:06:03+00:00
2026-07-09T23:07:04+00:00,-46.79,-59.80,-64.33,-62.11,-62.86,-44.19,-43.10,-60.86,-51.09,-39.06,-52.98,-58.04,-43.07,-51.65,-43.38,-36.51,-54.33,2026-07-09 23:07:04+00:00
2026-07-09T23:08:04+00:00,-46.72,-59.65,-64.00,-62.08,-63.72,-42.74,-43.11,-60.63,-50.55,-38.69,-52.37,-57.30,-43.01,-52.01,-43.59,-36.01,-54.24,2026-07-09 23:08:04+00:00
2026-07-09T23:09:03+00:00,-46.67,-59.75,-63.98,-61.88,-63.11,-42.55,-43.18,-60.68,-50.51,-38.48,-52.04,-57.48,-43.04,-52.21,-43.63,-35.88,-54.06,2026-07-09 23:09:03+00:00
2026-07-09T23:10:04+00:00,-46.87,-59.62,-63.76,-61.97,-63.76,-42.29,-43.14,-60.60,-50.55,-38.43,-52.04,-58.10,-43.07,-52.50,-43.61,-36.00,-54.69,2026-07-09 23:10:04+00:00
2026-07-09T23:11:04+00:00,-46.66,-60.02,-63.36,-61.69,-64.55,-43.11,-43.08,-61.05,-50.71,-38.38,-52.09,-57.85,-43.20,-51.52,-43.45,-36.15,-54.12,2026-07-09 23:11:04+00:00
2026-07-09T23:12:03+00:00,-46.89,-60.05,-63.34,-62.04,-64.21,-43.25,-43.11,-60.81,-50.86,-38.44,-52.85,-57.59,-43.47,-51.39,-43.32,-36.51,-54.06,2026-07-09 23:12:03+00:00
2026-07-09T23:13:04+00:00,-46.76,-59.85,-63.91,-62.17,-63.09,-43.18,-43.11,-60.79,-50.82,-38.64,-52.83,-57.75,-43.39,-51.59,-43.22,-36.65,-52.83,2026-07-09 23:13:04+00:00
2026-07-09T23:14:04+00:00,-46.69,-59.88,-63.76,-61.72,-63.06,-47.56,-43.02,-60.60,-50.87,-38.83,-52.50,-57.56,-43.29,-53.09,-43.08,-36.33,-54.08,2026-07-09 23:14:04+00:00
2026-07-09T23:15:03+00:00,-46.81,-59.88,-62.96,-62.17,-64.08,-47.21,-42.98,-61.00,-50.83,-39.00,-52.57,-57.31,-43.25,-52.11,-43.01,-36.19,-54.06,2026-07-09 23:15:03+00:00
2026-07-09T23:16:04+00:00,-46.78,-59.66,-64.00,-62.34,-63.49,-47.13,-43.04,-60.84,-50.71,-38.90,-52.55,-57.52,-43.25,-50.20,-43.58,-36.35,-52.71,2026-07-09 23:16:04+00:00
2026-07-09T23:17:04+00:00,-46.67,-60.01,-63.77,-62.17,-62.37,-47.17,-42.92,-61.01,-50.74,-38.80,-52.16,-57.58,-43.30,-50.40,-43.47,-36.50,-54.26,2026-07-09 23:17:04+00:00
2026-07-09T23:18:03+00:00,-46.68,-59.54,-63.56,-62.29,-63.19,-47.37,-42.93,-60.46,-50.78,-39.09,-51.70,-57.31,-43.37,-50.41,-43.39,-36.66,-54.16,2026-07-09 23:18:03+00:00
2026-07-09T23:19:04+00:00,-46.71,-59.73,-63.76,-61.77,-62.07,-47.32,-42.75,-60.72,-50.62,-39.11,-52.09,-56.69,-43.52,-51.02,-43.85,-36.60,-52.76,2026-07-09 23:19:04+00:00
2026-07-09T23:20:04+00:00,-46.56,-60.10,-64.09,-61.84,-63.70,-47.37,-42.95,-60.58,-50.72,-38.85,-52.26,-56.85,-43.42,-51.25,-43.80,-36.77,-54.10,2026-07-09 23:20:04+00:00
2026-07-09T23:21:03+00:00,-46.77,-60.40,-63.86,-61.97,-62.83,-47.35,-42.91,-60.72,-50.71,-38.53,-52.08,-57.04,-43.71,-51.82,-43.63,-36.55,-52.81,2026-07-09 23:21:03+00:00
2026-07-09T23:22:04+00:00,-46.54,-60.15,-63.44,-61.90,-63.76,-47.19,-42.99,-60.93,-52.90,-38.45,-51.87,-56.90,-43.86,-50.89,-43.29,-36.54,-54.84,2026-07-09 23:22:04+00:00
2026-07-09T23:23:04+00:00,-47.12,-60.37,-63.49,-62.23,-64.04,-47.16,-43.05,-60.92,-54.46,-38.39,-51.10,-57.23,-43.92,-50.21,-43.59,-36.27,-54.14,2026-07-09 23:23:04+00:00
2026-07-09T23:24:03+00:00,-47.28,-60.41,-63.83,-62.21,-63.30,-47.41,-42.83,-60.88,-54.56,-38.46,-50.79,-57.89,-44.01,-50.66,-43.99,-35.95,-54.71,2026-07-09 23:24:03+00:00
2026-07-09T23:25:04+00:00,-46.62,-60.58,-63.83,-62.24,-62.45,-47.29,-42.95,-60.71,-54.70,-38.40,-52.14,-58.01,-44.24,-50.51,-43.34,-35.37,-52.73,2026-07-09 23:25:04+00:00
2026-07-09T23:26:04+00:00,-46.70,-60.08,-63.82,-61.83,-62.91,-47.18,-42.94,-59.99,-54.69,-38.45,-52.24,-58.51,-44.26,-49.86,-43.41,-35.48,-54.88,2026-07-09 23:26:04+00:00
2026-07-09T23:27:03+00:00,-46.52,-60.47,-64.07,-62.16,-62.78,-47.23,-42.98,-59.95,-54.17,-38.50,-52.02,-59.90,-44.25,-50.64,-43.37,-35.46,-52.08,2026-07-09 23:27:03+00:00
2026-07-09T23:28:04+00:00,-46.57,-60.13,-63.80,-61.86,-62.85,-50.14,-42.90,-60.00,-54.29,-38.51,-50.92,-60.88,-44.00,-51.24,-43.42,-35.06,-54.43,2026-07-09 23:28:04+00:00
2026-07-09T23:29:04+00:00,-46.71,-60.21,-62.53,-61.89,-62.96,-50.43,-43.23,-60.38,-51.37,-38.54,-50.81,-60.56,-43.87,-52.13,-43.51,-35.54,-52.71,2026-07-09 23:29:04+00:00
2026-07-09T23:30:03+00:00,-49.44,-60.27,-63.99,-61.78,-63.04,-50.06,-43.08,-60.16,-51.41,-38.44,-52.01,-60.23,-44.13,-53.73,-43.42,-35.69,-52.53,2026-07-09 23:30:03+00:00
2026-07-09T23:31:04+00:00,-50.12,-59.83,-64.18,-62.05,-63.65,-49.84,-43.47,-60.15,-51.45,-38.11,-51.94,-59.78,-44.21,-54.70,-43.10,-35.62,-54.09,2026-07-09 23:31:04+00:00
2026-07-09T23:32:03+00:00,-50.53,-59.96,-63.82,-61.77,-64.57,-49.93,-43.28,-60.28,-51.42,-38.04,-51.83,-59.22,-44.22,-55.38,-42.89,-36.00,-53.99,2026-07-09 23:32:03+00:00
2026-07-09T23:33:04+00:00,-51.07,-59.90,-63.97,-61.67,-62.99,-50.13,-43.15,-60.04,-51.43,-38.31,-50.99,-59.03,-43.86,-54.44,-43.36,-36.27,-51.97,2026-07-09 23:33:04+00:00
2026-07-09T23:34:03+00:00,-49.68,-60.15,-63.59,-61.16,-63.88,-49.47,-43.18,-60.53,-51.37,-38.59,-50.69,-59.58,-43.85,-52.99,-43.13,-36.36,-53.97,2026-07-09 23:34:03+00:00
2026-07-09T23:35:03+00:00,-49.43,-60.11,-63.91,-61.95,-63.16,-50.10,-43.30,-60.47,-51.24,-38.61,-51.80,-60.76,-43.83,-52.89,-43.01,-35.90,-54.38,2026-07-09 23:35:03+00:00
2026-07-09T23:36:04+00:00,-49.24,-60.12,-64.03,-61.82,-63.26,-49.16,-43.20,-60.36,-51.34,-38.80,-51.89,-61.03,-43.91,-53.34,-42.97,-35.31,-54.04,2026-07-09 23:36:04+00:00
2026-07-09T23:37:04+00:00,-49.26,-60.08,-64.17,-61.78,-63.00,-49.57,-43.17,-60.55,-51.31,-38.68,-51.78,-60.50,-43.86,-51.84,-43.22,-35.26,-52.50,2026-07-09 23:37:04+00:00
2026-07-09T23:38:03+00:00,-49.19,-59.68,-63.74,-61.71,-63.63,-47.92,-43.14,-60.49,-51.49,-38.27,-51.65,-61.12,-43.97,-50.44,-43.22,-35.41,-52.59,2026-07-09 23:38:03+00:00
2026-07-09T23:39:04+00:00,-48.81,-59.96,-64.11,-61.93,-62.88,-47.97,-43.03,-60.22,-51.47,-38.31,-51.39,-59.58,-44.13,-50.79,-43.22,-35.94,-53.53,2026-07-09 23:39:04+00:00
2026-07-09T23:40:04+00:00,-48.57,-59.58,-64.04,-61.90,-62.87,-46.18,-43.35,-60.43,-51.39,-38.77,-51.41,-61.41,-44.16,-50.75,-43.31,-36.04,-54.47,2026-07-09 23:40:04+00:00
2026-07-09T23:41:03+00:00,-48.86,-59.71,-63.96,-61.98,-63.28,-46.36,-43.22,-60.48,-51.11,-39.27,-52.03,-61.18,-44.32,-50.43,-42.76,-35.99,-54.03,2026-07-09 23:41:03+00:00
2026-07-09T23:42:04+00:00,-49.10,-59.87,-64.25,-61.90,-63.39,-46.19,-43.36,-60.45,-51.23,-39.35,-51.80,-60.96,-44.28,-50.22,-42.99,-35.67,-54.15,2026-07-09 23:42:04+00:00
2026-07-09T23:43:04+00:00,-49.13,-60.33,-64.06,-61.94,-64.15,-46.05,-43.26,-60.37,-51.14,-39.09,-51.93,-61.56,-44.08,-51.06,-42.73,-35.89,-54.09,2026-07-09 23:43:04+00:00
2026-07-09T23:44:03+00:00,-48.91,-60.08,-63.73,-61.69,-63.94,-46.48,-43.42,-60.42,-54.20,-38.90,-51.53,-62.92,-43.85,-53.52,-42.87,-36.01,-53.21,2026-07-09 23:44:03+00:00
2026-07-09T23:45:04+00:00,-48.85,-60.01,-64.20,-62.34,-63.03,-46.52,-43.42,-60.45,-54.11,-39.03,-51.44,-63.81,-44.01,-54.09,-43.12,-35.74,-54.97,2026-07-09 23:45:04+00:00
2026-07-09T23:46:04+00:00,-49.35,-60.32,-64.26,-61.72,-63.19,-46.77,-43.12,-60.57,-54.28,-38.83,-51.91,-64.24,-44.13,-52.86,-43.34,-35.10,-54.51,2026-07-09 23:46:04+00:00
2026-07-09T23:47:03+00:00,-49.13,-60.30,-64.58,-61.90,-63.10,-46.17,-43.28,-61.08,-54.39,-38.51,-51.86,-64.29,-44.14,-53.96,-43.02,-34.78,-52.46,2026-07-09 23:47:03+00:00
2026-07-09T23:48:03+00:00,-49.55,-59.96,-64.04,-62.17,-63.60,-47.01,-43.16,-60.97,-54.21,-38.32,-51.53,-64.03,-43.98,-54.23,-43.36,-34.94,-54.75,2026-07-09 23:48:03+00:00
2026-07-09T23:49:04+00:00,-49.66,-60.07,-64.29,-61.96,-62.98,-46.62,-43.13,-61.04,-54.13,-38.65,-51.16,-64.11,-43.90,-52.86,-43.19,-34.61,-53.00,2026-07-09 23:49:04+00:00
2026-07-09T23:50:03+00:00,-49.46,-60.02,-64.36,-61.70,-63.14,-46.85,-43.19,-61.20,-53.99,-39.31,-51.02,-63.52,-43.97,-52.48,-42.80,-34.50,-54.48,2026-07-09 23:50:03+00:00
2026-07-09T23:51:03+00:00,-49.03,-60.32,-64.20,-61.40,-63.93,-46.69,-43.16,-61.12,-53.49,-39.52,-50.84,-63.67,-44.07,-53.55,-42.84,-34.68,-54.78,2026-07-09 23:51:03+00:00
2026-07-09T23:52:04+00:00,-49.45,-60.14,-63.94,-61.72,-62.65,-46.86,-43.18,-61.06,-51.18,-39.13,-51.31,-63.33,-44.40,-53.30,-42.86,-35.37,-54.74,2026-07-09 23:52:04+00:00
2026-07-09T23:53:03+00:00,-49.38,-59.96,-63.53,-61.64,-62.86,-46.75,-42.95,-61.19,-50.33,-39.04,-51.04,-63.38,-44.49,-52.91,-42.20,-35.64,-54.10,2026-07-09 23:53:03+00:00
2026-07-09T23:54:03+00:00,-48.97,-60.41,-63.95,-61.96,-63.48,-47.42,-43.13,-60.98,-50.24,-39.02,-51.06,-63.57,-44.35,-54.18,-42.08,-35.85,-54.17,2026-07-09 23:54:03+00:00
2026-07-09T23:55:04+00:00,-49.15,-60.69,-63.80,-62.12,-63.60,-47.06,-43.12,-61.38,-50.23,-39.04,-50.80,-63.63,-44.20,-53.36,-41.54,-35.83,-54.15,2026-07-09 23:55:04+00:00
2026-07-09T23:56:03+00:00,-48.92,-60.75,-64.02,-62.41,-63.39,-46.68,-43.31,-61.32,-50.65,-39.34,-50.57,-63.70,-44.33,-52.29,-41.41,-35.85,-54.78,2026-07-09 23:56:03+00:00
2026-07-09T23:57:03+00:00,-49.39,-60.46,-64.05,-61.71,-62.25,-47.40,-43.14,-61.15,-50.68,-39.31,-50.38,-64.50,-44.59,-51.82,-41.20,-35.83,-52.89,2026-07-09 23:57:03+00:00
2026-07-09T23:58:04+00:00,-49.37,-60.63,-64.37,-61.83,-62.69,-47.30,-41.69,-61.84,-50.71,-39.24,-50.83,-64.71,-44.64,-51.68,-40.96,-35.75,-54.05,2026-07-09 23:58:04+00:00
2026-07-09T23:59:04+00:00,-49.15,-60.63,-64.56,-62.11,-63.43,-47.16,-43.24,-61.33,-50.83,-39.04,-50.69,-64.59,-44.66,-51.85,-41.04,-35.28,-54.83,2026-07-09 23:59:04+00:00
