data,4500,11350,27200,58750,89750,19600,20270,20900,22600,23400,24000,26700,29700,45900,63850,77500,Ch17,data_parsed
2026-06-05T00:00:04+00:00,-52.38,-65.09,-66.59,-59.52,-63.05,-51.58,-48.39,-65.81,-57.83,-47.85,-51.98,-63.45,-51.67,-44.64,-59.22,-42.26,-51.90,2026-06-05 00:00:04+00:00
2026-06-05T00:01:04+00:00,-52.51,-65.32,-66.27,-59.35,-61.80,-51.50,-48.52,-65.50,-57.84,-48.55,-52.11,-64.43,-51.55,-45.31,-58.92,-40.47,-53.63,2026-06-05 00:01:04+00:00
2026-06-05T00:02:04+00:00,-55.78,-65.27,-66.55,-59.28,-61.81,-50.95,-47.84,-65.32,-55.87,-47.86,-51.99,-64.55,-51.09,-45.59,-59.53,-40.26,-54.71,2026-06-05 00:02:04+00:00
2026-06-05T00:03:04+00:00,-56.02,-65.76,-66.74,-59.26,-64.22,-50.95,-48.14,-65.74,-51.99,-48.50,-52.04,-64.14,-50.86,-44.33,-58.94,-40.09,-52.24,2026-06-05 00:03:04+00:00
2026-06-05T00:04:03+00:00,-56.12,-65.61,-66.54,-59.34,-62.56,-50.69,-48.25,-65.37,-51.97,-48.08,-52.27,-63.90,-51.03,-43.65,-59.59,-39.15,-51.95,2026-06-05 00:04:03+00:00
2026-06-05T00:05:03+00:00,-56.00,-65.05,-66.41,-59.28,-63.27,-50.60,-48.69,-64.82,-48.90,-47.78,-52.13,-63.43,-51.33,-42.50,-59.58,-39.15,-52.06,2026-06-05 00:05:03+00:00
2026-06-05T00:06:04+00:00,-55.96,-65.36,-66.69,-59.20,-63.14,-50.52,-48.90,-64.81,-48.97,-47.05,-52.29,-63.38,-51.23,-41.56,-59.43,-39.00,-53.63,2026-06-05 00:06:04+00:00
2026-06-05T00:07:03+00:00,-56.44,-65.48,-66.55,-59.23,-61.77,-50.47,-49.05,-65.34,-49.26,-45.94,-52.01,-63.96,-51.08,-41.41,-59.18,-39.75,-54.00,2026-06-05 00:07:03+00:00
2026-06-05T00:08:03+00:00,-55.72,-65.34,-66.58,-59.47,-62.48,-50.18,-48.57,-65.29,-49.31,-45.47,-52.01,-64.40,-51.23,-40.78,-59.20,-39.53,-51.98,2026-06-05 00:08:03+00:00
2026-06-05T00:09:04+00:00,-52.60,-65.25,-66.21,-59.30,-62.76,-49.94,-48.54,-65.33,-49.23,-45.35,-52.12,-64.45,-51.19,-40.46,-59.16,-39.85,-52.12,2026-06-05 00:09:04+00:00
2026-06-05T00:10:04+00:00,-52.57,-65.35,-66.65,-59.33,-61.50,-49.68,-48.40,-65.55,-49.27,-45.13,-51.99,-64.43,-51.11,-40.72,-59.29,-40.73,-54.67,2026-06-05 00:10:04+00:00
2026-06-05T00:11:04+00:00,-52.50,-65.65,-66.70,-59.47,-62.31,-49.62,-48.71,-65.34,-49.30,-45.30,-52.11,-64.77,-50.89,-40.84,-58.80,-42.09,-54.68,2026-06-05 00:11:04+00:00
2026-06-05T00:12:03+00:00,-52.56,-65.14,-66.40,-59.53,-61.61,-49.47,-48.81,-65.55,-49.20,-44.96,-51.97,-64.54,-50.84,-40.40,-59.37,-41.80,-51.92,2026-06-05 00:12:03+00:00
2026-06-05T00:13:03+00:00,-52.63,-65.19,-66.47,-59.61,-61.85,-49.48,-48.69,-65.18,-49.31,-44.16,-52.29,-64.53,-50.82,-40.03,-59.23,-45.13,-51.85,2026-06-05 00:13:03+00:00
2026-06-05T00:14:04+00:00,-52.74,-65.23,-66.81,-59.66,-63.33,-49.75,-48.90,-65.24,-49.22,-44.12,-52.53,-64.22,-50.54,-39.90,-59.28,-44.07,-53.63,2026-06-05 00:14:04+00:00
2026-06-05T00:15:04+00:00,-52.88,-64.77,-66.34,-59.25,-62.49,-50.05,-48.91,-65.24,-49.28,-44.23,-52.51,-64.34,-50.48,-39.70,-59.09,-43.70,-54.64,2026-06-05 00:15:04+00:00
2026-06-05T00:16:03+00:00,-53.08,-65.31,-66.41,-59.20,-62.32,-49.69,-48.80,-65.50,-49.20,-44.14,-52.46,-63.99,-50.39,-39.59,-59.65,-46.11,-54.75,2026-06-05 00:16:03+00:00
2026-06-05T00:17:03+00:00,-53.11,-65.55,-66.65,-59.61,-62.33,-49.92,-49.00,-65.65,-50.09,-43.53,-52.67,-64.51,-50.11,-39.82,-59.56,-47.41,-51.94,2026-06-05 00:17:03+00:00
2026-06-05T00:18:04+00:00,-52.95,-65.35,-66.36,-59.64,-62.33,-50.05,-49.43,-65.32,-51.41,-43.71,-52.67,-64.54,-50.33,-40.03,-59.31,-46.53,-54.64,2026-06-05 00:18:04+00:00
2026-06-05T00:19:04+00:00,-53.23,-64.73,-66.29,-59.71,-63.18,-50.04,-47.85,-65.62,-51.41,-43.80,-52.83,-64.37,-50.46,-39.91,-59.08,-45.99,-51.97,2026-06-05 00:19:04+00:00
2026-06-05T00:20:04+00:00,-52.85,-64.77,-66.34,-59.73,-63.11,-50.05,-49.89,-65.25,-63.89,-43.47,-53.01,-64.04,-50.49,-39.41,-58.92,-43.96,-53.71,2026-06-05 00:20:04+00:00
2026-06-05T00:21:03+00:00,-52.84,-64.92,-66.09,-59.70,-63.26,-49.48,-49.64,-65.18,-63.61,-43.36,-52.93,-64.18,-50.63,-39.89,-59.16,-44.21,-53.70,2026-06-05 00:21:03+00:00
2026-06-05T00:22:03+00:00,-49.49,-65.09,-66.16,-59.57,-62.29,-49.42,-49.90,-64.99,-60.02,-42.82,-52.80,-64.05,-50.65,-39.99,-59.43,-44.41,-52.05,2026-06-05 00:22:03+00:00
2026-06-05T00:23:04+00:00,-49.40,-64.82,-66.46,-59.59,-62.50,-49.10,-49.46,-65.91,-59.62,-42.55,-52.98,-64.10,-51.04,-40.79,-59.66,-42.24,-51.94,2026-06-05 00:23:04+00:00
2026-06-05T00:24:04+00:00,-49.47,-64.91,-66.72,-59.57,-60.61,-48.63,-49.54,-65.45,-59.32,-43.04,-53.02,-63.45,-51.18,-40.33,-59.43,-40.84,-51.88,2026-06-05 00:24:04+00:00
2026-06-05T00:25:03+00:00,-49.47,-65.25,-66.50,-59.75,-62.11,-48.81,-49.78,-65.71,-59.40,-43.25,-53.10,-63.51,-51.22,-40.13,-59.37,-40.33,-51.88,2026-06-05 00:25:03+00:00
2026-06-05T00:26:03+00:00,-49.49,-65.51,-65.30,-59.78,-62.91,-48.79,-49.84,-65.69,-52.01,-42.92,-52.96,-63.82,-51.25,-40.80,-59.25,-39.17,-53.49,2026-06-05 00:26:03+00:00
2026-06-05T00:27:04+00:00,-49.50,-65.18,-66.16,-59.75,-63.32,-48.99,-49.55,-65.51,-59.68,-42.65,-53.00,-63.68,-51.40,-41.86,-59.64,-38.77,-51.97,2026-06-05 00:27:04+00:00
2026-06-05T00:28:04+00:00,-49.51,-64.70,-66.54,-59.56,-62.26,-49.17,-48.87,-65.28,-59.31,-43.34,-52.84,-63.63,-51.40,-42.08,-59.24,-40.03,-54.63,2026-06-05 00:28:04+00:00
2026-06-05T00:29:04+00:00,-49.52,-65.07,-63.53,-59.39,-61.47,-48.90,-48.82,-64.91,-54.55,-43.66,-52.77,-63.59,-51.15,-42.53,-59.16,-39.83,-53.68,2026-06-05 00:29:04+00:00
2026-06-05T00:30:03+00:00,-49.50,-65.26,-65.98,-59.27,-63.45,-49.07,-49.01,-65.44,-59.38,-44.06,-52.69,-63.68,-51.21,-42.36,-58.99,-39.52,-53.45,2026-06-05 00:30:03+00:00
2026-06-05T00:31:03+00:00,-49.55,-64.96,-66.21,-59.39,-61.82,-48.63,-48.87,-65.47,-59.37,-44.13,-52.79,-63.69,-51.27,-41.83,-59.22,-39.78,-51.86,2026-06-05 00:31:03+00:00
2026-06-05T00:32:03+00:00,-49.59,-64.89,-66.14,-59.50,-62.07,-48.85,-48.84,-65.19,-59.37,-44.27,-52.48,-63.78,-51.35,-42.09,-59.05,-39.74,-51.90,2026-06-05 00:32:03+00:00
2026-06-05T00:33:04+00:00,-49.38,-64.59,-65.67,-59.40,-61.61,-46.97,-48.35,-65.17,-59.83,-44.52,-52.34,-63.28,-51.40,-42.14,-58.97,-39.69,-52.27,2026-06-05 00:33:04+00:00
2026-06-05T00:34:04+00:00,-49.36,-65.20,-65.94,-59.44,-63.29,-46.87,-48.57,-65.34,-59.88,-44.60,-52.14,-63.03,-51.31,-42.58,-59.77,-39.30,-52.07,2026-06-05 00:34:04+00:00
2026-06-05T00:35:04+00:00,-50.63,-64.81,-65.61,-59.35,-61.64,-46.44,-48.80,-64.71,-59.79,-44.82,-52.16,-62.85,-51.15,-42.54,-59.45,-39.06,-53.59,2026-06-05 00:35:04+00:00
2026-06-05T00:36:04+00:00,-50.54,-65.02,-66.00,-59.40,-63.15,-46.42,-48.27,-65.26,-58.80,-45.24,-52.13,-63.00,-51.27,-42.44,-59.22,-39.64,-53.64,2026-06-05 00:36:04+00:00
2026-06-05T00:37:04+00:00,-56.03,-65.17,-66.05,-59.73,-62.24,-46.40,-47.93,-65.41,-57.58,-44.93,-52.04,-62.85,-51.76,-42.88,-59.63,-39.80,-53.58,2026-06-05 00:37:04+00:00
2026-06-05T00:38:03+00:00,-56.54,-64.44,-65.25,-59.43,-62.87,-46.83,-47.37,-64.17,-57.53,-44.91,-51.94,-62.83,-51.93,-43.01,-59.34,-40.27,-54.68,2026-06-05 00:38:03+00:00
2026-06-05T00:39:03+00:00,-56.34,-64.55,-65.36,-59.46,-61.88,-46.94,-47.92,-63.58,-57.59,-45.37,-51.29,-63.09,-52.17,-43.18,-59.15,-40.02,-53.54,2026-06-05 00:39:03+00:00
2026-06-05T00:40:04+00:00,-57.02,-64.93,-66.34,-59.73,-63.80,-47.00,-48.08,-64.44,-57.66,-45.08,-51.00,-63.61,-52.50,-44.17,-59.01,-39.14,-53.87,2026-06-05 00:40:04+00:00
2026-06-05T00:41:04+00:00,-56.69,-64.72,-65.67,-59.62,-63.48,-46.76,-48.35,-63.37,-57.57,-44.84,-51.05,-63.22,-52.55,-43.68,-60.08,-39.02,-53.74,2026-06-05 00:41:04+00:00
2026-06-05T00:42:03+00:00,-53.26,-64.96,-66.00,-59.59,-61.35,-47.01,-48.14,-64.56,-57.43,-45.26,-51.47,-63.40,-52.54,-43.56,-58.79,-39.64,-53.60,2026-06-05 00:42:03+00:00
2026-06-05T00:43:03+00:00,-53.12,-65.15,-66.06,-59.74,-63.56,-46.70,-48.17,-65.50,-57.53,-44.97,-51.36,-63.51,-52.79,-43.42,-59.25,-39.62,-53.51,2026-06-05 00:43:03+00:00
2026-06-05T00:44:04+00:00,-52.97,-63.54,-65.70,-59.45,-63.09,-46.76,-48.18,-64.89,-57.52,-45.08,-51.48,-63.61,-52.90,-42.85,-58.79,-39.83,-51.91,2026-06-05 00:44:04+00:00
2026-06-05T00:45:04+00:00,-52.76,-65.01,-65.56,-59.58,-62.43,-46.63,-48.80,-64.57,-57.78,-45.11,-51.34,-63.61,-53.04,-42.79,-59.33,-40.76,-51.90,2026-06-05 00:45:04+00:00
2026-06-05T00:46:04+00:00,-53.03,-65.05,-65.78,-59.73,-63.29,-46.25,-49.18,-64.71,-57.86,-45.18,-51.32,-63.90,-53.05,-43.48,-59.90,-41.22,-51.53,2026-06-05 00:46:04+00:00
2026-06-05T00:47:03+00:00,-53.36,-64.82,-65.73,-59.48,-61.93,-46.48,-49.02,-64.72,-51.93,-45.23,-51.02,-63.85,-52.94,-43.34,-58.96,-41.96,-51.96,2026-06-05 00:47:03+00:00
2026-06-05T00:48:03+00:00,-53.49,-64.62,-65.59,-59.35,-63.14,-46.19,-48.68,-64.48,-51.92,-45.24,-51.01,-63.69,-52.87,-43.35,-58.78,-42.34,-51.89,2026-06-05 00:48:03+00:00
2026-06-05T00:49:04+00:00,-53.21,-65.04,-66.13,-59.61,-62.00,-46.26,-48.57,-65.10,-51.86,-45.30,-51.19,-63.42,-53.32,-43.23,-58.93,-42.65,-50.69,2026-06-05 00:49:04+00:00
2026-06-05T00:50:04+00:00,-53.26,-64.43,-65.76,-59.36,-63.39,-46.58,-48.55,-64.47,-48.94,-45.46,-50.97,-62.79,-53.51,-43.82,-59.02,-43.66,-51.88,2026-06-05 00:50:04+00:00
2026-06-05T00:51:04+00:00,-53.15,-65.23,-65.82,-59.76,-62.15,-46.62,-48.50,-64.88,-48.98,-45.42,-50.91,-62.72,-54.19,-43.55,-59.02,-42.91,-51.01,2026-06-05 00:51:04+00:00
2026-06-05T00:52:03+00:00,-53.52,-65.25,-66.28,-59.83,-63.31,-46.42,-48.65,-65.53,-49.20,-45.62,-50.88,-62.55,-54.46,-42.87,-59.41,-43.07,-50.73,2026-06-05 00:52:03+00:00
2026-06-05T00:53:03+00:00,-53.41,-65.38,-65.90,-59.57,-62.76,-46.52,-48.59,-64.81,-49.17,-45.43,-50.85,-62.30,-54.60,-43.25,-58.95,-42.72,-51.86,2026-06-05 00:53:03+00:00
2026-06-05T00:54:03+00:00,-53.27,-65.20,-65.79,-59.57,-63.09,-46.29,-48.19,-65.17,-49.28,-45.22,-50.84,-62.08,-54.53,-43.08,-58.88,-43.56,-50.78,2026-06-05 00:54:03+00:00
2026-06-05T00:55:04+00:00,-53.30,-65.38,-65.73,-59.71,-62.72,-46.44,-48.37,-65.09,-49.30,-45.29,-50.96,-62.02,-54.06,-42.13,-59.09,-44.08,-51.88,2026-06-05 00:55:04+00:00
2026-06-05T00:56:04+00:00,-53.11,-65.15,-65.53,-59.62,-63.03,-46.67,-48.26,-64.79,-49.29,-45.30,-51.23,-61.64,-53.59,-41.66,-59.61,-45.77,-52.07,2026-06-05 00:56:04+00:00
2026-06-05T00:57:03+00:00,-52.98,-65.19,-65.78,-59.52,-62.39,-46.94,-47.95,-65.05,-49.11,-44.70,-51.35,-61.85,-53.48,-42.13,-59.00,-46.25,-52.22,2026-06-05 00:57:03+00:00
2026-06-05T00:58:03+00:00,-52.84,-65.50,-65.99,-59.47,-62.69,-47.08,-47.79,-64.62,-49.22,-45.23,-51.26,-61.66,-53.34,-41.57,-59.16,-48.17,-52.37,2026-06-05 00:58:03+00:00
2026-06-05T00:59:04+00:00,-52.91,-65.38,-66.12,-59.55,-62.43,-47.39,-47.62,-65.06,-49.15,-44.77,-51.32,-61.55,-53.34,-40.93,-59.01,-50.11,-54.89,2026-06-05 00:59:04+00:00
2026-06-05T01:00:04+00:00,-52.77,-65.15,-66.02,-59.73,-62.51,-47.78,-47.68,-64.36,-49.21,-44.14,-51.59,-61.37,-53.45,-40.95,-58.86,-47.89,-52.17,2026-06-05 01:00:04+00:00
2026-06-05T01:01:04+00:00,-52.85,-64.88,-66.00,-59.73,-63.70,-47.39,-47.26,-64.74,-49.12,-44.12,-51.35,-61.20,-53.44,-40.70,-58.88,-47.97,-52.15,2026-06-05 01:01:04+00:00
2026-06-05T01:02:04+00:00,-52.89,-64.63,-65.66,-59.67,-62.64,-47.38,-47.15,-65.05,-51.36,-44.22,-51.52,-61.11,-52.95,-40.70,-58.71,-45.34,-53.76,2026-06-05 01:02:04+00:00
2026-06-05T01:03:03+00:00,-52.75,-64.79,-65.74,-59.83,-64.03,-47.36,-47.36,-64.99,-51.30,-45.12,-51.51,-60.94,-52.82,-40.58,-59.34,-45.66,-54.94,2026-06-05 01:03:03+00:00
2026-06-05T01:04:03+00:00,-52.91,-64.92,-65.02,-59.77,-63.66,-47.19,-46.97,-64.58,-51.92,-45.00,-51.54,-60.85,-52.82,-40.69,-58.69,-45.01,-52.22,2026-06-05 01:04:03+00:00
2026-06-05T01:05:04+00:00,-52.63,-64.64,-65.73,-59.95,-63.65,-47.26,-47.13,-64.50,-62.15,-45.70,-51.09,-61.10,-52.67,-40.58,-59.24,-44.74,-54.95,2026-06-05 01:05:04+00:00
2026-06-05T01:06:03+00:00,-52.59,-65.70,-66.11,-59.95,-63.44,-47.01,-47.20,-64.99,-62.93,-46.40,-50.99,-61.27,-52.61,-40.89,-59.53,-44.61,-52.12,2026-06-05 01:06:03+00:00
2026-06-05T01:07:04+00:00,-50.80,-65.20,-66.19,-59.41,-63.13,-47.32,-47.11,-64.90,-59.66,-46.90,-50.93,-60.90,-52.73,-40.86,-58.93,-44.06,-52.19,2026-06-05 01:07:04+00:00
2026-06-05T01:08:04+00:00,-50.73,-65.22,-65.94,-59.58,-62.35,-47.09,-47.29,-65.24,-59.31,-47.02,-50.93,-61.08,-52.56,-41.44,-58.95,-43.99,-54.05,2026-06-05 01:08:04+00:00
2026-06-05T01:09:03+00:00,-50.73,-65.48,-66.29,-59.97,-61.72,-47.10,-47.43,-64.90,-58.75,-47.33,-50.97,-60.69,-52.50,-42.39,-59.56,-43.05,-54.19,2026-06-05 01:09:03+00:00
2026-06-05T01:10:03+00:00,-50.76,-65.50,-66.23,-59.84,-62.60,-47.24,-47.49,-65.27,-59.04,-47.56,-51.21,-60.81,-52.54,-42.84,-59.38,-43.06,-53.53,2026-06-05 01:10:03+00:00
2026-06-05T01:11:04+00:00,-50.63,-65.48,-66.26,-59.70,-62.56,-47.01,-47.42,-65.32,-59.19,-47.84,-51.14,-60.77,-52.34,-43.19,-58.75,-42.35,-52.20,2026-06-05 01:11:04+00:00
2026-06-05T01:12:04+00:00,-50.61,-64.38,-66.49,-59.94,-62.64,-46.91,-47.06,-65.42,-59.08,-48.01,-51.41,-60.92,-52.35,-43.07,-59.60,-41.16,-52.21,2026-06-05 01:12:04+00:00
2026-06-05T01:13:04+00:00,-50.47,-65.35,-65.77,-59.58,-62.96,-47.45,-47.49,-65.29,-59.56,-47.33,-51.47,-60.91,-52.53,-43.18,-58.87,-40.64,-52.10,2026-06-05 01:13:04+00:00
2026-06-05T01:14:03+00:00,-49.34,-65.53,-66.05,-59.60,-62.36,-47.10,-47.77,-65.13,-59.45,-47.40,-51.15,-60.87,-52.46,-43.33,-59.74,-40.14,-54.90,2026-06-05 01:14:03+00:00
2026-06-05T01:15:03+00:00,-49.27,-65.33,-66.25,-60.00,-63.19,-47.26,-47.94,-65.64,-59.02,-47.30,-51.12,-61.03,-52.52,-43.41,-59.50,-39.35,-55.03,2026-06-05 01:15:03+00:00
2026-06-05T01:16:04+00:00,-49.24,-65.35,-65.69,-59.49,-62.02,-47.15,-48.06,-65.07,-59.30,-47.26,-51.12,-60.87,-52.89,-43.67,-59.17,-39.01,-52.33,2026-06-05 01:16:04+00:00
2026-06-05T01:17:04+00:00,-49.26,-65.50,-65.83,-59.67,-63.63,-47.12,-47.66,-65.02,-59.18,-46.98,-51.10,-61.00,-53.12,-44.48,-59.51,-38.19,-52.17,2026-06-05 01:17:04+00:00
2026-06-05T01:18:04+00:00,-49.23,-66.18,-66.06,-59.56,-63.52,-47.57,-47.59,-64.69,-59.68,-47.94,-50.94,-61.05,-53.51,-46.12,-59.20,-37.97,-54.92,2026-06-05 01:18:04+00:00
2026-06-05T01:19:03+00:00,-49.26,-66.23,-65.74,-59.89,-63.92,-47.65,-47.67,-64.96,-59.56,-48.46,-50.83,-60.77,-53.79,-46.72,-59.42,-37.76,-52.08,2026-06-05 01:19:03+00:00
2026-06-05T01:20:03+00:00,-49.41,-65.75,-65.83,-59.91,-62.89,-47.35,-48.04,-65.20,-59.38,-49.10,-50.60,-60.75,-54.19,-48.87,-59.18,-38.35,-54.95,2026-06-05 01:20:03+00:00
2026-06-05T01:21:04+00:00,-49.49,-65.41,-65.92,-59.66,-62.31,-47.25,-47.89,-64.99,-58.39,-49.13,-50.64,-60.67,-54.32,-51.51,-59.50,-38.69,-54.94,2026-06-05 01:21:04+00:00
2026-06-05T01:22:04+00:00,-52.93,-65.73,-65.97,-59.74,-62.83,-47.31,-47.05,-65.26,-57.49,-48.45,-50.44,-60.57,-54.36,-53.65,-59.19,-39.59,-52.32,2026-06-05 01:22:04+00:00
2026-06-05T01:23:04+00:00,-53.02,-66.07,-65.98,-59.76,-62.87,-47.50,-47.92,-64.73,-57.38,-47.11,-50.25,-60.95,-54.69,-54.22,-59.42,-39.70,-55.03,2026-06-05 01:23:04+00:00
2026-06-05T01:24:03+00:00,-53.12,-65.74,-66.02,-59.67,-62.96,-47.59,-47.79,-65.37,-57.32,-47.23,-50.19,-60.80,-54.88,-56.62,-59.31,-39.87,-54.01,2026-06-05 01:24:03+00:00
2026-06-05T01:25:03+00:00,-53.31,-66.00,-66.19,-59.82,-61.60,-47.82,-48.28,-65.11,-57.34,-47.67,-49.94,-60.77,-55.42,-55.21,-59.12,-40.03,-53.90,2026-06-05 01:25:03+00:00
2026-06-05T01:26:04+00:00,-53.37,-65.86,-66.57,-59.75,-63.01,-47.80,-48.20,-65.23,-57.22,-47.57,-49.63,-60.90,-55.56,-56.60,-59.44,-39.43,-53.93,2026-06-05 01:26:04+00:00
2026-06-05T01:27:04+00:00,-53.18,-65.59,-65.96,-59.50,-62.05,-47.59,-48.34,-65.25,-57.27,-46.85,-49.60,-61.12,-55.67,-56.20,-59.25,-38.71,-53.99,2026-06-05 01:27:04+00:00
2026-06-05T01:28:04+00:00,-53.29,-65.77,-65.71,-59.35,-62.84,-47.91,-48.51,-64.92,-57.37,-47.10,-49.74,-61.05,-56.10,-57.44,-58.92,-37.79,-54.02,2026-06-05 01:28:04+00:00
2026-06-05T01:29:03+00:00,-53.33,-65.80,-66.36,-59.94,-62.95,-48.00,-48.41,-64.94,-56.86,-46.89,-49.54,-61.23,-56.97,-57.83,-58.72,-38.27,-55.00,2026-06-05 01:29:03+00:00
2026-06-05T01:30:03+00:00,-53.18,-65.59,-66.18,-59.59,-62.93,-47.92,-48.38,-64.94,-57.41,-47.11,-49.33,-60.86,-57.73,-55.89,-59.01,-38.02,-54.93,2026-06-05 01:30:03+00:00
2026-06-05T01:31:03+00:00,-53.30,-66.00,-66.33,-59.77,-63.03,-47.97,-47.69,-65.72,-57.38,-47.97,-49.40,-60.97,-58.41,-54.66,-58.64,-38.11,-54.08,2026-06-05 01:31:03+00:00
2026-06-05T01:32:04+00:00,-52.84,-64.61,-66.42,-59.48,-63.94,-47.78,-47.25,-65.59,-51.76,-47.23,-49.53,-60.94,-58.95,-54.72,-59.03,-38.04,-55.25,2026-06-05 01:32:04+00:00
2026-06-05T01:33:04+00:00,-52.89,-65.81,-65.85,-59.63,-62.52,-47.73,-47.29,-65.84,-51.79,-47.14,-49.67,-61.11,-59.11,-53.59,-59.27,-38.18,-55.12,2026-06-05 01:33:04+00:00
2026-06-05T01:34:04+00:00,-52.94,-65.96,-65.88,-59.54,-62.26,-47.80,-47.61,-65.85,-49.11,-47.74,-49.62,-61.03,-58.44,-53.89,-58.44,-37.69,-55.12,2026-06-05 01:34:04+00:00
2026-06-05T01:35:03+00:00,-52.92,-65.08,-66.09,-59.48,-63.85,-47.65,-47.74,-65.32,-48.80,-47.56,-49.52,-60.83,-59.17,-53.62,-59.19,-37.92,-55.23,2026-06-05 01:35:03+00:00
2026-06-05T01:36:03+00:00,-53.12,-66.20,-65.90,-59.71,-61.09,-47.66,-48.30,-65.23,-48.95,-49.27,-49.46,-60.92,-60.16,-54.26,-59.00,-38.34,-54.09,2026-06-05 01:36:03+00:00
2026-06-05T01:37:04+00:00,-52.53,-65.29,-65.89,-59.44,-62.28,-48.02,-47.83,-64.90,-49.11,-50.25,-49.40,-60.97,-60.79,-54.99,-59.35,-38.46,-54.12,2026-06-05 01:37:04+00:00
2026-06-05T01:38:04+00:00,-52.74,-65.22,-66.18,-59.59,-64.23,-47.82,-47.93,-65.67,-49.18,-51.63,-49.11,-61.13,-61.09,-52.29,-59.58,-37.99,-54.99,2026-06-05 01:38:04+00:00
2026-06-05T01:39:04+00:00,-56.63,-66.14,-66.05,-59.48,-62.89,-47.63,-47.87,-65.60,-49.07,-51.85,-49.07,-61.20,-59.82,-50.66,-59.45,-37.95,-55.01,2026-06-05 01:39:04+00:00
2026-06-05T01:40:03+00:00,-56.38,-65.05,-66.05,-59.59,-63.17,-47.83,-47.85,-65.45,-49.11,-50.31,-48.66,-61.11,-59.36,-50.71,-59.40,-38.56,-55.01,2026-06-05 01:40:03+00:00
2026-06-05T01:41:03+00:00,-56.22,-65.72,-65.76,-59.48,-62.81,-47.45,-47.61,-65.44,-49.15,-50.07,-48.48,-61.05,-59.68,-49.91,-59.39,-38.83,-55.30,2026-06-05 01:41:03+00:00
2026-06-05T01:42:04+00:00,-56.61,-66.30,-66.14,-59.70,-62.48,-47.60,-47.57,-65.86,-49.11,-50.01,-48.43,-61.08,-59.86,-50.22,-58.78,-38.43,-55.12,2026-06-05 01:42:04+00:00
2026-06-05T01:43:04+00:00,-56.77,-65.93,-65.94,-59.48,-62.97,-47.74,-47.67,-65.59,-49.14,-49.98,-48.32,-61.13,-59.76,-50.32,-59.21,-38.48,-54.34,2026-06-05 01:43:04+00:00
2026-06-05T01:44:04+00:00,-56.21,-65.68,-66.00,-59.86,-63.61,-47.81,-48.21,-65.21,-49.03,-49.73,-47.72,-61.00,-59.65,-49.86,-59.44,-38.64,-54.04,2026-06-05 01:44:04+00:00
2026-06-05T01:45:03+00:00,-55.96,-64.69,-65.75,-59.50,-62.44,-47.94,-48.27,-64.47,-49.15,-48.55,-47.65,-61.08,-59.74,-50.52,-59.40,-38.92,-54.98,2026-06-05 01:45:03+00:00
2026-06-05T01:46:03+00:00,-53.04,-65.32,-65.80,-59.26,-62.98,-47.86,-48.43,-64.34,-49.11,-48.31,-47.56,-60.98,-59.18,-49.95,-59.12,-39.20,-54.92,2026-06-05 01:46:03+00:00
2026-06-05T01:47:03+00:00,-52.83,-64.73,-65.69,-59.41,-63.85,-47.90,-47.96,-64.62,-51.43,-48.23,-47.46,-60.90,-59.52,-49.45,-59.40,-39.78,-54.81,2026-06-05 01:47:03+00:00
2026-06-05T01:48:04+00:00,-52.82,-65.19,-65.48,-59.46,-63.11,-47.68,-48.14,-65.68,-51.39,-48.18,-47.67,-60.99,-59.96,-48.87,-59.34,-40.11,-53.92,2026-06-05 01:48:04+00:00
2026-06-05T01:49:04+00:00,-52.88,-65.24,-65.30,-59.40,-63.17,-47.95,-48.63,-65.58,-59.34,-49.14,-47.38,-61.01,-60.67,-48.55,-59.49,-39.76,-54.26,2026-06-05 01:49:04+00:00
2026-06-05T01:50:04+00:00,-52.89,-64.73,-65.50,-59.57,-62.81,-47.92,-48.95,-65.74,-62.91,-50.29,-47.22,-61.01,-61.04,-50.04,-59.22,-40.23,-54.92,2026-06-05 01:50:04+00:00
2026-06-05T01:51:03+00:00,-52.93,-64.70,-65.49,-59.41,-62.93,-47.73,-48.55,-65.30,-62.47,-49.40,-47.38,-61.53,-61.34,-50.80,-59.05,-40.64,-55.04,2026-06-05 01:51:03+00:00
2026-06-05T01:52:03+00:00,-49.57,-65.37,-65.61,-58.98,-62.85,-47.82,-48.26,-65.57,-59.35,-48.95,-47.41,-61.18,-62.13,-50.87,-59.05,-41.70,-54.80,2026-06-05 01:52:03+00:00
2026-06-05T01:53:04+00:00,-49.40,-64.65,-65.02,-59.48,-62.40,-47.64,-48.04,-65.34,-59.36,-49.21,-47.44,-61.10,-61.96,-51.61,-58.64,-42.24,-54.98,2026-06-05 01:53:04+00:00
2026-06-05T01:54:04+00:00,-49.56,-65.00,-65.55,-59.15,-63.43,-47.60,-48.45,-64.41,-59.66,-49.53,-47.65,-61.13,-61.85,-53.22,-59.08,-42.42,-53.95,2026-06-05 01:54:04+00:00
2026-06-05T01:55:04+00:00,-49.50,-65.24,-65.58,-59.20,-63.54,-47.39,-48.35,-65.02,-59.32,-49.86,-47.77,-60.89,-62.81,-55.29,-58.89,-42.93,-54.90,2026-06-05 01:55:04+00:00
2026-06-05T01:56:03+00:00,-49.49,-64.95,-66.06,-59.17,-62.25,-47.54,-48.28,-65.59,-59.10,-49.13,-47.78,-61.17,-62.90,-54.26,-59.50,-43.44,-54.01,2026-06-05 01:56:03+00:00
2026-06-05T01:57:03+00:00,-49.58,-65.05,-65.42,-59.18,-63.37,-48.01,-48.13,-65.26,-59.32,-49.21,-47.89,-60.89,-62.57,-54.39,-58.90,-43.33,-53.96,2026-06-05 01:57:03+00:00
2026-06-05T01:58:04+00:00,-49.70,-65.39,-65.90,-58.82,-62.49,-47.66,-48.15,-65.28,-59.18,-49.57,-47.96,-60.91,-63.33,-54.80,-59.22,-44.22,-53.93,2026-06-05 01:58:04+00:00
2026-06-05T01:59:04+00:00,-49.60,-65.42,-65.94,-59.29,-63.61,-47.67,-48.82,-65.14,-59.46,-49.06,-48.07,-61.15,-64.78,-53.86,-59.35,-43.64,-55.02,2026-06-05 01:59:04+00:00
2026-06-05T02:00:04+00:00,-49.57,-64.70,-65.64,-59.53,-62.94,-47.60,-48.61,-65.24,-59.09,-49.42,-47.95,-61.28,-65.14,-54.80,-59.35,-45.42,-54.04,2026-06-05 02:00:04+00:00
2026-06-05T02:01:04+00:00,-49.61,-65.79,-65.99,-59.44,-63.96,-47.95,-48.41,-65.05,-58.83,-49.54,-47.98,-61.09,-65.27,-53.68,-58.80,-45.03,-55.26,2026-06-05 02:01:04+00:00
2026-06-05T02:02:03+00:00,-49.60,-64.73,-65.74,-59.61,-63.04,-48.10,-48.60,-64.85,-59.22,-49.52,-48.10,-61.14,-65.43,-50.56,-59.22,-45.27,-55.00,2026-06-05 02:02:03+00:00
2026-06-05T02:03:03+00:00,-49.57,-65.96,-66.33,-59.74,-63.48,-48.04,-48.70,-65.63,-59.07,-48.97,-48.04,-61.37,-66.17,-51.55,-58.95,-45.23,-53.93,2026-06-05 02:03:03+00:00
2026-06-05T02:04:04+00:00,-49.64,-66.13,-66.09,-59.64,-62.12,-48.01,-48.88,-65.43,-58.99,-48.73,-48.04,-61.47,-66.32,-50.78,-59.33,-44.90,-54.08,2026-06-05 02:04:04+00:00
2026-06-05T02:05:04+00:00,-49.59,-66.22,-65.84,-59.53,-62.67,-47.89,-49.27,-65.33,-59.21,-48.92,-47.93,-61.19,-65.98,-48.95,-59.42,-45.17,-54.23,2026-06-05 02:05:04+00:00
2026-06-05T02:06:03+00:00,-49.60,-66.25,-66.06,-59.56,-62.66,-48.24,-49.09,-65.51,-56.30,-49.57,-47.66,-61.24,-65.66,-46.89,-59.43,-44.89,-54.12,2026-06-05 02:06:03+00:00
2026-06-05T02:07:03+00:00,-52.66,-65.59,-65.79,-59.58,-61.56,-47.91,-49.28,-65.32,-57.90,-49.82,-47.65,-66.39,-64.58,-47.71,-59.31,-46.47,-55.03,2026-06-05 02:07:03+00:00
2026-06-05T02:08:04+00:00,-52.40,-65.30,-66.11,-59.51,-62.27,-47.95,-49.82,-65.84,-57.61,-49.97,-47.65,-66.57,-63.31,-46.72,-59.34,-46.82,-53.95,2026-06-05 02:08:04+00:00
2026-06-05T02:09:04+00:00,-52.47,-66.44,-66.79,-59.71,-63.41,-51.08,-49.42,-66.18,-57.64,-50.71,-47.67,-67.11,-61.63,-45.89,-59.53,-50.59,-54.94,2026-06-05 02:09:04+00:00
2026-06-05T02:10:04+00:00,-54.27,-65.60,-66.62,-59.82,-62.09,-51.94,-49.35,-65.70,-57.05,-51.20,-47.48,-66.65,-60.50,-44.98,-59.38,-53.21,-54.05,2026-06-05 02:10:04+00:00
2026-06-05T02:11:03+00:00,-55.76,-66.03,-66.44,-59.47,-62.97,-52.19,-48.92,-66.01,-57.36,-50.14,-47.25,-64.15,-59.55,-44.62,-59.44,-54.44,-54.28,2026-06-05 02:11:03+00:00
2026-06-05T02:12:03+00:00,-56.10,-65.46,-66.08,-59.71,-62.84,-52.33,-48.86,-65.91,-57.51,-50.57,-47.13,-63.54,-58.48,-44.72,-59.12,-54.06,-54.34,2026-06-05 02:12:03+00:00
2026-06-05T02:13:04+00:00,-55.74,-65.55,-66.36,-59.53,-61.43,-52.04,-49.34,-65.80,-57.18,-51.40,-47.15,-63.51,-57.92,-44.40,-59.25,-50.51,-54.21,2026-06-05 02:13:04+00:00
2026-06-05T02:14:04+00:00,-55.98,-65.77,-65.95,-59.76,-63.48,-51.82,-49.56,-65.85,-57.73,-53.58,-47.30,-64.36,-57.52,-45.35,-59.82,-48.24,-54.00,2026-06-05 02:14:04+00:00
2026-06-05T02:15:03+00:00,-55.83,-65.74,-66.02,-59.25,-63.03,-51.78,-49.79,-66.33,-57.82,-54.25,-47.01,-64.62,-57.26,-45.60,-58.90,-45.77,-54.90,2026-06-05 02:15:03+00:00
2026-06-05T02:16:03+00:00,-56.65,-65.87,-66.40,-59.58,-63.52,-51.94,-49.57,-66.10,-57.68,-53.64,-47.18,-65.00,-57.18,-45.63,-59.43,-46.78,-55.21,2026-06-05 02:16:03+00:00
2026-06-05T02:17:04+00:00,-54.02,-65.63,-66.21,-59.59,-63.31,-51.83,-49.68,-65.42,-51.89,-51.73,-47.16,-64.38,-57.14,-46.19,-59.44,-47.30,-53.96,2026-06-05 02:17:04+00:00
2026-06-05T02:18:04+00:00,-53.23,-65.27,-66.60,-59.69,-61.98,-51.67,-49.93,-65.60,-51.71,-50.35,-47.28,-64.19,-57.21,-46.10,-59.13,-48.11,-54.10,2026-06-05 02:18:04+00:00
2026-06-05T02:19:04+00:00,-53.20,-64.95,-66.48,-59.98,-63.15,-51.59,-50.19,-66.37,-48.75,-48.63,-47.36,-63.55,-56.94,-45.69,-59.71,-49.50,-54.96,2026-06-05 02:19:04+00:00
2026-06-05T02:20:03+00:00,-53.16,-65.43,-66.65,-59.66,-63.67,-51.23,-50.35,-65.75,-48.89,-47.58,-47.38,-62.52,-57.40,-44.95,-59.28,-52.15,-54.09,2026-06-05 02:20:03+00:00
2026-06-05T02:21:03+00:00,-53.10,-65.85,-66.73,-59.84,-63.08,-51.19,-49.89,-65.80,-49.19,-46.75,-47.07,-63.05,-57.82,-44.56,-59.19,-57.41,-55.01,2026-06-05 02:21:03+00:00
2026-06-05T02:22:04+00:00,-53.12,-65.91,-66.56,-59.68,-63.20,-51.26,-50.23,-65.88,-49.15,-46.07,-47.18,-62.25,-58.45,-44.19,-59.43,-57.02,-54.17,2026-06-05 02:22:04+00:00
2026-06-05T02:23:04+00:00,-53.26,-65.46,-66.34,-59.46,-63.36,-51.17,-50.30,-65.73,-49.17,-44.93,-47.30,-62.02,-59.38,-43.89,-58.86,-56.38,-54.07,2026-06-05 02:23:04+00:00
2026-06-05T02:24:04+00:00,-53.21,-65.64,-66.20,-59.56,-63.10,-51.03,-50.46,-65.68,-49.21,-44.61,-47.09,-61.53,-60.25,-45.53,-58.73,-54.55,-54.94,2026-06-05 02:24:04+00:00
2026-06-05T02:25:03+00:00,-53.03,-65.82,-66.34,-59.69,-63.18,-50.86,-50.76,-65.42,-49.17,-44.58,-47.26,-61.49,-60.58,-45.98,-59.72,-50.74,-55.33,2026-06-05 02:25:03+00:00
2026-06-05T02:26:03+00:00,-53.32,-66.06,-66.82,-59.81,-63.29,-50.90,-50.51,-65.58,-49.14,-44.60,-47.18,-61.72,-61.33,-46.50,-58.89,-48.07,-54.99,2026-06-05 02:26:03+00:00
2026-06-05T02:27:04+00:00,-53.11,-65.16,-65.83,-59.74,-62.81,-50.81,-50.15,-65.57,-49.11,-44.39,-47.04,-61.55,-61.57,-45.32,-58.90,-45.04,-55.00,2026-06-05 02:27:04+00:00
2026-06-05T02:28:04+00:00,-53.28,-66.19,-66.42,-59.59,-63.19,-50.60,-50.50,-65.51,-49.18,-44.70,-46.87,-61.37,-62.16,-45.44,-59.18,-43.28,-54.91,2026-06-05 02:28:04+00:00
2026-06-05T02:29:03+00:00,-53.30,-65.96,-66.67,-59.70,-63.18,-50.09,-50.48,-65.22,-49.13,-44.92,-46.75,-61.50,-62.40,-45.36,-59.20,-42.88,-54.97,2026-06-05 02:29:03+00:00
2026-06-05T02:30:03+00:00,-53.39,-65.39,-66.37,-59.46,-63.02,-50.21,-50.34,-65.59,-49.17,-45.29,-46.71,-61.38,-63.02,-44.85,-59.06,-43.20,-54.94,2026-06-05 02:30:03+00:00
2026-06-05T02:31:03+00:00,-53.17,-65.47,-66.66,-59.57,-62.87,-47.65,-50.35,-65.65,-49.25,-45.53,-46.77,-61.24,-63.03,-44.16,-59.27,-44.25,-54.98,2026-06-05 02:31:03+00:00
2026-06-05T02:32:04+00:00,-52.78,-65.49,-65.98,-59.61,-64.28,-47.57,-49.98,-65.09,-51.31,-46.51,-46.56,-60.63,-62.58,-43.91,-59.45,-44.59,-54.93,2026-06-05 02:32:04+00:00
2026-06-05T02:33:04+00:00,-53.16,-66.10,-65.84,-59.77,-63.24,-47.46,-49.88,-65.22,-51.10,-46.85,-46.48,-60.94,-62.91,-44.15,-59.44,-45.36,-54.89,2026-06-05 02:33:04+00:00
2026-06-05T02:34:04+00:00,-53.32,-66.02,-66.06,-59.66,-61.95,-47.53,-49.93,-65.09,-60.12,-46.74,-46.31,-60.92,-62.52,-44.09,-59.68,-46.88,-54.99,2026-06-05 02:34:04+00:00
2026-06-05T02:35:03+00:00,-53.22,-65.86,-65.80,-59.78,-63.46,-46.85,-49.52,-65.14,-64.09,-47.95,-46.39,-60.47,-62.33,-44.74,-59.09,-49.08,-55.08,2026-06-05 02:35:03+00:00
2026-06-05T02:36:04+00:00,-52.37,-65.62,-66.06,-59.80,-64.11,-47.01,-49.73,-64.69,-62.74,-48.98,-46.46,-60.63,-62.21,-45.52,-59.54,-52.86,-55.07,2026-06-05 02:36:04+00:00
2026-06-05T02:37:03+00:00,-49.68,-65.14,-65.82,-59.85,-63.98,-47.09,-49.29,-65.03,-59.56,-50.43,-46.40,-60.82,-61.96,-45.99,-59.23,-55.88,-55.11,2026-06-05 02:37:03+00:00
2026-06-05T02:38:03+00:00,-49.68,-65.55,-66.05,-59.76,-63.54,-46.83,-49.59,-65.40,-59.45,-52.51,-46.43,-60.74,-61.58,-45.75,-59.65,-58.13,-55.00,2026-06-05 02:38:03+00:00
2026-06-05T02:39:04+00:00,-49.71,-66.30,-65.95,-59.85,-62.74,-46.69,-49.35,-65.64,-59.51,-54.43,-46.32,-60.76,-61.16,-47.57,-59.58,-56.62,-54.98,2026-06-05 02:39:04+00:00
2026-06-05T02:40:04+00:00,-49.69,-65.36,-65.61,-59.71,-62.57,-46.80,-49.11,-65.12,-59.45,-56.42,-46.43,-60.76,-61.02,-47.90,-58.98,-55.96,-54.96,2026-06-05 02:40:04+00:00
2026-06-05T02:41:04+00:00,-49.79,-64.79,-65.91,-59.80,-62.14,-46.79,-48.93,-64.58,-59.61,-58.52,-46.42,-60.91,-60.43,-46.70,-58.28,-54.89,-55.27,2026-06-05 02:41:04+00:00
2026-06-05T02:42:03+00:00,-49.49,-65.29,-65.87,-59.71,-62.04,-46.81,-49.34,-64.58,-59.50,-60.80,-46.34,-61.23,-60.55,-45.86,-59.00,-54.49,-54.93,2026-06-05 02:42:03+00:00
2026-06-05T02:43:03+00:00,-49.46,-66.10,-66.25,-59.93,-63.74,-46.54,-49.36,-65.54,-59.67,-60.26,-46.13,-61.21,-60.40,-46.10,-58.73,-51.72,-55.16,2026-06-05 02:43:03+00:00
2026-06-05T02:44:04+00:00,-50.91,-65.39,-66.47,-59.74,-63.88,-47.02,-49.54,-65.57,-59.15,-60.57,-46.18,-61.21,-60.00,-46.72,-59.41,-49.74,-55.41,2026-06-05 02:44:04+00:00
2026-06-05T02:45:04+00:00,-50.86,-66.26,-66.50,-59.80,-63.62,-47.05,-49.62,-65.23,-59.27,-59.66,-46.10,-61.63,-59.65,-47.69,-58.97,-49.63,-55.31,2026-06-05 02:45:04+00:00
2026-06-05T02:46:04+00:00,-50.87,-66.12,-66.47,-59.77,-63.17,-47.15,-49.26,-65.36,-59.27,-57.09,-46.10,-61.84,-59.69,-48.30,-59.09,-50.10,-55.23,2026-06-05 02:46:04+00:00
2026-06-05T02:47:03+00:00,-50.94,-65.31,-66.09,-59.58,-62.69,-47.19,-49.46,-64.69,-59.74,-56.39,-46.14,-61.73,-59.42,-48.83,-59.03,-50.34,-55.20,2026-06-05 02:47:03+00:00
2026-06-05T02:48:03+00:00,-50.93,-65.38,-66.05,-59.55,-62.15,-47.12,-49.55,-64.38,-59.74,-55.08,-45.96,-61.77,-59.50,-48.14,-58.65,-50.66,-55.15,2026-06-05 02:48:03+00:00
2026-06-05T02:49:04+00:00,-50.95,-65.28,-65.91,-59.21,-64.17,-47.63,-49.37,-65.89,-59.68,-54.54,-46.07,-61.84,-59.73,-47.37,-58.82,-49.79,-54.90,2026-06-05 02:49:04+00:00
2026-06-05T02:50:04+00:00,-50.83,-65.76,-66.46,-59.97,-63.38,-47.56,-49.50,-66.02,-59.47,-54.32,-46.15,-61.77,-59.48,-46.14,-58.85,-49.46,-54.99,2026-06-05 02:50:04+00:00
2026-06-05T02:51:04+00:00,-50.92,-65.30,-66.48,-60.07,-63.69,-47.50,-49.49,-66.15,-56.54,-53.45,-46.27,-61.60,-59.40,-45.44,-58.91,-49.46,-55.17,2026-06-05 02:51:04+00:00
2026-06-05T02:52:03+00:00,-52.98,-66.08,-66.32,-59.66,-63.61,-47.29,-49.45,-65.91,-57.41,-53.32,-46.16,-61.31,-59.54,-44.80,-58.98,-49.68,-54.97,2026-06-05 02:52:03+00:00
2026-06-05T02:53:03+00:00,-52.98,-65.68,-66.14,-59.55,-62.51,-47.24,-49.42,-66.05,-57.41,-52.83,-46.29,-61.38,-59.34,-44.94,-59.04,-49.25,-55.37,2026-06-05 02:53:03+00:00
2026-06-05T02:54:04+00:00,-52.86,-65.45,-65.96,-59.73,-62.88,-47.45,-49.86,-65.80,-57.23,-52.72,-46.55,-61.18,-59.52,-44.45,-58.83,-49.26,-55.02,2026-06-05 02:54:04+00:00
2026-06-05T02:55:04+00:00,-52.79,-65.61,-66.25,-59.39,-63.42,-47.54,-50.13,-65.84,-57.34,-52.78,-46.42,-60.98,-59.49,-43.92,-58.94,-48.66,-54.80,2026-06-05 02:55:04+00:00
2026-06-05T02:56:04+00:00,-53.02,-65.26,-66.22,-59.79,-63.22,-47.63,-50.27,-65.86,-57.30,-52.26,-46.74,-61.07,-59.49,-43.28,-59.16,-49.14,-55.01,2026-06-05 02:56:04+00:00
2026-06-05T02:57:03+00:00,-53.08,-65.17,-66.16,-59.70,-63.29,-47.52,-50.41,-65.73,-56.95,-51.91,-47.14,-61.10,-59.49,-42.64,-59.42,-49.39,-54.87,2026-06-05 02:57:03+00:00
2026-06-05T02:58:03+00:00,-52.92,-65.94,-66.28,-60.01,-63.00,-47.59,-50.84,-66.03,-57.11,-51.61,-47.16,-61.54,-59.61,-42.19,-59.26,-49.34,-54.95,2026-06-05 02:58:03+00:00
2026-06-05T02:59:04+00:00,-53.16,-65.40,-66.02,-59.81,-62.43,-47.54,-50.72,-65.73,-57.04,-51.01,-47.41,-62.44,-59.45,-42.22,-58.98,-49.13,-55.19,2026-06-05 02:59:04+00:00
2026-06-05T03:00:04+00:00,-53.15,-65.86,-66.19,-59.57,-62.06,-47.68,-51.28,-65.76,-57.12,-50.32,-47.66,-62.48,-59.47,-41.90,-59.33,-49.35,-55.04,2026-06-05 03:00:04+00:00
2026-06-05T03:01:04+00:00,-53.19,-65.83,-66.28,-59.88,-62.88,-47.45,-51.22,-65.50,-55.86,-50.08,-48.18,-62.59,-59.70,-41.44,-59.38,-49.24,-55.03,2026-06-05 03:01:04+00:00
2026-06-05T03:02:04+00:00,-53.13,-66.08,-66.04,-59.54,-62.84,-47.51,-51.23,-65.64,-51.60,-50.02,-48.68,-62.43,-59.78,-41.20,-59.05,-49.19,-55.09,2026-06-05 03:02:04+00:00
2026-06-05T03:03:03+00:00,-53.21,-65.59,-66.30,-59.75,-63.41,-47.69,-51.17,-65.41,-51.66,-49.57,-49.17,-62.26,-59.69,-41.02,-59.11,-49.13,-54.93,2026-06-05 03:03:03+00:00
2026-06-05T03:04:03+00:00,-53.39,-65.69,-65.94,-59.83,-62.64,-47.71,-51.06,-66.43,-48.70,-49.12,-49.84,-62.21,-59.84,-41.09,-59.55,-49.21,-55.23,2026-06-05 03:04:03+00:00
2026-06-05T03:05:03+00:00,-53.51,-66.03,-66.42,-59.76,-64.12,-47.55,-51.19,-66.30,-48.71,-49.20,-50.15,-61.51,-59.92,-40.82,-59.66,-49.05,-55.27,2026-06-05 03:05:03+00:00
2026-06-05T03:06:04+00:00,-53.37,-66.67,-65.91,-59.41,-64.00,-47.61,-50.89,-65.99,-48.95,-48.89,-50.48,-60.94,-60.02,-40.75,-59.09,-49.19,-55.19,2026-06-05 03:06:04+00:00
2026-06-05T03:07:04+00:00,-53.48,-66.32,-66.47,-59.38,-62.20,-47.81,-50.90,-65.94,-48.96,-48.62,-50.83,-61.88,-60.16,-40.89,-59.18,-49.23,-55.14,2026-06-05 03:07:04+00:00
2026-06-05T03:08:03+00:00,-53.75,-66.00,-66.28,-59.68,-62.34,-47.45,-50.86,-65.94,-49.05,-48.46,-51.17,-61.09,-60.10,-41.07,-59.33,-48.68,-55.28,2026-06-05 03:08:03+00:00
2026-06-05T03:09:03+00:00,-53.62,-66.62,-66.57,-59.48,-63.11,-47.73,-50.93,-66.54,-48.98,-48.41,-51.46,-61.14,-60.46,-41.39,-59.61,-48.52,-55.24,2026-06-05 03:09:03+00:00
2026-06-05T03:10:04+00:00,-53.64,-66.40,-66.04,-59.34,-64.20,-47.51,-50.79,-65.89,-49.04,-48.07,-51.27,-61.15,-60.41,-41.36,-59.00,-48.62,-55.18,2026-06-05 03:10:04+00:00
2026-06-05T03:11:04+00:00,-53.70,-66.18,-66.41,-59.65,-63.89,-47.68,-50.70,-65.91,-49.10,-47.97,-51.42,-61.09,-60.43,-41.57,-58.96,-48.80,-55.16,2026-06-05 03:11:04+00:00
2026-06-05T03:12:04+00:00,-53.66,-66.05,-66.68,-59.61,-63.61,-47.74,-50.80,-66.19,-48.99,-47.86,-51.20,-61.29,-60.49,-41.62,-58.92,-48.56,-55.19,2026-06-05 03:12:04+00:00
2026-06-05T03:13:03+00:00,-53.59,-65.65,-66.00,-59.60,-63.35,-47.54,-50.63,-66.03,-49.03,-47.66,-51.14,-61.52,-60.63,-42.03,-58.68,-48.72,-55.11,2026-06-05 03:13:03+00:00
2026-06-05T03:14:03+00:00,-53.07,-66.12,-66.26,-59.46,-62.96,-47.57,-50.47,-65.59,-49.05,-47.73,-51.16,-61.67,-60.71,-42.20,-58.84,-48.75,-55.18,2026-06-05 03:14:03+00:00
2026-06-05T03:15:04+00:00,-53.14,-65.31,-66.42,-59.61,-63.39,-47.65,-50.89,-64.82,-49.13,-47.54,-51.16,-61.80,-60.78,-42.60,-58.51,-49.43,-55.17,2026-06-05 03:15:04+00:00
2026-06-05T03:16:04+00:00,-57.63,-65.51,-66.59,-59.60,-62.96,-47.72,-50.73,-65.29,-49.46,-47.48,-51.22,-61.72,-61.01,-42.81,-59.07,-49.88,-55.25,2026-06-05 03:16:04+00:00
2026-06-05T03:17:04+00:00,-57.53,-66.27,-66.40,-59.70,-65.00,-47.53,-50.70,-65.36,-51.39,-47.27,-51.04,-61.80,-60.99,-43.12,-58.87,-49.90,-55.12,2026-06-05 03:17:04+00:00
2026-06-05T03:18:03+00:00,-57.19,-65.84,-66.34,-59.64,-62.90,-47.72,-50.99,-65.44,-51.29,-47.46,-51.09,-61.97,-60.95,-43.40,-58.90,-49.78,-54.34,2026-06-05 03:18:03+00:00
2026-06-05T03:19:03+00:00,-57.29,-65.43,-66.06,-59.63,-62.43,-47.66,-50.94,-65.19,-64.72,-47.28,-51.09,-62.15,-60.87,-43.55,-58.82,-49.77,-54.37,2026-06-05 03:19:03+00:00
2026-06-05T03:20:04+00:00,-56.98,-65.85,-66.32,-59.83,-63.81,-47.78,-50.82,-65.41,-64.53,-47.21,-51.21,-61.92,-60.93,-43.94,-59.47,-49.74,-54.28,2026-06-05 03:20:04+00:00
2026-06-05T03:21:04+00:00,-50.92,-65.42,-66.67,-59.92,-62.90,-47.63,-50.74,-64.84,-59.85,-47.13,-51.16,-61.99,-60.98,-44.68,-59.02,-49.59,-55.29,2026-06-05 03:21:04+00:00
2026-06-05T03:22:03+00:00,-50.87,-66.15,-66.22,-59.74,-62.70,-47.61,-50.33,-65.29,-59.67,-47.11,-51.30,-62.26,-61.46,-44.91,-59.24,-49.37,-54.20,2026-06-05 03:22:03+00:00
2026-06-05T03:23:03+00:00,-49.70,-66.53,-66.12,-59.75,-62.97,-47.76,-50.45,-65.53,-59.58,-47.18,-51.01,-62.05,-61.68,-45.72,-59.16,-49.24,-54.25,2026-06-05 03:23:03+00:00
2026-06-05T03:24:04+00:00,-49.58,-66.38,-66.32,-59.75,-63.80,-47.77,-50.11,-66.04,-59.62,-47.15,-51.12,-61.99,-61.47,-46.34,-59.56,-49.04,-55.17,2026-06-05 03:24:04+00:00
2026-06-05T03:25:04+00:00,-49.60,-66.18,-66.33,-59.60,-64.05,-47.76,-50.02,-65.79,-59.76,-47.09,-51.00,-61.90,-61.40,-46.90,-59.66,-48.86,-55.10,2026-06-05 03:25:04+00:00
2026-06-05T03:26:04+00:00,-49.69,-65.57,-66.28,-59.44,-63.21,-47.92,-50.22,-65.35,-59.74,-46.93,-51.39,-61.87,-61.60,-47.70,-59.30,-48.72,-54.23,2026-06-05 03:26:04+00:00
2026-06-05T03:27:03+00:00,-49.65,-66.20,-66.75,-59.78,-63.96,-48.03,-50.09,-65.79,-59.89,-47.05,-51.46,-62.14,-61.61,-48.72,-59.56,-48.23,-54.39,2026-06-05 03:27:03+00:00
2026-06-05T03:28:03+00:00,-49.60,-65.99,-66.76,-60.02,-62.92,-47.87,-50.09,-65.57,-59.75,-47.12,-51.31,-61.70,-61.81,-49.49,-59.43,-48.24,-55.21,2026-06-05 03:28:03+00:00
2026-06-05T03:29:03+00:00,-49.71,-66.14,-66.73,-59.49,-63.15,-48.00,-50.01,-66.16,-59.28,-46.98,-51.48,-61.99,-62.02,-50.54,-59.54,-48.32,-60.31,2026-06-05 03:29:03+00:00
2026-06-05T03:30:04+00:00,-49.71,-66.40,-66.99,-59.99,-62.82,-48.01,-50.05,-66.61,-59.02,-46.96,-51.15,-62.21,-62.08,-51.40,-59.28,-48.26,-60.22,2026-06-05 03:30:04+00:00
2026-06-05T03:31:04+00:00,-49.66,-66.01,-66.72,-59.62,-62.65,-47.99,-50.19,-66.54,-59.27,-46.94,-51.07,-62.02,-62.07,-52.36,-59.27,-48.61,-60.13,2026-06-05 03:31:04+00:00
2026-06-05T03:32:04+00:00,-49.81,-65.07,-65.85,-59.66,-62.98,-47.92,-50.01,-66.09,-59.46,-46.94,-51.25,-61.98,-62.09,-53.16,-58.75,-48.33,-59.66,2026-06-05 03:32:04+00:00
2026-06-05T03:33:04+00:00,-49.71,-65.10,-65.99,-59.55,-63.40,-48.19,-50.31,-65.74,-59.68,-46.80,-51.15,-62.25,-62.01,-53.47,-59.79,-47.94,-59.68,2026-06-05 03:33:04+00:00
2026-06-05T03:34:03+00:00,-49.72,-65.92,-66.24,-59.50,-62.63,-48.04,-50.04,-66.27,-59.59,-46.78,-51.03,-62.42,-62.26,-53.62,-59.34,-48.23,-60.10,2026-06-05 03:34:03+00:00
2026-06-05T03:35:03+00:00,-49.71,-65.70,-66.32,-59.56,-63.13,-48.02,-50.46,-66.20,-59.55,-46.84,-51.22,-62.50,-62.18,-53.02,-59.25,-48.21,-60.20,2026-06-05 03:35:03+00:00
2026-06-05T03:36:04+00:00,-53.19,-65.90,-66.49,-59.90,-62.99,-47.88,-50.30,-66.51,-57.68,-46.72,-51.16,-62.61,-62.70,-52.47,-59.55,-48.21,-60.07,2026-06-05 03:36:04+00:00
2026-06-05T03:37:03+00:00,-53.09,-65.45,-66.09,-59.35,-62.74,-51.30,-50.14,-66.05,-57.42,-46.71,-50.84,-62.16,-62.59,-52.11,-58.51,-48.39,-59.94,2026-06-05 03:37:03+00:00
2026-06-05T03:38:03+00:00,-53.09,-65.10,-66.21,-59.41,-63.13,-51.98,-50.28,-66.17,-57.21,-46.68,-50.55,-62.14,-62.49,-51.64,-59.46,-48.07,-59.93,2026-06-05 03:38:03+00:00
2026-06-05T03:39:04+00:00,-53.21,-65.33,-66.33,-59.80,-62.87,-52.04,-49.97,-65.77,-57.47,-46.56,-50.65,-61.93,-62.48,-50.76,-59.60,-47.84,-60.15,2026-06-05 03:39:04+00:00
2026-06-05T03:40:04+00:00,-53.09,-65.84,-67.05,-59.67,-63.48,-52.19,-50.43,-66.19,-57.38,-46.67,-50.53,-61.61,-62.59,-50.00,-59.65,-47.75,-60.38,2026-06-05 03:40:04+00:00
2026-06-05T03:41:04+00:00,-53.17,-65.48,-66.81,-60.08,-63.82,-51.91,-50.18,-66.46,-57.36,-46.76,-50.55,-62.28,-62.55,-49.66,-58.94,-47.75,-60.37,2026-06-05 03:41:04+00:00
2026-06-05T03:42:03+00:00,-53.11,-65.83,-66.74,-60.02,-63.74,-52.38,-50.21,-66.00,-57.10,-46.60,-50.43,-62.29,-63.17,-49.15,-58.89,-47.49,-60.51,2026-06-05 03:42:03+00:00
2026-06-05T03:43:03+00:00,-53.28,-66.00,-66.78,-59.72,-62.91,-52.32,-50.39,-65.58,-57.07,-46.70,-50.56,-62.33,-62.78,-48.75,-59.50,-47.48,-60.32,2026-06-05 03:43:03+00:00
2026-06-05T03:44:04+00:00,-53.40,-65.72,-66.54,-59.54,-63.13,-52.42,-50.27,-66.00,-57.23,-46.70,-50.60,-61.69,-62.68,-48.21,-58.66,-47.73,-60.56,2026-06-05 03:44:04+00:00
2026-06-05T03:45:04+00:00,-53.49,-65.79,-66.74,-59.98,-62.20,-52.27,-50.26,-65.95,-57.11,-46.70,-50.91,-62.11,-62.97,-47.89,-59.71,-47.86,-60.21,2026-06-05 03:45:04+00:00
2026-06-05T03:46:04+00:00,-53.01,-66.14,-66.85,-59.72,-62.52,-52.48,-50.25,-65.85,-52.40,-46.70,-50.91,-62.28,-63.03,-47.61,-58.92,-47.85,-60.46,2026-06-05 03:46:04+00:00
2026-06-05T03:47:03+00:00,-52.96,-65.63,-66.55,-60.06,-62.61,-52.41,-50.18,-65.82,-51.65,-46.67,-51.02,-62.66,-62.95,-47.56,-59.09,-47.88,-60.00,2026-06-05 03:47:03+00:00
2026-06-05T03:48:03+00:00,-57.03,-65.80,-66.63,-59.88,-62.50,-52.56,-50.50,-65.36,-51.71,-46.53,-51.17,-62.65,-63.14,-46.99,-59.65,-47.81,-60.00,2026-06-05 03:48:03+00:00
2026-06-05T03:49:04+00:00,-57.51,-65.36,-66.67,-59.82,-62.87,-52.40,-50.57,-65.71,-48.79,-46.71,-51.35,-56.39,-63.07,-46.90,-59.20,-48.10,-59.78,2026-06-05 03:49:04+00:00
2026-06-05T03:50:04+00:00,-58.02,-65.82,-67.25,-60.11,-63.72,-52.50,-50.25,-66.17,-48.88,-46.62,-51.35,-67.28,-63.33,-46.75,-59.11,-47.96,-60.12,2026-06-05 03:50:04+00:00
2026-06-05T03:51:03+00:00,-58.51,-66.10,-67.15,-59.71,-63.78,-52.53,-50.56,-66.29,-49.18,-46.63,-51.45,-67.13,-63.07,-46.69,-59.19,-47.96,-60.02,2026-06-05 03:51:03+00:00
2026-06-05T03:52:03+00:00,-58.32,-65.75,-66.85,-59.49,-62.32,-52.75,-50.85,-65.24,-49.10,-46.69,-51.63,-67.11,-63.20,-46.66,-59.23,-48.06,-60.20,2026-06-05 03:52:03+00:00
2026-06-05T03:53:03+00:00,-55.17,-65.36,-66.91,-59.66,-62.92,-52.63,-50.70,-65.92,-49.16,-46.78,-51.95,-67.14,-63.28,-46.35,-59.02,-48.11,-60.15,2026-06-05 03:53:03+00:00
2026-06-05T03:54:04+00:00,-54.07,-67.35,-71.38,-60.20,-66.35,-53.05,-50.62,-68.93,-49.22,-46.67,-52.19,-70.73,-64.25,-46.24,-59.51,-48.40,-60.77,2026-06-05 03:54:04+00:00
2026-06-05T03:55:04+00:00,-52.19,-66.01,-71.50,-60.64,-66.54,-53.10,-50.80,-69.19,-49.14,-46.72,-52.56,-70.76,-64.36,-46.61,-60.12,-48.12,-60.80,2026-06-05 03:55:04+00:00
2026-06-05T03:56:04+00:00,-51.94,-66.37,-71.46,-60.40,-66.73,-52.70,-50.75,-68.52,-49.15,-46.83,-52.90,-69.45,-64.23,-46.32,-58.49,-48.32,-59.88,2026-06-05 03:56:04+00:00
2026-06-05T03:57:03+00:00,-51.76,-66.19,-70.78,-60.51,-66.57,-51.63,-50.57,-67.91,-49.30,-46.92,-53.07,-67.05,-64.42,-46.20,-58.32,-47.92,-59.05,2026-06-05 03:57:03+00:00
2026-06-05T03:58:03+00:00,-52.11,-66.48,-70.93,-60.47,-66.55,-52.03,-50.78,-67.72,-49.30,-46.98,-52.89,-66.53,-64.15,-46.34,-59.51,-48.33,-59.63,2026-06-05 03:58:03+00:00
2026-06-05T03:59:04+00:00,-51.41,-65.75,-70.60,-60.41,-66.67,-47.19,-51.18,-67.66,-49.32,-47.01,-53.15,-66.24,-64.50,-46.30,-59.88,-48.50,-60.12,2026-06-05 03:59:04+00:00
2026-06-05T04:00:04+00:00,-52.18,-66.15,-70.16,-60.39,-67.04,-47.17,-50.95,-67.60,-49.32,-47.10,-53.29,-66.28,-64.41,-46.46,-59.69,-48.91,-60.28,2026-06-05 04:00:04+00:00
2026-06-05T04:01:04+00:00,-52.04,-66.00,-70.39,-60.21,-65.95,-47.24,-50.71,-67.82,-51.74,-47.08,-53.40,-66.42,-64.38,-46.20,-59.70,-48.89,-59.58,2026-06-05 04:01:04+00:00
2026-06-05T04:02:04+00:00,-51.41,-65.66,-69.97,-60.45,-65.60,-47.32,-50.27,-67.79,-51.57,-47.20,-53.48,-66.14,-64.59,-46.48,-59.93,-48.92,-60.46,2026-06-05 04:02:04+00:00
2026-06-05T04:03:03+00:00,-51.48,-66.58,-70.09,-60.53,-66.34,-47.74,-50.95,-67.59,-51.64,-47.26,-53.65,-66.09,-64.69,-46.32,-59.57,-48.95,-60.31,2026-06-05 04:03:03+00:00
2026-06-05T04:04:03+00:00,-51.84,-65.65,-69.89,-60.29,-67.13,-47.66,-51.04,-67.73,-65.19,-47.46,-53.95,-65.86,-64.29,-46.39,-59.74,-48.71,-59.65,2026-06-05 04:04:03+00:00
2026-06-05T04:05:04+00:00,-51.93,-65.31,-69.73,-60.22,-66.84,-48.18,-51.17,-68.34,-65.42,-47.51,-54.06,-66.06,-69.29,-46.33,-59.84,-48.74,-60.11,2026-06-05 04:05:04+00:00
2026-06-05T04:06:03+00:00,-49.90,-65.19,-69.62,-59.98,-66.51,-48.47,-51.51,-67.99,-59.70,-47.43,-54.20,-66.41,-69.17,-46.22,-59.40,-48.92,-56.97,2026-06-05 04:06:03+00:00
2026-06-05T04:07:03+00:00,-49.78,-65.59,-69.84,-60.13,-67.25,-48.57,-51.16,-68.09,-59.75,-47.58,-54.68,-65.68,-68.57,-46.43,-59.73,-48.75,-59.51,2026-06-05 04:07:03+00:00
2026-06-05T04:08:04+00:00,-49.55,-65.51,-69.89,-59.99,-65.84,-48.51,-51.19,-68.03,-59.85,-47.66,-54.37,-64.86,-68.87,-46.41,-59.05,-48.91,-59.38,2026-06-05 04:08:04+00:00
2026-06-05T04:09:04+00:00,-48.99,-65.88,-69.79,-59.41,-65.89,-48.61,-50.51,-68.25,-59.72,-47.64,-54.73,-64.21,-69.18,-46.39,-59.45,-48.90,-59.48,2026-06-05 04:09:04+00:00
2026-06-05T04:10:04+00:00,-49.38,-65.37,-70.05,-59.06,-67.06,-48.07,-51.28,-67.71,-59.84,-47.81,-54.51,-64.03,-69.15,-46.31,-59.51,-48.83,-54.71,2026-06-05 04:10:04+00:00
2026-06-05T04:11:03+00:00,-49.08,-65.39,-69.86,-58.93,-66.23,-48.10,-50.94,-68.10,-59.94,-47.71,-54.52,-64.01,-69.10,-46.29,-59.52,-49.03,-59.20,2026-06-05 04:11:03+00:00
2026-06-05T04:12:04+00:00,-49.31,-65.45,-69.62,-58.84,-66.72,-48.25,-50.77,-67.58,-59.75,-47.79,-54.87,-63.88,-69.20,-46.44,-59.77,-48.74,-59.26,2026-06-05 04:12:04+00:00
2026-06-05T04:13:04+00:00,-49.08,-65.17,-69.60,-58.92,-65.75,-48.29,-50.93,-67.30,-59.95,-47.85,-54.84,-63.68,-69.21,-46.18,-59.28,-48.92,-59.38,2026-06-05 04:13:04+00:00
2026-06-05T04:14:04+00:00,-49.19,-65.52,-69.67,-58.91,-66.47,-47.94,-50.76,-67.19,-59.23,-47.98,-55.20,-63.44,-69.20,-46.05,-59.64,-48.92,-58.23,2026-06-05 04:14:04+00:00
2026-06-05T04:15:03+00:00,-49.47,-65.72,-69.73,-59.21,-66.63,-47.99,-51.14,-68.06,-59.48,-47.93,-55.46,-63.40,-69.14,-46.13,-59.64,-48.72,-60.34,2026-06-05 04:15:03+00:00
2026-06-05T04:16:03+00:00,-49.55,-65.23,-69.69,-58.81,-65.68,-47.98,-50.93,-68.25,-59.54,-48.08,-55.48,-63.09,-69.19,-46.15,-59.41,-48.69,-60.58,2026-06-05 04:16:03+00:00
2026-06-05T04:17:04+00:00,-49.12,-64.75,-69.78,-59.17,-66.74,-47.93,-50.43,-67.66,-59.96,-48.04,-55.67,-63.33,-69.15,-46.27,-59.24,-48.72,-60.60,2026-06-05 04:17:04+00:00
2026-06-05T04:18:04+00:00,-49.68,-64.40,-69.72,-59.14,-66.35,-47.83,-50.52,-68.06,-60.00,-48.33,-55.59,-63.59,-69.14,-46.15,-59.95,-48.92,-60.56,2026-06-05 04:18:04+00:00
2026-06-05T04:19:04+00:00,-49.68,-65.41,-69.61,-58.93,-66.36,-47.68,-51.08,-67.60,-60.11,-48.29,-55.94,-63.76,-69.31,-45.79,-59.81,-49.00,-60.65,2026-06-05 04:19:04+00:00
2026-06-05T04:20:04+00:00,-49.25,-65.33,-69.65,-58.93,-66.13,-47.55,-50.53,-67.54,-58.84,-48.37,-55.97,-64.21,-69.33,-45.86,-58.13,-49.02,-59.80,2026-06-05 04:20:04+00:00
2026-06-05T04:21:03+00:00,-52.75,-65.30,-69.49,-58.91,-66.88,-47.38,-51.03,-67.58,-57.55,-48.23,-56.15,-63.13,-69.28,-46.01,-59.73,-48.81,-60.17,2026-06-05 04:21:03+00:00
2026-06-05T04:22:03+00:00,-53.84,-63.40,-69.51,-58.90,-66.20,-47.19,-50.71,-66.88,-57.61,-48.24,-56.27,-63.27,-69.32,-45.93,-59.90,-49.00,-60.20,2026-06-05 04:22:03+00:00
2026-06-05T04:23:04+00:00,-54.01,-66.15,-69.61,-58.66,-66.31,-47.27,-50.91,-68.05,-57.62,-48.21,-56.30,-63.34,-69.04,-45.79,-59.77,-48.95,-60.45,2026-06-05 04:23:04+00:00
2026-06-05T04:24:04+00:00,-52.88,-66.10,-69.86,-58.92,-66.14,-47.45,-51.30,-67.89,-57.69,-48.16,-56.70,-63.50,-69.39,-45.71,-60.08,-48.92,-60.35,2026-06-05 04:24:04+00:00
2026-06-05T04:25:03+00:00,-55.03,-65.76,-69.77,-58.98,-66.91,-47.16,-50.60,-68.25,-57.71,-48.16,-56.85,-63.83,-69.34,-45.79,-59.94,-48.92,-60.57,2026-06-05 04:25:03+00:00
2026-06-05T04:26:03+00:00,-54.01,-65.67,-69.72,-58.73,-66.27,-47.41,-51.23,-67.60,-57.55,-48.29,-56.86,-64.03,-69.36,-45.77,-59.71,-49.14,-60.64,2026-06-05 04:26:03+00:00
2026-06-05T04:27:04+00:00,-54.57,-65.69,-69.87,-58.86,-66.22,-47.35,-50.85,-67.75,-57.73,-48.23,-56.59,-64.08,-69.34,-45.72,-60.08,-49.36,-60.57,2026-06-05 04:27:04+00:00
2026-06-05T04:28:04+00:00,-53.22,-65.86,-69.86,-59.11,-65.92,-47.32,-51.25,-67.71,-57.48,-48.29,-56.52,-63.30,-69.09,-45.59,-59.79,-49.56,-58.88,2026-06-05 04:28:04+00:00
2026-06-05T04:29:04+00:00,-52.52,-65.59,-69.64,-58.82,-66.59,-46.87,-51.06,-67.85,-57.81,-48.26,-57.92,-63.51,-69.45,-45.50,-59.51,-49.50,-58.84,2026-06-05 04:29:04+00:00
2026-06-05T04:30:03+00:00,-53.13,-65.30,-69.12,-58.86,-65.44,-46.95,-51.25,-67.43,-57.86,-48.47,-58.25,-64.01,-69.46,-45.56,-60.34,-49.34,-58.75,2026-06-05 04:30:03+00:00
2026-06-05T04:31:03+00:00,-53.18,-64.81,-69.78,-58.80,-66.46,-47.27,-50.82,-67.96,-51.72,-48.28,-58.59,-64.42,-69.16,-45.41,-59.80,-49.60,-60.67,2026-06-05 04:31:03+00:00
2026-06-05T04:32:03+00:00,-52.55,-65.04,-69.92,-58.71,-66.45,-47.17,-51.68,-67.58,-51.69,-48.22,-58.66,-63.98,-69.19,-45.57,-59.68,-49.78,-60.83,2026-06-05 04:32:03+00:00
2026-06-05T04:33:03+00:00,-51.46,-65.00,-69.92,-58.88,-65.90,-47.05,-50.87,-68.75,-51.77,-48.18,-58.79,-63.46,-69.27,-45.47,-59.79,-50.06,-60.77,2026-06-05 04:33:03+00:00
2026-06-05T04:34:04+00:00,-51.92,-64.79,-70.06,-58.52,-66.17,-47.05,-51.79,-68.62,-48.71,-48.41,-59.05,-63.41,-69.13,-45.45,-59.74,-49.76,-60.29,2026-06-05 04:34:04+00:00
2026-06-05T04:35:04+00:00,-52.45,-64.50,-70.54,-58.74,-66.35,-46.89,-51.17,-68.81,-48.72,-48.49,-59.20,-69.98,-69.12,-45.32,-59.80,-50.24,-60.44,2026-06-05 04:35:04+00:00
2026-06-05T04:36:04+00:00,-52.53,-65.43,-70.45,-58.91,-66.54,-46.86,-51.98,-68.78,-49.02,-48.42,-59.47,-70.17,-69.06,-45.27,-59.23,-50.38,-60.63,2026-06-05 04:36:04+00:00
2026-06-05T04:37:04+00:00,-52.96,-65.30,-70.37,-58.91,-65.48,-46.95,-51.19,-68.57,-49.02,-48.56,-59.61,-70.05,-69.44,-45.32,-59.69,-50.25,-59.99,2026-06-05 04:37:04+00:00
2026-06-05T04:38:03+00:00,-51.72,-65.49,-70.35,-58.82,-65.95,-47.05,-51.96,-67.94,-49.06,-48.57,-59.46,-70.06,-69.59,-45.11,-59.94,-50.42,-60.15,2026-06-05 04:38:03+00:00
2026-06-05T04:39:03+00:00,-52.02,-65.43,-70.61,-58.76,-66.08,-46.99,-51.71,-68.14,-49.06,-48.61,-59.74,-70.13,-69.56,-45.08,-59.59,-50.35,-60.23,2026-06-05 04:39:03+00:00
2026-06-05T04:40:04+00:00,-51.74,-65.19,-70.68,-59.03,-66.29,-47.12,-51.90,-68.02,-49.07,-48.62,-59.47,-70.21,-69.34,-44.85,-59.60,-50.53,-60.03,2026-06-05 04:40:04+00:00
2026-06-05T04:41:04+00:00,-53.02,-64.66,-70.36,-58.95,-66.32,-47.02,-51.25,-68.10,-49.10,-48.63,-59.94,-70.19,-69.18,-44.84,-59.86,-50.48,-59.72,2026-06-05 04:41:04+00:00
2026-06-05T04:42:04+00:00,-52.81,-64.14,-70.50,-58.63,-66.16,-47.08,-51.88,-67.69,-49.09,-48.77,-60.02,-70.09,-69.17,-44.96,-59.53,-50.54,-60.02,2026-06-05 04:42:04+00:00
2026-06-05T04:43:03+00:00,-53.87,-64.79,-70.55,-58.92,-66.03,-47.17,-50.95,-67.49,-49.03,-48.62,-60.08,-69.99,-69.05,-44.97,-59.94,-50.54,-60.24,2026-06-05 04:43:03+00:00
2026-06-05T04:44:03+00:00,-53.44,-65.53,-70.47,-58.99,-66.62,-47.11,-51.62,-67.63,-49.03,-48.61,-60.17,-69.96,-69.19,-44.88,-59.49,-51.30,-60.22,2026-06-05 04:44:03+00:00
2026-06-05T04:45:04+00:00,-54.04,-65.01,-70.12,-58.97,-66.52,-47.12,-51.27,-67.83,-48.99,-48.63,-60.05,-70.02,-69.04,-44.85,-59.55,-51.37,-59.81,2026-06-05 04:45:04+00:00
2026-06-05T04:46:04+00:00,-53.09,-65.61,-70.50,-59.52,-66.44,-47.02,-51.52,-68.08,-51.31,-48.84,-59.82,-70.06,-68.90,-44.77,-59.44,-51.61,-60.12,2026-06-05 04:46:04+00:00
2026-06-05T04:47:04+00:00,-53.11,-63.95,-70.58,-59.27,-66.47,-46.99,-51.81,-67.85,-51.25,-48.76,-59.76,-70.27,-68.89,-44.73,-59.55,-51.90,-60.35,2026-06-05 04:47:04+00:00
2026-06-05T04:48:03+00:00,-53.15,-63.98,-70.47,-59.45,-67.51,-46.98,-51.35,-67.45,-51.27,-49.27,-60.17,-70.22,-65.60,-44.85,-59.25,-51.69,-58.98,2026-06-05 04:48:03+00:00
2026-06-05T04:49:03+00:00,-53.18,-65.68,-70.53,-59.22,-66.60,-47.07,-51.83,-67.76,-65.19,-49.26,-59.89,-70.25,-69.03,-44.76,-59.39,-51.83,-59.96,2026-06-05 04:49:03+00:00
2026-06-05T04:50:03+00:00,-53.44,-66.15,-70.22,-59.60,-66.26,-47.10,-52.12,-67.33,-65.12,-49.04,-59.47,-70.16,-68.99,-44.91,-60.03,-52.03,-60.81,2026-06-05 04:50:03+00:00
2026-06-05T04:51:04+00:00,-49.75,-66.10,-70.65,-59.33,-66.06,-46.91,-51.43,-67.55,-59.70,-49.06,-59.42,-70.14,-68.87,-44.59,-58.96,-51.79,-60.84,2026-06-05 04:51:04+00:00
2026-06-05T04:52:04+00:00,-49.48,-66.33,-71.14,-59.29,-66.55,-52.80,-51.30,-67.43,-59.98,-48.99,-59.50,-71.08,-69.25,-44.59,-59.52,-52.02,-60.58,2026-06-05 04:52:04+00:00
2026-06-05T04:53:03+00:00,-50.31,-64.70,-71.10,-59.30,-65.71,-52.44,-51.32,-67.89,-60.07,-48.68,-59.43,-70.73,-68.19,-44.68,-59.54,-52.21,-60.70,2026-06-05 04:53:03+00:00
2026-06-05T04:54:03+00:00,-50.52,-65.25,-71.14,-59.28,-66.23,-52.53,-51.61,-67.69,-59.99,-48.75,-56.87,-70.71,-69.02,-44.57,-59.77,-52.21,-60.94,2026-06-05 04:54:03+00:00
2026-06-05T04:55:03+00:00,-50.63,-66.08,-71.01,-59.48,-66.42,-52.46,-50.99,-67.43,-60.14,-48.53,-59.03,-70.70,-67.96,-44.54,-59.60,-52.29,-60.16,2026-06-05 04:55:03+00:00
2026-06-05T04:56:04+00:00,-50.65,-66.00,-71.15,-59.34,-67.04,-52.51,-50.97,-67.20,-60.06,-48.60,-55.80,-70.38,-67.95,-44.51,-59.80,-51.94,-60.22,2026-06-05 04:56:04+00:00
2026-06-05T04:57:04+00:00,-50.68,-66.13,-71.20,-59.85,-66.37,-52.53,-50.83,-67.10,-60.10,-48.65,-57.03,-70.50,-68.40,-44.58,-59.73,-52.06,-59.24,2026-06-05 04:57:04+00:00
2026-06-05T04:58:04+00:00,-50.48,-65.07,-71.13,-59.56,-65.87,-52.69,-50.98,-68.21,-60.12,-48.54,-57.54,-70.54,-68.85,-44.50,-59.81,-51.82,-60.23,2026-06-05 04:58:04+00:00
2026-06-05T04:59:03+00:00,-50.82,-65.71,-71.22,-59.85,-67.15,-52.53,-50.95,-68.55,-59.46,-48.55,-57.73,-70.51,-68.99,-44.40,-60.00,-51.71,-60.28,2026-06-05 04:59:03+00:00
2026-06-05T05:00:03+00:00,-50.57,-66.00,-71.13,-59.85,-65.89,-52.47,-51.11,-68.25,-59.68,-48.35,-58.13,-70.67,-68.86,-44.51,-59.54,-51.48,-59.18,2026-06-05 05:00:03+00:00
2026-06-05T05:01:03+00:00,-50.81,-66.20,-71.14,-59.77,-66.66,-52.49,-51.27,-67.56,-59.67,-48.41,-56.66,-70.61,-69.11,-44.40,-59.59,-51.53,-60.47,2026-06-05 05:01:03+00:00
2026-06-05T05:02:03+00:00,-50.34,-65.94,-71.36,-59.87,-66.00,-52.39,-50.82,-67.82,-60.12,-48.16,-57.78,-70.52,-69.43,-44.35,-59.71,-51.62,-60.37,2026-06-05 05:02:03+00:00
2026-06-05T05:03:03+00:00,-51.11,-65.43,-70.93,-59.75,-66.85,-52.57,-50.83,-68.89,-60.08,-48.09,-58.29,-70.71,-61.68,-44.36,-59.74,-51.49,-57.91,2026-06-05 05:03:03+00:00
2026-06-05T05:04:04+00:00,-50.81,-65.11,-71.37,-59.51,-66.39,-52.38,-50.34,-68.42,-60.13,-48.12,-58.20,-70.86,-69.19,-44.42,-59.74,-51.17,-60.18,2026-06-05 05:04:04+00:00
2026-06-05T05:05:04+00:00,-50.36,-64.92,-70.82,-59.32,-66.96,-52.40,-49.96,-68.80,-60.04,-48.20,-58.09,-70.77,-69.24,-44.36,-58.91,-50.82,-60.10,2026-06-05 05:05:04+00:00
2026-06-05T05:06:04+00:00,-54.07,-64.74,-71.16,-59.42,-66.31,-52.59,-50.12,-68.92,-58.01,-48.17,-58.07,-70.64,-69.09,-44.43,-59.72,-50.73,-60.35,2026-06-05 05:06:04+00:00
2026-06-05T05:07:03+00:00,-55.11,-65.79,-71.18,-59.50,-66.45,-52.48,-49.93,-68.42,-57.78,-48.04,-58.27,-70.79,-68.90,-44.36,-59.37,-50.49,-60.18,2026-06-05 05:07:03+00:00
2026-06-05T05:08:03+00:00,-54.24,-64.20,-71.25,-59.38,-65.14,-52.32,-50.38,-67.93,-57.78,-48.15,-59.21,-70.72,-69.37,-44.43,-59.53,-50.36,-59.95,2026-06-05 05:08:03+00:00
2026-06-05T05:09:04+00:00,-55.51,-64.79,-70.97,-59.51,-65.91,-52.44,-50.10,-68.46,-57.66,-48.03,-58.98,-70.75,-68.85,-44.55,-59.61,-50.09,-59.91,2026-06-05 05:09:04+00:00
2026-06-05T05:10:04+00:00,-51.33,-65.04,-71.55,-59.86,-66.31,-52.48,-49.98,-67.83,-57.83,-48.01,-58.93,-70.73,-61.45,-44.35,-59.61,-49.61,-60.22,2026-06-05 05:10:04+00:00
2026-06-05T05:11:03+00:00,-54.04,-64.89,-71.21,-60.14,-67.17,-52.61,-50.37,-67.49,-57.54,-48.06,-58.91,-70.88,-60.42,-44.39,-59.43,-49.95,-60.25,2026-06-05 05:11:03+00:00
2026-06-05T05:12:20+00:00,-55.26,-65.03,-71.32,-60.15,-66.08,-51.02,-50.32,-67.20,-57.50,-48.11,-58.91,-70.47,-60.56,-44.60,-60.12,-49.65,-59.88,2026-06-05 05:12:20+00:00
2026-06-05T05:13:23+00:00,-55.12,-63.60,-71.05,-60.04,-65.73,-50.99,-50.39,-68.05,-57.65,-48.15,-58.80,-70.57,-60.34,-44.52,-59.60,-49.57,-58.86,2026-06-05 05:13:23+00:00
2026-06-05T05:14:24+00:00,-54.98,-64.60,-70.51,-60.10,-66.02,-46.48,-49.88,-67.78,-57.96,-48.08,-58.72,-69.65,-60.27,-44.48,-59.73,-49.68,-59.46,2026-06-05 05:14:24+00:00
2026-06-05T05:15:24+00:00,-55.08,-64.13,-70.46,-59.89,-66.24,-46.53,-50.17,-67.78,-56.61,-48.22,-58.45,-69.78,-60.29,-44.43,-59.62,-49.65,-57.76,2026-06-05 05:15:24+00:00
2026-06-05T05:16:23+00:00,-54.14,-64.58,-70.86,-59.44,-67.92,-46.62,-50.30,-68.18,-51.85,-48.17,-58.48,-69.63,-60.25,-44.60,-52.58,-49.67,-58.39,2026-06-05 05:16:23+00:00
2026-06-05T05:17:24+00:00,-52.97,-64.71,-70.48,-59.85,-65.95,-46.49,-49.59,-68.37,-51.73,-48.02,-58.29,-69.83,-60.33,-44.49,-58.78,-49.61,-59.33,2026-06-05 05:17:24+00:00
2026-06-05T05:18:22+00:00,-52.48,-63.26,-70.61,-59.92,-66.52,-46.69,-50.11,-67.60,-48.58,-48.14,-54.50,-70.03,-60.26,-44.85,-59.88,-49.57,-60.32,2026-06-05 05:18:22+00:00
2026-06-05T05:19:24+00:00,-54.77,-64.02,-70.65,-59.73,-66.31,-46.52,-50.07,-68.12,-48.55,-47.85,-58.14,-70.11,-60.18,-44.72,-58.65,-49.50,-59.85,2026-06-05 05:19:24+00:00
2026-06-05T05:20:24+00:00,-53.30,-65.64,-70.58,-60.19,-65.73,-46.48,-49.59,-68.71,-48.88,-47.78,-58.16,-69.84,-60.23,-44.51,-58.87,-49.17,-59.49,2026-06-05 05:20:24+00:00
2026-06-05T05:21:22+00:00,-53.61,-66.55,-70.49,-59.76,-66.24,-46.67,-49.88,-67.63,-48.86,-47.72,-58.16,-70.07,-60.23,-44.65,-59.57,-48.78,-60.01,2026-06-05 05:21:22+00:00
2026-06-05T05:22:24+00:00,-50.28,-65.72,-70.64,-59.46,-65.63,-47.01,-50.27,-67.28,-48.81,-47.71,-57.97,-70.02,-59.79,-44.71,-60.43,-48.67,-60.02,2026-06-05 05:22:24+00:00
2026-06-05T05:23:24+00:00,-54.31,-66.17,-70.41,-59.53,-66.66,-46.81,-50.22,-68.03,-48.86,-47.59,-58.08,-70.16,-60.14,-44.76,-59.18,-48.42,-52.44,2026-06-05 05:23:24+00:00
2026-06-05T05:24:23+00:00,-54.64,-67.17,-70.63,-59.66,-66.88,-46.84,-49.83,-68.12,-48.85,-47.61,-57.94,-70.20,-59.96,-44.66,-59.65,-48.06,-52.19,2026-06-05 05:24:23+00:00
2026-06-05T05:25:04+00:00,-53.94,-67.09,-70.42,-59.36,-66.28,-46.96,-50.20,-67.59,-48.83,-47.45,-57.82,-69.99,-60.03,-44.84,-58.99,-48.01,-52.30,2026-06-05 05:25:04+00:00
2026-06-05T05:26:04+00:00,-53.18,-64.62,-70.53,-59.06,-67.91,-46.94,-49.84,-68.31,-48.80,-47.41,-57.86,-69.92,-60.02,-44.80,-59.73,-47.84,-52.23,2026-06-05 05:26:04+00:00
2026-06-05T05:27:03+00:00,-55.22,-60.35,-70.38,-59.51,-66.17,-47.05,-49.48,-67.56,-48.82,-47.43,-57.65,-69.89,-60.02,-44.95,-59.34,-47.38,-52.35,2026-06-05 05:27:03+00:00
2026-06-05T05:28:03+00:00,-55.75,-66.66,-70.43,-59.42,-65.97,-46.84,-49.73,-67.98,-48.79,-47.31,-54.87,-69.91,-59.91,-44.89,-59.13,-47.39,-52.28,2026-06-05 05:28:03+00:00
2026-06-05T05:29:04+00:00,-55.30,-67.63,-70.36,-59.35,-66.00,-46.95,-49.85,-68.45,-48.80,-47.27,-57.60,-69.68,-59.91,-44.98,-59.58,-47.31,-52.27,2026-06-05 05:29:04+00:00
2026-06-05T05:30:04+00:00,-53.50,-67.16,-70.33,-58.93,-65.84,-46.73,-49.63,-68.40,-48.83,-47.39,-57.55,-70.07,-59.79,-45.15,-59.28,-47.17,-52.33,2026-06-05 05:30:04+00:00
2026-06-05T05:31:04+00:00,-56.64,-66.43,-70.39,-59.28,-66.22,-47.02,-49.97,-68.22,-51.05,-47.29,-57.42,-69.89,-59.89,-45.03,-59.34,-47.33,-52.43,2026-06-05 05:31:04+00:00
2026-06-05T05:32:04+00:00,-54.38,-63.51,-70.63,-58.78,-65.93,-46.82,-50.16,-68.70,-50.98,-47.31,-57.27,-69.97,-59.98,-45.13,-59.44,-47.18,-52.43,2026-06-05 05:32:04+00:00
2026-06-05T05:33:04+00:00,-55.47,-65.71,-70.37,-58.76,-66.33,-46.95,-49.98,-68.39,-53.34,-47.33,-57.23,-70.20,-59.82,-44.93,-59.29,-46.82,-52.12,2026-06-05 05:33:04+00:00
2026-06-05T05:34:03+00:00,-56.23,-63.67,-70.26,-58.88,-66.29,-47.03,-49.74,-68.01,-66.03,-47.15,-57.25,-70.04,-59.73,-44.96,-60.01,-46.65,-55.12,2026-06-05 05:34:03+00:00
2026-06-05T05:35:03+00:00,-56.23,-64.12,-70.53,-59.05,-66.09,-46.85,-49.53,-68.65,-66.06,-47.11,-55.27,-70.34,-59.65,-45.06,-59.89,-46.45,-52.60,2026-06-05 05:35:03+00:00
2026-06-05T05:36:04+00:00,-51.06,-64.89,-70.35,-59.18,-66.18,-47.05,-49.75,-68.31,-59.70,-47.18,-56.98,-70.25,-59.64,-44.95,-59.58,-46.09,-54.25,2026-06-05 05:36:04+00:00
2026-06-05T05:37:04+00:00,-51.08,-62.29,-70.75,-59.61,-66.24,-46.81,-49.77,-67.81,-59.88,-47.15,-57.07,-70.13,-59.71,-45.14,-59.10,-45.66,-52.74,2026-06-05 05:37:04+00:00
2026-06-05T05:38:03+00:00,-50.99,-64.29,-67.91,-59.53,-66.90,-46.76,-49.80,-68.02,-53.03,-47.16,-56.89,-65.52,-59.66,-44.80,-58.99,-45.50,-54.30,2026-06-05 05:38:03+00:00
2026-06-05T05:39:03+00:00,-50.84,-63.09,-68.05,-59.67,-66.32,-46.89,-49.85,-67.70,-52.91,-47.10,-56.64,-65.63,-59.54,-45.03,-59.42,-45.04,-52.82,2026-06-05 05:39:03+00:00
2026-06-05T05:40:04+00:00,-51.02,-62.78,-68.03,-59.73,-66.34,-46.87,-50.14,-68.45,-52.87,-47.10,-56.56,-65.78,-59.47,-45.27,-59.35,-44.87,-54.37,2026-06-05 05:40:04+00:00
2026-06-05T05:41:04+00:00,-50.16,-65.71,-68.09,-59.16,-66.55,-46.79,-49.83,-68.32,-53.59,-47.16,-56.61,-66.69,-59.41,-45.17,-58.99,-44.70,-54.29,2026-06-05 05:41:04+00:00
2026-06-05T05:42:03+00:00,-49.49,-65.19,-68.12,-59.47,-66.24,-46.79,-50.04,-68.21,-54.13,-47.19,-56.44,-67.23,-59.34,-45.09,-59.24,-44.53,-59.95,2026-06-05 05:42:03+00:00
2026-06-05T05:43:03+00:00,-49.68,-65.23,-67.89,-59.05,-65.92,-47.02,-50.51,-68.33,-54.00,-47.13,-56.50,-66.97,-59.28,-45.19,-58.76,-44.66,-60.15,2026-06-05 05:43:03+00:00
2026-06-05T05:44:04+00:00,-50.17,-65.09,-67.94,-59.25,-66.32,-47.17,-50.03,-68.06,-54.25,-47.18,-56.35,-67.32,-59.36,-45.15,-59.30,-44.55,-60.45,2026-06-05 05:44:04+00:00
2026-06-05T05:45:04+00:00,-49.52,-66.40,-67.21,-59.42,-66.18,-47.11,-49.87,-67.46,-53.88,-47.18,-56.54,-67.51,-59.41,-45.25,-59.21,-44.58,-60.16,2026-06-05 05:45:04+00:00
2026-06-05T05:46:03+00:00,-48.96,-65.55,-67.68,-59.52,-65.64,-47.11,-49.97,-67.96,-54.77,-47.39,-56.43,-67.87,-59.41,-45.27,-58.72,-44.56,-60.31,2026-06-05 05:46:03+00:00
2026-06-05T05:47:03+00:00,-49.57,-66.18,-67.27,-59.79,-66.78,-47.05,-49.90,-68.12,-55.13,-47.41,-56.25,-67.15,-59.24,-45.11,-59.32,-44.62,-60.52,2026-06-05 05:47:03+00:00
2026-06-05T05:48:04+00:00,-49.62,-65.94,-64.74,-59.62,-66.52,-47.05,-49.62,-67.87,-59.29,-47.33,-56.10,-65.62,-59.10,-45.20,-59.42,-44.41,-60.42,2026-06-05 05:48:04+00:00
2026-06-05T05:49:04+00:00,-49.36,-65.95,-64.27,-59.30,-65.86,-47.02,-50.19,-67.98,-59.53,-47.17,-56.18,-65.95,-59.14,-45.35,-59.61,-44.48,-60.28,2026-06-05 05:49:04+00:00
2026-06-05T05:50:04+00:00,-49.51,-66.20,-63.87,-59.60,-66.10,-47.04,-49.63,-67.98,-58.56,-47.23,-56.19,-65.86,-59.11,-45.26,-59.89,-44.31,-60.13,2026-06-05 05:50:04+00:00
2026-06-05T05:51:03+00:00,-52.51,-64.61,-63.95,-59.48,-65.81,-47.04,-49.47,-67.00,-57.21,-47.21,-54.16,-65.66,-59.29,-45.42,-59.68,-44.24,-60.10,2026-06-05 05:51:03+00:00
2026-06-05T05:52:03+00:00,-52.25,-64.45,-63.47,-59.21,-66.07,-46.99,-49.43,-67.29,-57.16,-47.29,-56.08,-65.93,-59.17,-45.47,-59.50,-44.07,-59.24,2026-06-05 05:52:03+00:00
2026-06-05T05:53:04+00:00,-52.94,-63.54,-63.76,-58.98,-65.94,-47.03,-49.71,-68.28,-56.99,-47.13,-56.26,-66.39,-59.06,-45.57,-59.32,-43.98,-60.69,2026-06-05 05:53:04+00:00
2026-06-05T05:54:04+00:00,-52.32,-64.95,-64.07,-59.00,-66.42,-46.86,-49.33,-68.14,-57.07,-47.12,-56.23,-66.16,-59.06,-45.53,-59.38,-43.87,-60.51,2026-06-05 05:54:04+00:00
2026-06-05T05:55:04+00:00,-53.22,-64.93,-64.15,-58.72,-68.02,-47.04,-49.24,-68.54,-56.39,-47.02,-56.28,-65.40,-59.08,-45.64,-58.56,-43.97,-60.18,2026-06-05 05:55:04+00:00
2026-06-05T05:56:04+00:00,-52.84,-65.55,-63.95,-59.18,-66.42,-47.02,-49.67,-68.44,-56.56,-46.93,-56.12,-64.36,-59.11,-45.58,-59.43,-44.16,-59.97,2026-06-05 05:56:04+00:00
2026-06-05T05:57:03+00:00,-52.65,-61.75,-64.60,-59.17,-66.11,-46.86,-49.84,-68.59,-55.95,-46.91,-56.22,-63.81,-59.04,-45.69,-58.86,-44.03,-60.14,2026-06-05 05:57:03+00:00
2026-06-05T05:58:03+00:00,-52.29,-65.31,-64.76,-59.49,-66.12,-46.97,-49.91,-68.51,-55.87,-46.90,-56.42,-64.11,-59.20,-45.74,-58.67,-44.35,-60.53,2026-06-05 05:58:03+00:00
2026-06-05T05:59:03+00:00,-52.78,-64.84,-65.41,-59.63,-65.72,-47.12,-49.76,-67.75,-55.36,-47.09,-56.51,-65.35,-59.13,-45.55,-60.24,-44.40,-58.08,2026-06-05 05:59:03+00:00
2026-06-05T06:00:04+00:00,-52.10,-64.39,-65.16,-59.69,-65.92,-46.90,-50.20,-68.43,-55.58,-46.78,-53.74,-66.07,-59.20,-45.43,-58.67,-44.23,-59.64,2026-06-05 06:00:04+00:00
2026-06-05T06:01:04+00:00,-53.04,-66.09,-65.37,-59.85,-67.28,-47.05,-49.82,-67.87,-50.84,-46.62,-53.77,-66.89,-58.86,-45.55,-59.30,-44.40,-59.92,2026-06-05 06:01:04+00:00
2026-06-05T06:02:04+00:00,-52.03,-65.93,-65.54,-59.79,-66.72,-47.18,-49.63,-67.62,-50.86,-46.54,-56.67,-67.15,-58.75,-45.45,-59.14,-44.21,-60.06,2026-06-05 06:02:04+00:00
2026-06-05T06:03:04+00:00,-53.03,-62.31,-65.69,-59.61,-65.80,-47.12,-50.12,-67.99,-47.92,-46.53,-56.49,-67.11,-58.76,-45.66,-59.31,-44.26,-60.42,2026-06-05 06:03:04+00:00
2026-06-05T06:04:03+00:00,-52.75,-64.71,-64.74,-59.84,-66.05,-47.13,-49.74,-67.86,-47.32,-46.50,-56.72,-67.30,-58.74,-45.55,-59.25,-44.19,-60.48,2026-06-05 06:04:03+00:00
2026-06-05T06:05:04+00:00,-52.43,-62.85,-64.57,-59.50,-66.64,-47.18,-50.10,-66.98,-47.21,-46.46,-56.70,-67.08,-58.77,-45.66,-58.60,-44.13,-60.49,2026-06-05 06:05:04+00:00
2026-06-05T06:06:04+00:00,-53.33,-64.83,-64.58,-59.60,-66.30,-52.06,-49.82,-67.31,-47.51,-46.46,-56.32,-67.19,-58.69,-45.90,-59.06,-44.27,-60.11,2026-06-05 06:06:04+00:00
2026-06-05T06:07:04+00:00,-53.23,-63.51,-64.61,-59.15,-66.42,-52.09,-50.27,-68.59,-47.48,-46.45,-57.03,-67.38,-58.62,-45.92,-58.62,-43.84,-60.49,2026-06-05 06:07:04+00:00
2026-06-05T06:08:03+00:00,-53.54,-63.89,-64.67,-59.05,-66.15,-52.08,-50.11,-67.67,-47.50,-46.46,-57.00,-67.71,-58.56,-45.75,-58.53,-43.66,-60.59,2026-06-05 06:08:03+00:00
2026-06-05T06:09:03+00:00,-53.68,-63.03,-64.80,-59.30,-66.81,-52.00,-50.18,-68.55,-47.43,-46.43,-54.28,-67.95,-58.68,-45.94,-58.78,-43.91,-60.30,2026-06-05 06:09:03+00:00
2026-06-05T06:10:05+00:00,-52.78,-62.93,-64.83,-59.05,-66.13,-52.21,-50.34,-67.74,-47.48,-46.51,-57.17,-68.54,-58.67,-45.93,-58.90,-43.86,-60.80,2026-06-05 06:10:05+00:00
2026-06-05T06:11:03+00:00,-53.80,-64.26,-65.03,-59.15,-66.18,-51.92,-50.04,-68.76,-47.57,-46.65,-57.25,-68.56,-58.95,-45.94,-58.79,-44.07,-60.86,2026-06-05 06:11:03+00:00
2026-06-05T06:12:03+00:00,-53.44,-63.33,-65.06,-59.64,-66.17,-52.22,-50.03,-68.31,-47.50,-46.55,-55.72,-68.85,-58.72,-45.93,-58.67,-43.98,-60.23,2026-06-05 06:12:03+00:00
2026-06-05T06:13:03+00:00,-52.95,-63.65,-64.43,-59.57,-66.76,-51.96,-50.05,-68.27,-47.60,-46.60,-57.52,-69.08,-58.64,-46.10,-59.55,-44.11,-58.42,2026-06-05 06:13:03+00:00
2026-06-05T06:14:04+00:00,-53.33,-65.62,-64.64,-59.34,-67.00,-52.02,-49.86,-68.17,-47.71,-46.31,-57.36,-68.93,-58.54,-45.84,-58.70,-44.20,-60.13,2026-06-05 06:14:04+00:00
2026-06-05T06:15:04+00:00,-52.46,-65.88,-64.79,-59.28,-65.80,-52.05,-50.41,-67.18,-47.74,-46.54,-55.51,-69.10,-58.66,-45.89,-59.12,-44.23,-60.37,2026-06-05 06:15:04+00:00
2026-06-05T06:16:04+00:00,-53.93,-66.35,-64.90,-59.19,-66.59,-52.22,-50.21,-68.33,-49.30,-46.25,-57.50,-69.11,-58.68,-45.87,-58.75,-44.44,-59.99,2026-06-05 06:16:04+00:00
2026-06-05T06:17:04+00:00,-53.31,-66.14,-65.04,-59.05,-65.13,-51.96,-50.10,-68.54,-49.08,-46.46,-57.54,-69.16,-58.55,-45.87,-58.91,-44.33,-60.72,2026-06-05 06:17:04+00:00
2026-06-05T06:18:04+00:00,-54.12,-66.39,-64.88,-58.98,-66.30,-52.02,-50.06,-68.04,-52.66,-46.43,-57.78,-68.92,-58.79,-46.04,-59.41,-44.18,-60.75,2026-06-05 06:18:04+00:00
2026-06-05T06:19:04+00:00,-53.83,-66.99,-65.09,-59.27,-66.32,-51.96,-50.50,-68.76,-53.09,-46.32,-57.92,-69.00,-58.63,-45.90,-59.02,-44.33,-60.28,2026-06-05 06:19:04+00:00
2026-06-05T06:20:04+00:00,-53.93,-67.19,-64.85,-59.28,-67.15,-52.00,-49.77,-68.63,-53.02,-46.38,-57.53,-69.07,-58.68,-45.95,-59.05,-43.98,-60.02,2026-06-05 06:20:04+00:00
2026-06-05T06:21:04+00:00,-50.06,-67.11,-64.73,-59.11,-65.90,-52.10,-49.93,-68.84,-52.57,-46.31,-58.10,-69.22,-58.38,-45.82,-58.98,-43.95,-56.39,2026-06-05 06:21:04+00:00
2026-06-05T06:22:03+00:00,-49.69,-67.25,-64.80,-59.05,-66.84,-52.00,-49.31,-68.59,-52.41,-46.37,-58.14,-69.03,-58.58,-46.11,-58.90,-43.80,-60.54,2026-06-05 06:22:03+00:00
2026-06-05T06:23:03+00:00,-50.17,-66.28,-64.93,-58.88,-66.12,-51.95,-49.89,-67.98,-52.37,-46.40,-58.32,-69.11,-58.67,-45.94,-59.12,-43.61,-60.21,2026-06-05 06:23:03+00:00
2026-06-05T06:24:04+00:00,-50.03,-65.67,-64.86,-58.93,-67.05,-52.02,-49.86,-69.39,-52.18,-46.62,-58.48,-68.85,-58.54,-46.13,-59.09,-43.80,-60.62,2026-06-05 06:24:04+00:00
2026-06-05T06:25:04+00:00,-49.56,-65.22,-64.85,-59.27,-66.12,-51.65,-49.63,-68.95,-52.41,-46.68,-58.45,-69.18,-58.53,-46.12,-59.04,-43.84,-58.80,2026-06-05 06:25:04+00:00
2026-06-05T06:26:04+00:00,-49.65,-64.97,-64.70,-59.25,-66.53,-50.82,-49.64,-68.61,-52.56,-46.53,-58.20,-68.92,-58.02,-46.18,-59.08,-43.82,-60.76,2026-06-05 06:26:04+00:00
2026-06-05T06:27:03+00:00,-49.60,-64.55,-64.50,-59.24,-66.68,-50.68,-49.71,-68.56,-52.52,-46.70,-58.78,-69.19,-58.29,-46.19,-59.45,-43.98,-60.34,2026-06-05 06:27:03+00:00
2026-06-05T06:28:03+00:00,-49.75,-65.35,-64.72,-59.47,-66.21,-47.01,-49.02,-68.71,-52.40,-46.43,-58.59,-68.70,-58.15,-46.21,-59.59,-44.10,-59.82,2026-06-05 06:28:03+00:00
2026-06-05T06:29:03+00:00,-49.92,-64.97,-64.36,-58.85,-65.78,-47.07,-49.62,-68.47,-52.37,-46.34,-58.86,-68.56,-58.13,-46.14,-59.29,-44.38,-57.08,2026-06-05 06:29:03+00:00
2026-06-05T06:30:04+00:00,-50.06,-64.71,-64.63,-59.15,-65.34,-47.14,-49.53,-68.20,-52.24,-46.33,-58.59,-68.73,-58.26,-46.37,-58.62,-44.35,-60.23,2026-06-05 06:30:04+00:00
2026-06-05T06:31:04+00:00,-49.88,-64.56,-64.44,-59.03,-66.34,-47.39,-49.47,-68.20,-52.47,-46.30,-58.76,-68.72,-58.31,-46.26,-59.16,-44.44,-60.38,2026-06-05 06:31:04+00:00
2026-06-05T06:32:04+00:00,-50.02,-64.18,-64.67,-58.96,-66.11,-47.30,-49.33,-67.75,-52.48,-46.22,-58.72,-68.54,-58.25,-46.44,-59.28,-44.53,-59.59,2026-06-05 06:32:04+00:00
2026-06-05T06:33:04+00:00,-50.13,-63.52,-64.38,-59.29,-66.40,-47.11,-49.65,-68.59,-52.28,-46.17,-59.05,-68.85,-58.38,-46.56,-59.10,-44.56,-57.96,2026-06-05 06:33:04+00:00
2026-06-05T06:34:04+00:00,-50.00,-64.41,-64.59,-59.36,-66.56,-47.15,-49.95,-67.94,-52.36,-46.15,-59.27,-68.68,-58.36,-46.56,-59.04,-44.45,-60.43,2026-06-05 06:34:04+00:00
2026-06-05T06:35:04+00:00,-50.00,-64.07,-64.56,-59.32,-66.01,-47.33,-49.73,-68.28,-51.67,-46.01,-59.44,-68.83,-58.40,-46.58,-59.11,-44.50,-59.91,2026-06-05 06:35:04+00:00
2026-06-05T06:36:04+00:00,-53.79,-64.25,-64.39,-59.30,-66.07,-47.11,-49.78,-67.51,-51.79,-46.04,-59.33,-68.84,-58.63,-46.60,-59.14,-44.13,-60.50,2026-06-05 06:36:04+00:00
2026-06-05T06:37:04+00:00,-53.64,-64.38,-64.85,-59.65,-66.45,-47.07,-49.31,-68.05,-51.75,-45.91,-59.22,-68.79,-58.56,-46.64,-59.20,-44.30,-60.30,2026-06-05 06:37:04+00:00
2026-06-05T06:38:04+00:00,-53.37,-64.83,-64.58,-59.32,-66.49,-47.28,-49.05,-68.24,-51.70,-45.96,-59.40,-69.00,-58.39,-46.50,-58.86,-44.35,-59.82,2026-06-05 06:38:04+00:00
2026-06-05T06:39:04+00:00,-53.54,-65.03,-64.71,-59.60,-66.41,-47.29,-49.44,-67.87,-51.71,-46.04,-59.35,-68.88,-58.41,-46.59,-59.15,-44.31,-60.23,2026-06-05 06:39:04+00:00
2026-06-05T06:40:04+00:00,-54.21,-63.61,-64.69,-59.76,-65.42,-47.32,-49.20,-68.59,-51.72,-45.96,-59.49,-68.87,-58.32,-46.64,-58.98,-44.09,-60.08,2026-06-05 06:40:04+00:00
2026-06-05T06:41:04+00:00,-53.22,-63.55,-64.65,-59.78,-65.87,-47.46,-49.32,-68.37,-51.52,-46.22,-59.66,-68.88,-58.49,-46.63,-59.14,-44.16,-59.70,2026-06-05 06:41:04+00:00
2026-06-05T06:42:03+00:00,-53.80,-64.40,-64.65,-59.51,-66.24,-47.27,-49.61,-68.16,-51.57,-46.14,-59.48,-68.75,-58.40,-46.76,-59.14,-44.18,-59.65,2026-06-05 06:42:03+00:00
2026-06-05T06:43:03+00:00,-53.27,-63.68,-64.74,-59.49,-66.33,-47.34,-49.92,-67.59,-51.77,-46.19,-59.48,-69.01,-58.40,-46.86,-59.07,-44.45,-60.27,2026-06-05 06:43:03+00:00
2026-06-05T06:44:04+00:00,-53.09,-65.17,-64.50,-59.52,-66.36,-47.47,-49.92,-68.37,-51.88,-46.20,-59.31,-68.75,-58.37,-46.97,-58.85,-44.51,-60.29,2026-06-05 06:44:04+00:00
2026-06-05T06:45:04+00:00,-53.46,-64.01,-64.70,-59.79,-66.31,-47.25,-49.74,-68.44,-50.65,-46.15,-59.48,-69.02,-58.22,-47.04,-59.22,-44.51,-58.77,2026-06-05 06:45:04+00:00
2026-06-05T06:46:03+00:00,-53.76,-64.67,-64.77,-59.79,-65.84,-47.32,-49.94,-67.90,-49.16,-46.11,-59.64,-68.62,-58.28,-46.98,-58.62,-44.70,-60.40,2026-06-05 06:46:03+00:00
2026-06-05T06:47:03+00:00,-53.09,-63.76,-64.88,-59.58,-66.27,-47.05,-49.98,-68.27,-49.22,-46.03,-59.65,-69.10,-58.12,-47.20,-59.16,-44.92,-58.00,2026-06-05 06:47:03+00:00
2026-06-05T06:48:03+00:00,-53.30,-64.50,-64.48,-59.99,-66.96,-46.77,-49.56,-67.81,-47.28,-46.29,-59.61,-68.76,-58.15,-47.26,-59.35,-44.84,-60.70,2026-06-05 06:48:03+00:00
2026-06-05T06:49:03+00:00,-53.13,-64.62,-64.47,-59.73,-67.30,-46.79,-49.58,-67.95,-47.24,-46.09,-59.70,-68.85,-58.28,-47.35,-58.32,-44.82,-60.79,2026-06-05 06:49:03+00:00
2026-06-05T06:50:05+00:00,-53.57,-63.86,-64.62,-59.76,-65.05,-47.07,-49.28,-67.80,-47.61,-45.91,-59.90,-68.80,-58.16,-47.38,-58.46,-44.94,-60.08,2026-06-05 06:50:05+00:00
2026-06-05T06:51:03+00:00,-52.97,-62.95,-64.47,-59.68,-66.50,-46.97,-49.28,-67.73,-47.65,-45.87,-60.06,-68.39,-58.20,-47.45,-58.54,-44.67,-60.32,2026-06-05 06:51:03+00:00
2026-06-05T06:52:03+00:00,-53.43,-64.08,-64.69,-59.99,-65.92,-47.16,-49.85,-67.81,-47.62,-45.91,-60.05,-68.50,-58.24,-47.60,-58.43,-44.62,-60.58,2026-06-05 06:52:03+00:00
2026-06-05T06:53:04+00:00,-53.43,-63.84,-64.72,-59.71,-66.77,-47.58,-49.62,-67.88,-47.68,-45.92,-60.43,-69.07,-58.31,-47.72,-58.99,-44.67,-60.41,2026-06-05 06:53:04+00:00
2026-06-05T06:54:04+00:00,-53.02,-63.80,-64.61,-59.98,-66.54,-47.52,-49.86,-68.05,-47.64,-45.92,-60.50,-68.83,-58.22,-47.84,-58.48,-44.44,-59.70,2026-06-05 06:54:04+00:00
2026-06-05T06:55:04+00:00,-53.20,-64.59,-64.57,-59.93,-66.26,-47.45,-49.75,-68.10,-47.69,-45.80,-60.55,-68.88,-58.16,-47.93,-58.82,-44.57,-60.12,2026-06-05 06:55:04+00:00
2026-06-05T06:56:03+00:00,-54.83,-62.72,-64.82,-59.74,-65.88,-47.11,-49.25,-68.05,-47.68,-45.79,-60.76,-68.45,-58.18,-48.21,-58.89,-44.42,-60.04,2026-06-05 06:56:03+00:00
2026-06-05T06:57:03+00:00,-54.22,-64.50,-64.68,-59.92,-66.54,-47.13,-49.34,-67.69,-47.69,-46.69,-60.77,-68.53,-58.20,-48.12,-58.64,-44.46,-60.27,2026-06-05 06:57:03+00:00
2026-06-05T06:58:04+00:00,-54.89,-64.39,-64.73,-59.70,-66.34,-47.11,-49.20,-67.69,-47.73,-54.35,-61.36,-68.59,-58.12,-48.29,-58.59,-44.50,-58.68,2026-06-05 06:58:04+00:00
2026-06-05T06:59:04+00:00,-54.29,-63.95,-64.41,-59.70,-67.16,-47.50,-49.56,-67.47,-47.76,-65.73,-61.48,-68.28,-58.10,-48.60,-58.93,-44.23,-56.31,2026-06-05 06:59:04+00:00
2026-06-05T07:00:04+00:00,-53.17,-60.65,-64.62,-60.11,-66.37,-47.66,-49.58,-67.84,-49.15,-65.32,-61.66,-68.88,-58.08,-48.49,-58.91,-44.35,-57.64,2026-06-05 07:00:04+00:00
2026-06-05T07:01:04+00:00,-53.48,-61.11,-64.65,-60.28,-65.60,-47.50,-49.57,-68.04,-49.43,-65.04,-61.77,-68.81,-58.11,-48.75,-58.70,-44.45,-60.32,2026-06-05 07:01:04+00:00
2026-06-05T07:02:04+00:00,-54.93,-61.87,-64.80,-60.20,-65.89,-47.54,-49.33,-67.86,-49.37,-65.05,-61.66,-68.63,-57.97,-48.91,-57.65,-44.61,-60.13,2026-06-05 07:02:04+00:00
2026-06-05T07:03:04+00:00,-55.06,-61.37,-64.72,-60.20,-66.40,-47.38,-49.34,-67.09,-53.36,-64.91,-57.09,-68.00,-58.04,-49.08,-58.07,-44.44,-60.15,2026-06-05 07:03:04+00:00
2026-06-05T07:04:03+00:00,-54.32,-61.62,-64.64,-60.21,-66.26,-47.13,-49.63,-67.51,-53.43,-65.65,-61.82,-68.37,-58.03,-49.17,-58.30,-44.61,-59.98,2026-06-05 07:04:03+00:00
2026-06-05T07:05:03+00:00,-54.96,-62.56,-64.93,-59.60,-66.34,-47.40,-49.70,-66.86,-53.46,-65.84,-62.46,-68.51,-58.16,-49.45,-58.13,-44.40,-58.63,2026-06-05 07:05:03+00:00
2026-06-05T07:06:03+00:00,-50.94,-63.65,-64.96,-60.19,-66.44,-47.33,-49.65,-68.17,-52.65,-65.99,-62.72,-68.33,-57.96,-49.75,-58.32,-44.54,-57.72,2026-06-05 07:06:03+00:00
2026-06-05T07:07:03+00:00,-50.00,-63.71,-64.87,-60.13,-66.24,-47.23,-49.10,-67.69,-52.71,-66.02,-63.09,-68.64,-58.11,-49.77,-58.21,-44.60,-60.34,2026-06-05 07:07:03+00:00
2026-06-05T07:08:03+00:00,-49.92,-64.09,-64.93,-60.25,-66.21,-47.26,-49.63,-67.44,-52.69,-65.20,-62.29,-68.45,-58.14,-49.87,-58.36,-44.69,-60.30,2026-06-05 07:08:03+00:00
2026-06-05T07:09:03+00:00,-50.36,-63.45,-64.87,-60.14,-65.40,-47.31,-49.60,-67.24,-52.72,-64.68,-62.28,-67.75,-58.09,-50.17,-58.22,-44.94,-60.05,2026-06-05 07:09:03+00:00
2026-06-05T07:10:03+00:00,-50.35,-64.59,-64.69,-60.16,-66.09,-47.18,-49.76,-66.93,-52.74,-64.95,-62.78,-66.80,-58.21,-50.25,-58.39,-45.33,-60.37,2026-06-05 07:10:03+00:00
2026-06-05T07:11:03+00:00,-50.33,-65.16,-64.67,-60.14,-65.87,-47.23,-49.26,-67.45,-52.77,-65.77,-62.34,-67.37,-58.14,-50.57,-58.05,-45.59,-60.37,2026-06-05 07:11:03+00:00
2026-06-05T07:12:04+00:00,-49.82,-64.64,-64.59,-60.41,-65.67,-47.26,-49.54,-67.84,-52.78,-65.77,-61.26,-67.48,-58.01,-50.63,-58.18,-45.53,-60.64,2026-06-05 07:12:04+00:00
2026-06-05T07:13:04+00:00,-50.38,-63.59,-64.80,-60.08,-65.48,-47.23,-49.53,-67.65,-52.73,-65.56,-60.60,-67.45,-58.06,-50.79,-58.07,-45.48,-60.74,2026-06-05 07:13:04+00:00
2026-06-05T07:14:04+00:00,-50.54,-63.70,-64.21,-60.12,-66.14,-50.98,-49.99,-67.56,-52.71,-65.39,-59.28,-67.54,-58.07,-50.62,-58.12,-45.41,-60.27,2026-06-05 07:14:04+00:00
2026-06-05T07:15:03+00:00,-50.43,-64.35,-64.75,-60.22,-66.35,-50.73,-49.30,-68.27,-52.76,-65.14,-60.51,-67.48,-57.93,-50.85,-58.21,-45.33,-60.77,2026-06-05 07:15:03+00:00
2026-06-05T07:16:03+00:00,-50.38,-65.31,-64.49,-60.13,-66.24,-50.95,-49.61,-68.03,-52.93,-65.19,-62.01,-67.98,-57.88,-51.10,-58.06,-45.32,-60.57,2026-06-05 07:16:03+00:00
2026-06-05T07:17:04+00:00,-50.55,-65.00,-64.97,-59.88,-66.53,-50.99,-49.58,-68.20,-52.87,-64.94,-63.29,-67.65,-57.98,-51.22,-58.55,-45.45,-60.83,2026-06-05 07:17:04+00:00
2026-06-05T07:18:04+00:00,-50.56,-65.12,-64.60,-59.77,-65.34,-50.86,-49.69,-68.19,-52.83,-65.14,-63.17,-67.50,-57.86,-51.47,-58.34,-45.26,-60.60,2026-06-05 07:18:04+00:00
2026-06-05T07:19:04+00:00,-50.68,-65.54,-64.89,-60.20,-65.96,-50.95,-49.76,-68.39,-52.93,-65.28,-63.01,-67.87,-57.99,-51.42,-58.27,-45.06,-60.11,2026-06-05 07:19:04+00:00
2026-06-05T07:20:03+00:00,-50.32,-63.61,-64.82,-60.06,-63.20,-50.99,-49.43,-67.98,-51.75,-64.64,-62.46,-67.26,-57.97,-51.75,-58.23,-45.34,-60.37,2026-06-05 07:20:03+00:00
2026-06-05T07:21:03+00:00,-53.30,-63.21,-65.28,-60.24,-62.80,-50.73,-49.26,-68.87,-52.20,-65.02,-62.43,-67.98,-57.77,-51.77,-58.21,-44.93,-60.74,2026-06-05 07:21:03+00:00
2026-06-05T07:22:03+00:00,-53.54,-65.18,-64.86,-60.16,-65.41,-50.84,-49.36,-67.86,-52.11,-65.08,-62.09,-67.40,-57.90,-52.03,-58.33,-45.26,-60.94,2026-06-05 07:22:03+00:00
2026-06-05T07:23:04+00:00,-54.07,-63.91,-65.03,-59.86,-65.42,-50.68,-49.08,-68.11,-52.13,-65.46,-62.29,-67.63,-57.99,-52.13,-58.41,-45.16,-60.72,2026-06-05 07:23:04+00:00
2026-06-05T07:24:04+00:00,-53.27,-64.45,-64.95,-59.97,-66.71,-50.78,-49.06,-68.18,-52.08,-62.17,-58.65,-67.18,-57.87,-52.03,-58.43,-45.02,-59.74,2026-06-05 07:24:04+00:00
2026-06-05T07:25:03+00:00,-53.91,-63.81,-64.81,-60.00,-66.70,-50.86,-49.07,-67.90,-52.01,-54.71,-61.69,-67.43,-57.79,-52.19,-58.78,-45.09,-60.18,2026-06-05 07:25:03+00:00
2026-06-05T07:26:03+00:00,-53.37,-64.53,-64.90,-59.97,-65.63,-51.03,-49.30,-67.99,-52.02,-54.93,-61.28,-67.48,-57.89,-52.44,-58.84,-45.09,-60.30,2026-06-05 07:26:03+00:00
2026-06-05T07:27:03+00:00,-54.01,-65.29,-65.11,-60.02,-65.16,-50.93,-49.57,-67.76,-51.95,-55.03,-60.88,-67.51,-57.90,-52.55,-58.72,-45.24,-59.58,2026-06-05 07:27:03+00:00
2026-06-05T07:28:04+00:00,-54.10,-66.01,-64.86,-60.19,-66.90,-50.98,-49.24,-67.32,-52.13,-54.97,-60.71,-67.46,-57.78,-52.70,-58.88,-45.16,-59.58,2026-06-05 07:28:04+00:00
2026-06-05T07:29:04+00:00,-53.35,-64.99,-64.76,-60.12,-65.72,-50.76,-49.19,-67.61,-52.08,-54.69,-55.74,-67.16,-57.96,-52.73,-59.12,-45.24,-54.20,2026-06-05 07:29:04+00:00
2026-06-05T07:30:04+00:00,-53.31,-65.24,-64.99,-59.98,-66.56,-50.68,-49.04,-67.88,-49.39,-54.95,-60.58,-67.91,-57.94,-52.56,-58.61,-45.31,-55.08,2026-06-05 07:30:04+00:00
2026-06-05T07:31:04+00:00,-53.16,-65.22,-65.12,-60.18,-65.38,-50.84,-49.55,-68.08,-49.36,-53.47,-60.26,-67.93,-57.83,-52.85,-58.89,-45.39,-54.19,2026-06-05 07:31:04+00:00
2026-06-05T07:32:04+00:00,-52.85,-65.57,-64.92,-60.23,-66.06,-50.88,-49.35,-68.47,-49.32,-48.88,-59.98,-67.88,-57.87,-52.67,-58.69,-45.49,-54.17,2026-06-05 07:32:04+00:00
2026-06-05T07:33:03+00:00,-53.53,-64.94,-65.07,-60.00,-65.61,-50.99,-49.47,-68.24,-47.37,-47.59,-60.10,-68.05,-57.83,-52.69,-58.87,-45.10,-54.13,2026-06-05 07:33:03+00:00
2026-06-05T07:34:03+00:00,-53.17,-64.82,-64.83,-59.99,-66.44,-50.06,-49.28,-68.32,-47.41,-47.07,-59.89,-68.04,-58.01,-52.84,-58.88,-45.05,-54.20,2026-06-05 07:34:03+00:00
2026-06-05T07:35:04+00:00,-52.47,-65.23,-65.05,-60.09,-66.83,-50.00,-49.78,-68.14,-47.77,-47.09,-59.91,-67.92,-57.95,-52.46,-58.46,-44.89,-55.34,2026-06-05 07:35:04+00:00
2026-06-05T07:36:04+00:00,-53.31,-64.56,-65.05,-60.35,-65.15,-46.72,-49.58,-67.89,-47.71,-46.82,-59.66,-67.64,-57.93,-52.83,-58.56,-44.73,-55.25,2026-06-05 07:36:04+00:00
2026-06-05T07:37:03+00:00,-53.55,-63.18,-64.98,-60.27,-65.98,-46.95,-49.57,-67.78,-47.80,-46.82,-59.65,-67.50,-57.93,-52.74,-58.31,-44.74,-55.12,2026-06-05 07:37:03+00:00
2026-06-05T07:38:03+00:00,-54.20,-62.98,-69.50,-60.11,-65.13,-46.87,-49.64,-67.99,-49.03,-46.66,-59.40,-67.82,-57.94,-53.16,-58.40,-44.77,-54.24,2026-06-05 07:38:03+00:00
2026-06-05T07:39:03+00:00,-51.90,-64.78,-69.75,-60.10,-66.49,-47.13,-49.83,-67.83,-49.03,-46.71,-59.57,-67.85,-57.98,-53.08,-58.14,-44.86,-54.34,2026-06-05 07:39:03+00:00
2026-06-05T07:40:03+00:00,-53.34,-63.46,-69.90,-59.97,-65.93,-46.97,-49.68,-68.00,-49.01,-46.52,-59.25,-67.79,-57.85,-53.14,-58.39,-44.79,-54.27,2026-06-05 07:40:03+00:00
2026-06-05T07:41:03+00:00,-54.06,-63.83,-69.50,-60.14,-65.32,-47.13,-49.84,-67.97,-48.97,-46.50,-56.18,-67.78,-58.06,-53.05,-58.53,-45.07,-55.20,2026-06-05 07:41:03+00:00
2026-06-05T07:42:04+00:00,-54.25,-64.29,-69.62,-60.35,-66.23,-47.16,-49.73,-67.81,-49.01,-46.53,-59.17,-68.12,-57.91,-53.19,-58.25,-45.33,-59.55,2026-06-05 07:42:04+00:00
2026-06-05T07:43:04+00:00,-53.54,-64.33,-69.60,-60.21,-65.65,-47.34,-49.87,-68.77,-48.96,-46.74,-57.10,-68.02,-58.02,-53.38,-58.99,-45.40,-57.85,2026-06-05 07:43:04+00:00
2026-06-05T07:44:04+00:00,-54.39,-64.54,-69.68,-60.18,-66.64,-47.27,-49.80,-68.85,-48.95,-46.36,-59.25,-67.90,-58.05,-53.41,-58.36,-45.19,-59.67,2026-06-05 07:44:04+00:00
2026-06-05T07:45:03+00:00,-54.46,-64.93,-69.90,-60.26,-66.26,-47.00,-49.45,-68.40,-51.55,-46.31,-59.02,-67.74,-57.92,-53.33,-58.55,-45.29,-59.45,2026-06-05 07:45:03+00:00
2026-06-05T07:46:03+00:00,-54.00,-63.90,-68.33,-60.15,-66.68,-47.17,-49.61,-67.61,-49.46,-46.06,-58.88,-65.96,-58.00,-53.38,-58.30,-45.30,-59.16,2026-06-05 07:46:03+00:00
2026-06-05T07:47:04+00:00,-52.26,-64.81,-68.47,-59.86,-66.24,-47.15,-49.75,-68.11,-49.47,-46.17,-59.13,-65.85,-58.05,-53.38,-58.44,-45.31,-59.68,2026-06-05 07:47:04+00:00
2026-06-05T07:48:04+00:00,-54.30,-64.99,-68.24,-60.34,-66.16,-47.32,-49.31,-68.51,-53.60,-46.03,-59.01,-66.15,-58.03,-53.49,-58.60,-45.17,-60.09,2026-06-05 07:48:04+00:00
2026-06-05T07:49:04+00:00,-53.94,-65.26,-65.08,-60.02,-66.54,-47.35,-49.36,-68.83,-55.63,-46.18,-59.00,-67.35,-58.04,-53.37,-57.87,-45.13,-59.57,2026-06-05 07:49:04+00:00
2026-06-05T07:50:03+00:00,-53.25,-65.10,-63.19,-60.20,-65.96,-47.35,-49.53,-68.44,-51.47,-46.17,-59.08,-67.51,-57.96,-53.53,-58.42,-45.17,-59.78,2026-06-05 07:50:03+00:00
2026-06-05T07:51:03+00:00,-50.29,-65.52,-62.66,-59.91,-65.72,-47.39,-48.70,-68.55,-50.62,-45.86,-59.00,-67.45,-65.56,-53.68,-58.46,-45.34,-59.86,2026-06-05 07:51:03+00:00
2026-06-05T07:52:04+00:00,-51.06,-65.27,-62.16,-59.84,-66.47,-47.44,-48.96,-68.10,-49.94,-45.80,-58.86,-67.36,-59.05,-54.00,-58.26,-45.09,-59.97,2026-06-05 07:52:04+00:00
2026-06-05T07:53:04+00:00,-51.02,-65.34,-62.59,-60.26,-65.16,-47.30,-48.97,-67.99,-50.57,-45.56,-58.91,-67.26,-57.67,-53.96,-58.04,-45.36,-59.99,2026-06-05 07:53:04+00:00
2026-06-05T07:54:04+00:00,-50.74,-64.48,-62.85,-60.34,-65.14,-47.41,-48.89,-67.78,-50.79,-45.70,-58.34,-67.29,-57.84,-54.39,-57.93,-45.67,-59.77,2026-06-05 07:54:04+00:00
2026-06-05T07:55:03+00:00,-50.78,-65.23,-63.11,-60.11,-65.55,-47.21,-49.13,-67.90,-51.07,-45.60,-55.31,-67.39,-57.75,-54.46,-57.66,-45.84,-59.86,2026-06-05 07:55:03+00:00
2026-06-05T07:56:03+00:00,-51.11,-64.21,-63.22,-59.95,-65.82,-47.35,-49.17,-67.84,-51.30,-45.59,-58.46,-67.24,-57.70,-54.83,-57.73,-45.56,-60.10,2026-06-05 07:56:03+00:00
2026-06-05T07:57:03+00:00,-50.19,-64.13,-63.79,-60.19,-65.85,-47.22,-49.00,-67.83,-51.71,-45.62,-58.50,-67.42,-57.82,-55.08,-58.26,-45.80,-59.78,2026-06-05 07:57:03+00:00
2026-06-05T07:58:04+00:00,-51.07,-65.69,-64.10,-60.21,-66.17,-47.16,-49.33,-67.62,-52.09,-46.03,-58.30,-67.42,-57.76,-55.56,-57.99,-45.70,-59.88,2026-06-05 07:58:04+00:00
2026-06-05T07:59:04+00:00,-51.00,-66.29,-64.65,-60.03,-65.95,-47.33,-49.13,-67.66,-52.36,-46.08,-58.43,-67.56,-57.77,-56.00,-57.67,-45.81,-60.05,2026-06-05 07:59:04+00:00
2026-06-05T08:00:04+00:00,-50.63,-62.96,-64.71,-60.00,-66.15,-47.31,-49.79,-67.34,-52.64,-45.86,-58.27,-67.26,-57.91,-56.28,-57.72,-46.19,-59.87,2026-06-05 08:00:04+00:00
2026-06-05T08:01:04+00:00,-50.43,-65.64,-64.42,-60.10,-67.48,-47.39,-49.61,-67.64,-52.92,-45.68,-57.94,-66.83,-57.97,-56.88,-58.32,-46.21,-59.65,2026-06-05 08:01:04+00:00
2026-06-05T08:02:03+00:00,-49.82,-63.66,-64.98,-60.22,-66.13,-47.43,-49.30,-67.82,-53.14,-45.71,-58.11,-67.65,-58.19,-57.31,-57.73,-46.20,-59.72,2026-06-05 08:02:03+00:00
2026-06-05T08:03:04+00:00,-50.40,-65.05,-65.22,-60.10,-66.58,-47.28,-49.91,-68.08,-53.17,-45.74,-58.28,-67.78,-58.20,-57.91,-57.95,-46.20,-54.17,2026-06-05 08:03:04+00:00
2026-06-05T08:04:04+00:00,-50.10,-65.63,-64.95,-60.06,-66.66,-47.23,-49.56,-67.84,-52.88,-45.66,-58.18,-67.48,-58.00,-58.20,-58.09,-45.96,-57.30,2026-06-05 08:04:04+00:00
2026-06-05T08:05:04+00:00,-50.66,-64.59,-65.08,-60.14,-65.96,-47.26,-49.63,-67.96,-51.93,-45.67,-58.33,-67.43,-58.08,-58.90,-57.57,-45.95,-59.85,2026-06-05 08:05:04+00:00
2026-06-05T08:06:04+00:00,-54.44,-63.75,-64.85,-60.16,-66.90,-47.24,-49.30,-67.45,-52.47,-45.68,-58.38,-67.25,-58.04,-59.30,-57.55,-45.79,-59.08,2026-06-05 08:06:04+00:00
2026-06-05T08:07:04+00:00,-53.33,-63.86,-64.98,-60.28,-65.37,-47.50,-49.09,-67.91,-52.60,-45.65,-58.15,-67.43,-57.95,-59.47,-57.67,-45.59,-59.30,2026-06-05 08:07:04+00:00
2026-06-05T08:08:03+00:00,-53.15,-64.44,-64.87,-60.21,-65.74,-47.27,-49.71,-67.94,-52.43,-45.65,-58.13,-67.08,-58.11,-59.63,-57.62,-45.51,-59.41,2026-06-05 08:08:03+00:00
2026-06-05T08:09:03+00:00,-54.02,-64.33,-65.12,-60.01,-66.57,-47.31,-49.23,-67.71,-52.31,-45.76,-58.31,-67.57,-57.95,-59.99,-57.57,-45.20,-58.76,2026-06-05 08:09:03+00:00
2026-06-05T08:10:03+00:00,-52.73,-64.80,-65.15,-60.41,-65.86,-47.56,-49.17,-68.13,-52.39,-45.67,-58.21,-68.64,-58.02,-60.18,-57.87,-45.01,-54.54,2026-06-05 08:10:03+00:00
2026-06-05T08:11:04+00:00,-53.48,-64.51,-69.32,-60.41,-66.24,-47.64,-49.43,-68.15,-56.96,-45.78,-58.20,-68.25,-57.78,-60.10,-57.70,-45.08,-58.62,2026-06-05 08:11:04+00:00
2026-06-05T08:12:04+00:00,-51.57,-64.82,-69.26,-60.44,-66.31,-47.52,-49.17,-67.87,-57.04,-45.64,-57.89,-68.27,-60.77,-60.53,-57.47,-45.27,-58.71,2026-06-05 08:12:04+00:00
2026-06-05T08:13:04+00:00,-51.93,-63.00,-69.57,-60.30,-66.19,-47.67,-49.76,-67.66,-57.13,-45.74,-58.24,-68.71,-67.25,-60.27,-57.92,-45.48,-59.11,2026-06-05 08:13:04+00:00
2026-06-05T08:14:04+00:00,-52.80,-64.99,-69.43,-60.57,-65.73,-47.52,-49.80,-68.39,-57.40,-45.57,-58.19,-68.99,-67.92,-60.85,-57.62,-45.73,-59.31,2026-06-05 08:14:04+00:00
2026-06-05T08:15:04+00:00,-54.00,-64.74,-68.81,-60.25,-65.72,-47.46,-49.46,-67.49,-51.29,-45.59,-58.28,-68.45,-68.14,-61.48,-57.90,-45.85,-59.47,2026-06-05 08:15:04+00:00
2026-06-05T08:16:03+00:00,-53.29,-64.54,-67.29,-60.47,-65.58,-47.64,-49.31,-67.73,-49.43,-45.54,-58.78,-66.70,-66.49,-61.76,-57.60,-46.27,-59.62,2026-06-05 08:16:03+00:00
2026-06-05T08:17:04+00:00,-53.91,-65.08,-67.18,-60.15,-66.03,-47.69,-49.48,-67.50,-49.36,-45.46,-58.69,-66.21,-58.04,-62.02,-57.38,-46.76,-59.30,2026-06-05 08:17:04+00:00
2026-06-05T08:18:04+00:00,-53.34,-64.58,-67.02,-60.40,-66.20,-47.67,-49.24,-67.24,-47.46,-45.65,-58.70,-65.98,-67.57,-62.54,-57.68,-46.73,-59.55,2026-06-05 08:18:04+00:00
2026-06-05T08:19:04+00:00,-53.02,-64.04,-64.43,-60.31,-66.39,-47.72,-49.28,-68.03,-47.93,-45.55,-58.66,-67.72,-67.72,-63.00,-57.29,-47.02,-59.75,2026-06-05 08:19:04+00:00
2026-06-05T08:20:04+00:00,-53.65,-64.47,-62.57,-60.23,-66.21,-47.84,-49.44,-67.35,-46.99,-45.51,-58.57,-67.23,-66.85,-63.30,-57.31,-46.99,-59.48,2026-06-05 08:20:04+00:00
2026-06-05T08:21:03+00:00,-52.78,-64.56,-62.47,-60.51,-65.74,-47.72,-49.63,-67.63,-46.81,-45.70,-58.74,-67.78,-66.59,-63.34,-57.17,-47.01,-59.41,2026-06-05 08:21:03+00:00
2026-06-05T08:22:03+00:00,-54.09,-63.82,-61.83,-60.29,-66.10,-51.50,-49.61,-67.93,-46.49,-45.69,-58.67,-68.09,-66.61,-63.52,-57.77,-47.08,-59.82,2026-06-05 08:22:03+00:00
2026-06-05T08:23:04+00:00,-54.05,-64.51,-62.62,-60.28,-65.79,-51.36,-49.75,-67.80,-46.84,-45.57,-58.41,-68.56,-67.36,-64.02,-57.65,-46.81,-59.65,2026-06-05 08:23:04+00:00
2026-06-05T08:24:04+00:00,-53.76,-64.63,-63.10,-60.25,-66.39,-51.56,-49.60,-67.97,-46.99,-45.72,-58.12,-68.53,-67.31,-63.58,-57.36,-46.75,-59.99,2026-06-05 08:24:04+00:00
2026-06-05T08:25:03+00:00,-54.37,-63.68,-63.40,-60.11,-67.00,-51.37,-49.89,-68.10,-47.07,-45.87,-56.16,-68.70,-59.16,-64.26,-57.32,-46.76,-59.74,2026-06-05 08:25:03+00:00
2026-06-05T08:26:03+00:00,-54.43,-64.57,-63.68,-60.30,-66.30,-51.62,-49.75,-68.28,-47.22,-45.84,-58.23,-68.55,-57.67,-64.25,-57.27,-46.77,-60.11,2026-06-05 08:26:03+00:00
2026-06-05T08:27:04+00:00,-53.58,-64.14,-63.70,-60.12,-66.06,-51.31,-49.43,-68.08,-47.32,-46.11,-57.91,-68.73,-57.65,-64.35,-57.40,-46.90,-59.91,2026-06-05 08:27:04+00:00
2026-06-05T08:28:04+00:00,-53.34,-64.64,-64.03,-59.84,-65.91,-51.27,-49.36,-67.76,-47.40,-46.22,-57.84,-68.73,-57.62,-64.70,-57.46,-47.21,-59.98,2026-06-05 08:28:04+00:00
2026-06-05T08:29:04+00:00,-54.06,-64.06,-64.32,-60.02,-66.03,-51.36,-49.63,-68.19,-47.51,-46.15,-58.19,-68.83,-57.66,-64.54,-57.57,-47.56,-60.31,2026-06-05 08:29:04+00:00
2026-06-05T08:30:04+00:00,-53.55,-64.74,-64.55,-60.00,-66.28,-51.41,-49.15,-67.91,-49.32,-46.23,-57.97,-68.92,-57.69,-64.55,-57.90,-47.38,-60.28,2026-06-05 08:30:04+00:00
2026-06-05T08:31:03+00:00,-53.14,-64.27,-64.37,-59.96,-66.00,-51.45,-49.59,-68.45,-49.30,-46.19,-58.05,-68.64,-57.67,-64.83,-57.27,-47.76,-59.40,2026-06-05 08:31:03+00:00
2026-06-05T08:32:04+00:00,-53.99,-63.84,-64.67,-60.14,-66.46,-51.38,-49.46,-68.96,-49.50,-46.17,-58.09,-68.78,-57.57,-64.55,-57.62,-48.01,-58.65,2026-06-05 08:32:04+00:00
2026-06-05T08:33:04+00:00,-53.37,-63.71,-64.70,-59.80,-65.78,-51.50,-49.78,-67.86,-53.60,-46.10,-58.09,-68.66,-57.71,-63.99,-58.13,-48.06,-56.52,2026-06-05 08:33:04+00:00
2026-06-05T08:34:04+00:00,-53.35,-64.79,-64.65,-60.06,-65.55,-51.46,-49.32,-68.19,-53.73,-46.20,-58.23,-68.73,-57.50,-64.24,-57.47,-48.20,-59.42,2026-06-05 08:34:04+00:00
2026-06-05T08:35:03+00:00,-50.86,-64.29,-64.79,-59.82,-65.97,-51.52,-49.34,-68.68,-53.25,-45.98,-58.37,-68.48,-57.56,-63.69,-57.41,-48.53,-59.13,2026-06-05 08:35:03+00:00
2026-06-05T08:36:04+00:00,-49.60,-64.22,-64.92,-60.26,-66.32,-51.44,-49.44,-68.34,-52.98,-45.89,-58.25,-68.54,-57.48,-63.83,-57.43,-48.47,-59.94,2026-06-05 08:36:04+00:00
2026-06-05T08:37:04+00:00,-49.87,-64.80,-64.83,-60.11,-66.28,-51.57,-49.13,-68.30,-52.93,-46.00,-58.41,-68.79,-57.44,-62.71,-57.47,-48.76,-59.86,2026-06-05 08:37:04+00:00
2026-06-05T08:38:04+00:00,-49.29,-64.59,-64.92,-59.97,-65.97,-51.44,-49.56,-68.21,-52.92,-45.90,-58.28,-68.81,-57.55,-62.49,-57.36,-48.74,-59.90,2026-06-05 08:38:04+00:00
2026-06-05T08:39:03+00:00,-50.45,-64.63,-64.93,-60.32,-65.60,-51.48,-49.52,-68.52,-52.88,-45.78,-58.25,-69.30,-57.52,-62.49,-58.05,-48.72,-57.62,2026-06-05 08:39:03+00:00
2026-06-05T08:40:03+00:00,-50.48,-64.69,-64.78,-59.94,-65.51,-51.55,-49.24,-67.99,-52.82,-46.09,-58.46,-69.01,-57.53,-61.81,-57.53,-49.03,-57.87,2026-06-05 08:40:03+00:00
2026-06-05T08:41:04+00:00,-50.39,-64.62,-64.89,-60.07,-65.35,-51.56,-49.20,-68.24,-52.90,-46.01,-58.34,-68.93,-57.59,-61.56,-57.91,-49.08,-58.23,2026-06-05 08:41:04+00:00
2026-06-05T08:42:04+00:00,-49.50,-64.79,-65.01,-60.29,-65.58,-50.62,-49.11,-68.02,-52.89,-45.89,-58.15,-68.16,-57.56,-61.18,-57.67,-49.14,-59.95,2026-06-05 08:42:04+00:00
2026-06-05T08:43:04+00:00,-50.00,-64.55,-64.92,-59.77,-66.11,-50.55,-49.17,-68.09,-52.61,-46.12,-58.30,-68.65,-57.39,-60.65,-57.57,-49.22,-60.08,2026-06-05 08:43:04+00:00
2026-06-05T08:44:03+00:00,-50.37,-64.51,-64.66,-59.87,-65.93,-47.29,-49.33,-68.34,-52.57,-46.16,-58.23,-68.16,-57.51,-60.40,-58.29,-49.21,-60.13,2026-06-05 08:44:03+00:00
2026-06-05T08:45:04+00:00,-50.06,-65.01,-64.69,-59.91,-65.85,-47.38,-49.23,-67.86,-52.68,-46.24,-58.00,-68.23,-57.47,-59.91,-58.37,-48.84,-59.96,2026-06-05 08:45:04+00:00
2026-06-05T08:46:04+00:00,-49.79,-63.96,-64.64,-60.28,-66.27,-47.58,-49.30,-68.13,-52.78,-46.18,-58.07,-68.39,-57.46,-59.44,-57.67,-48.98,-59.79,2026-06-05 08:46:04+00:00
2026-06-05T08:47:04+00:00,-50.09,-63.74,-64.70,-60.13,-66.73,-47.62,-49.44,-67.74,-52.74,-46.23,-58.17,-68.29,-57.55,-59.13,-58.35,-49.02,-59.84,2026-06-05 08:47:04+00:00
2026-06-05T08:48:03+00:00,-50.08,-63.48,-64.60,-59.94,-66.30,-47.68,-49.36,-67.63,-52.42,-46.25,-58.07,-68.54,-57.60,-59.50,-58.02,-48.81,-60.21,2026-06-05 08:48:03+00:00
2026-06-05T08:49:03+00:00,-49.39,-60.96,-64.74,-59.69,-66.91,-47.61,-49.38,-66.95,-52.33,-46.38,-58.36,-68.79,-57.71,-59.13,-58.64,-48.66,-58.16,2026-06-05 08:49:03+00:00
2026-06-05T08:50:04+00:00,-52.63,-65.16,-64.37,-59.61,-65.18,-47.77,-49.13,-67.65,-52.02,-46.38,-58.20,-68.46,-57.63,-59.24,-58.19,-48.52,-60.19,2026-06-05 08:50:04+00:00
2026-06-05T08:51:04+00:00,-53.37,-65.46,-64.68,-59.32,-66.73,-47.64,-48.67,-67.74,-52.13,-46.43,-58.19,-68.24,-57.76,-59.24,-58.48,-48.74,-60.38,2026-06-05 08:51:04+00:00
2026-06-05T08:52:04+00:00,-52.56,-64.48,-64.92,-59.53,-66.31,-47.88,-48.95,-68.12,-52.03,-46.36,-58.27,-68.44,-57.93,-59.30,-58.13,-48.66,-60.45,2026-06-05 08:52:04+00:00
2026-06-05T08:53:03+00:00,-53.41,-65.96,-64.33,-59.29,-66.36,-47.87,-48.67,-67.86,-51.93,-46.27,-58.26,-67.32,-57.77,-58.94,-57.13,-48.96,-60.60,2026-06-05 08:53:03+00:00
2026-06-05T08:54:03+00:00,-53.67,-63.98,-64.58,-59.45,-66.40,-47.85,-48.78,-67.43,-51.90,-46.23,-58.22,-67.85,-57.71,-58.74,-57.70,-49.29,-60.53,2026-06-05 08:54:03+00:00
2026-06-05T08:55:04+00:00,-53.48,-64.70,-64.23,-59.15,-66.30,-47.89,-49.16,-66.96,-51.86,-46.21,-58.02,-67.18,-57.61,-58.46,-57.21,-49.22,-60.40,2026-06-05 08:55:04+00:00
2026-06-05T08:56:04+00:00,-53.31,-65.24,-64.40,-59.86,-66.50,-47.82,-48.60,-67.78,-51.88,-46.12,-58.00,-67.63,-57.69,-58.27,-57.13,-49.71,-60.61,2026-06-05 08:56:04+00:00
2026-06-05T08:57:04+00:00,-53.30,-64.27,-64.41,-59.08,-66.35,-47.84,-48.90,-67.28,-51.94,-46.17,-57.84,-67.80,-57.47,-57.87,-57.73,-49.59,-60.33,2026-06-05 08:57:04+00:00
2026-06-05T08:58:04+00:00,-52.62,-63.62,-64.29,-58.51,-66.22,-47.65,-49.00,-67.48,-52.05,-45.96,-57.94,-67.39,-57.52,-57.20,-57.48,-49.79,-60.30,2026-06-05 08:58:04+00:00
2026-06-05T08:59:04+00:00,-53.47,-63.84,-64.40,-59.04,-66.43,-47.87,-48.67,-67.10,-51.95,-46.18,-58.10,-67.28,-57.57,-56.90,-57.18,-49.94,-60.27,2026-06-05 08:59:04+00:00
2026-06-05T09:00:04+00:00,-52.73,-63.50,-64.24,-59.42,-65.81,-47.57,-48.26,-67.49,-49.27,-46.14,-55.08,-67.22,-57.75,-56.79,-57.23,-49.94,-60.02,2026-06-05 09:00:04+00:00
2026-06-05T09:01:04+00:00,-52.71,-62.31,-64.20,-59.29,-65.79,-47.82,-48.68,-66.26,-49.42,-46.19,-57.97,-66.92,-57.75,-56.41,-56.91,-49.97,-60.03,2026-06-05 09:01:04+00:00
2026-06-05T09:02:04+00:00,-52.40,-59.77,-64.33,-58.85,-65.73,-47.97,-48.78,-66.15,-49.48,-46.18,-56.26,-66.96,-57.67,-56.48,-57.10,-49.70,-60.24,2026-06-05 09:02:04+00:00
2026-06-05T09:03:04+00:00,-51.78,-61.96,-64.38,-58.52,-65.97,-47.85,-48.48,-66.41,-47.41,-46.16,-57.97,-67.11,-57.63,-56.61,-56.98,-50.38,-60.03,2026-06-05 09:03:04+00:00
2026-06-05T09:04:03+00:00,-52.40,-62.20,-64.32,-59.02,-66.26,-47.96,-48.40,-67.34,-47.49,-46.40,-58.05,-67.54,-57.49,-56.12,-56.43,-49.95,-60.42,2026-06-05 09:04:03+00:00
2026-06-05T09:05:03+00:00,-52.73,-62.43,-64.16,-59.56,-66.01,-47.83,-48.47,-66.85,-47.81,-46.43,-57.96,-67.00,-57.73,-56.23,-57.18,-49.86,-60.21,2026-06-05 09:05:03+00:00
2026-06-05T09:06:03+00:00,-53.21,-63.20,-64.47,-59.45,-65.87,-47.83,-48.81,-67.12,-47.75,-46.33,-57.64,-66.95,-57.42,-56.03,-57.39,-49.94,-60.00,2026-06-05 09:06:03+00:00
2026-06-05T09:07:03+00:00,-52.98,-62.66,-64.46,-59.31,-65.64,-47.93,-48.48,-66.32,-47.73,-46.32,-57.61,-66.95,-57.66,-56.18,-57.47,-49.74,-60.07,2026-06-05 09:07:03+00:00
2026-06-05T09:08:04+00:00,-53.18,-63.01,-64.50,-59.24,-66.54,-47.80,-49.01,-67.36,-47.69,-46.37,-57.75,-66.67,-57.59,-55.92,-57.22,-50.01,-60.36,2026-06-05 09:08:04+00:00
2026-06-05T09:09:04+00:00,-52.50,-63.40,-64.30,-59.29,-65.62,-47.75,-48.62,-67.60,-47.81,-46.26,-57.59,-67.09,-57.55,-55.95,-57.96,-50.28,-60.60,2026-06-05 09:09:04+00:00
2026-06-05T09:10:03+00:00,-53.33,-63.12,-64.53,-59.34,-66.28,-47.98,-48.91,-67.32,-47.81,-46.34,-57.36,-66.78,-57.44,-55.80,-57.63,-51.00,-60.60,2026-06-05 09:10:03+00:00
2026-06-05T09:11:03+00:00,-53.75,-62.03,-64.29,-58.73,-65.62,-47.93,-49.01,-66.99,-47.84,-46.25,-57.43,-66.56,-57.50,-55.71,-57.67,-51.38,-60.95,2026-06-05 09:11:03+00:00
2026-06-05T09:12:04+00:00,-52.77,-61.12,-64.24,-59.16,-65.64,-47.97,-49.22,-66.94,-47.75,-46.74,-57.64,-66.45,-57.54,-55.67,-57.41,-51.63,-60.40,2026-06-05 09:12:04+00:00
2026-06-05T09:13:04+00:00,-52.10,-61.99,-63.87,-58.93,-65.72,-48.15,-48.69,-66.40,-47.79,-46.48,-57.61,-66.60,-57.67,-55.50,-57.77,-52.23,-60.10,2026-06-05 09:13:04+00:00
2026-06-05T09:14:04+00:00,-52.49,-62.59,-64.11,-58.70,-66.28,-47.78,-49.30,-66.79,-47.78,-46.23,-57.43,-66.62,-57.62,-55.32,-57.65,-52.31,-60.82,2026-06-05 09:14:04+00:00
2026-06-05T09:15:04+00:00,-54.55,-63.25,-64.43,-58.75,-65.58,-47.82,-48.80,-67.34,-49.72,-47.68,-57.40,-67.08,-57.57,-55.35,-57.68,-52.45,-60.35,2026-06-05 09:15:04+00:00
2026-06-05T09:16:04+00:00,-53.61,-61.78,-64.13,-58.84,-65.13,-47.73,-49.10,-66.95,-49.66,-46.36,-57.51,-66.71,-57.46,-54.99,-58.60,-52.63,-59.29,2026-06-05 09:16:04+00:00
2026-06-05T09:17:04+00:00,-54.31,-63.40,-64.83,-58.65,-66.27,-47.98,-48.94,-66.71,-49.71,-46.30,-57.98,-68.35,-57.47,-54.76,-58.13,-52.26,-58.48,2026-06-05 09:17:04+00:00
2026-06-05T09:18:04+00:00,-52.61,-61.70,-64.05,-58.75,-66.16,-48.25,-48.92,-66.98,-53.44,-46.31,-57.83,-67.17,-57.61,-54.73,-57.80,-51.80,-60.55,2026-06-05 09:18:04+00:00
2026-06-05T09:19:03+00:00,-52.63,-61.59,-64.46,-58.77,-66.33,-48.06,-48.98,-65.91,-53.64,-46.89,-57.96,-67.67,-57.42,-54.63,-57.43,-51.87,-61.05,2026-06-05 09:19:03+00:00
2026-06-05T09:20:03+00:00,-48.72,-62.39,-64.27,-58.69,-65.84,-48.03,-48.67,-66.33,-52.85,-46.81,-57.91,-67.45,-57.62,-54.68,-57.55,-51.46,-58.73,2026-06-05 09:20:03+00:00
2026-06-05T09:21:04+00:00,-48.82,-61.91,-64.27,-59.00,-66.75,-48.09,-49.09,-66.64,-52.86,-46.86,-57.91,-67.07,-57.61,-54.51,-57.52,-51.23,-60.39,2026-06-05 09:21:04+00:00
2026-06-05T09:22:04+00:00,-48.35,-60.80,-63.42,-59.09,-65.62,-47.73,-48.77,-66.16,-52.73,-46.66,-57.86,-65.84,-57.57,-54.38,-58.42,-50.97,-57.52,2026-06-05 09:22:04+00:00
2026-06-05T09:23:04+00:00,-49.23,-59.82,-64.38,-58.91,-66.14,-47.94,-48.41,-67.39,-52.80,-46.63,-58.13,-67.70,-57.60,-54.85,-58.65,-51.04,-59.99,2026-06-05 09:23:04+00:00
2026-06-05T09:24:03+00:00,-48.76,-61.13,-64.55,-59.21,-67.04,-48.04,-48.70,-66.92,-52.77,-46.54,-58.21,-67.83,-57.56,-54.60,-58.10,-50.65,-60.28,2026-06-05 09:24:03+00:00
2026-06-05T09:25:03+00:00,-48.87,-59.98,-64.40,-59.39,-66.05,-47.96,-48.83,-66.95,-52.71,-46.69,-57.98,-67.71,-57.64,-54.57,-58.08,-50.54,-59.78,2026-06-05 09:25:03+00:00
2026-06-05T09:26:04+00:00,-48.91,-61.04,-64.32,-58.69,-66.02,-47.88,-48.56,-67.16,-52.68,-46.57,-58.08,-67.25,-57.71,-54.76,-58.31,-50.48,-59.16,2026-06-05 09:26:04+00:00
2026-06-05T09:27:03+00:00,-49.01,-60.39,-64.19,-58.92,-65.97,-48.01,-48.68,-67.43,-52.73,-46.49,-58.16,-67.73,-57.76,-54.57,-58.09,-50.54,-60.17,2026-06-05 09:27:03+00:00
2026-06-05T09:28:03+00:00,-49.12,-60.40,-64.82,-58.67,-64.84,-51.76,-49.11,-66.99,-52.74,-46.36,-58.03,-67.67,-57.61,-54.65,-58.28,-50.28,-60.35,2026-06-05 09:28:03+00:00
2026-06-05T09:29:04+00:00,-49.13,-61.36,-64.74,-58.34,-65.90,-51.67,-48.55,-67.61,-52.82,-46.23,-58.23,-67.41,-57.62,-54.77,-58.31,-50.63,-60.44,2026-06-05 09:29:04+00:00
2026-06-05T09:30:04+00:00,-48.97,-60.96,-65.07,-58.61,-66.80,-51.81,-48.57,-67.25,-52.85,-46.26,-57.93,-68.19,-57.67,-54.64,-58.50,-50.46,-60.53,2026-06-05 09:30:04+00:00
2026-06-05T09:31:04+00:00,-49.17,-60.76,-65.27,-58.76,-66.26,-51.74,-48.72,-67.52,-53.02,-46.30,-43.17,-68.71,-57.73,-54.90,-58.95,-50.57,-55.77,2026-06-05 09:31:04+00:00
2026-06-05T09:32:04+00:00,-49.65,-60.95,-64.73,-58.85,-65.70,-51.77,-48.65,-67.54,-52.69,-46.24,-57.87,-67.56,-57.57,-54.86,-58.63,-50.60,-60.57,2026-06-05 09:32:04+00:00
2026-06-05T09:33:03+00:00,-49.50,-60.94,-64.46,-58.98,-65.99,-51.80,-48.90,-67.16,-52.64,-46.29,-55.03,-67.14,-57.79,-54.90,-59.08,-50.75,-60.18,2026-06-05 09:33:03+00:00
2026-06-05T09:34:03+00:00,-49.71,-61.61,-64.45,-58.77,-66.13,-51.72,-49.26,-67.13,-52.69,-46.23,-57.75,-67.16,-57.67,-54.71,-58.46,-50.90,-60.30,2026-06-05 09:34:03+00:00
2026-06-05T09:35:04+00:00,-52.10,-61.67,-64.37,-58.82,-66.38,-51.82,-49.16,-66.96,-51.89,-46.27,-56.93,-66.81,-57.53,-54.52,-58.86,-50.82,-60.36,2026-06-05 09:35:04+00:00
2026-06-05T09:36:04+00:00,-51.88,-60.50,-64.78,-59.32,-66.73,-51.59,-49.11,-67.42,-51.77,-46.55,-57.73,-68.12,-57.73,-54.69,-58.16,-50.88,-57.78,2026-06-05 09:36:04+00:00
2026-06-05T09:37:03+00:00,-51.38,-60.55,-65.03,-58.97,-66.09,-51.68,-49.01,-67.83,-51.72,-47.02,-57.77,-68.46,-57.58,-54.56,-58.03,-51.31,-60.07,2026-06-05 09:37:03+00:00
2026-06-05T09:38:03+00:00,-51.77,-60.52,-61.12,-56.97,-63.60,-51.47,-48.43,-63.16,-51.64,-47.42,-56.32,-62.70,-54.55,-53.77,-57.86,-51.12,-56.74,2026-06-05 09:38:03+00:00
2026-06-05T09:39:04+00:00,-52.11,-61.32,-64.71,-58.75,-65.66,-51.49,-48.96,-67.28,-51.60,-46.90,-57.29,-67.76,-54.33,-54.31,-58.50,-51.25,-59.72,2026-06-05 09:39:04+00:00
2026-06-05T09:40:04+00:00,-51.70,-59.11,-64.87,-58.53,-65.34,-51.33,-48.58,-64.52,-51.59,-46.52,-54.25,-67.43,-55.39,-53.97,-59.22,-51.15,-59.98,2026-06-05 09:40:04+00:00
2026-06-05T09:41:04+00:00,-51.96,-60.73,-64.03,-59.35,-64.91,-51.31,-48.73,-64.37,-51.75,-46.60,-55.04,-65.52,-57.45,-53.84,-58.90,-50.93,-56.44,2026-06-05 09:41:04+00:00
2026-06-05T09:42:03+00:00,-50.90,-60.37,-63.88,-59.23,-65.54,-51.39,-48.68,-63.90,-51.57,-46.55,-51.31,-64.35,-56.91,-53.69,-58.99,-50.72,-51.62,2026-06-05 09:42:03+00:00
2026-06-05T09:43:03+00:00,-51.30,-57.36,-63.97,-59.07,-65.94,-51.12,-48.18,-62.23,-51.72,-46.68,-57.04,-65.47,-57.12,-53.51,-59.05,-51.41,-54.17,2026-06-05 09:43:03+00:00
2026-06-05T09:44:04+00:00,-51.40,-59.65,-65.09,-58.74,-66.57,-51.04,-48.33,-62.90,-51.68,-46.60,-55.67,-68.15,-56.94,-53.28,-59.03,-50.78,-54.01,2026-06-05 09:44:04+00:00
2026-06-05T09:45:04+00:00,-51.20,-58.90,-65.25,-59.16,-65.05,-51.26,-48.60,-62.78,-49.15,-46.47,-55.64,-68.43,-56.89,-53.09,-58.74,-50.70,-52.33,2026-06-05 09:45:04+00:00
2026-06-05T09:46:04+00:00,-51.46,-60.38,-65.26,-58.86,-66.79,-51.24,-48.72,-62.38,-49.09,-46.43,-54.82,-68.70,-57.13,-52.86,-58.57,-50.92,-52.35,2026-06-05 09:46:04+00:00
2026-06-05T09:47:03+00:00,-51.46,-61.31,-65.20,-59.29,-66.06,-51.47,-48.97,-62.24,-48.66,-46.47,-54.71,-68.64,-57.00,-52.95,-58.86,-51.33,-52.34,2026-06-05 09:47:03+00:00
2026-06-05T09:48:03+00:00,-51.85,-62.26,-65.21,-58.97,-66.71,-50.77,-48.60,-62.78,-47.28,-46.43,-54.27,-68.46,-57.05,-52.86,-59.22,-51.09,-52.37,2026-06-05 09:48:03+00:00
2026-06-05T09:49:03+00:00,-51.81,-62.71,-65.09,-58.88,-66.76,-50.85,-48.97,-62.99,-47.30,-46.26,-53.89,-68.30,-56.98,-52.66,-58.87,-51.28,-52.42,2026-06-05 09:49:03+00:00
2026-06-05T09:50:04+00:00,-51.11,-60.35,-64.82,-58.94,-66.76,-47.53,-49.24,-63.12,-47.71,-46.07,-52.53,-67.39,-56.97,-52.87,-59.01,-51.45,-53.91,2026-06-05 09:50:04+00:00
2026-06-05T09:51:03+00:00,-51.32,-61.10,-64.54,-59.32,-65.19,-47.97,-49.12,-64.45,-47.79,-45.96,-52.84,-67.37,-57.04,-52.44,-58.96,-51.51,-52.28,2026-06-05 09:51:03+00:00
2026-06-05T09:52:03+00:00,-52.33,-63.01,-64.85,-59.37,-66.19,-48.04,-49.35,-64.84,-47.79,-46.05,-55.13,-68.32,-56.89,-52.50,-59.24,-51.38,-54.19,2026-06-05 09:52:03+00:00
2026-06-05T09:53:04+00:00,-52.33,-60.74,-64.69,-59.17,-65.22,-48.20,-49.44,-64.96,-47.79,-46.22,-55.48,-67.73,-56.98,-52.34,-59.36,-50.99,-52.50,2026-06-05 09:53:04+00:00
2026-06-05T09:54:05+00:00,-52.20,-61.28,-64.98,-59.46,-66.22,-47.12,-49.41,-65.09,-47.78,-46.27,-55.84,-68.11,-56.79,-52.47,-59.50,-50.96,-52.54,2026-06-05 09:54:05+00:00
2026-06-05T09:55:04+00:00,-52.38,-61.88,-64.96,-59.93,-66.09,-47.67,-49.31,-64.66,-47.75,-46.06,-55.90,-68.01,-56.83,-52.35,-58.43,-50.55,-52.46,2026-06-05 09:55:04+00:00
2026-06-05T09:56:04+00:00,-52.12,-61.74,-64.81,-59.37,-65.61,-47.44,-49.63,-65.50,-47.77,-46.13,-55.59,-68.16,-56.74,-52.34,-57.76,-50.70,-52.45,2026-06-05 09:56:04+00:00
2026-06-05T09:57:04+00:00,-52.44,-61.33,-65.06,-59.76,-66.05,-47.33,-49.64,-65.89,-47.74,-46.03,-55.49,-68.60,-56.66,-52.60,-60.06,-50.37,-59.64,2026-06-05 09:57:04+00:00
2026-06-05T09:58:04+00:00,-51.29,-60.05,-65.01,-59.48,-66.02,-47.30,-49.43,-65.13,-47.73,-45.96,-55.48,-68.33,-56.80,-52.68,-59.77,-50.68,-59.32,2026-06-05 09:58:04+00:00
2026-06-05T09:59:03+00:00,-52.07,-63.43,-64.88,-60.14,-66.29,-47.28,-49.50,-65.87,-48.57,-45.95,-55.43,-68.69,-56.83,-52.78,-59.67,-50.75,-58.97,2026-06-05 09:59:03+00:00
2026-06-05T10:00:03+00:00,-52.35,-62.87,-65.11,-60.16,-65.78,-47.36,-49.64,-65.90,-49.85,-45.94,-55.51,-68.17,-56.66,-52.78,-59.81,-50.79,-58.83,2026-06-05 10:00:03+00:00
2026-06-05T10:01:03+00:00,-51.93,-63.08,-64.83,-60.47,-66.94,-47.29,-49.39,-65.84,-49.87,-45.93,-55.34,-68.50,-56.69,-52.65,-59.96,-50.62,-59.40,2026-06-05 10:01:03+00:00
2026-06-05T10:02:04+00:00,-51.94,-61.92,-64.97,-60.20,-66.08,-47.26,-49.63,-65.89,-52.02,-45.78,-55.33,-68.67,-56.87,-53.12,-59.82,-50.80,-55.39,2026-06-05 10:02:04+00:00
2026-06-05T10:03:04+00:00,-52.43,-62.69,-65.17,-59.48,-66.29,-47.18,-49.50,-65.75,-53.50,-45.76,-55.30,-68.35,-56.62,-53.03,-59.34,-50.31,-60.05,2026-06-05 10:03:04+00:00
2026-06-05T10:04:03+00:00,-52.60,-62.68,-64.73,-59.85,-66.23,-47.16,-49.97,-65.90,-53.61,-46.01,-53.50,-68.63,-56.64,-53.23,-59.46,-50.36,-59.72,2026-06-05 10:04:03+00:00
2026-06-05T10:05:03+00:00,-49.55,-63.17,-64.93,-60.18,-65.57,-47.36,-49.24,-65.88,-53.01,-45.90,-55.24,-68.21,-56.74,-53.48,-59.83,-50.35,-58.04,2026-06-05 10:05:03+00:00
2026-06-05T10:06:04+00:00,-49.19,-63.12,-64.69,-60.02,-66.42,-47.18,-49.72,-65.74,-52.86,-45.91,-55.19,-68.72,-56.73,-53.24,-59.93,-49.98,-60.17,2026-06-05 10:06:04+00:00
2026-06-05T10:07:04+00:00,-49.46,-61.69,-64.77,-60.36,-66.51,-47.30,-49.26,-66.07,-52.84,-45.92,-55.41,-67.65,-56.70,-53.30,-59.92,-49.96,-59.16,2026-06-05 10:07:04+00:00
2026-06-05T10:08:04+00:00,-49.32,-62.28,-64.61,-59.86,-66.18,-47.47,-49.53,-65.33,-52.85,-45.79,-55.24,-68.52,-56.67,-53.42,-59.86,-49.42,-59.75,2026-06-05 10:08:04+00:00
2026-06-05T10:09:04+00:00,-49.15,-62.81,-64.72,-59.86,-66.51,-47.28,-49.54,-65.87,-52.85,-45.87,-55.39,-68.60,-56.77,-53.35,-59.93,-49.23,-59.47,2026-06-05 10:09:04+00:00
2026-06-05T10:10:04+00:00,-48.77,-62.56,-64.74,-60.16,-65.99,-47.26,-49.70,-65.54,-52.91,-45.80,-55.39,-68.45,-56.72,-53.39,-59.94,-49.08,-59.70,2026-06-05 10:10:04+00:00
2026-06-05T10:11:04+00:00,-48.94,-61.92,-64.88,-59.89,-65.83,-47.48,-49.12,-65.33,-52.91,-45.76,-54.86,-68.50,-56.84,-53.34,-59.68,-48.75,-58.98,2026-06-05 10:11:04+00:00
2026-06-05T10:12:04+00:00,-49.07,-61.11,-64.82,-60.45,-66.80,-47.49,-49.49,-65.57,-52.93,-45.79,-55.36,-68.53,-56.94,-53.04,-59.30,-48.97,-60.30,2026-06-05 10:12:04+00:00
2026-06-05T10:13:05+00:00,-48.91,-60.24,-64.61,-60.34,-66.86,-47.77,-49.43,-65.70,-52.77,-45.80,-53.06,-68.66,-56.88,-53.19,-59.87,-48.88,-60.26,2026-06-05 10:13:05+00:00
2026-06-05T10:14:03+00:00,-49.18,-60.62,-64.64,-59.96,-65.97,-47.39,-49.52,-65.23,-52.85,-45.69,-55.08,-68.61,-56.91,-53.17,-59.44,-48.92,-60.15,2026-06-05 10:14:03+00:00
2026-06-05T10:15:03+00:00,-49.70,-62.15,-64.56,-60.44,-66.24,-47.59,-49.62,-66.09,-52.87,-45.70,-55.12,-68.61,-57.01,-53.10,-59.44,-48.70,-60.46,2026-06-05 10:15:03+00:00
2026-06-05T10:16:03+00:00,-49.01,-61.50,-64.68,-59.82,-65.91,-47.73,-49.52,-66.11,-52.82,-45.73,-55.05,-68.43,-56.89,-53.25,-59.29,-48.87,-59.63,2026-06-05 10:16:03+00:00
2026-06-05T10:17:04+00:00,-49.23,-59.77,-64.42,-60.02,-65.78,-47.85,-49.33,-65.82,-52.60,-45.76,-53.06,-67.74,-56.76,-53.40,-59.65,-48.99,-57.83,2026-06-05 10:17:04+00:00
2026-06-05T10:18:04+00:00,-49.61,-62.35,-64.76,-60.45,-65.78,-47.71,-48.98,-66.06,-52.67,-45.95,-54.90,-68.55,-57.06,-53.29,-59.69,-49.04,-59.72,2026-06-05 10:18:04+00:00
2026-06-05T10:19:04+00:00,-49.21,-61.81,-64.70,-60.44,-65.88,-47.58,-49.22,-65.73,-52.56,-45.89,-54.94,-68.43,-56.90,-53.34,-57.84,-49.07,-59.27,2026-06-05 10:19:04+00:00
2026-06-05T10:20:04+00:00,-51.84,-61.92,-64.77,-60.28,-66.35,-47.69,-49.08,-66.47,-51.79,-45.85,-55.16,-68.53,-56.97,-53.61,-59.24,-49.10,-59.63,2026-06-05 10:20:04+00:00
2026-06-05T10:21:03+00:00,-52.00,-61.07,-64.65,-60.21,-66.11,-47.70,-49.11,-66.98,-51.90,-45.73,-54.95,-68.38,-57.07,-53.74,-59.69,-49.25,-59.90,2026-06-05 10:21:03+00:00
2026-06-05T10:22:03+00:00,-52.54,-61.53,-65.11,-60.07,-66.24,-47.66,-49.05,-66.92,-51.89,-45.68,-54.86,-68.61,-56.98,-53.95,-59.35,-49.13,-59.46,2026-06-05 10:22:03+00:00
2026-06-05T10:23:05+00:00,-52.16,-62.00,-64.64,-60.57,-66.12,-47.59,-49.10,-66.84,-51.74,-45.71,-54.83,-68.39,-57.07,-54.24,-59.94,-49.36,-60.32,2026-06-05 10:23:05+00:00
2026-06-05T10:24:04+00:00,-53.24,-61.49,-64.79,-60.20,-66.59,-47.69,-49.29,-67.05,-51.74,-45.72,-54.87,-68.41,-57.04,-54.18,-59.45,-49.29,-59.55,2026-06-05 10:24:04+00:00
2026-06-05T10:25:03+00:00,-52.32,-61.18,-64.81,-59.81,-65.66,-47.96,-49.26,-67.44,-51.74,-45.89,-55.25,-68.24,-56.95,-54.55,-59.54,-49.35,-60.22,2026-06-05 10:25:03+00:00
2026-06-05T10:26:03+00:00,-52.68,-61.26,-64.69,-60.17,-66.67,-47.73,-49.34,-67.08,-51.72,-45.83,-54.77,-68.09,-57.10,-54.50,-59.88,-49.33,-60.08,2026-06-05 10:26:03+00:00
2026-06-05T10:27:04+00:00,-52.75,-61.89,-64.83,-60.02,-66.63,-47.73,-49.39,-67.31,-51.78,-46.03,-55.05,-68.51,-57.11,-54.71,-59.19,-49.12,-60.34,2026-06-05 10:27:04+00:00
2026-06-05T10:28:04+00:00,-52.11,-61.84,-64.87,-60.20,-65.94,-47.41,-49.43,-66.94,-51.82,-46.10,-54.83,-68.50,-57.06,-54.70,-59.37,-49.47,-60.39,2026-06-05 10:28:04+00:00
2026-06-05T10:29:04+00:00,-49.55,-61.52,-64.72,-60.54,-66.09,-47.22,-49.43,-66.67,-49.14,-46.17,-55.13,-68.16,-57.02,-54.81,-59.58,-49.55,-60.02,2026-06-05 10:29:04+00:00
2026-06-05T10:30:03+00:00,-49.38,-61.25,-65.03,-60.45,-66.59,-47.33,-49.62,-67.10,-49.20,-46.36,-54.89,-68.55,-57.24,-54.49,-59.37,-49.42,-59.93,2026-06-05 10:30:03+00:00
2026-06-05T10:31:04+00:00,-48.85,-61.35,-65.01,-60.61,-65.58,-47.25,-49.76,-66.44,-49.25,-50.38,-55.02,-68.10,-57.23,-54.48,-59.53,-49.61,-60.41,2026-06-05 10:31:04+00:00
2026-06-05T10:32:04+00:00,-49.15,-61.54,-64.75,-59.90,-64.96,-47.11,-49.53,-66.64,-47.38,-46.11,-55.01,-68.39,-57.24,-54.50,-59.75,-49.61,-60.45,2026-06-05 10:32:04+00:00
2026-06-05T10:33:04+00:00,-49.36,-61.18,-64.98,-60.12,-66.68,-47.67,-49.26,-66.46,-47.38,-46.31,-54.80,-68.31,-57.16,-54.29,-59.62,-49.48,-59.95,2026-06-05 10:33:04+00:00
2026-06-05T10:34:03+00:00,-50.08,-61.05,-65.37,-60.31,-65.03,-51.59,-49.87,-66.41,-47.40,-46.24,-55.48,-68.84,-56.14,-53.99,-59.85,-49.72,-60.12,2026-06-05 10:34:03+00:00
2026-06-05T10:35:04+00:00,-49.84,-62.57,-64.81,-60.33,-65.91,-51.54,-49.71,-65.66,-47.79,-46.03,-55.37,-68.24,-57.04,-53.86,-59.86,-49.77,-59.80,2026-06-05 10:35:04+00:00
2026-06-05T10:36:03+00:00,-49.82,-62.60,-64.51,-59.46,-65.95,-51.25,-49.15,-64.55,-47.86,-46.06,-54.50,-68.48,-57.06,-53.90,-57.97,-49.99,-59.41,2026-06-05 10:36:03+00:00
2026-06-05T10:37:04+00:00,-49.67,-62.81,-60.41,-60.19,-66.60,-51.10,-49.39,-60.54,-47.84,-46.20,-54.56,-67.98,-56.94,-53.74,-59.76,-49.75,-59.88,2026-06-05 10:37:04+00:00
2026-06-05T10:38:04+00:00,-49.95,-63.91,-60.70,-59.94,-65.95,-51.33,-49.43,-60.72,-47.86,-46.12,-55.33,-68.14,-57.10,-53.82,-59.69,-49.95,-59.71,2026-06-05 10:38:04+00:00
2026-06-05T10:39:03+00:00,-52.33,-64.28,-60.25,-60.15,-66.62,-51.09,-49.40,-61.15,-47.83,-46.03,-55.31,-68.37,-56.93,-53.73,-59.52,-50.29,-59.28,2026-06-05 10:39:03+00:00
2026-06-05T10:40:03+00:00,-52.94,-61.25,-64.37,-60.19,-65.71,-51.10,-49.51,-65.97,-47.83,-46.10,-53.70,-68.79,-56.77,-53.62,-59.60,-50.49,-58.96,2026-06-05 10:40:03+00:00
2026-06-05T10:41:04+00:00,-51.54,-62.61,-64.56,-60.25,-66.65,-51.25,-49.86,-65.52,-47.88,-46.67,-53.81,-68.64,-56.64,-53.62,-59.54,-50.75,-58.83,2026-06-05 10:41:04+00:00
2026-06-05T10:42:04+00:00,-53.36,-61.69,-64.56,-60.32,-66.27,-51.02,-49.69,-65.08,-47.86,-46.49,-54.51,-69.00,-56.73,-53.84,-59.15,-50.87,-58.83,2026-06-05 10:42:04+00:00
2026-06-05T10:43:03+00:00,-53.54,-60.69,-63.85,-58.25,-65.52,-51.25,-48.86,-61.91,-48.01,-46.32,-54.95,-68.24,-56.98,-53.77,-59.77,-50.87,-58.66,2026-06-05 10:43:03+00:00
2026-06-05T10:44:03+00:00,-53.36,-59.99,-63.85,-60.20,-66.68,-51.31,-48.90,-56.83,-49.79,-45.96,-55.00,-65.76,-56.86,-53.87,-59.71,-50.53,-59.23,2026-06-05 10:44:03+00:00
2026-06-05T10:45:03+00:00,-53.45,-59.58,-63.54,-60.19,-65.21,-51.33,-49.08,-55.83,-49.72,-45.67,-54.69,-66.38,-56.83,-54.17,-59.64,-50.84,-58.93,2026-06-05 10:45:03+00:00
2026-06-05T10:46:04+00:00,-54.29,-60.36,-64.01,-59.92,-66.37,-51.44,-49.07,-55.72,-49.76,-45.24,-54.87,-66.38,-56.95,-54.33,-59.42,-50.75,-58.82,2026-06-05 10:46:04+00:00
2026-06-05T10:47:05+00:00,-51.41,-62.46,-62.83,-60.35,-66.36,-51.31,-49.41,-58.83,-53.66,-45.65,-55.04,-68.22,-56.95,-54.74,-58.76,-50.66,-58.96,2026-06-05 10:47:05+00:00
2026-06-05T10:48:04+00:00,-52.57,-60.67,-61.19,-60.48,-65.72,-51.36,-49.26,-59.78,-53.79,-46.03,-56.18,-68.09,-56.89,-54.75,-59.63,-50.42,-59.32,2026-06-05 10:48:04+00:00
2026-06-05T10:49:03+00:00,-53.70,-59.94,-64.20,-60.61,-66.61,-51.35,-49.37,-65.35,-53.77,-46.07,-56.25,-68.59,-56.95,-54.91,-59.44,-50.05,-59.94,2026-06-05 10:49:03+00:00
2026-06-05T10:50:03+00:00,-50.16,-61.59,-64.12,-60.10,-66.49,-51.47,-49.61,-65.97,-53.04,-46.23,-56.40,-68.86,-56.90,-55.09,-60.24,-49.94,-57.46,2026-06-05 10:50:03+00:00
2026-06-05T10:51:03+00:00,-49.32,-61.87,-64.06,-60.16,-67.53,-51.42,-49.55,-66.20,-52.91,-46.14,-56.22,-67.60,-57.11,-55.25,-59.51,-49.77,-60.22,2026-06-05 10:51:03+00:00
2026-06-05T10:52:04+00:00,-49.54,-60.51,-64.99,-60.49,-66.50,-51.31,-49.25,-66.61,-52.86,-46.17,-56.32,-68.54,-56.99,-55.35,-59.35,-49.48,-60.24,2026-06-05 10:52:04+00:00
2026-06-05T10:53:04+00:00,-49.69,-62.83,-64.49,-60.18,-66.02,-50.11,-49.09,-66.56,-52.81,-45.90,-56.42,-69.02,-56.85,-55.42,-59.26,-49.20,-61.02,2026-06-05 10:53:04+00:00
2026-06-05T10:54:04+00:00,-49.66,-60.38,-61.03,-58.21,-65.96,-50.40,-48.85,-56.35,-52.72,-45.78,-56.33,-67.82,-56.84,-55.16,-58.98,-49.06,-60.03,2026-06-05 10:54:04+00:00
2026-06-05T10:55:04+00:00,-50.30,-60.26,-62.74,-55.68,-66.18,-49.79,-48.64,-51.56,-52.73,-45.80,-56.14,-67.79,-56.96,-54.72,-59.50,-49.09,-59.87,2026-06-05 10:55:04+00:00
2026-06-05T10:56:03+00:00,-50.13,-60.91,-62.98,-58.44,-65.42,-46.78,-48.37,-55.88,-52.74,-45.93,-54.27,-67.72,-57.06,-54.45,-59.24,-48.64,-59.54,2026-06-05 10:56:03+00:00
2026-06-05T10:57:03+00:00,-49.97,-61.08,-63.77,-59.35,-65.88,-46.86,-49.10,-65.38,-52.62,-45.87,-54.21,-67.60,-57.08,-55.59,-54.84,-48.88,-59.34,2026-06-05 10:57:03+00:00
2026-06-05T10:58:03+00:00,-50.08,-61.31,-64.49,-58.75,-65.49,-47.06,-48.99,-65.30,-52.44,-45.94,-54.90,-67.10,-57.02,-55.96,-54.23,-48.46,-59.36,2026-06-05 10:58:03+00:00
2026-06-05T10:59:03+00:00,-50.11,-59.99,-64.49,-59.33,-66.19,-46.88,-49.50,-66.14,-52.62,-45.89,-55.78,-68.65,-57.04,-55.99,-59.32,-48.51,-59.15,2026-06-05 10:59:03+00:00
2026-06-05T11:00:04+00:00,-50.41,-60.42,-64.32,-59.85,-66.18,-46.92,-49.31,-65.83,-52.85,-45.86,-54.58,-65.20,-57.11,-56.05,-59.52,-48.36,-59.54,2026-06-05 11:00:04+00:00
2026-06-05T11:01:04+00:00,-50.12,-59.25,-64.24,-56.59,-66.32,-47.10,-48.95,-52.15,-53.12,-45.67,-56.13,-64.25,-57.06,-55.53,-59.73,-48.64,-59.79,2026-06-05 11:01:04+00:00
2026-06-05T11:02:04+00:00,-50.29,-61.93,-64.20,-52.23,-65.54,-47.14,-49.01,-51.08,-52.84,-45.80,-56.16,-67.42,-57.06,-55.25,-59.82,-48.38,-58.05,2026-06-05 11:02:04+00:00
2026-06-05T11:03:04+00:00,-50.07,-58.40,-64.18,-59.40,-65.39,-47.00,-49.61,-65.83,-52.64,-45.77,-56.08,-66.69,-56.59,-55.70,-59.69,-48.37,-60.05,2026-06-05 11:03:04+00:00
2026-06-05T11:04:03+00:00,-50.20,-59.02,-64.22,-58.90,-65.35,-47.00,-49.89,-65.76,-52.18,-45.72,-56.07,-65.35,-56.35,-55.45,-59.67,-48.63,-59.51,2026-06-05 11:04:03+00:00
2026-06-05T11:05:03+00:00,-54.00,-61.80,-63.92,-59.57,-66.78,-46.81,-48.93,-60.29,-52.01,-45.93,-56.04,-66.81,-57.13,-55.32,-58.97,-48.53,-59.29,2026-06-05 11:05:03+00:00
2026-06-05T11:06:04+00:00,-54.07,-63.50,-64.43,-59.90,-65.90,-46.90,-49.27,-64.69,-52.04,-45.97,-56.07,-67.54,-56.96,-55.18,-58.45,-48.52,-56.90,2026-06-05 11:06:04+00:00
2026-06-05T11:07:04+00:00,-53.17,-61.86,-64.03,-59.07,-65.22,-46.79,-48.88,-65.63,-51.86,-46.00,-54.74,-68.40,-57.03,-54.79,-59.29,-48.70,-59.58,2026-06-05 11:07:04+00:00
2026-06-05T11:08:03+00:00,-53.37,-62.32,-64.40,-60.26,-66.05,-46.79,-48.79,-58.31,-52.02,-45.86,-55.88,-64.91,-56.98,-54.69,-59.45,-48.71,-59.24,2026-06-05 11:08:03+00:00
2026-06-05T11:09:03+00:00,-53.05,-62.28,-64.29,-59.96,-66.07,-46.60,-48.94,-52.42,-51.88,-45.69,-55.93,-67.66,-57.06,-54.44,-60.02,-48.76,-59.08,2026-06-05 11:09:03+00:00
2026-06-05T11:10:04+00:00,-52.79,-59.08,-64.72,-60.50,-65.89,-46.72,-49.35,-67.02,-51.94,-45.79,-54.10,-68.66,-57.12,-54.04,-59.87,-49.07,-60.07,2026-06-05 11:10:04+00:00
2026-06-05T11:11:04+00:00,-54.62,-61.71,-64.60,-60.41,-65.75,-46.64,-49.81,-67.46,-51.88,-45.94,-55.85,-68.20,-57.25,-53.87,-59.23,-49.12,-59.86,2026-06-05 11:11:04+00:00
2026-06-05T11:12:04+00:00,-55.30,-61.40,-64.48,-60.34,-66.66,-46.89,-49.23,-67.57,-51.89,-46.06,-55.98,-68.30,-57.21,-53.59,-60.17,-49.31,-60.21,2026-06-05 11:12:04+00:00
2026-06-05T11:13:03+00:00,-54.03,-62.18,-64.48,-60.39,-65.76,-46.81,-49.52,-66.72,-51.98,-56.79,-55.82,-67.84,-57.19,-53.49,-59.53,-49.32,-59.12,2026-06-05 11:13:03+00:00
2026-06-05T11:14:03+00:00,-53.56,-62.54,-64.38,-60.39,-66.11,-46.75,-49.64,-66.91,-49.31,-62.68,-56.02,-68.34,-57.21,-53.36,-59.49,-49.68,-60.04,2026-06-05 11:14:03+00:00
2026-06-05T11:15:04+00:00,-50.14,-62.06,-60.89,-59.28,-66.26,-46.75,-49.21,-55.90,-49.39,-61.20,-55.77,-67.17,-56.90,-53.04,-59.73,-49.75,-58.84,2026-06-05 11:15:04+00:00
2026-06-05T11:16:04+00:00,-49.72,-62.78,-61.48,-60.19,-65.50,-46.41,-49.30,-59.27,-49.44,-45.92,-55.66,-66.32,-57.09,-52.71,-59.25,-49.45,-58.60,2026-06-05 11:16:04+00:00
2026-06-05T11:17:04+00:00,-50.10,-60.70,-63.61,-59.56,-64.96,-46.68,-48.84,-60.53,-47.61,-45.76,-55.53,-65.90,-57.15,-52.47,-59.68,-49.54,-58.31,2026-06-05 11:17:04+00:00
2026-06-05T11:18:03+00:00,-48.53,-63.89,-64.59,-60.11,-66.28,-46.51,-49.41,-66.20,-47.64,-45.88,-54.58,-66.82,-57.21,-52.53,-54.31,-49.84,-54.66,2026-06-05 11:18:03+00:00
2026-06-05T11:19:03+00:00,-49.40,-64.74,-64.09,-60.23,-66.47,-46.64,-49.11,-66.40,-47.93,-45.85,-54.42,-67.52,-57.20,-52.59,-54.06,-49.45,-54.50,2026-06-05 11:19:03+00:00
2026-06-05T11:20:04+00:00,-49.69,-65.06,-64.26,-59.91,-65.64,-46.58,-49.39,-66.26,-48.15,-45.72,-55.27,-67.78,-57.16,-52.33,-59.99,-49.80,-54.43,2026-06-05 11:20:04+00:00
2026-06-05T11:21:04+00:00,-50.51,-65.38,-64.35,-60.03,-66.13,-46.47,-49.23,-66.56,-48.11,-45.54,-55.05,-66.97,-57.31,-52.30,-59.76,-49.99,-54.70,2026-06-05 11:21:04+00:00
2026-06-05T11:22:04+00:00,-50.34,-65.10,-64.53,-60.08,-65.21,-46.51,-49.02,-65.56,-48.08,-45.60,-55.72,-68.42,-57.15,-52.38,-59.82,-50.22,-54.80,2026-06-05 11:22:04+00:00
2026-06-05T11:23:03+00:00,-50.31,-65.32,-63.70,-59.32,-67.17,-46.59,-48.70,-64.06,-48.09,-45.82,-55.44,-67.07,-57.21,-52.08,-59.61,-49.84,-54.68,2026-06-05 11:23:03+00:00
2026-06-05T11:24:03+00:00,-50.82,-64.21,-64.34,-60.08,-66.47,-46.51,-48.87,-59.47,-48.09,-46.83,-54.52,-66.03,-57.18,-52.10,-59.65,-50.49,-54.68,2026-06-05 11:24:03+00:00
2026-06-05T11:25:04+00:00,-50.02,-64.90,-63.87,-59.81,-65.79,-46.68,-49.43,-64.78,-48.09,-47.19,-55.60,-67.18,-57.03,-52.08,-59.34,-50.59,-54.56,2026-06-05 11:25:04+00:00
2026-06-05T11:26:04+00:00,-50.24,-63.57,-55.42,-59.59,-65.86,-46.58,-48.60,-64.20,-48.07,-47.06,-55.45,-66.60,-57.02,-51.90,-60.01,-50.37,-53.76,2026-06-05 11:26:04+00:00
2026-06-05T11:27:04+00:00,-49.75,-61.31,-53.56,-58.13,-66.53,-46.75,-48.55,-63.91,-48.08,-47.04,-55.64,-64.23,-57.04,-51.64,-59.73,-50.49,-54.68,2026-06-05 11:27:04+00:00
2026-06-05T11:28:03+00:00,-48.60,-61.96,-64.83,-58.95,-65.66,-46.89,-49.23,-66.22,-48.06,-47.01,-55.92,-68.06,-57.31,-52.12,-59.34,-50.66,-54.85,2026-06-05 11:28:03+00:00
2026-06-05T11:29:03+00:00,-49.91,-61.80,-65.06,-59.54,-66.26,-46.95,-48.85,-66.96,-49.94,-46.97,-42.16,-68.52,-57.17,-52.02,-59.82,-50.93,-52.95,2026-06-05 11:29:03+00:00
2026-06-05T11:30:04+00:00,-49.46,-61.39,-64.64,-59.87,-65.67,-46.98,-49.21,-66.22,-49.88,-46.86,-47.33,-68.57,-57.40,-52.03,-60.22,-51.25,-52.28,2026-06-05 11:30:04+00:00
2026-06-05T11:31:04+00:00,-50.29,-62.12,-64.91,-60.23,-66.21,-46.94,-49.38,-66.74,-49.91,-46.99,-55.50,-68.15,-57.42,-52.32,-59.57,-51.09,-55.04,2026-06-05 11:31:04+00:00
2026-06-05T11:32:03+00:00,-50.90,-61.85,-65.00,-60.25,-65.64,-46.67,-48.81,-66.47,-53.60,-47.01,-55.62,-68.57,-57.25,-52.35,-59.44,-51.45,-54.08,2026-06-05 11:32:03+00:00
2026-06-05T11:33:04+00:00,-49.58,-59.31,-60.62,-59.56,-65.69,-46.98,-49.25,-60.09,-53.64,-46.91,-55.55,-67.67,-57.08,-52.65,-59.59,-51.55,-54.70,2026-06-05 11:33:04+00:00
2026-06-05T11:34:04+00:00,-49.65,-59.95,-64.04,-57.64,-65.62,-46.64,-48.81,-54.35,-53.33,-46.89,-55.44,-67.73,-57.31,-51.92,-59.22,-51.93,-53.90,2026-06-05 11:34:04+00:00
2026-06-05T11:35:04+00:00,-48.31,-59.03,-64.37,-57.45,-65.45,-46.74,-48.67,-52.96,-52.84,-46.90,-55.49,-67.97,-57.12,-51.87,-59.29,-52.25,-53.84,2026-06-05 11:35:04+00:00
2026-06-05T11:36:04+00:00,-48.40,-60.92,-64.93,-60.25,-66.11,-46.62,-49.18,-65.08,-52.81,-47.10,-54.52,-68.26,-57.20,-53.00,-54.65,-52.01,-55.02,2026-06-05 11:36:04+00:00
2026-06-05T11:37:04+00:00,-48.61,-60.51,-64.81,-60.37,-65.52,-46.51,-49.12,-65.53,-52.72,-46.82,-53.61,-67.75,-57.30,-53.01,-55.28,-52.15,-54.85,2026-06-05 11:37:04+00:00
2026-06-05T11:38:04+00:00,-48.79,-60.48,-64.97,-59.99,-66.36,-46.75,-48.85,-65.71,-52.89,-46.83,-55.16,-68.33,-57.09,-52.92,-59.89,-52.64,-54.69,2026-06-05 11:38:04+00:00
2026-06-05T11:39:03+00:00,-48.87,-61.06,-65.07,-60.21,-66.45,-49.75,-49.22,-66.05,-52.90,-46.74,-54.47,-68.90,-56.72,-52.96,-59.87,-52.78,-54.68,2026-06-05 11:39:03+00:00
2026-06-05T11:40:03+00:00,-48.73,-60.76,-64.40,-57.36,-65.92,-51.31,-48.92,-54.09,-52.91,-46.75,-55.49,-68.65,-57.20,-52.04,-59.14,-53.15,-54.67,2026-06-05 11:40:03+00:00
2026-06-05T11:41:04+00:00,-48.80,-61.51,-61.80,-60.27,-66.00,-51.25,-48.98,-59.80,-52.86,-46.57,-55.69,-68.40,-57.26,-53.00,-59.09,-53.04,-54.78,2026-06-05 11:41:04+00:00
2026-06-05T11:42:04+00:00,-48.40,-59.70,-52.92,-59.57,-66.23,-51.34,-48.79,-64.09,-52.82,-46.83,-55.61,-63.44,-57.01,-52.74,-59.75,-53.60,-54.81,2026-06-05 11:42:04+00:00
2026-06-05T11:43:03+00:00,-48.32,-59.16,-53.28,-59.50,-66.15,-51.19,-48.66,-64.23,-52.78,-46.96,-55.61,-63.51,-57.12,-53.00,-59.74,-53.49,-54.37,2026-06-05 11:43:03+00:00
2026-06-05T11:44:03+00:00,-48.20,-58.67,-52.98,-59.65,-66.30,-51.42,-48.52,-64.28,-52.86,-46.81,-55.56,-63.66,-56.97,-52.88,-59.80,-53.57,-54.23,2026-06-05 11:44:03+00:00
2026-06-05T11:45:04+00:00,-48.32,-58.77,-53.52,-59.75,-65.86,-51.48,-48.67,-64.62,-52.97,-46.93,-55.64,-62.32,-57.16,-53.02,-59.87,-53.74,-55.04,2026-06-05 11:45:04+00:00
2026-06-05T11:46:04+00:00,-48.38,-59.89,-53.00,-59.92,-65.67,-51.37,-48.61,-64.86,-52.89,-46.78,-55.65,-62.52,-57.05,-53.01,-59.82,-53.94,-54.90,2026-06-05 11:46:04+00:00
2026-06-05T11:47:04+00:00,-48.12,-58.32,-52.83,-59.86,-66.41,-51.50,-48.87,-64.37,-52.88,-46.90,-55.27,-63.32,-57.10,-52.81,-59.85,-54.13,-54.81,2026-06-05 11:47:04+00:00
2026-06-05T11:48:03+00:00,-48.14,-59.50,-52.79,-59.35,-65.79,-51.23,-48.56,-64.23,-52.79,-47.06,-55.41,-63.43,-57.16,-52.70,-59.86,-54.12,-53.95,2026-06-05 11:48:03+00:00
2026-06-05T11:49:03+00:00,-47.70,-59.52,-57.82,-60.34,-66.32,-51.41,-48.80,-62.72,-51.61,-47.00,-55.50,-67.29,-57.43,-52.99,-59.95,-54.88,-54.17,2026-06-05 11:49:03+00:00
2026-06-05T11:50:04+00:00,-49.50,-58.83,-59.49,-60.41,-66.36,-51.42,-48.93,-60.65,-51.96,-47.10,-55.42,-67.72,-57.41,-52.75,-59.88,-54.90,-53.84,2026-06-05 11:50:04+00:00
2026-06-05T11:51:04+00:00,-49.73,-59.01,-60.71,-60.36,-66.42,-51.29,-48.89,-59.78,-51.88,-47.01,-55.25,-67.14,-57.39,-53.04,-60.09,-54.83,-54.05,2026-06-05 11:51:04+00:00
2026-06-05T11:52:04+00:00,-50.30,-60.96,-65.09,-60.18,-66.12,-51.48,-49.32,-65.84,-51.95,-47.08,-55.42,-68.52,-57.40,-53.02,-59.55,-55.14,-54.12,2026-06-05 11:52:04+00:00
2026-06-05T11:53:03+00:00,-50.62,-62.02,-65.05,-60.57,-66.50,-51.42,-49.18,-67.06,-51.96,-46.87,-55.36,-68.59,-57.53,-52.99,-59.54,-54.81,-54.41,2026-06-05 11:53:03+00:00
2026-06-05T11:54:03+00:00,-50.72,-61.73,-65.18,-60.58,-66.08,-51.38,-49.48,-66.72,-51.96,-47.01,-55.34,-68.60,-57.44,-52.72,-59.35,-55.15,-55.14,2026-06-05 11:54:03+00:00
2026-06-05T11:55:04+00:00,-50.89,-61.53,-64.97,-60.34,-65.90,-51.51,-49.34,-66.74,-52.01,-47.05,-55.04,-68.68,-57.35,-52.49,-59.91,-54.93,-54.86,2026-06-05 11:55:04+00:00
2026-06-05T11:56:04+00:00,-51.14,-61.34,-65.10,-60.52,-66.42,-51.58,-49.13,-66.42,-51.99,-47.13,-55.27,-68.88,-57.63,-52.60,-59.40,-55.77,-54.09,2026-06-05 11:56:04+00:00
2026-06-05T11:57:04+00:00,-50.65,-61.28,-64.96,-59.73,-66.74,-51.53,-49.10,-66.97,-51.79,-46.99,-55.28,-68.53,-57.39,-52.76,-59.52,-55.51,-55.03,2026-06-05 11:57:04+00:00
2026-06-05T11:58:03+00:00,-51.25,-58.85,-64.49,-58.31,-66.51,-51.48,-48.55,-50.59,-51.89,-46.92,-55.13,-67.95,-57.07,-52.54,-60.27,-55.70,-54.61,2026-06-05 11:58:03+00:00
2026-06-05T11:59:03+00:00,-52.28,-58.65,-59.36,-60.00,-66.58,-50.07,-48.89,-61.39,-49.26,-47.22,-55.25,-68.07,-57.33,-52.86,-60.20,-56.28,-54.68,2026-06-05 11:59:03+00:00
2026-06-05T12:00:04+00:00,-51.96,-58.54,-63.70,-58.86,-66.63,-50.04,-48.78,-55.79,-49.28,-47.02,-55.20,-67.55,-57.30,-52.42,-59.69,-55.87,-54.73,2026-06-05 12:00:04+00:00
2026-06-05T12:01:04+00:00,-52.16,-60.23,-64.98,-59.97,-66.17,-46.11,-49.06,-65.82,-49.17,-47.06,-53.97,-67.86,-57.43,-53.33,-54.30,-55.63,-53.93,2026-06-05 12:01:04+00:00
2026-06-05T12:02:04+00:00,-52.74,-59.77,-64.88,-59.92,-66.09,-45.62,-49.42,-65.66,-47.29,-47.19,-54.67,-67.91,-57.39,-53.37,-59.30,-56.08,-53.94,2026-06-05 12:02:04+00:00
2026-06-05T12:03:04+00:00,-52.19,-58.60,-64.54,-59.95,-66.29,-45.45,-49.00,-65.55,-47.22,-47.19,-54.78,-67.99,-57.37,-53.68,-59.96,-56.28,-54.38,2026-06-05 12:03:04+00:00
2026-06-05T12:04:03+00:00,-53.18,-60.13,-64.21,-59.73,-65.81,-45.26,-49.02,-64.86,-47.65,-47.17,-55.26,-67.59,-57.38,-53.32,-59.06,-56.72,-54.44,2026-06-05 12:04:03+00:00
2026-06-05T12:05:03+00:00,-53.09,-58.47,-60.61,-60.16,-65.45,-45.34,-49.05,-60.66,-47.71,-47.43,-55.25,-67.71,-57.51,-53.53,-59.56,-56.70,-54.72,2026-06-05 12:05:03+00:00
2026-06-05T12:06:03+00:00,-53.48,-59.03,-53.85,-59.88,-66.22,-45.43,-48.68,-63.85,-47.81,-47.44,-55.14,-64.93,-57.43,-53.16,-59.87,-56.98,-54.65,2026-06-05 12:06:03+00:00
2026-06-05T12:07:04+00:00,-52.75,-59.49,-52.54,-56.52,-66.64,-45.50,-48.74,-64.70,-47.77,-47.34,-55.33,-61.35,-57.21,-53.54,-58.55,-57.36,-54.84,2026-06-05 12:07:04+00:00
2026-06-05T12:08:04+00:00,-53.73,-61.13,-53.26,-56.81,-66.23,-45.65,-49.05,-64.43,-47.92,-47.42,-55.22,-61.72,-57.15,-53.48,-58.54,-57.26,-54.97,2026-06-05 12:08:04+00:00
2026-06-05T12:09:04+00:00,-53.61,-63.99,-52.44,-57.43,-65.75,-45.56,-49.00,-64.77,-47.78,-47.30,-54.99,-61.13,-57.18,-53.46,-58.83,-57.08,-54.34,2026-06-05 12:09:04+00:00
2026-06-05T12:10:03+00:00,-52.80,-59.25,-52.47,-57.06,-66.86,-45.57,-48.78,-64.57,-47.85,-47.52,-55.09,-61.23,-57.24,-53.22,-58.88,-57.34,-54.31,2026-06-05 12:10:03+00:00
2026-06-05T12:11:03+00:00,-53.46,-57.69,-53.07,-56.40,-65.30,-45.53,-48.88,-64.63,-47.78,-47.38,-55.17,-61.83,-57.19,-53.34,-58.77,-56.81,-54.14,2026-06-05 12:11:03+00:00
2026-06-05T12:12:04+00:00,-52.01,-59.11,-52.37,-56.83,-66.10,-45.74,-48.94,-64.00,-47.81,-47.29,-55.11,-61.50,-57.09,-53.55,-58.37,-56.43,-53.90,2026-06-05 12:12:04+00:00
2026-06-05T12:13:04+00:00,-53.68,-61.37,-64.32,-60.15,-66.56,-45.72,-49.75,-66.06,-47.79,-47.27,-55.09,-67.78,-57.39,-53.53,-59.75,-56.09,-54.43,2026-06-05 12:13:04+00:00
2026-06-05T12:14:04+00:00,-52.74,-60.86,-64.62,-60.64,-66.91,-45.67,-49.32,-65.55,-49.64,-47.40,-55.30,-68.08,-57.47,-53.89,-59.43,-56.03,-54.76,2026-06-05 12:14:04+00:00
2026-06-05T12:15:03+00:00,-51.73,-60.16,-64.94,-60.52,-66.06,-45.60,-49.22,-66.77,-49.69,-47.38,-55.19,-68.41,-57.55,-54.10,-59.19,-56.63,-54.10,2026-06-05 12:15:03+00:00
2026-06-05T12:16:04+00:00,-52.50,-60.90,-65.04,-60.48,-66.52,-45.82,-49.11,-66.46,-49.69,-47.38,-55.36,-68.25,-57.69,-54.26,-60.06,-56.21,-54.89,2026-06-05 12:16:04+00:00
2026-06-05T12:17:04+00:00,-52.89,-62.35,-64.56,-60.74,-66.05,-45.97,-49.28,-66.64,-53.65,-47.25,-55.36,-68.26,-57.47,-54.65,-59.86,-56.22,-55.06,2026-06-05 12:17:04+00:00
2026-06-05T12:18:04+00:00,-52.96,-61.75,-64.70,-60.30,-67.03,-45.96,-49.04,-66.71,-53.64,-47.42,-55.25,-68.42,-57.41,-54.76,-59.89,-55.34,-55.05,2026-06-05 12:18:04+00:00
2026-06-05T12:19:03+00:00,-52.67,-58.84,-63.51,-59.18,-65.41,-46.08,-48.37,-54.65,-53.73,-47.36,-55.34,-68.18,-57.27,-53.41,-59.27,-55.52,-54.39,2026-06-05 12:19:03+00:00
2026-06-05T12:20:03+00:00,-49.99,-58.77,-59.56,-60.32,-66.02,-45.75,-48.81,-61.06,-53.34,-47.33,-55.34,-67.75,-57.55,-55.06,-59.53,-55.12,-54.40,2026-06-05 12:20:03+00:00
2026-06-05T12:21:04+00:00,-48.65,-59.74,-59.91,-60.07,-66.21,-46.01,-48.78,-61.31,-53.02,-47.53,-55.21,-67.99,-57.40,-55.13,-59.71,-54.72,-54.34,2026-06-05 12:21:04+00:00
2026-06-05T12:22:04+00:00,-48.89,-58.85,-64.73,-59.88,-66.62,-46.15,-48.61,-65.04,-52.75,-47.50,-54.28,-67.86,-57.38,-55.34,-55.87,-54.31,-54.47,2026-06-05 12:22:04+00:00
2026-06-05T12:23:04+00:00,-49.44,-58.60,-64.59,-60.31,-66.74,-45.91,-48.99,-64.81,-52.81,-47.47,-52.46,-67.93,-57.91,-55.76,-55.83,-54.05,-54.36,2026-06-05 12:23:04+00:00
2026-06-05T12:24:03+00:00,-50.03,-58.61,-63.97,-59.84,-66.13,-45.90,-49.33,-64.98,-51.83,-47.37,-54.97,-68.29,-57.77,-55.88,-59.86,-54.18,-55.10,2026-06-05 12:24:03+00:00
2026-06-05T12:25:03+00:00,-49.89,-62.59,-64.35,-59.60,-65.84,-45.94,-49.00,-65.85,-52.76,-47.39,-55.16,-68.14,-57.76,-56.24,-59.85,-53.82,-53.76,2026-06-05 12:25:03+00:00
2026-06-05T12:26:04+00:00,-50.03,-59.58,-63.85,-55.33,-66.57,-46.04,-48.79,-53.71,-52.86,-47.40,-55.19,-68.10,-57.71,-54.42,-59.59,-53.51,-54.53,2026-06-05 12:26:04+00:00
2026-06-05T12:27:04+00:00,-49.73,-57.65,-64.03,-57.53,-66.06,-46.08,-48.84,-54.17,-52.82,-47.44,-54.98,-67.68,-57.58,-53.80,-59.73,-53.34,-54.57,2026-06-05 12:27:04+00:00
2026-06-05T12:28:04+00:00,-49.63,-58.20,-63.57,-58.27,-65.35,-46.14,-48.52,-54.48,-52.67,-47.48,-55.31,-67.09,-57.78,-53.83,-59.26,-52.82,-54.48,2026-06-05 12:28:04+00:00
2026-06-05T12:29:03+00:00,-49.43,-58.72,-63.62,-59.15,-65.60,-46.12,-48.74,-55.56,-52.61,-47.54,-55.53,-68.08,-57.71,-55.23,-59.52,-52.41,-54.36,2026-06-05 12:29:03+00:00
2026-06-05T12:30:03+00:00,-50.00,-58.67,-63.25,-59.04,-66.53,-46.14,-48.42,-55.51,-52.69,-47.62,-55.22,-68.05,-57.87,-55.42,-59.40,-51.85,-54.48,2026-06-05 12:30:03+00:00
2026-06-05T12:31:03+00:00,-49.94,-57.03,-63.04,-58.52,-66.21,-46.17,-48.63,-57.07,-52.67,-47.65,-55.23,-66.89,-57.76,-56.48,-59.09,-52.30,-54.50,2026-06-05 12:31:03+00:00
2026-06-05T12:32:04+00:00,-49.99,-58.20,-63.32,-59.77,-65.71,-46.28,-48.31,-58.06,-52.87,-47.73,-55.28,-66.94,-57.74,-57.18,-59.09,-51.56,-54.54,2026-06-05 12:32:04+00:00
2026-06-05T12:33:03+00:00,-49.72,-57.65,-62.35,-60.07,-65.79,-46.20,-48.35,-58.99,-52.66,-47.72,-55.40,-67.25,-57.89,-57.64,-58.54,-51.54,-54.38,2026-06-05 12:33:03+00:00
2026-06-05T12:34:03+00:00,-49.78,-56.83,-62.25,-60.11,-66.28,-46.10,-48.42,-59.08,-51.48,-47.77,-55.11,-67.41,-57.85,-57.60,-58.70,-51.37,-54.48,2026-06-05 12:34:03+00:00
2026-06-05T12:35:04+00:00,-51.97,-57.76,-61.66,-60.31,-65.85,-46.20,-48.21,-59.92,-51.75,-47.88,-55.35,-67.44,-57.80,-58.01,-58.17,-51.37,-54.74,2026-06-05 12:35:04+00:00
2026-06-05T12:36:03+00:00,-51.46,-57.88,-61.50,-60.32,-65.92,-46.33,-48.73,-60.08,-51.61,-48.04,-55.11,-67.71,-57.86,-58.23,-59.40,-51.30,-54.59,2026-06-05 12:36:03+00:00
2026-06-05T12:37:03+00:00,-52.51,-57.70,-61.48,-60.41,-65.69,-46.07,-48.86,-60.02,-51.73,-48.06,-55.09,-67.60,-57.74,-58.21,-59.18,-51.13,-54.54,2026-06-05 12:37:03+00:00
2026-06-05T12:38:04+00:00,-52.88,-59.47,-63.43,-60.38,-66.99,-46.36,-49.36,-64.40,-51.58,-48.02,-55.19,-68.32,-57.81,-59.08,-59.58,-51.31,-54.85,2026-06-05 12:38:04+00:00
2026-06-05T12:39:04+00:00,-52.94,-60.17,-64.25,-60.50,-66.22,-46.22,-49.02,-67.25,-51.72,-48.03,-55.08,-68.56,-57.76,-59.22,-59.58,-51.25,-55.17,2026-06-05 12:39:04+00:00
2026-06-05T12:40:04+00:00,-52.90,-59.76,-64.33,-60.51,-66.25,-46.16,-49.19,-66.37,-51.61,-48.15,-55.27,-68.57,-57.79,-59.23,-59.50,-50.83,-54.88,2026-06-05 12:40:04+00:00
2026-06-05T12:41:03+00:00,-53.15,-60.02,-64.36,-60.51,-67.10,-46.24,-49.51,-65.48,-51.72,-48.20,-55.11,-68.07,-57.83,-59.16,-59.26,-50.84,-54.91,2026-06-05 12:41:03+00:00
2026-06-05T12:42:03+00:00,-53.02,-60.57,-64.33,-60.37,-66.33,-46.24,-49.20,-65.65,-51.82,-48.07,-55.42,-68.10,-57.92,-58.82,-59.55,-50.55,-54.91,2026-06-05 12:42:03+00:00
2026-06-05T12:43:04+00:00,-53.10,-60.01,-64.27,-60.33,-66.17,-46.17,-49.54,-65.08,-51.89,-47.92,-55.03,-67.92,-57.78,-58.62,-59.51,-50.57,-54.94,2026-06-05 12:43:04+00:00
2026-06-05T12:44:04+00:00,-52.79,-56.35,-63.77,-59.02,-66.33,-46.26,-48.38,-52.14,-49.32,-47.84,-53.15,-67.07,-57.27,-58.10,-59.58,-50.77,-54.60,2026-06-05 12:44:04+00:00
2026-06-05T12:45:03+00:00,-53.29,-61.19,-61.12,-59.40,-65.80,-46.17,-48.82,-59.07,-49.29,-47.93,-55.26,-67.25,-57.83,-58.25,-59.56,-50.85,-54.60,2026-06-05 12:45:03+00:00
2026-06-05T12:46:03+00:00,-52.68,-61.80,-63.44,-57.24,-66.48,-46.25,-48.94,-54.25,-49.39,-47.71,-55.35,-67.25,-57.74,-56.56,-59.24,-50.74,-54.58,2026-06-05 12:46:03+00:00
2026-06-05T12:47:04+00:00,-53.01,-62.76,-64.06,-59.56,-66.24,-46.35,-49.10,-65.26,-47.41,-47.73,-54.03,-68.05,-57.99,-58.03,-53.85,-50.91,-54.99,2026-06-05 12:47:04+00:00
2026-06-05T12:48:04+00:00,-52.59,-64.49,-64.30,-59.51,-66.03,-46.26,-49.33,-66.03,-47.38,-47.58,-54.25,-67.98,-57.71,-58.19,-56.10,-50.94,-54.82,2026-06-05 12:48:04+00:00
2026-06-05T12:49:04+00:00,-53.19,-63.34,-64.26,-59.56,-65.45,-46.18,-48.82,-65.47,-47.85,-47.47,-54.80,-68.12,-57.72,-57.91,-59.18,-51.05,-54.55,2026-06-05 12:49:04+00:00
2026-06-05T12:50:03+00:00,-52.50,-63.64,-64.11,-59.77,-66.83,-46.25,-49.16,-64.84,-47.84,-47.47,-54.85,-67.64,-57.63,-57.88,-59.78,-51.13,-54.55,2026-06-05 12:50:03+00:00
2026-06-05T12:51:03+00:00,-53.90,-64.43,-63.19,-57.32,-65.62,-45.88,-48.66,-53.49,-48.01,-47.48,-52.87,-67.74,-57.52,-56.81,-59.24,-50.81,-54.71,2026-06-05 12:51:03+00:00
2026-06-05T12:52:04+00:00,-52.35,-62.82,-62.54,-59.72,-65.66,-46.00,-48.91,-58.01,-48.00,-47.68,-55.01,-66.78,-57.59,-57.45,-58.89,-51.11,-54.69,2026-06-05 12:52:04+00:00
2026-06-05T12:53:04+00:00,-52.43,-62.29,-55.73,-60.05,-65.64,-45.85,-48.52,-64.05,-48.00,-47.82,-54.94,-66.44,-57.70,-57.57,-59.64,-51.26,-54.51,2026-06-05 12:53:04+00:00
2026-06-05T12:54:03+00:00,-52.09,-58.95,-55.54,-59.97,-66.59,-46.00,-48.84,-63.68,-48.00,-47.78,-55.01,-66.54,-57.77,-57.29,-59.58,-50.73,-54.57,2026-06-05 12:54:03+00:00
2026-06-05T12:55:03+00:00,-51.93,-57.52,-55.44,-60.14,-66.59,-46.28,-48.27,-63.47,-47.97,-47.76,-55.05,-66.55,-57.69,-57.43,-59.98,-51.36,-54.97,2026-06-05 12:55:03+00:00
2026-06-05T12:56:04+00:00,-51.31,-58.27,-55.39,-59.93,-66.27,-46.11,-48.55,-63.27,-47.92,-47.96,-55.04,-66.40,-57.61,-57.27,-59.64,-50.90,-54.56,2026-06-05 12:56:04+00:00
2026-06-05T12:57:04+00:00,-51.47,-58.74,-55.51,-59.89,-65.31,-46.06,-48.13,-63.34,-48.02,-47.64,-54.98,-66.54,-57.82,-57.21,-59.66,-50.91,-54.63,2026-06-05 12:57:04+00:00
2026-06-05T12:58:04+00:00,-51.61,-59.05,-60.62,-60.49,-66.40,-46.20,-48.47,-60.17,-47.89,-47.46,-55.02,-67.77,-57.80,-57.37,-59.34,-50.83,-54.64,2026-06-05 12:58:04+00:00
2026-06-05T12:59:03+00:00,-52.49,-58.44,-61.14,-60.38,-65.88,-46.28,-48.77,-59.95,-49.67,-47.58,-55.09,-67.76,-57.73,-57.38,-59.47,-50.75,-54.84,2026-06-05 12:59:03+00:00
2026-06-05T13:00:03+00:00,-49.95,-59.08,-61.20,-60.00,-66.18,-46.23,-48.84,-59.98,-49.51,-47.53,-54.85,-67.47,-57.68,-57.26,-59.75,-50.63,-52.01,2026-06-05 13:00:03+00:00
2026-06-05T13:01:03+00:00,-51.52,-58.62,-61.36,-60.33,-66.62,-46.12,-48.60,-59.92,-49.60,-47.60,-54.72,-67.27,-57.93,-57.34,-59.46,-50.85,-52.06,2026-06-05 13:01:03+00:00
2026-06-05T13:02:04+00:00,-51.11,-57.69,-61.35,-60.55,-67.11,-46.18,-48.79,-60.21,-53.33,-47.48,-54.86,-67.39,-57.80,-57.42,-59.18,-50.60,-52.09,2026-06-05 13:02:04+00:00
2026-06-05T13:03:03+00:00,-50.74,-59.46,-61.29,-60.22,-66.34,-46.74,-48.68,-60.17,-53.39,-47.43,-54.35,-67.39,-57.69,-57.60,-59.29,-50.45,-52.11,2026-06-05 13:03:03+00:00
2026-06-05T13:04:03+00:00,-52.19,-58.07,-61.45,-60.12,-66.44,-46.80,-48.83,-59.77,-53.40,-47.46,-54.26,-67.58,-57.78,-57.55,-59.29,-50.28,-54.86,2026-06-05 13:04:03+00:00
2026-06-05T13:05:04+00:00,-49.49,-57.67,-61.32,-60.14,-66.26,-46.84,-48.83,-59.70,-53.05,-47.49,-54.56,-67.31,-57.73,-57.94,-59.11,-50.19,-54.92,2026-06-05 13:05:04+00:00
2026-06-05T13:06:03+00:00,-50.11,-59.83,-64.50,-60.31,-66.42,-46.74,-49.22,-66.94,-52.94,-47.54,-55.16,-67.80,-57.95,-58.15,-59.31,-50.26,-55.21,2026-06-05 13:06:03+00:00
2026-06-05T13:07:04+00:00,-50.12,-60.22,-64.44,-60.26,-66.02,-46.69,-49.30,-66.75,-52.79,-47.51,-55.14,-68.13,-57.56,-58.53,-59.53,-50.13,-54.93,2026-06-05 13:07:04+00:00
2026-06-05T13:08:04+00:00,-50.48,-58.91,-64.49,-60.30,-66.54,-46.64,-49.10,-67.10,-52.55,-47.49,-55.15,-67.96,-57.63,-58.53,-59.52,-50.05,-55.14,2026-06-05 13:08:04+00:00
2026-06-05T13:09:04+00:00,-50.07,-59.76,-64.71,-60.13,-65.97,-46.49,-49.47,-66.91,-52.52,-47.48,-55.14,-67.85,-57.95,-58.73,-59.82,-50.03,-55.10,2026-06-05 13:09:04+00:00
2026-06-05T13:10:03+00:00,-49.93,-59.69,-64.60,-60.42,-66.01,-46.28,-49.32,-66.83,-52.62,-47.37,-55.29,-67.78,-57.89,-59.31,-59.81,-50.22,-55.02,2026-06-05 13:10:03+00:00
2026-06-05T13:11:03+00:00,-50.26,-58.92,-59.51,-60.05,-65.98,-46.10,-48.71,-60.67,-52.50,-47.43,-55.05,-67.26,-57.89,-59.26,-59.65,-50.21,-54.71,2026-06-05 13:11:03+00:00
2026-06-05T13:12:04+00:00,-49.94,-58.04,-63.19,-56.76,-66.05,-46.13,-48.83,-53.79,-52.33,-47.35,-54.88,-67.27,-57.80,-55.81,-59.36,-50.01,-54.49,2026-06-05 13:12:04+00:00
2026-06-05T13:13:04+00:00,-49.75,-58.31,-58.71,-60.20,-65.88,-46.17,-48.87,-60.53,-52.40,-47.42,-55.10,-67.48,-57.79,-59.95,-60.20,-50.11,-54.41,2026-06-05 13:13:04+00:00
2026-06-05T13:14:03+00:00,-50.13,-59.41,-63.89,-59.80,-66.36,-46.13,-49.17,-50.96,-52.08,-47.46,-55.04,-67.62,-57.92,-59.96,-59.48,-50.23,-54.28,2026-06-05 13:14:03+00:00
2026-06-05T13:15:03+00:00,-50.36,-59.24,-64.11,-59.99,-66.50,-46.10,-49.04,-50.28,-52.31,-47.32,-54.06,-67.18,-57.97,-60.10,-54.48,-50.13,-54.33,2026-06-05 13:15:03+00:00
2026-06-05T13:16:04+00:00,-50.09,-58.12,-63.34,-57.86,-66.12,-46.19,-48.82,-48.81,-51.99,-47.18,-54.92,-66.44,-57.69,-58.74,-59.65,-49.80,-54.24,2026-06-05 13:16:04+00:00
2026-06-05T13:17:04+00:00,-50.13,-57.86,-63.50,-58.72,-65.99,-45.95,-49.39,-50.26,-51.91,-47.28,-55.30,-67.01,-56.81,-59.94,-59.92,-50.05,-54.02,2026-06-05 13:17:04+00:00
2026-06-05T13:18:04+00:00,-50.10,-62.98,-64.03,-59.18,-65.51,-46.07,-49.17,-50.22,-52.01,-47.15,-55.03,-67.45,-57.93,-59.79,-57.96,-49.80,-54.17,2026-06-05 13:18:04+00:00
2026-06-05T13:19:03+00:00,-49.20,-60.50,-64.24,-59.71,-66.10,-46.15,-48.78,-50.30,-51.09,-47.27,-55.14,-67.18,-57.92,-59.75,-59.01,-49.94,-53.99,2026-06-05 13:19:03+00:00
2026-06-05T13:20:03+00:00,-51.33,-57.49,-63.30,-58.86,-65.71,-46.33,-48.68,-49.65,-51.67,-46.99,-55.14,-67.91,-57.85,-58.82,-59.66,-49.58,-54.04,2026-06-05 13:20:03+00:00
2026-06-05T13:21:04+00:00,-51.22,-57.79,-63.85,-59.05,-66.51,-46.04,-48.81,-47.56,-51.52,-46.61,-55.16,-67.16,-57.50,-59.14,-59.83,-49.61,-54.14,2026-06-05 13:21:04+00:00
2026-06-05T13:22:04+00:00,-52.33,-58.43,-61.31,-60.09,-66.03,-45.93,-48.68,-49.25,-51.52,-46.98,-55.21,-67.62,-57.84,-59.51,-58.92,-49.86,-54.22,2026-06-05 13:22:04+00:00
2026-06-05T13:23:03+00:00,-50.69,-59.61,-54.44,-59.65,-66.11,-46.12,-48.51,-49.64,-51.42,-46.84,-55.20,-61.48,-56.97,-59.27,-55.95,-49.48,-54.13,2026-06-05 13:23:03+00:00
2026-06-05T13:24:03+00:00,-52.01,-58.47,-63.64,-59.92,-66.03,-45.93,-48.58,-49.67,-51.61,-46.93,-55.15,-67.74,-57.63,-58.79,-59.17,-49.87,-54.42,2026-06-05 13:24:03+00:00
2026-06-05T13:25:04+00:00,-51.88,-57.60,-63.08,-59.87,-66.69,-45.82,-48.93,-49.59,-51.05,-46.97,-54.73,-66.70,-57.17,-59.01,-59.08,-48.52,-54.81,2026-06-05 13:25:04+00:00
2026-06-05T13:26:04+00:00,-52.61,-57.64,-57.50,-59.91,-65.99,-45.85,-48.59,-49.65,-51.01,-46.93,-54.40,-61.59,-55.88,-59.06,-55.04,-49.46,-54.56,2026-06-05 13:26:04+00:00
2026-06-05T13:27:04+00:00,-53.04,-59.35,-63.71,-60.44,-66.64,-45.88,-49.12,-49.70,-51.70,-46.79,-54.54,-62.55,-57.98,-58.71,-59.90,-49.73,-54.81,2026-06-05 13:27:04+00:00
2026-06-05T13:28:03+00:00,-52.71,-58.71,-63.72,-59.91,-66.70,-45.91,-48.87,-49.73,-51.48,-46.71,-54.21,-62.75,-57.79,-58.57,-59.90,-49.46,-54.22,2026-06-05 13:28:03+00:00
2026-06-05T13:29:03+00:00,-52.16,-59.60,-63.71,-60.36,-66.11,-45.73,-49.44,-49.41,-51.13,-46.68,-53.90,-63.40,-57.74,-58.83,-59.88,-49.55,-54.60,2026-06-05 13:29:03+00:00
2026-06-05T13:30:04+00:00,-53.65,-58.81,-63.67,-60.42,-66.67,-46.27,-49.29,-49.48,-51.09,-46.64,-54.09,-61.25,-57.76,-58.73,-59.67,-49.33,-54.73,2026-06-05 13:30:04+00:00
2026-06-05T13:31:04+00:00,-51.37,-60.37,-63.34,-60.42,-67.25,-46.17,-49.62,-49.45,-51.13,-46.74,-53.70,-60.65,-57.70,-58.72,-59.68,-49.72,-54.67,2026-06-05 13:31:04+00:00
2026-06-05T13:32:04+00:00,-52.03,-58.42,-63.26,-60.13,-65.76,-45.96,-49.20,-49.48,-48.55,-46.78,-53.81,-60.08,-57.91,-58.49,-59.66,-49.27,-54.46,2026-06-05 13:32:04+00:00
2026-06-05T13:33:03+00:00,-52.62,-57.78,-62.65,-51.22,-66.06,-46.17,-48.86,-47.56,-48.49,-46.83,-53.73,-60.33,-57.77,-56.47,-59.87,-49.36,-54.46,2026-06-05 13:33:03+00:00
2026-06-05T13:34:03+00:00,-51.52,-58.40,-58.35,-60.08,-66.03,-46.09,-48.83,-49.28,-48.44,-46.94,-53.83,-58.09,-57.76,-58.32,-59.89,-49.32,-54.49,2026-06-05 13:34:03+00:00
2026-06-05T13:35:04+00:00,-51.08,-58.88,-62.56,-59.18,-66.70,-46.00,-48.61,-49.17,-48.40,-46.70,-54.06,-58.37,-57.75,-57.87,-59.31,-49.07,-54.33,2026-06-05 13:35:04+00:00
2026-06-05T13:36:03+00:00,-49.65,-58.66,-63.26,-60.17,-65.81,-45.97,-49.08,-49.58,-48.50,-46.91,-53.25,-58.25,-57.73,-58.29,-54.28,-49.04,-54.57,2026-06-05 13:36:03+00:00
2026-06-05T13:37:03+00:00,-51.84,-58.00,-63.21,-59.97,-66.28,-45.97,-49.26,-49.49,-48.64,-46.96,-53.62,-57.76,-57.75,-58.49,-59.32,-48.88,-54.59,2026-06-05 13:37:03+00:00
2026-06-05T13:38:04+00:00,-51.96,-58.64,-63.32,-59.97,-65.75,-46.14,-49.08,-49.43,-48.74,-47.08,-53.66,-58.55,-57.69,-58.97,-59.76,-48.68,-59.58,2026-06-05 13:38:04+00:00
2026-06-05T13:39:04+00:00,-51.54,-58.02,-63.64,-60.05,-65.94,-46.17,-49.05,-49.43,-48.69,-47.06,-53.87,-57.08,-57.65,-59.32,-59.35,-48.58,-59.37,2026-06-05 13:39:04+00:00
2026-06-05T13:40:03+00:00,-52.53,-62.86,-63.25,-56.52,-66.61,-46.26,-48.63,-47.42,-48.70,-46.97,-54.41,-56.82,-57.32,-58.72,-59.48,-48.55,-59.41,2026-06-05 13:40:03+00:00
2026-06-05T13:41:03+00:00,-52.70,-59.25,-63.44,-53.60,-65.84,-49.22,-48.48,-47.89,-48.66,-47.06,-54.33,-57.56,-57.76,-58.22,-59.43,-48.45,-59.67,2026-06-05 13:41:03+00:00
2026-06-05T13:42:03+00:00,-52.14,-62.17,-63.57,-58.25,-65.75,-50.44,-48.85,-49.02,-48.71,-47.04,-54.10,-59.79,-57.67,-58.22,-59.17,-48.18,-59.50,2026-06-05 13:42:03+00:00
2026-06-05T13:43:04+00:00,-50.44,-61.20,-62.63,-59.78,-66.70,-50.31,-48.52,-49.31,-48.99,-47.05,-53.99,-59.58,-57.68,-60.15,-59.15,-48.06,-58.88,2026-06-05 13:43:04+00:00
2026-06-05T13:44:04+00:00,-50.65,-58.29,-52.21,-58.20,-66.69,-50.49,-48.64,-49.64,-48.98,-47.17,-54.05,-57.64,-57.40,-59.01,-59.31,-47.83,-59.45,2026-06-05 13:44:04+00:00
2026-06-05T13:45:03+00:00,-49.87,-58.96,-52.18,-57.20,-66.11,-50.17,-48.69,-49.58,-49.09,-47.06,-53.83,-56.91,-57.48,-59.82,-58.73,-47.56,-58.77,2026-06-05 13:45:03+00:00
2026-06-05T13:46:03+00:00,-50.25,-58.90,-52.15,-57.15,-66.38,-50.24,-48.64,-49.94,-49.10,-47.02,-52.36,-57.90,-57.63,-59.90,-58.87,-47.48,-58.88,2026-06-05 13:46:03+00:00
2026-06-05T13:47:04+00:00,-50.26,-59.49,-52.29,-57.07,-66.30,-50.35,-48.61,-49.71,-52.15,-46.86,-55.10,-59.11,-57.37,-59.68,-58.41,-47.09,-58.44,2026-06-05 13:47:04+00:00
2026-06-05T13:48:04+00:00,-50.31,-59.75,-52.32,-57.06,-65.78,-50.31,-48.55,-49.65,-52.27,-47.11,-55.06,-58.89,-57.41,-59.61,-58.98,-46.93,-58.89,2026-06-05 13:48:04+00:00
2026-06-05T13:49:03+00:00,-50.70,-63.14,-52.28,-57.19,-66.62,-50.14,-48.59,-50.64,-52.11,-46.87,-54.90,-58.43,-57.31,-59.69,-58.61,-46.91,-59.30,2026-06-05 13:49:03+00:00
2026-06-05T13:50:03+00:00,-49.10,-62.34,-52.26,-57.16,-65.63,-50.13,-48.53,-50.70,-51.90,-46.75,-55.20,-58.07,-57.55,-59.59,-58.69,-46.64,-59.33,2026-06-05 13:50:03+00:00
2026-06-05T13:51:04+00:00,-49.74,-63.54,-59.36,-59.39,-67.31,-50.49,-48.63,-50.64,-52.01,-46.62,-55.11,-59.63,-57.84,-59.92,-59.23,-46.68,-59.67,2026-06-05 13:51:04+00:00
2026-06-05T13:52:04+00:00,-49.94,-63.91,-61.38,-59.40,-66.50,-50.22,-48.62,-50.44,-51.96,-46.59,-55.02,-59.70,-57.81,-59.68,-59.27,-46.53,-58.57,2026-06-05 13:52:04+00:00
2026-06-05T13:53:04+00:00,-49.65,-63.56,-61.58,-59.33,-66.12,-50.22,-48.77,-50.61,-51.85,-46.68,-55.00,-60.05,-57.79,-59.58,-59.17,-46.47,-59.59,2026-06-05 13:53:04+00:00
2026-06-05T13:54:03+00:00,-50.16,-64.97,-64.69,-59.27,-67.33,-50.25,-49.26,-51.12,-51.72,-46.57,-53.02,-60.52,-57.83,-59.86,-59.27,-46.34,-59.84,2026-06-05 13:54:03+00:00
2026-06-05T13:55:03+00:00,-49.94,-63.82,-64.38,-59.49,-66.51,-50.11,-49.20,-51.06,-51.67,-46.67,-55.39,-60.68,-57.69,-59.99,-59.91,-46.21,-59.66,2026-06-05 13:55:03+00:00
2026-06-05T13:56:04+00:00,-49.94,-63.70,-64.21,-59.47,-66.40,-50.41,-49.47,-50.98,-51.78,-46.55,-55.40,-60.88,-57.68,-60.20,-59.35,-46.32,-59.96,2026-06-05 13:56:04+00:00
2026-06-05T13:57:04+00:00,-49.86,-63.69,-64.52,-59.65,-66.01,-50.29,-49.32,-50.95,-51.68,-46.64,-55.37,-61.51,-57.71,-60.45,-59.31,-46.52,-52.53,2026-06-05 13:57:04+00:00
2026-06-05T13:58:04+00:00,-49.68,-63.53,-64.56,-59.46,-66.81,-50.25,-49.45,-50.92,-51.70,-46.66,-55.29,-62.46,-57.65,-60.19,-59.33,-46.29,-52.38,2026-06-05 13:58:04+00:00
2026-06-05T13:59:03+00:00,-48.98,-63.36,-59.91,-59.37,-66.02,-50.17,-49.09,-50.42,-51.82,-46.62,-55.11,-61.42,-57.57,-59.89,-59.82,-46.03,-51.76,2026-06-05 13:59:03+00:00
2026-06-05T14:00:03+00:00,-49.18,-63.69,-62.99,-59.32,-66.09,-50.04,-48.68,-49.67,-51.77,-46.58,-54.90,-60.24,-57.47,-58.58,-58.87,-46.07,-53.92,2026-06-05 14:00:03+00:00
2026-06-05T14:01:03+00:00,-49.56,-62.72,-59.14,-59.31,-66.93,-48.83,-48.99,-50.45,-53.00,-46.55,-55.20,-59.89,-57.50,-60.53,-59.62,-46.24,-53.88,2026-06-05 14:01:03+00:00
2026-06-05T14:02:04+00:00,-49.66,-63.34,-63.99,-58.87,-64.83,-49.13,-49.07,-50.71,-52.97,-46.54,-54.89,-59.34,-57.63,-60.77,-59.62,-46.36,-52.34,2026-06-05 14:02:04+00:00
2026-06-05T14:03:04+00:00,-49.56,-63.70,-64.47,-59.49,-66.68,-48.38,-49.23,-50.70,-53.00,-46.52,-54.02,-59.05,-57.61,-61.09,-54.03,-46.48,-52.61,2026-06-05 14:03:04+00:00
2026-06-05T14:04:03+00:00,-50.78,-63.31,-64.23,-59.48,-66.29,-45.75,-49.42,-50.62,-52.06,-46.45,-54.79,-58.61,-57.68,-61.21,-59.93,-46.45,-59.37,2026-06-05 14:04:03+00:00
2026-06-05T14:05:03+00:00,-51.67,-63.64,-64.28,-59.33,-66.17,-45.59,-49.44,-50.44,-52.32,-46.48,-54.82,-58.39,-57.66,-61.29,-59.24,-46.46,-52.55,2026-06-05 14:05:03+00:00
2026-06-05T14:06:04+00:00,-52.79,-63.06,-63.63,-57.71,-65.99,-45.79,-48.52,-48.39,-52.19,-46.52,-55.26,-58.93,-57.55,-56.29,-59.47,-46.35,-59.18,2026-06-05 14:06:04+00:00
2026-06-05T14:07:03+00:00,-52.40,-62.38,-63.90,-52.95,-65.39,-45.78,-48.66,-47.39,-52.10,-46.31,-55.13,-59.15,-57.47,-59.24,-59.61,-46.75,-59.26,2026-06-05 14:07:03+00:00
2026-06-05T14:08:03+00:00,-50.90,-62.49,-63.40,-58.59,-66.12,-45.82,-48.68,-49.21,-52.10,-46.54,-55.13,-59.43,-57.57,-59.10,-59.15,-46.66,-52.86,2026-06-05 14:08:03+00:00
2026-06-05T14:09:04+00:00,-53.04,-62.40,-62.60,-59.62,-66.25,-45.92,-48.78,-49.40,-52.12,-46.56,-55.06,-59.25,-57.51,-61.34,-59.21,-46.72,-53.62,2026-06-05 14:09:04+00:00
2026-06-05T14:10:04+00:00,-50.49,-61.26,-62.50,-59.62,-66.03,-45.91,-48.81,-49.32,-52.04,-46.40,-55.26,-59.30,-57.62,-60.80,-59.01,-46.71,-52.38,2026-06-05 14:10:04+00:00
2026-06-05T14:11:04+00:00,-50.76,-61.42,-61.81,-59.39,-65.65,-46.05,-48.82,-49.58,-52.02,-46.50,-55.31,-59.21,-57.55,-61.33,-59.39,-47.16,-59.60,2026-06-05 14:11:04+00:00
2026-06-05T14:12:03+00:00,-52.61,-63.24,-61.72,-59.09,-66.03,-46.11,-48.97,-50.36,-52.23,-46.44,-55.33,-59.48,-57.54,-61.29,-58.71,-47.17,-52.35,2026-06-05 14:12:03+00:00
2026-06-05T14:13:03+00:00,-51.46,-63.89,-61.71,-59.25,-65.37,-46.08,-49.05,-50.65,-51.53,-46.59,-55.25,-60.13,-57.67,-61.35,-58.61,-47.40,-52.32,2026-06-05 14:13:03+00:00
2026-06-05T14:14:04+00:00,-52.53,-63.85,-61.70,-59.26,-65.76,-46.10,-48.91,-50.30,-51.52,-46.45,-55.27,-60.35,-57.54,-61.04,-58.70,-47.47,-52.43,2026-06-05 14:14:04+00:00
2026-06-05T14:15:04+00:00,-51.06,-63.45,-61.38,-59.39,-66.29,-46.00,-49.19,-50.22,-51.39,-46.56,-55.22,-59.97,-57.51,-60.78,-58.86,-47.63,-52.32,2026-06-05 14:15:04+00:00
2026-06-05T14:16:04+00:00,-52.45,-63.06,-64.46,-59.63,-66.21,-46.14,-49.49,-50.67,-49.94,-46.45,-55.24,-60.13,-57.51,-60.41,-59.89,-47.52,-57.93,2026-06-05 14:16:04+00:00
2026-06-05T14:17:03+00:00,-52.61,-64.15,-64.42,-59.39,-66.42,-45.81,-49.47,-50.80,-48.82,-46.21,-55.24,-60.04,-57.46,-60.13,-59.20,-47.70,-60.52,2026-06-05 14:17:03+00:00
2026-06-05T14:18:03+00:00,-51.95,-64.76,-64.36,-59.20,-66.79,-46.00,-50.00,-51.18,-48.86,-46.40,-55.55,-60.26,-57.69,-59.71,-58.85,-48.07,-60.85,2026-06-05 14:18:03+00:00
2026-06-05T14:19:03+00:00,-51.77,-63.57,-64.26,-59.25,-65.84,-46.02,-49.91,-51.40,-49.39,-46.48,-55.23,-60.32,-57.72,-59.28,-59.05,-48.07,-59.84,2026-06-05 14:19:03+00:00
2026-06-05T14:20:04+00:00,-52.89,-63.25,-64.34,-59.07,-65.60,-46.25,-49.64,-51.22,-49.41,-46.72,-55.19,-60.89,-57.70,-59.42,-59.40,-48.50,-60.12,2026-06-05 14:20:04+00:00
2026-06-05T14:21:04+00:00,-51.86,-63.82,-64.23,-58.98,-66.03,-46.14,-49.69,-51.36,-49.47,-46.52,-55.15,-60.91,-57.45,-59.08,-59.49,-48.49,-60.37,2026-06-05 14:21:04+00:00
2026-06-05T14:22:04+00:00,-51.72,-63.88,-64.44,-59.95,-66.10,-45.92,-50.07,-51.32,-49.48,-46.51,-55.11,-61.29,-57.79,-58.80,-59.64,-48.40,-59.06,2026-06-05 14:22:04+00:00
2026-06-05T14:23:03+00:00,-52.45,-63.84,-64.37,-60.01,-66.53,-46.14,-50.16,-51.18,-49.40,-46.62,-55.08,-62.23,-57.48,-58.47,-59.58,-48.57,-58.50,2026-06-05 14:23:03+00:00
2026-06-05T14:24:03+00:00,-52.45,-63.19,-64.01,-60.02,-67.14,-46.24,-49.53,-51.13,-49.37,-46.63,-55.15,-61.79,-57.59,-58.58,-59.71,-48.45,-58.88,2026-06-05 14:24:03+00:00
2026-06-05T14:25:04+00:00,-52.49,-63.67,-64.62,-60.20,-65.52,-46.01,-49.76,-51.27,-49.31,-46.53,-55.07,-62.57,-57.86,-58.69,-59.71,-48.79,-59.35,2026-06-05 14:25:04+00:00
2026-06-05T14:26:04+00:00,-52.43,-63.82,-64.32,-59.80,-65.76,-46.06,-49.96,-50.92,-49.23,-46.57,-55.12,-63.27,-57.70,-58.40,-60.27,-48.98,-57.75,2026-06-05 14:26:04+00:00
2026-06-05T14:27:04+00:00,-52.37,-64.16,-64.32,-60.20,-66.26,-46.38,-49.65,-51.27,-49.30,-46.54,-54.29,-63.58,-57.71,-58.31,-59.61,-48.87,-58.25,2026-06-05 14:27:04+00:00
2026-06-05T14:28:03+00:00,-52.40,-64.64,-64.39,-60.25,-66.77,-46.02,-49.86,-51.32,-49.40,-46.44,-55.09,-64.29,-57.50,-58.71,-59.15,-49.16,-59.11,2026-06-05 14:28:03+00:00
2026-06-05T14:29:03+00:00,-51.29,-64.28,-64.45,-60.02,-66.24,-46.28,-49.66,-51.33,-49.46,-46.42,-53.49,-64.89,-57.71,-58.16,-59.51,-49.00,-59.25,2026-06-05 14:29:03+00:00
2026-06-05T14:30:04+00:00,-52.34,-64.50,-64.73,-60.09,-65.98,-46.31,-49.86,-51.27,-49.53,-46.44,-55.20,-64.94,-57.80,-58.38,-59.43,-49.35,-57.84,2026-06-05 14:30:04+00:00
2026-06-05T14:31:04+00:00,-53.93,-63.86,-64.42,-59.89,-66.10,-46.07,-49.61,-51.40,-53.11,-46.34,-55.11,-64.27,-57.78,-58.11,-59.65,-49.26,-59.28,2026-06-05 14:31:04+00:00
2026-06-05T14:32:03+00:00,-52.72,-63.44,-64.48,-60.12,-65.57,-46.26,-49.76,-51.55,-53.29,-46.39,-55.11,-64.02,-57.79,-57.48,-59.33,-49.66,-58.72,2026-06-05 14:32:03+00:00
2026-06-05T14:33:03+00:00,-51.84,-63.91,-64.67,-60.00,-67.25,-46.24,-49.48,-51.57,-52.03,-46.24,-55.25,-64.60,-57.77,-57.55,-58.94,-49.58,-59.70,2026-06-05 14:33:03+00:00
2026-06-05T14:34:04+00:00,-49.60,-63.81,-64.53,-60.32,-65.96,-46.55,-49.72,-51.64,-51.66,-46.35,-55.41,-64.61,-57.86,-57.14,-60.06,-50.06,-59.13,2026-06-05 14:34:04+00:00
2026-06-05T14:35:04+00:00,-49.68,-64.73,-64.53,-60.30,-66.80,-46.57,-49.76,-51.58,-51.64,-46.32,-55.24,-64.55,-57.70,-57.01,-59.62,-49.99,-58.47,2026-06-05 14:35:04+00:00
2026-06-05T14:36:04+00:00,-49.78,-63.93,-64.29,-60.37,-66.69,-46.72,-49.68,-51.62,-51.43,-46.26,-55.15,-64.54,-57.77,-56.54,-58.83,-49.85,-58.02,2026-06-05 14:36:04+00:00
2026-06-05T14:37:04+00:00,-49.60,-65.00,-64.44,-60.06,-66.56,-46.34,-49.97,-51.58,-51.47,-46.25,-55.32,-64.42,-57.77,-56.38,-59.03,-50.30,-60.40,2026-06-05 14:37:04+00:00
2026-06-05T14:38:03+00:00,-49.22,-64.55,-64.12,-60.08,-66.40,-46.55,-49.68,-51.58,-51.29,-46.25,-55.12,-63.84,-57.76,-56.49,-59.80,-50.02,-59.26,2026-06-05 14:38:03+00:00
2026-06-05T14:39:03+00:00,-49.46,-63.66,-64.46,-59.95,-66.34,-46.44,-49.00,-51.48,-51.27,-46.18,-54.98,-64.38,-57.91,-56.08,-59.66,-50.05,-58.96,2026-06-05 14:39:03+00:00
2026-06-05T14:40:04+00:00,-49.66,-62.85,-64.55,-59.68,-66.03,-46.41,-49.31,-51.61,-51.33,-46.14,-54.18,-64.44,-57.63,-56.20,-59.64,-50.18,-59.96,2026-06-05 14:40:04+00:00
2026-06-05T14:41:04+00:00,-49.93,-65.04,-64.71,-59.70,-66.35,-46.58,-49.33,-51.55,-51.41,-46.22,-55.29,-64.58,-57.85,-55.89,-59.39,-50.12,-57.99,2026-06-05 14:41:04+00:00
2026-06-05T14:42:03+00:00,-49.85,-63.24,-64.79,-59.48,-65.71,-46.63,-49.37,-51.55,-51.34,-46.12,-55.20,-64.27,-57.78,-56.16,-58.84,-50.12,-59.80,2026-06-05 14:42:03+00:00
2026-06-05T14:43:03+00:00,-49.70,-62.61,-64.69,-59.48,-65.65,-46.56,-49.31,-51.62,-51.30,-46.01,-55.37,-63.29,-57.67,-56.31,-59.37,-50.00,-60.10,2026-06-05 14:43:03+00:00
2026-06-05T14:44:04+00:00,-49.46,-64.35,-64.76,-59.45,-66.58,-46.68,-49.29,-51.62,-51.39,-46.16,-55.31,-62.94,-57.77,-56.43,-59.38,-50.09,-60.05,2026-06-05 14:44:04+00:00
2026-06-05T14:45:04+00:00,-49.56,-63.77,-64.86,-59.49,-65.49,-46.82,-49.07,-51.63,-51.37,-46.10,-55.40,-62.67,-57.92,-56.44,-59.51,-50.15,-59.11,2026-06-05 14:45:04+00:00
2026-06-05T14:46:04+00:00,-49.55,-63.87,-64.93,-59.53,-66.46,-46.58,-49.38,-51.60,-51.38,-46.24,-55.25,-62.81,-57.77,-56.80,-59.47,-50.04,-59.70,2026-06-05 14:46:04+00:00
2026-06-05T14:47:03+00:00,-49.76,-64.83,-64.95,-59.60,-66.67,-46.47,-49.14,-51.58,-52.12,-46.22,-53.45,-62.36,-57.78,-56.33,-58.93,-50.19,-59.43,2026-06-05 14:47:03+00:00
2026-06-05T14:48:03+00:00,-49.73,-64.76,-65.20,-59.54,-66.52,-46.67,-49.41,-51.67,-52.16,-46.05,-55.38,-62.41,-57.84,-56.43,-59.00,-50.49,-60.48,2026-06-05 14:48:03+00:00
2026-06-05T14:49:04+00:00,-52.65,-64.77,-65.04,-59.60,-66.84,-46.58,-49.33,-51.51,-51.72,-46.19,-53.79,-62.57,-57.91,-56.37,-59.31,-50.51,-60.08,2026-06-05 14:49:04+00:00
2026-06-05T14:50:04+00:00,-52.00,-64.83,-65.26,-59.69,-66.42,-46.72,-49.30,-51.53,-51.86,-46.23,-55.27,-62.40,-57.75,-56.36,-59.67,-50.51,-59.66,2026-06-05 14:50:04+00:00
2026-06-05T14:51:04+00:00,-53.01,-65.21,-65.17,-59.70,-66.34,-46.64,-49.23,-51.58,-51.78,-45.98,-55.31,-62.40,-57.93,-56.29,-59.05,-50.59,-59.82,2026-06-05 14:51:04+00:00
2026-06-05T14:52:03+00:00,-52.22,-63.95,-65.08,-59.75,-66.68,-51.22,-49.24,-51.56,-51.79,-46.18,-55.45,-62.60,-57.74,-55.96,-58.92,-50.32,-59.73,2026-06-05 14:52:03+00:00
2026-06-05T14:53:03+00:00,-52.36,-65.06,-65.09,-59.76,-66.17,-51.11,-49.63,-51.59,-51.76,-46.28,-55.38,-62.69,-57.87,-55.86,-59.16,-50.32,-59.74,2026-06-05 14:53:03+00:00
2026-06-05T14:54:04+00:00,-52.12,-64.37,-65.26,-59.46,-66.51,-51.10,-49.62,-51.59,-51.72,-46.25,-55.39,-62.48,-58.00,-55.97,-59.28,-50.24,-59.51,2026-06-05 14:54:04+00:00
2026-06-05T14:55:04+00:00,-51.57,-63.85,-65.35,-59.56,-66.05,-51.11,-49.89,-51.53,-51.82,-46.28,-55.52,-62.53,-57.94,-55.89,-59.12,-50.35,-58.35,2026-06-05 14:55:04+00:00
2026-06-05T14:56:04+00:00,-51.82,-63.52,-64.91,-59.73,-65.64,-51.23,-49.59,-51.47,-51.89,-46.49,-54.98,-62.01,-57.98,-56.35,-59.50,-50.52,-59.49,2026-06-05 14:56:04+00:00
2026-06-05T14:57:03+00:00,-52.60,-64.31,-64.96,-59.37,-66.38,-51.05,-49.52,-51.48,-51.94,-46.39,-55.25,-62.47,-57.82,-57.02,-59.71,-50.63,-59.55,2026-06-05 14:57:03+00:00
2026-06-05T14:58:03+00:00,-52.54,-64.27,-65.14,-59.70,-66.75,-50.95,-49.93,-51.40,-51.28,-46.48,-55.38,-62.39,-57.99,-58.03,-59.13,-50.85,-59.33,2026-06-05 14:58:03+00:00
2026-06-05T14:59:04+00:00,-52.35,-65.27,-65.22,-60.09,-66.67,-51.14,-49.58,-51.34,-51.32,-46.55,-55.23,-62.24,-57.92,-60.14,-59.33,-50.94,-59.96,2026-06-05 14:59:04+00:00
2026-06-05T15:00:04+00:00,-53.07,-65.02,-65.23,-60.01,-66.88,-51.01,-49.50,-51.22,-51.35,-46.48,-54.72,-62.41,-57.72,-63.01,-60.00,-52.32,-59.82,2026-06-05 15:00:04+00:00
2026-06-05T15:01:04+00:00,-53.68,-64.95,-65.02,-59.95,-66.34,-51.18,-49.94,-51.23,-48.80,-46.82,-54.48,-62.31,-57.67,-63.67,-59.37,-52.91,-59.87,2026-06-05 15:01:04+00:00
2026-06-05T15:02:04+00:00,-53.43,-64.85,-65.03,-60.14,-66.29,-51.24,-49.60,-51.23,-48.70,-46.86,-54.56,-61.37,-57.61,-61.39,-59.72,-53.55,-59.36,2026-06-05 15:02:04+00:00
2026-06-05T15:03:04+00:00,-53.14,-61.54,-65.23,-60.44,-66.63,-51.33,-49.61,-51.22,-48.58,-46.96,-54.57,-62.17,-57.73,-59.59,-59.32,-54.06,-59.66,2026-06-05 15:03:04+00:00
2026-06-05T15:04:03+00:00,-53.83,-63.18,-65.09,-60.27,-65.34,-51.04,-49.63,-51.14,-49.15,-47.03,-54.60,-62.25,-57.41,-58.09,-59.35,-54.56,-58.61,2026-06-05 15:04:03+00:00
2026-06-05T15:05:03+00:00,-51.74,-63.54,-65.08,-60.16,-66.65,-51.18,-49.50,-51.10,-49.09,-47.08,-54.30,-62.43,-57.49,-57.29,-59.03,-54.35,-58.68,2026-06-05 15:05:03+00:00
2026-06-05T15:06:04+00:00,-53.19,-63.95,-65.02,-60.08,-66.24,-51.27,-49.08,-51.05,-49.40,-47.17,-54.37,-62.34,-57.42,-56.89,-59.38,-53.87,-59.06,2026-06-05 15:06:04+00:00
2026-06-05T15:07:03+00:00,-53.26,-63.91,-65.00,-60.10,-66.31,-51.32,-49.55,-50.91,-49.37,-47.07,-54.55,-62.41,-57.53,-56.63,-59.67,-54.18,-57.30,2026-06-05 15:07:03+00:00
2026-06-05T15:08:03+00:00,-53.59,-63.24,-65.10,-59.82,-65.85,-51.31,-49.35,-50.70,-49.23,-47.18,-52.51,-61.78,-57.65,-56.37,-60.32,-53.81,-57.16,2026-06-05 15:08:03+00:00
2026-06-05T15:09:04+00:00,-52.40,-63.79,-65.22,-59.78,-66.04,-50.00,-49.38,-50.97,-49.31,-47.06,-54.34,-62.18,-57.70,-56.52,-59.32,-53.80,-59.49,2026-06-05 15:09:04+00:00
2026-06-05T15:10:04+00:00,-54.34,-63.62,-64.81,-59.53,-67.10,-50.14,-49.43,-51.17,-49.40,-47.11,-54.59,-61.57,-57.76,-56.93,-59.37,-53.54,-59.89,2026-06-05 15:10:04+00:00
2026-06-05T15:11:04+00:00,-52.84,-63.11,-64.67,-59.93,-67.10,-46.01,-49.23,-51.26,-49.32,-47.15,-54.31,-61.96,-57.91,-57.11,-59.45,-53.99,-59.78,2026-06-05 15:11:04+00:00
2026-06-05T15:12:03+00:00,-52.07,-62.93,-64.64,-59.76,-65.55,-46.38,-49.22,-51.20,-49.31,-47.19,-52.92,-61.65,-58.01,-57.54,-59.66,-53.47,-60.36,2026-06-05 15:12:03+00:00
2026-06-05T15:13:03+00:00,-53.09,-63.07,-64.71,-59.93,-66.15,-46.13,-49.17,-51.26,-49.68,-47.23,-52.74,-61.68,-57.83,-57.36,-59.99,-53.81,-60.23,2026-06-05 15:13:03+00:00
2026-06-05T15:14:04+00:00,-53.52,-62.58,-64.31,-59.96,-67.00,-46.35,-49.32,-51.15,-49.59,-47.22,-54.32,-61.78,-57.95,-57.47,-60.24,-53.48,-60.49,2026-06-05 15:14:04+00:00
2026-06-05T15:15:04+00:00,-53.48,-62.93,-64.68,-59.87,-65.51,-46.38,-49.43,-51.19,-49.65,-47.33,-54.54,-61.79,-57.72,-57.89,-59.35,-53.34,-60.18,2026-06-05 15:15:04+00:00
2026-06-05T15:16:03+00:00,-53.05,-62.53,-64.69,-60.04,-65.24,-46.40,-49.26,-51.21,-53.12,-47.26,-54.43,-61.43,-57.80,-58.55,-58.79,-52.99,-59.94,2026-06-05 15:16:03+00:00
2026-06-05T15:17:03+00:00,-53.80,-62.83,-64.12,-59.06,-66.51,-46.34,-49.38,-51.11,-53.57,-47.22,-54.57,-61.29,-57.93,-59.44,-59.48,-52.98,-59.98,2026-06-05 15:17:03+00:00
2026-06-05T15:18:04+00:00,-52.76,-62.73,-64.90,-59.05,-65.85,-46.23,-49.37,-51.48,-53.63,-47.25,-54.56,-61.12,-58.21,-60.00,-59.44,-52.35,-60.19,2026-06-05 15:18:04+00:00
2026-06-05T15:19:04+00:00,-50.09,-62.72,-64.67,-58.76,-66.05,-46.28,-49.42,-51.50,-50.47,-47.17,-54.88,-60.96,-58.19,-60.50,-60.22,-52.66,-57.67,2026-06-05 15:19:04+00:00
2026-06-05T15:20:04+00:00,-49.65,-63.60,-64.75,-59.11,-65.96,-46.56,-49.75,-51.35,-50.38,-47.20,-54.98,-61.07,-58.15,-60.75,-59.24,-51.69,-59.81,2026-06-05 15:20:04+00:00
2026-06-05T15:21:03+00:00,-49.46,-63.69,-64.91,-58.86,-66.94,-46.43,-49.43,-51.38,-50.37,-47.03,-54.86,-61.50,-58.12,-60.63,-59.82,-51.44,-59.82,2026-06-05 15:21:03+00:00
2026-06-05T15:22:03+00:00,-49.65,-62.68,-64.95,-58.81,-66.47,-46.27,-49.54,-51.49,-50.35,-46.84,-55.10,-61.48,-58.19,-60.21,-59.76,-51.14,-59.06,2026-06-05 15:22:03+00:00
2026-06-05T15:23:04+00:00,-50.02,-63.51,-64.75,-58.79,-66.73,-46.44,-49.85,-51.46,-50.22,-46.95,-55.10,-61.40,-58.51,-59.89,-60.57,-51.19,-59.47,2026-06-05 15:23:04+00:00
2026-06-05T15:24:04+00:00,-49.79,-60.47,-64.51,-58.50,-65.82,-46.42,-49.15,-51.39,-50.18,-46.99,-54.12,-61.17,-58.27,-59.73,-60.19,-50.74,-57.66,2026-06-05 15:24:04+00:00
2026-06-05T15:25:04+00:00,-49.66,-61.69,-64.33,-58.57,-66.54,-46.41,-49.57,-51.42,-50.12,-46.79,-55.18,-61.25,-58.45,-59.31,-59.55,-50.81,-59.86,2026-06-05 15:25:04+00:00
2026-06-05T15:26:03+00:00,-49.63,-62.37,-64.87,-58.68,-66.29,-46.29,-49.66,-51.43,-50.14,-46.54,-55.37,-61.15,-58.30,-58.68,-59.43,-50.42,-60.17,2026-06-05 15:26:03+00:00
2026-06-05T15:27:03+00:00,-49.61,-62.93,-65.08,-58.22,-67.03,-46.55,-49.64,-51.49,-50.06,-46.75,-55.48,-61.10,-58.36,-58.19,-59.45,-50.24,-60.36,2026-06-05 15:27:03+00:00
2026-06-05T15:28:04+00:00,-49.89,-63.27,-64.88,-58.50,-66.48,-46.59,-49.76,-51.45,-50.05,-46.61,-55.45,-60.95,-58.45,-57.35,-58.94,-50.02,-60.24,2026-06-05 15:28:04+00:00
2026-06-05T15:29:04+00:00,-50.06,-63.11,-64.78,-58.47,-66.39,-46.60,-50.13,-51.53,-50.20,-46.59,-55.47,-61.07,-58.46,-57.21,-59.49,-49.98,-60.08,2026-06-05 15:29:04+00:00
2026-06-05T15:30:03+00:00,-49.68,-62.66,-64.84,-58.73,-67.06,-46.70,-49.95,-51.52,-50.06,-46.52,-55.49,-61.15,-58.32,-56.47,-59.40,-49.83,-60.02,2026-06-05 15:30:03+00:00
2026-06-05T15:31:03+00:00,-49.68,-62.98,-64.79,-58.50,-65.89,-46.71,-49.32,-51.53,-50.05,-46.48,-55.53,-61.48,-58.57,-56.35,-59.05,-49.57,-59.85,2026-06-05 15:31:03+00:00
2026-06-05T15:32:04+00:00,-49.98,-62.02,-64.79,-58.61,-66.25,-46.54,-49.22,-51.44,-50.06,-46.44,-55.59,-60.86,-58.59,-55.81,-58.77,-49.36,-60.24,2026-06-05 15:32:04+00:00
2026-06-05T15:33:03+00:00,-50.41,-62.83,-64.71,-58.41,-66.49,-46.45,-49.63,-51.51,-50.03,-46.41,-53.50,-60.92,-58.67,-55.40,-59.33,-49.16,-59.55,2026-06-05 15:33:03+00:00
2026-06-05T15:34:03+00:00,-54.11,-62.22,-64.70,-58.40,-66.17,-46.66,-49.49,-51.46,-52.13,-46.34,-55.74,-60.77,-58.50,-54.76,-59.86,-49.10,-57.38,2026-06-05 15:34:03+00:00
2026-06-05T15:35:03+00:00,-55.03,-63.24,-64.64,-58.78,-66.28,-51.29,-49.82,-51.46,-52.11,-46.34,-54.14,-60.98,-58.68,-54.80,-58.99,-48.87,-60.10,2026-06-05 15:35:03+00:00
2026-06-05T15:36:04+00:00,-54.56,-63.10,-64.78,-58.69,-65.78,-51.17,-49.52,-51.47,-52.13,-46.40,-55.82,-61.14,-58.66,-54.39,-59.08,-48.79,-59.89,2026-06-05 15:36:04+00:00
2026-06-05T15:37:04+00:00,-54.03,-63.30,-64.48,-58.76,-65.58,-51.12,-49.60,-51.43,-52.19,-46.38,-56.01,-61.04,-58.70,-53.94,-59.50,-48.80,-59.88,2026-06-05 15:37:04+00:00
2026-06-05T15:38:03+00:00,-53.12,-64.36,-64.64,-58.61,-66.47,-51.31,-49.57,-51.33,-52.17,-46.40,-55.85,-60.96,-58.78,-53.67,-59.27,-48.68,-59.40,2026-06-05 15:38:03+00:00
2026-06-05T15:39:03+00:00,-54.07,-63.16,-64.58,-58.59,-66.81,-51.17,-49.99,-51.35,-52.09,-46.41,-55.73,-60.91,-58.74,-53.48,-59.25,-48.36,-60.17,2026-06-05 15:39:03+00:00
2026-06-05T15:40:04+00:00,-53.09,-63.54,-64.82,-58.62,-67.41,-50.92,-49.58,-51.30,-52.13,-46.44,-55.98,-60.96,-58.70,-53.21,-59.50,-47.92,-60.29,2026-06-05 15:40:04+00:00
2026-06-05T15:41:04+00:00,-54.71,-64.09,-65.02,-58.32,-65.91,-51.29,-49.83,-51.32,-52.21,-46.51,-55.76,-61.02,-58.80,-52.99,-59.22,-47.85,-60.34,2026-06-05 15:41:04+00:00
2026-06-05T15:42:04+00:00,-55.76,-63.03,-64.79,-58.33,-66.63,-51.20,-49.79,-51.24,-52.27,-46.43,-55.79,-61.13,-58.64,-52.70,-59.47,-47.95,-60.01,2026-06-05 15:42:04+00:00
2026-06-05T15:43:03+00:00,-54.37,-64.29,-64.94,-58.94,-66.13,-51.29,-49.65,-51.26,-51.50,-46.55,-55.84,-61.33,-58.78,-52.39,-59.12,-47.70,-60.14,2026-06-05 15:43:03+00:00
2026-06-05T15:44:04+00:00,-53.91,-63.76,-65.20,-59.00,-66.31,-51.31,-49.85,-51.12,-51.49,-46.53,-55.71,-61.70,-58.71,-52.22,-59.65,-47.45,-59.84,2026-06-05 15:44:04+00:00
2026-06-05T15:45:03+00:00,-53.11,-63.99,-64.62,-59.68,-67.31,-51.32,-49.68,-50.62,-51.57,-46.58,-55.82,-61.66,-58.96,-52.05,-59.56,-47.40,-60.27,2026-06-05 15:45:03+00:00
2026-06-05T15:46:04+00:00,-51.73,-63.92,-65.04,-59.51,-66.45,-51.36,-49.49,-50.46,-48.65,-46.55,-55.90,-61.78,-58.73,-51.74,-59.27,-47.28,-60.45,2026-06-05 15:46:04+00:00
2026-06-05T15:47:04+00:00,-52.94,-63.96,-65.01,-59.50,-67.23,-51.48,-49.96,-50.80,-48.67,-46.63,-55.90,-62.27,-58.72,-51.63,-58.99,-47.50,-60.52,2026-06-05 15:47:04+00:00
2026-06-05T15:48:03+00:00,-52.40,-63.75,-64.80,-58.91,-66.78,-51.56,-50.26,-50.98,-48.74,-46.60,-55.74,-62.21,-58.83,-51.50,-59.70,-47.25,-58.03,2026-06-05 15:48:03+00:00
2026-06-05T15:49:04+00:00,-53.85,-63.61,-65.06,-58.87,-66.46,-51.23,-50.10,-51.16,-48.68,-46.61,-55.83,-62.68,-58.80,-51.20,-59.44,-47.16,-60.28,2026-06-05 15:49:04+00:00
2026-06-05T15:50:04+00:00,-51.90,-65.05,-65.00,-58.92,-65.92,-51.35,-49.72,-51.26,-48.72,-46.82,-56.07,-62.56,-58.77,-51.07,-59.71,-47.16,-60.34,2026-06-05 15:50:04+00:00
2026-06-05T15:51:03+00:00,-52.22,-64.73,-65.00,-59.00,-65.72,-51.33,-49.83,-51.26,-48.97,-46.77,-55.86,-62.60,-59.00,-50.80,-59.73,-47.07,-60.21,2026-06-05 15:51:03+00:00
2026-06-05T15:52:04+00:00,-52.30,-65.32,-64.98,-59.40,-66.23,-51.31,-49.68,-51.24,-49.01,-46.71,-55.85,-62.50,-58.81,-50.45,-59.65,-46.95,-60.27,2026-06-05 15:52:04+00:00
2026-06-05T15:53:04+00:00,-52.96,-60.67,-60.11,-55.78,-61.48,-51.12,-49.98,-51.18,-49.19,-47.09,-55.41,-59.39,-57.19,-50.15,-56.91,-47.32,-56.67,2026-06-05 15:53:04+00:00
2026-06-05T15:54:03+00:00,-52.79,-65.54,-64.97,-59.42,-66.55,-51.39,-49.63,-51.33,-48.87,-46.75,-55.95,-62.51,-58.88,-50.35,-58.40,-47.32,-59.00,2026-06-05 15:54:03+00:00
2026-06-05T15:55:03+00:00,-53.71,-64.11,-65.20,-59.28,-66.82,-51.19,-49.84,-51.32,-48.96,-47.04,-55.80,-62.54,-58.92,-50.25,-57.47,-47.12,-59.46,2026-06-05 15:55:03+00:00
2026-06-05T15:56:04+00:00,-52.28,-64.14,-65.05,-59.17,-66.64,-51.40,-50.03,-51.35,-49.05,-46.90,-55.98,-62.41,-59.05,-49.98,-59.47,-46.94,-60.47,2026-06-05 15:56:04+00:00
2026-06-05T15:57:04+00:00,-52.95,-63.39,-64.89,-58.78,-66.22,-51.39,-49.76,-51.44,-49.25,-46.96,-55.93,-62.61,-59.13,-49.81,-59.58,-46.91,-60.01,2026-06-05 15:57:04+00:00
2026-06-05T15:58:03+00:00,-52.93,-64.31,-64.78,-59.00,-66.09,-51.45,-49.63,-51.37,-49.68,-46.85,-56.04,-62.64,-59.08,-49.76,-59.77,-47.00,-60.06,2026-06-05 15:58:03+00:00
2026-06-05T15:59:03+00:00,-52.10,-63.64,-64.93,-59.01,-66.26,-51.43,-49.61,-51.42,-49.61,-46.82,-56.01,-62.51,-59.03,-49.63,-59.69,-46.81,-60.03,2026-06-05 15:59:03+00:00
2026-06-05T16:00:04+00:00,-53.07,-63.45,-65.21,-59.07,-66.69,-51.36,-49.91,-51.36,-49.47,-46.98,-56.07,-63.06,-67.63,-49.48,-59.76,-46.61,-59.58,2026-06-05 16:00:04+00:00
2026-06-05T16:01:04+00:00,-52.45,-63.86,-65.27,-58.94,-65.99,-51.52,-49.83,-51.43,-53.33,-46.88,-56.07,-62.92,-67.93,-49.32,-59.60,-46.51,-60.04,2026-06-05 16:01:04+00:00
2026-06-05T16:02:04+00:00,-53.97,-64.50,-65.35,-59.45,-65.71,-51.55,-49.38,-51.28,-53.30,-46.81,-56.15,-63.54,-68.20,-49.46,-59.60,-46.08,-60.05,2026-06-05 16:02:04+00:00
2026-06-05T16:03:04+00:00,-53.68,-63.50,-65.16,-59.61,-67.56,-51.42,-49.65,-51.29,-53.30,-46.88,-56.18,-62.83,-59.62,-49.39,-59.64,-46.26,-59.94,2026-06-05 16:03:04+00:00
2026-06-05T16:04:04+00:00,-50.01,-64.05,-65.04,-59.38,-66.25,-51.41,-49.33,-51.34,-52.80,-47.00,-56.23,-63.63,-59.30,-49.22,-60.17,-46.28,-53.64,2026-06-05 16:04:04+00:00
2026-06-05T16:05:04+00:00,-50.49,-63.78,-65.07,-59.27,-66.37,-51.48,-49.69,-51.39,-52.80,-47.26,-56.20,-62.27,-59.46,-49.00,-59.15,-46.37,-54.56,2026-06-05 16:05:04+00:00
2026-06-05T16:06:03+00:00,-49.71,-64.58,-64.97,-59.29,-66.07,-51.27,-49.75,-51.37,-52.67,-47.32,-56.31,-62.97,-59.39,-49.13,-59.42,-46.50,-54.41,2026-06-05 16:06:03+00:00
2026-06-05T16:07:04+00:00,-50.33,-63.66,-64.83,-58.30,-66.56,-51.37,-49.90,-51.23,-52.91,-47.22,-56.17,-63.00,-59.56,-49.02,-60.30,-46.21,-54.59,2026-06-05 16:07:04+00:00
2026-06-05T16:08:04+00:00,-50.18,-64.76,-65.07,-58.17,-65.29,-51.13,-50.00,-51.32,-52.85,-47.28,-56.27,-63.01,-59.26,-49.07,-59.73,-46.07,-55.13,2026-06-05 16:08:04+00:00
2026-06-05T16:09:03+00:00,-48.88,-63.96,-65.14,-58.55,-66.15,-51.47,-49.73,-50.82,-52.91,-47.27,-56.02,-63.60,-59.57,-48.86,-59.23,-46.21,-54.39,2026-06-05 16:09:03+00:00
2026-06-05T16:10:03+00:00,-50.40,-62.73,-65.39,-58.83,-66.30,-51.36,-49.72,-50.55,-52.69,-47.18,-55.96,-63.90,-59.56,-48.92,-60.13,-45.99,-55.21,2026-06-05 16:10:03+00:00
2026-06-05T16:11:04+00:00,-50.54,-64.52,-65.09,-58.08,-66.33,-51.23,-49.74,-51.23,-52.74,-47.25,-55.93,-64.60,-59.48,-48.99,-60.11,-46.13,-54.44,2026-06-05 16:11:04+00:00
2026-06-05T16:12:04+00:00,-50.39,-64.00,-65.10,-58.15,-66.19,-51.28,-50.04,-51.41,-52.71,-47.09,-56.03,-64.80,-59.64,-48.98,-59.67,-46.30,-54.40,2026-06-05 16:12:04+00:00
2026-06-05T16:13:03+00:00,-50.37,-63.31,-65.21,-58.06,-67.02,-51.35,-49.93,-51.47,-52.77,-47.00,-56.32,-64.54,-59.75,-48.89,-60.05,-46.02,-55.40,2026-06-05 16:13:03+00:00
2026-06-05T16:14:03+00:00,-50.12,-63.26,-65.00,-58.00,-65.42,-51.40,-49.55,-51.49,-53.00,-46.91,-56.20,-65.42,-59.71,-48.72,-60.34,-46.19,-54.52,2026-06-05 16:14:03+00:00
2026-06-05T16:15:04+00:00,-50.48,-62.58,-63.60,-57.82,-65.37,-51.31,-49.66,-51.44,-52.93,-47.07,-55.91,-64.20,-66.43,-48.70,-59.15,-46.12,-57.63,2026-06-05 16:15:04+00:00
2026-06-05T16:16:04+00:00,-50.14,-63.35,-65.31,-57.74,-66.54,-51.39,-49.89,-51.55,-53.02,-47.10,-55.29,-64.86,-68.26,-48.73,-59.88,-46.02,-59.08,2026-06-05 16:16:04+00:00
2026-06-05T16:17:03+00:00,-50.38,-65.43,-65.34,-57.85,-66.38,-51.50,-49.73,-51.53,-53.06,-47.09,-56.10,-64.68,-68.38,-48.73,-59.79,-46.00,-60.31,2026-06-05 16:17:03+00:00
2026-06-05T16:18:03+00:00,-50.29,-65.15,-65.04,-58.68,-65.80,-51.37,-49.79,-51.66,-51.87,-47.14,-56.13,-64.88,-68.53,-48.51,-57.69,-46.03,-54.91,2026-06-05 16:18:03+00:00
2026-06-05T16:19:04+00:00,-53.23,-65.61,-65.24,-58.90,-65.89,-51.47,-49.49,-51.60,-52.24,-47.04,-55.96,-64.67,-67.29,-48.52,-59.62,-46.07,-60.92,2026-06-05 16:19:04+00:00
2026-06-05T16:20:04+00:00,-52.84,-64.50,-64.98,-58.96,-66.03,-48.71,-49.89,-51.51,-52.17,-46.96,-55.98,-64.82,-67.03,-48.28,-59.81,-45.70,-60.40,2026-06-05 16:20:04+00:00
2026-06-05T16:21:04+00:00,-52.71,-63.56,-64.66,-58.70,-66.00,-50.22,-49.75,-51.55,-52.21,-46.80,-55.28,-64.87,-67.94,-48.19,-59.76,-45.63,-58.91,2026-06-05 16:21:04+00:00
2026-06-05T16:22:03+00:00,-52.31,-63.71,-64.44,-58.60,-66.03,-50.01,-49.62,-51.54,-52.19,-46.95,-55.44,-64.36,-67.33,-47.92,-60.13,-45.94,-58.89,2026-06-05 16:22:03+00:00
2026-06-05T16:23:03+00:00,-53.01,-65.08,-64.85,-58.87,-66.71,-46.33,-50.07,-51.54,-52.23,-46.95,-55.19,-64.71,-67.99,-48.02,-59.92,-45.91,-60.05,2026-06-05 16:23:03+00:00
2026-06-05T16:24:04+00:00,-52.33,-65.17,-64.84,-58.57,-65.59,-46.50,-50.13,-51.53,-52.01,-46.99,-55.46,-64.79,-68.23,-47.85,-59.82,-45.62,-60.51,2026-06-05 16:24:04+00:00
2026-06-05T16:25:04+00:00,-52.56,-65.35,-64.83,-58.14,-65.58,-46.64,-49.44,-51.41,-52.10,-47.20,-55.54,-65.28,-67.92,-47.81,-60.47,-45.75,-60.29,2026-06-05 16:25:04+00:00
2026-06-05T16:26:04+00:00,-52.65,-63.94,-64.67,-58.56,-66.00,-46.40,-49.84,-51.09,-52.14,-47.01,-55.63,-65.18,-67.84,-47.66,-59.86,-45.76,-58.57,2026-06-05 16:26:04+00:00
2026-06-05T16:27:04+00:00,-53.57,-64.13,-64.86,-58.76,-66.75,-46.41,-49.85,-51.49,-49.82,-47.16,-56.17,-65.02,-60.22,-47.65,-60.57,-45.53,-61.02,2026-06-05 16:27:04+00:00
2026-06-05T16:28:03+00:00,-53.08,-63.19,-64.45,-58.71,-66.39,-46.40,-50.08,-51.41,-49.48,-47.28,-55.82,-64.80,-60.52,-47.44,-59.90,-45.74,-58.51,2026-06-05 16:28:03+00:00
2026-06-05T16:29:03+00:00,-53.25,-64.49,-65.12,-58.84,-65.47,-46.28,-50.26,-51.43,-49.59,-47.19,-56.26,-64.92,-60.58,-47.39,-59.33,-45.69,-60.72,2026-06-05 16:29:03+00:00
2026-06-05T16:30:04+00:00,-53.64,-64.41,-65.13,-59.10,-66.40,-46.53,-49.93,-51.47,-49.52,-47.24,-56.11,-65.59,-60.83,-47.48,-59.88,-45.87,-60.20,2026-06-05 16:30:04+00:00
2026-06-05T16:31:04+00:00,-53.41,-63.85,-64.83,-58.82,-65.82,-46.41,-49.92,-51.42,-47.61,-47.35,-56.28,-64.37,-60.62,-47.39,-59.91,-45.88,-60.47,2026-06-05 16:31:04+00:00
2026-06-05T16:32:03+00:00,-52.60,-65.38,-64.99,-59.08,-66.55,-46.47,-49.59,-51.42,-47.66,-47.28,-56.75,-65.32,-60.78,-47.34,-59.33,-45.97,-60.70,2026-06-05 16:32:03+00:00
2026-06-05T16:33:03+00:00,-52.16,-64.87,-64.75,-58.90,-65.92,-46.73,-50.10,-51.39,-47.86,-47.37,-56.61,-64.73,-60.73,-47.31,-59.68,-46.21,-60.94,2026-06-05 16:33:03+00:00
2026-06-05T16:34:04+00:00,-52.75,-64.46,-65.05,-58.87,-66.92,-46.59,-50.02,-51.34,-47.88,-47.29,-56.72,-65.11,-60.68,-47.09,-59.67,-46.00,-61.02,2026-06-05 16:34:04+00:00
2026-06-05T16:35:04+00:00,-51.79,-66.35,-64.93,-58.94,-65.52,-46.68,-50.22,-51.35,-47.81,-47.46,-56.54,-64.26,-60.83,-47.10,-59.92,-46.12,-60.19,2026-06-05 16:35:04+00:00
2026-06-05T16:36:04+00:00,-52.97,-65.76,-65.04,-58.59,-66.45,-46.58,-50.21,-51.29,-47.81,-47.26,-56.85,-65.03,-61.05,-47.25,-60.09,-46.18,-60.29,2026-06-05 16:36:04+00:00
2026-06-05T16:37:04+00:00,-54.09,-65.13,-64.92,-58.33,-66.23,-46.84,-50.07,-51.35,-47.82,-47.37,-56.49,-64.81,-60.94,-46.90,-58.98,-46.22,-60.76,2026-06-05 16:37:04+00:00
2026-06-05T16:38:04+00:00,-52.36,-65.46,-64.98,-58.55,-66.10,-46.83,-49.89,-51.34,-47.82,-47.37,-53.91,-64.02,-60.99,-46.84,-59.42,-46.32,-59.91,2026-06-05 16:38:04+00:00
2026-06-05T16:39:03+00:00,-52.80,-63.77,-65.11,-58.50,-66.40,-46.54,-49.93,-51.30,-47.79,-47.32,-56.63,-64.64,-61.13,-46.88,-60.22,-46.44,-60.11,2026-06-05 16:39:03+00:00
2026-06-05T16:40:03+00:00,-53.55,-65.43,-64.94,-58.19,-65.08,-46.57,-50.10,-51.27,-47.83,-47.34,-54.66,-64.07,-60.95,-46.82,-59.75,-46.43,-59.48,2026-06-05 16:40:03+00:00
2026-06-05T16:41:04+00:00,-53.47,-65.29,-65.16,-58.35,-66.63,-46.72,-50.09,-51.27,-47.93,-47.25,-56.67,-64.17,-61.12,-46.82,-60.14,-46.71,-60.46,2026-06-05 16:41:04+00:00
2026-06-05T16:42:04+00:00,-53.39,-63.93,-64.92,-58.92,-66.02,-46.57,-49.88,-51.14,-49.17,-47.23,-56.71,-64.24,-61.09,-46.82,-60.15,-46.68,-59.97,2026-06-05 16:42:04+00:00
2026-06-05T16:43:03+00:00,-52.56,-63.08,-64.98,-58.93,-65.61,-46.71,-49.85,-50.46,-49.57,-47.37,-56.55,-64.29,-61.17,-46.62,-60.30,-46.55,-59.65,2026-06-05 16:43:03+00:00
2026-06-05T16:44:03+00:00,-52.72,-62.96,-64.69,-58.25,-65.54,-46.73,-49.70,-50.58,-49.56,-47.36,-54.94,-64.26,-62.22,-46.41,-59.65,-46.90,-57.83,2026-06-05 16:44:03+00:00
2026-06-05T16:45:04+00:00,-50.21,-63.46,-64.83,-58.33,-66.38,-46.77,-50.07,-50.93,-49.60,-47.26,-56.55,-64.30,-60.60,-46.69,-59.67,-46.72,-59.61,2026-06-05 16:45:04+00:00
2026-06-05T16:46:04+00:00,-50.57,-64.54,-64.34,-57.84,-66.22,-46.06,-50.24,-51.28,-53.48,-47.32,-56.54,-63.72,-60.68,-46.41,-59.82,-46.96,-59.73,2026-06-05 16:46:04+00:00
2026-06-05T16:47:04+00:00,-49.87,-64.68,-64.25,-57.71,-66.63,-46.90,-49.84,-51.23,-53.35,-47.46,-56.50,-63.72,-60.39,-46.39,-59.57,-46.76,-57.66,2026-06-05 16:47:04+00:00
2026-06-05T16:48:03+00:00,-49.71,-64.40,-64.22,-58.07,-66.36,-46.17,-50.22,-51.26,-53.31,-47.33,-56.50,-63.73,-60.24,-46.25,-59.75,-47.05,-59.07,2026-06-05 16:48:03+00:00
2026-06-05T16:49:03+00:00,-47.91,-64.34,-64.63,-58.18,-65.47,-46.82,-50.33,-51.09,-52.70,-47.56,-56.73,-64.19,-60.70,-46.21,-60.14,-47.17,-56.84,2026-06-05 16:49:03+00:00
2026-06-05T16:50:04+00:00,-47.94,-65.27,-64.58,-59.11,-66.59,-46.96,-49.49,-50.45,-52.66,-47.62,-56.55,-64.36,-60.52,-46.10,-59.80,-46.92,-56.52,2026-06-05 16:50:04+00:00
2026-06-05T16:51:04+00:00,-48.70,-64.68,-64.71,-59.35,-66.10,-46.67,-50.02,-50.20,-52.62,-47.48,-56.69,-64.55,-60.55,-46.02,-59.79,-46.97,-60.79,2026-06-05 16:51:04+00:00
2026-06-05T16:52:03+00:00,-50.21,-63.72,-64.66,-59.31,-66.41,-46.82,-49.66,-50.17,-52.54,-47.58,-56.64,-64.60,-60.63,-45.99,-59.76,-46.93,-60.57,2026-06-05 16:52:03+00:00
2026-06-05T16:53:03+00:00,-48.74,-63.97,-64.76,-59.08,-66.28,-46.76,-49.77,-50.22,-52.52,-47.64,-54.39,-64.90,-60.58,-45.89,-59.68,-47.34,-56.85,2026-06-05 16:53:03+00:00
2026-06-05T16:54:04+00:00,-48.65,-63.09,-64.63,-58.97,-65.66,-47.04,-49.67,-50.27,-52.61,-47.62,-56.82,-64.74,-60.63,-45.93,-60.21,-46.93,-57.45,2026-06-05 16:54:04+00:00
2026-06-05T16:55:04+00:00,-48.59,-64.22,-65.06,-58.68,-65.71,-47.18,-50.20,-50.33,-53.06,-47.72,-56.95,-64.90,-60.66,-45.84,-59.67,-47.23,-59.66,2026-06-05 16:55:04+00:00
2026-06-05T16:56:03+00:00,-48.57,-62.30,-64.67,-58.94,-65.64,-47.17,-49.56,-50.28,-52.41,-47.76,-56.71,-64.73,-60.59,-45.81,-59.91,-47.13,-59.98,2026-06-05 16:56:03+00:00
2026-06-05T16:57:03+00:00,-49.26,-63.67,-64.44,-59.06,-66.64,-47.09,-49.87,-49.99,-52.36,-47.69,-56.62,-64.72,-60.58,-45.72,-59.98,-47.05,-60.15,2026-06-05 16:57:03+00:00
2026-06-05T16:58:03+00:00,-49.49,-63.73,-64.36,-58.82,-66.08,-47.19,-49.66,-50.03,-52.41,-47.68,-56.88,-64.88,-60.74,-45.61,-60.04,-46.81,-60.59,2026-06-05 16:58:03+00:00
2026-06-05T16:59:04+00:00,-49.24,-64.15,-64.67,-59.06,-65.79,-47.17,-49.81,-50.06,-52.45,-47.67,-55.84,-65.02,-60.84,-45.66,-60.00,-47.14,-60.32,2026-06-05 16:59:04+00:00
2026-06-05T17:00:04+00:00,-49.50,-62.79,-64.44,-58.91,-67.00,-46.96,-49.97,-50.20,-52.38,-47.55,-56.67,-64.62,-61.05,-45.61,-60.57,-47.09,-60.03,2026-06-05 17:00:04+00:00
2026-06-05T17:01:04+00:00,-49.60,-64.23,-64.52,-59.35,-66.43,-47.14,-49.63,-50.11,-52.32,-47.52,-56.82,-64.78,-61.04,-45.60,-60.11,-47.17,-60.30,2026-06-05 17:01:04+00:00
2026-06-05T17:02:04+00:00,-49.08,-64.34,-64.87,-59.22,-66.35,-47.22,-49.99,-50.20,-52.70,-47.66,-56.73,-64.87,-61.07,-45.65,-59.62,-47.24,-58.64,2026-06-05 17:02:04+00:00
2026-06-05T17:03:04+00:00,-49.55,-65.20,-64.00,-59.33,-66.24,-47.25,-49.49,-50.15,-51.52,-47.58,-56.77,-65.02,-61.13,-45.62,-59.93,-47.43,-59.88,2026-06-05 17:03:04+00:00
2026-06-05T17:04:03+00:00,-52.69,-64.56,-64.01,-59.10,-66.11,-47.21,-50.06,-50.09,-52.46,-47.67,-55.44,-64.87,-61.06,-45.47,-60.05,-47.29,-60.01,2026-06-05 17:04:03+00:00
2026-06-05T17:05:04+00:00,-52.66,-64.32,-65.06,-57.47,-65.26,-47.11,-49.85,-50.07,-52.24,-47.72,-57.00,-64.51,-61.31,-45.66,-59.93,-47.50,-59.89,2026-06-05 17:05:04+00:00
2026-06-05T17:06:04+00:00,-53.24,-64.65,-64.86,-57.61,-65.72,-47.33,-49.95,-50.23,-52.28,-47.75,-56.87,-64.32,-61.32,-45.63,-59.04,-47.45,-59.03,2026-06-05 17:06:04+00:00
2026-06-05T17:07:03+00:00,-52.40,-64.81,-64.60,-57.77,-66.60,-47.09,-50.47,-50.23,-52.70,-47.66,-56.98,-64.66,-61.27,-45.62,-59.94,-47.44,-58.83,2026-06-05 17:07:03+00:00
2026-06-05T17:08:03+00:00,-53.84,-64.01,-64.70,-57.88,-67.14,-46.05,-49.65,-49.64,-51.32,-47.39,-54.81,-64.55,-61.28,-45.42,-59.24,-47.76,-59.50,2026-06-05 17:08:03+00:00
2026-06-05T17:09:04+00:00,-53.57,-64.66,-64.47,-57.90,-66.69,-45.94,-49.53,-49.52,-50.79,-47.38,-54.90,-64.60,-61.31,-45.64,-60.05,-47.71,-59.24,2026-06-05 17:09:04+00:00
2026-06-05T17:10:04+00:00,-53.77,-64.39,-64.07,-57.47,-66.71,-45.88,-49.99,-49.87,-50.65,-47.42,-54.34,-64.16,-61.16,-45.72,-59.92,-47.83,-59.37,2026-06-05 17:10:04+00:00
2026-06-05T17:11:03+00:00,-54.11,-63.68,-64.06,-57.49,-67.21,-46.47,-50.07,-50.52,-51.78,-47.79,-55.71,-64.11,-61.40,-45.67,-59.90,-48.02,-60.16,2026-06-05 17:11:03+00:00
2026-06-05T17:12:03+00:00,-53.49,-64.11,-63.97,-57.47,-66.79,-46.77,-50.37,-50.47,-49.87,-47.73,-55.96,-63.98,-61.21,-45.53,-60.09,-47.66,-60.44,2026-06-05 17:12:03+00:00
2026-06-05T17:13:04+00:00,-53.71,-64.48,-62.18,-57.12,-66.82,-46.85,-50.67,-50.47,-49.71,-47.71,-56.18,-64.29,-61.25,-45.55,-59.82,-47.69,-60.08,2026-06-05 17:13:04+00:00
2026-06-05T17:14:04+00:00,-53.14,-63.24,-62.52,-57.15,-65.91,-46.51,-50.27,-50.42,-49.70,-47.67,-56.12,-63.85,-61.56,-45.39,-59.73,-47.65,-59.98,2026-06-05 17:14:04+00:00
2026-06-05T17:15:04+00:00,-53.61,-65.92,-64.17,-56.85,-66.63,-47.03,-50.36,-50.41,-49.98,-47.67,-56.18,-63.94,-61.66,-45.51,-59.33,-47.49,-60.61,2026-06-05 17:15:04+00:00
2026-06-05T17:16:03+00:00,-53.67,-65.83,-64.03,-56.53,-66.41,-47.02,-50.41,-50.64,-48.06,-47.55,-56.16,-67.84,-61.66,-45.54,-59.88,-47.62,-60.54,2026-06-05 17:16:03+00:00
2026-06-05T17:17:03+00:00,-53.25,-65.87,-64.21,-57.86,-66.47,-47.00,-50.19,-50.68,-47.61,-47.61,-55.98,-68.23,-61.56,-45.70,-60.17,-47.79,-61.02,2026-06-05 17:17:03+00:00
2026-06-05T17:18:04+00:00,-53.10,-65.86,-64.22,-57.83,-66.62,-46.83,-50.09,-50.56,-47.79,-47.71,-56.22,-67.96,-61.40,-45.32,-59.32,-47.67,-60.37,2026-06-05 17:18:04+00:00
2026-06-05T17:19:04+00:00,-53.44,-65.75,-64.02,-58.03,-65.73,-46.53,-49.95,-50.63,-47.90,-47.56,-55.45,-68.20,-61.59,-45.35,-59.85,-47.51,-60.01,2026-06-05 17:19:04+00:00
2026-06-05T17:20:04+00:00,-53.17,-66.10,-64.64,-58.23,-66.92,-46.64,-50.14,-50.56,-47.76,-47.64,-56.55,-68.23,-61.59,-45.33,-59.83,-47.45,-59.82,2026-06-05 17:20:04+00:00
2026-06-05T17:21:03+00:00,-53.41,-64.59,-64.40,-57.95,-66.66,-46.52,-49.89,-50.60,-47.84,-47.66,-56.73,-67.80,-61.72,-45.19,-59.72,-47.47,-60.02,2026-06-05 17:21:03+00:00
2026-06-05T17:22:03+00:00,-53.18,-65.13,-64.39,-57.94,-65.36,-46.64,-49.91,-50.67,-47.92,-47.61,-56.33,-67.90,-61.94,-45.17,-59.43,-47.90,-60.27,2026-06-05 17:22:03+00:00
2026-06-05T17:23:04+00:00,-53.39,-65.45,-64.42,-57.68,-66.72,-46.60,-50.33,-50.89,-47.93,-47.81,-56.55,-68.20,-62.04,-45.20,-59.82,-47.70,-60.27,2026-06-05 17:23:04+00:00
2026-06-05T17:24:04+00:00,-53.89,-62.65,-64.45,-57.90,-66.43,-46.67,-50.33,-50.72,-47.88,-47.78,-56.35,-67.86,-62.04,-45.14,-59.45,-47.82,-60.20,2026-06-05 17:24:04+00:00
2026-06-05T17:25:03+00:00,-51.08,-60.52,-64.43,-57.62,-65.35,-46.56,-50.45,-50.69,-47.84,-47.95,-56.40,-67.93,-61.89,-45.18,-59.74,-47.62,-59.63,2026-06-05 17:25:03+00:00
2026-06-05T17:26:03+00:00,-50.98,-62.06,-64.80,-57.47,-66.22,-46.21,-50.65,-50.74,-47.85,-47.98,-56.64,-67.49,-61.83,-45.07,-59.26,-47.82,-60.55,2026-06-05 17:26:03+00:00
2026-06-05T17:27:03+00:00,-50.87,-63.13,-64.36,-57.48,-66.29,-46.14,-50.31,-50.73,-49.15,-48.11,-56.46,-67.59,-62.13,-44.93,-59.83,-47.76,-60.33,2026-06-05 17:27:03+00:00
2026-06-05T17:28:04+00:00,-52.13,-61.85,-64.12,-57.49,-66.90,-46.12,-50.23,-50.74,-49.18,-48.17,-56.76,-67.37,-62.14,-45.02,-60.06,-47.88,-59.92,2026-06-05 17:28:04+00:00
2026-06-05T17:29:04+00:00,-52.07,-62.19,-64.38,-57.31,-65.97,-45.79,-50.44,-50.79,-49.09,-48.15,-56.05,-67.81,-62.30,-45.35,-59.56,-47.89,-60.24,2026-06-05 17:29:04+00:00
2026-06-05T17:30:04+00:00,-51.42,-63.78,-64.43,-57.54,-66.74,-45.87,-49.99,-50.73,-49.13,-48.23,-56.66,-67.34,-62.20,-45.20,-59.97,-47.81,-59.76,2026-06-05 17:30:04+00:00
2026-06-05T17:31:04+00:00,-51.77,-64.82,-64.79,-57.25,-66.62,-45.72,-50.61,-50.75,-52.54,-48.22,-56.74,-67.44,-62.08,-44.91,-60.19,-47.85,-57.17,2026-06-05 17:31:04+00:00
2026-06-05T17:32:04+00:00,-50.87,-64.88,-64.53,-57.29,-65.59,-45.59,-50.57,-50.78,-52.52,-48.24,-56.47,-67.30,-62.32,-45.09,-59.85,-48.03,-58.69,2026-06-05 17:32:04+00:00
2026-06-05T17:33:04+00:00,-50.48,-64.82,-64.62,-57.34,-66.44,-45.82,-50.76,-50.67,-52.49,-48.35,-56.50,-67.83,-62.48,-44.85,-59.84,-47.94,-59.28,2026-06-05 17:33:04+00:00
2026-06-05T17:34:04+00:00,-48.67,-64.39,-64.86,-57.27,-65.90,-45.84,-50.23,-50.68,-52.02,-48.27,-56.66,-67.74,-62.34,-44.95,-59.93,-48.02,-59.33,2026-06-05 17:34:04+00:00
2026-06-05T17:35:03+00:00,-49.53,-65.40,-64.69,-57.35,-66.71,-45.58,-50.76,-50.72,-51.96,-48.41,-56.69,-67.94,-62.70,-44.91,-59.82,-48.34,-58.33,2026-06-05 17:35:03+00:00
2026-06-05T17:36:04+00:00,-49.62,-64.86,-64.28,-57.52,-65.75,-45.43,-50.76,-50.71,-51.88,-48.42,-56.61,-67.84,-62.69,-44.90,-59.57,-48.24,-60.18,2026-06-05 17:36:04+00:00
2026-06-05T17:37:04+00:00,-49.69,-63.39,-64.45,-57.03,-66.37,-45.13,-50.66,-50.86,-51.80,-48.43,-56.70,-67.94,-62.39,-44.80,-60.10,-48.58,-59.68,2026-06-05 17:37:04+00:00
2026-06-05T17:38:03+00:00,-48.96,-63.69,-64.43,-57.34,-66.25,-45.53,-50.91,-50.97,-51.71,-48.48,-56.55,-67.68,-62.47,-44.94,-60.09,-48.29,-60.15,2026-06-05 17:38:03+00:00
2026-06-05T17:39:03+00:00,-48.75,-64.03,-64.41,-57.51,-66.65,-45.61,-50.81,-50.93,-51.85,-48.57,-56.62,-67.63,-62.58,-44.88,-59.34,-48.38,-60.19,2026-06-05 17:39:03+00:00
2026-06-05T17:40:03+00:00,-48.66,-63.43,-64.57,-57.40,-65.65,-45.65,-50.37,-50.91,-51.92,-48.62,-56.74,-67.61,-62.84,-44.75,-59.73,-48.54,-60.25,2026-06-05 17:40:03+00:00
2026-06-05T17:41:04+00:00,-48.25,-64.81,-65.06,-57.19,-67.31,-45.60,-50.34,-50.83,-51.82,-48.73,-56.90,-67.31,-62.91,-44.74,-59.73,-48.80,-60.61,2026-06-05 17:41:04+00:00
2026-06-05T17:42:04+00:00,-48.71,-65.16,-64.83,-57.25,-65.99,-45.80,-50.76,-50.88,-52.01,-48.81,-57.01,-67.32,-62.80,-44.69,-59.74,-48.84,-59.96,2026-06-05 17:42:04+00:00
2026-06-05T17:43:03+00:00,-48.50,-63.82,-64.56,-57.04,-66.12,-45.54,-50.67,-51.07,-52.00,-48.82,-56.49,-67.69,-62.79,-44.55,-59.66,-48.86,-59.79,2026-06-05 17:43:03+00:00
2026-06-05T17:44:03+00:00,-48.24,-64.13,-64.48,-56.66,-65.94,-45.72,-51.01,-51.03,-51.90,-48.79,-56.76,-67.44,-62.94,-44.51,-60.28,-48.77,-57.80,2026-06-05 17:44:03+00:00
2026-06-05T17:45:04+00:00,-48.74,-60.55,-65.02,-56.52,-67.08,-45.27,-50.91,-51.11,-51.90,-48.81,-57.06,-67.33,-62.83,-44.61,-59.17,-48.67,-60.31,2026-06-05 17:45:04+00:00
2026-06-05T17:46:04+00:00,-48.57,-60.47,-64.40,-56.23,-66.44,-45.71,-50.18,-51.21,-51.81,-48.62,-56.79,-67.27,-63.05,-44.60,-59.79,-48.76,-60.49,2026-06-05 17:46:04+00:00
2026-06-05T17:47:04+00:00,-48.97,-60.38,-64.36,-56.17,-65.19,-45.61,-50.39,-51.16,-51.80,-48.87,-56.72,-67.11,-63.25,-44.73,-60.03,-48.91,-59.79,2026-06-05 17:47:04+00:00
2026-06-05T17:48:03+00:00,-48.76,-60.53,-64.62,-56.22,-65.88,-45.73,-50.24,-51.10,-51.46,-48.84,-57.15,-66.96,-62.62,-44.48,-59.79,-48.89,-57.42,2026-06-05 17:48:03+00:00
2026-06-05T17:49:03+00:00,-50.81,-61.94,-64.40,-56.47,-66.16,-45.62,-50.45,-51.17,-51.85,-48.88,-56.98,-67.10,-63.47,-44.75,-59.80,-48.83,-60.04,2026-06-05 17:49:03+00:00
2026-06-05T17:50:03+00:00,-51.03,-62.40,-64.75,-56.81,-66.49,-45.95,-50.09,-51.14,-51.99,-48.89,-56.83,-66.98,-63.10,-44.67,-60.47,-49.18,-60.75,2026-06-05 17:50:03+00:00
2026-06-05T17:51:04+00:00,-50.77,-62.38,-63.37,-57.14,-66.20,-45.55,-50.43,-51.36,-51.67,-48.91,-56.83,-65.00,-63.29,-44.75,-59.58,-49.07,-60.70,2026-06-05 17:51:04+00:00
2026-06-05T17:52:04+00:00,-50.82,-62.96,-64.55,-56.89,-66.44,-45.79,-50.47,-51.36,-51.83,-48.90,-57.02,-66.93,-63.27,-44.78,-59.74,-48.75,-60.79,2026-06-05 17:52:04+00:00
2026-06-05T17:53:04+00:00,-52.42,-62.90,-64.05,-57.14,-65.69,-45.90,-50.11,-51.42,-51.99,-49.01,-57.35,-66.87,-63.81,-44.57,-60.32,-49.18,-57.12,2026-06-05 17:53:04+00:00
2026-06-05T17:54:03+00:00,-53.61,-62.99,-64.66,-57.45,-66.48,-45.67,-50.32,-51.43,-51.78,-49.17,-55.12,-67.57,-64.24,-44.84,-59.66,-48.93,-59.97,2026-06-05 17:54:03+00:00
2026-06-05T17:55:03+00:00,-51.70,-62.98,-64.65,-57.20,-66.09,-45.72,-50.80,-51.48,-51.87,-49.16,-54.06,-67.55,-63.63,-44.54,-59.21,-49.18,-59.85,2026-06-05 17:55:03+00:00
2026-06-05T17:56:04+00:00,-52.41,-63.16,-64.62,-57.28,-66.81,-45.79,-50.19,-51.50,-51.77,-49.25,-57.31,-67.65,-63.72,-44.69,-59.43,-49.38,-60.36,2026-06-05 17:56:04+00:00
2026-06-05T17:57:04+00:00,-52.66,-62.95,-64.93,-57.27,-65.88,-45.85,-51.03,-51.55,-49.60,-49.07,-57.29,-67.60,-63.27,-44.68,-59.69,-49.38,-59.22,2026-06-05 17:57:04+00:00
2026-06-05T17:58:04+00:00,-52.01,-63.35,-64.49,-57.36,-65.45,-45.74,-50.98,-51.74,-49.60,-49.22,-54.86,-67.39,-62.37,-44.71,-59.58,-49.47,-60.25,2026-06-05 17:58:04+00:00
2026-06-05T17:59:04+00:00,-52.29,-63.48,-65.20,-57.61,-67.21,-45.53,-50.75,-51.72,-49.74,-49.37,-57.59,-68.08,-64.32,-44.67,-59.93,-49.51,-59.92,2026-06-05 17:59:04+00:00
2026-06-05T18:00:03+00:00,-51.44,-63.48,-64.45,-57.59,-66.07,-45.64,-51.04,-51.65,-49.60,-49.56,-57.35,-67.07,-64.30,-44.61,-60.09,-49.50,-56.87,2026-06-05 18:00:03+00:00
2026-06-05T18:01:03+00:00,-51.96,-63.63,-64.83,-57.73,-67.00,-45.74,-50.84,-51.83,-47.51,-52.28,-57.39,-67.72,-61.97,-44.72,-59.38,-50.07,-58.83,2026-06-05 18:01:03+00:00
2026-06-05T18:02:04+00:00,-51.93,-59.19,-64.47,-57.57,-66.55,-45.73,-50.57,-51.90,-47.50,-49.89,-57.01,-66.96,-63.87,-44.55,-59.52,-49.76,-57.80,2026-06-05 18:02:04+00:00
2026-06-05T18:03:03+00:00,-51.64,-58.86,-64.77,-57.38,-67.39,-45.72,-51.22,-54.94,-47.83,-49.58,-57.25,-67.20,-62.04,-44.82,-60.26,-49.53,-56.50,2026-06-05 18:03:03+00:00
2026-06-05T18:04:03+00:00,-51.67,-61.48,-64.47,-57.21,-66.91,-45.85,-51.09,-55.55,-47.76,-49.74,-56.88,-67.43,-64.28,-44.77,-59.49,-49.89,-60.08,2026-06-05 18:04:03+00:00
2026-06-05T18:05:04+00:00,-51.71,-61.37,-65.09,-57.73,-67.32,-46.02,-51.13,-56.13,-47.81,-49.87,-56.76,-67.17,-64.86,-44.76,-60.01,-49.95,-58.74,2026-06-05 18:05:04+00:00
2026-06-05T18:06:03+00:00,-51.17,-59.16,-64.06,-57.62,-66.78,-45.76,-50.67,-56.50,-47.88,-49.75,-56.36,-66.71,-64.35,-44.74,-59.60,-49.90,-59.30,2026-06-05 18:06:03+00:00
2026-06-05T18:07:04+00:00,-51.62,-62.90,-64.31,-57.66,-66.27,-45.84,-51.42,-57.44,-47.85,-49.74,-56.70,-67.57,-64.81,-44.80,-60.07,-49.63,-57.76,2026-06-05 18:07:04+00:00
2026-06-05T18:08:04+00:00,-52.02,-62.10,-64.26,-57.71,-66.88,-45.97,-50.89,-58.13,-47.80,-49.94,-57.51,-67.90,-64.93,-44.99,-59.91,-49.62,-59.73,2026-06-05 18:08:04+00:00
2026-06-05T18:09:04+00:00,-51.69,-62.62,-63.64,-57.56,-66.59,-45.81,-50.39,-58.68,-47.79,-49.70,-57.23,-65.83,-63.91,-44.78,-59.24,-49.64,-58.72,2026-06-05 18:09:04+00:00
2026-06-05T18:10:03+00:00,-52.02,-62.66,-64.47,-57.38,-65.60,-46.01,-51.15,-60.19,-47.77,-49.91,-57.49,-67.33,-64.67,-44.89,-58.99,-49.75,-58.87,2026-06-05 18:10:03+00:00
2026-06-05T18:11:03+00:00,-51.74,-62.59,-63.84,-57.44,-65.89,-46.02,-51.09,-61.11,-47.77,-49.90,-54.78,-66.24,-63.90,-44.88,-59.48,-49.58,-58.74,2026-06-05 18:11:03+00:00
2026-06-05T18:12:04+00:00,-52.30,-61.61,-64.45,-57.35,-66.05,-46.07,-50.69,-60.79,-48.97,-50.11,-57.37,-67.37,-64.68,-44.88,-59.33,-49.65,-58.93,2026-06-05 18:12:04+00:00
2026-06-05T18:13:04+00:00,-52.02,-61.24,-63.82,-56.76,-66.73,-45.97,-51.54,-61.24,-49.02,-50.04,-57.52,-67.07,-64.20,-45.10,-59.72,-49.47,-59.00,2026-06-05 18:13:04+00:00
2026-06-05T18:14:04+00:00,-52.33,-60.68,-64.25,-57.20,-67.04,-45.94,-50.86,-61.79,-49.04,-50.06,-57.67,-67.47,-64.79,-45.01,-59.57,-49.69,-59.07,2026-06-05 18:14:04+00:00
2026-06-05T18:15:03+00:00,-51.84,-61.07,-63.50,-57.25,-66.77,-46.05,-51.50,-62.23,-49.35,-49.81,-57.33,-66.12,-64.45,-44.98,-59.37,-49.51,-58.31,2026-06-05 18:15:03+00:00
2026-06-05T18:16:03+00:00,-52.06,-61.57,-63.53,-56.68,-65.52,-46.01,-51.53,-61.99,-52.07,-50.10,-57.40,-66.28,-64.31,-44.75,-59.46,-49.47,-56.90,2026-06-05 18:16:03+00:00
2026-06-05T18:17:03+00:00,-51.67,-62.00,-64.00,-57.01,-67.09,-45.98,-51.32,-62.37,-52.14,-50.07,-57.43,-66.58,-64.09,-44.96,-59.37,-49.71,-52.47,2026-06-05 18:17:03+00:00
2026-06-05T18:18:04+00:00,-51.98,-62.59,-63.85,-57.12,-66.52,-45.95,-51.19,-63.99,-52.24,-50.06,-57.51,-66.58,-64.11,-45.00,-59.63,-49.71,-52.54,2026-06-05 18:18:04+00:00
2026-06-05T18:19:04+00:00,-49.17,-61.59,-64.00,-57.37,-66.65,-45.99,-51.79,-63.65,-51.61,-50.09,-57.50,-67.21,-64.81,-44.91,-59.03,-49.54,-53.96,2026-06-05 18:19:04+00:00
2026-06-05T18:20:04+00:00,-49.67,-60.17,-63.97,-57.17,-66.79,-45.94,-51.02,-64.69,-51.62,-50.01,-57.67,-67.11,-64.71,-44.92,-59.51,-49.68,-52.51,2026-06-05 18:20:04+00:00
2026-06-05T18:21:03+00:00,-49.21,-61.68,-64.21,-57.26,-66.17,-45.73,-51.25,-65.05,-51.75,-50.19,-57.85,-66.93,-64.57,-44.81,-59.45,-49.60,-52.51,2026-06-05 18:21:03+00:00
2026-06-05T18:22:03+00:00,-49.32,-61.76,-64.02,-57.51,-64.97,-45.87,-51.56,-65.42,-51.60,-50.26,-57.60,-66.30,-64.54,-44.99,-59.17,-49.99,-52.41,2026-06-05 18:22:03+00:00
2026-06-05T18:23:04+00:00,-49.27,-61.34,-64.16,-57.25,-65.55,-46.03,-51.53,-65.09,-51.63,-50.38,-57.92,-67.31,-63.96,-44.88,-59.18,-50.05,-52.43,2026-06-05 18:23:04+00:00
2026-06-05T18:24:04+00:00,-49.47,-61.50,-64.00,-57.11,-66.46,-46.11,-51.43,-65.45,-51.60,-50.10,-58.02,-66.38,-63.77,-44.92,-60.03,-50.26,-52.37,2026-06-05 18:24:04+00:00
2026-06-05T18:25:04+00:00,-49.38,-61.99,-63.36,-56.94,-66.60,-45.87,-50.69,-65.39,-51.72,-50.17,-57.93,-66.22,-64.28,-44.68,-59.15,-50.44,-52.39,2026-06-05 18:25:04+00:00
2026-06-05T18:26:03+00:00,-49.14,-62.18,-63.87,-57.10,-66.27,-45.87,-51.75,-65.63,-51.55,-50.23,-57.62,-66.96,-64.92,-44.62,-59.08,-50.60,-52.59,2026-06-05 18:26:03+00:00
2026-06-05T18:27:03+00:00,-48.62,-61.87,-63.43,-56.83,-66.54,-46.15,-51.65,-65.04,-51.65,-50.20,-57.64,-66.03,-63.94,-44.63,-59.52,-50.34,-52.23,2026-06-05 18:27:03+00:00
2026-06-05T18:28:04+00:00,-49.16,-62.47,-63.56,-56.99,-66.33,-46.02,-51.69,-64.99,-51.55,-50.39,-57.99,-66.75,-64.50,-44.44,-59.09,-50.83,-52.42,2026-06-05 18:28:04+00:00
2026-06-05T18:29:04+00:00,-49.42,-61.21,-62.79,-56.51,-66.27,-46.14,-51.91,-64.27,-51.62,-50.33,-56.45,-65.16,-64.39,-44.71,-59.67,-50.96,-52.12,2026-06-05 18:29:04+00:00
2026-06-05T18:30:04+00:00,-49.59,-61.27,-63.83,-56.84,-66.37,-46.10,-51.40,-65.38,-51.56,-50.41,-57.75,-66.68,-66.07,-44.80,-60.07,-51.07,-56.56,2026-06-05 18:30:04+00:00
2026-06-05T18:31:04+00:00,-49.76,-62.53,-64.30,-57.45,-66.61,-46.27,-51.05,-65.43,-51.87,-50.76,-57.90,-67.54,-65.74,-44.92,-59.52,-50.91,-58.41,2026-06-05 18:31:04+00:00
2026-06-05T18:32:03+00:00,-49.79,-64.35,-63.63,-57.06,-65.80,-46.25,-51.49,-65.53,-51.69,-50.93,-58.09,-65.83,-64.30,-44.61,-59.41,-50.80,-58.12,2026-06-05 18:32:03+00:00
2026-06-05T18:33:04+00:00,-49.59,-64.53,-63.90,-56.82,-66.29,-46.29,-51.57,-65.00,-51.27,-50.94,-57.98,-65.94,-65.44,-44.67,-60.00,-50.95,-57.51,2026-06-05 18:33:04+00:00
2026-06-05T18:34:04+00:00,-52.16,-64.88,-64.22,-56.94,-66.59,-46.24,-51.01,-65.91,-51.89,-51.08,-58.20,-67.10,-64.40,-44.64,-60.02,-51.06,-57.14,2026-06-05 18:34:04+00:00
2026-06-05T18:35:03+00:00,-52.03,-63.15,-65.56,-56.25,-66.21,-46.22,-51.47,-66.55,-52.35,-51.51,-58.55,-68.33,-67.72,-44.52,-59.71,-51.15,-56.55,2026-06-05 18:35:03+00:00
2026-06-05T18:36:03+00:00,-52.66,-64.61,-63.81,-56.05,-66.64,-46.20,-51.64,-66.28,-52.28,-51.23,-58.52,-66.82,-65.39,-44.49,-59.82,-51.32,-57.23,2026-06-05 18:36:03+00:00
2026-06-05T18:37:03+00:00,-53.10,-65.36,-65.72,-55.95,-66.37,-46.31,-51.28,-66.89,-52.32,-51.33,-58.82,-68.81,-68.36,-44.53,-60.09,-50.77,-59.64,2026-06-05 18:37:03+00:00
2026-06-05T18:38:04+00:00,-53.37,-65.25,-65.66,-55.97,-65.58,-46.29,-51.47,-67.12,-52.27,-51.59,-58.87,-68.37,-68.52,-44.28,-60.18,-50.98,-60.54,2026-06-05 18:38:04+00:00
2026-06-05T18:39:04+00:00,-53.54,-62.52,-62.84,-56.22,-62.92,-46.48,-51.51,-64.77,-52.08,-51.42,-57.82,-64.52,-65.63,-44.38,-59.27,-50.50,-59.95,2026-06-05 18:39:04+00:00
2026-06-05T18:40:04+00:00,-53.64,-60.20,-61.89,-56.34,-63.42,-46.22,-51.38,-62.80,-51.83,-51.51,-57.80,-63.31,-63.67,-44.38,-58.60,-50.53,-56.72,2026-06-05 18:40:04+00:00
2026-06-05T18:41:03+00:00,-54.37,-60.37,-62.22,-56.02,-63.32,-46.40,-51.41,-64.07,-51.86,-51.57,-57.54,-64.53,-64.05,-44.10,-58.63,-50.85,-58.07,2026-06-05 18:41:03+00:00
2026-06-05T18:42:03+00:00,-54.35,-61.20,-63.01,-56.18,-61.99,-46.35,-51.32,-64.26,-49.89,-51.64,-57.93,-65.05,-65.23,-44.12,-58.55,-51.37,-59.74,2026-06-05 18:42:03+00:00
2026-06-05T18:43:03+00:00,-54.32,-61.72,-62.19,-55.53,-62.18,-46.03,-51.27,-63.20,-49.97,-51.51,-57.66,-64.96,-63.32,-44.00,-58.42,-51.02,-56.29,2026-06-05 18:43:03+00:00
2026-06-05T18:44:04+00:00,-54.20,-63.55,-63.46,-55.64,-62.86,-46.39,-51.41,-64.41,-49.95,-51.67,-58.29,-65.68,-64.98,-43.90,-58.49,-51.37,-59.65,2026-06-05 18:44:04+00:00
2026-06-05T18:45:04+00:00,-54.33,-61.97,-62.86,-55.84,-62.61,-46.36,-51.77,-64.31,-48.23,-51.77,-57.96,-64.69,-64.28,-43.79,-59.61,-51.14,-59.45,2026-06-05 18:45:04+00:00
2026-06-05T18:46:03+00:00,-53.91,-63.98,-63.23,-55.42,-61.71,-46.30,-52.00,-64.09,-47.79,-51.54,-57.80,-65.49,-64.69,-43.79,-58.55,-50.41,-57.03,2026-06-05 18:46:03+00:00
2026-06-05T18:47:03+00:00,-54.35,-63.20,-63.47,-55.68,-62.69,-46.45,-52.36,-64.56,-47.85,-51.51,-58.12,-65.62,-65.06,-43.47,-58.92,-50.65,-59.26,2026-06-05 18:47:03+00:00
2026-06-05T18:48:03+00:00,-52.36,-62.56,-63.56,-55.85,-62.66,-46.45,-52.11,-63.99,-48.07,-51.48,-58.24,-65.61,-64.80,-43.14,-59.24,-50.48,-58.49,2026-06-05 18:48:03+00:00
2026-06-05T18:49:04+00:00,-52.27,-61.96,-63.72,-56.00,-63.99,-46.60,-51.77,-64.24,-48.13,-51.58,-58.32,-65.83,-64.94,-43.14,-59.05,-50.44,-59.49,2026-06-05 18:49:04+00:00
2026-06-05T18:50:04+00:00,-52.31,-60.27,-63.02,-56.15,-62.91,-46.44,-51.88,-62.97,-47.97,-51.52,-57.70,-63.66,-63.80,-43.09,-58.68,-50.45,-58.14,2026-06-05 18:50:04+00:00
2026-06-05T18:51:04+00:00,-51.98,-60.19,-63.13,-56.23,-62.65,-46.44,-51.77,-63.44,-48.03,-51.38,-57.30,-63.77,-64.07,-42.87,-59.14,-49.95,-57.28,2026-06-05 18:51:04+00:00
2026-06-05T18:52:03+00:00,-52.34,-62.02,-62.98,-55.91,-62.94,-46.50,-52.14,-63.11,-48.02,-51.52,-57.63,-64.34,-63.84,-42.50,-59.06,-50.47,-59.36,2026-06-05 18:52:03+00:00
2026-06-05T18:53:04+00:00,-52.33,-61.64,-62.67,-56.28,-64.38,-46.70,-51.84,-62.39,-47.97,-51.40,-57.07,-63.42,-63.05,-42.30,-59.07,-50.48,-58.55,2026-06-05 18:53:04+00:00
2026-06-05T18:54:04+00:00,-52.05,-60.75,-63.37,-56.92,-62.30,-46.69,-51.40,-62.56,-47.89,-51.16,-57.38,-64.33,-63.63,-42.02,-59.07,-50.51,-56.84,2026-06-05 18:54:04+00:00
2026-06-05T18:55:04+00:00,-52.75,-62.80,-63.39,-56.90,-62.06,-46.58,-52.21,-62.40,-47.95,-51.39,-57.49,-65.08,-63.54,-41.90,-58.92,-50.52,-58.08,2026-06-05 18:55:04+00:00
2026-06-05T18:56:03+00:00,-52.36,-62.90,-63.58,-57.35,-62.11,-46.81,-52.03,-62.19,-48.64,-51.28,-57.63,-64.69,-62.52,-41.56,-59.64,-50.53,-55.82,2026-06-05 18:56:03+00:00
2026-06-05T18:57:03+00:00,-52.10,-63.48,-63.43,-55.79,-64.01,-46.63,-51.15,-62.36,-49.30,-51.22,-57.14,-64.51,-62.88,-41.38,-59.31,-50.75,-57.49,2026-06-05 18:57:03+00:00
2026-06-05T18:58:04+00:00,-52.13,-63.12,-63.19,-55.76,-62.85,-46.96,-52.05,-62.58,-49.40,-51.02,-57.13,-65.23,-63.09,-41.08,-58.67,-50.48,-56.44,2026-06-05 18:58:04+00:00
2026-06-05T18:59:04+00:00,-51.76,-62.94,-63.35,-55.86,-62.55,-46.89,-52.55,-62.42,-49.35,-51.10,-57.60,-64.57,-63.02,-41.12,-58.26,-49.98,-57.49,2026-06-05 18:59:04+00:00
2026-06-05T19:00:04+00:00,-51.93,-63.19,-63.62,-55.83,-63.35,-46.95,-51.79,-63.17,-52.73,-51.14,-57.68,-64.91,-63.32,-40.81,-58.60,-49.75,-58.42,2026-06-05 19:00:04+00:00
2026-06-05T19:01:04+00:00,-51.65,-63.99,-63.78,-55.61,-63.77,-46.94,-51.59,-62.38,-52.84,-50.98,-57.32,-64.52,-63.32,-40.71,-58.70,-49.59,-57.90,2026-06-05 19:01:04+00:00
2026-06-05T19:02:03+00:00,-51.80,-64.40,-63.96,-56.02,-63.82,-46.98,-52.72,-63.06,-52.71,-51.03,-57.82,-65.29,-64.42,-40.77,-59.11,-49.49,-59.31,2026-06-05 19:02:03+00:00
2026-06-05T19:03:04+00:00,-51.78,-64.04,-63.65,-55.95,-63.79,-46.98,-52.04,-63.11,-52.67,-51.09,-57.72,-64.99,-63.45,-40.61,-59.11,-49.04,-59.02,2026-06-05 19:03:04+00:00
2026-06-05T19:04:04+00:00,-49.20,-63.90,-62.60,-55.85,-62.50,-47.11,-52.21,-62.31,-52.02,-50.87,-57.34,-63.80,-63.11,-40.76,-58.83,-49.52,-57.80,2026-06-05 19:04:04+00:00
2026-06-05T19:05:03+00:00,-49.86,-64.61,-63.41,-56.20,-62.94,-47.14,-52.47,-62.27,-52.21,-50.99,-57.79,-63.79,-64.50,-40.53,-59.09,-49.68,-59.34,2026-06-05 19:05:03+00:00
2026-06-05T19:06:04+00:00,-50.18,-64.38,-63.19,-55.04,-62.63,-47.04,-52.54,-62.66,-52.33,-51.04,-57.59,-63.61,-63.66,-40.49,-58.39,-49.91,-54.95,2026-06-05 19:06:04+00:00
2026-06-05T19:07:04+00:00,-50.19,-64.77,-63.37,-54.69,-63.07,-47.17,-52.98,-62.95,-52.15,-50.97,-58.01,-64.45,-63.80,-40.45,-58.91,-50.35,-56.90,2026-06-05 19:07:04+00:00
2026-06-05T19:08:03+00:00,-50.23,-63.61,-63.22,-54.83,-61.75,-47.03,-52.43,-63.09,-52.52,-50.95,-55.45,-63.84,-63.52,-40.51,-58.54,-50.00,-59.33,2026-06-05 19:08:03+00:00
2026-06-05T19:09:03+00:00,-50.20,-62.77,-63.34,-54.61,-63.58,-47.09,-52.89,-63.34,-52.63,-51.16,-58.02,-63.84,-63.22,-40.31,-59.26,-50.33,-58.88,2026-06-05 19:09:03+00:00
2026-06-05T19:10:04+00:00,-50.20,-62.58,-62.54,-54.62,-63.38,-47.03,-52.21,-63.51,-52.82,-50.98,-57.61,-63.25,-62.90,-40.36,-58.85,-50.08,-57.22,2026-06-05 19:10:04+00:00
2026-06-05T19:11:04+00:00,-50.34,-62.13,-62.51,-54.54,-62.38,-47.27,-52.39,-62.76,-52.67,-51.03,-57.57,-62.72,-61.64,-40.10,-58.74,-50.24,-55.90,2026-06-05 19:11:04+00:00
2026-06-05T19:12:04+00:00,-50.32,-63.46,-63.33,-54.86,-61.84,-47.26,-53.36,-63.57,-52.65,-51.22,-57.97,-64.02,-62.97,-40.04,-58.84,-49.97,-59.69,2026-06-05 19:12:04+00:00
2026-06-05T19:13:03+00:00,-50.64,-64.11,-63.55,-54.96,-63.58,-47.53,-51.95,-64.03,-52.68,-51.35,-58.11,-63.83,-62.56,-39.69,-58.69,-50.34,-57.09,2026-06-05 19:13:03+00:00
2026-06-05T19:14:03+00:00,-50.43,-63.74,-63.06,-55.22,-62.40,-47.25,-52.96,-62.97,-52.57,-51.47,-58.02,-63.60,-62.37,-39.67,-58.68,-50.51,-58.67,2026-06-05 19:14:03+00:00
2026-06-05T19:15:04+00:00,-50.36,-63.26,-63.12,-55.49,-62.62,-47.21,-52.45,-62.94,-52.67,-51.47,-58.25,-64.09,-62.28,-39.71,-58.73,-50.46,-57.37,2026-06-05 19:15:04+00:00
2026-06-05T19:16:04+00:00,-50.31,-64.62,-63.17,-55.95,-61.25,-47.13,-53.61,-62.45,-52.52,-51.63,-58.19,-65.03,-62.51,-39.67,-59.03,-50.78,-58.32,2026-06-05 19:16:04+00:00
2026-06-05T19:17:04+00:00,-50.45,-64.15,-62.43,-55.54,-61.04,-47.19,-52.20,-62.64,-52.36,-51.72,-57.76,-64.35,-62.31,-39.27,-58.66,-51.22,-56.80,2026-06-05 19:17:04+00:00
2026-06-05T19:18:03+00:00,-51.18,-64.07,-62.57,-56.15,-62.49,-47.00,-52.41,-63.15,-51.91,-51.95,-57.87,-64.26,-62.53,-39.29,-59.31,-52.14,-57.22,2026-06-05 19:18:03+00:00
2026-06-05T19:19:03+00:00,-54.28,-64.87,-63.02,-56.11,-61.63,-47.34,-53.55,-63.46,-52.31,-52.23,-57.94,-64.24,-62.47,-39.25,-59.21,-52.96,-59.01,2026-06-05 19:19:03+00:00
2026-06-05T19:20:04+00:00,-54.46,-64.68,-62.53,-55.95,-63.46,-47.29,-52.94,-63.95,-52.35,-52.32,-57.96,-64.07,-62.39,-39.08,-59.14,-53.48,-57.03,2026-06-05 19:20:04+00:00
2026-06-05T19:21:04+00:00,-54.54,-64.16,-62.68,-56.26,-62.37,-47.31,-52.70,-63.65,-52.33,-52.47,-57.62,-64.44,-62.34,-39.19,-59.24,-53.41,-58.58,2026-06-05 19:21:04+00:00
2026-06-05T19:22:04+00:00,-53.92,-64.13,-62.84,-56.37,-62.52,-47.07,-53.80,-63.75,-52.00,-52.63,-56.81,-64.96,-61.84,-38.96,-58.86,-53.57,-57.94,2026-06-05 19:22:04+00:00
2026-06-05T19:23:03+00:00,-54.13,-63.14,-61.56,-56.77,-62.20,-47.45,-52.23,-63.04,-51.97,-52.62,-55.13,-62.32,-61.49,-39.11,-58.49,-53.52,-54.78,2026-06-05 19:23:03+00:00
2026-06-05T19:24:03+00:00,-54.34,-63.16,-62.72,-56.66,-63.59,-47.19,-52.86,-63.49,-51.97,-52.80,-57.70,-65.29,-61.64,-39.03,-59.25,-53.14,-58.86,2026-06-05 19:24:03+00:00
2026-06-05T19:25:04+00:00,-53.78,-63.16,-63.04,-56.79,-62.92,-47.23,-53.21,-63.52,-51.92,-52.96,-58.24,-65.08,-61.88,-39.30,-59.46,-52.88,-57.37,2026-06-05 19:25:04+00:00
2026-06-05T19:26:04+00:00,-53.80,-63.10,-63.16,-56.59,-63.04,-47.04,-53.24,-63.32,-50.21,-53.18,-58.28,-64.50,-61.65,-39.13,-58.98,-52.02,-57.85,2026-06-05 19:26:04+00:00
2026-06-05T19:27:04+00:00,-54.05,-64.02,-62.83,-57.15,-64.22,-46.36,-52.62,-63.49,-49.75,-53.27,-58.79,-64.43,-61.34,-39.26,-59.12,-52.22,-58.05,2026-06-05 19:27:04+00:00
2026-06-05T19:28:03+00:00,-53.41,-63.14,-61.70,-56.78,-61.68,-47.28,-52.97,-63.34,-49.92,-52.61,-58.14,-62.64,-57.70,-39.42,-59.41,-52.31,-57.20,2026-06-05 19:28:03+00:00
2026-06-05T19:29:03+00:00,-53.61,-63.82,-62.34,-57.49,-61.59,-47.35,-53.67,-64.09,-49.91,-52.35,-57.79,-64.23,-57.42,-39.37,-58.86,-52.11,-59.42,2026-06-05 19:29:03+00:00
2026-06-05T19:30:04+00:00,-53.64,-63.36,-61.51,-54.22,-58.75,-47.28,-53.16,-62.97,-47.81,-53.64,-56.36,-61.74,-58.48,-39.21,-51.74,-50.54,-57.60,2026-06-05 19:30:04+00:00
2026-06-05T19:31:04+00:00,-52.61,-64.67,-61.47,-53.35,-61.90,-47.17,-53.38,-64.42,-47.64,-54.01,-56.24,-62.82,-59.50,-39.30,-53.35,-50.28,-58.48,2026-06-05 19:31:04+00:00
2026-06-05T19:32:04+00:00,-52.52,-64.36,-62.67,-54.32,-61.40,-47.31,-52.76,-63.94,-47.81,-54.11,-58.71,-64.44,-58.92,-39.26,-53.83,-50.61,-58.14,2026-06-05 19:32:04+00:00
2026-06-05T19:33:03+00:00,-51.93,-63.65,-61.85,-53.99,-62.45,-47.35,-53.91,-63.41,-48.02,-53.85,-58.80,-62.48,-59.21,-39.48,-53.33,-51.04,-55.38,2026-06-05 19:33:03+00:00
2026-06-05T19:34:03+00:00,-52.37,-63.44,-62.58,-58.37,-62.78,-47.27,-53.85,-62.43,-47.98,-54.44,-58.93,-63.59,-59.69,-39.50,-58.86,-51.52,-56.42,2026-06-05 19:34:03+00:00
2026-06-05T19:35:04+00:00,-52.28,-63.01,-61.69,-58.07,-61.91,-47.15,-53.81,-63.52,-47.98,-54.40,-58.71,-63.59,-59.14,-39.77,-58.53,-51.29,-56.18,2026-06-05 19:35:04+00:00
2026-06-05T19:36:03+00:00,-52.59,-63.99,-62.66,-57.86,-63.05,-47.23,-53.86,-63.91,-47.93,-54.54,-58.84,-64.40,-59.41,-39.80,-58.88,-50.72,-57.60,2026-06-05 19:36:03+00:00
2026-06-05T19:37:03+00:00,-52.41,-62.02,-62.76,-58.26,-63.34,-47.26,-54.24,-64.42,-47.94,-54.79,-59.25,-65.26,-59.60,-39.79,-59.41,-50.69,-59.81,2026-06-05 19:37:03+00:00
2026-06-05T19:38:04+00:00,-52.41,-63.79,-62.67,-58.29,-63.04,-47.40,-54.15,-63.64,-48.05,-55.19,-59.28,-65.20,-59.27,-39.96,-58.91,-50.30,-59.07,2026-06-05 19:38:04+00:00
2026-06-05T19:39:04+00:00,-52.53,-63.00,-62.78,-58.04,-63.58,-47.36,-53.87,-63.57,-48.04,-55.10,-59.07,-64.86,-59.24,-40.16,-58.74,-50.43,-58.75,2026-06-05 19:39:04+00:00
2026-06-05T19:40:03+00:00,-52.42,-63.78,-62.57,-58.31,-64.47,-47.30,-53.75,-64.03,-48.04,-55.18,-59.22,-65.01,-59.05,-39.91,-58.87,-50.14,-59.71,2026-06-05 19:40:03+00:00
2026-06-05T19:41:03+00:00,-52.73,-63.44,-62.56,-58.12,-62.36,-47.22,-54.01,-63.81,-49.15,-55.25,-59.34,-64.12,-59.19,-40.11,-58.92,-50.38,-56.94,2026-06-05 19:41:03+00:00
2026-06-05T19:42:04+00:00,-52.75,-63.31,-62.83,-58.18,-63.21,-47.36,-54.19,-63.91,-49.41,-55.40,-59.51,-65.25,-59.18,-39.94,-58.92,-50.72,-58.90,2026-06-05 19:42:04+00:00
2026-06-05T19:43:04+00:00,-52.65,-64.09,-62.59,-58.24,-63.02,-47.37,-53.73,-63.84,-49.31,-54.98,-59.66,-64.84,-59.01,-40.10,-58.79,-51.57,-59.63,2026-06-05 19:43:04+00:00
2026-06-05T19:44:04+00:00,-52.72,-64.66,-62.76,-58.29,-63.12,-47.19,-54.01,-63.88,-49.00,-54.89,-59.44,-64.92,-59.01,-40.16,-58.95,-51.61,-59.60,2026-06-05 19:44:04+00:00
2026-06-05T19:45:03+00:00,-53.05,-64.50,-62.72,-57.87,-63.41,-47.32,-53.87,-64.25,-52.10,-54.88,-55.34,-65.08,-58.63,-40.14,-59.19,-51.71,-60.02,2026-06-05 19:45:03+00:00
2026-06-05T19:46:03+00:00,-52.59,-64.68,-62.94,-58.30,-63.28,-47.25,-53.52,-64.09,-52.12,-54.78,-59.46,-65.34,-58.65,-40.38,-58.59,-51.19,-58.86,2026-06-05 19:46:03+00:00
2026-06-05T19:47:04+00:00,-52.61,-64.88,-62.97,-58.27,-63.66,-47.10,-53.62,-63.70,-51.90,-54.68,-59.50,-65.13,-58.75,-40.18,-59.59,-50.55,-57.72,2026-06-05 19:47:04+00:00
2026-06-05T19:48:04+00:00,-49.79,-65.11,-63.02,-58.22,-63.44,-47.33,-53.31,-64.58,-51.77,-54.77,-58.79,-64.59,-58.52,-39.99,-59.01,-50.38,-59.11,2026-06-05 19:48:04+00:00
2026-06-05T19:49:04+00:00,-49.15,-65.33,-62.71,-58.12,-63.75,-47.49,-53.19,-64.27,-52.08,-54.52,-58.61,-62.85,-58.00,-39.87,-59.29,-50.02,-58.77,2026-06-05 19:49:04+00:00
2026-06-05T19:50:03+00:00,-49.08,-63.90,-62.48,-58.16,-63.17,-47.57,-53.09,-63.82,-52.16,-54.53,-55.28,-62.81,-57.48,-39.68,-58.52,-49.87,-59.12,2026-06-05 19:50:03+00:00
2026-06-05T19:51:03+00:00,-49.29,-64.27,-62.52,-58.55,-62.38,-47.48,-52.71,-63.97,-52.08,-54.60,-57.61,-64.76,-57.09,-39.71,-58.82,-49.84,-59.15,2026-06-05 19:51:03+00:00
2026-06-05T19:52:04+00:00,-49.13,-64.62,-62.95,-58.63,-62.68,-47.45,-52.91,-64.66,-52.24,-55.03,-58.76,-65.08,-56.80,-39.64,-59.30,-50.20,-59.09,2026-06-05 19:52:04+00:00
2026-06-05T19:53:04+00:00,-48.67,-64.84,-63.09,-58.81,-63.34,-47.26,-52.28,-64.06,-52.10,-54.86,-58.15,-64.96,-56.96,-39.45,-59.58,-50.68,-58.40,2026-06-05 19:53:04+00:00
2026-06-05T19:54:04+00:00,-48.86,-64.72,-62.68,-58.83,-63.93,-47.19,-52.13,-64.14,-52.20,-54.80,-57.70,-64.81,-56.79,-39.21,-59.08,-50.99,-58.83,2026-06-05 19:54:04+00:00
2026-06-05T19:55:04+00:00,-48.75,-64.18,-62.84,-58.78,-62.40,-47.05,-52.18,-62.99,-52.14,-54.80,-58.86,-64.40,-56.70,-38.98,-58.44,-51.62,-58.39,2026-06-05 19:55:04+00:00
2026-06-05T19:56:03+00:00,-48.64,-64.54,-62.85,-58.99,-62.42,-47.02,-52.36,-63.38,-52.24,-54.83,-58.74,-65.07,-56.70,-39.18,-58.89,-52.06,-59.44,2026-06-05 19:56:03+00:00
2026-06-05T19:57:03+00:00,-48.64,-64.52,-62.94,-58.99,-61.66,-46.89,-52.48,-63.61,-52.29,-54.87,-58.43,-65.04,-56.62,-39.11,-58.77,-52.82,-59.62,2026-06-05 19:57:03+00:00
2026-06-05T19:58:04+00:00,-48.56,-63.68,-62.63,-58.93,-63.87,-46.94,-52.87,-63.48,-52.26,-54.67,-59.92,-63.94,-56.01,-39.20,-58.18,-54.39,-57.17,2026-06-05 19:58:04+00:00
2026-06-05T19:59:04+00:00,-48.64,-63.95,-63.25,-58.99,-63.67,-46.75,-52.54,-64.50,-52.24,-54.51,-59.64,-65.15,-55.92,-38.91,-59.17,-54.28,-59.54,2026-06-05 19:59:04+00:00
2026-06-05T20:00:04+00:00,-48.71,-63.40,-62.91,-59.24,-63.26,-46.60,-52.57,-63.08,-52.00,-53.91,-59.57,-65.42,-55.81,-38.85,-58.92,-54.01,-56.45,2026-06-05 20:00:04+00:00
2026-06-05T20:01:04+00:00,-48.98,-64.84,-63.19,-58.74,-62.86,-46.55,-52.54,-64.61,-51.76,-54.05,-59.87,-64.89,-55.56,-38.69,-58.92,-54.71,-60.09,2026-06-05 20:01:04+00:00
2026-06-05T20:02:03+00:00,-48.93,-64.38,-62.76,-59.02,-62.94,-46.61,-52.46,-64.11,-51.73,-53.70,-59.69,-65.01,-55.36,-38.89,-59.25,-54.68,-59.88,2026-06-05 20:02:03+00:00
2026-06-05T20:03:04+00:00,-51.99,-65.00,-63.14,-59.13,-63.20,-46.54,-52.35,-64.41,-52.09,-53.47,-60.23,-65.09,-55.30,-39.13,-59.14,-54.03,-59.52,2026-06-05 20:03:04+00:00
2026-06-05T20:04:04+00:00,-51.92,-63.35,-62.63,-58.60,-63.60,-46.63,-52.27,-63.34,-52.04,-53.35,-55.72,-63.32,-55.09,-39.65,-59.07,-54.10,-55.89,2026-06-05 20:04:04+00:00
2026-06-05T20:05:04+00:00,-52.19,-64.67,-63.45,-58.59,-63.50,-46.60,-51.27,-64.65,-52.00,-52.93,-59.87,-65.69,-55.04,-39.92,-59.04,-54.25,-59.96,2026-06-05 20:05:04+00:00
2026-06-05T20:06:03+00:00,-51.67,-64.83,-63.21,-58.90,-62.95,-46.53,-51.92,-64.59,-52.00,-52.72,-59.99,-65.96,-55.19,-39.70,-59.52,-54.35,-59.18,2026-06-05 20:06:03+00:00
2026-06-05T20:07:04+00:00,-51.46,-62.96,-63.16,-58.56,-62.81,-46.76,-51.74,-63.00,-52.10,-52.33,-59.70,-64.80,-54.92,-39.45,-58.73,-54.64,-56.47,2026-06-05 20:07:04+00:00
2026-06-05T20:08:04+00:00,-51.97,-63.27,-63.25,-59.15,-63.81,-46.79,-51.56,-63.86,-52.09,-52.05,-59.98,-65.34,-54.93,-39.71,-58.96,-54.42,-59.49,2026-06-05 20:08:04+00:00
2026-06-05T20:09:04+00:00,-52.05,-64.98,-62.63,-58.95,-62.15,-46.59,-51.90,-64.00,-52.10,-51.75,-60.08,-65.38,-54.78,-39.27,-59.05,-53.49,-58.99,2026-06-05 20:09:04+00:00
2026-06-05T20:10:03+00:00,-51.81,-63.52,-62.91,-59.10,-64.54,-46.56,-51.66,-63.54,-52.04,-51.49,-60.06,-65.41,-54.69,-39.14,-59.10,-53.73,-58.96,2026-06-05 20:10:03+00:00
2026-06-05T20:11:03+00:00,-52.45,-63.58,-63.07,-59.09,-63.94,-46.64,-51.43,-64.27,-52.05,-51.27,-60.11,-65.22,-54.50,-39.10,-59.11,-52.80,-58.93,2026-06-05 20:11:03+00:00
2026-06-05T20:12:04+00:00,-52.41,-65.05,-62.98,-59.25,-62.49,-46.49,-51.39,-64.10,-51.65,-50.77,-60.14,-65.41,-54.29,-39.03,-58.91,-52.22,-59.32,2026-06-05 20:12:04+00:00
2026-06-05T20:13:04+00:00,-52.15,-63.70,-62.92,-59.26,-62.96,-46.38,-51.61,-63.97,-51.40,-50.32,-60.33,-65.37,-54.20,-39.13,-59.15,-52.79,-59.17,2026-06-05 20:13:04+00:00
2026-06-05T20:14:04+00:00,-52.48,-64.65,-63.08,-58.88,-63.82,-46.22,-51.51,-64.01,-51.47,-49.70,-60.27,-65.35,-54.24,-38.82,-58.90,-53.64,-58.88,2026-06-05 20:14:04+00:00
2026-06-05T20:15:03+00:00,-52.36,-63.17,-63.10,-59.15,-62.54,-46.51,-51.52,-63.86,-48.88,-49.45,-59.91,-65.07,-54.47,-38.70,-58.44,-56.99,-54.13,2026-06-05 20:15:03+00:00
2026-06-05T20:16:03+00:00,-52.68,-64.35,-62.61,-59.06,-62.23,-46.25,-51.68,-62.86,-48.86,-49.08,-60.21,-64.62,-54.48,-38.78,-58.40,-56.62,-54.14,2026-06-05 20:16:03+00:00
2026-06-05T20:17:04+00:00,-52.63,-64.32,-62.99,-58.99,-62.59,-46.32,-51.56,-64.28,-48.96,-48.66,-60.21,-64.85,-54.29,-38.58,-59.34,-56.09,-54.11,2026-06-05 20:17:04+00:00
2026-06-05T20:18:03+00:00,-52.88,-64.91,-63.07,-59.15,-64.18,-46.37,-51.41,-64.38,-49.23,-48.31,-60.72,-65.61,-54.11,-38.62,-59.14,-54.78,-54.21,2026-06-05 20:18:03+00:00
2026-06-05T20:19:03+00:00,-52.69,-63.91,-62.71,-59.16,-64.17,-46.06,-51.08,-63.17,-49.10,-47.88,-59.99,-65.22,-53.74,-38.66,-59.01,-53.70,-55.20,2026-06-05 20:19:03+00:00
2026-06-05T20:20:03+00:00,-52.96,-63.99,-63.14,-59.10,-63.81,-46.13,-51.15,-63.15,-49.24,-47.42,-60.73,-65.26,-53.57,-38.38,-58.89,-51.92,-54.95,2026-06-05 20:20:03+00:00
2026-06-05T20:21:04+00:00,-53.39,-64.84,-63.33,-59.41,-63.44,-46.35,-53.41,-64.58,-49.25,-47.45,-60.76,-65.94,-53.57,-38.47,-59.13,-51.20,-55.09,2026-06-05 20:21:04+00:00
2026-06-05T20:22:04+00:00,-52.70,-64.99,-63.21,-59.56,-63.35,-46.26,-49.07,-63.66,-49.21,-47.24,-60.64,-65.61,-53.18,-38.77,-59.31,-52.53,-55.07,2026-06-05 20:22:04+00:00
2026-06-05T20:23:04+00:00,-52.17,-63.53,-63.25,-59.36,-62.79,-46.26,-51.23,-64.62,-49.30,-46.96,-60.59,-65.85,-53.19,-38.51,-59.26,-54.46,-55.21,2026-06-05 20:23:04+00:00
2026-06-05T20:24:04+00:00,-52.48,-63.56,-63.40,-59.25,-63.16,-46.23,-51.24,-64.55,-49.15,-46.66,-60.93,-65.89,-52.88,-38.60,-59.12,-55.73,-54.22,2026-06-05 20:24:04+00:00
2026-06-05T20:25:03+00:00,-52.30,-63.07,-62.94,-59.45,-62.54,-46.11,-51.17,-62.99,-49.15,-46.31,-60.50,-65.15,-52.56,-38.43,-59.04,-56.86,-54.31,2026-06-05 20:25:03+00:00
2026-06-05T20:26:03+00:00,-52.04,-63.06,-62.91,-59.50,-62.69,-46.29,-51.12,-63.55,-49.11,-46.34,-60.66,-64.66,-52.37,-38.61,-59.19,-56.46,-55.18,2026-06-05 20:26:03+00:00
2026-06-05T20:27:04+00:00,-52.22,-63.85,-62.41,-59.56,-62.77,-46.12,-51.24,-63.48,-49.48,-46.22,-60.53,-63.87,-52.01,-38.67,-58.86,-57.15,-58.02,2026-06-05 20:27:04+00:00
2026-06-05T20:28:04+00:00,-52.08,-64.54,-62.75,-58.76,-63.38,-46.06,-51.32,-62.65,-49.37,-46.51,-60.33,-64.15,-51.66,-38.92,-58.65,-58.10,-54.45,2026-06-05 20:28:04+00:00
2026-06-05T20:29:03+00:00,-52.33,-64.40,-63.26,-59.45,-63.81,-45.94,-51.55,-63.90,-49.40,-46.29,-61.13,-65.58,-51.62,-38.68,-59.26,-56.73,-59.74,2026-06-05 20:29:03+00:00
2026-06-05T20:30:03+00:00,-52.55,-64.46,-63.21,-59.64,-63.58,-45.96,-51.34,-63.51,-52.99,-46.46,-61.02,-65.17,-51.34,-38.60,-58.92,-52.05,-59.71,2026-06-05 20:30:03+00:00
2026-06-05T20:31:03+00:00,-52.58,-64.12,-63.40,-59.49,-64.35,-46.00,-51.42,-63.44,-52.94,-46.44,-60.99,-65.14,-51.26,-38.61,-58.87,-50.41,-56.16,2026-06-05 20:31:03+00:00
2026-06-05T20:32:03+00:00,-53.00,-64.45,-62.86,-59.32,-62.05,-45.94,-51.25,-63.09,-52.62,-46.51,-60.64,-64.78,-51.04,-38.27,-59.27,-49.40,-58.62,2026-06-05 20:32:03+00:00
2026-06-05T20:33:03+00:00,-49.39,-64.06,-63.36,-59.37,-62.86,-46.18,-51.27,-63.70,-52.41,-46.60,-60.82,-63.51,-50.93,-38.37,-58.56,-49.23,-56.38,2026-06-05 20:33:03+00:00
2026-06-05T20:34:04+00:00,-49.41,-64.35,-62.68,-59.70,-62.29,-45.86,-51.36,-63.46,-52.62,-46.54,-60.79,-65.04,-50.92,-38.03,-58.52,-48.92,-58.41,2026-06-05 20:34:04+00:00
2026-06-05T20:35:03+00:00,-49.45,-64.12,-62.84,-59.34,-63.37,-45.89,-51.26,-63.16,-52.59,-46.23,-60.94,-65.22,-50.90,-38.12,-58.70,-49.88,-58.29,2026-06-05 20:35:03+00:00
2026-06-05T20:36:03+00:00,-49.08,-63.89,-62.59,-59.13,-64.16,-45.83,-51.08,-63.13,-52.61,-46.16,-61.25,-64.34,-50.93,-37.80,-58.49,-49.67,-58.67,2026-06-05 20:36:03+00:00
2026-06-05T20:37:04+00:00,-49.14,-63.75,-63.20,-59.14,-63.50,-45.80,-50.64,-63.01,-52.61,-46.03,-60.80,-65.00,-50.94,-37.58,-58.97,-50.85,-58.30,2026-06-05 20:37:04+00:00
2026-06-05T20:38:04+00:00,-49.28,-63.85,-63.04,-59.42,-63.27,-45.82,-50.91,-63.74,-52.59,-45.99,-60.81,-65.18,-50.79,-37.45,-58.96,-50.30,-58.75,2026-06-05 20:38:04+00:00
2026-06-05T20:39:03+00:00,-49.33,-64.43,-63.03,-59.40,-62.45,-45.72,-51.06,-63.78,-52.62,-45.94,-60.86,-64.82,-50.68,-37.35,-58.82,-48.99,-59.20,2026-06-05 20:39:03+00:00
2026-06-05T20:40:03+00:00,-50.20,-63.72,-62.83,-59.37,-63.16,-45.58,-51.12,-63.27,-52.65,-45.84,-60.70,-64.72,-50.51,-37.29,-58.86,-46.66,-58.45,2026-06-05 20:40:03+00:00
2026-06-05T20:41:04+00:00,-49.95,-63.79,-62.99,-59.20,-62.75,-45.73,-50.96,-63.64,-52.62,-45.70,-60.73,-65.29,-50.37,-37.21,-59.34,-46.79,-57.81,2026-06-05 20:41:04+00:00
2026-06-05T20:42:04+00:00,-49.90,-64.84,-63.20,-59.40,-63.64,-45.76,-51.13,-63.15,-52.48,-45.46,-60.95,-65.31,-50.55,-37.43,-59.00,-46.24,-59.73,2026-06-05 20:42:04+00:00
2026-06-05T20:43:04+00:00,-50.49,-63.87,-62.97,-59.25,-62.87,-45.66,-51.11,-64.52,-52.49,-45.21,-56.80,-65.13,-50.36,-37.27,-58.76,-45.76,-57.73,2026-06-05 20:43:04+00:00
2026-06-05T20:44:03+00:00,-50.25,-64.55,-63.30,-59.49,-62.08,-47.08,-51.02,-64.13,-52.60,-45.08,-60.59,-65.36,-50.32,-37.39,-59.20,-46.20,-59.24,2026-06-05 20:44:03+00:00
2026-06-05T20:45:03+00:00,-50.29,-64.44,-63.16,-59.56,-62.15,-48.96,-51.41,-64.25,-50.60,-45.03,-60.35,-65.47,-50.34,-37.79,-59.01,-45.49,-58.42,2026-06-05 20:45:03+00:00
2026-06-05T20:46:04+00:00,-50.45,-65.15,-63.22,-59.17,-63.02,-48.96,-51.67,-64.60,-50.80,-44.74,-60.49,-65.46,-50.13,-37.77,-59.30,-46.37,-59.60,2026-06-05 20:46:04+00:00
2026-06-05T20:47:04+00:00,-50.38,-64.69,-63.27,-59.38,-63.58,-48.87,-51.80,-64.90,-50.27,-44.58,-60.79,-65.60,-50.19,-37.77,-59.27,-47.49,-59.51,2026-06-05 20:47:04+00:00
2026-06-05T20:48:04+00:00,-55.66,-64.73,-63.51,-59.35,-63.38,-48.85,-52.09,-64.74,-50.26,-44.60,-60.49,-66.14,-50.13,-37.63,-58.79,-48.01,-59.22,2026-06-05 20:48:04+00:00
2026-06-05T20:49:03+00:00,-55.64,-64.41,-62.77,-59.20,-61.92,-48.83,-52.01,-64.06,-50.31,-44.39,-60.36,-65.01,-50.08,-37.78,-58.25,-48.53,-59.18,2026-06-05 20:49:03+00:00
2026-06-05T20:50:03+00:00,-55.07,-64.33,-63.11,-59.69,-61.53,-48.73,-52.19,-64.61,-50.27,-44.23,-60.57,-65.25,-50.25,-37.94,-58.91,-49.51,-55.22,2026-06-05 20:50:03+00:00
2026-06-05T20:51:04+00:00,-54.12,-64.36,-63.13,-59.39,-63.11,-48.41,-52.22,-64.35,-50.28,-44.33,-60.51,-65.49,-50.33,-37.71,-59.20,-50.08,-56.53,2026-06-05 20:51:04+00:00
2026-06-05T20:52:04+00:00,-53.62,-64.40,-63.13,-59.08,-61.65,-48.45,-52.15,-64.42,-50.25,-44.06,-60.54,-65.28,-50.04,-37.51,-59.19,-51.72,-58.17,2026-06-05 20:52:04+00:00
2026-06-05T20:53:03+00:00,-53.85,-63.53,-63.00,-59.06,-63.65,-48.47,-51.92,-64.62,-50.34,-44.22,-60.54,-65.28,-49.87,-37.36,-58.99,-52.90,-58.69,2026-06-05 20:53:03+00:00
2026-06-05T20:54:03+00:00,-53.91,-63.10,-62.65,-59.11,-62.29,-48.44,-51.62,-64.20,-50.26,-44.37,-60.00,-65.05,-49.81,-37.50,-58.53,-54.82,-58.77,2026-06-05 20:54:03+00:00
2026-06-05T20:55:04+00:00,-53.66,-63.21,-62.54,-59.19,-62.54,-48.24,-51.97,-63.18,-50.33,-44.50,-60.04,-64.41,-49.93,-37.27,-58.72,-53.31,-57.88,2026-06-05 20:55:04+00:00
2026-06-05T20:56:04+00:00,-53.67,-61.97,-62.68,-58.99,-62.90,-48.19,-52.00,-63.53,-50.28,-44.49,-59.99,-64.24,-50.11,-37.43,-58.96,-51.28,-57.32,2026-06-05 20:56:04+00:00
2026-06-05T20:57:04+00:00,-51.61,-63.45,-62.90,-59.13,-64.04,-47.94,-52.11,-63.74,-50.13,-44.61,-59.97,-65.42,-50.26,-37.47,-58.88,-49.87,-59.03,2026-06-05 20:57:04+00:00
2026-06-05T20:58:03+00:00,-51.70,-62.62,-62.71,-59.13,-62.74,-47.98,-51.95,-63.87,-50.13,-44.75,-60.00,-64.16,-50.32,-37.68,-58.80,-47.47,-57.28,2026-06-05 20:58:03+00:00
2026-06-05T20:59:03+00:00,-51.88,-62.71,-61.93,-58.65,-61.45,-47.86,-51.98,-62.85,-50.22,-44.68,-59.23,-63.36,-50.12,-37.44,-58.45,-45.90,-52.08,2026-06-05 20:59:03+00:00
2026-06-05T21:00:03+00:00,-52.12,-63.75,-62.93,-59.00,-63.09,-47.71,-51.98,-63.14,-48.69,-44.82,-59.81,-65.33,-50.22,-37.33,-58.87,-45.18,-58.35,2026-06-05 21:00:03+00:00
2026-06-05T21:01:03+00:00,-51.99,-64.20,-63.06,-58.80,-63.49,-47.86,-52.44,-64.25,-48.76,-45.11,-59.93,-65.49,-50.08,-37.27,-59.05,-45.12,-58.64,2026-06-05 21:01:03+00:00
2026-06-05T21:02:04+00:00,-52.15,-63.78,-62.32,-58.64,-62.53,-47.59,-52.36,-63.07,-49.00,-45.04,-59.42,-64.50,-49.76,-37.03,-58.42,-45.75,-55.89,2026-06-05 21:02:04+00:00
2026-06-05T21:03:04+00:00,-52.01,-64.13,-63.16,-58.66,-62.92,-46.52,-52.60,-64.17,-49.13,-44.75,-59.50,-65.52,-49.94,-36.70,-59.20,-45.44,-57.39,2026-06-05 21:03:04+00:00
2026-06-05T21:04:03+00:00,-51.53,-64.25,-63.34,-58.56,-62.35,-46.56,-52.50,-63.96,-49.15,-44.99,-59.71,-65.69,-50.02,-36.68,-58.41,-44.55,-58.05,2026-06-05 21:04:03+00:00
2026-06-05T21:05:03+00:00,-51.96,-64.38,-63.27,-58.63,-62.64,-46.71,-52.41,-63.62,-48.98,-44.53,-59.74,-65.54,-50.29,-36.71,-58.86,-43.77,-58.44,2026-06-05 21:05:03+00:00
2026-06-05T21:06:04+00:00,-51.73,-63.92,-61.97,-58.55,-62.64,-44.44,-52.32,-63.00,-49.10,-44.19,-59.78,-64.29,-50.37,-36.63,-58.90,-42.49,-58.31,2026-06-05 21:06:04+00:00
2026-06-05T21:07:03+00:00,-51.49,-63.85,-62.72,-58.42,-62.40,-44.47,-52.34,-63.23,-49.08,-44.25,-59.49,-65.28,-49.92,-36.33,-59.02,-42.36,-58.52,2026-06-05 21:07:03+00:00
2026-06-05T21:08:03+00:00,-51.56,-63.97,-62.83,-58.32,-63.57,-44.33,-52.82,-63.47,-49.07,-43.99,-59.76,-64.47,-50.19,-36.56,-58.68,-41.72,-58.40,2026-06-05 21:08:03+00:00
2026-06-05T21:09:04+00:00,-52.08,-64.40,-62.46,-58.13,-61.98,-44.30,-52.13,-62.66,-48.98,-43.89,-59.57,-64.42,-50.51,-36.40,-59.10,-41.02,-57.97,2026-06-05 21:09:04+00:00
2026-06-05T21:10:04+00:00,-51.67,-64.21,-62.23,-58.30,-62.94,-43.95,-52.34,-63.46,-49.14,-43.85,-59.25,-64.04,-50.51,-36.45,-58.62,-40.64,-58.08,2026-06-05 21:10:04+00:00
2026-06-05T21:11:04+00:00,-51.79,-64.18,-62.37,-57.98,-62.77,-44.36,-52.20,-62.51,-49.32,-44.23,-59.28,-64.40,-50.47,-36.56,-58.44,-40.83,-57.63,2026-06-05 21:11:04+00:00
2026-06-05T21:12:03+00:00,-52.09,-64.67,-63.09,-58.49,-63.19,-44.23,-52.33,-63.67,-49.45,-44.62,-59.15,-64.82,-50.57,-36.34,-59.54,-41.27,-58.66,2026-06-05 21:12:03+00:00
2026-06-05T21:13:03+00:00,-52.24,-64.30,-62.38,-58.46,-63.45,-44.37,-51.88,-62.90,-49.27,-45.01,-59.39,-65.21,-50.86,-36.48,-58.73,-41.33,-57.74,2026-06-05 21:13:03+00:00
2026-06-05T21:14:04+00:00,-52.89,-64.47,-63.09,-58.50,-62.84,-44.21,-52.38,-63.82,-49.29,-45.41,-59.31,-65.39,-50.63,-36.56,-58.98,-41.92,-56.97,2026-06-05 21:14:04+00:00
2026-06-05T21:15:04+00:00,-52.67,-63.13,-62.84,-58.47,-62.85,-43.72,-52.25,-62.78,-52.76,-45.82,-59.28,-64.84,-50.65,-36.81,-58.63,-40.87,-58.82,2026-06-05 21:15:04+00:00
2026-06-05T21:16:03+00:00,-52.71,-62.61,-62.62,-58.36,-62.35,-43.88,-52.19,-62.73,-52.87,-45.75,-58.78,-64.70,-50.67,-37.16,-58.87,-41.03,-58.07,2026-06-05 21:16:03+00:00
2026-06-05T21:17:03+00:00,-52.76,-63.92,-63.16,-57.85,-63.11,-44.14,-52.44,-62.41,-52.94,-45.83,-58.92,-64.69,-50.66,-37.10,-58.62,-41.27,-56.94,2026-06-05 21:17:03+00:00
2026-06-05T21:18:04+00:00,-49.28,-63.54,-63.17,-58.01,-63.75,-44.18,-52.40,-62.88,-52.72,-45.93,-58.13,-65.04,-50.81,-37.56,-58.55,-40.67,-57.72,2026-06-05 21:18:04+00:00
2026-06-05T21:19:04+00:00,-49.46,-64.40,-62.68,-58.15,-63.37,-44.30,-52.63,-62.84,-52.91,-46.18,-58.45,-65.08,-50.69,-37.73,-59.17,-40.23,-56.96,2026-06-05 21:19:04+00:00
2026-06-05T21:20:04+00:00,-49.41,-64.65,-63.19,-58.18,-65.03,-43.91,-52.73,-63.78,-52.85,-46.12,-58.40,-65.67,-50.44,-37.67,-58.90,-39.91,-59.41,2026-06-05 21:20:04+00:00
2026-06-05T21:21:03+00:00,-49.15,-63.74,-62.80,-58.02,-62.53,-44.10,-52.55,-62.81,-52.65,-46.38,-57.96,-64.62,-50.57,-37.79,-58.83,-39.94,-58.25,2026-06-05 21:21:03+00:00
2026-06-05T21:22:03+00:00,-49.21,-64.42,-63.18,-58.09,-62.90,-44.10,-52.75,-64.13,-53.21,-46.36,-55.11,-65.70,-50.36,-37.47,-58.24,-39.79,-59.21,2026-06-05 21:22:03+00:00
2026-06-05T21:23:04+00:00,-49.36,-63.42,-62.91,-57.84,-62.26,-43.75,-52.51,-62.88,-53.08,-46.19,-57.90,-64.77,-50.30,-38.10,-58.84,-39.33,-55.85,2026-06-05 21:23:04+00:00
2026-06-05T21:24:04+00:00,-49.23,-64.33,-62.96,-57.82,-62.72,-43.71,-51.09,-63.73,-53.39,-45.94,-58.01,-65.48,-50.27,-37.95,-59.06,-38.78,-59.39,2026-06-05 21:24:04+00:00
2026-06-05T21:25:04+00:00,-49.11,-64.86,-62.48,-57.35,-64.44,-43.65,-52.66,-63.74,-53.29,-45.92,-58.09,-64.87,-50.02,-37.67,-59.44,-38.58,-57.66,2026-06-05 21:25:04+00:00
2026-06-05T21:26:03+00:00,-49.02,-64.96,-63.02,-57.67,-62.64,-43.57,-52.91,-63.81,-53.29,-46.04,-57.87,-65.62,-50.08,-37.78,-58.62,-38.49,-59.52,2026-06-05 21:26:03+00:00
2026-06-05T21:27:03+00:00,-49.35,-64.70,-62.75,-57.65,-62.19,-43.56,-53.08,-63.77,-53.26,-46.08,-57.89,-65.05,-50.11,-38.14,-59.13,-38.54,-59.30,2026-06-05 21:27:03+00:00
2026-06-05T21:28:03+00:00,-49.31,-64.54,-63.04,-57.81,-64.47,-43.44,-52.78,-64.00,-53.33,-46.57,-57.69,-65.34,-50.15,-38.04,-59.25,-39.23,-59.64,2026-06-05 21:28:03+00:00
2026-06-05T21:29:04+00:00,-49.44,-64.43,-63.19,-57.93,-63.77,-43.36,-52.77,-63.35,-50.99,-46.51,-57.86,-65.21,-49.95,-38.05,-59.21,-39.34,-54.16,2026-06-05 21:29:04+00:00
2026-06-05T21:30:04+00:00,-49.21,-64.20,-62.70,-58.14,-62.86,-43.24,-53.07,-62.96,-50.86,-46.60,-58.04,-65.17,-49.84,-38.24,-58.72,-39.19,-55.08,2026-06-05 21:30:04+00:00
2026-06-05T21:31:04+00:00,-49.21,-63.75,-62.20,-58.02,-63.67,-43.12,-52.99,-63.52,-50.84,-46.40,-58.08,-64.97,-49.71,-37.96,-59.26,-39.36,-54.86,2026-06-05 21:31:04+00:00
2026-06-05T21:32:04+00:00,-49.20,-64.22,-62.96,-57.73,-64.13,-43.29,-53.10,-63.78,-50.25,-46.39,-58.04,-64.98,-49.62,-37.62,-58.72,-40.21,-55.21,2026-06-05 21:32:04+00:00
2026-06-05T21:33:04+00:00,-53.00,-64.30,-63.00,-57.95,-63.47,-43.31,-52.71,-63.76,-50.55,-46.37,-57.81,-65.70,-49.62,-37.54,-58.36,-40.00,-55.17,2026-06-05 21:33:04+00:00
2026-06-05T21:34:03+00:00,-52.99,-64.10,-62.48,-57.77,-63.18,-43.19,-52.77,-63.56,-50.62,-45.89,-57.67,-64.36,-49.54,-37.30,-58.30,-40.06,-55.21,2026-06-05 21:34:03+00:00
2026-06-05T21:35:03+00:00,-52.95,-64.74,-63.03,-57.73,-63.24,-43.34,-52.67,-64.33,-50.61,-46.44,-57.71,-65.39,-49.77,-37.25,-59.21,-40.47,-55.44,2026-06-05 21:35:03+00:00
2026-06-05T21:36:03+00:00,-53.09,-64.97,-63.07,-57.65,-62.67,-43.29,-52.99,-64.02,-50.57,-46.64,-58.08,-65.83,-50.03,-37.14,-58.72,-40.86,-55.08,2026-06-05 21:36:03+00:00
2026-06-05T21:37:04+00:00,-52.64,-64.36,-63.21,-57.80,-62.68,-43.33,-52.91,-63.67,-50.57,-46.57,-56.03,-64.86,-50.08,-37.37,-58.54,-42.33,-54.96,2026-06-05 21:37:04+00:00
2026-06-05T21:38:04+00:00,-52.66,-64.47,-62.70,-57.90,-62.09,-43.23,-53.02,-63.29,-50.54,-46.11,-58.15,-65.07,-49.76,-37.39,-58.48,-43.99,-55.06,2026-06-05 21:38:04+00:00
2026-06-05T21:39:04+00:00,-55.20,-64.69,-63.45,-57.96,-62.64,-43.24,-53.00,-64.17,-50.59,-45.85,-58.27,-65.66,-49.68,-37.57,-58.72,-44.40,-54.13,2026-06-05 21:39:04+00:00
2026-06-05T21:40:04+00:00,-56.80,-64.80,-63.35,-57.88,-63.24,-43.14,-52.74,-64.44,-50.51,-45.63,-58.22,-65.80,-49.72,-37.83,-58.81,-44.41,-55.06,2026-06-05 21:40:04+00:00
2026-06-05T21:41:03+00:00,-56.66,-64.14,-63.12,-57.73,-62.02,-43.14,-52.85,-64.11,-50.22,-45.61,-57.85,-65.49,-49.78,-37.97,-58.99,-44.23,-55.28,2026-06-05 21:41:03+00:00
2026-06-05T21:42:03+00:00,-56.56,-64.46,-63.07,-57.61,-62.87,-42.83,-52.67,-64.33,-50.24,-45.23,-57.62,-65.69,-49.34,-38.12,-58.98,-44.20,-55.29,2026-06-05 21:42:03+00:00
2026-06-05T21:43:04+00:00,-56.07,-64.97,-63.29,-57.51,-62.63,-43.27,-52.63,-64.37,-50.24,-45.31,-57.77,-65.56,-49.35,-38.40,-58.78,-44.10,-54.38,2026-06-05 21:43:04+00:00
2026-06-05T21:44:04+00:00,-56.08,-64.56,-63.58,-57.74,-63.10,-43.25,-52.63,-64.37,-52.06,-45.63,-57.55,-65.88,-49.31,-38.21,-59.50,-43.80,-55.29,2026-06-05 21:44:04+00:00
2026-06-05T21:45:03+00:00,-56.11,-64.84,-63.08,-56.66,-62.70,-43.51,-52.82,-63.71,-49.01,-46.08,-57.50,-65.21,-49.37,-38.64,-59.16,-43.73,-54.15,2026-06-05 21:45:03+00:00
2026-06-05T21:46:03+00:00,-53.76,-64.57,-63.25,-56.79,-63.47,-43.67,-52.64,-64.58,-49.03,-46.59,-57.55,-64.70,-49.56,-38.28,-59.45,-42.53,-54.42,2026-06-05 21:46:03+00:00
2026-06-05T21:47:04+00:00,-52.88,-65.47,-63.26,-56.77,-63.21,-43.46,-52.57,-64.19,-49.35,-46.92,-57.06,-65.69,-49.49,-38.05,-59.58,-43.15,-54.89,2026-06-05 21:47:04+00:00
2026-06-05T21:48:04+00:00,-53.05,-65.11,-63.25,-56.65,-63.35,-43.23,-52.66,-64.40,-49.33,-47.07,-56.85,-65.65,-49.46,-38.08,-59.14,-42.45,-55.41,2026-06-05 21:48:04+00:00
2026-06-05T21:49:04+00:00,-53.00,-65.10,-63.34,-56.94,-62.16,-43.14,-52.66,-63.83,-49.42,-46.73,-56.78,-65.55,-49.59,-37.84,-59.55,-42.44,-55.15,2026-06-05 21:49:04+00:00
2026-06-05T21:50:03+00:00,-52.32,-64.78,-62.78,-56.79,-63.20,-44.14,-52.64,-64.02,-49.45,-46.54,-56.94,-65.06,-49.44,-37.77,-58.83,-41.96,-54.86,2026-06-05 21:50:03+00:00
2026-06-05T21:51:03+00:00,-52.44,-65.13,-62.90,-56.81,-62.77,-43.54,-52.81,-63.74,-49.43,-46.40,-57.03,-65.16,-49.52,-37.55,-59.26,-41.74,-54.31,2026-06-05 21:51:03+00:00
2026-06-05T21:52:04+00:00,-52.18,-64.52,-63.04,-56.68,-64.04,-43.76,-52.85,-63.07,-49.18,-46.37,-56.72,-65.01,-49.31,-37.26,-59.51,-43.14,-54.16,2026-06-05 21:52:04+00:00
2026-06-05T21:53:04+00:00,-52.50,-64.99,-63.13,-56.70,-62.80,-43.79,-52.55,-64.07,-49.20,-46.50,-56.65,-64.54,-49.51,-36.98,-58.73,-43.31,-55.10,2026-06-05 21:53:04+00:00
2026-06-05T21:54:04+00:00,-51.67,-65.24,-63.07,-56.88,-62.62,-43.66,-52.85,-63.62,-49.24,-46.38,-56.98,-64.03,-49.39,-36.85,-57.31,-42.78,-53.98,2026-06-05 21:54:04+00:00
2026-06-05T21:55:03+00:00,-51.60,-62.71,-62.57,-56.95,-62.59,-43.98,-52.46,-62.68,-49.18,-46.26,-56.68,-61.03,-49.23,-36.43,-58.87,-42.40,-53.44,2026-06-05 21:55:03+00:00
2026-06-05T21:56:03+00:00,-51.61,-65.49,-63.13,-57.40,-62.86,-43.92,-52.74,-63.62,-49.33,-46.50,-56.86,-61.65,-49.06,-36.15,-58.84,-42.50,-55.06,2026-06-05 21:56:03+00:00
2026-06-05T21:57:04+00:00,-51.64,-64.48,-62.55,-57.36,-62.86,-44.16,-52.45,-63.56,-49.42,-46.32,-56.95,-60.92,-48.95,-36.06,-59.00,-42.20,-54.96,2026-06-05 21:57:04+00:00
2026-06-05T21:58:04+00:00,-51.78,-65.17,-62.76,-57.43,-63.17,-43.94,-52.61,-63.91,-49.39,-46.37,-57.01,-61.42,-48.92,-35.88,-59.65,-40.83,-54.79,2026-06-05 21:58:04+00:00
2026-06-05T21:59:04+00:00,-51.56,-64.98,-62.90,-58.84,-62.65,-44.06,-52.80,-63.56,-49.43,-46.04,-57.19,-62.03,-48.76,-35.63,-59.36,-40.15,-54.00,2026-06-05 21:59:04+00:00
2026-06-05T22:00:04+00:00,-51.93,-65.79,-63.21,-58.76,-62.70,-44.12,-52.69,-63.90,-53.29,-46.00,-57.17,-62.38,-48.67,-35.50,-59.58,-40.13,-54.07,2026-06-05 22:00:04+00:00
2026-06-05T22:01:04+00:00,-51.68,-64.90,-62.75,-58.70,-62.06,-44.19,-52.57,-63.86,-53.04,-45.91,-57.16,-61.10,-48.69,-35.56,-59.48,-39.65,-54.69,2026-06-05 22:01:04+00:00
2026-06-05T22:02:03+00:00,-51.83,-64.85,-62.96,-58.48,-63.65,-44.15,-52.55,-63.37,-53.01,-46.29,-57.27,-60.92,-48.59,-35.74,-59.76,-39.49,-54.91,2026-06-05 22:02:03+00:00
2026-06-05T22:03:03+00:00,-48.85,-65.31,-63.17,-58.50,-62.47,-44.03,-52.37,-63.36,-52.86,-46.82,-57.25,-60.53,-48.47,-35.48,-58.95,-38.68,-54.38,2026-06-05 22:03:03+00:00
2026-06-05T22:04:04+00:00,-48.86,-65.28,-63.25,-58.56,-63.17,-48.77,-52.27,-64.09,-52.81,-47.40,-57.09,-59.97,-48.28,-35.54,-59.71,-39.57,-55.19,2026-06-05 22:04:04+00:00
2026-06-05T22:05:04+00:00,-48.80,-64.49,-62.93,-58.54,-63.81,-48.85,-52.42,-62.60,-52.78,-47.41,-57.21,-59.01,-48.19,-35.38,-59.06,-39.86,-54.79,2026-06-05 22:05:04+00:00
2026-06-05T22:06:03+00:00,-48.89,-64.65,-63.04,-58.38,-62.52,-48.94,-52.24,-63.57,-52.76,-47.87,-56.88,-59.30,-48.15,-35.60,-58.98,-40.16,-54.81,2026-06-05 22:06:03+00:00
2026-06-05T22:07:03+00:00,-48.86,-65.32,-63.34,-58.59,-62.30,-49.40,-52.11,-63.44,-52.81,-47.83,-57.11,-57.23,-48.24,-35.59,-59.32,-40.70,-54.23,2026-06-05 22:07:03+00:00
2026-06-05T22:08:04+00:00,-48.81,-63.88,-61.87,-58.46,-62.98,-49.04,-51.46,-62.25,-52.69,-47.53,-56.92,-57.13,-48.35,-35.68,-59.38,-41.23,-55.05,2026-06-05 22:08:04+00:00
2026-06-05T22:09:04+00:00,-48.98,-64.38,-63.13,-58.96,-63.04,-49.43,-51.76,-63.36,-52.85,-47.57,-57.17,-57.99,-48.27,-36.12,-59.31,-41.32,-55.09,2026-06-05 22:09:04+00:00
2026-06-05T22:10:04+00:00,-48.91,-65.26,-63.36,-58.97,-62.44,-49.47,-51.66,-63.96,-52.86,-47.77,-57.08,-58.21,-48.23,-36.34,-59.51,-42.10,-54.74,2026-06-05 22:10:04+00:00
2026-06-05T22:11:04+00:00,-49.49,-65.50,-63.41,-59.05,-61.88,-49.65,-51.84,-63.87,-52.84,-48.32,-56.79,-60.21,-48.12,-36.66,-59.71,-42.02,-53.54,2026-06-05 22:11:04+00:00
2026-06-05T22:12:03+00:00,-49.48,-64.70,-62.43,-58.98,-62.87,-50.16,-51.69,-63.74,-52.65,-48.56,-56.55,-60.30,-48.12,-36.56,-59.34,-42.82,-51.45,2026-06-05 22:12:03+00:00
2026-06-05T22:13:03+00:00,-49.54,-65.58,-63.77,-58.82,-63.02,-50.26,-51.90,-64.50,-52.79,-48.64,-55.70,-61.96,-48.02,-36.64,-58.88,-43.62,-53.80,2026-06-05 22:13:03+00:00
2026-06-05T22:14:03+00:00,-49.52,-65.24,-63.42,-58.78,-63.16,-50.42,-51.81,-64.01,-50.70,-48.37,-56.82,-61.92,-47.82,-36.80,-59.45,-43.08,-54.79,2026-06-05 22:14:03+00:00
2026-06-05T22:15:04+00:00,-49.44,-64.23,-61.47,-58.05,-62.78,-50.05,-51.95,-63.10,-50.70,-48.37,-56.05,-61.16,-47.69,-36.41,-59.04,-41.84,-52.28,2026-06-05 22:15:04+00:00
2026-06-05T22:16:04+00:00,-49.42,-65.58,-63.66,-58.30,-62.78,-50.41,-51.49,-63.85,-50.71,-48.23,-56.63,-61.89,-47.67,-36.59,-59.44,-42.09,-54.58,2026-06-05 22:16:04+00:00
2026-06-05T22:17:04+00:00,-49.54,-65.50,-63.20,-58.58,-62.33,-50.50,-51.43,-64.38,-50.31,-48.31,-56.42,-61.28,-47.59,-36.29,-57.05,-41.79,-52.08,2026-06-05 22:17:04+00:00
2026-06-05T22:18:03+00:00,-52.72,-64.63,-63.26,-58.96,-62.99,-50.47,-51.54,-64.43,-50.41,-48.39,-56.51,-61.33,-47.45,-36.24,-59.51,-42.37,-54.74,2026-06-05 22:18:03+00:00
2026-06-05T22:19:03+00:00,-52.81,-64.86,-63.40,-58.56,-62.83,-50.58,-51.62,-62.64,-50.53,-48.31,-56.45,-59.77,-47.50,-35.89,-58.95,-42.27,-52.28,2026-06-05 22:19:03+00:00
2026-06-05T22:20:03+00:00,-52.83,-64.88,-63.20,-58.49,-63.00,-50.61,-51.89,-63.64,-50.37,-47.97,-56.40,-59.00,-47.50,-35.65,-59.01,-42.03,-53.50,2026-06-05 22:20:03+00:00
2026-06-05T22:21:04+00:00,-52.65,-64.08,-62.63,-58.29,-63.32,-50.67,-51.85,-63.16,-50.35,-47.55,-56.37,-58.47,-47.40,-35.50,-59.18,-40.60,-51.96,2026-06-05 22:21:04+00:00
2026-06-05T22:22:04+00:00,-52.72,-65.38,-63.25,-58.50,-62.52,-50.59,-51.85,-63.90,-50.41,-47.51,-56.28,-57.58,-47.34,-35.50,-59.28,-40.58,-52.16,2026-06-05 22:22:04+00:00
2026-06-05T22:23:04+00:00,-51.91,-65.56,-63.40,-58.60,-62.95,-49.05,-51.97,-64.13,-50.49,-47.45,-56.37,-59.73,-47.46,-35.66,-59.47,-40.39,-54.60,2026-06-05 22:23:04+00:00
2026-06-05T22:24:03+00:00,-52.31,-65.76,-63.91,-58.65,-62.82,-49.11,-51.95,-64.57,-50.43,-47.64,-56.57,-60.78,-47.37,-35.49,-59.78,-40.63,-54.59,2026-06-05 22:24:03+00:00
2026-06-05T22:25:03+00:00,-53.90,-65.69,-63.89,-58.78,-62.84,-46.76,-51.74,-63.86,-50.49,-48.20,-56.49,-61.55,-47.36,-35.52,-59.52,-41.03,-52.47,2026-06-05 22:25:03+00:00
2026-06-05T22:26:04+00:00,-54.60,-65.21,-63.60,-58.69,-62.71,-44.47,-51.95,-64.31,-50.25,-48.19,-56.34,-61.06,-47.23,-35.62,-60.03,-40.85,-52.07,2026-06-05 22:26:04+00:00
2026-06-05T22:27:04+00:00,-54.86,-65.46,-63.15,-58.50,-62.80,-44.36,-51.66,-63.95,-50.24,-48.84,-56.22,-62.19,-47.23,-35.75,-59.12,-40.51,-53.47,2026-06-05 22:27:04+00:00
2026-06-05T22:28:04+00:00,-54.47,-65.37,-63.64,-58.69,-64.26,-44.66,-52.02,-63.99,-50.26,-49.70,-56.43,-62.86,-47.15,-35.73,-59.48,-40.36,-51.95,2026-06-05 22:28:04+00:00
2026-06-05T22:29:04+00:00,-54.75,-65.87,-63.49,-58.47,-63.40,-44.77,-52.06,-64.28,-51.93,-49.83,-56.18,-63.65,-47.08,-35.79,-59.79,-40.90,-54.52,2026-06-05 22:29:04+00:00
2026-06-05T22:30:03+00:00,-54.92,-65.78,-63.76,-58.35,-61.66,-44.61,-52.17,-64.01,-49.05,-50.14,-56.35,-63.87,-47.16,-35.80,-59.42,-40.63,-53.41,2026-06-05 22:30:03+00:00
2026-06-05T22:31:03+00:00,-55.10,-65.13,-63.68,-58.34,-62.79,-44.66,-52.01,-63.91,-49.04,-50.20,-56.45,-63.66,-46.99,-35.89,-59.01,-40.42,-54.01,2026-06-05 22:31:03+00:00
2026-06-05T22:32:04+00:00,-52.06,-65.23,-63.70,-58.19,-63.37,-44.81,-52.09,-63.56,-48.98,-49.99,-56.33,-63.34,-46.92,-36.11,-60.09,-40.32,-53.14,2026-06-05 22:32:04+00:00
2026-06-05T22:33:04+00:00,-52.19,-65.90,-63.72,-58.30,-63.67,-44.86,-52.05,-64.42,-49.06,-50.12,-56.18,-63.80,-46.92,-35.75,-59.25,-40.36,-53.53,2026-06-05 22:33:04+00:00
2026-06-05T22:34:03+00:00,-52.19,-65.90,-63.82,-58.43,-63.35,-44.94,-52.20,-64.05,-49.01,-50.12,-56.50,-63.85,-46.85,-35.66,-60.05,-40.92,-51.99,2026-06-05 22:34:03+00:00
2026-06-05T22:35:03+00:00,-52.25,-65.78,-63.54,-58.50,-62.83,-44.90,-52.12,-64.48,-48.97,-49.70,-56.23,-62.85,-46.82,-35.50,-58.89,-42.10,-53.54,2026-06-05 22:35:03+00:00
2026-06-05T22:36:04+00:00,-52.30,-65.73,-63.85,-58.65,-63.17,-44.85,-52.14,-64.84,-48.93,-49.72,-54.40,-63.57,-46.66,-35.55,-59.33,-42.46,-53.44,2026-06-05 22:36:04+00:00
2026-06-05T22:37:03+00:00,-52.67,-65.73,-63.30,-58.57,-62.85,-44.93,-51.90,-64.85,-49.00,-49.81,-56.32,-63.43,-46.67,-35.41,-59.26,-42.57,-53.46,2026-06-05 22:37:03+00:00
2026-06-05T22:38:03+00:00,-52.60,-65.59,-63.21,-58.57,-62.83,-45.00,-51.87,-64.50,-48.93,-49.38,-54.99,-63.26,-46.76,-35.44,-59.29,-42.55,-53.53,2026-06-05 22:38:03+00:00
2026-06-05T22:39:04+00:00,-52.99,-65.40,-63.26,-58.53,-63.56,-44.94,-52.02,-64.25,-48.98,-48.49,-56.20,-63.31,-46.83,-35.39,-59.03,-42.92,-52.64,2026-06-05 22:39:04+00:00
2026-06-05T22:40:04+00:00,-52.74,-64.19,-62.48,-58.22,-63.09,-44.70,-51.78,-63.78,-48.87,-47.96,-56.13,-61.70,-46.85,-35.56,-58.58,-43.02,-52.16,2026-06-05 22:40:04+00:00
2026-06-05T22:41:04+00:00,-53.16,-64.78,-63.38,-58.44,-63.35,-44.96,-51.79,-64.56,-49.23,-47.09,-56.33,-63.82,-46.91,-35.81,-59.38,-42.26,-53.35,2026-06-05 22:41:04+00:00
2026-06-05T22:42:03+00:00,-52.84,-65.22,-63.71,-58.45,-62.81,-44.93,-51.94,-64.43,-49.17,-46.49,-56.41,-63.79,-46.91,-36.01,-59.05,-41.72,-53.84,2026-06-05 22:42:03+00:00
2026-06-05T22:43:03+00:00,-53.17,-63.91,-63.12,-58.70,-62.44,-44.91,-51.83,-63.95,-49.11,-46.25,-56.29,-63.58,-46.67,-36.10,-58.84,-40.73,-52.07,2026-06-05 22:43:03+00:00
2026-06-05T22:44:04+00:00,-53.53,-64.41,-63.25,-58.68,-62.72,-44.79,-51.82,-64.36,-50.30,-45.73,-56.23,-63.64,-46.76,-36.45,-59.28,-40.23,-52.84,2026-06-05 22:44:04+00:00
2026-06-05T22:45:04+00:00,-53.58,-65.12,-63.03,-58.60,-64.40,-44.92,-51.76,-64.84,-52.39,-45.18,-56.32,-63.50,-46.70,-36.44,-58.64,-39.26,-53.64,2026-06-05 22:45:04+00:00
2026-06-05T22:46:04+00:00,-53.66,-63.96,-63.39,-58.67,-62.66,-45.00,-51.93,-64.53,-52.45,-44.86,-56.45,-63.48,-46.80,-36.53,-58.75,-39.17,-52.23,2026-06-05 22:46:04+00:00
2026-06-05T22:47:03+00:00,-53.47,-65.11,-63.10,-58.49,-62.91,-45.01,-51.93,-64.14,-53.10,-44.41,-55.69,-63.42,-46.86,-36.30,-58.90,-39.65,-51.58,2026-06-05 22:47:03+00:00
2026-06-05T22:48:03+00:00,-49.58,-65.35,-63.42,-58.56,-62.93,-44.83,-51.85,-62.71,-52.94,-44.07,-55.80,-63.09,-46.86,-36.54,-58.79,-39.31,-52.01,2026-06-05 22:48:03+00:00
2026-06-05T22:49:03+00:00,-49.48,-65.46,-63.62,-58.84,-62.77,-45.01,-51.70,-64.06,-52.86,-43.77,-55.94,-63.46,-46.69,-36.87,-59.33,-39.93,-52.27,2026-06-05 22:49:03+00:00
2026-06-05T22:50:04+00:00,-49.57,-65.71,-63.42,-58.81,-63.62,-45.01,-51.64,-63.86,-52.97,-43.92,-55.67,-63.22,-46.54,-36.86,-59.06,-39.57,-52.11,2026-06-05 22:50:04+00:00
2026-06-05T22:51:04+00:00,-49.45,-65.68,-63.82,-58.80,-63.02,-45.02,-51.57,-64.60,-53.13,-43.70,-55.89,-63.53,-46.59,-36.81,-58.87,-39.07,-52.99,2026-06-05 22:51:04+00:00
2026-06-05T22:52:04+00:00,-49.37,-65.17,-63.58,-58.91,-63.07,-45.07,-51.64,-64.50,-53.00,-43.21,-55.62,-63.42,-46.55,-36.85,-58.50,-39.54,-52.08,2026-06-05 22:52:04+00:00
2026-06-05T22:53:03+00:00,-49.44,-65.83,-63.87,-58.95,-63.79,-44.94,-52.01,-64.25,-52.81,-42.89,-55.99,-63.58,-46.57,-37.13,-59.51,-39.50,-50.44,2026-06-05 22:53:03+00:00
2026-06-05T22:54:03+00:00,-49.65,-65.02,-63.37,-58.90,-62.97,-45.19,-51.90,-64.28,-52.84,-42.69,-55.90,-63.39,-46.58,-37.16,-59.45,-39.54,-52.48,2026-06-05 22:54:03+00:00
2026-06-05T22:55:04+00:00,-49.58,-65.33,-63.43,-58.74,-62.70,-45.51,-51.90,-64.45,-52.68,-42.54,-56.02,-63.01,-46.43,-37.26,-59.20,-38.89,-51.97,2026-06-05 22:55:04+00:00
2026-06-05T22:56:04+00:00,-49.41,-65.17,-63.40,-59.15,-61.09,-45.18,-51.93,-64.32,-52.59,-42.34,-55.86,-62.05,-46.42,-37.21,-58.78,-37.64,-52.09,2026-06-05 22:56:04+00:00
2026-06-05T22:57:03+00:00,-49.50,-65.12,-63.26,-59.13,-63.12,-45.30,-51.70,-63.63,-52.63,-42.35,-55.92,-62.56,-46.22,-37.22,-59.18,-37.70,-52.14,2026-06-05 22:57:03+00:00
2026-06-05T22:58:03+00:00,-49.58,-65.36,-63.25,-58.94,-63.47,-45.40,-51.62,-64.65,-52.71,-42.40,-55.77,-62.55,-46.19,-36.86,-59.66,-36.77,-54.75,2026-06-05 22:58:03+00:00
2026-06-05T22:59:04+00:00,-49.67,-65.74,-63.34,-59.18,-63.00,-45.52,-51.66,-64.35,-50.57,-42.38,-55.62,-62.50,-45.91,-36.82,-59.34,-36.79,-53.71,2026-06-05 22:59:04+00:00
2026-06-05T23:00:04+00:00,-49.59,-65.61,-63.45,-59.65,-63.30,-45.27,-52.12,-64.21,-50.61,-42.40,-55.59,-62.45,-45.63,-36.16,-59.75,-36.81,-54.06,2026-06-05 23:00:04+00:00
2026-06-05T23:01:04+00:00,-49.49,-64.98,-63.00,-59.31,-62.76,-45.38,-51.86,-63.42,-50.58,-42.37,-55.49,-62.42,-45.46,-35.86,-59.20,-36.63,-54.65,2026-06-05 23:01:04+00:00
2026-06-05T23:02:04+00:00,-49.53,-65.36,-63.38,-59.35,-62.26,-45.51,-51.93,-64.25,-50.52,-42.45,-55.27,-62.09,-45.45,-35.61,-59.32,-36.36,-52.35,2026-06-05 23:02:04+00:00
2026-06-05T23:03:04+00:00,-53.30,-64.10,-63.15,-59.20,-62.26,-45.49,-51.57,-61.82,-50.67,-42.46,-55.23,-61.74,-45.44,-35.32,-59.24,-36.31,-52.30,2026-06-05 23:03:04+00:00
2026-06-05T23:04:03+00:00,-53.35,-65.14,-63.42,-59.59,-62.34,-45.46,-51.63,-64.93,-50.73,-42.47,-55.31,-62.21,-45.63,-35.30,-59.57,-35.86,-53.39,2026-06-05 23:04:03+00:00
2026-06-05T23:05:03+00:00,-53.17,-65.82,-63.52,-59.23,-62.03,-45.44,-51.78,-64.57,-50.75,-42.26,-55.16,-62.10,-45.77,-35.01,-59.87,-35.80,-54.80,2026-06-05 23:05:03+00:00
2026-06-05T23:06:03+00:00,-53.57,-65.44,-63.54,-59.17,-62.51,-45.67,-51.80,-64.80,-50.73,-42.30,-54.99,-62.26,-45.82,-34.67,-59.34,-35.90,-54.72,2026-06-05 23:06:03+00:00
2026-06-05T23:07:03+00:00,-53.03,-65.83,-63.76,-59.47,-62.88,-45.57,-51.70,-64.97,-50.80,-42.74,-55.19,-62.20,-46.00,-34.61,-59.06,-35.72,-51.90,2026-06-05 23:07:03+00:00
2026-06-05T23:08:04+00:00,-53.01,-65.88,-63.44,-59.64,-62.63,-45.62,-52.32,-64.88,-50.65,-42.97,-55.27,-62.21,-46.10,-34.40,-58.99,-35.87,-52.00,2026-06-05 23:08:04+00:00
2026-06-05T23:09:04+00:00,-56.91,-65.83,-63.54,-59.70,-61.73,-45.60,-52.53,-64.56,-50.68,-43.06,-55.00,-62.17,-46.05,-34.16,-59.18,-35.83,-52.11,2026-06-05 23:09:04+00:00
2026-06-05T23:10:04+00:00,-57.03,-65.43,-63.36,-59.65,-62.04,-45.60,-52.33,-64.36,-50.69,-43.00,-54.85,-66.04,-46.06,-34.22,-58.93,-35.94,-52.01,2026-06-05 23:10:04+00:00
2026-06-05T23:11:04+00:00,-57.00,-65.51,-63.23,-59.38,-62.43,-45.65,-52.31,-64.54,-50.49,-43.08,-54.79,-65.49,-46.22,-34.26,-59.24,-35.76,-53.67,2026-06-05 23:11:04+00:00
2026-06-05T23:12:03+00:00,-56.79,-65.49,-63.40,-59.85,-62.48,-45.58,-52.30,-64.85,-50.39,-43.31,-54.59,-66.01,-46.19,-34.32,-59.03,-36.26,-53.61,2026-06-05 23:12:03+00:00
2026-06-05T23:13:03+00:00,-56.89,-65.68,-63.41,-59.46,-62.71,-45.52,-52.31,-64.97,-50.45,-43.21,-54.48,-66.26,-46.24,-34.36,-59.31,-36.77,-53.69,2026-06-05 23:13:03+00:00
2026-06-05T23:14:04+00:00,-57.25,-65.62,-63.43,-59.56,-61.84,-45.60,-52.35,-65.08,-49.02,-43.09,-54.61,-65.80,-46.35,-34.49,-59.22,-36.86,-51.96,2026-06-05 23:14:04+00:00
2026-06-05T23:15:04+00:00,-56.70,-65.62,-63.49,-59.44,-63.09,-45.60,-52.17,-65.30,-49.03,-42.80,-54.37,-64.82,-46.45,-34.66,-59.53,-37.46,-53.47,2026-06-05 23:15:04+00:00
2026-06-05T23:16:04+00:00,-53.01,-65.61,-63.55,-59.86,-62.90,-45.39,-52.11,-64.70,-49.04,-42.66,-54.08,-64.59,-46.49,-34.63,-59.55,-38.26,-55.04,2026-06-05 23:16:04+00:00
2026-06-05T23:17:03+00:00,-52.80,-65.39,-63.63,-59.96,-61.92,-45.81,-52.17,-64.68,-48.71,-42.37,-54.09,-64.68,-46.50,-34.79,-59.28,-38.36,-51.93,2026-06-05 23:17:03+00:00
2026-06-05T23:18:03+00:00,-52.81,-65.88,-63.74,-59.72,-62.86,-51.54,-52.11,-64.90,-48.74,-42.49,-54.16,-64.58,-46.56,-34.84,-59.31,-38.39,-54.85,2026-06-05 23:18:03+00:00
2026-06-05T23:19:04+00:00,-52.96,-65.87,-63.77,-59.84,-61.94,-51.64,-52.18,-64.82,-48.68,-42.26,-54.17,-64.09,-46.70,-35.03,-59.83,-37.77,-51.99,2026-06-05 23:19:04+00:00
2026-06-05T23:20:04+00:00,-52.86,-65.81,-63.41,-59.76,-62.82,-51.40,-52.15,-64.47,-48.77,-42.13,-53.98,-63.23,-46.69,-35.34,-59.07,-37.52,-53.52,2026-06-05 23:20:04+00:00
2026-06-05T23:21:04+00:00,-52.87,-64.89,-63.45,-59.50,-61.48,-51.71,-52.28,-64.70,-48.74,-42.01,-54.09,-62.71,-46.34,-35.51,-58.87,-37.54,-54.61,2026-06-05 23:21:04+00:00
2026-06-05T23:22:03+00:00,-52.87,-65.15,-63.03,-59.50,-62.26,-51.67,-52.22,-64.00,-48.76,-42.02,-54.06,-62.14,-46.03,-35.59,-59.09,-37.72,-53.50,2026-06-05 23:22:03+00:00
2026-06-05T23:23:03+00:00,-52.52,-65.02,-62.23,-59.36,-62.84,-51.89,-52.08,-64.79,-47.86,-41.92,-53.87,-61.86,-46.11,-36.01,-58.71,-37.87,-53.03,2026-06-05 23:23:03+00:00
2026-06-05T23:24:04+00:00,-52.70,-65.60,-63.56,-59.59,-63.07,-51.52,-52.14,-64.84,-48.72,-41.75,-53.83,-62.15,-46.26,-35.97,-59.38,-38.25,-54.81,2026-06-05 23:24:04+00:00
2026-06-05T23:25:04+00:00,-51.98,-65.24,-63.35,-59.40,-63.80,-51.23,-51.10,-65.01,-48.80,-41.67,-53.82,-62.50,-46.31,-36.32,-59.19,-38.42,-53.44,2026-06-05 23:25:04+00:00
2026-06-05T23:26:03+00:00,-51.58,-65.75,-63.34,-59.66,-62.67,-51.07,-51.98,-64.77,-49.08,-41.52,-53.43,-63.02,-46.44,-35.95,-59.29,-38.28,-53.61,2026-06-05 23:26:03+00:00
2026-06-05T23:27:03+00:00,-51.42,-65.12,-63.69,-59.97,-62.63,-50.81,-51.94,-64.63,-49.08,-41.76,-53.41,-63.21,-46.34,-35.94,-59.84,-38.79,-54.64,2026-06-05 23:27:03+00:00
2026-06-05T23:28:04+00:00,-51.24,-65.30,-63.41,-59.91,-63.55,-49.41,-51.53,-65.12,-49.10,-41.87,-53.43,-63.30,-46.22,-36.09,-59.15,-39.00,-53.52,2026-06-05 23:28:04+00:00
2026-06-05T23:29:04+00:00,-51.77,-66.03,-63.51,-59.49,-63.63,-49.49,-51.74,-65.18,-51.94,-41.81,-53.29,-63.19,-46.26,-35.99,-59.10,-39.68,-51.83,2026-06-05 23:29:04+00:00
2026-06-05T23:30:04+00:00,-51.82,-65.39,-63.49,-59.91,-62.27,-46.62,-51.42,-65.27,-52.01,-41.99,-53.02,-63.14,-46.26,-36.02,-59.48,-40.29,-50.87,2026-06-05 23:30:04+00:00
2026-06-05T23:31:04+00:00,-51.50,-64.82,-63.08,-59.37,-61.39,-45.32,-51.94,-64.85,-52.07,-42.25,-53.10,-62.99,-46.36,-35.90,-58.82,-40.34,-51.91,2026-06-05 23:31:04+00:00
2026-06-05T23:32:03+00:00,-51.66,-65.29,-63.53,-59.50,-62.40,-45.75,-52.05,-64.90,-52.00,-42.64,-52.88,-63.24,-46.44,-35.99,-58.84,-40.25,-54.54,2026-06-05 23:32:03+00:00
2026-06-05T23:33:03+00:00,-48.98,-65.01,-63.12,-59.39,-63.12,-45.82,-51.82,-64.57,-51.91,-42.70,-53.02,-63.08,-46.56,-35.88,-59.23,-39.53,-51.86,2026-06-05 23:33:03+00:00
2026-06-05T23:34:04+00:00,-48.89,-65.64,-63.38,-59.39,-63.77,-45.69,-51.89,-65.07,-51.91,-42.71,-52.83,-63.52,-46.54,-35.79,-59.29,-38.78,-53.46,2026-06-05 23:34:04+00:00
2026-06-05T23:35:04+00:00,-48.98,-65.13,-63.15,-59.39,-63.48,-45.66,-51.82,-64.94,-51.97,-42.66,-52.83,-63.34,-46.50,-36.13,-59.35,-38.41,-54.75,2026-06-05 23:35:04+00:00
2026-06-05T23:36:04+00:00,-49.03,-65.52,-63.42,-59.43,-63.02,-45.86,-52.08,-65.21,-51.95,-42.46,-52.73,-62.93,-46.39,-36.31,-59.86,-38.07,-51.46,2026-06-05 23:36:04+00:00
2026-06-05T23:37:04+00:00,-48.97,-65.06,-63.11,-59.88,-60.89,-45.68,-51.77,-64.70,-51.74,-42.25,-52.60,-62.82,-46.60,-36.68,-59.16,-38.46,-54.75,2026-06-05 23:37:04+00:00
2026-06-05T23:38:04+00:00,-48.89,-65.13,-63.30,-59.73,-61.97,-45.56,-51.79,-65.12,-51.72,-42.20,-52.60,-62.96,-46.58,-36.97,-59.11,-38.86,-54.75,2026-06-05 23:38:04+00:00
2026-06-05T23:39:03+00:00,-48.86,-65.42,-63.53,-59.60,-62.54,-45.70,-51.80,-64.81,-51.81,-41.91,-52.59,-63.47,-46.49,-37.19,-59.14,-38.74,-52.95,2026-06-05 23:39:03+00:00
2026-06-05T23:40:03+00:00,-49.76,-65.65,-63.68,-59.85,-63.35,-45.68,-51.47,-65.42,-51.76,-41.82,-52.55,-63.27,-46.32,-37.32,-59.15,-38.36,-52.09,2026-06-05 23:40:03+00:00
2026-06-05T23:41:04+00:00,-49.80,-65.79,-63.52,-59.78,-63.47,-46.00,-51.25,-65.29,-51.74,-41.50,-52.55,-63.24,-46.16,-36.94,-60.27,-38.30,-52.04,2026-06-05 23:41:04+00:00
2026-06-05T23:42:04+00:00,-49.92,-64.67,-63.03,-59.70,-62.64,-45.86,-50.49,-65.14,-51.79,-41.30,-52.27,-63.44,-46.22,-37.02,-59.35,-39.25,-53.15,2026-06-05 23:42:04+00:00
2026-06-05T23:43:03+00:00,-49.81,-65.49,-63.43,-59.63,-62.94,-46.04,-51.32,-64.83,-51.79,-41.31,-52.28,-64.21,-46.21,-37.17,-59.04,-39.74,-52.05,2026-06-05 23:43:03+00:00
2026-06-05T23:44:03+00:00,-49.74,-64.48,-63.50,-59.39,-62.60,-46.23,-51.42,-64.63,-50.14,-41.42,-52.07,-64.75,-46.09,-36.99,-59.06,-39.90,-54.85,2026-06-05 23:44:03+00:00
2026-06-05T23:45:03+00:00,-49.71,-65.44,-63.67,-59.83,-62.83,-46.09,-51.48,-65.11,-50.10,-41.63,-52.17,-64.68,-46.16,-36.95,-59.59,-40.13,-51.94,2026-06-05 23:45:03+00:00
2026-06-05T23:46:04+00:00,-49.56,-65.06,-63.40,-59.99,-61.76,-46.20,-51.58,-64.61,-50.11,-41.63,-51.93,-64.49,-46.17,-37.05,-59.13,-40.75,-54.57,2026-06-05 23:46:04+00:00
2026-06-05T23:47:04+00:00,-49.40,-65.22,-63.44,-59.67,-62.29,-46.18,-51.81,-64.77,-50.63,-41.65,-52.11,-62.50,-46.08,-37.07,-59.87,-40.33,-54.66,2026-06-05 23:47:04+00:00
2026-06-05T23:48:03+00:00,-52.80,-65.05,-62.79,-59.58,-62.86,-46.30,-51.41,-64.64,-50.74,-41.77,-51.81,-61.64,-46.01,-36.91,-59.49,-39.89,-54.72,2026-06-05 23:48:03+00:00
2026-06-05T23:49:03+00:00,-52.94,-64.47,-63.17,-59.41,-62.52,-46.35,-51.72,-64.32,-50.73,-41.55,-51.93,-61.42,-46.05,-36.85,-59.42,-40.08,-52.03,2026-06-05 23:49:03+00:00
2026-06-05T23:50:04+00:00,-52.35,-65.18,-63.49,-59.81,-62.63,-46.12,-51.63,-64.87,-50.75,-41.41,-51.95,-60.95,-46.15,-36.63,-59.39,-40.05,-54.92,2026-06-05 23:50:04+00:00
2026-06-05T23:51:04+00:00,-52.50,-64.96,-63.34,-59.49,-62.00,-46.45,-51.58,-64.29,-50.87,-41.39,-51.87,-60.90,-46.01,-36.79,-60.03,-40.16,-52.00,2026-06-05 23:51:04+00:00
2026-06-05T23:52:04+00:00,-55.38,-65.25,-63.08,-59.60,-61.77,-46.45,-51.92,-64.08,-50.71,-40.93,-51.58,-60.46,-46.03,-36.81,-59.57,-40.62,-51.06,2026-06-05 23:52:04+00:00
2026-06-05T23:53:03+00:00,-55.85,-65.43,-63.25,-59.80,-61.66,-46.38,-51.90,-64.09,-50.50,-41.14,-51.39,-60.05,-45.89,-36.86,-59.07,-40.63,-54.85,2026-06-05 23:53:03+00:00
2026-06-05T23:54:03+00:00,-55.67,-65.41,-63.03,-59.94,-62.54,-46.50,-51.56,-63.91,-50.63,-41.21,-50.84,-60.07,-45.91,-36.98,-59.52,-40.74,-54.94,2026-06-05 23:54:03+00:00
2026-06-05T23:55:04+00:00,-56.04,-64.57,-62.93,-59.67,-62.27,-46.45,-51.41,-63.95,-50.70,-41.30,-51.25,-60.34,-45.87,-36.96,-59.69,-41.42,-55.06,2026-06-05 23:55:04+00:00
2026-06-05T23:56:04+00:00,-56.22,-65.57,-63.02,-59.82,-61.85,-46.37,-51.32,-64.01,-50.30,-41.31,-51.28,-60.42,-45.94,-37.16,-60.07,-40.76,-54.81,2026-06-05 23:56:04+00:00
2026-06-05T23:57:04+00:00,-56.27,-65.18,-63.09,-59.71,-62.45,-46.35,-51.45,-63.67,-50.23,-41.02,-51.36,-60.57,-45.90,-37.18,-59.66,-40.68,-53.50,2026-06-05 23:57:04+00:00
2026-06-05T23:58:03+00:00,-56.52,-65.30,-63.00,-59.83,-62.91,-46.23,-51.35,-64.48,-50.31,-40.78,-51.27,-60.34,-46.06,-37.39,-59.72,-40.97,-51.86,2026-06-05 23:58:03+00:00
2026-06-05T23:59:03+00:00,-52.97,-66.28,-63.45,-60.02,-62.02,-46.21,-51.43,-65.23,-49.02,-40.64,-51.13,-60.29,-46.18,-37.48,-60.02,-40.41,-54.80,2026-06-05 23:59:03+00:00
