data,4500,11350,27200,58750,89750,19600,20270,20900,22600,23400,24000,26700,29700,45900,63850,77500,Ch17,data_parsed
2026-06-14T00:00:03+00:00,-48.64,-65.61,-66.54,-60.36,-61.70,-48.41,-48.96,-64.36,-55.55,-40.54,-52.41,-61.00,-49.69,-49.69,-59.40,-42.26,-54.41,2026-06-14 00:00:03+00:00
2026-06-14T00:01:03+00:00,-48.84,-64.70,-66.34,-60.60,-61.82,-48.50,-49.18,-64.38,-55.33,-40.74,-52.40,-60.83,-49.60,-48.37,-58.96,-43.31,-52.92,2026-06-14 00:01:03+00:00
2026-06-14T00:02:03+00:00,-48.69,-64.66,-65.68,-60.44,-62.57,-48.34,-48.88,-64.25,-54.57,-41.06,-52.26,-60.64,-49.75,-47.65,-58.58,-42.51,-54.83,2026-06-14 00:02:03+00:00
2026-06-14T00:03:04+00:00,-48.86,-65.61,-66.39,-60.32,-63.10,-48.35,-48.63,-64.43,-54.61,-41.18,-52.05,-60.74,-49.91,-48.28,-58.74,-42.17,-54.09,2026-06-14 00:03:04+00:00
2026-06-14T00:04:04+00:00,-49.74,-64.75,-66.59,-60.51,-63.52,-48.19,-48.82,-64.60,-54.31,-41.11,-52.18,-61.14,-50.09,-49.69,-59.02,-42.69,-54.70,2026-06-14 00:04:04+00:00
2026-06-14T00:05:04+00:00,-49.60,-65.34,-66.53,-60.65,-62.85,-48.15,-48.71,-64.27,-53.91,-40.63,-52.27,-61.20,-49.88,-49.81,-58.83,-42.49,-55.26,2026-06-14 00:05:04+00:00
2026-06-14T00:06:04+00:00,-49.69,-65.66,-66.54,-60.39,-62.69,-48.01,-48.37,-64.05,-54.03,-40.75,-52.18,-61.11,-49.93,-49.74,-59.03,-43.70,-54.25,2026-06-14 00:06:04+00:00
2026-06-14T00:07:04+00:00,-49.83,-65.38,-66.48,-60.32,-62.02,-48.09,-48.70,-64.44,-54.06,-40.61,-52.14,-61.19,-49.77,-49.94,-58.99,-44.27,-54.81,2026-06-14 00:07:04+00:00
2026-06-14T00:08:03+00:00,-51.04,-64.96,-66.12,-60.12,-61.96,-47.99,-48.80,-63.82,-54.08,-40.41,-52.16,-60.68,-49.70,-50.08,-59.00,-44.70,-53.09,2026-06-14 00:08:03+00:00
2026-06-14T00:09:03+00:00,-51.02,-65.21,-65.95,-60.50,-62.64,-48.13,-48.98,-63.92,-54.15,-40.48,-52.08,-61.12,-49.85,-51.70,-58.91,-44.86,-52.67,2026-06-14 00:09:03+00:00
2026-06-14T00:10:04+00:00,-51.21,-65.42,-66.42,-60.47,-61.98,-48.13,-49.17,-64.34,-54.09,-40.10,-52.22,-61.62,-49.87,-51.85,-58.83,-42.23,-54.24,2026-06-14 00:10:04+00:00
2026-06-14T00:11:04+00:00,-49.88,-65.60,-66.27,-60.45,-62.03,-47.91,-49.03,-63.86,-54.14,-40.19,-52.34,-61.04,-49.96,-51.45,-58.87,-41.64,-52.72,2026-06-14 00:11:04+00:00
2026-06-14T00:12:04+00:00,-49.44,-64.65,-66.17,-60.27,-62.79,-47.98,-49.48,-63.96,-53.97,-40.04,-52.23,-60.89,-49.72,-52.21,-58.87,-40.65,-55.05,2026-06-14 00:12:04+00:00
2026-06-14T00:13:03+00:00,-49.78,-65.43,-65.85,-60.40,-61.97,-48.04,-49.45,-63.89,-54.13,-40.27,-52.46,-60.83,-49.66,-52.95,-59.10,-39.86,-52.29,2026-06-14 00:13:03+00:00
2026-06-14T00:14:03+00:00,-49.83,-65.45,-66.31,-60.51,-62.88,-47.95,-49.68,-64.27,-54.20,-40.24,-52.66,-61.20,-49.41,-53.45,-59.07,-39.40,-55.07,2026-06-14 00:14:03+00:00
2026-06-14T00:15:04+00:00,-49.71,-66.07,-65.97,-60.57,-62.98,-47.96,-49.75,-64.07,-53.77,-39.85,-52.57,-61.08,-49.19,-54.47,-58.95,-38.65,-55.06,2026-06-14 00:15:04+00:00
2026-06-14T00:16:04+00:00,-49.49,-65.67,-66.33,-60.44,-62.36,-47.85,-49.45,-64.64,-54.26,-39.93,-52.37,-61.15,-49.06,-54.64,-59.31,-38.18,-54.18,2026-06-14 00:16:04+00:00
2026-06-14T00:17:03+00:00,-49.44,-64.93,-66.22,-60.36,-63.20,-47.92,-49.52,-64.14,-56.20,-40.38,-52.48,-61.22,-49.17,-53.33,-58.83,-38.25,-52.88,2026-06-14 00:17:03+00:00
2026-06-14T00:18:04+00:00,-49.46,-65.34,-66.29,-60.49,-63.02,-48.19,-49.48,-64.35,-56.17,-40.68,-52.52,-61.41,-49.15,-52.40,-59.55,-37.91,-55.09,2026-06-14 00:18:04+00:00
2026-06-14T00:19:04+00:00,-47.55,-65.33,-66.06,-60.49,-62.47,-47.94,-49.64,-64.14,-54.83,-40.67,-52.59,-61.43,-48.90,-51.56,-58.73,-37.48,-52.96,2026-06-14 00:19:04+00:00
2026-06-14T00:20:04+00:00,-47.69,-62.91,-66.23,-60.48,-63.06,-48.11,-49.93,-63.71,-55.11,-40.56,-52.79,-61.40,-48.72,-51.90,-58.70,-37.37,-55.27,2026-06-14 00:20:04+00:00
2026-06-14T00:21:03+00:00,-47.69,-64.09,-65.88,-60.58,-62.98,-47.84,-49.75,-64.22,-55.70,-40.42,-52.84,-61.22,-48.71,-51.20,-58.85,-37.58,-55.26,2026-06-14 00:21:03+00:00
2026-06-14T00:22:04+00:00,-47.68,-64.62,-65.83,-60.28,-61.91,-48.09,-49.48,-64.73,-55.64,-40.48,-53.05,-61.25,-48.94,-52.13,-58.93,-38.15,-54.17,2026-06-14 00:22:04+00:00
2026-06-14T00:23:04+00:00,-47.77,-64.89,-66.03,-60.02,-63.50,-48.22,-49.24,-64.45,-55.50,-40.70,-52.93,-61.63,-49.04,-54.28,-58.85,-38.62,-52.21,2026-06-14 00:23:04+00:00
2026-06-14T00:24:04+00:00,-47.95,-65.09,-66.24,-60.45,-63.25,-48.02,-49.36,-64.49,-55.98,-40.92,-53.00,-61.60,-49.11,-54.69,-58.72,-38.24,-54.19,2026-06-14 00:24:04+00:00
2026-06-14T00:25:03+00:00,-47.94,-64.80,-66.15,-60.42,-62.46,-47.96,-49.71,-64.33,-55.73,-41.18,-53.08,-61.95,-49.03,-56.38,-58.78,-38.64,-55.28,2026-06-14 00:25:03+00:00
2026-06-14T00:26:03+00:00,-47.99,-65.14,-66.29,-60.49,-62.17,-48.09,-50.23,-63.83,-55.82,-41.01,-53.24,-61.99,-48.94,-55.97,-59.02,-38.84,-54.28,2026-06-14 00:26:03+00:00
2026-06-14T00:27:04+00:00,-47.91,-65.73,-66.62,-60.30,-63.58,-47.97,-50.31,-63.87,-55.62,-40.29,-53.34,-62.06,-48.75,-55.64,-58.82,-39.03,-52.81,2026-06-14 00:27:04+00:00
2026-06-14T00:28:04+00:00,-47.89,-64.30,-65.90,-60.54,-63.18,-48.15,-50.20,-64.12,-52.05,-40.37,-53.34,-61.40,-48.70,-57.36,-59.22,-38.74,-55.31,2026-06-14 00:28:04+00:00
2026-06-14T00:29:04+00:00,-47.83,-64.86,-66.04,-60.59,-63.62,-48.08,-50.00,-64.52,-49.71,-40.65,-53.40,-61.48,-48.48,-58.07,-58.73,-39.34,-55.18,2026-06-14 00:29:04+00:00
2026-06-14T00:30:03+00:00,-47.74,-64.18,-65.08,-60.29,-62.35,-48.23,-49.28,-64.28,-49.49,-40.79,-53.47,-61.31,-48.61,-55.74,-58.99,-39.13,-54.14,2026-06-14 00:30:03+00:00
2026-06-14T00:31:03+00:00,-47.93,-64.75,-66.01,-60.50,-62.64,-48.22,-49.00,-64.26,-49.50,-41.18,-53.29,-61.30,-48.78,-54.91,-58.63,-39.44,-55.51,2026-06-14 00:31:03+00:00
2026-06-14T00:32:04+00:00,-47.92,-64.63,-65.85,-60.25,-63.27,-48.35,-49.31,-64.44,-49.05,-40.99,-53.42,-60.88,-48.83,-53.72,-58.87,-38.76,-52.83,2026-06-14 00:32:04+00:00
2026-06-14T00:33:04+00:00,-47.88,-65.30,-66.28,-60.14,-62.09,-48.32,-49.71,-64.36,-49.11,-41.37,-53.15,-60.99,-48.72,-52.90,-58.62,-38.27,-55.24,2026-06-14 00:33:04+00:00
2026-06-14T00:34:04+00:00,-50.04,-64.99,-66.26,-60.26,-62.32,-48.28,-49.64,-63.91,-49.53,-41.65,-53.38,-65.64,-48.37,-55.40,-59.10,-37.83,-54.31,2026-06-14 00:34:04+00:00
2026-06-14T00:35:03+00:00,-49.58,-64.54,-66.11,-60.29,-63.48,-48.07,-49.60,-64.51,-49.43,-41.88,-53.48,-65.63,-48.20,-55.92,-58.84,-37.71,-54.39,2026-06-14 00:35:03+00:00
2026-06-14T00:36:04+00:00,-49.78,-64.78,-65.15,-60.12,-62.95,-48.05,-49.34,-64.60,-49.47,-42.08,-53.33,-65.60,-48.16,-55.35,-58.90,-37.45,-52.71,2026-06-14 00:36:04+00:00
2026-06-14T00:37:04+00:00,-49.90,-65.13,-66.09,-60.36,-63.15,-48.25,-49.37,-64.03,-49.34,-42.08,-53.44,-65.92,-48.12,-54.18,-58.67,-37.34,-55.17,2026-06-14 00:37:04+00:00
2026-06-14T00:38:03+00:00,-49.87,-65.25,-66.65,-60.63,-63.73,-48.12,-49.60,-64.37,-49.34,-41.45,-53.27,-65.01,-47.92,-54.06,-58.71,-37.20,-55.20,2026-06-14 00:38:03+00:00
2026-06-14T00:39:03+00:00,-50.16,-65.01,-66.07,-60.14,-62.15,-47.79,-49.26,-63.95,-49.44,-41.17,-53.14,-63.84,-48.20,-55.22,-59.11,-38.13,-55.19,2026-06-14 00:39:03+00:00
2026-06-14T00:40:04+00:00,-50.16,-64.98,-65.89,-60.56,-63.33,-48.15,-49.35,-64.29,-49.43,-41.96,-53.14,-63.05,-48.20,-56.83,-59.43,-39.28,-52.77,2026-06-14 00:40:04+00:00
2026-06-14T00:41:04+00:00,-50.16,-64.65,-66.25,-60.46,-64.26,-48.26,-49.88,-64.21,-49.43,-42.08,-53.24,-63.18,-48.05,-56.85,-59.45,-39.19,-52.84,2026-06-14 00:41:04+00:00
2026-06-14T00:42:04+00:00,-49.87,-64.80,-66.05,-60.12,-63.30,-48.22,-50.00,-63.71,-49.34,-42.17,-53.10,-62.60,-48.16,-59.36,-58.76,-39.93,-52.77,2026-06-14 00:42:04+00:00
2026-06-14T00:43:03+00:00,-50.05,-64.91,-65.88,-59.89,-62.97,-48.10,-49.76,-63.82,-50.99,-42.35,-52.97,-62.31,-48.44,-59.82,-59.18,-39.84,-54.22,2026-06-14 00:43:03+00:00
2026-06-14T00:44:03+00:00,-51.47,-65.36,-66.28,-60.36,-63.36,-48.24,-49.65,-63.89,-54.48,-41.88,-53.01,-61.89,-48.57,-60.77,-59.73,-39.75,-52.81,2026-06-14 00:44:03+00:00
2026-06-14T00:45:03+00:00,-51.80,-64.81,-66.17,-60.03,-62.74,-48.58,-49.90,-63.43,-54.36,-42.49,-52.80,-61.45,-48.37,-57.76,-58.62,-39.59,-52.72,2026-06-14 00:45:03+00:00
2026-06-14T00:46:04+00:00,-51.60,-65.08,-65.65,-59.95,-62.09,-48.44,-50.31,-63.96,-54.32,-43.18,-53.12,-61.15,-48.17,-57.30,-59.08,-39.49,-52.77,2026-06-14 00:46:04+00:00
2026-06-14T00:47:04+00:00,-51.56,-64.83,-66.01,-60.20,-63.95,-48.41,-50.02,-63.89,-53.42,-43.39,-52.92,-60.98,-48.01,-59.23,-59.18,-38.85,-52.74,2026-06-14 00:47:04+00:00
2026-06-14T00:48:03+00:00,-51.72,-64.53,-66.03,-59.93,-62.92,-48.36,-50.06,-64.28,-53.68,-43.38,-53.08,-60.98,-48.11,-57.38,-59.02,-37.98,-52.76,2026-06-14 00:48:03+00:00
2026-06-14T00:49:03+00:00,-51.70,-63.97,-65.47,-59.85,-62.10,-48.37,-49.85,-63.96,-53.75,-43.19,-53.11,-60.98,-48.23,-57.63,-59.01,-37.40,-52.77,2026-06-14 00:49:03+00:00
2026-06-14T00:50:04+00:00,-51.70,-65.15,-65.90,-60.18,-63.23,-48.20,-49.85,-64.33,-53.76,-44.74,-53.01,-60.63,-48.10,-57.25,-59.30,-37.67,-52.76,2026-06-14 00:50:04+00:00
2026-06-14T00:51:04+00:00,-50.21,-64.16,-65.78,-59.97,-62.76,-48.35,-49.98,-63.84,-54.05,-44.66,-52.60,-60.73,-48.27,-59.73,-58.97,-36.54,-52.71,2026-06-14 00:51:04+00:00
2026-06-14T00:52:04+00:00,-50.22,-65.10,-65.79,-60.15,-62.68,-48.34,-49.91,-64.28,-54.39,-44.73,-52.50,-60.44,-48.29,-62.72,-59.18,-36.16,-52.64,2026-06-14 00:52:04+00:00
2026-06-14T00:53:03+00:00,-50.16,-64.01,-66.16,-60.39,-62.81,-48.76,-49.75,-64.54,-54.59,-44.77,-52.52,-60.90,-48.28,-59.77,-59.12,-36.35,-52.70,2026-06-14 00:53:03+00:00
2026-06-14T00:54:03+00:00,-50.16,-63.20,-66.09,-60.24,-63.00,-48.40,-49.97,-64.42,-54.67,-44.73,-52.48,-60.93,-48.20,-59.80,-58.45,-36.99,-52.66,2026-06-14 00:54:03+00:00
2026-06-14T00:55:04+00:00,-50.20,-64.10,-65.74,-60.14,-63.26,-48.35,-50.11,-64.44,-54.58,-45.00,-52.52,-60.44,-47.99,-57.51,-58.66,-36.95,-52.67,2026-06-14 00:55:04+00:00
2026-06-14T00:56:04+00:00,-50.19,-65.24,-66.19,-60.37,-63.39,-48.37,-49.86,-64.09,-54.71,-44.32,-52.42,-60.87,-47.96,-55.21,-59.09,-37.00,-52.89,2026-06-14 00:56:04+00:00
2026-06-14T00:57:04+00:00,-50.29,-63.83,-66.00,-60.16,-62.45,-48.52,-49.75,-64.00,-54.59,-43.93,-52.39,-60.50,-48.05,-53.77,-58.92,-36.91,-54.33,2026-06-14 00:57:04+00:00
2026-06-14T00:58:03+00:00,-50.31,-64.93,-65.85,-60.03,-63.04,-48.47,-50.04,-64.57,-54.50,-44.16,-52.22,-60.32,-48.07,-52.71,-58.80,-37.18,-52.94,2026-06-14 00:58:03+00:00
2026-06-14T00:59:03+00:00,-50.39,-64.79,-65.66,-60.18,-63.93,-48.72,-50.26,-64.86,-54.54,-43.53,-51.66,-60.29,-47.81,-52.95,-58.88,-37.75,-52.97,2026-06-14 00:59:03+00:00
2026-06-14T01:00:04+00:00,-50.30,-64.57,-66.12,-60.37,-62.12,-48.68,-50.42,-64.55,-54.72,-43.76,-51.60,-60.10,-47.88,-54.25,-58.60,-38.05,-52.97,2026-06-14 01:00:04+00:00
2026-06-14T01:01:04+00:00,-50.31,-65.15,-65.95,-60.03,-62.53,-48.80,-50.31,-64.27,-54.85,-44.03,-51.92,-60.10,-47.74,-53.82,-58.72,-37.82,-53.06,2026-06-14 01:01:04+00:00
2026-06-14T01:02:03+00:00,-50.27,-64.61,-65.99,-60.40,-62.98,-48.66,-50.02,-64.63,-56.88,-44.27,-51.96,-60.07,-47.97,-52.08,-58.80,-37.61,-53.00,2026-06-14 01:02:03+00:00
2026-06-14T01:03:03+00:00,-49.92,-65.65,-65.58,-59.92,-62.34,-48.53,-49.69,-64.61,-56.82,-43.98,-51.80,-59.78,-48.01,-51.39,-58.52,-37.36,-53.08,2026-06-14 01:03:03+00:00
2026-06-14T01:04:03+00:00,-47.92,-65.65,-66.31,-59.96,-63.17,-48.69,-49.04,-64.70,-55.39,-43.62,-51.67,-59.59,-47.95,-52.09,-59.24,-37.06,-52.85,2026-06-14 01:04:03+00:00
2026-06-14T01:05:04+00:00,-47.79,-64.57,-66.16,-60.19,-63.31,-48.85,-49.53,-64.29,-55.47,-42.91,-51.62,-59.56,-47.88,-51.51,-58.94,-37.06,-53.01,2026-06-14 01:05:04+00:00
2026-06-14T01:06:03+00:00,-47.89,-64.50,-66.21,-60.08,-63.17,-48.90,-49.81,-64.07,-55.49,-42.52,-51.62,-59.58,-47.87,-51.80,-59.16,-37.41,-53.03,2026-06-14 01:06:03+00:00
2026-06-14T01:07:04+00:00,-47.86,-65.08,-66.12,-60.06,-63.23,-48.88,-50.06,-64.13,-55.08,-42.82,-51.29,-59.75,-47.89,-54.20,-59.18,-37.51,-54.18,2026-06-14 01:07:04+00:00
2026-06-14T01:08:04+00:00,-47.83,-65.64,-66.19,-59.90,-63.02,-48.81,-50.24,-64.42,-54.89,-42.73,-51.46,-61.25,-47.76,-54.34,-58.96,-37.86,-54.32,2026-06-14 01:08:04+00:00
2026-06-14T01:09:04+00:00,-47.91,-65.41,-66.13,-60.12,-63.25,-48.77,-50.23,-64.42,-54.60,-42.17,-51.45,-62.05,-47.86,-53.68,-58.69,-37.80,-52.87,2026-06-14 01:09:04+00:00
2026-06-14T01:10:03+00:00,-47.96,-63.97,-66.16,-60.00,-62.83,-48.74,-50.03,-64.71,-54.55,-42.01,-51.42,-62.47,-47.85,-54.71,-59.07,-38.42,-59.48,2026-06-14 01:10:03+00:00
2026-06-14T01:11:03+00:00,-47.95,-64.02,-66.12,-60.24,-63.57,-48.76,-53.16,-64.47,-54.49,-42.13,-51.33,-62.32,-47.90,-56.69,-58.73,-39.21,-59.72,2026-06-14 01:11:03+00:00
2026-06-14T01:12:04+00:00,-47.81,-65.78,-66.38,-60.29,-63.45,-48.43,-46.28,-64.18,-54.55,-42.04,-51.26,-62.48,-47.51,-55.50,-58.78,-39.37,-59.56,2026-06-14 01:12:04+00:00
2026-06-14T01:13:04+00:00,-47.91,-65.15,-66.24,-60.05,-63.81,-48.65,-49.57,-63.99,-51.62,-41.90,-51.07,-62.34,-47.42,-54.92,-58.65,-38.52,-59.36,2026-06-14 01:13:04+00:00
2026-06-14T01:14:03+00:00,-47.85,-65.63,-66.37,-59.99,-63.67,-48.68,-49.64,-64.13,-49.26,-42.06,-51.22,-62.30,-47.49,-55.58,-59.20,-39.37,-59.75,2026-06-14 01:14:03+00:00
2026-06-14T01:15:03+00:00,-47.90,-64.74,-66.16,-60.28,-63.16,-48.61,-50.00,-63.92,-49.32,-42.51,-51.40,-62.17,-47.77,-56.98,-59.35,-40.05,-59.46,2026-06-14 01:15:03+00:00
2026-06-14T01:16:03+00:00,-47.90,-65.55,-66.11,-60.10,-62.76,-48.62,-49.72,-64.48,-49.40,-42.45,-51.43,-62.08,-47.89,-59.58,-59.51,-40.35,-59.53,2026-06-14 01:16:03+00:00
2026-06-14T01:17:04+00:00,-47.81,-65.53,-66.12,-60.37,-63.39,-48.75,-49.64,-64.35,-49.03,-42.42,-51.35,-62.26,-47.70,-57.41,-59.36,-41.53,-59.57,2026-06-14 01:17:04+00:00
2026-06-14T01:18:04+00:00,-47.84,-64.85,-66.13,-60.24,-62.95,-48.64,-49.47,-63.57,-49.01,-42.98,-51.37,-62.17,-47.88,-57.05,-59.23,-41.90,-59.55,2026-06-14 01:18:04+00:00
2026-06-14T01:19:04+00:00,-50.12,-65.01,-66.37,-60.19,-63.26,-48.52,-49.79,-64.00,-49.35,-43.70,-51.25,-61.99,-48.01,-56.96,-59.16,-41.37,-59.77,2026-06-14 01:19:04+00:00
2026-06-14T01:20:03+00:00,-50.12,-65.57,-66.38,-60.21,-64.52,-48.68,-49.71,-64.14,-49.34,-44.70,-51.29,-61.57,-47.94,-58.17,-58.81,-41.05,-59.80,2026-06-14 01:20:03+00:00
2026-06-14T01:21:03+00:00,-49.90,-64.99,-66.22,-60.32,-63.37,-48.68,-50.18,-64.13,-49.25,-45.14,-51.21,-61.44,-47.83,-56.22,-58.87,-40.04,-59.53,2026-06-14 01:21:03+00:00
2026-06-14T01:22:04+00:00,-49.96,-63.46,-66.26,-60.15,-62.31,-48.62,-50.01,-63.89,-49.36,-45.88,-51.35,-61.26,-47.82,-56.16,-58.65,-39.59,-59.20,2026-06-14 01:22:04+00:00
2026-06-14T01:23:04+00:00,-51.58,-65.16,-66.37,-60.12,-63.09,-48.36,-49.79,-64.32,-49.39,-45.71,-51.43,-61.24,-47.65,-55.67,-58.72,-40.29,-59.38,2026-06-14 01:23:04+00:00
2026-06-14T01:24:04+00:00,-51.67,-65.05,-65.81,-60.21,-63.29,-48.35,-49.78,-64.25,-49.34,-45.52,-51.60,-61.81,-47.76,-56.98,-59.24,-41.10,-59.38,2026-06-14 01:24:04+00:00
2026-06-14T01:25:03+00:00,-51.41,-64.85,-66.21,-60.05,-63.32,-48.31,-49.66,-64.17,-49.31,-45.86,-51.58,-61.70,-47.60,-58.64,-58.75,-41.66,-59.45,2026-06-14 01:25:03+00:00
2026-06-14T01:26:03+00:00,-51.44,-65.35,-66.57,-60.07,-62.65,-48.12,-49.67,-64.15,-49.39,-46.58,-51.47,-61.49,-47.56,-58.59,-58.77,-41.83,-59.43,2026-06-14 01:26:03+00:00
2026-06-14T01:27:03+00:00,-51.56,-64.18,-66.47,-59.96,-62.80,-48.07,-49.40,-64.22,-49.33,-45.86,-51.35,-61.62,-47.67,-60.42,-58.17,-42.33,-59.32,2026-06-14 01:27:03+00:00
2026-06-14T01:28:04+00:00,-51.58,-64.44,-66.47,-59.88,-64.04,-48.20,-52.38,-64.78,-50.89,-45.82,-51.27,-62.17,-47.85,-59.06,-59.26,-41.40,-59.55,2026-06-14 01:28:04+00:00
2026-06-14T01:29:04+00:00,-51.46,-64.83,-66.60,-60.16,-62.86,-48.00,-49.72,-64.58,-55.23,-45.42,-51.30,-62.57,-48.10,-59.54,-59.21,-42.38,-59.50,2026-06-14 01:29:04+00:00
2026-06-14T01:30:03+00:00,-50.03,-63.91,-66.42,-60.13,-64.06,-48.05,-49.86,-64.47,-54.93,-45.37,-51.23,-62.16,-48.23,-58.58,-58.87,-41.82,-59.25,2026-06-14 01:30:03+00:00
2026-06-14T01:31:03+00:00,-49.40,-64.64,-63.89,-59.81,-63.22,-48.46,-49.53,-64.29,-54.83,-44.86,-51.13,-61.04,-48.11,-59.25,-58.66,-41.87,-56.31,2026-06-14 01:31:03+00:00
2026-06-14T01:32:04+00:00,-49.69,-64.71,-66.36,-59.92,-63.82,-48.06,-50.02,-64.42,-54.50,-45.04,-51.37,-62.16,-48.07,-60.29,-59.26,-43.32,-58.42,2026-06-14 01:32:04+00:00
2026-06-14T01:33:04+00:00,-49.89,-65.00,-66.12,-59.92,-63.45,-48.06,-49.86,-64.54,-54.20,-45.40,-51.43,-61.41,-47.94,-58.84,-59.48,-43.35,-59.37,2026-06-14 01:33:04+00:00
2026-06-14T01:34:03+00:00,-50.18,-64.46,-66.12,-59.96,-63.17,-48.04,-49.87,-64.34,-54.40,-46.11,-51.49,-61.12,-48.16,-57.35,-58.95,-44.01,-59.16,2026-06-14 01:34:03+00:00
2026-06-14T01:35:03+00:00,-50.14,-65.71,-66.23,-60.14,-63.83,-48.22,-49.83,-64.22,-54.64,-45.70,-51.64,-60.80,-48.18,-57.13,-59.33,-45.16,-59.47,2026-06-14 01:35:03+00:00
2026-06-14T01:36:03+00:00,-50.26,-64.53,-66.37,-59.91,-63.60,-48.28,-49.86,-64.13,-54.65,-45.46,-51.54,-61.00,-48.18,-59.05,-59.06,-45.20,-59.43,2026-06-14 01:36:03+00:00
2026-06-14T01:37:04+00:00,-50.25,-65.36,-66.66,-59.90,-64.06,-48.27,-49.80,-64.17,-54.86,-45.59,-51.62,-61.20,-48.40,-56.11,-58.87,-45.83,-59.26,2026-06-14 01:37:04+00:00
2026-06-14T01:38:04+00:00,-50.23,-65.80,-66.70,-60.06,-64.34,-48.27,-49.90,-64.53,-54.74,-45.74,-51.67,-61.70,-48.08,-56.55,-59.09,-46.17,-59.73,2026-06-14 01:38:04+00:00
2026-06-14T01:39:04+00:00,-50.17,-64.44,-66.57,-60.07,-63.75,-48.19,-49.70,-64.12,-54.11,-45.78,-51.63,-61.44,-48.00,-56.96,-59.16,-45.69,-59.76,2026-06-14 01:39:04+00:00
2026-06-14T01:40:03+00:00,-50.13,-64.91,-66.23,-59.96,-63.69,-48.21,-49.91,-64.25,-53.93,-46.21,-51.52,-61.67,-48.03,-59.19,-58.70,-45.20,-59.53,2026-06-14 01:40:03+00:00
2026-06-14T01:41:03+00:00,-50.21,-64.54,-66.15,-60.00,-64.24,-47.99,-49.58,-64.18,-54.10,-46.08,-51.31,-61.87,-48.18,-57.64,-58.87,-44.00,-59.98,2026-06-14 01:41:03+00:00
2026-06-14T01:42:04+00:00,-50.18,-65.42,-66.63,-59.88,-63.58,-48.13,-49.33,-64.04,-53.88,-46.18,-51.25,-61.87,-48.45,-56.63,-58.67,-43.77,-59.60,2026-06-14 01:42:04+00:00
2026-06-14T01:43:04+00:00,-50.31,-64.79,-66.20,-60.04,-63.90,-48.04,-49.68,-63.85,-54.12,-45.89,-50.90,-62.01,-48.56,-56.67,-58.80,-43.92,-59.01,2026-06-14 01:43:04+00:00
2026-06-14T01:44:04+00:00,-50.15,-64.00,-66.42,-60.02,-63.54,-48.27,-49.26,-63.94,-54.58,-45.99,-51.01,-62.13,-48.65,-55.94,-58.97,-44.07,-59.28,2026-06-14 01:44:04+00:00
2026-06-14T01:45:03+00:00,-50.42,-64.38,-66.40,-59.49,-63.48,-48.00,-49.06,-64.00,-53.63,-45.65,-50.75,-62.28,-48.82,-57.10,-58.99,-42.20,-59.23,2026-06-14 01:45:03+00:00
2026-06-14T01:46:03+00:00,-50.18,-64.64,-66.22,-59.89,-63.64,-48.06,-48.97,-64.15,-54.30,-45.49,-50.82,-61.92,-48.66,-57.66,-59.01,-42.45,-59.19,2026-06-14 01:46:03+00:00
2026-06-14T01:47:04+00:00,-50.18,-65.43,-66.38,-59.59,-63.14,-47.99,-49.37,-64.17,-56.10,-46.05,-50.57,-61.93,-48.65,-56.04,-58.76,-42.19,-59.38,2026-06-14 01:47:04+00:00
2026-06-14T01:48:04+00:00,-50.13,-65.16,-65.84,-59.71,-63.47,-48.17,-49.18,-64.05,-56.20,-45.86,-50.24,-61.83,-48.73,-55.14,-59.28,-42.24,-59.29,2026-06-14 01:48:04+00:00
2026-06-14T01:49:04+00:00,-47.90,-65.02,-65.69,-59.28,-63.53,-47.81,-49.10,-63.70,-54.48,-45.52,-50.15,-62.34,-48.75,-55.21,-58.56,-42.59,-58.92,2026-06-14 01:49:04+00:00
2026-06-14T01:50:03+00:00,-47.91,-65.58,-66.10,-59.59,-63.11,-47.71,-48.82,-64.11,-54.83,-45.73,-50.27,-61.82,-48.61,-58.95,-58.66,-42.51,-59.47,2026-06-14 01:50:03+00:00
2026-06-14T01:51:03+00:00,-47.93,-64.83,-65.75,-59.57,-62.77,-48.08,-48.60,-63.96,-54.96,-46.33,-50.22,-61.57,-48.74,-61.06,-58.80,-42.96,-59.61,2026-06-14 01:51:03+00:00
2026-06-14T01:52:03+00:00,-47.85,-64.54,-65.96,-59.50,-63.08,-48.01,-49.10,-64.18,-54.67,-45.91,-50.30,-61.67,-48.91,-60.10,-58.99,-43.31,-59.53,2026-06-14 01:52:03+00:00
2026-06-14T01:53:04+00:00,-47.85,-64.65,-66.04,-59.56,-63.34,-48.16,-49.05,-64.82,-55.35,-45.86,-50.43,-61.47,-49.12,-60.96,-58.85,-43.47,-60.20,2026-06-14 01:53:04+00:00
2026-06-14T01:54:04+00:00,-47.77,-65.01,-65.87,-59.70,-63.21,-48.13,-49.44,-64.45,-54.97,-45.64,-50.20,-61.19,-49.24,-58.92,-59.24,-43.40,-59.75,2026-06-14 01:54:04+00:00
2026-06-14T01:55:04+00:00,-47.86,-65.52,-65.96,-59.59,-62.19,-48.31,-49.74,-64.20,-55.72,-45.58,-50.38,-61.60,-49.26,-56.95,-59.08,-42.08,-59.31,2026-06-14 01:55:04+00:00
2026-06-14T01:56:03+00:00,-47.83,-65.60,-66.20,-59.66,-63.14,-48.38,-49.89,-64.41,-55.91,-45.78,-50.12,-61.65,-49.18,-58.27,-59.38,-41.71,-59.41,2026-06-14 01:56:03+00:00
2026-06-14T01:57:03+00:00,-47.60,-65.56,-66.06,-59.64,-62.85,-52.67,-49.68,-64.07,-55.58,-45.41,-50.78,-61.70,-49.31,-57.90,-58.77,-40.80,-56.00,2026-06-14 01:57:03+00:00
2026-06-14T01:58:04+00:00,-47.59,-65.00,-66.03,-59.82,-63.04,-52.55,-49.96,-64.32,-52.25,-45.29,-51.04,-61.84,-49.47,-53.63,-58.94,-41.28,-59.43,2026-06-14 01:58:04+00:00
2026-06-14T01:59:04+00:00,-47.56,-65.31,-65.65,-59.70,-61.81,-52.53,-49.93,-64.32,-49.61,-44.16,-51.04,-61.36,-49.58,-52.84,-59.03,-41.09,-59.82,2026-06-14 01:59:04+00:00
2026-06-14T02:00:04+00:00,-47.77,-65.81,-66.44,-59.68,-62.66,-52.52,-49.90,-64.37,-49.60,-43.44,-51.10,-61.40,-49.39,-52.35,-58.97,-41.08,-60.07,2026-06-14 02:00:04+00:00
2026-06-14T02:01:04+00:00,-47.59,-64.61,-66.98,-59.77,-62.71,-52.41,-49.66,-64.45,-49.44,-43.20,-50.90,-61.20,-49.48,-53.04,-58.93,-40.31,-59.93,2026-06-14 02:01:04+00:00
2026-06-14T02:02:03+00:00,-47.79,-64.92,-66.53,-59.66,-63.23,-52.17,-49.73,-64.43,-49.20,-42.90,-50.92,-61.27,-49.44,-53.09,-58.99,-39.64,-60.00,2026-06-14 02:02:03+00:00
2026-06-14T02:03:03+00:00,-48.55,-64.79,-66.77,-59.43,-63.37,-51.96,-49.84,-64.62,-49.33,-42.43,-50.71,-61.21,-49.45,-52.79,-59.17,-39.31,-59.93,2026-06-14 02:03:03+00:00
2026-06-14T02:04:04+00:00,-51.40,-65.12,-66.79,-59.48,-62.97,-52.05,-49.79,-65.11,-49.69,-42.96,-50.73,-61.58,-49.28,-51.20,-59.03,-39.84,-59.91,2026-06-14 02:04:04+00:00
2026-06-14T02:05:04+00:00,-50.73,-64.11,-66.75,-59.31,-63.02,-52.32,-49.49,-65.07,-49.63,-42.86,-51.00,-61.76,-49.42,-50.51,-59.28,-40.77,-57.35,2026-06-14 02:05:04+00:00
2026-06-14T02:06:03+00:00,-51.49,-65.04,-67.55,-59.46,-63.90,-52.44,-49.90,-65.85,-49.55,-42.55,-50.84,-61.95,-50.09,-49.91,-58.65,-41.59,-59.93,2026-06-14 02:06:03+00:00
2026-06-14T02:07:03+00:00,-51.16,-65.35,-67.48,-59.41,-63.19,-51.84,-49.61,-65.87,-49.77,-42.49,-50.80,-62.91,-50.35,-49.52,-58.86,-41.55,-59.35,2026-06-14 02:07:03+00:00
2026-06-14T02:08:04+00:00,-51.31,-65.73,-66.50,-59.53,-63.77,-52.05,-49.60,-65.92,-49.40,-42.62,-50.52,-62.29,-50.78,-50.12,-59.05,-41.42,-59.30,2026-06-14 02:08:04+00:00
2026-06-14T02:09:04+00:00,-51.46,-64.84,-67.88,-59.93,-63.06,-51.85,-49.80,-65.88,-49.42,-42.46,-50.63,-62.74,-51.33,-49.76,-58.58,-41.49,-59.71,2026-06-14 02:09:04+00:00
2026-06-14T02:10:04+00:00,-49.72,-65.22,-67.08,-59.28,-62.70,-51.85,-49.79,-65.41,-49.63,-42.13,-50.54,-62.27,-51.77,-49.17,-58.65,-41.80,-59.85,2026-06-14 02:10:04+00:00
2026-06-14T02:11:03+00:00,-49.95,-65.93,-67.83,-59.46,-62.61,-52.02,-49.81,-66.03,-49.47,-42.13,-50.39,-62.00,-52.54,-48.36,-58.96,-42.38,-59.85,2026-06-14 02:11:03+00:00
2026-06-14T02:12:03+00:00,-49.92,-65.14,-67.23,-59.11,-63.33,-52.10,-50.25,-65.26,-50.20,-41.97,-50.43,-61.44,-53.16,-47.60,-58.99,-43.41,-59.84,2026-06-14 02:12:03+00:00
2026-06-14T02:13:04+00:00,-49.87,-65.43,-67.75,-59.28,-63.28,-51.76,-50.52,-65.76,-50.93,-42.18,-50.28,-61.76,-53.97,-47.01,-59.29,-43.33,-59.73,2026-06-14 02:13:04+00:00
2026-06-14T02:14:04+00:00,-49.96,-65.13,-67.44,-59.13,-62.77,-51.86,-50.19,-65.60,-54.94,-42.10,-50.66,-61.94,-54.86,-46.75,-59.22,-43.83,-59.86,2026-06-14 02:14:04+00:00
2026-06-14T02:15:03+00:00,-50.00,-65.15,-67.16,-59.00,-63.19,-50.98,-49.95,-65.49,-54.61,-41.64,-50.63,-61.76,-55.43,-46.16,-59.52,-44.84,-59.82,2026-06-14 02:15:03+00:00
2026-06-14T02:16:03+00:00,-50.00,-64.37,-66.79,-59.03,-62.93,-51.03,-49.33,-65.13,-55.62,-41.42,-50.74,-61.78,-56.36,-45.81,-58.57,-45.15,-59.95,2026-06-14 02:16:03+00:00
2026-06-14T02:17:04+00:00,-50.24,-64.97,-67.34,-59.30,-62.13,-47.48,-49.54,-65.14,-53.91,-41.43,-50.73,-61.62,-56.85,-45.67,-59.23,-46.70,-59.93,2026-06-14 02:17:04+00:00
2026-06-14T02:18:04+00:00,-50.20,-64.85,-66.87,-59.32,-62.50,-47.61,-49.82,-65.31,-54.11,-41.50,-50.73,-62.20,-57.15,-45.33,-58.89,-46.74,-59.90,2026-06-14 02:18:04+00:00
2026-06-14T02:19:04+00:00,-50.28,-64.73,-66.31,-59.25,-63.09,-47.64,-49.96,-64.99,-54.14,-41.50,-50.68,-62.25,-57.44,-45.27,-58.96,-46.61,-59.19,2026-06-14 02:19:04+00:00
2026-06-14T02:20:03+00:00,-50.26,-65.54,-67.02,-58.90,-63.11,-47.50,-50.20,-65.36,-53.89,-41.62,-50.47,-62.38,-57.58,-45.06,-58.70,-46.44,-60.03,2026-06-14 02:20:03+00:00
2026-06-14T02:21:03+00:00,-50.29,-65.39,-66.88,-58.55,-63.35,-47.43,-49.41,-65.37,-54.35,-41.79,-50.74,-62.61,-58.05,-44.92,-59.24,-47.35,-60.07,2026-06-14 02:21:03+00:00
2026-06-14T02:22:04+00:00,-50.33,-64.97,-66.66,-58.56,-62.53,-47.49,-49.65,-64.98,-53.94,-42.18,-50.56,-62.48,-57.65,-44.61,-58.39,-47.86,-59.88,2026-06-14 02:22:04+00:00
2026-06-14T02:23:04+00:00,-50.37,-64.62,-66.45,-58.60,-62.80,-47.16,-49.70,-65.50,-54.18,-42.61,-50.65,-62.04,-57.67,-44.19,-58.78,-47.59,-58.56,2026-06-14 02:23:04+00:00
2026-06-14T02:24:03+00:00,-50.23,-64.30,-65.83,-58.44,-61.95,-47.51,-49.65,-65.32,-54.65,-42.68,-50.70,-62.36,-58.04,-44.86,-58.94,-48.88,-58.92,2026-06-14 02:24:03+00:00
2026-06-14T02:25:03+00:00,-50.01,-64.47,-66.99,-58.45,-63.08,-47.53,-49.80,-65.48,-54.35,-43.31,-50.59,-62.75,-58.22,-45.42,-58.82,-48.52,-59.58,2026-06-14 02:25:03+00:00
2026-06-14T02:26:03+00:00,-50.29,-65.00,-66.87,-58.64,-63.02,-47.34,-50.03,-65.79,-55.38,-43.82,-50.69,-62.29,-58.10,-45.63,-58.93,-48.57,-59.70,2026-06-14 02:26:03+00:00
2026-06-14T02:27:04+00:00,-50.16,-64.30,-66.53,-58.42,-62.11,-47.50,-49.68,-65.94,-54.94,-44.33,-50.86,-61.59,-58.08,-45.64,-58.75,-49.41,-59.83,2026-06-14 02:27:04+00:00
2026-06-14T02:28:04+00:00,-50.41,-64.40,-66.59,-58.22,-62.50,-47.25,-49.31,-65.15,-54.70,-45.02,-50.94,-61.80,-58.25,-45.59,-58.50,-50.75,-59.74,2026-06-14 02:28:04+00:00
2026-06-14T02:29:03+00:00,-50.22,-64.94,-66.67,-58.25,-63.54,-47.43,-48.99,-65.69,-54.98,-46.13,-50.93,-61.79,-58.41,-45.71,-58.79,-53.52,-59.95,2026-06-14 02:29:03+00:00
2026-06-14T02:30:03+00:00,-50.25,-65.15,-66.51,-58.20,-63.38,-47.35,-48.66,-65.54,-54.85,-46.97,-51.07,-61.46,-58.24,-45.76,-58.90,-54.44,-59.92,2026-06-14 02:30:03+00:00
2026-06-14T02:31:03+00:00,-50.34,-64.96,-66.61,-58.29,-63.51,-47.11,-48.87,-65.49,-55.22,-48.57,-51.23,-61.69,-58.24,-45.63,-58.77,-53.33,-60.03,2026-06-14 02:31:03+00:00
2026-06-14T02:32:03+00:00,-50.09,-65.17,-66.45,-58.37,-62.41,-47.21,-49.26,-65.59,-59.31,-50.02,-51.14,-61.58,-58.57,-45.49,-58.89,-53.23,-60.21,2026-06-14 02:32:03+00:00
2026-06-14T02:33:04+00:00,-50.34,-64.88,-66.52,-58.39,-63.23,-47.12,-49.25,-65.49,-56.15,-51.43,-51.13,-62.01,-58.49,-45.64,-58.68,-51.83,-60.22,2026-06-14 02:33:04+00:00
2026-06-14T02:34:04+00:00,-48.02,-63.70,-66.60,-58.20,-63.23,-47.21,-49.23,-65.51,-55.17,-52.82,-51.20,-61.03,-58.82,-46.03,-58.65,-49.87,-59.09,2026-06-14 02:34:04+00:00
2026-06-14T02:35:04+00:00,-47.99,-63.38,-67.07,-58.23,-63.59,-47.14,-48.92,-65.09,-54.98,-54.63,-51.11,-61.75,-58.80,-46.16,-58.94,-50.76,-59.47,2026-06-14 02:35:04+00:00
2026-06-14T02:36:04+00:00,-48.07,-64.68,-67.14,-57.72,-63.41,-47.29,-49.18,-65.72,-54.96,-56.20,-51.23,-61.93,-58.93,-46.15,-59.49,-49.92,-60.62,2026-06-14 02:36:04+00:00
2026-06-14T02:37:03+00:00,-47.99,-65.18,-67.41,-58.27,-63.05,-46.95,-49.39,-66.00,-55.67,-58.40,-51.22,-61.95,-58.88,-45.55,-59.20,-50.54,-60.53,2026-06-14 02:37:03+00:00
2026-06-14T02:38:04+00:00,-47.82,-64.12,-66.42,-57.91,-63.15,-47.13,-49.49,-65.39,-55.70,-59.46,-51.32,-61.62,-58.83,-44.91,-58.80,-50.28,-59.91,2026-06-14 02:38:04+00:00
2026-06-14T02:39:04+00:00,-47.89,-65.36,-67.46,-58.12,-63.13,-46.99,-49.84,-66.02,-55.98,-60.94,-51.38,-62.05,-59.00,-45.05,-58.76,-48.60,-60.62,2026-06-14 02:39:04+00:00
2026-06-14T02:40:04+00:00,-47.74,-65.11,-67.35,-57.84,-63.33,-47.23,-49.25,-65.93,-55.92,-61.36,-51.33,-62.02,-58.88,-44.89,-58.74,-48.90,-60.28,2026-06-14 02:40:04+00:00
2026-06-14T02:41:03+00:00,-47.68,-64.98,-67.20,-58.55,-62.87,-47.30,-49.22,-65.66,-54.92,-61.18,-51.21,-61.90,-58.70,-44.75,-59.36,-49.19,-60.24,2026-06-14 02:41:03+00:00
2026-06-14T02:42:03+00:00,-48.66,-65.49,-67.12,-58.63,-64.08,-47.21,-49.61,-65.94,-51.87,-59.15,-51.09,-61.84,-58.77,-44.66,-58.50,-48.75,-60.47,2026-06-14 02:42:03+00:00
2026-06-14T02:43:04+00:00,-48.61,-65.88,-67.06,-58.15,-63.40,-47.33,-49.66,-65.82,-52.19,-58.15,-51.00,-61.80,-58.54,-43.91,-58.81,-48.36,-60.21,2026-06-14 02:43:04+00:00
2026-06-14T02:44:04+00:00,-48.57,-65.16,-65.40,-57.90,-62.83,-47.41,-49.56,-65.22,-49.27,-57.46,-50.91,-61.01,-58.52,-43.97,-58.96,-48.77,-57.86,2026-06-14 02:44:04+00:00
2026-06-14T02:45:04+00:00,-48.54,-65.35,-67.42,-58.00,-63.61,-47.38,-49.72,-65.81,-49.61,-56.78,-51.06,-61.92,-58.63,-44.33,-58.53,-48.66,-60.37,2026-06-14 02:45:04+00:00
2026-06-14T02:46:03+00:00,-48.59,-65.71,-67.15,-58.06,-63.30,-47.30,-49.73,-65.73,-49.16,-55.88,-50.85,-62.04,-58.41,-44.62,-59.21,-48.36,-60.35,2026-06-14 02:46:03+00:00
2026-06-14T02:47:03+00:00,-48.63,-64.77,-66.82,-57.70,-63.90,-47.40,-49.74,-65.28,-49.27,-54.79,-50.84,-62.02,-58.25,-44.19,-58.70,-48.71,-60.28,2026-06-14 02:47:03+00:00
2026-06-14T02:48:04+00:00,-49.07,-64.91,-67.32,-57.72,-63.67,-47.46,-49.51,-65.46,-49.20,-54.77,-50.70,-62.19,-57.93,-44.95,-59.13,-48.29,-60.62,2026-06-14 02:48:04+00:00
2026-06-14T02:49:04+00:00,-49.96,-65.37,-67.06,-57.43,-63.84,-47.33,-49.31,-65.85,-49.44,-54.06,-50.74,-62.33,-58.07,-44.63,-58.90,-48.31,-60.44,2026-06-14 02:49:04+00:00
2026-06-14T02:50:04+00:00,-50.06,-65.02,-66.89,-57.43,-63.40,-47.37,-49.04,-65.47,-49.53,-53.87,-50.42,-62.36,-58.23,-44.72,-58.51,-48.54,-60.21,2026-06-14 02:50:04+00:00
2026-06-14T02:51:03+00:00,-49.76,-63.60,-66.56,-57.81,-63.44,-47.33,-49.24,-65.14,-49.41,-53.18,-50.48,-62.29,-57.83,-44.57,-59.37,-48.50,-59.04,2026-06-14 02:51:03+00:00
2026-06-14T02:52:03+00:00,-49.73,-64.75,-67.43,-57.58,-63.74,-47.33,-49.73,-65.30,-49.48,-53.03,-50.60,-62.60,-58.29,-44.30,-58.67,-48.58,-60.26,2026-06-14 02:52:03+00:00
2026-06-14T02:53:04+00:00,-49.67,-63.99,-66.75,-57.14,-63.98,-47.29,-49.97,-65.26,-49.33,-52.41,-50.48,-62.31,-58.16,-43.79,-58.72,-48.18,-60.25,2026-06-14 02:53:04+00:00
2026-06-14T02:54:04+00:00,-49.75,-66.14,-67.52,-57.09,-63.69,-47.42,-50.34,-65.94,-49.37,-51.96,-50.38,-62.32,-58.29,-42.88,-59.28,-48.27,-60.60,2026-06-14 02:54:04+00:00
2026-06-14T02:55:03+00:00,-49.90,-65.97,-67.16,-56.67,-63.59,-47.26,-50.08,-66.27,-49.48,-51.52,-50.40,-62.18,-58.23,-42.52,-58.71,-48.85,-60.86,2026-06-14 02:55:03+00:00
2026-06-14T02:56:03+00:00,-50.03,-65.97,-67.42,-56.59,-63.17,-47.79,-50.18,-66.38,-49.42,-51.50,-50.50,-62.26,-58.14,-42.19,-58.82,-48.58,-60.79,2026-06-14 02:56:03+00:00
2026-06-14T02:57:03+00:00,-50.13,-66.03,-66.90,-57.19,-62.73,-47.47,-50.42,-66.51,-51.09,-51.24,-50.65,-61.82,-58.11,-41.46,-59.09,-48.73,-60.80,2026-06-14 02:57:03+00:00
2026-06-14T02:58:04+00:00,-49.96,-65.79,-67.35,-57.15,-63.29,-47.68,-50.36,-66.61,-50.96,-50.97,-50.90,-61.77,-58.19,-41.13,-58.74,-48.51,-60.76,2026-06-14 02:58:04+00:00
2026-06-14T02:59:04+00:00,-50.07,-66.22,-67.84,-56.93,-62.29,-47.61,-50.36,-66.49,-56.12,-50.41,-51.21,-62.17,-58.34,-40.86,-58.74,-48.46,-60.68,2026-06-14 02:59:04+00:00
2026-06-14T03:00:03+00:00,-49.89,-64.76,-67.31,-57.35,-64.39,-47.58,-50.33,-66.43,-55.39,-50.18,-51.39,-62.27,-58.29,-40.77,-58.82,-48.85,-59.99,2026-06-14 03:00:03+00:00
2026-06-14T03:01:04+00:00,-50.12,-65.97,-67.26,-56.83,-63.22,-47.49,-50.51,-66.05,-57.03,-49.82,-51.87,-62.40,-58.29,-40.75,-59.03,-49.40,-60.49,2026-06-14 03:01:04+00:00
2026-06-14T03:02:04+00:00,-50.05,-65.34,-66.61,-56.43,-62.62,-47.61,-50.53,-65.39,-54.59,-49.69,-52.14,-61.99,-58.38,-40.68,-58.69,-49.39,-57.62,2026-06-14 03:02:04+00:00
2026-06-14T03:03:04+00:00,-49.96,-65.10,-67.17,-56.44,-64.17,-47.58,-50.46,-65.95,-55.28,-49.33,-52.58,-62.08,-58.31,-40.83,-58.74,-49.77,-60.67,2026-06-14 03:03:04+00:00
2026-06-14T03:04:03+00:00,-50.01,-66.05,-67.57,-56.15,-63.96,-47.69,-50.51,-65.74,-55.82,-49.30,-52.87,-67.42,-58.43,-41.09,-58.69,-50.13,-60.66,2026-06-14 03:04:03+00:00
2026-06-14T03:05:03+00:00,-50.14,-65.84,-68.12,-56.57,-62.89,-47.65,-50.49,-66.34,-55.53,-48.89,-53.17,-67.93,-58.52,-41.30,-58.85,-49.69,-60.48,2026-06-14 03:05:03+00:00
2026-06-14T03:06:03+00:00,-50.22,-65.75,-67.19,-56.75,-63.29,-47.63,-50.31,-66.29,-55.49,-48.80,-53.43,-66.98,-58.47,-41.94,-59.01,-49.66,-60.53,2026-06-14 03:06:03+00:00
2026-06-14T03:07:03+00:00,-50.22,-65.37,-67.85,-56.48,-64.10,-47.31,-50.47,-66.34,-55.12,-48.67,-53.67,-66.91,-58.75,-41.97,-58.52,-49.65,-60.98,2026-06-14 03:07:03+00:00
2026-06-14T03:08:04+00:00,-50.11,-64.24,-67.15,-56.32,-63.72,-47.43,-50.27,-66.11,-54.97,-48.52,-53.70,-64.09,-58.70,-42.01,-58.43,-49.86,-60.69,2026-06-14 03:08:04+00:00
2026-06-14T03:09:04+00:00,-50.12,-64.89,-67.38,-56.20,-64.09,-47.44,-50.31,-66.37,-55.31,-48.32,-53.61,-63.34,-59.03,-42.37,-59.11,-49.71,-60.71,2026-06-14 03:09:04+00:00
2026-06-14T03:10:04+00:00,-50.10,-66.14,-67.44,-55.34,-63.00,-47.55,-50.26,-66.18,-55.00,-48.22,-53.80,-63.60,-58.99,-42.50,-59.00,-50.18,-60.95,2026-06-14 03:10:04+00:00
2026-06-14T03:11:03+00:00,-50.11,-66.48,-67.29,-55.64,-64.24,-47.48,-50.04,-66.33,-55.19,-48.12,-53.80,-63.62,-59.11,-42.63,-58.81,-50.16,-60.83,2026-06-14 03:11:03+00:00
2026-06-14T03:12:03+00:00,-50.09,-65.18,-66.99,-55.02,-64.20,-47.43,-50.02,-66.08,-54.50,-47.98,-53.96,-63.46,-58.87,-42.79,-58.43,-50.60,-60.69,2026-06-14 03:12:03+00:00
2026-06-14T03:13:04+00:00,-50.12,-66.30,-67.44,-55.26,-62.61,-47.54,-50.08,-66.58,-54.63,-47.87,-53.98,-63.41,-59.23,-42.92,-58.02,-50.01,-60.78,2026-06-14 03:13:04+00:00
2026-06-14T03:14:04+00:00,-50.26,-66.19,-67.45,-55.28,-62.97,-47.43,-50.11,-66.60,-54.53,-47.83,-53.90,-63.68,-59.26,-43.12,-58.72,-50.14,-60.92,2026-06-14 03:14:04+00:00
2026-06-14T03:15:04+00:00,-50.21,-65.58,-67.59,-55.24,-63.10,-47.65,-50.05,-66.06,-54.38,-47.85,-53.77,-63.16,-59.27,-43.12,-59.33,-50.43,-60.84,2026-06-14 03:15:04+00:00
2026-06-14T03:16:03+00:00,-50.35,-66.11,-67.76,-55.16,-62.52,-47.36,-50.10,-66.14,-54.22,-47.85,-53.61,-63.37,-59.46,-43.14,-58.61,-50.55,-60.71,2026-06-14 03:16:03+00:00
2026-06-14T03:17:03+00:00,-50.22,-65.85,-67.53,-55.48,-62.52,-47.44,-50.14,-66.12,-57.16,-47.72,-53.37,-63.62,-59.31,-43.50,-58.26,-50.21,-60.82,2026-06-14 03:17:03+00:00
2026-06-14T03:18:04+00:00,-48.46,-65.86,-67.49,-55.91,-63.60,-47.68,-50.15,-66.16,-55.28,-47.71,-53.42,-62.67,-59.63,-43.75,-59.73,-50.48,-60.85,2026-06-14 03:18:04+00:00
2026-06-14T03:19:04+00:00,-47.87,-65.30,-67.57,-55.73,-63.17,-47.65,-49.99,-66.16,-55.07,-47.78,-53.14,-62.28,-59.66,-43.93,-58.59,-50.02,-61.02,2026-06-14 03:19:04+00:00
2026-06-14T03:20:03+00:00,-48.75,-66.85,-68.32,-55.63,-63.01,-51.09,-50.04,-66.37,-54.96,-47.69,-52.78,-62.50,-59.75,-44.23,-58.67,-50.23,-60.84,2026-06-14 03:20:03+00:00
2026-06-14T03:21:03+00:00,-48.62,-67.00,-68.50,-55.86,-62.67,-50.96,-49.88,-66.18,-55.23,-47.71,-52.63,-62.68,-59.65,-44.77,-59.57,-50.03,-60.77,2026-06-14 03:21:03+00:00
2026-06-14T03:22:04+00:00,-48.64,-65.49,-67.63,-55.64,-63.76,-51.22,-49.83,-65.99,-54.92,-47.64,-52.42,-62.35,-59.71,-45.28,-54.28,-49.53,-60.11,2026-06-14 03:22:04+00:00
2026-06-14T03:23:04+00:00,-48.57,-66.78,-68.38,-55.27,-62.97,-51.16,-50.04,-65.95,-54.97,-47.74,-52.42,-62.48,-59.92,-45.77,-58.64,-49.35,-60.70,2026-06-14 03:23:04+00:00
2026-06-14T03:24:04+00:00,-48.79,-65.87,-68.04,-56.80,-63.50,-51.15,-49.81,-65.53,-55.15,-47.59,-52.29,-62.20,-60.10,-46.44,-58.61,-49.17,-60.85,2026-06-14 03:24:04+00:00
2026-06-14T03:25:03+00:00,-48.64,-66.42,-69.48,-56.70,-64.38,-51.07,-49.74,-65.81,-54.87,-47.52,-52.18,-68.68,-60.09,-47.17,-58.73,-48.95,-60.50,2026-06-14 03:25:03+00:00
2026-06-14T03:26:03+00:00,-48.72,-65.99,-68.79,-56.06,-63.71,-51.23,-49.54,-65.75,-55.61,-47.36,-51.91,-68.49,-60.04,-48.11,-58.97,-48.73,-60.58,2026-06-14 03:26:03+00:00
2026-06-14T03:27:04+00:00,-47.77,-64.80,-68.93,-55.59,-62.85,-51.75,-49.42,-65.85,-52.42,-47.50,-51.90,-68.11,-60.01,-48.90,-58.89,-48.49,-58.97,2026-06-14 03:27:04+00:00
2026-06-14T03:28:04+00:00,-47.82,-66.66,-69.31,-55.60,-63.91,-51.66,-49.49,-66.23,-52.43,-47.56,-51.84,-68.84,-60.63,-49.77,-59.28,-48.50,-60.84,2026-06-14 03:28:04+00:00
2026-06-14T03:29:04+00:00,-47.82,-65.03,-68.52,-55.93,-62.67,-51.68,-49.45,-65.81,-49.74,-47.53,-51.68,-68.28,-60.44,-50.87,-58.65,-48.07,-60.64,2026-06-14 03:29:04+00:00
2026-06-14T03:30:03+00:00,-47.87,-64.81,-68.76,-55.90,-62.02,-51.46,-49.51,-66.60,-49.65,-47.46,-51.60,-68.25,-60.42,-51.62,-58.74,-48.01,-60.80,2026-06-14 03:30:03+00:00
2026-06-14T03:31:03+00:00,-47.90,-66.24,-68.71,-56.29,-62.89,-51.46,-49.71,-67.30,-49.50,-47.63,-51.41,-68.32,-60.81,-52.09,-58.96,-47.98,-61.12,2026-06-14 03:31:03+00:00
2026-06-14T03:32:04+00:00,-47.88,-64.57,-68.51,-55.93,-62.84,-51.65,-49.52,-66.54,-49.40,-47.68,-51.32,-65.41,-60.74,-52.65,-58.73,-48.05,-60.64,2026-06-14 03:32:04+00:00
2026-06-14T03:33:04+00:00,-50.00,-65.52,-68.24,-55.74,-62.32,-51.59,-49.49,-66.09,-49.69,-47.60,-51.29,-64.84,-61.01,-52.64,-58.83,-48.36,-61.01,2026-06-14 03:33:04+00:00
2026-06-14T03:34:03+00:00,-50.03,-66.10,-68.43,-55.61,-64.42,-51.70,-49.69,-66.59,-49.66,-47.57,-51.13,-64.70,-61.15,-52.55,-59.35,-48.75,-61.32,2026-06-14 03:34:03+00:00
2026-06-14T03:35:03+00:00,-50.20,-65.80,-68.27,-55.74,-63.10,-51.83,-49.86,-66.73,-49.63,-47.69,-50.95,-64.48,-61.12,-52.24,-58.99,-49.18,-60.99,2026-06-14 03:35:03+00:00
2026-06-14T03:36:03+00:00,-50.25,-65.42,-68.10,-56.11,-62.49,-51.88,-49.96,-66.27,-49.65,-47.60,-50.79,-64.02,-61.28,-51.78,-58.97,-49.15,-60.58,2026-06-14 03:36:03+00:00
2026-06-14T03:37:03+00:00,-50.13,-65.72,-68.28,-56.05,-64.17,-51.76,-49.76,-66.58,-49.52,-47.71,-50.77,-64.22,-61.20,-51.07,-58.78,-49.17,-60.74,2026-06-14 03:37:03+00:00
2026-06-14T03:38:04+00:00,-50.10,-65.99,-68.17,-55.85,-63.37,-51.05,-50.07,-66.64,-49.59,-47.47,-50.51,-63.96,-61.23,-50.71,-59.22,-48.87,-60.85,2026-06-14 03:38:04+00:00
2026-06-14T03:39:04+00:00,-49.92,-66.69,-68.28,-55.71,-62.02,-51.17,-49.73,-66.55,-49.83,-47.53,-50.49,-64.33,-61.64,-50.24,-58.58,-48.73,-61.01,2026-06-14 03:39:04+00:00
2026-06-14T03:40:04+00:00,-49.95,-66.59,-68.39,-55.93,-64.74,-49.74,-49.74,-65.61,-49.78,-47.50,-50.49,-64.57,-61.51,-50.06,-58.92,-48.64,-60.71,2026-06-14 03:40:04+00:00
2026-06-14T03:41:03+00:00,-49.94,-66.33,-67.98,-55.96,-63.19,-47.81,-49.83,-65.81,-49.63,-47.53,-50.43,-64.61,-61.55,-49.50,-58.90,-48.51,-60.75,2026-06-14 03:41:03+00:00
2026-06-14T03:42:03+00:00,-49.96,-65.30,-68.04,-56.13,-62.80,-47.77,-49.96,-66.07,-51.24,-47.31,-50.38,-64.52,-61.77,-49.17,-58.70,-48.17,-60.71,2026-06-14 03:42:03+00:00
2026-06-14T03:43:04+00:00,-49.62,-65.00,-67.74,-56.30,-64.33,-48.01,-49.73,-65.91,-51.41,-47.33,-50.39,-64.75,-61.62,-48.87,-58.90,-48.60,-59.68,2026-06-14 03:43:04+00:00
2026-06-14T03:44:04+00:00,-49.89,-66.64,-67.91,-56.33,-63.12,-47.69,-49.98,-66.32,-54.96,-47.31,-50.45,-65.06,-61.76,-48.51,-59.04,-48.40,-60.67,2026-06-14 03:44:04+00:00
2026-06-14T03:45:04+00:00,-49.84,-63.07,-67.93,-56.34,-63.07,-47.52,-49.92,-66.00,-55.42,-47.34,-50.46,-64.23,-61.66,-48.05,-58.80,-48.39,-56.02,2026-06-14 03:45:04+00:00
2026-06-14T03:46:03+00:00,-49.22,-65.91,-67.73,-56.27,-63.52,-47.44,-50.03,-66.35,-55.16,-47.42,-50.46,-63.88,-61.72,-48.20,-59.12,-48.16,-55.47,2026-06-14 03:46:03+00:00
2026-06-14T03:47:03+00:00,-49.29,-65.78,-69.44,-56.29,-67.26,-47.61,-50.21,-67.62,-54.50,-47.23,-50.77,-63.62,-62.28,-47.65,-59.00,-48.55,-55.74,2026-06-14 03:47:03+00:00
2026-06-14T03:48:03+00:00,-49.74,-62.96,-68.94,-56.23,-66.93,-47.63,-50.41,-64.87,-54.16,-47.19,-50.62,-63.65,-62.44,-47.61,-59.29,-48.65,-55.01,2026-06-14 03:48:03+00:00
2026-06-14T03:49:04+00:00,-50.04,-66.16,-69.15,-55.88,-67.17,-47.94,-50.12,-67.10,-54.02,-47.09,-50.86,-63.44,-62.42,-47.17,-59.30,-48.56,-55.84,2026-06-14 03:49:04+00:00
2026-06-14T03:50:04+00:00,-49.76,-66.33,-69.12,-55.47,-67.29,-47.95,-50.15,-66.28,-53.99,-47.04,-50.81,-63.68,-62.37,-47.02,-59.68,-48.71,-55.88,2026-06-14 03:50:04+00:00
2026-06-14T03:51:03+00:00,-50.18,-64.78,-68.92,-55.16,-66.20,-48.00,-50.29,-65.57,-53.84,-47.14,-50.93,-63.45,-62.48,-46.73,-59.44,-48.79,-54.86,2026-06-14 03:51:03+00:00
2026-06-14T03:52:03+00:00,-50.33,-66.01,-69.03,-55.17,-66.73,-47.78,-49.87,-66.66,-54.92,-47.10,-51.09,-63.17,-62.64,-46.83,-59.58,-48.90,-54.76,2026-06-14 03:52:03+00:00
2026-06-14T03:53:04+00:00,-50.80,-66.10,-69.07,-55.54,-66.87,-47.86,-49.96,-66.29,-55.80,-47.04,-51.11,-63.24,-63.11,-46.64,-59.17,-49.30,-56.11,2026-06-14 03:53:04+00:00
2026-06-14T03:54:04+00:00,-51.08,-66.73,-69.25,-55.33,-66.80,-47.93,-50.28,-66.17,-54.11,-47.10,-51.31,-63.02,-63.19,-46.40,-59.13,-49.44,-54.98,2026-06-14 03:54:04+00:00
2026-06-14T03:55:04+00:00,-51.11,-65.58,-69.09,-54.78,-66.89,-47.88,-50.19,-66.62,-54.35,-47.07,-51.40,-63.10,-63.00,-46.45,-59.06,-49.45,-56.05,2026-06-14 03:55:04+00:00
2026-06-14T03:56:03+00:00,-51.13,-66.67,-69.30,-54.64,-65.97,-48.04,-49.83,-65.99,-55.62,-47.23,-51.59,-63.34,-63.18,-46.41,-59.56,-48.88,-54.90,2026-06-14 03:56:03+00:00
2026-06-14T03:57:03+00:00,-50.83,-66.92,-69.33,-54.41,-66.67,-47.94,-50.46,-66.63,-55.24,-47.45,-51.84,-63.32,-63.21,-46.45,-58.89,-49.11,-55.70,2026-06-14 03:57:03+00:00
2026-06-14T03:58:04+00:00,-51.13,-66.68,-69.48,-54.32,-66.89,-47.20,-50.37,-66.42,-55.21,-47.56,-52.05,-63.21,-63.12,-46.21,-59.46,-49.21,-56.17,2026-06-14 03:58:04+00:00
2026-06-14T03:59:04+00:00,-52.09,-65.68,-68.91,-54.30,-66.73,-47.01,-50.57,-66.34,-54.74,-47.79,-52.14,-62.86,-63.30,-46.08,-59.14,-49.01,-55.83,2026-06-14 03:59:04+00:00
2026-06-14T04:00:04+00:00,-51.50,-65.08,-69.31,-54.57,-66.14,-47.20,-50.16,-66.94,-54.71,-47.80,-52.24,-62.88,-63.18,-46.32,-58.76,-49.09,-56.11,2026-06-14 04:00:04+00:00
2026-06-14T04:01:04+00:00,-52.32,-66.81,-69.21,-54.31,-66.51,-47.36,-49.71,-66.58,-56.15,-47.95,-52.39,-62.95,-63.38,-46.16,-59.22,-49.36,-55.14,2026-06-14 04:01:04+00:00
2026-06-14T04:02:03+00:00,-52.16,-67.21,-69.27,-54.57,-66.34,-46.93,-50.41,-66.76,-57.06,-47.82,-52.64,-63.14,-63.17,-46.21,-59.06,-49.14,-55.15,2026-06-14 04:02:03+00:00
2026-06-14T04:03:03+00:00,-49.36,-65.68,-69.09,-54.81,-66.71,-47.58,-49.77,-67.31,-55.45,-48.06,-52.87,-63.16,-63.19,-46.08,-58.97,-49.04,-55.72,2026-06-14 04:03:03+00:00
2026-06-14T04:04:04+00:00,-49.34,-67.19,-69.22,-54.17,-66.20,-47.69,-49.90,-66.94,-56.72,-48.03,-53.11,-63.37,-63.33,-46.09,-59.37,-49.22,-55.71,2026-06-14 04:04:04+00:00
2026-06-14T04:05:04+00:00,-49.18,-66.55,-69.16,-54.13,-66.59,-47.81,-50.60,-66.24,-56.11,-48.13,-53.20,-63.04,-63.31,-46.08,-59.39,-49.46,-55.76,2026-06-14 04:05:04+00:00
2026-06-14T04:06:03+00:00,-48.91,-66.90,-69.37,-54.00,-66.38,-48.23,-50.15,-66.30,-56.57,-48.18,-53.42,-62.89,-63.32,-45.97,-59.43,-49.00,-55.04,2026-06-14 04:06:03+00:00
2026-06-14T04:07:03+00:00,-48.89,-66.55,-69.14,-54.07,-66.56,-48.03,-50.07,-66.54,-55.90,-48.36,-53.68,-63.00,-63.04,-46.19,-59.51,-49.17,-56.12,2026-06-14 04:07:03+00:00
2026-06-14T04:08:04+00:00,-48.94,-67.36,-68.95,-54.23,-66.13,-48.04,-50.81,-66.66,-55.12,-48.37,-53.84,-62.89,-63.16,-46.09,-59.35,-48.75,-56.21,2026-06-14 04:08:04+00:00
2026-06-14T04:09:04+00:00,-49.00,-66.60,-69.36,-54.33,-65.60,-47.94,-50.56,-65.69,-55.25,-48.48,-53.84,-62.87,-62.88,-46.11,-58.98,-49.10,-55.96,2026-06-14 04:09:04+00:00
2026-06-14T04:10:03+00:00,-48.99,-66.88,-69.19,-54.67,-66.33,-47.98,-50.56,-67.46,-54.82,-48.63,-54.16,-62.74,-63.08,-46.06,-59.33,-48.83,-55.84,2026-06-14 04:10:03+00:00
2026-06-14T04:11:03+00:00,-49.03,-67.21,-69.14,-55.12,-67.30,-48.04,-50.55,-66.94,-54.37,-48.51,-54.26,-62.46,-62.86,-46.12,-59.37,-48.79,-55.89,2026-06-14 04:11:03+00:00
2026-06-14T04:12:04+00:00,-49.21,-65.57,-68.93,-54.63,-66.19,-48.04,-50.66,-66.25,-51.53,-48.84,-54.74,-62.45,-62.87,-46.25,-59.54,-48.75,-55.03,2026-06-14 04:12:04+00:00
2026-06-14T04:13:04+00:00,-48.88,-66.31,-69.00,-54.36,-66.88,-48.00,-50.49,-66.60,-49.81,-49.04,-54.96,-62.56,-62.75,-46.16,-59.10,-48.62,-55.29,2026-06-14 04:13:04+00:00
2026-06-14T04:14:03+00:00,-49.01,-66.70,-68.97,-54.48,-66.15,-47.87,-50.99,-66.11,-49.47,-49.01,-55.08,-62.39,-62.67,-46.18,-59.26,-48.55,-56.15,2026-06-14 04:14:03+00:00
2026-06-14T04:15:03+00:00,-49.09,-66.81,-69.22,-54.16,-66.30,-47.94,-50.93,-66.73,-49.52,-49.20,-55.40,-62.63,-62.89,-46.25,-59.43,-48.54,-55.74,2026-06-14 04:15:03+00:00
2026-06-14T04:16:03+00:00,-49.22,-67.04,-69.19,-53.78,-67.18,-47.78,-50.79,-67.11,-49.11,-49.20,-55.48,-62.50,-62.69,-46.33,-59.65,-48.65,-55.83,2026-06-14 04:16:03+00:00
2026-06-14T04:17:04+00:00,-49.08,-67.12,-69.17,-53.94,-66.31,-47.91,-51.02,-66.64,-49.08,-49.01,-55.92,-62.58,-62.43,-46.31,-59.42,-48.40,-56.22,2026-06-14 04:17:04+00:00
2026-06-14T04:18:04+00:00,-51.61,-66.79,-68.82,-53.92,-66.34,-47.36,-51.07,-66.94,-49.74,-49.17,-56.28,-62.47,-62.38,-46.27,-59.59,-48.36,-55.63,2026-06-14 04:18:04+00:00
2026-06-14T04:19:04+00:00,-51.37,-66.61,-68.75,-54.26,-65.30,-47.44,-50.67,-66.01,-49.41,-49.29,-56.27,-62.56,-62.54,-46.43,-59.59,-48.49,-55.80,2026-06-14 04:19:04+00:00
2026-06-14T04:20:03+00:00,-50.83,-67.22,-68.85,-54.18,-66.28,-47.52,-50.96,-66.66,-49.32,-49.34,-56.46,-62.62,-62.31,-46.73,-59.35,-48.46,-55.04,2026-06-14 04:20:03+00:00
2026-06-14T04:21:03+00:00,-51.37,-66.25,-68.70,-54.28,-67.43,-47.51,-51.09,-66.66,-49.63,-49.38,-56.76,-62.34,-62.07,-46.54,-59.03,-48.35,-55.75,2026-06-14 04:21:03+00:00
2026-06-14T04:22:04+00:00,-51.56,-66.95,-68.96,-53.53,-66.50,-47.36,-50.88,-66.53,-49.46,-49.22,-56.79,-62.48,-62.24,-46.59,-59.03,-48.45,-56.36,2026-06-14 04:22:04+00:00
2026-06-14T04:23:04+00:00,-51.82,-67.61,-69.21,-53.77,-66.04,-47.04,-50.89,-66.79,-49.43,-49.24,-57.14,-62.60,-62.07,-46.49,-59.94,-48.27,-54.96,2026-06-14 04:23:04+00:00
2026-06-14T04:24:04+00:00,-51.78,-67.22,-68.97,-53.69,-66.32,-46.99,-50.45,-67.13,-49.49,-49.35,-57.31,-62.60,-62.32,-46.71,-60.21,-48.46,-55.05,2026-06-14 04:24:04+00:00
2026-06-14T04:25:03+00:00,-51.74,-67.33,-68.94,-53.98,-66.01,-46.87,-50.30,-66.40,-49.31,-49.15,-57.40,-62.60,-62.09,-46.68,-59.56,-48.41,-56.42,2026-06-14 04:25:03+00:00
2026-06-14T04:26:03+00:00,-52.12,-67.43,-69.28,-53.96,-66.92,-47.02,-50.22,-67.30,-49.38,-49.10,-57.62,-62.74,-62.14,-46.79,-59.62,-48.61,-55.06,2026-06-14 04:26:03+00:00
2026-06-14T04:27:04+00:00,-51.88,-67.66,-69.39,-53.90,-66.41,-46.69,-50.83,-66.29,-50.87,-49.26,-57.83,-62.70,-61.88,-46.91,-59.30,-48.34,-55.04,2026-06-14 04:27:04+00:00
2026-06-14T04:28:04+00:00,-51.95,-67.07,-69.16,-54.22,-67.19,-46.63,-50.72,-67.02,-54.97,-49.23,-58.13,-62.61,-61.87,-46.66,-59.67,-48.69,-55.15,2026-06-14 04:28:04+00:00
2026-06-14T04:29:04+00:00,-51.91,-67.48,-68.80,-54.34,-66.50,-46.78,-50.62,-67.18,-55.22,-49.18,-58.26,-62.71,-61.92,-46.66,-60.11,-48.87,-55.82,2026-06-14 04:29:04+00:00
2026-06-14T04:30:03+00:00,-51.57,-67.22,-68.86,-54.65,-65.93,-46.67,-50.51,-66.91,-56.19,-48.98,-58.18,-63.02,-61.73,-46.82,-59.61,-49.46,-55.22,2026-06-14 04:30:03+00:00
2026-06-14T04:31:03+00:00,-51.52,-66.96,-69.08,-54.48,-66.81,-46.51,-50.40,-66.85,-54.59,-49.00,-58.21,-62.98,-61.78,-46.71,-60.34,-49.38,-55.85,2026-06-14 04:31:03+00:00
2026-06-14T04:32:03+00:00,-51.79,-66.24,-68.54,-54.79,-66.65,-46.72,-49.71,-66.87,-54.71,-48.97,-58.08,-62.92,-61.66,-46.59,-59.95,-49.42,-55.21,2026-06-14 04:32:03+00:00
2026-06-14T04:33:04+00:00,-51.89,-67.02,-68.81,-54.88,-67.12,-46.84,-50.68,-66.31,-54.89,-49.04,-57.92,-63.06,-61.54,-46.55,-59.80,-49.29,-55.83,2026-06-14 04:33:04+00:00
2026-06-14T04:34:04+00:00,-51.77,-64.50,-68.69,-55.11,-66.23,-46.71,-51.10,-66.19,-54.62,-49.10,-57.99,-62.92,-61.53,-46.45,-60.10,-49.44,-56.15,2026-06-14 04:34:04+00:00
2026-06-14T04:35:04+00:00,-51.21,-66.41,-68.74,-55.08,-66.51,-46.58,-50.09,-66.54,-54.40,-49.06,-57.79,-63.07,-61.56,-46.22,-59.46,-49.68,-55.86,2026-06-14 04:35:04+00:00
2026-06-14T04:36:04+00:00,-51.58,-67.08,-68.92,-55.33,-66.79,-46.64,-51.29,-66.48,-54.45,-48.95,-58.32,-63.05,-61.49,-46.25,-60.06,-49.72,-56.14,2026-06-14 04:36:04+00:00
2026-06-14T04:37:04+00:00,-52.78,-65.65,-69.42,-54.74,-65.46,-51.20,-50.46,-66.91,-54.35,-49.26,-58.18,-63.17,-61.24,-46.16,-59.67,-50.01,-56.23,2026-06-14 04:37:04+00:00
2026-06-14T04:38:03+00:00,-52.77,-66.62,-69.72,-54.55,-66.89,-52.32,-50.98,-66.83,-54.36,-49.12,-58.36,-63.21,-61.03,-45.95,-59.51,-50.25,-55.05,2026-06-14 04:38:03+00:00
2026-06-14T04:39:03+00:00,-52.84,-66.68,-69.25,-54.44,-66.31,-52.37,-50.67,-66.40,-54.63,-49.05,-58.30,-63.11,-61.18,-45.99,-59.90,-50.90,-54.96,2026-06-14 04:39:03+00:00
2026-06-14T04:40:04+00:00,-53.06,-67.08,-69.36,-54.38,-66.39,-52.52,-50.58,-66.22,-53.91,-48.81,-58.28,-63.13,-61.27,-45.78,-59.73,-51.11,-55.76,2026-06-14 04:40:04+00:00
2026-06-14T04:41:04+00:00,-53.39,-66.77,-69.36,-54.36,-66.68,-52.31,-50.84,-67.01,-53.96,-49.00,-58.49,-62.91,-60.96,-45.68,-59.84,-51.34,-55.14,2026-06-14 04:41:04+00:00
2026-06-14T04:42:04+00:00,-53.03,-66.65,-69.51,-54.58,-65.98,-52.27,-50.88,-66.61,-54.50,-49.00,-58.42,-62.99,-60.87,-46.01,-59.91,-51.28,-56.19,2026-06-14 04:42:04+00:00
2026-06-14T04:43:03+00:00,-53.12,-66.07,-69.25,-54.06,-65.94,-52.32,-50.98,-66.62,-53.91,-49.08,-58.61,-62.92,-60.69,-45.83,-59.73,-51.24,-55.12,2026-06-14 04:43:03+00:00
2026-06-14T04:44:03+00:00,-52.16,-66.47,-69.17,-54.30,-66.04,-52.35,-50.77,-66.57,-54.38,-49.02,-58.34,-62.83,-60.82,-45.66,-59.55,-51.84,-56.25,2026-06-14 04:44:03+00:00
2026-06-14T04:45:04+00:00,-52.03,-65.44,-69.34,-54.35,-66.92,-52.42,-51.23,-66.97,-54.12,-49.06,-58.35,-62.74,-60.71,-45.60,-59.30,-51.94,-55.05,2026-06-14 04:45:04+00:00
2026-06-14T04:46:04+00:00,-51.88,-66.79,-69.68,-54.62,-66.44,-52.15,-51.05,-66.39,-56.28,-49.06,-58.09,-62.76,-60.70,-45.59,-59.21,-52.21,-55.94,2026-06-14 04:46:04+00:00
2026-06-14T04:47:04+00:00,-52.09,-67.57,-69.36,-54.77,-66.36,-52.20,-51.04,-67.54,-56.21,-49.10,-58.20,-62.72,-60.59,-45.72,-59.55,-51.93,-55.04,2026-06-14 04:47:04+00:00
2026-06-14T04:48:03+00:00,-49.13,-65.95,-68.13,-54.91,-65.69,-52.12,-51.00,-66.20,-54.81,-49.02,-58.17,-62.53,-60.50,-45.66,-59.52,-51.94,-55.73,2026-06-14 04:48:03+00:00
2026-06-14T04:49:03+00:00,-48.95,-65.53,-68.68,-54.74,-66.28,-52.36,-50.88,-67.59,-55.64,-49.02,-58.18,-62.56,-60.52,-45.59,-59.24,-52.10,-56.31,2026-06-14 04:49:03+00:00
2026-06-14T04:50:04+00:00,-49.10,-67.49,-69.44,-55.10,-66.66,-52.30,-50.77,-67.63,-54.98,-49.25,-58.23,-62.72,-60.52,-45.55,-59.53,-51.70,-56.17,2026-06-14 04:50:04+00:00
2026-06-14T04:51:04+00:00,-49.21,-66.90,-69.47,-55.33,-66.75,-52.42,-50.98,-66.90,-55.45,-49.26,-57.90,-62.55,-60.45,-45.40,-59.86,-51.62,-55.83,2026-06-14 04:51:04+00:00
2026-06-14T04:52:03+00:00,-49.08,-67.32,-69.44,-55.24,-66.06,-52.21,-50.72,-67.11,-55.12,-49.28,-57.91,-62.48,-60.46,-45.55,-59.56,-51.44,-54.98,2026-06-14 04:52:03+00:00
2026-06-14T04:53:03+00:00,-49.07,-66.06,-69.35,-55.08,-66.61,-52.09,-50.26,-66.32,-54.84,-49.32,-65.62,-62.45,-60.32,-45.66,-59.66,-51.48,-55.78,2026-06-14 04:53:03+00:00
2026-06-14T04:54:04+00:00,-49.00,-67.63,-69.53,-54.99,-66.85,-52.26,-50.31,-67.59,-55.40,-49.18,-57.70,-62.34,-60.12,-45.46,-59.50,-51.29,-56.19,2026-06-14 04:54:04+00:00
2026-06-14T04:55:04+00:00,-49.05,-66.18,-69.27,-54.78,-66.72,-52.27,-50.34,-66.69,-56.40,-49.26,-57.84,-62.20,-60.27,-45.62,-59.49,-51.12,-54.92,2026-06-14 04:55:04+00:00
2026-06-14T04:56:04+00:00,-49.38,-67.12,-69.44,-54.59,-66.39,-50.72,-50.74,-67.54,-54.37,-49.17,-57.83,-62.08,-60.30,-45.46,-58.99,-50.56,-55.82,2026-06-14 04:56:04+00:00
2026-06-14T04:57:03+00:00,-49.06,-67.06,-69.03,-54.66,-65.70,-50.88,-50.46,-66.87,-51.62,-49.23,-57.73,-62.04,-60.18,-45.47,-59.37,-50.40,-56.12,2026-06-14 04:57:03+00:00
2026-06-14T04:58:03+00:00,-49.03,-66.97,-70.35,-54.40,-65.89,-46.39,-50.75,-67.08,-49.49,-49.39,-57.84,-69.67,-60.24,-45.46,-59.41,-50.49,-55.03,2026-06-14 04:58:03+00:00
2026-06-14T04:59:04+00:00,-49.10,-67.15,-69.89,-54.31,-66.31,-46.47,-50.40,-66.74,-49.18,-49.20,-57.90,-69.23,-60.06,-45.59,-59.73,-50.26,-56.06,2026-06-14 04:59:04+00:00
2026-06-14T05:00:04+00:00,-49.10,-67.58,-70.02,-53.78,-65.90,-46.55,-50.13,-67.19,-49.51,-49.23,-57.82,-69.43,-59.94,-45.48,-60.14,-50.20,-55.66,2026-06-14 05:00:04+00:00
2026-06-14T05:01:04+00:00,-49.06,-67.65,-70.00,-53.68,-66.77,-46.43,-50.05,-68.15,-49.07,-49.20,-57.82,-69.27,-60.05,-45.41,-59.52,-50.39,-55.96,2026-06-14 05:01:04+00:00
2026-06-14T05:02:04+00:00,-48.94,-67.07,-68.90,-53.26,-66.62,-46.71,-50.10,-66.98,-49.04,-49.04,-57.86,-64.35,-59.97,-45.42,-56.55,-50.15,-54.77,2026-06-14 05:02:04+00:00
2026-06-14T05:03:04+00:00,-51.94,-65.74,-68.87,-53.16,-67.27,-46.52,-50.56,-67.27,-49.47,-48.85,-57.86,-64.59,-60.07,-45.43,-59.26,-50.29,-55.61,2026-06-14 05:03:04+00:00
2026-06-14T05:04:03+00:00,-51.94,-66.36,-69.36,-53.15,-66.37,-46.60,-50.23,-66.44,-49.33,-48.82,-57.72,-64.41,-59.99,-45.53,-59.51,-50.17,-56.02,2026-06-14 05:04:03+00:00
2026-06-14T05:05:03+00:00,-52.21,-66.05,-69.24,-53.12,-66.40,-46.55,-50.66,-66.99,-49.48,-48.86,-57.68,-64.21,-59.99,-45.56,-59.00,-50.12,-54.97,2026-06-14 05:05:03+00:00
2026-06-14T05:06:04+00:00,-51.91,-65.81,-69.55,-53.31,-66.04,-46.96,-50.73,-66.80,-49.39,-48.78,-57.73,-63.72,-59.74,-45.59,-59.93,-50.20,-55.76,2026-06-14 05:06:04+00:00
2026-06-14T05:07:04+00:00,-51.73,-66.06,-69.58,-53.69,-67.02,-46.68,-50.22,-65.94,-49.35,-48.61,-57.73,-63.53,-59.85,-45.61,-59.22,-50.25,-55.80,2026-06-14 05:07:04+00:00
2026-06-14T05:08:03+00:00,-51.67,-65.82,-68.67,-53.52,-66.85,-46.86,-49.67,-67.20,-49.53,-48.50,-57.50,-63.43,-59.66,-45.64,-59.96,-50.03,-54.57,2026-06-14 05:08:03+00:00
2026-06-14T05:09:03+00:00,-52.03,-66.17,-69.16,-53.37,-65.63,-47.10,-49.82,-66.76,-49.32,-48.59,-57.67,-63.66,-59.66,-45.61,-59.26,-49.71,-53.36,2026-06-14 05:09:03+00:00
2026-06-14T05:10:04+00:00,-51.63,-65.95,-69.19,-53.28,-66.06,-46.53,-50.18,-66.45,-49.41,-48.45,-57.68,-63.63,-59.69,-45.59,-59.43,-49.87,-55.26,2026-06-14 05:10:04+00:00
2026-06-14T05:11:04+00:00,-51.80,-65.75,-68.81,-53.22,-66.00,-46.58,-50.15,-66.44,-49.47,-48.53,-57.58,-63.64,-59.60,-45.70,-59.95,-49.93,-53.27,2026-06-14 05:11:04+00:00
2026-06-14T05:12:03+00:00,-52.02,-65.52,-68.96,-53.08,-67.06,-46.92,-50.00,-66.36,-50.86,-48.40,-57.50,-63.50,-59.63,-45.55,-59.49,-49.87,-54.84,2026-06-14 05:12:03+00:00
2026-06-14T05:13:03+00:00,-52.37,-65.61,-69.19,-52.76,-67.09,-46.69,-49.31,-66.57,-55.66,-48.37,-57.29,-63.29,-59.42,-45.62,-58.87,-49.68,-54.85,2026-06-14 05:13:03+00:00
2026-06-14T05:14:04+00:00,-51.18,-64.97,-68.85,-52.60,-66.61,-46.54,-49.39,-66.76,-55.47,-48.47,-57.16,-63.39,-59.33,-45.62,-59.55,-49.78,-53.34,2026-06-14 05:14:04+00:00
2026-06-14T05:15:04+00:00,-51.39,-66.13,-68.93,-53.14,-66.06,-46.92,-49.09,-66.68,-55.07,-48.26,-57.19,-63.45,-59.38,-45.64,-59.80,-49.90,-53.53,2026-06-14 05:15:04+00:00
2026-06-14T05:16:04+00:00,-52.76,-65.72,-69.24,-52.89,-66.09,-46.85,-48.76,-66.76,-54.53,-48.33,-57.35,-63.58,-59.27,-45.78,-59.86,-49.81,-54.06,2026-06-14 05:16:04+00:00
2026-06-14T05:17:03+00:00,-52.88,-65.74,-69.12,-52.85,-67.34,-46.74,-49.30,-66.70,-55.60,-48.34,-57.20,-63.46,-59.27,-45.58,-60.44,-49.99,-52.20,2026-06-14 05:17:03+00:00
2026-06-14T05:18:03+00:00,-52.65,-65.77,-69.03,-52.78,-65.80,-46.70,-49.19,-66.48,-53.59,-48.27,-56.97,-63.25,-59.28,-45.51,-59.28,-50.17,-53.39,2026-06-14 05:18:03+00:00
2026-06-14T05:19:04+00:00,-52.85,-66.31,-69.23,-52.42,-66.36,-46.74,-50.04,-66.77,-53.92,-48.27,-57.00,-62.94,-59.24,-45.71,-59.14,-49.77,-54.77,2026-06-14 05:19:04+00:00
2026-06-14T05:20:04+00:00,-52.90,-65.73,-69.39,-52.53,-66.56,-46.87,-49.60,-66.60,-54.69,-48.07,-57.03,-63.38,-59.02,-45.62,-59.49,-50.04,-53.32,2026-06-14 05:20:04+00:00
2026-06-14T05:21:03+00:00,-53.08,-66.00,-69.54,-52.28,-66.46,-46.90,-49.19,-66.93,-53.48,-48.06,-56.90,-63.25,-59.19,-45.77,-59.81,-50.01,-55.47,2026-06-14 05:21:03+00:00
2026-06-14T05:22:03+00:00,-53.22,-66.13,-69.25,-52.27,-66.79,-46.78,-49.37,-67.29,-53.96,-48.06,-56.74,-63.19,-59.23,-45.74,-59.31,-49.84,-53.27,2026-06-14 05:22:03+00:00
2026-06-14T05:23:03+00:00,-51.96,-66.19,-69.34,-52.53,-66.62,-47.06,-49.35,-67.11,-54.29,-48.14,-56.72,-62.95,-59.06,-45.98,-59.43,-49.65,-53.23,2026-06-14 05:23:03+00:00
2026-06-14T05:24:04+00:00,-51.83,-65.61,-69.10,-52.73,-66.10,-46.87,-48.97,-66.90,-54.83,-48.19,-56.46,-63.14,-58.86,-45.97,-59.42,-49.62,-54.77,2026-06-14 05:24:04+00:00
2026-06-14T05:25:04+00:00,-52.04,-64.81,-69.07,-52.84,-65.95,-46.76,-49.35,-66.42,-55.45,-48.06,-56.41,-62.22,-58.90,-45.89,-59.09,-49.49,-51.62,2026-06-14 05:25:04+00:00
2026-06-14T05:26:03+00:00,-51.98,-65.59,-68.92,-53.18,-66.32,-46.72,-49.85,-66.51,-54.83,-48.07,-56.28,-62.04,-58.74,-46.08,-59.54,-49.09,-53.42,2026-06-14 05:26:03+00:00
2026-06-14T05:27:03+00:00,-51.73,-65.88,-68.55,-53.02,-66.66,-46.79,-49.32,-66.30,-55.45,-48.09,-56.30,-62.38,-58.60,-45.99,-59.93,-48.85,-54.86,2026-06-14 05:27:03+00:00
2026-06-14T05:28:03+00:00,-51.89,-66.37,-68.84,-52.73,-67.17,-46.67,-48.79,-67.19,-54.91,-48.08,-56.28,-62.49,-58.87,-46.21,-59.62,-48.59,-55.54,2026-06-14 05:28:03+00:00
2026-06-14T05:29:04+00:00,-51.07,-65.44,-68.71,-52.43,-66.17,-47.03,-49.27,-66.99,-54.47,-47.86,-56.26,-62.53,-58.63,-45.92,-59.92,-48.53,-55.55,2026-06-14 05:29:04+00:00
2026-06-14T05:30:04+00:00,-51.94,-65.54,-68.72,-52.40,-66.66,-46.61,-49.48,-66.18,-55.03,-48.00,-56.27,-62.70,-58.83,-46.00,-59.51,-48.47,-55.76,2026-06-14 05:30:04+00:00
2026-06-14T05:31:04+00:00,-52.34,-66.39,-68.87,-52.00,-66.99,-46.33,-49.48,-66.72,-56.87,-47.78,-56.02,-62.55,-58.87,-46.11,-59.08,-48.12,-55.62,2026-06-14 05:31:04+00:00
2026-06-14T05:32:03+00:00,-51.94,-65.32,-68.59,-52.07,-65.97,-46.61,-49.41,-66.68,-56.09,-47.56,-56.05,-62.50,-58.90,-45.95,-59.18,-48.23,-55.68,2026-06-14 05:32:03+00:00
2026-06-14T05:33:03+00:00,-48.88,-65.83,-68.76,-51.95,-66.93,-46.70,-49.65,-66.83,-55.20,-47.50,-56.17,-60.82,-58.97,-45.82,-59.55,-47.92,-55.64,2026-06-14 05:33:03+00:00
2026-06-14T05:34:04+00:00,-49.02,-65.87,-68.64,-51.79,-66.17,-46.40,-49.71,-66.59,-56.08,-47.45,-56.15,-60.61,-58.81,-45.72,-59.53,-48.00,-55.61,2026-06-14 05:34:04+00:00
2026-06-14T05:35:04+00:00,-48.92,-65.88,-68.27,-51.86,-67.06,-46.19,-48.64,-66.43,-55.54,-47.41,-55.93,-60.56,-58.77,-45.72,-59.24,-47.28,-55.50,2026-06-14 05:35:04+00:00
2026-06-14T05:36:03+00:00,-48.73,-66.13,-68.36,-51.62,-66.66,-46.62,-50.00,-66.20,-55.83,-47.45,-55.90,-60.61,-58.70,-45.58,-59.32,-47.10,-55.73,2026-06-14 05:36:03+00:00
2026-06-14T05:37:03+00:00,-48.42,-65.17,-67.89,-51.56,-66.70,-46.57,-49.07,-66.46,-55.64,-47.47,-55.94,-60.78,-58.81,-45.64,-59.00,-47.36,-55.54,2026-06-14 05:37:03+00:00
2026-06-14T05:38:04+00:00,-48.92,-66.29,-68.45,-51.58,-66.97,-46.58,-49.10,-67.26,-56.47,-47.42,-55.83,-60.92,-58.83,-45.42,-59.01,-47.03,-55.54,2026-06-14 05:38:04+00:00
2026-06-14T05:39:04+00:00,-48.60,-65.99,-68.09,-51.52,-66.34,-46.62,-49.07,-66.84,-55.68,-47.28,-55.74,-59.29,-58.73,-45.50,-59.23,-46.93,-55.67,2026-06-14 05:39:04+00:00
2026-06-14T05:40:04+00:00,-47.27,-65.96,-68.21,-51.59,-65.98,-46.83,-48.93,-67.24,-55.62,-47.27,-55.78,-59.14,-58.56,-45.31,-59.18,-47.08,-55.98,2026-06-14 05:40:04+00:00
2026-06-14T05:41:03+00:00,-48.77,-65.96,-68.21,-51.71,-67.21,-46.77,-49.60,-66.22,-52.37,-47.28,-55.83,-59.24,-58.78,-45.36,-58.96,-46.64,-55.74,2026-06-14 05:41:03+00:00
2026-06-14T05:42:03+00:00,-48.74,-66.25,-68.26,-51.46,-66.65,-46.80,-48.68,-67.62,-52.16,-47.27,-55.86,-59.37,-58.58,-45.24,-59.26,-47.02,-55.74,2026-06-14 05:42:03+00:00
2026-06-14T05:43:04+00:00,-48.57,-66.32,-67.84,-51.63,-67.38,-46.69,-48.68,-66.76,-49.56,-47.20,-55.82,-59.45,-58.58,-45.29,-59.07,-46.59,-55.73,2026-06-14 05:43:04+00:00
2026-06-14T05:44:04+00:00,-48.86,-66.14,-68.15,-51.27,-66.48,-46.69,-49.45,-67.69,-49.69,-47.29,-55.63,-59.82,-58.63,-45.54,-59.60,-46.98,-55.78,2026-06-14 05:44:04+00:00
2026-06-14T05:45:04+00:00,-48.81,-66.56,-68.48,-51.33,-66.66,-46.82,-49.15,-66.84,-49.46,-47.17,-55.69,-61.35,-58.73,-45.50,-58.53,-46.65,-55.74,2026-06-14 05:45:04+00:00
2026-06-14T05:46:03+00:00,-48.81,-66.35,-68.22,-51.46,-66.73,-46.87,-48.85,-67.15,-49.30,-47.18,-55.61,-61.59,-58.59,-45.52,-59.35,-46.72,-55.75,2026-06-14 05:46:03+00:00
2026-06-14T05:47:03+00:00,-48.67,-66.80,-68.65,-51.38,-66.51,-46.77,-49.12,-67.52,-49.32,-47.15,-55.63,-62.23,-58.53,-45.49,-58.79,-46.89,-55.67,2026-06-14 05:47:03+00:00
2026-06-14T05:48:03+00:00,-51.66,-67.86,-69.01,-51.44,-66.01,-46.73,-49.50,-66.75,-49.50,-46.95,-55.65,-62.81,-58.49,-45.58,-59.28,-46.53,-55.80,2026-06-14 05:48:03+00:00
2026-06-14T05:49:04+00:00,-51.81,-66.87,-69.50,-51.83,-66.27,-48.04,-49.60,-65.67,-49.54,-46.97,-55.55,-63.01,-58.61,-45.85,-59.75,-46.67,-55.72,2026-06-14 05:49:04+00:00
2026-06-14T05:50:04+00:00,-51.53,-67.46,-69.30,-51.91,-66.10,-51.83,-49.55,-66.45,-49.81,-46.92,-55.71,-62.71,-58.54,-45.81,-59.70,-46.39,-55.73,2026-06-14 05:50:04+00:00
2026-06-14T05:51:03+00:00,-51.65,-67.53,-69.81,-51.99,-66.76,-51.95,-49.44,-67.77,-49.38,-46.91,-55.79,-62.25,-58.48,-45.73,-59.51,-46.40,-55.85,2026-06-14 05:51:03+00:00
2026-06-14T05:52:03+00:00,-51.65,-67.03,-69.65,-51.81,-66.62,-51.78,-49.18,-67.31,-49.66,-46.83,-55.75,-62.25,-58.49,-45.77,-59.23,-46.46,-55.63,2026-06-14 05:52:03+00:00
2026-06-14T05:53:03+00:00,-53.04,-67.60,-69.59,-51.64,-66.49,-51.70,-49.74,-66.56,-49.59,-46.81,-55.70,-61.97,-58.47,-45.94,-59.81,-46.46,-55.68,2026-06-14 05:53:03+00:00
2026-06-14T05:54:04+00:00,-52.62,-67.03,-68.87,-51.64,-66.41,-51.88,-49.07,-67.39,-49.57,-46.71,-55.97,-61.80,-58.35,-46.05,-59.24,-46.32,-55.82,2026-06-14 05:54:04+00:00
2026-06-14T05:55:04+00:00,-52.81,-67.80,-69.34,-51.90,-66.40,-51.73,-49.84,-67.09,-49.59,-46.81,-56.15,-61.84,-58.18,-46.41,-59.37,-46.05,-55.81,2026-06-14 05:55:04+00:00
2026-06-14T05:56:04+00:00,-52.15,-64.95,-69.09,-51.97,-66.91,-51.44,-49.37,-65.90,-51.14,-46.80,-56.26,-61.84,-58.14,-46.38,-59.78,-45.94,-55.76,2026-06-14 05:56:04+00:00
2026-06-14T05:57:03+00:00,-52.91,-67.95,-69.24,-51.88,-66.41,-51.43,-49.12,-67.53,-50.99,-46.67,-56.29,-61.33,-58.23,-46.20,-59.57,-45.76,-55.56,2026-06-14 05:57:03+00:00
2026-06-14T05:58:03+00:00,-52.79,-67.54,-69.46,-51.84,-66.53,-51.85,-49.25,-66.96,-54.81,-46.79,-56.36,-61.23,-58.18,-46.38,-59.00,-45.72,-55.75,2026-06-14 05:58:03+00:00
2026-06-14T05:59:04+00:00,-52.71,-66.49,-69.25,-51.87,-66.86,-51.74,-49.15,-66.59,-54.81,-46.82,-56.34,-60.97,-58.04,-46.33,-59.60,-45.56,-55.66,2026-06-14 05:59:04+00:00
2026-06-14T06:00:04+00:00,-52.10,-62.99,-69.29,-51.80,-66.78,-51.46,-49.17,-65.01,-55.92,-46.83,-56.46,-60.94,-57.98,-46.48,-59.36,-45.59,-59.43,2026-06-14 06:00:04+00:00
2026-06-14T06:01:04+00:00,-51.83,-66.35,-69.09,-51.67,-66.34,-51.51,-49.62,-65.91,-53.61,-46.79,-56.50,-60.77,-57.95,-46.33,-59.78,-45.66,-55.62,2026-06-14 06:01:04+00:00
2026-06-14T06:02:04+00:00,-51.71,-67.52,-69.08,-51.53,-66.84,-51.68,-49.54,-66.66,-53.93,-46.84,-56.46,-59.96,-58.06,-46.44,-59.40,-45.85,-55.98,2026-06-14 06:02:04+00:00
2026-06-14T06:03:03+00:00,-51.48,-67.28,-69.29,-51.52,-66.64,-51.71,-49.44,-66.70,-54.38,-46.68,-56.58,-60.80,-58.07,-46.60,-58.98,-45.84,-55.76,2026-06-14 06:03:03+00:00
2026-06-14T06:04:04+00:00,-51.47,-67.56,-69.42,-51.65,-66.16,-51.53,-49.34,-66.75,-54.43,-46.62,-56.90,-61.52,-58.08,-46.51,-59.47,-45.65,-55.79,2026-06-14 06:04:04+00:00
2026-06-14T06:05:04+00:00,-51.92,-67.50,-69.24,-51.84,-66.67,-51.52,-49.26,-66.00,-54.63,-46.93,-56.78,-62.24,-58.13,-46.66,-59.30,-45.54,-55.79,2026-06-14 06:05:04+00:00
2026-06-14T06:06:04+00:00,-51.30,-67.11,-69.43,-51.60,-66.14,-51.63,-49.62,-67.56,-54.30,-46.85,-57.02,-62.60,-58.13,-46.86,-59.30,-45.47,-55.68,2026-06-14 06:06:04+00:00
2026-06-14T06:07:04+00:00,-51.39,-66.65,-69.43,-51.44,-66.89,-51.51,-49.00,-67.61,-54.18,-46.64,-57.07,-62.68,-58.16,-46.98,-59.29,-45.60,-55.85,2026-06-14 06:07:04+00:00
2026-06-14T06:08:04+00:00,-52.10,-65.44,-69.77,-51.82,-66.23,-48.69,-49.77,-65.72,-54.44,-46.53,-57.15,-62.66,-57.86,-46.89,-59.19,-45.50,-55.78,2026-06-14 06:08:04+00:00
2026-06-14T06:09:03+00:00,-51.91,-67.02,-69.44,-51.73,-67.09,-50.16,-49.04,-67.03,-54.04,-46.45,-57.03,-62.75,-57.98,-47.20,-59.71,-45.56,-55.79,2026-06-14 06:09:03+00:00
2026-06-14T06:10:03+00:00,-51.79,-67.02,-69.55,-51.49,-67.12,-50.34,-49.67,-65.69,-53.71,-46.43,-57.29,-62.50,-58.11,-47.40,-59.04,-45.23,-55.84,2026-06-14 06:10:03+00:00
2026-06-14T06:11:04+00:00,-51.43,-66.37,-68.68,-51.56,-66.00,-46.86,-49.02,-67.38,-54.73,-46.48,-57.31,-62.14,-58.08,-47.57,-59.29,-45.19,-55.75,2026-06-14 06:11:04+00:00
2026-06-14T06:12:04+00:00,-51.87,-65.74,-68.44,-51.32,-66.88,-46.60,-49.19,-67.00,-54.15,-46.42,-57.28,-61.91,-58.16,-47.73,-59.40,-45.16,-55.74,2026-06-14 06:12:04+00:00
2026-06-14T06:13:04+00:00,-51.99,-67.66,-68.52,-51.50,-66.27,-46.73,-49.07,-67.86,-54.48,-46.46,-57.47,-61.94,-58.06,-48.08,-59.51,-44.95,-55.70,2026-06-14 06:13:04+00:00
2026-06-14T06:14:03+00:00,-51.80,-67.34,-68.57,-51.58,-66.22,-46.92,-49.28,-66.86,-55.76,-46.53,-57.65,-61.82,-57.98,-48.07,-59.15,-45.09,-55.63,2026-06-14 06:14:03+00:00
2026-06-14T06:15:03+00:00,-50.66,-66.76,-68.55,-51.56,-65.78,-46.79,-49.04,-66.33,-54.92,-46.46,-57.79,-61.32,-58.06,-48.26,-59.14,-44.83,-55.67,2026-06-14 06:15:03+00:00
2026-06-14T06:16:04+00:00,-51.09,-67.48,-68.64,-51.69,-65.88,-47.00,-48.96,-66.60,-59.21,-46.44,-57.84,-61.26,-57.89,-48.57,-59.01,-44.84,-55.57,2026-06-14 06:16:04+00:00
2026-06-14T06:17:04+00:00,-51.52,-64.69,-68.79,-51.63,-66.19,-46.64,-49.46,-66.69,-58.56,-46.56,-57.80,-61.04,-58.01,-48.69,-59.08,-44.68,-55.77,2026-06-14 06:17:04+00:00
2026-06-14T06:18:04+00:00,-49.38,-65.22,-68.59,-51.56,-65.22,-46.87,-49.13,-66.65,-55.73,-46.45,-57.94,-60.92,-57.92,-48.58,-58.84,-44.63,-55.74,2026-06-14 06:18:04+00:00
2026-06-14T06:19:03+00:00,-49.28,-66.73,-68.45,-51.64,-66.68,-46.77,-49.13,-67.55,-55.59,-46.55,-57.93,-60.64,-57.96,-48.68,-58.71,-44.90,-55.76,2026-06-14 06:19:03+00:00
2026-06-14T06:20:03+00:00,-49.11,-66.42,-68.80,-52.32,-65.61,-46.35,-49.16,-66.64,-55.05,-46.54,-58.10,-60.45,-57.95,-48.63,-58.78,-44.70,-55.75,2026-06-14 06:20:03+00:00
2026-06-14T06:21:04+00:00,-48.06,-63.72,-68.77,-52.21,-66.78,-46.51,-49.08,-67.06,-55.71,-46.69,-58.17,-60.37,-57.95,-48.59,-59.39,-44.70,-55.69,2026-06-14 06:21:04+00:00
2026-06-14T06:22:04+00:00,-48.30,-65.03,-68.88,-52.39,-66.90,-46.61,-48.98,-66.54,-55.25,-46.57,-58.14,-60.26,-57.95,-48.57,-59.39,-44.93,-55.11,2026-06-14 06:22:04+00:00
2026-06-14T06:23:04+00:00,-48.94,-64.66,-68.51,-52.59,-66.07,-46.86,-49.11,-66.78,-55.48,-46.76,-58.15,-60.15,-57.77,-48.56,-59.26,-44.82,-54.87,2026-06-14 06:23:04+00:00
2026-06-14T06:24:03+00:00,-48.97,-66.29,-69.06,-52.61,-66.03,-46.74,-49.01,-66.81,-55.68,-46.53,-58.35,-60.04,-57.88,-48.38,-59.27,-44.94,-54.95,2026-06-14 06:24:03+00:00
2026-06-14T06:25:03+00:00,-48.46,-66.30,-69.05,-52.87,-66.18,-46.85,-49.06,-66.70,-55.17,-46.72,-58.50,-60.21,-57.92,-48.51,-59.52,-44.53,-55.08,2026-06-14 06:25:03+00:00
2026-06-14T06:26:04+00:00,-48.43,-65.64,-68.81,-52.55,-66.74,-46.79,-49.11,-65.63,-52.02,-46.77,-58.31,-60.21,-57.89,-48.22,-59.22,-44.44,-55.09,2026-06-14 06:26:04+00:00
2026-06-14T06:27:04+00:00,-48.08,-65.59,-68.97,-52.83,-66.08,-46.79,-49.41,-66.36,-51.74,-46.75,-58.45,-60.27,-57.80,-48.28,-59.58,-44.34,-55.84,2026-06-14 06:27:04+00:00
2026-06-14T06:28:03+00:00,-48.30,-65.87,-68.75,-52.83,-66.27,-46.80,-49.61,-66.01,-49.51,-46.81,-58.57,-60.29,-57.87,-48.40,-59.18,-44.47,-55.14,2026-06-14 06:28:03+00:00
2026-06-14T06:29:04+00:00,-48.62,-65.72,-68.88,-53.14,-66.27,-46.83,-48.99,-67.51,-49.41,-46.83,-58.55,-60.12,-57.88,-48.43,-58.98,-44.16,-55.08,2026-06-14 06:29:04+00:00
2026-06-14T06:30:04+00:00,-48.30,-65.30,-68.44,-52.71,-65.69,-46.78,-49.26,-65.59,-49.21,-46.91,-58.61,-60.24,-57.88,-48.48,-59.35,-43.91,-55.69,2026-06-14 06:30:04+00:00
2026-06-14T06:31:04+00:00,-48.64,-66.12,-69.01,-52.72,-66.27,-46.87,-49.43,-66.07,-49.22,-46.79,-58.83,-60.28,-57.94,-48.62,-59.48,-43.75,-55.08,2026-06-14 06:31:04+00:00
2026-06-14T06:32:04+00:00,-48.16,-65.70,-68.92,-52.54,-65.83,-46.78,-49.37,-66.07,-48.95,-46.83,-58.65,-60.45,-57.90,-48.90,-58.79,-43.76,-55.00,2026-06-14 06:32:04+00:00
2026-06-14T06:33:03+00:00,-50.19,-63.26,-68.86,-52.12,-66.38,-46.84,-49.10,-65.91,-49.36,-46.83,-57.54,-60.20,-57.99,-49.12,-59.12,-43.66,-55.75,2026-06-14 06:33:03+00:00
2026-06-14T06:34:03+00:00,-50.40,-64.84,-69.01,-52.18,-66.22,-46.70,-49.13,-66.03,-49.44,-46.90,-58.94,-60.13,-57.81,-49.31,-59.84,-43.94,-61.18,2026-06-14 06:34:03+00:00
2026-06-14T06:35:04+00:00,-51.00,-64.68,-68.85,-52.16,-66.25,-47.14,-49.22,-65.76,-49.34,-46.78,-58.99,-60.19,-57.92,-49.25,-59.35,-43.84,-58.47,2026-06-14 06:35:04+00:00
2026-06-14T06:36:03+00:00,-51.81,-62.97,-69.19,-52.37,-65.89,-47.17,-49.50,-66.48,-49.32,-46.83,-59.28,-60.21,-58.12,-49.22,-59.28,-43.89,-61.23,2026-06-14 06:36:03+00:00
2026-06-14T06:37:04+00:00,-50.54,-63.33,-68.91,-52.17,-65.92,-46.94,-49.55,-66.38,-49.35,-46.86,-59.18,-60.28,-57.88,-49.43,-59.07,-43.92,-60.81,2026-06-14 06:37:04+00:00
2026-06-14T06:38:04+00:00,-50.12,-64.83,-69.19,-52.39,-66.82,-47.08,-49.15,-66.57,-49.36,-46.71,-59.37,-60.22,-57.79,-49.46,-59.55,-43.88,-60.56,2026-06-14 06:38:04+00:00
2026-06-14T06:39:04+00:00,-49.31,-63.88,-69.14,-52.41,-66.24,-47.01,-49.51,-66.57,-49.28,-46.55,-59.56,-60.33,-57.89,-49.10,-59.25,-43.87,-60.63,2026-06-14 06:39:04+00:00
2026-06-14T06:40:03+00:00,-50.27,-63.57,-69.13,-52.34,-66.87,-47.00,-49.14,-66.27,-49.37,-46.58,-59.88,-60.00,-57.91,-49.04,-58.93,-43.92,-58.30,2026-06-14 06:40:03+00:00
2026-06-14T06:41:03+00:00,-50.28,-65.22,-69.86,-52.13,-66.22,-47.21,-49.00,-66.90,-50.62,-46.65,-59.50,-68.76,-57.72,-49.09,-59.19,-43.82,-59.73,2026-06-14 06:41:03+00:00
2026-06-14T06:42:04+00:00,-49.02,-63.37,-70.61,-52.11,-66.91,-47.02,-49.31,-66.33,-50.82,-46.52,-59.84,-69.54,-57.68,-48.94,-59.02,-43.96,-60.63,2026-06-14 06:42:04+00:00
2026-06-14T06:43:04+00:00,-48.59,-63.51,-69.45,-52.03,-66.64,-47.21,-49.15,-66.20,-54.16,-46.14,-44.70,-68.35,-57.85,-48.68,-59.26,-43.79,-56.54,2026-06-14 06:43:04+00:00
2026-06-14T06:44:03+00:00,-50.46,-63.20,-69.30,-51.97,-66.90,-46.80,-49.10,-66.44,-54.27,-46.42,-59.70,-69.59,-57.80,-48.71,-59.49,-43.85,-57.54,2026-06-14 06:44:03+00:00
2026-06-14T06:45:03+00:00,-50.37,-65.01,-68.85,-52.11,-66.44,-46.95,-49.76,-66.78,-55.05,-46.25,-59.93,-64.07,-57.61,-48.39,-59.42,-44.05,-61.31,2026-06-14 06:45:03+00:00
2026-06-14T06:46:04+00:00,-50.03,-63.73,-67.37,-52.28,-66.22,-46.94,-49.19,-66.44,-52.93,-46.21,-60.44,-58.95,-57.63,-48.19,-59.43,-43.74,-61.03,2026-06-14 06:46:04+00:00
2026-06-14T06:47:04+00:00,-51.27,-63.61,-67.67,-52.19,-66.64,-47.24,-48.93,-66.79,-53.16,-46.26,-60.50,-59.49,-57.73,-48.15,-58.71,-44.05,-60.94,2026-06-14 06:47:04+00:00
2026-06-14T06:48:04+00:00,-49.75,-61.88,-67.56,-52.34,-66.85,-47.20,-48.96,-65.52,-52.91,-46.17,-60.65,-59.80,-57.77,-48.07,-59.10,-43.87,-60.47,2026-06-14 06:48:04+00:00
2026-06-14T06:49:04+00:00,-50.48,-63.64,-67.70,-52.31,-66.73,-46.97,-48.92,-66.54,-53.09,-46.19,-60.70,-59.87,-57.95,-47.92,-59.00,-44.04,-61.02,2026-06-14 06:49:04+00:00
2026-06-14T06:50:03+00:00,-50.18,-63.86,-68.49,-52.19,-66.31,-46.78,-49.53,-66.12,-53.24,-46.20,-60.74,-60.89,-57.67,-48.13,-59.11,-43.78,-60.97,2026-06-14 06:50:03+00:00
2026-06-14T06:51:03+00:00,-50.18,-64.47,-68.49,-52.17,-65.94,-47.04,-49.42,-66.60,-53.20,-46.22,-61.00,-62.16,-57.71,-48.03,-58.81,-44.02,-61.21,2026-06-14 06:51:03+00:00
2026-06-14T06:52:04+00:00,-50.38,-62.61,-68.70,-51.95,-66.37,-47.03,-49.24,-65.23,-53.38,-46.26,-60.82,-62.46,-62.63,-48.28,-59.17,-44.21,-61.01,2026-06-14 06:52:04+00:00
2026-06-14T06:53:04+00:00,-50.82,-63.48,-69.17,-51.90,-66.29,-47.20,-48.84,-66.09,-53.62,-46.19,-61.31,-62.64,-57.95,-48.27,-59.21,-43.95,-59.76,2026-06-14 06:53:04+00:00
2026-06-14T06:54:04+00:00,-50.05,-64.08,-69.13,-51.88,-66.34,-47.29,-49.04,-66.66,-54.46,-46.21,-61.64,-62.56,-57.61,-48.21,-59.12,-44.16,-61.17,2026-06-14 06:54:04+00:00
2026-06-14T06:55:03+00:00,-49.56,-64.11,-68.77,-51.78,-65.93,-47.17,-49.20,-66.69,-54.18,-46.44,-61.87,-62.44,-57.70,-48.30,-59.17,-44.02,-61.04,2026-06-14 06:55:03+00:00
2026-06-14T06:56:03+00:00,-50.15,-62.60,-68.91,-52.05,-65.97,-47.15,-48.64,-67.18,-54.20,-63.49,-61.82,-61.97,-57.89,-48.51,-58.94,-44.04,-59.91,2026-06-14 06:56:03+00:00
2026-06-14T06:57:03+00:00,-50.24,-62.05,-68.56,-52.32,-66.40,-47.11,-48.35,-66.55,-54.28,-63.58,-61.98,-61.48,-57.87,-48.57,-59.22,-44.30,-60.88,2026-06-14 06:57:03+00:00
2026-06-14T06:58:04+00:00,-50.22,-62.39,-69.17,-51.91,-66.19,-51.45,-48.64,-67.52,-53.97,-63.87,-62.13,-61.74,-57.63,-48.74,-59.16,-44.49,-59.60,2026-06-14 06:58:04+00:00
2026-06-14T06:59:04+00:00,-50.87,-61.57,-69.54,-52.11,-66.85,-51.76,-48.79,-66.15,-54.07,-64.08,-62.26,-61.31,-57.61,-48.74,-58.63,-44.49,-61.16,2026-06-14 06:59:04+00:00
2026-06-14T07:00:03+00:00,-51.24,-62.61,-69.17,-51.90,-65.91,-51.51,-48.90,-66.44,-54.09,-62.41,-62.50,-60.91,-57.61,-48.99,-58.95,-44.63,-59.77,2026-06-14 07:00:03+00:00
2026-06-14T07:01:03+00:00,-50.09,-63.17,-68.96,-51.86,-67.03,-51.67,-48.30,-66.81,-56.93,-63.28,-62.56,-60.65,-57.62,-49.01,-59.17,-44.68,-61.36,2026-06-14 07:01:03+00:00
2026-06-14T07:02:03+00:00,-50.33,-63.21,-68.99,-51.97,-66.84,-51.53,-48.86,-66.53,-57.11,-62.94,-62.62,-60.01,-57.73,-49.22,-58.83,-44.83,-61.53,2026-06-14 07:02:03+00:00
2026-06-14T07:03:03+00:00,-48.23,-61.71,-69.32,-51.96,-65.67,-51.70,-48.01,-66.62,-55.60,-62.68,-62.70,-60.09,-57.90,-49.11,-58.83,-44.99,-61.40,2026-06-14 07:03:03+00:00
2026-06-14T07:04:04+00:00,-49.05,-62.24,-69.50,-52.06,-66.80,-51.69,-48.77,-66.42,-55.80,-62.96,-62.71,-59.65,-57.90,-49.26,-59.02,-45.13,-61.31,2026-06-14 07:04:04+00:00
2026-06-14T07:05:04+00:00,-48.62,-62.44,-69.25,-52.18,-65.79,-51.74,-48.15,-66.66,-55.54,-63.07,-62.69,-60.05,-57.74,-49.25,-59.05,-45.28,-61.08,2026-06-14 07:05:04+00:00
2026-06-14T07:06:03+00:00,-49.15,-62.08,-69.81,-52.27,-66.46,-51.56,-48.49,-66.67,-55.48,-63.19,-62.76,-60.18,-57.82,-49.51,-58.72,-45.03,-59.94,2026-06-14 07:06:03+00:00
2026-06-14T07:07:03+00:00,-49.17,-62.92,-69.37,-52.61,-65.88,-51.49,-48.27,-66.81,-54.83,-62.85,-62.82,-59.62,-57.78,-49.54,-59.02,-45.14,-59.03,2026-06-14 07:07:03+00:00
2026-06-14T07:08:03+00:00,-48.95,-62.34,-69.58,-52.51,-66.47,-51.60,-48.71,-66.43,-54.84,-62.81,-62.94,-60.19,-57.91,-49.67,-59.15,-45.39,-61.73,2026-06-14 07:08:03+00:00
2026-06-14T07:09:04+00:00,-48.79,-60.61,-69.09,-52.77,-66.46,-51.63,-48.38,-66.77,-55.08,-62.98,-62.73,-59.82,-57.99,-50.04,-58.77,-45.19,-58.11,2026-06-14 07:09:04+00:00
2026-06-14T07:10:04+00:00,-48.40,-61.79,-69.39,-53.53,-65.79,-51.60,-48.37,-66.89,-54.84,-62.91,-62.69,-59.77,-58.09,-50.13,-58.89,-45.58,-59.10,2026-06-14 07:10:04+00:00
2026-06-14T07:11:04+00:00,-48.51,-61.87,-69.04,-53.83,-66.21,-51.53,-48.47,-66.80,-51.61,-63.01,-62.58,-59.73,-57.88,-50.25,-58.67,-45.43,-60.15,2026-06-14 07:11:04+00:00
2026-06-14T07:12:03+00:00,-49.14,-62.57,-69.36,-54.11,-66.75,-51.43,-48.38,-67.20,-51.55,-62.83,-62.18,-60.26,-57.88,-50.50,-59.11,-45.50,-60.35,2026-06-14 07:12:03+00:00
2026-06-14T07:13:03+00:00,-48.70,-61.88,-69.33,-53.88,-66.24,-51.51,-49.06,-66.86,-49.48,-63.18,-62.45,-59.93,-57.83,-50.67,-59.56,-45.58,-61.37,2026-06-14 07:13:03+00:00
2026-06-14T07:14:04+00:00,-49.41,-62.29,-68.96,-54.14,-66.17,-51.32,-48.38,-67.38,-49.55,-63.41,-62.12,-59.94,-57.94,-50.74,-59.00,-45.52,-61.17,2026-06-14 07:14:04+00:00
2026-06-14T07:15:04+00:00,-49.60,-62.49,-68.87,-54.25,-65.84,-51.48,-48.36,-67.24,-49.28,-63.09,-61.90,-60.19,-57.96,-50.82,-59.06,-45.56,-61.13,2026-06-14 07:15:04+00:00
2026-06-14T07:16:03+00:00,-48.82,-61.69,-69.02,-54.52,-67.84,-51.33,-48.13,-66.60,-49.25,-62.63,-61.70,-60.14,-58.02,-51.32,-58.65,-45.74,-59.00,2026-06-14 07:16:03+00:00
2026-06-14T07:17:03+00:00,-49.55,-62.32,-69.60,-54.60,-66.20,-50.63,-48.88,-67.67,-49.31,-63.61,-61.68,-60.25,-57.80,-51.13,-59.11,-45.87,-59.47,2026-06-14 07:17:03+00:00
2026-06-14T07:18:04+00:00,-50.87,-62.05,-69.55,-54.78,-66.46,-50.54,-48.72,-67.18,-49.53,-63.30,-61.21,-60.41,-58.02,-51.46,-58.63,-45.89,-59.37,2026-06-14 07:18:04+00:00
2026-06-14T07:19:04+00:00,-51.63,-61.60,-69.01,-54.43,-65.99,-46.91,-48.41,-67.26,-49.45,-63.22,-60.98,-59.86,-57.81,-51.68,-59.49,-45.93,-59.61,2026-06-14 07:19:04+00:00
2026-06-14T07:20:04+00:00,-50.07,-61.57,-67.93,-54.33,-65.64,-46.87,-48.24,-67.51,-49.44,-62.98,-61.34,-59.58,-57.93,-52.01,-58.56,-46.14,-60.40,2026-06-14 07:20:04+00:00
2026-06-14T07:21:03+00:00,-50.07,-62.13,-68.74,-54.73,-67.42,-47.02,-48.41,-67.81,-49.47,-62.79,-60.88,-59.83,-57.85,-52.35,-58.96,-46.34,-60.94,2026-06-14 07:21:03+00:00
2026-06-14T07:22:03+00:00,-49.90,-62.18,-68.79,-55.19,-66.77,-46.96,-48.66,-67.58,-49.46,-63.10,-57.89,-59.73,-58.03,-52.58,-59.08,-46.30,-60.67,2026-06-14 07:22:03+00:00
2026-06-14T07:23:04+00:00,-50.27,-62.34,-68.95,-54.59,-67.01,-47.17,-48.75,-67.25,-49.50,-63.37,-60.48,-59.74,-57.86,-52.81,-58.87,-46.16,-60.60,2026-06-14 07:23:04+00:00
2026-06-14T07:24:04+00:00,-51.04,-62.03,-69.11,-54.43,-66.51,-46.88,-49.21,-66.65,-49.53,-63.41,-58.47,-59.43,-57.88,-52.97,-58.88,-46.05,-59.61,2026-06-14 07:24:04+00:00
2026-06-14T07:25:04+00:00,-51.40,-62.19,-69.01,-54.52,-65.84,-47.06,-48.92,-67.26,-49.51,-63.48,-60.32,-59.35,-58.09,-53.20,-58.76,-46.00,-59.10,2026-06-14 07:25:04+00:00
2026-06-14T07:26:03+00:00,-51.23,-63.77,-68.86,-54.62,-66.42,-47.36,-48.65,-66.44,-51.30,-63.77,-59.90,-59.38,-58.02,-53.52,-59.60,-46.14,-58.24,2026-06-14 07:26:03+00:00
2026-06-14T07:27:03+00:00,-50.87,-62.66,-69.19,-54.97,-66.69,-47.08,-48.57,-66.64,-51.42,-63.65,-59.87,-59.45,-57.94,-53.42,-58.67,-46.05,-60.20,2026-06-14 07:27:03+00:00
2026-06-14T07:28:04+00:00,-50.73,-62.91,-68.93,-54.91,-66.71,-47.15,-48.77,-50.35,-55.25,-63.97,-59.75,-59.29,-58.03,-53.68,-58.56,-46.18,-60.54,2026-06-14 07:28:04+00:00
2026-06-14T07:29:04+00:00,-50.24,-64.13,-68.63,-55.30,-66.49,-47.10,-48.60,-50.39,-54.90,-63.30,-59.29,-59.28,-57.93,-54.00,-58.76,-46.29,-60.65,2026-06-14 07:29:04+00:00
2026-06-14T07:30:04+00:00,-49.89,-64.71,-68.82,-55.91,-66.68,-47.15,-48.83,-50.41,-56.25,-63.73,-59.05,-59.47,-57.88,-53.68,-59.31,-46.48,-60.79,2026-06-14 07:30:04+00:00
2026-06-14T07:31:04+00:00,-50.00,-63.71,-68.43,-55.91,-66.61,-47.35,-49.43,-50.35,-53.06,-62.89,-58.63,-59.28,-57.89,-53.67,-58.87,-46.21,-60.55,2026-06-14 07:31:04+00:00
2026-06-14T07:32:03+00:00,-49.48,-63.75,-68.53,-55.83,-66.34,-47.08,-48.85,-50.39,-53.25,-63.35,-59.04,-59.36,-57.89,-53.76,-59.20,-46.55,-60.35,2026-06-14 07:32:03+00:00
2026-06-14T07:33:03+00:00,-49.85,-63.95,-68.99,-55.35,-66.00,-47.26,-48.44,-50.43,-53.37,-63.25,-58.97,-59.31,-57.96,-53.82,-58.95,-46.34,-60.62,2026-06-14 07:33:03+00:00
2026-06-14T07:34:04+00:00,-50.00,-63.37,-68.34,-54.86,-66.34,-47.31,-49.19,-50.33,-53.16,-63.25,-58.96,-59.15,-57.86,-53.95,-58.98,-46.46,-60.36,2026-06-14 07:34:04+00:00
2026-06-14T07:35:04+00:00,-48.59,-61.84,-68.60,-54.91,-65.31,-47.18,-48.91,-50.39,-53.11,-63.34,-58.92,-59.35,-57.90,-53.94,-59.12,-46.50,-60.49,2026-06-14 07:35:04+00:00
2026-06-14T07:36:04+00:00,-48.83,-63.09,-68.66,-55.35,-67.33,-47.24,-48.76,-50.41,-53.24,-63.09,-59.01,-59.14,-57.94,-54.36,-59.25,-46.64,-60.49,2026-06-14 07:36:04+00:00
2026-06-14T07:37:04+00:00,-49.92,-63.35,-68.67,-55.55,-67.03,-47.38,-48.73,-50.42,-53.35,-63.00,-58.84,-59.20,-57.89,-54.34,-59.31,-46.60,-60.62,2026-06-14 07:37:04+00:00
2026-06-14T07:38:04+00:00,-50.03,-63.78,-67.64,-56.07,-67.00,-47.49,-49.12,-50.37,-53.33,-63.13,-56.69,-59.04,-57.96,-54.51,-58.86,-46.57,-60.52,2026-06-14 07:38:04+00:00
2026-06-14T07:39:03+00:00,-49.54,-63.82,-68.10,-56.00,-66.15,-47.26,-48.71,-50.44,-53.32,-62.55,-58.74,-58.94,-57.94,-54.94,-59.51,-46.67,-57.63,2026-06-14 07:39:03+00:00
2026-06-14T07:40:03+00:00,-49.80,-64.71,-68.58,-56.22,-66.62,-47.22,-48.92,-50.43,-53.25,-62.96,-58.75,-59.06,-58.00,-54.96,-58.92,-46.63,-57.82,2026-06-14 07:40:03+00:00
2026-06-14T07:41:04+00:00,-49.46,-63.35,-68.48,-55.75,-66.50,-47.21,-48.86,-50.42,-53.08,-62.93,-58.88,-59.05,-57.72,-54.93,-59.27,-47.04,-59.16,2026-06-14 07:41:04+00:00
2026-06-14T07:42:04+00:00,-49.75,-64.60,-68.53,-55.46,-65.99,-47.17,-49.08,-50.43,-53.03,-63.04,-58.81,-58.98,-58.06,-55.24,-59.08,-47.10,-60.02,2026-06-14 07:42:04+00:00
2026-06-14T07:43:03+00:00,-49.55,-63.65,-68.51,-55.27,-65.97,-47.43,-48.64,-50.45,-52.96,-62.99,-58.76,-58.94,-58.07,-55.30,-58.31,-47.19,-60.34,2026-06-14 07:43:03+00:00
2026-06-14T07:44:03+00:00,-49.51,-64.19,-68.37,-56.00,-66.02,-47.16,-49.28,-50.47,-53.13,-62.76,-58.62,-58.82,-58.14,-55.42,-58.62,-47.73,-60.84,2026-06-14 07:44:03+00:00
2026-06-14T07:45:04+00:00,-49.57,-63.26,-68.46,-56.18,-66.45,-47.31,-49.03,-50.41,-53.05,-62.91,-58.25,-58.84,-58.08,-55.37,-58.78,-47.91,-60.64,2026-06-14 07:45:04+00:00
2026-06-14T07:46:04+00:00,-49.90,-64.75,-68.22,-56.23,-66.15,-47.21,-48.66,-50.47,-55.89,-63.22,-58.18,-59.06,-57.95,-55.62,-58.46,-48.04,-60.18,2026-06-14 07:46:04+00:00
2026-06-14T07:47:04+00:00,-49.94,-64.83,-68.51,-56.56,-65.61,-47.19,-48.73,-50.49,-56.00,-63.04,-58.23,-58.76,-58.11,-55.43,-58.15,-47.82,-59.13,2026-06-14 07:47:04+00:00
2026-06-14T07:48:03+00:00,-47.67,-63.27,-68.33,-56.65,-66.18,-47.40,-48.86,-50.47,-54.78,-62.89,-57.71,-58.76,-57.80,-55.39,-58.96,-47.91,-60.71,2026-06-14 07:48:03+00:00
2026-06-14T07:49:03+00:00,-48.03,-65.61,-68.48,-56.46,-67.26,-47.27,-49.19,-50.47,-54.68,-62.75,-57.15,-58.99,-57.98,-55.85,-59.03,-48.15,-60.54,2026-06-14 07:49:03+00:00
2026-06-14T07:50:04+00:00,-48.14,-64.64,-68.59,-56.19,-65.71,-47.35,-49.08,-50.46,-54.96,-62.83,-57.04,-59.00,-58.07,-56.10,-58.96,-48.33,-58.34,2026-06-14 07:50:04+00:00
2026-06-14T07:51:04+00:00,-47.98,-63.77,-68.01,-55.80,-66.18,-47.25,-48.77,-50.53,-55.25,-46.01,-56.79,-58.88,-57.94,-56.26,-59.06,-48.37,-60.65,2026-06-14 07:51:04+00:00
2026-06-14T07:52:03+00:00,-47.65,-63.30,-67.92,-55.78,-65.63,-47.32,-48.63,-50.51,-55.18,-45.90,-56.61,-58.89,-57.71,-56.62,-58.94,-48.22,-61.08,2026-06-14 07:52:03+00:00
2026-06-14T07:53:03+00:00,-47.94,-62.18,-68.35,-55.67,-66.66,-47.34,-48.92,-50.41,-54.98,-46.13,-56.42,-59.07,-57.82,-56.85,-59.03,-48.10,-60.16,2026-06-14 07:53:03+00:00
2026-06-14T07:54:03+00:00,-47.91,-64.06,-68.33,-55.40,-65.96,-47.25,-48.44,-50.50,-55.07,-45.97,-56.73,-59.10,-57.71,-57.33,-58.75,-48.18,-60.49,2026-06-14 07:54:03+00:00
2026-06-14T07:55:04+00:00,-47.91,-64.62,-68.45,-55.88,-66.74,-47.43,-48.95,-50.51,-55.02,-45.78,-57.08,-59.10,-57.98,-57.47,-59.10,-48.12,-60.66,2026-06-14 07:55:04+00:00
2026-06-14T07:56:04+00:00,-47.92,-64.22,-68.68,-56.02,-66.37,-47.29,-48.87,-50.50,-51.76,-45.67,-57.09,-59.26,-57.92,-57.57,-59.00,-48.18,-59.05,2026-06-14 07:56:04+00:00
2026-06-14T07:57:03+00:00,-47.86,-64.62,-68.63,-55.96,-66.10,-47.17,-48.54,-50.51,-51.66,-45.68,-58.33,-59.41,-57.82,-57.87,-59.33,-48.00,-60.72,2026-06-14 07:57:03+00:00
2026-06-14T07:58:03+00:00,-48.10,-64.13,-68.58,-55.67,-66.35,-47.24,-48.66,-50.39,-49.86,-45.64,-58.43,-59.32,-57.87,-58.13,-58.77,-48.16,-60.52,2026-06-14 07:58:03+00:00
2026-06-14T07:59:03+00:00,-48.02,-64.18,-68.72,-55.44,-65.90,-47.26,-48.45,-50.34,-49.77,-45.46,-58.05,-59.38,-57.93,-58.42,-58.57,-48.09,-60.18,2026-06-14 07:59:03+00:00
2026-06-14T08:00:04+00:00,-47.58,-63.72,-68.78,-55.52,-66.84,-47.30,-48.52,-50.37,-49.54,-45.73,-58.37,-59.41,-57.99,-58.80,-58.25,-48.25,-59.00,2026-06-14 08:00:04+00:00
2026-06-14T08:01:04+00:00,-47.69,-63.49,-67.77,-55.59,-66.49,-47.34,-48.76,-50.40,-49.55,-45.70,-58.03,-59.36,-58.06,-59.64,-58.26,-48.20,-59.28,2026-06-14 08:01:04+00:00
2026-06-14T08:02:03+00:00,-47.91,-64.73,-68.43,-56.35,-66.65,-47.30,-48.39,-50.41,-49.50,-45.56,-58.06,-59.28,-58.15,-60.70,-58.00,-48.30,-60.79,2026-06-14 08:02:03+00:00
2026-06-14T08:03:04+00:00,-48.82,-63.82,-68.40,-56.51,-66.48,-47.29,-48.42,-50.47,-49.86,-45.66,-58.12,-59.39,-57.92,-61.39,-58.90,-47.71,-60.39,2026-06-14 08:03:04+00:00
2026-06-14T08:04:04+00:00,-49.95,-65.37,-68.36,-56.20,-66.61,-47.38,-48.71,-50.53,-49.84,-45.78,-57.89,-59.10,-57.96,-62.37,-58.50,-47.97,-60.02,2026-06-14 08:04:04+00:00
2026-06-14T08:05:04+00:00,-49.57,-64.89,-68.54,-55.96,-65.89,-47.42,-48.67,-50.48,-49.71,-45.68,-57.95,-59.13,-58.00,-62.64,-57.92,-47.88,-60.04,2026-06-14 08:05:04+00:00
2026-06-14T08:06:03+00:00,-49.06,-64.70,-68.38,-56.00,-66.01,-47.48,-48.80,-50.55,-49.75,-45.81,-57.94,-59.06,-57.94,-63.55,-58.81,-47.58,-59.60,2026-06-14 08:06:03+00:00
2026-06-14T08:07:03+00:00,-49.48,-64.41,-68.42,-55.59,-66.22,-47.27,-48.94,-50.60,-49.79,-45.73,-58.01,-59.05,-58.05,-63.66,-58.68,-47.33,-59.81,2026-06-14 08:07:03+00:00
2026-06-14T08:08:04+00:00,-49.57,-63.52,-68.29,-55.34,-66.20,-47.27,-48.36,-50.67,-49.80,-45.79,-58.05,-58.99,-57.99,-64.29,-58.89,-47.24,-59.83,2026-06-14 08:08:04+00:00
2026-06-14T08:09:04+00:00,-49.01,-63.17,-67.60,-55.68,-66.49,-47.28,-48.47,-50.61,-49.66,-45.94,-57.67,-58.54,-58.07,-64.38,-58.90,-47.16,-57.06,2026-06-14 08:09:04+00:00
2026-06-14T08:10:04+00:00,-49.87,-64.24,-68.22,-55.69,-66.41,-47.17,-48.70,-50.70,-49.85,-45.77,-57.97,-58.86,-58.11,-64.63,-58.47,-46.95,-60.41,2026-06-14 08:10:04+00:00
2026-06-14T08:11:03+00:00,-49.75,-63.18,-68.34,-55.42,-67.78,-47.34,-48.85,-50.72,-51.70,-45.83,-58.03,-58.68,-58.12,-64.69,-58.42,-47.03,-59.92,2026-06-14 08:11:03+00:00
2026-06-14T08:12:03+00:00,-48.82,-64.43,-68.29,-55.97,-66.20,-47.28,-48.53,-50.75,-52.24,-45.74,-57.91,-58.66,-58.21,-64.78,-58.18,-46.87,-60.10,2026-06-14 08:12:03+00:00
2026-06-14T08:13:04+00:00,-49.03,-64.14,-68.25,-56.22,-66.59,-47.29,-48.54,-50.77,-55.03,-45.77,-58.04,-58.52,-58.01,-64.57,-58.70,-46.48,-60.13,2026-06-14 08:13:04+00:00
2026-06-14T08:14:04+00:00,-49.46,-61.43,-68.61,-55.99,-66.92,-47.40,-49.26,-50.67,-54.83,-45.72,-57.01,-58.48,-57.85,-63.82,-58.79,-46.61,-60.15,2026-06-14 08:14:04+00:00
2026-06-14T08:15:04+00:00,-49.01,-63.03,-68.44,-55.73,-65.82,-47.05,-48.55,-50.65,-55.76,-45.78,-57.75,-58.55,-58.17,-63.97,-58.32,-46.79,-59.93,2026-06-14 08:15:04+00:00
2026-06-14T08:16:03+00:00,-49.49,-62.05,-68.50,-55.28,-66.09,-47.39,-48.84,-50.65,-53.15,-45.69,-57.69,-58.51,-58.05,-63.59,-58.47,-46.65,-60.26,2026-06-14 08:16:03+00:00
2026-06-14T08:17:03+00:00,-48.92,-62.55,-68.18,-55.08,-66.27,-46.97,-48.72,-50.68,-53.20,-45.74,-58.04,-58.38,-58.09,-63.13,-58.29,-46.53,-55.44,2026-06-14 08:17:03+00:00
2026-06-14T08:18:04+00:00,-48.94,-62.38,-66.45,-55.26,-66.73,-46.97,-48.82,-50.73,-53.02,-45.73,-55.72,-58.14,-58.04,-63.11,-58.29,-46.30,-59.88,2026-06-14 08:18:04+00:00
2026-06-14T08:19:04+00:00,-48.93,-61.68,-68.17,-55.22,-66.01,-47.13,-48.87,-50.69,-52.82,-45.80,-57.87,-58.42,-58.06,-62.84,-58.36,-46.27,-60.39,2026-06-14 08:19:04+00:00
2026-06-14T08:20:03+00:00,-49.31,-59.49,-68.35,-55.57,-66.66,-47.18,-48.46,-50.68,-52.88,-45.74,-58.03,-58.30,-58.17,-62.86,-58.22,-46.22,-59.83,2026-06-14 08:20:03+00:00
2026-06-14T08:21:03+00:00,-49.56,-61.83,-67.70,-55.54,-66.40,-47.12,-48.77,-50.61,-52.77,-45.69,-57.94,-58.38,-58.00,-62.66,-58.57,-45.88,-59.54,2026-06-14 08:21:03+00:00
2026-06-14T08:22:04+00:00,-48.82,-60.97,-68.36,-55.19,-66.58,-47.19,-48.35,-50.63,-52.72,-45.50,-58.08,-58.44,-57.84,-62.85,-58.92,-45.92,-60.40,2026-06-14 08:22:04+00:00
2026-06-14T08:23:03+00:00,-48.83,-61.38,-68.02,-55.41,-66.52,-47.22,-49.03,-50.66,-52.82,-45.73,-57.76,-58.38,-58.20,-62.32,-58.66,-45.94,-60.15,2026-06-14 08:23:03+00:00
2026-06-14T08:24:03+00:00,-48.62,-60.39,-68.15,-55.38,-66.39,-47.12,-48.61,-50.62,-52.92,-45.78,-57.71,-58.33,-57.91,-62.55,-58.77,-45.47,-60.33,2026-06-14 08:24:03+00:00
2026-06-14T08:25:04+00:00,-49.21,-59.93,-67.94,-55.13,-66.56,-47.08,-48.53,-50.64,-52.99,-45.85,-57.07,-58.63,-57.92,-62.85,-58.62,-45.40,-60.30,2026-06-14 08:25:04+00:00
2026-06-14T08:26:04+00:00,-49.82,-61.30,-66.99,-55.23,-65.59,-47.25,-48.99,-50.62,-53.16,-45.69,-56.52,-58.59,-57.83,-63.20,-58.79,-45.48,-60.26,2026-06-14 08:26:04+00:00
2026-06-14T08:27:04+00:00,-49.67,-60.46,-68.08,-55.51,-66.00,-47.29,-48.64,-50.63,-53.13,-45.81,-56.50,-58.53,-57.81,-63.42,-59.06,-45.42,-60.55,2026-06-14 08:27:04+00:00
2026-06-14T08:28:03+00:00,-49.59,-60.13,-67.83,-55.57,-66.37,-47.08,-48.58,-50.62,-53.05,-45.73,-56.00,-58.33,-57.89,-63.76,-58.81,-45.28,-60.31,2026-06-14 08:28:03+00:00
2026-06-14T08:29:03+00:00,-49.02,-60.65,-68.31,-55.56,-66.33,-47.31,-48.45,-50.66,-53.25,-45.79,-56.18,-58.27,-57.86,-63.63,-58.69,-45.05,-59.88,2026-06-14 08:29:03+00:00
2026-06-14T08:30:04+00:00,-49.50,-60.21,-67.93,-55.73,-67.38,-47.23,-48.28,-50.68,-54.25,-45.69,-56.03,-58.30,-57.90,-63.66,-58.74,-45.29,-60.08,2026-06-14 08:30:04+00:00
2026-06-14T08:31:04+00:00,-49.58,-60.26,-68.00,-55.76,-66.56,-47.54,-48.48,-50.65,-55.90,-45.66,-57.74,-58.51,-57.91,-63.40,-58.18,-45.28,-59.93,2026-06-14 08:31:04+00:00
2026-06-14T08:32:04+00:00,-48.96,-59.05,-67.88,-55.39,-66.32,-47.06,-48.79,-50.65,-55.59,-45.60,-57.98,-58.52,-57.92,-63.47,-58.20,-45.34,-59.90,2026-06-14 08:32:04+00:00
2026-06-14T08:33:04+00:00,-48.71,-60.56,-65.40,-55.08,-66.33,-47.43,-48.94,-50.59,-55.03,-45.63,-57.80,-58.16,-57.94,-63.59,-58.82,-45.36,-58.83,2026-06-14 08:33:04+00:00
2026-06-14T08:34:03+00:00,-48.53,-59.96,-68.12,-55.46,-66.22,-47.48,-48.77,-50.63,-55.16,-45.59,-57.86,-58.27,-57.94,-63.40,-58.90,-45.42,-59.26,2026-06-14 08:34:03+00:00
2026-06-14T08:35:03+00:00,-48.83,-60.16,-68.10,-55.49,-65.41,-47.33,-48.63,-50.66,-55.05,-45.61,-58.07,-58.44,-57.76,-63.17,-59.18,-45.09,-60.76,2026-06-14 08:35:03+00:00
2026-06-14T08:36:03+00:00,-49.11,-60.97,-68.09,-55.10,-66.49,-47.23,-48.88,-50.61,-55.05,-45.20,-39.29,-58.30,-57.79,-63.71,-59.37,-45.38,-56.30,2026-06-14 08:36:03+00:00
2026-06-14T08:37:03+00:00,-48.77,-61.16,-68.37,-55.63,-65.98,-47.34,-48.77,-50.61,-55.32,-45.79,-57.94,-58.32,-57.51,-63.53,-58.41,-45.59,-60.57,2026-06-14 08:37:03+00:00
2026-06-14T08:38:04+00:00,-49.21,-60.11,-68.35,-55.60,-66.08,-47.42,-48.93,-50.61,-54.95,-45.67,-57.81,-58.12,-57.68,-63.35,-58.69,-45.66,-60.00,2026-06-14 08:38:04+00:00
2026-06-14T08:39:04+00:00,-48.90,-60.19,-68.08,-55.75,-66.72,-47.31,-48.70,-50.61,-55.50,-45.86,-57.81,-58.15,-57.78,-63.67,-58.87,-45.49,-60.24,2026-06-14 08:39:04+00:00
2026-06-14T08:40:04+00:00,-48.52,-60.55,-68.32,-55.48,-65.94,-47.39,-49.09,-50.62,-53.30,-45.78,-57.87,-58.14,-57.55,-63.92,-58.12,-45.73,-59.83,2026-06-14 08:40:04+00:00
2026-06-14T08:41:03+00:00,-49.06,-60.09,-67.96,-55.31,-65.91,-47.45,-48.47,-50.59,-51.81,-45.78,-57.78,-58.17,-57.70,-64.03,-58.88,-45.73,-60.03,2026-06-14 08:41:03+00:00
2026-06-14T08:42:04+00:00,-48.41,-60.15,-68.04,-54.83,-66.21,-47.41,-48.67,-50.54,-49.96,-45.97,-57.92,-58.04,-57.81,-63.94,-59.47,-45.58,-60.77,2026-06-14 08:42:04+00:00
2026-06-14T08:43:04+00:00,-48.28,-60.00,-68.52,-54.78,-66.73,-47.28,-48.61,-50.50,-50.01,-45.88,-57.64,-58.19,-57.78,-64.00,-58.73,-45.97,-60.52,2026-06-14 08:43:04+00:00
2026-06-14T08:44:04+00:00,-48.42,-60.06,-67.94,-54.28,-65.92,-47.26,-49.14,-50.48,-49.88,-45.88,-57.80,-58.28,-57.88,-63.59,-58.85,-46.22,-60.39,2026-06-14 08:44:04+00:00
2026-06-14T08:45:03+00:00,-48.09,-59.46,-68.33,-54.34,-65.90,-47.37,-48.64,-50.47,-49.57,-45.96,-57.73,-58.25,-57.90,-63.88,-58.84,-46.26,-60.63,2026-06-14 08:45:03+00:00
2026-06-14T08:46:03+00:00,-48.10,-58.46,-67.29,-55.06,-66.22,-47.46,-48.77,-50.42,-49.47,-45.95,-57.59,-58.29,-57.84,-63.49,-58.63,-46.25,-60.49,2026-06-14 08:46:03+00:00
2026-06-14T08:47:04+00:00,-48.85,-59.42,-67.56,-54.91,-66.71,-47.27,-48.94,-50.50,-49.68,-45.78,-50.47,-58.12,-57.40,-63.06,-58.85,-46.25,-57.45,2026-06-14 08:47:04+00:00
2026-06-14T08:48:04+00:00,-49.85,-59.80,-68.49,-55.22,-66.43,-47.27,-48.48,-50.50,-49.74,-46.00,-57.81,-58.26,-57.87,-63.08,-58.81,-46.63,-60.64,2026-06-14 08:48:04+00:00
2026-06-14T08:49:04+00:00,-50.21,-60.75,-68.18,-55.14,-66.29,-47.14,-49.19,-50.48,-49.72,-45.88,-57.78,-58.34,-57.79,-62.72,-58.23,-46.71,-60.37,2026-06-14 08:49:04+00:00
2026-06-14T08:50:03+00:00,-49.92,-59.91,-68.50,-55.12,-66.40,-47.49,-48.56,-50.50,-49.70,-45.92,-57.69,-58.35,-57.48,-62.47,-58.37,-46.79,-60.76,2026-06-14 08:50:03+00:00
2026-06-14T08:51:03+00:00,-49.71,-59.99,-68.29,-55.28,-67.13,-47.13,-48.97,-50.57,-49.69,-45.92,-57.85,-58.29,-57.58,-62.27,-59.02,-46.59,-59.86,2026-06-14 08:51:03+00:00
2026-06-14T08:52:04+00:00,-49.81,-60.09,-68.01,-55.13,-66.08,-47.56,-48.74,-50.45,-49.71,-45.98,-55.30,-58.38,-57.86,-61.82,-59.52,-46.91,-60.81,2026-06-14 08:52:04+00:00
2026-06-14T08:53:04+00:00,-50.18,-59.88,-68.17,-55.37,-66.80,-47.25,-49.18,-50.43,-49.69,-45.82,-57.77,-58.36,-57.76,-61.34,-59.02,-46.86,-60.71,2026-06-14 08:53:04+00:00
2026-06-14T08:54:04+00:00,-50.48,-59.42,-68.39,-53.34,-66.38,-47.53,-48.95,-50.55,-49.64,-45.83,-57.63,-58.53,-57.80,-60.92,-58.80,-47.05,-60.83,2026-06-14 08:54:04+00:00
2026-06-14T08:55:03+00:00,-50.25,-59.79,-68.24,-53.44,-66.63,-47.55,-48.49,-50.49,-51.14,-45.95,-57.59,-58.47,-57.95,-59.75,-59.19,-47.46,-60.76,2026-06-14 08:55:03+00:00
2026-06-14T08:56:03+00:00,-50.20,-59.56,-68.36,-53.55,-66.18,-47.48,-48.75,-50.53,-51.21,-46.16,-57.62,-58.41,-57.76,-58.37,-58.94,-47.86,-60.82,2026-06-14 08:56:03+00:00
2026-06-14T08:57:04+00:00,-50.24,-59.44,-68.40,-52.77,-66.77,-47.47,-48.73,-50.52,-54.10,-46.13,-57.61,-58.49,-57.64,-57.45,-58.77,-48.45,-58.98,2026-06-14 08:57:04+00:00
2026-06-14T08:58:04+00:00,-50.25,-59.86,-67.95,-52.67,-65.89,-47.39,-48.39,-50.55,-53.95,-46.26,-57.55,-58.59,-57.87,-56.74,-58.71,-48.46,-60.67,2026-06-14 08:58:04+00:00
2026-06-14T08:59:04+00:00,-49.96,-59.92,-68.30,-52.90,-67.01,-47.67,-48.68,-50.53,-53.70,-46.12,-57.37,-58.48,-58.02,-56.45,-58.44,-48.53,-61.44,2026-06-14 08:59:04+00:00
2026-06-14T09:00:03+00:00,-49.82,-59.37,-68.06,-53.04,-65.94,-47.34,-48.72,-50.59,-53.02,-46.08,-57.33,-58.39,-57.91,-56.12,-57.98,-48.81,-60.01,2026-06-14 09:00:03+00:00
2026-06-14T09:01:03+00:00,-49.52,-58.57,-68.12,-53.29,-65.64,-46.96,-48.52,-50.57,-52.99,-45.96,-57.62,-58.31,-58.09,-55.90,-58.71,-49.01,-61.29,2026-06-14 09:01:03+00:00
2026-06-14T09:02:04+00:00,-49.21,-58.37,-68.22,-53.41,-66.59,-47.26,-48.63,-50.61,-53.03,-46.20,-57.41,-58.55,-57.94,-56.05,-58.93,-49.11,-60.86,2026-06-14 09:02:04+00:00
2026-06-14T09:03:04+00:00,-50.14,-57.40,-68.28,-53.78,-66.31,-47.26,-48.76,-50.65,-53.12,-46.14,-57.54,-58.42,-57.91,-56.19,-58.67,-49.36,-61.00,2026-06-14 09:03:04+00:00
2026-06-14T09:04:03+00:00,-49.64,-57.59,-68.92,-53.61,-66.81,-47.01,-48.83,-50.65,-53.17,-46.14,-57.34,-57.97,-57.90,-56.29,-58.61,-49.47,-61.40,2026-06-14 09:04:03+00:00
2026-06-14T09:05:04+00:00,-49.95,-57.70,-68.54,-53.51,-66.95,-47.09,-48.70,-50.61,-53.16,-46.10,-57.44,-59.01,-58.05,-56.39,-58.92,-49.53,-60.04,2026-06-14 09:05:04+00:00
2026-06-14T09:06:03+00:00,-50.03,-57.88,-68.38,-53.20,-66.45,-47.07,-48.55,-50.62,-53.20,-45.84,-57.39,-59.47,-57.86,-56.57,-58.36,-49.46,-61.24,2026-06-14 09:06:03+00:00
2026-06-14T09:07:03+00:00,-49.53,-58.73,-68.71,-53.07,-66.90,-50.79,-48.63,-50.65,-53.09,-46.00,-57.40,-60.13,-58.00,-56.79,-58.15,-49.80,-60.85,2026-06-14 09:07:03+00:00
2026-06-14T09:08:04+00:00,-49.44,-58.48,-68.69,-52.84,-66.15,-50.90,-48.55,-50.53,-53.12,-45.85,-57.33,-60.91,-57.93,-56.52,-58.69,-49.72,-60.11,2026-06-14 09:08:04+00:00
2026-06-14T09:09:04+00:00,-49.58,-58.43,-68.40,-52.32,-66.55,-50.95,-48.69,-50.57,-53.22,-45.89,-57.26,-61.27,-57.69,-56.66,-57.81,-49.81,-61.12,2026-06-14 09:09:04+00:00
2026-06-14T09:10:04+00:00,-49.63,-58.79,-69.08,-52.43,-66.80,-51.13,-48.79,-50.58,-53.28,-45.96,-57.61,-61.96,-57.82,-56.51,-58.10,-49.94,-60.89,2026-06-14 09:10:04+00:00
2026-06-14T09:11:03+00:00,-49.51,-59.12,-68.92,-52.75,-66.61,-50.85,-48.89,-50.56,-53.28,-45.77,-57.44,-61.99,-57.75,-56.57,-58.18,-50.02,-61.66,2026-06-14 09:11:03+00:00
2026-06-14T09:12:03+00:00,-49.54,-58.23,-69.19,-53.32,-65.49,-51.06,-49.26,-50.57,-53.24,-45.88,-57.27,-62.52,-57.91,-56.59,-58.09,-49.89,-61.47,2026-06-14 09:12:03+00:00
2026-06-14T09:13:04+00:00,-49.90,-58.30,-69.49,-52.91,-66.15,-50.83,-48.79,-50.56,-53.30,-45.98,-57.52,-62.94,-57.89,-56.57,-58.64,-49.78,-61.08,2026-06-14 09:13:04+00:00
2026-06-14T09:14:04+00:00,-50.71,-59.50,-69.37,-52.91,-66.64,-51.12,-48.81,-50.51,-53.98,-45.83,-57.35,-62.78,-57.82,-56.90,-58.94,-49.52,-57.31,2026-06-14 09:14:04+00:00
2026-06-14T09:15:03+00:00,-50.63,-59.16,-69.32,-52.81,-66.06,-50.96,-48.78,-50.51,-55.99,-46.01,-57.31,-63.06,-57.69,-57.02,-58.14,-49.74,-59.85,2026-06-14 09:15:03+00:00
2026-06-14T09:16:03+00:00,-50.40,-58.03,-69.16,-53.61,-65.63,-50.96,-48.85,-50.53,-56.25,-46.05,-57.45,-63.07,-57.66,-57.09,-58.04,-50.09,-61.04,2026-06-14 09:16:03+00:00
2026-06-14T09:17:04+00:00,-48.46,-58.26,-68.48,-53.93,-66.68,-51.06,-49.00,-50.43,-55.48,-46.11,-57.06,-62.72,-57.84,-57.31,-58.30,-50.06,-59.56,2026-06-14 09:17:04+00:00
2026-06-14T09:18:04+00:00,-48.38,-58.19,-69.22,-53.48,-66.76,-50.92,-48.53,-50.49,-55.60,-46.05,-57.25,-62.49,-57.70,-57.49,-58.01,-50.31,-60.55,2026-06-14 09:18:04+00:00
2026-06-14T09:19:04+00:00,-48.49,-58.23,-68.03,-53.08,-66.72,-51.20,-48.55,-50.61,-55.41,-46.23,-57.19,-61.88,-57.67,-57.61,-58.07,-50.18,-60.12,2026-06-14 09:19:04+00:00
2026-06-14T09:20:03+00:00,-48.31,-58.71,-68.84,-53.20,-66.26,-51.04,-48.67,-50.67,-55.37,-46.22,-57.03,-61.76,-57.76,-57.46,-57.82,-50.35,-60.47,2026-06-14 09:20:03+00:00
2026-06-14T09:21:03+00:00,-48.00,-58.61,-68.88,-53.66,-66.19,-50.94,-48.68,-50.60,-55.19,-46.17,-57.07,-61.62,-57.66,-57.57,-52.90,-50.34,-59.61,2026-06-14 09:21:03+00:00
2026-06-14T09:22:04+00:00,-47.51,-57.50,-70.70,-54.05,-67.09,-51.20,-48.84,-50.50,-55.43,-46.22,-57.39,-69.62,-57.90,-57.66,-58.07,-50.65,-60.12,2026-06-14 09:22:04+00:00
2026-06-14T09:23:04+00:00,-48.29,-57.86,-70.79,-53.69,-65.92,-51.10,-48.80,-50.51,-55.72,-46.13,-57.10,-69.55,-57.77,-57.12,-58.03,-50.73,-60.16,2026-06-14 09:23:04+00:00
2026-06-14T09:24:04+00:00,-48.25,-57.65,-70.58,-53.54,-66.50,-51.23,-48.42,-50.55,-55.39,-46.20,-57.28,-69.54,-57.68,-57.08,-57.57,-50.48,-59.99,2026-06-14 09:24:04+00:00
2026-06-14T09:25:03+00:00,-48.24,-57.77,-70.12,-54.13,-65.84,-51.11,-49.12,-50.52,-51.79,-46.20,-57.19,-67.07,-57.65,-57.01,-58.04,-51.01,-59.51,2026-06-14 09:25:03+00:00
2026-06-14T09:26:03+00:00,-48.39,-58.00,-70.19,-54.17,-66.67,-50.23,-48.74,-50.53,-51.83,-46.18,-57.39,-69.52,-57.71,-56.92,-57.63,-50.48,-60.60,2026-06-14 09:26:03+00:00
2026-06-14T09:27:04+00:00,-48.22,-57.81,-70.35,-54.41,-65.97,-49.67,-48.60,-50.56,-49.79,-46.28,-57.51,-69.54,-57.74,-56.68,-57.96,-51.00,-53.08,2026-06-14 09:27:04+00:00
2026-06-14T09:28:04+00:00,-48.18,-58.57,-70.27,-54.07,-66.80,-46.68,-48.86,-50.50,-49.79,-46.13,-57.34,-69.35,-57.79,-56.37,-57.73,-50.56,-53.03,2026-06-14 09:28:04+00:00
2026-06-14T09:29:04+00:00,-48.01,-57.94,-70.09,-54.01,-66.57,-46.20,-48.83,-50.51,-49.56,-46.17,-57.38,-68.47,-57.96,-56.03,-58.30,-50.97,-53.23,2026-06-14 09:29:04+00:00
2026-06-14T09:30:03+00:00,-48.06,-58.53,-70.26,-54.41,-65.93,-45.85,-48.49,-50.53,-49.46,-46.09,-57.33,-68.39,-57.89,-55.82,-58.68,-50.98,-53.22,2026-06-14 09:30:03+00:00
2026-06-14T09:31:03+00:00,-48.36,-58.58,-69.65,-54.79,-67.13,-45.77,-49.13,-50.48,-49.25,-46.22,-57.23,-68.60,-57.82,-55.45,-58.60,-50.94,-53.03,2026-06-14 09:31:03+00:00
2026-06-14T09:32:03+00:00,-49.58,-57.83,-69.96,-54.41,-65.73,-45.68,-48.93,-50.43,-49.50,-46.20,-57.36,-68.71,-57.66,-55.29,-58.53,-50.86,-53.13,2026-06-14 09:32:03+00:00
2026-06-14T09:33:04+00:00,-49.64,-58.70,-69.97,-54.62,-67.08,-45.46,-48.88,-50.48,-49.52,-46.09,-57.37,-68.81,-57.73,-55.24,-58.39,-50.53,-53.18,2026-06-14 09:33:04+00:00
2026-06-14T09:34:04+00:00,-49.96,-59.06,-70.14,-54.48,-65.82,-45.20,-48.61,-50.51,-49.42,-45.99,-57.47,-68.58,-57.70,-55.22,-58.36,-50.63,-53.20,2026-06-14 09:34:04+00:00
2026-06-14T09:35:04+00:00,-49.39,-58.69,-69.65,-54.34,-66.46,-45.26,-49.05,-50.53,-49.48,-46.10,-57.38,-68.55,-57.68,-55.04,-58.58,-50.46,-52.90,2026-06-14 09:35:04+00:00
2026-06-14T09:36:04+00:00,-49.86,-57.70,-69.59,-54.91,-65.84,-45.22,-48.74,-50.47,-49.47,-46.01,-57.27,-68.97,-57.83,-55.15,-58.00,-50.54,-54.73,2026-06-14 09:36:04+00:00
2026-06-14T09:37:04+00:00,-49.69,-58.21,-69.89,-54.77,-66.32,-45.09,-48.62,-50.48,-49.40,-46.19,-57.28,-68.46,-57.69,-55.19,-58.76,-50.33,-53.26,2026-06-14 09:37:04+00:00
2026-06-14T09:38:04+00:00,-49.89,-58.30,-70.12,-54.92,-66.68,-45.14,-48.90,-50.49,-49.43,-46.04,-57.45,-68.58,-57.90,-55.34,-58.09,-50.20,-53.14,2026-06-14 09:38:04+00:00
2026-06-14T09:39:03+00:00,-50.65,-58.50,-70.05,-55.41,-66.52,-44.86,-48.64,-50.49,-49.42,-46.15,-57.14,-68.61,-57.86,-55.31,-58.13,-50.08,-53.31,2026-06-14 09:39:03+00:00
2026-06-14T09:40:03+00:00,-49.77,-57.97,-69.76,-55.85,-66.59,-44.96,-48.77,-50.43,-51.22,-46.21,-57.40,-68.72,-57.86,-55.32,-58.25,-50.17,-53.16,2026-06-14 09:40:03+00:00
2026-06-14T09:41:04+00:00,-50.22,-58.46,-69.92,-55.08,-65.98,-45.22,-48.43,-50.49,-51.25,-46.36,-57.30,-68.82,-58.01,-55.27,-58.29,-50.07,-60.45,2026-06-14 09:41:04+00:00
2026-06-14T09:42:04+00:00,-50.07,-58.71,-69.23,-55.16,-65.88,-44.88,-48.56,-50.52,-54.25,-46.65,-57.04,-68.42,-57.72,-55.13,-58.47,-50.25,-58.28,2026-06-14 09:42:04+00:00
2026-06-14T09:43:03+00:00,-50.43,-58.68,-69.32,-55.14,-66.36,-45.01,-48.84,-50.51,-54.22,-46.61,-57.15,-68.59,-57.83,-55.24,-58.53,-50.00,-57.41,2026-06-14 09:43:03+00:00
2026-06-14T09:44:03+00:00,-50.26,-58.98,-69.76,-55.20,-66.26,-45.19,-48.96,-50.50,-54.79,-46.68,-57.18,-68.44,-57.71,-55.24,-58.62,-50.13,-60.48,2026-06-14 09:44:03+00:00
2026-06-14T09:45:03+00:00,-49.88,-58.34,-68.85,-55.84,-66.29,-44.99,-49.19,-50.45,-53.48,-46.72,-57.28,-68.49,-57.74,-55.06,-58.51,-50.17,-60.26,2026-06-14 09:45:03+00:00
2026-06-14T09:46:04+00:00,-49.82,-58.48,-69.52,-55.80,-66.14,-45.02,-48.95,-50.57,-53.61,-46.77,-57.14,-68.63,-57.69,-55.18,-58.27,-50.35,-59.67,2026-06-14 09:46:04+00:00
2026-06-14T09:47:04+00:00,-49.71,-57.10,-59.11,-55.92,-66.22,-44.92,-49.16,-50.56,-53.60,-46.55,-57.20,-68.47,-57.73,-55.21,-58.25,-50.46,-60.18,2026-06-14 09:47:04+00:00
2026-06-14T09:48:03+00:00,-49.12,-57.38,-58.03,-55.63,-66.72,-44.86,-49.11,-50.54,-53.56,-46.54,-57.12,-68.17,-57.56,-55.66,-58.37,-50.06,-60.56,2026-06-14 09:48:03+00:00
2026-06-14T09:49:03+00:00,-49.74,-58.14,-68.95,-55.62,-66.72,-44.75,-49.21,-50.52,-53.68,-46.46,-57.08,-67.68,-57.62,-55.77,-58.24,-50.38,-60.56,2026-06-14 09:49:03+00:00
2026-06-14T09:50:04+00:00,-50.91,-57.51,-69.21,-55.80,-66.64,-44.68,-49.07,-50.58,-54.17,-46.52,-56.97,-67.87,-57.59,-55.99,-58.76,-50.24,-60.58,2026-06-14 09:50:04+00:00
2026-06-14T09:51:04+00:00,-50.55,-59.20,-69.26,-55.55,-66.59,-44.77,-48.76,-50.50,-54.02,-46.56,-56.30,-67.75,-57.72,-56.17,-58.82,-50.02,-59.37,2026-06-14 09:51:04+00:00
2026-06-14T09:52:04+00:00,-50.69,-58.81,-69.85,-55.46,-65.85,-44.53,-49.00,-50.48,-53.90,-46.56,-57.04,-68.05,-57.74,-56.08,-58.43,-50.16,-60.25,2026-06-14 09:52:04+00:00
2026-06-14T09:53:03+00:00,-50.71,-58.33,-69.61,-56.16,-66.00,-44.84,-48.77,-50.43,-53.96,-46.48,-57.12,-68.05,-57.70,-56.21,-58.43,-49.98,-60.43,2026-06-14 09:53:03+00:00
2026-06-14T09:54:03+00:00,-50.09,-58.58,-68.99,-56.94,-66.68,-44.81,-48.86,-50.44,-54.12,-46.45,-56.93,-65.54,-57.61,-56.28,-58.34,-50.37,-60.25,2026-06-14 09:54:03+00:00
2026-06-14T09:55:04+00:00,-49.77,-57.97,-68.84,-56.83,-65.80,-44.65,-48.57,-50.41,-53.92,-46.41,-57.18,-67.79,-57.72,-56.44,-58.13,-50.26,-60.28,2026-06-14 09:55:04+00:00
2026-06-14T09:56:04+00:00,-50.50,-58.52,-69.28,-56.83,-66.86,-44.77,-48.77,-50.34,-53.85,-46.57,-55.03,-67.69,-57.60,-56.44,-58.20,-50.59,-60.29,2026-06-14 09:56:04+00:00
2026-06-14T09:57:04+00:00,-49.47,-57.86,-69.70,-57.16,-66.53,-45.01,-48.87,-50.40,-53.93,-46.49,-56.75,-68.42,-57.63,-56.37,-57.95,-50.76,-60.24,2026-06-14 09:57:04+00:00
2026-06-14T09:58:03+00:00,-49.71,-58.11,-69.18,-56.76,-66.37,-44.95,-48.89,-50.42,-53.92,-46.52,-57.00,-68.11,-57.68,-56.24,-58.27,-51.02,-60.11,2026-06-14 09:58:03+00:00
2026-06-14T09:59:03+00:00,-49.25,-58.10,-68.74,-57.15,-65.94,-44.83,-48.92,-50.41,-54.28,-46.42,-56.91,-68.49,-57.75,-56.26,-59.02,-50.75,-58.67,2026-06-14 09:59:03+00:00
2026-06-14T10:00:03+00:00,-49.46,-58.17,-68.94,-57.38,-67.28,-44.62,-48.79,-50.43,-55.71,-46.44,-56.71,-67.96,-57.57,-56.20,-58.21,-50.90,-59.68,2026-06-14 10:00:03+00:00
2026-06-14T10:01:03+00:00,-50.15,-58.71,-69.25,-57.73,-66.54,-44.45,-49.16,-50.46,-55.79,-46.48,-56.83,-67.86,-57.51,-55.94,-58.29,-51.10,-59.75,2026-06-14 10:01:03+00:00
2026-06-14T10:02:04+00:00,-48.35,-58.84,-69.43,-57.31,-66.57,-44.90,-49.02,-50.43,-55.28,-46.36,-56.75,-68.16,-57.67,-56.13,-58.34,-51.16,-60.06,2026-06-14 10:02:04+00:00
2026-06-14T10:03:04+00:00,-48.19,-57.99,-69.32,-57.06,-65.56,-44.83,-48.94,-50.41,-55.29,-46.23,-56.88,-68.11,-57.60,-56.15,-58.31,-51.18,-57.95,2026-06-14 10:03:04+00:00
2026-06-14T10:04:03+00:00,-48.13,-58.68,-69.36,-57.24,-66.13,-44.83,-48.97,-50.47,-55.23,-46.19,-56.73,-68.33,-57.68,-55.78,-57.96,-51.26,-60.02,2026-06-14 10:04:03+00:00
2026-06-14T10:05:03+00:00,-48.05,-58.70,-68.97,-57.82,-67.48,-44.75,-49.09,-50.45,-55.00,-46.20,-56.59,-67.96,-57.69,-55.61,-58.15,-51.41,-58.67,2026-06-14 10:05:03+00:00
2026-06-14T10:06:03+00:00,-47.77,-57.86,-69.51,-57.41,-66.12,-44.93,-48.70,-50.52,-54.65,-46.09,-56.48,-67.91,-57.70,-55.47,-58.59,-51.43,-60.29,2026-06-14 10:06:03+00:00
2026-06-14T10:07:03+00:00,-47.77,-58.27,-68.18,-57.41,-66.45,-44.79,-48.88,-50.51,-54.51,-46.00,-56.75,-67.49,-57.71,-55.29,-58.84,-51.38,-59.05,2026-06-14 10:07:03+00:00
2026-06-14T10:08:04+00:00,-48.10,-58.59,-68.28,-57.67,-65.64,-44.86,-49.07,-50.48,-54.43,-45.91,-56.56,-67.74,-57.47,-55.14,-58.27,-50.95,-59.97,2026-06-14 10:08:04+00:00
2026-06-14T10:09:04+00:00,-47.91,-58.11,-68.58,-58.23,-66.50,-44.89,-48.42,-50.46,-54.57,-45.91,-56.64,-67.48,-57.60,-55.25,-58.19,-51.25,-58.82,2026-06-14 10:09:04+00:00
2026-06-14T10:10:04+00:00,-47.91,-59.29,-67.72,-57.73,-66.52,-45.07,-49.02,-50.51,-51.41,-45.79,-56.37,-66.96,-57.26,-55.15,-58.08,-51.08,-59.44,2026-06-14 10:10:04+00:00
2026-06-14T10:11:03+00:00,-48.07,-58.69,-69.05,-57.94,-67.68,-45.09,-48.26,-50.56,-51.50,-45.99,-56.56,-67.76,-57.38,-55.02,-58.38,-51.28,-60.61,2026-06-14 10:11:03+00:00
2026-06-14T10:12:03+00:00,-48.29,-58.49,-68.81,-58.12,-66.28,-45.09,-48.91,-50.38,-49.61,-46.00,-56.05,-67.43,-57.01,-54.91,-58.02,-51.29,-60.31,2026-06-14 10:12:03+00:00
2026-06-14T10:13:04+00:00,-48.24,-57.78,-68.26,-58.29,-66.80,-45.15,-48.38,-50.47,-49.56,-46.15,-56.43,-67.11,-57.19,-55.00,-58.39,-51.27,-60.16,2026-06-14 10:13:04+00:00
2026-06-14T10:14:04+00:00,-47.96,-58.54,-67.57,-57.71,-66.79,-45.03,-48.70,-50.46,-49.27,-46.01,-56.66,-66.90,-56.81,-55.21,-58.45,-51.30,-59.92,2026-06-14 10:14:04+00:00
2026-06-14T10:15:04+00:00,-47.88,-58.90,-68.30,-57.95,-66.19,-45.16,-48.67,-50.42,-49.30,-46.04,-56.50,-66.93,-57.06,-55.07,-58.03,-50.94,-60.42,2026-06-14 10:15:04+00:00
2026-06-14T10:16:03+00:00,-47.23,-58.25,-67.75,-58.00,-66.61,-45.38,-48.87,-50.41,-49.21,-46.04,-55.92,-66.46,-56.96,-55.05,-58.38,-51.26,-60.11,2026-06-14 10:16:03+00:00
2026-06-14T10:17:03+00:00,-50.13,-58.39,-67.31,-58.03,-66.80,-45.59,-48.82,-50.42,-49.40,-46.07,-56.29,-66.87,-57.21,-55.30,-58.38,-51.11,-60.39,2026-06-14 10:17:03+00:00
2026-06-14T10:18:04+00:00,-50.06,-57.75,-67.72,-57.91,-66.32,-45.82,-48.66,-50.38,-49.40,-46.13,-56.54,-66.73,-57.46,-55.08,-58.36,-50.93,-59.96,2026-06-14 10:18:04+00:00
2026-06-14T10:19:04+00:00,-49.76,-58.35,-67.83,-58.16,-67.41,-45.76,-49.09,-50.28,-49.36,-46.25,-56.55,-66.67,-57.78,-55.30,-58.33,-51.04,-60.36,2026-06-14 10:19:04+00:00
2026-06-14T10:20:03+00:00,-50.03,-58.58,-67.44,-57.65,-65.99,-45.73,-48.76,-50.23,-49.37,-46.35,-56.25,-66.59,-57.76,-55.34,-58.16,-50.95,-59.97,2026-06-14 10:20:03+00:00
2026-06-14T10:21:03+00:00,-49.71,-58.94,-68.37,-57.82,-66.37,-45.82,-48.74,-50.27,-49.34,-46.35,-56.64,-67.66,-57.96,-55.53,-58.16,-51.31,-59.87,2026-06-14 10:21:03+00:00
2026-06-14T10:22:03+00:00,-50.27,-58.53,-67.68,-57.81,-66.27,-45.66,-49.02,-50.33,-49.35,-46.19,-56.59,-66.65,-57.86,-55.75,-58.26,-50.93,-60.22,2026-06-14 10:22:03+00:00
2026-06-14T10:23:04+00:00,-50.61,-58.42,-67.93,-58.08,-65.90,-45.80,-48.48,-50.33,-49.29,-46.32,-56.36,-66.60,-58.02,-55.78,-58.15,-51.66,-59.98,2026-06-14 10:23:04+00:00
2026-06-14T10:24:04+00:00,-50.85,-59.30,-67.88,-58.15,-65.81,-45.80,-48.74,-50.25,-49.25,-46.35,-56.39,-66.49,-57.79,-55.65,-58.23,-51.52,-60.23,2026-06-14 10:24:04+00:00
2026-06-14T10:25:03+00:00,-50.43,-59.06,-67.57,-57.80,-66.29,-45.70,-48.96,-50.37,-50.99,-46.34,-56.31,-67.36,-58.06,-55.87,-58.34,-51.85,-60.12,2026-06-14 10:25:03+00:00
2026-06-14T10:26:03+00:00,-50.58,-59.86,-68.49,-57.54,-66.86,-45.86,-49.17,-50.37,-50.84,-46.43,-55.71,-67.53,-58.27,-55.87,-58.74,-51.91,-60.21,2026-06-14 10:26:03+00:00
2026-06-14T10:27:03+00:00,-50.46,-59.86,-68.14,-57.61,-65.95,-45.80,-48.46,-50.39,-53.93,-46.20,-56.47,-67.98,-57.82,-56.00,-58.39,-51.96,-60.34,2026-06-14 10:27:03+00:00
2026-06-14T10:28:04+00:00,-50.54,-59.04,-67.31,-57.33,-65.66,-45.69,-48.91,-50.29,-53.90,-46.37,-55.27,-67.17,-57.98,-55.62,-58.51,-52.13,-60.08,2026-06-14 10:28:04+00:00
2026-06-14T10:29:04+00:00,-50.75,-59.76,-68.71,-57.76,-66.73,-45.83,-48.94,-50.39,-54.93,-46.28,-56.48,-67.81,-58.12,-55.81,-58.71,-52.18,-60.38,2026-06-14 10:29:04+00:00
2026-06-14T10:30:04+00:00,-50.50,-59.30,-68.90,-57.98,-65.52,-45.63,-48.82,-50.40,-53.55,-46.37,-56.16,-67.68,-58.25,-55.45,-58.43,-52.06,-59.65,2026-06-14 10:30:04+00:00
2026-06-14T10:31:04+00:00,-50.27,-59.67,-68.72,-57.70,-66.80,-45.36,-49.14,-50.39,-53.62,-46.27,-56.03,-67.58,-58.31,-55.21,-58.47,-52.58,-60.21,2026-06-14 10:31:04+00:00
2026-06-14T10:32:03+00:00,-50.31,-59.79,-68.96,-57.71,-65.74,-45.46,-48.97,-50.33,-53.50,-46.36,-56.04,-67.94,-58.37,-55.17,-58.66,-52.56,-60.40,2026-06-14 10:32:03+00:00
2026-06-14T10:33:03+00:00,-49.65,-58.74,-67.83,-57.91,-66.52,-45.49,-48.95,-50.38,-53.45,-46.66,-55.99,-67.06,-58.42,-55.23,-58.52,-52.66,-60.49,2026-06-14 10:33:03+00:00
2026-06-14T10:34:04+00:00,-50.29,-58.88,-67.76,-57.74,-66.41,-45.12,-49.12,-50.34,-53.66,-46.42,-56.02,-66.51,-58.50,-55.09,-58.31,-53.01,-54.78,2026-06-14 10:34:04+00:00
2026-06-14T10:35:04+00:00,-49.96,-59.12,-67.67,-57.58,-66.77,-45.29,-49.19,-50.37,-53.48,-46.44,-56.24,-66.23,-58.30,-54.99,-58.15,-52.84,-54.82,2026-06-14 10:35:04+00:00
2026-06-14T10:36:04+00:00,-50.39,-59.43,-67.52,-57.92,-65.92,-45.25,-49.07,-50.36,-53.57,-46.56,-55.93,-66.42,-58.26,-55.30,-58.71,-52.58,-54.81,2026-06-14 10:36:04+00:00
2026-06-14T10:37:04+00:00,-50.96,-59.45,-67.35,-57.94,-65.70,-45.31,-48.53,-50.41,-53.69,-46.49,-56.07,-66.59,-58.26,-55.17,-58.56,-52.90,-54.91,2026-06-14 10:37:04+00:00
2026-06-14T10:38:03+00:00,-50.57,-59.71,-68.15,-57.74,-66.34,-45.37,-49.03,-50.35,-53.44,-46.53,-55.95,-65.41,-58.31,-55.27,-58.61,-52.54,-54.78,2026-06-14 10:38:03+00:00
2026-06-14T10:39:03+00:00,-50.44,-59.51,-68.37,-57.42,-66.08,-45.29,-48.95,-50.42,-53.52,-46.65,-56.08,-64.97,-58.22,-55.51,-58.24,-53.21,-54.72,2026-06-14 10:39:03+00:00
2026-06-14T10:40:04+00:00,-50.55,-59.30,-68.35,-57.66,-66.41,-45.30,-48.80,-50.35,-53.71,-46.42,-55.93,-65.06,-58.25,-55.38,-58.18,-52.72,-55.53,2026-06-14 10:40:04+00:00
2026-06-14T10:41:04+00:00,-49.99,-59.76,-68.25,-57.81,-66.57,-45.18,-48.97,-50.36,-53.40,-46.54,-55.89,-65.32,-58.26,-55.63,-58.45,-53.03,-55.57,2026-06-14 10:41:04+00:00
2026-06-14T10:42:04+00:00,-50.22,-59.45,-68.06,-57.69,-66.07,-45.25,-48.84,-50.36,-52.97,-46.58,-54.95,-65.31,-58.05,-55.27,-58.29,-52.70,-55.28,2026-06-14 10:42:04+00:00
2026-06-14T10:43:03+00:00,-50.57,-59.22,-67.96,-57.65,-66.25,-45.29,-49.35,-50.34,-53.19,-46.54,-55.90,-65.32,-58.19,-55.45,-58.58,-53.12,-54.64,2026-06-14 10:43:03+00:00
2026-06-14T10:44:03+00:00,-50.60,-60.01,-67.54,-57.73,-67.43,-45.35,-49.23,-50.37,-53.41,-46.35,-55.74,-65.02,-58.13,-55.10,-58.18,-53.01,-55.29,2026-06-14 10:44:03+00:00
2026-06-14T10:45:04+00:00,-50.58,-59.94,-68.81,-57.84,-66.78,-45.05,-49.45,-50.37,-54.31,-46.34,-55.08,-68.06,-58.11,-55.29,-57.68,-53.10,-55.63,2026-06-14 10:45:04+00:00
2026-06-14T10:46:04+00:00,-50.35,-59.30,-69.07,-58.09,-66.22,-45.30,-48.78,-50.41,-54.38,-46.49,-54.41,-67.66,-58.04,-55.01,-58.17,-53.63,-59.88,2026-06-14 10:46:04+00:00
2026-06-14T10:47:04+00:00,-48.50,-60.13,-69.17,-58.00,-66.09,-45.08,-49.30,-50.37,-54.53,-46.48,-54.65,-66.97,-57.92,-54.88,-58.29,-53.36,-59.88,2026-06-14 10:47:04+00:00
2026-06-14T10:48:03+00:00,-48.63,-57.53,-68.88,-57.74,-67.17,-45.29,-48.98,-50.46,-54.48,-46.56,-54.63,-67.62,-58.05,-54.68,-58.34,-54.04,-59.69,2026-06-14 10:48:03+00:00
2026-06-14T10:49:03+00:00,-48.46,-58.66,-68.79,-57.46,-66.48,-45.06,-48.56,-50.40,-54.50,-46.49,-54.67,-67.28,-57.93,-54.67,-58.37,-54.45,-60.49,2026-06-14 10:49:03+00:00
2026-06-14T10:50:04+00:00,-48.54,-59.58,-69.02,-57.66,-65.66,-45.17,-49.21,-50.45,-54.69,-46.41,-54.78,-67.79,-57.98,-54.69,-58.46,-55.31,-60.30,2026-06-14 10:50:04+00:00
2026-06-14T10:51:04+00:00,-48.62,-59.02,-68.95,-57.78,-66.07,-45.16,-49.12,-50.37,-54.83,-46.48,-54.81,-68.15,-58.06,-54.83,-58.52,-55.28,-60.32,2026-06-14 10:51:04+00:00
2026-06-14T10:52:04+00:00,-48.21,-58.59,-67.81,-58.05,-66.16,-44.87,-49.17,-50.42,-55.14,-46.61,-54.65,-67.01,-57.96,-55.19,-58.77,-55.96,-60.33,2026-06-14 10:52:04+00:00
2026-06-14T10:53:03+00:00,-47.67,-58.77,-65.89,-58.11,-66.03,-45.36,-49.11,-50.42,-54.71,-46.50,-54.32,-66.37,-58.01,-55.25,-58.88,-56.45,-58.63,2026-06-14 10:53:03+00:00
2026-06-14T10:54:03+00:00,-48.03,-58.82,-66.07,-57.98,-66.97,-45.08,-48.94,-50.34,-54.83,-46.54,-54.38,-67.02,-58.14,-55.68,-58.86,-56.98,-59.70,2026-06-14 10:54:03+00:00
2026-06-14T10:55:04+00:00,-47.96,-58.80,-67.16,-58.01,-65.83,-45.06,-49.39,-50.35,-51.93,-46.52,-54.63,-67.04,-58.13,-55.30,-58.85,-57.33,-60.00,2026-06-14 10:55:04+00:00
2026-06-14T10:56:04+00:00,-48.08,-58.99,-67.40,-58.16,-66.31,-45.16,-49.19,-50.26,-51.60,-46.52,-54.52,-67.34,-58.15,-55.35,-58.10,-58.21,-60.16,2026-06-14 10:56:04+00:00
2026-06-14T10:57:04+00:00,-48.58,-58.72,-66.10,-58.75,-66.45,-45.35,-48.78,-50.33,-49.82,-46.59,-54.61,-66.88,-58.21,-55.23,-58.15,-57.87,-60.24,2026-06-14 10:57:04+00:00
2026-06-14T10:58:03+00:00,-48.78,-58.71,-66.80,-59.02,-65.63,-44.95,-49.36,-50.46,-49.87,-46.52,-54.52,-65.43,-58.15,-55.22,-58.99,-58.77,-60.47,2026-06-14 10:58:03+00:00
2026-06-14T10:59:03+00:00,-48.34,-58.48,-68.40,-58.61,-66.66,-45.11,-48.92,-50.33,-49.39,-46.38,-54.40,-67.84,-58.01,-55.27,-58.48,-58.40,-59.91,2026-06-14 10:59:03+00:00
2026-06-14T11:00:04+00:00,-48.69,-59.25,-58.06,-58.04,-66.26,-45.20,-48.80,-50.29,-49.36,-46.28,-54.38,-64.58,-58.08,-55.07,-58.10,-58.39,-59.45,2026-06-14 11:00:04+00:00
2026-06-14T11:01:04+00:00,-48.32,-59.39,-68.25,-58.16,-66.01,-45.15,-49.15,-50.27,-49.48,-46.53,-54.32,-65.89,-58.22,-55.26,-52.78,-58.23,-59.53,2026-06-14 11:01:04+00:00
2026-06-14T11:02:03+00:00,-50.20,-59.41,-68.47,-58.09,-66.91,-45.38,-49.28,-50.31,-49.65,-46.51,-54.57,-62.61,-58.19,-55.06,-58.41,-58.33,-59.49,2026-06-14 11:02:03+00:00
2026-06-14T11:03:04+00:00,-49.51,-58.99,-68.38,-58.13,-66.38,-45.15,-48.84,-50.29,-49.59,-46.48,-54.50,-66.54,-58.24,-55.11,-58.07,-58.36,-57.63,2026-06-14 11:03:04+00:00
2026-06-14T11:04:04+00:00,-50.55,-58.82,-68.14,-58.41,-66.01,-45.34,-49.04,-50.35,-49.59,-46.60,-54.15,-67.62,-58.15,-55.21,-58.61,-58.89,-60.30,2026-06-14 11:04:04+00:00
2026-06-14T11:05:03+00:00,-50.48,-59.14,-66.14,-58.15,-66.32,-45.43,-48.84,-50.38,-49.65,-46.55,-54.32,-65.80,-58.27,-55.67,-58.31,-58.64,-57.56,2026-06-14 11:05:03+00:00
2026-06-14T11:06:04+00:00,-50.35,-58.69,-66.35,-58.34,-66.13,-45.30,-49.21,-50.35,-49.64,-46.48,-54.17,-66.07,-58.12,-55.64,-58.10,-59.07,-60.04,2026-06-14 11:06:04+00:00
2026-06-14T11:07:03+00:00,-50.12,-59.03,-66.70,-58.22,-67.10,-45.32,-48.97,-50.35,-49.56,-46.57,-54.17,-66.02,-58.29,-55.90,-57.86,-58.89,-60.46,2026-06-14 11:07:03+00:00
2026-06-14T11:08:03+00:00,-50.63,-59.44,-67.54,-58.40,-66.42,-45.33,-49.20,-50.39,-49.71,-46.58,-54.30,-66.86,-58.17,-55.71,-58.61,-59.13,-60.63,2026-06-14 11:08:03+00:00
2026-06-14T11:09:04+00:00,-50.49,-60.05,-68.30,-58.07,-65.99,-45.54,-49.08,-50.49,-49.66,-46.40,-54.08,-65.73,-58.27,-56.13,-58.51,-58.71,-60.60,2026-06-14 11:09:04+00:00
2026-06-14T11:10:04+00:00,-50.45,-59.68,-67.60,-58.85,-65.89,-45.42,-48.99,-50.48,-51.32,-46.37,-54.19,-65.78,-58.28,-56.25,-58.55,-58.56,-60.33,2026-06-14 11:10:04+00:00
2026-06-14T11:11:04+00:00,-50.77,-58.79,-66.90,-58.43,-66.90,-45.02,-49.14,-50.41,-51.69,-46.49,-54.04,-64.86,-58.02,-56.09,-58.48,-58.52,-60.25,2026-06-14 11:11:04+00:00
2026-06-14T11:12:03+00:00,-50.37,-58.06,-67.00,-58.56,-65.62,-45.38,-48.90,-50.35,-55.27,-46.29,-54.25,-66.56,-58.29,-56.11,-58.20,-58.11,-59.78,2026-06-14 11:12:03+00:00
2026-06-14T11:13:03+00:00,-50.01,-58.33,-69.22,-58.16,-67.04,-45.39,-49.06,-50.43,-55.03,-46.37,-53.96,-68.20,-58.24,-56.18,-58.26,-58.00,-59.87,2026-06-14 11:13:03+00:00
2026-06-14T11:14:04+00:00,-50.37,-58.79,-69.78,-57.88,-66.21,-45.29,-49.04,-50.35,-55.18,-46.18,-53.78,-68.61,-58.27,-56.01,-58.55,-57.45,-60.00,2026-06-14 11:14:04+00:00
2026-06-14T11:15:04+00:00,-50.14,-58.28,-69.40,-58.43,-65.89,-45.41,-48.77,-50.23,-53.54,-46.29,-54.11,-67.83,-58.20,-55.95,-58.69,-57.68,-60.19,2026-06-14 11:15:04+00:00
2026-06-14T11:16:03+00:00,-50.16,-59.07,-68.96,-58.10,-65.96,-45.32,-48.45,-50.27,-54.37,-46.29,-54.14,-68.26,-58.25,-55.60,-58.84,-57.50,-58.02,2026-06-14 11:16:03+00:00
2026-06-14T11:17:03+00:00,-50.49,-59.10,-67.82,-58.25,-66.28,-45.41,-48.92,-50.30,-54.52,-46.24,-53.97,-67.89,-58.39,-55.51,-59.11,-57.91,-60.35,2026-06-14 11:17:03+00:00
2026-06-14T11:18:04+00:00,-50.23,-58.55,-69.70,-58.26,-66.55,-45.26,-48.78,-50.34,-53.27,-46.35,-54.16,-68.47,-58.28,-55.14,-58.87,-57.48,-58.62,2026-06-14 11:18:04+00:00
2026-06-14T11:19:04+00:00,-50.23,-58.48,-69.26,-58.49,-67.04,-45.21,-48.84,-50.24,-53.19,-46.40,-53.82,-68.26,-58.30,-54.81,-58.58,-57.47,-59.67,2026-06-14 11:19:04+00:00
2026-06-14T11:20:04+00:00,-50.16,-57.71,-69.29,-58.68,-66.26,-45.34,-48.71,-50.29,-53.37,-46.31,-54.13,-68.41,-58.31,-54.30,-58.52,-57.44,-59.80,2026-06-14 11:20:04+00:00
2026-06-14T11:21:03+00:00,-49.85,-58.35,-69.67,-58.33,-66.56,-45.26,-48.85,-50.26,-53.35,-46.22,-54.01,-68.61,-58.02,-54.00,-58.73,-57.03,-59.95,2026-06-14 11:21:03+00:00
2026-06-14T11:22:03+00:00,-50.46,-59.58,-69.25,-57.91,-66.59,-45.27,-48.78,-50.23,-53.36,-46.22,-53.93,-68.69,-58.37,-53.64,-58.39,-56.52,-59.92,2026-06-14 11:22:03+00:00
2026-06-14T11:23:04+00:00,-50.10,-59.57,-69.28,-58.23,-65.54,-45.14,-48.71,-50.24,-53.75,-46.09,-53.62,-67.56,-58.37,-53.31,-58.73,-56.56,-58.57,2026-06-14 11:23:04+00:00
2026-06-14T11:24:04+00:00,-50.28,-59.53,-69.59,-58.24,-65.92,-45.25,-48.64,-50.19,-52.78,-46.13,-53.97,-68.31,-58.33,-52.89,-58.65,-55.93,-60.30,2026-06-14 11:24:04+00:00
2026-06-14T11:25:04+00:00,-50.41,-59.50,-69.38,-57.78,-66.20,-45.59,-48.99,-50.24,-54.13,-46.20,-53.79,-68.45,-58.23,-52.74,-58.74,-56.32,-60.34,2026-06-14 11:25:04+00:00
2026-06-14T11:26:03+00:00,-50.41,-59.17,-66.93,-58.21,-66.85,-45.64,-48.79,-50.17,-54.28,-46.07,-53.82,-64.67,-58.08,-52.34,-58.65,-56.35,-58.68,2026-06-14 11:26:03+00:00
2026-06-14T11:27:03+00:00,-50.49,-59.03,-69.04,-58.13,-66.10,-45.51,-48.57,-50.21,-54.05,-46.21,-53.93,-68.37,-58.24,-52.18,-58.70,-56.25,-59.88,2026-06-14 11:27:03+00:00
2026-06-14T11:28:04+00:00,-50.46,-58.85,-69.01,-58.00,-66.45,-45.40,-48.71,-50.23,-53.21,-46.21,-53.76,-67.38,-58.17,-51.93,-58.45,-55.54,-59.17,2026-06-14 11:28:04+00:00
2026-06-14T11:29:04+00:00,-50.62,-59.06,-69.35,-58.22,-65.90,-45.58,-48.90,-50.26,-53.90,-46.14,-53.97,-68.42,-58.20,-52.09,-58.58,-55.65,-59.51,2026-06-14 11:29:04+00:00
2026-06-14T11:30:04+00:00,-49.90,-59.74,-69.50,-58.39,-66.05,-45.48,-48.63,-50.38,-54.97,-45.97,-53.89,-68.59,-58.16,-51.79,-58.69,-55.23,-59.26,2026-06-14 11:30:04+00:00
2026-06-14T11:31:04+00:00,-50.22,-59.31,-69.17,-57.83,-65.60,-45.38,-48.80,-50.33,-55.23,-46.00,-53.56,-68.42,-58.09,-51.66,-58.88,-54.92,-59.10,2026-06-14 11:31:04+00:00
2026-06-14T11:32:03+00:00,-48.98,-59.03,-69.27,-57.71,-65.75,-45.53,-48.87,-50.30,-54.70,-45.99,-53.85,-66.86,-58.16,-51.89,-58.66,-55.13,-59.44,2026-06-14 11:32:03+00:00
2026-06-14T11:33:03+00:00,-48.78,-59.53,-65.87,-58.06,-66.19,-45.79,-48.95,-50.24,-54.67,-46.13,-53.87,-60.90,-66.70,-51.97,-58.65,-54.63,-59.69,2026-06-14 11:33:03+00:00
2026-06-14T11:34:04+00:00,-48.67,-58.45,-66.59,-57.88,-66.35,-45.53,-48.64,-50.27,-54.69,-46.01,-53.51,-61.77,-58.25,-51.86,-58.73,-54.75,-59.93,2026-06-14 11:34:04+00:00
2026-06-14T11:35:04+00:00,-48.86,-59.11,-66.37,-58.18,-66.45,-45.54,-48.72,-50.25,-55.08,-45.86,-53.79,-62.23,-58.23,-52.01,-58.64,-54.62,-59.94,2026-06-14 11:35:04+00:00
2026-06-14T11:36:04+00:00,-49.13,-58.87,-64.97,-58.39,-66.04,-45.38,-48.87,-50.21,-54.37,-46.01,-53.70,-61.82,-57.72,-52.19,-58.47,-54.40,-57.97,2026-06-14 11:36:04+00:00
2026-06-14T11:37:04+00:00,-49.07,-59.17,-65.47,-58.31,-65.40,-45.53,-48.78,-50.20,-54.69,-45.99,-53.78,-61.17,-58.04,-52.06,-58.51,-54.25,-59.91,2026-06-14 11:37:04+00:00
2026-06-14T11:38:03+00:00,-48.99,-59.65,-65.69,-58.30,-66.73,-45.70,-48.94,-50.27,-55.12,-46.00,-53.73,-59.72,-57.75,-52.50,-58.69,-54.21,-59.63,2026-06-14 11:38:03+00:00
2026-06-14T11:39:03+00:00,-48.58,-59.38,-65.72,-58.26,-65.77,-45.70,-48.57,-50.23,-54.63,-45.95,-53.65,-60.23,-57.84,-52.27,-59.02,-54.25,-59.96,2026-06-14 11:39:03+00:00
2026-06-14T11:40:04+00:00,-48.15,-58.04,-66.40,-58.04,-66.49,-45.39,-48.65,-50.29,-51.98,-45.97,-53.64,-62.24,-57.90,-52.50,-58.26,-54.10,-60.53,2026-06-14 11:40:04+00:00
2026-06-14T11:41:04+00:00,-48.41,-59.17,-66.58,-57.93,-65.84,-45.56,-48.49,-50.26,-51.87,-45.82,-53.55,-62.56,-57.74,-52.38,-58.29,-53.83,-60.30,2026-06-14 11:41:04+00:00
2026-06-14T11:42:03+00:00,-48.32,-59.43,-66.92,-57.64,-66.78,-45.55,-48.95,-49.97,-49.75,-45.92,-53.09,-63.03,-57.99,-52.49,-57.92,-53.71,-60.10,2026-06-14 11:42:03+00:00
2026-06-14T11:43:03+00:00,-48.11,-59.62,-66.50,-57.81,-66.07,-45.50,-49.10,-49.93,-49.70,-45.87,-52.90,-63.32,-57.97,-52.54,-58.24,-53.11,-59.82,2026-06-14 11:43:03+00:00
2026-06-14T11:44:04+00:00,-48.00,-59.46,-67.32,-57.75,-65.81,-44.89,-49.01,-49.95,-49.41,-45.79,-53.60,-63.15,-58.06,-52.56,-58.31,-52.89,-59.84,2026-06-14 11:44:04+00:00
2026-06-14T11:45:04+00:00,-48.04,-58.47,-66.48,-57.69,-65.97,-44.88,-48.87,-49.87,-49.45,-45.89,-53.89,-61.40,-58.24,-52.42,-58.12,-52.61,-60.66,2026-06-14 11:45:04+00:00
2026-06-14T11:46:04+00:00,-48.03,-58.59,-66.93,-57.81,-65.89,-44.92,-48.76,-49.84,-49.44,-45.92,-53.58,-61.68,-58.01,-52.69,-58.48,-52.44,-60.64,2026-06-14 11:46:04+00:00
2026-06-14T11:47:03+00:00,-49.53,-59.07,-66.72,-57.43,-66.39,-44.80,-48.74,-49.82,-49.55,-45.88,-53.50,-60.92,-58.16,-52.84,-58.45,-52.19,-59.96,2026-06-14 11:47:03+00:00
2026-06-14T11:48:03+00:00,-50.60,-59.45,-67.19,-57.50,-66.13,-44.45,-48.36,-49.90,-49.50,-45.75,-53.60,-60.01,-57.96,-53.21,-58.25,-52.11,-60.29,2026-06-14 11:48:03+00:00
2026-06-14T11:49:03+00:00,-50.11,-58.52,-66.78,-58.06,-65.95,-45.16,-48.86,-49.79,-49.57,-45.70,-53.43,-59.27,-58.06,-53.30,-58.54,-52.12,-59.85,2026-06-14 11:49:03+00:00
2026-06-14T11:50:04+00:00,-49.86,-58.88,-66.98,-57.88,-66.33,-45.22,-48.89,-49.84,-49.51,-45.75,-53.58,-59.76,-58.00,-53.57,-58.94,-51.53,-60.19,2026-06-14 11:50:04+00:00
2026-06-14T11:51:04+00:00,-49.92,-58.34,-66.72,-57.81,-66.12,-45.22,-48.58,-49.83,-49.41,-45.78,-53.76,-58.50,-58.14,-53.83,-58.31,-51.16,-60.27,2026-06-14 11:51:04+00:00
2026-06-14T11:52:03+00:00,-50.16,-58.42,-67.27,-58.18,-67.29,-45.41,-48.66,-49.82,-49.71,-45.87,-53.74,-57.86,-57.85,-53.99,-58.33,-51.30,-59.96,2026-06-14 11:52:03+00:00
2026-06-14T11:53:03+00:00,-49.98,-58.38,-67.45,-57.80,-66.03,-45.25,-48.77,-49.87,-49.75,-45.79,-53.71,-56.65,-57.82,-54.44,-58.15,-50.99,-57.04,2026-06-14 11:53:03+00:00
2026-06-14T11:54:04+00:00,-49.74,-57.18,-67.88,-57.72,-66.50,-45.36,-48.52,-49.77,-50.36,-45.82,-53.32,-57.88,-58.02,-54.68,-58.31,-50.52,-59.72,2026-06-14 11:54:04+00:00
2026-06-14T11:55:04+00:00,-49.83,-58.45,-67.96,-58.03,-65.89,-45.28,-48.88,-49.94,-50.82,-45.81,-53.50,-59.33,-57.82,-54.77,-58.04,-50.71,-59.82,2026-06-14 11:55:04+00:00
2026-06-14T11:56:03+00:00,-50.27,-58.33,-68.99,-57.90,-65.52,-50.80,-48.46,-49.94,-50.95,-45.83,-53.77,-58.76,-58.06,-55.04,-58.02,-50.33,-59.49,2026-06-14 11:56:03+00:00
2026-06-14T11:57:03+00:00,-50.28,-58.32,-68.31,-58.06,-67.73,-50.65,-48.54,-49.99,-53.73,-45.70,-53.52,-59.28,-58.12,-55.09,-58.39,-50.43,-60.37,2026-06-14 11:57:03+00:00
2026-06-14T11:58:03+00:00,-50.04,-57.91,-69.10,-58.15,-66.91,-50.92,-48.94,-49.90,-53.71,-45.81,-53.54,-59.85,-57.84,-54.97,-58.34,-50.69,-60.59,2026-06-14 11:58:03+00:00
2026-06-14T11:59:04+00:00,-50.14,-57.83,-69.09,-57.71,-66.50,-50.82,-48.75,-49.94,-54.39,-45.89,-53.59,-60.55,-57.83,-55.15,-57.81,-50.35,-60.19,2026-06-14 11:59:04+00:00
2026-06-14T12:00:04+00:00,-50.21,-57.95,-68.94,-58.00,-66.26,-50.67,-48.66,-49.93,-53.04,-45.99,-53.50,-60.33,-57.88,-55.20,-58.61,-50.43,-60.02,2026-06-14 12:00:04+00:00
2026-06-14T12:01:04+00:00,-49.83,-58.13,-68.90,-58.21,-66.26,-50.65,-48.91,-50.19,-53.40,-46.11,-53.57,-60.24,-57.73,-55.20,-57.78,-50.34,-60.65,2026-06-14 12:01:04+00:00
2026-06-14T12:02:03+00:00,-50.12,-58.40,-68.65,-58.20,-66.36,-50.74,-48.78,-50.22,-52.83,-46.08,-53.33,-60.30,-57.94,-55.28,-58.10,-50.14,-59.55,2026-06-14 12:02:03+00:00
2026-06-14T12:03:04+00:00,-50.04,-58.71,-68.39,-58.20,-66.72,-50.72,-48.68,-50.13,-52.85,-46.19,-53.43,-60.41,-58.17,-55.18,-58.31,-49.91,-60.34,2026-06-14 12:03:04+00:00
2026-06-14T12:04:04+00:00,-49.58,-58.74,-68.48,-57.64,-66.50,-51.05,-48.94,-50.08,-52.79,-46.19,-53.62,-60.24,-58.22,-55.16,-58.43,-49.89,-60.20,2026-06-14 12:04:04+00:00
2026-06-14T12:05:03+00:00,-50.04,-58.19,-68.30,-58.17,-66.30,-50.68,-48.88,-50.16,-52.84,-46.04,-53.47,-59.80,-58.27,-55.11,-58.43,-50.35,-60.32,2026-06-14 12:05:03+00:00
2026-06-14T12:06:03+00:00,-49.61,-57.95,-68.42,-58.26,-66.17,-50.82,-48.72,-49.86,-52.99,-46.13,-53.52,-60.67,-58.11,-55.02,-58.00,-50.13,-60.06,2026-06-14 12:06:03+00:00
2026-06-14T12:07:04+00:00,-49.77,-57.70,-68.72,-58.21,-67.17,-50.74,-48.85,-49.86,-53.02,-46.04,-53.61,-61.29,-58.22,-55.02,-57.96,-50.02,-60.48,2026-06-14 12:07:04+00:00
2026-06-14T12:08:04+00:00,-49.78,-58.39,-68.87,-58.35,-66.10,-50.94,-48.98,-49.94,-53.12,-46.07,-53.34,-61.58,-58.17,-55.31,-58.21,-49.99,-60.40,2026-06-14 12:08:04+00:00
2026-06-14T12:09:03+00:00,-50.16,-58.14,-69.17,-58.51,-65.95,-50.75,-48.55,-50.14,-52.33,-46.16,-53.39,-61.57,-58.19,-55.54,-58.59,-50.34,-60.86,2026-06-14 12:09:03+00:00
2026-06-14T12:10:03+00:00,-50.22,-58.20,-69.03,-58.73,-66.43,-50.73,-48.86,-50.14,-52.24,-46.00,-53.45,-61.76,-58.21,-55.68,-58.91,-50.54,-60.92,2026-06-14 12:10:03+00:00
2026-06-14T12:11:04+00:00,-49.93,-57.86,-69.04,-58.43,-66.64,-50.71,-48.72,-50.06,-52.96,-45.97,-53.61,-62.19,-58.15,-55.58,-58.37,-50.48,-60.25,2026-06-14 12:11:04+00:00
2026-06-14T12:12:04+00:00,-49.31,-57.69,-68.96,-58.47,-66.17,-50.69,-48.85,-50.11,-53.04,-46.01,-53.67,-62.19,-58.24,-55.93,-58.25,-50.48,-60.65,2026-06-14 12:12:04+00:00
2026-06-14T12:13:03+00:00,-49.36,-57.04,-68.33,-57.98,-66.51,-50.72,-48.69,-50.13,-53.40,-46.14,-53.36,-61.94,-58.11,-56.12,-58.49,-50.43,-60.39,2026-06-14 12:13:03+00:00
2026-06-14T12:14:03+00:00,-50.25,-57.41,-68.78,-58.18,-66.61,-50.77,-48.89,-50.11,-53.67,-46.10,-53.46,-62.29,-58.14,-55.90,-58.58,-50.55,-59.92,2026-06-14 12:14:03+00:00
2026-06-14T12:15:04+00:00,-49.86,-57.41,-68.73,-58.02,-66.87,-50.89,-48.98,-50.04,-56.10,-46.21,-53.39,-62.67,-57.97,-55.88,-58.07,-50.37,-60.13,2026-06-14 12:15:04+00:00
2026-06-14T12:16:04+00:00,-49.31,-57.04,-68.17,-58.19,-66.94,-50.60,-48.72,-50.16,-56.47,-46.03,-53.21,-62.10,-58.01,-55.66,-58.25,-50.40,-59.46,2026-06-14 12:16:04+00:00
2026-06-14T12:17:04+00:00,-47.94,-58.36,-68.55,-58.21,-66.76,-50.82,-48.88,-50.13,-56.12,-46.30,-53.54,-62.26,-58.02,-55.39,-57.81,-50.32,-60.06,2026-06-14 12:17:04+00:00
2026-06-14T12:18:03+00:00,-48.13,-57.44,-68.45,-58.05,-66.48,-50.78,-48.60,-50.08,-55.66,-46.24,-53.17,-62.54,-57.83,-54.85,-58.63,-50.13,-59.99,2026-06-14 12:18:03+00:00
2026-06-14T12:19:03+00:00,-48.16,-57.60,-67.93,-58.43,-66.91,-50.77,-48.95,-49.99,-55.74,-46.29,-52.40,-63.11,-57.84,-54.57,-58.58,-50.12,-60.30,2026-06-14 12:19:03+00:00
2026-06-14T12:20:04+00:00,-48.18,-58.04,-67.26,-58.33,-66.21,-50.75,-48.38,-50.08,-55.54,-46.48,-55.22,-62.47,-57.98,-54.11,-58.45,-50.13,-60.17,2026-06-14 12:20:04+00:00
2026-06-14T12:21:04+00:00,-47.78,-57.05,-66.73,-58.26,-65.49,-50.74,-48.71,-50.09,-55.66,-46.93,-54.95,-62.28,-57.73,-53.76,-58.50,-49.96,-60.20,2026-06-14 12:21:04+00:00
2026-06-14T12:22:03+00:00,-48.33,-57.52,-67.33,-58.42,-66.44,-50.61,-48.84,-50.09,-55.65,-46.80,-55.09,-62.08,-57.74,-53.20,-58.65,-49.83,-58.79,2026-06-14 12:22:03+00:00
2026-06-14T12:23:03+00:00,-47.50,-57.79,-65.37,-58.58,-66.82,-50.56,-48.94,-50.05,-55.60,-46.80,-55.23,-62.53,-58.07,-52.86,-58.94,-49.62,-60.35,2026-06-14 12:23:03+00:00
2026-06-14T12:24:04+00:00,-47.57,-57.71,-65.53,-58.50,-66.57,-50.69,-48.55,-50.04,-52.46,-46.83,-55.35,-63.02,-57.97,-52.60,-58.50,-49.33,-60.25,2026-06-14 12:24:04+00:00
2026-06-14T12:25:04+00:00,-47.46,-57.60,-65.20,-58.44,-66.70,-50.51,-48.88,-50.14,-52.48,-46.84,-55.39,-63.32,-58.03,-52.39,-58.62,-49.25,-60.18,2026-06-14 12:25:04+00:00
2026-06-14T12:26:03+00:00,-47.58,-57.52,-65.78,-58.73,-66.02,-50.32,-48.90,-50.02,-51.33,-46.33,-55.42,-62.15,-58.13,-52.22,-58.73,-48.79,-60.31,2026-06-14 12:26:03+00:00
2026-06-14T12:27:03+00:00,-47.80,-57.30,-64.35,-58.92,-66.73,-50.42,-48.93,-50.01,-49.70,-46.26,-55.23,-63.12,-58.12,-51.99,-58.62,-48.50,-60.33,2026-06-14 12:27:03+00:00
2026-06-14T12:28:04+00:00,-48.13,-57.50,-63.23,-58.81,-67.03,-50.64,-48.67,-49.98,-49.79,-46.35,-55.30,-62.78,-58.09,-51.66,-58.68,-48.46,-60.16,2026-06-14 12:28:04+00:00
2026-06-14T12:29:04+00:00,-47.73,-57.41,-65.63,-58.83,-66.18,-50.68,-48.74,-49.96,-49.43,-46.31,-55.40,-62.45,-58.18,-51.65,-58.60,-48.05,-60.50,2026-06-14 12:29:04+00:00
2026-06-14T12:30:04+00:00,-47.88,-57.72,-63.77,-58.87,-65.97,-50.89,-48.95,-50.03,-49.26,-46.31,-55.43,-63.27,-58.11,-51.60,-58.33,-47.97,-55.93,2026-06-14 12:30:04+00:00
2026-06-14T12:31:04+00:00,-48.39,-58.01,-63.06,-58.56,-65.67,-50.40,-48.93,-50.02,-49.45,-46.41,-55.34,-63.49,-58.25,-51.44,-57.86,-47.89,-60.07,2026-06-14 12:31:04+00:00
2026-06-14T12:32:03+00:00,-49.12,-58.12,-63.20,-58.60,-67.39,-50.10,-48.93,-50.04,-49.69,-46.48,-55.31,-63.81,-58.00,-51.29,-58.25,-47.89,-60.04,2026-06-14 12:32:03+00:00
2026-06-14T12:33:04+00:00,-49.44,-58.19,-63.01,-58.77,-65.79,-50.42,-48.95,-50.00,-49.78,-46.35,-55.17,-62.82,-57.95,-51.22,-59.14,-47.91,-58.51,2026-06-14 12:33:04+00:00
2026-06-14T12:34:04+00:00,-49.47,-57.86,-63.17,-58.58,-66.60,-50.55,-48.91,-50.01,-51.22,-46.33,-55.19,-63.52,-58.13,-51.03,-58.35,-47.78,-60.07,2026-06-14 12:34:04+00:00
2026-06-14T12:35:03+00:00,-49.77,-57.87,-65.36,-58.48,-66.81,-50.89,-48.79,-49.97,-50.35,-46.12,-55.11,-63.37,-58.04,-51.07,-58.34,-47.72,-59.91,2026-06-14 12:35:03+00:00
2026-06-14T12:36:04+00:00,-49.91,-57.34,-66.32,-58.71,-66.21,-50.87,-48.80,-50.18,-50.54,-46.42,-55.04,-61.98,-57.97,-51.12,-58.31,-47.73,-60.36,2026-06-14 12:36:04+00:00
2026-06-14T12:37:03+00:00,-49.03,-57.01,-67.10,-58.86,-66.59,-50.86,-48.93,-49.97,-50.74,-46.34,-55.20,-59.99,-57.89,-50.90,-58.47,-47.90,-59.76,2026-06-14 12:37:03+00:00
2026-06-14T12:38:03+00:00,-48.76,-57.28,-67.34,-58.60,-66.00,-50.58,-49.08,-50.05,-50.98,-46.30,-54.99,-58.24,-58.05,-50.96,-58.48,-47.81,-59.93,2026-06-14 12:38:03+00:00
2026-06-14T12:39:04+00:00,-47.41,-57.85,-68.66,-58.49,-66.46,-50.80,-49.10,-50.10,-51.22,-46.32,-55.16,-59.37,-58.35,-51.32,-58.79,-47.86,-58.13,2026-06-14 12:39:04+00:00
2026-06-14T12:40:04+00:00,-48.44,-57.68,-68.34,-58.51,-66.60,-50.88,-49.14,-50.07,-50.81,-46.40,-55.13,-59.88,-58.12,-51.14,-58.65,-47.69,-60.12,2026-06-14 12:40:04+00:00
2026-06-14T12:41:04+00:00,-48.13,-57.81,-68.68,-58.53,-66.13,-50.91,-48.83,-50.12,-52.71,-46.25,-54.99,-59.28,-58.08,-51.31,-58.34,-47.73,-59.84,2026-06-14 12:41:04+00:00
2026-06-14T12:42:03+00:00,-48.77,-58.06,-69.12,-58.91,-66.31,-50.79,-48.97,-50.12,-52.13,-46.41,-54.94,-58.82,-58.29,-51.30,-58.95,-47.75,-60.33,2026-06-14 12:42:03+00:00
2026-06-14T12:43:04+00:00,-48.77,-57.41,-66.19,-58.77,-66.48,-50.95,-48.84,-50.11,-51.88,-46.20,-55.13,-58.73,-58.24,-51.54,-58.73,-47.33,-60.12,2026-06-14 12:43:04+00:00
2026-06-14T12:44:04+00:00,-48.42,-56.42,-66.61,-58.94,-66.23,-50.94,-48.92,-50.10,-50.95,-46.23,-54.93,-58.75,-58.27,-51.67,-58.70,-47.46,-59.62,2026-06-14 12:44:04+00:00
2026-06-14T12:45:04+00:00,-48.61,-56.78,-66.68,-58.91,-66.38,-46.81,-49.03,-50.16,-50.01,-46.30,-55.11,-59.00,-58.09,-51.89,-58.72,-47.37,-59.81,2026-06-14 12:45:04+00:00
2026-06-14T12:46:03+00:00,-48.52,-56.35,-65.01,-59.02,-66.33,-48.98,-48.90,-50.06,-49.74,-46.45,-54.96,-57.91,-58.05,-51.73,-58.54,-47.29,-57.70,2026-06-14 12:46:03+00:00
2026-06-14T12:47:03+00:00,-48.25,-57.02,-67.12,-59.04,-66.36,-48.81,-48.86,-50.07,-49.15,-46.48,-54.99,-57.90,-58.18,-52.12,-58.70,-47.42,-59.17,2026-06-14 12:47:03+00:00
2026-06-14T12:48:04+00:00,-48.33,-57.22,-66.73,-58.89,-66.60,-44.05,-49.02,-50.14,-49.03,-46.42,-54.93,-58.44,-58.06,-52.28,-58.57,-47.18,-59.98,2026-06-14 12:48:04+00:00
2026-06-14T12:49:04+00:00,-48.45,-57.50,-66.78,-58.96,-66.74,-43.99,-49.07,-50.05,-49.03,-46.27,-54.99,-58.87,-58.02,-52.30,-58.55,-47.12,-60.14,2026-06-14 12:49:04+00:00
2026-06-14T12:50:03+00:00,-48.42,-57.55,-67.00,-59.21,-65.87,-44.24,-48.82,-50.13,-49.41,-46.35,-55.01,-58.60,-58.11,-52.25,-58.26,-47.15,-60.33,2026-06-14 12:50:03+00:00
2026-06-14T12:51:03+00:00,-48.62,-57.61,-66.80,-59.21,-66.22,-44.05,-49.00,-50.09,-48.81,-46.32,-54.88,-58.89,-58.11,-52.57,-58.37,-47.11,-60.15,2026-06-14 12:51:03+00:00
2026-06-14T12:52:04+00:00,-48.60,-57.21,-66.35,-58.85,-66.81,-44.06,-48.87,-50.08,-49.70,-46.23,-55.07,-58.94,-58.08,-52.74,-58.19,-47.16,-60.15,2026-06-14 12:52:04+00:00
2026-06-14T12:53:04+00:00,-48.58,-57.23,-66.39,-59.07,-65.88,-43.94,-48.83,-50.13,-50.46,-46.40,-54.94,-59.67,-57.96,-52.95,-58.50,-47.24,-59.69,2026-06-14 12:53:04+00:00
2026-06-14T12:54:04+00:00,-48.88,-57.28,-65.74,-58.88,-67.23,-43.90,-49.25,-50.09,-50.25,-46.29,-54.93,-59.85,-57.98,-53.25,-58.27,-47.42,-59.93,2026-06-14 12:54:04+00:00
2026-06-14T12:55:03+00:00,-48.62,-56.68,-65.88,-59.25,-65.52,-43.87,-49.02,-50.06,-50.22,-46.19,-54.92,-60.97,-57.96,-53.41,-58.10,-47.29,-59.94,2026-06-14 12:55:03+00:00
2026-06-14T12:56:03+00:00,-48.39,-57.58,-65.91,-59.44,-65.82,-43.89,-49.28,-50.07,-50.40,-46.29,-54.96,-61.67,-58.22,-53.37,-58.00,-47.48,-60.17,2026-06-14 12:56:03+00:00
2026-06-14T12:57:04+00:00,-48.15,-58.32,-66.27,-59.09,-66.48,-43.94,-49.35,-50.14,-50.31,-46.23,-54.83,-61.76,-57.89,-53.48,-58.05,-47.39,-59.68,2026-06-14 12:57:04+00:00
2026-06-14T12:58:04+00:00,-47.92,-58.06,-65.67,-59.28,-66.18,-44.14,-49.37,-50.12,-50.45,-46.11,-54.76,-61.65,-57.94,-53.55,-58.54,-47.68,-59.96,2026-06-14 12:58:04+00:00
2026-06-14T12:59:03+00:00,-48.21,-57.95,-65.49,-59.25,-66.78,-44.24,-49.21,-50.19,-50.84,-46.18,-54.79,-61.48,-57.94,-53.87,-58.15,-47.99,-59.36,2026-06-14 12:59:03+00:00
2026-06-14T13:00:03+00:00,-47.97,-58.32,-63.49,-59.27,-66.94,-43.97,-49.22,-50.08,-53.68,-46.26,-54.94,-61.49,-58.12,-53.57,-58.66,-48.22,-52.87,2026-06-14 13:00:03+00:00
2026-06-14T13:01:03+00:00,-48.95,-58.19,-63.53,-59.44,-67.14,-44.10,-48.98,-50.11,-53.16,-46.26,-54.70,-60.73,-58.01,-53.25,-58.69,-48.81,-52.86,2026-06-14 13:01:03+00:00
2026-06-14T13:02:04+00:00,-47.56,-57.58,-63.30,-59.31,-66.49,-43.94,-49.28,-50.14,-50.79,-46.31,-54.53,-60.33,-58.09,-53.13,-58.87,-49.03,-52.87,2026-06-14 13:02:04+00:00
2026-06-14T13:03:04+00:00,-46.47,-57.79,-63.36,-59.15,-66.58,-44.17,-49.40,-50.11,-50.76,-46.32,-54.79,-59.66,-58.11,-53.22,-58.74,-49.31,-52.83,2026-06-14 13:03:04+00:00
2026-06-14T13:04:03+00:00,-46.31,-57.56,-63.84,-59.01,-66.53,-44.01,-49.53,-50.13,-50.76,-46.23,-54.78,-59.29,-58.11,-53.29,-58.30,-49.83,-60.26,2026-06-14 13:04:03+00:00
2026-06-14T13:05:03+00:00,-46.07,-58.07,-64.09,-59.09,-66.71,-44.02,-49.17,-50.05,-50.56,-46.14,-54.60,-58.89,-57.95,-53.59,-58.60,-50.10,-60.23,2026-06-14 13:05:03+00:00
2026-06-14T13:06:04+00:00,-47.43,-57.96,-64.23,-59.09,-65.82,-44.20,-49.30,-50.05,-50.69,-46.18,-54.80,-58.64,-58.04,-53.63,-58.46,-50.12,-60.12,2026-06-14 13:06:04+00:00
2026-06-14T13:07:03+00:00,-47.80,-58.23,-64.19,-59.30,-66.30,-44.08,-49.50,-50.08,-50.83,-46.06,-54.73,-58.88,-58.13,-53.84,-58.58,-50.19,-61.33,2026-06-14 13:07:03+00:00
2026-06-14T13:08:03+00:00,-47.48,-58.02,-64.13,-59.40,-66.46,-44.02,-49.27,-50.08,-50.83,-46.25,-54.69,-59.11,-57.95,-54.09,-58.88,-50.33,-60.59,2026-06-14 13:08:03+00:00
2026-06-14T13:09:04+00:00,-46.45,-57.69,-64.09,-59.59,-66.49,-44.12,-49.02,-50.08,-50.86,-46.08,-54.86,-58.95,-57.74,-54.43,-58.51,-49.86,-60.35,2026-06-14 13:09:04+00:00
2026-06-14T13:10:04+00:00,-46.99,-58.11,-63.98,-59.52,-66.93,-44.26,-49.18,-50.09,-50.99,-46.25,-54.84,-58.99,-57.61,-54.79,-58.18,-50.07,-60.43,2026-06-14 13:10:04+00:00
2026-06-14T13:11:03+00:00,-46.93,-57.82,-64.09,-59.38,-66.47,-44.18,-49.20,-50.09,-49.26,-46.07,-54.73,-59.20,-57.51,-55.05,-58.64,-49.92,-60.52,2026-06-14 13:11:03+00:00
2026-06-14T13:12:03+00:00,-46.42,-58.12,-64.23,-59.35,-66.87,-44.23,-49.38,-50.12,-49.30,-46.24,-55.03,-59.15,-57.56,-55.05,-58.54,-50.09,-60.24,2026-06-14 13:12:03+00:00
2026-06-14T13:13:03+00:00,-46.36,-57.81,-63.98,-59.31,-65.62,-44.25,-49.58,-50.08,-49.09,-46.22,-54.92,-58.78,-57.54,-55.00,-58.41,-50.02,-60.57,2026-06-14 13:13:03+00:00
2026-06-14T13:14:04+00:00,-46.29,-58.48,-64.09,-59.37,-65.76,-44.46,-49.59,-50.14,-49.03,-46.13,-54.88,-59.02,-57.34,-54.86,-58.34,-49.90,-60.66,2026-06-14 13:14:04+00:00
2026-06-14T13:15:04+00:00,-46.42,-58.24,-64.09,-59.38,-67.59,-44.45,-49.58,-50.13,-49.08,-46.06,-55.12,-58.84,-57.64,-54.83,-58.61,-50.12,-60.79,2026-06-14 13:15:04+00:00
2026-06-14T13:16:03+00:00,-46.09,-56.82,-64.08,-59.74,-66.25,-44.53,-49.45,-50.08,-49.09,-46.21,-55.09,-58.59,-57.58,-54.53,-58.49,-50.08,-60.86,2026-06-14 13:16:03+00:00
2026-06-14T13:17:03+00:00,-46.87,-57.80,-64.17,-59.86,-66.76,-44.65,-48.99,-50.03,-49.32,-46.14,-54.87,-58.61,-57.79,-54.52,-58.67,-49.93,-60.23,2026-06-14 13:17:03+00:00
2026-06-14T13:18:03+00:00,-46.86,-57.04,-64.17,-59.61,-66.30,-44.70,-49.39,-50.06,-49.55,-46.21,-54.99,-58.60,-57.60,-54.52,-58.31,-49.62,-60.69,2026-06-14 13:18:03+00:00
2026-06-14T13:19:04+00:00,-47.24,-57.31,-64.10,-59.74,-66.19,-44.59,-49.57,-50.22,-49.23,-46.27,-55.09,-58.62,-57.58,-54.16,-58.15,-49.75,-60.45,2026-06-14 13:19:04+00:00
2026-06-14T13:20:04+00:00,-47.10,-56.73,-63.84,-59.59,-65.54,-44.54,-49.38,-50.21,-49.20,-46.14,-54.83,-58.72,-57.65,-54.11,-58.25,-49.41,-59.87,2026-06-14 13:20:04+00:00
2026-06-14T13:21:04+00:00,-47.37,-57.60,-64.17,-59.67,-66.51,-44.60,-49.28,-50.11,-49.24,-46.17,-55.01,-58.80,-57.79,-54.03,-58.27,-49.49,-60.32,2026-06-14 13:21:04+00:00
2026-06-14T13:22:03+00:00,-47.20,-56.97,-64.26,-59.82,-66.64,-44.62,-49.54,-50.18,-49.38,-46.33,-55.11,-58.66,-57.73,-54.07,-58.50,-49.23,-60.30,2026-06-14 13:22:03+00:00
2026-06-14T13:23:04+00:00,-47.51,-57.77,-64.05,-59.85,-66.16,-44.59,-49.46,-50.13,-49.29,-46.35,-54.90,-58.71,-57.70,-54.05,-58.36,-49.15,-60.35,2026-06-14 13:23:04+00:00
2026-06-14T13:24:04+00:00,-47.53,-58.61,-64.04,-59.65,-66.26,-44.64,-49.28,-50.16,-49.32,-46.47,-55.04,-58.69,-57.52,-53.97,-58.27,-49.27,-60.30,2026-06-14 13:24:04+00:00
2026-06-14T13:25:04+00:00,-47.72,-57.70,-64.05,-59.61,-66.53,-44.45,-49.31,-50.13,-49.32,-46.40,-54.00,-58.84,-57.61,-54.09,-58.49,-49.17,-60.11,2026-06-14 13:25:04+00:00
2026-06-14T13:26:03+00:00,-47.95,-57.54,-63.97,-59.57,-66.86,-44.46,-49.54,-50.04,-51.06,-46.26,-54.88,-58.89,-57.48,-54.19,-58.46,-49.36,-60.04,2026-06-14 13:26:03+00:00
2026-06-14T13:27:03+00:00,-47.94,-58.12,-63.93,-59.77,-65.98,-44.55,-49.47,-50.15,-51.05,-46.36,-55.03,-58.97,-57.54,-54.26,-58.64,-49.42,-60.56,2026-06-14 13:27:03+00:00
2026-06-14T13:28:04+00:00,-47.05,-57.89,-63.85,-59.83,-66.19,-44.56,-49.56,-50.18,-51.41,-46.28,-55.14,-58.52,-57.48,-54.26,-58.40,-49.49,-60.37,2026-06-14 13:28:04+00:00
2026-06-14T13:29:04+00:00,-47.63,-57.98,-63.94,-60.02,-66.53,-44.26,-49.62,-50.21,-51.52,-46.20,-55.14,-58.36,-57.54,-54.42,-58.82,-49.04,-60.31,2026-06-14 13:29:04+00:00
2026-06-14T13:30:04+00:00,-47.46,-58.18,-63.84,-59.90,-66.60,-44.50,-49.43,-50.24,-51.41,-46.17,-55.00,-58.61,-57.51,-54.57,-58.87,-49.30,-60.47,2026-06-14 13:30:04+00:00
2026-06-14T13:31:04+00:00,-47.41,-58.33,-63.94,-59.96,-67.01,-44.56,-49.53,-50.34,-51.28,-46.30,-55.09,-58.65,-57.40,-54.79,-58.83,-49.30,-60.75,2026-06-14 13:31:04+00:00
2026-06-14T13:32:04+00:00,-47.62,-58.74,-63.64,-60.27,-66.74,-44.67,-49.31,-50.39,-50.95,-46.20,-55.03,-58.70,-57.29,-55.09,-58.41,-49.37,-59.86,2026-06-14 13:32:04+00:00
2026-06-14T13:33:04+00:00,-47.61,-58.03,-63.78,-59.88,-66.40,-44.39,-49.49,-50.34,-51.26,-46.23,-55.07,-58.47,-57.46,-54.83,-58.74,-49.32,-59.96,2026-06-14 13:33:04+00:00
2026-06-14T13:34:03+00:00,-47.27,-57.59,-63.74,-60.14,-66.76,-44.43,-49.26,-50.27,-51.09,-46.36,-54.97,-58.38,-57.37,-55.01,-58.58,-49.34,-60.27,2026-06-14 13:34:03+00:00
2026-06-14T13:35:03+00:00,-47.43,-57.38,-63.65,-59.83,-66.95,-44.53,-49.05,-50.32,-51.12,-46.28,-54.87,-58.29,-57.41,-55.33,-58.41,-49.64,-60.11,2026-06-14 13:35:03+00:00
2026-06-14T13:36:04+00:00,-47.22,-57.34,-62.16,-59.76,-66.40,-44.31,-49.11,-50.25,-51.21,-46.40,-55.10,-58.11,-57.28,-55.54,-58.57,-49.43,-60.41,2026-06-14 13:36:04+00:00
2026-06-14T13:37:03+00:00,-47.47,-57.69,-61.82,-59.70,-66.70,-44.59,-49.48,-50.23,-50.98,-46.25,-55.03,-57.92,-57.45,-55.39,-57.98,-49.40,-59.99,2026-06-14 13:37:03+00:00
2026-06-14T13:38:03+00:00,-47.91,-57.63,-61.95,-59.47,-65.86,-44.60,-49.20,-50.30,-51.46,-46.32,-55.01,-58.12,-57.19,-55.71,-58.16,-49.19,-59.62,2026-06-14 13:38:03+00:00
2026-06-14T13:39:04+00:00,-47.94,-57.61,-62.16,-59.70,-66.41,-44.53,-49.23,-50.22,-51.16,-46.31,-55.01,-57.97,-57.02,-56.04,-58.47,-49.27,-59.96,2026-06-14 13:39:04+00:00
2026-06-14T13:40:04+00:00,-48.44,-57.30,-61.95,-59.80,-66.06,-44.78,-49.24,-50.30,-51.57,-46.43,-55.03,-57.83,-56.89,-56.44,-58.32,-48.96,-59.91,2026-06-14 13:40:04+00:00
2026-06-14T13:41:04+00:00,-47.45,-57.43,-62.12,-59.94,-66.72,-44.76,-49.33,-50.28,-50.31,-46.29,-55.01,-57.90,-57.12,-56.38,-57.84,-49.25,-53.07,2026-06-14 13:41:04+00:00
2026-06-14T13:42:03+00:00,-48.24,-57.77,-62.19,-59.86,-66.39,-44.71,-49.33,-50.32,-51.93,-46.30,-55.02,-57.72,-57.05,-56.57,-58.26,-49.36,-55.42,2026-06-14 13:42:03+00:00
2026-06-14T13:43:03+00:00,-47.90,-57.81,-62.03,-59.84,-66.21,-44.57,-49.40,-50.27,-48.84,-46.31,-54.93,-57.89,-57.03,-57.09,-57.80,-49.92,-53.12,2026-06-14 13:43:03+00:00
2026-06-14T13:44:04+00:00,-46.91,-58.35,-62.25,-59.75,-67.07,-44.65,-49.11,-50.20,-52.78,-46.36,-54.82,-57.90,-56.88,-57.09,-58.22,-49.92,-53.06,2026-06-14 13:44:04+00:00
2026-06-14T13:45:04+00:00,-47.25,-57.57,-62.02,-59.93,-65.84,-44.55,-49.54,-49.76,-51.91,-46.23,-55.07,-57.93,-56.96,-56.89,-58.41,-49.73,-53.10,2026-06-14 13:45:04+00:00
2026-06-14T13:46:04+00:00,-47.42,-57.29,-62.11,-59.70,-65.70,-44.49,-49.28,-49.85,-51.83,-46.21,-54.92,-58.05,-56.90,-57.20,-58.16,-50.25,-53.14,2026-06-14 13:46:04+00:00
2026-06-14T13:47:03+00:00,-46.37,-57.76,-62.17,-59.56,-66.21,-44.77,-49.59,-50.23,-51.78,-46.18,-55.02,-58.03,-56.86,-57.67,-58.33,-50.32,-53.13,2026-06-14 13:47:03+00:00
2026-06-14T13:48:03+00:00,-46.20,-56.57,-62.02,-59.89,-66.74,-44.55,-49.47,-50.30,-52.15,-46.24,-55.00,-58.58,-57.44,-57.80,-58.70,-50.69,-53.11,2026-06-14 13:48:03+00:00
2026-06-14T13:49:04+00:00,-46.38,-57.39,-61.90,-59.85,-66.38,-44.62,-49.43,-50.27,-51.35,-46.25,-54.97,-58.63,-57.49,-58.30,-58.33,-50.87,-53.17,2026-06-14 13:49:04+00:00
2026-06-14T13:50:04+00:00,-46.19,-58.18,-62.08,-60.09,-65.85,-44.70,-49.57,-50.33,-51.81,-46.15,-55.06,-58.80,-57.18,-58.78,-58.80,-51.05,-53.21,2026-06-14 13:50:04+00:00
2026-06-14T13:51:03+00:00,-46.19,-58.74,-61.81,-59.78,-65.57,-44.81,-49.43,-50.26,-51.79,-46.17,-54.88,-58.92,-57.30,-59.06,-58.40,-51.33,-53.31,2026-06-14 13:51:03+00:00
2026-06-14T13:52:03+00:00,-46.24,-58.54,-62.49,-59.47,-66.62,-44.72,-49.26,-50.26,-51.96,-46.15,-55.08,-58.93,-57.16,-59.79,-58.40,-51.38,-53.16,2026-06-14 13:52:03+00:00
2026-06-14T13:53:04+00:00,-46.26,-58.38,-61.84,-59.09,-66.07,-44.69,-49.36,-50.24,-51.99,-46.06,-55.18,-58.87,-57.04,-60.64,-58.56,-51.81,-53.23,2026-06-14 13:53:04+00:00
2026-06-14T13:54:04+00:00,-45.78,-58.56,-62.21,-59.04,-66.78,-44.81,-49.40,-50.27,-51.56,-46.23,-55.17,-58.94,-57.17,-61.29,-58.74,-52.01,-52.62,2026-06-14 13:54:04+00:00
2026-06-14T13:55:04+00:00,-45.47,-57.65,-62.22,-59.23,-66.84,-44.78,-48.93,-50.25,-51.80,-46.08,-55.15,-58.77,-57.22,-62.02,-57.87,-51.96,-53.10,2026-06-14 13:55:04+00:00
2026-06-14T13:56:03+00:00,-45.65,-58.01,-62.36,-59.41,-66.22,-44.73,-49.27,-50.30,-49.79,-46.03,-55.11,-58.89,-57.11,-62.67,-57.89,-52.19,-59.85,2026-06-14 13:56:03+00:00
2026-06-14T13:57:03+00:00,-45.75,-59.01,-63.83,-59.63,-66.08,-44.59,-49.37,-50.43,-49.49,-46.08,-55.26,-58.98,-57.29,-63.06,-57.85,-52.48,-59.69,2026-06-14 13:57:03+00:00
2026-06-14T13:58:04+00:00,-45.77,-57.99,-63.59,-60.08,-66.11,-45.02,-49.27,-50.32,-49.45,-46.01,-54.92,-58.99,-57.10,-63.83,-57.83,-52.71,-59.87,2026-06-14 13:58:04+00:00
2026-06-14T13:59:04+00:00,-46.38,-58.36,-63.67,-59.96,-66.42,-44.70,-49.36,-50.37,-48.38,-45.96,-54.78,-59.00,-57.37,-64.47,-58.24,-52.56,-59.52,2026-06-14 13:59:04+00:00
2026-06-14T14:00:04+00:00,-46.42,-57.80,-63.66,-60.30,-65.50,-44.70,-49.36,-50.44,-48.28,-45.80,-54.97,-58.84,-57.25,-65.06,-58.29,-52.55,-59.20,2026-06-14 14:00:04+00:00
2026-06-14T14:01:04+00:00,-47.06,-59.82,-63.83,-59.97,-65.84,-44.53,-49.40,-50.47,-48.40,-45.83,-54.80,-58.80,-57.02,-64.61,-58.43,-52.54,-58.95,2026-06-14 14:01:04+00:00
2026-06-14T14:02:03+00:00,-47.75,-59.10,-63.75,-59.69,-65.45,-45.13,-49.42,-50.44,-48.42,-45.90,-55.06,-59.00,-57.09,-65.17,-57.92,-52.81,-58.99,2026-06-14 14:02:03+00:00
2026-06-14T14:03:03+00:00,-47.80,-60.55,-63.89,-59.79,-65.75,-44.74,-49.30,-50.37,-48.45,-45.86,-55.40,-59.01,-57.02,-64.65,-58.30,-52.83,-58.50,2026-06-14 14:03:03+00:00
2026-06-14T14:04:04+00:00,-47.71,-59.41,-63.65,-59.67,-66.01,-44.74,-49.30,-50.40,-48.34,-45.69,-55.25,-59.12,-57.03,-64.02,-58.09,-52.92,-59.17,2026-06-14 14:04:04+00:00
2026-06-14T14:05:04+00:00,-47.74,-58.60,-63.82,-59.58,-66.97,-44.63,-49.62,-50.37,-48.34,-45.89,-55.26,-59.31,-57.20,-64.08,-57.75,-52.78,-59.20,2026-06-14 14:05:04+00:00
2026-06-14T14:06:03+00:00,-48.00,-58.97,-63.72,-59.56,-66.13,-44.71,-49.48,-50.37,-48.40,-45.81,-55.37,-59.18,-57.25,-63.74,-58.01,-52.83,-59.31,2026-06-14 14:06:03+00:00
2026-06-14T14:07:04+00:00,-47.60,-60.98,-63.84,-59.96,-66.22,-44.77,-49.30,-50.31,-48.47,-45.61,-55.41,-59.13,-57.19,-63.49,-58.48,-52.82,-59.65,2026-06-14 14:07:04+00:00
2026-06-14T14:08:04+00:00,-48.00,-60.57,-63.79,-60.33,-65.51,-44.71,-49.29,-50.41,-48.42,-45.73,-55.48,-59.39,-57.20,-63.70,-58.32,-52.73,-56.90,2026-06-14 14:08:04+00:00
2026-06-14T14:09:04+00:00,-47.28,-61.53,-63.69,-60.17,-66.54,-44.96,-49.39,-50.47,-48.46,-45.54,-55.43,-59.49,-57.02,-63.07,-58.60,-52.31,-59.82,2026-06-14 14:09:04+00:00
2026-06-14T14:10:03+00:00,-47.67,-61.52,-63.78,-60.03,-65.82,-44.74,-49.46,-50.50,-48.51,-45.78,-55.18,-59.47,-57.20,-63.30,-58.44,-52.76,-59.84,2026-06-14 14:10:03+00:00
2026-06-14T14:11:03+00:00,-48.70,-60.72,-63.66,-59.89,-65.80,-44.70,-49.56,-50.46,-49.87,-45.75,-55.43,-59.70,-57.68,-63.12,-58.27,-52.85,-59.78,2026-06-14 14:11:03+00:00
2026-06-14T14:12:04+00:00,-48.75,-60.74,-63.58,-59.80,-65.33,-44.89,-49.19,-50.46,-49.91,-45.68,-55.39,-60.05,-57.60,-62.90,-58.36,-52.48,-59.41,2026-06-14 14:12:04+00:00
2026-06-14T14:13:04+00:00,-48.18,-60.80,-63.66,-59.91,-66.53,-44.82,-49.14,-50.43,-50.15,-45.65,-55.38,-59.83,-57.41,-62.85,-58.46,-52.57,-59.47,2026-06-14 14:13:04+00:00
2026-06-14T14:14:04+00:00,-47.68,-61.30,-63.60,-60.13,-66.80,-44.81,-49.35,-50.46,-50.89,-45.50,-55.50,-59.87,-57.42,-62.73,-58.40,-52.27,-59.50,2026-06-14 14:14:04+00:00
2026-06-14T14:15:03+00:00,-47.83,-61.33,-63.62,-60.32,-66.65,-44.92,-49.46,-50.46,-51.10,-45.65,-55.48,-59.99,-57.47,-62.77,-58.72,-52.38,-59.41,2026-06-14 14:15:03+00:00
2026-06-14T14:16:03+00:00,-47.42,-61.59,-63.61,-60.11,-66.54,-44.72,-49.54,-50.43,-51.03,-45.58,-55.50,-59.80,-57.49,-62.83,-59.04,-51.97,-59.95,2026-06-14 14:16:03+00:00
2026-06-14T14:17:04+00:00,-47.93,-59.36,-63.33,-59.97,-66.25,-44.68,-49.64,-50.48,-50.74,-45.73,-55.36,-60.15,-57.36,-62.73,-57.86,-51.94,-59.28,2026-06-14 14:17:04+00:00
2026-06-14T14:18:04+00:00,-47.40,-61.70,-63.57,-59.91,-65.99,-45.05,-49.13,-50.42,-50.79,-45.60,-55.26,-60.11,-57.07,-62.63,-58.63,-51.80,-59.19,2026-06-14 14:18:04+00:00
2026-06-14T14:19:03+00:00,-47.34,-60.99,-63.60,-60.21,-66.21,-44.88,-49.21,-50.40,-50.79,-45.66,-54.60,-60.23,-57.05,-62.67,-58.39,-51.53,-59.63,2026-06-14 14:19:03+00:00
2026-06-14T14:20:03+00:00,-47.45,-60.56,-63.56,-60.17,-65.77,-44.95,-49.37,-50.36,-50.74,-45.76,-55.38,-59.98,-57.09,-62.54,-57.98,-51.49,-59.46,2026-06-14 14:20:03+00:00
2026-06-14T14:21:04+00:00,-47.22,-60.99,-63.38,-60.08,-65.84,-44.85,-49.19,-50.37,-50.61,-45.65,-55.57,-60.14,-57.12,-62.32,-58.61,-51.29,-58.28,2026-06-14 14:21:04+00:00
2026-06-14T14:22:04+00:00,-47.44,-59.86,-63.29,-59.96,-65.97,-44.73,-49.53,-50.31,-50.55,-45.54,-55.54,-60.61,-57.13,-62.47,-58.12,-51.56,-55.44,2026-06-14 14:22:04+00:00
2026-06-14T14:23:04+00:00,-47.12,-61.61,-63.35,-60.30,-66.11,-44.99,-49.73,-50.37,-50.60,-45.63,-55.41,-60.38,-56.89,-62.64,-58.29,-51.15,-54.67,2026-06-14 14:23:04+00:00
2026-06-14T14:24:03+00:00,-47.72,-59.79,-63.35,-60.14,-66.27,-45.08,-49.75,-50.38,-50.47,-45.59,-55.45,-60.40,-57.03,-62.37,-58.37,-51.07,-54.59,2026-06-14 14:24:03+00:00
2026-06-14T14:25:03+00:00,-47.43,-60.46,-63.05,-60.10,-65.96,-44.91,-49.65,-50.42,-50.67,-45.60,-55.57,-60.64,-57.02,-62.06,-57.71,-51.45,-54.64,2026-06-14 14:25:03+00:00
2026-06-14T14:26:04+00:00,-47.60,-60.44,-63.51,-60.29,-67.29,-44.86,-49.91,-50.41,-50.63,-45.54,-55.66,-60.63,-56.98,-62.16,-58.07,-51.14,-55.66,2026-06-14 14:26:04+00:00
2026-06-14T14:27:04+00:00,-47.44,-61.10,-62.77,-59.79,-66.58,-44.92,-49.50,-50.46,-50.35,-45.68,-55.30,-60.80,-56.89,-62.11,-57.67,-50.84,-55.73,2026-06-14 14:27:04+00:00
2026-06-14T14:28:03+00:00,-47.62,-62.33,-63.05,-60.11,-66.51,-44.90,-49.91,-50.38,-50.75,-45.69,-55.45,-60.88,-57.06,-62.46,-58.03,-51.12,-54.84,2026-06-14 14:28:03+00:00
2026-06-14T14:29:03+00:00,-47.79,-62.84,-63.07,-60.03,-67.40,-45.31,-49.67,-50.44,-51.65,-45.73,-55.63,-61.15,-56.99,-62.44,-58.14,-50.72,-54.88,2026-06-14 14:29:03+00:00
2026-06-14T14:30:04+00:00,-47.49,-62.72,-63.17,-60.33,-66.07,-44.99,-49.55,-50.46,-51.70,-45.63,-55.63,-61.14,-57.00,-62.56,-57.83,-50.99,-54.94,2026-06-14 14:30:04+00:00
2026-06-14T14:31:04+00:00,-46.19,-62.31,-62.98,-60.35,-66.26,-45.09,-49.74,-50.66,-51.61,-45.64,-55.57,-61.21,-56.97,-62.63,-57.83,-50.97,-54.78,2026-06-14 14:31:04+00:00
2026-06-14T14:32:04+00:00,-46.15,-62.50,-62.76,-60.42,-66.62,-45.12,-49.54,-50.62,-51.57,-45.73,-55.65,-61.57,-56.85,-62.75,-57.74,-50.83,-55.65,2026-06-14 14:32:04+00:00
2026-06-14T14:33:03+00:00,-45.61,-63.14,-62.70,-60.54,-66.33,-45.05,-49.94,-50.58,-51.43,-45.82,-55.45,-61.59,-57.08,-63.16,-58.08,-50.58,-55.13,2026-06-14 14:33:03+00:00
2026-06-14T14:34:03+00:00,-46.10,-63.18,-62.84,-60.68,-66.00,-45.06,-49.99,-50.62,-51.73,-45.68,-55.58,-61.80,-57.15,-63.38,-58.17,-50.65,-55.85,2026-06-14 14:34:03+00:00
2026-06-14T14:35:04+00:00,-46.59,-62.67,-62.76,-60.58,-65.71,-45.04,-49.92,-50.12,-51.46,-45.78,-55.63,-61.64,-56.94,-63.86,-58.08,-50.97,-55.79,2026-06-14 14:35:04+00:00
2026-06-14T14:36:04+00:00,-46.66,-63.01,-62.48,-60.61,-67.18,-45.17,-50.03,-50.02,-51.37,-45.79,-51.94,-61.91,-56.80,-63.72,-58.28,-50.35,-53.54,2026-06-14 14:36:04+00:00
2026-06-14T14:37:03+00:00,-46.42,-62.42,-62.66,-60.53,-67.23,-44.87,-49.60,-50.03,-51.76,-45.81,-55.51,-62.06,-56.69,-63.98,-57.86,-50.33,-55.84,2026-06-14 14:37:03+00:00
2026-06-14T14:38:03+00:00,-47.32,-62.65,-62.44,-60.20,-66.62,-45.10,-49.46,-50.09,-51.52,-45.75,-55.66,-62.31,-56.98,-64.26,-58.22,-50.11,-56.08,2026-06-14 14:38:03+00:00
2026-06-14T14:39:04+00:00,-47.62,-62.32,-62.24,-60.29,-66.44,-45.16,-49.77,-50.07,-51.72,-45.78,-55.48,-62.28,-56.87,-64.34,-58.31,-49.70,-55.59,2026-06-14 14:39:04+00:00
2026-06-14T14:40:04+00:00,-46.54,-62.84,-62.91,-60.48,-66.22,-45.30,-49.57,-50.12,-51.96,-45.89,-55.57,-62.13,-57.06,-64.27,-58.14,-49.50,-55.77,2026-06-14 14:40:04+00:00
2026-06-14T14:41:03+00:00,-47.60,-63.32,-62.88,-60.63,-66.79,-45.01,-49.85,-50.09,-49.74,-45.66,-55.40,-62.05,-56.86,-64.35,-58.25,-49.11,-54.95,2026-06-14 14:41:03+00:00
2026-06-14T14:42:03+00:00,-47.49,-63.33,-62.92,-60.26,-66.33,-45.27,-49.39,-50.12,-49.79,-45.86,-55.58,-61.96,-56.93,-64.24,-58.23,-48.97,-55.63,2026-06-14 14:42:03+00:00
2026-06-14T14:43:04+00:00,-47.49,-63.33,-62.93,-60.56,-66.75,-45.34,-49.74,-50.07,-49.51,-45.94,-55.60,-62.18,-57.12,-64.52,-58.21,-48.90,-55.69,2026-06-14 14:43:04+00:00
2026-06-14T14:44:04+00:00,-46.91,-63.11,-63.07,-60.58,-66.70,-45.41,-49.77,-50.11,-48.43,-45.97,-55.50,-61.55,-57.02,-64.34,-57.94,-48.93,-55.67,2026-06-14 14:44:04+00:00
2026-06-14T14:45:03+00:00,-47.19,-63.08,-63.34,-60.44,-66.57,-44.90,-49.69,-50.12,-48.31,-45.79,-55.33,-61.12,-57.14,-64.13,-58.36,-48.53,-55.64,2026-06-14 14:45:03+00:00
2026-06-14T14:46:03+00:00,-48.44,-61.94,-63.35,-60.18,-66.80,-44.90,-49.70,-50.09,-47.94,-45.74,-55.63,-61.33,-57.11,-63.84,-58.15,-48.77,-54.70,2026-06-14 14:46:03+00:00
2026-06-14T14:47:04+00:00,-50.29,-61.17,-63.37,-60.15,-66.12,-45.11,-49.66,-50.03,-48.00,-45.70,-55.32,-61.30,-57.14,-63.58,-58.04,-48.40,-55.02,2026-06-14 14:47:04+00:00
2026-06-14T14:48:04+00:00,-49.21,-62.90,-62.84,-60.29,-66.38,-45.17,-49.45,-49.96,-47.94,-45.85,-55.28,-61.54,-57.09,-63.07,-58.00,-48.22,-54.84,2026-06-14 14:48:04+00:00
2026-06-14T14:49:03+00:00,-49.28,-61.38,-63.06,-60.13,-67.32,-45.26,-49.49,-50.03,-47.97,-45.74,-55.51,-61.61,-56.96,-62.87,-58.28,-48.00,-54.82,2026-06-14 14:49:03+00:00
2026-06-14T14:50:03+00:00,-49.83,-62.50,-62.82,-59.99,-66.91,-45.28,-49.73,-50.05,-47.92,-45.82,-55.55,-62.12,-57.18,-62.63,-58.20,-47.78,-55.68,2026-06-14 14:50:03+00:00
2026-06-14T14:51:04+00:00,-49.41,-61.92,-62.41,-60.00,-66.86,-45.34,-49.80,-49.96,-47.89,-45.61,-55.43,-61.82,-57.16,-62.18,-58.46,-47.74,-55.69,2026-06-14 14:51:04+00:00
2026-06-14T14:52:04+00:00,-49.60,-60.93,-62.44,-59.99,-67.11,-45.35,-49.49,-49.98,-48.01,-45.58,-55.51,-61.94,-56.98,-62.20,-58.98,-47.63,-54.78,2026-06-14 14:52:04+00:00
2026-06-14T14:53:04+00:00,-49.85,-62.29,-62.66,-59.99,-66.70,-45.32,-49.62,-50.12,-48.25,-45.65,-55.43,-62.30,-57.17,-61.60,-58.30,-47.60,-54.89,2026-06-14 14:53:04+00:00
2026-06-14T14:54:03+00:00,-47.95,-63.21,-62.48,-60.57,-66.18,-45.32,-49.48,-50.28,-48.05,-45.68,-55.58,-62.47,-57.21,-61.41,-59.04,-47.50,-55.06,2026-06-14 14:54:03+00:00
2026-06-14T14:55:03+00:00,-47.98,-63.18,-62.36,-60.35,-66.22,-45.32,-49.72,-50.59,-48.54,-45.67,-55.59,-62.60,-56.95,-60.87,-58.00,-47.71,-55.84,2026-06-14 14:55:03+00:00
2026-06-14T14:56:04+00:00,-47.71,-62.18,-62.24,-60.79,-65.08,-45.42,-49.50,-50.32,-49.38,-45.62,-55.39,-62.21,-57.09,-60.24,-58.51,-47.52,-56.08,2026-06-14 14:56:04+00:00
2026-06-14T14:57:04+00:00,-47.13,-62.71,-62.22,-60.75,-66.93,-45.30,-49.68,-50.45,-49.37,-45.55,-55.53,-62.07,-57.17,-59.93,-58.83,-47.47,-56.06,2026-06-14 14:57:04+00:00
2026-06-14T14:58:04+00:00,-48.11,-61.65,-62.63,-60.66,-66.02,-45.54,-49.40,-50.31,-50.27,-45.50,-55.45,-61.54,-57.28,-59.58,-58.70,-47.60,-56.17,2026-06-14 14:58:04+00:00
2026-06-14T14:59:03+00:00,-48.61,-62.18,-62.67,-60.20,-66.95,-45.37,-49.56,-50.18,-50.51,-45.50,-54.99,-61.27,-57.44,-58.92,-58.20,-47.61,-55.77,2026-06-14 14:59:03+00:00
2026-06-14T15:00:04+00:00,-48.94,-62.45,-62.89,-60.33,-66.09,-45.59,-49.43,-50.10,-50.73,-45.51,-54.45,-61.20,-57.21,-58.26,-58.84,-47.55,-55.65,2026-06-14 15:00:04+00:00
2026-06-14T15:01:04+00:00,-48.77,-61.99,-63.21,-60.27,-66.87,-45.46,-49.23,-50.04,-50.82,-45.52,-55.20,-60.75,-57.41,-58.09,-58.85,-47.52,-55.62,2026-06-14 15:01:04+00:00
2026-06-14T15:02:03+00:00,-48.82,-62.27,-63.20,-60.07,-66.07,-45.45,-49.35,-49.94,-50.61,-45.53,-55.62,-60.44,-57.31,-57.34,-59.05,-47.69,-54.02,2026-06-14 15:02:03+00:00
2026-06-14T15:03:03+00:00,-48.48,-63.13,-63.24,-60.18,-66.94,-45.78,-49.44,-50.06,-50.66,-45.61,-55.35,-60.35,-57.40,-56.70,-58.52,-47.21,-55.05,2026-06-14 15:03:03+00:00
2026-06-14T15:04:04+00:00,-47.82,-62.59,-63.58,-60.43,-65.98,-45.61,-49.46,-50.05,-50.72,-45.54,-55.30,-59.98,-57.57,-56.18,-58.77,-47.35,-54.83,2026-06-14 15:04:04+00:00
2026-06-14T15:05:04+00:00,-48.48,-61.83,-63.49,-60.10,-66.32,-45.65,-49.44,-50.03,-50.63,-45.51,-55.44,-60.31,-57.42,-55.86,-58.20,-47.12,-55.49,2026-06-14 15:05:04+00:00
2026-06-14T15:06:04+00:00,-48.09,-62.07,-63.73,-60.30,-66.80,-45.61,-49.42,-50.02,-50.81,-45.54,-55.32,-59.87,-57.52,-55.21,-58.27,-46.96,-55.74,2026-06-14 15:06:04+00:00
2026-06-14T15:07:04+00:00,-48.76,-62.24,-63.71,-60.48,-66.34,-45.79,-49.11,-50.00,-50.84,-45.65,-55.33,-59.93,-57.53,-55.01,-58.90,-46.95,-55.73,2026-06-14 15:07:04+00:00
2026-06-14T15:08:03+00:00,-48.73,-62.76,-63.43,-60.61,-66.09,-45.62,-49.50,-50.05,-50.88,-45.38,-55.34,-59.45,-57.43,-54.64,-58.56,-46.94,-54.93,2026-06-14 15:08:03+00:00
2026-06-14T15:09:03+00:00,-49.08,-61.83,-63.78,-60.61,-66.61,-45.69,-49.07,-50.02,-51.18,-45.39,-55.20,-59.04,-57.45,-54.27,-58.18,-46.83,-54.91,2026-06-14 15:09:03+00:00
2026-06-14T15:10:04+00:00,-48.83,-63.47,-63.90,-60.33,-66.60,-45.59,-49.39,-50.08,-51.08,-45.47,-55.37,-59.08,-57.55,-53.83,-57.74,-46.64,-54.88,2026-06-14 15:10:04+00:00
2026-06-14T15:11:04+00:00,-48.98,-62.17,-63.76,-60.73,-66.06,-45.44,-49.35,-50.00,-51.04,-45.54,-55.28,-59.36,-57.53,-53.35,-57.97,-46.73,-55.94,2026-06-14 15:11:04+00:00
2026-06-14T15:12:03+00:00,-48.89,-61.80,-63.49,-60.88,-67.71,-45.30,-49.72,-50.07,-51.04,-45.56,-55.40,-59.00,-57.48,-53.22,-57.98,-46.60,-54.90,2026-06-14 15:12:03+00:00
2026-06-14T15:13:03+00:00,-48.47,-61.85,-63.61,-60.77,-66.42,-45.55,-49.61,-50.04,-51.33,-45.46,-55.49,-59.45,-57.54,-52.52,-58.39,-46.44,-54.63,2026-06-14 15:13:03+00:00
2026-06-14T15:14:04+00:00,-48.57,-62.59,-63.54,-60.64,-66.25,-45.80,-49.52,-50.15,-52.60,-45.40,-55.23,-59.18,-57.47,-52.24,-58.31,-46.36,-54.60,2026-06-14 15:14:04+00:00
2026-06-14T15:15:04+00:00,-47.54,-62.75,-63.50,-60.62,-66.06,-45.85,-49.47,-50.07,-52.80,-45.69,-55.39,-59.28,-57.32,-52.10,-58.29,-46.13,-55.72,2026-06-14 15:15:04+00:00
2026-06-14T15:16:04+00:00,-46.53,-62.59,-63.46,-60.48,-66.24,-45.54,-49.71,-50.00,-52.36,-45.67,-55.53,-59.51,-57.46,-51.68,-58.04,-46.11,-54.80,2026-06-14 15:16:04+00:00
2026-06-14T15:17:04+00:00,-46.33,-62.56,-63.48,-61.08,-65.54,-45.67,-49.84,-50.40,-52.61,-45.83,-55.36,-59.29,-57.75,-51.86,-58.87,-46.00,-55.63,2026-06-14 15:17:04+00:00
2026-06-14T15:18:04+00:00,-46.70,-62.39,-63.97,-60.95,-65.92,-45.61,-49.75,-50.36,-51.78,-45.54,-55.44,-58.90,-57.58,-51.55,-58.62,-46.08,-55.61,2026-06-14 15:18:04+00:00
2026-06-14T15:19:03+00:00,-46.66,-62.27,-63.75,-60.60,-66.99,-45.68,-49.30,-50.14,-51.96,-45.57,-55.39,-59.09,-57.46,-51.65,-58.18,-46.08,-55.65,2026-06-14 15:19:03+00:00
2026-06-14T15:20:03+00:00,-46.75,-62.51,-63.70,-60.68,-66.75,-45.53,-49.65,-50.01,-52.41,-45.57,-55.31,-59.02,-57.76,-51.25,-53.59,-46.05,-55.66,2026-06-14 15:20:03+00:00
2026-06-14T15:21:04+00:00,-46.21,-61.94,-63.85,-60.70,-66.27,-45.74,-49.13,-50.02,-52.64,-45.49,-55.34,-59.16,-57.53,-51.42,-58.33,-45.75,-55.35,2026-06-14 15:21:04+00:00
2026-06-14T15:22:04+00:00,-45.82,-62.35,-64.01,-60.61,-66.10,-45.54,-49.24,-50.00,-52.47,-45.47,-55.31,-58.94,-57.60,-51.47,-58.15,-45.65,-54.60,2026-06-14 15:22:04+00:00
2026-06-14T15:23:04+00:00,-45.85,-62.73,-64.01,-60.61,-66.09,-45.70,-49.36,-49.97,-52.44,-45.55,-55.13,-59.14,-57.72,-51.61,-58.22,-45.84,-54.86,2026-06-14 15:23:04+00:00
2026-06-14T15:24:03+00:00,-45.97,-60.83,-63.99,-60.46,-65.35,-45.66,-49.79,-49.93,-52.28,-45.51,-55.21,-58.83,-57.62,-51.40,-59.00,-45.88,-54.81,2026-06-14 15:24:03+00:00
2026-06-14T15:25:04+00:00,-44.37,-62.23,-63.94,-60.47,-65.14,-45.82,-49.56,-49.92,-52.46,-45.50,-55.17,-59.22,-57.72,-51.36,-58.49,-45.46,-55.39,2026-06-14 15:25:04+00:00
2026-06-14T15:26:04+00:00,-45.90,-61.86,-63.61,-60.49,-65.39,-45.87,-49.61,-49.80,-49.54,-45.35,-54.99,-59.11,-58.24,-51.38,-58.47,-45.59,-55.43,2026-06-14 15:26:04+00:00
2026-06-14T15:27:04+00:00,-46.10,-62.91,-64.14,-60.67,-67.31,-45.87,-48.92,-49.93,-49.40,-45.49,-55.31,-59.10,-58.37,-51.45,-58.43,-45.40,-55.74,2026-06-14 15:27:04+00:00
2026-06-14T15:28:03+00:00,-46.27,-62.37,-63.93,-60.62,-66.67,-46.01,-49.52,-49.96,-48.58,-45.55,-55.11,-59.26,-58.34,-51.73,-58.16,-45.24,-55.55,2026-06-14 15:28:03+00:00
2026-06-14T15:29:03+00:00,-45.55,-63.06,-63.91,-60.46,-66.52,-45.64,-49.72,-49.98,-48.60,-45.67,-55.24,-59.07,-58.46,-51.60,-58.06,-45.24,-54.69,2026-06-14 15:29:03+00:00
2026-06-14T15:30:04+00:00,-46.73,-63.27,-63.94,-60.50,-66.69,-45.50,-49.63,-49.88,-48.55,-45.66,-55.31,-59.16,-58.37,-51.80,-58.96,-44.79,-55.10,2026-06-14 15:30:04+00:00
2026-06-14T15:31:04+00:00,-47.04,-62.38,-63.66,-60.50,-66.06,-45.88,-49.28,-49.85,-48.38,-45.61,-55.34,-59.27,-58.45,-51.47,-58.28,-44.84,-55.54,2026-06-14 15:31:04+00:00
2026-06-14T15:32:03+00:00,-46.73,-62.00,-63.89,-60.24,-66.22,-45.73,-49.10,-49.89,-48.66,-45.80,-55.14,-59.18,-58.36,-51.45,-58.14,-44.75,-55.54,2026-06-14 15:32:03+00:00
2026-06-14T15:33:04+00:00,-47.26,-62.61,-63.80,-60.48,-66.08,-45.89,-49.54,-49.80,-48.55,-46.03,-55.19,-59.19,-58.47,-51.68,-58.29,-44.74,-55.10,2026-06-14 15:33:04+00:00
2026-06-14T15:34:04+00:00,-47.56,-62.15,-63.48,-60.59,-67.14,-45.82,-49.44,-49.89,-48.58,-46.11,-54.95,-59.05,-58.46,-51.57,-58.48,-44.67,-55.50,2026-06-14 15:34:04+00:00
2026-06-14T15:35:04+00:00,-47.97,-63.08,-63.54,-60.79,-65.93,-45.96,-49.65,-49.93,-48.23,-46.14,-54.81,-59.36,-58.54,-51.41,-58.52,-44.71,-54.77,2026-06-14 15:35:04+00:00
2026-06-14T15:36:04+00:00,-48.02,-62.26,-63.34,-60.69,-66.74,-45.17,-49.66,-49.89,-48.29,-46.18,-54.79,-59.51,-58.59,-51.29,-58.56,-44.73,-55.65,2026-06-14 15:36:04+00:00
2026-06-14T15:37:03+00:00,-45.20,-61.04,-64.65,-60.80,-66.35,-45.34,-49.55,-49.89,-47.99,-46.18,-54.80,-67.45,-58.67,-51.31,-58.65,-44.98,-54.80,2026-06-14 15:37:03+00:00
2026-06-14T15:38:03+00:00,-46.33,-61.28,-64.61,-60.68,-67.26,-45.23,-49.47,-49.84,-46.99,-46.18,-54.53,-67.66,-58.61,-51.13,-58.10,-44.54,-55.46,2026-06-14 15:38:03+00:00
2026-06-14T15:39:04+00:00,-47.21,-61.32,-64.78,-60.56,-67.08,-45.43,-49.61,-49.89,-47.00,-46.25,-55.41,-67.86,-58.84,-51.35,-58.64,-44.65,-55.58,2026-06-14 15:39:04+00:00
2026-06-14T15:40:04+00:00,-47.26,-60.63,-64.39,-60.48,-66.94,-45.48,-49.55,-49.88,-47.22,-45.94,-55.70,-67.13,-58.72,-51.13,-58.12,-44.70,-55.48,2026-06-14 15:40:04+00:00
2026-06-14T15:41:04+00:00,-46.77,-61.17,-64.59,-60.60,-66.15,-45.42,-49.73,-49.76,-48.60,-46.17,-55.56,-67.33,-58.75,-50.80,-58.21,-44.45,-55.40,2026-06-14 15:41:04+00:00
2026-06-14T15:42:03+00:00,-47.58,-61.13,-64.84,-60.56,-66.35,-45.68,-49.58,-49.84,-48.85,-46.16,-55.92,-67.94,-58.60,-50.87,-58.96,-44.41,-54.66,2026-06-14 15:42:03+00:00
2026-06-14T15:43:04+00:00,-47.27,-61.80,-64.79,-60.44,-66.35,-45.46,-49.93,-49.91,-50.52,-46.32,-55.76,-67.81,-58.66,-50.57,-57.75,-44.34,-55.47,2026-06-14 15:43:04+00:00
2026-06-14T15:44:04+00:00,-47.00,-61.93,-64.77,-60.49,-66.27,-45.55,-49.85,-49.86,-49.15,-46.15,-55.73,-67.63,-58.63,-50.37,-58.18,-44.41,-54.94,2026-06-14 15:44:04+00:00
2026-06-14T15:45:04+00:00,-46.96,-61.94,-64.85,-60.47,-65.80,-45.65,-49.80,-49.95,-49.16,-46.40,-55.81,-68.04,-58.76,-50.42,-58.56,-44.40,-54.67,2026-06-14 15:45:04+00:00
2026-06-14T15:46:03+00:00,-46.88,-61.79,-65.04,-60.53,-66.41,-45.59,-49.39,-49.89,-49.75,-46.42,-55.80,-67.53,-58.88,-50.09,-58.49,-44.46,-55.61,2026-06-14 15:46:03+00:00
2026-06-14T15:47:03+00:00,-47.24,-61.56,-64.61,-60.40,-66.64,-45.80,-49.50,-49.83,-49.68,-46.41,-55.74,-66.98,-58.87,-50.03,-58.88,-44.39,-55.79,2026-06-14 15:47:03+00:00
2026-06-14T15:48:04+00:00,-48.11,-61.09,-64.72,-60.85,-66.12,-45.88,-49.71,-49.93,-49.45,-46.43,-55.60,-67.40,-58.78,-49.70,-59.04,-44.58,-55.71,2026-06-14 15:48:04+00:00
2026-06-14T15:49:04+00:00,-48.76,-61.10,-64.93,-60.95,-66.00,-45.65,-49.63,-49.92,-49.70,-46.21,-55.98,-67.59,-58.76,-49.54,-58.85,-44.82,-54.57,2026-06-14 15:49:04+00:00
2026-06-14T15:50:04+00:00,-48.47,-61.07,-64.83,-60.78,-65.95,-45.65,-49.80,-49.93,-49.73,-46.24,-55.62,-67.32,-58.86,-49.21,-58.79,-44.61,-55.72,2026-06-14 15:50:04+00:00
2026-06-14T15:51:04+00:00,-48.65,-61.78,-65.05,-60.81,-66.39,-45.84,-49.75,-50.03,-49.66,-46.27,-55.64,-67.55,-58.98,-49.41,-58.82,-44.54,-54.87,2026-06-14 15:51:04+00:00
2026-06-14T15:52:04+00:00,-48.32,-61.04,-64.93,-60.69,-66.12,-45.48,-49.41,-50.09,-49.75,-46.36,-55.57,-67.59,-58.94,-49.23,-59.02,-44.75,-55.63,2026-06-14 15:52:04+00:00
2026-06-14T15:53:03+00:00,-48.22,-61.47,-64.90,-60.53,-65.93,-45.67,-49.45,-49.98,-49.93,-46.23,-55.55,-67.32,-58.86,-49.40,-58.19,-44.76,-55.75,2026-06-14 15:53:03+00:00
2026-06-14T15:54:03+00:00,-48.51,-61.00,-64.95,-60.86,-66.50,-45.75,-49.84,-49.86,-50.16,-46.35,-55.70,-67.29,-58.79,-49.07,-58.53,-44.87,-55.50,2026-06-14 15:54:03+00:00
2026-06-14T15:55:04+00:00,-48.14,-60.95,-65.16,-60.42,-66.32,-45.75,-50.36,-49.83,-50.08,-46.35,-55.69,-67.41,-58.98,-48.89,-58.20,-44.81,-55.47,2026-06-14 15:55:04+00:00
2026-06-14T15:56:04+00:00,-48.12,-60.42,-64.76,-60.55,-66.19,-45.86,-49.82,-49.80,-49.46,-46.21,-55.63,-67.20,-58.94,-48.83,-58.12,-45.04,-55.54,2026-06-14 15:56:04+00:00
2026-06-14T15:57:04+00:00,-47.52,-60.94,-65.04,-60.73,-66.42,-46.03,-50.34,-49.82,-49.38,-46.33,-55.68,-67.37,-58.78,-48.99,-58.32,-44.91,-55.02,2026-06-14 15:57:04+00:00
2026-06-14T15:58:03+00:00,-47.95,-60.97,-65.05,-60.75,-66.46,-45.82,-49.59,-49.92,-49.34,-46.37,-55.75,-67.14,-58.75,-49.02,-58.40,-45.23,-55.51,2026-06-14 15:58:03+00:00
2026-06-14T15:59:03+00:00,-47.60,-61.02,-64.87,-60.61,-66.54,-45.84,-49.45,-49.90,-50.22,-46.33,-55.80,-67.58,-59.07,-48.97,-58.27,-45.22,-55.74,2026-06-14 15:59:03+00:00
2026-06-14T16:00:04+00:00,-47.71,-60.79,-64.95,-60.54,-66.22,-45.68,-49.87,-49.89,-49.42,-46.38,-54.06,-67.48,-58.99,-49.13,-58.09,-45.33,-55.57,2026-06-14 16:00:04+00:00
2026-06-14T16:01:04+00:00,-46.68,-60.58,-64.93,-60.45,-66.07,-46.06,-49.85,-50.00,-49.26,-46.31,-54.74,-67.58,-59.17,-49.01,-58.10,-45.37,-55.82,2026-06-14 16:01:04+00:00
2026-06-14T16:02:03+00:00,-46.94,-61.15,-65.00,-60.39,-65.77,-45.92,-49.64,-50.01,-49.16,-46.22,-55.64,-67.92,-59.02,-48.90,-58.12,-45.48,-55.89,2026-06-14 16:02:03+00:00
2026-06-14T16:03:03+00:00,-46.81,-61.05,-65.14,-60.78,-66.37,-46.10,-49.57,-50.09,-49.22,-46.02,-55.75,-67.94,-59.05,-48.92,-58.33,-45.59,-55.77,2026-06-14 16:03:03+00:00
2026-06-14T16:04:04+00:00,-46.99,-60.76,-64.74,-60.84,-66.71,-45.84,-49.75,-50.20,-49.18,-46.24,-55.60,-67.71,-59.10,-48.70,-58.68,-45.27,-55.82,2026-06-14 16:04:04+00:00
2026-06-14T16:05:04+00:00,-47.09,-60.51,-64.86,-60.93,-65.68,-45.83,-49.66,-50.46,-49.06,-46.33,-55.62,-67.49,-59.34,-48.74,-58.41,-45.33,-55.83,2026-06-14 16:05:04+00:00
2026-06-14T16:06:03+00:00,-47.39,-61.67,-64.92,-60.84,-67.19,-45.93,-50.01,-50.77,-49.20,-46.43,-55.34,-66.75,-59.16,-48.83,-58.67,-45.67,-55.86,2026-06-14 16:06:03+00:00
2026-06-14T16:07:04+00:00,-47.29,-61.33,-64.91,-60.91,-65.42,-46.04,-49.55,-50.67,-48.44,-46.48,-55.51,-67.49,-59.07,-48.70,-58.44,-45.65,-55.70,2026-06-14 16:07:04+00:00
2026-06-14T16:08:03+00:00,-47.27,-61.28,-64.99,-60.54,-66.93,-46.01,-49.82,-50.57,-48.42,-46.52,-55.65,-67.06,-59.16,-48.83,-58.30,-45.72,-56.01,2026-06-14 16:08:03+00:00
2026-06-14T16:09:04+00:00,-47.15,-61.15,-65.13,-61.03,-66.35,-45.99,-49.62,-50.36,-48.48,-46.52,-55.52,-67.46,-59.31,-48.71,-58.61,-46.23,-56.00,2026-06-14 16:09:04+00:00
2026-06-14T16:10:04+00:00,-47.12,-61.76,-64.99,-60.89,-66.95,-45.69,-49.82,-50.31,-48.52,-46.51,-55.58,-67.80,-59.37,-48.88,-58.18,-46.43,-55.72,2026-06-14 16:10:04+00:00
2026-06-14T16:11:03+00:00,-46.75,-61.42,-65.20,-61.11,-66.50,-45.97,-49.74,-50.49,-47.56,-46.37,-55.75,-67.82,-59.23,-48.79,-58.31,-46.38,-55.73,2026-06-14 16:11:03+00:00
2026-06-14T16:12:03+00:00,-46.91,-61.50,-65.02,-60.73,-65.88,-46.17,-49.80,-50.23,-47.58,-46.38,-55.55,-67.55,-59.55,-48.46,-58.59,-46.18,-55.62,2026-06-14 16:12:03+00:00
2026-06-14T16:13:04+00:00,-46.90,-61.67,-65.11,-60.91,-66.14,-45.84,-49.79,-50.16,-47.37,-46.23,-55.60,-67.84,-59.31,-48.74,-58.91,-46.16,-55.58,2026-06-14 16:13:04+00:00
2026-06-14T16:14:04+00:00,-46.86,-61.51,-65.09,-60.78,-66.65,-46.00,-49.90,-50.20,-47.30,-46.28,-55.79,-67.79,-59.45,-48.42,-58.62,-46.37,-55.57,2026-06-14 16:14:04+00:00
2026-06-14T16:15:04+00:00,-46.85,-62.11,-65.00,-60.71,-67.22,-46.12,-50.13,-50.09,-47.38,-46.27,-55.37,-67.80,-59.43,-48.66,-58.52,-46.26,-55.55,2026-06-14 16:15:04+00:00
2026-06-14T16:16:03+00:00,-48.18,-62.48,-64.99,-60.68,-66.41,-45.86,-49.86,-50.25,-47.48,-46.27,-54.92,-67.80,-59.40,-48.66,-58.92,-46.36,-55.62,2026-06-14 16:16:03+00:00
2026-06-14T16:17:03+00:00,-48.09,-61.76,-64.51,-60.89,-66.50,-45.96,-50.14,-50.27,-47.59,-46.03,-55.60,-67.80,-59.64,-48.64,-59.01,-46.45,-55.67,2026-06-14 16:17:03+00:00
2026-06-14T16:18:04+00:00,-47.65,-61.86,-64.41,-60.79,-65.97,-46.03,-50.12,-50.29,-47.96,-46.11,-55.74,-67.67,-59.52,-48.76,-58.70,-46.38,-55.70,2026-06-14 16:18:04+00:00
2026-06-14T16:19:04+00:00,-47.80,-62.11,-64.50,-60.79,-66.75,-46.21,-49.88,-50.23,-47.78,-46.19,-55.61,-67.82,-59.68,-48.59,-58.69,-46.30,-55.45,2026-06-14 16:19:04+00:00
2026-06-14T16:20:03+00:00,-47.84,-61.93,-64.80,-60.90,-66.29,-46.20,-49.85,-50.35,-47.51,-46.11,-55.70,-67.95,-59.74,-48.95,-58.79,-46.38,-55.53,2026-06-14 16:20:03+00:00
2026-06-14T16:21:03+00:00,-47.87,-62.12,-64.77,-60.50,-66.43,-46.03,-49.98,-50.51,-47.80,-46.11,-55.55,-67.60,-59.56,-48.98,-58.70,-46.55,-55.54,2026-06-14 16:21:03+00:00
2026-06-14T16:22:04+00:00,-48.17,-62.46,-64.94,-60.87,-67.04,-46.27,-50.42,-50.64,-47.54,-46.02,-55.86,-67.74,-59.86,-48.88,-58.98,-46.42,-55.70,2026-06-14 16:22:04+00:00
2026-06-14T16:23:04+00:00,-48.04,-62.09,-64.75,-60.76,-66.19,-46.20,-49.61,-50.83,-47.57,-46.08,-55.62,-67.32,-59.78,-48.89,-58.35,-46.56,-55.92,2026-06-14 16:23:04+00:00
2026-06-14T16:24:04+00:00,-48.42,-62.71,-64.60,-60.88,-66.13,-46.08,-50.00,-50.85,-47.62,-46.01,-55.40,-66.92,-59.91,-48.85,-59.10,-46.71,-55.78,2026-06-14 16:24:04+00:00
2026-06-14T16:25:03+00:00,-48.04,-62.78,-64.86,-60.88,-66.38,-45.95,-50.34,-50.88,-47.61,-46.01,-55.76,-67.73,-59.80,-48.75,-58.67,-46.50,-55.74,2026-06-14 16:25:03+00:00
2026-06-14T16:26:03+00:00,-47.36,-57.57,-65.04,-60.73,-66.58,-46.17,-50.09,-50.63,-49.08,-46.10,-55.68,-67.85,-59.73,-48.84,-58.73,-46.66,-55.67,2026-06-14 16:26:03+00:00
2026-06-14T16:27:04+00:00,-48.08,-61.38,-64.81,-60.69,-66.47,-46.20,-49.74,-50.59,-49.03,-45.89,-55.72,-67.67,-63.51,-48.84,-58.60,-46.64,-55.70,2026-06-14 16:27:04+00:00
2026-06-14T16:28:04+00:00,-47.88,-60.61,-64.96,-60.83,-66.34,-46.01,-49.64,-50.36,-49.80,-45.87,-55.75,-67.75,-60.21,-48.99,-58.71,-46.94,-55.72,2026-06-14 16:28:04+00:00
2026-06-14T16:29:03+00:00,-48.33,-61.34,-64.65,-60.69,-66.07,-46.29,-49.82,-50.33,-49.09,-45.91,-55.72,-67.47,-60.28,-48.80,-58.67,-46.95,-55.97,2026-06-14 16:29:03+00:00
2026-06-14T16:30:03+00:00,-48.50,-61.27,-64.60,-60.60,-66.71,-46.08,-49.91,-50.29,-49.26,-45.93,-54.20,-67.32,-60.20,-48.80,-58.24,-46.95,-55.73,2026-06-14 16:30:03+00:00
2026-06-14T16:31:03+00:00,-48.36,-61.04,-64.61,-60.94,-66.41,-45.93,-49.81,-50.24,-49.29,-46.02,-55.60,-67.54,-60.05,-48.61,-58.54,-46.68,-55.58,2026-06-14 16:31:03+00:00
2026-06-14T16:32:04+00:00,-47.90,-61.23,-64.70,-60.66,-67.25,-45.88,-49.46,-50.20,-49.67,-46.03,-55.69,-67.48,-60.27,-48.77,-58.58,-46.89,-55.70,2026-06-14 16:32:04+00:00
2026-06-14T16:33:04+00:00,-48.31,-60.74,-64.52,-60.70,-66.99,-46.23,-50.11,-50.39,-49.43,-46.00,-55.75,-67.71,-60.25,-48.48,-58.29,-47.05,-55.68,2026-06-14 16:33:04+00:00
2026-06-14T16:34:03+00:00,-47.83,-60.89,-64.72,-60.68,-66.16,-46.16,-49.95,-50.39,-49.63,-46.00,-55.83,-68.04,-60.26,-48.26,-58.54,-47.05,-55.74,2026-06-14 16:34:03+00:00
2026-06-14T16:35:03+00:00,-47.69,-59.42,-64.50,-60.63,-65.71,-46.16,-49.99,-50.45,-49.62,-46.17,-54.64,-67.63,-60.21,-48.20,-58.76,-47.13,-55.78,2026-06-14 16:35:03+00:00
2026-06-14T16:36:04+00:00,-48.00,-61.10,-64.67,-60.72,-66.75,-46.46,-49.85,-50.68,-50.38,-46.19,-54.18,-67.04,-60.32,-48.04,-58.58,-47.30,-55.66,2026-06-14 16:36:04+00:00
2026-06-14T16:37:03+00:00,-47.87,-61.37,-64.79,-60.60,-66.01,-46.00,-50.08,-50.61,-50.52,-46.36,-55.93,-68.02,-60.55,-47.87,-58.84,-47.38,-55.67,2026-06-14 16:37:03+00:00
2026-06-14T16:38:03+00:00,-47.96,-61.41,-64.90,-60.82,-66.37,-45.95,-50.38,-50.65,-50.57,-46.42,-55.56,-68.26,-60.34,-47.60,-59.22,-47.46,-55.66,2026-06-14 16:38:03+00:00
2026-06-14T16:39:04+00:00,-48.09,-60.70,-64.55,-60.88,-66.52,-46.14,-49.67,-50.56,-50.72,-46.34,-55.54,-67.71,-60.54,-47.64,-59.02,-47.30,-55.61,2026-06-14 16:39:04+00:00
2026-06-14T16:40:04+00:00,-47.97,-61.16,-63.91,-60.80,-66.49,-46.10,-50.01,-50.32,-50.67,-46.24,-55.29,-67.40,-60.40,-47.35,-58.80,-47.53,-55.56,2026-06-14 16:40:04+00:00
2026-06-14T16:41:03+00:00,-48.22,-61.48,-64.49,-60.94,-67.05,-46.12,-49.73,-50.21,-50.73,-46.16,-54.84,-68.09,-60.50,-47.41,-58.67,-47.49,-55.63,2026-06-14 16:41:03+00:00
2026-06-14T16:42:03+00:00,-48.07,-60.42,-64.26,-60.85,-66.52,-46.15,-49.89,-50.16,-50.98,-46.17,-55.57,-67.89,-60.63,-47.30,-58.50,-47.45,-55.69,2026-06-14 16:42:03+00:00
2026-06-14T16:43:04+00:00,-48.17,-60.33,-64.23,-61.02,-66.77,-46.23,-49.92,-50.09,-50.98,-46.27,-55.65,-68.01,-60.28,-47.32,-59.01,-47.58,-55.93,2026-06-14 16:43:04+00:00
2026-06-14T16:44:04+00:00,-48.00,-61.04,-64.29,-60.71,-65.62,-46.30,-49.72,-50.05,-51.96,-46.23,-55.71,-67.86,-60.34,-47.27,-59.00,-47.83,-55.03,2026-06-14 16:44:04+00:00
2026-06-14T16:45:04+00:00,-47.78,-60.88,-64.14,-60.71,-65.77,-46.07,-50.19,-50.10,-51.95,-46.14,-54.68,-67.58,-60.36,-47.41,-58.42,-47.42,-55.01,2026-06-14 16:45:04+00:00
2026-06-14T16:46:03+00:00,-46.54,-60.35,-64.19,-60.68,-66.89,-46.37,-49.95,-50.14,-51.25,-46.14,-55.69,-67.61,-60.49,-47.38,-58.94,-47.65,-54.95,2026-06-14 16:46:03+00:00
2026-06-14T16:47:03+00:00,-46.74,-61.36,-64.49,-60.59,-65.79,-46.44,-50.20,-50.09,-51.65,-46.30,-54.22,-67.70,-60.37,-47.31,-58.99,-47.59,-55.76,2026-06-14 16:47:03+00:00
2026-06-14T16:48:04+00:00,-46.68,-59.94,-64.27,-60.62,-65.97,-46.25,-50.25,-50.23,-52.65,-46.16,-55.73,-67.63,-60.30,-47.21,-58.86,-47.48,-55.08,2026-06-14 16:48:04+00:00
2026-06-14T16:49:04+00:00,-46.85,-60.98,-64.23,-60.67,-66.46,-46.22,-49.94,-50.46,-51.83,-46.17,-55.68,-67.79,-60.17,-46.94,-58.89,-47.32,-56.08,2026-06-14 16:49:04+00:00
2026-06-14T16:50:04+00:00,-46.84,-60.97,-64.38,-60.47,-66.76,-46.21,-49.81,-50.33,-51.68,-46.10,-55.86,-67.67,-60.24,-47.09,-59.07,-47.19,-55.15,2026-06-14 16:50:04+00:00
2026-06-14T16:51:03+00:00,-47.18,-60.96,-64.39,-60.87,-65.56,-46.17,-50.10,-50.19,-51.30,-46.18,-55.66,-67.33,-60.38,-47.02,-59.28,-47.16,-55.90,2026-06-14 16:51:03+00:00
2026-06-14T16:52:03+00:00,-46.43,-61.01,-64.56,-60.54,-66.39,-46.23,-49.92,-50.56,-52.01,-46.16,-55.10,-67.95,-60.25,-47.14,-58.76,-46.99,-55.79,2026-06-14 16:52:03+00:00
2026-06-14T16:53:04+00:00,-47.19,-60.48,-64.45,-60.71,-66.34,-46.35,-50.33,-50.49,-50.51,-46.13,-55.51,-67.61,-60.07,-46.90,-58.76,-46.90,-54.88,2026-06-14 16:53:04+00:00
2026-06-14T16:54:04+00:00,-47.08,-60.87,-64.10,-60.84,-66.65,-46.14,-50.01,-50.59,-51.05,-46.20,-55.71,-66.39,-60.20,-46.93,-58.94,-47.05,-55.68,2026-06-14 16:54:04+00:00
2026-06-14T16:55:04+00:00,-46.83,-59.94,-64.15,-60.52,-67.20,-46.34,-50.15,-50.49,-49.97,-46.26,-55.78,-67.30,-60.42,-46.90,-58.64,-46.77,-58.52,2026-06-14 16:55:04+00:00
2026-06-14T16:56:03+00:00,-46.61,-60.91,-64.48,-60.87,-66.65,-46.31,-50.03,-50.62,-49.00,-46.25,-55.96,-67.29,-60.29,-46.69,-58.98,-47.18,-60.46,2026-06-14 16:56:03+00:00
2026-06-14T16:57:03+00:00,-46.81,-60.84,-64.27,-60.76,-66.50,-46.24,-50.37,-50.69,-48.88,-46.28,-55.68,-67.33,-60.20,-46.71,-58.65,-47.24,-60.23,2026-06-14 16:57:03+00:00
2026-06-14T16:58:04+00:00,-46.88,-61.14,-64.34,-60.49,-66.26,-46.49,-50.38,-50.27,-48.51,-46.27,-55.77,-67.62,-60.47,-46.75,-58.60,-47.13,-60.03,2026-06-14 16:58:04+00:00
2026-06-14T16:59:04+00:00,-47.06,-61.01,-64.40,-60.60,-65.29,-46.23,-50.31,-50.41,-48.69,-46.40,-55.70,-67.13,-60.24,-46.72,-59.01,-46.98,-57.75,2026-06-14 16:59:04+00:00
2026-06-14T17:00:03+00:00,-46.83,-60.83,-64.06,-60.34,-66.11,-46.58,-50.18,-50.64,-48.35,-46.35,-55.74,-66.90,-60.13,-46.88,-53.97,-47.04,-59.83,2026-06-14 17:00:03+00:00
2026-06-14T17:01:04+00:00,-48.28,-61.14,-64.37,-60.50,-66.45,-46.29,-50.40,-50.89,-48.84,-46.38,-55.75,-67.34,-60.47,-46.73,-59.19,-47.51,-57.73,2026-06-14 17:01:04+00:00
2026-06-14T17:02:04+00:00,-48.35,-61.55,-64.20,-60.59,-65.87,-46.34,-50.51,-50.79,-48.52,-46.33,-55.68,-67.51,-60.62,-46.81,-58.88,-46.98,-60.06,2026-06-14 17:02:04+00:00
2026-06-14T17:03:03+00:00,-48.57,-61.36,-63.86,-60.34,-66.68,-46.31,-50.23,-51.29,-48.24,-46.45,-55.82,-67.35,-60.61,-46.57,-58.62,-46.93,-60.36,2026-06-14 17:03:03+00:00
2026-06-14T17:04:03+00:00,-48.76,-62.03,-64.22,-60.66,-66.65,-46.47,-50.05,-51.31,-48.64,-46.54,-55.73,-67.65,-60.73,-46.78,-59.46,-47.09,-60.29,2026-06-14 17:04:03+00:00
2026-06-14T17:05:04+00:00,-48.71,-61.79,-64.48,-60.66,-65.68,-46.17,-49.95,-51.35,-47.26,-46.39,-55.79,-67.56,-60.69,-46.54,-59.75,-47.34,-60.21,2026-06-14 17:05:04+00:00
2026-06-14T17:06:04+00:00,-48.65,-61.46,-64.17,-60.23,-65.94,-46.31,-50.58,-51.30,-47.41,-46.53,-55.75,-67.26,-60.53,-46.85,-59.16,-47.04,-57.71,2026-06-14 17:06:04+00:00
2026-06-14T17:07:04+00:00,-48.56,-62.59,-64.44,-60.12,-66.91,-46.62,-50.37,-51.48,-47.42,-46.58,-55.81,-67.37,-60.66,-46.71,-59.23,-47.16,-57.75,2026-06-14 17:07:04+00:00
2026-06-14T17:08:04+00:00,-48.65,-62.57,-64.15,-60.19,-65.71,-46.64,-50.43,-51.48,-47.44,-46.55,-55.58,-67.24,-60.82,-46.74,-58.74,-47.30,-58.48,2026-06-14 17:08:04+00:00
2026-06-14T17:09:03+00:00,-49.00,-63.44,-64.44,-60.51,-66.16,-46.59,-50.09,-51.53,-47.56,-46.65,-54.09,-67.35,-67.65,-46.49,-59.24,-47.22,-60.23,2026-06-14 17:09:03+00:00
2026-06-14T17:10:03+00:00,-48.63,-63.21,-64.49,-60.39,-66.03,-46.39,-50.34,-51.35,-48.45,-46.51,-55.79,-67.55,-62.69,-46.57,-58.41,-47.29,-60.36,2026-06-14 17:10:03+00:00
2026-06-14T17:11:04+00:00,-48.96,-63.38,-64.37,-60.12,-67.23,-46.59,-50.46,-51.43,-48.61,-46.65,-55.60,-67.60,-63.17,-46.64,-59.30,-47.39,-57.90,2026-06-14 17:11:04+00:00
2026-06-14T17:12:04+00:00,-48.57,-63.27,-64.39,-60.36,-66.01,-46.51,-49.85,-51.54,-48.61,-46.61,-55.42,-67.57,-66.05,-46.53,-58.91,-47.24,-60.37,2026-06-14 17:12:04+00:00
2026-06-14T17:13:03+00:00,-48.59,-62.71,-64.22,-60.42,-66.29,-46.47,-50.55,-51.30,-48.62,-46.63,-55.82,-67.43,-61.39,-46.47,-58.94,-47.45,-60.16,2026-06-14 17:13:03+00:00
2026-06-14T17:14:03+00:00,-47.88,-63.44,-64.37,-60.64,-66.70,-45.69,-50.11,-51.18,-47.87,-46.79,-54.67,-67.34,-61.46,-46.43,-58.74,-47.59,-59.69,2026-06-14 17:14:03+00:00
2026-06-14T17:15:04+00:00,-47.67,-62.90,-63.02,-60.71,-66.08,-45.46,-50.11,-51.10,-47.59,-46.52,-53.67,-62.62,-61.24,-46.53,-58.79,-47.46,-57.63,2026-06-14 17:15:04+00:00
2026-06-14T17:16:04+00:00,-47.53,-62.99,-63.64,-60.73,-66.56,-46.00,-50.34,-51.22,-48.07,-46.96,-55.83,-55.57,-61.53,-46.23,-58.68,-47.35,-60.34,2026-06-14 17:16:04+00:00
2026-06-14T17:17:04+00:00,-47.36,-63.44,-63.74,-60.58,-67.15,-46.44,-50.27,-51.30,-48.07,-46.80,-55.16,-55.62,-61.63,-46.12,-58.80,-47.54,-59.96,2026-06-14 17:17:04+00:00
2026-06-14T17:18:03+00:00,-47.46,-61.48,-63.71,-60.41,-67.12,-46.23,-50.52,-51.34,-47.99,-46.89,-54.38,-55.67,-61.80,-46.19,-58.91,-47.73,-59.76,2026-06-14 17:18:03+00:00
2026-06-14T17:19:03+00:00,-47.79,-62.11,-64.23,-60.57,-65.98,-46.12,-50.71,-51.37,-47.99,-46.97,-54.76,-55.92,-61.81,-46.25,-58.93,-47.59,-59.67,2026-06-14 17:19:03+00:00
2026-06-14T17:20:04+00:00,-47.52,-62.74,-64.01,-60.22,-66.56,-46.05,-50.92,-51.43,-49.08,-46.86,-54.53,-67.18,-61.74,-45.97,-58.55,-47.58,-60.21,2026-06-14 17:20:04+00:00
2026-06-14T17:21:04+00:00,-47.57,-62.54,-64.61,-60.68,-66.40,-45.90,-50.56,-51.36,-48.80,-46.69,-54.54,-66.96,-61.91,-46.00,-59.12,-47.62,-60.25,2026-06-14 17:21:04+00:00
2026-06-14T17:22:04+00:00,-47.33,-61.98,-64.18,-60.45,-65.67,-45.95,-50.37,-51.43,-48.66,-46.86,-54.29,-66.89,-62.05,-45.84,-58.83,-47.76,-58.92,2026-06-14 17:22:04+00:00
2026-06-14T17:23:03+00:00,-47.77,-63.52,-64.47,-60.35,-65.95,-45.90,-50.72,-51.34,-48.57,-47.06,-54.33,-67.27,-62.03,-45.86,-58.60,-47.78,-60.52,2026-06-14 17:23:03+00:00
2026-06-14T17:24:03+00:00,-47.97,-62.80,-63.93,-60.46,-66.00,-45.90,-50.45,-51.39,-48.57,-46.93,-54.30,-67.02,-62.04,-45.67,-58.41,-48.00,-60.30,2026-06-14 17:24:03+00:00
2026-06-14T17:25:04+00:00,-47.62,-63.16,-64.36,-60.38,-66.16,-45.94,-50.61,-51.46,-48.68,-47.07,-53.37,-67.36,-62.09,-45.89,-58.61,-48.00,-60.23,2026-06-14 17:25:04+00:00
2026-06-14T17:26:04+00:00,-47.79,-62.30,-64.24,-60.67,-66.58,-45.95,-50.14,-51.67,-48.56,-46.97,-54.17,-67.94,-62.18,-45.74,-58.12,-48.45,-60.03,2026-06-14 17:26:04+00:00
2026-06-14T17:27:04+00:00,-47.92,-62.69,-64.44,-60.81,-67.01,-45.98,-50.72,-51.79,-48.65,-47.11,-54.42,-67.98,-62.19,-45.89,-58.82,-48.58,-60.28,2026-06-14 17:27:04+00:00
2026-06-14T17:28:03+00:00,-47.77,-62.71,-63.21,-60.48,-66.79,-45.72,-50.60,-51.66,-48.71,-47.04,-54.22,-62.78,-62.19,-45.70,-58.77,-48.98,-60.19,2026-06-14 17:28:03+00:00
2026-06-14T17:29:03+00:00,-47.54,-63.00,-63.79,-60.40,-67.09,-45.91,-50.69,-51.39,-48.97,-47.27,-53.86,-66.14,-62.25,-45.56,-58.43,-49.03,-60.30,2026-06-14 17:29:03+00:00
2026-06-14T17:30:04+00:00,-47.49,-62.66,-63.71,-60.28,-66.77,-45.69,-50.70,-51.65,-48.96,-47.15,-53.92,-65.97,-61.85,-45.72,-58.87,-49.17,-58.01,2026-06-14 17:30:04+00:00
2026-06-14T17:31:04+00:00,-46.43,-62.99,-63.30,-60.34,-66.17,-45.73,-50.45,-51.67,-48.75,-47.24,-53.99,-64.37,-62.33,-45.54,-58.61,-49.23,-60.23,2026-06-14 17:31:04+00:00
2026-06-14T17:32:04+00:00,-46.33,-63.11,-63.31,-60.63,-65.76,-45.77,-50.70,-51.47,-48.67,-47.21,-53.98,-64.18,-62.43,-45.82,-58.56,-49.46,-59.71,2026-06-14 17:32:04+00:00
2026-06-14T17:33:04+00:00,-46.58,-63.11,-63.42,-60.33,-66.30,-45.87,-50.60,-51.43,-48.78,-47.33,-54.00,-64.05,-62.49,-45.76,-59.03,-49.71,-59.47,2026-06-14 17:33:04+00:00
2026-06-14T17:34:03+00:00,-46.56,-62.16,-63.61,-60.39,-66.34,-45.72,-50.94,-51.79,-49.03,-47.26,-53.81,-64.20,-62.66,-45.89,-59.44,-50.12,-59.45,2026-06-14 17:34:03+00:00
2026-06-14T17:35:03+00:00,-46.39,-62.72,-63.74,-60.24,-66.54,-45.87,-51.13,-51.92,-48.80,-47.59,-53.96,-65.78,-62.78,-45.64,-59.69,-49.78,-57.57,2026-06-14 17:35:03+00:00
2026-06-14T17:36:03+00:00,-46.48,-62.76,-64.27,-60.28,-66.02,-45.97,-50.97,-51.78,-48.84,-47.89,-53.69,-66.24,-62.97,-45.81,-59.08,-50.07,-59.31,2026-06-14 17:36:03+00:00
2026-06-14T17:37:03+00:00,-46.57,-63.70,-63.66,-60.34,-66.09,-45.86,-50.86,-51.79,-48.89,-47.89,-53.56,-64.01,-62.68,-45.82,-58.88,-50.11,-60.26,2026-06-14 17:37:03+00:00
2026-06-14T17:38:04+00:00,-46.50,-63.48,-63.79,-59.78,-66.36,-45.96,-51.08,-51.89,-48.93,-47.91,-52.04,-64.01,-62.87,-45.85,-59.00,-49.86,-60.16,2026-06-14 17:38:04+00:00
2026-06-14T17:39:04+00:00,-46.52,-63.29,-63.75,-60.05,-66.52,-45.88,-50.06,-51.77,-48.73,-48.05,-53.43,-63.91,-63.14,-45.87,-58.61,-50.38,-59.84,2026-06-14 17:39:04+00:00
2026-06-14T17:40:04+00:00,-46.90,-63.27,-62.92,-60.03,-66.70,-45.85,-50.69,-51.64,-47.26,-48.26,-53.86,-63.85,-62.54,-45.95,-59.14,-50.16,-59.20,2026-06-14 17:40:04+00:00
2026-06-14T17:41:03+00:00,-46.75,-62.66,-62.50,-60.01,-66.87,-46.08,-50.42,-51.60,-47.61,-47.95,-53.74,-63.06,-62.57,-45.85,-58.91,-50.15,-60.34,2026-06-14 17:41:03+00:00
2026-06-14T17:42:03+00:00,-46.57,-63.06,-63.14,-60.34,-66.63,-45.97,-51.16,-51.57,-47.59,-47.98,-54.06,-65.48,-62.41,-45.74,-58.69,-50.42,-60.20,2026-06-14 17:42:03+00:00
2026-06-14T17:43:04+00:00,-46.58,-62.79,-62.76,-60.14,-65.94,-46.01,-51.35,-51.69,-47.58,-48.14,-54.07,-63.64,-62.42,-45.92,-59.43,-50.35,-58.77,2026-06-14 17:43:04+00:00
2026-06-14T17:44:04+00:00,-46.36,-63.47,-62.61,-60.23,-67.23,-45.91,-51.23,-51.81,-47.64,-48.16,-54.20,-63.73,-62.19,-45.60,-59.21,-50.39,-60.32,2026-06-14 17:44:04+00:00
2026-06-14T17:45:03+00:00,-46.58,-62.23,-62.55,-60.23,-66.03,-46.08,-51.20,-51.80,-47.56,-48.08,-54.14,-63.43,-61.86,-45.82,-59.40,-50.68,-58.29,2026-06-14 17:45:03+00:00
2026-06-14T17:46:03+00:00,-47.86,-62.74,-62.65,-60.54,-65.97,-46.04,-51.76,-51.90,-47.67,-48.17,-54.23,-63.49,-62.17,-45.89,-59.36,-51.06,-60.09,2026-06-14 17:46:03+00:00
2026-06-14T17:47:04+00:00,-48.04,-63.34,-62.41,-60.11,-66.44,-45.88,-52.02,-51.83,-47.75,-48.40,-54.29,-60.96,-62.16,-45.96,-59.49,-51.15,-59.99,2026-06-14 17:47:04+00:00
2026-06-14T17:48:04+00:00,-47.87,-62.72,-62.92,-60.24,-66.68,-45.98,-51.77,-51.68,-47.74,-48.58,-53.86,-64.47,-61.93,-45.89,-59.23,-51.37,-56.22,2026-06-14 17:48:04+00:00
2026-06-14T17:49:04+00:00,-47.94,-62.87,-62.81,-60.32,-66.16,-45.96,-51.01,-51.74,-47.69,-48.50,-54.15,-62.45,-61.98,-45.70,-58.77,-51.59,-59.56,2026-06-14 17:49:04+00:00
2026-06-14T17:50:03+00:00,-48.00,-63.11,-62.77,-60.14,-66.41,-45.82,-51.60,-51.90,-46.95,-48.37,-53.99,-62.84,-61.94,-45.89,-58.91,-51.76,-59.35,2026-06-14 17:50:03+00:00
2026-06-14T17:51:03+00:00,-47.97,-62.98,-62.79,-60.42,-66.68,-46.07,-51.51,-52.03,-46.92,-48.41,-54.24,-62.86,-62.07,-46.01,-59.17,-51.70,-60.14,2026-06-14 17:51:03+00:00
2026-06-14T17:52:04+00:00,-47.62,-63.27,-63.33,-60.28,-66.12,-46.04,-51.75,-52.06,-46.81,-48.72,-54.05,-62.76,-61.73,-45.94,-59.05,-51.82,-59.05,2026-06-14 17:52:04+00:00
2026-06-14T17:53:04+00:00,-47.70,-61.87,-63.21,-60.60,-66.34,-46.11,-51.65,-51.87,-46.84,-48.70,-53.94,-62.70,-61.83,-45.80,-59.51,-51.73,-59.25,2026-06-14 17:53:04+00:00
2026-06-14T17:54:03+00:00,-47.28,-62.60,-63.49,-60.17,-66.41,-46.08,-51.66,-51.84,-46.89,-48.82,-54.22,-64.78,-61.82,-45.83,-59.25,-52.02,-57.80,2026-06-14 17:54:03+00:00
2026-06-14T17:55:03+00:00,-46.84,-62.60,-63.31,-60.29,-66.28,-46.07,-52.14,-51.80,-47.82,-48.91,-54.12,-62.98,-61.82,-45.78,-59.08,-51.60,-55.58,2026-06-14 17:55:03+00:00
2026-06-14T17:56:04+00:00,-47.15,-62.43,-63.91,-60.27,-65.77,-45.68,-52.29,-51.70,-47.72,-48.84,-54.25,-65.11,-62.05,-45.73,-59.00,-52.31,-53.06,2026-06-14 17:56:04+00:00
2026-06-14T17:57:04+00:00,-47.24,-61.97,-63.92,-60.10,-66.62,-46.07,-52.33,-51.63,-47.83,-49.06,-54.11,-65.15,-61.76,-45.82,-58.91,-52.37,-53.09,2026-06-14 17:57:04+00:00
2026-06-14T17:58:04+00:00,-47.32,-62.56,-63.27,-60.60,-65.89,-46.10,-52.59,-51.56,-47.47,-49.04,-54.05,-63.04,-61.85,-45.67,-59.13,-52.69,-53.07,2026-06-14 17:58:04+00:00
2026-06-14T17:59:03+00:00,-47.50,-63.08,-63.14,-60.17,-65.99,-46.30,-51.92,-51.45,-47.44,-49.19,-54.27,-63.28,-61.84,-45.90,-59.40,-52.05,-54.51,2026-06-14 17:59:03+00:00
2026-06-14T18:00:03+00:00,-47.46,-60.98,-63.28,-60.22,-67.13,-46.35,-52.23,-51.58,-47.38,-49.09,-54.38,-63.26,-61.36,-46.02,-58.83,-52.01,-53.05,2026-06-14 18:00:03+00:00
2026-06-14T18:01:03+00:00,-47.32,-62.96,-63.29,-59.76,-66.64,-46.38,-52.85,-51.66,-47.37,-49.10,-54.40,-63.13,-61.53,-45.89,-59.47,-52.05,-52.83,2026-06-14 18:01:03+00:00
2026-06-14T18:02:03+00:00,-47.76,-62.62,-63.85,-60.00,-65.98,-46.35,-52.04,-51.71,-47.46,-49.22,-54.21,-65.18,-61.56,-46.08,-58.81,-51.97,-53.02,2026-06-14 18:02:03+00:00
2026-06-14T18:03:03+00:00,-47.42,-62.12,-63.69,-59.89,-66.10,-46.30,-51.95,-51.78,-47.49,-49.24,-54.49,-64.96,-61.15,-46.03,-58.98,-51.89,-53.13,2026-06-14 18:03:03+00:00
2026-06-14T18:04:04+00:00,-47.62,-62.58,-63.50,-60.17,-65.89,-46.43,-52.11,-51.84,-47.64,-49.37,-54.35,-63.11,-61.25,-46.12,-59.65,-51.94,-53.03,2026-06-14 18:04:04+00:00
2026-06-14T18:05:04+00:00,-47.67,-62.37,-63.30,-60.14,-67.01,-46.34,-52.20,-51.89,-48.63,-49.28,-54.46,-63.18,-61.26,-46.19,-59.13,-51.80,-53.05,2026-06-14 18:05:04+00:00
2026-06-14T18:06:04+00:00,-48.04,-63.13,-63.09,-60.28,-65.94,-46.37,-52.75,-52.01,-48.64,-49.27,-54.47,-63.06,-61.08,-46.19,-59.47,-51.47,-53.21,2026-06-14 18:06:04+00:00
2026-06-14T18:07:04+00:00,-47.85,-62.51,-63.34,-60.39,-65.81,-46.48,-52.15,-52.09,-48.62,-49.23,-54.64,-62.93,-60.84,-46.29,-59.41,-51.56,-53.02,2026-06-14 18:07:04+00:00
2026-06-14T18:08:03+00:00,-49.66,-62.66,-63.77,-60.28,-66.73,-46.32,-52.55,-52.10,-50.07,-49.41,-54.71,-64.88,-60.79,-46.24,-59.03,-51.40,-53.24,2026-06-14 18:08:03+00:00
2026-06-14T18:09:03+00:00,-49.52,-61.59,-63.54,-60.09,-66.63,-46.50,-52.26,-52.11,-50.08,-49.35,-54.67,-64.72,-61.21,-46.19,-58.97,-51.44,-53.08,2026-06-14 18:09:03+00:00
2026-06-14T18:10:04+00:00,-49.93,-62.10,-63.78,-60.07,-66.32,-46.46,-52.40,-52.07,-50.10,-49.40,-54.55,-64.97,-61.16,-46.20,-59.38,-51.11,-59.68,2026-06-14 18:10:04+00:00
2026-06-14T18:11:04+00:00,-50.14,-62.45,-63.34,-59.71,-66.24,-46.44,-51.84,-52.17,-50.15,-49.34,-54.72,-65.01,-61.20,-46.20,-59.12,-51.16,-59.95,2026-06-14 18:11:04+00:00
2026-06-14T18:12:03+00:00,-50.29,-62.60,-63.14,-59.81,-66.34,-46.81,-52.33,-52.23,-50.25,-49.44,-54.68,-64.96,-61.12,-46.24,-58.87,-50.96,-60.40,2026-06-14 18:12:03+00:00
2026-06-14T18:13:03+00:00,-49.78,-60.63,-63.42,-60.01,-66.04,-46.39,-52.14,-52.24,-51.16,-49.37,-54.57,-65.06,-61.08,-45.92,-59.41,-50.54,-57.58,2026-06-14 18:13:03+00:00
2026-06-14T18:14:04+00:00,-50.16,-62.00,-62.56,-60.02,-65.97,-46.52,-52.49,-52.15,-51.56,-49.33,-54.74,-61.07,-61.16,-45.94,-58.62,-50.41,-60.07,2026-06-14 18:14:04+00:00
2026-06-14T18:15:04+00:00,-50.33,-62.04,-63.14,-60.05,-66.32,-46.43,-52.23,-52.23,-51.68,-49.42,-54.73,-64.87,-60.90,-45.94,-59.43,-50.24,-59.93,2026-06-14 18:15:04+00:00
2026-06-14T18:16:04+00:00,-48.26,-61.89,-63.10,-60.17,-66.26,-46.42,-51.99,-52.87,-51.12,-49.36,-54.75,-64.99,-61.01,-45.90,-59.42,-50.40,-60.03,2026-06-14 18:16:04+00:00
2026-06-14T18:17:03+00:00,-48.07,-62.48,-63.30,-60.08,-66.28,-46.32,-51.99,-53.43,-51.24,-49.41,-54.67,-65.39,-61.07,-45.95,-58.56,-50.26,-60.11,2026-06-14 18:17:03+00:00
2026-06-14T18:18:04+00:00,-47.92,-61.14,-64.50,-60.02,-65.64,-46.53,-51.65,-52.81,-51.10,-49.65,-54.66,-65.78,-61.50,-46.00,-58.75,-50.19,-59.69,2026-06-14 18:18:04+00:00
2026-06-14T18:19:04+00:00,-47.93,-61.34,-64.46,-60.13,-66.47,-46.52,-52.20,-52.63,-51.11,-49.52,-54.79,-65.88,-61.56,-46.09,-59.20,-49.99,-60.10,2026-06-14 18:19:04+00:00
2026-06-14T18:20:04+00:00,-48.19,-60.56,-64.08,-60.06,-67.27,-46.53,-52.83,-52.92,-51.28,-49.67,-54.54,-65.53,-61.74,-46.00,-59.08,-50.01,-59.17,2026-06-14 18:20:04+00:00
2026-06-14T18:21:03+00:00,-47.60,-60.92,-64.31,-60.41,-66.41,-46.82,-52.55,-53.32,-51.08,-49.72,-54.73,-65.61,-61.83,-45.86,-58.75,-50.09,-60.12,2026-06-14 18:21:03+00:00
2026-06-14T18:22:03+00:00,-47.67,-62.07,-65.09,-60.11,-66.28,-46.57,-52.10,-53.49,-51.09,-49.76,-54.94,-67.83,-61.88,-46.04,-58.60,-50.25,-60.08,2026-06-14 18:22:03+00:00
2026-06-14T18:23:04+00:00,-47.66,-61.06,-64.96,-60.22,-66.20,-46.45,-52.13,-53.83,-50.70,-49.77,-54.44,-67.75,-61.69,-46.20,-58.60,-50.16,-60.12,2026-06-14 18:23:04+00:00
2026-06-14T18:24:04+00:00,-47.60,-61.65,-63.38,-60.23,-66.58,-46.75,-52.20,-54.10,-50.81,-49.88,-54.82,-60.92,-62.09,-46.05,-58.56,-49.95,-60.25,2026-06-14 18:24:04+00:00
2026-06-14T18:25:03+00:00,-47.46,-61.35,-63.44,-60.31,-66.24,-46.57,-52.20,-54.36,-49.42,-49.82,-54.66,-61.40,-62.35,-46.08,-58.59,-49.95,-60.05,2026-06-14 18:25:03+00:00
2026-06-14T18:26:03+00:00,-47.50,-61.80,-64.39,-60.21,-66.38,-46.57,-52.40,-54.53,-49.19,-49.71,-54.73,-66.30,-62.41,-46.11,-59.08,-49.39,-59.34,2026-06-14 18:26:03+00:00
2026-06-14T18:27:04+00:00,-47.83,-61.28,-63.33,-60.21,-65.41,-46.53,-52.39,-54.82,-48.93,-49.81,-53.60,-61.27,-62.09,-46.27,-58.98,-49.38,-59.99,2026-06-14 18:27:04+00:00
2026-06-14T18:28:04+00:00,-47.69,-61.45,-64.52,-60.41,-66.41,-46.69,-52.78,-55.05,-49.16,-49.82,-54.67,-66.33,-62.68,-46.28,-59.20,-49.68,-60.03,2026-06-14 18:28:04+00:00
2026-06-14T18:29:04+00:00,-47.57,-62.09,-63.67,-60.29,-65.74,-46.75,-52.01,-55.46,-49.22,-49.85,-54.54,-61.53,-63.04,-46.40,-59.11,-49.28,-60.30,2026-06-14 18:29:04+00:00
2026-06-14T18:30:04+00:00,-47.52,-61.13,-64.56,-60.27,-67.06,-46.83,-52.35,-55.87,-49.37,-49.93,-54.38,-66.33,-63.01,-46.49,-59.56,-49.18,-60.42,2026-06-14 18:30:04+00:00
2026-06-14T18:31:03+00:00,-49.54,-61.10,-65.08,-60.09,-66.66,-46.76,-52.11,-56.07,-49.56,-49.96,-54.72,-67.10,-62.81,-46.61,-58.66,-49.10,-60.47,2026-06-14 18:31:03+00:00
2026-06-14T18:32:04+00:00,-49.80,-61.13,-64.00,-60.02,-66.42,-46.82,-52.08,-56.61,-49.48,-49.92,-54.93,-62.56,-63.40,-46.75,-58.82,-49.00,-60.55,2026-06-14 18:32:04+00:00
2026-06-14T18:33:03+00:00,-48.96,-60.97,-63.27,-60.22,-65.44,-46.90,-53.07,-57.48,-49.24,-49.88,-54.54,-61.34,-63.53,-46.70,-58.52,-48.77,-60.05,2026-06-14 18:33:03+00:00
2026-06-14T18:34:03+00:00,-49.27,-60.92,-63.12,-60.25,-66.94,-46.32,-52.49,-57.11,-49.59,-49.92,-54.81,-60.64,-63.55,-46.92,-58.89,-48.87,-59.91,2026-06-14 18:34:03+00:00
2026-06-14T18:35:04+00:00,-49.78,-60.67,-63.46,-60.06,-66.29,-46.72,-52.72,-57.24,-48.11,-49.97,-54.73,-61.76,-63.41,-47.03,-58.90,-48.76,-58.29,2026-06-14 18:35:04+00:00
2026-06-14T18:36:04+00:00,-49.27,-62.29,-63.15,-60.37,-67.04,-46.73,-53.07,-58.24,-48.17,-49.97,-54.41,-60.73,-63.85,-47.19,-59.17,-48.73,-58.75,2026-06-14 18:36:04+00:00
2026-06-14T18:37:04+00:00,-49.39,-62.15,-63.17,-60.51,-67.77,-46.77,-52.35,-57.93,-48.25,-49.91,-53.29,-60.67,-64.16,-46.96,-58.87,-48.98,-60.09,2026-06-14 18:37:04+00:00
2026-06-14T18:38:03+00:00,-49.93,-61.97,-63.77,-60.46,-66.64,-46.85,-53.03,-57.85,-48.48,-49.99,-54.86,-63.01,-64.39,-47.17,-58.42,-49.00,-59.63,2026-06-14 18:38:03+00:00
2026-06-14T18:39:03+00:00,-50.06,-62.18,-64.39,-60.38,-66.52,-46.90,-52.83,-58.08,-47.96,-50.10,-54.80,-66.57,-64.24,-47.14,-59.37,-48.75,-60.15,2026-06-14 18:39:03+00:00
2026-06-14T18:40:04+00:00,-49.86,-61.84,-63.53,-60.12,-65.88,-46.87,-52.43,-58.36,-49.27,-50.08,-54.95,-61.39,-64.16,-46.98,-58.90,-49.06,-60.09,2026-06-14 18:40:04+00:00
2026-06-14T18:41:04+00:00,-49.66,-62.15,-63.68,-60.52,-66.41,-46.92,-52.85,-58.49,-49.33,-49.88,-55.15,-62.11,-64.39,-47.15,-58.89,-48.65,-59.26,2026-06-14 18:41:04+00:00
2026-06-14T18:42:03+00:00,-49.53,-61.88,-63.80,-60.03,-67.00,-46.92,-52.55,-58.65,-49.23,-50.17,-55.18,-64.03,-64.20,-47.31,-58.19,-48.76,-58.93,2026-06-14 18:42:03+00:00
2026-06-14T18:43:03+00:00,-49.14,-62.04,-63.91,-60.25,-66.02,-46.83,-52.03,-59.03,-48.52,-50.02,-55.12,-63.12,-65.04,-47.35,-58.12,-48.82,-58.81,2026-06-14 18:43:03+00:00
2026-06-14T18:44:04+00:00,-49.28,-61.76,-65.17,-60.59,-65.88,-46.99,-52.00,-59.71,-48.76,-50.03,-55.13,-68.02,-65.13,-47.31,-58.43,-49.20,-58.53,2026-06-14 18:44:04+00:00
2026-06-14T18:45:04+00:00,-49.85,-62.16,-64.64,-60.19,-66.35,-46.93,-52.79,-61.24,-48.74,-50.02,-55.16,-63.66,-64.99,-47.46,-58.88,-49.18,-58.82,2026-06-14 18:45:04+00:00
2026-06-14T18:46:04+00:00,-48.91,-62.30,-65.89,-60.17,-66.18,-50.43,-52.81,-61.45,-49.47,-49.81,-55.13,-68.39,-64.73,-47.75,-59.30,-49.13,-59.50,2026-06-14 18:46:04+00:00
2026-06-14T18:47:03+00:00,-49.73,-62.30,-65.84,-60.16,-65.94,-51.73,-52.39,-63.63,-49.34,-49.86,-54.82,-68.35,-64.71,-47.68,-59.09,-49.02,-59.71,2026-06-14 18:47:03+00:00
2026-06-14T18:48:03+00:00,-49.47,-62.31,-65.96,-60.09,-66.58,-51.96,-52.49,-63.37,-49.77,-49.79,-54.88,-67.89,-64.18,-47.73,-59.20,-49.03,-60.10,2026-06-14 18:48:03+00:00
2026-06-14T18:49:04+00:00,-48.47,-62.56,-65.92,-59.84,-67.29,-51.86,-52.88,-65.95,-49.85,-49.79,-55.28,-68.60,-64.18,-47.85,-59.19,-48.90,-59.91,2026-06-14 18:49:04+00:00
2026-06-14T18:50:04+00:00,-49.92,-63.14,-65.77,-59.92,-66.36,-52.07,-52.48,-65.35,-51.23,-49.96,-55.23,-68.33,-63.78,-47.96,-59.48,-48.94,-60.24,2026-06-14 18:50:04+00:00
2026-06-14T18:51:04+00:00,-49.04,-63.05,-65.49,-59.88,-65.82,-51.99,-52.98,-65.61,-50.85,-49.92,-55.35,-68.61,-63.83,-47.74,-58.70,-48.79,-59.92,2026-06-14 18:51:04+00:00
2026-06-14T18:52:03+00:00,-49.78,-64.46,-65.66,-60.29,-66.26,-51.98,-52.20,-66.21,-50.84,-50.07,-55.23,-68.44,-63.19,-47.84,-58.97,-49.01,-56.99,2026-06-14 18:52:03+00:00
2026-06-14T18:53:03+00:00,-49.80,-64.01,-65.75,-60.04,-65.48,-52.05,-51.74,-66.33,-51.14,-49.95,-55.40,-68.86,-63.17,-47.54,-58.90,-48.72,-59.21,2026-06-14 18:53:03+00:00
2026-06-14T18:54:04+00:00,-49.80,-63.61,-64.89,-59.90,-62.91,-51.83,-51.87,-65.54,-51.32,-50.02,-54.73,-67.34,-62.49,-47.40,-59.17,-48.75,-56.45,2026-06-14 18:54:04+00:00
2026-06-14T18:55:04+00:00,-49.95,-63.24,-64.43,-59.89,-62.06,-52.05,-52.02,-65.02,-51.21,-49.80,-54.47,-66.99,-62.12,-47.22,-59.17,-48.50,-58.92,2026-06-14 18:55:04+00:00
2026-06-14T18:56:04+00:00,-49.27,-63.82,-64.21,-59.85,-62.06,-52.03,-52.00,-64.30,-50.72,-49.80,-54.53,-66.79,-61.98,-46.94,-59.41,-48.57,-56.89,2026-06-14 18:56:04+00:00
2026-06-14T18:57:03+00:00,-49.56,-63.20,-64.60,-59.70,-63.39,-52.22,-51.16,-65.35,-50.95,-49.70,-53.81,-66.93,-61.93,-46.76,-58.82,-48.82,-57.72,2026-06-14 18:57:03+00:00
2026-06-14T18:58:03+00:00,-49.66,-62.54,-64.15,-59.77,-62.17,-51.97,-52.30,-65.12,-51.54,-49.63,-53.40,-66.01,-61.39,-46.65,-58.79,-48.28,-58.63,2026-06-14 18:58:03+00:00
2026-06-14T18:59:04+00:00,-50.74,-63.22,-64.22,-59.30,-62.77,-51.87,-51.22,-65.57,-51.91,-49.65,-52.78,-66.49,-60.95,-46.24,-59.33,-48.22,-57.29,2026-06-14 18:59:04+00:00
2026-06-14T19:00:04+00:00,-49.53,-63.29,-64.39,-59.80,-62.97,-52.02,-52.03,-64.85,-50.99,-49.71,-52.48,-66.75,-60.76,-46.10,-59.03,-48.14,-58.85,2026-06-14 19:00:04+00:00
2026-06-14T19:01:04+00:00,-48.29,-63.40,-64.45,-59.55,-62.72,-51.82,-52.10,-65.21,-52.12,-49.57,-52.39,-66.81,-60.47,-45.73,-58.78,-48.75,-58.19,2026-06-14 19:01:04+00:00
2026-06-14T19:02:03+00:00,-48.27,-63.56,-64.53,-59.46,-62.56,-52.01,-51.93,-66.38,-52.43,-49.46,-52.60,-66.97,-60.30,-45.65,-58.93,-48.57,-58.37,2026-06-14 19:02:03+00:00
2026-06-14T19:03:04+00:00,-47.75,-63.10,-64.61,-59.56,-62.66,-51.99,-51.80,-65.87,-51.64,-49.43,-52.71,-66.90,-59.76,-45.54,-58.95,-48.31,-57.70,2026-06-14 19:03:04+00:00
2026-06-14T19:04:04+00:00,-47.65,-63.49,-64.67,-59.62,-61.80,-51.86,-51.85,-65.58,-51.67,-49.35,-53.81,-67.14,-59.84,-45.59,-59.20,-48.10,-58.88,2026-06-14 19:04:04+00:00
2026-06-14T19:05:03+00:00,-47.73,-63.75,-64.31,-59.53,-62.45,-51.88,-52.40,-65.63,-52.33,-49.39,-55.64,-66.51,-59.33,-45.75,-59.04,-48.09,-56.33,2026-06-14 19:05:03+00:00
2026-06-14T19:06:03+00:00,-47.65,-63.91,-64.39,-59.75,-63.34,-51.84,-51.94,-65.89,-50.60,-49.41,-55.52,-67.03,-59.56,-45.39,-58.68,-47.89,-58.51,2026-06-14 19:06:03+00:00
2026-06-14T19:07:03+00:00,-48.33,-62.89,-64.28,-59.64,-63.41,-51.86,-51.99,-66.03,-51.09,-49.22,-55.50,-66.85,-59.73,-44.97,-58.96,-48.23,-58.38,2026-06-14 19:07:03+00:00
2026-06-14T19:08:04+00:00,-47.67,-63.04,-64.38,-59.49,-62.43,-52.02,-51.50,-65.90,-51.45,-48.97,-55.57,-67.32,-59.39,-44.91,-59.06,-48.56,-58.81,2026-06-14 19:08:04+00:00
2026-06-14T19:09:03+00:00,-48.11,-63.19,-64.68,-59.79,-64.06,-51.89,-51.78,-65.92,-51.59,-49.21,-55.47,-67.51,-59.12,-44.63,-58.72,-48.40,-58.65,2026-06-14 19:09:03+00:00
2026-06-14T19:10:04+00:00,-47.73,-62.86,-64.40,-59.38,-62.91,-52.10,-52.04,-65.64,-49.41,-49.01,-55.45,-66.55,-58.83,-44.98,-58.19,-48.70,-58.09,2026-06-14 19:10:04+00:00
2026-06-14T19:11:04+00:00,-48.23,-63.09,-64.57,-59.53,-63.03,-51.86,-52.76,-65.37,-49.66,-49.13,-55.61,-67.18,-58.45,-44.96,-58.21,-48.51,-58.71,2026-06-14 19:11:04+00:00
2026-06-14T19:12:04+00:00,-48.54,-63.64,-64.56,-59.56,-62.83,-51.96,-52.72,-65.43,-49.63,-49.15,-55.63,-66.85,-58.31,-44.83,-58.13,-49.30,-58.54,2026-06-14 19:12:04+00:00
2026-06-14T19:13:03+00:00,-48.40,-63.91,-64.63,-59.71,-61.89,-51.88,-51.31,-65.49,-48.70,-49.11,-55.37,-66.78,-57.94,-44.68,-58.85,-48.96,-58.93,2026-06-14 19:13:03+00:00
2026-06-14T19:14:04+00:00,-48.85,-62.07,-64.17,-59.20,-62.53,-51.74,-51.99,-64.89,-48.16,-49.17,-55.43,-66.77,-57.85,-44.70,-58.60,-49.35,-56.75,2026-06-14 19:14:04+00:00
2026-06-14T19:15:04+00:00,-49.46,-62.65,-64.01,-59.29,-64.25,-51.93,-52.58,-64.59,-48.36,-49.30,-55.62,-66.42,-57.76,-45.02,-59.51,-49.50,-58.69,2026-06-14 19:15:04+00:00
2026-06-14T19:16:04+00:00,-50.63,-62.90,-64.32,-59.17,-62.99,-52.13,-52.14,-65.69,-49.43,-49.44,-55.56,-67.03,-57.45,-45.08,-59.02,-50.38,-58.35,2026-06-14 19:16:04+00:00
2026-06-14T19:17:03+00:00,-49.90,-62.27,-64.12,-59.06,-63.07,-51.79,-52.51,-65.43,-49.96,-49.27,-55.79,-66.84,-57.12,-45.23,-58.33,-49.90,-56.96,2026-06-14 19:17:03+00:00
2026-06-14T19:18:03+00:00,-50.44,-62.57,-64.15,-58.95,-63.45,-51.84,-51.36,-65.02,-48.82,-49.61,-55.60,-67.11,-56.82,-45.24,-58.35,-49.80,-58.76,2026-06-14 19:18:03+00:00
2026-06-14T19:19:04+00:00,-50.51,-61.92,-63.75,-58.86,-63.99,-51.86,-52.37,-64.24,-50.37,-49.66,-55.46,-65.84,-56.73,-45.27,-59.21,-50.12,-57.76,2026-06-14 19:19:04+00:00
2026-06-14T19:20:04+00:00,-50.29,-61.73,-64.11,-59.13,-62.04,-51.90,-52.24,-65.40,-48.34,-49.65,-55.41,-66.76,-56.33,-45.40,-59.49,-50.29,-59.03,2026-06-14 19:20:04+00:00
2026-06-14T19:21:03+00:00,-50.38,-62.67,-64.26,-59.29,-63.45,-51.82,-51.27,-65.50,-48.16,-49.85,-55.66,-66.49,-56.03,-45.58,-59.85,-50.31,-57.66,2026-06-14 19:21:03+00:00
2026-06-14T19:22:03+00:00,-50.45,-62.41,-64.12,-59.21,-62.67,-51.84,-52.23,-65.82,-50.00,-49.80,-55.70,-66.92,-55.77,-45.77,-58.51,-50.67,-59.50,2026-06-14 19:22:03+00:00
2026-06-14T19:23:04+00:00,-50.46,-60.84,-64.29,-59.07,-63.24,-51.90,-52.16,-65.41,-49.35,-49.70,-55.53,-66.53,-55.53,-45.91,-59.11,-50.46,-58.83,2026-06-14 19:23:04+00:00
2026-06-14T19:24:04+00:00,-52.13,-62.54,-64.52,-59.25,-63.32,-51.89,-52.12,-66.12,-49.66,-50.02,-55.66,-67.04,-55.82,-45.70,-59.41,-50.31,-58.71,2026-06-14 19:24:04+00:00
2026-06-14T19:25:03+00:00,-51.50,-62.12,-64.22,-59.04,-63.48,-51.87,-51.23,-65.94,-51.52,-49.80,-55.46,-66.62,-55.38,-45.49,-59.01,-50.53,-58.34,2026-06-14 19:25:03+00:00
2026-06-14T19:26:03+00:00,-50.96,-62.30,-63.96,-58.81,-62.94,-51.89,-51.74,-66.38,-51.31,-50.05,-55.38,-66.71,-55.09,-45.76,-58.56,-50.41,-58.48,2026-06-14 19:26:03+00:00
2026-06-14T19:27:04+00:00,-50.41,-60.95,-64.74,-59.24,-62.74,-52.03,-51.38,-66.12,-52.33,-50.34,-55.74,-67.18,-55.12,-46.08,-58.91,-49.94,-58.83,2026-06-14 19:27:04+00:00
2026-06-14T19:28:04+00:00,-49.98,-61.99,-64.12,-59.21,-61.71,-51.85,-51.79,-65.29,-51.24,-50.31,-55.39,-66.75,-54.84,-45.80,-58.99,-49.58,-58.91,2026-06-14 19:28:04+00:00
2026-06-14T19:29:04+00:00,-50.81,-62.23,-64.56,-59.05,-63.24,-51.76,-51.58,-65.41,-50.53,-50.50,-55.36,-67.43,-54.78,-45.76,-58.96,-50.13,-58.53,2026-06-14 19:29:04+00:00
2026-06-14T19:30:03+00:00,-50.98,-61.63,-64.04,-58.74,-62.50,-51.81,-51.45,-65.99,-50.16,-50.79,-55.20,-66.50,-54.15,-46.03,-58.93,-50.17,-58.11,2026-06-14 19:30:03+00:00
2026-06-14T19:31:03+00:00,-50.00,-61.91,-63.78,-59.01,-63.02,-51.84,-51.83,-65.48,-48.89,-50.99,-54.69,-66.48,-54.02,-46.11,-58.66,-50.13,-57.93,2026-06-14 19:31:03+00:00
2026-06-14T19:32:04+00:00,-49.86,-62.02,-64.37,-59.00,-62.34,-51.56,-51.83,-65.65,-50.55,-51.15,-54.70,-66.50,-54.02,-46.74,-59.19,-49.68,-58.20,2026-06-14 19:32:04+00:00
2026-06-14T19:33:04+00:00,-50.07,-61.75,-64.54,-59.13,-63.22,-50.48,-51.60,-65.88,-48.86,-51.35,-55.93,-66.62,-54.27,-46.65,-59.11,-50.24,-58.68,2026-06-14 19:33:04+00:00
2026-06-14T19:34:03+00:00,-50.29,-62.28,-64.20,-59.14,-62.17,-50.46,-50.84,-65.70,-48.68,-51.55,-55.66,-66.69,-53.99,-46.78,-58.63,-50.57,-59.29,2026-06-14 19:34:03+00:00
2026-06-14T19:35:03+00:00,-50.01,-62.18,-64.04,-58.88,-62.61,-45.85,-51.95,-65.56,-48.81,-51.56,-55.48,-66.02,-53.93,-46.66,-58.31,-50.35,-59.41,2026-06-14 19:35:03+00:00
2026-06-14T19:36:03+00:00,-49.46,-62.02,-64.22,-58.97,-63.36,-45.95,-51.63,-65.72,-50.83,-51.52,-55.71,-66.92,-53.77,-47.32,-58.72,-49.83,-57.58,2026-06-14 19:36:03+00:00
2026-06-14T19:37:04+00:00,-48.68,-62.29,-64.04,-58.90,-63.96,-46.19,-51.57,-66.43,-49.47,-51.96,-56.04,-67.06,-53.52,-47.49,-58.93,-50.04,-57.48,2026-06-14 19:37:04+00:00
2026-06-14T19:38:04+00:00,-48.90,-61.68,-63.95,-59.05,-62.42,-46.05,-51.35,-65.49,-50.76,-52.00,-56.01,-66.39,-53.44,-48.15,-59.00,-49.81,-58.95,2026-06-14 19:38:04+00:00
2026-06-14T19:39:03+00:00,-48.29,-62.19,-64.22,-59.17,-62.92,-46.15,-51.31,-65.90,-52.73,-52.36,-55.99,-66.79,-53.64,-48.63,-59.43,-50.31,-59.45,2026-06-14 19:39:03+00:00
2026-06-14T19:40:04+00:00,-48.37,-60.83,-64.12,-59.09,-62.86,-45.98,-51.54,-65.82,-49.63,-52.77,-55.66,-67.06,-53.91,-48.72,-59.08,-50.37,-58.94,2026-06-14 19:40:04+00:00
2026-06-14T19:41:03+00:00,-49.29,-62.10,-64.35,-58.86,-62.13,-46.07,-51.77,-66.01,-48.79,-53.00,-55.93,-66.90,-53.59,-48.36,-58.41,-49.82,-59.36,2026-06-14 19:41:03+00:00
2026-06-14T19:42:03+00:00,-49.81,-62.19,-64.17,-59.00,-62.74,-46.02,-51.50,-64.76,-50.28,-53.26,-55.93,-66.20,-53.46,-48.22,-59.14,-50.23,-58.18,2026-06-14 19:42:03+00:00
2026-06-14T19:43:04+00:00,-50.05,-61.80,-63.96,-59.15,-63.97,-46.14,-51.52,-64.74,-56.20,-53.67,-55.74,-66.18,-53.35,-48.17,-59.09,-51.16,-59.08,2026-06-14 19:43:04+00:00
2026-06-14T19:44:04+00:00,-49.91,-62.00,-63.59,-59.35,-63.36,-46.06,-51.42,-64.62,-53.23,-54.51,-55.86,-65.77,-53.23,-48.07,-58.99,-51.31,-59.09,2026-06-14 19:44:04+00:00
2026-06-14T19:45:03+00:00,-48.13,-61.90,-64.49,-59.21,-62.81,-46.01,-51.64,-65.15,-50.96,-55.53,-56.02,-66.54,-53.01,-48.19,-59.22,-51.57,-58.58,2026-06-14 19:45:03+00:00
2026-06-14T19:46:03+00:00,-47.73,-62.03,-64.30,-59.24,-64.35,-45.96,-51.59,-65.98,-56.43,-56.28,-56.14,-66.78,-53.18,-48.24,-58.84,-52.31,-58.81,2026-06-14 19:46:03+00:00
2026-06-14T19:47:04+00:00,-47.81,-61.82,-64.24,-59.13,-62.41,-45.92,-51.16,-64.90,-54.14,-56.85,-56.54,-66.51,-53.06,-48.84,-58.63,-52.61,-57.91,2026-06-14 19:47:04+00:00
2026-06-14T19:48:04+00:00,-47.73,-62.00,-64.61,-59.19,-62.42,-46.01,-51.05,-65.63,-49.64,-57.54,-56.58,-66.91,-53.08,-49.65,-58.80,-53.09,-58.73,2026-06-14 19:48:04+00:00
2026-06-14T19:49:03+00:00,-46.98,-63.99,-64.12,-59.42,-63.84,-46.07,-51.55,-64.64,-49.24,-58.74,-56.22,-66.23,-53.02,-49.83,-59.37,-54.14,-58.71,2026-06-14 19:49:03+00:00
2026-06-14T19:50:03+00:00,-47.90,-64.21,-64.32,-59.33,-63.68,-46.15,-51.93,-65.19,-49.59,-59.54,-56.67,-66.97,-52.80,-50.00,-59.26,-55.42,-58.93,2026-06-14 19:50:03+00:00
2026-06-14T19:51:03+00:00,-47.89,-63.46,-63.94,-59.19,-63.34,-46.12,-51.74,-64.91,-49.58,-60.37,-56.54,-65.90,-52.89,-50.89,-58.94,-55.09,-57.92,2026-06-14 19:51:03+00:00
2026-06-14T19:52:04+00:00,-47.34,-63.30,-64.17,-59.34,-64.17,-46.05,-51.00,-65.43,-49.81,-60.18,-59.20,-66.87,-52.83,-51.60,-59.17,-54.92,-59.15,2026-06-14 19:52:04+00:00
2026-06-14T19:53:04+00:00,-48.06,-62.23,-63.96,-59.34,-63.49,-46.16,-51.01,-64.80,-54.07,-60.18,-59.21,-66.29,-52.88,-51.56,-58.94,-54.21,-58.86,2026-06-14 19:53:04+00:00
2026-06-14T19:54:03+00:00,-47.07,-61.64,-64.40,-59.21,-63.47,-45.65,-51.32,-65.61,-51.26,-61.26,-59.45,-66.24,-52.90,-51.56,-59.04,-54.18,-58.87,2026-06-14 19:54:03+00:00
2026-06-14T19:55:03+00:00,-47.65,-61.08,-64.38,-59.51,-62.36,-45.71,-51.32,-65.71,-51.76,-61.19,-59.60,-66.56,-52.87,-52.22,-58.91,-54.26,-58.92,2026-06-14 19:55:03+00:00
2026-06-14T19:56:04+00:00,-46.86,-61.87,-64.17,-59.40,-63.19,-45.73,-51.13,-65.13,-50.31,-60.52,-59.57,-66.57,-53.23,-52.80,-59.02,-53.30,-57.26,2026-06-14 19:56:04+00:00
2026-06-14T19:57:04+00:00,-47.27,-61.26,-63.87,-59.44,-63.50,-45.61,-51.13,-64.91,-49.03,-59.60,-59.66,-66.15,-53.30,-52.94,-58.84,-52.91,-58.95,2026-06-14 19:57:04+00:00
2026-06-14T19:58:03+00:00,-47.31,-60.53,-63.49,-58.92,-63.51,-45.77,-50.93,-64.34,-49.92,-58.35,-59.24,-65.30,-53.68,-52.85,-59.57,-53.05,-57.48,2026-06-14 19:58:03+00:00
2026-06-14T19:59:03+00:00,-47.07,-63.95,-64.04,-59.47,-63.41,-45.90,-50.78,-65.05,-49.37,-57.32,-59.58,-66.64,-53.91,-52.60,-59.09,-53.36,-59.52,2026-06-14 19:59:03+00:00
2026-06-14T20:00:04+00:00,-49.27,-64.00,-63.67,-59.25,-62.57,-45.86,-50.96,-65.36,-49.69,-56.01,-59.20,-65.81,-53.95,-52.98,-58.83,-53.52,-59.20,2026-06-14 20:00:04+00:00
2026-06-14T20:01:04+00:00,-49.50,-64.27,-63.69,-59.19,-63.22,-45.89,-50.87,-64.78,-50.03,-54.53,-59.39,-65.79,-54.01,-53.46,-59.20,-54.99,-58.29,2026-06-14 20:01:04+00:00
2026-06-14T20:02:04+00:00,-49.09,-64.63,-63.80,-59.09,-62.67,-46.12,-51.42,-65.35,-49.22,-53.35,-59.47,-66.41,-54.32,-53.74,-58.95,-55.47,-59.02,2026-06-14 20:02:04+00:00
2026-06-14T20:03:03+00:00,-49.34,-64.33,-63.34,-59.47,-63.06,-46.19,-50.89,-64.60,-50.76,-52.49,-59.18,-65.57,-54.47,-53.74,-58.93,-55.32,-58.95,2026-06-14 20:03:03+00:00
2026-06-14T20:04:03+00:00,-49.98,-60.77,-63.57,-59.16,-63.57,-46.08,-50.21,-65.34,-49.36,-51.48,-59.19,-65.22,-54.76,-54.84,-59.13,-55.61,-59.19,2026-06-14 20:04:03+00:00
2026-06-14T20:05:04+00:00,-49.71,-60.76,-63.14,-59.24,-62.77,-46.15,-50.20,-64.12,-50.21,-50.83,-59.39,-65.60,-54.75,-55.69,-58.34,-55.69,-58.72,2026-06-14 20:05:04+00:00
2026-06-14T20:06:04+00:00,-49.13,-62.26,-63.99,-59.13,-62.35,-46.05,-49.81,-64.52,-49.19,-50.46,-59.45,-66.51,-54.93,-56.58,-58.82,-56.54,-58.87,2026-06-14 20:06:04+00:00
2026-06-14T20:07:03+00:00,-50.51,-62.71,-63.93,-59.23,-63.78,-46.04,-50.18,-64.25,-49.35,-49.79,-59.64,-66.11,-55.04,-57.34,-58.69,-57.62,-58.25,2026-06-14 20:07:03+00:00
2026-06-14T20:08:03+00:00,-49.47,-63.76,-64.22,-59.19,-63.04,-46.10,-49.98,-64.82,-49.53,-49.53,-59.59,-66.78,-55.38,-58.28,-59.18,-57.54,-59.28,2026-06-14 20:08:03+00:00
2026-06-14T20:09:04+00:00,-49.65,-61.97,-63.88,-59.20,-63.14,-45.92,-49.84,-65.65,-48.80,-49.25,-59.91,-66.07,-55.31,-57.64,-59.38,-54.98,-59.20,2026-06-14 20:09:04+00:00
2026-06-14T20:10:04+00:00,-49.67,-61.97,-63.86,-59.27,-62.79,-45.96,-49.94,-65.21,-55.02,-48.90,-59.61,-66.68,-55.35,-57.76,-58.94,-55.67,-59.11,2026-06-14 20:10:04+00:00
2026-06-14T20:11:04+00:00,-49.13,-62.10,-63.99,-59.06,-63.30,-45.69,-50.19,-65.14,-51.39,-48.38,-59.90,-66.50,-55.23,-58.35,-58.91,-56.05,-57.34,2026-06-14 20:11:04+00:00
2026-06-14T20:12:03+00:00,-45.82,-61.22,-64.18,-59.16,-62.22,-45.85,-50.20,-65.90,-50.44,-47.99,-59.96,-66.91,-55.31,-56.92,-59.22,-54.84,-59.00,2026-06-14 20:12:03+00:00
2026-06-14T20:13:03+00:00,-45.58,-60.72,-63.32,-58.84,-63.28,-46.09,-50.31,-64.11,-51.85,-47.49,-59.43,-64.99,-55.16,-55.91,-59.10,-52.62,-56.60,2026-06-14 20:13:03+00:00
2026-06-14T20:14:04+00:00,-48.68,-61.48,-63.77,-58.92,-63.14,-46.00,-49.82,-64.75,-51.41,-47.44,-59.37,-65.70,-55.40,-57.35,-59.39,-51.81,-58.71,2026-06-14 20:14:04+00:00
2026-06-14T20:15:04+00:00,-48.48,-62.53,-63.89,-58.91,-62.85,-45.92,-49.64,-65.05,-51.67,-47.03,-57.56,-65.72,-55.58,-58.05,-59.21,-51.64,-58.68,2026-06-14 20:15:04+00:00
2026-06-14T20:16:03+00:00,-49.90,-62.08,-59.09,-59.08,-62.15,-45.56,-49.68,-65.41,-51.58,-46.67,-60.02,-65.32,-55.76,-58.00,-59.07,-52.35,-58.77,2026-06-14 20:16:03+00:00
2026-06-14T20:17:03+00:00,-50.42,-61.45,-63.98,-58.94,-62.97,-45.94,-49.89,-65.43,-49.93,-45.96,-60.07,-65.98,-56.00,-57.53,-59.08,-55.39,-59.01,2026-06-14 20:17:03+00:00
2026-06-14T20:18:04+00:00,-50.56,-60.76,-63.48,-58.85,-62.90,-45.98,-49.41,-65.28,-50.32,-45.96,-59.62,-65.24,-56.28,-57.51,-59.49,-55.95,-59.08,2026-06-14 20:18:04+00:00
2026-06-14T20:19:04+00:00,-49.56,-61.09,-62.30,-58.57,-62.68,-45.71,-49.33,-63.66,-49.34,-45.72,-59.34,-63.67,-56.16,-55.79,-58.91,-56.83,-57.28,2026-06-14 20:19:04+00:00
2026-06-14T20:20:03+00:00,-49.38,-62.27,-63.34,-58.67,-62.38,-45.64,-49.53,-65.36,-53.59,-45.54,-60.06,-64.70,-56.56,-56.32,-59.39,-56.80,-57.62,2026-06-14 20:20:03+00:00
2026-06-14T20:21:03+00:00,-51.00,-61.87,-63.95,-58.41,-62.73,-45.59,-49.95,-65.65,-51.93,-45.45,-60.07,-65.57,-56.71,-57.08,-58.78,-54.50,-59.41,2026-06-14 20:21:03+00:00
2026-06-14T20:22:04+00:00,-49.99,-61.99,-63.83,-58.74,-62.75,-45.72,-50.23,-65.46,-52.97,-45.14,-59.75,-65.90,-56.69,-56.49,-58.87,-55.39,-59.60,2026-06-14 20:22:04+00:00
2026-06-14T20:23:04+00:00,-50.25,-62.02,-63.65,-59.01,-64.07,-45.61,-50.11,-65.27,-49.89,-44.96,-60.08,-65.66,-56.77,-54.74,-58.87,-56.01,-59.05,2026-06-14 20:23:04+00:00
2026-06-14T20:24:04+00:00,-51.15,-61.94,-64.03,-58.54,-63.32,-45.76,-49.70,-65.21,-50.19,-44.84,-60.07,-65.58,-56.95,-54.47,-58.53,-56.00,-59.46,2026-06-14 20:24:04+00:00
2026-06-14T20:25:03+00:00,-49.62,-62.41,-64.04,-58.99,-62.56,-45.73,-49.85,-65.15,-50.28,-44.79,-60.30,-65.86,-57.16,-53.83,-58.97,-55.72,-59.42,2026-06-14 20:25:03+00:00
2026-06-14T20:26:03+00:00,-50.61,-62.86,-64.05,-58.77,-63.05,-45.41,-49.76,-65.08,-48.51,-44.66,-60.30,-66.39,-57.28,-53.80,-59.51,-54.60,-57.37,2026-06-14 20:26:03+00:00
2026-06-14T20:27:04+00:00,-51.04,-62.26,-63.91,-58.73,-62.90,-45.75,-49.27,-65.17,-48.76,-44.44,-60.54,-65.65,-57.12,-53.72,-59.27,-52.55,-58.98,2026-06-14 20:27:04+00:00
2026-06-14T20:28:04+00:00,-50.90,-62.12,-63.45,-58.73,-63.43,-45.74,-48.93,-64.45,-50.15,-44.35,-60.31,-65.32,-57.21,-52.94,-59.26,-50.65,-58.64,2026-06-14 20:28:04+00:00
2026-06-14T20:29:04+00:00,-49.70,-61.37,-63.46,-58.49,-62.50,-45.53,-49.17,-64.23,-48.98,-44.03,-60.20,-64.53,-57.24,-51.82,-58.70,-51.32,-58.58,2026-06-14 20:29:04+00:00
2026-06-14T20:30:03+00:00,-46.80,-62.04,-63.85,-58.83,-62.05,-45.77,-48.83,-65.18,-49.75,-43.87,-60.24,-65.78,-56.30,-52.09,-58.99,-51.64,-59.27,2026-06-14 20:30:03+00:00
2026-06-14T20:31:04+00:00,-46.40,-61.60,-64.17,-58.60,-62.42,-45.58,-49.14,-64.92,-49.72,-43.68,-60.25,-65.84,-56.25,-51.70,-58.90,-51.87,-58.80,2026-06-14 20:31:04+00:00
2026-06-14T20:32:03+00:00,-45.60,-61.68,-63.63,-58.97,-62.49,-45.59,-48.84,-65.61,-49.39,-43.66,-60.36,-65.62,-56.29,-51.59,-58.79,-53.62,-59.14,2026-06-14 20:32:03+00:00
2026-06-14T20:33:03+00:00,-45.75,-60.55,-63.49,-58.55,-61.43,-45.48,-48.46,-63.27,-49.42,-43.46,-60.30,-64.88,-55.90,-50.91,-58.99,-54.09,-58.64,2026-06-14 20:33:03+00:00
2026-06-14T20:34:04+00:00,-45.81,-61.59,-63.84,-58.66,-62.50,-45.62,-48.31,-64.65,-49.48,-43.21,-60.65,-65.79,-55.71,-51.77,-58.75,-53.18,-58.97,2026-06-14 20:34:04+00:00
2026-06-14T20:35:04+00:00,-45.57,-62.49,-63.33,-59.05,-62.66,-45.58,-48.12,-64.15,-49.46,-43.17,-60.67,-64.22,-55.57,-52.19,-59.06,-51.97,-59.00,2026-06-14 20:35:04+00:00
2026-06-14T20:36:04+00:00,-45.78,-63.95,-63.90,-59.01,-62.61,-45.50,-47.96,-64.39,-49.58,-43.45,-60.88,-65.24,-55.82,-53.30,-59.01,-51.74,-58.90,2026-06-14 20:36:04+00:00
2026-06-14T20:37:03+00:00,-45.89,-63.34,-63.94,-58.91,-62.51,-45.33,-48.23,-64.64,-49.23,-43.74,-60.67,-65.02,-55.79,-54.92,-58.92,-52.06,-59.10,2026-06-14 20:37:03+00:00
2026-06-14T20:38:03+00:00,-45.90,-62.55,-63.77,-58.66,-63.07,-45.60,-48.40,-64.77,-52.68,-43.59,-60.58,-65.38,-55.83,-54.96,-59.00,-50.88,-58.68,2026-06-14 20:38:03+00:00
2026-06-14T20:39:04+00:00,-45.66,-60.58,-64.19,-58.70,-63.96,-45.27,-48.36,-64.88,-52.15,-43.74,-60.60,-65.93,-53.45,-55.84,-59.09,-49.81,-58.72,2026-06-14 20:39:04+00:00
2026-06-14T20:40:04+00:00,-46.00,-60.38,-63.43,-58.85,-62.34,-45.59,-48.39,-64.27,-49.23,-44.07,-61.11,-65.41,-53.80,-54.39,-58.86,-50.49,-59.29,2026-06-14 20:40:04+00:00
2026-06-14T20:41:03+00:00,-45.58,-61.62,-63.75,-58.79,-62.57,-45.49,-48.00,-64.14,-49.19,-44.12,-61.13,-65.20,-53.81,-53.11,-58.71,-50.26,-59.29,2026-06-14 20:41:03+00:00
2026-06-14T20:42:03+00:00,-46.14,-60.69,-63.23,-58.87,-63.89,-45.57,-47.69,-64.00,-48.84,-43.99,-61.45,-63.06,-53.84,-53.38,-58.83,-49.83,-59.06,2026-06-14 20:42:03+00:00
2026-06-14T20:43:04+00:00,-45.81,-60.79,-63.33,-58.39,-62.09,-45.48,-47.79,-63.41,-49.96,-44.02,-60.86,-62.74,-53.78,-52.73,-58.85,-49.85,-58.47,2026-06-14 20:43:04+00:00
2026-06-14T20:44:04+00:00,-45.61,-61.95,-63.52,-58.96,-63.26,-45.50,-47.53,-64.81,-49.95,-44.20,-60.77,-64.27,-53.73,-50.49,-59.22,-49.82,-58.82,2026-06-14 20:44:04+00:00
2026-06-14T20:45:04+00:00,-47.48,-62.80,-63.47,-58.43,-64.10,-45.44,-47.33,-63.98,-49.87,-44.47,-59.15,-65.39,-54.91,-49.92,-58.96,-50.92,-59.29,2026-06-14 20:45:04+00:00
2026-06-14T20:46:03+00:00,-46.62,-61.83,-63.69,-58.34,-63.22,-45.00,-47.71,-64.20,-49.84,-45.01,-58.28,-65.93,-57.03,-49.51,-58.64,-51.69,-54.74,2026-06-14 20:46:03+00:00
2026-06-14T20:47:03+00:00,-47.18,-61.87,-64.35,-58.31,-62.35,-45.15,-47.82,-64.62,-50.13,-45.15,-61.05,-66.20,-57.87,-49.17,-59.11,-52.53,-58.68,2026-06-14 20:47:03+00:00
2026-06-14T20:48:04+00:00,-46.74,-62.32,-64.03,-58.32,-64.67,-45.23,-48.08,-64.67,-49.62,-45.19,-57.51,-65.65,-58.04,-48.65,-58.91,-52.24,-58.92,2026-06-14 20:48:04+00:00
2026-06-14T20:49:04+00:00,-47.31,-62.12,-64.11,-58.27,-62.47,-45.28,-48.28,-63.54,-49.61,-45.02,-60.80,-65.54,-58.18,-48.90,-58.77,-53.37,-58.13,2026-06-14 20:49:04+00:00
2026-06-14T20:50:03+00:00,-46.59,-62.87,-63.33,-58.44,-62.21,-45.18,-48.14,-63.88,-49.72,-44.57,-61.37,-65.55,-58.18,-48.67,-59.02,-54.37,-55.72,2026-06-14 20:50:03+00:00
2026-06-14T20:51:03+00:00,-47.22,-63.01,-64.35,-58.54,-64.37,-45.12,-48.17,-64.66,-49.91,-45.08,-61.11,-65.69,-58.05,-48.76,-58.96,-51.66,-58.83,2026-06-14 20:51:03+00:00
2026-06-14T20:52:04+00:00,-46.79,-62.72,-64.22,-58.35,-62.41,-45.04,-48.23,-64.26,-49.87,-45.40,-60.87,-65.65,-57.96,-48.99,-58.53,-50.34,-58.73,2026-06-14 20:52:04+00:00
2026-06-14T20:53:04+00:00,-46.91,-61.78,-64.40,-58.66,-62.60,-45.03,-47.91,-64.82,-49.67,-45.32,-61.41,-66.02,-58.07,-49.48,-59.13,-49.12,-59.07,2026-06-14 20:53:04+00:00
2026-06-14T20:54:04+00:00,-47.08,-60.01,-64.19,-58.36,-63.79,-45.27,-48.21,-64.72,-50.15,-45.31,-61.55,-66.15,-58.24,-49.77,-58.95,-48.11,-58.70,2026-06-14 20:54:04+00:00
2026-06-14T20:55:03+00:00,-47.07,-61.04,-63.95,-58.48,-62.42,-45.08,-48.25,-64.67,-52.00,-45.53,-60.82,-65.87,-56.89,-48.89,-58.67,-47.94,-54.43,2026-06-14 20:55:03+00:00
2026-06-14T20:56:03+00:00,-46.66,-61.10,-63.42,-58.34,-63.22,-45.17,-48.55,-64.98,-52.28,-45.83,-60.78,-65.66,-57.34,-48.17,-59.04,-48.55,-54.85,2026-06-14 20:56:03+00:00
2026-06-14T20:57:04+00:00,-46.13,-59.43,-62.55,-58.06,-63.47,-45.13,-48.64,-63.28,-52.32,-45.09,-60.39,-63.62,-56.99,-47.68,-58.51,-49.46,-54.45,2026-06-14 20:57:04+00:00
2026-06-14T20:58:04+00:00,-46.37,-58.84,-64.04,-58.49,-62.35,-45.33,-48.29,-65.02,-51.06,-45.09,-61.26,-65.94,-57.33,-47.88,-59.17,-48.47,-54.69,2026-06-14 20:58:04+00:00
2026-06-14T20:59:05+00:00,-46.78,-60.01,-62.12,-58.54,-62.46,-45.19,-48.61,-64.11,-51.12,-45.08,-61.40,-66.26,-57.80,-47.19,-59.03,-46.48,-55.19,2026-06-14 20:59:05+00:00
2026-06-14T21:00:04+00:00,-46.80,-59.56,-63.11,-58.51,-63.37,-45.06,-48.21,-65.12,-50.60,-44.99,-61.18,-65.84,-57.59,-46.64,-58.97,-46.46,-54.63,2026-06-14 21:00:04+00:00
2026-06-14T21:01:04+00:00,-46.51,-59.74,-64.00,-58.46,-62.17,-44.99,-47.99,-64.64,-50.66,-45.31,-60.80,-65.72,-57.06,-47.87,-59.02,-45.22,-55.20,2026-06-14 21:01:04+00:00
2026-06-14T21:02:03+00:00,-46.75,-60.92,-63.65,-58.36,-62.15,-45.28,-48.19,-64.31,-50.74,-45.24,-60.68,-65.74,-57.11,-49.23,-58.78,-43.94,-55.15,2026-06-14 21:02:03+00:00
2026-06-14T21:03:04+00:00,-47.02,-60.77,-64.18,-58.51,-63.89,-45.25,-48.09,-64.77,-50.59,-44.79,-60.66,-65.95,-56.69,-50.16,-59.03,-43.48,-54.46,2026-06-14 21:03:04+00:00
2026-06-14T21:04:04+00:00,-47.00,-63.44,-63.70,-58.73,-61.78,-45.12,-48.03,-64.28,-50.73,-44.31,-60.24,-65.19,-56.49,-50.29,-58.98,-43.07,-54.36,2026-06-14 21:04:04+00:00
2026-06-14T21:05:03+00:00,-46.56,-61.84,-63.76,-58.39,-62.63,-44.84,-47.93,-64.15,-50.61,-44.22,-59.22,-65.63,-56.65,-50.03,-59.08,-43.00,-54.49,2026-06-14 21:05:03+00:00
2026-06-14T21:06:03+00:00,-46.57,-63.10,-63.61,-58.41,-62.92,-44.91,-47.75,-64.68,-50.53,-44.31,-59.94,-65.50,-57.63,-51.55,-59.01,-44.27,-55.04,2026-06-14 21:06:03+00:00
2026-06-14T21:07:04+00:00,-47.01,-62.69,-63.84,-58.44,-62.47,-44.95,-47.74,-64.04,-50.70,-44.38,-60.07,-65.48,-58.18,-52.59,-58.82,-43.71,-58.52,2026-06-14 21:07:04+00:00
2026-06-14T21:08:04+00:00,-46.95,-62.80,-63.65,-58.60,-62.45,-44.89,-47.95,-64.62,-48.56,-43.81,-59.85,-65.36,-58.57,-52.61,-58.48,-43.28,-58.57,2026-06-14 21:08:04+00:00
2026-06-14T21:09:04+00:00,-46.64,-63.46,-63.85,-58.32,-63.42,-45.01,-48.25,-64.57,-48.57,-43.72,-59.83,-66.14,-58.69,-52.77,-58.89,-43.06,-58.45,2026-06-14 21:09:04+00:00
2026-06-14T21:10:03+00:00,-46.66,-63.18,-63.75,-58.36,-62.09,-45.00,-48.43,-64.40,-48.56,-43.61,-58.78,-65.55,-57.58,-52.27,-58.63,-42.90,-58.52,2026-06-14 21:10:03+00:00
2026-06-14T21:11:03+00:00,-46.96,-63.26,-64.25,-58.31,-62.40,-45.04,-48.50,-64.60,-48.68,-44.70,-57.12,-66.09,-57.56,-53.39,-59.05,-42.94,-57.52,2026-06-14 21:11:03+00:00
2026-06-14T21:12:04+00:00,-47.26,-61.37,-64.20,-58.82,-62.81,-45.32,-48.29,-64.69,-48.79,-45.90,-57.80,-65.76,-57.52,-55.92,-58.89,-41.86,-59.08,2026-06-14 21:12:04+00:00
2026-06-14T21:13:04+00:00,-47.26,-63.23,-63.42,-58.52,-63.05,-44.98,-48.17,-63.88,-49.00,-45.32,-59.45,-64.14,-57.51,-55.15,-58.73,-40.94,-56.82,2026-06-14 21:13:04+00:00
2026-06-14T21:14:04+00:00,-47.31,-63.60,-63.76,-59.00,-62.17,-44.77,-48.62,-64.79,-49.33,-44.89,-59.71,-64.79,-57.58,-53.53,-59.09,-41.12,-58.96,2026-06-14 21:14:04+00:00
2026-06-14T21:15:03+00:00,-46.06,-63.13,-63.32,-58.51,-63.94,-44.79,-49.00,-64.15,-48.76,-44.74,-59.73,-64.50,-57.55,-52.84,-58.79,-40.68,-58.57,2026-06-14 21:15:03+00:00
2026-06-14T21:16:04+00:00,-45.93,-63.28,-63.32,-58.89,-63.05,-45.18,-48.83,-64.78,-49.53,-43.32,-57.31,-64.69,-57.52,-53.77,-58.57,-40.67,-58.76,2026-06-14 21:16:04+00:00
2026-06-14T21:17:04+00:00,-45.50,-61.30,-63.19,-58.89,-62.86,-44.86,-48.37,-64.50,-50.25,-42.35,-56.78,-64.17,-57.78,-54.96,-58.56,-40.48,-58.35,2026-06-14 21:17:04+00:00
2026-06-14T21:18:04+00:00,-45.54,-63.37,-62.61,-58.63,-62.91,-45.24,-48.01,-64.35,-49.41,-42.67,-57.45,-63.84,-57.79,-56.33,-58.65,-39.77,-58.47,2026-06-14 21:18:04+00:00
2026-06-14T21:19:03+00:00,-46.03,-61.83,-63.26,-58.67,-61.77,-45.18,-48.18,-64.39,-48.39,-43.31,-57.99,-64.73,-57.67,-56.66,-53.81,-39.14,-57.94,2026-06-14 21:19:03+00:00
2026-06-14T21:20:03+00:00,-45.58,-63.82,-63.40,-58.41,-62.21,-45.11,-48.28,-64.57,-49.10,-43.20,-57.91,-64.68,-57.95,-54.51,-58.59,-38.48,-58.22,2026-06-14 21:20:03+00:00
2026-06-14T21:21:04+00:00,-45.84,-63.55,-63.95,-58.82,-62.80,-44.83,-48.50,-64.29,-49.03,-42.94,-60.06,-65.38,-58.12,-52.00,-58.43,-38.66,-58.23,2026-06-14 21:21:04+00:00
2026-06-14T21:22:04+00:00,-45.72,-61.79,-63.83,-58.79,-63.48,-45.17,-48.33,-63.59,-49.03,-43.49,-59.29,-65.07,-58.03,-51.04,-58.73,-39.00,-57.97,2026-06-14 21:22:04+00:00
2026-06-14T21:23:04+00:00,-45.80,-63.56,-63.63,-58.53,-62.87,-45.04,-48.30,-63.90,-51.52,-43.45,-59.70,-64.78,-57.34,-49.69,-58.43,-39.14,-57.78,2026-06-14 21:23:04+00:00
2026-06-14T21:24:03+00:00,-46.26,-63.58,-63.99,-58.53,-62.33,-45.09,-47.49,-64.40,-50.06,-43.32,-59.91,-65.64,-57.03,-49.20,-58.64,-39.56,-58.24,2026-06-14 21:24:03+00:00
2026-06-14T21:25:03+00:00,-45.72,-63.74,-63.77,-58.30,-62.45,-45.25,-47.45,-62.52,-48.40,-43.21,-59.49,-64.62,-56.94,-47.76,-58.20,-39.95,-56.44,2026-06-14 21:25:03+00:00
2026-06-14T21:26:04+00:00,-46.35,-63.68,-63.60,-58.49,-63.02,-45.17,-47.75,-64.22,-48.77,-43.57,-59.80,-65.25,-57.13,-47.31,-58.49,-40.02,-56.33,2026-06-14 21:26:04+00:00
2026-06-14T21:27:04+00:00,-45.90,-62.56,-63.18,-58.31,-61.98,-45.07,-47.45,-63.95,-48.00,-43.84,-57.12,-65.46,-56.91,-46.74,-58.80,-39.73,-57.79,2026-06-14 21:27:04+00:00
2026-06-14T21:28:04+00:00,-45.71,-61.94,-63.41,-58.40,-62.12,-45.11,-47.54,-64.42,-48.02,-42.45,-57.69,-65.20,-57.38,-46.25,-58.33,-40.05,-57.78,2026-06-14 21:28:04+00:00
2026-06-14T21:29:03+00:00,-46.04,-62.52,-63.69,-58.30,-63.27,-44.96,-48.22,-63.46,-48.50,-42.32,-59.28,-64.52,-57.98,-46.38,-58.37,-39.89,-56.02,2026-06-14 21:29:03+00:00
2026-06-14T21:30:03+00:00,-47.88,-62.00,-63.92,-58.28,-63.58,-45.28,-47.80,-63.70,-49.50,-41.30,-59.70,-65.32,-58.20,-47.68,-58.18,-39.91,-56.97,2026-06-14 21:30:03+00:00
2026-06-14T21:31:03+00:00,-47.01,-63.45,-62.83,-58.29,-61.95,-45.12,-48.02,-64.51,-48.57,-41.35,-59.29,-64.06,-58.11,-48.42,-58.49,-40.10,-56.01,2026-06-14 21:31:03+00:00
2026-06-14T21:32:03+00:00,-47.67,-64.33,-63.79,-58.59,-62.35,-45.25,-47.67,-64.78,-48.80,-41.63,-57.58,-65.68,-58.08,-49.32,-59.12,-41.10,-57.59,2026-06-14 21:32:03+00:00
2026-06-14T21:33:04+00:00,-47.64,-58.48,-63.04,-58.34,-63.64,-45.17,-47.52,-60.81,-49.81,-41.59,-56.65,-62.51,-58.17,-47.94,-57.83,-41.23,-56.85,2026-06-14 21:33:04+00:00
2026-06-14T21:34:04+00:00,-46.64,-58.35,-64.07,-58.49,-62.38,-45.08,-47.07,-64.42,-48.82,-41.35,-57.51,-65.45,-59.07,-47.80,-58.22,-41.52,-57.34,2026-06-14 21:34:04+00:00
2026-06-14T21:35:03+00:00,-46.54,-59.30,-62.38,-58.51,-62.53,-45.29,-47.42,-63.25,-48.79,-42.09,-59.35,-64.84,-58.87,-48.62,-58.49,-41.74,-56.64,2026-06-14 21:35:03+00:00
2026-06-14T21:36:04+00:00,-46.87,-59.43,-64.30,-58.47,-63.67,-45.34,-47.52,-64.54,-49.92,-42.50,-59.74,-65.63,-59.47,-49.28,-58.67,-42.09,-57.60,2026-06-14 21:36:04+00:00
2026-06-14T21:37:03+00:00,-46.97,-61.06,-63.28,-58.65,-62.08,-45.53,-47.26,-63.99,-49.04,-42.25,-59.25,-64.93,-58.92,-48.18,-58.85,-41.97,-57.70,2026-06-14 21:37:03+00:00
2026-06-14T21:38:03+00:00,-46.95,-61.54,-63.87,-58.29,-62.72,-45.49,-47.37,-64.03,-49.69,-42.14,-54.51,-65.19,-58.41,-49.24,-58.19,-41.33,-56.73,2026-06-14 21:38:03+00:00
2026-06-14T21:39:04+00:00,-47.04,-60.87,-63.67,-58.58,-63.13,-45.21,-47.32,-64.03,-52.17,-42.19,-56.36,-65.26,-58.19,-49.50,-58.19,-40.68,-57.41,2026-06-14 21:39:04+00:00
2026-06-14T21:40:04+00:00,-46.50,-61.06,-63.72,-58.68,-62.49,-45.08,-47.17,-63.23,-49.86,-41.72,-58.82,-65.00,-57.96,-49.59,-58.79,-39.79,-57.47,2026-06-14 21:40:04+00:00
2026-06-14T21:41:04+00:00,-47.16,-63.15,-63.88,-59.13,-63.70,-45.27,-46.98,-64.38,-54.32,-41.71,-58.93,-65.36,-58.39,-49.45,-59.20,-39.69,-57.40,2026-06-14 21:41:04+00:00
2026-06-14T21:42:03+00:00,-46.61,-63.98,-63.88,-58.47,-64.18,-44.85,-46.83,-64.41,-51.18,-41.99,-58.74,-64.93,-58.61,-48.96,-58.78,-39.23,-56.68,2026-06-14 21:42:03+00:00
2026-06-14T21:43:03+00:00,-47.27,-61.62,-63.82,-58.67,-61.93,-45.01,-46.72,-64.15,-49.85,-41.84,-56.44,-65.54,-58.12,-48.27,-58.78,-38.74,-57.69,2026-06-14 21:43:03+00:00
2026-06-14T21:44:04+00:00,-46.60,-61.30,-63.90,-58.84,-62.85,-45.26,-46.75,-64.39,-50.02,-41.75,-55.59,-65.59,-57.76,-48.04,-59.18,-39.13,-57.25,2026-06-14 21:44:04+00:00
2026-06-14T21:45:04+00:00,-47.23,-57.81,-63.95,-58.34,-63.35,-45.50,-46.45,-64.35,-50.19,-41.95,-58.40,-65.08,-57.73,-47.88,-58.95,-38.88,-56.91,2026-06-14 21:45:04+00:00
2026-06-14T21:46:03+00:00,-47.06,-57.81,-63.87,-58.59,-62.06,-45.35,-46.69,-64.52,-49.42,-41.69,-58.37,-65.22,-57.69,-46.98,-58.59,-39.37,-57.13,2026-06-14 21:46:03+00:00
2026-06-14T21:47:03+00:00,-47.08,-58.24,-63.61,-58.54,-61.88,-45.12,-46.92,-64.42,-51.57,-42.05,-58.12,-65.04,-57.58,-48.80,-59.13,-40.33,-57.23,2026-06-14 21:47:03+00:00
2026-06-14T21:48:04+00:00,-46.70,-61.49,-62.91,-58.33,-63.41,-45.15,-46.80,-63.58,-54.24,-42.24,-56.29,-63.65,-57.20,-49.15,-58.71,-40.29,-56.17,2026-06-14 21:48:04+00:00
2026-06-14T21:49:04+00:00,-49.27,-60.76,-63.62,-58.53,-62.58,-45.17,-47.24,-64.19,-50.67,-42.52,-55.27,-65.33,-56.92,-49.02,-58.78,-40.61,-57.14,2026-06-14 21:49:04+00:00
2026-06-14T21:50:04+00:00,-49.21,-60.23,-62.96,-58.49,-62.01,-45.78,-47.40,-64.11,-51.21,-42.62,-56.95,-64.24,-56.78,-51.37,-58.49,-40.24,-57.16,2026-06-14 21:50:04+00:00
2026-06-14T21:51:03+00:00,-49.38,-62.44,-63.00,-58.63,-61.95,-45.39,-47.37,-64.27,-49.97,-42.49,-57.44,-65.28,-57.17,-53.05,-58.88,-39.32,-57.12,2026-06-14 21:51:03+00:00
2026-06-14T21:52:03+00:00,-49.31,-62.14,-63.76,-58.78,-62.66,-45.93,-47.18,-64.53,-49.90,-42.26,-57.74,-65.72,-56.89,-52.97,-58.37,-39.01,-57.47,2026-06-14 21:52:03+00:00
2026-06-14T21:53:04+00:00,-49.51,-59.63,-64.16,-58.76,-62.91,-45.95,-47.16,-64.46,-49.00,-43.25,-57.30,-65.44,-56.47,-53.48,-58.58,-39.19,-57.78,2026-06-14 21:53:04+00:00
2026-06-14T21:54:04+00:00,-50.10,-60.10,-63.79,-58.83,-62.22,-46.00,-47.15,-64.65,-50.20,-43.38,-55.85,-65.41,-56.07,-52.64,-58.18,-38.74,-57.81,2026-06-14 21:54:04+00:00
2026-06-14T21:55:04+00:00,-50.52,-60.74,-63.57,-58.73,-62.16,-45.75,-46.83,-64.82,-47.83,-42.55,-56.68,-65.09,-56.09,-52.24,-58.32,-37.90,-57.43,2026-06-14 21:55:04+00:00
2026-06-14T21:56:04+00:00,-50.61,-58.52,-63.93,-58.64,-61.85,-45.93,-47.33,-64.40,-48.15,-42.01,-56.89,-65.47,-56.28,-52.43,-58.59,-38.08,-57.22,2026-06-14 21:56:04+00:00
2026-06-14T21:57:04+00:00,-50.76,-61.41,-63.70,-58.70,-62.87,-45.98,-47.60,-64.37,-47.51,-42.06,-56.94,-65.24,-56.22,-50.37,-58.69,-38.36,-57.39,2026-06-14 21:57:04+00:00
2026-06-14T21:58:03+00:00,-50.63,-60.74,-63.63,-58.48,-62.47,-46.21,-47.79,-63.95,-48.47,-42.03,-56.79,-65.16,-56.54,-51.24,-58.81,-38.47,-56.12,2026-06-14 21:58:03+00:00
2026-06-14T21:59:03+00:00,-50.23,-60.66,-63.64,-58.66,-62.16,-46.18,-47.99,-64.07,-50.26,-42.57,-56.55,-65.21,-56.20,-51.19,-58.85,-38.35,-57.28,2026-06-14 21:59:03+00:00
2026-06-14T22:00:04+00:00,-48.03,-61.99,-63.93,-58.51,-62.71,-46.21,-48.03,-64.42,-47.94,-42.01,-54.54,-65.41,-55.85,-50.97,-58.68,-37.67,-57.60,2026-06-14 22:00:04+00:00
2026-06-14T22:01:04+00:00,-48.19,-61.70,-64.09,-58.58,-62.06,-46.61,-47.79,-64.35,-50.20,-41.72,-55.32,-65.70,-55.53,-50.42,-58.33,-36.87,-57.42,2026-06-14 22:01:04+00:00
2026-06-14T22:02:04+00:00,-48.45,-59.22,-63.94,-58.86,-63.72,-46.59,-47.33,-64.44,-48.14,-41.54,-56.56,-65.22,-55.22,-48.92,-58.62,-36.54,-57.67,2026-06-14 22:02:04+00:00
2026-06-14T22:03:04+00:00,-47.99,-60.47,-64.11,-58.90,-62.47,-46.55,-46.97,-64.53,-50.18,-41.32,-56.71,-65.93,-55.15,-49.76,-58.34,-36.77,-57.61,2026-06-14 22:03:04+00:00
2026-06-14T22:04:04+00:00,-47.60,-60.36,-64.13,-58.94,-62.47,-46.71,-46.82,-64.64,-48.99,-41.35,-56.83,-65.68,-55.27,-51.02,-58.40,-36.73,-57.67,2026-06-14 22:04:04+00:00
2026-06-14T22:05:03+00:00,-47.55,-63.50,-63.43,-57.66,-62.22,-46.94,-47.14,-62.73,-50.95,-41.73,-54.62,-65.03,-54.74,-50.21,-59.04,-36.84,-56.34,2026-06-14 22:05:03+00:00
2026-06-14T22:06:04+00:00,-47.29,-62.88,-63.94,-57.91,-62.21,-46.84,-47.12,-64.06,-49.91,-41.87,-54.98,-64.77,-55.23,-48.60,-58.78,-36.32,-57.72,2026-06-14 22:06:04+00:00
2026-06-14T22:07:03+00:00,-47.54,-61.17,-62.61,-57.85,-61.85,-47.10,-47.19,-63.39,-51.04,-41.62,-56.30,-64.90,-55.25,-48.46,-58.64,-36.80,-57.52,2026-06-14 22:07:03+00:00
2026-06-14T22:08:03+00:00,-47.67,-63.39,-63.90,-57.90,-62.66,-46.92,-46.88,-63.78,-51.74,-41.46,-56.53,-64.95,-55.24,-48.52,-58.61,-37.29,-57.81,2026-06-14 22:08:03+00:00
2026-06-14T22:09:04+00:00,-47.85,-63.76,-64.19,-58.02,-62.93,-46.89,-46.96,-64.50,-48.05,-41.30,-56.45,-65.60,-55.19,-47.13,-58.88,-37.96,-57.41,2026-06-14 22:09:04+00:00
2026-06-14T22:10:04+00:00,-47.83,-64.06,-64.33,-58.05,-64.52,-46.86,-47.09,-64.57,-49.16,-41.06,-54.99,-65.68,-54.78,-46.46,-58.86,-38.10,-54.55,2026-06-14 22:10:04+00:00
2026-06-14T22:11:04+00:00,-47.76,-63.73,-63.74,-58.03,-62.46,-46.79,-46.70,-64.35,-48.03,-40.59,-55.94,-64.78,-54.64,-46.89,-58.82,-37.83,-54.24,2026-06-14 22:11:04+00:00
2026-06-14T22:12:04+00:00,-46.26,-64.06,-63.78,-57.80,-61.73,-46.87,-46.92,-64.21,-49.43,-40.67,-56.22,-64.75,-54.63,-46.39,-58.76,-38.46,-52.32,2026-06-14 22:12:04+00:00
2026-06-14T22:13:03+00:00,-46.63,-63.65,-63.89,-58.08,-63.47,-46.78,-46.77,-63.73,-49.82,-40.33,-56.28,-64.14,-54.86,-45.90,-59.50,-39.48,-52.51,2026-06-14 22:13:03+00:00
2026-06-14T22:14:03+00:00,-46.83,-61.59,-63.75,-57.75,-62.42,-46.95,-46.65,-64.19,-48.03,-40.08,-56.40,-62.68,-55.23,-45.91,-58.98,-39.70,-52.28,2026-06-14 22:14:03+00:00
2026-06-14T22:15:04+00:00,-48.08,-61.34,-62.90,-57.78,-62.42,-46.76,-46.52,-63.22,-48.25,-40.41,-56.28,-62.87,-55.44,-46.25,-58.05,-39.19,-54.67,2026-06-14 22:15:04+00:00
2026-06-14T22:16:04+00:00,-49.39,-63.50,-63.81,-58.20,-62.60,-46.68,-46.31,-64.54,-48.34,-40.93,-55.31,-63.37,-56.20,-47.42,-58.56,-39.28,-53.62,2026-06-14 22:16:04+00:00
2026-06-14T22:17:04+00:00,-48.32,-62.78,-63.51,-58.26,-61.95,-46.64,-46.18,-63.70,-48.34,-41.31,-54.97,-62.54,-56.27,-47.53,-58.38,-38.77,-53.69,2026-06-14 22:17:04+00:00
2026-06-14T22:18:03+00:00,-48.59,-63.37,-63.82,-57.92,-62.45,-46.82,-46.31,-63.68,-48.78,-42.45,-55.86,-62.47,-56.50,-47.24,-58.35,-38.32,-53.84,2026-06-14 22:18:03+00:00
2026-06-14T22:19:03+00:00,-49.17,-63.93,-63.73,-58.09,-63.05,-46.85,-46.81,-64.65,-51.57,-42.83,-56.33,-61.89,-56.51,-46.68,-58.66,-37.61,-54.62,2026-06-14 22:19:03+00:00
2026-06-14T22:20:04+00:00,-48.89,-63.37,-63.82,-58.16,-62.63,-46.55,-46.62,-63.66,-50.12,-42.49,-56.44,-61.36,-56.47,-46.69,-58.82,-38.16,-53.75,2026-06-14 22:20:04+00:00
2026-06-14T22:21:04+00:00,-48.48,-63.51,-62.97,-58.24,-61.69,-46.69,-46.79,-64.47,-48.01,-42.60,-56.37,-61.10,-56.28,-46.76,-58.97,-38.02,-53.93,2026-06-14 22:21:04+00:00
2026-06-14T22:22:04+00:00,-49.15,-62.62,-63.82,-58.43,-64.49,-46.62,-47.15,-64.51,-47.99,-43.00,-56.37,-61.20,-56.23,-46.50,-58.84,-37.74,-54.61,2026-06-14 22:22:04+00:00
2026-06-14T22:23:03+00:00,-50.20,-61.74,-63.37,-58.26,-63.06,-46.60,-46.97,-64.02,-49.98,-42.94,-55.12,-60.36,-55.81,-45.69,-59.03,-37.48,-52.54,2026-06-14 22:23:03+00:00
2026-06-14T22:24:03+00:00,-50.40,-63.30,-63.97,-58.08,-62.29,-46.56,-47.14,-64.17,-52.44,-42.51,-56.28,-60.82,-55.79,-46.42,-58.96,-37.47,-52.35,2026-06-14 22:24:03+00:00
2026-06-14T22:25:03+00:00,-50.27,-63.44,-64.04,-58.49,-63.72,-46.45,-47.08,-64.30,-49.56,-41.35,-56.04,-60.73,-56.23,-47.12,-58.58,-38.18,-52.36,2026-06-14 22:25:03+00:00
2026-06-14T22:26:04+00:00,-50.47,-63.68,-62.88,-58.44,-62.13,-46.42,-46.99,-63.37,-56.90,-41.11,-56.11,-60.33,-55.61,-49.23,-58.63,-38.27,-53.75,2026-06-14 22:26:04+00:00
2026-06-14T22:27:04+00:00,-49.65,-63.81,-64.13,-58.31,-62.61,-46.43,-47.04,-64.48,-49.73,-40.75,-56.13,-60.24,-55.13,-49.79,-58.73,-37.74,-52.59,2026-06-14 22:27:04+00:00
2026-06-14T22:28:04+00:00,-49.14,-63.81,-63.98,-58.52,-64.22,-46.51,-47.24,-65.09,-50.21,-40.39,-56.38,-60.15,-54.76,-48.78,-58.84,-37.17,-53.57,2026-06-14 22:28:04+00:00
2026-06-14T22:29:03+00:00,-49.51,-62.76,-63.89,-58.06,-62.49,-46.57,-47.07,-64.56,-53.68,-40.28,-54.96,-59.99,-54.34,-48.98,-58.57,-37.16,-53.62,2026-06-14 22:29:03+00:00
2026-06-14T22:30:03+00:00,-50.15,-63.00,-62.64,-57.97,-62.73,-46.53,-47.34,-62.20,-51.23,-39.57,-56.37,-59.15,-54.58,-49.35,-57.98,-37.97,-53.95,2026-06-14 22:30:03+00:00
2026-06-14T22:31:03+00:00,-48.75,-62.03,-63.68,-58.42,-63.58,-46.56,-47.38,-64.64,-52.56,-39.46,-56.51,-59.72,-54.39,-49.16,-59.03,-38.44,-52.43,2026-06-14 22:31:03+00:00
2026-06-14T22:32:03+00:00,-49.88,-61.43,-63.82,-58.41,-63.48,-46.65,-47.81,-63.83,-51.45,-39.27,-56.44,-59.71,-53.82,-46.94,-58.35,-38.20,-52.11,2026-06-14 22:32:03+00:00
2026-06-14T22:33:03+00:00,-48.88,-63.04,-63.95,-58.54,-63.96,-46.26,-49.38,-64.57,-49.99,-39.05,-55.97,-59.73,-53.61,-45.19,-58.88,-37.61,-53.64,2026-06-14 22:33:03+00:00
2026-06-14T22:34:04+00:00,-49.86,-63.21,-63.90,-58.77,-63.50,-46.48,-47.00,-64.45,-50.14,-38.62,-56.19,-59.61,-54.14,-44.41,-59.07,-36.91,-54.54,2026-06-14 22:34:04+00:00
2026-06-14T22:35:04+00:00,-49.50,-62.95,-63.42,-58.43,-63.05,-46.49,-47.57,-63.67,-52.96,-38.92,-55.43,-59.45,-54.90,-44.52,-58.90,-36.72,-52.16,2026-06-14 22:35:04+00:00
2026-06-14T22:36:04+00:00,-49.04,-62.91,-63.53,-58.73,-63.24,-47.08,-47.48,-64.60,-51.46,-39.87,-55.73,-60.27,-54.84,-45.93,-58.46,-36.40,-53.63,2026-06-14 22:36:04+00:00
2026-06-14T22:37:03+00:00,-48.83,-63.54,-64.08,-58.46,-63.15,-47.01,-47.83,-65.00,-49.08,-39.90,-56.32,-59.57,-54.59,-46.42,-59.07,-36.12,-54.57,2026-06-14 22:37:03+00:00
2026-06-14T22:38:03+00:00,-49.29,-63.44,-64.03,-58.70,-63.61,-47.21,-47.32,-64.98,-49.94,-39.86,-55.98,-59.98,-54.94,-45.89,-58.79,-36.05,-54.60,2026-06-14 22:38:03+00:00
2026-06-14T22:39:03+00:00,-48.10,-63.35,-63.89,-58.87,-62.48,-47.05,-46.85,-64.95,-47.98,-40.24,-55.95,-60.14,-55.07,-45.44,-58.59,-36.60,-53.85,2026-06-14 22:39:03+00:00
2026-06-14T22:40:04+00:00,-49.17,-63.74,-64.15,-58.78,-63.36,-46.96,-47.08,-65.33,-49.16,-40.07,-55.50,-59.75,-54.99,-45.41,-58.94,-37.23,-53.70,2026-06-14 22:40:04+00:00
2026-06-14T22:41:04+00:00,-48.24,-63.27,-63.91,-58.56,-62.41,-46.93,-46.48,-64.55,-50.26,-40.34,-55.70,-59.88,-54.51,-45.29,-58.99,-37.54,-51.84,2026-06-14 22:41:04+00:00
2026-06-14T22:42:03+00:00,-49.42,-63.40,-64.21,-59.16,-63.27,-47.13,-46.81,-65.36,-48.72,-40.67,-56.31,-59.61,-53.97,-44.72,-58.69,-38.84,-53.55,2026-06-14 22:42:03+00:00
2026-06-14T22:43:03+00:00,-48.83,-63.35,-63.54,-59.01,-63.38,-46.97,-47.10,-64.39,-49.70,-40.86,-56.04,-59.43,-53.87,-43.42,-58.36,-39.99,-54.72,2026-06-14 22:43:03+00:00
2026-06-14T22:44:03+00:00,-48.43,-61.40,-63.33,-58.84,-62.93,-46.73,-47.80,-64.50,-50.07,-40.99,-56.24,-58.97,-53.87,-42.83,-57.89,-41.04,-54.40,2026-06-14 22:44:03+00:00
2026-06-14T22:45:04+00:00,-46.54,-62.12,-64.48,-58.86,-62.33,-46.93,-47.61,-65.16,-48.77,-41.35,-54.48,-59.08,-53.88,-42.60,-58.86,-42.36,-53.48,2026-06-14 22:45:04+00:00
2026-06-14T22:46:04+00:00,-46.94,-63.97,-64.43,-58.77,-62.66,-47.16,-47.91,-65.64,-49.69,-40.83,-56.41,-59.55,-53.92,-43.54,-58.43,-41.02,-54.41,2026-06-14 22:46:04+00:00
2026-06-14T22:47:04+00:00,-46.71,-64.53,-61.92,-58.46,-62.05,-46.98,-48.19,-64.24,-49.17,-41.28,-56.50,-59.32,-53.99,-44.40,-58.47,-41.93,-52.45,2026-06-14 22:47:04+00:00
2026-06-14T22:48:03+00:00,-46.92,-64.28,-63.98,-58.88,-62.62,-47.18,-48.87,-65.17,-49.27,-41.43,-56.44,-59.97,-53.88,-44.31,-58.93,-41.59,-54.59,2026-06-14 22:48:03+00:00
2026-06-14T22:49:03+00:00,-47.22,-65.00,-63.63,-59.00,-63.73,-47.10,-49.10,-65.28,-49.05,-41.78,-56.73,-60.56,-54.16,-45.45,-59.14,-42.42,-53.56,2026-06-14 22:49:03+00:00
2026-06-14T22:50:04+00:00,-47.05,-64.25,-63.62,-58.66,-63.02,-47.75,-49.38,-64.72,-49.65,-41.38,-54.52,-61.49,-53.70,-46.11,-58.55,-42.02,-54.10,2026-06-14 22:50:04+00:00
2026-06-14T22:51:04+00:00,-46.88,-64.04,-62.82,-58.49,-63.66,-47.56,-49.50,-64.05,-48.78,-41.06,-56.11,-62.03,-53.10,-46.76,-58.11,-41.16,-53.40,2026-06-14 22:51:04+00:00
2026-06-14T22:52:03+00:00,-47.47,-64.05,-63.64,-58.72,-63.66,-47.62,-49.01,-64.55,-50.34,-40.76,-56.51,-63.15,-52.88,-47.12,-58.60,-41.97,-53.99,2026-06-14 22:52:03+00:00
2026-06-14T22:53:03+00:00,-47.13,-64.53,-63.73,-58.55,-64.09,-46.92,-48.98,-65.19,-53.35,-40.69,-56.59,-62.98,-53.01,-48.52,-58.64,-42.75,-52.25,2026-06-14 22:53:03+00:00
2026-06-14T22:54:04+00:00,-47.86,-63.81,-63.11,-58.44,-63.05,-46.99,-48.80,-64.26,-49.20,-40.33,-56.52,-62.16,-53.27,-46.71,-58.37,-41.70,-53.65,2026-06-14 22:54:04+00:00
2026-06-14T22:55:04+00:00,-47.39,-64.80,-63.36,-58.59,-63.85,-47.16,-48.87,-65.03,-49.63,-40.84,-56.94,-62.62,-53.43,-45.87,-58.51,-41.50,-54.62,2026-06-14 22:55:04+00:00
2026-06-14T22:56:04+00:00,-47.40,-63.96,-63.56,-58.49,-63.22,-47.14,-48.97,-65.12,-49.23,-40.71,-55.54,-62.44,-54.20,-45.00,-58.60,-40.29,-53.39,2026-06-14 22:56:04+00:00
2026-06-14T22:57:04+00:00,-47.46,-63.14,-63.37,-58.42,-63.06,-47.12,-48.82,-65.10,-48.89,-40.27,-56.83,-61.88,-54.28,-45.29,-58.26,-39.17,-53.54,2026-06-14 22:57:04+00:00
2026-06-14T22:58:03+00:00,-47.56,-64.77,-63.79,-58.98,-63.89,-47.22,-48.99,-65.53,-49.06,-39.81,-56.67,-62.13,-54.32,-45.26,-58.47,-38.99,-53.91,2026-06-14 22:58:03+00:00
2026-06-14T22:59:03+00:00,-47.24,-63.04,-65.55,-58.86,-62.55,-47.62,-48.85,-64.58,-50.68,-40.19,-56.56,-61.27,-54.35,-45.84,-53.68,-38.97,-52.40,2026-06-14 22:59:03+00:00
2026-06-14T23:00:03+00:00,-50.20,-64.74,-66.49,-58.96,-63.39,-47.03,-48.69,-65.31,-51.20,-39.30,-57.03,-61.19,-54.36,-45.71,-58.15,-37.95,-53.70,2026-06-14 23:00:03+00:00
2026-06-14T23:01:03+00:00,-50.26,-64.16,-64.46,-58.74,-63.11,-46.86,-48.35,-65.07,-51.08,-39.66,-56.76,-61.45,-53.82,-45.51,-58.40,-38.21,-53.79,2026-06-14 23:01:03+00:00
2026-06-14T23:02:03+00:00,-50.27,-64.44,-63.62,-58.42,-63.56,-47.26,-48.49,-63.70,-51.13,-39.77,-57.23,-61.56,-53.82,-46.51,-58.62,-38.98,-54.48,2026-06-14 23:02:03+00:00
2026-06-14T23:03:03+00:00,-50.31,-64.87,-66.57,-58.97,-63.34,-47.09,-49.01,-65.55,-51.00,-40.31,-54.36,-61.72,-53.87,-48.61,-58.45,-37.75,-52.59,2026-06-14 23:03:03+00:00
2026-06-14T23:04:03+00:00,-50.11,-64.48,-66.11,-58.92,-62.93,-47.29,-48.72,-65.23,-51.01,-40.21,-56.17,-62.58,-53.41,-49.72,-58.37,-37.36,-52.47,2026-06-14 23:04:03+00:00
2026-06-14T23:05:04+00:00,-49.93,-64.62,-66.15,-58.99,-63.02,-46.90,-48.06,-65.09,-51.11,-40.25,-57.11,-62.53,-53.91,-48.78,-58.37,-36.58,-52.60,2026-06-14 23:05:04+00:00
2026-06-14T23:06:03+00:00,-49.30,-59.73,-64.76,-58.86,-62.95,-46.74,-47.53,-63.93,-51.16,-39.65,-56.67,-61.03,-53.59,-50.00,-58.30,-36.80,-53.73,2026-06-14 23:06:03+00:00
2026-06-14T23:07:03+00:00,-49.05,-64.79,-66.62,-58.99,-63.73,-46.94,-47.94,-65.22,-51.19,-40.09,-57.26,-61.91,-53.16,-50.34,-58.89,-37.33,-54.48,2026-06-14 23:07:03+00:00
2026-06-14T23:08:04+00:00,-49.18,-64.36,-65.47,-58.91,-62.71,-47.02,-47.65,-65.12,-51.20,-40.36,-57.15,-61.18,-53.51,-50.24,-58.58,-36.89,-53.76,2026-06-14 23:08:04+00:00
2026-06-14T23:09:04+00:00,-49.39,-63.90,-65.88,-59.08,-62.94,-46.81,-47.59,-65.16,-55.03,-40.89,-57.15,-61.01,-53.90,-49.67,-58.78,-36.30,-52.52,2026-06-14 23:09:04+00:00
2026-06-14T23:10:04+00:00,-49.45,-64.49,-66.89,-58.83,-63.98,-46.94,-48.15,-65.56,-55.23,-41.07,-57.35,-60.88,-53.60,-48.64,-58.48,-37.37,-54.46,2026-06-14 23:10:04+00:00
2026-06-14T23:11:03+00:00,-49.38,-64.34,-66.34,-59.00,-63.78,-47.09,-49.13,-65.03,-56.42,-41.11,-57.73,-60.92,-53.43,-48.67,-58.16,-36.83,-52.67,2026-06-14 23:11:03+00:00
2026-06-14T23:12:03+00:00,-49.33,-64.52,-65.63,-59.18,-62.58,-47.10,-49.14,-65.17,-54.31,-41.49,-57.53,-60.51,-53.49,-49.52,-58.43,-36.72,-53.89,2026-06-14 23:12:03+00:00
2026-06-14T23:13:03+00:00,-49.16,-64.80,-66.55,-59.05,-62.79,-47.23,-48.18,-65.36,-54.37,-41.77,-57.48,-61.31,-53.59,-48.36,-58.48,-36.35,-52.53,2026-06-14 23:13:03+00:00
2026-06-14T23:14:04+00:00,-49.32,-64.69,-66.44,-59.01,-63.08,-46.95,-48.04,-65.19,-54.48,-42.15,-56.91,-61.15,-53.78,-46.57,-58.25,-36.46,-54.63,2026-06-14 23:14:04+00:00
2026-06-14T23:15:04+00:00,-49.97,-63.21,-65.99,-58.85,-63.15,-47.00,-48.18,-64.19,-54.31,-41.75,-54.75,-60.52,-53.84,-43.89,-58.56,-36.19,-52.50,2026-06-14 23:15:04+00:00
2026-06-14T23:16:04+00:00,-49.84,-64.28,-66.96,-58.65,-62.79,-46.70,-48.43,-65.53,-54.37,-41.40,-54.75,-61.89,-53.76,-43.16,-58.37,-36.17,-53.66,2026-06-14 23:16:04+00:00
2026-06-14T23:17:03+00:00,-49.91,-62.69,-65.85,-58.85,-63.30,-46.79,-47.77,-64.32,-54.40,-41.15,-57.10,-61.15,-53.96,-42.86,-58.51,-35.52,-53.96,2026-06-14 23:17:03+00:00
2026-06-14T23:18:03+00:00,-49.80,-62.26,-63.49,-58.76,-62.59,-46.85,-48.10,-64.55,-49.76,-40.82,-57.12,-60.54,-54.12,-44.00,-58.57,-35.53,-53.78,2026-06-14 23:18:03+00:00
2026-06-14T23:19:04+00:00,-50.17,-64.57,-67.00,-58.83,-63.93,-46.89,-48.64,-65.50,-54.37,-41.05,-57.21,-60.97,-54.04,-44.48,-58.85,-35.86,-54.63,2026-06-14 23:19:04+00:00
2026-06-14T23:20:04+00:00,-50.16,-64.11,-66.07,-58.86,-62.66,-46.51,-48.62,-63.70,-54.31,-41.70,-57.10,-61.18,-53.75,-44.10,-58.35,-36.02,-54.49,2026-06-14 23:20:04+00:00
2026-06-14T23:21:03+00:00,-50.08,-63.84,-66.56,-58.78,-63.03,-46.54,-49.01,-65.22,-54.23,-41.64,-57.13,-61.69,-53.77,-44.80,-58.20,-35.73,-52.50,2026-06-14 23:21:03+00:00
2026-06-14T23:22:03+00:00,-50.09,-64.56,-66.84,-59.14,-63.18,-46.91,-48.88,-65.43,-50.57,-41.37,-56.46,-61.80,-53.96,-45.66,-58.66,-36.19,-54.14,2026-06-14 23:22:03+00:00
2026-06-14T23:23:04+00:00,-51.23,-63.67,-65.82,-59.25,-63.02,-46.73,-48.33,-64.39,-50.34,-41.62,-56.50,-61.65,-53.03,-44.98,-58.70,-35.91,-53.38,2026-06-14 23:23:04+00:00
2026-06-14T23:24:04+00:00,-51.29,-63.26,-65.27,-59.28,-63.52,-46.81,-47.84,-65.04,-49.95,-41.14,-54.71,-61.83,-52.74,-43.79,-58.11,-37.13,-53.67,2026-06-14 23:24:04+00:00
2026-06-14T23:25:04+00:00,-51.20,-64.07,-66.64,-59.17,-64.10,-47.05,-47.71,-65.53,-50.30,-41.21,-56.57,-61.90,-52.93,-44.68,-58.41,-38.35,-54.62,2026-06-14 23:25:04+00:00
2026-06-14T23:26:03+00:00,-50.90,-63.51,-66.02,-58.98,-62.22,-46.90,-47.94,-64.18,-50.60,-41.21,-56.36,-61.21,-52.38,-44.38,-58.14,-38.55,-54.52,2026-06-14 23:26:03+00:00
2026-06-14T23:27:03+00:00,-51.28,-64.57,-66.72,-58.93,-63.39,-47.12,-47.83,-64.95,-51.40,-41.13,-56.69,-61.77,-52.27,-44.57,-58.25,-38.25,-54.25,2026-06-14 23:27:03+00:00
2026-06-14T23:28:03+00:00,-51.07,-63.17,-66.03,-58.95,-62.99,-46.98,-46.93,-64.67,-51.24,-41.69,-55.68,-61.20,-51.94,-44.84,-57.89,-39.63,-52.74,2026-06-14 23:28:03+00:00
2026-06-14T23:29:04+00:00,-50.98,-65.08,-66.83,-58.75,-62.92,-46.77,-46.14,-65.39,-51.14,-41.24,-56.58,-61.81,-52.41,-45.14,-58.29,-40.03,-53.77,2026-06-14 23:29:04+00:00
2026-06-14T23:30:04+00:00,-48.06,-64.66,-66.81,-58.74,-63.09,-47.03,-45.26,-63.89,-50.74,-41.35,-56.36,-61.74,-52.51,-45.27,-58.81,-39.86,-53.99,2026-06-14 23:30:04+00:00
2026-06-14T23:31:04+00:00,-47.47,-63.21,-65.64,-58.89,-63.00,-46.71,-44.97,-64.10,-50.51,-41.08,-56.10,-60.59,-52.66,-45.56,-58.31,-39.12,-53.66,2026-06-14 23:31:04+00:00
2026-06-14T23:32:04+00:00,-47.63,-63.24,-65.87,-59.25,-62.39,-47.00,-45.43,-64.18,-50.73,-41.51,-56.07,-61.16,-53.04,-44.99,-58.68,-39.01,-54.62,2026-06-14 23:32:04+00:00
2026-06-14T23:33:04+00:00,-47.50,-63.74,-65.86,-59.15,-61.99,-46.90,-46.06,-64.84,-50.86,-41.31,-55.68,-60.95,-53.43,-44.40,-58.30,-40.26,-53.75,2026-06-14 23:33:04+00:00
2026-06-14T23:34:03+00:00,-47.63,-64.83,-67.04,-59.14,-63.78,-46.77,-46.41,-65.35,-50.78,-41.39,-55.97,-61.09,-53.85,-44.85,-58.56,-39.94,-54.92,2026-06-14 23:34:03+00:00
2026-06-14T23:35:03+00:00,-47.87,-64.32,-66.37,-59.18,-62.60,-46.92,-46.23,-64.65,-50.80,-41.11,-55.68,-60.95,-53.97,-43.96,-58.36,-39.56,-53.89,2026-06-14 23:35:03+00:00
2026-06-14T23:36:03+00:00,-47.96,-64.38,-66.77,-58.75,-62.46,-46.63,-46.06,-65.23,-50.57,-41.50,-55.48,-60.57,-53.62,-44.31,-58.68,-39.59,-54.69,2026-06-14 23:36:03+00:00
2026-06-14T23:37:03+00:00,-47.30,-64.14,-65.96,-58.86,-63.65,-46.96,-46.41,-64.80,-55.15,-41.19,-55.33,-60.78,-52.80,-44.84,-58.45,-39.21,-54.84,2026-06-14 23:37:03+00:00
2026-06-14T23:38:04+00:00,-47.35,-64.51,-66.46,-58.87,-62.39,-46.65,-46.65,-64.79,-54.93,-41.00,-54.75,-60.60,-52.61,-45.33,-58.18,-38.71,-52.71,2026-06-14 23:38:04+00:00
2026-06-14T23:39:04+00:00,-47.21,-65.35,-66.57,-59.28,-63.78,-47.01,-47.10,-65.62,-51.35,-40.55,-54.34,-60.84,-52.84,-45.77,-58.52,-38.01,-53.82,2026-06-14 23:39:04+00:00
2026-06-14T23:40:04+00:00,-47.72,-65.09,-67.21,-59.21,-63.35,-47.04,-47.10,-65.32,-51.32,-40.80,-55.01,-60.90,-52.55,-45.23,-58.62,-38.17,-52.69,2026-06-14 23:40:04+00:00
2026-06-14T23:41:03+00:00,-47.63,-62.94,-66.61,-59.17,-61.93,-46.94,-47.51,-65.20,-50.88,-40.84,-54.46,-60.85,-51.98,-44.81,-58.06,-37.59,-54.80,2026-06-14 23:41:03+00:00
2026-06-14T23:42:03+00:00,-47.80,-64.97,-67.45,-59.52,-63.50,-47.19,-47.51,-65.68,-50.83,-40.75,-54.47,-60.87,-52.53,-43.80,-58.48,-37.09,-53.85,2026-06-14 23:42:03+00:00
2026-06-14T23:43:04+00:00,-47.78,-65.18,-67.55,-59.02,-63.73,-46.85,-47.34,-65.31,-50.84,-40.73,-54.02,-60.84,-52.64,-43.30,-58.72,-37.00,-54.06,2026-06-14 23:43:04+00:00
2026-06-14T23:44:04+00:00,-47.74,-65.06,-67.16,-59.31,-63.34,-47.17,-47.58,-64.05,-50.79,-41.37,-53.31,-60.86,-52.54,-43.06,-58.41,-37.06,-52.53,2026-06-14 23:44:04+00:00
2026-06-14T23:45:03+00:00,-50.12,-64.64,-67.34,-58.51,-63.70,-46.99,-47.81,-65.73,-51.39,-41.44,-53.89,-60.92,-52.21,-42.91,-58.31,-36.61,-52.42,2026-06-14 23:45:03+00:00
2026-06-14T23:46:03+00:00,-50.21,-64.77,-67.70,-59.00,-63.28,-47.07,-47.64,-65.85,-51.42,-41.53,-54.04,-60.76,-51.99,-42.21,-58.32,-36.44,-52.64,2026-06-14 23:46:03+00:00
2026-06-14T23:47:04+00:00,-50.32,-65.13,-66.81,-58.99,-63.25,-47.10,-47.51,-65.29,-51.40,-41.78,-54.04,-61.07,-52.15,-42.58,-58.27,-36.53,-52.63,2026-06-14 23:47:04+00:00
2026-06-14T23:48:04+00:00,-50.28,-65.03,-67.25,-59.02,-63.09,-47.40,-47.42,-65.49,-51.27,-41.97,-53.88,-61.23,-52.35,-42.45,-58.40,-35.95,-54.01,2026-06-14 23:48:04+00:00
2026-06-14T23:49:04+00:00,-50.29,-62.99,-65.56,-58.54,-63.40,-47.22,-47.43,-64.62,-51.24,-42.19,-53.77,-60.44,-52.36,-41.54,-58.06,-36.15,-54.84,2026-06-14 23:49:04+00:00
2026-06-14T23:50:03+00:00,-49.99,-64.45,-66.14,-58.95,-62.61,-46.97,-48.24,-64.82,-51.11,-42.02,-53.70,-61.31,-51.60,-40.87,-58.26,-36.28,-57.97,2026-06-14 23:50:03+00:00
2026-06-14T23:51:03+00:00,-50.34,-65.15,-67.32,-59.23,-63.07,-47.53,-48.07,-65.23,-51.26,-42.23,-53.52,-61.68,-51.39,-40.92,-57.95,-36.71,-53.94,2026-06-14 23:51:03+00:00
2026-06-14T23:52:03+00:00,-50.34,-65.66,-67.70,-59.08,-63.51,-47.43,-47.87,-65.64,-51.36,-41.95,-53.37,-61.55,-51.82,-41.24,-58.43,-37.10,-54.97,2026-06-14 23:52:03+00:00
2026-06-14T23:53:04+00:00,-50.26,-64.98,-67.38,-58.77,-62.82,-47.39,-47.81,-65.34,-51.28,-42.31,-52.95,-61.68,-51.81,-42.60,-58.32,-37.01,-54.92,2026-06-14 23:53:04+00:00
2026-06-14T23:54:04+00:00,-50.35,-63.64,-67.33,-58.70,-62.47,-47.68,-47.93,-65.33,-56.31,-42.53,-52.76,-61.81,-51.66,-43.65,-57.91,-36.86,-54.04,2026-06-14 23:54:04+00:00
2026-06-14T23:55:03+00:00,-50.39,-65.49,-67.38,-59.01,-63.38,-47.46,-48.19,-64.79,-57.49,-42.64,-52.62,-61.78,-51.87,-45.18,-58.53,-36.94,-54.10,2026-06-14 23:55:03+00:00
2026-06-14T23:56:03+00:00,-50.47,-64.96,-67.54,-59.15,-63.34,-47.48,-48.24,-65.34,-57.79,-42.66,-52.51,-61.68,-51.86,-45.56,-58.61,-37.04,-52.68,2026-06-14 23:56:03+00:00
2026-06-14T23:57:04+00:00,-50.48,-64.28,-66.93,-59.14,-63.13,-48.04,-48.32,-65.08,-54.84,-42.79,-52.49,-61.27,-51.74,-47.38,-58.19,-36.93,-54.07,2026-06-14 23:57:04+00:00
2026-06-14T23:58:04+00:00,-50.43,-64.39,-67.44,-59.04,-63.91,-47.46,-48.56,-65.52,-54.94,-42.66,-52.22,-61.46,-51.34,-49.88,-58.40,-37.25,-54.85,2026-06-14 23:58:04+00:00
2026-06-14T23:59:04+00:00,-50.53,-64.99,-67.17,-59.19,-63.17,-47.76,-48.86,-65.60,-54.90,-42.58,-52.19,-61.61,-51.10,-48.64,-58.18,-37.14,-54.07,2026-06-14 23:59:04+00:00
