data,4500,11350,27200,58750,89750,19600,20270,20900,22600,23400,24000,26700,29700,45900,63850,77500,Ch17,data_parsed
2026-06-20T00:00:04+00:00,-45.39,-60.90,-62.96,-60.17,-62.28,-45.69,-47.77,-59.89,-52.89,-60.92,-52.21,-61.72,-52.02,-44.50,-58.74,-42.12,-54.84,2026-06-20 00:00:04+00:00
2026-06-20T00:01:04+00:00,-45.82,-59.16,-62.29,-59.67,-61.82,-45.71,-47.82,-59.02,-53.84,-59.22,-51.82,-60.66,-51.65,-43.81,-58.70,-43.04,-54.94,2026-06-20 00:01:04+00:00
2026-06-20T00:02:02+00:00,-45.30,-61.25,-63.49,-60.53,-62.99,-45.80,-48.00,-60.07,-49.70,-60.71,-52.14,-62.07,-52.19,-43.81,-59.15,-43.21,-52.56,2026-06-20 00:02:02+00:00
2026-06-20T00:03:04+00:00,-45.79,-61.03,-63.31,-60.24,-62.47,-45.75,-48.51,-60.53,-51.65,-60.79,-52.23,-62.13,-52.17,-44.33,-59.06,-43.04,-53.99,2026-06-20 00:03:04+00:00
2026-06-20T00:04:03+00:00,-45.27,-59.63,-62.31,-59.54,-62.34,-45.97,-48.40,-59.88,-53.26,-59.75,-51.86,-61.41,-52.04,-43.85,-58.92,-42.62,-54.10,2026-06-20 00:04:03+00:00
2026-06-20T00:05:03+00:00,-45.77,-59.99,-63.34,-60.14,-62.29,-45.21,-48.60,-59.93,-49.09,-60.86,-51.93,-62.15,-52.02,-43.73,-59.18,-42.67,-52.46,2026-06-20 00:05:03+00:00
2026-06-20T00:06:04+00:00,-45.37,-55.81,-63.13,-59.73,-61.48,-45.55,-48.38,-59.91,-49.62,-60.50,-51.95,-62.29,-51.85,-43.47,-58.99,-43.10,-54.21,2026-06-20 00:06:04+00:00
2026-06-20T00:07:03+00:00,-45.75,-53.11,-62.45,-59.44,-61.91,-45.51,-48.49,-60.82,-51.87,-59.71,-51.49,-61.71,-51.93,-43.14,-58.81,-43.06,-53.86,2026-06-20 00:07:03+00:00
2026-06-20T00:08:03+00:00,-45.65,-58.97,-61.91,-59.92,-62.54,-45.34,-48.89,-58.99,-48.67,-60.47,-52.01,-61.13,-51.92,-42.11,-58.77,-42.69,-52.87,2026-06-20 00:08:03+00:00
2026-06-20T00:09:04+00:00,-45.67,-59.45,-62.46,-59.85,-62.64,-45.51,-48.83,-61.51,-48.63,-59.91,-52.30,-61.40,-51.85,-42.52,-59.45,-43.10,-54.23,2026-06-20 00:09:04+00:00
2026-06-20T00:10:03+00:00,-45.68,-60.45,-62.06,-59.61,-62.56,-45.44,-48.60,-61.71,-48.26,-60.38,-52.11,-60.81,-52.01,-42.56,-58.51,-43.09,-52.83,2026-06-20 00:10:03+00:00
2026-06-20T00:11:03+00:00,-45.50,-60.59,-62.04,-59.75,-62.69,-45.47,-48.54,-61.58,-48.93,-60.59,-52.12,-60.94,-51.92,-41.90,-59.16,-43.55,-54.81,2026-06-20 00:11:03+00:00
2026-06-20T00:12:04+00:00,-45.59,-62.05,-61.84,-59.74,-61.76,-45.47,-48.85,-62.35,-49.92,-55.06,-52.31,-61.23,-52.03,-42.12,-58.49,-43.68,-57.81,2026-06-20 00:12:04+00:00
2026-06-20T00:13:03+00:00,-45.69,-62.06,-61.90,-59.82,-62.60,-45.73,-48.45,-61.86,-49.47,-54.59,-52.36,-61.10,-51.56,-43.13,-58.56,-43.80,-54.06,2026-06-20 00:13:03+00:00
2026-06-20T00:14:03+00:00,-45.65,-60.99,-62.49,-60.04,-62.07,-45.70,-48.49,-61.44,-49.80,-52.12,-52.32,-61.46,-51.28,-43.16,-58.99,-43.31,-55.01,2026-06-20 00:14:03+00:00
2026-06-20T00:15:04+00:00,-46.75,-60.47,-62.77,-59.99,-61.83,-45.76,-48.33,-62.26,-51.15,-52.12,-51.78,-61.27,-51.17,-42.58,-59.28,-41.79,-54.78,2026-06-20 00:15:04+00:00
2026-06-20T00:16:04+00:00,-46.68,-62.14,-62.52,-59.76,-61.29,-45.87,-48.59,-62.51,-51.19,-52.16,-51.52,-60.98,-50.86,-41.35,-59.09,-41.77,-57.83,2026-06-20 00:16:04+00:00
2026-06-20T00:17:03+00:00,-46.80,-60.06,-62.22,-59.73,-62.68,-45.90,-48.78,-60.08,-49.06,-51.70,-52.41,-60.54,-50.54,-40.99,-58.98,-44.49,-56.53,2026-06-20 00:17:03+00:00
2026-06-20T00:18:04+00:00,-47.00,-61.99,-63.41,-59.96,-63.66,-45.73,-48.55,-62.61,-50.32,-60.75,-51.60,-61.42,-50.58,-40.22,-59.06,-41.76,-54.81,2026-06-20 00:18:04+00:00
2026-06-20T00:19:04+00:00,-46.78,-60.68,-62.40,-59.87,-62.64,-45.77,-48.60,-61.43,-50.53,-60.50,-52.38,-61.12,-50.35,-40.52,-59.17,-41.57,-54.78,2026-06-20 00:19:04+00:00
2026-06-20T00:20:03+00:00,-48.76,-61.30,-63.16,-59.70,-62.68,-45.77,-48.93,-61.92,-52.18,-60.84,-52.40,-61.38,-50.15,-40.03,-58.90,-41.15,-54.92,2026-06-20 00:20:03+00:00
2026-06-20T00:21:03+00:00,-49.40,-60.85,-63.23,-59.97,-62.99,-45.71,-48.90,-61.95,-51.96,-60.49,-52.49,-61.40,-50.05,-39.93,-59.20,-40.76,-52.99,2026-06-20 00:21:03+00:00
2026-06-20T00:22:04+00:00,-48.98,-60.22,-63.02,-60.03,-62.10,-45.93,-48.60,-62.15,-52.67,-60.12,-52.43,-61.19,-50.11,-40.58,-59.43,-40.49,-52.67,2026-06-20 00:22:04+00:00
2026-06-20T00:23:03+00:00,-48.31,-62.71,-63.52,-60.18,-61.59,-46.06,-48.43,-62.32,-52.03,-60.88,-52.48,-61.36,-50.14,-40.87,-59.30,-40.29,-54.80,2026-06-20 00:23:03+00:00
2026-06-20T00:24:03+00:00,-48.19,-62.45,-63.23,-60.26,-63.45,-45.78,-48.25,-62.21,-51.42,-60.88,-52.37,-61.19,-50.36,-41.28,-58.89,-40.44,-53.92,2026-06-20 00:24:03+00:00
2026-06-20T00:25:04+00:00,-49.64,-62.04,-62.73,-59.61,-62.43,-45.92,-48.17,-62.40,-51.74,-60.71,-52.65,-61.12,-50.27,-41.54,-58.97,-41.60,-54.03,2026-06-20 00:25:04+00:00
2026-06-20T00:26:04+00:00,-46.68,-62.49,-63.55,-59.97,-62.71,-45.91,-48.47,-62.48,-51.56,-60.67,-52.51,-61.41,-50.40,-41.13,-58.96,-41.65,-54.14,2026-06-20 00:26:04+00:00
2026-06-20T00:27:03+00:00,-46.78,-61.53,-63.53,-60.38,-62.25,-45.75,-48.43,-62.90,-49.80,-61.08,-52.54,-61.34,-50.33,-41.20,-59.04,-41.06,-53.19,2026-06-20 00:27:03+00:00
2026-06-20T00:28:03+00:00,-46.42,-59.54,-62.11,-59.97,-62.47,-46.15,-48.14,-59.71,-49.74,-59.51,-52.51,-60.43,-50.57,-41.29,-58.74,-40.82,-53.84,2026-06-20 00:28:03+00:00
2026-06-20T00:29:04+00:00,-46.53,-60.80,-63.42,-60.04,-63.11,-46.05,-48.03,-60.50,-49.91,-60.52,-52.87,-60.62,-50.56,-40.92,-58.57,-40.64,-52.97,2026-06-20 00:29:04+00:00
2026-06-20T00:30:03+00:00,-47.11,-60.44,-63.37,-60.15,-62.76,-46.26,-48.08,-60.19,-49.77,-60.34,-52.74,-60.73,-50.58,-40.75,-58.90,-40.37,-54.70,2026-06-20 00:30:03+00:00
2026-06-20T00:31:03+00:00,-46.91,-61.17,-63.19,-59.77,-61.81,-46.12,-48.12,-60.64,-49.83,-60.24,-52.90,-60.66,-50.29,-40.66,-58.92,-41.06,-54.63,2026-06-20 00:31:03+00:00
2026-06-20T00:32:03+00:00,-47.49,-61.45,-62.72,-59.93,-62.21,-46.37,-48.15,-60.52,-49.77,-59.80,-52.97,-60.66,-50.15,-40.90,-58.94,-41.66,-52.49,2026-06-20 00:32:03+00:00
2026-06-20T00:33:04+00:00,-46.98,-60.76,-63.35,-60.07,-62.54,-46.22,-48.16,-60.61,-49.72,-60.05,-53.08,-60.81,-50.47,-41.66,-58.95,-40.63,-53.70,2026-06-20 00:33:04+00:00
2026-06-20T00:34:04+00:00,-47.03,-59.34,-60.09,-60.06,-61.71,-46.29,-48.07,-58.79,-49.77,-59.95,-53.07,-58.59,-50.74,-42.01,-59.11,-40.94,-53.74,2026-06-20 00:34:04+00:00
2026-06-20T00:35:03+00:00,-47.45,-61.52,-62.06,-60.14,-62.09,-46.15,-48.65,-60.03,-49.66,-60.53,-53.22,-60.07,-50.93,-42.51,-58.85,-40.75,-52.82,2026-06-20 00:35:03+00:00
2026-06-20T00:36:04+00:00,-46.82,-60.41,-62.71,-60.02,-62.91,-46.36,-48.81,-59.65,-50.93,-60.19,-53.06,-60.58,-50.88,-42.11,-59.16,-40.85,-54.28,2026-06-20 00:36:04+00:00
2026-06-20T00:37:04+00:00,-46.86,-60.84,-62.99,-60.18,-62.51,-46.70,-48.72,-60.44,-51.04,-60.94,-53.14,-60.23,-51.36,-41.42,-58.82,-41.54,-54.49,2026-06-20 00:37:04+00:00
2026-06-20T00:38:03+00:00,-47.19,-61.11,-62.91,-59.72,-62.33,-47.07,-48.49,-60.58,-50.96,-61.08,-53.33,-60.79,-51.41,-41.25,-58.74,-41.94,-54.10,2026-06-20 00:38:03+00:00
2026-06-20T00:39:03+00:00,-46.75,-60.44,-62.46,-59.69,-63.19,-46.90,-48.48,-61.88,-50.85,-60.19,-53.33,-59.93,-51.45,-41.88,-58.93,-41.96,-54.18,2026-06-20 00:39:03+00:00
2026-06-20T00:40:04+00:00,-50.34,-59.80,-61.17,-59.53,-62.55,-46.92,-48.29,-60.13,-51.08,-60.01,-53.46,-60.10,-51.32,-42.60,-58.96,-41.39,-56.85,2026-06-20 00:40:04+00:00
2026-06-20T00:41:03+00:00,-49.39,-61.45,-61.20,-59.79,-61.54,-46.87,-48.65,-60.57,-51.22,-59.42,-52.90,-61.26,-51.50,-42.56,-58.88,-41.78,-52.64,2026-06-20 00:41:03+00:00
2026-06-20T00:42:03+00:00,-50.07,-60.34,-62.05,-59.63,-62.32,-46.96,-48.73,-61.78,-53.19,-59.75,-53.01,-61.82,-51.70,-42.80,-58.85,-41.77,-52.47,2026-06-20 00:42:03+00:00
2026-06-20T00:43:04+00:00,-49.51,-60.55,-63.08,-60.59,-63.95,-46.95,-48.18,-61.91,-53.62,-59.82,-53.09,-61.90,-51.49,-42.12,-58.85,-42.18,-52.85,2026-06-20 00:43:04+00:00
2026-06-20T00:44:04+00:00,-47.86,-61.81,-62.57,-59.51,-62.49,-46.91,-48.25,-60.73,-53.12,-59.54,-52.53,-62.24,-51.73,-42.22,-58.62,-41.88,-56.89,2026-06-20 00:44:04+00:00
2026-06-20T00:45:03+00:00,-46.95,-63.03,-63.85,-60.03,-61.68,-46.65,-48.12,-62.35,-52.46,-60.52,-52.40,-63.05,-52.02,-42.27,-58.43,-42.59,-55.15,2026-06-20 00:45:03+00:00
2026-06-20T00:46:04+00:00,-46.22,-63.61,-63.68,-60.32,-63.28,-46.48,-48.54,-62.30,-52.17,-60.54,-52.39,-62.64,-52.36,-42.52,-58.59,-42.40,-52.63,2026-06-20 00:46:04+00:00
2026-06-20T00:47:04+00:00,-46.39,-62.47,-62.97,-59.60,-62.61,-46.35,-48.80,-61.81,-51.99,-60.35,-52.31,-61.88,-52.19,-42.27,-58.87,-43.61,-52.58,2026-06-20 00:47:04+00:00
2026-06-20T00:48:03+00:00,-46.22,-62.59,-63.26,-59.69,-62.71,-46.19,-48.89,-62.41,-52.20,-60.36,-52.38,-61.95,-52.66,-43.00,-58.92,-44.05,-52.53,2026-06-20 00:48:03+00:00
2026-06-20T00:49:03+00:00,-46.12,-62.06,-63.24,-59.85,-63.01,-46.67,-48.94,-62.30,-50.14,-60.56,-52.01,-61.90,-52.48,-43.00,-59.23,-44.49,-53.49,2026-06-20 00:49:03+00:00
2026-06-20T00:50:04+00:00,-46.55,-60.21,-62.14,-59.79,-62.58,-46.44,-48.91,-62.23,-49.35,-60.51,-51.93,-60.66,-52.42,-42.75,-59.05,-45.62,-52.78,2026-06-20 00:50:04+00:00
2026-06-20T00:51:03+00:00,-46.48,-63.13,-64.99,-59.66,-62.48,-46.88,-52.38,-62.33,-50.80,-61.25,-52.22,-61.36,-52.48,-43.13,-58.75,-45.90,-54.41,2026-06-20 00:51:03+00:00
2026-06-20T00:52:03+00:00,-46.35,-59.94,-65.14,-59.91,-62.74,-46.89,-48.62,-62.19,-50.62,-60.70,-51.89,-60.60,-52.82,-43.30,-58.92,-45.22,-53.00,2026-06-20 00:52:03+00:00
2026-06-20T00:53:04+00:00,-46.16,-61.36,-64.38,-59.57,-62.33,-46.47,-48.58,-60.18,-50.55,-60.24,-51.60,-60.85,-52.85,-43.68,-59.32,-45.65,-52.51,2026-06-20 00:53:04+00:00
2026-06-20T00:54:03+00:00,-46.52,-63.74,-65.57,-59.75,-62.04,-46.47,-48.34,-60.75,-50.60,-61.25,-51.89,-61.19,-52.93,-43.97,-58.92,-46.55,-54.20,2026-06-20 00:54:03+00:00
2026-06-20T00:55:03+00:00,-46.57,-61.77,-64.14,-59.99,-63.19,-46.46,-48.46,-61.17,-50.55,-61.38,-51.72,-60.65,-52.91,-43.29,-59.04,-47.26,-52.93,2026-06-20 00:55:03+00:00
2026-06-20T00:56:04+00:00,-46.52,-62.16,-65.30,-60.01,-62.47,-46.54,-48.55,-61.45,-50.48,-61.05,-51.75,-61.60,-53.25,-43.09,-58.78,-47.75,-54.85,2026-06-20 00:56:04+00:00
2026-06-20T00:57:04+00:00,-46.60,-62.47,-65.69,-59.67,-62.51,-46.31,-48.42,-60.57,-50.26,-61.44,-51.65,-61.81,-53.53,-43.21,-58.63,-47.44,-54.23,2026-06-20 00:57:04+00:00
2026-06-20T00:58:03+00:00,-46.50,-60.72,-65.24,-59.32,-62.31,-46.23,-48.57,-61.60,-50.43,-61.54,-51.65,-61.45,-53.59,-42.86,-58.83,-48.17,-52.88,2026-06-20 00:58:03+00:00
2026-06-20T00:59:04+00:00,-47.77,-58.73,-62.20,-59.45,-62.05,-46.36,-48.58,-60.62,-50.38,-60.52,-51.58,-60.40,-53.48,-43.11,-58.60,-48.14,-52.71,2026-06-20 00:59:04+00:00
2026-06-20T01:00:04+00:00,-48.38,-60.92,-65.25,-59.74,-61.62,-46.39,-48.67,-60.40,-50.43,-61.30,-51.62,-61.67,-53.85,-43.17,-58.88,-46.33,-54.00,2026-06-20 01:00:04+00:00
2026-06-20T01:01:04+00:00,-48.30,-60.38,-64.44,-59.48,-61.82,-46.47,-48.50,-60.85,-50.46,-61.42,-51.65,-61.64,-54.10,-43.10,-58.35,-45.93,-54.83,2026-06-20 01:01:04+00:00
2026-06-20T01:02:03+00:00,-48.33,-60.50,-64.67,-59.46,-62.69,-46.51,-48.48,-62.13,-50.35,-61.34,-51.25,-61.85,-54.57,-43.45,-59.20,-46.32,-52.81,2026-06-20 01:02:03+00:00
2026-06-20T01:03:03+00:00,-48.49,-61.38,-65.19,-59.43,-61.72,-46.65,-48.54,-62.45,-50.43,-61.86,-51.03,-62.47,-54.53,-43.09,-58.24,-45.72,-52.80,2026-06-20 01:03:03+00:00
2026-06-20T01:04:04+00:00,-48.36,-59.11,-64.31,-59.90,-63.06,-46.53,-48.24,-61.43,-53.02,-61.34,-50.85,-60.65,-54.50,-43.01,-58.70,-44.94,-52.85,2026-06-20 01:04:04+00:00
2026-06-20T01:05:03+00:00,-48.56,-61.82,-65.72,-59.92,-63.30,-46.03,-47.98,-62.10,-54.84,-62.04,-51.33,-62.81,-54.45,-42.76,-58.80,-44.76,-54.14,2026-06-20 01:05:03+00:00
2026-06-20T01:06:03+00:00,-48.27,-61.65,-63.56,-59.50,-62.82,-46.25,-48.08,-62.08,-58.11,-61.83,-51.31,-61.99,-54.09,-42.84,-58.76,-44.28,-52.64,2026-06-20 01:06:03+00:00
2026-06-20T01:07:04+00:00,-48.21,-59.47,-64.53,-59.77,-63.45,-46.17,-48.00,-61.57,-56.21,-61.00,-51.03,-62.56,-54.17,-42.66,-58.57,-43.00,-52.55,2026-06-20 01:07:04+00:00
2026-06-20T01:08:04+00:00,-48.30,-60.16,-64.89,-59.95,-63.07,-46.44,-51.73,-61.75,-55.57,-61.55,-50.73,-62.28,-54.29,-42.77,-58.97,-43.14,-52.60,2026-06-20 01:08:04+00:00
2026-06-20T01:09:03+00:00,-48.22,-60.74,-65.17,-59.73,-62.40,-46.22,-47.89,-62.16,-55.98,-62.05,-50.64,-63.46,-54.61,-42.58,-58.60,-43.15,-52.41,2026-06-20 01:09:03+00:00
2026-06-20T01:10:04+00:00,-48.18,-61.53,-65.33,-60.01,-63.34,-46.08,-47.99,-61.90,-55.11,-61.94,-50.41,-64.76,-54.86,-43.37,-58.68,-43.52,-52.35,2026-06-20 01:10:04+00:00
2026-06-20T01:11:03+00:00,-48.20,-60.61,-65.21,-59.81,-63.98,-45.99,-48.72,-61.53,-54.92,-61.28,-50.17,-64.22,-54.71,-43.86,-58.66,-44.40,-52.48,2026-06-20 01:11:03+00:00
2026-06-20T01:12:03+00:00,-48.01,-60.81,-65.02,-59.69,-62.91,-46.43,-48.97,-61.64,-51.58,-61.47,-50.26,-64.16,-54.71,-43.68,-58.64,-43.98,-52.15,2026-06-20 01:12:03+00:00
2026-06-20T01:13:04+00:00,-48.15,-60.78,-64.25,-59.73,-62.54,-46.49,-49.03,-61.88,-51.69,-61.37,-49.87,-63.67,-54.67,-43.86,-58.67,-43.52,-52.43,2026-06-20 01:13:04+00:00
2026-06-20T01:14:04+00:00,-48.12,-61.61,-65.87,-59.93,-63.79,-46.49,-48.93,-62.05,-51.59,-61.39,-50.16,-64.77,-54.70,-44.21,-58.95,-44.11,-52.65,2026-06-20 01:14:04+00:00
2026-06-20T01:15:35+00:00,-48.35,-61.48,-64.36,-59.74,-63.51,-46.71,-48.77,-61.68,-51.34,-61.64,-50.03,-63.72,-54.99,-44.45,-58.85,-43.80,-52.77,2026-06-20 01:15:35+00:00
2026-06-20T01:16:04+00:00,-48.36,-62.03,-65.77,-59.62,-62.67,-46.82,-48.77,-63.35,-52.56,-62.45,-49.88,-64.84,-55.15,-44.77,-58.97,-43.37,-52.91,2026-06-20 01:16:04+00:00
2026-06-20T01:17:03+00:00,-47.67,-60.70,-64.84,-59.92,-62.95,-46.51,-49.06,-62.57,-52.59,-61.46,-49.77,-64.16,-55.13,-44.93,-59.06,-42.40,-52.81,2026-06-20 01:17:03+00:00
2026-06-20T01:18:03+00:00,-47.97,-60.87,-65.36,-59.72,-62.74,-46.80,-49.36,-62.80,-51.04,-61.69,-50.03,-64.53,-55.43,-45.78,-58.69,-42.68,-52.82,2026-06-20 01:18:03+00:00
2026-06-20T01:19:04+00:00,-48.19,-61.30,-65.38,-60.16,-62.23,-46.58,-49.13,-63.23,-51.14,-62.03,-50.16,-64.82,-55.08,-46.19,-58.78,-43.00,-52.74,2026-06-20 01:19:04+00:00
2026-06-20T01:20:03+00:00,-48.47,-59.70,-62.31,-59.96,-63.05,-46.43,-48.75,-61.93,-51.66,-50.25,-50.09,-62.94,-54.56,-45.95,-58.73,-42.35,-52.77,2026-06-20 01:20:03+00:00
2026-06-20T01:21:03+00:00,-48.09,-59.51,-63.64,-60.06,-62.51,-46.84,-48.40,-61.82,-51.70,-45.19,-49.96,-63.51,-54.51,-46.22,-58.54,-42.88,-52.57,2026-06-20 01:21:03+00:00
2026-06-20T01:22:04+00:00,-48.28,-60.99,-64.38,-59.80,-62.39,-46.36,-48.32,-61.46,-52.11,-44.38,-49.61,-64.02,-55.04,-46.73,-58.97,-43.35,-52.94,2026-06-20 01:22:04+00:00
2026-06-20T01:23:03+00:00,-48.22,-61.26,-64.58,-59.92,-63.92,-46.45,-47.99,-62.30,-52.12,-43.78,-49.61,-64.70,-55.22,-46.33,-58.56,-43.64,-52.66,2026-06-20 01:23:03+00:00
2026-06-20T01:24:03+00:00,-48.43,-61.07,-64.99,-59.65,-61.43,-46.34,-48.33,-63.63,-52.42,-44.81,-49.53,-64.76,-55.16,-46.13,-59.11,-41.90,-52.84,2026-06-20 01:24:03+00:00
2026-06-20T01:25:04+00:00,-48.45,-61.35,-65.55,-59.31,-62.29,-46.36,-47.98,-62.86,-52.47,-44.28,-49.20,-64.25,-55.17,-46.15,-58.65,-40.07,-53.05,2026-06-20 01:25:04+00:00
2026-06-20T01:26:04+00:00,-48.44,-61.81,-64.78,-59.47,-63.12,-46.19,-47.98,-62.85,-52.31,-45.22,-49.26,-63.87,-54.78,-46.72,-59.04,-39.31,-53.80,2026-06-20 01:26:04+00:00
2026-06-20T01:27:03+00:00,-48.65,-61.29,-64.50,-59.62,-61.31,-46.58,-48.21,-63.10,-55.96,-45.08,-48.55,-62.71,-54.53,-46.78,-58.33,-38.51,-52.90,2026-06-20 01:27:03+00:00
2026-06-20T01:28:04+00:00,-48.86,-60.24,-65.37,-59.79,-62.20,-46.60,-48.06,-63.42,-55.02,-45.43,-48.79,-63.68,-54.70,-45.25,-58.61,-38.01,-52.90,2026-06-20 01:28:04+00:00
2026-06-20T01:29:04+00:00,-48.84,-60.92,-64.96,-59.57,-63.01,-46.60,-48.14,-63.48,-54.99,-45.66,-48.66,-63.82,-54.62,-43.81,-58.93,-37.79,-52.55,2026-06-20 01:29:04+00:00
2026-06-20T01:30:03+00:00,-48.63,-60.60,-64.66,-59.48,-63.63,-46.56,-47.70,-63.18,-55.05,-45.85,-48.92,-63.07,-54.40,-43.84,-59.31,-38.21,-52.56,2026-06-20 01:30:03+00:00
2026-06-20T01:31:04+00:00,-48.82,-60.54,-64.85,-59.44,-62.42,-46.31,-47.86,-62.95,-54.72,-45.55,-48.99,-63.10,-54.39,-44.62,-58.39,-38.62,-57.20,2026-06-20 01:31:04+00:00
2026-06-20T01:32:03+00:00,-48.70,-61.81,-65.20,-59.37,-61.66,-46.62,-47.72,-63.59,-54.64,-45.77,-49.23,-63.31,-54.33,-44.89,-58.84,-38.63,-56.64,2026-06-20 01:32:03+00:00
2026-06-20T01:33:04+00:00,-48.85,-60.64,-63.94,-59.37,-62.75,-46.56,-47.46,-61.99,-54.25,-45.58,-49.14,-62.66,-54.48,-44.83,-58.86,-38.70,-57.65,2026-06-20 01:33:04+00:00
2026-06-20T01:34:04+00:00,-48.87,-60.45,-64.33,-59.08,-61.60,-46.54,-47.57,-62.23,-50.69,-45.80,-49.55,-62.64,-54.02,-44.34,-58.83,-38.57,-56.35,2026-06-20 01:34:04+00:00
2026-06-20T01:35:03+00:00,-49.26,-59.00,-64.29,-59.73,-62.04,-46.97,-47.28,-62.77,-49.99,-44.46,-49.72,-62.57,-53.96,-44.90,-58.61,-38.11,-56.33,2026-06-20 01:35:03+00:00
2026-06-20T01:36:03+00:00,-49.52,-60.87,-64.88,-59.24,-62.14,-46.88,-47.58,-63.22,-49.92,-44.67,-49.43,-62.81,-54.21,-46.07,-58.59,-38.25,-56.42,2026-06-20 01:36:03+00:00
2026-06-20T01:37:03+00:00,-49.42,-61.41,-65.22,-59.52,-62.76,-46.89,-47.91,-62.87,-49.85,-44.96,-49.35,-63.04,-54.12,-46.17,-58.60,-38.69,-57.35,2026-06-20 01:37:03+00:00
2026-06-20T01:38:03+00:00,-49.32,-61.40,-64.64,-59.14,-61.53,-46.84,-47.90,-62.36,-49.85,-44.52,-49.31,-62.86,-53.89,-45.71,-59.38,-39.16,-55.36,2026-06-20 01:38:03+00:00
2026-06-20T01:39:04+00:00,-49.48,-60.55,-64.80,-59.66,-61.65,-46.63,-47.55,-63.46,-49.84,-44.03,-49.30,-62.88,-53.98,-44.32,-58.99,-39.01,-56.48,2026-06-20 01:39:04+00:00
2026-06-20T01:40:03+00:00,-49.50,-59.96,-64.03,-59.35,-62.87,-46.71,-47.48,-62.18,-49.75,-44.05,-49.24,-62.23,-53.75,-44.23,-59.36,-38.88,-56.11,2026-06-20 01:40:03+00:00
2026-06-20T01:41:03+00:00,-50.75,-60.84,-64.95,-59.28,-63.37,-46.95,-47.55,-63.11,-49.89,-44.84,-48.92,-62.76,-53.80,-44.60,-58.89,-39.02,-56.43,2026-06-20 01:41:03+00:00
2026-06-20T01:42:04+00:00,-50.86,-61.08,-65.50,-59.23,-62.42,-47.09,-48.29,-63.43,-50.74,-44.21,-48.91,-63.27,-53.82,-44.88,-58.96,-38.92,-57.36,2026-06-20 01:42:04+00:00
2026-06-20T01:43:04+00:00,-50.53,-59.39,-63.53,-59.30,-62.65,-46.87,-48.16,-63.51,-50.90,-44.30,-48.86,-62.74,-53.82,-45.15,-58.98,-38.74,-55.86,2026-06-20 01:43:04+00:00
2026-06-20T01:44:03+00:00,-50.53,-61.62,-64.71,-59.26,-62.01,-47.08,-47.90,-63.30,-50.67,-44.34,-49.05,-61.09,-53.81,-45.69,-58.80,-38.82,-56.70,2026-06-20 01:44:03+00:00
2026-06-20T01:45:03+00:00,-50.33,-63.44,-65.16,-59.53,-62.62,-46.88,-48.00,-64.06,-50.64,-46.32,-48.81,-63.20,-53.86,-46.32,-58.99,-39.04,-56.22,2026-06-20 01:45:03+00:00
2026-06-20T01:46:04+00:00,-50.23,-62.77,-64.77,-59.67,-63.13,-46.97,-48.10,-62.41,-50.31,-45.38,-48.65,-62.48,-53.74,-45.88,-58.79,-39.15,-57.69,2026-06-20 01:46:04+00:00
2026-06-20T01:47:03+00:00,-50.48,-61.60,-64.82,-59.41,-62.36,-46.84,-48.35,-63.05,-49.76,-44.35,-48.43,-62.33,-53.67,-45.66,-58.76,-39.31,-57.45,2026-06-20 01:47:03+00:00
2026-06-20T01:48:03+00:00,-50.33,-61.75,-64.77,-59.18,-63.80,-46.79,-48.31,-62.94,-50.38,-44.73,-47.91,-62.61,-53.85,-45.65,-59.02,-39.31,-56.46,2026-06-20 01:48:03+00:00
2026-06-20T01:49:04+00:00,-49.41,-60.57,-64.13,-59.30,-62.00,-46.77,-48.12,-62.66,-52.88,-45.42,-47.99,-62.24,-53.91,-46.52,-59.01,-39.56,-56.21,2026-06-20 01:49:04+00:00
2026-06-20T01:50:03+00:00,-49.16,-62.17,-65.03,-59.40,-62.82,-46.10,-47.91,-62.25,-56.63,-45.42,-47.73,-62.34,-54.01,-47.02,-59.10,-39.96,-57.12,2026-06-20 01:50:03+00:00
2026-06-20T01:51:03+00:00,-49.35,-62.99,-65.62,-59.81,-63.08,-46.24,-48.43,-63.65,-53.87,-45.45,-47.68,-64.38,-53.59,-47.54,-58.80,-40.82,-56.93,2026-06-20 01:51:03+00:00
2026-06-20T01:52:04+00:00,-49.17,-62.11,-65.57,-59.47,-62.37,-46.29,-48.16,-63.25,-56.80,-45.64,-47.98,-64.06,-53.44,-46.84,-59.15,-40.95,-57.46,2026-06-20 01:52:04+00:00
2026-06-20T01:53:04+00:00,-49.16,-63.05,-65.67,-59.33,-62.04,-45.20,-48.00,-63.83,-53.08,-45.28,-48.00,-64.57,-53.59,-47.29,-58.87,-40.84,-57.38,2026-06-20 01:53:04+00:00
2026-06-20T01:54:03+00:00,-49.14,-62.66,-65.15,-59.62,-62.18,-45.19,-48.00,-62.73,-52.95,-44.84,-48.01,-64.48,-53.88,-46.24,-59.00,-41.62,-56.40,2026-06-20 01:54:03+00:00
2026-06-20T01:55:03+00:00,-49.41,-62.81,-65.49,-59.19,-61.95,-45.17,-47.85,-63.37,-52.86,-44.93,-48.20,-64.81,-54.24,-45.56,-59.03,-41.73,-57.17,2026-06-20 01:55:03+00:00
2026-06-20T01:56:04+00:00,-49.29,-61.98,-65.73,-59.49,-62.07,-45.59,-48.36,-63.72,-54.01,-45.12,-48.20,-64.92,-54.08,-46.00,-59.01,-42.07,-57.28,2026-06-20 01:56:04+00:00
2026-06-20T01:57:03+00:00,-49.33,-62.62,-65.30,-59.85,-62.94,-45.34,-48.21,-63.60,-51.18,-44.35,-48.28,-64.92,-53.63,-46.64,-59.02,-41.94,-57.12,2026-06-20 01:57:03+00:00
2026-06-20T01:58:03+00:00,-49.57,-61.93,-65.21,-59.28,-61.84,-45.29,-48.21,-63.94,-51.49,-45.12,-48.30,-64.67,-53.43,-47.56,-58.55,-41.18,-57.25,2026-06-20 01:58:03+00:00
2026-06-20T01:59:04+00:00,-49.08,-62.43,-65.53,-59.37,-61.28,-45.17,-48.29,-63.92,-51.43,-44.64,-48.26,-64.15,-53.83,-47.97,-58.84,-40.74,-54.20,2026-06-20 01:59:04+00:00
2026-06-20T02:00:04+00:00,-49.47,-61.75,-64.90,-59.77,-63.09,-45.18,-48.29,-62.74,-52.19,-44.76,-48.14,-63.15,-53.83,-47.32,-59.11,-41.28,-53.84,2026-06-20 02:00:04+00:00
2026-06-20T02:01:04+00:00,-48.29,-62.76,-65.17,-59.59,-61.62,-45.17,-48.08,-63.62,-52.50,-45.39,-48.11,-63.56,-53.52,-46.08,-58.59,-40.76,-54.47,2026-06-20 02:01:04+00:00
2026-06-20T02:02:03+00:00,-48.12,-61.87,-65.13,-59.52,-61.48,-45.18,-48.24,-62.94,-52.35,-45.23,-47.83,-63.26,-53.47,-47.00,-58.62,-41.35,-54.20,2026-06-20 02:02:03+00:00
2026-06-20T02:03:04+00:00,-48.35,-62.75,-65.46,-59.46,-61.36,-45.32,-48.26,-63.56,-50.73,-45.06,-47.98,-63.29,-53.55,-46.91,-58.38,-43.12,-54.23,2026-06-20 02:03:04+00:00
2026-06-20T02:04:04+00:00,-48.47,-61.72,-63.63,-59.44,-62.63,-45.22,-48.26,-62.81,-51.73,-46.06,-47.83,-63.06,-53.89,-46.45,-59.13,-43.64,-55.21,2026-06-20 02:04:04+00:00
2026-06-20T02:05:03+00:00,-48.52,-62.88,-65.79,-59.55,-62.13,-45.20,-48.12,-62.97,-51.27,-45.45,-47.89,-63.23,-53.91,-47.16,-58.78,-44.27,-54.51,2026-06-20 02:05:03+00:00
2026-06-20T02:06:04+00:00,-48.32,-61.05,-65.38,-59.31,-61.81,-45.09,-48.17,-62.16,-51.19,-45.22,-47.70,-62.21,-53.77,-46.88,-58.41,-46.27,-54.55,2026-06-20 02:06:04+00:00
2026-06-20T02:07:03+00:00,-48.42,-63.19,-65.93,-59.27,-61.95,-45.50,-48.17,-63.79,-51.70,-44.53,-47.90,-63.37,-54.17,-47.99,-58.89,-45.76,-53.83,2026-06-20 02:07:03+00:00
2026-06-20T02:08:04+00:00,-48.67,-62.24,-65.15,-59.32,-61.94,-45.21,-48.27,-63.95,-51.20,-43.90,-47.84,-63.13,-54.64,-48.00,-59.02,-44.48,-54.35,2026-06-20 02:08:04+00:00
2026-06-20T02:09:04+00:00,-48.64,-62.35,-65.06,-59.33,-62.46,-44.94,-48.23,-63.30,-51.36,-44.01,-47.84,-63.14,-55.18,-48.34,-58.79,-42.71,-55.12,2026-06-20 02:09:04+00:00
2026-06-20T02:10:03+00:00,-48.86,-61.30,-65.37,-59.17,-62.69,-45.14,-51.00,-63.86,-51.40,-44.31,-47.71,-62.66,-55.90,-48.39,-58.74,-41.83,-54.96,2026-06-20 02:10:03+00:00
2026-06-20T02:11:03+00:00,-48.34,-61.65,-65.37,-59.33,-62.00,-44.78,-44.99,-62.22,-53.05,-44.32,-47.84,-63.09,-55.93,-47.68,-58.68,-41.83,-56.53,2026-06-20 02:11:03+00:00
2026-06-20T02:12:04+00:00,-46.79,-62.42,-64.70,-59.35,-62.75,-45.48,-48.72,-63.80,-54.03,-43.99,-47.89,-62.82,-56.10,-46.95,-58.69,-41.56,-57.20,2026-06-20 02:12:04+00:00
2026-06-20T02:13:03+00:00,-46.85,-63.19,-65.27,-59.51,-61.60,-45.67,-48.36,-63.78,-53.94,-43.66,-47.77,-63.36,-56.95,-46.88,-58.50,-41.83,-57.25,2026-06-20 02:13:03+00:00
2026-06-20T02:14:03+00:00,-47.00,-63.19,-65.71,-59.74,-60.77,-45.77,-48.63,-63.80,-53.34,-43.30,-48.15,-63.36,-57.58,-47.65,-58.61,-41.83,-57.16,2026-06-20 02:14:03+00:00
2026-06-20T02:15:04+00:00,-46.70,-62.71,-65.07,-59.46,-62.42,-45.37,-48.98,-63.41,-54.77,-43.65,-48.18,-63.31,-57.66,-48.16,-58.66,-41.56,-57.11,2026-06-20 02:15:04+00:00
2026-06-20T02:16:04+00:00,-46.72,-63.16,-65.47,-59.85,-61.57,-45.22,-48.64,-63.66,-53.84,-43.70,-48.15,-63.32,-57.71,-48.48,-58.54,-40.58,-57.28,2026-06-20 02:16:04+00:00
2026-06-20T02:17:03+00:00,-46.62,-62.77,-65.10,-59.85,-62.46,-45.37,-48.68,-63.80,-56.20,-43.72,-48.05,-63.29,-58.23,-47.91,-59.16,-39.38,-57.12,2026-06-20 02:17:03+00:00
2026-06-20T02:18:04+00:00,-46.90,-62.40,-65.59,-59.99,-61.67,-45.67,-48.92,-63.89,-53.29,-43.83,-48.08,-63.56,-57.92,-48.35,-58.79,-38.94,-57.12,2026-06-20 02:18:04+00:00
2026-06-20T02:19:04+00:00,-46.95,-63.20,-63.79,-59.75,-62.00,-45.73,-48.53,-63.53,-50.06,-43.70,-48.21,-62.46,-57.87,-47.21,-58.81,-39.42,-57.13,2026-06-20 02:19:04+00:00
2026-06-20T02:20:03+00:00,-46.82,-61.97,-64.93,-59.70,-61.56,-45.78,-48.53,-63.07,-49.37,-43.92,-47.93,-62.93,-57.86,-47.85,-58.85,-39.29,-57.26,2026-06-20 02:20:03+00:00
2026-06-20T02:21:04+00:00,-46.49,-62.63,-62.92,-59.39,-61.82,-45.89,-48.70,-63.59,-50.21,-44.65,-47.62,-62.67,-57.85,-46.38,-58.65,-39.09,-55.68,2026-06-20 02:21:04+00:00
2026-06-20T02:22:04+00:00,-46.71,-62.93,-65.74,-59.70,-62.60,-45.94,-48.70,-64.43,-49.45,-45.32,-47.53,-63.46,-57.91,-45.05,-59.35,-39.55,-57.20,2026-06-20 02:22:04+00:00
2026-06-20T02:23:03+00:00,-46.53,-63.00,-64.82,-59.31,-62.49,-45.72,-48.51,-62.41,-49.57,-45.50,-47.60,-62.81,-57.98,-45.22,-59.09,-39.64,-56.00,2026-06-20 02:23:03+00:00
2026-06-20T02:24:03+00:00,-46.86,-62.00,-65.29,-59.62,-61.37,-46.03,-48.17,-63.74,-49.51,-46.06,-47.49,-63.12,-57.98,-44.64,-58.94,-40.28,-56.05,2026-06-20 02:24:03+00:00
2026-06-20T02:25:04+00:00,-46.65,-63.17,-65.38,-59.72,-63.24,-45.79,-48.40,-63.60,-49.47,-46.50,-47.44,-62.69,-57.52,-44.28,-58.75,-41.48,-57.02,2026-06-20 02:25:04+00:00
2026-06-20T02:26:03+00:00,-46.77,-62.84,-65.34,-59.56,-62.10,-45.81,-48.25,-63.27,-49.62,-46.91,-47.56,-62.87,-57.80,-43.71,-58.45,-43.04,-57.05,2026-06-20 02:26:03+00:00
2026-06-20T02:27:03+00:00,-48.44,-62.78,-65.33,-59.55,-61.54,-45.55,-48.17,-63.62,-50.98,-47.93,-47.59,-62.72,-57.57,-43.84,-59.02,-44.30,-56.48,2026-06-20 02:27:03+00:00
2026-06-20T02:28:04+00:00,-48.45,-62.14,-65.74,-59.67,-62.57,-45.60,-47.97,-63.77,-51.09,-48.58,-47.51,-62.70,-57.97,-44.35,-58.43,-46.06,-57.70,2026-06-20 02:28:04+00:00
2026-06-20T02:29:04+00:00,-48.40,-63.36,-65.71,-59.64,-62.71,-45.64,-48.23,-63.53,-51.25,-49.34,-47.69,-62.53,-57.78,-43.60,-58.85,-48.99,-56.77,2026-06-20 02:29:04+00:00
2026-06-20T02:30:03+00:00,-48.36,-63.02,-65.59,-59.31,-61.49,-45.63,-48.23,-63.54,-51.01,-49.98,-47.52,-62.60,-57.69,-43.70,-58.45,-50.94,-56.29,2026-06-20 02:30:03+00:00
2026-06-20T02:31:03+00:00,-49.30,-63.38,-65.48,-59.50,-63.18,-45.44,-48.45,-63.38,-51.10,-51.41,-47.70,-62.62,-58.07,-43.78,-58.85,-50.89,-56.88,2026-06-20 02:31:03+00:00
2026-06-20T02:32:03+00:00,-49.37,-63.37,-65.43,-59.64,-62.37,-45.60,-48.39,-63.27,-51.20,-52.70,-47.20,-62.82,-57.89,-44.70,-58.93,-49.61,-56.67,2026-06-20 02:32:03+00:00
2026-06-20T02:33:04+00:00,-49.24,-62.53,-64.70,-59.44,-62.81,-45.17,-48.20,-63.36,-51.18,-54.50,-47.70,-61.49,-57.65,-46.14,-58.77,-48.36,-56.74,2026-06-20 02:33:04+00:00
2026-06-20T02:34:04+00:00,-49.25,-62.15,-65.14,-59.94,-63.24,-45.24,-48.28,-62.38,-54.78,-55.31,-47.41,-62.01,-57.97,-45.85,-58.70,-48.92,-56.10,2026-06-20 02:34:04+00:00
2026-06-20T02:35:03+00:00,-49.68,-62.13,-65.41,-59.81,-62.13,-45.18,-48.03,-63.69,-53.70,-58.97,-47.67,-62.39,-58.13,-46.00,-58.66,-48.65,-57.13,2026-06-20 02:35:03+00:00
2026-06-20T02:36:03+00:00,-49.37,-62.49,-64.63,-59.41,-63.08,-45.33,-48.07,-63.15,-54.97,-61.16,-47.61,-61.99,-58.10,-45.74,-58.61,-48.08,-56.10,2026-06-20 02:36:03+00:00
2026-06-20T02:37:03+00:00,-49.63,-61.95,-65.53,-59.73,-63.37,-45.16,-48.25,-63.60,-53.77,-60.86,-47.82,-62.01,-58.24,-47.18,-58.43,-49.62,-57.67,2026-06-20 02:37:03+00:00
2026-06-20T02:38:04+00:00,-49.68,-63.05,-65.55,-59.40,-62.52,-45.25,-48.22,-63.88,-53.04,-59.61,-48.04,-62.45,-58.21,-46.72,-58.93,-50.97,-56.17,2026-06-20 02:38:04+00:00
2026-06-20T02:39:03+00:00,-49.53,-62.74,-65.71,-59.51,-62.03,-45.31,-47.99,-63.88,-53.61,-59.73,-47.92,-62.18,-58.10,-45.10,-58.53,-51.69,-57.33,2026-06-20 02:39:03+00:00
2026-06-20T02:40:03+00:00,-49.69,-62.78,-65.57,-59.44,-62.05,-45.46,-47.93,-63.62,-53.07,-57.99,-48.02,-62.15,-58.02,-45.79,-58.89,-51.94,-57.51,2026-06-20 02:40:03+00:00
2026-06-20T02:41:04+00:00,-50.37,-63.89,-64.52,-59.62,-62.65,-45.58,-47.94,-63.80,-52.09,-57.26,-48.04,-61.66,-57.73,-46.74,-58.75,-52.22,-57.32,2026-06-20 02:41:04+00:00
2026-06-20T02:42:03+00:00,-50.72,-64.01,-65.95,-59.61,-62.97,-45.62,-47.96,-64.18,-52.24,-56.35,-48.18,-62.32,-57.74,-46.42,-58.72,-51.29,-57.43,2026-06-20 02:42:03+00:00
2026-06-20T02:43:03+00:00,-50.33,-62.45,-64.76,-59.50,-62.47,-45.88,-48.20,-63.69,-52.96,-54.75,-47.94,-62.29,-55.03,-47.36,-58.81,-51.16,-57.44,2026-06-20 02:43:03+00:00
2026-06-20T02:44:04+00:00,-50.69,-63.74,-65.70,-59.58,-62.33,-45.93,-47.73,-63.76,-50.99,-53.24,-47.76,-62.26,-54.14,-48.28,-58.55,-50.68,-57.44,2026-06-20 02:44:04+00:00
2026-06-20T02:45:04+00:00,-51.00,-63.51,-65.17,-59.91,-63.09,-46.08,-47.45,-63.66,-51.14,-51.63,-47.74,-61.44,-54.63,-50.00,-58.59,-51.25,-57.38,2026-06-20 02:45:04+00:00
2026-06-20T02:46:03+00:00,-51.34,-62.54,-65.61,-59.24,-63.08,-46.01,-47.81,-64.18,-51.07,-53.30,-47.24,-61.81,-56.75,-49.88,-58.75,-51.44,-57.59,2026-06-20 02:46:03+00:00
2026-06-20T02:47:04+00:00,-51.32,-63.55,-65.91,-59.27,-62.29,-45.95,-47.86,-64.07,-51.18,-53.39,-47.61,-61.87,-57.55,-49.28,-58.72,-50.35,-57.60,2026-06-20 02:47:04+00:00
2026-06-20T02:48:04+00:00,-50.92,-62.07,-65.45,-59.31,-63.50,-46.17,-47.65,-63.79,-51.24,-52.91,-47.51,-61.87,-57.31,-50.63,-59.04,-49.69,-57.46,2026-06-20 02:48:04+00:00
2026-06-20T02:49:03+00:00,-50.88,-62.02,-64.46,-59.52,-62.34,-46.02,-47.95,-63.50,-51.10,-52.55,-47.34,-61.39,-57.22,-51.04,-58.58,-50.14,-57.44,2026-06-20 02:49:03+00:00
2026-06-20T02:50:04+00:00,-50.74,-63.15,-65.87,-59.46,-62.61,-46.07,-47.76,-64.05,-51.02,-52.21,-47.50,-62.08,-57.35,-50.31,-58.98,-49.50,-57.56,2026-06-20 02:50:04+00:00
2026-06-20T02:51:04+00:00,-51.00,-62.43,-65.40,-59.79,-62.60,-45.88,-47.67,-63.66,-51.20,-51.97,-47.38,-62.26,-57.34,-50.01,-58.56,-49.06,-57.75,2026-06-20 02:51:04+00:00
2026-06-20T02:52:03+00:00,-50.96,-63.00,-65.54,-60.08,-62.68,-46.17,-47.65,-64.02,-51.72,-51.64,-47.48,-61.78,-57.45,-51.86,-58.52,-48.73,-57.31,2026-06-20 02:52:03+00:00
2026-06-20T02:53:03+00:00,-50.98,-63.28,-65.43,-59.76,-61.98,-46.18,-47.89,-64.11,-51.72,-51.62,-47.55,-62.41,-57.40,-51.43,-58.94,-49.34,-57.41,2026-06-20 02:53:03+00:00
2026-06-20T02:54:04+00:00,-50.79,-63.43,-65.30,-59.62,-62.54,-46.09,-48.27,-64.05,-52.49,-51.10,-47.77,-62.07,-57.49,-48.30,-58.86,-49.66,-57.57,2026-06-20 02:54:04+00:00
2026-06-20T02:55:03+00:00,-49.49,-63.02,-65.42,-59.42,-62.19,-46.21,-47.92,-63.92,-53.32,-51.31,-47.56,-62.23,-57.13,-45.52,-58.43,-49.42,-57.58,2026-06-20 02:55:03+00:00
2026-06-20T02:56:03+00:00,-47.95,-63.14,-65.13,-59.78,-63.65,-46.23,-48.06,-63.40,-55.55,-51.02,-47.84,-61.88,-57.22,-43.26,-59.05,-48.43,-57.37,2026-06-20 02:56:03+00:00
2026-06-20T02:57:04+00:00,-46.65,-63.08,-65.49,-59.48,-62.23,-46.15,-48.23,-64.12,-57.04,-50.66,-48.12,-62.14,-57.55,-42.27,-58.48,-48.72,-57.55,2026-06-20 02:57:04+00:00
2026-06-20T02:58:04+00:00,-46.72,-62.75,-65.30,-59.46,-62.16,-46.09,-48.06,-64.25,-56.70,-50.47,-48.49,-62.07,-57.35,-41.14,-58.56,-49.17,-57.59,2026-06-20 02:58:04+00:00
2026-06-20T02:59:03+00:00,-46.79,-61.39,-65.63,-59.74,-62.57,-46.05,-48.16,-64.16,-56.24,-50.14,-48.95,-63.08,-57.62,-40.58,-55.24,-49.56,-57.23,2026-06-20 02:59:03+00:00
2026-06-20T03:00:04+00:00,-46.71,-63.27,-65.32,-59.56,-62.40,-46.20,-48.26,-64.24,-54.62,-50.09,-49.22,-62.98,-57.66,-39.96,-59.40,-49.27,-57.41,2026-06-20 03:00:04+00:00
2026-06-20T03:01:05+00:00,-46.40,-63.51,-65.34,-59.79,-63.20,-46.15,-48.60,-64.20,-53.32,-49.84,-49.68,-62.95,-57.61,-39.69,-59.03,-48.98,-57.62,2026-06-20 03:01:05+00:00
2026-06-20T03:02:04+00:00,-47.02,-63.37,-65.83,-60.08,-62.69,-46.08,-48.63,-64.27,-53.70,-49.70,-50.01,-62.89,-57.76,-39.87,-59.54,-48.99,-58.07,2026-06-20 03:02:04+00:00
2026-06-20T03:03:03+00:00,-46.80,-63.12,-65.32,-59.74,-62.46,-46.09,-48.61,-64.31,-53.57,-49.49,-50.41,-62.72,-57.71,-40.16,-58.99,-48.85,-57.82,2026-06-20 03:03:03+00:00
2026-06-20T03:04:03+00:00,-47.00,-63.80,-65.62,-59.52,-62.53,-46.20,-48.47,-64.53,-49.52,-49.12,-50.82,-63.39,-57.69,-40.31,-59.25,-48.62,-57.81,2026-06-20 03:04:03+00:00
2026-06-20T03:05:04+00:00,-47.09,-63.67,-66.02,-59.57,-63.48,-46.45,-48.61,-64.36,-49.52,-49.03,-51.09,-63.35,-57.76,-40.56,-59.44,-48.66,-57.95,2026-06-20 03:05:04+00:00
2026-06-20T03:06:03+00:00,-46.98,-64.10,-66.23,-59.24,-62.38,-46.20,-48.59,-64.75,-50.57,-48.66,-51.34,-63.34,-57.92,-40.91,-59.37,-48.47,-57.80,2026-06-20 03:06:03+00:00
2026-06-20T03:07:03+00:00,-46.91,-62.27,-65.47,-59.53,-61.88,-47.05,-48.59,-64.78,-49.82,-48.62,-51.51,-62.96,-58.00,-41.15,-59.60,-48.97,-57.84,2026-06-20 03:07:03+00:00
2026-06-20T03:08:04+00:00,-46.70,-63.74,-65.99,-59.35,-61.37,-47.47,-48.52,-64.56,-49.38,-48.48,-51.57,-63.34,-58.02,-41.45,-59.57,-48.74,-58.40,2026-06-20 03:08:04+00:00
2026-06-20T03:09:04+00:00,-46.75,-63.57,-66.02,-59.60,-61.50,-47.41,-48.53,-64.78,-50.04,-48.34,-51.72,-63.48,-57.87,-41.92,-58.71,-49.44,-58.66,2026-06-20 03:09:04+00:00
2026-06-20T03:10:03+00:00,-46.59,-64.13,-66.03,-59.52,-61.73,-47.40,-48.56,-64.73,-49.84,-48.27,-52.05,-63.76,-58.09,-42.10,-59.60,-49.84,-58.43,2026-06-20 03:10:03+00:00
2026-06-20T03:11:04+00:00,-46.56,-64.14,-66.62,-59.57,-62.57,-51.36,-48.61,-64.87,-49.49,-48.31,-51.95,-63.76,-58.01,-42.07,-59.14,-49.56,-57.83,2026-06-20 03:11:04+00:00
2026-06-20T03:12:03+00:00,-48.06,-63.81,-66.16,-59.54,-61.80,-51.05,-48.64,-64.55,-49.86,-48.06,-52.12,-63.71,-57.73,-42.36,-59.13,-49.50,-57.48,2026-06-20 03:12:03+00:00
2026-06-20T03:13:03+00:00,-48.26,-63.86,-66.50,-59.70,-62.89,-51.12,-48.61,-64.62,-50.68,-47.97,-52.12,-63.52,-57.93,-42.79,-59.43,-49.81,-57.61,2026-06-20 03:13:03+00:00
2026-06-20T03:14:04+00:00,-48.44,-63.39,-66.36,-59.99,-63.24,-51.31,-48.69,-64.43,-49.94,-47.78,-52.44,-63.50,-58.22,-43.09,-59.32,-50.06,-57.42,2026-06-20 03:14:04+00:00
2026-06-20T03:15:04+00:00,-48.11,-64.39,-66.18,-59.42,-61.14,-51.41,-48.49,-64.42,-50.90,-48.00,-52.40,-63.80,-58.21,-43.11,-59.35,-50.31,-57.45,2026-06-20 03:15:04+00:00
2026-06-20T03:16:03+00:00,-48.27,-64.00,-65.97,-59.45,-62.90,-51.34,-48.52,-64.70,-50.32,-47.71,-52.53,-63.43,-58.23,-43.19,-59.26,-50.79,-57.60,2026-06-20 03:16:03+00:00
2026-06-20T03:17:04+00:00,-48.05,-61.86,-66.36,-59.51,-63.09,-51.36,-48.70,-64.33,-51.14,-47.84,-52.63,-63.08,-58.40,-43.70,-59.44,-50.03,-57.59,2026-06-20 03:17:04+00:00
2026-06-20T03:18:04+00:00,-48.02,-63.24,-66.33,-59.66,-62.31,-51.43,-48.61,-64.32,-50.88,-47.67,-52.49,-63.08,-58.23,-44.00,-59.44,-49.67,-57.82,2026-06-20 03:18:04+00:00
2026-06-20T03:19:03+00:00,-47.90,-64.38,-66.47,-59.30,-62.22,-51.38,-48.51,-64.33,-59.10,-47.81,-52.60,-63.68,-58.36,-44.64,-59.45,-49.75,-57.79,2026-06-20 03:19:03+00:00
2026-06-20T03:20:03+00:00,-48.03,-63.31,-66.72,-59.94,-63.34,-51.42,-48.49,-64.52,-54.66,-47.76,-52.61,-63.23,-58.26,-44.71,-59.41,-49.40,-57.91,2026-06-20 03:20:03+00:00
2026-06-20T03:21:04+00:00,-48.17,-64.17,-66.78,-59.85,-63.21,-51.59,-48.65,-64.42,-53.91,-47.60,-52.64,-63.72,-58.58,-45.16,-59.82,-49.51,-57.93,2026-06-20 03:21:04+00:00
2026-06-20T03:22:03+00:00,-48.13,-63.96,-66.59,-59.67,-61.88,-51.50,-48.52,-64.56,-53.25,-47.65,-52.44,-63.71,-58.39,-45.82,-59.45,-49.20,-57.85,2026-06-20 03:22:03+00:00
2026-06-20T03:23:03+00:00,-48.42,-64.37,-65.94,-59.63,-61.84,-51.59,-48.53,-64.24,-53.31,-47.77,-52.36,-63.39,-58.48,-46.61,-59.60,-49.13,-57.20,2026-06-20 03:23:03+00:00
2026-06-20T03:24:04+00:00,-48.29,-63.51,-66.58,-59.46,-62.34,-51.76,-48.35,-63.92,-53.26,-47.70,-52.47,-63.79,-58.66,-47.20,-59.30,-48.74,-56.71,2026-06-20 03:24:04+00:00
2026-06-20T03:25:03+00:00,-47.86,-63.77,-66.37,-59.61,-62.55,-51.67,-48.38,-64.24,-53.40,-47.62,-52.72,-62.36,-58.71,-47.85,-59.37,-48.80,-57.83,2026-06-20 03:25:03+00:00
2026-06-20T03:26:03+00:00,-47.99,-63.77,-66.48,-59.59,-62.74,-51.54,-48.28,-64.43,-51.18,-47.61,-52.48,-62.87,-58.98,-49.05,-59.57,-48.70,-58.13,2026-06-20 03:26:03+00:00
2026-06-20T03:27:04+00:00,-47.33,-63.33,-66.27,-59.64,-61.77,-51.76,-48.35,-64.25,-51.52,-47.53,-52.38,-63.18,-58.77,-50.00,-59.13,-48.54,-57.03,2026-06-20 03:27:04+00:00
2026-06-20T03:28:04+00:00,-46.64,-63.45,-66.21,-59.66,-61.72,-51.89,-48.49,-64.01,-52.46,-47.66,-52.27,-62.71,-58.85,-51.09,-59.66,-48.77,-58.18,2026-06-20 03:28:04+00:00
2026-06-20T03:29:03+00:00,-46.89,-64.32,-65.79,-59.02,-63.60,-51.86,-48.25,-64.62,-52.49,-47.59,-51.95,-62.09,-59.07,-52.37,-59.71,-48.68,-57.70,2026-06-20 03:29:03+00:00
2026-06-20T03:30:04+00:00,-47.30,-64.00,-66.25,-59.59,-62.98,-51.83,-48.41,-64.24,-51.01,-47.53,-52.27,-62.87,-58.87,-53.44,-59.41,-48.70,-56.97,2026-06-20 03:30:04+00:00
2026-06-20T03:31:04+00:00,-47.32,-64.58,-66.47,-59.75,-62.02,-51.99,-47.98,-64.79,-50.99,-47.49,-52.01,-63.10,-58.73,-54.30,-59.21,-48.42,-59.01,2026-06-20 03:31:04+00:00
2026-06-20T03:32:03+00:00,-47.01,-65.00,-66.79,-60.08,-63.40,-50.82,-48.07,-64.60,-52.55,-47.45,-52.13,-63.04,-59.24,-55.16,-59.49,-48.35,-58.35,2026-06-20 03:32:03+00:00
2026-06-20T03:33:03+00:00,-47.15,-64.38,-66.30,-59.63,-62.33,-50.98,-48.52,-64.76,-52.81,-47.45,-51.96,-63.23,-59.14,-55.44,-58.93,-48.39,-59.17,2026-06-20 03:33:03+00:00
2026-06-20T03:34:04+00:00,-47.18,-64.68,-66.05,-59.39,-61.75,-47.38,-48.65,-64.50,-52.85,-47.49,-51.97,-63.04,-59.29,-54.88,-59.52,-48.07,-57.92,2026-06-20 03:34:04+00:00
2026-06-20T03:35:03+00:00,-46.89,-64.50,-66.88,-59.40,-62.31,-47.57,-48.26,-64.65,-51.72,-47.33,-51.76,-62.77,-59.33,-54.11,-59.26,-48.00,-59.08,2026-06-20 03:35:03+00:00
2026-06-20T03:36:04+00:00,-46.79,-64.03,-65.86,-59.48,-62.69,-47.36,-48.38,-64.27,-51.79,-47.29,-51.68,-61.04,-59.10,-53.33,-59.11,-48.23,-57.67,2026-06-20 03:36:04+00:00
2026-06-20T03:37:04+00:00,-47.07,-65.26,-66.41,-59.18,-62.77,-47.63,-48.49,-64.77,-52.52,-47.37,-51.83,-62.84,-59.54,-52.31,-58.95,-48.06,-59.58,2026-06-20 03:37:04+00:00
2026-06-20T03:38:03+00:00,-47.05,-63.94,-66.18,-59.79,-62.98,-47.72,-48.49,-64.67,-52.03,-47.28,-51.77,-62.52,-59.33,-51.49,-59.33,-48.31,-59.22,2026-06-20 03:38:03+00:00
2026-06-20T03:39:03+00:00,-47.23,-62.70,-65.53,-59.63,-61.22,-47.54,-48.44,-64.52,-51.98,-47.30,-51.77,-61.36,-59.24,-50.78,-59.73,-48.28,-58.08,2026-06-20 03:39:03+00:00
2026-06-20T03:40:04+00:00,-47.86,-62.87,-65.47,-59.49,-61.98,-47.76,-48.53,-64.35,-52.86,-47.24,-51.47,-62.35,-59.60,-50.32,-59.22,-48.42,-58.93,2026-06-20 03:40:04+00:00
2026-06-20T03:41:03+00:00,-48.01,-64.49,-66.47,-59.72,-63.75,-47.76,-48.41,-64.93,-60.55,-47.19,-51.44,-63.26,-59.51,-49.75,-58.99,-48.31,-59.69,2026-06-20 03:41:03+00:00
2026-06-20T03:42:03+00:00,-46.43,-66.60,-70.14,-60.76,-66.19,-47.87,-48.60,-66.73,-54.29,-47.02,-51.53,-64.68,-59.76,-49.36,-60.39,-48.37,-60.09,2026-06-20 03:42:03+00:00
2026-06-20T03:43:04+00:00,-46.47,-66.18,-70.33,-61.28,-66.74,-48.04,-48.33,-66.23,-57.70,-47.07,-51.64,-64.93,-59.91,-48.95,-59.97,-48.79,-59.84,2026-06-20 03:43:04+00:00
2026-06-20T03:44:03+00:00,-46.54,-66.02,-69.98,-60.68,-66.49,-47.57,-48.35,-66.36,-57.83,-47.10,-51.63,-65.28,-59.60,-48.48,-60.07,-49.01,-60.07,2026-06-20 03:44:03+00:00
2026-06-20T03:45:03+00:00,-46.61,-64.90,-70.24,-61.01,-67.23,-47.49,-48.51,-66.33,-57.49,-47.23,-51.75,-66.25,-59.80,-48.13,-60.35,-48.78,-59.39,2026-06-20 03:45:03+00:00
2026-06-20T03:46:04+00:00,-47.30,-64.71,-70.32,-61.38,-66.84,-47.72,-48.18,-66.40,-57.52,-47.27,-51.76,-66.96,-59.82,-47.87,-60.26,-48.97,-60.04,2026-06-20 03:46:04+00:00
2026-06-20T03:47:03+00:00,-47.31,-64.66,-69.96,-61.23,-66.75,-48.08,-48.58,-65.91,-56.10,-47.19,-51.97,-68.23,-59.77,-47.58,-60.19,-48.65,-59.67,2026-06-20 03:47:03+00:00
2026-06-20T03:48:03+00:00,-47.57,-63.70,-69.92,-60.87,-66.80,-47.85,-48.50,-66.43,-52.16,-47.29,-52.18,-68.62,-59.69,-47.58,-60.12,-49.14,-59.56,2026-06-20 03:48:03+00:00
2026-06-20T03:49:04+00:00,-47.44,-64.74,-70.16,-60.92,-65.86,-48.02,-48.51,-66.35,-50.06,-47.48,-52.20,-68.86,-59.69,-47.29,-59.86,-49.76,-58.93,2026-06-20 03:49:04+00:00
2026-06-20T03:50:03+00:00,-47.63,-64.47,-70.15,-61.27,-66.43,-47.63,-48.59,-66.32,-50.13,-47.34,-52.33,-68.98,-59.78,-47.25,-59.89,-49.54,-58.64,2026-06-20 03:50:03+00:00
2026-06-20T03:51:03+00:00,-47.52,-64.68,-70.28,-60.75,-65.55,-47.90,-48.46,-65.80,-50.19,-47.38,-52.76,-68.87,-59.96,-47.12,-59.79,-49.76,-59.44,2026-06-20 03:51:03+00:00
2026-06-20T03:52:04+00:00,-47.89,-64.78,-70.25,-61.09,-66.73,-47.97,-48.41,-65.66,-49.98,-47.51,-53.00,-68.99,-60.24,-47.08,-59.94,-49.52,-59.41,2026-06-20 03:52:04+00:00
2026-06-20T03:53:03+00:00,-48.01,-64.34,-70.03,-60.60,-66.32,-47.88,-48.84,-65.71,-49.95,-47.45,-53.10,-68.93,-60.21,-46.82,-59.89,-49.27,-55.60,2026-06-20 03:53:03+00:00
2026-06-20T03:54:03+00:00,-47.88,-64.11,-70.19,-60.83,-66.70,-47.92,-48.22,-66.36,-49.91,-47.50,-53.53,-69.15,-60.20,-46.88,-60.14,-48.81,-58.81,2026-06-20 03:54:03+00:00
2026-06-20T03:55:04+00:00,-47.99,-62.18,-68.43,-61.35,-66.92,-47.51,-48.89,-65.54,-49.89,-47.55,-53.46,-67.82,-60.05,-46.89,-59.98,-48.88,-58.71,2026-06-20 03:55:04+00:00
2026-06-20T03:56:04+00:00,-48.08,-63.76,-70.11,-60.77,-66.32,-47.95,-48.66,-66.14,-49.90,-50.09,-53.72,-68.97,-60.24,-46.89,-60.39,-49.00,-59.25,2026-06-20 03:56:04+00:00
2026-06-20T03:57:03+00:00,-50.45,-64.02,-70.26,-60.87,-65.95,-47.81,-48.09,-66.68,-49.99,-47.70,-53.68,-68.74,-60.25,-46.81,-59.89,-48.92,-59.70,2026-06-20 03:57:03+00:00
2026-06-20T03:58:04+00:00,-50.09,-61.58,-69.46,-60.98,-67.04,-46.92,-48.99,-65.49,-49.97,-47.70,-53.99,-68.28,-60.08,-46.84,-60.02,-49.13,-58.94,2026-06-20 03:58:04+00:00
2026-06-20T03:59:04+00:00,-50.72,-64.22,-70.19,-60.94,-66.13,-47.48,-49.19,-65.46,-50.04,-47.79,-54.22,-68.99,-60.14,-46.91,-60.06,-48.82,-58.83,2026-06-20 03:59:04+00:00
2026-06-20T04:00:03+00:00,-49.90,-64.06,-67.79,-60.71,-66.22,-47.43,-48.96,-65.07,-49.97,-47.75,-54.38,-67.56,-60.27,-46.88,-60.51,-48.85,-59.59,2026-06-20 04:00:03+00:00
2026-06-20T04:01:04+00:00,-49.67,-63.03,-69.77,-60.87,-67.09,-47.30,-48.62,-65.31,-49.94,-47.72,-54.26,-68.53,-60.05,-46.98,-60.01,-48.96,-58.26,2026-06-20 04:01:04+00:00
2026-06-20T04:02:03+00:00,-49.69,-64.15,-69.92,-60.85,-66.96,-47.41,-48.90,-65.05,-50.12,-47.86,-54.48,-68.58,-60.33,-46.69,-59.67,-49.04,-58.99,2026-06-20 04:02:03+00:00
2026-06-20T04:03:03+00:00,-49.47,-64.55,-69.66,-60.71,-66.32,-47.63,-49.62,-65.32,-53.52,-48.01,-54.68,-68.55,-60.40,-46.79,-60.20,-49.38,-58.60,2026-06-20 04:03:03+00:00
2026-06-20T04:04:04+00:00,-49.38,-64.66,-70.14,-60.95,-66.81,-47.85,-49.00,-65.57,-55.28,-47.81,-54.89,-68.75,-60.50,-46.89,-59.78,-49.19,-58.67,2026-06-20 04:04:04+00:00
2026-06-20T04:05:03+00:00,-49.28,-63.47,-69.52,-60.75,-66.64,-47.91,-49.14,-64.23,-55.18,-47.79,-55.19,-68.37,-60.16,-46.83,-59.42,-49.28,-58.94,2026-06-20 04:05:03+00:00
2026-06-20T04:06:03+00:00,-49.73,-65.43,-70.47,-61.21,-65.54,-48.02,-48.83,-66.57,-54.44,-47.91,-55.47,-68.63,-60.35,-46.74,-60.65,-49.55,-57.03,2026-06-20 04:06:03+00:00
2026-06-20T04:07:04+00:00,-49.96,-64.59,-69.93,-60.95,-66.64,-48.09,-49.46,-64.96,-53.70,-47.96,-55.58,-68.33,-60.40,-47.02,-59.66,-49.26,-59.26,2026-06-20 04:07:04+00:00
2026-06-20T04:08:04+00:00,-50.10,-63.70,-69.90,-61.00,-66.22,-47.78,-49.40,-65.18,-53.51,-63.17,-55.87,-68.58,-60.32,-46.59,-59.93,-49.17,-58.95,2026-06-20 04:08:04+00:00
2026-06-20T04:09:03+00:00,-49.74,-64.82,-70.21,-60.66,-65.83,-47.82,-49.17,-66.46,-53.24,-48.09,-56.06,-68.43,-60.42,-46.73,-59.49,-49.40,-59.31,2026-06-20 04:09:03+00:00
2026-06-20T04:10:04+00:00,-50.06,-64.73,-70.16,-60.86,-66.61,-47.55,-48.47,-66.47,-53.81,-48.08,-56.54,-68.76,-60.42,-46.86,-60.20,-49.62,-59.53,2026-06-20 04:10:04+00:00
2026-06-20T04:11:04+00:00,-49.88,-64.18,-69.45,-61.19,-66.68,-47.50,-48.52,-66.38,-51.16,-48.06,-56.42,-68.20,-60.26,-46.67,-59.81,-49.54,-59.56,2026-06-20 04:11:04+00:00
2026-06-20T04:12:03+00:00,-49.85,-63.43,-68.86,-60.93,-66.87,-47.27,-48.60,-66.32,-50.79,-48.23,-56.37,-67.76,-60.10,-46.88,-59.69,-49.56,-59.07,2026-06-20 04:12:03+00:00
2026-06-20T04:13:04+00:00,-50.12,-64.81,-70.13,-60.86,-66.79,-47.20,-49.02,-66.41,-50.82,-48.20,-56.56,-68.44,-60.19,-46.82,-59.98,-49.33,-59.36,2026-06-20 04:13:04+00:00
2026-06-20T04:14:04+00:00,-49.89,-64.16,-70.08,-60.62,-65.60,-46.93,-48.58,-65.95,-50.89,-48.45,-56.83,-68.49,-60.26,-47.00,-60.13,-49.64,-57.03,2026-06-20 04:14:04+00:00
2026-06-20T04:15:03+00:00,-50.61,-64.98,-70.10,-61.00,-66.24,-47.03,-48.36,-66.42,-50.81,-48.26,-56.91,-68.30,-60.20,-46.94,-59.87,-49.70,-59.35,2026-06-20 04:15:03+00:00
2026-06-20T04:16:04+00:00,-50.54,-65.22,-70.24,-61.17,-66.47,-46.89,-48.69,-66.35,-50.81,-48.57,-56.92,-67.74,-60.14,-46.97,-60.06,-49.90,-59.91,2026-06-20 04:16:04+00:00
2026-06-20T04:17:04+00:00,-50.76,-64.45,-69.64,-60.72,-66.62,-46.89,-48.81,-65.62,-50.80,-48.65,-57.39,-67.47,-60.25,-46.87,-59.80,-49.63,-59.33,2026-06-20 04:17:04+00:00
2026-06-20T04:18:03+00:00,-51.13,-64.40,-70.42,-60.96,-66.67,-46.62,-48.56,-66.38,-50.78,-48.81,-57.63,-66.96,-60.23,-47.24,-60.01,-50.06,-59.80,2026-06-20 04:18:03+00:00
2026-06-20T04:19:04+00:00,-50.79,-63.48,-70.00,-61.31,-66.74,-46.76,-48.34,-65.78,-51.05,-48.81,-57.58,-67.23,-60.17,-47.20,-60.19,-49.76,-59.86,2026-06-20 04:19:04+00:00
2026-06-20T04:20:04+00:00,-51.17,-64.48,-70.08,-61.43,-66.86,-46.58,-48.30,-65.85,-51.10,-48.81,-57.99,-66.64,-60.10,-46.97,-60.20,-49.99,-59.56,2026-06-20 04:20:04+00:00
2026-06-20T04:21:03+00:00,-50.65,-64.57,-70.12,-61.12,-66.51,-46.80,-48.30,-66.07,-51.34,-48.86,-57.91,-66.50,-59.98,-46.92,-60.26,-49.99,-59.58,2026-06-20 04:21:03+00:00
2026-06-20T04:22:04+00:00,-50.64,-65.16,-70.01,-60.72,-66.94,-46.72,-48.41,-65.87,-51.51,-48.93,-58.47,-66.22,-60.03,-47.10,-59.97,-50.14,-59.14,2026-06-20 04:22:04+00:00
2026-06-20T04:23:04+00:00,-50.37,-64.52,-69.90,-60.92,-66.26,-46.69,-48.41,-66.00,-51.53,-49.08,-58.43,-66.04,-59.90,-47.12,-60.34,-50.18,-59.48,2026-06-20 04:23:04+00:00
2026-06-20T04:24:03+00:00,-50.56,-65.24,-69.97,-60.86,-66.68,-46.82,-48.77,-66.11,-51.56,-54.28,-58.70,-66.32,-59.99,-47.10,-59.71,-50.61,-59.47,2026-06-20 04:24:03+00:00
2026-06-20T04:25:04+00:00,-49.81,-64.57,-69.94,-60.61,-66.52,-46.87,-49.35,-65.61,-51.51,-58.37,-59.33,-66.36,-60.15,-46.94,-59.84,-50.55,-59.03,2026-06-20 04:25:04+00:00
2026-06-20T04:26:04+00:00,-50.42,-64.49,-70.10,-61.28,-65.62,-46.05,-48.95,-66.01,-54.77,-63.09,-59.64,-66.37,-59.89,-47.17,-60.02,-50.56,-58.81,2026-06-20 04:26:04+00:00
2026-06-20T04:27:03+00:00,-48.17,-65.31,-70.22,-61.06,-66.16,-46.17,-48.58,-66.13,-53.46,-63.42,-59.64,-66.10,-59.99,-46.92,-60.27,-50.66,-59.30,2026-06-20 04:27:03+00:00
2026-06-20T04:28:03+00:00,-48.15,-64.04,-70.27,-60.93,-66.87,-46.08,-48.12,-60.80,-53.74,-63.26,-59.74,-66.21,-59.89,-47.01,-60.44,-50.45,-59.56,2026-06-20 04:28:03+00:00
2026-06-20T04:29:04+00:00,-48.60,-62.41,-69.25,-60.96,-66.74,-46.16,-48.29,-54.71,-54.36,-63.10,-59.76,-65.97,-59.79,-46.87,-59.83,-50.52,-58.38,2026-06-20 04:29:04+00:00
2026-06-20T04:30:04+00:00,-48.32,-65.58,-70.27,-61.21,-66.48,-46.25,-48.14,-54.70,-53.94,-63.28,-59.62,-65.98,-59.91,-46.81,-59.66,-50.50,-60.23,2026-06-20 04:30:04+00:00
2026-06-20T04:31:04+00:00,-48.60,-64.68,-69.58,-61.04,-66.71,-46.29,-48.79,-54.54,-53.95,-63.38,-59.69,-65.47,-59.69,-46.79,-60.26,-50.62,-59.18,2026-06-20 04:31:04+00:00
2026-06-20T04:32:03+00:00,-48.27,-65.21,-69.98,-61.33,-66.71,-46.43,-48.94,-54.57,-54.05,-63.43,-60.16,-65.65,-59.66,-46.67,-60.11,-51.03,-59.74,2026-06-20 04:32:03+00:00
2026-06-20T04:33:04+00:00,-48.67,-65.84,-70.30,-60.77,-66.88,-46.26,-48.71,-54.65,-50.25,-63.41,-59.99,-65.75,-59.73,-46.45,-60.02,-50.86,-59.40,2026-06-20 04:33:04+00:00
2026-06-20T04:34:04+00:00,-48.57,-66.06,-69.85,-61.35,-66.85,-46.29,-48.53,-54.54,-49.37,-63.19,-59.77,-65.66,-59.62,-46.65,-60.02,-50.55,-59.11,2026-06-20 04:34:04+00:00
2026-06-20T04:35:03+00:00,-47.94,-65.84,-70.15,-61.34,-66.17,-46.18,-48.61,-54.39,-49.51,-63.24,-59.91,-65.91,-59.69,-46.58,-60.34,-50.52,-59.72,2026-06-20 04:35:03+00:00
2026-06-20T04:36:03+00:00,-47.73,-66.59,-70.31,-60.91,-66.15,-46.30,-48.84,-54.35,-49.55,-63.51,-60.23,-66.07,-59.66,-46.46,-60.15,-50.71,-60.14,2026-06-20 04:36:03+00:00
2026-06-20T04:37:03+00:00,-47.59,-66.30,-70.05,-61.02,-66.51,-46.46,-48.74,-54.38,-49.48,-63.22,-60.61,-65.77,-59.40,-46.28,-60.51,-50.67,-60.02,2026-06-20 04:37:03+00:00
2026-06-20T04:38:04+00:00,-47.88,-64.84,-70.14,-60.94,-66.79,-46.37,-48.38,-54.29,-49.43,-63.24,-60.63,-65.67,-59.60,-46.41,-60.40,-50.28,-60.33,2026-06-20 04:38:04+00:00
2026-06-20T04:39:04+00:00,-47.81,-65.75,-70.29,-60.95,-66.56,-46.25,-48.53,-54.50,-49.38,-63.25,-60.64,-65.58,-59.38,-46.31,-60.13,-50.09,-60.42,2026-06-20 04:39:04+00:00
2026-06-20T04:40:03+00:00,-47.95,-65.68,-70.38,-60.96,-66.79,-46.04,-48.89,-54.29,-49.49,-63.10,-60.28,-65.72,-59.58,-46.22,-60.09,-50.02,-60.44,2026-06-20 04:40:03+00:00
2026-06-20T04:41:04+00:00,-47.79,-66.05,-70.32,-61.32,-66.74,-46.22,-49.06,-54.39,-49.47,-63.28,-60.46,-65.85,-59.55,-46.41,-59.76,-49.69,-60.49,2026-06-20 04:41:04+00:00
2026-06-20T04:42:04+00:00,-50.27,-65.95,-70.34,-60.97,-66.51,-46.21,-48.52,-54.30,-49.76,-63.11,-60.23,-65.66,-59.42,-46.11,-60.15,-49.51,-60.19,2026-06-20 04:42:04+00:00
2026-06-20T04:43:03+00:00,-50.23,-65.72,-70.48,-60.84,-67.04,-46.22,-49.14,-54.18,-49.82,-63.26,-60.35,-65.62,-59.58,-46.37,-59.72,-49.69,-60.29,2026-06-20 04:43:03+00:00
2026-06-20T04:44:03+00:00,-50.16,-66.07,-70.17,-61.02,-65.47,-46.26,-48.95,-54.29,-49.94,-63.21,-60.32,-65.42,-59.57,-46.40,-60.63,-49.65,-60.28,2026-06-20 04:44:03+00:00
2026-06-20T04:45:04+00:00,-50.07,-66.71,-70.19,-60.62,-66.40,-46.53,-49.25,-53.90,-49.89,-63.30,-60.10,-65.46,-59.39,-46.39,-59.94,-49.53,-60.45,2026-06-20 04:45:04+00:00
2026-06-20T04:46:03+00:00,-49.97,-62.68,-69.56,-60.59,-66.93,-46.39,-49.08,-53.87,-49.86,-63.04,-59.58,-65.17,-59.48,-46.20,-59.86,-49.67,-59.06,2026-06-20 04:46:03+00:00
2026-06-20T04:47:03+00:00,-49.78,-66.54,-69.99,-60.86,-67.02,-46.42,-48.95,-53.91,-49.84,-63.32,-60.01,-65.37,-59.29,-46.26,-60.13,-49.41,-60.36,2026-06-20 04:47:03+00:00
2026-06-20T04:48:04+00:00,-49.41,-64.68,-70.31,-60.96,-66.28,-46.44,-48.74,-53.80,-53.01,-63.24,-59.99,-65.42,-59.24,-46.47,-60.23,-49.38,-59.84,2026-06-20 04:48:04+00:00
2026-06-20T04:49:04+00:00,-49.84,-64.89,-70.32,-60.84,-67.37,-46.44,-47.96,-53.78,-54.33,-63.26,-59.81,-65.70,-59.33,-46.39,-60.46,-49.05,-60.18,2026-06-20 04:49:04+00:00
2026-06-20T04:50:03+00:00,-49.47,-66.25,-69.80,-60.90,-66.51,-46.26,-48.83,-53.77,-54.18,-63.13,-59.56,-65.56,-59.32,-46.31,-59.73,-49.35,-59.99,2026-06-20 04:50:03+00:00
2026-06-20T04:51:03+00:00,-50.17,-65.20,-69.92,-60.74,-65.95,-46.24,-49.13,-53.65,-53.26,-63.30,-59.35,-65.20,-59.32,-46.38,-60.04,-49.14,-60.46,2026-06-20 04:51:03+00:00
2026-06-20T04:52:04+00:00,-49.97,-65.09,-69.76,-60.89,-65.86,-46.28,-49.26,-53.63,-53.45,-63.20,-59.51,-65.24,-59.11,-46.47,-60.17,-49.18,-60.22,2026-06-20 04:52:04+00:00
2026-06-20T04:53:03+00:00,-49.96,-61.73,-69.69,-60.94,-67.02,-46.04,-48.28,-53.61,-53.42,-62.65,-59.22,-65.09,-59.25,-46.49,-59.84,-49.01,-58.83,2026-06-20 04:53:03+00:00
2026-06-20T04:54:03+00:00,-51.72,-62.09,-69.93,-61.20,-66.73,-46.31,-48.81,-53.53,-53.48,-62.87,-59.26,-65.12,-59.08,-46.59,-59.91,-48.78,-58.42,2026-06-20 04:54:03+00:00
2026-06-20T04:55:04+00:00,-50.44,-63.66,-69.97,-61.21,-66.02,-46.33,-49.05,-53.62,-53.44,-63.18,-59.14,-65.09,-59.15,-46.51,-60.13,-49.06,-60.30,2026-06-20 04:55:04+00:00
2026-06-20T04:56:03+00:00,-51.00,-65.95,-69.89,-60.86,-65.40,-46.43,-48.90,-53.44,-50.88,-62.95,-59.04,-65.25,-59.13,-46.57,-60.13,-48.63,-60.26,2026-06-20 04:56:03+00:00
2026-06-20T04:57:03+00:00,-50.16,-65.81,-69.68,-60.94,-67.12,-46.44,-48.14,-53.40,-50.81,-62.54,-59.00,-65.03,-59.13,-46.61,-60.63,-48.50,-60.17,2026-06-20 04:57:03+00:00
2026-06-20T04:58:04+00:00,-50.55,-64.33,-69.95,-60.82,-67.09,-46.39,-48.77,-53.57,-50.91,-62.61,-59.05,-65.22,-59.08,-46.70,-60.08,-48.51,-59.96,2026-06-20 04:58:04+00:00
2026-06-20T04:59:04+00:00,-49.13,-65.60,-69.87,-60.84,-66.10,-46.50,-49.07,-53.26,-50.88,-62.21,-58.79,-65.10,-59.18,-46.66,-60.28,-48.32,-60.50,2026-06-20 04:59:04+00:00
2026-06-20T05:00:03+00:00,-50.49,-63.30,-69.49,-60.88,-67.05,-46.41,-48.05,-53.24,-50.75,-61.25,-59.04,-65.24,-58.97,-46.66,-60.03,-48.09,-59.01,2026-06-20 05:00:03+00:00
2026-06-20T05:01:03+00:00,-50.57,-62.78,-69.79,-61.04,-66.76,-46.67,-48.62,-53.41,-50.81,-62.00,-59.03,-65.16,-58.97,-46.59,-59.80,-48.08,-60.33,2026-06-20 05:01:03+00:00
2026-06-20T05:02:04+00:00,-51.30,-64.79,-69.98,-60.69,-66.75,-46.63,-48.57,-53.44,-50.80,-62.39,-58.84,-65.38,-59.10,-46.96,-60.08,-48.17,-59.79,2026-06-20 05:02:04+00:00
2026-06-20T05:03:04+00:00,-50.68,-65.13,-69.97,-60.97,-66.38,-46.48,-48.05,-53.29,-50.73,-62.20,-58.90,-65.63,-59.04,-46.94,-59.68,-47.94,-59.96,2026-06-20 05:03:04+00:00
2026-06-20T05:04:03+00:00,-50.89,-64.92,-69.87,-60.70,-65.81,-46.49,-48.84,-53.37,-50.81,-62.30,-58.60,-65.29,-58.99,-47.00,-59.95,-48.44,-59.72,2026-06-20 05:04:03+00:00
2026-06-20T05:05:03+00:00,-51.62,-64.78,-67.28,-60.65,-66.28,-46.57,-48.78,-53.44,-50.88,-62.18,-58.55,-63.10,-58.76,-47.08,-59.89,-48.16,-58.99,2026-06-20 05:05:03+00:00
2026-06-20T05:06:04+00:00,-50.61,-64.60,-69.95,-61.02,-65.56,-46.43,-48.28,-53.24,-51.39,-61.29,-58.76,-65.10,-58.67,-47.18,-59.90,-48.12,-56.66,2026-06-20 05:06:04+00:00
2026-06-20T05:07:03+00:00,-50.54,-65.20,-70.21,-60.93,-67.01,-46.83,-48.27,-53.47,-51.33,-62.26,-57.85,-65.18,-58.85,-47.10,-59.67,-48.04,-59.52,2026-06-20 05:07:03+00:00
2026-06-20T05:08:03+00:00,-50.29,-63.34,-69.80,-60.87,-66.85,-46.83,-48.45,-52.92,-51.26,-62.13,-59.17,-64.85,-58.72,-47.11,-59.75,-48.19,-59.68,2026-06-20 05:08:03+00:00
2026-06-20T05:09:04+00:00,-51.36,-65.06,-69.70,-60.52,-66.33,-46.57,-48.57,-53.19,-51.48,-62.68,-59.32,-65.08,-58.65,-47.25,-59.93,-48.11,-59.67,2026-06-20 05:09:04+00:00
2026-06-20T05:10:03+00:00,-51.01,-63.87,-68.97,-60.89,-66.38,-46.73,-48.70,-52.88,-51.53,-62.46,-59.16,-64.43,-58.55,-47.27,-60.29,-48.05,-59.76,2026-06-20 05:10:03+00:00
2026-06-20T05:11:03+00:00,-50.66,-64.67,-70.15,-60.61,-66.07,-46.82,-48.48,-53.01,-54.75,-62.80,-59.21,-65.17,-58.75,-47.16,-60.16,-47.99,-60.15,2026-06-20 05:11:03+00:00
2026-06-20T05:12:04+00:00,-48.42,-65.36,-70.04,-61.04,-65.95,-46.91,-48.06,-53.06,-53.81,-62.73,-59.30,-65.11,-58.69,-47.09,-60.10,-47.90,-59.95,2026-06-20 05:12:04+00:00
2026-06-20T05:13:03+00:00,-48.45,-65.24,-69.97,-60.98,-65.77,-46.79,-48.69,-52.95,-53.76,-63.05,-59.42,-64.99,-58.60,-47.12,-59.39,-47.74,-59.96,2026-06-20 05:13:03+00:00
2026-06-20T05:14:03+00:00,-48.79,-65.40,-70.21,-60.77,-65.85,-46.91,-48.05,-52.88,-53.87,-62.93,-59.12,-65.26,-58.73,-47.28,-59.70,-47.85,-60.35,2026-06-20 05:14:03+00:00
2026-06-20T05:15:04+00:00,-47.68,-64.53,-70.18,-61.09,-66.00,-46.71,-48.07,-52.85,-53.99,-62.05,-59.22,-65.09,-58.50,-47.20,-60.05,-48.12,-60.78,2026-06-20 05:15:04+00:00
2026-06-20T05:16:03+00:00,-48.15,-65.55,-69.97,-61.16,-66.20,-46.76,-47.92,-52.74,-53.75,-63.38,-59.46,-65.75,-58.84,-47.29,-60.08,-48.29,-59.88,2026-06-20 05:16:03+00:00
2026-06-20T05:17:04+00:00,-47.68,-65.34,-66.25,-60.54,-66.80,-46.87,-48.52,-52.59,-52.45,-63.32,-59.35,-65.34,-58.59,-47.10,-59.87,-48.39,-59.83,2026-06-20 05:17:04+00:00
2026-06-20T05:18:04+00:00,-48.59,-65.11,-61.22,-60.24,-66.69,-46.73,-48.22,-52.24,-50.45,-63.29,-59.37,-64.89,-58.40,-46.97,-59.37,-48.52,-59.33,2026-06-20 05:18:04+00:00
2026-06-20T05:19:03+00:00,-48.37,-65.82,-61.56,-60.63,-66.29,-46.88,-47.71,-52.40,-49.53,-62.97,-59.13,-64.99,-58.69,-47.11,-60.05,-48.41,-59.90,2026-06-20 05:19:03+00:00
2026-06-20T05:20:03+00:00,-48.41,-66.06,-61.48,-60.88,-66.42,-46.70,-48.54,-52.18,-49.74,-63.39,-59.62,-64.86,-58.57,-47.26,-59.85,-48.43,-59.97,2026-06-20 05:20:03+00:00
2026-06-20T05:21:04+00:00,-48.68,-64.90,-58.45,-59.98,-67.33,-46.67,-47.84,-52.49,-49.40,-63.19,-59.37,-62.55,-57.81,-47.04,-57.20,-48.07,-59.45,2026-06-20 05:21:04+00:00
2026-06-20T05:22:03+00:00,-48.07,-66.22,-69.31,-60.69,-66.31,-46.54,-48.22,-52.38,-49.55,-63.29,-59.29,-63.56,-58.22,-47.27,-59.84,-48.72,-59.48,2026-06-20 05:22:03+00:00
2026-06-20T05:23:03+00:00,-48.57,-65.95,-70.00,-57.38,-66.07,-45.28,-47.94,-52.58,-49.62,-64.03,-59.12,-65.12,-58.68,-47.17,-59.17,-48.08,-59.56,2026-06-20 05:23:03+00:00
2026-06-20T05:24:04+00:00,-48.24,-66.36,-62.12,-57.78,-66.65,-45.01,-47.96,-52.08,-49.63,-64.03,-59.06,-65.12,-58.35,-47.27,-59.92,-48.41,-59.59,2026-06-20 05:24:04+00:00
2026-06-20T05:25:04+00:00,-48.33,-65.25,-69.69,-57.92,-66.21,-44.56,-48.24,-52.33,-49.44,-63.55,-58.85,-64.98,-58.47,-47.25,-58.90,-48.33,-58.19,2026-06-20 05:25:04+00:00
2026-06-20T05:26:03+00:00,-48.38,-65.76,-69.40,-57.91,-65.91,-45.36,-48.37,-52.25,-49.38,-63.25,-58.69,-61.87,-58.06,-47.46,-56.57,-48.64,-59.65,2026-06-20 05:26:03+00:00
2026-06-20T05:27:04+00:00,-50.78,-65.49,-69.81,-58.12,-65.81,-44.43,-48.02,-52.09,-49.90,-62.91,-58.58,-64.23,-58.44,-47.48,-59.71,-48.14,-59.82,2026-06-20 05:27:04+00:00
2026-06-20T05:28:04+00:00,-51.37,-65.80,-69.88,-58.25,-66.76,-44.89,-48.18,-52.27,-49.83,-62.92,-58.49,-64.38,-58.58,-47.40,-59.35,-48.60,-59.60,2026-06-20 05:28:04+00:00
2026-06-20T05:29:03+00:00,-51.28,-64.71,-68.71,-58.03,-65.36,-45.00,-48.10,-52.34,-49.84,-61.81,-58.31,-61.55,-57.91,-47.52,-53.91,-48.69,-59.49,2026-06-20 05:29:03+00:00
2026-06-20T05:30:03+00:00,-50.96,-65.11,-69.92,-58.27,-66.84,-45.24,-48.74,-52.10,-49.89,-61.72,-58.18,-61.57,-58.00,-47.58,-54.61,-48.08,-59.59,2026-06-20 05:30:03+00:00
2026-06-20T05:31:03+00:00,-51.06,-63.98,-69.63,-57.98,-66.75,-44.93,-47.82,-51.87,-49.88,-63.25,-58.10,-61.53,-58.18,-47.41,-54.14,-48.21,-54.55,2026-06-20 05:31:03+00:00
2026-06-20T05:32:04+00:00,-51.02,-63.52,-69.88,-57.92,-66.56,-44.79,-47.94,-51.94,-49.90,-63.32,-58.23,-61.36,-58.02,-47.53,-54.24,-47.96,-53.08,2026-06-20 05:32:04+00:00
2026-06-20T05:33:04+00:00,-51.14,-62.79,-69.60,-57.80,-66.11,-45.36,-47.98,-52.01,-52.50,-63.30,-58.00,-61.34,-58.11,-47.72,-54.03,-47.66,-53.10,2026-06-20 05:33:04+00:00
2026-06-20T05:34:03+00:00,-50.78,-63.94,-69.66,-57.53,-66.09,-44.98,-47.90,-51.83,-54.15,-63.13,-57.90,-61.40,-57.82,-47.35,-54.48,-47.61,-53.17,2026-06-20 05:34:03+00:00
2026-06-20T05:35:04+00:00,-51.01,-61.88,-68.65,-58.29,-66.47,-45.35,-48.49,-52.23,-54.13,-62.61,-57.70,-60.69,-57.78,-47.73,-54.92,-47.67,-53.35,2026-06-20 05:35:04+00:00
2026-06-20T05:36:04+00:00,-51.07,-64.07,-69.56,-58.01,-66.46,-45.22,-48.62,-51.87,-53.30,-62.87,-57.59,-60.65,-58.00,-47.54,-54.69,-47.38,-53.22,2026-06-20 05:36:04+00:00
2026-06-20T05:37:03+00:00,-50.57,-64.67,-69.48,-58.14,-66.43,-45.18,-48.08,-51.94,-53.19,-62.62,-57.46,-60.64,-57.98,-47.65,-54.96,-47.18,-53.30,2026-06-20 05:37:03+00:00
2026-06-20T05:38:04+00:00,-50.43,-63.69,-69.70,-58.24,-66.08,-45.67,-48.13,-51.93,-53.40,-62.58,-57.28,-60.76,-58.18,-47.51,-54.63,-47.16,-53.07,2026-06-20 05:38:04+00:00
2026-06-20T05:39:04+00:00,-50.69,-63.78,-69.84,-58.14,-66.64,-45.41,-48.31,-51.91,-53.02,-62.64,-57.13,-60.42,-57.77,-47.69,-54.56,-47.09,-53.00,2026-06-20 05:39:04+00:00
2026-06-20T05:40:03+00:00,-50.89,-63.33,-69.64,-57.39,-66.01,-44.91,-48.12,-51.99,-51.01,-62.70,-56.95,-60.50,-57.68,-47.53,-54.85,-47.25,-53.18,2026-06-20 05:40:03+00:00
2026-06-20T05:41:04+00:00,-50.71,-63.57,-70.10,-57.28,-66.26,-48.81,-48.57,-51.70,-50.83,-62.63,-56.98,-60.23,-57.97,-47.47,-54.93,-47.05,-53.16,2026-06-20 05:41:04+00:00
2026-06-20T05:42:04+00:00,-50.83,-63.46,-69.71,-57.39,-66.99,-48.79,-48.16,-51.78,-50.74,-62.56,-57.06,-60.33,-57.94,-47.53,-54.74,-47.38,-54.66,2026-06-20 05:42:04+00:00
2026-06-20T05:43:03+00:00,-50.80,-57.49,-70.08,-57.29,-65.70,-48.69,-48.10,-51.76,-50.90,-62.62,-57.00,-60.16,-57.78,-47.34,-55.03,-47.45,-53.19,2026-06-20 05:43:03+00:00
2026-06-20T05:44:03+00:00,-51.13,-60.91,-70.34,-57.12,-66.05,-48.71,-47.95,-51.85,-50.88,-62.60,-56.87,-60.27,-57.85,-47.52,-54.77,-47.49,-53.24,2026-06-20 05:44:03+00:00
2026-06-20T05:45:04+00:00,-50.85,-60.32,-70.23,-57.50,-65.27,-48.69,-48.10,-51.87,-50.73,-62.46,-57.03,-60.22,-57.40,-47.25,-54.73,-47.41,-60.20,2026-06-20 05:45:04+00:00
2026-06-20T05:46:03+00:00,-50.81,-64.06,-70.19,-57.77,-66.42,-48.61,-48.38,-51.82,-50.74,-62.52,-56.96,-60.17,-57.59,-47.47,-55.06,-47.58,-59.74,2026-06-20 05:46:03+00:00
2026-06-20T05:47:03+00:00,-50.46,-63.08,-70.02,-57.76,-65.53,-48.42,-47.92,-51.87,-50.74,-62.72,-56.93,-59.98,-57.56,-47.38,-54.82,-47.45,-55.32,2026-06-20 05:47:03+00:00
2026-06-20T05:48:04+00:00,-51.15,-63.10,-70.20,-57.40,-66.15,-48.52,-48.56,-51.81,-50.88,-62.19,-56.86,-60.19,-57.50,-47.29,-54.81,-47.47,-54.49,2026-06-20 05:48:04+00:00
2026-06-20T05:49:04+00:00,-50.87,-62.56,-70.11,-57.21,-66.21,-48.61,-47.77,-51.78,-50.96,-62.61,-56.63,-60.01,-57.18,-47.27,-54.79,-47.63,-54.56,2026-06-20 05:49:04+00:00
2026-06-20T05:50:03+00:00,-50.54,-63.24,-70.00,-57.43,-66.58,-48.90,-48.18,-51.80,-50.87,-62.48,-56.66,-60.02,-57.38,-47.27,-54.92,-47.58,-54.32,2026-06-20 05:50:03+00:00
2026-06-20T05:51:04+00:00,-50.45,-62.35,-69.89,-57.84,-65.91,-48.46,-47.88,-51.77,-51.34,-62.40,-56.91,-59.77,-57.43,-47.28,-54.60,-47.38,-55.57,2026-06-20 05:51:04+00:00
2026-06-20T05:52:03+00:00,-51.40,-63.70,-70.09,-57.29,-65.61,-48.56,-48.63,-51.78,-51.32,-62.73,-56.63,-59.36,-57.33,-47.43,-54.97,-47.17,-55.07,2026-06-20 05:52:03+00:00
2026-06-20T05:53:03+00:00,-51.43,-63.42,-70.05,-58.05,-66.73,-48.69,-47.89,-51.77,-51.51,-62.20,-56.89,-59.70,-57.27,-47.19,-54.79,-47.40,-55.25,2026-06-20 05:53:03+00:00
2026-06-20T05:54:03+00:00,-50.73,-63.11,-70.12,-57.38,-66.09,-48.59,-48.21,-51.69,-51.49,-62.72,-57.10,-59.92,-57.16,-47.24,-54.70,-47.07,-55.07,2026-06-20 05:54:03+00:00
2026-06-20T05:55:04+00:00,-51.52,-62.76,-68.28,-56.52,-66.30,-48.54,-47.85,-51.77,-54.32,-62.12,-56.97,-62.78,-57.61,-47.26,-57.09,-46.89,-54.35,2026-06-20 05:55:04+00:00
2026-06-20T05:56:03+00:00,-51.39,-62.64,-69.76,-57.22,-66.26,-48.41,-48.23,-51.72,-54.20,-62.37,-55.78,-63.22,-57.58,-47.26,-58.96,-46.84,-55.22,2026-06-20 05:56:03+00:00
2026-06-20T05:57:03+00:00,-48.68,-62.17,-69.76,-57.23,-66.42,-48.67,-48.10,-51.80,-53.47,-63.33,-55.79,-63.08,-57.65,-47.31,-58.59,-46.96,-54.44,2026-06-20 05:57:03+00:00
2026-06-20T05:58:04+00:00,-49.02,-62.22,-57.70,-57.23,-66.77,-48.41,-47.38,-51.28,-53.40,-61.85,-57.13,-61.31,-57.35,-47.36,-59.15,-46.92,-54.35,2026-06-20 05:58:04+00:00
2026-06-20T05:59:04+00:00,-48.41,-61.82,-66.01,-57.58,-66.69,-48.69,-47.97,-51.85,-52.44,-62.09,-57.66,-62.72,-56.75,-47.37,-58.11,-46.34,-55.31,2026-06-20 05:59:04+00:00
2026-06-20T06:00:03+00:00,-48.65,-61.87,-57.21,-57.96,-66.70,-48.78,-47.80,-51.62,-54.01,-62.25,-57.70,-62.08,-57.47,-47.29,-59.46,-46.85,-54.30,2026-06-20 06:00:03+00:00
2026-06-20T06:01:03+00:00,-48.49,-62.18,-59.53,-57.68,-67.03,-48.77,-47.41,-51.69,-53.99,-62.44,-57.80,-62.54,-57.40,-47.32,-59.58,-46.84,-55.11,2026-06-20 06:01:03+00:00
2026-06-20T06:02:04+00:00,-47.81,-62.34,-60.44,-57.90,-66.23,-48.32,-48.02,-51.47,-54.01,-61.48,-58.06,-62.98,-57.65,-47.47,-59.06,-46.78,-55.29,2026-06-20 06:02:04+00:00
2026-06-20T06:03:04+00:00,-47.69,-62.43,-60.73,-57.16,-66.85,-48.19,-47.76,-51.62,-50.99,-61.90,-57.84,-62.84,-57.47,-47.56,-59.62,-46.85,-55.07,2026-06-20 06:03:04+00:00
2026-06-20T06:04:03+00:00,-47.78,-63.00,-54.18,-56.87,-66.50,-48.12,-47.23,-51.64,-49.84,-62.55,-58.24,-60.71,-57.45,-47.47,-59.79,-46.80,-55.08,2026-06-20 06:04:03+00:00
2026-06-20T06:05:04+00:00,-47.75,-63.12,-57.39,-57.20,-65.75,-44.97,-47.35,-51.69,-49.40,-62.54,-58.49,-60.45,-60.34,-47.63,-49.21,-46.99,-54.35,2026-06-20 06:05:04+00:00
2026-06-20T06:06:04+00:00,-47.71,-63.18,-58.00,-57.54,-66.32,-44.57,-47.72,-51.72,-49.31,-62.26,-58.30,-60.86,-56.38,-47.57,-50.26,-46.85,-54.31,2026-06-20 06:06:04+00:00
2026-06-20T06:07:03+00:00,-47.99,-62.82,-63.00,-57.51,-66.74,-45.86,-47.62,-51.77,-48.63,-62.69,-58.42,-62.18,-56.12,-47.61,-56.96,-47.10,-55.16,2026-06-20 06:07:03+00:00
2026-06-20T06:08:03+00:00,-47.78,-62.22,-67.29,-57.29,-66.27,-44.80,-47.46,-51.66,-49.83,-62.87,-57.53,-62.78,-57.50,-47.87,-58.46,-46.91,-55.09,2026-06-20 06:08:03+00:00
2026-06-20T06:09:04+00:00,-48.14,-62.14,-68.88,-56.75,-67.04,-45.03,-47.88,-51.75,-49.85,-62.31,-57.84,-62.81,-57.07,-47.98,-57.47,-46.77,-55.09,2026-06-20 06:09:04+00:00
2026-06-20T06:10:03+00:00,-47.88,-62.42,-68.56,-56.88,-66.86,-44.91,-48.33,-51.71,-49.88,-62.46,-57.87,-63.02,-57.26,-48.04,-59.33,-46.80,-55.07,2026-06-20 06:10:03+00:00
2026-06-20T06:11:03+00:00,-47.59,-62.25,-69.42,-57.08,-66.66,-45.77,-48.25,-51.85,-49.84,-62.25,-57.68,-63.04,-57.01,-48.18,-59.88,-46.51,-55.04,2026-06-20 06:11:03+00:00
2026-06-20T06:12:04+00:00,-49.46,-62.00,-69.08,-56.08,-66.89,-45.92,-48.22,-51.67,-50.20,-62.16,-57.89,-62.93,-57.16,-48.05,-59.66,-46.63,-55.08,2026-06-20 06:12:04+00:00
2026-06-20T06:13:04+00:00,-49.17,-61.51,-68.99,-56.64,-65.49,-45.95,-47.42,-51.75,-50.30,-61.92,-58.56,-62.73,-57.01,-48.40,-59.35,-46.45,-55.00,2026-06-20 06:13:04+00:00
2026-06-20T06:14:03+00:00,-49.40,-61.75,-67.75,-56.96,-65.94,-45.87,-47.56,-51.74,-50.01,-62.84,-58.37,-62.40,-57.06,-48.45,-59.32,-46.25,-55.25,2026-06-20 06:14:03+00:00
2026-06-20T06:15:04+00:00,-49.24,-62.55,-68.85,-57.08,-66.61,-45.45,-47.86,-51.61,-50.06,-62.99,-58.26,-62.94,-56.97,-48.54,-59.46,-46.13,-54.57,2026-06-20 06:15:04+00:00
2026-06-20T06:16:04+00:00,-49.56,-62.49,-68.92,-57.22,-66.13,-45.63,-48.12,-51.67,-50.06,-62.57,-58.43,-62.84,-56.79,-48.56,-59.71,-45.76,-54.44,2026-06-20 06:16:04+00:00
2026-06-20T06:17:03+00:00,-49.82,-63.10,-68.85,-57.09,-66.48,-45.12,-47.95,-51.70,-50.05,-62.30,-58.63,-62.35,-56.83,-48.53,-59.61,-45.48,-54.30,2026-06-20 06:17:03+00:00
2026-06-20T06:18:04+00:00,-49.78,-62.71,-69.12,-56.65,-66.67,-45.37,-47.37,-51.18,-52.27,-61.90,-58.47,-62.73,-57.08,-48.77,-59.76,-45.36,-54.61,2026-06-20 06:18:04+00:00
2026-06-20T06:19:04+00:00,-49.03,-62.68,-69.30,-56.71,-66.40,-45.37,-47.55,-51.04,-53.95,-62.12,-58.55,-62.50,-56.89,-49.04,-59.88,-45.28,-54.39,2026-06-20 06:19:04+00:00
2026-06-20T06:20:03+00:00,-50.62,-61.81,-69.16,-56.73,-66.19,-45.27,-47.48,-50.99,-53.84,-61.75,-58.36,-62.55,-57.04,-49.10,-59.61,-45.27,-54.35,2026-06-20 06:20:03+00:00
2026-06-20T06:21:04+00:00,-50.02,-63.06,-69.37,-56.76,-65.97,-45.28,-47.62,-51.18,-53.27,-62.50,-58.43,-62.52,-56.95,-49.08,-59.52,-45.04,-54.36,2026-06-20 06:21:04+00:00
2026-06-20T06:22:04+00:00,-50.06,-62.70,-69.13,-55.88,-65.95,-45.36,-47.39,-51.36,-53.03,-62.47,-58.34,-62.49,-56.93,-49.26,-59.93,-44.81,-54.47,2026-06-20 06:22:04+00:00
2026-06-20T06:23:03+00:00,-49.77,-62.57,-69.21,-56.72,-66.61,-45.25,-48.09,-51.25,-53.03,-62.64,-58.41,-62.59,-56.91,-49.39,-59.70,-44.86,-54.56,2026-06-20 06:23:03+00:00
2026-06-20T06:24:03+00:00,-49.98,-62.45,-68.95,-55.99,-66.75,-45.29,-47.40,-51.28,-52.85,-62.96,-57.53,-62.53,-57.01,-49.38,-59.92,-44.82,-53.85,2026-06-20 06:24:03+00:00
2026-06-20T06:25:04+00:00,-50.13,-62.20,-65.93,-55.81,-66.54,-45.30,-47.69,-51.17,-48.02,-62.96,-58.32,-61.43,-56.74,-49.46,-59.62,-44.99,-55.44,2026-06-20 06:25:04+00:00
2026-06-20T06:26:03+00:00,-49.64,-62.43,-65.97,-56.18,-65.54,-45.01,-47.94,-51.25,-48.09,-62.87,-58.50,-61.62,-56.95,-49.57,-59.53,-44.60,-55.33,2026-06-20 06:26:03+00:00
2026-06-20T06:27:03+00:00,-50.07,-62.48,-66.23,-56.24,-66.60,-45.32,-47.79,-51.32,-48.11,-62.83,-57.83,-61.66,-56.96,-49.64,-59.74,-44.47,-55.47,2026-06-20 06:27:03+00:00
2026-06-20T06:28:04+00:00,-50.02,-62.38,-66.82,-56.81,-66.57,-45.49,-48.33,-51.31,-49.24,-63.06,-57.72,-61.50,-57.19,-49.68,-59.59,-44.34,-55.41,2026-06-20 06:28:04+00:00
2026-06-20T06:29:04+00:00,-50.28,-61.75,-66.19,-56.80,-65.62,-45.24,-47.54,-51.30,-50.13,-63.16,-57.71,-61.46,-56.83,-49.69,-59.63,-44.50,-55.42,2026-06-20 06:29:04+00:00
2026-06-20T06:30:03+00:00,-50.34,-62.16,-65.96,-57.42,-66.44,-45.08,-47.88,-51.21,-50.26,-63.10,-57.71,-61.49,-56.83,-50.05,-59.57,-44.17,-55.21,2026-06-20 06:30:03+00:00
2026-06-20T06:31:03+00:00,-49.92,-62.46,-64.99,-56.45,-66.59,-45.32,-48.00,-51.17,-50.24,-62.63,-57.70,-61.22,-57.06,-50.03,-59.42,-44.44,-55.11,2026-06-20 06:31:03+00:00
2026-06-20T06:32:04+00:00,-50.32,-61.97,-64.04,-56.78,-66.54,-45.32,-47.67,-51.19,-50.49,-62.51,-58.87,-61.01,-57.04,-50.27,-59.38,-44.41,-55.40,2026-06-20 06:32:04+00:00
2026-06-20T06:33:04+00:00,-49.90,-62.48,-64.00,-56.67,-66.10,-45.25,-47.28,-51.23,-50.60,-63.40,-59.35,-61.38,-57.07,-50.29,-59.17,-44.41,-55.12,2026-06-20 06:33:04+00:00
2026-06-20T06:34:03+00:00,-49.53,-61.84,-64.16,-56.96,-65.93,-45.33,-47.32,-51.21,-50.17,-63.18,-59.44,-61.53,-57.17,-50.30,-59.41,-44.39,-54.67,2026-06-20 06:34:03+00:00
2026-06-20T06:35:04+00:00,-50.59,-61.95,-64.51,-56.92,-66.24,-45.11,-47.47,-51.24,-49.28,-63.13,-59.78,-61.61,-57.09,-50.54,-59.59,-44.52,-54.42,2026-06-20 06:35:04+00:00
2026-06-20T06:36:03+00:00,-50.65,-62.42,-64.54,-57.36,-65.95,-45.05,-47.67,-51.16,-49.68,-62.89,-59.65,-61.59,-57.06,-50.61,-59.70,-44.51,-54.39,2026-06-20 06:36:03+00:00
2026-06-20T06:37:04+00:00,-50.67,-62.49,-64.35,-57.18,-65.61,-44.94,-47.97,-51.18,-49.68,-62.83,-59.67,-61.98,-57.16,-50.91,-59.39,-44.59,-54.26,2026-06-20 06:37:04+00:00
2026-06-20T06:38:03+00:00,-51.00,-62.47,-64.56,-57.46,-66.63,-44.80,-47.39,-51.14,-49.83,-63.28,-59.96,-61.75,-57.08,-50.73,-59.29,-44.92,-55.04,2026-06-20 06:38:03+00:00
2026-06-20T06:39:03+00:00,-50.46,-61.62,-64.79,-57.20,-66.00,-44.73,-48.27,-51.16,-49.70,-63.13,-59.93,-61.77,-57.11,-51.01,-59.29,-44.83,-54.35,2026-06-20 06:39:03+00:00
2026-06-20T06:40:04+00:00,-51.06,-61.86,-64.84,-56.49,-66.75,-44.31,-47.69,-51.17,-51.55,-63.28,-58.06,-50.08,-57.06,-51.07,-59.12,-45.07,-55.31,2026-06-20 06:40:04+00:00
2026-06-20T06:41:04+00:00,-49.13,-63.34,-63.77,-56.59,-66.56,-44.54,-47.25,-51.20,-49.74,-63.16,-59.97,-55.86,-57.13,-51.12,-59.40,-45.05,-53.75,2026-06-20 06:41:04+00:00
2026-06-20T06:42:03+00:00,-47.63,-61.94,-63.98,-57.03,-66.18,-44.54,-47.58,-51.18,-49.71,-63.42,-60.00,-60.41,-57.19,-51.16,-59.23,-44.94,-54.53,2026-06-20 06:42:03+00:00
2026-06-20T06:43:04+00:00,-47.86,-61.95,-64.04,-57.04,-66.76,-44.50,-47.95,-51.21,-49.69,-63.30,-60.20,-61.03,-57.17,-51.30,-59.43,-45.20,-55.38,2026-06-20 06:43:04+00:00
2026-06-20T06:44:04+00:00,-47.22,-61.82,-64.10,-57.72,-66.15,-44.58,-47.69,-51.18,-49.71,-62.87,-60.15,-61.07,-53.14,-51.33,-59.62,-45.33,-55.30,2026-06-20 06:44:04+00:00
2026-06-20T06:45:03+00:00,-47.85,-61.91,-64.33,-57.60,-66.14,-44.77,-47.46,-51.19,-49.83,-55.15,-60.47,-61.02,-55.95,-51.41,-59.54,-45.29,-55.33,2026-06-20 06:45:03+00:00
2026-06-20T06:46:03+00:00,-48.00,-62.07,-64.12,-57.40,-66.71,-44.55,-47.25,-51.15,-49.71,-55.48,-60.26,-60.91,-56.88,-51.55,-59.45,-45.42,-55.41,2026-06-20 06:46:03+00:00
2026-06-20T06:47:04+00:00,-47.94,-62.39,-64.34,-57.36,-66.32,-44.46,-48.25,-51.12,-49.60,-55.52,-60.43,-60.71,-56.74,-51.79,-59.04,-45.31,-54.44,2026-06-20 06:47:04+00:00
2026-06-20T06:48:03+00:00,-47.88,-61.45,-64.35,-57.25,-66.64,-44.34,-47.19,-51.16,-48.30,-55.43,-60.61,-60.58,-57.05,-51.82,-59.37,-45.61,-55.26,2026-06-20 06:48:03+00:00
2026-06-20T06:49:03+00:00,-47.93,-61.33,-64.24,-57.27,-65.55,-44.42,-47.47,-51.12,-47.88,-55.45,-60.79,-60.04,-56.95,-52.03,-59.75,-45.50,-55.33,2026-06-20 06:49:03+00:00
2026-06-20T06:50:04+00:00,-47.79,-61.58,-64.29,-56.99,-65.75,-43.97,-47.62,-51.17,-48.02,-54.93,-60.84,-60.24,-56.82,-52.13,-59.50,-45.66,-55.33,2026-06-20 06:50:04+00:00
2026-06-20T06:51:03+00:00,-47.89,-61.33,-64.24,-56.89,-65.91,-44.15,-47.50,-51.15,-48.21,-53.58,-60.81,-59.94,-56.83,-52.04,-59.50,-45.61,-54.41,2026-06-20 06:51:03+00:00
2026-06-20T06:52:03+00:00,-47.88,-62.55,-64.17,-57.83,-66.18,-43.64,-47.31,-51.12,-48.24,-53.39,-60.83,-59.76,-56.88,-52.13,-59.64,-45.51,-55.49,2026-06-20 06:52:03+00:00
2026-06-20T06:53:04+00:00,-47.85,-61.52,-64.08,-56.87,-66.17,-43.83,-47.21,-51.14,-48.32,-53.24,-61.20,-59.65,-56.59,-52.40,-59.36,-45.74,-55.21,2026-06-20 06:53:04+00:00
2026-06-20T06:54:04+00:00,-48.23,-61.34,-63.95,-57.44,-66.65,-44.07,-47.44,-51.15,-48.37,-53.24,-61.26,-59.52,-56.22,-52.77,-59.30,-45.43,-55.45,2026-06-20 06:54:04+00:00
2026-06-20T06:55:03+00:00,-47.91,-61.37,-63.77,-57.42,-65.89,-43.69,-47.53,-51.11,-48.28,-53.24,-61.31,-58.97,-56.09,-53.04,-59.34,-45.67,-55.14,2026-06-20 06:55:03+00:00
2026-06-20T06:56:03+00:00,-47.60,-61.18,-63.94,-57.29,-65.75,-43.43,-47.85,-51.13,-48.17,-53.25,-57.97,-58.83,-56.06,-53.08,-59.46,-45.73,-55.36,2026-06-20 06:56:03+00:00
2026-06-20T06:57:04+00:00,-47.88,-61.34,-64.00,-57.78,-65.85,-43.71,-47.05,-51.11,-48.18,-53.03,-60.76,-58.43,-57.17,-53.11,-55.80,-45.68,-55.12,2026-06-20 06:57:04+00:00
2026-06-20T06:58:03+00:00,-48.31,-61.21,-63.15,-55.33,-66.18,-43.81,-46.84,-51.11,-48.13,-53.07,-60.99,-58.60,-57.05,-53.59,-59.13,-45.65,-55.22,2026-06-20 06:58:03+00:00
2026-06-20T06:59:03+00:00,-48.16,-61.28,-62.85,-56.74,-66.11,-43.69,-46.91,-50.15,-48.26,-53.14,-61.48,-58.17,-57.09,-53.08,-59.19,-45.50,-54.49,2026-06-20 06:59:03+00:00
2026-06-20T07:00:04+00:00,-48.19,-60.51,-62.65,-57.15,-66.28,-43.71,-47.01,-51.14,-47.89,-53.18,-61.95,-58.06,-56.68,-53.79,-58.09,-44.95,-54.76,2026-06-20 07:00:04+00:00
2026-06-20T07:01:04+00:00,-48.42,-59.81,-64.02,-57.74,-66.10,-43.88,-48.50,-50.96,-48.17,-53.01,-57.65,-56.05,-56.70,-54.23,-59.40,-45.80,-55.30,2026-06-20 07:01:04+00:00
2026-06-20T07:02:04+00:00,-48.45,-60.62,-63.08,-57.23,-66.00,-43.77,-47.92,-51.14,-48.12,-50.54,-61.61,-57.34,-57.42,-54.23,-58.41,-45.40,-55.26,2026-06-20 07:02:04+00:00
2026-06-20T07:03:03+00:00,-48.49,-59.69,-53.23,-55.93,-66.97,-43.91,-47.63,-51.11,-49.48,-50.33,-61.97,-55.81,-57.13,-54.49,-58.32,-45.64,-55.25,2026-06-20 07:03:03+00:00
2026-06-20T07:04:04+00:00,-48.03,-60.69,-64.05,-56.75,-66.41,-43.84,-48.65,-51.43,-50.03,-50.50,-62.01,-57.55,-57.19,-54.57,-59.76,-45.61,-54.39,2026-06-20 07:04:04+00:00
2026-06-20T07:05:04+00:00,-48.24,-60.27,-64.05,-56.85,-66.39,-43.88,-48.07,-51.33,-50.18,-50.31,-60.03,-57.53,-57.35,-55.23,-59.58,-45.68,-53.57,2026-06-20 07:05:04+00:00
2026-06-20T07:06:04+00:00,-47.78,-60.59,-64.28,-57.95,-65.83,-43.91,-48.02,-51.46,-49.65,-50.12,-60.85,-57.55,-57.38,-55.02,-59.27,-45.51,-55.31,2026-06-20 07:06:04+00:00
2026-06-20T07:07:04+00:00,-48.00,-60.56,-64.32,-57.92,-65.44,-43.81,-47.82,-51.48,-49.79,-48.82,-60.89,-57.66,-57.37,-55.48,-59.24,-45.32,-55.21,2026-06-20 07:07:04+00:00
2026-06-20T07:08:03+00:00,-47.94,-60.18,-64.12,-57.86,-65.95,-43.83,-47.76,-51.47,-49.74,-48.43,-61.05,-57.65,-57.55,-55.61,-59.70,-45.09,-55.09,2026-06-20 07:08:03+00:00
2026-06-20T07:09:03+00:00,-47.87,-60.05,-64.04,-57.40,-66.08,-43.57,-48.04,-51.45,-49.72,-48.36,-59.24,-57.80,-57.42,-55.98,-59.27,-45.41,-54.24,2026-06-20 07:09:03+00:00
2026-06-20T07:10:04+00:00,-47.91,-60.29,-64.16,-58.13,-66.47,-43.65,-48.24,-51.22,-48.49,-48.26,-57.04,-57.41,-57.19,-56.29,-57.96,-45.09,-54.48,2026-06-20 07:10:04+00:00
2026-06-20T07:11:03+00:00,-48.16,-60.54,-64.06,-58.00,-66.58,-43.62,-48.22,-51.23,-48.40,-48.28,-54.95,-55.44,-56.70,-56.45,-59.59,-45.38,-54.40,2026-06-20 07:11:03+00:00
2026-06-20T07:12:03+00:00,-48.49,-60.63,-64.07,-57.67,-65.62,-43.77,-47.69,-51.24,-48.33,-48.20,-57.02,-56.36,-56.34,-56.78,-59.72,-45.37,-55.20,2026-06-20 07:12:03+00:00
2026-06-20T07:13:04+00:00,-48.17,-60.58,-63.88,-58.27,-65.48,-43.78,-47.73,-51.14,-48.28,-48.12,-56.38,-56.53,-56.08,-56.94,-59.17,-45.51,-54.41,2026-06-20 07:13:04+00:00
2026-06-20T07:14:03+00:00,-48.12,-60.77,-63.89,-57.98,-66.13,-43.51,-47.61,-51.23,-48.26,-48.21,-59.77,-56.51,-56.18,-57.10,-59.49,-45.11,-55.29,2026-06-20 07:14:03+00:00
2026-06-20T07:15:03+00:00,-48.12,-60.23,-63.85,-57.40,-66.76,-43.20,-47.78,-51.37,-47.99,-48.21,-61.19,-56.26,-56.24,-57.30,-59.54,-45.22,-54.24,2026-06-20 07:15:03+00:00
2026-06-20T07:16:04+00:00,-47.85,-59.96,-63.92,-57.51,-66.95,-43.31,-47.28,-51.42,-48.21,-48.00,-61.20,-56.30,-55.83,-57.98,-59.77,-45.19,-55.14,2026-06-20 07:16:04+00:00
2026-06-20T07:17:04+00:00,-48.26,-59.82,-64.11,-56.83,-66.52,-43.42,-47.58,-51.46,-47.60,-47.88,-61.63,-56.16,-55.87,-58.20,-59.65,-45.23,-55.26,2026-06-20 07:17:04+00:00
2026-06-20T07:18:03+00:00,-48.36,-56.20,-64.21,-57.45,-66.93,-43.35,-47.41,-51.43,-46.77,-47.28,-57.83,-56.18,-55.89,-58.36,-59.58,-45.14,-54.47,2026-06-20 07:18:03+00:00
2026-06-20T07:19:03+00:00,-48.24,-55.43,-64.21,-57.68,-66.78,-43.33,-47.87,-51.43,-46.91,-47.15,-61.20,-56.48,-55.87,-58.53,-59.27,-45.22,-54.30,2026-06-20 07:19:03+00:00
2026-06-20T07:20:04+00:00,-48.20,-55.92,-64.32,-57.28,-66.41,-43.56,-47.55,-51.40,-47.08,-47.14,-61.30,-56.23,-55.82,-58.87,-59.52,-45.00,-55.29,2026-06-20 07:20:04+00:00
2026-06-20T07:21:03+00:00,-48.08,-55.90,-64.49,-57.18,-66.76,-43.32,-47.26,-51.38,-47.08,-47.07,-60.66,-56.33,-55.77,-59.01,-59.45,-45.11,-54.47,2026-06-20 07:21:03+00:00
2026-06-20T07:22:03+00:00,-48.05,-57.16,-64.17,-56.85,-66.78,-43.49,-47.19,-51.40,-47.10,-47.17,-59.01,-56.46,-55.93,-59.23,-59.43,-44.89,-55.12,2026-06-20 07:22:03+00:00
2026-06-20T07:23:04+00:00,-47.65,-56.99,-64.10,-57.65,-66.63,-43.47,-48.39,-51.39,-46.83,-46.97,-58.77,-56.44,-56.13,-59.32,-59.86,-44.84,-55.07,2026-06-20 07:23:04+00:00
2026-06-20T07:24:04+00:00,-47.68,-57.12,-63.88,-57.67,-66.60,-43.45,-47.65,-51.42,-46.77,-47.13,-58.79,-56.12,-55.94,-59.86,-59.41,-44.98,-55.05,2026-06-20 07:24:04+00:00
2026-06-20T07:25:03+00:00,-48.14,-57.26,-64.17,-57.81,-65.96,-43.77,-47.50,-51.46,-47.39,-47.03,-58.44,-56.01,-55.86,-59.90,-59.57,-44.92,-55.14,2026-06-20 07:25:03+00:00
2026-06-20T07:26:04+00:00,-46.38,-57.15,-64.65,-61.01,-66.10,-44.47,-47.46,-51.47,-47.22,-46.96,-55.38,-56.37,-55.82,-60.58,-58.05,-44.88,-55.36,2026-06-20 07:26:04+00:00
2026-06-20T07:27:04+00:00,-46.59,-57.00,-64.46,-60.79,-65.69,-44.44,-47.28,-51.45,-46.95,-46.92,-56.59,-56.28,-55.91,-60.65,-57.34,-44.76,-55.03,2026-06-20 07:27:04+00:00
2026-06-20T07:28:03+00:00,-46.28,-56.70,-64.19,-60.77,-66.61,-44.51,-47.74,-51.48,-46.91,-46.95,-55.98,-56.39,-55.72,-61.07,-57.47,-45.04,-55.13,2026-06-20 07:28:03+00:00
2026-06-20T07:29:03+00:00,-46.45,-56.26,-64.48,-60.47,-66.21,-44.57,-47.42,-51.42,-47.02,-46.89,-56.45,-56.09,-55.81,-61.19,-57.59,-45.00,-54.95,2026-06-20 07:29:03+00:00
2026-06-20T07:30:04+00:00,-46.62,-56.53,-64.23,-60.87,-66.17,-44.35,-47.19,-51.45,-46.99,-46.92,-58.16,-56.07,-55.91,-61.63,-57.86,-45.13,-55.16,2026-06-20 07:30:04+00:00
2026-06-20T07:31:04+00:00,-46.59,-56.62,-64.28,-60.90,-66.69,-44.56,-47.70,-51.42,-47.23,-46.84,-57.99,-56.00,-55.79,-61.70,-57.86,-45.17,-55.48,2026-06-20 07:31:04+00:00
2026-06-20T07:32:03+00:00,-46.55,-57.92,-64.31,-60.95,-66.23,-44.41,-47.88,-51.41,-46.97,-46.81,-58.04,-56.02,-55.83,-62.13,-57.86,-45.41,-55.12,2026-06-20 07:32:03+00:00
2026-06-20T07:33:04+00:00,-46.35,-57.20,-64.46,-60.77,-66.02,-44.31,-47.75,-51.44,-46.86,-46.65,-58.67,-55.97,-56.03,-62.23,-57.84,-45.46,-55.20,2026-06-20 07:33:04+00:00
2026-06-20T07:34:04+00:00,-46.29,-57.81,-64.49,-60.98,-66.57,-44.26,-47.22,-51.42,-46.73,-46.75,-58.46,-55.83,-55.66,-62.20,-57.81,-45.34,-55.07,2026-06-20 07:34:04+00:00
2026-06-20T07:35:03+00:00,-46.48,-57.60,-63.97,-60.88,-67.28,-44.27,-47.09,-51.44,-46.51,-46.60,-58.53,-55.86,-55.77,-62.54,-57.70,-45.41,-55.28,2026-06-20 07:35:03+00:00
2026-06-20T07:36:03+00:00,-46.53,-57.94,-64.08,-60.85,-66.06,-44.25,-47.61,-51.46,-46.55,-46.72,-58.44,-56.27,-55.66,-62.89,-57.75,-45.29,-55.07,2026-06-20 07:36:03+00:00
2026-06-20T07:37:03+00:00,-46.10,-57.10,-64.28,-61.15,-65.68,-44.27,-47.46,-51.46,-46.42,-46.67,-57.50,-56.29,-52.00,-63.02,-57.82,-45.59,-54.90,2026-06-20 07:37:03+00:00
2026-06-20T07:38:04+00:00,-46.21,-56.59,-64.33,-60.83,-67.59,-44.10,-47.93,-51.47,-46.77,-46.52,-58.08,-56.16,-51.81,-63.12,-57.95,-45.69,-54.85,2026-06-20 07:38:04+00:00
2026-06-20T07:39:03+00:00,-46.10,-56.88,-64.50,-60.76,-66.00,-44.12,-47.72,-51.46,-46.87,-46.54,-57.47,-56.07,-52.28,-63.05,-57.89,-45.71,-54.82,2026-06-20 07:39:03+00:00
2026-06-20T07:40:03+00:00,-46.00,-56.30,-64.38,-61.21,-65.36,-44.34,-47.66,-51.47,-46.83,-46.63,-57.15,-56.12,-52.23,-63.34,-57.78,-46.01,-54.86,2026-06-20 07:40:03+00:00
2026-06-20T07:41:04+00:00,-47.56,-56.48,-64.47,-60.69,-66.34,-44.09,-47.46,-51.48,-47.06,-46.51,-57.82,-55.96,-52.02,-62.98,-57.52,-45.85,-54.80,2026-06-20 07:41:04+00:00
2026-06-20T07:42:03+00:00,-47.45,-56.90,-64.24,-60.65,-66.20,-44.23,-47.52,-51.40,-47.01,-46.59,-57.70,-56.20,-51.41,-63.34,-57.69,-46.01,-54.82,2026-06-20 07:42:03+00:00
2026-06-20T07:43:03+00:00,-46.92,-56.75,-64.27,-60.57,-66.59,-44.16,-47.91,-51.48,-46.91,-46.69,-57.58,-56.10,-51.06,-63.45,-57.72,-45.80,-54.88,2026-06-20 07:43:03+00:00
2026-06-20T07:44:04+00:00,-47.20,-57.25,-64.42,-60.99,-65.39,-44.28,-47.64,-51.49,-47.00,-46.85,-57.91,-56.13,-51.23,-63.51,-58.01,-45.97,-55.06,2026-06-20 07:44:04+00:00
2026-06-20T07:45:03+00:00,-47.01,-56.47,-64.43,-60.58,-66.24,-44.23,-47.32,-51.48,-47.04,-46.83,-57.74,-56.28,-50.88,-63.53,-58.02,-46.14,-55.01,2026-06-20 07:45:03+00:00
2026-06-20T07:46:03+00:00,-47.39,-57.41,-64.25,-60.58,-66.10,-44.17,-48.09,-51.38,-46.91,-46.90,-57.52,-56.64,-50.36,-62.81,-57.86,-46.10,-54.89,2026-06-20 07:46:03+00:00
2026-06-20T07:47:04+00:00,-46.67,-56.90,-63.70,-60.81,-66.38,-44.22,-47.48,-51.50,-46.93,-46.75,-57.15,-56.74,-49.86,-62.60,-57.61,-46.39,-54.94,2026-06-20 07:47:04+00:00
2026-06-20T07:48:04+00:00,-46.63,-55.48,-63.17,-60.15,-65.96,-44.23,-47.75,-51.53,-47.23,-46.75,-57.31,-56.95,-50.78,-62.61,-57.80,-46.33,-54.96,2026-06-20 07:48:04+00:00
2026-06-20T07:49:03+00:00,-47.55,-55.63,-64.03,-60.34,-66.27,-44.76,-47.92,-51.87,-47.26,-46.80,-54.56,-57.15,-50.73,-62.93,-57.83,-46.51,-55.15,2026-06-20 07:49:03+00:00
2026-06-20T07:50:04+00:00,-47.86,-55.88,-64.91,-60.76,-66.22,-44.45,-48.29,-51.81,-47.57,-46.90,-54.49,-57.08,-50.88,-63.16,-57.79,-46.50,-54.92,2026-06-20 07:50:04+00:00
2026-06-20T07:51:04+00:00,-48.44,-55.49,-64.90,-60.33,-65.33,-44.67,-48.14,-51.72,-47.50,-46.66,-53.43,-57.09,-50.71,-63.33,-58.00,-46.56,-55.03,2026-06-20 07:51:04+00:00
2026-06-20T07:52:03+00:00,-47.19,-55.09,-64.36,-61.01,-66.43,-44.73,-48.10,-51.48,-47.69,-46.99,-57.18,-56.91,-51.70,-63.32,-57.85,-46.91,-55.01,2026-06-20 07:52:03+00:00
2026-06-20T07:53:04+00:00,-48.11,-56.16,-65.00,-60.70,-66.73,-44.66,-47.94,-51.66,-47.97,-46.90,-53.75,-57.31,-49.52,-63.28,-58.06,-46.77,-54.82,2026-06-20 07:53:04+00:00
2026-06-20T07:54:04+00:00,-48.05,-55.92,-64.99,-60.84,-66.96,-44.57,-48.55,-51.65,-47.88,-46.92,-54.98,-57.28,-49.11,-63.30,-58.19,-46.70,-54.87,2026-06-20 07:54:04+00:00
2026-06-20T07:55:03+00:00,-47.57,-56.29,-64.76,-60.56,-65.90,-44.85,-48.72,-51.50,-46.75,-46.72,-54.27,-57.34,-49.00,-63.61,-57.74,-46.82,-54.58,2026-06-20 07:55:03+00:00
2026-06-20T07:56:03+00:00,-47.56,-56.71,-64.79,-60.72,-66.38,-44.65,-48.26,-51.63,-47.12,-46.80,-53.91,-57.56,-49.03,-63.70,-57.77,-47.00,-54.88,2026-06-20 07:56:03+00:00
2026-06-20T07:57:04+00:00,-47.56,-56.37,-64.88,-60.61,-65.19,-44.78,-48.58,-51.56,-47.25,-46.99,-53.56,-57.32,-49.03,-63.62,-57.83,-46.72,-54.71,2026-06-20 07:57:04+00:00
2026-06-20T07:58:04+00:00,-47.29,-55.99,-64.86,-60.88,-65.43,-44.92,-48.85,-51.54,-46.91,-46.99,-52.85,-57.49,-48.92,-63.79,-57.68,-46.93,-54.83,2026-06-20 07:58:04+00:00
2026-06-20T07:59:03+00:00,-47.15,-55.79,-64.72,-56.44,-65.62,-44.09,-48.43,-51.47,-46.45,-46.93,-52.49,-57.49,-48.96,-63.72,-59.40,-47.23,-54.74,2026-06-20 07:59:03+00:00
2026-06-20T08:00:04+00:00,-47.23,-56.20,-64.83,-55.98,-65.69,-43.95,-48.78,-51.52,-46.82,-46.79,-52.48,-57.86,-49.03,-63.60,-59.48,-47.20,-55.28,2026-06-20 08:00:04+00:00
2026-06-20T08:01:04+00:00,-47.91,-56.14,-64.93,-55.52,-66.00,-44.10,-49.01,-51.52,-47.06,-46.69,-52.14,-57.96,-48.96,-63.48,-59.51,-47.08,-54.87,2026-06-20 08:01:04+00:00
2026-06-20T08:02:03+00:00,-47.45,-56.68,-64.88,-56.73,-66.08,-43.92,-48.40,-51.50,-46.83,-46.72,-50.93,-57.80,-48.94,-63.65,-59.53,-47.43,-54.97,2026-06-20 08:02:03+00:00
2026-06-20T08:03:04+00:00,-47.80,-56.75,-64.16,-56.58,-66.08,-44.04,-48.53,-51.55,-47.10,-46.10,-51.01,-57.69,-49.06,-63.34,-59.54,-47.60,-54.98,2026-06-20 08:03:04+00:00
2026-06-20T08:04:03+00:00,-47.72,-56.93,-64.99,-56.55,-66.67,-43.97,-48.45,-51.58,-47.21,-46.18,-50.81,-57.10,-49.22,-63.43,-59.55,-47.20,-54.75,2026-06-20 08:04:03+00:00
2026-06-20T08:05:03+00:00,-47.46,-57.47,-64.95,-56.09,-66.62,-43.87,-48.76,-51.59,-47.33,-46.04,-51.02,-56.90,-49.30,-63.00,-59.25,-47.54,-54.94,2026-06-20 08:05:03+00:00
2026-06-20T08:06:04+00:00,-47.25,-56.47,-64.53,-56.07,-65.93,-44.18,-48.56,-51.72,-46.91,-46.00,-50.78,-57.06,-49.31,-63.37,-59.20,-47.46,-54.84,2026-06-20 08:06:04+00:00
2026-06-20T08:07:04+00:00,-47.29,-56.41,-64.25,-57.56,-66.78,-44.24,-48.92,-51.63,-47.14,-46.05,-50.20,-57.19,-49.31,-63.02,-59.81,-47.39,-54.03,2026-06-20 08:07:04+00:00
2026-06-20T08:08:03+00:00,-47.64,-56.55,-64.19,-56.27,-66.82,-44.12,-48.45,-51.60,-46.87,-45.97,-50.13,-57.30,-49.33,-62.82,-59.50,-47.19,-55.16,2026-06-20 08:08:03+00:00
2026-06-20T08:09:04+00:00,-47.93,-56.52,-63.34,-56.29,-66.60,-44.09,-48.88,-51.61,-46.55,-45.62,-49.88,-57.16,-49.38,-62.59,-59.21,-46.95,-54.84,2026-06-20 08:09:04+00:00
2026-06-20T08:10:04+00:00,-47.36,-55.86,-63.74,-56.66,-66.20,-44.06,-48.80,-51.58,-47.49,-45.79,-49.92,-57.06,-49.55,-62.04,-59.30,-47.16,-55.00,2026-06-20 08:10:04+00:00
2026-06-20T08:11:03+00:00,-46.29,-55.78,-63.71,-55.53,-66.37,-44.23,-48.81,-51.61,-47.23,-45.64,-49.83,-56.44,-49.65,-61.39,-59.27,-47.42,-54.77,2026-06-20 08:11:03+00:00
2026-06-20T08:12:04+00:00,-46.37,-55.84,-63.43,-56.80,-66.22,-44.01,-48.95,-51.55,-47.24,-45.66,-49.95,-56.39,-49.62,-61.33,-59.32,-47.47,-54.98,2026-06-20 08:12:04+00:00
2026-06-20T08:13:04+00:00,-46.56,-56.92,-63.48,-56.87,-65.67,-44.07,-48.51,-51.54,-47.61,-45.58,-50.03,-56.39,-49.83,-61.03,-59.23,-47.52,-54.76,2026-06-20 08:13:04+00:00
2026-06-20T08:14:03+00:00,-46.79,-56.55,-63.59,-56.60,-65.95,-44.25,-48.45,-51.54,-47.57,-45.55,-49.75,-56.09,-51.29,-60.92,-59.68,-47.71,-55.03,2026-06-20 08:14:03+00:00
2026-06-20T08:15:04+00:00,-46.70,-57.06,-63.56,-57.60,-65.45,-44.12,-48.61,-51.58,-47.37,-45.51,-49.57,-55.75,-51.21,-60.83,-59.22,-47.60,-54.89,2026-06-20 08:15:04+00:00
2026-06-20T08:16:04+00:00,-46.17,-56.38,-63.43,-56.29,-65.36,-44.34,-48.70,-51.58,-47.52,-45.34,-49.50,-55.87,-49.94,-60.40,-58.87,-47.64,-54.96,2026-06-20 08:16:04+00:00
2026-06-20T08:17:03+00:00,-46.60,-56.14,-63.47,-56.10,-66.86,-44.34,-48.99,-51.56,-47.08,-45.34,-49.49,-55.97,-50.13,-60.59,-58.73,-47.59,-55.10,2026-06-20 08:17:03+00:00
2026-06-20T08:18:03+00:00,-46.39,-56.80,-65.06,-56.95,-66.48,-44.16,-48.70,-51.61,-46.90,-45.27,-49.58,-55.76,-50.14,-60.60,-59.00,-47.79,-55.24,2026-06-20 08:18:03+00:00
2026-06-20T08:19:04+00:00,-46.52,-56.35,-64.87,-56.24,-66.41,-44.15,-48.61,-51.59,-47.02,-45.24,-49.42,-55.85,-50.40,-60.34,-58.89,-47.71,-54.81,2026-06-20 08:19:04+00:00
2026-06-20T08:20:03+00:00,-46.98,-56.13,-65.06,-56.99,-66.67,-44.22,-48.73,-51.58,-47.25,-45.33,-49.50,-55.60,-50.31,-60.54,-59.15,-47.97,-54.48,2026-06-20 08:20:03+00:00
2026-06-20T08:21:03+00:00,-46.01,-56.99,-64.83,-57.05,-67.15,-44.24,-48.51,-51.57,-46.94,-45.25,-49.62,-55.45,-50.41,-60.48,-59.14,-48.21,-54.99,2026-06-20 08:21:03+00:00
2026-06-20T08:22:04+00:00,-46.82,-56.45,-64.75,-55.45,-66.48,-44.09,-48.37,-51.54,-47.70,-45.25,-49.38,-55.72,-50.58,-60.43,-58.95,-48.11,-54.91,2026-06-20 08:22:04+00:00
2026-06-20T08:23:03+00:00,-47.11,-57.38,-64.98,-56.11,-65.96,-44.15,-48.68,-51.56,-46.98,-45.06,-49.43,-55.61,-50.64,-60.09,-58.98,-48.17,-55.04,2026-06-20 08:23:03+00:00
2026-06-20T08:24:03+00:00,-46.90,-57.32,-65.07,-56.40,-66.03,-44.07,-48.68,-51.61,-47.98,-44.77,-49.31,-55.71,-50.64,-60.25,-59.05,-48.53,-54.87,2026-06-20 08:24:03+00:00
2026-06-20T08:25:04+00:00,-46.52,-56.49,-65.01,-56.17,-66.72,-44.12,-48.87,-51.70,-46.68,-45.01,-49.57,-55.77,-50.59,-59.98,-59.26,-48.54,-54.34,2026-06-20 08:25:04+00:00
2026-06-20T08:26:03+00:00,-47.91,-56.77,-64.95,-56.18,-66.84,-44.36,-48.54,-51.61,-47.19,-44.79,-49.42,-55.93,-50.70,-59.97,-59.05,-48.58,-54.84,2026-06-20 08:26:03+00:00
2026-06-20T08:27:03+00:00,-48.03,-56.61,-64.85,-55.68,-66.11,-44.25,-48.25,-51.24,-47.17,-45.06,-49.58,-55.84,-50.77,-59.76,-58.89,-48.55,-54.09,2026-06-20 08:27:03+00:00
2026-06-20T08:28:04+00:00,-47.33,-56.58,-64.96,-56.21,-65.73,-44.25,-48.15,-51.16,-48.18,-44.77,-49.59,-56.02,-50.83,-59.60,-58.65,-48.61,-54.03,2026-06-20 08:28:04+00:00
2026-06-20T08:29:04+00:00,-46.50,-56.09,-64.82,-55.89,-66.35,-44.23,-48.42,-51.20,-48.62,-44.96,-50.62,-56.14,-50.82,-59.35,-58.65,-48.75,-54.33,2026-06-20 08:29:04+00:00
2026-06-20T08:30:03+00:00,-46.73,-55.96,-64.84,-56.09,-66.15,-44.18,-48.20,-51.22,-46.63,-45.25,-51.63,-56.16,-51.00,-59.28,-58.76,-48.87,-54.03,2026-06-20 08:30:03+00:00
2026-06-20T08:31:03+00:00,-46.99,-56.19,-64.87,-55.94,-65.77,-44.29,-48.17,-51.24,-47.85,-45.69,-52.43,-56.03,-51.10,-59.11,-58.78,-48.83,-54.65,2026-06-20 08:31:03+00:00
2026-06-20T08:32:03+00:00,-47.28,-56.15,-64.84,-55.52,-66.37,-44.15,-48.32,-51.27,-46.45,-45.69,-52.10,-56.03,-51.10,-59.15,-58.71,-49.11,-54.82,2026-06-20 08:32:03+00:00
2026-06-20T08:33:04+00:00,-47.84,-57.10,-64.98,-55.97,-66.79,-44.40,-48.38,-51.31,-49.57,-45.69,-51.45,-56.18,-50.94,-59.14,-58.59,-49.28,-53.88,2026-06-20 08:33:04+00:00
2026-06-20T08:34:04+00:00,-47.70,-56.98,-64.71,-55.33,-65.86,-44.29,-48.24,-51.32,-47.42,-45.53,-52.26,-56.09,-51.03,-59.26,-58.76,-49.58,-53.86,2026-06-20 08:34:04+00:00
2026-06-20T08:35:03+00:00,-47.64,-56.85,-63.20,-56.18,-66.11,-44.15,-48.01,-51.24,-47.46,-45.55,-52.22,-56.07,-50.90,-59.19,-58.88,-49.25,-53.87,2026-06-20 08:35:03+00:00
2026-06-20T08:36:04+00:00,-47.06,-57.38,-64.25,-56.25,-65.90,-44.21,-48.49,-51.21,-46.34,-45.49,-52.35,-56.34,-50.90,-59.33,-58.03,-49.85,-57.42,2026-06-20 08:36:04+00:00
2026-06-20T08:37:03+00:00,-46.90,-56.84,-63.04,-57.14,-65.78,-44.37,-48.37,-51.27,-48.66,-45.53,-52.18,-56.38,-50.89,-58.87,-58.07,-49.99,-57.56,2026-06-20 08:37:03+00:00
2026-06-20T08:38:03+00:00,-46.87,-57.18,-64.11,-56.55,-66.78,-44.21,-48.68,-51.28,-49.00,-45.54,-52.38,-56.54,-50.87,-59.02,-57.70,-50.07,-57.81,2026-06-20 08:38:03+00:00
2026-06-20T08:39:04+00:00,-46.89,-56.87,-65.01,-57.26,-66.64,-44.90,-48.72,-51.33,-45.78,-45.47,-52.18,-56.71,-50.96,-59.23,-57.94,-50.08,-57.83,2026-06-20 08:39:04+00:00
2026-06-20T08:40:03+00:00,-46.54,-55.71,-64.58,-56.36,-65.71,-47.97,-48.99,-51.51,-47.87,-45.62,-52.16,-58.91,-51.06,-58.90,-53.79,-50.49,-57.51,2026-06-20 08:40:03+00:00
2026-06-20T08:41:03+00:00,-47.20,-56.70,-64.82,-56.86,-65.53,-48.18,-48.17,-51.37,-46.46,-45.56,-52.17,-59.04,-51.01,-59.02,-53.76,-50.66,-57.72,2026-06-20 08:41:03+00:00
2026-06-20T08:42:04+00:00,-47.52,-56.44,-64.72,-56.74,-66.05,-48.11,-48.50,-51.41,-45.94,-45.39,-52.24,-58.66,-50.80,-58.85,-53.86,-50.88,-57.76,2026-06-20 08:42:04+00:00
2026-06-20T08:43:03+00:00,-47.03,-57.46,-65.03,-57.13,-66.86,-48.05,-48.58,-51.45,-46.27,-45.57,-52.18,-58.91,-50.88,-58.65,-53.62,-50.70,-57.73,2026-06-20 08:43:03+00:00
2026-06-20T08:44:03+00:00,-46.71,-57.04,-65.10,-56.13,-65.02,-48.34,-48.58,-51.49,-46.64,-45.46,-52.30,-59.19,-50.87,-58.50,-55.42,-51.14,-57.64,2026-06-20 08:44:03+00:00
2026-06-20T08:45:04+00:00,-47.26,-56.80,-64.93,-56.34,-65.47,-48.03,-48.35,-51.48,-47.05,-45.40,-52.22,-60.60,-51.06,-58.51,-59.47,-51.14,-57.43,2026-06-20 08:45:04+00:00
2026-06-20T08:46:03+00:00,-46.54,-56.65,-65.02,-56.31,-65.59,-47.94,-48.45,-51.53,-46.35,-45.69,-52.02,-61.07,-51.10,-58.44,-58.95,-51.40,-57.68,2026-06-20 08:46:03+00:00
2026-06-20T08:47:03+00:00,-47.26,-57.12,-64.81,-57.08,-66.43,-48.08,-48.25,-51.38,-46.01,-45.56,-52.14,-60.90,-51.12,-58.31,-59.64,-51.42,-57.61,2026-06-20 08:47:03+00:00
2026-06-20T08:48:03+00:00,-46.67,-56.98,-64.73,-56.60,-66.05,-48.00,-48.30,-51.40,-46.68,-45.62,-52.25,-61.03,-51.19,-58.08,-59.29,-51.99,-57.86,2026-06-20 08:48:03+00:00
2026-06-20T08:49:04+00:00,-46.92,-56.96,-65.04,-57.27,-66.50,-48.07,-48.63,-51.22,-46.89,-45.61,-52.22,-62.01,-51.14,-58.07,-59.44,-52.14,-58.05,2026-06-20 08:49:04+00:00
2026-06-20T08:50:03+00:00,-46.64,-56.62,-64.99,-56.86,-66.37,-47.88,-48.25,-51.24,-47.98,-45.63,-52.17,-62.03,-51.24,-58.27,-59.61,-52.09,-57.88,2026-06-20 08:50:03+00:00
2026-06-20T08:51:03+00:00,-47.11,-56.48,-64.84,-57.37,-67.13,-48.04,-48.84,-51.22,-46.13,-45.56,-52.29,-61.96,-51.20,-57.99,-59.49,-52.36,-56.95,2026-06-20 08:51:03+00:00
2026-06-20T08:52:04+00:00,-46.66,-56.56,-64.69,-56.97,-65.75,-48.08,-48.76,-51.21,-47.45,-45.63,-52.27,-62.03,-51.28,-58.11,-59.39,-51.70,-58.24,2026-06-20 08:52:04+00:00
2026-06-20T08:53:03+00:00,-46.65,-57.08,-65.14,-57.35,-66.95,-47.98,-48.58,-51.23,-46.92,-45.68,-52.36,-62.02,-51.14,-57.84,-59.59,-51.86,-57.93,2026-06-20 08:53:03+00:00
2026-06-20T08:54:03+00:00,-46.63,-56.73,-65.01,-56.83,-65.90,-47.92,-48.62,-51.21,-47.56,-45.78,-52.02,-62.17,-51.17,-57.73,-59.63,-51.88,-58.09,2026-06-20 08:54:03+00:00
2026-06-20T08:55:04+00:00,-47.02,-56.61,-64.91,-56.23,-66.37,-48.09,-48.73,-51.25,-48.81,-45.74,-51.89,-61.92,-51.10,-57.86,-59.79,-51.42,-58.02,2026-06-20 08:55:04+00:00
2026-06-20T08:56:04+00:00,-45.67,-57.39,-65.29,-57.15,-65.98,-47.96,-48.42,-51.32,-48.69,-45.64,-51.90,-62.05,-51.13,-57.63,-59.76,-50.99,-57.92,2026-06-20 08:56:04+00:00
2026-06-20T08:57:03+00:00,-45.51,-57.91,-64.91,-56.93,-66.12,-48.09,-48.43,-51.32,-48.35,-45.61,-51.78,-61.96,-51.03,-57.85,-60.10,-50.71,-57.92,2026-06-20 08:57:03+00:00
2026-06-20T08:58:03+00:00,-45.65,-57.11,-65.07,-59.84,-65.41,-50.85,-48.72,-51.35,-48.84,-45.67,-51.74,-61.95,-51.13,-57.72,-60.01,-51.07,-57.95,2026-06-20 08:58:03+00:00
2026-06-20T08:59:04+00:00,-45.63,-57.29,-65.08,-56.87,-67.25,-48.31,-48.77,-51.33,-48.79,-45.64,-51.37,-61.79,-51.11,-57.47,-58.62,-50.96,-58.06,2026-06-20 08:59:04+00:00
2026-06-20T09:00:04+00:00,-45.18,-57.12,-65.23,-56.48,-65.98,-48.05,-48.23,-51.28,-48.15,-45.64,-51.67,-61.48,-51.13,-57.41,-59.58,-50.98,-57.60,2026-06-20 09:00:04+00:00
2026-06-20T09:01:03+00:00,-45.14,-57.67,-65.05,-57.55,-65.99,-47.22,-48.52,-51.33,-48.78,-45.77,-51.87,-62.13,-51.08,-57.38,-58.90,-50.77,-57.90,2026-06-20 09:01:03+00:00
2026-06-20T09:02:03+00:00,-45.18,-56.72,-65.05,-56.62,-65.90,-47.17,-48.31,-51.30,-48.52,-45.53,-50.86,-62.21,-51.11,-57.48,-59.34,-50.20,-58.29,2026-06-20 09:02:03+00:00
2026-06-20T09:03:04+00:00,-45.87,-57.33,-64.97,-56.17,-65.70,-43.93,-48.70,-51.36,-48.68,-45.68,-51.65,-62.19,-51.10,-57.13,-59.49,-50.32,-57.93,2026-06-20 09:03:04+00:00
2026-06-20T09:04:04+00:00,-45.39,-57.46,-64.87,-55.47,-66.59,-43.97,-48.67,-51.32,-48.35,-45.75,-51.63,-62.06,-51.08,-57.23,-59.69,-50.56,-58.19,2026-06-20 09:04:04+00:00
2026-06-20T09:05:03+00:00,-45.31,-57.36,-64.98,-54.61,-67.51,-44.02,-48.90,-51.31,-48.37,-45.55,-51.69,-61.52,-51.12,-56.93,-59.72,-50.50,-57.80,2026-06-20 09:05:03+00:00
2026-06-20T09:06:03+00:00,-45.37,-57.47,-65.06,-55.12,-66.98,-44.02,-48.50,-51.36,-48.23,-45.49,-51.49,-61.36,-51.05,-56.93,-59.99,-50.33,-57.98,2026-06-20 09:06:03+00:00
2026-06-20T09:07:03+00:00,-45.17,-57.35,-65.06,-55.38,-66.30,-44.07,-48.33,-51.31,-48.42,-45.52,-51.69,-61.20,-51.00,-56.76,-59.50,-50.49,-58.28,2026-06-20 09:07:03+00:00
2026-06-20T09:08:04+00:00,-45.23,-57.19,-64.93,-55.75,-65.31,-44.19,-48.68,-51.33,-48.12,-45.71,-50.84,-61.99,-51.06,-56.91,-59.20,-50.20,-58.16,2026-06-20 09:08:04+00:00
2026-06-20T09:09:04+00:00,-45.59,-56.96,-64.90,-56.02,-66.58,-44.19,-48.53,-51.31,-48.27,-45.33,-51.42,-62.02,-50.96,-56.65,-59.41,-50.08,-58.17,2026-06-20 09:09:04+00:00
2026-06-20T09:10:03+00:00,-45.48,-56.96,-64.83,-60.58,-66.31,-45.16,-48.41,-51.39,-48.75,-45.19,-51.29,-62.54,-50.99,-56.50,-57.70,-50.05,-57.86,2026-06-20 09:10:03+00:00
2026-06-20T09:11:04+00:00,-46.00,-56.96,-65.16,-60.85,-65.47,-45.22,-48.51,-51.44,-48.54,-45.22,-51.22,-62.35,-50.96,-56.78,-57.77,-49.83,-57.78,2026-06-20 09:11:04+00:00
2026-06-20T09:12:03+00:00,-46.28,-56.68,-64.88,-60.63,-66.71,-45.25,-48.59,-51.41,-48.28,-45.26,-51.43,-62.48,-51.04,-56.77,-57.76,-49.59,-58.08,2026-06-20 09:12:03+00:00
2026-06-20T09:13:03+00:00,-46.35,-56.65,-64.82,-60.95,-66.90,-45.32,-48.36,-51.66,-48.11,-45.37,-51.38,-62.28,-51.03,-56.68,-57.99,-49.56,-57.94,2026-06-20 09:13:03+00:00
2026-06-20T09:14:04+00:00,-46.42,-57.33,-64.91,-60.88,-65.58,-45.33,-48.66,-51.65,-48.51,-45.25,-51.52,-62.38,-51.09,-56.65,-58.03,-48.89,-57.80,2026-06-20 09:14:04+00:00
2026-06-20T09:15:03+00:00,-47.21,-57.56,-65.08,-61.31,-66.27,-45.41,-48.47,-51.66,-48.25,-45.30,-50.89,-62.34,-51.05,-56.62,-57.66,-49.35,-57.96,2026-06-20 09:15:03+00:00
2026-06-20T09:16:03+00:00,-47.65,-57.53,-65.16,-60.91,-66.60,-45.44,-48.56,-51.74,-48.69,-45.17,-50.89,-62.33,-51.11,-56.50,-57.87,-49.47,-58.03,2026-06-20 09:16:03+00:00
2026-06-20T09:17:04+00:00,-47.31,-57.30,-65.28,-61.03,-65.89,-45.56,-48.51,-51.77,-48.58,-45.16,-51.49,-62.13,-51.12,-56.69,-57.78,-48.99,-57.75,2026-06-20 09:17:04+00:00
2026-06-20T09:18:03+00:00,-47.22,-56.98,-65.01,-60.86,-66.14,-45.48,-48.35,-51.77,-48.43,-45.12,-51.48,-61.89,-51.11,-56.61,-57.75,-48.80,-57.74,2026-06-20 09:18:03+00:00
2026-06-20T09:19:03+00:00,-47.46,-57.61,-65.48,-60.81,-65.24,-45.39,-48.28,-51.69,-48.86,-45.37,-51.38,-61.50,-51.19,-56.52,-57.77,-48.63,-57.96,2026-06-20 09:19:03+00:00
2026-06-20T09:20:04+00:00,-47.80,-56.75,-65.42,-60.85,-66.09,-45.50,-48.05,-51.79,-48.63,-45.28,-51.39,-61.44,-51.16,-56.53,-57.80,-48.71,-57.89,2026-06-20 09:20:04+00:00
2026-06-20T09:21:04+00:00,-47.43,-56.36,-65.55,-61.10,-66.30,-45.59,-48.46,-51.70,-47.95,-45.21,-51.39,-61.12,-51.18,-56.17,-57.75,-48.69,-57.75,2026-06-20 09:21:04+00:00
2026-06-20T09:22:03+00:00,-46.34,-56.88,-65.52,-60.33,-65.49,-45.69,-48.18,-51.78,-48.29,-45.37,-51.47,-61.29,-51.22,-56.00,-57.51,-48.72,-57.64,2026-06-20 09:22:03+00:00
2026-06-20T09:23:04+00:00,-46.25,-56.67,-65.49,-60.78,-66.70,-45.48,-48.96,-51.79,-48.26,-45.29,-51.43,-61.24,-51.29,-55.86,-57.57,-48.96,-57.46,2026-06-20 09:23:04+00:00
2026-06-20T09:24:04+00:00,-46.48,-56.87,-65.27,-60.61,-65.27,-45.63,-48.44,-51.71,-47.47,-45.30,-51.33,-60.98,-51.27,-55.88,-57.99,-49.05,-57.48,2026-06-20 09:24:04+00:00
2026-06-20T09:25:03+00:00,-46.98,-57.48,-65.54,-60.98,-65.97,-45.67,-48.35,-51.68,-47.40,-45.31,-51.36,-60.94,-51.28,-55.82,-57.88,-49.10,-57.56,2026-06-20 09:25:03+00:00
2026-06-20T09:26:04+00:00,-46.13,-57.14,-65.44,-60.96,-66.51,-45.40,-48.50,-51.64,-47.33,-45.31,-51.21,-60.70,-51.29,-55.67,-57.86,-49.29,-57.60,2026-06-20 09:26:04+00:00
2026-06-20T09:27:04+00:00,-45.92,-57.13,-65.24,-60.87,-66.19,-45.54,-48.49,-51.79,-47.40,-45.14,-51.12,-60.84,-51.30,-55.22,-57.85,-49.20,-57.46,2026-06-20 09:27:04+00:00
2026-06-20T09:28:03+00:00,-46.09,-57.53,-65.36,-60.68,-66.90,-45.54,-48.34,-51.65,-47.29,-45.23,-51.05,-61.07,-51.36,-55.19,-57.95,-49.66,-57.66,2026-06-20 09:28:03+00:00
2026-06-20T09:29:03+00:00,-46.47,-57.77,-65.51,-60.98,-66.47,-45.88,-48.26,-51.74,-47.65,-45.05,-51.07,-61.13,-51.31,-55.20,-57.58,-49.69,-57.53,2026-06-20 09:29:03+00:00
2026-06-20T09:30:04+00:00,-46.28,-57.28,-65.55,-60.98,-65.69,-45.64,-48.38,-51.68,-47.56,-44.97,-50.95,-60.86,-51.29,-55.00,-57.71,-49.64,-57.43,2026-06-20 09:30:04+00:00
2026-06-20T09:31:04+00:00,-46.47,-57.51,-65.27,-61.05,-67.20,-45.69,-48.52,-51.55,-47.32,-44.98,-50.83,-60.92,-51.23,-54.82,-58.17,-50.14,-57.03,2026-06-20 09:31:04+00:00
2026-06-20T09:32:04+00:00,-46.54,-56.66,-65.36,-60.95,-67.18,-45.64,-48.21,-51.62,-47.59,-44.82,-50.78,-60.45,-51.20,-54.71,-57.64,-50.19,-57.55,2026-06-20 09:32:04+00:00
2026-06-20T09:33:03+00:00,-46.40,-56.29,-65.35,-60.63,-65.66,-45.64,-48.31,-51.62,-47.36,-45.09,-50.70,-59.36,-51.17,-54.26,-57.93,-50.23,-57.06,2026-06-20 09:33:03+00:00
2026-06-20T09:34:04+00:00,-46.59,-57.16,-65.07,-60.84,-66.55,-46.03,-48.26,-51.59,-47.32,-45.00,-50.73,-59.96,-51.22,-54.08,-57.57,-50.86,-57.36,2026-06-20 09:34:04+00:00
2026-06-20T09:35:04+00:00,-46.70,-56.69,-65.19,-60.68,-66.47,-45.90,-48.32,-51.62,-47.56,-44.94,-50.73,-59.94,-51.29,-53.87,-58.03,-51.37,-55.85,2026-06-20 09:35:04+00:00
2026-06-20T09:36:03+00:00,-46.72,-57.23,-64.37,-60.97,-67.07,-46.19,-48.24,-51.60,-47.64,-45.11,-50.66,-59.61,-51.23,-53.98,-58.26,-51.27,-56.01,2026-06-20 09:36:03+00:00
2026-06-20T09:37:04+00:00,-46.05,-56.89,-65.02,-60.77,-66.14,-45.98,-48.13,-51.64,-47.57,-44.88,-50.55,-60.13,-51.38,-53.82,-57.67,-52.00,-57.22,2026-06-20 09:37:04+00:00
2026-06-20T09:38:04+00:00,-46.31,-57.00,-65.01,-60.82,-66.51,-46.18,-48.19,-51.60,-47.63,-44.87,-50.70,-59.73,-51.38,-53.42,-57.68,-51.86,-57.19,2026-06-20 09:38:04+00:00
2026-06-20T09:39:03+00:00,-46.39,-56.70,-64.92,-60.77,-66.17,-46.37,-48.40,-51.65,-48.65,-45.00,-50.21,-59.72,-51.33,-53.23,-57.75,-52.00,-56.00,2026-06-20 09:39:03+00:00
2026-06-20T09:40:04+00:00,-46.31,-57.02,-64.95,-60.79,-65.11,-46.09,-48.42,-51.68,-48.64,-44.96,-50.52,-60.07,-51.35,-52.95,-57.66,-52.48,-57.14,2026-06-20 09:40:04+00:00
2026-06-20T09:41:04+00:00,-46.45,-56.85,-65.15,-60.93,-66.18,-48.67,-48.50,-51.64,-48.70,-44.79,-50.58,-60.57,-51.19,-52.63,-57.84,-51.94,-57.28,2026-06-20 09:41:04+00:00
2026-06-20T09:42:03+00:00,-46.66,-56.78,-65.22,-60.56,-66.38,-51.47,-48.50,-51.62,-49.17,-44.89,-50.41,-60.29,-51.25,-52.55,-57.67,-51.71,-57.33,2026-06-20 09:42:03+00:00
2026-06-20T09:43:04+00:00,-46.62,-56.67,-65.68,-60.63,-65.37,-51.47,-48.19,-51.64,-48.70,-44.86,-50.40,-60.11,-51.24,-52.24,-57.92,-51.35,-57.58,2026-06-20 09:43:04+00:00
2026-06-20T09:44:04+00:00,-46.39,-56.63,-65.25,-53.95,-65.72,-47.94,-48.15,-51.56,-48.73,-45.00,-49.80,-59.94,-51.23,-52.15,-59.71,-51.06,-57.48,2026-06-20 09:44:04+00:00
2026-06-20T09:45:03+00:00,-46.67,-57.15,-65.06,-53.74,-66.45,-48.02,-48.05,-51.57,-48.66,-44.72,-50.27,-59.75,-51.36,-51.93,-59.49,-50.79,-52.55,2026-06-20 09:45:03+00:00
2026-06-20T09:46:03+00:00,-46.13,-57.08,-63.98,-53.80,-67.13,-48.14,-48.34,-51.55,-48.74,-44.72,-50.12,-59.85,-51.31,-51.74,-59.67,-50.59,-52.71,2026-06-20 09:46:03+00:00
2026-06-20T09:47:04+00:00,-46.44,-58.10,-65.38,-55.20,-66.63,-48.15,-48.50,-51.51,-48.71,-44.88,-50.17,-59.81,-51.31,-51.72,-59.40,-50.74,-54.04,2026-06-20 09:47:04+00:00
2026-06-20T09:48:03+00:00,-46.47,-57.45,-65.30,-54.83,-65.83,-47.97,-48.51,-51.48,-48.72,-45.02,-50.26,-59.79,-51.36,-51.70,-59.50,-50.10,-52.80,2026-06-20 09:48:03+00:00
2026-06-20T09:49:03+00:00,-46.02,-57.95,-65.49,-56.05,-66.13,-48.32,-48.56,-51.52,-48.70,-45.01,-50.20,-59.84,-51.21,-51.61,-59.73,-49.97,-52.69,2026-06-20 09:49:03+00:00
2026-06-20T09:50:04+00:00,-46.13,-57.68,-65.34,-56.06,-66.46,-48.22,-48.61,-51.48,-48.63,-44.90,-49.97,-59.53,-51.25,-51.51,-59.50,-50.44,-52.55,2026-06-20 09:50:04+00:00
2026-06-20T09:51:03+00:00,-45.92,-56.67,-65.19,-55.51,-66.18,-48.16,-48.70,-51.56,-48.65,-45.03,-49.42,-59.50,-51.19,-51.46,-59.58,-50.00,-57.51,2026-06-20 09:51:03+00:00
2026-06-20T09:52:03+00:00,-46.14,-58.13,-64.88,-56.17,-66.27,-48.13,-48.53,-51.55,-48.57,-45.03,-49.85,-59.70,-51.31,-51.30,-59.54,-50.10,-52.71,2026-06-20 09:52:03+00:00
2026-06-20T09:53:04+00:00,-45.82,-58.14,-64.61,-54.71,-66.29,-48.30,-48.25,-51.56,-47.88,-45.27,-49.64,-59.47,-51.23,-51.39,-59.78,-49.94,-52.66,2026-06-20 09:53:04+00:00
2026-06-20T09:54:04+00:00,-46.31,-58.24,-64.65,-55.03,-65.90,-48.25,-48.49,-51.56,-47.81,-45.17,-49.42,-59.23,-51.29,-51.17,-59.97,-49.46,-52.68,2026-06-20 09:54:04+00:00
2026-06-20T09:55:03+00:00,-46.33,-58.72,-64.94,-56.15,-65.76,-48.34,-48.35,-51.57,-47.97,-45.21,-49.42,-59.05,-51.20,-51.09,-59.52,-49.74,-52.72,2026-06-20 09:55:03+00:00
2026-06-20T09:56:04+00:00,-46.46,-58.38,-64.77,-55.84,-66.37,-48.29,-47.95,-51.62,-47.88,-44.92,-49.49,-58.94,-51.21,-51.17,-59.84,-49.78,-52.62,2026-06-20 09:56:04+00:00
2026-06-20T09:57:04+00:00,-46.29,-58.88,-64.83,-56.77,-66.95,-48.14,-48.23,-51.66,-47.84,-45.06,-49.39,-59.03,-51.19,-51.11,-59.72,-49.78,-57.70,2026-06-20 09:57:04+00:00
2026-06-20T09:58:03+00:00,-46.26,-58.65,-64.57,-56.52,-65.53,-48.30,-48.56,-51.68,-47.79,-45.04,-49.34,-59.14,-51.15,-50.93,-59.49,-49.99,-52.68,2026-06-20 09:58:03+00:00
2026-06-20T09:59:04+00:00,-46.19,-58.45,-64.59,-56.81,-66.10,-48.59,-48.53,-51.54,-48.01,-45.13,-49.27,-59.28,-51.12,-50.94,-59.32,-49.86,-57.57,2026-06-20 09:59:04+00:00
2026-06-20T10:00:04+00:00,-46.23,-58.95,-64.57,-56.65,-66.71,-48.26,-48.35,-51.65,-48.24,-45.04,-49.14,-58.84,-51.00,-51.00,-58.10,-50.09,-53.44,2026-06-20 10:00:04+00:00
2026-06-20T10:01:04+00:00,-46.39,-57.81,-64.68,-55.85,-66.12,-48.58,-48.37,-51.59,-48.15,-44.95,-49.24,-59.35,-51.13,-50.86,-59.68,-50.70,-52.86,2026-06-20 10:01:04+00:00
2026-06-20T10:02:03+00:00,-46.15,-58.46,-64.60,-55.27,-66.41,-48.29,-48.52,-51.33,-48.12,-44.79,-49.25,-59.19,-51.15,-50.83,-58.95,-50.64,-52.77,2026-06-20 10:02:03+00:00
2026-06-20T10:03:04+00:00,-46.33,-57.97,-64.96,-57.45,-65.65,-48.24,-48.61,-51.46,-48.04,-44.85,-49.25,-59.18,-51.15,-50.86,-59.01,-51.01,-52.70,2026-06-20 10:03:04+00:00
2026-06-20T10:04:03+00:00,-46.50,-57.61,-64.51,-56.96,-65.74,-48.26,-48.39,-51.44,-47.95,-44.89,-49.18,-59.83,-51.28,-50.81,-58.37,-51.14,-53.89,2026-06-20 10:04:03+00:00
2026-06-20T10:05:03+00:00,-46.39,-58.31,-64.64,-57.05,-67.02,-48.33,-48.40,-51.46,-47.75,-44.98,-48.68,-60.41,-51.34,-50.79,-58.11,-51.21,-56.81,2026-06-20 10:05:03+00:00
2026-06-20T10:06:04+00:00,-46.56,-58.63,-64.60,-56.57,-67.10,-48.28,-48.30,-51.46,-47.82,-44.63,-48.93,-60.69,-51.15,-50.75,-58.20,-51.28,-57.65,2026-06-20 10:06:04+00:00
2026-06-20T10:07:03+00:00,-46.66,-58.72,-64.11,-56.64,-65.67,-48.41,-48.66,-51.48,-47.81,-44.70,-48.72,-60.65,-51.18,-50.58,-58.06,-51.95,-54.81,2026-06-20 10:07:03+00:00
2026-06-20T10:08:04+00:00,-46.39,-58.81,-65.28,-56.33,-66.21,-48.17,-48.69,-51.52,-48.34,-44.63,-48.90,-60.70,-51.05,-50.62,-58.30,-52.20,-57.90,2026-06-20 10:08:04+00:00
2026-06-20T10:09:04+00:00,-46.55,-59.02,-65.13,-56.26,-66.15,-48.14,-48.79,-51.40,-47.32,-44.66,-48.76,-60.93,-51.02,-50.74,-59.39,-52.79,-57.84,2026-06-20 10:09:04+00:00
2026-06-20T10:10:03+00:00,-46.63,-58.73,-64.79,-56.88,-65.85,-48.19,-48.60,-51.64,-47.46,-44.53,-48.87,-61.22,-51.22,-50.72,-59.06,-52.87,-57.64,2026-06-20 10:10:03+00:00
2026-06-20T10:11:03+00:00,-46.25,-58.08,-64.95,-56.39,-66.54,-48.34,-48.71,-51.63,-47.29,-44.65,-48.44,-60.97,-56.80,-50.65,-59.90,-53.65,-57.87,2026-06-20 10:11:03+00:00
2026-06-20T10:12:04+00:00,-46.22,-57.55,-64.45,-56.87,-66.14,-48.23,-48.67,-51.61,-46.95,-44.61,-48.57,-60.54,-56.64,-50.92,-59.99,-53.09,-56.45,2026-06-20 10:12:04+00:00
2026-06-20T10:13:03+00:00,-46.33,-58.25,-65.23,-56.98,-65.16,-48.34,-48.63,-51.67,-47.15,-44.76,-48.61,-60.65,-56.43,-50.86,-59.62,-53.03,-57.60,2026-06-20 10:13:03+00:00
2026-06-20T10:14:03+00:00,-46.61,-58.19,-65.21,-56.80,-66.71,-48.11,-48.64,-51.59,-47.27,-44.78,-48.40,-60.29,-56.76,-50.83,-59.70,-53.20,-57.65,2026-06-20 10:14:03+00:00
2026-06-20T10:15:04+00:00,-46.02,-57.70,-64.83,-56.98,-66.59,-48.35,-48.28,-51.64,-47.31,-44.79,-48.56,-57.26,-58.20,-50.94,-59.77,-53.44,-57.83,2026-06-20 10:15:04+00:00
2026-06-20T10:16:04+00:00,-46.47,-58.55,-65.23,-55.86,-66.14,-48.35,-48.27,-51.67,-47.24,-44.93,-48.58,-61.37,-56.48,-50.90,-59.28,-53.33,-57.41,2026-06-20 10:16:04+00:00
2026-06-20T10:17:03+00:00,-46.11,-58.68,-65.14,-57.18,-64.96,-48.14,-48.62,-51.68,-47.27,-44.82,-48.49,-61.61,-53.46,-50.94,-59.25,-53.41,-57.49,2026-06-20 10:17:03+00:00
2026-06-20T10:18:04+00:00,-46.45,-58.52,-64.96,-56.57,-65.75,-48.30,-48.26,-51.67,-47.34,-44.87,-48.62,-61.09,-53.29,-50.87,-59.75,-53.75,-57.66,2026-06-20 10:18:04+00:00
2026-06-20T10:19:04+00:00,-46.35,-58.62,-65.02,-57.07,-66.59,-48.13,-48.41,-51.66,-47.54,-44.73,-48.38,-61.62,-53.48,-51.21,-59.31,-53.99,-57.41,2026-06-20 10:19:04+00:00
2026-06-20T10:20:03+00:00,-46.50,-58.21,-64.75,-56.36,-66.03,-47.95,-48.62,-51.70,-47.44,-44.78,-48.60,-60.98,-52.52,-51.16,-59.60,-54.90,-57.32,2026-06-20 10:20:03+00:00
2026-06-20T10:21:03+00:00,-46.71,-57.34,-65.00,-60.82,-66.07,-51.67,-48.75,-51.67,-47.59,-44.80,-48.33,-61.14,-56.29,-51.00,-58.13,-55.09,-56.52,2026-06-20 10:21:03+00:00
2026-06-20T10:22:04+00:00,-46.89,-57.45,-64.55,-61.04,-65.97,-51.56,-48.36,-51.49,-47.60,-44.62,-48.43,-60.81,-56.46,-51.29,-57.55,-55.38,-57.77,2026-06-20 10:22:04+00:00
2026-06-20T10:23:04+00:00,-46.96,-56.86,-64.48,-60.95,-66.55,-51.58,-48.52,-51.58,-47.66,-44.65,-48.43,-61.32,-56.20,-50.95,-57.92,-55.26,-57.74,2026-06-20 10:23:04+00:00
2026-06-20T10:24:03+00:00,-47.02,-57.69,-63.77,-61.24,-65.44,-51.51,-48.74,-51.60,-48.42,-44.51,-48.24,-61.26,-56.12,-51.09,-57.76,-55.49,-57.61,2026-06-20 10:24:03+00:00
2026-06-20T10:25:04+00:00,-46.34,-58.02,-63.56,-60.99,-65.97,-51.51,-48.75,-51.64,-48.54,-44.51,-48.44,-61.99,-56.11,-51.07,-58.02,-56.19,-57.68,2026-06-20 10:25:04+00:00
2026-06-20T10:26:04+00:00,-46.10,-58.35,-63.67,-61.11,-66.18,-51.37,-48.13,-51.62,-48.53,-44.50,-48.13,-62.29,-56.18,-50.95,-59.30,-55.53,-58.12,2026-06-20 10:26:04+00:00
2026-06-20T10:27:03+00:00,-46.38,-58.85,-63.29,-61.29,-66.06,-51.46,-48.28,-51.65,-48.39,-44.39,-48.19,-62.50,-55.92,-50.94,-60.06,-55.98,-58.27,2026-06-20 10:27:03+00:00
2026-06-20T10:28:03+00:00,-46.18,-59.05,-62.90,-61.49,-66.30,-51.16,-48.28,-51.54,-48.86,-44.46,-48.08,-62.74,-56.10,-50.81,-59.94,-56.12,-57.80,2026-06-20 10:28:03+00:00
2026-06-20T10:29:04+00:00,-46.26,-59.10,-62.40,-60.62,-65.96,-49.22,-48.25,-51.53,-48.80,-44.52,-47.92,-63.47,-56.69,-50.83,-59.68,-55.36,-57.92,2026-06-20 10:29:04+00:00
2026-06-20T10:30:03+00:00,-46.12,-59.16,-63.04,-60.89,-66.34,-49.23,-48.52,-51.49,-48.84,-44.39,-47.91,-63.36,-56.74,-50.81,-59.75,-56.15,-57.91,2026-06-20 10:30:03+00:00
2026-06-20T10:31:04+00:00,-46.42,-58.44,-62.69,-61.11,-66.25,-44.62,-48.31,-51.47,-48.32,-44.44,-47.87,-64.03,-56.64,-50.48,-59.83,-55.97,-57.58,2026-06-20 10:31:04+00:00
2026-06-20T10:32:03+00:00,-46.47,-58.53,-62.40,-60.99,-66.83,-44.52,-48.41,-51.52,-48.25,-44.40,-47.79,-64.06,-56.86,-50.48,-59.76,-55.87,-57.49,2026-06-20 10:32:03+00:00
2026-06-20T10:33:04+00:00,-46.77,-58.28,-62.43,-60.99,-65.55,-44.63,-48.29,-51.51,-47.68,-44.22,-42.38,-63.79,-56.68,-50.15,-59.91,-55.77,-53.26,2026-06-20 10:33:04+00:00
2026-06-20T10:34:04+00:00,-46.46,-58.18,-62.56,-61.02,-65.80,-44.56,-48.16,-51.54,-47.68,-44.43,-47.83,-63.92,-56.58,-50.17,-59.91,-56.09,-56.97,2026-06-20 10:34:04+00:00
2026-06-20T10:35:03+00:00,-46.85,-56.70,-62.82,-60.29,-66.53,-44.90,-47.99,-51.10,-47.45,-44.43,-47.54,-64.11,-56.73,-50.13,-60.16,-54.94,-55.44,2026-06-20 10:35:03+00:00
2026-06-20T10:36:04+00:00,-46.91,-57.99,-62.71,-60.76,-65.85,-44.62,-48.49,-51.04,-47.55,-44.32,-47.42,-64.39,-57.10,-50.27,-59.21,-54.65,-57.95,2026-06-20 10:36:04+00:00
2026-06-20T10:37:03+00:00,-46.56,-57.41,-62.65,-59.95,-66.37,-44.51,-48.11,-51.07,-47.60,-44.35,-44.97,-64.57,-56.82,-50.21,-60.08,-54.58,-54.76,2026-06-20 10:37:03+00:00
2026-06-20T10:38:03+00:00,-46.48,-56.63,-62.38,-60.70,-66.07,-44.65,-48.45,-51.08,-47.47,-44.29,-47.62,-64.79,-56.67,-50.10,-59.82,-54.38,-58.43,2026-06-20 10:38:03+00:00
2026-06-20T10:39:04+00:00,-46.35,-58.01,-62.70,-60.35,-66.03,-44.43,-48.34,-51.17,-47.21,-44.34,-47.52,-64.89,-56.80,-50.14,-59.73,-54.01,-58.38,2026-06-20 10:39:04+00:00
2026-06-20T10:40:04+00:00,-46.11,-58.30,-62.62,-60.27,-66.30,-44.60,-48.19,-51.13,-47.23,-44.30,-47.51,-64.49,-56.69,-50.22,-59.75,-53.29,-57.46,2026-06-20 10:40:04+00:00
2026-06-20T10:41:03+00:00,-46.45,-58.12,-62.37,-57.93,-65.90,-44.60,-47.92,-51.09,-48.44,-44.12,-47.47,-63.64,-56.60,-50.08,-59.93,-53.37,-57.64,2026-06-20 10:41:03+00:00
2026-06-20T10:42:04+00:00,-46.78,-58.33,-62.14,-60.60,-66.44,-44.69,-48.48,-51.06,-48.74,-44.10,-47.56,-64.30,-56.84,-50.04,-59.68,-52.84,-57.84,2026-06-20 10:42:04+00:00
2026-06-20T10:43:04+00:00,-46.82,-57.92,-62.10,-60.56,-65.92,-44.74,-48.10,-51.12,-48.55,-44.20,-47.44,-64.11,-56.62,-50.21,-59.78,-52.47,-56.71,2026-06-20 10:43:04+00:00
2026-06-20T10:44:03+00:00,-46.92,-57.50,-62.18,-60.97,-66.87,-44.63,-48.29,-51.14,-48.73,-44.12,-47.42,-61.43,-56.61,-50.26,-59.44,-52.45,-57.81,2026-06-20 10:44:03+00:00
2026-06-20T10:45:03+00:00,-46.68,-57.26,-62.28,-58.30,-66.97,-44.55,-48.41,-51.17,-48.37,-43.98,-47.11,-64.00,-57.17,-50.00,-59.67,-51.46,-57.58,2026-06-20 10:45:03+00:00
2026-06-20T10:46:04+00:00,-46.55,-57.51,-61.87,-58.82,-65.57,-44.72,-48.16,-51.03,-48.28,-44.10,-47.43,-62.57,-56.59,-50.17,-59.81,-52.30,-55.93,2026-06-20 10:46:04+00:00
2026-06-20T10:47:03+00:00,-46.41,-57.58,-62.35,-60.99,-66.51,-44.83,-48.40,-51.08,-48.10,-44.03,-47.20,-64.03,-56.21,-50.15,-59.94,-52.23,-57.61,2026-06-20 10:47:03+00:00
2026-06-20T10:48:03+00:00,-46.75,-57.90,-62.30,-60.94,-65.90,-44.69,-48.42,-51.10,-47.34,-44.12,-46.98,-63.94,-56.65,-50.20,-58.24,-51.59,-57.29,2026-06-20 10:48:03+00:00
2026-06-20T10:49:04+00:00,-46.62,-55.76,-62.58,-60.21,-66.42,-44.49,-48.05,-51.11,-47.46,-44.03,-46.99,-63.75,-56.32,-50.04,-58.70,-51.62,-57.72,2026-06-20 10:49:04+00:00
2026-06-20T10:50:04+00:00,-46.93,-55.20,-62.20,-60.31,-66.40,-44.61,-48.49,-51.06,-47.15,-44.03,-46.93,-64.10,-55.31,-50.04,-59.83,-51.25,-57.57,2026-06-20 10:50:04+00:00
2026-06-20T10:51:03+00:00,-46.71,-56.65,-62.33,-60.37,-66.42,-44.59,-48.36,-51.04,-47.09,-44.37,-46.99,-64.11,-55.42,-50.10,-59.54,-51.51,-57.43,2026-06-20 10:51:03+00:00
2026-06-20T10:52:03+00:00,-46.45,-56.52,-62.23,-60.36,-67.01,-44.43,-48.11,-51.06,-46.97,-44.02,-46.78,-64.10,-56.63,-50.24,-55.81,-50.86,-57.10,2026-06-20 10:52:03+00:00
2026-06-20T10:53:04+00:00,-46.54,-56.68,-62.30,-60.55,-65.93,-44.62,-47.99,-51.04,-47.23,-44.20,-46.86,-64.08,-56.71,-50.00,-58.38,-51.09,-57.24,2026-06-20 10:53:04+00:00
2026-06-20T10:54:03+00:00,-46.40,-54.55,-62.48,-59.82,-65.97,-44.64,-47.58,-48.16,-47.36,-47.32,-52.08,-64.54,-56.23,-50.08,-59.93,-50.42,-57.47,2026-06-20 10:54:03+00:00
2026-06-20T10:55:03+00:00,-46.24,-54.37,-60.60,-60.64,-66.14,-44.79,-48.30,-50.65,-47.37,-47.43,-52.10,-64.40,-56.62,-50.21,-58.88,-50.61,-56.07,2026-06-20 10:55:03+00:00
2026-06-20T10:56:04+00:00,-46.27,-53.29,-60.29,-60.68,-66.19,-44.55,-47.86,-50.66,-47.28,-47.54,-52.18,-64.60,-56.66,-50.23,-59.41,-50.32,-57.54,2026-06-20 10:56:04+00:00
2026-06-20T10:57:03+00:00,-46.90,-54.85,-63.04,-60.69,-64.96,-44.71,-48.52,-51.21,-47.82,-47.65,-51.96,-65.24,-56.25,-50.21,-59.83,-49.83,-54.66,2026-06-20 10:57:03+00:00
2026-06-20T10:58:03+00:00,-46.94,-54.88,-63.17,-61.04,-66.57,-44.55,-47.98,-51.30,-48.77,-47.57,-52.33,-65.40,-56.28,-50.24,-59.94,-49.46,-58.11,2026-06-20 10:58:03+00:00
2026-06-20T10:59:04+00:00,-47.36,-56.17,-62.97,-60.97,-66.44,-44.85,-48.74,-51.25,-48.70,-47.79,-52.31,-64.73,-56.31,-50.37,-60.24,-49.45,-58.28,2026-06-20 10:59:04+00:00
2026-06-20T11:00:04+00:00,-47.15,-56.11,-63.10,-60.99,-66.15,-44.79,-48.62,-51.27,-49.03,-47.73,-52.31,-65.01,-58.26,-50.23,-59.93,-49.25,-58.47,2026-06-20 11:00:04+00:00
2026-06-20T11:01:04+00:00,-47.08,-55.98,-63.03,-60.63,-66.59,-45.01,-48.53,-51.25,-47.29,-47.74,-51.20,-64.80,-55.99,-50.18,-59.71,-49.19,-58.61,2026-06-20 11:01:04+00:00
2026-06-20T11:02:03+00:00,-47.10,-57.38,-63.40,-60.73,-65.99,-45.10,-48.48,-51.26,-47.06,-47.70,-51.68,-65.06,-56.18,-50.22,-60.30,-49.05,-58.27,2026-06-20 11:02:03+00:00
2026-06-20T11:03:03+00:00,-47.13,-57.08,-63.13,-60.96,-66.48,-44.82,-48.70,-51.28,-46.83,-47.60,-51.50,-64.81,-56.10,-50.07,-59.96,-48.73,-58.12,2026-06-20 11:03:03+00:00
2026-06-20T11:04:04+00:00,-47.04,-56.94,-63.38,-61.19,-66.29,-44.80,-48.21,-51.23,-47.02,-47.85,-51.04,-65.20,-56.34,-50.15,-59.84,-48.43,-57.71,2026-06-20 11:04:04+00:00
2026-06-20T11:05:03+00:00,-46.54,-57.24,-63.52,-60.74,-66.21,-44.83,-48.18,-51.30,-47.10,-47.90,-50.09,-65.05,-56.36,-49.99,-59.85,-48.36,-56.41,2026-06-20 11:05:03+00:00
2026-06-20T11:06:03+00:00,-46.54,-57.19,-63.58,-60.81,-66.21,-44.62,-47.78,-51.22,-47.67,-47.89,-49.94,-64.67,-55.78,-50.03,-59.95,-48.44,-56.41,2026-06-20 11:06:03+00:00
2026-06-20T11:07:04+00:00,-46.85,-56.92,-63.36,-60.89,-66.03,-44.76,-48.37,-51.27,-47.62,-47.79,-50.17,-64.84,-55.80,-50.09,-59.78,-48.41,-57.80,2026-06-20 11:07:04+00:00
2026-06-20T11:08:04+00:00,-46.98,-57.00,-63.55,-60.97,-66.71,-44.65,-48.02,-51.27,-47.62,-47.85,-50.27,-64.73,-55.88,-50.06,-59.96,-48.67,-57.97,2026-06-20 11:08:04+00:00
2026-06-20T11:09:03+00:00,-46.88,-56.59,-63.45,-60.90,-66.19,-44.83,-48.70,-51.23,-47.62,-47.68,-50.22,-64.56,-55.55,-50.06,-59.80,-48.71,-58.09,2026-06-20 11:09:03+00:00
2026-06-20T11:10:04+00:00,-46.77,-56.72,-63.64,-60.43,-66.71,-44.86,-48.82,-51.20,-47.63,-47.79,-50.47,-64.40,-55.61,-50.00,-59.79,-48.63,-58.15,2026-06-20 11:10:04+00:00
2026-06-20T11:11:04+00:00,-46.75,-57.17,-63.64,-61.15,-66.54,-44.81,-48.41,-51.18,-47.61,-47.66,-50.35,-64.38,-55.35,-50.03,-60.42,-48.67,-58.15,2026-06-20 11:11:04+00:00
2026-06-20T11:12:03+00:00,-46.76,-57.39,-63.58,-61.18,-66.39,-44.74,-48.40,-51.22,-47.64,-47.85,-50.40,-64.95,-55.36,-49.88,-60.02,-48.75,-58.08,2026-06-20 11:12:03+00:00
2026-06-20T11:13:03+00:00,-46.79,-57.72,-63.62,-60.82,-65.59,-44.61,-48.12,-51.31,-48.00,-47.93,-50.40,-64.62,-55.35,-49.83,-59.77,-48.66,-57.86,2026-06-20 11:13:03+00:00
2026-06-20T11:14:04+00:00,-46.76,-57.38,-63.47,-61.07,-66.70,-44.72,-48.51,-51.12,-47.92,-47.96,-50.47,-64.82,-55.52,-49.61,-59.58,-48.94,-57.82,2026-06-20 11:14:04+00:00
2026-06-20T11:15:03+00:00,-46.82,-57.50,-63.57,-60.70,-66.04,-44.63,-48.36,-51.23,-48.02,-47.96,-50.40,-64.96,-55.37,-49.34,-59.83,-49.31,-57.85,2026-06-20 11:15:03+00:00
2026-06-20T11:16:03+00:00,-46.91,-57.45,-63.67,-60.97,-65.92,-44.80,-48.25,-51.27,-47.60,-48.00,-50.33,-65.18,-55.36,-49.53,-60.10,-49.39,-58.26,2026-06-20 11:16:03+00:00
2026-06-20T11:17:04+00:00,-46.75,-57.51,-63.25,-61.10,-65.82,-44.85,-48.38,-51.28,-47.82,-47.73,-50.50,-65.04,-55.20,-49.39,-59.53,-49.64,-57.99,2026-06-20 11:17:04+00:00
2026-06-20T11:18:03+00:00,-46.59,-57.16,-63.65,-60.97,-65.77,-44.61,-47.76,-51.22,-47.79,-47.73,-50.29,-65.53,-55.27,-49.08,-59.73,-49.64,-57.99,2026-06-20 11:18:03+00:00
2026-06-20T11:19:03+00:00,-47.00,-57.87,-64.00,-60.75,-66.32,-44.55,-47.98,-51.21,-47.90,-47.72,-50.44,-65.43,-54.89,-49.23,-59.90,-50.74,-58.22,2026-06-20 11:19:03+00:00
2026-06-20T11:20:04+00:00,-47.01,-57.57,-63.77,-60.99,-66.83,-44.66,-48.24,-51.20,-47.79,-47.66,-50.14,-64.84,-55.25,-48.96,-59.48,-50.77,-59.38,2026-06-20 11:20:04+00:00
2026-06-20T11:21:04+00:00,-47.04,-57.50,-64.14,-61.19,-66.70,-44.66,-47.89,-51.57,-47.66,-47.52,-50.28,-64.63,-54.98,-48.77,-59.56,-51.35,-59.40,2026-06-20 11:21:04+00:00
2026-06-20T11:22:03+00:00,-46.80,-56.96,-64.42,-60.92,-66.38,-44.73,-48.09,-51.58,-47.60,-47.71,-50.23,-64.44,-55.68,-48.58,-59.90,-52.05,-59.59,2026-06-20 11:22:03+00:00
2026-06-20T11:23:04+00:00,-46.76,-57.53,-64.80,-61.16,-66.91,-44.69,-48.14,-51.66,-47.20,-47.64,-50.41,-64.44,-55.41,-48.39,-59.64,-52.92,-59.08,2026-06-20 11:23:04+00:00
2026-06-20T11:24:04+00:00,-47.20,-57.88,-64.63,-60.84,-66.45,-44.61,-48.11,-51.67,-47.12,-47.65,-50.04,-64.40,-55.30,-48.16,-59.82,-53.67,-58.32,2026-06-20 11:24:04+00:00
2026-06-20T11:25:03+00:00,-47.10,-57.47,-64.89,-60.80,-66.65,-44.50,-48.37,-51.64,-47.11,-47.74,-50.17,-63.70,-55.44,-47.79,-60.11,-54.74,-59.46,2026-06-20 11:25:03+00:00
2026-06-20T11:26:03+00:00,-47.06,-57.06,-64.58,-60.88,-65.90,-44.60,-48.45,-51.63,-47.13,-47.90,-49.90,-62.87,-55.54,-47.54,-60.18,-56.18,-59.22,2026-06-20 11:26:03+00:00
2026-06-20T11:27:04+00:00,-47.31,-57.51,-65.19,-60.88,-66.28,-44.60,-48.14,-51.65,-47.08,-47.79,-50.11,-62.50,-56.74,-46.89,-59.63,-57.21,-59.17,2026-06-20 11:27:04+00:00
2026-06-20T11:28:03+00:00,-46.75,-56.92,-65.29,-60.98,-66.36,-44.61,-48.29,-51.67,-46.99,-47.88,-50.11,-62.13,-56.70,-46.73,-59.71,-59.07,-59.29,2026-06-20 11:28:03+00:00
2026-06-20T11:29:03+00:00,-46.23,-57.84,-65.32,-60.58,-66.66,-44.51,-48.21,-51.70,-46.83,-48.07,-50.08,-62.01,-57.01,-46.39,-59.45,-59.57,-59.47,2026-06-20 11:29:03+00:00
2026-06-20T11:30:04+00:00,-46.28,-57.32,-65.19,-60.87,-66.09,-44.62,-48.20,-51.72,-47.92,-47.78,-50.08,-63.06,-56.94,-46.46,-60.25,-59.07,-59.26,2026-06-20 11:30:04+00:00
2026-06-20T11:31:05+00:00,-46.24,-57.22,-65.21,-60.78,-66.57,-44.68,-48.17,-51.69,-47.95,-48.08,-49.99,-63.31,-56.76,-46.53,-59.77,-59.26,-59.31,2026-06-20 11:31:05+00:00
2026-06-20T11:32:03+00:00,-45.81,-57.08,-65.09,-60.87,-66.26,-44.68,-47.94,-51.73,-48.19,-47.74,-49.65,-63.15,-56.86,-46.57,-59.46,-58.81,-59.19,2026-06-20 11:32:03+00:00
2026-06-20T11:33:03+00:00,-46.26,-56.92,-64.96,-60.83,-66.77,-44.50,-48.26,-51.67,-48.45,-47.85,-49.64,-63.30,-56.77,-46.58,-59.87,-58.09,-59.18,2026-06-20 11:33:03+00:00
2026-06-20T11:34:04+00:00,-45.93,-57.12,-65.31,-60.66,-66.52,-44.63,-48.47,-51.69,-48.26,-47.78,-49.60,-63.15,-56.99,-46.78,-59.82,-57.95,-59.03,2026-06-20 11:34:04+00:00
2026-06-20T11:35:03+00:00,-46.43,-57.33,-65.43,-60.62,-66.79,-44.65,-48.40,-51.60,-48.49,-47.80,-49.87,-63.26,-56.99,-46.75,-59.81,-57.80,-59.16,2026-06-20 11:35:03+00:00
2026-06-20T11:36:04+00:00,-46.65,-56.88,-65.00,-60.62,-66.62,-44.52,-47.70,-51.65,-48.35,-47.69,-49.92,-63.12,-56.77,-46.98,-59.66,-57.75,-58.08,2026-06-20 11:36:04+00:00
2026-06-20T11:37:03+00:00,-46.59,-56.97,-65.23,-61.12,-66.52,-44.73,-48.35,-51.60,-48.42,-47.97,-49.87,-63.10,-56.93,-47.08,-59.94,-57.35,-59.14,2026-06-20 11:37:03+00:00
2026-06-20T11:38:03+00:00,-46.85,-56.85,-65.39,-61.09,-65.77,-44.86,-48.37,-51.50,-49.36,-47.98,-49.89,-63.00,-57.17,-47.30,-60.01,-57.49,-58.92,2026-06-20 11:38:03+00:00
2026-06-20T11:39:04+00:00,-46.83,-56.81,-65.21,-60.72,-64.96,-44.67,-48.46,-51.43,-50.19,-47.89,-49.80,-63.23,-57.01,-47.39,-59.66,-57.32,-58.91,2026-06-20 11:39:04+00:00
2026-06-20T11:40:04+00:00,-46.74,-56.74,-65.17,-61.01,-66.20,-44.56,-48.29,-51.46,-50.34,-47.89,-49.95,-63.10,-57.20,-47.58,-59.65,-57.81,-58.82,2026-06-20 11:40:04+00:00
2026-06-20T11:41:03+00:00,-46.56,-57.18,-65.23,-61.26,-66.44,-44.43,-48.18,-51.45,-49.98,-47.89,-49.89,-63.08,-57.12,-47.73,-59.77,-57.65,-59.14,2026-06-20 11:41:03+00:00
2026-06-20T11:42:04+00:00,-46.91,-57.08,-65.24,-60.92,-66.25,-44.57,-48.33,-51.48,-49.81,-47.94,-49.68,-62.71,-57.11,-48.13,-60.09,-57.06,-59.35,2026-06-20 11:42:04+00:00
2026-06-20T11:43:04+00:00,-46.97,-57.54,-65.05,-60.90,-66.22,-44.74,-48.11,-51.61,-48.87,-47.85,-49.57,-62.73,-57.04,-48.28,-59.52,-57.31,-58.90,2026-06-20 11:43:04+00:00
2026-06-20T11:44:03+00:00,-46.58,-57.52,-65.33,-61.08,-66.39,-44.77,-48.38,-51.43,-48.83,-47.75,-49.74,-62.81,-57.03,-48.26,-60.03,-56.56,-59.08,2026-06-20 11:44:03+00:00
2026-06-20T11:45:03+00:00,-47.17,-56.73,-65.29,-61.19,-66.92,-44.60,-48.46,-51.45,-49.21,-47.63,-49.65,-62.22,-57.23,-48.36,-59.80,-56.56,-58.69,2026-06-20 11:45:03+00:00
2026-06-20T11:46:04+00:00,-46.56,-58.00,-65.61,-60.88,-66.25,-44.67,-48.27,-51.46,-48.54,-47.66,-49.94,-62.23,-57.06,-48.79,-59.55,-56.10,-58.62,2026-06-20 11:46:04+00:00
2026-06-20T11:47:03+00:00,-46.74,-56.96,-65.40,-60.88,-66.13,-44.63,-48.40,-51.45,-48.51,-47.42,-49.90,-62.36,-56.89,-48.89,-59.08,-55.65,-58.63,2026-06-20 11:47:03+00:00
2026-06-20T11:48:03+00:00,-47.36,-57.13,-65.39,-61.03,-66.54,-44.74,-48.08,-51.44,-48.07,-47.66,-49.90,-62.36,-57.09,-49.13,-60.07,-55.64,-58.57,2026-06-20 11:48:03+00:00
2026-06-20T11:49:04+00:00,-46.79,-56.76,-65.67,-61.04,-66.33,-44.59,-47.90,-51.42,-48.23,-47.58,-50.06,-62.41,-56.87,-49.22,-59.74,-55.47,-58.96,2026-06-20 11:49:04+00:00
2026-06-20T11:50:03+00:00,-47.49,-57.07,-65.10,-60.94,-66.27,-44.51,-48.43,-51.34,-48.41,-47.50,-50.11,-62.52,-56.42,-49.40,-60.24,-55.69,-58.61,2026-06-20 11:50:03+00:00
2026-06-20T11:51:03+00:00,-46.96,-57.51,-65.43,-60.95,-66.93,-44.66,-48.19,-51.15,-48.24,-47.38,-49.99,-62.80,-56.70,-49.58,-59.58,-55.76,-58.07,2026-06-20 11:51:03+00:00
2026-06-20T11:52:04+00:00,-46.38,-57.23,-65.01,-60.74,-67.36,-44.66,-48.38,-51.17,-48.42,-47.52,-50.12,-62.74,-56.61,-49.68,-59.91,-55.61,-57.74,2026-06-20 11:52:04+00:00
2026-06-20T11:53:04+00:00,-46.47,-56.96,-65.22,-60.76,-66.58,-44.88,-48.09,-51.21,-48.29,-47.36,-49.94,-62.65,-56.76,-49.65,-59.65,-55.80,-58.12,2026-06-20 11:53:04+00:00
2026-06-20T11:54:03+00:00,-46.72,-56.87,-65.28,-60.86,-65.88,-44.82,-48.63,-51.16,-48.24,-47.62,-50.02,-62.67,-56.77,-49.44,-59.68,-55.68,-57.93,2026-06-20 11:54:03+00:00
2026-06-20T11:55:03+00:00,-46.48,-56.42,-64.83,-61.08,-66.59,-44.74,-48.39,-51.12,-48.07,-47.41,-50.08,-62.50,-57.04,-49.89,-59.29,-55.62,-58.09,2026-06-20 11:55:03+00:00
2026-06-20T11:56:04+00:00,-47.13,-56.45,-65.65,-60.98,-66.84,-44.51,-48.69,-51.35,-48.05,-47.39,-50.35,-62.86,-56.92,-50.07,-59.42,-55.37,-58.46,2026-06-20 11:56:04+00:00
2026-06-20T11:57:03+00:00,-46.69,-56.66,-65.41,-60.82,-66.18,-44.50,-48.42,-51.14,-47.82,-47.42,-50.02,-63.26,-56.91,-50.07,-59.83,-55.44,-57.99,2026-06-20 11:57:03+00:00
2026-06-20T11:58:03+00:00,-46.80,-57.10,-65.48,-61.33,-66.30,-44.53,-48.82,-51.03,-48.13,-47.33,-50.25,-63.43,-56.83,-49.80,-59.90,-54.99,-57.82,2026-06-20 11:58:03+00:00
2026-06-20T11:59:04+00:00,-46.38,-56.95,-65.32,-60.75,-66.48,-44.65,-48.41,-51.05,-48.28,-46.97,-50.06,-63.46,-56.75,-49.99,-59.99,-54.87,-57.61,2026-06-20 11:59:04+00:00
2026-06-20T12:00:04+00:00,-46.36,-57.25,-65.24,-61.15,-65.73,-44.60,-49.02,-51.03,-47.76,-47.06,-49.88,-63.74,-56.94,-50.09,-59.90,-54.38,-57.74,2026-06-20 12:00:04+00:00
2026-06-20T12:01:04+00:00,-46.33,-57.11,-65.43,-61.07,-67.13,-44.74,-48.54,-51.06,-47.78,-47.05,-49.89,-65.03,-56.78,-50.24,-59.82,-53.81,-56.92,2026-06-20 12:01:04+00:00
2026-06-20T12:02:03+00:00,-46.01,-56.43,-64.46,-61.26,-66.12,-44.63,-48.48,-51.08,-47.70,-47.03,-49.79,-64.97,-56.70,-50.15,-59.78,-53.42,-58.11,2026-06-20 12:02:03+00:00
2026-06-20T12:03:04+00:00,-46.29,-56.36,-64.20,-60.79,-66.95,-44.71,-48.27,-51.11,-48.35,-47.08,-49.86,-65.63,-56.62,-50.45,-59.78,-52.61,-57.56,2026-06-20 12:03:04+00:00
2026-06-20T12:04:04+00:00,-46.29,-56.82,-64.38,-60.76,-66.25,-44.70,-48.41,-50.94,-48.09,-47.08,-49.80,-65.25,-56.81,-50.38,-60.21,-52.42,-57.41,2026-06-20 12:04:04+00:00
2026-06-20T12:05:03+00:00,-46.59,-56.79,-64.06,-60.98,-66.65,-44.76,-48.46,-50.80,-48.49,-46.96,-49.84,-65.92,-56.88,-50.39,-60.07,-52.23,-57.79,2026-06-20 12:05:03+00:00
2026-06-20T12:06:04+00:00,-46.27,-56.29,-64.27,-61.28,-66.04,-44.78,-48.54,-50.86,-48.46,-47.17,-49.68,-65.56,-56.78,-50.49,-59.89,-52.16,-57.91,2026-06-20 12:06:04+00:00
2026-06-20T12:07:03+00:00,-45.99,-55.89,-64.37,-61.26,-65.53,-44.61,-48.25,-50.81,-48.44,-46.96,-49.47,-66.00,-56.81,-50.50,-59.99,-52.56,-58.15,2026-06-20 12:07:03+00:00
2026-06-20T12:08:04+00:00,-46.13,-56.62,-64.48,-61.11,-66.10,-44.74,-48.50,-50.80,-47.74,-47.05,-49.42,-65.60,-57.10,-50.77,-59.92,-52.44,-57.81,2026-06-20 12:08:04+00:00
2026-06-20T12:09:04+00:00,-46.43,-56.64,-64.96,-61.33,-66.21,-51.70,-48.20,-50.80,-47.95,-46.91,-49.77,-65.51,-57.28,-50.51,-59.86,-52.98,-57.56,2026-06-20 12:09:04+00:00
2026-06-20T12:10:03+00:00,-46.41,-56.04,-65.16,-61.07,-66.08,-51.55,-48.17,-50.79,-47.96,-47.11,-49.61,-63.61,-57.31,-50.18,-59.75,-53.41,-57.55,2026-06-20 12:10:03+00:00
2026-06-20T12:11:04+00:00,-46.18,-56.34,-65.63,-61.10,-67.26,-51.80,-48.71,-50.87,-47.79,-47.05,-49.53,-64.37,-56.88,-50.19,-60.13,-53.98,-57.67,2026-06-20 12:11:04+00:00
2026-06-20T12:12:04+00:00,-46.00,-56.16,-65.26,-61.26,-66.46,-51.79,-48.31,-50.80,-48.00,-47.20,-49.56,-63.08,-56.88,-49.90,-60.19,-53.90,-57.23,2026-06-20 12:12:04+00:00
2026-06-20T12:13:03+00:00,-46.70,-55.99,-65.66,-61.34,-65.91,-51.68,-48.25,-50.85,-48.14,-47.39,-49.71,-63.43,-56.89,-49.70,-60.10,-54.60,-56.74,2026-06-20 12:13:03+00:00
2026-06-20T12:14:03+00:00,-46.18,-55.91,-65.53,-61.29,-67.50,-51.63,-48.39,-50.85,-47.88,-47.30,-49.59,-63.60,-56.77,-49.67,-60.13,-54.67,-56.82,2026-06-20 12:14:03+00:00
2026-06-20T12:15:04+00:00,-45.94,-55.86,-65.67,-60.95,-65.92,-51.62,-48.30,-50.87,-48.07,-47.33,-49.52,-63.47,-56.96,-49.57,-59.84,-54.58,-56.82,2026-06-20 12:15:04+00:00
2026-06-20T12:16:03+00:00,-46.49,-55.83,-65.07,-61.14,-66.74,-51.57,-48.32,-50.84,-48.59,-47.26,-49.59,-63.33,-57.04,-49.27,-60.15,-55.42,-57.75,2026-06-20 12:16:03+00:00
2026-06-20T12:17:03+00:00,-46.30,-55.80,-65.46,-61.05,-66.30,-51.54,-48.52,-50.85,-48.49,-47.25,-49.64,-63.27,-56.93,-49.29,-60.28,-56.01,-57.22,2026-06-20 12:17:03+00:00
2026-06-20T12:18:04+00:00,-45.14,-55.92,-65.75,-60.82,-65.77,-51.68,-48.99,-50.80,-48.66,-47.11,-49.83,-63.10,-56.86,-49.11,-60.02,-56.06,-55.88,2026-06-20 12:18:04+00:00
2026-06-20T12:19:04+00:00,-45.19,-55.60,-65.50,-61.08,-66.49,-49.25,-48.64,-50.77,-48.00,-47.14,-49.55,-63.26,-56.69,-48.84,-60.03,-56.37,-57.03,2026-06-20 12:19:04+00:00
2026-06-20T12:20:03+00:00,-45.27,-56.01,-65.17,-61.05,-66.41,-49.18,-48.04,-50.77,-48.37,-47.18,-49.66,-63.01,-56.60,-48.49,-59.89,-56.06,-57.78,2026-06-20 12:20:03+00:00
2026-06-20T12:21:04+00:00,-45.50,-55.19,-65.65,-60.90,-66.28,-44.65,-48.82,-50.57,-48.26,-47.21,-49.63,-64.08,-56.68,-48.04,-59.63,-56.61,-57.33,2026-06-20 12:21:04+00:00
2026-06-20T12:22:04+00:00,-45.27,-55.27,-65.42,-61.33,-67.04,-44.32,-48.57,-50.72,-48.27,-47.23,-49.60,-63.89,-56.76,-47.95,-60.04,-56.75,-57.14,2026-06-20 12:22:04+00:00
2026-06-20T12:23:03+00:00,-45.65,-53.97,-65.54,-61.26,-66.13,-44.64,-47.95,-50.74,-48.81,-47.29,-49.31,-64.14,-56.77,-48.07,-59.95,-56.21,-57.36,2026-06-20 12:23:03+00:00
2026-06-20T12:24:03+00:00,-45.88,-54.07,-65.53,-61.16,-65.98,-44.62,-48.29,-50.76,-48.61,-47.42,-49.69,-64.01,-57.05,-48.21,-59.90,-56.48,-57.92,2026-06-20 12:24:03+00:00
2026-06-20T12:25:04+00:00,-45.89,-53.86,-65.69,-61.26,-65.73,-44.66,-48.88,-50.81,-48.88,-47.46,-49.77,-64.28,-56.66,-48.31,-60.00,-55.42,-57.40,2026-06-20 12:25:04+00:00
2026-06-20T12:26:03+00:00,-45.37,-54.02,-65.80,-60.94,-66.54,-44.48,-48.44,-50.79,-48.67,-47.58,-50.03,-64.65,-56.75,-48.37,-59.83,-55.44,-57.09,2026-06-20 12:26:03+00:00
2026-06-20T12:27:03+00:00,-46.58,-52.82,-65.55,-60.90,-66.72,-44.48,-48.82,-50.44,-48.34,-47.78,-50.14,-64.73,-56.49,-48.39,-59.93,-55.08,-57.12,2026-06-20 12:27:03+00:00
2026-06-20T12:28:04+00:00,-46.66,-52.71,-65.58,-60.86,-66.53,-44.70,-48.44,-50.41,-49.50,-47.82,-50.23,-65.77,-56.89,-48.42,-59.70,-56.07,-57.18,2026-06-20 12:28:04+00:00
2026-06-20T12:29:04+00:00,-46.14,-53.81,-65.60,-61.21,-65.81,-44.69,-48.53,-50.50,-48.47,-47.81,-50.22,-65.73,-56.83,-48.80,-60.07,-54.91,-57.36,2026-06-20 12:29:04+00:00
2026-06-20T12:30:03+00:00,-46.21,-54.20,-65.54,-61.13,-66.59,-44.68,-48.54,-50.79,-48.50,-47.86,-50.14,-65.74,-56.59,-48.68,-59.79,-55.13,-57.57,2026-06-20 12:30:03+00:00
2026-06-20T12:31:03+00:00,-46.42,-54.33,-65.77,-61.20,-65.99,-44.82,-48.54,-50.90,-49.50,-47.88,-50.05,-65.32,-56.75,-48.98,-60.03,-54.16,-57.48,2026-06-20 12:31:03+00:00
2026-06-20T12:32:03+00:00,-46.50,-54.22,-65.52,-61.03,-65.98,-44.54,-48.41,-50.86,-48.54,-48.03,-50.55,-65.53,-56.86,-49.00,-59.77,-54.29,-56.69,2026-06-20 12:32:03+00:00
2026-06-20T12:33:04+00:00,-46.10,-54.31,-65.34,-60.98,-65.81,-44.62,-48.29,-50.85,-48.26,-47.83,-50.32,-65.41,-56.99,-49.26,-59.55,-54.66,-57.32,2026-06-20 12:33:04+00:00
2026-06-20T12:34:04+00:00,-46.23,-54.36,-65.28,-60.95,-65.87,-44.74,-48.65,-51.04,-48.63,-48.07,-50.63,-66.02,-56.54,-49.57,-60.19,-54.69,-57.69,2026-06-20 12:34:04+00:00
2026-06-20T12:35:03+00:00,-45.90,-54.30,-65.54,-60.93,-65.89,-44.93,-48.93,-51.06,-49.61,-48.04,-50.59,-66.03,-56.68,-49.76,-59.94,-54.89,-56.90,2026-06-20 12:35:03+00:00
2026-06-20T12:36:03+00:00,-45.43,-54.44,-65.19,-60.96,-67.40,-44.70,-48.58,-51.01,-48.37,-48.04,-50.71,-65.85,-56.59,-49.91,-59.98,-54.28,-54.25,2026-06-20 12:36:03+00:00
2026-06-20T12:37:04+00:00,-45.18,-54.62,-65.42,-60.98,-67.01,-44.74,-48.46,-50.93,-48.48,-47.96,-50.46,-65.67,-56.53,-50.19,-59.80,-54.23,-55.02,2026-06-20 12:37:04+00:00
2026-06-20T12:38:03+00:00,-44.95,-55.58,-65.67,-60.64,-66.49,-44.74,-48.39,-51.00,-48.94,-47.93,-50.34,-65.86,-56.57,-50.49,-59.59,-54.10,-54.26,2026-06-20 12:38:03+00:00
2026-06-20T12:39:03+00:00,-45.05,-56.24,-65.58,-61.00,-66.79,-44.97,-48.32,-51.04,-48.76,-47.85,-50.53,-65.78,-56.65,-50.61,-59.81,-54.21,-53.87,2026-06-20 12:39:03+00:00
2026-06-20T12:40:04+00:00,-45.34,-56.53,-65.73,-61.14,-66.84,-44.73,-48.65,-51.07,-47.92,-47.73,-50.58,-66.53,-56.61,-50.58,-59.86,-54.08,-54.66,2026-06-20 12:40:04+00:00
2026-06-20T12:41:03+00:00,-45.85,-57.21,-65.25,-60.74,-66.20,-44.85,-48.74,-51.08,-47.66,-47.65,-50.41,-66.69,-56.86,-51.21,-60.07,-53.47,-55.21,2026-06-20 12:41:03+00:00
2026-06-20T12:42:03+00:00,-45.61,-57.09,-65.65,-60.74,-66.63,-44.94,-48.35,-51.04,-47.52,-47.81,-50.58,-67.28,-56.92,-51.30,-59.82,-52.60,-54.85,2026-06-20 12:42:03+00:00
2026-06-20T12:43:04+00:00,-45.83,-57.23,-65.17,-60.91,-67.35,-44.95,-48.48,-50.61,-47.82,-47.86,-50.28,-67.02,-57.07,-51.72,-60.01,-52.80,-54.78,2026-06-20 12:43:04+00:00
2026-06-20T12:44:03+00:00,-45.62,-57.11,-65.38,-61.12,-67.02,-44.67,-48.44,-50.66,-47.93,-47.90,-50.06,-67.00,-56.90,-51.72,-59.90,-52.18,-55.04,2026-06-20 12:44:03+00:00
2026-06-20T12:45:03+00:00,-46.19,-56.40,-65.30,-61.01,-67.08,-45.24,-48.14,-50.60,-47.67,-47.90,-50.19,-66.85,-56.80,-51.98,-60.23,-52.03,-54.27,2026-06-20 12:45:03+00:00
2026-06-20T12:46:04+00:00,-46.51,-56.90,-65.69,-61.02,-65.40,-45.21,-48.47,-50.69,-47.72,-47.80,-50.21,-67.47,-57.03,-52.17,-60.00,-51.89,-54.05,2026-06-20 12:46:04+00:00
2026-06-20T12:47:04+00:00,-46.51,-54.27,-65.79,-60.99,-67.49,-45.19,-48.41,-50.60,-47.74,-47.99,-50.29,-67.51,-57.08,-52.38,-59.34,-51.69,-55.00,2026-06-20 12:47:04+00:00
2026-06-20T12:48:03+00:00,-46.20,-56.30,-65.48,-60.84,-66.19,-45.18,-48.57,-50.67,-47.80,-48.05,-49.99,-67.12,-57.08,-52.43,-59.60,-51.82,-55.04,2026-06-20 12:48:03+00:00
2026-06-20T12:49:04+00:00,-45.44,-55.54,-63.93,-61.16,-66.51,-45.16,-48.83,-50.66,-47.66,-48.10,-50.03,-67.04,-57.15,-52.78,-60.05,-51.41,-55.29,2026-06-20 12:49:04+00:00
2026-06-20T12:50:04+00:00,-44.91,-56.83,-65.08,-61.07,-65.95,-45.27,-48.64,-50.61,-47.76,-47.96,-50.04,-67.38,-57.03,-52.83,-59.86,-51.60,-54.94,2026-06-20 12:50:04+00:00
2026-06-20T12:51:03+00:00,-45.05,-56.77,-65.14,-60.95,-65.84,-45.47,-48.48,-50.72,-47.91,-48.16,-50.08,-67.54,-57.12,-52.81,-59.89,-51.44,-55.21,2026-06-20 12:51:03+00:00
2026-06-20T12:52:04+00:00,-45.18,-57.00,-65.31,-60.77,-66.43,-45.22,-48.55,-50.60,-47.66,-47.98,-50.04,-67.23,-57.11,-52.88,-59.81,-51.01,-55.36,2026-06-20 12:52:04+00:00
2026-06-20T12:53:04+00:00,-45.23,-56.80,-65.55,-61.35,-66.71,-45.32,-48.28,-50.62,-47.86,-48.01,-50.11,-67.95,-57.22,-53.18,-59.83,-51.31,-55.37,2026-06-20 12:53:04+00:00
2026-06-20T12:54:03+00:00,-45.07,-56.73,-65.51,-60.88,-66.54,-45.16,-48.49,-50.66,-47.85,-48.17,-50.10,-67.54,-57.21,-53.08,-59.65,-51.19,-55.21,2026-06-20 12:54:03+00:00
2026-06-20T12:55:04+00:00,-45.23,-56.79,-65.09,-61.39,-66.70,-45.03,-48.18,-50.63,-48.75,-48.09,-49.80,-67.23,-57.14,-53.32,-60.00,-50.80,-54.62,2026-06-20 12:55:04+00:00
2026-06-20T12:56:04+00:00,-45.11,-56.73,-64.57,-61.21,-66.23,-45.02,-48.56,-50.62,-48.34,-47.94,-49.80,-66.47,-56.96,-53.36,-59.59,-50.75,-55.43,2026-06-20 12:56:04+00:00
2026-06-20T12:57:03+00:00,-45.52,-56.62,-64.78,-61.06,-67.60,-45.33,-48.48,-50.57,-48.56,-48.19,-49.74,-66.09,-56.92,-53.28,-59.81,-50.95,-54.93,2026-06-20 12:57:03+00:00
2026-06-20T12:58:03+00:00,-45.20,-56.26,-64.95,-61.07,-66.59,-45.25,-48.43,-50.61,-48.52,-48.10,-49.69,-67.04,-56.97,-53.59,-60.04,-51.30,-55.16,2026-06-20 12:58:03+00:00
2026-06-20T12:59:04+00:00,-45.40,-56.99,-65.23,-61.07,-66.22,-45.09,-48.60,-50.58,-48.54,-48.28,-49.86,-67.14,-57.01,-53.53,-60.13,-51.11,-55.52,2026-06-20 12:59:04+00:00
2026-06-20T13:00:03+00:00,-45.46,-56.71,-64.89,-60.97,-66.17,-45.20,-48.48,-50.61,-48.76,-48.17,-49.66,-67.52,-56.85,-53.67,-59.52,-51.00,-52.04,2026-06-20 13:00:03+00:00
2026-06-20T13:01:04+00:00,-45.43,-56.73,-64.61,-60.91,-66.10,-45.25,-48.53,-50.67,-48.74,-48.13,-49.63,-66.62,-57.00,-53.66,-59.90,-51.28,-51.26,2026-06-20 13:01:04+00:00
2026-06-20T13:02:04+00:00,-45.72,-56.67,-64.57,-60.75,-66.03,-45.17,-48.28,-50.77,-48.67,-48.18,-49.53,-66.38,-56.69,-53.75,-59.35,-50.96,-52.62,2026-06-20 13:02:04+00:00
2026-06-20T13:03:03+00:00,-46.68,-56.80,-64.16,-61.28,-65.93,-45.34,-48.39,-50.73,-48.07,-48.04,-49.67,-66.61,-56.58,-54.01,-59.75,-51.01,-52.60,2026-06-20 13:03:03+00:00
2026-06-20T13:04:04+00:00,-46.51,-56.27,-64.08,-60.89,-66.43,-45.28,-48.34,-50.74,-48.52,-47.99,-49.57,-66.36,-56.72,-53.91,-60.05,-50.62,-54.38,2026-06-20 13:04:04+00:00
2026-06-20T13:05:04+00:00,-46.46,-56.18,-63.64,-60.60,-66.13,-45.22,-48.47,-50.76,-48.19,-48.00,-49.65,-65.13,-56.59,-54.16,-59.97,-50.72,-54.58,2026-06-20 13:05:04+00:00
2026-06-20T13:06:03+00:00,-46.11,-56.35,-63.72,-60.75,-66.67,-45.29,-48.97,-50.76,-48.09,-47.94,-49.53,-65.43,-56.37,-54.19,-59.69,-50.63,-54.45,2026-06-20 13:06:03+00:00
2026-06-20T13:07:03+00:00,-46.23,-56.41,-64.29,-60.83,-65.78,-45.18,-48.56,-50.69,-48.76,-47.94,-49.81,-66.76,-56.57,-54.19,-59.39,-50.45,-54.93,2026-06-20 13:07:03+00:00
2026-06-20T13:08:04+00:00,-45.43,-56.54,-63.92,-60.73,-66.35,-45.09,-48.66,-50.71,-48.92,-47.74,-49.86,-65.72,-56.49,-54.26,-59.74,-50.27,-54.23,2026-06-20 13:08:04+00:00
2026-06-20T13:09:03+00:00,-45.14,-56.62,-64.74,-60.79,-65.87,-45.18,-48.55,-50.74,-48.47,-47.75,-49.89,-66.79,-56.82,-54.38,-59.72,-50.05,-54.64,2026-06-20 13:09:03+00:00
2026-06-20T13:10:03+00:00,-45.29,-56.57,-64.65,-60.83,-66.31,-45.21,-48.44,-50.73,-48.70,-47.51,-49.97,-66.77,-56.41,-54.58,-59.88,-50.27,-55.01,2026-06-20 13:10:03+00:00
2026-06-20T13:11:04+00:00,-45.30,-56.49,-64.12,-60.78,-66.53,-45.33,-48.42,-50.68,-48.48,-47.19,-49.65,-65.71,-56.58,-54.57,-59.47,-49.97,-54.83,2026-06-20 13:11:04+00:00
2026-06-20T13:12:03+00:00,-45.74,-56.57,-64.66,-61.01,-66.05,-45.19,-48.18,-50.70,-48.51,-47.18,-50.00,-67.22,-56.52,-54.76,-60.01,-50.17,-54.51,2026-06-20 13:12:03+00:00
2026-06-20T13:13:03+00:00,-45.82,-56.15,-64.63,-60.66,-66.16,-45.24,-48.44,-50.67,-48.51,-47.15,-50.82,-66.13,-56.44,-54.69,-59.87,-50.07,-55.10,2026-06-20 13:13:03+00:00
2026-06-20T13:14:04+00:00,-45.18,-55.93,-63.78,-60.58,-66.16,-45.37,-48.29,-50.63,-48.56,-46.93,-50.99,-66.15,-56.46,-54.50,-59.55,-50.14,-55.32,2026-06-20 13:14:04+00:00
2026-06-20T13:15:04+00:00,-45.25,-56.00,-64.05,-61.08,-66.85,-45.22,-48.49,-50.71,-48.46,-47.15,-50.78,-65.57,-56.55,-54.70,-59.60,-50.21,-54.84,2026-06-20 13:15:04+00:00
2026-06-20T13:16:03+00:00,-44.96,-55.68,-62.85,-60.64,-67.03,-45.19,-48.10,-50.75,-48.38,-46.98,-50.54,-61.16,-56.56,-55.04,-59.49,-50.52,-54.62,2026-06-20 13:16:03+00:00
2026-06-20T13:17:03+00:00,-45.31,-56.34,-63.24,-60.79,-65.96,-45.39,-48.38,-50.71,-48.28,-47.03,-50.75,-63.45,-56.51,-54.90,-59.18,-50.63,-54.81,2026-06-20 13:17:03+00:00
2026-06-20T13:18:04+00:00,-45.68,-56.52,-63.23,-60.75,-66.45,-45.40,-48.37,-50.69,-49.30,-47.07,-50.66,-63.34,-56.47,-54.87,-59.99,-50.73,-54.97,2026-06-20 13:18:04+00:00
2026-06-20T13:19:04+00:00,-45.44,-56.60,-63.82,-60.92,-66.89,-46.10,-48.41,-50.69,-49.19,-47.14,-50.30,-63.75,-56.55,-55.16,-60.05,-51.00,-55.30,2026-06-20 13:19:04+00:00
2026-06-20T13:20:03+00:00,-45.59,-55.63,-63.16,-60.86,-65.98,-46.34,-48.23,-50.76,-49.18,-47.32,-50.25,-63.28,-56.38,-55.32,-60.00,-50.75,-55.64,2026-06-20 13:20:03+00:00
2026-06-20T13:21:04+00:00,-46.11,-55.79,-63.99,-60.52,-66.18,-46.11,-48.29,-50.64,-49.03,-47.09,-50.60,-66.24,-56.46,-55.44,-59.87,-50.86,-54.73,2026-06-20 13:21:04+00:00
2026-06-20T13:22:04+00:00,-46.06,-55.85,-64.07,-61.28,-66.13,-46.14,-48.53,-50.78,-49.34,-47.09,-50.68,-66.49,-56.75,-55.78,-59.89,-51.05,-54.44,2026-06-20 13:22:04+00:00
2026-06-20T13:23:03+00:00,-45.67,-56.54,-63.96,-60.90,-66.31,-45.79,-48.31,-50.74,-48.90,-47.09,-50.38,-65.93,-56.54,-55.74,-60.09,-50.83,-55.68,2026-06-20 13:23:03+00:00
2026-06-20T13:24:03+00:00,-45.89,-53.67,-63.82,-61.06,-66.10,-46.03,-48.20,-50.76,-48.88,-47.12,-50.38,-65.62,-56.40,-56.42,-59.99,-50.35,-54.57,2026-06-20 13:24:03+00:00
2026-06-20T13:25:04+00:00,-45.56,-53.55,-63.95,-60.93,-65.70,-45.84,-48.51,-50.75,-49.11,-47.44,-50.69,-66.37,-56.42,-56.52,-60.36,-50.76,-54.08,2026-06-20 13:25:04+00:00
2026-06-20T13:26:03+00:00,-45.38,-53.81,-64.11,-60.96,-65.46,-45.59,-48.46,-50.72,-49.35,-47.52,-50.57,-66.50,-56.69,-56.98,-60.14,-50.33,-54.90,2026-06-20 13:26:03+00:00
2026-06-20T13:27:03+00:00,-45.72,-54.08,-63.28,-60.98,-66.66,-45.36,-48.40,-50.84,-49.03,-47.54,-50.40,-66.04,-56.57,-56.82,-59.57,-50.32,-54.19,2026-06-20 13:27:03+00:00
2026-06-20T13:28:04+00:00,-45.34,-53.93,-64.07,-60.99,-66.85,-45.09,-48.11,-50.81,-49.09,-47.49,-50.50,-66.00,-56.34,-57.34,-60.09,-50.45,-54.03,2026-06-20 13:28:04+00:00
2026-06-20T13:29:04+00:00,-45.74,-54.33,-62.86,-60.91,-66.22,-44.97,-48.34,-51.14,-49.31,-47.48,-50.64,-61.00,-56.37,-57.36,-60.01,-50.14,-54.84,2026-06-20 13:29:04+00:00
2026-06-20T13:30:04+00:00,-46.10,-54.69,-63.58,-60.62,-65.23,-45.09,-47.98,-51.11,-49.06,-47.52,-50.34,-62.95,-56.04,-57.46,-59.65,-50.02,-55.27,2026-06-20 13:30:04+00:00
2026-06-20T13:31:05+00:00,-45.69,-54.79,-63.36,-61.38,-66.49,-44.88,-48.25,-51.20,-49.32,-47.51,-50.29,-62.90,-56.40,-57.83,-60.24,-49.95,-54.24,2026-06-20 13:31:05+00:00
2026-06-20T13:32:03+00:00,-45.66,-55.14,-63.03,-61.52,-66.26,-44.88,-48.14,-51.17,-49.25,-47.58,-50.35,-62.54,-56.21,-58.05,-59.71,-49.81,-55.08,2026-06-20 13:32:03+00:00
2026-06-20T13:33:03+00:00,-45.85,-54.85,-62.41,-61.04,-66.01,-44.61,-48.01,-51.07,-49.24,-47.27,-50.40,-61.38,-56.04,-57.80,-60.08,-49.58,-54.59,2026-06-20 13:33:03+00:00
2026-06-20T13:34:04+00:00,-46.03,-54.97,-62.83,-61.20,-66.23,-44.89,-48.03,-51.14,-49.18,-47.33,-50.33,-61.18,-56.37,-57.69,-59.77,-49.53,-54.62,2026-06-20 13:34:04+00:00
2026-06-20T13:35:03+00:00,-46.02,-55.00,-62.58,-61.05,-65.38,-44.97,-48.05,-51.14,-49.18,-47.60,-50.45,-61.49,-56.14,-58.37,-59.78,-49.60,-55.07,2026-06-20 13:35:03+00:00
2026-06-20T13:36:03+00:00,-45.75,-54.97,-62.31,-61.17,-66.70,-44.65,-48.23,-51.12,-49.28,-47.45,-50.20,-61.60,-56.00,-58.67,-59.57,-48.92,-55.36,2026-06-20 13:36:03+00:00
2026-06-20T13:37:03+00:00,-46.05,-55.45,-63.43,-61.04,-66.69,-44.96,-47.99,-51.07,-48.86,-47.37,-50.22,-63.08,-56.18,-58.79,-59.67,-49.03,-54.49,2026-06-20 13:37:03+00:00
2026-06-20T13:38:03+00:00,-45.72,-56.20,-63.23,-61.27,-66.61,-44.85,-48.40,-51.16,-48.63,-47.43,-50.33,-62.05,-56.22,-59.09,-59.93,-48.98,-54.40,2026-06-20 13:38:03+00:00
2026-06-20T13:39:04+00:00,-46.09,-55.18,-62.56,-61.07,-66.34,-44.89,-48.46,-51.17,-48.81,-47.25,-50.26,-61.68,-55.87,-58.95,-59.42,-48.61,-55.29,2026-06-20 13:39:04+00:00
2026-06-20T13:40:03+00:00,-46.25,-55.99,-62.75,-61.11,-66.91,-44.98,-48.40,-51.13,-48.67,-47.18,-50.37,-61.64,-55.90,-59.39,-59.21,-48.52,-55.14,2026-06-20 13:40:03+00:00
2026-06-20T13:41:04+00:00,-46.04,-55.32,-63.04,-61.18,-66.70,-44.81,-48.24,-50.83,-48.80,-47.20,-50.37,-61.83,-55.97,-59.22,-59.65,-48.41,-55.31,2026-06-20 13:41:04+00:00
2026-06-20T13:42:04+00:00,-45.49,-55.47,-62.88,-61.53,-65.83,-44.69,-48.44,-50.85,-48.60,-47.11,-49.84,-59.29,-56.22,-59.17,-59.77,-48.28,-54.71,2026-06-20 13:42:04+00:00
2026-06-20T13:43:03+00:00,-45.64,-55.55,-63.41,-61.39,-65.74,-44.75,-48.37,-50.84,-48.69,-47.04,-49.65,-63.09,-55.77,-59.56,-60.29,-48.27,-54.55,2026-06-20 13:43:03+00:00
2026-06-20T13:44:04+00:00,-45.68,-55.88,-63.02,-61.40,-66.21,-44.96,-48.71,-50.92,-48.72,-47.04,-49.10,-61.59,-55.76,-59.90,-59.82,-48.26,-55.37,2026-06-20 13:44:04+00:00
2026-06-20T13:45:04+00:00,-45.92,-56.06,-62.85,-61.16,-65.48,-44.88,-48.58,-50.90,-48.62,-46.95,-49.50,-61.27,-55.68,-60.05,-59.99,-48.12,-55.53,2026-06-20 13:45:04+00:00
2026-06-20T13:46:03+00:00,-45.97,-55.94,-62.67,-61.31,-65.77,-44.87,-47.98,-51.12,-48.71,-46.96,-49.58,-61.62,-55.89,-60.57,-59.83,-48.06,-55.47,2026-06-20 13:46:03+00:00
2026-06-20T13:47:03+00:00,-45.93,-55.39,-62.78,-61.45,-66.62,-45.11,-48.14,-51.15,-48.70,-46.88,-49.51,-61.52,-56.05,-60.75,-59.78,-48.25,-55.34,2026-06-20 13:47:03+00:00
2026-06-20T13:48:04+00:00,-46.21,-56.22,-62.26,-60.99,-66.27,-44.97,-48.32,-51.15,-47.98,-46.75,-49.67,-61.42,-55.73,-61.26,-60.06,-48.23,-54.59,2026-06-20 13:48:04+00:00
2026-06-20T13:49:03+00:00,-46.20,-56.14,-63.15,-61.31,-66.26,-45.20,-48.46,-50.87,-47.53,-46.80,-49.96,-63.01,-56.28,-61.72,-59.72,-48.32,-55.21,2026-06-20 13:49:03+00:00
2026-06-20T13:50:03+00:00,-46.56,-56.02,-63.05,-61.16,-65.92,-45.21,-48.26,-50.91,-47.71,-46.81,-50.21,-61.32,-55.76,-61.93,-59.52,-48.52,-55.45,2026-06-20 13:50:03+00:00
2026-06-20T13:51:04+00:00,-46.21,-56.34,-62.78,-60.92,-66.66,-45.21,-48.47,-50.87,-47.75,-46.83,-50.21,-61.50,-55.96,-62.12,-59.60,-48.63,-55.52,2026-06-20 13:51:04+00:00
2026-06-20T13:52:03+00:00,-45.90,-55.76,-62.41,-61.64,-67.05,-45.34,-47.96,-50.90,-48.26,-46.77,-50.39,-61.27,-55.76,-62.11,-59.81,-48.70,-54.59,2026-06-20 13:52:03+00:00
2026-06-20T13:53:03+00:00,-46.30,-55.92,-62.39,-61.13,-66.81,-45.53,-48.32,-50.81,-48.02,-46.62,-50.51,-61.20,-55.54,-62.06,-59.44,-48.62,-55.69,2026-06-20 13:53:03+00:00
2026-06-20T13:54:04+00:00,-46.41,-56.08,-62.69,-61.50,-65.59,-45.39,-48.34,-50.89,-47.92,-46.92,-50.51,-61.34,-55.66,-62.53,-59.69,-48.95,-55.28,2026-06-20 13:54:04+00:00
2026-06-20T13:55:04+00:00,-46.49,-56.06,-63.05,-61.39,-67.10,-45.53,-48.35,-50.92,-48.17,-46.66,-50.56,-62.95,-55.75,-62.52,-60.04,-48.74,-55.22,2026-06-20 13:55:04+00:00
2026-06-20T13:56:03+00:00,-46.53,-55.92,-62.80,-61.58,-66.01,-45.53,-48.33,-50.94,-48.04,-46.85,-50.68,-61.31,-55.75,-63.24,-59.80,-49.56,-58.01,2026-06-20 13:56:03+00:00
2026-06-20T13:57:04+00:00,-46.76,-55.71,-63.40,-61.63,-66.30,-45.46,-48.50,-50.95,-47.91,-46.90,-50.64,-63.31,-55.70,-62.96,-59.37,-49.44,-58.12,2026-06-20 13:57:04+00:00
2026-06-20T13:58:04+00:00,-46.61,-55.94,-63.26,-61.25,-66.68,-45.53,-48.47,-50.97,-47.91,-46.92,-50.54,-63.03,-55.38,-62.11,-59.39,-49.77,-57.03,2026-06-20 13:58:04+00:00
2026-06-20T13:59:03+00:00,-46.83,-55.85,-62.60,-61.08,-66.57,-45.36,-48.41,-50.95,-47.89,-47.17,-50.73,-61.53,-55.30,-62.46,-60.00,-50.25,-56.58,2026-06-20 13:59:03+00:00
2026-06-20T14:00:03+00:00,-47.02,-55.63,-62.66,-61.49,-66.84,-45.59,-48.66,-50.96,-47.96,-46.97,-50.58,-61.51,-55.29,-63.29,-59.88,-49.90,-57.92,2026-06-20 14:00:03+00:00
2026-06-20T14:01:03+00:00,-46.68,-55.90,-62.58,-61.36,-66.98,-45.47,-48.30,-50.98,-47.95,-47.10,-50.74,-61.43,-55.13,-63.60,-59.87,-50.65,-57.99,2026-06-20 14:01:03+00:00
2026-06-20T14:02:03+00:00,-46.04,-56.26,-62.52,-61.75,-66.59,-45.48,-48.26,-50.98,-48.09,-47.04,-50.59,-61.41,-55.44,-63.96,-59.85,-50.82,-57.63,2026-06-20 14:02:03+00:00
2026-06-20T14:03:04+00:00,-46.34,-56.26,-62.74,-61.46,-65.35,-45.76,-48.65,-51.00,-48.85,-47.19,-50.63,-62.85,-55.22,-63.83,-59.76,-51.06,-55.74,2026-06-20 14:03:04+00:00
2026-06-20T14:04:04+00:00,-46.47,-56.32,-62.94,-61.48,-65.48,-45.61,-48.35,-51.03,-48.86,-47.19,-50.47,-62.57,-55.01,-63.55,-59.45,-51.12,-58.14,2026-06-20 14:04:04+00:00
2026-06-20T14:05:03+00:00,-46.63,-55.55,-62.16,-61.39,-66.25,-45.53,-48.57,-51.01,-48.76,-47.27,-50.36,-61.44,-54.86,-64.10,-60.08,-51.34,-52.89,2026-06-20 14:05:03+00:00
2026-06-20T14:06:04+00:00,-46.48,-55.52,-62.61,-61.33,-66.16,-45.76,-48.21,-50.99,-47.96,-47.25,-50.51,-61.11,-54.92,-63.80,-59.73,-51.23,-52.90,2026-06-20 14:06:04+00:00
2026-06-20T14:07:04+00:00,-46.35,-56.09,-62.52,-61.17,-66.09,-45.68,-48.28,-51.03,-48.20,-47.29,-50.50,-61.20,-54.91,-63.83,-59.90,-51.20,-53.13,2026-06-20 14:07:04+00:00
2026-06-20T14:08:03+00:00,-46.37,-55.75,-62.27,-61.32,-66.02,-45.69,-48.46,-51.06,-47.94,-47.38,-50.01,-60.91,-55.24,-63.94,-60.01,-51.18,-54.32,2026-06-20 14:08:03+00:00
2026-06-20T14:09:04+00:00,-46.27,-55.30,-62.20,-61.12,-66.92,-45.53,-48.30,-51.03,-47.82,-47.42,-50.17,-60.54,-55.15,-63.33,-60.31,-51.26,-53.03,2026-06-20 14:09:04+00:00
2026-06-20T14:10:04+00:00,-46.19,-55.23,-62.10,-61.24,-66.06,-45.74,-48.10,-51.01,-48.14,-47.47,-50.37,-62.02,-55.09,-63.53,-59.74,-51.57,-52.94,2026-06-20 14:10:04+00:00
2026-06-20T14:11:03+00:00,-46.37,-55.28,-62.43,-61.46,-65.63,-45.66,-48.36,-51.12,-47.98,-47.58,-50.26,-59.67,-55.56,-63.93,-59.67,-51.73,-54.34,2026-06-20 14:11:03+00:00
2026-06-20T14:12:04+00:00,-46.23,-56.03,-63.26,-61.23,-66.15,-45.65,-48.18,-51.06,-48.74,-47.65,-50.14,-62.37,-55.11,-63.93,-59.96,-52.22,-52.84,2026-06-20 14:12:04+00:00
2026-06-20T14:13:04+00:00,-45.88,-55.43,-63.04,-61.45,-66.83,-45.69,-48.25,-51.07,-48.59,-47.43,-50.06,-62.62,-55.31,-64.01,-59.65,-52.23,-52.91,2026-06-20 14:13:04+00:00
2026-06-20T14:14:03+00:00,-45.77,-55.28,-62.46,-61.05,-67.13,-45.72,-48.35,-51.10,-48.64,-47.35,-50.07,-61.72,-55.26,-63.47,-59.98,-51.64,-53.18,2026-06-20 14:14:03+00:00
2026-06-20T14:15:03+00:00,-46.18,-55.55,-63.57,-61.46,-65.66,-45.86,-48.02,-50.95,-48.93,-47.66,-50.00,-62.70,-55.63,-63.43,-60.03,-52.12,-54.48,2026-06-20 14:15:03+00:00
2026-06-20T14:16:04+00:00,-45.97,-55.68,-62.56,-61.10,-65.95,-45.57,-48.51,-50.96,-48.77,-47.55,-49.81,-62.52,-55.29,-62.86,-60.07,-52.17,-52.92,2026-06-20 14:16:04+00:00
2026-06-20T14:17:03+00:00,-46.32,-54.97,-62.92,-61.63,-66.00,-45.79,-48.34,-51.02,-48.82,-47.83,-49.76,-61.66,-55.54,-62.55,-60.12,-51.94,-53.15,2026-06-20 14:17:03+00:00
2026-06-20T14:18:04+00:00,-45.93,-55.39,-63.03,-61.66,-66.66,-45.75,-48.54,-50.96,-48.84,-47.70,-49.79,-62.19,-55.16,-61.87,-60.15,-52.23,-54.58,2026-06-20 14:18:04+00:00
2026-06-20T14:19:04+00:00,-46.34,-56.04,-63.00,-61.69,-66.10,-45.75,-48.37,-51.01,-48.68,-47.87,-49.81,-62.31,-55.29,-61.40,-59.74,-52.50,-53.01,2026-06-20 14:19:04+00:00
2026-06-20T14:20:03+00:00,-46.02,-55.86,-62.89,-61.27,-66.49,-45.78,-48.28,-50.99,-48.74,-47.73,-49.97,-62.09,-54.79,-61.10,-60.06,-51.95,-53.16,2026-06-20 14:20:03+00:00
2026-06-20T14:21:03+00:00,-46.13,-55.84,-63.47,-61.53,-65.98,-45.65,-48.45,-50.99,-49.34,-47.87,-50.34,-62.60,-55.06,-61.06,-59.73,-51.89,-53.15,2026-06-20 14:21:03+00:00
2026-06-20T14:22:04+00:00,-46.35,-56.29,-63.16,-61.49,-66.59,-45.79,-48.52,-51.02,-48.28,-47.95,-49.67,-62.49,-55.00,-60.32,-60.01,-51.88,-58.00,2026-06-20 14:22:04+00:00
2026-06-20T14:23:03+00:00,-46.29,-56.38,-63.42,-61.37,-66.56,-45.76,-48.65,-51.00,-48.12,-48.08,-50.32,-62.26,-55.13,-60.00,-59.74,-51.86,-57.67,2026-06-20 14:23:03+00:00
2026-06-20T14:24:03+00:00,-46.39,-55.95,-63.17,-61.10,-66.13,-45.77,-48.43,-51.11,-48.20,-48.09,-50.58,-62.77,-55.11,-59.99,-59.53,-51.73,-58.29,2026-06-20 14:24:03+00:00
2026-06-20T14:25:04+00:00,-46.18,-56.35,-63.34,-61.34,-66.79,-45.83,-48.63,-51.14,-48.17,-47.97,-50.74,-63.44,-55.21,-59.71,-60.18,-51.36,-57.98,2026-06-20 14:25:04+00:00
2026-06-20T14:26:04+00:00,-46.43,-56.07,-63.62,-61.68,-66.21,-45.67,-48.56,-51.24,-48.27,-48.09,-50.64,-63.73,-54.87,-59.46,-59.72,-51.17,-58.40,2026-06-20 14:26:04+00:00
2026-06-20T14:27:03+00:00,-45.99,-55.36,-63.36,-61.49,-66.57,-46.02,-48.39,-51.01,-48.21,-48.20,-50.46,-63.52,-55.05,-58.93,-59.57,-50.48,-57.70,2026-06-20 14:27:03+00:00
2026-06-20T14:28:04+00:00,-45.99,-55.74,-63.89,-61.44,-66.20,-45.66,-48.64,-51.01,-48.03,-48.17,-50.47,-63.84,-55.01,-58.94,-60.18,-50.35,-58.38,2026-06-20 14:28:04+00:00
2026-06-20T14:29:04+00:00,-46.28,-55.40,-62.43,-61.60,-66.22,-45.97,-48.72,-51.10,-48.09,-48.30,-50.50,-62.79,-54.86,-58.61,-59.66,-50.15,-56.31,2026-06-20 14:29:04+00:00
2026-06-20T14:30:03+00:00,-46.48,-55.73,-63.21,-61.17,-66.27,-45.94,-48.90,-51.04,-48.29,-48.11,-50.47,-63.35,-55.16,-58.45,-59.62,-49.63,-58.47,2026-06-20 14:30:03+00:00
2026-06-20T14:31:04+00:00,-46.06,-55.30,-62.52,-61.43,-66.70,-45.77,-48.21,-51.00,-48.22,-48.43,-50.58,-59.73,-55.32,-58.21,-59.92,-49.38,-56.11,2026-06-20 14:31:04+00:00
2026-06-20T14:32:03+00:00,-45.85,-56.01,-62.88,-61.35,-66.33,-45.75,-48.87,-51.07,-48.19,-48.18,-50.49,-61.12,-55.17,-58.41,-60.28,-49.13,-56.32,2026-06-20 14:32:03+00:00
2026-06-20T14:33:03+00:00,-46.23,-55.69,-62.11,-61.34,-66.07,-45.70,-48.54,-51.00,-47.14,-48.30,-50.39,-60.13,-55.14,-57.90,-59.52,-48.99,-57.48,2026-06-20 14:33:03+00:00
2026-06-20T14:34:04+00:00,-46.10,-55.62,-62.70,-61.67,-65.15,-45.85,-49.08,-51.01,-47.70,-48.32,-50.36,-59.79,-54.88,-58.02,-59.99,-48.81,-58.13,2026-06-20 14:34:04+00:00
2026-06-20T14:35:03+00:00,-46.25,-55.66,-63.03,-61.19,-66.53,-45.95,-48.54,-51.00,-47.62,-48.29,-50.25,-62.73,-55.10,-57.55,-59.35,-48.73,-58.46,2026-06-20 14:35:03+00:00
2026-06-20T14:36:04+00:00,-46.49,-55.61,-62.22,-61.61,-66.18,-45.92,-48.98,-50.91,-47.56,-48.11,-50.23,-59.69,-54.90,-57.30,-59.06,-49.04,-58.36,2026-06-20 14:36:04+00:00
2026-06-20T14:37:04+00:00,-46.46,-55.23,-61.97,-61.21,-66.52,-45.93,-48.51,-50.97,-48.02,-48.24,-50.31,-62.52,-55.67,-57.32,-59.74,-48.91,-56.48,2026-06-20 14:37:04+00:00
2026-06-20T14:38:03+00:00,-46.63,-55.96,-63.69,-61.66,-65.72,-45.76,-48.99,-50.95,-47.36,-48.21,-50.22,-63.37,-55.70,-57.15,-60.29,-49.00,-58.15,2026-06-20 14:38:03+00:00
2026-06-20T14:39:04+00:00,-46.49,-56.08,-62.44,-61.29,-66.10,-46.01,-48.67,-51.08,-48.08,-48.28,-50.08,-58.61,-55.62,-57.13,-59.37,-48.92,-58.35,2026-06-20 14:39:04+00:00
2026-06-20T14:40:04+00:00,-46.76,-55.62,-62.43,-61.40,-66.31,-45.86,-48.76,-51.08,-47.95,-48.08,-50.03,-60.17,-55.59,-56.99,-59.64,-49.15,-58.21,2026-06-20 14:40:04+00:00
2026-06-20T14:41:03+00:00,-46.61,-56.52,-62.50,-61.46,-66.66,-45.98,-48.80,-51.01,-47.33,-48.17,-49.96,-59.53,-55.49,-57.21,-59.54,-48.92,-58.52,2026-06-20 14:41:03+00:00
2026-06-20T14:42:03+00:00,-47.01,-56.58,-63.00,-61.68,-66.50,-45.76,-48.68,-50.91,-47.97,-47.91,-49.91,-61.46,-55.54,-56.78,-59.61,-48.74,-58.61,2026-06-20 14:42:03+00:00
2026-06-20T14:43:04+00:00,-47.09,-56.69,-62.55,-61.80,-65.66,-45.66,-48.81,-50.93,-47.86,-47.80,-49.82,-59.82,-55.47,-56.82,-59.60,-48.18,-58.49,2026-06-20 14:43:04+00:00
2026-06-20T14:44:03+00:00,-47.29,-55.80,-62.44,-61.52,-65.54,-45.72,-48.64,-50.98,-47.81,-47.94,-49.83,-59.26,-55.57,-56.87,-59.78,-48.15,-58.40,2026-06-20 14:44:03+00:00
2026-06-20T14:45:03+00:00,-47.04,-55.67,-62.58,-61.85,-66.47,-45.88,-48.34,-50.97,-47.89,-47.57,-49.73,-59.74,-55.67,-56.84,-59.86,-48.39,-58.28,2026-06-20 14:45:03+00:00
2026-06-20T14:46:04+00:00,-46.98,-56.12,-61.87,-61.53,-65.81,-45.70,-48.72,-50.91,-47.71,-47.68,-49.90,-60.59,-55.55,-57.01,-59.57,-48.08,-57.65,2026-06-20 14:46:04+00:00
2026-06-20T14:47:03+00:00,-46.84,-56.24,-62.61,-61.51,-66.80,-45.73,-48.80,-50.98,-48.26,-47.65,-49.90,-62.04,-55.62,-57.31,-59.69,-48.07,-58.38,2026-06-20 14:47:03+00:00
2026-06-20T14:48:03+00:00,-46.93,-56.42,-62.57,-61.09,-66.05,-45.68,-48.62,-50.91,-48.46,-47.66,-49.88,-60.32,-55.64,-57.14,-60.05,-47.90,-58.53,2026-06-20 14:48:03+00:00
2026-06-20T14:49:04+00:00,-46.44,-56.04,-62.67,-61.09,-66.37,-45.91,-48.48,-50.98,-48.75,-47.53,-49.80,-61.85,-55.88,-57.25,-59.44,-47.76,-58.82,2026-06-20 14:49:04+00:00
2026-06-20T14:50:04+00:00,-46.58,-56.82,-62.47,-61.17,-65.89,-45.72,-48.96,-51.07,-48.67,-47.41,-49.91,-60.26,-55.95,-57.57,-59.90,-47.99,-58.29,2026-06-20 14:50:04+00:00
2026-06-20T14:51:03+00:00,-46.64,-56.08,-61.54,-61.07,-66.26,-45.57,-48.68,-50.91,-47.88,-47.57,-49.95,-61.22,-56.02,-57.50,-59.21,-47.93,-55.60,2026-06-20 14:51:03+00:00
2026-06-20T14:52:04+00:00,-46.82,-56.76,-63.09,-61.15,-66.54,-45.73,-49.11,-50.98,-48.02,-47.73,-49.80,-61.25,-56.22,-57.71,-59.19,-48.06,-58.24,2026-06-20 14:52:04+00:00
2026-06-20T14:53:04+00:00,-46.22,-56.04,-63.67,-60.93,-66.33,-45.81,-48.58,-50.97,-48.81,-47.69,-50.78,-63.10,-56.22,-57.65,-59.26,-47.74,-57.90,2026-06-20 14:53:04+00:00
2026-06-20T14:54:03+00:00,-46.92,-56.49,-63.56,-61.38,-65.88,-45.60,-49.08,-51.06,-48.11,-47.72,-50.91,-62.58,-55.83,-57.03,-59.15,-48.15,-58.18,2026-06-20 14:54:03+00:00
2026-06-20T14:55:03+00:00,-47.06,-56.29,-63.96,-61.25,-66.96,-45.79,-49.21,-51.08,-48.23,-47.66,-50.94,-63.65,-56.26,-57.13,-59.67,-48.18,-58.01,2026-06-20 14:55:03+00:00
2026-06-20T14:56:04+00:00,-46.94,-56.19,-63.64,-61.26,-66.05,-45.71,-48.85,-51.11,-48.30,-47.83,-51.10,-62.94,-55.84,-56.73,-59.64,-48.18,-57.49,2026-06-20 14:56:04+00:00
2026-06-20T14:57:03+00:00,-46.81,-56.21,-62.86,-60.46,-66.21,-45.72,-49.10,-51.07,-47.90,-47.75,-46.39,-62.99,-56.54,-56.72,-57.92,-48.09,-54.54,2026-06-20 14:57:03+00:00
2026-06-20T14:58:03+00:00,-46.93,-56.61,-64.33,-61.28,-66.06,-45.78,-48.85,-51.12,-48.03,-47.62,-51.06,-63.82,-56.25,-58.07,-59.81,-48.46,-57.87,2026-06-20 14:58:03+00:00
2026-06-20T14:59:04+00:00,-46.09,-55.41,-60.40,-61.38,-66.00,-45.78,-48.51,-50.93,-47.88,-48.16,-50.38,-61.19,-55.81,-58.41,-59.90,-51.61,-56.48,2026-06-20 14:59:04+00:00
2026-06-20T15:00:04+00:00,-46.93,-56.10,-64.10,-61.39,-66.21,-46.03,-48.42,-51.08,-48.35,-48.60,-49.91,-63.62,-55.93,-48.26,-60.17,-55.23,-58.19,2026-06-20 15:00:04+00:00
2026-06-20T15:01:04+00:00,-47.11,-55.81,-64.77,-61.80,-66.19,-46.19,-48.61,-51.09,-48.14,-48.76,-49.56,-64.00,-55.88,-46.21,-60.41,-52.64,-58.23,2026-06-20 15:01:04+00:00
2026-06-20T15:02:04+00:00,-46.28,-55.89,-64.05,-61.22,-66.31,-46.02,-48.57,-51.13,-48.18,-48.57,-49.63,-62.99,-55.76,-45.59,-60.09,-51.36,-57.92,2026-06-20 15:02:04+00:00
2026-06-20T15:03:04+00:00,-46.67,-56.50,-63.63,-61.49,-66.30,-46.20,-48.66,-51.10,-48.04,-48.34,-49.44,-62.86,-55.56,-45.16,-60.01,-50.64,-56.69,2026-06-20 15:03:04+00:00
2026-06-20T15:04:03+00:00,-46.86,-56.90,-64.13,-61.11,-65.97,-46.19,-48.89,-51.15,-48.31,-48.40,-49.39,-63.43,-55.59,-45.03,-59.85,-50.18,-58.20,2026-06-20 15:04:03+00:00
2026-06-20T15:05:04+00:00,-46.94,-57.03,-63.93,-61.21,-66.85,-46.27,-48.68,-51.14,-48.11,-48.47,-49.01,-63.50,-55.79,-44.76,-59.92,-49.87,-58.10,2026-06-20 15:05:04+00:00
2026-06-20T15:06:04+00:00,-46.80,-56.31,-64.59,-61.25,-65.05,-46.35,-48.94,-51.09,-48.71,-48.27,-49.16,-62.99,-55.69,-44.92,-59.96,-49.34,-58.42,2026-06-20 15:06:04+00:00
2026-06-20T15:07:03+00:00,-46.29,-56.48,-64.14,-61.39,-65.40,-46.06,-48.47,-51.12,-47.69,-48.52,-49.24,-62.75,-55.65,-45.07,-59.93,-49.60,-57.94,2026-06-20 15:07:03+00:00
2026-06-20T15:08:03+00:00,-47.04,-56.44,-63.82,-61.22,-66.40,-46.23,-48.65,-51.06,-47.66,-48.50,-49.24,-62.55,-55.39,-45.11,-60.04,-49.20,-58.28,2026-06-20 15:08:03+00:00
2026-06-20T15:09:04+00:00,-47.02,-57.02,-63.63,-60.92,-66.01,-46.10,-48.93,-51.09,-47.78,-48.31,-48.12,-62.23,-55.29,-45.26,-59.86,-49.32,-54.27,2026-06-20 15:09:04+00:00
2026-06-20T15:10:03+00:00,-47.13,-56.74,-64.23,-61.36,-66.52,-46.28,-48.64,-51.11,-47.80,-48.44,-49.11,-63.10,-55.47,-45.57,-59.45,-49.66,-58.25,2026-06-20 15:10:03+00:00
2026-06-20T15:11:03+00:00,-46.79,-56.59,-63.77,-61.45,-65.77,-46.62,-48.73,-51.14,-47.83,-48.29,-49.20,-63.38,-55.35,-45.82,-59.76,-49.83,-58.19,2026-06-20 15:11:03+00:00
2026-06-20T15:12:04+00:00,-46.91,-56.60,-64.25,-61.07,-66.08,-46.59,-49.06,-51.11,-47.84,-48.47,-49.24,-63.27,-55.13,-45.98,-59.37,-50.09,-58.45,2026-06-20 15:12:04+00:00
2026-06-20T15:13:03+00:00,-47.06,-57.13,-64.35,-61.45,-66.53,-46.59,-48.78,-51.08,-48.00,-48.48,-49.25,-63.45,-55.10,-46.32,-59.62,-50.08,-58.45,2026-06-20 15:13:03+00:00
2026-06-20T15:14:03+00:00,-46.75,-56.51,-64.17,-61.29,-65.43,-46.57,-49.10,-51.19,-48.06,-48.47,-49.21,-63.54,-55.41,-46.44,-59.70,-50.35,-58.35,2026-06-20 15:14:03+00:00
2026-06-20T15:15:04+00:00,-47.07,-56.49,-63.71,-61.29,-66.24,-46.54,-49.13,-51.09,-48.09,-48.38,-50.02,-61.44,-55.43,-46.80,-59.77,-49.94,-58.26,2026-06-20 15:15:04+00:00
2026-06-20T15:16:03+00:00,-47.09,-56.78,-64.14,-61.48,-66.93,-46.66,-48.99,-51.14,-48.12,-48.24,-50.13,-62.63,-55.55,-47.06,-59.71,-49.82,-58.56,2026-06-20 15:16:03+00:00
2026-06-20T15:17:03+00:00,-46.37,-57.89,-64.59,-61.48,-66.26,-46.77,-49.07,-51.25,-48.08,-48.23,-49.99,-62.26,-55.66,-47.27,-59.76,-50.17,-58.53,2026-06-20 15:17:03+00:00
2026-06-20T15:18:04+00:00,-46.06,-57.47,-63.48,-61.76,-65.93,-46.74,-49.24,-51.22,-48.09,-48.35,-50.13,-62.11,-55.50,-47.50,-59.51,-50.39,-57.85,2026-06-20 15:18:04+00:00
2026-06-20T15:19:03+00:00,-46.57,-57.76,-64.34,-61.49,-66.16,-46.95,-48.96,-51.18,-48.45,-48.19,-50.28,-63.96,-55.50,-47.79,-59.70,-50.61,-58.78,2026-06-20 15:19:03+00:00
2026-06-20T15:20:03+00:00,-46.73,-56.77,-63.41,-61.40,-66.80,-46.59,-49.12,-51.21,-47.77,-48.10,-50.06,-63.69,-55.35,-47.95,-59.93,-50.50,-58.52,2026-06-20 15:20:03+00:00
2026-06-20T15:21:04+00:00,-46.78,-57.75,-64.14,-61.10,-66.99,-46.59,-49.17,-51.19,-47.88,-48.42,-50.26,-63.25,-55.75,-48.25,-60.02,-51.04,-58.15,2026-06-20 15:21:04+00:00
2026-06-20T15:22:04+00:00,-47.28,-56.85,-64.38,-61.25,-65.68,-46.54,-48.83,-51.23,-47.83,-48.11,-50.11,-63.91,-55.47,-48.62,-59.40,-50.77,-57.73,2026-06-20 15:22:04+00:00
2026-06-20T15:23:03+00:00,-47.30,-56.44,-63.47,-61.42,-65.24,-46.64,-48.73,-51.09,-47.77,-48.14,-50.00,-63.20,-55.73,-49.03,-59.67,-51.03,-58.42,2026-06-20 15:23:03+00:00
2026-06-20T15:24:04+00:00,-47.03,-57.13,-64.23,-61.51,-65.20,-46.57,-48.70,-51.06,-47.42,-48.03,-50.21,-63.54,-55.81,-49.17,-59.48,-50.79,-58.55,2026-06-20 15:24:04+00:00
2026-06-20T15:25:04+00:00,-46.90,-57.12,-64.29,-61.38,-66.07,-46.19,-48.51,-51.17,-47.23,-48.06,-49.83,-63.23,-55.65,-49.72,-59.55,-50.78,-57.59,2026-06-20 15:25:04+00:00
2026-06-20T15:26:03+00:00,-46.70,-57.36,-64.19,-61.17,-66.01,-46.63,-48.80,-51.15,-47.16,-47.99,-49.77,-63.31,-55.89,-50.12,-59.54,-51.11,-58.64,2026-06-20 15:26:03+00:00
2026-06-20T15:27:04+00:00,-46.57,-57.12,-62.70,-61.32,-66.15,-46.58,-48.96,-51.19,-48.10,-47.87,-49.67,-62.48,-55.49,-50.48,-59.41,-50.98,-58.35,2026-06-20 15:27:04+00:00
2026-06-20T15:28:04+00:00,-46.46,-56.70,-63.96,-61.02,-66.88,-46.54,-48.96,-51.22,-47.67,-47.87,-49.83,-63.66,-55.65,-51.15,-59.34,-51.14,-58.34,2026-06-20 15:28:04+00:00
2026-06-20T15:29:03+00:00,-46.78,-57.01,-63.88,-61.45,-66.27,-46.48,-49.02,-51.18,-47.81,-47.96,-49.89,-63.25,-55.55,-51.49,-59.18,-50.67,-58.82,2026-06-20 15:29:03+00:00
2026-06-20T15:30:04+00:00,-46.17,-57.40,-64.29,-61.49,-67.08,-46.57,-48.97,-51.17,-47.96,-47.73,-49.60,-63.24,-55.78,-52.09,-59.43,-50.58,-56.99,2026-06-20 15:30:04+00:00
2026-06-20T15:31:04+00:00,-46.18,-57.41,-64.53,-61.10,-65.64,-46.59,-48.68,-51.23,-48.16,-47.58,-49.29,-63.74,-55.70,-52.42,-59.59,-50.42,-57.95,2026-06-20 15:31:04+00:00
2026-06-20T15:32:04+00:00,-46.89,-57.06,-64.23,-61.21,-66.87,-46.70,-48.63,-51.21,-47.60,-47.67,-49.87,-63.37,-55.86,-52.89,-59.30,-50.09,-57.85,2026-06-20 15:32:04+00:00
2026-06-20T15:33:04+00:00,-46.45,-57.66,-64.05,-61.12,-66.18,-46.79,-48.90,-51.24,-47.44,-47.82,-49.87,-62.80,-55.67,-53.64,-59.91,-49.98,-56.91,2026-06-20 15:33:04+00:00
2026-06-20T15:34:03+00:00,-46.75,-57.63,-64.24,-61.21,-66.50,-46.58,-48.85,-51.19,-47.63,-47.68,-49.60,-63.37,-55.95,-53.71,-59.39,-49.68,-58.03,2026-06-20 15:34:03+00:00
2026-06-20T15:35:04+00:00,-46.96,-57.23,-64.44,-61.56,-66.94,-46.92,-48.98,-51.25,-47.54,-47.85,-49.80,-63.64,-55.75,-54.50,-59.93,-49.71,-58.08,2026-06-20 15:35:04+00:00
2026-06-20T15:36:04+00:00,-47.07,-57.61,-64.23,-61.11,-65.66,-46.98,-49.05,-51.22,-47.71,-47.54,-49.31,-63.66,-55.93,-55.14,-59.84,-49.59,-56.57,2026-06-20 15:36:04+00:00
2026-06-20T15:37:03+00:00,-46.11,-57.40,-65.14,-61.43,-66.44,-46.71,-49.05,-51.25,-47.78,-47.61,-49.51,-63.94,-56.16,-55.58,-59.10,-49.71,-58.02,2026-06-20 15:37:03+00:00
2026-06-20T15:38:04+00:00,-45.93,-57.29,-64.43,-61.23,-65.95,-46.78,-48.92,-51.26,-47.86,-47.49,-49.04,-65.19,-56.24,-56.14,-59.37,-49.42,-57.76,2026-06-20 15:38:04+00:00
2026-06-20T15:39:04+00:00,-46.12,-57.39,-64.97,-61.09,-66.07,-46.67,-49.08,-51.28,-47.89,-47.67,-49.27,-65.91,-56.39,-56.32,-59.64,-49.33,-57.85,2026-06-20 15:39:04+00:00
2026-06-20T15:40:03+00:00,-46.45,-57.40,-64.77,-61.19,-66.06,-46.85,-48.39,-51.38,-47.97,-47.55,-50.23,-65.68,-56.01,-56.81,-59.59,-49.13,-57.23,2026-06-20 15:40:03+00:00
2026-06-20T15:41:03+00:00,-46.59,-57.65,-64.80,-61.41,-66.45,-46.77,-48.99,-51.12,-47.89,-47.64,-50.61,-65.66,-55.99,-57.29,-59.85,-49.41,-57.28,2026-06-20 15:41:03+00:00
2026-06-20T15:42:04+00:00,-46.43,-57.08,-64.75,-61.46,-66.55,-46.64,-48.50,-51.19,-47.94,-47.65,-50.45,-65.48,-56.04,-57.76,-60.09,-49.37,-57.87,2026-06-20 15:42:04+00:00
2026-06-20T15:43:04+00:00,-46.67,-57.26,-63.25,-60.99,-65.96,-46.75,-48.61,-51.16,-47.76,-47.72,-50.48,-63.92,-55.85,-57.43,-59.44,-49.45,-55.49,2026-06-20 15:43:04+00:00
2026-06-20T15:44:03+00:00,-46.39,-57.48,-64.23,-61.25,-66.49,-46.80,-49.10,-51.16,-47.79,-47.67,-50.82,-65.40,-55.89,-57.98,-60.00,-49.30,-57.88,2026-06-20 15:44:03+00:00
2026-06-20T15:45:04+00:00,-46.27,-57.46,-64.86,-61.17,-65.99,-46.71,-48.86,-51.32,-47.85,-47.70,-50.47,-65.63,-55.89,-57.97,-59.67,-49.16,-57.71,2026-06-20 15:45:04+00:00
2026-06-20T15:46:04+00:00,-46.83,-57.31,-64.61,-61.34,-65.67,-46.45,-49.26,-51.25,-47.85,-47.70,-50.60,-64.95,-55.99,-58.28,-59.87,-49.04,-58.14,2026-06-20 15:46:04+00:00
2026-06-20T15:47:03+00:00,-46.43,-57.28,-64.97,-61.25,-66.20,-46.79,-49.36,-51.27,-47.80,-47.67,-50.41,-65.33,-55.96,-58.03,-59.90,-49.46,-58.29,2026-06-20 15:47:03+00:00
2026-06-20T15:48:03+00:00,-46.75,-57.69,-64.82,-61.09,-66.48,-46.60,-48.86,-51.30,-47.91,-47.62,-50.43,-65.88,-56.01,-57.94,-59.58,-49.33,-57.40,2026-06-20 15:48:03+00:00
2026-06-20T15:49:04+00:00,-46.80,-57.18,-64.14,-61.52,-66.05,-46.54,-49.02,-51.28,-47.85,-47.47,-50.46,-65.06,-55.89,-57.45,-60.11,-49.43,-58.03,2026-06-20 15:49:04+00:00
2026-06-20T15:50:03+00:00,-46.61,-57.52,-64.53,-61.19,-67.06,-46.68,-48.90,-51.27,-47.93,-47.49,-50.49,-64.94,-55.82,-57.30,-59.69,-49.40,-57.64,2026-06-20 15:50:03+00:00
2026-06-20T15:51:03+00:00,-46.77,-57.44,-64.44,-61.14,-66.60,-46.68,-48.83,-51.33,-47.91,-47.68,-49.98,-65.33,-55.90,-57.27,-59.48,-48.98,-57.75,2026-06-20 15:51:03+00:00
2026-06-20T15:52:05+00:00,-46.60,-57.27,-63.84,-61.19,-66.97,-46.54,-48.86,-51.37,-47.92,-47.61,-49.69,-64.98,-56.03,-57.03,-59.79,-49.21,-58.26,2026-06-20 15:52:05+00:00
2026-06-20T15:53:04+00:00,-46.89,-56.90,-64.49,-61.28,-66.24,-46.88,-49.20,-51.37,-48.04,-47.52,-49.92,-65.44,-56.26,-57.10,-59.90,-48.79,-58.29,2026-06-20 15:53:04+00:00
2026-06-20T15:54:03+00:00,-46.78,-57.27,-64.55,-61.33,-66.25,-46.59,-49.00,-51.37,-47.87,-47.51,-50.07,-65.52,-56.07,-56.84,-59.61,-48.86,-57.98,2026-06-20 15:54:03+00:00
2026-06-20T15:55:03+00:00,-47.10,-57.16,-64.45,-61.61,-66.25,-46.76,-48.86,-51.40,-47.94,-47.58,-50.21,-65.63,-56.14,-56.85,-59.84,-49.06,-58.30,2026-06-20 15:55:03+00:00
2026-06-20T15:56:04+00:00,-46.91,-57.68,-64.62,-61.30,-66.32,-46.49,-49.41,-51.45,-47.97,-47.64,-49.98,-65.78,-56.02,-56.71,-59.49,-48.68,-58.30,2026-06-20 15:56:04+00:00
2026-06-20T15:57:04+00:00,-46.79,-57.70,-64.75,-61.54,-66.85,-46.53,-49.47,-51.45,-47.79,-47.48,-49.79,-65.24,-56.15,-56.65,-59.62,-48.48,-58.40,2026-06-20 15:57:04+00:00
2026-06-20T15:58:03+00:00,-47.03,-57.35,-64.34,-61.00,-65.87,-46.71,-48.89,-51.41,-47.95,-47.40,-49.85,-65.58,-56.35,-56.15,-59.36,-48.73,-58.23,2026-06-20 15:58:03+00:00
2026-06-20T15:59:03+00:00,-47.01,-56.74,-64.21,-61.31,-66.00,-46.56,-48.88,-51.51,-48.09,-47.43,-49.77,-65.61,-56.17,-56.29,-59.83,-48.70,-58.18,2026-06-20 15:59:03+00:00
2026-06-20T16:00:04+00:00,-46.99,-57.47,-64.13,-61.47,-66.59,-46.59,-49.12,-51.58,-48.04,-47.49,-49.90,-65.71,-56.21,-55.94,-59.80,-48.44,-57.99,2026-06-20 16:00:04+00:00
2026-06-20T16:01:04+00:00,-46.93,-57.49,-64.71,-61.27,-66.80,-46.87,-49.12,-51.64,-48.55,-47.64,-49.97,-66.05,-56.57,-55.92,-59.40,-48.44,-58.68,2026-06-20 16:01:04+00:00
2026-06-20T16:02:04+00:00,-47.02,-57.80,-64.73,-61.51,-66.80,-46.80,-49.48,-51.66,-48.83,-47.69,-50.14,-66.43,-56.83,-55.66,-59.80,-48.19,-58.87,2026-06-20 16:02:04+00:00
2026-06-20T16:03:04+00:00,-47.20,-57.23,-64.09,-61.25,-66.88,-46.58,-49.06,-51.53,-49.13,-47.64,-50.79,-65.63,-56.12,-55.41,-59.46,-48.13,-58.43,2026-06-20 16:03:04+00:00
2026-06-20T16:04:03+00:00,-46.80,-57.50,-63.45,-61.08,-66.25,-46.57,-48.74,-51.57,-49.45,-47.85,-50.71,-64.67,-56.29,-55.49,-59.37,-48.16,-56.76,2026-06-20 16:04:03+00:00
2026-06-20T16:05:03+00:00,-46.88,-58.06,-64.46,-61.10,-65.81,-46.48,-49.02,-51.69,-48.62,-47.60,-50.72,-65.84,-56.11,-55.71,-59.60,-47.91,-57.81,2026-06-20 16:05:03+00:00
2026-06-20T16:06:03+00:00,-47.08,-57.39,-64.18,-61.46,-66.07,-46.51,-49.10,-51.66,-49.21,-47.63,-50.83,-65.23,-56.32,-55.20,-59.69,-47.91,-58.37,2026-06-20 16:06:03+00:00
2026-06-20T16:07:04+00:00,-46.74,-57.25,-64.38,-61.13,-66.25,-46.41,-49.15,-51.68,-49.29,-47.77,-50.75,-65.30,-56.44,-55.13,-59.67,-47.72,-58.47,2026-06-20 16:07:04+00:00
2026-06-20T16:08:04+00:00,-46.83,-57.47,-64.01,-60.98,-65.79,-46.58,-49.18,-51.56,-48.62,-47.66,-50.65,-65.40,-56.20,-55.15,-59.25,-47.88,-57.07,2026-06-20 16:08:04+00:00
2026-06-20T16:09:03+00:00,-47.16,-57.63,-64.02,-60.91,-66.38,-46.60,-48.80,-51.70,-48.73,-47.91,-50.65,-64.98,-56.15,-54.96,-59.88,-47.44,-58.10,2026-06-20 16:09:03+00:00
2026-06-20T16:10:04+00:00,-47.40,-57.37,-64.43,-61.01,-66.51,-46.53,-49.24,-51.64,-48.46,-47.69,-50.75,-65.91,-56.11,-54.99,-59.91,-47.36,-58.32,2026-06-20 16:10:04+00:00
2026-06-20T16:11:04+00:00,-47.39,-57.94,-64.15,-60.96,-66.34,-46.49,-49.44,-51.71,-48.49,-47.95,-50.86,-65.04,-56.17,-54.57,-59.50,-47.47,-57.96,2026-06-20 16:11:04+00:00
2026-06-20T16:12:04+00:00,-47.51,-57.63,-64.39,-60.88,-65.84,-46.59,-49.05,-51.64,-48.36,-48.13,-50.55,-65.65,-55.79,-54.42,-59.71,-47.23,-58.29,2026-06-20 16:12:04+00:00
2026-06-20T16:13:03+00:00,-47.68,-57.24,-64.12,-61.11,-66.03,-46.28,-49.10,-51.61,-48.53,-48.01,-50.61,-65.37,-55.93,-54.03,-59.72,-47.08,-58.04,2026-06-20 16:13:03+00:00
2026-06-20T16:14:03+00:00,-47.20,-57.76,-63.71,-60.87,-66.86,-46.30,-49.26,-51.66,-48.25,-48.07,-50.61,-65.64,-56.71,-53.76,-59.70,-47.10,-58.09,2026-06-20 16:14:03+00:00
2026-06-20T16:15:04+00:00,-47.22,-57.80,-64.07,-61.18,-67.17,-46.33,-48.83,-51.61,-49.04,-48.12,-50.50,-65.80,-56.55,-53.23,-59.63,-46.96,-58.20,2026-06-20 16:15:04+00:00
2026-06-20T16:16:04+00:00,-46.71,-57.61,-64.14,-61.26,-67.12,-46.44,-48.63,-51.67,-49.32,-48.05,-50.18,-65.70,-56.48,-53.29,-59.43,-47.28,-58.48,2026-06-20 16:16:04+00:00
2026-06-20T16:17:03+00:00,-46.95,-57.51,-65.05,-61.14,-67.04,-46.35,-48.64,-51.73,-48.65,-48.12,-50.36,-66.07,-56.58,-52.94,-60.09,-47.35,-58.11,2026-06-20 16:17:03+00:00
2026-06-20T16:18:03+00:00,-47.09,-57.60,-64.77,-61.36,-65.83,-46.50,-48.90,-51.68,-48.73,-47.79,-50.32,-66.02,-56.37,-52.61,-59.75,-47.31,-58.23,2026-06-20 16:18:03+00:00
2026-06-20T16:19:04+00:00,-47.26,-58.02,-64.44,-61.00,-65.80,-46.39,-48.74,-51.70,-48.38,-47.99,-50.31,-65.22,-56.51,-52.48,-59.51,-47.39,-57.83,2026-06-20 16:19:04+00:00
2026-06-20T16:20:03+00:00,-46.95,-58.28,-64.62,-61.16,-66.48,-46.53,-48.83,-51.74,-48.43,-48.10,-50.15,-65.37,-56.41,-52.26,-59.86,-47.47,-58.12,2026-06-20 16:20:03+00:00
2026-06-20T16:21:03+00:00,-47.04,-58.44,-64.63,-61.26,-66.28,-46.53,-48.69,-51.77,-48.23,-48.13,-50.14,-63.55,-56.48,-52.10,-59.78,-47.33,-58.37,2026-06-20 16:21:03+00:00
2026-06-20T16:22:04+00:00,-47.06,-57.62,-64.60,-61.44,-66.06,-46.48,-48.87,-51.63,-48.17,-47.16,-47.17,-63.42,-56.23,-51.82,-59.72,-47.10,-57.22,2026-06-20 16:22:04+00:00
2026-06-20T16:23:04+00:00,-47.27,-57.33,-64.96,-61.37,-66.41,-46.30,-49.07,-51.70,-48.14,-47.15,-47.15,-63.71,-56.26,-51.37,-59.54,-47.56,-57.99,2026-06-20 16:23:04+00:00
2026-06-20T16:24:04+00:00,-47.12,-57.21,-64.74,-60.94,-65.61,-46.50,-48.84,-51.63,-47.70,-47.31,-47.35,-64.13,-56.46,-51.26,-57.45,-47.61,-58.02,2026-06-20 16:24:04+00:00
2026-06-20T16:25:03+00:00,-47.02,-57.02,-64.92,-61.35,-66.08,-46.48,-49.06,-51.66,-48.43,-47.94,-49.37,-65.68,-56.52,-51.13,-59.69,-47.90,-54.17,2026-06-20 16:25:03+00:00
2026-06-20T16:26:03+00:00,-47.08,-57.08,-64.66,-61.06,-66.40,-46.41,-49.13,-51.65,-48.32,-47.77,-49.40,-64.99,-56.25,-50.70,-59.81,-47.66,-54.92,2026-06-20 16:26:03+00:00
2026-06-20T16:27:04+00:00,-46.91,-57.42,-64.66,-61.18,-66.20,-46.52,-49.03,-51.65,-48.44,-47.73,-48.36,-64.99,-56.29,-50.61,-59.86,-47.49,-55.52,2026-06-20 16:27:04+00:00
2026-06-20T16:28:04+00:00,-46.69,-57.39,-64.84,-61.19,-66.11,-46.64,-49.35,-51.69,-48.48,-47.68,-47.99,-65.62,-56.20,-50.38,-60.00,-47.19,-54.41,2026-06-20 16:28:04+00:00
2026-06-20T16:29:03+00:00,-46.46,-57.47,-63.79,-60.94,-65.96,-46.53,-49.80,-52.44,-48.45,-47.51,-47.63,-64.45,-55.96,-50.39,-59.96,-47.45,-55.29,2026-06-20 16:29:03+00:00
2026-06-20T16:30:03+00:00,-46.95,-57.45,-64.50,-61.31,-66.05,-51.82,-49.38,-52.41,-48.61,-47.38,-47.42,-65.28,-56.02,-50.47,-59.88,-47.27,-55.11,2026-06-20 16:30:03+00:00
2026-06-20T16:31:04+00:00,-46.95,-57.00,-64.97,-61.54,-65.68,-51.96,-48.87,-52.06,-48.56,-47.26,-45.38,-65.82,-55.92,-50.42,-60.05,-47.02,-55.15,2026-06-20 16:31:04+00:00
2026-06-20T16:32:03+00:00,-47.52,-57.45,-64.78,-61.45,-67.03,-51.81,-48.91,-52.05,-48.64,-47.28,-44.45,-65.17,-55.80,-50.27,-59.82,-47.03,-55.45,2026-06-20 16:32:03+00:00
2026-06-20T16:33:04+00:00,-47.40,-57.43,-65.22,-61.59,-66.09,-51.74,-49.37,-52.06,-48.47,-47.12,-44.41,-65.81,-55.75,-50.12,-59.94,-47.19,-55.52,2026-06-20 16:33:04+00:00
2026-06-20T16:34:04+00:00,-47.04,-57.36,-65.00,-61.53,-66.62,-51.81,-49.30,-52.07,-48.52,-47.15,-43.82,-65.30,-55.70,-49.86,-59.74,-46.95,-54.41,2026-06-20 16:34:04+00:00
2026-06-20T16:35:04+00:00,-47.40,-57.71,-65.38,-61.46,-66.60,-51.94,-48.68,-51.79,-48.52,-47.16,-44.18,-65.64,-55.67,-49.81,-60.10,-46.87,-55.22,2026-06-20 16:35:04+00:00
2026-06-20T16:36:03+00:00,-47.20,-57.73,-65.01,-61.63,-66.85,-51.81,-48.70,-51.80,-48.48,-47.36,-44.12,-65.32,-55.65,-49.78,-59.83,-46.76,-55.25,2026-06-20 16:36:03+00:00
2026-06-20T16:37:04+00:00,-47.33,-56.66,-65.02,-61.40,-66.82,-51.93,-48.79,-51.83,-48.65,-47.21,-44.06,-65.43,-55.54,-49.85,-60.07,-46.64,-54.52,2026-06-20 16:37:04+00:00
2026-06-20T16:38:04+00:00,-47.26,-56.84,-65.69,-61.48,-66.08,-51.78,-49.00,-51.83,-48.50,-47.32,-44.00,-65.18,-55.56,-49.92,-60.02,-46.49,-55.21,2026-06-20 16:38:04+00:00
2026-06-20T16:39:03+00:00,-47.05,-57.05,-65.06,-61.28,-65.68,-51.89,-48.92,-51.85,-48.78,-47.49,-43.71,-65.47,-55.17,-49.63,-59.60,-46.49,-54.92,2026-06-20 16:39:03+00:00
2026-06-20T16:40:03+00:00,-47.15,-57.26,-64.92,-61.37,-65.97,-51.85,-49.16,-51.84,-48.61,-47.39,-43.79,-65.28,-55.69,-49.60,-59.59,-46.49,-55.13,2026-06-20 16:40:03+00:00
2026-06-20T16:41:04+00:00,-47.45,-57.09,-64.78,-61.47,-65.74,-51.83,-48.73,-51.79,-48.64,-47.43,-43.75,-65.60,-55.46,-49.21,-59.49,-46.10,-54.44,2026-06-20 16:41:04+00:00
2026-06-20T16:42:04+00:00,-47.22,-57.29,-65.24,-61.22,-65.94,-51.89,-49.30,-51.76,-47.75,-47.37,-43.65,-65.19,-55.92,-49.08,-59.67,-46.36,-54.31,2026-06-20 16:42:04+00:00
2026-06-20T16:43:03+00:00,-47.27,-57.69,-65.26,-61.42,-65.83,-51.89,-49.59,-51.80,-47.73,-47.47,-43.28,-65.82,-55.20,-48.86,-59.88,-46.15,-55.03,2026-06-20 16:43:03+00:00
2026-06-20T16:44:04+00:00,-47.50,-57.08,-64.11,-61.74,-66.13,-51.89,-49.24,-51.76,-47.73,-47.16,-41.49,-65.33,-55.27,-48.66,-59.53,-46.32,-54.95,2026-06-20 16:44:04+00:00
2026-06-20T16:45:04+00:00,-47.17,-56.82,-65.00,-61.36,-65.26,-51.79,-49.57,-51.77,-47.68,-46.20,-41.59,-65.54,-55.67,-48.64,-59.68,-46.38,-54.60,2026-06-20 16:45:04+00:00
2026-06-20T16:46:04+00:00,-47.68,-57.76,-65.14,-61.28,-66.03,-51.77,-49.16,-51.82,-47.74,-45.89,-41.98,-65.59,-55.63,-48.66,-59.97,-46.35,-54.61,2026-06-20 16:46:04+00:00
2026-06-20T16:47:03+00:00,-47.64,-57.54,-65.41,-61.62,-65.96,-51.84,-48.56,-51.88,-47.58,-45.42,-41.80,-65.57,-55.60,-48.23,-59.89,-46.68,-54.97,2026-06-20 16:47:03+00:00
2026-06-20T16:48:04+00:00,-47.55,-58.31,-65.12,-61.28,-65.97,-51.88,-49.24,-51.83,-47.53,-45.15,-41.38,-65.15,-55.66,-48.21,-60.23,-46.89,-55.24,2026-06-20 16:48:04+00:00
2026-06-20T16:49:04+00:00,-47.64,-57.83,-65.15,-61.16,-65.86,-51.88,-49.06,-51.86,-47.57,-45.24,-41.51,-66.46,-55.76,-48.16,-59.86,-47.16,-55.06,2026-06-20 16:49:04+00:00
2026-06-20T16:50:03+00:00,-46.39,-57.84,-65.37,-61.68,-66.19,-51.97,-48.92,-51.92,-47.54,-45.71,-42.01,-66.61,-54.76,-47.96,-59.68,-46.97,-55.32,2026-06-20 16:50:03+00:00
2026-06-20T16:51:03+00:00,-46.03,-57.71,-65.15,-61.43,-65.86,-51.88,-48.75,-51.89,-47.58,-45.28,-41.86,-65.93,-55.22,-47.72,-59.60,-47.38,-54.68,2026-06-20 16:51:03+00:00
2026-06-20T16:52:04+00:00,-46.29,-58.10,-65.15,-61.31,-65.97,-52.03,-49.09,-51.85,-47.56,-45.25,-41.91,-66.37,-55.12,-47.90,-60.11,-47.62,-55.15,2026-06-20 16:52:04+00:00
2026-06-20T16:53:04+00:00,-46.08,-58.07,-65.30,-60.96,-65.82,-51.93,-48.92,-51.87,-47.47,-45.31,-41.81,-66.14,-55.15,-47.50,-59.89,-47.59,-54.49,2026-06-20 16:53:04+00:00
2026-06-20T16:54:04+00:00,-45.90,-58.12,-64.64,-61.80,-66.47,-51.77,-48.99,-51.86,-47.46,-45.50,-41.91,-64.63,-55.12,-47.42,-59.42,-47.78,-55.24,2026-06-20 16:54:04+00:00
2026-06-20T16:55:03+00:00,-46.58,-54.59,-64.90,-61.61,-66.19,-51.84,-49.05,-51.99,-47.57,-45.55,-41.96,-65.96,-55.23,-47.20,-59.40,-48.03,-55.40,2026-06-20 16:55:03+00:00
2026-06-20T16:56:04+00:00,-46.40,-58.27,-65.13,-61.50,-65.80,-51.81,-49.28,-51.80,-47.52,-45.47,-42.02,-66.58,-55.17,-47.21,-59.47,-48.22,-55.24,2026-06-20 16:56:04+00:00
2026-06-20T16:57:04+00:00,-46.55,-55.00,-65.25,-61.80,-66.45,-51.78,-49.33,-51.75,-48.40,-45.61,-41.84,-66.38,-54.97,-46.81,-59.61,-48.40,-55.39,2026-06-20 16:57:04+00:00
2026-06-20T16:58:03+00:00,-46.69,-57.84,-64.97,-61.16,-66.02,-51.93,-49.30,-51.81,-48.39,-45.39,-41.96,-65.82,-55.01,-46.88,-59.23,-48.55,-54.46,2026-06-20 16:58:03+00:00
2026-06-20T16:59:03+00:00,-46.65,-58.02,-64.72,-61.35,-66.44,-51.81,-49.45,-51.79,-48.45,-45.41,-41.93,-65.47,-54.99,-46.90,-59.83,-48.80,-54.01,2026-06-20 16:59:03+00:00
2026-06-20T17:00:04+00:00,-47.05,-57.83,-65.27,-61.69,-66.61,-51.80,-49.46,-51.87,-48.25,-45.17,-42.00,-66.22,-54.99,-46.86,-59.76,-48.54,-55.04,2026-06-20 17:00:04+00:00
2026-06-20T17:01:04+00:00,-47.76,-58.05,-64.93,-61.58,-65.96,-51.93,-49.24,-52.01,-48.40,-45.53,-41.93,-66.11,-54.96,-46.89,-60.00,-48.66,-54.73,2026-06-20 17:01:04+00:00
2026-06-20T17:02:03+00:00,-47.31,-58.02,-65.14,-61.50,-66.31,-51.93,-49.34,-51.93,-48.40,-46.36,-43.12,-66.59,-55.11,-46.79,-59.71,-48.61,-54.91,2026-06-20 17:02:03+00:00
2026-06-20T17:03:03+00:00,-47.69,-58.20,-65.48,-61.68,-66.55,-51.86,-49.45,-52.07,-48.56,-48.78,-47.66,-66.74,-55.41,-46.85,-59.86,-48.67,-54.31,2026-06-20 17:03:03+00:00
2026-06-20T17:04:04+00:00,-46.24,-57.67,-64.88,-61.80,-66.57,-51.79,-49.12,-52.03,-48.30,-48.75,-47.76,-65.80,-55.34,-46.58,-60.08,-48.59,-55.10,2026-06-20 17:04:04+00:00
2026-06-20T17:05:04+00:00,-46.54,-57.83,-64.88,-61.39,-67.26,-51.79,-49.48,-52.03,-48.58,-48.75,-47.58,-66.19,-55.39,-46.40,-59.40,-48.82,-54.94,2026-06-20 17:05:04+00:00
2026-06-20T17:06:04+00:00,-46.84,-57.81,-65.31,-61.42,-66.10,-51.95,-49.53,-52.05,-48.56,-48.89,-47.68,-66.42,-55.52,-46.45,-59.78,-48.65,-54.15,2026-06-20 17:06:04+00:00
2026-06-20T17:07:03+00:00,-46.84,-58.05,-64.97,-61.56,-66.03,-51.94,-49.49,-52.03,-48.96,-48.75,-47.75,-65.93,-55.40,-46.49,-59.96,-49.05,-55.20,2026-06-20 17:07:03+00:00
2026-06-20T17:08:03+00:00,-47.24,-58.09,-65.27,-61.71,-66.49,-51.82,-49.23,-52.00,-49.01,-48.87,-47.49,-66.35,-55.40,-46.37,-59.97,-48.75,-54.80,2026-06-20 17:08:03+00:00
2026-06-20T17:09:04+00:00,-47.06,-57.52,-64.95,-61.45,-66.31,-51.74,-48.88,-52.01,-49.05,-46.34,-41.50,-66.13,-55.06,-46.49,-59.71,-48.83,-54.94,2026-06-20 17:09:04+00:00
2026-06-20T17:10:03+00:00,-47.34,-57.70,-64.76,-61.50,-66.26,-51.85,-49.31,-52.00,-48.82,-46.35,-41.85,-65.83,-55.12,-46.63,-59.25,-48.88,-54.90,2026-06-20 17:10:03+00:00
2026-06-20T17:11:03+00:00,-47.31,-57.45,-65.01,-61.68,-66.23,-51.95,-49.74,-52.02,-48.72,-46.33,-41.97,-65.04,-54.99,-46.54,-59.78,-49.00,-55.04,2026-06-20 17:11:03+00:00
2026-06-20T17:12:04+00:00,-47.41,-56.51,-63.75,-61.79,-66.21,-51.82,-48.86,-52.24,-49.02,-48.14,-43.98,-64.41,-54.77,-46.47,-59.87,-49.06,-54.66,2026-06-20 17:12:04+00:00
2026-06-20T17:13:04+00:00,-47.51,-57.80,-65.04,-61.89,-65.65,-50.51,-49.47,-52.36,-48.67,-46.19,-42.70,-65.90,-55.24,-46.53,-59.63,-49.34,-55.16,2026-06-20 17:13:04+00:00
2026-06-20T17:14:03+00:00,-47.45,-57.48,-65.13,-61.73,-66.72,-50.52,-49.34,-52.39,-48.96,-46.32,-42.80,-66.28,-55.24,-46.62,-59.69,-49.50,-54.00,2026-06-20 17:14:03+00:00
2026-06-20T17:15:03+00:00,-47.52,-57.14,-64.46,-62.18,-65.47,-46.69,-49.47,-52.39,-48.87,-46.59,-42.83,-64.76,-55.17,-46.23,-59.71,-49.42,-55.40,2026-06-20 17:15:03+00:00
2026-06-20T17:16:04+00:00,-47.46,-57.51,-64.79,-61.67,-65.75,-46.44,-49.73,-52.41,-48.92,-46.34,-42.69,-65.90,-55.25,-46.33,-60.08,-49.60,-54.94,2026-06-20 17:16:04+00:00
2026-06-20T17:17:04+00:00,-47.11,-57.50,-64.70,-61.19,-65.58,-46.41,-49.48,-52.54,-49.16,-46.50,-42.66,-65.55,-54.83,-46.50,-59.57,-49.82,-55.00,2026-06-20 17:17:04+00:00
2026-06-20T17:18:03+00:00,-46.78,-57.62,-64.87,-61.41,-65.87,-46.13,-49.77,-52.54,-48.99,-46.57,-42.40,-65.46,-55.01,-46.45,-59.81,-50.16,-54.30,2026-06-20 17:18:03+00:00
2026-06-20T17:19:03+00:00,-47.33,-57.70,-64.70,-61.72,-66.63,-46.09,-49.69,-52.57,-49.20,-46.40,-42.44,-65.65,-54.74,-46.26,-60.20,-50.14,-54.09,2026-06-20 17:19:03+00:00
2026-06-20T17:20:04+00:00,-47.22,-57.78,-64.74,-61.49,-66.77,-45.96,-49.28,-52.53,-49.85,-46.64,-42.25,-65.48,-54.85,-46.27,-59.85,-50.59,-55.01,2026-06-20 17:20:04+00:00
2026-06-20T17:21:04+00:00,-46.97,-57.98,-64.83,-61.47,-67.53,-45.84,-49.43,-52.62,-49.01,-46.70,-42.22,-65.42,-54.93,-46.24,-59.59,-50.59,-54.83,2026-06-20 17:21:04+00:00
2026-06-20T17:22:03+00:00,-47.18,-58.01,-64.84,-61.85,-65.49,-46.04,-49.80,-52.59,-49.42,-46.05,-42.36,-65.83,-54.91,-46.01,-59.51,-50.88,-55.04,2026-06-20 17:22:03+00:00
2026-06-20T17:23:03+00:00,-47.41,-57.71,-64.64,-61.72,-66.44,-45.95,-49.55,-52.65,-49.45,-45.33,-42.05,-65.77,-54.80,-46.13,-59.66,-51.18,-55.05,2026-06-20 17:23:03+00:00
2026-06-20T17:24:04+00:00,-46.67,-57.42,-64.89,-61.73,-65.53,-46.15,-49.07,-52.58,-49.95,-44.75,-41.46,-65.70,-54.94,-46.07,-59.73,-50.96,-54.75,2026-06-20 17:24:04+00:00
2026-06-20T17:25:04+00:00,-47.22,-58.49,-64.55,-61.86,-66.73,-45.98,-49.29,-52.61,-49.21,-44.32,-40.77,-65.89,-54.97,-46.15,-59.92,-51.00,-54.98,2026-06-20 17:25:04+00:00
2026-06-20T17:26:03+00:00,-46.60,-58.72,-64.02,-61.84,-66.85,-46.08,-49.39,-52.60,-49.12,-44.68,-41.43,-65.40,-55.01,-46.09,-60.08,-51.03,-54.57,2026-06-20 17:26:03+00:00
2026-06-20T17:27:03+00:00,-47.44,-57.99,-64.86,-61.47,-66.30,-46.05,-49.64,-52.68,-48.28,-44.48,-41.56,-66.08,-55.29,-45.99,-59.44,-51.00,-54.95,2026-06-20 17:27:03+00:00
2026-06-20T17:28:04+00:00,-46.65,-58.10,-64.60,-61.77,-66.13,-46.07,-49.34,-52.61,-48.29,-44.56,-41.52,-65.57,-55.17,-45.88,-59.88,-51.33,-55.01,2026-06-20 17:28:04+00:00
2026-06-20T17:29:04+00:00,-47.31,-58.27,-64.47,-61.80,-66.20,-46.24,-49.63,-52.63,-48.16,-44.62,-41.73,-65.07,-55.24,-45.98,-59.97,-50.82,-53.92,2026-06-20 17:29:04+00:00
2026-06-20T17:30:03+00:00,-47.29,-58.70,-64.76,-61.73,-65.73,-46.21,-49.07,-52.60,-47.59,-44.56,-41.45,-65.71,-55.35,-45.78,-59.46,-50.71,-54.52,2026-06-20 17:30:03+00:00
2026-06-20T17:31:04+00:00,-46.92,-58.15,-64.38,-61.43,-66.37,-46.33,-49.18,-52.64,-48.21,-44.63,-41.74,-65.67,-54.97,-45.67,-60.13,-50.37,-53.85,2026-06-20 17:31:04+00:00
2026-06-20T17:32:03+00:00,-47.54,-58.18,-63.97,-61.67,-65.77,-46.07,-49.88,-52.57,-47.74,-44.83,-41.77,-64.97,-55.18,-45.67,-60.04,-50.25,-55.02,2026-06-20 17:32:03+00:00
2026-06-20T17:33:03+00:00,-47.07,-57.53,-64.13,-61.66,-66.47,-46.09,-49.46,-52.57,-47.88,-44.85,-41.66,-64.60,-55.24,-45.42,-59.74,-49.96,-54.76,2026-06-20 17:33:03+00:00
2026-06-20T17:34:04+00:00,-47.54,-58.99,-64.35,-61.70,-66.17,-46.19,-49.45,-52.56,-48.45,-44.73,-42.03,-65.67,-55.31,-45.60,-59.84,-50.29,-54.80,2026-06-20 17:34:04+00:00
2026-06-20T17:35:04+00:00,-47.54,-58.01,-64.05,-62.02,-66.20,-46.22,-49.80,-52.62,-48.52,-44.57,-42.02,-65.24,-55.34,-45.29,-59.96,-49.93,-53.94,2026-06-20 17:35:04+00:00
2026-06-20T17:36:03+00:00,-47.34,-58.84,-64.22,-61.30,-66.67,-46.32,-49.44,-52.62,-48.58,-44.75,-41.81,-65.96,-55.31,-45.36,-60.03,-50.27,-54.58,2026-06-20 17:36:03+00:00
2026-06-20T17:37:03+00:00,-46.73,-58.78,-64.88,-61.52,-66.97,-46.38,-49.12,-52.56,-47.44,-44.81,-41.84,-66.19,-55.51,-45.19,-59.61,-50.07,-54.56,2026-06-20 17:37:03+00:00
2026-06-20T17:38:04+00:00,-46.81,-58.74,-64.57,-61.54,-66.73,-46.16,-49.86,-52.56,-49.09,-44.60,-41.85,-65.98,-56.26,-45.11,-59.92,-50.19,-54.64,2026-06-20 17:38:04+00:00
2026-06-20T17:39:04+00:00,-46.95,-58.98,-65.08,-61.60,-66.61,-46.48,-49.44,-52.58,-47.27,-44.42,-41.82,-66.66,-56.28,-45.04,-59.71,-50.15,-54.64,2026-06-20 17:39:04+00:00
2026-06-20T17:40:03+00:00,-47.44,-58.98,-64.77,-61.72,-66.41,-46.28,-49.05,-52.50,-49.23,-44.61,-41.81,-66.30,-56.31,-45.01,-59.65,-50.25,-54.85,2026-06-20 17:40:03+00:00
2026-06-20T17:41:04+00:00,-47.41,-58.98,-65.06,-61.57,-67.03,-46.25,-49.75,-52.51,-50.33,-44.34,-41.92,-66.13,-56.24,-44.85,-59.19,-50.05,-54.18,2026-06-20 17:41:04+00:00
2026-06-20T17:42:04+00:00,-47.31,-58.71,-64.55,-61.66,-66.44,-46.45,-49.53,-52.49,-50.02,-44.56,-42.11,-66.25,-56.56,-44.68,-59.66,-50.08,-54.89,2026-06-20 17:42:04+00:00
2026-06-20T17:43:03+00:00,-46.92,-58.54,-63.82,-61.55,-66.77,-46.46,-49.70,-52.50,-50.35,-44.79,-42.00,-65.57,-56.46,-44.63,-59.46,-49.93,-54.96,2026-06-20 17:43:03+00:00
2026-06-20T17:44:03+00:00,-47.31,-58.89,-64.56,-61.86,-66.52,-46.45,-50.19,-52.52,-49.86,-44.46,-42.03,-66.58,-56.57,-44.35,-59.74,-50.06,-55.13,2026-06-20 17:44:03+00:00
2026-06-20T17:45:04+00:00,-47.31,-58.91,-64.70,-61.65,-65.77,-46.45,-50.00,-52.47,-49.27,-44.53,-42.04,-66.71,-56.51,-44.56,-59.57,-50.20,-54.40,2026-06-20 17:45:04+00:00
2026-06-20T17:46:04+00:00,-48.59,-58.88,-64.48,-61.81,-67.38,-46.47,-49.67,-52.51,-50.68,-43.96,-41.51,-65.50,-56.97,-44.41,-59.68,-50.04,-54.85,2026-06-20 17:46:04+00:00
2026-06-20T17:47:03+00:00,-47.33,-58.88,-64.75,-61.46,-67.28,-46.60,-49.79,-52.49,-51.23,-44.04,-41.43,-66.44,-56.83,-44.40,-59.57,-49.83,-54.41,2026-06-20 17:47:03+00:00
2026-06-20T17:48:03+00:00,-47.94,-59.19,-64.80,-61.75,-65.19,-46.50,-49.98,-52.56,-47.81,-44.69,-42.26,-66.35,-56.80,-44.20,-59.79,-50.04,-54.33,2026-06-20 17:48:03+00:00
2026-06-20T17:49:04+00:00,-47.63,-58.55,-64.95,-61.62,-65.96,-46.65,-49.87,-52.52,-49.33,-44.37,-42.27,-66.62,-56.85,-44.35,-59.93,-49.95,-54.68,2026-06-20 17:49:04+00:00
2026-06-20T17:50:04+00:00,-47.68,-58.05,-63.98,-61.36,-66.30,-46.52,-49.07,-52.44,-48.30,-43.99,-41.69,-65.27,-56.84,-44.21,-59.69,-49.79,-54.90,2026-06-20 17:50:04+00:00
2026-06-20T17:51:03+00:00,-47.79,-58.30,-65.12,-60.80,-66.71,-46.62,-50.20,-52.51,-49.04,-43.84,-41.97,-66.70,-56.94,-44.16,-60.18,-49.97,-54.01,2026-06-20 17:51:03+00:00
2026-06-20T17:52:03+00:00,-48.11,-58.49,-64.78,-61.52,-66.60,-46.73,-50.60,-52.53,-49.55,-44.21,-42.86,-66.24,-56.98,-44.09,-59.48,-49.82,-55.28,2026-06-20 17:52:03+00:00
2026-06-20T17:53:04+00:00,-48.24,-58.35,-64.39,-61.48,-66.20,-46.57,-49.85,-52.49,-48.70,-44.58,-43.37,-66.47,-57.15,-44.17,-59.90,-49.82,-54.25,2026-06-20 17:53:04+00:00
2026-06-20T17:54:04+00:00,-47.49,-58.43,-64.58,-61.42,-67.03,-46.35,-49.80,-52.49,-48.26,-43.90,-42.77,-66.44,-57.26,-44.26,-59.63,-50.09,-55.00,2026-06-20 17:54:04+00:00
2026-06-20T17:55:03+00:00,-48.03,-58.45,-64.11,-61.72,-66.36,-46.37,-50.52,-52.40,-48.30,-44.00,-42.85,-57.90,-57.21,-44.15,-59.95,-50.21,-54.91,2026-06-20 17:55:03+00:00
2026-06-20T17:56:03+00:00,-47.68,-58.53,-64.08,-60.89,-66.39,-46.23,-50.27,-52.44,-48.48,-43.97,-42.92,-56.15,-57.03,-44.26,-59.67,-50.22,-54.12,2026-06-20 17:56:03+00:00
2026-06-20T17:57:04+00:00,-47.95,-58.93,-64.36,-61.57,-66.49,-45.52,-50.16,-52.49,-48.98,-43.96,-42.96,-56.96,-57.01,-44.30,-59.55,-50.52,-55.00,2026-06-20 17:57:04+00:00
2026-06-20T17:58:04+00:00,-47.94,-58.48,-64.19,-61.34,-66.23,-45.37,-50.16,-52.52,-48.79,-44.15,-43.06,-58.28,-57.00,-44.44,-59.79,-50.51,-55.01,2026-06-20 17:58:04+00:00
2026-06-20T17:59:03+00:00,-48.38,-58.31,-64.22,-61.52,-65.98,-45.12,-49.94,-52.58,-48.87,-43.97,-43.03,-62.44,-57.01,-44.39,-59.76,-50.59,-54.98,2026-06-20 17:59:03+00:00
2026-06-20T18:00:03+00:00,-47.66,-58.74,-64.95,-61.56,-66.25,-45.00,-50.10,-52.57,-49.40,-43.99,-43.17,-61.99,-56.40,-44.29,-59.47,-50.76,-54.96,2026-06-20 18:00:03+00:00
2026-06-20T18:01:03+00:00,-48.22,-58.83,-64.56,-61.33,-66.04,-45.11,-49.76,-52.64,-48.78,-44.05,-43.27,-62.28,-55.02,-44.31,-59.97,-50.41,-54.96,2026-06-20 18:01:03+00:00
2026-06-20T18:02:04+00:00,-48.36,-58.49,-64.73,-61.66,-66.01,-44.98,-50.40,-52.59,-48.08,-43.93,-43.16,-62.02,-57.17,-44.29,-59.84,-50.70,-54.89,2026-06-20 18:02:04+00:00
2026-06-20T18:03:03+00:00,-48.23,-58.33,-64.43,-61.64,-66.08,-44.89,-49.98,-52.73,-48.84,-44.14,-43.25,-61.45,-57.14,-44.59,-59.95,-50.71,-54.86,2026-06-20 18:03:03+00:00
2026-06-20T18:04:03+00:00,-48.23,-58.70,-64.20,-61.30,-65.92,-44.61,-49.76,-53.09,-48.69,-43.76,-43.32,-60.18,-55.24,-44.40,-59.67,-50.13,-54.81,2026-06-20 18:04:03+00:00
2026-06-20T18:05:04+00:00,-47.91,-58.97,-64.55,-61.47,-66.75,-44.49,-50.19,-53.30,-48.49,-43.97,-43.25,-60.92,-54.27,-44.74,-59.45,-50.39,-54.56,2026-06-20 18:05:04+00:00
2026-06-20T18:06:03+00:00,-47.30,-58.75,-64.27,-61.31,-66.82,-44.59,-50.40,-53.88,-48.45,-43.74,-43.11,-61.17,-54.48,-44.81,-59.75,-50.58,-54.85,2026-06-20 18:06:03+00:00
2026-06-20T18:07:03+00:00,-48.03,-57.82,-64.31,-61.65,-66.17,-44.51,-50.67,-54.58,-48.66,-44.05,-43.15,-62.87,-54.66,-44.69,-60.03,-50.28,-54.86,2026-06-20 18:07:03+00:00
2026-06-20T18:08:04+00:00,-47.76,-58.86,-63.52,-61.49,-67.27,-44.63,-50.49,-54.92,-48.37,-44.41,-44.06,-62.78,-54.51,-44.80,-59.77,-50.34,-54.85,2026-06-20 18:08:04+00:00
2026-06-20T18:09:04+00:00,-47.61,-59.24,-64.13,-61.24,-66.60,-44.59,-50.24,-55.48,-48.51,-44.51,-44.09,-60.81,-54.53,-44.60,-59.88,-50.30,-54.83,2026-06-20 18:09:04+00:00
2026-06-20T18:10:03+00:00,-47.29,-59.32,-64.02,-61.29,-66.40,-44.56,-50.61,-55.71,-48.52,-43.98,-43.52,-59.76,-51.74,-44.71,-59.79,-50.59,-55.02,2026-06-20 18:10:03+00:00
2026-06-20T18:11:04+00:00,-47.16,-59.18,-63.68,-61.45,-66.81,-44.64,-50.21,-56.16,-48.19,-43.92,-43.73,-58.63,-51.95,-44.52,-59.49,-50.11,-55.31,2026-06-20 18:11:04+00:00
2026-06-20T18:12:04+00:00,-47.33,-59.41,-63.32,-61.07,-66.03,-44.47,-50.20,-56.45,-48.64,-43.98,-43.67,-59.25,-48.57,-44.71,-60.07,-50.16,-54.57,2026-06-20 18:12:04+00:00
2026-06-20T18:13:03+00:00,-47.60,-58.90,-61.82,-61.56,-66.08,-44.64,-50.90,-56.84,-48.68,-44.10,-43.63,-61.85,-49.51,-44.72,-59.64,-49.74,-54.94,2026-06-20 18:13:03+00:00
2026-06-20T18:14:03+00:00,-47.61,-58.83,-62.93,-61.85,-66.22,-44.53,-50.68,-57.27,-48.76,-44.00,-43.75,-64.88,-49.99,-44.62,-59.74,-49.75,-55.00,2026-06-20 18:14:03+00:00
2026-06-20T18:15:04+00:00,-48.06,-59.27,-63.40,-61.66,-66.22,-44.76,-50.59,-57.85,-48.26,-44.09,-43.74,-64.98,-49.87,-44.81,-59.32,-49.76,-55.10,2026-06-20 18:15:04+00:00
2026-06-20T18:16:04+00:00,-48.07,-58.89,-63.21,-61.55,-66.33,-44.64,-50.70,-58.32,-48.62,-43.90,-43.93,-63.52,-49.59,-44.73,-59.48,-49.99,-54.76,2026-06-20 18:16:04+00:00
2026-06-20T18:17:03+00:00,-48.10,-58.76,-63.27,-61.52,-66.26,-44.73,-51.05,-58.95,-47.58,-43.96,-43.99,-63.10,-50.00,-44.85,-59.34,-50.08,-54.99,2026-06-20 18:17:03+00:00
2026-06-20T18:18:03+00:00,-47.63,-59.18,-64.26,-61.44,-66.47,-44.73,-50.07,-59.38,-47.58,-44.07,-43.97,-62.27,-50.10,-44.70,-59.57,-50.21,-55.09,2026-06-20 18:18:03+00:00
2026-06-20T18:19:04+00:00,-47.59,-59.14,-63.75,-61.57,-66.65,-44.52,-50.95,-60.18,-47.47,-44.17,-44.04,-62.87,-50.12,-44.76,-59.56,-49.86,-55.23,2026-06-20 18:19:04+00:00
2026-06-20T18:20:04+00:00,-47.83,-59.04,-64.23,-61.38,-66.22,-44.55,-50.62,-60.73,-47.60,-44.00,-43.95,-64.36,-50.37,-44.89,-59.59,-49.91,-54.85,2026-06-20 18:20:04+00:00
2026-06-20T18:21:03+00:00,-47.34,-58.87,-64.56,-61.16,-66.12,-44.76,-50.59,-61.66,-47.45,-51.03,-49.50,-64.86,-50.45,-44.65,-59.50,-49.89,-54.60,2026-06-20 18:21:03+00:00
2026-06-20T18:22:03+00:00,-48.11,-58.01,-64.06,-61.32,-66.55,-44.76,-50.39,-61.42,-47.57,-51.06,-49.73,-64.01,-51.77,-44.76,-59.86,-49.74,-52.96,2026-06-20 18:22:03+00:00
2026-06-20T18:23:04+00:00,-47.50,-59.10,-64.17,-61.60,-66.01,-45.10,-50.26,-62.89,-47.68,-51.11,-49.54,-65.79,-51.95,-44.73,-59.51,-49.87,-53.00,2026-06-20 18:23:04+00:00
2026-06-20T18:24:04+00:00,-48.17,-58.32,-64.07,-61.76,-66.33,-45.40,-50.20,-62.82,-47.84,-50.99,-48.87,-65.80,-52.71,-44.79,-59.62,-49.55,-52.71,2026-06-20 18:24:04+00:00
2026-06-20T18:25:03+00:00,-47.95,-58.86,-64.64,-61.79,-66.88,-46.14,-50.15,-63.63,-47.77,-51.17,-48.97,-66.83,-53.11,-44.82,-59.73,-49.79,-53.02,2026-06-20 18:25:03+00:00
2026-06-20T18:26:04+00:00,-47.74,-58.46,-64.61,-61.43,-67.00,-46.02,-50.59,-63.65,-48.13,-51.14,-48.74,-67.04,-57.26,-44.76,-59.64,-49.38,-52.95,2026-06-20 18:26:04+00:00
2026-06-20T18:27:04+00:00,-47.49,-58.36,-64.56,-61.45,-66.59,-46.21,-50.82,-64.06,-47.70,-51.07,-49.13,-67.11,-57.73,-44.81,-59.66,-49.07,-52.94,2026-06-20 18:27:04+00:00
2026-06-20T18:28:04+00:00,-47.82,-58.30,-64.49,-61.28,-66.03,-46.16,-51.13,-64.03,-47.41,-51.25,-49.41,-67.53,-57.72,-44.85,-59.70,-49.40,-53.13,2026-06-20 18:28:04+00:00
2026-06-20T18:29:03+00:00,-47.00,-58.40,-64.41,-61.55,-66.55,-46.44,-50.11,-64.06,-47.43,-51.24,-49.31,-66.77,-57.84,-44.79,-59.55,-49.26,-52.94,2026-06-20 18:29:03+00:00
2026-06-20T18:30:03+00:00,-47.25,-58.24,-64.54,-61.64,-66.47,-46.42,-50.70,-64.77,-47.75,-50.91,-49.61,-67.17,-56.88,-44.81,-59.46,-49.00,-53.10,2026-06-20 18:30:03+00:00
2026-06-20T18:31:04+00:00,-46.83,-58.44,-64.21,-61.55,-67.28,-46.48,-51.03,-63.86,-48.31,-51.15,-49.33,-66.59,-55.22,-45.12,-59.09,-48.60,-53.19,2026-06-20 18:31:04+00:00
2026-06-20T18:32:04+00:00,-47.50,-58.14,-64.38,-61.40,-66.26,-46.36,-50.62,-64.74,-48.48,-51.06,-49.48,-66.76,-55.33,-44.84,-59.16,-48.88,-52.98,2026-06-20 18:32:04+00:00
2026-06-20T18:33:03+00:00,-46.77,-58.14,-64.55,-61.41,-65.83,-46.65,-50.03,-64.53,-50.13,-51.13,-49.54,-66.82,-56.45,-44.79,-59.24,-49.40,-53.17,2026-06-20 18:33:03+00:00
2026-06-20T18:34:04+00:00,-46.66,-58.52,-64.84,-61.59,-66.90,-46.29,-50.73,-65.09,-49.69,-51.39,-49.90,-67.31,-56.82,-45.04,-59.18,-49.48,-53.01,2026-06-20 18:34:04+00:00
2026-06-20T18:35:04+00:00,-46.88,-58.67,-64.74,-61.78,-66.35,-46.29,-50.79,-64.61,-50.12,-51.34,-49.63,-67.37,-56.94,-45.02,-59.65,-49.57,-54.27,2026-06-20 18:35:04+00:00
2026-06-20T18:36:04+00:00,-47.09,-58.03,-64.63,-61.67,-67.07,-45.95,-50.35,-64.51,-49.99,-51.47,-49.37,-67.00,-56.87,-45.36,-59.40,-49.61,-54.38,2026-06-20 18:36:04+00:00
2026-06-20T18:37:03+00:00,-46.81,-58.12,-64.45,-61.55,-66.01,-45.89,-50.92,-64.31,-50.76,-51.64,-49.40,-67.68,-57.14,-45.32,-59.11,-50.20,-52.83,2026-06-20 18:37:03+00:00
2026-06-20T18:38:03+00:00,-47.45,-57.97,-64.76,-61.69,-66.42,-45.91,-50.13,-64.42,-50.02,-51.44,-49.65,-67.42,-57.50,-45.41,-59.07,-50.03,-53.13,2026-06-20 18:38:03+00:00
2026-06-20T18:39:04+00:00,-46.37,-58.12,-64.86,-62.06,-66.37,-45.86,-51.41,-64.68,-49.64,-51.45,-49.14,-67.59,-57.34,-45.31,-59.53,-50.00,-55.25,2026-06-20 18:39:04+00:00
2026-06-20T18:40:04+00:00,-47.24,-58.06,-64.62,-61.74,-66.46,-45.59,-50.67,-64.66,-50.84,-51.40,-49.06,-67.43,-57.54,-45.53,-59.46,-49.72,-54.96,2026-06-20 18:40:04+00:00
2026-06-20T18:41:03+00:00,-46.48,-58.84,-64.87,-61.93,-66.14,-45.75,-51.22,-64.84,-49.83,-51.48,-48.83,-67.69,-57.64,-45.33,-59.41,-49.77,-55.30,2026-06-20 18:41:03+00:00
2026-06-20T18:42:03+00:00,-47.47,-58.81,-64.74,-61.74,-66.25,-45.87,-50.74,-64.91,-49.80,-51.48,-49.66,-67.51,-57.49,-45.29,-59.45,-49.65,-55.41,2026-06-20 18:42:03+00:00
2026-06-20T18:43:04+00:00,-47.31,-58.19,-63.64,-61.94,-67.25,-45.76,-51.22,-64.67,-49.70,-51.41,-50.05,-67.01,-57.43,-45.04,-59.43,-49.69,-55.41,2026-06-20 18:43:04+00:00
2026-06-20T18:44:04+00:00,-47.04,-58.99,-64.72,-61.61,-65.68,-46.10,-50.00,-64.87,-50.26,-51.31,-50.07,-67.36,-56.02,-45.15,-59.00,-49.60,-55.27,2026-06-20 18:44:04+00:00
2026-06-20T18:45:03+00:00,-47.80,-58.77,-64.47,-61.62,-66.01,-45.87,-51.20,-64.10,-50.02,-51.38,-49.90,-67.17,-56.11,-45.05,-59.55,-49.60,-55.04,2026-06-20 18:45:03+00:00
2026-06-20T18:46:03+00:00,-47.49,-58.56,-64.47,-61.78,-67.00,-45.85,-50.89,-64.89,-50.38,-51.46,-50.41,-67.47,-56.70,-45.23,-59.32,-49.79,-54.36,2026-06-20 18:46:03+00:00
2026-06-20T18:47:04+00:00,-47.10,-59.57,-64.27,-61.85,-66.07,-45.65,-50.83,-64.15,-49.81,-51.36,-49.95,-66.86,-53.15,-44.95,-59.40,-49.56,-54.24,2026-06-20 18:47:04+00:00
2026-06-20T18:48:04+00:00,-47.18,-59.91,-64.67,-61.90,-66.74,-45.47,-51.59,-64.76,-49.84,-51.29,-49.91,-67.27,-53.16,-44.75,-59.41,-49.65,-54.40,2026-06-20 18:48:04+00:00
2026-06-20T18:49:03+00:00,-46.58,-59.41,-64.44,-61.50,-66.39,-45.26,-51.00,-64.65,-49.87,-51.25,-50.04,-67.28,-52.95,-44.65,-59.53,-49.57,-55.33,2026-06-20 18:49:03+00:00
2026-06-20T18:50:03+00:00,-46.70,-59.29,-64.39,-61.42,-66.95,-45.43,-51.33,-64.89,-49.37,-51.25,-50.03,-67.59,-52.69,-44.56,-59.67,-49.57,-54.90,2026-06-20 18:50:03+00:00
2026-06-20T18:51:04+00:00,-47.11,-59.20,-63.57,-61.65,-66.74,-45.36,-51.54,-63.69,-49.62,-51.30,-49.96,-62.41,-52.56,-44.58,-59.32,-49.41,-54.89,2026-06-20 18:51:04+00:00
2026-06-20T18:52:04+00:00,-46.75,-59.34,-64.19,-61.92,-65.78,-45.29,-50.64,-64.80,-49.04,-51.10,-49.87,-66.70,-52.25,-44.25,-59.14,-49.56,-54.39,2026-06-20 18:52:04+00:00
2026-06-20T18:53:03+00:00,-46.54,-58.25,-63.73,-61.63,-66.62,-45.35,-50.75,-64.89,-49.40,-51.05,-49.74,-66.44,-52.01,-44.24,-59.34,-48.88,-55.16,2026-06-20 18:53:03+00:00
2026-06-20T18:54:04+00:00,-46.94,-58.58,-62.93,-60.93,-61.82,-45.48,-51.03,-62.98,-48.69,-50.92,-49.74,-64.47,-51.84,-44.12,-58.88,-48.96,-55.36,2026-06-20 18:54:04+00:00
2026-06-20T18:55:04+00:00,-46.38,-58.77,-62.12,-60.68,-63.58,-45.47,-52.02,-62.61,-48.80,-51.02,-50.10,-64.04,-51.61,-43.66,-59.14,-49.32,-53.59,2026-06-20 18:55:04+00:00
2026-06-20T18:56:03+00:00,-46.09,-58.64,-62.64,-60.61,-62.66,-45.49,-50.84,-62.52,-48.26,-50.97,-49.84,-64.36,-51.72,-43.60,-58.63,-49.21,-54.73,2026-06-20 18:56:03+00:00
2026-06-20T18:57:03+00:00,-46.06,-58.61,-63.08,-60.79,-62.63,-45.41,-50.74,-62.87,-48.28,-51.05,-49.51,-64.44,-51.51,-43.55,-58.75,-49.31,-54.82,2026-06-20 18:57:03+00:00
2026-06-20T18:58:04+00:00,-47.22,-58.60,-62.45,-60.64,-62.12,-45.54,-51.23,-62.11,-48.36,-51.05,-50.00,-64.16,-51.38,-43.17,-58.88,-49.04,-55.84,2026-06-20 18:58:04+00:00
2026-06-20T18:59:04+00:00,-47.27,-59.19,-63.10,-60.59,-61.95,-45.34,-50.83,-62.91,-49.12,-50.80,-49.72,-64.65,-51.45,-42.78,-58.74,-48.75,-57.58,2026-06-20 18:59:04+00:00
2026-06-20T19:00:03+00:00,-47.51,-59.53,-62.96,-61.18,-63.69,-45.46,-50.53,-63.28,-47.93,-51.09,-49.77,-64.92,-51.39,-42.62,-59.20,-48.78,-57.82,2026-06-20 19:00:03+00:00
2026-06-20T19:01:04+00:00,-48.00,-59.39,-63.08,-60.72,-62.47,-45.42,-51.11,-63.11,-46.51,-51.02,-49.80,-64.62,-51.25,-42.52,-58.80,-48.84,-57.90,2026-06-20 19:01:04+00:00
2026-06-20T19:02:04+00:00,-47.41,-59.81,-63.63,-60.87,-63.40,-45.59,-50.89,-63.40,-46.87,-50.85,-50.03,-64.34,-51.07,-42.40,-58.63,-49.42,-57.92,2026-06-20 19:02:04+00:00
2026-06-20T19:03:03+00:00,-47.00,-59.35,-62.92,-60.96,-63.66,-45.67,-51.43,-63.19,-47.31,-50.79,-49.81,-62.53,-51.46,-42.21,-59.37,-49.15,-56.58,2026-06-20 19:03:03+00:00
2026-06-20T19:04:04+00:00,-47.38,-58.86,-62.99,-60.53,-62.82,-45.58,-51.14,-63.13,-47.86,-50.51,-49.47,-61.06,-51.42,-42.32,-59.15,-49.03,-57.66,2026-06-20 19:04:04+00:00
2026-06-20T19:05:04+00:00,-47.06,-58.87,-62.64,-60.65,-62.85,-45.63,-51.06,-62.78,-48.34,-50.39,-49.90,-60.95,-51.41,-42.05,-58.70,-49.03,-57.71,2026-06-20 19:05:04+00:00
2026-06-20T19:06:03+00:00,-47.03,-59.05,-62.80,-60.43,-64.29,-45.57,-51.09,-63.29,-48.89,-50.47,-49.84,-62.07,-51.54,-41.73,-59.10,-49.32,-57.91,2026-06-20 19:06:03+00:00
2026-06-20T19:07:04+00:00,-46.59,-59.25,-63.07,-60.60,-62.90,-45.60,-50.65,-63.06,-46.18,-50.44,-50.04,-61.86,-51.51,-41.60,-58.92,-49.25,-57.64,2026-06-20 19:07:04+00:00
2026-06-20T19:08:04+00:00,-46.62,-58.81,-62.81,-60.41,-61.97,-45.57,-51.33,-63.18,-46.44,-50.26,-49.71,-61.94,-51.28,-41.26,-58.84,-49.21,-57.84,2026-06-20 19:08:04+00:00
2026-06-20T19:09:03+00:00,-46.53,-58.53,-63.15,-60.22,-63.09,-45.59,-51.34,-63.30,-46.50,-50.28,-49.78,-61.26,-50.97,-41.22,-58.96,-49.29,-58.06,2026-06-20 19:09:03+00:00
2026-06-20T19:10:03+00:00,-47.30,-59.23,-63.02,-60.22,-63.21,-45.60,-51.02,-62.76,-47.78,-50.23,-49.87,-61.14,-50.96,-40.99,-59.27,-49.50,-58.13,2026-06-20 19:10:03+00:00
2026-06-20T19:11:04+00:00,-46.49,-59.15,-63.01,-60.35,-61.84,-45.58,-51.64,-63.08,-46.81,-50.17,-49.69,-60.84,-50.89,-41.07,-59.07,-49.40,-57.09,2026-06-20 19:11:04+00:00
2026-06-20T19:12:04+00:00,-47.14,-59.39,-62.76,-60.08,-63.21,-45.46,-51.54,-63.23,-47.76,-50.30,-49.66,-60.65,-50.86,-41.18,-58.88,-49.39,-57.47,2026-06-20 19:12:04+00:00
2026-06-20T19:13:03+00:00,-46.93,-58.73,-62.71,-60.13,-63.95,-45.56,-51.07,-63.39,-48.20,-50.22,-49.81,-61.00,-50.67,-41.21,-58.63,-50.18,-57.95,2026-06-20 19:13:03+00:00
2026-06-20T19:14:04+00:00,-47.20,-58.75,-62.70,-59.88,-63.07,-45.26,-50.94,-62.77,-48.48,-50.14,-49.97,-61.10,-50.59,-41.16,-58.49,-49.72,-57.87,2026-06-20 19:14:04+00:00
2026-06-20T19:15:04+00:00,-47.29,-58.68,-63.02,-60.45,-62.63,-45.46,-51.47,-63.12,-47.91,-50.09,-50.00,-61.21,-50.75,-41.12,-58.87,-50.12,-57.83,2026-06-20 19:15:04+00:00
2026-06-20T19:16:03+00:00,-47.18,-58.68,-63.03,-60.35,-62.94,-45.42,-51.14,-63.20,-48.97,-50.33,-52.40,-61.35,-50.63,-41.07,-59.28,-49.94,-57.49,2026-06-20 19:16:03+00:00
2026-06-20T19:17:03+00:00,-47.70,-58.50,-63.13,-60.31,-61.76,-45.43,-51.37,-63.37,-49.36,-50.04,-53.15,-61.80,-50.76,-41.08,-58.79,-49.50,-57.64,2026-06-20 19:17:03+00:00
2026-06-20T19:18:04+00:00,-47.31,-58.74,-62.98,-60.18,-61.55,-45.69,-51.12,-63.37,-49.81,-50.12,-53.19,-61.47,-50.58,-41.05,-58.70,-49.63,-57.36,2026-06-20 19:18:04+00:00
2026-06-20T19:19:04+00:00,-47.06,-58.54,-63.16,-59.89,-63.36,-45.02,-51.07,-63.22,-49.27,-50.19,-53.03,-61.96,-50.57,-40.96,-59.16,-49.63,-57.61,2026-06-20 19:19:04+00:00
2026-06-20T19:20:03+00:00,-47.27,-59.48,-63.23,-60.35,-62.77,-45.25,-51.81,-63.28,-49.52,-50.29,-52.96,-62.06,-50.46,-40.85,-58.94,-49.69,-57.90,2026-06-20 19:20:03+00:00
2026-06-20T19:21:03+00:00,-46.92,-59.51,-63.10,-60.63,-62.37,-45.22,-51.88,-63.27,-50.33,-50.32,-53.22,-61.94,-50.43,-41.10,-58.79,-49.43,-57.76,2026-06-20 19:21:03+00:00
2026-06-20T19:22:04+00:00,-47.36,-59.81,-63.10,-60.19,-64.23,-45.17,-51.65,-63.28,-49.69,-50.45,-53.04,-62.37,-50.26,-40.69,-59.37,-50.02,-57.90,2026-06-20 19:22:04+00:00
2026-06-20T19:23:04+00:00,-47.17,-58.31,-62.68,-60.53,-62.83,-45.10,-51.25,-62.63,-49.78,-50.30,-53.06,-61.55,-50.14,-40.77,-58.75,-50.35,-57.57,2026-06-20 19:23:04+00:00
2026-06-20T19:24:04+00:00,-47.06,-58.63,-61.59,-59.47,-63.22,-45.11,-51.07,-62.13,-49.39,-50.42,-52.95,-60.58,-49.96,-40.56,-58.73,-49.96,-55.82,2026-06-20 19:24:04+00:00
2026-06-20T19:25:03+00:00,-47.17,-59.10,-63.57,-60.97,-63.21,-45.29,-51.38,-63.16,-49.19,-50.60,-53.20,-61.42,-49.88,-40.49,-58.98,-49.91,-57.66,2026-06-20 19:25:03+00:00
2026-06-20T19:26:03+00:00,-47.27,-59.08,-63.47,-60.65,-62.75,-45.18,-51.20,-62.84,-49.60,-50.65,-53.05,-61.08,-49.80,-40.60,-58.94,-50.83,-57.60,2026-06-20 19:26:03+00:00
2026-06-20T19:27:04+00:00,-47.21,-58.87,-63.05,-60.36,-63.23,-44.95,-51.77,-62.54,-49.55,-50.50,-53.18,-60.86,-49.57,-40.59,-58.72,-49.87,-57.74,2026-06-20 19:27:04+00:00
2026-06-20T19:28:04+00:00,-47.22,-58.89,-62.74,-60.53,-63.17,-45.08,-51.07,-62.12,-50.22,-51.11,-53.06,-60.41,-49.33,-40.30,-58.83,-50.81,-57.46,2026-06-20 19:28:04+00:00
2026-06-20T19:29:03+00:00,-47.22,-59.06,-63.06,-60.20,-62.83,-45.00,-51.89,-62.91,-50.36,-51.10,-53.00,-60.96,-49.28,-40.36,-58.74,-50.48,-57.55,2026-06-20 19:29:03+00:00
2026-06-20T19:30:03+00:00,-47.78,-59.22,-62.78,-60.45,-62.21,-45.19,-51.45,-62.56,-50.10,-51.23,-53.08,-60.80,-49.17,-40.45,-59.01,-50.14,-57.78,2026-06-20 19:30:03+00:00
2026-06-20T19:31:03+00:00,-47.71,-59.58,-63.12,-60.79,-63.00,-45.14,-51.27,-62.70,-49.73,-51.15,-53.21,-61.03,-48.93,-40.40,-58.95,-50.29,-57.95,2026-06-20 19:31:03+00:00
2026-06-20T19:32:03+00:00,-48.09,-59.26,-63.21,-60.41,-63.20,-45.13,-51.07,-62.66,-49.89,-51.39,-53.15,-61.06,-48.86,-40.15,-59.00,-50.27,-58.03,2026-06-20 19:32:03+00:00
2026-06-20T19:33:04+00:00,-48.08,-57.80,-62.80,-60.39,-62.02,-45.22,-51.03,-61.88,-49.51,-51.41,-53.01,-60.80,-48.71,-40.39,-59.19,-50.78,-57.90,2026-06-20 19:33:04+00:00
2026-06-20T19:34:03+00:00,-48.05,-57.32,-62.91,-60.03,-63.17,-45.13,-52.26,-62.35,-49.54,-51.34,-53.14,-61.11,-48.63,-40.13,-58.60,-51.09,-57.86,2026-06-20 19:34:03+00:00
2026-06-20T19:35:03+00:00,-47.74,-57.94,-63.05,-60.27,-63.10,-45.19,-51.47,-62.50,-49.99,-51.60,-53.01,-61.14,-48.64,-40.14,-58.37,-50.50,-57.85,2026-06-20 19:35:03+00:00
2026-06-20T19:36:03+00:00,-47.85,-58.02,-62.90,-60.29,-62.29,-45.10,-51.53,-62.40,-49.90,-51.64,-53.10,-61.49,-48.49,-40.18,-58.70,-49.85,-57.76,2026-06-20 19:36:03+00:00
2026-06-20T19:37:04+00:00,-47.63,-58.48,-63.11,-60.59,-62.40,-45.14,-51.90,-62.83,-49.96,-51.82,-53.08,-61.85,-48.40,-40.22,-58.83,-49.64,-57.79,2026-06-20 19:37:04+00:00
2026-06-20T19:38:04+00:00,-47.38,-59.49,-63.14,-60.64,-63.87,-45.21,-51.69,-62.14,-49.83,-51.65,-53.10,-61.49,-48.39,-40.30,-58.90,-49.50,-58.01,2026-06-20 19:38:04+00:00
2026-06-20T19:39:03+00:00,-46.83,-59.26,-62.85,-60.80,-62.36,-45.25,-51.50,-62.40,-49.94,-52.17,-52.96,-61.24,-48.23,-40.40,-58.68,-49.88,-58.21,2026-06-20 19:39:03+00:00
2026-06-20T19:40:03+00:00,-46.80,-59.34,-63.09,-60.70,-62.96,-44.93,-51.89,-62.28,-49.84,-52.16,-53.13,-60.95,-48.23,-40.33,-58.86,-51.16,-57.29,2026-06-20 19:40:03+00:00
2026-06-20T19:41:04+00:00,-46.77,-59.32,-63.09,-61.14,-63.60,-45.29,-51.77,-62.46,-49.98,-52.52,-53.03,-62.48,-48.19,-40.60,-58.82,-51.52,-58.10,2026-06-20 19:41:04+00:00
2026-06-20T19:42:04+00:00,-46.80,-59.49,-62.00,-60.54,-61.27,-45.40,-51.84,-62.55,-48.55,-52.55,-53.17,-63.88,-47.99,-40.70,-58.90,-52.04,-58.27,2026-06-20 19:42:04+00:00
2026-06-20T19:43:03+00:00,-46.57,-58.57,-61.45,-60.44,-61.51,-45.16,-51.68,-61.96,-48.43,-52.64,-52.93,-62.74,-47.84,-40.68,-59.02,-51.65,-56.95,2026-06-20 19:43:03+00:00
2026-06-20T19:44:04+00:00,-46.80,-58.32,-61.69,-60.23,-62.48,-45.11,-51.74,-62.15,-48.24,-52.92,-53.19,-62.88,-47.83,-40.84,-58.85,-51.97,-56.35,2026-06-20 19:44:04+00:00
2026-06-20T19:45:04+00:00,-47.09,-58.40,-61.89,-60.50,-62.06,-45.08,-51.78,-62.76,-48.27,-53.33,-53.24,-63.12,-47.81,-40.64,-58.83,-52.31,-57.98,2026-06-20 19:45:04+00:00
2026-06-20T19:46:03+00:00,-47.10,-58.66,-61.29,-60.45,-61.55,-45.11,-51.59,-62.56,-48.54,-53.26,-53.17,-62.88,-47.96,-40.72,-59.01,-53.42,-57.76,2026-06-20 19:46:03+00:00
2026-06-20T19:47:03+00:00,-46.80,-59.43,-61.53,-60.35,-62.44,-44.76,-51.55,-62.23,-48.13,-53.55,-53.14,-63.57,-47.93,-40.51,-58.54,-53.93,-57.84,2026-06-20 19:47:03+00:00
2026-06-20T19:48:04+00:00,-49.02,-59.95,-61.36,-60.19,-61.54,-44.59,-51.58,-62.77,-48.89,-54.35,-53.24,-62.96,-47.50,-40.33,-58.80,-53.14,-57.96,2026-06-20 19:48:04+00:00
2026-06-20T19:49:04+00:00,-48.65,-59.50,-61.05,-60.56,-61.69,-44.61,-51.52,-62.75,-48.86,-54.56,-53.15,-62.63,-47.40,-40.18,-59.11,-52.55,-57.91,2026-06-20 19:49:04+00:00
2026-06-20T19:50:04+00:00,-48.19,-58.70,-59.81,-60.19,-63.18,-44.63,-51.32,-61.12,-48.69,-54.78,-52.96,-61.07,-47.35,-40.47,-58.87,-51.86,-56.16,2026-06-20 19:50:04+00:00
2026-06-20T19:51:03+00:00,-48.09,-59.05,-60.77,-60.92,-61.87,-44.59,-51.37,-63.02,-48.84,-55.36,-53.24,-62.65,-47.48,-40.36,-58.65,-51.33,-58.42,2026-06-20 19:51:03+00:00
2026-06-20T19:52:03+00:00,-48.25,-58.51,-60.75,-60.61,-61.83,-44.55,-51.41,-62.36,-49.09,-56.02,-53.30,-62.12,-47.58,-40.24,-59.01,-52.52,-57.86,2026-06-20 19:52:03+00:00
2026-06-20T19:53:04+00:00,-48.25,-58.73,-60.99,-60.85,-61.88,-44.56,-51.42,-62.35,-49.31,-56.26,-53.31,-62.44,-47.68,-40.19,-59.14,-52.66,-58.36,2026-06-20 19:53:04+00:00
2026-06-20T19:54:04+00:00,-48.02,-58.45,-60.92,-60.39,-62.19,-44.71,-51.41,-62.72,-48.94,-56.88,-53.26,-62.52,-47.60,-40.00,-59.08,-51.58,-58.39,2026-06-20 19:54:04+00:00
2026-06-20T19:55:03+00:00,-48.15,-58.94,-61.18,-60.50,-62.60,-44.61,-51.09,-62.82,-49.05,-56.87,-53.38,-62.67,-47.87,-40.08,-59.05,-51.19,-58.56,2026-06-20 19:55:03+00:00
2026-06-20T19:56:03+00:00,-48.08,-59.64,-61.36,-60.63,-62.45,-44.53,-51.26,-63.13,-49.08,-57.17,-53.69,-63.25,-47.77,-40.28,-59.26,-53.43,-58.63,2026-06-20 19:56:03+00:00
2026-06-20T19:57:04+00:00,-48.30,-59.46,-61.57,-60.51,-62.52,-44.53,-51.25,-62.22,-50.56,-57.01,-53.56,-63.17,-47.79,-40.11,-58.98,-55.35,-58.42,2026-06-20 19:57:04+00:00
2026-06-20T19:58:04+00:00,-48.64,-59.96,-62.10,-60.34,-62.01,-44.59,-51.25,-63.14,-50.95,-57.73,-53.33,-63.34,-47.80,-40.29,-59.36,-53.94,-58.06,2026-06-20 19:58:04+00:00
2026-06-20T19:59:03+00:00,-48.20,-59.87,-61.24,-60.51,-62.62,-44.67,-51.25,-62.19,-51.05,-57.70,-53.50,-62.69,-47.59,-40.41,-58.95,-54.76,-57.86,2026-06-20 19:59:03+00:00
2026-06-20T20:00:03+00:00,-48.77,-59.18,-61.64,-60.64,-63.37,-44.84,-51.01,-62.36,-51.07,-58.70,-53.49,-63.22,-47.55,-40.50,-58.96,-55.32,-58.49,2026-06-20 20:00:03+00:00
2026-06-20T20:01:04+00:00,-48.36,-59.42,-61.10,-60.60,-62.57,-44.86,-50.65,-62.24,-50.93,-59.28,-53.60,-62.92,-47.64,-40.67,-58.37,-53.74,-57.73,2026-06-20 20:01:04+00:00
2026-06-20T20:02:04+00:00,-48.25,-59.39,-61.47,-60.68,-60.88,-44.79,-50.73,-62.43,-51.12,-59.35,-53.70,-63.17,-47.68,-40.68,-58.90,-53.24,-58.47,2026-06-20 20:02:04+00:00
2026-06-20T20:03:04+00:00,-47.76,-58.80,-61.81,-60.50,-63.50,-44.80,-50.43,-61.73,-50.59,-59.91,-53.46,-62.63,-47.69,-40.74,-59.08,-54.21,-56.23,2026-06-20 20:03:04+00:00
2026-06-20T20:04:03+00:00,-48.16,-58.75,-61.24,-60.28,-63.76,-44.82,-50.71,-61.40,-50.86,-58.86,-52.55,-62.77,-47.95,-40.78,-58.74,-54.02,-57.11,2026-06-20 20:04:03+00:00
2026-06-20T20:05:04+00:00,-48.08,-59.11,-61.55,-60.54,-62.53,-44.90,-50.60,-62.61,-51.16,-58.90,-52.22,-63.19,-49.67,-40.87,-58.96,-52.26,-57.56,2026-06-20 20:05:04+00:00
2026-06-20T20:06:04+00:00,-47.81,-60.28,-61.87,-60.36,-64.34,-44.95,-50.39,-63.27,-51.36,-58.49,-53.58,-63.08,-49.77,-40.99,-58.85,-52.86,-58.23,2026-06-20 20:06:04+00:00
2026-06-20T20:07:04+00:00,-49.28,-60.09,-61.90,-60.36,-62.36,-44.99,-50.67,-62.81,-51.39,-57.75,-54.69,-63.37,-49.42,-41.16,-58.77,-52.89,-58.14,2026-06-20 20:07:04+00:00
2026-06-20T20:08:03+00:00,-48.89,-59.80,-61.75,-60.55,-63.05,-45.12,-50.34,-63.07,-51.27,-57.14,-54.65,-63.12,-49.31,-40.92,-58.84,-54.89,-58.73,2026-06-20 20:08:03+00:00
2026-06-20T20:09:03+00:00,-48.93,-59.52,-61.75,-60.55,-63.67,-45.26,-50.53,-62.61,-51.13,-56.57,-54.69,-62.91,-48.85,-40.80,-59.39,-57.96,-57.76,2026-06-20 20:09:03+00:00
2026-06-20T20:10:04+00:00,-49.25,-58.96,-62.32,-60.56,-63.85,-45.33,-50.45,-63.32,-51.21,-56.17,-56.10,-63.31,-48.70,-40.31,-58.95,-56.38,-59.00,2026-06-20 20:10:04+00:00
2026-06-20T20:11:04+00:00,-49.17,-59.38,-62.05,-60.73,-62.33,-45.18,-50.59,-63.46,-50.85,-55.38,-55.95,-63.53,-48.85,-40.15,-59.02,-54.07,-58.28,2026-06-20 20:11:04+00:00
2026-06-20T20:12:03+00:00,-49.45,-58.96,-61.94,-60.66,-64.36,-45.38,-50.38,-62.48,-51.12,-54.73,-55.77,-63.52,-48.76,-40.15,-58.91,-51.18,-57.69,2026-06-20 20:12:03+00:00
2026-06-20T20:13:03+00:00,-49.42,-59.46,-61.84,-60.50,-61.87,-45.16,-50.52,-63.35,-51.26,-53.36,-55.99,-63.53,-48.83,-40.11,-59.19,-48.46,-58.76,2026-06-20 20:13:03+00:00
2026-06-20T20:14:04+00:00,-48.50,-59.23,-61.96,-60.14,-62.18,-45.25,-50.34,-63.14,-51.21,-53.01,-56.04,-62.73,-48.88,-39.69,-59.27,-48.99,-57.16,2026-06-20 20:14:04+00:00
2026-06-20T20:15:04+00:00,-48.58,-60.44,-61.97,-60.71,-63.05,-45.40,-50.43,-63.49,-50.99,-52.73,-55.97,-63.82,-48.95,-39.72,-59.07,-51.89,-58.57,2026-06-20 20:15:04+00:00
2026-06-20T20:16:03+00:00,-48.40,-60.68,-61.89,-60.70,-63.63,-45.20,-50.53,-62.87,-50.77,-52.33,-55.91,-63.28,-48.95,-39.66,-58.76,-54.86,-57.96,2026-06-20 20:16:03+00:00
2026-06-20T20:17:03+00:00,-48.10,-59.49,-61.76,-60.47,-62.53,-45.20,-50.55,-62.35,-50.71,-51.67,-55.24,-63.25,-48.91,-39.44,-58.69,-56.32,-57.98,2026-06-20 20:17:03+00:00
2026-06-20T20:18:04+00:00,-48.44,-60.13,-62.33,-60.75,-62.38,-45.35,-50.46,-63.36,-50.75,-50.96,-54.77,-63.26,-48.90,-39.27,-58.69,-54.71,-58.20,2026-06-20 20:18:04+00:00
2026-06-20T20:19:04+00:00,-48.62,-59.54,-61.66,-60.36,-62.61,-45.21,-50.54,-62.53,-50.99,-50.10,-54.56,-62.43,-49.02,-39.20,-58.73,-50.97,-57.28,2026-06-20 20:19:04+00:00
2026-06-20T20:20:03+00:00,-48.61,-59.21,-61.88,-60.76,-62.96,-45.34,-50.50,-62.96,-51.18,-49.42,-53.81,-62.63,-49.03,-39.18,-58.74,-49.58,-58.10,2026-06-20 20:20:03+00:00
2026-06-20T20:21:03+00:00,-48.47,-59.27,-61.96,-60.61,-61.78,-45.16,-50.38,-63.09,-48.99,-49.36,-54.03,-63.04,-48.87,-39.21,-59.13,-49.74,-57.65,2026-06-20 20:21:03+00:00
2026-06-20T20:22:04+00:00,-47.79,-59.17,-61.95,-60.18,-62.34,-45.40,-50.19,-62.56,-48.85,-48.91,-54.33,-62.33,-48.95,-39.17,-59.53,-50.82,-56.82,2026-06-20 20:22:04+00:00
2026-06-20T20:23:04+00:00,-48.05,-60.44,-61.36,-60.03,-61.95,-45.33,-50.12,-62.49,-49.12,-48.14,-54.06,-62.51,-49.00,-39.36,-58.70,-53.73,-57.63,2026-06-20 20:23:04+00:00
2026-06-20T20:24:03+00:00,-48.30,-60.54,-61.66,-60.21,-62.62,-45.35,-50.15,-62.34,-49.00,-47.93,-54.35,-62.71,-48.89,-39.75,-58.55,-50.66,-58.04,2026-06-20 20:24:03+00:00
2026-06-20T20:25:03+00:00,-48.15,-60.24,-62.05,-60.48,-61.79,-45.27,-50.25,-62.55,-48.93,-47.66,-54.22,-62.70,-48.82,-40.12,-58.85,-51.82,-57.99,2026-06-20 20:25:03+00:00
2026-06-20T20:26:04+00:00,-48.13,-59.75,-61.37,-60.06,-62.56,-45.43,-50.25,-62.68,-49.13,-47.03,-53.89,-61.98,-48.73,-40.19,-58.66,-50.04,-57.13,2026-06-20 20:26:04+00:00
2026-06-20T20:27:04+00:00,-48.20,-57.88,-61.91,-60.08,-62.85,-45.37,-49.78,-62.56,-47.77,-47.08,-53.52,-62.48,-48.89,-40.64,-58.78,-45.43,-57.43,2026-06-20 20:27:04+00:00
2026-06-20T20:28:03+00:00,-48.59,-59.55,-61.59,-60.31,-63.44,-45.35,-49.88,-62.01,-47.88,-46.63,-53.72,-62.32,-48.76,-40.60,-58.69,-44.46,-56.68,2026-06-20 20:28:03+00:00
2026-06-20T20:29:03+00:00,-48.46,-59.31,-61.08,-60.30,-63.09,-45.42,-50.07,-61.15,-47.81,-46.32,-53.90,-61.52,-48.81,-40.75,-58.69,-47.21,-56.46,2026-06-20 20:29:03+00:00
2026-06-20T20:30:04+00:00,-48.42,-59.68,-62.02,-60.49,-63.42,-45.57,-50.18,-61.86,-47.89,-46.09,-53.79,-62.47,-48.90,-41.00,-58.41,-44.99,-57.76,2026-06-20 20:30:04+00:00
2026-06-20T20:31:04+00:00,-48.11,-59.42,-61.62,-60.47,-64.57,-45.55,-50.13,-61.36,-47.82,-46.07,-53.76,-62.26,-48.73,-40.93,-58.60,-42.12,-57.84,2026-06-20 20:31:04+00:00
2026-06-20T20:32:04+00:00,-48.19,-59.35,-61.71,-60.10,-60.89,-45.42,-50.22,-60.17,-47.89,-45.70,-53.68,-61.96,-48.59,-40.74,-59.05,-42.44,-55.99,2026-06-20 20:32:04+00:00
2026-06-20T20:33:03+00:00,-48.61,-59.39,-61.76,-60.47,-63.61,-45.32,-50.16,-61.13,-47.81,-45.37,-53.74,-61.53,-48.66,-41.12,-58.68,-42.86,-57.58,2026-06-20 20:33:03+00:00
2026-06-20T20:34:03+00:00,-48.15,-59.29,-61.23,-60.33,-63.82,-45.25,-50.33,-61.47,-47.83,-44.96,-53.82,-61.73,-48.48,-41.51,-58.54,-43.27,-58.18,2026-06-20 20:34:03+00:00
2026-06-20T20:35:04+00:00,-48.42,-59.31,-61.38,-60.51,-63.36,-45.28,-50.35,-60.87,-47.58,-44.67,-53.81,-61.84,-48.59,-41.83,-58.86,-43.63,-57.55,2026-06-20 20:35:04+00:00
2026-06-20T20:36:03+00:00,-48.11,-57.28,-61.57,-60.63,-63.28,-45.34,-50.24,-61.22,-48.80,-44.74,-53.99,-62.09,-48.58,-41.95,-58.72,-43.82,-58.18,2026-06-20 20:36:03+00:00
2026-06-20T20:37:04+00:00,-48.77,-57.78,-61.38,-61.14,-64.89,-45.54,-50.25,-62.21,-48.90,-44.39,-54.08,-62.70,-48.60,-41.67,-59.08,-45.74,-58.69,2026-06-20 20:37:04+00:00
2026-06-20T20:38:04+00:00,-48.09,-59.19,-61.34,-60.55,-62.90,-45.37,-50.02,-61.53,-48.83,-44.24,-53.97,-62.80,-48.70,-42.11,-58.66,-48.76,-57.78,2026-06-20 20:38:04+00:00
2026-06-20T20:39:03+00:00,-47.83,-59.18,-62.08,-60.82,-62.41,-45.33,-49.90,-61.55,-48.67,-44.05,-53.95,-62.38,-48.69,-42.02,-58.51,-47.31,-58.23,2026-06-20 20:39:03+00:00
2026-06-20T20:40:03+00:00,-49.01,-59.27,-62.26,-60.64,-62.66,-45.38,-49.53,-62.11,-48.64,-44.12,-54.06,-62.23,-48.78,-41.34,-58.81,-46.57,-56.84,2026-06-20 20:40:03+00:00
2026-06-20T20:41:04+00:00,-49.31,-59.81,-61.91,-60.41,-62.21,-45.39,-49.47,-61.68,-48.99,-44.33,-54.01,-62.58,-48.80,-41.39,-58.63,-46.66,-57.68,2026-06-20 20:41:04+00:00
2026-06-20T20:42:04+00:00,-49.08,-59.43,-61.96,-60.41,-61.75,-45.28,-49.08,-61.81,-50.30,-44.03,-53.77,-62.88,-48.91,-41.17,-58.51,-47.52,-56.41,2026-06-20 20:42:04+00:00
2026-06-20T20:43:03+00:00,-48.55,-58.64,-62.29,-60.31,-61.83,-45.44,-49.23,-61.57,-50.13,-43.93,-54.24,-63.06,-48.80,-41.04,-58.39,-48.16,-58.02,2026-06-20 20:43:03+00:00
2026-06-20T20:44:03+00:00,-48.67,-59.23,-62.75,-60.50,-63.06,-45.10,-49.11,-61.52,-50.40,-44.19,-54.11,-63.71,-48.85,-41.08,-58.83,-49.69,-57.49,2026-06-20 20:44:03+00:00
2026-06-20T20:45:04+00:00,-48.65,-59.53,-62.52,-60.52,-63.38,-45.31,-49.36,-61.79,-50.56,-44.04,-54.21,-63.62,-49.08,-41.01,-59.39,-49.95,-56.65,2026-06-20 20:45:04+00:00
2026-06-20T20:46:04+00:00,-48.53,-58.66,-62.99,-60.24,-61.98,-45.39,-48.92,-62.44,-50.87,-44.08,-53.96,-63.58,-49.05,-41.05,-59.20,-49.48,-58.05,2026-06-20 20:46:04+00:00
2026-06-20T20:47:03+00:00,-47.92,-58.32,-61.94,-60.16,-63.50,-45.06,-48.76,-61.28,-51.30,-44.22,-54.06,-62.79,-48.69,-41.05,-58.49,-48.34,-57.03,2026-06-20 20:47:03+00:00
2026-06-20T20:48:03+00:00,-47.77,-59.31,-62.01,-60.21,-62.94,-45.16,-48.82,-62.00,-50.50,-44.24,-54.09,-62.23,-48.70,-40.92,-58.99,-48.58,-57.19,2026-06-20 20:48:03+00:00
2026-06-20T20:49:04+00:00,-48.00,-58.53,-61.52,-60.82,-63.39,-45.39,-49.23,-61.92,-51.04,-43.70,-54.09,-62.82,-48.93,-41.02,-58.97,-49.90,-57.67,2026-06-20 20:49:04+00:00
2026-06-20T20:50:04+00:00,-48.19,-59.14,-61.91,-60.47,-64.25,-45.00,-49.14,-60.63,-51.51,-43.75,-54.21,-62.81,-49.18,-41.38,-58.77,-51.93,-56.84,2026-06-20 20:50:04+00:00
2026-06-20T20:51:03+00:00,-48.29,-59.00,-61.24,-60.49,-62.48,-44.95,-49.08,-62.04,-50.65,-44.19,-54.22,-61.26,-49.36,-41.47,-58.48,-49.31,-56.65,2026-06-20 20:51:03+00:00
2026-06-20T20:52:03+00:00,-48.28,-59.37,-62.51,-60.69,-63.79,-45.06,-49.57,-62.79,-50.51,-44.78,-54.33,-63.35,-49.30,-41.76,-59.43,-47.01,-57.80,2026-06-20 20:52:03+00:00
2026-06-20T20:53:04+00:00,-48.36,-59.65,-62.88,-61.06,-64.02,-45.14,-49.37,-63.20,-50.96,-45.20,-54.61,-63.57,-49.24,-42.13,-59.03,-45.82,-57.71,2026-06-20 20:53:04+00:00
2026-06-20T20:54:04+00:00,-48.51,-58.81,-62.86,-60.61,-63.23,-44.76,-52.35,-62.44,-51.66,-45.67,-54.61,-63.44,-49.26,-42.11,-59.09,-44.76,-58.04,2026-06-20 20:54:04+00:00
2026-06-20T20:55:03+00:00,-47.97,-58.53,-62.91,-60.80,-62.57,-44.93,-48.82,-62.55,-50.90,-46.24,-54.49,-63.12,-49.24,-42.37,-58.60,-43.57,-57.84,2026-06-20 20:55:03+00:00
2026-06-20T20:56:03+00:00,-48.40,-59.14,-62.67,-61.07,-64.10,-44.75,-49.40,-62.35,-50.90,-45.57,-54.46,-63.49,-49.35,-41.90,-57.91,-40.74,-57.86,2026-06-20 20:56:03+00:00
2026-06-20T20:57:04+00:00,-48.61,-58.99,-62.31,-60.77,-62.18,-44.97,-49.41,-62.70,-50.91,-45.82,-54.72,-63.16,-49.44,-41.87,-58.95,-39.86,-58.05,2026-06-20 20:57:04+00:00
2026-06-20T20:58:04+00:00,-48.39,-58.80,-62.45,-60.56,-63.28,-44.90,-49.18,-62.45,-50.55,-45.64,-54.48,-63.47,-49.44,-42.95,-58.40,-39.61,-58.01,2026-06-20 20:58:04+00:00
2026-06-20T20:59:03+00:00,-48.30,-58.84,-62.01,-60.94,-61.88,-45.05,-49.05,-62.15,-50.63,-45.10,-54.61,-62.69,-49.33,-43.62,-58.73,-40.53,-56.43,2026-06-20 20:59:03+00:00
2026-06-20T21:00:03+00:00,-48.43,-58.14,-62.15,-60.32,-61.77,-44.89,-48.99,-62.06,-51.24,-45.49,-54.46,-62.82,-49.33,-43.58,-58.84,-41.40,-57.68,2026-06-20 21:00:03+00:00
2026-06-20T21:01:03+00:00,-48.21,-58.70,-62.55,-60.56,-62.15,-45.06,-48.73,-62.42,-51.47,-46.23,-54.51,-63.56,-49.43,-43.54,-58.41,-43.21,-58.11,2026-06-20 21:01:03+00:00
2026-06-20T21:02:03+00:00,-48.24,-58.66,-62.55,-60.51,-63.25,-44.90,-48.76,-61.73,-50.41,-46.19,-54.19,-63.29,-49.72,-43.80,-58.61,-44.27,-57.76,2026-06-20 21:02:03+00:00
2026-06-20T21:03:03+00:00,-48.20,-58.97,-62.96,-61.09,-61.53,-45.00,-48.62,-61.58,-50.68,-46.37,-54.26,-63.92,-51.87,-44.02,-59.04,-42.24,-58.28,2026-06-20 21:03:03+00:00
2026-06-20T21:04:04+00:00,-48.19,-56.82,-62.47,-60.46,-61.82,-44.92,-48.79,-60.58,-50.90,-47.74,-54.78,-62.64,-52.46,-44.19,-58.48,-40.73,-57.47,2026-06-20 21:04:04+00:00
2026-06-20T21:05:04+00:00,-48.37,-58.84,-62.34,-61.08,-61.94,-45.07,-48.57,-61.18,-50.40,-47.56,-54.66,-62.87,-52.43,-44.20,-58.69,-39.70,-57.28,2026-06-20 21:05:04+00:00
2026-06-20T21:06:03+00:00,-48.14,-58.39,-61.14,-60.76,-61.42,-45.23,-48.90,-61.94,-49.03,-48.57,-54.50,-61.59,-52.30,-44.09,-58.85,-39.72,-57.55,2026-06-20 21:06:03+00:00
2026-06-20T21:07:03+00:00,-48.48,-58.60,-62.11,-60.73,-62.19,-45.07,-49.00,-61.68,-49.12,-48.22,-54.89,-63.38,-52.33,-44.08,-58.94,-39.92,-57.52,2026-06-20 21:07:03+00:00
2026-06-20T21:08:04+00:00,-48.38,-57.66,-62.23,-60.78,-62.08,-45.22,-49.27,-61.36,-48.61,-49.09,-54.84,-63.52,-52.10,-44.45,-59.08,-42.37,-57.93,2026-06-20 21:08:04+00:00
2026-06-20T21:09:04+00:00,-48.66,-56.83,-62.54,-60.83,-62.71,-45.27,-49.07,-61.28,-49.17,-50.99,-54.86,-63.80,-52.20,-44.75,-58.68,-43.68,-58.00,2026-06-20 21:09:04+00:00
2026-06-20T21:10:03+00:00,-48.65,-57.31,-62.23,-60.86,-61.89,-45.24,-48.74,-61.17,-49.82,-50.12,-54.63,-63.42,-52.24,-44.53,-58.50,-41.84,-57.30,2026-06-20 21:10:03+00:00
2026-06-20T21:11:04+00:00,-48.53,-57.27,-61.78,-60.59,-62.26,-45.47,-50.80,-61.31,-48.90,-49.33,-56.09,-63.15,-52.12,-44.46,-59.19,-42.43,-57.18,2026-06-20 21:11:04+00:00
2026-06-20T21:12:04+00:00,-48.27,-57.17,-60.56,-61.02,-61.96,-45.35,-46.48,-61.22,-48.10,-49.98,-56.46,-60.92,-52.17,-44.69,-59.09,-42.34,-55.96,2026-06-20 21:12:04+00:00
2026-06-20T21:13:04+00:00,-49.13,-57.40,-62.02,-60.85,-60.27,-45.28,-49.38,-61.34,-47.99,-49.69,-55.85,-63.14,-52.18,-45.03,-58.90,-43.51,-57.25,2026-06-20 21:13:04+00:00
2026-06-20T21:14:03+00:00,-49.25,-57.70,-62.25,-60.52,-61.95,-45.38,-49.84,-61.04,-47.93,-49.15,-55.20,-62.78,-52.38,-45.65,-58.89,-44.61,-57.95,2026-06-20 21:14:03+00:00
2026-06-20T21:15:04+00:00,-49.51,-57.67,-62.58,-60.61,-61.63,-45.40,-49.53,-61.78,-48.01,-47.56,-54.97,-63.23,-52.50,-45.51,-58.95,-45.83,-57.72,2026-06-20 21:15:04+00:00
2026-06-20T21:16:04+00:00,-49.54,-57.21,-61.62,-60.59,-61.59,-45.36,-49.59,-60.32,-48.04,-48.04,-55.06,-60.39,-52.77,-45.99,-58.37,-44.17,-57.27,2026-06-20 21:16:04+00:00
2026-06-20T21:17:03+00:00,-49.07,-57.13,-61.68,-60.59,-62.14,-45.63,-49.79,-60.83,-47.71,-47.61,-54.83,-63.09,-52.70,-46.20,-58.33,-43.24,-57.61,2026-06-20 21:17:03+00:00
2026-06-20T21:18:03+00:00,-49.31,-57.14,-61.35,-60.63,-62.67,-45.47,-49.55,-61.27,-47.61,-47.69,-55.43,-63.07,-52.66,-46.28,-58.76,-43.90,-57.52,2026-06-20 21:18:03+00:00
2026-06-20T21:19:04+00:00,-49.03,-57.47,-61.88,-60.96,-62.23,-45.52,-49.39,-61.48,-47.64,-48.12,-55.10,-63.17,-52.65,-46.00,-58.67,-44.98,-57.75,2026-06-20 21:19:04+00:00
2026-06-20T21:20:04+00:00,-48.26,-57.28,-61.57,-61.03,-61.28,-45.45,-49.37,-61.17,-47.39,-47.94,-54.87,-62.99,-52.55,-45.90,-58.57,-44.67,-58.16,2026-06-20 21:20:04+00:00
2026-06-20T21:21:03+00:00,-48.12,-57.62,-62.60,-60.88,-62.67,-45.59,-49.19,-61.14,-48.70,-46.77,-54.88,-63.95,-52.44,-46.22,-59.33,-43.04,-58.28,2026-06-20 21:21:03+00:00
2026-06-20T21:22:03+00:00,-47.90,-56.82,-61.47,-60.36,-61.19,-45.63,-48.94,-60.90,-48.60,-45.99,-55.73,-62.32,-52.21,-46.30,-58.83,-39.79,-56.90,2026-06-20 21:22:03+00:00
2026-06-20T21:23:04+00:00,-48.46,-56.31,-59.65,-59.74,-60.93,-45.52,-48.36,-59.42,-48.48,-44.36,-55.02,-61.13,-51.89,-45.62,-58.25,-37.44,-55.66,2026-06-20 21:23:04+00:00
2026-06-20T21:24:04+00:00,-48.01,-56.65,-62.04,-60.67,-62.76,-45.70,-48.40,-61.31,-48.41,-43.71,-54.32,-63.31,-52.07,-46.24,-58.40,-36.54,-56.85,2026-06-20 21:24:04+00:00
2026-06-20T21:25:03+00:00,-48.12,-56.47,-62.04,-60.42,-61.48,-45.27,-48.48,-60.67,-48.18,-42.65,-55.41,-62.75,-52.36,-46.09,-58.58,-35.99,-56.94,2026-06-20 21:25:03+00:00
2026-06-20T21:26:03+00:00,-48.53,-56.40,-60.92,-59.81,-61.84,-45.50,-48.63,-60.56,-48.97,-42.97,-55.28,-62.93,-52.23,-46.52,-58.23,-36.65,-55.08,2026-06-20 21:26:03+00:00
2026-06-20T21:27:04+00:00,-48.45,-56.64,-61.37,-60.39,-61.39,-45.58,-48.65,-61.14,-49.87,-42.60,-55.29,-62.59,-52.22,-47.03,-58.40,-36.68,-57.55,2026-06-20 21:27:04+00:00
2026-06-20T21:28:04+00:00,-48.20,-57.34,-61.70,-60.45,-61.13,-45.64,-48.54,-60.85,-50.01,-42.03,-55.35,-62.93,-52.04,-47.25,-58.59,-36.26,-57.41,2026-06-20 21:28:04+00:00
2026-06-20T21:29:03+00:00,-48.80,-57.45,-61.95,-60.18,-61.83,-45.67,-48.45,-61.50,-49.87,-41.80,-55.72,-62.72,-52.40,-47.98,-58.34,-35.64,-57.41,2026-06-20 21:29:03+00:00
2026-06-20T21:30:03+00:00,-48.28,-57.10,-61.30,-60.28,-62.58,-45.75,-48.15,-59.47,-49.85,-41.28,-55.32,-61.62,-52.66,-47.76,-58.11,-35.87,-55.99,2026-06-20 21:30:03+00:00
2026-06-20T21:31:04+00:00,-48.86,-57.26,-61.20,-59.95,-61.28,-45.84,-48.20,-60.54,-49.93,-41.09,-55.42,-61.60,-52.39,-47.80,-58.54,-36.24,-56.17,2026-06-20 21:31:04+00:00
2026-06-20T21:32:03+00:00,-48.00,-56.60,-61.38,-60.23,-62.23,-46.01,-48.43,-60.20,-49.68,-40.80,-55.30,-62.37,-52.49,-48.05,-58.19,-36.57,-55.92,2026-06-20 21:32:03+00:00
2026-06-20T21:33:03+00:00,-48.21,-57.50,-61.55,-60.22,-63.49,-45.71,-48.41,-61.15,-49.66,-39.95,-55.80,-62.85,-52.50,-49.15,-58.39,-36.85,-57.21,2026-06-20 21:33:03+00:00
2026-06-20T21:34:04+00:00,-48.76,-57.40,-61.06,-60.28,-62.48,-45.80,-48.62,-59.58,-50.05,-40.00,-55.95,-62.09,-52.34,-49.95,-58.35,-37.44,-57.46,2026-06-20 21:34:04+00:00
2026-06-20T21:35:04+00:00,-48.87,-57.36,-60.70,-60.25,-62.30,-45.88,-48.77,-60.33,-50.57,-40.18,-55.49,-61.59,-52.11,-50.55,-58.59,-37.33,-57.19,2026-06-20 21:35:04+00:00
2026-06-20T21:36:04+00:00,-48.70,-58.94,-61.65,-60.68,-62.32,-45.95,-48.32,-60.12,-49.94,-39.84,-55.04,-62.18,-52.46,-51.05,-58.53,-37.75,-57.17,2026-06-20 21:36:04+00:00
2026-06-20T21:37:03+00:00,-48.30,-58.78,-61.10,-60.53,-62.62,-45.81,-48.40,-60.07,-50.61,-39.76,-55.38,-61.66,-52.61,-50.48,-58.65,-37.99,-56.82,2026-06-20 21:37:03+00:00
2026-06-20T21:38:04+00:00,-48.15,-58.91,-61.52,-59.68,-64.08,-45.85,-48.31,-59.34,-50.83,-39.55,-55.45,-61.28,-52.29,-50.53,-58.47,-37.47,-56.45,2026-06-20 21:38:04+00:00
2026-06-20T21:39:04+00:00,-48.70,-58.37,-60.48,-60.19,-62.00,-45.46,-48.78,-59.83,-51.68,-39.89,-55.47,-61.08,-52.00,-50.59,-58.33,-37.11,-55.61,2026-06-20 21:39:04+00:00
2026-06-20T21:40:04+00:00,-48.42,-59.10,-61.44,-60.57,-61.46,-45.75,-48.92,-59.56,-51.90,-39.74,-55.72,-61.70,-52.34,-52.66,-58.56,-36.87,-57.45,2026-06-20 21:40:04+00:00
2026-06-20T21:41:03+00:00,-49.14,-58.69,-61.03,-60.02,-61.16,-45.88,-49.12,-60.07,-51.83,-39.22,-55.28,-61.32,-52.61,-53.45,-58.39,-37.33,-57.19,2026-06-20 21:41:03+00:00
2026-06-20T21:42:04+00:00,-48.81,-59.49,-61.91,-60.20,-62.89,-46.22,-48.73,-60.38,-51.82,-39.29,-55.42,-62.47,-52.75,-54.39,-58.31,-37.33,-57.56,2026-06-20 21:42:04+00:00
2026-06-20T21:43:04+00:00,-48.83,-59.36,-61.06,-60.46,-62.27,-45.72,-48.40,-60.67,-51.81,-39.12,-55.24,-60.55,-52.78,-53.92,-57.96,-37.90,-55.80,2026-06-20 21:43:04+00:00
2026-06-20T21:44:03+00:00,-48.66,-58.97,-60.91,-60.01,-62.18,-46.16,-48.60,-60.17,-51.26,-39.01,-55.36,-61.30,-52.40,-55.92,-58.11,-38.48,-55.71,2026-06-20 21:44:03+00:00
2026-06-20T21:45:03+00:00,-49.59,-59.35,-61.50,-60.06,-61.80,-46.22,-48.13,-59.64,-51.38,-38.95,-55.82,-60.89,-52.37,-56.58,-58.19,-37.21,-57.15,2026-06-20 21:45:03+00:00
2026-06-20T21:46:04+00:00,-49.75,-60.02,-61.95,-60.49,-61.49,-46.35,-48.48,-60.34,-51.66,-39.19,-56.21,-62.18,-53.12,-56.86,-58.10,-36.03,-57.56,2026-06-20 21:46:04+00:00
2026-06-20T21:47:04+00:00,-49.79,-60.13,-62.44,-60.54,-62.82,-46.40,-48.17,-60.14,-51.73,-39.52,-56.14,-62.35,-53.15,-56.55,-58.47,-35.26,-56.70,2026-06-20 21:47:04+00:00
2026-06-20T21:48:03+00:00,-50.00,-59.49,-61.49,-60.06,-62.90,-46.67,-48.46,-59.25,-51.33,-39.58,-55.67,-60.73,-52.69,-57.16,-58.55,-34.58,-56.83,2026-06-20 21:48:03+00:00
2026-06-20T21:49:03+00:00,-49.39,-59.05,-60.77,-60.10,-61.33,-46.51,-48.91,-59.63,-51.72,-39.97,-55.64,-60.46,-52.84,-57.86,-58.06,-34.50,-54.91,2026-06-20 21:49:03+00:00
2026-06-20T21:50:04+00:00,-49.78,-58.30,-61.32,-60.60,-62.12,-46.78,-48.84,-59.13,-49.78,-39.17,-55.51,-62.06,-53.25,-55.32,-58.17,-35.06,-56.69,2026-06-20 21:50:04+00:00
2026-06-20T21:51:03+00:00,-50.11,-59.40,-61.59,-60.03,-61.18,-46.54,-48.67,-60.36,-49.36,-39.50,-55.63,-61.77,-53.43,-54.60,-58.58,-35.69,-57.45,2026-06-20 21:51:03+00:00
2026-06-20T21:52:03+00:00,-48.87,-58.66,-60.94,-59.68,-61.52,-46.61,-48.51,-59.29,-49.42,-39.34,-55.27,-60.66,-53.54,-57.47,-58.20,-36.06,-56.79,2026-06-20 21:52:03+00:00
2026-06-20T21:53:04+00:00,-48.79,-59.28,-61.16,-60.69,-62.27,-46.56,-48.81,-60.27,-49.58,-38.78,-55.39,-61.89,-53.86,-55.64,-58.61,-35.64,-57.24,2026-06-20 21:53:04+00:00
2026-06-20T21:54:04+00:00,-48.96,-59.23,-61.62,-60.57,-62.26,-46.80,-48.44,-60.12,-49.32,-38.41,-55.48,-62.25,-53.92,-56.21,-58.65,-35.41,-55.98,2026-06-20 21:54:04+00:00
2026-06-20T21:55:03+00:00,-48.54,-59.14,-60.54,-59.90,-62.22,-46.81,-48.32,-59.49,-49.09,-38.23,-55.36,-61.04,-54.33,-56.15,-58.74,-35.40,-55.60,2026-06-20 21:55:03+00:00
2026-06-20T21:56:03+00:00,-48.82,-60.10,-61.67,-60.41,-62.50,-46.84,-48.46,-60.86,-47.76,-38.41,-55.66,-62.02,-54.64,-55.41,-58.28,-35.03,-57.73,2026-06-20 21:56:03+00:00
2026-06-20T21:57:04+00:00,-48.38,-60.32,-61.89,-60.72,-62.98,-46.90,-48.83,-59.80,-47.63,-38.50,-55.11,-62.54,-54.12,-55.47,-59.14,-34.82,-57.78,2026-06-20 21:57:04+00:00
2026-06-20T21:58:04+00:00,-48.45,-60.38,-61.58,-60.34,-61.84,-46.78,-48.65,-60.41,-47.68,-38.78,-55.56,-62.44,-54.39,-55.58,-58.54,-34.50,-56.31,2026-06-20 21:58:04+00:00
2026-06-20T21:59:03+00:00,-48.44,-59.74,-61.58,-60.28,-62.65,-46.47,-49.06,-60.50,-47.86,-38.80,-55.64,-62.50,-54.16,-54.02,-58.10,-34.09,-57.81,2026-06-20 21:59:03+00:00
2026-06-20T22:00:03+00:00,-48.31,-59.44,-62.56,-60.66,-63.57,-46.49,-49.30,-61.11,-48.62,-38.24,-55.73,-62.83,-54.21,-53.87,-58.08,-33.86,-57.64,2026-06-20 22:00:03+00:00
2026-06-20T22:01:04+00:00,-48.68,-59.72,-62.52,-60.59,-62.52,-46.63,-49.06,-60.88,-48.39,-37.60,-55.74,-62.87,-54.43,-55.31,-58.11,-33.73,-57.97,2026-06-20 22:01:04+00:00
2026-06-20T22:02:03+00:00,-48.72,-59.31,-62.24,-60.68,-61.59,-46.42,-49.02,-61.24,-48.54,-37.30,-55.71,-62.15,-54.77,-55.75,-58.44,-34.09,-57.41,2026-06-20 22:02:03+00:00
2026-06-20T22:03:04+00:00,-48.60,-57.69,-58.34,-60.00,-63.03,-46.34,-48.62,-57.53,-47.65,-37.47,-54.81,-59.78,-53.95,-54.25,-58.13,-34.78,-53.56,2026-06-20 22:03:04+00:00
2026-06-20T22:04:04+00:00,-48.79,-59.01,-62.01,-60.53,-61.10,-46.24,-48.76,-59.16,-47.86,-37.50,-55.27,-62.12,-54.07,-55.38,-58.13,-34.82,-56.79,2026-06-20 22:04:04+00:00
2026-06-20T22:05:04+00:00,-48.84,-59.48,-62.14,-60.14,-62.60,-46.42,-49.02,-60.33,-48.71,-37.36,-55.43,-61.95,-54.19,-56.25,-58.58,-34.63,-57.82,2026-06-20 22:05:04+00:00
2026-06-20T22:06:04+00:00,-48.81,-59.66,-59.82,-60.38,-62.36,-46.24,-48.90,-59.81,-48.86,-37.22,-54.60,-60.47,-54.09,-56.83,-58.29,-34.73,-54.73,2026-06-20 22:06:04+00:00
2026-06-20T22:07:03+00:00,-48.80,-59.42,-61.25,-59.24,-60.97,-46.46,-48.77,-55.45,-48.59,-37.40,-55.10,-59.61,-54.15,-57.91,-58.19,-35.39,-54.85,2026-06-20 22:07:03+00:00
2026-06-20T22:08:03+00:00,-48.83,-59.39,-61.38,-59.97,-61.95,-46.61,-49.06,-59.91,-48.86,-37.22,-55.23,-60.49,-54.19,-60.42,-57.82,-35.44,-57.10,2026-06-20 22:08:03+00:00
2026-06-20T22:09:04+00:00,-48.77,-58.98,-59.04,-59.86,-62.49,-46.31,-48.94,-58.48,-47.94,-37.39,-55.17,-60.08,-54.54,-59.22,-57.98,-35.67,-53.26,2026-06-20 22:09:04+00:00
2026-06-20T22:10:04+00:00,-48.81,-58.74,-60.21,-60.23,-61.54,-46.51,-49.24,-57.87,-48.24,-37.29,-55.27,-60.04,-54.39,-57.70,-58.07,-36.52,-52.67,2026-06-20 22:10:04+00:00
2026-06-20T22:11:03+00:00,-48.98,-59.01,-61.45,-60.15,-61.40,-46.29,-49.26,-58.82,-50.27,-36.97,-55.13,-61.11,-54.51,-57.31,-58.35,-36.33,-54.24,2026-06-20 22:11:03+00:00
2026-06-20T22:12:03+00:00,-48.96,-58.74,-62.19,-60.40,-62.62,-46.52,-49.25,-61.19,-50.30,-37.56,-55.24,-62.87,-54.63,-55.63,-58.53,-36.66,-52.78,2026-06-20 22:12:03+00:00
2026-06-20T22:13:04+00:00,-49.03,-58.72,-62.01,-60.54,-62.18,-46.42,-53.52,-60.56,-50.34,-37.85,-55.25,-63.30,-54.94,-54.77,-58.54,-37.57,-53.90,2026-06-20 22:13:04+00:00
2026-06-20T22:14:04+00:00,-48.84,-59.07,-61.22,-59.66,-61.35,-46.21,-49.30,-58.32,-49.83,-37.80,-55.33,-60.35,-54.90,-52.77,-57.65,-37.67,-54.26,2026-06-20 22:14:04+00:00
2026-06-20T22:15:03+00:00,-49.05,-58.97,-61.54,-60.08,-63.35,-46.21,-49.15,-61.19,-50.13,-37.98,-55.41,-60.77,-55.56,-51.41,-58.37,-37.95,-52.85,2026-06-20 22:15:03+00:00
2026-06-20T22:16:03+00:00,-48.93,-58.44,-61.04,-60.26,-61.74,-46.22,-49.27,-58.75,-50.25,-38.35,-55.42,-60.31,-55.06,-51.24,-57.90,-37.75,-52.85,2026-06-20 22:16:03+00:00
2026-06-20T22:17:04+00:00,-48.97,-59.94,-62.01,-60.44,-61.95,-46.46,-49.04,-60.71,-50.39,-38.58,-55.49,-61.45,-54.56,-52.02,-58.19,-37.30,-54.32,2026-06-20 22:17:04+00:00
2026-06-20T22:18:04+00:00,-48.92,-58.84,-61.57,-60.09,-62.12,-46.75,-49.02,-60.50,-50.28,-39.14,-54.96,-60.42,-55.04,-51.52,-57.61,-37.56,-52.73,2026-06-20 22:18:04+00:00
2026-06-20T22:19:03+00:00,-50.19,-58.41,-61.70,-60.21,-60.99,-46.60,-48.82,-59.61,-50.21,-38.69,-55.13,-60.40,-54.68,-50.45,-57.94,-37.80,-55.02,2026-06-20 22:19:03+00:00
2026-06-20T22:20:03+00:00,-50.12,-59.46,-60.70,-60.10,-61.40,-46.67,-48.97,-59.07,-50.57,-38.77,-54.76,-57.87,-54.30,-49.71,-57.58,-37.72,-54.77,2026-06-20 22:20:03+00:00
2026-06-20T22:21:04+00:00,-49.97,-58.54,-61.82,-60.77,-62.59,-45.79,-49.28,-60.31,-50.71,-38.64,-54.96,-58.76,-54.63,-47.90,-57.93,-38.13,-53.79,2026-06-20 22:21:04+00:00
2026-06-20T22:22:04+00:00,-49.87,-58.85,-61.55,-60.48,-63.58,-46.69,-49.28,-60.50,-50.58,-38.85,-55.22,-57.78,-54.85,-47.10,-58.49,-37.73,-53.19,2026-06-20 22:22:04+00:00
2026-06-20T22:23:03+00:00,-50.00,-58.77,-61.47,-60.29,-61.52,-46.72,-49.21,-60.40,-50.39,-39.30,-55.28,-58.17,-55.17,-45.66,-55.64,-37.64,-54.53,2026-06-20 22:23:03+00:00
2026-06-20T22:24:03+00:00,-49.51,-58.42,-60.83,-60.24,-63.17,-46.77,-48.79,-59.93,-50.67,-38.96,-55.05,-57.03,-54.83,-45.35,-58.21,-38.47,-53.62,2026-06-20 22:24:03+00:00
2026-06-20T22:25:03+00:00,-48.99,-58.97,-61.88,-60.23,-64.38,-47.14,-48.90,-60.19,-50.88,-39.10,-55.19,-57.62,-54.49,-45.30,-58.54,-37.82,-54.66,2026-06-20 22:25:03+00:00
2026-06-20T22:26:04+00:00,-48.51,-58.93,-61.82,-60.65,-63.50,-46.89,-49.40,-60.17,-51.51,-39.61,-55.08,-58.59,-54.80,-45.29,-58.25,-37.29,-54.85,2026-06-20 22:26:04+00:00
2026-06-20T22:27:04+00:00,-48.52,-58.91,-61.71,-59.56,-64.14,-47.02,-49.54,-60.09,-51.37,-40.41,-54.95,-60.13,-54.27,-44.87,-58.05,-37.50,-53.84,2026-06-20 22:27:04+00:00
2026-06-20T22:28:03+00:00,-48.61,-59.30,-62.01,-60.17,-63.72,-47.24,-49.14,-59.81,-51.38,-40.24,-55.25,-60.10,-54.50,-44.17,-58.15,-38.54,-55.02,2026-06-20 22:28:03+00:00
2026-06-20T22:29:03+00:00,-48.57,-58.64,-62.04,-60.28,-62.18,-47.12,-49.34,-59.97,-51.20,-40.05,-55.05,-61.08,-54.41,-43.20,-58.22,-38.78,-54.20,2026-06-20 22:29:03+00:00
2026-06-20T22:30:04+00:00,-48.64,-59.14,-61.82,-60.37,-63.09,-47.25,-49.17,-60.46,-51.33,-39.92,-54.88,-61.35,-54.15,-43.50,-58.24,-39.30,-54.13,2026-06-20 22:30:04+00:00
2026-06-20T22:31:05+00:00,-48.65,-59.39,-62.44,-60.55,-62.76,-47.40,-49.09,-60.34,-51.07,-39.90,-55.17,-62.69,-53.66,-43.08,-58.59,-39.31,-55.26,2026-06-20 22:31:05+00:00
2026-06-20T22:32:04+00:00,-48.79,-57.41,-62.13,-60.64,-62.79,-47.37,-49.27,-61.08,-51.07,-39.92,-54.59,-62.04,-53.56,-42.82,-58.22,-38.54,-52.68,2026-06-20 22:32:04+00:00
2026-06-20T22:33:03+00:00,-48.71,-57.54,-61.93,-60.53,-63.53,-47.22,-49.25,-60.96,-51.03,-40.57,-54.97,-61.72,-54.15,-42.69,-57.94,-37.73,-52.80,2026-06-20 22:33:03+00:00
2026-06-20T22:34:03+00:00,-48.43,-57.28,-60.53,-60.10,-61.63,-47.21,-48.99,-58.93,-50.73,-41.58,-55.14,-58.06,-54.99,-42.83,-58.39,-37.68,-52.35,2026-06-20 22:34:03+00:00
2026-06-20T22:35:04+00:00,-48.57,-57.94,-59.67,-60.29,-63.00,-47.27,-48.87,-59.65,-49.07,-41.75,-54.40,-59.29,-55.06,-42.52,-57.90,-37.58,-54.09,2026-06-20 22:35:04+00:00
2026-06-20T22:36:03+00:00,-48.88,-59.15,-60.60,-60.26,-62.20,-47.14,-48.54,-60.81,-49.25,-41.70,-54.65,-59.67,-54.79,-42.10,-58.09,-36.77,-53.99,2026-06-20 22:36:03+00:00
2026-06-20T22:37:03+00:00,-48.71,-59.05,-61.18,-60.86,-63.03,-46.86,-48.44,-61.18,-49.15,-40.79,-54.99,-59.32,-53.70,-41.97,-58.86,-35.70,-52.84,2026-06-20 22:37:03+00:00
2026-06-20T22:38:04+00:00,-48.36,-57.20,-60.36,-59.26,-62.04,-46.91,-48.13,-60.28,-49.09,-39.97,-53.99,-59.76,-51.69,-42.19,-58.26,-35.32,-52.27,2026-06-20 22:38:04+00:00
2026-06-20T22:39:04+00:00,-48.67,-58.30,-59.30,-60.22,-61.53,-46.92,-48.82,-59.74,-48.97,-40.30,-54.34,-58.13,-51.41,-41.92,-57.79,-35.33,-52.72,2026-06-20 22:39:04+00:00
2026-06-20T22:40:04+00:00,-48.78,-59.78,-62.68,-61.07,-61.86,-45.96,-48.82,-61.86,-49.34,-40.00,-55.02,-60.15,-49.64,-42.07,-58.59,-36.06,-55.03,2026-06-20 22:40:04+00:00
2026-06-20T22:41:04+00:00,-49.04,-59.13,-60.17,-59.61,-63.44,-45.75,-48.80,-59.27,-47.57,-40.55,-54.03,-58.38,-49.34,-42.23,-58.24,-36.03,-54.31,2026-06-20 22:41:04+00:00
2026-06-20T22:42:03+00:00,-48.53,-58.69,-62.15,-60.52,-61.56,-45.69,-48.76,-61.61,-47.73,-39.83,-55.28,-60.45,-48.55,-42.54,-58.17,-37.06,-54.99,2026-06-20 22:42:03+00:00
2026-06-20T22:43:03+00:00,-47.08,-59.03,-61.59,-60.47,-62.01,-45.42,-48.47,-60.95,-47.56,-39.70,-55.09,-59.91,-48.34,-42.67,-58.20,-38.32,-52.36,2026-06-20 22:43:03+00:00
2026-06-20T22:44:04+00:00,-47.14,-59.25,-62.03,-60.42,-62.57,-45.61,-48.20,-60.03,-47.72,-40.20,-55.05,-60.84,-48.32,-42.38,-58.44,-39.10,-54.16,2026-06-20 22:44:04+00:00
2026-06-20T22:45:04+00:00,-47.32,-59.62,-61.51,-60.60,-62.64,-45.71,-48.54,-61.57,-47.93,-40.00,-55.50,-60.98,-48.04,-42.58,-58.48,-39.57,-54.57,2026-06-20 22:45:04+00:00
2026-06-20T22:46:03+00:00,-47.27,-58.83,-61.47,-60.39,-61.99,-46.52,-49.06,-60.29,-47.93,-39.61,-54.62,-59.82,-47.94,-42.70,-58.54,-39.10,-54.08,2026-06-20 22:46:03+00:00
2026-06-20T22:47:03+00:00,-47.21,-58.69,-61.20,-60.49,-63.61,-46.61,-48.99,-60.95,-47.83,-38.92,-55.09,-59.48,-47.65,-42.46,-58.54,-37.68,-52.95,2026-06-20 22:47:03+00:00
2026-06-20T22:48:04+00:00,-47.46,-58.93,-61.96,-60.30,-62.32,-46.55,-49.00,-60.08,-47.78,-39.26,-55.00,-61.15,-47.39,-42.76,-58.01,-36.80,-52.66,2026-06-20 22:48:04+00:00
2026-06-20T22:49:04+00:00,-47.74,-59.57,-62.90,-61.09,-62.11,-46.33,-49.13,-61.49,-47.94,-39.46,-55.13,-61.68,-47.31,-43.16,-58.83,-37.11,-54.06,2026-06-20 22:49:04+00:00
2026-06-20T22:50:03+00:00,-47.29,-59.50,-62.49,-60.62,-63.45,-46.12,-49.51,-60.47,-48.79,-39.76,-54.80,-62.26,-47.21,-43.07,-58.40,-37.68,-52.84,2026-06-20 22:50:03+00:00
2026-06-20T22:51:03+00:00,-47.58,-59.39,-61.85,-60.98,-62.19,-46.14,-49.17,-61.53,-48.95,-39.43,-54.83,-62.66,-47.52,-43.35,-59.27,-38.95,-52.81,2026-06-20 22:51:03+00:00
2026-06-20T22:52:04+00:00,-47.41,-58.14,-58.96,-59.47,-62.19,-46.05,-49.10,-59.55,-48.88,-39.30,-54.27,-59.22,-46.93,-42.45,-58.03,-39.10,-54.38,2026-06-20 22:52:04+00:00
2026-06-20T22:53:04+00:00,-47.98,-59.10,-62.22,-59.92,-61.08,-46.06,-49.25,-60.28,-48.71,-39.11,-55.17,-61.55,-47.00,-42.23,-58.85,-38.66,-54.11,2026-06-20 22:53:04+00:00
2026-06-20T22:54:03+00:00,-48.54,-58.66,-60.97,-60.35,-62.20,-45.96,-49.28,-60.53,-48.26,-39.26,-54.65,-61.20,-47.39,-42.28,-58.12,-38.05,-54.01,2026-06-20 22:54:03+00:00
2026-06-20T22:55:03+00:00,-49.31,-58.69,-60.48,-60.22,-63.55,-46.04,-49.27,-60.08,-48.13,-38.85,-54.78,-61.15,-47.44,-41.91,-58.25,-38.05,-54.37,2026-06-20 22:55:03+00:00
2026-06-20T22:56:04+00:00,-47.28,-58.62,-60.83,-60.23,-62.32,-47.80,-49.58,-60.36,-49.84,-38.61,-54.52,-60.72,-47.44,-42.14,-58.59,-37.97,-52.78,2026-06-20 22:56:04+00:00
2026-06-20T22:57:04+00:00,-47.37,-58.87,-61.32,-60.59,-62.67,-47.88,-49.36,-61.17,-49.89,-38.08,-54.73,-62.61,-47.61,-42.06,-58.35,-38.64,-55.00,2026-06-20 22:57:04+00:00
2026-06-20T22:58:03+00:00,-47.33,-59.72,-61.69,-60.50,-63.39,-47.94,-49.38,-61.08,-50.08,-38.68,-55.00,-62.74,-47.66,-42.51,-58.30,-38.88,-51.83,2026-06-20 22:58:03+00:00
2026-06-20T22:59:03+00:00,-46.67,-59.45,-60.46,-60.60,-62.62,-47.77,-48.78,-60.07,-49.90,-38.74,-54.55,-61.38,-47.78,-43.10,-58.32,-39.59,-52.77,2026-06-20 22:59:03+00:00
2026-06-20T23:00:04+00:00,-46.71,-59.78,-62.55,-60.58,-62.30,-47.73,-48.71,-60.89,-50.56,-38.24,-54.86,-62.47,-48.86,-43.95,-58.00,-40.21,-54.19,2026-06-20 23:00:04+00:00
2026-06-20T23:01:04+00:00,-46.76,-59.25,-61.10,-59.42,-62.13,-47.65,-48.73,-59.47,-50.01,-37.92,-54.49,-61.22,-48.84,-44.22,-57.80,-42.12,-53.70,2026-06-20 23:01:04+00:00
2026-06-20T23:02:04+00:00,-46.65,-59.03,-61.80,-60.30,-62.18,-47.35,-48.79,-60.25,-50.08,-38.00,-54.75,-61.72,-49.13,-43.82,-57.87,-43.19,-52.86,2026-06-20 23:02:04+00:00
2026-06-20T23:03:04+00:00,-46.55,-59.02,-60.94,-60.40,-63.28,-47.21,-49.13,-58.74,-50.10,-37.58,-54.41,-60.80,-49.18,-44.64,-58.27,-44.65,-52.14,2026-06-20 23:03:04+00:00
2026-06-20T23:04:03+00:00,-46.55,-59.28,-61.83,-60.49,-61.71,-47.52,-49.19,-61.05,-50.47,-38.58,-55.21,-61.57,-49.38,-44.52,-57.56,-47.40,-54.30,2026-06-20 23:04:03+00:00
2026-06-20T23:05:03+00:00,-46.74,-58.86,-59.92,-60.15,-61.80,-47.57,-48.93,-60.29,-50.65,-38.70,-54.33,-61.21,-47.71,-44.55,-58.39,-49.28,-54.14,2026-06-20 23:05:03+00:00
2026-06-20T23:06:04+00:00,-46.66,-58.15,-61.46,-60.28,-63.06,-47.60,-48.94,-60.70,-50.67,-38.64,-54.30,-62.27,-47.54,-44.89,-58.40,-51.65,-54.59,2026-06-20 23:06:04+00:00
2026-06-20T23:07:04+00:00,-46.77,-57.92,-61.07,-60.30,-62.80,-47.45,-49.27,-59.76,-51.11,-38.62,-53.80,-60.83,-47.77,-45.72,-58.00,-50.52,-53.61,2026-06-20 23:07:04+00:00
2026-06-20T23:08:03+00:00,-46.78,-59.07,-61.44,-60.55,-62.19,-47.50,-49.17,-60.65,-50.57,-37.81,-53.91,-61.04,-47.94,-46.71,-58.13,-50.10,-54.31,2026-06-20 23:08:03+00:00
2026-06-20T23:09:04+00:00,-46.68,-58.64,-60.95,-60.23,-63.61,-47.35,-49.48,-60.70,-51.37,-37.83,-53.52,-60.99,-47.87,-47.42,-58.68,-52.00,-52.26,2026-06-20 23:09:04+00:00
2026-06-20T23:10:04+00:00,-46.89,-58.42,-61.26,-60.20,-62.17,-47.51,-49.70,-59.93,-51.20,-37.94,-53.57,-60.45,-47.82,-48.38,-57.99,-46.97,-54.96,2026-06-20 23:10:04+00:00
2026-06-20T23:11:03+00:00,-46.89,-58.37,-60.56,-59.92,-61.67,-47.09,-49.44,-60.23,-51.68,-37.85,-53.43,-60.23,-47.72,-48.45,-58.51,-46.53,-52.60,2026-06-20 23:11:03+00:00
2026-06-20T23:12:03+00:00,-46.93,-57.84,-60.87,-60.05,-62.44,-47.48,-49.32,-60.22,-51.33,-37.89,-53.34,-61.27,-47.83,-49.74,-58.17,-49.46,-54.16,2026-06-20 23:12:03+00:00
2026-06-20T23:13:04+00:00,-47.12,-58.95,-61.22,-59.88,-62.10,-47.30,-49.26,-60.25,-51.16,-37.92,-52.92,-61.32,-47.85,-51.15,-57.73,-49.16,-52.75,2026-06-20 23:13:04+00:00
2026-06-20T23:14:04+00:00,-47.08,-59.48,-61.59,-60.11,-61.88,-51.86,-49.04,-59.66,-51.21,-38.11,-53.23,-61.73,-47.83,-51.52,-58.29,-45.26,-54.16,2026-06-20 23:14:04+00:00
2026-06-20T23:15:03+00:00,-46.87,-57.85,-60.82,-60.08,-62.43,-51.75,-48.97,-59.00,-51.03,-38.00,-53.08,-60.45,-48.46,-52.08,-57.89,-42.72,-52.70,2026-06-20 23:15:03+00:00
2026-06-20T23:16:03+00:00,-46.81,-58.60,-60.83,-60.09,-62.19,-51.72,-49.43,-60.52,-51.01,-38.43,-53.71,-61.06,-48.62,-51.59,-58.31,-44.39,-54.10,2026-06-20 23:16:03+00:00
2026-06-20T23:17:04+00:00,-47.01,-58.02,-60.28,-59.88,-62.18,-51.49,-49.39,-59.05,-50.91,-38.67,-54.23,-61.20,-48.62,-52.03,-57.96,-45.25,-54.82,2026-06-20 23:17:04+00:00
2026-06-20T23:18:04+00:00,-47.10,-57.67,-59.33,-59.64,-61.85,-51.24,-49.26,-57.08,-50.83,-38.01,-53.73,-59.85,-48.49,-51.90,-58.05,-43.97,-54.24,2026-06-20 23:18:04+00:00
2026-06-20T23:19:03+00:00,-46.64,-56.35,-59.61,-59.91,-62.94,-50.98,-49.53,-58.90,-51.07,-37.66,-53.65,-60.31,-47.74,-50.42,-58.17,-42.43,-54.20,2026-06-20 23:19:03+00:00
2026-06-20T23:20:03+00:00,-46.99,-58.51,-61.22,-59.88,-62.29,-50.84,-49.44,-58.89,-49.20,-37.81,-54.02,-61.47,-47.25,-49.40,-58.27,-41.83,-54.14,2026-06-20 23:20:03+00:00
2026-06-20T23:21:04+00:00,-46.92,-58.85,-60.01,-59.79,-61.85,-51.20,-49.31,-58.18,-49.16,-37.91,-53.41,-60.15,-47.37,-49.28,-57.72,-41.79,-53.99,2026-06-20 23:21:04+00:00
2026-06-20T23:22:04+00:00,-47.04,-57.77,-60.55,-59.40,-62.36,-51.18,-48.83,-58.57,-49.09,-38.08,-52.35,-59.95,-47.39,-48.73,-58.40,-40.72,-53.31,2026-06-20 23:22:04+00:00
2026-06-20T23:23:03+00:00,-46.87,-58.92,-60.50,-59.51,-62.09,-50.87,-48.73,-59.17,-49.06,-38.23,-53.45,-60.70,-48.35,-48.64,-57.48,-40.12,-54.28,2026-06-20 23:23:03+00:00
2026-06-20T23:24:03+00:00,-46.69,-59.21,-60.83,-59.73,-62.45,-51.20,-48.66,-59.73,-49.13,-38.71,-53.77,-61.03,-48.32,-48.33,-58.14,-39.29,-52.90,2026-06-20 23:24:03+00:00
2026-06-20T23:25:04+00:00,-46.84,-59.41,-61.24,-60.41,-62.93,-50.76,-49.00,-59.72,-49.26,-38.56,-54.46,-61.79,-48.39,-47.13,-58.23,-37.71,-53.10,2026-06-20 23:25:04+00:00
2026-06-20T23:26:04+00:00,-47.50,-58.33,-61.65,-59.80,-62.29,-50.94,-48.73,-59.83,-47.99,-38.66,-54.64,-61.35,-48.45,-47.50,-57.89,-37.38,-55.19,2026-06-20 23:26:04+00:00
2026-06-20T23:27:03+00:00,-47.52,-58.48,-59.61,-59.75,-62.43,-50.83,-48.63,-59.93,-47.65,-39.13,-54.22,-60.48,-47.30,-48.98,-58.37,-37.61,-54.07,2026-06-20 23:27:03+00:00
2026-06-20T23:28:03+00:00,-47.73,-58.11,-60.31,-59.06,-62.14,-50.57,-48.75,-59.15,-47.69,-39.43,-54.23,-60.33,-46.98,-49.84,-58.05,-37.57,-52.82,2026-06-20 23:28:03+00:00
2026-06-20T23:29:04+00:00,-47.59,-58.94,-60.49,-59.55,-62.60,-50.53,-48.52,-60.09,-47.69,-39.56,-53.95,-60.66,-47.07,-49.04,-57.78,-37.19,-54.10,2026-06-20 23:29:04+00:00
2026-06-20T23:30:04+00:00,-47.32,-59.79,-59.94,-59.44,-62.32,-50.74,-48.21,-59.54,-47.77,-39.66,-53.82,-61.39,-46.89,-48.74,-57.90,-36.17,-55.24,2026-06-20 23:30:04+00:00
2026-06-20T23:31:04+00:00,-47.00,-57.47,-58.13,-58.85,-62.58,-50.24,-48.00,-57.93,-47.74,-40.36,-53.91,-58.59,-48.02,-47.52,-57.33,-34.26,-52.93,2026-06-20 23:31:04+00:00
2026-06-20T23:32:04+00:00,-47.08,-59.66,-60.61,-60.04,-61.51,-50.66,-48.20,-58.89,-47.67,-40.29,-54.25,-60.64,-48.19,-47.10,-57.84,-33.45,-52.85,2026-06-20 23:32:04+00:00
2026-06-20T23:33:04+00:00,-46.80,-59.02,-59.11,-59.73,-60.88,-50.93,-47.96,-59.38,-47.65,-39.78,-54.03,-59.51,-48.13,-47.36,-57.32,-33.07,-54.39,2026-06-20 23:33:04+00:00
2026-06-20T23:34:03+00:00,-46.73,-59.15,-58.61,-58.88,-61.90,-51.12,-47.60,-59.47,-47.91,-39.42,-54.36,-59.12,-48.14,-47.60,-57.84,-33.36,-52.72,2026-06-20 23:34:03+00:00
2026-06-20T23:35:03+00:00,-46.70,-58.48,-59.83,-59.71,-61.32,-50.68,-47.99,-59.31,-49.08,-39.30,-52.81,-60.92,-47.31,-47.64,-58.28,-34.04,-52.68,2026-06-20 23:35:03+00:00
2026-06-20T23:36:03+00:00,-46.53,-58.12,-59.21,-58.11,-61.54,-50.05,-47.92,-59.30,-48.59,-38.96,-52.92,-60.07,-47.21,-48.20,-57.21,-33.69,-54.23,2026-06-20 23:36:03+00:00
2026-06-20T23:37:03+00:00,-46.57,-57.73,-60.41,-58.67,-61.49,-50.43,-48.22,-59.61,-48.50,-39.09,-52.77,-60.50,-47.44,-48.80,-57.59,-33.18,-54.16,2026-06-20 23:37:03+00:00
2026-06-20T23:38:04+00:00,-46.65,-59.07,-59.81,-59.20,-60.54,-50.65,-48.30,-60.13,-48.59,-38.93,-53.05,-60.85,-47.29,-48.48,-57.95,-32.58,-53.01,2026-06-20 23:38:04+00:00
2026-06-20T23:39:04+00:00,-46.82,-59.99,-59.83,-59.62,-61.69,-51.05,-47.80,-60.02,-48.18,-38.98,-53.10,-60.50,-47.31,-49.21,-57.72,-32.43,-54.75,2026-06-20 23:39:04+00:00
2026-06-20T23:40:03+00:00,-46.73,-58.47,-59.97,-59.83,-62.11,-50.84,-47.93,-60.23,-48.11,-39.51,-52.57,-60.07,-47.28,-49.56,-57.93,-33.29,-52.80,2026-06-20 23:40:03+00:00
2026-06-20T23:41:03+00:00,-46.85,-58.76,-60.23,-59.53,-62.19,-50.74,-48.15,-59.65,-49.89,-38.89,-53.29,-58.67,-47.78,-50.10,-57.42,-33.44,-52.80,2026-06-20 23:41:03+00:00
2026-06-20T23:42:04+00:00,-46.67,-58.71,-58.93,-59.48,-61.67,-50.79,-47.78,-59.55,-49.91,-38.55,-53.14,-59.27,-47.75,-50.41,-57.38,-33.09,-54.19,2026-06-20 23:42:04+00:00
2026-06-20T23:43:04+00:00,-46.54,-59.02,-60.59,-59.29,-61.53,-51.68,-47.83,-59.75,-49.87,-38.22,-53.59,-60.45,-48.25,-50.82,-57.59,-33.07,-54.15,2026-06-20 23:43:04+00:00
2026-06-20T23:44:03+00:00,-46.71,-58.43,-60.01,-59.59,-62.17,-51.53,-47.48,-61.21,-50.53,-37.93,-53.76,-61.46,-48.25,-50.79,-57.78,-33.89,-52.82,2026-06-20 23:44:03+00:00
2026-06-20T23:45:03+00:00,-46.72,-58.03,-60.74,-59.91,-61.76,-51.23,-47.61,-59.45,-50.09,-37.50,-52.95,-60.66,-47.40,-51.41,-57.87,-34.76,-52.78,2026-06-20 23:45:03+00:00
2026-06-20T23:46:04+00:00,-46.50,-58.95,-59.71,-59.18,-62.33,-51.73,-47.65,-60.78,-50.28,-38.07,-53.16,-58.82,-47.14,-52.60,-57.57,-35.37,-52.74,2026-06-20 23:46:04+00:00
2026-06-20T23:47:04+00:00,-46.96,-58.91,-59.34,-59.68,-63.17,-51.86,-47.67,-60.01,-50.04,-38.93,-52.50,-59.07,-47.12,-55.25,-57.80,-34.52,-54.97,2026-06-20 23:47:04+00:00
2026-06-20T23:48:03+00:00,-46.68,-58.47,-60.67,-59.25,-61.72,-52.34,-47.62,-60.66,-49.94,-39.24,-53.08,-59.59,-47.17,-56.44,-57.65,-34.00,-52.74,2026-06-20 23:48:03+00:00
2026-06-20T23:49:03+00:00,-46.79,-57.53,-59.67,-58.71,-60.96,-52.59,-47.68,-59.38,-50.01,-39.24,-52.55,-58.13,-47.27,-54.95,-56.85,-33.97,-52.34,2026-06-20 23:49:03+00:00
2026-06-20T23:50:04+00:00,-46.46,-59.29,-60.39,-59.13,-62.56,-52.30,-47.98,-59.32,-50.78,-40.26,-52.36,-59.56,-48.08,-55.38,-56.79,-34.04,-52.67,2026-06-20 23:50:04+00:00
2026-06-20T23:51:04+00:00,-46.62,-58.15,-60.40,-59.08,-61.76,-52.46,-47.92,-59.68,-50.61,-40.71,-52.97,-59.48,-48.47,-53.31,-57.43,-34.16,-52.74,2026-06-20 23:51:04+00:00
2026-06-20T23:52:03+00:00,-46.70,-58.47,-60.61,-59.74,-61.05,-52.35,-47.71,-60.67,-50.63,-41.00,-52.35,-59.84,-48.45,-53.91,-57.78,-34.50,-54.40,2026-06-20 23:52:03+00:00
2026-06-20T23:53:03+00:00,-46.79,-58.25,-60.55,-59.44,-62.54,-52.85,-47.68,-59.98,-50.43,-40.39,-52.80,-59.26,-48.37,-53.93,-57.53,-34.52,-53.96,2026-06-20 23:53:03+00:00
2026-06-20T23:54:04+00:00,-46.81,-58.14,-60.54,-59.20,-61.45,-52.86,-47.67,-59.92,-51.14,-39.87,-52.49,-58.72,-48.27,-53.77,-57.38,-34.90,-52.13,2026-06-20 23:54:04+00:00
2026-06-20T23:55:04+00:00,-46.80,-57.27,-59.96,-58.75,-61.17,-52.78,-47.78,-59.60,-51.69,-38.90,-51.86,-58.55,-47.34,-54.56,-56.74,-35.67,-52.73,2026-06-20 23:55:04+00:00
2026-06-20T23:56:03+00:00,-46.63,-56.15,-60.03,-58.90,-63.65,-52.49,-47.59,-58.67,-51.21,-38.25,-51.02,-58.44,-47.52,-51.86,-57.21,-35.54,-53.78,2026-06-20 23:56:03+00:00
2026-06-20T23:57:03+00:00,-46.70,-55.81,-60.15,-59.22,-61.91,-53.22,-47.73,-60.31,-51.71,-38.02,-51.25,-59.05,-47.96,-53.00,-57.67,-35.66,-54.90,2026-06-20 23:57:03+00:00
2026-06-20T23:58:04+00:00,-47.35,-52.82,-60.46,-59.28,-61.89,-53.62,-47.74,-60.50,-51.72,-38.18,-50.88,-59.48,-47.90,-52.69,-57.50,-36.54,-54.10,2026-06-20 23:58:04+00:00
2026-06-20T23:59:04+00:00,-47.16,-53.67,-60.57,-59.61,-62.32,-53.60,-48.12,-60.69,-51.59,-38.45,-51.65,-59.93,-48.65,-53.42,-57.73,-35.98,-52.61,2026-06-20 23:59:04+00:00
