data,4500,11350,27200,58750,89750,19600,20270,20900,22600,23400,24000,26700,29700,45900,63850,77500,Ch17,data_parsed
2026-06-16T00:00:03+00:00,-49.90,-64.98,-67.23,-59.83,-62.57,-45.63,-49.75,-65.68,-54.88,-45.08,-51.08,-62.66,-51.99,-44.72,-53.24,-38.19,-55.08,2026-06-16 00:00:03+00:00
2026-06-16T00:01:03+00:00,-47.81,-64.79,-67.00,-59.77,-61.96,-45.63,-49.34,-65.63,-53.61,-45.27,-51.46,-62.66,-52.19,-45.69,-53.31,-38.49,-54.07,2026-06-16 00:01:03+00:00
2026-06-16T00:02:04+00:00,-47.31,-64.75,-66.89,-59.52,-62.42,-46.13,-50.00,-65.43,-53.68,-45.58,-51.71,-61.91,-52.39,-45.88,-57.65,-38.16,-52.63,2026-06-16 00:02:04+00:00
2026-06-16T00:03:04+00:00,-47.57,-63.46,-64.44,-52.40,-62.52,-45.97,-49.25,-53.35,-53.77,-45.28,-52.58,-61.45,-52.47,-45.80,-57.94,-38.34,-52.78,2026-06-16 00:03:04+00:00
2026-06-16T00:04:04+00:00,-48.26,-65.00,-67.84,-59.86,-62.62,-46.18,-49.81,-66.31,-53.90,-44.72,-52.57,-62.76,-52.49,-46.05,-58.32,-38.29,-53.01,2026-06-16 00:04:04+00:00
2026-06-16T00:05:03+00:00,-48.19,-64.99,-67.45,-59.98,-62.97,-46.18,-49.52,-66.16,-52.70,-44.00,-52.40,-63.23,-52.51,-46.03,-58.35,-38.44,-53.99,2026-06-16 00:05:03+00:00
2026-06-16T00:06:03+00:00,-48.19,-64.39,-67.06,-60.10,-63.10,-46.32,-49.18,-66.31,-54.02,-43.60,-52.40,-63.70,-52.75,-45.69,-58.16,-38.06,-54.26,2026-06-16 00:06:03+00:00
2026-06-16T00:07:03+00:00,-48.15,-64.43,-67.38,-60.00,-63.19,-46.57,-49.09,-65.74,-56.62,-43.90,-52.23,-64.02,-52.67,-46.20,-58.56,-38.11,-55.08,2026-06-16 00:07:03+00:00
2026-06-16T00:08:04+00:00,-48.27,-63.83,-67.44,-60.19,-62.44,-46.35,-49.42,-65.32,-55.27,-44.11,-52.10,-63.31,-52.57,-46.14,-58.44,-38.71,-54.10,2026-06-16 00:08:04+00:00
2026-06-16T00:09:04+00:00,-48.21,-64.92,-67.30,-60.01,-63.52,-46.38,-49.55,-65.72,-55.34,-44.59,-52.01,-63.21,-52.65,-45.24,-58.54,-38.80,-54.03,2026-06-16 00:09:04+00:00
2026-06-16T00:10:03+00:00,-48.12,-64.86,-60.41,-59.83,-62.12,-46.75,-48.84,-61.61,-55.25,-44.50,-51.13,-62.68,-52.31,-44.48,-57.94,-39.47,-52.82,2026-06-16 00:10:03+00:00
2026-06-16T00:11:03+00:00,-47.29,-64.14,-60.14,-59.86,-62.53,-46.66,-48.52,-61.71,-55.02,-44.15,-51.05,-62.04,-52.33,-43.99,-58.34,-40.09,-52.71,2026-06-16 00:11:03+00:00
2026-06-16T00:12:04+00:00,-47.29,-65.25,-60.36,-60.08,-63.02,-46.96,-49.02,-61.84,-56.07,-44.39,-51.62,-62.17,-52.33,-42.56,-58.34,-41.44,-54.00,2026-06-16 00:12:04+00:00
2026-06-16T00:13:04+00:00,-47.48,-64.59,-66.67,-59.50,-63.11,-46.93,-49.44,-64.07,-50.71,-44.32,-51.68,-61.73,-52.14,-42.74,-56.97,-41.55,-53.73,2026-06-16 00:13:04+00:00
2026-06-16T00:14:03+00:00,-47.28,-64.44,-67.02,-59.88,-62.91,-46.85,-49.23,-65.19,-50.94,-44.43,-51.20,-61.90,-51.69,-42.42,-53.45,-40.97,-54.99,2026-06-16 00:14:03+00:00
2026-06-16T00:15:03+00:00,-47.63,-64.38,-67.02,-59.60,-62.56,-46.84,-48.91,-64.80,-51.03,-44.60,-51.00,-61.68,-51.47,-42.02,-53.32,-42.10,-54.05,2026-06-16 00:15:03+00:00
2026-06-16T00:16:03+00:00,-49.79,-65.34,-67.15,-59.54,-63.35,-46.90,-49.09,-65.44,-51.70,-44.60,-51.08,-60.91,-51.49,-42.05,-53.26,-43.16,-55.17,2026-06-16 00:16:03+00:00
2026-06-16T00:17:04+00:00,-49.72,-63.03,-65.96,-58.94,-62.85,-47.02,-49.41,-64.73,-51.60,-44.77,-51.89,-62.18,-51.25,-41.97,-57.68,-43.39,-54.17,2026-06-16 00:17:04+00:00
2026-06-16T00:18:04+00:00,-49.18,-64.35,-66.91,-59.15,-62.02,-47.03,-49.47,-65.08,-49.44,-45.00,-51.93,-63.25,-51.53,-41.90,-57.86,-44.35,-54.19,2026-06-16 00:18:04+00:00
2026-06-16T00:19:04+00:00,-49.35,-64.61,-67.27,-59.75,-63.78,-47.05,-49.33,-65.14,-49.20,-44.61,-52.01,-63.70,-51.89,-41.96,-55.32,-45.04,-54.33,2026-06-16 00:19:04+00:00
2026-06-16T00:20:03+00:00,-49.79,-63.86,-67.31,-59.70,-63.29,-47.13,-49.39,-64.98,-49.29,-44.73,-51.44,-62.65,-51.56,-42.55,-57.53,-44.43,-54.29,2026-06-16 00:20:03+00:00
2026-06-16T00:21:03+00:00,-50.22,-65.26,-67.78,-59.65,-62.30,-47.21,-49.38,-66.21,-48.91,-45.16,-51.32,-61.87,-51.56,-42.50,-58.18,-44.54,-54.39,2026-06-16 00:21:03+00:00
2026-06-16T00:22:04+00:00,-50.24,-65.50,-68.30,-59.94,-63.36,-46.95,-48.80,-66.22,-48.87,-45.39,-51.80,-62.37,-51.55,-42.31,-58.61,-45.78,-52.82,2026-06-16 00:22:04+00:00
2026-06-16T00:23:04+00:00,-50.18,-65.03,-67.09,-59.59,-63.53,-46.97,-49.02,-65.90,-48.86,-45.88,-52.20,-61.87,-51.69,-41.89,-58.14,-45.69,-52.87,2026-06-16 00:23:04+00:00
2026-06-16T00:24:04+00:00,-50.08,-65.36,-67.51,-59.91,-63.15,-47.14,-49.32,-66.12,-48.87,-46.64,-52.74,-61.57,-51.65,-41.82,-58.29,-46.39,-52.80,2026-06-16 00:24:04+00:00
2026-06-16T00:25:03+00:00,-49.97,-65.61,-67.60,-59.75,-63.88,-47.07,-49.40,-66.37,-48.85,-46.98,-52.53,-61.58,-51.86,-41.62,-58.50,-45.22,-54.24,2026-06-16 00:25:03+00:00
2026-06-16T00:26:03+00:00,-50.06,-64.02,-65.32,-59.71,-62.50,-46.90,-49.65,-64.64,-48.81,-47.34,-52.87,-61.42,-51.88,-41.32,-58.30,-43.97,-52.86,2026-06-16 00:26:03+00:00
2026-06-16T00:27:04+00:00,-50.02,-64.45,-60.30,-59.56,-63.19,-46.88,-49.46,-61.48,-49.11,-48.25,-52.87,-61.60,-51.87,-40.61,-57.93,-43.71,-52.53,2026-06-16 00:27:04+00:00
2026-06-16T00:28:04+00:00,-50.07,-64.86,-60.19,-59.62,-62.86,-46.93,-49.51,-61.90,-51.18,-47.27,-52.98,-61.33,-51.73,-40.46,-58.06,-44.29,-55.02,2026-06-16 00:28:04+00:00
2026-06-16T00:29:04+00:00,-50.06,-64.49,-66.69,-57.53,-63.76,-46.78,-49.22,-54.09,-51.45,-45.96,-52.95,-62.26,-51.74,-40.34,-57.91,-46.01,-52.69,2026-06-16 00:29:04+00:00
2026-06-16T00:30:03+00:00,-49.90,-64.90,-67.01,-59.15,-62.20,-46.93,-49.96,-65.43,-51.38,-46.53,-52.44,-61.93,-52.07,-40.71,-53.98,-45.94,-52.82,2026-06-16 00:30:03+00:00
2026-06-16T00:31:03+00:00,-49.97,-65.36,-67.65,-59.47,-63.46,-46.95,-49.74,-65.97,-51.49,-47.54,-52.49,-61.99,-51.87,-40.45,-53.39,-45.47,-54.20,2026-06-16 00:31:03+00:00
2026-06-16T00:32:03+00:00,-49.97,-64.46,-67.51,-59.61,-62.78,-46.77,-49.35,-65.62,-51.12,-47.43,-52.31,-61.92,-51.77,-40.78,-53.37,-45.97,-54.29,2026-06-16 00:32:03+00:00
2026-06-16T00:33:03+00:00,-50.07,-64.36,-66.97,-59.46,-62.23,-47.08,-49.11,-65.32,-54.55,-46.82,-52.29,-62.11,-51.69,-41.12,-53.38,-47.58,-54.92,2026-06-16 00:33:03+00:00
2026-06-16T00:34:04+00:00,-49.96,-64.62,-67.56,-59.60,-63.44,-46.85,-49.20,-65.09,-55.44,-46.81,-52.95,-61.77,-51.71,-40.89,-58.84,-47.47,-52.73,2026-06-16 00:34:04+00:00
2026-06-16T00:35:04+00:00,-50.32,-64.78,-67.25,-59.61,-61.99,-46.67,-48.91,-65.05,-56.54,-46.80,-52.45,-62.04,-51.24,-41.12,-56.33,-49.45,-55.00,2026-06-16 00:35:04+00:00
2026-06-16T00:36:03+00:00,-50.27,-64.59,-65.18,-60.05,-62.94,-46.85,-49.41,-66.08,-56.11,-47.12,-52.82,-61.68,-51.00,-41.26,-58.35,-49.57,-52.87,2026-06-16 00:36:03+00:00
2026-06-16T00:37:04+00:00,-50.14,-65.22,-67.69,-59.85,-62.97,-46.97,-49.06,-66.34,-54.58,-46.44,-53.82,-61.78,-50.86,-41.31,-58.25,-47.87,-52.98,2026-06-16 00:37:04+00:00
2026-06-16T00:38:04+00:00,-50.09,-65.57,-67.62,-59.91,-63.25,-47.07,-49.31,-66.01,-54.63,-46.89,-53.82,-61.82,-50.53,-41.47,-58.66,-45.49,-54.20,2026-06-16 00:38:04+00:00
2026-06-16T00:39:04+00:00,-50.27,-65.58,-67.65,-59.80,-62.48,-46.79,-49.34,-66.11,-53.72,-46.76,-53.88,-62.14,-50.43,-41.14,-58.36,-45.47,-54.17,2026-06-16 00:39:04+00:00
2026-06-16T00:40:04+00:00,-50.02,-65.73,-67.75,-59.94,-63.45,-46.89,-49.73,-66.33,-53.97,-46.94,-54.00,-61.38,-50.17,-41.48,-58.76,-49.69,-53.00,2026-06-16 00:40:04+00:00
2026-06-16T00:41:03+00:00,-49.38,-65.24,-67.51,-59.55,-63.20,-46.83,-49.41,-66.27,-55.63,-47.70,-52.24,-60.87,-50.11,-41.93,-58.41,-51.19,-52.84,2026-06-16 00:41:03+00:00
2026-06-16T00:42:04+00:00,-49.49,-64.07,-60.02,-59.42,-63.42,-46.87,-48.72,-60.96,-55.44,-47.65,-52.94,-61.22,-50.15,-42.52,-58.11,-49.60,-53.90,2026-06-16 00:42:04+00:00
2026-06-16T00:43:04+00:00,-49.96,-63.33,-59.88,-59.32,-63.14,-46.97,-48.88,-61.67,-54.14,-47.61,-54.31,-62.33,-50.26,-42.90,-57.84,-48.01,-52.75,2026-06-16 00:43:04+00:00
2026-06-16T00:44:04+00:00,-50.06,-64.27,-62.31,-59.75,-63.28,-46.91,-48.73,-60.53,-54.19,-47.92,-54.25,-62.99,-49.93,-42.89,-58.02,-46.89,-54.90,2026-06-16 00:44:04+00:00
2026-06-16T00:45:03+00:00,-49.85,-64.27,-66.93,-59.71,-62.86,-46.85,-49.20,-65.39,-54.00,-48.45,-53.12,-64.18,-50.01,-44.07,-54.17,-43.83,-55.10,2026-06-16 00:45:03+00:00
2026-06-16T00:46:03+00:00,-47.38,-64.56,-66.75,-59.55,-63.94,-46.94,-49.30,-65.30,-53.09,-47.91,-53.21,-63.82,-50.06,-44.76,-53.22,-43.67,-55.01,2026-06-16 00:46:03+00:00
2026-06-16T00:47:04+00:00,-48.13,-64.62,-66.70,-59.44,-62.63,-46.97,-49.54,-64.92,-54.28,-47.57,-52.96,-63.61,-50.16,-44.80,-53.29,-44.63,-54.30,2026-06-16 00:47:04+00:00
2026-06-16T00:48:04+00:00,-48.29,-63.76,-66.44,-59.33,-63.74,-46.64,-48.90,-64.17,-54.08,-47.07,-52.03,-62.64,-49.85,-44.76,-53.48,-44.46,-52.82,2026-06-16 00:48:04+00:00
2026-06-16T00:49:04+00:00,-48.24,-63.96,-64.93,-57.94,-61.78,-46.69,-48.69,-63.69,-53.84,-47.16,-52.19,-63.37,-49.97,-44.78,-58.60,-45.00,-52.65,2026-06-16 00:49:04+00:00
2026-06-16T00:50:04+00:00,-48.30,-64.32,-66.83,-59.43,-62.40,-46.54,-48.63,-57.52,-53.67,-47.30,-53.26,-62.49,-50.33,-45.24,-58.41,-45.04,-54.13,2026-06-16 00:50:04+00:00
2026-06-16T00:51:03+00:00,-48.30,-64.57,-66.17,-57.29,-62.37,-46.49,-48.91,-55.06,-53.77,-47.91,-53.21,-62.63,-50.56,-45.69,-57.85,-44.37,-54.13,2026-06-16 00:51:03+00:00
2026-06-16T00:52:03+00:00,-48.30,-65.26,-67.44,-59.69,-63.23,-46.36,-49.83,-66.47,-55.39,-48.32,-53.17,-62.68,-50.59,-46.95,-58.84,-43.11,-55.03,2026-06-16 00:52:03+00:00
2026-06-16T00:53:04+00:00,-48.59,-63.95,-67.43,-60.03,-62.12,-46.59,-49.93,-65.81,-55.36,-47.63,-53.27,-62.99,-50.63,-47.25,-58.82,-43.61,-53.02,2026-06-16 00:53:04+00:00
2026-06-16T00:54:04+00:00,-47.77,-66.03,-67.73,-59.91,-62.86,-46.48,-50.13,-66.51,-55.42,-47.54,-53.17,-62.82,-50.54,-47.82,-58.47,-44.29,-54.41,2026-06-16 00:54:04+00:00
2026-06-16T00:55:04+00:00,-47.73,-65.34,-66.80,-59.67,-62.46,-46.37,-50.53,-65.41,-56.39,-47.18,-53.01,-62.56,-50.50,-47.40,-58.26,-44.71,-54.36,2026-06-16 00:55:04+00:00
2026-06-16T00:56:03+00:00,-47.61,-64.38,-68.14,-59.82,-63.66,-50.21,-51.08,-66.39,-55.90,-46.73,-52.84,-62.44,-50.58,-45.71,-58.37,-45.09,-54.44,2026-06-16 00:56:03+00:00
2026-06-16T00:57:03+00:00,-47.66,-64.32,-67.47,-59.51,-63.07,-50.91,-51.26,-66.27,-55.14,-46.79,-52.52,-61.35,-50.64,-44.86,-58.09,-47.39,-54.32,2026-06-16 00:57:03+00:00
2026-06-16T00:58:03+00:00,-47.56,-64.33,-60.13,-59.70,-63.70,-51.13,-50.87,-61.61,-51.03,-47.25,-51.71,-61.99,-50.95,-44.39,-58.05,-48.16,-52.72,2026-06-16 00:58:03+00:00
2026-06-16T00:59:04+00:00,-47.62,-64.18,-58.98,-59.91,-64.10,-50.92,-50.20,-60.78,-51.34,-47.35,-51.37,-60.83,-51.09,-44.97,-57.56,-48.30,-55.07,2026-06-16 00:59:04+00:00
2026-06-16T01:00:04+00:00,-47.64,-64.80,-63.68,-59.42,-63.26,-50.91,-49.78,-60.03,-51.54,-48.85,-52.13,-62.60,-51.51,-45.26,-57.58,-47.91,-52.80,2026-06-16 01:00:04+00:00
2026-06-16T01:01:04+00:00,-49.64,-62.75,-65.36,-59.44,-63.00,-50.92,-49.96,-64.20,-51.85,-49.41,-51.49,-61.92,-51.28,-44.63,-53.69,-47.16,-54.21,2026-06-16 01:01:04+00:00
2026-06-16T01:02:04+00:00,-49.65,-64.96,-68.00,-59.79,-64.64,-50.82,-50.26,-66.14,-52.04,-49.05,-51.22,-62.32,-51.44,-43.97,-52.91,-46.66,-53.11,2026-06-16 01:02:04+00:00
2026-06-16T01:03:04+00:00,-49.91,-64.73,-67.05,-59.17,-62.96,-50.87,-50.18,-65.88,-49.31,-49.01,-51.27,-62.36,-51.28,-44.70,-52.95,-46.64,-54.13,2026-06-16 01:03:04+00:00
2026-06-16T01:04:03+00:00,-49.60,-64.66,-67.16,-59.49,-63.40,-50.63,-50.19,-65.47,-48.93,-49.82,-51.03,-62.32,-51.28,-44.69,-52.73,-46.58,-55.44,2026-06-16 01:04:03+00:00
2026-06-16T01:05:03+00:00,-49.50,-65.53,-68.10,-60.00,-62.72,-50.49,-50.93,-66.41,-49.15,-50.69,-51.19,-62.73,-51.35,-45.16,-58.57,-46.85,-55.26,2026-06-16 01:05:03+00:00
2026-06-16T01:06:03+00:00,-49.25,-62.84,-66.79,-59.83,-62.81,-50.22,-51.79,-65.02,-49.19,-51.03,-50.83,-61.49,-51.15,-44.95,-58.32,-46.80,-52.76,2026-06-16 01:06:03+00:00
2026-06-16T01:07:04+00:00,-49.96,-63.99,-67.23,-59.74,-63.33,-50.29,-51.47,-65.45,-48.84,-50.53,-50.93,-62.36,-50.99,-45.37,-57.82,-47.12,-52.86,2026-06-16 01:07:04+00:00
2026-06-16T01:08:04+00:00,-50.01,-64.54,-66.00,-59.51,-62.25,-50.43,-50.92,-66.23,-49.11,-49.71,-50.06,-60.82,-50.83,-44.22,-58.30,-46.40,-55.37,2026-06-16 01:08:04+00:00
2026-06-16T01:09:04+00:00,-50.06,-64.07,-66.62,-59.73,-62.94,-50.60,-50.79,-64.57,-49.04,-51.20,-50.32,-61.83,-50.89,-45.09,-58.56,-47.74,-55.43,2026-06-16 01:09:04+00:00
2026-06-16T01:10:03+00:00,-50.01,-64.46,-65.82,-59.70,-61.57,-50.59,-51.19,-64.98,-48.98,-52.63,-50.15,-61.99,-50.59,-45.16,-58.47,-47.99,-55.27,2026-06-16 01:10:03+00:00
2026-06-16T01:11:03+00:00,-49.85,-64.04,-67.45,-59.61,-63.06,-50.64,-51.02,-65.12,-49.04,-54.99,-50.10,-62.61,-50.43,-44.96,-57.64,-46.95,-52.81,2026-06-16 01:11:03+00:00
2026-06-16T01:12:03+00:00,-49.98,-64.03,-64.41,-57.89,-63.38,-50.58,-50.56,-55.62,-48.95,-55.53,-50.03,-62.39,-50.12,-44.53,-57.98,-46.83,-54.40,2026-06-16 01:12:03+00:00
2026-06-16T01:13:04+00:00,-50.03,-64.41,-60.20,-59.41,-63.56,-50.62,-50.80,-61.90,-51.20,-58.53,-49.96,-62.60,-49.91,-44.49,-58.55,-46.61,-55.13,2026-06-16 01:13:04+00:00
2026-06-16T01:14:04+00:00,-50.09,-63.35,-65.65,-59.00,-63.57,-50.65,-50.75,-56.60,-51.18,-57.00,-49.75,-62.13,-49.89,-44.13,-58.19,-46.51,-54.16,2026-06-16 01:14:04+00:00
2026-06-16T01:15:04+00:00,-50.09,-64.34,-66.74,-59.55,-62.71,-49.68,-51.39,-65.08,-51.09,-54.40,-48.96,-62.33,-50.02,-43.69,-53.45,-46.39,-52.83,2026-06-16 01:15:04+00:00
2026-06-16T01:16:03+00:00,-49.87,-64.19,-66.37,-59.32,-62.79,-49.42,-51.18,-64.77,-51.38,-54.93,-48.89,-62.28,-49.97,-43.66,-53.28,-46.60,-54.29,2026-06-16 01:16:03+00:00
2026-06-16T01:17:03+00:00,-49.80,-64.68,-67.35,-59.69,-63.31,-46.07,-51.28,-65.71,-51.15,-55.66,-48.85,-62.85,-50.16,-43.42,-53.37,-45.82,-52.91,2026-06-16 01:17:03+00:00
2026-06-16T01:18:04+00:00,-49.94,-64.41,-66.77,-59.31,-62.95,-45.73,-51.46,-64.94,-57.26,-57.50,-49.30,-62.48,-50.42,-43.47,-56.33,-45.24,-52.83,2026-06-16 01:18:04+00:00
2026-06-16T01:19:04+00:00,-49.95,-64.43,-67.05,-59.31,-62.85,-45.90,-52.28,-65.83,-57.64,-58.52,-49.05,-62.08,-50.21,-43.53,-58.11,-45.84,-52.95,2026-06-16 01:19:04+00:00
2026-06-16T01:20:04+00:00,-49.86,-63.96,-64.35,-59.67,-63.27,-46.12,-52.23,-65.32,-55.01,-59.74,-49.16,-61.60,-50.01,-43.00,-58.57,-45.43,-52.85,2026-06-16 01:20:04+00:00
2026-06-16T01:21:03+00:00,-49.72,-64.91,-67.62,-59.47,-62.87,-46.15,-52.59,-66.05,-55.33,-61.92,-48.95,-62.38,-50.13,-42.37,-58.78,-44.80,-52.86,2026-06-16 01:21:03+00:00
2026-06-16T01:22:03+00:00,-49.94,-64.46,-66.65,-59.72,-62.85,-46.20,-52.56,-65.99,-53.75,-62.89,-49.17,-62.62,-50.32,-41.55,-58.27,-45.50,-52.92,2026-06-16 01:22:03+00:00
2026-06-16T01:23:03+00:00,-49.57,-65.21,-67.68,-59.47,-63.55,-46.51,-52.42,-66.25,-55.09,-61.37,-49.01,-62.67,-50.28,-41.50,-58.99,-46.65,-52.95,2026-06-16 01:23:03+00:00
2026-06-16T01:24:04+00:00,-49.52,-65.03,-67.20,-59.48,-63.96,-46.24,-51.98,-66.55,-53.96,-59.41,-48.89,-62.51,-50.50,-41.48,-58.70,-47.74,-52.88,2026-06-16 01:24:04+00:00
2026-06-16T01:25:04+00:00,-49.28,-63.82,-63.19,-59.60,-62.74,-46.40,-52.29,-64.30,-54.68,-58.81,-48.77,-61.01,-50.15,-41.59,-58.34,-46.48,-52.75,2026-06-16 01:25:04+00:00
2026-06-16T01:26:04+00:00,-49.39,-64.45,-60.39,-59.63,-62.90,-46.36,-52.32,-61.71,-54.33,-55.41,-48.71,-61.94,-49.92,-40.96,-58.01,-46.31,-52.66,2026-06-16 01:26:04+00:00
2026-06-16T01:27:03+00:00,-49.42,-63.75,-59.96,-59.75,-62.04,-46.28,-52.11,-61.89,-54.61,-54.10,-48.60,-61.71,-49.81,-40.80,-58.14,-45.31,-52.57,2026-06-16 01:27:03+00:00
2026-06-16T01:28:03+00:00,-49.03,-64.53,-65.07,-57.80,-63.02,-46.61,-51.66,-56.01,-54.45,-53.48,-48.77,-61.98,-50.04,-40.59,-58.11,-47.49,-52.52,2026-06-16 01:28:03+00:00
2026-06-16T01:29:03+00:00,-49.43,-64.42,-66.86,-59.36,-63.07,-46.61,-51.76,-65.43,-54.40,-53.98,-48.33,-62.42,-50.16,-40.28,-53.34,-48.67,-52.67,2026-06-16 01:29:03+00:00
2026-06-16T01:30:04+00:00,-50.92,-64.54,-66.23,-59.30,-62.95,-46.39,-52.05,-65.37,-54.03,-53.04,-48.26,-62.31,-50.36,-40.07,-53.74,-49.99,-52.97,2026-06-16 01:30:04+00:00
2026-06-16T01:31:04+00:00,-48.39,-63.58,-66.41,-59.03,-62.79,-46.46,-51.36,-65.14,-54.21,-52.49,-48.09,-62.45,-50.30,-39.90,-53.67,-52.87,-52.96,2026-06-16 01:31:04+00:00
2026-06-16T01:32:04+00:00,-48.46,-63.94,-66.87,-59.31,-63.52,-46.51,-51.25,-65.25,-53.83,-53.47,-48.06,-62.42,-50.35,-40.19,-53.73,-53.99,-52.96,2026-06-16 01:32:04+00:00
2026-06-16T01:33:03+00:00,-48.84,-64.23,-66.42,-57.62,-62.34,-46.64,-50.61,-52.51,-53.24,-52.36,-48.13,-62.44,-50.39,-40.18,-57.52,-57.40,-52.86,2026-06-16 01:33:03+00:00
2026-06-16T01:34:03+00:00,-48.56,-63.95,-65.50,-58.83,-63.00,-46.81,-50.85,-57.08,-53.06,-52.86,-48.11,-62.66,-50.65,-40.82,-57.81,-58.35,-52.93,2026-06-16 01:34:03+00:00
2026-06-16T01:35:04+00:00,-48.63,-64.72,-67.12,-59.75,-63.15,-46.59,-51.62,-66.09,-53.29,-51.58,-48.04,-62.62,-50.93,-41.42,-58.01,-56.00,-53.07,2026-06-16 01:35:04+00:00
2026-06-16T01:36:04+00:00,-48.54,-63.93,-67.45,-59.73,-63.09,-46.66,-51.65,-65.99,-53.24,-50.89,-48.24,-62.71,-50.89,-41.96,-58.65,-53.79,-53.17,2026-06-16 01:36:04+00:00
2026-06-16T01:37:03+00:00,-47.89,-65.63,-65.48,-59.61,-63.16,-46.55,-51.40,-66.58,-51.52,-51.76,-48.11,-63.21,-50.84,-41.96,-58.03,-51.85,-53.13,2026-06-16 01:37:03+00:00
2026-06-16T01:38:03+00:00,-47.74,-65.18,-67.26,-59.79,-63.88,-46.59,-51.96,-66.56,-54.76,-52.40,-47.86,-63.23,-51.28,-42.29,-58.16,-53.06,-53.22,2026-06-16 01:38:03+00:00
2026-06-16T01:39:03+00:00,-47.82,-65.51,-67.27,-59.49,-62.87,-46.70,-51.97,-65.86,-55.11,-51.67,-47.89,-63.35,-50.94,-42.71,-57.79,-54.26,-53.33,2026-06-16 01:39:03+00:00
2026-06-16T01:40:04+00:00,-47.71,-64.13,-65.08,-58.87,-63.07,-46.61,-51.12,-57.73,-55.31,-51.71,-47.92,-62.71,-50.80,-43.18,-58.02,-52.08,-53.18,2026-06-16 01:40:04+00:00
2026-06-16T01:41:04+00:00,-47.74,-64.54,-60.17,-59.70,-63.92,-46.62,-51.11,-61.80,-56.15,-50.93,-47.95,-63.22,-50.77,-43.14,-58.00,-52.52,-53.02,2026-06-16 01:41:04+00:00
2026-06-16T01:42:04+00:00,-47.76,-65.34,-61.62,-59.72,-63.15,-46.65,-51.09,-61.37,-54.64,-50.63,-47.92,-63.41,-50.47,-43.62,-57.99,-52.05,-53.00,2026-06-16 01:42:04+00:00
2026-06-16T01:43:03+00:00,-47.78,-63.84,-64.92,-57.05,-62.73,-46.53,-51.15,-64.72,-50.83,-50.03,-47.80,-62.30,-50.41,-44.70,-58.08,-50.72,-53.09,2026-06-16 01:43:03+00:00
2026-06-16T01:44:03+00:00,-47.72,-64.47,-66.26,-59.50,-63.64,-46.68,-51.39,-63.43,-50.75,-50.48,-47.42,-62.49,-50.50,-45.37,-53.74,-50.76,-58.98,2026-06-16 01:44:03+00:00
2026-06-16T01:45:03+00:00,-48.30,-64.97,-66.36,-59.62,-63.86,-46.57,-51.25,-65.44,-51.00,-50.74,-47.52,-63.71,-50.68,-45.44,-53.66,-49.53,-59.73,2026-06-16 01:45:03+00:00
2026-06-16T01:46:04+00:00,-50.15,-63.79,-65.37,-59.64,-62.57,-46.67,-51.05,-65.75,-51.30,-50.23,-47.50,-63.14,-50.43,-44.86,-53.64,-50.26,-58.64,2026-06-16 01:46:04+00:00
2026-06-16T01:47:04+00:00,-50.01,-62.96,-64.65,-57.33,-62.95,-46.54,-51.20,-63.57,-51.39,-50.05,-47.53,-63.02,-50.31,-44.26,-58.42,-50.46,-59.26,2026-06-16 01:47:04+00:00
2026-06-16T01:48:04+00:00,-50.01,-65.32,-67.06,-59.61,-63.80,-46.78,-52.68,-66.16,-48.96,-50.21,-47.41,-63.02,-50.30,-44.33,-58.42,-50.77,-59.84,2026-06-16 01:48:04+00:00
2026-06-16T01:49:03+00:00,-50.15,-63.37,-65.89,-58.90,-62.72,-46.84,-52.19,-65.66,-49.01,-50.77,-47.47,-63.08,-50.55,-44.30,-58.55,-50.98,-59.23,2026-06-16 01:49:03+00:00
2026-06-16T01:50:03+00:00,-50.05,-65.39,-67.64,-59.11,-64.61,-46.70,-51.66,-66.40,-49.18,-50.65,-47.27,-63.57,-50.75,-44.24,-58.57,-50.48,-60.04,2026-06-16 01:50:03+00:00
2026-06-16T01:51:04+00:00,-50.00,-65.01,-67.34,-59.00,-62.76,-46.88,-51.69,-66.27,-49.24,-49.72,-47.21,-63.59,-50.74,-44.30,-58.68,-49.52,-60.37,2026-06-16 01:51:04+00:00
2026-06-16T01:52:04+00:00,-49.91,-64.42,-66.72,-59.35,-62.59,-46.88,-51.18,-65.17,-49.09,-48.46,-47.06,-63.28,-50.65,-45.29,-58.50,-47.96,-59.67,2026-06-16 01:52:04+00:00
2026-06-16T01:53:04+00:00,-49.49,-63.63,-64.73,-59.46,-62.93,-46.93,-51.21,-64.57,-49.08,-47.91,-47.07,-62.96,-50.52,-45.10,-58.97,-47.26,-59.61,2026-06-16 01:53:04+00:00
2026-06-16T01:54:03+00:00,-49.33,-64.86,-60.39,-59.16,-62.85,-47.15,-50.86,-61.43,-49.09,-47.76,-47.32,-62.53,-50.08,-44.57,-57.99,-47.54,-59.76,2026-06-16 01:54:03+00:00
2026-06-16T01:55:03+00:00,-49.80,-64.79,-60.36,-59.01,-63.55,-46.85,-51.37,-61.33,-49.08,-47.82,-47.40,-63.43,-49.93,-45.15,-58.42,-46.35,-59.71,2026-06-16 01:55:03+00:00
2026-06-16T01:56:03+00:00,-49.86,-64.85,-62.01,-59.46,-64.28,-47.17,-51.03,-61.10,-48.90,-47.47,-47.26,-63.59,-49.91,-45.30,-58.11,-46.51,-59.38,2026-06-16 01:56:03+00:00
2026-06-16T01:57:04+00:00,-49.75,-64.64,-66.87,-59.11,-63.31,-47.05,-51.52,-65.51,-48.97,-47.46,-46.99,-64.19,-50.07,-44.92,-53.86,-47.03,-57.32,2026-06-16 01:57:04+00:00
2026-06-16T01:58:04+00:00,-49.94,-64.90,-67.18,-59.24,-62.87,-47.05,-51.67,-65.66,-51.24,-47.77,-47.04,-64.29,-49.99,-44.87,-53.54,-47.29,-59.84,2026-06-16 01:58:04+00:00
2026-06-16T01:59:04+00:00,-49.99,-64.83,-67.85,-59.58,-64.54,-47.13,-52.22,-66.58,-51.34,-48.19,-47.36,-64.72,-49.99,-43.94,-58.13,-47.01,-60.20,2026-06-16 01:59:04+00:00
2026-06-16T02:00:03+00:00,-49.86,-63.93,-67.48,-59.45,-63.61,-47.10,-52.04,-65.37,-51.35,-47.66,-47.33,-64.44,-49.89,-43.27,-58.33,-46.86,-59.91,2026-06-16 02:00:03+00:00
2026-06-16T02:01:03+00:00,-49.90,-65.26,-67.78,-59.57,-62.22,-46.92,-51.92,-66.30,-51.42,-46.78,-47.34,-64.33,-49.72,-42.88,-57.91,-46.34,-59.52,2026-06-16 02:01:03+00:00
2026-06-16T02:02:03+00:00,-49.43,-65.21,-67.97,-59.51,-62.40,-47.21,-52.42,-66.04,-51.43,-46.54,-47.17,-64.84,-50.02,-42.82,-58.76,-44.73,-60.23,2026-06-16 02:02:03+00:00
2026-06-16T02:03:04+00:00,-47.91,-63.77,-66.98,-59.30,-63.59,-47.23,-52.17,-65.30,-56.17,-45.88,-47.22,-64.22,-50.15,-42.87,-53.75,-45.97,-59.04,2026-06-16 02:03:04+00:00
2026-06-16T02:04:04+00:00,-47.85,-64.31,-66.32,-59.38,-64.27,-47.21,-51.79,-65.84,-55.56,-46.00,-47.19,-64.07,-50.52,-42.83,-53.54,-46.21,-58.49,2026-06-16 02:04:04+00:00
2026-06-16T02:05:03+00:00,-47.91,-64.48,-60.32,-59.01,-63.39,-47.24,-51.71,-61.59,-55.48,-45.69,-47.02,-63.50,-50.88,-42.41,-58.25,-46.73,-58.57,2026-06-16 02:05:03+00:00
2026-06-16T02:06:04+00:00,-47.90,-62.95,-62.40,-59.07,-63.25,-47.49,-51.71,-59.43,-55.59,-45.01,-47.12,-62.74,-51.38,-41.97,-57.71,-47.37,-58.06,2026-06-16 02:06:04+00:00
2026-06-16T02:07:04+00:00,-48.16,-64.06,-66.20,-59.05,-62.90,-47.54,-52.10,-65.20,-54.11,-44.33,-47.12,-63.02,-51.93,-42.25,-57.34,-47.23,-58.78,2026-06-16 02:07:04+00:00
2026-06-16T02:08:03+00:00,-48.47,-63.93,-66.94,-59.38,-62.91,-47.38,-51.76,-65.20,-54.01,-44.15,-46.93,-62.87,-52.93,-42.56,-53.18,-48.08,-58.96,2026-06-16 02:08:03+00:00
2026-06-16T02:09:03+00:00,-48.41,-64.17,-66.04,-59.25,-61.65,-47.30,-51.51,-64.65,-54.08,-44.25,-46.82,-62.27,-54.10,-42.07,-53.43,-48.66,-58.39,2026-06-16 02:09:03+00:00
2026-06-16T02:10:03+00:00,-48.52,-64.25,-66.78,-59.24,-62.00,-47.51,-51.96,-65.12,-54.14,-43.75,-46.92,-62.40,-54.85,-42.57,-53.37,-47.84,-58.77,2026-06-16 02:10:03+00:00
2026-06-16T02:11:04+00:00,-48.62,-64.20,-66.13,-58.83,-61.88,-47.57,-51.96,-64.69,-54.08,-43.43,-47.13,-62.40,-56.23,-42.94,-55.79,-47.31,-58.56,2026-06-16 02:11:04+00:00
2026-06-16T02:12:04+00:00,-48.53,-62.94,-66.13,-59.15,-63.04,-47.75,-51.83,-64.74,-53.99,-42.71,-47.46,-61.92,-57.57,-42.84,-58.53,-47.49,-59.04,2026-06-16 02:12:04+00:00
2026-06-16T02:13:04+00:00,-49.64,-64.46,-67.66,-59.30,-63.61,-47.60,-51.94,-65.74,-54.12,-42.26,-47.46,-62.45,-59.47,-43.15,-58.10,-47.82,-60.14,2026-06-16 02:13:04+00:00
2026-06-16T02:14:03+00:00,-49.72,-65.27,-67.57,-59.49,-62.70,-47.35,-51.91,-66.23,-54.45,-41.98,-47.34,-62.35,-60.59,-43.44,-57.82,-46.17,-60.26,2026-06-16 02:14:03+00:00
2026-06-16T02:15:03+00:00,-48.01,-65.05,-67.95,-59.89,-63.81,-47.59,-51.88,-66.30,-53.76,-41.75,-47.30,-62.33,-61.66,-43.34,-57.85,-45.84,-60.26,2026-06-16 02:15:03+00:00
2026-06-16T02:16:03+00:00,-47.71,-65.11,-67.71,-59.46,-62.73,-47.40,-52.22,-66.21,-53.65,-41.68,-47.58,-61.82,-61.82,-42.84,-58.02,-46.44,-59.79,2026-06-16 02:16:03+00:00
2026-06-16T02:17:04+00:00,-47.70,-64.70,-67.86,-60.05,-62.79,-53.52,-52.33,-65.90,-53.40,-41.34,-47.50,-61.88,-61.95,-42.69,-58.44,-45.22,-60.26,2026-06-16 02:17:04+00:00
2026-06-16T02:18:04+00:00,-47.25,-64.79,-60.44,-59.85,-63.26,-53.53,-52.03,-61.58,-52.74,-41.42,-47.48,-61.93,-61.16,-42.56,-57.81,-45.17,-59.15,2026-06-16 02:18:04+00:00
2026-06-16T02:19:04+00:00,-47.23,-64.20,-60.38,-59.73,-62.18,-53.28,-51.73,-61.84,-54.01,-41.32,-47.63,-61.75,-60.64,-42.01,-58.02,-44.82,-59.05,2026-06-16 02:19:04+00:00
2026-06-16T02:20:03+00:00,-46.40,-64.48,-63.04,-59.61,-61.81,-53.14,-51.73,-59.99,-54.02,-41.49,-47.48,-62.19,-60.02,-42.18,-57.79,-44.28,-59.40,2026-06-16 02:20:03+00:00
2026-06-16T02:21:03+00:00,-46.80,-64.88,-62.67,-59.34,-62.33,-52.71,-51.97,-65.44,-50.98,-41.65,-47.09,-62.50,-60.10,-42.09,-53.53,-44.88,-58.26,2026-06-16 02:21:03+00:00
2026-06-16T02:22:04+00:00,-46.97,-64.00,-66.35,-59.18,-62.14,-52.45,-51.66,-64.73,-55.86,-41.89,-47.06,-61.48,-59.66,-42.10,-53.14,-44.41,-59.84,2026-06-16 02:22:04+00:00
2026-06-16T02:23:04+00:00,-47.00,-65.06,-68.10,-59.62,-63.94,-52.29,-52.42,-66.31,-55.38,-42.53,-47.36,-62.41,-60.00,-42.54,-58.16,-44.77,-60.61,2026-06-16 02:23:04+00:00
2026-06-16T02:24:04+00:00,-47.02,-65.11,-67.76,-59.90,-62.81,-51.66,-53.18,-66.14,-55.36,-43.06,-47.50,-62.24,-59.77,-42.41,-58.59,-43.97,-60.26,2026-06-16 02:24:04+00:00
2026-06-16T02:25:04+00:00,-46.92,-65.80,-67.43,-59.78,-61.85,-51.74,-53.49,-66.19,-55.53,-43.59,-47.24,-61.89,-59.81,-43.19,-57.91,-44.31,-59.99,2026-06-16 02:25:04+00:00
2026-06-16T02:26:03+00:00,-47.01,-63.93,-67.49,-59.84,-62.67,-51.57,-53.01,-65.93,-55.88,-44.55,-46.93,-62.00,-59.86,-43.63,-58.59,-43.67,-59.80,2026-06-16 02:26:03+00:00
2026-06-16T02:27:03+00:00,-47.02,-64.49,-67.22,-59.66,-63.17,-51.12,-52.64,-66.35,-53.39,-45.01,-46.98,-61.84,-60.11,-43.93,-58.38,-43.70,-60.26,2026-06-16 02:27:03+00:00
2026-06-16T02:28:04+00:00,-46.98,-65.03,-66.17,-58.73,-62.39,-51.13,-52.12,-65.45,-51.10,-45.72,-47.03,-61.92,-59.94,-43.90,-57.29,-43.96,-60.04,2026-06-16 02:28:04+00:00
2026-06-16T02:29:04+00:00,-46.98,-64.46,-60.46,-59.33,-63.71,-51.17,-52.62,-61.00,-51.16,-46.63,-46.76,-61.39,-60.06,-44.02,-58.19,-44.64,-58.82,2026-06-16 02:29:04+00:00
2026-06-16T02:30:04+00:00,-48.88,-63.42,-66.80,-58.07,-62.76,-50.82,-52.11,-53.35,-51.48,-47.98,-46.79,-61.29,-59.57,-43.87,-58.54,-45.47,-59.44,2026-06-16 02:30:04+00:00
2026-06-16T02:31:04+00:00,-48.76,-64.43,-67.72,-59.39,-63.96,-50.60,-52.36,-65.64,-51.43,-49.09,-46.52,-62.04,-60.07,-43.84,-53.50,-46.79,-59.57,2026-06-16 02:31:04+00:00
2026-06-16T02:32:04+00:00,-48.71,-61.28,-64.03,-59.58,-63.33,-50.29,-52.03,-62.91,-51.46,-50.10,-46.56,-60.44,-59.65,-43.46,-53.44,-48.71,-59.41,2026-06-16 02:32:04+00:00
2026-06-16T02:33:04+00:00,-48.57,-64.72,-67.94,-59.56,-62.86,-50.26,-52.75,-66.00,-49.07,-51.17,-46.44,-62.35,-60.07,-43.36,-53.58,-50.83,-59.75,2026-06-16 02:33:04+00:00
2026-06-16T02:34:04+00:00,-48.66,-64.18,-67.35,-59.52,-63.67,-50.11,-52.68,-65.34,-48.92,-53.00,-46.57,-62.21,-60.06,-43.84,-53.22,-52.27,-59.82,2026-06-16 02:34:04+00:00
2026-06-16T02:35:03+00:00,-48.66,-63.87,-66.07,-57.78,-63.02,-50.24,-52.23,-64.84,-48.87,-54.76,-46.58,-61.98,-59.85,-43.95,-58.21,-53.04,-58.19,2026-06-16 02:35:03+00:00
2026-06-16T02:36:03+00:00,-48.76,-64.97,-68.24,-59.75,-62.88,-49.04,-53.50,-65.44,-48.93,-56.62,-46.71,-61.85,-59.91,-43.80,-58.54,-53.39,-59.21,2026-06-16 02:36:03+00:00
2026-06-16T02:37:03+00:00,-48.69,-62.95,-67.43,-59.74,-62.50,-49.12,-53.86,-64.02,-48.90,-58.89,-46.66,-62.03,-59.76,-43.78,-58.03,-53.86,-58.61,2026-06-16 02:37:03+00:00
2026-06-16T02:38:04+00:00,-48.22,-65.56,-67.54,-59.75,-63.19,-46.07,-54.08,-65.76,-48.95,-60.38,-46.70,-61.83,-59.67,-43.89,-58.15,-53.55,-59.81,2026-06-16 02:38:04+00:00
2026-06-16T02:39:04+00:00,-48.29,-64.52,-66.37,-59.79,-63.75,-46.32,-53.73,-64.13,-48.98,-60.82,-46.80,-61.55,-59.56,-44.44,-58.45,-54.37,-59.60,2026-06-16 02:39:04+00:00
2026-06-16T02:40:04+00:00,-48.39,-63.90,-67.56,-59.87,-63.70,-46.26,-54.42,-65.78,-49.08,-60.50,-46.75,-62.11,-59.63,-44.34,-58.63,-54.45,-60.22,2026-06-16 02:40:04+00:00
2026-06-16T02:41:03+00:00,-48.61,-64.41,-67.57,-59.87,-63.56,-46.28,-54.75,-65.71,-48.92,-58.21,-46.80,-61.99,-59.51,-44.05,-58.27,-55.68,-56.48,2026-06-16 02:41:03+00:00
2026-06-16T02:42:03+00:00,-48.73,-65.48,-67.87,-60.00,-63.17,-46.42,-54.84,-65.82,-51.08,-57.17,-46.62,-62.09,-59.37,-43.34,-58.58,-53.43,-60.51,2026-06-16 02:42:03+00:00
2026-06-16T02:43:03+00:00,-48.68,-64.76,-63.83,-58.64,-62.85,-46.48,-53.47,-55.67,-51.20,-56.08,-46.35,-61.86,-58.93,-43.14,-57.94,-51.80,-59.69,2026-06-16 02:43:03+00:00
2026-06-16T02:44:03+00:00,-48.24,-64.26,-60.12,-59.67,-62.87,-46.55,-53.75,-61.43,-51.18,-55.72,-46.40,-61.51,-58.78,-43.35,-57.90,-51.79,-59.40,2026-06-16 02:44:03+00:00
2026-06-16T02:45:04+00:00,-48.47,-63.72,-64.49,-59.28,-63.86,-46.45,-53.37,-58.45,-51.23,-54.89,-46.42,-61.54,-58.61,-43.08,-57.72,-51.50,-58.78,2026-06-16 02:45:04+00:00
2026-06-16T02:46:04+00:00,-48.59,-64.00,-65.65,-59.62,-63.60,-46.55,-54.12,-64.79,-51.15,-54.59,-46.11,-61.71,-58.46,-43.54,-54.66,-51.35,-58.77,2026-06-16 02:46:04+00:00
2026-06-16T02:47:04+00:00,-48.50,-63.55,-65.32,-58.91,-62.34,-46.78,-55.33,-64.66,-51.55,-54.20,-46.36,-61.38,-57.40,-43.74,-57.91,-50.80,-58.65,2026-06-16 02:47:04+00:00
2026-06-16T02:48:04+00:00,-48.55,-64.32,-66.53,-59.45,-63.03,-46.56,-54.70,-64.41,-56.29,-53.61,-46.48,-61.83,-58.33,-44.16,-55.78,-50.68,-58.85,2026-06-16 02:48:04+00:00
2026-06-16T02:49:03+00:00,-48.59,-62.97,-66.47,-59.29,-63.60,-46.94,-55.05,-64.34,-56.75,-53.28,-46.50,-61.68,-58.59,-44.28,-55.49,-50.23,-58.93,2026-06-16 02:49:03+00:00
2026-06-16T02:50:03+00:00,-48.57,-64.34,-67.01,-60.03,-62.71,-47.19,-56.60,-65.74,-56.42,-52.84,-46.60,-61.72,-58.64,-44.51,-58.65,-50.61,-59.34,2026-06-16 02:50:03+00:00
2026-06-16T02:51:04+00:00,-48.47,-64.79,-66.91,-60.07,-62.74,-47.13,-57.38,-66.07,-54.09,-52.68,-46.65,-61.82,-58.56,-44.47,-57.88,-50.10,-59.53,2026-06-16 02:51:04+00:00
2026-06-16T02:52:04+00:00,-48.44,-62.41,-67.09,-60.29,-64.06,-46.92,-57.56,-65.65,-54.41,-52.03,-46.63,-61.76,-58.61,-43.87,-58.35,-49.83,-59.14,2026-06-16 02:52:04+00:00
2026-06-16T02:53:04+00:00,-48.40,-64.12,-66.36,-60.20,-62.55,-47.10,-57.19,-64.69,-54.39,-51.92,-46.68,-61.55,-58.51,-43.20,-58.87,-49.60,-59.21,2026-06-16 02:53:04+00:00
2026-06-16T02:54:04+00:00,-48.56,-65.27,-67.29,-60.07,-62.44,-47.01,-57.71,-66.40,-54.42,-51.75,-46.41,-61.85,-58.57,-42.56,-58.15,-49.77,-59.98,2026-06-16 02:54:04+00:00
2026-06-16T02:55:03+00:00,-48.66,-63.84,-66.54,-60.06,-64.14,-47.00,-58.21,-65.50,-53.98,-51.13,-46.69,-61.96,-58.63,-42.01,-58.44,-49.30,-60.16,2026-06-16 02:55:03+00:00
2026-06-16T02:56:03+00:00,-48.71,-63.67,-65.54,-60.12,-62.36,-47.01,-58.46,-64.74,-53.99,-51.00,-46.99,-61.13,-58.54,-41.51,-58.31,-49.10,-59.87,2026-06-16 02:56:03+00:00
2026-06-16T02:57:04+00:00,-49.70,-64.57,-66.36,-59.29,-63.24,-47.03,-56.42,-65.17,-53.93,-50.34,-47.21,-61.74,-58.52,-41.08,-58.20,-49.14,-59.81,2026-06-16 02:57:04+00:00
2026-06-16T02:58:04+00:00,-49.60,-65.07,-60.43,-59.93,-64.03,-47.19,-56.50,-61.62,-53.95,-50.08,-47.35,-61.77,-58.53,-40.83,-58.88,-49.45,-59.91,2026-06-16 02:58:04+00:00
2026-06-16T02:59:04+00:00,-49.68,-64.24,-64.56,-59.10,-62.78,-47.04,-55.67,-57.71,-53.74,-49.77,-47.89,-61.77,-58.64,-40.42,-58.27,-49.66,-59.71,2026-06-16 02:59:04+00:00
2026-06-16T03:00:03+00:00,-48.56,-65.06,-66.79,-59.63,-61.82,-47.08,-56.32,-65.97,-53.03,-49.17,-47.69,-61.43,-58.86,-40.18,-53.73,-49.15,-52.88,2026-06-16 03:00:03+00:00
2026-06-16T03:01:03+00:00,-48.59,-64.13,-66.50,-59.84,-63.21,-46.97,-56.17,-65.57,-52.81,-48.89,-48.52,-61.19,-58.80,-40.38,-53.20,-49.03,-56.91,2026-06-16 03:01:03+00:00
2026-06-16T03:02:04+00:00,-48.73,-64.07,-66.18,-59.95,-63.15,-47.19,-56.01,-65.06,-53.11,-48.80,-48.88,-61.26,-58.59,-40.67,-53.48,-48.90,-59.69,2026-06-16 03:02:04+00:00
2026-06-16T03:03:03+00:00,-48.67,-63.78,-66.40,-59.66,-62.65,-47.20,-56.08,-65.36,-53.42,-48.57,-48.97,-61.47,-58.71,-40.87,-53.32,-48.58,-59.79,2026-06-16 03:03:03+00:00
2026-06-16T03:04:03+00:00,-47.77,-64.03,-65.49,-59.47,-63.63,-47.18,-56.36,-64.61,-53.12,-48.29,-49.64,-61.14,-58.85,-41.33,-58.26,-48.82,-59.39,2026-06-16 03:04:03+00:00
2026-06-16T03:05:03+00:00,-47.89,-65.10,-67.17,-60.23,-63.24,-47.26,-56.57,-66.37,-52.74,-48.04,-50.25,-61.59,-58.94,-41.63,-58.95,-49.10,-60.46,2026-06-16 03:05:03+00:00
2026-06-16T03:06:03+00:00,-47.86,-64.89,-67.24,-60.47,-63.28,-46.97,-56.30,-66.33,-54.06,-47.74,-50.25,-61.76,-59.09,-41.78,-59.35,-48.54,-60.39,2026-06-16 03:06:03+00:00
2026-06-16T03:07:03+00:00,-47.83,-64.45,-66.30,-60.22,-63.51,-47.34,-56.56,-65.53,-54.12,-47.66,-50.39,-61.80,-59.22,-42.31,-58.95,-48.83,-60.06,2026-06-16 03:07:03+00:00
2026-06-16T03:08:03+00:00,-47.74,-64.41,-67.18,-60.28,-62.44,-47.06,-56.22,-66.09,-55.31,-47.52,-50.67,-62.12,-59.11,-42.67,-59.30,-49.21,-59.97,2026-06-16 03:08:03+00:00
2026-06-16T03:09:04+00:00,-47.88,-63.92,-67.15,-60.36,-62.81,-47.08,-56.05,-65.52,-53.97,-47.48,-50.67,-62.19,-59.28,-42.75,-59.22,-49.21,-59.79,2026-06-16 03:09:04+00:00
2026-06-16T03:10:04+00:00,-47.65,-65.21,-67.49,-60.40,-63.74,-47.17,-55.83,-66.25,-55.24,-47.10,-50.64,-62.53,-59.22,-42.93,-59.23,-49.62,-59.86,2026-06-16 03:10:04+00:00
2026-06-16T03:11:03+00:00,-47.48,-64.14,-66.07,-58.70,-63.25,-47.12,-54.19,-57.76,-55.82,-47.23,-50.49,-62.01,-59.18,-43.19,-58.87,-49.96,-59.52,2026-06-16 03:11:03+00:00
2026-06-16T03:12:03+00:00,-47.41,-61.60,-60.14,-59.91,-63.67,-47.17,-54.22,-60.85,-50.73,-47.10,-50.62,-61.69,-59.19,-43.32,-59.38,-50.44,-58.62,2026-06-16 03:12:03+00:00
2026-06-16T03:13:03+00:00,-47.79,-64.82,-60.22,-59.91,-63.08,-47.30,-54.41,-61.76,-50.78,-47.18,-50.76,-61.92,-59.29,-43.73,-59.04,-50.86,-59.64,2026-06-16 03:13:03+00:00
2026-06-16T03:14:04+00:00,-47.87,-63.15,-66.09,-59.56,-63.32,-47.32,-53.53,-60.06,-50.96,-47.17,-50.43,-61.92,-59.64,-43.72,-56.18,-49.93,-58.93,2026-06-16 03:14:04+00:00
2026-06-16T03:15:04+00:00,-50.08,-64.42,-66.90,-59.82,-62.66,-47.39,-54.68,-65.83,-51.45,-47.38,-50.00,-62.00,-59.59,-43.99,-53.39,-50.74,-59.80,2026-06-16 03:15:04+00:00
2026-06-16T03:16:04+00:00,-50.25,-64.96,-67.45,-59.89,-63.18,-47.31,-54.86,-66.37,-51.23,-47.15,-50.11,-62.02,-59.82,-44.19,-55.94,-50.73,-59.94,2026-06-16 03:16:04+00:00
2026-06-16T03:17:04+00:00,-50.19,-64.32,-67.19,-59.72,-64.54,-47.22,-54.96,-65.86,-49.58,-47.29,-50.18,-62.16,-59.80,-44.57,-60.16,-50.83,-57.43,2026-06-16 03:17:04+00:00
2026-06-16T03:18:03+00:00,-50.17,-65.43,-67.45,-60.18,-63.32,-47.51,-55.07,-66.13,-49.24,-47.25,-50.41,-62.21,-59.94,-44.99,-59.72,-51.22,-60.38,2026-06-16 03:18:03+00:00
2026-06-16T03:19:03+00:00,-50.09,-65.73,-67.54,-60.18,-63.40,-47.46,-54.94,-66.35,-49.04,-47.42,-50.32,-62.19,-60.08,-45.08,-60.07,-51.22,-60.50,2026-06-16 03:19:03+00:00
2026-06-16T03:20:04+00:00,-50.12,-65.19,-67.33,-60.40,-62.89,-47.30,-54.63,-65.08,-49.03,-47.23,-50.24,-61.89,-59.98,-45.53,-60.02,-51.09,-59.56,2026-06-16 03:20:04+00:00
2026-06-16T03:21:04+00:00,-49.99,-65.07,-67.60,-60.14,-63.04,-47.16,-54.45,-66.63,-49.10,-47.41,-50.26,-62.35,-60.44,-46.13,-59.44,-50.75,-59.73,2026-06-16 03:21:04+00:00
2026-06-16T03:22:04+00:00,-50.02,-63.84,-66.51,-59.94,-63.04,-47.28,-53.24,-65.64,-48.89,-47.41,-50.01,-62.05,-60.28,-46.61,-57.83,-50.32,-59.06,2026-06-16 03:22:04+00:00
2026-06-16T03:23:03+00:00,-49.86,-64.92,-60.32,-60.05,-63.10,-47.21,-53.09,-61.99,-48.82,-47.36,-49.96,-62.05,-60.05,-47.12,-59.19,-50.59,-59.18,2026-06-16 03:23:03+00:00
2026-06-16T03:24:03+00:00,-49.89,-64.45,-65.82,-57.82,-63.65,-47.55,-52.64,-55.05,-48.93,-47.52,-50.05,-62.27,-60.04,-47.90,-58.82,-50.74,-59.21,2026-06-16 03:24:03+00:00
2026-06-16T03:25:03+00:00,-49.93,-63.18,-66.81,-59.85,-63.71,-47.39,-52.94,-65.80,-48.94,-47.34,-49.84,-61.86,-60.19,-48.85,-53.89,-50.73,-59.31,2026-06-16 03:25:03+00:00
2026-06-16T03:26:03+00:00,-49.92,-65.02,-67.33,-59.81,-63.72,-47.55,-53.05,-66.27,-49.06,-47.38,-49.94,-61.95,-60.69,-50.03,-53.25,-50.93,-59.17,2026-06-16 03:26:03+00:00
2026-06-16T03:27:04+00:00,-49.86,-64.69,-67.11,-60.03,-62.82,-47.45,-53.22,-66.16,-51.07,-47.60,-50.07,-62.02,-60.71,-51.33,-54.44,-50.63,-58.61,2026-06-16 03:27:04+00:00
2026-06-16T03:28:04+00:00,-49.86,-64.07,-67.08,-60.28,-63.24,-47.48,-53.11,-66.22,-51.06,-47.63,-50.19,-62.20,-60.52,-52.23,-54.13,-50.81,-59.53,2026-06-16 03:28:04+00:00
2026-06-16T03:29:04+00:00,-49.78,-65.11,-67.32,-58.75,-64.49,-47.43,-53.07,-66.94,-51.18,-47.67,-50.21,-62.42,-60.66,-53.75,-59.25,-50.54,-59.03,2026-06-16 03:29:04+00:00
2026-06-16T03:30:03+00:00,-49.96,-65.98,-67.82,-60.33,-62.81,-47.62,-53.44,-67.18,-51.51,-47.66,-50.01,-61.74,-60.77,-55.20,-59.95,-50.16,-59.69,2026-06-16 03:30:03+00:00
2026-06-16T03:31:03+00:00,-49.90,-66.29,-67.73,-60.15,-62.32,-47.64,-53.44,-67.14,-51.19,-47.50,-49.89,-61.76,-61.00,-56.18,-59.98,-49.74,-59.83,2026-06-16 03:31:03+00:00
2026-06-16T03:32:04+00:00,-50.07,-66.02,-68.04,-60.44,-62.85,-47.55,-53.56,-67.18,-54.78,-47.39,-49.86,-62.05,-61.01,-56.71,-59.78,-49.55,-59.38,2026-06-16 03:32:04+00:00
2026-06-16T03:33:03+00:00,-50.02,-66.11,-67.58,-60.26,-62.36,-47.35,-53.17,-67.04,-55.98,-47.46,-49.77,-62.38,-61.12,-56.74,-59.19,-49.75,-59.79,2026-06-16 03:33:03+00:00
2026-06-16T03:34:03+00:00,-49.94,-65.11,-67.55,-60.43,-62.96,-47.49,-53.38,-66.90,-55.52,-47.33,-49.80,-62.36,-61.21,-56.00,-59.54,-49.74,-59.84,2026-06-16 03:34:03+00:00
2026-06-16T03:35:03+00:00,-49.82,-66.45,-68.10,-60.23,-63.23,-47.47,-53.43,-67.07,-56.01,-47.40,-49.69,-63.10,-61.21,-54.84,-59.49,-49.86,-60.52,2026-06-16 03:35:03+00:00
2026-06-16T03:36:04+00:00,-49.47,-65.25,-67.32,-59.48,-62.45,-50.55,-52.71,-65.85,-54.04,-47.36,-49.63,-62.89,-61.08,-54.21,-58.64,-49.51,-59.94,2026-06-16 03:36:04+00:00
2026-06-16T03:37:04+00:00,-49.07,-65.47,-63.01,-59.73,-63.76,-52.09,-53.00,-63.12,-54.26,-47.33,-49.57,-62.53,-60.99,-53.34,-58.86,-49.69,-59.86,2026-06-16 03:37:04+00:00
2026-06-16T03:38:04+00:00,-48.39,-61.48,-62.96,-60.20,-62.92,-52.35,-53.02,-63.10,-54.46,-47.25,-49.86,-62.88,-61.12,-52.41,-59.20,-49.71,-58.84,2026-06-16 03:38:04+00:00
2026-06-16T03:39:03+00:00,-48.71,-64.71,-67.47,-58.96,-63.44,-52.32,-52.66,-55.18,-54.41,-47.00,-49.91,-62.67,-60.77,-51.48,-59.04,-48.79,-59.10,2026-06-16 03:39:03+00:00
2026-06-16T03:40:03+00:00,-49.37,-65.42,-67.69,-59.73,-62.56,-52.15,-53.20,-66.32,-53.38,-46.97,-49.96,-62.76,-61.27,-51.01,-54.11,-48.91,-59.77,2026-06-16 03:40:03+00:00
2026-06-16T03:41:04+00:00,-50.36,-65.43,-68.09,-59.88,-63.01,-52.20,-53.25,-65.88,-54.27,-46.93,-49.97,-62.71,-61.31,-50.68,-54.07,-49.27,-59.38,2026-06-16 03:41:04+00:00
2026-06-16T03:42:04+00:00,-50.70,-65.79,-68.34,-60.05,-63.36,-52.17,-53.69,-66.69,-53.89,-47.10,-50.11,-63.08,-61.34,-50.00,-59.64,-49.44,-60.49,2026-06-16 03:42:04+00:00
2026-06-16T03:43:04+00:00,-50.49,-65.69,-70.54,-60.71,-66.24,-52.24,-53.80,-67.60,-54.43,-47.08,-50.02,-63.49,-62.11,-49.68,-59.77,-49.36,-61.09,2026-06-16 03:43:04+00:00
2026-06-16T03:44:03+00:00,-50.60,-63.56,-69.79,-60.16,-66.02,-52.31,-53.86,-67.17,-53.36,-47.08,-49.97,-63.25,-61.81,-49.55,-59.52,-49.18,-60.32,2026-06-16 03:44:03+00:00
2026-06-16T03:45:03+00:00,-48.23,-66.18,-70.40,-60.63,-66.22,-52.28,-53.91,-68.18,-53.23,-47.03,-50.15,-63.52,-62.00,-49.15,-60.18,-49.26,-60.25,2026-06-16 03:45:03+00:00
2026-06-16T03:46:03+00:00,-48.12,-66.33,-70.51,-60.37,-67.07,-52.54,-54.00,-68.31,-52.70,-47.04,-49.97,-63.41,-62.45,-48.83,-59.56,-48.85,-60.38,2026-06-16 03:46:03+00:00
2026-06-16T03:47:04+00:00,-47.93,-64.81,-69.04,-59.69,-66.52,-52.51,-53.16,-60.67,-52.82,-46.93,-49.97,-63.39,-62.20,-48.45,-58.90,-48.89,-58.81,2026-06-16 03:47:04+00:00
2026-06-16T03:48:04+00:00,-49.20,-65.25,-62.44,-60.25,-66.88,-52.72,-52.96,-62.19,-54.78,-46.85,-50.20,-63.31,-62.24,-48.25,-59.50,-49.06,-59.66,2026-06-16 03:48:04+00:00
2026-06-16T03:49:03+00:00,-49.17,-65.84,-68.89,-58.72,-66.55,-52.73,-52.36,-54.58,-54.70,-47.03,-50.51,-63.42,-61.92,-47.68,-59.61,-49.08,-59.96,2026-06-16 03:49:03+00:00
2026-06-16T03:50:03+00:00,-49.21,-65.13,-70.22,-60.36,-66.96,-52.55,-53.33,-67.05,-55.00,-46.99,-50.05,-63.42,-62.17,-47.80,-54.59,-49.12,-59.75,2026-06-16 03:50:03+00:00
2026-06-16T03:51:03+00:00,-49.22,-64.78,-70.31,-60.57,-65.78,-52.62,-53.36,-66.84,-57.57,-47.02,-50.35,-63.25,-62.25,-47.69,-54.41,-48.79,-58.77,2026-06-16 03:51:03+00:00
2026-06-16T03:52:04+00:00,-49.63,-65.90,-70.63,-60.48,-65.56,-52.75,-53.21,-67.17,-57.73,-47.23,-50.23,-63.35,-62.40,-47.34,-54.35,-48.98,-59.90,2026-06-16 03:52:04+00:00
2026-06-16T03:53:04+00:00,-49.56,-65.85,-70.62,-60.31,-66.63,-52.63,-53.43,-66.95,-57.62,-47.17,-50.73,-63.26,-62.42,-47.53,-54.14,-49.17,-59.81,2026-06-16 03:53:04+00:00
2026-06-16T03:54:04+00:00,-49.57,-65.59,-67.71,-58.17,-65.71,-52.80,-52.70,-64.57,-57.35,-47.16,-50.68,-63.18,-62.52,-47.22,-60.00,-49.16,-59.32,2026-06-16 03:54:04+00:00
2026-06-16T03:55:03+00:00,-49.57,-65.80,-70.72,-60.70,-66.14,-49.68,-54.20,-68.02,-57.99,-47.08,-50.82,-63.32,-62.44,-47.52,-59.83,-49.05,-60.38,2026-06-16 03:55:03+00:00
2026-06-16T03:56:03+00:00,-49.60,-66.70,-70.90,-60.83,-66.62,-51.37,-53.82,-68.53,-58.45,-47.34,-51.21,-63.61,-62.47,-47.36,-59.74,-49.73,-61.41,2026-06-16 03:56:03+00:00
2026-06-16T03:57:04+00:00,-49.30,-65.74,-70.89,-60.84,-66.37,-50.98,-54.15,-67.75,-51.77,-47.26,-51.49,-63.48,-62.59,-47.11,-60.39,-49.49,-61.06,2026-06-16 03:57:04+00:00
2026-06-16T03:58:04+00:00,-49.59,-65.29,-69.73,-60.81,-65.91,-47.42,-54.17,-67.29,-51.79,-47.28,-51.45,-63.44,-62.58,-47.16,-59.72,-49.39,-60.54,2026-06-16 03:58:04+00:00
2026-06-16T03:59:04+00:00,-49.49,-66.57,-70.35,-60.57,-67.56,-47.41,-54.61,-68.01,-51.76,-47.51,-51.46,-63.15,-62.38,-47.11,-59.72,-49.37,-61.30,2026-06-16 03:59:04+00:00
2026-06-16T04:00:03+00:00,-52.81,-66.84,-70.26,-60.59,-66.72,-47.62,-54.58,-68.34,-52.51,-47.56,-51.67,-63.14,-62.54,-46.97,-59.79,-48.91,-60.56,2026-06-16 04:00:03+00:00
2026-06-16T04:01:03+00:00,-52.63,-65.50,-68.28,-59.71,-66.79,-47.51,-53.04,-59.67,-52.49,-47.51,-51.65,-62.78,-62.23,-47.11,-58.72,-48.88,-60.21,2026-06-16 04:01:03+00:00
2026-06-16T04:02:03+00:00,-53.40,-65.83,-61.18,-60.08,-66.52,-47.77,-53.57,-61.95,-49.74,-47.62,-51.76,-62.97,-62.26,-47.31,-59.98,-49.28,-60.53,2026-06-16 04:02:03+00:00
2026-06-16T04:03:04+00:00,-53.13,-65.95,-61.16,-60.19,-66.22,-47.48,-53.29,-61.88,-49.45,-47.64,-51.93,-62.82,-61.98,-46.92,-60.08,-49.06,-60.50,2026-06-16 04:03:04+00:00
2026-06-16T04:04:04+00:00,-52.90,-65.04,-67.79,-59.06,-66.80,-47.50,-52.75,-62.41,-49.39,-47.75,-52.14,-62.94,-62.36,-47.08,-59.96,-48.83,-60.16,2026-06-16 04:04:04+00:00
2026-06-16T04:05:04+00:00,-52.54,-64.59,-69.37,-60.37,-66.01,-47.80,-53.59,-67.35,-49.40,-47.82,-51.67,-62.92,-62.44,-47.02,-54.34,-49.23,-59.88,2026-06-16 04:05:04+00:00
2026-06-16T04:06:03+00:00,-53.05,-66.22,-69.76,-60.27,-66.72,-47.78,-54.19,-67.94,-49.38,-47.77,-52.02,-62.98,-62.49,-47.17,-55.44,-49.51,-59.87,2026-06-16 04:06:03+00:00
2026-06-16T04:07:03+00:00,-53.54,-65.26,-70.04,-60.74,-66.31,-47.85,-54.58,-68.31,-49.38,-47.90,-52.38,-63.13,-62.50,-47.14,-59.84,-49.03,-60.20,2026-06-16 04:07:03+00:00
2026-06-16T04:08:04+00:00,-51.64,-65.68,-69.80,-60.91,-66.52,-47.64,-54.57,-67.90,-48.92,-48.12,-52.56,-62.94,-62.41,-47.26,-60.25,-48.75,-60.58,2026-06-16 04:08:04+00:00
2026-06-16T04:09:04+00:00,-51.08,-65.83,-69.74,-60.53,-66.14,-47.78,-54.61,-68.05,-48.91,-48.05,-53.14,-63.28,-62.48,-47.11,-60.51,-49.21,-61.37,2026-06-16 04:09:04+00:00
2026-06-16T04:10:04+00:00,-51.53,-65.88,-69.79,-60.70,-67.22,-47.70,-54.32,-68.03,-48.83,-48.11,-53.24,-62.96,-62.44,-47.14,-59.72,-49.18,-60.63,2026-06-16 04:10:04+00:00
2026-06-16T04:11:03+00:00,-51.93,-65.72,-69.70,-60.56,-66.43,-47.71,-54.36,-67.00,-49.05,-48.19,-53.47,-62.73,-62.16,-47.35,-59.85,-49.09,-60.72,2026-06-16 04:11:03+00:00
2026-06-16T04:12:03+00:00,-51.53,-66.00,-61.14,-60.61,-66.23,-47.98,-53.23,-62.04,-51.26,-48.44,-53.69,-62.64,-62.24,-47.18,-59.74,-49.00,-60.46,2026-06-16 04:12:03+00:00
2026-06-16T04:13:04+00:00,-51.86,-66.11,-63.18,-60.68,-66.21,-47.98,-53.02,-60.82,-51.89,-48.59,-53.93,-62.65,-62.23,-47.45,-60.09,-48.92,-59.80,2026-06-16 04:13:04+00:00
2026-06-16T04:14:04+00:00,-51.84,-65.64,-69.05,-60.29,-66.03,-47.89,-53.87,-66.87,-51.98,-48.56,-53.82,-62.65,-62.23,-47.56,-59.26,-48.76,-60.21,2026-06-16 04:14:04+00:00
2026-06-16T04:15:04+00:00,-51.98,-65.83,-69.57,-60.46,-66.36,-47.90,-53.05,-67.29,-51.99,-48.62,-53.51,-62.76,-62.04,-47.31,-55.12,-48.74,-60.60,2026-06-16 04:15:04+00:00
2026-06-16T04:16:03+00:00,-52.34,-66.73,-69.64,-60.39,-66.10,-48.17,-53.23,-67.75,-51.93,-48.55,-53.64,-62.85,-61.95,-47.31,-54.52,-48.82,-60.63,2026-06-16 04:16:03+00:00
2026-06-16T04:17:03+00:00,-52.04,-65.26,-69.50,-60.75,-66.32,-47.93,-52.88,-67.41,-57.12,-48.54,-53.88,-62.74,-61.99,-47.31,-54.25,-48.84,-60.25,2026-06-16 04:17:03+00:00
2026-06-16T04:18:04+00:00,-52.08,-65.99,-69.32,-60.51,-65.86,-47.96,-53.51,-66.49,-58.95,-48.66,-53.78,-62.50,-61.91,-47.28,-54.45,-48.19,-60.21,2026-06-16 04:18:04+00:00
2026-06-16T04:19:04+00:00,-50.64,-65.92,-69.21,-60.37,-65.51,-47.93,-52.36,-57.88,-59.28,-48.47,-54.97,-61.80,-61.77,-47.47,-59.98,-48.02,-59.95,2026-06-16 04:19:04+00:00
2026-06-16T04:20:04+00:00,-51.13,-65.32,-69.70,-60.52,-66.51,-47.98,-53.78,-68.18,-56.90,-48.83,-55.53,-62.82,-62.02,-47.31,-59.88,-48.35,-60.84,2026-06-16 04:20:04+00:00
2026-06-16T04:21:03+00:00,-50.46,-65.86,-69.26,-60.59,-66.73,-47.78,-54.21,-67.63,-53.76,-48.95,-55.63,-62.65,-61.89,-47.22,-59.77,-48.29,-60.66,2026-06-16 04:21:03+00:00
2026-06-16T04:22:03+00:00,-49.89,-66.49,-69.84,-60.67,-65.32,-48.07,-54.30,-68.07,-54.14,-48.79,-55.89,-62.63,-61.81,-47.23,-60.40,-48.80,-60.83,2026-06-16 04:22:03+00:00
2026-06-16T04:23:04+00:00,-50.47,-66.74,-69.82,-60.51,-66.72,-47.98,-54.36,-68.50,-54.22,-48.75,-56.10,-62.68,-61.73,-47.37,-59.83,-48.68,-61.16,2026-06-16 04:23:04+00:00
2026-06-16T04:24:04+00:00,-51.05,-66.02,-69.44,-60.33,-65.98,-48.14,-54.39,-68.06,-54.29,-48.92,-56.42,-62.62,-61.91,-47.31,-60.02,-48.69,-61.06,2026-06-16 04:24:04+00:00
2026-06-16T04:25:04+00:00,-51.01,-65.96,-69.16,-60.66,-66.84,-48.26,-54.32,-68.13,-54.51,-48.92,-56.89,-62.63,-61.84,-47.04,-59.95,-48.59,-60.55,2026-06-16 04:25:04+00:00
2026-06-16T04:26:03+00:00,-50.71,-66.76,-61.19,-60.57,-66.40,-48.09,-53.46,-61.84,-54.37,-48.92,-57.13,-62.51,-61.59,-47.08,-59.86,-48.80,-60.40,2026-06-16 04:26:03+00:00
2026-06-16T04:27:03+00:00,-52.53,-66.46,-61.20,-60.54,-66.19,-48.04,-53.57,-62.06,-55.86,-48.95,-57.42,-62.61,-61.42,-47.10,-59.64,-49.06,-58.11,2026-06-16 04:27:03+00:00
2026-06-16T04:28:03+00:00,-52.04,-66.38,-68.39,-59.20,-66.55,-48.22,-52.77,-53.87,-55.87,-48.86,-57.51,-62.83,-60.99,-46.85,-59.81,-49.08,-54.55,2026-06-16 04:28:03+00:00
2026-06-16T04:29:04+00:00,-52.43,-66.34,-69.55,-60.55,-66.21,-47.98,-53.86,-67.56,-55.99,-49.04,-56.05,-63.21,-61.45,-46.91,-54.60,-49.04,-54.58,2026-06-16 04:29:04+00:00
2026-06-16T04:30:04+00:00,-49.45,-66.53,-69.41,-60.54,-67.06,-48.13,-53.81,-67.53,-54.67,-49.06,-56.20,-63.15,-61.67,-46.63,-54.59,-49.11,-54.54,2026-06-16 04:30:04+00:00
2026-06-16T04:31:04+00:00,-48.91,-66.08,-69.22,-60.62,-66.01,-47.87,-53.65,-66.80,-54.55,-49.03,-56.04,-63.04,-61.29,-46.82,-54.49,-49.22,-54.52,2026-06-16 04:31:04+00:00
2026-06-16T04:32:04+00:00,-49.22,-66.29,-69.40,-60.40,-66.47,-47.98,-53.69,-67.01,-54.61,-49.03,-56.51,-62.92,-61.37,-46.69,-54.43,-49.57,-54.49,2026-06-16 04:32:04+00:00
2026-06-16T04:33:03+00:00,-48.88,-66.52,-68.28,-59.85,-65.56,-47.93,-52.85,-62.94,-53.02,-49.07,-58.35,-62.84,-61.12,-46.70,-59.91,-49.69,-56.03,2026-06-16 04:33:03+00:00
2026-06-16T04:34:03+00:00,-48.26,-66.42,-68.44,-60.24,-66.67,-47.99,-52.65,-52.70,-52.85,-48.88,-58.76,-62.64,-59.87,-46.40,-60.16,-50.06,-54.59,2026-06-16 04:34:03+00:00
2026-06-16T04:35:04+00:00,-48.58,-65.96,-69.36,-60.43,-65.62,-47.99,-55.04,-67.68,-53.19,-49.06,-59.21,-62.88,-61.21,-46.45,-59.63,-50.35,-56.24,2026-06-16 04:35:04+00:00
2026-06-16T04:36:03+00:00,-48.73,-66.51,-69.82,-60.53,-66.59,-47.99,-54.72,-68.61,-55.62,-48.98,-58.99,-62.61,-61.23,-46.37,-59.70,-50.66,-54.65,2026-06-16 04:36:03+00:00
2026-06-16T04:37:03+00:00,-48.95,-66.79,-69.80,-60.49,-66.41,-48.01,-54.26,-68.36,-55.42,-49.02,-59.36,-62.81,-61.14,-46.17,-59.47,-50.83,-54.72,2026-06-16 04:37:03+00:00
2026-06-16T04:38:04+00:00,-48.84,-66.59,-69.72,-60.74,-66.61,-47.95,-54.98,-68.47,-55.86,-49.07,-59.32,-63.01,-61.07,-46.22,-60.07,-50.94,-54.82,2026-06-16 04:38:04+00:00
2026-06-16T04:39:04+00:00,-48.96,-66.79,-69.59,-61.14,-67.08,-48.24,-55.14,-68.73,-56.11,-49.01,-59.24,-62.77,-61.10,-46.25,-59.62,-51.10,-56.25,2026-06-16 04:39:04+00:00
2026-06-16T04:40:03+00:00,-49.34,-65.60,-69.87,-61.17,-66.46,-47.85,-54.83,-68.66,-59.39,-49.17,-59.03,-63.30,-61.04,-45.97,-60.26,-51.06,-60.56,2026-06-16 04:40:03+00:00
2026-06-16T04:41:03+00:00,-49.80,-67.23,-69.77,-61.25,-65.92,-47.90,-55.32,-68.69,-59.49,-49.05,-59.06,-63.35,-60.95,-46.07,-60.11,-50.83,-60.81,2026-06-16 04:41:03+00:00
2026-06-16T04:42:03+00:00,-49.04,-65.87,-63.83,-60.78,-65.90,-47.91,-53.33,-57.18,-52.05,-48.96,-58.72,-63.03,-60.53,-45.83,-60.15,-51.23,-59.72,2026-06-16 04:42:03+00:00
2026-06-16T04:43:04+00:00,-49.19,-66.78,-61.04,-60.48,-67.21,-47.95,-53.54,-61.83,-52.14,-49.08,-59.05,-63.03,-60.72,-46.05,-59.88,-51.43,-59.90,2026-06-16 04:43:04+00:00
2026-06-16T04:44:04+00:00,-50.03,-66.35,-61.94,-60.97,-67.05,-47.70,-53.82,-61.41,-52.11,-48.96,-59.02,-63.16,-60.48,-45.83,-60.51,-51.58,-60.14,2026-06-16 04:44:04+00:00
2026-06-16T04:45:03+00:00,-51.81,-66.97,-68.69,-60.19,-67.50,-47.80,-54.18,-66.83,-51.81,-49.12,-58.74,-62.93,-60.62,-45.73,-58.83,-51.54,-60.42,2026-06-16 04:45:03+00:00
2026-06-16T04:46:03+00:00,-51.65,-67.23,-69.51,-60.36,-65.63,-47.92,-54.21,-67.79,-51.74,-49.15,-56.78,-63.18,-60.60,-45.64,-54.49,-51.51,-59.92,2026-06-16 04:46:03+00:00
2026-06-16T04:47:03+00:00,-50.84,-66.79,-69.37,-59.95,-65.53,-47.89,-54.05,-67.84,-49.29,-48.98,-56.69,-63.21,-60.67,-45.87,-54.54,-51.33,-59.82,2026-06-16 04:47:03+00:00
2026-06-16T04:48:04+00:00,-51.29,-67.04,-69.63,-60.17,-66.34,-47.57,-54.01,-67.75,-49.24,-49.04,-56.79,-63.19,-60.53,-45.74,-54.40,-51.36,-59.69,2026-06-16 04:48:04+00:00
2026-06-16T04:49:04+00:00,-51.60,-66.67,-68.01,-59.15,-66.30,-47.66,-53.13,-62.20,-49.22,-49.01,-58.88,-63.19,-60.38,-45.60,-59.96,-51.50,-59.57,2026-06-16 04:49:04+00:00
2026-06-16T04:50:04+00:00,-51.90,-67.09,-69.55,-60.32,-66.59,-47.94,-54.87,-68.42,-49.29,-49.23,-59.37,-63.45,-60.45,-45.61,-59.64,-51.97,-60.68,2026-06-16 04:50:04+00:00
2026-06-16T04:51:03+00:00,-51.43,-67.21,-69.74,-60.23,-66.35,-47.74,-54.93,-68.23,-49.26,-49.17,-59.32,-63.35,-60.40,-45.50,-59.60,-51.73,-55.87,2026-06-16 04:51:03+00:00
2026-06-16T04:52:03+00:00,-51.59,-67.45,-69.74,-60.54,-66.83,-47.68,-54.87,-68.32,-49.23,-49.11,-59.43,-63.61,-60.36,-45.68,-59.38,-51.78,-60.48,2026-06-16 04:52:03+00:00
2026-06-16T04:53:03+00:00,-53.48,-67.71,-69.83,-60.41,-66.09,-47.58,-54.68,-68.54,-49.56,-49.29,-59.43,-63.40,-60.43,-45.51,-60.20,-51.37,-60.67,2026-06-16 04:53:03+00:00
2026-06-16T04:54:04+00:00,-52.51,-66.60,-69.18,-60.48,-66.44,-47.84,-54.91,-68.06,-49.61,-49.32,-59.19,-63.50,-60.13,-45.39,-59.95,-51.61,-60.22,2026-06-16 04:54:04+00:00
2026-06-16T04:55:04+00:00,-53.72,-65.52,-69.15,-60.58,-66.22,-47.60,-54.78,-68.65,-49.72,-49.16,-59.67,-63.65,-60.24,-45.54,-60.79,-51.40,-58.15,2026-06-16 04:55:04+00:00
2026-06-16T04:56:04+00:00,-55.29,-67.19,-68.42,-60.18,-66.93,-47.73,-53.22,-66.72,-49.65,-49.05,-58.27,-63.42,-60.24,-45.34,-59.09,-51.68,-60.07,2026-06-16 04:56:04+00:00
2026-06-16T04:57:03+00:00,-54.67,-67.22,-61.15,-60.64,-66.42,-47.75,-53.32,-61.92,-52.21,-49.07,-59.27,-63.18,-59.88,-45.30,-60.15,-51.71,-59.45,2026-06-16 04:57:03+00:00
2026-06-16T04:58:03+00:00,-51.29,-63.95,-61.26,-60.53,-66.96,-52.27,-53.05,-62.08,-50.98,-48.94,-58.95,-63.31,-59.87,-45.58,-60.26,-51.27,-59.35,2026-06-16 04:58:03+00:00
2026-06-16T04:59:03+00:00,-51.68,-66.70,-68.25,-59.57,-66.53,-52.54,-52.30,-62.18,-51.22,-48.74,-58.53,-63.27,-60.01,-45.69,-60.15,-51.50,-59.19,2026-06-16 04:59:03+00:00
2026-06-16T05:00:04+00:00,-51.52,-66.93,-70.48,-60.80,-65.64,-52.12,-53.23,-67.84,-51.24,-49.20,-56.65,-63.37,-59.91,-45.51,-54.61,-51.68,-60.31,2026-06-16 05:00:04+00:00
2026-06-16T05:01:04+00:00,-51.37,-66.96,-70.01,-60.86,-66.71,-52.12,-52.93,-67.69,-51.39,-49.04,-56.40,-63.57,-59.79,-45.62,-54.59,-51.64,-59.14,2026-06-16 05:01:04+00:00
2026-06-16T05:02:04+00:00,-52.33,-66.05,-69.78,-60.91,-66.64,-52.19,-52.94,-67.79,-56.85,-49.08,-56.54,-63.39,-59.81,-45.43,-54.56,-51.52,-60.38,2026-06-16 05:02:04+00:00
2026-06-16T05:03:04+00:00,-51.44,-66.06,-68.48,-59.14,-66.47,-52.28,-52.26,-67.01,-57.31,-49.08,-58.44,-63.32,-59.82,-45.53,-60.22,-51.59,-60.07,2026-06-16 05:03:04+00:00
2026-06-16T05:04:03+00:00,-51.59,-64.78,-70.55,-61.22,-66.43,-52.29,-53.41,-68.39,-57.12,-49.05,-58.82,-63.41,-59.81,-45.61,-60.07,-51.49,-60.55,2026-06-16 05:04:03+00:00
2026-06-16T05:05:03+00:00,-51.32,-65.53,-69.80,-61.17,-66.12,-52.26,-53.34,-68.19,-57.99,-49.10,-59.03,-63.28,-59.65,-45.48,-59.63,-51.73,-59.53,2026-06-16 05:05:03+00:00
2026-06-16T05:06:04+00:00,-50.62,-66.35,-70.70,-60.91,-66.47,-52.19,-53.15,-68.77,-54.70,-48.90,-59.17,-63.76,-59.80,-45.52,-59.85,-51.63,-60.20,2026-06-16 05:06:04+00:00
2026-06-16T05:07:03+00:00,-51.10,-66.02,-70.44,-61.37,-66.87,-52.23,-53.32,-68.56,-54.96,-48.93,-59.04,-63.33,-59.56,-45.47,-60.12,-51.66,-60.76,2026-06-16 05:07:03+00:00
2026-06-16T05:08:03+00:00,-50.70,-66.65,-70.61,-61.10,-67.14,-52.07,-53.32,-68.79,-55.24,-48.85,-58.91,-63.39,-59.60,-45.42,-59.50,-51.58,-61.00,2026-06-16 05:08:03+00:00
2026-06-16T05:09:03+00:00,-50.73,-66.90,-70.50,-61.06,-65.64,-52.28,-53.69,-69.31,-55.56,-48.66,-58.85,-63.35,-59.66,-45.39,-59.77,-51.30,-58.32,2026-06-16 05:09:03+00:00
2026-06-16T05:10:04+00:00,-51.35,-66.43,-70.61,-61.05,-66.48,-52.24,-53.57,-69.37,-55.59,-48.72,-58.73,-63.39,-59.61,-45.40,-59.26,-50.75,-61.00,2026-06-16 05:10:04+00:00
2026-06-16T05:11:04+00:00,-50.94,-66.75,-61.50,-61.06,-66.15,-52.04,-52.58,-61.89,-55.83,-48.57,-58.55,-63.38,-59.50,-45.55,-59.76,-50.63,-60.27,2026-06-16 05:11:04+00:00
2026-06-16T05:12:03+00:00,-50.90,-66.70,-61.39,-60.72,-65.58,-52.45,-52.38,-62.35,-55.76,-48.57,-58.51,-63.56,-59.46,-45.37,-60.08,-50.19,-59.85,2026-06-16 05:12:03+00:00
2026-06-16T05:13:03+00:00,-50.94,-67.28,-61.93,-61.11,-66.61,-52.40,-52.36,-62.09,-56.19,-48.43,-58.33,-63.25,-59.44,-45.53,-60.11,-50.49,-60.10,2026-06-16 05:13:03+00:00
2026-06-16T05:14:04+00:00,-51.33,-66.65,-69.77,-60.91,-67.19,-52.05,-52.77,-67.55,-55.90,-48.56,-54.71,-63.06,-59.45,-45.55,-55.87,-50.06,-60.32,2026-06-16 05:14:04+00:00
2026-06-16T05:15:04+00:00,-48.53,-66.29,-70.17,-60.98,-66.11,-52.16,-52.83,-68.26,-54.84,-48.48,-56.26,-62.99,-59.29,-45.57,-54.36,-49.87,-58.63,2026-06-16 05:15:04+00:00
2026-06-16T05:16:04+00:00,-48.06,-66.67,-70.01,-60.71,-66.87,-52.12,-52.92,-68.00,-54.87,-48.54,-56.06,-63.14,-59.46,-45.61,-54.18,-49.90,-60.36,2026-06-16 05:16:04+00:00
2026-06-16T05:17:04+00:00,-48.34,-67.79,-70.40,-61.00,-66.45,-51.14,-53.43,-68.67,-54.78,-48.43,-58.37,-63.61,-59.53,-45.52,-59.40,-49.46,-61.20,2026-06-16 05:17:04+00:00
2026-06-16T05:18:03+00:00,-48.32,-66.33,-70.02,-61.12,-66.28,-50.82,-53.48,-68.89,-54.77,-48.18,-57.80,-63.54,-59.45,-45.58,-60.06,-49.46,-60.73,2026-06-16 05:18:03+00:00
2026-06-16T05:19:03+00:00,-48.29,-67.20,-69.74,-61.12,-66.27,-47.13,-53.19,-68.52,-55.21,-48.25,-56.07,-63.74,-59.31,-45.23,-59.94,-49.33,-61.20,2026-06-16 05:19:03+00:00
2026-06-16T05:20:03+00:00,-48.40,-67.30,-69.53,-60.96,-66.54,-47.25,-53.35,-68.90,-55.40,-48.08,-56.75,-63.23,-59.37,-45.39,-60.32,-49.27,-60.37,2026-06-16 05:20:03+00:00
2026-06-16T05:21:04+00:00,-48.31,-67.49,-69.66,-60.84,-66.14,-47.20,-53.25,-68.60,-59.04,-48.01,-56.45,-63.07,-59.21,-45.48,-59.93,-48.96,-60.55,2026-06-16 05:21:04+00:00
2026-06-16T05:22:04+00:00,-48.26,-66.19,-60.96,-60.84,-66.57,-47.27,-52.27,-62.16,-58.44,-48.01,-56.05,-63.01,-59.09,-45.26,-60.08,-48.72,-56.48,2026-06-16 05:22:04+00:00
2026-06-16T05:23:03+00:00,-48.25,-65.96,-62.75,-60.64,-66.61,-47.29,-52.23,-61.47,-58.69,-47.90,-56.05,-63.08,-58.91,-45.32,-60.08,-48.72,-58.60,2026-06-16 05:23:03+00:00
2026-06-16T05:24:03+00:00,-48.00,-66.71,-69.04,-60.80,-66.85,-47.28,-52.61,-67.55,-58.30,-47.68,-55.45,-63.29,-58.89,-45.50,-59.41,-48.27,-58.90,2026-06-16 05:24:03+00:00
2026-06-16T05:25:04+00:00,-48.48,-65.90,-69.20,-60.90,-66.36,-47.55,-52.41,-67.76,-58.45,-47.57,-54.64,-63.19,-58.95,-45.31,-54.90,-48.36,-58.99,2026-06-16 05:25:04+00:00
2026-06-16T05:26:04+00:00,-48.84,-66.53,-68.86,-60.19,-67.03,-47.38,-52.73,-66.98,-57.62,-47.65,-56.69,-62.85,-58.18,-45.49,-59.86,-48.27,-59.98,2026-06-16 05:26:04+00:00
2026-06-16T05:27:04+00:00,-48.04,-66.98,-60.29,-60.36,-66.25,-47.73,-52.11,-66.27,-51.32,-47.43,-56.67,-61.95,-58.43,-45.24,-58.73,-48.25,-60.11,2026-06-16 05:27:04+00:00
2026-06-16T05:28:04+00:00,-48.65,-66.88,-69.11,-60.38,-66.40,-47.57,-52.40,-66.75,-51.55,-47.29,-56.59,-63.02,-58.86,-45.58,-56.55,-47.82,-58.99,2026-06-16 05:28:04+00:00
2026-06-16T05:29:03+00:00,-48.09,-66.14,-69.71,-61.03,-65.50,-47.42,-53.15,-68.72,-51.64,-47.23,-56.77,-62.95,-58.92,-45.56,-60.09,-47.85,-59.58,2026-06-16 05:29:03+00:00
2026-06-16T05:30:03+00:00,-50.31,-64.76,-69.44,-61.04,-66.03,-47.41,-53.33,-68.77,-52.08,-47.37,-56.51,-62.74,-58.87,-45.48,-60.36,-47.74,-61.95,2026-06-16 05:30:03+00:00
2026-06-16T05:31:03+00:00,-50.58,-64.98,-69.34,-61.21,-66.84,-47.23,-53.19,-68.50,-52.14,-47.30,-56.48,-63.04,-58.84,-45.58,-60.04,-47.74,-60.67,2026-06-16 05:31:03+00:00
2026-06-16T05:32:03+00:00,-50.41,-65.27,-69.39,-61.00,-66.27,-47.46,-53.32,-68.65,-49.14,-47.30,-56.32,-63.01,-58.83,-45.60,-60.21,-47.66,-61.14,2026-06-16 05:32:03+00:00
2026-06-16T05:33:04+00:00,-50.41,-64.80,-69.30,-61.13,-67.37,-47.59,-53.38,-68.29,-49.14,-47.33,-56.26,-63.11,-58.68,-45.70,-60.35,-47.50,-61.37,2026-06-16 05:33:04+00:00
2026-06-16T05:34:04+00:00,-50.27,-63.09,-67.18,-59.91,-65.93,-47.44,-51.98,-57.44,-48.98,-47.41,-55.32,-62.98,-58.69,-45.66,-59.72,-47.41,-59.94,2026-06-16 05:34:04+00:00
2026-06-16T05:35:03+00:00,-50.55,-64.31,-60.65,-60.78,-65.52,-47.64,-52.33,-62.20,-49.02,-47.33,-56.31,-62.74,-58.84,-45.71,-59.34,-47.33,-60.54,2026-06-16 05:35:03+00:00
2026-06-16T05:36:04+00:00,-50.21,-64.00,-62.81,-60.79,-66.26,-47.52,-52.33,-61.36,-48.93,-47.25,-56.12,-62.89,-58.84,-45.52,-59.89,-47.29,-60.91,2026-06-16 05:36:04+00:00
2026-06-16T05:37:04+00:00,-50.15,-62.82,-68.94,-60.85,-66.60,-47.62,-52.63,-67.89,-48.83,-47.35,-54.53,-62.90,-58.83,-45.78,-53.77,-47.41,-57.65,2026-06-16 05:37:04+00:00
2026-06-16T05:38:04+00:00,-50.07,-64.82,-68.71,-60.62,-66.39,-47.82,-52.63,-67.58,-48.77,-47.22,-54.39,-62.83,-58.77,-45.72,-52.82,-47.20,-59.36,2026-06-16 05:38:04+00:00
2026-06-16T05:39:03+00:00,-50.38,-64.03,-68.88,-60.67,-66.66,-47.72,-52.67,-67.40,-48.83,-47.26,-54.30,-62.71,-58.78,-45.57,-52.82,-47.30,-58.67,2026-06-16 05:39:03+00:00
2026-06-16T05:40:03+00:00,-50.51,-64.85,-69.29,-60.78,-66.31,-47.65,-53.32,-68.55,-48.73,-47.19,-55.83,-62.77,-58.76,-45.67,-59.95,-47.25,-59.47,2026-06-16 05:40:03+00:00
2026-06-16T05:41:04+00:00,-49.84,-65.45,-69.11,-61.25,-66.41,-47.50,-53.30,-68.75,-49.66,-47.30,-55.81,-62.80,-58.57,-45.66,-59.94,-47.14,-60.85,2026-06-16 05:41:04+00:00
2026-06-16T05:42:04+00:00,-50.21,-64.43,-69.09,-61.15,-65.95,-47.52,-53.17,-68.67,-50.59,-47.13,-55.82,-62.71,-58.66,-45.82,-60.01,-47.01,-60.36,2026-06-16 05:42:04+00:00
2026-06-16T05:43:03+00:00,-50.13,-64.59,-69.14,-60.93,-65.92,-47.49,-53.26,-68.96,-50.50,-47.13,-55.96,-62.88,-58.60,-45.88,-59.59,-46.95,-61.03,2026-06-16 05:43:03+00:00
2026-06-16T05:44:03+00:00,-50.41,-62.42,-67.11,-60.83,-66.45,-47.57,-53.22,-67.96,-50.64,-46.85,-55.75,-62.77,-58.71,-45.88,-59.97,-46.82,-53.65,2026-06-16 05:44:03+00:00
2026-06-16T05:45:03+00:00,-50.11,-65.94,-69.13,-61.06,-66.20,-47.60,-53.02,-68.22,-50.86,-46.84,-56.02,-63.18,-58.67,-45.81,-59.89,-46.84,-53.67,2026-06-16 05:45:03+00:00
2026-06-16T05:46:04+00:00,-49.49,-66.72,-60.78,-60.88,-66.37,-47.57,-52.22,-62.26,-50.97,-46.61,-55.83,-62.81,-58.28,-45.62,-59.19,-46.49,-53.35,2026-06-16 05:46:04+00:00
2026-06-16T05:47:04+00:00,-49.65,-66.72,-64.45,-60.62,-66.30,-47.49,-51.80,-60.42,-55.90,-46.54,-55.78,-62.24,-58.37,-45.65,-59.19,-46.31,-54.87,2026-06-16 05:47:04+00:00
2026-06-16T05:48:03+00:00,-49.60,-66.35,-68.85,-61.02,-65.97,-47.46,-52.35,-66.49,-56.29,-46.53,-54.65,-61.96,-58.30,-45.58,-55.80,-46.73,-53.46,2026-06-16 05:48:03+00:00
2026-06-16T05:49:03+00:00,-50.21,-66.02,-68.97,-60.88,-66.32,-47.75,-52.22,-66.30,-56.23,-46.57,-54.68,-61.83,-58.36,-45.65,-53.76,-46.61,-53.42,2026-06-16 05:49:03+00:00
2026-06-16T05:50:03+00:00,-50.09,-65.85,-67.88,-60.31,-66.91,-47.62,-52.60,-66.22,-55.76,-46.67,-53.05,-62.09,-58.04,-45.88,-59.47,-46.21,-53.49,2026-06-16 05:50:03+00:00
2026-06-16T05:51:03+00:00,-49.79,-65.94,-68.64,-60.87,-65.67,-47.66,-52.46,-66.74,-53.75,-46.71,-55.42,-62.48,-58.31,-45.85,-59.51,-46.33,-53.47,2026-06-16 05:51:03+00:00
2026-06-16T05:52:04+00:00,-50.06,-64.16,-68.41,-60.23,-66.37,-47.64,-52.43,-66.25,-53.68,-46.68,-55.48,-62.77,-58.10,-46.03,-59.13,-46.35,-53.37,2026-06-16 05:52:04+00:00
2026-06-16T05:53:04+00:00,-49.35,-65.53,-68.97,-60.90,-66.45,-47.76,-52.65,-66.80,-53.76,-46.49,-55.76,-62.99,-58.27,-45.87,-59.45,-46.03,-53.59,2026-06-16 05:53:04+00:00
2026-06-16T05:54:03+00:00,-49.65,-66.29,-69.80,-61.14,-67.12,-47.53,-52.77,-67.11,-56.16,-46.42,-55.43,-62.81,-58.24,-46.07,-59.71,-45.97,-55.23,2026-06-16 05:54:03+00:00
2026-06-16T05:55:03+00:00,-50.33,-64.11,-69.50,-61.15,-66.55,-47.57,-52.57,-66.73,-56.11,-46.35,-54.15,-63.01,-58.34,-46.08,-59.95,-46.13,-53.67,2026-06-16 05:55:03+00:00
2026-06-16T05:56:04+00:00,-49.68,-64.85,-68.52,-60.92,-66.50,-47.62,-52.54,-67.65,-56.10,-46.37,-53.53,-62.41,-58.23,-46.13,-59.72,-45.93,-53.57,2026-06-16 05:56:04+00:00
2026-06-16T05:57:04+00:00,-50.97,-66.14,-69.52,-60.84,-66.56,-47.70,-52.62,-67.81,-56.13,-46.30,-54.14,-62.83,-58.30,-46.11,-59.59,-45.72,-53.54,2026-06-16 05:57:04+00:00
2026-06-16T05:58:04+00:00,-50.74,-65.51,-69.59,-61.38,-66.96,-47.55,-52.43,-68.01,-56.09,-46.36,-55.22,-62.77,-58.22,-46.17,-59.74,-45.74,-53.43,2026-06-16 05:58:04+00:00
2026-06-16T05:59:03+00:00,-51.77,-65.40,-62.14,-60.67,-66.74,-47.90,-51.59,-61.20,-55.87,-46.53,-55.87,-62.85,-58.01,-46.26,-59.44,-45.62,-58.59,2026-06-16 05:59:03+00:00
2026-06-16T06:00:03+00:00,-48.68,-65.08,-60.85,-60.88,-66.28,-47.93,-51.77,-62.09,-55.08,-46.58,-55.94,-62.87,-58.05,-46.18,-59.64,-45.67,-58.96,2026-06-16 06:00:03+00:00
2026-06-16T06:01:03+00:00,-48.52,-66.11,-60.89,-60.85,-67.58,-47.76,-51.88,-61.96,-53.44,-46.45,-55.81,-62.52,-58.17,-46.22,-59.72,-45.69,-59.15,2026-06-16 06:01:03+00:00
2026-06-16T06:02:03+00:00,-48.01,-65.04,-68.26,-58.72,-66.39,-47.82,-51.41,-52.41,-53.45,-46.41,-56.00,-63.02,-58.00,-46.37,-59.41,-45.58,-58.89,2026-06-16 06:02:03+00:00
2026-06-16T06:03:04+00:00,-48.67,-65.74,-68.31,-58.60,-65.88,-47.90,-51.42,-52.44,-53.29,-46.27,-55.37,-63.07,-57.91,-46.24,-59.51,-45.44,-58.50,2026-06-16 06:03:04+00:00
2026-06-16T06:04:04+00:00,-48.44,-65.29,-68.01,-58.60,-65.04,-47.95,-51.40,-52.26,-53.36,-46.30,-56.30,-62.71,-57.92,-46.27,-59.37,-45.78,-58.45,2026-06-16 06:04:04+00:00
2026-06-16T06:05:03+00:00,-48.61,-64.96,-69.32,-61.00,-66.68,-47.83,-52.79,-66.20,-53.83,-46.40,-56.63,-62.78,-57.93,-46.26,-59.91,-45.37,-59.59,2026-06-16 06:05:03+00:00
2026-06-16T06:06:04+00:00,-49.00,-65.45,-67.39,-61.19,-66.54,-48.11,-52.75,-67.73,-56.83,-46.42,-55.14,-62.87,-58.14,-46.44,-59.78,-45.29,-58.82,2026-06-16 06:06:04+00:00
2026-06-16T06:07:04+00:00,-48.73,-64.81,-68.69,-61.30,-66.25,-48.11,-52.89,-67.15,-57.25,-46.51,-56.63,-62.63,-57.78,-46.33,-59.85,-45.03,-60.85,2026-06-16 06:07:04+00:00
2026-06-16T06:08:04+00:00,-49.21,-63.61,-68.82,-61.27,-66.23,-48.02,-52.84,-66.28,-56.85,-46.52,-56.74,-62.57,-57.76,-46.36,-59.75,-45.20,-60.18,2026-06-16 06:08:04+00:00
2026-06-16T06:09:03+00:00,-48.96,-64.20,-68.87,-60.94,-65.53,-47.96,-52.71,-66.19,-57.00,-46.52,-57.04,-62.36,-57.83,-46.18,-59.46,-45.14,-59.70,2026-06-16 06:09:03+00:00
2026-06-16T06:10:03+00:00,-48.86,-64.07,-68.82,-61.02,-66.47,-48.03,-52.70,-67.90,-57.08,-46.39,-56.84,-62.40,-57.90,-46.28,-59.22,-45.03,-60.05,2026-06-16 06:10:03+00:00
2026-06-16T06:11:04+00:00,-48.95,-65.72,-60.68,-60.64,-66.33,-47.89,-52.02,-61.94,-51.82,-46.49,-57.15,-60.40,-57.81,-46.21,-59.51,-45.17,-59.74,2026-06-16 06:11:04+00:00
2026-06-16T06:12:04+00:00,-48.52,-64.91,-60.78,-60.57,-66.71,-48.08,-52.11,-62.17,-51.90,-46.41,-57.34,-62.16,-57.64,-46.36,-59.17,-45.02,-59.21,2026-06-16 06:12:04+00:00
2026-06-16T06:13:03+00:00,-48.55,-65.22,-61.33,-60.89,-66.52,-48.31,-51.90,-61.94,-51.94,-46.55,-57.44,-62.32,-57.52,-46.38,-59.20,-45.32,-59.37,2026-06-16 06:13:03+00:00
2026-06-16T06:14:03+00:00,-48.41,-65.95,-68.07,-59.06,-65.76,-47.81,-51.37,-52.18,-52.07,-46.32,-57.59,-62.29,-57.62,-46.18,-59.33,-45.29,-59.34,2026-06-16 06:14:03+00:00
2026-06-16T06:15:04+00:00,-51.42,-64.81,-67.77,-58.71,-65.64,-48.00,-51.50,-52.34,-52.45,-46.37,-57.71,-62.43,-57.43,-46.24,-59.30,-45.20,-59.46,2026-06-16 06:15:04+00:00
2026-06-16T06:16:04+00:00,-49.64,-65.01,-67.99,-58.67,-65.47,-48.06,-51.40,-52.44,-52.38,-46.31,-57.91,-62.45,-57.32,-46.22,-59.36,-45.20,-59.75,2026-06-16 06:16:04+00:00
2026-06-16T06:17:04+00:00,-49.85,-65.72,-66.63,-58.07,-66.20,-47.86,-51.43,-56.12,-49.55,-46.35,-57.77,-62.48,-57.27,-46.27,-59.20,-45.08,-59.62,2026-06-16 06:17:04+00:00
2026-06-16T06:18:03+00:00,-50.75,-63.78,-68.14,-60.93,-66.89,-47.96,-52.65,-67.52,-49.51,-46.32,-58.24,-62.62,-57.43,-46.53,-59.85,-45.02,-60.54,2026-06-16 06:18:03+00:00
2026-06-16T06:19:03+00:00,-50.93,-62.01,-68.88,-60.97,-66.42,-47.88,-52.93,-67.44,-49.52,-46.33,-58.46,-62.37,-57.49,-46.61,-59.80,-45.00,-58.61,2026-06-16 06:19:03+00:00
2026-06-16T06:20:04+00:00,-51.74,-62.18,-68.69,-60.78,-66.42,-47.78,-52.78,-67.50,-49.59,-46.32,-58.30,-62.35,-57.53,-46.61,-59.74,-44.86,-60.49,2026-06-16 06:20:04+00:00
2026-06-16T06:21:05+00:00,-51.58,-62.28,-69.16,-60.91,-66.19,-47.85,-52.94,-66.51,-49.57,-46.23,-58.66,-62.33,-57.43,-46.78,-59.59,-44.67,-60.66,2026-06-16 06:21:05+00:00
2026-06-16T06:22:04+00:00,-51.28,-62.97,-68.91,-60.98,-66.22,-47.74,-52.96,-66.43,-49.53,-46.50,-58.60,-62.40,-57.52,-46.75,-59.47,-44.80,-60.90,2026-06-16 06:22:04+00:00
2026-06-16T06:23:04+00:00,-50.58,-64.55,-67.79,-59.76,-66.02,-47.79,-51.88,-65.06,-49.54,-46.26,-57.52,-62.31,-57.37,-46.92,-58.08,-44.73,-59.52,2026-06-16 06:23:04+00:00
2026-06-16T06:24:04+00:00,-49.92,-65.06,-60.65,-60.87,-66.15,-47.85,-51.96,-61.48,-49.46,-46.27,-58.68,-62.34,-57.45,-47.11,-59.75,-44.45,-59.66,2026-06-16 06:24:04+00:00
2026-06-16T06:25:03+00:00,-49.78,-64.41,-60.28,-60.76,-65.62,-48.10,-51.82,-61.78,-49.46,-46.19,-58.57,-62.30,-57.30,-47.24,-59.63,-44.55,-59.70,2026-06-16 06:25:03+00:00
2026-06-16T06:26:03+00:00,-49.76,-64.35,-61.45,-60.51,-66.29,-47.92,-51.86,-61.63,-51.94,-46.10,-58.47,-62.32,-57.48,-47.26,-59.74,-44.86,-59.29,2026-06-16 06:26:03+00:00
2026-06-16T06:27:04+00:00,-49.89,-64.37,-68.27,-60.60,-66.40,-47.97,-51.36,-56.88,-51.86,-46.08,-58.36,-62.08,-57.25,-47.23,-59.53,-44.69,-58.94,2026-06-16 06:27:04+00:00
2026-06-16T06:28:04+00:00,-50.55,-63.76,-67.64,-58.60,-64.88,-47.81,-51.56,-52.56,-51.84,-46.23,-58.68,-62.49,-57.27,-47.28,-59.58,-44.53,-59.14,2026-06-16 06:28:04+00:00
2026-06-16T06:29:04+00:00,-50.31,-63.80,-67.90,-58.73,-66.04,-47.79,-51.57,-52.44,-51.98,-46.20,-58.51,-62.38,-57.29,-47.32,-58.99,-44.58,-59.25,2026-06-16 06:29:04+00:00
2026-06-16T06:30:04+00:00,-50.49,-64.37,-63.36,-60.52,-67.21,-47.79,-51.85,-60.80,-51.81,-46.14,-56.26,-62.53,-57.29,-47.54,-59.46,-44.45,-58.91,2026-06-16 06:30:04+00:00
2026-06-16T06:31:04+00:00,-52.12,-62.44,-68.77,-60.80,-66.40,-47.31,-52.84,-67.15,-51.79,-46.26,-59.08,-62.51,-57.63,-47.56,-59.75,-44.48,-60.89,2026-06-16 06:31:04+00:00
2026-06-16T06:32:03+00:00,-52.10,-61.75,-68.85,-61.01,-67.28,-47.31,-52.83,-66.87,-58.69,-46.23,-57.33,-62.66,-57.39,-47.82,-59.72,-44.21,-60.20,2026-06-16 06:32:03+00:00
2026-06-16T06:33:03+00:00,-51.98,-62.17,-68.91,-60.86,-66.15,-47.38,-52.95,-67.00,-58.33,-46.10,-59.62,-62.89,-57.33,-47.99,-59.62,-44.37,-60.78,2026-06-16 06:33:03+00:00
2026-06-16T06:34:04+00:00,-53.17,-61.71,-68.82,-60.88,-65.51,-47.06,-52.82,-67.34,-57.91,-45.95,-59.58,-62.73,-57.46,-47.96,-59.15,-44.17,-60.24,2026-06-16 06:34:04+00:00
2026-06-16T06:35:04+00:00,-52.72,-62.32,-68.37,-60.90,-66.38,-47.50,-52.81,-66.33,-56.82,-46.02,-59.48,-63.02,-57.40,-48.11,-59.84,-43.96,-60.43,2026-06-16 06:35:04+00:00
2026-06-16T06:36:04+00:00,-50.60,-63.60,-63.09,-59.67,-65.72,-47.65,-51.55,-57.65,-53.43,-46.21,-59.24,-62.76,-57.34,-48.00,-59.09,-43.91,-58.54,2026-06-16 06:36:04+00:00
2026-06-16T06:37:04+00:00,-50.49,-64.14,-60.24,-60.72,-66.74,-47.70,-52.05,-62.09,-53.10,-46.11,-59.50,-62.86,-57.46,-48.09,-59.48,-43.91,-59.25,2026-06-16 06:37:04+00:00
2026-06-16T06:38:03+00:00,-50.77,-65.40,-60.19,-60.72,-65.78,-48.00,-52.02,-61.92,-53.10,-46.21,-59.57,-63.22,-57.16,-48.25,-59.15,-44.13,-58.97,2026-06-16 06:38:03+00:00
2026-06-16T06:39:03+00:00,-50.77,-65.18,-62.28,-61.02,-66.76,-48.06,-51.93,-61.46,-52.88,-46.13,-59.84,-63.26,-57.25,-48.17,-59.42,-44.11,-59.00,2026-06-16 06:39:03+00:00
2026-06-16T06:40:03+00:00,-50.18,-64.86,-54.45,-59.40,-66.61,-48.07,-51.69,-65.32,-52.70,-46.03,-57.50,-61.24,-57.29,-48.34,-59.43,-44.01,-56.97,2026-06-16 06:40:03+00:00
2026-06-16T06:41:04+00:00,-51.42,-65.03,-68.55,-60.44,-66.53,-47.62,-52.82,-66.97,-52.52,-46.37,-60.30,-67.71,-55.59,-48.56,-59.64,-44.05,-59.03,2026-06-16 06:41:04+00:00
2026-06-16T06:42:04+00:00,-50.62,-64.55,-68.28,-60.46,-66.30,-47.72,-52.74,-67.23,-52.42,-46.47,-60.67,-67.74,-55.45,-48.60,-59.53,-44.39,-59.36,2026-06-16 06:42:04+00:00
2026-06-16T06:43:04+00:00,-51.18,-64.65,-68.23,-59.29,-66.65,-47.47,-52.76,-67.02,-52.75,-46.35,-60.65,-67.89,-56.85,-48.80,-59.71,-44.28,-59.07,2026-06-16 06:43:04+00:00
2026-06-16T06:44:03+00:00,-51.14,-64.40,-68.46,-59.15,-66.07,-47.67,-52.73,-67.01,-52.82,-46.39,-60.67,-67.83,-56.81,-48.93,-59.69,-44.13,-60.33,2026-06-16 06:44:03+00:00
2026-06-16T06:45:03+00:00,-48.52,-65.00,-57.60,-60.22,-66.33,-47.61,-51.75,-62.95,-52.17,-46.40,-60.76,-65.83,-57.36,-48.91,-59.46,-44.26,-58.64,2026-06-16 06:45:03+00:00
2026-06-16T06:46:04+00:00,-48.33,-64.61,-53.62,-60.04,-66.21,-47.41,-51.65,-65.69,-52.09,-46.40,-60.91,-63.31,-57.28,-49.25,-59.23,-44.31,-58.88,2026-06-16 06:46:04+00:00
2026-06-16T06:47:04+00:00,-48.67,-65.76,-56.49,-60.22,-67.42,-47.33,-51.71,-66.27,-51.61,-46.47,-60.63,-61.99,-56.71,-49.08,-51.70,-44.31,-59.13,2026-06-16 06:47:04+00:00
2026-06-16T06:48:03+00:00,-48.96,-63.88,-66.73,-59.30,-66.76,-47.16,-51.56,-57.94,-52.26,-46.26,-60.75,-68.59,-57.20,-49.05,-58.83,-44.41,-58.66,2026-06-16 06:48:03+00:00
2026-06-16T06:49:03+00:00,-49.00,-65.14,-56.53,-59.48,-66.13,-47.09,-51.77,-66.43,-51.17,-46.18,-61.14,-62.35,-56.38,-49.13,-55.30,-44.58,-59.50,2026-06-16 06:49:03+00:00
2026-06-16T06:50:03+00:00,-49.00,-63.99,-68.70,-60.92,-66.24,-47.15,-52.49,-66.70,-52.26,-46.21,-61.61,-68.62,-57.15,-49.38,-59.14,-44.46,-59.05,2026-06-16 06:50:03+00:00
2026-06-16T06:51:04+00:00,-49.23,-62.88,-68.08,-60.63,-66.76,-47.09,-52.40,-67.08,-54.50,-46.12,-61.75,-68.77,-57.20,-49.33,-58.77,-44.36,-60.18,2026-06-16 06:51:04+00:00
2026-06-16T06:52:04+00:00,-48.89,-63.77,-63.22,-60.76,-66.42,-47.03,-51.87,-66.41,-51.90,-45.95,-57.32,-66.78,-55.74,-49.42,-58.48,-44.28,-59.56,2026-06-16 06:52:04+00:00
2026-06-16T06:53:04+00:00,-49.21,-62.34,-55.19,-60.05,-65.97,-46.79,-51.62,-64.62,-54.66,-45.91,-61.47,-64.85,-57.20,-49.53,-59.68,-44.19,-59.88,2026-06-16 06:53:04+00:00
2026-06-16T06:54:03+00:00,-48.97,-63.43,-67.50,-56.30,-66.88,-47.08,-51.60,-53.79,-54.82,-45.99,-61.79,-68.69,-57.18,-49.47,-59.80,-44.16,-59.46,2026-06-16 06:54:03+00:00
2026-06-16T06:55:03+00:00,-49.55,-63.85,-65.14,-60.55,-65.77,-46.85,-51.78,-60.29,-57.89,-45.77,-62.12,-68.22,-56.98,-49.78,-59.41,-44.01,-59.49,2026-06-16 06:55:03+00:00
2026-06-16T06:56:03+00:00,-49.76,-62.87,-67.42,-59.75,-64.76,-46.65,-51.61,-55.84,-52.12,-45.68,-60.67,-68.77,-56.26,-49.13,-59.35,-43.99,-59.66,2026-06-16 06:56:03+00:00
2026-06-16T06:57:04+00:00,-50.02,-63.25,-65.26,-60.39,-67.10,-46.84,-51.83,-66.58,-51.37,-45.54,-60.80,-68.02,-55.71,-50.25,-59.13,-42.57,-59.84,2026-06-16 06:57:04+00:00
2026-06-16T06:58:04+00:00,-49.77,-63.05,-69.24,-60.21,-67.33,-46.75,-52.43,-66.42,-52.08,-45.37,-57.88,-68.56,-56.26,-50.36,-59.47,-43.59,-58.01,2026-06-16 06:58:04+00:00
2026-06-16T06:59:04+00:00,-50.26,-62.40,-69.45,-60.41,-66.50,-46.92,-52.95,-66.63,-51.79,-45.58,-56.20,-60.10,-55.83,-50.56,-59.71,-43.34,-59.43,2026-06-16 06:59:04+00:00
2026-06-16T07:00:03+00:00,-53.13,-62.84,-69.15,-60.53,-66.08,-46.88,-52.51,-66.75,-52.49,-45.60,-57.35,-67.39,-57.07,-50.64,-57.79,-43.38,-57.20,2026-06-16 07:00:03+00:00
2026-06-16T07:01:03+00:00,-52.25,-63.37,-69.32,-60.46,-66.34,-46.98,-52.64,-67.35,-52.38,-47.41,-57.18,-67.65,-57.08,-50.73,-59.58,-43.60,-59.21,2026-06-16 07:01:03+00:00
2026-06-16T07:02:04+00:00,-51.50,-60.18,-68.95,-60.27,-65.92,-46.71,-52.78,-67.12,-49.45,-60.37,-60.13,-68.38,-56.94,-50.90,-59.47,-43.70,-59.12,2026-06-16 07:02:04+00:00
2026-06-16T07:03:04+00:00,-50.74,-64.84,-56.12,-60.21,-66.50,-46.89,-54.65,-63.50,-49.42,-64.08,-61.93,-64.99,-57.20,-51.01,-59.80,-43.75,-58.83,2026-06-16 07:03:04+00:00
2026-06-16T07:04:04+00:00,-51.16,-62.57,-66.25,-59.46,-65.50,-46.88,-58.89,-66.32,-49.17,-63.92,-62.42,-67.84,-56.82,-51.12,-58.57,-43.50,-59.13,2026-06-16 07:04:04+00:00
2026-06-16T07:05:03+00:00,-51.12,-63.54,-69.02,-60.70,-66.11,-46.89,-60.90,-67.08,-49.50,-64.37,-61.85,-68.44,-57.00,-51.23,-58.62,-43.77,-58.72,2026-06-16 07:05:03+00:00
2026-06-16T07:06:03+00:00,-51.74,-61.82,-68.83,-57.99,-65.99,-46.82,-62.83,-67.21,-49.48,-64.59,-62.52,-67.86,-56.68,-51.06,-59.77,-43.77,-59.14,2026-06-16 07:06:03+00:00
2026-06-16T07:07:03+00:00,-51.77,-62.50,-67.96,-59.60,-66.59,-46.90,-62.92,-67.25,-49.56,-64.83,-63.18,-67.34,-55.98,-50.85,-59.42,-43.93,-58.77,2026-06-16 07:07:03+00:00
2026-06-16T07:08:04+00:00,-51.17,-64.37,-68.54,-60.43,-66.08,-47.01,-61.86,-66.76,-49.59,-64.72,-63.05,-67.92,-56.92,-51.08,-58.42,-43.90,-59.62,2026-06-16 07:08:04+00:00
2026-06-16T07:09:04+00:00,-50.82,-63.65,-62.47,-60.44,-65.91,-46.75,-58.07,-66.40,-48.97,-64.48,-62.64,-66.18,-55.92,-50.86,-58.72,-43.92,-59.57,2026-06-16 07:09:04+00:00
2026-06-16T07:10:04+00:00,-50.52,-63.60,-52.85,-57.11,-65.85,-46.75,-57.12,-65.58,-49.63,-64.52,-62.52,-60.29,-56.62,-50.93,-58.30,-44.11,-59.57,2026-06-16 07:10:04+00:00
2026-06-16T07:11:03+00:00,-51.31,-62.28,-68.01,-60.06,-65.56,-46.88,-56.64,-54.83,-52.38,-59.11,-61.78,-67.52,-56.48,-51.00,-59.76,-44.28,-59.24,2026-06-16 07:11:03+00:00
2026-06-16T07:12:03+00:00,-50.55,-63.60,-63.47,-60.53,-65.74,-46.82,-57.94,-61.12,-52.57,-63.90,-62.11,-67.29,-56.80,-51.06,-59.29,-44.28,-59.76,2026-06-16 07:12:03+00:00
2026-06-16T07:13:04+00:00,-50.75,-60.16,-66.89,-56.12,-66.32,-46.83,-57.00,-54.54,-52.73,-62.90,-61.36,-67.52,-56.72,-50.39,-59.49,-44.34,-59.55,2026-06-16 07:13:04+00:00
2026-06-16T07:14:04+00:00,-50.05,-63.60,-67.81,-59.50,-66.45,-46.85,-56.93,-52.22,-52.74,-61.80,-60.97,-67.93,-56.73,-50.64,-59.59,-44.45,-60.10,2026-06-16 07:14:04+00:00
2026-06-16T07:15:04+00:00,-50.29,-62.93,-61.94,-60.28,-65.71,-46.91,-58.11,-66.29,-50.79,-64.17,-61.90,-65.82,-55.80,-50.50,-57.86,-44.42,-59.79,2026-06-16 07:15:04+00:00
2026-06-16T07:16:03+00:00,-51.78,-62.74,-68.03,-60.31,-66.57,-46.81,-60.02,-66.80,-54.27,-64.24,-59.63,-67.99,-57.07,-50.40,-56.36,-44.67,-60.05,2026-06-16 07:16:03+00:00
2026-06-16T07:17:03+00:00,-51.55,-61.11,-68.69,-60.11,-66.13,-46.83,-64.38,-66.57,-59.92,-64.25,-61.89,-64.77,-54.95,-50.43,-59.38,-44.73,-60.19,2026-06-16 07:17:03+00:00
2026-06-16T07:18:03+00:00,-51.72,-60.63,-68.16,-59.26,-66.42,-46.95,-62.28,-66.39,-60.87,-63.90,-60.97,-67.45,-56.85,-49.98,-59.88,-44.69,-59.52,2026-06-16 07:18:03+00:00
2026-06-16T07:19:03+00:00,-50.91,-58.92,-69.01,-59.46,-65.54,-46.81,-62.90,-66.33,-60.72,-63.72,-60.84,-67.86,-56.69,-50.23,-59.59,-44.83,-60.08,2026-06-16 07:19:03+00:00
2026-06-16T07:20:04+00:00,-50.83,-60.93,-54.78,-60.26,-67.15,-49.23,-57.20,-66.06,-54.96,-63.51,-60.24,-60.53,-56.57,-50.18,-57.25,-44.92,-60.26,2026-06-16 07:20:04+00:00
2026-06-16T07:21:04+00:00,-50.94,-59.82,-64.73,-60.18,-66.68,-51.77,-58.08,-66.39,-53.70,-63.61,-60.28,-67.76,-56.21,-50.24,-58.58,-44.45,-59.06,2026-06-16 07:21:04+00:00
2026-06-16T07:22:03+00:00,-49.99,-58.42,-66.90,-59.04,-66.55,-52.10,-56.94,-63.77,-55.65,-62.81,-59.39,-68.16,-56.96,-50.22,-59.89,-45.51,-59.99,2026-06-16 07:22:03+00:00
2026-06-16T07:23:03+00:00,-50.63,-63.94,-68.25,-60.46,-66.54,-52.10,-56.43,-55.69,-55.59,-57.77,-44.14,-66.73,-56.71,-50.26,-60.01,-45.21,-55.63,2026-06-16 07:23:03+00:00
2026-06-16T07:24:03+00:00,-49.91,-65.30,-60.59,-60.32,-66.14,-51.83,-57.68,-67.13,-52.88,-63.69,-59.17,-65.19,-55.76,-50.39,-57.38,-45.25,-60.57,2026-06-16 07:24:03+00:00
2026-06-16T07:25:04+00:00,-50.37,-65.26,-69.32,-60.58,-66.24,-51.61,-60.85,-67.56,-56.18,-63.80,-59.45,-68.87,-56.91,-50.09,-58.37,-45.16,-60.40,2026-06-16 07:25:04+00:00
2026-06-16T07:26:04+00:00,-49.97,-66.26,-68.97,-60.14,-66.17,-51.50,-59.44,-67.11,-56.01,-62.73,-58.49,-68.83,-57.01,-50.59,-59.09,-45.41,-59.81,2026-06-16 07:26:04+00:00
2026-06-16T07:27:04+00:00,-50.93,-64.56,-68.83,-59.81,-66.07,-51.68,-60.64,-67.50,-56.23,-64.30,-57.56,-68.54,-56.92,-50.73,-59.76,-45.14,-60.17,2026-06-16 07:27:04+00:00
2026-06-16T07:28:03+00:00,-50.51,-66.20,-67.47,-60.40,-66.23,-51.57,-61.52,-67.29,-56.02,-64.04,-57.41,-66.87,-56.91,-51.04,-59.60,-45.13,-59.62,2026-06-16 07:28:03+00:00
2026-06-16T07:29:03+00:00,-49.59,-67.00,-67.16,-58.38,-66.60,-51.79,-56.21,-53.35,-55.40,-59.79,-58.41,-67.12,-56.63,-50.92,-59.70,-44.96,-59.70,2026-06-16 07:29:03+00:00
2026-06-16T07:30:04+00:00,-48.57,-65.38,-68.13,-60.49,-66.07,-51.62,-59.42,-66.40,-54.65,-64.06,-58.48,-69.23,-56.74,-51.34,-59.08,-45.42,-60.07,2026-06-16 07:30:04+00:00
2026-06-16T07:31:04+00:00,-48.92,-62.64,-68.47,-59.47,-65.62,-51.76,-61.03,-65.02,-54.87,-63.53,-58.09,-68.31,-56.76,-51.55,-59.81,-45.36,-58.42,2026-06-16 07:31:04+00:00
2026-06-16T07:32:03+00:00,-49.12,-62.73,-68.28,-60.40,-65.86,-51.65,-60.29,-66.45,-54.40,-63.60,-57.96,-67.65,-55.72,-51.74,-58.88,-45.64,-58.22,2026-06-16 07:32:03+00:00
2026-06-16T07:33:03+00:00,-48.62,-61.63,-68.06,-60.62,-65.84,-51.64,-58.03,-66.21,-54.39,-63.85,-58.45,-68.31,-57.20,-51.87,-58.90,-45.63,-60.13,2026-06-16 07:33:03+00:00
2026-06-16T07:34:03+00:00,-40.35,-63.04,-67.55,-59.49,-65.87,-51.70,-58.16,-66.67,-54.37,-62.69,-49.67,-67.53,-57.05,-52.15,-59.04,-45.56,-53.38,2026-06-16 07:34:03+00:00
2026-06-16T07:35:03+00:00,-40.53,-62.24,-69.06,-59.43,-65.62,-51.69,-58.44,-66.61,-57.70,-64.24,-58.36,-69.00,-57.06,-51.93,-59.13,-45.55,-56.03,2026-06-16 07:35:03+00:00
2026-06-16T07:36:04+00:00,-40.84,-62.08,-67.76,-60.11,-65.55,-51.68,-57.74,-65.60,-56.52,-63.85,-57.71,-69.15,-56.87,-52.18,-58.52,-45.78,-56.00,2026-06-16 07:36:04+00:00
2026-06-16T07:37:04+00:00,-40.35,-65.04,-64.80,-60.19,-66.40,-51.52,-57.08,-66.68,-54.63,-63.78,-57.82,-67.69,-56.32,-52.44,-58.52,-45.25,-55.70,2026-06-16 07:37:04+00:00
2026-06-16T07:38:03+00:00,-40.64,-61.01,-65.13,-59.93,-65.68,-51.74,-57.16,-65.79,-54.64,-63.92,-57.73,-67.86,-56.43,-52.56,-59.14,-44.94,-55.32,2026-06-16 07:38:03+00:00
2026-06-16T07:39:03+00:00,-40.40,-63.45,-67.76,-60.84,-66.77,-51.69,-58.84,-66.55,-55.78,-64.06,-57.80,-67.88,-56.88,-52.86,-58.76,-46.13,-55.27,2026-06-16 07:39:03+00:00
2026-06-16T07:40:04+00:00,-40.62,-66.14,-63.52,-59.85,-66.19,-51.68,-57.20,-67.01,-52.53,-63.01,-57.81,-66.54,-56.10,-53.01,-57.78,-45.95,-55.57,2026-06-16 07:40:04+00:00
2026-06-16T07:41:04+00:00,-40.91,-65.23,-62.65,-60.39,-66.58,-50.67,-57.18,-66.19,-49.23,-63.83,-58.36,-65.68,-55.63,-53.33,-57.67,-46.42,-54.77,2026-06-16 07:41:04+00:00
2026-06-16T07:42:03+00:00,-40.53,-65.16,-68.03,-53.54,-65.30,-50.39,-56.32,-54.21,-50.80,-63.18,-58.32,-68.78,-57.02,-52.51,-59.64,-46.45,-54.41,2026-06-16 07:42:03+00:00
2026-06-16T07:43:03+00:00,-41.32,-61.26,-67.42,-59.62,-65.73,-46.39,-56.44,-57.13,-50.54,-63.35,-58.11,-68.81,-56.98,-52.59,-59.36,-46.31,-54.54,2026-06-16 07:43:03+00:00
2026-06-16T07:44:03+00:00,-41.55,-65.58,-66.47,-58.69,-65.81,-46.49,-57.78,-66.53,-50.51,-63.25,-58.13,-68.33,-56.70,-53.61,-58.05,-46.28,-54.66,2026-06-16 07:44:03+00:00
2026-06-16T07:45:04+00:00,-48.90,-66.73,-53.46,-58.68,-65.95,-46.70,-56.29,-66.49,-50.78,-63.64,-57.52,-59.80,-56.83,-53.55,-59.09,-46.54,-54.75,2026-06-16 07:45:04+00:00
2026-06-16T07:46:04+00:00,-42.70,-66.37,-60.70,-59.94,-66.78,-46.39,-56.84,-66.98,-48.46,-63.66,-57.54,-65.40,-55.67,-53.61,-58.27,-46.13,-54.34,2026-06-16 07:46:04+00:00
2026-06-16T07:47:03+00:00,-42.01,-62.61,-68.65,-60.25,-65.75,-46.64,-58.76,-66.81,-49.08,-63.79,-57.79,-68.78,-57.05,-53.69,-59.60,-46.43,-54.59,2026-06-16 07:47:03+00:00
2026-06-16T07:48:03+00:00,-40.99,-63.92,-69.15,-60.37,-66.40,-46.50,-60.36,-66.28,-49.11,-64.04,-58.00,-60.02,-56.27,-53.94,-60.03,-46.22,-54.75,2026-06-16 07:48:03+00:00
2026-06-16T07:49:04+00:00,-51.11,-60.33,-69.29,-60.71,-66.04,-46.60,-60.07,-66.05,-49.25,-63.99,-58.09,-65.29,-57.07,-54.16,-59.93,-46.46,-60.20,2026-06-16 07:49:04+00:00
2026-06-16T07:50:04+00:00,-50.49,-60.01,-69.10,-60.55,-66.29,-46.59,-60.16,-65.40,-49.38,-64.13,-58.32,-63.27,-57.00,-54.51,-55.95,-46.49,-60.26,2026-06-16 07:50:04+00:00
2026-06-16T07:51:04+00:00,-49.41,-60.54,-68.92,-60.84,-66.43,-46.38,-60.63,-64.64,-49.31,-64.09,-58.31,-61.41,-56.68,-54.74,-53.20,-46.20,-60.09,2026-06-16 07:51:04+00:00
2026-06-16T07:52:03+00:00,-50.62,-63.75,-68.68,-60.69,-66.32,-46.52,-60.60,-65.46,-49.40,-63.63,-57.98,-61.24,-56.91,-55.06,-53.60,-46.29,-59.62,2026-06-16 07:52:03+00:00
2026-06-16T07:53:03+00:00,-49.83,-59.85,-69.11,-60.84,-66.66,-46.53,-60.08,-64.56,-49.31,-63.62,-57.85,-61.49,-56.59,-54.91,-53.39,-46.02,-59.85,2026-06-16 07:53:03+00:00
2026-06-16T07:54:03+00:00,-49.40,-60.53,-69.00,-58.89,-67.13,-46.64,-59.72,-65.66,-49.29,-64.15,-58.12,-68.08,-56.82,-54.95,-59.92,-45.98,-59.89,2026-06-16 07:54:03+00:00
2026-06-16T07:55:04+00:00,-49.20,-60.68,-65.93,-59.24,-65.91,-46.94,-59.77,-65.66,-48.24,-64.59,-58.03,-68.36,-56.93,-55.09,-59.82,-46.09,-59.26,2026-06-16 07:55:04+00:00
2026-06-16T07:56:04+00:00,-51.08,-64.40,-68.37,-59.35,-65.51,-46.71,-59.96,-66.66,-51.53,-64.13,-58.17,-67.89,-56.54,-55.19,-59.63,-46.08,-59.02,2026-06-16 07:56:04+00:00
2026-06-16T07:57:04+00:00,-50.15,-60.70,-68.78,-59.07,-66.74,-46.81,-62.84,-66.89,-51.55,-64.03,-58.13,-68.03,-56.64,-55.53,-59.50,-45.71,-57.72,2026-06-16 07:57:04+00:00
2026-06-16T07:58:03+00:00,-49.22,-59.45,-68.60,-59.30,-66.85,-46.83,-62.15,-66.50,-51.62,-49.36,-58.38,-67.90,-56.77,-55.94,-59.83,-45.92,-59.04,2026-06-16 07:58:03+00:00
2026-06-16T07:59:03+00:00,-51.14,-59.68,-67.93,-60.38,-66.46,-46.84,-61.96,-50.76,-51.57,-47.64,-58.28,-66.16,-54.72,-56.10,-60.00,-46.16,-58.99,2026-06-16 07:59:03+00:00
2026-06-16T08:00:04+00:00,-49.25,-60.23,-68.79,-60.59,-65.92,-46.84,-62.89,-50.68,-51.73,-46.71,-56.97,-62.14,-55.82,-56.20,-59.82,-46.07,-58.64,2026-06-16 08:00:04+00:00
2026-06-16T08:01:04+00:00,-50.54,-61.51,-68.61,-60.18,-66.59,-47.03,-62.82,-50.78,-54.84,-46.16,-58.44,-62.30,-55.83,-56.35,-59.37,-45.86,-59.42,2026-06-16 08:01:04+00:00
2026-06-16T08:02:04+00:00,-50.07,-61.11,-68.95,-60.55,-65.70,-46.91,-63.07,-50.68,-55.81,-45.93,-58.17,-62.35,-55.70,-56.48,-58.09,-45.93,-58.63,2026-06-16 08:02:04+00:00
2026-06-16T08:03:04+00:00,-50.21,-61.95,-68.37,-60.40,-65.90,-46.73,-63.42,-50.74,-56.67,-45.88,-58.31,-61.03,-56.01,-56.41,-58.30,-45.93,-56.91,2026-06-16 08:03:04+00:00
2026-06-16T08:04:03+00:00,-50.38,-59.92,-68.82,-60.46,-66.84,-46.84,-62.90,-50.77,-56.28,-45.79,-57.27,-60.90,-56.15,-56.52,-59.91,-46.09,-58.90,2026-06-16 08:04:03+00:00
2026-06-16T08:05:03+00:00,-49.96,-59.02,-68.82,-60.60,-66.26,-46.78,-62.82,-50.69,-54.00,-45.76,-58.25,-60.93,-56.36,-56.31,-59.89,-46.10,-59.22,2026-06-16 08:05:03+00:00
2026-06-16T08:06:04+00:00,-51.11,-58.31,-68.62,-60.86,-66.24,-46.76,-62.06,-50.68,-53.97,-45.58,-58.55,-59.66,-56.29,-56.60,-59.47,-45.99,-59.81,2026-06-16 08:06:04+00:00
2026-06-16T08:07:04+00:00,-50.78,-57.93,-68.64,-59.90,-66.17,-46.83,-62.00,-50.73,-54.94,-45.81,-58.14,-67.89,-56.32,-56.73,-59.44,-46.29,-59.84,2026-06-16 08:07:04+00:00
2026-06-16T08:08:03+00:00,-52.30,-57.93,-69.53,-59.81,-65.95,-46.54,-62.08,-50.71,-56.74,-45.75,-58.32,-68.52,-56.97,-57.17,-59.40,-46.43,-59.97,2026-06-16 08:08:03+00:00
2026-06-16T08:09:03+00:00,-51.41,-57.74,-68.79,-60.22,-66.21,-46.77,-62.66,-50.68,-56.55,-45.58,-58.33,-67.95,-56.20,-57.08,-59.28,-46.43,-60.07,2026-06-16 08:09:03+00:00
2026-06-16T08:10:04+00:00,-52.82,-58.98,-69.08,-59.81,-66.40,-46.76,-62.23,-50.65,-56.66,-45.70,-58.36,-68.03,-56.34,-57.80,-59.66,-46.31,-60.10,2026-06-16 08:10:04+00:00
2026-06-16T08:11:04+00:00,-52.30,-58.24,-68.50,-59.96,-66.00,-46.58,-62.15,-50.67,-56.76,-45.66,-58.17,-68.04,-56.14,-57.88,-59.79,-46.39,-60.24,2026-06-16 08:11:04+00:00
2026-06-16T08:12:04+00:00,-51.67,-58.20,-69.11,-60.42,-65.81,-46.80,-57.75,-50.62,-56.92,-45.88,-55.13,-68.48,-57.25,-58.53,-55.77,-46.33,-59.35,2026-06-16 08:12:04+00:00
2026-06-16T08:13:03+00:00,-51.14,-60.38,-69.06,-60.44,-65.88,-46.81,-57.74,-50.63,-54.48,-45.61,-57.58,-68.47,-57.31,-58.71,-57.69,-46.53,-59.65,2026-06-16 08:13:03+00:00
2026-06-16T08:14:03+00:00,-48.55,-61.38,-68.64,-60.16,-67.01,-51.81,-56.12,-48.78,-53.61,-45.57,-58.03,-68.04,-56.78,-58.67,-59.65,-46.58,-59.42,2026-06-16 08:14:03+00:00
2026-06-16T08:15:04+00:00,-48.55,-59.42,-55.62,-60.01,-66.72,-51.57,-56.94,-50.58,-52.98,-45.62,-58.26,-61.12,-56.68,-59.45,-53.94,-46.53,-59.35,2026-06-16 08:15:04+00:00
2026-06-16T08:16:04+00:00,-48.21,-60.04,-69.01,-59.26,-65.64,-51.61,-61.68,-50.61,-53.97,-45.59,-58.45,-68.21,-56.76,-59.33,-59.73,-46.49,-59.99,2026-06-16 08:16:04+00:00
2026-06-16T08:17:04+00:00,-47.97,-59.76,-68.94,-58.30,-65.53,-51.52,-60.63,-50.65,-54.33,-45.73,-58.19,-67.17,-57.14,-59.52,-59.88,-46.76,-55.66,2026-06-16 08:17:04+00:00
2026-06-16T08:18:03+00:00,-48.60,-60.37,-70.08,-60.92,-65.71,-51.54,-62.31,-50.62,-54.40,-45.78,-58.11,-65.23,-57.14,-60.68,-58.58,-46.62,-54.14,2026-06-16 08:18:03+00:00
2026-06-16T08:19:03+00:00,-48.94,-59.05,-54.21,-58.82,-66.88,-51.55,-56.68,-50.58,-53.83,-45.64,-57.82,-60.69,-56.70,-60.48,-56.65,-46.69,-54.14,2026-06-16 08:19:03+00:00
2026-06-16T08:20:03+00:00,-48.90,-59.56,-64.91,-60.23,-66.36,-51.66,-57.75,-50.44,-53.72,-45.67,-57.96,-67.90,-56.40,-60.84,-58.31,-46.30,-56.09,2026-06-16 08:20:03+00:00
2026-06-16T08:21:04+00:00,-48.75,-59.84,-69.50,-60.64,-65.96,-51.63,-62.10,-50.52,-56.60,-45.67,-58.26,-59.62,-56.19,-61.41,-59.48,-46.96,-54.24,2026-06-16 08:21:04+00:00
2026-06-16T08:22:04+00:00,-48.83,-59.55,-65.12,-60.93,-67.09,-51.67,-58.33,-50.45,-56.64,-45.68,-58.03,-62.60,-56.24,-61.51,-57.94,-46.97,-55.84,2026-06-16 08:22:04+00:00
2026-06-16T08:23:03+00:00,-48.66,-59.29,-60.08,-58.11,-66.21,-48.12,-57.23,-50.43,-56.18,-45.53,-57.84,-64.50,-55.49,-61.87,-58.41,-47.23,-54.06,2026-06-16 08:23:03+00:00
2026-06-16T08:24:03+00:00,-49.25,-59.00,-67.85,-58.35,-65.92,-48.15,-58.05,-50.52,-57.31,-45.65,-58.15,-61.60,-56.81,-62.27,-59.59,-47.41,-55.70,2026-06-16 08:24:03+00:00
2026-06-16T08:25:03+00:00,-49.05,-58.74,-67.82,-58.11,-65.77,-48.13,-57.75,-50.49,-57.27,-45.58,-57.99,-61.11,-56.73,-62.56,-59.54,-47.69,-55.95,2026-06-16 08:25:03+00:00
2026-06-16T08:26:04+00:00,-48.84,-59.63,-67.92,-58.40,-66.30,-48.29,-58.04,-50.57,-51.81,-45.95,-57.98,-60.99,-56.76,-62.80,-59.67,-47.75,-55.98,2026-06-16 08:26:04+00:00
2026-06-16T08:27:04+00:00,-49.37,-59.95,-69.57,-58.21,-65.74,-48.41,-61.71,-50.57,-51.85,-45.93,-57.93,-67.57,-57.12,-62.80,-59.45,-48.29,-56.28,2026-06-16 08:27:04+00:00
2026-06-16T08:28:04+00:00,-49.42,-58.60,-69.17,-57.98,-65.58,-48.28,-62.12,-50.57,-51.94,-45.84,-57.75,-64.57,-54.98,-63.32,-59.15,-48.28,-55.89,2026-06-16 08:28:04+00:00
2026-06-16T08:29:03+00:00,-52.52,-59.67,-69.12,-58.10,-66.39,-48.19,-62.37,-50.62,-52.43,-45.94,-58.00,-64.51,-54.73,-63.04,-59.40,-48.49,-55.82,2026-06-16 08:29:03+00:00
2026-06-16T08:30:03+00:00,-51.57,-59.12,-69.39,-58.22,-65.87,-48.55,-62.79,-50.51,-52.57,-45.87,-57.94,-60.75,-56.25,-63.28,-59.63,-48.51,-54.05,2026-06-16 08:30:03+00:00
2026-06-16T08:31:03+00:00,-51.69,-59.06,-69.62,-58.15,-66.43,-48.48,-63.40,-50.44,-50.36,-45.95,-57.97,-60.87,-56.30,-63.63,-59.64,-48.79,-56.21,2026-06-16 08:31:03+00:00
2026-06-16T08:32:04+00:00,-51.50,-58.63,-69.67,-57.86,-65.96,-48.10,-61.77,-50.39,-50.28,-45.85,-57.89,-59.04,-56.92,-63.77,-56.45,-48.83,-55.90,2026-06-16 08:32:04+00:00
2026-06-16T08:33:04+00:00,-51.49,-59.02,-69.42,-57.65,-66.38,-48.27,-62.84,-50.39,-50.19,-45.97,-58.01,-63.16,-57.06,-63.86,-58.42,-48.95,-56.07,2026-06-16 08:33:04+00:00
2026-06-16T08:34:03+00:00,-51.78,-59.63,-69.42,-57.67,-66.34,-48.40,-62.82,-50.45,-50.17,-45.76,-58.10,-66.43,-57.14,-63.98,-59.20,-49.06,-55.80,2026-06-16 08:34:03+00:00
2026-06-16T08:35:03+00:00,-51.53,-59.82,-69.76,-58.10,-65.86,-48.29,-62.22,-50.44,-50.08,-45.79,-58.16,-67.37,-56.96,-64.17,-59.64,-49.38,-56.15,2026-06-16 08:35:03+00:00
2026-06-16T08:36:04+00:00,-51.46,-59.71,-69.49,-58.25,-65.82,-48.22,-61.74,-50.38,-50.19,-45.72,-58.07,-67.56,-57.02,-64.28,-59.34,-49.32,-56.24,2026-06-16 08:36:04+00:00
2026-06-16T08:37:04+00:00,-51.23,-59.56,-69.79,-57.67,-66.72,-48.28,-61.95,-50.48,-50.13,-45.73,-58.41,-67.69,-57.08,-64.11,-59.44,-49.41,-55.91,2026-06-16 08:37:04+00:00
2026-06-16T08:38:04+00:00,-51.49,-59.83,-69.35,-57.80,-66.53,-48.52,-62.05,-50.53,-50.10,-45.86,-58.24,-67.89,-57.21,-63.92,-59.70,-49.29,-54.16,2026-06-16 08:38:04+00:00
2026-06-16T08:39:03+00:00,-50.91,-59.16,-69.28,-57.82,-66.21,-48.34,-61.73,-50.55,-50.09,-45.67,-58.17,-67.68,-57.03,-63.76,-60.10,-49.01,-55.77,2026-06-16 08:39:03+00:00
2026-06-16T08:40:03+00:00,-51.80,-59.01,-68.82,-57.36,-65.63,-48.07,-61.66,-50.57,-50.19,-45.59,-58.21,-67.75,-57.18,-63.68,-59.73,-49.00,-55.10,2026-06-16 08:40:03+00:00
2026-06-16T08:41:04+00:00,-51.25,-57.18,-69.34,-58.01,-66.55,-48.38,-62.79,-50.63,-52.74,-45.62,-55.69,-58.44,-56.75,-63.25,-59.63,-48.97,-56.10,2026-06-16 08:41:04+00:00
2026-06-16T08:42:04+00:00,-51.91,-58.97,-68.15,-57.81,-66.11,-48.39,-62.50,-50.52,-52.66,-45.66,-58.03,-66.61,-54.08,-63.46,-59.59,-48.94,-56.09,2026-06-16 08:42:04+00:00
2026-06-16T08:43:03+00:00,-51.35,-59.38,-68.38,-56.66,-66.57,-48.37,-62.83,-50.56,-52.60,-45.59,-57.90,-65.94,-54.31,-63.38,-59.72,-48.77,-54.27,2026-06-16 08:43:03+00:00
2026-06-16T08:44:03+00:00,-50.99,-59.23,-67.84,-56.72,-65.88,-48.28,-62.71,-50.58,-52.58,-45.69,-55.82,-65.74,-54.00,-63.39,-59.91,-48.77,-54.24,2026-06-16 08:44:03+00:00
2026-06-16T08:45:04+00:00,-52.17,-59.84,-68.94,-57.23,-66.12,-48.28,-62.69,-50.59,-52.38,-45.63,-58.10,-63.97,-54.99,-63.11,-59.48,-48.68,-55.67,2026-06-16 08:45:04+00:00
2026-06-16T08:46:03+00:00,-51.51,-59.48,-69.15,-57.18,-66.11,-48.34,-62.70,-50.63,-58.91,-45.73,-56.15,-60.49,-56.29,-62.95,-59.67,-48.68,-55.58,2026-06-16 08:46:03+00:00
2026-06-16T08:47:04+00:00,-51.61,-60.21,-69.56,-57.52,-66.36,-48.32,-62.74,-50.57,-57.77,-45.83,-58.10,-58.55,-56.74,-62.62,-59.77,-48.59,-56.08,2026-06-16 08:47:04+00:00
2026-06-16T08:48:04+00:00,-52.14,-60.12,-69.36,-57.07,-66.21,-48.47,-61.30,-50.69,-58.80,-45.66,-57.93,-58.19,-56.85,-63.10,-59.46,-48.43,-55.71,2026-06-16 08:48:04+00:00
2026-06-16T08:49:03+00:00,-52.16,-60.29,-69.16,-58.02,-65.94,-48.39,-61.64,-50.63,-57.18,-45.68,-58.18,-59.46,-56.83,-63.21,-56.91,-48.15,-54.19,2026-06-16 08:49:03+00:00
2026-06-16T08:50:03+00:00,-51.72,-59.97,-69.17,-57.04,-65.90,-48.30,-61.64,-50.68,-55.08,-45.80,-58.13,-59.49,-56.85,-63.26,-56.82,-48.59,-56.07,2026-06-16 08:50:03+00:00
2026-06-16T08:51:03+00:00,-51.51,-60.29,-69.15,-56.19,-66.46,-48.14,-61.20,-50.72,-54.51,-45.72,-58.04,-59.56,-56.78,-63.09,-56.88,-48.31,-56.06,2026-06-16 08:51:03+00:00
2026-06-16T08:52:04+00:00,-51.41,-60.78,-69.15,-55.70,-66.15,-48.68,-62.56,-50.72,-54.45,-45.77,-57.94,-58.49,-56.42,-62.36,-59.87,-48.44,-54.17,2026-06-16 08:52:04+00:00
2026-06-16T08:53:04+00:00,-51.53,-60.32,-68.45,-57.12,-66.10,-48.22,-61.47,-50.74,-54.00,-45.84,-58.00,-63.13,-55.25,-62.12,-59.88,-48.25,-54.18,2026-06-16 08:53:04+00:00
2026-06-16T08:54:03+00:00,-51.12,-59.54,-68.54,-55.97,-66.23,-48.32,-62.34,-50.79,-54.15,-45.82,-58.18,-60.85,-56.02,-62.15,-59.70,-48.36,-53.78,2026-06-16 08:54:03+00:00
2026-06-16T08:55:03+00:00,-51.64,-59.39,-68.67,-57.31,-66.82,-48.42,-62.22,-50.76,-54.06,-45.81,-57.97,-60.81,-56.05,-61.39,-59.84,-48.18,-55.98,2026-06-16 08:55:03+00:00
2026-06-16T08:56:04+00:00,-50.58,-59.62,-68.61,-57.64,-66.14,-48.22,-62.08,-50.76,-54.07,-45.83,-57.99,-59.80,-56.44,-61.49,-59.60,-48.49,-54.39,2026-06-16 08:56:04+00:00
2026-06-16T08:57:04+00:00,-51.30,-60.20,-68.58,-57.11,-66.02,-48.13,-61.56,-50.74,-54.27,-45.78,-57.75,-58.01,-56.70,-61.16,-59.22,-48.34,-55.78,2026-06-16 08:57:04+00:00
2026-06-16T08:58:04+00:00,-51.13,-60.01,-68.48,-56.18,-66.38,-48.03,-61.83,-50.77,-54.26,-45.74,-57.93,-57.89,-56.84,-60.73,-59.25,-48.21,-55.88,2026-06-16 08:58:04+00:00
2026-06-16T08:59:03+00:00,-49.53,-59.91,-68.54,-56.71,-66.01,-48.08,-61.90,-50.73,-53.68,-45.72,-57.57,-57.96,-56.72,-60.56,-59.48,-48.11,-56.23,2026-06-16 08:59:03+00:00
2026-06-16T09:00:03+00:00,-49.32,-60.16,-68.55,-55.52,-66.19,-48.12,-62.24,-50.69,-53.36,-45.72,-57.69,-58.05,-56.89,-60.13,-59.29,-48.08,-55.80,2026-06-16 09:00:03+00:00
2026-06-16T09:01:03+00:00,-49.25,-60.32,-68.78,-55.66,-65.55,-48.69,-62.03,-50.69,-53.41,-45.68,-57.73,-58.19,-56.67,-60.14,-59.34,-48.21,-54.18,2026-06-16 09:01:03+00:00
2026-06-16T09:02:03+00:00,-48.70,-60.13,-68.87,-56.90,-65.56,-46.79,-60.93,-50.72,-53.37,-45.75,-57.75,-58.64,-56.78,-60.07,-58.99,-48.21,-56.11,2026-06-16 09:02:03+00:00
2026-06-16T09:03:04+00:00,-49.32,-59.39,-68.29,-56.32,-66.72,-47.77,-59.20,-51.10,-53.37,-45.73,-54.84,-58.62,-56.60,-60.13,-58.57,-48.15,-56.08,2026-06-16 09:03:04+00:00
2026-06-16T09:04:04+00:00,-49.40,-59.85,-68.46,-55.97,-65.62,-47.49,-59.70,-51.07,-53.71,-45.81,-55.47,-60.21,-56.69,-60.13,-54.38,-48.20,-54.36,2026-06-16 09:04:04+00:00
2026-06-16T09:05:03+00:00,-49.35,-59.36,-67.97,-54.59,-65.95,-45.14,-60.32,-51.08,-54.88,-45.77,-53.83,-62.37,-56.56,-60.29,-56.33,-47.97,-55.94,2026-06-16 09:05:03+00:00
2026-06-16T09:06:03+00:00,-49.62,-57.26,-67.82,-56.44,-66.20,-45.03,-58.42,-50.90,-54.86,-45.91,-57.16,-62.27,-56.52,-60.25,-56.14,-48.03,-54.53,2026-06-16 09:06:03+00:00
2026-06-16T09:07:03+00:00,-49.19,-58.73,-68.19,-56.27,-65.65,-45.20,-58.70,-51.04,-54.79,-45.88,-55.32,-63.21,-56.25,-60.45,-58.23,-48.16,-55.86,2026-06-16 09:07:03+00:00
2026-06-16T09:08:04+00:00,-47.29,-58.10,-68.64,-56.75,-65.86,-44.91,-58.33,-51.09,-54.82,-45.78,-55.34,-63.96,-56.13,-60.25,-59.38,-48.03,-54.24,2026-06-16 09:08:04+00:00
2026-06-16T09:09:04+00:00,-49.01,-58.54,-68.45,-56.58,-65.95,-44.98,-58.85,-50.97,-55.15,-46.04,-55.35,-64.02,-56.15,-60.74,-59.20,-47.97,-56.03,2026-06-16 09:09:04+00:00
2026-06-16T09:10:04+00:00,-48.85,-58.76,-67.95,-56.45,-65.56,-45.00,-59.07,-51.00,-51.27,-45.97,-55.08,-59.94,-55.48,-60.80,-59.91,-47.70,-56.23,2026-06-16 09:10:04+00:00
2026-06-16T09:11:03+00:00,-48.91,-59.22,-67.86,-55.82,-65.96,-45.11,-59.12,-50.97,-51.08,-46.03,-55.06,-60.80,-55.43,-60.44,-59.78,-47.99,-54.26,2026-06-16 09:11:03+00:00
2026-06-16T09:12:03+00:00,-48.64,-58.34,-67.85,-57.15,-66.11,-45.08,-60.12,-50.96,-51.05,-45.99,-54.97,-58.86,-55.55,-60.97,-59.66,-47.96,-55.91,2026-06-16 09:12:03+00:00
2026-06-16T09:13:04+00:00,-49.15,-59.32,-68.00,-59.87,-65.65,-46.10,-59.95,-50.94,-50.96,-45.86,-54.49,-57.86,-56.21,-60.37,-59.92,-48.15,-56.00,2026-06-16 09:13:04+00:00
2026-06-16T09:14:04+00:00,-51.38,-59.30,-68.21,-56.84,-66.24,-45.12,-60.45,-50.87,-51.08,-45.75,-53.47,-57.62,-56.20,-60.36,-59.21,-48.27,-56.30,2026-06-16 09:14:04+00:00
2026-06-16T09:15:04+00:00,-51.38,-60.22,-67.94,-56.71,-67.53,-45.19,-59.80,-50.89,-51.07,-45.63,-53.38,-59.01,-55.95,-60.56,-57.50,-48.30,-55.90,2026-06-16 09:15:04+00:00
2026-06-16T09:16:03+00:00,-51.70,-60.00,-68.30,-56.99,-65.51,-45.39,-60.05,-50.84,-49.22,-45.80,-53.39,-59.84,-56.21,-60.22,-55.45,-48.45,-54.31,2026-06-16 09:16:03+00:00
2026-06-16T09:17:03+00:00,-51.00,-60.45,-67.88,-57.09,-65.55,-45.04,-61.36,-51.04,-49.12,-45.69,-53.08,-64.04,-56.22,-60.03,-59.35,-48.44,-54.17,2026-06-16 09:17:03+00:00
2026-06-16T09:18:03+00:00,-50.68,-60.68,-68.49,-56.39,-66.08,-45.17,-61.17,-51.07,-48.95,-45.68,-51.83,-66.57,-56.22,-60.44,-59.85,-48.34,-56.09,2026-06-16 09:18:03+00:00
2026-06-16T09:19:04+00:00,-50.70,-60.49,-68.08,-56.81,-66.54,-45.19,-61.77,-51.16,-48.95,-45.19,-52.00,-67.21,-56.26,-60.47,-60.16,-48.27,-54.46,2026-06-16 09:19:04+00:00
2026-06-16T09:20:04+00:00,-50.63,-60.81,-68.27,-56.32,-66.32,-45.09,-61.28,-51.21,-49.06,-45.23,-52.29,-67.54,-56.37,-60.35,-59.89,-48.23,-54.27,2026-06-16 09:20:04+00:00
2026-06-16T09:21:04+00:00,-51.68,-61.24,-67.86,-56.92,-67.24,-45.16,-60.63,-51.14,-49.28,-45.40,-53.36,-67.49,-56.25,-60.48,-59.71,-48.08,-54.47,2026-06-16 09:21:04+00:00
2026-06-16T09:22:03+00:00,-53.34,-60.58,-68.84,-56.78,-66.23,-44.96,-61.04,-51.16,-49.98,-45.10,-53.14,-68.04,-56.51,-60.02,-59.56,-48.19,-54.29,2026-06-16 09:22:03+00:00
2026-06-16T09:23:03+00:00,-52.30,-61.48,-69.22,-55.23,-65.92,-45.02,-60.71,-51.20,-49.86,-45.07,-52.00,-67.87,-56.15,-60.32,-59.95,-48.09,-55.59,2026-06-16 09:23:03+00:00
2026-06-16T09:24:04+00:00,-52.73,-61.28,-69.08,-56.50,-65.29,-44.98,-61.61,-51.15,-49.84,-45.12,-51.80,-67.76,-56.35,-60.41,-59.80,-47.76,-55.83,2026-06-16 09:24:04+00:00
2026-06-16T09:25:04+00:00,-52.82,-60.62,-69.22,-57.54,-66.42,-45.18,-61.14,-51.14,-52.55,-45.07,-51.12,-66.84,-56.36,-60.17,-59.90,-48.08,-55.78,2026-06-16 09:25:04+00:00
2026-06-16T09:26:03+00:00,-52.66,-61.38,-69.09,-57.74,-65.86,-44.97,-53.78,-51.05,-52.44,-44.89,-51.82,-62.29,-61.18,-60.09,-55.92,-48.21,-55.86,2026-06-16 09:26:03+00:00
2026-06-16T09:27:03+00:00,-53.05,-60.16,-69.07,-56.17,-65.51,-45.13,-51.59,-51.12,-52.46,-44.95,-51.75,-63.82,-56.39,-59.90,-59.31,-47.98,-55.82,2026-06-16 09:27:03+00:00
2026-06-16T09:28:03+00:00,-50.96,-60.72,-69.09,-56.35,-65.66,-45.15,-51.49,-51.10,-51.58,-44.86,-52.34,-64.02,-56.54,-60.02,-59.62,-48.21,-54.19,2026-06-16 09:28:03+00:00
2026-06-16T09:29:04+00:00,-51.27,-60.42,-68.85,-56.69,-65.82,-45.38,-51.30,-51.05,-51.54,-44.85,-52.49,-64.21,-56.53,-60.04,-59.62,-47.97,-55.76,2026-06-16 09:29:04+00:00
2026-06-16T09:30:04+00:00,-50.59,-60.66,-68.78,-56.62,-66.70,-45.24,-50.90,-51.10,-51.35,-44.95,-51.46,-64.25,-56.45,-59.81,-59.30,-47.82,-55.95,2026-06-16 09:30:04+00:00
2026-06-16T09:31:04+00:00,-50.70,-60.99,-68.70,-56.19,-65.76,-45.45,-50.81,-51.07,-56.18,-44.78,-51.43,-64.47,-56.52,-60.21,-59.44,-48.02,-54.20,2026-06-16 09:31:04+00:00
2026-06-16T09:32:04+00:00,-50.78,-60.57,-68.58,-55.91,-66.51,-45.33,-50.83,-51.23,-57.18,-44.81,-51.33,-64.45,-56.42,-60.10,-59.50,-48.03,-54.23,2026-06-16 09:32:04+00:00
2026-06-16T09:33:03+00:00,-51.05,-60.95,-68.07,-56.55,-65.79,-45.22,-50.73,-51.11,-56.88,-45.04,-51.39,-64.28,-56.45,-59.92,-59.80,-48.18,-54.77,2026-06-16 09:33:03+00:00
2026-06-16T09:34:03+00:00,-50.97,-60.61,-68.76,-56.90,-65.88,-45.26,-50.72,-51.11,-56.14,-45.09,-51.39,-64.92,-56.65,-59.74,-59.10,-48.54,-55.86,2026-06-16 09:34:03+00:00
2026-06-16T09:35:04+00:00,-50.60,-60.89,-68.52,-56.71,-66.44,-45.39,-50.68,-51.06,-54.69,-44.99,-51.41,-66.14,-56.72,-59.72,-58.65,-48.29,-54.16,2026-06-16 09:35:04+00:00
2026-06-16T09:36:04+00:00,-50.43,-60.20,-68.57,-57.04,-66.00,-45.11,-50.77,-51.02,-54.41,-44.86,-51.21,-65.71,-56.46,-59.78,-59.16,-48.39,-54.58,2026-06-16 09:36:04+00:00
2026-06-16T09:37:04+00:00,-50.84,-60.13,-68.53,-56.54,-66.38,-45.36,-50.66,-51.07,-54.89,-44.87,-50.77,-64.39,-56.56,-59.81,-59.46,-48.79,-54.15,2026-06-16 09:37:04+00:00
2026-06-16T09:38:04+00:00,-50.98,-60.40,-68.87,-55.21,-66.37,-45.27,-50.61,-51.04,-54.44,-44.92,-51.26,-64.14,-56.42,-59.41,-59.86,-48.51,-55.06,2026-06-16 09:38:04+00:00
2026-06-16T09:39:03+00:00,-50.86,-60.66,-69.11,-56.96,-66.83,-45.53,-50.49,-51.04,-54.51,-44.81,-51.42,-66.29,-56.46,-59.34,-59.69,-48.79,-55.84,2026-06-16 09:39:03+00:00
2026-06-16T09:40:03+00:00,-50.98,-60.04,-68.95,-56.98,-67.02,-45.38,-50.70,-51.09,-54.49,-45.11,-51.09,-66.24,-56.55,-59.14,-59.85,-48.64,-55.55,2026-06-16 09:40:03+00:00
2026-06-16T09:41:04+00:00,-50.90,-59.09,-68.66,-56.79,-65.88,-45.24,-50.59,-51.03,-54.63,-44.77,-51.13,-66.41,-56.55,-59.15,-59.78,-48.86,-55.72,2026-06-16 09:41:04+00:00
2026-06-16T09:42:04+00:00,-51.60,-59.43,-66.66,-55.94,-66.30,-45.22,-50.61,-51.07,-54.79,-44.79,-51.13,-60.27,-56.61,-59.20,-59.92,-48.94,-56.17,2026-06-16 09:42:04+00:00
2026-06-16T09:43:03+00:00,-50.85,-59.81,-65.80,-56.34,-66.46,-45.15,-50.65,-51.07,-54.83,-44.80,-51.40,-60.48,-56.63,-59.04,-59.63,-49.22,-54.22,2026-06-16 09:43:03+00:00
2026-06-16T09:44:03+00:00,-48.82,-56.91,-66.12,-56.11,-66.46,-45.28,-50.64,-50.97,-54.49,-44.77,-50.73,-58.50,-56.44,-59.29,-53.69,-49.25,-54.19,2026-06-16 09:44:03+00:00
2026-06-16T09:45:04+00:00,-48.95,-57.59,-67.59,-55.48,-65.43,-45.24,-50.68,-50.98,-54.63,-44.75,-51.40,-58.71,-56.22,-59.57,-55.00,-49.13,-55.72,2026-06-16 09:45:04+00:00
2026-06-16T09:46:04+00:00,-49.21,-58.19,-67.69,-55.71,-66.21,-45.17,-50.37,-51.00,-54.54,-44.88,-51.20,-60.79,-56.38,-59.27,-56.18,-48.97,-55.80,2026-06-16 09:46:04+00:00
2026-06-16T09:47:04+00:00,-49.14,-58.70,-67.80,-56.55,-66.14,-44.94,-50.49,-50.97,-54.72,-44.62,-51.22,-63.14,-56.66,-59.49,-59.68,-49.47,-54.16,2026-06-16 09:47:04+00:00
2026-06-16T09:48:03+00:00,-49.16,-58.41,-67.50,-55.27,-66.39,-45.07,-50.54,-50.91,-55.08,-44.73,-51.36,-64.98,-56.74,-59.59,-59.68,-49.47,-55.78,2026-06-16 09:48:03+00:00
2026-06-16T09:49:03+00:00,-49.10,-58.94,-68.38,-56.66,-66.61,-45.23,-50.70,-50.97,-55.42,-44.80,-51.27,-67.39,-56.38,-59.70,-60.24,-49.48,-54.21,2026-06-16 09:49:03+00:00
2026-06-16T09:50:03+00:00,-49.13,-58.95,-68.71,-55.90,-65.58,-45.30,-50.46,-50.97,-57.90,-44.80,-51.30,-67.55,-56.51,-59.63,-59.60,-49.80,-56.00,2026-06-16 09:50:03+00:00
2026-06-16T09:51:04+00:00,-49.10,-59.05,-68.52,-55.71,-66.30,-45.22,-50.53,-50.95,-58.06,-44.70,-51.35,-67.58,-56.42,-59.53,-60.16,-49.38,-54.16,2026-06-16 09:51:04+00:00
2026-06-16T09:52:04+00:00,-48.07,-59.29,-68.40,-56.04,-65.82,-45.40,-50.46,-50.95,-57.86,-44.87,-51.32,-67.26,-56.44,-59.20,-59.93,-49.44,-56.14,2026-06-16 09:52:04+00:00
2026-06-16T09:53:03+00:00,-49.17,-59.42,-68.24,-56.96,-65.14,-45.21,-50.49,-51.02,-57.65,-44.84,-51.48,-67.69,-56.34,-59.26,-59.77,-49.18,-54.11,2026-06-16 09:53:03+00:00
2026-06-16T09:54:03+00:00,-49.03,-59.56,-67.77,-55.91,-65.66,-45.28,-50.51,-50.96,-57.50,-44.56,-51.30,-65.13,-56.39,-58.89,-60.43,-49.37,-55.73,2026-06-16 09:54:03+00:00
2026-06-16T09:55:04+00:00,-48.82,-59.80,-66.43,-55.30,-66.03,-45.29,-50.59,-50.89,-51.57,-44.67,-51.37,-63.07,-56.44,-58.97,-59.27,-49.13,-54.14,2026-06-16 09:55:04+00:00
2026-06-16T09:56:04+00:00,-49.10,-59.96,-67.64,-56.45,-66.87,-45.35,-50.54,-50.78,-51.66,-44.54,-51.32,-59.04,-56.31,-58.61,-55.07,-49.25,-55.89,2026-06-16 09:56:04+00:00
2026-06-16T09:57:04+00:00,-49.08,-59.04,-67.37,-55.95,-67.06,-45.21,-50.52,-50.82,-51.61,-44.72,-51.35,-57.06,-56.37,-58.43,-59.26,-49.34,-55.81,2026-06-16 09:57:04+00:00
2026-06-16T09:58:03+00:00,-49.11,-58.23,-60.43,-54.14,-59.62,-45.59,-50.67,-50.74,-51.71,-44.81,-50.81,-56.92,-55.79,-56.23,-55.93,-48.98,-55.35,2026-06-16 09:58:03+00:00
2026-06-16T09:59:03+00:00,-51.14,-58.91,-67.14,-55.48,-66.57,-45.01,-50.32,-50.74,-51.85,-44.60,-51.29,-57.82,-56.37,-58.17,-57.54,-49.52,-54.87,2026-06-16 09:59:03+00:00
2026-06-16T10:00:03+00:00,-51.55,-59.20,-67.42,-56.64,-65.98,-45.27,-50.66,-50.63,-51.87,-44.91,-52.43,-60.35,-56.63,-58.08,-57.26,-49.30,-53.42,2026-06-16 10:00:03+00:00
2026-06-16T10:01:03+00:00,-51.53,-58.78,-67.37,-56.68,-66.90,-45.73,-50.51,-50.82,-49.76,-45.06,-53.13,-60.74,-56.52,-58.05,-58.14,-49.33,-54.24,2026-06-16 10:01:03+00:00
2026-06-16T10:02:04+00:00,-51.60,-58.62,-67.02,-56.66,-67.05,-45.24,-50.62,-50.85,-49.54,-45.32,-53.89,-61.28,-56.60,-57.87,-59.33,-49.48,-53.32,2026-06-16 10:02:04+00:00
2026-06-16T10:03:04+00:00,-51.77,-59.74,-67.49,-56.22,-66.68,-45.30,-50.58,-50.85,-49.51,-45.42,-55.31,-61.85,-56.73,-57.78,-60.07,-49.20,-55.80,2026-06-16 10:03:04+00:00
2026-06-16T10:04:03+00:00,-50.37,-59.41,-67.11,-56.53,-66.28,-45.22,-50.70,-50.84,-49.34,-45.23,-54.59,-62.13,-56.63,-58.12,-59.64,-49.22,-54.09,2026-06-16 10:04:03+00:00
2026-06-16T10:05:03+00:00,-50.84,-59.62,-65.89,-56.28,-66.00,-45.43,-50.75,-50.88,-49.40,-45.34,-54.57,-62.12,-56.46,-57.77,-59.59,-49.37,-53.17,2026-06-16 10:05:03+00:00
2026-06-16T10:06:03+00:00,-49.96,-58.65,-66.50,-56.73,-65.56,-45.28,-50.71,-50.82,-49.12,-45.17,-54.48,-61.76,-56.36,-57.73,-59.25,-49.36,-54.69,2026-06-16 10:06:03+00:00
2026-06-16T10:07:03+00:00,-49.31,-59.13,-66.36,-57.29,-66.17,-45.31,-50.80,-50.79,-49.15,-45.48,-54.54,-61.68,-56.20,-57.76,-58.99,-49.37,-49.85,2026-06-16 10:07:03+00:00
2026-06-16T10:08:03+00:00,-49.89,-58.74,-66.43,-56.58,-66.92,-45.63,-50.92,-50.75,-49.11,-45.37,-54.68,-60.98,-56.20,-57.55,-59.02,-49.49,-53.31,2026-06-16 10:08:03+00:00
2026-06-16T10:09:04+00:00,-49.18,-59.36,-66.19,-56.54,-66.03,-45.42,-50.78,-50.83,-49.11,-45.39,-54.46,-61.21,-56.41,-57.45,-59.25,-49.36,-53.33,2026-06-16 10:09:04+00:00
2026-06-16T10:10:04+00:00,-49.42,-59.16,-65.65,-56.24,-66.85,-45.44,-50.76,-50.84,-51.27,-45.40,-54.40,-60.82,-56.31,-57.32,-59.71,-49.31,-54.71,2026-06-16 10:10:04+00:00
2026-06-16T10:11:03+00:00,-49.21,-59.31,-65.02,-55.84,-66.21,-45.66,-50.79,-50.88,-51.35,-46.20,-56.73,-61.08,-56.07,-57.25,-60.01,-49.71,-55.69,2026-06-16 10:11:03+00:00
2026-06-16T10:12:03+00:00,-48.89,-61.67,-65.72,-56.01,-66.25,-45.51,-50.73,-50.79,-51.52,-46.19,-55.05,-61.97,-56.06,-57.41,-59.60,-49.54,-55.61,2026-06-16 10:12:03+00:00
2026-06-16T10:13:04+00:00,-49.27,-60.94,-66.58,-56.93,-65.84,-45.53,-50.81,-50.80,-51.45,-46.10,-56.77,-62.58,-56.31,-57.39,-59.81,-49.58,-53.13,2026-06-16 10:13:04+00:00
2026-06-16T10:14:04+00:00,-52.03,-60.61,-66.45,-56.28,-65.91,-45.48,-50.82,-50.78,-51.46,-46.26,-56.87,-63.28,-56.23,-57.12,-59.71,-49.45,-53.12,2026-06-16 10:14:04+00:00
2026-06-16T10:15:03+00:00,-51.86,-59.49,-66.38,-56.02,-66.38,-45.55,-50.72,-50.70,-51.51,-46.14,-56.76,-63.35,-56.31,-57.00,-59.74,-49.56,-54.68,2026-06-16 10:15:03+00:00
2026-06-16T10:16:03+00:00,-51.88,-59.85,-65.91,-55.45,-65.81,-45.43,-50.63,-50.79,-56.51,-46.35,-56.56,-62.37,-56.08,-56.78,-59.95,-49.70,-53.14,2026-06-16 10:16:03+00:00
2026-06-16T10:17:04+00:00,-50.90,-59.59,-65.33,-55.63,-66.08,-45.67,-50.53,-50.80,-56.03,-46.27,-55.53,-61.45,-56.52,-56.74,-59.34,-49.64,-53.21,2026-06-16 10:17:04+00:00
2026-06-16T10:18:04+00:00,-51.28,-59.65,-66.02,-57.09,-65.50,-45.61,-50.70,-50.80,-55.78,-46.16,-56.79,-63.05,-56.53,-56.42,-58.93,-49.77,-55.84,2026-06-16 10:18:04+00:00
2026-06-16T10:19:04+00:00,-50.78,-60.67,-66.50,-56.13,-66.41,-45.66,-50.62,-50.78,-55.00,-46.25,-56.61,-60.87,-56.24,-56.51,-56.35,-49.81,-52.70,2026-06-16 10:19:04+00:00
2026-06-16T10:20:03+00:00,-51.60,-61.23,-66.43,-56.31,-66.51,-45.69,-50.47,-50.87,-53.50,-46.35,-56.59,-61.76,-56.49,-56.44,-59.23,-50.25,-55.83,2026-06-16 10:20:03+00:00
2026-06-16T10:21:03+00:00,-51.33,-60.12,-66.53,-55.90,-65.86,-45.39,-50.52,-50.77,-53.51,-46.34,-56.49,-61.79,-56.41,-56.39,-58.95,-49.65,-56.17,2026-06-16 10:21:03+00:00
2026-06-16T10:22:04+00:00,-52.07,-59.90,-66.61,-56.67,-67.05,-45.40,-50.46,-50.59,-53.62,-46.28,-56.81,-62.09,-56.46,-56.30,-58.93,-49.88,-55.93,2026-06-16 10:22:04+00:00
2026-06-16T10:23:04+00:00,-51.78,-60.08,-66.39,-56.93,-66.60,-45.62,-50.54,-50.62,-53.45,-46.32,-56.55,-62.48,-56.27,-56.41,-59.77,-50.03,-55.82,2026-06-16 10:23:04+00:00
2026-06-16T10:24:03+00:00,-51.77,-60.64,-66.97,-57.19,-66.49,-45.52,-50.47,-50.60,-53.44,-46.26,-56.75,-63.28,-56.36,-56.28,-59.57,-50.16,-55.90,2026-06-16 10:24:03+00:00
2026-06-16T10:30:04+00:00,-50.60,-59.13,-66.98,-56.46,-65.83,-45.52,-50.63,-50.67,-55.79,-46.22,-55.73,-59.83,-56.59,-56.50,-59.10,-50.23,-55.80,2026-06-16 10:30:04+00:00
2026-06-16T10:31:04+00:00,-50.07,-59.68,-67.32,-54.90,-66.24,-45.26,-50.53,-50.67,-55.75,-46.41,-56.36,-59.66,-56.18,-56.35,-58.04,-50.37,-53.39,2026-06-16 10:31:04+00:00
2026-06-16T10:31:08+00:00,-56.28,-54.89,-39.53,-44.59,-53.91,-22.50,-22.31,-22.83,-44.26,-23.81,-29.49,-39.94,-39.09,-78.66,,,-40,2026-06-16 10:31:08+00:00
2026-06-16T10:31:09+00:00,-54.89,-39.53,-76.68,-77.86,0,-65.01,-65.32,-76.08,,-66.36,-84.33,-55.49,-78.66,-80.21,-67.42,-57.46,-49.95,2026-06-16 10:31:09+00:00
2026-06-16T10:32:45+00:00,-50.40,-58.79,-66.50,-55.74,-66.58,-45.62,-50.58,-50.77,-55.57,-46.48,-56.58,-59.92,-56.46,-56.52,-59.72,-50.32,-55.97,2026-06-16 10:32:45+00:00
2026-06-16T10:33:03+00:00,-50.61,-58.52,-66.56,-56.40,-65.78,-45.57,-50.42,-50.84,-55.59,-46.36,-56.49,-60.07,-56.35,-56.68,-59.92,-50.71,-55.83,2026-06-16 10:33:03+00:00
2026-06-16T10:34:06+00:00,-50.70,-60.39,-66.66,-55.87,-67.00,-45.47,-50.33,-50.77,-55.92,-46.35,-56.62,-60.79,-56.56,-56.37,-59.28,-50.54,-55.68,2026-06-16 10:34:06+00:00
2026-06-16T10:35:04+00:00,-49.52,-60.28,-66.79,-56.27,-66.18,-45.61,-50.28,-50.83,-56.11,-46.41,-56.50,-61.17,-56.50,-56.64,-59.27,-50.67,-54.07,2026-06-16 10:35:04+00:00
2026-06-16T10:36:03+00:00,-49.62,-60.28,-66.33,-55.11,-65.50,-45.79,-50.58,-50.79,-55.98,-46.35,-56.55,-61.36,-56.71,-56.53,-59.44,-50.64,-55.94,2026-06-16 10:36:03+00:00
2026-06-16T10:37:03+00:00,-48.93,-58.99,-66.52,-56.23,-66.42,-45.66,-50.70,-50.82,-55.70,-46.30,-56.43,-61.44,-56.51,-56.47,-59.61,-50.88,-55.77,2026-06-16 10:37:03+00:00
2026-06-16T10:38:03+00:00,-49.29,-58.40,-66.23,-55.99,-66.56,-45.67,-50.55,-50.82,-56.59,-46.25,-56.51,-62.03,-56.59,-56.43,-59.32,-50.84,-55.84,2026-06-16 10:38:03+00:00
2026-06-16T10:39:04+00:00,-49.41,-58.71,-66.43,-56.24,-66.29,-45.63,-50.54,-50.89,-56.88,-46.30,-56.50,-62.38,-56.69,-56.16,-59.66,-50.60,-55.71,2026-06-16 10:39:04+00:00
2026-06-16T10:40:04+00:00,-49.30,-59.43,-66.22,-56.84,-66.29,-45.71,-50.33,-50.81,-51.60,-46.30,-56.50,-62.71,-56.69,-56.02,-59.67,-50.60,-55.64,2026-06-16 10:40:04+00:00
2026-06-16T10:41:05+00:00,-49.36,-59.05,-66.14,-56.94,-66.59,-45.65,-50.62,-50.81,-51.54,-46.08,-56.51,-63.23,-56.57,-56.04,-59.69,-50.57,-54.35,2026-06-16 10:41:05+00:00
2026-06-16T10:42:04+00:00,-49.46,-58.85,-66.07,-57.34,-66.01,-45.93,-50.52,-50.67,-51.99,-46.26,-56.58,-61.61,-56.46,-55.92,-59.03,-50.55,-55.63,2026-06-16 10:42:04+00:00
2026-06-16T10:43:03+00:00,-49.53,-58.78,-65.43,-56.64,-66.20,-45.79,-50.56,-50.72,-51.85,-46.27,-56.40,-58.33,-56.29,-55.67,-56.83,-50.74,-54.22,2026-06-16 10:43:03+00:00
2026-06-16T10:44:04+00:00,-52.29,-59.04,-65.24,-56.70,-66.16,-45.49,-50.32,-50.71,-52.28,-46.39,-55.99,-59.24,-56.44,-55.74,-53.74,-50.61,-54.26,2026-06-16 10:44:04+00:00
2026-06-16T10:45:13+00:00,-52.50,-59.10,-65.16,-57.39,-66.64,-45.43,-50.49,-50.77,-51.69,-46.35,-56.24,-58.96,-56.34,-55.59,-53.90,-50.81,-55.87,2026-06-16 10:45:13+00:00
2026-06-16T10:46:03+00:00,-51.53,-58.86,-65.23,-57.21,-65.46,-45.72,-50.51,-50.78,-49.91,-46.30,-56.02,-60.95,-56.59,-55.40,-59.02,-50.96,-54.32,2026-06-16 10:46:03+00:00
2026-06-16T10:47:04+00:00,-51.87,-58.44,-65.36,-56.54,-66.30,-45.81,-50.66,-50.73,-49.80,-46.27,-54.77,-61.72,-56.75,-55.36,-58.32,-51.08,-56.11,2026-06-16 10:47:04+00:00
2026-06-16T10:48:04+00:00,-51.69,-58.20,-64.55,-57.20,-66.83,-45.66,-50.81,-50.84,-49.78,-46.21,-56.03,-61.20,-56.58,-55.26,-59.75,-51.47,-54.53,2026-06-16 10:48:04+00:00
2026-06-16T10:49:04+00:00,-51.75,-59.40,-64.59,-56.02,-65.98,-45.71,-50.85,-50.72,-49.85,-46.29,-54.62,-61.26,-56.68,-55.27,-59.62,-51.66,-55.91,2026-06-16 10:49:04+00:00
2026-06-16T10:51:34+00:00,-54.66,-39.90,-54.79,0,0,-96.58,-40.93,-49.89,-63.53,-50.01,-72.13,-55.23,-55.13,0,0,0,-52.07,2026-06-16 10:51:34+00:00
2026-06-16T10:52:04+00:00,-51.63,-58.83,-64.42,-56.65,-66.45,-45.60,-50.95,-50.91,-49.95,-46.06,-56.24,-59.58,-54.00,-55.00,-59.56,-51.75,-55.24,2026-06-16 10:52:04+00:00
2026-06-16T10:53:04+00:00,-51.65,-58.27,-63.98,-56.63,-66.83,-45.64,-50.32,-50.86,-52.16,-46.10,-56.41,-60.72,-56.44,-55.03,-58.92,-51.70,-59.69,2026-06-16 10:53:04+00:00
2026-06-16T10:54:04+00:00,-51.78,-58.95,-65.09,-56.20,-66.75,-45.68,-50.37,-50.77,-51.79,-46.07,-56.11,-60.78,-56.65,-54.95,-58.43,-52.26,-60.15,2026-06-16 10:54:04+00:00
2026-06-16T10:55:04+00:00,-51.71,-58.81,-66.34,-56.38,-66.08,-45.70,-50.74,-50.83,-52.15,-46.22,-56.29,-60.89,-56.78,-54.83,-59.69,-51.81,-59.93,2026-06-16 10:55:04+00:00
2026-06-16T10:56:04+00:00,-51.76,-59.28,-66.15,-57.15,-66.38,-45.80,-50.90,-50.70,-51.92,-46.07,-56.17,-58.56,-55.49,-54.78,-59.93,-52.21,-59.76,2026-06-16 10:56:04+00:00
2026-06-16T10:57:04+00:00,-51.87,-58.42,-66.12,-56.33,-66.52,-45.84,-50.72,-50.47,-52.04,-46.27,-56.18,-55.83,-56.47,-54.75,-59.48,-52.34,-58.76,2026-06-16 10:57:04+00:00
2026-06-16T10:58:03+00:00,-51.90,-59.06,-66.56,-56.84,-66.18,-45.70,-50.64,-50.46,-52.04,-46.29,-56.00,-59.34,-56.72,-55.08,-59.69,-52.47,-59.00,2026-06-16 10:58:03+00:00
2026-06-16T10:59:03+00:00,-51.95,-57.59,-66.37,-57.41,-66.77,-45.61,-50.99,-50.47,-52.08,-46.26,-54.85,-59.34,-56.73,-54.70,-58.99,-52.56,-59.66,2026-06-16 10:59:03+00:00
2026-06-16T11:00:03+00:00,-52.13,-58.96,-66.36,-56.65,-64.92,-45.94,-51.02,-50.47,-52.03,-46.41,-56.24,-59.67,-56.72,-54.65,-59.33,-52.45,-59.60,2026-06-16 11:00:03+00:00
2026-06-16T11:01:03+00:00,-51.82,-58.88,-66.36,-56.57,-66.39,-45.84,-50.97,-50.50,-58.52,-46.49,-55.96,-59.69,-56.69,-54.61,-59.54,-52.30,-59.83,2026-06-16 11:01:03+00:00
2026-06-16T11:02:03+00:00,-51.76,-59.09,-66.08,-56.44,-66.73,-45.57,-50.97,-50.53,-59.55,-46.62,-56.14,-59.48,-56.60,-54.41,-59.70,-52.43,-59.92,2026-06-16 11:02:03+00:00
2026-06-16T11:03:03+00:00,-51.43,-57.81,-66.21,-56.00,-66.46,-45.89,-50.94,-50.37,-58.71,-46.49,-56.19,-59.09,-56.65,-54.47,-59.49,-52.32,-60.25,2026-06-16 11:03:03+00:00
2026-06-16T11:04:04+00:00,-51.08,-59.36,-66.04,-56.00,-64.94,-45.96,-51.05,-50.59,-57.68,-46.49,-55.98,-58.95,-56.75,-54.53,-58.69,-52.30,-55.24,2026-06-16 11:04:04+00:00
2026-06-16T11:05:04+00:00,-51.37,-58.90,-65.64,-55.52,-66.16,-45.87,-50.91,-50.87,-53.74,-46.47,-56.04,-56.45,-56.51,-54.61,-55.34,-52.20,-55.23,2026-06-16 11:05:04+00:00
2026-06-16T11:06:04+00:00,-51.76,-58.75,-66.26,-55.38,-66.80,-46.38,-50.89,-50.76,-52.19,-46.53,-56.05,-57.45,-56.30,-54.59,-53.57,-51.76,-56.55,2026-06-16 11:06:04+00:00
2026-06-16T11:07:03+00:00,-51.99,-58.55,-65.80,-55.39,-66.37,-46.09,-50.69,-50.78,-52.18,-46.41,-55.92,-57.20,-56.69,-54.68,-53.36,-51.81,-53.93,2026-06-16 11:07:03+00:00
2026-06-16T11:08:03+00:00,-52.23,-57.87,-65.71,-55.58,-65.43,-46.13,-50.89,-50.65,-52.21,-46.37,-56.07,-58.27,-56.59,-54.91,-54.24,-51.71,-54.70,2026-06-16 11:08:03+00:00
2026-06-16T11:09:04+00:00,-51.90,-58.08,-65.61,-55.91,-66.23,-45.95,-50.97,-50.80,-52.08,-46.22,-55.84,-61.43,-56.62,-54.99,-59.47,-51.87,-54.64,2026-06-16 11:09:04+00:00
2026-06-16T11:10:04+00:00,-51.63,-60.51,-66.17,-55.65,-65.82,-45.96,-50.78,-51.21,-52.06,-46.26,-54.49,-63.13,-56.77,-54.87,-59.78,-51.31,-56.34,2026-06-16 11:10:04+00:00
2026-06-16T11:11:04+00:00,-51.62,-60.27,-66.23,-59.10,-65.99,-47.16,-50.91,-51.16,-51.88,-46.14,-55.68,-63.07,-51.52,-54.86,-57.82,-51.50,-54.59,2026-06-16 11:11:04+00:00
2026-06-16T11:12:03+00:00,-51.54,-58.53,-66.28,-59.71,-66.99,-47.08,-50.95,-50.88,-51.72,-46.02,-55.68,-62.51,-51.27,-55.05,-58.21,-51.45,-56.41,2026-06-16 11:12:03+00:00
2026-06-16T11:13:03+00:00,-51.94,-57.72,-66.17,-60.25,-66.96,-47.10,-50.98,-50.79,-51.59,-46.06,-54.49,-63.22,-52.03,-55.23,-57.63,-51.32,-56.03,2026-06-16 11:13:03+00:00
2026-06-16T11:14:04+00:00,-49.28,-57.61,-65.44,-60.18,-65.63,-46.85,-51.06,-50.68,-51.50,-46.13,-55.48,-62.39,-51.78,-55.08,-57.29,-51.03,-55.18,2026-06-16 11:14:04+00:00
2026-06-16T11:15:04+00:00,-49.22,-57.62,-65.80,-60.20,-65.51,-47.03,-50.93,-50.66,-51.30,-46.11,-55.77,-61.60,-51.44,-54.90,-57.41,-50.95,-56.15,2026-06-16 11:15:04+00:00
2026-06-16T11:16:04+00:00,-48.96,-58.07,-65.77,-60.18,-66.34,-46.86,-50.79,-50.74,-51.20,-46.13,-55.33,-60.90,-51.13,-55.19,-59.73,-50.76,-54.77,2026-06-16 11:16:04+00:00
2026-06-16T11:17:03+00:00,-49.29,-58.79,-65.85,-59.86,-66.19,-47.15,-51.11,-50.76,-51.40,-45.97,-55.42,-60.13,-51.25,-55.23,-59.17,-50.94,-54.81,2026-06-16 11:17:03+00:00
2026-06-16T11:18:03+00:00,-48.92,-58.60,-66.40,-59.99,-65.71,-47.00,-51.09,-50.71,-51.34,-46.12,-55.31,-59.57,-50.53,-55.44,-59.90,-51.29,-56.38,2026-06-16 11:18:03+00:00
2026-06-16T11:19:03+00:00,-49.19,-58.30,-64.45,-60.20,-66.60,-47.24,-50.93,-50.67,-51.36,-46.18,-55.38,-58.76,-50.25,-55.29,-59.78,-51.08,-54.76,2026-06-16 11:19:03+00:00
2026-06-16T11:20:03+00:00,-49.15,-57.77,-65.59,-59.53,-65.85,-46.91,-50.99,-50.79,-52.95,-46.27,-54.96,-58.56,-50.91,-55.58,-59.57,-51.09,-54.75,2026-06-16 11:20:03+00:00
2026-06-16T11:21:03+00:00,-49.12,-58.76,-65.18,-59.87,-65.79,-46.87,-50.87,-50.63,-53.13,-46.02,-55.59,-58.47,-50.85,-55.75,-59.96,-51.49,-55.37,2026-06-16 11:21:03+00:00
2026-06-16T11:22:04+00:00,-49.29,-58.78,-64.33,-60.03,-66.76,-46.94,-50.86,-50.76,-53.26,-46.05,-55.50,-58.36,-49.76,-55.68,-59.63,-51.40,-56.58,2026-06-16 11:22:04+00:00
2026-06-16T11:23:04+00:00,-49.24,-58.98,-65.90,-59.98,-65.58,-46.98,-50.90,-50.71,-53.41,-46.02,-55.82,-58.20,-49.59,-55.84,-59.17,-51.63,-56.64,2026-06-16 11:23:04+00:00
2026-06-16T11:24:04+00:00,-49.44,-58.50,-65.33,-59.83,-66.81,-47.10,-50.87,-50.76,-53.39,-46.37,-55.60,-58.20,-51.44,-55.84,-59.14,-51.45,-54.69,2026-06-16 11:24:04+00:00
2026-06-16T11:25:04+00:00,-49.49,-58.22,-65.47,-59.75,-66.34,-47.13,-50.91,-50.75,-53.36,-46.09,-55.97,-58.15,-51.46,-55.92,-58.75,-51.32,-56.38,2026-06-16 11:25:04+00:00
2026-06-16T11:26:04+00:00,-49.27,-58.03,-65.53,-59.42,-66.90,-51.50,-50.84,-50.77,-53.47,-46.15,-55.86,-58.10,-51.44,-56.05,-59.07,-51.51,-56.44,2026-06-16 11:26:04+00:00
2026-06-16T11:27:04+00:00,-49.29,-57.70,-65.48,-59.81,-67.10,-51.39,-51.17,-50.73,-53.55,-46.08,-55.83,-58.00,-51.22,-56.20,-59.91,-51.59,-55.72,2026-06-16 11:27:04+00:00
2026-06-16T11:28:03+00:00,-49.56,-57.52,-65.99,-59.72,-65.66,-51.63,-50.91,-50.67,-53.65,-46.14,-55.37,-58.21,-51.23,-55.91,-59.70,-51.51,-54.58,2026-06-16 11:28:03+00:00
2026-06-16T11:29:03+00:00,-52.40,-58.49,-66.60,-59.91,-65.88,-51.65,-51.05,-50.64,-54.47,-46.05,-55.47,-58.24,-49.21,-56.55,-58.99,-52.12,-56.29,2026-06-16 11:29:03+00:00
2026-06-16T11:30:04+00:00,-51.68,-58.45,-66.60,-59.91,-65.44,-51.51,-51.00,-50.57,-52.69,-46.06,-55.42,-57.88,-49.81,-56.22,-59.55,-51.94,-56.23,2026-06-16 11:30:04+00:00
2026-06-16T11:31:04+00:00,-51.12,-58.16,-66.04,-59.45,-65.66,-51.45,-51.04,-50.54,-50.62,-46.04,-54.03,-56.98,-49.75,-56.69,-54.52,-52.25,-55.02,2026-06-16 11:31:04+00:00
2026-06-16T11:32:03+00:00,-51.17,-58.68,-66.22,-59.51,-66.19,-51.34,-51.11,-50.60,-50.52,-46.06,-54.04,-56.79,-49.53,-56.69,-53.28,-51.98,-56.15,2026-06-16 11:32:03+00:00
2026-06-16T11:33:03+00:00,-50.80,-57.92,-66.27,-59.51,-66.29,-51.34,-50.89,-50.57,-50.50,-45.97,-53.66,-56.43,-49.51,-56.56,-55.80,-52.08,-55.21,2026-06-16 11:33:03+00:00
2026-06-16T11:34:03+00:00,-51.36,-57.97,-65.89,-59.62,-66.70,-51.36,-50.92,-50.53,-50.46,-46.11,-53.75,-56.48,-49.54,-56.72,-54.14,-52.03,-54.79,2026-06-16 11:34:03+00:00
2026-06-16T11:35:04+00:00,-51.74,-58.59,-66.60,-59.46,-66.51,-51.21,-50.77,-50.33,-50.51,-45.94,-54.14,-57.82,-49.66,-56.51,-58.66,-52.28,-56.65,2026-06-16 11:35:04+00:00
2026-06-16T11:36:04+00:00,-51.58,-58.72,-66.01,-59.41,-66.43,-51.53,-50.86,-50.30,-50.44,-46.17,-53.77,-57.02,-49.70,-56.50,-59.61,-51.86,-54.83,2026-06-16 11:36:04+00:00
2026-06-16T11:37:04+00:00,-51.42,-58.61,-66.42,-59.79,-66.40,-51.38,-50.82,-50.60,-50.36,-46.17,-54.44,-57.99,-49.77,-56.60,-59.90,-51.93,-54.51,2026-06-16 11:37:04+00:00
2026-06-16T11:38:03+00:00,-51.44,-58.25,-66.53,-59.87,-66.59,-51.46,-50.86,-50.63,-50.36,-46.23,-53.67,-58.16,-49.71,-56.45,-59.77,-51.96,-56.13,2026-06-16 11:38:03+00:00
2026-06-16T11:39:03+00:00,-51.49,-58.25,-66.33,-59.79,-66.28,-51.26,-50.86,-50.56,-50.50,-46.40,-54.18,-57.85,-49.67,-56.32,-59.62,-52.12,-56.47,2026-06-16 11:39:03+00:00
2026-06-16T11:40:03+00:00,-51.74,-58.16,-66.17,-59.65,-66.04,-51.33,-50.97,-50.55,-50.58,-46.32,-54.19,-57.81,-49.74,-56.46,-59.97,-51.80,-56.04,2026-06-16 11:40:03+00:00
2026-06-16T11:41:04+00:00,-52.09,-58.76,-66.50,-59.70,-66.61,-51.47,-51.04,-50.54,-50.28,-46.46,-53.52,-57.35,-49.61,-56.35,-59.38,-52.22,-56.33,2026-06-16 11:41:04+00:00
2026-06-16T11:42:04+00:00,-52.36,-58.24,-66.57,-59.90,-66.66,-51.35,-51.10,-50.54,-50.71,-46.44,-53.71,-56.99,-49.74,-56.26,-59.24,-51.91,-54.51,2026-06-16 11:42:04+00:00
2026-06-16T11:43:04+00:00,-51.74,-57.39,-66.47,-59.91,-66.31,-51.48,-51.06,-50.51,-50.41,-46.62,-53.32,-56.96,-49.68,-56.46,-59.04,-52.39,-54.61,2026-06-16 11:43:04+00:00
2026-06-16T11:44:04+00:00,-50.41,-58.08,-66.59,-59.31,-66.10,-51.62,-51.02,-50.79,-50.72,-46.65,-53.68,-56.85,-49.73,-56.38,-59.47,-51.95,-54.60,2026-06-16 11:44:04+00:00
2026-06-16T11:45:03+00:00,-51.54,-58.46,-66.49,-59.59,-66.79,-51.28,-50.99,-50.82,-53.33,-46.63,-53.44,-56.85,-49.71,-56.20,-59.49,-52.09,-56.01,2026-06-16 11:45:03+00:00
2026-06-16T11:46:03+00:00,-52.94,-58.27,-66.77,-59.66,-65.71,-50.55,-50.87,-50.78,-55.85,-46.68,-52.25,-56.96,-49.63,-56.14,-60.07,-51.90,-56.03,2026-06-16 11:46:03+00:00
2026-06-16T11:47:04+00:00,-53.92,-56.91,-66.87,-59.14,-66.68,-50.59,-50.93,-50.67,-56.22,-46.71,-53.14,-56.92,-49.59,-55.96,-59.83,-51.93,-56.51,2026-06-16 11:47:04+00:00
2026-06-16T11:48:04+00:00,-53.85,-59.13,-66.47,-59.70,-65.40,-48.71,-50.79,-50.49,-55.81,-46.84,-53.44,-57.04,-49.68,-56.19,-59.84,-51.62,-56.05,2026-06-16 11:48:04+00:00
2026-06-16T11:49:04+00:00,-53.75,-58.28,-66.78,-59.77,-66.60,-46.75,-50.90,-50.57,-54.21,-46.61,-53.12,-57.11,-49.64,-55.82,-59.98,-51.62,-54.55,2026-06-16 11:49:04+00:00
2026-06-16T11:50:03+00:00,-51.68,-58.44,-66.39,-59.65,-65.76,-46.82,-51.05,-51.18,-53.26,-46.76,-54.66,-57.14,-49.98,-56.02,-59.61,-51.23,-54.56,2026-06-16 11:50:03+00:00
2026-06-16T11:51:03+00:00,-50.51,-58.13,-66.21,-59.08,-66.47,-47.05,-50.88,-50.64,-53.32,-46.45,-54.34,-56.42,-49.93,-55.55,-59.20,-51.47,-56.27,2026-06-16 11:51:03+00:00
2026-06-16T11:52:04+00:00,-49.65,-58.20,-65.56,-59.26,-66.16,-46.92,-50.95,-50.36,-52.69,-46.52,-54.45,-56.57,-49.58,-55.50,-56.95,-51.22,-55.94,2026-06-16 11:52:04+00:00
2026-06-16T11:53:04+00:00,-49.66,-57.49,-65.51,-59.52,-66.45,-46.93,-50.93,-50.14,-53.52,-46.29,-53.44,-56.70,-49.78,-55.40,-53.25,-51.14,-54.59,2026-06-16 11:53:04+00:00
2026-06-16T11:54:04+00:00,-49.98,-58.38,-65.98,-59.40,-66.29,-47.01,-51.07,-50.18,-53.48,-46.19,-52.68,-56.35,-51.63,-55.56,-53.70,-50.97,-54.44,2026-06-16 11:54:04+00:00
2026-06-16T11:55:03+00:00,-49.81,-57.85,-66.35,-59.13,-66.55,-47.03,-51.20,-50.79,-53.77,-46.12,-52.40,-57.96,-51.48,-55.29,-59.38,-51.07,-56.23,2026-06-16 11:55:03+00:00
2026-06-16T11:56:03+00:00,-49.88,-57.51,-66.42,-59.11,-66.31,-47.02,-50.90,-50.32,-54.08,-45.95,-52.95,-59.06,-50.82,-55.41,-59.89,-51.12,-55.91,2026-06-16 11:56:03+00:00
2026-06-16T11:57:04+00:00,-50.58,-58.35,-66.11,-58.99,-65.30,-47.07,-50.77,-50.40,-53.76,-45.88,-52.74,-59.12,-50.75,-55.20,-59.84,-51.07,-56.01,2026-06-16 11:57:04+00:00
2026-06-16T11:58:04+00:00,-50.08,-58.67,-66.24,-59.07,-66.24,-47.06,-51.08,-50.32,-53.76,-46.05,-52.89,-58.50,-50.08,-55.21,-60.26,-50.94,-54.66,2026-06-16 11:58:04+00:00
2026-06-16T11:59:04+00:00,-51.02,-58.14,-66.11,-58.87,-65.98,-47.36,-50.94,-50.31,-53.70,-45.94,-53.02,-58.36,-50.03,-55.39,-59.69,-50.93,-54.54,2026-06-16 11:59:04+00:00
2026-06-16T12:00:03+00:00,-50.90,-59.04,-66.26,-59.16,-66.32,-47.40,-50.92,-50.33,-53.62,-45.86,-53.21,-58.09,-50.02,-55.57,-60.06,-50.94,-56.08,2026-06-16 12:00:03+00:00
2026-06-16T12:01:04+00:00,-50.80,-57.77,-66.49,-59.00,-66.23,-47.26,-51.00,-50.18,-53.87,-45.94,-52.93,-57.89,-50.09,-55.46,-59.98,-50.67,-54.24,2026-06-16 12:01:04+00:00
2026-06-16T12:02:03+00:00,-51.33,-58.29,-66.69,-58.94,-65.86,-47.22,-50.89,-50.28,-53.96,-45.99,-52.78,-57.93,-50.04,-55.73,-59.96,-50.75,-56.52,2026-06-16 12:02:03+00:00
2026-06-16T12:03:04+00:00,-51.19,-58.93,-67.74,-58.82,-66.74,-47.13,-50.94,-50.25,-54.56,-46.15,-52.78,-57.58,-50.10,-56.02,-59.71,-50.40,-54.58,2026-06-16 12:03:04+00:00
2026-06-16T12:04:04+00:00,-50.94,-58.53,-67.10,-59.32,-66.39,-47.12,-50.94,-50.44,-57.69,-46.14,-52.71,-57.38,-49.92,-56.21,-59.67,-50.66,-54.50,2026-06-16 12:04:04+00:00
2026-06-16T12:05:04+00:00,-50.91,-57.84,-67.12,-59.16,-66.39,-47.09,-51.05,-50.27,-58.84,-46.21,-52.69,-57.10,-49.83,-56.12,-59.53,-50.53,-55.92,2026-06-16 12:05:04+00:00
2026-06-16T12:06:03+00:00,-50.77,-58.26,-67.19,-59.88,-66.96,-46.97,-50.39,-50.18,-59.08,-46.01,-52.55,-57.28,-50.11,-56.26,-55.86,-50.24,-55.94,2026-06-16 12:06:03+00:00
2026-06-16T12:07:04+00:00,-50.91,-59.25,-66.78,-59.73,-66.40,-46.90,-50.22,-50.02,-59.96,-46.17,-52.72,-57.07,-50.06,-56.69,-57.89,-49.83,-55.97,2026-06-16 12:07:04+00:00
2026-06-16T12:08:04+00:00,-50.32,-58.29,-66.97,-59.29,-66.74,-46.98,-49.91,-47.91,-59.96,-46.12,-52.53,-57.20,-49.93,-56.37,-59.87,-50.29,-59.67,2026-06-16 12:08:04+00:00
2026-06-16T12:09:03+00:00,-50.59,-58.06,-55.01,-59.39,-65.60,-47.04,-50.15,-49.90,-57.41,-46.30,-52.64,-55.93,-49.99,-56.79,-54.22,-50.65,-59.70,2026-06-16 12:09:03+00:00
2026-06-16T12:10:03+00:00,-51.22,-58.45,-67.07,-58.96,-66.13,-46.94,-50.83,-49.65,-60.75,-46.23,-52.72,-57.27,-50.03,-56.47,-59.69,-50.59,-60.06,2026-06-16 12:10:03+00:00
2026-06-16T12:11:04+00:00,-50.53,-58.24,-67.14,-59.14,-66.31,-47.07,-50.82,-49.57,-61.00,-46.33,-51.82,-57.31,-50.09,-56.39,-59.73,-50.62,-59.94,2026-06-16 12:11:04+00:00
2026-06-16T12:12:35+00:00,-49.87,-58.73,-67.27,-59.89,-66.90,-47.14,-51.02,-49.66,-63.74,-46.23,-51.74,-57.68,-50.11,-56.44,-59.12,-51.09,-60.14,2026-06-16 12:12:35+00:00
2026-06-16T12:13:03+00:00,-50.11,-58.03,-67.32,-60.04,-65.88,-47.14,-50.84,-49.72,-63.95,-46.22,-51.87,-58.39,-50.03,-56.73,-59.50,-51.26,-60.19,2026-06-16 12:13:03+00:00
2026-06-16T12:14:04+00:00,-50.47,-58.25,-65.95,-59.15,-66.05,-47.02,-50.53,-49.60,-62.85,-46.31,-51.26,-58.17,-50.10,-56.16,-59.42,-51.36,-59.58,2026-06-16 12:14:04+00:00
2026-06-16T12:15:04+00:00,-50.58,-58.17,-65.81,-55.17,-65.84,-47.13,-50.62,-49.61,-52.72,-46.29,-51.50,-58.47,-50.09,-56.63,-59.19,-50.99,-59.17,2026-06-16 12:15:04+00:00
2026-06-16T12:16:03+00:00,-50.87,-58.33,-66.82,-59.06,-66.54,-46.89,-50.61,-49.58,-52.55,-46.34,-51.70,-58.62,-49.74,-56.76,-59.09,-51.71,-59.57,2026-06-16 12:16:03+00:00
2026-06-16T12:17:03+00:00,-50.57,-58.78,-66.72,-59.18,-65.77,-47.19,-50.74,-49.64,-52.55,-46.36,-51.48,-58.41,-49.65,-56.75,-59.74,-51.43,-59.19,2026-06-16 12:17:03+00:00
2026-06-16T12:18:03+00:00,-50.65,-58.20,-67.06,-59.50,-66.38,-47.28,-50.69,-49.65,-52.54,-46.24,-51.54,-58.88,-49.75,-57.11,-59.63,-51.31,-59.86,2026-06-16 12:18:03+00:00
2026-06-16T12:19:03+00:00,-50.05,-57.68,-66.70,-59.33,-65.93,-47.29,-50.89,-49.71,-52.47,-46.24,-50.89,-59.35,-49.74,-57.17,-59.65,-51.54,-59.84,2026-06-16 12:19:03+00:00
2026-06-16T12:20:04+00:00,-50.78,-57.85,-66.14,-57.84,-65.74,-47.34,-50.55,-49.63,-52.29,-46.10,-51.24,-59.80,-49.64,-57.30,-59.79,-50.96,-55.89,2026-06-16 12:20:04+00:00
2026-06-16T12:21:04+00:00,-50.09,-58.88,-66.83,-59.46,-66.60,-47.37,-50.75,-49.62,-52.36,-46.16,-51.59,-59.39,-49.76,-57.57,-58.86,-51.62,-58.02,2026-06-16 12:21:04+00:00
2026-06-16T12:22:04+00:00,-50.84,-58.57,-67.16,-59.67,-66.60,-47.31,-50.83,-49.76,-52.18,-46.15,-51.65,-59.43,-49.74,-57.66,-59.27,-51.79,-59.69,2026-06-16 12:22:04+00:00
2026-06-16T12:23:03+00:00,-50.70,-58.95,-67.01,-59.49,-66.32,-47.38,-50.83,-49.69,-52.18,-45.96,-51.53,-59.82,-49.80,-57.85,-59.13,-51.86,-59.81,2026-06-16 12:23:03+00:00
2026-06-16T12:24:03+00:00,-51.12,-59.23,-66.49,-59.36,-66.02,-47.39,-50.94,-49.71,-51.95,-46.06,-51.46,-60.18,-49.75,-57.96,-58.85,-51.55,-59.48,2026-06-16 12:24:03+00:00
2026-06-16T12:25:04+00:00,-50.84,-59.42,-67.23,-59.53,-65.88,-47.34,-50.85,-49.75,-51.90,-46.02,-51.50,-60.68,-49.80,-57.74,-59.55,-51.50,-59.64,2026-06-16 12:25:04+00:00
2026-06-16T12:26:04+00:00,-51.16,-59.62,-66.91,-59.15,-66.36,-47.56,-50.96,-49.72,-51.84,-46.10,-51.59,-60.24,-49.78,-58.05,-59.63,-51.88,-59.32,2026-06-16 12:26:04+00:00
2026-06-16T12:27:03+00:00,-50.85,-61.08,-67.40,-57.75,-65.60,-47.38,-51.01,-50.59,-51.55,-45.94,-51.67,-59.27,-49.88,-58.06,-59.20,-51.74,-60.37,2026-06-16 12:27:03+00:00
2026-06-16T12:28:03+00:00,-51.52,-60.99,-67.34,-58.05,-65.17,-47.57,-50.80,-50.89,-51.28,-45.93,-51.65,-60.98,-49.89,-58.06,-59.76,-51.78,-60.10,2026-06-16 12:28:03+00:00
2026-06-16T12:29:04+00:00,-52.14,-61.13,-66.96,-58.26,-67.07,-47.40,-50.71,-50.83,-51.45,-45.82,-51.63,-60.98,-49.88,-58.26,-59.73,-51.70,-59.82,2026-06-16 12:29:04+00:00
2026-06-16T12:30:04+00:00,-51.72,-61.67,-67.34,-58.34,-66.68,-47.37,-51.06,-50.73,-55.63,-45.70,-51.50,-61.10,-49.89,-58.54,-60.22,-51.44,-59.67,2026-06-16 12:30:04+00:00
2026-06-16T12:31:04+00:00,-49.28,-63.03,-67.45,-58.24,-66.21,-47.46,-50.77,-50.56,-55.02,-45.54,-51.54,-61.12,-50.04,-58.37,-60.06,-51.42,-59.79,2026-06-16 12:31:04+00:00
2026-06-16T12:32:04+00:00,-49.53,-62.04,-66.88,-58.25,-65.20,-47.21,-50.79,-50.35,-55.01,-45.62,-51.32,-61.11,-52.24,-58.98,-60.00,-51.58,-59.26,2026-06-16 12:32:04+00:00
2026-06-16T12:33:04+00:00,-50.70,-62.75,-66.90,-57.87,-66.38,-47.20,-50.68,-50.60,-54.51,-45.69,-51.20,-60.72,-52.04,-59.45,-59.15,-51.46,-59.17,2026-06-16 12:33:04+00:00
2026-06-16T12:34:04+00:00,-50.86,-63.71,-66.99,-58.08,-65.24,-47.28,-50.86,-50.70,-52.47,-45.55,-51.41,-57.65,-50.99,-59.40,-55.86,-51.22,-59.28,2026-06-16 12:34:04+00:00
2026-06-16T12:35:03+00:00,-51.02,-64.24,-67.29,-58.00,-65.75,-47.30,-50.97,-50.78,-52.55,-45.71,-51.24,-56.09,-50.94,-59.51,-59.30,-50.98,-59.75,2026-06-16 12:35:03+00:00
2026-06-16T12:36:04+00:00,-51.49,-63.52,-67.52,-58.34,-66.75,-47.42,-50.72,-50.67,-52.61,-45.73,-51.42,-55.74,-50.98,-59.70,-59.53,-51.06,-59.99,2026-06-16 12:36:04+00:00
2026-06-16T12:37:04+00:00,-51.98,-63.63,-67.38,-57.56,-66.57,-47.45,-50.90,-50.66,-52.59,-45.70,-51.35,-55.89,-50.95,-59.83,-59.46,-50.91,-60.07,2026-06-16 12:37:04+00:00
2026-06-16T12:38:04+00:00,-50.51,-63.84,-67.10,-57.65,-66.39,-47.09,-50.73,-50.28,-52.50,-45.69,-51.40,-55.90,-50.84,-60.06,-59.48,-50.89,-59.82,2026-06-16 12:38:04+00:00
2026-06-16T12:39:03+00:00,-51.43,-64.58,-67.60,-58.14,-66.83,-47.24,-50.70,-50.40,-52.65,-45.70,-51.22,-57.90,-50.81,-60.02,-54.48,-50.56,-59.02,2026-06-16 12:39:03+00:00
2026-06-16T12:40:03+00:00,-51.40,-63.58,-65.95,-58.01,-66.27,-47.30,-50.87,-49.63,-52.66,-45.54,-51.30,-59.01,-50.95,-60.04,-59.25,-50.87,-59.12,2026-06-16 12:40:03+00:00
2026-06-16T12:41:04+00:00,-50.90,-60.81,-67.18,-59.46,-66.17,-47.24,-50.82,-49.69,-52.71,-45.50,-51.47,-60.01,-50.97,-60.31,-59.58,-50.44,-59.47,2026-06-16 12:41:04+00:00
2026-06-16T12:42:04+00:00,-50.17,-60.10,-67.28,-60.00,-65.45,-47.26,-50.83,-49.38,-52.76,-45.62,-51.50,-60.61,-51.04,-60.60,-59.72,-50.82,-59.38,2026-06-16 12:42:04+00:00
2026-06-16T12:43:04+00:00,-49.86,-59.02,-65.96,-59.77,-65.93,-47.35,-50.89,-49.35,-52.40,-45.56,-51.93,-59.57,-50.98,-60.67,-58.40,-50.97,-59.54,2026-06-16 12:43:04+00:00
2026-06-16T12:44:03+00:00,-50.53,-58.75,-67.06,-59.70,-65.59,-47.16,-50.64,-49.34,-52.70,-45.65,-53.61,-59.34,-50.97,-60.98,-59.65,-50.83,-60.00,2026-06-16 12:44:03+00:00
2026-06-16T12:45:03+00:00,-50.04,-59.49,-67.04,-59.56,-66.79,-47.36,-51.05,-49.34,-52.45,-45.55,-53.52,-59.88,-51.11,-61.06,-58.99,-51.07,-59.65,2026-06-16 12:45:03+00:00
2026-06-16T12:46:04+00:00,-50.91,-59.55,-66.45,-59.70,-66.64,-47.23,-50.91,-49.44,-52.72,-45.68,-53.45,-60.06,-51.11,-61.50,-58.42,-50.80,-59.43,2026-06-16 12:46:04+00:00
2026-06-16T12:47:04+00:00,-50.18,-58.35,-66.28,-59.50,-66.17,-47.30,-50.96,-49.45,-52.51,-45.66,-53.35,-59.81,-51.01,-61.66,-58.57,-51.08,-59.46,2026-06-16 12:47:04+00:00
2026-06-16T12:48:03+00:00,-50.34,-59.29,-66.80,-59.46,-64.92,-47.24,-51.02,-49.46,-52.67,-45.49,-53.29,-60.04,-51.00,-61.98,-60.17,-50.94,-59.47,2026-06-16 12:48:03+00:00
2026-06-16T12:49:03+00:00,-49.75,-58.86,-66.63,-59.27,-66.45,-47.41,-51.05,-49.52,-55.02,-45.69,-53.29,-59.44,-51.03,-61.82,-59.76,-51.03,-59.45,2026-06-16 12:49:03+00:00
2026-06-16T12:50:03+00:00,-49.56,-58.72,-66.50,-59.36,-66.45,-47.35,-50.98,-49.38,-54.85,-45.73,-53.50,-59.30,-51.03,-61.94,-59.31,-50.94,-59.24,2026-06-16 12:50:03+00:00
2026-06-16T12:51:04+00:00,-49.94,-58.07,-59.88,-58.90,-65.18,-47.31,-50.17,-49.44,-52.67,-45.66,-53.15,-58.74,-50.93,-61.91,-54.19,-50.56,-59.90,2026-06-16 12:51:04+00:00
2026-06-16T12:52:04+00:00,-48.58,-58.23,-56.56,-59.21,-66.53,-47.26,-49.88,-49.42,-54.72,-45.66,-53.06,-59.18,-51.02,-61.58,-59.68,-51.24,-59.88,2026-06-16 12:52:04+00:00
2026-06-16T12:53:04+00:00,-49.52,-60.28,-67.04,-59.32,-66.48,-47.21,-50.86,-49.74,-55.20,-45.52,-53.47,-59.36,-51.07,-61.74,-59.12,-51.07,-60.75,2026-06-16 12:53:04+00:00
2026-06-16T12:54:03+00:00,-50.40,-59.79,-67.08,-59.37,-66.10,-47.25,-50.92,-49.62,-54.74,-45.70,-53.51,-59.37,-51.07,-62.25,-59.43,-50.92,-60.94,2026-06-16 12:54:03+00:00
2026-06-16T12:55:03+00:00,-50.57,-60.95,-66.55,-59.39,-65.83,-47.30,-50.75,-49.64,-55.02,-45.74,-53.39,-59.35,-50.91,-62.17,-59.51,-51.57,-59.90,2026-06-16 12:55:03+00:00
2026-06-16T12:56:04+00:00,-51.58,-60.86,-66.63,-59.55,-66.67,-47.36,-50.90,-49.66,-54.72,-45.80,-53.49,-59.49,-50.95,-62.47,-59.52,-51.66,-60.88,2026-06-16 12:56:04+00:00
2026-06-16T12:57:04+00:00,-51.58,-60.60,-66.33,-59.45,-66.24,-47.22,-50.87,-49.63,-54.55,-45.72,-53.33,-59.74,-50.96,-62.28,-59.81,-51.41,-60.65,2026-06-16 12:57:04+00:00
2026-06-16T12:58:04+00:00,-50.46,-60.24,-66.39,-59.61,-66.09,-51.32,-50.91,-49.57,-54.71,-45.76,-53.58,-60.01,-50.90,-62.71,-59.53,-51.84,-60.38,2026-06-16 12:58:04+00:00
2026-06-16T12:59:04+00:00,-50.49,-58.22,-65.55,-59.26,-65.53,-51.43,-49.82,-49.07,-54.61,-45.47,-52.78,-59.42,-50.87,-62.40,-59.86,-50.71,-57.53,2026-06-16 12:59:04+00:00
2026-06-16T13:00:03+00:00,-50.78,-60.01,-60.90,-57.66,-66.44,-51.37,-50.42,-49.29,-51.04,-45.77,-53.34,-60.10,-50.83,-62.25,-59.23,-51.79,-53.18,2026-06-16 13:00:03+00:00
2026-06-16T13:01:03+00:00,-49.95,-60.90,-65.39,-57.03,-65.82,-51.46,-50.16,-48.37,-50.99,-45.61,-53.60,-59.99,-50.82,-57.50,-59.22,-51.69,-53.21,2026-06-16 13:01:03+00:00
2026-06-16T13:02:04+00:00,-48.99,-58.91,-66.24,-58.87,-66.56,-51.24,-50.23,-49.70,-50.99,-45.81,-52.42,-60.50,-50.88,-62.64,-54.80,-52.19,-53.10,2026-06-16 13:02:04+00:00
2026-06-16T13:03:04+00:00,-49.38,-60.24,-66.34,-58.00,-66.43,-51.62,-50.60,-50.12,-50.94,-45.73,-52.41,-60.15,-50.87,-62.35,-57.34,-52.08,-53.13,2026-06-16 13:03:04+00:00
2026-06-16T13:04:03+00:00,-50.63,-57.59,-66.10,-58.96,-66.31,-51.22,-50.65,-50.21,-50.87,-45.82,-53.14,-60.14,-51.01,-62.25,-59.84,-52.37,-54.16,2026-06-16 13:04:03+00:00
2026-06-16T13:05:03+00:00,-50.81,-58.52,-65.20,-57.39,-65.90,-51.18,-50.05,-49.75,-50.82,-45.62,-53.39,-60.39,-51.03,-61.52,-58.99,-52.01,-55.68,2026-06-16 13:05:03+00:00
2026-06-16T13:06:04+00:00,-50.72,-57.84,-65.49,-53.51,-66.26,-51.35,-49.84,-48.19,-50.75,-45.74,-53.00,-60.79,-50.98,-57.30,-58.78,-52.29,-55.60,2026-06-16 13:06:04+00:00
2026-06-16T13:07:04+00:00,-50.88,-59.40,-59.09,-59.64,-66.76,-51.51,-50.08,-49.41,-50.72,-45.72,-52.87,-61.23,-51.05,-61.82,-59.48,-52.29,-55.72,2026-06-16 13:07:04+00:00
2026-06-16T13:08:03+00:00,-50.91,-58.76,-53.62,-58.64,-66.36,-51.44,-50.05,-49.58,-50.71,-45.61,-51.93,-57.75,-50.94,-61.65,-59.32,-52.35,-54.11,2026-06-16 13:08:03+00:00
2026-06-16T13:09:03+00:00,-50.85,-58.20,-57.61,-59.41,-65.51,-51.23,-49.84,-49.63,-50.10,-45.67,-52.70,-60.35,-50.77,-61.53,-50.73,-52.03,-55.72,2026-06-16 13:09:03+00:00
2026-06-16T13:10:04+00:00,-51.30,-58.98,-57.39,-59.38,-66.27,-51.47,-49.97,-49.72,-50.11,-45.50,-53.20,-59.70,-50.82,-61.52,-50.37,-52.33,-55.73,2026-06-16 13:10:04+00:00
2026-06-16T13:11:04+00:00,-51.10,-57.97,-58.49,-59.27,-66.28,-51.45,-50.10,-49.67,-49.92,-45.63,-52.53,-60.05,-50.71,-61.57,-54.74,-52.27,-55.70,2026-06-16 13:11:04+00:00
2026-06-16T13:12:03+00:00,-51.17,-58.60,-59.35,-59.41,-65.67,-51.59,-50.21,-49.70,-49.86,-45.58,-53.28,-60.21,-50.64,-61.61,-56.75,-52.36,-54.16,2026-06-16 13:12:03+00:00
2026-06-16T13:13:03+00:00,-51.14,-61.38,-65.77,-59.55,-65.28,-51.23,-50.85,-49.78,-50.93,-45.43,-53.34,-60.88,-51.01,-61.63,-59.38,-52.79,-56.08,2026-06-16 13:13:03+00:00
2026-06-16T13:14:03+00:00,-51.37,-60.32,-65.89,-59.29,-66.60,-51.37,-50.83,-49.81,-51.03,-45.41,-52.90,-60.62,-51.00,-61.45,-59.68,-52.56,-56.08,2026-06-16 13:14:03+00:00
2026-06-16T13:15:04+00:00,-51.72,-60.43,-65.49,-59.42,-66.39,-51.34,-50.96,-49.82,-54.41,-45.32,-53.45,-60.87,-50.95,-61.58,-59.38,-52.69,-55.75,2026-06-16 13:15:04+00:00
2026-06-16T13:16:04+00:00,-51.86,-60.09,-65.26,-59.50,-65.84,-51.54,-50.97,-49.77,-54.64,-45.44,-53.31,-60.66,-51.06,-61.41,-59.75,-53.07,-59.27,2026-06-16 13:16:04+00:00
2026-06-16T13:17:04+00:00,-52.02,-61.46,-65.95,-59.44,-66.45,-51.43,-51.01,-49.78,-54.76,-45.46,-53.23,-60.60,-51.10,-61.89,-59.29,-53.06,-60.01,2026-06-16 13:17:04+00:00
2026-06-16T13:18:03+00:00,-51.84,-60.88,-65.83,-59.01,-66.09,-50.43,-50.31,-49.78,-54.64,-45.40,-52.87,-60.81,-50.52,-62.06,-58.68,-52.89,-59.61,2026-06-16 13:18:03+00:00
2026-06-16T13:19:03+00:00,-51.06,-58.44,-65.98,-59.17,-65.71,-50.28,-49.81,-49.22,-52.37,-45.25,-53.29,-61.09,-50.51,-61.78,-59.60,-52.72,-58.90,2026-06-16 13:19:03+00:00
2026-06-16T13:20:04+00:00,-51.18,-58.50,-64.92,-58.33,-65.86,-47.00,-49.85,-48.55,-52.51,-45.35,-53.30,-61.99,-50.43,-54.69,-59.16,-52.67,-59.10,2026-06-16 13:20:04+00:00
2026-06-16T13:21:04+00:00,-51.09,-58.78,-65.77,-59.10,-64.97,-46.95,-50.79,-49.57,-52.44,-45.40,-53.00,-62.31,-50.67,-61.78,-58.59,-52.54,-59.10,2026-06-16 13:21:04+00:00
2026-06-16T13:22:04+00:00,-51.51,-58.49,-66.03,-59.33,-65.70,-46.91,-50.36,-49.68,-52.23,-45.46,-52.10,-62.11,-51.48,-61.77,-55.22,-52.66,-59.63,2026-06-16 13:22:04+00:00
2026-06-16T13:23:04+00:00,-51.17,-59.06,-65.35,-58.99,-66.63,-47.13,-50.59,-49.62,-52.21,-45.55,-52.59,-62.24,-51.38,-61.19,-59.58,-52.58,-59.37,2026-06-16 13:23:04+00:00
2026-06-16T13:24:03+00:00,-51.47,-59.38,-66.28,-58.70,-66.56,-46.85,-50.62,-49.73,-52.36,-45.43,-52.74,-62.49,-51.42,-61.15,-59.19,-52.33,-59.27,2026-06-16 13:24:03+00:00
2026-06-16T13:25:03+00:00,-50.63,-58.84,-65.41,-58.51,-66.00,-46.74,-49.87,-49.36,-52.32,-45.53,-52.79,-61.78,-51.39,-61.03,-59.30,-52.03,-58.83,2026-06-16 13:25:03+00:00
2026-06-16T13:26:04+00:00,-49.11,-58.13,-65.54,-59.15,-65.82,-47.32,-50.08,-49.50,-52.36,-45.43,-52.91,-62.05,-51.97,-61.00,-59.70,-52.01,-59.06,2026-06-16 13:26:04+00:00
2026-06-16T13:27:04+00:00,-49.24,-58.20,-66.04,-59.02,-66.73,-47.10,-49.89,-49.55,-52.34,-45.65,-53.30,-62.28,-57.05,-61.15,-59.80,-51.73,-58.19,2026-06-16 13:27:04+00:00
2026-06-16T13:28:04+00:00,-48.72,-57.64,-65.86,-58.87,-66.52,-47.30,-49.93,-49.53,-52.43,-45.59,-53.04,-62.56,-56.93,-61.39,-60.01,-51.59,-58.57,2026-06-16 13:28:04+00:00
2026-06-16T13:29:03+00:00,-49.60,-56.98,-65.38,-57.97,-66.35,-47.29,-50.10,-49.67,-52.32,-45.77,-53.10,-62.23,-57.08,-61.19,-59.70,-51.59,-59.12,2026-06-16 13:29:03+00:00
2026-06-16T13:30:03+00:00,-50.22,-57.65,-64.99,-59.10,-65.54,-47.28,-50.51,-49.60,-51.67,-45.73,-53.13,-60.51,-56.99,-61.21,-54.53,-51.50,-57.27,2026-06-16 13:30:03+00:00
2026-06-16T13:31:03+00:00,-49.94,-56.75,-65.09,-58.85,-65.90,-47.01,-50.60,-49.58,-52.37,-45.64,-53.12,-62.02,-57.09,-61.35,-55.01,-51.36,-58.99,2026-06-16 13:31:03+00:00
2026-06-16T13:32:03+00:00,-49.61,-55.15,-62.51,-58.87,-65.85,-47.10,-50.67,-49.66,-52.37,-45.81,-53.35,-62.12,-57.08,-61.12,-55.19,-51.03,-57.40,2026-06-16 13:32:03+00:00
2026-06-16T13:33:04+00:00,-49.92,-53.61,-64.35,-59.08,-66.25,-47.22,-50.52,-49.70,-52.71,-45.74,-53.16,-62.72,-57.11,-61.58,-54.98,-51.04,-59.48,2026-06-16 13:33:04+00:00
2026-06-16T13:34:04+00:00,-50.12,-55.87,-63.69,-58.93,-66.84,-47.25,-50.68,-49.64,-54.81,-45.81,-53.09,-62.30,-56.82,-62.00,-55.08,-50.99,-59.19,2026-06-16 13:34:04+00:00
2026-06-16T13:35:03+00:00,-50.07,-55.81,-63.92,-59.16,-66.19,-47.13,-50.73,-49.54,-55.27,-45.75,-53.25,-62.84,-57.07,-62.10,-54.97,-51.01,-58.41,2026-06-16 13:35:03+00:00
2026-06-16T13:36:04+00:00,-50.45,-56.37,-63.15,-59.09,-66.44,-47.18,-50.49,-49.58,-54.74,-45.69,-53.11,-63.45,-57.21,-62.25,-55.08,-50.82,-59.54,2026-06-16 13:36:04+00:00
2026-06-16T13:37:04+00:00,-50.45,-56.40,-62.54,-58.91,-66.35,-46.91,-50.54,-49.65,-54.73,-45.74,-54.74,-63.59,-57.08,-62.24,-54.59,-50.38,-59.20,2026-06-16 13:37:04+00:00
2026-06-16T13:38:03+00:00,-50.93,-56.72,-62.77,-59.21,-65.21,-47.15,-50.51,-49.66,-54.50,-45.77,-54.62,-64.18,-57.06,-62.64,-54.40,-50.57,-58.69,2026-06-16 13:38:03+00:00
2026-06-16T13:39:03+00:00,-50.13,-57.43,-62.83,-59.06,-66.26,-46.96,-50.51,-49.38,-54.50,-45.69,-54.87,-64.39,-56.71,-63.21,-54.57,-50.11,-58.98,2026-06-16 13:39:03+00:00
2026-06-16T13:40:04+00:00,-49.14,-57.53,-63.03,-59.28,-66.33,-47.12,-50.81,-49.59,-54.79,-45.83,-54.94,-64.60,-57.10,-63.33,-54.40,-49.95,-58.96,2026-06-16 13:40:04+00:00
2026-06-16T13:41:04+00:00,-49.85,-57.29,-62.63,-59.41,-66.47,-47.10,-50.77,-49.66,-54.65,-45.85,-54.89,-64.80,-57.12,-63.03,-54.37,-49.94,-59.23,2026-06-16 13:41:04+00:00
2026-06-16T13:42:03+00:00,-50.35,-57.75,-62.57,-59.26,-65.48,-47.42,-50.76,-49.65,-54.74,-45.82,-54.82,-64.81,-57.10,-63.10,-54.31,-49.70,-59.34,2026-06-16 13:42:03+00:00
2026-06-16T13:43:03+00:00,-51.08,-57.31,-61.94,-58.96,-65.47,-47.13,-50.64,-49.70,-55.53,-45.77,-54.88,-64.55,-56.98,-62.53,-54.21,-49.66,-59.31,2026-06-16 13:43:03+00:00
2026-06-16T13:44:03+00:00,-50.88,-56.84,-62.65,-59.31,-66.17,-47.07,-50.85,-49.77,-55.55,-45.84,-54.94,-63.79,-56.82,-62.08,-54.39,-49.72,-59.30,2026-06-16 13:44:03+00:00
2026-06-16T13:45:04+00:00,-51.11,-57.57,-61.75,-58.91,-66.15,-47.23,-50.63,-49.81,-51.01,-45.87,-55.04,-64.37,-56.70,-61.78,-54.26,-49.60,-57.00,2026-06-16 13:45:04+00:00
2026-06-16T13:46:04+00:00,-50.21,-56.94,-61.79,-59.07,-65.75,-47.12,-50.93,-49.70,-50.86,-45.79,-54.90,-64.36,-56.91,-61.79,-54.63,-49.83,-58.11,2026-06-16 13:46:04+00:00
2026-06-16T13:47:03+00:00,-51.03,-56.94,-61.33,-59.16,-65.33,-47.47,-50.84,-49.74,-51.03,-45.70,-54.83,-64.05,-57.05,-61.41,-54.42,-49.87,-59.03,2026-06-16 13:47:03+00:00
2026-06-16T13:48:03+00:00,-51.34,-57.20,-62.15,-58.82,-66.62,-47.41,-50.83,-49.57,-50.84,-45.77,-54.07,-64.21,-56.96,-61.31,-54.56,-49.77,-59.27,2026-06-16 13:48:03+00:00
2026-06-16T13:49:04+00:00,-51.05,-57.45,-62.29,-58.37,-66.15,-47.31,-50.60,-49.69,-51.09,-45.53,-54.85,-64.78,-57.12,-61.48,-54.58,-49.53,-58.79,2026-06-16 13:49:04+00:00
2026-06-16T13:50:04+00:00,-51.20,-57.27,-62.61,-58.37,-65.87,-47.20,-50.74,-49.76,-50.90,-45.66,-54.85,-64.33,-57.13,-61.21,-54.55,-49.42,-57.16,2026-06-16 13:50:04+00:00
2026-06-16T13:51:04+00:00,-51.17,-58.69,-63.59,-58.87,-66.56,-47.30,-50.41,-49.66,-50.89,-45.72,-54.89,-64.61,-56.60,-61.32,-54.42,-49.45,-57.93,2026-06-16 13:51:04+00:00
2026-06-16T13:52:03+00:00,-50.84,-58.07,-63.95,-59.39,-66.51,-47.33,-50.63,-49.75,-50.86,-45.66,-54.88,-64.43,-56.59,-61.25,-54.18,-49.63,-59.08,2026-06-16 13:52:03+00:00
2026-06-16T13:53:03+00:00,-50.93,-57.83,-64.62,-59.17,-66.15,-47.13,-50.72,-49.77,-51.03,-45.60,-54.80,-62.56,-56.88,-61.34,-54.42,-49.32,-58.52,2026-06-16 13:53:03+00:00
2026-06-16T13:54:04+00:00,-51.35,-57.65,-65.07,-59.04,-65.85,-47.26,-50.80,-49.85,-50.96,-45.52,-54.88,-61.99,-57.07,-61.26,-54.34,-49.25,-59.35,2026-06-16 13:54:04+00:00
2026-06-16T13:55:04+00:00,-51.02,-57.37,-66.42,-58.99,-66.08,-47.30,-50.68,-49.76,-51.06,-45.47,-54.87,-62.72,-57.21,-61.55,-54.47,-49.21,-59.92,2026-06-16 13:55:04+00:00
2026-06-16T13:56:04+00:00,-50.57,-58.36,-65.76,-58.74,-65.38,-47.27,-50.76,-49.62,-51.09,-45.46,-54.69,-61.28,-57.17,-61.03,-54.57,-49.36,-58.82,2026-06-16 13:56:04+00:00
2026-06-16T13:57:03+00:00,-50.02,-58.30,-66.28,-58.08,-66.40,-47.02,-50.73,-49.82,-51.15,-45.51,-54.74,-61.61,-57.07,-61.24,-54.55,-49.32,-58.75,2026-06-16 13:57:03+00:00
2026-06-16T13:58:03+00:00,-50.98,-58.76,-66.00,-58.77,-66.42,-47.05,-50.66,-49.90,-51.14,-45.46,-54.61,-61.25,-56.52,-61.22,-54.10,-49.31,-59.17,2026-06-16 13:58:03+00:00
2026-06-16T13:59:04+00:00,-50.93,-58.87,-66.30,-58.62,-66.52,-47.00,-50.75,-49.92,-51.41,-45.63,-54.86,-62.42,-56.83,-61.32,-54.42,-49.11,-59.81,2026-06-16 13:59:04+00:00
2026-06-16T14:00:04+00:00,-50.88,-59.14,-60.83,-58.01,-66.44,-47.04,-50.34,-49.07,-55.02,-45.57,-63.70,-63.14,-57.06,-59.09,-59.45,-49.46,-59.62,2026-06-16 14:00:04+00:00
2026-06-16T14:01:04+00:00,-51.03,-56.93,-64.95,-58.52,-66.73,-46.90,-50.99,-49.90,-55.17,-45.65,-62.90,-62.71,-56.22,-61.19,-59.32,-49.59,-58.79,2026-06-16 14:01:04+00:00
2026-06-16T14:02:04+00:00,-50.97,-57.80,-65.85,-58.71,-67.03,-46.87,-50.45,-49.83,-55.40,-45.56,-63.04,-63.68,-57.28,-61.06,-55.89,-49.34,-60.08,2026-06-16 14:02:04+00:00
2026-06-16T14:03:04+00:00,-50.78,-57.93,-65.18,-58.65,-66.97,-47.37,-50.33,-49.85,-55.00,-45.59,-63.09,-63.44,-57.27,-60.97,-58.69,-49.32,-59.51,2026-06-16 14:03:04+00:00
2026-06-16T14:04:03+00:00,-51.12,-58.17,-63.83,-58.78,-66.69,-47.33,-50.92,-49.92,-53.02,-45.76,-63.56,-63.68,-57.23,-60.77,-59.45,-49.38,-59.77,2026-06-16 14:04:03+00:00
2026-06-16T14:05:03+00:00,-50.61,-58.15,-63.58,-59.13,-66.59,-47.25,-51.22,-49.93,-53.02,-45.83,-63.19,-63.80,-57.25,-60.86,-59.55,-49.87,-60.39,2026-06-16 14:05:03+00:00
2026-06-16T14:06:04+00:00,-51.25,-58.49,-63.83,-59.06,-66.97,-47.40,-51.00,-50.02,-53.11,-45.86,-58.30,-64.12,-57.22,-60.56,-59.48,-49.61,-59.55,2026-06-16 14:06:04+00:00
2026-06-16T14:07:04+00:00,-50.61,-58.87,-63.33,-58.94,-66.14,-47.41,-51.20,-49.97,-53.05,-45.73,-63.78,-64.30,-57.33,-60.36,-59.48,-49.46,-60.99,2026-06-16 14:07:04+00:00
2026-06-16T14:08:04+00:00,-50.92,-58.90,-62.90,-58.87,-66.33,-47.16,-51.10,-49.99,-53.26,-45.71,-57.25,-64.78,-57.24,-60.70,-59.83,-49.50,-61.00,2026-06-16 14:08:04+00:00
2026-06-16T14:09:03+00:00,-50.41,-58.50,-62.12,-59.14,-66.14,-47.18,-51.13,-49.91,-53.09,-45.78,-54.80,-64.29,-57.18,-59.57,-59.28,-49.57,-60.40,2026-06-16 14:09:03+00:00
2026-06-16T14:10:03+00:00,-51.14,-58.36,-61.91,-59.06,-65.83,-46.94,-51.00,-50.06,-53.20,-45.66,-54.98,-64.07,-57.51,-60.09,-59.77,-49.77,-60.16,2026-06-16 14:10:03+00:00
2026-06-16T14:11:04+00:00,-50.77,-58.50,-63.61,-59.10,-66.16,-47.04,-51.14,-50.00,-53.18,-45.62,-54.98,-64.34,-57.24,-59.91,-59.91,-49.77,-60.30,2026-06-16 14:11:04+00:00
2026-06-16T14:12:04+00:00,-50.59,-58.86,-61.86,-59.26,-66.39,-46.76,-50.91,-49.97,-53.26,-45.67,-55.04,-64.44,-57.26,-60.30,-59.54,-49.83,-59.76,2026-06-16 14:12:04+00:00
2026-06-16T14:13:04+00:00,-48.41,-58.10,-61.60,-58.88,-65.76,-47.36,-50.90,-49.87,-52.89,-45.71,-54.90,-63.95,-57.09,-59.77,-59.74,-49.70,-57.61,2026-06-16 14:13:04+00:00
2026-06-16T14:14:03+00:00,-48.38,-58.90,-62.22,-59.06,-66.03,-51.11,-51.26,-49.75,-52.99,-45.74,-55.06,-64.76,-57.35,-59.62,-59.23,-49.63,-59.83,2026-06-16 14:14:03+00:00
2026-06-16T14:15:04+00:00,-48.56,-59.11,-61.71,-59.24,-67.36,-51.27,-50.75,-49.86,-53.08,-45.73,-55.06,-64.49,-57.43,-59.65,-59.55,-49.29,-59.10,2026-06-16 14:15:04+00:00
2026-06-16T14:16:04+00:00,-48.46,-58.57,-61.88,-59.05,-66.51,-51.18,-51.07,-49.94,-53.06,-45.80,-55.14,-64.53,-57.53,-59.18,-59.28,-49.43,-59.30,2026-06-16 14:16:04+00:00
2026-06-16T14:17:04+00:00,-48.66,-59.16,-62.34,-59.17,-66.73,-51.13,-51.16,-49.91,-53.18,-45.85,-55.16,-65.14,-57.47,-59.20,-59.75,-49.42,-60.37,2026-06-16 14:17:04+00:00
2026-06-16T14:18:03+00:00,-48.47,-58.54,-62.17,-59.46,-66.32,-51.16,-50.89,-50.01,-53.29,-45.84,-55.22,-64.99,-57.42,-59.19,-59.74,-49.21,-60.30,2026-06-16 14:18:03+00:00
2026-06-16T14:19:03+00:00,-48.49,-59.04,-62.71,-59.17,-66.36,-51.15,-51.01,-49.92,-55.23,-45.99,-55.01,-65.43,-57.48,-58.99,-59.99,-48.86,-60.31,2026-06-16 14:19:03+00:00
2026-06-16T14:20:03+00:00,-48.33,-58.94,-62.59,-59.16,-66.41,-51.19,-50.92,-49.88,-55.07,-45.82,-55.10,-65.32,-57.48,-58.78,-60.12,-49.27,-53.35,2026-06-16 14:20:03+00:00
2026-06-16T14:21:04+00:00,-48.70,-59.09,-63.28,-58.89,-65.77,-50.99,-50.83,-49.71,-55.17,-45.88,-55.06,-65.56,-57.33,-58.40,-59.85,-49.02,-54.86,2026-06-16 14:21:04+00:00
2026-06-16T14:22:04+00:00,-49.16,-58.38,-63.49,-59.05,-66.45,-51.11,-51.13,-49.99,-55.16,-45.92,-55.14,-65.27,-57.44,-58.23,-59.41,-48.81,-53.30,2026-06-16 14:22:04+00:00
2026-06-16T14:23:04+00:00,-49.22,-57.58,-63.00,-59.02,-66.57,-51.17,-50.97,-49.90,-55.21,-45.79,-55.14,-65.54,-57.51,-57.91,-59.93,-48.85,-53.26,2026-06-16 14:23:04+00:00
2026-06-16T14:24:03+00:00,-49.18,-57.93,-63.14,-58.54,-65.84,-51.09,-51.11,-49.92,-55.16,-45.94,-54.97,-64.99,-57.31,-57.85,-59.87,-48.79,-53.32,2026-06-16 14:24:03+00:00
2026-06-16T14:25:03+00:00,-49.11,-56.79,-62.49,-58.67,-66.88,-51.01,-51.15,-49.92,-55.11,-45.80,-54.97,-63.96,-57.27,-57.09,-59.13,-48.62,-53.21,2026-06-16 14:25:03+00:00
2026-06-16T14:26:03+00:00,-49.18,-57.51,-63.86,-59.11,-66.76,-51.17,-51.11,-49.78,-55.20,-45.86,-55.18,-65.43,-57.43,-57.39,-59.25,-48.50,-53.37,2026-06-16 14:26:03+00:00
2026-06-16T14:27:03+00:00,-49.00,-58.20,-64.26,-59.12,-66.71,-51.18,-50.95,-50.00,-55.11,-45.92,-55.32,-66.02,-57.34,-57.14,-59.71,-48.40,-53.22,2026-06-16 14:27:03+00:00
2026-06-16T14:28:03+00:00,-51.50,-58.13,-64.42,-59.13,-66.62,-51.28,-51.25,-49.83,-55.69,-45.91,-53.86,-66.57,-57.59,-56.85,-59.33,-48.58,-53.29,2026-06-16 14:28:03+00:00
2026-06-16T14:29:03+00:00,-51.69,-57.02,-64.12,-58.82,-66.40,-51.19,-50.97,-49.96,-51.10,-45.96,-55.08,-65.68,-57.47,-56.71,-59.46,-48.23,-53.21,2026-06-16 14:29:03+00:00
2026-06-16T14:30:03+00:00,-51.82,-57.73,-64.34,-59.25,-66.55,-51.08,-51.12,-49.98,-49.12,-45.97,-53.54,-66.34,-57.50,-56.48,-59.73,-48.30,-54.77,2026-06-16 14:30:03+00:00
2026-06-16T14:31:03+00:00,-51.35,-57.68,-63.84,-59.23,-66.74,-51.26,-51.32,-49.88,-49.08,-46.00,-55.17,-65.54,-57.49,-56.29,-59.33,-48.01,-53.25,2026-06-16 14:31:03+00:00
2026-06-16T14:32:03+00:00,-51.67,-56.31,-64.38,-58.97,-66.45,-48.30,-51.52,-49.84,-49.10,-46.01,-54.13,-65.87,-57.54,-56.08,-59.43,-48.08,-53.31,2026-06-16 14:32:03+00:00
2026-06-16T14:33:04+00:00,-50.84,-57.27,-63.78,-59.34,-66.78,-50.17,-51.30,-50.07,-49.10,-45.86,-55.11,-65.69,-57.61,-55.81,-59.65,-47.89,-53.08,2026-06-16 14:33:04+00:00
2026-06-16T14:34:04+00:00,-51.10,-57.68,-64.06,-59.19,-66.64,-50.01,-51.41,-49.90,-49.08,-45.93,-55.38,-65.69,-57.43,-55.70,-59.72,-47.96,-54.53,2026-06-16 14:34:04+00:00
2026-06-16T14:35:04+00:00,-51.61,-58.16,-63.12,-58.98,-66.29,-46.32,-51.48,-49.98,-49.04,-45.91,-55.26,-64.98,-57.54,-55.77,-59.59,-48.06,-59.45,2026-06-16 14:35:04+00:00
2026-06-16T14:36:04+00:00,-51.59,-57.76,-63.06,-58.73,-66.82,-46.08,-51.49,-49.99,-49.08,-45.81,-54.99,-64.32,-57.43,-55.69,-59.40,-48.19,-53.23,2026-06-16 14:36:04+00:00
2026-06-16T14:37:04+00:00,-50.97,-57.60,-63.25,-58.83,-66.39,-46.02,-51.52,-50.17,-48.96,-46.03,-54.44,-63.96,-57.45,-55.63,-59.08,-48.34,-53.20,2026-06-16 14:37:04+00:00
2026-06-16T14:38:04+00:00,-51.72,-57.73,-63.51,-58.66,-66.49,-46.13,-51.54,-49.97,-48.96,-45.79,-55.07,-64.35,-57.31,-55.20,-59.92,-47.86,-59.75,2026-06-16 14:38:04+00:00
2026-06-16T14:39:03+00:00,-51.35,-57.94,-63.42,-58.64,-66.35,-46.44,-51.34,-49.87,-48.93,-45.68,-55.17,-64.46,-57.69,-55.17,-59.50,-48.01,-59.92,2026-06-16 14:39:03+00:00
2026-06-16T14:40:03+00:00,-51.31,-57.59,-64.52,-58.76,-65.54,-46.60,-51.41,-49.93,-49.05,-45.75,-53.78,-64.73,-57.68,-55.16,-59.74,-48.25,-59.18,2026-06-16 14:40:03+00:00
2026-06-16T14:41:03+00:00,-51.12,-58.54,-64.80,-58.87,-64.84,-46.54,-51.67,-49.91,-49.08,-45.84,-55.30,-65.10,-57.64,-54.87,-59.89,-48.10,-59.77,2026-06-16 14:41:03+00:00
2026-06-16T14:42:04+00:00,-51.60,-58.42,-64.79,-58.51,-66.33,-46.64,-51.65,-49.86,-49.10,-45.92,-55.08,-65.10,-57.61,-54.67,-59.32,-48.14,-59.62,2026-06-16 14:42:04+00:00
2026-06-16T14:43:04+00:00,-51.99,-58.73,-65.03,-58.16,-66.72,-46.57,-51.24,-49.96,-49.07,-45.81,-55.05,-65.55,-57.57,-54.77,-59.28,-47.95,-60.36,2026-06-16 14:43:04+00:00
2026-06-16T14:44:03+00:00,-52.23,-59.30,-64.55,-58.06,-66.23,-46.57,-51.66,-49.92,-51.08,-45.72,-55.21,-65.00,-57.39,-54.59,-59.64,-47.86,-60.24,2026-06-16 14:44:03+00:00
2026-06-16T14:45:03+00:00,-51.98,-58.46,-64.53,-58.16,-65.99,-46.76,-51.60,-50.40,-55.15,-45.81,-55.10,-64.83,-57.35,-54.26,-59.34,-48.04,-60.21,2026-06-16 14:45:03+00:00
2026-06-16T14:46:03+00:00,-50.97,-58.84,-64.60,-57.96,-66.10,-46.65,-51.72,-50.38,-55.25,-45.62,-55.23,-65.19,-57.42,-54.16,-59.68,-47.54,-60.29,2026-06-16 14:46:03+00:00
2026-06-16T14:47:04+00:00,-51.05,-58.75,-65.75,-58.25,-66.94,-46.87,-51.78,-50.38,-55.23,-45.56,-55.17,-65.17,-57.64,-53.79,-59.78,-47.52,-60.39,2026-06-16 14:47:04+00:00
2026-06-16T14:48:04+00:00,-51.55,-59.34,-65.73,-58.77,-66.06,-46.70,-51.56,-50.31,-54.85,-45.60,-55.04,-64.96,-57.37,-53.62,-59.80,-47.21,-58.77,2026-06-16 14:48:04+00:00
2026-06-16T14:49:04+00:00,-51.46,-59.66,-66.46,-58.68,-65.74,-46.67,-51.67,-50.23,-52.63,-45.63,-55.11,-64.68,-57.51,-53.53,-59.70,-47.11,-59.76,2026-06-16 14:49:04+00:00
2026-06-16T14:50:04+00:00,-51.66,-60.23,-67.02,-58.70,-65.85,-46.74,-51.69,-50.12,-52.64,-45.69,-54.94,-64.80,-57.49,-53.27,-59.60,-47.02,-59.69,2026-06-16 14:50:04+00:00
2026-06-16T14:51:04+00:00,-51.45,-59.60,-66.39,-58.64,-67.31,-46.66,-51.83,-49.86,-52.57,-45.53,-55.12,-64.26,-57.50,-53.47,-59.49,-46.77,-59.92,2026-06-16 14:51:04+00:00
2026-06-16T14:52:03+00:00,-54.69,-59.44,-66.24,-58.40,-65.99,-46.74,-51.62,-49.82,-55.00,-45.55,-55.14,-63.77,-57.47,-53.54,-59.58,-46.74,-58.03,2026-06-16 14:52:03+00:00
2026-06-16T14:53:03+00:00,-51.85,-59.14,-65.11,-58.53,-66.63,-46.73,-51.69,-50.23,-54.90,-45.38,-54.88,-63.01,-57.01,-53.27,-59.73,-46.75,-54.64,2026-06-16 14:53:03+00:00
2026-06-16T14:54:04+00:00,-52.26,-58.32,-66.28,-59.05,-65.06,-46.48,-51.62,-50.24,-54.92,-45.47,-54.88,-63.51,-57.60,-53.33,-59.71,-46.81,-54.50,2026-06-16 14:54:04+00:00
2026-06-16T14:55:04+00:00,-53.17,-58.87,-67.53,-58.89,-66.63,-46.61,-51.49,-50.12,-54.99,-45.57,-53.97,-63.87,-57.75,-53.36,-60.00,-46.65,-54.33,2026-06-16 14:55:04+00:00
2026-06-16T14:56:04+00:00,-51.19,-58.80,-67.18,-58.79,-66.28,-46.28,-51.84,-50.26,-52.87,-45.59,-55.18,-64.04,-57.63,-53.52,-59.60,-46.59,-54.52,2026-06-16 14:56:04+00:00
2026-06-16T14:57:03+00:00,-51.07,-59.44,-67.07,-58.75,-66.51,-46.63,-51.69,-50.19,-53.01,-45.74,-55.25,-63.93,-57.63,-53.14,-60.42,-46.84,-53.66,2026-06-16 14:57:03+00:00
2026-06-16T14:58:03+00:00,-49.03,-58.72,-67.15,-58.92,-67.19,-46.41,-51.67,-50.27,-52.86,-45.52,-54.96,-63.72,-57.70,-53.32,-60.08,-46.78,-54.47,2026-06-16 14:58:03+00:00
2026-06-16T14:59:04+00:00,-48.89,-59.27,-67.39,-58.87,-66.39,-46.66,-51.48,-50.34,-53.95,-45.61,-55.22,-63.76,-57.83,-53.34,-59.42,-46.89,-54.50,2026-06-16 14:59:04+00:00
2026-06-16T15:00:04+00:00,-48.58,-58.97,-67.00,-58.69,-66.08,-46.25,-52.00,-50.32,-54.19,-45.56,-55.29,-63.39,-57.66,-53.15,-59.78,-46.80,-56.14,2026-06-16 15:00:04+00:00
2026-06-16T15:01:04+00:00,-48.24,-58.74,-66.78,-58.56,-66.23,-46.43,-51.80,-50.36,-54.22,-45.76,-55.32,-63.66,-57.74,-53.04,-59.83,-47.05,-56.16,2026-06-16 15:01:04+00:00
2026-06-16T15:02:03+00:00,-48.72,-59.52,-67.30,-57.40,-66.78,-46.61,-51.70,-50.17,-54.29,-45.63,-55.53,-63.56,-57.74,-52.95,-59.64,-46.98,-54.73,2026-06-16 15:02:03+00:00
2026-06-16T15:03:04+00:00,-48.40,-59.46,-66.76,-57.36,-66.31,-46.45,-51.79,-50.32,-54.63,-45.69,-55.37,-63.61,-57.81,-52.79,-60.02,-47.03,-56.17,2026-06-16 15:03:04+00:00
2026-06-16T15:04:04+00:00,-48.07,-59.14,-67.39,-57.86,-66.58,-46.59,-51.79,-50.55,-60.10,-45.53,-55.30,-64.33,-57.80,-52.62,-59.15,-47.09,-56.59,2026-06-16 15:04:04+00:00
2026-06-16T15:05:03+00:00,-48.12,-59.57,-65.06,-57.96,-66.38,-46.59,-51.55,-50.39,-60.07,-45.57,-55.46,-64.16,-57.35,-52.42,-59.69,-47.15,-59.65,2026-06-16 15:05:03+00:00
2026-06-16T15:06:03+00:00,-48.54,-58.83,-64.50,-57.75,-66.50,-46.75,-51.88,-50.46,-60.58,-45.55,-55.31,-64.34,-57.29,-52.39,-59.61,-46.97,-59.94,2026-06-16 15:06:03+00:00
2026-06-16T15:07:03+00:00,-48.33,-58.50,-63.61,-57.60,-66.23,-46.73,-51.96,-50.21,-60.38,-45.63,-55.14,-63.64,-57.40,-52.44,-60.02,-46.76,-59.96,2026-06-16 15:07:03+00:00
2026-06-16T15:08:04+00:00,-48.41,-58.91,-64.04,-57.63,-66.14,-46.70,-51.83,-50.15,-59.65,-45.70,-55.31,-64.63,-57.51,-51.98,-59.37,-46.87,-60.08,2026-06-16 15:08:04+00:00
2026-06-16T15:09:04+00:00,-48.55,-58.97,-64.70,-57.50,-66.25,-46.93,-51.91,-50.10,-58.98,-45.71,-55.33,-65.51,-57.60,-52.19,-60.30,-46.84,-60.09,2026-06-16 15:09:04+00:00
2026-06-16T15:10:04+00:00,-48.47,-59.10,-64.33,-57.61,-66.47,-47.00,-51.15,-50.19,-58.85,-45.51,-55.36,-65.15,-57.62,-52.12,-59.93,-46.79,-59.86,2026-06-16 15:10:04+00:00
2026-06-16T15:11:03+00:00,-49.07,-58.87,-63.91,-57.85,-66.43,-46.93,-51.41,-50.68,-58.80,-45.79,-55.04,-65.24,-57.65,-52.10,-60.22,-46.84,-59.80,2026-06-16 15:11:03+00:00
2026-06-16T15:12:04+00:00,-48.61,-58.32,-63.24,-58.14,-66.98,-46.78,-51.44,-50.72,-58.73,-45.73,-55.28,-64.23,-57.63,-52.05,-58.02,-46.49,-59.42,2026-06-16 15:12:04+00:00
2026-06-16T15:13:04+00:00,-50.69,-58.44,-62.23,-57.77,-66.04,-47.00,-51.48,-50.67,-60.64,-45.78,-55.19,-64.61,-57.83,-51.91,-59.45,-46.61,-59.90,2026-06-16 15:13:04+00:00
2026-06-16T15:14:04+00:00,-49.89,-60.72,-62.35,-57.90,-67.31,-46.67,-51.58,-50.68,-53.29,-45.70,-63.60,-64.39,-57.65,-51.87,-59.51,-46.47,-60.23,2026-06-16 15:14:04+00:00
2026-06-16T15:15:04+00:00,-49.39,-60.61,-62.62,-57.33,-66.28,-46.71,-51.55,-50.71,-50.30,-45.69,-57.32,-63.77,-57.33,-51.50,-59.61,-46.28,-59.21,2026-06-16 15:15:04+00:00
2026-06-16T15:16:03+00:00,-50.30,-60.16,-63.12,-57.14,-66.78,-46.68,-51.48,-51.09,-50.24,-45.74,-55.10,-61.65,-57.75,-51.62,-59.52,-46.22,-60.15,2026-06-16 15:16:03+00:00
2026-06-16T15:17:05+00:00,-49.82,-59.06,-62.58,-57.64,-65.99,-46.41,-51.46,-50.80,-50.14,-45.75,-55.18,-62.36,-57.63,-51.38,-59.73,-45.96,-59.22,2026-06-16 15:17:05+00:00
2026-06-16T15:18:04+00:00,-50.03,-58.51,-62.52,-57.31,-65.81,-46.63,-51.52,-50.81,-50.10,-45.82,-55.07,-61.74,-57.64,-51.15,-59.59,-45.95,-58.57,2026-06-16 15:18:04+00:00
2026-06-16T15:19:03+00:00,-49.44,-59.82,-63.53,-57.77,-65.56,-46.56,-51.53,-50.64,-50.07,-45.75,-55.38,-63.07,-57.95,-50.83,-59.65,-45.94,-60.38,2026-06-16 15:19:03+00:00
2026-06-16T15:20:03+00:00,-49.99,-59.93,-63.46,-57.84,-66.70,-46.50,-51.57,-50.63,-50.08,-45.72,-55.32,-62.43,-57.80,-50.80,-59.48,-45.85,-60.12,2026-06-16 15:20:03+00:00
2026-06-16T15:21:03+00:00,-49.86,-58.86,-63.07,-57.89,-66.37,-46.54,-51.57,-50.55,-49.87,-45.79,-55.15,-62.87,-58.01,-50.61,-59.70,-45.66,-58.13,2026-06-16 15:21:03+00:00
2026-06-16T15:22:03+00:00,-50.35,-58.74,-62.99,-58.44,-65.75,-46.94,-51.76,-50.58,-49.88,-45.75,-55.31,-62.56,-58.12,-50.26,-59.68,-45.36,-59.84,2026-06-16 15:22:03+00:00
2026-06-16T15:23:03+00:00,-49.85,-59.45,-61.80,-58.11,-66.78,-46.77,-51.84,-50.55,-49.73,-45.83,-55.15,-63.55,-58.15,-50.32,-60.15,-45.37,-58.74,2026-06-16 15:23:03+00:00
2026-06-16T15:24:03+00:00,-50.40,-58.45,-61.03,-57.97,-67.06,-46.31,-51.83,-50.58,-49.78,-45.75,-54.79,-62.99,-57.76,-49.79,-59.27,-45.48,-58.21,2026-06-16 15:24:03+00:00
2026-06-16T15:25:03+00:00,-50.22,-58.00,-61.41,-57.75,-66.00,-46.53,-52.00,-50.64,-49.57,-45.79,-55.26,-63.76,-58.13,-49.96,-59.76,-45.20,-60.12,2026-06-16 15:25:03+00:00
2026-06-16T15:26:03+00:00,-50.71,-59.71,-61.54,-58.06,-66.63,-46.65,-51.52,-50.64,-49.52,-45.70,-55.22,-63.58,-57.89,-49.75,-59.70,-45.25,-59.72,2026-06-16 15:26:03+00:00
2026-06-16T15:27:04+00:00,-51.27,-59.80,-61.46,-57.71,-66.89,-46.44,-51.78,-50.59,-49.35,-45.76,-55.48,-64.08,-58.26,-49.84,-59.56,-45.36,-58.99,2026-06-16 15:27:04+00:00
2026-06-16T15:28:04+00:00,-50.62,-58.77,-62.58,-57.74,-66.16,-50.38,-51.74,-50.59,-49.32,-45.68,-55.10,-64.22,-58.01,-49.37,-59.50,-45.53,-59.86,2026-06-16 15:28:04+00:00
2026-06-16T15:29:04+00:00,-50.96,-58.38,-61.96,-57.57,-66.42,-51.54,-51.76,-50.68,-51.35,-45.88,-55.00,-63.55,-58.07,-49.40,-59.65,-45.30,-60.34,2026-06-16 15:29:04+00:00
2026-06-16T15:30:03+00:00,-50.94,-59.57,-62.57,-57.91,-66.22,-51.39,-51.76,-50.54,-54.42,-45.77,-55.24,-64.80,-58.12,-49.24,-59.70,-45.45,-60.38,2026-06-16 15:30:03+00:00
2026-06-16T15:31:03+00:00,-50.66,-57.97,-63.49,-57.61,-66.28,-50.48,-45.38,-50.75,-54.57,-45.90,-51.58,-65.21,-58.23,-49.17,-59.84,-45.27,-59.08,2026-06-16 15:31:03+00:00
2026-06-16T15:32:03+00:00,-49.87,-57.96,-63.76,-57.79,-65.61,-49.75,-44.94,-50.62,-54.61,-45.71,-51.86,-65.69,-58.26,-49.33,-60.09,-45.15,-59.53,2026-06-16 15:32:03+00:00
2026-06-16T15:33:04+00:00,-48.71,-58.95,-63.53,-57.56,-66.41,-48.51,-43.47,-50.45,-54.36,-45.65,-51.89,-65.04,-58.40,-49.19,-59.99,-45.36,-58.96,2026-06-16 15:33:04+00:00
2026-06-16T15:34:04+00:00,-49.38,-55.95,-63.72,-57.68,-66.78,-48.27,-43.07,-50.50,-52.72,-45.80,-51.67,-65.00,-58.44,-48.83,-60.01,-45.51,-57.64,2026-06-16 15:34:04+00:00
2026-06-16T15:35:04+00:00,-49.44,-54.81,-63.67,-57.49,-65.79,-48.29,-43.21,-50.47,-53.13,-45.64,-51.68,-65.40,-58.40,-48.87,-60.37,-45.35,-57.52,2026-06-16 15:35:04+00:00
2026-06-16T15:36:04+00:00,-49.98,-56.46,-64.16,-57.30,-65.72,-48.36,-43.20,-51.14,-52.80,-45.79,-51.80,-65.93,-58.29,-48.93,-59.94,-45.43,-59.06,2026-06-16 15:36:04+00:00
2026-06-16T15:37:04+00:00,-49.72,-56.15,-64.36,-56.84,-66.06,-48.65,-43.35,-51.28,-53.23,-45.79,-51.83,-66.19,-58.30,-48.79,-59.66,-45.46,-58.76,2026-06-16 15:37:04+00:00
2026-06-16T15:38:04+00:00,-50.25,-57.28,-64.41,-56.91,-66.03,-48.43,-43.19,-51.02,-52.86,-45.63,-51.91,-65.78,-58.42,-48.77,-59.68,-45.37,-58.00,2026-06-16 15:38:04+00:00
2026-06-16T15:39:04+00:00,-50.45,-56.84,-64.47,-56.98,-66.10,-48.68,-43.25,-50.80,-52.90,-45.51,-51.79,-66.57,-58.44,-48.65,-59.76,-45.26,-58.77,2026-06-16 15:39:04+00:00
2026-06-16T15:40:03+00:00,-50.01,-56.75,-64.00,-57.68,-65.92,-48.54,-43.30,-50.64,-52.96,-45.68,-51.92,-65.74,-58.41,-48.51,-59.60,-45.41,-58.72,2026-06-16 15:40:03+00:00
2026-06-16T15:41:03+00:00,-50.05,-56.33,-63.03,-57.25,-66.13,-48.47,-43.19,-50.56,-52.92,-45.83,-51.80,-64.40,-58.06,-48.35,-59.51,-45.61,-58.14,2026-06-16 15:41:03+00:00
2026-06-16T15:42:04+00:00,-48.55,-55.31,-63.38,-57.26,-66.08,-48.28,-43.34,-50.42,-52.91,-45.58,-52.15,-65.09,-58.36,-48.40,-59.79,-45.20,-57.87,2026-06-16 15:42:04+00:00
2026-06-16T15:43:04+00:00,-46.89,-55.35,-62.54,-57.04,-66.01,-48.52,-43.60,-50.38,-52.54,-45.60,-52.12,-64.72,-57.98,-48.47,-59.86,-45.36,-58.88,2026-06-16 15:43:04+00:00
2026-06-16T15:44:04+00:00,-47.63,-58.08,-62.51,-56.77,-66.90,-48.53,-43.35,-50.62,-52.75,-45.63,-52.35,-65.01,-58.30,-48.38,-59.30,-45.38,-59.24,2026-06-16 15:44:04+00:00
2026-06-16T15:45:03+00:00,-46.91,-58.75,-61.59,-57.41,-66.19,-48.44,-43.34,-50.45,-52.50,-45.66,-52.35,-64.30,-58.23,-48.03,-59.76,-45.37,-59.55,2026-06-16 15:45:03+00:00
2026-06-16T15:46:03+00:00,-46.87,-58.17,-62.16,-57.17,-65.81,-48.50,-43.47,-50.44,-52.58,-45.80,-52.37,-64.64,-58.53,-48.16,-59.57,-45.28,-58.41,2026-06-16 15:46:03+00:00
2026-06-16T15:47:03+00:00,-47.01,-58.32,-63.66,-57.10,-65.88,-48.00,-43.26,-50.53,-52.54,-45.63,-52.08,-63.39,-58.66,-47.90,-59.81,-45.35,-59.58,2026-06-16 15:47:03+00:00
2026-06-16T15:48:04+00:00,-47.20,-58.08,-64.72,-57.02,-66.85,-48.01,-43.29,-50.54,-52.73,-45.96,-51.92,-62.27,-58.40,-47.86,-59.78,-45.44,-59.50,2026-06-16 15:48:04+00:00
2026-06-16T15:49:04+00:00,-47.14,-57.95,-64.75,-57.00,-66.01,-45.22,-43.31,-50.39,-55.22,-45.78,-51.81,-60.36,-58.59,-47.64,-59.71,-45.38,-59.26,2026-06-16 15:49:04+00:00
2026-06-16T15:50:04+00:00,-47.44,-57.60,-64.84,-56.97,-66.64,-45.03,-43.12,-50.52,-55.18,-45.84,-51.74,-60.37,-58.44,-47.65,-59.21,-45.35,-59.07,2026-06-16 15:50:04+00:00
2026-06-16T15:51:03+00:00,-47.56,-57.25,-65.71,-57.00,-66.43,-45.12,-43.26,-50.50,-54.74,-45.87,-51.66,-59.77,-58.73,-47.74,-59.38,-45.44,-59.08,2026-06-16 15:51:03+00:00
2026-06-16T15:52:03+00:00,-47.61,-57.64,-65.62,-57.14,-65.93,-45.24,-43.19,-50.65,-55.17,-45.98,-51.72,-59.21,-58.63,-47.73,-59.75,-45.49,-58.17,2026-06-16 15:52:03+00:00
2026-06-16T15:53:04+00:00,-47.57,-57.94,-66.42,-56.87,-66.31,-45.28,-43.26,-50.59,-54.82,-46.07,-51.77,-59.17,-58.72,-47.58,-59.41,-45.39,-59.77,2026-06-16 15:53:04+00:00
2026-06-16T15:54:04+00:00,-47.38,-57.87,-65.72,-57.17,-67.27,-45.46,-43.33,-50.53,-55.20,-45.97,-51.81,-59.07,-58.68,-47.58,-59.81,-45.51,-58.51,2026-06-16 15:54:04+00:00
2026-06-16T15:55:04+00:00,-47.55,-58.23,-66.42,-56.97,-65.95,-45.41,-43.23,-50.57,-55.67,-46.01,-51.55,-59.51,-58.78,-47.59,-59.68,-45.89,-59.46,2026-06-16 15:55:04+00:00
2026-06-16T15:56:03+00:00,-47.61,-58.55,-66.30,-56.89,-66.47,-45.35,-43.26,-50.58,-55.48,-46.00,-51.43,-59.47,-58.85,-47.40,-59.65,-45.33,-59.46,2026-06-16 15:56:03+00:00
2026-06-16T15:57:03+00:00,-47.68,-59.45,-66.09,-56.84,-66.26,-45.35,-43.19,-50.54,-55.04,-45.94,-51.50,-59.68,-58.67,-47.37,-59.30,-45.62,-59.00,2026-06-16 15:57:03+00:00
2026-06-16T15:58:04+00:00,-48.91,-58.81,-65.07,-57.24,-66.56,-45.04,-43.20,-50.62,-54.07,-46.04,-51.25,-59.26,-58.33,-47.30,-59.87,-45.61,-59.05,2026-06-16 15:58:04+00:00
2026-06-16T15:59:04+00:00,-49.21,-59.25,-65.67,-56.78,-66.57,-45.06,-43.28,-50.56,-50.23,-45.87,-51.23,-59.55,-58.62,-47.19,-60.11,-45.73,-58.63,2026-06-16 15:59:04+00:00
2026-06-16T16:00:04+00:00,-48.85,-59.23,-65.00,-56.65,-66.53,-45.32,-43.29,-50.61,-49.82,-46.01,-51.18,-59.65,-58.64,-47.13,-58.84,-45.78,-58.59,2026-06-16 16:00:04+00:00
2026-06-16T16:01:04+00:00,-49.12,-59.93,-64.71,-56.78,-65.87,-45.30,-43.17,-50.58,-49.06,-45.80,-51.25,-60.33,-58.52,-47.33,-60.10,-45.71,-59.34,2026-06-16 16:01:04+00:00
2026-06-16T16:02:03+00:00,-49.31,-59.18,-64.89,-56.79,-65.96,-45.25,-43.25,-50.50,-49.32,-45.99,-50.87,-60.70,-58.80,-47.20,-59.89,-45.74,-59.37,2026-06-16 16:02:03+00:00
2026-06-16T16:03:03+00:00,-49.17,-58.63,-65.12,-57.15,-67.15,-45.02,-43.15,-50.53,-49.52,-45.88,-50.92,-61.59,-58.75,-47.09,-59.83,-45.78,-58.93,2026-06-16 16:03:03+00:00
2026-06-16T16:04:04+00:00,-49.07,-58.03,-63.63,-57.53,-66.50,-45.26,-43.36,-50.63,-49.11,-45.86,-50.73,-61.53,-58.67,-47.10,-59.97,-45.84,-57.49,2026-06-16 16:04:04+00:00
2026-06-16T16:05:04+00:00,-49.16,-58.33,-65.42,-57.16,-66.63,-45.60,-43.31,-50.59,-49.03,-45.90,-50.55,-62.53,-58.88,-47.19,-59.61,-45.84,-59.37,2026-06-16 16:05:04+00:00
2026-06-16T16:06:04+00:00,-48.61,-58.45,-64.03,-56.96,-66.79,-45.76,-43.41,-50.53,-48.98,-45.87,-50.46,-61.94,-58.50,-46.98,-59.25,-45.55,-58.37,2026-06-16 16:06:04+00:00
2026-06-16T16:07:03+00:00,-48.95,-59.10,-64.78,-56.94,-67.46,-46.09,-43.56,-50.58,-48.98,-45.89,-49.90,-62.93,-58.68,-47.03,-60.12,-45.58,-56.86,2026-06-16 16:07:03+00:00
2026-06-16T16:08:04+00:00,-49.09,-58.19,-64.08,-57.10,-65.84,-46.17,-43.63,-50.55,-48.08,-45.79,-49.84,-62.78,-58.39,-47.05,-59.29,-45.84,-59.12,2026-06-16 16:08:04+00:00
2026-06-16T16:09:04+00:00,-48.97,-58.52,-64.97,-57.13,-66.70,-46.09,-43.62,-50.57,-48.08,-45.85,-49.50,-62.46,-58.73,-47.08,-60.03,-45.60,-59.09,2026-06-16 16:09:04+00:00
2026-06-16T16:10:04+00:00,-48.70,-58.64,-63.37,-57.21,-66.78,-45.67,-43.43,-50.51,-48.10,-45.75,-49.48,-62.67,-58.58,-46.93,-59.97,-45.63,-58.86,2026-06-16 16:10:04+00:00
2026-06-16T16:11:03+00:00,-48.63,-57.45,-64.30,-57.22,-65.42,-46.21,-43.57,-50.52,-48.39,-45.92,-50.44,-62.23,-58.73,-46.80,-59.92,-45.58,-58.98,2026-06-16 16:11:03+00:00
2026-06-16T16:12:03+00:00,-48.84,-57.38,-63.45,-57.36,-66.12,-46.01,-43.47,-50.53,-49.06,-45.77,-50.51,-62.82,-58.55,-47.03,-59.69,-45.56,-59.19,2026-06-16 16:12:03+00:00
2026-06-16T16:13:04+00:00,-48.83,-58.47,-63.53,-57.16,-65.85,-46.23,-43.30,-50.52,-48.88,-45.83,-50.34,-63.08,-58.17,-46.93,-59.53,-45.59,-59.24,2026-06-16 16:13:04+00:00
2026-06-16T16:14:04+00:00,-49.04,-58.38,-63.74,-57.01,-65.97,-46.34,-43.54,-50.55,-51.73,-45.82,-50.21,-62.67,-58.30,-47.02,-59.64,-45.58,-58.66,2026-06-16 16:14:04+00:00
2026-06-16T16:15:04+00:00,-48.52,-58.29,-62.84,-57.28,-66.70,-46.08,-43.41,-50.58,-52.26,-45.88,-50.63,-62.71,-58.21,-47.02,-60.00,-45.59,-57.49,2026-06-16 16:15:04+00:00
2026-06-16T16:16:03+00:00,-48.92,-58.38,-62.58,-57.54,-66.61,-46.10,-43.34,-50.56,-50.90,-45.70,-50.49,-63.16,-58.01,-46.87,-60.07,-45.54,-59.81,2026-06-16 16:16:03+00:00
2026-06-16T16:17:03+00:00,-48.97,-58.04,-62.10,-57.17,-66.41,-46.07,-43.21,-50.44,-50.71,-45.79,-50.51,-63.28,-57.57,-46.90,-59.87,-45.59,-58.87,2026-06-16 16:17:03+00:00
2026-06-16T16:18:04+00:00,-49.03,-58.61,-61.96,-56.83,-66.30,-46.02,-43.28,-50.55,-50.04,-45.60,-50.60,-63.24,-57.51,-46.93,-59.73,-45.65,-58.05,2026-06-16 16:18:04+00:00
2026-06-16T16:19:04+00:00,-49.16,-58.40,-62.41,-56.91,-66.90,-46.11,-43.25,-50.94,-49.20,-45.07,-49.51,-63.15,-58.32,-46.72,-59.58,-45.59,-57.77,2026-06-16 16:19:04+00:00
2026-06-16T16:20:04+00:00,-48.23,-58.65,-61.66,-56.81,-66.15,-45.70,-43.06,-50.75,-49.11,-44.81,-48.77,-62.99,-58.09,-46.81,-59.99,-45.62,-58.07,2026-06-16 16:20:04+00:00
2026-06-16T16:21:04+00:00,-48.72,-59.35,-61.82,-57.08,-66.59,-45.67,-43.24,-50.95,-49.42,-44.55,-49.20,-63.17,-58.33,-46.75,-59.47,-45.84,-59.02,2026-06-16 16:21:04+00:00
2026-06-16T16:22:04+00:00,-48.45,-58.82,-61.82,-57.08,-65.95,-45.72,-43.22,-50.92,-49.26,-44.05,-48.47,-63.33,-58.60,-46.82,-59.72,-45.65,-57.49,2026-06-16 16:22:04+00:00
2026-06-16T16:23:04+00:00,-48.21,-59.20,-61.73,-57.15,-66.12,-45.58,-43.20,-50.77,-49.39,-43.80,-46.85,-62.99,-58.52,-46.46,-59.61,-45.60,-57.70,2026-06-16 16:23:04+00:00
2026-06-16T16:24:04+00:00,-49.04,-59.35,-62.00,-57.00,-65.26,-45.68,-43.11,-50.89,-49.37,-43.93,-46.70,-63.49,-60.05,-46.93,-60.50,-45.65,-57.06,2026-06-16 16:24:04+00:00
2026-06-16T16:25:04+00:00,-48.16,-59.66,-62.56,-57.34,-66.36,-45.76,-43.11,-50.89,-49.70,-44.18,-47.92,-63.35,-61.09,-46.74,-59.22,-45.73,-59.21,2026-06-16 16:25:04+00:00
2026-06-16T16:26:04+00:00,-48.65,-59.50,-62.42,-57.07,-66.30,-46.03,-43.40,-50.85,-49.41,-43.73,-47.22,-63.20,-58.48,-46.66,-59.71,-45.88,-58.96,2026-06-16 16:26:04+00:00
2026-06-16T16:27:04+00:00,-47.88,-59.15,-62.45,-57.18,-66.72,-45.60,-43.29,-50.78,-49.27,-43.73,-46.44,-61.68,-57.79,-46.75,-59.41,-45.73,-56.77,2026-06-16 16:27:04+00:00
2026-06-16T16:28:03+00:00,-47.45,-59.33,-63.36,-57.10,-65.53,-45.83,-43.18,-50.87,-49.21,-43.76,-47.01,-61.69,-58.18,-46.74,-59.79,-45.65,-59.02,2026-06-16 16:28:03+00:00
2026-06-16T16:29:04+00:00,-47.16,-59.50,-62.95,-57.14,-66.03,-45.56,-43.22,-50.85,-49.32,-43.91,-47.33,-59.86,-58.08,-46.75,-59.72,-45.79,-56.93,2026-06-16 16:29:04+00:00
2026-06-16T16:30:03+00:00,-47.33,-60.08,-63.46,-57.05,-66.48,-45.68,-43.14,-50.91,-49.36,-43.84,-47.30,-59.37,-58.00,-46.74,-60.04,-45.32,-58.83,2026-06-16 16:30:03+00:00
2026-06-16T16:31:03+00:00,-47.20,-59.70,-63.36,-57.01,-66.76,-45.86,-43.34,-50.81,-49.13,-43.89,-47.08,-59.44,-58.45,-46.59,-59.53,-45.70,-59.29,2026-06-16 16:31:03+00:00
2026-06-16T16:32:03+00:00,-46.91,-59.95,-63.87,-56.76,-65.04,-45.92,-43.39,-50.84,-49.44,-44.01,-47.07,-60.01,-58.48,-46.65,-59.62,-45.57,-59.27,2026-06-16 16:32:03+00:00
2026-06-16T16:33:03+00:00,-47.15,-59.35,-63.53,-56.75,-65.84,-46.00,-43.23,-50.84,-50.04,-43.81,-47.04,-59.88,-58.66,-46.60,-59.51,-45.36,-58.94,2026-06-16 16:33:03+00:00
2026-06-16T16:34:03+00:00,-47.24,-58.68,-63.64,-57.02,-66.30,-45.69,-43.48,-50.98,-50.27,-43.69,-47.06,-59.61,-58.83,-46.77,-59.53,-45.66,-59.02,2026-06-16 16:34:03+00:00
2026-06-16T16:35:03+00:00,-45.65,-58.63,-63.19,-56.87,-65.84,-45.57,-43.43,-50.91,-51.10,-43.80,-46.97,-59.66,-58.13,-46.69,-59.90,-45.71,-56.03,2026-06-16 16:35:03+00:00
2026-06-16T16:36:03+00:00,-46.26,-58.50,-63.25,-56.74,-66.92,-45.80,-43.35,-50.90,-50.37,-43.80,-47.12,-60.25,-58.17,-46.75,-59.48,-45.87,-58.46,2026-06-16 16:36:03+00:00
2026-06-16T16:37:03+00:00,-46.63,-58.56,-63.31,-57.42,-66.44,-45.71,-43.17,-51.22,-50.20,-43.97,-46.87,-60.47,-58.20,-46.67,-59.57,-45.86,-57.79,2026-06-16 16:37:03+00:00
2026-06-16T16:38:04+00:00,-46.93,-58.85,-63.92,-57.27,-66.15,-45.76,-43.22,-51.14,-50.59,-43.85,-46.86,-61.54,-57.93,-46.81,-59.18,-45.67,-58.89,2026-06-16 16:38:04+00:00
2026-06-16T16:39:04+00:00,-46.84,-59.06,-63.38,-57.23,-66.56,-45.93,-43.43,-51.02,-50.50,-44.16,-46.88,-62.26,-57.92,-46.67,-59.69,-45.74,-58.89,2026-06-16 16:39:04+00:00
2026-06-16T16:40:04+00:00,-47.85,-58.64,-63.37,-57.14,-66.14,-45.85,-43.32,-50.96,-51.28,-43.63,-46.92,-62.00,-58.16,-46.62,-59.16,-45.96,-58.32,2026-06-16 16:40:04+00:00
2026-06-16T16:41:03+00:00,-48.03,-59.22,-63.47,-57.36,-66.13,-45.94,-43.07,-50.98,-51.95,-46.49,-51.93,-62.60,-59.58,-46.59,-60.02,-45.86,-58.89,2026-06-16 16:41:03+00:00
2026-06-16T16:42:03+00:00,-48.68,-59.24,-62.35,-57.67,-65.88,-45.89,-43.28,-50.96,-52.24,-46.66,-52.77,-62.87,-58.86,-46.65,-59.59,-45.85,-58.51,2026-06-16 16:42:03+00:00
2026-06-16T16:43:04+00:00,-48.58,-59.27,-61.64,-57.36,-65.70,-45.70,-43.27,-51.05,-51.02,-46.67,-52.38,-63.29,-59.31,-46.51,-59.58,-46.12,-56.94,2026-06-16 16:43:04+00:00
2026-06-16T16:44:04+00:00,-48.57,-59.26,-61.90,-57.48,-66.57,-45.75,-43.38,-51.06,-49.29,-46.60,-52.36,-63.94,-59.52,-46.74,-60.03,-45.95,-58.85,2026-06-16 16:44:04+00:00
2026-06-16T16:45:03+00:00,-48.02,-58.28,-62.03,-57.02,-66.14,-45.71,-43.30,-51.00,-49.29,-46.66,-52.22,-62.81,-59.15,-46.62,-59.79,-46.06,-57.38,2026-06-16 16:45:03+00:00
2026-06-16T16:46:03+00:00,-47.58,-59.07,-61.14,-57.08,-66.46,-45.50,-43.36,-51.14,-49.39,-46.65,-52.28,-63.44,-59.09,-46.53,-59.75,-46.09,-57.46,2026-06-16 16:46:03+00:00
2026-06-16T16:47:04+00:00,-48.30,-59.10,-61.79,-56.92,-67.16,-45.73,-43.32,-51.22,-49.28,-46.56,-51.96,-63.71,-59.31,-46.68,-59.84,-46.07,-58.44,2026-06-16 16:47:04+00:00
2026-06-16T16:48:04+00:00,-47.64,-59.16,-61.45,-56.87,-66.54,-45.42,-43.24,-51.07,-49.68,-46.73,-51.96,-64.23,-59.26,-46.58,-59.82,-46.19,-58.51,2026-06-16 16:48:04+00:00
2026-06-16T16:49:04+00:00,-47.39,-58.98,-61.35,-57.13,-65.86,-45.39,-43.39,-50.95,-49.93,-46.55,-52.19,-64.40,-59.29,-46.69,-59.44,-46.19,-58.68,2026-06-16 16:49:04+00:00
2026-06-16T16:50:03+00:00,-47.80,-59.16,-61.51,-57.22,-66.87,-45.46,-43.25,-51.10,-49.91,-46.46,-53.17,-64.36,-59.19,-46.47,-59.62,-46.26,-57.68,2026-06-16 16:50:03+00:00
2026-06-16T16:51:03+00:00,-48.02,-59.21,-61.74,-57.04,-66.73,-45.75,-43.28,-50.94,-49.74,-46.57,-53.00,-64.68,-59.16,-46.67,-59.72,-46.20,-57.11,2026-06-16 16:51:03+00:00
2026-06-16T16:52:04+00:00,-48.26,-57.80,-60.48,-56.84,-66.35,-45.38,-43.34,-50.98,-49.88,-46.57,-52.89,-63.47,-58.51,-46.77,-59.82,-46.19,-58.62,2026-06-16 16:52:04+00:00
2026-06-16T16:53:04+00:00,-47.82,-59.14,-61.30,-57.20,-66.72,-45.68,-43.37,-51.16,-49.09,-46.75,-53.23,-64.56,-59.15,-46.84,-59.47,-46.27,-59.21,2026-06-16 16:53:04+00:00
2026-06-16T16:54:04+00:00,-48.10,-59.83,-61.15,-56.91,-66.19,-45.17,-43.20,-51.22,-49.65,-46.57,-53.03,-64.23,-58.70,-46.73,-59.87,-46.37,-59.17,2026-06-16 16:54:04+00:00
2026-06-16T16:55:03+00:00,-48.07,-59.79,-64.33,-57.23,-67.22,-45.26,-43.37,-50.99,-49.33,-46.56,-53.32,-66.88,-58.47,-46.77,-59.53,-46.12,-59.36,2026-06-16 16:55:03+00:00
2026-06-16T16:56:03+00:00,-47.71,-59.61,-51.91,-57.12,-66.26,-45.07,-43.34,-51.10,-50.19,-46.51,-53.13,-67.38,-58.80,-46.95,-59.01,-46.24,-58.52,2026-06-16 16:56:03+00:00
2026-06-16T16:57:03+00:00,-48.26,-59.67,-51.90,-56.84,-66.27,-45.33,-43.31,-51.09,-50.25,-46.57,-52.78,-66.14,-58.84,-46.90,-59.50,-46.35,-57.99,2026-06-16 16:57:03+00:00
2026-06-16T16:58:04+00:00,-48.18,-60.10,-63.75,-56.85,-66.29,-44.00,-43.31,-51.31,-50.11,-46.56,-52.87,-66.43,-58.40,-46.87,-59.42,-46.55,-58.97,2026-06-16 16:58:04+00:00
2026-06-16T16:59:04+00:00,-48.76,-59.02,-64.46,-56.76,-65.97,-43.96,-43.16,-51.19,-52.12,-46.66,-53.48,-66.70,-58.75,-47.07,-59.72,-46.36,-59.11,2026-06-16 16:59:04+00:00
2026-06-16T17:00:04+00:00,-47.61,-59.53,-64.65,-56.94,-66.83,-43.98,-43.38,-51.14,-51.62,-46.55,-52.79,-67.19,-58.99,-47.08,-59.57,-46.52,-57.99,2026-06-16 17:00:04+00:00
2026-06-16T17:01:04+00:00,-48.43,-60.04,-64.56,-57.12,-65.88,-43.92,-43.33,-51.31,-51.72,-46.63,-52.23,-66.83,-58.61,-47.16,-59.25,-46.42,-59.08,2026-06-16 17:01:04+00:00
2026-06-16T17:02:04+00:00,-48.74,-59.59,-64.22,-56.95,-66.51,-43.51,-43.19,-51.25,-51.88,-46.82,-52.19,-66.72,-58.67,-46.79,-59.61,-46.20,-55.25,2026-06-16 17:02:04+00:00
2026-06-16T17:03:04+00:00,-47.83,-59.49,-64.97,-56.70,-66.79,-44.01,-43.23,-51.21,-51.17,-46.76,-52.79,-66.80,-58.55,-47.00,-60.23,-46.26,-58.89,2026-06-16 17:03:04+00:00
2026-06-16T17:04:04+00:00,-48.27,-59.38,-64.73,-56.95,-66.61,-43.58,-43.22,-50.74,-50.71,-46.79,-52.34,-66.87,-56.03,-46.98,-59.91,-46.40,-58.33,2026-06-16 17:04:04+00:00
2026-06-16T17:05:04+00:00,-48.75,-59.77,-65.10,-56.53,-66.90,-43.47,-43.23,-50.82,-51.24,-46.92,-51.94,-67.55,-52.66,-46.86,-59.78,-46.65,-58.85,2026-06-16 17:05:04+00:00
2026-06-16T17:06:04+00:00,-48.41,-60.22,-65.26,-56.89,-66.98,-43.21,-43.30,-51.07,-51.01,-46.93,-51.89,-67.07,-55.60,-46.75,-60.19,-46.86,-58.48,2026-06-16 17:06:04+00:00
2026-06-16T17:07:03+00:00,-48.27,-59.40,-64.37,-56.86,-66.35,-43.26,-43.32,-51.05,-50.98,-46.93,-51.69,-66.88,-55.69,-46.96,-60.02,-46.73,-58.11,2026-06-16 17:07:03+00:00
2026-06-16T17:08:03+00:00,-48.95,-59.26,-64.94,-56.84,-66.57,-43.32,-43.28,-51.01,-50.87,-46.93,-51.32,-66.39,-55.63,-46.88,-60.04,-47.02,-58.49,2026-06-16 17:08:03+00:00
2026-06-16T17:09:03+00:00,-48.60,-59.73,-65.41,-56.65,-66.32,-43.37,-43.26,-51.10,-50.81,-47.00,-51.74,-66.95,-55.92,-46.85,-59.99,-47.02,-57.40,2026-06-16 17:09:03+00:00
2026-06-16T17:10:04+00:00,-47.66,-58.99,-64.73,-56.69,-66.86,-43.64,-43.30,-50.98,-50.80,-46.94,-51.37,-66.48,-55.58,-46.69,-59.64,-47.22,-58.69,2026-06-16 17:10:04+00:00
2026-06-16T17:11:04+00:00,-48.28,-59.23,-64.85,-56.65,-66.25,-43.26,-43.16,-50.96,-50.60,-47.01,-51.58,-66.79,-56.96,-46.78,-59.84,-47.20,-58.97,2026-06-16 17:11:04+00:00
2026-06-16T17:12:04+00:00,-46.60,-59.04,-64.49,-56.92,-65.86,-43.48,-43.11,-50.85,-50.50,-46.97,-51.62,-66.31,-56.95,-46.61,-59.43,-47.35,-58.02,2026-06-16 17:12:04+00:00
2026-06-16T17:13:04+00:00,-46.50,-59.18,-65.50,-57.04,-67.32,-43.56,-43.21,-51.03,-50.68,-47.10,-51.75,-66.72,-56.86,-46.40,-59.70,-47.26,-59.10,2026-06-16 17:13:04+00:00
2026-06-16T17:14:05+00:00,-46.92,-59.25,-65.24,-57.11,-66.02,-43.67,-43.27,-50.97,-50.44,-47.25,-52.03,-66.74,-56.95,-46.67,-57.91,-47.52,-58.66,2026-06-16 17:14:05+00:00
2026-06-16T17:15:03+00:00,-47.21,-58.32,-64.80,-56.39,-65.98,-43.75,-43.22,-51.05,-50.49,-47.33,-51.76,-65.92,-57.19,-46.46,-59.56,-47.62,-58.74,2026-06-16 17:15:03+00:00
2026-06-16T17:16:03+00:00,-47.19,-59.19,-64.99,-56.88,-66.90,-43.58,-43.32,-51.24,-50.60,-47.37,-51.74,-66.35,-57.42,-46.46,-60.22,-48.00,-59.31,2026-06-16 17:16:03+00:00
2026-06-16T17:17:03+00:00,-47.47,-59.21,-64.81,-56.83,-65.79,-43.61,-43.25,-51.15,-50.62,-47.58,-51.79,-67.03,-56.68,-46.48,-59.87,-48.19,-59.28,2026-06-16 17:17:03+00:00
2026-06-16T17:18:03+00:00,-47.28,-58.44,-64.21,-56.58,-66.25,-43.44,-43.38,-51.30,-51.62,-47.63,-52.10,-66.28,-57.06,-46.32,-59.87,-48.02,-59.15,2026-06-16 17:18:03+00:00
2026-06-16T17:19:04+00:00,-47.58,-58.30,-64.81,-56.52,-66.05,-43.40,-43.27,-51.46,-51.55,-47.68,-52.12,-65.94,-56.80,-46.22,-59.76,-48.05,-59.12,2026-06-16 17:19:04+00:00
2026-06-16T17:20:03+00:00,-48.03,-58.53,-64.61,-56.50,-66.62,-43.42,-43.36,-51.40,-51.55,-47.56,-51.75,-66.75,-56.81,-46.11,-60.01,-48.53,-58.91,2026-06-16 17:20:03+00:00
2026-06-16T17:21:03+00:00,-47.93,-58.32,-64.86,-56.33,-67.05,-43.40,-43.31,-51.39,-51.78,-47.76,-51.60,-66.46,-56.77,-46.16,-59.75,-48.50,-59.29,2026-06-16 17:21:03+00:00
2026-06-16T17:22:03+00:00,-47.20,-59.22,-64.05,-56.79,-66.44,-43.59,-43.48,-51.42,-51.71,-47.87,-51.99,-65.88,-56.88,-46.21,-60.19,-48.56,-58.94,2026-06-16 17:22:03+00:00
2026-06-16T17:23:04+00:00,-48.12,-58.72,-64.79,-56.75,-66.80,-43.35,-43.33,-51.45,-53.31,-47.85,-51.48,-66.91,-57.06,-46.02,-59.89,-48.61,-59.01,2026-06-16 17:23:04+00:00
2026-06-16T17:24:04+00:00,-47.89,-58.80,-64.26,-56.33,-66.26,-43.38,-43.33,-51.54,-53.23,-47.78,-51.92,-66.53,-57.25,-45.88,-59.30,-48.83,-57.15,2026-06-16 17:24:04+00:00
2026-06-16T17:25:04+00:00,-47.25,-59.13,-64.92,-56.75,-66.71,-43.83,-43.45,-51.40,-53.38,-47.84,-51.94,-66.93,-56.97,-46.02,-59.47,-49.08,-57.26,2026-06-16 17:25:04+00:00
2026-06-16T17:26:03+00:00,-46.59,-58.81,-64.25,-56.79,-67.34,-43.76,-43.24,-51.06,-50.25,-47.85,-52.09,-66.16,-57.08,-45.77,-59.48,-49.16,-58.31,2026-06-16 17:26:03+00:00
2026-06-16T17:27:03+00:00,-47.82,-58.40,-64.51,-56.73,-65.78,-43.48,-43.33,-51.12,-50.33,-47.87,-52.11,-67.15,-56.43,-45.95,-59.53,-49.32,-58.95,2026-06-16 17:27:03+00:00
2026-06-16T17:28:04+00:00,-47.63,-58.61,-64.24,-56.73,-66.77,-43.49,-43.34,-51.08,-49.91,-47.90,-51.88,-67.01,-58.42,-46.06,-59.98,-49.47,-58.78,2026-06-16 17:28:04+00:00
2026-06-16T17:29:04+00:00,-48.02,-58.83,-65.12,-56.52,-66.06,-43.47,-43.25,-51.11,-48.69,-47.92,-52.35,-67.44,-57.42,-46.08,-59.97,-49.52,-57.41,2026-06-16 17:29:04+00:00
2026-06-16T17:30:04+00:00,-48.00,-59.40,-65.12,-56.72,-65.85,-43.61,-43.47,-51.17,-48.60,-47.82,-52.19,-67.86,-57.55,-45.75,-59.82,-49.14,-58.50,2026-06-16 17:30:04+00:00
2026-06-16T17:31:04+00:00,-48.51,-59.30,-65.41,-56.90,-66.42,-43.52,-43.19,-51.22,-48.63,-47.92,-52.24,-68.08,-57.44,-46.02,-60.11,-49.53,-59.10,2026-06-16 17:31:04+00:00
2026-06-16T17:32:03+00:00,-49.66,-59.29,-65.23,-56.85,-65.45,-43.45,-43.21,-51.22,-49.31,-47.90,-52.30,-67.30,-57.39,-45.78,-59.87,-49.59,-58.87,2026-06-16 17:32:03+00:00
2026-06-16T17:33:03+00:00,-48.29,-59.70,-64.97,-56.75,-67.01,-43.53,-43.42,-51.27,-49.37,-48.07,-52.70,-67.37,-57.68,-45.89,-60.05,-49.53,-57.85,2026-06-16 17:33:03+00:00
2026-06-16T17:34:03+00:00,-48.26,-58.53,-65.19,-56.82,-66.50,-43.60,-43.32,-51.25,-49.03,-47.88,-52.43,-67.71,-59.12,-45.79,-60.06,-49.44,-58.86,2026-06-16 17:34:03+00:00
2026-06-16T17:35:03+00:00,-48.78,-58.30,-64.64,-56.73,-66.15,-43.73,-43.50,-51.24,-49.03,-47.98,-52.36,-67.67,-57.80,-45.81,-60.09,-49.84,-58.55,2026-06-16 17:35:03+00:00
2026-06-16T17:36:04+00:00,-48.35,-59.22,-65.30,-56.46,-66.04,-43.88,-43.39,-51.21,-49.33,-48.13,-52.33,-68.13,-54.46,-45.86,-59.78,-49.60,-59.01,2026-06-16 17:36:04+00:00
2026-06-16T17:37:04+00:00,-48.15,-58.98,-64.82,-56.72,-66.04,-43.89,-43.47,-51.27,-49.19,-48.21,-52.25,-67.44,-54.64,-45.74,-60.08,-49.82,-58.97,2026-06-16 17:37:04+00:00
2026-06-16T17:38:04+00:00,-48.53,-59.00,-65.00,-57.06,-67.07,-43.90,-43.57,-51.08,-48.85,-48.19,-52.26,-67.87,-55.59,-45.68,-60.12,-49.80,-58.24,2026-06-16 17:38:04+00:00
2026-06-16T17:39:03+00:00,-48.57,-58.56,-64.91,-56.78,-66.63,-43.76,-43.49,-51.18,-49.54,-48.17,-52.51,-67.90,-54.59,-45.53,-60.16,-49.97,-58.43,2026-06-16 17:39:03+00:00
2026-06-16T17:40:03+00:00,-48.96,-58.74,-65.28,-56.59,-65.57,-43.71,-43.53,-51.20,-49.06,-48.38,-52.51,-67.72,-58.63,-45.64,-59.89,-50.25,-59.05,2026-06-16 17:40:03+00:00
2026-06-16T17:41:03+00:00,-49.29,-58.87,-65.30,-56.96,-66.38,-43.70,-43.39,-51.19,-51.18,-48.31,-52.69,-68.01,-58.70,-45.64,-59.93,-50.28,-58.93,2026-06-16 17:41:03+00:00
2026-06-16T17:42:03+00:00,-49.63,-59.20,-64.63,-56.77,-66.37,-43.51,-43.39,-51.19,-51.36,-48.32,-52.51,-67.29,-58.33,-45.81,-60.00,-50.04,-58.66,2026-06-16 17:42:03+00:00
2026-06-16T17:43:03+00:00,-48.74,-58.78,-64.40,-56.41,-66.00,-43.79,-43.48,-51.12,-48.10,-48.35,-52.85,-67.94,-58.17,-45.61,-59.60,-50.15,-56.87,2026-06-16 17:43:03+00:00
2026-06-16T17:44:03+00:00,-49.12,-59.06,-65.23,-56.71,-66.75,-43.82,-43.49,-51.16,-57.99,-48.47,-52.64,-67.71,-60.83,-45.64,-60.28,-50.14,-58.95,2026-06-16 17:44:03+00:00
2026-06-16T17:45:03+00:00,-48.65,-57.70,-64.72,-56.56,-66.03,-44.00,-43.46,-51.12,-50.05,-48.57,-52.54,-66.75,-60.70,-45.72,-59.77,-50.14,-57.23,2026-06-16 17:45:03+00:00
2026-06-16T17:46:03+00:00,-48.71,-59.08,-64.67,-56.80,-65.93,-43.84,-43.35,-51.06,-49.76,-48.44,-52.58,-67.87,-60.80,-45.58,-59.78,-50.44,-58.53,2026-06-16 17:46:03+00:00
2026-06-16T17:47:03+00:00,-48.17,-58.63,-64.51,-56.47,-66.56,-43.98,-43.57,-51.10,-51.28,-48.54,-52.74,-67.12,-60.72,-45.54,-60.28,-50.20,-58.66,2026-06-16 17:47:03+00:00
2026-06-16T17:48:03+00:00,-48.52,-59.41,-64.92,-56.61,-66.74,-44.20,-43.50,-51.12,-49.16,-48.58,-52.49,-68.07,-61.11,-45.60,-60.22,-50.56,-58.17,2026-06-16 17:48:03+00:00
2026-06-16T17:49:03+00:00,-48.62,-58.74,-65.13,-56.40,-66.02,-43.93,-43.59,-51.11,-51.50,-48.82,-52.24,-67.99,-60.92,-45.56,-60.47,-50.50,-56.22,2026-06-16 17:49:03+00:00
2026-06-16T17:50:03+00:00,-48.23,-59.01,-65.21,-56.70,-65.72,-44.27,-43.45,-51.23,-52.81,-48.82,-51.67,-68.25,-61.13,-45.67,-60.16,-50.47,-58.19,2026-06-16 17:50:03+00:00
2026-06-16T17:51:03+00:00,-48.39,-58.04,-65.07,-56.68,-66.26,-44.12,-43.51,-51.18,-51.95,-48.96,-52.06,-68.22,-61.23,-45.43,-60.36,-50.79,-58.63,2026-06-16 17:51:03+00:00
2026-06-16T17:52:03+00:00,-48.98,-59.23,-64.93,-56.53,-65.97,-44.00,-43.54,-51.22,-48.91,-49.03,-52.04,-68.25,-60.44,-45.67,-59.94,-51.15,-58.65,2026-06-16 17:52:03+00:00
2026-06-16T17:53:04+00:00,-49.76,-59.38,-65.14,-56.81,-66.12,-43.72,-43.56,-51.25,-48.58,-49.06,-52.64,-68.64,-60.67,-45.53,-59.98,-51.50,-57.43,2026-06-16 17:53:04+00:00
2026-06-16T17:54:04+00:00,-49.03,-58.73,-65.06,-56.62,-65.90,-43.99,-43.57,-51.17,-48.96,-48.97,-52.15,-67.66,-60.50,-45.52,-59.95,-51.22,-57.37,2026-06-16 17:54:04+00:00
2026-06-16T17:55:04+00:00,-48.50,-58.80,-65.17,-56.88,-66.43,-44.33,-43.58,-51.29,-53.40,-49.24,-52.31,-68.53,-60.83,-45.62,-60.19,-51.22,-58.70,2026-06-16 17:55:04+00:00
2026-06-16T17:56:04+00:00,-48.71,-59.24,-65.58,-56.66,-66.14,-43.69,-43.64,-51.34,-54.06,-49.18,-52.23,-68.36,-60.78,-45.86,-60.34,-51.62,-58.88,2026-06-16 17:56:04+00:00
2026-06-16T17:57:04+00:00,-47.63,-59.19,-65.44,-56.46,-66.52,-44.29,-43.69,-51.31,-50.52,-49.30,-51.90,-68.58,-60.75,-45.69,-60.25,-51.29,-58.92,2026-06-16 17:57:04+00:00
2026-06-16T17:58:04+00:00,-47.26,-58.99,-64.86,-56.69,-66.49,-44.09,-43.61,-51.37,-48.91,-49.39,-51.99,-68.23,-60.70,-45.72,-60.02,-51.68,-58.76,2026-06-16 17:58:04+00:00
2026-06-16T17:59:04+00:00,-47.41,-58.88,-64.80,-56.86,-66.26,-43.91,-43.54,-51.38,-48.80,-49.36,-51.95,-67.96,-60.56,-45.84,-60.25,-51.72,-56.68,2026-06-16 17:59:04+00:00
2026-06-16T18:00:04+00:00,-47.10,-58.98,-65.00,-56.56,-66.89,-43.98,-43.62,-51.40,-48.90,-49.23,-51.62,-67.30,-60.33,-45.92,-60.59,-52.02,-58.64,2026-06-16 18:00:04+00:00
2026-06-16T18:01:04+00:00,-47.32,-59.19,-65.26,-56.88,-66.00,-43.98,-43.61,-51.48,-50.88,-49.38,-51.38,-67.79,-60.60,-46.20,-60.31,-51.55,-58.19,2026-06-16 18:01:04+00:00
2026-06-16T18:02:04+00:00,-47.83,-58.64,-65.07,-56.79,-66.21,-44.11,-43.60,-51.48,-50.38,-49.39,-51.18,-67.63,-60.65,-46.03,-59.95,-51.65,-58.53,2026-06-16 18:02:04+00:00
2026-06-16T18:03:03+00:00,-47.04,-58.85,-65.09,-56.73,-66.91,-43.44,-43.63,-51.43,-51.58,-49.34,-51.54,-67.83,-60.48,-46.03,-60.39,-51.95,-57.83,2026-06-16 18:03:03+00:00
2026-06-16T18:04:03+00:00,-47.09,-59.60,-65.42,-56.66,-66.48,-44.73,-43.64,-51.45,-50.63,-49.58,-51.52,-68.20,-60.51,-45.96,-59.53,-51.76,-58.34,2026-06-16 18:04:03+00:00
2026-06-16T18:05:03+00:00,-46.93,-59.62,-65.06,-56.79,-65.52,-49.08,-43.79,-51.42,-52.54,-49.45,-51.31,-67.70,-60.37,-46.00,-60.43,-51.97,-58.11,2026-06-16 18:05:03+00:00
2026-06-16T18:06:03+00:00,-46.98,-59.96,-65.76,-56.96,-67.24,-48.70,-43.66,-51.51,-50.75,-49.46,-51.49,-68.39,-60.59,-45.87,-60.41,-52.00,-57.85,2026-06-16 18:06:03+00:00
2026-06-16T18:07:03+00:00,-47.13,-60.22,-65.70,-56.73,-66.72,-52.17,-54.63,-51.90,-51.90,-49.80,-54.07,-69.09,-60.52,-45.95,-59.95,-52.14,-59.03,2026-06-16 18:07:03+00:00
2026-06-16T18:08:04+00:00,-47.36,-60.42,-65.93,-56.82,-66.47,-51.98,-54.63,-51.87,-50.78,-49.54,-54.17,-69.36,-60.50,-45.92,-60.61,-51.69,-57.13,2026-06-16 18:08:04+00:00
2026-06-16T18:09:04+00:00,-47.20,-60.32,-65.91,-56.77,-66.04,-52.02,-54.56,-51.95,-51.21,-49.64,-53.91,-69.64,-60.61,-45.74,-60.33,-51.76,-59.00,2026-06-16 18:09:04+00:00
2026-06-16T18:10:04+00:00,-47.41,-59.51,-65.63,-56.61,-66.32,-52.32,-54.78,-51.90,-50.28,-49.60,-53.89,-68.43,-60.28,-45.81,-60.10,-51.97,-55.22,2026-06-16 18:10:04+00:00
2026-06-16T18:11:04+00:00,-47.96,-59.62,-65.75,-56.75,-66.13,-52.13,-54.63,-51.98,-49.52,-49.47,-53.81,-69.49,-60.61,-45.99,-59.99,-51.87,-58.82,2026-06-16 18:11:04+00:00
2026-06-16T18:12:03+00:00,-48.31,-59.68,-65.70,-56.83,-66.47,-52.17,-54.66,-52.11,-50.38,-49.37,-53.88,-69.09,-60.69,-45.99,-59.83,-51.76,-59.15,2026-06-16 18:12:03+00:00
2026-06-16T18:13:03+00:00,-48.38,-59.98,-65.41,-56.71,-66.52,-52.30,-54.50,-52.11,-49.42,-49.49,-53.78,-69.02,-60.59,-45.90,-60.01,-52.08,-59.19,2026-06-16 18:13:03+00:00
2026-06-16T18:14:03+00:00,-48.62,-60.16,-65.63,-56.79,-66.34,-52.20,-54.87,-52.18,-48.12,-49.46,-53.74,-68.29,-60.78,-46.02,-60.05,-51.80,-58.98,2026-06-16 18:14:03+00:00
2026-06-16T18:15:04+00:00,-49.29,-60.35,-65.58,-56.74,-67.18,-52.40,-54.46,-52.29,-48.00,-49.57,-53.99,-66.99,-60.82,-45.82,-59.65,-51.44,-59.29,2026-06-16 18:15:04+00:00
2026-06-16T18:16:04+00:00,-48.91,-61.06,-65.90,-56.29,-66.45,-52.52,-54.37,-52.32,-48.19,-49.55,-53.76,-67.53,-60.08,-45.90,-60.39,-50.90,-59.15,2026-06-16 18:16:04+00:00
2026-06-16T18:17:04+00:00,-49.50,-60.80,-65.90,-56.74,-65.90,-52.14,-54.60,-52.47,-48.25,-49.48,-55.89,-68.06,-60.03,-46.03,-59.84,-51.40,-59.11,2026-06-16 18:17:04+00:00
2026-06-16T18:18:03+00:00,-49.84,-60.66,-64.77,-56.82,-65.64,-52.00,-54.49,-52.70,-48.24,-49.64,-56.06,-66.97,-59.80,-46.03,-60.40,-51.10,-58.25,2026-06-16 18:18:03+00:00
2026-06-16T18:19:03+00:00,-49.59,-60.56,-65.44,-56.53,-65.84,-52.40,-54.76,-52.71,-47.86,-49.72,-55.56,-69.28,-60.06,-46.09,-60.30,-50.60,-59.59,2026-06-16 18:19:03+00:00
2026-06-16T18:20:03+00:00,-49.18,-61.04,-65.72,-56.54,-66.43,-52.19,-54.89,-53.04,-48.02,-49.62,-56.10,-69.43,-60.24,-45.93,-60.04,-50.91,-59.34,2026-06-16 18:20:03+00:00
2026-06-16T18:21:04+00:00,-48.54,-61.37,-65.70,-56.29,-66.47,-52.15,-54.75,-53.24,-48.87,-49.83,-56.28,-69.27,-60.24,-46.15,-59.84,-50.92,-59.63,2026-06-16 18:21:04+00:00
2026-06-16T18:22:04+00:00,-49.05,-60.99,-65.40,-56.51,-66.29,-52.26,-55.30,-53.51,-48.84,-49.64,-56.38,-68.73,-60.32,-46.33,-60.47,-50.72,-59.65,2026-06-16 18:22:04+00:00
2026-06-16T18:23:04+00:00,-48.80,-61.24,-65.17,-56.77,-66.12,-52.26,-55.08,-53.57,-48.78,-49.61,-56.47,-69.20,-60.22,-46.41,-60.33,-50.50,-59.47,2026-06-16 18:23:04+00:00
2026-06-16T18:24:04+00:00,-49.61,-60.58,-64.51,-56.65,-66.62,-51.99,-55.06,-53.72,-48.81,-49.79,-56.43,-68.05,-59.70,-46.60,-59.60,-50.53,-58.06,2026-06-16 18:24:04+00:00
2026-06-16T18:25:03+00:00,-50.08,-61.47,-65.37,-56.57,-66.22,-51.99,-55.01,-54.05,-50.22,-49.71,-56.45,-69.16,-59.92,-46.45,-60.11,-50.43,-59.48,2026-06-16 18:25:03+00:00
2026-06-16T18:26:03+00:00,-49.85,-59.46,-65.37,-56.76,-66.69,-51.90,-54.78,-54.23,-50.24,-49.81,-56.67,-68.83,-60.59,-46.63,-59.67,-50.47,-59.08,2026-06-16 18:26:03+00:00
2026-06-16T18:27:03+00:00,-52.23,-59.49,-65.15,-56.75,-66.39,-52.14,-54.92,-54.47,-50.31,-49.85,-56.32,-68.34,-60.59,-46.75,-59.93,-50.10,-59.12,2026-06-16 18:27:03+00:00
2026-06-16T18:28:04+00:00,-52.43,-58.87,-65.19,-56.48,-66.01,-51.94,-55.47,-54.56,-50.25,-49.73,-56.21,-68.36,-59.92,-46.74,-59.61,-50.14,-59.02,2026-06-16 18:28:04+00:00
2026-06-16T18:29:04+00:00,-52.03,-59.20,-65.41,-56.95,-66.19,-51.78,-55.36,-54.70,-53.94,-49.83,-55.89,-68.39,-60.15,-46.94,-59.89,-50.01,-59.24,2026-06-16 18:29:04+00:00
2026-06-16T18:30:04+00:00,-51.53,-59.85,-65.33,-56.42,-66.33,-51.75,-55.41,-55.15,-53.85,-49.90,-56.39,-68.89,-60.39,-47.04,-60.05,-50.03,-58.55,2026-06-16 18:30:04+00:00
2026-06-16T18:31:04+00:00,-49.95,-59.02,-64.84,-56.87,-65.56,-51.77,-55.42,-55.27,-53.67,-49.93,-56.49,-68.15,-59.89,-47.09,-60.11,-49.90,-56.24,2026-06-16 18:31:04+00:00
2026-06-16T18:32:04+00:00,-51.09,-59.84,-65.11,-56.46,-65.68,-51.64,-55.50,-55.68,-53.72,-49.96,-56.56,-68.30,-59.86,-47.16,-60.01,-49.47,-58.98,2026-06-16 18:32:04+00:00
2026-06-16T18:33:04+00:00,-50.78,-58.73,-65.58,-56.75,-66.91,-51.86,-56.01,-55.85,-52.11,-49.90,-56.54,-68.75,-59.89,-47.39,-60.52,-49.59,-58.91,2026-06-16 18:33:04+00:00
2026-06-16T18:34:03+00:00,-50.09,-59.54,-65.33,-57.19,-66.51,-51.65,-56.07,-56.00,-51.97,-49.73,-56.42,-68.52,-61.03,-47.28,-59.70,-49.68,-59.41,2026-06-16 18:34:03+00:00
2026-06-16T18:35:03+00:00,-50.28,-59.37,-65.31,-56.69,-67.05,-51.69,-56.01,-56.16,-52.03,-49.82,-56.54,-68.49,-61.16,-47.46,-60.18,-49.55,-59.27,2026-06-16 18:35:03+00:00
2026-06-16T18:36:04+00:00,-49.65,-59.28,-65.03,-56.65,-66.22,-51.72,-55.78,-56.37,-51.78,-49.84,-56.74,-68.51,-60.97,-47.72,-59.59,-49.49,-57.10,2026-06-16 18:36:04+00:00
2026-06-16T18:37:04+00:00,-49.61,-59.54,-65.12,-56.76,-66.56,-51.86,-56.23,-56.90,-51.90,-49.76,-56.70,-69.07,-61.21,-47.66,-59.91,-49.46,-58.90,2026-06-16 18:37:04+00:00
2026-06-16T18:38:03+00:00,-49.38,-59.24,-64.75,-56.54,-66.55,-51.52,-56.05,-57.83,-51.86,-49.67,-56.33,-66.27,-60.90,-47.72,-60.06,-48.91,-52.56,2026-06-16 18:38:03+00:00
2026-06-16T18:39:04+00:00,-48.86,-58.92,-65.30,-56.87,-66.22,-51.87,-55.97,-58.57,-51.86,-49.69,-56.74,-68.87,-61.17,-47.90,-60.02,-49.09,-54.56,2026-06-16 18:39:04+00:00
2026-06-16T18:40:03+00:00,-49.04,-58.45,-65.44,-56.64,-66.83,-51.92,-56.08,-59.17,-51.95,-49.65,-55.38,-68.90,-60.55,-48.13,-60.27,-48.84,-58.59,2026-06-16 18:40:03+00:00
2026-06-16T18:41:03+00:00,-49.44,-58.49,-65.31,-56.71,-66.44,-51.61,-55.95,-59.94,-51.81,-49.51,-56.61,-68.68,-60.49,-47.82,-59.89,-48.92,-53.18,2026-06-16 18:41:03+00:00
2026-06-16T18:42:04+00:00,-48.00,-59.03,-65.21,-56.47,-66.86,-51.58,-56.03,-60.94,-51.44,-49.46,-56.91,-68.64,-60.33,-47.94,-59.81,-48.62,-54.24,2026-06-16 18:42:04+00:00
2026-06-16T18:43:04+00:00,-48.84,-59.37,-64.80,-56.43,-65.01,-51.42,-55.79,-61.10,-51.58,-49.41,-56.87,-67.94,-60.26,-47.90,-59.56,-48.58,-55.94,2026-06-16 18:43:04+00:00
2026-06-16T18:44:04+00:00,-48.78,-59.76,-65.49,-56.67,-65.86,-51.75,-55.79,-62.52,-51.56,-49.24,-56.97,-68.91,-60.36,-47.85,-60.20,-48.53,-56.06,2026-06-16 18:44:04+00:00
2026-06-16T18:45:04+00:00,-48.86,-59.57,-65.28,-56.75,-66.33,-51.40,-55.50,-63.16,-51.51,-49.23,-56.90,-68.56,-58.25,-47.83,-60.06,-48.38,-53.74,2026-06-16 18:45:04+00:00
2026-06-16T18:46:03+00:00,-49.19,-59.61,-65.40,-57.02,-66.20,-51.18,-55.70,-64.05,-51.55,-49.34,-56.74,-68.61,-59.05,-47.77,-59.92,-48.50,-56.16,2026-06-16 18:46:03+00:00
2026-06-16T18:47:03+00:00,-49.43,-59.34,-65.48,-57.04,-66.92,-51.25,-55.27,-65.07,-51.63,-49.48,-57.71,-68.82,-56.85,-48.00,-60.40,-48.64,-55.32,2026-06-16 18:47:03+00:00
2026-06-16T18:48:04+00:00,-48.98,-59.08,-65.23,-57.00,-66.23,-51.38,-55.10,-65.47,-53.37,-49.35,-57.60,-68.20,-57.80,-47.56,-59.58,-48.61,-55.11,2026-06-16 18:48:04+00:00
2026-06-16T18:49:04+00:00,-48.84,-59.25,-64.93,-56.90,-65.42,-51.38,-55.27,-63.43,-53.19,-49.30,-57.78,-66.64,-58.78,-47.63,-59.55,-48.84,-55.76,2026-06-16 18:49:04+00:00
2026-06-16T18:50:04+00:00,-48.33,-60.18,-64.68,-56.66,-65.89,-50.37,-55.00,-65.72,-53.24,-49.30,-57.41,-65.96,-59.62,-47.48,-59.82,-48.89,-53.40,2026-06-16 18:50:04+00:00
2026-06-16T18:51:03+00:00,-49.09,-60.27,-64.94,-56.78,-66.26,-48.97,-54.94,-65.55,-53.35,-49.46,-57.60,-66.63,-60.07,-47.01,-59.75,-48.94,-54.94,2026-06-16 18:51:03+00:00
2026-06-16T18:52:03+00:00,-48.87,-60.14,-64.39,-56.96,-66.03,-49.34,-54.34,-65.01,-53.23,-49.48,-57.29,-65.98,-61.06,-46.93,-59.92,-48.88,-55.07,2026-06-16 18:52:03+00:00
2026-06-16T18:53:03+00:00,-48.92,-59.17,-64.59,-56.91,-65.84,-43.94,-54.59,-65.67,-53.16,-49.41,-57.37,-65.75,-60.49,-46.47,-59.60,-48.84,-53.03,2026-06-16 18:53:03+00:00
2026-06-16T18:54:04+00:00,-49.26,-60.16,-64.82,-56.64,-66.70,-44.10,-54.20,-66.01,-53.26,-49.39,-57.65,-66.26,-60.76,-46.26,-59.91,-48.68,-54.81,2026-06-16 18:54:04+00:00
2026-06-16T18:55:04+00:00,-49.26,-60.00,-64.21,-56.79,-64.22,-44.26,-54.17,-66.25,-50.68,-49.37,-57.55,-65.89,-61.11,-46.22,-59.65,-48.99,-53.40,2026-06-16 18:55:04+00:00
2026-06-16T18:56:04+00:00,-49.23,-59.79,-63.86,-56.67,-64.32,-44.10,-54.57,-65.73,-50.79,-49.50,-57.18,-65.85,-60.57,-45.92,-59.47,-48.45,-53.63,2026-06-16 18:56:04+00:00
2026-06-16T18:57:03+00:00,-51.61,-59.09,-62.96,-56.50,-63.31,-44.04,-54.49,-64.93,-51.33,-49.42,-57.33,-65.65,-60.65,-45.70,-59.94,-48.35,-53.06,2026-06-16 18:57:03+00:00
2026-06-16T18:58:03+00:00,-51.64,-59.84,-63.48,-56.78,-64.01,-43.86,-54.36,-65.73,-51.13,-49.36,-57.39,-65.38,-60.89,-45.29,-59.56,-48.18,-55.81,2026-06-16 18:58:03+00:00
2026-06-16T18:59:04+00:00,-51.75,-60.42,-63.81,-56.77,-63.77,-44.17,-54.09,-66.27,-49.01,-49.43,-57.33,-65.97,-61.08,-44.90,-59.73,-48.54,-55.72,2026-06-16 18:59:04+00:00
2026-06-16T19:00:04+00:00,-51.67,-60.17,-63.91,-56.37,-63.31,-44.14,-53.90,-65.98,-49.02,-49.33,-57.33,-65.64,-61.61,-44.87,-59.55,-48.55,-53.36,2026-06-16 19:00:04+00:00
2026-06-16T19:01:04+00:00,-51.60,-60.47,-64.27,-56.49,-63.00,-44.13,-53.51,-65.98,-48.99,-49.49,-57.28,-66.42,-61.90,-44.71,-59.82,-48.99,-53.55,2026-06-16 19:01:04+00:00
2026-06-16T19:02:03+00:00,-51.38,-59.68,-64.23,-56.56,-63.62,-44.35,-54.00,-65.95,-49.02,-49.59,-57.58,-65.43,-61.70,-44.71,-59.77,-48.57,-54.15,2026-06-16 19:02:03+00:00
2026-06-16T19:03:04+00:00,-51.77,-59.18,-64.18,-56.68,-63.95,-44.16,-53.53,-65.54,-48.93,-49.46,-57.63,-65.93,-61.26,-44.22,-59.41,-48.92,-55.97,2026-06-16 19:03:04+00:00
2026-06-16T19:04:03+00:00,-51.32,-58.67,-64.47,-56.95,-63.19,-44.37,-53.84,-66.09,-48.90,-49.54,-57.59,-66.27,-61.32,-44.18,-59.37,-48.82,-54.04,2026-06-16 19:04:03+00:00
2026-06-16T19:05:03+00:00,-51.33,-58.86,-64.40,-56.71,-62.98,-44.74,-53.64,-64.78,-48.76,-49.62,-57.55,-65.89,-61.59,-44.25,-59.94,-48.74,-55.73,2026-06-16 19:05:03+00:00
2026-06-16T19:06:03+00:00,-51.45,-58.84,-64.35,-56.85,-63.24,-44.46,-53.64,-64.94,-48.84,-49.61,-57.91,-66.04,-61.41,-44.05,-59.39,-48.93,-55.72,2026-06-16 19:06:03+00:00
2026-06-16T19:07:04+00:00,-52.50,-58.43,-61.99,-55.76,-60.55,-44.40,-53.07,-62.65,-48.89,-49.63,-57.25,-62.51,-60.16,-44.07,-58.40,-49.04,-53.59,2026-06-16 19:07:04+00:00
2026-06-16T19:08:03+00:00,-52.51,-59.45,-63.93,-56.68,-63.72,-44.31,-53.43,-65.84,-48.78,-49.64,-57.74,-64.31,-61.21,-43.98,-59.34,-48.89,-53.96,2026-06-16 19:08:03+00:00
2026-06-16T19:09:03+00:00,-52.68,-59.22,-64.53,-56.81,-63.19,-44.15,-53.67,-66.11,-48.76,-49.74,-57.86,-65.02,-60.95,-43.88,-59.31,-48.70,-55.69,2026-06-16 19:09:03+00:00
2026-06-16T19:10:03+00:00,-52.60,-59.63,-63.98,-56.70,-62.95,-44.41,-53.61,-65.92,-50.20,-49.90,-57.89,-64.58,-60.75,-43.80,-59.36,-48.98,-54.17,2026-06-16 19:10:03+00:00
2026-06-16T19:11:03+00:00,-52.26,-59.33,-63.73,-56.79,-62.41,-44.50,-53.77,-65.76,-50.14,-49.79,-57.74,-64.24,-60.94,-43.83,-59.70,-48.64,-56.01,2026-06-16 19:11:03+00:00
2026-06-16T19:12:04+00:00,-52.86,-59.31,-63.41,-56.65,-63.37,-44.13,-53.48,-65.56,-50.21,-50.17,-57.66,-64.14,-60.66,-43.47,-59.95,-49.12,-54.03,2026-06-16 19:12:04+00:00
2026-06-16T19:13:04+00:00,-52.81,-60.26,-63.62,-56.48,-63.83,-44.27,-53.63,-65.80,-50.46,-50.23,-57.65,-64.13,-60.45,-43.56,-59.70,-48.89,-55.89,2026-06-16 19:13:04+00:00
2026-06-16T19:14:04+00:00,-52.90,-60.50,-64.22,-56.50,-62.89,-44.54,-53.51,-65.38,-53.27,-50.29,-57.28,-64.63,-60.76,-43.59,-59.47,-48.66,-55.68,2026-06-16 19:14:04+00:00
2026-06-16T19:15:04+00:00,-52.69,-59.16,-64.14,-56.79,-63.16,-44.28,-53.26,-65.04,-53.43,-50.27,-57.01,-64.23,-60.63,-43.50,-59.91,-48.94,-55.84,2026-06-16 19:15:04+00:00
2026-06-16T19:16:04+00:00,-52.73,-59.54,-63.66,-56.62,-64.00,-44.64,-53.38,-64.80,-53.34,-50.28,-56.81,-63.81,-60.88,-43.42,-59.56,-49.00,-55.47,2026-06-16 19:16:04+00:00
2026-06-16T19:17:04+00:00,-52.14,-59.12,-63.61,-56.37,-63.18,-44.86,-53.35,-64.38,-53.03,-50.10,-56.19,-64.19,-59.78,-43.43,-59.47,-49.06,-53.92,2026-06-16 19:17:04+00:00
2026-06-16T19:18:03+00:00,-52.03,-59.24,-63.68,-56.61,-61.86,-44.64,-53.49,-64.92,-51.61,-50.27,-56.02,-63.80,-60.23,-43.57,-59.55,-49.35,-55.47,2026-06-16 19:18:03+00:00
2026-06-16T19:19:03+00:00,-52.05,-59.13,-63.84,-56.65,-63.11,-44.65,-53.34,-64.47,-51.60,-50.46,-56.06,-63.92,-59.50,-43.76,-59.61,-49.47,-53.85,2026-06-16 19:19:03+00:00
2026-06-16T19:20:04+00:00,-51.83,-59.24,-63.61,-56.24,-63.44,-44.71,-53.46,-63.72,-51.79,-50.30,-56.49,-63.18,-59.95,-43.72,-59.06,-49.58,-55.30,2026-06-16 19:20:04+00:00
2026-06-16T19:21:04+00:00,-52.47,-58.62,-63.27,-56.13,-63.24,-44.72,-52.97,-63.76,-51.92,-50.23,-56.66,-63.07,-60.16,-43.78,-59.40,-49.08,-55.38,2026-06-16 19:21:04+00:00
2026-06-16T19:22:04+00:00,-52.46,-58.77,-63.42,-56.36,-64.18,-44.68,-53.03,-63.79,-51.93,-50.40,-56.55,-63.14,-59.75,-43.87,-59.79,-49.04,-55.14,2026-06-16 19:22:04+00:00
2026-06-16T19:23:04+00:00,-52.59,-59.26,-63.41,-56.54,-63.00,-44.84,-53.02,-64.32,-51.93,-50.68,-56.40,-63.15,-59.16,-43.59,-59.73,-49.36,-55.32,2026-06-16 19:23:04+00:00
2026-06-16T19:24:04+00:00,-52.37,-59.59,-63.09,-56.33,-62.74,-44.54,-52.65,-64.04,-51.86,-50.56,-57.01,-63.35,-59.36,-43.99,-59.31,-49.37,-55.17,2026-06-16 19:24:04+00:00
2026-06-16T19:25:05+00:00,-52.06,-59.71,-63.00,-56.21,-62.75,-44.82,-52.59,-64.11,-51.96,-50.42,-57.18,-63.62,-59.22,-43.92,-59.07,-49.37,-55.32,2026-06-16 19:25:05+00:00
2026-06-16T19:26:04+00:00,-52.00,-59.96,-63.04,-56.49,-63.74,-44.80,-52.61,-63.86,-52.00,-50.38,-57.13,-63.56,-59.16,-43.75,-59.47,-49.08,-55.42,2026-06-16 19:26:04+00:00
2026-06-16T19:27:04+00:00,-49.30,-59.51,-62.87,-56.62,-61.68,-44.92,-52.58,-63.44,-51.40,-50.35,-56.98,-63.61,-58.86,-43.69,-59.48,-48.79,-54.09,2026-06-16 19:27:04+00:00
2026-06-16T19:28:03+00:00,-49.13,-58.66,-62.98,-56.66,-62.63,-45.05,-52.59,-64.01,-51.47,-50.20,-57.35,-63.65,-58.37,-43.57,-59.72,-49.02,-53.91,2026-06-16 19:28:03+00:00
2026-06-16T19:29:03+00:00,-49.16,-58.42,-63.51,-56.65,-62.90,-45.20,-52.36,-64.12,-50.99,-50.37,-57.04,-63.99,-59.05,-43.87,-60.02,-49.12,-53.84,2026-06-16 19:29:03+00:00
2026-06-16T19:30:03+00:00,-48.75,-58.42,-63.35,-56.58,-64.77,-45.32,-52.10,-63.87,-50.92,-50.30,-56.10,-64.60,-59.24,-44.00,-59.65,-48.55,-55.50,2026-06-16 19:30:03+00:00
2026-06-16T19:31:03+00:00,-49.04,-59.86,-63.54,-56.28,-63.04,-45.26,-52.23,-63.85,-50.92,-50.28,-57.34,-63.90,-58.79,-44.04,-60.04,-48.13,-55.49,2026-06-16 19:31:03+00:00
2026-06-16T19:32:04+00:00,-49.19,-59.79,-62.85,-56.40,-63.41,-45.32,-51.98,-63.47,-51.06,-50.60,-57.15,-64.12,-58.52,-44.01,-60.04,-48.02,-55.52,2026-06-16 19:32:04+00:00
2026-06-16T19:33:03+00:00,-49.17,-59.78,-63.56,-56.29,-63.45,-45.35,-52.15,-64.07,-52.09,-50.98,-57.46,-64.34,-58.66,-44.27,-60.00,-47.47,-55.73,2026-06-16 19:33:03+00:00
2026-06-16T19:34:03+00:00,-49.73,-59.91,-63.79,-56.56,-63.30,-45.28,-52.34,-64.65,-52.25,-51.11,-57.74,-64.54,-58.88,-44.29,-59.87,-47.33,-55.98,2026-06-16 19:34:03+00:00
2026-06-16T19:35:03+00:00,-49.81,-59.44,-63.35,-56.41,-63.67,-45.58,-52.29,-63.66,-52.23,-51.23,-57.51,-64.16,-58.92,-44.44,-59.57,-47.74,-55.78,2026-06-16 19:35:03+00:00
2026-06-16T19:36:03+00:00,-49.32,-59.54,-63.44,-56.43,-63.55,-45.52,-52.52,-64.18,-52.15,-51.38,-57.25,-63.66,-58.69,-44.90,-59.52,-47.81,-55.59,2026-06-16 19:36:03+00:00
2026-06-16T19:37:03+00:00,-49.31,-59.59,-63.30,-56.36,-63.10,-45.40,-52.79,-63.88,-52.24,-51.46,-57.39,-64.19,-58.43,-45.03,-59.39,-47.88,-53.98,2026-06-16 19:37:03+00:00
2026-06-16T19:38:03+00:00,-49.48,-59.30,-63.36,-56.54,-63.77,-45.28,-52.94,-63.18,-52.16,-51.88,-57.38,-64.67,-58.10,-45.17,-60.02,-47.54,-54.44,2026-06-16 19:38:03+00:00
2026-06-16T19:39:04+00:00,-48.99,-59.40,-63.55,-56.48,-64.31,-45.38,-53.05,-64.54,-52.27,-52.11,-57.49,-64.09,-58.50,-45.34,-59.65,-47.72,-55.37,2026-06-16 19:39:04+00:00
2026-06-16T19:40:04+00:00,-48.98,-59.45,-63.63,-56.67,-63.07,-45.48,-53.18,-64.41,-52.17,-52.40,-57.34,-64.35,-58.75,-45.34,-59.79,-47.43,-55.67,2026-06-16 19:40:04+00:00
2026-06-16T19:41:04+00:00,-49.16,-59.00,-63.44,-56.60,-63.85,-45.55,-53.00,-63.31,-52.22,-52.51,-57.44,-63.98,-58.59,-45.39,-59.40,-47.68,-55.87,2026-06-16 19:41:04+00:00
2026-06-16T19:42:04+00:00,-52.07,-59.31,-62.47,-56.31,-63.16,-45.34,-53.07,-63.49,-52.52,-52.69,-57.22,-64.03,-58.63,-45.98,-59.86,-47.53,-54.54,2026-06-16 19:42:04+00:00
2026-06-16T19:43:03+00:00,-51.89,-59.30,-63.70,-56.16,-62.31,-45.47,-52.91,-64.49,-52.10,-52.56,-57.55,-64.38,-59.13,-46.58,-59.92,-47.67,-55.12,2026-06-16 19:43:03+00:00
2026-06-16T19:44:03+00:00,-52.42,-59.40,-63.79,-56.61,-62.96,-45.38,-53.09,-63.36,-49.75,-52.80,-57.19,-64.57,-59.07,-46.80,-59.59,-47.93,-55.37,2026-06-16 19:44:03+00:00
2026-06-16T19:45:04+00:00,-52.46,-59.61,-64.17,-56.70,-63.76,-45.59,-53.17,-65.02,-49.76,-53.46,-57.11,-64.58,-59.34,-47.13,-59.37,-47.26,-54.27,2026-06-16 19:45:04+00:00
2026-06-16T19:46:04+00:00,-52.52,-58.68,-63.80,-56.42,-62.74,-45.97,-53.23,-64.67,-49.86,-53.81,-57.65,-64.47,-59.06,-46.91,-59.57,-47.21,-55.56,2026-06-16 19:46:04+00:00
2026-06-16T19:47:04+00:00,-52.68,-58.50,-63.98,-56.51,-63.31,-46.38,-53.51,-64.26,-49.76,-54.35,-57.68,-64.91,-58.71,-47.22,-59.49,-47.38,-55.31,2026-06-16 19:47:04+00:00
2026-06-16T19:48:04+00:00,-52.63,-59.16,-63.94,-56.36,-63.45,-46.60,-53.20,-64.40,-50.25,-54.73,-57.60,-64.16,-58.67,-47.27,-59.40,-47.76,-55.58,2026-06-16 19:48:04+00:00
2026-06-16T19:49:03+00:00,-52.52,-59.54,-63.74,-56.63,-63.09,-46.63,-52.72,-64.64,-50.17,-55.12,-57.95,-64.67,-58.62,-47.47,-59.55,-47.44,-55.62,2026-06-16 19:49:03+00:00
2026-06-16T19:50:03+00:00,-52.47,-59.13,-63.67,-56.68,-62.57,-46.81,-52.98,-64.49,-50.21,-54.94,-57.91,-64.86,-58.56,-47.49,-59.58,-47.48,-55.50,2026-06-16 19:50:03+00:00
2026-06-16T19:51:03+00:00,-54.41,-59.38,-64.04,-56.37,-62.76,-46.88,-52.92,-64.63,-50.16,-55.43,-57.72,-64.97,-58.58,-47.83,-59.31,-47.27,-55.94,2026-06-16 19:51:03+00:00
2026-06-16T19:52:04+00:00,-54.73,-58.99,-63.10,-56.38,-63.60,-46.22,-52.99,-63.07,-50.23,-55.87,-57.78,-64.60,-58.31,-48.20,-59.39,-46.98,-55.83,2026-06-16 19:52:04+00:00
2026-06-16T19:53:04+00:00,-53.57,-58.59,-63.65,-56.42,-63.14,-46.16,-53.19,-64.34,-50.11,-56.46,-57.72,-65.00,-58.45,-47.72,-59.69,-47.13,-54.00,2026-06-16 19:53:04+00:00
2026-06-16T19:54:04+00:00,-47.37,-58.84,-63.73,-56.18,-62.90,-46.00,-53.05,-64.75,-50.26,-56.78,-58.14,-64.27,-58.73,-47.51,-59.62,-47.54,-55.82,2026-06-16 19:54:04+00:00
2026-06-16T19:55:04+00:00,-45.87,-57.89,-63.65,-56.52,-63.69,-45.81,-52.81,-64.82,-50.00,-57.76,-58.30,-64.70,-58.33,-47.52,-60.00,-47.44,-55.41,2026-06-16 19:55:04+00:00
2026-06-16T19:56:04+00:00,-45.59,-57.54,-63.15,-56.51,-63.70,-45.96,-52.52,-63.67,-49.92,-58.55,-57.64,-63.49,-58.04,-47.82,-59.34,-47.77,-55.68,2026-06-16 19:56:04+00:00
2026-06-16T19:57:04+00:00,-45.84,-57.95,-63.40,-56.88,-63.83,-45.83,-52.29,-64.70,-49.98,-59.22,-58.25,-64.75,-58.39,-48.20,-59.77,-47.53,-55.59,2026-06-16 19:57:04+00:00
2026-06-16T19:58:04+00:00,-46.23,-57.49,-63.31,-56.68,-63.39,-45.95,-52.24,-63.82,-51.20,-60.30,-57.54,-64.65,-58.28,-48.49,-59.92,-47.56,-55.52,2026-06-16 19:58:04+00:00
2026-06-16T19:59:03+00:00,-47.18,-59.66,-63.63,-56.59,-64.24,-45.91,-51.98,-64.77,-53.93,-60.78,-58.10,-64.89,-58.07,-48.92,-59.37,-47.17,-55.66,2026-06-16 19:59:03+00:00
2026-06-16T20:00:03+00:00,-47.23,-59.81,-63.86,-56.48,-63.53,-45.92,-52.40,-64.70,-53.87,-61.30,-57.98,-65.08,-58.33,-48.64,-59.64,-47.24,-55.77,2026-06-16 20:00:03+00:00
2026-06-16T20:01:03+00:00,-47.64,-59.63,-63.37,-56.25,-62.05,-45.94,-52.27,-64.53,-53.85,-60.77,-58.28,-64.66,-58.28,-49.21,-59.45,-47.39,-53.91,2026-06-16 20:01:03+00:00
2026-06-16T20:02:04+00:00,-49.02,-59.57,-62.56,-56.42,-63.21,-45.63,-52.07,-63.39,-53.41,-59.19,-57.66,-64.54,-58.37,-48.90,-59.67,-47.43,-55.37,2026-06-16 20:02:04+00:00
2026-06-16T20:03:04+00:00,-48.80,-59.11,-63.60,-56.65,-64.16,-45.31,-52.26,-64.40,-52.20,-59.34,-58.17,-65.27,-58.33,-49.16,-59.67,-47.17,-53.90,2026-06-16 20:03:04+00:00
2026-06-16T20:04:04+00:00,-47.96,-59.00,-63.09,-56.23,-63.59,-45.60,-52.34,-63.86,-52.22,-58.86,-58.00,-63.40,-58.30,-49.10,-59.77,-47.06,-55.28,2026-06-16 20:04:04+00:00
2026-06-16T20:05:04+00:00,-48.07,-59.09,-63.89,-56.42,-64.41,-45.54,-52.44,-65.66,-52.42,-58.71,-58.39,-64.90,-58.82,-49.36,-59.76,-47.02,-53.80,2026-06-16 20:05:04+00:00
2026-06-16T20:06:03+00:00,-48.18,-59.04,-63.29,-56.67,-63.31,-45.66,-52.51,-64.07,-52.31,-57.33,-58.09,-64.85,-59.12,-49.15,-58.77,-46.88,-55.32,2026-06-16 20:06:03+00:00
2026-06-16T20:07:03+00:00,-52.03,-59.30,-64.02,-56.36,-63.24,-45.87,-52.14,-65.31,-52.39,-57.24,-58.33,-64.93,-59.58,-48.62,-59.79,-46.86,-53.95,2026-06-16 20:07:03+00:00
2026-06-16T20:08:04+00:00,-52.13,-59.29,-63.57,-56.51,-62.74,-45.93,-52.65,-65.12,-52.31,-56.58,-58.46,-64.74,-59.13,-47.77,-59.61,-46.86,-55.39,2026-06-16 20:08:04+00:00
2026-06-16T20:09:04+00:00,-52.13,-59.35,-64.08,-56.65,-64.13,-45.70,-52.44,-65.25,-52.50,-56.16,-58.38,-65.07,-59.11,-48.01,-60.12,-47.04,-55.74,2026-06-16 20:09:04+00:00
2026-06-16T20:10:04+00:00,-51.91,-59.49,-63.83,-56.82,-63.48,-45.71,-52.08,-63.27,-52.57,-55.46,-58.14,-64.46,-59.11,-48.51,-59.98,-46.21,-55.58,2026-06-16 20:10:04+00:00
2026-06-16T20:11:03+00:00,-51.64,-59.25,-64.07,-56.92,-62.83,-45.74,-52.38,-65.28,-52.62,-54.51,-58.53,-64.69,-58.74,-48.38,-59.80,-46.40,-55.62,2026-06-16 20:11:03+00:00
2026-06-16T20:12:03+00:00,-45.76,-59.59,-64.26,-57.15,-64.15,-45.68,-51.98,-64.65,-52.10,-53.67,-58.48,-65.26,-58.59,-48.37,-59.57,-45.93,-53.90,2026-06-16 20:12:03+00:00
2026-06-16T20:13:04+00:00,-45.37,-59.97,-63.76,-57.08,-63.19,-45.99,-52.09,-64.35,-51.92,-53.09,-58.42,-64.44,-58.01,-48.85,-59.86,-45.63,-53.95,2026-06-16 20:13:04+00:00
2026-06-16T20:14:04+00:00,-45.23,-59.49,-63.32,-56.63,-63.05,-45.83,-52.17,-63.69,-51.96,-52.43,-58.31,-64.56,-57.63,-48.70,-59.67,-45.60,-55.35,2026-06-16 20:14:04+00:00
2026-06-16T20:15:04+00:00,-45.59,-59.88,-63.75,-56.66,-63.46,-45.82,-52.06,-64.78,-52.14,-51.86,-58.54,-64.72,-58.03,-49.79,-59.63,-45.54,-55.51,2026-06-16 20:15:04+00:00
2026-06-16T20:16:04+00:00,-48.97,-59.63,-63.91,-56.75,-63.12,-45.89,-52.37,-64.95,-52.03,-51.32,-58.69,-64.57,-57.75,-50.40,-59.17,-45.21,-55.61,2026-06-16 20:16:04+00:00
2026-06-16T20:17:03+00:00,-49.02,-59.88,-63.66,-57.04,-63.51,-45.81,-52.05,-64.90,-52.35,-50.31,-58.78,-64.85,-57.52,-50.51,-59.78,-45.51,-55.67,2026-06-16 20:17:03+00:00
2026-06-16T20:18:03+00:00,-49.04,-59.95,-64.37,-57.22,-63.56,-45.79,-51.78,-65.41,-50.87,-49.76,-58.76,-65.17,-57.84,-50.06,-59.97,-45.76,-55.95,2026-06-16 20:18:03+00:00
2026-06-16T20:19:04+00:00,-48.85,-61.71,-64.05,-57.04,-63.55,-46.01,-52.15,-65.44,-50.77,-49.40,-58.65,-65.38,-57.78,-49.83,-59.85,-45.60,-55.40,2026-06-16 20:19:04+00:00
2026-06-16T20:20:04+00:00,-48.61,-61.60,-63.94,-56.88,-62.02,-45.86,-52.28,-64.98,-50.62,-49.47,-58.76,-65.83,-57.29,-49.30,-59.41,-46.26,-55.68,2026-06-16 20:20:04+00:00
2026-06-16T20:21:04+00:00,-48.66,-61.15,-64.24,-57.00,-63.27,-45.92,-52.26,-64.80,-50.60,-49.50,-58.64,-65.91,-57.50,-49.83,-59.89,-45.74,-55.71,2026-06-16 20:21:04+00:00
2026-06-16T20:22:04+00:00,-48.62,-58.16,-63.74,-57.22,-63.02,-45.99,-51.56,-64.54,-50.58,-49.13,-58.40,-65.20,-57.72,-49.78,-59.31,-45.75,-55.42,2026-06-16 20:22:04+00:00
2026-06-16T20:23:03+00:00,-48.72,-57.18,-63.72,-57.10,-63.38,-46.03,-51.64,-65.51,-50.62,-49.07,-58.49,-65.65,-57.58,-50.00,-59.53,-46.08,-55.58,2026-06-16 20:23:03+00:00
2026-06-16T20:24:03+00:00,-48.59,-57.04,-62.97,-57.17,-63.67,-45.96,-51.85,-64.04,-50.62,-48.66,-58.51,-64.99,-56.97,-51.27,-59.34,-45.93,-55.45,2026-06-16 20:24:03+00:00
2026-06-16T20:25:04+00:00,-48.64,-57.33,-63.75,-56.94,-63.52,-46.18,-51.60,-65.21,-50.58,-48.45,-60.00,-65.55,-57.54,-51.65,-59.42,-45.32,-55.63,2026-06-16 20:25:04+00:00
2026-06-16T20:26:04+00:00,-48.59,-61.17,-63.57,-56.85,-62.26,-46.03,-51.53,-64.76,-50.65,-47.85,-58.97,-64.69,-57.60,-51.41,-59.73,-44.64,-55.59,2026-06-16 20:26:04+00:00
2026-06-16T20:27:04+00:00,-51.67,-60.69,-63.41,-57.29,-63.20,-46.11,-51.39,-64.06,-50.84,-47.37,-59.47,-64.79,-57.51,-50.86,-59.81,-45.23,-55.56,2026-06-16 20:27:04+00:00
2026-06-16T20:28:04+00:00,-51.64,-61.92,-63.85,-57.06,-63.17,-46.10,-51.66,-65.07,-48.77,-47.07,-58.39,-65.39,-57.39,-50.44,-59.68,-45.46,-55.34,2026-06-16 20:28:04+00:00
2026-06-16T20:29:04+00:00,-51.30,-61.09,-63.65,-56.91,-63.36,-46.21,-51.96,-65.25,-48.82,-46.58,-59.54,-64.51,-57.37,-52.02,-59.58,-45.70,-55.56,2026-06-16 20:29:04+00:00
2026-06-16T20:30:04+00:00,-51.12,-61.34,-64.01,-57.04,-62.28,-46.20,-52.40,-65.21,-48.80,-46.59,-59.94,-65.34,-57.55,-55.17,-59.76,-45.99,-55.68,2026-06-16 20:30:04+00:00
2026-06-16T20:31:04+00:00,-51.13,-59.39,-63.83,-56.82,-63.66,-46.15,-52.09,-64.61,-48.83,-46.07,-59.22,-65.18,-57.79,-54.42,-59.48,-46.19,-55.81,2026-06-16 20:31:04+00:00
2026-06-16T20:32:04+00:00,-51.02,-59.49,-63.92,-56.80,-63.76,-46.27,-52.08,-64.67,-48.79,-45.77,-58.63,-65.03,-57.86,-55.73,-59.14,-45.86,-55.66,2026-06-16 20:32:04+00:00
2026-06-16T20:33:04+00:00,-51.01,-56.63,-63.89,-57.34,-63.89,-46.45,-52.24,-64.46,-50.31,-45.79,-58.65,-64.71,-57.92,-57.51,-60.22,-46.34,-55.55,2026-06-16 20:33:04+00:00
2026-06-16T20:34:03+00:00,-51.12,-56.82,-63.81,-57.39,-62.83,-46.41,-52.42,-65.38,-50.39,-45.42,-58.96,-65.02,-57.31,-57.57,-59.37,-45.97,-55.72,2026-06-16 20:34:03+00:00
2026-06-16T20:35:03+00:00,-51.29,-57.60,-63.52,-57.07,-62.64,-46.54,-52.47,-65.27,-50.42,-45.17,-59.00,-65.01,-56.90,-61.08,-59.68,-46.19,-55.49,2026-06-16 20:35:03+00:00
2026-06-16T20:36:04+00:00,-51.53,-61.62,-63.64,-57.21,-62.83,-46.81,-52.72,-64.10,-50.25,-44.47,-59.37,-65.02,-56.74,-60.24,-59.89,-46.71,-55.17,2026-06-16 20:36:04+00:00
2026-06-16T20:37:03+00:00,-51.89,-62.04,-63.80,-57.51,-63.97,-46.51,-52.52,-64.89,-50.21,-44.76,-59.42,-65.20,-56.59,-61.33,-59.55,-46.40,-55.86,2026-06-16 20:37:03+00:00
2026-06-16T20:38:03+00:00,-51.86,-62.05,-63.72,-57.38,-62.56,-46.48,-52.95,-64.60,-50.25,-45.00,-59.33,-65.22,-56.26,-60.70,-60.16,-46.66,-55.73,2026-06-16 20:38:03+00:00
2026-06-16T20:39:03+00:00,-51.43,-59.64,-62.58,-57.00,-63.34,-46.37,-53.15,-63.63,-50.25,-44.48,-58.39,-63.94,-56.09,-60.66,-59.08,-46.81,-55.48,2026-06-16 20:39:03+00:00
2026-06-16T20:40:04+00:00,-51.70,-61.30,-63.86,-57.30,-63.87,-46.33,-52.82,-65.17,-50.22,-44.37,-59.35,-64.68,-56.32,-59.96,-59.34,-45.73,-55.20,2026-06-16 20:40:04+00:00
2026-06-16T20:41:04+00:00,-51.59,-61.17,-63.58,-57.23,-62.51,-46.06,-52.48,-64.63,-50.35,-44.78,-59.27,-64.78,-56.30,-60.37,-59.35,-44.59,-55.40,2026-06-16 20:41:04+00:00
2026-06-16T20:42:03+00:00,-51.62,-60.95,-63.60,-57.31,-63.18,-46.05,-52.19,-64.51,-50.24,-44.86,-59.20,-64.78,-56.39,-59.65,-59.68,-44.61,-53.90,2026-06-16 20:42:03+00:00
2026-06-16T20:43:03+00:00,-51.44,-61.02,-63.95,-56.86,-62.82,-46.11,-51.74,-64.66,-53.66,-44.16,-59.04,-64.26,-56.50,-59.44,-59.90,-43.72,-55.85,2026-06-16 20:43:03+00:00
2026-06-16T20:44:03+00:00,-51.44,-60.83,-63.31,-57.12,-62.24,-46.11,-52.10,-64.74,-53.66,-44.34,-58.95,-64.88,-56.51,-60.66,-60.24,-44.22,-55.11,2026-06-16 20:44:03+00:00
2026-06-16T20:45:04+00:00,-51.55,-60.23,-63.03,-57.37,-62.12,-46.28,-52.42,-64.13,-53.50,-44.45,-58.48,-64.28,-56.41,-61.41,-59.47,-44.27,-55.21,2026-06-16 20:45:04+00:00
2026-06-16T20:46:04+00:00,-51.31,-60.15,-62.43,-57.13,-63.45,-46.08,-51.75,-62.44,-53.24,-44.44,-58.41,-64.36,-56.49,-60.15,-59.78,-44.84,-54.29,2026-06-16 20:46:04+00:00
2026-06-16T20:47:03+00:00,-51.53,-59.97,-63.28,-57.31,-63.38,-46.12,-52.15,-64.57,-53.22,-44.52,-58.67,-64.27,-56.67,-61.51,-59.11,-44.53,-56.13,2026-06-16 20:47:03+00:00
2026-06-16T20:48:03+00:00,-53.56,-60.30,-63.13,-57.23,-62.99,-46.03,-52.20,-64.81,-52.19,-44.82,-58.18,-64.51,-53.29,-61.42,-58.84,-44.70,-55.45,2026-06-16 20:48:03+00:00
2026-06-16T20:49:04+00:00,-54.43,-61.69,-63.33,-57.30,-62.91,-46.06,-52.28,-64.60,-52.12,-44.41,-58.32,-64.61,-52.94,-61.45,-59.39,-44.00,-55.09,2026-06-16 20:49:04+00:00
2026-06-16T20:50:04+00:00,-54.44,-61.63,-63.39,-57.11,-63.55,-46.05,-52.10,-64.68,-52.24,-44.13,-57.39,-64.30,-53.28,-62.28,-59.28,-45.00,-53.95,2026-06-16 20:50:04+00:00
2026-06-16T20:51:04+00:00,-54.29,-61.11,-63.18,-57.08,-62.29,-46.22,-51.88,-64.13,-52.15,-44.34,-54.32,-63.62,-55.20,-63.21,-59.02,-45.46,-55.34,2026-06-16 20:51:04+00:00
2026-06-16T20:52:03+00:00,-53.75,-60.86,-63.37,-57.17,-62.98,-45.98,-51.70,-64.66,-52.24,-44.77,-55.14,-62.52,-55.72,-62.99,-59.21,-46.45,-55.05,2026-06-16 20:52:03+00:00
2026-06-16T20:53:03+00:00,-52.77,-60.89,-63.29,-56.99,-62.27,-45.97,-51.92,-63.98,-52.16,-44.47,-55.59,-63.92,-55.88,-61.37,-59.59,-45.64,-53.71,2026-06-16 20:53:03+00:00
2026-06-16T20:54:04+00:00,-53.37,-61.16,-63.55,-57.18,-63.09,-46.03,-51.75,-64.52,-52.17,-44.60,-58.34,-64.89,-56.10,-59.83,-59.46,-46.28,-55.55,2026-06-16 20:54:04+00:00
2026-06-16T20:55:04+00:00,-53.05,-59.69,-63.01,-57.51,-62.99,-46.07,-52.04,-63.60,-52.16,-44.09,-56.25,-64.83,-55.78,-58.41,-59.15,-46.02,-54.62,2026-06-16 20:55:04+00:00
2026-06-16T20:56:04+00:00,-53.32,-59.52,-62.44,-57.24,-62.23,-46.02,-51.39,-63.67,-52.16,-43.81,-57.61,-63.76,-55.87,-58.97,-59.17,-46.67,-54.04,2026-06-16 20:56:04+00:00
2026-06-16T20:57:04+00:00,-49.66,-59.53,-62.98,-57.55,-63.17,-45.94,-51.48,-63.94,-51.74,-43.98,-57.44,-64.18,-55.98,-58.87,-58.97,-46.36,-53.77,2026-06-16 20:57:04+00:00
2026-06-16T20:58:04+00:00,-49.87,-59.96,-62.54,-57.25,-62.57,-45.72,-52.00,-63.44,-51.61,-44.00,-57.41,-64.24,-54.93,-57.65,-59.21,-45.51,-53.54,2026-06-16 20:58:04+00:00
2026-06-16T20:59:04+00:00,-50.08,-59.36,-62.33,-57.25,-63.85,-46.04,-52.40,-64.14,-51.75,-43.54,-57.95,-64.25,-55.03,-58.75,-59.12,-45.18,-54.46,2026-06-16 20:59:04+00:00
2026-06-16T21:00:03+00:00,-49.59,-59.40,-62.66,-57.19,-62.87,-46.04,-51.96,-64.41,-51.77,-43.34,-58.01,-65.08,-54.95,-56.66,-59.28,-45.16,-54.05,2026-06-16 21:00:03+00:00
2026-06-16T21:01:03+00:00,-48.87,-59.18,-62.52,-57.51,-63.19,-45.87,-52.34,-63.86,-51.56,-42.98,-57.78,-64.78,-54.97,-57.91,-59.38,-44.53,-55.65,2026-06-16 21:01:03+00:00
2026-06-16T21:02:03+00:00,-48.94,-60.30,-60.98,-57.24,-62.57,-46.04,-52.13,-64.15,-50.32,-43.12,-57.68,-64.56,-55.28,-56.74,-58.79,-43.79,-54.88,2026-06-16 21:02:03+00:00
2026-06-16T21:03:04+00:00,-48.78,-59.74,-62.90,-57.68,-63.40,-46.09,-53.02,-64.63,-50.48,-43.26,-57.67,-64.89,-55.05,-54.97,-58.95,-42.56,-55.56,2026-06-16 21:03:04+00:00
2026-06-16T21:04:04+00:00,-49.13,-59.55,-62.59,-57.48,-62.55,-45.82,-53.18,-63.68,-50.48,-43.15,-57.50,-64.52,-54.83,-53.76,-59.04,-41.44,-53.87,2026-06-16 21:04:04+00:00
2026-06-16T21:05:04+00:00,-49.07,-59.97,-62.11,-57.03,-63.35,-45.88,-52.76,-65.19,-50.39,-43.10,-57.33,-64.90,-54.73,-52.36,-58.91,-41.73,-55.24,2026-06-16 21:05:04+00:00
2026-06-16T21:06:03+00:00,-49.06,-59.96,-61.72,-57.28,-62.88,-46.01,-52.39,-63.98,-50.42,-42.86,-56.96,-64.23,-54.55,-53.03,-58.67,-41.24,-54.28,2026-06-16 21:06:03+00:00
2026-06-16T21:07:03+00:00,-49.00,-60.62,-62.69,-57.18,-62.52,-45.90,-52.81,-64.10,-50.37,-42.36,-56.72,-64.57,-54.22,-52.53,-59.11,-40.27,-54.13,2026-06-16 21:07:03+00:00
2026-06-16T21:08:03+00:00,-48.96,-59.94,-62.42,-57.18,-63.22,-45.89,-53.08,-62.83,-50.25,-42.09,-56.48,-63.99,-54.90,-52.35,-59.22,-38.70,-54.03,2026-06-16 21:08:03+00:00
2026-06-16T21:09:04+00:00,-49.08,-60.35,-61.76,-57.24,-63.22,-45.88,-52.78,-64.39,-50.28,-41.90,-57.03,-64.23,-54.53,-53.74,-59.02,-39.02,-54.92,2026-06-16 21:09:04+00:00
2026-06-16T21:10:04+00:00,-49.11,-60.87,-63.27,-57.53,-62.09,-45.89,-52.39,-64.79,-50.33,-41.98,-57.62,-65.22,-54.62,-54.83,-58.69,-38.99,-57.56,2026-06-16 21:10:04+00:00
2026-06-16T21:11:03+00:00,-49.15,-60.88,-62.66,-57.33,-63.63,-45.89,-52.93,-65.10,-50.31,-42.03,-57.15,-65.02,-54.46,-54.50,-56.07,-39.70,-57.29,2026-06-16 21:11:03+00:00
2026-06-16T21:12:03+00:00,-52.22,-60.62,-62.80,-57.18,-62.94,-45.87,-52.29,-64.84,-50.69,-41.82,-55.47,-64.88,-54.13,-53.16,-57.39,-39.68,-56.75,2026-06-16 21:12:03+00:00
2026-06-16T21:13:03+00:00,-52.38,-60.41,-62.13,-57.34,-62.19,-46.10,-51.62,-64.10,-48.78,-41.51,-56.62,-64.56,-54.26,-54.41,-58.70,-40.23,-57.30,2026-06-16 21:13:03+00:00
2026-06-16T21:14:04+00:00,-51.85,-60.55,-62.82,-57.88,-63.07,-45.80,-52.49,-65.04,-48.70,-41.27,-57.28,-64.84,-54.71,-57.52,-59.18,-39.94,-57.16,2026-06-16 21:14:04+00:00
2026-06-16T21:15:04+00:00,-51.86,-59.91,-61.94,-57.31,-63.21,-45.53,-52.91,-64.65,-48.83,-41.09,-56.80,-64.49,-54.77,-55.50,-58.91,-40.79,-56.76,2026-06-16 21:15:04+00:00
2026-06-16T21:16:03+00:00,-51.83,-59.31,-61.06,-57.46,-63.19,-45.91,-52.72,-63.36,-48.76,-41.17,-56.35,-63.34,-54.91,-56.68,-58.65,-41.47,-57.08,2026-06-16 21:16:03+00:00
2026-06-16T21:17:03+00:00,-51.14,-59.14,-61.63,-57.60,-62.51,-45.67,-52.70,-62.78,-50.16,-40.88,-43.22,-62.95,-54.87,-58.22,-59.32,-42.54,-54.11,2026-06-16 21:17:03+00:00
2026-06-16T21:18:03+00:00,-51.51,-60.27,-62.09,-57.24,-61.61,-45.71,-52.94,-64.02,-50.22,-40.72,-59.00,-63.92,-55.12,-60.40,-59.05,-42.16,-56.03,2026-06-16 21:18:03+00:00
2026-06-16T21:19:04+00:00,-51.39,-60.29,-61.93,-57.38,-63.53,-45.50,-53.68,-63.86,-50.27,-40.51,-59.02,-64.34,-55.09,-57.46,-58.67,-42.21,-56.67,2026-06-16 21:19:04+00:00
2026-06-16T21:20:04+00:00,-51.21,-59.16,-61.17,-57.26,-62.52,-45.65,-52.64,-60.95,-50.04,-40.59,-57.37,-60.48,-54.57,-56.18,-58.44,-41.78,-53.20,2026-06-16 21:20:04+00:00
2026-06-16T21:21:04+00:00,-51.22,-60.33,-61.61,-57.44,-62.56,-45.57,-52.90,-63.15,-50.14,-40.52,-58.68,-63.57,-54.98,-55.18,-59.01,-40.82,-57.27,2026-06-16 21:21:04+00:00
2026-06-16T21:22:03+00:00,-51.51,-60.42,-62.44,-57.46,-62.11,-45.92,-52.17,-62.35,-50.19,-40.51,-56.96,-64.14,-55.03,-54.64,-58.46,-41.19,-57.44,2026-06-16 21:22:03+00:00
2026-06-16T21:23:03+00:00,-51.45,-60.52,-61.65,-57.33,-62.72,-45.41,-52.90,-62.49,-50.13,-40.76,-57.86,-63.87,-55.41,-54.30,-59.20,-41.64,-56.60,2026-06-16 21:23:03+00:00
2026-06-16T21:24:03+00:00,-51.72,-60.15,-62.08,-57.09,-60.82,-45.56,-53.29,-62.72,-50.10,-40.51,-57.82,-62.38,-55.30,-53.69,-58.81,-43.33,-54.87,2026-06-16 21:24:03+00:00
2026-06-16T21:25:04+00:00,-51.67,-59.76,-61.99,-57.12,-62.44,-45.26,-52.32,-62.63,-50.01,-40.57,-58.61,-62.89,-55.45,-54.47,-59.07,-44.96,-57.20,2026-06-16 21:25:04+00:00
2026-06-16T21:26:04+00:00,-51.78,-60.68,-63.12,-57.24,-63.72,-45.46,-52.33,-63.53,-50.16,-41.07,-58.84,-62.94,-55.65,-55.12,-58.80,-45.59,-56.67,2026-06-16 21:26:04+00:00
2026-06-16T21:27:03+00:00,-51.72,-59.51,-61.46,-56.93,-61.56,-45.48,-52.16,-62.51,-50.09,-41.14,-58.38,-60.58,-54.99,-57.72,-59.17,-45.82,-55.71,2026-06-16 21:27:03+00:00
2026-06-16T21:28:03+00:00,-51.42,-59.57,-60.62,-57.13,-62.75,-45.11,-52.71,-61.93,-53.09,-40.68,-50.20,-59.51,-55.12,-54.79,-58.82,-45.08,-54.77,2026-06-16 21:28:03+00:00
2026-06-16T21:29:03+00:00,-51.47,-59.61,-61.72,-57.11,-63.60,-45.14,-52.69,-63.43,-53.25,-40.74,-58.58,-60.49,-55.61,-51.12,-58.86,-43.68,-56.68,2026-06-16 21:29:03+00:00
2026-06-16T21:30:04+00:00,-51.43,-60.58,-62.10,-56.93,-63.14,-45.01,-52.00,-62.89,-53.13,-40.30,-58.35,-60.90,-56.14,-51.47,-58.98,-42.90,-56.95,2026-06-16 21:30:04+00:00
2026-06-16T21:31:04+00:00,-51.34,-60.57,-62.26,-57.13,-62.34,-45.29,-51.82,-63.99,-52.94,-40.37,-58.70,-61.43,-56.31,-51.87,-58.67,-42.14,-56.87,2026-06-16 21:31:04+00:00
2026-06-16T21:32:03+00:00,-51.28,-61.40,-62.48,-57.60,-63.59,-45.18,-52.49,-64.37,-51.81,-40.27,-58.68,-61.99,-56.31,-52.92,-59.19,-41.25,-56.68,2026-06-16 21:32:03+00:00
2026-06-16T21:33:04+00:00,-51.96,-60.65,-61.54,-57.36,-62.70,-44.85,-52.29,-63.42,-51.79,-40.22,-58.19,-62.19,-55.99,-53.64,-59.15,-41.60,-56.89,2026-06-16 21:33:04+00:00
2026-06-16T21:34:04+00:00,-51.98,-62.19,-62.34,-57.45,-62.66,-45.48,-51.39,-64.27,-51.85,-40.39,-56.39,-62.80,-56.05,-55.05,-58.51,-41.60,-56.63,2026-06-16 21:34:04+00:00
2026-06-16T21:35:04+00:00,-48.75,-62.19,-62.38,-57.39,-62.91,-45.21,-51.73,-64.38,-51.96,-40.16,-56.66,-62.52,-55.98,-59.90,-58.96,-40.87,-56.57,2026-06-16 21:35:04+00:00
2026-06-16T21:36:03+00:00,-51.78,-61.31,-62.31,-57.18,-62.61,-45.20,-51.78,-63.65,-51.89,-40.09,-58.16,-61.26,-55.60,-60.72,-58.69,-39.75,-56.65,2026-06-16 21:36:03+00:00
2026-06-16T21:37:04+00:00,-51.58,-60.92,-62.72,-57.24,-63.18,-44.97,-52.38,-63.67,-51.84,-39.76,-58.08,-60.79,-55.44,-59.38,-58.88,-39.39,-56.75,2026-06-16 21:37:04+00:00
2026-06-16T21:38:04+00:00,-51.52,-61.97,-62.85,-57.80,-63.84,-45.20,-51.65,-64.72,-51.89,-39.58,-58.39,-60.57,-55.10,-58.20,-59.26,-38.72,-55.98,2026-06-16 21:38:04+00:00
2026-06-16T21:39:04+00:00,-51.32,-61.24,-61.92,-57.49,-62.55,-45.21,-52.22,-63.99,-51.89,-39.61,-58.44,-59.47,-54.80,-59.42,-59.16,-38.56,-55.68,2026-06-16 21:39:04+00:00
2026-06-16T21:40:03+00:00,-47.80,-61.28,-62.48,-57.19,-62.29,-45.16,-53.03,-64.33,-52.04,-39.91,-58.26,-59.61,-54.59,-60.66,-58.38,-38.08,-56.85,2026-06-16 21:40:03+00:00
2026-06-16T21:41:03+00:00,-50.62,-60.79,-61.95,-57.45,-63.08,-45.26,-52.53,-63.82,-51.88,-40.18,-55.86,-58.80,-54.00,-61.09,-58.72,-38.33,-56.80,2026-06-16 21:41:03+00:00
2026-06-16T21:42:03+00:00,-48.68,-61.29,-62.67,-57.58,-63.04,-45.27,-52.62,-64.36,-51.43,-40.41,-57.07,-58.85,-54.23,-61.30,-58.67,-38.08,-57.28,2026-06-16 21:42:03+00:00
2026-06-16T21:43:04+00:00,-46.68,-60.67,-61.77,-57.44,-61.81,-45.41,-53.67,-63.99,-51.50,-40.46,-57.42,-58.69,-54.19,-62.09,-58.65,-38.46,-56.87,2026-06-16 21:43:04+00:00
2026-06-16T21:44:04+00:00,-48.74,-60.88,-61.71,-57.36,-62.37,-45.38,-53.55,-64.25,-51.56,-40.31,-57.47,-59.48,-54.15,-61.60,-58.80,-38.97,-57.24,2026-06-16 21:44:04+00:00
2026-06-16T21:45:04+00:00,-48.53,-60.85,-62.24,-57.45,-62.99,-45.21,-53.92,-64.44,-51.45,-40.14,-57.34,-59.34,-54.08,-62.17,-59.11,-38.66,-57.05,2026-06-16 21:45:04+00:00
2026-06-16T21:46:03+00:00,-49.26,-61.16,-61.64,-57.31,-63.03,-45.58,-55.03,-63.37,-51.55,-39.85,-57.49,-59.43,-54.31,-61.21,-58.75,-39.25,-56.80,2026-06-16 21:46:03+00:00
2026-06-16T21:47:03+00:00,-47.29,-60.84,-62.28,-57.60,-62.78,-45.73,-56.15,-64.17,-50.38,-39.67,-55.47,-59.58,-54.05,-59.92,-58.92,-39.26,-56.66,2026-06-16 21:47:03+00:00
2026-06-16T21:48:03+00:00,-47.05,-60.96,-61.92,-57.21,-62.47,-45.47,-55.37,-63.48,-50.27,-40.23,-55.54,-59.72,-53.95,-62.45,-58.86,-40.84,-56.91,2026-06-16 21:48:03+00:00
2026-06-16T21:49:04+00:00,-47.03,-62.20,-62.24,-57.65,-62.65,-45.68,-55.21,-64.20,-50.36,-40.33,-56.02,-60.36,-53.77,-63.31,-58.81,-41.06,-56.26,2026-06-16 21:49:04+00:00
2026-06-16T21:50:04+00:00,-46.97,-61.83,-62.90,-57.69,-62.58,-45.78,-55.02,-64.88,-50.42,-41.05,-57.34,-60.59,-53.93,-62.10,-59.10,-40.82,-56.58,2026-06-16 21:50:04+00:00
2026-06-16T21:51:04+00:00,-47.07,-60.63,-61.74,-57.45,-62.93,-45.32,-53.61,-64.22,-50.30,-41.11,-56.98,-60.02,-53.74,-61.33,-58.69,-43.14,-55.76,2026-06-16 21:51:04+00:00
2026-06-16T21:52:03+00:00,-49.47,-60.59,-60.79,-57.45,-62.67,-45.71,-52.92,-62.12,-50.08,-41.66,-57.15,-59.84,-54.02,-59.50,-58.42,-43.42,-56.09,2026-06-16 21:52:03+00:00
2026-06-16T21:53:03+00:00,-46.89,-61.37,-62.75,-57.79,-63.18,-45.74,-52.55,-64.40,-50.33,-41.32,-57.63,-60.02,-54.15,-57.13,-59.25,-44.26,-56.07,2026-06-16 21:53:03+00:00
2026-06-16T21:54:04+00:00,-46.87,-61.30,-62.29,-57.65,-63.36,-45.97,-52.60,-63.43,-50.29,-41.00,-55.33,-59.55,-53.89,-57.69,-59.29,-43.39,-56.55,2026-06-16 21:54:04+00:00
2026-06-16T21:55:04+00:00,-49.36,-59.60,-61.75,-57.09,-62.95,-45.88,-51.90,-62.35,-50.21,-40.51,-56.32,-58.83,-53.76,-56.23,-58.51,-44.46,-54.98,2026-06-16 21:55:04+00:00
2026-06-16T21:56:04+00:00,-47.64,-60.92,-62.97,-57.13,-62.35,-46.06,-51.36,-64.29,-50.58,-40.38,-56.46,-60.42,-54.99,-56.05,-58.59,-44.14,-56.67,2026-06-16 21:56:04+00:00
2026-06-16T21:57:03+00:00,-48.46,-60.76,-61.97,-57.41,-62.81,-46.23,-51.16,-63.68,-50.87,-39.84,-57.38,-59.94,-54.99,-54.54,-58.73,-42.82,-56.48,2026-06-16 21:57:03+00:00
2026-06-16T21:58:03+00:00,-48.27,-59.45,-62.21,-56.60,-62.42,-46.53,-50.81,-63.32,-48.55,-39.61,-57.32,-60.74,-55.47,-55.10,-58.30,-42.72,-56.46,2026-06-16 21:58:03+00:00
2026-06-16T21:59:03+00:00,-50.02,-60.93,-62.17,-57.31,-62.62,-46.76,-51.20,-63.22,-48.47,-39.43,-57.12,-60.88,-55.36,-56.15,-58.82,-43.40,-55.32,2026-06-16 21:59:03+00:00
2026-06-16T22:00:04+00:00,-49.75,-61.72,-62.24,-57.63,-63.67,-46.89,-50.87,-64.73,-48.52,-39.30,-57.76,-61.25,-55.53,-57.61,-59.03,-43.45,-56.46,2026-06-16 22:00:04+00:00
2026-06-16T22:01:04+00:00,-50.19,-60.59,-61.96,-57.33,-62.25,-47.09,-50.82,-63.18,-48.50,-39.74,-54.97,-61.16,-55.00,-59.46,-58.83,-44.71,-55.45,2026-06-16 22:01:04+00:00
2026-06-16T22:02:04+00:00,-50.07,-60.53,-62.08,-57.29,-62.56,-46.95,-50.99,-63.14,-49.99,-40.06,-56.25,-61.66,-55.58,-60.14,-58.85,-45.80,-56.41,2026-06-16 22:02:04+00:00
2026-06-16T22:03:04+00:00,-49.76,-60.21,-62.99,-57.63,-62.93,-46.67,-50.77,-64.46,-49.96,-39.93,-56.51,-61.53,-56.09,-59.05,-58.73,-46.20,-56.52,2026-06-16 22:03:04+00:00
2026-06-16T22:04:03+00:00,-49.76,-61.32,-62.50,-57.11,-62.68,-46.40,-51.26,-64.75,-50.04,-40.30,-57.22,-61.42,-55.79,-60.19,-58.65,-45.75,-56.06,2026-06-16 22:04:03+00:00
2026-06-16T22:05:03+00:00,-49.78,-60.99,-62.59,-57.22,-61.84,-46.32,-51.36,-63.97,-50.04,-39.75,-57.20,-61.50,-55.65,-60.29,-58.94,-44.22,-56.63,2026-06-16 22:05:03+00:00
2026-06-16T22:06:03+00:00,-49.77,-61.09,-62.66,-57.47,-63.95,-46.08,-51.60,-64.19,-49.95,-39.62,-57.08,-61.33,-55.71,-59.95,-58.82,-44.61,-56.66,2026-06-16 22:06:03+00:00
2026-06-16T22:07:04+00:00,-50.12,-61.26,-62.75,-57.30,-63.46,-45.99,-51.44,-64.13,-50.02,-39.42,-54.84,-61.43,-55.35,-60.32,-59.26,-44.77,-56.61,2026-06-16 22:07:04+00:00
2026-06-16T22:08:04+00:00,-50.03,-60.52,-62.47,-56.90,-63.15,-45.98,-50.68,-63.23,-50.04,-39.52,-55.48,-60.68,-55.21,-59.33,-58.57,-43.47,-55.65,2026-06-16 22:08:04+00:00
2026-06-16T22:09:04+00:00,-50.66,-61.58,-63.25,-57.82,-64.21,-46.25,-50.69,-65.06,-49.92,-39.16,-56.00,-61.39,-55.49,-60.59,-59.59,-41.73,-57.23,2026-06-16 22:09:04+00:00
2026-06-16T22:10:03+00:00,-51.33,-60.12,-62.11,-57.42,-62.85,-46.27,-50.27,-61.38,-49.86,-38.83,-55.70,-60.31,-55.29,-61.77,-58.94,-42.40,-52.38,2026-06-16 22:10:03+00:00
2026-06-16T22:11:03+00:00,-51.63,-61.09,-62.80,-57.29,-62.73,-46.21,-50.44,-64.52,-49.97,-39.02,-56.48,-60.65,-55.30,-59.83,-59.28,-42.22,-54.46,2026-06-16 22:11:03+00:00
2026-06-16T22:12:03+00:00,-50.37,-61.87,-63.18,-57.64,-63.79,-46.20,-50.63,-65.12,-50.02,-39.18,-56.86,-60.75,-55.23,-57.21,-59.15,-41.44,-52.48,2026-06-16 22:12:03+00:00
2026-06-16T22:13:04+00:00,-51.26,-61.25,-63.07,-57.54,-63.27,-46.09,-50.47,-64.50,-53.16,-39.21,-56.71,-60.81,-54.83,-56.46,-59.07,-42.13,-52.84,2026-06-16 22:13:04+00:00
2026-06-16T22:14:04+00:00,-49.14,-60.94,-62.49,-57.30,-62.56,-46.08,-50.61,-63.17,-53.08,-39.09,-54.62,-60.44,-54.52,-57.14,-58.49,-42.76,-54.29,2026-06-16 22:14:04+00:00
2026-06-16T22:15:04+00:00,-49.26,-61.34,-63.12,-57.29,-62.99,-46.00,-51.04,-63.42,-53.15,-39.05,-55.64,-59.19,-54.41,-59.88,-58.70,-41.21,-53.91,2026-06-16 22:15:04+00:00
2026-06-16T22:16:03+00:00,-49.51,-61.46,-61.77,-57.16,-62.64,-46.21,-50.97,-63.04,-52.89,-39.15,-55.54,-59.21,-54.40,-58.74,-58.96,-40.45,-53.65,2026-06-16 22:16:03+00:00
2026-06-16T22:17:03+00:00,-50.04,-61.03,-62.64,-57.20,-63.30,-46.10,-50.80,-64.33,-51.77,-39.02,-55.38,-59.26,-54.11,-58.09,-58.91,-40.57,-52.93,2026-06-16 22:17:03+00:00
2026-06-16T22:18:03+00:00,-50.38,-62.08,-63.59,-57.73,-62.39,-46.16,-50.56,-64.62,-51.93,-38.79,-56.10,-60.13,-54.10,-59.08,-58.57,-39.51,-52.67,2026-06-16 22:18:03+00:00
2026-06-16T22:19:04+00:00,-50.33,-61.84,-62.96,-57.13,-62.96,-46.12,-50.14,-64.17,-51.79,-38.77,-55.26,-61.77,-53.99,-57.80,-59.60,-39.03,-53.18,2026-06-16 22:19:04+00:00
2026-06-16T22:20:04+00:00,-50.23,-62.09,-63.28,-57.53,-62.82,-46.23,-50.33,-65.08,-51.94,-38.56,-54.99,-63.59,-54.52,-54.43,-58.98,-37.65,-52.36,2026-06-16 22:20:04+00:00
2026-06-16T22:21:04+00:00,-50.42,-62.63,-63.31,-57.94,-63.20,-46.35,-50.90,-65.18,-51.89,-38.61,-53.30,-62.88,-54.45,-53.60,-58.87,-37.36,-53.91,2026-06-16 22:21:04+00:00
2026-06-16T22:22:03+00:00,-50.51,-62.11,-61.41,-57.52,-62.02,-46.04,-50.62,-64.21,-52.04,-38.54,-54.15,-61.12,-54.20,-53.73,-58.59,-36.96,-54.52,2026-06-16 22:22:03+00:00
2026-06-16T22:23:03+00:00,-50.20,-61.91,-63.16,-57.50,-62.22,-46.23,-50.27,-64.38,-51.99,-38.55,-54.92,-60.23,-54.08,-53.49,-58.81,-36.45,-54.47,2026-06-16 22:23:03+00:00
2026-06-16T22:24:04+00:00,-50.20,-61.45,-62.62,-57.34,-63.29,-46.41,-50.60,-64.40,-52.06,-38.46,-55.00,-59.51,-54.14,-54.96,-58.62,-37.07,-52.59,2026-06-16 22:24:04+00:00
2026-06-16T22:25:04+00:00,-49.76,-61.06,-62.88,-57.39,-61.67,-46.36,-50.80,-64.25,-51.95,-38.53,-55.07,-59.34,-54.65,-53.45,-58.90,-37.45,-52.14,2026-06-16 22:25:04+00:00
2026-06-16T22:26:04+00:00,-47.83,-62.05,-63.12,-57.76,-62.53,-46.78,-51.04,-64.93,-51.60,-38.59,-53.33,-59.11,-54.41,-51.59,-58.46,-37.45,-54.59,2026-06-16 22:26:04+00:00
2026-06-16T22:27:03+00:00,-47.87,-60.72,-62.60,-57.55,-63.46,-46.67,-51.39,-62.33,-51.39,-39.24,-53.71,-59.07,-54.15,-51.25,-58.64,-37.28,-54.35,2026-06-16 22:27:03+00:00
2026-06-16T22:28:03+00:00,-48.04,-61.90,-63.88,-57.75,-63.09,-46.73,-51.19,-64.92,-51.54,-39.91,-55.25,-59.93,-53.87,-51.22,-58.47,-36.60,-53.84,2026-06-16 22:28:03+00:00
2026-06-16T22:29:03+00:00,-47.80,-61.63,-63.50,-57.74,-62.67,-46.84,-51.50,-64.68,-51.48,-40.15,-55.34,-59.61,-53.42,-50.63,-58.58,-36.51,-52.73,2026-06-16 22:29:03+00:00
2026-06-16T22:30:04+00:00,-47.86,-61.32,-63.27,-57.47,-63.14,-46.77,-51.45,-65.07,-51.60,-40.90,-55.44,-59.59,-53.47,-48.94,-58.24,-37.28,-52.90,2026-06-16 22:30:04+00:00
2026-06-16T22:31:04+00:00,-47.83,-60.01,-62.98,-57.73,-63.93,-46.91,-51.54,-64.48,-51.47,-41.23,-55.14,-59.56,-53.23,-49.62,-58.80,-36.82,-54.69,2026-06-16 22:31:04+00:00
2026-06-16T22:32:04+00:00,-47.90,-61.77,-62.88,-57.58,-63.27,-47.24,-51.33,-63.02,-50.10,-41.46,-55.64,-59.52,-52.74,-48.82,-58.58,-36.32,-53.91,2026-06-16 22:32:04+00:00
2026-06-16T22:33:04+00:00,-47.81,-62.12,-63.36,-57.71,-63.40,-47.02,-51.34,-64.49,-50.21,-41.81,-55.17,-60.54,-52.78,-48.52,-58.53,-35.52,-52.61,2026-06-16 22:33:04+00:00
2026-06-16T22:34:03+00:00,-47.84,-62.18,-62.45,-57.94,-62.81,-47.21,-51.17,-64.11,-50.08,-42.06,-55.10,-60.25,-52.62,-47.66,-59.02,-35.86,-52.71,2026-06-16 22:34:03+00:00
2026-06-16T22:35:03+00:00,-47.90,-61.89,-63.21,-57.69,-63.50,-47.15,-50.65,-63.86,-50.05,-41.96,-54.06,-61.27,-53.06,-48.14,-58.34,-35.63,-52.36,2026-06-16 22:35:03+00:00
2026-06-16T22:36:03+00:00,-47.98,-61.98,-63.17,-57.76,-63.48,-47.17,-50.26,-64.68,-50.16,-42.43,-53.88,-61.10,-53.01,-48.52,-59.04,-35.14,-53.59,2026-06-16 22:36:03+00:00
2026-06-16T22:37:04+00:00,-48.12,-63.08,-63.42,-57.84,-63.60,-47.19,-49.78,-64.90,-50.10,-42.20,-53.65,-62.05,-52.84,-47.40,-59.13,-35.52,-52.53,2026-06-16 22:37:04+00:00
2026-06-16T22:38:04+00:00,-47.94,-63.06,-63.72,-58.01,-63.10,-47.13,-49.84,-64.66,-50.09,-41.91,-55.06,-63.51,-52.90,-46.90,-58.92,-34.76,-53.68,2026-06-16 22:38:04+00:00
2026-06-16T22:39:03+00:00,-47.89,-62.64,-62.88,-57.73,-63.65,-47.17,-49.49,-64.07,-50.12,-42.60,-55.13,-63.70,-53.27,-47.35,-58.94,-34.53,-52.35,2026-06-16 22:39:03+00:00
2026-06-16T22:40:03+00:00,-47.85,-62.91,-63.86,-57.91,-64.42,-47.03,-49.95,-63.91,-50.17,-42.31,-55.15,-63.28,-53.24,-48.13,-58.84,-34.45,-53.91,2026-06-16 22:40:03+00:00
2026-06-16T22:41:03+00:00,-50.29,-61.58,-63.71,-57.57,-63.38,-47.14,-50.32,-65.18,-50.65,-42.70,-55.28,-62.65,-53.53,-48.87,-58.73,-34.26,-52.81,2026-06-16 22:41:03+00:00
2026-06-16T22:42:04+00:00,-51.49,-62.88,-63.38,-57.84,-63.16,-46.95,-50.27,-64.50,-50.55,-43.01,-54.18,-64.16,-53.34,-47.93,-58.97,-34.50,-52.75,2026-06-16 22:42:04+00:00
2026-06-16T22:43:04+00:00,-51.32,-61.21,-63.11,-57.92,-63.46,-46.91,-50.38,-64.45,-48.54,-42.60,-53.84,-65.85,-53.22,-49.43,-59.04,-34.54,-54.75,2026-06-16 22:43:04+00:00
2026-06-16T22:44:03+00:00,-51.08,-62.35,-64.06,-58.04,-63.39,-47.05,-51.24,-65.30,-48.48,-42.30,-55.11,-66.50,-53.01,-50.52,-59.54,-34.59,-52.43,2026-06-16 22:44:03+00:00
2026-06-16T22:45:03+00:00,-51.17,-62.07,-63.72,-57.87,-63.30,-46.72,-51.70,-64.96,-48.51,-42.31,-55.34,-65.60,-53.00,-49.97,-58.64,-34.37,-54.59,2026-06-16 22:45:03+00:00
2026-06-16T22:46:04+00:00,-51.59,-63.01,-64.39,-57.88,-63.63,-46.87,-51.79,-65.54,-48.52,-41.90,-55.10,-66.45,-52.64,-51.04,-59.11,-34.65,-54.65,2026-06-16 22:46:04+00:00
2026-06-16T22:47:04+00:00,-51.41,-62.01,-63.77,-57.37,-62.64,-46.46,-51.69,-64.88,-49.92,-41.49,-54.06,-65.31,-52.40,-50.17,-58.62,-35.05,-52.48,2026-06-16 22:47:04+00:00
2026-06-16T22:48:04+00:00,-51.64,-61.04,-62.96,-57.30,-62.10,-46.71,-51.27,-63.06,-49.95,-41.12,-53.77,-64.14,-52.53,-48.02,-58.45,-35.30,-53.40,2026-06-16 22:48:04+00:00
2026-06-16T22:49:04+00:00,-51.78,-62.01,-63.66,-57.59,-64.34,-46.63,-51.00,-65.15,-49.98,-41.05,-55.14,-65.89,-52.99,-46.25,-58.95,-35.61,-52.43,2026-06-16 22:49:04+00:00
2026-06-16T22:50:03+00:00,-53.76,-61.80,-63.80,-57.57,-63.33,-46.87,-50.67,-64.77,-49.96,-41.72,-55.35,-65.63,-52.58,-46.24,-58.31,-34.50,-52.62,2026-06-16 22:50:03+00:00
2026-06-16T22:51:03+00:00,-55.11,-62.14,-63.28,-57.91,-63.00,-46.40,-50.58,-64.77,-49.97,-42.54,-55.55,-65.11,-52.47,-46.03,-58.65,-35.25,-52.64,2026-06-16 22:51:03+00:00
2026-06-16T22:52:04+00:00,-55.42,-61.54,-62.63,-57.98,-63.11,-46.45,-51.19,-64.98,-50.00,-42.60,-55.38,-65.04,-52.45,-46.72,-58.23,-35.34,-52.83,2026-06-16 22:52:04+00:00
2026-06-16T22:53:04+00:00,-55.03,-61.09,-59.58,-57.65,-62.64,-46.26,-51.82,-62.71,-49.83,-42.30,-54.86,-60.22,-52.03,-46.95,-58.72,-35.12,-52.62,2026-06-16 22:53:04+00:00
2026-06-16T22:54:03+00:00,-55.04,-62.07,-63.70,-58.11,-63.16,-46.40,-52.38,-65.01,-49.97,-41.73,-54.33,-65.84,-52.13,-46.66,-58.89,-34.65,-53.77,2026-06-16 22:54:03+00:00
2026-06-16T22:55:03+00:00,-52.92,-62.43,-63.76,-57.94,-64.12,-46.29,-52.83,-65.15,-49.96,-41.54,-54.07,-65.99,-52.02,-46.79,-59.07,-34.22,-52.55,2026-06-16 22:55:03+00:00
2026-06-16T22:56:04+00:00,-54.62,-62.33,-63.76,-57.99,-62.90,-46.42,-52.35,-65.55,-49.93,-41.87,-53.46,-65.83,-52.37,-48.15,-58.75,-34.87,-53.80,2026-06-16 22:56:04+00:00
2026-06-16T22:57:04+00:00,-50.45,-61.71,-63.95,-57.63,-63.12,-46.22,-52.13,-65.60,-50.24,-41.74,-55.20,-66.19,-52.65,-48.77,-58.93,-35.24,-54.04,2026-06-16 22:57:04+00:00
2026-06-16T22:58:04+00:00,-49.84,-61.14,-62.71,-57.57,-62.83,-46.36,-52.44,-65.06,-53.09,-41.29,-55.06,-65.50,-53.18,-46.84,-58.87,-34.83,-52.89,2026-06-16 22:58:04+00:00
2026-06-16T22:59:03+00:00,-49.89,-61.50,-63.33,-57.64,-63.57,-46.60,-52.22,-64.97,-53.03,-41.12,-55.32,-65.20,-53.17,-46.61,-59.09,-34.44,-52.54,2026-06-16 22:59:03+00:00
2026-06-16T23:00:03+00:00,-50.11,-61.73,-64.08,-57.75,-63.19,-46.45,-51.86,-65.14,-53.12,-41.24,-55.36,-66.41,-53.31,-47.36,-59.09,-34.42,-52.56,2026-06-16 23:00:03+00:00
2026-06-16T23:01:03+00:00,-50.03,-62.42,-64.25,-57.70,-63.16,-46.65,-51.69,-65.41,-52.98,-41.58,-53.57,-66.29,-53.32,-46.08,-58.58,-35.03,-53.86,2026-06-16 23:01:03+00:00
2026-06-16T23:02:03+00:00,-50.11,-62.47,-63.52,-57.98,-63.95,-46.48,-51.74,-65.21,-51.74,-42.02,-54.29,-66.06,-53.64,-45.92,-58.91,-35.66,-53.71,2026-06-16 23:02:03+00:00
2026-06-16T23:03:03+00:00,-50.10,-62.90,-64.16,-57.76,-63.23,-46.33,-52.16,-65.18,-51.81,-41.99,-55.26,-65.99,-53.56,-45.65,-58.66,-34.85,-54.76,2026-06-16 23:03:03+00:00
2026-06-16T23:04:04+00:00,-50.03,-61.84,-62.23,-57.09,-63.79,-46.54,-52.36,-61.98,-51.78,-41.68,-54.91,-60.79,-53.37,-46.27,-58.44,-34.19,-51.03,2026-06-16 23:04:04+00:00
2026-06-16T23:05:04+00:00,-51.24,-62.45,-63.77,-57.73,-63.13,-46.41,-52.12,-65.03,-51.94,-41.02,-55.23,-65.66,-54.17,-46.56,-58.84,-33.75,-53.91,2026-06-16 23:05:04+00:00
2026-06-16T23:06:03+00:00,-51.95,-62.36,-63.67,-57.18,-61.65,-46.44,-52.06,-65.35,-51.87,-40.59,-55.46,-65.71,-54.89,-46.33,-58.26,-33.53,-52.64,2026-06-16 23:06:03+00:00
2026-06-16T23:07:03+00:00,-52.13,-62.46,-64.12,-57.38,-63.91,-46.49,-51.49,-65.33,-51.90,-40.70,-55.53,-65.71,-54.84,-44.96,-59.06,-33.12,-53.89,2026-06-16 23:07:03+00:00
2026-06-16T23:08:04+00:00,-52.38,-60.57,-62.32,-57.06,-63.53,-46.34,-51.09,-62.91,-51.87,-40.89,-55.42,-63.54,-54.69,-44.63,-58.03,-32.96,-52.65,2026-06-16 23:08:04+00:00
2026-06-16T23:09:04+00:00,-52.23,-62.59,-63.44,-57.74,-63.58,-46.51,-51.39,-64.92,-51.91,-41.51,-54.79,-65.56,-55.34,-44.82,-58.80,-32.51,-53.95,2026-06-16 23:09:04+00:00
2026-06-16T23:10:03+00:00,-51.90,-62.32,-64.02,-57.85,-62.51,-46.59,-51.56,-64.64,-51.99,-42.03,-54.38,-65.45,-55.17,-45.05,-58.89,-31.83,-53.67,2026-06-16 23:10:03+00:00
2026-06-16T23:11:03+00:00,-47.54,-61.13,-62.83,-57.77,-63.22,-46.13,-52.33,-63.57,-51.59,-42.40,-54.08,-65.23,-55.66,-45.30,-58.75,-31.53,-52.33,2026-06-16 23:11:03+00:00
2026-06-16T23:12:04+00:00,-47.17,-62.40,-64.29,-57.45,-62.81,-46.43,-52.80,-65.51,-51.55,-43.01,-53.06,-66.18,-55.64,-46.06,-58.92,-32.29,-54.74,2026-06-16 23:12:04+00:00
2026-06-16T23:13:04+00:00,-47.03,-62.49,-64.19,-57.67,-63.28,-46.53,-52.41,-65.47,-51.54,-43.40,-53.59,-66.01,-56.04,-46.15,-54.92,-33.08,-53.67,2026-06-16 23:13:04+00:00
2026-06-16T23:14:04+00:00,-47.33,-62.59,-64.32,-57.42,-63.17,-46.30,-52.42,-65.61,-51.63,-43.01,-55.55,-65.45,-56.36,-47.16,-59.23,-34.09,-52.83,2026-06-16 23:14:04+00:00
2026-06-16T23:15:03+00:00,-47.48,-62.65,-62.50,-57.61,-63.35,-46.38,-53.10,-65.56,-49.41,-42.58,-55.35,-65.72,-56.04,-48.73,-59.32,-34.75,-52.83,2026-06-16 23:15:03+00:00
2026-06-16T23:16:03+00:00,-47.46,-62.92,-64.31,-58.03,-63.04,-46.51,-53.33,-65.53,-51.67,-42.37,-55.36,-65.74,-56.25,-50.57,-58.83,-34.56,-54.91,2026-06-16 23:16:03+00:00
2026-06-16T23:17:04+00:00,-48.08,-62.67,-64.19,-57.51,-62.26,-46.42,-53.60,-65.44,-50.21,-41.98,-55.31,-65.74,-56.48,-50.40,-58.72,-35.19,-55.00,2026-06-16 23:17:04+00:00
2026-06-16T23:18:04+00:00,-48.23,-62.48,-63.81,-57.97,-62.23,-46.74,-54.35,-65.24,-50.14,-41.87,-55.32,-65.55,-56.56,-50.20,-58.89,-35.86,-52.46,2026-06-16 23:18:04+00:00
2026-06-16T23:19:04+00:00,-48.19,-62.88,-64.12,-57.96,-63.76,-46.40,-55.15,-65.11,-50.07,-41.61,-55.09,-65.41,-55.83,-49.44,-59.33,-37.32,-52.94,2026-06-16 23:19:04+00:00
2026-06-16T23:20:04+00:00,-49.30,-63.26,-64.30,-57.74,-63.82,-46.42,-55.54,-65.12,-50.11,-41.60,-54.92,-65.15,-55.52,-49.33,-58.97,-37.64,-54.83,2026-06-16 23:20:04+00:00
2026-06-16T23:21:03+00:00,-49.00,-62.83,-64.48,-57.89,-62.76,-46.32,-54.52,-65.47,-50.14,-41.09,-54.84,-65.78,-55.81,-49.64,-58.95,-36.66,-54.12,2026-06-16 23:21:03+00:00
2026-06-16T23:22:03+00:00,-48.98,-63.08,-64.15,-57.64,-64.07,-46.28,-53.49,-65.38,-50.05,-41.34,-55.04,-65.68,-55.86,-49.24,-58.80,-35.50,-58.14,2026-06-16 23:22:03+00:00
2026-06-16T23:23:04+00:00,-50.25,-62.74,-64.35,-57.67,-63.71,-46.29,-53.04,-65.36,-50.05,-41.44,-55.16,-65.94,-56.05,-49.30,-58.62,-35.09,-52.70,2026-06-16 23:23:04+00:00
2026-06-16T23:24:04+00:00,-50.19,-62.52,-64.23,-57.58,-63.02,-46.40,-53.42,-65.48,-50.16,-41.83,-54.64,-66.19,-56.27,-49.19,-58.14,-34.75,-54.09,2026-06-16 23:24:04+00:00
2026-06-16T23:25:04+00:00,-49.90,-61.70,-63.72,-57.77,-63.28,-46.39,-53.21,-65.25,-50.14,-42.04,-54.99,-65.58,-56.81,-51.29,-58.80,-35.46,-52.54,2026-06-16 23:25:04+00:00
2026-06-16T23:26:03+00:00,-50.92,-61.99,-62.96,-57.52,-63.08,-46.51,-52.92,-64.69,-50.44,-41.64,-54.64,-65.39,-56.77,-51.40,-59.04,-36.74,-54.54,2026-06-16 23:26:03+00:00
2026-06-16T23:27:03+00:00,-50.24,-61.86,-63.48,-57.55,-64.18,-46.51,-52.45,-65.64,-50.07,-41.41,-54.35,-64.92,-57.06,-52.94,-58.46,-37.75,-53.91,2026-06-16 23:27:03+00:00
2026-06-16T23:28:03+00:00,-50.24,-62.31,-63.43,-57.62,-63.43,-46.41,-52.62,-64.27,-48.39,-41.46,-54.10,-63.39,-57.00,-51.93,-58.29,-38.09,-53.82,2026-06-16 23:28:03+00:00
2026-06-16T23:29:04+00:00,-50.42,-62.23,-64.06,-57.46,-63.88,-46.72,-52.41,-65.62,-48.50,-41.45,-54.36,-64.03,-57.08,-51.27,-58.64,-36.84,-53.90,2026-06-16 23:29:04+00:00
2026-06-16T23:30:04+00:00,-49.34,-62.97,-63.91,-57.39,-63.71,-46.48,-51.09,-65.44,-48.44,-41.62,-54.26,-63.68,-56.69,-50.32,-58.50,-35.34,-54.04,2026-06-16 23:30:04+00:00
2026-06-16T23:31:04+00:00,-49.89,-62.98,-63.87,-57.52,-62.41,-46.70,-51.93,-64.82,-48.46,-41.71,-53.46,-63.45,-57.66,-49.67,-58.25,-34.53,-54.61,2026-06-16 23:31:04+00:00
2026-06-16T23:32:04+00:00,-50.11,-62.48,-63.93,-57.60,-62.87,-46.73,-52.12,-65.40,-49.79,-41.60,-54.16,-63.27,-57.90,-48.73,-58.43,-34.50,-54.69,2026-06-16 23:32:04+00:00
2026-06-16T23:33:04+00:00,-50.30,-62.90,-63.77,-57.85,-63.32,-46.89,-51.85,-65.40,-49.86,-41.50,-54.12,-63.18,-58.03,-48.09,-58.17,-35.76,-52.39,2026-06-16 23:33:04+00:00
2026-06-16T23:34:03+00:00,-50.21,-62.30,-63.83,-57.81,-63.56,-46.92,-52.10,-65.13,-49.87,-41.45,-53.95,-63.46,-58.38,-47.54,-58.55,-36.63,-54.92,2026-06-16 23:34:03+00:00
2026-06-16T23:35:03+00:00,-51.79,-62.57,-63.74,-58.04,-63.23,-46.84,-52.24,-65.34,-49.90,-41.66,-54.14,-63.38,-59.10,-46.28,-58.42,-37.24,-53.78,2026-06-16 23:35:03+00:00
2026-06-16T23:36:03+00:00,-51.37,-62.49,-64.16,-58.06,-63.17,-47.01,-52.57,-65.90,-49.89,-41.71,-53.85,-63.47,-58.72,-45.88,-59.07,-37.54,-53.95,2026-06-16 23:36:03+00:00
2026-06-16T23:37:03+00:00,-51.49,-62.30,-63.84,-57.65,-63.08,-46.87,-52.41,-65.72,-49.76,-41.71,-53.60,-63.49,-59.08,-46.22,-58.26,-37.68,-54.43,2026-06-16 23:37:03+00:00
2026-06-16T23:38:04+00:00,-51.43,-62.61,-64.03,-57.41,-63.35,-46.97,-52.18,-65.35,-49.95,-42.19,-53.65,-63.80,-59.34,-45.90,-58.52,-37.39,-54.45,2026-06-16 23:38:04+00:00
2026-06-16T23:39:04+00:00,-52.39,-59.63,-63.73,-57.60,-63.87,-46.91,-52.00,-65.25,-49.85,-42.24,-53.74,-63.20,-59.57,-45.60,-58.92,-36.82,-54.55,2026-06-16 23:39:04+00:00
2026-06-16T23:40:04+00:00,-51.89,-61.82,-63.99,-57.69,-62.84,-46.87,-52.25,-65.26,-49.96,-42.08,-53.55,-63.54,-59.77,-45.78,-58.77,-36.17,-53.75,2026-06-16 23:40:04+00:00
2026-06-16T23:41:03+00:00,-49.45,-61.59,-63.76,-57.79,-63.04,-46.82,-52.35,-65.15,-49.89,-42.17,-53.54,-63.49,-59.50,-46.15,-58.62,-35.68,-52.49,2026-06-16 23:41:03+00:00
2026-06-16T23:42:03+00:00,-49.07,-61.72,-63.75,-57.84,-63.62,-46.79,-51.99,-65.34,-50.22,-42.43,-53.24,-63.62,-58.69,-46.80,-58.39,-35.80,-54.65,2026-06-16 23:42:03+00:00
2026-06-16T23:43:04+00:00,-48.95,-62.14,-63.95,-57.69,-63.16,-46.68,-51.89,-65.29,-53.15,-42.73,-53.25,-63.68,-59.11,-46.75,-58.33,-35.11,-54.57,2026-06-16 23:43:04+00:00
2026-06-16T23:44:04+00:00,-49.27,-62.27,-64.02,-57.59,-63.78,-46.71,-51.71,-65.54,-52.89,-42.96,-53.15,-63.55,-59.02,-46.24,-58.49,-34.60,-52.50,2026-06-16 23:44:04+00:00
2026-06-16T23:45:04+00:00,-49.28,-62.33,-64.02,-57.73,-63.12,-46.68,-51.36,-65.83,-52.95,-43.01,-53.17,-63.66,-59.53,-45.57,-58.31,-34.64,-54.23,2026-06-16 23:45:04+00:00
2026-06-16T23:46:03+00:00,-49.86,-62.33,-64.30,-57.67,-63.94,-46.62,-51.47,-66.05,-52.93,-43.20,-53.15,-63.85,-59.59,-45.59,-58.27,-34.63,-53.94,2026-06-16 23:46:03+00:00
2026-06-16T23:47:03+00:00,-50.08,-61.99,-63.98,-57.97,-62.88,-46.79,-51.36,-66.00,-51.79,-43.40,-52.91,-63.68,-60.10,-45.39,-58.92,-34.63,-52.69,2026-06-16 23:47:03+00:00
2026-06-16T23:48:04+00:00,-50.28,-61.42,-63.81,-57.50,-62.77,-46.45,-51.38,-65.08,-51.71,-43.16,-53.07,-63.81,-60.01,-45.64,-58.87,-34.99,-54.11,2026-06-16 23:48:04+00:00
2026-06-16T23:49:04+00:00,-50.11,-62.43,-64.07,-57.80,-63.43,-46.77,-51.50,-66.37,-51.86,-43.17,-52.86,-63.76,-60.17,-45.58,-58.60,-35.84,-54.01,2026-06-16 23:49:04+00:00
2026-06-16T23:50:04+00:00,-52.19,-62.36,-63.89,-57.92,-62.62,-46.44,-51.57,-65.42,-51.83,-43.02,-52.88,-63.60,-60.60,-45.62,-58.42,-36.55,-53.88,2026-06-16 23:50:04+00:00
2026-06-16T23:51:03+00:00,-52.23,-62.26,-64.02,-58.06,-62.63,-46.62,-52.09,-64.57,-51.78,-42.64,-52.59,-62.52,-60.73,-45.98,-58.71,-36.61,-53.95,2026-06-16 23:51:03+00:00
2026-06-16T23:52:03+00:00,-52.02,-62.18,-64.04,-57.88,-63.28,-46.76,-52.32,-66.22,-51.82,-42.72,-52.54,-63.57,-60.79,-45.95,-58.29,-36.92,-54.65,2026-06-16 23:52:03+00:00
2026-06-16T23:53:03+00:00,-52.28,-62.43,-64.05,-58.00,-63.31,-46.66,-52.38,-65.94,-51.83,-42.53,-52.61,-63.68,-60.96,-45.89,-58.58,-37.54,-53.99,2026-06-16 23:53:03+00:00
2026-06-16T23:54:04+00:00,-55.10,-62.53,-63.80,-57.83,-63.81,-46.64,-51.89,-65.99,-51.89,-42.71,-52.51,-63.36,-60.93,-45.38,-58.24,-37.74,-54.95,2026-06-16 23:54:04+00:00
2026-06-16T23:55:04+00:00,-54.78,-62.67,-64.33,-57.84,-63.88,-46.77,-51.97,-66.00,-51.82,-43.01,-52.44,-63.35,-60.84,-45.39,-58.68,-37.93,-53.93,2026-06-16 23:55:04+00:00
2026-06-16T23:56:03+00:00,-50.18,-62.41,-64.04,-57.79,-63.21,-46.87,-51.88,-66.05,-51.39,-43.61,-52.48,-63.41,-60.48,-45.28,-58.57,-38.39,-55.04,2026-06-16 23:56:03+00:00
2026-06-16T23:57:03+00:00,-50.15,-62.53,-64.23,-57.90,-62.46,-46.88,-51.51,-66.11,-51.44,-43.32,-52.40,-63.53,-59.49,-45.45,-58.85,-39.71,-54.70,2026-06-16 23:57:03+00:00
2026-06-16T23:58:03+00:00,-50.22,-62.56,-64.10,-57.85,-63.68,-46.97,-51.51,-65.99,-51.40,-43.80,-52.30,-63.34,-58.82,-45.52,-58.42,-40.31,-52.76,2026-06-16 23:58:03+00:00
2026-06-16T23:59:04+00:00,-49.86,-62.32,-63.53,-58.22,-63.23,-47.03,-51.34,-65.76,-51.46,-44.44,-52.18,-62.91,-58.92,-46.22,-58.33,-39.51,-54.59,2026-06-16 23:59:04+00:00
