data,4500,11350,27200,58750,89750,19600,20270,20900,22600,23400,24000,26700,29700,45900,63850,77500,Ch17,data_parsed
2026-06-21T00:00:03+00:00,-47.21,-55.80,-61.13,-59.09,-61.40,-51.64,-47.78,-59.94,-51.31,-38.99,-51.78,-59.97,-49.11,-53.48,-57.55,-34.87,-54.75,2026-06-21 00:00:03+00:00
2026-06-21T00:01:04+00:00,-47.32,-56.09,-60.55,-59.24,-62.55,-52.31,-47.95,-60.13,-51.34,-39.36,-51.58,-59.64,-49.10,-52.53,-57.89,-34.15,-52.65,2026-06-21 00:01:04+00:00
2026-06-21T00:02:03+00:00,-47.32,-57.27,-59.08,-58.53,-62.38,-48.27,-47.57,-58.06,-50.64,-38.99,-51.20,-58.70,-49.18,-52.25,-56.99,-34.45,-52.74,2026-06-21 00:02:03+00:00
2026-06-21T00:03:04+00:00,-47.30,-57.99,-59.88,-58.77,-61.07,-47.24,-48.04,-59.78,-51.21,-39.57,-51.48,-58.65,-49.32,-51.94,-57.78,-34.59,-54.50,2026-06-21 00:03:04+00:00
2026-06-21T00:04:04+00:00,-47.08,-58.65,-60.44,-59.61,-61.93,-47.33,-48.05,-59.91,-51.35,-40.06,-51.03,-58.92,-48.08,-51.77,-57.99,-34.67,-52.44,2026-06-21 00:04:04+00:00
2026-06-21T00:05:03+00:00,-47.24,-59.41,-59.93,-59.26,-62.36,-46.98,-47.91,-60.51,-49.39,-41.04,-51.07,-58.44,-48.01,-51.61,-57.54,-34.81,-54.70,2026-06-21 00:05:03+00:00
2026-06-21T00:06:04+00:00,-46.56,-58.95,-60.59,-59.73,-62.45,-46.76,-47.87,-60.53,-49.46,-41.77,-50.83,-58.58,-48.12,-49.49,-57.71,-34.83,-52.40,2026-06-21 00:06:04+00:00
2026-06-21T00:07:03+00:00,-46.38,-59.47,-60.58,-59.09,-61.85,-46.77,-47.67,-60.81,-49.45,-42.03,-50.54,-58.32,-48.29,-47.29,-57.92,-34.71,-54.75,2026-06-21 00:07:03+00:00
2026-06-21T00:08:04+00:00,-46.41,-55.75,-57.93,-57.89,-61.65,-46.75,-47.28,-55.79,-48.80,-42.03,-50.21,-55.64,-48.51,-46.22,-56.74,-34.54,-49.61,2026-06-21 00:08:04+00:00
2026-06-21T00:09:04+00:00,-46.51,-59.62,-60.44,-59.40,-62.74,-46.99,-47.31,-60.29,-49.41,-42.07,-50.51,-57.82,-48.62,-46.45,-57.86,-34.69,-54.05,2026-06-21 00:09:04+00:00
2026-06-21T00:10:04+00:00,-46.44,-57.52,-60.03,-58.86,-62.24,-47.21,-47.00,-59.73,-48.91,-42.35,-50.97,-56.68,-48.78,-45.77,-57.30,-35.37,-53.62,2026-06-21 00:10:04+00:00
2026-06-21T00:11:03+00:00,-46.50,-56.92,-59.35,-58.79,-61.25,-46.76,-46.94,-58.99,-47.59,-42.15,-50.82,-56.79,-48.86,-45.19,-57.09,-35.77,-52.73,2026-06-21 00:11:03+00:00
2026-06-21T00:12:04+00:00,-46.38,-57.76,-60.40,-59.67,-62.86,-46.91,-47.20,-60.39,-47.77,-42.45,-51.11,-56.98,-48.89,-43.85,-57.62,-35.80,-52.73,2026-06-21 00:12:04+00:00
2026-06-21T00:13:04+00:00,-46.19,-56.67,-59.32,-58.18,-61.12,-47.10,-46.85,-58.25,-47.81,-42.05,-51.26,-56.30,-48.80,-42.68,-57.13,-36.06,-53.11,2026-06-21 00:13:04+00:00
2026-06-21T00:14:03+00:00,-46.59,-58.21,-61.20,-59.50,-62.55,-47.08,-49.54,-60.20,-47.91,-42.05,-51.78,-57.11,-49.07,-42.50,-57.33,-36.31,-54.04,2026-06-21 00:14:03+00:00
2026-06-21T00:15:03+00:00,-46.68,-58.89,-61.85,-59.71,-62.40,-46.98,-47.06,-61.31,-47.91,-41.93,-51.82,-57.45,-48.86,-42.32,-58.40,-36.60,-52.73,2026-06-21 00:15:03+00:00
2026-06-21T00:16:04+00:00,-46.83,-58.99,-60.18,-59.10,-61.46,-46.82,-47.23,-60.40,-47.73,-42.07,-51.34,-56.86,-47.54,-42.19,-57.24,-35.95,-53.92,2026-06-21 00:16:04+00:00
2026-06-21T00:17:04+00:00,-46.85,-58.55,-59.51,-58.63,-61.77,-46.80,-47.44,-57.96,-47.81,-42.19,-50.80,-56.71,-47.72,-42.01,-57.16,-35.74,-53.02,2026-06-21 00:17:04+00:00
2026-06-21T00:18:03+00:00,-46.84,-58.60,-60.31,-59.01,-63.12,-46.67,-47.00,-60.80,-47.75,-42.22,-51.03,-57.35,-47.91,-42.19,-57.42,-35.17,-54.05,2026-06-21 00:18:03+00:00
2026-06-21T00:19:03+00:00,-46.68,-58.78,-60.81,-59.55,-61.46,-46.80,-47.27,-59.77,-47.67,-42.16,-51.08,-57.39,-49.41,-42.47,-57.77,-34.67,-53.73,2026-06-21 00:19:03+00:00
2026-06-21T00:20:04+00:00,-46.84,-57.76,-61.27,-59.34,-61.17,-46.81,-46.80,-59.44,-48.84,-42.13,-50.90,-57.36,-49.22,-43.19,-57.95,-34.58,-54.42,2026-06-21 00:20:04+00:00
2026-06-21T00:21:04+00:00,-46.81,-59.08,-61.85,-60.10,-62.89,-47.07,-47.23,-61.41,-49.08,-41.76,-51.37,-58.14,-49.60,-44.01,-58.21,-34.92,-54.78,2026-06-21 00:21:04+00:00
2026-06-21T00:22:03+00:00,-46.76,-58.69,-60.06,-59.22,-61.96,-46.64,-47.16,-60.31,-49.03,-41.16,-51.28,-57.68,-49.32,-43.83,-57.72,-34.62,-53.91,2026-06-21 00:22:03+00:00
2026-06-21T00:23:04+00:00,-46.94,-58.61,-59.93,-59.12,-62.24,-47.07,-46.92,-59.92,-48.99,-40.77,-51.09,-58.08,-50.55,-43.57,-57.71,-35.38,-53.68,2026-06-21 00:23:04+00:00
2026-06-21T00:24:04+00:00,-46.74,-59.85,-61.00,-60.04,-63.59,-47.26,-46.80,-60.53,-48.48,-40.23,-51.44,-57.97,-49.23,-43.49,-57.97,-35.26,-52.43,2026-06-21 00:24:04+00:00
2026-06-21T00:25:03+00:00,-46.72,-59.23,-60.66,-59.07,-61.38,-46.93,-46.90,-59.85,-48.65,-39.88,-50.95,-57.90,-49.08,-43.47,-57.57,-35.41,-53.77,2026-06-21 00:25:03+00:00
2026-06-21T00:26:03+00:00,-46.76,-58.51,-59.79,-58.83,-62.53,-46.97,-46.77,-60.35,-50.40,-39.95,-50.83,-57.46,-49.13,-44.29,-57.42,-35.78,-54.10,2026-06-21 00:26:03+00:00
2026-06-21T00:27:04+00:00,-46.64,-57.11,-59.45,-59.09,-62.67,-47.05,-46.63,-60.14,-50.02,-40.83,-51.41,-57.99,-49.78,-45.02,-57.24,-35.65,-53.99,2026-06-21 00:27:04+00:00
2026-06-21T00:28:04+00:00,-46.66,-57.10,-60.08,-59.93,-61.36,-46.86,-46.84,-59.68,-50.18,-41.40,-51.66,-58.16,-49.81,-45.19,-57.29,-35.56,-54.04,2026-06-21 00:28:04+00:00
2026-06-21T00:29:03+00:00,-46.71,-57.20,-60.25,-59.27,-61.12,-47.17,-47.33,-60.25,-49.94,-41.03,-51.97,-58.64,-49.61,-44.57,-57.53,-35.54,-52.24,2026-06-21 00:29:03+00:00
2026-06-21T00:30:03+00:00,-46.45,-59.84,-60.76,-59.33,-63.25,-47.22,-47.44,-59.97,-50.24,-41.26,-51.76,-56.53,-49.65,-44.59,-57.85,-35.57,-54.74,2026-06-21 00:30:03+00:00
2026-06-21T00:31:03+00:00,-46.71,-59.74,-61.03,-60.57,-61.83,-47.59,-51.16,-61.49,-50.05,-41.42,-51.77,-57.56,-48.79,-45.37,-57.95,-35.73,-54.04,2026-06-21 00:31:03+00:00
2026-06-21T00:32:04+00:00,-46.49,-58.10,-59.96,-59.56,-62.53,-47.25,-48.00,-59.28,-50.07,-41.64,-51.60,-56.61,-47.71,-45.75,-57.25,-35.94,-52.81,2026-06-21 00:32:04+00:00
2026-06-21T00:33:04+00:00,-46.77,-59.03,-60.23,-59.73,-63.04,-47.55,-47.90,-61.10,-50.27,-41.31,-51.94,-57.29,-47.96,-46.03,-57.73,-35.96,-54.71,2026-06-21 00:33:04+00:00
2026-06-21T00:34:03+00:00,-46.79,-59.82,-61.15,-59.85,-61.50,-47.47,-48.01,-61.17,-50.77,-40.92,-51.97,-56.81,-48.94,-45.83,-57.76,-36.14,-54.62,2026-06-21 00:34:03+00:00
2026-06-21T00:35:03+00:00,-46.61,-59.41,-60.76,-60.15,-62.16,-47.40,-47.65,-61.12,-51.04,-40.97,-51.83,-57.66,-49.21,-46.18,-58.24,-36.71,-54.84,2026-06-21 00:35:03+00:00
2026-06-21T00:36:04+00:00,-46.57,-59.19,-59.33,-58.49,-61.41,-47.54,-47.48,-60.22,-50.64,-40.81,-51.62,-57.62,-49.14,-46.73,-57.44,-37.21,-54.78,2026-06-21 00:36:04+00:00
2026-06-21T00:37:04+00:00,-47.16,-58.80,-58.72,-58.11,-61.76,-47.55,-47.64,-59.68,-50.69,-41.25,-51.67,-58.21,-49.45,-46.52,-57.22,-37.15,-54.72,2026-06-21 00:37:04+00:00
2026-06-21T00:38:03+00:00,-47.22,-58.27,-59.86,-59.49,-62.09,-47.45,-47.91,-59.98,-50.77,-41.47,-51.19,-58.52,-48.39,-46.52,-57.89,-36.91,-54.03,2026-06-21 00:38:03+00:00
2026-06-21T00:39:03+00:00,-47.29,-57.47,-60.14,-59.24,-62.17,-47.39,-48.03,-60.77,-52.52,-41.07,-51.24,-59.10,-48.04,-46.20,-58.03,-37.33,-54.04,2026-06-21 00:39:03+00:00
2026-06-21T00:40:04+00:00,-47.29,-58.81,-60.32,-59.24,-62.12,-47.42,-48.00,-59.54,-52.66,-40.68,-51.08,-59.18,-48.07,-46.02,-57.48,-37.53,-52.08,2026-06-21 00:40:04+00:00
2026-06-21T00:41:04+00:00,-47.29,-57.37,-58.79,-58.32,-62.41,-47.70,-47.88,-59.97,-52.04,-40.95,-50.36,-57.85,-49.99,-44.91,-57.26,-38.13,-52.27,2026-06-21 00:41:04+00:00
2026-06-21T00:42:03+00:00,-47.28,-58.70,-58.31,-58.87,-61.72,-47.38,-47.87,-59.48,-51.69,-40.29,-51.09,-57.88,-51.54,-46.08,-56.77,-38.01,-52.12,2026-06-21 00:42:03+00:00
2026-06-21T00:43:03+00:00,-47.07,-59.14,-59.04,-59.14,-62.20,-46.99,-47.97,-59.28,-51.71,-40.18,-51.13,-58.73,-51.45,-46.21,-57.95,-38.15,-52.69,2026-06-21 00:43:03+00:00
2026-06-21T00:44:04+00:00,-46.77,-59.88,-60.41,-59.62,-62.01,-47.68,-48.03,-60.54,-51.59,-40.70,-51.26,-59.31,-51.88,-45.91,-57.82,-39.11,-52.80,2026-06-21 00:44:04+00:00
2026-06-21T00:45:04+00:00,-46.69,-58.17,-60.04,-59.50,-62.60,-47.15,-48.13,-60.57,-51.58,-40.72,-50.29,-59.78,-50.97,-46.10,-57.80,-39.51,-52.49,2026-06-21 00:45:04+00:00
2026-06-21T00:46:03+00:00,-46.69,-59.18,-59.81,-59.39,-62.96,-47.22,-47.93,-59.52,-51.12,-40.90,-50.73,-59.18,-50.83,-45.77,-57.47,-39.39,-52.02,2026-06-21 00:46:03+00:00
2026-06-21T00:47:03+00:00,-46.76,-60.55,-60.87,-60.02,-61.57,-47.47,-48.08,-61.43,-51.08,-41.07,-51.00,-59.04,-51.98,-45.54,-57.48,-39.09,-52.55,2026-06-21 00:47:03+00:00
2026-06-21T00:48:04+00:00,-46.63,-57.07,-59.68,-58.92,-60.67,-47.04,-47.85,-59.93,-51.26,-41.08,-50.49,-57.35,-51.65,-45.60,-57.46,-38.42,-52.10,2026-06-21 00:48:04+00:00
2026-06-21T00:49:04+00:00,-46.72,-58.93,-62.05,-59.72,-62.07,-47.55,-47.58,-61.34,-50.51,-40.55,-50.81,-59.64,-51.66,-45.55,-58.24,-39.16,-52.45,2026-06-21 00:49:04+00:00
2026-06-21T00:50:03+00:00,-46.76,-59.27,-61.47,-59.45,-61.73,-47.30,-47.73,-61.12,-49.29,-40.77,-50.62,-59.45,-50.53,-45.10,-57.73,-39.10,-52.72,2026-06-21 00:50:03+00:00
2026-06-21T00:51:03+00:00,-46.57,-60.13,-61.12,-59.54,-61.53,-47.33,-47.67,-61.73,-49.32,-40.58,-50.39,-60.13,-50.71,-44.32,-57.65,-39.55,-52.54,2026-06-21 00:51:03+00:00
2026-06-21T00:52:04+00:00,-46.50,-59.59,-61.25,-60.85,-62.51,-47.14,-47.77,-61.97,-49.35,-40.49,-50.75,-61.29,-51.76,-44.83,-58.42,-40.67,-52.58,2026-06-21 00:52:04+00:00
2026-06-21T00:53:04+00:00,-46.07,-58.55,-60.10,-59.08,-61.18,-47.03,-47.48,-59.67,-48.79,-40.65,-50.60,-59.91,-51.74,-45.11,-57.76,-41.81,-52.70,2026-06-21 00:53:04+00:00
2026-06-21T00:54:03+00:00,-45.85,-59.64,-61.90,-60.38,-63.04,-47.17,-47.66,-60.89,-48.89,-41.50,-50.63,-61.69,-51.96,-44.33,-58.13,-42.61,-52.65,2026-06-21 00:54:03+00:00
2026-06-21T00:55:03+00:00,-45.73,-59.53,-60.93,-60.73,-62.54,-47.09,-47.98,-60.98,-49.23,-41.72,-50.31,-60.95,-50.79,-43.41,-58.59,-43.05,-52.37,2026-06-21 00:55:03+00:00
2026-06-21T00:56:04+00:00,-45.24,-60.08,-62.55,-60.08,-62.49,-47.14,-47.98,-61.60,-48.14,-41.23,-50.10,-61.17,-50.82,-43.74,-57.86,-42.50,-52.58,2026-06-21 00:56:04+00:00
2026-06-21T00:57:04+00:00,-45.76,-58.79,-61.22,-60.15,-61.96,-47.11,-47.89,-60.70,-48.28,-40.69,-49.97,-61.89,-50.75,-43.62,-58.27,-41.37,-52.68,2026-06-21 00:57:04+00:00
2026-06-21T00:58:03+00:00,-45.72,-60.04,-62.13,-60.65,-62.85,-47.21,-48.08,-60.63,-48.40,-40.68,-50.47,-62.10,-51.96,-43.51,-58.54,-42.69,-52.82,2026-06-21 00:58:03+00:00
2026-06-21T00:59:03+00:00,-46.04,-59.67,-61.30,-60.02,-61.93,-47.36,-47.97,-61.33,-48.37,-40.57,-50.22,-61.28,-51.90,-43.68,-57.68,-43.76,-52.38,2026-06-21 00:59:03+00:00
2026-06-21T01:00:04+00:00,-46.01,-57.79,-59.66,-58.83,-62.11,-47.13,-47.11,-60.30,-48.04,-41.90,-50.36,-58.80,-51.37,-43.14,-57.45,-43.98,-52.90,2026-06-21 01:00:04+00:00
2026-06-21T01:01:03+00:00,-45.92,-58.57,-57.85,-57.60,-61.48,-47.13,-47.45,-57.26,-48.03,-42.02,-49.60,-58.00,-51.18,-43.05,-57.77,-44.80,-50.25,2026-06-21 01:01:03+00:00
2026-06-21T01:02:04+00:00,-46.64,-58.43,-57.73,-58.51,-61.70,-47.09,-47.75,-58.31,-47.89,-41.79,-49.21,-57.96,-51.00,-42.89,-56.97,-44.93,-51.37,2026-06-21 01:02:04+00:00
2026-06-21T01:03:04+00:00,-46.63,-59.21,-58.81,-57.40,-62.65,-47.11,-47.83,-59.25,-48.22,-41.84,-49.77,-58.51,-51.34,-42.36,-57.38,-42.32,-52.67,2026-06-21 01:03:04+00:00
2026-06-21T01:04:04+00:00,-46.34,-58.31,-57.67,-58.10,-61.72,-47.11,-47.49,-58.78,-48.85,-42.10,-50.26,-57.85,-52.05,-42.13,-57.00,-40.30,-52.11,2026-06-21 01:04:04+00:00
2026-06-21T01:05:03+00:00,-46.50,-59.83,-60.71,-58.61,-61.67,-47.54,-47.71,-58.99,-49.19,-41.97,-50.48,-59.02,-51.82,-42.19,-57.06,-39.81,-52.68,2026-06-21 01:05:03+00:00
2026-06-21T01:06:04+00:00,-46.42,-59.71,-59.41,-57.98,-62.27,-47.52,-47.45,-59.29,-49.01,-41.45,-50.03,-59.01,-52.03,-42.85,-57.33,-39.83,-52.61,2026-06-21 01:06:04+00:00
2026-06-21T01:07:04+00:00,-46.81,-61.19,-61.69,-60.68,-63.06,-47.54,-47.88,-61.66,-48.63,-41.47,-49.23,-60.64,-51.73,-42.48,-58.07,-40.33,-52.80,2026-06-21 01:07:04+00:00
2026-06-21T01:08:03+00:00,-46.62,-57.97,-59.96,-59.00,-62.84,-47.41,-47.59,-60.60,-48.18,-41.52,-48.76,-59.31,-52.09,-41.42,-57.50,-40.72,-53.97,2026-06-21 01:08:03+00:00
2026-06-21T01:09:03+00:00,-46.58,-59.28,-59.83,-58.43,-62.56,-47.23,-47.80,-59.68,-47.85,-41.45,-48.49,-58.01,-52.02,-41.46,-57.46,-41.63,-52.78,2026-06-21 01:09:03+00:00
2026-06-21T01:10:04+00:00,-46.44,-56.74,-58.02,-58.37,-62.46,-47.12,-47.33,-58.07,-47.86,-40.74,-48.89,-56.75,-52.36,-41.98,-56.61,-41.58,-52.58,2026-06-21 01:10:04+00:00
2026-06-21T01:11:04+00:00,-47.21,-58.06,-58.78,-57.83,-62.14,-46.92,-47.43,-59.22,-49.97,-40.34,-49.00,-57.02,-52.40,-41.76,-57.33,-39.90,-51.40,2026-06-21 01:11:04+00:00
2026-06-21T01:12:04+00:00,-46.97,-59.10,-59.94,-60.20,-61.77,-47.19,-47.63,-60.38,-50.11,-41.68,-48.68,-57.33,-52.69,-41.82,-57.74,-39.20,-52.71,2026-06-21 01:12:04+00:00
2026-06-21T01:13:03+00:00,-47.15,-57.09,-60.02,-59.33,-62.62,-47.08,-47.37,-59.83,-50.14,-42.30,-48.63,-57.24,-51.94,-42.50,-57.46,-38.54,-55.82,2026-06-21 01:13:03+00:00
2026-06-21T01:14:04+00:00,-47.17,-57.83,-63.06,-61.07,-63.03,-47.19,-47.46,-62.14,-50.24,-42.50,-47.99,-58.49,-52.70,-42.96,-58.17,-37.17,-56.83,2026-06-21 01:14:04+00:00
2026-06-21T01:15:04+00:00,-47.22,-53.54,-62.11,-60.26,-62.01,-46.88,-47.51,-61.22,-50.26,-42.36,-48.23,-57.80,-52.91,-42.95,-58.11,-36.81,-56.52,2026-06-21 01:15:04+00:00
2026-06-21T01:16:03+00:00,-47.23,-53.45,-61.16,-59.21,-61.52,-46.98,-47.73,-59.43,-50.21,-41.99,-48.01,-57.58,-52.78,-43.97,-57.11,-36.16,-53.44,2026-06-21 01:16:03+00:00
2026-06-21T01:17:03+00:00,-47.32,-58.50,-62.51,-60.60,-62.84,-46.76,-47.90,-62.50,-50.20,-41.43,-48.24,-58.06,-52.74,-44.29,-58.33,-36.56,-57.17,2026-06-21 01:17:03+00:00
2026-06-21T01:18:04+00:00,-46.58,-58.58,-59.09,-58.98,-61.74,-46.80,-47.48,-59.26,-50.10,-41.08,-47.53,-56.87,-51.37,-44.28,-57.18,-36.65,-49.95,2026-06-21 01:18:04+00:00
2026-06-21T01:19:04+00:00,-46.36,-59.14,-58.70,-58.84,-62.91,-46.95,-47.20,-59.21,-50.40,-41.04,-47.01,-57.28,-51.28,-44.42,-57.80,-36.21,-53.31,2026-06-21 01:19:04+00:00
2026-06-21T01:20:03+00:00,-46.34,-59.81,-61.72,-59.94,-63.24,-46.81,-47.53,-61.11,-50.56,-40.84,-47.35,-57.33,-51.30,-44.61,-57.98,-36.29,-56.28,2026-06-21 01:20:03+00:00
2026-06-21T01:21:03+00:00,-48.51,-59.57,-60.07,-58.90,-62.51,-47.04,-47.30,-60.16,-50.32,-41.43,-47.73,-56.99,-52.10,-45.45,-57.88,-36.85,-53.58,2026-06-21 01:21:03+00:00
2026-06-21T01:22:04+00:00,-48.46,-60.02,-60.58,-59.86,-61.32,-46.87,-46.98,-61.23,-50.75,-41.03,-47.96,-57.12,-52.13,-46.13,-57.98,-36.46,-53.88,2026-06-21 01:22:04+00:00
2026-06-21T01:23:04+00:00,-49.08,-58.91,-58.42,-57.64,-60.73,-47.15,-46.93,-58.83,-50.15,-41.20,-47.53,-55.91,-51.94,-45.66,-56.24,-36.64,-50.34,2026-06-21 01:23:04+00:00
2026-06-21T01:24:04+00:00,-48.88,-60.56,-61.86,-59.77,-62.11,-47.14,-47.17,-61.61,-51.57,-41.63,-47.60,-58.00,-51.91,-46.50,-57.95,-37.32,-56.83,2026-06-21 01:24:04+00:00
2026-06-21T01:25:03+00:00,-49.13,-59.67,-59.71,-58.66,-61.48,-46.97,-47.64,-60.16,-51.54,-41.22,-47.31,-57.24,-51.85,-46.61,-56.82,-39.13,-54.74,2026-06-21 01:25:03+00:00
2026-06-21T01:26:03+00:00,-49.16,-59.42,-60.71,-59.17,-62.68,-46.94,-47.47,-60.89,-51.07,-40.85,-47.20,-57.86,-51.99,-46.84,-57.53,-39.75,-56.04,2026-06-21 01:26:03+00:00
2026-06-21T01:27:04+00:00,-49.06,-60.36,-60.62,-59.81,-62.62,-46.82,-47.69,-61.89,-51.28,-41.37,-47.77,-58.25,-52.66,-46.19,-58.24,-40.06,-56.68,2026-06-21 01:27:04+00:00
2026-06-21T01:28:04+00:00,-48.88,-59.79,-60.22,-58.85,-62.05,-47.09,-47.61,-60.69,-51.19,-41.93,-47.39,-57.77,-52.58,-46.05,-57.84,-39.91,-54.67,2026-06-21 01:28:04+00:00
2026-06-21T01:29:03+00:00,-48.80,-59.92,-61.25,-59.59,-62.17,-47.15,-47.75,-61.61,-51.36,-41.88,-47.58,-58.14,-52.57,-47.26,-58.35,-40.29,-56.17,2026-06-21 01:29:03+00:00
2026-06-21T01:30:03+00:00,-49.17,-61.58,-61.06,-60.21,-62.81,-47.23,-47.76,-62.03,-51.30,-41.50,-47.25,-57.61,-52.21,-48.16,-58.12,-39.76,-56.43,2026-06-21 01:30:03+00:00
2026-06-21T01:31:03+00:00,-49.12,-61.17,-60.72,-59.53,-61.87,-47.26,-47.99,-59.63,-51.19,-41.17,-46.95,-57.73,-52.20,-49.46,-58.24,-38.89,-56.10,2026-06-21 01:31:03+00:00
2026-06-21T01:32:04+00:00,-48.86,-60.12,-59.72,-58.97,-61.92,-47.07,-48.06,-60.81,-51.32,-41.25,-47.58,-57.37,-52.38,-49.41,-57.33,-38.76,-55.50,2026-06-21 01:32:04+00:00
2026-06-21T01:33:04+00:00,-49.18,-60.36,-60.93,-59.40,-62.84,-47.01,-50.94,-62.19,-51.20,-41.21,-47.48,-57.73,-52.40,-49.32,-57.34,-37.79,-56.57,2026-06-21 01:33:04+00:00
2026-06-21T01:34:03+00:00,-49.09,-59.31,-60.85,-59.74,-62.58,-46.81,-44.69,-61.29,-49.46,-41.13,-47.57,-57.43,-52.71,-49.47,-57.90,-37.91,-56.21,2026-06-21 01:34:03+00:00
2026-06-21T01:35:03+00:00,-49.29,-59.96,-59.19,-59.02,-62.18,-47.06,-48.12,-61.82,-49.36,-41.09,-47.61,-58.36,-51.72,-50.63,-57.78,-37.49,-55.95,2026-06-21 01:35:03+00:00
2026-06-21T01:36:04+00:00,-48.98,-59.92,-60.42,-59.01,-62.84,-46.83,-48.11,-61.16,-49.51,-41.19,-47.27,-58.77,-51.33,-48.83,-57.66,-38.36,-55.21,2026-06-21 01:36:04+00:00
2026-06-21T01:37:04+00:00,-49.08,-59.58,-60.13,-58.91,-62.17,-46.99,-48.14,-60.58,-49.53,-41.26,-47.28,-58.17,-52.00,-47.72,-57.61,-39.43,-55.33,2026-06-21 01:37:04+00:00
2026-06-21T01:38:04+00:00,-48.94,-59.25,-60.32,-59.30,-62.11,-47.18,-48.26,-58.45,-49.27,-41.18,-47.38,-58.99,-52.17,-47.58,-57.34,-40.67,-55.99,2026-06-21 01:38:04+00:00
2026-06-21T01:39:03+00:00,-49.07,-60.09,-60.96,-59.86,-63.11,-47.23,-48.49,-61.12,-49.51,-41.11,-47.21,-59.66,-52.11,-48.35,-57.69,-42.29,-54.93,2026-06-21 01:39:03+00:00
2026-06-21T01:40:04+00:00,-49.39,-59.99,-61.13,-59.74,-61.78,-47.24,-48.31,-60.97,-48.47,-41.16,-47.24,-59.64,-51.25,-47.50,-57.53,-44.35,-55.38,2026-06-21 01:40:04+00:00
2026-06-21T01:41:04+00:00,-49.33,-59.04,-59.50,-58.92,-62.21,-47.40,-47.87,-59.38,-47.88,-41.24,-47.00,-59.45,-51.57,-46.94,-57.08,-45.66,-54.81,2026-06-21 01:41:04+00:00
2026-06-21T01:42:03+00:00,-49.56,-59.82,-59.12,-58.62,-62.76,-47.44,-47.66,-58.08,-47.82,-42.09,-47.04,-58.91,-51.49,-47.61,-57.54,-45.70,-53.69,2026-06-21 01:42:03+00:00
2026-06-21T01:43:03+00:00,-49.29,-59.29,-60.29,-59.13,-61.44,-47.38,-47.97,-60.76,-47.91,-42.92,-47.99,-59.51,-51.75,-46.41,-57.53,-48.21,-55.93,2026-06-21 01:43:03+00:00
2026-06-21T01:44:04+00:00,-49.33,-58.19,-60.53,-59.51,-62.22,-47.52,-48.01,-61.02,-48.07,-43.28,-47.62,-59.98,-52.03,-45.27,-57.57,-51.01,-56.47,2026-06-21 01:44:04+00:00
2026-06-21T01:45:04+00:00,-50.41,-59.36,-58.96,-58.78,-63.07,-47.36,-47.72,-58.27,-47.61,-42.30,-47.60,-58.59,-51.46,-44.54,-56.82,-58.15,-53.33,2026-06-21 01:45:04+00:00
2026-06-21T01:46:03+00:00,-50.50,-59.28,-60.96,-59.86,-62.01,-47.52,-48.12,-61.18,-47.97,-42.51,-47.56,-60.25,-51.04,-45.43,-58.11,-53.34,-54.45,2026-06-21 01:46:03+00:00
2026-06-21T01:47:03+00:00,-50.47,-59.76,-61.62,-59.72,-62.84,-47.39,-48.00,-61.83,-48.06,-43.26,-47.55,-59.83,-51.37,-45.09,-57.93,-50.46,-56.15,2026-06-21 01:47:03+00:00
2026-06-21T01:48:04+00:00,-50.37,-59.98,-61.89,-60.42,-62.73,-47.32,-47.89,-61.05,-48.12,-43.19,-47.68,-60.60,-51.83,-43.88,-58.39,-48.14,-56.14,2026-06-21 01:48:04+00:00
2026-06-21T01:49:04+00:00,-50.10,-58.97,-61.33,-59.87,-62.14,-47.28,-48.10,-61.45,-48.82,-43.76,-47.66,-59.48,-51.49,-43.98,-58.29,-44.41,-56.34,2026-06-21 01:49:04+00:00
2026-06-21T01:50:03+00:00,-50.42,-60.16,-62.03,-60.15,-62.35,-47.58,-48.04,-61.59,-48.76,-44.57,-47.83,-59.58,-51.48,-44.25,-58.29,-43.42,-56.37,2026-06-21 01:50:03+00:00
2026-06-21T01:51:03+00:00,-50.54,-60.04,-62.87,-60.55,-62.39,-47.86,-47.93,-62.11,-48.87,-44.85,-47.51,-59.29,-51.33,-44.12,-58.33,-43.38,-56.06,2026-06-21 01:51:03+00:00
2026-06-21T01:52:04+00:00,-49.33,-59.61,-61.67,-60.04,-63.02,-47.62,-47.70,-57.72,-48.52,-44.90,-47.02,-58.53,-51.66,-44.54,-58.35,-41.82,-55.96,2026-06-21 01:52:04+00:00
2026-06-21T01:53:04+00:00,-49.31,-60.13,-62.23,-60.51,-62.30,-48.09,-47.53,-62.05,-48.71,-44.09,-47.75,-58.24,-52.07,-43.30,-57.94,-40.93,-57.14,2026-06-21 01:53:04+00:00
2026-06-21T01:54:03+00:00,-49.44,-58.74,-61.70,-60.68,-62.68,-47.60,-47.23,-62.06,-48.22,-43.35,-47.56,-58.03,-51.85,-43.71,-58.59,-40.57,-57.34,2026-06-21 01:54:03+00:00
2026-06-21T01:55:03+00:00,-49.04,-59.83,-62.29,-60.05,-62.83,-47.67,-47.55,-61.67,-50.19,-43.63,-47.53,-57.30,-51.74,-43.45,-58.15,-41.51,-56.72,2026-06-21 01:55:03+00:00
2026-06-21T01:56:04+00:00,-46.84,-59.77,-62.14,-60.44,-62.64,-47.89,-47.49,-62.07,-50.72,-43.41,-47.22,-57.74,-51.70,-44.96,-58.17,-41.81,-56.72,2026-06-21 01:56:04+00:00
2026-06-21T01:57:04+00:00,-46.44,-60.47,-62.19,-61.23,-62.81,-48.13,-47.65,-62.49,-51.20,-43.06,-46.97,-58.40,-52.14,-43.54,-58.48,-42.00,-57.44,2026-06-21 01:57:04+00:00
2026-06-21T01:58:03+00:00,-46.01,-60.77,-63.33,-60.83,-62.65,-48.21,-47.81,-62.24,-51.05,-43.03,-46.97,-59.18,-52.04,-43.64,-58.52,-42.30,-57.16,2026-06-21 01:58:03+00:00
2026-06-21T01:59:03+00:00,-46.47,-60.59,-63.13,-61.01,-62.64,-48.48,-47.66,-63.06,-51.02,-43.28,-47.61,-59.54,-52.19,-44.26,-58.68,-44.57,-57.09,2026-06-21 01:59:03+00:00
2026-06-21T02:00:04+00:00,-46.78,-60.05,-63.18,-61.34,-63.68,-48.31,-47.54,-62.75,-50.63,-43.58,-47.74,-59.87,-52.31,-44.43,-58.14,-44.02,-55.90,2026-06-21 02:00:04+00:00
2026-06-21T02:01:04+00:00,-46.75,-60.31,-63.76,-61.43,-63.63,-48.28,-47.80,-63.48,-50.74,-42.82,-47.90,-60.54,-52.65,-43.94,-58.45,-43.32,-57.90,2026-06-21 02:01:04+00:00
2026-06-21T02:02:04+00:00,-46.63,-60.89,-62.88,-60.59,-63.40,-48.30,-47.76,-62.28,-50.65,-42.17,-47.87,-60.12,-52.31,-44.24,-58.22,-43.04,-57.17,2026-06-21 02:02:04+00:00
2026-06-21T02:03:03+00:00,-46.67,-60.33,-62.82,-61.08,-63.27,-48.08,-47.95,-62.43,-50.36,-42.38,-47.62,-60.04,-52.22,-44.27,-58.34,-42.02,-56.88,2026-06-21 02:03:03+00:00
2026-06-21T02:04:03+00:00,-46.71,-60.71,-63.46,-61.58,-63.60,-48.13,-47.63,-63.00,-51.28,-42.00,-47.89,-60.23,-52.71,-43.65,-58.40,-40.68,-57.10,2026-06-21 02:04:03+00:00
2026-06-21T02:05:04+00:00,-46.73,-60.41,-62.55,-61.06,-62.98,-48.07,-47.71,-62.29,-51.47,-41.66,-47.75,-59.45,-52.38,-43.66,-58.51,-38.86,-56.96,2026-06-21 02:05:04+00:00
2026-06-21T02:06:04+00:00,-46.70,-59.49,-63.13,-61.09,-63.42,-48.19,-47.54,-62.78,-51.20,-42.10,-47.85,-59.50,-52.49,-43.92,-58.60,-38.67,-57.64,2026-06-21 02:06:04+00:00
2026-06-21T02:07:03+00:00,-46.80,-61.00,-63.15,-61.41,-63.48,-48.13,-47.46,-62.91,-51.30,-42.55,-48.04,-59.25,-52.34,-43.80,-58.46,-39.62,-57.85,2026-06-21 02:07:03+00:00
2026-06-21T02:08:03+00:00,-46.74,-60.46,-63.34,-60.58,-62.63,-48.06,-47.60,-62.09,-51.54,-42.74,-47.31,-58.86,-52.71,-44.47,-58.35,-40.27,-55.27,2026-06-21 02:08:03+00:00
2026-06-21T02:09:04+00:00,-46.86,-60.35,-62.89,-61.12,-62.91,-47.87,-47.39,-62.73,-51.73,-42.15,-47.57,-59.23,-53.45,-44.52,-58.46,-40.12,-56.46,2026-06-21 02:09:04+00:00
2026-06-21T02:10:04+00:00,-46.75,-60.38,-64.12,-61.49,-63.72,-47.90,-47.37,-63.54,-51.92,-41.81,-47.90,-59.41,-54.13,-43.34,-58.49,-40.10,-58.15,2026-06-21 02:10:04+00:00
2026-06-21T02:11:03+00:00,-46.83,-60.46,-63.90,-61.06,-61.64,-47.80,-47.31,-63.44,-51.97,-41.94,-48.05,-58.48,-54.46,-43.97,-58.59,-39.71,-58.09,2026-06-21 02:11:03+00:00
2026-06-21T02:12:03+00:00,-46.88,-61.06,-63.57,-61.28,-62.41,-47.83,-47.10,-62.19,-51.67,-42.02,-47.85,-58.54,-54.75,-44.15,-58.73,-39.92,-56.32,2026-06-21 02:12:03+00:00
2026-06-21T02:13:04+00:00,-46.75,-60.49,-63.66,-61.42,-63.68,-48.04,-47.20,-62.72,-51.91,-41.71,-47.44,-58.42,-54.89,-44.02,-58.97,-39.80,-57.57,2026-06-21 02:13:04+00:00
2026-06-21T02:14:04+00:00,-46.73,-60.36,-63.82,-61.24,-62.59,-48.02,-47.12,-63.45,-52.10,-41.59,-47.65,-58.75,-55.42,-43.43,-58.65,-40.65,-57.58,2026-06-21 02:14:04+00:00
2026-06-21T02:15:03+00:00,-46.90,-60.48,-63.55,-61.06,-63.10,-47.85,-47.35,-62.01,-51.94,-41.47,-47.65,-58.42,-56.61,-43.86,-59.06,-40.61,-57.33,2026-06-21 02:15:03+00:00
2026-06-21T02:16:03+00:00,-46.74,-60.47,-61.99,-60.90,-62.24,-47.78,-47.45,-63.57,-51.82,-41.28,-47.39,-58.20,-57.15,-43.68,-58.77,-41.26,-57.84,2026-06-21 02:16:03+00:00
2026-06-21T02:17:03+00:00,-46.52,-60.50,-63.23,-61.03,-62.10,-47.72,-47.35,-62.64,-51.93,-41.50,-47.57,-58.22,-57.29,-43.90,-58.55,-41.25,-57.15,2026-06-21 02:17:03+00:00
2026-06-21T02:18:03+00:00,-46.54,-60.95,-62.99,-61.04,-62.44,-47.78,-47.49,-62.58,-51.85,-41.81,-47.68,-58.44,-57.81,-43.67,-58.65,-40.42,-57.35,2026-06-21 02:18:03+00:00
2026-06-21T02:19:04+00:00,-47.37,-60.84,-63.56,-60.78,-63.81,-47.64,-47.43,-63.56,-49.79,-41.65,-47.38,-58.52,-56.64,-44.16,-59.06,-40.10,-58.11,2026-06-21 02:19:04+00:00
2026-06-21T02:20:04+00:00,-47.30,-60.01,-63.88,-61.10,-62.64,-47.33,-47.46,-63.02,-49.84,-42.08,-47.34,-58.54,-57.41,-44.77,-58.50,-39.44,-58.18,2026-06-21 02:20:04+00:00
2026-06-21T02:21:03+00:00,-47.13,-60.19,-63.63,-61.18,-62.29,-47.51,-47.73,-62.57,-49.88,-42.33,-47.83,-58.65,-57.75,-45.38,-58.03,-38.51,-57.84,2026-06-21 02:21:03+00:00
2026-06-21T02:22:03+00:00,-47.34,-60.53,-63.61,-61.49,-62.49,-47.84,-47.57,-62.81,-49.98,-42.50,-47.79,-59.07,-57.41,-45.82,-58.68,-38.32,-57.43,2026-06-21 02:22:03+00:00
2026-06-21T02:23:03+00:00,-47.35,-60.43,-63.39,-61.24,-62.77,-47.42,-47.57,-62.30,-49.86,-42.37,-47.85,-60.25,-57.60,-45.92,-58.45,-38.42,-56.78,2026-06-21 02:23:03+00:00
2026-06-21T02:24:04+00:00,-47.50,-60.27,-64.07,-61.41,-62.30,-47.30,-47.42,-62.39,-50.06,-42.83,-47.86,-61.06,-57.66,-45.73,-58.40,-39.69,-58.33,2026-06-21 02:24:04+00:00
2026-06-21T02:25:04+00:00,-47.40,-58.88,-63.94,-61.57,-61.83,-47.61,-47.28,-62.69,-48.34,-43.26,-47.36,-61.27,-57.56,-45.72,-58.64,-41.46,-57.99,2026-06-21 02:25:04+00:00
2026-06-21T02:26:04+00:00,-46.89,-59.42,-64.00,-61.23,-62.42,-47.35,-47.12,-62.72,-48.31,-43.61,-47.47,-59.98,-57.84,-46.05,-58.59,-41.83,-58.89,2026-06-21 02:26:04+00:00
2026-06-21T02:27:04+00:00,-46.85,-60.42,-63.95,-61.13,-62.31,-47.43,-47.34,-62.59,-48.37,-44.10,-48.07,-59.69,-58.30,-45.37,-58.95,-41.37,-58.47,2026-06-21 02:27:04+00:00
2026-06-21T02:28:04+00:00,-46.89,-61.03,-63.43,-61.29,-62.56,-47.06,-47.27,-60.43,-48.28,-44.95,-47.91,-58.84,-58.20,-45.40,-58.61,-42.27,-57.35,2026-06-21 02:28:04+00:00
2026-06-21T02:29:03+00:00,-46.87,-60.79,-63.77,-61.20,-62.10,-46.86,-47.33,-62.59,-48.35,-45.50,-48.09,-58.63,-57.93,-44.50,-58.71,-43.00,-58.85,2026-06-21 02:29:03+00:00
2026-06-21T02:30:03+00:00,-46.83,-60.59,-64.08,-61.30,-61.83,-47.01,-47.69,-62.48,-48.37,-46.02,-47.84,-59.33,-56.97,-45.04,-59.00,-43.39,-58.30,2026-06-21 02:30:03+00:00
2026-06-21T02:31:03+00:00,-47.08,-62.78,-64.03,-61.32,-62.69,-47.06,-47.62,-62.90,-48.25,-47.15,-47.55,-59.32,-57.65,-45.45,-58.73,-44.14,-58.94,2026-06-21 02:31:03+00:00
2026-06-21T02:32:04+00:00,-47.00,-61.47,-63.73,-61.01,-62.74,-46.90,-47.58,-62.52,-48.25,-48.66,-47.93,-59.20,-58.06,-46.00,-58.20,-44.03,-57.63,2026-06-21 02:32:04+00:00
2026-06-21T02:33:04+00:00,-47.02,-60.97,-63.90,-61.46,-62.21,-46.81,-47.54,-62.70,-48.10,-49.75,-47.95,-59.85,-58.10,-46.41,-58.68,-44.33,-58.69,2026-06-21 02:33:04+00:00
2026-06-21T02:34:03+00:00,-47.04,-61.35,-63.97,-61.48,-62.08,-46.64,-47.57,-62.25,-49.32,-51.24,-47.97,-58.91,-58.17,-47.03,-58.59,-45.21,-58.43,2026-06-21 02:34:03+00:00
2026-06-21T02:35:04+00:00,-46.97,-61.25,-64.13,-61.42,-62.21,-46.70,-47.74,-63.61,-49.08,-52.30,-47.55,-59.07,-57.12,-47.70,-58.60,-45.83,-58.85,2026-06-21 02:35:04+00:00
2026-06-21T02:36:03+00:00,-46.91,-61.49,-64.39,-61.57,-63.17,-46.66,-47.86,-63.93,-49.26,-54.14,-47.74,-58.78,-57.39,-46.94,-58.78,-47.70,-59.00,2026-06-21 02:36:03+00:00
2026-06-21T02:37:03+00:00,-46.96,-61.31,-64.19,-61.28,-62.63,-46.82,-48.14,-63.67,-49.24,-56.59,-48.00,-59.27,-57.67,-46.78,-58.61,-48.32,-58.66,2026-06-21 02:37:03+00:00
2026-06-21T02:38:04+00:00,-46.92,-60.02,-64.46,-61.47,-62.37,-46.77,-48.10,-63.08,-48.59,-57.62,-47.76,-59.24,-57.96,-46.67,-58.91,-48.68,-58.63,2026-06-21 02:38:04+00:00
2026-06-21T02:39:03+00:00,-46.91,-59.98,-63.70,-61.00,-62.92,-46.67,-48.06,-63.15,-48.73,-58.87,-47.90,-59.43,-57.66,-46.43,-58.61,-48.97,-57.46,2026-06-21 02:39:03+00:00
2026-06-21T02:40:03+00:00,-46.85,-61.66,-64.06,-61.46,-63.28,-46.97,-47.92,-63.80,-50.75,-56.41,-47.70,-60.10,-56.49,-47.36,-58.19,-49.43,-57.70,2026-06-21 02:40:03+00:00
2026-06-21T02:41:04+00:00,-46.78,-61.79,-64.29,-61.62,-63.22,-46.73,-47.98,-63.89,-50.69,-57.11,-47.70,-61.03,-56.84,-48.69,-58.75,-50.13,-58.86,2026-06-21 02:41:04+00:00
2026-06-21T02:42:04+00:00,-46.72,-60.81,-63.60,-61.74,-62.41,-46.79,-47.77,-62.68,-50.76,-57.52,-47.99,-61.18,-57.12,-49.57,-58.35,-50.55,-57.92,2026-06-21 02:42:04+00:00
2026-06-21T02:43:04+00:00,-46.82,-60.67,-64.10,-61.28,-62.99,-46.78,-47.94,-63.74,-50.73,-56.90,-48.18,-61.32,-57.35,-49.36,-58.73,-50.03,-59.18,2026-06-21 02:43:04+00:00
2026-06-21T02:44:03+00:00,-46.17,-60.20,-64.53,-61.94,-63.26,-46.88,-47.66,-64.25,-50.78,-56.77,-48.23,-61.52,-57.18,-49.93,-58.76,-49.35,-59.05,2026-06-21 02:44:03+00:00
2026-06-21T02:45:03+00:00,-45.92,-60.95,-64.36,-61.37,-64.10,-46.85,-47.87,-63.61,-50.85,-56.37,-48.30,-61.31,-56.97,-49.14,-58.91,-48.74,-58.71,2026-06-21 02:45:03+00:00
2026-06-21T02:46:04+00:00,-45.93,-61.19,-63.64,-61.24,-64.14,-46.98,-47.91,-63.81,-50.75,-54.23,-48.30,-60.72,-56.01,-48.40,-58.57,-49.06,-55.38,2026-06-21 02:46:04+00:00
2026-06-21T02:47:04+00:00,-45.97,-61.31,-64.34,-61.51,-62.96,-47.13,-47.93,-64.11,-50.68,-54.35,-48.31,-61.08,-56.41,-48.69,-58.88,-49.84,-55.33,2026-06-21 02:47:04+00:00
2026-06-21T02:48:03+00:00,-45.73,-60.91,-63.81,-61.33,-62.94,-46.97,-47.98,-63.86,-51.11,-54.71,-48.50,-60.91,-57.15,-49.92,-58.62,-49.56,-54.73,2026-06-21 02:48:03+00:00
2026-06-21T02:49:04+00:00,-46.14,-61.73,-63.96,-61.43,-62.63,-47.10,-48.01,-63.89,-51.34,-54.37,-48.41,-60.74,-56.43,-50.05,-58.46,-49.69,-54.46,2026-06-21 02:49:04+00:00
2026-06-21T02:50:04+00:00,-46.68,-60.85,-64.05,-61.29,-63.16,-47.14,-47.77,-64.12,-51.37,-53.98,-48.06,-60.69,-56.58,-51.21,-58.69,-48.72,-55.48,2026-06-21 02:50:04+00:00
2026-06-21T02:51:03+00:00,-46.66,-60.15,-63.72,-61.49,-62.92,-47.07,-48.05,-63.35,-51.30,-53.77,-48.10,-60.60,-56.75,-51.93,-58.34,-48.58,-54.32,2026-06-21 02:51:03+00:00
2026-06-21T02:52:03+00:00,-46.67,-60.87,-64.01,-61.45,-63.05,-47.17,-48.11,-64.23,-51.04,-52.81,-47.74,-60.52,-56.09,-50.00,-58.95,-48.85,-55.09,2026-06-21 02:52:03+00:00
2026-06-21T02:53:04+00:00,-47.39,-61.00,-64.14,-61.63,-62.22,-47.06,-48.21,-62.46,-52.12,-52.94,-47.60,-60.93,-56.18,-47.78,-58.88,-48.35,-54.50,2026-06-21 02:53:04+00:00
2026-06-21T02:54:04+00:00,-47.28,-60.19,-63.97,-61.10,-62.37,-47.18,-48.54,-63.26,-52.15,-53.22,-47.77,-60.90,-56.82,-45.69,-58.50,-48.94,-54.38,2026-06-21 02:54:04+00:00
2026-06-21T02:55:03+00:00,-47.38,-61.93,-63.90,-61.15,-62.99,-47.15,-48.38,-64.03,-52.07,-52.91,-47.80,-61.12,-57.00,-43.62,-55.64,-49.24,-55.20,2026-06-21 02:55:03+00:00
2026-06-21T02:56:03+00:00,-47.34,-61.24,-64.12,-61.23,-62.73,-47.31,-48.49,-63.94,-52.20,-52.50,-47.95,-61.26,-57.10,-42.72,-58.16,-49.53,-55.15,2026-06-21 02:56:03+00:00
2026-06-21T02:57:04+00:00,-47.19,-59.76,-64.46,-61.75,-63.52,-47.29,-48.61,-64.50,-52.34,-52.31,-48.01,-61.55,-56.90,-41.76,-58.75,-49.65,-54.61,2026-06-21 02:57:04+00:00
2026-06-21T02:58:04+00:00,-47.38,-60.32,-63.86,-61.27,-62.98,-47.21,-48.86,-63.69,-52.09,-51.58,-48.04,-61.42,-56.39,-41.05,-59.23,-49.27,-55.04,2026-06-21 02:58:04+00:00
2026-06-21T02:59:03+00:00,-47.42,-60.32,-64.16,-61.09,-63.10,-47.39,-48.82,-64.28,-52.22,-51.45,-48.03,-61.61,-56.65,-40.78,-58.57,-49.35,-55.03,2026-06-21 02:59:03+00:00
2026-06-21T03:00:04+00:00,-46.87,-61.34,-64.56,-61.61,-63.33,-47.27,-49.09,-64.12,-52.08,-51.30,-48.75,-61.62,-57.02,-40.36,-58.72,-49.11,-54.97,2026-06-21 03:00:04+00:00
2026-06-21T03:01:04+00:00,-49.09,-59.92,-63.43,-60.96,-63.10,-47.24,-48.94,-61.87,-52.10,-50.84,-49.18,-60.87,-56.88,-40.41,-58.51,-48.98,-55.18,2026-06-21 03:01:04+00:00
2026-06-21T03:02:04+00:00,-49.03,-62.14,-63.91,-61.01,-62.94,-47.22,-49.06,-64.17,-51.94,-50.43,-49.52,-61.03,-57.14,-40.47,-58.30,-48.87,-55.50,2026-06-21 03:02:04+00:00
2026-06-21T03:03:03+00:00,-49.02,-61.43,-64.22,-61.39,-63.52,-47.10,-48.78,-64.49,-52.07,-49.92,-49.54,-60.68,-56.65,-40.37,-58.68,-48.27,-55.35,2026-06-21 03:03:03+00:00
2026-06-21T03:04:03+00:00,-49.11,-60.87,-63.95,-61.19,-62.58,-46.96,-48.65,-63.63,-50.01,-49.76,-49.85,-60.63,-56.74,-40.81,-58.33,-48.26,-54.52,2026-06-21 03:04:03+00:00
2026-06-21T03:05:03+00:00,-49.16,-60.69,-63.80,-61.22,-62.47,-47.04,-48.64,-64.23,-50.01,-49.65,-50.56,-60.95,-57.14,-41.14,-58.31,-47.63,-54.36,2026-06-21 03:05:03+00:00
2026-06-21T03:06:03+00:00,-49.27,-60.19,-64.31,-61.37,-63.60,-47.00,-48.69,-64.64,-50.01,-49.46,-51.22,-61.21,-57.50,-41.18,-58.54,-47.13,-54.45,2026-06-21 03:06:03+00:00
2026-06-21T03:07:03+00:00,-49.07,-60.50,-64.14,-61.27,-62.80,-46.83,-48.73,-64.15,-49.93,-49.22,-51.36,-61.20,-57.34,-41.41,-58.62,-47.17,-55.26,2026-06-21 03:07:03+00:00
2026-06-21T03:08:04+00:00,-49.35,-62.16,-64.08,-61.38,-63.66,-46.98,-48.48,-64.08,-50.00,-48.82,-51.16,-61.11,-56.60,-41.66,-58.49,-47.55,-54.86,2026-06-21 03:08:04+00:00
2026-06-21T03:09:04+00:00,-49.63,-60.13,-64.21,-61.26,-63.39,-47.13,-48.63,-64.24,-49.98,-48.56,-51.11,-61.12,-56.94,-41.93,-59.04,-47.67,-55.48,2026-06-21 03:09:04+00:00
2026-06-21T03:10:03+00:00,-49.56,-59.58,-63.74,-60.91,-62.91,-47.35,-48.90,-64.01,-48.24,-48.65,-51.73,-61.32,-57.52,-42.19,-58.93,-47.43,-55.19,2026-06-21 03:10:03+00:00
2026-06-21T03:11:04+00:00,-49.46,-60.25,-63.85,-61.10,-62.19,-47.34,-48.61,-64.00,-48.18,-48.47,-52.04,-61.51,-57.60,-42.42,-58.82,-47.74,-55.27,2026-06-21 03:11:04+00:00
2026-06-21T03:12:04+00:00,-49.76,-60.92,-63.42,-60.90,-62.51,-47.17,-48.55,-63.24,-48.26,-48.47,-52.13,-60.99,-57.53,-42.60,-58.21,-47.84,-54.39,2026-06-21 03:12:04+00:00
2026-06-21T03:13:03+00:00,-49.51,-61.06,-64.18,-60.77,-61.94,-47.16,-48.64,-63.98,-48.28,-48.38,-52.19,-61.49,-57.82,-42.84,-58.27,-47.96,-54.68,2026-06-21 03:13:03+00:00
2026-06-21T03:14:03+00:00,-49.53,-60.93,-64.09,-61.21,-62.92,-47.09,-48.79,-63.99,-48.33,-48.09,-51.52,-61.01,-57.53,-42.92,-58.26,-48.06,-55.32,2026-06-21 03:14:03+00:00
2026-06-21T03:15:04+00:00,-49.61,-63.26,-64.36,-61.46,-63.23,-47.21,-48.73,-64.24,-48.34,-48.02,-51.40,-61.33,-57.88,-43.30,-58.68,-48.29,-55.79,2026-06-21 03:15:04+00:00
2026-06-21T03:16:04+00:00,-49.51,-62.81,-64.10,-60.94,-61.72,-47.20,-48.56,-64.19,-48.28,-48.12,-51.91,-60.86,-58.06,-43.79,-58.40,-48.30,-54.38,2026-06-21 03:16:04+00:00
2026-06-21T03:17:03+00:00,-49.51,-60.88,-64.11,-61.39,-62.89,-47.35,-48.65,-64.14,-48.24,-48.01,-51.78,-60.74,-58.22,-43.77,-58.50,-48.56,-55.37,2026-06-21 03:17:03+00:00
2026-06-21T03:18:04+00:00,-49.55,-60.98,-64.41,-62.08,-62.78,-47.39,-48.73,-64.40,-48.10,-47.91,-52.04,-60.92,-58.26,-44.03,-58.78,-48.27,-54.55,2026-06-21 03:18:04+00:00
2026-06-21T03:19:04+00:00,-49.17,-61.56,-64.27,-61.04,-62.22,-47.39,-48.75,-64.09,-49.46,-47.84,-51.60,-60.70,-58.17,-44.74,-58.71,-48.35,-55.27,2026-06-21 03:19:04+00:00
2026-06-21T03:20:03+00:00,-49.33,-61.90,-64.09,-61.19,-62.56,-47.58,-48.82,-64.46,-49.31,-47.68,-50.85,-60.33,-57.69,-45.04,-58.78,-48.27,-54.48,2026-06-21 03:20:03+00:00
2026-06-21T03:21:03+00:00,-49.48,-62.03,-64.26,-61.22,-63.62,-47.62,-48.62,-64.57,-49.27,-47.78,-50.89,-60.53,-57.88,-45.36,-58.65,-48.42,-55.18,2026-06-21 03:21:03+00:00
2026-06-21T03:22:04+00:00,-49.36,-60.60,-63.97,-61.06,-61.85,-47.66,-48.58,-64.17,-49.36,-47.79,-51.28,-60.42,-57.99,-46.13,-58.87,-48.37,-54.50,2026-06-21 03:22:04+00:00
2026-06-21T03:23:04+00:00,-49.49,-60.38,-64.25,-61.27,-62.46,-47.66,-48.79,-64.03,-48.75,-47.76,-51.10,-59.87,-57.92,-46.88,-58.73,-48.49,-54.56,2026-06-21 03:23:04+00:00
2026-06-21T03:24:03+00:00,-49.26,-61.36,-64.41,-61.20,-63.07,-47.61,-48.48,-64.75,-48.67,-47.81,-51.10,-60.22,-58.14,-47.92,-58.86,-48.35,-54.40,2026-06-21 03:24:03+00:00
2026-06-21T03:25:04+00:00,-49.24,-61.58,-64.31,-61.06,-61.95,-47.61,-48.58,-64.24,-50.90,-47.42,-50.15,-60.02,-55.78,-48.61,-58.66,-48.56,-55.36,2026-06-21 03:25:04+00:00
2026-06-21T03:26:04+00:00,-48.59,-62.65,-63.96,-61.02,-61.36,-47.63,-48.39,-64.42,-50.89,-47.64,-50.49,-59.73,-56.02,-49.57,-58.48,-48.62,-55.02,2026-06-21 03:26:04+00:00
2026-06-21T03:27:03+00:00,-49.08,-61.74,-64.50,-61.39,-63.45,-47.67,-48.41,-64.75,-50.85,-47.85,-50.97,-60.11,-56.18,-50.45,-58.71,-48.58,-55.01,2026-06-21 03:27:03+00:00
2026-06-21T03:28:03+00:00,-49.38,-60.41,-64.03,-61.21,-62.27,-47.77,-48.41,-64.00,-50.73,-48.05,-50.91,-59.80,-56.29,-51.53,-58.40,-48.59,-54.37,2026-06-21 03:28:03+00:00
2026-06-21T03:29:04+00:00,-48.94,-61.50,-64.06,-61.39,-62.08,-47.75,-48.41,-63.83,-50.74,-64.39,-50.92,-59.76,-56.59,-52.64,-58.22,-48.48,-54.20,2026-06-21 03:29:04+00:00
2026-06-21T03:30:04+00:00,-49.28,-61.82,-64.26,-61.19,-62.62,-47.58,-48.34,-63.68,-50.87,-50.41,-50.65,-60.16,-56.62,-53.42,-58.36,-48.61,-55.13,2026-06-21 03:30:04+00:00
2026-06-21T03:31:04+00:00,-48.93,-60.57,-64.15,-60.89,-62.24,-47.71,-48.53,-63.87,-50.87,-48.18,-50.19,-60.09,-56.80,-54.33,-58.23,-48.34,-54.86,2026-06-21 03:31:04+00:00
2026-06-21T03:32:03+00:00,-49.41,-63.04,-64.23,-61.35,-61.32,-47.36,-48.56,-64.29,-50.71,-47.84,-50.60,-60.12,-57.13,-54.68,-58.72,-47.99,-54.83,2026-06-21 03:32:03+00:00
2026-06-21T03:33:03+00:00,-48.07,-60.83,-64.59,-61.33,-62.48,-47.90,-48.40,-64.52,-50.99,-47.59,-50.56,-60.29,-57.20,-54.28,-58.38,-48.27,-54.25,2026-06-21 03:33:03+00:00
2026-06-21T03:34:04+00:00,-48.19,-60.15,-64.06,-61.42,-62.19,-47.78,-48.47,-63.98,-51.24,-47.75,-50.43,-60.62,-57.34,-53.69,-58.64,-48.18,-54.93,2026-06-21 03:34:04+00:00
2026-06-21T03:35:03+00:00,-47.94,-60.11,-64.10,-61.27,-62.62,-47.66,-46.80,-63.79,-51.32,-47.64,-50.47,-60.93,-57.36,-52.90,-58.17,-48.20,-54.91,2026-06-21 03:35:03+00:00
2026-06-21T03:36:03+00:00,-47.65,-61.20,-64.36,-61.51,-62.49,-47.79,-48.27,-64.03,-51.29,-47.47,-49.69,-61.99,-57.27,-52.59,-58.86,-48.11,-54.43,2026-06-21 03:36:03+00:00
2026-06-21T03:37:04+00:00,-47.47,-60.53,-64.14,-61.40,-61.92,-47.71,-48.27,-64.04,-51.18,-47.41,-49.92,-62.11,-57.32,-51.71,-58.83,-48.00,-54.98,2026-06-21 03:37:04+00:00
2026-06-21T03:38:04+00:00,-47.38,-62.35,-64.26,-61.12,-62.23,-47.55,-48.08,-64.27,-51.78,-47.54,-50.42,-61.87,-57.58,-51.21,-58.75,-47.98,-54.11,2026-06-21 03:38:04+00:00
2026-06-21T03:39:03+00:00,-47.23,-59.81,-64.36,-61.44,-63.44,-47.66,-48.20,-64.60,-51.97,-47.65,-50.26,-62.31,-57.68,-50.57,-58.29,-47.69,-54.30,2026-06-21 03:39:03+00:00
2026-06-21T03:40:03+00:00,-47.45,-59.01,-64.35,-61.36,-62.08,-47.65,-48.11,-64.23,-51.93,-47.51,-50.40,-61.84,-57.67,-49.91,-58.44,-47.68,-55.07,2026-06-21 03:40:03+00:00
2026-06-21T03:41:04+00:00,-47.44,-60.10,-63.90,-61.07,-61.95,-47.86,-48.14,-63.89,-52.17,-47.36,-50.42,-62.71,-57.64,-49.32,-58.32,-47.61,-55.24,2026-06-21 03:41:04+00:00
2026-06-21T03:42:04+00:00,-47.34,-61.39,-66.02,-62.26,-66.24,-47.72,-48.20,-65.89,-52.02,-47.13,-49.60,-65.25,-57.65,-48.74,-59.31,-47.93,-55.54,2026-06-21 03:42:04+00:00
2026-06-21T03:43:03+00:00,-47.72,-61.10,-65.67,-62.55,-66.32,-47.75,-48.29,-65.83,-52.05,-47.32,-50.49,-66.85,-57.88,-48.32,-59.46,-48.33,-55.33,2026-06-21 03:43:03+00:00
2026-06-21T03:44:03+00:00,-47.46,-62.37,-65.91,-62.67,-66.87,-47.52,-48.30,-65.22,-51.95,-47.36,-50.80,-67.48,-57.93,-48.14,-59.67,-48.55,-55.19,2026-06-21 03:44:03+00:00
2026-06-21T03:45:04+00:00,-47.45,-61.33,-65.60,-62.33,-65.91,-47.64,-48.04,-65.65,-51.99,-47.35,-50.86,-67.47,-58.04,-47.90,-59.43,-48.78,-55.75,2026-06-21 03:45:04+00:00
2026-06-21T03:46:04+00:00,-48.02,-61.65,-66.02,-62.40,-66.28,-47.96,-47.93,-66.60,-52.11,-47.33,-51.20,-68.37,-58.25,-47.48,-59.36,-48.44,-54.91,2026-06-21 03:46:04+00:00
2026-06-21T03:47:03+00:00,-48.16,-60.59,-66.04,-62.53,-65.77,-47.65,-48.14,-65.63,-52.11,-47.16,-50.48,-68.00,-57.77,-47.26,-59.20,-48.48,-55.02,2026-06-21 03:47:03+00:00
2026-06-21T03:48:03+00:00,-48.54,-61.29,-66.04,-62.36,-65.75,-47.81,-48.24,-66.32,-52.03,-47.42,-50.51,-68.15,-57.99,-47.05,-59.77,-48.35,-54.21,2026-06-21 03:48:03+00:00
2026-06-21T03:49:04+00:00,-48.90,-61.25,-66.10,-62.60,-66.76,-47.79,-48.24,-65.68,-49.72,-47.48,-51.44,-68.05,-58.21,-46.72,-59.36,-48.67,-55.01,2026-06-21 03:49:04+00:00
2026-06-21T03:50:04+00:00,-49.11,-63.25,-66.05,-62.44,-66.07,-47.87,-48.30,-65.91,-49.81,-47.52,-51.39,-68.15,-58.28,-46.43,-59.39,-48.40,-54.55,2026-06-21 03:50:04+00:00
2026-06-21T03:51:03+00:00,-49.22,-61.46,-65.87,-62.58,-66.46,-47.83,-48.03,-65.80,-49.78,-47.51,-51.46,-67.81,-58.40,-46.50,-59.66,-48.44,-55.43,2026-06-21 03:51:03+00:00
2026-06-21T03:52:03+00:00,-49.24,-61.67,-65.89,-62.73,-67.05,-47.89,-48.46,-65.44,-49.75,-47.47,-51.56,-68.03,-58.34,-46.20,-59.45,-48.97,-55.58,2026-06-21 03:52:03+00:00
2026-06-21T03:53:04+00:00,-48.96,-61.43,-65.67,-62.33,-66.11,-47.85,-48.57,-65.57,-49.76,-47.56,-51.09,-67.48,-58.00,-46.14,-59.60,-48.95,-54.83,2026-06-21 03:53:04+00:00
2026-06-21T03:54:04+00:00,-49.11,-61.11,-65.93,-62.63,-65.95,-47.90,-48.14,-65.51,-49.84,-47.53,-51.27,-67.39,-58.14,-45.79,-59.18,-48.88,-54.67,2026-06-21 03:54:04+00:00
2026-06-21T03:55:03+00:00,-48.96,-60.73,-65.81,-62.98,-66.43,-47.82,-48.75,-65.57,-47.97,-47.60,-51.93,-67.50,-58.68,-45.82,-59.76,-49.28,-55.54,2026-06-21 03:55:03+00:00
2026-06-21T03:56:04+00:00,-48.80,-60.18,-63.30,-62.53,-65.98,-47.86,-48.34,-65.61,-47.15,-47.82,-51.99,-66.68,-58.31,-45.65,-59.08,-48.89,-55.47,2026-06-21 03:56:04+00:00
2026-06-21T03:57:04+00:00,-49.27,-63.02,-65.98,-62.55,-66.52,-48.00,-48.82,-65.54,-48.00,-47.78,-52.22,-66.95,-58.82,-45.66,-59.59,-48.89,-55.43,2026-06-21 03:57:04+00:00
2026-06-21T03:58:04+00:00,-49.38,-63.30,-65.75,-62.83,-66.52,-47.96,-48.75,-65.50,-48.03,-47.83,-52.24,-66.85,-58.89,-45.62,-59.08,-48.84,-55.35,2026-06-21 03:58:04+00:00
2026-06-21T03:59:03+00:00,-48.74,-58.62,-65.95,-62.53,-66.51,-48.01,-48.28,-65.54,-48.01,-47.92,-52.53,-66.51,-60.65,-45.50,-59.22,-49.22,-54.54,2026-06-21 03:59:03+00:00
2026-06-21T04:00:03+00:00,-49.82,-61.70,-65.14,-62.62,-66.02,-47.90,-48.28,-64.86,-47.72,-47.95,-52.42,-65.88,-60.36,-45.55,-59.37,-49.17,-55.31,2026-06-21 04:00:03+00:00
2026-06-21T04:01:03+00:00,-49.31,-60.70,-65.87,-62.53,-67.91,-48.02,-49.33,-64.94,-48.02,-47.94,-52.75,-65.94,-60.62,-45.63,-59.49,-49.29,-55.48,2026-06-21 04:01:03+00:00
2026-06-21T04:02:04+00:00,-49.77,-61.51,-66.00,-62.11,-66.10,-48.59,-48.36,-65.82,-47.93,-47.86,-52.79,-65.41,-60.69,-45.42,-59.01,-49.23,-55.35,2026-06-21 04:02:04+00:00
2026-06-21T04:03:04+00:00,-49.59,-61.54,-65.93,-62.39,-66.75,-48.60,-48.19,-65.96,-48.43,-47.99,-52.89,-65.32,-60.63,-45.70,-59.16,-48.93,-55.25,2026-06-21 04:03:04+00:00
2026-06-21T04:04:03+00:00,-49.36,-62.81,-65.86,-62.57,-66.20,-48.65,-48.83,-65.66,-48.96,-47.98,-52.75,-65.44,-60.44,-45.51,-59.22,-48.83,-55.43,2026-06-21 04:04:03+00:00
2026-06-21T04:05:03+00:00,-49.80,-63.12,-65.81,-62.64,-66.19,-48.59,-48.81,-65.60,-49.03,-48.13,-53.15,-65.11,-60.80,-45.48,-59.55,-48.97,-59.56,2026-06-21 04:05:03+00:00
2026-06-21T04:06:03+00:00,-50.02,-62.81,-65.92,-62.65,-66.05,-48.35,-49.36,-65.20,-48.91,-48.17,-53.25,-64.84,-60.38,-45.57,-59.35,-48.99,-54.63,2026-06-21 04:06:03+00:00
2026-06-21T04:07:03+00:00,-49.54,-60.38,-65.88,-62.60,-66.45,-48.09,-48.91,-65.76,-49.11,-48.27,-53.74,-64.62,-60.42,-45.57,-59.01,-48.85,-55.21,2026-06-21 04:07:03+00:00
2026-06-21T04:08:04+00:00,-49.32,-61.46,-65.96,-62.68,-66.36,-48.11,-48.99,-65.95,-48.42,-48.30,-53.92,-64.45,-60.43,-45.68,-58.75,-48.97,-54.64,2026-06-21 04:08:04+00:00
2026-06-21T04:09:04+00:00,-49.50,-60.28,-65.49,-62.51,-66.02,-47.94,-48.46,-65.94,-48.41,-48.36,-53.92,-64.08,-60.48,-45.60,-59.08,-48.64,-55.04,2026-06-21 04:09:04+00:00
2026-06-21T04:10:03+00:00,-49.64,-61.29,-65.68,-62.39,-66.34,-47.82,-48.51,-65.71,-50.50,-48.48,-53.69,-64.32,-60.46,-45.55,-58.97,-48.70,-54.34,2026-06-21 04:10:03+00:00
2026-06-21T04:11:04+00:00,-49.46,-63.02,-65.83,-62.64,-66.29,-47.91,-49.45,-65.45,-50.63,-48.65,-53.84,-64.18,-60.59,-45.75,-59.56,-48.73,-54.68,2026-06-21 04:11:04+00:00
2026-06-21T04:12:04+00:00,-49.79,-63.48,-65.95,-62.67,-66.62,-47.75,-48.89,-65.96,-50.51,-48.70,-53.91,-64.29,-60.63,-45.84,-59.81,-48.69,-54.69,2026-06-21 04:12:04+00:00
2026-06-21T04:13:03+00:00,-50.01,-58.03,-65.80,-62.76,-66.54,-47.64,-49.30,-65.70,-50.49,-48.65,-54.04,-64.39,-60.41,-45.87,-59.42,-48.92,-54.50,2026-06-21 04:13:03+00:00
2026-06-21T04:14:03+00:00,-49.94,-60.68,-65.95,-62.62,-66.29,-47.77,-48.70,-65.63,-50.49,-48.69,-54.20,-64.09,-60.49,-45.95,-59.35,-49.00,-55.54,2026-06-21 04:14:03+00:00
2026-06-21T04:15:04+00:00,-49.78,-62.02,-65.84,-62.24,-66.07,-47.64,-48.97,-65.46,-50.50,-48.86,-54.31,-64.23,-60.40,-45.87,-59.72,-49.01,-55.21,2026-06-21 04:15:04+00:00
2026-06-21T04:16:04+00:00,-50.26,-61.36,-65.70,-62.49,-67.14,-47.58,-49.52,-65.50,-50.56,-49.00,-54.39,-64.36,-60.37,-45.73,-59.20,-49.07,-55.43,2026-06-21 04:16:04+00:00
2026-06-21T04:17:03+00:00,-50.08,-60.83,-65.81,-62.44,-66.63,-47.69,-49.40,-65.76,-50.54,-49.10,-54.53,-64.42,-60.37,-46.15,-58.93,-49.08,-54.51,2026-06-21 04:17:03+00:00
2026-06-21T04:18:03+00:00,-50.28,-60.59,-65.50,-62.52,-66.00,-47.53,-48.55,-65.67,-50.89,-49.14,-54.72,-63.95,-60.25,-45.90,-58.95,-49.00,-55.40,2026-06-21 04:18:03+00:00
2026-06-21T04:19:04+00:00,-49.25,-57.79,-65.78,-62.48,-66.26,-47.68,-48.86,-65.47,-51.07,-49.12,-55.13,-64.33,-60.28,-46.12,-59.51,-49.05,-55.59,2026-06-21 04:19:04+00:00
2026-06-21T04:20:04+00:00,-50.07,-61.38,-65.65,-62.85,-66.96,-47.71,-48.91,-63.38,-50.82,-49.02,-54.89,-64.47,-60.26,-46.08,-59.50,-48.80,-54.85,2026-06-21 04:20:04+00:00
2026-06-21T04:21:03+00:00,-50.08,-60.31,-65.48,-62.47,-66.07,-47.46,-49.11,-55.27,-50.89,-48.86,-55.03,-63.86,-60.06,-45.95,-59.08,-48.68,-54.72,2026-06-21 04:21:03+00:00
2026-06-21T04:22:03+00:00,-49.59,-61.61,-65.84,-62.55,-66.60,-47.64,-48.46,-55.20,-50.99,-48.89,-55.49,-64.42,-60.05,-45.96,-56.28,-49.00,-55.36,2026-06-21 04:22:03+00:00
2026-06-21T04:23:04+00:00,-50.25,-59.94,-65.39,-62.50,-65.42,-47.37,-48.47,-55.08,-51.92,-48.92,-55.64,-63.92,-60.18,-45.94,-59.88,-49.10,-55.13,2026-06-21 04:23:04+00:00
2026-06-21T04:24:04+00:00,-50.15,-61.62,-65.83,-62.81,-67.07,-47.52,-48.64,-55.03,-51.95,-48.90,-56.09,-64.33,-60.34,-45.90,-59.69,-49.21,-54.57,2026-06-21 04:24:04+00:00
2026-06-21T04:25:03+00:00,-50.17,-58.69,-65.67,-62.50,-66.85,-47.66,-48.86,-54.95,-51.71,-48.85,-56.48,-65.06,-60.15,-45.90,-59.29,-49.89,-55.11,2026-06-21 04:25:03+00:00
2026-06-21T04:26:03+00:00,-50.24,-59.83,-65.30,-62.36,-66.67,-47.43,-49.53,-54.84,-51.73,-48.98,-56.61,-64.70,-59.85,-45.97,-58.89,-49.78,-55.29,2026-06-21 04:26:03+00:00
2026-06-21T04:27:04+00:00,-50.01,-61.78,-65.81,-62.69,-65.71,-47.66,-49.08,-54.79,-51.72,-48.84,-57.09,-65.08,-60.28,-45.74,-59.02,-49.42,-55.18,2026-06-21 04:27:04+00:00
2026-06-21T04:28:04+00:00,-50.03,-61.85,-65.75,-62.49,-66.03,-47.57,-48.60,-54.78,-51.78,-49.12,-57.28,-64.89,-59.94,-45.95,-59.24,-49.55,-55.16,2026-06-21 04:28:04+00:00
2026-06-21T04:29:03+00:00,-49.84,-61.21,-65.64,-62.77,-65.90,-47.57,-48.31,-54.77,-51.83,-49.28,-57.36,-65.05,-60.09,-46.14,-58.97,-49.46,-55.32,2026-06-21 04:29:03+00:00
2026-06-21T04:30:03+00:00,-47.71,-59.07,-65.03,-62.49,-66.60,-47.61,-48.13,-54.79,-51.31,-49.29,-57.28,-64.92,-59.97,-45.69,-59.29,-49.87,-55.25,2026-06-21 04:30:03+00:00
2026-06-21T04:31:03+00:00,-47.72,-59.72,-65.60,-62.63,-66.63,-47.43,-48.55,-54.72,-51.17,-49.49,-57.30,-64.74,-60.21,-45.94,-59.54,-49.91,-55.36,2026-06-21 04:31:03+00:00
2026-06-21T04:32:04+00:00,-47.84,-59.96,-65.34,-62.29,-67.02,-47.59,-48.94,-54.68,-51.34,-49.53,-57.49,-64.16,-59.97,-46.03,-59.63,-50.17,-55.32,2026-06-21 04:32:04+00:00
2026-06-21T04:33:04+00:00,-48.30,-61.54,-65.78,-62.75,-66.48,-47.54,-48.71,-54.58,-49.41,-49.38,-57.65,-64.58,-60.20,-45.71,-59.41,-50.06,-55.30,2026-06-21 04:33:04+00:00
2026-06-21T04:34:03+00:00,-48.39,-61.34,-65.55,-62.87,-66.10,-47.49,-48.65,-54.59,-49.23,-49.52,-57.99,-64.24,-59.86,-45.79,-59.21,-49.95,-55.20,2026-06-21 04:34:03+00:00
2026-06-21T04:35:04+00:00,-48.23,-60.17,-65.29,-62.81,-66.48,-47.64,-48.79,-54.40,-49.24,-49.44,-57.93,-63.33,-59.90,-45.74,-59.23,-49.63,-55.35,2026-06-21 04:35:04+00:00
2026-06-21T04:36:03+00:00,-48.29,-61.27,-65.41,-62.60,-67.49,-47.59,-48.90,-54.58,-49.34,-49.55,-58.47,-64.19,-59.86,-46.01,-59.21,-49.60,-55.16,2026-06-21 04:36:03+00:00
2026-06-21T04:37:03+00:00,-47.99,-58.67,-65.77,-62.56,-67.04,-47.57,-48.82,-54.46,-49.34,-49.41,-58.29,-64.18,-60.19,-45.87,-59.43,-49.56,-55.36,2026-06-21 04:37:03+00:00
2026-06-21T04:38:04+00:00,-47.74,-62.85,-65.60,-62.64,-65.94,-47.63,-48.82,-54.40,-49.35,-49.37,-58.42,-64.37,-60.04,-45.66,-59.47,-49.49,-55.28,2026-06-21 04:38:04+00:00
2026-06-21T04:39:04+00:00,-48.07,-62.26,-65.87,-62.27,-66.48,-47.62,-48.46,-54.57,-49.42,-49.35,-58.20,-64.13,-60.06,-46.04,-59.37,-49.56,-55.42,2026-06-21 04:39:04+00:00
2026-06-21T04:40:03+00:00,-47.76,-62.47,-65.88,-62.66,-66.43,-47.59,-48.29,-54.61,-47.80,-49.44,-58.25,-64.44,-59.88,-45.93,-58.88,-49.70,-55.64,2026-06-21 04:40:03+00:00
2026-06-21T04:41:03+00:00,-47.77,-61.83,-65.98,-62.79,-66.69,-47.46,-48.46,-54.40,-47.77,-49.36,-58.52,-64.37,-60.08,-45.70,-59.59,-49.74,-55.48,2026-06-21 04:41:03+00:00
2026-06-21T04:42:04+00:00,-47.98,-60.26,-65.22,-62.67,-65.25,-47.54,-48.68,-54.23,-47.70,-49.55,-58.49,-63.81,-59.80,-45.86,-59.23,-50.02,-55.47,2026-06-21 04:42:04+00:00
2026-06-21T04:43:04+00:00,-47.72,-59.29,-65.48,-62.55,-66.17,-47.58,-48.67,-54.16,-47.68,-49.53,-58.46,-64.24,-59.77,-45.81,-59.44,-49.83,-55.56,2026-06-21 04:43:04+00:00
2026-06-21T04:44:03+00:00,-47.67,-62.34,-65.67,-62.72,-66.41,-47.66,-48.50,-54.53,-47.81,-49.54,-58.87,-64.49,-59.78,-45.77,-59.06,-50.04,-55.60,2026-06-21 04:44:03+00:00
2026-06-21T04:45:03+00:00,-50.19,-61.69,-65.77,-62.47,-65.39,-47.41,-48.73,-54.01,-47.73,-49.65,-58.64,-64.29,-59.76,-45.70,-58.58,-49.86,-55.53,2026-06-21 04:45:03+00:00
2026-06-21T04:46:04+00:00,-50.04,-61.31,-65.57,-62.54,-66.54,-47.52,-49.00,-53.84,-47.83,-49.52,-58.35,-63.97,-59.71,-45.75,-59.08,-49.85,-55.53,2026-06-21 04:46:04+00:00
2026-06-21T04:47:04+00:00,-49.44,-59.94,-65.78,-62.68,-66.16,-47.71,-49.15,-53.83,-48.04,-49.83,-58.54,-64.15,-59.76,-45.94,-59.19,-50.20,-55.49,2026-06-21 04:47:04+00:00
2026-06-21T04:48:03+00:00,-49.13,-63.60,-65.44,-62.31,-66.77,-47.77,-48.83,-53.64,-49.07,-49.88,-58.35,-63.99,-59.49,-45.90,-59.17,-50.09,-54.62,2026-06-21 04:48:03+00:00
2026-06-21T04:49:03+00:00,-50.06,-61.33,-65.88,-62.20,-66.92,-47.51,-48.71,-53.95,-48.85,-50.01,-58.37,-64.12,-59.42,-45.58,-59.09,-50.15,-55.58,2026-06-21 04:49:03+00:00
2026-06-21T04:50:04+00:00,-50.09,-60.69,-65.56,-62.30,-66.74,-47.92,-49.18,-54.01,-48.94,-50.06,-57.80,-64.19,-59.64,-45.63,-59.30,-50.53,-55.63,2026-06-21 04:50:04+00:00
2026-06-21T04:51:04+00:00,-49.77,-62.68,-66.05,-62.70,-67.45,-47.69,-49.00,-53.73,-48.88,-49.96,-57.97,-64.17,-59.41,-45.62,-59.40,-50.64,-55.55,2026-06-21 04:51:04+00:00
2026-06-21T04:52:03+00:00,-49.08,-60.86,-65.78,-62.43,-66.25,-47.65,-49.03,-53.60,-48.86,-49.89,-57.76,-63.78,-59.33,-45.64,-59.29,-50.91,-55.51,2026-06-21 04:52:03+00:00
2026-06-21T04:53:03+00:00,-48.79,-61.97,-65.98,-62.05,-66.41,-47.72,-49.11,-53.93,-48.33,-49.91,-57.69,-64.12,-59.35,-45.69,-59.75,-51.17,-55.54,2026-06-21 04:53:03+00:00
2026-06-21T04:54:04+00:00,-48.66,-61.36,-65.91,-62.14,-67.11,-47.58,-48.74,-53.65,-48.23,-49.83,-57.79,-64.11,-59.35,-45.74,-59.10,-50.79,-55.44,2026-06-21 04:54:04+00:00
2026-06-21T04:55:04+00:00,-48.23,-62.51,-65.30,-62.61,-65.45,-47.65,-48.93,-53.78,-50.16,-49.80,-57.76,-63.78,-59.17,-45.71,-59.59,-51.31,-55.31,2026-06-21 04:55:04+00:00
2026-06-21T04:56:03+00:00,-49.41,-63.40,-65.78,-62.23,-66.49,-47.50,-48.67,-53.75,-50.15,-49.64,-57.79,-64.35,-59.24,-45.72,-59.31,-51.47,-55.45,2026-06-21 04:56:03+00:00
2026-06-21T04:57:03+00:00,-48.94,-60.60,-65.64,-62.29,-67.04,-47.62,-48.84,-53.94,-50.37,-49.55,-57.62,-64.23,-59.16,-45.61,-59.58,-51.82,-55.38,2026-06-21 04:57:03+00:00
2026-06-21T04:58:04+00:00,-48.50,-62.50,-65.76,-62.52,-66.44,-47.75,-48.63,-53.56,-50.17,-49.48,-57.67,-64.28,-59.14,-45.77,-59.55,-51.76,-55.33,2026-06-21 04:58:04+00:00
2026-06-21T04:59:03+00:00,-50.27,-60.79,-65.84,-62.72,-65.66,-47.72,-48.79,-53.71,-50.19,-49.31,-57.63,-64.59,-59.05,-45.73,-59.23,-51.54,-55.37,2026-06-21 04:59:03+00:00
2026-06-21T05:00:03+00:00,-49.18,-60.75,-65.75,-62.13,-67.01,-47.77,-48.49,-53.42,-50.28,-49.52,-58.09,-64.56,-59.18,-45.44,-59.27,-51.93,-55.32,2026-06-21 05:00:03+00:00
2026-06-21T05:01:04+00:00,-49.91,-61.50,-65.90,-62.37,-66.02,-47.46,-48.73,-53.39,-50.04,-49.41,-58.01,-64.63,-59.21,-45.62,-59.21,-51.93,-55.34,2026-06-21 05:01:04+00:00
2026-06-21T05:02:04+00:00,-50.41,-61.37,-70.02,-62.40,-66.29,-47.61,-48.97,-53.27,-51.83,-49.32,-58.00,-64.52,-59.21,-45.52,-59.25,-52.03,-55.39,2026-06-21 05:02:04+00:00
2026-06-21T05:03:03+00:00,-50.45,-59.48,-70.32,-62.36,-66.76,-47.49,-48.75,-53.16,-52.23,-49.24,-58.27,-64.40,-59.20,-45.53,-59.24,-52.42,-55.34,2026-06-21 05:03:03+00:00
2026-06-21T05:04:04+00:00,-49.42,-60.43,-69.64,-62.63,-65.92,-47.47,-48.33,-53.17,-52.32,-49.36,-57.99,-65.27,-59.11,-45.37,-59.09,-52.08,-55.48,2026-06-21 05:04:04+00:00
2026-06-21T05:05:04+00:00,-49.19,-61.47,-68.80,-62.38,-66.55,-47.52,-48.36,-52.84,-52.43,-49.30,-58.04,-64.64,-59.04,-45.44,-59.14,-52.02,-55.45,2026-06-21 05:05:04+00:00
2026-06-21T05:06:04+00:00,-50.21,-61.25,-69.63,-62.73,-66.17,-47.54,-48.17,-53.15,-52.33,-49.47,-58.26,-65.57,-58.93,-45.61,-59.73,-51.78,-55.53,2026-06-21 05:06:04+00:00
2026-06-21T05:07:03+00:00,-49.47,-59.02,-68.68,-62.55,-66.67,-47.61,-48.34,-52.60,-52.21,-49.28,-57.50,-64.76,-58.89,-45.62,-59.29,-51.63,-55.45,2026-06-21 05:07:03+00:00
2026-06-21T05:08:04+00:00,-49.61,-61.36,-70.29,-62.83,-66.53,-47.63,-48.56,-52.62,-54.30,-49.52,-58.04,-67.87,-59.03,-45.58,-59.83,-51.44,-55.78,2026-06-21 05:08:04+00:00
2026-06-21T05:09:04+00:00,-50.50,-57.88,-69.08,-62.81,-66.23,-47.44,-48.05,-52.77,-54.15,-49.35,-57.71,-66.37,-59.09,-45.70,-58.97,-51.31,-55.43,2026-06-21 05:09:04+00:00
2026-06-21T05:10:03+00:00,-50.20,-60.18,-70.22,-62.58,-66.20,-47.36,-47.87,-52.41,-54.15,-49.41,-58.07,-67.21,-59.01,-45.56,-59.01,-51.29,-55.70,2026-06-21 05:10:03+00:00
2026-06-21T05:11:03+00:00,-50.00,-61.92,-70.22,-62.25,-66.40,-47.71,-48.11,-52.37,-54.20,-49.25,-57.90,-67.52,-58.94,-45.47,-59.57,-51.19,-54.47,2026-06-21 05:11:03+00:00
2026-06-21T05:12:04+00:00,-49.98,-61.15,-69.84,-62.70,-66.25,-47.50,-48.15,-52.24,-54.24,-49.18,-57.55,-67.38,-58.86,-45.67,-59.70,-51.06,-55.40,2026-06-21 05:12:04+00:00
2026-06-21T05:13:04+00:00,-50.20,-61.27,-70.16,-62.70,-65.91,-47.38,-48.07,-52.27,-54.00,-49.11,-57.71,-67.03,-58.58,-45.38,-59.27,-50.94,-53.40,2026-06-21 05:13:04+00:00
2026-06-21T05:14:03+00:00,-49.39,-62.98,-69.84,-62.57,-66.50,-47.57,-48.03,-52.24,-53.91,-49.08,-57.64,-67.50,-58.85,-45.59,-59.18,-50.57,-55.38,2026-06-21 05:14:03+00:00
2026-06-21T05:15:04+00:00,-48.37,-61.11,-68.59,-62.90,-66.35,-46.82,-48.32,-52.11,-53.55,-48.98,-57.60,-67.37,-58.70,-45.42,-59.14,-50.42,-53.36,2026-06-21 05:15:04+00:00
2026-06-21T05:16:04+00:00,-48.36,-60.63,-70.32,-62.47,-66.45,-46.84,-48.16,-52.43,-53.66,-48.97,-57.66,-68.49,-58.95,-45.52,-59.89,-50.39,-53.33,2026-06-21 05:16:04+00:00
2026-06-21T05:17:03+00:00,-48.28,-59.89,-70.56,-62.27,-66.92,-47.01,-47.44,-52.42,-53.70,-49.06,-57.51,-68.34,-58.52,-45.45,-59.65,-50.02,-53.44,2026-06-21 05:17:03+00:00
2026-06-21T05:18:03+00:00,-48.20,-60.92,-70.25,-62.47,-66.59,-46.73,-48.38,-52.26,-50.71,-49.01,-57.58,-68.48,-58.60,-45.63,-59.56,-49.89,-53.31,2026-06-21 05:18:03+00:00
2026-06-21T05:19:04+00:00,-48.26,-61.15,-69.86,-62.48,-66.18,-46.66,-48.18,-52.23,-50.70,-48.89,-57.47,-68.24,-58.52,-45.47,-58.91,-49.84,-53.37,2026-06-21 05:19:04+00:00
2026-06-21T05:20:04+00:00,-48.15,-61.06,-70.47,-62.62,-66.53,-46.79,-47.95,-51.95,-50.72,-48.95,-57.23,-67.89,-58.45,-45.47,-59.41,-50.00,-55.32,2026-06-21 05:20:04+00:00
2026-06-21T05:21:03+00:00,-48.38,-61.24,-70.31,-62.80,-66.00,-46.55,-48.26,-51.90,-50.65,-49.06,-57.14,-67.13,-58.40,-45.54,-59.37,-49.56,-53.31,2026-06-21 05:21:03+00:00
2026-06-21T05:22:03+00:00,-47.76,-61.16,-69.68,-62.66,-65.60,-46.60,-48.08,-51.80,-50.65,-49.02,-57.10,-67.15,-58.22,-45.56,-59.57,-49.52,-53.31,2026-06-21 05:22:03+00:00
2026-06-21T05:23:04+00:00,-48.49,-60.97,-69.98,-62.71,-66.26,-46.52,-48.16,-52.23,-50.63,-48.97,-57.09,-67.59,-58.34,-45.51,-59.48,-49.44,-55.35,2026-06-21 05:23:04+00:00
2026-06-21T05:24:04+00:00,-48.23,-59.91,-69.90,-62.52,-66.39,-46.55,-47.92,-52.21,-50.53,-49.00,-57.07,-65.86,-57.93,-45.63,-59.32,-49.20,-53.48,2026-06-21 05:24:04+00:00
2026-06-21T05:25:03+00:00,-48.31,-61.16,-69.59,-62.75,-66.47,-45.88,-48.30,-52.24,-48.80,-48.97,-57.08,-66.70,-58.16,-45.76,-59.69,-49.95,-53.34,2026-06-21 05:25:03+00:00
2026-06-21T05:26:04+00:00,-48.39,-60.89,-69.99,-62.29,-65.61,-45.84,-47.64,-51.94,-48.81,-49.00,-57.04,-66.73,-58.16,-45.71,-59.19,-49.62,-55.28,2026-06-21 05:26:04+00:00
2026-06-21T05:27:04+00:00,-48.40,-59.52,-66.93,-62.62,-66.59,-45.74,-48.17,-51.79,-48.59,-48.70,-56.68,-63.24,-57.79,-45.82,-59.22,-49.64,-54.78,2026-06-21 05:27:04+00:00
2026-06-21T05:28:04+00:00,-48.25,-60.94,-69.80,-62.94,-65.80,-45.82,-47.88,-51.78,-48.80,-48.94,-56.98,-65.23,-58.05,-45.64,-59.45,-49.71,-54.83,2026-06-21 05:28:04+00:00
2026-06-21T05:29:03+00:00,-48.84,-56.75,-67.59,-62.31,-66.45,-45.66,-48.18,-51.80,-48.77,-48.81,-56.88,-64.40,-58.06,-45.75,-59.54,-49.62,-53.12,2026-06-21 05:29:03+00:00
2026-06-21T05:30:04+00:00,-50.03,-60.01,-69.08,-62.39,-67.20,-45.76,-47.86,-51.82,-48.91,-48.98,-56.99,-64.82,-58.20,-45.95,-59.03,-49.68,-55.42,2026-06-21 05:30:04+00:00
2026-06-21T05:31:04+00:00,-49.65,-59.28,-67.18,-62.32,-66.52,-45.74,-47.82,-51.77,-48.96,-49.14,-56.56,-64.08,-57.99,-45.94,-59.44,-49.84,-54.62,2026-06-21 05:31:04+00:00
2026-06-21T05:32:04+00:00,-49.71,-61.49,-69.95,-62.82,-66.20,-45.78,-48.02,-51.69,-49.10,-49.30,-56.84,-64.68,-58.23,-45.91,-59.77,-49.86,-55.71,2026-06-21 05:32:04+00:00
2026-06-21T05:33:04+00:00,-50.01,-60.64,-69.97,-62.63,-66.26,-45.95,-47.71,-51.74,-50.46,-49.23,-56.57,-64.92,-57.72,-46.14,-59.64,-49.59,-54.90,2026-06-21 05:33:04+00:00
2026-06-21T05:34:03+00:00,-49.57,-61.16,-70.11,-62.67,-66.16,-45.73,-48.39,-51.79,-50.45,-49.21,-56.41,-65.09,-57.90,-45.99,-59.39,-49.73,-54.85,2026-06-21 05:34:03+00:00
2026-06-21T05:35:04+00:00,-49.90,-57.45,-69.00,-62.50,-66.49,-45.69,-47.27,-51.81,-50.45,-49.26,-56.37,-64.65,-57.95,-45.98,-59.67,-49.46,-55.36,2026-06-21 05:35:04+00:00
2026-06-21T05:36:04+00:00,-49.50,-60.45,-70.25,-62.04,-66.49,-45.74,-48.25,-51.71,-50.42,-49.17,-56.08,-64.52,-57.76,-46.22,-59.77,-49.13,-55.35,2026-06-21 05:36:04+00:00
2026-06-21T05:37:04+00:00,-50.25,-61.71,-70.01,-62.23,-66.41,-45.46,-47.10,-51.69,-50.42,-49.29,-56.11,-64.87,-57.79,-46.11,-59.47,-49.23,-55.49,2026-06-21 05:37:04+00:00
2026-06-21T05:38:03+00:00,-50.26,-61.01,-69.22,-62.49,-66.68,-45.63,-48.01,-51.63,-49.47,-49.34,-56.12,-63.46,-57.67,-46.27,-59.56,-49.20,-55.61,2026-06-21 05:38:03+00:00
2026-06-21T05:39:03+00:00,-49.91,-60.07,-68.42,-62.50,-66.60,-45.52,-47.33,-51.67,-49.78,-49.16,-56.06,-63.09,-57.65,-46.35,-59.29,-48.71,-59.28,2026-06-21 05:39:03+00:00
2026-06-21T05:40:04+00:00,-50.26,-62.61,-69.45,-62.42,-67.02,-45.62,-48.17,-51.58,-51.49,-49.19,-56.12,-63.57,-57.79,-46.40,-59.47,-48.57,-60.76,2026-06-21 05:40:04+00:00
2026-06-21T05:41:04+00:00,-49.70,-60.02,-69.94,-62.46,-66.88,-51.79,-47.34,-51.62,-51.59,-49.16,-56.06,-64.50,-57.91,-46.60,-59.77,-48.32,-60.49,2026-06-21 05:41:04+00:00
2026-06-21T05:42:03+00:00,-49.69,-61.04,-70.53,-62.56,-66.84,-51.72,-47.71,-51.94,-51.59,-49.15,-55.96,-64.71,-57.83,-46.81,-59.58,-48.33,-60.23,2026-06-21 05:42:03+00:00
2026-06-21T05:43:04+00:00,-49.67,-60.11,-66.67,-62.61,-66.12,-51.77,-47.95,-51.78,-51.42,-49.24,-55.74,-63.62,-57.61,-46.43,-59.46,-48.06,-56.60,2026-06-21 05:43:04+00:00
2026-06-21T05:44:04+00:00,-50.07,-61.31,-69.95,-62.75,-66.77,-51.65,-47.61,-51.89,-51.51,-49.09,-55.92,-63.99,-57.43,-46.67,-59.58,-47.79,-60.06,2026-06-21 05:44:04+00:00
2026-06-21T05:45:03+00:00,-49.62,-58.97,-69.96,-62.07,-66.00,-51.80,-47.55,-51.93,-51.57,-49.30,-55.68,-63.55,-57.67,-46.69,-58.89,-47.55,-59.88,2026-06-21 05:45:03+00:00
2026-06-21T05:46:03+00:00,-49.93,-62.60,-68.76,-62.47,-67.05,-51.57,-47.48,-51.88,-51.47,-49.12,-56.03,-63.82,-57.69,-46.78,-59.24,-47.77,-59.79,2026-06-21 05:46:03+00:00
2026-06-21T05:47:04+00:00,-49.75,-59.71,-67.28,-62.95,-66.14,-51.79,-47.84,-51.87,-51.36,-49.06,-55.94,-63.85,-57.58,-46.71,-59.49,-47.65,-59.24,2026-06-21 05:47:04+00:00
2026-06-21T05:48:04+00:00,-49.97,-59.77,-67.51,-62.52,-66.06,-51.62,-47.88,-51.79,-51.86,-49.07,-55.96,-62.99,-57.44,-46.61,-59.21,-47.53,-59.06,2026-06-21 05:48:04+00:00
2026-06-21T05:49:03+00:00,-50.14,-60.63,-69.46,-62.67,-66.68,-51.73,-47.49,-51.57,-51.96,-49.07,-55.94,-63.03,-57.81,-46.77,-59.27,-47.53,-61.02,2026-06-21 05:49:03+00:00
2026-06-21T05:50:03+00:00,-49.76,-59.48,-70.34,-62.67,-66.73,-51.77,-47.64,-51.55,-52.12,-49.01,-55.94,-62.74,-57.81,-46.61,-59.27,-47.44,-60.70,2026-06-21 05:50:03+00:00
2026-06-21T05:51:04+00:00,-49.69,-60.57,-70.41,-62.19,-66.41,-51.61,-47.61,-51.46,-52.04,-48.82,-55.86,-62.29,-57.51,-46.73,-59.47,-47.32,-60.94,2026-06-21 05:51:04+00:00
2026-06-21T05:52:04+00:00,-49.57,-61.57,-70.56,-62.46,-66.31,-51.68,-47.58,-51.49,-52.04,-48.83,-56.11,-62.17,-57.76,-46.85,-59.44,-47.11,-60.98,2026-06-21 05:52:04+00:00
2026-06-21T05:53:04+00:00,-49.63,-57.79,-69.04,-62.44,-66.50,-51.56,-47.31,-51.50,-54.25,-48.90,-56.13,-62.11,-57.58,-46.72,-58.97,-47.08,-59.36,2026-06-21 05:53:04+00:00
2026-06-21T05:54:03+00:00,-49.48,-58.33,-70.44,-62.75,-67.37,-51.54,-47.67,-51.45,-54.15,-48.79,-56.31,-62.29,-57.79,-46.99,-59.12,-46.87,-60.95,2026-06-21 05:54:03+00:00
2026-06-21T05:55:03+00:00,-49.66,-62.09,-70.70,-62.69,-66.37,-51.58,-47.75,-51.55,-54.24,-48.77,-56.42,-61.85,-57.72,-47.03,-59.62,-46.68,-60.67,2026-06-21 05:55:03+00:00
2026-06-21T05:56:04+00:00,-49.89,-60.44,-70.70,-62.83,-66.55,-51.63,-47.71,-51.62,-54.34,-48.76,-56.35,-62.11,-57.81,-47.04,-59.06,-46.79,-60.79,2026-06-21 05:56:04+00:00
2026-06-21T05:57:04+00:00,-50.09,-61.43,-70.51,-62.42,-66.44,-51.57,-47.41,-51.74,-53.91,-48.70,-56.54,-61.82,-57.69,-47.12,-59.26,-46.69,-61.25,2026-06-21 05:57:04+00:00
2026-06-21T05:58:04+00:00,-50.37,-60.85,-70.78,-61.67,-66.24,-51.54,-47.69,-51.76,-54.02,-48.67,-56.67,-62.19,-57.60,-47.06,-59.24,-46.86,-58.55,2026-06-21 05:58:04+00:00
2026-06-21T05:59:03+00:00,-48.19,-60.68,-69.31,-63.00,-66.50,-51.47,-47.96,-51.95,-53.62,-48.64,-56.36,-61.90,-57.53,-47.09,-59.61,-46.65,-59.55,2026-06-21 05:59:03+00:00
2026-06-21T06:00:03+00:00,-47.83,-60.86,-69.58,-62.83,-67.22,-51.58,-47.54,-51.88,-53.68,-48.58,-56.71,-61.71,-57.73,-47.21,-59.71,-46.53,-59.82,2026-06-21 06:00:03+00:00
2026-06-21T06:01:03+00:00,-47.78,-58.25,-69.92,-61.99,-65.97,-51.64,-47.37,-51.94,-53.98,-48.41,-56.94,-61.52,-57.63,-47.22,-59.38,-46.62,-59.70,2026-06-21 06:01:03+00:00
2026-06-21T06:02:04+00:00,-48.25,-60.87,-70.28,-62.71,-66.49,-50.04,-47.43,-51.89,-53.66,-48.56,-56.93,-61.75,-57.61,-47.37,-59.50,-46.52,-61.05,2026-06-21 06:02:04+00:00
2026-06-21T06:03:04+00:00,-48.05,-58.31,-68.39,-62.24,-66.33,-49.54,-47.90,-51.90,-50.73,-48.22,-57.08,-61.35,-57.30,-47.30,-59.15,-46.24,-59.53,2026-06-21 06:03:04+00:00
2026-06-21T06:04:03+00:00,-48.42,-60.01,-69.68,-62.53,-66.35,-44.90,-48.07,-51.86,-50.71,-48.35,-57.23,-61.75,-57.48,-47.19,-59.09,-46.57,-60.70,2026-06-21 06:04:03+00:00
2026-06-21T06:05:03+00:00,-48.08,-59.03,-69.66,-62.55,-66.24,-45.08,-47.89,-51.84,-50.70,-48.41,-57.15,-61.91,-57.56,-47.54,-58.72,-46.55,-61.35,2026-06-21 06:05:03+00:00
2026-06-21T06:06:04+00:00,-48.37,-59.26,-69.65,-62.70,-66.90,-44.72,-47.61,-52.03,-50.74,-48.28,-57.14,-61.85,-57.39,-47.45,-58.78,-46.26,-61.13,2026-06-21 06:06:04+00:00
2026-06-21T06:07:04+00:00,-48.04,-59.33,-69.58,-62.64,-66.36,-44.99,-47.42,-51.98,-50.69,-48.27,-57.45,-61.94,-57.39,-47.75,-59.37,-46.41,-61.01,2026-06-21 06:07:04+00:00
2026-06-21T06:08:03+00:00,-48.20,-59.88,-68.09,-62.48,-65.82,-45.05,-47.32,-51.90,-50.59,-48.16,-57.55,-61.62,-57.24,-47.90,-59.16,-46.19,-59.86,2026-06-21 06:08:03+00:00
2026-06-21T06:09:03+00:00,-47.17,-60.19,-69.15,-62.23,-66.80,-45.08,-47.60,-51.92,-49.43,-48.28,-57.60,-61.76,-57.43,-47.93,-59.11,-46.07,-60.42,2026-06-21 06:09:03+00:00
2026-06-21T06:10:04+00:00,-47.64,-60.43,-69.66,-62.41,-66.46,-45.38,-47.81,-51.88,-49.26,-48.15,-57.65,-62.27,-57.31,-47.84,-58.76,-45.69,-58.14,2026-06-21 06:10:04+00:00
2026-06-21T06:11:04+00:00,-47.62,-59.78,-69.72,-62.39,-66.43,-45.15,-48.09,-51.77,-49.12,-48.21,-57.58,-62.10,-57.44,-47.94,-58.91,-45.77,-59.07,2026-06-21 06:11:04+00:00
2026-06-21T06:12:03+00:00,-48.07,-60.02,-69.37,-62.37,-66.72,-44.95,-48.09,-51.81,-49.30,-48.08,-57.69,-62.31,-57.17,-48.15,-58.99,-45.66,-60.41,2026-06-21 06:12:03+00:00
2026-06-21T06:13:03+00:00,-47.64,-59.37,-69.50,-62.44,-66.48,-44.98,-47.83,-51.70,-49.41,-48.09,-57.83,-62.32,-57.14,-48.20,-58.87,-45.56,-60.44,2026-06-21 06:13:03+00:00
2026-06-21T06:14:03+00:00,-49.13,-60.94,-69.49,-62.68,-66.48,-45.40,-47.66,-51.69,-49.56,-48.10,-58.00,-62.23,-57.43,-48.27,-58.91,-45.47,-60.94,2026-06-21 06:14:03+00:00
2026-06-21T06:15:04+00:00,-50.06,-60.16,-69.60,-62.52,-67.13,-45.17,-47.69,-51.74,-49.63,-47.91,-57.77,-62.26,-57.33,-48.25,-59.06,-45.42,-60.73,2026-06-21 06:15:04+00:00
2026-06-21T06:16:03+00:00,-48.95,-60.05,-68.99,-62.67,-66.00,-45.50,-47.19,-51.69,-49.61,-47.83,-57.69,-62.09,-57.19,-48.41,-58.94,-45.55,-60.68,2026-06-21 06:16:03+00:00
2026-06-21T06:17:03+00:00,-48.76,-60.41,-69.28,-62.62,-66.27,-45.46,-47.27,-51.75,-49.56,-47.82,-57.95,-61.89,-57.17,-48.51,-58.49,-45.53,-57.94,2026-06-21 06:17:03+00:00
2026-06-21T06:18:04+00:00,-49.56,-62.79,-69.40,-62.74,-66.93,-45.48,-47.15,-51.79,-51.14,-47.81,-56.23,-62.28,-57.14,-48.57,-59.10,-45.37,-61.07,2026-06-21 06:18:04+00:00
2026-06-21T06:19:04+00:00,-49.04,-60.17,-69.59,-62.73,-66.95,-45.52,-47.37,-51.82,-50.85,-47.75,-58.21,-62.33,-57.09,-48.64,-59.22,-45.17,-61.04,2026-06-21 06:19:04+00:00
2026-06-21T06:20:04+00:00,-48.62,-59.99,-69.53,-62.63,-66.68,-45.61,-47.22,-51.83,-51.08,-47.68,-57.94,-62.11,-56.91,-48.80,-58.86,-45.33,-61.00,2026-06-21 06:20:04+00:00
2026-06-21T06:21:03+00:00,-48.98,-61.45,-69.23,-62.46,-66.79,-45.56,-47.03,-51.83,-50.99,-47.56,-58.08,-62.12,-57.01,-48.63,-59.00,-45.00,-60.57,2026-06-21 06:21:03+00:00
2026-06-21T06:22:03+00:00,-49.75,-61.15,-67.39,-62.20,-66.60,-45.84,-47.07,-51.84,-50.97,-47.68,-58.21,-61.52,-57.07,-48.74,-58.98,-45.13,-57.91,2026-06-21 06:22:03+00:00
2026-06-21T06:23:04+00:00,-49.27,-60.98,-69.27,-62.02,-66.36,-45.68,-47.26,-51.76,-49.87,-47.74,-58.12,-62.25,-56.97,-48.71,-58.44,-45.17,-61.20,2026-06-21 06:23:04+00:00
2026-06-21T06:24:03+00:00,-49.15,-62.79,-69.53,-62.12,-65.88,-45.60,-47.38,-51.73,-51.55,-47.73,-57.98,-62.11,-56.72,-48.64,-59.18,-44.94,-60.56,2026-06-21 06:24:03+00:00
2026-06-21T06:25:04+00:00,-49.20,-59.94,-69.18,-62.62,-66.92,-45.45,-47.06,-51.68,-51.69,-47.84,-57.80,-62.11,-56.85,-48.73,-59.49,-44.79,-60.96,2026-06-21 06:25:04+00:00
2026-06-21T06:26:04+00:00,-49.79,-59.31,-69.38,-62.70,-66.82,-45.59,-46.76,-51.68,-51.56,-47.69,-55.30,-61.86,-57.03,-48.87,-59.43,-44.76,-60.73,2026-06-21 06:26:04+00:00
2026-06-21T06:27:03+00:00,-49.61,-61.04,-69.31,-62.39,-66.75,-45.44,-47.13,-51.74,-51.60,-47.67,-58.18,-61.66,-56.87,-48.91,-59.25,-44.60,-61.31,2026-06-21 06:27:03+00:00
2026-06-21T06:28:03+00:00,-49.61,-59.72,-69.26,-62.47,-66.49,-45.55,-47.13,-51.62,-51.53,-47.76,-58.15,-61.79,-56.63,-48.79,-59.30,-44.62,-56.15,2026-06-21 06:28:03+00:00
2026-06-21T06:29:03+00:00,-50.35,-60.61,-69.00,-62.30,-66.53,-45.48,-47.09,-51.59,-51.37,-47.71,-58.40,-61.32,-56.81,-48.70,-59.24,-44.55,-60.97,2026-06-21 06:29:03+00:00
2026-06-21T06:30:04+00:00,-49.55,-61.86,-69.08,-62.66,-66.97,-45.45,-47.31,-51.52,-51.33,-47.73,-58.37,-61.00,-56.73,-48.78,-59.96,-44.39,-59.96,2026-06-21 06:30:04+00:00
2026-06-21T06:31:04+00:00,-50.14,-61.79,-69.38,-62.54,-67.05,-45.32,-47.49,-51.53,-51.49,-47.72,-58.24,-60.88,-56.72,-48.59,-59.23,-44.56,-60.86,2026-06-21 06:31:04+00:00
2026-06-21T06:32:04+00:00,-49.62,-61.67,-69.48,-62.49,-67.00,-45.31,-47.37,-51.56,-51.81,-47.68,-58.45,-60.99,-56.62,-48.60,-59.20,-44.41,-60.74,2026-06-21 06:32:04+00:00
2026-06-21T06:33:04+00:00,-49.84,-60.63,-69.80,-62.31,-66.42,-45.43,-47.43,-51.57,-51.94,-47.72,-58.39,-61.07,-56.88,-48.69,-58.62,-44.43,-60.83,2026-06-21 06:33:04+00:00
2026-06-21T06:34:03+00:00,-49.09,-61.25,-68.89,-62.63,-65.88,-45.30,-47.01,-51.60,-52.38,-47.62,-58.36,-60.43,-56.89,-48.78,-59.59,-44.13,-59.10,2026-06-21 06:34:03+00:00
2026-06-21T06:35:03+00:00,-49.88,-60.83,-67.74,-62.38,-66.77,-45.10,-48.17,-51.41,-52.18,-47.67,-57.15,-60.25,-57.23,-48.93,-59.01,-44.20,-59.46,2026-06-21 06:35:03+00:00
2026-06-21T06:36:04+00:00,-50.01,-61.36,-69.29,-62.47,-66.28,-45.55,-48.24,-51.61,-52.11,-47.58,-57.96,-60.22,-57.45,-48.87,-59.19,-44.12,-61.09,2026-06-21 06:36:04+00:00
2026-06-21T06:37:03+00:00,-50.03,-61.55,-69.52,-62.75,-65.79,-45.58,-47.98,-51.66,-52.79,-47.72,-58.00,-60.01,-57.47,-49.02,-59.30,-44.23,-61.09,2026-06-21 06:37:03+00:00
2026-06-21T06:38:03+00:00,-50.27,-61.10,-69.37,-62.59,-65.60,-45.55,-48.11,-51.69,-53.98,-47.46,-58.28,-59.84,-57.49,-49.15,-59.44,-44.48,-60.96,2026-06-21 06:38:03+00:00
2026-06-21T06:39:04+00:00,-50.61,-60.25,-68.86,-62.32,-66.64,-45.56,-48.24,-51.66,-54.13,-47.67,-57.70,-59.79,-57.54,-49.35,-59.45,-44.51,-58.86,2026-06-21 06:39:04+00:00
2026-06-21T06:40:04+00:00,-50.48,-60.10,-69.60,-62.52,-66.35,-45.67,-48.36,-51.69,-54.45,-47.69,-57.76,-59.65,-57.37,-49.22,-58.95,-44.50,-60.96,2026-06-21 06:40:04+00:00
2026-06-21T06:41:03+00:00,-50.20,-59.36,-69.30,-62.47,-66.29,-45.59,-47.85,-51.64,-54.13,-47.71,-58.00,-59.45,-57.47,-49.31,-59.14,-44.33,-61.19,2026-06-21 06:41:03+00:00
2026-06-21T06:42:03+00:00,-50.59,-60.83,-69.37,-61.98,-66.73,-45.66,-48.38,-51.71,-53.95,-47.66,-57.93,-59.08,-57.43,-49.47,-59.15,-44.20,-57.18,2026-06-21 06:42:03+00:00
2026-06-21T06:43:03+00:00,-50.23,-60.01,-69.53,-62.96,-66.28,-45.64,-47.98,-51.74,-54.01,-47.72,-58.14,-59.42,-57.43,-49.64,-59.20,-44.40,-61.12,2026-06-21 06:43:03+00:00
2026-06-21T06:44:04+00:00,-47.81,-60.19,-69.02,-62.58,-66.72,-45.67,-47.94,-51.61,-53.55,-47.63,-58.68,-58.98,-57.33,-49.69,-59.02,-44.20,-59.84,2026-06-21 06:44:04+00:00
2026-06-21T06:45:04+00:00,-47.80,-59.90,-69.07,-62.19,-66.25,-45.57,-48.35,-51.67,-53.55,-47.73,-58.73,-59.26,-57.44,-49.80,-59.00,-44.22,-60.11,2026-06-21 06:45:04+00:00
2026-06-21T06:46:03+00:00,-47.44,-60.59,-69.40,-62.61,-66.39,-45.65,-48.46,-51.64,-53.62,-47.72,-58.91,-59.16,-57.48,-49.92,-58.90,-44.23,-60.52,2026-06-21 06:46:03+00:00
2026-06-21T06:47:04+00:00,-47.21,-59.77,-68.99,-62.73,-66.80,-45.62,-48.60,-51.65,-53.59,-47.60,-58.89,-58.93,-57.40,-50.18,-59.41,-43.98,-60.61,2026-06-21 06:47:04+00:00
2026-06-21T06:48:04+00:00,-47.41,-60.23,-69.29,-62.41,-66.88,-45.73,-47.87,-51.56,-50.75,-47.71,-58.78,-58.90,-57.38,-50.13,-58.64,-43.92,-59.79,2026-06-21 06:48:04+00:00
2026-06-21T06:49:04+00:00,-47.46,-59.51,-64.33,-62.39,-66.19,-45.83,-48.30,-51.62,-50.70,-47.61,-58.77,-58.21,-57.32,-50.33,-58.48,-44.32,-58.75,2026-06-21 06:49:04+00:00
2026-06-21T06:50:04+00:00,-47.58,-59.92,-69.34,-62.46,-66.65,-45.76,-48.59,-51.73,-50.79,-47.67,-59.30,-58.77,-57.37,-50.40,-59.08,-44.02,-60.45,2026-06-21 06:50:04+00:00
2026-06-21T06:51:03+00:00,-46.92,-60.48,-69.11,-62.26,-66.32,-45.95,-47.99,-51.70,-50.71,-47.60,-59.39,-58.68,-57.37,-50.31,-59.37,-43.90,-60.85,2026-06-21 06:51:03+00:00
2026-06-21T06:52:03+00:00,-46.91,-60.87,-69.15,-62.56,-67.09,-45.63,-47.95,-51.64,-50.60,-47.68,-59.31,-58.84,-57.15,-50.45,-58.74,-44.04,-60.80,2026-06-21 06:52:03+00:00
2026-06-21T06:53:04+00:00,-47.11,-60.03,-68.60,-62.57,-66.58,-45.67,-48.35,-51.69,-50.61,-47.56,-59.29,-58.67,-57.01,-50.31,-59.23,-44.09,-59.69,2026-06-21 06:53:04+00:00
2026-06-21T06:54:04+00:00,-46.81,-60.16,-68.78,-62.45,-66.76,-45.77,-48.50,-51.59,-49.55,-47.56,-59.68,-58.52,-56.90,-50.19,-58.70,-44.05,-60.61,2026-06-21 06:54:04+00:00
2026-06-21T06:55:03+00:00,-46.65,-61.21,-68.93,-62.52,-66.26,-45.60,-48.54,-51.65,-49.63,-47.56,-59.77,-58.49,-56.95,-50.46,-58.76,-44.03,-60.79,2026-06-21 06:55:03+00:00
2026-06-21T06:56:03+00:00,-46.37,-61.25,-68.77,-62.64,-66.37,-45.62,-47.57,-51.65,-49.68,-47.61,-59.85,-58.47,-57.16,-50.34,-59.16,-44.35,-59.88,2026-06-21 06:56:03+00:00
2026-06-21T06:57:04+00:00,-46.13,-59.28,-69.02,-62.30,-66.00,-45.73,-48.10,-51.62,-49.69,-47.54,-59.79,-58.40,-57.00,-50.47,-59.38,-44.50,-60.53,2026-06-21 06:57:04+00:00
2026-06-21T06:58:04+00:00,-46.91,-61.48,-69.29,-62.34,-66.50,-45.76,-48.02,-51.48,-49.78,-47.56,-60.13,-58.71,-57.27,-50.20,-59.01,-44.53,-60.75,2026-06-21 06:58:04+00:00
2026-06-21T06:59:03+00:00,-47.91,-61.21,-68.76,-62.37,-65.71,-45.72,-48.02,-51.58,-49.86,-49.51,-60.25,-58.63,-57.38,-50.58,-59.28,-44.89,-60.28,2026-06-21 06:59:03+00:00
2026-06-21T07:00:04+00:00,-48.15,-60.22,-68.79,-62.68,-66.25,-45.84,-48.24,-51.58,-49.99,-62.83,-60.53,-58.42,-57.21,-50.48,-58.96,-44.80,-60.42,2026-06-21 07:00:04+00:00
2026-06-21T07:01:04+00:00,-48.14,-60.30,-69.08,-62.55,-66.28,-45.83,-48.61,-51.57,-49.82,-63.28,-57.85,-58.32,-57.28,-50.59,-59.22,-44.96,-60.26,2026-06-21 07:01:04+00:00
2026-06-21T07:02:03+00:00,-47.82,-60.46,-68.89,-62.34,-66.25,-45.74,-48.25,-51.56,-49.67,-62.89,-60.80,-58.24,-57.45,-50.81,-59.19,-44.97,-60.39,2026-06-21 07:02:03+00:00
2026-06-21T07:03:04+00:00,-48.23,-59.72,-68.98,-63.00,-65.72,-45.93,-48.29,-51.56,-51.60,-62.91,-61.07,-57.99,-57.51,-50.70,-59.71,-45.13,-57.69,2026-06-21 07:03:04+00:00
2026-06-21T07:04:04+00:00,-48.01,-59.74,-68.98,-62.52,-66.72,-45.76,-48.29,-51.56,-51.41,-62.96,-61.04,-58.22,-57.23,-50.87,-59.31,-45.33,-60.34,2026-06-21 07:04:04+00:00
2026-06-21T07:05:03+00:00,-48.02,-60.23,-68.84,-62.67,-67.26,-45.73,-48.23,-51.56,-51.44,-63.12,-61.26,-58.01,-57.45,-50.79,-58.78,-45.43,-60.78,2026-06-21 07:05:03+00:00
2026-06-21T07:06:03+00:00,-48.51,-60.61,-68.82,-62.47,-66.36,-45.36,-47.92,-51.59,-51.33,-63.11,-61.48,-57.98,-57.46,-50.92,-59.45,-45.42,-61.39,2026-06-21 07:06:03+00:00
2026-06-21T07:07:04+00:00,-48.35,-60.46,-68.62,-62.32,-66.29,-45.49,-48.69,-51.61,-50.71,-63.22,-61.53,-57.68,-57.18,-51.25,-59.38,-45.72,-61.00,2026-06-21 07:07:04+00:00
2026-06-21T07:08:04+00:00,-48.48,-62.17,-69.17,-62.30,-66.87,-45.46,-48.38,-51.64,-50.57,-63.09,-60.71,-57.81,-57.33,-51.13,-59.02,-45.77,-58.32,2026-06-21 07:08:04+00:00
2026-06-21T07:09:03+00:00,-48.54,-58.87,-68.70,-62.49,-66.19,-45.51,-48.12,-51.61,-52.20,-63.13,-60.96,-57.76,-57.39,-51.30,-58.88,-45.91,-61.09,2026-06-21 07:09:03+00:00
2026-06-21T07:10:03+00:00,-48.22,-60.12,-68.78,-62.45,-66.71,-45.54,-48.62,-51.56,-51.86,-62.71,-60.92,-57.69,-57.02,-51.37,-58.74,-46.05,-59.77,2026-06-21 07:10:03+00:00
2026-06-21T07:11:04+00:00,-49.00,-59.36,-68.86,-62.32,-66.86,-45.52,-48.88,-51.60,-51.86,-62.93,-60.82,-57.69,-57.41,-51.51,-58.69,-46.15,-60.50,2026-06-21 07:11:04+00:00
2026-06-21T07:12:04+00:00,-49.58,-59.41,-68.52,-62.54,-66.39,-45.55,-47.84,-51.59,-51.92,-62.95,-61.02,-57.64,-57.17,-51.57,-58.91,-46.08,-60.06,2026-06-21 07:12:04+00:00
2026-06-21T07:13:03+00:00,-49.10,-59.60,-68.75,-62.50,-66.71,-45.37,-47.94,-51.59,-51.99,-62.94,-60.94,-57.58,-57.35,-51.68,-59.28,-46.48,-59.70,2026-06-21 07:13:03+00:00
2026-06-21T07:14:03+00:00,-48.67,-58.94,-69.04,-62.32,-66.01,-45.60,-48.33,-51.63,-51.98,-62.88,-61.07,-57.61,-57.28,-51.62,-59.36,-46.40,-60.10,2026-06-21 07:14:03+00:00
2026-06-21T07:15:04+00:00,-49.02,-58.52,-68.95,-62.32,-67.00,-45.71,-48.42,-51.58,-51.97,-62.92,-61.28,-57.47,-57.27,-51.57,-59.30,-46.45,-56.18,2026-06-21 07:15:04+00:00
2026-06-21T07:16:04+00:00,-49.11,-58.59,-68.75,-62.43,-66.89,-45.46,-48.91,-51.63,-52.03,-62.86,-60.67,-57.45,-57.24,-51.68,-59.34,-46.61,-59.94,2026-06-21 07:16:04+00:00
2026-06-21T07:17:03+00:00,-49.41,-60.09,-68.80,-62.46,-66.87,-45.47,-48.46,-51.62,-52.66,-63.01,-61.09,-57.56,-57.39,-51.45,-59.44,-46.40,-59.92,2026-06-21 07:17:03+00:00
2026-06-21T07:18:04+00:00,-49.24,-58.96,-68.88,-62.10,-66.24,-45.55,-48.48,-51.60,-52.69,-62.96,-61.26,-57.61,-57.19,-51.43,-59.05,-46.42,-59.46,2026-06-21 07:18:04+00:00
2026-06-21T07:19:04+00:00,-48.43,-58.41,-68.41,-62.03,-65.94,-45.46,-47.90,-51.49,-52.87,-62.29,-60.90,-57.58,-57.26,-51.67,-58.98,-46.90,-58.86,2026-06-21 07:19:04+00:00
2026-06-21T07:20:04+00:00,-49.34,-57.79,-69.09,-62.49,-66.68,-45.49,-47.79,-51.66,-52.84,-62.92,-61.17,-57.70,-57.02,-51.39,-59.33,-46.50,-59.93,2026-06-21 07:20:04+00:00
2026-06-21T07:21:03+00:00,-48.72,-59.75,-68.93,-62.58,-66.05,-45.40,-48.19,-51.27,-52.66,-62.72,-60.37,-57.58,-57.53,-51.53,-59.44,-46.69,-58.17,2026-06-21 07:21:03+00:00
2026-06-21T07:22:03+00:00,-49.52,-59.41,-68.75,-62.57,-67.05,-45.36,-48.04,-51.19,-53.79,-62.98,-60.34,-57.98,-57.48,-51.51,-59.67,-46.60,-57.27,2026-06-21 07:22:03+00:00
2026-06-21T07:23:04+00:00,-49.14,-58.58,-68.90,-62.06,-65.07,-45.40,-48.35,-51.23,-54.03,-62.81,-57.01,-57.88,-57.39,-51.44,-58.65,-46.49,-59.44,2026-06-21 07:23:04+00:00
2026-06-21T07:24:04+00:00,-49.54,-58.69,-69.13,-62.11,-66.45,-45.26,-48.55,-51.16,-53.88,-62.92,-59.90,-57.83,-57.53,-51.37,-58.53,-46.58,-57.22,2026-06-21 07:24:04+00:00
2026-06-21T07:25:03+00:00,-49.85,-59.49,-69.00,-62.37,-66.54,-45.78,-48.02,-51.30,-53.90,-62.49,-59.90,-57.93,-57.63,-51.58,-58.97,-46.80,-59.73,2026-06-21 07:25:03+00:00
2026-06-21T07:26:03+00:00,-49.76,-58.69,-69.20,-62.17,-66.93,-45.42,-48.10,-51.28,-54.06,-62.54,-59.65,-58.17,-57.54,-51.42,-59.02,-46.67,-59.54,2026-06-21 07:26:03+00:00
2026-06-21T07:27:04+00:00,-49.79,-58.84,-69.23,-62.48,-66.16,-45.42,-48.19,-51.28,-53.74,-62.02,-58.38,-58.41,-57.25,-51.60,-58.95,-46.57,-59.64,2026-06-21 07:27:04+00:00
2026-06-21T07:28:04+00:00,-49.32,-59.84,-68.68,-62.48,-66.19,-45.43,-48.34,-51.26,-53.65,-61.63,-53.47,-58.04,-57.19,-51.48,-59.34,-46.52,-59.50,2026-06-21 07:28:04+00:00
2026-06-21T07:29:03+00:00,-47.95,-58.90,-69.39,-62.50,-66.19,-45.17,-48.17,-50.81,-53.20,-61.81,-54.94,-58.44,-57.19,-51.36,-58.92,-46.50,-59.29,2026-06-21 07:29:03+00:00
2026-06-21T07:30:03+00:00,-47.68,-60.32,-68.78,-62.36,-65.95,-45.44,-47.99,-51.20,-53.25,-61.52,-53.46,-58.42,-57.09,-51.23,-59.08,-46.48,-57.39,2026-06-21 07:30:03+00:00
2026-06-21T07:31:03+00:00,-47.44,-58.40,-68.75,-62.37,-66.43,-45.52,-48.45,-51.23,-53.30,-61.54,-53.53,-58.24,-57.02,-51.18,-59.35,-46.64,-59.20,2026-06-21 07:31:03+00:00
2026-06-21T07:32:04+00:00,-47.29,-58.44,-69.54,-62.39,-66.25,-45.37,-48.36,-50.89,-50.72,-61.64,-54.96,-58.88,-57.11,-51.08,-59.43,-46.19,-59.62,2026-06-21 07:32:04+00:00
2026-06-21T07:33:03+00:00,-47.40,-58.60,-69.73,-62.39,-66.30,-45.43,-48.08,-50.83,-50.69,-61.89,-55.01,-59.28,-57.03,-50.98,-59.50,-46.17,-59.60,2026-06-21 07:33:03+00:00
2026-06-21T07:34:03+00:00,-47.16,-58.98,-69.50,-62.65,-66.49,-45.32,-47.86,-50.88,-50.77,-61.62,-54.98,-59.59,-56.99,-50.82,-59.58,-46.29,-59.55,2026-06-21 07:34:03+00:00
2026-06-21T07:35:04+00:00,-47.50,-59.03,-69.61,-62.29,-66.42,-45.40,-48.26,-50.90,-50.67,-61.78,-54.84,-59.81,-57.11,-50.87,-59.67,-46.21,-59.45,2026-06-21 07:35:04+00:00
2026-06-21T07:36:04+00:00,-47.36,-58.51,-69.60,-62.59,-66.69,-45.56,-48.61,-50.87,-50.58,-61.74,-54.97,-60.03,-56.66,-50.84,-59.39,-46.02,-59.15,2026-06-21 07:36:04+00:00
2026-06-21T07:37:03+00:00,-47.51,-58.56,-64.01,-62.42,-66.46,-45.37,-48.05,-50.76,-50.94,-61.57,-54.06,-59.85,-56.65,-50.77,-59.25,-46.14,-57.02,2026-06-21 07:37:03+00:00
2026-06-21T07:38:04+00:00,-47.42,-58.06,-68.36,-62.36,-65.72,-45.51,-48.02,-50.75,-50.83,-61.91,-53.67,-60.70,-56.89,-51.21,-59.36,-45.78,-58.27,2026-06-21 07:38:04+00:00
2026-06-21T07:39:04+00:00,-47.87,-58.91,-69.49,-62.84,-66.29,-45.44,-48.28,-50.81,-49.82,-62.24,-54.70,-61.01,-56.97,-51.04,-59.46,-45.81,-58.82,2026-06-21 07:39:04+00:00
2026-06-21T07:40:03+00:00,-47.67,-59.26,-69.40,-62.57,-67.03,-45.51,-48.43,-50.80,-49.76,-62.19,-54.89,-61.13,-56.79,-51.04,-58.91,-45.73,-58.96,2026-06-21 07:40:03+00:00
2026-06-21T07:41:03+00:00,-47.72,-58.60,-69.04,-62.62,-65.79,-45.63,-48.33,-50.77,-49.77,-61.99,-54.86,-61.15,-57.02,-51.02,-59.52,-45.85,-59.04,2026-06-21 07:41:03+00:00
2026-06-21T07:42:04+00:00,-47.84,-59.51,-69.28,-62.29,-66.20,-45.30,-48.81,-50.80,-49.90,-62.06,-54.98,-61.39,-57.02,-51.24,-59.24,-45.87,-59.03,2026-06-21 07:42:04+00:00
2026-06-21T07:43:04+00:00,-47.75,-59.18,-69.22,-62.53,-66.32,-45.71,-48.09,-50.84,-49.92,-61.97,-54.46,-61.34,-56.81,-51.39,-59.14,-45.71,-59.14,2026-06-21 07:43:04+00:00
2026-06-21T07:44:03+00:00,-48.11,-59.85,-69.32,-62.55,-66.64,-45.71,-48.78,-50.85,-49.94,-61.98,-54.65,-61.51,-56.84,-51.30,-58.95,-45.68,-59.14,2026-06-21 07:44:03+00:00
2026-06-21T07:45:03+00:00,-47.92,-59.26,-69.31,-62.46,-66.55,-45.78,-48.47,-50.89,-49.89,-62.22,-55.06,-61.33,-56.66,-51.32,-58.85,-45.77,-59.17,2026-06-21 07:45:03+00:00
2026-06-21T07:46:04+00:00,-48.31,-59.08,-69.01,-62.37,-65.80,-45.72,-48.94,-50.81,-49.87,-61.93,-55.10,-61.46,-56.85,-51.59,-58.49,-45.91,-59.14,2026-06-21 07:46:04+00:00
2026-06-21T07:47:04+00:00,-48.22,-59.03,-69.36,-62.76,-66.20,-45.87,-48.29,-50.87,-51.38,-54.63,-54.86,-61.42,-56.87,-51.47,-59.11,-45.79,-58.93,2026-06-21 07:47:04+00:00
2026-06-21T07:48:03+00:00,-48.41,-59.49,-69.28,-62.33,-66.01,-45.72,-48.69,-50.84,-51.24,-55.34,-55.20,-61.30,-56.82,-51.81,-59.09,-45.83,-59.09,2026-06-21 07:48:03+00:00
2026-06-21T07:49:03+00:00,-48.79,-59.23,-69.38,-62.47,-66.52,-45.85,-48.48,-50.90,-51.14,-55.28,-55.07,-61.73,-56.82,-52.15,-58.96,-45.81,-59.21,2026-06-21 07:49:03+00:00
2026-06-21T07:50:04+00:00,-49.11,-59.76,-69.37,-62.31,-65.97,-45.90,-48.51,-50.87,-51.22,-55.45,-55.05,-61.70,-56.66,-52.10,-59.02,-45.75,-58.97,2026-06-21 07:50:04+00:00
2026-06-21T07:51:04+00:00,-49.24,-59.77,-69.34,-62.54,-66.25,-45.74,-48.71,-50.90,-51.14,-55.50,-55.12,-61.74,-56.73,-52.55,-59.03,-45.62,-58.77,2026-06-21 07:51:04+00:00
2026-06-21T07:52:03+00:00,-49.22,-59.70,-69.26,-62.16,-65.85,-44.88,-48.12,-50.99,-50.67,-51.69,-56.10,-61.78,-56.98,-52.48,-58.94,-45.67,-59.14,2026-06-21 07:52:03+00:00
2026-06-21T07:53:03+00:00,-49.54,-59.57,-68.77,-62.43,-66.68,-45.20,-48.46,-51.13,-50.50,-49.24,-55.48,-61.90,-56.83,-52.84,-58.90,-45.90,-58.87,2026-06-21 07:53:03+00:00
2026-06-21T07:54:04+00:00,-48.50,-58.46,-69.27,-62.60,-65.81,-45.10,-48.38,-51.27,-51.99,-48.29,-55.29,-62.05,-57.01,-53.19,-59.32,-45.55,-59.24,2026-06-21 07:54:04+00:00
2026-06-21T07:55:04+00:00,-48.55,-59.40,-69.11,-62.43,-66.72,-45.20,-48.38,-51.13,-51.96,-48.20,-55.64,-62.09,-57.03,-53.38,-59.20,-45.64,-56.99,2026-06-21 07:55:04+00:00
2026-06-21T07:56:03+00:00,-48.46,-59.80,-69.00,-62.68,-66.39,-45.12,-48.35,-51.18,-52.01,-48.21,-55.49,-62.18,-57.02,-53.44,-59.30,-45.46,-58.95,2026-06-21 07:56:03+00:00
2026-06-21T07:57:03+00:00,-48.64,-59.27,-69.13,-62.54,-66.17,-45.31,-48.53,-51.13,-52.10,-47.93,-55.47,-62.17,-57.12,-53.84,-59.36,-45.65,-58.80,2026-06-21 07:57:03+00:00
2026-06-21T07:58:04+00:00,-48.71,-59.13,-69.21,-62.38,-67.10,-45.03,-48.13,-51.20,-52.09,-47.90,-55.61,-62.35,-57.43,-54.05,-59.42,-45.55,-58.83,2026-06-21 07:58:04+00:00
2026-06-21T07:59:04+00:00,-48.76,-59.38,-68.95,-62.10,-66.30,-45.27,-48.60,-50.83,-52.20,-47.68,-54.09,-62.12,-57.40,-54.13,-59.36,-45.32,-58.95,2026-06-21 07:59:04+00:00
2026-06-21T08:00:03+00:00,-48.56,-60.00,-68.90,-62.37,-66.40,-44.87,-48.32,-51.22,-52.08,-47.61,-55.41,-62.51,-57.26,-54.28,-59.35,-45.37,-58.57,2026-06-21 08:00:03+00:00
2026-06-21T08:01:03+00:00,-48.42,-59.72,-68.62,-62.35,-66.43,-45.02,-48.59,-51.21,-52.20,-47.61,-55.33,-62.26,-57.48,-54.49,-59.30,-45.56,-59.11,2026-06-21 08:01:03+00:00
2026-06-21T08:02:03+00:00,-48.21,-59.50,-69.11,-62.28,-66.68,-44.94,-48.53,-51.23,-52.70,-47.45,-55.15,-62.44,-57.41,-54.72,-59.12,-45.34,-58.91,2026-06-21 08:02:03+00:00
2026-06-21T08:03:04+00:00,-48.72,-58.96,-68.75,-62.22,-66.18,-45.17,-48.22,-51.31,-53.01,-47.50,-55.32,-62.24,-57.33,-54.95,-59.06,-45.49,-58.36,2026-06-21 08:03:04+00:00
2026-06-21T08:04:04+00:00,-48.32,-59.51,-68.51,-62.78,-66.94,-45.08,-47.91,-51.30,-53.03,-47.29,-55.29,-62.23,-57.38,-55.23,-59.08,-45.22,-58.66,2026-06-21 08:04:04+00:00
2026-06-21T08:05:03+00:00,-48.55,-60.08,-68.55,-62.44,-65.82,-45.02,-48.45,-51.19,-52.91,-47.35,-55.10,-62.18,-57.11,-55.53,-58.85,-45.60,-58.41,2026-06-21 08:05:03+00:00
2026-06-21T08:06:04+00:00,-48.53,-60.02,-69.03,-62.36,-66.11,-45.27,-48.60,-51.42,-53.16,-47.07,-55.15,-62.31,-57.46,-56.01,-59.10,-45.14,-57.91,2026-06-21 08:06:04+00:00
2026-06-21T08:07:03+00:00,-48.79,-60.03,-69.15,-62.36,-66.69,-45.16,-48.43,-51.52,-53.99,-46.97,-55.42,-62.45,-57.48,-56.24,-59.22,-45.38,-58.16,2026-06-21 08:07:03+00:00
2026-06-21T08:08:04+00:00,-48.87,-59.74,-69.00,-62.49,-66.26,-45.23,-48.68,-51.53,-53.83,-47.21,-54.98,-62.58,-50.48,-56.55,-59.33,-45.58,-58.54,2026-06-21 08:08:04+00:00
2026-06-21T08:09:04+00:00,-48.80,-59.12,-69.11,-62.59,-66.44,-45.12,-48.18,-51.61,-53.97,-47.25,-55.09,-62.20,-50.42,-56.98,-59.44,-45.48,-58.38,2026-06-21 08:09:04+00:00
2026-06-21T08:10:03+00:00,-49.25,-59.00,-68.91,-62.59,-66.75,-45.25,-48.40,-51.55,-53.84,-47.31,-55.34,-62.52,-51.10,-57.56,-59.46,-45.72,-58.18,2026-06-21 08:10:03+00:00
2026-06-21T08:11:03+00:00,-49.11,-58.67,-68.47,-62.31,-67.06,-45.09,-48.14,-51.60,-53.84,-47.07,-55.54,-62.59,-51.02,-58.33,-59.28,-46.10,-55.91,2026-06-21 08:11:03+00:00
2026-06-21T08:12:04+00:00,-48.85,-59.36,-68.77,-62.58,-66.42,-44.84,-48.42,-51.58,-53.71,-47.07,-55.24,-62.68,-51.61,-58.72,-59.39,-46.04,-58.62,2026-06-21 08:12:04+00:00
2026-06-21T08:13:04+00:00,-49.04,-59.15,-68.44,-62.33,-65.91,-45.19,-48.54,-51.85,-53.72,-46.91,-55.24,-62.65,-50.92,-59.33,-59.58,-46.28,-58.47,2026-06-21 08:13:04+00:00
2026-06-21T08:14:04+00:00,-49.29,-59.74,-66.86,-62.36,-66.22,-45.13,-48.92,-51.87,-53.64,-46.65,-55.28,-62.68,-50.22,-59.74,-59.73,-46.30,-58.85,2026-06-21 08:14:04+00:00
2026-06-21T08:15:03+00:00,-49.30,-59.02,-67.60,-62.53,-66.59,-45.39,-48.58,-51.88,-53.87,-46.87,-55.59,-62.55,-50.88,-60.12,-58.89,-46.42,-58.43,2026-06-21 08:15:03+00:00
2026-06-21T08:16:04+00:00,-49.12,-58.55,-67.76,-62.22,-66.07,-45.27,-48.62,-51.92,-53.76,-46.66,-55.17,-62.31,-52.17,-60.47,-59.21,-46.51,-58.54,2026-06-21 08:16:04+00:00
2026-06-21T08:17:04+00:00,-49.37,-59.12,-68.53,-62.42,-67.43,-45.31,-48.64,-51.85,-51.11,-46.49,-55.18,-62.36,-53.27,-60.84,-59.34,-46.80,-58.64,2026-06-21 08:17:04+00:00
2026-06-21T08:18:03+00:00,-49.52,-58.52,-68.79,-62.49,-66.42,-45.09,-48.61,-51.88,-51.28,-46.28,-55.38,-62.44,-54.07,-60.90,-59.30,-46.77,-58.48,2026-06-21 08:18:03+00:00
2026-06-21T08:19:03+00:00,-49.17,-58.19,-67.64,-62.50,-66.87,-45.30,-48.55,-51.89,-51.08,-46.27,-55.24,-62.72,-54.62,-61.36,-59.13,-46.95,-58.40,2026-06-21 08:19:03+00:00
2026-06-21T08:20:04+00:00,-49.47,-58.92,-68.72,-62.78,-65.86,-45.39,-48.65,-51.89,-51.18,-46.12,-55.26,-62.71,-54.88,-61.44,-59.09,-46.77,-58.37,2026-06-21 08:20:04+00:00
2026-06-21T08:21:04+00:00,-49.95,-58.50,-68.95,-62.83,-65.83,-45.76,-48.53,-51.57,-51.15,-46.34,-54.10,-62.67,-54.29,-61.51,-59.30,-46.66,-58.17,2026-06-21 08:21:04+00:00
2026-06-21T08:22:03+00:00,-49.78,-59.06,-69.02,-62.36,-66.61,-45.74,-48.91,-51.53,-51.21,-46.36,-54.20,-62.81,-54.78,-61.75,-59.49,-46.81,-58.08,2026-06-21 08:22:03+00:00
2026-06-21T08:23:03+00:00,-49.44,-59.13,-68.46,-62.75,-66.49,-45.82,-48.84,-51.57,-51.27,-46.40,-54.01,-62.90,-53.83,-62.25,-59.43,-46.90,-58.07,2026-06-21 08:23:03+00:00
2026-06-21T08:24:04+00:00,-50.04,-58.72,-68.38,-62.40,-66.68,-45.78,-48.27,-51.63,-50.27,-46.35,-53.94,-62.91,-53.94,-62.35,-59.39,-46.95,-58.02,2026-06-21 08:24:04+00:00
2026-06-21T08:25:04+00:00,-49.68,-58.21,-68.97,-62.49,-67.02,-45.43,-48.69,-51.99,-50.24,-46.24,-54.00,-63.42,-54.91,-62.28,-59.05,-47.18,-58.05,2026-06-21 08:25:04+00:00
2026-06-21T08:26:03+00:00,-49.87,-58.82,-69.56,-62.42,-66.15,-50.06,-48.78,-51.66,-50.25,-46.38,-53.16,-63.28,-55.17,-62.37,-59.34,-47.24,-58.03,2026-06-21 08:26:03+00:00
2026-06-21T08:27:03+00:00,-49.68,-58.81,-68.02,-62.35,-66.00,-50.33,-48.45,-51.63,-50.33,-46.34,-52.62,-63.29,-55.14,-61.58,-60.10,-47.28,-58.53,2026-06-21 08:27:03+00:00
2026-06-21T08:28:04+00:00,-49.15,-58.95,-69.24,-62.86,-66.43,-49.03,-48.66,-51.92,-50.25,-46.33,-51.35,-63.28,-55.22,-62.75,-59.74,-47.40,-58.26,2026-06-21 08:28:04+00:00
2026-06-21T08:29:04+00:00,-48.96,-58.43,-69.52,-62.20,-67.01,-48.95,-48.50,-51.94,-50.42,-46.05,-51.74,-63.72,-54.88,-62.89,-59.78,-47.59,-58.48,2026-06-21 08:29:04+00:00
2026-06-21T08:30:03+00:00,-48.79,-59.02,-69.11,-62.60,-66.78,-48.74,-48.56,-52.01,-50.34,-45.98,-51.67,-63.44,-54.56,-62.51,-59.83,-47.80,-58.49,2026-06-21 08:30:03+00:00
2026-06-21T08:31:04+00:00,-49.23,-58.80,-69.72,-62.75,-66.02,-49.01,-49.10,-51.99,-50.44,-46.12,-51.62,-63.72,-55.34,-62.31,-59.89,-48.07,-58.53,2026-06-21 08:31:04+00:00
2026-06-21T08:32:04+00:00,-48.73,-58.96,-69.60,-62.71,-66.11,-48.78,-48.26,-51.95,-51.86,-46.02,-52.22,-63.77,-53.68,-62.19,-59.78,-48.09,-58.09,2026-06-21 08:32:04+00:00
2026-06-21T08:33:03+00:00,-49.39,-59.45,-68.96,-62.79,-65.94,-49.14,-48.46,-51.93,-51.70,-45.95,-52.76,-63.74,-52.19,-62.27,-59.96,-48.39,-57.82,2026-06-21 08:33:03+00:00
2026-06-21T08:34:03+00:00,-49.20,-59.99,-69.58,-62.75,-66.94,-49.93,-48.19,-51.68,-51.66,-45.82,-52.00,-63.06,-52.26,-61.68,-59.75,-48.13,-57.98,2026-06-21 08:34:03+00:00
2026-06-21T08:35:04+00:00,-49.05,-58.84,-69.33,-62.65,-65.33,-50.08,-48.41,-51.61,-51.63,-46.03,-51.95,-63.35,-52.03,-61.55,-60.15,-48.33,-58.03,2026-06-21 08:35:04+00:00
2026-06-21T08:36:03+00:00,-49.19,-59.95,-69.30,-62.53,-66.83,-50.17,-48.32,-51.58,-51.69,-45.87,-51.91,-63.41,-51.92,-61.29,-59.84,-48.51,-57.99,2026-06-21 08:36:03+00:00
2026-06-21T08:37:03+00:00,-49.19,-58.59,-69.99,-62.54,-66.23,-50.09,-48.54,-51.43,-51.10,-45.80,-51.99,-63.71,-51.90,-61.10,-59.10,-48.73,-58.19,2026-06-21 08:37:03+00:00
2026-06-21T08:38:04+00:00,-48.87,-59.38,-69.61,-62.63,-66.36,-49.25,-48.42,-51.73,-51.10,-45.87,-53.06,-63.47,-51.59,-61.13,-59.80,-49.06,-57.93,2026-06-21 08:38:04+00:00
2026-06-21T08:39:04+00:00,-49.26,-59.26,-69.04,-62.43,-66.17,-49.20,-48.41,-51.74,-52.49,-45.84,-52.84,-62.55,-51.66,-61.00,-59.86,-49.32,-57.86,2026-06-21 08:39:04+00:00
2026-06-21T08:40:03+00:00,-49.25,-58.11,-69.40,-62.64,-66.49,-48.87,-48.32,-51.79,-52.34,-45.86,-51.98,-62.54,-51.45,-60.97,-60.01,-49.31,-58.09,2026-06-21 08:40:03+00:00
2026-06-21T08:41:04+00:00,-49.06,-58.50,-68.76,-62.40,-65.47,-49.15,-48.25,-51.72,-52.40,-45.85,-51.82,-62.16,-51.32,-61.22,-59.46,-49.27,-57.62,2026-06-21 08:41:04+00:00
2026-06-21T08:42:04+00:00,-49.06,-58.20,-68.81,-62.51,-66.19,-49.05,-48.86,-51.73,-52.30,-45.75,-51.93,-62.39,-51.21,-60.99,-59.32,-49.25,-56.64,2026-06-21 08:42:04+00:00
2026-06-21T08:43:03+00:00,-49.08,-57.69,-68.14,-62.52,-66.11,-49.15,-48.45,-51.58,-52.62,-45.87,-52.32,-61.62,-51.00,-60.98,-59.74,-49.42,-56.65,2026-06-21 08:43:03+00:00
2026-06-21T08:44:03+00:00,-49.10,-57.91,-68.61,-62.58,-66.54,-49.18,-48.32,-51.60,-52.11,-45.95,-51.63,-61.51,-51.05,-60.31,-58.80,-49.45,-58.25,2026-06-21 08:44:03+00:00
2026-06-21T08:45:04+00:00,-48.62,-57.71,-69.48,-62.77,-65.76,-50.17,-48.64,-51.26,-52.29,-45.93,-50.52,-61.90,-50.96,-60.67,-58.92,-49.93,-58.01,2026-06-21 08:45:04+00:00
2026-06-21T08:46:04+00:00,-48.92,-57.44,-66.81,-62.36,-65.83,-49.12,-48.56,-51.24,-52.16,-46.03,-50.71,-62.35,-50.88,-59.72,-59.01,-49.47,-57.48,2026-06-21 08:46:04+00:00
2026-06-21T08:47:03+00:00,-48.82,-57.82,-68.47,-62.57,-66.56,-49.22,-48.28,-51.28,-52.43,-46.14,-50.55,-61.65,-50.93,-60.52,-58.59,-49.63,-57.86,2026-06-21 08:47:03+00:00
2026-06-21T08:48:03+00:00,-48.67,-57.45,-68.70,-62.77,-66.59,-47.91,-48.72,-51.81,-52.60,-45.95,-52.19,-61.57,-50.88,-60.03,-59.43,-49.93,-57.69,2026-06-21 08:48:03+00:00
2026-06-21T08:49:04+00:00,-48.93,-58.17,-68.06,-62.43,-65.92,-45.67,-48.99,-51.92,-52.78,-45.90,-52.13,-61.94,-50.83,-59.85,-59.30,-49.78,-58.08,2026-06-21 08:49:04+00:00
2026-06-21T08:50:04+00:00,-48.82,-58.94,-68.19,-62.64,-66.16,-45.61,-49.21,-51.88,-52.53,-45.95,-51.91,-62.05,-50.83,-59.66,-59.20,-49.68,-58.16,2026-06-21 08:50:04+00:00
2026-06-21T08:51:03+00:00,-49.02,-58.78,-68.90,-62.54,-66.26,-45.80,-49.27,-51.95,-52.29,-45.77,-51.63,-62.33,-50.89,-59.54,-59.30,-49.39,-58.54,2026-06-21 08:51:03+00:00
2026-06-21T08:52:03+00:00,-48.57,-58.84,-68.37,-62.60,-66.49,-45.95,-48.45,-51.98,-53.11,-45.85,-51.57,-61.82,-50.75,-59.39,-58.74,-49.55,-58.41,2026-06-21 08:52:03+00:00
2026-06-21T08:53:04+00:00,-48.62,-58.83,-68.23,-62.49,-66.81,-45.82,-48.63,-52.02,-52.70,-45.77,-51.41,-61.77,-50.76,-59.52,-58.59,-49.82,-58.38,2026-06-21 08:53:04+00:00
2026-06-21T08:54:04+00:00,-48.26,-58.28,-68.51,-62.65,-66.27,-46.05,-48.96,-51.97,-52.60,-45.63,-50.85,-61.90,-48.98,-59.03,-56.54,-49.59,-57.85,2026-06-21 08:54:04+00:00
2026-06-21T08:55:03+00:00,-48.35,-57.45,-67.43,-63.02,-66.00,-46.06,-49.21,-51.97,-52.78,-45.72,-50.46,-61.50,-50.40,-59.03,-57.20,-49.99,-58.13,2026-06-21 08:55:03+00:00
2026-06-21T08:56:03+00:00,-47.72,-58.44,-67.49,-62.68,-66.00,-45.91,-48.79,-51.93,-52.48,-45.75,-50.41,-61.75,-50.70,-58.96,-59.46,-49.68,-57.83,2026-06-21 08:56:03+00:00
2026-06-21T08:57:04+00:00,-47.79,-58.72,-64.67,-62.53,-65.69,-45.99,-48.40,-51.98,-52.35,-45.44,-49.98,-61.79,-50.76,-58.64,-59.54,-49.99,-57.74,2026-06-21 08:57:04+00:00
2026-06-21T08:58:04+00:00,-48.53,-58.61,-64.60,-62.52,-66.14,-46.09,-48.79,-51.83,-52.60,-45.40,-50.11,-61.47,-50.81,-58.70,-59.34,-50.16,-58.13,2026-06-21 08:58:04+00:00
2026-06-21T08:59:03+00:00,-46.49,-58.54,-64.62,-62.65,-66.15,-46.04,-49.14,-51.82,-52.30,-45.08,-49.66,-61.41,-50.71,-58.57,-59.70,-50.27,-58.02,2026-06-21 08:59:03+00:00
2026-06-21T09:00:03+00:00,-48.30,-58.50,-68.05,-62.69,-66.00,-45.97,-48.64,-51.87,-52.25,-44.69,-48.71,-61.66,-52.22,-58.51,-59.50,-50.24,-58.12,2026-06-21 09:00:03+00:00
2026-06-21T09:01:04+00:00,-47.57,-57.66,-68.00,-62.48,-65.87,-45.96,-49.00,-51.83,-52.50,-44.20,-48.92,-61.61,-51.54,-58.49,-59.30,-50.71,-58.17,2026-06-21 09:01:04+00:00
2026-06-21T09:02:03+00:00,-48.21,-58.45,-68.06,-62.34,-65.95,-46.25,-48.90,-51.85,-52.88,-44.28,-48.55,-61.85,-51.54,-58.57,-59.22,-50.62,-58.09,2026-06-21 09:02:03+00:00
2026-06-21T09:03:03+00:00,-48.26,-59.04,-68.53,-62.37,-66.47,-46.49,-48.62,-51.88,-53.18,-44.22,-49.38,-62.05,-50.22,-58.27,-59.34,-50.67,-58.32,2026-06-21 09:03:03+00:00
2026-06-21T09:04:04+00:00,-48.73,-58.85,-67.68,-62.55,-65.83,-46.37,-49.19,-51.81,-52.91,-44.27,-49.16,-61.83,-49.12,-58.24,-59.40,-50.48,-55.84,2026-06-21 09:04:04+00:00
2026-06-21T09:05:04+00:00,-48.60,-58.80,-68.06,-62.86,-66.71,-46.28,-48.76,-51.83,-51.42,-44.45,-48.75,-61.87,-49.14,-57.99,-59.56,-50.78,-57.95,2026-06-21 09:05:04+00:00
2026-06-21T09:06:04+00:00,-48.89,-59.03,-66.16,-62.65,-66.58,-46.30,-48.65,-51.89,-52.11,-46.05,-51.96,-61.78,-49.30,-57.62,-59.84,-51.10,-58.12,2026-06-21 09:06:04+00:00
2026-06-21T09:07:03+00:00,-49.03,-58.40,-68.16,-62.79,-66.16,-46.49,-48.67,-51.86,-51.99,-46.16,-51.87,-61.90,-49.22,-57.32,-59.76,-51.14,-57.86,2026-06-21 09:07:03+00:00
2026-06-21T09:08:03+00:00,-49.28,-59.04,-68.69,-62.45,-66.28,-46.43,-48.51,-51.85,-52.77,-46.01,-52.06,-62.08,-53.75,-57.16,-59.00,-51.42,-57.68,2026-06-21 09:08:03+00:00
2026-06-21T09:09:04+00:00,-48.95,-59.67,-68.54,-62.26,-65.54,-46.73,-48.60,-51.84,-51.35,-46.07,-52.33,-61.29,-53.78,-57.16,-59.18,-51.45,-57.86,2026-06-21 09:09:04+00:00
2026-06-21T09:10:04+00:00,-49.04,-59.52,-64.98,-62.71,-66.18,-46.65,-48.50,-51.85,-51.55,-45.94,-52.25,-60.66,-53.84,-57.14,-59.18,-51.55,-57.98,2026-06-21 09:10:04+00:00
2026-06-21T09:11:03+00:00,-49.58,-59.70,-68.60,-62.65,-66.11,-46.79,-49.02,-51.84,-51.59,-45.96,-52.18,-62.00,-49.15,-56.80,-59.54,-51.84,-58.20,2026-06-21 09:11:03+00:00
2026-06-21T09:12:03+00:00,-48.17,-59.15,-68.58,-62.36,-67.77,-46.62,-48.62,-51.90,-51.70,-45.85,-52.48,-61.77,-49.18,-56.74,-59.08,-51.59,-58.39,2026-06-21 09:12:03+00:00
2026-06-21T09:13:04+00:00,-47.97,-59.34,-68.03,-62.56,-66.03,-46.67,-48.77,-51.80,-51.72,-45.91,-51.91,-61.35,-49.23,-56.57,-59.24,-51.65,-57.99,2026-06-21 09:13:04+00:00
2026-06-21T09:14:04+00:00,-48.40,-59.19,-68.10,-62.61,-66.08,-46.86,-48.75,-51.88,-51.73,-46.02,-51.22,-61.58,-49.39,-56.72,-59.27,-51.34,-58.20,2026-06-21 09:14:04+00:00
2026-06-21T09:15:03+00:00,-48.60,-58.95,-68.03,-62.64,-66.00,-46.77,-48.75,-51.85,-51.70,-46.03,-50.98,-61.65,-49.34,-56.41,-59.14,-51.54,-58.03,2026-06-21 09:15:03+00:00
2026-06-21T09:16:04+00:00,-48.68,-59.31,-68.46,-62.63,-66.22,-46.84,-48.89,-51.88,-51.68,-46.27,-50.27,-61.83,-54.13,-56.16,-59.42,-51.60,-57.54,2026-06-21 09:16:04+00:00
2026-06-21T09:17:04+00:00,-48.49,-59.07,-68.10,-62.57,-66.48,-46.58,-48.70,-51.82,-51.37,-46.26,-50.53,-61.90,-54.40,-56.10,-58.74,-51.73,-58.19,2026-06-21 09:17:04+00:00
2026-06-21T09:18:03+00:00,-48.77,-59.30,-67.92,-62.76,-66.93,-46.82,-48.71,-51.81,-51.23,-46.38,-50.16,-61.88,-54.41,-56.00,-58.90,-51.45,-57.92,2026-06-21 09:18:03+00:00
2026-06-21T09:19:03+00:00,-48.86,-59.15,-68.66,-62.51,-66.13,-46.77,-48.67,-51.79,-51.23,-46.10,-50.75,-62.19,-54.40,-55.87,-58.86,-51.43,-58.05,2026-06-21 09:19:03+00:00
2026-06-21T09:20:04+00:00,-48.83,-58.83,-68.28,-62.38,-67.09,-46.70,-48.86,-51.84,-51.32,-46.30,-51.66,-61.65,-49.72,-55.80,-59.19,-51.70,-58.40,2026-06-21 09:20:04+00:00
2026-06-21T09:21:04+00:00,-48.84,-58.81,-67.16,-62.19,-66.09,-46.81,-48.69,-51.82,-51.16,-46.19,-51.40,-61.48,-49.36,-55.58,-58.97,-51.21,-58.51,2026-06-21 09:21:04+00:00
2026-06-21T09:22:03+00:00,-48.75,-59.10,-68.28,-62.47,-65.98,-46.61,-48.46,-51.79,-50.95,-46.21,-51.68,-61.58,-49.39,-55.38,-59.32,-51.40,-58.02,2026-06-21 09:22:03+00:00
2026-06-21T09:23:03+00:00,-48.66,-58.89,-67.61,-62.11,-66.28,-46.52,-48.79,-51.80,-50.46,-46.26,-51.53,-60.91,-54.16,-55.36,-58.99,-51.76,-58.71,2026-06-21 09:23:03+00:00
2026-06-21T09:24:04+00:00,-48.56,-59.16,-67.48,-62.24,-66.21,-46.68,-48.75,-51.78,-52.21,-46.43,-51.34,-60.24,-54.17,-55.26,-58.99,-51.39,-58.50,2026-06-21 09:24:04+00:00
2026-06-21T09:25:04+00:00,-48.54,-58.27,-68.06,-62.68,-67.00,-46.79,-48.25,-51.82,-51.66,-46.28,-51.29,-59.73,-54.61,-55.23,-58.93,-51.47,-58.64,2026-06-21 09:25:04+00:00
2026-06-21T09:26:03+00:00,-48.92,-58.94,-67.17,-62.62,-66.16,-46.53,-48.89,-51.78,-51.63,-46.40,-51.60,-59.92,-49.39,-55.23,-59.58,-52.00,-58.49,2026-06-21 09:26:03+00:00
2026-06-21T09:27:03+00:00,-48.32,-59.33,-67.28,-62.71,-66.91,-46.61,-48.63,-51.75,-51.58,-46.24,-50.85,-59.97,-49.55,-55.12,-59.63,-51.64,-58.38,2026-06-21 09:27:03+00:00
2026-06-21T09:28:04+00:00,-48.81,-59.25,-67.63,-62.55,-66.96,-46.63,-48.56,-51.79,-51.71,-46.58,-51.46,-60.03,-54.58,-55.13,-59.00,-51.67,-58.49,2026-06-21 09:28:04+00:00
2026-06-21T09:29:04+00:00,-49.17,-58.65,-68.37,-62.23,-65.60,-46.61,-48.62,-51.40,-51.76,-46.49,-50.94,-61.18,-54.60,-55.28,-59.41,-51.53,-58.16,2026-06-21 09:29:04+00:00
2026-06-21T09:30:03+00:00,-49.26,-58.44,-67.89,-62.48,-66.38,-46.57,-48.76,-51.37,-51.66,-46.55,-51.14,-61.93,-54.58,-55.30,-59.34,-51.72,-58.54,2026-06-21 09:30:03+00:00
2026-06-21T09:31:04+00:00,-49.04,-59.06,-66.93,-62.23,-66.14,-46.60,-48.46,-51.35,-51.71,-46.70,-51.04,-61.47,-49.64,-55.51,-58.82,-51.87,-58.64,2026-06-21 09:31:04+00:00
2026-06-21T09:32:03+00:00,-49.00,-58.57,-66.73,-62.60,-65.94,-46.16,-48.60,-51.35,-52.05,-46.78,-51.14,-61.14,-49.68,-55.64,-59.41,-51.89,-53.08,2026-06-21 09:32:03+00:00
2026-06-21T09:33:04+00:00,-48.78,-58.58,-64.61,-62.63,-67.07,-46.26,-48.54,-51.27,-51.91,-46.79,-50.91,-59.69,-49.63,-55.72,-59.32,-52.23,-58.75,2026-06-21 09:33:04+00:00
2026-06-21T09:34:04+00:00,-48.77,-58.74,-67.56,-62.55,-66.01,-46.32,-48.52,-51.32,-52.18,-46.74,-50.77,-60.81,-49.85,-56.22,-59.34,-52.31,-53.02,2026-06-21 09:34:04+00:00
2026-06-21T09:35:03+00:00,-48.71,-59.04,-66.49,-62.34,-66.59,-46.17,-48.39,-51.34,-52.24,-46.80,-50.87,-60.73,-49.74,-56.47,-59.71,-52.06,-58.69,2026-06-21 09:35:03+00:00
2026-06-21T09:36:03+00:00,-48.74,-59.44,-67.24,-62.46,-66.21,-46.37,-48.48,-51.39,-52.10,-46.81,-50.06,-60.49,-54.55,-56.36,-58.94,-52.14,-54.64,2026-06-21 09:36:03+00:00
2026-06-21T09:37:04+00:00,-48.78,-59.58,-66.62,-62.51,-66.87,-46.42,-48.68,-51.32,-52.45,-46.93,-51.01,-61.34,-54.78,-56.24,-58.64,-52.65,-53.03,2026-06-21 09:37:04+00:00
2026-06-21T09:38:04+00:00,-48.67,-59.14,-66.21,-62.48,-66.45,-46.36,-48.47,-51.35,-52.34,-47.12,-51.08,-61.04,-54.67,-56.44,-58.97,-52.89,-52.98,2026-06-21 09:38:04+00:00
2026-06-21T09:39:03+00:00,-48.60,-59.08,-66.56,-62.58,-65.34,-46.58,-48.43,-51.26,-52.56,-46.96,-51.03,-61.20,-54.82,-56.48,-58.88,-52.81,-54.49,2026-06-21 09:39:03+00:00
2026-06-21T09:40:04+00:00,-48.98,-59.20,-66.02,-62.53,-66.69,-46.57,-48.29,-51.32,-52.66,-46.82,-51.37,-61.00,-53.80,-56.40,-59.15,-52.89,-53.20,2026-06-21 09:40:04+00:00
2026-06-21T09:41:04+00:00,-49.00,-58.85,-65.66,-62.55,-66.50,-46.46,-48.26,-51.36,-52.37,-46.76,-51.46,-61.15,-49.69,-56.48,-58.92,-52.96,-52.81,2026-06-21 09:41:04+00:00
2026-06-21T09:42:03+00:00,-48.81,-58.99,-65.79,-62.41,-66.47,-46.21,-48.71,-51.37,-52.63,-46.85,-51.52,-61.04,-49.90,-56.45,-59.49,-52.62,-52.93,2026-06-21 09:42:03+00:00
2026-06-21T09:43:03+00:00,-48.79,-58.85,-65.70,-62.43,-66.01,-46.63,-48.57,-51.34,-52.71,-46.75,-51.59,-61.32,-49.80,-56.31,-58.81,-52.90,-52.08,2026-06-21 09:43:03+00:00
2026-06-21T09:44:04+00:00,-48.52,-58.74,-66.31,-62.45,-66.55,-46.52,-48.47,-51.35,-52.53,-46.82,-51.47,-61.74,-54.80,-56.19,-58.55,-53.00,-52.92,2026-06-21 09:44:04+00:00
2026-06-21T09:45:04+00:00,-48.40,-58.39,-66.14,-62.63,-66.94,-46.34,-48.04,-51.38,-52.58,-46.66,-51.63,-62.16,-54.92,-56.23,-59.38,-52.63,-54.35,2026-06-21 09:45:04+00:00
2026-06-21T09:46:04+00:00,-48.89,-59.21,-66.04,-62.43,-66.01,-46.43,-48.31,-51.34,-52.70,-46.96,-51.58,-61.40,-54.83,-55.89,-59.29,-53.06,-53.08,2026-06-21 09:46:04+00:00
2026-06-21T09:47:03+00:00,-49.01,-59.71,-66.70,-62.33,-66.03,-46.46,-48.38,-51.37,-52.58,-46.80,-51.38,-61.66,-50.29,-56.09,-59.17,-52.75,-52.54,2026-06-21 09:47:03+00:00
2026-06-21T09:48:04+00:00,-48.97,-58.91,-65.44,-62.55,-66.76,-46.34,-48.49,-51.39,-52.81,-46.88,-51.40,-61.77,-50.07,-56.13,-59.16,-53.05,-53.10,2026-06-21 09:48:04+00:00
2026-06-21T09:49:04+00:00,-49.04,-58.74,-65.40,-62.69,-66.01,-46.58,-48.52,-51.32,-53.64,-46.83,-51.50,-62.08,-49.83,-55.76,-58.71,-52.94,-52.83,2026-06-21 09:49:04+00:00
2026-06-21T09:50:03+00:00,-48.60,-58.95,-65.24,-62.81,-66.16,-46.40,-48.17,-51.39,-53.07,-46.85,-51.22,-62.18,-49.67,-55.38,-58.88,-52.69,-53.07,2026-06-21 09:50:03+00:00
2026-06-21T09:51:03+00:00,-48.88,-58.74,-65.07,-62.47,-66.67,-46.48,-48.50,-51.36,-52.65,-46.93,-51.16,-62.24,-49.72,-55.66,-58.77,-52.51,-52.84,2026-06-21 09:51:03+00:00
2026-06-21T09:52:04+00:00,-48.25,-59.72,-65.12,-62.47,-65.90,-46.57,-48.37,-51.38,-52.86,-46.98,-50.98,-62.65,-54.40,-55.29,-58.96,-52.59,-58.08,2026-06-21 09:52:04+00:00
2026-06-21T09:53:04+00:00,-48.35,-59.40,-65.45,-62.58,-66.80,-46.70,-48.24,-51.37,-52.39,-47.14,-51.13,-62.91,-54.69,-55.34,-58.69,-52.61,-57.94,2026-06-21 09:53:04+00:00
2026-06-21T09:54:03+00:00,-48.46,-59.64,-64.57,-62.64,-66.49,-46.54,-48.31,-51.40,-51.31,-47.06,-51.10,-63.39,-54.81,-55.25,-59.08,-52.45,-58.06,2026-06-21 09:54:03+00:00
2026-06-21T09:55:03+00:00,-48.57,-58.82,-64.48,-62.50,-66.38,-46.68,-48.13,-51.36,-51.33,-46.83,-50.91,-63.34,-54.85,-55.20,-58.92,-52.42,-57.67,2026-06-21 09:55:03+00:00
2026-06-21T09:56:04+00:00,-48.37,-58.76,-64.06,-62.84,-67.29,-46.76,-48.38,-51.33,-51.92,-47.04,-50.02,-63.70,-50.14,-54.84,-59.08,-52.38,-58.00,2026-06-21 09:56:04+00:00
2026-06-21T09:57:04+00:00,-48.25,-59.01,-64.18,-62.49,-67.65,-46.62,-48.14,-51.34,-51.38,-46.94,-50.74,-63.93,-49.73,-54.87,-58.68,-52.45,-57.84,2026-06-21 09:57:04+00:00
2026-06-21T09:58:03+00:00,-48.47,-58.58,-64.12,-62.48,-66.14,-46.82,-48.08,-51.29,-51.38,-47.00,-50.81,-64.10,-49.84,-54.92,-59.14,-52.47,-57.97,2026-06-21 09:58:03+00:00
2026-06-21T09:59:03+00:00,-48.48,-58.11,-64.71,-62.50,-65.87,-46.77,-48.38,-51.33,-52.14,-47.00,-50.76,-63.40,-49.76,-54.76,-59.00,-52.28,-57.18,2026-06-21 09:59:03+00:00
2026-06-21T10:00:04+00:00,-48.63,-58.44,-64.73,-62.60,-65.45,-46.72,-48.59,-51.37,-52.22,-46.97,-50.52,-63.65,-54.20,-54.73,-59.14,-52.22,-58.29,2026-06-21 10:00:04+00:00
2026-06-21T10:01:04+00:00,-48.99,-58.82,-64.94,-62.35,-66.94,-46.83,-48.68,-51.38,-52.00,-47.12,-50.43,-64.21,-54.36,-54.59,-58.89,-52.82,-58.35,2026-06-21 10:01:04+00:00
2026-06-21T10:02:04+00:00,-49.78,-59.47,-65.70,-62.31,-65.81,-46.87,-48.46,-51.34,-51.87,-46.97,-50.58,-64.14,-54.02,-54.48,-59.61,-52.78,-57.04,2026-06-21 10:02:04+00:00
2026-06-21T10:03:04+00:00,-49.74,-58.51,-64.83,-62.67,-66.83,-47.01,-48.53,-51.30,-51.79,-46.94,-50.96,-64.01,-53.33,-54.53,-58.82,-53.05,-58.08,2026-06-21 10:03:04+00:00
2026-06-21T10:04:03+00:00,-49.71,-59.39,-64.93,-62.89,-65.72,-46.79,-48.34,-51.32,-51.57,-46.89,-51.04,-63.93,-49.76,-54.46,-59.21,-53.12,-58.61,2026-06-21 10:04:03+00:00
2026-06-21T10:05:03+00:00,-49.57,-58.73,-64.77,-62.60,-66.22,-46.91,-48.29,-51.37,-51.57,-46.84,-50.56,-63.86,-49.67,-54.23,-60.23,-53.10,-56.59,2026-06-21 10:05:03+00:00
2026-06-21T10:06:04+00:00,-49.76,-58.88,-64.72,-62.68,-65.90,-46.89,-48.17,-51.32,-51.76,-46.66,-51.01,-64.06,-49.64,-54.14,-60.14,-52.73,-58.39,2026-06-21 10:06:04+00:00
2026-06-21T10:07:03+00:00,-49.45,-58.67,-64.29,-62.48,-66.36,-47.00,-48.42,-51.28,-51.32,-46.43,-51.12,-64.04,-53.94,-54.05,-59.31,-52.73,-47.78,2026-06-21 10:07:03+00:00
2026-06-21T10:08:04+00:00,-49.07,-58.61,-64.35,-62.44,-66.99,-46.95,-48.42,-51.30,-52.05,-46.44,-50.79,-64.18,-53.96,-54.01,-57.63,-52.92,-58.30,2026-06-21 10:08:04+00:00
2026-06-21T10:09:04+00:00,-49.31,-57.80,-64.37,-62.63,-66.46,-46.81,-48.38,-51.36,-52.72,-46.33,-50.97,-63.91,-54.77,-53.92,-58.85,-52.79,-57.85,2026-06-21 10:09:04+00:00
2026-06-21T10:10:03+00:00,-49.01,-58.91,-64.23,-62.63,-65.91,-46.79,-48.43,-51.33,-52.65,-46.27,-51.26,-64.40,-49.84,-53.75,-58.90,-52.80,-58.40,2026-06-21 10:10:03+00:00
2026-06-21T10:11:03+00:00,-49.04,-57.97,-63.69,-62.56,-66.17,-46.75,-48.40,-51.31,-52.68,-46.35,-51.08,-64.21,-50.00,-53.84,-58.19,-52.64,-58.15,2026-06-21 10:11:03+00:00
2026-06-21T10:12:04+00:00,-49.05,-58.39,-64.44,-62.75,-66.27,-47.37,-48.55,-51.34,-52.81,-46.33,-50.75,-64.25,-50.15,-53.49,-58.55,-52.86,-58.43,2026-06-21 10:12:04+00:00
2026-06-21T10:13:04+00:00,-48.76,-58.10,-63.86,-62.40,-67.10,-47.55,-48.39,-51.29,-52.78,-46.34,-50.68,-64.21,-51.93,-53.31,-58.48,-53.08,-58.21,2026-06-21 10:13:04+00:00
2026-06-21T10:14:03+00:00,-48.44,-58.28,-64.20,-62.31,-66.24,-47.53,-48.14,-51.67,-52.76,-46.22,-50.93,-64.14,-54.09,-53.16,-58.09,-53.24,-58.49,2026-06-21 10:14:03+00:00
2026-06-21T10:15:03+00:00,-48.40,-58.59,-63.77,-62.31,-66.11,-47.43,-48.30,-51.63,-52.70,-46.41,-50.83,-64.17,-54.93,-53.23,-58.33,-53.43,-57.98,2026-06-21 10:15:03+00:00
2026-06-21T10:16:04+00:00,-48.53,-59.11,-63.59,-62.24,-67.04,-47.65,-48.64,-51.60,-53.21,-46.33,-50.91,-63.99,-54.98,-53.23,-58.35,-53.76,-57.27,2026-06-21 10:16:04+00:00
2026-06-21T10:17:04+00:00,-48.78,-57.94,-63.63,-62.45,-66.64,-47.94,-48.16,-51.65,-53.20,-46.34,-50.71,-64.31,-49.87,-53.27,-58.02,-53.83,-58.16,2026-06-21 10:17:04+00:00
2026-06-21T10:18:04+00:00,-48.98,-58.43,-63.66,-62.56,-66.64,-47.65,-48.28,-51.67,-53.42,-46.38,-50.75,-63.88,-49.89,-53.18,-58.43,-53.47,-57.81,2026-06-21 10:18:04+00:00
2026-06-21T10:19:03+00:00,-48.76,-58.00,-62.92,-62.39,-66.64,-47.55,-48.18,-51.67,-53.40,-46.45,-50.91,-63.64,-54.43,-52.89,-58.56,-53.33,-57.63,2026-06-21 10:19:03+00:00
2026-06-21T10:20:04+00:00,-49.17,-57.51,-63.12,-62.28,-66.75,-47.15,-48.32,-51.69,-53.42,-46.30,-50.59,-63.67,-54.34,-52.82,-58.64,-53.35,-57.37,2026-06-21 10:20:04+00:00
2026-06-21T10:21:04+00:00,-48.87,-58.06,-63.05,-62.47,-66.44,-46.99,-48.76,-51.67,-53.27,-46.54,-50.62,-63.78,-54.43,-52.80,-53.85,-53.11,-56.91,2026-06-21 10:21:04+00:00
2026-06-21T10:22:03+00:00,-49.49,-58.16,-63.08,-62.46,-66.48,-47.14,-48.15,-51.70,-53.81,-46.50,-50.55,-63.34,-49.85,-53.01,-56.14,-53.62,-57.83,2026-06-21 10:22:03+00:00
2026-06-21T10:23:03+00:00,-49.63,-57.52,-63.03,-62.43,-66.78,-46.91,-48.35,-51.75,-53.76,-46.28,-52.71,-63.39,-49.92,-53.01,-58.54,-53.17,-57.91,2026-06-21 10:23:03+00:00
2026-06-21T10:24:04+00:00,-49.34,-57.75,-63.23,-62.37,-66.11,-47.08,-48.47,-51.74,-53.63,-46.25,-52.39,-63.01,-54.28,-52.69,-58.94,-53.50,-58.06,2026-06-21 10:24:04+00:00
2026-06-21T10:25:04+00:00,-49.57,-58.01,-63.54,-62.73,-66.41,-46.58,-48.48,-51.72,-53.75,-46.16,-53.00,-63.58,-54.38,-53.10,-58.57,-53.37,-58.23,2026-06-21 10:25:04+00:00
2026-06-21T10:26:03+00:00,-49.78,-58.06,-63.96,-62.38,-66.16,-46.87,-48.42,-51.76,-53.78,-46.17,-52.99,-64.07,-54.57,-53.25,-58.87,-53.64,-58.00,2026-06-21 10:26:03+00:00
2026-06-21T10:27:03+00:00,-49.78,-57.79,-62.76,-62.29,-66.41,-46.83,-48.46,-51.78,-50.24,-46.19,-52.65,-62.69,-49.64,-53.20,-58.89,-53.60,-57.81,2026-06-21 10:27:03+00:00
2026-06-21T10:28:04+00:00,-49.35,-57.85,-63.00,-62.38,-65.54,-46.81,-48.71,-51.74,-50.50,-46.28,-52.51,-63.11,-49.77,-53.34,-58.68,-53.69,-57.71,2026-06-21 10:28:04+00:00
2026-06-21T10:29:04+00:00,-49.38,-58.18,-62.98,-62.28,-66.09,-46.67,-48.33,-51.72,-50.54,-46.21,-52.65,-63.10,-54.64,-53.47,-58.69,-53.84,-57.76,2026-06-21 10:29:04+00:00
2026-06-21T10:30:03+00:00,-49.94,-57.74,-63.21,-62.77,-65.48,-46.53,-48.66,-51.72,-50.60,-46.45,-52.49,-63.34,-55.02,-53.56,-58.76,-53.62,-57.41,2026-06-21 10:30:03+00:00
2026-06-21T10:31:04+00:00,-49.81,-57.90,-63.72,-62.21,-66.87,-46.51,-48.55,-51.74,-49.87,-46.36,-52.49,-62.55,-55.05,-53.60,-58.85,-53.94,-57.97,2026-06-21 10:31:04+00:00
2026-06-21T10:32:04+00:00,-49.77,-57.74,-63.70,-62.43,-66.67,-46.43,-48.44,-51.58,-49.64,-46.40,-52.37,-62.57,-49.77,-53.65,-58.60,-53.98,-57.22,2026-06-21 10:32:04+00:00
2026-06-21T10:33:03+00:00,-50.06,-57.64,-63.56,-62.16,-66.45,-46.69,-48.79,-51.67,-49.65,-46.27,-52.37,-62.49,-49.68,-53.47,-58.62,-54.12,-56.93,2026-06-21 10:33:03+00:00
2026-06-21T10:34:03+00:00,-49.85,-57.89,-63.70,-62.45,-65.67,-47.12,-48.46,-51.68,-49.90,-46.30,-52.22,-62.59,-49.74,-53.58,-58.74,-54.50,-57.74,2026-06-21 10:34:03+00:00
2026-06-21T10:35:04+00:00,-50.35,-57.49,-63.06,-62.29,-65.90,-47.21,-48.91,-51.77,-52.30,-46.41,-52.04,-63.16,-50.34,-53.54,-58.83,-54.60,-57.47,2026-06-21 10:35:04+00:00
2026-06-21T10:36:04+00:00,-49.99,-57.20,-63.36,-62.26,-66.26,-46.93,-48.59,-51.73,-52.35,-46.46,-52.88,-63.60,-54.14,-53.66,-58.40,-54.55,-58.00,2026-06-21 10:36:04+00:00
2026-06-21T10:37:04+00:00,-50.36,-57.79,-62.32,-62.26,-66.46,-47.05,-48.77,-51.75,-53.46,-46.35,-53.23,-63.06,-54.07,-53.58,-58.46,-54.61,-56.46,2026-06-21 10:37:04+00:00
2026-06-21T10:38:04+00:00,-49.79,-57.35,-62.07,-62.37,-66.24,-46.87,-48.47,-51.72,-50.30,-46.32,-53.02,-63.60,-54.27,-53.59,-58.09,-54.67,-56.93,2026-06-21 10:38:04+00:00
2026-06-21T10:39:03+00:00,-49.99,-57.76,-62.38,-62.75,-67.01,-46.60,-48.71,-51.75,-49.82,-46.28,-51.95,-63.87,-49.64,-53.67,-58.63,-54.32,-57.59,2026-06-21 10:39:03+00:00
2026-06-21T10:40:03+00:00,-49.86,-57.80,-62.00,-62.36,-66.45,-46.75,-48.44,-51.70,-49.89,-46.22,-52.21,-63.59,-49.59,-53.43,-58.84,-54.26,-57.64,2026-06-21 10:40:03+00:00
2026-06-21T10:41:04+00:00,-49.86,-56.24,-62.23,-62.39,-65.62,-46.84,-48.92,-51.76,-49.83,-46.25,-52.14,-60.58,-49.62,-53.30,-58.84,-54.93,-57.20,2026-06-21 10:41:04+00:00
2026-06-21T10:42:04+00:00,-50.20,-58.30,-62.24,-62.54,-66.55,-46.71,-48.52,-51.73,-49.83,-46.16,-52.86,-61.77,-54.52,-53.51,-58.93,-54.58,-56.86,2026-06-21 10:42:04+00:00
2026-06-21T10:43:03+00:00,-49.85,-55.53,-61.87,-62.37,-65.69,-46.88,-48.97,-51.65,-49.53,-46.32,-53.12,-62.87,-54.55,-53.45,-58.22,-53.92,-56.97,2026-06-21 10:43:03+00:00
2026-06-21T10:44:03+00:00,-49.84,-54.04,-62.65,-62.60,-65.87,-46.83,-48.80,-51.72,-49.90,-46.36,-52.95,-63.75,-54.39,-53.61,-58.72,-53.96,-57.28,2026-06-21 10:44:03+00:00
2026-06-21T10:45:04+00:00,-49.71,-53.86,-62.50,-62.33,-66.26,-46.75,-48.65,-51.70,-49.79,-46.32,-52.97,-63.87,-54.15,-53.60,-58.60,-53.74,-57.25,2026-06-21 10:45:04+00:00
2026-06-21T10:46:03+00:00,-49.99,-53.77,-62.50,-62.16,-66.34,-46.67,-48.80,-51.70,-49.63,-46.39,-52.86,-63.58,-54.82,-53.34,-58.75,-53.27,-57.57,2026-06-21 10:46:03+00:00
2026-06-21T10:47:03+00:00,-49.78,-53.84,-62.49,-62.22,-65.40,-46.89,-49.09,-51.76,-49.59,-46.22,-53.00,-63.65,-54.64,-53.31,-58.58,-53.30,-57.54,2026-06-21 10:47:03+00:00
2026-06-21T10:48:03+00:00,-49.93,-53.45,-62.47,-62.10,-65.83,-46.58,-48.79,-51.74,-49.60,-46.22,-52.93,-63.41,-54.62,-53.29,-58.78,-53.25,-57.86,2026-06-21 10:48:03+00:00
2026-06-21T10:49:04+00:00,-49.85,-53.49,-62.76,-62.77,-66.19,-46.66,-48.51,-51.66,-49.54,-46.23,-52.99,-63.71,-54.69,-52.73,-59.25,-53.52,-57.55,2026-06-21 10:49:04+00:00
2026-06-21T10:50:03+00:00,-50.09,-55.72,-62.46,-62.43,-66.64,-46.73,-48.85,-51.66,-49.47,-46.16,-52.78,-63.81,-54.33,-52.42,-58.92,-52.61,-57.33,2026-06-21 10:50:03+00:00
2026-06-21T10:51:03+00:00,-49.97,-55.89,-62.69,-62.23,-65.69,-46.57,-48.87,-51.68,-49.61,-46.06,-53.22,-64.18,-54.31,-52.39,-58.26,-52.75,-57.22,2026-06-21 10:51:03+00:00
2026-06-21T10:52:04+00:00,-49.74,-57.05,-62.37,-62.39,-65.93,-46.75,-48.82,-51.70,-49.26,-46.28,-52.58,-63.65,-54.19,-52.08,-58.89,-52.62,-56.84,2026-06-21 10:52:04+00:00
2026-06-21T10:53:04+00:00,-49.83,-56.93,-61.75,-61.85,-66.20,-46.83,-48.88,-51.62,-50.13,-45.96,-52.42,-62.12,-54.62,-52.12,-58.33,-52.33,-55.93,2026-06-21 10:53:04+00:00
2026-06-21T10:54:04+00:00,-50.14,-57.28,-62.54,-62.72,-66.26,-46.68,-48.38,-51.66,-50.42,-46.06,-52.69,-64.04,-53.55,-52.01,-58.40,-52.14,-57.31,2026-06-21 10:54:04+00:00
2026-06-21T10:55:03+00:00,-50.44,-56.87,-62.67,-62.34,-66.03,-46.65,-48.93,-51.44,-50.45,-45.90,-52.30,-64.07,-54.60,-52.00,-58.91,-51.74,-57.29,2026-06-21 10:55:03+00:00
2026-06-21T10:56:03+00:00,-50.54,-56.59,-62.72,-62.20,-65.94,-46.62,-48.76,-51.37,-50.43,-45.94,-52.33,-64.15,-53.22,-51.87,-59.26,-51.70,-57.24,2026-06-21 10:56:03+00:00
2026-06-21T10:57:04+00:00,-50.20,-57.13,-63.02,-62.57,-66.20,-46.32,-48.59,-51.39,-50.41,-45.80,-51.72,-63.84,-53.86,-51.73,-58.87,-51.64,-57.88,2026-06-21 10:57:04+00:00
2026-06-21T10:58:04+00:00,-49.88,-57.20,-63.01,-62.75,-66.10,-46.55,-48.71,-51.44,-50.38,-45.80,-51.38,-64.42,-53.59,-51.85,-59.17,-51.31,-57.87,2026-06-21 10:58:04+00:00
2026-06-21T10:59:03+00:00,-49.42,-57.02,-62.77,-61.47,-65.47,-46.62,-48.91,-51.38,-50.54,-45.77,-51.07,-63.86,-53.62,-51.90,-58.64,-51.42,-57.21,2026-06-21 10:59:03+00:00
2026-06-21T11:00:03+00:00,-49.70,-56.96,-63.18,-62.25,-66.26,-46.78,-48.50,-51.39,-50.43,-45.93,-51.39,-64.35,-53.80,-51.64,-58.65,-51.07,-58.08,2026-06-21 11:00:03+00:00
2026-06-21T11:01:03+00:00,-49.19,-57.03,-62.88,-62.45,-66.05,-46.67,-48.40,-51.42,-50.79,-45.80,-51.07,-64.25,-53.65,-51.72,-58.44,-50.70,-57.72,2026-06-21 11:01:03+00:00
2026-06-21T11:02:03+00:00,-49.18,-57.23,-63.09,-62.27,-65.46,-47.03,-48.69,-51.45,-50.57,-45.86,-51.14,-64.35,-53.58,-51.72,-58.85,-50.84,-57.98,2026-06-21 11:02:03+00:00
2026-06-21T11:03:04+00:00,-49.07,-57.25,-62.91,-62.29,-65.42,-46.82,-48.62,-51.37,-50.59,-45.70,-50.87,-63.94,-53.54,-51.82,-58.89,-50.72,-55.34,2026-06-21 11:03:04+00:00
2026-06-21T11:04:03+00:00,-49.19,-57.76,-62.95,-62.38,-65.96,-46.90,-48.57,-51.41,-50.68,-45.82,-50.71,-64.19,-53.70,-51.76,-59.23,-50.44,-58.11,2026-06-21 11:04:03+00:00
2026-06-21T11:05:03+00:00,-49.16,-56.93,-62.99,-62.03,-65.45,-46.83,-48.60,-51.37,-50.68,-45.88,-50.57,-64.05,-53.66,-51.93,-58.91,-50.39,-57.96,2026-06-21 11:05:03+00:00
2026-06-21T11:06:04+00:00,-48.92,-56.89,-62.78,-62.52,-66.56,-47.06,-48.72,-51.37,-50.93,-45.85,-50.53,-63.97,-53.50,-51.83,-59.26,-50.23,-57.96,2026-06-21 11:06:04+00:00
2026-06-21T11:07:03+00:00,-49.34,-56.64,-62.97,-62.17,-66.84,-46.94,-48.55,-51.34,-51.22,-45.85,-50.31,-63.82,-53.39,-51.94,-58.80,-50.19,-57.93,2026-06-21 11:07:03+00:00
2026-06-21T11:08:03+00:00,-49.57,-56.89,-62.16,-61.66,-66.06,-46.67,-48.91,-51.34,-51.47,-45.91,-50.20,-62.70,-53.48,-51.55,-58.39,-50.26,-58.05,2026-06-21 11:08:03+00:00
2026-06-21T11:09:04+00:00,-48.45,-57.03,-62.98,-61.97,-66.41,-46.86,-48.51,-51.40,-51.25,-45.95,-50.10,-63.17,-53.48,-51.57,-58.59,-50.08,-58.01,2026-06-21 11:09:04+00:00
2026-06-21T11:10:03+00:00,-48.38,-56.88,-62.31,-61.92,-65.94,-46.90,-48.72,-51.33,-51.36,-45.93,-50.11,-62.95,-53.43,-51.51,-58.61,-50.31,-57.52,2026-06-21 11:10:03+00:00
2026-06-21T11:11:03+00:00,-48.87,-57.51,-62.51,-61.80,-66.02,-47.16,-48.32,-51.45,-51.05,-46.04,-50.04,-63.57,-53.37,-51.30,-58.76,-50.22,-57.63,2026-06-21 11:11:03+00:00
2026-06-21T11:12:04+00:00,-48.37,-57.12,-62.39,-62.01,-66.31,-47.00,-48.67,-51.36,-51.27,-46.12,-49.98,-63.18,-53.20,-51.45,-58.70,-50.67,-57.09,2026-06-21 11:12:04+00:00
2026-06-21T11:13:04+00:00,-48.44,-56.73,-63.01,-61.96,-66.31,-46.83,-48.59,-51.35,-51.04,-46.48,-49.72,-63.21,-53.23,-51.40,-58.89,-50.55,-57.44,2026-06-21 11:13:04+00:00
2026-06-21T11:14:03+00:00,-48.62,-57.04,-62.83,-61.91,-66.53,-47.17,-48.57,-51.24,-51.41,-46.61,-49.88,-63.39,-53.08,-51.22,-58.56,-50.13,-57.59,2026-06-21 11:14:03+00:00
2026-06-21T11:15:03+00:00,-48.68,-57.09,-62.46,-61.46,-65.96,-46.75,-48.18,-51.22,-50.91,-46.71,-49.63,-62.79,-53.06,-50.80,-58.72,-50.22,-56.85,2026-06-21 11:15:03+00:00
2026-06-21T11:16:04+00:00,-48.57,-56.84,-63.32,-61.68,-65.65,-46.95,-48.45,-51.24,-50.89,-46.78,-50.17,-62.74,-52.96,-50.86,-58.85,-50.65,-56.56,2026-06-21 11:16:04+00:00
2026-06-21T11:17:03+00:00,-48.75,-57.15,-63.66,-61.94,-66.47,-46.83,-48.71,-51.25,-50.56,-46.77,-50.19,-63.45,-53.02,-50.34,-58.33,-50.70,-57.74,2026-06-21 11:17:03+00:00
2026-06-21T11:18:03+00:00,-48.83,-56.81,-62.76,-61.57,-65.80,-46.84,-48.59,-51.33,-51.41,-46.79,-50.32,-61.96,-53.31,-50.12,-57.83,-50.46,-55.44,2026-06-21 11:18:03+00:00
2026-06-21T11:19:04+00:00,-48.45,-57.27,-63.59,-61.55,-66.47,-46.89,-48.66,-51.32,-50.99,-46.85,-50.36,-62.50,-53.53,-50.31,-58.00,-50.50,-56.27,2026-06-21 11:19:04+00:00
2026-06-21T11:20:04+00:00,-48.96,-57.23,-62.93,-61.55,-66.57,-47.02,-48.26,-51.15,-50.76,-46.87,-50.28,-61.82,-53.51,-49.89,-58.49,-50.79,-56.66,2026-06-21 11:20:04+00:00
2026-06-21T11:21:03+00:00,-48.73,-57.65,-63.34,-61.81,-66.55,-46.93,-48.43,-51.19,-50.74,-46.99,-50.38,-62.73,-53.16,-49.70,-58.07,-50.50,-56.91,2026-06-21 11:21:03+00:00
2026-06-21T11:22:03+00:00,-48.26,-57.62,-63.13,-62.09,-66.41,-46.88,-48.60,-51.25,-50.70,-46.92,-50.42,-62.25,-53.22,-49.59,-58.44,-50.68,-57.10,2026-06-21 11:22:03+00:00
2026-06-21T11:23:04+00:00,-48.64,-56.91,-63.47,-61.22,-65.88,-47.04,-48.46,-51.29,-49.97,-47.08,-50.66,-62.07,-53.17,-49.52,-58.68,-50.31,-56.93,2026-06-21 11:23:04+00:00
2026-06-21T11:24:04+00:00,-48.84,-57.01,-63.33,-61.70,-66.33,-46.78,-48.32,-51.27,-50.63,-47.13,-50.45,-61.68,-53.22,-49.36,-58.23,-50.21,-56.92,2026-06-21 11:24:04+00:00
2026-06-21T11:25:03+00:00,-48.19,-57.08,-62.86,-61.83,-65.64,-46.90,-48.31,-51.30,-50.71,-46.89,-50.42,-60.64,-53.13,-49.37,-58.56,-50.27,-55.55,2026-06-21 11:25:03+00:00
2026-06-21T11:26:04+00:00,-47.57,-56.64,-63.10,-61.76,-66.21,-46.70,-48.22,-51.26,-49.70,-46.93,-50.76,-61.79,-53.16,-49.21,-58.52,-50.28,-57.50,2026-06-21 11:26:04+00:00
2026-06-21T11:27:04+00:00,-48.00,-56.45,-63.46,-61.53,-65.30,-46.79,-48.41,-51.26,-49.65,-46.63,-50.41,-61.30,-53.22,-48.88,-58.79,-49.92,-57.75,2026-06-21 11:27:04+00:00
2026-06-21T11:28:03+00:00,-47.90,-57.05,-62.87,-61.60,-65.89,-46.68,-48.17,-51.30,-50.46,-46.63,-50.10,-60.97,-53.18,-48.84,-58.78,-49.66,-56.89,2026-06-21 11:28:03+00:00
2026-06-21T11:29:03+00:00,-47.89,-56.66,-63.31,-61.24,-66.53,-46.70,-48.50,-51.33,-49.81,-46.55,-50.47,-61.09,-53.20,-48.69,-58.30,-49.55,-56.71,2026-06-21 11:29:03+00:00
2026-06-21T11:30:04+00:00,-48.65,-56.74,-63.51,-61.73,-65.74,-46.49,-48.64,-51.33,-49.36,-46.32,-50.32,-61.27,-53.36,-48.51,-58.66,-49.80,-57.92,2026-06-21 11:30:04+00:00
2026-06-21T11:31:04+00:00,-48.99,-57.32,-63.05,-61.39,-66.83,-46.71,-48.32,-51.32,-48.13,-46.21,-50.45,-61.08,-53.43,-48.62,-58.47,-49.72,-56.93,2026-06-21 11:31:04+00:00
2026-06-21T11:32:03+00:00,-48.98,-56.75,-64.16,-62.20,-65.78,-46.84,-48.66,-51.28,-49.19,-46.34,-50.68,-61.47,-53.41,-48.64,-58.67,-49.33,-57.42,2026-06-21 11:32:03+00:00
2026-06-21T11:33:03+00:00,-49.06,-57.14,-62.15,-61.70,-66.30,-46.36,-48.80,-51.26,-51.23,-46.30,-50.36,-60.45,-53.29,-48.33,-58.58,-49.40,-56.98,2026-06-21 11:33:03+00:00
2026-06-21T11:34:04+00:00,-48.55,-56.80,-63.73,-61.55,-65.98,-46.42,-48.59,-51.28,-47.41,-46.33,-50.72,-61.17,-53.47,-48.46,-58.25,-49.25,-57.35,2026-06-21 11:34:04+00:00
2026-06-21T11:35:04+00:00,-48.73,-57.77,-63.37,-61.79,-66.13,-46.38,-48.52,-50.81,-47.48,-46.21,-50.83,-61.13,-53.35,-48.56,-58.49,-49.40,-57.48,2026-06-21 11:35:04+00:00
2026-06-21T11:36:03+00:00,-47.99,-56.96,-63.29,-61.83,-65.61,-46.50,-48.43,-50.84,-48.86,-46.47,-50.86,-61.46,-53.34,-48.47,-58.36,-49.24,-57.12,2026-06-21 11:36:03+00:00
2026-06-21T11:37:03+00:00,-48.49,-56.74,-62.69,-61.73,-65.69,-46.56,-48.09,-50.86,-48.95,-46.58,-51.19,-60.87,-53.14,-48.45,-58.58,-49.50,-57.53,2026-06-21 11:37:03+00:00
2026-06-21T11:38:04+00:00,-48.31,-57.13,-62.86,-61.68,-66.16,-46.36,-48.24,-50.83,-49.20,-46.52,-51.44,-61.26,-53.07,-48.56,-58.18,-49.19,-57.18,2026-06-21 11:38:04+00:00
2026-06-21T11:39:04+00:00,-48.73,-57.50,-63.14,-62.11,-65.73,-46.51,-48.03,-50.87,-49.37,-46.64,-51.25,-61.11,-53.23,-48.48,-58.61,-49.40,-58.13,2026-06-21 11:39:04+00:00
2026-06-21T11:40:03+00:00,-48.24,-56.85,-62.69,-62.03,-66.15,-46.49,-48.28,-50.81,-49.12,-46.64,-51.01,-60.82,-53.21,-48.66,-58.86,-49.30,-56.26,2026-06-21 11:40:03+00:00
2026-06-21T11:41:03+00:00,-48.86,-56.87,-63.12,-61.60,-66.82,-46.72,-48.32,-50.84,-49.16,-46.65,-51.37,-60.79,-53.77,-48.41,-58.63,-49.36,-57.91,2026-06-21 11:41:03+00:00
2026-06-21T11:42:04+00:00,-48.37,-56.62,-63.49,-61.59,-65.75,-46.70,-48.05,-50.84,-48.97,-46.60,-51.07,-61.20,-53.45,-48.70,-58.64,-49.31,-57.89,2026-06-21 11:42:04+00:00
2026-06-21T11:43:04+00:00,-48.01,-56.62,-62.45,-61.64,-66.01,-46.55,-48.31,-50.78,-48.91,-46.41,-50.86,-60.51,-53.49,-48.87,-58.81,-49.06,-56.73,2026-06-21 11:43:04+00:00
2026-06-21T11:44:03+00:00,-47.98,-56.75,-63.41,-61.85,-66.11,-46.74,-48.22,-50.87,-50.42,-46.42,-51.00,-60.85,-53.58,-48.77,-58.74,-49.45,-57.21,2026-06-21 11:44:03+00:00
2026-06-21T11:45:03+00:00,-48.38,-57.16,-62.67,-61.97,-66.05,-46.30,-47.92,-50.82,-50.74,-46.73,-51.02,-60.40,-53.39,-48.80,-58.99,-49.40,-57.38,2026-06-21 11:45:03+00:00
2026-06-21T11:46:04+00:00,-48.50,-57.25,-63.38,-61.80,-65.47,-46.86,-48.03,-50.90,-50.76,-46.48,-50.91,-60.56,-53.16,-48.95,-58.75,-49.40,-57.42,2026-06-21 11:46:04+00:00
2026-06-21T11:47:04+00:00,-48.39,-57.03,-63.55,-62.05,-66.31,-46.84,-48.10,-50.92,-50.76,-46.60,-51.24,-60.91,-53.36,-49.07,-58.87,-49.44,-58.24,2026-06-21 11:47:04+00:00
2026-06-21T11:48:03+00:00,-48.32,-57.18,-62.43,-61.90,-65.69,-46.52,-48.05,-50.78,-50.74,-46.62,-50.92,-60.72,-53.19,-49.26,-58.48,-49.51,-56.87,2026-06-21 11:48:03+00:00
2026-06-21T11:49:03+00:00,-48.73,-57.77,-62.79,-61.76,-66.44,-46.68,-48.08,-50.83,-50.54,-46.64,-50.93,-61.35,-53.21,-49.33,-58.68,-49.62,-56.15,2026-06-21 11:49:03+00:00
2026-06-21T11:50:04+00:00,-48.40,-57.64,-63.29,-61.87,-65.99,-46.85,-48.15,-50.90,-50.28,-46.63,-51.26,-61.72,-53.25,-49.55,-58.85,-49.79,-58.61,2026-06-21 11:50:04+00:00
2026-06-21T11:51:04+00:00,-48.42,-57.18,-63.02,-61.98,-65.25,-46.60,-47.89,-50.85,-51.59,-46.62,-50.93,-61.03,-53.57,-49.54,-58.41,-49.75,-57.42,2026-06-21 11:51:04+00:00
2026-06-21T11:52:03+00:00,-48.17,-56.93,-63.28,-61.57,-65.66,-46.45,-48.12,-50.76,-51.65,-46.63,-51.07,-61.94,-53.94,-49.75,-58.29,-49.64,-55.90,2026-06-21 11:52:03+00:00
2026-06-21T11:53:03+00:00,-49.11,-56.75,-64.03,-62.20,-65.86,-46.68,-47.96,-50.85,-51.02,-46.68,-50.90,-63.07,-53.90,-49.69,-58.64,-49.70,-57.01,2026-06-21 11:53:03+00:00
2026-06-21T11:54:04+00:00,-49.10,-57.41,-63.90,-62.34,-66.49,-46.67,-48.04,-50.83,-50.93,-46.54,-51.03,-62.45,-54.94,-49.90,-58.69,-49.75,-58.11,2026-06-21 11:54:04+00:00
2026-06-21T11:55:03+00:00,-48.85,-57.48,-64.24,-61.38,-65.55,-46.70,-48.07,-51.02,-51.16,-46.56,-50.83,-62.52,-54.83,-49.99,-58.31,-50.18,-57.65,2026-06-21 11:55:03+00:00
2026-06-21T11:56:03+00:00,-48.46,-57.36,-64.42,-61.70,-65.37,-46.62,-48.06,-51.00,-51.29,-46.54,-50.86,-62.36,-54.98,-49.97,-58.54,-49.90,-57.80,2026-06-21 11:56:03+00:00
2026-06-21T11:57:04+00:00,-48.14,-57.18,-63.73,-62.36,-66.30,-46.85,-48.13,-51.03,-51.62,-46.53,-50.95,-62.12,-54.54,-50.32,-58.67,-50.30,-56.69,2026-06-21 11:57:04+00:00
2026-06-21T11:58:04+00:00,-48.31,-56.94,-64.43,-62.49,-66.35,-46.90,-48.04,-51.01,-51.52,-46.50,-50.74,-62.38,-54.63,-50.41,-58.83,-50.08,-57.29,2026-06-21 11:58:04+00:00
2026-06-21T11:59:04+00:00,-47.96,-56.77,-64.45,-62.26,-65.64,-46.90,-48.15,-50.98,-51.08,-46.44,-51.02,-61.89,-54.63,-50.34,-58.53,-50.81,-57.95,2026-06-21 11:59:04+00:00
2026-06-21T12:00:03+00:00,-48.34,-56.91,-64.48,-61.86,-66.94,-46.76,-48.30,-50.94,-51.23,-46.43,-50.92,-61.81,-54.08,-50.54,-58.94,-50.80,-58.39,2026-06-21 12:00:03+00:00
2026-06-21T12:01:03+00:00,-48.30,-57.05,-64.24,-61.79,-65.80,-46.90,-48.14,-50.93,-51.68,-46.34,-50.74,-62.31,-53.91,-50.80,-58.28,-50.98,-58.40,2026-06-21 12:01:03+00:00
2026-06-21T12:02:04+00:00,-48.12,-56.67,-64.57,-62.35,-66.65,-47.01,-48.24,-50.96,-51.31,-46.47,-50.62,-63.01,-54.70,-51.00,-58.79,-51.45,-57.87,2026-06-21 12:02:04+00:00
2026-06-21T12:03:04+00:00,-48.35,-56.60,-64.41,-62.00,-67.09,-50.06,-48.02,-50.87,-51.11,-46.25,-50.43,-62.58,-54.50,-51.10,-58.65,-51.29,-58.04,2026-06-21 12:03:04+00:00
2026-06-21T12:04:03+00:00,-47.95,-56.93,-65.25,-62.19,-65.60,-50.98,-48.05,-50.97,-50.64,-45.33,-47.06,-63.20,-54.67,-51.55,-58.34,-51.86,-58.16,2026-06-21 12:04:03+00:00
2026-06-21T12:05:04+00:00,-48.37,-56.20,-64.65,-61.85,-66.44,-50.98,-48.26,-50.94,-50.63,-45.31,-47.05,-62.37,-54.23,-51.49,-58.81,-51.94,-57.76,2026-06-21 12:05:04+00:00
2026-06-21T12:06:04+00:00,-48.27,-55.67,-64.30,-62.05,-66.05,-51.36,-48.04,-50.86,-50.93,-46.15,-50.42,-61.99,-54.37,-51.77,-58.33,-52.22,-58.21,2026-06-21 12:06:04+00:00
2026-06-21T12:07:04+00:00,-48.17,-55.87,-64.41,-61.93,-66.44,-51.08,-48.04,-50.84,-50.92,-46.14,-51.26,-61.05,-54.76,-52.05,-58.69,-52.69,-57.61,2026-06-21 12:07:04+00:00
2026-06-21T12:08:03+00:00,-47.73,-55.36,-63.95,-62.03,-66.40,-51.33,-48.17,-50.86,-49.84,-46.37,-51.05,-60.93,-54.25,-52.21,-58.57,-52.83,-57.86,2026-06-21 12:08:03+00:00
2026-06-21T12:09:03+00:00,-48.39,-56.08,-64.31,-62.36,-66.69,-51.12,-48.24,-50.88,-49.65,-46.25,-50.93,-61.12,-54.53,-52.38,-58.63,-52.51,-58.16,2026-06-21 12:09:03+00:00
2026-06-21T12:10:04+00:00,-48.41,-55.69,-64.34,-61.75,-66.62,-50.96,-48.16,-50.85,-49.79,-46.17,-50.87,-61.03,-54.38,-52.49,-58.14,-52.70,-57.94,2026-06-21 12:10:04+00:00
2026-06-21T12:11:04+00:00,-48.46,-55.60,-64.39,-61.87,-65.72,-51.10,-48.10,-50.85,-49.38,-46.29,-51.27,-60.84,-54.43,-52.42,-58.71,-53.07,-57.59,2026-06-21 12:11:04+00:00
2026-06-21T12:12:03+00:00,-47.61,-54.66,-64.05,-61.66,-66.43,-51.00,-47.84,-50.83,-49.45,-46.31,-51.09,-61.08,-54.72,-52.35,-58.44,-53.14,-57.40,2026-06-21 12:12:03+00:00
2026-06-21T12:13:03+00:00,-48.21,-54.56,-63.57,-61.25,-66.22,-50.99,-48.20,-50.73,-49.19,-46.30,-51.36,-60.86,-54.50,-52.68,-58.32,-53.47,-57.64,2026-06-21 12:13:03+00:00
2026-06-21T12:14:04+00:00,-48.01,-55.27,-63.90,-61.91,-65.96,-50.96,-48.10,-50.86,-49.19,-46.32,-51.05,-61.30,-53.98,-52.50,-58.72,-53.01,-55.49,2026-06-21 12:14:04+00:00
2026-06-21T12:15:04+00:00,-48.19,-55.51,-64.14,-61.63,-66.19,-51.00,-48.38,-50.92,-49.14,-46.41,-51.04,-60.90,-53.86,-52.80,-58.64,-52.93,-57.66,2026-06-21 12:15:04+00:00
2026-06-21T12:16:03+00:00,-48.17,-55.08,-64.34,-61.64,-66.48,-51.09,-48.24,-50.91,-49.04,-46.33,-50.48,-61.25,-54.59,-52.70,-58.41,-53.10,-58.07,2026-06-21 12:16:03+00:00
2026-06-21T12:17:04+00:00,-48.69,-54.89,-64.02,-62.21,-66.19,-51.11,-48.17,-50.91,-49.48,-46.37,-50.38,-61.35,-54.30,-52.60,-58.62,-52.89,-58.00,2026-06-21 12:17:04+00:00
2026-06-21T12:18:04+00:00,-46.58,-55.51,-63.79,-61.77,-65.82,-51.07,-48.19,-50.96,-49.15,-46.48,-50.09,-61.21,-54.42,-52.38,-58.15,-52.97,-57.80,2026-06-21 12:18:04+00:00
2026-06-21T12:19:04+00:00,-46.86,-55.30,-63.60,-61.62,-66.61,-51.34,-48.11,-50.86,-48.68,-46.46,-50.90,-60.90,-54.21,-52.57,-58.92,-52.82,-57.72,2026-06-21 12:19:04+00:00
2026-06-21T12:20:03+00:00,-46.79,-54.96,-64.29,-61.96,-66.14,-51.56,-48.36,-51.27,-48.60,-46.37,-50.80,-61.56,-54.72,-52.38,-58.68,-52.75,-57.56,2026-06-21 12:20:03+00:00
2026-06-21T12:21:04+00:00,-46.64,-55.02,-64.22,-61.84,-65.87,-50.92,-47.90,-51.25,-47.98,-46.26,-50.39,-61.30,-51.11,-52.74,-57.80,-52.83,-55.29,2026-06-21 12:21:04+00:00
2026-06-21T12:22:04+00:00,-46.14,-55.07,-63.54,-61.88,-66.97,-51.35,-48.35,-51.30,-47.88,-45.97,-50.90,-61.05,-49.72,-52.60,-58.60,-52.87,-55.28,2026-06-21 12:22:04+00:00
2026-06-21T12:23:04+00:00,-46.63,-55.32,-63.87,-61.55,-65.77,-51.31,-48.20,-51.34,-48.10,-45.90,-50.64,-60.99,-49.29,-52.73,-58.18,-52.67,-55.66,2026-06-21 12:23:04+00:00
2026-06-21T12:24:03+00:00,-46.63,-55.39,-63.59,-61.43,-65.49,-51.33,-47.81,-51.22,-48.36,-45.84,-50.57,-61.37,-49.52,-53.06,-59.00,-52.93,-55.18,2026-06-21 12:24:03+00:00
2026-06-21T12:25:04+00:00,-47.03,-55.40,-63.99,-61.85,-65.78,-51.33,-48.25,-51.31,-47.82,-46.02,-50.16,-61.27,-49.98,-53.33,-58.58,-52.79,-55.15,2026-06-21 12:25:04+00:00
2026-06-21T12:26:04+00:00,-46.81,-55.56,-64.04,-61.94,-66.10,-51.41,-48.34,-51.36,-48.00,-46.19,-50.52,-62.16,-50.06,-53.15,-58.95,-53.05,-55.86,2026-06-21 12:26:04+00:00
2026-06-21T12:27:04+00:00,-46.80,-55.67,-63.78,-61.48,-66.45,-51.23,-48.19,-51.28,-47.97,-46.38,-50.27,-61.95,-49.60,-52.89,-58.81,-53.21,-55.01,2026-06-21 12:27:04+00:00
2026-06-21T12:28:03+00:00,-46.89,-55.88,-64.14,-62.35,-65.37,-51.43,-48.20,-51.28,-47.65,-46.43,-50.30,-61.91,-49.62,-52.68,-58.78,-53.16,-55.85,2026-06-21 12:28:03+00:00
2026-06-21T12:29:03+00:00,-46.74,-55.60,-64.39,-62.47,-66.40,-51.26,-47.95,-51.28,-47.60,-46.54,-49.89,-61.72,-49.34,-53.04,-58.82,-53.57,-55.65,2026-06-21 12:29:03+00:00
2026-06-21T12:30:04+00:00,-46.83,-56.84,-64.13,-62.09,-65.43,-51.19,-47.97,-51.34,-47.47,-46.64,-47.48,-61.87,-49.40,-52.59,-58.45,-53.75,-55.83,2026-06-21 12:30:04+00:00
2026-06-21T12:31:04+00:00,-46.67,-56.11,-63.99,-62.25,-66.20,-51.37,-48.28,-51.35,-47.54,-46.57,-46.48,-61.93,-49.25,-52.62,-58.91,-53.74,-56.07,2026-06-21 12:31:04+00:00
2026-06-21T12:32:04+00:00,-46.78,-56.51,-62.93,-62.18,-66.40,-51.25,-47.98,-51.25,-47.77,-45.26,-45.80,-62.15,-49.25,-52.94,-58.63,-53.52,-54.98,2026-06-21 12:32:04+00:00
2026-06-21T12:33:04+00:00,-47.08,-56.89,-64.61,-62.21,-66.21,-51.41,-48.28,-51.33,-47.76,-45.09,-45.35,-63.89,-49.62,-52.93,-58.74,-53.48,-55.09,2026-06-21 12:33:04+00:00
2026-06-21T12:34:03+00:00,-47.10,-56.79,-64.10,-62.08,-66.57,-51.29,-48.25,-51.35,-47.32,-44.81,-45.48,-64.06,-49.57,-52.89,-58.58,-53.52,-55.02,2026-06-21 12:34:03+00:00
2026-06-21T12:35:04+00:00,-47.41,-56.45,-64.73,-62.51,-66.03,-51.24,-48.05,-51.39,-47.03,-45.20,-46.08,-64.79,-49.70,-52.86,-58.47,-53.53,-54.85,2026-06-21 12:35:04+00:00
2026-06-21T12:36:04+00:00,-47.50,-56.49,-63.45,-61.85,-66.73,-51.40,-47.91,-51.33,-47.44,-45.19,-45.96,-64.62,-49.65,-52.89,-58.56,-53.64,-54.84,2026-06-21 12:36:04+00:00
2026-06-21T12:37:03+00:00,-47.22,-56.72,-64.22,-62.10,-66.35,-51.34,-48.16,-51.42,-47.60,-45.26,-46.02,-64.70,-49.98,-52.93,-58.57,-54.24,-55.76,2026-06-21 12:37:03+00:00
2026-06-21T12:38:03+00:00,-46.92,-56.55,-64.41,-62.64,-66.88,-51.26,-48.17,-51.40,-47.59,-45.50,-45.93,-64.66,-49.64,-53.07,-58.53,-53.85,-56.05,2026-06-21 12:38:03+00:00
2026-06-21T12:39:04+00:00,-46.88,-56.76,-64.02,-62.26,-66.46,-50.82,-47.91,-51.38,-47.33,-45.27,-46.13,-64.87,-49.71,-53.09,-58.33,-54.14,-55.74,2026-06-21 12:39:04+00:00
2026-06-21T12:40:04+00:00,-46.57,-56.76,-64.46,-62.18,-65.76,-50.78,-48.14,-51.41,-47.25,-45.38,-46.07,-64.83,-50.42,-53.19,-58.76,-54.43,-55.92,2026-06-21 12:40:04+00:00
2026-06-21T12:41:04+00:00,-46.83,-56.34,-64.85,-62.37,-66.17,-51.21,-48.34,-51.42,-47.54,-45.18,-45.86,-65.64,-50.35,-53.19,-58.47,-54.85,-55.99,2026-06-21 12:41:04+00:00
2026-06-21T12:42:03+00:00,-47.37,-56.39,-64.85,-62.38,-66.46,-51.50,-48.36,-51.50,-47.79,-45.32,-45.64,-65.60,-51.09,-53.06,-58.70,-55.15,-56.02,2026-06-21 12:42:03+00:00
2026-06-21T12:43:03+00:00,-46.86,-56.44,-64.43,-62.29,-66.16,-51.35,-48.07,-51.39,-48.11,-45.32,-45.91,-65.39,-51.09,-53.35,-58.66,-55.00,-55.94,2026-06-21 12:43:03+00:00
2026-06-21T12:44:04+00:00,-46.55,-56.44,-64.04,-62.50,-65.90,-51.42,-48.38,-51.40,-48.25,-45.62,-46.08,-64.95,-52.04,-53.36,-58.52,-55.06,-55.85,2026-06-21 12:44:04+00:00
2026-06-21T12:45:04+00:00,-46.41,-56.36,-64.33,-62.45,-66.19,-51.28,-48.18,-51.52,-47.78,-45.33,-45.73,-65.46,-52.09,-53.45,-58.36,-56.11,-55.83,2026-06-21 12:45:04+00:00
2026-06-21T12:46:03+00:00,-46.64,-56.30,-64.80,-62.58,-66.07,-51.30,-48.03,-51.53,-47.67,-45.42,-45.90,-65.81,-52.81,-53.48,-58.97,-55.79,-55.80,2026-06-21 12:46:03+00:00
2026-06-21T12:47:03+00:00,-46.64,-56.59,-64.59,-62.12,-66.28,-51.29,-48.10,-51.54,-47.65,-45.29,-45.83,-65.15,-52.78,-53.66,-58.72,-56.29,-54.94,2026-06-21 12:47:03+00:00
2026-06-21T12:48:04+00:00,-47.16,-56.38,-64.84,-62.47,-66.99,-51.61,-48.55,-51.49,-47.73,-45.32,-45.74,-65.44,-52.96,-53.58,-58.88,-56.57,-55.68,2026-06-21 12:48:04+00:00
2026-06-21T12:49:04+00:00,-47.33,-56.46,-64.20,-62.13,-67.32,-51.45,-48.07,-51.53,-47.69,-45.34,-45.93,-65.03,-52.85,-53.99,-58.84,-57.13,-55.83,2026-06-21 12:49:04+00:00
2026-06-21T12:50:04+00:00,-46.68,-56.61,-64.66,-62.81,-65.61,-51.41,-47.76,-51.55,-48.55,-45.13,-45.83,-65.64,-52.90,-53.99,-58.57,-57.00,-54.91,2026-06-21 12:50:04+00:00
2026-06-21T12:51:03+00:00,-46.65,-57.00,-65.12,-62.54,-66.16,-51.42,-48.08,-51.50,-47.69,-45.19,-45.71,-65.79,-53.03,-54.08,-58.75,-57.10,-54.90,2026-06-21 12:51:03+00:00
2026-06-21T12:52:04+00:00,-46.60,-56.43,-63.62,-62.36,-65.86,-51.33,-48.37,-51.50,-47.84,-45.24,-45.61,-64.05,-52.87,-53.94,-58.92,-57.69,-54.85,2026-06-21 12:52:04+00:00
2026-06-21T12:53:04+00:00,-46.58,-56.73,-63.61,-61.95,-65.75,-50.11,-48.13,-51.49,-47.10,-45.30,-45.74,-64.43,-52.91,-54.10,-58.73,-57.74,-55.07,2026-06-21 12:53:04+00:00
2026-06-21T12:54:04+00:00,-46.73,-56.47,-64.32,-62.34,-66.43,-49.73,-48.23,-51.45,-47.18,-45.10,-45.74,-64.84,-52.88,-54.28,-58.48,-57.19,-55.47,2026-06-21 12:54:04+00:00
2026-06-21T12:55:03+00:00,-46.79,-56.60,-64.52,-62.36,-66.54,-46.19,-48.08,-51.49,-46.97,-45.13,-45.40,-65.08,-53.93,-53.77,-58.79,-57.00,-54.68,2026-06-21 12:55:03+00:00
2026-06-21T12:56:04+00:00,-46.61,-56.45,-64.65,-62.24,-66.15,-45.76,-48.32,-51.62,-47.51,-45.12,-45.49,-65.41,-54.03,-53.88,-58.88,-56.37,-55.87,2026-06-21 12:56:04+00:00
2026-06-21T12:57:04+00:00,-46.72,-56.44,-64.34,-62.40,-65.78,-45.91,-48.12,-51.67,-49.12,-44.95,-45.90,-65.09,-54.63,-54.17,-59.03,-56.06,-54.94,2026-06-21 12:57:04+00:00
2026-06-21T12:58:04+00:00,-46.83,-56.86,-64.56,-62.56,-65.90,-45.78,-47.90,-51.61,-48.69,-44.88,-45.71,-65.03,-54.55,-54.29,-59.06,-56.12,-54.86,2026-06-21 12:58:04+00:00
2026-06-21T12:59:03+00:00,-46.72,-56.24,-64.58,-62.44,-66.44,-45.92,-48.15,-51.62,-48.70,-44.82,-45.63,-65.03,-53.84,-54.37,-59.04,-55.62,-55.36,2026-06-21 12:59:03+00:00
2026-06-21T13:00:04+00:00,-46.37,-56.07,-64.30,-62.49,-66.46,-45.68,-48.20,-51.63,-49.33,-44.93,-45.26,-65.14,-54.88,-54.27,-58.81,-55.23,-52.81,2026-06-21 13:00:04+00:00
2026-06-21T13:01:05+00:00,-46.27,-56.49,-64.74,-62.36,-65.94,-45.57,-48.33,-51.67,-49.01,-44.92,-45.41,-65.47,-54.82,-54.26,-59.43,-55.15,-52.77,2026-06-21 13:01:05+00:00
2026-06-21T13:02:04+00:00,-45.81,-55.89,-64.70,-62.13,-66.53,-45.66,-48.26,-51.66,-48.39,-44.77,-45.41,-64.99,-54.79,-54.46,-59.03,-54.78,-52.70,2026-06-21 13:02:04+00:00
2026-06-21T13:03:03+00:00,-45.93,-55.87,-64.17,-62.51,-66.20,-45.59,-48.03,-51.60,-47.44,-44.65,-45.30,-65.09,-54.70,-54.49,-58.92,-54.99,-52.88,2026-06-21 13:03:03+00:00
2026-06-21T13:04:04+00:00,-45.84,-55.98,-64.52,-62.40,-66.60,-45.62,-48.53,-51.59,-47.12,-44.76,-45.41,-64.96,-54.96,-54.39,-58.54,-55.06,-55.12,2026-06-21 13:04:04+00:00
2026-06-21T13:05:04+00:00,-45.68,-55.89,-63.49,-62.63,-67.17,-45.70,-48.45,-51.54,-47.17,-44.89,-45.44,-64.53,-54.99,-54.64,-58.93,-54.99,-54.91,2026-06-21 13:05:04+00:00
2026-06-21T13:06:04+00:00,-45.46,-56.10,-64.16,-61.92,-66.41,-45.74,-48.57,-51.53,-46.89,-44.77,-45.51,-65.24,-54.88,-54.46,-59.02,-54.18,-55.60,2026-06-21 13:06:04+00:00
2026-06-21T13:07:04+00:00,-45.45,-55.96,-63.64,-62.14,-66.08,-45.65,-48.42,-51.66,-46.86,-44.88,-45.49,-64.30,-54.60,-54.69,-58.81,-54.59,-55.00,2026-06-21 13:07:04+00:00
2026-06-21T13:08:03+00:00,-46.03,-56.05,-63.82,-62.29,-66.14,-45.94,-48.59,-51.83,-47.77,-44.85,-45.58,-63.35,-54.71,-54.74,-58.51,-54.09,-55.80,2026-06-21 13:08:03+00:00
2026-06-21T13:09:03+00:00,-45.60,-56.26,-63.87,-62.19,-66.50,-45.91,-48.60,-51.96,-47.44,-44.87,-45.47,-64.73,-55.00,-54.97,-58.81,-53.75,-54.90,2026-06-21 13:09:03+00:00
2026-06-21T13:10:04+00:00,-45.68,-56.06,-64.26,-62.23,-65.68,-45.75,-48.36,-52.08,-47.57,-44.74,-45.27,-64.83,-54.94,-55.30,-58.48,-53.45,-55.73,2026-06-21 13:10:04+00:00
2026-06-21T13:11:04+00:00,-45.47,-55.94,-64.13,-61.89,-66.44,-45.70,-48.48,-52.00,-46.70,-44.76,-45.38,-64.39,-54.91,-55.56,-58.62,-52.76,-55.24,2026-06-21 13:11:04+00:00
2026-06-21T13:12:03+00:00,-46.08,-56.15,-63.99,-62.28,-65.37,-45.75,-47.98,-51.98,-46.82,-44.70,-45.42,-64.33,-54.64,-55.71,-58.98,-52.75,-55.54,2026-06-21 13:12:03+00:00
2026-06-21T13:13:03+00:00,-45.83,-56.32,-63.61,-61.96,-66.15,-45.74,-48.22,-52.03,-46.81,-44.66,-45.39,-64.20,-54.77,-55.61,-58.71,-52.24,-55.17,2026-06-21 13:13:03+00:00
2026-06-21T13:14:03+00:00,-45.91,-56.44,-64.21,-62.14,-66.62,-45.67,-48.25,-52.11,-46.83,-44.75,-45.33,-64.21,-54.40,-56.00,-58.96,-52.13,-55.41,2026-06-21 13:14:03+00:00
2026-06-21T13:15:04+00:00,-45.99,-55.88,-63.26,-62.19,-66.62,-45.95,-48.33,-51.98,-46.64,-44.59,-45.21,-63.46,-54.26,-56.36,-58.79,-51.75,-54.98,2026-06-21 13:15:04+00:00
2026-06-21T13:16:04+00:00,-45.92,-56.28,-64.50,-62.56,-66.04,-46.00,-48.51,-52.35,-46.94,-44.63,-45.19,-64.53,-54.43,-56.64,-58.70,-51.27,-55.48,2026-06-21 13:16:04+00:00
2026-06-21T13:17:03+00:00,-45.78,-56.32,-63.59,-62.40,-65.73,-45.92,-48.43,-52.28,-47.55,-44.74,-45.39,-63.86,-54.82,-56.51,-58.90,-51.08,-55.47,2026-06-21 13:17:03+00:00
2026-06-21T13:18:03+00:00,-45.91,-56.72,-64.13,-62.34,-66.51,-45.77,-48.38,-52.37,-46.97,-44.55,-45.15,-64.79,-54.46,-56.43,-58.27,-51.56,-55.37,2026-06-21 13:18:03+00:00
2026-06-21T13:19:03+00:00,-45.79,-56.19,-64.25,-61.95,-66.61,-45.83,-48.59,-52.39,-47.23,-44.65,-45.34,-65.02,-54.25,-56.63,-58.39,-51.70,-55.62,2026-06-21 13:19:03+00:00
2026-06-21T13:20:04+00:00,-45.81,-56.96,-63.39,-61.67,-65.45,-45.96,-48.30,-52.42,-46.86,-44.60,-45.44,-64.30,-54.66,-56.44,-58.64,-50.96,-54.27,2026-06-21 13:20:04+00:00
2026-06-21T13:21:04+00:00,-46.04,-56.62,-63.80,-62.19,-65.82,-45.84,-48.22,-52.42,-47.80,-44.58,-45.10,-64.88,-54.57,-56.33,-58.35,-51.29,-55.51,2026-06-21 13:21:04+00:00
2026-06-21T13:22:03+00:00,-46.32,-56.40,-63.93,-61.87,-66.54,-45.76,-48.34,-52.34,-46.95,-44.52,-44.92,-64.90,-54.66,-56.42,-58.39,-51.00,-55.42,2026-06-21 13:22:03+00:00
2026-06-21T13:23:03+00:00,-46.01,-56.37,-63.49,-61.87,-65.71,-46.13,-48.46,-52.31,-47.06,-44.44,-45.03,-64.61,-54.82,-56.07,-58.46,-50.57,-55.55,2026-06-21 13:23:03+00:00
2026-06-21T13:24:03+00:00,-45.62,-56.42,-63.85,-61.98,-66.40,-46.37,-48.54,-52.24,-48.12,-44.33,-44.41,-64.80,-53.95,-56.11,-58.35,-50.50,-54.61,2026-06-21 13:24:03+00:00
2026-06-21T13:25:04+00:00,-46.13,-56.28,-64.40,-62.29,-65.27,-46.00,-48.31,-52.35,-46.96,-44.03,-44.56,-65.69,-54.74,-56.04,-58.99,-50.20,-55.52,2026-06-21 13:25:04+00:00
2026-06-21T13:26:04+00:00,-46.27,-56.50,-64.30,-62.21,-66.41,-46.08,-48.41,-52.28,-47.96,-43.65,-44.63,-65.30,-54.58,-55.75,-58.85,-49.87,-55.30,2026-06-21 13:26:04+00:00
2026-06-21T13:27:04+00:00,-46.20,-56.80,-63.65,-62.16,-66.67,-46.20,-48.43,-52.13,-48.78,-43.52,-44.32,-65.04,-54.60,-55.82,-58.31,-49.53,-55.26,2026-06-21 13:27:04+00:00
2026-06-21T13:28:03+00:00,-45.92,-56.59,-64.35,-62.31,-65.82,-46.25,-48.13,-52.29,-47.59,-43.43,-44.43,-66.19,-55.03,-55.92,-58.39,-49.48,-55.52,2026-06-21 13:28:03+00:00
2026-06-21T13:29:03+00:00,-46.23,-56.18,-63.32,-62.02,-65.79,-46.03,-48.19,-52.25,-47.65,-43.38,-44.68,-65.25,-54.95,-55.70,-57.91,-49.09,-55.27,2026-06-21 13:29:03+00:00
2026-06-21T13:30:04+00:00,-46.01,-56.57,-63.84,-62.01,-66.40,-46.28,-48.09,-52.40,-47.73,-43.52,-44.68,-65.59,-55.24,-55.71,-58.41,-48.82,-55.20,2026-06-21 13:30:04+00:00
2026-06-21T13:31:04+00:00,-45.84,-56.47,-64.22,-62.19,-66.48,-45.99,-48.32,-52.35,-47.66,-43.72,-44.80,-65.56,-54.35,-55.73,-58.67,-48.74,-55.44,2026-06-21 13:31:04+00:00
2026-06-21T13:32:04+00:00,-46.26,-56.00,-63.88,-62.02,-67.08,-46.21,-48.27,-52.21,-47.71,-43.75,-44.74,-65.73,-55.34,-55.80,-58.79,-48.34,-54.50,2026-06-21 13:32:04+00:00
2026-06-21T13:33:04+00:00,-46.16,-55.94,-64.12,-62.15,-65.62,-46.23,-48.61,-52.32,-48.06,-43.43,-44.71,-65.37,-54.51,-55.93,-58.43,-47.95,-54.37,2026-06-21 13:33:04+00:00
2026-06-21T13:34:03+00:00,-46.10,-56.04,-64.62,-62.56,-65.40,-46.22,-48.96,-52.25,-48.07,-43.47,-44.70,-66.36,-55.29,-55.88,-58.69,-47.64,-55.47,2026-06-21 13:34:03+00:00
2026-06-21T13:35:03+00:00,-46.29,-56.58,-63.16,-61.94,-65.82,-46.12,-48.63,-52.24,-47.45,-43.57,-44.65,-64.88,-55.66,-56.47,-58.52,-47.65,-54.62,2026-06-21 13:35:03+00:00
2026-06-21T13:36:04+00:00,-46.68,-56.37,-64.32,-62.38,-65.93,-46.22,-48.73,-52.41,-47.73,-43.65,-44.82,-65.64,-55.34,-56.27,-58.47,-47.62,-55.21,2026-06-21 13:36:04+00:00
2026-06-21T13:37:03+00:00,-46.54,-55.83,-64.29,-62.65,-66.81,-46.47,-49.03,-52.33,-48.00,-43.65,-44.81,-66.03,-55.65,-56.43,-58.77,-47.46,-54.41,2026-06-21 13:37:03+00:00
2026-06-21T13:38:03+00:00,-46.35,-56.21,-63.56,-62.15,-66.46,-46.23,-48.52,-52.31,-47.42,-43.68,-44.72,-65.29,-55.42,-56.50,-58.74,-47.81,-55.44,2026-06-21 13:38:03+00:00
2026-06-21T13:39:04+00:00,-46.62,-56.24,-64.56,-62.32,-65.77,-46.22,-48.31,-52.47,-48.37,-43.42,-44.64,-65.91,-55.64,-56.76,-58.83,-47.17,-55.55,2026-06-21 13:39:04+00:00
2026-06-21T13:40:03+00:00,-46.75,-57.17,-64.24,-62.17,-66.42,-46.38,-48.62,-52.41,-48.72,-43.50,-44.78,-66.35,-55.84,-57.20,-58.37,-47.17,-55.41,2026-06-21 13:40:03+00:00
2026-06-21T13:41:03+00:00,-46.62,-56.64,-63.97,-62.03,-65.63,-46.30,-48.71,-52.39,-47.20,-43.42,-44.82,-64.93,-55.60,-57.13,-58.23,-47.00,-54.59,2026-06-21 13:41:03+00:00
2026-06-21T13:42:04+00:00,-46.67,-55.87,-62.78,-62.04,-66.59,-46.27,-48.33,-52.40,-47.13,-43.45,-44.73,-62.62,-55.69,-57.32,-58.05,-47.10,-54.37,2026-06-21 13:42:04+00:00
2026-06-21T13:43:04+00:00,-46.53,-57.04,-64.05,-62.12,-65.56,-46.22,-48.75,-52.40,-46.86,-43.74,-44.89,-65.76,-56.07,-56.94,-57.98,-47.06,-55.18,2026-06-21 13:43:04+00:00
2026-06-21T13:44:04+00:00,-46.71,-55.93,-64.42,-62.25,-66.23,-46.33,-48.68,-52.33,-47.12,-43.73,-44.81,-66.11,-55.01,-56.88,-58.57,-46.90,-54.46,2026-06-21 13:44:04+00:00
2026-06-21T13:45:03+00:00,-46.84,-56.61,-64.43,-62.53,-65.75,-46.65,-48.46,-52.20,-46.98,-43.53,-44.85,-66.49,-55.04,-57.04,-58.70,-47.14,-54.31,2026-06-21 13:45:03+00:00
2026-06-21T13:46:04+00:00,-46.80,-56.63,-63.66,-62.22,-65.66,-46.48,-48.51,-51.61,-47.44,-43.68,-44.80,-65.49,-55.77,-57.00,-58.74,-47.11,-55.27,2026-06-21 13:46:04+00:00
2026-06-21T13:47:04+00:00,-46.60,-56.32,-63.89,-62.08,-66.89,-46.46,-48.65,-51.75,-46.96,-43.84,-44.75,-65.63,-55.88,-56.82,-58.46,-47.00,-55.23,2026-06-21 13:47:04+00:00
2026-06-21T13:48:03+00:00,-46.10,-56.42,-64.36,-61.94,-66.75,-46.53,-48.78,-51.71,-46.90,-43.57,-44.63,-65.92,-55.84,-56.85,-58.56,-47.06,-55.48,2026-06-21 13:48:03+00:00
2026-06-21T13:49:03+00:00,-46.19,-57.42,-64.34,-62.32,-66.35,-46.49,-48.78,-51.63,-47.37,-43.67,-44.61,-65.51,-55.99,-56.47,-58.86,-46.63,-54.50,2026-06-21 13:49:03+00:00
2026-06-21T13:50:04+00:00,-46.82,-57.17,-63.64,-62.09,-65.81,-46.53,-48.49,-51.65,-47.62,-43.77,-44.64,-65.02,-55.71,-56.42,-58.83,-46.85,-54.56,2026-06-21 13:50:04+00:00
2026-06-21T13:51:04+00:00,-46.76,-56.98,-63.55,-62.20,-66.25,-46.47,-48.44,-51.63,-46.93,-43.81,-44.62,-65.38,-55.88,-56.34,-58.49,-46.79,-55.24,2026-06-21 13:51:04+00:00
2026-06-21T13:52:03+00:00,-46.66,-56.99,-64.09,-62.03,-66.01,-46.70,-48.42,-51.69,-47.75,-43.72,-44.63,-65.86,-56.02,-56.43,-58.78,-46.68,-51.77,2026-06-21 13:52:03+00:00
2026-06-21T13:53:03+00:00,-46.49,-56.72,-63.92,-62.25,-66.40,-46.58,-48.62,-51.60,-48.17,-43.88,-44.62,-64.74,-55.59,-55.76,-58.94,-47.19,-53.04,2026-06-21 13:53:03+00:00
2026-06-21T13:54:04+00:00,-46.43,-57.04,-64.14,-61.91,-66.50,-46.45,-48.32,-51.59,-48.52,-43.93,-44.55,-65.64,-55.32,-56.22,-58.86,-46.98,-53.02,2026-06-21 13:54:04+00:00
2026-06-21T13:55:04+00:00,-46.53,-56.26,-63.67,-62.36,-65.57,-46.54,-48.73,-51.56,-47.86,-43.80,-44.70,-63.61,-55.74,-56.16,-58.68,-47.06,-54.43,2026-06-21 13:55:04+00:00
2026-06-21T13:56:03+00:00,-46.48,-56.56,-64.61,-62.16,-65.86,-46.61,-48.55,-51.78,-47.45,-44.02,-44.73,-66.90,-55.01,-56.14,-58.86,-47.19,-53.01,2026-06-21 13:56:03+00:00
2026-06-21T13:57:03+00:00,-46.46,-56.67,-63.81,-62.06,-66.13,-46.74,-48.95,-51.68,-47.70,-43.93,-44.67,-65.22,-54.70,-55.94,-58.47,-47.42,-54.46,2026-06-21 13:57:03+00:00
2026-06-21T13:58:04+00:00,-46.52,-56.70,-63.92,-62.26,-66.59,-46.66,-48.79,-51.63,-47.89,-44.15,-44.60,-65.72,-55.51,-56.12,-58.68,-47.36,-52.97,2026-06-21 13:58:04+00:00
2026-06-21T13:59:04+00:00,-46.28,-56.80,-64.25,-62.36,-66.02,-46.58,-48.77,-51.76,-47.88,-44.06,-44.64,-66.23,-54.96,-56.13,-58.36,-47.83,-52.96,2026-06-21 13:59:04+00:00
2026-06-21T14:00:03+00:00,-46.25,-56.79,-64.28,-62.22,-66.06,-46.61,-48.49,-51.76,-47.70,-43.97,-44.50,-66.07,-55.09,-56.44,-59.08,-47.74,-54.31,2026-06-21 14:00:03+00:00
2026-06-21T14:01:04+00:00,-46.60,-57.03,-64.47,-62.14,-66.92,-46.56,-48.82,-51.82,-48.06,-44.07,-44.56,-66.06,-55.06,-56.21,-59.18,-47.76,-52.24,2026-06-21 14:01:04+00:00
2026-06-21T14:02:04+00:00,-46.62,-56.76,-64.11,-62.14,-66.57,-46.60,-48.63,-51.79,-47.72,-44.13,-44.70,-65.38,-55.18,-56.41,-59.07,-47.65,-52.89,2026-06-21 14:02:04+00:00
2026-06-21T14:03:03+00:00,-46.41,-56.57,-63.21,-62.13,-66.03,-46.35,-48.87,-51.75,-48.48,-43.97,-44.68,-65.13,-54.78,-56.62,-58.54,-47.71,-53.12,2026-06-21 14:03:03+00:00
2026-06-21T14:04:03+00:00,-46.58,-56.39,-64.37,-62.19,-66.13,-46.55,-48.63,-51.76,-47.75,-44.07,-44.76,-66.34,-54.81,-56.60,-58.79,-47.61,-55.52,2026-06-21 14:04:03+00:00
2026-06-21T14:05:03+00:00,-46.62,-56.24,-63.80,-62.45,-65.85,-46.57,-48.69,-51.70,-47.82,-43.86,-44.48,-65.66,-54.87,-56.28,-59.01,-47.73,-52.99,2026-06-21 14:05:03+00:00
2026-06-21T14:06:03+00:00,-46.56,-56.46,-63.56,-62.41,-66.21,-46.63,-48.61,-51.65,-48.24,-44.08,-44.56,-66.15,-55.08,-56.65,-59.30,-47.54,-51.53,2026-06-21 14:06:03+00:00
2026-06-21T14:07:04+00:00,-46.67,-56.13,-63.92,-62.45,-66.53,-46.77,-48.82,-51.67,-47.93,-44.15,-44.60,-65.74,-55.03,-56.56,-58.91,-47.73,-52.77,2026-06-21 14:07:04+00:00
2026-06-21T14:08:04+00:00,-46.52,-56.31,-63.98,-62.54,-65.55,-46.61,-48.47,-51.67,-47.47,-43.97,-44.53,-65.74,-54.84,-56.71,-58.51,-47.37,-51.73,2026-06-21 14:08:04+00:00
2026-06-21T14:09:04+00:00,-46.45,-56.75,-63.86,-62.40,-66.34,-46.78,-48.76,-51.68,-47.35,-44.29,-44.43,-66.08,-55.05,-56.29,-58.18,-47.25,-54.33,2026-06-21 14:09:04+00:00
2026-06-21T14:10:03+00:00,-46.64,-56.62,-63.90,-61.98,-66.18,-46.72,-48.80,-51.63,-47.34,-44.18,-44.49,-66.05,-54.85,-56.99,-58.29,-47.07,-54.04,2026-06-21 14:10:03+00:00
2026-06-21T14:11:04+00:00,-46.55,-56.47,-63.65,-62.22,-65.76,-46.70,-48.51,-51.70,-47.82,-44.18,-44.41,-65.19,-54.92,-56.99,-58.59,-47.39,-53.02,2026-06-21 14:11:04+00:00
2026-06-21T14:12:04+00:00,-46.70,-56.41,-64.00,-62.26,-66.83,-46.63,-48.68,-51.71,-47.90,-44.37,-44.43,-65.77,-55.22,-57.52,-58.81,-47.19,-54.22,2026-06-21 14:12:04+00:00
2026-06-21T14:13:04+00:00,-46.42,-56.21,-63.73,-62.28,-65.72,-46.84,-48.71,-51.70,-47.80,-44.16,-44.46,-65.70,-55.10,-57.60,-58.99,-47.25,-55.16,2026-06-21 14:13:04+00:00
2026-06-21T14:14:03+00:00,-46.94,-56.17,-63.76,-62.23,-66.25,-46.71,-48.81,-51.51,-47.26,-44.28,-44.51,-65.64,-54.99,-58.01,-58.43,-46.85,-54.89,2026-06-21 14:14:03+00:00
2026-06-21T14:15:03+00:00,-46.98,-56.53,-64.18,-62.04,-66.66,-46.49,-48.91,-51.75,-47.43,-43.90,-44.48,-66.22,-55.04,-58.78,-58.75,-46.66,-54.81,2026-06-21 14:15:03+00:00
2026-06-21T14:16:03+00:00,-46.68,-56.79,-64.04,-62.25,-66.79,-46.81,-48.79,-51.68,-47.68,-43.83,-44.53,-65.84,-55.19,-59.28,-58.83,-46.81,-54.29,2026-06-21 14:16:03+00:00
2026-06-21T14:17:04+00:00,-46.50,-56.37,-62.65,-62.29,-66.98,-46.68,-49.06,-51.69,-48.05,-43.84,-44.45,-64.39,-54.97,-59.56,-58.55,-46.80,-54.20,2026-06-21 14:17:04+00:00
2026-06-21T14:18:04+00:00,-46.67,-57.04,-64.23,-62.48,-65.82,-46.85,-48.59,-51.80,-48.02,-43.87,-44.59,-66.08,-55.16,-60.25,-58.79,-46.66,-54.93,2026-06-21 14:18:04+00:00
2026-06-21T14:19:03+00:00,-46.39,-56.70,-63.66,-62.38,-66.26,-46.55,-48.33,-51.81,-47.73,-43.82,-44.43,-64.90,-54.86,-60.35,-59.07,-46.54,-55.13,2026-06-21 14:19:03+00:00
2026-06-21T14:20:03+00:00,-46.82,-56.97,-64.23,-62.36,-66.74,-46.70,-49.08,-51.90,-47.74,-43.79,-44.46,-65.75,-55.03,-60.91,-58.81,-46.61,-55.38,2026-06-21 14:20:03+00:00
2026-06-21T14:21:04+00:00,-46.22,-56.74,-63.64,-62.54,-66.63,-46.82,-48.24,-51.89,-48.34,-43.69,-44.52,-65.40,-55.06,-61.11,-58.11,-46.44,-55.57,2026-06-21 14:21:04+00:00
2026-06-21T14:22:04+00:00,-46.13,-57.15,-63.59,-62.33,-66.24,-46.82,-48.83,-51.86,-47.87,-43.68,-44.55,-64.33,-54.80,-61.21,-58.66,-46.08,-54.52,2026-06-21 14:22:04+00:00
2026-06-21T14:23:03+00:00,-46.37,-57.03,-63.39,-61.74,-65.83,-46.57,-48.81,-52.03,-47.47,-43.81,-44.56,-64.54,-54.62,-61.94,-58.63,-46.09,-55.24,2026-06-21 14:23:03+00:00
2026-06-21T14:24:03+00:00,-46.48,-56.64,-63.74,-62.06,-67.15,-46.93,-48.62,-51.98,-47.16,-43.84,-44.62,-64.52,-55.18,-62.36,-58.81,-46.09,-55.12,2026-06-21 14:24:03+00:00
2026-06-21T14:25:04+00:00,-45.87,-56.97,-62.75,-62.53,-66.57,-46.82,-48.38,-52.01,-47.80,-43.68,-44.50,-63.20,-54.91,-62.48,-58.61,-45.94,-54.29,2026-06-21 14:25:04+00:00
2026-06-21T14:26:04+00:00,-46.12,-56.63,-63.58,-62.27,-66.67,-46.82,-48.81,-52.00,-47.90,-43.60,-44.55,-65.01,-54.57,-62.55,-58.63,-45.69,-55.01,2026-06-21 14:26:04+00:00
2026-06-21T14:27:03+00:00,-46.42,-57.54,-64.15,-62.17,-66.16,-46.85,-48.65,-52.00,-47.73,-43.81,-44.51,-65.72,-54.68,-63.07,-58.61,-45.49,-54.64,2026-06-21 14:27:03+00:00
2026-06-21T14:28:03+00:00,-46.24,-57.31,-63.75,-62.18,-66.21,-46.63,-48.81,-51.94,-47.90,-43.79,-44.45,-65.52,-54.95,-62.93,-58.91,-45.76,-55.44,2026-06-21 14:28:03+00:00
2026-06-21T14:29:04+00:00,-46.62,-57.17,-63.25,-62.36,-66.71,-46.69,-48.83,-51.94,-47.89,-43.86,-44.39,-64.44,-54.90,-62.93,-59.07,-45.60,-53.87,2026-06-21 14:29:04+00:00
2026-06-21T14:30:04+00:00,-46.45,-58.20,-64.63,-62.14,-66.06,-46.63,-48.77,-51.81,-47.63,-44.01,-44.32,-66.42,-54.86,-63.08,-59.00,-45.88,-53.90,2026-06-21 14:30:04+00:00
2026-06-21T14:31:04+00:00,-46.71,-57.49,-63.76,-62.09,-66.68,-46.88,-48.45,-52.02,-47.95,-43.91,-44.24,-65.79,-54.86,-63.27,-58.67,-45.72,-55.32,2026-06-21 14:31:04+00:00
2026-06-21T14:32:03+00:00,-46.30,-57.82,-64.22,-62.25,-66.54,-46.71,-49.19,-51.99,-47.60,-44.13,-44.27,-66.22,-54.95,-63.55,-58.69,-45.66,-54.41,2026-06-21 14:32:03+00:00
2026-06-21T14:33:03+00:00,-46.78,-58.16,-63.80,-61.95,-65.87,-46.69,-48.41,-51.98,-47.02,-43.76,-44.32,-65.75,-54.82,-63.63,-59.28,-45.77,-55.26,2026-06-21 14:33:03+00:00
2026-06-21T14:34:04+00:00,-46.67,-58.30,-64.10,-62.52,-66.84,-46.80,-48.95,-51.98,-47.87,-43.76,-44.21,-65.40,-54.84,-63.61,-59.50,-45.70,-55.25,2026-06-21 14:34:04+00:00
2026-06-21T14:35:04+00:00,-46.83,-57.95,-63.25,-62.05,-66.54,-46.66,-48.59,-51.90,-47.75,-43.88,-44.44,-64.42,-54.61,-63.10,-58.88,-45.78,-55.28,2026-06-21 14:35:04+00:00
2026-06-21T14:36:03+00:00,-46.77,-56.86,-63.57,-62.29,-65.77,-46.71,-48.82,-51.77,-47.51,-42.98,-43.49,-65.35,-54.51,-63.68,-58.59,-45.62,-54.62,2026-06-21 14:36:03+00:00
2026-06-21T14:37:04+00:00,-46.62,-57.39,-63.92,-62.19,-66.54,-46.72,-48.57,-51.81,-47.67,-43.07,-43.49,-66.33,-54.57,-64.15,-58.31,-45.74,-54.83,2026-06-21 14:37:04+00:00
2026-06-21T14:38:04+00:00,-46.82,-57.43,-63.32,-62.20,-65.44,-46.72,-48.55,-51.82,-47.25,-43.14,-43.44,-65.58,-54.57,-63.69,-58.94,-45.70,-54.23,2026-06-21 14:38:04+00:00
2026-06-21T14:39:03+00:00,-47.25,-56.57,-64.14,-62.45,-66.48,-46.71,-48.56,-51.70,-48.65,-43.11,-43.95,-66.31,-54.97,-64.45,-58.51,-46.03,-55.53,2026-06-21 14:39:03+00:00
2026-06-21T14:40:03+00:00,-46.67,-57.20,-63.83,-62.10,-66.60,-46.54,-48.60,-51.71,-47.97,-43.32,-43.69,-65.08,-54.60,-64.36,-58.66,-46.20,-54.51,2026-06-21 14:40:03+00:00
2026-06-21T14:41:04+00:00,-46.00,-57.57,-63.57,-62.45,-65.26,-46.58,-48.64,-51.73,-48.14,-43.23,-43.65,-65.67,-54.67,-64.20,-57.85,-46.30,-54.26,2026-06-21 14:41:04+00:00
2026-06-21T14:42:03+00:00,-46.06,-57.65,-63.51,-62.18,-66.08,-46.28,-48.86,-51.80,-48.26,-43.61,-43.65,-65.35,-54.41,-64.67,-58.62,-46.04,-54.45,2026-06-21 14:42:03+00:00
2026-06-21T14:43:03+00:00,-46.73,-57.23,-62.98,-62.48,-65.81,-46.18,-48.47,-51.83,-48.08,-43.64,-43.52,-63.30,-54.30,-63.89,-58.91,-45.81,-55.54,2026-06-21 14:43:03+00:00
2026-06-21T14:44:03+00:00,-46.79,-57.37,-64.08,-62.42,-67.47,-46.32,-48.91,-51.88,-48.01,-43.38,-43.30,-63.92,-54.50,-64.35,-58.61,-46.08,-54.37,2026-06-21 14:44:03+00:00
2026-06-21T14:45:04+00:00,-46.50,-57.01,-63.61,-62.24,-66.46,-46.30,-48.91,-51.85,-48.25,-43.45,-43.47,-63.68,-54.49,-63.41,-58.95,-46.32,-54.27,2026-06-21 14:45:04+00:00
2026-06-21T14:46:04+00:00,-46.61,-57.16,-64.05,-62.34,-66.40,-46.23,-48.54,-51.78,-47.86,-43.62,-43.40,-65.09,-54.53,-62.95,-58.47,-46.49,-55.42,2026-06-21 14:46:04+00:00
2026-06-21T14:47:03+00:00,-46.93,-57.05,-64.41,-62.44,-67.41,-46.47,-48.89,-52.26,-48.59,-43.65,-43.49,-65.94,-54.63,-62.67,-58.94,-46.59,-55.31,2026-06-21 14:47:03+00:00
2026-06-21T14:48:03+00:00,-46.46,-57.34,-63.57,-61.92,-66.53,-46.38,-48.73,-52.23,-48.47,-43.44,-43.54,-64.81,-54.60,-61.62,-59.17,-46.92,-54.66,2026-06-21 14:48:03+00:00
2026-06-21T14:49:04+00:00,-46.42,-57.21,-63.62,-62.17,-66.80,-46.41,-48.78,-52.25,-48.68,-43.59,-43.16,-65.01,-54.60,-60.85,-58.83,-46.86,-54.52,2026-06-21 14:49:04+00:00
2026-06-21T14:50:04+00:00,-47.08,-57.61,-64.03,-61.90,-66.72,-46.15,-48.71,-52.39,-47.71,-42.76,-42.47,-64.78,-54.93,-60.16,-58.41,-47.28,-54.35,2026-06-21 14:50:04+00:00
2026-06-21T14:51:04+00:00,-46.82,-57.18,-63.61,-61.94,-65.99,-46.56,-48.84,-52.25,-47.14,-42.69,-42.32,-63.93,-54.61,-59.53,-58.60,-47.41,-55.36,2026-06-21 14:51:04+00:00
2026-06-21T14:52:03+00:00,-46.97,-57.68,-63.44,-61.87,-66.26,-46.21,-48.80,-52.28,-47.48,-42.58,-42.44,-63.18,-54.60,-58.88,-58.53,-47.41,-54.67,2026-06-21 14:52:03+00:00
2026-06-21T14:53:03+00:00,-47.07,-57.84,-63.52,-61.97,-66.04,-46.19,-48.53,-52.01,-47.18,-42.14,-42.25,-63.68,-54.66,-58.47,-53.45,-47.59,-55.21,2026-06-21 14:53:03+00:00
2026-06-21T14:54:03+00:00,-46.97,-58.08,-64.01,-62.19,-65.69,-46.14,-49.24,-52.09,-47.58,-42.07,-41.91,-64.25,-54.84,-58.21,-54.42,-47.77,-54.64,2026-06-21 14:54:03+00:00
2026-06-21T14:55:04+00:00,-47.10,-57.89,-63.86,-61.85,-65.98,-46.48,-48.65,-52.10,-47.60,-43.12,-43.53,-64.15,-54.76,-57.49,-58.71,-47.84,-55.58,2026-06-21 14:55:04+00:00
2026-06-21T14:56:04+00:00,-46.58,-57.19,-63.54,-62.18,-66.05,-46.61,-48.85,-52.16,-47.87,-43.13,-44.09,-64.18,-54.90,-57.67,-58.52,-48.20,-55.95,2026-06-21 14:56:04+00:00
2026-06-21T14:57:03+00:00,-46.65,-57.46,-63.87,-62.37,-66.68,-46.29,-48.81,-52.05,-47.36,-43.15,-43.76,-64.12,-54.93,-57.33,-58.78,-48.08,-54.73,2026-06-21 14:57:03+00:00
2026-06-21T14:58:03+00:00,-46.83,-57.86,-63.92,-62.29,-65.02,-46.33,-48.88,-52.12,-48.52,-43.08,-43.52,-63.88,-54.92,-57.06,-58.65,-47.94,-54.30,2026-06-21 14:58:03+00:00
2026-06-21T14:59:04+00:00,-46.55,-57.66,-63.64,-62.25,-67.44,-46.46,-48.50,-52.06,-47.95,-43.08,-43.56,-63.82,-54.97,-56.57,-58.60,-47.90,-55.72,2026-06-21 14:59:04+00:00
2026-06-21T15:00:04+00:00,-46.57,-58.16,-64.06,-62.53,-65.95,-46.41,-48.70,-52.20,-47.20,-43.12,-43.58,-64.15,-55.23,-56.30,-58.43,-47.95,-54.76,2026-06-21 15:00:04+00:00
2026-06-21T15:01:04+00:00,-46.73,-57.70,-64.06,-62.32,-65.73,-46.63,-48.77,-52.16,-47.83,-43.16,-43.70,-64.01,-54.87,-55.91,-58.98,-48.42,-55.61,2026-06-21 15:01:04+00:00
2026-06-21T15:02:03+00:00,-46.60,-57.93,-64.11,-61.95,-66.05,-46.52,-48.58,-52.29,-47.77,-43.21,-43.77,-63.71,-55.00,-55.44,-59.03,-48.19,-55.53,2026-06-21 15:02:03+00:00
2026-06-21T15:03:03+00:00,-46.33,-57.95,-63.63,-62.14,-66.25,-46.66,-48.66,-52.26,-47.48,-43.25,-43.75,-60.83,-54.45,-54.95,-59.18,-47.93,-55.22,2026-06-21 15:03:03+00:00
2026-06-21T15:04:04+00:00,-46.34,-57.83,-64.23,-62.16,-66.85,-46.66,-48.90,-52.32,-47.54,-43.30,-44.03,-63.94,-50.47,-54.97,-58.91,-47.98,-55.52,2026-06-21 15:04:04+00:00
2026-06-21T15:05:04+00:00,-46.52,-57.61,-63.76,-62.08,-66.51,-46.66,-48.69,-52.28,-47.72,-43.44,-44.16,-63.04,-49.87,-54.44,-58.73,-47.92,-55.39,2026-06-21 15:05:04+00:00
2026-06-21T15:06:04+00:00,-46.71,-58.86,-64.73,-62.44,-66.09,-46.67,-49.13,-52.41,-49.02,-43.71,-44.26,-60.73,-49.58,-54.45,-58.69,-47.62,-55.56,2026-06-21 15:06:04+00:00
2026-06-21T15:07:04+00:00,-46.05,-58.27,-65.11,-62.37,-66.87,-46.64,-48.68,-52.43,-47.36,-43.72,-44.45,-63.99,-50.26,-54.49,-58.59,-47.70,-55.26,2026-06-21 15:07:04+00:00
2026-06-21T15:08:03+00:00,-45.68,-58.25,-63.60,-62.60,-66.89,-46.62,-48.86,-52.30,-48.17,-43.55,-44.65,-62.95,-50.83,-54.19,-58.50,-47.77,-55.52,2026-06-21 15:08:03+00:00
2026-06-21T15:09:04+00:00,-46.16,-57.71,-61.85,-61.90,-65.35,-46.76,-48.66,-52.15,-47.12,-43.77,-44.68,-61.92,-51.58,-54.13,-58.16,-47.24,-55.00,2026-06-21 15:09:04+00:00
2026-06-21T15:10:04+00:00,-46.12,-57.58,-62.39,-62.20,-66.94,-46.87,-48.79,-52.36,-47.74,-43.56,-44.85,-63.69,-53.24,-53.98,-58.23,-47.26,-55.36,2026-06-21 15:10:04+00:00
2026-06-21T15:11:03+00:00,-46.18,-57.35,-63.27,-62.38,-65.90,-46.70,-48.95,-52.26,-47.29,-43.70,-44.84,-64.34,-51.58,-54.10,-58.67,-47.18,-55.65,2026-06-21 15:11:03+00:00
2026-06-21T15:12:03+00:00,-45.73,-57.74,-63.13,-62.42,-66.76,-46.67,-48.32,-52.39,-47.05,-43.74,-44.98,-64.48,-51.42,-54.15,-58.32,-46.96,-55.63,2026-06-21 15:12:03+00:00
2026-06-21T15:13:04+00:00,-46.03,-58.09,-63.06,-62.31,-66.50,-46.83,-48.58,-52.37,-47.57,-43.67,-44.95,-64.21,-50.59,-53.81,-58.39,-46.99,-55.40,2026-06-21 15:13:04+00:00
2026-06-21T15:14:04+00:00,-45.95,-57.96,-62.94,-62.74,-66.30,-46.90,-48.58,-52.40,-47.61,-43.61,-44.85,-64.09,-50.54,-54.08,-58.60,-46.90,-55.34,2026-06-21 15:14:04+00:00
2026-06-21T15:15:03+00:00,-46.92,-58.48,-62.52,-62.57,-66.61,-46.72,-48.77,-52.38,-48.50,-43.58,-44.74,-63.14,-52.89,-53.74,-58.12,-46.93,-55.08,2026-06-21 15:15:03+00:00
2026-06-21T15:16:03+00:00,-46.85,-58.57,-62.62,-62.42,-65.82,-46.61,-48.76,-52.12,-48.63,-43.51,-44.92,-62.29,-52.97,-53.71,-58.64,-46.81,-55.13,2026-06-21 15:16:03+00:00
2026-06-21T15:17:04+00:00,-47.35,-58.83,-63.15,-62.08,-66.33,-46.63,-48.97,-52.13,-48.33,-43.79,-44.75,-62.89,-53.03,-53.69,-58.44,-46.53,-55.26,2026-06-21 15:17:04+00:00
2026-06-21T15:18:04+00:00,-47.69,-58.90,-63.73,-62.53,-65.85,-46.70,-48.70,-52.02,-48.83,-43.96,-44.91,-60.33,-52.95,-53.84,-58.51,-46.55,-55.69,2026-06-21 15:18:04+00:00
2026-06-21T15:19:03+00:00,-47.08,-58.49,-63.16,-62.60,-65.62,-47.03,-49.19,-52.01,-48.65,-43.98,-44.89,-62.30,-48.58,-53.67,-58.31,-46.68,-55.22,2026-06-21 15:19:03+00:00
2026-06-21T15:20:03+00:00,-47.12,-57.75,-63.26,-62.00,-65.88,-46.95,-48.97,-52.00,-49.59,-43.86,-44.89,-62.68,-48.72,-53.93,-58.30,-46.79,-55.25,2026-06-21 15:20:03+00:00
2026-06-21T15:21:04+00:00,-47.25,-58.96,-63.85,-62.43,-66.27,-46.80,-48.83,-51.97,-49.63,-43.67,-44.73,-64.74,-48.67,-53.86,-58.57,-46.68,-57.84,2026-06-21 15:21:04+00:00
2026-06-21T15:22:04+00:00,-47.80,-58.91,-63.61,-62.58,-66.13,-46.81,-48.93,-51.98,-50.67,-43.63,-44.80,-64.90,-48.92,-53.83,-58.52,-46.65,-55.18,2026-06-21 15:22:04+00:00
2026-06-21T15:23:03+00:00,-47.66,-58.26,-64.45,-62.41,-65.57,-46.77,-48.77,-51.87,-50.99,-43.70,-44.59,-64.61,-52.45,-53.58,-58.62,-46.79,-55.43,2026-06-21 15:23:03+00:00
2026-06-21T15:24:03+00:00,-46.76,-58.61,-63.85,-62.39,-65.90,-46.61,-48.95,-52.07,-51.32,-43.71,-44.70,-64.58,-52.31,-53.32,-58.45,-46.71,-55.77,2026-06-21 15:24:03+00:00
2026-06-21T15:25:04+00:00,-46.89,-58.83,-63.48,-62.63,-65.72,-46.67,-48.87,-51.97,-50.56,-43.84,-44.51,-64.07,-52.24,-53.47,-58.91,-46.75,-55.49,2026-06-21 15:25:04+00:00
2026-06-21T15:26:04+00:00,-47.58,-58.51,-62.53,-62.50,-66.67,-46.91,-49.03,-52.33,-50.45,-43.84,-44.63,-61.89,-52.16,-53.49,-58.45,-46.97,-55.37,2026-06-21 15:26:04+00:00
2026-06-21T15:27:03+00:00,-47.72,-58.72,-63.31,-62.68,-65.86,-46.77,-48.93,-52.47,-50.52,-43.81,-44.62,-64.07,-48.66,-53.45,-58.34,-46.61,-55.44,2026-06-21 15:27:03+00:00
2026-06-21T15:28:03+00:00,-47.34,-59.27,-63.33,-62.29,-66.15,-46.82,-48.98,-52.45,-50.68,-43.88,-44.29,-64.72,-48.70,-53.28,-58.25,-46.73,-55.31,2026-06-21 15:28:03+00:00
2026-06-21T15:29:04+00:00,-47.48,-58.44,-63.84,-62.35,-65.50,-47.05,-48.71,-52.48,-49.99,-43.73,-44.27,-64.75,-48.79,-53.35,-58.24,-46.22,-55.33,2026-06-21 15:29:04+00:00
2026-06-21T15:30:04+00:00,-47.59,-59.24,-63.82,-62.77,-65.91,-47.00,-49.11,-52.45,-50.40,-44.10,-44.49,-64.69,-52.17,-53.19,-58.85,-46.13,-55.38,2026-06-21 15:30:04+00:00
2026-06-21T15:31:04+00:00,-47.47,-58.91,-63.73,-61.97,-66.56,-46.71,-48.93,-52.45,-51.04,-43.87,-44.37,-63.87,-52.20,-53.14,-58.18,-46.24,-55.55,2026-06-21 15:31:04+00:00
2026-06-21T15:32:03+00:00,-47.23,-59.34,-64.04,-62.30,-66.36,-46.80,-48.81,-52.28,-51.68,-44.11,-44.35,-64.47,-48.68,-53.36,-58.77,-46.17,-55.68,2026-06-21 15:32:03+00:00
2026-06-21T15:33:04+00:00,-47.41,-58.84,-62.80,-61.50,-65.60,-46.50,-48.86,-52.24,-51.27,-44.13,-44.45,-63.61,-48.57,-52.85,-58.30,-46.30,-55.28,2026-06-21 15:33:04+00:00
2026-06-21T15:34:04+00:00,-47.24,-59.05,-63.37,-62.53,-65.72,-46.65,-48.92,-52.37,-52.03,-43.92,-44.38,-63.98,-48.69,-53.12,-58.86,-46.20,-55.63,2026-06-21 15:34:04+00:00
2026-06-21T15:35:03+00:00,-47.06,-59.11,-63.79,-62.54,-66.14,-46.80,-49.02,-52.45,-50.91,-44.03,-44.23,-63.49,-48.72,-52.99,-58.82,-45.95,-55.32,2026-06-21 15:35:03+00:00
2026-06-21T15:36:04+00:00,-47.33,-58.89,-63.79,-62.69,-65.40,-46.63,-49.27,-52.41,-50.35,-44.08,-44.41,-64.22,-48.78,-53.23,-58.83,-46.46,-55.40,2026-06-21 15:36:04+00:00
2026-06-21T15:37:03+00:00,-46.80,-58.98,-63.52,-62.60,-65.82,-46.69,-49.20,-52.30,-52.12,-44.13,-44.30,-64.18,-50.79,-53.51,-58.90,-46.58,-55.12,2026-06-21 15:37:03+00:00
2026-06-21T15:38:04+00:00,-47.49,-58.97,-62.82,-62.01,-67.01,-46.81,-48.98,-52.19,-48.73,-44.27,-44.22,-63.22,-52.02,-53.17,-58.83,-46.26,-55.43,2026-06-21 15:38:04+00:00
2026-06-21T15:39:04+00:00,-47.59,-59.04,-63.55,-62.36,-66.07,-46.49,-49.01,-52.20,-49.71,-44.21,-44.39,-64.11,-52.29,-53.48,-58.55,-46.25,-55.41,2026-06-21 15:39:04+00:00
2026-06-21T15:40:03+00:00,-46.66,-59.28,-63.67,-62.20,-65.98,-46.87,-48.74,-52.14,-47.91,-44.20,-44.21,-64.81,-52.22,-53.45,-58.06,-46.48,-54.98,2026-06-21 15:40:03+00:00
2026-06-21T15:41:03+00:00,-46.98,-59.04,-63.60,-62.25,-67.02,-46.92,-48.88,-52.24,-47.86,-44.21,-44.22,-64.22,-48.48,-53.34,-59.02,-46.44,-55.40,2026-06-21 15:41:03+00:00
2026-06-21T15:42:04+00:00,-46.84,-58.96,-63.64,-62.35,-66.43,-46.75,-48.68,-52.32,-50.84,-44.32,-44.20,-64.38,-48.69,-53.51,-58.52,-46.11,-55.35,2026-06-21 15:42:04+00:00
2026-06-21T15:43:04+00:00,-46.75,-59.15,-63.30,-62.55,-66.60,-46.35,-48.66,-51.85,-48.14,-44.25,-44.19,-63.56,-48.67,-53.26,-58.49,-46.07,-55.23,2026-06-21 15:43:04+00:00
2026-06-21T15:44:03+00:00,-46.61,-59.17,-64.06,-62.43,-66.28,-46.30,-48.57,-52.19,-49.01,-44.18,-44.24,-64.02,-48.88,-53.02,-59.06,-46.09,-55.25,2026-06-21 15:44:03+00:00
2026-06-21T15:45:03+00:00,-47.42,-58.85,-64.12,-62.19,-65.72,-46.20,-48.48,-52.23,-51.30,-44.19,-44.24,-64.01,-48.89,-53.11,-59.11,-46.13,-55.50,2026-06-21 15:45:03+00:00
2026-06-21T15:46:04+00:00,-46.78,-58.80,-63.18,-62.08,-66.29,-46.36,-48.84,-52.26,-50.75,-44.32,-44.16,-63.53,-52.11,-53.22,-58.75,-45.97,-55.40,2026-06-21 15:46:04+00:00
2026-06-21T15:47:04+00:00,-47.48,-58.96,-63.66,-62.29,-66.94,-46.47,-48.64,-52.24,-48.72,-44.14,-44.21,-63.51,-51.84,-53.18,-59.11,-46.02,-55.38,2026-06-21 15:47:04+00:00
2026-06-21T15:48:03+00:00,-46.77,-59.01,-63.72,-62.36,-66.33,-46.35,-49.14,-52.26,-50.94,-44.25,-43.99,-63.30,-51.88,-52.93,-58.50,-45.93,-55.49,2026-06-21 15:48:03+00:00
2026-06-21T15:49:03+00:00,-47.10,-58.94,-63.62,-62.23,-66.50,-46.27,-48.53,-52.14,-48.87,-44.23,-44.00,-63.53,-49.01,-52.88,-58.86,-46.08,-54.63,2026-06-21 15:49:03+00:00
2026-06-21T15:50:04+00:00,-46.91,-59.35,-63.81,-62.09,-66.77,-46.32,-48.58,-52.14,-49.82,-44.19,-44.05,-63.34,-48.58,-52.76,-58.46,-46.45,-55.46,2026-06-21 15:50:04+00:00
2026-06-21T15:51:04+00:00,-46.72,-59.11,-63.45,-62.21,-66.13,-46.24,-48.53,-52.02,-50.46,-44.21,-44.09,-63.22,-48.66,-53.22,-58.96,-46.33,-55.37,2026-06-21 15:51:04+00:00
2026-06-21T15:52:03+00:00,-47.42,-58.92,-63.39,-62.11,-66.12,-46.37,-48.60,-51.89,-50.09,-44.30,-43.94,-63.31,-51.95,-52.76,-58.84,-46.60,-55.49,2026-06-21 15:52:03+00:00
2026-06-21T15:53:03+00:00,-47.35,-58.33,-63.62,-62.22,-66.73,-46.38,-48.51,-52.02,-50.02,-43.96,-43.87,-63.16,-52.00,-52.86,-58.43,-46.57,-55.55,2026-06-21 15:53:03+00:00
2026-06-21T15:54:03+00:00,-47.64,-58.25,-63.71,-62.50,-66.29,-46.30,-48.47,-51.96,-50.07,-44.31,-44.17,-63.73,-48.82,-52.76,-58.81,-46.54,-55.46,2026-06-21 15:54:03+00:00
2026-06-21T15:55:04+00:00,-46.88,-58.73,-63.83,-62.46,-65.10,-46.33,-49.05,-51.87,-49.94,-44.16,-44.08,-63.51,-48.85,-52.66,-58.65,-46.96,-55.42,2026-06-21 15:55:04+00:00
2026-06-21T15:56:04+00:00,-46.95,-58.22,-63.26,-62.33,-66.10,-46.26,-48.93,-51.93,-50.16,-44.11,-44.07,-63.08,-49.02,-52.49,-58.39,-46.72,-55.17,2026-06-21 15:56:04+00:00
2026-06-21T15:57:04+00:00,-48.15,-58.25,-64.02,-62.65,-66.70,-46.61,-48.98,-51.95,-49.94,-44.30,-44.03,-63.64,-52.28,-52.60,-58.46,-46.55,-55.38,2026-06-21 15:57:04+00:00
2026-06-21T15:58:03+00:00,-47.66,-58.67,-63.63,-62.46,-66.74,-46.47,-48.96,-51.89,-49.70,-44.48,-43.95,-63.35,-52.41,-52.70,-58.52,-46.96,-55.24,2026-06-21 15:58:03+00:00
2026-06-21T15:59:03+00:00,-46.75,-58.82,-64.18,-62.44,-65.89,-46.72,-48.76,-51.95,-48.61,-44.17,-43.89,-63.96,-48.88,-52.45,-58.53,-47.12,-55.06,2026-06-21 15:59:03+00:00
2026-06-21T16:00:04+00:00,-46.91,-58.63,-64.34,-62.58,-65.97,-46.54,-48.81,-51.87,-47.89,-44.11,-43.76,-63.98,-48.99,-52.55,-58.95,-47.20,-55.06,2026-06-21 16:00:04+00:00
2026-06-21T16:01:04+00:00,-47.34,-58.49,-63.66,-62.30,-66.10,-46.68,-48.88,-51.80,-47.64,-44.31,-43.77,-63.64,-49.05,-52.57,-58.91,-47.20,-55.04,2026-06-21 16:01:04+00:00
2026-06-21T16:02:04+00:00,-47.04,-59.09,-64.02,-62.38,-65.78,-46.79,-48.59,-52.03,-47.51,-44.30,-43.74,-63.79,-49.39,-52.42,-58.32,-47.22,-55.38,2026-06-21 16:02:04+00:00
2026-06-21T16:03:03+00:00,-47.37,-58.20,-63.59,-62.05,-66.30,-46.51,-48.42,-52.10,-47.87,-44.23,-43.73,-63.39,-52.51,-52.33,-58.60,-47.23,-55.04,2026-06-21 16:03:03+00:00
2026-06-21T16:04:04+00:00,-47.17,-59.00,-64.34,-62.08,-66.11,-46.27,-48.85,-52.11,-46.74,-44.54,-43.86,-63.84,-52.38,-52.25,-58.21,-47.44,-55.22,2026-06-21 16:04:04+00:00
2026-06-21T16:05:04+00:00,-46.76,-58.52,-62.87,-61.55,-65.54,-46.35,-48.69,-51.96,-47.15,-44.10,-43.67,-61.93,-52.54,-52.36,-58.65,-47.14,-54.96,2026-06-21 16:05:04+00:00
2026-06-21T16:06:03+00:00,-47.41,-58.85,-63.89,-62.39,-65.80,-46.75,-49.00,-52.14,-48.28,-44.40,-43.60,-63.60,-49.08,-52.30,-58.90,-47.22,-55.29,2026-06-21 16:06:03+00:00
2026-06-21T16:07:04+00:00,-46.84,-58.24,-64.09,-62.19,-66.26,-46.30,-48.71,-52.11,-48.55,-44.10,-43.68,-63.95,-49.69,-52.29,-58.67,-46.97,-58.39,2026-06-21 16:07:04+00:00
2026-06-21T16:08:04+00:00,-46.73,-58.67,-64.50,-62.18,-65.87,-46.39,-48.95,-51.96,-48.62,-44.30,-43.65,-64.39,-54.41,-52.17,-58.61,-46.85,-54.90,2026-06-21 16:08:04+00:00
2026-06-21T16:09:03+00:00,-46.60,-58.29,-64.26,-62.02,-66.41,-46.41,-49.06,-52.02,-47.61,-44.31,-43.56,-64.98,-54.26,-52.16,-58.34,-47.22,-55.08,2026-06-21 16:09:03+00:00
2026-06-21T16:10:03+00:00,-47.25,-59.01,-64.17,-62.35,-66.34,-46.42,-48.85,-52.07,-47.58,-44.42,-43.40,-65.94,-54.66,-52.11,-58.77,-47.02,-54.91,2026-06-21 16:10:03+00:00
2026-06-21T16:11:04+00:00,-47.42,-58.69,-64.11,-62.34,-65.75,-46.45,-48.91,-52.00,-47.84,-44.35,-43.33,-65.85,-49.89,-52.10,-59.00,-46.91,-55.43,2026-06-21 16:11:04+00:00
2026-06-21T16:12:03+00:00,-46.68,-58.91,-64.60,-62.87,-66.34,-46.23,-48.84,-52.26,-47.49,-44.38,-43.16,-65.86,-49.72,-51.93,-58.91,-46.70,-58.76,2026-06-21 16:12:03+00:00
2026-06-21T16:13:03+00:00,-46.36,-59.24,-64.12,-62.62,-66.68,-46.56,-48.93,-52.16,-47.45,-44.32,-43.19,-65.08,-54.86,-52.05,-58.55,-47.10,-58.80,2026-06-21 16:13:03+00:00
2026-06-21T16:14:04+00:00,-47.00,-59.24,-63.86,-62.18,-65.93,-46.39,-49.02,-51.97,-47.37,-44.43,-43.16,-65.30,-54.06,-51.98,-58.66,-46.87,-58.46,2026-06-21 16:14:04+00:00
2026-06-21T16:15:04+00:00,-46.82,-58.98,-63.84,-62.25,-66.14,-46.34,-48.87,-51.99,-47.54,-44.53,-43.17,-65.07,-54.10,-52.05,-59.03,-46.87,-58.70,2026-06-21 16:15:04+00:00
2026-06-21T16:16:03+00:00,-46.52,-59.38,-64.21,-62.14,-66.51,-46.48,-48.77,-52.01,-47.78,-44.83,-43.08,-65.51,-49.60,-52.25,-58.21,-47.14,-58.36,2026-06-21 16:16:03+00:00
2026-06-21T16:17:03+00:00,-46.79,-58.21,-63.47,-62.52,-65.41,-46.59,-49.07,-51.99,-47.89,-44.65,-43.10,-64.18,-49.30,-51.98,-58.27,-47.06,-58.43,2026-06-21 16:17:03+00:00
2026-06-21T16:18:03+00:00,-47.33,-58.77,-64.53,-62.25,-66.67,-46.67,-49.02,-52.02,-48.03,-44.90,-43.17,-65.67,-49.41,-51.86,-58.22,-46.80,-58.25,2026-06-21 16:18:03+00:00
2026-06-21T16:19:04+00:00,-47.23,-57.97,-63.87,-62.17,-65.75,-46.50,-49.08,-52.05,-48.22,-44.75,-43.06,-65.38,-52.51,-51.58,-58.36,-46.98,-57.92,2026-06-21 16:19:04+00:00
2026-06-21T16:20:04+00:00,-46.37,-59.05,-64.50,-62.24,-65.95,-46.45,-48.95,-52.09,-48.33,-44.94,-43.14,-65.62,-55.11,-51.46,-53.98,-46.42,-57.80,2026-06-21 16:20:04+00:00
2026-06-21T16:21:03+00:00,-46.91,-58.84,-64.78,-62.25,-65.41,-46.46,-49.28,-52.16,-47.81,-44.84,-43.12,-65.96,-49.64,-51.10,-53.75,-46.60,-57.82,2026-06-21 16:21:03+00:00
2026-06-21T16:22:03+00:00,-47.44,-59.43,-64.02,-62.15,-65.86,-46.54,-49.09,-52.13,-47.79,-45.01,-43.05,-65.54,-49.66,-51.17,-58.15,-46.26,-55.64,2026-06-21 16:22:03+00:00
2026-06-21T16:23:04+00:00,-47.44,-58.60,-64.10,-62.65,-65.85,-46.50,-49.13,-52.13,-47.98,-44.98,-43.17,-65.58,-54.24,-50.82,-58.44,-46.08,-55.38,2026-06-21 16:23:04+00:00
2026-06-21T16:24:04+00:00,-47.23,-58.66,-63.99,-62.38,-65.63,-46.52,-49.21,-52.16,-48.07,-44.92,-43.09,-64.63,-54.28,-50.97,-58.09,-45.91,-55.23,2026-06-21 16:24:04+00:00
2026-06-21T16:25:03+00:00,-47.48,-59.00,-63.54,-62.03,-66.30,-46.68,-49.24,-51.90,-48.51,-45.00,-43.23,-63.86,-54.72,-50.95,-58.56,-45.99,-54.73,2026-06-21 16:25:03+00:00
2026-06-21T16:26:03+00:00,-47.39,-59.01,-63.95,-62.36,-65.74,-46.56,-49.43,-51.83,-48.56,-44.62,-43.30,-65.46,-49.67,-50.87,-57.83,-45.77,-54.66,2026-06-21 16:26:03+00:00
2026-06-21T16:27:04+00:00,-47.40,-58.76,-64.38,-62.28,-66.56,-44.84,-49.20,-51.60,-49.06,-44.75,-43.18,-65.65,-49.71,-50.76,-58.38,-45.81,-54.92,2026-06-21 16:27:04+00:00
2026-06-21T16:28:04+00:00,-47.56,-59.26,-63.67,-62.67,-66.40,-44.80,-48.87,-50.89,-48.29,-44.68,-43.22,-65.36,-50.07,-50.35,-58.02,-45.60,-55.55,2026-06-21 16:28:04+00:00
2026-06-21T16:29:03+00:00,-47.69,-58.96,-64.32,-62.49,-66.92,-44.71,-49.49,-50.91,-48.67,-44.73,-43.21,-65.59,-54.24,-50.43,-58.65,-45.79,-54.81,2026-06-21 16:29:03+00:00
2026-06-21T16:30:03+00:00,-46.91,-59.25,-63.86,-62.49,-66.81,-44.89,-49.26,-50.86,-48.89,-44.98,-43.18,-65.65,-54.39,-50.15,-59.01,-45.51,-55.37,2026-06-21 16:30:03+00:00
2026-06-21T16:31:04+00:00,-47.04,-59.09,-64.58,-62.35,-65.91,-45.02,-49.58,-51.14,-49.09,-44.66,-43.32,-65.80,-54.74,-50.00,-58.68,-45.27,-55.46,2026-06-21 16:31:04+00:00
2026-06-21T16:32:04+00:00,-47.16,-59.04,-63.37,-61.85,-65.86,-45.40,-48.78,-51.89,-49.68,-45.09,-43.32,-64.15,-49.63,-49.75,-59.17,-45.30,-54.69,2026-06-21 16:32:04+00:00
2026-06-21T16:33:04+00:00,-47.01,-58.62,-64.10,-62.50,-66.77,-45.52,-49.70,-51.93,-49.78,-45.06,-43.27,-65.42,-49.68,-49.88,-58.82,-45.45,-55.17,2026-06-21 16:33:04+00:00
2026-06-21T16:34:03+00:00,-46.39,-57.72,-64.13,-61.86,-66.37,-45.40,-49.42,-51.95,-47.80,-44.97,-43.38,-65.36,-49.68,-49.67,-58.69,-45.52,-55.08,2026-06-21 16:34:03+00:00
2026-06-21T16:35:04+00:00,-46.19,-58.80,-64.38,-62.17,-65.88,-45.45,-49.62,-52.01,-48.30,-45.47,-43.39,-65.49,-54.34,-49.54,-58.32,-45.27,-54.38,2026-06-21 16:35:04+00:00
2026-06-21T16:36:03+00:00,-46.94,-58.68,-62.38,-62.12,-67.28,-45.44,-49.11,-51.91,-47.74,-45.28,-43.35,-64.33,-54.56,-49.42,-58.50,-45.29,-55.45,2026-06-21 16:36:03+00:00
2026-06-21T16:37:04+00:00,-46.46,-58.62,-64.58,-62.44,-66.31,-45.61,-49.73,-52.18,-47.22,-45.25,-43.41,-66.02,-54.59,-49.35,-58.74,-45.24,-54.65,2026-06-21 16:37:04+00:00
2026-06-21T16:38:04+00:00,-46.76,-58.22,-64.30,-62.08,-66.30,-45.28,-49.29,-52.07,-46.76,-45.26,-43.35,-65.97,-49.68,-49.05,-58.48,-45.16,-55.19,2026-06-21 16:38:04+00:00
2026-06-21T16:39:04+00:00,-46.81,-58.16,-64.38,-62.37,-67.59,-45.36,-49.51,-52.14,-46.78,-45.17,-43.27,-65.78,-49.83,-49.29,-58.87,-45.36,-54.53,2026-06-21 16:39:04+00:00
2026-06-21T16:40:04+00:00,-46.96,-58.27,-64.30,-62.31,-66.25,-45.69,-49.22,-52.11,-46.79,-45.41,-43.36,-65.62,-49.94,-48.86,-58.44,-45.08,-54.68,2026-06-21 16:40:04+00:00
2026-06-21T16:41:04+00:00,-47.04,-58.19,-64.48,-62.35,-66.19,-45.83,-49.49,-52.17,-46.74,-45.63,-43.36,-65.62,-54.59,-48.90,-58.70,-45.45,-54.68,2026-06-21 16:41:04+00:00
2026-06-21T16:42:03+00:00,-46.99,-58.88,-64.53,-62.41,-65.97,-45.76,-49.42,-52.18,-46.60,-45.64,-43.39,-65.51,-54.59,-49.06,-58.64,-45.14,-54.58,2026-06-21 16:42:03+00:00
2026-06-21T16:43:03+00:00,-46.84,-58.59,-64.73,-62.81,-65.83,-45.56,-49.25,-52.23,-46.34,-45.57,-43.36,-66.01,-54.58,-48.73,-58.84,-45.08,-54.36,2026-06-21 16:43:03+00:00
2026-06-21T16:44:04+00:00,-46.78,-57.54,-64.14,-62.21,-66.68,-45.58,-49.47,-52.18,-46.23,-45.64,-43.25,-65.14,-52.28,-48.74,-58.56,-45.02,-55.30,2026-06-21 16:44:04+00:00
2026-06-21T16:45:04+00:00,-46.43,-58.24,-64.41,-62.27,-65.99,-45.49,-49.41,-52.24,-46.33,-45.33,-43.24,-65.71,-49.72,-48.67,-58.75,-44.97,-54.52,2026-06-21 16:45:04+00:00
2026-06-21T16:46:03+00:00,-46.58,-55.90,-64.65,-62.24,-65.77,-45.38,-49.22,-52.27,-46.40,-45.38,-43.23,-66.12,-49.83,-48.72,-59.00,-44.94,-55.28,2026-06-21 16:46:03+00:00
2026-06-21T16:47:03+00:00,-46.71,-57.88,-64.09,-62.56,-66.07,-45.56,-49.01,-52.20,-46.83,-45.51,-43.25,-65.57,-49.81,-48.73,-58.72,-45.21,-54.74,2026-06-21 16:47:03+00:00
2026-06-21T16:48:04+00:00,-46.96,-54.71,-64.44,-61.75,-66.35,-45.49,-49.48,-52.31,-46.67,-45.59,-43.15,-65.78,-54.61,-48.52,-58.98,-45.15,-55.74,2026-06-21 16:48:04+00:00
2026-06-21T16:49:04+00:00,-47.45,-57.64,-64.71,-62.55,-66.87,-45.39,-48.97,-52.16,-47.13,-45.23,-43.31,-65.78,-54.64,-48.54,-58.68,-45.40,-55.44,2026-06-21 16:49:04+00:00
2026-06-21T16:50:04+00:00,-48.03,-58.50,-64.90,-62.67,-65.72,-45.50,-49.26,-52.18,-46.40,-45.46,-43.41,-65.91,-54.67,-48.54,-58.63,-45.43,-55.25,2026-06-21 16:50:04+00:00
2026-06-21T16:51:03+00:00,-47.42,-58.86,-64.86,-62.21,-66.41,-45.45,-49.58,-51.91,-49.08,-45.26,-43.28,-65.58,-49.79,-48.42,-58.10,-45.61,-54.67,2026-06-21 16:51:03+00:00
2026-06-21T16:52:04+00:00,-47.53,-58.35,-64.71,-62.26,-67.19,-45.58,-49.08,-52.15,-50.92,-45.30,-43.32,-66.06,-49.73,-48.43,-58.61,-45.70,-55.44,2026-06-21 16:52:04+00:00
2026-06-21T16:53:04+00:00,-49.19,-59.04,-64.88,-62.09,-66.17,-45.76,-49.28,-52.22,-51.74,-45.26,-43.36,-65.99,-49.80,-48.53,-58.62,-45.76,-54.72,2026-06-21 16:53:04+00:00
2026-06-21T16:54:04+00:00,-49.12,-58.25,-64.37,-62.15,-66.61,-45.62,-49.18,-52.27,-51.41,-45.14,-43.18,-64.95,-55.10,-48.39,-58.66,-45.75,-54.64,2026-06-21 16:54:04+00:00
2026-06-21T16:55:03+00:00,-48.76,-58.55,-63.77,-62.18,-65.94,-45.43,-49.38,-52.22,-51.23,-45.24,-43.48,-64.17,-54.73,-48.27,-58.87,-45.85,-55.65,2026-06-21 16:55:03+00:00
2026-06-21T16:56:04+00:00,-48.86,-59.16,-63.53,-62.41,-66.40,-45.63,-49.07,-52.32,-50.58,-44.91,-43.40,-65.30,-54.86,-48.16,-58.67,-45.69,-55.91,2026-06-21 16:56:04+00:00
2026-06-21T16:57:04+00:00,-48.37,-58.19,-64.44,-62.19,-66.36,-45.65,-48.95,-52.24,-51.05,-45.28,-43.33,-65.56,-52.48,-48.46,-58.63,-45.72,-55.67,2026-06-21 16:57:04+00:00
2026-06-21T16:58:03+00:00,-49.50,-58.23,-63.91,-62.27,-65.74,-45.58,-48.70,-52.19,-50.10,-44.95,-43.45,-64.44,-49.79,-48.20,-59.20,-45.57,-55.75,2026-06-21 16:58:03+00:00
2026-06-21T16:59:03+00:00,-48.28,-58.81,-63.10,-62.76,-66.79,-45.17,-49.19,-52.29,-49.93,-45.07,-43.36,-64.47,-49.99,-48.23,-58.79,-45.53,-54.79,2026-06-21 16:59:03+00:00
2026-06-21T17:00:04+00:00,-48.98,-58.19,-62.74,-62.46,-66.26,-45.28,-49.38,-52.48,-50.73,-45.06,-43.33,-63.51,-50.00,-48.24,-58.65,-45.50,-54.80,2026-06-21 17:00:04+00:00
2026-06-21T17:01:05+00:00,-49.28,-59.62,-61.34,-62.37,-66.17,-45.45,-49.47,-52.49,-50.34,-45.18,-43.31,-63.58,-54.65,-48.14,-58.82,-45.17,-55.51,2026-06-21 17:01:05+00:00
2026-06-21T17:02:04+00:00,-49.33,-59.28,-62.45,-62.49,-65.91,-45.49,-49.10,-52.50,-49.96,-45.09,-43.36,-64.26,-54.61,-47.89,-58.54,-45.27,-54.49,2026-06-21 17:02:04+00:00
2026-06-21T17:03:03+00:00,-49.13,-59.18,-62.62,-62.14,-66.36,-45.33,-49.24,-52.45,-50.14,-44.76,-43.43,-61.55,-54.51,-47.83,-58.22,-45.06,-55.37,2026-06-21 17:03:03+00:00
2026-06-21T17:04:03+00:00,-49.16,-59.33,-63.26,-62.15,-66.31,-45.50,-48.96,-52.43,-51.75,-46.91,-50.67,-60.35,-49.88,-47.55,-58.64,-45.01,-55.43,2026-06-21 17:04:03+00:00
2026-06-21T17:05:04+00:00,-49.67,-59.39,-63.83,-62.91,-66.41,-45.52,-48.57,-52.44,-50.24,-46.86,-50.57,-61.02,-50.07,-47.76,-58.36,-45.04,-55.65,2026-06-21 17:05:04+00:00
2026-06-21T17:06:04+00:00,-49.71,-59.37,-63.27,-62.13,-66.51,-45.48,-49.12,-52.49,-50.24,-47.02,-50.46,-61.56,-50.55,-47.49,-58.50,-45.27,-54.59,2026-06-21 17:06:04+00:00
2026-06-21T17:07:03+00:00,-48.99,-59.99,-63.43,-62.59,-67.03,-45.16,-48.98,-52.35,-50.64,-47.06,-50.67,-62.64,-55.52,-47.48,-58.21,-45.42,-54.61,2026-06-21 17:07:03+00:00
2026-06-21T17:08:03+00:00,-48.51,-58.83,-62.98,-62.46,-66.13,-45.58,-49.01,-52.34,-50.55,-47.08,-50.92,-64.66,-55.52,-47.35,-58.45,-45.40,-55.49,2026-06-21 17:08:03+00:00
2026-06-21T17:09:04+00:00,-48.37,-59.26,-62.74,-62.45,-66.23,-45.46,-48.80,-52.39,-50.18,-47.36,-51.01,-64.40,-55.56,-47.22,-58.63,-45.27,-55.43,2026-06-21 17:09:04+00:00
2026-06-21T17:10:04+00:00,-48.71,-59.10,-62.60,-62.43,-66.31,-45.33,-48.92,-52.35,-50.45,-47.19,-50.60,-64.48,-49.91,-47.43,-58.43,-45.38,-54.81,2026-06-21 17:10:04+00:00
2026-06-21T17:11:04+00:00,-48.09,-58.93,-63.32,-62.33,-65.66,-45.45,-49.63,-52.48,-49.96,-47.29,-50.90,-64.52,-50.08,-47.34,-58.15,-45.55,-54.79,2026-06-21 17:11:04+00:00
2026-06-21T17:12:03+00:00,-49.17,-58.78,-62.93,-62.54,-67.03,-45.61,-49.09,-52.46,-50.14,-47.27,-50.71,-62.10,-50.07,-47.37,-58.19,-45.63,-55.50,2026-06-21 17:12:03+00:00
2026-06-21T17:13:04+00:00,-48.53,-58.46,-64.49,-62.53,-66.87,-45.41,-48.84,-52.28,-50.78,-47.34,-50.78,-62.58,-54.52,-47.58,-58.56,-45.78,-55.73,2026-06-21 17:13:04+00:00
2026-06-21T17:14:04+00:00,-48.29,-59.02,-64.53,-62.66,-67.27,-45.54,-48.76,-52.39,-50.80,-47.38,-50.64,-63.24,-54.68,-47.37,-58.27,-45.95,-55.73,2026-06-21 17:14:04+00:00
2026-06-21T17:15:04+00:00,-48.80,-59.67,-64.29,-62.87,-66.73,-45.46,-49.10,-52.39,-51.31,-47.43,-50.69,-64.37,-54.77,-47.17,-58.49,-45.78,-54.92,2026-06-21 17:15:04+00:00
2026-06-21T17:16:03+00:00,-48.29,-59.51,-64.84,-62.31,-66.46,-45.60,-49.18,-52.50,-50.59,-47.59,-50.70,-65.54,-49.87,-47.40,-58.16,-46.00,-54.85,2026-06-21 17:16:03+00:00
2026-06-21T17:17:03+00:00,-48.53,-57.86,-64.46,-62.22,-66.15,-45.56,-49.61,-52.50,-50.32,-47.44,-50.26,-65.51,-50.04,-47.22,-58.39,-46.16,-55.24,2026-06-21 17:17:03+00:00
2026-06-21T17:18:04+00:00,-49.11,-59.90,-64.50,-62.33,-66.43,-45.58,-48.61,-52.54,-51.44,-47.09,-50.78,-65.64,-50.05,-47.23,-58.70,-46.44,-55.51,2026-06-21 17:18:04+00:00
2026-06-21T17:19:04+00:00,-48.06,-60.09,-64.56,-62.71,-66.24,-45.44,-49.06,-52.49,-50.22,-47.38,-50.74,-65.88,-54.88,-46.94,-58.56,-46.43,-55.52,2026-06-21 17:19:04+00:00
2026-06-21T17:20:03+00:00,-47.59,-60.06,-64.06,-62.21,-66.06,-45.56,-49.28,-52.70,-51.22,-47.39,-50.69,-64.82,-55.08,-46.99,-58.52,-46.54,-54.67,2026-06-21 17:20:03+00:00
2026-06-21T17:21:03+00:00,-48.00,-60.34,-64.00,-62.26,-66.45,-45.56,-49.33,-52.88,-50.43,-47.30,-50.68,-64.56,-55.46,-47.03,-58.37,-46.55,-55.90,2026-06-21 17:21:03+00:00
2026-06-21T17:22:04+00:00,-47.40,-60.33,-64.47,-62.42,-65.69,-45.46,-49.69,-52.39,-51.11,-47.15,-50.60,-65.35,-49.94,-46.96,-58.51,-46.66,-55.54,2026-06-21 17:22:04+00:00
2026-06-21T17:23:04+00:00,-47.23,-59.30,-63.64,-62.24,-65.52,-45.59,-49.23,-52.31,-50.36,-47.17,-50.60,-63.70,-50.03,-46.69,-58.51,-46.68,-55.20,2026-06-21 17:23:04+00:00
2026-06-21T17:24:03+00:00,-47.06,-60.23,-64.09,-61.50,-65.15,-45.44,-49.45,-52.46,-50.24,-47.27,-50.56,-64.13,-54.49,-46.92,-58.43,-46.78,-56.79,2026-06-21 17:24:03+00:00
2026-06-21T17:25:03+00:00,-48.48,-59.93,-63.57,-62.68,-66.22,-45.31,-49.13,-52.40,-51.25,-47.37,-49.88,-63.41,-54.42,-46.84,-58.05,-46.97,-58.00,2026-06-21 17:25:03+00:00
2026-06-21T17:26:04+00:00,-47.96,-60.34,-64.53,-62.34,-66.92,-45.52,-49.56,-52.48,-48.82,-47.27,-50.50,-64.37,-51.21,-46.55,-58.33,-46.99,-57.33,2026-06-21 17:26:04+00:00
2026-06-21T17:27:04+00:00,-48.06,-60.44,-63.90,-62.30,-66.14,-45.60,-49.36,-52.48,-51.27,-47.25,-50.76,-64.12,-50.04,-46.96,-58.15,-47.05,-57.80,2026-06-21 17:27:04+00:00
2026-06-21T17:28:03+00:00,-49.14,-60.28,-64.22,-62.43,-65.81,-45.40,-49.47,-52.53,-54.59,-47.24,-50.37,-64.20,-51.51,-46.85,-58.49,-47.30,-57.59,2026-06-21 17:28:03+00:00
2026-06-21T17:29:03+00:00,-48.87,-59.86,-64.12,-62.51,-66.19,-45.73,-49.24,-52.35,-52.72,-46.33,-47.23,-64.09,-54.61,-46.61,-58.23,-47.43,-57.92,2026-06-21 17:29:03+00:00
2026-06-21T17:30:04+00:00,-48.85,-60.29,-64.10,-62.21,-66.15,-45.57,-49.30,-52.35,-52.49,-46.47,-47.67,-63.98,-54.41,-46.61,-58.56,-47.43,-58.18,2026-06-21 17:30:04+00:00
2026-06-21T17:31:05+00:00,-48.04,-58.75,-64.25,-61.93,-66.98,-45.63,-49.69,-52.35,-50.89,-46.42,-47.51,-64.33,-49.92,-46.42,-58.22,-47.64,-58.24,2026-06-21 17:31:05+00:00
2026-06-21T17:32:04+00:00,-48.74,-58.21,-63.68,-62.55,-67.15,-45.72,-49.92,-52.29,-54.10,-47.16,-50.19,-64.32,-50.00,-46.57,-58.65,-47.74,-58.53,2026-06-21 17:32:04+00:00
2026-06-21T17:33:04+00:00,-48.45,-58.72,-63.61,-62.10,-65.70,-45.62,-49.86,-52.35,-52.73,-47.38,-49.04,-63.73,-54.17,-46.63,-58.62,-47.95,-58.05,2026-06-21 17:33:04+00:00
2026-06-21T17:34:03+00:00,-48.19,-58.60,-63.62,-62.25,-66.90,-45.77,-49.50,-52.29,-52.34,-47.36,-48.22,-63.55,-54.20,-46.48,-58.39,-47.96,-58.41,2026-06-21 17:34:03+00:00
2026-06-21T17:35:03+00:00,-47.67,-58.98,-63.06,-62.28,-66.97,-45.74,-49.38,-52.34,-51.46,-46.48,-47.35,-62.99,-55.39,-46.34,-58.22,-47.97,-58.23,2026-06-21 17:35:03+00:00
2026-06-21T17:36:03+00:00,-48.86,-59.60,-64.18,-62.21,-66.59,-45.69,-49.27,-52.38,-49.10,-46.14,-46.81,-64.15,-50.01,-46.34,-58.45,-47.64,-58.14,2026-06-21 17:36:03+00:00
2026-06-21T17:37:04+00:00,-49.25,-59.31,-64.21,-62.42,-66.25,-45.81,-49.61,-52.44,-53.90,-46.28,-46.96,-64.73,-50.11,-46.32,-57.95,-47.92,-57.63,2026-06-21 17:37:04+00:00
2026-06-21T17:38:04+00:00,-49.37,-59.11,-63.64,-62.10,-66.03,-45.69,-49.67,-52.48,-54.23,-46.06,-46.61,-63.84,-50.00,-45.96,-58.65,-47.93,-57.67,2026-06-21 17:38:04+00:00
2026-06-21T17:39:03+00:00,-48.99,-59.40,-63.90,-62.75,-66.86,-45.73,-49.69,-52.37,-48.96,-46.24,-46.65,-64.09,-54.68,-46.14,-58.74,-47.65,-57.89,2026-06-21 17:39:03+00:00
2026-06-21T17:40:03+00:00,-48.90,-59.50,-63.28,-62.11,-66.60,-45.74,-49.71,-52.34,-52.36,-46.16,-46.39,-63.83,-54.46,-45.96,-58.21,-47.77,-57.71,2026-06-21 17:40:03+00:00
2026-06-21T17:41:04+00:00,-50.22,-59.43,-64.40,-62.36,-66.15,-45.95,-49.80,-52.43,-51.57,-46.26,-46.33,-64.27,-54.60,-46.08,-59.12,-47.98,-58.03,2026-06-21 17:41:04+00:00
2026-06-21T17:42:04+00:00,-49.01,-59.19,-63.37,-62.28,-67.10,-45.70,-49.97,-52.46,-51.56,-46.14,-46.29,-63.70,-55.50,-45.89,-58.71,-48.11,-58.13,2026-06-21 17:42:04+00:00
2026-06-21T17:43:03+00:00,-49.72,-59.25,-63.89,-62.49,-66.02,-46.14,-50.07,-52.36,-52.46,-46.23,-46.34,-64.63,-49.96,-45.70,-58.44,-48.05,-57.92,2026-06-21 17:43:03+00:00
2026-06-21T17:44:03+00:00,-50.61,-59.57,-64.24,-62.28,-65.98,-45.94,-50.11,-52.39,-53.77,-46.22,-46.04,-64.72,-50.02,-45.82,-58.41,-48.02,-57.82,2026-06-21 17:44:03+00:00
2026-06-21T17:45:04+00:00,-49.18,-59.62,-63.63,-62.19,-66.35,-45.78,-50.02,-52.40,-54.61,-46.38,-46.08,-63.94,-54.62,-45.87,-58.38,-47.80,-56.83,2026-06-21 17:45:04+00:00
2026-06-21T17:46:04+00:00,-49.83,-59.48,-64.12,-62.41,-66.22,-45.73,-50.10,-52.42,-48.78,-46.26,-46.04,-64.55,-54.81,-45.83,-58.55,-48.10,-57.21,2026-06-21 17:46:04+00:00
2026-06-21T17:47:03+00:00,-49.18,-59.51,-63.01,-62.13,-66.26,-46.02,-50.09,-52.35,-51.37,-46.52,-46.03,-63.60,-54.62,-45.65,-58.37,-47.93,-56.10,2026-06-21 17:47:03+00:00
2026-06-21T17:48:03+00:00,-49.48,-59.08,-63.42,-62.63,-65.26,-45.95,-49.67,-52.40,-50.55,-46.23,-45.99,-63.65,-49.97,-45.64,-58.61,-48.11,-55.59,2026-06-21 17:48:03+00:00
2026-06-21T17:49:04+00:00,-48.91,-59.63,-63.78,-62.27,-65.55,-46.06,-49.89,-52.49,-53.22,-46.30,-45.90,-64.29,-50.19,-45.73,-58.26,-48.17,-56.81,2026-06-21 17:49:04+00:00
2026-06-21T17:50:04+00:00,-49.65,-59.24,-63.72,-62.11,-66.71,-46.01,-50.19,-52.34,-51.61,-46.43,-45.83,-64.05,-54.94,-45.75,-58.23,-48.21,-57.04,2026-06-21 17:50:04+00:00
2026-06-21T17:51:03+00:00,-49.79,-59.41,-64.08,-62.51,-66.90,-46.09,-50.27,-52.42,-52.32,-46.36,-45.91,-64.61,-54.76,-45.56,-58.67,-48.28,-57.59,2026-06-21 17:51:03+00:00
2026-06-21T17:52:03+00:00,-49.58,-59.33,-64.15,-62.46,-67.44,-46.09,-50.27,-52.50,-50.15,-46.52,-45.85,-64.46,-54.75,-45.48,-58.50,-48.01,-57.48,2026-06-21 17:52:03+00:00
2026-06-21T17:53:04+00:00,-49.76,-59.30,-63.42,-62.41,-66.87,-46.13,-50.58,-52.43,-50.39,-46.57,-45.91,-63.18,-49.83,-45.59,-58.40,-47.82,-56.84,2026-06-21 17:53:04+00:00
2026-06-21T17:54:04+00:00,-49.83,-59.66,-64.17,-62.16,-66.18,-46.32,-50.17,-52.47,-50.54,-46.34,-45.90,-64.89,-50.06,-45.62,-58.48,-47.69,-56.62,2026-06-21 17:54:04+00:00
2026-06-21T17:55:04+00:00,-49.87,-58.85,-64.01,-62.21,-66.20,-46.41,-50.39,-52.48,-50.76,-46.52,-45.82,-63.94,-50.05,-45.63,-57.97,-47.99,-57.97,2026-06-21 17:55:04+00:00
2026-06-21T17:56:03+00:00,-49.11,-59.60,-63.64,-62.24,-65.89,-46.22,-50.37,-52.48,-50.99,-46.67,-45.83,-63.99,-54.96,-45.48,-58.54,-48.09,-57.89,2026-06-21 17:56:03+00:00
2026-06-21T17:57:04+00:00,-49.88,-59.66,-64.63,-62.40,-66.93,-46.34,-51.06,-52.54,-50.42,-46.80,-45.85,-64.72,-55.00,-45.51,-58.28,-48.01,-57.27,2026-06-21 17:57:04+00:00
2026-06-21T17:58:03+00:00,-49.54,-60.10,-64.20,-62.23,-66.86,-46.43,-50.62,-52.58,-51.40,-46.83,-45.66,-64.33,-55.06,-45.77,-58.37,-48.30,-57.73,2026-06-21 17:58:03+00:00
2026-06-21T17:59:03+00:00,-49.45,-59.69,-63.94,-62.14,-66.46,-46.14,-50.37,-52.42,-50.74,-46.85,-45.80,-64.32,-49.93,-45.63,-58.56,-48.48,-57.56,2026-06-21 17:59:03+00:00
2026-06-21T18:00:03+00:00,-49.79,-59.77,-64.28,-62.34,-67.04,-46.31,-50.73,-52.53,-51.65,-46.69,-45.74,-63.58,-50.05,-45.72,-58.27,-48.23,-57.44,2026-06-21 18:00:03+00:00
2026-06-21T18:01:04+00:00,-50.42,-59.67,-64.08,-62.32,-66.50,-46.21,-50.73,-52.57,-50.73,-46.69,-45.83,-64.42,-54.91,-45.55,-58.78,-48.28,-57.82,2026-06-21 18:01:04+00:00
2026-06-21T18:02:04+00:00,-49.48,-59.71,-64.28,-62.61,-65.33,-46.26,-50.60,-52.89,-50.00,-46.82,-45.81,-65.26,-55.00,-45.82,-58.39,-48.45,-56.79,2026-06-21 18:02:04+00:00
2026-06-21T18:03:04+00:00,-50.00,-60.17,-64.22,-62.38,-66.40,-46.38,-51.00,-53.31,-50.45,-46.84,-45.81,-65.30,-54.91,-45.63,-58.50,-48.45,-57.52,2026-06-21 18:03:04+00:00
2026-06-21T18:04:04+00:00,-49.62,-60.33,-64.63,-62.69,-65.70,-46.37,-50.85,-53.71,-49.90,-46.83,-45.77,-65.81,-50.00,-45.82,-58.79,-48.60,-58.19,2026-06-21 18:04:04+00:00
2026-06-21T18:05:03+00:00,-49.34,-58.13,-63.92,-62.44,-65.89,-46.37,-50.65,-53.92,-50.71,-46.73,-45.69,-65.60,-50.14,-45.73,-58.25,-48.67,-57.59,2026-06-21 18:05:03+00:00
2026-06-21T18:06:03+00:00,-49.29,-60.73,-64.70,-62.62,-66.04,-46.46,-50.33,-54.58,-50.45,-46.76,-45.91,-66.13,-55.01,-45.75,-58.50,-48.76,-57.59,2026-06-21 18:06:03+00:00
2026-06-21T18:07:03+00:00,-49.68,-61.26,-64.48,-62.48,-66.57,-46.42,-50.65,-55.30,-51.66,-49.34,-50.49,-66.33,-55.35,-45.81,-58.39,-48.77,-57.89,2026-06-21 18:07:03+00:00
2026-06-21T18:08:04+00:00,-50.28,-61.54,-64.90,-62.67,-66.66,-46.56,-50.80,-56.12,-51.59,-49.41,-50.68,-66.22,-55.49,-46.00,-58.14,-48.93,-58.05,2026-06-21 18:08:04+00:00
2026-06-21T18:09:04+00:00,-49.35,-60.97,-63.98,-62.51,-66.73,-46.65,-50.78,-56.17,-51.42,-49.31,-50.49,-65.38,-50.13,-45.89,-57.99,-49.02,-56.74,2026-06-21 18:09:04+00:00
2026-06-21T18:10:04+00:00,-49.32,-61.29,-64.66,-62.27,-66.68,-46.61,-50.62,-56.66,-51.96,-49.10,-50.55,-66.44,-50.34,-45.93,-58.16,-49.46,-58.00,2026-06-21 18:10:04+00:00
2026-06-21T18:11:03+00:00,-49.04,-61.11,-64.81,-62.66,-67.00,-46.63,-50.83,-56.93,-51.40,-49.28,-50.75,-66.39,-55.33,-45.93,-57.71,-49.23,-58.07,2026-06-21 18:11:03+00:00
2026-06-21T18:12:03+00:00,-49.49,-61.68,-64.85,-62.44,-66.44,-46.70,-50.53,-57.31,-51.50,-49.59,-50.71,-66.37,-55.45,-46.04,-58.14,-49.30,-58.17,2026-06-21 18:12:03+00:00
2026-06-21T18:13:03+00:00,-49.28,-61.64,-64.54,-62.38,-66.53,-46.53,-51.04,-57.29,-51.74,-49.76,-50.79,-66.37,-56.50,-45.77,-58.57,-49.57,-52.87,2026-06-21 18:13:03+00:00
2026-06-21T18:14:03+00:00,-49.17,-61.15,-64.37,-62.53,-66.26,-46.40,-50.22,-57.63,-51.22,-49.59,-50.82,-65.62,-50.22,-45.87,-58.47,-49.13,-52.87,2026-06-21 18:14:03+00:00
2026-06-21T18:15:04+00:00,-49.29,-61.01,-63.76,-62.39,-66.52,-46.51,-50.51,-57.62,-51.09,-49.58,-50.70,-65.37,-50.30,-46.04,-58.40,-49.29,-53.01,2026-06-21 18:15:04+00:00
2026-06-21T18:16:04+00:00,-49.06,-60.61,-64.51,-62.16,-66.50,-46.65,-50.00,-58.47,-51.29,-49.73,-50.64,-66.16,-55.59,-45.98,-58.07,-49.68,-52.88,2026-06-21 18:16:04+00:00
2026-06-21T18:17:04+00:00,-48.99,-59.63,-63.94,-62.21,-65.92,-46.60,-49.84,-58.81,-51.43,-49.81,-50.67,-65.06,-55.26,-45.94,-58.25,-49.68,-52.87,2026-06-21 18:17:04+00:00
2026-06-21T18:18:03+00:00,-49.02,-59.71,-64.38,-62.25,-66.70,-46.63,-50.15,-59.02,-50.41,-49.78,-50.79,-66.19,-56.58,-46.01,-58.10,-49.70,-52.95,2026-06-21 18:18:03+00:00
2026-06-21T18:19:03+00:00,-49.05,-60.01,-63.67,-62.63,-66.83,-46.72,-50.29,-59.48,-50.95,-49.53,-50.75,-64.84,-50.11,-45.85,-57.75,-50.28,-54.10,2026-06-21 18:19:03+00:00
2026-06-21T18:20:03+00:00,-48.87,-59.81,-64.25,-62.71,-66.68,-46.64,-49.87,-59.87,-51.16,-49.40,-50.64,-65.51,-50.35,-45.87,-58.09,-50.21,-53.00,2026-06-21 18:20:03+00:00
2026-06-21T18:21:04+00:00,-49.02,-59.87,-64.07,-62.54,-66.17,-46.50,-49.99,-60.29,-50.92,-49.69,-51.03,-65.98,-50.41,-45.80,-57.84,-50.36,-52.85,2026-06-21 18:21:04+00:00
2026-06-21T18:22:04+00:00,-48.69,-61.06,-64.20,-62.62,-66.08,-46.55,-50.67,-60.88,-51.17,-49.79,-50.97,-66.04,-55.32,-45.71,-57.88,-50.63,-52.89,2026-06-21 18:22:04+00:00
2026-06-21T18:23:04+00:00,-48.73,-60.99,-64.14,-62.51,-66.20,-46.66,-50.07,-60.54,-51.26,-49.80,-50.63,-65.74,-56.20,-45.80,-58.14,-50.57,-52.93,2026-06-21 18:23:04+00:00
2026-06-21T18:24:03+00:00,-48.20,-60.78,-64.11,-62.29,-67.21,-46.70,-50.73,-60.92,-51.23,-49.88,-50.74,-66.14,-56.50,-45.62,-58.27,-50.73,-52.89,2026-06-21 18:24:03+00:00
2026-06-21T18:25:03+00:00,-48.75,-59.82,-64.20,-62.19,-66.60,-46.67,-50.30,-60.68,-50.79,-49.97,-50.97,-65.60,-50.18,-45.46,-58.12,-50.50,-54.24,2026-06-21 18:25:03+00:00
2026-06-21T18:26:04+00:00,-48.96,-60.49,-63.89,-62.04,-66.79,-46.66,-50.50,-61.17,-50.93,-49.75,-50.52,-65.71,-50.31,-45.25,-58.65,-50.20,-52.82,2026-06-21 18:26:04+00:00
2026-06-21T18:27:04+00:00,-48.77,-60.26,-64.47,-62.18,-66.66,-46.74,-50.51,-61.09,-50.88,-50.09,-50.57,-66.07,-55.17,-45.57,-58.15,-50.09,-54.16,2026-06-21 18:27:04+00:00
2026-06-21T18:28:04+00:00,-48.20,-60.00,-63.42,-61.98,-65.61,-46.63,-50.40,-61.10,-49.40,-50.10,-50.89,-65.05,-56.35,-45.35,-58.07,-50.26,-54.29,2026-06-21 18:28:04+00:00
2026-06-21T18:29:03+00:00,-48.61,-60.43,-64.10,-62.13,-66.63,-46.60,-50.32,-62.15,-49.61,-50.23,-50.59,-65.88,-56.39,-45.42,-58.18,-49.99,-52.95,2026-06-21 18:29:03+00:00
2026-06-21T18:30:03+00:00,-48.82,-60.19,-63.94,-62.43,-67.14,-46.78,-50.32,-61.92,-49.52,-49.99,-50.91,-65.61,-50.27,-45.41,-58.09,-49.74,-53.00,2026-06-21 18:30:03+00:00
2026-06-21T18:31:04+00:00,-49.01,-60.22,-64.23,-62.51,-66.87,-46.63,-50.62,-62.58,-49.78,-49.76,-49.65,-66.05,-50.41,-45.40,-58.15,-49.62,-58.68,2026-06-21 18:31:04+00:00
2026-06-21T18:32:04+00:00,-49.38,-59.27,-63.46,-62.23,-65.23,-46.70,-50.05,-62.26,-49.52,-49.86,-50.83,-64.50,-55.20,-45.54,-57.94,-49.91,-57.85,2026-06-21 18:32:04+00:00
2026-06-21T18:33:04+00:00,-49.04,-60.16,-64.24,-62.38,-65.55,-46.64,-49.97,-62.59,-49.88,-49.95,-50.62,-65.30,-56.23,-45.35,-58.09,-50.23,-58.44,2026-06-21 18:33:04+00:00
2026-06-21T18:34:04+00:00,-49.43,-60.46,-64.00,-62.74,-65.51,-46.67,-50.64,-62.55,-49.60,-49.97,-50.65,-65.85,-53.15,-45.40,-58.29,-50.30,-58.53,2026-06-21 18:34:04+00:00
2026-06-21T18:35:03+00:00,-49.12,-60.37,-63.84,-62.69,-65.94,-46.78,-50.97,-62.26,-49.54,-50.02,-51.06,-65.53,-50.30,-45.50,-58.69,-49.83,-58.71,2026-06-21 18:35:03+00:00
2026-06-21T18:36:03+00:00,-49.30,-60.08,-63.98,-62.85,-65.89,-46.49,-50.63,-62.83,-49.66,-49.98,-50.78,-65.67,-50.49,-45.52,-58.49,-50.52,-58.23,2026-06-21 18:36:03+00:00
2026-06-21T18:37:03+00:00,-49.66,-60.17,-63.67,-62.61,-66.64,-46.65,-50.76,-62.21,-49.69,-49.88,-50.53,-65.30,-50.83,-45.40,-57.80,-50.17,-56.90,2026-06-21 18:37:03+00:00
2026-06-21T18:38:03+00:00,-48.76,-59.09,-63.05,-62.39,-66.06,-46.41,-50.34,-61.95,-49.82,-50.16,-50.67,-64.55,-55.61,-45.57,-58.12,-50.28,-57.19,2026-06-21 18:38:03+00:00
2026-06-21T18:39:04+00:00,-49.22,-58.97,-63.67,-62.18,-65.88,-46.52,-50.68,-62.29,-49.71,-50.44,-50.13,-64.41,-55.79,-45.43,-56.96,-50.35,-57.55,2026-06-21 18:39:04+00:00
2026-06-21T18:40:04+00:00,-49.53,-58.62,-63.54,-62.17,-66.11,-46.48,-50.29,-62.28,-49.59,-50.29,-50.32,-64.37,-55.77,-45.56,-58.27,-50.38,-55.55,2026-06-21 18:40:04+00:00
2026-06-21T18:41:03+00:00,-49.35,-58.62,-63.84,-62.75,-66.59,-46.70,-50.33,-62.69,-49.71,-50.21,-49.85,-65.04,-50.29,-45.41,-58.54,-50.73,-57.73,2026-06-21 18:41:03+00:00
2026-06-21T18:42:03+00:00,-49.87,-59.41,-63.68,-62.28,-66.19,-46.64,-50.34,-62.78,-49.77,-49.83,-50.47,-64.93,-50.41,-45.52,-57.83,-50.88,-57.57,2026-06-21 18:42:03+00:00
2026-06-21T18:43:04+00:00,-50.15,-59.41,-63.85,-62.73,-65.95,-46.17,-51.29,-62.85,-51.41,-50.12,-50.61,-65.53,-54.98,-45.37,-58.47,-50.78,-57.91,2026-06-21 18:43:04+00:00
2026-06-21T18:44:04+00:00,-49.32,-58.02,-62.97,-62.16,-66.19,-46.32,-50.75,-61.46,-51.43,-50.36,-50.77,-65.31,-55.80,-45.42,-58.12,-50.19,-56.45,2026-06-21 18:44:04+00:00
2026-06-21T18:45:04+00:00,-48.92,-58.75,-63.76,-62.38,-66.06,-46.36,-51.33,-62.69,-51.50,-50.31,-50.90,-64.23,-56.10,-45.36,-58.42,-50.18,-56.99,2026-06-21 18:45:04+00:00
2026-06-21T18:46:04+00:00,-49.67,-59.16,-63.95,-62.28,-66.43,-46.40,-51.12,-62.99,-51.49,-50.06,-50.69,-66.01,-50.32,-45.39,-58.39,-50.33,-57.76,2026-06-21 18:46:04+00:00
2026-06-21T18:47:04+00:00,-49.19,-58.47,-62.30,-61.91,-63.28,-46.47,-51.15,-62.01,-51.17,-50.01,-50.73,-63.14,-50.41,-45.15,-57.79,-50.26,-56.57,2026-06-21 18:47:04+00:00
2026-06-21T18:48:04+00:00,-49.75,-57.91,-62.53,-61.82,-62.25,-46.44,-50.49,-61.64,-50.99,-50.01,-50.70,-63.91,-50.57,-45.28,-57.92,-49.94,-57.47,2026-06-21 18:48:04+00:00
2026-06-21T18:49:03+00:00,-49.25,-57.94,-62.17,-61.58,-62.66,-46.48,-50.35,-61.51,-51.16,-50.41,-50.63,-63.45,-56.11,-45.41,-57.65,-49.91,-57.08,2026-06-21 18:49:03+00:00
2026-06-21T18:50:03+00:00,-49.80,-58.18,-62.17,-61.47,-63.76,-46.60,-51.04,-60.93,-51.19,-50.32,-50.69,-63.30,-55.95,-45.23,-58.05,-50.09,-56.24,2026-06-21 18:50:03+00:00
2026-06-21T18:51:04+00:00,-49.58,-58.71,-62.12,-61.27,-62.01,-46.61,-51.26,-61.14,-51.11,-50.28,-50.60,-63.45,-55.80,-45.03,-57.85,-49.87,-57.00,2026-06-21 18:51:04+00:00
2026-06-21T18:52:04+00:00,-49.90,-58.33,-62.60,-61.47,-62.84,-46.62,-51.21,-61.86,-51.40,-50.05,-50.84,-63.91,-54.64,-44.95,-57.56,-50.05,-57.37,2026-06-21 18:52:04+00:00
2026-06-21T18:53:03+00:00,-49.80,-58.25,-62.71,-61.73,-62.38,-46.47,-51.44,-61.93,-51.28,-49.98,-50.77,-63.80,-50.41,-45.06,-57.96,-49.93,-57.54,2026-06-21 18:53:03+00:00
2026-06-21T18:54:03+00:00,-49.68,-58.55,-62.96,-61.69,-62.69,-52.10,-51.06,-62.11,-51.24,-49.94,-50.79,-64.62,-50.57,-44.72,-57.78,-49.55,-57.32,2026-06-21 18:54:03+00:00
2026-06-21T18:55:04+00:00,-49.59,-58.76,-62.66,-61.03,-63.24,-52.13,-51.09,-61.90,-51.28,-50.18,-50.98,-64.44,-55.29,-44.59,-57.95,-49.52,-57.54,2026-06-21 18:55:04+00:00
2026-06-21T18:56:04+00:00,-49.61,-58.01,-62.29,-61.05,-63.52,-52.05,-50.97,-61.45,-51.16,-50.17,-50.67,-63.83,-55.69,-44.56,-57.89,-49.29,-56.83,2026-06-21 18:56:04+00:00
2026-06-21T18:57:04+00:00,-49.67,-57.42,-61.93,-60.72,-62.17,-51.98,-50.84,-60.26,-51.01,-49.03,-48.95,-63.05,-55.67,-44.36,-58.02,-49.26,-56.79,2026-06-21 18:57:04+00:00
2026-06-21T18:58:03+00:00,-49.63,-57.29,-61.88,-61.10,-61.53,-52.06,-51.04,-60.31,-51.23,-49.05,-49.05,-63.60,-55.81,-44.26,-57.71,-49.34,-57.27,2026-06-21 18:58:03+00:00
2026-06-21T18:59:03+00:00,-49.67,-57.32,-61.95,-61.10,-61.72,-52.13,-50.93,-60.01,-50.90,-48.92,-49.13,-63.28,-50.55,-44.07,-57.86,-49.58,-57.03,2026-06-21 18:59:03+00:00
2026-06-21T19:00:04+00:00,-49.70,-56.54,-62.17,-60.81,-62.55,-52.04,-51.02,-59.44,-50.92,-49.33,-51.03,-63.89,-50.85,-43.60,-58.05,-49.46,-57.26,2026-06-21 19:00:04+00:00
2026-06-21T19:01:05+00:00,-49.50,-56.93,-62.54,-60.64,-62.40,-51.94,-50.94,-60.48,-50.82,-49.04,-50.05,-63.95,-55.74,-43.62,-57.49,-49.36,-57.26,2026-06-21 19:01:05+00:00
2026-06-21T19:02:03+00:00,-49.55,-56.51,-62.10,-60.72,-62.90,-51.89,-50.47,-60.24,-50.71,-48.89,-49.61,-63.40,-55.71,-43.56,-58.69,-49.44,-55.51,2026-06-21 19:02:03+00:00
2026-06-21T19:03:04+00:00,-49.25,-57.77,-62.44,-61.22,-62.74,-52.08,-50.99,-61.06,-50.25,-48.35,-48.69,-63.36,-55.91,-43.21,-58.16,-49.37,-57.05,2026-06-21 19:03:04+00:00
2026-06-21T19:04:04+00:00,-48.94,-56.88,-61.98,-60.90,-62.00,-51.88,-51.20,-61.14,-50.00,-48.10,-48.15,-63.08,-50.57,-43.18,-58.30,-49.51,-57.35,2026-06-21 19:04:04+00:00
2026-06-21T19:05:04+00:00,-48.86,-57.37,-62.83,-60.88,-62.82,-51.92,-51.45,-61.14,-50.27,-47.14,-48.00,-63.32,-50.88,-42.88,-58.12,-49.21,-57.53,2026-06-21 19:05:04+00:00
2026-06-21T19:06:03+00:00,-48.88,-57.25,-62.17,-61.37,-62.44,-51.81,-50.30,-60.72,-50.57,-46.71,-48.29,-63.12,-50.86,-42.75,-58.21,-49.03,-55.25,2026-06-21 19:06:03+00:00
2026-06-21T19:07:04+00:00,-48.96,-56.46,-61.72,-61.18,-62.12,-51.92,-50.57,-60.24,-50.25,-47.30,-48.28,-62.84,-56.17,-42.69,-58.12,-49.29,-56.83,2026-06-21 19:07:04+00:00
2026-06-21T19:08:04+00:00,-49.51,-56.91,-62.01,-61.38,-62.17,-51.87,-50.21,-60.94,-50.27,-47.27,-48.20,-63.28,-55.96,-42.72,-58.12,-49.49,-55.25,2026-06-21 19:08:04+00:00
2026-06-21T19:09:04+00:00,-49.25,-57.38,-62.15,-61.55,-62.75,-52.11,-49.75,-61.22,-50.34,-47.04,-48.06,-63.96,-55.56,-42.71,-57.86,-49.15,-57.36,2026-06-21 19:09:04+00:00
2026-06-21T19:10:03+00:00,-49.08,-55.33,-62.20,-61.27,-62.10,-51.98,-50.81,-60.30,-50.21,-46.94,-47.88,-63.72,-50.66,-42.51,-57.92,-49.04,-57.53,2026-06-21 19:10:03+00:00
2026-06-21T19:11:03+00:00,-49.43,-56.76,-62.17,-60.99,-61.94,-51.88,-50.64,-61.04,-50.22,-46.85,-47.81,-64.35,-51.02,-42.64,-57.80,-49.03,-58.05,2026-06-21 19:11:03+00:00
2026-06-21T19:12:04+00:00,-49.44,-56.79,-62.37,-61.51,-62.93,-51.91,-50.43,-61.29,-50.31,-46.90,-47.39,-64.32,-55.79,-42.85,-58.18,-49.48,-57.64,2026-06-21 19:12:04+00:00
2026-06-21T19:13:04+00:00,-49.66,-56.66,-62.04,-61.45,-62.34,-52.05,-50.43,-61.11,-50.15,-47.04,-47.73,-63.78,-56.64,-42.72,-58.22,-49.86,-56.00,2026-06-21 19:13:04+00:00
2026-06-21T19:14:04+00:00,-49.48,-56.74,-62.13,-61.56,-63.13,-52.11,-50.14,-61.16,-50.59,-46.94,-47.08,-64.17,-56.73,-42.74,-58.21,-50.23,-57.98,2026-06-21 19:14:04+00:00
2026-06-21T19:15:03+00:00,-49.42,-58.49,-62.81,-61.90,-63.73,-52.02,-50.37,-61.90,-50.83,-46.77,-47.37,-65.10,-51.27,-42.96,-58.70,-50.06,-57.18,2026-06-21 19:15:03+00:00
2026-06-21T19:16:03+00:00,-49.79,-57.83,-62.20,-61.74,-62.69,-52.01,-50.42,-61.87,-50.84,-46.53,-47.31,-64.29,-51.13,-42.92,-58.43,-49.46,-57.64,2026-06-21 19:16:03+00:00
2026-06-21T19:17:04+00:00,-50.13,-57.84,-62.06,-61.77,-62.49,-52.20,-50.93,-61.60,-50.16,-46.81,-47.16,-63.33,-51.15,-43.10,-58.94,-49.99,-57.17,2026-06-21 19:17:04+00:00
2026-06-21T19:18:04+00:00,-49.86,-57.98,-62.14,-61.65,-62.37,-52.08,-50.31,-61.17,-50.55,-46.63,-47.27,-63.13,-55.40,-42.76,-58.39,-49.87,-57.98,2026-06-21 19:18:04+00:00
2026-06-21T19:19:03+00:00,-50.06,-57.47,-62.30,-61.58,-62.62,-51.87,-50.69,-61.96,-50.32,-46.64,-47.35,-63.35,-56.38,-42.78,-58.30,-50.62,-57.65,2026-06-21 19:19:03+00:00
2026-06-21T19:20:03+00:00,-49.57,-57.71,-61.93,-61.58,-62.73,-52.21,-50.12,-61.47,-49.65,-46.80,-47.47,-63.22,-56.38,-43.00,-58.21,-50.42,-57.50,2026-06-21 19:20:03+00:00
2026-06-21T19:21:03+00:00,-49.66,-58.05,-62.29,-61.56,-63.06,-52.15,-50.07,-62.12,-50.50,-47.03,-47.30,-63.35,-56.39,-42.88,-57.90,-49.83,-54.17,2026-06-21 19:21:03+00:00
2026-06-21T19:22:04+00:00,-49.68,-57.77,-61.98,-61.74,-62.93,-52.02,-51.30,-61.70,-50.35,-46.62,-47.39,-64.15,-51.16,-42.82,-57.92,-50.21,-54.06,2026-06-21 19:22:04+00:00
2026-06-21T19:23:04+00:00,-49.00,-57.33,-62.07,-61.10,-63.46,-52.10,-50.54,-61.17,-50.15,-46.51,-47.01,-62.92,-51.59,-43.13,-58.34,-50.34,-54.19,2026-06-21 19:23:04+00:00
2026-06-21T19:24:04+00:00,-49.27,-57.25,-62.29,-61.56,-63.61,-51.90,-50.60,-61.02,-50.62,-46.97,-47.25,-63.28,-55.37,-43.37,-57.93,-49.79,-54.01,2026-06-21 19:24:04+00:00
2026-06-21T19:25:03+00:00,-47.70,-57.68,-62.91,-61.74,-62.75,-52.56,-50.24,-61.43,-50.32,-47.02,-47.21,-63.73,-56.19,-43.38,-58.03,-50.40,-54.04,2026-06-21 19:25:03+00:00
2026-06-21T19:26:03+00:00,-47.82,-57.19,-63.06,-61.54,-62.23,-52.58,-49.38,-61.29,-50.06,-46.98,-47.42,-63.71,-55.95,-43.37,-57.69,-51.16,-54.37,2026-06-21 19:26:03+00:00
2026-06-21T19:27:04+00:00,-48.42,-57.77,-63.71,-61.47,-62.51,-52.47,-50.38,-61.58,-50.45,-46.77,-47.00,-64.33,-51.17,-43.53,-58.04,-50.61,-54.07,2026-06-21 19:27:04+00:00
2026-06-21T19:28:04+00:00,-49.36,-57.82,-64.08,-62.12,-63.69,-52.27,-50.18,-61.62,-50.25,-46.78,-46.64,-64.97,-51.44,-43.56,-58.24,-50.59,-54.51,2026-06-21 19:28:04+00:00
2026-06-21T19:29:03+00:00,-48.46,-57.34,-62.46,-61.51,-62.74,-51.97,-50.24,-61.02,-50.35,-46.80,-46.83,-63.54,-51.30,-43.47,-58.47,-50.25,-54.63,2026-06-21 19:29:03+00:00
2026-06-21T19:30:03+00:00,-48.29,-57.70,-63.72,-61.57,-62.44,-52.14,-49.86,-61.56,-50.26,-47.02,-46.62,-64.41,-55.55,-43.95,-58.55,-50.10,-54.70,2026-06-21 19:30:03+00:00
2026-06-21T19:31:04+00:00,-48.24,-57.41,-63.23,-61.34,-63.66,-52.29,-50.56,-60.96,-50.28,-46.85,-46.37,-63.87,-55.48,-44.22,-57.99,-50.33,-54.79,2026-06-21 19:31:04+00:00
2026-06-21T19:32:04+00:00,-48.47,-57.05,-63.29,-61.48,-62.08,-52.11,-49.94,-61.71,-50.43,-46.82,-46.77,-63.82,-55.42,-44.04,-58.04,-49.68,-54.63,2026-06-21 19:32:04+00:00
2026-06-21T19:33:03+00:00,-48.17,-56.98,-62.80,-61.38,-62.47,-52.26,-50.15,-61.39,-50.35,-47.04,-46.43,-64.31,-50.76,-44.43,-58.05,-49.24,-54.66,2026-06-21 19:33:03+00:00
2026-06-21T19:34:03+00:00,-49.38,-56.33,-62.86,-61.25,-63.83,-52.26,-49.65,-61.16,-50.28,-46.67,-46.75,-62.63,-50.83,-44.83,-58.08,-49.52,-53.73,2026-06-21 19:34:03+00:00
2026-06-21T19:35:04+00:00,-48.91,-57.01,-62.48,-61.01,-61.42,-52.21,-50.27,-61.51,-50.25,-47.04,-46.84,-63.37,-54.67,-45.04,-58.17,-49.27,-53.34,2026-06-21 19:35:04+00:00
2026-06-21T19:36:04+00:00,-48.78,-57.16,-63.04,-61.41,-62.46,-52.30,-50.50,-61.95,-49.97,-46.97,-46.59,-63.60,-55.85,-45.24,-58.10,-49.33,-54.09,2026-06-21 19:36:04+00:00
2026-06-21T19:37:03+00:00,-48.50,-57.97,-63.76,-61.67,-63.77,-52.22,-50.33,-62.24,-50.27,-47.12,-46.45,-63.21,-56.86,-46.00,-58.59,-49.56,-54.75,2026-06-21 19:37:03+00:00
2026-06-21T19:38:03+00:00,-47.73,-57.54,-62.96,-61.47,-62.72,-52.26,-50.72,-61.69,-50.39,-46.82,-46.53,-62.52,-52.06,-46.41,-57.73,-49.55,-57.21,2026-06-21 19:38:03+00:00
2026-06-21T19:39:04+00:00,-47.99,-58.05,-63.55,-61.39,-62.53,-50.25,-50.83,-62.09,-50.19,-46.83,-46.15,-64.29,-51.71,-46.73,-58.18,-48.91,-57.09,2026-06-21 19:39:04+00:00
2026-06-21T19:40:04+00:00,-47.84,-57.95,-63.11,-61.35,-62.72,-50.59,-51.01,-61.91,-50.32,-46.83,-46.40,-64.59,-55.52,-47.13,-58.49,-48.71,-57.37,2026-06-21 19:40:04+00:00
2026-06-21T19:41:03+00:00,-48.11,-57.54,-63.26,-61.52,-61.91,-49.12,-50.91,-61.71,-50.40,-47.13,-46.29,-64.06,-56.12,-47.78,-57.88,-48.90,-57.66,2026-06-21 19:41:03+00:00
2026-06-21T19:42:03+00:00,-47.48,-57.34,-62.65,-61.42,-62.72,-46.35,-50.77,-61.13,-49.63,-47.07,-46.60,-63.92,-54.90,-47.68,-57.76,-48.30,-57.27,2026-06-21 19:42:03+00:00
2026-06-21T19:43:04+00:00,-48.56,-57.73,-62.97,-61.38,-63.55,-46.51,-50.96,-61.24,-49.34,-46.95,-46.24,-63.94,-50.79,-47.83,-58.03,-47.83,-55.99,2026-06-21 19:43:04+00:00
2026-06-21T19:44:04+00:00,-48.52,-57.13,-62.79,-61.25,-62.59,-46.35,-51.14,-61.88,-49.28,-47.44,-46.29,-63.38,-50.53,-48.18,-58.07,-48.20,-56.85,2026-06-21 19:44:04+00:00
2026-06-21T19:45:04+00:00,-48.55,-57.59,-62.86,-61.39,-63.77,-46.17,-51.13,-61.25,-49.38,-47.30,-46.23,-64.03,-50.67,-49.07,-57.61,-47.84,-57.25,2026-06-21 19:45:04+00:00
2026-06-21T19:46:03+00:00,-48.33,-57.30,-62.37,-61.16,-63.10,-45.95,-51.06,-60.88,-49.43,-47.66,-46.98,-63.07,-54.80,-49.67,-57.89,-47.96,-57.17,2026-06-21 19:46:03+00:00
2026-06-21T19:47:03+00:00,-48.19,-57.16,-62.92,-61.51,-62.94,-45.90,-51.24,-61.86,-49.82,-47.60,-46.59,-64.11,-54.85,-50.08,-57.65,-47.28,-57.07,2026-06-21 19:47:03+00:00
2026-06-21T19:48:03+00:00,-48.54,-57.07,-62.58,-61.31,-61.89,-45.85,-51.20,-61.01,-49.45,-47.72,-46.41,-63.22,-54.64,-51.21,-57.64,-47.35,-56.75,2026-06-21 19:48:03+00:00
2026-06-21T19:49:04+00:00,-48.15,-56.91,-62.30,-61.65,-62.66,-45.99,-51.11,-60.84,-49.34,-47.76,-46.36,-63.50,-50.30,-51.35,-57.94,-47.63,-55.94,2026-06-21 19:49:04+00:00
2026-06-21T19:50:04+00:00,-48.01,-57.24,-62.09,-61.12,-62.53,-46.09,-50.79,-60.83,-49.36,-47.64,-46.36,-63.48,-50.53,-51.94,-58.49,-47.81,-55.83,2026-06-21 19:50:04+00:00
2026-06-21T19:51:03+00:00,-48.21,-57.10,-61.47,-60.75,-63.09,-46.18,-50.80,-60.48,-49.39,-47.60,-46.26,-62.89,-50.78,-52.29,-57.38,-47.99,-56.81,2026-06-21 19:51:03+00:00
2026-06-21T19:52:03+00:00,-48.06,-57.54,-62.67,-61.71,-62.61,-46.29,-50.79,-60.95,-49.61,-47.93,-46.12,-62.94,-54.44,-52.43,-57.79,-47.91,-57.19,2026-06-21 19:52:03+00:00
2026-06-21T19:53:04+00:00,-47.78,-57.97,-62.58,-61.78,-62.94,-46.08,-50.60,-61.03,-49.90,-47.99,-46.70,-63.44,-54.40,-53.64,-57.74,-48.19,-57.33,2026-06-21 19:53:04+00:00
2026-06-21T19:54:04+00:00,-48.00,-57.67,-62.44,-61.39,-62.49,-46.14,-50.75,-61.04,-49.92,-48.00,-45.81,-62.89,-54.15,-53.46,-57.83,-48.71,-57.47,2026-06-21 19:54:04+00:00
2026-06-21T19:55:03+00:00,-47.86,-57.32,-62.61,-60.99,-62.82,-46.06,-50.80,-60.73,-49.51,-48.07,-45.70,-63.02,-54.25,-53.27,-57.76,-49.47,-56.47,2026-06-21 19:55:03+00:00
2026-06-21T19:56:03+00:00,-47.99,-57.33,-61.90,-61.21,-63.18,-46.18,-51.03,-60.40,-49.43,-47.95,-46.96,-62.86,-50.10,-53.14,-57.89,-48.93,-56.90,2026-06-21 19:56:03+00:00
2026-06-21T19:57:04+00:00,-46.14,-57.72,-62.64,-61.30,-62.15,-46.32,-50.98,-61.22,-50.19,-47.44,-45.44,-63.20,-50.44,-53.33,-57.76,-48.70,-57.18,2026-06-21 19:57:04+00:00
2026-06-21T19:58:04+00:00,-47.49,-57.73,-62.60,-61.03,-62.29,-46.32,-50.85,-61.67,-50.01,-47.69,-45.26,-63.34,-51.56,-52.96,-57.55,-48.33,-57.36,2026-06-21 19:58:04+00:00
2026-06-21T19:59:03+00:00,-47.52,-57.83,-61.88,-61.06,-62.53,-46.25,-50.81,-59.10,-50.25,-47.85,-46.11,-62.65,-53.64,-54.97,-57.84,-48.22,-54.20,2026-06-21 19:59:03+00:00
2026-06-21T20:00:03+00:00,-48.09,-57.81,-62.77,-61.13,-62.98,-46.48,-50.74,-61.58,-50.82,-47.78,-47.22,-63.54,-54.11,-56.15,-57.42,-48.62,-57.14,2026-06-21 20:00:03+00:00
2026-06-21T20:01:04+00:00,-48.11,-57.82,-61.19,-60.70,-62.83,-46.26,-50.53,-61.15,-50.44,-47.71,-44.68,-62.97,-53.59,-56.12,-57.94,-48.80,-56.06,2026-06-21 20:01:04+00:00
2026-06-21T20:02:03+00:00,-47.42,-58.12,-62.81,-61.50,-62.97,-46.33,-50.54,-61.59,-50.86,-47.70,-44.97,-63.40,-49.99,-54.69,-57.59,-47.92,-57.50,2026-06-21 20:02:03+00:00
2026-06-21T20:03:04+00:00,-47.28,-58.24,-63.07,-61.70,-63.25,-46.33,-50.42,-61.07,-50.08,-47.53,-44.69,-63.53,-49.95,-52.78,-57.15,-47.99,-57.51,2026-06-21 20:03:04+00:00
2026-06-21T20:04:04+00:00,-47.16,-57.80,-62.56,-61.44,-61.66,-46.14,-50.85,-61.31,-50.70,-47.56,-46.99,-62.86,-53.26,-52.32,-57.48,-48.35,-55.97,2026-06-21 20:04:04+00:00
2026-06-21T20:05:04+00:00,-47.16,-57.74,-62.05,-60.53,-62.54,-46.50,-50.82,-60.80,-50.73,-47.73,-44.92,-62.76,-53.26,-52.76,-57.26,-48.86,-57.30,2026-06-21 20:05:04+00:00
2026-06-21T20:06:03+00:00,-47.50,-58.33,-62.60,-61.34,-63.26,-46.46,-50.89,-61.34,-50.55,-47.60,-45.35,-63.31,-53.35,-53.60,-57.77,-49.30,-57.00,2026-06-21 20:06:03+00:00
2026-06-21T20:07:04+00:00,-47.13,-57.66,-62.26,-61.03,-63.13,-46.15,-50.58,-61.44,-50.89,-47.60,-45.04,-63.33,-50.15,-53.02,-57.74,-47.89,-57.02,2026-06-21 20:07:04+00:00
2026-06-21T20:08:04+00:00,-47.04,-57.43,-61.93,-61.11,-61.81,-46.30,-50.70,-61.30,-50.40,-47.38,-46.05,-62.78,-50.01,-52.39,-57.43,-46.70,-57.42,2026-06-21 20:08:04+00:00
2026-06-21T20:09:03+00:00,-47.47,-56.86,-61.21,-60.70,-63.33,-46.30,-50.61,-61.07,-50.34,-47.06,-45.56,-62.52,-50.05,-51.84,-57.90,-46.01,-57.55,2026-06-21 20:09:03+00:00
2026-06-21T20:10:03+00:00,-47.55,-56.91,-62.83,-61.30,-63.36,-46.16,-50.28,-61.59,-50.58,-47.33,-45.27,-63.46,-52.90,-51.21,-57.91,-46.05,-57.65,2026-06-21 20:10:03+00:00
2026-06-21T20:11:04+00:00,-47.43,-57.01,-62.83,-61.60,-62.49,-46.29,-50.08,-60.93,-50.07,-46.95,-45.78,-63.18,-52.62,-50.87,-58.05,-45.60,-57.37,2026-06-21 20:11:04+00:00
2026-06-21T20:12:04+00:00,-47.55,-57.03,-62.37,-61.00,-62.67,-46.39,-50.08,-61.04,-50.57,-47.01,-47.56,-63.31,-52.62,-51.70,-57.53,-45.57,-56.45,2026-06-21 20:12:04+00:00
2026-06-21T20:13:04+00:00,-47.77,-56.85,-61.97,-61.19,-61.88,-46.43,-49.89,-61.39,-50.38,-47.04,-47.73,-63.02,-51.58,-52.31,-57.26,-45.75,-57.28,2026-06-21 20:13:04+00:00
2026-06-21T20:14:03+00:00,-47.68,-57.62,-62.76,-61.39,-62.72,-46.36,-49.76,-61.44,-50.49,-46.57,-46.38,-63.32,-49.71,-52.31,-57.86,-46.64,-57.34,2026-06-21 20:14:03+00:00
2026-06-21T20:15:03+00:00,-47.71,-57.01,-62.66,-61.05,-62.32,-46.45,-49.85,-61.38,-49.68,-46.92,-48.14,-63.56,-50.70,-52.24,-57.62,-46.68,-56.34,2026-06-21 20:15:03+00:00
2026-06-21T20:16:04+00:00,-48.22,-57.48,-62.40,-61.10,-62.51,-46.55,-49.78,-61.64,-49.89,-47.05,-45.25,-63.30,-52.13,-54.28,-57.92,-46.88,-57.55,2026-06-21 20:16:04+00:00
2026-06-21T20:17:04+00:00,-47.90,-57.64,-62.93,-61.12,-63.52,-46.33,-53.96,-61.46,-50.20,-46.31,-46.41,-63.59,-51.99,-54.96,-57.49,-46.47,-57.58,2026-06-21 20:17:04+00:00
2026-06-21T20:18:03+00:00,-47.82,-57.04,-61.72,-60.29,-62.84,-46.22,-49.46,-61.14,-50.44,-45.60,-45.70,-62.51,-51.60,-55.57,-57.64,-46.27,-57.04,2026-06-21 20:18:03+00:00
2026-06-21T20:19:03+00:00,-47.87,-57.13,-62.38,-60.97,-62.84,-46.40,-49.33,-61.64,-50.84,-44.86,-45.47,-63.81,-49.26,-55.99,-57.46,-46.11,-57.11,2026-06-21 20:19:03+00:00
2026-06-21T20:20:04+00:00,-48.18,-57.33,-62.51,-60.73,-63.05,-46.30,-49.19,-61.35,-49.44,-44.63,-45.32,-63.51,-49.43,-53.57,-57.44,-45.32,-57.44,2026-06-21 20:20:04+00:00
2026-06-21T20:21:04+00:00,-47.99,-57.25,-61.28,-60.95,-62.52,-46.26,-48.95,-61.44,-50.64,-45.27,-46.14,-61.69,-49.29,-53.06,-56.72,-45.04,-55.47,2026-06-21 20:21:04+00:00
2026-06-21T20:22:04+00:00,-47.75,-58.04,-61.88,-60.66,-63.01,-46.42,-49.11,-61.60,-50.78,-45.33,-45.87,-62.18,-51.06,-53.16,-56.90,-45.46,-55.68,2026-06-21 20:22:04+00:00
2026-06-21T20:23:03+00:00,-47.85,-58.13,-62.86,-61.54,-61.63,-46.54,-49.09,-62.22,-49.86,-45.17,-45.50,-63.65,-51.17,-51.44,-57.78,-45.17,-56.61,2026-06-21 20:23:03+00:00
2026-06-21T20:24:03+00:00,-47.97,-57.84,-62.88,-61.19,-63.41,-46.67,-48.89,-62.28,-50.67,-45.23,-45.67,-63.20,-51.10,-50.21,-57.42,-45.48,-56.46,2026-06-21 20:24:03+00:00
2026-06-21T20:25:03+00:00,-48.15,-57.88,-61.96,-60.89,-62.36,-47.01,-49.02,-62.29,-50.21,-50.66,-52.47,-61.29,-48.89,-51.28,-57.04,-45.74,-51.70,2026-06-21 20:25:03+00:00
2026-06-21T20:26:04+00:00,-48.06,-58.16,-63.03,-61.21,-62.87,-46.86,-49.63,-61.79,-51.31,-49.75,-52.72,-63.38,-49.15,-51.72,-57.58,-44.55,-56.50,2026-06-21 20:26:04+00:00
2026-06-21T20:27:04+00:00,-48.33,-57.45,-62.32,-60.54,-62.95,-46.66,-48.61,-62.09,-50.01,-50.35,-52.88,-63.15,-51.27,-53.32,-57.42,-43.93,-57.19,2026-06-21 20:27:04+00:00
2026-06-21T20:28:04+00:00,-47.88,-57.83,-62.71,-61.17,-62.56,-46.57,-48.95,-61.89,-49.69,-50.53,-52.77,-62.41,-51.23,-54.60,-57.64,-43.94,-57.35,2026-06-21 20:28:04+00:00
2026-06-21T20:29:03+00:00,-47.76,-57.75,-62.63,-61.20,-63.22,-46.74,-48.95,-62.44,-49.44,-50.25,-52.73,-62.53,-50.91,-56.18,-57.03,-44.11,-57.24,2026-06-21 20:29:03+00:00
2026-06-21T20:30:03+00:00,-48.32,-58.12,-63.04,-61.29,-62.42,-46.65,-49.43,-62.75,-49.28,-50.45,-52.88,-63.45,-50.71,-55.55,-57.25,-44.51,-57.33,2026-06-21 20:30:03+00:00
2026-06-21T20:31:03+00:00,-47.47,-58.12,-63.36,-60.99,-63.21,-46.60,-49.72,-62.47,-49.99,-49.49,-52.95,-63.34,-48.89,-56.21,-56.87,-44.53,-57.38,2026-06-21 20:31:03+00:00
2026-06-21T20:32:03+00:00,-48.16,-58.38,-63.40,-61.27,-62.97,-46.67,-49.75,-62.62,-49.68,-49.06,-52.47,-63.34,-49.58,-56.36,-57.83,-44.04,-56.49,2026-06-21 20:32:03+00:00
2026-06-21T20:33:03+00:00,-47.71,-58.17,-62.84,-61.32,-63.22,-46.45,-49.75,-62.78,-48.78,-49.43,-53.10,-62.23,-50.57,-55.09,-57.43,-44.09,-56.93,2026-06-21 20:33:03+00:00
2026-06-21T20:34:04+00:00,-47.57,-58.36,-63.10,-61.63,-63.73,-46.62,-53.87,-63.16,-48.20,-49.49,-53.03,-62.68,-50.52,-54.17,-57.93,-43.86,-56.87,2026-06-21 20:34:04+00:00
2026-06-21T20:35:04+00:00,-48.08,-58.48,-62.82,-61.29,-61.92,-46.43,-49.91,-62.65,-49.14,-49.55,-52.79,-61.24,-50.50,-55.70,-57.51,-43.84,-56.93,2026-06-21 20:35:04+00:00
2026-06-21T20:36:04+00:00,-47.65,-58.34,-63.00,-61.30,-62.63,-46.18,-49.13,-62.20,-47.65,-48.54,-52.83,-62.11,-48.74,-55.57,-57.91,-43.49,-57.14,2026-06-21 20:36:04+00:00
2026-06-21T20:37:04+00:00,-47.53,-58.03,-63.22,-61.27,-63.34,-45.83,-49.54,-62.20,-48.14,-47.97,-52.88,-61.85,-49.03,-56.34,-57.55,-43.01,-56.51,2026-06-21 20:37:04+00:00
2026-06-21T20:38:03+00:00,-47.54,-58.04,-62.97,-61.46,-61.41,-45.85,-49.28,-62.21,-48.20,-48.59,-52.51,-61.84,-50.56,-56.59,-58.24,-42.89,-57.43,2026-06-21 20:38:03+00:00
2026-06-21T20:39:03+00:00,-47.92,-58.19,-62.30,-61.12,-62.53,-45.59,-48.76,-62.78,-48.37,-48.97,-52.81,-61.92,-50.59,-57.56,-57.32,-42.49,-56.78,2026-06-21 20:39:03+00:00
2026-06-21T20:40:04+00:00,-47.41,-58.24,-62.70,-61.29,-62.91,-45.36,-48.76,-62.29,-49.32,-48.61,-52.65,-61.25,-50.52,-55.79,-58.31,-42.16,-56.91,2026-06-21 20:40:04+00:00
2026-06-21T20:41:04+00:00,-48.28,-58.14,-62.97,-61.19,-61.98,-45.21,-48.94,-62.44,-46.98,-49.17,-53.11,-61.59,-50.29,-52.88,-58.04,-42.02,-56.63,2026-06-21 20:41:04+00:00
2026-06-21T20:42:04+00:00,-47.49,-57.69,-62.37,-61.23,-63.12,-45.13,-48.95,-62.41,-47.42,-49.05,-53.16,-61.82,-48.70,-52.81,-57.90,-41.99,-56.08,2026-06-21 20:42:04+00:00
2026-06-21T20:43:03+00:00,-48.21,-58.06,-62.46,-61.46,-61.54,-45.02,-48.95,-62.48,-48.83,-49.00,-53.26,-62.99,-48.64,-54.47,-57.55,-42.00,-57.55,2026-06-21 20:43:03+00:00
2026-06-21T20:44:03+00:00,-48.14,-57.79,-62.56,-61.14,-62.01,-45.22,-48.47,-62.39,-47.48,-49.52,-53.58,-63.25,-50.30,-55.88,-57.86,-41.79,-56.49,2026-06-21 20:44:03+00:00
2026-06-21T20:45:04+00:00,-48.04,-57.84,-62.50,-61.39,-61.57,-44.82,-48.43,-62.14,-47.50,-49.25,-53.52,-63.53,-50.46,-56.78,-57.49,-41.69,-56.95,2026-06-21 20:45:04+00:00
2026-06-21T20:46:04+00:00,-47.88,-57.55,-62.37,-61.20,-61.56,-44.76,-48.19,-61.81,-49.10,-49.85,-53.31,-63.46,-50.26,-55.09,-57.41,-41.39,-56.83,2026-06-21 20:46:04+00:00
2026-06-21T20:47:04+00:00,-48.45,-58.01,-62.72,-61.37,-61.99,-44.71,-48.20,-61.98,-51.80,-49.98,-53.34,-63.71,-49.98,-56.23,-58.21,-42.19,-57.08,2026-06-21 20:47:04+00:00
2026-06-21T20:48:03+00:00,-48.60,-57.66,-62.52,-61.48,-61.55,-45.19,-48.35,-61.88,-50.34,-49.28,-53.15,-63.57,-48.21,-57.03,-57.79,-42.27,-57.01,2026-06-21 20:48:03+00:00
2026-06-21T20:49:03+00:00,-48.44,-57.82,-62.54,-61.41,-62.73,-45.29,-48.46,-61.69,-50.00,-48.81,-52.85,-63.27,-48.62,-56.36,-58.13,-42.44,-56.48,2026-06-21 20:49:03+00:00
2026-06-21T20:50:04+00:00,-47.46,-58.00,-61.84,-61.13,-61.27,-45.31,-48.00,-61.59,-48.07,-49.96,-53.22,-62.65,-50.02,-54.19,-57.95,-42.78,-57.12,2026-06-21 20:50:04+00:00
2026-06-21T20:51:04+00:00,-47.61,-57.95,-62.46,-61.34,-62.62,-45.22,-48.47,-62.15,-51.52,-50.91,-53.23,-63.81,-50.04,-52.34,-58.02,-42.40,-56.55,2026-06-21 20:51:04+00:00
2026-06-21T20:52:03+00:00,-47.50,-57.16,-61.15,-60.94,-62.03,-44.93,-48.42,-59.79,-47.56,-51.27,-43.69,-61.97,-50.11,-52.80,-54.09,-42.02,-52.54,2026-06-21 20:52:03+00:00
2026-06-21T20:53:03+00:00,-47.55,-58.14,-61.86,-61.60,-63.04,-44.87,-48.26,-61.52,-52.40,-51.78,-53.20,-63.76,-50.30,-52.27,-53.87,-41.52,-56.68,2026-06-21 20:53:03+00:00
2026-06-21T20:54:04+00:00,-48.30,-57.85,-62.71,-61.13,-63.14,-45.01,-48.21,-61.50,-52.43,-51.27,-53.20,-63.92,-48.57,-51.73,-57.77,-42.41,-55.48,2026-06-21 20:54:04+00:00
2026-06-21T20:55:04+00:00,-47.41,-57.69,-62.99,-61.74,-62.44,-44.93,-48.44,-61.99,-48.59,-50.84,-52.90,-63.76,-48.91,-50.95,-57.97,-43.08,-57.06,2026-06-21 20:55:04+00:00
2026-06-21T20:56:04+00:00,-48.13,-57.06,-61.83,-60.73,-62.13,-44.95,-48.57,-60.84,-48.76,-51.98,-52.96,-62.50,-50.41,-51.30,-57.69,-42.80,-56.71,2026-06-21 20:56:04+00:00
2026-06-21T20:57:03+00:00,-47.70,-57.88,-62.46,-61.34,-62.11,-45.26,-48.40,-61.30,-51.16,-52.47,-52.98,-63.61,-50.37,-51.38,-58.09,-43.79,-57.34,2026-06-21 20:57:03+00:00
2026-06-21T20:58:03+00:00,-47.55,-58.22,-62.89,-61.67,-62.86,-44.87,-48.29,-61.76,-51.27,-52.00,-53.14,-64.40,-50.32,-52.59,-57.81,-43.92,-57.11,2026-06-21 20:58:03+00:00
2026-06-21T20:59:04+00:00,-47.52,-57.32,-62.86,-61.35,-62.56,-44.73,-47.86,-61.50,-54.54,-50.64,-53.08,-64.47,-49.41,-52.31,-58.00,-44.14,-57.04,2026-06-21 20:59:04+00:00
2026-06-21T21:00:04+00:00,-48.01,-57.40,-63.23,-61.71,-62.72,-44.45,-47.94,-61.87,-49.17,-50.19,-52.89,-64.34,-48.38,-51.13,-58.00,-43.84,-57.34,2026-06-21 21:00:04+00:00
2026-06-21T21:01:05+00:00,-48.01,-57.49,-63.21,-61.39,-63.14,-44.49,-48.06,-61.56,-52.54,-50.42,-52.84,-63.28,-48.87,-50.37,-57.63,-43.57,-56.68,2026-06-21 21:01:05+00:00
2026-06-21T21:02:03+00:00,-48.45,-57.92,-62.64,-61.73,-62.37,-44.45,-48.10,-61.98,-52.70,-50.57,-53.15,-63.54,-50.18,-49.94,-57.98,-43.37,-57.34,2026-06-21 21:02:03+00:00
2026-06-21T21:03:04+00:00,-48.01,-57.81,-62.85,-61.24,-63.06,-44.40,-48.21,-61.78,-51.34,-50.33,-50.10,-63.46,-50.31,-48.27,-57.90,-42.49,-53.81,2026-06-21 21:03:04+00:00
2026-06-21T21:04:03+00:00,-47.95,-57.71,-62.64,-61.19,-61.93,-44.61,-48.11,-61.39,-51.40,-49.91,-53.35,-63.31,-50.15,-47.39,-57.74,-42.31,-56.86,2026-06-21 21:04:03+00:00
2026-06-21T21:05:03+00:00,-48.02,-58.13,-63.24,-61.50,-63.20,-44.40,-48.06,-62.24,-50.89,-49.56,-53.16,-63.87,-49.95,-47.29,-57.88,-41.58,-56.90,2026-06-21 21:05:03+00:00
2026-06-21T21:06:04+00:00,-48.33,-57.45,-62.07,-60.77,-63.14,-44.34,-47.71,-61.32,-51.05,-48.52,-52.90,-62.86,-48.43,-47.70,-57.87,-41.89,-56.39,2026-06-21 21:06:04+00:00
2026-06-21T21:07:03+00:00,-47.61,-57.50,-62.19,-61.41,-63.29,-44.28,-47.56,-61.86,-51.44,-47.37,-52.74,-63.25,-48.78,-47.73,-57.35,-42.48,-57.19,2026-06-21 21:07:03+00:00
2026-06-21T21:08:03+00:00,-48.14,-57.55,-63.37,-61.65,-63.54,-44.47,-47.61,-62.10,-50.25,-46.81,-53.38,-64.48,-50.12,-46.95,-57.90,-42.63,-56.50,2026-06-21 21:08:03+00:00
2026-06-21T21:09:04+00:00,-48.11,-58.03,-62.80,-61.18,-61.95,-44.44,-47.71,-61.95,-50.53,-46.51,-53.12,-63.34,-50.03,-47.03,-57.87,-43.19,-57.27,2026-06-21 21:09:04+00:00
2026-06-21T21:10:04+00:00,-48.13,-57.84,-63.24,-61.23,-62.96,-44.34,-47.67,-62.61,-50.09,-46.29,-53.09,-64.02,-49.90,-47.16,-58.04,-42.53,-56.62,2026-06-21 21:10:04+00:00
2026-06-21T21:11:04+00:00,-48.29,-56.18,-63.90,-61.32,-62.77,-44.60,-48.20,-62.94,-52.81,-46.18,-53.17,-65.09,-48.32,-46.79,-57.95,-41.59,-56.82,2026-06-21 21:11:04+00:00
2026-06-21T21:12:03+00:00,-47.92,-56.70,-63.73,-61.47,-62.91,-44.64,-47.99,-62.48,-49.87,-45.34,-52.92,-64.68,-48.31,-46.88,-57.59,-40.52,-57.19,2026-06-21 21:12:03+00:00
2026-06-21T21:13:03+00:00,-48.32,-57.74,-62.56,-61.17,-62.67,-44.65,-47.63,-61.66,-49.65,-45.81,-52.74,-63.43,-49.73,-47.19,-58.09,-40.43,-56.68,2026-06-21 21:13:03+00:00
2026-06-21T21:14:04+00:00,-47.95,-57.84,-63.39,-61.69,-63.41,-44.51,-47.78,-62.60,-49.39,-45.55,-53.07,-64.17,-49.93,-47.18,-57.90,-40.04,-56.92,2026-06-21 21:14:04+00:00
2026-06-21T21:15:04+00:00,-47.78,-58.01,-62.85,-61.52,-62.90,-44.48,-48.08,-62.45,-49.54,-45.42,-53.06,-63.84,-49.72,-48.01,-58.15,-40.01,-56.29,2026-06-21 21:15:04+00:00
2026-06-21T21:16:04+00:00,-48.13,-58.16,-63.45,-61.11,-61.69,-44.50,-48.25,-62.88,-50.06,-45.12,-52.97,-64.66,-49.82,-47.83,-57.64,-40.16,-56.25,2026-06-21 21:16:04+00:00
2026-06-21T21:17:03+00:00,-47.57,-57.77,-63.45,-61.43,-64.46,-44.59,-48.04,-62.66,-49.47,-44.94,-52.36,-64.68,-48.28,-46.84,-58.12,-41.30,-56.60,2026-06-21 21:17:03+00:00
2026-06-21T21:18:03+00:00,-48.09,-57.91,-62.33,-61.49,-62.28,-44.47,-48.29,-62.23,-49.57,-45.21,-52.09,-64.11,-48.06,-46.60,-57.86,-41.91,-56.87,2026-06-21 21:18:03+00:00
2026-06-21T21:19:04+00:00,-47.60,-57.89,-62.83,-61.55,-62.73,-44.53,-47.81,-62.27,-49.00,-45.12,-52.17,-64.34,-49.29,-45.36,-57.37,-41.39,-56.97,2026-06-21 21:19:04+00:00
2026-06-21T21:20:04+00:00,-47.74,-57.70,-63.31,-61.42,-63.69,-44.47,-47.19,-61.91,-48.29,-45.32,-52.38,-64.12,-49.40,-45.18,-58.03,-41.20,-56.57,2026-06-21 21:20:04+00:00
2026-06-21T21:21:04+00:00,-47.60,-58.35,-62.87,-61.24,-62.79,-44.59,-47.22,-62.59,-48.89,-45.12,-52.70,-64.23,-49.59,-45.01,-57.69,-40.40,-56.55,2026-06-21 21:21:04+00:00
2026-06-21T21:22:03+00:00,-47.55,-58.34,-63.02,-61.07,-62.05,-44.70,-47.43,-62.38,-48.72,-45.34,-52.49,-64.13,-49.54,-44.85,-57.49,-40.26,-56.69,2026-06-21 21:22:03+00:00
2026-06-21T21:23:03+00:00,-47.91,-58.36,-63.31,-61.55,-64.17,-44.50,-48.03,-62.42,-48.86,-44.81,-52.83,-64.04,-48.30,-45.07,-57.69,-40.67,-56.55,2026-06-21 21:23:03+00:00
2026-06-21T21:24:04+00:00,-47.70,-58.13,-63.19,-61.65,-63.09,-44.77,-48.13,-62.81,-48.96,-44.22,-52.60,-64.18,-48.61,-44.65,-58.15,-41.81,-56.82,2026-06-21 21:24:04+00:00
2026-06-21T21:25:04+00:00,-47.60,-57.77,-63.35,-61.32,-61.58,-44.66,-48.50,-62.55,-48.98,-44.49,-51.83,-64.20,-49.94,-44.48,-58.01,-41.73,-56.23,2026-06-21 21:25:04+00:00
2026-06-21T21:26:03+00:00,-47.40,-58.13,-63.22,-61.77,-63.42,-44.70,-48.22,-62.54,-48.97,-44.41,-52.93,-64.01,-50.11,-45.14,-57.75,-41.84,-57.12,2026-06-21 21:26:03+00:00
2026-06-21T21:27:03+00:00,-47.43,-57.94,-62.69,-61.47,-62.95,-44.64,-48.56,-62.33,-49.39,-44.19,-52.91,-63.07,-49.99,-45.78,-58.11,-42.01,-56.12,2026-06-21 21:27:03+00:00
2026-06-21T21:28:03+00:00,-47.61,-58.51,-63.12,-61.79,-62.58,-44.63,-48.44,-63.06,-49.28,-44.18,-52.73,-64.03,-50.03,-46.28,-58.12,-42.30,-57.45,2026-06-21 21:28:03+00:00
2026-06-21T21:29:04+00:00,-47.55,-57.96,-62.47,-61.32,-62.40,-44.85,-48.76,-62.27,-49.44,-44.22,-52.72,-63.18,-48.58,-46.62,-58.31,-42.40,-56.57,2026-06-21 21:29:04+00:00
2026-06-21T21:30:04+00:00,-47.76,-57.53,-62.38,-61.09,-61.58,-44.91,-48.68,-61.86,-49.74,-43.99,-52.13,-63.49,-48.99,-46.20,-58.00,-43.14,-55.84,2026-06-21 21:30:04+00:00
2026-06-21T21:31:04+00:00,-47.58,-57.94,-62.79,-61.30,-63.09,-44.79,-48.73,-62.61,-49.58,-44.30,-52.69,-63.35,-49.97,-45.59,-57.17,-42.90,-56.36,2026-06-21 21:31:04+00:00
2026-06-21T21:32:04+00:00,-47.46,-54.68,-62.49,-61.80,-63.10,-44.94,-48.62,-61.96,-49.23,-43.85,-52.75,-62.91,-49.85,-45.41,-57.46,-42.73,-56.86,2026-06-21 21:32:04+00:00
2026-06-21T21:33:04+00:00,-47.43,-52.54,-62.64,-60.87,-63.31,-44.87,-48.16,-63.06,-49.90,-44.16,-52.57,-63.26,-49.72,-44.91,-57.32,-42.10,-56.78,2026-06-21 21:33:04+00:00
2026-06-21T21:34:04+00:00,-47.92,-51.56,-63.01,-61.06,-62.23,-45.04,-48.31,-62.59,-49.43,-44.28,-52.66,-63.41,-49.54,-44.14,-57.39,-40.92,-56.64,2026-06-21 21:34:04+00:00
2026-06-21T21:35:03+00:00,-47.69,-55.18,-62.01,-60.89,-63.13,-44.90,-48.32,-60.94,-50.86,-44.54,-52.60,-63.00,-48.22,-43.79,-57.47,-40.50,-56.96,2026-06-21 21:35:03+00:00
2026-06-21T21:36:04+00:00,-47.90,-55.34,-62.67,-61.56,-62.80,-45.00,-50.41,-61.39,-51.29,-43.93,-52.45,-63.26,-48.20,-44.58,-57.28,-41.10,-57.01,2026-06-21 21:36:04+00:00
2026-06-21T21:37:04+00:00,-47.46,-57.65,-63.05,-61.67,-63.49,-45.01,-48.31,-62.60,-52.18,-44.19,-52.63,-63.56,-49.39,-44.72,-57.65,-40.22,-57.14,2026-06-21 21:37:04+00:00
2026-06-21T21:38:04+00:00,-47.45,-57.53,-62.45,-61.25,-62.74,-44.94,-48.22,-61.42,-51.25,-43.69,-52.65,-62.06,-49.37,-44.67,-57.72,-40.43,-56.42,2026-06-21 21:38:04+00:00
2026-06-21T21:39:03+00:00,-47.93,-58.03,-62.80,-61.55,-61.88,-45.29,-47.72,-61.97,-52.04,-44.16,-52.54,-62.47,-49.26,-44.29,-57.69,-40.28,-56.74,2026-06-21 21:39:03+00:00
2026-06-21T21:40:03+00:00,-47.74,-57.37,-61.95,-61.02,-62.43,-45.15,-47.61,-61.23,-52.84,-44.25,-52.04,-61.65,-49.21,-45.00,-57.90,-40.36,-55.72,2026-06-21 21:40:03+00:00
2026-06-21T21:41:04+00:00,-47.46,-57.43,-62.33,-61.60,-61.95,-45.01,-47.70,-62.00,-52.21,-44.46,-52.42,-62.55,-47.93,-44.92,-57.31,-40.50,-56.70,2026-06-21 21:41:04+00:00
2026-06-21T21:42:04+00:00,-46.68,-57.50,-62.06,-61.70,-61.85,-45.12,-47.67,-61.25,-51.94,-43.77,-52.23,-62.04,-48.06,-44.51,-57.57,-40.13,-56.01,2026-06-21 21:42:04+00:00
2026-06-21T21:43:03+00:00,-46.53,-57.78,-62.45,-61.72,-62.67,-44.97,-47.71,-62.14,-51.77,-43.96,-52.34,-62.83,-49.27,-44.84,-57.92,-41.21,-57.15,2026-06-21 21:43:03+00:00
2026-06-21T21:44:03+00:00,-46.82,-58.25,-62.94,-61.44,-62.31,-45.12,-47.64,-61.98,-51.61,-43.99,-52.37,-62.21,-49.39,-45.57,-57.59,-42.17,-55.82,2026-06-21 21:44:03+00:00
2026-06-21T21:45:04+00:00,-47.02,-58.25,-62.69,-61.67,-62.60,-44.88,-47.59,-61.76,-51.58,-43.66,-52.23,-62.68,-49.39,-45.52,-57.57,-43.14,-56.66,2026-06-21 21:45:04+00:00
2026-06-21T21:46:04+00:00,-48.16,-56.94,-61.12,-61.10,-63.19,-45.63,-48.01,-59.96,-51.61,-43.82,-52.14,-61.37,-49.46,-45.68,-57.35,-42.86,-56.27,2026-06-21 21:46:04+00:00
2026-06-21T21:47:04+00:00,-48.46,-57.76,-62.10,-61.57,-62.84,-45.99,-48.37,-61.81,-52.01,-44.17,-52.12,-62.24,-48.17,-45.45,-57.50,-42.58,-56.23,2026-06-21 21:47:04+00:00
2026-06-21T21:48:03+00:00,-47.88,-57.66,-62.39,-61.51,-62.43,-45.70,-48.03,-62.14,-51.26,-44.19,-51.88,-61.73,-48.43,-45.82,-57.61,-43.43,-56.46,2026-06-21 21:48:03+00:00
2026-06-21T21:49:03+00:00,-48.52,-58.04,-62.47,-61.49,-62.68,-45.97,-47.90,-62.09,-51.13,-44.29,-51.67,-62.04,-48.90,-45.85,-57.43,-44.22,-55.78,2026-06-21 21:49:03+00:00
2026-06-21T21:50:04+00:00,-47.32,-58.07,-62.71,-61.36,-63.22,-46.12,-48.05,-62.14,-51.26,-44.16,-52.36,-61.85,-49.77,-45.27,-57.57,-45.38,-56.47,2026-06-21 21:50:04+00:00
2026-06-21T21:51:04+00:00,-47.21,-56.69,-61.65,-61.30,-62.62,-45.82,-47.85,-61.90,-51.30,-44.48,-51.89,-61.66,-49.63,-45.97,-57.51,-44.39,-55.89,2026-06-21 21:51:04+00:00
2026-06-21T21:52:04+00:00,-47.46,-54.38,-62.73,-61.46,-61.93,-46.16,-48.01,-62.36,-51.16,-44.74,-51.94,-62.18,-49.64,-47.08,-57.14,-44.42,-56.66,2026-06-21 21:52:04+00:00
2026-06-21T21:53:03+00:00,-47.66,-54.02,-62.59,-61.39,-63.16,-46.19,-47.99,-62.05,-51.34,-44.38,-52.14,-62.42,-48.33,-45.93,-57.37,-44.30,-55.72,2026-06-21 21:53:03+00:00
2026-06-21T21:54:03+00:00,-47.48,-54.24,-63.04,-61.73,-63.04,-46.26,-47.78,-62.88,-51.03,-43.83,-51.85,-62.83,-48.34,-46.16,-57.25,-43.90,-57.43,2026-06-21 21:54:03+00:00
2026-06-21T21:55:04+00:00,-47.53,-54.23,-63.20,-61.23,-63.66,-46.29,-47.66,-62.50,-51.56,-44.18,-51.76,-62.73,-49.55,-46.12,-57.64,-44.10,-55.89,2026-06-21 21:55:04+00:00
2026-06-21T21:56:04+00:00,-47.84,-54.52,-62.89,-61.48,-62.53,-46.27,-47.64,-61.89,-51.47,-44.91,-52.06,-62.57,-49.36,-45.97,-57.58,-43.21,-57.35,2026-06-21 21:56:04+00:00
2026-06-21T21:57:04+00:00,-47.93,-54.61,-63.15,-61.18,-63.00,-46.42,-47.51,-62.80,-49.84,-45.10,-51.48,-63.37,-49.28,-46.61,-57.56,-42.83,-55.74,2026-06-21 21:57:04+00:00
2026-06-21T21:58:03+00:00,-48.34,-54.49,-61.91,-60.92,-62.72,-46.34,-47.90,-61.39,-49.78,-44.93,-51.39,-61.04,-49.10,-46.79,-57.26,-41.69,-57.23,2026-06-21 21:58:03+00:00
2026-06-21T21:59:03+00:00,-48.18,-54.55,-62.98,-60.73,-62.93,-46.75,-48.31,-62.62,-50.14,-45.14,-51.72,-62.47,-48.12,-44.96,-57.17,-41.76,-55.50,2026-06-21 21:59:03+00:00
2026-06-21T22:00:04+00:00,-47.84,-54.49,-62.72,-61.09,-63.87,-46.77,-48.75,-62.16,-50.31,-45.34,-51.46,-61.48,-48.34,-44.08,-56.82,-41.02,-56.66,2026-06-21 22:00:04+00:00
2026-06-21T22:01:05+00:00,-48.29,-53.38,-62.50,-61.17,-64.34,-47.19,-48.99,-61.94,-50.18,-44.96,-51.13,-61.49,-49.39,-45.34,-57.03,-40.59,-55.63,2026-06-21 22:01:05+00:00
2026-06-21T22:02:04+00:00,-47.89,-53.21,-61.73,-61.53,-62.87,-46.74,-49.28,-61.26,-50.25,-44.87,-50.85,-62.17,-49.30,-46.69,-56.94,-39.84,-55.99,2026-06-21 22:02:04+00:00
2026-06-21T22:03:04+00:00,-48.32,-56.10,-62.76,-61.28,-63.06,-47.13,-48.96,-61.96,-50.15,-44.55,-51.28,-62.52,-49.39,-46.62,-57.54,-39.25,-55.68,2026-06-21 22:03:04+00:00
2026-06-21T22:04:04+00:00,-48.09,-56.13,-61.93,-61.53,-63.52,-46.82,-49.10,-62.69,-50.14,-44.26,-51.11,-62.57,-49.31,-47.08,-57.26,-39.10,-56.73,2026-06-21 22:04:04+00:00
2026-06-21T22:05:03+00:00,-48.00,-58.39,-62.92,-61.44,-62.11,-47.09,-49.25,-62.40,-48.72,-44.73,-51.24,-62.98,-48.05,-47.19,-57.53,-38.80,-55.56,2026-06-21 22:05:03+00:00
2026-06-21T22:06:03+00:00,-48.54,-57.90,-63.13,-61.49,-64.11,-47.22,-49.31,-62.50,-48.74,-45.50,-50.92,-62.48,-48.31,-47.17,-57.37,-38.84,-56.20,2026-06-21 22:06:03+00:00
2026-06-21T22:07:03+00:00,-47.98,-58.45,-63.54,-61.62,-64.07,-47.17,-49.47,-62.89,-48.47,-45.44,-51.11,-63.10,-49.08,-47.82,-57.81,-39.47,-55.48,2026-06-21 22:07:03+00:00
2026-06-21T22:08:04+00:00,-48.46,-57.71,-62.45,-61.04,-63.24,-47.12,-49.32,-62.26,-48.57,-46.03,-51.37,-62.73,-48.82,-48.95,-57.49,-38.95,-55.55,2026-06-21 22:08:04+00:00
2026-06-21T22:09:04+00:00,-48.02,-58.81,-62.63,-61.52,-63.32,-47.23,-49.14,-62.49,-48.59,-45.94,-51.11,-62.57,-48.89,-50.35,-57.45,-39.26,-57.03,2026-06-21 22:09:04+00:00
2026-06-21T22:10:03+00:00,-48.52,-58.98,-63.12,-61.48,-64.16,-47.31,-48.76,-62.74,-48.58,-46.50,-51.06,-63.31,-49.13,-50.60,-57.32,-40.32,-52.07,2026-06-21 22:10:03+00:00
2026-06-21T22:11:03+00:00,-47.97,-58.79,-62.99,-61.30,-63.70,-47.22,-48.99,-62.54,-47.31,-46.66,-51.24,-63.06,-48.15,-52.21,-57.37,-40.94,-53.64,2026-06-21 22:11:03+00:00
2026-06-21T22:12:04+00:00,-48.36,-57.93,-62.48,-61.24,-62.73,-46.94,-49.07,-62.22,-47.68,-46.13,-51.06,-62.37,-48.14,-52.30,-57.72,-40.75,-53.81,2026-06-21 22:12:04+00:00
2026-06-21T22:13:04+00:00,-48.05,-58.55,-63.31,-61.58,-62.57,-46.99,-48.92,-62.75,-47.88,-45.81,-51.04,-63.34,-48.74,-50.71,-57.73,-40.74,-54.12,2026-06-21 22:13:04+00:00
2026-06-21T22:14:03+00:00,-48.46,-58.11,-61.67,-61.21,-62.79,-47.06,-48.78,-61.50,-47.69,-45.69,-51.30,-61.65,-49.20,-52.58,-57.76,-41.34,-53.84,2026-06-21 22:14:03+00:00
2026-06-21T22:15:03+00:00,-48.07,-58.87,-63.16,-61.62,-62.76,-47.31,-49.03,-62.64,-47.76,-46.29,-51.24,-63.19,-49.20,-52.26,-57.30,-41.26,-52.73,2026-06-21 22:15:03+00:00
2026-06-21T22:16:04+00:00,-48.31,-59.14,-63.49,-61.66,-63.25,-47.21,-48.99,-63.26,-47.79,-46.41,-51.42,-63.55,-49.02,-52.15,-57.78,-41.13,-53.99,2026-06-21 22:16:04+00:00
2026-06-21T22:17:04+00:00,-47.65,-58.54,-63.28,-61.36,-62.82,-46.88,-47.52,-62.61,-47.73,-46.24,-51.32,-63.71,-48.94,-51.74,-57.03,-40.82,-54.00,2026-06-21 22:17:04+00:00
2026-06-21T22:18:03+00:00,-48.02,-57.88,-62.46,-61.39,-62.39,-47.00,-48.78,-60.76,-47.69,-44.99,-50.42,-62.72,-47.88,-51.47,-57.36,-41.25,-53.87,2026-06-21 22:18:03+00:00
2026-06-21T22:19:03+00:00,-48.27,-54.91,-63.07,-61.12,-62.85,-47.18,-48.82,-62.99,-47.71,-44.48,-50.95,-62.83,-48.13,-50.15,-53.19,-42.04,-52.87,2026-06-21 22:19:03+00:00
2026-06-21T22:20:04+00:00,-47.61,-55.16,-63.08,-61.55,-62.79,-47.04,-49.08,-61.80,-48.75,-44.85,-51.51,-62.37,-48.90,-51.41,-53.81,-42.29,-54.79,2026-06-21 22:20:04+00:00
2026-06-21T22:21:04+00:00,-48.04,-55.19,-63.21,-61.36,-62.94,-47.08,-48.73,-62.87,-48.96,-45.08,-51.55,-63.31,-49.02,-50.66,-57.95,-43.25,-53.67,2026-06-21 22:21:04+00:00
2026-06-21T22:22:03+00:00,-48.07,-59.09,-63.35,-61.40,-62.27,-47.07,-48.42,-62.59,-48.74,-44.86,-51.64,-62.49,-49.11,-52.23,-57.89,-43.55,-54.62,2026-06-21 22:22:03+00:00
2026-06-21T22:23:03+00:00,-48.36,-58.37,-63.00,-61.05,-63.04,-46.89,-47.81,-61.44,-48.86,-44.29,-51.33,-62.55,-49.08,-53.91,-57.80,-42.79,-52.30,2026-06-21 22:23:03+00:00
2026-06-21T22:24:04+00:00,-48.33,-58.70,-63.14,-61.16,-61.53,-46.92,-47.55,-62.32,-48.67,-43.69,-51.18,-62.93,-48.05,-54.42,-58.27,-42.01,-52.84,2026-06-21 22:24:04+00:00
2026-06-21T22:25:04+00:00,-48.84,-58.60,-62.90,-61.51,-61.37,-46.86,-47.69,-62.29,-49.00,-44.15,-50.92,-62.79,-48.35,-53.82,-57.53,-41.76,-54.56,2026-06-21 22:25:04+00:00
2026-06-21T22:26:03+00:00,-48.00,-59.45,-63.45,-61.60,-63.77,-46.84,-47.40,-62.17,-51.02,-43.98,-51.28,-63.06,-49.12,-51.83,-57.49,-42.12,-52.74,2026-06-21 22:26:03+00:00
2026-06-21T22:27:03+00:00,-45.55,-59.04,-62.73,-61.38,-62.66,-47.04,-47.74,-62.18,-50.69,-44.40,-51.28,-62.64,-49.21,-50.27,-57.44,-41.66,-54.02,2026-06-21 22:27:03+00:00
2026-06-21T22:28:04+00:00,-45.01,-59.39,-62.91,-61.52,-62.35,-47.03,-48.16,-62.36,-50.88,-44.54,-51.39,-62.71,-49.53,-50.06,-57.98,-42.36,-53.56,2026-06-21 22:28:04+00:00
2026-06-21T22:29:04+00:00,-45.18,-58.35,-62.98,-61.58,-62.66,-46.91,-48.09,-62.22,-50.67,-44.72,-51.49,-62.68,-49.79,-52.56,-57.71,-42.68,-54.72,2026-06-21 22:29:04+00:00
2026-06-21T22:30:04+00:00,-45.23,-58.49,-62.76,-61.28,-62.36,-46.75,-48.12,-62.07,-50.91,-44.29,-50.91,-62.04,-48.61,-52.83,-57.17,-42.77,-53.78,2026-06-21 22:30:04+00:00
2026-06-21T22:31:05+00:00,-45.67,-58.27,-63.17,-61.82,-62.58,-46.81,-47.99,-62.98,-50.91,-44.26,-50.71,-62.80,-49.18,-53.43,-57.24,-41.90,-54.40,2026-06-21 22:31:05+00:00
2026-06-21T22:32:04+00:00,-45.80,-59.40,-63.06,-61.74,-62.09,-46.99,-48.26,-62.77,-50.87,-44.71,-51.28,-62.94,-49.81,-53.51,-57.49,-41.47,-53.94,2026-06-21 22:32:04+00:00
2026-06-21T22:33:04+00:00,-45.99,-58.96,-62.54,-61.08,-62.68,-46.78,-48.11,-62.37,-50.51,-45.46,-51.35,-62.25,-49.60,-54.29,-57.37,-40.65,-54.61,2026-06-21 22:33:04+00:00
2026-06-21T22:34:03+00:00,-46.12,-59.33,-62.45,-61.39,-62.66,-46.99,-48.30,-61.95,-50.39,-45.50,-51.65,-62.22,-49.63,-56.20,-57.70,-40.69,-53.84,2026-06-21 22:34:03+00:00
2026-06-21T22:35:03+00:00,-46.14,-59.16,-62.87,-61.58,-62.86,-46.97,-49.01,-62.52,-50.50,-45.29,-51.69,-62.63,-49.72,-55.62,-58.06,-39.76,-52.37,2026-06-21 22:35:03+00:00
2026-06-21T22:36:03+00:00,-46.24,-58.10,-62.79,-61.53,-63.08,-47.03,-49.12,-62.47,-50.40,-44.69,-51.16,-62.65,-49.03,-52.69,-57.41,-39.58,-52.48,2026-06-21 22:36:03+00:00
2026-06-21T22:37:04+00:00,-46.10,-58.47,-62.27,-61.50,-62.81,-47.11,-48.29,-62.26,-50.56,-44.38,-50.96,-61.64,-49.11,-52.11,-57.64,-39.00,-53.77,2026-06-21 22:37:04+00:00
2026-06-21T22:38:04+00:00,-46.34,-59.59,-63.43,-61.96,-63.59,-46.82,-48.65,-62.79,-50.95,-44.46,-51.93,-63.23,-49.20,-51.41,-57.55,-39.40,-53.54,2026-06-21 22:38:04+00:00
2026-06-21T22:39:04+00:00,-46.50,-59.27,-62.65,-61.07,-62.30,-46.68,-48.56,-62.20,-50.49,-44.37,-52.14,-58.71,-49.06,-51.57,-57.35,-39.42,-53.43,2026-06-21 22:39:04+00:00
2026-06-21T22:40:04+00:00,-46.14,-59.06,-62.38,-61.35,-62.45,-47.17,-48.89,-62.06,-50.66,-44.01,-51.85,-59.61,-49.29,-53.58,-57.56,-39.34,-53.66,2026-06-21 22:40:04+00:00
2026-06-21T22:41:03+00:00,-45.96,-58.42,-62.30,-61.50,-65.34,-46.91,-48.21,-61.78,-50.66,-43.79,-51.78,-60.35,-49.64,-56.37,-57.77,-39.73,-53.55,2026-06-21 22:41:03+00:00
2026-06-21T22:42:03+00:00,-46.40,-58.63,-61.59,-61.51,-63.28,-46.88,-48.36,-60.84,-49.49,-43.75,-52.40,-59.84,-49.28,-54.23,-57.64,-40.38,-52.45,2026-06-21 22:42:03+00:00
2026-06-21T22:43:03+00:00,-46.36,-58.72,-62.55,-61.56,-62.36,-47.04,-48.31,-62.61,-49.77,-44.22,-52.20,-59.02,-48.74,-50.63,-58.24,-40.62,-51.88,2026-06-21 22:43:03+00:00
2026-06-21T22:44:04+00:00,-46.08,-59.21,-62.22,-61.35,-63.29,-46.92,-47.48,-62.13,-49.50,-44.13,-51.64,-59.33,-48.98,-51.22,-57.80,-40.87,-53.33,2026-06-21 22:44:04+00:00
2026-06-21T22:45:04+00:00,-46.08,-59.53,-62.23,-61.81,-62.23,-47.06,-48.09,-62.34,-49.82,-43.76,-51.45,-59.24,-49.16,-55.32,-58.01,-40.98,-54.61,2026-06-21 22:45:04+00:00
2026-06-21T22:46:04+00:00,-46.05,-58.18,-61.64,-61.43,-61.42,-46.86,-48.10,-60.68,-49.84,-44.14,-52.27,-58.44,-49.20,-55.35,-57.78,-41.82,-52.43,2026-06-21 22:46:04+00:00
2026-06-21T22:47:03+00:00,-46.29,-59.03,-62.78,-61.46,-62.33,-46.87,-48.26,-62.58,-50.00,-44.18,-52.36,-59.94,-49.15,-58.01,-57.86,-40.86,-52.24,2026-06-21 22:47:03+00:00
2026-06-21T22:48:03+00:00,-46.37,-57.99,-62.57,-61.62,-60.90,-46.80,-48.46,-61.12,-49.82,-44.37,-53.29,-59.99,-49.17,-61.57,-57.73,-41.59,-52.81,2026-06-21 22:48:03+00:00
2026-06-21T22:49:04+00:00,-46.21,-58.72,-62.90,-61.19,-61.29,-46.86,-48.38,-62.19,-49.26,-44.53,-53.33,-59.96,-49.18,-62.20,-57.86,-41.84,-54.43,2026-06-21 22:49:04+00:00
2026-06-21T22:50:04+00:00,-46.35,-58.99,-63.12,-61.76,-62.60,-46.75,-48.30,-62.63,-48.42,-44.07,-53.13,-59.90,-49.36,-62.90,-57.95,-42.01,-54.33,2026-06-21 22:50:04+00:00
2026-06-21T22:51:04+00:00,-46.19,-58.93,-63.33,-61.89,-61.70,-46.77,-48.59,-62.70,-48.48,-43.53,-52.26,-60.23,-48.97,-63.26,-57.55,-40.83,-54.13,2026-06-21 22:51:04+00:00
2026-06-21T22:52:03+00:00,-46.20,-58.20,-61.54,-61.09,-61.88,-46.62,-48.46,-60.63,-48.36,-43.22,-52.32,-62.09,-49.01,-61.93,-57.89,-40.43,-52.62,2026-06-21 22:52:03+00:00
2026-06-21T22:53:03+00:00,-46.04,-58.29,-62.58,-61.56,-61.84,-46.70,-48.24,-62.36,-48.28,-43.16,-53.10,-62.84,-49.30,-61.41,-57.86,-40.88,-53.86,2026-06-21 22:53:03+00:00
2026-06-21T22:54:03+00:00,-45.95,-57.99,-63.02,-61.58,-62.38,-46.74,-48.59,-62.18,-48.28,-43.14,-53.19,-63.01,-49.49,-57.56,-57.66,-40.88,-53.89,2026-06-21 22:54:03+00:00
2026-06-21T22:55:04+00:00,-46.11,-59.25,-63.34,-61.73,-61.41,-46.75,-48.78,-62.59,-48.28,-43.86,-53.28,-63.10,-49.35,-61.19,-57.68,-41.71,-56.56,2026-06-21 22:55:04+00:00
2026-06-21T22:56:04+00:00,-46.05,-59.61,-63.33,-61.84,-63.15,-47.01,-48.39,-62.59,-47.23,-44.09,-52.97,-63.29,-49.05,-61.10,-57.94,-42.66,-53.45,2026-06-21 22:56:04+00:00
2026-06-21T22:57:04+00:00,-46.10,-59.47,-62.97,-61.25,-61.74,-46.82,-48.68,-61.99,-47.84,-44.35,-52.35,-59.53,-49.12,-61.34,-57.90,-42.88,-53.26,2026-06-21 22:57:04+00:00
2026-06-21T22:58:03+00:00,-46.49,-58.37,-61.27,-61.19,-62.44,-46.56,-49.18,-61.41,-47.59,-45.21,-52.17,-59.34,-49.46,-62.10,-57.65,-42.74,-53.48,2026-06-21 22:58:03+00:00
2026-06-21T22:59:03+00:00,-46.27,-57.82,-61.89,-61.11,-62.29,-46.47,-49.17,-61.03,-47.67,-45.54,-52.89,-60.18,-49.53,-59.66,-57.60,-43.05,-53.31,2026-06-21 22:59:03+00:00
2026-06-21T23:00:04+00:00,-46.42,-58.28,-60.90,-61.23,-62.07,-46.45,-49.07,-61.85,-48.04,-45.81,-52.98,-62.06,-49.62,-59.11,-57.52,-42.77,-53.75,2026-06-21 23:00:04+00:00
2026-06-21T23:01:05+00:00,-46.06,-59.55,-62.84,-61.75,-61.32,-46.42,-49.38,-62.88,-47.96,-46.50,-53.23,-62.79,-49.95,-55.79,-57.66,-42.82,-54.31,2026-06-21 23:01:05+00:00
2026-06-21T23:02:04+00:00,-46.17,-59.12,-61.99,-61.60,-61.51,-46.30,-48.91,-61.59,-47.62,-46.28,-53.22,-61.13,-49.97,-54.67,-57.08,-42.49,-54.16,2026-06-21 23:02:04+00:00
2026-06-21T23:03:04+00:00,-46.69,-58.54,-62.31,-61.54,-61.99,-46.25,-48.76,-62.15,-47.89,-45.90,-53.02,-60.10,-49.55,-55.40,-57.68,-42.34,-54.06,2026-06-21 23:03:04+00:00
2026-06-21T23:04:03+00:00,-46.30,-58.03,-62.96,-60.96,-62.71,-46.44,-48.59,-61.55,-48.29,-44.97,-52.34,-59.70,-49.29,-55.40,-57.96,-42.00,-52.57,2026-06-21 23:04:03+00:00
2026-06-21T23:05:03+00:00,-45.54,-58.29,-62.99,-61.46,-62.44,-46.43,-49.03,-62.27,-49.14,-44.45,-52.25,-60.22,-49.25,-57.08,-58.19,-41.75,-53.69,2026-06-21 23:05:03+00:00
2026-06-21T23:06:04+00:00,-45.91,-59.44,-62.25,-61.50,-63.37,-46.56,-49.04,-61.95,-48.73,-43.77,-51.92,-59.10,-49.21,-57.00,-58.03,-42.68,-55.13,2026-06-21 23:06:04+00:00
2026-06-21T23:07:04+00:00,-46.29,-59.83,-63.17,-61.17,-62.04,-46.50,-49.45,-62.72,-48.62,-43.99,-51.34,-60.48,-49.55,-56.31,-57.58,-43.08,-52.07,2026-06-21 23:07:04+00:00
2026-06-21T23:08:03+00:00,-46.19,-59.85,-62.67,-61.51,-62.50,-46.59,-49.49,-61.90,-48.73,-43.50,-52.07,-60.55,-49.70,-57.04,-57.56,-43.41,-53.68,2026-06-21 23:08:03+00:00
2026-06-21T23:09:03+00:00,-45.82,-59.16,-63.47,-61.84,-62.62,-46.67,-49.53,-62.67,-49.04,-43.93,-52.25,-60.68,-49.70,-55.94,-57.65,-45.98,-52.58,2026-06-21 23:09:03+00:00
2026-06-21T23:10:03+00:00,-46.08,-58.81,-61.87,-61.21,-63.08,-46.82,-49.42,-61.12,-48.95,-43.78,-52.30,-60.80,-49.48,-58.28,-57.54,-47.04,-53.37,2026-06-21 23:10:03+00:00
2026-06-21T23:11:04+00:00,-45.84,-59.20,-61.81,-61.25,-62.55,-46.65,-49.71,-61.09,-50.79,-43.80,-52.07,-60.40,-49.54,-56.10,-57.35,-46.55,-52.79,2026-06-21 23:11:04+00:00
2026-06-21T23:12:04+00:00,-46.58,-59.57,-62.42,-61.18,-62.95,-46.45,-49.97,-61.41,-50.60,-43.62,-51.95,-60.68,-49.79,-53.32,-57.49,-47.35,-52.56,2026-06-21 23:12:04+00:00
2026-06-21T23:13:04+00:00,-45.90,-58.28,-62.50,-61.46,-62.90,-46.24,-50.15,-61.78,-50.54,-43.43,-50.85,-60.95,-49.61,-53.83,-57.81,-47.69,-53.56,2026-06-21 23:13:04+00:00
2026-06-21T23:14:04+00:00,-46.06,-58.59,-62.69,-61.45,-62.37,-46.42,-49.84,-62.12,-50.98,-43.26,-50.77,-60.63,-49.74,-54.29,-57.54,-48.27,-52.83,2026-06-21 23:14:04+00:00
2026-06-21T23:15:04+00:00,-45.92,-58.78,-63.04,-61.45,-62.97,-46.56,-49.71,-62.36,-50.91,-43.62,-51.94,-60.96,-49.80,-52.59,-58.15,-48.40,-53.53,2026-06-21 23:15:04+00:00
2026-06-21T23:16:04+00:00,-45.98,-59.23,-63.06,-61.69,-62.86,-46.32,-49.77,-60.64,-50.64,-43.86,-52.08,-60.81,-49.88,-53.22,-57.47,-47.91,-54.26,2026-06-21 23:16:04+00:00
2026-06-21T23:17:03+00:00,-46.09,-59.91,-62.86,-61.30,-63.04,-46.38,-49.69,-60.63,-51.24,-44.15,-52.17,-61.05,-49.95,-52.21,-57.61,-47.46,-54.07,2026-06-21 23:17:03+00:00
2026-06-21T23:18:03+00:00,-46.21,-60.40,-62.45,-61.38,-64.05,-46.68,-49.80,-60.72,-51.61,-44.77,-52.25,-60.97,-50.27,-50.78,-57.66,-48.70,-52.51,2026-06-21 23:18:03+00:00
2026-06-21T23:19:04+00:00,-46.01,-60.60,-62.78,-61.21,-61.61,-46.72,-49.66,-60.89,-51.17,-44.81,-51.65,-61.43,-50.27,-50.41,-57.13,-46.40,-54.62,2026-06-21 23:19:04+00:00
2026-06-21T23:20:04+00:00,-46.08,-59.88,-62.78,-61.53,-60.87,-46.54,-49.58,-60.82,-51.18,-45.09,-51.65,-61.54,-50.35,-49.78,-57.80,-45.51,-54.42,2026-06-21 23:20:04+00:00
2026-06-21T23:21:04+00:00,-46.01,-59.36,-62.82,-61.66,-62.14,-46.68,-49.52,-60.55,-51.05,-45.13,-52.32,-61.18,-50.32,-50.86,-57.82,-46.36,-53.49,2026-06-21 23:21:04+00:00
2026-06-21T23:22:04+00:00,-46.21,-59.71,-62.04,-61.51,-62.55,-46.66,-49.81,-60.72,-51.35,-45.76,-52.06,-60.79,-50.44,-52.03,-57.34,-45.77,-52.63,2026-06-21 23:22:04+00:00
2026-06-21T23:23:04+00:00,-46.45,-60.01,-62.14,-61.33,-61.48,-46.77,-49.53,-60.20,-50.85,-46.15,-52.29,-60.85,-50.60,-51.85,-57.88,-44.48,-53.84,2026-06-21 23:23:04+00:00
2026-06-21T23:24:03+00:00,-45.83,-60.73,-62.67,-61.54,-62.88,-46.49,-49.49,-61.40,-50.74,-46.21,-52.65,-61.50,-50.47,-51.80,-57.53,-45.36,-52.56,2026-06-21 23:24:03+00:00
2026-06-21T23:25:03+00:00,-45.67,-60.34,-62.73,-61.84,-62.95,-46.29,-49.68,-61.65,-50.40,-46.75,-52.52,-61.21,-50.43,-51.53,-58.10,-48.12,-54.39,2026-06-21 23:25:03+00:00
2026-06-21T23:26:03+00:00,-45.84,-59.92,-62.80,-61.54,-61.82,-46.19,-49.79,-61.71,-50.96,-47.03,-52.46,-61.27,-50.17,-51.72,-57.65,-50.27,-53.33,2026-06-21 23:26:03+00:00
2026-06-21T23:27:03+00:00,-45.99,-59.84,-62.80,-61.44,-62.55,-46.37,-49.39,-61.14,-50.64,-46.81,-52.53,-61.19,-50.14,-51.85,-57.85,-51.30,-53.88,2026-06-21 23:27:03+00:00
2026-06-21T23:28:04+00:00,-46.37,-59.32,-62.82,-61.97,-61.74,-46.17,-49.06,-61.27,-50.76,-46.72,-52.60,-61.40,-50.04,-50.40,-58.25,-48.81,-52.66,2026-06-21 23:28:04+00:00
2026-06-21T23:29:04+00:00,-46.25,-59.15,-62.83,-61.69,-61.80,-45.81,-49.08,-61.11,-50.41,-46.58,-52.63,-60.83,-50.10,-48.66,-58.04,-49.97,-54.26,2026-06-21 23:29:04+00:00
2026-06-21T23:30:04+00:00,-45.88,-60.28,-62.11,-61.89,-63.20,-45.93,-49.40,-61.07,-49.66,-46.08,-52.56,-60.90,-50.40,-47.13,-57.76,-48.01,-52.42,2026-06-21 23:30:04+00:00
2026-06-21T23:31:05+00:00,-46.25,-60.03,-62.18,-61.41,-61.47,-45.57,-49.37,-61.24,-49.44,-45.95,-52.24,-60.92,-50.54,-47.01,-57.37,-45.09,-52.55,2026-06-21 23:31:05+00:00
2026-06-21T23:32:03+00:00,-45.90,-60.40,-62.09,-61.25,-62.17,-45.49,-49.34,-60.67,-50.08,-46.13,-51.87,-60.90,-50.37,-47.15,-57.98,-44.51,-52.43,2026-06-21 23:32:03+00:00
2026-06-21T23:33:03+00:00,-46.46,-60.65,-62.59,-61.78,-61.80,-45.51,-49.19,-61.60,-49.54,-46.03,-51.54,-61.42,-50.48,-46.31,-58.69,-44.21,-52.40,2026-06-21 23:33:03+00:00
2026-06-21T23:34:04+00:00,-46.12,-59.84,-62.21,-61.58,-61.67,-45.39,-49.58,-61.39,-48.05,-46.68,-52.28,-61.37,-50.40,-45.87,-58.09,-44.06,-54.47,2026-06-21 23:34:04+00:00
2026-06-21T23:35:04+00:00,-46.47,-59.55,-61.65,-60.71,-62.40,-45.40,-49.70,-60.68,-48.64,-46.39,-52.38,-60.74,-50.25,-45.51,-58.36,-43.44,-52.39,2026-06-21 23:35:04+00:00
2026-06-21T23:36:03+00:00,-46.11,-59.44,-62.94,-62.31,-61.02,-45.26,-49.42,-61.71,-48.03,-46.20,-52.34,-61.58,-50.25,-45.05,-57.77,-43.41,-54.44,2026-06-21 23:36:03+00:00
2026-06-21T23:37:03+00:00,-46.29,-59.68,-62.59,-61.51,-61.67,-45.14,-52.52,-61.24,-48.14,-46.26,-52.09,-61.60,-50.42,-44.95,-57.95,-43.42,-53.50,2026-06-21 23:37:03+00:00
2026-06-21T23:38:04+00:00,-46.45,-60.05,-61.80,-60.98,-62.02,-45.20,-45.55,-61.70,-48.19,-45.89,-51.84,-61.25,-50.60,-44.73,-57.58,-42.43,-52.43,2026-06-21 23:38:04+00:00
2026-06-21T23:39:04+00:00,-46.18,-58.50,-59.68,-61.15,-62.38,-45.38,-49.11,-61.55,-48.12,-45.86,-51.40,-60.71,-50.57,-45.19,-57.91,-42.56,-54.03,2026-06-21 23:39:04+00:00
2026-06-21T23:40:03+00:00,-46.06,-59.51,-61.69,-61.71,-62.16,-45.32,-49.29,-62.56,-48.14,-46.10,-51.70,-61.77,-50.45,-45.39,-57.79,-42.99,-54.05,2026-06-21 23:40:03+00:00
2026-06-21T23:41:03+00:00,-45.94,-58.98,-62.00,-61.18,-62.22,-45.33,-48.98,-61.83,-47.83,-45.05,-52.36,-61.16,-50.44,-45.48,-57.80,-43.47,-53.67,2026-06-21 23:41:03+00:00
2026-06-21T23:42:03+00:00,-45.96,-59.93,-62.27,-61.84,-62.86,-45.11,-48.96,-62.91,-47.90,-44.83,-52.19,-61.72,-50.15,-45.79,-58.04,-44.70,-52.59,2026-06-21 23:42:03+00:00
2026-06-21T23:43:04+00:00,-45.74,-53.88,-62.07,-61.63,-61.80,-45.45,-49.18,-62.19,-47.66,-45.64,-52.09,-61.15,-50.27,-46.01,-57.95,-44.89,-52.38,2026-06-21 23:43:04+00:00
2026-06-21T23:44:04+00:00,-45.20,-53.99,-61.90,-61.13,-62.68,-45.42,-48.91,-62.26,-47.98,-46.53,-51.71,-60.20,-50.23,-46.89,-58.03,-45.57,-51.71,2026-06-21 23:44:04+00:00
2026-06-21T23:45:04+00:00,-45.24,-53.41,-62.98,-61.41,-62.94,-45.40,-48.54,-62.54,-47.75,-46.20,-51.55,-60.85,-50.25,-46.75,-58.05,-44.69,-53.45,2026-06-21 23:45:04+00:00
2026-06-21T23:46:03+00:00,-45.35,-53.52,-62.36,-61.15,-62.59,-45.28,-48.53,-61.29,-48.17,-46.49,-50.90,-61.18,-50.38,-46.82,-57.83,-43.69,-52.51,2026-06-21 23:46:03+00:00
2026-06-21T23:47:03+00:00,-45.86,-58.21,-61.29,-61.10,-61.51,-45.34,-48.44,-61.26,-47.64,-47.29,-52.00,-60.50,-50.68,-46.69,-57.67,-43.52,-54.04,2026-06-21 23:47:03+00:00
2026-06-21T23:48:03+00:00,-46.31,-58.49,-62.93,-61.46,-63.21,-45.40,-48.42,-62.98,-47.59,-47.62,-51.56,-61.44,-50.99,-45.84,-58.06,-43.91,-53.49,2026-06-21 23:48:03+00:00
2026-06-21T23:49:04+00:00,-46.22,-58.71,-62.77,-61.75,-61.82,-45.38,-47.90,-62.71,-48.80,-47.87,-51.74,-61.46,-51.20,-45.79,-58.25,-43.74,-54.06,2026-06-21 23:49:04+00:00
2026-06-21T23:50:04+00:00,-45.96,-59.43,-62.41,-61.24,-61.81,-45.45,-48.25,-61.81,-49.12,-46.97,-51.30,-61.52,-51.02,-45.83,-58.02,-43.15,-53.56,2026-06-21 23:50:04+00:00
2026-06-21T23:51:04+00:00,-46.51,-59.45,-62.71,-61.44,-62.11,-45.65,-48.37,-62.72,-49.11,-46.14,-51.10,-61.51,-50.91,-45.78,-57.83,-42.63,-52.73,2026-06-21 23:51:04+00:00
2026-06-21T23:52:03+00:00,-46.26,-59.56,-62.98,-61.92,-63.01,-45.51,-48.24,-63.02,-49.08,-46.23,-51.09,-60.46,-50.91,-45.83,-57.87,-43.74,-53.76,2026-06-21 23:52:03+00:00
2026-06-21T23:53:03+00:00,-46.18,-59.54,-62.79,-61.45,-62.11,-45.46,-48.31,-62.08,-49.05,-46.11,-51.53,-60.59,-50.77,-45.66,-58.03,-43.61,-53.39,2026-06-21 23:53:03+00:00
2026-06-21T23:54:04+00:00,-46.33,-59.93,-62.75,-61.63,-62.29,-45.90,-51.19,-62.92,-49.07,-46.14,-51.49,-61.96,-50.71,-45.43,-57.75,-44.66,-52.71,2026-06-21 23:54:04+00:00
2026-06-21T23:55:04+00:00,-45.96,-59.81,-61.60,-61.21,-63.52,-45.65,-45.31,-60.42,-50.54,-45.85,-51.16,-61.26,-50.46,-45.23,-57.89,-46.64,-52.37,2026-06-21 23:55:04+00:00
2026-06-21T23:56:04+00:00,-46.18,-60.18,-62.48,-61.29,-62.98,-45.68,-48.26,-62.35,-51.31,-45.27,-51.20,-59.27,-50.47,-43.79,-57.63,-45.89,-53.61,2026-06-21 23:56:04+00:00
2026-06-21T23:57:03+00:00,-46.29,-59.19,-61.06,-60.68,-62.64,-45.69,-48.09,-60.54,-50.58,-45.31,-51.28,-58.05,-50.44,-43.51,-57.41,-45.65,-53.90,2026-06-21 23:57:03+00:00
2026-06-21T23:58:03+00:00,-46.26,-59.86,-62.92,-61.42,-63.81,-45.95,-48.11,-62.48,-50.39,-45.67,-51.49,-59.44,-50.71,-42.85,-57.87,-46.34,-52.45,2026-06-21 23:58:03+00:00
2026-06-21T23:59:04+00:00,-46.36,-59.48,-62.96,-61.75,-62.28,-46.12,-48.02,-62.61,-51.20,-45.47,-51.50,-60.06,-50.36,-43.52,-58.05,-47.89,-52.04,2026-06-21 23:59:04+00:00
