data,4500,11350,27200,58750,89750,19600,20270,20900,22600,23400,24000,26700,29700,45900,63850,77500,Ch17,data_parsed
2026-06-29T00:00:03+00:00,-45.89,-56.92,-61.23,-59.82,-62.31,-49.37,-56.84,-59.48,-51.83,-47.98,-48.15,-59.89,-52.89,-42.98,-42.85,-45.41,-53.77,2026-06-29 00:00:03+00:00
2026-06-29T00:01:03+00:00,-46.13,-56.98,-62.43,-60.30,-62.77,-49.56,-49.16,-59.34,-51.71,-47.92,-48.53,-60.28,-53.65,-42.98,-42.73,-46.79,-53.35,2026-06-29 00:01:03+00:00
2026-06-29T00:02:03+00:00,-46.23,-56.87,-61.42,-60.30,-61.60,-49.76,-49.47,-59.60,-52.25,-47.11,-48.37,-59.68,-54.03,-43.85,-42.58,-46.15,-51.89,2026-06-29 00:02:03+00:00
2026-06-29T00:03:04+00:00,-45.89,-57.02,-61.67,-60.32,-61.93,-49.91,-49.36,-60.19,-51.73,-47.92,-48.44,-60.09,-53.80,-43.84,-42.75,-47.73,-52.00,2026-06-29 00:03:04+00:00
2026-06-29T00:04:04+00:00,-45.96,-56.76,-61.69,-60.52,-63.09,-50.03,-49.40,-60.53,-50.73,-48.39,-48.41,-60.05,-52.80,-42.62,-42.55,-49.36,-54.16,2026-06-29 00:04:04+00:00
2026-06-29T00:05:03+00:00,-46.11,-57.09,-61.64,-60.38,-61.58,-50.13,-49.12,-59.92,-51.05,-48.01,-47.92,-60.17,-52.95,-42.49,-42.96,-51.18,-53.92,2026-06-29 00:05:03+00:00
2026-06-29T00:06:04+00:00,-46.08,-57.15,-61.75,-60.59,-62.19,-50.40,-49.03,-59.74,-50.98,-47.65,-48.36,-59.45,-53.97,-43.04,-42.65,-51.41,-53.21,2026-06-29 00:06:04+00:00
2026-06-29T00:07:03+00:00,-46.03,-56.62,-62.46,-60.50,-62.33,-50.50,-49.14,-59.66,-51.03,-47.92,-48.19,-59.92,-54.00,-43.18,-43.07,-50.92,-53.00,2026-06-29 00:07:03+00:00
2026-06-29T00:08:03+00:00,-46.00,-56.68,-61.86,-60.28,-61.89,-50.79,-49.00,-59.51,-50.97,-47.24,-48.11,-59.58,-52.93,-43.06,-43.50,-49.64,-54.38,2026-06-29 00:08:03+00:00
2026-06-29T00:09:04+00:00,-45.94,-56.85,-61.67,-60.39,-61.66,-51.09,-48.90,-60.14,-50.91,-46.81,-48.12,-59.86,-52.70,-43.58,-44.18,-52.54,-52.93,2026-06-29 00:09:04+00:00
2026-06-29T00:10:04+00:00,-45.42,-56.61,-62.54,-60.24,-62.60,-51.06,-48.81,-60.04,-49.19,-47.46,-48.03,-60.45,-54.01,-43.91,-43.95,-50.15,-56.12,2026-06-29 00:10:04+00:00
2026-06-29T00:11:03+00:00,-45.33,-56.67,-61.60,-60.47,-61.36,-50.62,-48.87,-60.69,-49.19,-47.00,-48.28,-59.54,-54.00,-43.72,-44.10,-48.99,-53.27,2026-06-29 00:11:03+00:00
2026-06-29T00:12:03+00:00,-45.37,-56.71,-60.87,-60.43,-61.48,-50.08,-48.96,-60.36,-49.02,-46.76,-48.27,-58.95,-53.87,-43.35,-43.81,-48.82,-51.94,2026-06-29 00:12:03+00:00
2026-06-29T00:13:04+00:00,-45.32,-55.95,-62.52,-60.40,-62.38,-49.68,-48.68,-59.58,-48.76,-46.05,-48.08,-59.15,-53.33,-43.55,-44.10,-47.96,-51.86,2026-06-29 00:13:04+00:00
2026-06-29T00:14:03+00:00,-45.39,-56.73,-62.18,-60.32,-62.08,-46.24,-48.92,-60.43,-48.95,-46.81,-47.56,-59.00,-53.43,-43.32,-43.56,-47.77,-54.94,2026-06-29 00:14:03+00:00
2026-06-29T00:15:03+00:00,-45.07,-56.51,-62.83,-61.09,-61.13,-46.40,-48.72,-60.80,-48.88,-46.16,-48.18,-59.40,-53.48,-43.14,-43.51,-46.82,-53.66,2026-06-29 00:15:03+00:00
2026-06-29T00:16:04+00:00,-44.81,-56.85,-62.48,-59.99,-62.72,-46.19,-48.78,-60.26,-49.02,-45.15,-47.98,-59.68,-53.40,-43.20,-44.27,-46.65,-54.17,2026-06-29 00:16:04+00:00
2026-06-29T00:17:04+00:00,-44.91,-56.87,-62.13,-60.95,-61.41,-46.31,-48.87,-58.90,-48.96,-44.86,-47.97,-59.70,-53.44,-43.32,-44.53,-46.66,-52.71,2026-06-29 00:17:04+00:00
2026-06-29T00:18:04+00:00,-45.06,-55.81,-61.57,-60.63,-60.94,-46.11,-48.81,-57.97,-49.14,-45.24,-47.59,-59.56,-52.50,-43.51,-45.28,-45.80,-53.40,2026-06-29 00:18:04+00:00
2026-06-29T00:19:03+00:00,-45.16,-57.12,-61.68,-60.53,-62.41,-46.31,-48.80,-57.94,-49.71,-45.93,-47.64,-60.25,-52.89,-44.13,-46.07,-42.76,-51.99,2026-06-29 00:19:03+00:00
2026-06-29T00:20:03+00:00,-45.10,-57.00,-63.37,-60.86,-62.10,-46.15,-48.89,-61.06,-49.94,-46.19,-48.35,-60.89,-53.51,-43.94,-46.18,-43.95,-52.06,2026-06-29 00:20:03+00:00
2026-06-29T00:21:04+00:00,-44.66,-56.16,-60.51,-60.25,-62.18,-45.99,-48.70,-59.11,-49.55,-45.80,-48.11,-58.90,-53.32,-43.97,-46.12,-44.82,-52.28,2026-06-29 00:21:04+00:00
2026-06-29T00:22:03+00:00,-45.25,-57.05,-64.47,-61.20,-61.61,-45.95,-48.92,-60.83,-49.88,-45.18,-49.10,-59.99,-52.81,-44.23,-44.98,-47.06,-53.14,2026-06-29 00:22:03+00:00
2026-06-29T00:23:03+00:00,-45.58,-56.83,-62.08,-60.17,-62.19,-45.77,-48.55,-59.03,-49.68,-44.79,-48.39,-59.39,-53.12,-44.01,-45.10,-45.98,-51.88,2026-06-29 00:23:03+00:00
2026-06-29T00:24:04+00:00,-45.59,-57.07,-63.21,-61.03,-60.98,-46.12,-48.81,-59.78,-49.85,-45.30,-48.39,-60.57,-53.14,-46.41,-45.27,-46.55,-53.80,2026-06-29 00:24:04+00:00
2026-06-29T00:25:04+00:00,-45.59,-57.04,-64.46,-61.08,-62.32,-46.43,-48.94,-60.61,-52.10,-45.73,-49.32,-61.05,-53.61,-45.56,-45.14,-46.47,-54.11,2026-06-29 00:25:04+00:00
2026-06-29T00:26:03+00:00,-45.65,-56.82,-63.63,-61.37,-62.02,-46.34,-48.86,-60.63,-51.96,-46.01,-49.35,-60.34,-53.74,-45.06,-44.86,-47.92,-53.28,2026-06-29 00:26:03+00:00
2026-06-29T00:27:03+00:00,-45.55,-56.66,-63.22,-61.00,-61.71,-46.51,-48.91,-61.01,-51.96,-45.45,-49.26,-60.17,-53.87,-46.64,-44.26,-49.15,-53.10,2026-06-29 00:27:03+00:00
2026-06-29T00:28:04+00:00,-45.49,-57.19,-63.64,-61.03,-61.30,-46.76,-48.99,-60.60,-52.50,-45.46,-49.37,-60.35,-53.40,-48.07,-43.77,-49.40,-51.86,2026-06-29 00:28:04+00:00
2026-06-29T00:29:04+00:00,-45.37,-56.68,-62.43,-61.31,-63.15,-46.36,-48.93,-60.47,-52.50,-45.69,-48.68,-59.72,-53.32,-48.21,-43.61,-49.67,-53.47,2026-06-29 00:29:04+00:00
2026-06-29T00:30:03+00:00,-45.50,-57.04,-62.92,-61.20,-61.41,-46.42,-48.84,-60.76,-52.29,-45.18,-49.58,-60.42,-53.84,-48.00,-43.12,-53.33,-56.58,2026-06-29 00:30:03+00:00
2026-06-29T00:31:03+00:00,-45.44,-56.97,-64.33,-61.18,-61.71,-46.30,-48.81,-60.87,-52.62,-45.07,-49.56,-60.88,-53.66,-49.81,-42.96,-55.10,-54.17,2026-06-29 00:31:03+00:00
2026-06-29T00:32:03+00:00,-45.35,-56.50,-63.57,-61.18,-63.24,-46.32,-49.08,-60.12,-52.28,-44.92,-49.48,-60.25,-53.42,-50.45,-42.75,-55.15,-54.27,2026-06-29 00:32:03+00:00
2026-06-29T00:33:04+00:00,-45.28,-56.37,-63.42,-60.63,-61.88,-46.42,-48.98,-59.60,-52.42,-43.97,-49.06,-60.27,-53.17,-51.24,-43.44,-55.06,-53.14,2026-06-29 00:33:04+00:00
2026-06-29T00:34:04+00:00,-45.20,-56.98,-63.13,-60.93,-62.09,-46.41,-48.97,-60.47,-52.61,-44.09,-48.59,-60.75,-53.60,-51.68,-43.26,-51.29,-53.83,2026-06-29 00:34:04+00:00
2026-06-29T00:35:03+00:00,-45.21,-56.57,-62.83,-60.92,-61.79,-46.40,-48.84,-59.19,-52.46,-44.86,-49.93,-60.26,-53.18,-53.57,-43.14,-52.17,-52.66,2026-06-29 00:35:03+00:00
2026-06-29T00:36:03+00:00,-45.40,-56.32,-63.31,-60.69,-61.91,-46.26,-48.79,-60.62,-52.67,-44.63,-49.72,-60.01,-52.87,-57.06,-43.42,-51.25,-51.96,2026-06-29 00:36:03+00:00
2026-06-29T00:37:04+00:00,-45.38,-56.52,-60.63,-60.68,-61.68,-46.42,-48.87,-59.64,-52.36,-44.38,-49.71,-59.58,-52.91,-60.93,-43.47,-55.15,-52.97,2026-06-29 00:37:04+00:00
2026-06-29T00:38:04+00:00,-45.11,-56.36,-59.83,-60.02,-61.53,-46.31,-48.76,-60.50,-52.60,-44.41,-49.10,-59.66,-52.85,-60.31,-43.54,-51.89,-51.82,2026-06-29 00:38:04+00:00
2026-06-29T00:39:04+00:00,-45.20,-56.80,-62.05,-61.66,-62.64,-46.85,-48.87,-60.29,-52.81,-44.39,-48.65,-60.38,-53.32,-59.09,-43.95,-49.93,-54.27,2026-06-29 00:39:04+00:00
2026-06-29T00:40:03+00:00,-45.39,-56.68,-63.70,-61.58,-61.76,-46.48,-48.93,-61.19,-52.75,-44.85,-49.59,-60.20,-53.64,-59.84,-44.46,-47.61,-53.29,2026-06-29 00:40:03+00:00
2026-06-29T00:41:03+00:00,-45.74,-56.74,-62.02,-60.67,-61.25,-46.77,-48.54,-60.43,-52.80,-44.34,-49.47,-59.99,-53.60,-57.93,-43.96,-45.10,-53.13,2026-06-29 00:41:03+00:00
2026-06-29T00:42:04+00:00,-45.94,-56.85,-63.27,-60.90,-63.18,-46.72,-48.56,-60.89,-52.82,-44.66,-49.41,-60.57,-53.74,-59.42,-44.12,-45.54,-53.45,2026-06-29 00:42:04+00:00
2026-06-29T00:43:04+00:00,-45.84,-56.91,-63.79,-61.21,-62.42,-46.57,-48.61,-60.99,-52.79,-44.71,-48.93,-60.34,-53.74,-57.61,-43.77,-45.31,-56.58,2026-06-29 00:43:04+00:00
2026-06-29T00:44:03+00:00,-45.71,-56.64,-61.85,-60.82,-62.02,-46.61,-48.49,-60.27,-52.66,-44.63,-48.73,-60.11,-53.89,-53.86,-43.55,-47.53,-51.90,2026-06-29 00:44:03+00:00
2026-06-29T00:45:03+00:00,-45.95,-56.57,-62.53,-60.89,-62.30,-46.68,-48.59,-59.75,-52.91,-44.24,-48.49,-60.10,-54.11,-51.54,-43.64,-49.15,-51.67,2026-06-29 00:45:03+00:00
2026-06-29T00:46:03+00:00,-45.86,-56.44,-63.21,-60.99,-61.74,-46.97,-48.65,-59.87,-52.58,-44.85,-49.42,-60.61,-54.84,-52.48,-43.83,-46.52,-53.89,2026-06-29 00:46:03+00:00
2026-06-29T00:47:03+00:00,-45.86,-56.64,-62.48,-61.22,-61.02,-46.94,-48.49,-60.77,-52.44,-45.01,-49.47,-60.29,-55.19,-51.74,-44.44,-47.68,-56.60,2026-06-29 00:47:03+00:00
2026-06-29T00:48:04+00:00,-45.54,-56.73,-63.49,-61.15,-62.33,-46.57,-48.47,-59.46,-52.33,-45.38,-49.59,-60.42,-55.15,-50.31,-44.39,-49.05,-53.24,2026-06-29 00:48:04+00:00
2026-06-29T00:49:04+00:00,-45.46,-56.43,-62.03,-60.69,-62.24,-46.59,-48.53,-59.28,-51.30,-45.25,-49.14,-60.72,-54.17,-47.96,-44.10,-47.85,-56.44,2026-06-29 00:49:04+00:00
2026-06-29T00:50:03+00:00,-45.35,-56.02,-61.89,-60.27,-61.95,-46.63,-48.55,-59.70,-51.24,-45.86,-48.52,-60.59,-54.27,-48.71,-43.66,-47.29,-53.95,2026-06-29 00:50:03+00:00
2026-06-29T00:51:03+00:00,-45.27,-56.13,-64.10,-61.00,-62.01,-46.40,-48.52,-61.26,-51.35,-46.48,-49.51,-61.89,-54.82,-48.24,-43.60,-46.45,-54.08,2026-06-29 00:51:03+00:00
2026-06-29T00:52:04+00:00,-45.15,-56.55,-61.77,-60.58,-61.66,-46.68,-48.60,-60.29,-51.17,-46.24,-49.48,-60.98,-54.79,-48.27,-44.14,-44.62,-53.16,2026-06-29 00:52:04+00:00
2026-06-29T00:53:04+00:00,-45.02,-56.59,-63.09,-61.12,-61.42,-46.38,-48.59,-61.16,-51.75,-46.01,-49.25,-61.21,-54.65,-46.89,-44.32,-43.96,-52.05,2026-06-29 00:53:04+00:00
2026-06-29T00:54:03+00:00,-45.28,-56.71,-62.62,-61.13,-62.78,-46.83,-48.58,-61.04,-51.39,-45.49,-48.33,-60.94,-54.13,-45.86,-44.36,-46.01,-52.11,2026-06-29 00:54:03+00:00
2026-06-29T00:55:04+00:00,-45.27,-55.57,-60.83,-60.75,-61.98,-46.34,-48.52,-60.49,-49.40,-45.51,-47.96,-60.41,-54.09,-45.96,-43.99,-47.16,-53.11,2026-06-29 00:55:04+00:00
2026-06-29T00:56:04+00:00,-45.55,-56.41,-62.44,-60.75,-61.72,-46.64,-48.58,-61.06,-49.65,-45.78,-48.78,-61.57,-54.43,-44.37,-44.57,-47.71,-51.93,2026-06-29 00:56:04+00:00
2026-06-29T00:57:03+00:00,-45.31,-56.46,-62.35,-61.35,-63.07,-49.90,-48.57,-59.92,-49.44,-45.88,-49.00,-59.09,-54.23,-44.17,-44.01,-46.01,-53.99,2026-06-29 00:57:03+00:00
2026-06-29T00:58:03+00:00,-45.26,-56.84,-64.12,-61.16,-60.87,-50.06,-48.75,-61.03,-49.19,-46.09,-48.85,-58.73,-54.05,-44.30,-44.07,-45.38,-54.02,2026-06-29 00:58:03+00:00
2026-06-29T00:59:04+00:00,-45.48,-56.76,-63.88,-60.81,-61.81,-49.84,-48.59,-61.05,-49.17,-46.31,-48.43,-58.16,-54.02,-44.08,-45.10,-43.60,-51.88,2026-06-29 00:59:04+00:00
2026-06-29T01:00:04+00:00,-44.95,-56.98,-63.79,-61.47,-63.82,-50.85,-48.63,-61.68,-49.41,-47.01,-48.80,-59.26,-54.25,-42.93,-44.86,-45.84,-54.19,2026-06-29 01:00:04+00:00
2026-06-29T01:01:04+00:00,-45.40,-57.04,-63.87,-61.29,-63.04,-50.66,-48.63,-60.85,-49.38,-46.92,-48.67,-59.61,-53.66,-43.02,-46.07,-46.46,-54.02,2026-06-29 01:01:04+00:00
2026-06-29T01:02:04+00:00,-45.58,-58.97,-63.71,-61.63,-61.99,-51.04,-48.83,-60.86,-49.36,-47.59,-48.29,-59.21,-54.16,-43.89,-45.11,-46.61,-51.93,2026-06-29 01:02:04+00:00
2026-06-29T01:03:03+00:00,-45.05,-59.35,-63.75,-61.80,-62.63,-51.96,-48.34,-61.46,-49.49,-47.35,-47.85,-59.86,-54.00,-42.93,-45.29,-45.61,-52.27,2026-06-29 01:03:03+00:00
2026-06-29T01:04:03+00:00,-44.91,-58.93,-63.55,-60.88,-61.52,-52.23,-48.48,-61.04,-50.00,-47.76,-47.55,-60.55,-54.12,-43.44,-45.22,-46.23,-53.98,2026-06-29 01:04:03+00:00
2026-06-29T01:05:04+00:00,-45.61,-59.04,-64.34,-61.04,-61.88,-52.80,-48.56,-61.57,-50.10,-47.17,-47.30,-60.33,-54.36,-43.76,-45.69,-47.69,-53.16,2026-06-29 01:05:04+00:00
2026-06-29T01:06:04+00:00,-45.57,-58.81,-64.25,-61.25,-61.21,-52.75,-48.48,-61.48,-50.09,-47.38,-47.95,-60.71,-54.84,-44.72,-45.20,-48.04,-52.16,2026-06-29 01:06:04+00:00
2026-06-29T01:07:04+00:00,-45.45,-58.22,-64.33,-61.03,-61.23,-52.55,-48.23,-60.32,-50.04,-48.16,-48.03,-60.67,-54.83,-45.14,-44.84,-48.57,-53.12,2026-06-29 01:07:04+00:00
2026-06-29T01:08:03+00:00,-45.62,-58.63,-64.36,-61.04,-61.61,-52.40,-48.50,-61.52,-50.12,-47.92,-47.69,-60.85,-55.00,-44.95,-44.77,-49.39,-53.24,2026-06-29 01:08:03+00:00
2026-06-29T01:09:03+00:00,-45.49,-58.38,-63.92,-61.02,-61.64,-52.18,-48.52,-61.21,-49.98,-47.37,-47.14,-59.93,-54.45,-45.74,-44.71,-48.09,-51.66,2026-06-29 01:09:03+00:00
2026-06-29T01:10:04+00:00,-45.59,-58.42,-65.25,-61.22,-62.28,-51.79,-48.50,-62.26,-52.47,-48.22,-47.18,-60.29,-54.72,-45.57,-44.97,-52.16,-53.25,2026-06-29 01:10:04+00:00
2026-06-29T01:11:04+00:00,-45.73,-59.08,-63.99,-61.07,-61.31,-51.61,-48.55,-61.02,-52.43,-48.56,-47.36,-59.46,-54.25,-47.33,-45.45,-51.84,-51.57,2026-06-29 01:11:04+00:00
2026-06-29T01:12:03+00:00,-45.60,-58.95,-64.84,-61.00,-61.31,-51.78,-48.43,-61.67,-52.52,-48.30,-47.25,-59.23,-54.69,-46.97,-44.96,-53.26,-51.99,2026-06-29 01:12:03+00:00
2026-06-29T01:13:04+00:00,-45.75,-59.40,-64.77,-61.39,-62.99,-52.08,-48.39,-61.66,-53.43,-47.43,-46.68,-58.68,-54.31,-46.30,-45.52,-54.01,-51.96,2026-06-29 01:13:04+00:00
2026-06-29T01:14:04+00:00,-45.51,-57.95,-61.82,-61.23,-61.84,-51.76,-48.33,-60.24,-52.81,-48.29,-46.70,-57.74,-54.53,-46.76,-45.76,-49.91,-51.98,2026-06-29 01:14:04+00:00
2026-06-29T01:15:03+00:00,-45.46,-58.37,-63.73,-61.18,-61.76,-51.70,-48.34,-60.60,-52.92,-49.17,-47.18,-57.43,-54.68,-47.30,-46.32,-48.45,-54.12,2026-06-29 01:15:03+00:00
2026-06-29T01:16:03+00:00,-46.07,-58.77,-64.85,-61.76,-62.37,-51.43,-48.10,-61.57,-52.90,-49.61,-46.66,-57.03,-54.89,-47.46,-45.88,-46.25,-52.11,2026-06-29 01:16:03+00:00
2026-06-29T01:17:04+00:00,-45.92,-57.93,-62.69,-60.70,-61.39,-51.31,-48.17,-58.51,-52.70,-50.24,-46.43,-56.53,-54.35,-47.43,-46.03,-45.61,-52.17,2026-06-29 01:17:04+00:00
2026-06-29T01:18:04+00:00,-46.17,-58.35,-64.15,-61.15,-62.59,-51.51,-48.25,-61.54,-52.97,-49.43,-46.45,-57.54,-54.20,-46.25,-46.47,-46.29,-51.74,2026-06-29 01:18:04+00:00
2026-06-29T01:19:03+00:00,-46.13,-58.09,-64.66,-61.25,-61.68,-50.29,-48.16,-61.12,-52.86,-49.62,-46.10,-57.98,-54.39,-46.29,-46.30,-44.87,-51.96,2026-06-29 01:19:03+00:00
2026-06-29T01:20:03+00:00,-46.00,-58.24,-64.26,-61.11,-61.01,-50.39,-48.07,-61.09,-52.92,-50.61,-46.78,-58.65,-54.78,-46.77,-46.83,-46.22,-51.80,2026-06-29 01:20:03+00:00
2026-06-29T01:21:03+00:00,-45.87,-58.17,-64.94,-60.54,-62.22,-49.14,-47.93,-60.66,-52.73,-50.54,-46.58,-58.95,-54.61,-46.07,-46.79,-45.91,-51.84,2026-06-29 01:21:03+00:00
2026-06-29T01:22:04+00:00,-46.08,-58.52,-65.30,-61.57,-62.56,-48.93,-48.05,-61.43,-53.40,-50.35,-46.31,-58.46,-54.83,-46.00,-47.46,-46.52,-51.85,2026-06-29 01:22:04+00:00
2026-06-29T01:23:03+00:00,-45.63,-58.44,-65.09,-61.37,-62.87,-48.74,-47.98,-61.35,-52.98,-50.18,-45.86,-58.41,-54.05,-45.12,-47.51,-46.63,-51.83,2026-06-29 01:23:03+00:00
2026-06-29T01:24:03+00:00,-45.40,-57.71,-63.62,-61.10,-61.56,-48.89,-47.74,-59.96,-52.61,-50.44,-45.74,-57.55,-53.84,-44.71,-48.27,-46.96,-51.72,2026-06-29 01:24:03+00:00
2026-06-29T01:25:04+00:00,-45.45,-57.66,-63.54,-60.94,-61.73,-48.76,-47.84,-60.72,-52.65,-50.28,-46.14,-57.76,-53.69,-44.70,-48.03,-49.60,-51.98,2026-06-29 01:25:04+00:00
2026-06-29T01:26:04+00:00,-45.39,-58.71,-64.84,-61.58,-60.95,-48.89,-47.99,-62.03,-52.96,-50.70,-46.27,-58.02,-54.23,-44.59,-47.83,-49.77,-51.90,2026-06-29 01:26:04+00:00
2026-06-29T01:27:03+00:00,-45.79,-58.86,-65.04,-61.40,-62.86,-49.27,-48.23,-61.62,-52.73,-50.91,-46.01,-57.91,-53.93,-44.51,-47.40,-51.11,-51.89,2026-06-29 01:27:03+00:00
2026-06-29T01:28:03+00:00,-45.63,-58.71,-64.37,-61.39,-61.52,-46.42,-48.11,-61.44,-52.78,-50.34,-45.65,-57.91,-53.74,-44.12,-46.79,-50.94,-51.94,2026-06-29 01:28:03+00:00
2026-06-29T01:29:04+00:00,-45.35,-58.61,-63.98,-61.44,-63.35,-46.29,-48.05,-59.97,-52.51,-49.94,-45.93,-58.06,-53.99,-44.95,-47.31,-50.11,-51.74,2026-06-29 01:29:04+00:00
2026-06-29T01:30:04+00:00,-45.26,-58.35,-63.93,-61.20,-61.61,-46.23,-48.13,-60.77,-52.77,-50.91,-45.92,-58.06,-54.04,-45.19,-47.27,-47.40,-56.94,2026-06-29 01:30:04+00:00
2026-06-29T01:31:04+00:00,-45.84,-58.27,-65.11,-61.11,-61.75,-46.16,-48.52,-62.05,-52.62,-52.22,-46.22,-58.06,-54.30,-45.75,-47.22,-48.94,-52.04,2026-06-29 01:31:04+00:00
2026-06-29T01:32:04+00:00,-45.56,-58.37,-64.69,-61.28,-63.33,-46.27,-48.51,-61.31,-52.48,-49.96,-45.84,-58.27,-53.74,-44.62,-46.70,-50.71,-52.11,2026-06-29 01:32:04+00:00
2026-06-29T01:33:03+00:00,-45.54,-58.47,-63.13,-61.12,-61.81,-45.88,-48.47,-61.12,-51.73,-50.67,-45.57,-57.83,-54.20,-43.71,-46.14,-50.55,-56.26,2026-06-29 01:33:03+00:00
2026-06-29T01:34:03+00:00,-45.67,-58.77,-64.98,-61.07,-62.73,-45.98,-48.63,-60.70,-51.28,-50.51,-45.55,-57.80,-54.19,-43.11,-46.81,-48.35,-52.24,2026-06-29 01:34:03+00:00
2026-06-29T01:35:04+00:00,-45.54,-58.85,-65.20,-61.72,-62.56,-46.16,-48.53,-61.87,-51.32,-51.77,-46.17,-57.69,-54.76,-43.33,-46.18,-48.35,-57.06,2026-06-29 01:35:04+00:00
2026-06-29T01:36:04+00:00,-45.54,-58.78,-65.22,-61.43,-60.67,-46.22,-48.24,-61.36,-51.54,-51.86,-46.13,-57.78,-54.62,-42.57,-46.23,-46.62,-53.48,2026-06-29 01:36:04+00:00
2026-06-29T01:37:04+00:00,-45.45,-58.55,-65.07,-61.27,-61.66,-45.64,-48.14,-61.51,-51.42,-51.89,-46.05,-57.61,-54.63,-41.73,-45.98,-44.98,-54.18,2026-06-29 01:37:04+00:00
2026-06-29T01:38:03+00:00,-45.51,-58.32,-64.69,-61.69,-62.26,-45.57,-48.07,-60.92,-51.38,-51.26,-45.79,-57.83,-54.37,-41.19,-45.16,-42.78,-53.98,2026-06-29 01:38:03+00:00
2026-06-29T01:39:03+00:00,-45.32,-58.08,-62.91,-61.16,-61.17,-45.62,-48.12,-59.88,-51.50,-52.62,-45.79,-57.93,-54.48,-41.68,-45.42,-43.42,-54.07,2026-06-29 01:39:03+00:00
2026-06-29T01:40:04+00:00,-45.50,-58.56,-65.26,-61.28,-61.69,-45.23,-49.56,-61.94,-49.49,-53.54,-46.07,-58.58,-54.73,-42.38,-45.93,-43.88,-54.46,2026-06-29 01:40:04+00:00
2026-06-29T01:41:03+00:00,-45.47,-58.65,-65.59,-61.28,-63.36,-45.32,-49.06,-61.75,-49.52,-53.74,-45.99,-58.94,-54.79,-41.93,-46.00,-42.97,-54.48,2026-06-29 01:41:03+00:00
2026-06-29T01:42:03+00:00,-45.40,-58.61,-64.71,-61.27,-61.05,-45.09,-49.16,-60.94,-49.51,-51.12,-45.71,-59.25,-54.14,-41.26,-46.19,-42.17,-53.84,2026-06-29 01:42:03+00:00
2026-06-29T01:43:04+00:00,-45.55,-59.83,-64.87,-60.82,-62.16,-44.95,-49.13,-62.06,-49.36,-53.06,-45.25,-59.52,-54.63,-41.73,-46.67,-42.25,-54.32,2026-06-29 01:43:04+00:00
2026-06-29T01:44:04+00:00,-45.55,-59.61,-64.09,-61.08,-61.16,-44.86,-48.96,-61.19,-49.24,-52.90,-45.37,-59.98,-54.64,-42.73,-46.36,-43.78,-54.50,2026-06-29 01:44:04+00:00
2026-06-29T01:45:03+00:00,-45.33,-58.39,-64.05,-61.33,-61.65,-44.75,-48.92,-60.91,-49.31,-53.54,-45.76,-60.47,-54.43,-42.81,-46.57,-42.91,-54.56,2026-06-29 01:45:03+00:00
2026-06-29T01:46:04+00:00,-45.47,-59.26,-65.15,-61.05,-62.40,-44.93,-48.87,-61.55,-49.38,-52.64,-45.78,-60.99,-55.29,-43.40,-46.32,-44.03,-54.57,2026-06-29 01:46:04+00:00
2026-06-29T01:47:04+00:00,-45.45,-58.22,-64.64,-61.14,-62.12,-45.65,-49.12,-61.90,-49.48,-51.16,-45.79,-61.39,-55.40,-44.03,-46.70,-43.66,-54.02,2026-06-29 01:47:04+00:00
2026-06-29T01:48:03+00:00,-45.60,-58.34,-63.61,-61.39,-62.04,-45.75,-49.04,-60.23,-50.04,-48.89,-45.60,-60.88,-54.95,-43.76,-46.81,-45.11,-54.75,2026-06-29 01:48:03+00:00
2026-06-29T01:49:03+00:00,-45.44,-58.01,-64.48,-61.32,-61.69,-45.59,-49.04,-61.43,-50.15,-49.12,-45.35,-61.64,-54.09,-44.12,-46.99,-48.20,-54.43,2026-06-29 01:49:03+00:00
2026-06-29T01:50:04+00:00,-45.10,-58.57,-64.26,-60.85,-61.49,-45.64,-49.08,-61.16,-50.13,-49.97,-46.21,-61.62,-54.85,-44.95,-46.35,-50.75,-54.50,2026-06-29 01:50:04+00:00
2026-06-29T01:51:04+00:00,-45.04,-58.38,-64.86,-61.75,-62.00,-45.68,-48.91,-61.29,-50.15,-49.85,-46.21,-61.81,-55.03,-45.78,-45.92,-47.23,-53.67,2026-06-29 01:51:04+00:00
2026-06-29T01:52:03+00:00,-45.69,-58.11,-65.18,-61.13,-61.99,-45.53,-48.82,-61.92,-50.21,-49.31,-46.52,-61.66,-55.04,-46.10,-46.58,-46.40,-54.67,2026-06-29 01:52:03+00:00
2026-06-29T01:53:04+00:00,-45.75,-59.01,-64.58,-61.50,-60.94,-45.39,-48.68,-62.04,-50.19,-48.39,-45.94,-61.33,-54.14,-45.42,-46.43,-46.35,-53.78,2026-06-29 01:53:04+00:00
2026-06-29T01:54:04+00:00,-45.60,-59.15,-65.56,-61.74,-61.96,-45.42,-48.83,-61.57,-50.44,-48.73,-46.34,-61.52,-54.09,-45.84,-46.22,-46.64,-53.86,2026-06-29 01:54:04+00:00
2026-06-29T01:55:03+00:00,-45.90,-58.36,-64.33,-60.84,-61.86,-45.30,-48.51,-60.73,-52.71,-48.30,-46.65,-60.86,-54.43,-46.24,-45.36,-46.02,-54.10,2026-06-29 01:55:03+00:00
2026-06-29T01:56:03+00:00,-45.80,-58.00,-63.89,-60.94,-61.80,-45.37,-48.70,-60.14,-52.32,-48.11,-46.62,-60.49,-54.40,-46.93,-46.41,-48.75,-54.14,2026-06-29 01:56:03+00:00
2026-06-29T01:57:04+00:00,-46.03,-59.07,-63.03,-60.75,-62.97,-45.22,-48.86,-59.29,-52.32,-48.34,-46.42,-59.54,-54.26,-47.76,-46.02,-49.35,-54.34,2026-06-29 01:57:04+00:00
2026-06-29T01:58:03+00:00,-46.15,-59.17,-63.87,-60.84,-61.46,-45.34,-48.44,-59.23,-52.84,-48.99,-46.32,-60.01,-54.19,-49.36,-47.35,-48.57,-54.32,2026-06-29 01:58:03+00:00
2026-06-29T01:59:03+00:00,-45.58,-59.73,-64.33,-61.32,-61.29,-45.37,-48.27,-61.91,-53.07,-48.13,-46.16,-59.60,-54.07,-48.17,-47.13,-47.77,-54.35,2026-06-29 01:59:03+00:00
2026-06-29T02:00:04+00:00,-45.56,-58.45,-63.90,-61.01,-61.34,-48.48,-48.15,-61.49,-52.92,-48.63,-46.08,-59.14,-53.92,-48.81,-47.99,-48.23,-54.09,2026-06-29 02:00:04+00:00
2026-06-29T02:01:04+00:00,-45.47,-58.79,-64.26,-61.00,-60.31,-48.31,-54.85,-61.65,-53.07,-49.12,-46.08,-59.47,-53.95,-49.32,-46.54,-48.08,-53.66,2026-06-29 02:01:04+00:00
2026-06-29T02:02:04+00:00,-45.28,-58.83,-63.69,-60.25,-62.36,-48.17,-48.36,-61.41,-53.14,-49.21,-45.81,-58.64,-53.80,-49.64,-47.19,-47.70,-52.83,2026-06-29 02:02:04+00:00
2026-06-29T02:03:03+00:00,-45.38,-58.67,-63.75,-60.74,-61.35,-48.28,-48.37,-61.02,-53.08,-49.07,-45.84,-58.79,-53.64,-50.12,-47.50,-46.35,-53.66,2026-06-29 02:03:03+00:00
2026-06-29T02:04:04+00:00,-45.44,-58.57,-65.02,-60.93,-62.14,-48.33,-48.41,-62.03,-53.05,-48.16,-45.94,-59.00,-53.53,-49.97,-47.66,-46.73,-53.67,2026-06-29 02:04:04+00:00
2026-06-29T02:05:04+00:00,-45.60,-58.98,-63.33,-60.83,-61.45,-48.45,-48.44,-60.67,-52.78,-48.23,-45.96,-58.48,-53.80,-50.48,-47.28,-45.84,-52.63,2026-06-29 02:05:04+00:00
2026-06-29T02:06:04+00:00,-45.48,-58.46,-63.66,-60.97,-62.12,-48.55,-48.42,-60.74,-52.75,-48.69,-46.07,-58.39,-54.05,-49.42,-47.10,-46.37,-52.94,2026-06-29 02:06:04+00:00
2026-06-29T02:07:03+00:00,-45.62,-60.38,-64.14,-61.14,-61.67,-48.56,-48.25,-61.70,-52.80,-49.10,-46.43,-58.49,-54.56,-48.54,-47.51,-46.46,-53.58,2026-06-29 02:07:03+00:00
2026-06-29T02:08:03+00:00,-45.58,-58.53,-63.12,-61.17,-61.73,-48.60,-48.33,-59.36,-52.86,-49.50,-46.61,-57.98,-54.58,-48.78,-47.40,-46.40,-54.16,2026-06-29 02:08:03+00:00
2026-06-29T02:09:04+00:00,-45.62,-59.13,-63.84,-61.28,-61.87,-49.50,-48.15,-59.92,-52.91,-49.06,-46.27,-58.19,-54.68,-48.24,-46.88,-44.12,-54.07,2026-06-29 02:09:04+00:00
2026-06-29T02:10:04+00:00,-45.75,-57.80,-62.70,-60.88,-62.46,-48.83,-48.09,-58.96,-52.81,-48.43,-45.98,-57.84,-54.38,-48.84,-46.53,-44.57,-54.12,2026-06-29 02:10:04+00:00
2026-06-29T02:11:03+00:00,-45.58,-59.00,-64.43,-61.56,-61.99,-49.93,-48.16,-61.06,-52.88,-48.54,-45.66,-58.08,-55.10,-49.70,-46.97,-44.54,-54.32,2026-06-29 02:11:03+00:00
2026-06-29T02:12:04+00:00,-45.59,-58.25,-64.09,-61.10,-62.35,-49.52,-48.05,-60.77,-52.72,-48.39,-46.33,-57.86,-55.67,-48.84,-48.44,-43.12,-54.25,2026-06-29 02:12:04+00:00
2026-06-29T02:13:04+00:00,-45.77,-59.76,-65.42,-61.23,-61.73,-49.50,-48.28,-62.05,-53.14,-47.66,-46.22,-58.48,-56.07,-49.26,-48.01,-43.16,-53.75,2026-06-29 02:13:04+00:00
2026-06-29T02:14:03+00:00,-45.84,-58.78,-63.40,-61.33,-61.87,-50.33,-48.30,-60.74,-52.76,-46.66,-46.22,-58.10,-56.26,-48.18,-47.90,-43.46,-53.83,2026-06-29 02:14:03+00:00
2026-06-29T02:15:03+00:00,-45.65,-58.31,-62.36,-61.03,-62.07,-50.34,-48.05,-60.65,-52.49,-45.84,-45.89,-57.90,-55.71,-48.54,-48.61,-43.73,-53.81,2026-06-29 02:15:03+00:00
2026-06-29T02:16:04+00:00,-45.74,-59.32,-64.96,-61.08,-62.68,-50.36,-48.07,-62.38,-52.59,-45.89,-45.98,-58.46,-56.24,-47.27,-49.67,-44.55,-54.48,2026-06-29 02:16:04+00:00
2026-06-29T02:17:04+00:00,-45.43,-59.07,-63.42,-61.08,-61.22,-50.01,-48.09,-61.77,-52.43,-45.88,-46.54,-57.68,-56.17,-47.17,-50.52,-45.21,-53.82,2026-06-29 02:17:04+00:00
2026-06-29T02:18:03+00:00,-45.65,-60.15,-66.11,-61.24,-61.09,-50.17,-55.84,-62.77,-51.42,-46.01,-46.40,-58.60,-56.57,-47.40,-50.50,-44.63,-54.05,2026-06-29 02:18:03+00:00
2026-06-29T02:19:03+00:00,-45.56,-58.87,-65.60,-61.35,-61.42,-49.63,-45.63,-62.57,-51.49,-46.01,-46.44,-58.57,-56.22,-47.95,-51.88,-44.26,-53.73,2026-06-29 02:19:03+00:00
2026-06-29T02:20:04+00:00,-45.33,-58.88,-65.25,-61.54,-62.01,-49.57,-48.27,-61.76,-51.40,-45.90,-46.34,-58.74,-55.91,-47.91,-52.09,-43.77,-54.33,2026-06-29 02:20:04+00:00
2026-06-29T02:21:04+00:00,-45.37,-58.84,-64.66,-61.28,-62.60,-49.31,-48.33,-61.36,-51.58,-46.05,-45.79,-58.49,-55.38,-49.24,-51.44,-43.26,-53.41,2026-06-29 02:21:04+00:00
2026-06-29T02:22:03+00:00,-45.44,-59.86,-65.42,-61.36,-62.17,-48.38,-48.38,-62.10,-51.52,-46.56,-46.04,-58.84,-56.22,-47.87,-52.56,-43.24,-54.14,2026-06-29 02:22:03+00:00
2026-06-29T02:23:03+00:00,-45.79,-60.74,-65.91,-61.60,-62.75,-48.55,-48.42,-62.23,-51.55,-46.41,-46.04,-58.91,-56.37,-46.91,-52.53,-42.84,-54.50,2026-06-29 02:23:03+00:00
2026-06-29T02:24:04+00:00,-45.48,-60.11,-65.90,-61.54,-61.90,-47.67,-48.22,-61.82,-49.56,-46.45,-45.81,-58.61,-56.49,-46.88,-52.14,-43.36,-54.66,2026-06-29 02:24:04+00:00
2026-06-29T02:25:04+00:00,-45.94,-60.54,-65.22,-61.36,-62.06,-45.52,-48.57,-62.18,-49.55,-46.11,-45.68,-58.59,-56.00,-47.18,-49.56,-41.45,-54.60,2026-06-29 02:25:04+00:00
2026-06-29T02:26:03+00:00,-45.66,-60.38,-65.37,-61.49,-63.26,-45.42,-48.52,-62.62,-49.53,-46.40,-45.51,-58.63,-56.53,-46.84,-51.72,-40.26,-54.45,2026-06-29 02:26:03+00:00
2026-06-29T02:27:03+00:00,-45.71,-59.88,-64.51,-61.26,-61.39,-45.27,-48.31,-61.28,-49.49,-46.87,-46.04,-58.51,-56.95,-45.98,-51.81,-40.14,-54.13,2026-06-29 02:27:03+00:00
2026-06-29T02:28:04+00:00,-45.42,-59.52,-65.86,-61.69,-61.63,-45.41,-48.43,-62.56,-49.33,-47.69,-46.18,-58.84,-57.42,-44.59,-51.84,-40.73,-54.35,2026-06-29 02:28:04+00:00
2026-06-29T02:29:04+00:00,-45.39,-59.65,-64.86,-61.61,-62.23,-45.22,-48.38,-60.04,-49.44,-48.15,-46.10,-58.18,-57.15,-45.09,-51.76,-40.77,-54.00,2026-06-29 02:29:04+00:00
2026-06-29T02:30:03+00:00,-46.24,-60.07,-64.99,-61.25,-61.75,-45.18,-48.41,-62.28,-49.48,-47.83,-46.28,-58.94,-56.50,-45.87,-51.04,-40.69,-54.00,2026-06-29 02:30:03+00:00
2026-06-29T02:31:03+00:00,-45.97,-58.86,-64.34,-61.36,-61.39,-45.04,-48.36,-62.25,-49.50,-49.47,-46.19,-58.82,-56.61,-45.49,-52.13,-40.38,-54.70,2026-06-29 02:31:03+00:00
2026-06-29T02:32:03+00:00,-46.10,-60.74,-64.34,-61.42,-61.87,-45.09,-48.23,-62.39,-49.55,-49.82,-46.33,-58.93,-56.94,-44.52,-51.77,-39.34,-54.28,2026-06-29 02:32:03+00:00
2026-06-29T02:33:04+00:00,-45.96,-60.45,-65.47,-61.38,-60.80,-44.98,-48.17,-62.51,-50.09,-50.44,-46.86,-59.63,-57.37,-44.59,-52.61,-39.54,-54.61,2026-06-29 02:33:04+00:00
2026-06-29T02:34:04+00:00,-46.07,-58.74,-60.24,-61.09,-62.28,-44.84,-48.13,-59.78,-50.06,-51.32,-46.76,-58.52,-56.42,-44.57,-53.19,-42.81,-54.68,2026-06-29 02:34:04+00:00
2026-06-29T02:35:03+00:00,-46.08,-60.56,-65.35,-61.60,-61.75,-44.93,-48.30,-62.50,-50.24,-52.38,-46.64,-59.91,-56.92,-43.82,-50.57,-40.34,-54.59,2026-06-29 02:35:03+00:00
2026-06-29T02:36:04+00:00,-46.08,-60.37,-64.47,-61.78,-63.39,-45.03,-48.23,-62.30,-50.16,-51.53,-46.19,-60.04,-56.16,-43.65,-50.83,-40.47,-54.76,2026-06-29 02:36:04+00:00
2026-06-29T02:37:03+00:00,-45.71,-60.35,-65.23,-61.14,-61.49,-45.15,-47.66,-62.39,-50.21,-52.58,-46.34,-60.18,-56.03,-44.00,-51.96,-40.61,-54.87,2026-06-29 02:37:03+00:00
2026-06-29T02:38:04+00:00,-45.57,-60.34,-65.30,-61.36,-62.20,-45.19,-47.82,-62.26,-50.10,-54.96,-46.95,-59.95,-56.34,-44.36,-51.03,-41.21,-54.23,2026-06-29 02:38:04+00:00
2026-06-29T02:39:04+00:00,-45.61,-58.90,-64.73,-61.48,-61.80,-45.40,-47.73,-61.03,-52.62,-55.79,-46.73,-59.79,-56.55,-42.93,-48.76,-42.13,-54.05,2026-06-29 02:39:04+00:00
2026-06-29T02:40:03+00:00,-45.71,-60.02,-65.94,-61.48,-61.09,-45.45,-47.71,-62.61,-52.73,-56.76,-46.72,-59.76,-56.83,-43.05,-49.60,-44.07,-54.47,2026-06-29 02:40:03+00:00
2026-06-29T02:41:03+00:00,-45.42,-59.46,-63.83,-61.64,-61.90,-45.49,-47.76,-61.63,-52.55,-55.11,-46.57,-59.59,-56.47,-43.44,-49.98,-45.32,-54.24,2026-06-29 02:41:03+00:00
2026-06-29T02:42:04+00:00,-45.33,-59.93,-66.32,-61.77,-61.88,-45.51,-47.80,-62.88,-52.75,-56.50,-46.58,-59.25,-56.76,-44.10,-50.22,-47.15,-54.16,2026-06-29 02:42:04+00:00
2026-06-29T02:43:04+00:00,-45.52,-60.86,-64.19,-61.51,-61.79,-45.41,-47.86,-62.23,-53.12,-56.43,-46.72,-58.82,-56.80,-43.59,-48.62,-50.13,-54.59,2026-06-29 02:43:04+00:00
2026-06-29T02:44:03+00:00,-45.65,-60.32,-64.95,-61.91,-61.94,-45.65,-47.76,-62.35,-53.14,-56.03,-46.61,-58.73,-56.28,-43.77,-49.33,-52.66,-54.46,2026-06-29 02:44:03+00:00
2026-06-29T02:45:04+00:00,-45.76,-61.12,-66.46,-61.72,-62.39,-45.59,-47.80,-62.69,-53.21,-56.30,-46.52,-59.08,-56.76,-43.81,-48.85,-54.99,-54.60,2026-06-29 02:45:04+00:00
2026-06-29T02:46:04+00:00,-45.62,-60.56,-65.92,-61.81,-62.14,-45.69,-47.75,-62.46,-52.80,-54.86,-46.35,-58.63,-56.56,-43.01,-50.17,-56.39,-54.05,2026-06-29 02:46:04+00:00
2026-06-29T02:47:03+00:00,-45.49,-60.32,-65.52,-61.63,-62.30,-45.72,-47.90,-61.92,-53.20,-55.89,-46.21,-58.65,-56.46,-42.89,-49.51,-55.62,-54.51,2026-06-29 02:47:03+00:00
2026-06-29T02:48:03+00:00,-45.65,-60.64,-66.54,-62.02,-62.35,-45.80,-47.91,-62.67,-53.27,-55.62,-46.36,-59.01,-56.29,-42.95,-50.48,-55.44,-54.37,2026-06-29 02:48:03+00:00
2026-06-29T02:49:04+00:00,-45.68,-60.80,-65.76,-61.51,-60.90,-45.66,-47.77,-62.29,-53.23,-55.33,-46.28,-58.92,-56.21,-43.36,-49.78,-54.60,-54.45,2026-06-29 02:49:04+00:00
2026-06-29T02:50:03+00:00,-45.50,-60.60,-65.56,-61.68,-62.28,-46.05,-47.83,-62.42,-53.20,-54.98,-46.22,-59.22,-55.97,-43.67,-49.67,-53.38,-54.82,2026-06-29 02:50:03+00:00
2026-06-29T02:51:03+00:00,-47.36,-60.27,-65.25,-61.77,-61.12,-45.82,-47.97,-62.56,-53.14,-54.70,-46.35,-59.05,-56.05,-44.36,-50.26,-52.58,-53.91,2026-06-29 02:51:03+00:00
2026-06-29T02:52:04+00:00,-47.24,-59.65,-65.89,-61.62,-61.32,-45.96,-47.91,-62.35,-53.04,-52.23,-46.09,-58.97,-55.46,-44.38,-49.93,-51.87,-54.30,2026-06-29 02:52:04+00:00
2026-06-29T02:53:04+00:00,-47.10,-59.55,-65.59,-61.69,-61.60,-46.04,-47.80,-60.92,-52.94,-52.65,-46.12,-58.81,-55.49,-44.11,-50.93,-52.06,-54.00,2026-06-29 02:53:04+00:00
2026-06-29T02:54:03+00:00,-46.95,-58.98,-64.90,-61.57,-61.80,-45.97,-47.91,-61.25,-52.93,-53.55,-46.26,-59.36,-55.65,-44.28,-50.54,-53.62,-54.28,2026-06-29 02:54:03+00:00
2026-06-29T02:55:04+00:00,-47.24,-60.31,-64.89,-61.38,-62.06,-45.92,-47.79,-62.56,-52.96,-53.36,-45.98,-59.18,-55.54,-44.07,-50.74,-51.90,-54.53,2026-06-29 02:55:04+00:00
2026-06-29T02:56:04+00:00,-47.29,-60.51,-65.03,-61.64,-60.39,-46.04,-47.80,-62.27,-52.98,-53.47,-46.07,-58.79,-55.66,-43.57,-51.14,-50.37,-54.60,2026-06-29 02:56:04+00:00
2026-06-29T02:57:03+00:00,-47.21,-60.22,-65.65,-61.56,-61.28,-48.48,-47.91,-62.57,-52.95,-51.12,-45.92,-59.04,-55.29,-42.85,-51.24,-49.68,-53.90,2026-06-29 02:57:03+00:00
2026-06-29T02:58:03+00:00,-47.33,-61.16,-66.67,-62.20,-62.69,-49.55,-48.17,-63.17,-53.21,-52.01,-46.18,-59.17,-55.59,-41.95,-51.87,-49.69,-54.19,2026-06-29 02:58:03+00:00
2026-06-29T02:59:04+00:00,-47.42,-60.69,-65.01,-61.76,-61.48,-49.70,-47.92,-62.81,-52.80,-52.69,-46.90,-58.87,-55.85,-41.01,-53.17,-49.89,-54.51,2026-06-29 02:59:04+00:00
2026-06-29T03:00:04+00:00,-47.04,-60.59,-66.39,-61.86,-61.41,-49.69,-48.02,-62.93,-52.93,-52.40,-46.90,-58.96,-55.64,-40.59,-55.17,-49.21,-53.83,2026-06-29 03:00:04+00:00
2026-06-29T03:01:04+00:00,-47.30,-60.52,-67.51,-62.05,-62.04,-49.53,-48.03,-63.19,-52.83,-51.89,-46.94,-59.08,-55.95,-39.87,-56.63,-49.48,-54.28,2026-06-29 03:01:04+00:00
2026-06-29T03:02:03+00:00,-47.27,-59.76,-66.70,-61.99,-60.71,-49.62,-47.93,-63.01,-52.92,-51.45,-47.36,-59.03,-55.90,-39.57,-57.64,-49.44,-54.73,2026-06-29 03:02:03+00:00
2026-06-29T03:03:03+00:00,-47.46,-59.48,-64.59,-61.66,-61.57,-49.54,-47.91,-61.84,-51.55,-50.21,-47.20,-58.75,-55.44,-39.16,-57.34,-48.57,-54.58,2026-06-29 03:03:03+00:00
2026-06-29T03:04:04+00:00,-47.63,-59.71,-66.87,-61.96,-61.51,-49.59,-47.96,-62.94,-51.59,-50.51,-47.19,-59.09,-55.76,-39.22,-56.27,-48.50,-54.51,2026-06-29 03:04:04+00:00
2026-06-29T03:05:04+00:00,-47.21,-59.88,-66.14,-61.91,-61.89,-49.62,-47.80,-62.72,-51.70,-50.92,-48.07,-58.88,-55.88,-39.25,-55.17,-47.88,-54.09,2026-06-29 03:05:04+00:00
2026-06-29T03:06:03+00:00,-47.30,-60.19,-65.39,-61.28,-61.28,-49.63,-47.78,-61.92,-51.54,-50.72,-48.18,-58.53,-56.01,-39.43,-54.23,-47.80,-53.90,2026-06-29 03:06:03+00:00
2026-06-29T03:07:04+00:00,-47.60,-61.13,-66.97,-62.24,-62.15,-49.74,-47.76,-62.99,-51.64,-50.59,-48.57,-59.23,-56.10,-39.77,-53.20,-48.00,-54.84,2026-06-29 03:07:04+00:00
2026-06-29T03:08:04+00:00,-47.78,-60.34,-65.61,-61.69,-62.08,-49.53,-47.73,-62.27,-51.66,-49.04,-48.50,-59.07,-55.45,-39.82,-52.13,-48.12,-54.26,2026-06-29 03:08:04+00:00
2026-06-29T03:09:03+00:00,-47.97,-60.66,-66.05,-61.87,-62.17,-49.71,-47.81,-62.81,-49.64,-49.89,-48.23,-58.87,-55.68,-40.11,-51.30,-47.83,-54.19,2026-06-29 03:09:03+00:00
2026-06-29T03:10:03+00:00,-47.96,-60.78,-66.53,-62.28,-62.60,-49.64,-47.75,-62.95,-49.54,-50.44,-49.19,-59.27,-56.05,-40.51,-51.11,-47.96,-54.26,2026-06-29 03:10:03+00:00
2026-06-29T03:11:04+00:00,-48.02,-60.77,-66.40,-61.57,-61.73,-49.45,-47.60,-62.34,-49.60,-50.29,-49.29,-59.53,-55.93,-40.72,-50.82,-47.71,-54.66,2026-06-29 03:11:04+00:00
2026-06-29T03:12:03+00:00,-48.13,-59.80,-66.00,-61.89,-61.38,-49.44,-47.73,-62.96,-49.63,-50.18,-49.59,-59.46,-55.80,-41.26,-50.82,-47.84,-54.08,2026-06-29 03:12:03+00:00
2026-06-29T03:13:03+00:00,-47.70,-60.07,-66.40,-62.03,-61.54,-49.54,-47.78,-62.90,-49.32,-49.82,-49.67,-59.41,-55.85,-41.49,-50.91,-48.01,-54.11,2026-06-29 03:13:03+00:00
2026-06-29T03:14:04+00:00,-47.53,-60.21,-64.87,-61.85,-61.92,-49.67,-47.95,-62.61,-49.40,-49.76,-48.49,-59.18,-55.81,-41.80,-51.26,-48.57,-54.38,2026-06-29 03:14:04+00:00
2026-06-29T03:15:04+00:00,-47.32,-60.14,-66.09,-61.73,-61.74,-49.37,-47.94,-62.71,-49.46,-49.95,-49.55,-59.43,-55.92,-41.90,-51.72,-48.55,-54.67,2026-06-29 03:15:04+00:00
2026-06-29T03:16:03+00:00,-47.72,-59.59,-66.21,-61.85,-61.95,-49.50,-47.83,-62.66,-49.49,-49.97,-49.38,-59.65,-56.10,-42.26,-52.35,-48.92,-54.38,2026-06-29 03:16:03+00:00
2026-06-29T03:17:04+00:00,-47.55,-60.16,-66.03,-61.83,-61.55,-49.55,-47.79,-62.59,-49.45,-49.85,-49.12,-59.53,-56.02,-42.38,-52.85,-49.26,-54.53,2026-06-29 03:17:04+00:00
2026-06-29T03:18:04+00:00,-47.27,-60.48,-66.41,-61.68,-61.84,-49.45,-47.85,-63.02,-50.14,-49.91,-49.31,-59.87,-56.12,-42.64,-53.06,-49.79,-54.47,2026-06-29 03:18:04+00:00
2026-06-29T03:19:03+00:00,-47.28,-59.86,-65.58,-61.65,-61.58,-49.76,-48.00,-62.52,-50.16,-49.00,-48.58,-59.26,-55.92,-42.89,-53.43,-49.54,-54.67,2026-06-29 03:19:03+00:00
2026-06-29T03:20:03+00:00,-47.49,-60.00,-66.35,-61.62,-61.99,-48.58,-45.61,-63.17,-50.16,-49.68,-48.41,-59.47,-56.29,-43.09,-53.43,-49.32,-54.39,2026-06-29 03:20:03+00:00
2026-06-29T03:21:04+00:00,-47.27,-59.95,-65.83,-61.48,-61.36,-48.74,-47.66,-62.64,-50.20,-49.67,-49.42,-58.83,-56.54,-43.47,-53.65,-49.67,-54.57,2026-06-29 03:21:04+00:00
2026-06-29T03:22:04+00:00,-47.54,-59.00,-66.34,-61.68,-62.87,-45.62,-47.67,-62.51,-50.23,-49.59,-49.32,-59.02,-56.54,-43.52,-54.00,-49.84,-54.83,2026-06-29 03:22:04+00:00
2026-06-29T03:23:03+00:00,-47.44,-59.66,-66.43,-61.77,-63.41,-45.79,-47.73,-62.47,-50.16,-49.41,-49.35,-59.14,-56.77,-43.99,-54.09,-49.69,-54.50,2026-06-29 03:23:03+00:00
2026-06-29T03:24:03+00:00,-47.41,-59.45,-65.85,-61.64,-61.73,-45.70,-47.60,-62.61,-52.63,-49.80,-49.12,-59.20,-56.42,-44.31,-54.24,-49.16,-54.68,2026-06-29 03:24:03+00:00
2026-06-29T03:25:04+00:00,-47.25,-59.41,-65.65,-61.38,-61.70,-45.67,-47.63,-62.28,-52.50,-49.57,-48.76,-59.21,-56.77,-45.35,-54.21,-49.06,-54.74,2026-06-29 03:25:04+00:00
2026-06-29T03:26:03+00:00,-47.16,-59.86,-64.52,-62.11,-62.95,-45.91,-47.66,-62.91,-52.56,-49.68,-49.70,-58.99,-56.79,-45.87,-54.14,-49.28,-54.80,2026-06-29 03:26:03+00:00
2026-06-29T03:27:03+00:00,-47.70,-60.07,-66.04,-61.76,-61.67,-45.88,-47.68,-62.54,-52.68,-49.75,-50.04,-59.02,-56.68,-46.83,-54.43,-48.77,-54.62,2026-06-29 03:27:03+00:00
2026-06-29T03:28:04+00:00,-47.59,-60.29,-66.32,-62.34,-61.83,-46.15,-47.59,-62.82,-53.24,-49.49,-49.72,-59.24,-56.57,-47.85,-54.05,-49.13,-54.63,2026-06-29 03:28:04+00:00
2026-06-29T03:29:04+00:00,-47.58,-60.13,-66.42,-62.05,-61.92,-45.86,-47.68,-62.87,-53.19,-49.49,-49.61,-59.33,-56.46,-49.08,-53.99,-48.47,-55.09,2026-06-29 03:29:04+00:00
2026-06-29T03:30:03+00:00,-47.47,-60.17,-65.90,-61.94,-61.70,-44.86,-47.84,-62.49,-53.20,-49.67,-48.90,-59.17,-56.45,-50.56,-53.98,-48.04,-54.96,2026-06-29 03:30:03+00:00
2026-06-29T03:31:04+00:00,-47.19,-60.64,-66.37,-61.72,-62.04,-45.70,-47.91,-62.79,-53.09,-49.60,-49.35,-59.39,-56.52,-52.07,-54.33,-48.17,-54.56,2026-06-29 03:31:04+00:00
2026-06-29T03:32:03+00:00,-47.17,-60.08,-66.15,-62.08,-62.95,-45.16,-47.89,-62.67,-53.07,-49.45,-49.09,-59.39,-56.76,-53.88,-54.24,-48.40,-54.63,2026-06-29 03:32:03+00:00
2026-06-29T03:33:03+00:00,-47.34,-60.06,-65.96,-61.65,-62.61,-45.43,-47.77,-62.51,-53.11,-49.36,-49.67,-59.33,-56.56,-55.25,-54.23,-48.21,-54.33,2026-06-29 03:33:03+00:00
2026-06-29T03:34:04+00:00,-46.96,-59.81,-65.80,-61.86,-61.63,-45.60,-47.57,-62.51,-53.55,-49.41,-49.60,-59.45,-56.80,-55.74,-54.05,-48.37,-54.66,2026-06-29 03:34:04+00:00
2026-06-29T03:35:03+00:00,-47.57,-59.37,-66.28,-62.14,-61.30,-45.66,-47.61,-62.76,-53.54,-49.52,-49.46,-59.31,-56.85,-56.11,-54.09,-48.35,-54.39,2026-06-29 03:35:03+00:00
2026-06-29T03:36:03+00:00,-46.89,-60.26,-64.15,-61.94,-61.34,-45.91,-47.69,-62.38,-51.21,-49.48,-49.40,-59.25,-56.70,-55.26,-53.93,-48.49,-54.42,2026-06-29 03:36:03+00:00
2026-06-29T03:37:04+00:00,-48.01,-59.92,-65.94,-62.22,-61.32,-45.71,-47.62,-62.24,-53.61,-49.44,-49.48,-59.34,-57.03,-54.32,-53.95,-47.87,-54.43,2026-06-29 03:37:04+00:00
2026-06-29T03:38:04+00:00,-47.54,-60.34,-66.30,-61.77,-61.98,-45.85,-47.60,-62.55,-53.29,-49.45,-49.25,-59.23,-57.27,-53.25,-54.44,-47.74,-54.53,2026-06-29 03:38:04+00:00
2026-06-29T03:39:03+00:00,-47.68,-59.92,-66.02,-62.15,-62.21,-45.92,-47.70,-62.20,-53.32,-49.27,-49.38,-59.23,-57.30,-52.47,-54.44,-47.73,-54.55,2026-06-29 03:39:03+00:00
2026-06-29T03:40:03+00:00,-47.83,-60.70,-69.33,-62.69,-66.25,-45.81,-47.79,-63.86,-53.23,-49.19,-49.16,-59.68,-57.80,-51.63,-54.33,-48.32,-54.56,2026-06-29 03:40:03+00:00
2026-06-29T03:41:04+00:00,-47.89,-60.61,-69.57,-62.72,-66.40,-45.98,-47.74,-64.06,-53.23,-49.19,-49.04,-59.69,-58.08,-50.90,-54.58,-48.57,-54.50,2026-06-29 03:41:04+00:00
2026-06-29T03:42:04+00:00,-48.20,-60.80,-69.66,-62.65,-66.55,-46.03,-47.74,-64.02,-53.09,-49.14,-49.26,-59.88,-57.98,-50.42,-54.61,-48.74,-54.97,2026-06-29 03:42:04+00:00
2026-06-29T03:43:03+00:00,-48.02,-60.42,-68.93,-62.56,-65.97,-46.02,-47.90,-63.95,-53.19,-49.30,-49.29,-59.93,-57.91,-49.64,-55.23,-48.87,-54.75,2026-06-29 03:43:03+00:00
2026-06-29T03:44:03+00:00,-47.89,-59.72,-68.33,-62.46,-66.94,-46.13,-48.06,-63.72,-52.92,-49.22,-49.39,-59.99,-58.08,-49.34,-55.07,-48.52,-54.74,2026-06-29 03:44:03+00:00
2026-06-29T03:45:04+00:00,-47.57,-60.01,-69.19,-62.58,-66.13,-45.93,-48.42,-63.78,-52.92,-49.30,-49.59,-60.16,-58.08,-48.85,-55.15,-48.80,-54.61,2026-06-29 03:45:04+00:00
2026-06-29T03:46:03+00:00,-47.95,-59.85,-68.79,-62.71,-66.18,-46.08,-47.98,-63.30,-52.81,-49.40,-49.34,-60.22,-57.99,-48.54,-55.51,-48.97,-54.44,2026-06-29 03:46:03+00:00
2026-06-29T03:47:03+00:00,-48.21,-60.08,-69.17,-62.60,-66.58,-45.88,-47.56,-63.67,-52.86,-49.47,-49.47,-60.49,-58.24,-48.04,-55.45,-49.31,-54.75,2026-06-29 03:47:03+00:00
2026-06-29T03:48:04+00:00,-47.91,-59.44,-69.03,-62.26,-66.44,-46.24,-48.28,-63.42,-51.46,-49.36,-49.24,-60.58,-58.43,-48.06,-55.75,-48.95,-54.79,2026-06-29 03:48:04+00:00
2026-06-29T03:49:03+00:00,-48.10,-59.78,-67.92,-62.75,-67.19,-46.24,-47.84,-63.47,-51.45,-49.41,-49.34,-60.52,-58.20,-47.67,-56.26,-49.17,-54.62,2026-06-29 03:49:03+00:00
2026-06-29T03:50:03+00:00,-48.15,-60.22,-68.64,-62.52,-67.28,-46.05,-48.27,-63.34,-51.51,-49.37,-49.48,-60.84,-58.21,-47.62,-56.30,-49.23,-54.59,2026-06-29 03:50:03+00:00
2026-06-29T03:51:04+00:00,-48.05,-60.12,-65.09,-62.56,-66.04,-46.19,-48.51,-62.91,-51.46,-49.49,-49.77,-60.38,-58.40,-47.28,-56.42,-48.78,-54.67,2026-06-29 03:51:04+00:00
2026-06-29T03:52:04+00:00,-47.51,-60.35,-68.86,-62.92,-66.92,-46.28,-48.26,-63.60,-51.53,-49.27,-49.51,-61.16,-58.39,-47.26,-56.89,-48.56,-55.04,2026-06-29 03:52:04+00:00
2026-06-29T03:53:03+00:00,-47.96,-60.61,-68.93,-62.47,-66.53,-46.14,-48.01,-63.90,-51.54,-49.39,-49.72,-61.03,-58.36,-46.88,-56.85,-48.53,-54.58,2026-06-29 03:53:03+00:00
2026-06-29T03:54:03+00:00,-47.90,-60.44,-69.01,-62.83,-66.43,-50.23,-48.43,-63.84,-49.59,-49.58,-49.72,-60.97,-58.50,-46.95,-56.68,-48.69,-54.74,2026-06-29 03:54:03+00:00
2026-06-29T03:55:04+00:00,-48.02,-61.00,-68.94,-62.82,-66.22,-50.25,-48.95,-63.75,-49.56,-49.58,-49.67,-61.36,-58.53,-46.94,-57.39,-48.45,-54.65,2026-06-29 03:55:04+00:00
2026-06-29T03:56:04+00:00,-48.01,-60.91,-68.83,-62.80,-66.84,-50.51,-48.44,-63.75,-49.57,-49.66,-49.88,-61.92,-58.79,-46.64,-57.14,-48.97,-54.76,2026-06-29 03:56:04+00:00
2026-06-29T03:57:03+00:00,-48.06,-61.17,-68.71,-63.14,-66.30,-50.33,-48.57,-63.88,-49.43,-49.67,-49.76,-62.34,-58.68,-46.66,-57.71,-48.86,-54.94,2026-06-29 03:57:03+00:00
2026-06-29T03:58:04+00:00,-48.28,-60.68,-68.78,-62.62,-67.03,-50.43,-48.63,-63.69,-49.36,-49.56,-49.80,-62.40,-58.86,-46.63,-57.78,-48.49,-54.23,2026-06-29 03:58:04+00:00
2026-06-29T03:59:04+00:00,-48.09,-61.19,-68.97,-62.51,-66.17,-50.42,-48.94,-63.97,-49.36,-49.68,-49.99,-62.62,-59.38,-46.37,-57.64,-48.74,-54.72,2026-06-29 03:59:04+00:00
2026-06-29T04:00:03+00:00,-47.70,-61.01,-68.60,-62.88,-66.28,-50.66,-48.82,-59.79,-49.41,-49.69,-49.77,-63.05,-59.75,-46.47,-58.19,-48.87,-54.62,2026-06-29 04:00:03+00:00
2026-06-29T04:01:03+00:00,-48.01,-61.30,-68.75,-62.71,-66.80,-50.56,-49.03,-57.88,-49.33,-49.74,-50.19,-62.72,-59.48,-46.12,-58.50,-48.97,-54.51,2026-06-29 04:01:03+00:00
2026-06-29T04:02:03+00:00,-48.06,-62.08,-68.65,-62.28,-66.14,-50.55,-48.66,-57.64,-49.29,-49.76,-49.99,-62.90,-59.37,-46.22,-58.29,-49.13,-54.75,2026-06-29 04:02:03+00:00
2026-06-29T04:03:03+00:00,-48.35,-61.89,-68.23,-62.76,-65.78,-50.51,-48.84,-55.97,-50.09,-50.04,-49.77,-62.65,-59.30,-46.30,-58.29,-48.78,-54.82,2026-06-29 04:03:03+00:00
2026-06-29T04:04:04+00:00,-48.56,-62.23,-68.77,-62.98,-66.75,-50.68,-48.69,-55.99,-50.15,-49.80,-50.41,-62.95,-59.53,-46.20,-58.55,-49.03,-55.05,2026-06-29 04:04:04+00:00
2026-06-29T04:05:03+00:00,-48.48,-61.92,-67.84,-63.22,-66.41,-50.60,-48.44,-55.88,-50.03,-50.05,-50.50,-62.42,-59.57,-46.18,-58.76,-48.90,-54.81,2026-06-29 04:05:03+00:00
2026-06-29T04:06:03+00:00,-48.44,-61.25,-68.28,-62.77,-65.92,-50.35,-48.43,-55.46,-50.14,-50.12,-51.19,-63.15,-59.40,-46.18,-58.51,-48.88,-54.94,2026-06-29 04:06:03+00:00
2026-06-29T04:07:03+00:00,-48.34,-60.61,-68.65,-62.95,-65.93,-50.32,-48.46,-55.50,-50.14,-49.96,-50.98,-63.56,-59.77,-46.08,-58.76,-49.17,-54.62,2026-06-29 04:07:03+00:00
2026-06-29T04:08:04+00:00,-48.28,-60.80,-67.75,-62.49,-67.21,-50.39,-48.36,-55.30,-50.21,-50.19,-51.07,-63.65,-59.46,-46.10,-58.58,-49.22,-55.03,2026-06-29 04:08:04+00:00
2026-06-29T04:09:03+00:00,-48.29,-61.02,-68.92,-62.82,-66.25,-50.32,-48.58,-55.18,-52.38,-50.11,-51.44,-63.65,-59.79,-46.26,-58.90,-49.03,-54.78,2026-06-29 04:09:03+00:00
2026-06-29T04:10:03+00:00,-48.47,-61.43,-69.12,-62.58,-65.79,-50.34,-48.85,-55.17,-52.71,-50.05,-51.09,-64.01,-59.63,-46.51,-58.88,-48.96,-54.21,2026-06-29 04:10:03+00:00
2026-06-29T04:11:04+00:00,-48.20,-60.99,-68.02,-62.69,-66.03,-50.30,-49.30,-55.00,-52.64,-49.99,-51.55,-64.00,-59.50,-46.58,-59.18,-48.93,-54.48,2026-06-29 04:11:04+00:00
2026-06-29T04:12:04+00:00,-48.15,-62.08,-68.92,-62.61,-66.54,-50.37,-49.56,-55.11,-53.10,-50.32,-51.58,-64.35,-59.48,-46.32,-59.08,-49.05,-54.53,2026-06-29 04:12:04+00:00
2026-06-29T04:13:03+00:00,-48.54,-62.32,-69.15,-62.39,-66.08,-50.50,-49.21,-55.18,-53.39,-50.23,-51.79,-64.49,-59.89,-46.34,-58.80,-49.09,-54.58,2026-06-29 04:13:03+00:00
2026-06-29T04:14:04+00:00,-48.03,-62.67,-68.19,-62.61,-66.75,-50.41,-48.65,-55.00,-53.41,-50.18,-51.70,-63.85,-59.45,-46.38,-59.16,-49.10,-54.30,2026-06-29 04:14:04+00:00
2026-06-29T04:15:04+00:00,-48.87,-61.78,-69.04,-62.51,-66.96,-50.43,-48.14,-54.98,-53.36,-50.19,-51.93,-64.29,-59.59,-46.36,-58.85,-49.38,-54.83,2026-06-29 04:15:04+00:00
2026-06-29T04:16:03+00:00,-48.61,-62.40,-69.18,-62.41,-66.54,-50.28,-48.29,-54.96,-53.24,-50.11,-52.14,-64.57,-59.50,-46.36,-59.57,-49.19,-54.65,2026-06-29 04:16:03+00:00
2026-06-29T04:17:03+00:00,-48.61,-61.30,-68.75,-62.75,-66.61,-49.33,-48.80,-54.69,-53.45,-50.30,-52.23,-64.23,-59.60,-46.49,-59.70,-49.05,-55.25,2026-06-29 04:17:03+00:00
2026-06-29T04:18:04+00:00,-48.55,-62.07,-69.35,-62.91,-66.55,-49.09,-48.99,-54.73,-53.44,-50.35,-52.51,-64.36,-59.40,-46.43,-59.26,-49.42,-55.32,2026-06-29 04:18:04+00:00
2026-06-29T04:19:04+00:00,-48.81,-62.16,-69.35,-63.07,-66.46,-48.00,-48.42,-54.86,-53.34,-50.33,-52.68,-64.41,-59.60,-46.30,-60.05,-49.44,-54.69,2026-06-29 04:19:04+00:00
2026-06-29T04:20:03+00:00,-49.00,-61.25,-68.23,-62.81,-66.76,-47.69,-48.51,-54.65,-53.36,-50.30,-52.65,-64.36,-59.33,-46.43,-59.51,-49.48,-54.57,2026-06-29 04:20:03+00:00
2026-06-29T04:21:04+00:00,-48.95,-60.28,-69.18,-62.84,-66.01,-47.71,-49.40,-54.66,-53.49,-50.32,-52.91,-64.55,-59.05,-46.51,-59.65,-49.80,-55.17,2026-06-29 04:21:04+00:00
2026-06-29T04:22:04+00:00,-49.76,-62.13,-68.96,-62.85,-66.22,-47.36,-49.11,-54.65,-53.35,-50.34,-53.05,-63.88,-59.09,-46.49,-59.49,-49.62,-54.60,2026-06-29 04:22:04+00:00
2026-06-29T04:23:03+00:00,-47.98,-62.42,-69.12,-62.51,-65.75,-47.48,-48.22,-54.56,-53.32,-50.55,-53.31,-64.63,-59.07,-46.23,-59.68,-50.06,-54.58,2026-06-29 04:23:03+00:00
2026-06-29T04:24:03+00:00,-48.51,-63.02,-68.34,-62.73,-66.90,-47.32,-48.69,-54.14,-52.73,-50.27,-53.05,-64.59,-59.12,-46.51,-59.49,-49.97,-54.79,2026-06-29 04:24:03+00:00
2026-06-29T04:25:04+00:00,-48.87,-61.94,-66.69,-62.11,-67.31,-47.60,-49.32,-54.42,-53.32,-50.48,-53.48,-64.58,-58.91,-46.40,-59.67,-50.00,-54.60,2026-06-29 04:25:04+00:00
2026-06-29T04:26:04+00:00,-49.32,-62.64,-69.55,-62.79,-66.94,-47.52,-48.60,-54.43,-53.28,-50.43,-53.90,-64.86,-58.98,-46.30,-60.12,-50.12,-59.48,2026-06-29 04:26:04+00:00
2026-06-29T04:27:03+00:00,-48.12,-62.01,-69.11,-62.84,-67.44,-47.25,-48.50,-54.32,-54.37,-50.48,-53.83,-64.64,-58.89,-46.50,-59.56,-50.07,-59.78,2026-06-29 04:27:03+00:00
2026-06-29T04:28:04+00:00,-48.64,-62.21,-69.10,-62.62,-66.76,-47.73,-48.59,-54.36,-54.48,-50.42,-54.06,-64.55,-58.89,-46.51,-59.84,-50.17,-59.44,2026-06-29 04:28:04+00:00
2026-06-29T04:29:04+00:00,-48.36,-61.90,-69.24,-62.64,-66.81,-47.63,-49.15,-54.33,-54.33,-50.23,-54.02,-64.47,-58.90,-46.43,-59.64,-50.07,-59.77,2026-06-29 04:29:04+00:00
2026-06-29T04:30:03+00:00,-47.90,-61.65,-69.16,-62.45,-66.69,-47.46,-49.41,-54.66,-53.40,-49.72,-52.00,-64.52,-58.74,-46.28,-59.77,-50.30,-60.19,2026-06-29 04:30:03+00:00
2026-06-29T04:31:03+00:00,-48.11,-60.59,-67.42,-62.73,-66.07,-47.68,-49.80,-54.49,-52.34,-49.75,-51.65,-63.68,-58.60,-46.31,-59.39,-50.16,-59.00,2026-06-29 04:31:03+00:00
2026-06-29T04:32:03+00:00,-48.76,-60.86,-69.42,-62.37,-66.03,-47.50,-49.54,-54.37,-52.47,-49.85,-51.76,-64.54,-58.82,-46.36,-59.91,-50.17,-59.68,2026-06-29 04:32:03+00:00
2026-06-29T04:33:04+00:00,-48.57,-61.07,-69.04,-62.79,-65.90,-47.86,-49.82,-54.58,-51.09,-49.55,-52.54,-64.32,-58.69,-46.34,-59.88,-50.27,-59.72,2026-06-29 04:33:04+00:00
2026-06-29T04:34:04+00:00,-49.29,-61.20,-68.84,-62.69,-66.64,-47.81,-49.85,-54.52,-51.05,-50.02,-53.55,-64.34,-58.50,-46.11,-60.01,-50.01,-58.97,2026-06-29 04:34:04+00:00
2026-06-29T04:35:03+00:00,-48.68,-61.87,-69.38,-62.14,-65.22,-47.44,-50.09,-54.44,-51.08,-50.36,-54.28,-64.39,-58.64,-46.25,-59.65,-49.96,-59.80,2026-06-29 04:35:03+00:00
2026-06-29T04:36:04+00:00,-48.65,-61.81,-68.64,-62.35,-65.91,-48.20,-49.84,-54.26,-50.98,-50.23,-54.22,-64.31,-58.37,-46.31,-59.00,-49.89,-58.23,2026-06-29 04:36:04+00:00
2026-06-29T04:37:04+00:00,-49.11,-62.90,-69.45,-62.71,-65.85,-49.52,-50.21,-54.22,-51.03,-50.26,-54.37,-64.53,-58.75,-46.15,-60.03,-49.96,-59.75,2026-06-29 04:37:04+00:00
2026-06-29T04:38:03+00:00,-48.08,-61.79,-67.27,-62.26,-65.67,-49.62,-50.61,-54.22,-50.98,-49.66,-53.95,-64.35,-58.23,-46.16,-59.68,-49.37,-58.50,2026-06-29 04:38:03+00:00
2026-06-29T04:39:03+00:00,-48.60,-60.66,-68.35,-62.85,-66.26,-49.51,-50.61,-54.18,-49.14,-49.51,-52.01,-64.35,-58.09,-46.06,-59.80,-49.66,-59.07,2026-06-29 04:39:03+00:00
2026-06-29T04:40:04+00:00,-47.65,-60.94,-69.16,-62.75,-66.94,-49.56,-50.50,-54.04,-49.13,-49.67,-52.02,-64.89,-58.28,-45.88,-60.08,-49.76,-58.93,2026-06-29 04:40:04+00:00
2026-06-29T04:41:03+00:00,-48.42,-58.73,-68.33,-62.70,-67.54,-49.44,-50.67,-53.93,-49.13,-50.12,-54.17,-63.92,-58.05,-45.85,-59.62,-49.46,-59.07,2026-06-29 04:41:03+00:00
2026-06-29T04:42:03+00:00,-48.27,-59.74,-69.13,-62.99,-66.92,-49.68,-50.16,-54.13,-48.93,-50.13,-52.89,-64.51,-57.82,-45.94,-60.09,-49.79,-59.54,2026-06-29 04:42:03+00:00
2026-06-29T04:43:04+00:00,-48.08,-58.84,-69.21,-62.54,-66.44,-49.59,-51.32,-54.04,-48.79,-49.78,-52.21,-64.38,-57.84,-45.78,-59.93,-49.99,-58.51,2026-06-29 04:43:04+00:00
2026-06-29T04:44:04+00:00,-47.79,-60.37,-69.01,-62.96,-66.33,-49.79,-50.58,-54.15,-48.81,-49.54,-51.44,-64.17,-58.01,-45.78,-59.97,-49.98,-59.51,2026-06-29 04:44:04+00:00
2026-06-29T04:45:03+00:00,-47.51,-60.15,-68.53,-62.90,-66.22,-49.76,-50.38,-54.06,-48.76,-49.29,-51.17,-64.19,-57.89,-45.66,-59.86,-49.97,-59.61,2026-06-29 04:45:03+00:00
2026-06-29T04:46:04+00:00,-48.12,-60.77,-68.40,-62.43,-67.02,-49.62,-51.63,-53.91,-48.83,-49.30,-51.19,-64.04,-57.82,-45.66,-59.50,-50.06,-59.48,2026-06-29 04:46:04+00:00
2026-06-29T04:47:04+00:00,-48.86,-59.66,-68.08,-62.39,-67.44,-49.69,-50.66,-53.94,-48.79,-48.58,-50.46,-63.95,-57.72,-45.74,-59.69,-50.00,-59.07,2026-06-29 04:47:04+00:00
2026-06-29T04:48:03+00:00,-48.63,-59.71,-68.73,-62.00,-66.63,-49.67,-51.00,-53.98,-49.52,-47.76,-50.58,-64.27,-57.66,-45.83,-59.63,-50.09,-59.23,2026-06-29 04:48:03+00:00
2026-06-29T04:49:03+00:00,-48.02,-59.21,-67.50,-62.46,-67.04,-49.48,-50.87,-53.87,-49.50,-48.44,-50.22,-64.11,-57.89,-45.76,-59.73,-49.79,-59.07,2026-06-29 04:49:03+00:00
2026-06-29T04:50:04+00:00,-48.21,-59.52,-68.92,-62.67,-66.74,-49.51,-51.60,-53.89,-49.45,-48.43,-50.03,-64.37,-57.89,-45.85,-59.96,-49.72,-59.50,2026-06-29 04:50:04+00:00
2026-06-29T04:51:04+00:00,-47.17,-60.19,-68.38,-62.12,-66.00,-49.56,-50.70,-53.90,-49.40,-48.07,-49.75,-64.56,-57.28,-45.85,-59.67,-49.80,-58.58,2026-06-29 04:51:04+00:00
2026-06-29T04:52:03+00:00,-46.88,-59.43,-68.40,-62.64,-66.89,-49.53,-50.95,-53.84,-49.39,-47.99,-49.85,-64.21,-57.56,-45.91,-59.57,-49.99,-59.42,2026-06-29 04:52:03+00:00
2026-06-29T04:53:04+00:00,-47.68,-60.12,-68.73,-62.27,-66.67,-49.38,-51.24,-53.82,-49.40,-47.87,-49.54,-64.46,-57.59,-45.95,-59.55,-49.84,-59.54,2026-06-29 04:53:04+00:00
2026-06-29T04:54:04+00:00,-47.52,-60.69,-68.57,-62.21,-65.42,-49.74,-50.97,-53.89,-51.26,-47.84,-49.42,-64.02,-57.63,-45.77,-60.07,-49.52,-59.48,2026-06-29 04:54:04+00:00
2026-06-29T04:55:03+00:00,-48.55,-60.68,-69.02,-62.47,-66.26,-49.65,-51.14,-53.81,-51.34,-47.92,-49.57,-64.16,-57.69,-45.88,-59.57,-49.86,-59.75,2026-06-29 04:55:03+00:00
2026-06-29T04:56:03+00:00,-48.81,-61.27,-64.46,-62.39,-65.34,-49.55,-51.19,-53.54,-51.16,-47.93,-49.55,-63.40,-57.40,-45.92,-59.60,-49.77,-57.72,2026-06-29 04:56:03+00:00
2026-06-29T04:57:04+00:00,-46.92,-60.71,-68.52,-62.45,-66.74,-49.52,-51.41,-53.76,-51.93,-46.94,-49.36,-64.17,-57.69,-45.83,-59.80,-49.74,-59.65,2026-06-29 04:57:04+00:00
2026-06-29T04:58:04+00:00,-48.00,-62.11,-69.40,-62.46,-66.20,-49.62,-50.88,-53.84,-52.14,-47.01,-49.51,-64.14,-57.76,-46.01,-59.95,-49.40,-59.85,2026-06-29 04:58:04+00:00
2026-06-29T04:59:03+00:00,-47.32,-61.79,-69.47,-62.75,-66.58,-52.15,-51.52,-53.67,-51.72,-47.49,-49.23,-64.13,-57.81,-45.64,-60.13,-49.69,-59.07,2026-06-29 04:59:03+00:00
2026-06-29T05:00:03+00:00,-47.52,-61.17,-68.38,-62.42,-66.15,-52.57,-51.41,-53.72,-51.93,-47.60,-49.47,-63.77,-57.58,-45.94,-59.98,-49.41,-59.70,2026-06-29 05:00:03+00:00
2026-06-29T05:01:03+00:00,-46.36,-61.03,-67.90,-62.24,-66.00,-52.53,-51.35,-53.82,-51.68,-47.50,-49.29,-63.16,-57.52,-46.02,-60.14,-49.78,-59.23,2026-06-29 05:01:03+00:00
2026-06-29T05:02:03+00:00,-48.57,-60.56,-67.19,-62.87,-66.71,-52.14,-50.99,-53.68,-51.56,-47.50,-49.40,-63.61,-57.36,-45.91,-60.00,-49.63,-58.49,2026-06-29 05:02:03+00:00
2026-06-29T05:03:04+00:00,-47.11,-61.11,-68.29,-62.62,-67.32,-52.17,-51.01,-53.63,-51.61,-47.59,-49.19,-63.61,-57.48,-46.11,-59.56,-49.91,-59.03,2026-06-29 05:03:04+00:00
2026-06-29T05:04:04+00:00,-49.16,-61.61,-68.39,-62.84,-67.38,-52.36,-51.76,-53.38,-51.56,-47.43,-48.71,-63.72,-57.20,-45.99,-59.86,-49.55,-59.94,2026-06-29 05:04:04+00:00
2026-06-29T05:05:03+00:00,-49.20,-62.18,-68.35,-62.81,-66.28,-52.29,-51.20,-53.66,-51.51,-47.25,-49.31,-63.63,-57.50,-45.96,-59.89,-49.75,-59.96,2026-06-29 05:05:03+00:00
2026-06-29T05:06:04+00:00,-49.44,-62.21,-65.96,-62.77,-67.01,-52.03,-50.97,-53.58,-51.68,-47.33,-49.16,-62.60,-57.23,-45.90,-59.76,-49.91,-57.24,2026-06-29 05:06:04+00:00
2026-06-29T05:07:03+00:00,-49.50,-62.57,-66.63,-62.60,-65.70,-52.48,-51.71,-53.59,-51.69,-47.37,-49.08,-63.09,-57.31,-45.93,-59.77,-49.70,-59.60,2026-06-29 05:07:03+00:00
2026-06-29T05:08:04+00:00,-49.10,-62.69,-67.09,-62.77,-65.63,-51.99,-50.72,-53.60,-51.78,-47.35,-49.22,-63.04,-57.29,-45.95,-59.95,-50.14,-58.49,2026-06-29 05:08:04+00:00
2026-06-29T05:09:04+00:00,-47.96,-62.25,-68.21,-62.56,-66.44,-52.07,-51.55,-53.52,-51.54,-47.27,-49.15,-63.34,-57.30,-45.92,-59.80,-49.82,-59.81,2026-06-29 05:09:04+00:00
2026-06-29T05:10:03+00:00,-47.83,-62.02,-68.29,-62.47,-66.37,-52.04,-51.80,-53.30,-52.09,-46.57,-49.19,-63.26,-57.23,-46.17,-59.66,-49.68,-59.05,2026-06-29 05:10:03+00:00
2026-06-29T05:11:04+00:00,-47.40,-62.21,-67.67,-62.36,-65.60,-51.97,-51.34,-53.24,-51.96,-46.49,-49.36,-63.21,-57.31,-46.35,-59.48,-49.50,-59.12,2026-06-29 05:11:04+00:00
2026-06-29T05:12:04+00:00,-47.55,-62.65,-68.41,-62.31,-67.17,-52.19,-51.66,-53.26,-52.19,-46.66,-49.54,-63.28,-57.22,-46.12,-59.42,-49.13,-59.21,2026-06-29 05:12:04+00:00
2026-06-29T05:13:03+00:00,-47.00,-63.55,-68.40,-62.30,-65.96,-52.28,-51.36,-53.27,-52.30,-47.08,-50.25,-63.34,-57.31,-45.99,-59.67,-49.41,-58.72,2026-06-29 05:13:03+00:00
2026-06-29T05:14:03+00:00,-47.04,-62.11,-67.06,-62.32,-65.86,-52.35,-51.04,-53.00,-52.17,-47.70,-51.36,-63.01,-57.43,-46.09,-59.49,-49.67,-58.58,2026-06-29 05:14:03+00:00
2026-06-29T05:15:04+00:00,-47.42,-61.53,-68.35,-60.84,-65.90,-49.43,-51.58,-52.98,-51.99,-48.17,-51.44,-62.56,-57.17,-46.13,-57.94,-48.89,-58.34,2026-06-29 05:15:04+00:00
2026-06-29T05:16:04+00:00,-46.82,-62.67,-68.08,-59.00,-66.05,-47.16,-50.60,-52.92,-52.12,-48.03,-52.01,-62.61,-57.15,-46.07,-59.29,-49.06,-58.94,2026-06-29 05:16:04+00:00
2026-06-29T05:17:03+00:00,-48.80,-62.03,-66.25,-57.46,-65.96,-47.04,-49.40,-51.01,-52.04,-48.14,-52.45,-62.59,-57.10,-46.21,-58.96,-48.70,-58.07,2026-06-29 05:17:03+00:00
2026-06-29T05:18:04+00:00,-46.86,-62.44,-66.63,-58.23,-66.54,-47.15,-49.50,-47.74,-50.39,-47.99,-52.02,-62.50,-56.46,-46.12,-59.42,-48.62,-56.29,2026-06-29 05:18:04+00:00
2026-06-29T05:19:04+00:00,-46.57,-62.04,-60.47,-58.64,-65.82,-47.28,-50.39,-52.45,-50.38,-48.87,-53.39,-62.05,-56.97,-45.97,-59.39,-48.56,-58.22,2026-06-29 05:19:04+00:00
2026-06-29T05:20:03+00:00,-46.29,-61.38,-59.42,-58.44,-66.02,-47.42,-50.17,-52.61,-50.30,-49.56,-54.08,-62.01,-57.20,-46.06,-59.01,-48.48,-58.20,2026-06-29 05:20:03+00:00
2026-06-29T05:21:03+00:00,-46.45,-58.75,-68.25,-52.29,-66.55,-47.02,-49.29,-50.12,-49.57,-49.52,-54.10,-62.27,-56.89,-45.36,-59.23,-48.46,-58.25,2026-06-29 05:21:03+00:00
2026-06-29T05:22:04+00:00,-47.09,-61.27,-68.11,-48.25,-66.17,-46.72,-49.57,-51.10,-50.01,-49.91,-54.36,-62.10,-56.52,-45.65,-59.44,-48.28,-58.29,2026-06-29 05:22:04+00:00
2026-06-29T05:23:04+00:00,-46.61,-62.39,-68.80,-58.33,-66.18,-46.07,-50.22,-52.47,-49.11,-49.92,-54.30,-59.49,-55.03,-45.90,-59.17,-48.31,-58.08,2026-06-29 05:23:04+00:00
2026-06-29T05:24:03+00:00,-46.67,-61.19,-67.00,-57.56,-66.12,-45.69,-50.69,-52.19,-48.67,-49.85,-54.37,-59.30,-56.65,-45.49,-59.27,-48.04,-57.95,2026-06-29 05:24:03+00:00
2026-06-29T05:25:03+00:00,-46.91,-63.18,-64.72,-51.77,-65.92,-46.10,-49.54,-51.56,-48.55,-49.43,-53.52,-61.53,-55.86,-45.80,-58.90,-48.50,-57.80,2026-06-29 05:25:03+00:00
2026-06-29T05:26:04+00:00,-47.02,-63.33,-68.33,-53.65,-67.14,-45.91,-49.60,-49.77,-47.96,-49.33,-53.75,-61.86,-56.80,-45.12,-59.00,-48.01,-57.92,2026-06-29 05:26:04+00:00
2026-06-29T05:27:04+00:00,-47.92,-63.07,-68.55,-53.46,-65.45,-47.05,-49.61,-49.73,-47.85,-49.59,-54.15,-61.62,-56.83,-45.43,-59.36,-47.70,-58.11,2026-06-29 05:27:04+00:00
2026-06-29T05:28:03+00:00,-47.88,-62.91,-68.39,-53.30,-65.84,-46.59,-49.88,-49.68,-47.76,-49.46,-53.77,-61.75,-56.66,-45.33,-59.29,-47.86,-58.34,2026-06-29 05:28:03+00:00
2026-06-29T05:29:04+00:00,-47.54,-62.22,-67.81,-52.34,-66.28,-46.42,-49.82,-49.60,-47.83,-49.36,-53.94,-61.48,-56.59,-45.47,-59.17,-47.92,-58.22,2026-06-29 05:29:04+00:00
2026-06-29T05:30:04+00:00,-47.29,-62.27,-67.21,-52.56,-66.17,-46.46,-49.86,-49.58,-47.84,-49.44,-53.82,-61.51,-56.66,-45.27,-58.76,-47.78,-57.78,2026-06-29 05:30:04+00:00
2026-06-29T05:31:04+00:00,-46.82,-62.53,-68.36,-49.10,-65.48,-46.41,-49.87,-49.37,-48.30,-49.42,-53.86,-61.59,-56.41,-45.60,-59.47,-47.95,-57.96,2026-06-29 05:31:04+00:00
2026-06-29T05:32:04+00:00,-46.79,-60.20,-66.30,-49.92,-65.84,-46.31,-49.45,-49.14,-48.22,-49.50,-53.65,-61.09,-56.57,-45.65,-58.75,-48.16,-57.87,2026-06-29 05:32:04+00:00
2026-06-29T05:33:03+00:00,-49.72,-60.92,-67.95,-50.80,-66.38,-46.14,-49.61,-48.91,-49.18,-49.01,-53.54,-61.46,-56.58,-45.44,-59.08,-48.07,-57.30,2026-06-29 05:33:03+00:00
2026-06-29T05:34:04+00:00,-48.93,-62.04,-67.70,-50.76,-65.71,-46.26,-49.16,-48.83,-48.94,-49.13,-53.56,-61.08,-56.30,-45.52,-58.05,-48.10,-57.03,2026-06-29 05:34:04+00:00
2026-06-29T05:35:04+00:00,-48.95,-62.04,-67.78,-51.96,-65.82,-46.58,-50.78,-48.85,-48.98,-48.91,-52.56,-61.31,-56.51,-45.45,-58.58,-48.70,-58.32,2026-06-29 05:35:04+00:00
2026-06-29T05:36:04+00:00,-48.73,-61.28,-67.85,-51.30,-66.46,-46.74,-50.62,-49.00,-48.94,-49.12,-53.18,-60.94,-56.65,-45.50,-58.86,-48.64,-58.41,2026-06-29 05:36:04+00:00
2026-06-29T05:37:03+00:00,-49.14,-60.86,-65.86,-51.28,-65.81,-46.91,-50.91,-49.08,-48.88,-48.97,-53.16,-60.36,-56.62,-45.39,-58.49,-49.00,-53.61,2026-06-29 05:37:03+00:00
2026-06-29T05:38:04+00:00,-48.78,-60.70,-67.70,-50.21,-66.50,-46.70,-50.14,-48.91,-50.76,-48.78,-53.29,-60.97,-56.82,-45.43,-58.49,-48.96,-52.11,2026-06-29 05:38:04+00:00
2026-06-29T05:39:04+00:00,-47.74,-61.27,-67.90,-51.09,-66.54,-46.81,-50.81,-49.02,-50.70,-48.84,-53.00,-60.83,-56.67,-45.32,-58.41,-48.98,-52.08,2026-06-29 05:39:04+00:00
2026-06-29T05:40:03+00:00,-48.55,-61.63,-67.45,-50.28,-66.00,-47.08,-50.41,-49.00,-50.65,-48.86,-52.99,-60.04,-56.69,-45.33,-57.90,-49.40,-52.14,2026-06-29 05:40:03+00:00
2026-06-29T05:41:03+00:00,-47.44,-62.56,-67.83,-51.00,-66.36,-47.16,-50.81,-49.58,-50.40,-48.58,-54.97,-60.37,-56.65,-45.41,-58.12,-49.58,-52.07,2026-06-29 05:41:03+00:00
2026-06-29T05:42:04+00:00,-47.64,-61.42,-66.90,-50.75,-66.27,-47.37,-50.87,-49.34,-50.84,-48.49,-54.81,-60.20,-56.59,-45.26,-57.94,-49.35,-52.08,2026-06-29 05:42:04+00:00
2026-06-29T05:43:04+00:00,-48.28,-62.14,-67.63,-49.76,-65.16,-47.19,-50.75,-49.42,-50.80,-47.97,-54.41,-60.77,-56.58,-45.23,-58.23,-49.14,-52.16,2026-06-29 05:43:04+00:00
2026-06-29T05:44:03+00:00,-48.49,-62.00,-68.05,-51.23,-65.78,-47.26,-50.17,-49.42,-50.86,-48.06,-54.20,-60.64,-56.72,-45.35,-58.32,-49.20,-52.30,2026-06-29 05:44:03+00:00
2026-06-29T05:45:03+00:00,-48.35,-61.16,-67.24,-49.35,-65.58,-47.43,-50.64,-49.43,-50.82,-47.86,-53.50,-60.45,-56.69,-45.24,-58.72,-49.05,-58.04,2026-06-29 05:45:03+00:00
2026-06-29T05:46:04+00:00,-47.47,-61.13,-67.86,-50.50,-66.97,-47.39,-50.23,-49.36,-50.89,-47.96,-54.50,-60.38,-56.57,-45.22,-58.33,-49.14,-52.12,2026-06-29 05:46:04+00:00
2026-06-29T05:47:04+00:00,-47.36,-60.85,-67.16,-49.96,-65.88,-46.75,-50.81,-49.28,-50.97,-48.27,-54.48,-60.13,-56.36,-45.11,-58.54,-48.93,-52.15,2026-06-29 05:47:04+00:00
2026-06-29T05:48:03+00:00,-46.83,-61.27,-66.14,-50.64,-65.70,-46.57,-50.25,-49.32,-50.81,-47.98,-54.38,-60.08,-56.42,-45.00,-58.40,-49.14,-52.23,2026-06-29 05:48:03+00:00
2026-06-29T05:49:03+00:00,-46.69,-61.77,-67.49,-50.39,-66.58,-47.36,-49.71,-49.26,-50.77,-47.90,-54.21,-60.47,-56.17,-45.20,-58.15,-48.81,-52.07,2026-06-29 05:49:03+00:00
2026-06-29T05:50:04+00:00,-47.96,-61.32,-67.74,-51.30,-66.27,-46.90,-50.15,-49.29,-50.77,-48.03,-52.83,-60.41,-56.49,-45.18,-58.35,-48.30,-54.44,2026-06-29 05:50:04+00:00
2026-06-29T05:51:04+00:00,-47.52,-60.92,-67.68,-51.20,-66.42,-47.27,-51.01,-49.14,-50.80,-48.06,-54.12,-60.21,-56.35,-45.30,-58.52,-48.28,-53.77,2026-06-29 05:51:04+00:00
2026-06-29T05:52:03+00:00,-47.48,-60.78,-67.45,-51.70,-65.86,-46.92,-50.59,-49.19,-50.72,-47.99,-54.22,-59.98,-56.40,-45.18,-58.19,-48.23,-52.24,2026-06-29 05:52:03+00:00
2026-06-29T05:53:04+00:00,-47.15,-60.59,-67.36,-52.01,-65.75,-47.47,-50.26,-49.34,-50.81,-47.73,-54.08,-60.33,-56.16,-45.55,-57.96,-48.17,-52.11,2026-06-29 05:53:04+00:00
2026-06-29T05:54:04+00:00,-47.81,-61.24,-67.65,-51.34,-66.01,-47.54,-50.43,-49.07,-50.90,-47.55,-54.21,-60.31,-56.35,-45.44,-58.00,-48.39,-53.69,2026-06-29 05:54:04+00:00
2026-06-29T05:55:04+00:00,-47.65,-61.59,-67.46,-52.06,-65.75,-47.47,-50.84,-49.08,-50.92,-47.73,-54.04,-60.53,-56.45,-45.52,-57.87,-48.29,-54.64,2026-06-29 05:55:04+00:00
2026-06-29T05:56:03+00:00,-48.66,-61.57,-67.40,-51.46,-65.66,-46.71,-50.72,-49.02,-50.80,-47.64,-54.40,-60.52,-56.20,-45.73,-58.25,-48.18,-52.31,2026-06-29 05:56:03+00:00
2026-06-29T05:57:04+00:00,-48.78,-61.83,-66.10,-52.18,-66.52,-46.82,-50.60,-49.03,-50.77,-47.53,-54.14,-60.32,-56.54,-45.70,-58.43,-48.19,-57.09,2026-06-29 05:57:04+00:00
2026-06-29T05:58:04+00:00,-48.31,-61.24,-65.81,-51.82,-66.15,-46.65,-50.76,-48.85,-50.79,-47.57,-54.33,-60.78,-56.69,-45.62,-58.42,-48.45,-57.26,2026-06-29 05:58:04+00:00
2026-06-29T05:59:04+00:00,-47.70,-60.75,-67.59,-51.46,-65.81,-46.79,-50.59,-49.09,-50.64,-47.37,-54.22,-60.96,-56.88,-45.88,-58.14,-48.53,-57.82,2026-06-29 05:59:04+00:00
2026-06-29T06:00:03+00:00,-47.53,-61.46,-67.35,-50.50,-66.10,-46.74,-50.49,-48.96,-50.48,-47.47,-54.11,-60.74,-56.58,-45.80,-58.18,-48.51,-57.98,2026-06-29 06:00:03+00:00
2026-06-29T06:01:03+00:00,-47.47,-61.45,-67.63,-51.40,-66.62,-46.88,-50.49,-49.07,-50.45,-47.49,-54.16,-60.77,-56.61,-45.92,-58.17,-48.11,-57.97,2026-06-29 06:01:03+00:00
2026-06-29T06:02:04+00:00,-46.74,-62.00,-66.20,-51.55,-65.96,-46.78,-50.41,-49.11,-49.82,-47.67,-54.35,-60.76,-56.87,-46.09,-58.16,-48.20,-57.46,2026-06-29 06:02:04+00:00
2026-06-29T06:03:04+00:00,-46.66,-61.53,-67.14,-50.90,-66.19,-46.84,-50.27,-49.02,-49.36,-47.55,-54.47,-60.42,-56.84,-46.00,-58.30,-47.91,-57.80,2026-06-29 06:03:04+00:00
2026-06-29T06:04:03+00:00,-46.54,-61.37,-66.62,-52.34,-66.77,-46.80,-49.89,-49.06,-49.24,-47.52,-54.30,-60.45,-56.60,-46.04,-58.08,-47.77,-57.43,2026-06-29 06:04:03+00:00
2026-06-29T06:05:04+00:00,-46.68,-61.99,-67.31,-51.35,-66.69,-46.85,-50.16,-49.01,-49.29,-47.65,-54.46,-61.08,-56.64,-46.01,-58.01,-47.96,-57.65,2026-06-29 06:05:04+00:00
2026-06-29T06:06:04+00:00,-47.12,-61.62,-66.39,-51.50,-65.63,-47.00,-51.06,-48.96,-49.34,-47.59,-54.50,-60.62,-56.55,-46.19,-58.39,-47.72,-56.29,2026-06-29 06:06:04+00:00
2026-06-29T06:07:04+00:00,-46.70,-60.65,-65.55,-52.13,-65.34,-46.93,-51.07,-48.92,-49.26,-47.48,-54.49,-60.77,-56.54,-46.21,-58.29,-47.62,-56.87,2026-06-29 06:07:04+00:00
2026-06-29T06:08:03+00:00,-46.89,-62.25,-67.31,-50.77,-65.34,-47.87,-50.81,-49.06,-48.02,-47.51,-53.22,-60.91,-56.77,-46.20,-58.45,-47.37,-58.64,2026-06-29 06:08:03+00:00
2026-06-29T06:09:11+00:00,-46.84,-62.01,-66.88,-51.37,-65.95,-48.15,-50.73,-49.09,-47.98,-47.72,-54.52,-61.04,-56.66,-46.17,-58.29,-47.01,-58.21,2026-06-29 06:09:11+00:00
2026-06-29T06:10:03+00:00,-46.92,-61.31,-65.93,-51.70,-65.93,-48.02,-50.88,-48.79,-48.01,-44.29,-48.67,-61.24,-56.80,-46.33,-58.40,-46.67,-57.79,2026-06-29 06:10:03+00:00
2026-06-29T06:11:04+00:00,-46.74,-61.87,-67.46,-52.38,-65.90,-47.59,-48.11,-48.77,-47.94,-44.88,-48.98,-61.22,-56.32,-46.38,-58.38,-46.77,-58.76,2026-06-29 06:11:04+00:00
2026-06-29T06:12:03+00:00,-46.73,-61.07,-67.10,-51.35,-66.05,-47.95,-51.21,-48.73,-47.69,-45.94,-49.67,-60.90,-56.75,-46.22,-58.11,-46.37,-58.85,2026-06-29 06:12:03+00:00
2026-06-29T06:13:03+00:00,-47.53,-61.42,-67.37,-52.27,-65.90,-48.04,-51.39,-48.78,-47.74,-46.39,-51.02,-60.47,-56.72,-46.07,-57.70,-46.16,-58.04,2026-06-29 06:13:03+00:00
2026-06-29T06:14:04+00:00,-45.97,-62.06,-67.34,-50.80,-66.34,-47.97,-50.93,-48.81,-47.81,-47.23,-53.53,-60.58,-56.68,-46.40,-57.99,-46.15,-58.27,2026-06-29 06:14:04+00:00
2026-06-29T06:15:04+00:00,-46.20,-61.06,-67.40,-50.58,-66.21,-48.29,-51.27,-48.85,-47.74,-47.36,-53.46,-60.81,-56.61,-46.35,-58.14,-46.17,-57.79,2026-06-29 06:15:04+00:00
2026-06-29T06:16:03+00:00,-47.13,-62.37,-66.87,-51.74,-66.18,-48.11,-51.07,-48.87,-47.72,-47.34,-53.59,-60.43,-56.56,-46.31,-58.16,-46.13,-57.41,2026-06-29 06:16:03+00:00
2026-06-29T06:17:03+00:00,-48.09,-62.50,-67.52,-52.32,-65.85,-48.06,-51.05,-48.89,-48.28,-47.38,-53.36,-60.79,-56.49,-46.77,-57.96,-46.16,-57.19,2026-06-29 06:17:03+00:00
2026-06-29T06:18:04+00:00,-48.15,-62.61,-67.33,-52.15,-66.06,-48.22,-51.20,-49.00,-48.38,-47.42,-53.47,-60.83,-56.07,-46.70,-57.92,-46.14,-58.78,2026-06-29 06:18:04+00:00
2026-06-29T06:19:04+00:00,-48.77,-61.89,-67.29,-52.18,-65.81,-48.17,-51.17,-48.94,-48.40,-47.17,-53.61,-60.93,-56.07,-46.50,-57.99,-46.33,-58.66,2026-06-29 06:19:04+00:00
2026-06-29T06:20:03+00:00,-47.95,-61.67,-67.15,-51.75,-65.46,-48.16,-51.34,-48.99,-48.44,-47.06,-53.53,-60.64,-56.18,-46.68,-57.74,-46.32,-58.16,2026-06-29 06:20:03+00:00
2026-06-29T06:21:04+00:00,-47.80,-62.50,-67.27,-51.15,-66.64,-48.02,-50.31,-48.88,-48.35,-47.33,-53.68,-60.76,-56.45,-46.59,-57.95,-46.31,-58.06,2026-06-29 06:21:04+00:00
2026-06-29T06:22:04+00:00,-47.51,-61.33,-67.30,-52.10,-65.13,-47.76,-50.65,-48.96,-48.35,-47.28,-53.70,-60.76,-56.09,-46.70,-58.08,-47.03,-55.99,2026-06-29 06:22:04+00:00
2026-06-29T06:23:03+00:00,-47.98,-61.69,-67.37,-50.70,-66.15,-47.84,-50.59,-49.00,-49.80,-47.28,-53.67,-60.58,-55.94,-46.79,-57.92,-46.83,-58.16,2026-06-29 06:23:03+00:00
2026-06-29T06:24:03+00:00,-48.03,-60.98,-67.13,-51.98,-65.75,-48.16,-50.59,-49.03,-49.81,-47.19,-53.50,-60.58,-55.92,-46.91,-58.05,-46.94,-57.06,2026-06-29 06:24:03+00:00
2026-06-29T06:25:04+00:00,-47.30,-60.90,-67.42,-51.89,-66.12,-48.12,-50.27,-48.93,-49.89,-47.22,-52.67,-60.62,-55.84,-46.74,-57.75,-46.84,-58.30,2026-06-29 06:25:04+00:00
2026-06-29T06:26:04+00:00,-47.65,-60.76,-66.88,-51.98,-66.03,-48.01,-50.73,-48.92,-49.71,-47.39,-53.60,-60.34,-55.94,-46.99,-57.95,-47.19,-58.20,2026-06-29 06:26:04+00:00
2026-06-29T06:27:03+00:00,-47.36,-61.09,-67.15,-50.35,-66.57,-48.32,-50.39,-48.92,-50.48,-47.37,-53.46,-61.38,-56.02,-46.97,-58.35,-46.92,-58.49,2026-06-29 06:27:03+00:00
2026-06-29T06:28:03+00:00,-47.69,-61.18,-67.43,-52.13,-66.43,-48.18,-51.09,-49.01,-50.18,-47.26,-53.89,-61.20,-56.21,-47.16,-57.98,-47.48,-58.35,2026-06-29 06:28:03+00:00
2026-06-29T06:29:04+00:00,-47.44,-62.66,-67.38,-51.38,-66.22,-47.94,-50.29,-49.01,-50.13,-47.45,-53.66,-61.25,-56.11,-47.16,-57.96,-47.32,-58.30,2026-06-29 06:29:04+00:00
2026-06-29T06:30:04+00:00,-48.61,-61.78,-67.57,-52.42,-66.80,-47.52,-50.25,-49.04,-50.22,-47.20,-53.72,-61.12,-56.17,-47.25,-57.92,-47.43,-57.18,2026-06-29 06:30:04+00:00
2026-06-29T06:31:04+00:00,-49.14,-61.22,-67.47,-51.03,-67.12,-47.45,-49.93,-49.11,-50.01,-47.22,-53.43,-61.19,-56.42,-47.32,-57.46,-47.10,-58.70,2026-06-29 06:31:04+00:00
2026-06-29T06:32:04+00:00,-49.14,-62.41,-67.36,-51.71,-66.38,-46.53,-49.84,-48.99,-50.33,-47.26,-53.59,-60.86,-56.22,-47.40,-57.81,-47.00,-58.39,2026-06-29 06:32:04+00:00
2026-06-29T06:33:04+00:00,-50.18,-60.31,-67.25,-51.01,-67.14,-45.71,-49.17,-48.74,-50.27,-47.38,-52.35,-60.68,-55.65,-47.25,-57.88,-47.19,-58.47,2026-06-29 06:33:04+00:00
2026-06-29T06:34:03+00:00,-50.18,-61.36,-66.86,-52.36,-65.56,-46.53,-50.09,-48.99,-50.28,-47.27,-52.65,-59.96,-56.32,-47.35,-57.82,-46.93,-58.58,2026-06-29 06:34:03+00:00
2026-06-29T06:35:04+00:00,-50.04,-61.56,-66.75,-51.90,-66.43,-46.52,-50.10,-49.04,-50.18,-47.20,-53.13,-59.82,-56.28,-47.16,-57.73,-47.05,-57.99,2026-06-29 06:35:04+00:00
2026-06-29T06:36:04+00:00,-50.48,-61.95,-66.50,-50.60,-66.65,-46.48,-50.35,-49.02,-50.27,-47.13,-53.11,-59.93,-56.10,-47.28,-57.84,-46.49,-58.28,2026-06-29 06:36:04+00:00
2026-06-29T06:37:04+00:00,-50.25,-61.73,-66.28,-50.84,-66.63,-46.57,-51.83,-51.74,-51.76,-47.41,-52.60,-60.12,-54.98,-48.06,-57.32,-46.94,-57.59,2026-06-29 06:37:04+00:00
2026-06-29T06:38:03+00:00,-50.95,-62.45,-65.87,-51.84,-66.33,-46.50,-52.76,-51.70,-51.79,-47.25,-51.46,-60.08,-54.91,-48.18,-57.36,-46.64,-58.28,2026-06-29 06:38:03+00:00
2026-06-29T06:39:04+00:00,-50.16,-61.02,-67.14,-53.00,-66.37,-46.33,-50.44,-51.68,-51.89,-47.40,-51.68,-60.37,-56.09,-48.32,-54.11,-46.54,-57.79,2026-06-29 06:39:04+00:00
2026-06-29T06:40:04+00:00,-50.01,-61.13,-66.79,-51.69,-66.00,-46.47,-51.06,-51.69,-52.50,-47.45,-51.70,-60.19,-56.18,-48.31,-55.95,-46.47,-57.59,2026-06-29 06:40:04+00:00
2026-06-29T06:41:03+00:00,-51.38,-61.73,-65.58,-52.72,-66.44,-46.77,-51.30,-51.76,-51.73,-47.43,-52.17,-60.23,-56.03,-48.43,-56.37,-47.04,-58.27,2026-06-29 06:41:03+00:00
2026-06-29T06:42:03+00:00,-51.41,-60.77,-66.14,-52.18,-66.26,-46.57,-51.51,-51.71,-52.16,-47.21,-53.40,-60.33,-55.99,-48.47,-57.88,-46.35,-57.54,2026-06-29 06:42:03+00:00
2026-06-29T06:43:04+00:00,-51.36,-59.30,-65.10,-53.49,-66.39,-46.53,-51.15,-51.61,-52.01,-47.01,-53.10,-57.01,-55.62,-48.60,-57.63,-46.15,-58.32,2026-06-29 06:43:04+00:00
2026-06-29T06:44:03+00:00,-50.11,-60.52,-56.57,-52.45,-65.59,-46.59,-50.63,-51.50,-51.75,-47.18,-53.24,-59.20,-53.51,-48.69,-56.82,-46.14,-58.36,2026-06-29 06:44:03+00:00
2026-06-29T06:45:03+00:00,-49.36,-60.19,-52.83,-51.09,-66.43,-46.86,-50.81,-51.40,-51.72,-47.10,-52.92,-60.14,-52.73,-48.94,-57.39,-46.41,-58.70,2026-06-29 06:45:03+00:00
2026-06-29T06:46:04+00:00,-49.69,-60.47,-64.92,-51.11,-66.00,-46.68,-50.14,-48.96,-50.28,-46.92,-52.95,-60.70,-55.58,-47.98,-57.65,-46.68,-58.90,2026-06-29 06:46:04+00:00
2026-06-29T06:47:04+00:00,-50.09,-61.12,-65.04,-51.31,-65.99,-46.74,-50.53,-48.87,-49.68,-47.11,-53.17,-60.86,-55.64,-47.77,-57.66,-46.40,-58.68,2026-06-29 06:47:04+00:00
2026-06-29T06:48:03+00:00,-50.26,-60.48,-64.84,-50.52,-66.43,-46.79,-50.22,-48.76,-49.63,-47.04,-52.55,-60.81,-55.56,-47.90,-57.60,-46.79,-58.62,2026-06-29 06:48:03+00:00
2026-06-29T06:49:03+00:00,-50.55,-61.09,-65.34,-51.66,-66.25,-46.95,-49.88,-48.89,-49.64,-47.09,-53.09,-60.76,-55.46,-47.93,-57.74,-46.52,-58.08,2026-06-29 06:49:03+00:00
2026-06-29T06:50:04+00:00,-49.38,-60.68,-64.98,-51.84,-65.91,-46.72,-50.07,-48.87,-50.22,-47.03,-53.40,-62.27,-55.70,-48.20,-57.33,-46.88,-58.33,2026-06-29 06:50:04+00:00
2026-06-29T06:51:04+00:00,-49.64,-60.68,-64.76,-50.23,-65.86,-46.75,-50.10,-48.85,-49.76,-46.83,-53.21,-62.27,-55.53,-48.35,-57.67,-46.68,-58.16,2026-06-29 06:51:04+00:00
2026-06-29T06:52:03+00:00,-50.33,-60.56,-64.82,-50.19,-65.91,-46.77,-50.55,-48.89,-49.64,-46.69,-52.91,-62.35,-55.64,-48.41,-57.55,-46.75,-58.67,2026-06-29 06:52:03+00:00
2026-06-29T06:53:04+00:00,-49.54,-60.63,-64.55,-50.14,-66.75,-46.87,-49.81,-48.91,-48.48,-46.89,-52.31,-62.20,-55.65,-48.36,-57.49,-46.71,-57.42,2026-06-29 06:53:04+00:00
2026-06-29T06:54:04+00:00,-50.55,-59.95,-63.99,-50.10,-66.30,-46.96,-50.17,-48.92,-48.37,-46.63,-53.62,-62.73,-55.67,-48.70,-57.51,-46.79,-58.37,2026-06-29 06:54:04+00:00
2026-06-29T06:55:03+00:00,-50.06,-60.62,-64.08,-50.36,-66.25,-46.75,-50.14,-48.86,-48.44,-46.81,-53.67,-62.65,-55.64,-48.55,-57.40,-46.92,-58.01,2026-06-29 06:55:03+00:00
2026-06-29T06:56:03+00:00,-50.39,-60.68,-64.72,-50.19,-66.37,-46.74,-49.18,-48.68,-48.25,-46.96,-53.68,-62.27,-55.41,-48.73,-57.51,-46.72,-56.90,2026-06-29 06:56:03+00:00
2026-06-29T06:57:04+00:00,-50.11,-60.84,-64.58,-51.01,-66.10,-46.67,-50.43,-48.40,-48.03,-46.73,-51.64,-62.36,-55.71,-49.27,-57.49,-46.75,-57.68,2026-06-29 06:57:04+00:00
2026-06-29T06:58:04+00:00,-50.54,-60.65,-62.89,-49.09,-65.70,-46.53,-49.51,-48.66,-48.01,-46.74,-53.30,-61.78,-55.59,-48.99,-57.30,-46.88,-57.65,2026-06-29 06:58:04+00:00
2026-06-29T06:59:03+00:00,-50.48,-61.44,-62.73,-49.03,-65.80,-46.75,-49.85,-48.67,-48.11,-46.77,-53.30,-62.15,-55.48,-49.31,-57.53,-47.20,-57.98,2026-06-29 06:59:03+00:00
2026-06-29T07:00:04+00:00,-50.89,-61.31,-62.12,-49.06,-65.56,-46.57,-49.90,-48.70,-48.56,-46.76,-53.35,-62.15,-55.37,-49.58,-57.53,-46.68,-55.72,2026-06-29 07:00:04+00:00
2026-06-29T07:01:04+00:00,-48.97,-61.52,-62.14,-49.17,-65.07,-46.82,-49.92,-48.77,-48.17,-50.69,-53.37,-62.28,-55.47,-49.71,-57.37,-46.79,-58.29,2026-06-29 07:01:04+00:00
2026-06-29T07:02:04+00:00,-50.67,-60.26,-62.02,-50.22,-66.34,-46.17,-49.99,-48.70,-48.48,-50.55,-53.50,-62.27,-55.76,-49.87,-56.89,-46.41,-58.25,2026-06-29 07:02:04+00:00
2026-06-29T07:03:04+00:00,-50.60,-60.78,-61.97,-49.01,-66.46,-44.83,-50.46,-48.82,-48.44,-51.05,-53.77,-62.20,-55.34,-49.90,-57.25,-46.30,-57.26,2026-06-29 07:03:04+00:00
2026-06-29T07:04:03+00:00,-50.66,-59.87,-61.81,-49.41,-65.05,-44.82,-50.06,-48.59,-48.33,-50.74,-53.71,-62.21,-55.99,-49.97,-56.87,-46.33,-57.71,2026-06-29 07:04:03+00:00
2026-06-29T07:05:04+00:00,-49.60,-60.13,-61.84,-48.70,-65.72,-44.84,-50.90,-48.73,-48.82,-50.74,-53.82,-62.21,-56.13,-49.95,-57.11,-46.22,-57.67,2026-06-29 07:05:04+00:00
2026-06-29T07:06:03+00:00,-50.58,-60.87,-61.55,-49.98,-65.63,-44.44,-49.44,-47.52,-48.05,-50.57,-53.31,-62.21,-55.97,-49.92,-57.27,-46.18,-58.00,2026-06-29 07:06:03+00:00
2026-06-29T07:07:03+00:00,-50.32,-61.09,-61.43,-49.72,-66.12,-44.77,-49.92,-47.50,-47.98,-50.58,-53.40,-62.02,-56.05,-50.02,-56.75,-46.15,-58.20,2026-06-29 07:07:03+00:00
2026-06-29T07:08:04+00:00,-49.53,-60.44,-62.37,-49.48,-66.07,-44.73,-49.79,-47.62,-49.18,-50.57,-53.17,-61.92,-55.89,-50.26,-57.00,-45.98,-58.10,2026-06-29 07:08:04+00:00
2026-06-29T07:09:04+00:00,-48.64,-60.56,-61.58,-48.99,-65.88,-44.62,-49.55,-47.52,-49.19,-50.49,-53.29,-61.97,-55.99,-50.14,-56.66,-45.98,-57.11,2026-06-29 07:09:04+00:00
2026-06-29T07:10:03+00:00,-49.12,-60.64,-61.63,-49.95,-65.94,-45.63,-49.89,-47.44,-49.21,-50.22,-53.34,-61.85,-55.87,-50.58,-56.99,-45.86,-58.33,2026-06-29 07:10:03+00:00
2026-06-29T07:11:04+00:00,-49.92,-60.48,-61.92,-48.69,-65.62,-47.20,-49.76,-47.58,-49.89,-49.36,-53.28,-61.81,-55.77,-50.35,-56.88,-45.73,-57.86,2026-06-29 07:11:04+00:00
2026-06-29T07:12:04+00:00,-49.60,-61.46,-61.72,-49.34,-65.89,-47.08,-50.16,-47.52,-49.74,-51.60,-54.76,-61.89,-55.92,-50.65,-56.95,-45.53,-57.89,2026-06-29 07:12:04+00:00
2026-06-29T07:13:03+00:00,-48.58,-59.82,-61.40,-49.80,-65.03,-47.05,-49.50,-47.62,-49.68,-51.41,-54.68,-61.97,-55.77,-50.36,-57.66,-45.26,-57.88,2026-06-29 07:13:03+00:00
2026-06-29T07:14:03+00:00,-49.36,-60.08,-61.82,-49.50,-66.53,-47.15,-49.52,-47.51,-49.89,-51.19,-55.16,-63.73,-55.84,-50.59,-56.99,-45.33,-58.13,2026-06-29 07:14:03+00:00
2026-06-29T07:15:04+00:00,-49.63,-59.99,-61.60,-49.11,-65.72,-47.08,-49.87,-47.52,-49.70,-50.88,-55.28,-63.65,-55.93,-50.62,-57.43,-45.30,-58.15,2026-06-29 07:15:04+00:00
2026-06-29T07:16:04+00:00,-50.12,-59.48,-61.84,-48.91,-67.16,-47.03,-50.19,-47.50,-49.67,-50.80,-55.57,-63.70,-55.80,-50.64,-57.12,-45.16,-58.20,2026-06-29 07:16:04+00:00
2026-06-29T07:17:03+00:00,-48.79,-60.04,-61.64,-48.26,-66.06,-47.13,-49.57,-47.60,-49.49,-47.99,-55.75,-63.24,-55.66,-50.53,-56.98,-45.11,-58.13,2026-06-29 07:17:03+00:00
2026-06-29T07:18:03+00:00,-49.07,-59.73,-61.81,-48.49,-65.79,-47.05,-50.05,-47.55,-49.71,-46.94,-55.63,-63.77,-55.68,-50.76,-56.83,-45.18,-58.14,2026-06-29 07:18:03+00:00
2026-06-29T07:19:04+00:00,-49.12,-59.50,-61.87,-49.87,-66.25,-47.03,-50.26,-47.45,-49.63,-46.79,-55.47,-63.54,-55.67,-50.14,-57.04,-45.01,-57.69,2026-06-29 07:19:04+00:00
2026-06-29T07:20:03+00:00,-49.20,-60.33,-61.80,-49.28,-65.92,-47.15,-49.42,-47.26,-49.57,-46.80,-55.59,-63.37,-55.31,-50.26,-57.18,-44.60,-56.83,2026-06-29 07:20:03+00:00
2026-06-29T07:21:03+00:00,-49.20,-60.76,-61.99,-50.82,-65.90,-47.18,-49.58,-46.95,-49.59,-46.25,-51.93,-63.39,-55.38,-50.18,-57.67,-44.52,-58.26,2026-06-29 07:21:03+00:00
2026-06-29T07:22:04+00:00,-48.68,-59.84,-62.07,-51.62,-66.51,-47.38,-49.78,-47.27,-49.98,-51.53,-54.99,-61.82,-55.51,-50.04,-57.06,-44.36,-58.28,2026-06-29 07:22:04+00:00
2026-06-29T07:23:04+00:00,-48.61,-59.80,-62.59,-51.14,-66.20,-47.39,-49.52,-47.15,-50.61,-51.31,-54.67,-61.91,-55.56,-50.09,-57.20,-44.10,-58.51,2026-06-29 07:23:04+00:00
2026-06-29T07:24:03+00:00,-48.59,-60.04,-62.12,-51.53,-66.21,-47.25,-49.47,-47.19,-50.62,-51.32,-54.26,-62.02,-55.38,-50.02,-57.29,-44.23,-58.03,2026-06-29 07:24:03+00:00
2026-06-29T07:25:04+00:00,-49.29,-60.04,-62.09,-50.41,-65.50,-47.21,-49.97,-47.18,-50.46,-51.24,-54.19,-61.80,-55.50,-50.11,-56.99,-43.78,-57.45,2026-06-29 07:25:04+00:00
2026-06-29T07:26:04+00:00,-47.65,-61.00,-61.93,-51.69,-66.45,-47.42,-50.12,-47.23,-50.00,-51.15,-53.94,-62.02,-55.40,-50.07,-57.41,-44.15,-57.80,2026-06-29 07:26:04+00:00
2026-06-29T07:27:04+00:00,-48.70,-60.92,-61.68,-52.51,-66.40,-47.33,-49.71,-47.20,-49.40,-51.09,-53.78,-61.96,-55.41,-49.98,-56.94,-43.92,-57.25,2026-06-29 07:27:04+00:00
2026-06-29T07:28:03+00:00,-47.74,-59.86,-62.49,-51.25,-66.04,-47.18,-49.61,-46.74,-49.53,-51.10,-53.74,-62.08,-55.63,-50.37,-57.41,-43.89,-57.17,2026-06-29 07:28:03+00:00
2026-06-29T07:29:04+00:00,-48.23,-60.84,-61.95,-51.93,-66.06,-47.29,-49.57,-47.19,-49.18,-50.97,-53.51,-62.06,-55.59,-50.02,-56.99,-44.06,-58.06,2026-06-29 07:29:04+00:00
2026-06-29T07:30:04+00:00,-48.30,-60.63,-62.28,-49.93,-66.71,-47.32,-49.27,-46.38,-50.33,-51.08,-52.49,-62.15,-55.40,-50.69,-57.04,-44.06,-57.89,2026-06-29 07:30:04+00:00
2026-06-29T07:31:04+00:00,-48.53,-61.72,-62.33,-51.46,-66.29,-47.47,-49.54,-47.09,-49.33,-50.87,-53.24,-61.97,-55.33,-50.11,-57.17,-43.78,-57.88,2026-06-29 07:31:04+00:00
2026-06-29T07:32:04+00:00,-48.42,-58.31,-62.16,-52.05,-66.59,-47.33,-49.67,-47.24,-50.05,-51.02,-52.35,-61.96,-55.72,-50.16,-57.11,-43.83,-57.71,2026-06-29 07:32:04+00:00
2026-06-29T07:33:03+00:00,-48.52,-57.08,-61.77,-51.25,-66.14,-47.37,-49.77,-47.63,-49.72,-50.94,-52.83,-61.84,-55.61,-50.90,-57.13,-43.84,-57.84,2026-06-29 07:33:03+00:00
2026-06-29T07:34:04+00:00,-48.14,-58.40,-62.07,-51.70,-66.14,-47.03,-50.12,-47.68,-49.56,-51.00,-52.79,-62.13,-55.63,-51.25,-57.00,-43.62,-57.77,2026-06-29 07:34:04+00:00
2026-06-29T07:35:04+00:00,-49.35,-57.79,-62.41,-51.63,-65.83,-47.71,-49.73,-47.85,-49.00,-50.74,-52.81,-62.10,-55.61,-51.18,-57.00,-43.70,-57.88,2026-06-29 07:35:04+00:00
2026-06-29T07:36:04+00:00,-48.60,-57.87,-62.15,-50.58,-65.90,-45.03,-50.18,-47.81,-49.07,-50.95,-52.75,-63.55,-55.92,-51.47,-57.14,-43.43,-58.10,2026-06-29 07:36:04+00:00
2026-06-29T07:37:03+00:00,-48.52,-58.02,-62.19,-51.97,-65.75,-45.24,-50.17,-47.76,-49.11,-50.93,-52.83,-64.24,-55.90,-51.50,-57.06,-43.64,-58.06,2026-06-29 07:37:03+00:00
2026-06-29T07:38:03+00:00,-46.93,-57.39,-62.24,-51.23,-65.75,-44.75,-50.11,-47.54,-47.75,-50.93,-52.74,-63.97,-55.72,-51.56,-57.22,-44.08,-58.07,2026-06-29 07:38:03+00:00
2026-06-29T07:39:04+00:00,-47.10,-57.62,-62.33,-51.57,-66.17,-44.59,-50.25,-47.78,-47.66,-51.03,-51.53,-64.18,-55.86,-51.79,-57.01,-43.60,-58.15,2026-06-29 07:39:04+00:00
2026-06-29T07:40:04+00:00,-46.75,-58.04,-62.21,-51.92,-65.67,-44.57,-50.40,-47.51,-47.91,-50.98,-52.55,-63.72,-55.87,-51.28,-57.00,-43.75,-58.07,2026-06-29 07:40:04+00:00
2026-06-29T07:41:03+00:00,-46.86,-58.56,-62.39,-52.37,-65.96,-44.59,-50.15,-47.43,-47.71,-50.99,-52.61,-63.84,-55.93,-51.09,-57.03,-43.96,-58.23,2026-06-29 07:41:03+00:00
2026-06-29T07:42:04+00:00,-47.77,-58.51,-62.20,-52.92,-65.38,-44.70,-50.12,-47.37,-47.61,-51.03,-52.51,-63.68,-55.62,-51.47,-57.08,-43.74,-58.12,2026-06-29 07:42:04+00:00
2026-06-29T07:43:04+00:00,-47.99,-58.18,-62.30,-52.25,-66.00,-44.51,-49.90,-47.15,-47.68,-50.85,-50.10,-63.53,-55.74,-51.55,-56.82,-43.49,-57.94,2026-06-29 07:43:04+00:00
2026-06-29T07:44:03+00:00,-47.91,-58.14,-62.34,-51.74,-65.40,-44.78,-50.23,-47.37,-48.76,-50.92,-52.15,-61.89,-55.83,-51.42,-56.75,-43.73,-57.54,2026-06-29 07:44:03+00:00
2026-06-29T07:45:04+00:00,-48.17,-58.08,-62.54,-52.16,-67.18,-44.71,-50.57,-47.31,-48.44,-50.80,-52.44,-61.84,-55.82,-51.59,-56.73,-43.90,-57.73,2026-06-29 07:45:04+00:00
2026-06-29T07:46:04+00:00,-47.40,-58.18,-62.39,-52.22,-65.78,-44.61,-50.25,-47.26,-48.39,-51.00,-52.09,-61.55,-56.08,-52.08,-56.72,-43.87,-57.72,2026-06-29 07:46:04+00:00
2026-06-29T07:47:04+00:00,-47.70,-57.52,-62.73,-51.66,-65.92,-44.84,-50.44,-47.36,-48.43,-50.79,-52.16,-61.73,-55.89,-52.82,-56.88,-44.55,-57.72,2026-06-29 07:47:04+00:00
2026-06-29T07:48:03+00:00,-47.59,-58.04,-62.52,-52.60,-65.75,-44.70,-49.92,-47.28,-47.94,-50.95,-52.30,-61.53,-55.96,-53.20,-56.92,-45.47,-57.71,2026-06-29 07:48:03+00:00
2026-06-29T07:49:04+00:00,-47.09,-58.26,-62.74,-53.39,-65.56,-44.82,-50.35,-47.35,-47.91,-50.73,-51.96,-61.37,-56.10,-52.96,-56.70,-46.78,-57.84,2026-06-29 07:49:04+00:00
2026-06-29T07:50:04+00:00,-46.98,-57.58,-62.90,-52.64,-66.13,-44.83,-50.34,-47.17,-47.98,-50.91,-51.47,-61.56,-55.93,-51.67,-56.45,-48.01,-57.67,2026-06-29 07:50:04+00:00
2026-06-29T07:51:03+00:00,-46.54,-58.30,-62.63,-52.77,-66.25,-44.74,-49.60,-47.41,-48.00,-50.95,-51.97,-62.30,-56.12,-50.34,-56.32,-50.16,-57.68,2026-06-29 07:51:03+00:00
2026-06-29T07:52:03+00:00,-46.02,-57.40,-63.25,-53.01,-66.12,-45.07,-49.80,-47.17,-48.35,-50.87,-52.03,-62.01,-56.20,-48.93,-55.97,-51.93,-57.61,2026-06-29 07:52:03+00:00
2026-06-29T07:53:04+00:00,-46.50,-57.26,-62.96,-52.85,-66.55,-44.96,-50.25,-47.23,-49.11,-50.82,-51.88,-62.44,-56.55,-48.12,-56.39,-53.68,-57.01,2026-06-29 07:53:04+00:00
2026-06-29T07:54:04+00:00,-47.16,-57.57,-63.01,-52.78,-66.26,-45.11,-49.56,-47.36,-49.18,-50.52,-51.64,-62.46,-56.59,-47.45,-56.48,-54.94,-57.17,2026-06-29 07:54:04+00:00
2026-06-29T07:55:03+00:00,-46.08,-57.73,-62.94,-53.13,-67.02,-45.04,-49.75,-47.17,-49.13,-50.76,-51.70,-62.42,-56.67,-46.68,-55.91,-55.02,-56.34,2026-06-29 07:55:03+00:00
2026-06-29T07:56:04+00:00,-47.15,-57.75,-62.25,-52.80,-66.43,-45.18,-49.91,-47.26,-49.47,-50.65,-51.63,-61.66,-56.62,-46.31,-55.84,-55.09,-57.66,2026-06-29 07:56:04+00:00
2026-06-29T07:57:04+00:00,-46.29,-58.47,-62.22,-52.83,-65.82,-45.28,-50.09,-47.33,-49.49,-49.75,-51.30,-61.93,-56.75,-46.03,-55.42,-55.21,-56.52,2026-06-29 07:57:04+00:00
2026-06-29T07:58:04+00:00,-47.38,-58.44,-63.05,-52.17,-67.07,-45.11,-50.25,-47.20,-49.41,-47.52,-51.19,-62.01,-56.82,-45.69,-55.53,-54.73,-57.55,2026-06-29 07:58:04+00:00
2026-06-29T07:59:03+00:00,-47.47,-57.57,-63.14,-53.40,-66.14,-45.10,-49.85,-47.24,-49.49,-47.15,-51.31,-62.13,-56.80,-45.62,-55.52,-54.33,-57.56,2026-06-29 07:59:03+00:00
2026-06-29T08:00:04+00:00,-46.70,-58.04,-63.07,-52.74,-66.59,-45.02,-49.97,-47.29,-49.52,-46.79,-51.22,-62.18,-56.67,-45.69,-55.58,-54.05,-57.61,2026-06-29 08:00:04+00:00
2026-06-29T08:01:04+00:00,-47.25,-56.83,-63.12,-52.35,-66.19,-45.16,-49.86,-47.38,-50.38,-46.96,-51.35,-63.80,-56.89,-45.20,-55.49,-53.20,-57.78,2026-06-29 08:01:04+00:00
2026-06-29T08:02:04+00:00,-47.77,-56.28,-62.80,-52.78,-66.16,-45.20,-50.04,-47.45,-50.32,-47.02,-51.06,-63.99,-56.69,-45.41,-55.20,-53.09,-57.70,2026-06-29 08:02:04+00:00
2026-06-29T08:03:04+00:00,-47.33,-57.12,-62.90,-52.77,-65.68,-45.10,-49.89,-47.46,-50.29,-46.67,-51.45,-64.08,-56.78,-45.48,-55.32,-53.20,-57.76,2026-06-29 08:03:04+00:00
2026-06-29T08:04:03+00:00,-46.88,-58.32,-63.03,-52.61,-65.77,-45.16,-49.89,-47.52,-49.44,-46.62,-51.41,-63.98,-56.76,-45.44,-55.46,-52.97,-57.62,2026-06-29 08:04:03+00:00
2026-06-29T08:05:04+00:00,-46.98,-57.92,-63.30,-51.90,-66.08,-45.27,-50.12,-46.90,-49.76,-46.58,-51.53,-64.15,-56.83,-45.55,-55.44,-52.93,-57.54,2026-06-29 08:05:04+00:00
2026-06-29T08:06:04+00:00,-47.21,-58.24,-63.33,-51.99,-66.87,-45.22,-50.27,-47.16,-49.81,-46.58,-51.50,-63.87,-56.68,-45.54,-55.39,-52.86,-57.69,2026-06-29 08:06:04+00:00
2026-06-29T08:07:04+00:00,-46.54,-57.69,-63.30,-51.49,-65.88,-44.95,-48.26,-47.00,-49.60,-46.70,-51.24,-64.18,-56.06,-45.54,-55.42,-52.57,-57.41,2026-06-29 08:07:04+00:00
2026-06-29T08:08:03+00:00,-47.39,-58.15,-63.18,-52.21,-65.83,-45.05,-50.21,-47.01,-50.10,-46.38,-49.13,-62.71,-56.67,-45.50,-55.62,-52.42,-57.42,2026-06-29 08:08:03+00:00
2026-06-29T08:09:03+00:00,-46.97,-58.46,-62.96,-52.40,-66.53,-48.03,-50.19,-47.58,-49.41,-46.37,-51.04,-61.93,-56.83,-45.50,-55.40,-52.62,-56.39,2026-06-29 08:09:03+00:00
2026-06-29T08:10:04+00:00,-47.30,-56.96,-62.79,-52.68,-65.74,-47.94,-50.47,-47.44,-49.39,-46.26,-51.06,-61.68,-56.66,-45.62,-55.33,-52.70,-57.52,2026-06-29 08:10:04+00:00
2026-06-29T08:11:04+00:00,-47.36,-57.79,-62.56,-52.32,-65.91,-47.68,-49.73,-47.64,-49.40,-46.26,-50.90,-61.71,-56.55,-45.63,-55.52,-52.59,-57.39,2026-06-29 08:11:04+00:00
2026-06-29T08:12:03+00:00,-47.49,-57.70,-62.72,-53.01,-65.40,-47.76,-49.88,-47.59,-49.47,-46.24,-51.00,-61.91,-56.57,-45.71,-55.35,-52.69,-57.45,2026-06-29 08:12:03+00:00
2026-06-29T08:13:04+00:00,-47.76,-57.28,-62.90,-51.59,-66.26,-47.92,-49.85,-47.40,-49.07,-43.36,-46.02,-61.63,-56.49,-45.54,-55.42,-52.08,-57.21,2026-06-29 08:13:04+00:00
2026-06-29T08:14:04+00:00,-47.35,-58.02,-63.03,-51.86,-66.17,-47.81,-49.51,-47.26,-49.37,-43.60,-46.61,-61.56,-56.63,-45.59,-55.61,-52.02,-57.52,2026-06-29 08:14:04+00:00
2026-06-29T08:15:03+00:00,-47.27,-58.55,-63.22,-51.56,-66.07,-47.88,-49.77,-46.75,-49.59,-44.30,-48.25,-61.75,-56.72,-45.59,-55.45,-52.21,-57.24,2026-06-29 08:15:03+00:00
2026-06-29T08:16:04+00:00,-47.00,-58.51,-62.97,-51.18,-66.71,-47.63,-49.65,-46.85,-49.64,-44.26,-48.31,-61.80,-56.93,-45.51,-55.67,-52.18,-57.75,2026-06-29 08:16:04+00:00
2026-06-29T08:17:04+00:00,-47.47,-58.22,-62.79,-50.78,-66.57,-47.80,-49.79,-46.73,-49.53,-45.44,-50.68,-61.64,-56.79,-45.50,-55.43,-52.08,-55.62,2026-06-29 08:17:04+00:00
2026-06-29T08:18:04+00:00,-47.23,-58.44,-62.53,-49.79,-65.56,-47.92,-50.08,-46.75,-49.45,-45.50,-51.03,-61.57,-56.86,-45.41,-55.64,-51.43,-57.63,2026-06-29 08:18:04+00:00
2026-06-29T08:19:03+00:00,-47.33,-58.10,-62.91,-51.03,-65.52,-47.78,-49.88,-46.84,-49.47,-45.40,-51.14,-61.89,-56.72,-45.57,-55.67,-51.51,-57.08,2026-06-29 08:19:03+00:00
2026-06-29T08:20:04+00:00,-47.00,-57.43,-62.56,-48.53,-66.32,-47.74,-49.50,-46.94,-49.85,-45.20,-50.91,-61.67,-59.67,-45.47,-55.76,-51.30,-56.52,2026-06-29 08:20:04+00:00
2026-06-29T08:21:04+00:00,-47.44,-57.10,-60.02,-49.63,-65.94,-47.68,-49.79,-49.93,-50.74,-45.52,-50.38,-61.24,-55.88,-45.57,-54.99,-51.68,-56.67,2026-06-29 08:21:04+00:00
2026-06-29T08:22:03+00:00,-47.90,-57.58,-60.08,-49.98,-66.28,-47.80,-50.30,-49.91,-50.45,-45.48,-49.95,-61.40,-54.61,-45.40,-55.09,-51.05,-57.58,2026-06-29 08:22:03+00:00
2026-06-29T08:23:03+00:00,-47.40,-57.15,-60.31,-49.25,-65.87,-47.89,-50.26,-49.95,-50.14,-45.45,-50.66,-63.65,-54.52,-45.16,-54.71,-50.40,-57.62,2026-06-29 08:23:03+00:00
2026-06-29T08:24:04+00:00,-47.07,-58.04,-62.23,-48.43,-65.69,-49.30,-49.88,-49.82,-49.88,-45.35,-51.01,-63.75,-55.77,-45.01,-55.32,-51.18,-57.81,2026-06-29 08:24:04+00:00
2026-06-29T08:25:04+00:00,-47.57,-58.55,-61.94,-47.53,-65.71,-47.83,-50.14,-49.78,-49.79,-45.57,-51.07,-63.63,-56.03,-44.88,-55.45,-51.65,-57.37,2026-06-29 08:25:04+00:00
2026-06-29T08:26:03+00:00,-48.15,-58.52,-62.40,-47.22,-66.32,-47.87,-50.09,-49.68,-48.92,-45.49,-51.18,-63.68,-55.89,-44.86,-55.59,-51.63,-53.91,2026-06-29 08:26:03+00:00
2026-06-29T08:27:04+00:00,-47.45,-58.39,-61.40,-48.28,-66.52,-47.72,-50.23,-49.82,-49.09,-45.42,-51.08,-63.36,-55.63,-44.63,-55.20,-51.08,-54.36,2026-06-29 08:27:04+00:00
2026-06-29T08:28:04+00:00,-47.18,-58.02,-57.10,-51.09,-65.84,-47.93,-49.73,-50.30,-49.19,-45.35,-49.77,-62.59,-52.95,-44.39,-51.38,-51.01,-54.05,2026-06-29 08:28:04+00:00
2026-06-29T08:29:04+00:00,-46.65,-59.34,-60.81,-49.69,-65.99,-47.75,-48.69,-49.82,-49.08,-45.33,-50.67,-63.24,-54.43,-44.34,-55.01,-51.40,-53.90,2026-06-29 08:29:04+00:00
2026-06-29T08:30:03+00:00,-47.52,-57.99,-63.27,-50.38,-66.23,-47.69,-49.41,-47.08,-48.06,-45.44,-49.14,-63.47,-57.13,-43.72,-55.14,-50.46,-54.78,2026-06-29 08:30:03+00:00
2026-06-29T08:31:03+00:00,-47.79,-56.88,-62.84,-49.03,-65.79,-47.67,-49.82,-46.57,-48.71,-45.41,-50.64,-61.32,-57.26,-43.75,-55.18,-51.39,-53.77,2026-06-29 08:31:03+00:00
2026-06-29T08:32:04+00:00,-47.84,-57.04,-62.69,-49.27,-66.50,-47.11,-50.01,-46.67,-48.98,-45.35,-50.78,-61.05,-56.97,-43.82,-55.15,-51.39,-54.20,2026-06-29 08:32:04+00:00
2026-06-29T08:33:03+00:00,-47.68,-57.49,-62.96,-48.25,-65.68,-47.24,-50.05,-46.52,-48.79,-45.61,-50.66,-61.43,-57.15,-43.98,-55.51,-51.50,-54.79,2026-06-29 08:33:03+00:00
2026-06-29T08:34:04+00:00,-47.54,-57.29,-63.40,-50.01,-67.06,-46.15,-49.80,-47.08,-48.32,-45.46,-50.78,-58.26,-57.15,-43.87,-55.29,-51.55,-54.83,2026-06-29 08:34:04+00:00
2026-06-29T08:35:04+00:00,-46.99,-58.52,-63.27,-50.91,-66.22,-46.28,-49.44,-46.87,-48.32,-45.68,-50.90,-60.12,-57.16,-44.04,-55.27,-51.98,-53.90,2026-06-29 08:35:04+00:00
2026-06-29T08:36:03+00:00,-47.40,-58.24,-63.33,-50.33,-66.17,-46.17,-50.24,-46.96,-48.42,-45.66,-50.77,-60.25,-57.09,-43.91,-55.48,-51.96,-57.48,2026-06-29 08:36:03+00:00
2026-06-29T08:37:03+00:00,-47.06,-58.39,-63.59,-49.04,-66.01,-46.10,-49.74,-46.89,-49.26,-45.77,-50.63,-60.21,-57.12,-43.93,-55.22,-51.92,-54.01,2026-06-29 08:37:03+00:00
2026-06-29T08:38:04+00:00,-47.06,-58.13,-63.35,-48.37,-66.04,-46.19,-49.78,-46.71,-49.84,-45.45,-50.63,-60.23,-57.02,-44.29,-55.30,-52.31,-54.58,2026-06-29 08:38:04+00:00
2026-06-29T08:39:04+00:00,-47.00,-57.52,-63.24,-48.09,-65.96,-46.31,-49.64,-46.75,-49.88,-45.44,-50.71,-61.06,-57.06,-44.11,-55.42,-52.48,-57.48,2026-06-29 08:39:04+00:00
2026-06-29T08:40:03+00:00,-47.02,-57.81,-63.21,-47.56,-66.05,-46.23,-49.88,-46.78,-50.15,-45.54,-50.68,-60.75,-57.19,-44.43,-55.60,-52.67,-57.07,2026-06-29 08:40:03+00:00
2026-06-29T08:41:04+00:00,-47.82,-56.75,-63.48,-47.02,-66.26,-46.31,-49.96,-46.68,-50.55,-45.57,-50.90,-61.22,-57.02,-44.75,-55.45,-52.75,-57.61,2026-06-29 08:41:04+00:00
2026-06-29T08:42:04+00:00,-47.79,-57.16,-63.43,-48.46,-66.40,-46.09,-49.97,-47.38,-49.57,-45.44,-50.70,-61.24,-57.00,-44.57,-55.55,-53.17,-56.83,2026-06-29 08:42:04+00:00
2026-06-29T08:43:03+00:00,-47.03,-57.83,-63.51,-48.93,-66.52,-46.34,-49.72,-47.21,-49.49,-45.29,-50.71,-61.14,-56.94,-44.58,-56.02,-53.32,-57.02,2026-06-29 08:43:03+00:00
2026-06-29T08:44:03+00:00,-47.81,-57.18,-63.43,-49.01,-66.08,-46.36,-49.58,-47.46,-50.29,-45.26,-50.69,-61.25,-57.31,-44.67,-55.76,-52.67,-57.28,2026-06-29 08:44:03+00:00
2026-06-29T08:45:04+00:00,-48.03,-57.09,-63.37,-49.88,-66.23,-46.52,-50.13,-47.05,-50.28,-45.24,-50.83,-61.31,-59.17,-44.89,-56.02,-53.90,-57.42,2026-06-29 08:45:04+00:00
2026-06-29T08:46:03+00:00,-47.03,-59.43,-63.43,-49.64,-66.22,-46.50,-49.55,-47.34,-50.22,-45.38,-51.14,-63.34,-58.26,-45.02,-56.16,-53.43,-57.31,2026-06-29 08:46:03+00:00
2026-06-29T08:47:03+00:00,-47.25,-57.60,-63.49,-49.06,-67.12,-46.35,-49.88,-47.26,-50.05,-45.17,-50.96,-63.31,-56.84,-45.33,-55.86,-53.32,-57.21,2026-06-29 08:47:03+00:00
2026-06-29T08:48:04+00:00,-47.47,-58.65,-63.94,-49.36,-66.48,-46.58,-49.46,-47.41,-49.48,-45.34,-51.09,-63.55,-56.98,-45.60,-55.91,-53.42,-58.01,2026-06-29 08:48:04+00:00
2026-06-29T08:49:04+00:00,-47.66,-57.47,-63.61,-48.97,-66.65,-46.35,-49.65,-47.45,-49.47,-45.12,-51.04,-63.33,-56.94,-45.49,-55.77,-53.50,-57.61,2026-06-29 08:49:04+00:00
2026-06-29T08:50:03+00:00,-47.70,-58.18,-63.18,-49.54,-64.81,-46.48,-49.67,-47.31,-49.48,-45.44,-51.11,-63.45,-56.95,-45.75,-55.97,-54.02,-57.30,2026-06-29 08:50:03+00:00
2026-06-29T08:51:03+00:00,-47.69,-57.90,-63.55,-50.50,-65.70,-46.54,-49.44,-47.36,-49.54,-45.14,-51.19,-63.15,-57.07,-45.89,-55.90,-54.31,-57.53,2026-06-29 08:51:03+00:00
2026-06-29T08:52:04+00:00,-47.84,-57.98,-63.45,-48.93,-66.66,-46.50,-49.99,-47.40,-49.61,-44.96,-51.02,-63.41,-57.20,-46.08,-56.41,-53.13,-57.27,2026-06-29 08:52:04+00:00
2026-06-29T08:53:03+00:00,-48.28,-58.00,-63.47,-49.26,-64.93,-46.69,-49.90,-47.27,-49.49,-45.18,-50.72,-63.10,-56.97,-46.20,-56.06,-53.76,-57.47,2026-06-29 08:53:03+00:00
2026-06-29T08:54:03+00:00,-47.89,-57.98,-63.57,-48.67,-65.88,-46.54,-50.01,-47.44,-49.36,-45.29,-50.89,-63.45,-56.81,-46.15,-56.25,-53.25,-57.45,2026-06-29 08:54:03+00:00
2026-06-29T08:55:04+00:00,-46.68,-57.12,-63.50,-49.03,-66.32,-46.44,-49.54,-47.31,-49.30,-45.14,-51.04,-63.36,-56.86,-46.37,-56.05,-53.88,-57.43,2026-06-29 08:55:04+00:00
2026-06-29T08:56:04+00:00,-47.42,-58.01,-63.12,-47.51,-65.24,-46.38,-50.14,-46.85,-49.86,-45.16,-51.01,-63.22,-56.91,-46.62,-56.29,-53.86,-57.45,2026-06-29 08:56:04+00:00
2026-06-29T08:57:03+00:00,-47.67,-58.23,-63.62,-48.21,-66.26,-46.50,-49.37,-47.04,-49.75,-44.94,-51.00,-63.37,-56.94,-46.78,-56.40,-53.66,-57.43,2026-06-29 08:57:03+00:00
2026-06-29T08:58:04+00:00,-47.34,-58.45,-63.81,-47.84,-66.24,-46.56,-49.85,-46.96,-49.77,-45.07,-51.07,-63.51,-56.99,-46.96,-56.70,-53.35,-57.42,2026-06-29 08:58:04+00:00
2026-06-29T08:59:04+00:00,-47.32,-59.28,-64.20,-48.12,-66.31,-46.62,-49.42,-46.85,-49.72,-45.03,-50.98,-63.50,-57.06,-46.81,-56.92,-53.56,-57.55,2026-06-29 08:59:04+00:00
2026-06-29T09:00:03+00:00,-47.81,-59.58,-64.31,-48.30,-66.12,-46.55,-49.28,-46.88,-49.97,-45.11,-51.03,-63.43,-46.42,-46.71,-56.65,-54.06,-57.69,2026-06-29 09:00:03+00:00
2026-06-29T09:01:03+00:00,-47.85,-59.40,-64.00,-47.46,-65.79,-46.51,-49.73,-46.64,-50.37,-45.20,-51.16,-63.35,-45.39,-47.11,-56.48,-53.52,-56.89,2026-06-29 09:01:03+00:00
2026-06-29T09:02:04+00:00,-46.50,-59.42,-63.74,-48.45,-64.98,-46.54,-49.73,-46.92,-50.28,-45.14,-51.00,-63.63,-46.72,-47.22,-57.02,-53.72,-56.50,2026-06-29 09:02:04+00:00
2026-06-29T09:03:03+00:00,-47.02,-59.26,-63.60,-47.95,-66.17,-46.70,-49.50,-46.72,-50.31,-45.07,-51.25,-63.80,-47.55,-47.08,-56.68,-53.87,-56.45,2026-06-29 09:03:03+00:00
2026-06-29T09:04:03+00:00,-47.15,-58.69,-63.64,-45.46,-66.47,-46.48,-49.72,-47.54,-51.00,-44.98,-51.25,-63.69,-46.57,-47.49,-56.76,-54.01,-56.67,2026-06-29 09:04:03+00:00
2026-06-29T09:05:04+00:00,-46.78,-58.79,-63.73,-45.33,-66.90,-46.51,-49.92,-47.43,-50.44,-45.37,-51.33,-63.64,-47.24,-47.50,-56.95,-53.97,-56.69,2026-06-29 09:05:04+00:00
2026-06-29T09:06:04+00:00,-46.46,-58.62,-64.19,-46.56,-66.40,-46.46,-49.49,-47.45,-50.53,-45.18,-51.05,-63.87,-47.94,-47.37,-56.88,-53.48,-56.62,2026-06-29 09:06:04+00:00
2026-06-29T09:07:03+00:00,-46.23,-59.08,-64.24,-46.47,-66.66,-46.64,-49.31,-47.16,-49.31,-45.80,-52.09,-64.04,-48.02,-46.03,-56.06,-54.35,-56.75,2026-06-29 09:07:03+00:00
2026-06-29T09:08:03+00:00,-47.72,-58.34,-63.71,-46.28,-66.37,-46.71,-49.93,-48.55,-49.65,-46.52,-54.19,-63.70,-48.45,-44.88,-56.62,-53.13,-57.24,2026-06-29 09:08:03+00:00
2026-06-29T09:09:04+00:00,-47.35,-58.37,-62.13,-47.61,-65.65,-46.81,-49.96,-49.86,-49.61,-46.55,-53.11,-63.44,-50.36,-44.78,-56.16,-51.65,-56.68,2026-06-29 09:09:04+00:00
2026-06-29T09:10:04+00:00,-48.17,-57.53,-60.01,-50.06,-66.31,-46.67,-49.94,-50.13,-49.70,-46.52,-52.84,-63.12,-50.21,-44.90,-55.93,-52.12,-57.16,2026-06-29 09:10:04+00:00
2026-06-29T09:11:03+00:00,-47.69,-59.21,-61.71,-48.70,-66.12,-46.50,-49.66,-49.69,-49.65,-46.48,-53.69,-63.42,-51.75,-44.80,-56.56,-52.51,-57.36,2026-06-29 09:11:03+00:00
2026-06-29T09:12:04+00:00,-47.82,-58.52,-63.52,-46.72,-65.98,-47.69,-49.91,-49.23,-49.56,-46.55,-54.30,-63.54,-53.13,-44.51,-57.01,-52.48,-57.23,2026-06-29 09:12:04+00:00
2026-06-29T09:13:04+00:00,-47.40,-57.91,-63.93,-47.50,-66.16,-47.60,-49.31,-49.26,-49.26,-46.81,-54.47,-63.75,-54.96,-44.71,-57.12,-52.90,-57.35,2026-06-29 09:13:04+00:00
2026-06-29T09:14:03+00:00,-48.00,-57.50,-63.74,-46.08,-66.28,-47.87,-49.46,-49.35,-49.31,-46.90,-53.21,-63.79,-56.25,-44.88,-56.79,-52.88,-57.40,2026-06-29 09:14:03+00:00
2026-06-29T09:15:03+00:00,-47.70,-57.99,-63.88,-46.92,-64.78,-47.75,-49.85,-49.33,-49.39,-46.71,-54.66,-63.50,-56.60,-44.96,-57.36,-53.43,-57.17,2026-06-29 09:15:03+00:00
2026-06-29T09:16:04+00:00,-47.18,-57.82,-63.89,-47.42,-65.98,-47.44,-49.39,-49.25,-49.29,-46.70,-54.34,-63.46,-55.73,-45.02,-57.13,-53.23,-57.38,2026-06-29 09:16:04+00:00
2026-06-29T09:17:04+00:00,-47.87,-58.43,-63.71,-46.46,-66.06,-47.80,-49.93,-49.34,-49.59,-47.55,-55.02,-63.61,-55.91,-44.93,-57.09,-53.07,-57.25,2026-06-29 09:17:04+00:00
2026-06-29T09:18:03+00:00,-47.35,-58.22,-63.29,-47.05,-66.74,-47.83,-49.85,-49.76,-49.80,-47.62,-54.94,-63.60,-55.68,-45.04,-57.11,-53.06,-56.99,2026-06-29 09:18:03+00:00
2026-06-29T09:19:04+00:00,-47.87,-58.62,-63.19,-47.24,-65.89,-47.78,-49.99,-49.70,-49.66,-47.54,-54.82,-62.71,-54.93,-45.18,-56.91,-53.49,-57.48,2026-06-29 09:19:04+00:00
2026-06-29T09:20:04+00:00,-47.98,-57.63,-63.19,-47.09,-65.88,-47.85,-49.61,-49.81,-49.73,-47.63,-54.96,-62.83,-54.72,-45.19,-56.97,-52.92,-57.61,2026-06-29 09:20:04+00:00
2026-06-29T09:21:04+00:00,-46.98,-58.28,-63.45,-47.24,-66.25,-47.76,-49.98,-49.84,-50.41,-47.58,-54.75,-62.90,-54.54,-45.32,-57.06,-53.70,-57.36,2026-06-29 09:21:04+00:00
2026-06-29T09:22:03+00:00,-47.25,-57.72,-63.02,-47.89,-66.73,-47.93,-49.74,-49.87,-52.02,-47.60,-54.54,-62.81,-54.16,-45.15,-57.57,-54.26,-57.27,2026-06-29 09:22:03+00:00
2026-06-29T09:23:03+00:00,-47.03,-57.58,-62.76,-46.94,-66.00,-47.70,-49.58,-49.89,-52.12,-47.71,-54.29,-62.53,-54.05,-45.40,-57.02,-53.75,-57.32,2026-06-29 09:23:03+00:00
2026-06-29T09:24:04+00:00,-47.26,-57.94,-60.88,-49.10,-65.71,-47.72,-49.85,-50.00,-51.38,-47.81,-53.32,-62.42,-53.15,-45.44,-56.53,-53.21,-57.08,2026-06-29 09:24:04+00:00
2026-06-29T09:25:03+00:00,-47.55,-58.06,-56.12,-49.99,-65.74,-47.67,-49.59,-49.99,-51.49,-47.64,-52.13,-61.83,-51.86,-45.31,-55.01,-53.94,-57.05,2026-06-29 09:25:03+00:00
2026-06-29T09:26:03+00:00,-46.99,-58.21,-52.59,-50.73,-65.39,-47.46,-49.84,-50.51,-52.16,-47.83,-54.71,-59.24,-51.85,-45.29,-56.89,-50.79,-56.88,2026-06-29 09:26:03+00:00
2026-06-29T09:27:04+00:00,-47.14,-58.30,-57.56,-51.16,-65.70,-47.64,-49.87,-49.96,-51.91,-48.01,-51.85,-62.14,-51.99,-45.38,-52.26,-53.83,-57.27,2026-06-29 09:27:04+00:00
2026-06-29T09:28:04+00:00,-46.99,-58.53,-55.73,-50.71,-66.24,-47.66,-50.23,-50.03,-51.95,-47.90,-51.96,-61.87,-51.52,-45.48,-52.99,-53.55,-57.31,2026-06-29 09:28:04+00:00
2026-06-29T09:29:03+00:00,-46.96,-58.62,-53.30,-49.42,-65.82,-47.61,-49.82,-50.19,-52.73,-47.93,-52.60,-61.47,-51.24,-45.63,-56.19,-53.31,-56.90,2026-06-29 09:29:03+00:00
2026-06-29T09:30:03+00:00,-47.69,-58.12,-51.54,-51.29,-66.21,-47.48,-50.35,-50.47,-52.00,-47.93,-54.54,-59.88,-51.61,-45.73,-56.70,-51.33,-57.23,2026-06-29 09:30:03+00:00
2026-06-29T09:31:03+00:00,-47.27,-58.10,-51.49,-49.87,-66.14,-47.53,-50.62,-50.46,-51.98,-47.60,-54.26,-59.57,-51.36,-45.88,-57.01,-51.76,-57.23,2026-06-29 09:31:03+00:00
2026-06-29T09:32:04+00:00,-46.70,-57.40,-53.84,-50.82,-65.66,-47.32,-50.40,-50.53,-51.67,-47.83,-54.67,-59.11,-52.11,-45.87,-56.88,-52.24,-57.55,2026-06-29 09:32:04+00:00
2026-06-29T09:33:04+00:00,-47.36,-58.17,-55.17,-49.72,-65.35,-47.54,-49.89,-50.59,-51.64,-47.56,-54.63,-58.58,-52.58,-45.96,-56.88,-53.47,-57.44,2026-06-29 09:33:04+00:00
2026-06-29T09:34:04+00:00,-47.06,-57.98,-59.56,-50.29,-66.18,-46.76,-50.01,-50.63,-51.84,-47.40,-54.77,-56.73,-53.38,-46.29,-57.23,-53.72,-57.65,2026-06-29 09:34:04+00:00
2026-06-29T09:35:03+00:00,-47.34,-58.11,-59.61,-50.67,-66.48,-46.59,-50.12,-50.63,-51.83,-47.41,-54.90,-56.80,-53.87,-46.36,-57.16,-53.58,-57.61,2026-06-29 09:35:03+00:00
2026-06-29T09:36:03+00:00,-47.76,-57.68,-59.92,-50.24,-65.93,-46.10,-50.06,-50.61,-52.89,-47.18,-54.85,-56.97,-53.39,-46.40,-57.16,-54.22,-56.16,2026-06-29 09:36:03+00:00
2026-06-29T09:37:04+00:00,-47.47,-58.63,-61.98,-50.23,-66.25,-45.93,-50.03,-50.62,-52.15,-47.28,-54.71,-55.93,-54.17,-46.42,-57.57,-52.67,-57.66,2026-06-29 09:37:04+00:00
2026-06-29T09:38:04+00:00,-47.68,-59.01,-62.01,-51.79,-65.42,-46.18,-50.64,-50.60,-51.84,-47.13,-54.33,-55.89,-53.98,-46.74,-57.26,-52.95,-57.38,2026-06-29 09:38:04+00:00
2026-06-29T09:39:03+00:00,-47.10,-58.90,-59.65,-51.80,-66.51,-45.99,-50.00,-50.53,-51.82,-47.19,-54.58,-56.92,-53.11,-46.73,-57.33,-54.36,-57.57,2026-06-29 09:39:03+00:00
2026-06-29T09:40:03+00:00,-47.47,-58.19,-59.18,-49.87,-65.34,-46.03,-49.89,-50.53,-51.83,-47.03,-54.70,-56.66,-53.20,-46.75,-57.25,-54.52,-57.36,2026-06-29 09:40:03+00:00
2026-06-29T09:41:04+00:00,-47.28,-59.01,-56.68,-50.62,-67.09,-45.85,-49.79,-50.39,-51.78,-47.01,-54.70,-57.37,-53.19,-46.91,-56.46,-54.97,-57.07,2026-06-29 09:41:04+00:00
2026-06-29T09:42:04+00:00,-47.98,-59.27,-56.78,-48.87,-66.48,-46.06,-50.20,-50.57,-53.28,-46.73,-54.28,-57.35,-51.71,-46.95,-56.48,-55.13,-57.46,2026-06-29 09:42:04+00:00
2026-06-29T09:43:03+00:00,-47.33,-59.09,-56.82,-48.72,-65.76,-45.92,-50.15,-50.55,-53.63,-46.77,-54.83,-57.28,-51.28,-47.12,-57.34,-55.16,-57.34,2026-06-29 09:43:03+00:00
2026-06-29T09:44:03+00:00,-47.76,-58.46,-64.22,-48.79,-66.30,-46.21,-49.76,-50.73,-52.88,-46.73,-55.03,-54.10,-52.22,-47.11,-57.35,-49.32,-57.30,2026-06-29 09:44:03+00:00
2026-06-29T09:45:04+00:00,-48.22,-58.36,-64.17,-48.25,-65.31,-46.08,-50.41,-50.79,-51.28,-46.70,-54.54,-54.02,-52.38,-47.34,-56.94,-48.80,-57.50,2026-06-29 09:45:04+00:00
2026-06-29T09:46:04+00:00,-46.93,-58.19,-64.07,-48.57,-66.44,-46.29,-50.34,-50.78,-51.39,-46.61,-54.12,-54.27,-52.39,-47.38,-57.04,-48.53,-56.84,2026-06-29 09:46:04+00:00
2026-06-29T09:47:03+00:00,-47.68,-58.39,-64.92,-48.51,-66.16,-46.26,-49.74,-50.69,-50.69,-46.58,-54.53,-53.91,-52.66,-47.66,-57.70,-55.01,-56.92,2026-06-29 09:47:03+00:00
2026-06-29T09:48:03+00:00,-47.45,-58.53,-66.41,-48.79,-66.32,-46.32,-50.34,-50.81,-51.18,-46.78,-54.71,-54.41,-52.53,-47.59,-57.45,-54.97,-57.08,2026-06-29 09:48:03+00:00
2026-06-29T09:49:04+00:00,-47.98,-58.77,-66.52,-48.15,-66.00,-46.07,-50.80,-50.88,-51.68,-46.96,-55.08,-58.02,-52.78,-47.73,-57.43,-55.30,-56.96,2026-06-29 09:49:04+00:00
2026-06-29T09:50:04+00:00,-47.60,-59.07,-66.73,-48.29,-66.18,-46.22,-50.48,-50.83,-50.77,-46.91,-54.84,-57.69,-52.81,-47.79,-57.33,-55.64,-56.58,2026-06-29 09:50:04+00:00
2026-06-29T09:51:04+00:00,-47.63,-57.96,-66.71,-48.28,-66.37,-46.44,-51.40,-50.95,-50.97,-46.94,-55.09,-57.65,-52.80,-47.94,-57.03,-55.61,-56.52,2026-06-29 09:51:04+00:00
2026-06-29T09:52:03+00:00,-47.71,-58.44,-66.44,-48.91,-64.68,-46.29,-51.12,-50.87,-50.68,-46.91,-55.25,-58.17,-52.92,-47.98,-57.10,-55.78,-57.10,2026-06-29 09:52:03+00:00
2026-06-29T09:53:03+00:00,-47.26,-58.45,-66.72,-48.70,-65.68,-46.42,-50.96,-50.88,-50.74,-46.90,-54.59,-58.37,-52.83,-47.98,-57.20,-56.22,-57.07,2026-06-29 09:53:03+00:00
2026-06-29T09:54:04+00:00,-47.23,-58.31,-67.49,-48.30,-64.35,-46.36,-51.14,-50.82,-50.62,-46.82,-54.10,-57.42,-52.70,-48.15,-57.25,-55.84,-57.10,2026-06-29 09:54:04+00:00
2026-06-29T09:55:04+00:00,-46.80,-59.04,-66.88,-48.55,-64.94,-46.37,-50.58,-50.84,-50.51,-46.81,-53.63,-58.48,-52.68,-48.27,-57.24,-55.97,-57.06,2026-06-29 09:55:04+00:00
2026-06-29T09:56:03+00:00,-47.36,-58.00,-67.80,-48.33,-65.70,-46.42,-50.88,-50.88,-50.36,-46.90,-53.87,-61.61,-52.70,-48.19,-56.47,-54.85,-57.01,2026-06-29 09:56:03+00:00
2026-06-29T09:57:03+00:00,-47.08,-58.41,-68.24,-49.31,-66.31,-46.27,-50.90,-50.79,-50.20,-46.88,-53.10,-62.25,-52.78,-48.30,-56.21,-55.93,-53.51,2026-06-29 09:57:03+00:00
2026-06-29T09:58:04+00:00,-46.51,-59.64,-67.45,-48.66,-66.26,-46.45,-51.08,-50.89,-50.34,-47.03,-53.18,-62.49,-52.66,-48.08,-57.25,-56.17,-52.09,2026-06-29 09:58:04+00:00
2026-06-29T09:59:04+00:00,-47.37,-58.82,-68.18,-49.31,-66.41,-46.29,-51.45,-50.82,-50.59,-47.02,-52.91,-62.95,-52.93,-47.71,-57.25,-56.75,-57.42,2026-06-29 09:59:04+00:00
2026-06-29T10:00:03+00:00,-46.77,-58.58,-67.67,-48.74,-66.36,-47.57,-51.61,-50.82,-51.48,-47.07,-51.82,-63.00,-54.16,-47.52,-57.28,-56.50,-51.93,2026-06-29 10:00:03+00:00
2026-06-29T10:01:04+00:00,-47.22,-58.37,-67.60,-49.30,-65.70,-47.66,-51.11,-50.81,-50.93,-47.00,-51.64,-63.30,-52.93,-47.42,-57.05,-56.67,-51.98,2026-06-29 10:01:04+00:00
2026-06-29T10:02:04+00:00,-46.78,-55.89,-66.96,-48.84,-66.79,-47.55,-51.19,-50.87,-51.45,-47.17,-51.93,-63.91,-52.69,-47.13,-57.26,-56.72,-52.09,2026-06-29 10:02:04+00:00
2026-06-29T10:03:04+00:00,-47.38,-53.66,-67.16,-48.77,-65.70,-47.67,-51.17,-50.79,-51.26,-47.06,-51.75,-63.85,-52.75,-46.93,-56.86,-56.11,-51.94,2026-06-29 10:03:04+00:00
2026-06-29T10:04:03+00:00,-46.80,-54.05,-67.33,-48.63,-65.99,-47.52,-51.81,-50.91,-51.43,-47.45,-51.86,-64.26,-52.83,-46.86,-56.89,-56.71,-51.98,2026-06-29 10:04:03+00:00
2026-06-29T10:05:04+00:00,-47.05,-53.69,-68.04,-48.82,-66.47,-47.52,-51.75,-50.90,-51.47,-47.21,-51.82,-64.31,-53.00,-46.64,-57.27,-56.53,-51.98,2026-06-29 10:05:04+00:00
2026-06-29T10:06:04+00:00,-46.53,-55.86,-68.98,-49.74,-66.14,-47.67,-51.86,-50.95,-51.31,-47.38,-51.70,-63.67,-53.04,-46.68,-57.17,-55.34,-52.07,2026-06-29 10:06:04+00:00
2026-06-29T10:07:04+00:00,-46.58,-55.79,-68.70,-50.74,-65.57,-47.70,-51.34,-50.93,-51.50,-47.10,-51.80,-64.46,-52.96,-46.73,-56.75,-54.84,-52.01,2026-06-29 10:07:04+00:00
2026-06-29T10:08:03+00:00,-46.73,-56.02,-69.15,-50.80,-65.53,-47.68,-51.48,-51.07,-51.52,-47.09,-51.91,-64.73,-52.83,-46.70,-57.16,-54.95,-54.14,2026-06-29 10:08:03+00:00
2026-06-29T10:09:03+00:00,-47.03,-56.08,-69.16,-50.11,-65.70,-47.68,-51.43,-51.02,-51.58,-47.08,-51.70,-64.95,-52.84,-46.83,-56.75,-55.77,-54.25,2026-06-29 10:09:03+00:00
2026-06-29T10:10:04+00:00,-47.31,-55.91,-68.19,-49.99,-66.49,-47.74,-51.26,-51.03,-51.49,-47.21,-51.82,-65.22,-52.88,-46.98,-57.37,-55.84,-52.21,2026-06-29 10:10:04+00:00
2026-06-29T10:11:03+00:00,-47.10,-55.88,-68.72,-51.11,-65.36,-47.73,-51.45,-51.44,-51.88,-46.76,-51.57,-64.29,-52.91,-47.09,-57.21,-54.60,-53.34,2026-06-29 10:11:03+00:00
2026-06-29T10:12:03+00:00,-47.54,-55.65,-68.81,-50.96,-66.51,-47.70,-51.29,-51.36,-51.85,-46.74,-51.72,-63.81,-52.86,-47.13,-56.78,-54.00,-57.01,2026-06-29 10:12:03+00:00
2026-06-29T10:13:04+00:00,-47.48,-55.99,-68.99,-51.19,-66.64,-47.73,-51.50,-51.47,-51.61,-46.79,-51.47,-64.29,-52.79,-47.11,-57.22,-54.36,-53.24,2026-06-29 10:13:04+00:00
2026-06-29T10:14:04+00:00,-47.64,-55.71,-68.90,-51.61,-66.21,-48.26,-51.73,-51.45,-52.33,-46.71,-51.16,-65.79,-52.96,-47.45,-57.16,-54.01,-51.94,2026-06-29 10:14:04+00:00
2026-06-29T10:15:03+00:00,-48.05,-55.67,-69.20,-51.30,-65.92,-49.20,-51.20,-51.40,-51.27,-46.79,-51.36,-65.94,-52.58,-47.35,-57.01,-54.01,-53.46,2026-06-29 10:15:03+00:00
2026-06-29T10:16:03+00:00,-47.78,-55.73,-69.24,-52.87,-66.14,-49.17,-50.98,-51.49,-51.65,-46.83,-51.40,-65.88,-52.64,-47.48,-56.83,-54.37,-56.90,2026-06-29 10:16:03+00:00
2026-06-29T10:17:04+00:00,-47.48,-55.68,-69.03,-51.14,-66.12,-49.13,-50.87,-51.29,-51.06,-46.29,-48.66,-65.88,-52.60,-47.45,-57.23,-54.48,-53.91,2026-06-29 10:17:04+00:00
2026-06-29T10:18:04+00:00,-47.68,-55.77,-67.51,-52.25,-65.88,-49.35,-51.08,-51.32,-51.40,-46.33,-48.69,-65.29,-52.67,-47.58,-56.84,-53.65,-51.95,2026-06-29 10:18:04+00:00
2026-06-29T10:19:03+00:00,-47.55,-56.19,-68.23,-53.15,-65.96,-49.14,-51.25,-51.34,-51.37,-46.20,-48.68,-59.65,-52.63,-47.65,-56.65,-54.28,-56.53,2026-06-29 10:19:03+00:00
2026-06-29T10:20:04+00:00,-48.09,-55.48,-68.66,-52.13,-66.36,-49.03,-51.53,-51.24,-51.56,-46.59,-50.02,-56.15,-52.31,-47.61,-54.16,-53.89,-57.07,2026-06-29 10:20:04+00:00
2026-06-29T10:21:04+00:00,-48.10,-55.36,-68.42,-51.04,-65.50,-48.98,-50.59,-51.29,-51.18,-46.15,-48.60,-56.16,-52.56,-47.83,-53.83,-53.79,-56.96,2026-06-29 10:21:04+00:00
2026-06-29T10:22:03+00:00,-48.32,-55.55,-68.29,-51.78,-66.20,-49.06,-50.39,-51.35,-51.08,-45.89,-47.88,-55.97,-52.44,-47.72,-54.40,-54.22,-56.62,2026-06-29 10:22:03+00:00
2026-06-29T10:23:03+00:00,-47.62,-56.90,-68.37,-50.98,-66.40,-49.06,-50.98,-51.28,-50.89,-45.62,-48.06,-60.20,-52.40,-47.80,-56.43,-53.75,-55.05,2026-06-29 10:23:03+00:00
2026-06-29T10:24:04+00:00,-47.41,-57.35,-68.76,-51.73,-65.65,-49.10,-50.78,-51.33,-50.84,-45.13,-47.84,-53.22,-52.32,-47.92,-56.86,-54.32,-57.26,2026-06-29 10:24:04+00:00
2026-06-29T10:25:04+00:00,-47.71,-57.26,-67.99,-52.60,-65.37,-49.13,-51.00,-51.37,-50.98,-44.68,-46.94,-59.14,-51.26,-47.75,-56.50,-54.40,-56.76,2026-06-29 10:25:04+00:00
2026-06-29T10:26:03+00:00,-47.84,-56.89,-67.56,-50.91,-66.54,-49.08,-51.06,-51.40,-50.61,-44.17,-46.20,-59.27,-51.20,-47.96,-56.88,-54.54,-56.55,2026-06-29 10:26:03+00:00
2026-06-29T10:27:03+00:00,-47.79,-57.45,-67.23,-52.58,-66.44,-49.05,-50.74,-51.40,-50.76,-44.34,-45.91,-59.24,-51.11,-48.00,-56.61,-54.50,-56.83,2026-06-29 10:27:03+00:00
2026-06-29T10:28:04+00:00,-48.39,-57.71,-67.97,-52.33,-66.06,-49.11,-50.66,-51.38,-50.70,-44.17,-45.83,-59.34,-51.28,-47.88,-56.95,-53.62,-56.90,2026-06-29 10:28:04+00:00
2026-06-29T10:29:04+00:00,-48.41,-57.11,-68.11,-51.01,-67.00,-49.10,-51.57,-51.47,-50.86,-44.02,-45.59,-58.02,-51.29,-47.86,-57.10,-54.09,-56.80,2026-06-29 10:29:04+00:00
2026-06-29T10:30:03+00:00,-47.97,-57.23,-67.74,-52.12,-65.20,-49.21,-51.10,-51.43,-50.92,-43.88,-45.65,-58.12,-51.67,-47.95,-56.99,-54.26,-56.79,2026-06-29 10:30:03+00:00
2026-06-29T10:31:03+00:00,-48.42,-57.54,-66.95,-50.81,-63.82,-49.03,-50.98,-51.42,-50.02,-43.51,-45.31,-63.50,-50.04,-47.84,-56.64,-54.05,-56.81,2026-06-29 10:31:03+00:00
2026-06-29T10:32:04+00:00,-48.49,-57.54,-66.90,-52.40,-66.01,-49.14,-51.04,-51.47,-50.74,-43.58,-44.90,-65.06,-51.20,-47.88,-57.07,-53.43,-56.87,2026-06-29 10:32:04+00:00
2026-06-29T10:33:03+00:00,-48.54,-57.54,-66.55,-52.19,-66.23,-49.12,-50.58,-51.44,-51.36,-43.35,-44.81,-65.18,-51.15,-47.99,-56.81,-53.51,-56.78,2026-06-29 10:33:03+00:00
2026-06-29T10:34:04+00:00,-48.45,-56.29,-67.21,-53.49,-66.34,-49.14,-51.42,-51.37,-50.12,-43.08,-44.56,-65.83,-52.23,-48.26,-57.39,-54.64,-56.25,2026-06-29 10:34:04+00:00
2026-06-29T10:35:04+00:00,-48.78,-57.06,-67.98,-50.35,-66.80,-49.22,-50.83,-51.39,-50.35,-43.08,-44.57,-66.06,-52.44,-48.28,-57.07,-53.92,-56.53,2026-06-29 10:35:04+00:00
2026-06-29T10:36:03+00:00,-48.75,-56.83,-66.73,-51.50,-66.83,-49.33,-51.79,-51.35,-50.19,-43.04,-44.54,-65.52,-52.72,-48.21,-56.97,-53.29,-56.68,2026-06-29 10:36:03+00:00
2026-06-29T10:37:03+00:00,-49.74,-57.03,-61.50,-51.78,-66.27,-48.27,-51.10,-51.37,-50.43,-42.91,-44.51,-65.04,-52.61,-48.06,-55.27,-53.60,-56.60,2026-06-29 10:37:03+00:00
2026-06-29T10:38:04+00:00,-49.18,-57.05,-66.53,-51.26,-66.36,-48.05,-50.79,-51.35,-51.13,-42.90,-44.43,-66.83,-52.83,-48.18,-55.52,-53.66,-56.78,2026-06-29 10:38:04+00:00
2026-06-29T10:39:04+00:00,-49.15,-57.24,-65.11,-52.72,-65.97,-47.07,-48.69,-51.14,-51.04,-42.95,-44.35,-66.59,-52.70,-48.55,-57.36,-53.97,-56.31,2026-06-29 10:39:04+00:00
2026-06-29T10:40:03+00:00,-47.95,-57.55,-66.33,-52.24,-65.77,-47.17,-48.81,-47.23,-51.11,-42.72,-44.43,-64.97,-52.12,-48.66,-57.09,-53.21,-56.28,2026-06-29 10:40:03+00:00
2026-06-29T10:41:04+00:00,-48.17,-58.14,-65.62,-50.16,-65.95,-47.21,-49.30,-47.17,-51.13,-42.70,-44.30,-66.46,-52.34,-47.55,-56.20,-54.20,-56.29,2026-06-29 10:41:04+00:00
2026-06-29T10:42:04+00:00,-47.78,-57.91,-64.56,-50.96,-65.90,-47.35,-49.40,-48.40,-50.87,-42.59,-44.17,-66.37,-52.28,-48.09,-56.40,-53.38,-56.33,2026-06-29 10:42:04+00:00
2026-06-29T10:43:03+00:00,-48.22,-58.16,-64.76,-50.73,-65.35,-47.25,-49.22,-48.40,-50.89,-42.64,-44.09,-66.46,-52.29,-48.19,-56.45,-53.94,-56.50,2026-06-29 10:43:03+00:00
2026-06-29T10:44:03+00:00,-48.76,-58.19,-64.72,-51.33,-64.58,-47.28,-49.48,-48.40,-50.83,-42.62,-44.09,-66.64,-52.18,-48.14,-56.47,-54.13,-56.34,2026-06-29 10:44:03+00:00
2026-06-29T10:45:04+00:00,-49.19,-57.64,-64.67,-51.68,-65.55,-47.17,-48.95,-48.26,-50.89,-42.75,-44.03,-66.18,-52.14,-48.34,-56.53,-53.53,-56.50,2026-06-29 10:45:04+00:00
2026-06-29T10:46:04+00:00,-48.77,-57.19,-64.90,-51.66,-63.55,-47.27,-49.41,-48.00,-51.22,-42.76,-43.99,-66.17,-51.96,-48.16,-56.59,-53.55,-56.78,2026-06-29 10:46:04+00:00
2026-06-29T10:47:03+00:00,-48.66,-57.78,-64.69,-53.26,-65.53,-47.20,-48.92,-47.37,-51.05,-42.58,-43.80,-65.94,-52.03,-47.95,-56.39,-54.29,-56.62,2026-06-29 10:47:03+00:00
2026-06-29T10:48:04+00:00,-48.09,-57.07,-64.11,-51.71,-64.48,-47.11,-49.06,-47.46,-51.26,-42.57,-43.84,-65.37,-52.05,-48.08,-56.42,-53.95,-55.85,2026-06-29 10:48:04+00:00
2026-06-29T10:49:04+00:00,-48.84,-57.70,-56.09,-51.24,-66.60,-47.23,-49.03,-51.12,-51.19,-42.54,-43.83,-65.17,-51.95,-48.96,-56.61,-53.64,-56.58,2026-06-29 10:49:04+00:00
2026-06-29T10:50:03+00:00,-48.03,-58.41,-55.16,-51.14,-66.63,-47.32,-48.91,-51.11,-51.29,-42.44,-43.88,-64.41,-52.03,-48.86,-56.59,-53.77,-56.74,2026-06-29 10:50:03+00:00
2026-06-29T10:51:03+00:00,-48.04,-57.93,-55.13,-51.79,-65.55,-47.50,-48.79,-50.90,-51.44,-42.58,-43.72,-64.63,-52.04,-49.01,-56.65,-54.52,-56.60,2026-06-29 10:51:03+00:00
2026-06-29T10:52:04+00:00,-48.14,-57.47,-49.07,-50.33,-65.52,-47.55,-49.18,-51.08,-51.21,-42.56,-43.92,-57.47,-52.08,-49.04,-56.37,-54.12,-55.70,2026-06-29 10:52:04+00:00
2026-06-29T10:53:04+00:00,-48.79,-57.83,-56.22,-50.22,-66.03,-47.53,-49.85,-51.13,-48.70,-42.49,-43.85,-61.48,-51.43,-49.10,-50.62,-54.11,-56.55,2026-06-29 10:53:04+00:00
2026-06-29T10:54:03+00:00,-48.89,-57.70,-65.10,-50.51,-66.73,-47.55,-50.77,-51.05,-51.23,-42.48,-43.68,-65.46,-52.09,-48.97,-56.43,-54.17,-55.74,2026-06-29 10:54:03+00:00
2026-06-29T10:55:04+00:00,-48.89,-57.49,-65.05,-49.88,-65.50,-47.46,-49.81,-51.13,-51.68,-42.59,-43.85,-65.38,-52.11,-49.02,-56.40,-54.68,-56.87,2026-06-29 10:55:04+00:00
2026-06-29T10:56:04+00:00,-49.63,-57.31,-65.64,-51.35,-66.34,-47.56,-50.35,-51.05,-51.76,-42.68,-43.75,-65.39,-52.17,-49.19,-56.35,-53.86,-56.53,2026-06-29 10:56:04+00:00
2026-06-29T10:57:03+00:00,-49.23,-57.58,-66.47,-50.72,-66.17,-47.41,-50.40,-51.14,-51.49,-42.73,-43.70,-65.23,-52.08,-48.82,-56.18,-54.38,-55.80,2026-06-29 10:57:03+00:00
2026-06-29T10:58:03+00:00,-49.63,-57.73,-65.09,-50.33,-65.92,-47.59,-50.27,-51.06,-51.37,-42.53,-43.68,-64.75,-52.02,-48.96,-56.47,-54.16,-56.78,2026-06-29 10:58:03+00:00
2026-06-29T10:59:04+00:00,-48.93,-56.82,-65.40,-50.65,-66.48,-47.34,-49.46,-51.18,-51.18,-42.65,-43.66,-65.83,-51.93,-48.85,-56.64,-54.36,-56.65,2026-06-29 10:59:04+00:00
2026-06-29T11:00:03+00:00,-49.29,-57.26,-62.80,-50.79,-65.00,-47.48,-49.81,-51.14,-50.27,-42.89,-43.77,-65.43,-51.68,-49.04,-55.32,-53.47,-56.79,2026-06-29 11:00:03+00:00
2026-06-29T11:01:04+00:00,-49.18,-57.27,-58.69,-50.16,-66.15,-47.43,-49.84,-51.26,-47.99,-42.67,-43.70,-62.62,-51.07,-49.04,-54.28,-54.53,-54.95,2026-06-29 11:01:04+00:00
2026-06-29T11:02:03+00:00,-49.47,-57.17,-57.80,-50.13,-65.96,-47.65,-49.67,-51.25,-48.18,-42.85,-43.16,-62.17,-51.03,-48.88,-54.77,-54.10,-56.43,2026-06-29 11:02:03+00:00
2026-06-29T11:03:03+00:00,-49.33,-56.93,-57.35,-51.59,-66.34,-47.62,-49.57,-51.11,-48.26,-42.84,-43.10,-61.76,-51.08,-48.81,-54.96,-53.56,-56.61,2026-06-29 11:03:03+00:00
2026-06-29T11:04:04+00:00,-49.29,-57.27,-61.61,-51.40,-65.51,-47.48,-50.09,-51.15,-49.41,-42.65,-43.40,-64.49,-51.51,-48.89,-55.28,-54.34,-55.47,2026-06-29 11:04:04+00:00
2026-06-29T11:05:03+00:00,-48.96,-57.19,-61.12,-50.77,-65.22,-47.57,-49.90,-51.08,-48.72,-42.81,-43.52,-64.36,-51.42,-48.80,-55.60,-54.54,-56.35,2026-06-29 11:05:03+00:00
2026-06-29T11:06:03+00:00,-47.51,-56.19,-61.12,-50.22,-65.81,-47.59,-49.37,-50.93,-48.74,-42.54,-43.48,-64.41,-51.38,-48.85,-55.93,-54.76,-55.85,2026-06-29 11:06:03+00:00
2026-06-29T11:07:03+00:00,-49.17,-56.75,-60.72,-51.39,-65.11,-47.52,-49.96,-51.04,-48.73,-42.57,-43.35,-64.06,-51.25,-49.03,-55.77,-54.84,-56.57,2026-06-29 11:07:03+00:00
2026-06-29T11:08:04+00:00,-48.96,-57.08,-59.08,-50.34,-66.07,-47.65,-49.92,-51.03,-48.11,-42.64,-43.12,-62.77,-51.16,-48.93,-53.86,-55.42,-56.65,2026-06-29 11:08:04+00:00
2026-06-29T11:09:04+00:00,-48.91,-57.00,-57.66,-51.03,-65.12,-47.55,-49.85,-51.12,-48.35,-42.73,-43.08,-61.79,-51.04,-48.99,-54.34,-53.38,-56.68,2026-06-29 11:09:04+00:00
2026-06-29T11:10:03+00:00,-49.15,-56.91,-57.42,-49.69,-66.21,-47.62,-49.91,-51.08,-48.50,-42.59,-43.15,-61.89,-51.04,-48.93,-54.89,-53.82,-55.36,2026-06-29 11:10:03+00:00
2026-06-29T11:11:04+00:00,-49.15,-57.35,-62.53,-50.33,-65.53,-47.68,-49.64,-51.07,-50.20,-42.47,-42.95,-64.82,-51.63,-49.11,-55.08,-54.46,-56.65,2026-06-29 11:11:04+00:00
2026-06-29T11:12:04+00:00,-48.86,-57.93,-62.83,-50.56,-66.12,-47.61,-49.94,-51.11,-50.98,-42.74,-42.98,-65.08,-51.98,-48.86,-55.92,-54.60,-55.60,2026-06-29 11:12:04+00:00
2026-06-29T11:13:03+00:00,-48.06,-58.02,-61.32,-51.58,-66.37,-47.84,-50.02,-51.01,-49.13,-42.58,-43.03,-64.13,-51.62,-49.23,-56.09,-54.70,-55.88,2026-06-29 11:13:03+00:00
2026-06-29T11:14:03+00:00,-48.25,-58.16,-61.29,-51.22,-65.39,-47.73,-49.32,-51.09,-49.45,-42.58,-43.03,-63.99,-51.65,-49.03,-55.64,-54.75,-56.76,2026-06-29 11:14:03+00:00
2026-06-29T11:15:04+00:00,-48.69,-57.89,-61.06,-50.03,-65.71,-47.72,-49.70,-51.10,-49.29,-42.42,-43.05,-63.76,-51.73,-49.43,-55.95,-55.52,-55.55,2026-06-29 11:15:04+00:00
2026-06-29T11:16:04+00:00,-48.24,-58.09,-62.58,-50.28,-64.08,-47.77,-49.94,-51.07,-50.19,-42.51,-43.07,-64.64,-51.79,-49.28,-55.05,-55.04,-56.54,2026-06-29 11:16:04+00:00
2026-06-29T11:17:03+00:00,-48.69,-57.83,-64.49,-49.94,-65.97,-49.03,-50.37,-51.03,-51.51,-42.30,-42.96,-65.33,-52.11,-49.26,-55.85,-54.40,-56.11,2026-06-29 11:17:03+00:00
2026-06-29T11:18:04+00:00,-48.93,-57.68,-61.60,-50.52,-65.13,-48.95,-49.82,-51.12,-49.73,-42.60,-43.05,-64.12,-51.75,-49.46,-55.33,-55.10,-55.45,2026-06-29 11:18:04+00:00
2026-06-29T11:19:04+00:00,-49.34,-57.17,-62.12,-51.82,-65.06,-49.08,-50.02,-51.06,-50.33,-42.94,-43.99,-64.68,-51.83,-49.59,-55.21,-54.06,-56.64,2026-06-29 11:19:04+00:00
2026-06-29T11:20:03+00:00,-49.44,-57.11,-64.96,-50.80,-65.75,-49.14,-50.46,-50.33,-51.87,-43.37,-44.59,-65.17,-52.55,-49.67,-56.31,-53.81,-56.87,2026-06-29 11:20:03+00:00
2026-06-29T11:21:03+00:00,-49.62,-57.64,-64.00,-50.49,-66.25,-49.23,-50.15,-50.31,-51.81,-44.10,-45.46,-64.52,-53.21,-49.50,-56.09,-53.46,-56.18,2026-06-29 11:21:03+00:00
2026-06-29T11:22:04+00:00,-48.60,-57.71,-64.90,-50.72,-66.16,-49.20,-50.72,-50.33,-51.85,-44.19,-46.21,-64.54,-53.35,-49.74,-56.34,-54.01,-56.39,2026-06-29 11:22:04+00:00
2026-06-29T11:23:04+00:00,-49.31,-57.81,-63.47,-50.46,-65.95,-49.21,-50.21,-50.46,-51.91,-44.17,-45.65,-64.09,-52.53,-50.00,-56.09,-55.24,-56.53,2026-06-29 11:23:04+00:00
2026-06-29T11:24:03+00:00,-49.21,-57.40,-64.82,-51.45,-65.45,-49.27,-50.50,-50.43,-51.75,-44.05,-45.78,-64.36,-52.31,-49.93,-56.51,-53.81,-56.81,2026-06-29 11:24:03+00:00
2026-06-29T11:25:04+00:00,-48.94,-57.59,-65.45,-51.45,-66.37,-49.35,-50.43,-50.51,-51.55,-43.99,-45.72,-64.60,-52.28,-49.88,-56.19,-54.41,-56.68,2026-06-29 11:25:04+00:00
2026-06-29T11:26:04+00:00,-49.15,-57.15,-64.53,-50.26,-66.18,-49.27,-50.96,-50.48,-51.41,-44.15,-45.82,-64.06,-52.20,-49.48,-56.00,-55.13,-56.57,2026-06-29 11:26:04+00:00
2026-06-29T11:27:03+00:00,-49.91,-57.28,-63.38,-50.63,-66.34,-49.33,-50.34,-50.45,-51.13,-44.10,-45.80,-64.00,-52.16,-49.58,-55.69,-53.66,-56.57,2026-06-29 11:27:03+00:00
2026-06-29T11:28:03+00:00,-49.58,-57.38,-64.08,-50.57,-66.25,-49.34,-50.81,-50.43,-51.29,-44.22,-45.91,-64.43,-52.30,-49.76,-55.57,-53.34,-56.81,2026-06-29 11:28:03+00:00
2026-06-29T11:29:04+00:00,-49.88,-57.35,-63.65,-51.39,-66.12,-49.35,-50.07,-50.70,-51.02,-44.22,-45.89,-64.36,-52.20,-49.64,-55.90,-53.70,-57.03,2026-06-29 11:29:04+00:00
2026-06-29T11:30:04+00:00,-49.11,-57.31,-63.93,-50.36,-66.21,-49.40,-50.70,-50.74,-51.12,-44.08,-46.05,-64.09,-52.33,-49.88,-55.39,-52.98,-57.24,2026-06-29 11:30:04+00:00
2026-06-29T11:31:04+00:00,-49.12,-56.90,-64.37,-60.24,-65.84,-50.62,-50.27,-50.68,-51.76,-44.08,-45.83,-64.41,-52.38,-50.30,-54.38,-54.63,-57.26,2026-06-29 11:31:04+00:00
2026-06-29T11:32:03+00:00,-48.40,-57.50,-63.79,-60.02,-65.73,-50.70,-50.62,-50.92,-51.87,-44.12,-45.72,-64.92,-52.19,-50.32,-54.61,-55.05,-55.49,2026-06-29 11:32:03+00:00
2026-06-29T11:33:03+00:00,-48.97,-57.52,-63.59,-59.44,-66.19,-50.55,-50.58,-50.96,-51.67,-44.17,-45.71,-64.24,-52.12,-50.63,-54.14,-55.09,-56.83,2026-06-29 11:33:03+00:00
2026-06-29T11:34:04+00:00,-48.93,-57.69,-63.15,-59.39,-65.80,-50.22,-50.73,-51.02,-51.40,-44.01,-45.74,-63.72,-52.06,-50.84,-54.10,-55.20,-55.71,2026-06-29 11:34:04+00:00
2026-06-29T11:35:04+00:00,-48.35,-57.93,-62.96,-49.90,-65.20,-49.57,-50.33,-50.93,-51.61,-43.87,-45.84,-64.21,-52.00,-51.33,-55.73,-53.92,-56.08,2026-06-29 11:35:04+00:00
2026-06-29T11:36:03+00:00,-48.41,-56.58,-62.75,-48.89,-65.65,-49.00,-50.04,-50.79,-51.36,-43.96,-45.80,-63.54,-51.96,-51.04,-55.30,-54.27,-56.62,2026-06-29 11:36:03+00:00
2026-06-29T11:37:04+00:00,-48.91,-57.10,-63.12,-49.68,-66.09,-49.02,-50.36,-50.79,-51.25,-43.89,-45.72,-63.50,-52.00,-51.30,-55.08,-53.11,-56.83,2026-06-29 11:37:04+00:00
2026-06-29T11:38:04+00:00,-49.37,-57.24,-62.57,-50.79,-66.06,-49.16,-50.36,-50.79,-51.19,-43.74,-45.71,-62.99,-51.84,-51.32,-55.24,-53.72,-55.68,2026-06-29 11:38:04+00:00
2026-06-29T11:39:03+00:00,-48.97,-57.29,-64.09,-49.57,-66.56,-49.08,-50.62,-50.67,-52.01,-43.99,-45.66,-62.08,-52.10,-51.53,-55.77,-53.68,-55.88,2026-06-29 11:39:03+00:00
2026-06-29T11:40:03+00:00,-49.38,-57.04,-63.69,-49.45,-65.32,-48.22,-49.64,-50.69,-52.29,-43.96,-45.77,-62.51,-52.25,-51.84,-55.70,-53.50,-56.10,2026-06-29 11:40:03+00:00
2026-06-29T11:41:04+00:00,-48.53,-57.39,-63.84,-49.10,-65.74,-48.28,-50.50,-50.55,-52.20,-43.88,-45.61,-62.43,-52.24,-52.08,-55.21,-53.08,-56.66,2026-06-29 11:41:04+00:00
2026-06-29T11:42:03+00:00,-48.86,-57.40,-62.54,-48.62,-66.39,-47.28,-49.92,-50.61,-52.32,-43.89,-45.68,-62.91,-52.26,-52.06,-55.54,-53.86,-56.59,2026-06-29 11:42:03+00:00
2026-06-29T11:43:03+00:00,-48.52,-57.44,-63.13,-48.73,-66.06,-47.38,-50.09,-50.70,-51.98,-43.95,-45.61,-63.61,-52.12,-52.06,-55.12,-53.41,-56.74,2026-06-29 11:43:03+00:00
2026-06-29T11:44:04+00:00,-48.69,-57.51,-62.44,-49.38,-65.59,-47.29,-49.81,-50.61,-51.74,-44.04,-45.56,-62.96,-52.17,-52.28,-55.28,-53.37,-56.48,2026-06-29 11:44:04+00:00
2026-06-29T11:45:04+00:00,-49.54,-57.47,-62.11,-48.56,-66.33,-47.43,-50.07,-50.63,-51.48,-43.97,-45.50,-63.20,-52.15,-52.34,-54.98,-53.15,-56.79,2026-06-29 11:45:04+00:00
2026-06-29T11:46:03+00:00,-49.48,-58.15,-62.21,-48.51,-66.40,-47.43,-50.12,-50.73,-51.43,-44.09,-45.56,-63.18,-52.09,-52.54,-54.77,-53.71,-56.71,2026-06-29 11:46:03+00:00
2026-06-29T11:47:03+00:00,-49.26,-57.70,-61.30,-48.38,-65.63,-47.41,-49.59,-50.66,-49.79,-44.17,-45.48,-63.09,-51.85,-52.49,-55.30,-54.04,-56.41,2026-06-29 11:47:03+00:00
2026-06-29T11:48:04+00:00,-48.18,-57.85,-60.93,-48.69,-64.96,-47.46,-49.85,-50.68,-49.48,-43.93,-45.42,-62.74,-51.62,-52.65,-55.64,-53.72,-57.41,2026-06-29 11:48:04+00:00
2026-06-29T11:49:03+00:00,-48.99,-57.36,-60.75,-48.37,-65.77,-47.62,-49.82,-50.55,-49.45,-44.19,-45.64,-62.47,-51.83,-52.65,-55.27,-53.45,-56.52,2026-06-29 11:49:03+00:00
2026-06-29T11:50:03+00:00,-48.77,-57.98,-60.35,-48.77,-65.94,-45.48,-49.63,-50.57,-49.56,-44.02,-45.54,-62.32,-51.76,-52.81,-55.17,-53.83,-56.74,2026-06-29 11:50:03+00:00
2026-06-29T11:51:04+00:00,-48.54,-57.53,-60.43,-49.13,-65.86,-45.37,-50.20,-50.49,-49.53,-44.19,-45.49,-62.13,-51.77,-53.07,-55.31,-53.46,-55.70,2026-06-29 11:51:04+00:00
2026-06-29T11:52:04+00:00,-49.37,-57.55,-60.61,-48.55,-65.99,-45.51,-49.61,-50.51,-49.61,-44.09,-45.39,-61.97,-51.45,-53.11,-55.09,-53.74,-56.48,2026-06-29 11:52:04+00:00
2026-06-29T11:53:03+00:00,-49.54,-57.40,-61.80,-48.45,-65.74,-45.57,-50.02,-50.43,-50.42,-44.11,-45.69,-62.25,-52.00,-53.22,-55.32,-53.48,-57.50,2026-06-29 11:53:03+00:00
2026-06-29T11:54:03+00:00,-49.28,-57.08,-62.82,-48.95,-66.35,-45.40,-49.88,-50.39,-51.60,-44.39,-45.55,-62.49,-52.17,-53.31,-55.19,-53.72,-56.73,2026-06-29 11:54:03+00:00
2026-06-29T11:55:04+00:00,-49.50,-56.46,-61.53,-48.61,-65.90,-45.51,-49.75,-50.40,-51.85,-44.14,-45.46,-61.70,-52.05,-53.28,-54.99,-53.68,-56.25,2026-06-29 11:55:04+00:00
2026-06-29T11:56:03+00:00,-48.90,-57.17,-62.25,-48.54,-65.47,-45.43,-49.87,-50.51,-51.68,-43.96,-45.40,-62.13,-51.99,-53.31,-54.93,-53.09,-56.69,2026-06-29 11:56:03+00:00
2026-06-29T11:57:04+00:00,-48.98,-57.26,-62.05,-48.68,-66.04,-45.53,-50.24,-50.46,-51.56,-43.87,-45.38,-60.97,-51.86,-53.59,-54.97,-53.11,-56.19,2026-06-29 11:57:04+00:00
2026-06-29T11:58:04+00:00,-48.90,-57.33,-61.74,-48.49,-65.76,-45.53,-49.60,-50.47,-50.81,-44.13,-45.47,-61.17,-51.71,-53.68,-54.77,-52.85,-56.38,2026-06-29 11:58:04+00:00
2026-06-29T11:59:03+00:00,-48.35,-57.15,-61.58,-48.43,-64.86,-45.46,-50.19,-50.47,-50.97,-44.03,-45.28,-61.36,-51.74,-53.82,-54.41,-52.75,-56.13,2026-06-29 11:59:03+00:00
2026-06-29T12:00:03+00:00,-47.77,-56.95,-61.79,-48.89,-65.71,-45.53,-49.57,-50.38,-51.32,-43.91,-45.29,-61.39,-51.71,-54.24,-54.26,-53.25,-55.84,2026-06-29 12:00:03+00:00
2026-06-29T12:01:03+00:00,-48.18,-57.82,-62.31,-48.56,-65.10,-45.55,-49.63,-50.53,-50.83,-43.92,-45.54,-61.99,-52.00,-54.29,-54.64,-52.58,-55.90,2026-06-29 12:01:03+00:00
2026-06-29T12:02:04+00:00,-48.80,-57.59,-63.80,-48.65,-65.90,-45.51,-50.50,-50.55,-51.80,-44.05,-45.44,-61.70,-52.00,-54.05,-55.55,-53.84,-56.75,2026-06-29 12:02:04+00:00
2026-06-29T12:03:03+00:00,-48.27,-57.53,-63.63,-49.63,-65.91,-45.64,-49.86,-50.57,-51.95,-44.15,-45.64,-61.76,-51.97,-54.16,-55.56,-54.06,-57.27,2026-06-29 12:03:03+00:00
2026-06-29T12:04:03+00:00,-48.32,-57.49,-63.75,-49.15,-65.67,-45.73,-51.09,-50.55,-51.76,-44.17,-45.80,-61.18,-51.93,-54.20,-54.50,-53.96,-56.50,2026-06-29 12:04:03+00:00
2026-06-29T12:05:04+00:00,-48.07,-56.99,-64.31,-49.03,-66.24,-45.68,-50.60,-50.60,-51.78,-44.03,-45.88,-62.02,-52.12,-54.10,-52.96,-54.23,-56.94,2026-06-29 12:05:04+00:00
2026-06-29T12:06:04+00:00,-48.19,-57.18,-63.97,-48.98,-66.00,-45.65,-50.69,-50.54,-51.96,-43.94,-45.76,-61.58,-51.85,-54.30,-53.06,-54.36,-56.03,2026-06-29 12:06:04+00:00
2026-06-29T12:07:04+00:00,-47.38,-57.53,-64.15,-49.74,-65.29,-45.69,-50.79,-50.46,-51.84,-44.11,-45.69,-61.94,-52.00,-54.48,-55.48,-54.61,-57.27,2026-06-29 12:07:04+00:00
2026-06-29T12:08:03+00:00,-47.56,-57.12,-63.89,-48.88,-66.63,-45.54,-50.59,-50.39,-51.91,-44.16,-45.90,-61.44,-52.10,-54.25,-52.40,-54.02,-57.26,2026-06-29 12:08:03+00:00
2026-06-29T12:09:03+00:00,-48.42,-57.13,-64.00,-49.69,-65.70,-45.57,-50.19,-50.53,-51.89,-44.05,-45.75,-61.51,-52.18,-54.37,-52.54,-53.69,-57.24,2026-06-29 12:09:03+00:00
2026-06-29T12:10:04+00:00,-48.26,-57.14,-63.97,-49.98,-66.48,-45.61,-50.36,-50.50,-51.48,-44.16,-45.88,-61.72,-52.13,-54.15,-52.68,-53.92,-56.97,2026-06-29 12:10:04+00:00
2026-06-29T12:11:03+00:00,-49.17,-57.17,-63.63,-49.04,-64.54,-45.68,-50.20,-50.47,-51.37,-44.22,-45.88,-61.26,-52.29,-53.75,-55.83,-53.91,-57.42,2026-06-29 12:11:03+00:00
2026-06-29T12:12:03+00:00,-48.61,-57.02,-63.00,-50.68,-65.19,-45.71,-49.86,-50.35,-51.14,-44.03,-45.68,-61.20,-52.20,-53.13,-55.40,-54.27,-54.27,2026-06-29 12:12:03+00:00
2026-06-29T12:13:04+00:00,-49.73,-56.18,-62.20,-49.71,-66.63,-45.63,-49.84,-50.34,-51.05,-43.91,-45.67,-61.02,-52.20,-52.36,-55.38,-54.56,-54.04,2026-06-29 12:13:04+00:00
2026-06-29T12:14:04+00:00,-48.45,-57.68,-62.95,-49.16,-65.91,-45.66,-50.40,-50.25,-51.32,-44.11,-45.74,-61.37,-52.25,-52.36,-55.46,-54.92,-54.47,2026-06-29 12:14:04+00:00
2026-06-29T12:15:04+00:00,-48.53,-57.42,-62.63,-49.92,-66.24,-45.81,-49.96,-50.20,-51.41,-43.97,-45.69,-61.13,-52.21,-52.20,-55.45,-54.63,-54.46,2026-06-29 12:15:04+00:00
2026-06-29T12:16:04+00:00,-48.60,-57.49,-63.28,-48.93,-63.46,-45.77,-50.23,-50.37,-52.24,-44.11,-45.82,-61.17,-52.21,-52.07,-55.28,-54.55,-54.58,2026-06-29 12:16:04+00:00
2026-06-29T12:17:03+00:00,-48.04,-57.05,-62.86,-48.74,-65.90,-45.72,-50.68,-50.31,-52.20,-44.12,-45.83,-61.18,-52.19,-52.13,-55.45,-54.86,-53.85,2026-06-29 12:17:03+00:00
2026-06-29T12:18:04+00:00,-48.08,-56.89,-63.37,-49.09,-65.62,-45.73,-50.57,-50.43,-52.33,-44.14,-45.81,-61.48,-52.21,-52.36,-54.72,-54.62,-54.08,2026-06-29 12:18:04+00:00
2026-06-29T12:19:04+00:00,-47.89,-56.66,-63.64,-49.52,-65.71,-45.67,-50.22,-50.72,-52.58,-43.91,-45.64,-61.36,-52.14,-52.38,-53.55,-54.91,-53.99,2026-06-29 12:19:04+00:00
2026-06-29T12:20:03+00:00,-49.15,-57.24,-63.81,-49.45,-66.40,-45.65,-50.94,-50.65,-52.65,-44.09,-45.57,-61.22,-52.24,-52.82,-55.06,-55.21,-53.85,2026-06-29 12:20:03+00:00
2026-06-29T12:21:03+00:00,-49.00,-57.00,-63.27,-49.62,-66.80,-48.59,-51.06,-50.76,-52.79,-43.90,-45.60,-61.43,-52.20,-52.99,-55.38,-54.91,-54.11,2026-06-29 12:21:03+00:00
2026-06-29T12:22:04+00:00,-48.87,-57.32,-63.80,-49.06,-65.08,-48.63,-50.98,-50.88,-52.73,-44.01,-45.53,-61.29,-52.18,-53.30,-54.94,-54.97,-53.66,2026-06-29 12:22:04+00:00
2026-06-29T12:23:04+00:00,-48.40,-57.29,-63.71,-49.15,-65.47,-48.44,-50.45,-50.80,-52.68,-43.91,-45.49,-61.52,-52.14,-53.24,-54.93,-54.68,-54.26,2026-06-29 12:23:04+00:00
2026-06-29T12:24:03+00:00,-48.28,-57.96,-63.60,-49.55,-65.18,-48.63,-51.57,-50.58,-52.86,-44.16,-45.71,-61.44,-52.09,-53.32,-55.63,-54.50,-54.01,2026-06-29 12:24:03+00:00
2026-06-29T12:25:03+00:00,-48.50,-57.57,-64.51,-49.62,-65.19,-48.68,-50.94,-50.89,-53.34,-44.16,-45.68,-61.55,-51.96,-53.39,-55.46,-53.82,-54.29,2026-06-29 12:25:03+00:00
2026-06-29T12:26:04+00:00,-48.36,-57.62,-63.33,-50.76,-65.80,-48.68,-50.79,-50.92,-52.95,-44.08,-45.65,-61.02,-52.07,-53.54,-55.38,-53.76,-54.40,2026-06-29 12:26:04+00:00
2026-06-29T12:27:03+00:00,-48.73,-57.41,-63.62,-49.41,-65.51,-48.60,-51.10,-50.82,-52.79,-44.27,-45.76,-60.78,-52.10,-53.63,-55.94,-53.37,-54.20,2026-06-29 12:27:03+00:00
2026-06-29T12:28:03+00:00,-49.21,-57.21,-63.00,-49.52,-65.58,-48.50,-51.29,-50.79,-52.84,-44.25,-45.71,-60.13,-51.94,-53.58,-55.49,-53.26,-53.83,2026-06-29 12:28:03+00:00
2026-06-29T12:29:04+00:00,-49.24,-56.92,-62.86,-49.58,-66.61,-48.60,-50.90,-50.93,-53.03,-44.28,-45.71,-60.39,-51.96,-53.69,-55.05,-52.51,-54.23,2026-06-29 12:29:04+00:00
2026-06-29T12:30:04+00:00,-49.01,-57.24,-63.47,-49.60,-65.83,-48.60,-50.95,-50.77,-53.06,-44.31,-45.50,-60.34,-51.89,-53.87,-55.49,-52.47,-54.33,2026-06-29 12:30:04+00:00
2026-06-29T12:31:04+00:00,-48.22,-57.25,-63.81,-49.08,-65.97,-48.60,-50.82,-50.83,-53.04,-44.27,-45.50,-60.58,-51.96,-53.75,-56.05,-52.19,-54.48,2026-06-29 12:31:04+00:00
2026-06-29T12:32:04+00:00,-47.38,-56.53,-63.23,-48.98,-65.40,-48.64,-50.98,-50.83,-52.90,-44.26,-45.43,-60.36,-51.76,-53.36,-55.60,-51.98,-52.98,2026-06-29 12:32:04+00:00
2026-06-29T12:33:04+00:00,-47.89,-57.40,-63.53,-50.39,-65.74,-48.61,-51.03,-50.77,-52.78,-44.21,-45.27,-60.56,-52.36,-53.18,-54.69,-52.57,-54.44,2026-06-29 12:33:04+00:00
2026-06-29T12:34:03+00:00,-48.08,-57.04,-62.83,-49.33,-66.24,-48.46,-51.25,-50.72,-52.65,-44.11,-45.55,-60.13,-51.83,-52.04,-54.31,-53.13,-54.05,2026-06-29 12:34:03+00:00
2026-06-29T12:35:03+00:00,-49.00,-57.12,-63.02,-49.25,-65.92,-48.57,-50.85,-50.80,-52.62,-44.32,-45.39,-60.24,-51.73,-51.68,-54.47,-53.20,-54.23,2026-06-29 12:35:03+00:00
2026-06-29T12:36:03+00:00,-49.17,-56.88,-63.09,-49.31,-65.73,-48.48,-51.05,-50.81,-52.52,-44.52,-45.37,-60.22,-51.62,-51.52,-54.59,-53.27,-54.28,2026-06-29 12:36:03+00:00
2026-06-29T12:37:03+00:00,-49.26,-56.99,-63.38,-49.78,-65.80,-48.63,-51.44,-50.87,-52.43,-44.30,-45.39,-60.36,-51.60,-51.58,-55.51,-53.39,-54.68,2026-06-29 12:37:03+00:00
2026-06-29T12:38:04+00:00,-48.33,-56.93,-62.36,-48.87,-65.65,-48.67,-50.81,-50.95,-52.57,-44.16,-45.34,-60.58,-51.52,-51.70,-55.54,-52.99,-54.55,2026-06-29 12:38:04+00:00
2026-06-29T12:39:04+00:00,-48.46,-57.09,-63.24,-48.70,-65.03,-48.68,-50.67,-50.85,-52.32,-44.06,-45.55,-60.21,-51.43,-51.92,-55.43,-52.86,-53.98,2026-06-29 12:39:04+00:00
2026-06-29T12:40:03+00:00,-48.47,-57.39,-63.32,-49.56,-65.73,-48.59,-50.84,-50.68,-52.52,-44.19,-45.30,-60.44,-51.53,-51.97,-55.46,-53.08,-53.80,2026-06-29 12:40:03+00:00
2026-06-29T12:41:04+00:00,-47.97,-56.66,-62.54,-49.36,-66.35,-48.54,-50.91,-50.84,-52.37,-44.35,-45.46,-60.29,-51.37,-52.22,-54.81,-51.37,-54.90,2026-06-29 12:41:04+00:00
2026-06-29T12:42:04+00:00,-48.36,-57.23,-63.32,-49.63,-66.04,-48.59,-50.68,-50.92,-52.53,-44.34,-45.44,-60.27,-51.35,-52.60,-54.72,-52.04,-54.55,2026-06-29 12:42:04+00:00
2026-06-29T12:43:03+00:00,-48.92,-57.24,-62.73,-50.11,-65.25,-46.97,-50.42,-50.71,-52.25,-44.31,-45.48,-60.23,-51.38,-52.97,-54.89,-51.50,-54.35,2026-06-29 12:43:03+00:00
2026-06-29T12:44:03+00:00,-48.61,-57.32,-62.65,-48.89,-66.42,-47.92,-50.76,-50.76,-52.51,-44.11,-45.42,-60.31,-51.41,-53.15,-55.39,-52.14,-54.00,2026-06-29 12:44:03+00:00
2026-06-29T12:45:04+00:00,-48.84,-56.20,-62.82,-50.07,-66.12,-47.50,-50.32,-50.74,-52.25,-44.17,-45.60,-60.61,-51.35,-53.11,-55.42,-52.39,-54.14,2026-06-29 12:45:04+00:00
2026-06-29T12:46:04+00:00,-48.18,-55.41,-62.35,-49.69,-65.72,-44.64,-50.65,-50.71,-51.44,-44.27,-45.50,-60.14,-51.60,-53.55,-55.35,-52.39,-54.16,2026-06-29 12:46:04+00:00
2026-06-29T12:47:03+00:00,-48.41,-55.95,-62.86,-49.55,-66.04,-44.69,-51.19,-50.72,-51.64,-44.22,-45.44,-60.26,-51.54,-53.91,-55.69,-51.81,-53.86,2026-06-29 12:47:03+00:00
2026-06-29T12:48:03+00:00,-48.20,-55.13,-62.80,-48.95,-66.02,-44.73,-50.83,-50.92,-51.68,-44.35,-45.35,-60.56,-51.46,-53.80,-53.09,-52.19,-53.91,2026-06-29 12:48:03+00:00
2026-06-29T12:49:04+00:00,-47.97,-54.99,-62.90,-48.68,-65.14,-44.82,-50.08,-50.81,-50.15,-44.12,-45.37,-59.96,-51.39,-53.79,-52.31,-51.59,-54.48,2026-06-29 12:49:04+00:00
2026-06-29T12:50:04+00:00,-48.57,-52.51,-63.34,-48.94,-65.07,-44.80,-50.92,-50.96,-50.37,-44.26,-45.18,-60.57,-51.37,-53.75,-52.30,-51.55,-56.90,2026-06-29 12:50:04+00:00
2026-06-29T12:51:03+00:00,-48.80,-52.60,-62.64,-49.40,-65.72,-44.92,-50.77,-50.90,-50.38,-44.27,-45.31,-60.22,-51.42,-54.16,-54.55,-50.82,-54.76,2026-06-29 12:51:03+00:00
2026-06-29T12:52:04+00:00,-48.22,-51.54,-62.34,-49.13,-65.05,-44.79,-50.88,-50.94,-50.33,-44.32,-45.28,-59.97,-51.19,-54.23,-54.84,-51.37,-54.00,2026-06-29 12:52:04+00:00
2026-06-29T12:53:04+00:00,-48.16,-51.48,-61.89,-49.40,-65.34,-44.95,-51.53,-50.95,-50.10,-44.44,-45.17,-60.04,-50.94,-54.18,-55.78,-51.48,-53.60,2026-06-29 12:53:04+00:00
2026-06-29T12:54:03+00:00,-48.04,-52.48,-62.57,-49.87,-65.84,-44.91,-51.51,-50.99,-50.20,-44.38,-45.33,-60.17,-51.02,-54.17,-55.67,-51.67,-54.69,2026-06-29 12:54:03+00:00
2026-06-29T12:55:03+00:00,-48.57,-52.67,-62.86,-50.63,-66.15,-44.95,-50.75,-50.94,-50.06,-44.42,-45.20,-60.47,-51.12,-54.40,-55.21,-52.03,-54.36,2026-06-29 12:55:03+00:00
2026-06-29T12:56:04+00:00,-47.65,-52.94,-62.32,-50.15,-66.55,-44.90,-50.81,-50.93,-49.93,-44.36,-45.22,-59.72,-51.00,-54.32,-54.88,-52.10,-54.49,2026-06-29 12:56:04+00:00
2026-06-29T12:57:04+00:00,-47.72,-52.97,-62.33,-50.36,-65.24,-44.93,-52.02,-51.07,-49.86,-44.54,-45.17,-58.44,-49.29,-54.49,-55.62,-52.00,-54.04,2026-06-29 12:57:04+00:00
2026-06-29T12:58:03+00:00,-47.27,-52.99,-62.44,-49.75,-66.24,-45.01,-51.26,-51.08,-49.93,-44.21,-45.22,-55.54,-50.32,-54.42,-55.36,-51.93,-54.61,2026-06-29 12:58:03+00:00
2026-06-29T12:59:03+00:00,-48.30,-53.25,-63.05,-50.07,-65.54,-44.87,-51.10,-51.10,-49.89,-44.45,-45.27,-55.89,-50.29,-54.55,-55.21,-52.13,-54.20,2026-06-29 12:59:03+00:00
2026-06-29T13:00:04+00:00,-47.68,-53.26,-63.72,-49.12,-65.66,-44.99,-51.70,-51.19,-50.16,-44.30,-45.53,-55.82,-50.17,-54.60,-55.74,-51.94,-52.73,2026-06-29 13:00:04+00:00
2026-06-29T13:01:04+00:00,-47.90,-53.28,-62.59,-49.90,-62.49,-45.07,-51.51,-51.03,-50.41,-44.32,-45.65,-59.72,-49.06,-54.53,-55.19,-52.01,-53.12,2026-06-29 13:01:04+00:00
2026-06-29T13:02:04+00:00,-47.99,-53.39,-63.07,-50.65,-65.81,-44.94,-50.88,-51.09,-50.47,-44.41,-45.62,-59.90,-49.85,-54.71,-55.63,-52.03,-52.61,2026-06-29 13:02:04+00:00
2026-06-29T13:03:04+00:00,-48.00,-53.73,-61.74,-49.85,-65.45,-45.00,-51.06,-50.97,-50.44,-44.47,-45.56,-59.45,-49.93,-55.24,-55.33,-52.22,-54.40,2026-06-29 13:03:04+00:00
2026-06-29T13:04:03+00:00,-48.11,-53.78,-63.15,-49.68,-66.03,-45.00,-52.50,-51.24,-51.72,-44.36,-45.52,-60.15,-50.23,-55.32,-55.27,-52.11,-51.45,2026-06-29 13:04:03+00:00
2026-06-29T13:05:04+00:00,-47.87,-53.64,-63.20,-50.23,-65.34,-45.06,-51.79,-51.05,-52.05,-44.43,-45.39,-59.98,-49.73,-55.23,-55.58,-51.99,-52.99,2026-06-29 13:05:04+00:00
2026-06-29T13:06:04+00:00,-47.74,-53.34,-62.75,-50.77,-66.20,-45.15,-51.17,-51.07,-52.09,-44.20,-45.36,-60.22,-50.48,-55.06,-55.57,-51.93,-51.57,2026-06-29 13:06:04+00:00
2026-06-29T13:07:03+00:00,-48.09,-53.55,-62.31,-50.21,-66.46,-45.17,-51.18,-51.01,-52.09,-44.19,-45.57,-59.89,-50.55,-54.93,-55.39,-52.56,-51.10,2026-06-29 13:07:03+00:00
2026-06-29T13:08:03+00:00,-48.56,-53.56,-62.42,-51.89,-65.78,-45.08,-51.11,-51.05,-51.93,-44.14,-45.42,-59.76,-50.26,-54.79,-55.17,-52.11,-51.29,2026-06-29 13:08:03+00:00
2026-06-29T13:09:04+00:00,-48.01,-52.98,-61.82,-50.39,-65.68,-45.14,-51.56,-50.89,-51.88,-44.17,-45.68,-59.71,-49.87,-54.77,-55.48,-52.12,-51.64,2026-06-29 13:09:04+00:00
2026-06-29T13:10:03+00:00,-47.61,-53.11,-62.21,-51.22,-66.03,-45.03,-51.43,-50.89,-52.27,-44.09,-45.55,-59.62,-49.92,-54.91,-55.11,-51.80,-50.84,2026-06-29 13:10:03+00:00
2026-06-29T13:11:03+00:00,-47.97,-53.96,-62.62,-50.55,-65.06,-45.08,-51.26,-51.08,-52.37,-44.04,-45.37,-59.84,-49.65,-55.07,-55.36,-51.68,-51.56,2026-06-29 13:11:03+00:00
2026-06-29T13:12:04+00:00,-48.04,-53.98,-62.18,-50.49,-65.82,-45.16,-51.20,-50.98,-52.25,-43.93,-45.37,-59.41,-49.55,-54.83,-55.25,-51.79,-51.53,2026-06-29 13:12:04+00:00
2026-06-29T13:13:04+00:00,-47.93,-53.50,-62.27,-52.24,-64.27,-45.32,-51.76,-50.95,-52.06,-43.80,-45.33,-59.56,-49.29,-54.84,-55.13,-52.24,-51.65,2026-06-29 13:13:04+00:00
2026-06-29T13:14:03+00:00,-47.80,-53.06,-61.11,-50.78,-63.92,-45.29,-51.27,-51.09,-52.02,-43.92,-45.32,-59.05,-49.17,-54.88,-55.57,-51.69,-51.72,2026-06-29 13:14:03+00:00
2026-06-29T13:15:03+00:00,-48.18,-52.99,-62.37,-50.45,-63.74,-45.31,-51.65,-51.11,-52.37,-43.98,-45.47,-59.74,-49.11,-55.12,-55.31,-52.23,-54.35,2026-06-29 13:15:03+00:00
2026-06-29T13:16:03+00:00,-47.18,-53.02,-61.75,-50.45,-64.26,-45.39,-51.03,-51.08,-52.10,-43.80,-45.61,-59.53,-48.98,-54.87,-55.17,-52.45,-51.75,2026-06-29 13:16:03+00:00
2026-06-29T13:17:04+00:00,-47.57,-52.98,-62.13,-50.27,-62.41,-45.34,-50.59,-51.23,-52.14,-43.90,-45.19,-59.57,-48.98,-54.76,-55.49,-53.05,-53.98,2026-06-29 13:17:04+00:00
2026-06-29T13:18:04+00:00,-46.59,-53.19,-62.44,-51.18,-65.96,-45.35,-50.80,-51.00,-52.71,-44.08,-45.35,-53.05,-50.60,-55.15,-55.36,-52.73,-53.27,2026-06-29 13:18:04+00:00
2026-06-29T13:19:03+00:00,-47.26,-52.99,-62.49,-52.16,-65.05,-45.24,-51.14,-51.03,-52.45,-43.87,-45.60,-53.08,-50.53,-55.10,-55.39,-52.81,-51.52,2026-06-29 13:19:03+00:00
2026-06-29T13:20:04+00:00,-46.42,-53.19,-61.93,-51.31,-65.81,-45.30,-51.38,-51.12,-52.36,-43.77,-45.41,-53.30,-50.47,-55.09,-55.29,-52.68,-51.68,2026-06-29 13:20:04+00:00
2026-06-29T13:21:04+00:00,-46.67,-53.72,-61.88,-50.98,-65.45,-45.32,-51.67,-51.12,-52.05,-43.66,-45.42,-59.64,-50.17,-55.08,-54.99,-53.04,-51.77,2026-06-29 13:21:04+00:00
2026-06-29T13:22:03+00:00,-47.08,-53.69,-61.58,-50.95,-65.59,-45.29,-51.10,-51.10,-51.92,-43.73,-45.49,-59.23,-50.09,-55.27,-55.16,-52.89,-51.84,2026-06-29 13:22:03+00:00
2026-06-29T13:23:03+00:00,-47.61,-53.39,-62.28,-51.68,-65.27,-47.88,-50.20,-51.25,-52.18,-43.77,-45.27,-60.29,-50.87,-55.55,-51.33,-52.79,-54.44,2026-06-29 13:23:03+00:00
2026-06-29T13:24:04+00:00,-47.51,-52.87,-61.32,-50.75,-65.13,-48.62,-48.96,-50.12,-51.36,-43.71,-45.23,-59.24,-50.84,-55.20,-55.41,-52.96,-54.35,2026-06-29 13:24:04+00:00
2026-06-29T13:25:04+00:00,-47.19,-52.98,-52.11,-49.82,-65.17,-48.50,-49.22,-51.12,-51.37,-43.95,-45.26,-59.80,-50.89,-55.54,-55.68,-53.52,-53.93,2026-06-29 13:25:04+00:00
2026-06-29T13:26:03+00:00,-47.10,-53.36,-51.51,-50.43,-65.23,-48.50,-49.29,-51.34,-50.06,-43.86,-45.45,-56.23,-50.80,-55.54,-54.47,-52.95,-54.41,2026-06-29 13:26:03+00:00
2026-06-29T13:27:03+00:00,-47.49,-53.19,-51.72,-51.41,-66.43,-48.27,-48.84,-50.78,-50.50,-43.89,-45.39,-56.28,-50.74,-55.48,-54.44,-53.22,-54.53,2026-06-29 13:27:03+00:00
2026-06-29T13:28:04+00:00,-47.15,-53.01,-52.05,-50.69,-65.05,-48.30,-48.78,-50.79,-50.66,-43.73,-45.39,-56.35,-50.80,-55.54,-53.48,-53.27,-54.38,2026-06-29 13:28:04+00:00
2026-06-29T13:29:04+00:00,-47.77,-53.16,-52.76,-50.84,-65.14,-48.30,-49.38,-50.85,-50.12,-43.91,-45.09,-56.86,-50.86,-55.67,-48.97,-53.33,-54.49,2026-06-29 13:29:04+00:00
2026-06-29T13:30:03+00:00,-47.73,-53.35,-52.93,-51.04,-64.87,-48.37,-49.61,-50.95,-49.93,-43.84,-45.08,-57.09,-50.76,-55.53,-48.91,-52.85,-54.22,2026-06-29 13:30:03+00:00
2026-06-29T13:31:03+00:00,-47.95,-53.97,-54.81,-51.00,-66.19,-48.39,-49.89,-50.93,-48.80,-44.09,-45.12,-58.35,-50.69,-55.76,-47.79,-52.65,-54.11,2026-06-29 13:31:03+00:00
2026-06-29T13:32:04+00:00,-47.71,-53.39,-61.57,-51.43,-63.82,-48.24,-50.24,-50.89,-51.17,-44.14,-45.10,-59.46,-51.37,-55.20,-55.44,-52.61,-53.56,2026-06-29 13:32:04+00:00
2026-06-29T13:33:04+00:00,-47.67,-53.64,-61.53,-51.59,-67.34,-48.22,-50.32,-50.75,-51.36,-43.94,-45.16,-59.45,-51.20,-55.18,-55.21,-52.58,-54.13,2026-06-29 13:33:04+00:00
2026-06-29T13:34:03+00:00,-47.25,-53.14,-62.01,-50.69,-65.62,-48.24,-50.98,-50.92,-51.05,-44.04,-45.19,-59.06,-51.31,-55.35,-54.62,-52.67,-54.27,2026-06-29 13:34:03+00:00
2026-06-29T13:35:03+00:00,-47.67,-53.24,-61.94,-51.94,-65.96,-48.08,-50.72,-50.85,-51.34,-44.21,-45.27,-58.92,-51.27,-55.03,-54.66,-52.67,-54.27,2026-06-29 13:35:03+00:00
2026-06-29T13:36:03+00:00,-47.73,-53.31,-62.24,-52.89,-65.63,-47.87,-51.34,-50.97,-51.31,-44.22,-45.19,-59.48,-51.33,-55.20,-55.32,-52.80,-54.31,2026-06-29 13:36:03+00:00
2026-06-29T13:37:04+00:00,-47.46,-53.09,-61.91,-53.25,-65.50,-48.28,-50.87,-51.08,-51.31,-44.28,-44.95,-59.34,-51.36,-55.04,-55.17,-52.59,-54.32,2026-06-29 13:37:04+00:00
2026-06-29T13:38:04+00:00,-47.54,-53.04,-61.52,-52.46,-65.91,-47.95,-50.90,-50.80,-52.59,-44.05,-45.14,-59.08,-51.21,-54.79,-55.63,-52.48,-53.89,2026-06-29 13:38:04+00:00
2026-06-29T13:39:03+00:00,-47.69,-53.20,-62.03,-53.07,-64.99,-48.26,-50.47,-51.00,-52.36,-44.05,-45.10,-59.14,-51.14,-54.73,-55.32,-52.41,-54.33,2026-06-29 13:39:03+00:00
2026-06-29T13:40:03+00:00,-48.07,-53.01,-62.11,-53.80,-66.20,-48.32,-50.58,-51.06,-51.87,-44.12,-45.09,-59.25,-51.18,-54.57,-54.98,-51.94,-54.54,2026-06-29 13:40:03+00:00
2026-06-29T13:41:04+00:00,-47.79,-53.67,-61.72,-52.99,-65.59,-47.96,-50.96,-50.89,-51.11,-44.04,-45.12,-58.80,-51.25,-54.28,-55.43,-51.95,-54.48,2026-06-29 13:41:04+00:00
2026-06-29T13:42:03+00:00,-47.93,-53.53,-61.84,-52.20,-65.47,-47.86,-50.77,-50.97,-51.10,-43.98,-44.99,-59.38,-51.15,-54.23,-54.50,-51.45,-54.33,2026-06-29 13:42:03+00:00
2026-06-29T13:43:03+00:00,-48.24,-53.61,-62.06,-52.95,-66.34,-48.46,-51.26,-51.00,-50.95,-44.23,-45.19,-59.29,-51.17,-54.55,-55.17,-51.83,-54.43,2026-06-29 13:43:03+00:00
2026-06-29T13:44:04+00:00,-48.25,-53.44,-62.15,-53.48,-66.77,-48.35,-50.89,-51.05,-51.06,-44.02,-45.02,-59.38,-51.38,-54.45,-52.56,-52.05,-54.29,2026-06-29 13:44:04+00:00
2026-06-29T13:45:04+00:00,-48.12,-53.16,-62.07,-53.27,-65.72,-48.22,-50.60,-51.00,-50.53,-44.11,-44.97,-59.09,-51.45,-54.15,-55.45,-52.05,-54.47,2026-06-29 13:45:04+00:00
2026-06-29T13:46:03+00:00,-48.51,-53.06,-60.90,-53.06,-65.19,-47.10,-50.38,-50.85,-50.94,-44.01,-44.88,-58.77,-51.31,-54.09,-55.44,-52.15,-54.52,2026-06-29 13:46:03+00:00
2026-06-29T13:47:04+00:00,-48.45,-53.53,-61.93,-53.43,-65.59,-47.12,-50.20,-50.85,-50.72,-43.83,-45.06,-59.32,-51.29,-54.42,-55.62,-51.78,-54.38,2026-06-29 13:47:04+00:00
2026-06-29T13:48:04+00:00,-48.63,-53.21,-61.87,-53.59,-64.97,-43.51,-50.35,-50.78,-50.86,-43.71,-45.02,-59.15,-51.28,-54.35,-55.58,-51.60,-54.52,2026-06-29 13:48:04+00:00
2026-06-29T13:49:03+00:00,-48.49,-53.08,-60.61,-52.51,-65.98,-43.49,-50.17,-50.77,-50.67,-43.83,-45.04,-58.88,-51.17,-53.95,-55.34,-51.33,-54.47,2026-06-29 13:49:03+00:00
2026-06-29T13:50:03+00:00,-48.47,-53.30,-61.34,-52.46,-65.56,-43.48,-50.27,-50.94,-50.83,-43.85,-44.99,-59.64,-51.28,-54.60,-55.39,-51.50,-54.40,2026-06-29 13:50:03+00:00
2026-06-29T13:51:04+00:00,-48.78,-53.75,-61.31,-53.80,-65.82,-43.58,-50.10,-50.83,-50.76,-43.74,-44.90,-59.39,-51.20,-54.69,-55.01,-51.36,-54.35,2026-06-29 13:51:04+00:00
2026-06-29T13:52:04+00:00,-48.06,-53.56,-60.98,-52.56,-65.87,-43.51,-50.24,-51.05,-50.40,-43.55,-44.80,-59.79,-51.10,-54.89,-54.98,-52.03,-54.41,2026-06-29 13:52:04+00:00
2026-06-29T13:53:03+00:00,-47.67,-54.08,-60.41,-52.74,-64.48,-43.57,-49.88,-50.96,-49.43,-43.55,-44.95,-59.63,-50.83,-55.55,-54.66,-52.15,-54.53,2026-06-29 13:53:03+00:00
2026-06-29T13:54:04+00:00,-47.44,-53.08,-59.86,-53.13,-64.06,-43.58,-49.68,-50.83,-49.17,-43.57,-44.90,-59.17,-50.81,-55.53,-54.80,-51.93,-54.53,2026-06-29 13:54:04+00:00
2026-06-29T13:55:04+00:00,-48.52,-53.24,-60.34,-52.11,-63.78,-43.49,-49.85,-50.77,-49.26,-43.61,-44.96,-59.71,-50.75,-56.04,-54.67,-51.90,-54.38,2026-06-29 13:55:04+00:00
2026-06-29T13:56:03+00:00,-47.35,-53.25,-61.27,-53.04,-65.44,-43.54,-50.09,-50.74,-50.61,-43.74,-45.02,-59.85,-51.07,-56.07,-54.95,-52.52,-54.50,2026-06-29 13:56:03+00:00
2026-06-29T13:57:03+00:00,-47.52,-53.34,-60.26,-52.59,-65.12,-43.44,-49.84,-50.80,-49.87,-43.48,-44.91,-59.85,-50.88,-56.49,-55.21,-51.02,-54.53,2026-06-29 13:57:03+00:00
2026-06-29T13:58:04+00:00,-47.84,-52.89,-59.10,-53.79,-65.49,-43.49,-49.50,-50.74,-47.84,-43.86,-45.02,-59.40,-50.47,-56.46,-54.78,-52.57,-54.24,2026-06-29 13:58:04+00:00
2026-06-29T13:59:04+00:00,-47.20,-53.29,-60.61,-53.26,-65.98,-43.85,-49.82,-50.72,-49.90,-43.57,-44.83,-60.06,-50.95,-56.88,-54.90,-50.35,-54.35,2026-06-29 13:59:04+00:00
2026-06-29T14:00:03+00:00,-46.60,-53.07,-60.24,-51.44,-65.88,-44.08,-49.54,-50.60,-49.91,-43.57,-44.77,-59.34,-50.89,-56.54,-54.75,-50.83,-54.29,2026-06-29 14:00:03+00:00
2026-06-29T14:01:03+00:00,-47.03,-53.81,-59.02,-51.78,-64.92,-44.14,-49.46,-50.64,-47.69,-43.55,-44.97,-59.33,-50.51,-57.11,-54.69,-52.18,-54.38,2026-06-29 14:01:03+00:00
2026-06-29T14:02:03+00:00,-48.36,-53.34,-58.54,-53.05,-66.04,-44.19,-49.37,-50.62,-47.50,-43.57,-44.87,-59.22,-50.52,-57.36,-54.69,-52.17,-54.17,2026-06-29 14:02:03+00:00
2026-06-29T14:03:03+00:00,-47.71,-51.91,-58.49,-53.33,-66.94,-44.05,-49.58,-50.74,-47.45,-43.63,-44.91,-59.28,-50.38,-57.75,-54.73,-51.89,-54.23,2026-06-29 14:03:03+00:00
2026-06-29T14:04:04+00:00,-46.96,-53.36,-57.99,-53.61,-66.13,-44.14,-49.19,-50.73,-47.32,-43.68,-44.95,-59.03,-50.28,-57.92,-53.44,-51.72,-54.18,2026-06-29 14:04:04+00:00
2026-06-29T14:05:04+00:00,-47.35,-52.21,-58.05,-53.24,-66.55,-44.22,-49.52,-50.80,-46.85,-43.55,-45.00,-59.40,-50.32,-58.51,-54.05,-51.65,-54.42,2026-06-29 14:05:04+00:00
2026-06-29T14:06:03+00:00,-47.03,-53.23,-57.73,-54.31,-65.75,-44.14,-49.26,-50.78,-47.40,-43.36,-45.00,-59.04,-50.22,-58.41,-53.39,-51.86,-54.61,2026-06-29 14:06:03+00:00
2026-06-29T14:07:04+00:00,-46.79,-53.29,-58.19,-52.84,-65.67,-44.18,-49.41,-50.81,-47.12,-43.61,-44.92,-59.30,-50.18,-58.81,-53.57,-52.01,-54.71,2026-06-29 14:07:04+00:00
2026-06-29T14:08:04+00:00,-47.02,-53.34,-50.65,-53.51,-66.44,-44.22,-48.76,-50.59,-50.64,-43.50,-44.88,-58.57,-50.96,-58.10,-55.95,-52.33,-54.55,2026-06-29 14:08:04+00:00
2026-06-29T14:09:03+00:00,-47.40,-53.01,-50.63,-53.92,-66.13,-44.24,-48.80,-50.55,-51.60,-45.77,-50.50,-58.39,-51.11,-57.99,-55.87,-52.61,-54.43,2026-06-29 14:09:03+00:00
2026-06-29T14:10:03+00:00,-46.47,-53.39,-50.58,-52.72,-66.54,-44.40,-48.76,-50.56,-50.92,-45.69,-50.44,-58.23,-51.10,-58.05,-56.05,-52.32,-54.69,2026-06-29 14:10:03+00:00
2026-06-29T14:11:04+00:00,-46.66,-53.23,-57.75,-53.80,-66.04,-44.42,-49.67,-50.25,-50.90,-46.03,-50.27,-60.26,-51.29,-60.01,-55.54,-51.87,-54.18,2026-06-29 14:11:04+00:00
2026-06-29T14:12:03+00:00,-46.78,-53.33,-55.71,-52.92,-65.84,-44.41,-48.58,-50.53,-51.08,-45.94,-50.50,-59.19,-51.09,-59.46,-55.50,-51.42,-54.26,2026-06-29 14:12:03+00:00
2026-06-29T14:13:03+00:00,-47.54,-53.14,-62.80,-53.80,-65.93,-44.23,-51.30,-50.84,-51.71,-45.83,-50.67,-60.04,-51.33,-59.50,-56.48,-51.75,-54.99,2026-06-29 14:13:03+00:00
2026-06-29T14:14:04+00:00,-47.87,-53.35,-63.07,-53.76,-66.48,-44.47,-51.34,-50.78,-51.79,-46.04,-50.68,-60.69,-51.26,-58.64,-56.03,-51.97,-54.88,2026-06-29 14:14:04+00:00
2026-06-29T14:15:04+00:00,-47.96,-53.49,-62.41,-54.82,-66.46,-44.43,-51.13,-50.85,-51.78,-46.07,-50.68,-60.57,-51.24,-58.00,-55.99,-51.79,-54.95,2026-06-29 14:15:04+00:00
2026-06-29T14:16:03+00:00,-47.31,-53.40,-62.49,-54.10,-65.20,-44.37,-51.19,-50.81,-51.18,-46.05,-50.65,-60.22,-51.29,-57.07,-56.15,-51.54,-54.79,2026-06-29 14:16:03+00:00
2026-06-29T14:17:03+00:00,-46.95,-53.17,-62.25,-51.54,-66.18,-44.34,-50.38,-50.85,-51.24,-45.99,-50.48,-59.81,-51.62,-56.92,-55.98,-51.40,-54.78,2026-06-29 14:17:03+00:00
2026-06-29T14:18:04+00:00,-47.23,-53.23,-61.03,-52.80,-66.89,-44.39,-50.89,-50.77,-51.96,-46.06,-50.59,-58.46,-51.40,-56.61,-55.66,-51.46,-55.24,2026-06-29 14:18:04+00:00
2026-06-29T14:19:04+00:00,-47.51,-53.28,-61.99,-53.53,-66.06,-44.38,-50.24,-50.76,-52.01,-45.96,-50.76,-59.00,-51.56,-56.47,-55.59,-51.52,-55.00,2026-06-29 14:19:04+00:00
2026-06-29T14:20:03+00:00,-47.33,-53.37,-61.74,-54.09,-65.79,-48.48,-50.70,-51.14,-51.91,-45.95,-50.86,-59.24,-51.59,-56.28,-55.98,-51.50,-52.05,2026-06-29 14:20:03+00:00
2026-06-29T14:21:04+00:00,-46.74,-53.19,-62.50,-51.03,-65.37,-48.33,-49.07,-51.01,-51.95,-45.96,-50.79,-60.08,-51.26,-56.35,-53.87,-51.26,-52.08,2026-06-29 14:21:04+00:00
2026-06-29T14:22:04+00:00,-47.42,-53.10,-61.33,-50.40,-65.35,-48.22,-49.69,-50.98,-51.89,-45.89,-50.34,-58.79,-51.24,-56.16,-55.46,-51.40,-52.18,2026-06-29 14:22:04+00:00
2026-06-29T14:23:03+00:00,-46.91,-53.53,-61.94,-58.08,-64.85,-49.14,-49.44,-51.04,-52.08,-45.95,-50.19,-59.52,-51.20,-56.35,-56.10,-51.52,-52.01,2026-06-29 14:23:03+00:00
2026-06-29T14:24:03+00:00,-46.92,-52.90,-61.63,-51.63,-65.42,-48.53,-50.02,-50.96,-51.82,-45.96,-50.10,-58.92,-51.18,-56.08,-55.55,-51.69,-52.12,2026-06-29 14:24:03+00:00
2026-06-29T14:25:04+00:00,-46.76,-53.85,-62.41,-50.62,-66.57,-48.67,-48.94,-51.01,-52.08,-46.02,-49.60,-59.32,-51.29,-56.80,-53.26,-51.92,-54.28,2026-06-29 14:25:04+00:00
2026-06-29T14:26:04+00:00,-47.24,-53.44,-61.38,-50.17,-65.56,-48.52,-49.92,-50.94,-51.87,-45.79,-49.90,-58.84,-51.10,-56.65,-55.44,-51.64,-54.36,2026-06-29 14:26:04+00:00
2026-06-29T14:27:03+00:00,-46.87,-53.39,-61.22,-51.25,-66.10,-48.53,-50.33,-50.79,-51.96,-45.78,-50.53,-59.41,-51.00,-56.99,-56.05,-52.11,-54.29,2026-06-29 14:27:03+00:00
2026-06-29T14:28:03+00:00,-47.25,-53.02,-60.92,-50.04,-65.43,-48.68,-49.16,-50.80,-51.68,-46.10,-50.83,-59.20,-50.92,-57.43,-56.07,-51.79,-54.15,2026-06-29 14:28:03+00:00
2026-06-29T14:29:04+00:00,-47.53,-53.04,-60.79,-49.74,-64.87,-48.56,-48.51,-50.73,-51.80,-46.00,-50.61,-59.36,-50.90,-57.50,-56.01,-51.82,-54.33,2026-06-29 14:29:04+00:00
2026-06-29T14:30:03+00:00,-47.31,-53.29,-60.93,-49.77,-65.64,-48.71,-49.01,-50.84,-51.90,-46.02,-50.81,-59.53,-51.05,-58.37,-55.86,-51.71,-54.15,2026-06-29 14:30:03+00:00
2026-06-29T14:31:04+00:00,-46.82,-52.64,-60.21,-49.82,-65.82,-48.65,-48.63,-50.67,-51.81,-45.99,-50.53,-59.00,-50.94,-58.33,-56.10,-51.93,-54.30,2026-06-29 14:31:04+00:00
2026-06-29T14:32:04+00:00,-46.40,-52.83,-60.49,-50.57,-66.22,-48.69,-48.38,-50.60,-52.03,-45.70,-50.81,-59.07,-50.87,-58.00,-56.18,-52.08,-54.25,2026-06-29 14:32:04+00:00
2026-06-29T14:33:03+00:00,-46.84,-52.97,-60.92,-50.11,-66.24,-48.62,-48.38,-50.41,-52.31,-46.00,-50.83,-59.11,-50.95,-58.29,-56.01,-52.07,-54.31,2026-06-29 14:33:03+00:00
2026-06-29T14:34:03+00:00,-47.46,-53.15,-62.35,-51.40,-66.17,-48.64,-50.68,-51.13,-52.30,-45.96,-51.04,-59.40,-51.06,-59.01,-56.09,-52.02,-54.51,2026-06-29 14:34:03+00:00
2026-06-29T14:35:04+00:00,-48.00,-52.56,-62.51,-51.13,-66.33,-48.36,-50.57,-51.09,-52.40,-45.81,-50.94,-59.67,-51.00,-59.39,-56.67,-52.49,-54.52,2026-06-29 14:35:04+00:00
2026-06-29T14:36:03+00:00,-48.31,-53.18,-61.27,-50.61,-65.62,-48.43,-51.03,-51.17,-52.18,-45.91,-51.10,-58.65,-50.81,-59.82,-56.60,-52.08,-54.62,2026-06-29 14:36:03+00:00
2026-06-29T14:37:04+00:00,-47.90,-53.00,-60.70,-51.29,-65.65,-48.46,-50.97,-51.00,-52.08,-45.94,-50.76,-58.05,-50.75,-58.88,-56.22,-51.82,-54.79,2026-06-29 14:37:04+00:00
2026-06-29T14:38:04+00:00,-47.87,-53.08,-60.14,-51.19,-66.02,-48.37,-50.91,-51.24,-52.40,-45.90,-50.66,-58.05,-50.82,-59.60,-56.40,-51.98,-53.94,2026-06-29 14:38:04+00:00
2026-06-29T14:39:03+00:00,-48.13,-52.95,-61.42,-51.80,-66.54,-47.40,-51.38,-51.20,-52.53,-45.60,-50.60,-57.86,-50.74,-59.86,-56.38,-51.45,-54.50,2026-06-29 14:39:03+00:00
2026-06-29T14:40:04+00:00,-47.66,-52.75,-61.59,-50.52,-65.53,-47.22,-51.19,-51.25,-52.36,-45.83,-51.00,-57.87,-50.95,-60.47,-56.49,-51.20,-54.08,2026-06-29 14:40:04+00:00
2026-06-29T14:41:04+00:00,-46.93,-53.25,-60.95,-51.21,-65.09,-43.96,-51.43,-51.25,-52.46,-45.77,-51.01,-57.81,-51.06,-60.34,-56.73,-50.83,-54.03,2026-06-29 14:41:04+00:00
2026-06-29T14:42:03+00:00,-47.70,-52.23,-61.15,-50.20,-65.03,-43.98,-50.93,-51.16,-52.43,-45.76,-51.01,-57.40,-50.90,-59.98,-56.60,-50.51,-54.45,2026-06-29 14:42:03+00:00
2026-06-29T14:43:04+00:00,-46.87,-52.99,-60.48,-50.16,-65.69,-44.08,-51.46,-51.16,-52.37,-45.82,-50.80,-56.87,-50.90,-60.00,-56.84,-50.42,-53.50,2026-06-29 14:43:04+00:00
2026-06-29T14:44:04+00:00,-47.61,-53.51,-61.36,-50.54,-65.32,-44.06,-51.54,-51.25,-52.51,-45.89,-50.80,-56.54,-50.87,-59.18,-56.87,-50.27,-54.24,2026-06-29 14:44:04+00:00
2026-06-29T14:45:03+00:00,-48.05,-53.49,-61.67,-50.51,-65.81,-44.03,-51.37,-51.15,-52.38,-45.67,-50.68,-56.43,-50.98,-58.90,-56.63,-50.12,-54.08,2026-06-29 14:45:03+00:00
2026-06-29T14:46:03+00:00,-48.19,-53.12,-61.16,-50.80,-65.31,-43.99,-51.10,-51.32,-52.49,-45.87,-50.72,-56.46,-51.05,-57.85,-56.40,-50.17,-54.55,2026-06-29 14:46:03+00:00
2026-06-29T14:47:04+00:00,-47.76,-53.29,-61.25,-50.94,-65.89,-44.02,-51.38,-51.20,-52.92,-45.94,-50.79,-56.85,-51.01,-57.90,-57.00,-50.55,-54.31,2026-06-29 14:47:04+00:00
2026-06-29T14:48:04+00:00,-47.51,-53.23,-61.41,-50.89,-65.84,-44.06,-50.98,-51.47,-52.87,-45.91,-50.67,-56.66,-51.05,-57.41,-57.19,-50.42,-54.33,2026-06-29 14:48:04+00:00
2026-06-29T14:49:03+00:00,-47.38,-52.95,-62.52,-50.92,-66.68,-44.28,-51.19,-51.14,-52.59,-45.95,-51.09,-57.97,-51.14,-58.22,-56.75,-49.81,-54.62,2026-06-29 14:49:03+00:00
2026-06-29T14:50:03+00:00,-47.10,-53.03,-62.26,-50.48,-65.95,-44.21,-50.70,-51.24,-52.47,-45.91,-50.93,-58.01,-51.04,-57.98,-56.77,-50.69,-53.99,2026-06-29 14:50:03+00:00
2026-06-29T14:51:04+00:00,-47.05,-53.01,-62.33,-50.50,-66.24,-48.45,-50.91,-51.14,-52.90,-45.94,-50.93,-58.72,-51.02,-58.09,-56.84,-50.74,-54.03,2026-06-29 14:51:04+00:00
2026-06-29T14:52:04+00:00,-47.06,-52.62,-61.63,-50.52,-65.97,-48.23,-51.14,-51.15,-52.75,-45.85,-50.81,-57.69,-51.00,-57.85,-56.74,-50.86,-54.53,2026-06-29 14:52:04+00:00
2026-06-29T14:53:03+00:00,-46.65,-52.63,-62.50,-50.35,-65.71,-48.29,-50.74,-51.10,-52.70,-46.12,-50.70,-57.93,-51.13,-58.19,-56.78,-50.85,-54.92,2026-06-29 14:53:03+00:00
2026-06-29T14:54:04+00:00,-47.23,-52.71,-63.16,-51.07,-65.27,-48.38,-51.28,-51.22,-52.36,-45.90,-50.81,-57.83,-51.17,-58.12,-57.06,-50.54,-54.71,2026-06-29 14:54:04+00:00
2026-06-29T14:55:04+00:00,-47.38,-53.36,-62.71,-50.59,-66.39,-48.42,-50.29,-51.15,-52.49,-46.08,-50.62,-56.74,-51.32,-58.25,-56.94,-50.81,-54.55,2026-06-29 14:55:04+00:00
2026-06-29T14:56:03+00:00,-47.43,-52.90,-60.99,-50.92,-65.47,-48.30,-50.95,-51.06,-52.70,-45.87,-50.57,-55.11,-51.01,-57.74,-57.04,-50.51,-54.68,2026-06-29 14:56:03+00:00
2026-06-29T14:57:03+00:00,-46.94,-53.41,-62.06,-50.65,-65.40,-48.28,-50.90,-51.08,-52.70,-45.94,-50.60,-56.06,-51.29,-58.09,-56.76,-50.49,-54.92,2026-06-29 14:57:03+00:00
2026-06-29T14:58:04+00:00,-46.98,-53.07,-63.04,-50.36,-66.11,-48.33,-51.10,-51.10,-52.83,-45.96,-50.93,-55.91,-51.30,-58.29,-56.87,-50.34,-54.56,2026-06-29 14:58:04+00:00
2026-06-29T14:59:04+00:00,-47.26,-53.07,-62.47,-50.02,-65.28,-48.18,-51.12,-51.08,-52.66,-45.86,-50.80,-55.56,-51.36,-58.05,-57.09,-49.77,-54.65,2026-06-29 14:59:04+00:00
2026-06-29T15:00:03+00:00,-47.04,-52.76,-62.57,-50.37,-65.08,-48.27,-50.73,-51.13,-52.55,-45.89,-50.95,-55.30,-51.36,-58.20,-57.16,-49.86,-54.74,2026-06-29 15:00:03+00:00
2026-06-29T15:01:03+00:00,-46.78,-53.05,-62.52,-51.18,-66.24,-48.33,-50.75,-51.24,-52.49,-45.91,-51.01,-54.71,-51.31,-58.14,-56.84,-49.93,-54.72,2026-06-29 15:01:03+00:00
2026-06-29T15:02:03+00:00,-47.31,-53.42,-62.18,-50.27,-66.06,-48.34,-50.33,-51.21,-52.01,-45.68,-50.95,-53.97,-51.20,-58.11,-56.85,-49.29,-54.77,2026-06-29 15:02:03+00:00
2026-06-29T15:03:03+00:00,-47.15,-52.61,-61.68,-50.52,-66.13,-48.23,-50.47,-51.19,-52.32,-45.49,-50.92,-53.31,-51.23,-58.28,-57.04,-48.98,-54.60,2026-06-29 15:03:03+00:00
2026-06-29T15:04:04+00:00,-47.06,-53.00,-62.71,-50.65,-66.00,-48.12,-50.37,-51.14,-52.74,-45.50,-51.11,-53.45,-51.35,-58.19,-57.03,-49.45,-54.69,2026-06-29 15:04:04+00:00
2026-06-29T15:05:03+00:00,-47.05,-52.80,-62.50,-51.09,-66.50,-48.27,-50.25,-51.04,-52.63,-45.28,-51.09,-53.71,-51.00,-57.87,-56.69,-49.15,-54.69,2026-06-29 15:05:03+00:00
2026-06-29T15:06:03+00:00,-47.57,-52.93,-62.75,-50.59,-65.70,-48.29,-50.46,-51.17,-52.55,-45.49,-51.12,-54.33,-51.15,-58.31,-56.54,-49.07,-54.74,2026-06-29 15:06:03+00:00
2026-06-29T15:07:03+00:00,-46.81,-53.17,-61.64,-50.58,-65.19,-48.20,-50.56,-51.05,-52.47,-45.50,-51.20,-54.85,-51.10,-57.58,-56.59,-48.92,-54.74,2026-06-29 15:07:03+00:00
2026-06-29T15:08:04+00:00,-47.32,-53.14,-63.11,-51.30,-66.20,-48.18,-50.34,-51.13,-52.37,-45.37,-51.01,-55.75,-51.36,-58.47,-56.68,-48.80,-54.56,2026-06-29 15:08:04+00:00
2026-06-29T15:09:04+00:00,-47.37,-53.23,-62.65,-52.01,-65.81,-48.16,-50.16,-51.08,-52.02,-45.32,-50.88,-56.89,-51.19,-58.10,-57.42,-48.48,-54.54,2026-06-29 15:09:04+00:00
2026-06-29T15:10:03+00:00,-47.62,-53.24,-61.85,-51.05,-66.10,-48.32,-50.01,-51.16,-52.42,-45.27,-50.98,-57.53,-51.39,-57.98,-56.76,-48.10,-54.60,2026-06-29 15:10:03+00:00
2026-06-29T15:11:03+00:00,-47.06,-53.18,-62.28,-50.54,-65.76,-48.20,-50.23,-51.05,-51.94,-45.27,-51.00,-58.18,-51.31,-57.71,-56.90,-48.49,-57.38,2026-06-29 15:11:03+00:00
2026-06-29T15:12:04+00:00,-47.21,-52.81,-62.84,-51.44,-65.84,-48.19,-50.16,-51.41,-52.39,-45.49,-50.94,-59.04,-51.35,-57.22,-56.97,-48.38,-56.52,2026-06-29 15:12:04+00:00
2026-06-29T15:13:04+00:00,-47.21,-52.67,-63.25,-51.17,-65.26,-48.08,-50.49,-51.29,-52.04,-45.49,-51.06,-59.25,-51.35,-57.58,-56.93,-48.04,-56.41,2026-06-29 15:13:04+00:00
2026-06-29T15:14:03+00:00,-47.23,-53.16,-63.45,-51.29,-65.78,-48.24,-50.20,-51.41,-52.41,-45.60,-51.09,-60.69,-51.38,-56.90,-56.95,-48.08,-57.40,2026-06-29 15:14:03+00:00
2026-06-29T15:15:04+00:00,-46.85,-52.91,-61.93,-50.69,-66.66,-48.12,-50.36,-51.11,-51.74,-45.68,-50.97,-59.91,-51.25,-55.91,-56.64,-47.93,-56.44,2026-06-29 15:15:04+00:00
2026-06-29T15:16:04+00:00,-47.17,-53.13,-63.31,-51.52,-64.87,-48.08,-50.59,-51.30,-51.75,-45.81,-51.03,-60.40,-51.21,-55.82,-57.12,-47.74,-57.30,2026-06-29 15:16:04+00:00
2026-06-29T15:17:03+00:00,-47.70,-53.43,-62.90,-52.27,-65.75,-48.16,-50.79,-51.28,-52.01,-45.73,-50.79,-59.85,-51.29,-55.85,-57.07,-47.52,-57.17,2026-06-29 15:17:03+00:00
2026-06-29T15:18:03+00:00,-47.37,-53.48,-63.45,-51.03,-65.41,-48.06,-50.97,-51.38,-51.84,-46.00,-51.08,-60.06,-51.38,-55.35,-57.03,-47.44,-57.22,2026-06-29 15:18:03+00:00
2026-06-29T15:19:04+00:00,-47.41,-52.91,-63.65,-51.58,-66.19,-48.18,-50.44,-51.44,-51.77,-46.06,-51.03,-60.35,-50.73,-55.15,-56.93,-47.34,-56.99,2026-06-29 15:19:04+00:00
2026-06-29T15:20:04+00:00,-47.03,-53.21,-62.07,-51.64,-65.20,-48.12,-50.64,-51.40,-51.67,-45.94,-51.03,-60.34,-50.95,-54.71,-56.94,-46.72,-56.78,2026-06-29 15:20:04+00:00
2026-06-29T15:21:03+00:00,-46.97,-53.36,-62.22,-51.59,-65.68,-48.05,-50.47,-51.44,-51.65,-46.05,-51.13,-60.70,-51.12,-53.87,-57.08,-46.74,-57.57,2026-06-29 15:21:03+00:00
2026-06-29T15:22:03+00:00,-46.75,-53.10,-63.59,-51.80,-66.14,-48.11,-50.94,-51.61,-51.78,-46.01,-51.19,-61.31,-51.26,-53.83,-57.12,-46.53,-57.74,2026-06-29 15:22:03+00:00
2026-06-29T15:23:04+00:00,-46.59,-52.72,-62.71,-51.21,-66.60,-48.16,-50.10,-51.54,-51.74,-45.98,-51.02,-60.63,-51.13,-53.58,-56.76,-46.79,-56.09,2026-06-29 15:23:04+00:00
2026-06-29T15:24:04+00:00,-46.99,-53.16,-62.69,-51.19,-66.12,-48.07,-50.06,-51.41,-52.16,-46.09,-51.03,-60.16,-51.02,-53.25,-56.62,-46.91,-57.47,2026-06-29 15:24:04+00:00
2026-06-29T15:25:03+00:00,-47.18,-53.58,-62.50,-50.59,-65.91,-48.11,-50.44,-51.41,-52.19,-45.97,-50.97,-59.85,-51.11,-52.81,-56.99,-46.97,-56.28,2026-06-29 15:25:03+00:00
2026-06-29T15:26:03+00:00,-46.91,-53.67,-60.63,-50.73,-65.50,-47.31,-50.00,-51.41,-51.99,-45.98,-50.88,-59.00,-51.07,-52.78,-56.56,-46.88,-55.92,2026-06-29 15:26:03+00:00
2026-06-29T15:27:04+00:00,-47.27,-53.18,-60.46,-51.81,-65.35,-47.33,-50.54,-51.28,-51.89,-45.83,-50.90,-58.26,-51.03,-52.81,-57.01,-47.12,-56.58,2026-06-29 15:27:04+00:00
2026-06-29T15:28:04+00:00,-46.92,-53.78,-62.29,-50.26,-65.94,-46.52,-50.30,-51.13,-51.90,-46.03,-50.81,-60.20,-51.34,-53.08,-56.80,-47.44,-57.57,2026-06-29 15:28:04+00:00
2026-06-29T15:29:03+00:00,-46.51,-56.65,-62.44,-51.12,-65.79,-46.61,-50.82,-50.66,-51.62,-45.82,-51.07,-59.81,-51.65,-52.83,-56.52,-47.76,-56.90,2026-06-29 15:29:03+00:00
2026-06-29T15:30:03+00:00,-46.13,-55.16,-62.49,-51.56,-66.45,-46.74,-50.43,-50.84,-51.94,-45.81,-50.91,-60.13,-51.64,-52.40,-56.64,-47.90,-56.95,2026-06-29 15:30:03+00:00
2026-06-29T15:31:03+00:00,-47.08,-55.99,-62.60,-51.09,-65.28,-46.50,-50.67,-50.89,-52.49,-45.95,-50.96,-60.18,-51.57,-52.50,-56.85,-47.91,-56.93,2026-06-29 15:31:03+00:00
2026-06-29T15:32:04+00:00,-47.19,-55.67,-63.56,-52.03,-66.03,-46.41,-50.91,-50.95,-52.94,-45.79,-51.38,-60.46,-51.42,-52.69,-56.74,-48.03,-57.58,2026-06-29 15:32:04+00:00
2026-06-29T15:33:04+00:00,-47.15,-55.40,-63.06,-51.70,-65.93,-46.38,-50.77,-50.90,-52.72,-45.84,-51.02,-60.07,-51.47,-52.44,-56.84,-48.09,-57.05,2026-06-29 15:33:04+00:00
2026-06-29T15:34:03+00:00,-47.61,-55.30,-63.04,-50.94,-64.60,-46.42,-50.70,-51.03,-52.83,-45.73,-51.07,-60.36,-51.52,-52.08,-56.86,-48.07,-56.28,2026-06-29 15:34:03+00:00
2026-06-29T15:35:04+00:00,-47.53,-54.87,-61.01,-51.01,-65.32,-46.36,-49.90,-50.96,-52.44,-45.58,-51.04,-58.51,-51.37,-51.86,-56.50,-47.97,-55.19,2026-06-29 15:35:04+00:00
2026-06-29T15:36:04+00:00,-46.79,-54.96,-62.00,-51.38,-65.26,-46.51,-50.19,-50.98,-52.86,-45.58,-51.09,-59.28,-51.51,-52.28,-56.64,-47.71,-56.69,2026-06-29 15:36:04+00:00
2026-06-29T15:37:03+00:00,-47.75,-56.72,-62.87,-50.63,-65.60,-46.43,-50.55,-51.10,-52.83,-45.72,-51.09,-59.90,-51.54,-52.19,-56.87,-47.89,-57.51,2026-06-29 15:37:03+00:00
2026-06-29T15:38:03+00:00,-47.97,-56.74,-62.24,-50.39,-66.69,-46.44,-50.40,-51.11,-52.82,-45.85,-50.82,-59.72,-51.50,-51.98,-56.89,-47.59,-57.11,2026-06-29 15:38:03+00:00
2026-06-29T15:39:04+00:00,-47.45,-56.61,-61.04,-50.54,-64.66,-46.50,-50.50,-51.02,-52.58,-45.85,-50.87,-59.33,-51.45,-51.77,-56.48,-47.63,-55.74,2026-06-29 15:39:04+00:00
2026-06-29T15:40:04+00:00,-47.69,-56.11,-62.32,-50.96,-65.86,-44.69,-51.22,-51.05,-52.34,-45.85,-51.01,-60.37,-51.48,-51.74,-56.45,-47.60,-56.73,2026-06-29 15:40:04+00:00
2026-06-29T15:41:03+00:00,-47.14,-55.66,-60.83,-50.05,-65.92,-44.56,-51.08,-50.85,-53.00,-45.74,-51.13,-59.42,-51.43,-51.72,-56.57,-47.39,-56.02,2026-06-29 15:41:03+00:00
2026-06-29T15:42:03+00:00,-47.23,-55.94,-62.27,-50.64,-65.36,-44.59,-51.59,-50.97,-52.83,-45.74,-51.00,-59.75,-51.27,-51.58,-56.85,-47.04,-56.07,2026-06-29 15:42:03+00:00
2026-06-29T15:43:04+00:00,-47.64,-55.30,-61.10,-49.63,-65.03,-44.48,-50.62,-50.95,-52.56,-45.86,-50.96,-59.37,-51.25,-51.36,-56.87,-47.08,-55.05,2026-06-29 15:43:04+00:00
2026-06-29T15:44:04+00:00,-47.43,-55.98,-61.80,-48.71,-65.55,-44.42,-50.96,-51.12,-52.62,-45.75,-51.03,-59.43,-51.48,-51.31,-56.51,-47.27,-55.48,2026-06-29 15:44:04+00:00
2026-06-29T15:45:03+00:00,-46.33,-56.26,-61.36,-50.01,-65.75,-44.61,-50.82,-50.91,-52.65,-45.76,-50.76,-58.64,-51.40,-50.85,-56.42,-46.83,-55.22,2026-06-29 15:45:03+00:00
2026-06-29T15:46:03+00:00,-47.38,-56.90,-62.39,-50.03,-65.14,-44.69,-50.69,-51.10,-52.46,-45.83,-51.04,-59.43,-51.65,-51.02,-57.09,-46.85,-56.62,2026-06-29 15:46:03+00:00
2026-06-29T15:47:04+00:00,-47.50,-56.95,-61.43,-50.27,-65.67,-44.73,-51.64,-51.12,-52.75,-45.81,-50.84,-59.79,-51.52,-50.95,-57.46,-46.98,-56.32,2026-06-29 15:47:04+00:00
2026-06-29T15:48:04+00:00,-46.15,-56.54,-61.45,-49.79,-65.10,-44.64,-50.77,-51.12,-52.26,-45.74,-50.84,-59.20,-51.54,-50.62,-56.71,-46.84,-56.80,2026-06-29 15:48:04+00:00
2026-06-29T15:49:03+00:00,-46.06,-57.54,-62.24,-49.98,-64.22,-44.69,-51.14,-51.09,-53.09,-45.73,-51.05,-59.84,-51.50,-50.90,-56.74,-46.61,-56.54,2026-06-29 15:49:03+00:00
2026-06-29T15:50:04+00:00,-45.56,-57.04,-62.09,-49.86,-65.58,-44.80,-51.57,-51.23,-52.59,-45.92,-50.79,-59.58,-51.48,-50.37,-57.51,-46.90,-55.74,2026-06-29 15:50:04+00:00
2026-06-29T15:51:04+00:00,-45.78,-56.79,-61.64,-50.04,-65.48,-44.69,-51.17,-51.13,-52.87,-45.95,-50.71,-59.21,-51.48,-50.39,-57.13,-46.72,-56.29,2026-06-29 15:51:04+00:00
2026-06-29T15:52:03+00:00,-46.52,-56.82,-61.97,-50.38,-65.28,-44.77,-51.11,-50.90,-52.84,-46.11,-50.99,-59.48,-52.06,-50.18,-57.06,-46.91,-54.89,2026-06-29 15:52:03+00:00
2026-06-29T15:53:03+00:00,-45.89,-56.31,-62.36,-50.19,-65.82,-44.78,-50.95,-51.00,-52.96,-46.08,-50.81,-59.44,-51.59,-49.93,-56.99,-47.14,-56.92,2026-06-29 15:53:03+00:00
2026-06-29T15:54:04+00:00,-45.56,-56.71,-62.13,-50.55,-65.26,-44.61,-51.14,-50.88,-52.27,-46.11,-51.11,-59.53,-51.49,-50.17,-56.60,-47.29,-56.90,2026-06-29 15:54:04+00:00
2026-06-29T15:55:04+00:00,-44.25,-56.89,-61.85,-49.32,-64.74,-44.70,-50.83,-50.73,-52.22,-46.04,-50.94,-59.63,-51.32,-49.63,-57.10,-47.31,-55.52,2026-06-29 15:55:04+00:00
2026-06-29T15:56:04+00:00,-45.69,-56.75,-61.38,-49.61,-65.04,-44.67,-51.92,-50.84,-52.23,-46.11,-50.65,-59.34,-51.54,-49.75,-56.34,-47.13,-54.72,2026-06-29 15:56:04+00:00
2026-06-29T15:57:03+00:00,-45.44,-57.65,-62.36,-50.06,-65.82,-44.84,-51.41,-50.94,-52.06,-46.22,-51.07,-59.65,-52.23,-49.71,-57.17,-47.13,-56.20,2026-06-29 15:57:03+00:00
2026-06-29T15:58:04+00:00,-45.80,-57.91,-62.52,-50.93,-65.79,-44.88,-51.67,-51.10,-52.02,-46.17,-50.99,-59.74,-52.36,-49.58,-56.96,-46.86,-57.30,2026-06-29 15:58:04+00:00
2026-06-29T15:59:04+00:00,-46.10,-57.78,-62.38,-49.88,-65.31,-44.90,-51.46,-51.06,-52.51,-46.12,-51.07,-59.75,-52.36,-49.66,-57.21,-46.96,-57.54,2026-06-29 15:59:04+00:00
2026-06-29T16:00:04+00:00,-45.64,-57.25,-62.67,-50.46,-65.62,-44.95,-51.64,-51.06,-52.38,-46.19,-51.09,-59.47,-52.15,-49.58,-56.79,-46.97,-57.37,2026-06-29 16:00:04+00:00
2026-06-29T16:01:04+00:00,-46.82,-56.44,-62.42,-49.86,-64.82,-44.92,-51.53,-51.15,-51.80,-45.89,-40.14,-59.26,-51.64,-49.29,-57.23,-46.91,-54.09,2026-06-29 16:01:04+00:00
2026-06-29T16:02:03+00:00,-45.94,-56.97,-61.89,-49.87,-65.84,-44.97,-51.06,-51.20,-49.63,-46.43,-51.07,-58.89,-51.70,-49.37,-57.10,-46.63,-57.05,2026-06-29 16:02:03+00:00
2026-06-29T16:03:04+00:00,-46.45,-57.52,-62.34,-49.88,-66.24,-44.90,-51.66,-51.23,-50.39,-46.24,-51.14,-58.84,-51.56,-49.48,-57.11,-46.90,-56.67,2026-06-29 16:03:04+00:00
2026-06-29T16:04:04+00:00,-45.45,-56.92,-63.39,-50.12,-65.54,-44.91,-51.34,-51.21,-51.16,-46.44,-51.21,-59.09,-51.84,-49.43,-57.15,-46.96,-56.97,2026-06-29 16:04:04+00:00
2026-06-29T16:05:03+00:00,-46.08,-56.81,-62.49,-49.84,-65.26,-44.84,-51.60,-51.11,-51.31,-46.46,-51.27,-58.93,-51.63,-49.23,-56.98,-47.04,-56.83,2026-06-29 16:05:03+00:00
2026-06-29T16:06:04+00:00,-45.93,-56.50,-62.06,-49.72,-65.67,-44.88,-50.97,-51.01,-51.44,-46.33,-51.20,-58.88,-51.64,-49.34,-57.11,-46.83,-57.44,2026-06-29 16:06:04+00:00
2026-06-29T16:07:04+00:00,-45.79,-56.99,-62.33,-49.78,-65.45,-44.97,-51.01,-51.07,-51.88,-46.46,-51.17,-59.33,-51.62,-49.37,-57.39,-46.85,-56.10,2026-06-29 16:07:04+00:00
2026-06-29T16:08:03+00:00,-46.61,-57.64,-62.61,-49.84,-65.57,-44.93,-50.61,-51.05,-51.80,-46.49,-52.11,-59.66,-51.71,-49.12,-57.81,-46.97,-56.42,2026-06-29 16:08:03+00:00
2026-06-29T16:09:03+00:00,-46.22,-57.39,-62.26,-49.84,-65.89,-44.88,-50.78,-51.04,-51.95,-46.39,-51.96,-59.59,-51.64,-49.16,-57.52,-46.96,-57.45,2026-06-29 16:09:03+00:00
2026-06-29T16:10:04+00:00,-46.27,-56.80,-62.30,-49.29,-65.52,-44.91,-51.07,-51.07,-51.93,-46.41,-51.95,-59.81,-51.61,-49.17,-57.69,-46.81,-55.96,2026-06-29 16:10:04+00:00
2026-06-29T16:11:04+00:00,-45.65,-56.14,-61.88,-49.77,-66.05,-44.93,-51.62,-51.09,-51.62,-46.15,-51.95,-59.44,-51.52,-49.16,-57.53,-46.82,-56.76,2026-06-29 16:11:04+00:00
2026-06-29T16:12:03+00:00,-45.18,-56.32,-63.22,-49.76,-65.69,-45.02,-51.32,-51.23,-51.63,-46.21,-45.08,-59.80,-51.60,-48.91,-57.54,-46.77,-54.90,2026-06-29 16:12:03+00:00
2026-06-29T16:13:03+00:00,-45.64,-56.30,-62.40,-49.75,-65.43,-45.00,-51.31,-51.10,-51.65,-46.32,-51.85,-60.02,-51.43,-49.04,-57.48,-46.78,-56.37,2026-06-29 16:13:03+00:00
2026-06-29T16:14:04+00:00,-45.65,-55.92,-61.91,-50.50,-65.27,-45.17,-51.25,-50.76,-51.60,-46.36,-51.90,-59.33,-51.35,-48.63,-56.93,-46.49,-55.78,2026-06-29 16:14:04+00:00
2026-06-29T16:15:03+00:00,-46.35,-56.44,-62.81,-50.55,-65.48,-45.10,-51.61,-51.02,-51.54,-46.27,-51.82,-60.00,-51.58,-48.56,-57.80,-46.55,-56.64,2026-06-29 16:15:03+00:00
2026-06-29T16:16:03+00:00,-46.06,-56.00,-61.36,-49.84,-65.67,-45.24,-51.77,-50.94,-51.62,-46.35,-51.71,-59.65,-51.47,-48.57,-57.33,-46.46,-56.43,2026-06-29 16:16:03+00:00
2026-06-29T16:17:04+00:00,-45.09,-56.82,-62.78,-49.62,-65.66,-45.36,-51.09,-51.19,-51.29,-46.26,-51.57,-60.06,-51.51,-48.44,-57.89,-46.54,-55.27,2026-06-29 16:17:04+00:00
2026-06-29T16:18:04+00:00,-46.51,-56.99,-63.54,-49.88,-65.66,-45.42,-51.61,-51.30,-51.61,-46.48,-51.71,-60.18,-51.65,-48.49,-57.39,-46.49,-56.25,2026-06-29 16:18:04+00:00
2026-06-29T16:19:03+00:00,-45.24,-56.40,-61.20,-49.69,-65.83,-45.51,-50.89,-51.17,-51.41,-46.59,-51.42,-58.81,-51.64,-48.61,-57.45,-46.73,-56.58,2026-06-29 16:19:03+00:00
2026-06-29T16:20:03+00:00,-46.79,-57.31,-63.05,-49.90,-65.87,-45.48,-51.24,-51.66,-50.56,-46.29,-51.23,-60.22,-51.68,-48.43,-56.93,-46.99,-56.77,2026-06-29 16:20:03+00:00
2026-06-29T16:21:04+00:00,-45.41,-56.90,-62.18,-49.70,-65.78,-45.62,-50.41,-51.67,-50.59,-46.35,-50.73,-59.72,-51.59,-48.46,-57.29,-46.85,-56.92,2026-06-29 16:21:04+00:00
2026-06-29T16:22:03+00:00,-45.52,-56.48,-62.47,-49.77,-65.90,-45.24,-51.12,-51.68,-50.74,-46.10,-50.73,-59.65,-51.67,-48.44,-57.07,-47.18,-56.99,2026-06-29 16:22:03+00:00
2026-06-29T16:23:03+00:00,-44.35,-56.63,-62.95,-49.87,-65.47,-45.35,-50.80,-51.83,-50.84,-46.15,-50.81,-60.17,-52.11,-48.53,-57.28,-47.24,-56.47,2026-06-29 16:23:03+00:00
2026-06-29T16:24:04+00:00,-44.73,-56.09,-63.43,-49.70,-65.16,-45.26,-50.91,-51.74,-51.17,-46.01,-50.89,-59.74,-51.96,-48.33,-57.41,-46.88,-56.06,2026-06-29 16:24:04+00:00
2026-06-29T16:25:04+00:00,-44.85,-56.28,-62.45,-49.06,-65.31,-45.04,-50.63,-51.69,-50.91,-46.05,-50.96,-60.15,-51.93,-48.52,-56.87,-46.65,-56.35,2026-06-29 16:25:04+00:00
2026-06-29T16:26:03+00:00,-45.60,-56.18,-62.87,-48.35,-65.68,-44.95,-50.97,-51.57,-50.43,-43.77,-44.51,-61.31,-51.66,-47.97,-57.01,-46.83,-56.50,2026-06-29 16:26:03+00:00
2026-06-29T16:27:03+00:00,-45.41,-56.55,-62.26,-48.46,-66.76,-44.91,-50.89,-51.17,-50.00,-43.60,-45.14,-60.79,-51.46,-48.08,-57.01,-47.03,-56.04,2026-06-29 16:27:03+00:00
2026-06-29T16:28:04+00:00,-46.56,-56.72,-62.79,-48.33,-66.75,-44.95,-50.83,-51.32,-51.06,-43.71,-45.13,-61.00,-51.63,-47.96,-57.28,-47.03,-55.95,2026-06-29 16:28:04+00:00
2026-06-29T16:29:04+00:00,-46.51,-56.14,-62.09,-48.35,-65.70,-44.87,-50.51,-51.06,-51.44,-45.03,-50.23,-60.47,-51.42,-47.87,-56.84,-46.92,-55.79,2026-06-29 16:29:04+00:00
2026-06-29T16:30:03+00:00,-46.33,-56.58,-62.62,-48.37,-66.19,-44.93,-51.03,-51.11,-51.48,-44.95,-47.56,-60.90,-51.35,-47.90,-57.09,-46.90,-56.44,2026-06-29 16:30:03+00:00
2026-06-29T16:31:03+00:00,-46.50,-55.98,-62.19,-48.39,-65.19,-44.70,-51.34,-51.48,-51.39,-44.76,-46.23,-60.93,-51.19,-47.81,-56.92,-47.44,-56.14,2026-06-29 16:31:03+00:00
2026-06-29T16:32:03+00:00,-46.81,-56.66,-63.25,-60.71,-65.96,-45.96,-51.37,-51.45,-50.79,-43.41,-45.00,-61.65,-51.36,-48.12,-55.46,-47.04,-56.25,2026-06-29 16:32:03+00:00
2026-06-29T16:33:04+00:00,-45.75,-56.82,-62.67,-60.51,-65.44,-45.94,-51.24,-51.51,-50.33,-43.87,-43.62,-61.09,-51.36,-48.23,-55.42,-47.16,-56.41,2026-06-29 16:33:04+00:00
2026-06-29T16:34:04+00:00,-46.05,-56.72,-62.37,-60.59,-65.21,-45.85,-51.22,-51.46,-49.98,-43.56,-43.05,-61.19,-51.37,-48.28,-55.29,-46.86,-56.21,2026-06-29 16:34:04+00:00
2026-06-29T16:35:03+00:00,-46.20,-56.55,-62.35,-60.85,-65.64,-47.65,-51.85,-51.53,-50.39,-44.16,-43.76,-60.46,-51.40,-48.17,-55.41,-47.04,-56.42,2026-06-29 16:35:03+00:00
2026-06-29T16:36:03+00:00,-45.53,-56.67,-61.21,-60.14,-65.45,-47.57,-51.26,-51.31,-50.67,-44.41,-43.65,-59.73,-51.16,-47.87,-55.07,-46.81,-54.73,2026-06-29 16:36:03+00:00
2026-06-29T16:37:03+00:00,-45.86,-56.79,-61.97,-60.30,-65.80,-47.49,-51.42,-51.47,-48.66,-44.48,-43.52,-60.45,-51.23,-47.64,-57.34,-46.69,-56.23,2026-06-29 16:37:03+00:00
2026-06-29T16:38:04+00:00,-45.68,-56.95,-63.20,-61.21,-65.32,-49.67,-51.41,-51.58,-48.70,-44.68,-43.16,-61.73,-51.14,-47.80,-57.61,-46.62,-55.53,2026-06-29 16:38:04+00:00
2026-06-29T16:39:04+00:00,-45.92,-57.08,-61.95,-60.76,-65.88,-56.70,-51.46,-51.30,-48.58,-44.60,-43.10,-60.54,-51.04,-47.65,-57.49,-46.59,-55.97,2026-06-29 16:39:04+00:00
2026-06-29T16:40:03+00:00,-46.03,-56.75,-61.76,-60.85,-65.43,-56.97,-51.55,-51.39,-49.01,-44.67,-43.05,-60.59,-50.85,-47.57,-57.52,-46.71,-54.78,2026-06-29 16:40:03+00:00
2026-06-29T16:41:03+00:00,-45.85,-57.18,-62.36,-61.52,-66.35,-56.82,-51.65,-51.55,-48.75,-44.81,-42.95,-60.48,-50.81,-47.34,-57.95,-46.59,-56.34,2026-06-29 16:41:03+00:00
2026-06-29T16:42:04+00:00,-46.00,-56.31,-61.82,-60.75,-66.16,-56.92,-51.40,-51.52,-48.61,-44.68,-42.85,-60.27,-50.86,-47.43,-57.69,-46.64,-56.93,2026-06-29 16:42:04+00:00
2026-06-29T16:43:04+00:00,-45.62,-55.99,-61.07,-60.94,-65.39,-56.80,-51.53,-51.51,-48.56,-44.65,-41.96,-59.91,-50.92,-47.20,-57.73,-46.64,-55.79,2026-06-29 16:43:04+00:00
2026-06-29T16:44:03+00:00,-46.24,-55.61,-60.02,-60.62,-65.34,-56.51,-51.82,-51.42,-48.53,-44.63,-41.89,-58.90,-50.67,-47.16,-57.43,-46.95,-54.94,2026-06-29 16:44:03+00:00
2026-06-29T16:45:04+00:00,-46.12,-56.48,-61.76,-60.69,-65.83,-56.84,-51.62,-51.46,-48.46,-45.02,-42.80,-60.43,-50.72,-47.22,-57.83,-46.91,-56.64,2026-06-29 16:45:04+00:00
2026-06-29T16:46:04+00:00,-46.00,-53.38,-62.07,-61.21,-66.04,-57.27,-51.37,-51.63,-48.67,-45.03,-42.69,-60.79,-50.74,-47.27,-57.86,-46.80,-56.80,2026-06-29 16:46:04+00:00
2026-06-29T16:47:03+00:00,-46.38,-53.04,-61.62,-61.34,-66.09,-56.59,-51.65,-51.48,-48.41,-45.36,-42.62,-60.74,-50.87,-46.84,-57.91,-46.83,-54.02,2026-06-29 16:47:03+00:00
2026-06-29T16:48:03+00:00,-46.02,-52.58,-61.62,-60.96,-64.80,-57.01,-51.44,-51.58,-49.15,-44.90,-41.82,-60.41,-50.82,-46.99,-57.65,-46.98,-54.31,2026-06-29 16:48:03+00:00
2026-06-29T16:49:04+00:00,-45.96,-52.92,-61.86,-61.44,-66.52,-57.36,-51.39,-51.66,-49.80,-44.95,-41.81,-60.84,-50.66,-47.14,-58.06,-47.40,-54.30,2026-06-29 16:49:04+00:00
2026-06-29T16:50:04+00:00,-45.92,-53.73,-61.82,-61.36,-65.92,-56.84,-51.13,-51.65,-49.68,-44.68,-40.95,-60.78,-50.71,-47.04,-57.58,-47.18,-53.93,2026-06-29 16:50:04+00:00
2026-06-29T16:51:03+00:00,-45.73,-53.50,-60.40,-60.59,-65.37,-56.99,-51.34,-51.63,-49.84,-44.22,-42.32,-59.39,-50.76,-46.79,-57.59,-47.27,-54.48,2026-06-29 16:51:03+00:00
2026-06-29T16:52:03+00:00,-46.58,-53.91,-61.42,-61.13,-66.23,-57.07,-51.28,-51.57,-49.81,-44.39,-41.95,-60.26,-50.78,-46.95,-58.13,-47.43,-54.16,2026-06-29 16:52:03+00:00
2026-06-29T16:53:04+00:00,-46.61,-54.19,-61.35,-61.51,-65.25,-57.15,-51.08,-51.79,-49.84,-43.63,-40.93,-60.83,-50.80,-46.79,-57.70,-47.36,-54.02,2026-06-29 16:53:04+00:00
2026-06-29T16:54:04+00:00,-45.21,-54.09,-61.85,-60.92,-65.88,-57.01,-51.41,-51.74,-50.09,-43.74,-40.38,-60.95,-50.81,-46.81,-57.87,-47.24,-54.45,2026-06-29 16:54:04+00:00
2026-06-29T16:55:03+00:00,-45.94,-53.90,-61.11,-61.19,-66.13,-53.11,-51.57,-51.76,-49.54,-44.12,-41.14,-60.52,-50.68,-46.64,-57.80,-47.43,-54.17,2026-06-29 16:55:03+00:00
2026-06-29T16:56:04+00:00,-46.02,-54.27,-61.48,-61.12,-66.46,-53.12,-51.59,-51.77,-49.63,-43.90,-41.07,-60.92,-50.49,-46.78,-57.63,-47.57,-53.87,2026-06-29 16:56:04+00:00
2026-06-29T16:57:04+00:00,-45.75,-54.43,-61.10,-61.38,-65.46,-47.32,-51.77,-51.65,-49.63,-43.54,-40.14,-60.99,-50.48,-46.51,-57.55,-47.51,-53.86,2026-06-29 16:57:04+00:00
2026-06-29T16:58:03+00:00,-45.40,-54.26,-61.15,-61.36,-65.26,-47.34,-50.91,-51.67,-49.30,-43.69,-40.30,-60.34,-50.57,-46.25,-57.40,-47.38,-54.32,2026-06-29 16:58:03+00:00
2026-06-29T16:59:03+00:00,-46.23,-54.38,-61.67,-61.38,-66.08,-47.29,-51.54,-51.69,-49.74,-43.52,-40.28,-61.20,-50.59,-46.35,-57.42,-47.45,-57.07,2026-06-29 16:59:03+00:00
2026-06-29T17:00:04+00:00,-45.32,-53.78,-61.42,-60.94,-66.28,-47.28,-51.04,-51.50,-49.53,-43.37,-40.23,-60.64,-50.56,-46.26,-57.63,-47.62,-54.41,2026-06-29 17:00:04+00:00
2026-06-29T17:01:04+00:00,-46.01,-54.23,-60.92,-61.37,-65.77,-47.30,-50.97,-51.67,-49.72,-43.42,-40.12,-59.94,-50.60,-46.38,-57.76,-47.46,-56.85,2026-06-29 17:01:04+00:00
2026-06-29T17:02:04+00:00,-46.01,-53.98,-62.45,-61.33,-66.00,-47.36,-51.49,-51.89,-49.80,-43.74,-40.20,-61.60,-50.47,-46.50,-57.31,-47.56,-57.49,2026-06-29 17:02:04+00:00
2026-06-29T17:03:04+00:00,-46.27,-53.90,-60.82,-61.53,-65.77,-47.27,-51.06,-51.73,-50.17,-43.45,-40.24,-60.26,-50.14,-46.48,-57.60,-47.82,-56.60,2026-06-29 17:03:04+00:00
2026-06-29T17:04:03+00:00,-46.37,-53.69,-60.76,-59.92,-65.47,-47.34,-50.88,-51.78,-49.84,-43.28,-40.34,-59.90,-50.11,-46.32,-57.13,-48.09,-55.05,2026-06-29 17:04:03+00:00
2026-06-29T17:05:04+00:00,-45.77,-53.73,-60.98,-60.94,-64.99,-47.37,-50.74,-51.77,-49.92,-43.43,-40.27,-60.62,-50.21,-46.45,-57.67,-48.35,-55.85,2026-06-29 17:05:04+00:00
2026-06-29T17:06:03+00:00,-46.69,-53.65,-61.89,-61.27,-65.43,-47.54,-51.54,-51.84,-50.09,-43.44,-40.23,-60.77,-50.18,-46.28,-57.38,-48.43,-57.29,2026-06-29 17:06:03+00:00
2026-06-29T17:07:04+00:00,-46.80,-53.60,-61.27,-61.13,-66.29,-47.36,-51.54,-51.84,-49.64,-43.48,-40.20,-60.55,-50.19,-46.29,-57.81,-48.71,-55.23,2026-06-29 17:07:04+00:00
2026-06-29T17:08:04+00:00,-46.80,-53.65,-61.18,-60.91,-65.96,-47.43,-51.31,-51.79,-49.54,-43.51,-40.28,-60.64,-50.08,-46.05,-57.46,-49.03,-56.61,2026-06-29 17:08:04+00:00
2026-06-29T17:09:03+00:00,-47.10,-53.47,-61.88,-61.59,-66.26,-47.47,-51.21,-52.01,-49.86,-43.65,-40.38,-60.79,-50.23,-45.95,-57.61,-48.98,-56.58,2026-06-29 17:09:03+00:00
2026-06-29T17:10:03+00:00,-47.24,-53.69,-61.40,-61.63,-66.05,-47.38,-50.92,-52.07,-49.60,-43.54,-40.39,-60.62,-50.25,-45.98,-57.47,-49.46,-57.14,2026-06-29 17:10:03+00:00
2026-06-29T17:11:04+00:00,-46.08,-53.38,-60.92,-60.64,-66.52,-47.35,-51.76,-51.88,-50.00,-43.25,-40.40,-59.81,-50.06,-45.94,-57.68,-49.06,-54.70,2026-06-29 17:11:04+00:00
2026-06-29T17:12:04+00:00,-46.63,-53.43,-61.49,-60.75,-64.56,-47.45,-51.61,-51.92,-49.73,-43.51,-40.38,-60.29,-50.14,-45.91,-57.45,-49.09,-56.13,2026-06-29 17:12:04+00:00
2026-06-29T17:13:03+00:00,-45.92,-52.73,-60.15,-60.83,-65.17,-47.24,-50.92,-51.80,-50.00,-43.14,-40.64,-60.00,-50.09,-45.87,-57.60,-49.16,-54.23,2026-06-29 17:13:03+00:00
2026-06-29T17:14:04+00:00,-45.66,-52.54,-60.77,-60.58,-65.66,-47.27,-51.56,-52.01,-50.05,-43.27,-40.30,-59.85,-49.97,-45.55,-57.57,-49.38,-54.59,2026-06-29 17:14:04+00:00
2026-06-29T17:15:04+00:00,-46.19,-52.84,-60.94,-60.24,-66.45,-47.38,-51.64,-52.01,-50.07,-43.40,-40.47,-59.54,-50.16,-45.64,-57.52,-49.29,-55.25,2026-06-29 17:15:04+00:00
2026-06-29T17:16:03+00:00,-46.48,-52.83,-61.21,-60.83,-66.73,-47.47,-51.47,-52.02,-50.18,-43.38,-40.48,-60.24,-50.18,-45.48,-57.55,-49.25,-55.83,2026-06-29 17:16:03+00:00
2026-06-29T17:17:03+00:00,-45.95,-53.00,-60.39,-60.33,-65.16,-47.39,-51.10,-51.92,-50.57,-43.23,-40.66,-59.56,-50.14,-45.63,-57.40,-49.32,-54.85,2026-06-29 17:17:03+00:00
2026-06-29T17:18:04+00:00,-45.23,-53.27,-61.08,-60.91,-65.81,-47.38,-51.06,-52.05,-50.19,-43.27,-40.79,-60.38,-50.29,-45.67,-57.67,-49.14,-55.81,2026-06-29 17:18:04+00:00
2026-06-29T17:19:04+00:00,-44.56,-53.06,-61.41,-60.07,-65.49,-47.48,-51.32,-52.10,-50.34,-43.29,-40.81,-60.73,-50.10,-45.51,-56.98,-49.05,-55.77,2026-06-29 17:19:04+00:00
2026-06-29T17:20:03+00:00,-45.81,-52.97,-61.04,-60.49,-65.65,-47.36,-50.79,-52.11,-50.46,-43.09,-40.61,-60.42,-50.14,-45.31,-57.58,-49.09,-56.48,2026-06-29 17:20:03+00:00
2026-06-29T17:21:03+00:00,-45.64,-52.95,-60.04,-60.14,-65.76,-47.36,-50.80,-51.96,-49.88,-43.12,-40.68,-59.28,-49.95,-45.44,-57.18,-48.65,-56.11,2026-06-29 17:21:03+00:00
2026-06-29T17:22:04+00:00,-45.57,-54.11,-60.58,-60.89,-65.70,-47.54,-51.65,-51.84,-49.99,-43.27,-40.83,-60.22,-50.08,-45.38,-57.45,-48.61,-56.19,2026-06-29 17:22:04+00:00
2026-06-29T17:23:04+00:00,-45.82,-53.92,-59.65,-60.14,-65.49,-47.55,-50.93,-51.88,-50.04,-43.40,-40.89,-59.74,-49.98,-45.19,-57.00,-48.85,-55.75,2026-06-29 17:23:04+00:00
2026-06-29T17:24:03+00:00,-47.45,-53.91,-59.81,-60.50,-65.58,-47.47,-51.14,-52.05,-50.20,-43.36,-40.97,-59.96,-49.98,-45.42,-57.29,-48.90,-54.90,2026-06-29 17:24:03+00:00
2026-06-29T17:25:04+00:00,-47.44,-54.05,-60.11,-60.33,-66.00,-47.56,-51.27,-52.04,-49.37,-43.33,-41.04,-60.18,-49.63,-45.00,-57.32,-49.22,-55.93,2026-06-29 17:25:04+00:00
2026-06-29T17:26:04+00:00,-46.58,-53.58,-59.15,-60.32,-66.11,-47.58,-50.86,-51.96,-49.97,-43.62,-41.65,-59.51,-49.70,-44.87,-56.71,-49.33,-54.53,2026-06-29 17:26:04+00:00
2026-06-29T17:27:03+00:00,-46.04,-54.02,-59.93,-60.12,-64.44,-47.50,-50.94,-51.94,-49.96,-44.03,-42.32,-59.56,-49.45,-44.92,-57.08,-49.64,-53.15,2026-06-29 17:27:03+00:00
2026-06-29T17:28:03+00:00,-46.57,-54.17,-59.92,-60.64,-65.71,-47.64,-51.56,-52.00,-50.14,-44.58,-43.76,-61.01,-49.40,-44.99,-57.44,-50.10,-53.17,2026-06-29 17:28:03+00:00
2026-06-29T17:29:04+00:00,-46.91,-54.19,-60.58,-60.73,-65.69,-47.48,-51.14,-52.01,-50.59,-45.38,-45.15,-60.95,-49.27,-44.97,-57.07,-49.77,-55.29,2026-06-29 17:29:04+00:00
2026-06-29T17:30:04+00:00,-46.02,-54.14,-59.71,-59.89,-65.74,-47.55,-51.01,-51.94,-51.61,-45.54,-45.23,-59.89,-49.42,-44.92,-57.01,-49.75,-53.06,2026-06-29 17:30:04+00:00
2026-06-29T17:31:04+00:00,-46.36,-53.88,-59.29,-59.41,-64.99,-47.55,-50.94,-51.37,-49.05,-45.05,-44.66,-59.50,-49.49,-44.98,-56.64,-50.39,-54.48,2026-06-29 17:31:04+00:00
2026-06-29T17:32:04+00:00,-46.47,-54.02,-60.08,-60.04,-64.88,-47.43,-51.12,-51.50,-49.47,-44.83,-44.65,-60.66,-49.49,-45.12,-56.96,-50.32,-54.57,2026-06-29 17:32:04+00:00
2026-06-29T17:33:04+00:00,-46.38,-54.12,-60.02,-59.07,-65.90,-47.54,-50.78,-51.39,-52.65,-45.20,-44.48,-60.25,-49.63,-44.92,-56.80,-50.54,-52.91,2026-06-29 17:33:04+00:00
2026-06-29T17:34:03+00:00,-46.90,-53.26,-58.97,-59.84,-65.33,-47.47,-51.24,-51.37,-48.61,-44.86,-44.68,-59.85,-49.70,-44.81,-56.67,-50.37,-53.25,2026-06-29 17:34:03+00:00
2026-06-29T17:35:03+00:00,-46.90,-53.47,-59.16,-59.44,-66.63,-47.64,-50.76,-51.44,-51.64,-44.80,-44.76,-59.88,-49.79,-44.89,-56.82,-50.12,-55.15,2026-06-29 17:35:03+00:00
2026-06-29T17:36:03+00:00,-46.84,-53.83,-60.09,-59.52,-64.29,-47.52,-51.05,-51.45,-50.10,-45.03,-44.44,-60.12,-49.88,-45.08,-56.68,-49.82,-54.41,2026-06-29 17:36:03+00:00
2026-06-29T17:37:03+00:00,-47.46,-53.99,-59.88,-59.94,-65.21,-47.25,-50.77,-51.54,-49.65,-44.90,-44.79,-60.48,-49.87,-44.78,-56.76,-49.66,-54.04,2026-06-29 17:37:03+00:00
2026-06-29T17:38:04+00:00,-45.98,-54.07,-59.18,-60.66,-65.55,-46.87,-51.53,-51.70,-50.61,-44.71,-44.58,-60.12,-50.03,-44.95,-57.35,-49.61,-54.17,2026-06-29 17:38:04+00:00
2026-06-29T17:39:03+00:00,-45.90,-53.97,-59.25,-59.96,-64.03,-46.95,-50.75,-51.51,-50.71,-44.75,-44.91,-59.56,-49.96,-44.82,-56.83,-49.39,-52.00,2026-06-29 17:39:03+00:00
2026-06-29T17:40:03+00:00,-46.25,-53.56,-59.31,-59.21,-65.03,-47.05,-51.05,-51.25,-50.27,-44.66,-45.07,-59.45,-50.10,-44.86,-56.30,-49.65,-53.87,2026-06-29 17:40:03+00:00
2026-06-29T17:41:04+00:00,-46.31,-53.85,-59.02,-58.54,-64.28,-46.54,-50.99,-51.44,-50.10,-44.52,-44.96,-58.89,-50.05,-44.80,-56.17,-49.44,-53.39,2026-06-29 17:41:04+00:00
2026-06-29T17:42:04+00:00,-46.83,-53.78,-60.24,-60.23,-65.18,-46.60,-51.09,-51.59,-49.86,-44.79,-45.09,-60.81,-50.12,-44.92,-57.00,-49.33,-53.72,2026-06-29 17:42:04+00:00
2026-06-29T17:43:03+00:00,-46.98,-54.27,-59.15,-59.27,-64.61,-46.52,-50.56,-51.43,-49.80,-44.76,-45.15,-59.50,-50.10,-44.76,-57.12,-49.39,-54.99,2026-06-29 17:43:03+00:00
2026-06-29T17:44:04+00:00,-46.28,-53.96,-58.77,-58.28,-64.80,-46.47,-51.09,-51.11,-50.28,-44.82,-45.12,-58.48,-50.06,-44.57,-56.27,-49.74,-52.02,2026-06-29 17:44:04+00:00
2026-06-29T17:45:04+00:00,-46.90,-54.04,-59.43,-59.59,-64.81,-46.80,-51.44,-51.46,-50.58,-44.84,-45.19,-59.79,-50.10,-44.95,-57.06,-49.54,-53.63,2026-06-29 17:45:04+00:00
2026-06-29T17:46:03+00:00,-46.42,-53.53,-59.12,-58.63,-63.58,-46.96,-50.32,-51.54,-50.50,-44.78,-45.12,-59.10,-50.03,-45.08,-56.62,-50.54,-51.58,2026-06-29 17:46:03+00:00
2026-06-29T17:47:03+00:00,-47.12,-53.78,-58.73,-59.26,-65.29,-47.14,-51.21,-51.60,-50.56,-44.91,-45.11,-59.29,-50.11,-45.19,-56.90,-50.38,-53.96,2026-06-29 17:47:03+00:00
2026-06-29T17:48:04+00:00,-45.99,-53.79,-59.02,-59.09,-64.21,-47.00,-51.27,-51.43,-50.69,-44.86,-45.03,-59.36,-50.06,-45.34,-56.46,-50.18,-53.05,2026-06-29 17:48:04+00:00
2026-06-29T17:49:04+00:00,-46.23,-53.83,-59.59,-59.88,-65.17,-46.45,-50.75,-51.67,-50.54,-44.89,-45.21,-60.92,-50.27,-45.31,-57.25,-50.55,-52.82,2026-06-29 17:49:04+00:00
2026-06-29T17:50:03+00:00,-46.10,-54.15,-60.72,-60.02,-66.18,-46.26,-52.25,-51.70,-50.47,-45.03,-45.01,-60.72,-50.09,-45.04,-57.34,-50.68,-53.49,2026-06-29 17:50:03+00:00
2026-06-29T17:51:03+00:00,-46.36,-54.30,-59.81,-59.75,-65.05,-46.54,-51.18,-51.56,-50.32,-45.10,-45.07,-59.99,-50.29,-45.35,-56.96,-51.68,-54.49,2026-06-29 17:51:03+00:00
2026-06-29T17:52:04+00:00,-47.77,-53.94,-59.42,-58.87,-64.92,-46.41,-51.05,-51.70,-50.21,-45.01,-45.02,-59.87,-50.26,-45.25,-56.99,-52.12,-52.02,2026-06-29 17:52:04+00:00
2026-06-29T17:53:04+00:00,-47.64,-53.91,-59.09,-59.78,-64.72,-46.34,-51.55,-51.53,-50.25,-45.19,-45.07,-59.75,-50.35,-45.08,-57.72,-52.05,-55.57,2026-06-29 17:53:04+00:00
2026-06-29T17:54:03+00:00,-47.28,-53.43,-59.22,-59.83,-64.96,-46.33,-50.98,-51.51,-50.63,-45.09,-45.02,-60.03,-50.32,-45.10,-57.09,-52.27,-54.88,2026-06-29 17:54:03+00:00
2026-06-29T17:55:03+00:00,-46.93,-53.65,-59.16,-60.15,-65.42,-56.80,-51.47,-51.67,-51.00,-45.13,-45.02,-60.79,-50.35,-44.89,-57.56,-53.13,-56.33,2026-06-29 17:55:03+00:00
2026-06-29T17:56:04+00:00,-47.13,-54.79,-58.08,-59.09,-65.63,-56.38,-52.03,-51.45,-50.16,-45.15,-44.96,-60.22,-50.53,-44.69,-56.89,-53.04,-53.60,2026-06-29 17:56:04+00:00
2026-06-29T17:57:04+00:00,-47.42,-54.68,-58.08,-58.47,-65.13,-56.11,-51.02,-51.50,-50.04,-45.23,-45.03,-60.34,-50.47,-44.75,-57.13,-53.40,-52.64,2026-06-29 17:57:04+00:00
2026-06-29T17:58:03+00:00,-46.29,-54.96,-60.05,-59.61,-65.95,-56.00,-51.57,-51.59,-50.19,-45.21,-45.16,-59.80,-50.42,-44.81,-56.90,-53.62,-52.80,2026-06-29 17:58:03+00:00
2026-06-29T17:59:03+00:00,-47.23,-54.74,-58.93,-58.62,-64.66,-55.79,-50.77,-51.46,-50.74,-45.12,-45.19,-58.83,-50.81,-44.69,-56.74,-54.42,-53.56,2026-06-29 17:59:03+00:00
2026-06-29T18:00:04+00:00,-47.92,-54.46,-58.39,-59.01,-64.73,-56.78,-51.39,-51.54,-50.71,-45.18,-45.29,-59.98,-50.98,-44.84,-56.97,-54.22,-53.40,2026-06-29 18:00:04+00:00
2026-06-29T18:01:04+00:00,-47.43,-54.64,-59.19,-59.37,-64.07,-56.32,-50.79,-51.50,-50.53,-45.36,-45.20,-59.77,-50.48,-44.77,-56.75,-54.65,-53.38,2026-06-29 18:01:04+00:00
2026-06-29T18:02:04+00:00,-48.03,-54.67,-59.40,-59.24,-64.98,-56.66,-51.46,-51.59,-50.54,-45.38,-45.32,-59.85,-50.64,-44.68,-57.02,-54.81,-54.14,2026-06-29 18:02:04+00:00
2026-06-29T18:03:03+00:00,-47.69,-55.10,-60.17,-60.47,-66.09,-56.84,-51.47,-51.78,-50.31,-45.25,-45.37,-61.10,-50.66,-44.62,-57.76,-55.51,-55.91,2026-06-29 18:03:03+00:00
2026-06-29T18:04:03+00:00,-47.23,-53.90,-58.88,-58.27,-64.53,-56.31,-51.62,-51.38,-50.14,-45.36,-45.39,-60.22,-50.55,-44.45,-57.17,-55.25,-52.74,2026-06-29 18:04:03+00:00
2026-06-29T18:05:04+00:00,-48.41,-53.95,-59.99,-59.23,-65.80,-56.63,-51.12,-51.74,-49.97,-45.41,-45.21,-60.29,-50.48,-44.57,-57.29,-54.99,-54.51,2026-06-29 18:05:04+00:00
2026-06-29T18:06:04+00:00,-47.15,-53.90,-58.65,-59.60,-64.09,-56.46,-51.51,-51.66,-49.99,-45.29,-45.30,-56.58,-50.50,-44.52,-57.44,-55.62,-54.56,2026-06-29 18:06:04+00:00
2026-06-29T18:07:03+00:00,-47.37,-53.95,-58.56,-59.57,-64.74,-56.35,-51.33,-51.80,-50.14,-45.53,-45.38,-55.09,-51.25,-44.70,-57.05,-54.78,-53.03,2026-06-29 18:07:03+00:00
2026-06-29T18:08:03+00:00,-47.22,-54.61,-59.48,-59.85,-64.57,-56.74,-51.10,-51.91,-50.17,-45.34,-45.44,-55.35,-51.28,-44.57,-57.58,-54.87,-54.27,2026-06-29 18:08:03+00:00
2026-06-29T18:09:04+00:00,-47.75,-53.82,-59.22,-59.71,-65.54,-56.21,-51.02,-51.80,-50.06,-45.50,-45.29,-56.01,-51.27,-44.52,-57.53,-54.90,-53.33,2026-06-29 18:09:04+00:00
2026-06-29T18:10:04+00:00,-47.90,-54.41,-58.94,-60.16,-64.94,-56.53,-50.78,-51.74,-50.31,-45.54,-45.42,-57.10,-51.24,-44.41,-57.60,-54.90,-51.91,2026-06-29 18:10:04+00:00
2026-06-29T18:11:03+00:00,-47.18,-54.94,-60.12,-59.69,-65.42,-57.04,-51.44,-51.92,-50.07,-45.42,-45.79,-57.04,-51.03,-44.51,-57.62,-55.24,-55.50,2026-06-29 18:11:03+00:00
2026-06-29T18:12:03+00:00,-46.31,-54.34,-59.51,-59.62,-66.24,-56.51,-51.43,-51.74,-50.11,-45.56,-45.44,-56.58,-50.86,-44.38,-57.80,-54.37,-51.92,2026-06-29 18:12:03+00:00
2026-06-29T18:13:03+00:00,-47.47,-54.40,-58.28,-58.19,-64.52,-56.17,-51.63,-51.59,-49.82,-45.66,-45.61,-56.18,-50.69,-44.38,-57.03,-53.61,-52.49,2026-06-29 18:13:03+00:00
2026-06-29T18:14:03+00:00,-47.42,-53.81,-59.45,-59.86,-65.50,-56.50,-51.34,-51.93,-49.96,-45.76,-45.80,-57.96,-50.80,-44.53,-57.19,-54.17,-50.79,2026-06-29 18:14:03+00:00
2026-06-29T18:15:04+00:00,-48.04,-54.57,-59.97,-60.22,-65.17,-56.70,-51.55,-51.93,-50.27,-45.77,-45.97,-57.03,-51.28,-44.72,-57.71,-53.54,-51.53,2026-06-29 18:15:04+00:00
2026-06-29T18:16:04+00:00,-46.93,-54.98,-58.62,-58.45,-64.55,-52.13,-51.17,-51.79,-50.16,-45.66,-46.11,-56.60,-50.89,-44.64,-57.26,-52.60,-53.65,2026-06-29 18:16:04+00:00
2026-06-29T18:17:03+00:00,-47.24,-54.97,-60.68,-60.19,-65.00,-52.16,-51.76,-52.18,-50.09,-45.59,-45.94,-57.77,-50.94,-44.51,-57.74,-53.14,-53.53,2026-06-29 18:17:03+00:00
2026-06-29T18:18:03+00:00,-47.13,-54.80,-60.02,-60.02,-65.90,-52.09,-51.71,-52.38,-50.11,-45.59,-46.18,-57.19,-50.80,-44.72,-58.15,-52.40,-54.76,2026-06-29 18:18:03+00:00
2026-06-29T18:19:04+00:00,-47.31,-54.90,-60.49,-60.60,-65.25,-45.56,-51.64,-53.07,-50.32,-45.79,-46.30,-56.86,-50.86,-44.52,-58.33,-52.71,-55.38,2026-06-29 18:19:04+00:00
2026-06-29T18:20:04+00:00,-47.14,-54.77,-58.95,-59.95,-65.03,-45.43,-52.11,-53.39,-49.99,-45.78,-46.60,-57.55,-50.57,-44.66,-58.24,-53.07,-53.34,2026-06-29 18:20:04+00:00
2026-06-29T18:21:04+00:00,-47.61,-54.68,-58.56,-60.40,-64.80,-45.34,-51.46,-53.62,-50.08,-45.73,-46.62,-59.54,-50.40,-44.59,-58.15,-53.06,-55.17,2026-06-29 18:21:04+00:00
2026-06-29T18:22:03+00:00,-47.68,-54.94,-59.74,-60.42,-65.33,-45.39,-51.48,-53.83,-50.03,-45.81,-46.86,-60.10,-50.38,-44.63,-58.40,-52.27,-55.49,2026-06-29 18:22:03+00:00
2026-06-29T18:23:03+00:00,-47.71,-55.12,-61.17,-60.31,-65.63,-45.28,-51.54,-54.18,-50.24,-45.97,-47.06,-61.22,-50.05,-44.67,-58.53,-52.06,-55.95,2026-06-29 18:23:03+00:00
2026-06-29T18:24:04+00:00,-47.59,-54.79,-60.05,-60.63,-65.61,-45.25,-51.62,-53.46,-50.09,-45.97,-47.03,-60.38,-49.96,-44.93,-58.28,-52.11,-55.95,2026-06-29 18:24:04+00:00
2026-06-29T18:25:04+00:00,-47.06,-54.56,-59.48,-59.01,-64.75,-45.32,-51.17,-53.36,-50.25,-49.90,-51.41,-58.00,-49.67,-44.88,-57.37,-51.31,-50.48,2026-06-29 18:25:04+00:00
2026-06-29T18:26:03+00:00,-47.23,-52.80,-60.07,-59.47,-64.62,-45.60,-50.94,-53.21,-50.28,-49.94,-51.30,-59.07,-49.90,-44.79,-58.24,-51.58,-52.04,2026-06-29 18:26:03+00:00
2026-06-29T18:27:03+00:00,-47.46,-52.38,-60.95,-60.10,-65.36,-45.64,-51.38,-54.00,-50.52,-50.05,-51.30,-60.83,-49.62,-45.05,-58.30,-51.34,-53.34,2026-06-29 18:27:03+00:00
2026-06-29T18:28:04+00:00,-47.37,-51.58,-61.19,-60.27,-65.14,-45.60,-51.24,-54.06,-50.40,-50.02,-51.33,-60.88,-49.86,-44.99,-57.83,-51.13,-53.01,2026-06-29 18:28:04+00:00
2026-06-29T18:29:04+00:00,-46.98,-51.60,-59.70,-60.05,-64.78,-45.64,-50.80,-53.93,-50.66,-50.21,-51.35,-60.64,-49.59,-45.01,-57.91,-50.74,-53.26,2026-06-29 18:29:04+00:00
2026-06-29T18:30:03+00:00,-47.34,-54.45,-60.96,-59.66,-65.03,-45.71,-51.30,-54.02,-50.83,-50.31,-51.46,-60.77,-49.65,-45.25,-58.08,-49.72,-51.91,2026-06-29 18:30:03+00:00
2026-06-29T18:31:03+00:00,-47.92,-53.45,-61.07,-60.39,-66.14,-45.65,-51.38,-54.11,-50.89,-50.65,-51.64,-61.00,-49.33,-45.74,-58.44,-49.37,-51.99,2026-06-29 18:31:03+00:00
2026-06-29T18:32:04+00:00,-47.79,-53.88,-60.20,-59.65,-64.56,-45.62,-50.89,-53.74,-51.01,-50.52,-51.83,-59.59,-49.09,-44.72,-57.86,-50.16,-52.02,2026-06-29 18:32:04+00:00
2026-06-29T18:33:04+00:00,-47.50,-53.66,-60.31,-60.12,-65.32,-45.53,-51.30,-54.02,-50.64,-50.82,-51.59,-59.93,-48.90,-44.88,-58.52,-51.26,-51.23,2026-06-29 18:33:04+00:00
2026-06-29T18:34:03+00:00,-47.08,-53.81,-60.12,-60.03,-65.01,-45.69,-51.14,-53.22,-50.71,-50.70,-51.76,-59.83,-48.71,-44.38,-58.26,-51.98,-51.87,2026-06-29 18:34:03+00:00
2026-06-29T18:35:03+00:00,-46.74,-53.89,-60.72,-59.31,-64.98,-45.64,-50.95,-54.27,-50.66,-50.99,-51.91,-60.10,-48.52,-44.91,-58.24,-52.88,-51.68,2026-06-29 18:35:03+00:00
2026-06-29T18:36:04+00:00,-46.81,-53.79,-60.77,-59.90,-64.53,-45.73,-50.70,-54.80,-50.68,-51.04,-52.10,-60.25,-48.35,-44.64,-58.30,-53.84,-54.15,2026-06-29 18:36:04+00:00
2026-06-29T18:37:03+00:00,-47.22,-53.12,-60.81,-59.36,-65.24,-45.69,-51.58,-54.87,-51.06,-50.81,-52.05,-60.28,-48.19,-45.30,-58.16,-54.49,-52.03,2026-06-29 18:37:03+00:00
2026-06-29T18:38:04+00:00,-47.07,-53.28,-60.40,-60.06,-65.01,-45.69,-51.62,-54.99,-51.05,-50.81,-52.13,-59.84,-49.05,-45.09,-58.12,-55.36,-51.97,2026-06-29 18:38:04+00:00
2026-06-29T18:39:04+00:00,-47.55,-53.56,-60.46,-59.70,-65.16,-45.70,-51.00,-55.31,-50.79,-50.78,-52.30,-60.27,-48.84,-45.73,-58.32,-54.48,-52.05,2026-06-29 18:39:04+00:00
2026-06-29T18:40:03+00:00,-47.20,-54.15,-61.06,-60.19,-64.62,-45.67,-51.57,-55.71,-51.04,-51.03,-52.08,-60.37,-50.02,-45.56,-58.63,-55.71,-51.88,2026-06-29 18:40:03+00:00
2026-06-29T18:41:03+00:00,-47.49,-53.85,-60.34,-60.01,-65.19,-45.62,-51.82,-55.41,-50.84,-50.85,-52.20,-59.75,-49.94,-44.75,-57.98,-55.50,-53.55,2026-06-29 18:41:03+00:00
2026-06-29T18:42:04+00:00,-47.24,-53.92,-60.77,-60.10,-64.76,-45.80,-51.60,-56.21,-50.85,-51.12,-51.99,-60.22,-51.19,-45.24,-58.16,-55.73,-52.09,2026-06-29 18:42:04+00:00
2026-06-29T18:43:04+00:00,-47.61,-53.73,-60.60,-59.81,-65.03,-45.82,-50.86,-56.52,-50.93,-51.40,-52.06,-60.16,-51.19,-45.20,-58.18,-55.67,-52.11,2026-06-29 18:43:04+00:00
2026-06-29T18:44:03+00:00,-47.80,-53.15,-60.42,-59.40,-64.86,-45.59,-51.20,-56.94,-50.89,-51.44,-52.13,-59.87,-53.58,-45.18,-58.12,-55.36,-56.41,2026-06-29 18:44:03+00:00
2026-06-29T18:45:03+00:00,-47.76,-53.55,-61.00,-59.82,-65.82,-45.98,-51.64,-57.20,-51.04,-51.86,-52.16,-60.75,-53.43,-45.14,-58.23,-54.53,-56.20,2026-06-29 18:45:03+00:00
2026-06-29T18:46:04+00:00,-47.86,-53.24,-60.40,-59.48,-64.33,-46.04,-51.37,-57.76,-50.82,-51.72,-52.30,-59.77,-55.75,-44.96,-58.15,-52.86,-55.78,2026-06-29 18:46:04+00:00
2026-06-29T18:47:03+00:00,-47.18,-53.46,-60.80,-60.05,-64.64,-45.98,-50.96,-58.34,-50.80,-52.17,-52.27,-60.09,-55.71,-45.25,-58.26,-53.21,-55.51,2026-06-29 18:47:03+00:00
2026-06-29T18:48:03+00:00,-47.39,-53.47,-60.88,-59.59,-66.35,-46.10,-52.03,-58.56,-50.90,-52.14,-52.51,-60.21,-57.35,-45.18,-58.02,-52.17,-55.84,2026-06-29 18:48:03+00:00
2026-06-29T18:49:04+00:00,-47.31,-53.24,-60.38,-60.00,-64.66,-45.67,-47.84,-58.76,-50.69,-51.87,-52.38,-60.64,-56.55,-45.50,-58.39,-50.75,-51.71,2026-06-29 18:49:04+00:00
2026-06-29T18:50:04+00:00,-47.01,-56.32,-60.61,-59.56,-65.09,-45.61,-51.57,-57.70,-50.25,-52.26,-51.51,-60.35,-57.51,-45.38,-58.01,-50.09,-53.44,2026-06-29 18:50:04+00:00
2026-06-29T18:51:03+00:00,-47.07,-55.91,-60.36,-60.09,-64.75,-46.13,-51.05,-59.30,-50.54,-52.40,-52.35,-59.74,-57.56,-45.30,-57.69,-49.79,-56.14,2026-06-29 18:51:03+00:00
2026-06-29T18:52:03+00:00,-47.21,-55.16,-60.30,-59.10,-64.64,-46.19,-51.07,-60.29,-50.38,-52.90,-52.38,-59.50,-54.48,-45.05,-58.02,-49.21,-55.25,2026-06-29 18:52:03+00:00
2026-06-29T18:53:03+00:00,-47.23,-54.33,-60.33,-59.39,-64.98,-46.17,-50.68,-59.83,-50.52,-53.46,-52.21,-59.13,-53.86,-44.99,-57.90,-48.90,-56.16,2026-06-29 18:53:03+00:00
2026-06-29T18:54:04+00:00,-48.11,-54.09,-60.90,-59.84,-65.01,-46.27,-50.59,-60.54,-50.90,-53.80,-52.29,-59.67,-52.35,-44.31,-58.30,-49.69,-56.46,2026-06-29 18:54:04+00:00
2026-06-29T18:55:03+00:00,-47.71,-53.66,-59.23,-59.04,-61.83,-46.18,-51.32,-59.32,-50.56,-53.19,-52.18,-58.99,-55.43,-44.30,-57.66,-49.40,-55.27,2026-06-29 18:55:03+00:00
2026-06-29T18:56:03+00:00,-47.98,-54.01,-59.77,-59.19,-61.51,-46.27,-50.72,-59.62,-50.22,-53.84,-52.32,-59.79,-56.77,-44.25,-58.05,-48.85,-55.91,2026-06-29 18:56:03+00:00
2026-06-29T18:57:04+00:00,-47.65,-53.63,-58.70,-58.61,-61.10,-46.14,-50.70,-58.25,-50.10,-52.53,-52.14,-58.63,-56.33,-44.27,-57.61,-47.23,-54.32,2026-06-29 18:57:04+00:00
2026-06-29T18:58:04+00:00,-48.23,-53.79,-59.67,-58.82,-62.05,-46.17,-51.29,-59.14,-50.26,-52.50,-52.19,-58.99,-56.41,-44.01,-57.64,-49.44,-55.44,2026-06-29 18:58:04+00:00
2026-06-29T18:59:03+00:00,-48.44,-53.64,-59.24,-59.18,-61.63,-46.11,-50.57,-58.52,-50.75,-52.64,-52.10,-59.38,-56.02,-43.45,-57.32,-48.78,-56.24,2026-06-29 18:59:03+00:00
2026-06-29T19:00:03+00:00,-48.06,-53.65,-59.29,-58.40,-60.70,-46.06,-48.54,-59.29,-50.48,-52.61,-51.80,-59.22,-56.14,-43.19,-57.10,-47.99,-54.75,2026-06-29 19:00:03+00:00
2026-06-29T19:01:03+00:00,-48.38,-53.74,-59.77,-58.99,-61.69,-45.82,-51.12,-58.87,-50.37,-52.42,-52.30,-58.99,-55.94,-42.92,-57.86,-48.59,-56.07,2026-06-29 19:01:03+00:00
2026-06-29T19:02:03+00:00,-48.46,-54.12,-59.11,-58.43,-62.14,-45.76,-50.76,-58.86,-50.30,-52.35,-52.43,-58.82,-56.09,-42.77,-57.40,-48.85,-54.96,2026-06-29 19:02:03+00:00
2026-06-29T19:03:03+00:00,-48.50,-53.91,-59.66,-58.65,-61.65,-45.68,-51.08,-58.71,-50.69,-52.10,-52.15,-58.98,-55.83,-42.53,-56.77,-48.32,-56.05,2026-06-29 19:03:03+00:00
2026-06-29T19:04:04+00:00,-48.37,-54.54,-60.05,-58.80,-61.71,-46.10,-51.53,-59.44,-50.46,-52.09,-52.09,-59.47,-55.99,-42.44,-57.32,-48.68,-56.75,2026-06-29 19:04:04+00:00
2026-06-29T19:05:03+00:00,-49.01,-55.92,-58.82,-58.01,-61.76,-56.19,-51.59,-58.50,-50.01,-51.90,-51.97,-58.86,-55.45,-42.12,-56.76,-48.40,-54.82,2026-06-29 19:05:03+00:00
2026-06-29T19:06:03+00:00,-49.12,-56.15,-59.22,-58.26,-61.76,-56.53,-51.93,-58.79,-50.13,-51.86,-51.81,-58.35,-55.68,-42.34,-56.92,-48.54,-55.21,2026-06-29 19:06:03+00:00
2026-06-29T19:07:04+00:00,-49.18,-56.06,-59.47,-58.49,-61.52,-56.65,-51.65,-59.05,-50.60,-51.83,-52.12,-58.35,-55.53,-42.29,-57.49,-48.70,-55.84,2026-06-29 19:07:04+00:00
2026-06-29T19:08:04+00:00,-49.05,-55.88,-58.93,-58.59,-61.39,-56.78,-51.59,-58.48,-50.60,-51.71,-52.18,-58.65,-55.55,-41.77,-57.12,-48.17,-55.50,2026-06-29 19:08:04+00:00
2026-06-29T19:09:03+00:00,-48.64,-55.90,-59.42,-58.24,-61.19,-56.98,-50.70,-59.28,-50.60,-51.85,-52.22,-58.92,-55.58,-42.09,-57.21,-48.10,-55.87,2026-06-29 19:09:03+00:00
2026-06-29T19:10:03+00:00,-48.61,-56.20,-59.20,-58.40,-61.95,-56.78,-51.27,-58.88,-50.68,-51.94,-52.14,-59.07,-55.24,-41.69,-57.11,-48.23,-55.34,2026-06-29 19:10:03+00:00
2026-06-29T19:11:04+00:00,-48.46,-56.00,-59.51,-58.57,-61.21,-56.39,-52.21,-58.74,-50.71,-51.72,-51.94,-59.13,-54.68,-41.78,-57.33,-47.69,-55.72,2026-06-29 19:11:04+00:00
2026-06-29T19:12:04+00:00,-48.43,-55.86,-58.69,-57.98,-61.82,-56.19,-51.24,-58.42,-50.37,-51.78,-51.87,-58.60,-54.52,-41.86,-56.90,-47.56,-54.86,2026-06-29 19:12:04+00:00
2026-06-29T19:13:03+00:00,-48.10,-55.71,-58.99,-58.46,-61.32,-56.74,-51.19,-58.52,-50.39,-52.05,-51.67,-57.73,-51.30,-41.61,-56.94,-48.34,-55.33,2026-06-29 19:13:03+00:00
2026-06-29T19:14:03+00:00,-48.40,-55.51,-58.35,-57.68,-61.37,-56.21,-50.73,-58.23,-50.28,-51.67,-51.32,-58.17,-51.20,-41.27,-56.90,-48.54,-55.06,2026-06-29 19:14:03+00:00
2026-06-29T19:15:04+00:00,-48.11,-56.28,-59.44,-58.01,-62.06,-56.88,-52.64,-58.67,-50.55,-51.64,-51.46,-58.37,-48.52,-41.37,-56.62,-48.19,-54.45,2026-06-29 19:15:04+00:00
2026-06-29T19:16:04+00:00,-48.12,-56.13,-59.16,-58.28,-61.62,-56.82,-50.80,-59.06,-50.32,-51.84,-50.85,-58.56,-48.30,-41.23,-56.69,-48.11,-55.61,2026-06-29 19:16:04+00:00
2026-06-29T19:17:03+00:00,-48.35,-56.27,-58.83,-58.09,-61.28,-56.71,-51.46,-58.53,-50.41,-51.41,-51.59,-57.99,-48.55,-41.10,-57.09,-48.00,-54.38,2026-06-29 19:17:03+00:00
2026-06-29T19:18:03+00:00,-48.52,-55.73,-58.30,-58.39,-60.67,-56.43,-51.35,-58.24,-50.11,-51.99,-51.62,-57.45,-47.83,-41.53,-56.75,-48.13,-55.97,2026-06-29 19:18:03+00:00
2026-06-29T19:19:04+00:00,-48.84,-56.50,-59.17,-58.05,-61.11,-56.73,-50.68,-58.57,-49.87,-52.01,-51.32,-57.77,-48.06,-41.68,-56.84,-48.23,-54.61,2026-06-29 19:19:04+00:00
2026-06-29T19:20:04+00:00,-49.05,-56.36,-59.20,-59.04,-61.86,-56.83,-51.24,-58.83,-49.84,-52.41,-51.35,-58.23,-47.95,-41.70,-56.93,-47.60,-55.46,2026-06-29 19:20:04+00:00
2026-06-29T19:21:03+00:00,-49.00,-56.16,-59.44,-58.41,-61.44,-56.71,-51.21,-58.35,-50.14,-52.31,-51.35,-57.77,-48.09,-41.65,-57.13,-46.76,-55.94,2026-06-29 19:21:03+00:00
2026-06-29T19:22:03+00:00,-49.06,-55.35,-58.38,-57.57,-60.61,-56.00,-50.57,-57.64,-50.14,-52.17,-51.27,-57.04,-48.91,-41.89,-56.89,-46.61,-55.59,2026-06-29 19:22:03+00:00
2026-06-29T19:23:04+00:00,-49.03,-56.29,-58.85,-58.29,-61.68,-56.48,-51.09,-58.17,-50.08,-52.37,-51.30,-58.24,-49.04,-42.19,-56.79,-46.86,-55.23,2026-06-29 19:23:04+00:00
2026-06-29T19:24:04+00:00,-49.12,-56.19,-58.99,-58.11,-60.57,-56.29,-50.91,-57.94,-49.88,-52.55,-51.40,-58.63,-49.25,-42.38,-57.10,-46.30,-55.85,2026-06-29 19:24:04+00:00
2026-06-29T19:25:03+00:00,-48.09,-55.38,-58.62,-57.49,-61.74,-56.15,-50.72,-57.97,-50.06,-52.67,-51.43,-57.77,-49.28,-42.18,-56.28,-45.88,-54.83,2026-06-29 19:25:03+00:00
2026-06-29T19:26:03+00:00,-48.11,-55.86,-59.01,-58.21,-61.67,-56.50,-50.57,-58.03,-50.12,-52.80,-51.63,-58.91,-49.43,-42.52,-56.65,-46.10,-54.63,2026-06-29 19:26:03+00:00
2026-06-29T19:27:04+00:00,-48.61,-55.77,-59.16,-58.95,-61.35,-52.70,-51.42,-58.93,-50.23,-53.11,-51.82,-58.85,-49.61,-42.37,-57.03,-45.37,-55.21,2026-06-29 19:27:04+00:00
2026-06-29T19:28:04+00:00,-48.62,-55.69,-58.79,-58.87,-61.13,-52.61,-50.89,-59.14,-50.68,-53.02,-51.69,-58.86,-49.78,-42.73,-57.08,-45.40,-55.83,2026-06-29 19:28:04+00:00
2026-06-29T19:29:03+00:00,-48.34,-55.56,-58.97,-58.49,-62.41,-45.91,-50.67,-58.72,-50.40,-53.38,-51.67,-58.47,-49.12,-42.59,-56.74,-45.03,-54.71,2026-06-29 19:29:03+00:00
2026-06-29T19:30:04+00:00,-48.89,-55.82,-59.96,-58.67,-61.28,-45.96,-50.49,-59.09,-50.61,-53.61,-51.50,-59.47,-49.34,-43.06,-57.37,-44.75,-55.40,2026-06-29 19:30:04+00:00
2026-06-29T19:31:04+00:00,-48.16,-54.70,-59.22,-59.29,-61.86,-46.11,-51.13,-58.94,-50.38,-53.48,-51.22,-59.27,-49.19,-43.49,-56.98,-44.43,-55.09,2026-06-29 19:31:04+00:00
2026-06-29T19:32:03+00:00,-47.87,-54.40,-59.03,-57.76,-61.88,-46.03,-50.66,-58.07,-50.09,-53.31,-50.57,-58.56,-49.01,-43.26,-56.63,-43.87,-54.98,2026-06-29 19:32:03+00:00
2026-06-29T19:33:04+00:00,-48.22,-54.36,-59.24,-58.14,-60.61,-46.08,-50.70,-58.12,-50.32,-53.25,-50.02,-59.00,-49.35,-43.26,-57.21,-44.30,-53.80,2026-06-29 19:33:04+00:00
2026-06-29T19:34:04+00:00,-49.39,-54.62,-60.78,-59.16,-60.89,-46.05,-50.36,-59.32,-50.42,-53.37,-49.87,-59.93,-49.53,-43.38,-56.95,-44.36,-55.88,2026-06-29 19:34:04+00:00
2026-06-29T19:35:03+00:00,-48.97,-54.65,-59.80,-59.01,-61.01,-45.93,-51.29,-59.39,-50.97,-53.55,-49.55,-58.86,-49.32,-43.29,-56.71,-44.81,-55.39,2026-06-29 19:35:03+00:00
2026-06-29T19:36:04+00:00,-48.95,-54.05,-58.99,-58.07,-59.95,-46.04,-50.63,-58.16,-50.27,-53.27,-49.42,-58.09,-49.31,-43.14,-57.06,-44.49,-55.16,2026-06-29 19:36:04+00:00
2026-06-29T19:37:03+00:00,-47.64,-54.59,-59.98,-58.85,-61.40,-46.24,-51.34,-59.32,-50.39,-53.93,-49.92,-59.09,-49.30,-43.30,-57.10,-44.79,-54.74,2026-06-29 19:37:03+00:00
2026-06-29T19:38:03+00:00,-47.59,-54.67,-59.50,-58.80,-61.52,-46.22,-50.59,-58.46,-50.32,-53.90,-50.68,-58.82,-49.30,-43.45,-57.10,-44.59,-55.52,2026-06-29 19:38:03+00:00
2026-06-29T19:39:04+00:00,-47.49,-54.62,-59.19,-57.93,-61.01,-46.13,-50.87,-57.90,-50.53,-53.60,-50.36,-58.28,-49.31,-43.59,-56.28,-44.63,-55.29,2026-06-29 19:39:04+00:00
2026-06-29T19:40:03+00:00,-46.98,-54.27,-59.87,-58.83,-59.96,-46.34,-50.84,-58.87,-50.30,-53.91,-50.43,-58.97,-49.36,-44.28,-56.90,-44.65,-54.53,2026-06-29 19:40:03+00:00
2026-06-29T19:41:03+00:00,-47.37,-57.07,-60.32,-59.51,-61.81,-46.27,-50.86,-58.83,-50.24,-54.16,-47.94,-59.67,-49.43,-44.53,-57.15,-44.80,-55.39,2026-06-29 19:41:03+00:00
2026-06-29T19:42:04+00:00,-46.98,-56.54,-58.76,-58.51,-60.19,-46.08,-50.51,-58.84,-49.97,-53.37,-48.17,-58.65,-49.35,-44.62,-55.96,-45.11,-52.51,2026-06-29 19:42:04+00:00
2026-06-29T19:43:04+00:00,-47.35,-56.92,-59.38,-58.89,-61.01,-46.33,-50.89,-58.94,-50.12,-53.44,-47.73,-58.94,-49.32,-44.90,-56.64,-45.81,-55.13,2026-06-29 19:43:04+00:00
2026-06-29T19:44:03+00:00,-47.50,-56.31,-58.78,-58.42,-61.95,-46.24,-50.67,-58.13,-50.22,-53.33,-47.76,-58.09,-49.24,-44.53,-56.49,-46.09,-53.01,2026-06-29 19:44:03+00:00
2026-06-29T19:45:03+00:00,-48.73,-56.57,-58.04,-57.87,-59.91,-46.18,-50.70,-56.67,-49.94,-52.96,-47.86,-57.79,-49.10,-44.61,-55.78,-46.97,-50.53,2026-06-29 19:45:03+00:00
2026-06-29T19:46:04+00:00,-48.56,-56.16,-57.75,-56.81,-61.67,-46.21,-50.62,-57.19,-50.28,-52.47,-47.78,-57.85,-49.13,-44.48,-55.81,-47.26,-52.58,2026-06-29 19:46:04+00:00
2026-06-29T19:47:04+00:00,-48.82,-56.51,-57.91,-56.89,-61.29,-46.13,-50.56,-56.96,-50.31,-52.31,-48.05,-57.90,-49.21,-44.92,-55.83,-48.45,-54.01,2026-06-29 19:47:04+00:00
2026-06-29T19:48:03+00:00,-47.49,-55.87,-57.59,-56.55,-60.95,-46.12,-50.50,-57.15,-49.66,-52.39,-47.62,-56.84,-49.09,-45.59,-55.14,-49.07,-53.91,2026-06-29 19:48:03+00:00
2026-06-29T19:49:04+00:00,-47.87,-56.27,-57.71,-56.89,-60.24,-46.19,-50.72,-56.92,-50.02,-52.09,-47.88,-57.66,-49.13,-45.48,-55.02,-49.55,-54.19,2026-06-29 19:49:04+00:00
2026-06-29T19:50:04+00:00,-46.70,-55.42,-56.83,-55.68,-60.69,-46.14,-50.40,-56.05,-49.74,-51.93,-47.67,-56.71,-48.78,-46.75,-54.97,-50.25,-52.60,2026-06-29 19:50:04+00:00
2026-06-29T19:51:04+00:00,-46.92,-56.06,-57.60,-56.88,-60.56,-46.24,-50.69,-56.45,-49.83,-52.64,-48.23,-57.39,-49.02,-47.00,-54.78,-50.92,-53.63,2026-06-29 19:51:04+00:00
2026-06-29T19:52:03+00:00,-46.65,-54.43,-55.84,-55.88,-58.72,-45.97,-50.13,-54.86,-49.31,-51.56,-47.04,-55.59,-48.87,-47.17,-54.24,-50.83,-50.58,2026-06-29 19:52:03+00:00
2026-06-29T19:53:03+00:00,-46.90,-55.70,-56.95,-56.22,-59.86,-46.27,-50.39,-56.56,-50.05,-52.26,-47.86,-56.32,-49.20,-47.17,-54.54,-50.67,-52.57,2026-06-29 19:53:03+00:00
2026-06-29T19:54:04+00:00,-47.42,-55.08,-56.45,-55.81,-60.23,-46.32,-50.39,-56.00,-50.14,-52.24,-47.33,-56.54,-48.99,-46.07,-54.06,-51.08,-52.33,2026-06-29 19:54:04+00:00
2026-06-29T19:55:04+00:00,-48.64,-55.54,-56.40,-56.02,-59.95,-46.37,-50.39,-55.95,-51.55,-52.25,-47.62,-56.51,-48.78,-45.72,-53.80,-51.52,-53.73,2026-06-29 19:55:04+00:00
2026-06-29T19:56:03+00:00,-48.58,-55.29,-56.90,-55.93,-59.88,-46.42,-50.11,-55.59,-51.50,-52.43,-47.26,-56.77,-48.85,-46.06,-54.03,-51.27,-52.07,2026-06-29 19:56:03+00:00
2026-06-29T19:57:04+00:00,-49.13,-54.99,-56.89,-56.19,-61.06,-46.19,-50.31,-56.19,-51.61,-52.44,-47.57,-56.79,-48.67,-46.91,-54.46,-51.93,-52.60,2026-06-29 19:57:04+00:00
2026-06-29T19:58:04+00:00,-49.50,-55.48,-56.14,-56.87,-59.64,-46.40,-50.27,-56.21,-51.43,-53.06,-47.53,-57.22,-48.79,-47.95,-54.14,-51.61,-51.38,2026-06-29 19:58:04+00:00
2026-06-29T19:59:03+00:00,-49.17,-55.19,-56.76,-56.05,-58.84,-46.39,-50.29,-55.92,-51.46,-51.99,-47.36,-56.37,-48.42,-48.31,-54.25,-51.66,-50.47,2026-06-29 19:59:03+00:00
2026-06-29T20:00:03+00:00,-49.13,-54.94,-56.34,-55.94,-60.19,-46.47,-50.30,-55.28,-51.26,-53.07,-47.37,-56.44,-48.45,-47.54,-54.21,-52.16,-52.84,2026-06-29 20:00:03+00:00
2026-06-29T20:01:03+00:00,-49.53,-55.97,-57.92,-57.39,-61.08,-46.48,-50.60,-57.78,-52.18,-53.77,-47.70,-58.32,-50.22,-46.67,-55.14,-51.80,-52.92,2026-06-29 20:01:03+00:00
2026-06-29T20:02:03+00:00,-49.64,-55.59,-56.84,-56.13,-60.01,-46.56,-50.25,-56.05,-51.58,-53.79,-47.67,-57.05,-48.56,-46.51,-54.04,-50.82,-53.25,2026-06-29 20:02:03+00:00
2026-06-29T20:03:04+00:00,-48.96,-55.11,-56.58,-55.81,-60.50,-46.56,-50.78,-55.90,-51.68,-53.54,-47.42,-56.12,-48.35,-46.33,-54.05,-52.72,-52.90,2026-06-29 20:03:04+00:00
2026-06-29T20:04:04+00:00,-48.55,-55.77,-56.34,-56.24,-60.60,-46.56,-46.51,-56.29,-51.98,-54.14,-47.78,-56.64,-48.70,-47.00,-53.98,-51.59,-53.02,2026-06-29 20:04:04+00:00
2026-06-29T20:05:03+00:00,-49.34,-55.08,-57.05,-56.48,-60.46,-46.61,-50.45,-56.25,-51.62,-54.23,-47.51,-56.63,-48.61,-47.30,-53.51,-50.61,-52.75,2026-06-29 20:05:03+00:00
2026-06-29T20:06:03+00:00,-48.38,-55.01,-56.78,-56.51,-60.44,-46.62,-50.31,-56.36,-51.80,-54.37,-47.43,-56.56,-48.54,-47.30,-53.67,-52.23,-52.56,2026-06-29 20:06:03+00:00
2026-06-29T20:07:04+00:00,-48.73,-54.99,-55.71,-55.65,-60.52,-46.55,-50.37,-56.02,-51.90,-54.00,-47.17,-56.42,-48.20,-47.36,-53.03,-50.81,-51.19,2026-06-29 20:07:04+00:00
2026-06-29T20:08:04+00:00,-48.35,-53.90,-56.39,-55.99,-60.57,-46.71,-50.45,-55.69,-52.08,-54.10,-47.30,-56.04,-48.26,-48.19,-53.17,-49.91,-53.79,2026-06-29 20:08:04+00:00
2026-06-29T20:09:03+00:00,-48.92,-54.48,-56.52,-55.41,-59.94,-46.56,-50.31,-55.71,-51.75,-54.12,-47.44,-56.42,-48.47,-47.35,-53.09,-50.01,-52.58,2026-06-29 20:09:03+00:00
2026-06-29T20:10:03+00:00,-49.35,-54.53,-56.88,-55.95,-60.09,-46.88,-50.43,-55.80,-51.55,-53.85,-47.75,-56.67,-48.25,-46.90,-53.29,-50.07,-52.73,2026-06-29 20:10:03+00:00
2026-06-29T20:11:04+00:00,-49.44,-54.23,-56.97,-56.95,-61.17,-46.82,-50.56,-56.22,-51.56,-53.26,-47.47,-57.10,-48.16,-48.91,-52.58,-49.99,-51.91,2026-06-29 20:11:04+00:00
2026-06-29T20:12:04+00:00,-49.53,-54.40,-57.30,-56.94,-60.45,-46.87,-50.80,-57.07,-52.18,-53.11,-47.69,-56.96,-48.13,-51.25,-52.73,-50.49,-52.78,2026-06-29 20:12:04+00:00
2026-06-29T20:13:03+00:00,-49.51,-54.29,-57.38,-57.43,-60.48,-47.09,-50.57,-57.10,-51.88,-52.94,-47.84,-58.02,-48.29,-53.42,-52.74,-50.99,-52.75,2026-06-29 20:13:03+00:00
2026-06-29T20:14:04+00:00,-49.28,-53.92,-55.84,-55.23,-59.64,-47.01,-50.49,-55.45,-51.38,-52.77,-47.67,-56.53,-47.97,-53.75,-52.28,-51.54,-49.92,2026-06-29 20:14:04+00:00
2026-06-29T20:15:04+00:00,-47.96,-53.75,-57.21,-56.37,-61.30,-46.95,-50.48,-55.80,-51.65,-52.48,-47.67,-56.10,-48.10,-53.43,-52.98,-52.25,-51.96,2026-06-29 20:15:04+00:00
2026-06-29T20:16:03+00:00,-49.23,-54.18,-57.74,-57.06,-61.13,-47.14,-50.55,-56.86,-52.07,-52.15,-48.02,-57.27,-48.27,-51.90,-52.57,-53.45,-51.67,2026-06-29 20:16:03+00:00
2026-06-29T20:17:03+00:00,-50.38,-56.52,-57.24,-56.02,-58.68,-47.06,-50.81,-57.05,-51.95,-51.53,-47.88,-56.59,-48.08,-52.07,-52.07,-54.07,-52.62,2026-06-29 20:17:03+00:00
2026-06-29T20:18:04+00:00,-50.15,-55.41,-57.06,-56.70,-61.41,-47.22,-50.63,-56.17,-51.83,-51.39,-47.34,-56.73,-48.01,-51.56,-52.09,-55.05,-52.02,2026-06-29 20:18:04+00:00
2026-06-29T20:19:04+00:00,-50.41,-55.98,-56.20,-54.73,-60.21,-47.06,-50.37,-56.59,-51.68,-50.84,-47.78,-56.64,-48.78,-51.18,-52.28,-54.90,-49.57,2026-06-29 20:19:04+00:00
2026-06-29T20:20:04+00:00,-50.19,-55.82,-57.00,-55.70,-60.39,-47.10,-50.70,-56.23,-51.83,-50.46,-47.68,-56.98,-48.75,-50.46,-52.20,-53.77,-52.39,2026-06-29 20:20:04+00:00
2026-06-29T20:21:03+00:00,-49.68,-55.55,-55.73,-55.67,-59.38,-47.09,-50.44,-55.62,-51.75,-49.71,-47.59,-55.77,-48.57,-49.90,-52.01,-54.06,-51.37,2026-06-29 20:21:03+00:00
2026-06-29T20:22:04+00:00,-49.55,-56.68,-58.23,-57.48,-60.26,-47.22,-51.00,-57.92,-52.21,-50.62,-47.85,-56.85,-48.69,-50.76,-51.94,-54.89,-52.50,2026-06-29 20:22:04+00:00
2026-06-29T20:23:04+00:00,-49.61,-55.68,-56.71,-56.21,-60.21,-47.09,-50.61,-56.59,-51.91,-49.80,-47.71,-56.09,-48.70,-50.97,-52.35,-52.86,-51.12,2026-06-29 20:23:04+00:00
2026-06-29T20:24:04+00:00,-49.83,-55.99,-56.92,-55.54,-60.09,-46.99,-50.46,-56.44,-51.78,-49.39,-47.78,-56.58,-46.93,-50.40,-52.50,-52.37,-51.44,2026-06-29 20:24:04+00:00
2026-06-29T20:25:03+00:00,-49.30,-55.70,-56.64,-56.29,-60.50,-46.96,-50.24,-55.64,-51.81,-49.22,-47.59,-56.21,-50.44,-50.06,-53.11,-51.32,-52.40,2026-06-29 20:25:03+00:00
2026-06-29T20:26:04+00:00,-48.62,-56.32,-56.18,-55.71,-60.15,-46.94,-50.53,-55.88,-51.85,-49.25,-50.21,-56.08,-47.81,-49.55,-53.00,-50.07,-52.43,2026-06-29 20:26:04+00:00
2026-06-29T20:27:04+00:00,-48.72,-55.53,-56.41,-55.58,-59.47,-47.20,-50.48,-56.17,-51.91,-48.83,-50.11,-55.48,-48.65,-49.38,-53.13,-49.68,-50.66,2026-06-29 20:27:04+00:00
2026-06-29T20:28:03+00:00,-49.06,-55.79,-56.85,-55.70,-59.32,-47.10,-50.53,-56.47,-51.99,-48.84,-50.25,-55.61,-48.39,-48.54,-53.51,-49.08,-51.39,2026-06-29 20:28:03+00:00
2026-06-29T20:29:03+00:00,-49.02,-56.12,-56.41,-56.61,-59.77,-47.22,-50.90,-56.65,-52.25,-49.24,-50.32,-56.81,-48.86,-48.14,-53.96,-48.65,-50.82,2026-06-29 20:29:03+00:00
2026-06-29T20:30:04+00:00,-48.95,-55.50,-56.32,-55.41,-58.99,-46.99,-50.77,-55.74,-51.99,-48.98,-50.23,-56.30,-48.28,-47.43,-53.30,-48.91,-51.44,2026-06-29 20:30:04+00:00
2026-06-29T20:31:04+00:00,-48.57,-55.58,-56.12,-55.69,-60.00,-47.21,-50.56,-56.42,-51.72,-49.11,-50.19,-56.41,-48.50,-46.64,-53.18,-51.64,-51.77,2026-06-29 20:31:04+00:00
2026-06-29T20:32:03+00:00,-48.75,-56.13,-56.57,-55.99,-59.36,-47.18,-50.54,-56.18,-51.84,-49.33,-50.33,-55.79,-48.54,-46.45,-53.32,-51.71,-53.33,2026-06-29 20:32:03+00:00
2026-06-29T20:33:03+00:00,-48.60,-54.90,-56.08,-55.50,-59.50,-47.18,-50.59,-56.25,-52.22,-49.47,-51.02,-54.84,-48.38,-46.73,-54.09,-53.18,-51.89,2026-06-29 20:33:03+00:00
2026-06-29T20:34:04+00:00,-48.50,-55.18,-55.91,-55.21,-60.36,-47.28,-50.29,-56.59,-52.13,-48.92,-50.83,-55.77,-48.40,-46.99,-54.20,-53.11,-52.21,2026-06-29 20:34:04+00:00
2026-06-29T20:35:04+00:00,-49.57,-54.87,-56.14,-55.40,-59.12,-47.13,-50.21,-55.98,-51.88,-49.10,-50.58,-54.96,-48.52,-47.18,-53.63,-54.53,-51.83,2026-06-29 20:35:04+00:00
2026-06-29T20:36:03+00:00,-49.27,-55.29,-55.68,-54.95,-59.53,-47.03,-50.15,-55.14,-52.05,-49.14,-50.84,-55.26,-48.63,-46.75,-53.92,-54.76,-52.39,2026-06-29 20:36:03+00:00
2026-06-29T20:37:04+00:00,-49.00,-55.30,-56.07,-55.73,-60.30,-47.20,-50.41,-56.28,-52.11,-48.80,-50.71,-55.87,-48.41,-48.15,-53.62,-53.57,-51.94,2026-06-29 20:37:04+00:00
2026-06-29T20:38:04+00:00,-48.53,-56.11,-56.48,-55.84,-60.44,-47.28,-50.72,-56.73,-52.01,-48.99,-51.19,-55.62,-48.92,-47.89,-54.50,-54.42,-51.59,2026-06-29 20:38:04+00:00
2026-06-29T20:39:03+00:00,-47.98,-55.42,-56.42,-55.54,-59.37,-47.09,-50.63,-56.18,-51.82,-48.95,-51.03,-55.76,-49.02,-47.12,-54.00,-53.70,-52.64,2026-06-29 20:39:03+00:00
2026-06-29T20:40:03+00:00,-48.78,-54.90,-56.51,-55.45,-59.95,-47.12,-50.90,-56.03,-51.88,-49.10,-51.09,-55.49,-48.89,-46.23,-54.13,-52.85,-51.19,2026-06-29 20:40:03+00:00
2026-06-29T20:41:04+00:00,-49.04,-54.96,-56.42,-55.30,-61.90,-46.79,-50.92,-56.29,-51.69,-49.77,-51.37,-55.29,-49.15,-47.12,-54.22,-51.60,-52.89,2026-06-29 20:41:04+00:00
2026-06-29T20:42:04+00:00,-48.39,-55.01,-56.07,-54.77,-61.46,-46.65,-50.80,-55.45,-51.50,-49.85,-51.29,-55.35,-49.02,-48.37,-54.51,-50.96,-51.46,2026-06-29 20:42:04+00:00
2026-06-29T20:43:03+00:00,-49.43,-55.06,-55.56,-56.02,-60.38,-46.69,-50.92,-54.45,-51.37,-49.86,-51.00,-55.74,-48.73,-48.62,-53.99,-47.57,-51.96,2026-06-29 20:43:03+00:00
2026-06-29T20:44:04+00:00,-49.22,-54.64,-55.78,-55.23,-60.40,-46.92,-50.95,-55.75,-51.61,-50.37,-50.77,-55.90,-48.75,-48.37,-54.34,-46.87,-51.04,2026-06-29 20:44:04+00:00
2026-06-29T20:45:04+00:00,-49.53,-54.53,-55.81,-55.64,-60.94,-46.70,-50.69,-55.78,-52.18,-50.64,-50.94,-55.98,-48.92,-48.00,-54.05,-46.42,-52.38,2026-06-29 20:45:04+00:00
2026-06-29T20:46:04+00:00,-49.38,-54.25,-55.20,-54.44,-59.19,-46.67,-50.39,-55.30,-52.39,-50.99,-50.97,-55.39,-48.98,-48.15,-53.90,-46.88,-51.45,2026-06-29 20:46:04+00:00
2026-06-29T20:47:03+00:00,-47.79,-54.18,-55.67,-54.67,-60.16,-46.74,-50.24,-55.73,-51.79,-50.09,-51.09,-55.65,-48.92,-48.99,-54.10,-47.53,-52.70,2026-06-29 20:47:03+00:00
2026-06-29T20:48:04+00:00,-47.69,-52.97,-54.75,-54.48,-59.36,-46.60,-49.95,-54.64,-51.34,-49.72,-50.59,-54.85,-49.07,-49.99,-53.86,-47.50,-52.54,2026-06-29 20:48:04+00:00
2026-06-29T20:49:04+00:00,-47.87,-53.88,-55.33,-54.97,-60.74,-46.70,-50.21,-54.53,-51.59,-50.42,-50.47,-55.44,-50.18,-49.29,-54.35,-47.18,-51.65,2026-06-29 20:49:04+00:00
2026-06-29T20:50:03+00:00,-45.88,-54.04,-54.56,-54.30,-59.19,-46.61,-49.59,-54.64,-51.36,-49.73,-50.70,-54.90,-51.55,-48.82,-53.75,-46.33,-47.95,2026-06-29 20:50:03+00:00
2026-06-29T20:51:03+00:00,-48.03,-53.92,-53.83,-53.78,-59.17,-46.46,-48.85,-54.54,-50.97,-49.23,-50.19,-54.55,-50.74,-48.88,-54.00,-45.87,-50.42,2026-06-29 20:51:03+00:00
2026-06-29T20:52:04+00:00,-48.41,-54.62,-53.65,-54.33,-60.20,-46.89,-49.22,-54.56,-51.30,-49.92,-50.18,-54.27,-51.13,-47.94,-53.85,-45.02,-51.64,2026-06-29 20:52:04+00:00
2026-06-29T20:53:04+00:00,-48.48,-54.77,-53.82,-54.34,-59.88,-46.59,-49.17,-54.96,-51.89,-50.23,-49.94,-54.73,-51.03,-49.21,-53.81,-45.29,-52.29,2026-06-29 20:53:04+00:00
2026-06-29T20:54:03+00:00,-48.47,-54.51,-53.51,-54.20,-59.31,-46.25,-49.55,-54.64,-51.69,-50.57,-50.18,-54.37,-51.14,-49.69,-54.17,-46.60,-50.75,2026-06-29 20:54:03+00:00
2026-06-29T20:55:03+00:00,-49.15,-53.85,-53.69,-53.71,-59.34,-46.27,-49.41,-54.20,-51.79,-50.98,-50.37,-54.23,-50.85,-49.65,-53.74,-47.04,-49.26,2026-06-29 20:55:03+00:00
2026-06-29T20:56:04+00:00,-48.64,-54.88,-54.47,-54.87,-58.72,-46.23,-49.75,-55.00,-51.54,-50.37,-50.77,-54.59,-51.76,-51.28,-53.53,-47.83,-50.28,2026-06-29 20:56:04+00:00
2026-06-29T20:57:04+00:00,-48.92,-55.54,-55.08,-54.99,-59.80,-46.29,-50.21,-55.39,-53.50,-49.43,-50.89,-55.55,-51.71,-52.08,-54.24,-47.46,-51.51,2026-06-29 20:57:04+00:00
2026-06-29T20:58:03+00:00,-48.43,-54.77,-54.82,-55.20,-60.16,-46.74,-49.72,-55.01,-54.67,-48.91,-50.90,-54.94,-52.06,-51.72,-54.01,-46.38,-53.18,2026-06-29 20:58:03+00:00
2026-06-29T20:59:04+00:00,-48.93,-53.85,-54.45,-54.04,-59.69,-46.57,-49.97,-55.28,-53.08,-49.97,-50.73,-54.81,-51.94,-52.54,-53.81,-45.18,-50.09,2026-06-29 20:59:04+00:00
2026-06-29T21:00:04+00:00,-48.67,-53.71,-54.53,-54.00,-59.77,-46.58,-49.84,-54.60,-52.11,-49.35,-50.66,-54.41,-51.54,-51.57,-53.59,-45.91,-51.79,2026-06-29 21:00:04+00:00
2026-06-29T21:01:04+00:00,-48.49,-53.58,-54.31,-54.09,-60.15,-46.09,-49.99,-54.54,-51.43,-48.79,-50.44,-54.38,-51.75,-50.39,-53.53,-48.52,-51.77,2026-06-29 21:01:04+00:00
2026-06-29T21:02:04+00:00,-48.75,-53.08,-53.28,-52.91,-59.13,-45.98,-49.25,-53.64,-51.19,-48.04,-50.16,-53.30,-51.16,-50.75,-52.37,-49.57,-50.94,2026-06-29 21:02:04+00:00
2026-06-29T21:03:03+00:00,-48.78,-53.62,-53.43,-53.08,-60.32,-46.08,-49.75,-54.13,-51.20,-49.14,-50.04,-53.79,-50.77,-51.36,-53.49,-50.31,-51.53,2026-06-29 21:03:03+00:00
2026-06-29T21:04:03+00:00,-48.93,-54.13,-54.16,-53.99,-58.99,-46.09,-49.74,-53.78,-53.40,-49.18,-50.50,-54.36,-50.61,-50.18,-52.56,-51.94,-51.81,2026-06-29 21:04:03+00:00
2026-06-29T21:05:04+00:00,-48.48,-53.62,-53.18,-53.07,-59.94,-49.70,-49.88,-53.39,-51.86,-47.50,-51.45,-53.49,-48.77,-48.40,-52.48,-51.24,-50.09,2026-06-29 21:05:04+00:00
2026-06-29T21:06:03+00:00,-48.40,-53.60,-53.62,-53.24,-59.54,-53.16,-49.88,-53.45,-52.09,-47.37,-51.85,-53.83,-48.55,-49.58,-52.19,-49.53,-51.23,2026-06-29 21:06:03+00:00
2026-06-29T21:07:03+00:00,-48.29,-53.40,-53.32,-53.32,-58.21,-52.75,-49.99,-53.89,-52.31,-47.20,-51.71,-53.31,-47.74,-49.34,-52.31,-47.15,-49.20,2026-06-29 21:07:03+00:00
2026-06-29T21:08:04+00:00,-48.66,-53.55,-52.59,-52.75,-57.94,-53.00,-49.56,-54.02,-51.42,-46.62,-50.99,-53.14,-47.86,-49.03,-51.78,-46.67,-50.37,2026-06-29 21:08:04+00:00
2026-06-29T21:09:04+00:00,-46.33,-52.62,-52.06,-52.94,-58.67,-52.26,-49.45,-52.98,-51.32,-46.54,-51.11,-53.32,-47.60,-48.28,-50.84,-46.43,-43.09,2026-06-29 21:09:04+00:00
2026-06-29T21:10:03+00:00,-48.29,-53.07,-53.29,-52.60,-58.46,-52.97,-49.68,-53.38,-51.75,-46.78,-50.41,-53.32,-46.98,-48.00,-51.10,-44.47,-50.18,2026-06-29 21:10:03+00:00
2026-06-29T21:11:03+00:00,-48.19,-53.32,-52.70,-52.67,-58.28,-52.53,-49.97,-53.58,-52.06,-47.54,-51.48,-53.15,-46.69,-46.51,-51.32,-43.41,-44.55,2026-06-29 21:11:03+00:00
2026-06-29T21:12:04+00:00,-48.15,-53.42,-53.36,-53.35,-59.02,-52.75,-49.40,-53.21,-51.43,-47.34,-51.36,-53.53,-46.85,-47.08,-50.65,-43.22,-51.47,2026-06-29 21:12:04+00:00
2026-06-29T21:13:04+00:00,-48.47,-53.34,-53.33,-52.75,-58.87,-53.31,-49.25,-53.31,-51.41,-47.20,-51.88,-53.68,-46.42,-47.76,-50.19,-42.71,-49.92,2026-06-29 21:13:04+00:00
2026-06-29T21:14:03+00:00,-48.20,-53.58,-53.54,-52.71,-59.97,-53.16,-51.24,-54.35,-51.80,-46.98,-51.69,-54.00,-46.26,-49.77,-50.64,-42.48,-50.52,2026-06-29 21:14:03+00:00
2026-06-29T21:15:04+00:00,-47.87,-53.80,-52.95,-54.03,-58.16,-53.05,-49.35,-53.78,-51.27,-47.18,-51.46,-53.81,-46.03,-50.25,-51.07,-42.28,-50.34,2026-06-29 21:15:04+00:00
2026-06-29T21:16:04+00:00,-48.34,-53.30,-54.40,-53.61,-57.80,-53.44,-49.92,-54.75,-51.60,-47.14,-52.67,-54.83,-46.52,-49.67,-50.95,-43.39,-50.50,2026-06-29 21:16:04+00:00
2026-06-29T21:17:04+00:00,-48.18,-54.26,-54.13,-55.38,-58.93,-54.51,-50.06,-55.83,-51.84,-46.83,-53.67,-55.74,-46.80,-50.37,-50.81,-43.66,-51.10,2026-06-29 21:17:04+00:00
2026-06-29T21:18:03+00:00,-48.21,-53.67,-54.82,-54.00,-59.58,-54.20,-50.32,-55.41,-51.93,-47.92,-53.78,-54.81,-46.76,-49.60,-50.52,-44.09,-51.20,2026-06-29 21:18:03+00:00
2026-06-29T21:19:04+00:00,-46.30,-53.86,-54.99,-55.38,-59.29,-54.40,-50.47,-54.72,-52.14,-46.88,-53.64,-55.38,-46.84,-47.55,-50.36,-42.71,-49.64,2026-06-29 21:19:04+00:00
2026-06-29T21:20:04+00:00,-48.07,-53.90,-54.89,-54.10,-59.51,-55.05,-50.69,-55.52,-51.67,-46.40,-53.43,-55.71,-46.96,-46.87,-50.03,-39.99,-51.22,2026-06-29 21:20:04+00:00
2026-06-29T21:21:03+00:00,-48.76,-54.51,-56.10,-55.76,-59.47,-55.28,-50.76,-56.38,-52.09,-46.05,-53.04,-55.84,-46.96,-47.56,-50.12,-39.78,-51.75,2026-06-29 21:21:03+00:00
2026-06-29T21:22:03+00:00,-48.49,-54.61,-56.26,-55.57,-60.30,-50.09,-50.73,-55.84,-52.60,-46.46,-52.21,-55.87,-47.31,-47.40,-49.65,-40.35,-50.98,2026-06-29 21:22:03+00:00
2026-06-29T21:23:04+00:00,-48.61,-54.12,-55.60,-54.66,-59.13,-51.57,-50.29,-55.55,-50.56,-46.27,-52.99,-55.11,-47.13,-47.40,-49.38,-40.60,-51.50,2026-06-29 21:23:04+00:00
2026-06-29T21:24:04+00:00,-48.80,-54.54,-55.52,-54.55,-58.84,-50.84,-50.20,-54.99,-50.12,-45.65,-52.47,-54.57,-46.96,-46.69,-49.26,-41.19,-50.48,2026-06-29 21:24:04+00:00
2026-06-29T21:25:03+00:00,-48.60,-55.13,-56.03,-55.32,-60.10,-45.75,-49.86,-56.05,-50.35,-45.98,-53.12,-54.99,-47.04,-47.38,-49.43,-40.88,-48.78,2026-06-29 21:25:03+00:00
2026-06-29T21:26:03+00:00,-49.27,-55.78,-57.86,-56.51,-60.79,-45.75,-50.54,-57.22,-50.53,-45.28,-53.26,-57.18,-47.11,-45.72,-49.79,-39.72,-52.44,2026-06-29 21:26:03+00:00
2026-06-29T21:27:04+00:00,-48.84,-55.69,-57.86,-56.41,-60.40,-45.99,-50.46,-56.57,-50.54,-43.38,-52.84,-57.38,-47.07,-45.62,-49.64,-39.93,-52.67,2026-06-29 21:27:04+00:00
2026-06-29T21:28:04+00:00,-49.00,-55.69,-57.90,-57.00,-60.45,-45.76,-50.49,-56.90,-50.48,-43.49,-52.70,-56.58,-47.01,-44.13,-49.30,-40.78,-52.21,2026-06-29 21:28:04+00:00
2026-06-29T21:29:04+00:00,-48.62,-55.67,-58.31,-57.79,-60.08,-45.65,-50.64,-57.74,-51.37,-43.27,-52.38,-57.45,-47.64,-43.70,-49.31,-42.84,-54.39,2026-06-29 21:29:04+00:00
2026-06-29T21:30:03+00:00,-47.95,-54.45,-55.83,-55.12,-58.80,-45.68,-50.32,-55.23,-50.74,-43.81,-52.31,-55.66,-47.38,-43.52,-49.21,-42.84,-48.71,2026-06-29 21:30:03+00:00
2026-06-29T21:31:03+00:00,-48.95,-55.08,-57.44,-56.92,-59.75,-45.83,-50.78,-57.26,-51.05,-43.68,-52.49,-56.86,-47.56,-43.27,-49.99,-42.14,-53.78,2026-06-29 21:31:03+00:00
2026-06-29T21:32:04+00:00,-48.57,-55.29,-57.09,-56.83,-61.13,-45.85,-50.76,-57.25,-51.22,-43.61,-51.73,-55.97,-47.40,-43.36,-48.98,-42.25,-47.45,2026-06-29 21:32:04+00:00
2026-06-29T21:33:04+00:00,-48.98,-55.16,-57.02,-56.27,-60.74,-45.84,-50.49,-56.89,-50.88,-44.19,-52.07,-54.94,-47.34,-42.93,-49.04,-40.71,-53.78,2026-06-29 21:33:04+00:00
2026-06-29T21:34:03+00:00,-48.80,-54.90,-56.86,-56.04,-60.03,-45.74,-50.58,-55.98,-51.07,-44.40,-52.51,-55.18,-47.25,-41.82,-48.84,-40.15,-51.05,2026-06-29 21:34:03+00:00
2026-06-29T21:35:03+00:00,-48.25,-52.97,-55.39,-54.49,-60.02,-45.79,-50.03,-54.73,-50.48,-44.57,-51.60,-53.90,-47.06,-41.14,-49.04,-40.38,-48.88,2026-06-29 21:35:03+00:00
2026-06-29T21:36:04+00:00,-48.46,-54.70,-55.94,-56.81,-60.61,-45.75,-50.43,-56.18,-50.87,-44.74,-51.53,-54.89,-47.19,-41.38,-49.80,-40.56,-50.99,2026-06-29 21:36:04+00:00
2026-06-29T21:37:03+00:00,-49.09,-55.84,-58.23,-56.49,-60.73,-45.90,-50.61,-57.40,-51.45,-46.23,-52.62,-56.34,-47.16,-41.41,-50.10,-39.46,-52.54,2026-06-29 21:37:03+00:00
2026-06-29T21:38:04+00:00,-48.03,-54.73,-57.32,-56.40,-60.75,-46.01,-50.60,-57.01,-53.97,-46.22,-52.32,-55.64,-46.96,-42.19,-50.09,-38.67,-53.11,2026-06-29 21:38:04+00:00
2026-06-29T21:39:04+00:00,-48.89,-55.71,-57.71,-56.58,-60.59,-45.94,-50.68,-57.09,-54.03,-45.46,-52.22,-56.31,-47.10,-43.09,-49.72,-38.71,-52.89,2026-06-29 21:39:04+00:00
2026-06-29T21:40:03+00:00,-49.09,-55.36,-57.40,-56.79,-60.20,-45.81,-50.80,-56.74,-53.77,-45.44,-52.15,-56.15,-46.85,-44.23,-49.37,-37.78,-52.88,2026-06-29 21:40:03+00:00
2026-06-29T21:41:03+00:00,-48.97,-55.47,-57.94,-56.39,-60.31,-45.90,-50.67,-56.84,-53.91,-46.22,-52.29,-56.66,-47.13,-43.79,-49.20,-36.89,-52.45,2026-06-29 21:41:03+00:00
2026-06-29T21:42:04+00:00,-49.10,-54.75,-56.70,-56.65,-60.03,-45.86,-50.56,-56.41,-53.53,-45.83,-52.18,-56.22,-47.17,-44.08,-49.43,-36.56,-52.12,2026-06-29 21:42:04+00:00
2026-06-29T21:43:04+00:00,-49.16,-53.15,-54.49,-54.55,-59.27,-45.69,-50.15,-54.26,-52.68,-44.91,-51.03,-54.80,-46.99,-43.56,-49.85,-37.62,-48.15,2026-06-29 21:43:04+00:00
2026-06-29T21:44:03+00:00,-49.90,-53.50,-57.61,-56.73,-59.91,-45.73,-50.49,-56.38,-54.11,-45.15,-51.98,-57.06,-47.82,-43.66,-49.96,-38.15,-54.52,2026-06-29 21:44:03+00:00
2026-06-29T21:45:04+00:00,-49.54,-53.83,-56.97,-56.87,-61.17,-45.78,-50.68,-55.77,-53.46,-44.38,-51.74,-56.50,-47.84,-44.37,-49.48,-37.45,-52.89,2026-06-29 21:45:04+00:00
2026-06-29T21:46:04+00:00,-49.94,-54.29,-58.04,-56.98,-60.65,-45.94,-50.77,-56.90,-54.33,-45.04,-51.81,-57.47,-47.86,-45.88,-49.90,-37.50,-54.28,2026-06-29 21:46:04+00:00
2026-06-29T21:47:04+00:00,-49.63,-54.17,-57.63,-56.61,-61.73,-45.94,-50.53,-56.53,-54.27,-44.48,-52.01,-57.67,-48.24,-47.35,-49.28,-38.26,-54.94,2026-06-29 21:47:04+00:00
2026-06-29T21:48:03+00:00,-49.15,-53.76,-57.98,-56.71,-61.21,-45.83,-50.69,-56.72,-53.89,-44.75,-52.25,-57.46,-47.84,-46.56,-49.08,-38.41,-54.95,2026-06-29 21:48:03+00:00
2026-06-29T21:49:03+00:00,-48.58,-54.94,-57.36,-55.74,-61.00,-45.93,-50.62,-56.18,-54.14,-44.01,-52.02,-56.94,-47.99,-46.12,-48.81,-37.89,-52.46,2026-06-29 21:49:03+00:00
2026-06-29T21:50:04+00:00,-48.62,-53.99,-55.42,-55.35,-60.57,-45.89,-50.21,-55.13,-52.79,-44.50,-52.40,-55.70,-47.44,-46.64,-49.04,-38.17,-53.49,2026-06-29 21:50:04+00:00
2026-06-29T21:51:04+00:00,-48.03,-54.60,-57.80,-56.56,-60.32,-45.73,-50.65,-56.19,-53.81,-44.48,-52.80,-56.51,-47.83,-46.98,-49.20,-38.29,-53.92,2026-06-29 21:51:04+00:00
2026-06-29T21:52:03+00:00,-48.42,-54.84,-56.89,-56.44,-60.67,-45.77,-50.61,-55.62,-53.37,-44.29,-52.97,-56.64,-47.85,-47.27,-49.87,-38.00,-54.88,2026-06-29 21:52:03+00:00
2026-06-29T21:53:03+00:00,-47.65,-54.56,-57.18,-56.53,-60.59,-45.88,-50.50,-56.27,-53.66,-45.08,-53.17,-56.57,-47.89,-45.59,-49.24,-37.71,-54.17,2026-06-29 21:53:03+00:00
2026-06-29T21:54:04+00:00,-47.16,-54.79,-57.25,-57.06,-60.55,-45.86,-50.44,-56.46,-53.77,-45.96,-52.97,-56.95,-48.08,-47.47,-49.00,-37.20,-54.20,2026-06-29 21:54:04+00:00
2026-06-29T21:55:04+00:00,-47.21,-54.54,-56.63,-55.79,-59.84,-45.81,-50.19,-55.32,-53.08,-44.55,-52.03,-55.95,-48.07,-47.70,-48.51,-37.16,-54.68,2026-06-29 21:55:04+00:00
2026-06-29T21:56:03+00:00,-46.89,-54.03,-55.61,-55.52,-59.85,-45.59,-50.11,-54.88,-52.78,-44.96,-51.49,-55.21,-47.92,-46.71,-48.97,-36.59,-47.83,2026-06-29 21:56:03+00:00
2026-06-29T21:57:03+00:00,-46.89,-55.56,-56.94,-55.89,-61.61,-45.72,-50.22,-55.21,-53.34,-45.13,-52.01,-55.34,-47.63,-45.74,-48.62,-36.15,-53.45,2026-06-29 21:57:03+00:00
2026-06-29T21:58:04+00:00,-47.80,-54.66,-55.77,-55.73,-60.53,-45.59,-50.12,-55.12,-52.60,-44.64,-51.66,-54.90,-47.96,-44.48,-48.68,-36.40,-54.49,2026-06-29 21:58:04+00:00
2026-06-29T21:59:04+00:00,-47.61,-54.75,-56.89,-55.99,-62.03,-45.65,-50.34,-55.18,-51.81,-44.26,-51.16,-55.86,-47.83,-44.76,-49.03,-36.30,-54.63,2026-06-29 21:59:04+00:00
2026-06-29T22:00:03+00:00,-47.73,-54.77,-56.92,-56.60,-60.65,-46.01,-49.80,-56.17,-52.20,-43.80,-51.96,-55.79,-47.77,-43.71,-49.65,-36.52,-54.12,2026-06-29 22:00:03+00:00
2026-06-29T22:01:03+00:00,-47.92,-54.56,-56.47,-56.04,-60.69,-46.06,-49.85,-55.73,-52.15,-43.78,-51.73,-55.27,-47.81,-43.32,-49.82,-37.38,-54.46,2026-06-29 22:01:03+00:00
2026-06-29T22:02:04+00:00,-47.89,-54.49,-57.22,-56.88,-61.79,-46.09,-50.19,-56.90,-52.49,-43.96,-52.06,-55.64,-48.05,-43.50,-50.26,-37.48,-55.11,2026-06-29 22:02:04+00:00
2026-06-29T22:03:04+00:00,-47.89,-54.57,-57.30,-56.43,-61.01,-46.19,-49.99,-56.45,-52.20,-44.66,-52.01,-55.63,-47.99,-43.21,-49.87,-37.34,-54.67,2026-06-29 22:03:04+00:00
2026-06-29T22:04:03+00:00,-47.95,-55.23,-56.98,-56.22,-60.08,-52.45,-55.27,-56.86,-52.36,-44.43,-51.77,-55.78,-48.34,-43.83,-49.57,-37.21,-54.44,2026-06-29 22:04:03+00:00
2026-06-29T22:05:03+00:00,-48.11,-54.45,-56.63,-56.30,-60.65,-52.57,-50.06,-55.32,-51.76,-44.44,-51.66,-55.39,-48.06,-43.52,-48.80,-36.78,-53.26,2026-06-29 22:05:03+00:00
2026-06-29T22:06:04+00:00,-47.79,-54.09,-56.37,-55.87,-60.68,-53.37,-49.59,-55.54,-52.08,-44.73,-51.34,-55.60,-49.13,-43.37,-49.27,-37.41,-53.56,2026-06-29 22:06:04+00:00
2026-06-29T22:07:03+00:00,-47.79,-54.56,-56.33,-56.03,-60.30,-53.38,-49.67,-55.34,-52.03,-43.34,-51.97,-55.29,-49.41,-41.98,-49.39,-37.30,-53.72,2026-06-29 22:07:03+00:00
2026-06-29T22:08:03+00:00,-47.38,-55.32,-57.34,-56.42,-61.61,-53.77,-49.86,-56.42,-50.22,-43.29,-52.67,-55.97,-49.87,-42.59,-49.34,-37.82,-54.30,2026-06-29 22:08:03+00:00
2026-06-29T22:09:04+00:00,-48.12,-54.87,-57.08,-56.59,-60.54,-54.02,-50.03,-56.59,-50.31,-43.24,-52.58,-55.66,-49.85,-43.44,-48.98,-38.44,-54.09,2026-06-29 22:09:04+00:00
2026-06-29T22:10:04+00:00,-47.21,-54.92,-57.59,-56.93,-61.32,-53.77,-49.79,-57.41,-50.42,-43.39,-52.25,-56.51,-49.63,-42.03,-48.76,-38.92,-52.52,2026-06-29 22:10:04+00:00
2026-06-29T22:11:04+00:00,-48.72,-55.97,-57.35,-56.91,-60.65,-54.11,-49.97,-56.90,-50.19,-43.68,-51.91,-56.13,-49.17,-41.92,-48.76,-39.10,-51.33,2026-06-29 22:11:04+00:00
2026-06-29T22:12:03+00:00,-48.58,-54.90,-57.03,-56.45,-61.38,-54.24,-49.89,-56.92,-50.52,-43.79,-52.13,-56.30,-48.33,-42.91,-49.33,-39.32,-51.62,2026-06-29 22:12:03+00:00
2026-06-29T22:13:03+00:00,-48.45,-54.79,-56.15,-55.75,-61.70,-53.79,-49.59,-55.36,-50.32,-43.67,-52.08,-55.78,-47.63,-42.83,-48.69,-38.96,-52.64,2026-06-29 22:13:03+00:00
2026-06-29T22:14:04+00:00,-47.58,-55.12,-56.65,-56.26,-60.41,-53.69,-49.56,-56.19,-51.23,-43.17,-51.49,-56.04,-47.77,-43.06,-48.61,-39.92,-50.74,2026-06-29 22:14:04+00:00
2026-06-29T22:15:04+00:00,-48.02,-54.42,-56.17,-56.02,-59.94,-54.09,-49.53,-55.62,-50.73,-42.72,-51.66,-55.15,-48.89,-43.27,-48.32,-41.01,-49.84,2026-06-29 22:15:04+00:00
2026-06-29T22:16:03+00:00,-48.27,-55.38,-56.09,-56.27,-60.89,-54.32,-49.81,-56.43,-50.84,-41.98,-51.72,-55.34,-49.03,-42.85,-48.50,-42.63,-51.33,2026-06-29 22:16:03+00:00
2026-06-29T22:17:03+00:00,-48.47,-55.52,-56.99,-56.71,-60.58,-54.64,-50.02,-56.69,-50.92,-42.21,-52.40,-55.43,-48.99,-43.46,-48.79,-43.12,-52.81,2026-06-29 22:17:03+00:00
2026-06-29T22:18:03+00:00,-48.52,-55.21,-56.96,-56.01,-60.08,-54.65,-49.77,-56.22,-50.72,-41.54,-52.41,-55.19,-48.83,-43.72,-48.66,-41.99,-52.81,2026-06-29 22:18:03+00:00
2026-06-29T22:19:04+00:00,-48.26,-54.49,-56.57,-56.20,-61.62,-54.83,-49.64,-55.61,-50.64,-41.62,-51.21,-54.62,-47.94,-44.31,-47.84,-40.43,-53.33,2026-06-29 22:19:04+00:00
2026-06-29T22:20:04+00:00,-48.62,-55.39,-57.25,-56.77,-61.10,-55.78,-49.72,-56.73,-50.82,-41.83,-51.10,-55.63,-48.27,-46.97,-47.88,-39.35,-51.54,2026-06-29 22:20:04+00:00
2026-06-29T22:21:04+00:00,-48.45,-55.05,-56.86,-56.30,-60.71,-54.88,-53.84,-55.98,-50.68,-41.49,-51.09,-55.59,-48.17,-48.91,-47.67,-37.94,-51.40,2026-06-29 22:21:04+00:00
2026-06-29T22:22:03+00:00,-48.62,-53.96,-57.03,-56.63,-61.72,-55.06,-45.62,-54.80,-50.88,-42.78,-51.24,-55.08,-48.17,-48.32,-48.01,-37.76,-50.43,2026-06-29 22:22:03+00:00
2026-06-29T22:23:03+00:00,-48.74,-53.92,-56.56,-56.66,-60.50,-54.51,-49.75,-56.34,-53.55,-43.12,-51.29,-55.11,-48.18,-46.56,-48.05,-36.90,-51.46,2026-06-29 22:23:03+00:00
2026-06-29T22:24:04+00:00,-49.00,-54.40,-58.06,-57.20,-61.83,-55.67,-49.96,-56.96,-53.32,-43.99,-52.05,-55.79,-48.89,-46.95,-47.99,-36.03,-51.85,2026-06-29 22:24:04+00:00
2026-06-29T22:25:04+00:00,-48.75,-54.57,-58.13,-57.68,-61.26,-55.56,-49.82,-57.34,-53.89,-42.69,-52.87,-56.05,-49.06,-48.35,-48.47,-35.88,-53.63,2026-06-29 22:25:04+00:00
2026-06-29T22:26:03+00:00,-48.44,-54.89,-58.15,-56.59,-60.99,-55.56,-49.79,-56.62,-53.33,-42.31,-52.50,-55.91,-49.11,-49.60,-48.20,-35.73,-54.25,2026-06-29 22:26:03+00:00
2026-06-29T22:27:03+00:00,-49.11,-56.71,-58.38,-57.09,-62.15,-52.86,-49.82,-57.56,-53.52,-43.12,-52.87,-56.70,-50.09,-51.53,-47.00,-35.89,-53.92,2026-06-29 22:27:03+00:00
2026-06-29T22:28:03+00:00,-49.16,-56.22,-58.85,-57.58,-61.98,-52.71,-49.71,-57.48,-54.10,-43.64,-52.48,-57.12,-50.17,-49.66,-47.90,-36.00,-55.09,2026-06-29 22:28:03+00:00
2026-06-29T22:29:04+00:00,-49.07,-55.75,-58.79,-57.80,-61.65,-46.60,-49.59,-57.22,-53.83,-43.87,-52.40,-56.74,-49.67,-46.33,-48.19,-36.23,-52.86,2026-06-29 22:29:04+00:00
2026-06-29T22:30:04+00:00,-49.19,-55.81,-57.42,-56.69,-60.98,-46.51,-49.60,-57.00,-53.84,-43.58,-52.77,-56.80,-48.81,-46.61,-48.30,-35.96,-50.92,2026-06-29 22:30:04+00:00
2026-06-29T22:31:04+00:00,-48.91,-55.75,-56.77,-56.47,-61.48,-46.54,-49.45,-55.96,-53.78,-43.27,-51.56,-56.32,-48.76,-47.05,-48.59,-36.40,-51.71,2026-06-29 22:31:04+00:00
2026-06-29T22:32:04+00:00,-48.51,-56.67,-57.92,-57.53,-60.92,-46.54,-49.78,-57.34,-53.34,-43.52,-52.87,-57.06,-49.91,-49.99,-48.39,-36.68,-53.34,2026-06-29 22:32:04+00:00
2026-06-29T22:33:04+00:00,-49.21,-55.46,-58.01,-57.25,-61.88,-46.59,-49.68,-56.72,-53.93,-42.73,-52.58,-56.82,-49.98,-50.59,-48.76,-37.09,-53.01,2026-06-29 22:33:04+00:00
2026-06-29T22:34:03+00:00,-49.66,-56.18,-58.28,-58.16,-62.14,-46.44,-49.89,-57.60,-54.61,-41.73,-52.75,-56.96,-50.14,-47.40,-47.38,-37.20,-51.84,2026-06-29 22:34:03+00:00
2026-06-29T22:35:03+00:00,-49.40,-54.40,-57.01,-56.90,-61.03,-46.55,-49.83,-56.30,-53.17,-42.37,-52.27,-56.17,-50.01,-46.46,-47.50,-37.95,-51.36,2026-06-29 22:35:03+00:00
2026-06-29T22:36:04+00:00,-49.33,-55.08,-59.38,-57.64,-62.07,-46.77,-49.77,-57.98,-54.46,-42.86,-52.51,-57.63,-49.68,-48.55,-48.81,-38.64,-53.05,2026-06-29 22:36:04+00:00
2026-06-29T22:37:04+00:00,-49.53,-54.99,-58.39,-58.45,-60.78,-46.70,-49.70,-57.59,-54.42,-42.30,-52.30,-57.52,-49.68,-48.44,-48.73,-39.33,-51.43,2026-06-29 22:37:04+00:00
2026-06-29T22:38:04+00:00,-47.38,-54.91,-58.87,-58.48,-62.24,-46.76,-49.79,-57.41,-54.30,-42.07,-52.73,-57.16,-49.85,-49.27,-48.93,-38.87,-53.97,2026-06-29 22:38:04+00:00
2026-06-29T22:39:03+00:00,-50.75,-56.50,-59.40,-58.94,-62.47,-46.77,-49.97,-57.70,-54.71,-42.46,-52.51,-57.51,-49.84,-49.54,-49.46,-39.31,-53.11,2026-06-29 22:39:03+00:00
2026-06-29T22:40:03+00:00,-50.55,-56.59,-59.51,-57.87,-60.55,-46.77,-49.78,-58.10,-54.80,-42.48,-52.47,-57.20,-49.96,-49.95,-49.24,-39.57,-51.88,2026-06-29 22:40:03+00:00
2026-06-29T22:41:04+00:00,-50.72,-56.26,-59.16,-58.37,-61.65,-46.88,-49.82,-57.69,-54.36,-42.49,-53.01,-57.15,-50.40,-48.49,-48.88,-40.65,-53.58,2026-06-29 22:41:04+00:00
2026-06-29T22:42:04+00:00,-49.46,-56.77,-58.54,-58.04,-61.35,-46.69,-50.07,-58.03,-52.27,-42.04,-52.82,-56.90,-50.31,-46.30,-48.53,-40.56,-51.47,2026-06-29 22:42:04+00:00
2026-06-29T22:43:03+00:00,-50.21,-55.44,-56.54,-56.36,-62.18,-46.69,-49.49,-56.17,-52.79,-42.37,-52.15,-55.35,-50.49,-46.03,-48.40,-41.21,-52.75,2026-06-29 22:43:03+00:00
2026-06-29T22:44:03+00:00,-50.52,-56.45,-58.67,-58.48,-61.11,-46.89,-49.77,-56.97,-52.51,-42.80,-53.34,-56.61,-54.67,-47.67,-49.15,-43.18,-53.52,2026-06-29 22:44:03+00:00
2026-06-29T22:45:04+00:00,-50.71,-54.98,-59.00,-58.64,-61.12,-46.92,-49.74,-57.91,-52.85,-42.87,-53.67,-57.42,-54.23,-46.70,-49.04,-44.65,-54.21,2026-06-29 22:45:04+00:00
2026-06-29T22:46:04+00:00,-50.54,-55.53,-59.76,-58.69,-61.33,-47.06,-49.87,-58.06,-53.00,-43.31,-53.56,-57.38,-53.96,-47.29,-49.05,-46.02,-52.58,2026-06-29 22:46:04+00:00
2026-06-29T22:47:04+00:00,-50.27,-55.46,-58.20,-57.75,-61.08,-46.90,-49.59,-56.64,-52.76,-43.92,-53.45,-56.52,-53.82,-46.75,-48.07,-46.63,-52.67,2026-06-29 22:47:04+00:00
2026-06-29T22:48:03+00:00,-50.00,-55.95,-58.46,-58.13,-61.49,-46.92,-49.64,-57.94,-52.92,-44.28,-53.70,-57.07,-53.66,-46.99,-47.84,-45.97,-52.38,2026-06-29 22:48:03+00:00
2026-06-29T22:49:03+00:00,-50.87,-56.55,-58.70,-58.12,-61.02,-46.96,-49.93,-58.02,-52.79,-44.27,-53.94,-57.51,-53.61,-46.75,-48.25,-45.94,-51.36,2026-06-29 22:49:03+00:00
2026-06-29T22:50:04+00:00,-48.31,-56.24,-58.28,-57.17,-61.45,-47.02,-49.72,-58.31,-52.44,-43.39,-53.82,-57.66,-53.70,-45.99,-48.49,-45.06,-50.95,2026-06-29 22:50:04+00:00
2026-06-29T22:51:04+00:00,-49.97,-57.09,-58.97,-59.04,-61.35,-47.02,-49.79,-57.47,-53.13,-42.62,-53.93,-57.87,-53.62,-44.66,-49.81,-45.08,-51.74,2026-06-29 22:51:04+00:00
2026-06-29T22:52:03+00:00,-49.21,-57.22,-59.47,-58.32,-61.69,-47.13,-49.83,-58.92,-53.41,-43.09,-53.95,-58.55,-54.49,-45.25,-49.07,-44.59,-51.79,2026-06-29 22:52:03+00:00
2026-06-29T22:53:03+00:00,-49.55,-57.29,-59.98,-58.94,-61.96,-47.04,-50.06,-58.95,-51.04,-43.91,-53.92,-57.47,-54.73,-46.10,-49.55,-42.99,-51.08,2026-06-29 22:53:03+00:00
2026-06-29T22:54:04+00:00,-49.64,-58.09,-60.08,-59.90,-62.48,-47.19,-49.98,-59.86,-51.12,-45.99,-53.95,-58.70,-54.61,-46.33,-50.07,-42.54,-52.85,2026-06-29 22:54:04+00:00
2026-06-29T22:55:04+00:00,-49.56,-57.31,-59.55,-59.22,-61.35,-47.18,-49.81,-59.03,-51.16,-46.07,-54.21,-57.34,-54.02,-46.08,-50.66,-42.04,-52.60,2026-06-29 22:55:04+00:00
2026-06-29T22:56:03+00:00,-49.57,-57.02,-59.36,-58.62,-61.20,-47.18,-49.71,-57.83,-50.62,-45.96,-54.05,-57.46,-54.36,-45.61,-50.51,-42.33,-51.44,2026-06-29 22:56:03+00:00
2026-06-29T22:57:03+00:00,-49.32,-57.54,-60.61,-59.17,-61.93,-47.28,-49.90,-58.80,-51.04,-46.12,-54.52,-58.00,-55.38,-45.05,-51.15,-42.56,-53.00,2026-06-29 22:57:03+00:00
2026-06-29T22:58:04+00:00,-49.29,-56.18,-59.37,-58.06,-61.92,-47.20,-49.79,-58.59,-50.84,-45.49,-54.49,-57.58,-55.11,-43.80,-51.17,-42.32,-53.19,2026-06-29 22:58:04+00:00
2026-06-29T22:59:04+00:00,-49.22,-55.89,-59.62,-58.00,-61.66,-47.16,-49.86,-57.39,-51.66,-44.53,-54.16,-57.94,-55.67,-45.45,-51.03,-42.00,-51.43,2026-06-29 22:59:04+00:00
2026-06-29T23:00:04+00:00,-49.59,-57.34,-60.07,-59.57,-62.54,-47.21,-49.97,-59.18,-51.84,-44.76,-54.48,-57.67,-55.40,-46.67,-50.51,-42.04,-52.48,2026-06-29 23:00:04+00:00
2026-06-29T23:01:04+00:00,-49.60,-55.34,-58.24,-57.70,-61.27,-47.17,-49.66,-57.25,-51.39,-44.31,-54.33,-56.55,-55.10,-47.32,-51.57,-43.60,-52.97,2026-06-29 23:01:04+00:00
2026-06-29T23:02:03+00:00,-49.73,-57.66,-58.45,-58.34,-61.28,-47.17,-49.55,-57.54,-51.21,-44.72,-54.20,-57.10,-55.33,-46.71,-50.52,-42.55,-52.29,2026-06-29 23:02:03+00:00
2026-06-29T23:03:04+00:00,-49.77,-58.31,-60.13,-58.98,-62.73,-47.14,-49.91,-59.28,-51.77,-44.73,-54.37,-57.33,-55.69,-47.02,-50.71,-41.49,-52.95,2026-06-29 23:03:04+00:00
2026-06-29T23:04:04+00:00,-49.67,-58.07,-60.47,-60.37,-61.70,-57.18,-49.81,-58.39,-51.63,-44.63,-54.19,-57.60,-56.55,-45.95,-50.96,-41.37,-51.81,2026-06-29 23:04:04+00:00
2026-06-29T23:05:04+00:00,-49.71,-58.57,-61.01,-59.77,-62.68,-57.44,-50.10,-59.80,-51.67,-45.19,-54.49,-58.35,-56.69,-45.36,-50.69,-42.48,-53.41,2026-06-29 23:05:04+00:00
2026-06-29T23:06:04+00:00,-49.66,-58.32,-61.09,-59.12,-61.67,-57.71,-49.91,-60.30,-51.87,-45.74,-54.17,-58.27,-55.62,-45.56,-49.87,-41.72,-51.85,2026-06-29 23:06:04+00:00
2026-06-29T23:07:03+00:00,-49.47,-58.49,-60.88,-59.77,-63.08,-57.31,-50.46,-60.69,-52.41,-45.88,-54.43,-58.95,-56.50,-46.60,-49.51,-41.69,-53.50,2026-06-29 23:07:03+00:00
2026-06-29T23:08:03+00:00,-49.27,-57.61,-59.46,-58.56,-61.06,-56.61,-49.92,-58.95,-55.09,-46.34,-53.69,-57.19,-56.07,-46.88,-49.52,-40.50,-52.04,2026-06-29 23:08:03+00:00
2026-06-29T23:09:04+00:00,-49.47,-57.84,-59.35,-59.23,-62.04,-56.73,-50.03,-59.18,-54.83,-46.75,-53.77,-58.50,-56.19,-47.15,-48.88,-39.93,-52.31,2026-06-29 23:09:04+00:00
2026-06-29T23:10:04+00:00,-49.27,-56.61,-60.17,-58.95,-62.83,-57.13,-49.93,-59.12,-55.33,-45.26,-54.28,-59.35,-55.72,-46.60,-49.08,-40.16,-54.11,2026-06-29 23:10:04+00:00
2026-06-29T23:11:03+00:00,-49.18,-57.12,-60.95,-59.04,-61.83,-57.78,-49.77,-59.63,-55.36,-43.65,-54.40,-59.40,-55.35,-46.63,-49.09,-40.33,-51.95,2026-06-29 23:11:03+00:00
2026-06-29T23:12:03+00:00,-49.41,-58.21,-59.27,-58.46,-60.98,-57.16,-49.76,-58.55,-54.71,-43.81,-54.03,-57.78,-55.84,-46.37,-49.72,-41.60,-51.07,2026-06-29 23:12:03+00:00
2026-06-29T23:13:04+00:00,-49.15,-58.55,-61.65,-59.65,-62.58,-57.75,-49.99,-60.59,-55.73,-43.32,-54.24,-60.49,-56.68,-46.29,-50.28,-42.02,-52.58,2026-06-29 23:13:04+00:00
2026-06-29T23:14:03+00:00,-49.13,-57.35,-60.34,-58.70,-61.38,-56.68,-49.77,-58.46,-55.13,-44.08,-53.95,-59.04,-55.95,-46.13,-50.09,-43.22,-51.50,2026-06-29 23:14:03+00:00
2026-06-29T23:15:03+00:00,-49.53,-59.11,-61.47,-60.46,-62.51,-57.92,-50.14,-60.90,-55.59,-43.61,-54.63,-60.49,-56.98,-47.44,-50.40,-42.57,-50.99,2026-06-29 23:15:03+00:00
2026-06-29T23:16:04+00:00,-49.34,-56.96,-59.46,-59.23,-60.88,-56.31,-49.89,-57.98,-56.50,-43.69,-53.58,-59.13,-55.16,-45.95,-50.35,-41.89,-51.24,2026-06-29 23:16:04+00:00
2026-06-29T23:17:04+00:00,-49.18,-58.20,-61.82,-60.28,-61.47,-56.55,-49.81,-60.44,-57.86,-43.74,-54.65,-60.60,-56.08,-45.93,-51.41,-39.78,-53.67,2026-06-29 23:17:04+00:00
2026-06-29T23:18:04+00:00,-49.25,-57.33,-62.19,-59.64,-61.78,-56.56,-50.01,-59.87,-58.97,-43.56,-54.11,-60.50,-56.45,-46.79,-51.94,-39.47,-53.36,2026-06-29 23:18:04+00:00
2026-06-29T23:19:04+00:00,-49.36,-57.50,-63.06,-60.32,-62.36,-57.25,-50.09,-60.62,-59.36,-42.78,-54.10,-60.29,-56.89,-47.35,-52.01,-40.05,-53.96,2026-06-29 23:19:04+00:00
2026-06-29T23:20:03+00:00,-49.27,-57.51,-64.01,-59.86,-63.50,-58.08,-50.12,-60.99,-60.00,-42.21,-54.73,-61.12,-56.60,-47.34,-51.81,-38.92,-52.23,2026-06-29 23:20:03+00:00
2026-06-29T23:21:03+00:00,-49.27,-56.97,-61.41,-59.70,-61.39,-57.91,-50.11,-59.91,-58.46,-42.74,-54.56,-59.83,-56.02,-47.17,-51.33,-38.27,-53.34,2026-06-29 23:21:03+00:00
2026-06-29T23:22:04+00:00,-49.34,-55.02,-59.00,-59.05,-61.62,-56.10,-49.94,-57.04,-56.41,-42.59,-53.60,-58.64,-54.72,-45.81,-51.50,-37.56,-51.40,2026-06-29 23:22:04+00:00
2026-06-29T23:23:04+00:00,-49.50,-58.23,-64.48,-61.05,-62.49,-58.99,-57.51,-62.23,-59.12,-42.24,-55.10,-61.71,-56.16,-46.47,-51.20,-37.90,-51.83,2026-06-29 23:23:04+00:00
2026-06-29T23:24:03+00:00,-49.40,-58.31,-63.78,-60.75,-62.03,-58.56,-50.34,-62.32,-58.87,-42.32,-55.13,-60.44,-55.64,-45.61,-50.55,-38.79,-53.88,2026-06-29 23:24:03+00:00
2026-06-29T23:25:03+00:00,-49.71,-58.74,-65.25,-61.41,-61.56,-58.79,-50.06,-62.94,-59.31,-42.55,-55.06,-61.04,-56.18,-45.09,-50.64,-39.72,-53.78,2026-06-29 23:25:03+00:00
2026-06-29T23:26:04+00:00,-49.27,-58.32,-63.07,-61.01,-61.88,-58.01,-50.10,-61.20,-58.71,-42.03,-54.82,-60.08,-55.93,-46.17,-50.42,-39.47,-52.03,2026-06-29 23:26:04+00:00
2026-06-29T23:27:04+00:00,-48.93,-56.93,-62.78,-59.79,-62.02,-57.46,-50.26,-60.23,-58.09,-42.07,-54.68,-59.69,-56.31,-45.86,-50.58,-38.59,-51.83,2026-06-29 23:27:04+00:00
2026-06-29T23:28:04+00:00,-49.41,-58.74,-63.20,-60.76,-60.86,-57.91,-49.99,-61.80,-59.01,-42.49,-54.56,-60.27,-56.39,-44.53,-50.95,-37.00,-54.29,2026-06-29 23:28:04+00:00
2026-06-29T23:29:03+00:00,-49.30,-58.25,-63.42,-60.59,-61.70,-58.23,-49.96,-61.57,-55.66,-42.22,-54.22,-60.47,-56.07,-44.50,-50.15,-35.98,-53.22,2026-06-29 23:29:03+00:00
2026-06-29T23:30:03+00:00,-49.40,-58.41,-62.66,-60.29,-62.43,-58.08,-49.99,-61.70,-55.49,-41.86,-54.49,-60.89,-56.60,-45.24,-49.93,-36.10,-53.41,2026-06-29 23:30:03+00:00
2026-06-29T23:31:03+00:00,-49.33,-58.44,-63.87,-60.92,-60.87,-58.31,-50.19,-62.50,-55.75,-42.02,-54.57,-60.92,-57.57,-45.48,-50.41,-35.93,-53.49,2026-06-29 23:31:03+00:00
2026-06-29T23:32:04+00:00,-49.24,-58.12,-65.12,-61.28,-62.17,-58.71,-50.03,-63.39,-56.00,-42.90,-54.62,-61.41,-58.29,-44.99,-50.18,-35.58,-52.10,2026-06-29 23:32:04+00:00
2026-06-29T23:33:04+00:00,-49.47,-57.52,-62.44,-59.83,-61.69,-58.34,-49.91,-60.97,-55.52,-42.41,-54.13,-60.20,-56.51,-46.18,-50.52,-35.39,-54.03,2026-06-29 23:33:04+00:00
2026-06-29T23:34:04+00:00,-46.93,-54.51,-58.22,-58.78,-60.78,-54.86,-49.36,-54.65,-53.59,-41.72,-52.46,-57.53,-55.85,-45.08,-51.10,-35.75,-49.77,2026-06-29 23:34:04+00:00
2026-06-29T23:35:03+00:00,-48.18,-57.87,-60.98,-59.56,-62.09,-57.37,-49.71,-59.83,-54.99,-41.56,-54.38,-59.16,-56.68,-44.96,-51.38,-36.22,-52.82,2026-06-29 23:35:03+00:00
2026-06-29T23:36:03+00:00,-49.44,-59.51,-64.26,-61.13,-60.64,-58.85,-50.24,-62.57,-55.81,-41.06,-54.73,-61.17,-57.60,-44.62,-51.07,-36.34,-53.05,2026-06-29 23:36:03+00:00
2026-06-29T23:37:03+00:00,-47.69,-59.65,-65.68,-61.71,-61.37,-58.64,-50.28,-63.17,-55.95,-41.32,-54.67,-60.69,-57.46,-44.11,-50.72,-36.72,-51.73,2026-06-29 23:37:03+00:00
2026-06-29T23:38:04+00:00,-49.29,-59.65,-65.80,-61.87,-61.66,-58.90,-50.21,-63.00,-52.06,-42.77,-54.16,-60.85,-57.33,-43.80,-50.70,-37.52,-51.48,2026-06-29 23:38:04+00:00
2026-06-29T23:39:04+00:00,-49.04,-58.87,-64.52,-60.69,-60.66,-57.78,-50.07,-62.13,-52.12,-43.72,-54.12,-60.08,-57.91,-43.49,-50.34,-37.73,-54.25,2026-06-29 23:39:04+00:00
2026-06-29T23:40:04+00:00,-49.43,-58.38,-61.68,-60.78,-61.06,-57.31,-50.18,-61.11,-52.07,-44.01,-53.83,-59.04,-57.24,-43.29,-50.41,-37.50,-51.13,2026-06-29 23:40:04+00:00
2026-06-29T23:41:03+00:00,-47.45,-60.04,-66.53,-61.69,-63.25,-58.96,-49.97,-63.46,-52.33,-43.67,-54.15,-59.51,-57.82,-43.27,-50.73,-37.11,-54.49,2026-06-29 23:41:03+00:00
2026-06-29T23:42:03+00:00,-46.98,-59.65,-64.33,-60.69,-61.96,-58.41,-50.02,-61.64,-52.26,-44.34,-54.04,-59.26,-57.17,-43.10,-51.46,-36.86,-53.82,2026-06-29 23:42:03+00:00
2026-06-29T23:43:04+00:00,-49.81,-59.95,-64.54,-61.31,-62.60,-58.57,-49.95,-62.48,-52.38,-44.50,-54.11,-59.41,-57.18,-42.78,-51.50,-36.73,-53.16,2026-06-29 23:43:04+00:00
2026-06-29T23:44:04+00:00,-50.20,-59.58,-62.18,-60.57,-62.46,-57.48,-49.80,-59.44,-53.11,-45.83,-53.64,-58.73,-57.35,-43.08,-51.46,-35.94,-52.67,2026-06-29 23:44:04+00:00
2026-06-29T23:45:03+00:00,-50.10,-59.47,-65.50,-61.19,-61.35,-58.77,-50.10,-62.55,-53.56,-44.84,-53.89,-59.75,-58.03,-42.82,-52.27,-35.11,-51.90,2026-06-29 23:45:03+00:00
2026-06-29T23:46:03+00:00,-49.87,-58.47,-61.51,-59.61,-61.94,-57.99,-50.23,-60.89,-52.93,-44.96,-53.68,-58.44,-56.79,-42.52,-52.51,-35.10,-52.35,2026-06-29 23:46:03+00:00
2026-06-29T23:47:03+00:00,-49.98,-58.52,-60.65,-60.17,-62.80,-56.96,-50.04,-59.27,-52.73,-44.15,-52.91,-57.23,-56.28,-42.06,-52.36,-35.02,-52.16,2026-06-29 23:47:03+00:00
2026-06-29T23:48:03+00:00,-47.21,-58.83,-63.30,-60.70,-62.16,-58.03,-50.27,-61.10,-52.85,-44.02,-53.30,-58.32,-57.25,-41.69,-52.77,-35.14,-52.77,2026-06-29 23:48:03+00:00
2026-06-29T23:49:03+00:00,-47.76,-59.49,-62.28,-60.92,-61.65,-58.02,-50.26,-61.74,-52.90,-43.58,-53.58,-58.50,-57.28,-41.53,-53.09,-35.20,-52.96,2026-06-29 23:49:03+00:00
2026-06-29T23:50:04+00:00,-50.28,-59.56,-65.27,-61.32,-61.66,-58.46,-50.13,-61.05,-53.23,-43.27,-53.57,-58.76,-57.95,-41.27,-53.02,-36.10,-53.67,2026-06-29 23:50:04+00:00
2026-06-29T23:51:04+00:00,-48.70,-59.28,-65.18,-61.01,-62.68,-58.49,-50.16,-62.47,-53.24,-43.51,-52.97,-58.89,-58.20,-41.40,-52.62,-36.44,-51.11,2026-06-29 23:51:04+00:00
2026-06-29T23:52:03+00:00,-47.28,-59.74,-66.13,-61.52,-62.00,-58.92,-50.21,-63.25,-53.12,-43.18,-53.38,-59.03,-58.28,-42.10,-52.53,-35.33,-51.46,2026-06-29 23:52:03+00:00
2026-06-29T23:53:03+00:00,-48.07,-59.81,-66.47,-61.54,-61.98,-58.61,-50.20,-63.12,-58.79,-43.86,-52.92,-59.42,-57.72,-44.13,-52.67,-35.97,-51.63,2026-06-29 23:53:03+00:00
2026-06-29T23:54:03+00:00,-48.92,-59.11,-64.89,-61.10,-61.40,-58.43,-50.20,-62.58,-58.42,-43.16,-52.65,-59.32,-58.30,-44.20,-51.56,-36.74,-53.30,2026-06-29 23:54:03+00:00
2026-06-29T23:55:04+00:00,-49.29,-58.74,-66.21,-61.43,-62.36,-58.62,-50.09,-63.24,-58.58,-41.63,-52.63,-59.43,-58.60,-44.54,-51.07,-37.32,-53.05,2026-06-29 23:55:04+00:00
2026-06-29T23:56:04+00:00,-49.28,-58.92,-62.70,-60.87,-61.91,-57.59,-49.79,-61.48,-57.55,-40.98,-52.30,-58.69,-57.61,-44.37,-49.97,-37.14,-53.64,2026-06-29 23:56:04+00:00
2026-06-29T23:57:04+00:00,-46.91,-59.20,-66.05,-61.33,-62.71,-58.57,-50.33,-63.30,-58.87,-41.09,-52.20,-59.86,-58.37,-44.80,-48.91,-37.13,-53.50,2026-06-29 23:57:04+00:00
2026-06-29T23:58:03+00:00,-46.43,-59.21,-65.07,-61.08,-61.42,-58.82,-50.09,-62.80,-58.73,-40.92,-52.31,-59.71,-58.27,-44.97,-49.03,-37.03,-53.51,2026-06-29 23:58:03+00:00
2026-06-29T23:59:03+00:00,-46.66,-58.98,-66.07,-61.37,-62.04,-58.46,-50.25,-62.43,-57.13,-40.84,-52.31,-59.17,-57.64,-45.55,-48.70,-36.94,-52.77,2026-06-29 23:59:03+00:00
