data,4500,11350,27200,58750,89750,19600,20270,20900,22600,23400,24000,26700,29700,45900,63850,77500,Ch17,data_parsed
2026-06-26T00:00:04+00:00,-47.96,-59.96,-64.19,-61.51,-62.84,-45.03,-43.46,-60.75,-51.78,-43.36,-51.68,-60.89,-54.18,-38.08,-49.53,-35.98,-52.51,2026-06-26 00:00:04+00:00
2026-06-26T00:01:14+00:00,-47.87,-57.80,-63.43,-61.59,-61.96,-45.44,-43.41,-60.34,-51.82,-43.66,-51.49,-60.43,-53.99,-38.43,-49.52,-35.37,-53.35,2026-06-26 00:01:14+00:00
2026-06-26T00:02:03+00:00,-47.82,-59.79,-64.08,-61.31,-61.66,-45.41,-43.50,-60.20,-51.74,-44.30,-51.39,-61.21,-54.23,-38.42,-50.93,-35.38,-52.51,2026-06-26 00:02:03+00:00
2026-06-26T00:03:03+00:00,-47.88,-60.02,-64.61,-62.00,-63.13,-45.38,-43.43,-60.63,-51.78,-45.31,-51.33,-61.72,-54.92,-38.42,-51.04,-35.38,-52.63,2026-06-26 00:03:03+00:00
2026-06-26T00:04:03+00:00,-47.91,-59.31,-65.42,-61.45,-61.43,-45.58,-43.51,-61.03,-51.86,-46.18,-51.37,-62.60,-54.80,-38.57,-50.80,-35.80,-52.64,2026-06-26 00:04:03+00:00
2026-06-26T00:05:03+00:00,-47.64,-58.93,-63.20,-61.45,-61.37,-45.51,-43.46,-60.41,-51.66,-46.15,-51.42,-61.53,-54.99,-38.61,-50.04,-35.81,-54.01,2026-06-26 00:05:03+00:00
2026-06-26T00:06:04+00:00,-47.99,-60.99,-65.77,-61.78,-61.98,-45.33,-43.51,-61.09,-51.69,-47.35,-51.52,-63.12,-55.58,-38.95,-50.43,-36.14,-53.93,2026-06-26 00:06:04+00:00
2026-06-26T00:07:04+00:00,-47.73,-59.92,-65.05,-61.36,-62.26,-45.75,-43.46,-60.54,-55.98,-48.88,-51.45,-62.81,-55.18,-38.78,-50.04,-36.61,-52.51,2026-06-26 00:07:04+00:00
2026-06-26T00:08:04+00:00,-47.87,-59.57,-61.86,-61.50,-62.29,-45.11,-43.38,-59.44,-55.74,-48.83,-51.19,-59.50,-55.01,-38.99,-48.92,-37.18,-53.52,2026-06-26 00:08:04+00:00
2026-06-26T00:09:04+00:00,-47.71,-58.15,-63.20,-62.09,-64.18,-45.77,-43.38,-60.79,-55.59,-48.94,-51.11,-61.85,-55.37,-39.26,-48.81,-37.75,-53.70,2026-06-26 00:09:04+00:00
2026-06-26T00:10:04+00:00,-47.48,-57.64,-63.72,-61.67,-62.18,-44.87,-43.18,-60.21,-55.95,-48.81,-51.03,-62.34,-55.46,-39.68,-49.40,-37.72,-53.92,2026-06-26 00:10:04+00:00
2026-06-26T00:11:04+00:00,-47.41,-60.31,-64.56,-61.84,-62.40,-45.62,-43.40,-60.57,-56.09,-49.38,-51.02,-61.95,-55.51,-39.81,-49.44,-38.19,-54.09,2026-06-26 00:11:04+00:00
2026-06-26T00:12:03+00:00,-47.90,-60.41,-65.85,-61.69,-64.07,-45.37,-43.36,-61.00,-56.11,-50.59,-51.29,-62.91,-55.97,-39.61,-49.70,-38.91,-52.69,2026-06-26 00:12:03+00:00
2026-06-26T00:13:03+00:00,-47.64,-60.14,-62.96,-61.08,-61.88,-45.65,-43.38,-60.70,-55.08,-49.84,-51.18,-62.18,-56.07,-39.61,-49.45,-41.42,-54.21,2026-06-26 00:13:03+00:00
2026-06-26T00:14:03+00:00,-47.77,-61.06,-65.91,-61.56,-62.82,-45.52,-43.41,-60.97,-56.05,-50.50,-51.21,-63.18,-55.83,-39.39,-49.45,-43.20,-53.63,2026-06-26 00:14:03+00:00
2026-06-26T00:15:03+00:00,-48.24,-60.31,-65.49,-61.76,-61.36,-45.79,-43.39,-60.94,-56.05,-50.11,-51.23,-62.78,-55.92,-39.50,-49.57,-43.85,-52.44,2026-06-26 00:15:03+00:00
2026-06-26T00:16:03+00:00,-48.81,-59.91,-64.53,-61.71,-61.43,-45.80,-43.33,-60.98,-55.62,-49.52,-51.61,-62.87,-56.60,-40.01,-48.88,-43.87,-54.31,2026-06-26 00:16:03+00:00
2026-06-26T00:17:03+00:00,-48.80,-59.36,-63.05,-61.41,-61.56,-45.82,-43.44,-60.97,-55.49,-49.61,-51.46,-62.84,-56.04,-40.44,-49.19,-44.01,-53.79,2026-06-26 00:17:03+00:00
2026-06-26T00:18:03+00:00,-48.59,-59.53,-64.27,-61.34,-62.16,-46.10,-43.42,-61.06,-55.71,-49.73,-51.33,-62.63,-55.86,-40.22,-49.39,-44.38,-54.36,2026-06-26 00:18:03+00:00
2026-06-26T00:19:03+00:00,-49.24,-60.80,-65.52,-61.43,-62.23,-45.95,-43.44,-61.24,-54.62,-49.49,-51.49,-63.48,-55.97,-39.75,-49.64,-42.84,-54.18,2026-06-26 00:19:03+00:00
2026-06-26T00:20:04+00:00,-49.25,-59.21,-65.04,-61.41,-62.67,-45.75,-43.47,-60.49,-54.30,-50.38,-51.50,-63.15,-55.48,-39.36,-50.70,-42.12,-53.80,2026-06-26 00:20:04+00:00
2026-06-26T00:21:04+00:00,-49.13,-59.76,-65.27,-61.87,-63.04,-45.92,-43.42,-61.25,-54.74,-50.27,-51.57,-63.36,-56.19,-39.83,-50.42,-41.82,-52.74,2026-06-26 00:21:04+00:00
2026-06-26T00:22:04+00:00,-48.70,-60.94,-65.44,-61.69,-62.46,-45.03,-43.28,-60.94,-54.51,-49.51,-51.74,-63.34,-55.91,-40.51,-50.76,-40.87,-51.88,2026-06-26 00:22:04+00:00
2026-06-26T00:23:04+00:00,-48.77,-60.60,-64.51,-61.61,-62.02,-45.75,-43.45,-60.88,-53.00,-48.43,-51.64,-62.53,-55.82,-41.15,-50.63,-40.32,-51.84,2026-06-26 00:23:04+00:00
2026-06-26T00:24:04+00:00,-48.64,-59.82,-64.96,-61.64,-63.55,-45.60,-43.48,-60.96,-52.90,-47.21,-51.78,-62.41,-56.32,-41.27,-50.93,-38.77,-53.83,2026-06-26 00:24:04+00:00
2026-06-26T00:25:04+00:00,-48.95,-59.18,-65.20,-61.51,-62.52,-45.02,-43.43,-61.05,-53.17,-47.78,-51.92,-62.86,-56.23,-40.99,-50.99,-38.90,-54.37,2026-06-26 00:25:04+00:00
2026-06-26T00:26:04+00:00,-48.95,-59.09,-64.64,-61.69,-61.96,-45.33,-43.42,-61.01,-53.12,-48.43,-51.86,-61.94,-56.47,-40.95,-51.73,-39.29,-53.72,2026-06-26 00:26:04+00:00
2026-06-26T00:27:04+00:00,-48.74,-59.32,-65.12,-61.51,-62.59,-45.07,-43.35,-60.84,-53.20,-48.05,-51.95,-62.55,-56.39,-40.14,-52.36,-39.48,-54.09,2026-06-26 00:27:04+00:00
2026-06-26T00:28:04+00:00,-48.82,-59.85,-65.16,-61.92,-62.10,-45.21,-43.41,-61.00,-53.17,-46.93,-51.91,-62.70,-56.54,-39.10,-52.03,-39.21,-54.40,2026-06-26 00:28:04+00:00
2026-06-26T00:29:04+00:00,-48.62,-59.15,-65.14,-61.47,-62.35,-45.30,-43.41,-61.11,-53.16,-46.09,-51.84,-62.14,-56.55,-39.83,-52.70,-38.84,-53.25,2026-06-26 00:29:04+00:00
2026-06-26T00:30:04+00:00,-48.30,-59.52,-64.66,-61.53,-63.27,-45.31,-43.36,-61.11,-53.72,-45.46,-51.96,-61.04,-55.98,-39.66,-53.03,-38.02,-52.37,2026-06-26 00:30:04+00:00
2026-06-26T00:31:04+00:00,-47.88,-58.85,-64.23,-61.43,-61.85,-44.81,-44.03,-61.06,-54.28,-45.45,-52.02,-59.34,-56.07,-39.60,-52.93,-36.84,-52.25,2026-06-26 00:31:04+00:00
2026-06-26T00:32:03+00:00,-48.11,-59.19,-65.25,-61.48,-61.81,-45.01,-43.41,-61.10,-54.38,-45.62,-51.52,-59.75,-57.06,-39.92,-52.74,-37.18,-53.77,2026-06-26 00:32:03+00:00
2026-06-26T00:33:03+00:00,-48.07,-59.07,-65.19,-61.24,-63.74,-45.31,-43.45,-60.84,-54.76,-45.32,-51.82,-59.58,-56.29,-39.90,-52.58,-37.30,-52.43,2026-06-26 00:33:03+00:00
2026-06-26T00:34:03+00:00,-48.20,-58.94,-64.25,-61.50,-62.48,-44.84,-43.07,-60.23,-55.47,-45.06,-51.69,-59.62,-56.35,-40.32,-52.69,-37.85,-53.41,2026-06-26 00:34:03+00:00
2026-06-26T00:35:03+00:00,-47.96,-58.41,-64.41,-61.42,-62.37,-45.25,-43.48,-60.77,-55.82,-44.48,-51.58,-59.57,-56.57,-40.89,-52.23,-39.12,-52.45,2026-06-26 00:35:03+00:00
2026-06-26T00:36:03+00:00,-48.17,-60.13,-66.14,-61.44,-62.90,-45.25,-43.51,-61.38,-55.63,-45.37,-51.99,-60.08,-56.10,-40.85,-52.84,-38.20,-53.85,2026-06-26 00:36:03+00:00
2026-06-26T00:37:03+00:00,-48.05,-59.95,-65.71,-61.78,-62.63,-45.39,-43.55,-60.88,-50.89,-46.38,-52.01,-60.04,-55.97,-41.07,-52.58,-39.08,-53.60,2026-06-26 00:37:03+00:00
2026-06-26T00:38:03+00:00,-47.68,-59.17,-64.76,-61.32,-61.27,-45.13,-43.41,-60.52,-51.81,-45.65,-51.90,-59.40,-55.59,-41.22,-52.97,-40.54,-51.29,2026-06-26 00:38:03+00:00
2026-06-26T00:39:03+00:00,-48.09,-59.41,-65.49,-61.19,-63.33,-44.48,-43.38,-60.99,-52.12,-44.70,-51.93,-59.68,-55.36,-40.87,-52.77,-40.79,-54.31,2026-06-26 00:39:03+00:00
2026-06-26T00:40:03+00:00,-48.13,-59.61,-65.92,-61.35,-61.99,-44.94,-43.44,-61.21,-52.15,-45.39,-52.18,-60.00,-55.97,-40.57,-53.08,-41.12,-52.30,2026-06-26 00:40:03+00:00
2026-06-26T00:41:03+00:00,-48.42,-59.63,-65.17,-61.73,-61.70,-44.64,-43.45,-61.14,-52.27,-45.39,-52.21,-60.18,-56.60,-40.46,-54.09,-42.03,-54.10,2026-06-26 00:41:03+00:00
2026-06-26T00:42:03+00:00,-47.76,-58.88,-64.47,-61.67,-62.98,-44.93,-43.53,-61.42,-52.99,-44.79,-51.61,-60.28,-56.21,-40.81,-55.11,-42.68,-54.50,2026-06-26 00:42:03+00:00
2026-06-26T00:43:03+00:00,-48.22,-59.31,-65.38,-61.16,-61.66,-45.03,-43.53,-61.25,-52.85,-44.82,-51.93,-59.96,-56.14,-41.42,-55.36,-42.74,-52.50,2026-06-26 00:43:03+00:00
2026-06-26T00:44:03+00:00,-48.24,-59.02,-65.07,-61.36,-62.90,-44.97,-43.45,-61.15,-52.82,-44.88,-51.85,-59.77,-56.40,-41.16,-54.96,-42.37,-52.62,2026-06-26 00:44:03+00:00
2026-06-26T00:45:03+00:00,-48.81,-60.14,-65.74,-61.20,-63.57,-44.87,-43.44,-61.46,-52.73,-44.30,-51.72,-60.01,-56.76,-40.73,-54.79,-41.84,-52.56,2026-06-26 00:45:03+00:00
2026-06-26T00:46:03+00:00,-49.05,-59.34,-64.70,-61.55,-61.24,-44.38,-43.23,-60.90,-53.06,-43.66,-51.52,-59.74,-57.08,-41.27,-55.32,-40.35,-53.80,2026-06-26 00:46:03+00:00
2026-06-26T00:47:03+00:00,-49.02,-58.79,-65.46,-61.49,-60.69,-45.03,-43.41,-60.80,-52.98,-43.55,-51.69,-59.63,-56.95,-42.38,-55.49,-39.73,-53.61,2026-06-26 00:47:03+00:00
2026-06-26T00:48:04+00:00,-49.58,-59.35,-65.73,-62.12,-62.85,-44.78,-44.04,-61.47,-52.63,-44.12,-51.44,-59.43,-57.47,-43.19,-55.63,-40.27,-54.07,2026-06-26 00:48:04+00:00
2026-06-26T00:49:03+00:00,-48.93,-60.00,-65.64,-61.55,-61.65,-44.92,-43.53,-61.16,-52.76,-44.17,-51.49,-60.21,-57.67,-42.50,-54.41,-40.32,-52.82,2026-06-26 00:49:03+00:00
2026-06-26T00:50:03+00:00,-49.16,-59.22,-64.31,-61.56,-61.94,-44.72,-43.47,-61.18,-52.54,-44.05,-51.54,-61.00,-56.98,-42.13,-53.87,-40.58,-52.37,2026-06-26 00:50:03+00:00
2026-06-26T00:51:03+00:00,-48.76,-60.16,-66.13,-61.78,-61.48,-44.29,-43.31,-61.27,-52.81,-43.92,-51.77,-62.10,-56.77,-42.93,-54.48,-41.30,-54.29,2026-06-26 00:51:03+00:00
2026-06-26T00:52:03+00:00,-46.87,-59.64,-65.30,-61.63,-62.11,-44.74,-43.42,-61.36,-62.56,-43.08,-51.94,-61.43,-56.97,-43.74,-55.03,-41.11,-54.36,2026-06-26 00:52:03+00:00
2026-06-26T00:53:03+00:00,-49.46,-58.68,-64.34,-61.26,-62.32,-44.96,-43.50,-61.31,-62.32,-42.96,-51.96,-61.53,-56.93,-44.30,-54.72,-40.84,-51.88,2026-06-26 00:53:03+00:00
2026-06-26T00:54:03+00:00,-49.16,-59.62,-66.03,-61.76,-63.51,-44.57,-43.46,-61.54,-60.64,-42.64,-51.73,-61.84,-57.22,-44.61,-54.84,-41.00,-53.77,2026-06-26 00:54:03+00:00
2026-06-26T00:55:03+00:00,-49.21,-59.92,-65.18,-61.09,-61.39,-44.92,-43.44,-61.32,-59.83,-42.29,-51.74,-62.20,-57.74,-44.19,-54.38,-39.69,-54.07,2026-06-26 00:55:03+00:00
2026-06-26T00:56:03+00:00,-48.70,-58.93,-64.32,-61.30,-62.00,-44.95,-43.44,-61.27,-59.90,-42.04,-51.40,-61.84,-57.94,-44.32,-54.23,-40.11,-54.38,2026-06-26 00:56:03+00:00
2026-06-26T00:57:03+00:00,-49.03,-58.91,-64.42,-61.52,-62.89,-44.82,-43.49,-61.40,-59.84,-42.51,-51.10,-62.35,-58.64,-45.13,-54.33,-40.53,-54.29,2026-06-26 00:57:03+00:00
2026-06-26T00:58:03+00:00,-46.88,-57.27,-63.47,-61.24,-62.15,-44.29,-43.35,-60.33,-59.37,-42.59,-50.84,-61.05,-57.39,-45.53,-55.07,-41.32,-52.58,2026-06-26 00:58:03+00:00
2026-06-26T00:59:04+00:00,-46.84,-59.33,-64.79,-61.40,-61.44,-44.85,-43.48,-61.12,-59.71,-41.83,-50.99,-61.62,-58.37,-46.22,-55.59,-40.81,-52.65,2026-06-26 00:59:04+00:00
2026-06-26T01:00:04+00:00,-46.73,-59.92,-65.44,-61.68,-63.30,-44.58,-43.49,-61.30,-59.31,-42.40,-51.01,-61.74,-58.05,-46.26,-55.79,-42.04,-53.52,2026-06-26 01:00:04+00:00
2026-06-26T01:01:05+00:00,-46.83,-58.87,-63.86,-61.53,-61.64,-45.19,-43.47,-60.99,-58.35,-42.59,-50.63,-61.19,-57.17,-45.84,-55.83,-42.36,-52.23,2026-06-26 01:01:05+00:00
2026-06-26T01:02:04+00:00,-49.16,-59.84,-64.95,-61.71,-61.96,-44.82,-43.46,-61.30,-58.71,-42.08,-50.28,-62.03,-57.43,-46.80,-55.94,-42.35,-52.58,2026-06-26 01:02:04+00:00
2026-06-26T01:03:04+00:00,-46.60,-58.08,-63.92,-61.17,-61.84,-44.55,-43.34,-60.68,-57.16,-41.85,-50.61,-61.83,-56.66,-46.30,-55.85,-42.35,-52.56,2026-06-26 01:03:04+00:00
2026-06-26T01:04:04+00:00,-46.72,-59.62,-65.00,-61.55,-61.01,-45.21,-43.49,-61.39,-57.09,-42.04,-50.50,-62.34,-56.83,-46.84,-55.68,-42.65,-53.85,2026-06-26 01:04:04+00:00
2026-06-26T01:05:04+00:00,-46.81,-59.07,-65.29,-61.47,-61.77,-45.39,-43.54,-61.29,-57.09,-42.50,-50.66,-62.85,-56.21,-47.24,-55.57,-42.35,-52.61,2026-06-26 01:05:04+00:00
2026-06-26T01:06:04+00:00,-46.78,-59.30,-65.08,-61.60,-63.58,-45.11,-43.48,-61.27,-57.12,-42.30,-50.33,-62.68,-56.12,-46.76,-55.83,-42.15,-51.38,2026-06-26 01:06:04+00:00
2026-06-26T01:07:04+00:00,-46.65,-59.26,-65.32,-61.32,-62.03,-45.09,-43.45,-61.14,-56.99,-42.72,-50.19,-62.41,-56.20,-47.25,-55.03,-42.57,-54.10,2026-06-26 01:07:04+00:00
2026-06-26T01:08:04+00:00,-48.60,-59.69,-65.81,-61.48,-60.69,-45.10,-43.44,-61.41,-54.46,-43.12,-50.43,-62.55,-56.16,-47.53,-55.42,-44.17,-54.17,2026-06-26 01:08:04+00:00
2026-06-26T01:09:04+00:00,-48.66,-60.27,-65.02,-61.62,-63.22,-45.27,-43.39,-61.18,-54.63,-43.70,-50.09,-61.42,-55.91,-47.58,-55.73,-47.50,-52.84,2026-06-26 01:09:04+00:00
2026-06-26T01:10:04+00:00,-46.45,-59.12,-65.40,-61.20,-60.83,-44.61,-43.26,-61.09,-54.64,-44.27,-50.28,-61.11,-56.27,-47.92,-56.38,-48.89,-52.70,2026-06-26 01:10:04+00:00
2026-06-26T01:11:04+00:00,-46.80,-59.66,-65.31,-61.52,-60.31,-45.14,-43.49,-61.37,-54.70,-44.21,-49.87,-60.16,-56.59,-47.80,-56.17,-47.07,-52.42,2026-06-26 01:11:04+00:00
2026-06-26T01:12:04+00:00,-46.57,-58.79,-65.90,-61.47,-62.59,-44.69,-43.41,-61.48,-54.36,-44.15,-49.62,-59.90,-56.67,-48.43,-55.79,-46.38,-54.77,2026-06-26 01:12:04+00:00
2026-06-26T01:13:04+00:00,-45.43,-59.78,-65.19,-61.68,-61.31,-45.26,-43.50,-61.41,-53.73,-44.20,-49.37,-59.41,-56.24,-47.47,-56.03,-44.84,-52.52,2026-06-26 01:13:04+00:00
2026-06-26T01:14:04+00:00,-45.62,-60.93,-65.85,-61.34,-61.79,-46.23,-50.31,-62.84,-53.86,-44.34,-49.14,-59.39,-55.67,-47.67,-56.01,-46.23,-52.37,2026-06-26 01:14:04+00:00
2026-06-26T01:15:04+00:00,-45.72,-59.97,-66.44,-61.30,-63.79,-45.66,-49.76,-63.24,-53.51,-44.78,-49.29,-59.72,-55.65,-47.95,-55.25,-46.79,-52.64,2026-06-26 01:15:04+00:00
2026-06-26T01:16:04+00:00,-45.59,-60.07,-64.73,-61.29,-61.77,-46.16,-50.17,-63.23,-53.70,-45.01,-49.18,-60.76,-55.23,-48.08,-54.04,-47.13,-52.66,2026-06-26 01:16:04+00:00
2026-06-26T01:17:04+00:00,-45.59,-56.58,-65.78,-61.54,-62.05,-46.35,-49.99,-60.73,-53.82,-45.23,-48.83,-60.01,-55.39,-46.67,-53.16,-49.71,-52.44,2026-06-26 01:17:04+00:00
2026-06-26T01:18:04+00:00,-45.22,-60.90,-65.69,-61.50,-63.05,-45.12,-43.31,-61.17,-54.56,-45.69,-48.66,-60.57,-55.60,-45.71,-53.06,-49.45,-52.45,2026-06-26 01:18:04+00:00
2026-06-26T01:19:03+00:00,-45.44,-58.85,-65.37,-61.03,-62.44,-45.16,-43.29,-61.48,-54.56,-46.12,-48.66,-59.61,-56.14,-45.99,-52.82,-50.03,-52.20,2026-06-26 01:19:03+00:00
2026-06-26T01:20:03+00:00,-45.26,-59.81,-65.19,-61.53,-62.13,-45.03,-43.35,-61.44,-54.54,-45.76,-48.59,-60.29,-55.84,-46.09,-52.64,-53.20,-52.32,2026-06-26 01:20:03+00:00
2026-06-26T01:21:03+00:00,-45.46,-59.29,-65.76,-61.61,-62.17,-45.09,-43.28,-61.61,-54.55,-46.77,-48.61,-60.13,-55.76,-44.64,-52.55,-50.26,-52.23,2026-06-26 01:21:03+00:00
2026-06-26T01:22:03+00:00,-45.00,-59.08,-65.19,-61.46,-62.66,-44.54,-43.17,-61.20,-50.96,-48.17,-48.38,-61.01,-55.64,-44.44,-51.52,-49.66,-52.66,2026-06-26 01:22:03+00:00
2026-06-26T01:23:03+00:00,-45.39,-59.30,-64.77,-61.38,-61.51,-44.89,-43.24,-61.05,-51.89,-48.66,-48.40,-60.03,-55.60,-44.12,-51.74,-48.20,-52.53,2026-06-26 01:23:03+00:00
2026-06-26T01:24:03+00:00,-45.84,-60.92,-65.51,-61.27,-63.48,-44.95,-43.22,-61.58,-52.09,-48.53,-48.28,-60.52,-55.14,-44.14,-52.31,-48.49,-52.92,2026-06-26 01:24:03+00:00
2026-06-26T01:25:03+00:00,-45.64,-60.05,-65.47,-61.44,-62.38,-45.02,-43.21,-61.34,-52.08,-50.03,-48.22,-60.25,-54.64,-43.83,-52.25,-47.56,-52.67,2026-06-26 01:25:03+00:00
2026-06-26T01:26:03+00:00,-45.54,-60.07,-65.44,-61.46,-61.58,-44.97,-43.15,-60.34,-52.35,-51.10,-48.16,-60.25,-54.33,-43.50,-52.23,-49.65,-52.61,2026-06-26 01:26:03+00:00
2026-06-26T01:27:03+00:00,-45.92,-60.93,-66.02,-61.70,-62.64,-44.54,-43.10,-61.59,-52.49,-50.80,-48.66,-60.93,-54.24,-43.17,-52.07,-49.18,-54.38,2026-06-26 01:27:03+00:00
2026-06-26T01:28:03+00:00,-47.01,-59.62,-65.65,-61.94,-62.62,-44.80,-43.20,-61.61,-52.85,-50.08,-48.49,-60.79,-54.07,-43.01,-52.54,-46.59,-54.36,2026-06-26 01:28:03+00:00
2026-06-26T01:29:03+00:00,-46.43,-60.51,-65.05,-61.69,-61.01,-44.87,-43.22,-61.18,-52.96,-50.58,-48.50,-60.65,-53.91,-43.47,-52.17,-46.19,-52.89,2026-06-26 01:29:03+00:00
2026-06-26T01:30:03+00:00,-46.94,-60.80,-65.73,-61.41,-61.94,-44.97,-43.29,-61.56,-52.99,-51.45,-48.36,-60.54,-54.12,-43.31,-52.44,-44.56,-52.56,2026-06-26 01:30:03+00:00
2026-06-26T01:31:03+00:00,-47.26,-59.63,-65.52,-61.67,-61.42,-44.92,-43.28,-61.45,-52.93,-52.84,-48.21,-60.39,-53.80,-42.91,-52.57,-43.74,-53.51,2026-06-26 01:31:03+00:00
2026-06-26T01:32:04+00:00,-46.93,-59.72,-65.77,-61.32,-61.83,-44.98,-43.30,-61.57,-53.02,-51.70,-48.19,-60.46,-53.79,-41.45,-52.72,-43.42,-54.09,2026-06-26 01:32:04+00:00
2026-06-26T01:33:04+00:00,-46.85,-59.13,-65.91,-61.62,-63.47,-44.95,-43.28,-61.41,-52.91,-51.29,-48.33,-60.23,-53.93,-41.60,-52.82,-42.77,-52.63,2026-06-26 01:33:04+00:00
2026-06-26T01:34:04+00:00,-47.02,-59.37,-65.07,-61.04,-61.54,-44.30,-43.14,-61.01,-52.95,-51.94,-48.19,-59.76,-53.89,-41.31,-53.15,-41.90,-52.76,2026-06-26 01:34:04+00:00
2026-06-26T01:35:04+00:00,-47.20,-59.52,-65.81,-61.34,-61.42,-44.94,-43.28,-61.57,-53.00,-51.28,-48.31,-59.45,-54.12,-42.17,-54.47,-41.75,-52.72,2026-06-26 01:35:04+00:00
2026-06-26T01:36:04+00:00,-47.39,-59.34,-66.29,-61.55,-62.39,-44.73,-43.28,-61.26,-53.07,-51.52,-48.15,-60.20,-54.10,-41.98,-54.03,-42.04,-54.65,2026-06-26 01:36:04+00:00
2026-06-26T01:37:04+00:00,-46.97,-59.40,-65.80,-61.55,-61.88,-44.94,-43.28,-61.17,-63.08,-51.42,-47.98,-61.48,-53.98,-41.92,-53.63,-41.93,-52.61,2026-06-26 01:37:04+00:00
2026-06-26T01:38:04+00:00,-46.57,-59.80,-63.98,-61.28,-62.22,-44.87,-43.27,-60.98,-62.67,-51.54,-47.86,-60.56,-54.12,-41.99,-53.10,-42.36,-52.80,2026-06-26 01:38:04+00:00
2026-06-26T01:39:04+00:00,-46.79,-60.12,-65.57,-61.52,-62.16,-44.51,-43.16,-60.95,-62.51,-51.85,-48.17,-62.07,-54.20,-41.92,-53.52,-42.43,-53.48,2026-06-26 01:39:04+00:00
2026-06-26T01:40:04+00:00,-46.79,-60.38,-65.08,-61.50,-62.20,-44.92,-43.29,-61.39,-61.29,-52.37,-47.85,-61.59,-54.58,-41.84,-54.46,-42.51,-54.31,2026-06-26 01:40:04+00:00
2026-06-26T01:41:04+00:00,-46.97,-60.81,-65.62,-61.61,-62.55,-44.83,-43.28,-61.37,-60.88,-52.76,-48.09,-61.98,-54.66,-42.28,-54.76,-42.47,-54.17,2026-06-26 01:41:04+00:00
2026-06-26T01:42:04+00:00,-46.80,-59.72,-65.77,-61.37,-61.75,-45.16,-43.33,-61.48,-60.54,-52.85,-48.07,-62.63,-54.74,-42.55,-54.47,-41.17,-54.24,2026-06-26 01:42:04+00:00
2026-06-26T01:43:04+00:00,-46.51,-58.38,-65.59,-61.45,-61.42,-44.82,-43.32,-61.33,-60.17,-52.48,-48.16,-62.48,-55.06,-42.42,-53.42,-40.42,-54.48,2026-06-26 01:43:04+00:00
2026-06-26T01:44:04+00:00,-46.84,-59.65,-65.49,-61.77,-61.56,-44.63,-43.36,-61.43,-60.44,-55.74,-47.98,-62.58,-54.96,-42.51,-54.11,-39.56,-54.33,2026-06-26 01:44:04+00:00
2026-06-26T01:45:04+00:00,-46.73,-59.32,-64.63,-61.92,-62.11,-44.58,-43.19,-61.45,-59.80,-55.38,-47.85,-62.52,-54.96,-42.71,-54.35,-39.92,-54.44,2026-06-26 01:45:04+00:00
2026-06-26T01:46:04+00:00,-46.83,-60.13,-66.01,-61.41,-62.53,-44.50,-43.24,-61.30,-59.08,-56.62,-47.77,-62.07,-54.58,-42.19,-53.74,-39.97,-54.54,2026-06-26 01:46:04+00:00
2026-06-26T01:47:04+00:00,-46.50,-59.33,-64.97,-61.49,-62.29,-45.02,-43.37,-61.49,-58.95,-56.76,-47.58,-61.03,-54.47,-42.18,-53.22,-39.69,-54.47,2026-06-26 01:47:04+00:00
2026-06-26T01:48:04+00:00,-46.59,-61.01,-65.66,-61.86,-62.86,-45.11,-43.33,-61.44,-57.31,-56.42,-47.47,-61.73,-54.49,-41.99,-53.81,-40.77,-54.57,2026-06-26 01:48:04+00:00
2026-06-26T01:49:04+00:00,-46.77,-59.76,-64.10,-61.50,-63.10,-44.71,-43.33,-60.66,-56.84,-56.03,-47.30,-61.10,-54.13,-41.13,-54.05,-40.99,-54.66,2026-06-26 01:49:04+00:00
2026-06-26T01:50:04+00:00,-46.35,-60.19,-65.58,-61.78,-62.23,-44.67,-43.95,-60.59,-57.24,-55.63,-47.27,-63.38,-53.86,-41.91,-54.66,-40.66,-54.74,2026-06-26 01:50:04+00:00
2026-06-26T01:51:04+00:00,-46.25,-59.65,-66.23,-61.25,-62.55,-44.97,-43.35,-61.66,-57.81,-54.96,-47.36,-63.51,-53.95,-41.86,-54.12,-40.97,-54.31,2026-06-26 01:51:04+00:00
2026-06-26T01:52:04+00:00,-46.49,-59.48,-65.42,-61.46,-62.17,-45.42,-43.48,-61.41,-57.78,-55.03,-47.42,-62.68,-54.09,-41.16,-53.61,-42.95,-54.00,2026-06-26 01:52:04+00:00
2026-06-26T01:53:03+00:00,-46.42,-59.12,-65.32,-61.52,-61.20,-45.48,-43.43,-60.66,-54.82,-54.78,-47.06,-62.79,-53.91,-40.87,-53.96,-43.86,-54.67,2026-06-26 01:53:03+00:00
2026-06-26T01:54:04+00:00,-46.54,-59.15,-63.89,-61.56,-62.17,-45.10,-43.50,-61.22,-54.87,-54.85,-47.23,-61.75,-53.89,-41.26,-53.95,-44.45,-54.37,2026-06-26 01:54:04+00:00
2026-06-26T01:55:03+00:00,-46.37,-59.58,-63.59,-61.23,-62.03,-45.47,-43.41,-61.34,-55.11,-55.50,-47.05,-61.29,-53.81,-40.43,-53.82,-44.61,-54.24,2026-06-26 01:55:03+00:00
2026-06-26T01:56:03+00:00,-46.28,-59.73,-64.69,-61.18,-61.31,-45.29,-43.48,-61.46,-55.22,-54.53,-46.86,-62.44,-53.87,-40.78,-53.27,-45.13,-53.94,2026-06-26 01:56:03+00:00
2026-06-26T01:57:03+00:00,-45.55,-59.88,-65.97,-61.55,-61.87,-45.33,-43.43,-61.73,-54.53,-55.16,-46.72,-61.91,-54.17,-40.13,-52.95,-45.54,-54.47,2026-06-26 01:57:03+00:00
2026-06-26T01:58:03+00:00,-45.18,-58.74,-64.37,-61.75,-62.54,-44.59,-43.27,-61.10,-53.90,-54.98,-46.81,-60.57,-54.55,-39.80,-53.18,-45.60,-54.40,2026-06-26 01:58:03+00:00
2026-06-26T01:59:03+00:00,-44.99,-59.48,-65.37,-61.54,-61.68,-44.82,-43.45,-61.39,-53.65,-54.71,-46.63,-60.15,-54.20,-40.17,-53.49,-45.40,-54.28,2026-06-26 01:59:03+00:00
2026-06-26T02:00:03+00:00,-45.05,-60.10,-65.72,-61.48,-63.37,-45.47,-43.54,-61.36,-53.96,-56.97,-49.45,-59.84,-53.95,-39.57,-54.65,-46.15,-54.78,2026-06-26 02:00:03+00:00
2026-06-26T02:01:03+00:00,-45.15,-60.51,-65.39,-61.29,-61.94,-45.05,-43.38,-61.15,-54.18,-56.34,-53.72,-59.12,-53.95,-39.89,-54.49,-45.23,-53.93,2026-06-26 02:01:03+00:00
2026-06-26T02:02:03+00:00,-44.70,-60.89,-65.47,-60.97,-61.44,-45.39,-43.35,-61.21,-54.20,-55.25,-48.98,-59.00,-54.15,-40.07,-54.24,-43.85,-54.62,2026-06-26 02:02:03+00:00
2026-06-26T02:03:03+00:00,-44.54,-59.83,-64.58,-61.59,-62.66,-44.92,-43.33,-61.13,-54.77,-55.14,-48.02,-58.83,-54.11,-39.41,-54.44,-44.80,-54.66,2026-06-26 02:03:03+00:00
2026-06-26T02:04:03+00:00,-44.89,-60.31,-65.66,-61.34,-61.76,-45.33,-43.44,-61.33,-54.79,-55.31,-47.07,-59.31,-54.15,-39.59,-54.95,-44.55,-54.72,2026-06-26 02:04:03+00:00
2026-06-26T02:05:03+00:00,-45.08,-60.92,-65.52,-62.00,-62.03,-45.11,-43.42,-61.45,-54.93,-55.30,-47.29,-59.41,-54.03,-40.22,-54.78,-44.61,-54.00,2026-06-26 02:05:03+00:00
2026-06-26T02:06:04+00:00,-44.90,-60.77,-65.33,-61.63,-61.54,-45.42,-43.40,-61.80,-54.99,-54.83,-47.17,-59.78,-54.18,-39.66,-54.45,-44.66,-54.51,2026-06-26 02:06:04+00:00
2026-06-26T02:07:04+00:00,-45.50,-60.10,-64.65,-61.57,-61.91,-45.64,-43.42,-61.15,-51.29,-54.32,-47.20,-59.56,-54.73,-39.54,-55.04,-45.00,-54.57,2026-06-26 02:07:04+00:00
2026-06-26T02:08:04+00:00,-45.14,-60.63,-65.71,-61.91,-61.17,-45.63,-43.43,-61.77,-52.21,-53.56,-47.33,-60.05,-55.01,-39.94,-55.68,-45.22,-53.96,2026-06-26 02:08:04+00:00
2026-06-26T02:09:04+00:00,-45.28,-59.93,-65.24,-61.52,-62.37,-45.63,-43.41,-61.84,-52.31,-52.99,-47.24,-60.27,-55.70,-39.97,-55.41,-43.79,-54.33,2026-06-26 02:09:04+00:00
2026-06-26T02:10:04+00:00,-44.92,-60.67,-64.57,-61.17,-61.58,-45.12,-43.27,-61.15,-52.19,-52.55,-47.44,-59.94,-55.85,-39.90,-56.15,-43.91,-54.30,2026-06-26 02:10:04+00:00
2026-06-26T02:11:04+00:00,-45.54,-60.82,-65.73,-61.30,-61.30,-45.44,-43.44,-61.54,-52.26,-51.82,-47.44,-60.86,-56.72,-39.71,-55.60,-43.57,-54.01,2026-06-26 02:11:04+00:00
2026-06-26T02:12:04+00:00,-46.02,-60.89,-65.64,-61.59,-63.01,-45.15,-43.37,-61.60,-52.76,-51.02,-47.53,-60.55,-56.97,-40.01,-55.96,-43.93,-54.41,2026-06-26 02:12:04+00:00
2026-06-26T02:13:04+00:00,-46.09,-60.14,-65.67,-61.43,-62.16,-45.30,-43.45,-61.47,-52.73,-49.73,-47.69,-60.16,-57.02,-39.75,-56.73,-43.90,-54.37,2026-06-26 02:13:04+00:00
2026-06-26T02:14:04+00:00,-46.27,-60.67,-65.37,-61.51,-62.25,-45.06,-43.32,-61.24,-52.71,-48.35,-48.00,-60.25,-57.54,-39.04,-56.80,-44.52,-54.45,2026-06-26 02:14:04+00:00
2026-06-26T02:15:04+00:00,-46.21,-59.93,-65.67,-61.38,-62.00,-45.58,-43.30,-61.12,-52.67,-46.75,-47.88,-60.36,-57.57,-38.72,-56.76,-44.26,-54.44,2026-06-26 02:15:04+00:00
2026-06-26T02:16:04+00:00,-46.71,-58.24,-63.92,-61.26,-62.19,-45.95,-43.45,-61.34,-52.63,-45.87,-48.03,-59.86,-57.84,-39.19,-56.55,-45.34,-53.57,2026-06-26 02:16:04+00:00
2026-06-26T02:17:04+00:00,-46.13,-59.64,-65.86,-61.31,-61.84,-45.24,-43.44,-61.50,-52.71,-45.98,-48.14,-60.25,-57.99,-39.09,-56.88,-47.08,-53.70,2026-06-26 02:17:04+00:00
2026-06-26T02:18:03+00:00,-45.93,-59.53,-65.17,-61.78,-62.84,-45.70,-43.45,-61.65,-52.81,-45.91,-48.15,-59.61,-58.32,-38.89,-57.15,-47.05,-54.01,2026-06-26 02:18:03+00:00
2026-06-26T02:19:03+00:00,-46.81,-60.85,-65.75,-61.51,-61.56,-45.58,-43.47,-61.45,-52.76,-45.68,-48.19,-61.05,-58.28,-38.34,-57.02,-47.68,-54.39,2026-06-26 02:19:03+00:00
2026-06-26T02:20:03+00:00,-46.43,-60.95,-65.46,-61.66,-61.90,-45.53,-43.48,-61.16,-52.57,-45.81,-48.32,-61.61,-57.98,-38.80,-56.88,-48.08,-53.83,2026-06-26 02:20:03+00:00
2026-06-26T02:21:03+00:00,-46.30,-61.22,-65.57,-62.15,-61.65,-45.55,-43.44,-61.50,-52.85,-46.37,-48.35,-61.47,-58.55,-38.48,-51.45,-50.86,-54.35,2026-06-26 02:21:03+00:00
2026-06-26T02:22:03+00:00,-46.27,-60.75,-65.29,-61.23,-61.53,-45.44,-43.37,-61.23,-60.41,-46.21,-48.46,-61.61,-58.16,-38.38,-52.22,-49.90,-54.09,2026-06-26 02:22:03+00:00
2026-06-26T02:23:03+00:00,-46.40,-60.53,-65.44,-61.64,-61.17,-45.98,-43.49,-61.34,-60.63,-45.71,-48.29,-61.49,-58.92,-38.54,-56.24,-49.32,-54.66,2026-06-26 02:23:03+00:00
2026-06-26T02:24:03+00:00,-46.19,-61.19,-65.59,-61.32,-62.21,-46.07,-43.51,-61.68,-60.61,-45.70,-48.42,-61.60,-59.42,-38.71,-56.49,-50.25,-54.45,2026-06-26 02:24:03+00:00
2026-06-26T02:25:04+00:00,-46.34,-61.30,-65.71,-61.74,-62.57,-45.61,-43.50,-61.39,-60.73,-46.04,-48.55,-61.85,-59.78,-38.64,-55.36,-50.03,-54.04,2026-06-26 02:25:04+00:00
2026-06-26T02:26:04+00:00,-46.25,-61.05,-65.56,-61.48,-61.98,-44.89,-43.55,-60.88,-59.43,-46.59,-48.52,-61.95,-59.66,-39.00,-54.72,-51.20,-54.30,2026-06-26 02:26:04+00:00
2026-06-26T02:27:04+00:00,-46.46,-61.33,-65.83,-61.68,-62.47,-44.82,-43.41,-61.48,-58.65,-47.37,-48.65,-61.91,-59.83,-38.98,-55.58,-48.44,-54.81,2026-06-26 02:27:04+00:00
2026-06-26T02:28:04+00:00,-46.37,-61.44,-65.42,-61.31,-61.88,-45.50,-43.52,-61.32,-59.87,-48.05,-48.69,-61.17,-60.00,-38.93,-55.76,-47.37,-57.15,2026-06-26 02:28:04+00:00
2026-06-26T02:29:04+00:00,-46.43,-60.77,-66.04,-61.70,-62.58,-45.60,-43.51,-61.66,-59.81,-49.15,-48.78,-60.89,-60.36,-39.31,-54.46,-47.52,-56.86,2026-06-26 02:29:04+00:00
2026-06-26T02:30:04+00:00,-46.52,-60.90,-66.02,-61.59,-62.61,-46.06,-43.42,-61.65,-59.64,-50.35,-48.60,-60.67,-60.33,-38.85,-54.54,-47.71,-56.98,2026-06-26 02:30:04+00:00
2026-06-26T02:31:05+00:00,-49.93,-60.64,-65.63,-61.54,-61.66,-45.00,-43.44,-61.36,-58.31,-51.68,-48.65,-59.77,-59.85,-38.73,-54.15,-50.36,-56.83,2026-06-26 02:31:05+00:00
2026-06-26T02:32:04+00:00,-49.74,-60.10,-64.41,-61.52,-62.31,-45.49,-43.47,-61.72,-60.31,-53.93,-48.48,-59.25,-59.75,-39.11,-54.21,-48.12,-56.86,2026-06-26 02:32:04+00:00
2026-06-26T02:33:04+00:00,-50.29,-60.39,-66.15,-61.76,-63.11,-45.21,-43.49,-61.65,-56.97,-55.78,-48.66,-59.63,-60.00,-39.30,-54.70,-45.00,-57.40,2026-06-26 02:33:04+00:00
2026-06-26T02:34:04+00:00,-50.39,-59.21,-65.41,-61.39,-62.16,-45.06,-43.39,-61.13,-57.70,-56.85,-48.72,-59.96,-59.33,-38.99,-54.22,-44.37,-57.14,2026-06-26 02:34:04+00:00
2026-06-26T02:35:04+00:00,-50.42,-59.58,-64.16,-61.59,-62.05,-45.32,-43.55,-60.87,-57.33,-57.08,-48.80,-59.61,-59.65,-38.79,-55.38,-44.51,-56.82,2026-06-26 02:35:04+00:00
2026-06-26T02:36:03+00:00,-50.76,-60.63,-66.40,-61.72,-64.13,-44.68,-43.53,-61.60,-57.87,-59.89,-48.82,-60.88,-59.91,-38.65,-51.78,-43.63,-56.71,2026-06-26 02:36:03+00:00
2026-06-26T02:37:03+00:00,-50.25,-60.12,-65.56,-61.50,-62.78,-44.63,-43.56,-61.36,-56.37,-60.90,-48.76,-61.58,-59.50,-38.69,-50.87,-43.85,-56.92,2026-06-26 02:37:03+00:00
2026-06-26T02:38:03+00:00,-49.21,-60.21,-65.79,-61.48,-62.73,-44.58,-43.44,-61.36,-55.11,-60.81,-48.89,-62.46,-59.59,-38.55,-55.71,-45.28,-56.82,2026-06-26 02:38:03+00:00
2026-06-26T02:39:03+00:00,-49.26,-60.71,-66.44,-61.42,-63.38,-44.51,-43.40,-61.59,-55.20,-59.31,-48.91,-63.17,-59.48,-38.36,-55.51,-46.02,-57.11,2026-06-26 02:39:03+00:00
2026-06-26T02:40:03+00:00,-49.28,-60.29,-64.97,-61.58,-61.18,-44.81,-43.53,-61.26,-55.17,-57.71,-49.04,-62.44,-59.37,-37.82,-54.47,-47.89,-57.08,2026-06-26 02:40:03+00:00
2026-06-26T02:41:03+00:00,-48.91,-59.19,-65.74,-61.22,-62.22,-44.96,-43.55,-61.41,-55.23,-56.07,-48.76,-62.77,-59.31,-38.39,-54.46,-49.14,-57.09,2026-06-26 02:41:03+00:00
2026-06-26T02:42:03+00:00,-47.04,-59.75,-65.82,-61.87,-63.40,-44.96,-43.57,-61.56,-54.13,-55.09,-48.75,-62.28,-59.55,-38.95,-55.85,-48.96,-56.78,2026-06-26 02:42:03+00:00
2026-06-26T02:43:04+00:00,-46.59,-60.22,-65.43,-61.21,-61.17,-44.76,-43.57,-61.31,-54.23,-54.62,-48.69,-62.00,-59.20,-38.57,-56.08,-48.69,-57.03,2026-06-26 02:43:04+00:00
2026-06-26T02:44:04+00:00,-47.27,-57.26,-65.62,-61.44,-62.47,-46.27,-49.84,-63.01,-54.29,-54.45,-48.58,-62.00,-58.96,-38.45,-55.92,-50.20,-56.51,2026-06-26 02:44:04+00:00
2026-06-26T02:45:04+00:00,-47.28,-56.70,-65.41,-61.39,-63.53,-46.25,-50.05,-62.81,-54.50,-54.25,-48.46,-61.55,-58.75,-38.65,-55.27,-50.15,-56.95,2026-06-26 02:45:04+00:00
2026-06-26T02:46:04+00:00,-47.44,-56.43,-66.11,-61.23,-61.11,-45.91,-49.39,-62.76,-54.30,-54.12,-48.40,-61.44,-58.49,-38.58,-55.31,-49.93,-56.70,2026-06-26 02:46:04+00:00
2026-06-26T02:47:04+00:00,-47.73,-56.08,-65.81,-61.55,-61.95,-46.41,-49.76,-62.91,-54.10,-53.58,-48.33,-60.96,-58.68,-38.62,-55.07,-49.77,-56.82,2026-06-26 02:47:04+00:00
2026-06-26T02:48:04+00:00,-46.96,-55.94,-65.40,-61.88,-61.80,-46.02,-49.68,-62.35,-54.97,-53.36,-47.98,-60.72,-58.22,-38.77,-54.38,-49.46,-56.59,2026-06-26 02:48:04+00:00
2026-06-26T02:49:04+00:00,-47.20,-60.57,-65.89,-61.58,-62.24,-46.27,-50.39,-63.26,-55.04,-53.44,-47.86,-60.54,-58.25,-38.68,-53.38,-50.02,-57.05,2026-06-26 02:49:04+00:00
2026-06-26T02:50:04+00:00,-46.89,-60.72,-65.22,-61.15,-61.40,-46.28,-50.06,-63.63,-55.22,-53.26,-47.59,-60.53,-58.32,-38.21,-54.25,-50.66,-56.79,2026-06-26 02:50:04+00:00
2026-06-26T02:51:04+00:00,-46.86,-59.87,-65.90,-61.51,-61.78,-46.19,-50.17,-63.35,-51.58,-52.68,-47.63,-60.32,-58.10,-38.34,-54.24,-50.43,-56.68,2026-06-26 02:51:04+00:00
2026-06-26T02:52:04+00:00,-46.32,-59.25,-65.12,-61.63,-61.95,-46.45,-50.45,-62.97,-52.06,-52.12,-47.11,-59.82,-58.31,-38.34,-55.06,-50.06,-56.70,2026-06-26 02:52:04+00:00
2026-06-26T02:53:03+00:00,-46.32,-55.74,-65.17,-61.77,-62.14,-46.46,-49.95,-62.52,-52.10,-51.84,-47.16,-59.51,-57.98,-38.56,-55.28,-50.03,-56.41,2026-06-26 02:53:03+00:00
2026-06-26T02:54:03+00:00,-46.16,-56.55,-65.90,-61.67,-63.14,-46.61,-50.07,-63.36,-52.22,-51.77,-47.01,-59.78,-57.97,-38.41,-55.06,-49.93,-56.55,2026-06-26 02:54:03+00:00
2026-06-26T02:55:03+00:00,-46.23,-55.74,-66.00,-61.30,-62.49,-46.62,-49.59,-63.32,-52.28,-51.72,-47.27,-59.94,-58.14,-38.85,-54.51,-49.60,-56.64,2026-06-26 02:55:03+00:00
2026-06-26T02:56:03+00:00,-47.00,-55.56,-65.45,-61.52,-62.05,-46.60,-49.67,-62.80,-52.22,-51.32,-47.18,-59.51,-58.32,-39.09,-53.85,-49.48,-56.50,2026-06-26 02:56:03+00:00
2026-06-26T02:57:03+00:00,-49.34,-56.05,-66.26,-61.78,-62.61,-46.74,-49.48,-63.03,-52.84,-51.11,-47.23,-59.75,-58.16,-39.22,-53.46,-49.81,-56.81,2026-06-26 02:57:03+00:00
2026-06-26T02:58:03+00:00,-48.97,-55.94,-65.46,-61.69,-61.42,-46.21,-49.34,-62.10,-52.85,-50.77,-47.27,-59.50,-57.95,-39.60,-52.45,-49.21,-56.58,2026-06-26 02:58:03+00:00
2026-06-26T02:59:03+00:00,-49.06,-56.93,-65.87,-61.76,-60.77,-46.84,-49.76,-63.05,-52.84,-50.59,-47.51,-59.64,-58.08,-39.76,-52.62,-49.37,-56.35,2026-06-26 02:59:03+00:00
2026-06-26T03:00:03+00:00,-49.20,-60.04,-66.62,-62.07,-62.73,-46.63,-50.25,-63.72,-52.72,-50.52,-48.04,-59.66,-58.33,-39.54,-52.70,-49.30,-56.93,2026-06-26 03:00:03+00:00
2026-06-26T03:01:03+00:00,-49.22,-60.49,-66.39,-61.74,-61.73,-46.71,-50.39,-63.72,-52.82,-50.08,-48.23,-59.81,-58.27,-39.56,-52.68,-49.24,-57.46,2026-06-26 03:01:03+00:00
2026-06-26T03:02:04+00:00,-49.40,-60.60,-66.36,-61.43,-61.11,-46.61,-50.06,-63.50,-52.84,-49.87,-48.32,-59.88,-58.25,-39.30,-52.94,-49.32,-57.11,2026-06-26 03:02:04+00:00
2026-06-26T03:03:03+00:00,-49.47,-54.18,-65.97,-61.81,-62.61,-46.30,-49.81,-60.89,-52.80,-49.70,-48.20,-59.81,-58.28,-39.78,-53.02,-49.00,-57.39,2026-06-26 03:03:03+00:00
2026-06-26T03:04:03+00:00,-49.80,-57.30,-66.04,-61.68,-61.25,-46.70,-49.96,-63.32,-52.79,-49.62,-48.61,-60.23,-58.47,-39.78,-53.12,-49.64,-57.42,2026-06-26 03:04:03+00:00
2026-06-26T03:05:03+00:00,-49.88,-57.82,-65.63,-61.62,-61.40,-46.80,-49.92,-63.17,-51.94,-49.39,-48.98,-59.89,-58.52,-40.21,-53.42,-48.98,-57.03,2026-06-26 03:05:03+00:00
2026-06-26T03:06:03+00:00,-50.08,-57.03,-65.40,-61.42,-61.49,-46.65,-49.99,-63.10,-57.06,-48.94,-49.35,-60.01,-58.36,-40.32,-53.22,-49.48,-56.99,2026-06-26 03:06:03+00:00
2026-06-26T03:07:03+00:00,-49.17,-55.44,-65.66,-61.37,-62.58,-46.82,-49.91,-62.98,-56.86,-48.71,-49.48,-59.79,-58.36,-40.52,-52.19,-49.84,-57.20,2026-06-26 03:07:03+00:00
2026-06-26T03:08:03+00:00,-49.66,-55.69,-65.58,-61.30,-62.05,-46.48,-49.59,-62.86,-56.83,-48.53,-49.46,-60.03,-58.68,-40.58,-51.76,-49.82,-57.12,2026-06-26 03:08:03+00:00
2026-06-26T03:09:03+00:00,-49.34,-61.29,-66.51,-61.49,-62.22,-46.95,-50.21,-63.92,-56.84,-48.27,-49.78,-59.98,-58.51,-40.91,-51.79,-49.82,-57.70,2026-06-26 03:09:03+00:00
2026-06-26T03:10:04+00:00,-49.68,-60.51,-65.87,-61.18,-62.09,-46.31,-49.86,-63.38,-56.79,-48.13,-49.83,-59.84,-58.50,-41.39,-51.81,-50.40,-57.35,2026-06-26 03:10:04+00:00
2026-06-26T03:11:04+00:00,-49.59,-61.84,-66.07,-61.57,-62.59,-46.69,-50.13,-62.91,-56.46,-47.99,-50.13,-59.87,-58.59,-41.51,-51.56,-50.24,-57.34,2026-06-26 03:11:04+00:00
2026-06-26T03:12:04+00:00,-49.65,-53.98,-65.80,-61.87,-62.72,-46.50,-50.07,-60.94,-56.66,-47.87,-49.75,-59.91,-58.59,-41.87,-51.58,-50.69,-57.10,2026-06-26 03:12:04+00:00
2026-06-26T03:13:04+00:00,-49.52,-57.79,-66.04,-61.40,-63.16,-46.94,-50.06,-62.99,-56.44,-47.62,-49.91,-59.72,-58.59,-42.23,-51.85,-50.98,-57.13,2026-06-26 03:13:04+00:00
2026-06-26T03:14:04+00:00,-49.38,-57.54,-65.70,-61.65,-62.58,-46.54,-49.70,-63.10,-56.36,-47.55,-49.74,-60.13,-58.40,-42.29,-51.78,-50.21,-56.81,2026-06-26 03:14:04+00:00
2026-06-26T03:15:04+00:00,-49.55,-57.41,-66.00,-61.89,-62.49,-46.47,-49.74,-63.18,-55.96,-47.36,-49.80,-60.15,-58.50,-42.39,-51.82,-51.30,-56.98,2026-06-26 03:15:04+00:00
2026-06-26T03:16:04+00:00,-49.28,-56.57,-65.90,-61.48,-62.03,-47.07,-49.88,-63.00,-55.95,-47.41,-49.78,-60.06,-58.85,-42.48,-52.28,-51.24,-57.13,2026-06-26 03:16:04+00:00
2026-06-26T03:17:04+00:00,-49.26,-61.10,-65.86,-61.87,-62.20,-47.02,-50.41,-63.71,-55.90,-47.18,-50.28,-60.14,-58.68,-42.94,-52.81,-51.55,-57.50,2026-06-26 03:17:04+00:00
2026-06-26T03:18:04+00:00,-49.35,-59.45,-65.83,-61.48,-63.24,-46.96,-50.43,-64.03,-54.88,-47.26,-50.34,-60.22,-58.89,-43.11,-53.22,-50.73,-57.68,2026-06-26 03:18:04+00:00
2026-06-26T03:19:04+00:00,-49.74,-60.84,-66.09,-61.87,-62.28,-47.09,-50.39,-64.11,-54.92,-47.15,-50.43,-60.22,-58.91,-42.99,-53.45,-51.35,-57.62,2026-06-26 03:19:04+00:00
2026-06-26T03:20:04+00:00,-49.10,-54.36,-64.50,-61.80,-61.63,-46.93,-50.19,-61.24,-54.76,-47.18,-49.90,-59.82,-58.74,-43.50,-53.79,-51.61,-57.25,2026-06-26 03:20:04+00:00
2026-06-26T03:21:03+00:00,-49.25,-56.92,-66.32,-61.65,-61.82,-46.86,-50.07,-63.32,-54.76,-47.12,-50.11,-60.08,-59.08,-43.86,-54.13,-50.79,-57.17,2026-06-26 03:21:03+00:00
2026-06-26T03:22:03+00:00,-49.62,-58.36,-66.64,-61.68,-62.81,-46.48,-49.78,-63.03,-53.37,-47.27,-50.38,-59.94,-58.98,-44.24,-54.05,-51.48,-57.57,2026-06-26 03:22:03+00:00
2026-06-26T03:23:03+00:00,-49.28,-57.59,-65.78,-61.92,-61.89,-46.93,-49.88,-63.00,-53.33,-47.08,-50.59,-59.89,-59.21,-44.75,-54.43,-51.46,-57.40,2026-06-26 03:23:03+00:00
2026-06-26T03:24:03+00:00,-49.62,-56.66,-65.54,-61.63,-62.62,-46.91,-49.82,-62.91,-53.36,-47.08,-50.51,-59.56,-59.13,-45.34,-54.24,-50.53,-58.25,2026-06-26 03:24:03+00:00
2026-06-26T03:25:03+00:00,-49.72,-57.47,-66.13,-61.84,-62.95,-46.82,-49.74,-62.48,-53.75,-47.13,-50.25,-59.99,-59.42,-45.98,-54.18,-50.34,-58.47,2026-06-26 03:25:03+00:00
2026-06-26T03:26:03+00:00,-50.15,-57.15,-65.76,-61.56,-61.58,-46.84,-49.48,-62.97,-53.79,-47.08,-50.56,-60.19,-59.35,-46.84,-54.64,-49.93,-58.27,2026-06-26 03:26:03+00:00
2026-06-26T03:27:03+00:00,-47.77,-56.34,-65.96,-61.59,-62.53,-46.94,-49.61,-63.30,-52.98,-47.11,-50.78,-60.55,-59.10,-48.29,-54.38,-50.15,-58.22,2026-06-26 03:27:03+00:00
2026-06-26T03:28:03+00:00,-47.69,-59.32,-66.33,-61.53,-63.65,-46.94,-50.25,-63.78,-52.94,-47.15,-50.97,-61.34,-59.49,-49.11,-54.44,-50.14,-58.95,2026-06-26 03:28:03+00:00
2026-06-26T03:29:03+00:00,-47.82,-61.33,-65.79,-61.72,-61.65,-47.28,-50.22,-64.18,-53.08,-47.21,-51.01,-61.94,-59.46,-50.16,-54.56,-49.80,-58.81,2026-06-26 03:29:03+00:00
2026-06-26T03:30:03+00:00,-48.16,-61.74,-65.61,-61.58,-62.45,-47.17,-50.35,-63.79,-53.33,-47.10,-51.02,-61.37,-59.81,-51.37,-54.56,-49.98,-59.09,2026-06-26 03:30:03+00:00
2026-06-26T03:31:04+00:00,-48.04,-60.98,-66.45,-61.67,-62.56,-46.77,-46.15,-63.11,-53.28,-47.18,-50.38,-61.30,-59.70,-52.89,-54.65,-49.52,-58.81,2026-06-26 03:31:04+00:00
2026-06-26T03:32:04+00:00,-47.82,-60.92,-65.89,-61.75,-61.59,-47.38,-45.89,-62.23,-53.16,-47.12,-49.20,-60.54,-59.95,-53.84,-54.26,-49.22,-58.65,2026-06-26 03:32:04+00:00
2026-06-26T03:33:04+00:00,-47.93,-58.12,-66.35,-62.08,-62.20,-47.41,-49.94,-63.34,-54.17,-47.03,-50.34,-60.49,-59.86,-55.27,-54.80,-49.17,-58.67,2026-06-26 03:33:04+00:00
2026-06-26T03:34:04+00:00,-48.04,-60.84,-66.41,-61.89,-61.47,-46.78,-50.28,-63.52,-54.13,-46.99,-50.48,-60.95,-59.81,-55.97,-54.41,-49.49,-59.13,2026-06-26 03:34:04+00:00
2026-06-26T03:35:04+00:00,-47.60,-62.24,-66.43,-62.22,-63.34,-47.04,-50.40,-63.97,-54.16,-47.05,-50.65,-60.11,-59.96,-55.27,-54.75,-49.30,-58.95,2026-06-26 03:35:04+00:00
2026-06-26T03:36:03+00:00,-47.64,-61.87,-66.53,-61.89,-62.48,-47.36,-50.22,-63.77,-50.92,-46.94,-50.44,-60.73,-60.12,-54.71,-54.65,-49.29,-58.79,2026-06-26 03:36:03+00:00
2026-06-26T03:37:03+00:00,-47.51,-61.91,-66.28,-61.61,-60.59,-47.24,-50.34,-62.47,-51.72,-46.94,-50.11,-60.54,-60.25,-53.93,-54.67,-49.56,-58.67,2026-06-26 03:37:03+00:00
2026-06-26T03:38:03+00:00,-46.91,-61.65,-66.74,-61.38,-63.96,-47.10,-49.95,-63.59,-51.64,-47.02,-50.32,-60.80,-59.73,-53.04,-55.14,-49.58,-59.34,2026-06-26 03:38:03+00:00
2026-06-26T03:39:03+00:00,-46.85,-60.15,-66.24,-61.78,-63.03,-46.98,-50.02,-63.59,-51.62,-46.87,-50.12,-60.38,-59.35,-52.12,-55.12,-49.31,-57.73,2026-06-26 03:39:03+00:00
2026-06-26T03:40:04+00:00,-46.48,-61.37,-66.44,-61.43,-61.53,-48.51,-50.41,-63.98,-51.69,-46.94,-50.22,-60.68,-59.95,-51.03,-55.02,-49.95,-59.20,2026-06-26 03:40:04+00:00
2026-06-26T03:41:04+00:00,-46.05,-61.15,-66.74,-61.93,-63.03,-48.10,-50.24,-63.94,-51.70,-46.92,-50.40,-60.67,-60.34,-50.61,-55.64,-50.12,-59.17,2026-06-26 03:41:04+00:00
2026-06-26T03:42:04+00:00,-47.21,-62.32,-66.07,-61.82,-61.87,-47.09,-50.23,-64.11,-52.16,-46.95,-50.48,-61.64,-60.37,-49.60,-55.61,-49.45,-58.92,2026-06-26 03:42:04+00:00
2026-06-26T03:43:04+00:00,-47.30,-61.99,-66.76,-61.67,-62.61,-47.39,-50.31,-64.41,-52.22,-46.85,-50.61,-60.10,-60.04,-49.21,-55.73,-49.60,-58.99,2026-06-26 03:43:04+00:00
2026-06-26T03:44:04+00:00,-46.98,-62.18,-69.60,-62.83,-67.03,-47.44,-50.23,-65.62,-52.33,-46.78,-50.49,-60.59,-60.79,-48.97,-56.01,-50.11,-59.62,2026-06-26 03:44:04+00:00
2026-06-26T03:45:04+00:00,-47.78,-62.97,-69.70,-62.93,-65.89,-47.47,-50.28,-65.50,-52.31,-46.98,-50.50,-60.50,-60.89,-48.51,-56.67,-50.39,-59.29,2026-06-26 03:45:04+00:00
2026-06-26T03:46:04+00:00,-48.28,-61.87,-69.08,-63.49,-66.41,-46.89,-50.01,-64.61,-52.27,-46.98,-50.54,-60.57,-60.61,-47.80,-57.05,-50.35,-60.00,2026-06-26 03:46:04+00:00
2026-06-26T03:47:04+00:00,-48.07,-61.10,-68.71,-62.97,-65.86,-47.48,-50.33,-65.43,-52.27,-46.84,-50.50,-60.59,-60.89,-47.52,-56.67,-50.26,-59.49,2026-06-26 03:47:04+00:00
2026-06-26T03:48:03+00:00,-48.53,-62.19,-68.96,-62.90,-65.59,-47.43,-49.78,-65.34,-52.30,-47.01,-50.43,-60.32,-61.02,-47.40,-57.38,-50.28,-59.23,2026-06-26 03:48:03+00:00
2026-06-26T03:49:03+00:00,-48.56,-61.08,-68.71,-62.85,-65.87,-47.21,-50.79,-64.59,-52.23,-47.07,-50.10,-60.31,-61.03,-47.05,-57.03,-50.41,-59.83,2026-06-26 03:49:03+00:00
2026-06-26T03:50:03+00:00,-48.51,-61.38,-69.00,-62.73,-66.68,-47.20,-49.72,-65.54,-52.29,-46.93,-50.50,-60.68,-60.79,-46.81,-56.97,-49.76,-60.08,2026-06-26 03:50:03+00:00
2026-06-26T03:51:04+00:00,-48.69,-60.23,-69.31,-63.17,-66.11,-47.32,-49.88,-65.03,-57.93,-47.00,-50.61,-62.90,-61.01,-46.38,-57.11,-50.16,-59.59,2026-06-26 03:51:04+00:00
2026-06-26T03:52:04+00:00,-48.92,-60.00,-69.07,-62.60,-66.57,-47.45,-49.94,-65.17,-57.68,-47.05,-50.66,-61.74,-60.78,-46.48,-57.67,-49.88,-59.13,2026-06-26 03:52:04+00:00
2026-06-26T03:53:03+00:00,-48.42,-60.15,-69.15,-62.83,-66.55,-47.20,-50.20,-64.93,-57.77,-47.05,-50.84,-61.18,-61.00,-46.28,-57.79,-49.53,-59.14,2026-06-26 03:53:03+00:00
2026-06-26T03:54:04+00:00,-49.44,-61.54,-69.32,-62.95,-65.93,-47.35,-49.44,-65.00,-58.00,-47.13,-51.12,-61.27,-61.28,-46.34,-57.92,-49.79,-60.30,2026-06-26 03:54:04+00:00
2026-06-26T03:55:04+00:00,-49.78,-61.76,-69.28,-62.82,-66.69,-46.80,-50.27,-64.72,-57.65,-47.29,-50.87,-62.45,-61.16,-46.25,-57.88,-49.79,-60.38,2026-06-26 03:55:04+00:00
2026-06-26T03:56:03+00:00,-49.40,-61.79,-69.11,-62.92,-66.98,-46.89,-50.02,-65.25,-57.56,-47.10,-50.94,-63.30,-61.33,-45.92,-58.13,-49.83,-56.35,2026-06-26 03:56:03+00:00
2026-06-26T03:57:03+00:00,-49.11,-61.96,-69.73,-63.02,-66.49,-47.14,-50.00,-65.39,-57.21,-47.11,-51.01,-63.80,-61.47,-45.74,-57.90,-50.21,-60.16,2026-06-26 03:57:03+00:00
2026-06-26T03:58:03+00:00,-49.12,-62.04,-69.38,-63.21,-66.89,-46.76,-49.48,-65.34,-56.89,-47.24,-50.99,-64.00,-61.11,-45.99,-58.35,-50.00,-59.89,2026-06-26 03:58:03+00:00
2026-06-26T03:59:04+00:00,-47.92,-61.52,-69.20,-62.90,-66.57,-47.03,-50.38,-65.60,-56.76,-47.12,-50.91,-63.65,-61.32,-46.01,-58.32,-50.04,-60.18,2026-06-26 03:59:04+00:00
2026-06-26T04:00:04+00:00,-47.80,-61.72,-69.31,-62.89,-66.72,-46.97,-50.52,-65.73,-56.02,-47.20,-51.19,-63.77,-61.46,-46.11,-58.48,-50.34,-60.31,2026-06-26 04:00:04+00:00
2026-06-26T04:01:05+00:00,-48.07,-61.49,-58.45,-62.62,-66.33,-46.85,-49.73,-64.28,-56.21,-47.35,-50.95,-64.01,-60.66,-45.98,-58.54,-49.57,-60.17,2026-06-26 04:01:05+00:00
2026-06-26T04:02:04+00:00,-48.63,-62.64,-69.70,-62.85,-66.87,-46.88,-49.54,-65.85,-56.29,-47.44,-51.58,-62.02,-60.35,-45.86,-59.14,-49.85,-60.28,2026-06-26 04:02:04+00:00
2026-06-26T04:03:04+00:00,-48.10,-62.52,-69.90,-63.25,-66.68,-46.91,-50.06,-66.04,-55.02,-47.42,-51.66,-54.52,-60.38,-45.81,-58.84,-49.93,-59.79,2026-06-26 04:03:04+00:00
2026-06-26T04:04:03+00:00,-45.90,-62.20,-69.24,-62.91,-66.41,-46.99,-45.28,-66.54,-55.04,-47.25,-51.98,-62.18,-60.67,-45.81,-59.42,-49.78,-59.83,2026-06-26 04:04:03+00:00
2026-06-26T04:05:03+00:00,-48.72,-62.79,-69.79,-62.83,-66.48,-47.11,-49.73,-66.30,-54.94,-47.48,-52.24,-63.26,-61.00,-45.93,-59.17,-49.52,-59.36,2026-06-26 04:05:03+00:00
2026-06-26T04:06:04+00:00,-48.47,-62.23,-69.61,-62.80,-65.87,-47.01,-50.55,-66.03,-55.10,-47.54,-52.14,-63.67,-60.94,-46.01,-58.84,-49.85,-55.49,2026-06-26 04:06:04+00:00
2026-06-26T04:07:03+00:00,-49.93,-61.32,-69.87,-62.77,-66.78,-47.06,-50.05,-66.17,-53.50,-47.39,-52.51,-63.51,-61.17,-45.86,-59.37,-49.79,-60.57,2026-06-26 04:07:03+00:00
2026-06-26T04:08:03+00:00,-50.03,-61.29,-69.66,-63.00,-66.18,-47.18,-49.98,-66.32,-53.45,-47.63,-52.83,-63.60,-60.94,-45.98,-59.51,-49.86,-60.14,2026-06-26 04:08:03+00:00
2026-06-26T04:09:04+00:00,-50.40,-60.67,-68.74,-62.96,-66.16,-47.19,-50.64,-58.29,-53.50,-47.73,-53.01,-63.94,-60.38,-46.12,-59.07,-49.66,-59.89,2026-06-26 04:09:04+00:00
2026-06-26T04:10:04+00:00,-50.33,-61.34,-69.69,-63.10,-66.83,-46.83,-50.15,-56.48,-53.55,-47.85,-53.29,-63.17,-60.10,-46.15,-59.46,-50.19,-59.23,2026-06-26 04:10:04+00:00
2026-06-26T04:11:03+00:00,-50.54,-62.94,-69.09,-63.00,-66.32,-47.25,-50.33,-56.31,-53.46,-47.85,-53.28,-61.17,-60.60,-46.20,-59.33,-50.37,-59.93,2026-06-26 04:11:03+00:00
2026-06-26T04:12:03+00:00,-48.10,-62.93,-69.45,-63.07,-66.58,-47.22,-50.52,-56.08,-52.66,-47.87,-53.71,-60.14,-61.33,-46.12,-59.70,-50.25,-59.63,2026-06-26 04:12:03+00:00
2026-06-26T04:13:04+00:00,-48.40,-63.08,-69.54,-62.70,-66.22,-46.86,-49.74,-55.86,-52.68,-47.80,-53.61,-60.66,-61.13,-46.21,-59.70,-50.45,-60.07,2026-06-26 04:13:04+00:00
2026-06-26T04:14:04+00:00,-48.49,-63.41,-69.72,-62.80,-67.67,-47.19,-50.00,-55.70,-52.73,-47.69,-53.95,-61.58,-60.96,-46.15,-59.23,-50.54,-59.00,2026-06-26 04:14:04+00:00
2026-06-26T04:15:04+00:00,-48.54,-59.14,-69.82,-63.20,-65.91,-47.04,-50.16,-55.56,-53.08,-47.92,-54.34,-60.66,-60.64,-46.49,-59.64,-50.52,-59.99,2026-06-26 04:15:04+00:00
2026-06-26T04:16:04+00:00,-48.59,-59.30,-69.22,-62.39,-66.47,-47.10,-50.37,-55.49,-53.05,-47.75,-54.37,-61.11,-60.99,-46.50,-59.42,-50.87,-57.68,2026-06-26 04:16:04+00:00
2026-06-26T04:17:04+00:00,-48.68,-59.23,-69.62,-62.63,-66.19,-47.15,-51.19,-55.36,-53.25,-47.91,-54.45,-61.70,-61.36,-46.41,-59.38,-50.57,-59.77,2026-06-26 04:17:04+00:00
2026-06-26T04:18:04+00:00,-48.00,-61.57,-69.52,-62.64,-65.70,-47.10,-50.14,-55.15,-53.74,-47.97,-54.55,-61.52,-61.14,-46.39,-59.59,-50.50,-59.70,2026-06-26 04:18:04+00:00
2026-06-26T04:19:04+00:00,-47.63,-61.65,-69.53,-62.96,-67.03,-47.27,-50.17,-55.15,-53.76,-47.97,-54.64,-61.15,-61.47,-46.55,-59.81,-50.38,-59.28,2026-06-26 04:19:04+00:00
2026-06-26T04:20:03+00:00,-48.22,-61.56,-69.50,-62.83,-66.08,-47.10,-50.95,-55.00,-53.70,-47.95,-54.76,-61.14,-61.09,-46.35,-60.00,-50.54,-59.54,2026-06-26 04:20:03+00:00
2026-06-26T04:21:03+00:00,-48.17,-60.93,-68.54,-62.81,-66.24,-47.26,-49.87,-54.92,-50.73,-48.11,-55.34,-61.16,-61.23,-46.45,-59.64,-50.39,-59.06,2026-06-26 04:21:03+00:00
2026-06-26T04:22:04+00:00,-48.43,-62.25,-69.67,-62.81,-66.57,-46.82,-50.13,-54.81,-51.53,-48.08,-55.56,-61.27,-60.65,-46.39,-59.98,-50.75,-59.78,2026-06-26 04:22:04+00:00
2026-06-26T04:23:04+00:00,-48.32,-62.56,-69.23,-63.15,-66.99,-47.29,-49.98,-54.88,-51.48,-48.04,-55.69,-60.89,-61.05,-46.45,-59.86,-50.58,-59.71,2026-06-26 04:23:04+00:00
2026-06-26T04:24:03+00:00,-48.16,-62.72,-69.89,-63.10,-66.31,-47.23,-50.11,-54.68,-51.57,-47.99,-55.92,-61.03,-61.20,-46.39,-59.70,-50.85,-59.56,2026-06-26 04:24:03+00:00
2026-06-26T04:25:03+00:00,-48.28,-62.40,-69.07,-63.18,-65.91,-47.20,-50.06,-54.51,-51.58,-48.09,-55.66,-61.04,-61.10,-46.22,-59.81,-50.39,-59.28,2026-06-26 04:25:03+00:00
2026-06-26T04:26:04+00:00,-48.43,-62.48,-69.59,-62.55,-66.69,-46.79,-49.65,-54.62,-51.64,-47.97,-56.30,-61.48,-60.48,-46.20,-60.03,-50.63,-59.44,2026-06-26 04:26:04+00:00
2026-06-26T04:27:04+00:00,-50.00,-63.29,-69.49,-63.09,-66.69,-47.01,-50.87,-54.57,-52.07,-47.96,-56.35,-60.14,-60.48,-46.00,-60.08,-50.74,-59.91,2026-06-26 04:27:04+00:00
2026-06-26T04:28:04+00:00,-49.59,-63.07,-69.58,-62.89,-67.97,-47.14,-49.99,-54.58,-52.08,-47.85,-56.53,-59.46,-60.79,-46.08,-60.16,-50.90,-60.01,2026-06-26 04:28:04+00:00
2026-06-26T04:29:04+00:00,-48.82,-63.89,-70.17,-62.87,-66.55,-47.62,-50.20,-54.49,-52.12,-48.02,-56.67,-60.51,-60.82,-46.14,-60.06,-50.49,-59.95,2026-06-26 04:29:04+00:00
2026-06-26T04:30:04+00:00,-49.98,-63.28,-69.80,-63.04,-66.02,-47.24,-50.24,-54.44,-52.04,-48.19,-56.74,-60.57,-60.78,-46.29,-60.13,-51.12,-59.70,2026-06-26 04:30:04+00:00
2026-06-26T04:31:05+00:00,-50.31,-62.42,-69.56,-62.87,-66.53,-47.31,-50.48,-54.44,-52.13,-48.22,-56.69,-61.42,-60.70,-46.01,-59.67,-51.47,-59.83,2026-06-26 04:31:05+00:00
2026-06-26T04:32:04+00:00,-51.83,-63.17,-69.57,-62.81,-66.34,-47.44,-50.99,-54.48,-52.05,-48.17,-56.80,-61.95,-60.87,-46.07,-60.02,-51.61,-59.68,2026-06-26 04:32:04+00:00
2026-06-26T04:33:04+00:00,-49.04,-62.62,-69.53,-63.30,-66.02,-47.34,-50.61,-54.27,-51.89,-48.31,-56.57,-60.97,-60.77,-46.12,-60.07,-51.46,-59.95,2026-06-26 04:33:04+00:00
2026-06-26T04:34:03+00:00,-51.89,-62.16,-69.80,-63.12,-66.87,-46.89,-50.37,-54.18,-51.91,-48.08,-56.82,-61.35,-60.38,-45.98,-60.11,-51.92,-59.67,2026-06-26 04:34:03+00:00
2026-06-26T04:35:03+00:00,-51.13,-63.10,-69.83,-63.08,-65.79,-47.51,-51.22,-54.16,-51.98,-48.09,-55.90,-61.75,-60.79,-45.93,-59.86,-51.51,-59.92,2026-06-26 04:35:03+00:00
2026-06-26T04:36:03+00:00,-51.90,-63.91,-69.76,-62.96,-66.17,-47.39,-50.02,-54.18,-56.68,-48.06,-56.94,-62.44,-60.83,-45.83,-60.03,-51.81,-59.52,2026-06-26 04:36:03+00:00
2026-06-26T04:37:03+00:00,-50.97,-63.87,-69.81,-62.81,-66.66,-47.24,-50.09,-54.14,-56.71,-47.99,-56.90,-63.58,-60.21,-46.03,-60.16,-52.49,-59.59,2026-06-26 04:37:03+00:00
2026-06-26T04:38:04+00:00,-50.45,-62.70,-67.53,-62.87,-66.44,-47.28,-49.84,-54.07,-56.51,-48.14,-56.72,-63.77,-60.00,-45.98,-59.63,-52.61,-56.71,2026-06-26 04:38:04+00:00
2026-06-26T04:39:04+00:00,-50.66,-61.92,-69.29,-63.00,-67.31,-47.14,-50.36,-53.97,-56.61,-48.33,-55.31,-64.08,-60.15,-45.83,-60.41,-52.52,-59.01,2026-06-26 04:39:04+00:00
2026-06-26T04:40:03+00:00,-51.47,-62.41,-69.67,-62.57,-65.90,-47.37,-50.45,-54.00,-56.66,-48.21,-57.13,-64.58,-60.70,-45.99,-60.13,-52.69,-59.89,2026-06-26 04:40:03+00:00
2026-06-26T04:41:03+00:00,-50.63,-63.65,-69.78,-62.88,-66.29,-47.44,-49.72,-53.98,-56.64,-48.16,-57.04,-64.77,-60.64,-45.82,-60.09,-52.21,-59.67,2026-06-26 04:41:03+00:00
2026-06-26T04:42:03+00:00,-51.79,-60.80,-69.52,-62.58,-66.16,-47.45,-50.52,-53.88,-56.55,-48.30,-56.88,-64.16,-60.49,-45.80,-60.10,-52.67,-58.02,2026-06-26 04:42:03+00:00
2026-06-26T04:43:04+00:00,-50.91,-60.62,-69.77,-62.94,-67.31,-47.29,-50.13,-53.85,-55.98,-48.24,-56.86,-63.50,-60.41,-45.88,-60.25,-52.44,-59.47,2026-06-26 04:43:04+00:00
2026-06-26T04:44:04+00:00,-51.13,-60.80,-69.45,-62.80,-66.32,-47.63,-51.01,-54.03,-56.25,-48.21,-56.80,-63.89,-60.61,-45.63,-60.33,-52.71,-59.50,2026-06-26 04:44:04+00:00
2026-06-26T04:45:04+00:00,-51.48,-60.48,-69.55,-62.96,-66.39,-47.43,-50.64,-54.01,-55.63,-48.44,-56.81,-61.90,-60.48,-45.68,-60.39,-52.42,-58.55,2026-06-26 04:45:04+00:00
2026-06-26T04:46:04+00:00,-51.80,-63.07,-69.55,-63.17,-66.39,-47.09,-49.70,-53.93,-55.57,-48.26,-56.76,-63.54,-59.77,-45.59,-60.45,-52.42,-59.20,2026-06-26 04:46:04+00:00
2026-06-26T04:47:04+00:00,-49.48,-64.26,-69.33,-63.07,-66.59,-47.36,-50.76,-53.99,-54.17,-48.25,-56.50,-62.99,-60.40,-45.67,-60.21,-52.52,-59.80,2026-06-26 04:47:04+00:00
2026-06-26T04:48:03+00:00,-49.40,-63.06,-69.73,-62.93,-65.72,-47.28,-49.86,-53.91,-54.18,-48.23,-56.45,-62.46,-60.26,-45.73,-59.92,-52.95,-58.98,2026-06-26 04:48:03+00:00
2026-06-26T04:49:04+00:00,-48.91,-63.06,-69.72,-63.00,-65.52,-47.21,-50.23,-53.80,-54.30,-48.32,-56.35,-64.09,-60.01,-45.78,-60.01,-52.47,-59.36,2026-06-26 04:49:04+00:00
2026-06-26T04:50:04+00:00,-49.14,-63.34,-69.81,-63.24,-66.37,-47.19,-50.79,-53.79,-54.42,-48.14,-56.42,-63.87,-59.85,-45.56,-60.26,-52.56,-59.51,2026-06-26 04:50:04+00:00
2026-06-26T04:51:03+00:00,-47.61,-62.64,-69.71,-62.98,-67.30,-47.39,-50.20,-53.62,-54.50,-48.36,-56.36,-64.01,-59.86,-45.41,-60.20,-52.48,-59.05,2026-06-26 04:51:03+00:00
2026-06-26T04:52:03+00:00,-48.54,-63.83,-69.97,-63.32,-65.96,-47.39,-50.93,-53.81,-52.78,-48.31,-56.48,-63.67,-60.28,-45.62,-60.44,-52.59,-60.03,2026-06-26 04:52:03+00:00
2026-06-26T04:53:04+00:00,-48.92,-64.51,-69.48,-62.74,-66.96,-47.43,-50.43,-53.87,-52.79,-48.41,-56.75,-63.75,-60.18,-45.57,-60.31,-53.03,-59.53,2026-06-26 04:53:04+00:00
2026-06-26T04:54:04+00:00,-48.40,-63.35,-69.12,-63.32,-67.43,-47.45,-50.28,-53.89,-52.86,-48.56,-56.48,-63.59,-60.15,-45.61,-60.36,-52.79,-58.89,2026-06-26 04:54:04+00:00
2026-06-26T04:55:04+00:00,-48.54,-63.55,-68.81,-63.05,-65.85,-47.55,-50.70,-53.74,-52.85,-48.50,-56.50,-62.77,-60.00,-45.60,-60.54,-52.63,-59.11,2026-06-26 04:55:04+00:00
2026-06-26T04:56:04+00:00,-49.33,-63.84,-68.77,-62.68,-65.92,-52.70,-50.44,-53.59,-52.83,-48.57,-56.69,-63.79,-60.06,-45.65,-60.38,-52.92,-57.56,2026-06-26 04:56:04+00:00
2026-06-26T04:57:03+00:00,-50.02,-63.81,-69.57,-62.70,-66.69,-52.78,-50.54,-53.32,-52.87,-48.56,-56.55,-63.79,-59.89,-45.83,-59.99,-52.11,-59.21,2026-06-26 04:57:03+00:00
2026-06-26T04:58:03+00:00,-49.68,-63.94,-69.30,-63.06,-66.82,-51.47,-50.63,-53.49,-52.99,-48.56,-56.36,-63.20,-59.71,-45.48,-60.21,-52.28,-58.49,2026-06-26 04:58:03+00:00
2026-06-26T04:59:03+00:00,-50.11,-62.48,-69.34,-62.85,-67.20,-52.57,-50.99,-53.45,-52.89,-48.54,-56.32,-62.45,-59.84,-45.67,-60.02,-52.26,-58.37,2026-06-26 04:59:03+00:00
2026-06-26T05:00:03+00:00,-47.90,-64.07,-69.81,-62.99,-66.90,-52.76,-50.73,-53.54,-53.17,-48.66,-56.06,-63.05,-60.12,-45.69,-60.24,-51.33,-58.85,2026-06-26 05:00:03+00:00
2026-06-26T05:01:07+00:00,-48.49,-63.85,-69.03,-62.70,-66.71,-51.72,-50.62,-53.47,-53.15,-48.60,-56.07,-63.11,-59.40,-45.79,-60.15,-51.46,-59.15,2026-06-26 05:01:07+00:00
2026-06-26T05:02:03+00:00,-49.04,-61.95,-68.91,-62.76,-66.90,-51.71,-50.81,-53.38,-53.87,-48.57,-55.96,-63.16,-59.30,-46.00,-60.08,-51.18,-58.72,2026-06-26 05:02:03+00:00
2026-06-26T05:03:04+00:00,-49.78,-63.33,-68.90,-62.78,-66.57,-51.64,-50.56,-53.26,-53.64,-48.42,-56.25,-62.78,-59.59,-45.94,-60.03,-50.64,-59.23,2026-06-26 05:03:04+00:00
2026-06-26T05:04:04+00:00,-49.42,-63.27,-69.35,-62.88,-66.92,-52.65,-50.95,-53.15,-53.73,-48.42,-56.17,-62.67,-59.98,-46.08,-60.23,-50.93,-59.10,2026-06-26 05:04:04+00:00
2026-06-26T05:05:04+00:00,-49.63,-63.09,-67.54,-63.08,-65.26,-52.53,-51.16,-53.13,-52.71,-48.38,-56.32,-62.61,-59.88,-46.19,-60.21,-50.20,-59.76,2026-06-26 05:05:04+00:00
2026-06-26T05:06:04+00:00,-49.20,-62.99,-69.57,-62.66,-65.78,-52.58,-50.80,-53.17,-50.72,-48.22,-56.45,-62.36,-59.80,-46.18,-59.71,-50.59,-59.12,2026-06-26 05:06:04+00:00
2026-06-26T05:07:04+00:00,-49.07,-62.41,-69.51,-62.92,-66.30,-52.46,-50.31,-53.10,-51.68,-48.05,-56.40,-62.07,-59.85,-46.12,-60.25,-50.22,-59.11,2026-06-26 05:07:04+00:00
2026-06-26T05:08:04+00:00,-49.46,-60.97,-69.54,-62.80,-66.80,-52.58,-50.36,-53.12,-51.70,-48.02,-56.56,-61.85,-59.75,-46.27,-60.57,-49.80,-58.83,2026-06-26 05:08:04+00:00
2026-06-26T05:09:04+00:00,-48.21,-62.12,-70.11,-62.47,-65.92,-52.35,-50.62,-53.32,-51.77,-48.00,-56.52,-61.93,-59.73,-46.33,-60.13,-49.48,-59.20,2026-06-26 05:09:04+00:00
2026-06-26T05:10:03+00:00,-49.08,-62.47,-69.03,-62.67,-66.47,-50.92,-50.01,-53.25,-51.71,-47.96,-56.53,-61.51,-59.35,-46.51,-60.77,-49.23,-59.24,2026-06-26 05:10:03+00:00
2026-06-26T05:11:03+00:00,-49.25,-62.52,-69.67,-62.78,-65.38,-52.39,-50.97,-53.58,-51.71,-47.98,-56.54,-61.65,-59.63,-46.38,-59.45,-48.77,-59.55,2026-06-26 05:11:03+00:00
2026-06-26T05:12:04+00:00,-49.54,-63.43,-68.76,-62.84,-66.48,-52.08,-51.22,-52.75,-51.65,-47.94,-56.38,-61.80,-59.80,-46.61,-60.19,-48.53,-59.14,2026-06-26 05:12:04+00:00
2026-06-26T05:13:04+00:00,-48.74,-63.32,-69.27,-61.88,-65.55,-49.11,-50.50,-53.01,-51.86,-48.10,-56.81,-62.31,-59.43,-46.50,-58.52,-48.86,-58.77,2026-06-26 05:13:04+00:00
2026-06-26T05:14:04+00:00,-48.88,-60.57,-68.44,-58.86,-66.50,-48.38,-50.95,-52.75,-51.83,-47.81,-56.53,-62.12,-59.15,-46.63,-59.97,-48.62,-59.18,2026-06-26 05:14:04+00:00
2026-06-26T05:15:04+00:00,-49.47,-61.46,-68.29,-58.29,-66.23,-48.10,-50.35,-52.67,-51.75,-48.07,-56.14,-62.39,-58.94,-46.67,-59.58,-48.26,-58.48,2026-06-26 05:15:04+00:00
2026-06-26T05:16:04+00:00,-49.73,-63.64,-61.08,-57.45,-65.90,-48.46,-50.14,-52.19,-51.78,-47.89,-56.19,-62.52,-59.58,-46.53,-58.77,-47.91,-59.06,2026-06-26 05:16:04+00:00
2026-06-26T05:17:04+00:00,-49.75,-63.10,-60.88,-57.71,-66.43,-48.41,-49.46,-52.22,-51.73,-47.84,-56.04,-62.06,-59.52,-46.83,-59.62,-48.08,-58.78,2026-06-26 05:17:04+00:00
2026-06-26T05:18:03+00:00,-50.12,-61.47,-60.51,-55.66,-66.33,-48.47,-49.44,-52.22,-51.68,-47.93,-56.30,-61.19,-59.44,-46.81,-59.74,-47.97,-58.86,2026-06-26 05:18:03+00:00
2026-06-26T05:19:03+00:00,-49.97,-61.36,-67.90,-57.30,-65.22,-48.45,-50.16,-52.65,-51.70,-47.77,-55.90,-58.34,-58.87,-46.80,-58.34,-48.20,-58.57,2026-06-26 05:19:03+00:00
2026-06-26T05:20:04+00:00,-49.27,-60.96,-68.43,-54.76,-67.26,-48.54,-49.40,-50.29,-50.50,-47.69,-55.77,-60.70,-59.05,-46.45,-59.67,-47.45,-58.21,2026-06-26 05:20:04+00:00
2026-06-26T05:21:04+00:00,-49.23,-60.71,-64.90,-53.26,-66.03,-48.50,-50.10,-52.01,-55.43,-47.73,-55.53,-62.14,-57.62,-46.61,-59.42,-48.02,-57.11,2026-06-26 05:21:04+00:00
2026-06-26T05:22:04+00:00,-47.12,-61.49,-68.14,-55.97,-66.29,-47.66,-50.17,-52.30,-54.79,-47.61,-55.77,-60.27,-58.58,-46.92,-59.69,-47.42,-58.60,2026-06-26 05:22:04+00:00
2026-06-26T05:23:04+00:00,-47.37,-60.16,-67.75,-50.10,-66.28,-48.55,-49.44,-50.48,-54.14,-47.55,-55.81,-61.15,-58.85,-46.59,-59.75,-47.67,-58.73,2026-06-26 05:23:04+00:00
2026-06-26T05:24:04+00:00,-47.29,-60.55,-68.10,-54.24,-66.62,-49.01,-48.78,-49.99,-52.73,-47.48,-55.45,-60.69,-58.86,-46.67,-59.04,-47.60,-58.81,2026-06-26 05:24:04+00:00
2026-06-26T05:25:03+00:00,-47.36,-60.20,-69.01,-54.40,-65.88,-48.56,-48.93,-50.13,-52.75,-47.39,-54.96,-60.60,-58.94,-46.75,-59.06,-47.73,-58.62,2026-06-26 05:25:03+00:00
2026-06-26T05:26:03+00:00,-47.03,-60.27,-67.66,-54.67,-65.21,-48.58,-48.97,-50.07,-52.75,-47.20,-55.60,-60.41,-58.67,-46.56,-59.64,-47.83,-59.02,2026-06-26 05:26:03+00:00
2026-06-26T05:27:04+00:00,-47.22,-60.31,-68.25,-54.22,-66.78,-48.49,-48.76,-50.08,-52.78,-47.14,-55.36,-60.64,-58.63,-46.43,-59.58,-47.40,-58.91,2026-06-26 05:27:04+00:00
2026-06-26T05:28:04+00:00,-47.56,-60.51,-69.03,-49.42,-66.37,-49.03,-48.74,-50.40,-54.34,-47.24,-55.36,-60.73,-58.84,-46.76,-59.70,-47.67,-59.21,2026-06-26 05:28:04+00:00
2026-06-26T05:29:04+00:00,-47.85,-60.26,-67.89,-49.66,-66.87,-49.02,-49.36,-49.90,-54.33,-47.26,-55.31,-60.45,-58.71,-46.62,-59.98,-47.75,-52.63,2026-06-26 05:29:04+00:00
2026-06-26T05:30:04+00:00,-47.72,-60.66,-67.77,-49.15,-66.23,-48.92,-49.53,-49.95,-54.00,-47.16,-55.19,-60.65,-58.62,-46.65,-58.87,-47.57,-56.69,2026-06-26 05:30:04+00:00
2026-06-26T05:31:06+00:00,-47.87,-59.75,-68.43,-51.22,-65.64,-49.02,-48.97,-49.20,-53.70,-47.12,-53.27,-61.53,-58.82,-46.66,-59.47,-47.35,-58.84,2026-06-26 05:31:06+00:00
2026-06-26T05:32:04+00:00,-47.73,-60.33,-68.15,-50.78,-66.38,-48.73,-48.88,-49.16,-53.24,-47.14,-54.87,-62.59,-58.66,-46.87,-59.32,-47.27,-58.89,2026-06-26 05:32:04+00:00
2026-06-26T05:33:04+00:00,-47.85,-60.46,-68.26,-50.72,-66.02,-49.03,-49.27,-49.12,-53.15,-46.99,-54.88,-62.79,-58.71,-46.81,-58.82,-47.30,-58.68,2026-06-26 05:33:04+00:00
2026-06-26T05:34:04+00:00,-47.86,-59.44,-67.52,-50.47,-66.45,-47.65,-48.83,-49.07,-52.99,-46.97,-54.33,-62.58,-58.42,-46.80,-58.54,-47.26,-58.75,2026-06-26 05:34:04+00:00
2026-06-26T05:35:04+00:00,-48.09,-60.93,-67.87,-51.23,-65.93,-49.01,-49.47,-48.98,-53.09,-46.91,-54.48,-62.21,-58.77,-46.94,-59.06,-47.37,-59.05,2026-06-26 05:35:04+00:00
2026-06-26T05:36:05+00:00,-47.99,-60.37,-68.00,-51.07,-66.02,-49.00,-49.49,-49.03,-53.23,-46.83,-54.42,-61.08,-58.30,-47.02,-58.82,-47.31,-58.92,2026-06-26 05:36:05+00:00
2026-06-26T05:37:04+00:00,-49.74,-60.52,-67.60,-51.22,-65.72,-48.26,-49.18,-48.93,-51.75,-46.92,-53.46,-61.14,-58.22,-46.85,-59.10,-47.39,-58.82,2026-06-26 05:37:04+00:00
2026-06-26T05:38:04+00:00,-50.00,-59.68,-68.23,-50.97,-67.30,-47.56,-49.41,-49.03,-51.82,-46.98,-54.34,-61.32,-58.25,-47.13,-58.86,-47.15,-58.90,2026-06-26 05:38:04+00:00
2026-06-26T05:39:03+00:00,-49.82,-59.74,-68.41,-51.18,-66.27,-47.61,-48.91,-49.00,-51.93,-47.01,-54.16,-61.35,-58.19,-47.07,-59.14,-47.32,-58.59,2026-06-26 05:39:03+00:00
2026-06-26T05:40:03+00:00,-48.87,-60.37,-67.93,-51.34,-66.76,-45.85,-49.64,-49.09,-51.91,-46.83,-54.32,-61.21,-58.43,-47.05,-59.07,-47.37,-54.36,2026-06-26 05:40:03+00:00
2026-06-26T05:41:03+00:00,-49.84,-59.19,-67.13,-51.34,-65.97,-46.04,-49.44,-49.05,-51.91,-46.76,-55.69,-61.49,-58.24,-47.16,-58.51,-47.47,-52.91,2026-06-26 05:41:03+00:00
2026-06-26T05:42:03+00:00,-49.95,-59.74,-67.37,-51.18,-66.20,-45.81,-49.06,-49.00,-51.87,-46.80,-55.37,-61.74,-58.49,-47.04,-57.87,-47.41,-52.91,2026-06-26 05:42:03+00:00
2026-06-26T05:43:04+00:00,-49.14,-61.63,-67.20,-50.74,-65.70,-45.62,-49.34,-49.03,-52.07,-46.73,-55.44,-61.68,-58.40,-46.98,-58.66,-47.36,-54.09,2026-06-26 05:43:04+00:00
2026-06-26T05:44:04+00:00,-48.52,-61.57,-66.90,-50.65,-67.76,-45.86,-49.25,-48.97,-52.12,-46.75,-55.43,-61.54,-58.27,-47.09,-58.98,-46.87,-52.66,2026-06-26 05:44:04+00:00
2026-06-26T05:45:04+00:00,-49.19,-61.74,-67.21,-50.79,-65.74,-45.46,-49.83,-48.94,-52.34,-46.54,-53.99,-61.50,-58.27,-47.10,-58.83,-47.25,-52.47,2026-06-26 05:45:04+00:00
2026-06-26T05:46:04+00:00,-48.96,-61.10,-66.42,-50.62,-66.02,-45.04,-48.64,-48.95,-52.32,-46.54,-54.96,-61.78,-58.16,-47.01,-58.61,-47.02,-52.74,2026-06-26 05:46:04+00:00
2026-06-26T05:47:04+00:00,-49.39,-61.43,-67.47,-50.85,-66.45,-45.82,-49.29,-48.94,-52.63,-46.49,-55.23,-61.41,-58.30,-47.03,-58.70,-46.92,-52.53,2026-06-26 05:47:04+00:00
2026-06-26T05:48:03+00:00,-49.00,-61.30,-66.90,-50.78,-65.71,-45.74,-48.79,-48.89,-52.65,-46.50,-54.87,-61.56,-56.49,-47.04,-58.65,-47.04,-52.45,2026-06-26 05:48:03+00:00
2026-06-26T05:49:03+00:00,-49.88,-61.66,-66.98,-51.12,-66.42,-45.75,-49.71,-48.86,-52.64,-46.35,-54.49,-61.32,-56.47,-47.14,-58.83,-46.87,-52.51,2026-06-26 05:49:03+00:00
2026-06-26T05:50:04+00:00,-49.39,-60.28,-67.04,-50.98,-65.66,-45.04,-48.80,-48.86,-51.27,-46.37,-54.94,-61.33,-56.29,-47.20,-58.90,-46.73,-53.78,2026-06-26 05:50:04+00:00
2026-06-26T05:51:04+00:00,-49.28,-59.92,-67.61,-51.38,-66.81,-45.29,-48.81,-48.95,-50.13,-46.51,-54.30,-62.07,-56.33,-47.24,-58.67,-46.57,-52.82,2026-06-26 05:51:04+00:00
2026-06-26T05:52:03+00:00,-49.21,-60.07,-67.07,-51.11,-66.23,-45.64,-49.42,-49.06,-51.08,-45.86,-49.61,-62.55,-56.53,-47.08,-58.80,-46.50,-52.66,2026-06-26 05:52:03+00:00
2026-06-26T05:53:04+00:00,-48.73,-59.79,-67.05,-51.28,-66.55,-45.76,-49.79,-49.01,-51.04,-46.16,-49.73,-62.80,-56.66,-47.26,-58.66,-46.22,-54.27,2026-06-26 05:53:04+00:00
2026-06-26T05:54:04+00:00,-49.02,-58.69,-67.00,-51.37,-66.49,-45.53,-49.86,-48.91,-51.12,-46.27,-49.61,-62.74,-56.97,-47.04,-58.21,-46.10,-52.83,2026-06-26 05:54:04+00:00
2026-06-26T05:55:04+00:00,-49.15,-58.96,-66.75,-51.29,-66.00,-45.81,-49.59,-49.17,-51.18,-46.29,-49.40,-62.97,-56.86,-47.33,-57.97,-46.08,-52.68,2026-06-26 05:55:04+00:00
2026-06-26T05:56:03+00:00,-49.30,-59.60,-66.91,-51.52,-65.98,-45.75,-49.79,-49.02,-51.13,-46.04,-50.03,-62.95,-57.31,-47.32,-57.90,-45.93,-57.23,2026-06-26 05:56:03+00:00
2026-06-26T05:57:03+00:00,-49.34,-60.47,-67.38,-51.25,-66.27,-45.98,-50.45,-48.91,-51.06,-45.83,-50.64,-63.65,-57.37,-47.23,-58.26,-46.17,-57.23,2026-06-26 05:57:03+00:00
2026-06-26T05:58:04+00:00,-49.52,-59.45,-67.32,-51.50,-65.62,-45.69,-49.92,-48.91,-50.92,-46.04,-50.87,-63.40,-57.26,-47.21,-58.16,-46.45,-56.98,2026-06-26 05:58:04+00:00
2026-06-26T05:59:04+00:00,-48.38,-59.57,-65.42,-51.67,-66.66,-45.93,-50.56,-48.79,-50.00,-45.93,-50.76,-62.73,-57.45,-47.16,-58.07,-46.24,-57.22,2026-06-26 05:59:04+00:00
2026-06-26T06:00:04+00:00,-48.65,-60.64,-66.08,-51.36,-65.53,-45.72,-50.13,-48.81,-50.05,-45.84,-50.37,-62.98,-57.25,-46.99,-58.15,-46.38,-58.17,2026-06-26 06:00:04+00:00
2026-06-26T06:01:07+00:00,-48.27,-60.45,-66.37,-51.19,-66.41,-45.98,-50.49,-49.01,-50.28,-46.08,-51.18,-62.26,-57.03,-47.12,-58.06,-46.42,-58.14,2026-06-26 06:01:07+00:00
2026-06-26T06:02:04+00:00,-49.30,-60.97,-67.29,-51.39,-66.37,-46.02,-50.35,-48.76,-49.99,-45.96,-51.20,-63.17,-57.23,-46.98,-58.20,-46.79,-57.94,2026-06-26 06:02:04+00:00
2026-06-26T06:03:03+00:00,-48.90,-59.52,-67.78,-51.52,-65.76,-45.10,-49.55,-48.80,-50.02,-46.01,-51.15,-64.07,-56.82,-46.91,-57.90,-46.62,-57.86,2026-06-26 06:03:03+00:00
2026-06-26T06:04:04+00:00,-48.96,-58.98,-67.51,-51.14,-66.10,-46.01,-50.46,-48.74,-50.08,-45.96,-50.94,-63.97,-56.97,-47.03,-57.72,-46.59,-57.99,2026-06-26 06:04:04+00:00
2026-06-26T06:05:04+00:00,-48.56,-59.26,-67.55,-51.31,-65.80,-45.93,-50.33,-48.92,-51.99,-45.74,-50.90,-63.81,-57.26,-46.87,-57.80,-46.76,-58.18,2026-06-26 06:05:04+00:00
2026-06-26T06:06:03+00:00,-48.40,-59.90,-67.52,-51.02,-66.72,-46.11,-50.73,-48.86,-52.11,-45.89,-50.91,-63.26,-57.13,-47.11,-58.06,-46.82,-58.02,2026-06-26 06:06:03+00:00
2026-06-26T06:07:04+00:00,-46.76,-58.80,-67.65,-51.17,-66.15,-46.13,-50.50,-48.83,-51.51,-45.90,-50.89,-63.55,-56.87,-46.86,-57.87,-46.64,-58.44,2026-06-26 06:07:04+00:00
2026-06-26T06:08:05+00:00,-47.04,-59.79,-67.36,-51.26,-65.53,-46.13,-50.57,-48.87,-51.70,-45.59,-50.83,-63.42,-57.08,-46.81,-57.43,-46.60,-58.33,2026-06-26 06:08:05+00:00
2026-06-26T06:09:04+00:00,-46.34,-59.91,-67.29,-51.33,-66.12,-46.25,-50.55,-48.74,-51.66,-45.81,-50.62,-63.58,-56.95,-46.85,-57.60,-46.86,-58.46,2026-06-26 06:09:04+00:00
2026-06-26T06:10:04+00:00,-47.03,-60.09,-67.26,-51.60,-65.70,-46.58,-50.20,-48.74,-51.54,-45.78,-50.77,-62.44,-57.00,-46.90,-57.85,-46.78,-58.18,2026-06-26 06:10:04+00:00
2026-06-26T06:11:04+00:00,-46.68,-59.94,-66.78,-51.13,-65.98,-46.09,-50.38,-48.70,-51.66,-45.56,-50.59,-62.62,-57.32,-47.04,-57.99,-46.37,-58.39,2026-06-26 06:11:04+00:00
2026-06-26T06:12:04+00:00,-46.46,-59.50,-66.92,-51.55,-65.96,-46.08,-49.93,-48.71,-51.49,-45.55,-50.10,-62.24,-57.12,-47.13,-58.24,-46.55,-58.40,2026-06-26 06:12:04+00:00
2026-06-26T06:13:06+00:00,-46.55,-60.39,-66.53,-51.65,-66.31,-46.19,-50.74,-48.71,-51.42,-45.09,-49.79,-62.28,-56.93,-47.10,-57.72,-46.22,-58.66,2026-06-26 06:13:06+00:00
2026-06-26T06:14:04+00:00,-47.72,-60.16,-66.20,-51.04,-65.96,-46.11,-50.46,-48.64,-51.96,-44.90,-49.81,-61.43,-57.01,-46.94,-58.25,-46.50,-58.62,2026-06-26 06:14:04+00:00
2026-06-26T06:15:04+00:00,-47.69,-61.19,-65.95,-51.37,-66.12,-45.22,-48.50,-48.56,-51.91,-45.01,-50.28,-61.46,-56.79,-46.88,-57.93,-46.37,-58.38,2026-06-26 06:15:04+00:00
2026-06-26T06:16:04+00:00,-46.93,-59.19,-67.14,-51.17,-66.91,-46.24,-50.18,-48.59,-51.96,-44.95,-51.22,-62.55,-57.13,-47.04,-58.23,-46.43,-58.95,2026-06-26 06:16:04+00:00
2026-06-26T06:17:04+00:00,-47.04,-60.32,-67.41,-51.38,-65.92,-46.16,-50.86,-48.60,-51.46,-45.25,-51.60,-63.11,-57.08,-46.94,-57.88,-46.58,-58.56,2026-06-26 06:17:04+00:00
2026-06-26T06:18:03+00:00,-46.30,-60.15,-67.37,-51.17,-66.07,-46.27,-49.99,-48.67,-51.81,-45.72,-53.08,-63.13,-56.98,-47.00,-58.08,-46.58,-58.49,2026-06-26 06:18:03+00:00
2026-06-26T06:19:04+00:00,-46.35,-59.93,-67.47,-51.39,-67.10,-46.12,-49.94,-48.50,-51.70,-45.62,-52.96,-63.28,-56.89,-47.25,-58.20,-46.58,-57.99,2026-06-26 06:19:04+00:00
2026-06-26T06:20:04+00:00,-46.72,-59.55,-66.94,-51.49,-65.60,-46.27,-50.18,-48.55,-51.21,-45.48,-53.05,-63.20,-57.07,-47.28,-58.22,-46.49,-58.04,2026-06-26 06:20:04+00:00
2026-06-26T06:21:04+00:00,-46.67,-60.48,-67.68,-51.73,-66.44,-46.28,-50.73,-48.50,-51.82,-45.48,-52.86,-63.09,-57.11,-47.06,-57.77,-46.66,-58.19,2026-06-26 06:21:04+00:00
2026-06-26T06:22:04+00:00,-46.43,-60.13,-66.68,-51.32,-65.82,-46.21,-49.91,-48.56,-50.25,-45.64,-52.81,-61.81,-57.08,-47.20,-58.07,-46.54,-58.19,2026-06-26 06:22:04+00:00
2026-06-26T06:23:04+00:00,-46.90,-59.52,-66.78,-51.44,-66.92,-46.24,-50.27,-48.50,-50.14,-45.59,-52.77,-61.74,-57.25,-47.35,-58.12,-46.70,-58.20,2026-06-26 06:23:04+00:00
2026-06-26T06:24:04+00:00,-47.39,-60.00,-67.21,-52.22,-65.94,-46.36,-50.42,-48.46,-50.25,-45.55,-52.76,-61.97,-57.13,-47.39,-58.20,-46.81,-58.36,2026-06-26 06:24:04+00:00
2026-06-26T06:25:03+00:00,-47.16,-59.56,-66.74,-51.78,-67.18,-46.30,-50.23,-48.44,-49.99,-45.52,-52.88,-61.92,-56.95,-47.11,-58.00,-46.80,-58.05,2026-06-26 06:25:03+00:00
2026-06-26T06:26:04+00:00,-47.10,-58.34,-66.52,-52.81,-66.13,-46.17,-50.03,-48.38,-50.28,-45.37,-52.80,-61.18,-56.90,-47.35,-57.97,-46.71,-58.11,2026-06-26 06:26:04+00:00
2026-06-26T06:27:04+00:00,-47.92,-60.28,-65.80,-53.46,-66.53,-45.25,-48.71,-48.46,-50.13,-45.50,-53.05,-61.49,-60.51,-47.33,-57.72,-46.89,-58.38,2026-06-26 06:27:04+00:00
2026-06-26T06:28:04+00:00,-46.97,-59.30,-66.10,-53.96,-66.31,-46.28,-49.91,-48.62,-50.02,-45.50,-52.98,-61.77,-56.90,-47.58,-58.05,-46.94,-54.29,2026-06-26 06:28:04+00:00
2026-06-26T06:29:04+00:00,-47.62,-58.99,-66.57,-54.08,-66.86,-46.33,-50.29,-48.65,-50.11,-45.30,-53.02,-62.05,-56.75,-47.61,-57.80,-46.93,-54.29,2026-06-26 06:29:04+00:00
2026-06-26T06:30:04+00:00,-47.53,-60.17,-66.60,-54.48,-65.68,-46.38,-49.77,-48.73,-50.17,-45.43,-53.36,-62.58,-56.82,-47.70,-57.58,-46.84,-54.40,2026-06-26 06:30:04+00:00
2026-06-26T06:31:06+00:00,-47.44,-60.20,-66.23,-54.24,-66.14,-46.25,-49.91,-48.72,-50.19,-45.18,-53.07,-62.69,-56.94,-47.76,-57.44,-47.17,-54.30,2026-06-26 06:31:06+00:00
2026-06-26T06:32:04+00:00,-47.73,-59.46,-66.84,-54.01,-67.05,-46.17,-50.14,-48.67,-50.11,-45.11,-53.17,-62.59,-56.93,-47.78,-57.97,-47.03,-54.51,2026-06-26 06:32:04+00:00
2026-06-26T06:33:04+00:00,-48.75,-59.98,-66.30,-53.78,-65.75,-46.18,-49.85,-49.16,-49.67,-45.16,-53.23,-61.83,-56.86,-47.85,-57.97,-47.01,-54.22,2026-06-26 06:33:04+00:00
2026-06-26T06:34:04+00:00,-47.58,-59.93,-66.54,-53.93,-66.10,-46.36,-50.21,-49.11,-49.90,-45.01,-53.33,-61.19,-56.79,-47.83,-57.84,-46.90,-54.89,2026-06-26 06:34:04+00:00
2026-06-26T06:35:04+00:00,-47.30,-59.63,-66.43,-53.90,-66.12,-46.00,-50.51,-49.08,-48.26,-45.05,-53.12,-61.10,-56.78,-47.89,-57.83,-46.88,-54.28,2026-06-26 06:35:04+00:00
2026-06-26T06:36:04+00:00,-47.74,-60.36,-65.65,-53.47,-66.15,-46.11,-50.35,-49.09,-48.43,-44.93,-53.84,-60.84,-56.76,-48.26,-58.09,-47.00,-54.90,2026-06-26 06:36:04+00:00
2026-06-26T06:37:04+00:00,-47.58,-60.32,-65.70,-53.63,-65.99,-46.11,-50.10,-49.08,-48.89,-44.86,-53.76,-60.43,-56.67,-48.02,-57.72,-46.81,-54.39,2026-06-26 06:37:04+00:00
2026-06-26T06:38:03+00:00,-47.72,-60.48,-65.27,-53.94,-66.47,-46.27,-49.90,-48.88,-48.95,-45.04,-55.62,-60.34,-56.70,-48.27,-57.44,-46.84,-54.96,2026-06-26 06:38:03+00:00
2026-06-26T06:39:04+00:00,-47.50,-58.84,-64.74,-54.20,-65.53,-45.41,-48.46,-48.71,-47.97,-44.91,-55.77,-61.43,-56.46,-48.09,-57.53,-46.59,-55.10,2026-06-26 06:39:04+00:00
2026-06-26T06:40:04+00:00,-47.57,-59.40,-65.48,-54.90,-66.84,-46.15,-50.10,-48.87,-48.90,-45.08,-56.58,-61.68,-56.72,-48.11,-57.88,-46.82,-55.24,2026-06-26 06:40:04+00:00
2026-06-26T06:41:03+00:00,-47.87,-59.36,-65.20,-54.65,-65.69,-46.10,-50.37,-48.92,-48.91,-44.95,-55.89,-61.78,-56.68,-48.10,-57.80,-47.02,-55.02,2026-06-26 06:41:03+00:00
2026-06-26T06:42:04+00:00,-47.84,-59.39,-64.97,-54.37,-65.97,-46.07,-50.11,-48.79,-49.06,-44.83,-55.59,-62.13,-56.52,-48.20,-57.60,-46.92,-54.48,2026-06-26 06:42:04+00:00
2026-06-26T06:43:04+00:00,-48.02,-59.64,-65.38,-53.65,-65.85,-46.10,-50.04,-48.97,-48.90,-44.62,-55.71,-62.28,-56.78,-48.16,-57.13,-47.21,-54.85,2026-06-26 06:43:04+00:00
2026-06-26T06:44:03+00:00,-47.96,-61.12,-65.24,-53.25,-66.64,-46.39,-49.91,-48.90,-48.90,-44.76,-55.88,-62.31,-56.81,-48.45,-57.33,-46.89,-57.53,2026-06-26 06:44:03+00:00
2026-06-26T06:45:04+00:00,-47.47,-59.14,-64.68,-53.59,-65.96,-46.20,-50.05,-48.79,-48.94,-44.83,-55.78,-62.37,-56.81,-48.40,-57.36,-46.79,-58.05,2026-06-26 06:45:04+00:00
2026-06-26T06:46:03+00:00,-47.20,-59.89,-65.04,-53.99,-65.83,-46.22,-50.06,-48.90,-48.98,-44.80,-55.86,-61.59,-56.62,-48.47,-57.52,-46.88,-58.46,2026-06-26 06:46:03+00:00
2026-06-26T06:47:04+00:00,-47.66,-59.96,-64.06,-52.97,-66.16,-46.18,-49.98,-48.80,-48.97,-44.85,-55.75,-62.19,-56.67,-48.81,-57.22,-46.89,-57.05,2026-06-26 06:47:04+00:00
2026-06-26T06:48:04+00:00,-47.51,-59.89,-63.60,-54.16,-66.43,-46.26,-49.95,-48.79,-49.03,-45.33,-56.72,-62.06,-57.06,-48.69,-57.24,-46.89,-58.11,2026-06-26 06:48:04+00:00
2026-06-26T06:49:04+00:00,-47.30,-59.97,-63.47,-54.25,-66.57,-46.21,-50.11,-48.86,-49.00,-45.44,-56.77,-62.28,-56.94,-48.72,-57.18,-47.30,-58.11,2026-06-26 06:49:04+00:00
2026-06-26T06:50:03+00:00,-47.59,-60.73,-64.42,-54.62,-65.76,-46.07,-49.85,-48.76,-50.87,-45.33,-56.94,-61.85,-56.75,-48.75,-57.29,-47.22,-57.03,2026-06-26 06:50:03+00:00
2026-06-26T06:51:04+00:00,-48.14,-59.07,-63.80,-54.08,-66.14,-45.46,-48.42,-48.74,-51.05,-45.39,-57.39,-63.65,-56.45,-48.86,-57.21,-47.09,-58.26,2026-06-26 06:51:04+00:00
2026-06-26T06:52:04+00:00,-47.78,-59.26,-63.02,-53.65,-65.78,-46.25,-49.71,-48.86,-50.98,-45.65,-57.42,-63.39,-56.89,-49.07,-57.19,-47.15,-57.79,2026-06-26 06:52:04+00:00
2026-06-26T06:53:03+00:00,-47.38,-59.69,-62.94,-54.43,-66.29,-46.16,-49.81,-48.90,-51.03,-45.34,-57.85,-63.68,-56.88,-48.84,-57.52,-47.00,-58.18,2026-06-26 06:53:03+00:00
2026-06-26T06:54:05+00:00,-48.71,-60.47,-62.96,-54.22,-66.49,-46.32,-49.75,-48.86,-50.80,-45.35,-57.70,-63.55,-56.77,-49.17,-57.40,-46.99,-58.30,2026-06-26 06:54:05+00:00
2026-06-26T06:55:04+00:00,-48.58,-60.79,-63.21,-54.49,-66.10,-46.34,-49.50,-48.81,-50.92,-45.36,-58.09,-63.64,-56.92,-49.02,-57.35,-47.06,-58.41,2026-06-26 06:55:04+00:00
2026-06-26T06:56:04+00:00,-48.44,-60.35,-62.95,-54.06,-66.47,-46.17,-49.79,-48.75,-51.02,-45.30,-58.20,-63.43,-56.88,-48.82,-57.14,-46.85,-58.65,2026-06-26 06:56:04+00:00
2026-06-26T06:57:04+00:00,-48.51,-60.66,-63.38,-53.83,-66.34,-46.39,-49.95,-48.80,-51.12,-45.08,-56.93,-63.53,-57.04,-49.13,-57.26,-46.98,-58.52,2026-06-26 06:57:04+00:00
2026-06-26T06:58:04+00:00,-48.35,-59.39,-63.54,-53.34,-65.76,-46.30,-50.38,-48.84,-51.09,-45.07,-57.02,-63.98,-56.89,-49.02,-57.31,-46.79,-58.51,2026-06-26 06:58:04+00:00
2026-06-26T06:59:04+00:00,-48.81,-58.08,-63.75,-54.22,-65.57,-46.24,-53.94,-48.90,-50.68,-44.74,-55.06,-64.16,-56.97,-49.12,-57.31,-46.76,-57.43,2026-06-26 06:59:04+00:00
2026-06-26T07:00:04+00:00,-48.37,-58.29,-63.81,-53.70,-65.19,-46.16,-53.79,-48.69,-50.71,-53.69,-57.36,-64.18,-56.72,-48.93,-56.87,-46.30,-56.13,2026-06-26 07:00:04+00:00
2026-06-26T07:01:07+00:00,-47.87,-59.43,-64.07,-53.66,-65.91,-46.39,-53.74,-48.78,-50.71,-53.72,-57.73,-63.73,-57.00,-48.97,-56.89,-46.43,-58.49,2026-06-26 07:01:07+00:00
2026-06-26T07:02:04+00:00,-47.95,-60.76,-64.09,-54.13,-65.68,-46.27,-53.76,-48.74,-50.73,-53.85,-57.52,-63.86,-56.88,-49.02,-57.38,-46.21,-58.75,2026-06-26 07:02:04+00:00
2026-06-26T07:03:04+00:00,-47.55,-60.46,-64.15,-53.04,-67.43,-46.28,-53.66,-48.82,-50.71,-53.65,-57.82,-64.05,-57.06,-49.08,-57.25,-46.57,-58.75,2026-06-26 07:03:04+00:00
2026-06-26T07:04:04+00:00,-49.65,-59.49,-63.99,-54.05,-65.78,-46.11,-48.22,-48.77,-50.59,-53.75,-57.62,-64.02,-57.03,-49.24,-57.31,-46.39,-59.05,2026-06-26 07:04:04+00:00
2026-06-26T07:05:05+00:00,-49.28,-59.63,-64.24,-53.25,-65.70,-46.16,-52.04,-48.90,-50.87,-53.86,-57.74,-63.86,-56.87,-49.09,-57.45,-46.20,-57.21,2026-06-26 07:05:05+00:00
2026-06-26T07:06:04+00:00,-49.90,-58.87,-64.29,-52.86,-66.29,-46.22,-51.98,-48.79,-50.58,-53.69,-57.57,-63.62,-57.05,-49.06,-57.32,-46.25,-59.22,2026-06-26 07:06:04+00:00
2026-06-26T07:07:04+00:00,-49.96,-59.29,-64.35,-53.20,-66.71,-46.15,-49.86,-48.90,-49.76,-53.68,-57.80,-63.64,-56.81,-49.12,-57.31,-45.89,-59.13,2026-06-26 07:07:04+00:00
2026-06-26T07:08:04+00:00,-50.07,-58.33,-64.24,-53.33,-65.49,-46.28,-50.43,-48.76,-49.71,-53.31,-57.67,-63.56,-56.63,-49.11,-57.55,-46.08,-59.03,2026-06-26 07:08:04+00:00
2026-06-26T07:09:04+00:00,-49.76,-56.67,-64.12,-53.24,-65.30,-46.27,-49.76,-48.81,-49.67,-53.43,-57.88,-63.68,-56.87,-49.27,-57.64,-46.03,-59.22,2026-06-26 07:09:04+00:00
2026-06-26T07:10:04+00:00,-48.76,-56.46,-64.15,-54.09,-65.84,-46.12,-49.96,-48.74,-49.98,-53.56,-57.74,-63.33,-56.79,-49.25,-57.26,-46.00,-58.71,2026-06-26 07:10:04+00:00
2026-06-26T07:11:04+00:00,-48.57,-56.39,-64.14,-53.51,-66.79,-46.30,-50.50,-48.76,-49.95,-53.55,-57.53,-63.54,-56.64,-49.60,-56.84,-45.75,-58.58,2026-06-26 07:11:04+00:00
2026-06-26T07:12:03+00:00,-48.65,-56.50,-64.27,-53.17,-66.27,-46.22,-50.42,-48.80,-49.84,-53.47,-57.60,-63.56,-56.84,-49.56,-57.13,-45.82,-58.85,2026-06-26 07:12:03+00:00
2026-06-26T07:13:04+00:00,-48.65,-56.59,-64.26,-53.33,-66.23,-46.05,-50.00,-48.74,-49.81,-53.12,-57.41,-63.43,-51.77,-49.80,-57.17,-45.84,-58.30,2026-06-26 07:13:04+00:00
2026-06-26T07:14:04+00:00,-48.47,-56.20,-64.56,-53.39,-66.12,-46.16,-49.70,-48.70,-49.80,-53.14,-57.19,-63.14,-52.05,-49.86,-57.34,-45.74,-58.58,2026-06-26 07:14:04+00:00
2026-06-26T07:15:04+00:00,-47.39,-56.99,-64.65,-53.67,-65.80,-46.15,-49.47,-48.71,-49.98,-53.27,-57.15,-63.06,-52.67,-49.99,-56.97,-45.71,-57.98,2026-06-26 07:15:04+00:00
2026-06-26T07:16:05+00:00,-48.00,-55.93,-64.67,-53.26,-65.76,-46.13,-50.08,-48.76,-51.87,-53.35,-57.16,-63.70,-52.67,-50.27,-57.23,-45.50,-58.27,2026-06-26 07:16:05+00:00
2026-06-26T07:17:04+00:00,-47.89,-55.67,-64.69,-53.23,-66.39,-46.19,-50.24,-48.72,-51.64,-53.08,-56.59,-62.81,-52.21,-50.43,-57.17,-45.57,-58.52,2026-06-26 07:17:04+00:00
2026-06-26T07:18:04+00:00,-47.95,-56.90,-64.58,-54.00,-66.09,-45.96,-49.96,-48.69,-51.03,-53.11,-56.82,-63.62,-51.68,-50.85,-57.30,-45.41,-58.16,2026-06-26 07:18:04+00:00
2026-06-26T07:19:03+00:00,-48.01,-57.49,-64.45,-54.09,-66.94,-46.08,-50.81,-48.63,-51.06,-53.08,-56.84,-63.34,-51.35,-50.84,-57.32,-45.70,-58.32,2026-06-26 07:19:03+00:00
2026-06-26T07:20:04+00:00,-47.96,-56.54,-64.86,-54.04,-66.41,-46.09,-50.66,-48.72,-48.76,-53.10,-56.67,-63.84,-51.33,-51.02,-57.20,-45.63,-58.52,2026-06-26 07:20:04+00:00
2026-06-26T07:21:04+00:00,-48.14,-56.14,-64.44,-54.47,-67.01,-46.05,-50.49,-48.68,-49.19,-52.98,-56.45,-63.83,-50.75,-50.90,-56.81,-45.68,-58.29,2026-06-26 07:21:04+00:00
2026-06-26T07:22:03+00:00,-48.28,-56.59,-64.01,-54.25,-65.78,-46.19,-50.19,-48.67,-48.92,-53.05,-56.46,-63.80,-50.15,-51.01,-57.42,-45.26,-58.70,2026-06-26 07:22:03+00:00
2026-06-26T07:23:04+00:00,-48.04,-56.08,-64.80,-52.53,-65.75,-46.21,-49.97,-48.51,-48.93,-52.97,-55.58,-63.29,-50.41,-51.59,-57.03,-45.27,-58.56,2026-06-26 07:23:04+00:00
2026-06-26T07:24:04+00:00,-48.21,-55.57,-64.90,-53.76,-65.35,-46.24,-49.71,-48.68,-48.81,-53.11,-55.95,-63.59,-50.93,-51.31,-57.18,-45.31,-57.26,2026-06-26 07:24:04+00:00
2026-06-26T07:25:04+00:00,-47.99,-56.70,-65.39,-54.37,-66.10,-46.21,-50.57,-48.72,-49.08,-52.81,-55.79,-63.78,-49.68,-51.65,-57.54,-45.37,-58.34,2026-06-26 07:25:04+00:00
2026-06-26T07:26:04+00:00,-48.11,-56.54,-65.18,-53.79,-65.80,-46.37,-50.17,-48.59,-49.46,-52.84,-55.85,-63.51,-49.54,-51.42,-57.17,-45.28,-58.33,2026-06-26 07:26:04+00:00
2026-06-26T07:27:04+00:00,-47.89,-57.14,-64.76,-54.06,-66.58,-46.12,-50.18,-48.73,-49.31,-52.83,-55.68,-63.23,-49.23,-52.07,-57.20,-45.27,-58.63,2026-06-26 07:27:04+00:00
2026-06-26T07:28:03+00:00,-48.24,-57.03,-64.96,-53.13,-66.32,-45.99,-49.96,-48.68,-49.29,-52.73,-55.07,-63.23,-49.32,-52.22,-57.23,-45.25,-58.66,2026-06-26 07:28:03+00:00
2026-06-26T07:29:04+00:00,-48.33,-56.66,-64.51,-53.28,-66.21,-46.00,-50.41,-48.63,-48.94,-52.60,-54.93,-62.94,-49.33,-52.14,-57.30,-45.25,-57.27,2026-06-26 07:29:04+00:00
2026-06-26T07:30:04+00:00,-48.22,-55.86,-64.70,-52.82,-66.77,-46.30,-50.22,-48.73,-49.11,-52.71,-54.98,-63.45,-49.31,-52.09,-57.33,-45.19,-58.21,2026-06-26 07:30:04+00:00
2026-06-26T07:31:06+00:00,-48.33,-56.07,-64.59,-53.58,-65.84,-46.17,-50.22,-48.67,-48.88,-52.61,-54.76,-63.28,-49.35,-52.40,-57.09,-45.27,-58.32,2026-06-26 07:31:06+00:00
2026-06-26T07:32:04+00:00,-48.28,-57.27,-64.75,-54.40,-66.20,-46.18,-49.94,-48.62,-48.88,-52.52,-54.52,-63.13,-49.40,-52.59,-57.29,-45.49,-57.59,2026-06-26 07:32:04+00:00
2026-06-26T07:33:04+00:00,-47.86,-58.30,-64.91,-54.33,-66.75,-46.13,-49.66,-48.59,-48.97,-48.63,-51.50,-63.31,-49.41,-52.65,-57.63,-45.67,-57.93,2026-06-26 07:33:04+00:00
2026-06-26T07:34:04+00:00,-47.90,-57.85,-64.92,-53.60,-66.36,-46.19,-50.47,-48.64,-49.08,-46.02,-48.70,-63.57,-49.48,-52.68,-57.56,-45.79,-57.63,2026-06-26 07:34:04+00:00
2026-06-26T07:35:04+00:00,-48.03,-57.54,-65.28,-52.62,-65.87,-46.17,-50.10,-48.67,-50.44,-46.61,-48.77,-63.29,-49.37,-52.70,-57.34,-45.70,-57.71,2026-06-26 07:35:04+00:00
2026-06-26T07:36:04+00:00,-48.03,-57.82,-65.31,-53.02,-66.57,-46.18,-50.04,-48.73,-50.51,-47.96,-50.78,-63.43,-50.96,-52.81,-57.13,-46.02,-57.76,2026-06-26 07:36:04+00:00
2026-06-26T07:37:04+00:00,-47.79,-57.45,-66.06,-54.34,-66.16,-46.17,-49.65,-48.70,-50.47,-50.02,-53.01,-63.47,-50.33,-52.67,-57.52,-46.27,-56.98,2026-06-26 07:37:04+00:00
2026-06-26T07:38:03+00:00,-48.04,-56.81,-66.50,-54.19,-66.15,-46.17,-50.56,-48.61,-50.51,-50.21,-53.31,-63.60,-50.31,-52.61,-57.01,-46.41,-57.79,2026-06-26 07:38:03+00:00
2026-06-26T07:39:03+00:00,-48.03,-57.33,-66.94,-54.06,-66.58,-45.99,-49.96,-48.70,-50.59,-50.14,-53.33,-63.96,-50.33,-53.13,-57.42,-46.63,-57.19,2026-06-26 07:39:03+00:00
2026-06-26T07:40:04+00:00,-47.87,-57.08,-67.01,-53.95,-65.95,-46.01,-50.13,-48.82,-50.59,-50.06,-53.00,-63.61,-50.34,-53.17,-57.43,-46.39,-58.02,2026-06-26 07:40:04+00:00
2026-06-26T07:41:04+00:00,-47.78,-57.86,-67.37,-53.32,-65.92,-46.14,-50.55,-48.63,-50.53,-50.11,-52.91,-63.71,-50.40,-53.18,-57.39,-46.94,-57.68,2026-06-26 07:41:04+00:00
2026-06-26T07:42:03+00:00,-47.62,-57.75,-67.32,-53.46,-66.72,-45.97,-50.26,-48.70,-50.43,-50.06,-52.88,-62.93,-50.46,-53.25,-57.27,-46.73,-55.38,2026-06-26 07:42:03+00:00
2026-06-26T07:43:03+00:00,-47.98,-57.07,-67.62,-53.81,-66.25,-46.11,-50.25,-48.76,-50.25,-49.92,-52.85,-62.57,-50.42,-53.14,-57.37,-47.02,-57.62,2026-06-26 07:43:03+00:00
2026-06-26T07:44:04+00:00,-47.83,-56.93,-67.57,-53.31,-65.91,-46.22,-50.09,-48.75,-50.23,-50.02,-52.89,-62.13,-50.36,-53.67,-57.17,-46.89,-57.67,2026-06-26 07:44:04+00:00
2026-06-26T07:45:04+00:00,-48.16,-57.46,-67.13,-53.19,-65.88,-46.15,-50.55,-48.55,-50.39,-50.00,-52.88,-61.70,-50.51,-53.53,-56.96,-46.81,-57.92,2026-06-26 07:45:04+00:00
2026-06-26T07:46:04+00:00,-47.97,-57.65,-66.87,-52.76,-66.67,-46.18,-49.83,-48.74,-50.27,-52.98,-55.95,-61.53,-50.59,-53.97,-57.36,-46.76,-56.51,2026-06-26 07:46:04+00:00
2026-06-26T07:47:04+00:00,-47.47,-57.97,-67.46,-53.63,-65.58,-46.14,-50.20,-48.70,-50.14,-52.88,-55.92,-61.52,-50.63,-54.09,-57.05,-46.79,-57.59,2026-06-26 07:47:04+00:00
2026-06-26T07:48:04+00:00,-47.57,-57.78,-67.49,-53.68,-65.35,-46.14,-50.24,-48.77,-50.35,-53.07,-55.74,-61.55,-50.51,-54.22,-57.09,-46.57,-57.77,2026-06-26 07:48:04+00:00
2026-06-26T07:49:04+00:00,-47.20,-57.79,-67.24,-53.99,-65.88,-46.15,-50.11,-48.63,-50.43,-52.66,-54.47,-61.69,-51.34,-54.54,-57.38,-46.60,-57.65,2026-06-26 07:49:04+00:00
2026-06-26T07:50:04+00:00,-47.48,-56.92,-67.69,-53.21,-65.96,-46.15,-50.22,-48.81,-50.41,-52.74,-55.34,-61.87,-51.13,-54.42,-57.16,-46.63,-57.65,2026-06-26 07:50:04+00:00
2026-06-26T07:51:04+00:00,-47.47,-56.81,-66.89,-51.89,-66.73,-46.11,-50.42,-48.79,-50.42,-52.52,-55.29,-61.87,-50.42,-54.35,-57.06,-46.44,-57.42,2026-06-26 07:51:04+00:00
2026-06-26T07:52:03+00:00,-47.30,-57.82,-67.44,-50.59,-65.82,-46.15,-50.63,-48.74,-50.36,-52.45,-55.38,-62.01,-50.53,-54.58,-56.99,-46.48,-57.91,2026-06-26 07:52:03+00:00
2026-06-26T07:53:03+00:00,-47.49,-57.76,-66.75,-50.42,-66.28,-46.04,-50.13,-48.87,-50.24,-52.59,-55.33,-62.14,-50.52,-54.67,-57.24,-46.92,-57.50,2026-06-26 07:53:03+00:00
2026-06-26T07:54:03+00:00,-47.59,-57.74,-67.29,-50.85,-65.30,-46.07,-50.54,-48.64,-50.28,-53.76,-55.57,-62.38,-50.54,-54.99,-56.63,-46.87,-57.44,2026-06-26 07:54:03+00:00
2026-06-26T07:55:03+00:00,-47.79,-57.79,-67.12,-51.91,-66.06,-46.16,-50.46,-48.75,-50.30,-54.20,-55.31,-62.66,-50.58,-54.46,-56.72,-46.94,-57.54,2026-06-26 07:55:03+00:00
2026-06-26T07:56:03+00:00,-47.32,-57.66,-67.54,-51.36,-65.67,-46.01,-50.39,-48.63,-50.85,-49.20,-55.54,-62.62,-50.59,-54.75,-56.89,-46.62,-57.48,2026-06-26 07:56:03+00:00
2026-06-26T07:57:04+00:00,-47.32,-58.39,-67.44,-51.41,-65.94,-45.99,-50.24,-48.76,-51.02,-46.56,-55.44,-63.19,-50.71,-54.85,-57.04,-46.80,-57.49,2026-06-26 07:57:04+00:00
2026-06-26T07:58:04+00:00,-47.30,-58.67,-67.18,-51.47,-66.18,-45.85,-50.30,-48.70,-50.42,-46.06,-55.57,-63.20,-50.65,-54.94,-56.91,-47.20,-55.06,2026-06-26 07:58:04+00:00
2026-06-26T07:59:04+00:00,-47.58,-58.41,-67.62,-51.67,-65.45,-46.20,-50.55,-48.82,-50.63,-45.54,-55.37,-63.54,-50.65,-54.91,-56.87,-47.40,-57.44,2026-06-26 07:59:04+00:00
2026-06-26T08:00:04+00:00,-47.51,-57.51,-67.09,-50.36,-65.82,-46.02,-50.30,-48.73,-50.82,-45.46,-55.50,-63.76,-50.79,-55.08,-57.22,-47.08,-57.70,2026-06-26 08:00:04+00:00
2026-06-26T08:01:08+00:00,-47.43,-57.78,-67.28,-50.55,-67.24,-46.16,-50.26,-48.74,-50.90,-45.35,-55.36,-63.79,-50.62,-55.14,-56.86,-47.69,-57.65,2026-06-26 08:01:08+00:00
2026-06-26T08:02:04+00:00,-47.52,-57.06,-67.12,-52.12,-66.07,-46.05,-50.38,-48.58,-51.01,-45.50,-55.28,-63.67,-50.65,-54.58,-57.56,-47.60,-57.81,2026-06-26 08:02:04+00:00
2026-06-26T08:03:04+00:00,-47.63,-57.85,-67.28,-52.06,-65.89,-46.15,-50.56,-48.67,-50.40,-45.56,-55.49,-63.95,-50.65,-54.73,-56.86,-47.75,-57.38,2026-06-26 08:03:04+00:00
2026-06-26T08:04:04+00:00,-47.91,-58.03,-67.35,-52.16,-66.06,-46.07,-50.04,-48.62,-50.53,-45.37,-55.45,-63.93,-50.74,-54.39,-56.90,-48.16,-57.22,2026-06-26 08:04:04+00:00
2026-06-26T08:05:03+00:00,-47.76,-57.69,-67.34,-52.38,-65.63,-45.99,-49.99,-48.62,-49.06,-45.55,-55.25,-64.03,-50.84,-54.59,-57.08,-48.25,-56.98,2026-06-26 08:05:03+00:00
2026-06-26T08:06:03+00:00,-47.46,-57.81,-67.77,-51.82,-66.31,-46.10,-49.91,-48.59,-49.16,-45.47,-55.25,-64.18,-50.78,-54.48,-57.16,-48.62,-57.25,2026-06-26 08:06:03+00:00
2026-06-26T08:07:03+00:00,-48.00,-57.43,-66.52,-52.34,-66.12,-46.32,-49.95,-48.61,-50.40,-45.48,-55.18,-63.85,-50.86,-54.64,-57.01,-48.83,-57.27,2026-06-26 08:07:03+00:00
2026-06-26T08:08:04+00:00,-47.58,-57.38,-67.37,-52.42,-65.24,-46.16,-50.06,-48.59,-50.11,-45.48,-55.28,-64.24,-50.91,-54.79,-57.10,-49.31,-57.65,2026-06-26 08:08:04+00:00
2026-06-26T08:09:04+00:00,-48.26,-57.42,-66.87,-50.72,-66.05,-46.10,-50.41,-48.66,-50.07,-45.49,-55.21,-63.91,-50.79,-54.61,-56.82,-49.40,-57.52,2026-06-26 08:09:04+00:00
2026-06-26T08:10:04+00:00,-47.57,-57.07,-67.44,-51.83,-66.91,-46.00,-50.17,-48.67,-50.16,-45.32,-55.08,-64.29,-50.80,-54.81,-56.93,-49.65,-57.66,2026-06-26 08:10:04+00:00
2026-06-26T08:11:03+00:00,-48.04,-57.74,-67.79,-51.71,-65.14,-45.98,-50.10,-48.70,-50.70,-45.57,-55.17,-64.63,-50.69,-54.85,-56.78,-50.12,-57.38,2026-06-26 08:11:03+00:00
2026-06-26T08:12:03+00:00,-47.33,-57.00,-67.54,-52.53,-65.37,-45.85,-50.49,-48.60,-50.37,-45.80,-55.28,-64.55,-50.74,-54.98,-56.79,-50.44,-57.51,2026-06-26 08:12:03+00:00
2026-06-26T08:13:04+00:00,-47.83,-57.39,-67.78,-52.00,-65.55,-45.92,-50.54,-48.70,-50.79,-45.50,-54.73,-64.56,-50.61,-55.03,-57.05,-50.84,-57.35,2026-06-26 08:13:04+00:00
2026-06-26T08:14:04+00:00,-47.60,-57.28,-67.61,-52.03,-66.57,-45.76,-50.47,-48.71,-49.86,-45.44,-54.83,-64.65,-50.57,-54.92,-56.91,-50.97,-58.32,2026-06-26 08:14:04+00:00
2026-06-26T08:15:03+00:00,-47.73,-58.54,-67.61,-53.36,-66.53,-45.93,-50.45,-48.65,-49.92,-45.63,-54.92,-64.51,-50.64,-55.09,-57.08,-51.66,-58.23,2026-06-26 08:15:03+00:00
2026-06-26T08:16:03+00:00,-47.47,-57.18,-67.66,-51.00,-66.47,-46.05,-50.80,-48.67,-50.20,-45.92,-54.76,-64.36,-50.61,-55.02,-56.93,-51.16,-58.36,2026-06-26 08:16:03+00:00
2026-06-26T08:17:04+00:00,-47.48,-57.22,-67.79,-52.06,-66.64,-45.99,-50.49,-48.58,-50.37,-45.83,-54.81,-64.47,-50.59,-55.26,-56.76,-51.68,-58.31,2026-06-26 08:17:04+00:00
2026-06-26T08:18:04+00:00,-47.67,-58.79,-67.90,-52.42,-66.24,-46.07,-50.20,-48.83,-50.51,-45.62,-55.60,-64.08,-50.85,-55.36,-57.02,-52.20,-58.30,2026-06-26 08:18:04+00:00
2026-06-26T08:19:04+00:00,-47.21,-58.73,-67.89,-52.42,-66.38,-46.07,-50.51,-48.74,-50.39,-45.53,-55.46,-63.37,-50.79,-55.48,-56.60,-52.58,-58.50,2026-06-26 08:19:04+00:00
2026-06-26T08:20:03+00:00,-47.32,-58.69,-67.68,-51.32,-66.39,-46.09,-50.17,-48.49,-51.30,-45.46,-55.62,-63.30,-50.63,-55.42,-56.67,-52.22,-58.27,2026-06-26 08:20:03+00:00
2026-06-26T08:21:03+00:00,-47.52,-57.78,-67.63,-52.18,-65.87,-46.20,-50.21,-48.63,-51.69,-45.44,-55.30,-62.41,-50.65,-55.57,-56.48,-52.68,-58.62,2026-06-26 08:21:03+00:00
2026-06-26T08:22:04+00:00,-47.53,-57.70,-67.51,-52.31,-66.22,-46.00,-49.90,-48.45,-52.39,-45.24,-55.45,-61.97,-50.68,-55.39,-56.83,-52.72,-58.49,2026-06-26 08:22:04+00:00
2026-06-26T08:23:04+00:00,-47.09,-57.94,-67.27,-50.55,-66.05,-46.22,-50.39,-48.65,-50.86,-45.39,-55.60,-61.86,-50.66,-55.26,-56.45,-51.78,-58.52,2026-06-26 08:23:04+00:00
2026-06-26T08:24:03+00:00,-47.65,-57.96,-61.44,-52.07,-66.09,-46.14,-51.08,-49.97,-51.82,-45.24,-55.69,-60.65,-50.42,-58.75,-56.24,-52.06,-58.58,2026-06-26 08:24:03+00:00
2026-06-26T08:25:03+00:00,-47.68,-58.30,-67.73,-52.07,-66.37,-46.20,-51.70,-51.09,-51.71,-44.95,-56.02,-62.00,-50.63,-62.23,-56.40,-52.48,-57.01,2026-06-26 08:25:03+00:00
2026-06-26T08:26:03+00:00,-47.55,-59.03,-68.56,-53.35,-66.09,-46.00,-51.36,-51.08,-52.31,-45.18,-55.69,-61.92,-50.59,-62.32,-56.54,-52.43,-58.06,2026-06-26 08:26:03+00:00
2026-06-26T08:27:04+00:00,-47.05,-59.27,-68.52,-54.04,-66.49,-45.99,-50.96,-51.04,-52.62,-44.97,-56.06,-62.04,-50.56,-62.92,-56.38,-52.60,-58.29,2026-06-26 08:27:04+00:00
2026-06-26T08:28:04+00:00,-46.83,-57.43,-66.19,-53.99,-66.17,-45.93,-51.49,-50.96,-52.48,-44.94,-55.57,-61.38,-50.66,-62.96,-56.26,-52.23,-58.01,2026-06-26 08:28:04+00:00
2026-06-26T08:29:04+00:00,-46.86,-57.78,-62.28,-52.88,-66.43,-46.00,-51.26,-50.99,-51.14,-44.84,-55.73,-58.49,-50.32,-63.28,-56.38,-51.43,-58.34,2026-06-26 08:29:04+00:00
2026-06-26T08:30:03+00:00,-46.89,-56.60,-64.71,-52.68,-65.23,-45.93,-50.47,-48.58,-51.32,-45.22,-55.58,-61.69,-50.45,-55.63,-56.70,-52.44,-58.37,2026-06-26 08:30:03+00:00
2026-06-26T08:31:06+00:00,-46.88,-56.87,-65.02,-51.66,-65.99,-45.96,-50.17,-48.54,-50.25,-45.02,-55.56,-61.26,-50.52,-55.78,-56.70,-51.87,-58.53,2026-06-26 08:31:06+00:00
2026-06-26T08:32:03+00:00,-47.12,-57.22,-65.73,-52.40,-65.86,-46.15,-49.79,-48.61,-50.45,-45.17,-55.40,-61.62,-50.57,-56.37,-56.55,-52.33,-58.51,2026-06-26 08:32:03+00:00
2026-06-26T08:33:04+00:00,-47.53,-57.14,-64.15,-51.85,-66.26,-45.79,-50.55,-48.67,-49.89,-45.17,-55.57,-60.81,-50.59,-56.27,-56.38,-52.10,-58.28,2026-06-26 08:33:04+00:00
2026-06-26T08:34:04+00:00,-46.49,-57.51,-63.99,-50.67,-66.01,-45.81,-50.05,-48.71,-49.89,-45.05,-55.58,-61.25,-50.43,-56.40,-56.75,-52.22,-58.09,2026-06-26 08:34:04+00:00
2026-06-26T08:35:03+00:00,-46.87,-56.83,-64.01,-55.57,-65.51,-46.68,-49.99,-48.67,-49.91,-45.16,-55.40,-60.84,-50.51,-56.31,-56.46,-52.12,-58.21,2026-06-26 08:35:03+00:00
2026-06-26T08:36:04+00:00,-46.55,-56.73,-64.03,-55.85,-65.70,-46.52,-50.71,-48.84,-50.99,-45.05,-55.63,-61.04,-50.54,-56.47,-56.36,-51.67,-57.65,2026-06-26 08:36:04+00:00
2026-06-26T08:37:04+00:00,-46.88,-57.47,-64.31,-50.76,-65.42,-46.08,-50.35,-48.89,-50.04,-45.20,-55.49,-61.18,-50.52,-56.53,-56.55,-51.00,-58.14,2026-06-26 08:37:04+00:00
2026-06-26T08:38:04+00:00,-47.01,-56.77,-64.43,-51.96,-65.24,-46.16,-49.92,-48.79,-50.49,-45.09,-54.08,-61.38,-50.58,-56.48,-56.49,-51.38,-58.27,2026-06-26 08:38:04+00:00
2026-06-26T08:39:04+00:00,-46.65,-57.45,-64.35,-50.39,-65.74,-46.10,-50.69,-48.73,-50.52,-44.97,-55.38,-61.36,-50.51,-56.45,-56.44,-51.22,-58.16,2026-06-26 08:39:04+00:00
2026-06-26T08:40:03+00:00,-46.19,-57.40,-63.65,-50.08,-65.80,-45.95,-49.86,-48.68,-51.42,-45.04,-55.28,-60.97,-50.53,-56.35,-56.33,-51.48,-58.32,2026-06-26 08:40:03+00:00
2026-06-26T08:41:03+00:00,-47.02,-56.21,-63.46,-50.41,-65.80,-45.63,-50.40,-48.70,-50.46,-45.04,-55.05,-61.44,-50.53,-56.50,-56.47,-51.42,-57.41,2026-06-26 08:41:03+00:00
2026-06-26T08:42:04+00:00,-46.49,-56.86,-63.94,-52.40,-65.96,-45.77,-49.68,-48.65,-50.08,-45.03,-54.74,-61.45,-50.71,-56.48,-56.25,-51.12,-57.40,2026-06-26 08:42:04+00:00
2026-06-26T08:43:04+00:00,-46.70,-54.13,-63.83,-51.21,-66.57,-46.04,-50.21,-48.77,-50.00,-44.92,-54.70,-61.81,-50.84,-56.41,-56.30,-50.69,-57.09,2026-06-26 08:43:04+00:00
2026-06-26T08:44:03+00:00,-47.02,-55.25,-63.98,-51.65,-66.47,-45.78,-50.19,-48.64,-50.18,-44.99,-54.86,-62.35,-50.60,-56.32,-56.33,-51.11,-58.00,2026-06-26 08:44:03+00:00
2026-06-26T08:45:03+00:00,-46.94,-55.30,-64.00,-52.08,-66.84,-45.88,-50.54,-48.75,-50.08,-45.01,-54.93,-62.69,-50.59,-56.18,-55.90,-50.33,-57.86,2026-06-26 08:45:03+00:00
2026-06-26T08:46:04+00:00,-46.57,-55.30,-64.30,-50.30,-66.34,-45.77,-50.33,-48.77,-50.06,-45.07,-55.00,-62.70,-50.69,-55.84,-56.30,-50.70,-57.21,2026-06-26 08:46:04+00:00
2026-06-26T08:47:04+00:00,-46.48,-55.00,-63.58,-51.35,-66.50,-45.81,-50.08,-48.62,-49.98,-45.04,-54.81,-62.71,-50.83,-56.13,-56.59,-50.68,-57.65,2026-06-26 08:47:04+00:00
2026-06-26T08:48:03+00:00,-46.49,-55.35,-65.42,-52.71,-66.22,-45.95,-50.24,-48.63,-50.59,-44.87,-54.91,-62.75,-50.78,-56.02,-56.07,-50.82,-57.75,2026-06-26 08:48:03+00:00
2026-06-26T08:49:03+00:00,-46.50,-55.02,-64.42,-52.87,-65.65,-45.76,-50.18,-48.62,-50.45,-44.86,-55.01,-62.88,-50.71,-55.73,-56.14,-50.69,-57.54,2026-06-26 08:49:03+00:00
2026-06-26T08:50:04+00:00,-45.79,-54.83,-63.92,-51.65,-65.01,-46.10,-50.29,-48.67,-49.77,-44.86,-55.01,-62.54,-50.78,-55.64,-56.44,-49.91,-57.22,2026-06-26 08:50:04+00:00
2026-06-26T08:51:04+00:00,-46.62,-55.20,-63.88,-53.25,-66.00,-45.76,-50.74,-48.65,-50.02,-44.92,-54.65,-62.80,-50.74,-55.65,-57.11,-50.65,-56.83,2026-06-26 08:51:04+00:00
2026-06-26T08:52:03+00:00,-46.89,-54.99,-63.58,-53.62,-65.94,-45.84,-50.11,-48.68,-50.10,-44.82,-54.62,-62.49,-50.67,-55.89,-56.65,-50.65,-57.33,2026-06-26 08:52:03+00:00
2026-06-26T08:53:03+00:00,-46.83,-57.50,-63.82,-53.19,-66.57,-45.79,-50.52,-48.81,-49.69,-45.12,-54.92,-62.18,-50.70,-55.63,-56.24,-50.47,-57.70,2026-06-26 08:53:03+00:00
2026-06-26T08:54:04+00:00,-47.10,-57.17,-63.81,-52.49,-66.04,-45.68,-50.27,-48.77,-49.90,-44.94,-53.59,-62.39,-50.71,-55.76,-56.10,-49.96,-55.57,2026-06-26 08:54:04+00:00
2026-06-26T08:55:04+00:00,-46.99,-57.30,-64.12,-53.21,-65.79,-45.89,-49.91,-48.87,-50.23,-44.90,-54.70,-62.07,-50.65,-55.74,-56.13,-50.85,-57.15,2026-06-26 08:55:04+00:00
2026-06-26T08:56:04+00:00,-47.35,-57.12,-63.54,-53.16,-66.01,-45.67,-50.67,-48.95,-50.70,-44.86,-54.82,-62.30,-50.78,-55.73,-56.30,-50.75,-57.24,2026-06-26 08:56:04+00:00
2026-06-26T08:57:03+00:00,-47.60,-57.27,-63.64,-52.98,-66.21,-45.89,-50.56,-48.89,-49.82,-44.91,-54.61,-62.59,-50.94,-55.67,-56.21,-51.17,-57.46,2026-06-26 08:57:03+00:00
2026-06-26T08:58:03+00:00,-46.77,-57.20,-63.76,-52.97,-65.96,-45.83,-50.34,-48.74,-50.25,-44.90,-54.83,-62.60,-50.92,-55.51,-56.03,-51.12,-56.30,2026-06-26 08:58:03+00:00
2026-06-26T08:59:03+00:00,-47.09,-57.64,-63.54,-54.37,-66.84,-45.65,-50.90,-48.96,-50.16,-45.10,-54.80,-62.73,-50.96,-55.74,-56.32,-51.85,-57.38,2026-06-26 08:59:03+00:00
2026-06-26T09:00:04+00:00,-47.18,-56.67,-63.65,-53.37,-66.70,-45.79,-50.17,-48.87,-50.31,-44.86,-54.11,-62.75,-51.13,-55.66,-56.29,-51.98,-56.97,2026-06-26 09:00:04+00:00
2026-06-26T09:01:08+00:00,-46.92,-57.09,-63.78,-53.27,-65.40,-45.79,-50.26,-48.78,-50.80,-44.71,-54.50,-62.85,-51.09,-55.84,-56.14,-52.09,-57.43,2026-06-26 09:01:08+00:00
2026-06-26T09:02:03+00:00,-47.35,-57.03,-63.75,-53.91,-66.65,-45.95,-50.20,-48.72,-50.40,-44.88,-54.70,-62.77,-51.04,-55.77,-56.35,-52.27,-57.40,2026-06-26 09:02:03+00:00
2026-06-26T09:03:03+00:00,-47.22,-57.12,-63.54,-52.29,-65.91,-45.85,-50.41,-48.82,-51.91,-44.88,-54.35,-62.64,-50.95,-55.76,-56.33,-51.33,-56.74,2026-06-26 09:03:03+00:00
2026-06-26T09:04:04+00:00,-47.53,-57.32,-62.87,-53.49,-66.32,-45.98,-50.06,-48.63,-50.55,-44.93,-54.34,-62.38,-51.09,-55.60,-56.28,-52.07,-55.45,2026-06-26 09:04:04+00:00
2026-06-26T09:05:04+00:00,-47.33,-57.02,-63.69,-52.98,-66.02,-45.85,-49.69,-48.74,-50.20,-44.90,-53.02,-62.69,-51.23,-55.79,-56.54,-51.94,-57.30,2026-06-26 09:05:04+00:00
2026-06-26T09:06:04+00:00,-47.05,-56.80,-63.73,-51.91,-66.97,-46.07,-49.77,-48.65,-51.02,-44.78,-54.40,-62.68,-51.23,-55.72,-56.32,-51.93,-54.90,2026-06-26 09:06:04+00:00
2026-06-26T09:07:04+00:00,-46.86,-56.59,-64.09,-52.13,-66.00,-45.89,-50.10,-48.56,-51.35,-44.50,-51.58,-62.65,-51.19,-55.35,-56.13,-51.49,-57.46,2026-06-26 09:07:04+00:00
2026-06-26T09:08:04+00:00,-47.34,-56.94,-63.52,-53.01,-65.86,-45.97,-50.47,-48.67,-51.09,-44.23,-51.47,-62.40,-51.24,-55.57,-56.17,-52.17,-57.15,2026-06-26 09:08:04+00:00
2026-06-26T09:09:04+00:00,-47.28,-56.86,-65.31,-53.20,-66.35,-45.70,-50.40,-48.78,-51.02,-44.29,-51.08,-63.47,-51.18,-55.30,-56.06,-51.46,-57.20,2026-06-26 09:09:04+00:00
2026-06-26T09:10:03+00:00,-47.11,-56.08,-63.61,-52.82,-65.82,-45.76,-49.98,-48.69,-50.76,-44.46,-51.61,-62.94,-51.09,-55.41,-56.44,-51.61,-56.38,2026-06-26 09:10:03+00:00
2026-06-26T09:11:03+00:00,-46.89,-55.43,-65.62,-53.88,-66.15,-45.82,-49.28,-48.53,-51.27,-44.10,-51.24,-63.62,-51.24,-55.00,-56.04,-51.62,-56.10,2026-06-26 09:11:03+00:00
2026-06-26T09:12:04+00:00,-47.29,-56.43,-65.65,-53.59,-66.62,-45.82,-49.54,-48.79,-52.01,-44.22,-50.46,-63.51,-51.29,-54.73,-56.30,-51.53,-57.28,2026-06-26 09:12:04+00:00
2026-06-26T09:13:04+00:00,-47.78,-57.04,-66.17,-53.42,-65.79,-45.74,-50.06,-48.67,-50.50,-44.20,-50.25,-63.58,-51.39,-54.55,-56.10,-51.86,-57.11,2026-06-26 09:13:04+00:00
2026-06-26T09:14:04+00:00,-47.09,-56.72,-65.73,-52.97,-65.86,-45.85,-49.84,-48.78,-50.78,-44.23,-50.36,-63.73,-51.33,-54.36,-56.52,-51.85,-55.33,2026-06-26 09:14:04+00:00
2026-06-26T09:15:04+00:00,-47.32,-57.26,-65.88,-53.20,-65.57,-45.88,-49.77,-48.66,-50.92,-44.78,-51.66,-63.62,-52.11,-54.20,-56.55,-51.33,-56.66,2026-06-26 09:15:04+00:00
2026-06-26T09:16:04+00:00,-47.49,-56.64,-65.92,-53.05,-66.17,-46.01,-50.50,-48.66,-50.73,-44.48,-51.61,-63.69,-52.21,-54.05,-56.71,-51.55,-57.23,2026-06-26 09:16:04+00:00
2026-06-26T09:17:04+00:00,-47.14,-57.66,-65.11,-52.44,-65.51,-46.13,-50.30,-49.03,-50.64,-44.40,-51.65,-63.34,-52.23,-53.97,-56.32,-51.41,-57.01,2026-06-26 09:17:04+00:00
2026-06-26T09:18:03+00:00,-47.10,-57.65,-65.47,-52.98,-66.07,-45.94,-50.16,-48.93,-50.59,-44.47,-50.75,-63.59,-52.10,-54.02,-56.63,-51.61,-56.95,2026-06-26 09:18:03+00:00
2026-06-26T09:19:03+00:00,-47.03,-57.29,-65.64,-53.41,-66.49,-45.82,-50.47,-49.01,-50.50,-44.03,-50.34,-63.73,-52.04,-53.81,-56.24,-51.43,-55.97,2026-06-26 09:19:03+00:00
2026-06-26T09:20:04+00:00,-47.79,-57.22,-65.76,-52.59,-65.99,-45.87,-50.21,-49.06,-50.67,-44.17,-49.65,-63.72,-52.01,-53.78,-56.78,-50.86,-56.76,2026-06-26 09:20:04+00:00
2026-06-26T09:21:04+00:00,-47.31,-57.62,-66.27,-52.83,-66.00,-45.86,-50.38,-48.99,-50.65,-44.29,-49.79,-63.57,-52.58,-53.59,-56.45,-50.94,-57.04,2026-06-26 09:21:04+00:00
2026-06-26T09:22:03+00:00,-47.07,-57.25,-66.23,-52.27,-65.53,-45.87,-50.52,-48.98,-50.68,-44.02,-49.66,-63.96,-52.82,-53.51,-56.67,-51.12,-57.41,2026-06-26 09:22:03+00:00
2026-06-26T09:23:03+00:00,-46.80,-55.40,-65.90,-51.89,-65.88,-46.07,-49.98,-48.97,-50.40,-43.82,-48.69,-63.97,-53.25,-53.41,-56.77,-50.81,-56.60,2026-06-26 09:23:03+00:00
2026-06-26T09:24:04+00:00,-46.91,-54.57,-65.95,-51.95,-65.36,-45.91,-50.56,-48.92,-50.63,-44.09,-49.19,-63.93,-53.20,-53.24,-56.64,-50.52,-57.29,2026-06-26 09:24:04+00:00
2026-06-26T09:25:04+00:00,-47.26,-57.12,-66.10,-51.89,-66.15,-45.95,-50.46,-48.88,-50.64,-43.90,-48.27,-64.09,-53.31,-53.32,-56.43,-50.74,-57.50,2026-06-26 09:25:04+00:00
2026-06-26T09:26:03+00:00,-47.28,-57.48,-66.13,-51.49,-65.99,-45.91,-50.09,-49.07,-50.71,-43.43,-47.79,-64.32,-53.24,-53.00,-56.66,-49.82,-57.24,2026-06-26 09:26:03+00:00
2026-06-26T09:27:03+00:00,-47.35,-56.50,-65.92,-51.76,-66.19,-45.92,-50.42,-49.10,-50.56,-43.47,-47.38,-63.84,-53.42,-52.90,-56.52,-50.02,-57.27,2026-06-26 09:27:03+00:00
2026-06-26T09:28:03+00:00,-47.78,-57.14,-66.19,-52.24,-65.67,-46.03,-50.01,-48.99,-51.08,-43.74,-47.82,-64.40,-53.37,-53.16,-56.53,-50.37,-57.36,2026-06-26 09:28:03+00:00
2026-06-26T09:29:04+00:00,-47.48,-57.31,-65.87,-52.67,-66.26,-45.94,-49.96,-49.05,-51.25,-43.87,-48.81,-64.17,-53.54,-52.72,-56.57,-49.96,-57.36,2026-06-26 09:29:04+00:00
2026-06-26T09:30:04+00:00,-47.36,-57.91,-65.09,-52.93,-66.09,-46.08,-50.42,-49.05,-50.95,-44.06,-49.49,-63.94,-53.42,-52.78,-56.25,-49.91,-57.27,2026-06-26 09:30:04+00:00
2026-06-26T09:31:08+00:00,-46.85,-57.58,-65.86,-52.91,-65.56,-45.98,-50.04,-48.94,-50.85,-44.21,-49.18,-64.03,-53.41,-52.34,-56.45,-50.01,-56.87,2026-06-26 09:31:08+00:00
2026-06-26T09:32:04+00:00,-46.65,-57.27,-66.10,-52.90,-66.12,-46.00,-50.38,-49.05,-51.03,-44.52,-49.37,-64.27,-53.61,-52.51,-56.22,-50.05,-57.23,2026-06-26 09:32:04+00:00
2026-06-26T09:33:04+00:00,-47.89,-57.87,-66.38,-52.98,-65.99,-46.08,-50.18,-49.10,-50.74,-44.41,-49.36,-64.15,-53.44,-52.26,-56.43,-50.13,-57.04,2026-06-26 09:33:04+00:00
2026-06-26T09:34:03+00:00,-48.11,-57.34,-66.02,-52.25,-66.67,-46.10,-50.07,-49.08,-50.69,-44.41,-49.45,-64.02,-53.35,-52.13,-56.75,-50.16,-57.22,2026-06-26 09:34:03+00:00
2026-06-26T09:35:03+00:00,-47.93,-57.34,-66.18,-52.63,-65.98,-46.28,-50.02,-49.10,-50.42,-44.54,-49.30,-63.96,-53.47,-51.85,-56.51,-50.36,-57.52,2026-06-26 09:35:03+00:00
2026-06-26T09:36:03+00:00,-47.92,-58.01,-66.18,-52.07,-67.00,-45.95,-49.60,-49.10,-50.32,-44.46,-49.51,-64.35,-53.43,-51.68,-56.50,-49.85,-57.57,2026-06-26 09:36:03+00:00
2026-06-26T09:37:04+00:00,-47.23,-57.16,-65.57,-52.95,-66.27,-46.21,-49.80,-49.02,-50.56,-44.50,-49.40,-63.79,-53.38,-51.44,-56.73,-50.53,-57.27,2026-06-26 09:37:04+00:00
2026-06-26T09:38:04+00:00,-47.29,-57.77,-66.81,-52.40,-65.74,-46.02,-49.82,-49.18,-50.99,-44.40,-46.75,-64.33,-53.47,-51.34,-56.48,-50.62,-54.35,2026-06-26 09:38:04+00:00
2026-06-26T09:39:04+00:00,-47.26,-57.93,-66.44,-52.35,-66.01,-46.00,-49.82,-49.15,-50.41,-44.54,-49.32,-65.78,-53.55,-51.46,-56.68,-50.56,-56.70,2026-06-26 09:39:04+00:00
2026-06-26T09:40:04+00:00,-47.50,-58.55,-66.15,-51.46,-65.57,-46.24,-49.98,-49.01,-50.29,-44.57,-49.34,-65.90,-53.54,-51.38,-56.63,-50.44,-56.37,2026-06-26 09:40:04+00:00
2026-06-26T09:41:04+00:00,-47.51,-58.39,-66.24,-51.37,-65.81,-46.03,-49.53,-49.14,-50.43,-44.50,-49.16,-65.74,-53.38,-51.18,-56.40,-50.86,-57.67,2026-06-26 09:41:04+00:00
2026-06-26T09:42:03+00:00,-47.78,-57.75,-66.15,-52.73,-65.95,-46.15,-50.09,-49.15,-50.30,-44.60,-49.23,-65.47,-53.55,-51.15,-56.72,-50.76,-57.59,2026-06-26 09:42:03+00:00
2026-06-26T09:43:03+00:00,-48.25,-57.52,-66.20,-53.48,-65.76,-45.96,-50.05,-49.03,-50.43,-44.65,-49.07,-64.43,-53.54,-50.98,-56.48,-50.88,-57.44,2026-06-26 09:43:03+00:00
2026-06-26T09:44:03+00:00,-48.20,-57.75,-66.62,-52.71,-65.82,-46.12,-49.82,-48.93,-50.36,-44.67,-49.26,-64.50,-56.75,-50.79,-56.44,-51.24,-57.44,2026-06-26 09:44:03+00:00
2026-06-26T09:45:03+00:00,-47.97,-57.29,-66.04,-52.45,-66.52,-45.85,-49.91,-49.12,-50.33,-44.96,-49.21,-64.24,-56.94,-51.03,-56.46,-50.88,-57.19,2026-06-26 09:45:03+00:00
2026-06-26T09:46:03+00:00,-47.75,-56.04,-66.16,-50.88,-66.49,-45.87,-50.23,-49.06,-50.74,-44.84,-50.17,-65.47,-56.80,-50.71,-56.07,-50.53,-56.78,2026-06-26 09:46:03+00:00
2026-06-26T09:47:04+00:00,-48.26,-56.86,-65.95,-53.31,-66.03,-45.86,-50.39,-48.83,-50.57,-44.94,-49.16,-65.36,-56.82,-50.81,-56.53,-51.53,-57.08,2026-06-26 09:47:04+00:00
2026-06-26T09:48:03+00:00,-48.23,-57.08,-66.77,-51.81,-65.68,-46.03,-49.60,-48.57,-51.18,-44.84,-49.64,-65.80,-56.85,-50.60,-56.20,-51.10,-57.39,2026-06-26 09:48:03+00:00
2026-06-26T09:49:03+00:00,-47.96,-57.16,-66.50,-51.27,-65.85,-45.93,-49.65,-48.56,-50.77,-44.88,-49.68,-65.67,-56.74,-50.59,-56.21,-51.59,-56.77,2026-06-26 09:49:03+00:00
2026-06-26T09:50:04+00:00,-48.12,-56.52,-66.56,-52.09,-64.97,-45.84,-50.20,-48.98,-50.79,-44.70,-49.49,-65.56,-56.83,-50.60,-56.18,-51.40,-56.97,2026-06-26 09:50:04+00:00
2026-06-26T09:51:04+00:00,-47.92,-56.87,-66.42,-53.25,-65.90,-46.11,-50.18,-49.02,-50.68,-44.93,-49.37,-65.11,-56.65,-50.53,-56.28,-51.51,-57.23,2026-06-26 09:51:04+00:00
2026-06-26T09:52:04+00:00,-48.29,-52.10,-66.45,-53.55,-64.99,-45.92,-49.22,-49.01,-50.56,-44.76,-49.13,-63.85,-56.57,-50.48,-56.32,-51.77,-56.81,2026-06-26 09:52:04+00:00
2026-06-26T09:53:04+00:00,-47.20,-56.56,-67.38,-53.85,-66.18,-45.11,-43.86,-51.37,-52.23,-44.79,-49.24,-64.31,-56.67,-51.12,-56.24,-51.78,-57.36,2026-06-26 09:53:04+00:00
2026-06-26T09:55:04+00:00,-47.29,-57.27,-67.48,-56.35,-66.66,-44.76,-43.30,-51.36,-52.13,-44.91,-48.75,-65.83,-56.72,-51.05,-56.48,-51.70,-54.48,2026-06-26 09:55:04+00:00
2026-06-26T09:55:08+00:00,-50.44,-53.78,-55.00,-56.38,-65.39,-48.44,-47.23,-52.20,-52.35,-48.61,-51.46,-55.05,-53.73,-53.48,-57.06,-55.88,-54.02,2026-06-26 09:55:08+00:00
2026-06-26T09:56:03+00:00,-47.59,-55.99,-67.02,-54.39,-65.57,-44.78,-43.18,-51.22,-52.25,-45.13,-49.32,-66.19,-56.87,-51.06,-56.64,-51.18,-52.47,2026-06-26 09:56:03+00:00
2026-06-26T09:57:03+00:00,-47.98,-56.90,-66.82,-54.26,-65.85,-44.80,-42.89,-51.11,-53.84,-44.86,-49.28,-65.79,-56.64,-50.84,-56.55,-50.89,-52.64,2026-06-26 09:57:03+00:00
2026-06-26T09:58:03+00:00,-47.68,-56.60,-66.85,-54.25,-66.91,-44.98,-43.07,-51.23,-52.41,-45.13,-49.27,-65.70,-56.87,-50.91,-56.11,-51.48,-52.58,2026-06-26 09:58:03+00:00
2026-06-26T09:59:04+00:00,-47.68,-56.86,-66.47,-52.49,-65.79,-44.94,-43.08,-51.12,-52.29,-44.98,-49.25,-64.62,-56.69,-50.80,-56.57,-51.18,-52.68,2026-06-26 09:59:04+00:00
2026-06-26T10:00:04+00:00,-47.72,-57.13,-65.85,-54.08,-65.59,-44.61,-43.03,-50.94,-52.67,-45.12,-49.00,-64.53,-56.65,-50.85,-55.11,-50.74,-52.53,2026-06-26 10:00:04+00:00
2026-06-26T10:01:08+00:00,-48.05,-57.16,-66.31,-54.51,-65.67,-45.17,-43.05,-48.82,-51.81,-45.09,-48.93,-64.16,-56.29,-50.66,-56.27,-50.68,-52.39,2026-06-26 10:01:08+00:00
2026-06-26T10:02:04+00:00,-47.95,-56.47,-60.09,-53.82,-65.22,-45.13,-42.91,-50.64,-52.21,-45.14,-49.07,-64.76,-56.62,-50.75,-56.01,-50.96,-52.47,2026-06-26 10:02:04+00:00
2026-06-26T10:03:04+00:00,-47.81,-56.55,-55.52,-54.09,-66.28,-45.18,-42.98,-50.97,-51.98,-44.92,-49.18,-63.68,-56.53,-50.61,-56.28,-50.70,-52.60,2026-06-26 10:03:04+00:00
2026-06-26T10:04:03+00:00,-48.18,-57.12,-60.70,-54.75,-66.21,-44.65,-43.03,-51.05,-49.79,-45.01,-48.92,-63.14,-55.00,-50.70,-55.23,-50.90,-52.66,2026-06-26 10:04:03+00:00
2026-06-26T10:05:03+00:00,-48.00,-56.22,-66.08,-55.73,-66.42,-44.81,-43.24,-51.04,-52.39,-45.16,-49.09,-64.27,-57.03,-50.51,-56.51,-50.94,-52.50,2026-06-26 10:05:03+00:00
2026-06-26T10:06:03+00:00,-47.83,-56.30,-66.74,-54.77,-65.54,-46.21,-43.20,-50.98,-51.93,-45.12,-49.23,-64.29,-56.69,-50.45,-56.32,-50.34,-53.72,2026-06-26 10:06:03+00:00
2026-06-26T10:07:03+00:00,-47.81,-56.78,-66.85,-56.36,-65.88,-46.09,-43.32,-51.01,-52.01,-45.21,-48.96,-59.93,-56.74,-50.55,-54.78,-50.87,-52.53,2026-06-26 10:07:03+00:00
2026-06-26T10:08:03+00:00,-47.78,-56.29,-67.09,-56.38,-66.63,-45.63,-43.19,-51.02,-51.96,-45.09,-48.83,-64.09,-56.97,-50.74,-56.60,-50.33,-53.51,2026-06-26 10:08:03+00:00
2026-06-26T10:09:04+00:00,-47.59,-56.61,-65.84,-55.45,-65.15,-45.27,-43.29,-51.03,-53.73,-42.84,-44.31,-61.86,-56.41,-50.60,-56.31,-50.56,-52.29,2026-06-26 10:09:04+00:00
2026-06-26T10:10:04+00:00,-47.55,-56.62,-65.65,-55.25,-66.72,-45.30,-43.15,-50.92,-53.78,-42.98,-43.85,-57.23,-56.04,-50.67,-56.54,-50.42,-52.45,2026-06-26 10:10:04+00:00
2026-06-26T10:11:03+00:00,-47.69,-56.44,-65.28,-55.55,-66.00,-45.22,-43.24,-50.93,-53.95,-43.05,-46.13,-57.17,-56.30,-50.63,-56.25,-49.95,-56.30,2026-06-26 10:11:03+00:00
2026-06-26T10:12:03+00:00,-47.73,-56.72,-66.21,-55.45,-65.04,-45.47,-43.16,-50.97,-54.16,-43.31,-46.23,-57.03,-56.43,-50.84,-56.04,-50.20,-56.75,2026-06-26 10:12:03+00:00
2026-06-26T10:13:04+00:00,-47.92,-56.75,-64.53,-55.77,-66.00,-44.56,-43.16,-51.01,-52.59,-44.20,-49.40,-57.39,-55.93,-50.98,-56.11,-49.01,-56.65,2026-06-26 10:13:04+00:00
2026-06-26T10:14:04+00:00,-47.52,-57.03,-57.45,-54.88,-65.82,-44.92,-43.03,-50.67,-54.35,-43.89,-48.21,-63.05,-53.51,-50.82,-54.36,-49.74,-56.88,2026-06-26 10:14:04+00:00
2026-06-26T10:15:03+00:00,-47.50,-56.59,-65.66,-53.38,-66.29,-45.71,-43.11,-48.18,-52.74,-43.53,-48.12,-63.77,-56.47,-49.96,-55.92,-49.85,-56.84,2026-06-26 10:15:03+00:00
2026-06-26T10:16:03+00:00,-47.67,-56.45,-66.30,-54.00,-66.21,-44.68,-43.12,-48.53,-51.83,-43.60,-48.41,-64.19,-56.46,-50.10,-55.91,-49.88,-55.66,2026-06-26 10:16:03+00:00
2026-06-26T10:17:04+00:00,-47.71,-56.71,-66.51,-52.92,-65.94,-45.39,-43.25,-48.49,-51.17,-44.05,-48.60,-64.08,-56.61,-49.72,-56.18,-49.83,-57.08,2026-06-26 10:17:04+00:00
2026-06-26T10:18:04+00:00,-47.71,-56.03,-66.24,-53.90,-66.56,-44.91,-43.06,-48.60,-50.63,-43.79,-48.80,-63.91,-56.43,-49.97,-56.10,-49.78,-54.40,2026-06-26 10:18:04+00:00
2026-06-26T10:19:03+00:00,-47.46,-56.80,-65.80,-54.70,-65.27,-45.15,-43.18,-48.61,-50.67,-44.09,-48.80,-63.78,-56.32,-49.96,-56.21,-50.16,-54.49,2026-06-26 10:19:03+00:00
2026-06-26T10:20:03+00:00,-47.21,-56.61,-66.04,-52.54,-65.78,-44.82,-43.31,-48.13,-50.95,-43.56,-48.55,-63.80,-56.15,-49.93,-56.22,-49.99,-54.21,2026-06-26 10:20:03+00:00
2026-06-26T10:21:04+00:00,-47.77,-56.29,-66.16,-51.23,-65.12,-45.71,-43.25,-48.10,-50.66,-43.82,-48.51,-64.05,-56.07,-50.52,-56.08,-49.75,-54.04,2026-06-26 10:21:04+00:00
2026-06-26T10:22:04+00:00,-47.82,-56.33,-66.11,-49.89,-65.99,-45.55,-43.17,-48.64,-50.79,-43.64,-48.51,-64.08,-56.22,-50.34,-56.05,-49.57,-54.25,2026-06-26 10:22:04+00:00
2026-06-26T10:23:03+00:00,-48.15,-56.31,-65.98,-50.20,-67.03,-44.89,-43.37,-48.37,-51.36,-43.87,-48.42,-64.04,-56.36,-50.57,-55.61,-49.93,-54.35,2026-06-26 10:23:03+00:00
2026-06-26T10:24:03+00:00,-48.22,-55.77,-65.83,-54.46,-65.43,-45.02,-43.21,-48.62,-50.59,-44.00,-48.48,-63.71,-56.15,-49.83,-56.29,-49.89,-53.74,2026-06-26 10:24:03+00:00
2026-06-26T10:25:04+00:00,-47.40,-56.66,-65.09,-53.72,-66.44,-45.38,-43.32,-48.69,-50.39,-44.22,-48.08,-63.11,-56.47,-49.95,-55.77,-50.13,-52.20,2026-06-26 10:25:04+00:00
2026-06-26T10:26:04+00:00,-47.88,-55.60,-65.52,-53.77,-65.87,-45.74,-43.25,-48.61,-50.52,-43.99,-48.51,-63.45,-56.14,-50.10,-56.08,-50.49,-54.41,2026-06-26 10:26:04+00:00
2026-06-26T10:27:03+00:00,-48.24,-56.52,-65.93,-54.20,-67.26,-44.54,-43.23,-48.56,-50.08,-43.90,-48.51,-63.56,-56.12,-50.27,-56.44,-50.15,-53.60,2026-06-26 10:27:03+00:00
2026-06-26T10:28:03+00:00,-47.88,-56.98,-66.46,-53.77,-66.66,-45.61,-43.34,-48.57,-49.93,-44.34,-48.42,-63.44,-56.14,-50.25,-55.99,-50.22,-54.24,2026-06-26 10:28:03+00:00
2026-06-26T10:29:03+00:00,-47.70,-56.37,-66.06,-54.04,-66.99,-45.76,-43.30,-48.68,-49.97,-43.78,-48.37,-63.71,-56.20,-50.37,-56.02,-50.04,-54.16,2026-06-26 10:29:03+00:00
2026-06-26T10:30:04+00:00,-47.94,-56.70,-66.16,-53.18,-66.15,-45.43,-43.34,-48.58,-50.50,-43.81,-48.35,-63.95,-56.45,-50.57,-56.10,-50.21,-54.12,2026-06-26 10:30:04+00:00
2026-06-26T10:31:09+00:00,-46.92,-56.40,-66.05,-52.68,-65.96,-45.20,-43.27,-48.68,-49.82,-43.84,-48.33,-63.86,-56.07,-50.59,-56.14,-50.15,-53.77,2026-06-26 10:31:09+00:00
2026-06-26T10:32:04+00:00,-47.77,-56.80,-66.41,-52.87,-66.00,-45.35,-43.44,-48.59,-50.34,-43.84,-48.34,-63.90,-56.19,-50.81,-56.42,-50.21,-53.53,2026-06-26 10:32:04+00:00
2026-06-26T10:33:03+00:00,-47.12,-56.37,-65.97,-51.97,-64.72,-45.12,-43.28,-48.54,-50.77,-43.77,-48.14,-64.00,-56.35,-50.88,-56.22,-50.09,-53.79,2026-06-26 10:33:03+00:00
2026-06-26T10:34:03+00:00,-47.70,-56.61,-66.07,-52.28,-66.61,-45.59,-43.37,-48.80,-50.78,-43.88,-48.07,-63.53,-55.55,-50.35,-56.01,-50.74,-53.76,2026-06-26 10:34:03+00:00
2026-06-26T10:35:04+00:00,-47.27,-56.23,-66.20,-52.78,-66.45,-44.64,-43.39,-48.60,-50.80,-43.90,-48.03,-63.86,-55.54,-50.87,-56.17,-51.11,-53.70,2026-06-26 10:35:04+00:00
2026-06-26T10:36:03+00:00,-47.16,-56.20,-66.22,-52.67,-66.31,-44.69,-43.41,-48.84,-50.64,-43.86,-48.02,-63.70,-54.27,-50.81,-56.11,-50.86,-54.31,2026-06-26 10:36:03+00:00
2026-06-26T10:37:04+00:00,-47.33,-55.98,-66.17,-53.02,-65.91,-45.42,-43.32,-48.79,-50.70,-43.68,-46.38,-63.62,-54.15,-50.95,-56.26,-51.11,-52.42,2026-06-26 10:37:04+00:00
2026-06-26T10:38:04+00:00,-47.52,-57.02,-66.35,-52.39,-66.49,-45.45,-43.44,-48.43,-50.77,-43.63,-48.03,-64.03,-49.80,-50.97,-56.28,-51.19,-54.16,2026-06-26 10:38:04+00:00
2026-06-26T10:39:03+00:00,-47.44,-56.04,-65.95,-52.77,-65.50,-45.46,-43.38,-48.31,-50.68,-44.00,-47.95,-64.01,-50.59,-50.90,-56.14,-51.59,-53.94,2026-06-26 10:39:03+00:00
2026-06-26T10:40:03+00:00,-46.76,-56.54,-66.03,-53.43,-66.32,-45.07,-43.50,-48.24,-50.83,-43.77,-47.98,-63.83,-50.74,-51.07,-55.83,-51.83,-53.97,2026-06-26 10:40:03+00:00
2026-06-26T10:41:04+00:00,-46.90,-55.76,-65.59,-49.00,-65.73,-45.31,-43.16,-48.91,-51.68,-43.82,-47.90,-63.67,-50.81,-51.55,-56.33,-51.79,-53.81,2026-06-26 10:41:04+00:00
2026-06-26T10:42:04+00:00,-47.26,-56.19,-65.82,-49.60,-66.15,-44.69,-43.14,-48.15,-51.33,-43.84,-47.90,-63.83,-51.00,-51.46,-55.92,-51.33,-54.11,2026-06-26 10:42:04+00:00
2026-06-26T10:43:03+00:00,-48.76,-55.86,-66.33,-50.59,-65.91,-44.46,-43.16,-48.19,-51.22,-44.02,-47.93,-62.80,-51.04,-51.42,-56.08,-51.88,-54.42,2026-06-26 10:43:03+00:00
2026-06-26T10:44:03+00:00,-49.18,-56.43,-65.85,-48.99,-66.37,-44.65,-43.09,-49.37,-51.54,-43.74,-47.95,-63.93,-51.15,-51.64,-56.25,-52.45,-54.48,2026-06-26 10:44:03+00:00
2026-06-26T10:45:04+00:00,-48.99,-56.83,-61.57,-53.09,-65.74,-45.57,-43.39,-50.29,-51.71,-44.06,-47.51,-64.12,-50.50,-52.08,-55.22,-52.00,-54.28,2026-06-26 10:45:04+00:00
2026-06-26T10:46:04+00:00,-48.56,-56.91,-61.37,-52.94,-65.19,-45.24,-43.35,-50.28,-51.68,-43.75,-47.57,-64.63,-50.52,-52.11,-55.36,-52.91,-53.82,2026-06-26 10:46:04+00:00
2026-06-26T10:47:03+00:00,-47.85,-56.59,-61.39,-52.14,-65.47,-44.72,-43.29,-50.26,-51.78,-43.77,-47.34,-65.02,-50.55,-52.01,-55.54,-52.21,-53.42,2026-06-26 10:47:03+00:00
2026-06-26T10:48:03+00:00,-47.43,-56.74,-59.84,-53.81,-65.46,-44.54,-43.40,-50.37,-51.57,-44.03,-47.24,-64.88,-50.51,-52.11,-53.49,-53.11,-54.16,2026-06-26 10:48:03+00:00
2026-06-26T10:49:04+00:00,-47.67,-56.92,-60.29,-53.36,-65.61,-45.01,-43.46,-50.36,-51.41,-43.91,-47.26,-64.57,-50.79,-52.21,-54.16,-53.74,-54.42,2026-06-26 10:49:04+00:00
2026-06-26T10:50:04+00:00,-48.25,-56.47,-60.79,-52.95,-66.29,-44.09,-43.31,-50.36,-51.36,-43.71,-47.35,-64.83,-50.72,-51.76,-54.55,-53.26,-53.46,2026-06-26 10:50:04+00:00
2026-06-26T10:51:03+00:00,-48.40,-56.63,-66.10,-48.81,-66.06,-44.50,-43.38,-49.08,-51.20,-43.84,-47.60,-65.75,-51.44,-51.24,-55.73,-53.18,-54.44,2026-06-26 10:51:03+00:00
2026-06-26T10:52:03+00:00,-48.38,-57.04,-66.12,-49.16,-65.53,-45.18,-43.31,-48.35,-51.34,-43.68,-47.64,-65.65,-51.51,-51.30,-55.86,-53.23,-54.01,2026-06-26 10:52:03+00:00
2026-06-26T10:53:04+00:00,-48.31,-56.41,-65.25,-53.37,-66.14,-44.81,-43.22,-48.65,-50.48,-43.92,-47.59,-65.77,-51.67,-50.50,-55.83,-54.12,-54.45,2026-06-26 10:53:04+00:00
2026-06-26T10:54:04+00:00,-47.92,-56.01,-66.07,-52.58,-65.66,-45.71,-43.31,-48.63,-50.42,-43.94,-47.76,-65.57,-51.68,-50.37,-55.74,-53.79,-54.12,2026-06-26 10:54:04+00:00
2026-06-26T10:55:03+00:00,-48.30,-57.09,-66.58,-53.51,-65.43,-45.62,-43.33,-48.48,-50.38,-43.74,-47.87,-65.56,-51.82,-50.41,-55.81,-53.82,-53.95,2026-06-26 10:55:03+00:00
2026-06-26T10:56:03+00:00,-48.11,-57.18,-66.01,-49.34,-66.24,-45.15,-43.31,-48.82,-51.31,-44.00,-47.87,-65.46,-51.77,-50.75,-55.84,-53.92,-54.33,2026-06-26 10:56:03+00:00
2026-06-26T10:57:04+00:00,-48.20,-56.39,-65.27,-48.84,-66.60,-45.39,-43.26,-49.27,-51.67,-43.73,-47.87,-65.12,-51.75,-50.85,-55.81,-54.15,-54.39,2026-06-26 10:57:04+00:00
2026-06-26T10:58:04+00:00,-48.00,-57.23,-63.55,-51.59,-66.11,-44.89,-43.00,-49.81,-51.86,-43.79,-47.54,-65.04,-51.43,-51.12,-55.38,-53.61,-53.81,2026-06-26 10:58:04+00:00
2026-06-26T10:59:03+00:00,-47.37,-56.82,-60.60,-52.36,-65.80,-44.39,-43.03,-50.20,-52.14,-45.93,-49.07,-63.86,-50.85,-51.30,-53.89,-53.77,-53.33,2026-06-26 10:59:03+00:00
2026-06-26T11:00:03+00:00,-47.69,-56.51,-56.29,-53.67,-66.25,-44.62,-43.11,-50.18,-52.04,-45.79,-49.04,-63.01,-50.33,-51.18,-55.44,-54.21,-54.22,2026-06-26 11:00:03+00:00
2026-06-26T11:01:08+00:00,-47.29,-56.25,-56.47,-53.84,-65.34,-45.10,-43.19,-50.22,-52.05,-45.75,-49.15,-63.21,-50.42,-51.11,-54.82,-54.07,-54.48,2026-06-26 11:01:08+00:00
2026-06-26T11:02:04+00:00,-47.71,-56.85,-59.50,-53.71,-65.86,-44.68,-43.20,-50.08,-52.03,-45.89,-48.98,-63.47,-50.60,-51.13,-52.91,-54.35,-54.31,2026-06-26 11:02:04+00:00
2026-06-26T11:03:04+00:00,-47.99,-56.89,-58.55,-54.47,-66.56,-44.49,-42.78,-50.19,-51.42,-45.96,-49.45,-64.44,-50.66,-51.28,-52.70,-54.64,-54.51,2026-06-26 11:03:04+00:00
2026-06-26T11:04:03+00:00,-48.06,-56.95,-62.88,-52.30,-66.11,-44.15,-42.86,-49.92,-51.32,-45.67,-50.07,-65.01,-51.48,-51.17,-55.54,-54.37,-53.42,2026-06-26 11:04:03+00:00
2026-06-26T11:05:04+00:00,-48.01,-56.68,-62.87,-52.76,-66.55,-45.27,-42.83,-49.90,-51.18,-45.72,-50.24,-65.13,-51.41,-51.23,-55.60,-54.87,-53.55,2026-06-26 11:05:04+00:00
2026-06-26T11:06:03+00:00,-47.30,-56.32,-65.24,-49.83,-65.50,-44.90,-42.94,-49.62,-51.22,-45.64,-50.43,-65.23,-51.78,-51.11,-55.67,-55.14,-54.26,2026-06-26 11:06:03+00:00
2026-06-26T11:07:04+00:00,-47.50,-56.15,-66.27,-52.67,-66.21,-44.69,-43.03,-48.25,-50.81,-45.70,-50.39,-65.83,-52.03,-50.52,-55.72,-55.31,-53.52,2026-06-26 11:07:04+00:00
2026-06-26T11:08:04+00:00,-47.08,-57.21,-66.75,-53.80,-66.33,-46.04,-42.95,-48.07,-51.24,-45.57,-50.52,-65.54,-51.89,-50.21,-55.88,-55.54,-54.53,2026-06-26 11:08:04+00:00
2026-06-26T11:09:03+00:00,-47.55,-56.58,-66.29,-53.25,-65.56,-44.43,-43.04,-48.20,-50.92,-45.44,-50.79,-65.19,-51.97,-50.42,-55.80,-55.94,-53.52,2026-06-26 11:09:03+00:00
2026-06-26T11:10:04+00:00,-47.28,-56.34,-64.17,-50.82,-66.58,-46.97,-43.02,-49.76,-52.64,-45.32,-50.64,-64.65,-51.61,-51.50,-55.58,-55.32,-54.45,2026-06-26 11:10:04+00:00
2026-06-26T11:11:04+00:00,-46.90,-56.08,-59.41,-53.87,-66.14,-47.05,-43.07,-50.55,-52.42,-45.30,-50.84,-58.60,-51.17,-51.80,-55.84,-54.73,-54.09,2026-06-26 11:11:04+00:00
2026-06-26T11:12:04+00:00,-47.47,-56.25,-62.67,-53.15,-65.36,-47.12,-43.10,-50.40,-52.63,-45.13,-50.99,-58.33,-51.67,-51.96,-55.73,-53.94,-53.82,2026-06-26 11:12:04+00:00
2026-06-26T11:13:03+00:00,-48.01,-56.56,-64.10,-53.86,-66.06,-47.30,-43.16,-50.48,-51.45,-45.16,-51.29,-57.19,-51.95,-51.86,-56.01,-50.34,-53.85,2026-06-26 11:13:03+00:00
2026-06-26T11:14:04+00:00,-48.23,-55.82,-58.95,-54.88,-66.42,-46.96,-43.17,-50.50,-50.78,-44.67,-49.11,-60.15,-51.42,-51.99,-55.35,-54.37,-54.48,2026-06-26 11:14:04+00:00
2026-06-26T11:15:04+00:00,-48.10,-56.30,-52.36,-53.78,-66.21,-46.98,-43.12,-50.43,-50.76,-44.93,-48.91,-62.81,-50.38,-52.12,-56.19,-54.31,-53.88,2026-06-26 11:15:04+00:00
2026-06-26T11:16:03+00:00,-48.56,-56.07,-52.37,-54.28,-66.05,-47.12,-43.06,-50.44,-50.66,-44.84,-48.96,-62.50,-50.40,-52.14,-56.13,-53.92,-54.80,2026-06-26 11:16:03+00:00
2026-06-26T11:17:03+00:00,-47.74,-55.78,-53.50,-53.16,-65.66,-46.93,-43.14,-50.31,-50.91,-45.08,-48.51,-63.35,-50.09,-51.98,-55.83,-53.39,-53.86,2026-06-26 11:17:03+00:00
2026-06-26T11:18:04+00:00,-47.97,-56.48,-55.50,-53.85,-66.75,-47.26,-43.28,-50.29,-52.60,-43.82,-46.41,-63.07,-50.38,-52.04,-55.60,-53.20,-54.00,2026-06-26 11:18:04+00:00
2026-06-26T11:19:04+00:00,-47.60,-55.86,-61.04,-52.53,-66.25,-47.08,-43.23,-50.12,-52.71,-44.18,-46.47,-63.12,-50.98,-51.92,-54.36,-52.87,-53.80,2026-06-26 11:19:04+00:00
2026-06-26T11:20:03+00:00,-47.30,-56.58,-66.84,-51.52,-64.91,-47.23,-43.34,-47.78,-51.69,-43.90,-46.33,-64.07,-51.88,-51.16,-56.28,-52.60,-53.60,2026-06-26 11:20:03+00:00
2026-06-26T11:21:03+00:00,-48.02,-55.45,-66.72,-52.73,-66.19,-47.24,-43.33,-48.46,-50.93,-43.82,-46.01,-63.89,-51.88,-50.82,-56.21,-52.30,-54.40,2026-06-26 11:21:03+00:00
2026-06-26T11:22:03+00:00,-47.86,-56.57,-66.55,-52.71,-66.31,-47.27,-43.40,-48.06,-50.39,-43.48,-45.81,-63.89,-51.92,-51.00,-56.21,-52.24,-54.37,2026-06-26 11:22:03+00:00
2026-06-26T11:23:04+00:00,-47.69,-56.46,-66.56,-51.20,-65.65,-47.25,-43.35,-47.88,-50.85,-42.98,-45.05,-63.86,-51.67,-50.99,-56.42,-52.01,-53.66,2026-06-26 11:23:04+00:00
2026-06-26T11:24:04+00:00,-46.44,-56.12,-66.16,-53.14,-65.65,-47.20,-43.21,-48.06,-50.61,-42.92,-44.51,-63.65,-51.81,-50.97,-56.22,-51.93,-54.26,2026-06-26 11:24:04+00:00
2026-06-26T11:25:04+00:00,-46.82,-56.84,-66.51,-53.53,-66.01,-47.02,-43.23,-48.38,-50.56,-42.62,-44.14,-63.91,-51.88,-50.84,-56.17,-52.05,-54.47,2026-06-26 11:25:04+00:00
2026-06-26T11:26:03+00:00,-47.09,-56.40,-65.97,-53.50,-66.67,-47.06,-43.16,-48.60,-50.94,-42.52,-44.26,-63.74,-50.59,-50.99,-56.22,-51.39,-54.20,2026-06-26 11:26:03+00:00
2026-06-26T11:27:03+00:00,-47.10,-56.59,-66.57,-52.10,-66.18,-47.06,-43.24,-48.39,-50.98,-42.69,-44.14,-64.03,-51.17,-51.20,-56.46,-51.19,-54.44,2026-06-26 11:27:03+00:00
2026-06-26T11:28:04+00:00,-47.12,-56.77,-64.92,-52.79,-66.22,-47.03,-43.23,-48.28,-50.89,-42.49,-43.94,-63.68,-51.10,-51.18,-56.09,-51.23,-54.33,2026-06-26 11:28:04+00:00
2026-06-26T11:29:04+00:00,-46.76,-56.58,-65.77,-53.30,-65.58,-47.07,-43.24,-48.34,-50.69,-42.44,-43.78,-63.80,-51.09,-51.31,-56.35,-51.40,-54.24,2026-06-26 11:29:04+00:00
2026-06-26T11:30:03+00:00,-46.61,-56.49,-66.48,-52.13,-66.00,-47.20,-43.20,-48.09,-50.71,-42.41,-43.75,-63.89,-51.08,-51.20,-56.50,-51.06,-53.71,2026-06-26 11:30:03+00:00
2026-06-26T11:31:09+00:00,-47.03,-56.34,-65.89,-52.37,-67.12,-46.47,-43.21,-48.42,-50.41,-42.43,-43.44,-63.53,-51.15,-51.33,-56.37,-51.54,-54.37,2026-06-26 11:31:09+00:00
2026-06-26T11:32:03+00:00,-47.05,-56.74,-66.59,-52.92,-66.09,-46.49,-43.18,-48.60,-51.60,-42.24,-43.43,-63.67,-51.15,-51.53,-56.37,-51.66,-54.33,2026-06-26 11:32:03+00:00
2026-06-26T11:33:03+00:00,-46.94,-55.76,-65.56,-53.06,-65.68,-44.24,-43.30,-48.08,-51.89,-42.33,-43.26,-63.46,-51.15,-51.55,-56.44,-51.59,-54.31,2026-06-26 11:33:03+00:00
2026-06-26T11:34:04+00:00,-46.80,-56.29,-66.43,-53.16,-66.19,-44.48,-43.28,-48.21,-52.00,-42.15,-42.77,-63.57,-51.20,-51.49,-56.60,-52.06,-54.04,2026-06-26 11:34:04+00:00
2026-06-26T11:35:04+00:00,-46.21,-56.25,-65.84,-52.88,-65.57,-44.39,-43.29,-48.13,-50.55,-42.29,-43.15,-63.52,-51.36,-51.62,-56.70,-52.31,-54.44,2026-06-26 11:35:04+00:00
2026-06-26T11:36:04+00:00,-46.14,-56.24,-66.07,-52.93,-65.80,-44.41,-43.28,-48.27,-50.68,-42.04,-43.06,-63.53,-51.43,-51.60,-56.03,-52.30,-54.31,2026-06-26 11:36:04+00:00
2026-06-26T11:37:04+00:00,-46.32,-56.31,-65.65,-54.16,-65.50,-44.60,-43.21,-48.30,-50.18,-42.12,-42.94,-63.58,-51.47,-51.81,-56.77,-52.46,-54.07,2026-06-26 11:37:04+00:00
2026-06-26T11:38:03+00:00,-46.39,-56.80,-65.54,-53.94,-65.99,-44.58,-43.27,-48.51,-50.75,-42.17,-43.12,-63.63,-51.20,-51.60,-56.26,-52.94,-54.04,2026-06-26 11:38:03+00:00
2026-06-26T11:39:03+00:00,-45.88,-56.32,-66.35,-52.73,-66.07,-44.61,-43.27,-48.44,-50.78,-41.92,-42.65,-63.68,-51.29,-51.91,-56.28,-52.73,-54.30,2026-06-26 11:39:03+00:00
2026-06-26T11:40:04+00:00,-45.50,-56.22,-66.05,-55.91,-65.99,-44.95,-43.33,-48.20,-50.99,-41.98,-42.27,-63.15,-51.01,-52.02,-55.31,-52.96,-53.71,2026-06-26 11:40:04+00:00
2026-06-26T11:41:04+00:00,-45.72,-56.64,-66.65,-55.35,-65.60,-44.75,-43.28,-48.09,-50.47,-42.12,-42.38,-63.62,-51.08,-51.94,-54.79,-53.21,-54.13,2026-06-26 11:41:04+00:00
2026-06-26T11:42:03+00:00,-46.22,-56.23,-66.64,-55.98,-65.92,-44.47,-43.29,-48.07,-51.66,-41.98,-42.52,-63.50,-51.19,-52.02,-55.08,-53.00,-54.20,2026-06-26 11:42:03+00:00
2026-06-26T11:43:03+00:00,-46.59,-56.18,-66.43,-55.94,-65.98,-44.83,-43.22,-48.04,-50.91,-41.93,-42.21,-63.69,-51.44,-51.79,-55.30,-52.96,-54.18,2026-06-26 11:43:03+00:00
2026-06-26T11:44:04+00:00,-46.52,-56.56,-66.71,-56.89,-66.50,-44.64,-43.15,-48.30,-50.79,-42.17,-42.91,-63.51,-51.58,-51.64,-54.77,-53.22,-54.26,2026-06-26 11:44:04+00:00
2026-06-26T11:45:04+00:00,-47.03,-55.93,-66.76,-56.86,-65.70,-44.64,-43.26,-48.50,-50.89,-42.37,-43.53,-63.36,-51.53,-51.79,-56.07,-52.83,-54.50,2026-06-26 11:45:04+00:00
2026-06-26T11:46:04+00:00,-47.14,-56.44,-66.02,-56.58,-66.73,-44.50,-43.27,-48.69,-51.16,-42.41,-43.18,-63.60,-51.04,-51.92,-56.31,-52.82,-54.30,2026-06-26 11:46:04+00:00
2026-06-26T11:47:03+00:00,-46.78,-56.63,-66.38,-56.66,-65.33,-44.47,-43.38,-48.51,-50.89,-42.21,-42.78,-63.64,-51.04,-52.01,-56.31,-53.35,-54.44,2026-06-26 11:47:03+00:00
2026-06-26T11:48:03+00:00,-47.30,-56.46,-66.41,-56.64,-65.61,-44.46,-43.28,-48.59,-51.30,-42.15,-42.57,-63.46,-51.09,-52.25,-56.34,-53.67,-54.32,2026-06-26 11:48:03+00:00
2026-06-26T11:49:04+00:00,-46.74,-56.56,-66.60,-56.63,-65.54,-44.53,-43.21,-48.60,-50.69,-42.53,-42.66,-63.44,-51.08,-51.75,-56.40,-53.62,-54.40,2026-06-26 11:49:04+00:00
2026-06-26T11:50:03+00:00,-46.92,-56.52,-66.59,-56.52,-65.43,-45.32,-50.30,-48.49,-50.12,-42.19,-42.55,-63.97,-51.06,-51.68,-56.51,-53.49,-54.72,2026-06-26 11:50:03+00:00
2026-06-26T11:51:03+00:00,-46.86,-57.22,-65.97,-55.11,-65.39,-45.32,-50.35,-48.12,-51.40,-42.32,-42.58,-64.17,-50.95,-51.84,-56.39,-53.57,-54.64,2026-06-26 11:51:03+00:00
2026-06-26T11:52:04+00:00,-46.64,-56.57,-66.09,-55.01,-66.81,-45.33,-49.75,-48.08,-50.91,-42.27,-42.71,-63.18,-50.90,-51.95,-56.37,-53.40,-54.53,2026-06-26 11:52:04+00:00
2026-06-26T11:53:04+00:00,-46.89,-56.71,-66.82,-55.18,-66.52,-45.24,-50.05,-48.11,-50.11,-42.28,-42.56,-63.53,-51.14,-51.77,-56.13,-54.30,-54.46,2026-06-26 11:53:04+00:00
2026-06-26T11:54:04+00:00,-46.42,-57.12,-66.37,-54.97,-66.49,-45.12,-50.34,-47.96,-50.36,-42.29,-42.57,-63.28,-51.10,-51.77,-56.53,-53.64,-54.72,2026-06-26 11:54:04+00:00
2026-06-26T11:55:03+00:00,-46.53,-57.04,-65.72,-53.13,-65.63,-45.39,-50.34,-48.02,-50.64,-42.07,-42.30,-63.28,-51.17,-51.93,-56.20,-53.72,-54.54,2026-06-26 11:55:03+00:00
2026-06-26T11:56:04+00:00,-46.50,-57.19,-65.48,-50.51,-66.95,-45.41,-49.72,-50.17,-52.66,-42.47,-42.62,-63.32,-51.63,-52.54,-56.34,-54.05,-54.58,2026-06-26 11:56:04+00:00
2026-06-26T11:57:04+00:00,-46.76,-56.74,-66.71,-56.88,-65.31,-45.72,-49.91,-48.75,-50.40,-42.21,-42.50,-63.07,-51.59,-51.70,-56.28,-53.50,-54.75,2026-06-26 11:57:04+00:00
2026-06-26T11:58:03+00:00,-47.03,-56.95,-65.57,-55.52,-66.60,-45.51,-50.03,-48.29,-50.25,-42.07,-42.20,-62.65,-51.51,-52.03,-56.19,-53.65,-54.74,2026-06-26 11:58:03+00:00
2026-06-26T11:59:03+00:00,-46.83,-56.91,-64.88,-55.71,-65.75,-45.16,-49.62,-48.25,-50.25,-42.27,-42.38,-62.78,-51.48,-51.98,-56.20,-53.57,-54.49,2026-06-26 11:59:03+00:00
2026-06-26T12:00:04+00:00,-46.84,-56.31,-66.15,-55.63,-66.08,-45.55,-49.31,-48.21,-50.71,-42.14,-42.28,-62.67,-51.47,-52.12,-56.18,-54.39,-54.30,2026-06-26 12:00:04+00:00
2026-06-26T12:01:08+00:00,-46.99,-56.58,-66.31,-55.79,-66.01,-45.37,-49.39,-48.32,-50.37,-42.12,-42.10,-62.79,-51.42,-52.05,-55.85,-53.47,-54.45,2026-06-26 12:01:08+00:00
2026-06-26T12:02:04+00:00,-46.80,-57.06,-66.03,-55.68,-65.50,-45.60,-49.91,-48.29,-50.92,-42.10,-42.03,-62.86,-51.48,-51.96,-56.00,-54.02,-54.43,2026-06-26 12:02:04+00:00
2026-06-26T12:03:03+00:00,-46.73,-56.66,-66.66,-55.58,-66.11,-45.37,-49.92,-48.29,-51.91,-42.17,-41.97,-62.88,-51.26,-52.27,-55.83,-53.72,-54.39,2026-06-26 12:03:03+00:00
2026-06-26T12:04:03+00:00,-46.32,-57.07,-65.26,-54.53,-66.52,-45.43,-49.49,-48.03,-51.29,-42.11,-42.01,-63.11,-51.46,-52.21,-56.00,-53.69,-54.41,2026-06-26 12:04:03+00:00
2026-06-26T12:05:04+00:00,-46.78,-57.05,-66.13,-54.47,-67.25,-45.46,-49.66,-48.08,-51.30,-42.25,-42.05,-63.22,-51.33,-52.59,-55.97,-53.82,-54.53,2026-06-26 12:05:04+00:00
2026-06-26T12:06:04+00:00,-46.81,-56.96,-66.56,-54.74,-66.71,-45.30,-49.68,-48.08,-50.95,-42.43,-42.14,-63.26,-51.28,-52.55,-55.88,-53.69,-54.50,2026-06-26 12:06:04+00:00
2026-06-26T12:07:04+00:00,-46.73,-56.59,-64.16,-52.53,-65.73,-45.24,-49.80,-50.37,-51.77,-42.55,-42.33,-62.54,-53.91,-53.86,-55.62,-53.66,-54.50,2026-06-26 12:07:04+00:00
2026-06-26T12:08:03+00:00,-46.57,-56.71,-63.47,-53.50,-66.53,-45.29,-50.18,-50.40,-51.34,-42.66,-42.94,-62.73,-54.22,-54.15,-55.90,-53.56,-54.50,2026-06-26 12:08:03+00:00
2026-06-26T12:09:03+00:00,-46.36,-56.96,-63.31,-54.43,-65.72,-45.26,-49.69,-50.44,-51.62,-42.98,-43.56,-62.78,-54.01,-54.08,-55.69,-53.76,-54.49,2026-06-26 12:09:03+00:00
2026-06-26T12:10:04+00:00,-46.77,-57.21,-64.49,-61.83,-66.82,-45.37,-50.30,-51.32,-51.60,-43.24,-44.90,-56.41,-51.37,-54.30,-55.86,-50.16,-54.27,2026-06-26 12:10:04+00:00
2026-06-26T12:11:04+00:00,-46.67,-56.73,-66.55,-61.31,-65.96,-45.44,-50.40,-51.37,-51.86,-43.29,-44.07,-58.28,-52.21,-54.37,-55.67,-52.91,-54.47,2026-06-26 12:11:04+00:00
2026-06-26T12:12:03+00:00,-46.68,-56.40,-66.27,-61.04,-65.70,-45.42,-50.68,-51.35,-52.03,-43.26,-43.62,-58.25,-52.08,-54.40,-56.11,-53.02,-54.79,2026-06-26 12:12:03+00:00
2026-06-26T12:13:03+00:00,-47.23,-57.12,-65.81,-61.69,-66.09,-45.39,-50.55,-51.34,-51.61,-43.25,-43.84,-57.81,-52.13,-54.24,-55.83,-52.70,-54.68,2026-06-26 12:13:03+00:00
2026-06-26T12:14:04+00:00,-46.99,-56.58,-65.41,-61.13,-66.01,-45.05,-50.30,-51.32,-51.79,-43.26,-43.85,-57.61,-52.17,-54.43,-55.55,-52.29,-54.56,2026-06-26 12:14:04+00:00
2026-06-26T12:15:04+00:00,-46.81,-54.49,-66.42,-61.59,-65.16,-45.28,-50.36,-51.31,-51.61,-43.48,-43.72,-57.89,-52.16,-54.59,-55.63,-52.23,-54.17,2026-06-26 12:15:04+00:00
2026-06-26T12:16:04+00:00,-47.04,-54.25,-65.91,-61.68,-66.62,-45.16,-50.20,-51.42,-51.60,-43.57,-43.97,-57.67,-52.24,-54.54,-55.85,-52.30,-54.67,2026-06-26 12:16:04+00:00
2026-06-26T12:17:03+00:00,-47.07,-56.40,-66.25,-61.54,-66.23,-45.44,-50.60,-51.32,-51.68,-43.80,-44.28,-57.13,-52.24,-54.70,-56.14,-52.14,-54.72,2026-06-26 12:17:03+00:00
2026-06-26T12:18:03+00:00,-46.80,-56.34,-66.15,-61.72,-65.65,-45.37,-50.45,-51.48,-51.71,-44.06,-44.34,-57.23,-52.09,-54.65,-55.87,-52.28,-54.14,2026-06-26 12:18:03+00:00
2026-06-26T12:19:04+00:00,-46.67,-55.83,-66.31,-60.68,-66.30,-45.35,-50.83,-51.38,-52.28,-44.54,-44.92,-62.91,-52.38,-54.89,-55.93,-51.54,-54.54,2026-06-26 12:19:04+00:00
2026-06-26T12:20:04+00:00,-47.27,-56.55,-65.16,-61.78,-66.22,-45.33,-50.77,-51.27,-51.77,-44.49,-44.85,-62.67,-52.53,-54.92,-55.90,-51.70,-54.59,2026-06-26 12:20:04+00:00
2026-06-26T12:21:03+00:00,-47.84,-56.00,-66.03,-61.66,-65.84,-45.20,-50.41,-51.29,-51.87,-44.79,-45.46,-62.61,-52.46,-54.86,-55.63,-51.84,-54.26,2026-06-26 12:21:03+00:00
2026-06-26T12:22:03+00:00,-47.52,-56.34,-66.04,-61.66,-64.98,-45.09,-50.86,-51.18,-53.13,-44.43,-45.09,-60.30,-52.53,-54.78,-55.41,-51.35,-54.68,2026-06-26 12:22:03+00:00
2026-06-26T12:23:03+00:00,-47.42,-56.21,-65.54,-61.43,-66.33,-45.21,-51.33,-51.12,-51.61,-44.28,-44.98,-59.00,-52.57,-54.75,-54.50,-51.86,-54.27,2026-06-26 12:23:03+00:00
2026-06-26T12:24:04+00:00,-47.37,-56.92,-66.53,-61.65,-66.27,-45.17,-51.26,-51.43,-51.84,-44.42,-44.78,-61.06,-52.64,-54.59,-55.66,-51.45,-54.27,2026-06-26 12:24:04+00:00
2026-06-26T12:25:04+00:00,-47.47,-55.93,-65.42,-61.24,-65.55,-45.22,-51.29,-51.39,-52.03,-44.51,-44.96,-62.72,-56.66,-54.40,-55.57,-51.27,-54.06,2026-06-26 12:25:04+00:00
2026-06-26T12:26:04+00:00,-47.24,-56.14,-65.60,-61.09,-65.87,-45.26,-50.39,-51.34,-51.91,-44.47,-45.14,-62.23,-56.84,-54.40,-56.05,-51.60,-53.77,2026-06-26 12:26:04+00:00
2026-06-26T12:27:04+00:00,-47.56,-55.49,-66.31,-61.29,-66.61,-45.44,-50.49,-51.32,-52.35,-44.28,-44.96,-62.81,-56.42,-54.01,-55.77,-51.55,-54.36,2026-06-26 12:27:04+00:00
2026-06-26T12:28:04+00:00,-48.05,-55.50,-66.03,-61.13,-66.47,-45.41,-50.52,-51.31,-51.52,-44.48,-45.02,-62.58,-56.53,-53.70,-55.91,-51.81,-54.22,2026-06-26 12:28:04+00:00
2026-06-26T12:29:04+00:00,-47.48,-55.84,-65.96,-61.56,-65.98,-45.38,-51.07,-51.42,-51.48,-44.33,-44.76,-63.80,-56.87,-53.45,-56.08,-51.89,-54.40,2026-06-26 12:29:04+00:00
2026-06-26T12:30:04+00:00,-47.67,-56.36,-66.34,-61.31,-65.50,-45.19,-50.50,-51.33,-51.37,-44.49,-44.61,-63.77,-56.78,-52.98,-55.96,-51.93,-54.29,2026-06-26 12:30:04+00:00
2026-06-26T12:31:10+00:00,-48.23,-56.33,-65.69,-61.39,-66.36,-45.37,-50.83,-51.32,-51.53,-44.50,-44.79,-63.55,-56.72,-52.70,-56.00,-51.67,-53.74,2026-06-26 12:31:10+00:00
2026-06-26T12:32:03+00:00,-48.73,-55.91,-65.82,-61.29,-65.42,-45.39,-50.81,-51.47,-50.63,-44.49,-44.71,-63.85,-56.62,-52.54,-56.01,-51.94,-54.49,2026-06-26 12:32:03+00:00
2026-06-26T12:33:03+00:00,-48.40,-56.50,-66.41,-61.40,-66.09,-45.23,-50.80,-51.32,-50.62,-44.35,-44.79,-63.73,-56.56,-52.38,-56.04,-51.85,-54.50,2026-06-26 12:33:03+00:00
2026-06-26T12:34:03+00:00,-48.38,-56.86,-66.66,-61.84,-65.83,-45.17,-50.99,-51.34,-50.69,-44.43,-44.62,-64.01,-56.78,-52.48,-55.78,-52.11,-54.63,2026-06-26 12:34:03+00:00
2026-06-26T12:35:03+00:00,-47.60,-56.74,-66.43,-61.39,-66.03,-45.27,-50.75,-51.30,-50.79,-44.15,-44.26,-64.06,-57.01,-52.13,-55.80,-51.94,-54.36,2026-06-26 12:35:03+00:00
2026-06-26T12:36:03+00:00,-47.65,-56.79,-66.06,-62.22,-67.06,-45.37,-50.85,-51.18,-51.36,-44.09,-44.32,-63.81,-56.79,-51.80,-55.73,-52.29,-54.61,2026-06-26 12:36:03+00:00
2026-06-26T12:37:19+00:00,-48.39,-57.03,-66.09,-61.72,-65.64,-45.17,-50.89,-51.44,-51.19,-44.07,-44.39,-63.97,-56.86,-51.39,-56.04,-52.03,-54.23,2026-06-26 12:37:19+00:00
2026-06-26T12:38:04+00:00,-47.99,-56.25,-66.02,-61.26,-66.59,-45.27,-50.40,-51.27,-51.03,-44.04,-44.36,-63.35,-56.48,-50.75,-55.24,-52.46,-53.99,2026-06-26 12:38:04+00:00
2026-06-26T12:39:04+00:00,-48.31,-56.52,-66.41,-61.95,-65.96,-45.25,-51.12,-51.41,-51.02,-44.19,-44.34,-63.41,-56.53,-49.97,-55.29,-52.74,-54.34,2026-06-26 12:39:04+00:00
2026-06-26T12:40:04+00:00,-47.76,-56.50,-66.18,-61.47,-66.83,-45.13,-50.25,-51.52,-50.91,-44.08,-44.40,-63.67,-56.53,-49.01,-55.81,-53.43,-54.30,2026-06-26 12:40:04+00:00
2026-06-26T12:41:03+00:00,-48.12,-56.59,-65.85,-61.47,-65.42,-45.24,-50.37,-51.19,-51.21,-44.23,-44.23,-63.52,-56.58,-48.05,-55.89,-52.99,-54.36,2026-06-26 12:41:03+00:00
2026-06-26T12:42:03+00:00,-47.66,-56.28,-66.52,-61.56,-65.63,-45.36,-50.57,-51.46,-51.33,-44.24,-44.23,-64.01,-56.87,-47.21,-56.08,-53.37,-54.33,2026-06-26 12:42:03+00:00
2026-06-26T12:43:03+00:00,-46.60,-55.70,-66.30,-61.78,-65.90,-45.33,-50.66,-51.33,-50.80,-44.27,-44.20,-63.99,-56.62,-46.64,-55.57,-53.26,-54.45,2026-06-26 12:43:03+00:00
2026-06-26T12:44:03+00:00,-47.18,-56.29,-66.23,-61.73,-65.34,-45.26,-50.87,-50.87,-50.88,-44.48,-44.35,-63.96,-56.62,-46.17,-55.47,-52.63,-54.75,2026-06-26 12:44:03+00:00
2026-06-26T12:45:04+00:00,-46.82,-55.76,-65.89,-61.94,-66.46,-45.20,-51.14,-50.87,-50.54,-44.27,-44.25,-63.63,-57.04,-45.57,-56.12,-52.12,-53.80,2026-06-26 12:45:04+00:00
2026-06-26T12:46:04+00:00,-47.35,-56.18,-66.55,-61.83,-66.21,-45.08,-51.30,-51.05,-50.81,-44.16,-44.23,-63.92,-56.97,-45.16,-55.79,-51.48,-54.20,2026-06-26 12:46:04+00:00
2026-06-26T12:47:04+00:00,-47.15,-55.47,-66.73,-61.65,-65.68,-45.04,-51.11,-51.03,-51.49,-43.97,-44.21,-64.08,-57.25,-44.92,-55.52,-51.15,-53.54,2026-06-26 12:47:04+00:00
2026-06-26T12:48:03+00:00,-47.64,-55.73,-66.04,-61.70,-66.00,-45.31,-51.85,-50.99,-52.12,-44.01,-44.05,-63.76,-57.17,-44.70,-55.92,-50.12,-53.76,2026-06-26 12:48:03+00:00
2026-06-26T12:49:03+00:00,-47.87,-54.43,-66.91,-61.73,-65.58,-45.27,-51.38,-50.75,-51.56,-43.77,-44.37,-63.52,-57.14,-44.68,-55.72,-50.63,-53.62,2026-06-26 12:49:03+00:00
2026-06-26T12:50:03+00:00,-47.20,-54.39,-66.47,-61.56,-66.48,-45.36,-51.41,-50.89,-51.65,-43.95,-44.07,-63.80,-56.92,-44.80,-55.51,-50.59,-54.32,2026-06-26 12:50:03+00:00
2026-06-26T12:51:04+00:00,-46.86,-52.16,-65.85,-61.80,-66.73,-45.48,-51.39,-50.88,-51.32,-43.94,-44.17,-62.72,-56.81,-44.92,-55.83,-50.11,-54.13,2026-06-26 12:51:04+00:00
2026-06-26T12:52:04+00:00,-47.28,-52.30,-66.48,-61.96,-65.45,-45.55,-51.66,-50.86,-51.67,-43.84,-44.04,-62.16,-57.09,-44.89,-55.60,-50.06,-54.20,2026-06-26 12:52:04+00:00
2026-06-26T12:53:04+00:00,-47.74,-51.65,-66.95,-61.66,-65.42,-45.36,-51.15,-50.94,-51.63,-43.83,-44.07,-56.83,-56.43,-45.00,-55.34,-49.97,-53.76,2026-06-26 12:53:04+00:00
2026-06-26T12:54:04+00:00,-47.28,-51.99,-66.07,-61.77,-65.99,-45.33,-51.34,-51.03,-53.38,-43.90,-44.01,-57.74,-56.67,-45.08,-54.56,-50.31,-53.68,2026-06-26 12:54:04+00:00
2026-06-26T12:55:04+00:00,-47.73,-52.80,-66.37,-61.62,-65.77,-45.45,-51.52,-51.33,-51.78,-43.88,-44.06,-55.66,-56.13,-45.30,-55.79,-50.24,-53.55,2026-06-26 12:55:04+00:00
2026-06-26T12:56:04+00:00,-46.96,-53.44,-67.25,-61.63,-66.49,-45.29,-51.16,-51.35,-51.38,-43.69,-44.00,-55.42,-56.44,-45.41,-55.92,-50.34,-53.92,2026-06-26 12:56:04+00:00
2026-06-26T12:57:04+00:00,-46.39,-53.75,-66.66,-61.93,-66.32,-45.30,-51.94,-51.07,-53.98,-43.96,-44.05,-55.54,-56.24,-45.43,-55.82,-50.38,-53.67,2026-06-26 12:57:04+00:00
2026-06-26T12:58:04+00:00,-46.83,-53.61,-67.05,-61.80,-65.70,-45.27,-51.30,-51.05,-51.96,-43.90,-44.19,-56.03,-56.03,-45.76,-56.13,-50.97,-53.47,2026-06-26 12:58:04+00:00
2026-06-26T12:59:04+00:00,-46.46,-53.61,-66.75,-61.59,-65.50,-45.46,-51.68,-51.09,-54.09,-43.93,-44.08,-55.60,-56.30,-45.71,-56.29,-50.65,-53.72,2026-06-26 12:59:04+00:00
2026-06-26T13:00:04+00:00,-46.17,-53.18,-65.30,-61.18,-66.41,-45.24,-50.94,-50.84,-53.38,-43.81,-44.28,-56.11,-56.33,-46.01,-55.89,-50.98,-52.10,2026-06-26 13:00:04+00:00
2026-06-26T13:01:09+00:00,-46.45,-52.78,-66.15,-61.82,-65.35,-45.25,-51.09,-51.06,-54.89,-43.71,-44.14,-58.91,-56.27,-46.19,-55.07,-50.85,-52.08,2026-06-26 13:01:09+00:00
2026-06-26T13:02:04+00:00,-46.86,-53.05,-67.18,-61.68,-66.82,-45.20,-50.84,-50.95,-52.98,-44.12,-44.00,-61.04,-56.60,-46.20,-56.20,-51.01,-51.68,2026-06-26 13:02:04+00:00
2026-06-26T13:03:04+00:00,-46.47,-52.98,-66.01,-61.74,-66.18,-45.18,-51.47,-50.89,-52.97,-44.03,-44.32,-63.11,-56.56,-46.54,-56.43,-51.57,-51.98,2026-06-26 13:03:04+00:00
2026-06-26T13:04:04+00:00,-47.18,-53.37,-65.55,-61.93,-66.48,-45.29,-51.45,-51.00,-52.60,-44.10,-44.48,-64.17,-56.91,-46.62,-56.52,-51.17,-54.10,2026-06-26 13:04:04+00:00
2026-06-26T13:05:03+00:00,-46.97,-53.35,-66.49,-61.51,-65.95,-45.31,-50.89,-51.05,-52.34,-44.15,-44.28,-64.26,-56.68,-46.76,-56.25,-51.15,-54.13,2026-06-26 13:05:03+00:00
2026-06-26T13:06:03+00:00,-47.22,-53.39,-67.05,-61.87,-65.68,-45.23,-50.87,-50.97,-52.07,-43.94,-44.24,-64.67,-56.81,-47.14,-56.36,-51.55,-53.78,2026-06-26 13:06:03+00:00
2026-06-26T13:07:03+00:00,-46.88,-53.45,-67.07,-61.67,-66.39,-45.04,-51.14,-50.98,-52.21,-43.97,-44.24,-64.50,-56.51,-47.51,-56.59,-51.49,-54.12,2026-06-26 13:07:03+00:00
2026-06-26T13:08:03+00:00,-47.18,-53.47,-66.72,-61.62,-65.29,-45.00,-50.98,-51.01,-51.77,-44.05,-44.12,-64.24,-56.03,-47.57,-56.42,-51.73,-54.15,2026-06-26 13:08:03+00:00
2026-06-26T13:09:03+00:00,-46.77,-53.35,-65.90,-61.73,-66.29,-44.86,-51.12,-50.90,-52.41,-43.91,-44.30,-63.44,-55.96,-47.68,-56.81,-51.73,-53.73,2026-06-26 13:09:03+00:00
2026-06-26T13:10:04+00:00,-46.53,-53.41,-66.80,-61.86,-66.29,-44.93,-51.31,-51.06,-52.43,-43.88,-44.22,-63.20,-55.78,-47.79,-57.21,-51.30,-53.97,2026-06-26 13:10:04+00:00
2026-06-26T13:11:04+00:00,-46.15,-53.48,-66.79,-61.71,-65.61,-44.38,-50.88,-51.10,-52.22,-44.04,-44.32,-61.48,-55.87,-47.84,-56.77,-51.70,-54.59,2026-06-26 13:11:04+00:00
2026-06-26T13:12:04+00:00,-46.64,-53.36,-66.77,-61.87,-65.49,-44.31,-51.00,-51.00,-52.88,-43.93,-44.35,-60.95,-55.90,-48.17,-56.83,-51.37,-54.32,2026-06-26 13:12:04+00:00
2026-06-26T13:13:04+00:00,-46.64,-53.43,-66.12,-60.83,-64.84,-44.20,-50.37,-51.11,-52.47,-44.29,-44.25,-62.23,-52.68,-48.27,-57.10,-51.30,-53.98,2026-06-26 13:13:04+00:00
2026-06-26T13:14:04+00:00,-47.51,-53.48,-66.60,-61.00,-65.95,-44.11,-50.32,-51.03,-52.32,-44.03,-44.14,-65.08,-55.53,-48.42,-57.46,-51.38,-54.26,2026-06-26 13:14:04+00:00
2026-06-26T13:15:03+00:00,-47.38,-53.70,-65.67,-60.98,-65.78,-44.11,-51.05,-51.01,-51.82,-44.20,-44.31,-64.09,-55.88,-48.76,-57.15,-51.49,-54.34,2026-06-26 13:15:03+00:00
2026-06-26T13:16:03+00:00,-47.51,-53.78,-66.50,-61.52,-66.07,-44.31,-50.69,-51.05,-52.21,-44.18,-44.46,-64.91,-56.05,-48.81,-57.09,-51.38,-54.38,2026-06-26 13:16:03+00:00
2026-06-26T13:17:04+00:00,-47.34,-53.77,-66.65,-61.62,-65.78,-44.09,-50.99,-51.08,-51.43,-44.01,-44.17,-64.79,-56.06,-49.22,-56.32,-51.41,-53.72,2026-06-26 13:17:04+00:00
2026-06-26T13:18:04+00:00,-46.81,-53.75,-66.33,-61.62,-65.97,-44.12,-50.68,-50.97,-50.89,-44.11,-44.38,-63.54,-56.08,-49.31,-53.82,-51.02,-53.62,2026-06-26 13:18:04+00:00
2026-06-26T13:19:04+00:00,-47.74,-53.85,-66.32,-61.04,-66.18,-44.24,-50.70,-51.02,-50.82,-44.20,-44.28,-62.99,-56.05,-49.59,-57.23,-50.89,-53.75,2026-06-26 13:19:04+00:00
2026-06-26T13:20:03+00:00,-48.38,-53.78,-66.02,-61.58,-65.75,-43.96,-50.84,-51.03,-51.34,-44.03,-44.36,-63.18,-55.92,-49.53,-57.32,-51.01,-54.35,2026-06-26 13:20:03+00:00
2026-06-26T13:21:04+00:00,-48.14,-53.49,-65.59,-61.51,-65.93,-43.97,-50.33,-50.98,-51.12,-44.08,-44.31,-63.14,-56.01,-49.94,-57.34,-50.74,-53.81,2026-06-26 13:21:04+00:00
2026-06-26T13:22:04+00:00,-47.34,-53.83,-59.62,-61.27,-65.64,-43.88,-50.09,-50.95,-50.87,-44.23,-44.32,-62.18,-55.58,-49.93,-55.98,-50.48,-54.22,2026-06-26 13:22:04+00:00
2026-06-26T13:23:03+00:00,-48.76,-54.14,-67.35,-61.80,-66.83,-44.22,-51.25,-51.17,-51.33,-44.01,-44.36,-63.60,-56.05,-50.31,-57.33,-50.76,-54.29,2026-06-26 13:23:03+00:00
2026-06-26T13:24:03+00:00,-48.63,-53.91,-66.50,-61.99,-65.59,-44.23,-50.95,-50.97,-51.22,-44.17,-44.22,-63.33,-56.02,-50.42,-57.73,-50.43,-53.86,2026-06-26 13:24:03+00:00
2026-06-26T13:25:04+00:00,-48.55,-53.55,-66.48,-61.97,-66.07,-44.30,-50.39,-51.09,-51.12,-43.92,-44.09,-63.31,-56.26,-50.66,-57.42,-50.37,-53.82,2026-06-26 13:25:04+00:00
2026-06-26T13:26:04+00:00,-48.83,-53.95,-66.85,-61.86,-66.51,-44.05,-50.80,-51.14,-51.04,-44.02,-44.01,-63.37,-56.02,-50.68,-57.25,-50.79,-54.12,2026-06-26 13:26:04+00:00
2026-06-26T13:27:04+00:00,-48.06,-54.09,-67.00,-61.83,-66.81,-44.17,-50.93,-51.14,-51.27,-43.95,-44.08,-63.53,-56.21,-50.98,-57.12,-50.49,-53.82,2026-06-26 13:27:04+00:00
2026-06-26T13:28:03+00:00,-47.86,-53.68,-66.48,-61.73,-65.69,-43.91,-50.41,-51.18,-51.23,-43.74,-44.12,-63.53,-55.71,-51.37,-57.06,-50.28,-54.46,2026-06-26 13:28:03+00:00
2026-06-26T13:29:03+00:00,-47.89,-54.20,-66.57,-61.94,-66.05,-43.92,-50.68,-51.12,-51.21,-43.92,-44.06,-63.67,-56.01,-51.22,-57.46,-50.47,-54.59,2026-06-26 13:29:03+00:00
2026-06-26T13:30:04+00:00,-47.99,-54.05,-66.40,-61.95,-66.53,-44.21,-50.33,-51.15,-51.19,-43.82,-44.08,-63.61,-55.78,-51.68,-57.49,-50.14,-54.47,2026-06-26 13:30:04+00:00
2026-06-26T13:31:11+00:00,0,0,0,0,0,0,0,0,0,0,0,0,0,0,0,0,-40,2026-06-26 13:31:11+00:00
2026-06-26T13:32:03+00:00,-47.56,-53.92,-66.69,-62.05,-66.20,-44.04,-50.91,-51.15,-52.13,-43.80,-43.87,-63.85,-55.91,-51.98,-57.45,-50.16,-54.67,2026-06-26 13:32:03+00:00
2026-06-26T13:33:03+00:00,-47.70,-53.98,-66.26,-62.10,-65.89,-44.07,-50.43,-51.55,-52.14,-43.74,-43.89,-63.78,-56.05,-52.23,-57.52,-50.12,-54.80,2026-06-26 13:33:03+00:00
2026-06-26T13:34:04+00:00,-47.44,-53.62,-66.32,-61.79,-66.47,-44.25,-50.31,-51.42,-52.12,-43.62,-44.03,-63.53,-56.05,-52.45,-57.51,-50.19,-54.72,2026-06-26 13:34:04+00:00
2026-06-26T13:35:04+00:00,-47.25,-53.79,-66.60,-62.02,-66.44,-44.20,-50.94,-51.54,-52.30,-43.85,-44.01,-63.36,-55.94,-52.79,-57.47,-49.64,-54.15,2026-06-26 13:35:04+00:00
2026-06-26T13:36:03+00:00,-47.26,-53.67,-65.83,-61.85,-66.08,-44.02,-51.01,-51.51,-52.22,-43.86,-44.77,-63.14,-55.83,-52.91,-57.46,-49.93,-54.49,2026-06-26 13:36:03+00:00
2026-06-26T13:37:03+00:00,-47.94,-54.06,-66.04,-62.01,-66.29,-44.04,-50.80,-51.47,-52.16,-43.89,-45.83,-62.66,-55.75,-53.35,-57.29,-50.35,-54.79,2026-06-26 13:37:03+00:00
2026-06-26T13:38:04+00:00,-47.93,-53.82,-66.70,-61.73,-66.23,-44.11,-50.77,-51.53,-52.17,-43.89,-46.80,-62.89,-55.65,-53.63,-57.48,-50.37,-54.57,2026-06-26 13:38:04+00:00
2026-06-26T13:39:04+00:00,-47.55,-53.76,-66.06,-61.47,-65.92,-44.12,-50.67,-51.50,-52.12,-43.85,-45.94,-63.06,-55.99,-53.79,-57.70,-49.98,-54.48,2026-06-26 13:39:04+00:00
2026-06-26T13:41:04+00:00,-47.66,-53.95,-66.71,-61.73,-66.52,-44.05,-50.63,-51.55,-52.11,-43.67,-45.95,-63.55,-56.14,-54.49,-57.39,-50.08,-54.24,2026-06-26 13:41:04+00:00
2026-06-26T13:41:08+00:00,-50.03,-53.03,-54.46,-58.47,-66.18,-41.23,-42.28,-41.95,-45.08,-42.18,-46.83,-54.69,-53.87,-55.49,-57.50,-53.84,-50.81,2026-06-26 13:41:08+00:00
2026-06-26T13:42:03+00:00,-47.67,-53.64,-66.86,-61.96,-66.31,-44.30,-51.16,-51.48,-51.99,-43.73,-45.89,-63.42,-55.81,-54.79,-57.80,-49.77,-53.60,2026-06-26 13:42:03+00:00
2026-06-26T13:43:04+00:00,-47.59,-53.59,-67.16,-62.13,-66.18,-44.51,-50.49,-51.52,-51.86,-43.67,-45.79,-63.67,-55.79,-55.27,-57.15,-49.45,-53.71,2026-06-26 13:43:04+00:00
2026-06-26T13:44:04+00:00,-47.67,-53.57,-66.89,-61.94,-66.77,-44.20,-49.91,-51.38,-52.07,-43.65,-45.81,-63.77,-56.03,-55.44,-57.30,-49.67,-53.83,2026-06-26 13:44:04+00:00
2026-06-26T13:45:03+00:00,-47.72,-53.61,-66.46,-62.17,-66.44,-44.37,-50.19,-51.55,-52.56,-43.78,-45.74,-63.21,-55.87,-55.70,-57.58,-49.46,-53.70,2026-06-26 13:45:03+00:00
2026-06-26T13:46:03+00:00,-47.68,-53.33,-66.74,-61.92,-66.26,-44.32,-50.67,-51.53,-52.50,-43.61,-45.69,-63.30,-55.88,-55.92,-57.33,-49.77,-53.77,2026-06-26 13:46:03+00:00
2026-06-26T13:47:04+00:00,-47.79,-53.71,-67.02,-61.67,-66.07,-44.26,-50.99,-51.46,-53.54,-43.67,-45.81,-62.93,-55.83,-56.55,-57.33,-49.79,-53.80,2026-06-26 13:47:04+00:00
2026-06-26T13:48:04+00:00,-47.96,-53.82,-66.14,-62.09,-66.72,-44.34,-50.79,-51.45,-53.42,-43.71,-45.95,-63.17,-55.71,-56.68,-57.30,-49.79,-52.66,2026-06-26 13:48:04+00:00
2026-06-26T13:49:03+00:00,-47.71,-53.86,-67.12,-61.93,-66.20,-44.12,-50.52,-51.52,-52.26,-43.53,-45.77,-63.63,-55.92,-56.87,-57.31,-49.16,-53.81,2026-06-26 13:49:03+00:00
2026-06-26T13:50:03+00:00,-47.99,-53.71,-65.73,-61.98,-67.01,-44.13,-51.09,-51.47,-52.34,-43.82,-46.01,-62.81,-55.79,-57.88,-57.47,-49.39,-53.95,2026-06-26 13:50:03+00:00
2026-06-26T13:51:04+00:00,-47.81,-53.76,-66.96,-62.02,-66.20,-44.17,-51.12,-51.54,-52.48,-43.80,-45.82,-63.38,-56.19,-58.07,-57.36,-49.33,-53.85,2026-06-26 13:51:04+00:00
2026-06-26T13:52:04+00:00,-47.55,-53.70,-66.94,-62.26,-66.00,-44.27,-50.61,-51.43,-52.53,-43.69,-45.84,-63.49,-56.15,-58.19,-57.59,-49.74,-53.93,2026-06-26 13:52:04+00:00
2026-06-26T13:53:03+00:00,-48.06,-53.65,-66.82,-61.84,-66.22,-44.19,-51.35,-51.49,-52.83,-43.55,-45.84,-63.40,-56.04,-58.44,-56.96,-49.44,-53.84,2026-06-26 13:53:03+00:00
2026-06-26T13:54:03+00:00,-48.94,-53.68,-66.60,-62.00,-66.34,-44.14,-52.09,-51.44,-52.45,-43.65,-46.02,-63.13,-56.03,-58.74,-57.19,-49.83,-53.97,2026-06-26 13:54:03+00:00
2026-06-26T13:55:04+00:00,-49.24,-53.62,-67.11,-62.19,-66.55,-44.23,-51.53,-51.42,-52.74,-43.64,-45.77,-63.38,-56.02,-59.23,-57.36,-49.72,-53.90,2026-06-26 13:55:04+00:00
2026-06-26T13:56:04+00:00,-49.03,-53.68,-67.08,-62.29,-67.03,-44.29,-51.19,-51.29,-52.78,-43.65,-45.90,-63.52,-55.92,-59.54,-57.12,-49.46,-53.86,2026-06-26 13:56:04+00:00
2026-06-26T13:57:03+00:00,-48.96,-53.84,-67.32,-62.03,-66.04,-44.34,-51.02,-51.36,-52.73,-43.65,-45.67,-63.40,-55.80,-60.19,-57.33,-49.76,-53.85,2026-06-26 13:57:03+00:00
2026-06-26T13:58:03+00:00,-49.01,-53.76,-67.43,-62.17,-65.94,-44.36,-51.69,-51.54,-52.80,-43.35,-46.00,-63.09,-55.87,-60.76,-57.25,-49.77,-53.75,2026-06-26 13:58:03+00:00
2026-06-26T13:59:04+00:00,-49.29,-53.52,-67.35,-62.23,-66.65,-44.44,-51.20,-51.44,-52.10,-43.61,-45.99,-63.11,-55.87,-60.75,-57.28,-49.57,-53.91,2026-06-26 13:59:04+00:00
2026-06-26T14:00:04+00:00,-49.34,-53.52,-67.08,-62.24,-66.34,-44.28,-51.18,-51.41,-52.36,-43.66,-45.97,-62.78,-55.71,-60.65,-57.15,-49.62,-53.91,2026-06-26 14:00:04+00:00
2026-06-26T14:01:11+00:00,-48.31,-53.58,-66.87,-62.09,-66.01,-44.22,-51.13,-51.40,-52.27,-43.38,-46.02,-62.51,-55.69,-59.67,-57.16,-49.84,-54.05,2026-06-26 14:01:11+00:00
2026-06-26T14:02:03+00:00,-48.37,-53.55,-67.10,-62.24,-66.12,-44.31,-50.93,-51.15,-51.38,-43.78,-45.92,-62.63,-55.70,-58.62,-57.04,-50.37,-53.91,2026-06-26 14:02:03+00:00
2026-06-26T14:03:03+00:00,-48.47,-53.69,-66.57,-62.20,-65.85,-44.32,-50.63,-51.17,-51.36,-43.66,-45.91,-62.30,-55.87,-57.08,-57.55,-50.77,-53.87,2026-06-26 14:03:03+00:00
2026-06-26T14:04:04+00:00,-48.61,-54.13,-66.24,-62.05,-65.92,-44.23,-50.84,-51.18,-51.11,-43.73,-45.75,-62.19,-55.79,-55.80,-57.33,-50.77,-53.83,2026-06-26 14:04:04+00:00
2026-06-26T14:05:03+00:00,-47.76,-53.46,-66.86,-61.98,-65.77,-44.39,-51.35,-51.23,-51.23,-43.67,-45.91,-62.51,-55.78,-54.93,-57.05,-51.31,-53.86,2026-06-26 14:05:03+00:00
2026-06-26T14:06:04+00:00,-47.30,-53.76,-66.71,-61.90,-65.92,-44.42,-51.96,-51.17,-51.29,-43.87,-45.98,-62.40,-56.00,-54.53,-57.10,-51.39,-53.41,2026-06-26 14:06:04+00:00
2026-06-26T14:07:03+00:00,-47.34,-53.60,-66.76,-61.71,-67.33,-44.29,-51.30,-51.35,-49.92,-43.65,-45.77,-62.45,-55.68,-54.43,-57.14,-51.68,-53.40,2026-06-26 14:07:03+00:00
2026-06-26T14:08:03+00:00,-47.46,-53.10,-67.19,-62.09,-66.07,-44.14,-51.66,-51.44,-50.11,-43.61,-45.96,-62.42,-55.74,-54.47,-57.27,-51.02,-54.07,2026-06-26 14:08:03+00:00
2026-06-26T14:09:04+00:00,-47.06,-52.80,-67.18,-62.07,-66.51,-44.01,-51.98,-51.40,-50.28,-43.87,-45.88,-62.55,-55.98,-54.46,-56.87,-51.19,-54.39,2026-06-26 14:09:04+00:00
2026-06-26T14:10:04+00:00,-47.23,-55.06,-66.70,-62.02,-66.12,-44.19,-51.54,-51.40,-50.91,-43.71,-45.82,-62.38,-56.47,-54.60,-57.04,-51.18,-53.80,2026-06-26 14:10:04+00:00
2026-06-26T14:11:03+00:00,-47.00,-55.48,-67.07,-62.34,-66.14,-44.48,-51.10,-51.45,-50.30,-43.74,-46.12,-62.41,-56.78,-54.75,-57.22,-51.04,-52.76,2026-06-26 14:11:03+00:00
2026-06-26T14:12:03+00:00,-47.52,-55.40,-67.44,-62.00,-66.16,-44.57,-51.00,-51.47,-50.87,-43.66,-45.94,-62.53,-56.67,-54.94,-56.99,-51.42,-52.60,2026-06-26 14:12:03+00:00
2026-06-26T14:13:04+00:00,-47.89,-55.76,-66.20,-62.27,-66.26,-44.39,-51.15,-51.26,-50.16,-43.61,-45.90,-62.37,-56.51,-55.10,-57.08,-51.54,-51.00,2026-06-26 14:13:04+00:00
2026-06-26T14:14:04+00:00,-47.98,-55.82,-67.18,-62.34,-65.80,-44.39,-51.05,-51.37,-50.93,-43.62,-45.77,-62.40,-56.60,-55.26,-57.25,-50.86,-52.91,2026-06-26 14:14:04+00:00
2026-06-26T14:15:03+00:00,-47.59,-55.74,-67.00,-62.01,-65.63,-44.29,-50.50,-51.34,-50.89,-43.58,-45.62,-62.13,-56.59,-55.27,-57.30,-51.01,-51.50,2026-06-26 14:15:03+00:00
2026-06-26T14:16:03+00:00,-48.01,-55.41,-66.31,-62.28,-65.33,-44.27,-51.07,-51.30,-50.93,-43.80,-45.72,-62.15,-56.45,-55.86,-57.33,-50.69,-52.95,2026-06-26 14:16:03+00:00
2026-06-26T14:17:04+00:00,-47.37,-55.61,-66.68,-62.10,-65.44,-44.17,-51.06,-51.66,-52.42,-43.81,-45.36,-61.71,-56.68,-55.99,-57.07,-50.94,-52.29,2026-06-26 14:17:04+00:00
2026-06-26T14:18:04+00:00,-48.06,-55.70,-67.11,-62.24,-66.33,-44.28,-50.78,-51.72,-51.79,-43.57,-45.89,-61.52,-56.59,-56.26,-57.01,-50.78,-54.44,2026-06-26 14:18:04+00:00
2026-06-26T14:19:03+00:00,-47.82,-55.59,-66.69,-62.14,-66.14,-44.33,-51.21,-51.68,-53.70,-43.71,-45.74,-61.55,-56.64,-56.50,-57.60,-50.59,-52.86,2026-06-26 14:19:03+00:00
2026-06-26T14:20:03+00:00,-47.00,-55.68,-66.27,-62.08,-66.86,-44.35,-51.72,-51.69,-51.70,-43.80,-45.77,-61.00,-56.74,-56.86,-57.23,-49.84,-52.03,2026-06-26 14:20:03+00:00
2026-06-26T14:21:04+00:00,-47.56,-55.84,-66.83,-62.43,-66.14,-44.28,-51.42,-51.71,-53.68,-43.91,-45.72,-61.52,-56.59,-57.57,-56.96,-49.90,-52.64,2026-06-26 14:21:04+00:00
2026-06-26T14:22:04+00:00,-48.63,-55.09,-66.75,-62.06,-65.98,-44.40,-51.29,-51.72,-51.33,-43.83,-45.74,-61.62,-56.66,-58.02,-57.17,-50.16,-53.43,2026-06-26 14:22:04+00:00
2026-06-26T14:23:03+00:00,-48.41,-55.33,-66.82,-61.81,-66.46,-44.35,-50.40,-51.67,-52.51,-43.83,-45.55,-61.88,-56.71,-58.73,-57.15,-49.78,-52.14,2026-06-26 14:23:03+00:00
2026-06-26T14:24:04+00:00,-48.15,-55.62,-67.05,-62.61,-66.15,-44.21,-50.80,-51.59,-51.29,-43.77,-45.68,-62.08,-56.64,-59.40,-57.36,-49.66,-52.71,2026-06-26 14:24:04+00:00
2026-06-26T14:25:04+00:00,-48.66,-55.15,-66.96,-62.36,-66.24,-44.27,-51.45,-51.74,-51.17,-43.85,-45.60,-62.18,-56.80,-60.17,-57.52,-49.42,-53.97,2026-06-26 14:25:04+00:00
2026-06-26T14:26:03+00:00,-49.30,-55.07,-66.76,-62.05,-66.20,-44.14,-50.78,-51.61,-51.07,-43.81,-45.51,-61.27,-56.38,-60.73,-57.23,-49.63,-52.32,2026-06-26 14:26:03+00:00
2026-06-26T14:27:03+00:00,-49.44,-54.92,-66.53,-61.98,-65.38,-44.36,-51.11,-51.77,-51.87,-44.06,-45.60,-62.31,-56.90,-61.02,-57.68,-49.12,-51.41,2026-06-26 14:27:03+00:00
2026-06-26T14:28:04+00:00,-48.98,-55.78,-66.60,-62.57,-65.94,-44.32,-51.06,-51.60,-51.91,-43.81,-45.67,-62.26,-56.80,-61.82,-57.73,-49.15,-52.78,2026-06-26 14:28:04+00:00
2026-06-26T14:29:04+00:00,-49.47,-54.93,-66.99,-62.38,-65.62,-44.29,-50.93,-51.64,-51.22,-43.89,-45.35,-62.47,-56.71,-62.55,-57.58,-49.04,-51.49,2026-06-26 14:29:04+00:00
2026-06-26T14:30:03+00:00,-49.45,-55.50,-66.39,-62.27,-66.40,-44.39,-51.24,-51.64,-51.36,-43.81,-45.74,-62.35,-56.87,-63.00,-57.72,-48.90,-54.47,2026-06-26 14:30:03+00:00
2026-06-26T14:31:07+00:00,-48.92,-55.42,-65.83,-61.84,-65.55,-44.29,-51.43,-51.59,-51.43,-43.78,-45.77,-62.42,-56.73,-63.21,-57.60,-48.86,-53.95,2026-06-26 14:31:07+00:00
2026-06-26T14:32:04+00:00,-48.91,-55.25,-66.72,-62.56,-65.37,-44.17,-50.82,-51.64,-51.63,-43.90,-45.77,-62.44,-56.69,-64.16,-57.74,-48.81,-54.58,2026-06-26 14:32:04+00:00
2026-06-26T14:33:04+00:00,-48.74,-55.42,-67.00,-62.70,-67.21,-44.51,-51.30,-51.70,-51.38,-43.64,-45.72,-62.64,-56.79,-63.76,-57.19,-48.61,-54.47,2026-06-26 14:33:04+00:00
2026-06-26T14:34:03+00:00,-48.28,-55.14,-66.47,-62.39,-65.28,-44.43,-51.14,-51.66,-53.98,-43.98,-45.62,-62.65,-56.79,-64.09,-55.99,-48.62,-53.79,2026-06-26 14:34:03+00:00
2026-06-26T14:35:03+00:00,-48.58,-54.94,-66.94,-62.60,-66.24,-44.37,-51.04,-51.71,-51.46,-43.83,-45.67,-62.78,-56.92,-63.94,-55.73,-48.50,-54.23,2026-06-26 14:35:03+00:00
2026-06-26T14:36:03+00:00,-48.57,-55.35,-67.13,-62.43,-66.18,-44.36,-51.20,-51.07,-52.01,-44.03,-45.72,-62.80,-56.80,-63.69,-57.46,-48.28,-54.71,2026-06-26 14:36:03+00:00
2026-06-26T14:37:03+00:00,-48.62,-55.06,-66.54,-62.40,-66.11,-44.37,-51.46,-51.03,-51.75,-43.99,-45.68,-62.67,-56.60,-63.35,-57.48,-47.87,-54.45,2026-06-26 14:37:03+00:00
2026-06-26T14:38:03+00:00,-48.81,-55.82,-66.69,-62.67,-66.46,-44.19,-51.21,-50.99,-51.68,-46.10,-51.43,-63.04,-56.79,-62.58,-57.21,-48.08,-54.65,2026-06-26 14:38:03+00:00
2026-06-26T14:39:04+00:00,-49.12,-55.48,-67.02,-62.43,-66.32,-44.25,-51.41,-51.01,-51.44,-46.02,-51.28,-62.89,-57.00,-62.30,-57.73,-47.83,-54.71,2026-06-26 14:39:04+00:00
2026-06-26T14:40:04+00:00,-47.94,-55.47,-66.45,-62.61,-66.32,-44.24,-50.85,-51.16,-51.94,-45.92,-51.44,-62.84,-56.95,-61.91,-57.50,-48.04,-54.78,2026-06-26 14:40:04+00:00
2026-06-26T14:41:03+00:00,-47.87,-55.90,-66.87,-62.66,-66.44,-44.40,-50.31,-51.06,-51.65,-46.00,-50.47,-63.18,-57.10,-61.48,-57.18,-47.74,-54.63,2026-06-26 14:41:03+00:00
2026-06-26T14:42:03+00:00,-47.87,-55.58,-66.57,-62.50,-66.73,-44.28,-51.25,-51.11,-51.32,-46.11,-50.53,-63.25,-56.97,-61.37,-57.42,-47.65,-54.70,2026-06-26 14:42:03+00:00
2026-06-26T14:43:04+00:00,-47.86,-55.47,-66.40,-62.44,-66.48,-44.37,-51.53,-51.22,-52.62,-46.03,-50.08,-63.34,-56.97,-60.94,-57.62,-47.45,-54.64,2026-06-26 14:43:04+00:00
2026-06-26T14:44:04+00:00,-47.80,-55.90,-66.14,-62.32,-65.62,-44.27,-51.39,-51.35,-51.23,-46.04,-49.04,-63.50,-56.99,-60.44,-57.38,-47.47,-54.18,2026-06-26 14:44:04+00:00
2026-06-26T14:45:03+00:00,-47.61,-55.81,-66.42,-62.43,-66.21,-44.32,-51.40,-51.29,-51.55,-46.06,-49.17,-63.35,-57.07,-60.05,-57.38,-47.65,-54.87,2026-06-26 14:45:03+00:00
2026-06-26T14:46:03+00:00,-48.44,-56.15,-66.59,-62.62,-66.67,-44.34,-50.75,-51.21,-51.28,-45.94,-48.95,-63.29,-57.08,-60.07,-57.48,-47.36,-54.88,2026-06-26 14:46:03+00:00
2026-06-26T14:47:04+00:00,-48.06,-56.03,-67.00,-62.32,-66.22,-44.35,-50.67,-51.25,-50.61,-45.87,-49.06,-63.35,-57.22,-59.75,-57.56,-47.18,-54.85,2026-06-26 14:47:04+00:00
2026-06-26T14:48:03+00:00,-48.30,-56.07,-66.72,-62.66,-66.57,-44.40,-51.39,-51.20,-50.37,-45.96,-49.25,-63.10,-57.17,-59.42,-57.66,-47.19,-54.78,2026-06-26 14:48:03+00:00
2026-06-26T14:49:03+00:00,-47.79,-55.45,-66.48,-62.00,-67.20,-44.30,-51.41,-51.10,-50.47,-46.05,-49.83,-63.25,-57.27,-59.42,-57.20,-46.86,-54.80,2026-06-26 14:49:03+00:00
2026-06-26T14:50:04+00:00,-47.68,-55.41,-66.60,-62.50,-65.44,-44.19,-50.63,-50.66,-50.37,-45.97,-50.25,-63.39,-56.92,-59.31,-57.19,-46.98,-54.62,2026-06-26 14:50:04+00:00
2026-06-26T14:51:04+00:00,-47.83,-55.85,-66.26,-62.51,-66.22,-44.41,-50.77,-50.71,-50.14,-46.02,-50.20,-63.13,-56.77,-59.22,-57.58,-46.81,-54.76,2026-06-26 14:51:04+00:00
2026-06-26T14:52:03+00:00,-47.34,-55.72,-66.90,-62.52,-65.86,-44.41,-51.47,-50.85,-50.36,-45.86,-50.24,-63.00,-57.06,-59.18,-57.22,-46.84,-54.65,2026-06-26 14:52:03+00:00
2026-06-26T14:53:03+00:00,-47.54,-56.14,-66.42,-62.66,-66.12,-44.40,-51.71,-50.81,-50.42,-45.79,-49.91,-61.45,-57.05,-58.93,-57.38,-46.40,-54.78,2026-06-26 14:53:03+00:00
2026-06-26T14:54:04+00:00,-47.87,-55.45,-65.23,-62.47,-66.21,-44.30,-51.40,-50.71,-50.41,-45.66,-50.07,-60.89,-56.97,-59.16,-57.44,-46.44,-54.59,2026-06-26 14:54:04+00:00
2026-06-26T14:55:04+00:00,-48.26,-56.22,-66.55,-62.41,-66.25,-44.27,-51.88,-50.76,-50.36,-45.82,-50.13,-61.35,-57.13,-58.88,-57.22,-46.38,-54.66,2026-06-26 14:55:04+00:00
2026-06-26T14:56:03+00:00,-48.58,-55.72,-66.61,-62.43,-65.99,-44.39,-51.24,-50.66,-50.41,-45.89,-50.21,-62.34,-57.11,-58.73,-57.08,-46.12,-54.56,2026-06-26 14:56:03+00:00
2026-06-26T14:57:04+00:00,-48.99,-56.36,-66.68,-62.84,-65.77,-44.29,-50.96,-50.72,-50.38,-45.87,-50.13,-62.38,-57.22,-58.96,-57.53,-46.03,-54.66,2026-06-26 14:57:04+00:00
2026-06-26T14:58:03+00:00,-49.26,-56.03,-66.31,-62.31,-66.87,-44.26,-51.42,-50.81,-49.81,-45.67,-50.19,-62.34,-57.14,-60.08,-57.32,-46.02,-54.50,2026-06-26 14:58:03+00:00
2026-06-26T14:59:03+00:00,-48.49,-56.08,-67.12,-62.34,-66.09,-44.44,-51.95,-50.87,-50.08,-45.46,-50.24,-62.29,-57.31,-62.00,-57.17,-46.17,-54.04,2026-06-26 14:59:03+00:00
2026-06-26T15:00:04+00:00,-48.28,-56.36,-66.66,-62.81,-66.85,-44.50,-52.05,-50.80,-49.98,-45.75,-50.15,-62.28,-56.87,-63.13,-57.24,-46.26,-54.12,2026-06-26 15:00:04+00:00
2026-06-26T15:01:13+00:00,0,0,0,0,0,0,0,0,0,0,0,0,0,0,0,0,-40,2026-06-26 15:01:13+00:00
2026-06-26T15:02:04+00:00,-48.84,-55.56,-66.47,-62.45,-66.33,-44.39,-51.48,-50.62,-51.43,-45.63,-49.99,-61.81,-57.21,-63.70,-57.02,-46.30,-54.13,2026-06-26 15:02:04+00:00
2026-06-26T15:03:03+00:00,-48.16,-56.09,-66.11,-62.38,-66.99,-44.50,-51.36,-50.59,-51.31,-45.54,-50.01,-61.15,-57.00,-63.98,-57.49,-45.74,-54.05,2026-06-26 15:03:03+00:00
2026-06-26T15:04:03+00:00,-48.71,-55.99,-65.15,-62.60,-66.55,-44.65,-51.78,-50.59,-52.45,-45.70,-50.45,-60.80,-57.50,-63.83,-57.33,-45.94,-53.77,2026-06-26 15:04:03+00:00
2026-06-26T15:05:04+00:00,-48.92,-56.08,-66.49,-62.57,-66.09,-44.55,-51.78,-50.60,-51.32,-45.69,-50.07,-61.49,-57.28,-63.72,-57.52,-45.50,-53.97,2026-06-26 15:05:04+00:00
2026-06-26T15:06:04+00:00,-48.26,-55.56,-66.80,-62.26,-66.49,-44.66,-51.48,-50.64,-50.97,-45.61,-50.17,-61.82,-57.23,-63.20,-57.65,-45.51,-53.98,2026-06-26 15:06:04+00:00
2026-06-26T15:07:04+00:00,-48.88,-56.21,-66.25,-62.41,-65.64,-44.49,-51.05,-50.45,-50.89,-45.61,-50.32,-61.94,-57.26,-62.91,-57.62,-45.64,-54.18,2026-06-26 15:07:04+00:00
2026-06-26T15:08:03+00:00,-48.10,-55.97,-66.49,-62.38,-65.96,-44.74,-51.09,-50.33,-51.06,-45.63,-50.19,-63.00,-57.16,-62.52,-57.71,-45.32,-54.11,2026-06-26 15:08:03+00:00
2026-06-26T15:09:04+00:00,-48.29,-55.84,-66.91,-63.00,-65.65,-44.91,-51.82,-50.39,-51.17,-45.74,-50.38,-63.05,-57.42,-62.10,-58.08,-45.46,-54.05,2026-06-26 15:09:04+00:00
2026-06-26T15:10:04+00:00,-48.20,-55.81,-66.72,-62.61,-65.77,-44.70,-51.53,-50.50,-51.13,-45.60,-50.47,-62.70,-57.13,-61.98,-57.64,-45.24,-53.91,2026-06-26 15:10:04+00:00
2026-06-26T15:11:03+00:00,-48.35,-55.36,-66.72,-62.12,-66.47,-44.63,-51.29,-50.52,-50.99,-45.67,-49.07,-62.75,-57.25,-61.33,-57.83,-45.21,-54.06,2026-06-26 15:11:03+00:00
2026-06-26T15:12:03+00:00,-49.43,-55.38,-66.99,-62.23,-65.03,-44.85,-50.96,-50.51,-51.10,-45.58,-49.44,-63.18,-57.45,-60.81,-57.23,-45.16,-54.04,2026-06-26 15:12:03+00:00
2026-06-26T15:13:04+00:00,-49.50,-55.38,-66.38,-62.35,-66.63,-44.77,-50.52,-50.51,-52.21,-45.70,-49.24,-62.93,-57.25,-59.98,-57.48,-45.11,-54.18,2026-06-26 15:13:04+00:00
2026-06-26T15:14:04+00:00,-48.86,-55.03,-65.56,-62.36,-65.58,-44.80,-50.83,-50.55,-52.04,-45.81,-49.23,-62.20,-56.87,-59.95,-57.71,-44.60,-54.04,2026-06-26 15:14:04+00:00
2026-06-26T15:15:03+00:00,-48.93,-55.00,-65.03,-62.48,-66.01,-44.76,-51.87,-50.48,-51.99,-45.94,-49.08,-61.62,-56.55,-59.56,-57.61,-44.68,-54.12,2026-06-26 15:15:03+00:00
2026-06-26T15:16:03+00:00,-48.91,-55.11,-66.98,-62.37,-66.35,-44.65,-52.08,-50.58,-51.93,-45.93,-48.94,-62.96,-56.96,-59.00,-57.92,-44.84,-54.11,2026-06-26 15:16:03+00:00
2026-06-26T15:17:04+00:00,-48.89,-56.00,-67.33,-62.21,-65.84,-44.66,-50.80,-50.65,-51.99,-45.86,-48.85,-64.49,-57.13,-58.73,-57.79,-44.67,-54.38,2026-06-26 15:17:04+00:00
2026-06-26T15:18:04+00:00,-47.81,-55.75,-66.57,-62.35,-66.45,-44.90,-50.88,-50.71,-52.07,-45.86,-48.91,-63.69,-56.73,-58.44,-57.72,-44.50,-54.34,2026-06-26 15:18:04+00:00
2026-06-26T15:19:03+00:00,-48.08,-55.42,-66.69,-62.51,-66.36,-44.64,-50.92,-50.80,-51.95,-46.09,-49.33,-64.09,-56.82,-57.71,-57.77,-44.63,-54.50,2026-06-26 15:19:03+00:00
2026-06-26T15:20:04+00:00,-48.21,-55.76,-67.26,-62.37,-66.75,-44.74,-51.15,-50.73,-51.88,-45.98,-48.84,-63.90,-57.29,-57.36,-57.61,-44.45,-54.49,2026-06-26 15:20:04+00:00
2026-06-26T15:21:04+00:00,-49.03,-55.73,-67.05,-62.51,-67.36,-44.84,-51.22,-50.80,-52.24,-45.94,-49.39,-63.79,-57.02,-57.20,-57.83,-44.34,-54.24,2026-06-26 15:21:04+00:00
2026-06-26T15:22:03+00:00,-48.72,-56.09,-66.89,-62.05,-66.58,-45.00,-51.41,-50.56,-51.98,-46.17,-49.23,-62.72,-57.22,-57.04,-58.29,-44.44,-53.66,2026-06-26 15:22:03+00:00
2026-06-26T15:23:03+00:00,-48.49,-55.87,-66.97,-62.52,-66.52,-44.91,-51.05,-50.25,-51.83,-46.03,-49.20,-63.50,-57.53,-57.00,-58.09,-44.34,-53.87,2026-06-26 15:23:03+00:00
2026-06-26T15:24:04+00:00,-48.48,-55.51,-66.71,-62.55,-66.72,-44.98,-51.49,-50.36,-51.90,-46.02,-48.99,-63.33,-57.80,-56.65,-58.04,-44.33,-54.20,2026-06-26 15:24:04+00:00
2026-06-26T15:25:04+00:00,-49.31,-55.23,-67.47,-62.38,-65.49,-44.91,-51.60,-50.34,-52.04,-46.12,-49.45,-64.17,-57.69,-56.62,-58.17,-44.60,-54.48,2026-06-26 15:25:04+00:00
2026-06-26T15:26:03+00:00,-47.70,-54.32,-67.62,-62.43,-65.61,-44.86,-51.05,-50.56,-51.92,-46.04,-49.14,-64.13,-57.76,-56.46,-57.96,-44.55,-53.93,2026-06-26 15:26:03+00:00
2026-06-26T15:27:03+00:00,-48.61,-54.28,-67.17,-62.81,-66.14,-44.83,-51.09,-50.40,-51.89,-45.87,-49.40,-63.92,-57.40,-56.21,-57.82,-44.69,-53.96,2026-06-26 15:27:03+00:00
2026-06-26T15:28:04+00:00,-48.63,-52.60,-65.56,-62.06,-66.35,-44.33,-51.67,-50.65,-51.79,-45.80,-49.27,-62.35,-57.15,-56.24,-57.99,-44.98,-53.84,2026-06-26 15:28:04+00:00
2026-06-26T15:29:04+00:00,-48.58,-53.35,-67.01,-62.65,-66.29,-43.96,-50.79,-50.60,-51.91,-45.81,-49.03,-62.32,-57.30,-55.88,-57.74,-44.97,-54.02,2026-06-26 15:29:04+00:00
2026-06-26T15:30:03+00:00,-48.71,-53.17,-66.86,-62.24,-66.11,-44.09,-51.08,-50.76,-51.78,-45.84,-48.87,-62.07,-57.58,-55.92,-57.71,-44.76,-54.12,2026-06-26 15:30:03+00:00
2026-06-26T15:31:08+00:00,-47.95,-52.48,-66.69,-62.68,-66.60,-44.04,-51.19,-50.86,-51.85,-45.97,-49.07,-61.52,-57.42,-55.83,-58.01,-44.98,-54.03,2026-06-26 15:31:08+00:00
2026-06-26T15:32:04+00:00,-47.76,-53.64,-66.17,-62.52,-66.62,-44.01,-50.75,-50.94,-50.72,-45.93,-49.26,-61.29,-57.49,-55.85,-57.68,-45.10,-54.12,2026-06-26 15:32:04+00:00
2026-06-26T15:33:03+00:00,-46.36,-53.38,-66.27,-62.22,-66.12,-44.21,-50.89,-50.80,-49.37,-45.97,-49.25,-61.00,-57.14,-55.49,-57.92,-45.30,-54.10,2026-06-26 15:33:03+00:00
2026-06-26T15:34:03+00:00,-46.00,-53.86,-66.33,-62.69,-65.46,-44.26,-51.47,-50.90,-50.03,-45.86,-48.80,-61.21,-57.49,-55.26,-58.06,-45.19,-54.19,2026-06-26 15:34:03+00:00
2026-06-26T15:35:04+00:00,-45.68,-53.77,-65.40,-62.72,-66.03,-44.28,-51.32,-50.95,-49.96,-45.81,-49.45,-61.08,-57.60,-54.83,-58.10,-45.51,-54.14,2026-06-26 15:35:04+00:00
2026-06-26T15:36:03+00:00,-46.04,-53.77,-65.60,-62.76,-66.65,-44.07,-50.54,-50.87,-49.66,-45.74,-49.11,-61.06,-57.44,-54.36,-57.72,-45.69,-54.12,2026-06-26 15:36:03+00:00
2026-06-26T15:37:04+00:00,-46.58,-53.60,-66.52,-62.55,-66.05,-44.17,-50.88,-50.97,-49.18,-45.61,-49.84,-61.10,-57.35,-54.22,-57.97,-45.72,-54.16,2026-06-26 15:37:04+00:00
2026-06-26T15:38:04+00:00,-46.36,-53.88,-66.47,-62.71,-66.69,-44.17,-51.08,-51.39,-48.94,-45.83,-49.40,-61.03,-57.42,-53.56,-57.88,-46.14,-54.11,2026-06-26 15:38:04+00:00
2026-06-26T15:39:04+00:00,-46.26,-53.87,-66.81,-62.41,-66.16,-44.71,-50.66,-51.11,-48.41,-45.67,-49.26,-61.05,-57.16,-53.54,-57.73,-45.98,-54.20,2026-06-26 15:39:04+00:00
2026-06-26T15:40:03+00:00,-45.33,-53.69,-66.92,-62.30,-65.91,-47.69,-50.37,-50.97,-48.06,-45.53,-49.12,-61.18,-57.33,-53.35,-57.73,-46.39,-54.25,2026-06-26 15:40:03+00:00
2026-06-26T15:41:04+00:00,-45.53,-53.99,-67.70,-62.60,-66.85,-47.50,-50.44,-51.02,-47.96,-45.75,-49.14,-61.33,-57.36,-52.86,-57.74,-46.26,-54.22,2026-06-26 15:41:04+00:00
2026-06-26T15:42:04+00:00,-45.36,-53.88,-66.69,-62.66,-66.41,-47.57,-50.58,-50.99,-47.99,-45.70,-49.01,-61.26,-57.45,-52.77,-57.65,-46.35,-54.19,2026-06-26 15:42:04+00:00
2026-06-26T15:43:04+00:00,-45.10,-54.03,-67.67,-62.27,-66.70,-47.50,-51.00,-51.08,-47.49,-45.61,-49.40,-61.02,-57.45,-52.61,-57.72,-46.47,-54.15,2026-06-26 15:43:04+00:00
2026-06-26T15:44:03+00:00,-45.72,-54.19,-67.85,-62.55,-66.26,-49.10,-51.12,-51.08,-47.45,-45.71,-49.62,-61.55,-57.84,-52.55,-57.46,-45.99,-54.07,2026-06-26 15:44:03+00:00
2026-06-26T15:45:03+00:00,-45.20,-54.13,-67.39,-62.65,-66.18,-48.80,-51.45,-51.24,-48.03,-45.77,-49.14,-62.07,-57.62,-52.43,-57.67,-46.22,-53.86,2026-06-26 15:45:03+00:00
2026-06-26T15:46:04+00:00,-45.12,-54.26,-67.34,-61.91,-66.85,-48.99,-51.73,-51.36,-47.26,-45.77,-49.42,-63.18,-57.66,-52.24,-57.72,-46.21,-54.02,2026-06-26 15:46:04+00:00
2026-06-26T15:47:04+00:00,-44.77,-54.04,-66.10,-62.51,-65.96,-49.08,-51.76,-51.29,-46.82,-44.17,-45.57,-62.37,-56.68,-51.92,-57.55,-46.10,-54.06,2026-06-26 15:47:04+00:00
2026-06-26T15:48:03+00:00,-45.53,-53.70,-67.53,-62.74,-66.53,-49.05,-51.48,-51.33,-47.13,-44.22,-45.45,-64.46,-56.95,-51.72,-57.57,-45.84,-53.98,2026-06-26 15:48:03+00:00
2026-06-26T15:49:03+00:00,-44.95,-54.21,-66.84,-62.65,-66.55,-49.20,-51.85,-51.31,-47.97,-44.15,-45.61,-64.34,-56.98,-51.39,-57.81,-45.93,-53.97,2026-06-26 15:49:03+00:00
2026-06-26T15:50:04+00:00,-45.18,-54.09,-66.42,-62.31,-65.76,-48.81,-51.05,-51.26,-48.80,-44.31,-46.20,-63.62,-56.71,-51.44,-57.69,-46.13,-54.00,2026-06-26 15:50:04+00:00
2026-06-26T15:51:04+00:00,-45.62,-54.26,-67.14,-62.91,-65.63,-48.98,-50.99,-51.37,-48.15,-43.52,-44.41,-64.42,-56.83,-51.22,-57.93,-46.18,-54.02,2026-06-26 15:51:04+00:00
2026-06-26T15:52:03+00:00,-45.80,-54.31,-66.94,-62.74,-67.07,-48.90,-51.74,-51.38,-49.54,-43.13,-43.78,-64.63,-57.18,-50.88,-57.93,-46.23,-54.01,2026-06-26 15:52:03+00:00
2026-06-26T15:53:03+00:00,-45.05,-54.27,-66.81,-61.81,-66.17,-49.12,-50.96,-51.34,-49.11,-42.98,-43.64,-64.07,-56.97,-50.88,-57.91,-46.22,-53.41,2026-06-26 15:53:03+00:00
2026-06-26T15:54:04+00:00,-45.42,-54.24,-65.99,-62.73,-66.13,-49.14,-50.66,-51.31,-48.25,-42.66,-43.43,-64.16,-57.13,-50.56,-57.73,-46.41,-53.83,2026-06-26 15:54:04+00:00
2026-06-26T15:55:04+00:00,-46.11,-54.38,-65.44,-62.46,-66.29,-48.91,-51.09,-51.41,-48.20,-42.56,-42.88,-63.38,-56.93,-50.44,-57.82,-46.06,-53.90,2026-06-26 15:55:04+00:00
2026-06-26T15:56:04+00:00,-46.28,-54.20,-66.03,-62.52,-65.90,-49.20,-51.16,-51.51,-48.34,-42.32,-43.01,-63.76,-56.85,-50.35,-57.80,-45.86,-53.99,2026-06-26 15:56:04+00:00
2026-06-26T15:57:03+00:00,-46.16,-54.62,-66.97,-62.20,-66.74,-48.93,-51.43,-51.54,-48.24,-42.22,-42.66,-64.13,-56.72,-50.05,-57.68,-45.80,-54.34,2026-06-26 15:57:03+00:00
2026-06-26T15:58:03+00:00,-45.65,-53.79,-65.43,-62.14,-65.75,-49.12,-51.41,-51.53,-48.37,-42.19,-42.18,-63.46,-56.85,-50.08,-57.58,-45.94,-54.69,2026-06-26 15:58:03+00:00
2026-06-26T15:59:04+00:00,-46.10,-54.11,-65.22,-62.34,-65.77,-49.13,-51.14,-51.57,-48.96,-44.11,-45.27,-63.86,-57.25,-49.87,-58.10,-45.67,-53.91,2026-06-26 15:59:04+00:00
2026-06-26T16:00:04+00:00,-45.85,-54.09,-65.35,-62.76,-66.36,-49.13,-51.72,-51.59,-49.06,-44.16,-45.71,-63.40,-57.45,-49.75,-58.00,-45.66,-53.85,2026-06-26 16:00:04+00:00
2026-06-26T16:01:08+00:00,-45.75,-54.20,-65.79,-62.24,-66.55,-49.15,-51.87,-51.68,-48.24,-43.56,-44.78,-63.97,-57.21,-49.76,-57.87,-45.47,-53.87,2026-06-26 16:01:08+00:00
2026-06-26T16:02:03+00:00,-45.78,-54.28,-65.50,-62.47,-66.59,-49.14,-52.02,-51.58,-48.77,-43.53,-44.76,-63.45,-57.06,-49.82,-57.94,-45.24,-53.98,2026-06-26 16:02:03+00:00
2026-06-26T16:03:03+00:00,-44.89,-54.53,-66.28,-62.38,-66.27,-49.04,-52.31,-51.78,-49.56,-43.20,-44.24,-64.02,-57.15,-49.59,-57.63,-45.49,-53.92,2026-06-26 16:03:03+00:00
2026-06-26T16:04:03+00:00,-45.49,-54.83,-64.64,-62.33,-66.14,-48.93,-51.60,-51.72,-49.63,-42.95,-44.28,-63.26,-56.77,-49.70,-58.04,-45.50,-53.58,2026-06-26 16:04:03+00:00
2026-06-26T16:05:04+00:00,-45.72,-54.36,-64.90,-62.54,-66.34,-49.04,-51.47,-51.80,-50.29,-43.16,-44.20,-64.01,-57.31,-49.83,-58.10,-45.17,-53.95,2026-06-26 16:05:04+00:00
2026-06-26T16:06:03+00:00,-45.93,-54.56,-63.96,-62.51,-65.61,-48.89,-52.35,-51.75,-49.66,-43.13,-44.49,-63.78,-56.88,-49.58,-58.23,-45.21,-53.83,2026-06-26 16:06:03+00:00
2026-06-26T16:07:04+00:00,-45.75,-54.16,-66.46,-61.94,-66.26,-48.89,-51.70,-51.71,-49.94,-42.12,-42.24,-62.91,-56.55,-49.52,-57.89,-45.44,-53.87,2026-06-26 16:07:04+00:00
2026-06-26T16:08:04+00:00,-46.11,-54.04,-66.74,-61.79,-66.09,-48.84,-51.47,-51.77,-49.48,-41.78,-42.21,-63.26,-57.00,-49.61,-58.02,-45.59,-54.34,2026-06-26 16:08:04+00:00
2026-06-26T16:09:03+00:00,-46.34,-54.24,-66.40,-62.53,-66.69,-49.05,-51.64,-51.71,-49.54,-41.82,-41.84,-63.12,-56.88,-49.42,-57.92,-45.50,-53.84,2026-06-26 16:09:03+00:00
2026-06-26T16:10:03+00:00,-46.10,-54.32,-66.94,-62.10,-65.95,-48.97,-51.58,-51.47,-49.86,-41.33,-40.87,-63.78,-56.99,-49.68,-58.10,-45.99,-53.86,2026-06-26 16:10:03+00:00
2026-06-26T16:11:04+00:00,-45.29,-54.79,-67.01,-62.49,-65.98,-49.24,-52.02,-51.53,-50.03,-41.49,-40.61,-64.12,-56.94,-49.52,-57.86,-45.53,-53.74,2026-06-26 16:11:04+00:00
2026-06-26T16:12:04+00:00,-45.12,-54.33,-65.85,-62.36,-66.06,-49.13,-51.82,-51.55,-48.68,-41.31,-40.46,-63.66,-57.19,-49.51,-58.15,-45.81,-53.71,2026-06-26 16:12:04+00:00
2026-06-26T16:13:03+00:00,-44.98,-54.58,-65.68,-62.30,-65.91,-49.05,-51.57,-51.51,-48.75,-41.74,-40.34,-63.18,-57.18,-49.49,-58.27,-45.51,-53.75,2026-06-26 16:13:03+00:00
2026-06-26T16:14:03+00:00,-45.01,-54.59,-65.92,-62.03,-66.43,-49.09,-51.51,-51.42,-48.10,-41.25,-39.76,-63.68,-57.24,-49.32,-58.17,-45.84,-53.49,2026-06-26 16:14:03+00:00
2026-06-26T16:15:04+00:00,-45.34,-54.59,-65.66,-62.62,-66.09,-49.04,-51.63,-51.39,-48.28,-41.23,-39.78,-63.60,-57.72,-49.23,-58.01,-45.79,-53.82,2026-06-26 16:15:04+00:00
2026-06-26T16:16:04+00:00,-46.42,-54.60,-65.31,-62.50,-66.70,-49.04,-51.24,-51.49,-48.40,-42.70,-41.12,-63.28,-57.28,-49.15,-58.19,-45.82,-53.92,2026-06-26 16:16:04+00:00
2026-06-26T16:17:04+00:00,-45.36,-54.79,-66.42,-62.57,-67.35,-49.06,-51.81,-51.54,-48.49,-42.82,-41.67,-63.83,-57.65,-48.97,-58.03,-46.28,-53.97,2026-06-26 16:17:04+00:00
2026-06-26T16:18:04+00:00,-45.05,-55.03,-65.78,-62.37,-66.66,-49.13,-51.57,-51.54,-48.73,-42.88,-41.10,-63.60,-57.60,-48.81,-57.27,-46.35,-53.92,2026-06-26 16:18:04+00:00
2026-06-26T16:19:03+00:00,-45.51,-54.69,-65.32,-62.46,-65.40,-48.98,-51.12,-51.55,-48.94,-42.82,-41.05,-63.71,-57.48,-48.93,-57.83,-46.62,-54.00,2026-06-26 16:19:03+00:00
2026-06-26T16:20:03+00:00,-45.79,-54.93,-64.90,-62.65,-66.20,-49.05,-51.77,-51.55,-48.40,-42.86,-40.90,-64.02,-60.29,-48.80,-57.36,-46.53,-53.88,2026-06-26 16:20:03+00:00
2026-06-26T16:21:04+00:00,-45.72,-54.46,-63.70,-62.54,-66.59,-49.02,-52.05,-51.39,-48.41,-42.99,-40.84,-63.70,-58.27,-48.57,-57.82,-46.47,-53.74,2026-06-26 16:21:04+00:00
2026-06-26T16:22:05+00:00,-45.32,-54.89,-64.74,-62.64,-65.59,-49.07,-51.21,-51.48,-48.44,-43.02,-40.98,-64.18,-57.90,-48.66,-57.49,-46.40,-53.76,2026-06-26 16:22:05+00:00
2026-06-26T16:23:04+00:00,-45.20,-54.51,-64.79,-62.18,-66.58,-49.10,-51.27,-51.48,-48.31,-42.85,-41.16,-64.03,-57.72,-48.36,-57.38,-46.72,-54.19,2026-06-26 16:23:04+00:00
2026-06-26T16:24:03+00:00,-46.29,-54.48,-64.21,-62.52,-65.64,-49.12,-51.50,-51.49,-49.24,-43.00,-41.35,-63.52,-57.46,-48.26,-57.39,-46.71,-54.65,2026-06-26 16:24:03+00:00
2026-06-26T16:25:04+00:00,-45.90,-54.78,-64.97,-62.73,-65.29,-47.92,-51.53,-51.37,-49.18,-43.30,-41.59,-63.79,-58.04,-48.36,-57.40,-46.66,-52.95,2026-06-26 16:25:04+00:00
2026-06-26T16:26:04+00:00,-45.73,-55.02,-64.90,-62.80,-67.16,-47.79,-51.33,-51.33,-49.16,-43.14,-41.72,-63.86,-57.99,-48.16,-57.86,-46.94,-53.82,2026-06-26 16:26:04+00:00
2026-06-26T16:27:04+00:00,-45.90,-54.78,-64.53,-62.26,-66.32,-44.79,-51.53,-51.56,-48.12,-41.82,-42.89,-63.65,-58.12,-48.06,-57.97,-46.89,-53.90,2026-06-26 16:27:04+00:00
2026-06-26T16:28:03+00:00,-45.90,-54.46,-63.45,-62.37,-66.60,-44.57,-51.66,-51.56,-47.93,-42.46,-42.66,-63.18,-58.30,-48.16,-57.69,-46.90,-53.86,2026-06-26 16:28:03+00:00
2026-06-26T16:29:03+00:00,-45.68,-54.63,-64.87,-62.51,-65.51,-44.56,-50.57,-51.37,-48.96,-42.50,-44.23,-63.96,-58.62,-48.11,-57.92,-47.14,-54.41,2026-06-26 16:29:03+00:00
2026-06-26T16:30:04+00:00,-45.15,-54.55,-64.54,-62.38,-65.50,-44.39,-50.82,-51.39,-48.48,-42.47,-43.36,-63.87,-61.18,-48.07,-57.67,-47.02,-53.89,2026-06-26 16:30:04+00:00
2026-06-26T16:31:08+00:00,-45.71,-54.59,-64.66,-62.57,-66.30,-44.32,-51.36,-51.37,-49.25,-42.42,-44.16,-63.78,-58.70,-48.06,-58.00,-47.25,-53.82,2026-06-26 16:31:08+00:00
2026-06-26T16:32:03+00:00,-45.57,-54.60,-63.82,-62.52,-65.63,-44.26,-51.94,-51.46,-48.67,-42.50,-44.14,-63.53,-58.54,-48.03,-57.57,-47.30,-53.57,2026-06-26 16:32:03+00:00
2026-06-26T16:33:03+00:00,-46.13,-54.90,-64.48,-62.57,-65.41,-44.11,-51.13,-51.43,-48.77,-42.36,-43.80,-63.54,-58.58,-47.91,-57.62,-46.88,-53.89,2026-06-26 16:33:03+00:00
2026-06-26T16:34:03+00:00,-45.67,-55.05,-64.50,-62.29,-66.05,-44.13,-51.19,-51.42,-48.51,-42.36,-43.92,-63.00,-58.41,-47.99,-57.15,-46.84,-53.55,2026-06-26 16:34:03+00:00
2026-06-26T16:35:04+00:00,-46.21,-54.80,-64.53,-62.20,-66.17,-43.70,-51.84,-51.46,-48.73,-42.49,-43.60,-63.29,-58.32,-48.13,-56.72,-46.77,-53.66,2026-06-26 16:35:04+00:00
2026-06-26T16:36:04+00:00,-45.83,-52.92,-63.77,-62.24,-66.38,-44.02,-51.93,-51.44,-48.80,-42.38,-43.42,-63.26,-61.30,-47.78,-57.08,-46.70,-53.89,2026-06-26 16:36:04+00:00
2026-06-26T16:37:03+00:00,-46.13,-53.96,-64.50,-62.58,-65.95,-44.21,-51.42,-51.48,-48.72,-42.42,-43.34,-63.63,-61.44,-47.88,-57.43,-46.76,-53.82,2026-06-26 16:37:03+00:00
2026-06-26T16:38:03+00:00,-46.23,-55.26,-64.15,-62.35,-66.26,-44.25,-51.36,-51.47,-48.46,-42.60,-43.09,-63.69,-61.22,-47.76,-57.10,-47.02,-54.05,2026-06-26 16:38:03+00:00
2026-06-26T16:39:04+00:00,-45.36,-55.23,-63.71,-62.51,-65.81,-43.76,-51.98,-51.36,-48.42,-42.53,-43.00,-63.67,-58.53,-48.02,-57.70,-46.93,-53.28,2026-06-26 16:39:04+00:00
2026-06-26T16:40:04+00:00,-45.90,-55.38,-64.51,-62.38,-66.40,-43.79,-51.97,-51.43,-48.53,-42.52,-43.00,-63.63,-61.24,-47.94,-57.72,-47.02,-53.78,2026-06-26 16:40:04+00:00
2026-06-26T16:41:03+00:00,-45.78,-55.26,-64.40,-62.60,-66.21,-44.02,-51.65,-51.25,-46.82,-42.59,-42.91,-63.58,-61.28,-48.00,-57.81,-47.18,-53.84,2026-06-26 16:41:03+00:00
2026-06-26T16:42:03+00:00,-46.17,-55.51,-64.75,-62.52,-66.63,-44.05,-51.52,-51.39,-46.62,-42.71,-43.06,-63.65,-61.17,-48.11,-57.66,-46.83,-54.28,2026-06-26 16:42:03+00:00
2026-06-26T16:43:04+00:00,-45.06,-55.03,-64.65,-62.68,-66.18,-43.99,-52.18,-51.25,-46.77,-42.65,-42.97,-63.63,-61.24,-48.34,-58.42,-47.07,-53.32,2026-06-26 16:43:04+00:00
2026-06-26T16:44:04+00:00,-45.87,-55.10,-64.54,-62.31,-66.63,-43.94,-52.21,-51.36,-46.45,-42.77,-42.99,-63.57,-61.18,-48.28,-57.80,-47.01,-53.83,2026-06-26 16:44:04+00:00
2026-06-26T16:45:03+00:00,-45.89,-55.28,-64.74,-62.28,-66.23,-43.96,-52.18,-51.29,-46.37,-42.86,-42.99,-63.45,-61.38,-48.34,-57.99,-46.84,-53.90,2026-06-26 16:45:03+00:00
2026-06-26T16:46:03+00:00,-45.65,-54.88,-64.58,-62.11,-65.41,-44.09,-51.79,-50.96,-46.36,-42.89,-43.03,-63.75,-61.51,-48.61,-57.66,-46.92,-54.19,2026-06-26 16:46:03+00:00
2026-06-26T16:47:04+00:00,-45.81,-55.04,-64.67,-62.08,-65.98,-43.89,-52.11,-50.93,-46.45,-42.83,-43.09,-63.28,-60.11,-48.54,-57.67,-46.98,-54.09,2026-06-26 16:47:04+00:00
2026-06-26T16:48:04+00:00,-45.98,-55.01,-61.18,-62.44,-66.44,-43.96,-51.36,-50.86,-46.42,-42.84,-42.97,-62.90,-58.90,-48.68,-57.62,-46.99,-54.07,2026-06-26 16:48:04+00:00
2026-06-26T16:49:03+00:00,-45.91,-55.40,-64.78,-61.91,-66.82,-43.84,-50.87,-51.24,-46.46,-42.72,-43.09,-59.55,-59.05,-48.59,-57.45,-46.89,-54.44,2026-06-26 16:49:03+00:00
2026-06-26T16:50:03+00:00,-46.13,-55.24,-64.43,-62.55,-66.41,-43.80,-51.24,-51.46,-46.60,-43.03,-42.97,-58.59,-59.09,-48.71,-57.71,-46.90,-53.69,2026-06-26 16:50:03+00:00
2026-06-26T16:51:04+00:00,-46.31,-55.03,-64.53,-62.40,-66.50,-44.07,-52.41,-51.49,-46.58,-43.07,-43.11,-53.50,-59.06,-48.63,-57.49,-46.79,-54.40,2026-06-26 16:51:04+00:00
2026-06-26T16:52:03+00:00,-46.13,-55.24,-64.96,-62.35,-66.46,-44.03,-52.09,-51.58,-46.75,-43.03,-43.30,-63.68,-59.27,-48.68,-57.77,-46.81,-54.26,2026-06-26 16:52:03+00:00
2026-06-26T16:53:03+00:00,-45.91,-55.46,-64.88,-62.38,-66.48,-43.76,-51.93,-51.68,-46.69,-42.99,-43.25,-63.62,-59.34,-48.59,-58.16,-46.67,-54.16,2026-06-26 16:53:03+00:00
2026-06-26T16:54:04+00:00,-45.95,-55.23,-64.96,-62.48,-66.33,-44.02,-52.56,-51.67,-47.01,-43.01,-43.33,-63.77,-59.33,-48.41,-57.75,-46.48,-53.95,2026-06-26 16:54:04+00:00
2026-06-26T16:55:04+00:00,-45.82,-54.95,-64.87,-62.37,-66.44,-43.92,-52.11,-51.69,-47.04,-43.28,-43.38,-63.81,-59.04,-48.50,-58.09,-46.66,-54.17,2026-06-26 16:55:04+00:00
2026-06-26T16:56:04+00:00,-45.89,-54.78,-65.06,-62.18,-66.43,-43.83,-52.22,-51.57,-47.17,-43.22,-43.49,-63.88,-58.84,-48.40,-57.44,-46.52,-54.83,2026-06-26 16:56:04+00:00
2026-06-26T16:57:03+00:00,-45.94,-54.84,-64.83,-62.29,-66.59,-43.90,-52.70,-51.63,-47.29,-43.06,-43.61,-63.81,-58.79,-47.98,-57.89,-46.19,-54.24,2026-06-26 16:57:03+00:00
2026-06-26T16:58:03+00:00,-45.62,-54.86,-65.05,-62.56,-66.66,-43.90,-51.91,-51.63,-46.82,-46.27,-49.97,-63.70,-59.32,-48.37,-57.89,-45.91,-55.05,2026-06-26 16:58:03+00:00
2026-06-26T16:59:04+00:00,-45.67,-54.84,-64.36,-62.43,-65.67,-43.94,-51.74,-51.80,-46.72,-46.22,-49.96,-64.01,-59.40,-48.01,-57.70,-45.89,-55.17,2026-06-26 16:59:04+00:00
2026-06-26T17:00:04+00:00,-45.66,-55.24,-64.49,-62.45,-66.23,-43.99,-52.12,-51.81,-46.76,-46.33,-49.78,-63.87,-59.28,-48.16,-57.74,-45.81,-55.10,2026-06-26 17:00:04+00:00
2026-06-26T17:01:09+00:00,-45.21,-55.11,-64.47,-62.24,-65.56,-43.89,-52.24,-51.58,-46.56,-46.40,-49.92,-63.60,-59.44,-47.83,-57.89,-45.55,-54.94,2026-06-26 17:01:09+00:00
2026-06-26T17:02:04+00:00,-45.93,-55.24,-64.57,-62.44,-65.96,-43.81,-52.73,-51.58,-46.45,-46.31,-49.65,-62.13,-59.21,-47.81,-57.67,-45.54,-53.79,2026-06-26 17:02:04+00:00
2026-06-26T17:03:04+00:00,-47.55,-54.97,-64.39,-61.97,-65.71,-43.87,-52.53,-51.60,-49.91,-46.28,-50.07,-62.46,-59.34,-47.95,-57.94,-45.62,-53.98,2026-06-26 17:03:04+00:00
2026-06-26T17:04:04+00:00,-47.68,-54.80,-64.93,-62.56,-66.20,-43.75,-52.36,-51.73,-49.68,-46.53,-50.01,-62.34,-59.42,-47.86,-57.94,-45.47,-53.96,2026-06-26 17:04:04+00:00
2026-06-26T17:05:04+00:00,-48.25,-54.88,-65.30,-62.44,-66.07,-43.70,-53.03,-51.14,-49.70,-46.37,-50.99,-62.77,-58.64,-47.96,-57.63,-45.28,-54.04,2026-06-26 17:05:04+00:00
2026-06-26T17:06:04+00:00,-47.35,-54.76,-64.72,-62.67,-66.61,-44.01,-53.02,-51.23,-49.74,-46.63,-49.91,-62.34,-60.00,-47.65,-58.04,-45.62,-53.85,2026-06-26 17:06:04+00:00
2026-06-26T17:07:03+00:00,-47.69,-54.81,-64.86,-62.57,-66.59,-44.20,-52.99,-51.07,-50.11,-46.73,-50.58,-62.46,-60.23,-47.62,-57.93,-45.68,-53.78,2026-06-26 17:07:03+00:00
2026-06-26T17:08:04+00:00,-47.20,-54.61,-65.23,-62.47,-66.07,-44.01,-52.13,-51.21,-49.96,-46.54,-50.72,-62.50,-59.85,-47.51,-58.06,-45.88,-53.79,2026-06-26 17:08:04+00:00
2026-06-26T17:09:04+00:00,-47.72,-54.63,-64.39,-62.65,-66.00,-44.04,-51.74,-51.04,-49.85,-46.60,-50.68,-62.29,-59.57,-47.53,-58.05,-45.78,-53.73,2026-06-26 17:09:04+00:00
2026-06-26T17:10:03+00:00,-47.88,-54.96,-64.80,-62.37,-66.44,-43.97,-51.49,-51.12,-49.78,-46.65,-50.59,-62.48,-59.10,-47.41,-57.72,-46.08,-53.74,2026-06-26 17:10:03+00:00
2026-06-26T17:11:03+00:00,-47.65,-55.15,-64.75,-62.03,-66.88,-44.16,-52.02,-50.90,-49.66,-46.75,-48.82,-63.70,-58.84,-47.45,-58.00,-46.42,-53.87,2026-06-26 17:11:03+00:00
2026-06-26T17:12:04+00:00,-47.83,-55.03,-64.48,-62.54,-66.13,-44.35,-51.99,-50.99,-49.66,-46.75,-49.19,-63.88,-58.78,-47.51,-58.05,-46.46,-53.86,2026-06-26 17:12:04+00:00
2026-06-26T17:13:04+00:00,-47.12,-55.08,-63.83,-62.64,-66.41,-44.44,-52.12,-50.94,-49.74,-46.88,-50.31,-62.83,-58.36,-47.28,-57.97,-46.27,-53.75,2026-06-26 17:13:04+00:00
2026-06-26T17:14:03+00:00,-47.71,-55.04,-64.49,-62.52,-65.64,-44.47,-52.14,-50.93,-49.40,-46.89,-49.71,-63.82,-58.18,-47.13,-58.07,-46.12,-53.76,2026-06-26 17:14:03+00:00
2026-06-26T17:15:03+00:00,-47.52,-55.06,-64.60,-62.20,-66.24,-44.55,-52.57,-50.92,-49.46,-47.06,-50.35,-63.60,-58.49,-47.14,-57.99,-46.21,-53.80,2026-06-26 17:15:03+00:00
2026-06-26T17:16:04+00:00,-47.63,-55.11,-64.87,-62.41,-66.36,-44.48,-52.53,-51.17,-50.26,-46.89,-50.04,-63.60,-58.32,-47.05,-57.99,-46.16,-53.64,2026-06-26 17:16:04+00:00
2026-06-26T17:17:04+00:00,-47.57,-54.99,-64.76,-62.58,-65.66,-44.56,-51.35,-51.13,-50.36,-46.96,-50.41,-63.48,-58.56,-46.75,-58.28,-45.91,-53.71,2026-06-26 17:17:04+00:00
2026-06-26T17:18:04+00:00,-46.68,-54.99,-64.71,-62.32,-65.90,-44.66,-52.12,-51.22,-50.52,-46.89,-50.06,-63.60,-59.11,-46.92,-57.87,-46.10,-53.73,2026-06-26 17:18:04+00:00
2026-06-26T17:19:03+00:00,-47.26,-54.98,-65.09,-62.43,-66.18,-44.47,-52.30,-51.26,-50.02,-46.95,-50.54,-63.84,-58.20,-46.78,-57.79,-46.16,-53.76,2026-06-26 17:19:03+00:00
2026-06-26T17:20:03+00:00,-47.20,-54.71,-64.14,-62.16,-66.22,-44.38,-52.54,-51.28,-49.57,-46.86,-50.24,-63.06,-58.71,-46.80,-57.95,-46.11,-54.00,2026-06-26 17:20:03+00:00
2026-06-26T17:21:04+00:00,-46.82,-54.96,-64.74,-62.52,-66.28,-44.58,-52.14,-51.30,-50.04,-46.89,-49.73,-63.33,-58.55,-46.62,-57.99,-45.96,-53.35,2026-06-26 17:21:04+00:00
2026-06-26T17:22:03+00:00,-47.38,-55.17,-64.86,-62.36,-66.75,-44.74,-51.85,-51.25,-49.38,-46.81,-49.60,-63.32,-58.56,-46.54,-58.43,-45.89,-53.78,2026-06-26 17:22:03+00:00
2026-06-26T17:23:03+00:00,-47.23,-55.21,-64.43,-62.35,-66.72,-44.61,-52.44,-51.27,-49.49,-46.88,-50.14,-63.33,-58.58,-46.48,-58.17,-45.79,-53.79,2026-06-26 17:23:03+00:00
2026-06-26T17:24:04+00:00,-47.01,-55.51,-64.84,-62.53,-66.23,-44.29,-52.35,-51.20,-49.38,-46.98,-49.79,-63.47,-58.76,-46.54,-57.84,-45.74,-53.88,2026-06-26 17:24:04+00:00
2026-06-26T17:25:04+00:00,-47.04,-55.49,-64.58,-62.00,-65.54,-44.32,-52.20,-51.23,-49.60,-46.99,-50.64,-63.53,-58.61,-46.34,-57.90,-45.80,-53.91,2026-06-26 17:25:04+00:00
2026-06-26T17:26:03+00:00,-47.02,-55.42,-64.67,-62.81,-65.82,-44.29,-52.39,-51.16,-49.28,-46.79,-49.93,-63.28,-58.77,-46.34,-58.12,-45.88,-53.86,2026-06-26 17:26:03+00:00
2026-06-26T17:27:03+00:00,-46.54,-54.71,-64.57,-62.57,-66.56,-44.66,-51.76,-51.25,-49.37,-47.03,-49.96,-63.39,-58.67,-46.17,-57.99,-45.63,-53.56,2026-06-26 17:27:03+00:00
2026-06-26T17:28:04+00:00,-47.15,-55.23,-64.79,-62.35,-65.90,-44.69,-51.94,-51.24,-49.63,-46.97,-50.42,-63.22,-58.66,-46.09,-57.69,-45.73,-53.81,2026-06-26 17:28:04+00:00
2026-06-26T17:29:04+00:00,-46.54,-55.32,-64.68,-62.38,-66.14,-44.61,-51.92,-51.28,-50.00,-46.87,-50.36,-63.46,-58.70,-46.14,-57.49,-45.88,-53.80,2026-06-26 17:29:04+00:00
2026-06-26T17:30:03+00:00,-46.65,-54.28,-64.83,-62.48,-66.79,-44.64,-51.37,-51.27,-49.88,-47.10,-50.43,-63.92,-58.78,-46.24,-57.92,-45.74,-53.68,2026-06-26 17:30:03+00:00
2026-06-26T17:31:09+00:00,-46.33,-54.90,-64.60,-62.40,-66.03,-44.55,-51.73,-51.26,-49.18,-47.08,-50.34,-63.33,-58.79,-46.19,-57.97,-46.22,-53.70,2026-06-26 17:31:09+00:00
2026-06-26T17:32:04+00:00,-47.30,-54.45,-64.77,-62.47,-66.40,-44.48,-51.79,-51.35,-49.99,-47.04,-50.04,-63.67,-58.77,-46.14,-57.71,-46.36,-53.63,2026-06-26 17:32:04+00:00
2026-06-26T17:33:04+00:00,-47.02,-55.83,-64.58,-62.17,-66.11,-44.66,-51.53,-51.34,-49.17,-47.14,-50.55,-63.44,-58.52,-45.97,-57.59,-46.64,-53.58,2026-06-26 17:33:04+00:00
2026-06-26T17:34:03+00:00,-46.83,-55.81,-64.14,-62.50,-65.30,-44.55,-51.65,-51.24,-49.90,-47.07,-50.09,-63.59,-58.76,-45.75,-57.98,-46.73,-53.64,2026-06-26 17:34:03+00:00
2026-06-26T17:35:03+00:00,-47.17,-54.89,-64.73,-62.43,-66.35,-44.72,-51.71,-51.45,-49.53,-47.24,-50.36,-63.66,-58.56,-45.77,-57.62,-46.72,-53.70,2026-06-26 17:35:03+00:00
2026-06-26T17:36:03+00:00,-47.70,-54.99,-64.84,-62.74,-66.36,-44.76,-52.27,-51.48,-49.78,-47.30,-50.46,-63.58,-58.70,-45.91,-57.69,-46.93,-53.75,2026-06-26 17:36:03+00:00
2026-06-26T17:37:03+00:00,-47.51,-56.44,-64.40,-62.48,-66.16,-44.68,-51.03,-51.40,-50.27,-47.26,-50.43,-63.41,-58.93,-45.60,-57.77,-47.12,-53.63,2026-06-26 17:37:03+00:00
2026-06-26T17:38:04+00:00,-47.27,-55.29,-64.17,-62.53,-66.80,-44.68,-51.28,-51.28,-49.20,-47.36,-50.42,-63.41,-58.50,-45.63,-57.74,-47.27,-53.72,2026-06-26 17:38:04+00:00
2026-06-26T17:39:04+00:00,-47.33,-56.14,-64.58,-62.37,-66.43,-44.76,-51.45,-51.31,-48.62,-47.45,-50.32,-63.83,-58.71,-45.75,-58.25,-47.45,-53.70,2026-06-26 17:39:04+00:00
2026-06-26T17:40:03+00:00,-46.64,-56.24,-63.59,-62.19,-66.16,-44.80,-51.66,-51.33,-49.31,-47.60,-50.32,-63.81,-58.43,-45.89,-57.62,-47.59,-54.05,2026-06-26 17:40:03+00:00
2026-06-26T17:41:04+00:00,-47.35,-56.99,-64.80,-62.43,-66.67,-44.68,-52.07,-51.38,-51.27,-47.62,-50.60,-64.07,-59.09,-45.63,-58.17,-47.76,-53.64,2026-06-26 17:41:04+00:00
2026-06-26T17:42:04+00:00,-47.46,-56.31,-64.86,-62.33,-65.91,-44.65,-51.98,-51.45,-49.07,-47.66,-50.30,-64.14,-59.42,-45.65,-57.99,-47.55,-53.70,2026-06-26 17:42:04+00:00
2026-06-26T17:43:03+00:00,-47.46,-55.91,-64.98,-62.31,-65.98,-44.67,-52.26,-51.31,-50.96,-47.84,-50.70,-64.08,-58.76,-45.63,-55.94,-47.97,-53.67,2026-06-26 17:43:03+00:00
2026-06-26T17:44:03+00:00,-47.39,-56.19,-65.21,-62.46,-66.30,-44.63,-51.95,-51.35,-53.12,-47.77,-50.80,-64.23,-59.17,-45.54,-58.02,-47.84,-53.81,2026-06-26 17:44:03+00:00
2026-06-26T17:45:04+00:00,-47.35,-55.67,-65.09,-62.57,-66.41,-44.58,-50.97,-51.26,-52.50,-47.77,-50.57,-64.03,-59.29,-45.65,-58.05,-48.05,-53.60,2026-06-26 17:45:04+00:00
2026-06-26T17:46:04+00:00,-46.92,-55.84,-64.98,-62.35,-65.72,-44.68,-51.86,-51.33,-50.81,-47.93,-50.40,-63.91,-59.56,-45.58,-58.03,-47.73,-53.68,2026-06-26 17:46:04+00:00
2026-06-26T17:47:03+00:00,-46.53,-55.67,-64.98,-62.29,-67.06,-44.70,-51.98,-51.17,-48.15,-47.88,-50.35,-63.99,-59.39,-45.40,-57.87,-48.45,-53.36,2026-06-26 17:47:03+00:00
2026-06-26T17:48:03+00:00,-47.17,-54.93,-64.80,-62.75,-66.80,-44.75,-52.10,-51.06,-48.49,-47.94,-50.68,-63.46,-59.45,-45.56,-58.38,-48.65,-53.64,2026-06-26 17:48:03+00:00
2026-06-26T17:49:04+00:00,-47.63,-55.15,-64.53,-62.53,-65.85,-44.75,-52.71,-51.26,-49.24,-47.58,-50.43,-62.97,-59.73,-45.20,-58.24,-48.54,-53.20,2026-06-26 17:49:04+00:00
2026-06-26T17:50:03+00:00,-47.08,-55.56,-64.45,-62.82,-67.31,-44.86,-52.45,-51.26,-49.05,-47.83,-50.72,-63.89,-59.31,-45.37,-58.34,-48.37,-53.77,2026-06-26 17:50:03+00:00
2026-06-26T17:51:03+00:00,-47.34,-55.00,-65.02,-62.76,-66.23,-44.69,-52.86,-51.17,-48.81,-47.62,-50.72,-63.99,-59.52,-45.24,-57.98,-48.80,-53.76,2026-06-26 17:51:03+00:00
2026-06-26T17:52:04+00:00,-47.40,-56.19,-65.15,-62.35,-66.36,-44.61,-51.98,-51.11,-48.96,-47.68,-50.45,-63.93,-59.38,-45.42,-58.15,-48.56,-53.76,2026-06-26 17:52:04+00:00
2026-06-26T17:53:04+00:00,-46.83,-56.11,-65.16,-62.27,-66.21,-44.95,-52.11,-51.61,-48.86,-47.43,-50.68,-64.21,-58.86,-45.30,-58.31,-48.50,-53.68,2026-06-26 17:53:04+00:00
2026-06-26T17:54:03+00:00,-46.86,-55.33,-65.11,-62.01,-65.55,-44.65,-52.05,-51.60,-48.52,-47.53,-50.24,-64.11,-59.39,-45.02,-58.36,-48.72,-53.68,2026-06-26 17:54:03+00:00
2026-06-26T17:55:03+00:00,-45.43,-55.71,-65.27,-62.37,-67.05,-44.64,-53.18,-51.73,-48.46,-47.48,-49.99,-64.15,-59.89,-45.10,-58.61,-48.90,-53.23,2026-06-26 17:55:03+00:00
2026-06-26T17:56:04+00:00,-46.48,-55.23,-64.65,-62.74,-66.50,-44.45,-51.62,-51.98,-48.52,-47.80,-50.46,-63.76,-59.68,-45.05,-58.45,-48.77,-53.60,2026-06-26 17:56:04+00:00
2026-06-26T17:57:04+00:00,-45.38,-55.71,-64.90,-61.87,-66.33,-44.56,-52.19,-51.86,-48.88,-47.73,-50.43,-63.96,-59.99,-45.24,-58.48,-48.95,-52.96,2026-06-26 17:57:04+00:00
2026-06-26T17:58:03+00:00,-46.49,-55.55,-65.15,-62.46,-66.84,-44.44,-52.20,-51.82,-48.81,-47.73,-50.44,-63.70,-59.86,-45.11,-58.38,-48.80,-53.57,2026-06-26 17:58:03+00:00
2026-06-26T17:59:03+00:00,-46.38,-55.39,-65.20,-61.91,-66.01,-44.53,-51.89,-51.88,-48.70,-47.98,-50.57,-63.68,-59.83,-45.22,-58.58,-49.01,-53.77,2026-06-26 17:59:03+00:00
2026-06-26T18:00:04+00:00,-46.99,-55.25,-65.27,-62.32,-66.62,-44.59,-51.98,-51.96,-48.87,-47.90,-50.56,-63.82,-60.09,-45.07,-58.42,-49.30,-53.57,2026-06-26 18:00:04+00:00
2026-06-26T18:01:10+00:00,-46.76,-55.26,-65.03,-62.12,-66.02,-44.55,-51.94,-51.99,-49.51,-48.05,-50.70,-63.68,-60.12,-44.98,-58.34,-49.11,-53.57,2026-06-26 18:01:10+00:00
2026-06-26T18:02:03+00:00,-47.22,-55.35,-65.05,-62.39,-66.84,-44.65,-51.74,-51.95,-49.29,-48.00,-50.48,-63.92,-59.87,-44.98,-58.54,-49.54,-53.31,2026-06-26 18:02:03+00:00
2026-06-26T18:03:03+00:00,-46.47,-55.58,-65.02,-62.50,-66.65,-44.69,-52.01,-52.08,-49.08,-48.19,-50.67,-63.95,-59.80,-45.01,-58.89,-49.43,-53.55,2026-06-26 18:03:03+00:00
2026-06-26T18:04:04+00:00,-46.69,-55.53,-64.71,-62.33,-66.55,-44.77,-52.35,-52.11,-49.12,-48.21,-50.54,-63.89,-59.54,-45.15,-58.54,-49.26,-53.43,2026-06-26 18:04:04+00:00
2026-06-26T18:05:03+00:00,-45.99,-55.52,-64.92,-62.41,-66.13,-44.86,-50.72,-52.31,-49.36,-48.31,-51.30,-64.04,-59.44,-45.18,-58.47,-49.73,-53.65,2026-06-26 18:05:03+00:00
2026-06-26T18:06:04+00:00,-46.55,-55.60,-64.79,-62.56,-66.73,-44.84,-51.88,-52.34,-49.44,-48.51,-51.45,-64.15,-59.90,-45.26,-59.04,-49.60,-53.56,2026-06-26 18:06:04+00:00
2026-06-26T18:07:03+00:00,-46.50,-54.96,-65.03,-62.47,-65.86,-44.76,-51.58,-52.32,-49.35,-48.53,-50.54,-64.13,-60.17,-45.16,-59.10,-49.93,-53.59,2026-06-26 18:07:03+00:00
2026-06-26T18:08:03+00:00,-46.39,-55.83,-64.80,-62.44,-66.95,-44.76,-51.11,-52.45,-49.43,-48.44,-51.24,-64.17,-60.17,-45.37,-59.05,-50.40,-53.58,2026-06-26 18:08:03+00:00
2026-06-26T18:09:04+00:00,-46.51,-55.66,-64.95,-62.38,-66.70,-44.93,-51.87,-52.30,-49.57,-48.75,-51.00,-64.23,-60.40,-45.44,-58.97,-50.11,-53.58,2026-06-26 18:09:04+00:00
2026-06-26T18:10:04+00:00,-45.96,-55.56,-63.87,-62.51,-65.77,-44.72,-51.57,-52.41,-49.10,-48.72,-51.28,-64.24,-59.96,-45.56,-58.89,-50.59,-54.05,2026-06-26 18:10:04+00:00
2026-06-26T18:11:03+00:00,-46.52,-55.63,-61.77,-62.54,-66.92,-44.79,-52.25,-52.45,-49.19,-48.70,-50.05,-64.08,-49.91,-45.41,-58.90,-50.38,-53.67,2026-06-26 18:11:03+00:00
2026-06-26T18:12:03+00:00,-46.25,-55.84,-61.92,-62.53,-66.43,-44.71,-52.71,-52.42,-49.17,-48.89,-51.18,-64.04,-49.81,-45.49,-59.17,-50.47,-53.60,2026-06-26 18:12:03+00:00
2026-06-26T18:13:04+00:00,-45.12,-55.51,-61.64,-62.64,-66.44,-44.84,-51.88,-52.62,-50.03,-49.02,-51.71,-64.35,-51.10,-45.57,-59.22,-50.57,-53.63,2026-06-26 18:13:04+00:00
2026-06-26T18:14:04+00:00,-45.76,-55.23,-59.23,-62.78,-65.96,-44.75,-51.99,-53.10,-49.88,-48.82,-50.55,-64.51,-51.13,-45.43,-58.97,-50.33,-53.67,2026-06-26 18:14:04+00:00
2026-06-26T18:15:04+00:00,-45.84,-54.96,-62.63,-62.35,-66.31,-44.90,-52.09,-53.60,-50.02,-48.95,-51.25,-64.29,-51.51,-45.65,-59.10,-50.66,-53.61,2026-06-26 18:15:04+00:00
2026-06-26T18:16:03+00:00,-44.82,-55.20,-61.28,-62.02,-65.91,-44.82,-51.70,-54.04,-50.12,-48.83,-51.12,-64.36,-51.63,-45.76,-59.28,-50.56,-52.94,2026-06-26 18:16:03+00:00
2026-06-26T18:17:03+00:00,-46.08,-56.68,-59.97,-62.54,-66.80,-44.69,-51.84,-54.28,-50.03,-49.15,-50.95,-64.36,-51.48,-45.63,-59.08,-50.41,-53.66,2026-06-26 18:17:03+00:00
2026-06-26T18:18:04+00:00,-46.01,-57.94,-64.45,-62.44,-66.40,-44.60,-52.09,-54.22,-50.07,-49.04,-51.12,-64.56,-51.70,-45.43,-59.40,-50.92,-53.50,2026-06-26 18:18:04+00:00
2026-06-26T18:19:04+00:00,-46.30,-57.36,-64.50,-62.30,-66.21,-44.91,-52.23,-54.46,-50.18,-49.06,-51.03,-64.63,-52.93,-45.68,-59.16,-50.76,-53.68,2026-06-26 18:19:04+00:00
2026-06-26T18:20:03+00:00,-46.20,-57.35,-64.78,-62.73,-65.88,-44.67,-51.71,-54.55,-50.11,-48.96,-51.11,-64.80,-53.45,-45.49,-59.04,-50.88,-53.49,2026-06-26 18:20:03+00:00
2026-06-26T18:21:03+00:00,-46.12,-57.45,-64.64,-62.40,-66.21,-44.72,-51.49,-54.72,-50.25,-49.00,-51.22,-64.68,-52.17,-45.51,-59.18,-50.89,-53.52,2026-06-26 18:21:03+00:00
2026-06-26T18:22:04+00:00,-46.00,-57.49,-64.63,-62.10,-66.05,-45.12,-51.87,-55.12,-50.07,-49.17,-51.26,-64.83,-52.66,-45.60,-59.05,-50.85,-53.44,2026-06-26 18:22:04+00:00
2026-06-26T18:23:04+00:00,-46.08,-57.24,-64.93,-62.18,-66.84,-45.21,-51.74,-55.23,-50.31,-49.19,-51.33,-64.53,-54.86,-45.65,-59.34,-50.74,-53.29,2026-06-26 18:23:04+00:00
2026-06-26T18:24:03+00:00,-46.18,-57.63,-64.54,-62.55,-65.82,-45.05,-51.55,-55.36,-50.35,-49.22,-51.20,-64.40,-54.92,-45.70,-59.44,-50.94,-53.35,2026-06-26 18:24:03+00:00
2026-06-26T18:25:03+00:00,-46.10,-58.16,-64.61,-62.31,-66.60,-44.96,-51.62,-55.35,-50.11,-49.39,-51.44,-64.59,-53.72,-45.59,-59.03,-50.82,-53.43,2026-06-26 18:25:03+00:00
2026-06-26T18:26:04+00:00,-45.83,-57.89,-64.81,-62.15,-66.25,-45.03,-51.40,-55.49,-50.03,-49.24,-51.17,-64.96,-54.34,-45.58,-59.36,-50.83,-53.55,2026-06-26 18:26:04+00:00
2026-06-26T18:27:04+00:00,-45.34,-57.91,-64.91,-62.30,-66.17,-44.99,-51.61,-55.73,-50.01,-49.62,-51.29,-65.29,-54.96,-45.74,-58.96,-50.57,-53.29,2026-06-26 18:27:04+00:00
2026-06-26T18:28:03+00:00,-46.26,-58.10,-64.75,-62.25,-66.46,-45.13,-51.37,-56.00,-49.94,-49.43,-51.35,-65.28,-55.41,-45.85,-59.33,-50.54,-53.47,2026-06-26 18:28:03+00:00
2026-06-26T18:29:03+00:00,-46.29,-57.98,-64.66,-62.55,-67.56,-45.04,-51.21,-56.09,-50.04,-49.37,-51.38,-65.21,-55.78,-45.95,-59.23,-50.47,-51.07,2026-06-26 18:29:03+00:00
2026-06-26T18:30:04+00:00,-46.16,-58.19,-64.80,-62.76,-67.22,-45.13,-52.24,-56.28,-49.88,-49.38,-51.15,-65.09,-55.65,-45.93,-59.38,-50.15,-51.09,2026-06-26 18:30:04+00:00
2026-06-26T18:31:11+00:00,-46.75,-58.11,-64.60,-62.27,-65.45,-45.20,-52.13,-56.46,-49.15,-49.59,-51.18,-65.07,-55.82,-45.74,-59.16,-50.14,-52.00,2026-06-26 18:31:11+00:00
2026-06-26T18:32:04+00:00,-46.75,-58.27,-64.80,-62.56,-65.91,-45.19,-51.11,-56.88,-49.30,-49.44,-51.34,-65.06,-55.81,-45.73,-59.77,-50.02,-51.84,2026-06-26 18:32:04+00:00
2026-06-26T18:33:04+00:00,-46.88,-57.75,-64.58,-62.37,-66.09,-45.01,-51.05,-57.22,-49.40,-49.43,-50.58,-65.18,-55.66,-45.84,-59.19,-50.00,-51.63,2026-06-26 18:33:04+00:00
2026-06-26T18:34:03+00:00,-46.57,-58.27,-64.53,-62.31,-66.47,-45.08,-51.00,-57.70,-49.46,-49.54,-51.21,-65.05,-54.56,-46.19,-59.29,-50.05,-50.80,2026-06-26 18:34:03+00:00
2026-06-26T18:35:03+00:00,-46.54,-57.94,-64.55,-62.19,-66.61,-45.26,-52.09,-57.93,-49.33,-49.55,-51.38,-65.16,-54.38,-46.05,-59.84,-50.01,-52.29,2026-06-26 18:35:03+00:00
2026-06-26T18:36:04+00:00,-46.16,-58.38,-64.58,-62.35,-66.04,-45.12,-50.83,-58.80,-49.47,-49.68,-51.40,-65.18,-56.84,-46.25,-59.30,-49.87,-52.37,2026-06-26 18:36:04+00:00
2026-06-26T18:37:04+00:00,-46.45,-59.79,-64.75,-62.18,-66.49,-45.18,-51.53,-58.98,-49.33,-49.81,-51.27,-65.18,-52.02,-46.34,-59.23,-50.31,-52.46,2026-06-26 18:37:04+00:00
2026-06-26T18:38:03+00:00,-46.17,-59.11,-64.57,-62.23,-67.43,-45.28,-51.83,-59.43,-49.30,-49.61,-51.15,-65.15,-52.55,-46.26,-59.84,-49.99,-52.45,2026-06-26 18:38:03+00:00
2026-06-26T18:39:03+00:00,-46.57,-59.89,-64.88,-62.26,-65.10,-45.37,-51.41,-60.00,-49.42,-49.69,-51.23,-65.34,-52.50,-46.27,-59.18,-49.91,-52.37,2026-06-26 18:39:03+00:00
2026-06-26T18:40:04+00:00,-46.38,-59.46,-64.82,-62.39,-66.35,-45.32,-50.65,-60.97,-49.17,-49.93,-51.21,-65.17,-51.65,-46.26,-59.61,-49.86,-52.90,2026-06-26 18:40:04+00:00
2026-06-26T18:41:03+00:00,-46.82,-59.23,-64.82,-62.47,-66.24,-45.30,-50.52,-60.26,-49.36,-50.07,-51.50,-65.18,-51.53,-46.38,-59.45,-50.11,-52.32,2026-06-26 18:41:03+00:00
2026-06-26T18:42:03+00:00,-47.02,-59.02,-64.53,-62.65,-66.84,-45.49,-51.63,-59.65,-49.27,-49.95,-51.17,-65.22,-51.31,-46.04,-59.51,-49.93,-52.84,2026-06-26 18:42:03+00:00
2026-06-26T18:43:04+00:00,-47.27,-59.47,-64.62,-62.39,-66.25,-45.63,-52.19,-60.40,-49.48,-49.96,-51.40,-65.14,-51.11,-46.32,-59.24,-50.32,-53.76,2026-06-26 18:43:04+00:00
2026-06-26T18:44:04+00:00,-47.65,-59.40,-64.71,-62.63,-65.99,-45.36,-51.95,-60.06,-49.49,-50.12,-51.26,-65.52,-51.06,-46.06,-59.47,-49.71,-51.90,2026-06-26 18:44:04+00:00
2026-06-26T18:45:03+00:00,-48.16,-59.60,-64.61,-62.63,-66.08,-45.75,-51.63,-61.73,-49.28,-50.33,-51.27,-65.22,-50.75,-46.06,-59.23,-50.19,-50.72,2026-06-26 18:45:03+00:00
2026-06-26T18:46:03+00:00,-48.33,-59.81,-64.66,-62.31,-66.26,-45.80,-51.14,-61.73,-50.49,-50.12,-51.08,-65.34,-50.90,-46.11,-59.66,-50.32,-52.76,2026-06-26 18:46:03+00:00
2026-06-26T18:47:04+00:00,-47.76,-59.56,-64.97,-62.29,-66.10,-45.76,-50.95,-61.66,-50.38,-50.06,-51.14,-65.23,-50.85,-45.98,-59.55,-50.45,-52.57,2026-06-26 18:47:04+00:00
2026-06-26T18:48:04+00:00,-48.34,-59.66,-64.88,-62.57,-66.81,-45.68,-50.88,-61.77,-50.36,-50.10,-51.37,-65.24,-50.74,-45.86,-59.24,-50.49,-53.61,2026-06-26 18:48:04+00:00
2026-06-26T18:49:03+00:00,-48.18,-60.13,-65.33,-62.52,-66.40,-45.61,-51.38,-60.94,-50.34,-50.12,-51.41,-65.50,-50.60,-45.88,-59.67,-50.33,-53.50,2026-06-26 18:49:03+00:00
2026-06-26T18:50:04+00:00,-48.32,-59.55,-65.01,-62.46,-65.46,-45.83,-51.19,-61.85,-50.24,-49.84,-51.40,-65.19,-50.47,-45.83,-59.76,-50.27,-53.71,2026-06-26 18:50:04+00:00
2026-06-26T18:51:04+00:00,-46.66,-60.27,-64.87,-61.81,-65.72,-45.74,-50.77,-61.81,-50.05,-49.98,-51.37,-65.17,-50.52,-45.56,-59.43,-50.12,-52.94,2026-06-26 18:51:04+00:00
2026-06-26T18:52:03+00:00,-48.21,-60.17,-64.95,-61.99,-66.31,-45.75,-51.41,-61.32,-50.56,-49.93,-51.41,-66.29,-50.54,-45.56,-59.37,-50.48,-53.47,2026-06-26 18:52:03+00:00
2026-06-26T18:53:03+00:00,-48.58,-59.94,-64.85,-62.36,-65.82,-45.86,-51.83,-61.54,-50.22,-49.92,-51.28,-66.66,-50.43,-45.37,-59.42,-50.62,-53.49,2026-06-26 18:53:03+00:00
2026-06-26T18:54:04+00:00,-48.69,-60.14,-64.86,-62.63,-66.31,-45.96,-51.53,-61.05,-50.24,-49.86,-51.34,-66.76,-50.37,-45.35,-60.14,-50.13,-53.42,2026-06-26 18:54:04+00:00
2026-06-26T18:55:04+00:00,-48.41,-58.88,-63.27,-61.65,-63.25,-45.94,-50.57,-60.80,-50.35,-49.68,-51.43,-64.30,-50.32,-45.06,-58.90,-49.66,-53.36,2026-06-26 18:55:04+00:00
2026-06-26T18:56:03+00:00,-47.38,-59.18,-63.22,-61.24,-61.37,-45.90,-51.59,-61.16,-50.60,-49.89,-51.37,-63.16,-50.31,-44.92,-58.59,-49.90,-53.68,2026-06-26 18:56:03+00:00
2026-06-26T18:57:03+00:00,-47.31,-58.38,-63.00,-61.70,-61.41,-46.02,-52.22,-60.75,-49.84,-49.83,-51.25,-62.99,-50.29,-44.84,-58.96,-49.71,-53.24,2026-06-26 18:57:03+00:00
2026-06-26T18:58:04+00:00,-47.55,-60.01,-63.28,-61.63,-62.68,-46.14,-50.36,-61.13,-49.83,-49.71,-51.34,-63.31,-50.14,-44.79,-58.74,-49.71,-53.30,2026-06-26 18:58:04+00:00
2026-06-26T18:59:04+00:00,-47.47,-59.74,-63.16,-61.26,-61.80,-46.00,-51.30,-60.70,-49.88,-49.59,-51.40,-63.95,-50.27,-44.36,-59.00,-49.19,-53.31,2026-06-26 18:59:04+00:00
2026-06-26T19:00:03+00:00,-47.32,-60.21,-63.36,-61.76,-62.03,-46.10,-52.42,-61.13,-50.41,-49.65,-51.31,-64.33,-50.07,-44.26,-58.79,-49.52,-53.36,2026-06-26 19:00:03+00:00
2026-06-26T19:01:07+00:00,-47.49,-60.84,-63.60,-61.61,-62.61,-46.20,-51.89,-60.89,-49.65,-49.63,-51.35,-64.39,-50.43,-44.33,-58.85,-49.77,-53.51,2026-06-26 19:01:07+00:00
2026-06-26T19:02:03+00:00,-48.01,-60.39,-63.37,-61.43,-61.57,-45.95,-51.18,-60.71,-49.75,-49.61,-51.34,-64.30,-49.96,-44.27,-58.74,-49.23,-52.80,2026-06-26 19:02:03+00:00
2026-06-26T19:03:04+00:00,-48.42,-60.44,-63.46,-61.69,-63.81,-45.59,-51.24,-60.85,-49.57,-49.41,-51.40,-63.79,-50.20,-43.95,-58.81,-49.25,-53.46,2026-06-26 19:03:04+00:00
2026-06-26T19:04:04+00:00,-48.38,-60.19,-63.13,-61.17,-63.39,-45.45,-49.29,-60.34,-49.58,-49.23,-51.16,-63.20,-50.03,-43.86,-58.84,-49.53,-53.33,2026-06-26 19:04:04+00:00
2026-06-26T19:05:03+00:00,-47.11,-60.20,-63.06,-61.24,-63.26,-45.28,-52.03,-59.49,-49.46,-49.26,-50.40,-62.69,-50.20,-43.71,-58.52,-49.29,-53.27,2026-06-26 19:05:03+00:00
2026-06-26T19:06:04+00:00,-46.28,-60.16,-62.63,-60.92,-62.84,-45.82,-50.89,-60.48,-49.40,-49.07,-51.35,-62.11,-50.18,-43.57,-59.05,-49.38,-52.84,2026-06-26 19:06:04+00:00
2026-06-26T19:07:03+00:00,-48.07,-59.36,-62.21,-60.89,-62.24,-45.73,-51.69,-60.49,-49.44,-49.20,-50.75,-62.13,-50.04,-43.53,-58.53,-49.03,-53.24,2026-06-26 19:07:03+00:00
2026-06-26T19:08:03+00:00,-48.15,-59.43,-62.41,-61.09,-62.67,-45.62,-51.93,-60.56,-49.48,-49.27,-49.57,-62.37,-50.02,-43.57,-58.41,-48.83,-53.37,2026-06-26 19:08:03+00:00
2026-06-26T19:09:04+00:00,-47.95,-60.12,-62.52,-60.83,-63.53,-45.55,-50.62,-60.53,-49.39,-49.20,-47.42,-62.00,-50.20,-43.34,-58.76,-49.13,-53.33,2026-06-26 19:09:04+00:00
2026-06-26T19:10:04+00:00,-46.66,-60.29,-62.53,-60.97,-62.95,-45.69,-51.16,-60.38,-49.08,-49.38,-47.25,-62.18,-50.33,-43.08,-58.84,-49.43,-53.33,2026-06-26 19:10:04+00:00
2026-06-26T19:11:03+00:00,-46.81,-59.88,-62.69,-61.13,-63.64,-45.67,-51.55,-60.47,-49.21,-49.20,-46.92,-62.53,-50.08,-43.11,-58.79,-49.67,-53.35,2026-06-26 19:11:03+00:00
2026-06-26T19:12:03+00:00,-46.53,-59.79,-61.98,-60.34,-62.85,-45.62,-51.48,-60.26,-48.71,-49.12,-46.96,-62.31,-50.16,-42.95,-58.42,-49.42,-53.21,2026-06-26 19:12:03+00:00
2026-06-26T19:13:04+00:00,-46.97,-59.78,-62.44,-60.84,-62.08,-45.53,-51.80,-60.46,-48.88,-49.21,-47.21,-62.46,-50.08,-43.12,-58.64,-49.26,-54.07,2026-06-26 19:13:04+00:00
2026-06-26T19:14:04+00:00,-46.65,-59.73,-62.50,-61.04,-63.11,-45.64,-51.43,-60.42,-48.89,-49.05,-47.47,-62.65,-50.32,-42.88,-58.60,-49.78,-53.36,2026-06-26 19:14:04+00:00
2026-06-26T19:15:03+00:00,-46.93,-60.15,-61.45,-60.67,-61.60,-45.57,-51.88,-60.34,-48.95,-48.94,-47.65,-60.06,-50.18,-43.34,-58.33,-49.12,-53.31,2026-06-26 19:15:03+00:00
2026-06-26T19:16:04+00:00,-47.72,-59.45,-62.05,-60.90,-61.83,-45.52,-51.91,-60.39,-48.45,-48.85,-47.92,-61.08,-50.46,-43.04,-58.67,-49.17,-53.30,2026-06-26 19:16:04+00:00
2026-06-26T19:17:04+00:00,-47.13,-59.77,-62.54,-61.31,-63.33,-45.46,-51.01,-60.63,-48.29,-48.85,-47.99,-61.13,-50.28,-43.36,-58.54,-49.32,-53.48,2026-06-26 19:17:04+00:00
2026-06-26T19:18:03+00:00,-47.00,-59.33,-62.43,-61.10,-61.74,-45.70,-51.20,-60.34,-48.23,-48.99,-47.88,-61.06,-50.17,-43.56,-59.01,-49.10,-53.48,2026-06-26 19:18:03+00:00
2026-06-26T19:19:03+00:00,-47.73,-58.97,-62.65,-61.01,-62.34,-45.59,-50.44,-60.47,-48.30,-48.97,-47.85,-62.05,-50.17,-43.50,-58.54,-49.27,-53.37,2026-06-26 19:19:03+00:00
2026-06-26T19:20:04+00:00,-48.05,-59.27,-62.71,-61.48,-62.93,-45.60,-51.62,-60.41,-48.25,-49.03,-47.92,-62.41,-50.41,-43.28,-58.68,-49.23,-53.34,2026-06-26 19:20:04+00:00
2026-06-26T19:21:04+00:00,-48.31,-59.43,-62.11,-61.27,-63.24,-45.61,-51.83,-60.47,-48.38,-49.06,-47.75,-61.46,-50.41,-43.40,-58.68,-48.98,-53.34,2026-06-26 19:21:04+00:00
2026-06-26T19:22:03+00:00,-48.00,-59.23,-62.58,-60.92,-62.36,-45.74,-51.04,-60.46,-48.45,-49.29,-47.81,-61.74,-50.32,-43.28,-58.80,-49.37,-53.37,2026-06-26 19:22:03+00:00
2026-06-26T19:23:03+00:00,-47.90,-59.59,-63.11,-61.79,-63.18,-45.59,-50.75,-60.71,-48.51,-49.26,-48.04,-62.53,-50.31,-43.18,-58.98,-49.82,-53.38,2026-06-26 19:23:03+00:00
2026-06-26T19:24:04+00:00,-46.81,-59.50,-62.55,-61.12,-62.85,-45.65,-50.77,-60.91,-48.15,-49.21,-47.82,-61.95,-50.12,-42.84,-58.81,-49.31,-53.42,2026-06-26 19:24:04+00:00
2026-06-26T19:25:04+00:00,-46.56,-59.28,-62.48,-61.41,-61.96,-45.58,-50.50,-60.50,-48.55,-49.23,-48.04,-61.77,-50.36,-42.68,-58.56,-48.83,-53.42,2026-06-26 19:25:04+00:00
2026-06-26T19:26:03+00:00,-46.70,-59.17,-62.64,-61.53,-61.84,-45.74,-50.30,-60.92,-48.01,-49.55,-47.92,-62.30,-50.10,-42.79,-58.50,-48.76,-53.47,2026-06-26 19:26:03+00:00
2026-06-26T19:27:03+00:00,-47.18,-60.26,-63.15,-61.71,-61.93,-45.75,-51.41,-60.98,-48.42,-49.88,-48.06,-62.42,-50.25,-42.67,-58.92,-48.57,-53.96,2026-06-26 19:27:03+00:00
2026-06-26T19:28:04+00:00,-46.89,-60.26,-62.23,-61.44,-61.29,-45.72,-51.41,-60.47,-48.90,-49.89,-48.01,-60.01,-50.15,-42.36,-58.23,-48.80,-54.01,2026-06-26 19:28:04+00:00
2026-06-26T19:29:04+00:00,-47.50,-60.27,-62.99,-61.54,-62.39,-45.71,-50.78,-60.82,-48.67,-50.12,-47.72,-61.99,-50.14,-41.88,-58.58,-48.62,-53.56,2026-06-26 19:29:04+00:00
2026-06-26T19:30:03+00:00,-47.24,-59.53,-62.52,-61.22,-62.43,-45.72,-51.85,-60.34,-48.14,-50.25,-47.85,-61.62,-50.07,-41.64,-58.79,-48.49,-53.11,2026-06-26 19:30:03+00:00
2026-06-26T19:31:12+00:00,-48.01,-59.56,-62.23,-61.39,-62.59,-45.78,-52.76,-60.77,-49.03,-50.39,-47.90,-60.97,-50.19,-41.59,-58.85,-48.56,-53.59,2026-06-26 19:31:12+00:00
2026-06-26T19:32:03+00:00,-46.88,-60.03,-62.18,-61.52,-61.54,-45.87,-52.79,-60.94,-51.57,-50.73,-48.05,-61.17,-50.13,-41.42,-58.80,-48.80,-53.45,2026-06-26 19:32:03+00:00
2026-06-26T19:33:03+00:00,-47.77,-59.82,-62.13,-60.93,-61.51,-45.86,-52.29,-60.93,-49.37,-50.98,-48.01,-60.81,-50.19,-41.25,-58.21,-48.35,-53.44,2026-06-26 19:33:03+00:00
2026-06-26T19:34:04+00:00,-48.77,-58.82,-62.05,-60.93,-62.30,-45.91,-51.91,-61.01,-49.26,-51.18,-48.12,-60.49,-50.30,-41.43,-58.46,-48.65,-53.46,2026-06-26 19:34:04+00:00
2026-06-26T19:35:03+00:00,-48.45,-59.66,-62.70,-61.66,-61.43,-45.93,-52.80,-60.53,-49.38,-51.67,-48.20,-62.08,-50.21,-41.38,-58.32,-48.71,-53.79,2026-06-26 19:35:03+00:00
2026-06-26T19:36:04+00:00,-46.75,-59.36,-63.03,-61.54,-63.31,-45.81,-51.34,-61.15,-48.99,-51.47,-48.29,-62.33,-50.19,-41.17,-58.62,-48.17,-53.59,2026-06-26 19:36:04+00:00
2026-06-26T19:37:03+00:00,-47.91,-59.27,-62.05,-61.42,-61.57,-45.72,-51.73,-60.81,-49.15,-51.94,-48.36,-60.64,-50.02,-40.97,-58.38,-48.25,-53.67,2026-06-26 19:37:03+00:00
2026-06-26T19:38:03+00:00,-46.93,-59.41,-62.13,-61.50,-62.87,-45.89,-52.47,-61.19,-49.13,-52.23,-48.30,-60.49,-50.07,-41.15,-58.14,-47.95,-53.57,2026-06-26 19:38:03+00:00
2026-06-26T19:39:04+00:00,-45.72,-60.27,-62.22,-61.37,-63.92,-45.91,-52.00,-61.05,-47.58,-52.75,-48.31,-60.71,-50.12,-40.97,-58.61,-48.03,-53.53,2026-06-26 19:39:04+00:00
2026-06-26T19:40:04+00:00,-45.99,-59.86,-62.28,-61.17,-63.15,-45.73,-51.91,-61.04,-48.01,-52.84,-48.06,-60.78,-50.22,-40.96,-58.52,-48.31,-53.59,2026-06-26 19:40:04+00:00
2026-06-26T19:41:03+00:00,-46.32,-59.45,-62.15,-60.91,-61.41,-45.79,-51.87,-61.02,-47.76,-52.77,-48.17,-61.57,-49.98,-40.75,-58.40,-49.02,-53.93,2026-06-26 19:41:03+00:00
2026-06-26T19:42:03+00:00,-46.73,-60.02,-62.96,-61.83,-63.63,-45.90,-52.08,-61.74,-47.76,-53.61,-48.26,-62.17,-50.02,-40.86,-58.45,-49.13,-52.99,2026-06-26 19:42:03+00:00
2026-06-26T19:43:04+00:00,-47.05,-59.52,-62.34,-61.15,-61.81,-45.95,-51.92,-61.78,-49.72,-53.70,-48.36,-60.99,-50.08,-40.62,-58.11,-49.16,-53.48,2026-06-26 19:43:04+00:00
2026-06-26T19:44:04+00:00,-47.88,-60.16,-62.55,-61.34,-61.49,-45.90,-52.14,-61.80,-54.46,-54.00,-48.32,-60.93,-50.23,-40.02,-58.26,-49.00,-53.50,2026-06-26 19:44:04+00:00
2026-06-26T19:45:03+00:00,-48.43,-60.02,-62.35,-61.64,-63.47,-45.94,-52.11,-62.07,-54.78,-54.48,-48.33,-60.98,-50.26,-39.69,-58.69,-49.26,-53.49,2026-06-26 19:45:03+00:00
2026-06-26T19:46:03+00:00,-48.15,-60.45,-62.49,-61.23,-62.41,-45.88,-52.21,-61.76,-54.39,-54.80,-48.38,-60.88,-50.24,-39.78,-58.40,-48.30,-53.47,2026-06-26 19:46:03+00:00
2026-06-26T19:47:04+00:00,-48.31,-60.40,-62.24,-61.32,-62.11,-45.87,-51.90,-61.37,-48.57,-54.93,-48.34,-59.55,-50.02,-39.42,-58.15,-48.04,-53.33,2026-06-26 19:47:04+00:00
2026-06-26T19:48:04+00:00,-48.00,-60.15,-63.10,-61.38,-63.53,-45.84,-51.93,-61.72,-50.31,-54.57,-47.93,-62.33,-50.39,-39.16,-57.64,-48.27,-53.48,2026-06-26 19:48:04+00:00
2026-06-26T19:49:03+00:00,-49.10,-60.59,-62.64,-61.49,-62.24,-45.96,-51.62,-61.77,-48.33,-54.67,-48.34,-60.88,-50.06,-38.94,-58.16,-48.76,-54.15,2026-06-26 19:49:03+00:00
2026-06-26T19:50:03+00:00,-49.57,-60.19,-63.15,-61.37,-62.18,-45.97,-51.50,-61.76,-50.79,-55.06,-48.43,-62.81,-50.17,-39.01,-57.99,-49.35,-53.47,2026-06-26 19:50:03+00:00
2026-06-26T19:51:04+00:00,-50.40,-60.22,-63.04,-61.68,-63.16,-46.01,-51.51,-61.41,-50.75,-56.50,-48.33,-61.83,-50.13,-38.71,-57.73,-49.54,-53.47,2026-06-26 19:51:04+00:00
2026-06-26T19:52:03+00:00,-51.35,-60.06,-62.49,-61.01,-62.26,-45.89,-51.22,-61.42,-50.79,-56.29,-48.38,-61.76,-50.24,-38.73,-57.39,-49.75,-53.56,2026-06-26 19:52:03+00:00
2026-06-26T19:53:03+00:00,-51.22,-59.94,-62.36,-61.04,-62.02,-45.93,-51.34,-61.25,-50.75,-56.14,-48.85,-60.47,-49.95,-38.55,-57.73,-49.85,-53.60,2026-06-26 19:53:03+00:00
2026-06-26T19:54:04+00:00,-50.19,-59.38,-62.16,-61.36,-62.52,-45.77,-51.35,-61.17,-50.83,-56.04,-48.94,-60.46,-50.38,-38.68,-57.54,-49.72,-53.37,2026-06-26 19:54:04+00:00
2026-06-26T19:55:04+00:00,-50.42,-59.66,-62.57,-61.27,-62.17,-45.94,-51.34,-61.35,-50.58,-55.80,-48.64,-60.66,-50.13,-38.63,-57.25,-49.96,-53.46,2026-06-26 19:55:04+00:00
2026-06-26T19:56:03+00:00,-50.06,-58.90,-63.09,-61.57,-61.39,-45.90,-51.29,-61.25,-50.49,-56.09,-48.80,-61.88,-50.27,-38.55,-57.31,-49.80,-53.29,2026-06-26 19:56:03+00:00
2026-06-26T19:57:03+00:00,-49.85,-59.22,-62.87,-60.98,-61.58,-45.87,-51.43,-61.29,-50.62,-55.72,-48.71,-62.11,-49.97,-38.73,-56.98,-49.99,-53.50,2026-06-26 19:57:03+00:00
2026-06-26T19:58:04+00:00,-49.31,-59.47,-62.55,-61.16,-61.92,-45.87,-51.57,-61.20,-50.73,-55.59,-48.78,-60.94,-50.07,-38.51,-56.73,-50.10,-53.51,2026-06-26 19:58:04+00:00
2026-06-26T19:59:04+00:00,-49.34,-59.66,-62.63,-61.24,-61.68,-45.65,-51.39,-61.26,-50.65,-55.39,-48.76,-61.11,-50.11,-38.50,-56.77,-51.16,-53.63,2026-06-26 19:59:04+00:00
2026-06-26T20:00:03+00:00,-48.93,-59.79,-62.47,-60.94,-62.09,-45.78,-51.47,-61.05,-50.80,-55.10,-48.81,-61.18,-50.07,-38.50,-56.57,-51.73,-53.34,2026-06-26 20:00:03+00:00
2026-06-26T20:01:08+00:00,-49.13,-59.99,-62.72,-61.40,-61.52,-45.60,-51.71,-61.44,-49.96,-54.57,-48.75,-61.32,-50.16,-38.54,-56.51,-51.93,-53.63,2026-06-26 20:01:08+00:00
2026-06-26T20:02:04+00:00,-49.04,-58.70,-62.78,-61.44,-62.50,-45.44,-51.71,-60.99,-49.94,-54.09,-48.80,-60.34,-50.37,-38.27,-55.96,-53.00,-53.95,2026-06-26 20:02:04+00:00
2026-06-26T20:03:04+00:00,-49.28,-58.79,-62.69,-61.05,-62.23,-45.51,-51.68,-61.10,-49.91,-53.44,-48.69,-62.10,-50.43,-38.14,-56.17,-53.16,-53.34,2026-06-26 20:03:04+00:00
2026-06-26T20:04:04+00:00,-49.29,-58.95,-62.33,-61.09,-63.16,-45.62,-51.76,-60.90,-49.86,-53.00,-48.85,-61.16,-50.40,-38.15,-55.97,-53.77,-53.54,2026-06-26 20:04:04+00:00
2026-06-26T20:05:03+00:00,-49.38,-58.96,-62.76,-61.46,-62.17,-45.69,-51.33,-60.97,-49.89,-53.18,-48.65,-61.18,-50.36,-38.43,-55.68,-54.02,-53.71,2026-06-26 20:05:03+00:00
2026-06-26T20:06:04+00:00,-49.65,-57.62,-63.21,-61.20,-62.73,-45.42,-51.15,-60.61,-53.36,-52.67,-48.61,-60.55,-50.39,-38.65,-55.26,-55.09,-53.51,2026-06-26 20:06:04+00:00
2026-06-26T20:07:03+00:00,-49.62,-58.87,-64.16,-61.92,-62.97,-45.61,-51.39,-61.41,-53.52,-52.32,-48.71,-61.35,-50.43,-38.65,-55.62,-53.95,-53.75,2026-06-26 20:07:03+00:00
2026-06-26T20:08:03+00:00,-49.06,-58.76,-64.20,-61.44,-60.86,-45.59,-51.65,-61.09,-53.29,-51.69,-48.72,-59.81,-50.36,-38.92,-55.63,-53.71,-53.73,2026-06-26 20:08:03+00:00
2026-06-26T20:09:04+00:00,-49.74,-59.55,-65.09,-61.14,-62.78,-45.65,-51.84,-61.33,-53.64,-51.39,-48.71,-62.33,-50.33,-38.85,-55.70,-54.82,-54.23,2026-06-26 20:09:04+00:00
2026-06-26T20:10:04+00:00,-49.31,-59.27,-65.30,-61.38,-64.20,-45.72,-51.79,-61.40,-53.58,-51.18,-48.67,-62.43,-50.20,-38.85,-55.02,-54.63,-53.71,2026-06-26 20:10:04+00:00
2026-06-26T20:11:04+00:00,-48.69,-59.37,-63.48,-61.16,-62.30,-45.52,-52.03,-60.98,-49.73,-50.52,-48.75,-61.72,-50.24,-38.95,-55.12,-53.49,-53.68,2026-06-26 20:11:04+00:00
2026-06-26T20:12:03+00:00,-49.74,-59.54,-64.05,-60.94,-62.43,-45.58,-51.89,-61.05,-49.10,-50.28,-48.70,-61.67,-50.48,-39.01,-55.07,-52.06,-53.54,2026-06-26 20:12:03+00:00
2026-06-26T20:13:03+00:00,-49.58,-59.62,-64.25,-61.43,-63.27,-45.65,-51.86,-61.38,-49.27,-49.49,-48.64,-62.29,-50.45,-38.72,-55.19,-51.06,-53.67,2026-06-26 20:13:03+00:00
2026-06-26T20:14:04+00:00,-49.74,-59.25,-63.06,-61.14,-62.23,-45.73,-51.92,-61.20,-53.12,-49.25,-48.71,-62.36,-50.35,-38.73,-54.87,-50.86,-53.65,2026-06-26 20:14:04+00:00
2026-06-26T20:15:04+00:00,-48.42,-59.12,-61.65,-60.91,-63.14,-45.43,-51.64,-61.09,-52.96,-49.04,-48.54,-61.83,-50.26,-38.88,-55.08,-50.32,-53.40,2026-06-26 20:15:04+00:00
2026-06-26T20:16:03+00:00,-48.67,-59.02,-63.77,-61.18,-63.06,-45.42,-51.66,-61.46,-55.18,-48.70,-48.82,-62.11,-50.14,-38.97,-55.05,-50.71,-53.99,2026-06-26 20:16:03+00:00
2026-06-26T20:17:04+00:00,-48.46,-59.34,-63.38,-61.11,-62.58,-45.37,-51.66,-60.94,-54.92,-48.42,-48.69,-61.35,-50.13,-38.92,-54.75,-49.57,-53.82,2026-06-26 20:17:04+00:00
2026-06-26T20:18:04+00:00,-48.54,-58.77,-61.32,-60.98,-61.22,-45.61,-51.44,-60.89,-55.10,-48.07,-48.73,-61.02,-49.97,-39.54,-54.51,-49.39,-53.84,2026-06-26 20:18:04+00:00
2026-06-26T20:19:04+00:00,-49.13,-59.51,-63.38,-61.20,-63.37,-45.44,-51.69,-61.28,-55.12,-47.81,-48.74,-62.16,-50.02,-39.51,-55.04,-49.36,-54.03,2026-06-26 20:19:04+00:00
2026-06-26T20:20:03+00:00,-49.21,-59.03,-61.97,-61.40,-61.65,-45.68,-51.24,-60.55,-50.74,-47.54,-48.79,-61.96,-50.06,-39.32,-55.07,-52.16,-54.39,2026-06-26 20:20:03+00:00
2026-06-26T20:21:03+00:00,-48.79,-59.08,-61.83,-61.07,-62.56,-45.56,-51.25,-60.59,-50.61,-47.20,-48.81,-61.75,-49.97,-39.98,-55.03,-53.38,-54.21,2026-06-26 20:21:03+00:00
2026-06-26T20:22:04+00:00,-48.99,-59.46,-62.32,-61.65,-63.31,-45.71,-51.21,-60.95,-50.61,-46.91,-48.90,-62.38,-50.03,-39.94,-54.50,-54.09,-54.30,2026-06-26 20:22:04+00:00
2026-06-26T20:23:04+00:00,-48.86,-58.63,-62.11,-61.22,-63.04,-45.74,-51.61,-60.95,-50.79,-47.04,-49.60,-62.71,-49.93,-39.55,-54.63,-53.05,-54.34,2026-06-26 20:23:04+00:00
2026-06-26T20:24:03+00:00,-48.84,-59.10,-62.15,-61.25,-62.80,-45.73,-51.80,-61.36,-50.90,-46.79,-49.74,-63.07,-49.86,-39.39,-54.21,-52.96,-54.38,2026-06-26 20:24:03+00:00
2026-06-26T20:25:04+00:00,-48.92,-59.30,-62.35,-61.62,-62.47,-45.76,-51.81,-61.27,-50.91,-46.32,-49.72,-63.14,-49.86,-39.22,-54.89,-54.74,-54.27,2026-06-26 20:25:04+00:00
2026-06-26T20:26:04+00:00,-48.54,-58.84,-62.37,-60.86,-63.32,-45.72,-51.80,-60.87,-50.87,-46.13,-49.56,-62.77,-49.77,-39.40,-54.73,-54.02,-54.23,2026-06-26 20:26:04+00:00
2026-06-26T20:27:03+00:00,-48.06,-58.72,-62.33,-61.42,-61.95,-45.43,-52.14,-60.89,-50.68,-45.93,-49.78,-62.71,-49.74,-39.58,-54.64,-53.33,-54.00,2026-06-26 20:27:03+00:00
2026-06-26T20:28:03+00:00,-48.31,-58.25,-62.66,-61.14,-62.45,-45.36,-52.02,-60.62,-50.71,-45.77,-49.69,-62.92,-50.01,-39.91,-54.55,-52.79,-53.89,2026-06-26 20:28:03+00:00
2026-06-26T20:29:04+00:00,-49.13,-58.58,-62.52,-61.41,-62.29,-45.35,-51.94,-60.60,-51.25,-45.72,-49.62,-62.97,-49.85,-40.04,-54.15,-51.16,-54.10,2026-06-26 20:29:04+00:00
2026-06-26T20:30:04+00:00,-49.25,-58.08,-62.70,-61.36,-60.54,-45.30,-51.92,-60.63,-55.69,-45.56,-49.51,-59.34,-49.79,-39.93,-54.44,-51.72,-53.89,2026-06-26 20:30:04+00:00
2026-06-26T20:31:13+00:00,-48.78,-56.78,-61.77,-61.24,-62.72,-45.30,-52.05,-60.90,-55.51,-45.50,-49.52,-62.09,-49.80,-39.74,-54.42,-51.70,-54.12,2026-06-26 20:31:13+00:00
2026-06-26T20:32:04+00:00,-49.77,-56.65,-63.13,-61.22,-62.15,-45.46,-51.34,-61.18,-54.85,-45.44,-49.25,-60.30,-49.75,-39.30,-54.78,-51.09,-54.07,2026-06-26 20:32:04+00:00
2026-06-26T20:33:04+00:00,-49.32,-59.02,-62.73,-61.23,-61.96,-45.70,-51.27,-60.98,-54.34,-45.30,-49.33,-59.75,-49.88,-39.06,-53.80,-53.79,-53.94,2026-06-26 20:33:04+00:00
2026-06-26T20:34:04+00:00,-49.60,-58.42,-63.47,-61.20,-61.90,-45.51,-60.84,-61.25,-54.41,-45.21,-49.50,-62.90,-49.78,-39.56,-53.96,-52.36,-54.08,2026-06-26 20:34:04+00:00
2026-06-26T20:35:04+00:00,-48.99,-57.33,-62.91,-61.54,-62.39,-45.21,-51.02,-61.09,-49.79,-45.02,-49.48,-60.11,-49.75,-39.57,-54.53,-52.88,-53.95,2026-06-26 20:35:04+00:00
2026-06-26T20:36:04+00:00,-48.90,-57.91,-64.51,-61.23,-61.81,-44.76,-51.25,-60.91,-49.71,-44.84,-49.47,-62.43,-49.59,-39.85,-54.27,-54.07,-53.98,2026-06-26 20:36:04+00:00
2026-06-26T20:37:03+00:00,-49.13,-58.01,-64.87,-61.47,-61.95,-44.97,-51.26,-61.00,-49.75,-44.70,-49.36,-62.91,-49.60,-40.20,-54.42,-54.05,-53.87,2026-06-26 20:37:03+00:00
2026-06-26T20:38:03+00:00,-49.63,-58.16,-62.89,-61.52,-62.62,-44.76,-51.05,-60.90,-54.23,-44.74,-49.38,-59.58,-49.45,-39.90,-54.41,-54.21,-53.90,2026-06-26 20:38:03+00:00
2026-06-26T20:39:04+00:00,-49.94,-58.42,-62.74,-60.99,-62.52,-44.06,-50.82,-61.06,-53.67,-44.10,-49.32,-59.91,-49.29,-39.95,-53.99,-51.52,-53.89,2026-06-26 20:39:04+00:00
2026-06-26T20:40:04+00:00,-49.56,-58.47,-63.19,-61.31,-61.84,-44.64,-51.52,-60.73,-54.16,-44.19,-49.29,-59.42,-49.23,-40.28,-54.20,-51.17,-54.05,2026-06-26 20:40:04+00:00
2026-06-26T20:41:03+00:00,-49.45,-58.52,-63.74,-61.39,-63.51,-44.67,-51.30,-61.03,-54.30,-43.85,-49.26,-61.29,-49.14,-40.76,-54.38,-51.54,-54.09,2026-06-26 20:41:03+00:00
2026-06-26T20:42:03+00:00,-49.28,-58.04,-63.97,-61.62,-62.97,-44.62,-51.24,-60.63,-55.10,-44.08,-49.36,-62.50,-49.86,-41.06,-54.42,-50.04,-54.20,2026-06-26 20:42:03+00:00
2026-06-26T20:43:04+00:00,-49.19,-57.94,-63.36,-60.99,-63.06,-44.45,-51.11,-61.10,-53.93,-44.16,-49.29,-59.83,-51.77,-40.91,-54.74,-49.09,-54.42,2026-06-26 20:43:04+00:00
2026-06-26T20:44:04+00:00,-48.72,-58.32,-63.36,-61.42,-63.82,-44.16,-51.60,-61.10,-53.83,-44.36,-49.15,-59.63,-50.62,-40.02,-54.46,-47.75,-54.62,2026-06-26 20:44:04+00:00
2026-06-26T20:45:03+00:00,-49.24,-57.88,-63.00,-61.55,-62.90,-44.25,-51.09,-60.99,-50.89,-44.40,-49.16,-61.42,-50.33,-40.08,-54.40,-48.04,-54.25,2026-06-26 20:45:03+00:00
2026-06-26T20:46:03+00:00,-49.22,-58.03,-63.26,-61.12,-61.67,-44.37,-51.16,-61.02,-51.10,-45.02,-49.39,-63.05,-49.31,-40.30,-54.75,-48.45,-54.50,2026-06-26 20:46:03+00:00
2026-06-26T20:47:04+00:00,-49.51,-58.05,-62.62,-61.53,-61.11,-44.04,-51.12,-61.17,-51.28,-44.94,-49.30,-61.19,-49.29,-40.12,-54.72,-49.75,-54.46,2026-06-26 20:47:04+00:00
2026-06-26T20:48:04+00:00,-49.66,-58.66,-63.39,-61.57,-61.04,-44.10,-51.37,-61.30,-51.40,-45.44,-49.45,-63.68,-49.43,-40.14,-54.93,-49.11,-53.73,2026-06-26 20:48:04+00:00
2026-06-26T20:49:03+00:00,-49.85,-58.11,-63.12,-61.28,-61.62,-44.33,-48.68,-60.80,-51.19,-45.87,-49.60,-61.68,-49.30,-39.85,-55.04,-47.12,-53.66,2026-06-26 20:49:03+00:00
2026-06-26T20:50:04+00:00,-49.59,-58.18,-63.03,-61.85,-62.83,-44.50,-50.98,-58.36,-51.13,-46.20,-48.98,-61.80,-49.31,-39.69,-54.92,-46.35,-54.49,2026-06-26 20:50:04+00:00
2026-06-26T20:51:04+00:00,-48.93,-58.51,-63.20,-61.13,-61.69,-44.77,-52.57,-60.87,-51.23,-46.88,-49.49,-62.96,-49.42,-39.99,-55.32,-46.76,-54.10,2026-06-26 20:51:04+00:00
2026-06-26T20:52:04+00:00,-49.37,-58.70,-63.37,-61.18,-61.72,-44.71,-46.00,-61.22,-51.26,-46.86,-49.53,-63.18,-49.33,-40.03,-55.07,-46.88,-54.29,2026-06-26 20:52:04+00:00
2026-06-26T20:53:03+00:00,-49.00,-58.38,-63.97,-61.46,-63.34,-44.96,-51.18,-61.05,-51.11,-47.46,-49.48,-63.78,-49.10,-40.03,-55.97,-47.53,-54.17,2026-06-26 20:53:03+00:00
2026-06-26T20:54:03+00:00,-48.83,-58.67,-63.81,-61.45,-62.02,-44.78,-51.43,-60.81,-51.38,-48.59,-49.46,-63.39,-49.04,-39.75,-56.37,-48.11,-53.64,2026-06-26 20:54:03+00:00
2026-06-26T20:55:04+00:00,-50.39,-58.51,-63.40,-61.36,-62.11,-44.92,-51.16,-60.55,-51.96,-48.42,-49.60,-63.61,-48.83,-40.06,-56.06,-47.48,-54.28,2026-06-26 20:55:04+00:00
2026-06-26T20:56:04+00:00,-50.09,-58.11,-66.19,-61.62,-62.63,-44.53,-51.07,-60.77,-57.26,-49.42,-49.65,-63.43,-48.81,-40.78,-56.45,-47.36,-54.49,2026-06-26 20:56:04+00:00
2026-06-26T20:57:03+00:00,-49.05,-58.26,-65.90,-61.57,-62.30,-44.79,-50.99,-61.28,-57.30,-49.80,-49.56,-63.53,-48.87,-40.53,-56.67,-47.03,-53.74,2026-06-26 20:57:03+00:00
2026-06-26T20:58:03+00:00,-48.80,-58.17,-65.61,-61.23,-62.39,-44.85,-50.99,-60.99,-57.40,-49.88,-49.77,-63.15,-48.76,-40.37,-57.45,-46.16,-54.03,2026-06-26 20:58:03+00:00
2026-06-26T20:59:04+00:00,-48.70,-58.23,-65.55,-61.44,-61.79,-44.38,-51.01,-61.04,-57.82,-50.32,-49.69,-63.42,-48.84,-40.67,-57.51,-44.86,-54.21,2026-06-26 20:59:04+00:00
2026-06-26T21:00:04+00:00,-49.11,-58.41,-66.03,-61.41,-63.08,-44.32,-51.27,-61.11,-61.28,-50.13,-49.80,-63.19,-48.86,-41.19,-57.91,-42.86,-54.49,2026-06-26 21:00:04+00:00
2026-06-26T21:01:10+00:00,-49.97,-58.63,-65.07,-61.46,-62.15,-44.54,-51.24,-61.23,-51.45,-50.01,-49.76,-63.23,-48.74,-41.18,-57.54,-42.83,-53.76,2026-06-26 21:01:10+00:00
2026-06-26T21:02:03+00:00,-49.92,-58.04,-64.46,-61.30,-61.67,-44.52,-51.06,-61.12,-51.33,-50.35,-49.92,-62.68,-48.55,-41.36,-57.85,-43.32,-54.38,2026-06-26 21:02:03+00:00
2026-06-26T21:03:04+00:00,-50.09,-58.69,-65.56,-61.83,-61.33,-44.51,-51.15,-61.27,-50.75,-50.36,-49.91,-63.12,-48.53,-40.80,-57.66,-43.50,-54.30,2026-06-26 21:03:04+00:00
2026-06-26T21:04:04+00:00,-50.45,-58.59,-63.83,-61.61,-61.65,-44.42,-51.08,-60.45,-56.02,-50.65,-49.84,-62.94,-48.64,-41.27,-57.01,-43.20,-54.52,2026-06-26 21:04:04+00:00
2026-06-26T21:05:03+00:00,-50.01,-58.51,-63.49,-61.69,-62.31,-44.69,-51.15,-61.27,-55.24,-51.18,-49.87,-63.08,-48.55,-41.23,-56.81,-43.33,-54.04,2026-06-26 21:05:03+00:00
2026-06-26T21:06:03+00:00,-49.42,-58.88,-64.90,-61.58,-62.64,-44.70,-50.96,-61.05,-55.25,-51.58,-50.04,-62.83,-48.31,-40.95,-57.42,-43.28,-54.34,2026-06-26 21:06:03+00:00
2026-06-26T21:07:04+00:00,-49.08,-59.45,-64.39,-61.76,-62.40,-44.43,-51.14,-61.32,-55.35,-52.23,-50.01,-63.27,-48.37,-41.35,-56.75,-43.29,-54.40,2026-06-26 21:07:04+00:00
2026-06-26T21:08:04+00:00,-50.40,-59.32,-63.80,-61.08,-61.53,-44.38,-51.23,-61.33,-55.25,-52.52,-49.96,-63.03,-48.26,-42.14,-56.61,-43.63,-53.94,2026-06-26 21:08:04+00:00
2026-06-26T21:09:03+00:00,-50.61,-58.50,-63.43,-61.36,-62.89,-44.62,-51.06,-61.01,-51.58,-52.22,-50.06,-63.27,-48.29,-42.74,-56.69,-43.32,-54.26,2026-06-26 21:09:03+00:00
2026-06-26T21:10:03+00:00,-50.39,-59.05,-63.28,-61.33,-62.49,-44.42,-51.10,-61.29,-51.21,-53.01,-49.87,-63.34,-48.24,-42.96,-56.75,-43.00,-54.08,2026-06-26 21:10:03+00:00
2026-06-26T21:11:04+00:00,-50.18,-58.57,-63.47,-61.52,-62.98,-44.58,-51.00,-61.13,-51.23,-53.08,-49.92,-63.27,-48.08,-42.71,-57.06,-42.98,-54.57,2026-06-26 21:11:04+00:00
2026-06-26T21:12:04+00:00,-50.53,-59.34,-63.73,-61.74,-63.41,-44.58,-51.14,-61.46,-49.00,-53.45,-49.99,-63.29,-48.23,-43.38,-56.10,-43.03,-54.68,2026-06-26 21:12:04+00:00
2026-06-26T21:13:04+00:00,-50.55,-58.96,-63.40,-61.55,-62.98,-44.59,-51.20,-61.33,-49.03,-52.06,-49.86,-63.31,-48.03,-43.35,-55.65,-43.36,-54.54,2026-06-26 21:13:04+00:00
2026-06-26T21:14:03+00:00,-50.66,-59.16,-63.53,-61.25,-62.61,-44.34,-51.01,-61.32,-49.01,-51.60,-49.88,-63.41,-48.01,-43.07,-55.55,-43.96,-54.70,2026-06-26 21:14:03+00:00
2026-06-26T21:15:03+00:00,-49.48,-58.89,-63.86,-61.76,-63.79,-44.41,-50.96,-61.40,-48.87,-51.02,-49.91,-63.72,-48.11,-43.47,-55.37,-42.20,-53.88,2026-06-26 21:15:03+00:00
2026-06-26T21:16:04+00:00,-49.28,-58.93,-63.78,-61.39,-62.10,-44.45,-50.87,-61.45,-49.01,-51.34,-49.93,-64.27,-47.95,-43.42,-55.16,-42.49,-54.56,2026-06-26 21:16:04+00:00
2026-06-26T21:17:04+00:00,-49.05,-57.80,-63.07,-61.43,-63.18,-44.30,-50.95,-60.70,-49.00,-50.98,-49.95,-62.45,-47.60,-43.25,-54.55,-42.73,-53.73,2026-06-26 21:17:04+00:00
2026-06-26T21:18:03+00:00,-49.51,-58.47,-63.52,-61.32,-62.05,-44.40,-50.83,-61.39,-48.99,-51.36,-49.69,-64.50,-47.52,-43.30,-54.60,-42.05,-54.02,2026-06-26 21:18:03+00:00
2026-06-26T21:19:04+00:00,-49.50,-58.89,-65.61,-61.14,-61.53,-44.21,-50.89,-61.40,-50.47,-50.90,-49.85,-64.27,-47.36,-43.59,-54.59,-42.02,-54.38,2026-06-26 21:19:04+00:00
2026-06-26T21:20:04+00:00,-49.52,-59.35,-65.70,-61.16,-62.33,-44.27,-50.84,-61.34,-50.79,-49.90,-49.80,-64.00,-47.32,-43.52,-54.94,-42.29,-54.40,2026-06-26 21:20:04+00:00
2026-06-26T21:21:04+00:00,-49.58,-59.66,-65.93,-61.44,-62.94,-44.40,-51.02,-61.24,-50.82,-48.86,-49.96,-64.18,-47.20,-43.80,-53.35,-43.44,-54.81,2026-06-26 21:21:04+00:00
2026-06-26T21:22:03+00:00,-49.50,-59.70,-65.78,-61.27,-61.30,-43.65,-50.45,-59.65,-50.91,-48.30,-49.62,-64.03,-46.92,-44.16,-53.14,-43.01,-54.04,2026-06-26 21:22:03+00:00
2026-06-26T21:23:03+00:00,-49.19,-58.51,-65.49,-61.29,-61.91,-44.30,-50.88,-61.03,-50.69,-47.48,-49.80,-63.67,-47.05,-44.51,-53.04,-43.06,-54.36,2026-06-26 21:23:03+00:00
2026-06-26T21:24:04+00:00,-48.98,-58.73,-66.24,-61.82,-62.52,-44.34,-51.02,-61.66,-50.74,-47.69,-49.85,-63.59,-47.11,-45.46,-52.80,-43.11,-54.36,2026-06-26 21:24:04+00:00
2026-06-26T21:25:04+00:00,-49.23,-58.59,-64.12,-61.52,-61.24,-44.37,-50.99,-61.14,-48.32,-47.25,-49.90,-62.60,-47.22,-45.64,-51.65,-43.89,-53.80,2026-06-26 21:25:04+00:00
2026-06-26T21:26:03+00:00,-49.64,-59.16,-65.18,-61.25,-61.89,-44.48,-50.96,-61.80,-48.96,-47.08,-49.97,-63.24,-47.25,-46.35,-52.13,-44.33,-54.60,2026-06-26 21:26:03+00:00
2026-06-26T21:27:03+00:00,-49.50,-58.67,-65.22,-61.53,-62.49,-44.68,-50.91,-62.87,-50.34,-46.03,-50.08,-63.21,-47.21,-46.07,-52.44,-43.73,-54.48,2026-06-26 21:27:03+00:00
2026-06-26T21:28:04+00:00,-49.49,-58.74,-63.51,-61.87,-60.79,-44.62,-50.99,-62.12,-54.31,-46.06,-49.92,-63.11,-47.28,-45.75,-52.69,-43.81,-53.67,2026-06-26 21:28:04+00:00
2026-06-26T21:29:04+00:00,-49.59,-59.19,-63.87,-61.61,-61.98,-44.52,-50.97,-62.64,-54.34,-45.71,-49.82,-63.31,-47.10,-45.50,-51.99,-44.82,-54.40,2026-06-26 21:29:04+00:00
2026-06-26T21:30:03+00:00,-49.63,-58.12,-64.48,-61.88,-61.81,-44.40,-50.92,-62.40,-54.80,-45.63,-49.87,-63.11,-47.01,-45.81,-51.10,-44.16,-54.50,2026-06-26 21:30:03+00:00
2026-06-26T21:31:12+00:00,-49.82,-58.39,-63.15,-61.19,-61.37,-44.56,-50.89,-62.44,-54.42,-45.46,-49.91,-62.74,-46.97,-45.81,-51.26,-44.23,-54.52,2026-06-26 21:31:12+00:00
2026-06-26T21:32:03+00:00,-49.97,-58.11,-64.35,-61.48,-62.52,-44.30,-50.84,-62.53,-54.34,-45.23,-49.81,-63.64,-46.93,-45.64,-50.92,-44.53,-54.50,2026-06-26 21:32:03+00:00
2026-06-26T21:33:04+00:00,-49.53,-58.14,-63.58,-61.47,-61.91,-44.40,-50.92,-62.01,-50.74,-44.54,-49.83,-63.29,-47.07,-45.42,-50.95,-42.17,-54.67,2026-06-26 21:33:04+00:00
2026-06-26T21:34:04+00:00,-49.21,-58.03,-63.50,-61.38,-61.90,-44.57,-50.67,-62.75,-50.83,-44.25,-49.83,-63.68,-46.95,-45.25,-50.64,-42.17,-54.49,2026-06-26 21:34:04+00:00
2026-06-26T21:35:03+00:00,-49.57,-57.80,-62.53,-61.69,-62.33,-44.41,-51.03,-62.24,-51.04,-43.57,-53.20,-63.50,-47.05,-45.68,-50.45,-42.59,-54.05,2026-06-26 21:35:03+00:00
2026-06-26T21:36:03+00:00,-49.20,-57.49,-63.70,-61.22,-62.95,-44.06,-50.77,-62.82,-51.06,-43.98,-53.19,-63.00,-47.11,-45.42,-50.39,-42.31,-54.86,2026-06-26 21:36:03+00:00
2026-06-26T21:37:03+00:00,-49.00,-58.03,-63.61,-61.46,-62.19,-44.38,-50.81,-62.70,-51.13,-44.01,-52.50,-63.62,-47.21,-45.10,-49.92,-41.33,-54.54,2026-06-26 21:37:03+00:00
2026-06-26T21:38:04+00:00,-48.44,-58.03,-63.49,-61.24,-61.39,-44.40,-50.84,-62.49,-51.04,-43.68,-53.05,-63.96,-47.15,-44.60,-49.06,-42.16,-54.67,2026-06-26 21:38:04+00:00
2026-06-26T21:39:04+00:00,-48.27,-57.24,-62.96,-61.22,-62.80,-44.58,-50.98,-61.68,-51.03,-44.00,-53.15,-63.29,-47.22,-44.94,-49.27,-42.19,-54.20,2026-06-26 21:39:04+00:00
2026-06-26T21:40:03+00:00,-48.91,-58.34,-63.69,-61.56,-62.55,-44.38,-50.82,-62.21,-51.18,-43.56,-53.01,-62.34,-47.35,-44.71,-49.26,-42.51,-54.63,2026-06-26 21:40:03+00:00
2026-06-26T21:41:03+00:00,-48.99,-58.18,-63.51,-61.40,-62.36,-44.61,-50.87,-62.81,-51.13,-43.24,-53.02,-62.74,-47.42,-44.66,-48.97,-42.85,-54.08,2026-06-26 21:41:03+00:00
2026-06-26T21:42:04+00:00,-48.15,-57.90,-63.68,-61.59,-62.93,-44.60,-50.86,-62.50,-51.14,-42.94,-53.03,-61.63,-47.12,-44.08,-48.69,-42.73,-54.83,2026-06-26 21:42:04+00:00
2026-06-26T21:43:04+00:00,-48.26,-58.14,-62.59,-61.37,-62.02,-44.75,-50.63,-62.42,-51.23,-42.63,-53.10,-62.50,-47.12,-43.87,-48.57,-43.24,-54.73,2026-06-26 21:43:04+00:00
2026-06-26T21:44:03+00:00,-48.88,-58.65,-63.88,-61.82,-61.88,-44.76,-49.14,-62.01,-54.87,-42.59,-53.16,-63.03,-47.18,-43.40,-48.50,-43.08,-54.80,2026-06-26 21:44:03+00:00
2026-06-26T21:45:03+00:00,-48.80,-58.74,-63.04,-61.35,-62.22,-44.40,-50.46,-58.76,-54.79,-42.29,-51.96,-62.23,-46.99,-43.06,-48.50,-42.07,-54.41,2026-06-26 21:45:03+00:00
2026-06-26T21:46:04+00:00,-48.84,-59.74,-63.15,-61.57,-62.25,-44.74,-50.59,-62.46,-54.95,-42.72,-53.18,-62.77,-47.01,-43.41,-48.51,-40.96,-54.28,2026-06-26 21:46:04+00:00
2026-06-26T21:47:04+00:00,-48.89,-59.63,-62.77,-61.38,-62.19,-44.71,-50.59,-62.49,-54.89,-42.56,-53.09,-62.30,-46.98,-43.75,-48.22,-39.97,-54.70,2026-06-26 21:47:04+00:00
2026-06-26T21:48:03+00:00,-48.77,-58.99,-62.94,-61.62,-62.64,-44.72,-50.71,-62.30,-54.88,-42.64,-53.03,-62.61,-46.97,-43.03,-48.25,-39.73,-54.27,2026-06-26 21:48:03+00:00
2026-06-26T21:49:03+00:00,-48.84,-57.77,-62.11,-61.23,-62.93,-44.95,-50.54,-61.93,-50.61,-42.64,-53.02,-61.61,-46.80,-43.71,-48.61,-39.80,-54.56,2026-06-26 21:49:03+00:00
2026-06-26T21:50:04+00:00,-49.38,-59.16,-63.65,-61.54,-61.21,-44.46,-50.31,-62.27,-50.04,-41.60,-52.89,-61.59,-46.95,-43.86,-48.31,-39.85,-54.66,2026-06-26 21:50:04+00:00
2026-06-26T21:51:04+00:00,-50.01,-58.76,-64.24,-61.60,-63.91,-44.73,-50.28,-61.99,-50.19,-41.74,-52.84,-61.24,-46.83,-44.57,-48.74,-39.90,-54.41,2026-06-26 21:51:04+00:00
2026-06-26T21:52:03+00:00,-49.37,-58.68,-63.76,-61.93,-62.05,-44.44,-50.30,-62.09,-54.33,-41.95,-52.75,-60.56,-46.96,-44.19,-48.60,-39.30,-54.25,2026-06-26 21:52:03+00:00
2026-06-26T21:53:03+00:00,-50.15,-58.79,-63.66,-61.49,-61.94,-44.85,-56.59,-62.79,-54.25,-41.47,-52.88,-60.38,-47.33,-44.47,-48.52,-40.32,-54.47,2026-06-26 21:53:03+00:00
2026-06-26T21:54:04+00:00,-50.35,-58.68,-63.94,-61.85,-63.25,-44.70,-46.90,-62.14,-54.66,-41.34,-52.72,-60.70,-47.28,-44.86,-48.33,-40.61,-54.12,2026-06-26 21:54:04+00:00
2026-06-26T21:55:04+00:00,-50.26,-58.40,-64.25,-61.90,-63.00,-44.50,-50.51,-61.35,-54.24,-42.11,-52.81,-60.86,-47.08,-44.76,-48.35,-40.29,-54.00,2026-06-26 21:55:04+00:00
2026-06-26T21:56:03+00:00,-49.65,-58.43,-63.82,-61.74,-62.22,-44.63,-50.26,-61.92,-50.55,-42.12,-52.70,-61.18,-47.16,-44.70,-47.98,-39.32,-54.60,2026-06-26 21:56:03+00:00
2026-06-26T21:57:03+00:00,-49.37,-59.35,-64.11,-61.41,-63.06,-44.83,-50.28,-62.56,-50.35,-42.30,-52.85,-62.60,-46.88,-44.74,-48.43,-38.87,-54.09,2026-06-26 21:57:03+00:00
2026-06-26T21:58:04+00:00,-49.11,-58.75,-63.33,-61.48,-61.62,-44.72,-50.25,-61.31,-49.41,-41.83,-52.79,-62.36,-46.97,-44.92,-48.48,-38.83,-54.23,2026-06-26 21:58:04+00:00
2026-06-26T21:59:04+00:00,-49.47,-58.49,-63.02,-61.65,-62.69,-44.86,-50.25,-62.30,-48.87,-42.54,-52.87,-62.35,-47.13,-44.99,-48.07,-38.20,-54.59,2026-06-26 21:59:04+00:00
2026-06-26T22:00:03+00:00,-48.65,-58.43,-62.97,-61.41,-62.25,-45.01,-50.50,-62.02,-48.86,-42.44,-52.93,-62.61,-47.36,-44.85,-47.74,-38.93,-54.23,2026-06-26 22:00:03+00:00
2026-06-26T22:01:16+00:00,-48.67,-58.62,-62.76,-61.44,-63.01,-44.62,-50.17,-61.55,-48.77,-42.05,-52.57,-62.37,-47.16,-45.53,-47.72,-39.37,-54.10,2026-06-26 22:01:16+00:00
2026-06-26T22:02:04+00:00,-49.42,-58.85,-64.60,-61.42,-62.22,-44.85,-50.01,-61.63,-50.70,-41.45,-52.92,-62.71,-47.17,-45.99,-47.82,-39.82,-54.67,2026-06-26 22:02:04+00:00
2026-06-26T22:03:04+00:00,-48.90,-59.40,-64.88,-61.59,-63.65,-44.52,-47.80,-61.51,-50.60,-41.29,-52.55,-62.69,-47.00,-45.35,-47.91,-39.60,-54.70,2026-06-26 22:03:04+00:00
2026-06-26T22:04:03+00:00,-49.10,-58.00,-63.12,-61.21,-62.74,-44.67,-50.49,-58.84,-50.79,-41.17,-51.42,-59.65,-47.13,-44.60,-47.41,-39.52,-53.95,2026-06-26 22:04:03+00:00
2026-06-26T22:05:03+00:00,-49.54,-58.37,-65.08,-61.66,-61.72,-44.78,-50.28,-61.77,-50.35,-41.07,-52.58,-61.69,-46.92,-44.84,-47.18,-38.84,-54.52,2026-06-26 22:05:03+00:00
2026-06-26T22:06:03+00:00,-49.30,-58.32,-64.33,-61.58,-63.89,-44.72,-50.43,-60.90,-50.10,-40.98,-52.57,-60.56,-46.99,-45.62,-47.75,-38.98,-54.72,2026-06-26 22:06:03+00:00
2026-06-26T22:07:03+00:00,-49.66,-58.78,-63.80,-61.79,-61.86,-44.79,-50.29,-62.12,-49.00,-41.38,-52.51,-61.21,-46.88,-46.33,-47.39,-39.19,-54.66,2026-06-26 22:07:03+00:00
2026-06-26T22:08:03+00:00,-49.75,-57.59,-62.63,-61.27,-62.77,-44.89,-50.08,-61.30,-48.13,-40.99,-52.43,-59.81,-47.22,-46.21,-47.67,-39.54,-54.70,2026-06-26 22:08:03+00:00
2026-06-26T22:09:04+00:00,-49.95,-58.50,-63.71,-61.57,-61.73,-44.88,-50.25,-61.45,-48.07,-40.86,-52.45,-61.09,-47.13,-46.13,-47.01,-39.50,-54.46,2026-06-26 22:09:04+00:00
2026-06-26T22:10:03+00:00,-49.55,-59.43,-63.82,-61.52,-61.63,-44.74,-50.57,-61.59,-48.62,-40.28,-52.37,-61.12,-46.96,-47.02,-46.52,-39.82,-54.08,2026-06-26 22:10:03+00:00
2026-06-26T22:11:03+00:00,-49.58,-59.91,-62.33,-61.34,-62.64,-44.78,-50.49,-61.96,-52.89,-40.35,-52.55,-61.94,-47.15,-47.37,-46.86,-40.06,-52.83,2026-06-26 22:11:03+00:00
2026-06-26T22:12:04+00:00,-49.53,-59.74,-62.70,-61.70,-61.60,-44.85,-50.43,-62.21,-52.64,-40.40,-52.75,-61.92,-47.30,-46.81,-46.72,-40.02,-54.54,2026-06-26 22:12:04+00:00
2026-06-26T22:13:04+00:00,-49.69,-58.39,-62.19,-61.48,-62.13,-45.06,-50.46,-60.39,-52.99,-40.92,-52.56,-61.92,-47.38,-47.66,-46.16,-39.57,-52.47,2026-06-26 22:13:04+00:00
2026-06-26T22:14:04+00:00,-49.87,-58.86,-61.88,-61.60,-61.79,-44.97,-50.60,-62.17,-52.69,-40.70,-52.53,-61.99,-47.41,-49.55,-46.10,-39.05,-54.11,2026-06-26 22:14:04+00:00
2026-06-26T22:15:03+00:00,-48.53,-59.10,-61.12,-61.38,-62.44,-45.25,-50.36,-61.99,-50.00,-41.01,-52.31,-62.02,-47.50,-50.47,-46.16,-38.76,-52.71,2026-06-26 22:15:03+00:00
2026-06-26T22:16:04+00:00,-48.49,-58.86,-61.39,-61.75,-62.96,-45.13,-50.54,-61.84,-50.10,-40.48,-52.37,-62.22,-47.53,-48.95,-46.14,-38.40,-53.58,2026-06-26 22:16:04+00:00
2026-06-26T22:17:04+00:00,-45.70,-58.63,-61.11,-61.72,-62.36,-45.04,-50.56,-61.60,-49.97,-41.32,-52.26,-62.02,-47.29,-49.39,-46.63,-37.76,-54.11,2026-06-26 22:17:04+00:00
2026-06-26T22:18:03+00:00,-45.81,-58.38,-61.38,-61.63,-63.68,-45.02,-50.49,-61.84,-50.03,-41.17,-52.31,-60.56,-47.38,-51.15,-46.84,-38.01,-52.53,2026-06-26 22:18:03+00:00
2026-06-26T22:19:03+00:00,-48.87,-56.91,-61.04,-61.94,-61.17,-45.29,-50.42,-62.16,-49.93,-41.38,-52.21,-62.19,-47.66,-51.87,-47.10,-38.39,-54.55,2026-06-26 22:19:03+00:00
2026-06-26T22:20:04+00:00,-49.17,-56.84,-61.14,-61.40,-62.06,-45.31,-50.44,-61.72,-50.77,-41.10,-52.29,-61.85,-47.56,-52.61,-47.06,-39.28,-52.62,2026-06-26 22:20:04+00:00
2026-06-26T22:21:04+00:00,-48.87,-59.25,-61.20,-61.67,-62.76,-45.16,-50.31,-62.20,-50.83,-40.89,-52.49,-62.32,-46.80,-52.72,-47.12,-38.79,-52.54,2026-06-26 22:21:04+00:00
2026-06-26T22:22:03+00:00,-48.60,-58.23,-60.86,-61.90,-61.48,-45.12,-50.40,-62.09,-50.81,-40.38,-52.35,-61.99,-46.15,-52.95,-47.69,-37.71,-54.19,2026-06-26 22:22:03+00:00
2026-06-26T22:23:04+00:00,-48.50,-59.20,-61.16,-61.35,-62.34,-45.14,-50.41,-61.83,-50.84,-40.95,-52.40,-62.14,-46.11,-54.34,-47.68,-37.10,-54.44,2026-06-26 22:23:04+00:00
2026-06-26T22:24:04+00:00,-48.67,-59.93,-60.40,-61.71,-62.44,-45.35,-50.32,-62.45,-50.94,-40.59,-52.48,-62.54,-45.95,-55.77,-47.71,-37.24,-52.55,2026-06-26 22:24:04+00:00
2026-06-26T22:25:03+00:00,-48.84,-58.82,-60.16,-61.79,-62.23,-45.23,-50.33,-62.01,-50.77,-39.88,-52.28,-61.96,-45.84,-54.68,-47.41,-36.74,-54.57,2026-06-26 22:25:03+00:00
2026-06-26T22:26:03+00:00,-48.51,-58.49,-60.05,-61.71,-61.74,-45.06,-50.38,-61.79,-50.97,-39.38,-52.35,-61.82,-45.81,-57.20,-46.99,-37.29,-52.95,2026-06-26 22:26:03+00:00
2026-06-26T22:27:04+00:00,-48.14,-59.40,-62.40,-61.54,-62.48,-44.73,-50.38,-61.49,-54.64,-39.72,-52.30,-60.08,-45.31,-53.40,-47.21,-37.22,-52.70,2026-06-26 22:27:04+00:00
2026-06-26T22:28:04+00:00,-48.54,-59.65,-62.41,-61.39,-62.48,-44.95,-50.26,-61.97,-54.54,-39.84,-52.29,-58.72,-45.13,-52.22,-46.89,-37.45,-52.68,2026-06-26 22:28:04+00:00
2026-06-26T22:29:03+00:00,-48.44,-59.97,-62.44,-61.78,-62.13,-45.17,-50.49,-62.10,-54.36,-39.56,-52.41,-60.10,-45.18,-53.73,-46.70,-38.08,-53.09,2026-06-26 22:29:03+00:00
2026-06-26T22:30:03+00:00,-48.69,-57.54,-62.51,-61.77,-62.49,-45.18,-50.27,-61.91,-54.48,-39.05,-52.20,-60.20,-45.25,-53.26,-46.68,-37.90,-54.63,2026-06-26 22:30:03+00:00
2026-06-26T22:31:15+00:00,-48.84,-56.71,-61.62,-61.40,-62.64,-45.63,-50.15,-61.80,-54.52,-39.28,-51.99,-59.94,-45.36,-52.30,-46.61,-37.48,-54.15,2026-06-26 22:31:15+00:00
2026-06-26T22:32:04+00:00,-49.46,-57.56,-61.75,-61.20,-62.85,-45.97,-50.49,-62.14,-50.67,-39.45,-52.02,-59.91,-45.40,-51.01,-46.37,-37.18,-54.41,2026-06-26 22:32:04+00:00
2026-06-26T22:33:04+00:00,-49.78,-56.27,-62.06,-61.36,-63.09,-45.79,-50.75,-62.80,-50.37,-39.46,-52.26,-60.31,-45.66,-52.83,-46.15,-36.69,-54.61,2026-06-26 22:33:04+00:00
2026-06-26T22:34:04+00:00,-49.54,-57.25,-61.91,-61.77,-62.05,-46.01,-50.59,-62.03,-50.28,-38.95,-52.37,-61.38,-45.72,-53.88,-45.62,-36.26,-54.69,2026-06-26 22:34:04+00:00
2026-06-26T22:35:03+00:00,-49.15,-58.26,-61.71,-61.32,-62.22,-46.12,-50.44,-62.34,-54.62,-39.76,-52.17,-61.23,-45.61,-55.04,-45.95,-36.10,-52.57,2026-06-26 22:35:03+00:00
2026-06-26T22:36:04+00:00,-49.42,-59.70,-61.05,-61.15,-61.95,-46.02,-50.73,-62.44,-54.23,-39.58,-52.14,-60.75,-45.55,-54.27,-45.39,-36.80,-52.80,2026-06-26 22:36:04+00:00
2026-06-26T22:37:04+00:00,-49.41,-59.20,-61.27,-61.47,-62.54,-46.01,-50.94,-62.67,-54.47,-39.45,-52.33,-61.95,-45.60,-54.64,-45.65,-37.30,-53.95,2026-06-26 22:37:04+00:00
2026-06-26T22:38:04+00:00,-50.06,-60.16,-61.92,-61.32,-62.54,-45.93,-51.00,-62.54,-54.93,-39.42,-52.48,-61.75,-46.01,-57.85,-45.88,-37.53,-53.91,2026-06-26 22:38:04+00:00
2026-06-26T22:39:03+00:00,-48.64,-58.79,-61.02,-61.23,-61.82,-45.87,-48.64,-62.08,-53.28,-39.66,-52.20,-62.19,-45.94,-58.73,-45.55,-37.78,-53.86,2026-06-26 22:39:03+00:00
2026-06-26T22:40:04+00:00,-48.12,-58.10,-60.84,-61.45,-62.27,-45.82,-50.88,-60.36,-50.44,-40.20,-51.43,-62.16,-45.72,-56.68,-45.68,-37.88,-52.71,2026-06-26 22:40:04+00:00
2026-06-26T22:41:04+00:00,-47.91,-59.77,-60.57,-61.35,-61.54,-46.01,-50.95,-61.87,-48.57,-40.10,-52.70,-62.18,-46.58,-54.72,-45.84,-37.93,-52.66,2026-06-26 22:41:04+00:00
2026-06-26T22:42:03+00:00,-47.95,-59.12,-60.31,-61.42,-62.23,-45.93,-50.79,-61.60,-48.63,-40.06,-52.68,-62.05,-46.80,-50.51,-46.44,-37.37,-52.65,2026-06-26 22:42:03+00:00
2026-06-26T22:43:03+00:00,-48.29,-59.83,-60.36,-61.29,-61.08,-46.07,-50.96,-62.43,-48.78,-41.00,-52.66,-62.31,-47.03,-49.40,-46.03,-37.12,-52.59,2026-06-26 22:43:03+00:00
2026-06-26T22:44:04+00:00,-48.39,-58.98,-60.55,-61.13,-62.86,-45.99,-50.92,-62.01,-48.81,-41.37,-52.52,-62.36,-46.86,-48.94,-45.67,-37.34,-54.50,2026-06-26 22:44:04+00:00
2026-06-26T22:45:04+00:00,-48.52,-57.67,-60.38,-61.04,-61.23,-46.12,-50.93,-61.47,-48.91,-41.16,-52.47,-61.72,-47.18,-48.23,-45.42,-37.48,-52.54,2026-06-26 22:45:04+00:00
2026-06-26T22:46:03+00:00,-48.38,-59.64,-60.93,-61.40,-61.68,-46.05,-51.07,-62.81,-48.88,-40.69,-52.73,-63.11,-47.22,-48.63,-45.38,-37.81,-53.32,2026-06-26 22:46:03+00:00
2026-06-26T22:47:03+00:00,-48.62,-59.41,-60.94,-61.15,-62.72,-45.78,-50.85,-61.69,-48.79,-40.25,-52.88,-62.76,-47.09,-47.38,-45.60,-37.79,-52.49,2026-06-26 22:47:03+00:00
2026-06-26T22:48:04+00:00,-48.72,-58.86,-60.54,-61.11,-61.19,-45.68,-50.85,-61.17,-48.83,-39.81,-52.52,-62.36,-47.03,-46.61,-45.55,-37.58,-54.30,2026-06-26 22:48:04+00:00
2026-06-26T22:49:04+00:00,-48.41,-57.72,-60.34,-61.08,-62.28,-45.79,-50.83,-62.26,-48.91,-39.28,-52.73,-62.08,-47.02,-46.75,-45.48,-37.39,-54.35,2026-06-26 22:49:04+00:00
2026-06-26T22:50:03+00:00,-48.72,-60.01,-60.80,-61.21,-61.73,-45.68,-50.93,-62.66,-48.19,-38.68,-52.72,-63.13,-47.01,-46.72,-45.46,-37.39,-54.33,2026-06-26 22:50:03+00:00
2026-06-26T22:51:04+00:00,-48.54,-58.95,-60.38,-61.59,-62.31,-45.75,-50.88,-62.36,-48.33,-38.99,-52.72,-62.06,-46.94,-46.48,-45.20,-37.69,-53.78,2026-06-26 22:51:04+00:00
2026-06-26T22:52:04+00:00,-49.02,-57.91,-62.82,-61.19,-62.23,-45.75,-50.90,-62.59,-50.17,-39.01,-52.64,-62.73,-47.35,-46.71,-44.79,-37.57,-53.72,2026-06-26 22:52:04+00:00
2026-06-26T22:53:03+00:00,-46.69,-59.44,-62.62,-61.17,-62.41,-45.59,-50.96,-60.68,-50.23,-38.89,-51.66,-62.81,-47.17,-47.55,-44.36,-37.04,-52.85,2026-06-26 22:53:03+00:00
2026-06-26T22:54:03+00:00,-46.55,-59.50,-63.35,-61.31,-62.44,-45.86,-51.02,-62.91,-50.17,-38.96,-52.67,-61.26,-46.25,-48.59,-44.17,-37.32,-54.50,2026-06-26 22:54:03+00:00
2026-06-26T22:55:03+00:00,-46.49,-60.01,-63.72,-61.27,-62.55,-45.74,-50.97,-61.42,-50.15,-39.40,-52.63,-61.14,-47.29,-49.85,-44.30,-37.15,-54.07,2026-06-26 22:55:03+00:00
2026-06-26T22:56:04+00:00,-48.60,-58.29,-62.80,-61.08,-61.54,-45.81,-50.95,-62.11,-53.30,-39.63,-52.24,-60.12,-47.82,-50.79,-44.41,-37.01,-52.54,2026-06-26 22:56:04+00:00
2026-06-26T22:57:04+00:00,-48.69,-60.41,-64.63,-61.44,-61.64,-46.00,-50.94,-62.54,-53.70,-40.56,-52.48,-60.81,-48.94,-54.02,-44.59,-36.71,-54.10,2026-06-26 22:57:04+00:00
2026-06-26T22:58:03+00:00,-48.84,-59.27,-63.37,-61.34,-62.56,-45.73,-50.81,-62.52,-50.03,-40.83,-52.38,-60.59,-49.19,-54.10,-45.23,-36.13,-52.88,2026-06-26 22:58:03+00:00
2026-06-26T22:59:04+00:00,-48.48,-58.34,-62.79,-61.18,-61.48,-45.85,-50.87,-61.65,-49.95,-41.66,-52.02,-60.28,-48.91,-51.62,-45.45,-36.07,-53.83,2026-06-26 22:59:04+00:00
2026-06-26T23:00:04+00:00,-48.53,-59.75,-64.75,-61.94,-62.40,-45.96,-50.93,-63.01,-49.99,-41.22,-52.24,-61.58,-49.08,-52.03,-46.17,-36.17,-54.82,2026-06-26 23:00:04+00:00
2026-06-26T23:01:17+00:00,0,0,0,0,0,0,0,0,0,0,0,0,0,0,0,0,-40,2026-06-26 23:01:17+00:00
2026-06-26T23:02:03+00:00,-48.52,-58.58,-62.95,-61.36,-61.15,-45.78,-51.16,-62.79,-53.41,-41.44,-52.41,-62.43,-48.19,-54.16,-46.09,-36.64,-54.62,2026-06-26 23:02:03+00:00
2026-06-26T23:03:04+00:00,-47.94,-59.65,-63.52,-61.43,-61.74,-45.75,-50.93,-62.96,-53.52,-41.66,-51.86,-62.10,-47.62,-53.89,-45.74,-36.65,-54.56,2026-06-26 23:03:04+00:00
2026-06-26T23:04:04+00:00,-48.14,-56.85,-63.16,-61.07,-62.86,-45.64,-50.93,-62.13,-53.32,-42.13,-52.05,-61.16,-47.73,-50.08,-45.72,-36.99,-53.70,2026-06-26 23:04:04+00:00
2026-06-26T23:05:04+00:00,-48.10,-59.42,-63.18,-61.14,-61.19,-45.74,-50.96,-61.95,-54.81,-42.36,-51.29,-62.44,-48.68,-48.86,-45.39,-36.94,-54.17,2026-06-26 23:05:04+00:00
2026-06-26T23:06:03+00:00,-48.35,-58.82,-63.29,-61.29,-61.31,-45.82,-51.10,-62.48,-52.24,-42.51,-51.58,-62.66,-48.82,-48.13,-45.63,-36.29,-54.65,2026-06-26 23:06:03+00:00
2026-06-26T23:07:03+00:00,-48.72,-58.83,-63.04,-61.34,-61.21,-45.74,-50.58,-62.64,-52.20,-42.18,-51.68,-62.44,-48.56,-47.97,-45.94,-36.14,-52.54,2026-06-26 23:07:03+00:00
2026-06-26T23:08:04+00:00,-48.66,-56.77,-61.90,-61.16,-61.24,-44.87,-49.64,-60.87,-51.12,-41.87,-51.89,-60.12,-47.88,-47.69,-46.27,-36.36,-52.70,2026-06-26 23:08:04+00:00
2026-06-26T23:09:04+00:00,-48.89,-59.78,-62.84,-61.30,-61.67,-45.64,-50.74,-62.27,-51.27,-42.71,-51.49,-59.81,-48.12,-46.62,-46.07,-37.27,-52.34,2026-06-26 23:09:04+00:00
2026-06-26T23:10:03+00:00,-48.87,-60.83,-62.91,-61.36,-61.31,-45.85,-50.88,-61.49,-51.27,-42.85,-51.47,-59.12,-48.01,-46.08,-45.92,-37.64,-53.96,2026-06-26 23:10:03+00:00
2026-06-26T23:11:03+00:00,-48.87,-58.55,-64.60,-61.47,-61.78,-45.77,-50.86,-62.48,-55.38,-43.26,-52.22,-58.87,-48.81,-46.23,-46.12,-37.85,-54.21,2026-06-26 23:11:03+00:00
2026-06-26T23:12:04+00:00,-48.83,-58.78,-64.23,-61.35,-62.13,-45.87,-50.87,-62.15,-55.43,-42.51,-52.09,-58.88,-48.89,-46.02,-46.03,-39.41,-51.69,2026-06-26 23:12:04+00:00
2026-06-26T23:13:04+00:00,-48.88,-57.16,-64.42,-61.21,-61.73,-45.95,-50.98,-62.32,-55.40,-42.89,-52.16,-58.91,-49.02,-44.61,-46.25,-40.14,-54.10,2026-06-26 23:13:04+00:00
2026-06-26T23:14:03+00:00,-48.80,-56.62,-63.57,-61.51,-61.89,-45.75,-50.97,-60.55,-55.41,-41.44,-52.06,-59.09,-48.97,-44.36,-46.45,-40.03,-52.50,2026-06-26 23:14:03+00:00
2026-06-26T23:15:04+00:00,-49.64,-59.25,-64.61,-61.45,-61.06,-46.00,-50.90,-62.27,-55.65,-41.45,-51.67,-59.32,-48.24,-44.52,-46.65,-40.39,-53.96,2026-06-26 23:15:04+00:00
2026-06-26T23:16:04+00:00,-49.71,-59.12,-64.02,-61.23,-62.42,-45.82,-50.92,-61.87,-50.99,-41.73,-51.43,-59.20,-48.74,-44.31,-46.57,-39.73,-52.69,2026-06-26 23:16:04+00:00
2026-06-26T23:17:04+00:00,-49.00,-58.61,-62.73,-61.31,-61.31,-45.92,-50.94,-61.66,-50.68,-41.66,-51.37,-59.04,-48.53,-43.77,-46.67,-38.99,-53.71,2026-06-26 23:17:04+00:00
2026-06-26T23:18:03+00:00,-49.24,-59.92,-64.00,-61.50,-62.29,-45.70,-50.89,-62.28,-50.84,-41.41,-51.51,-59.45,-48.85,-44.20,-46.88,-38.34,-53.91,2026-06-26 23:18:03+00:00
2026-06-26T23:19:04+00:00,-49.47,-56.37,-63.20,-61.25,-61.04,-45.75,-50.94,-62.26,-55.38,-41.22,-51.90,-59.30,-49.06,-44.23,-46.52,-38.39,-53.98,2026-06-26 23:19:04+00:00
2026-06-26T23:20:04+00:00,-48.94,-57.78,-61.61,-61.07,-61.09,-45.75,-50.80,-60.33,-54.12,-41.53,-51.91,-58.50,-49.02,-44.51,-45.95,-38.27,-52.28,2026-06-26 23:20:04+00:00
2026-06-26T23:21:03+00:00,-49.84,-57.31,-63.51,-61.12,-62.77,-45.75,-50.73,-62.55,-54.39,-41.62,-54.61,-60.49,-49.28,-45.16,-45.81,-38.26,-54.10,2026-06-26 23:21:03+00:00
2026-06-26T23:22:03+00:00,-48.52,-59.60,-63.26,-61.06,-62.96,-45.82,-50.69,-62.48,-54.43,-41.94,-54.43,-60.96,-49.15,-45.13,-45.73,-38.71,-52.76,2026-06-26 23:22:03+00:00
2026-06-26T23:23:04+00:00,-48.41,-59.27,-63.45,-61.18,-62.53,-45.55,-50.67,-60.25,-54.92,-41.78,-51.73,-60.99,-48.80,-44.49,-45.62,-38.44,-52.16,2026-06-26 23:23:04+00:00
2026-06-26T23:24:04+00:00,-48.18,-58.43,-63.55,-61.04,-61.81,-45.90,-50.64,-62.30,-54.96,-41.66,-53.65,-60.85,-49.10,-44.08,-45.80,-37.66,-54.24,2026-06-26 23:24:04+00:00
2026-06-26T23:25:03+00:00,-48.32,-58.42,-63.13,-61.30,-62.20,-45.99,-50.60,-62.47,-52.04,-41.84,-53.96,-61.56,-49.31,-44.83,-46.62,-37.48,-53.69,2026-06-26 23:25:03+00:00
2026-06-26T23:26:03+00:00,-47.44,-59.40,-63.10,-60.95,-62.71,-46.29,-50.69,-62.89,-49.07,-41.48,-53.41,-62.15,-49.51,-44.61,-47.04,-36.85,-54.04,2026-06-26 23:26:03+00:00
2026-06-26T23:27:04+00:00,-47.49,-57.31,-63.20,-61.28,-62.27,-50.28,-50.77,-62.90,-49.26,-41.26,-54.24,-62.62,-48.66,-44.62,-46.91,-37.21,-53.97,2026-06-26 23:27:04+00:00
2026-06-26T23:28:04+00:00,-47.62,-57.42,-63.25,-61.24,-61.67,-50.38,-50.82,-62.61,-49.23,-40.45,-53.97,-62.53,-49.26,-45.68,-46.93,-37.70,-53.90,2026-06-26 23:28:04+00:00
2026-06-26T23:29:03+00:00,-47.84,-59.56,-62.90,-61.21,-61.78,-50.66,-50.88,-63.01,-49.37,-40.87,-54.52,-62.42,-49.38,-45.30,-46.96,-39.01,-53.24,2026-06-26 23:29:03+00:00
2026-06-26T23:30:03+00:00,-47.92,-59.70,-65.21,-61.68,-62.38,-50.51,-50.82,-60.27,-51.35,-41.18,-53.71,-62.15,-48.40,-45.40,-46.96,-39.04,-54.33,2026-06-26 23:30:03+00:00
2026-06-26T23:31:12+00:00,-48.06,-60.43,-65.52,-61.16,-61.99,-50.55,-50.84,-62.82,-51.45,-41.18,-52.70,-62.59,-48.42,-45.51,-46.69,-39.05,-53.81,2026-06-26 23:31:12+00:00
2026-06-26T23:32:03+00:00,-48.53,-59.28,-66.02,-60.88,-61.59,-50.48,-50.89,-62.88,-51.50,-40.92,-52.62,-63.28,-48.58,-45.82,-46.56,-39.12,-53.51,2026-06-26 23:32:03+00:00
2026-06-26T23:33:03+00:00,-47.96,-59.33,-63.79,-61.51,-62.84,-50.46,-51.00,-62.30,-51.51,-40.97,-53.03,-62.37,-48.24,-45.91,-46.59,-40.65,-54.18,2026-06-26 23:33:03+00:00
2026-06-26T23:34:04+00:00,-48.43,-59.37,-65.76,-61.39,-62.00,-50.46,-50.97,-62.62,-51.45,-40.66,-52.98,-63.28,-48.18,-46.37,-46.30,-40.88,-53.96,2026-06-26 23:34:04+00:00
2026-06-26T23:35:04+00:00,-48.26,-58.86,-65.25,-61.76,-61.62,-50.33,-50.91,-63.02,-48.87,-40.76,-53.69,-62.60,-48.82,-47.82,-46.31,-40.48,-53.52,2026-06-26 23:35:04+00:00
2026-06-26T23:36:03+00:00,-48.49,-58.52,-64.99,-61.50,-61.74,-50.47,-50.62,-62.83,-48.56,-40.78,-54.19,-62.46,-48.77,-47.97,-46.45,-41.12,-52.68,2026-06-26 23:36:03+00:00
2026-06-26T23:37:03+00:00,-48.81,-60.24,-64.96,-61.56,-61.96,-50.71,-50.71,-62.83,-48.66,-40.79,-54.45,-62.78,-48.48,-47.86,-46.31,-41.75,-52.76,2026-06-26 23:37:03+00:00
2026-06-26T23:38:03+00:00,-48.93,-59.61,-63.49,-61.13,-62.10,-49.34,-48.89,-61.89,-50.46,-40.61,-54.26,-62.19,-48.48,-47.95,-46.42,-41.46,-53.72,2026-06-26 23:38:03+00:00
2026-06-26T23:39:04+00:00,-49.20,-59.20,-63.12,-61.19,-62.58,-50.25,-50.83,-61.62,-50.30,-40.78,-53.26,-62.24,-47.48,-48.63,-46.73,-41.93,-52.35,2026-06-26 23:39:04+00:00
2026-06-26T23:40:04+00:00,-49.09,-59.52,-63.36,-61.24,-61.86,-50.21,-50.81,-62.29,-50.41,-40.59,-54.03,-62.43,-47.32,-49.36,-46.94,-41.83,-52.15,2026-06-26 23:40:04+00:00
2026-06-26T23:41:03+00:00,-49.52,-59.49,-63.32,-61.02,-62.15,-50.27,-50.65,-62.26,-53.48,-40.96,-53.72,-61.72,-47.35,-50.40,-46.78,-41.25,-53.98,2026-06-26 23:41:03+00:00
2026-06-26T23:42:03+00:00,-49.53,-59.44,-63.53,-61.32,-62.88,-50.96,-50.66,-62.64,-53.71,-40.79,-53.11,-62.44,-47.82,-50.62,-45.94,-40.48,-54.20,2026-06-26 23:42:03+00:00
2026-06-26T23:43:03+00:00,-47.93,-59.26,-63.43,-61.14,-61.70,-50.37,-50.76,-62.00,-52.69,-40.67,-53.71,-62.30,-48.11,-51.33,-46.97,-40.70,-53.65,2026-06-26 23:43:03+00:00
2026-06-26T23:44:04+00:00,-47.85,-55.36,-62.61,-61.19,-62.46,-49.88,-50.77,-60.79,-50.58,-40.19,-53.55,-61.24,-48.21,-51.91,-47.32,-40.94,-52.54,2026-06-26 23:44:04+00:00
2026-06-26T23:45:04+00:00,-48.25,-59.77,-62.72,-61.02,-61.19,-50.15,-50.77,-61.68,-50.66,-40.02,-53.63,-61.92,-48.13,-51.96,-47.47,-41.21,-53.91,2026-06-26 23:45:04+00:00
2026-06-26T23:46:03+00:00,-48.31,-59.47,-62.42,-61.18,-62.41,-50.38,-50.80,-61.16,-50.86,-40.20,-53.62,-61.51,-47.97,-51.28,-47.06,-40.15,-52.34,2026-06-26 23:46:03+00:00
2026-06-26T23:47:03+00:00,-48.69,-59.48,-62.51,-61.45,-62.90,-50.48,-50.74,-62.17,-51.08,-40.54,-52.33,-62.43,-47.53,-49.96,-47.55,-40.18,-52.26,2026-06-26 23:47:03+00:00
2026-06-26T23:48:04+00:00,-48.28,-59.97,-62.70,-61.04,-61.54,-50.13,-50.65,-62.07,-51.67,-40.69,-51.73,-61.37,-47.81,-49.95,-47.41,-40.00,-52.54,2026-06-26 23:48:04+00:00
2026-06-26T23:49:04+00:00,-46.71,-60.38,-65.27,-61.13,-62.18,-50.33,-50.91,-62.46,-54.08,-40.94,-51.80,-61.27,-47.89,-49.70,-47.42,-39.89,-53.55,2026-06-26 23:49:04+00:00
2026-06-26T23:50:03+00:00,-48.44,-59.03,-63.23,-60.92,-62.54,-50.34,-50.76,-61.64,-55.96,-41.44,-53.14,-59.67,-48.11,-50.46,-47.76,-39.36,-52.45,2026-06-26 23:50:03+00:00
2026-06-26T23:51:03+00:00,-48.93,-58.56,-63.43,-61.07,-62.56,-50.04,-50.76,-61.58,-55.46,-42.02,-53.36,-58.87,-48.23,-50.36,-47.61,-38.88,-51.83,2026-06-26 23:51:03+00:00
2026-06-26T23:52:04+00:00,-47.13,-58.64,-65.51,-61.27,-64.04,-50.09,-50.74,-62.44,-55.66,-42.39,-53.32,-59.05,-48.36,-50.42,-48.01,-38.67,-52.74,2026-06-26 23:52:04+00:00
2026-06-26T23:53:04+00:00,-49.53,-58.43,-65.17,-61.10,-62.56,-47.90,-50.26,-60.25,-55.93,-42.22,-51.55,-59.52,-48.07,-50.13,-48.27,-38.05,-54.26,2026-06-26 23:53:04+00:00
2026-06-26T23:54:04+00:00,-46.77,-58.25,-63.43,-60.87,-62.14,-50.12,-61.28,-62.42,-51.17,-43.18,-51.11,-59.33,-48.06,-50.94,-48.19,-37.70,-54.63,2026-06-26 23:54:04+00:00
2026-06-26T23:55:03+00:00,-47.02,-58.32,-63.73,-61.02,-63.62,-50.22,-48.96,-62.70,-50.99,-43.43,-51.50,-59.84,-48.26,-52.59,-48.09,-37.70,-54.23,2026-06-26 23:55:03+00:00
2026-06-26T23:56:03+00:00,-46.92,-55.58,-64.17,-61.45,-61.60,-50.32,-50.40,-62.32,-51.34,-43.58,-51.37,-59.98,-48.26,-53.50,-47.77,-37.19,-54.46,2026-06-26 23:56:03+00:00
2026-06-26T23:57:04+00:00,-47.54,-55.91,-63.02,-61.01,-62.49,-50.89,-50.61,-61.71,-54.85,-44.42,-51.83,-59.94,-48.34,-51.53,-47.85,-37.25,-54.66,2026-06-26 23:57:04+00:00
2026-06-26T23:58:04+00:00,-47.68,-56.38,-63.19,-61.02,-62.63,-50.85,-50.76,-62.70,-53.43,-44.44,-51.09,-60.72,-47.78,-51.19,-47.85,-37.07,-55.17,2026-06-26 23:58:04+00:00
2026-06-26T23:59:03+00:00,-47.62,-56.52,-63.30,-61.04,-61.99,-50.90,-50.61,-61.97,-56.46,-44.40,-50.74,-60.26,-47.94,-51.28,-48.17,-37.29,-54.56,2026-06-26 23:59:03+00:00
