data,4500,11350,27200,58750,89750,19600,20270,20900,22600,23400,24000,26700,29700,45900,63850,77500,Ch17,data_parsed
2026-06-04T00:00:04+00:00,-52.44,-64.93,-65.89,-58.47,-62.47,-47.84,-50.22,-64.69,-58.46,-42.53,-52.41,-65.92,-52.74,-47.36,-58.69,-38.77,-53.35,2026-06-04 00:00:04+00:00
2026-06-04T00:01:04+00:00,-52.75,-64.34,-65.87,-58.73,-61.82,-47.58,-50.27,-64.79,-58.23,-43.13,-52.23,-66.15,-52.63,-47.65,-58.36,-39.69,-51.78,2026-06-04 00:01:04+00:00
2026-06-04T00:02:03+00:00,-52.80,-64.09,-65.57,-58.69,-61.47,-47.59,-50.05,-63.83,-57.56,-43.78,-52.01,-65.38,-52.28,-47.59,-58.36,-40.64,-53.25,2026-06-04 00:02:03+00:00
2026-06-04T00:03:04+00:00,-53.02,-65.27,-66.81,-58.74,-62.25,-47.47,-50.02,-64.64,-57.67,-43.70,-51.98,-66.23,-52.41,-47.00,-58.80,-41.47,-53.35,2026-06-04 00:03:04+00:00
2026-06-04T00:04:03+00:00,-52.92,-64.24,-65.54,-58.50,-62.42,-47.58,-50.46,-63.89,-57.96,-44.76,-51.71,-65.71,-52.15,-45.58,-58.73,-41.92,-54.30,2026-06-04 00:04:03+00:00
2026-06-04T00:05:03+00:00,-53.34,-65.08,-65.95,-58.93,-61.16,-47.72,-50.68,-64.19,-58.22,-44.83,-51.78,-66.05,-52.19,-45.34,-58.54,-41.83,-53.20,2026-06-04 00:05:03+00:00
2026-06-04T00:06:03+00:00,-53.00,-64.89,-66.61,-58.46,-61.18,-47.85,-50.44,-64.26,-52.89,-45.02,-51.71,-65.68,-51.91,-44.77,-58.51,-41.02,-53.43,2026-06-04 00:06:03+00:00
2026-06-04T00:07:03+00:00,-52.95,-64.18,-65.85,-58.62,-61.59,-47.87,-50.07,-63.60,-52.99,-45.52,-51.67,-65.39,-51.92,-44.67,-58.66,-41.19,-51.87,2026-06-04 00:07:03+00:00
2026-06-04T00:08:04+00:00,-53.13,-64.38,-65.82,-58.74,-60.31,-47.58,-50.59,-64.57,-53.06,-45.67,-51.41,-65.28,-52.04,-44.83,-58.65,-40.95,-54.29,2026-06-04 00:08:04+00:00
2026-06-04T00:09:04+00:00,-53.59,-64.99,-66.83,-58.82,-62.50,-47.68,-50.53,-64.23,-52.80,-45.18,-51.27,-65.08,-52.59,-44.54,-58.74,-40.69,-51.94,2026-06-04 00:09:04+00:00
2026-06-04T00:10:03+00:00,-53.18,-65.22,-66.47,-58.85,-61.36,-47.52,-50.42,-63.42,-53.13,-44.62,-51.43,-65.47,-52.53,-44.41,-58.62,-40.17,-53.31,2026-06-04 00:10:03+00:00
2026-06-04T00:11:03+00:00,-53.43,-64.71,-66.21,-58.84,-61.50,-47.62,-50.81,-64.86,-53.10,-46.11,-51.66,-65.01,-52.51,-44.44,-59.23,-38.84,-54.27,2026-06-04 00:11:03+00:00
2026-06-04T00:12:04+00:00,-53.34,-64.38,-66.28,-58.59,-61.90,-47.96,-50.79,-64.28,-53.07,-47.44,-51.34,-65.78,-52.63,-45.01,-58.96,-38.02,-51.61,2026-06-04 00:12:04+00:00
2026-06-04T00:13:03+00:00,-53.24,-65.28,-66.67,-58.47,-61.67,-48.09,-51.21,-64.40,-53.08,-48.16,-51.25,-65.77,-52.76,-44.85,-59.13,-37.09,-54.32,2026-06-04 00:13:03+00:00
2026-06-04T00:14:03+00:00,-53.15,-64.22,-65.98,-58.79,-62.42,-48.27,-51.06,-64.44,-53.08,-46.48,-51.31,-65.29,-52.80,-44.56,-59.09,-36.50,-53.82,2026-06-04 00:14:03+00:00
2026-06-04T00:15:04+00:00,-53.25,-64.58,-65.95,-58.63,-62.01,-48.31,-50.58,-64.23,-52.97,-45.16,-51.33,-64.96,-52.84,-44.70,-58.75,-36.70,-53.26,2026-06-04 00:15:04+00:00
2026-06-04T00:16:04+00:00,-53.11,-65.07,-66.59,-58.71,-62.03,-48.20,-51.05,-64.89,-52.99,-44.56,-51.07,-66.23,-53.14,-45.21,-59.19,-36.59,-53.25,2026-06-04 00:16:04+00:00
2026-06-04T00:17:03+00:00,-52.99,-64.49,-65.22,-58.40,-61.97,-48.06,-50.66,-64.31,-52.56,-44.52,-50.86,-64.94,-53.62,-44.32,-58.59,-36.53,-53.65,2026-06-04 00:17:03+00:00
2026-06-04T00:18:04+00:00,-53.22,-64.81,-65.61,-58.70,-61.56,-47.90,-50.22,-64.20,-52.42,-44.97,-50.88,-65.53,-53.74,-43.61,-58.87,-36.15,-52.04,2026-06-04 00:18:04+00:00
2026-06-04T00:19:04+00:00,-53.23,-64.42,-65.78,-58.54,-62.36,-48.19,-49.50,-63.94,-52.64,-44.83,-51.30,-66.10,-53.95,-43.13,-58.75,-36.61,-49.92,2026-06-04 00:19:04+00:00
2026-06-04T00:20:03+00:00,-57.70,-64.76,-65.53,-58.59,-62.46,-47.74,-49.70,-63.84,-52.99,-44.75,-51.10,-65.55,-53.91,-43.23,-59.22,-37.13,-51.82,2026-06-04 00:20:03+00:00
2026-06-04T00:21:03+00:00,-57.74,-64.58,-65.88,-58.79,-62.42,-47.98,-50.15,-63.88,-52.89,-45.17,-51.31,-65.63,-54.19,-42.89,-58.96,-36.57,-53.35,2026-06-04 00:21:03+00:00
2026-06-04T00:22:04+00:00,-57.44,-65.05,-66.31,-58.70,-63.26,-48.21,-50.25,-64.77,-53.09,-44.62,-50.98,-66.72,-53.93,-42.41,-59.08,-36.86,-53.87,2026-06-04 00:22:04+00:00
2026-06-04T00:23:04+00:00,-57.45,-64.68,-65.76,-58.83,-63.17,-48.35,-50.20,-64.32,-52.97,-45.22,-50.74,-66.10,-53.55,-42.18,-59.43,-37.21,-53.89,2026-06-04 00:23:04+00:00
2026-06-04T00:24:03+00:00,-56.60,-64.39,-64.44,-58.21,-62.54,-48.20,-50.09,-63.18,-52.70,-45.14,-50.86,-65.22,-53.53,-41.95,-58.82,-37.41,-53.41,2026-06-04 00:24:03+00:00
2026-06-04T00:25:04+00:00,-57.27,-65.24,-66.19,-58.43,-62.93,-47.94,-50.47,-64.62,-49.64,-44.59,-51.00,-66.26,-53.81,-42.09,-59.04,-36.85,-51.85,2026-06-04 00:25:04+00:00
2026-06-04T00:26:04+00:00,-51.00,-64.46,-64.92,-58.29,-62.43,-47.94,-50.11,-63.63,-49.44,-43.67,-51.05,-64.41,-53.74,-41.77,-58.37,-37.13,-53.42,2026-06-04 00:26:04+00:00
2026-06-04T00:27:03+00:00,-49.67,-64.86,-65.46,-58.59,-61.22,-48.13,-50.10,-63.91,-49.71,-44.20,-51.22,-65.83,-54.13,-41.59,-58.71,-37.42,-54.53,2026-06-04 00:27:03+00:00
2026-06-04T00:28:03+00:00,-49.73,-64.44,-65.26,-58.49,-61.67,-47.91,-49.64,-62.42,-49.63,-45.16,-51.69,-65.50,-53.82,-41.78,-58.82,-37.83,-53.56,2026-06-04 00:28:03+00:00
2026-06-04T00:29:04+00:00,-49.55,-64.55,-65.38,-58.64,-61.71,-47.83,-48.97,-64.23,-49.72,-45.55,-51.47,-65.49,-53.71,-41.91,-58.86,-38.90,-54.31,2026-06-04 00:29:04+00:00
2026-06-04T00:30:04+00:00,-49.43,-65.12,-65.57,-58.97,-61.37,-48.00,-49.30,-64.52,-49.65,-44.84,-51.53,-65.98,-53.50,-42.07,-59.16,-40.46,-53.33,2026-06-04 00:30:04+00:00
2026-06-04T00:31:04+00:00,-49.44,-64.95,-66.71,-58.62,-62.70,-48.00,-49.84,-64.21,-49.62,-45.17,-51.58,-66.56,-53.45,-41.72,-59.19,-40.91,-53.15,2026-06-04 00:31:04+00:00
2026-06-04T00:32:04+00:00,-49.41,-64.43,-65.20,-58.57,-61.84,-47.97,-49.65,-64.62,-49.59,-45.40,-51.48,-65.93,-53.29,-41.36,-58.77,-40.85,-53.32,2026-06-04 00:32:04+00:00
2026-06-04T00:33:03+00:00,-49.36,-63.64,-65.50,-58.27,-61.39,-48.08,-49.78,-63.62,-49.55,-44.69,-51.31,-64.91,-52.92,-40.58,-58.63,-41.81,-53.32,2026-06-04 00:33:03+00:00
2026-06-04T00:34:04+00:00,-49.41,-65.66,-66.81,-58.67,-62.58,-47.87,-49.99,-65.38,-49.68,-44.37,-51.12,-66.76,-52.78,-40.64,-58.90,-42.31,-51.80,2026-06-04 00:34:04+00:00
2026-06-04T00:35:04+00:00,-49.55,-64.80,-65.98,-58.75,-61.61,-47.67,-49.53,-65.27,-49.57,-43.81,-51.22,-66.01,-52.44,-40.13,-58.42,-41.98,-54.54,2026-06-04 00:35:04+00:00
2026-06-04T00:36:03+00:00,-49.52,-64.38,-65.78,-58.47,-63.11,-47.73,-49.60,-64.63,-51.07,-43.96,-51.57,-66.04,-52.48,-40.30,-59.13,-41.52,-53.27,2026-06-04 00:36:03+00:00
2026-06-04T00:37:03+00:00,-49.61,-65.05,-66.70,-58.68,-62.64,-47.36,-49.67,-65.04,-51.10,-42.96,-51.46,-66.45,-52.30,-40.03,-58.92,-41.35,-53.28,2026-06-04 00:37:03+00:00
2026-06-04T00:38:04+00:00,-49.55,-65.68,-66.18,-58.22,-61.69,-47.14,-49.85,-64.81,-51.03,-43.59,-51.47,-66.15,-52.31,-40.22,-58.96,-41.73,-54.51,2026-06-04 00:38:04+00:00
2026-06-04T00:39:03+00:00,-49.84,-64.44,-65.52,-58.52,-62.94,-47.15,-48.64,-64.12,-51.09,-44.21,-51.37,-65.70,-52.46,-40.39,-59.11,-40.42,-53.50,2026-06-04 00:39:03+00:00
2026-06-04T00:40:03+00:00,-49.85,-65.79,-66.94,-58.62,-62.65,-46.50,-49.70,-64.82,-50.97,-43.40,-51.28,-66.42,-52.37,-40.56,-59.17,-39.77,-54.45,2026-06-04 00:40:03+00:00
2026-06-04T00:41:04+00:00,-49.67,-65.81,-66.98,-58.61,-61.75,-46.28,-49.50,-64.78,-51.04,-43.38,-51.41,-65.65,-52.63,-40.73,-58.74,-39.25,-54.44,2026-06-04 00:41:04+00:00
2026-06-04T00:42:04+00:00,-49.66,-64.61,-66.10,-58.73,-61.47,-46.42,-49.49,-64.93,-51.00,-43.21,-51.52,-65.21,-52.58,-40.23,-59.14,-38.51,-53.38,2026-06-04 00:42:04+00:00
2026-06-04T00:43:03+00:00,-49.68,-65.26,-66.71,-58.29,-62.30,-46.47,-49.68,-65.29,-50.97,-42.78,-51.32,-65.88,-53.07,-39.98,-59.03,-37.95,-52.03,2026-06-04 00:43:03+00:00
2026-06-04T00:44:03+00:00,-49.64,-65.32,-66.46,-58.70,-61.80,-46.47,-49.49,-65.17,-51.06,-42.68,-51.53,-65.91,-52.94,-39.74,-59.08,-37.18,-51.79,2026-06-04 00:44:03+00:00
2026-06-04T00:45:04+00:00,-49.71,-64.67,-66.28,-58.77,-61.51,-46.19,-49.38,-64.93,-51.03,-43.09,-51.40,-65.91,-52.75,-39.29,-59.19,-36.85,-51.86,2026-06-04 00:45:04+00:00
2026-06-04T00:46:04+00:00,-49.91,-66.04,-66.93,-58.66,-62.05,-46.21,-49.50,-65.69,-51.05,-44.00,-51.57,-67.10,-52.72,-39.05,-59.75,-36.23,-53.43,2026-06-04 00:46:04+00:00
2026-06-04T00:47:03+00:00,-49.95,-65.17,-65.96,-58.76,-61.91,-46.13,-49.60,-64.16,-51.50,-43.16,-51.65,-65.54,-53.26,-39.42,-59.02,-35.62,-54.64,2026-06-04 00:47:03+00:00
2026-06-04T00:48:03+00:00,-49.94,-64.31,-64.85,-58.62,-61.71,-46.00,-49.71,-63.93,-51.37,-43.26,-51.54,-64.29,-53.12,-39.67,-58.89,-34.86,-53.35,2026-06-04 00:48:03+00:00
2026-06-04T00:49:04+00:00,-49.83,-64.65,-65.08,-58.73,-61.73,-45.98,-50.90,-64.29,-51.37,-43.20,-51.38,-64.94,-53.13,-39.67,-59.28,-34.18,-51.78,2026-06-04 00:49:04+00:00
2026-06-04T00:50:04+00:00,-49.77,-65.13,-65.67,-58.65,-61.85,-46.03,-50.55,-64.57,-51.36,-43.93,-51.24,-65.30,-52.80,-40.30,-58.95,-33.62,-51.75,2026-06-04 00:50:04+00:00
2026-06-04T00:51:03+00:00,-51.22,-64.99,-66.14,-58.81,-61.00,-46.08,-50.61,-64.85,-51.27,-45.41,-51.04,-65.48,-52.77,-40.73,-59.30,-33.36,-51.75,2026-06-04 00:51:03+00:00
2026-06-04T00:52:03+00:00,-51.24,-65.25,-66.40,-58.68,-62.84,-45.73,-50.08,-64.45,-51.11,-45.91,-50.92,-66.03,-52.83,-41.11,-58.97,-33.23,-51.78,2026-06-04 00:52:03+00:00
2026-06-04T00:53:04+00:00,-51.28,-64.96,-66.47,-58.68,-61.60,-45.63,-50.05,-64.54,-51.28,-45.38,-50.94,-66.18,-52.84,-40.89,-59.17,-33.38,-51.82,2026-06-04 00:53:04+00:00
2026-06-04T00:54:04+00:00,-51.13,-65.65,-65.99,-58.63,-61.29,-45.79,-49.65,-64.79,-51.25,-45.67,-50.86,-65.82,-52.81,-40.75,-59.56,-34.28,-51.83,2026-06-04 00:54:04+00:00
2026-06-04T00:55:03+00:00,-51.17,-65.22,-65.66,-58.36,-61.49,-46.04,-49.38,-64.22,-57.63,-45.43,-50.99,-64.80,-52.50,-40.97,-59.11,-34.82,-51.86,2026-06-04 00:55:03+00:00
2026-06-04T00:56:04+00:00,-57.94,-64.35,-65.63,-58.82,-61.74,-45.87,-48.68,-64.63,-59.36,-45.05,-51.05,-65.52,-52.71,-41.13,-58.94,-35.52,-51.71,2026-06-04 00:56:04+00:00
2026-06-04T00:57:04+00:00,-56.93,-64.79,-66.07,-59.21,-62.29,-45.62,-49.03,-64.34,-57.02,-44.09,-50.91,-65.76,-53.08,-41.43,-59.13,-36.03,-51.69,2026-06-04 00:57:04+00:00
2026-06-04T00:58:03+00:00,-53.28,-65.10,-65.67,-58.96,-61.40,-45.82,-49.39,-64.39,-57.07,-43.58,-50.76,-65.18,-53.37,-41.35,-59.27,-36.28,-51.66,2026-06-04 00:58:03+00:00
2026-06-04T00:59:03+00:00,-52.83,-64.97,-65.79,-58.71,-61.07,-46.05,-49.39,-63.87,-57.06,-44.42,-50.99,-65.22,-53.52,-41.59,-59.14,-36.10,-51.70,2026-06-04 00:59:03+00:00
2026-06-04T01:00:04+00:00,-52.97,-65.28,-65.44,-58.99,-61.94,-45.96,-49.44,-64.22,-57.49,-43.74,-51.02,-64.83,-53.49,-42.15,-58.95,-35.85,-51.70,2026-06-04 01:00:04+00:00
2026-06-04T01:01:04+00:00,-53.06,-64.48,-65.97,-59.01,-61.35,-45.87,-50.07,-64.73,-57.37,-43.81,-50.84,-65.08,-53.43,-42.06,-59.44,-35.60,-51.94,2026-06-04 01:01:04+00:00
2026-06-04T01:02:04+00:00,-53.12,-64.71,-65.82,-59.10,-62.62,-45.90,-50.01,-63.99,-57.40,-44.53,-51.17,-65.40,-53.44,-41.69,-58.81,-36.03,-51.93,2026-06-04 01:02:04+00:00
2026-06-04T01:03:03+00:00,-53.30,-64.51,-65.91,-58.79,-62.66,-45.98,-49.92,-64.77,-57.07,-43.93,-51.41,-65.12,-53.42,-41.94,-59.02,-35.32,-54.63,2026-06-04 01:03:03+00:00
2026-06-04T01:04:04+00:00,-53.25,-65.34,-66.77,-58.96,-61.76,-45.70,-50.12,-64.86,-57.10,-42.83,-51.05,-66.55,-53.82,-41.99,-59.31,-34.92,-59.10,2026-06-04 01:04:04+00:00
2026-06-04T01:05:04+00:00,-53.31,-64.87,-64.96,-58.83,-61.19,-45.71,-49.93,-61.75,-56.97,-43.14,-51.24,-64.39,-54.00,-42.25,-59.07,-34.17,-51.99,2026-06-04 01:05:04+00:00
2026-06-04T01:06:04+00:00,-53.10,-65.03,-65.82,-58.76,-61.14,-45.33,-50.34,-63.94,-52.56,-43.44,-51.37,-64.65,-54.07,-42.44,-58.74,-34.16,-52.01,2026-06-04 01:06:04+00:00
2026-06-04T01:07:03+00:00,-53.14,-65.52,-66.45,-58.74,-61.77,-45.53,-50.33,-64.36,-53.02,-43.97,-51.57,-65.22,-53.37,-42.34,-58.97,-33.85,-52.03,2026-06-04 01:07:03+00:00
2026-06-04T01:08:03+00:00,-53.20,-65.14,-66.17,-58.67,-61.40,-45.41,-49.93,-62.87,-53.04,-44.60,-51.49,-65.47,-53.48,-42.54,-59.14,-33.41,-52.04,2026-06-04 01:08:03+00:00
2026-06-04T01:09:04+00:00,-53.32,-64.70,-65.39,-58.80,-62.13,-45.37,-49.64,-63.80,-52.95,-44.78,-51.51,-65.06,-53.22,-42.74,-59.19,-33.25,-52.12,2026-06-04 01:09:04+00:00
2026-06-04T01:10:04+00:00,-53.31,-65.75,-66.46,-59.34,-61.65,-45.46,-49.25,-64.32,-53.13,-44.19,-51.44,-65.88,-53.36,-43.02,-59.27,-33.29,-52.00,2026-06-04 01:10:04+00:00
2026-06-04T01:11:03+00:00,-53.13,-65.37,-66.13,-58.95,-61.08,-45.89,-49.51,-64.18,-52.96,-43.75,-51.25,-65.36,-53.10,-42.94,-59.54,-33.50,-53.51,2026-06-04 01:11:03+00:00
2026-06-04T01:12:03+00:00,-53.34,-64.44,-64.85,-58.91,-61.86,-45.32,-50.02,-64.21,-52.86,-44.25,-50.99,-64.51,-52.90,-43.33,-58.78,-33.47,-52.13,2026-06-04 01:12:03+00:00
2026-06-04T01:13:04+00:00,-53.57,-64.87,-66.16,-58.99,-63.28,-45.52,-49.71,-63.84,-52.93,-44.67,-50.58,-65.37,-53.08,-43.68,-59.23,-33.11,-52.01,2026-06-04 01:13:04+00:00
2026-06-04T01:14:04+00:00,-53.78,-64.38,-65.46,-58.93,-63.67,-45.79,-50.07,-63.74,-52.93,-44.61,-50.38,-64.71,-53.46,-42.98,-58.66,-33.29,-52.02,2026-06-04 01:14:04+00:00
2026-06-04T01:15:03+00:00,-53.80,-64.64,-65.80,-59.04,-61.99,-45.91,-50.32,-64.27,-52.90,-44.06,-50.44,-65.13,-53.60,-42.85,-58.91,-33.10,-52.22,2026-06-04 01:15:03+00:00
2026-06-04T01:16:03+00:00,-53.82,-65.07,-66.32,-59.22,-61.15,-46.08,-50.72,-64.45,-53.03,-43.88,-50.34,-65.16,-53.56,-43.24,-58.79,-33.29,-58.85,2026-06-04 01:16:03+00:00
2026-06-04T01:17:04+00:00,-53.82,-65.18,-66.76,-59.12,-61.24,-45.75,-50.35,-64.79,-52.33,-44.24,-50.23,-65.81,-53.22,-43.02,-59.38,-32.96,-59.27,2026-06-04 01:17:04+00:00
2026-06-04T01:18:04+00:00,-53.74,-64.79,-65.62,-58.83,-60.99,-46.10,-50.33,-64.32,-52.30,-44.15,-50.09,-64.91,-52.97,-43.18,-59.29,-33.18,-59.18,2026-06-04 01:18:04+00:00
2026-06-04T01:19:03+00:00,-53.75,-63.21,-65.09,-58.98,-61.58,-45.85,-50.51,-63.72,-52.43,-43.59,-49.98,-64.50,-52.79,-43.39,-59.01,-33.21,-58.83,2026-06-04 01:19:03+00:00
2026-06-04T01:20:04+00:00,-53.42,-64.51,-66.44,-58.98,-62.51,-46.20,-50.87,-64.61,-52.46,-42.91,-50.31,-65.73,-52.74,-43.33,-59.37,-33.82,-59.35,2026-06-04 01:20:04+00:00
2026-06-04T01:21:04+00:00,-53.43,-65.10,-66.12,-59.21,-60.99,-46.24,-50.71,-64.40,-52.51,-42.19,-50.10,-65.09,-52.61,-43.29,-59.26,-34.61,-58.81,2026-06-04 01:21:04+00:00
2026-06-04T01:22:04+00:00,-57.69,-64.93,-65.91,-58.75,-62.19,-46.30,-50.64,-64.27,-52.47,-42.29,-49.90,-65.32,-52.82,-43.03,-59.04,-35.93,-59.13,2026-06-04 01:22:04+00:00
2026-06-04T01:23:03+00:00,-57.66,-64.22,-65.55,-58.66,-61.39,-46.24,-50.68,-63.74,-52.17,-41.63,-49.82,-65.27,-53.07,-42.90,-59.12,-36.64,-58.86,2026-06-04 01:23:03+00:00
2026-06-04T01:24:04+00:00,-57.58,-64.27,-65.32,-59.12,-62.46,-46.63,-50.69,-64.22,-52.18,-41.57,-49.42,-65.18,-53.28,-42.33,-59.50,-37.43,-59.39,2026-06-04 01:24:04+00:00
2026-06-04T01:25:04+00:00,-56.81,-64.09,-65.40,-59.19,-62.46,-46.33,-50.45,-64.26,-49.17,-42.75,-49.52,-65.09,-53.24,-42.54,-59.25,-38.34,-58.69,2026-06-04 01:25:04+00:00
2026-06-04T01:26:03+00:00,-50.96,-64.25,-66.00,-59.14,-62.95,-46.30,-50.39,-64.41,-48.99,-42.85,-49.35,-66.25,-53.47,-42.62,-59.27,-38.76,-58.28,2026-06-04 01:26:03+00:00
2026-06-04T01:27:03+00:00,-50.85,-63.73,-65.21,-59.28,-62.13,-46.16,-50.04,-64.45,-49.28,-42.71,-49.55,-65.42,-54.01,-42.87,-58.93,-38.71,-59.27,2026-06-04 01:27:03+00:00
2026-06-04T01:28:04+00:00,-51.01,-62.82,-64.87,-59.25,-64.24,-46.16,-50.68,-64.12,-49.33,-43.29,-49.54,-65.43,-54.46,-42.79,-59.25,-38.49,-59.14,2026-06-04 01:28:04+00:00
2026-06-04T01:29:04+00:00,-49.66,-64.10,-64.89,-59.31,-62.75,-46.24,-50.28,-64.18,-49.31,-43.59,-49.36,-65.38,-54.59,-42.49,-59.19,-38.03,-59.11,2026-06-04 01:29:04+00:00
2026-06-04T01:30:03+00:00,-49.65,-63.60,-63.31,-59.00,-61.65,-46.61,-50.16,-62.71,-49.26,-42.47,-49.37,-63.63,-54.47,-42.02,-58.55,-38.06,-58.09,2026-06-04 01:30:03+00:00
2026-06-04T01:31:04+00:00,-49.68,-64.19,-65.59,-59.47,-62.38,-46.40,-50.62,-64.82,-49.33,-42.46,-49.45,-65.01,-54.53,-41.96,-58.93,-39.08,-59.11,2026-06-04 01:31:04+00:00
2026-06-04T01:32:03+00:00,-49.57,-64.99,-66.55,-59.74,-62.05,-46.42,-50.39,-64.71,-49.28,-42.35,-49.47,-65.47,-54.23,-41.66,-59.30,-39.85,-56.05,2026-06-04 01:32:03+00:00
2026-06-04T01:33:03+00:00,-49.36,-63.50,-65.30,-59.59,-61.03,-46.76,-50.97,-63.95,-49.30,-42.27,-49.53,-64.96,-54.28,-41.74,-58.95,-40.39,-56.83,2026-06-04 01:33:03+00:00
2026-06-04T01:34:04+00:00,-49.57,-63.25,-65.19,-59.42,-62.06,-46.57,-51.11,-64.02,-49.29,-42.29,-49.44,-64.63,-53.83,-41.93,-58.60,-40.41,-57.96,2026-06-04 01:34:04+00:00
2026-06-04T01:35:04+00:00,-49.69,-64.67,-65.92,-59.26,-61.48,-46.72,-51.25,-63.79,-49.23,-42.80,-49.11,-64.86,-53.83,-41.76,-59.45,-40.25,-58.01,2026-06-04 01:35:04+00:00
2026-06-04T01:36:03+00:00,-49.73,-64.66,-65.65,-59.18,-62.82,-46.84,-51.19,-64.46,-50.87,-42.86,-48.98,-64.89,-53.68,-41.57,-59.09,-39.78,-59.15,2026-06-04 01:36:03+00:00
2026-06-04T01:37:03+00:00,-49.60,-64.82,-65.95,-59.33,-62.38,-46.72,-51.15,-64.59,-50.90,-42.67,-49.02,-65.75,-53.78,-41.77,-59.21,-40.15,-58.91,2026-06-04 01:37:03+00:00
2026-06-04T01:38:04+00:00,-49.57,-64.00,-65.78,-59.13,-61.25,-47.10,-50.92,-64.47,-50.84,-42.57,-49.16,-65.35,-54.06,-41.61,-58.76,-40.35,-59.00,2026-06-04 01:38:04+00:00
2026-06-04T01:39:04+00:00,-49.57,-64.57,-66.22,-59.36,-61.30,-47.10,-51.12,-64.98,-50.83,-42.18,-49.03,-65.63,-54.04,-42.05,-58.98,-39.82,-59.16,2026-06-04 01:39:04+00:00
2026-06-04T01:40:03+00:00,-49.65,-64.92,-65.96,-59.68,-60.70,-47.13,-50.94,-65.04,-50.83,-42.03,-49.41,-65.79,-54.20,-42.22,-58.76,-40.55,-59.23,2026-06-04 01:40:03+00:00
2026-06-04T01:41:03+00:00,-49.75,-65.20,-66.38,-59.29,-62.48,-47.06,-51.10,-64.81,-50.65,-42.05,-49.16,-65.55,-54.43,-42.46,-58.76,-40.24,-59.34,2026-06-04 01:41:03+00:00
2026-06-04T01:42:04+00:00,-49.74,-64.75,-65.81,-59.54,-61.23,-47.50,-50.90,-63.97,-50.86,-42.05,-49.12,-65.22,-54.15,-42.80,-59.21,-40.04,-58.98,2026-06-04 01:42:04+00:00
2026-06-04T01:43:04+00:00,-49.76,-65.42,-66.28,-59.23,-61.00,-47.05,-50.87,-64.89,-50.81,-41.85,-48.78,-65.50,-54.29,-43.00,-59.14,-40.73,-59.77,2026-06-04 01:43:04+00:00
2026-06-04T01:44:03+00:00,-49.83,-62.95,-65.21,-59.17,-61.76,-47.07,-50.87,-63.78,-50.76,-41.86,-48.84,-64.46,-54.42,-42.78,-58.65,-41.41,-59.08,2026-06-04 01:44:03+00:00
2026-06-04T01:45:03+00:00,-49.80,-64.64,-65.39,-59.29,-62.12,-46.94,-50.75,-64.23,-50.86,-41.50,-48.86,-64.37,-54.27,-42.62,-58.76,-41.61,-58.59,2026-06-04 01:45:03+00:00
2026-06-04T01:46:04+00:00,-49.82,-64.35,-65.83,-59.07,-60.90,-47.09,-50.73,-64.81,-50.79,-41.94,-49.12,-65.50,-54.42,-42.07,-58.77,-41.23,-59.25,2026-06-04 01:46:04+00:00
2026-06-04T01:47:03+00:00,-49.94,-65.54,-66.81,-59.67,-61.07,-47.32,-50.76,-64.47,-51.26,-42.84,-49.19,-66.27,-54.25,-41.69,-58.76,-38.74,-59.55,2026-06-04 01:47:03+00:00
2026-06-04T01:48:03+00:00,-49.97,-66.18,-66.75,-59.58,-61.45,-47.35,-50.93,-65.38,-51.36,-43.43,-49.25,-65.92,-54.12,-41.47,-58.67,-37.77,-59.47,2026-06-04 01:48:03+00:00
2026-06-04T01:49:04+00:00,-49.85,-64.55,-65.76,-59.32,-61.89,-47.11,-51.03,-64.80,-51.20,-43.35,-49.28,-65.48,-54.31,-41.33,-59.24,-38.84,-58.95,2026-06-04 01:49:04+00:00
2026-06-04T01:50:04+00:00,-49.94,-65.72,-66.39,-59.41,-61.52,-47.35,-51.12,-64.61,-51.25,-43.38,-49.11,-65.81,-54.40,-40.74,-59.06,-40.05,-59.39,2026-06-04 01:50:04+00:00
2026-06-04T01:51:03+00:00,-49.75,-65.37,-66.50,-59.48,-61.56,-47.18,-51.49,-65.03,-51.36,-43.70,-49.16,-66.25,-54.63,-40.37,-58.49,-39.62,-59.20,2026-06-04 01:51:03+00:00
2026-06-04T01:52:03+00:00,-49.81,-65.19,-66.01,-59.04,-61.76,-47.25,-51.20,-64.87,-51.34,-42.68,-49.24,-65.30,-54.79,-40.56,-58.85,-39.31,-59.02,2026-06-04 01:52:03+00:00
2026-06-04T01:53:04+00:00,-50.86,-65.32,-65.83,-59.48,-60.15,-47.07,-51.44,-64.76,-51.15,-42.54,-49.01,-65.45,-55.02,-40.47,-58.70,-38.29,-59.20,2026-06-04 01:53:04+00:00
2026-06-04T01:54:04+00:00,-51.32,-63.74,-65.59,-59.59,-61.23,-47.01,-51.66,-64.44,-51.55,-42.35,-48.86,-64.93,-55.02,-40.81,-58.63,-38.21,-58.67,2026-06-04 01:54:04+00:00
2026-06-04T01:55:03+00:00,-51.05,-64.89,-65.78,-59.39,-61.89,-46.99,-51.12,-64.98,-59.06,-41.86,-48.82,-65.22,-54.96,-40.64,-58.73,-38.33,-59.04,2026-06-04 01:55:03+00:00
2026-06-04T01:56:03+00:00,-57.61,-65.21,-65.53,-59.18,-61.41,-47.23,-50.88,-64.79,-60.70,-42.14,-48.83,-65.45,-54.83,-40.75,-58.55,-38.72,-59.04,2026-06-04 01:56:03+00:00
2026-06-04T01:57:04+00:00,-57.81,-64.70,-66.05,-59.04,-60.84,-47.45,-51.35,-64.97,-58.30,-41.82,-48.85,-65.57,-54.74,-40.52,-58.77,-39.36,-59.07,2026-06-04 01:57:04+00:00
2026-06-04T01:58:04+00:00,-57.39,-64.89,-65.61,-59.62,-62.06,-47.34,-49.59,-64.69,-58.58,-41.51,-49.00,-65.89,-54.65,-40.31,-58.38,-39.36,-59.22,2026-06-04 01:58:04+00:00
2026-06-04T01:59:03+00:00,-57.45,-65.30,-66.17,-59.38,-61.96,-47.60,-51.25,-65.36,-58.37,-42.39,-49.01,-66.10,-54.49,-39.81,-58.73,-39.74,-59.45,2026-06-04 01:59:03+00:00
2026-06-04T02:00:03+00:00,-53.32,-65.00,-66.16,-59.45,-62.26,-47.22,-51.16,-64.50,-57.99,-42.60,-49.06,-65.93,-54.64,-39.99,-58.68,-40.47,-59.43,2026-06-04 02:00:03+00:00
2026-06-04T02:01:03+00:00,-53.52,-64.78,-65.53,-59.68,-62.42,-46.89,-50.94,-64.63,-57.77,-42.90,-48.86,-65.27,-54.93,-40.37,-59.35,-41.46,-58.73,2026-06-04 02:01:03+00:00
2026-06-04T02:02:04+00:00,-53.55,-65.28,-66.25,-59.65,-61.54,-47.36,-51.08,-65.13,-58.04,-42.90,-49.42,-66.56,-54.92,-40.24,-59.47,-42.33,-59.52,2026-06-04 02:02:04+00:00
2026-06-04T02:03:03+00:00,-53.28,-65.77,-66.94,-59.20,-62.78,-47.59,-51.14,-65.32,-58.03,-43.20,-49.76,-66.94,-55.02,-40.09,-58.21,-42.57,-59.73,2026-06-04 02:03:03+00:00
2026-06-04T02:04:04+00:00,-53.26,-65.50,-66.47,-59.07,-61.70,-47.57,-51.17,-65.04,-58.73,-43.93,-50.01,-66.47,-55.15,-39.99,-58.41,-42.91,-59.55,2026-06-04 02:04:04+00:00
2026-06-04T02:05:04+00:00,-53.25,-64.19,-65.89,-59.44,-62.41,-47.20,-50.81,-64.04,-58.60,-44.21,-50.12,-65.56,-55.26,-39.96,-58.46,-42.67,-58.77,2026-06-04 02:05:04+00:00
2026-06-04T02:06:03+00:00,-53.23,-64.44,-65.35,-59.80,-62.96,-47.34,-50.93,-64.52,-52.67,-44.51,-50.17,-65.44,-55.43,-39.60,-58.92,-42.73,-57.99,2026-06-04 02:06:03+00:00
2026-06-04T02:07:04+00:00,-53.21,-63.41,-65.20,-59.80,-62.39,-47.25,-51.24,-64.24,-52.82,-44.48,-50.08,-64.86,-55.83,-39.18,-58.33,-43.37,-58.17,2026-06-04 02:07:04+00:00
2026-06-04T02:08:03+00:00,-53.41,-65.95,-66.19,-59.89,-61.53,-47.41,-51.02,-65.57,-52.96,-45.10,-49.93,-65.48,-56.05,-39.32,-59.14,-44.48,-59.47,2026-06-04 02:08:03+00:00
2026-06-04T02:09:04+00:00,-53.42,-64.91,-66.64,-59.77,-61.70,-47.07,-51.33,-64.96,-52.92,-45.22,-49.99,-66.39,-56.48,-39.26,-58.36,-46.05,-59.44,2026-06-04 02:09:04+00:00
2026-06-04T02:10:03+00:00,-53.26,-65.11,-65.91,-59.81,-62.73,-47.42,-51.52,-64.52,-52.72,-45.61,-49.75,-65.59,-56.60,-39.52,-58.45,-47.27,-59.69,2026-06-04 02:10:03+00:00
2026-06-04T02:11:03+00:00,-53.74,-65.48,-65.53,-59.68,-62.72,-47.12,-51.50,-64.98,-52.73,-45.06,-49.62,-64.89,-56.68,-39.69,-58.94,-48.70,-59.87,2026-06-04 02:11:03+00:00
2026-06-04T02:12:04+00:00,-53.59,-66.32,-66.83,-59.84,-62.40,-46.95,-51.40,-65.36,-52.61,-45.67,-49.65,-65.58,-57.12,-40.01,-58.47,-48.47,-59.63,2026-06-04 02:12:04+00:00
2026-06-04T02:13:04+00:00,-53.67,-65.19,-66.55,-59.62,-61.07,-46.68,-51.35,-64.76,-52.67,-44.73,-49.41,-65.60,-57.47,-40.09,-58.69,-43.73,-59.06,2026-06-04 02:13:04+00:00
2026-06-04T02:14:03+00:00,-53.49,-65.30,-65.66,-59.58,-61.16,-46.59,-51.62,-64.62,-52.60,-45.13,-49.22,-65.16,-57.74,-40.38,-58.49,-41.55,-59.61,2026-06-04 02:14:03+00:00
2026-06-04T02:15:03+00:00,-53.60,-65.43,-66.37,-59.62,-61.51,-46.70,-51.89,-65.32,-52.55,-46.09,-49.01,-65.81,-58.13,-40.50,-59.20,-40.95,-59.13,2026-06-04 02:15:03+00:00
2026-06-04T02:16:04+00:00,-53.65,-64.78,-66.49,-59.92,-62.17,-46.79,-51.79,-64.75,-52.43,-45.40,-49.22,-66.12,-58.37,-40.94,-59.05,-42.37,-59.14,2026-06-04 02:16:04+00:00
2026-06-04T02:17:03+00:00,-53.82,-64.97,-65.12,-59.85,-62.07,-46.91,-51.67,-64.79,-52.06,-45.12,-49.03,-65.05,-58.60,-41.05,-58.87,-43.14,-59.14,2026-06-04 02:17:03+00:00
2026-06-04T02:18:03+00:00,-53.89,-65.70,-66.22,-59.91,-62.30,-47.71,-52.12,-64.75,-52.02,-44.29,-48.70,-65.52,-59.36,-41.47,-58.81,-43.48,-59.23,2026-06-04 02:18:03+00:00
2026-06-04T02:19:04+00:00,-53.81,-66.16,-67.20,-59.89,-63.26,-49.40,-52.33,-65.03,-52.06,-43.64,-48.84,-66.71,-59.21,-41.80,-58.61,-41.43,-59.44,2026-06-04 02:19:04+00:00
2026-06-04T02:20:04+00:00,-53.88,-64.84,-66.24,-59.89,-61.91,-49.41,-52.10,-65.28,-52.09,-43.39,-49.10,-66.33,-59.23,-41.94,-58.65,-40.88,-58.93,2026-06-04 02:20:04+00:00
2026-06-04T02:21:03+00:00,-53.66,-64.49,-65.80,-59.54,-61.71,-48.98,-51.99,-64.75,-51.95,-42.74,-49.03,-65.34,-59.07,-42.21,-58.07,-40.59,-59.01,2026-06-04 02:21:03+00:00
2026-06-04T02:22:03+00:00,-53.36,-64.63,-65.57,-59.83,-62.98,-48.92,-51.87,-65.13,-52.05,-42.52,-49.33,-65.78,-58.77,-41.82,-58.39,-40.16,-58.25,2026-06-04 02:22:03+00:00
2026-06-04T02:23:04+00:00,-53.40,-65.25,-65.90,-60.02,-61.72,-49.04,-51.78,-64.70,-51.94,-42.11,-49.32,-65.56,-59.22,-41.59,-58.30,-40.73,-59.04,2026-06-04 02:23:04+00:00
2026-06-04T02:24:04+00:00,-53.32,-64.66,-66.00,-60.20,-62.52,-48.94,-51.70,-65.27,-51.98,-41.82,-49.49,-66.28,-59.29,-42.36,-58.91,-40.70,-59.18,2026-06-04 02:24:04+00:00
2026-06-04T02:25:04+00:00,-53.18,-64.99,-66.21,-60.18,-62.29,-49.21,-51.32,-64.16,-49.27,-41.74,-49.23,-65.03,-59.16,-42.45,-58.69,-43.06,-58.72,2026-06-04 02:25:04+00:00
2026-06-04T02:26:03+00:00,-49.58,-64.50,-66.75,-60.27,-61.45,-49.07,-51.36,-64.94,-49.25,-41.67,-49.46,-66.58,-59.52,-42.98,-58.92,-44.56,-59.36,2026-06-04 02:26:03+00:00
2026-06-04T02:27:04+00:00,-49.71,-63.83,-66.05,-60.26,-61.40,-49.13,-51.04,-64.42,-49.36,-41.62,-49.65,-65.01,-59.65,-43.36,-59.12,-46.42,-59.51,2026-06-04 02:27:04+00:00
2026-06-04T02:28:04+00:00,-49.71,-65.05,-66.50,-60.83,-62.26,-49.24,-51.26,-65.31,-49.35,-41.68,-49.67,-65.85,-60.12,-43.85,-58.94,-44.93,-60.40,2026-06-04 02:28:04+00:00
2026-06-04T02:29:03+00:00,-49.66,-65.05,-66.09,-60.08,-63.12,-48.94,-51.82,-65.54,-49.39,-41.94,-49.64,-66.78,-59.79,-44.28,-58.62,-43.51,-59.65,2026-06-04 02:29:03+00:00
2026-06-04T02:30:03+00:00,-49.69,-64.95,-66.85,-60.11,-62.66,-48.82,-51.34,-64.87,-49.37,-41.84,-49.52,-66.86,-60.19,-44.58,-58.40,-43.44,-59.43,2026-06-04 02:30:03+00:00
2026-06-04T02:31:03+00:00,-49.52,-64.94,-66.01,-60.06,-63.88,-48.16,-51.46,-64.85,-49.35,-42.46,-49.36,-66.38,-60.21,-45.02,-58.87,-44.38,-59.15,2026-06-04 02:31:03+00:00
2026-06-04T02:32:04+00:00,-49.64,-65.32,-66.36,-60.02,-62.84,-47.85,-52.12,-65.22,-49.37,-42.88,-49.39,-66.85,-60.55,-45.96,-59.03,-44.32,-59.38,2026-06-04 02:32:04+00:00
2026-06-04T02:33:04+00:00,-49.66,-64.74,-65.85,-59.88,-62.47,-47.77,-52.10,-64.86,-49.41,-43.71,-49.27,-65.71,-60.51,-45.63,-59.37,-44.12,-58.96,2026-06-04 02:33:04+00:00
2026-06-04T02:34:03+00:00,-49.60,-66.47,-67.81,-60.40,-62.04,-47.61,-51.82,-65.48,-49.29,-44.22,-49.40,-67.01,-60.80,-46.03,-59.06,-44.97,-59.62,2026-06-04 02:34:03+00:00
2026-06-04T02:35:03+00:00,-49.62,-64.15,-66.16,-59.98,-62.45,-47.44,-51.53,-64.87,-50.22,-45.43,-49.30,-66.32,-60.94,-46.03,-58.84,-44.39,-59.28,2026-06-04 02:35:03+00:00
2026-06-04T02:36:03+00:00,-50.84,-64.71,-66.08,-60.38,-62.16,-47.14,-51.84,-64.95,-51.02,-46.44,-48.96,-66.03,-60.92,-46.12,-58.86,-45.40,-59.75,2026-06-04 02:36:03+00:00
2026-06-04T02:37:03+00:00,-50.82,-65.27,-67.48,-60.12,-63.29,-47.01,-51.85,-65.88,-50.82,-47.48,-49.17,-67.52,-61.15,-46.50,-59.02,-46.35,-60.01,2026-06-04 02:37:03+00:00
2026-06-04T02:38:04+00:00,-50.75,-64.52,-66.60,-59.94,-62.74,-46.59,-51.84,-65.20,-50.93,-48.63,-49.25,-66.62,-61.19,-46.75,-59.18,-47.65,-60.00,2026-06-04 02:38:04+00:00
2026-06-04T02:39:04+00:00,-50.81,-64.67,-66.75,-60.24,-61.67,-46.34,-51.71,-65.15,-50.80,-49.91,-49.25,-66.66,-61.03,-45.86,-59.14,-48.29,-60.51,2026-06-04 02:39:04+00:00
2026-06-04T02:40:03+00:00,-50.84,-64.80,-66.81,-60.30,-62.87,-44.82,-51.70,-65.11,-51.18,-51.65,-49.13,-66.47,-60.75,-45.36,-59.19,-49.31,-60.50,2026-06-04 02:40:03+00:00
2026-06-04T02:41:03+00:00,-50.69,-65.65,-66.25,-60.19,-62.75,-45.05,-52.03,-64.83,-51.12,-52.95,-49.00,-65.48,-60.71,-45.11,-59.19,-49.05,-60.49,2026-06-04 02:41:03+00:00
2026-06-04T02:42:04+00:00,-50.70,-65.57,-66.29,-60.52,-61.21,-45.01,-51.89,-65.00,-51.11,-54.61,-49.29,-65.71,-60.71,-44.10,-58.88,-49.10,-60.42,2026-06-04 02:42:04+00:00
2026-06-04T02:43:03+00:00,-50.65,-64.93,-65.72,-60.40,-63.51,-45.32,-51.78,-65.61,-51.25,-54.99,-49.23,-66.01,-60.58,-44.42,-59.20,-48.94,-60.16,2026-06-04 02:43:03+00:00
2026-06-04T02:44:03+00:00,-50.78,-65.89,-66.73,-60.70,-63.95,-45.26,-52.03,-65.07,-51.23,-57.34,-49.00,-66.84,-60.73,-44.60,-59.03,-50.51,-60.15,2026-06-04 02:44:03+00:00
2026-06-04T02:45:03+00:00,-50.80,-64.82,-65.97,-60.38,-62.99,-45.63,-51.84,-64.68,-51.12,-57.33,-48.80,-65.70,-60.37,-44.08,-59.12,-48.96,-59.97,2026-06-04 02:45:03+00:00
2026-06-04T02:46:04+00:00,-51.12,-64.46,-65.66,-59.86,-62.03,-46.02,-52.01,-64.93,-51.41,-58.51,-48.66,-65.19,-60.03,-43.99,-58.71,-49.75,-59.84,2026-06-04 02:46:04+00:00
2026-06-04T02:47:03+00:00,-51.10,-65.22,-65.65,-60.33,-63.16,-46.08,-52.03,-64.29,-51.70,-57.86,-48.67,-66.08,-59.97,-43.73,-58.79,-48.82,-59.93,2026-06-04 02:47:03+00:00
2026-06-04T02:48:03+00:00,-51.03,-65.35,-66.07,-60.39,-61.81,-46.18,-51.96,-64.84,-51.64,-58.14,-48.43,-65.87,-59.99,-43.22,-58.61,-48.23,-59.97,2026-06-04 02:48:03+00:00
2026-06-04T02:49:04+00:00,-50.64,-65.71,-65.82,-60.25,-61.84,-46.32,-51.84,-64.83,-51.61,-57.79,-48.42,-65.92,-59.98,-42.87,-59.00,-48.86,-59.86,2026-06-04 02:49:04+00:00
2026-06-04T02:50:04+00:00,-50.82,-65.13,-65.35,-60.61,-62.66,-46.64,-52.04,-64.39,-51.64,-56.95,-48.53,-65.54,-59.68,-42.57,-58.70,-49.60,-59.62,2026-06-04 02:50:04+00:00
2026-06-04T02:51:03+00:00,-49.59,-65.11,-65.93,-60.59,-63.37,-46.37,-51.52,-64.75,-51.61,-56.77,-48.25,-65.78,-59.69,-41.90,-59.53,-48.31,-60.00,2026-06-04 02:51:03+00:00
2026-06-04T02:52:03+00:00,-49.59,-64.28,-65.77,-60.43,-62.45,-46.60,-51.37,-64.94,-51.59,-56.62,-48.19,-65.62,-59.55,-41.92,-59.17,-48.41,-59.91,2026-06-04 02:52:03+00:00
2026-06-04T02:53:04+00:00,-49.61,-62.76,-66.10,-60.27,-62.92,-46.72,-51.57,-64.66,-51.82,-56.25,-48.09,-66.43,-59.61,-41.79,-58.90,-47.93,-59.11,2026-06-04 02:53:04+00:00
2026-06-04T02:54:04+00:00,-49.50,-65.29,-66.14,-60.67,-62.73,-46.67,-51.51,-65.56,-51.70,-55.40,-48.04,-67.06,-59.71,-41.62,-59.12,-48.24,-60.51,2026-06-04 02:54:04+00:00
2026-06-04T02:55:03+00:00,-49.61,-65.72,-66.23,-60.82,-63.54,-46.82,-51.25,-65.89,-59.42,-55.09,-48.02,-66.86,-59.68,-41.28,-58.95,-48.49,-60.63,2026-06-04 02:55:03+00:00
2026-06-04T02:56:03+00:00,-53.03,-65.74,-67.17,-61.05,-62.79,-46.93,-51.75,-65.98,-57.98,-54.42,-47.87,-67.31,-59.81,-41.03,-59.46,-49.08,-60.50,2026-06-04 02:56:03+00:00
2026-06-04T02:57:04+00:00,-53.09,-65.72,-66.31,-60.54,-62.90,-46.91,-52.15,-65.85,-57.87,-53.75,-47.84,-66.35,-59.67,-41.13,-59.26,-48.78,-60.35,2026-06-04 02:57:04+00:00
2026-06-04T02:58:04+00:00,-53.01,-66.02,-66.12,-60.75,-62.86,-46.99,-52.27,-65.73,-58.05,-52.71,-47.78,-67.03,-59.81,-40.69,-59.55,-49.13,-60.36,2026-06-04 02:58:04+00:00
2026-06-04T02:59:03+00:00,-53.14,-65.90,-67.01,-60.51,-63.34,-47.29,-52.43,-65.14,-58.09,-52.56,-47.96,-67.08,-59.83,-40.28,-59.50,-49.06,-60.55,2026-06-04 02:59:03+00:00
2026-06-04T03:00:04+00:00,-53.06,-65.25,-66.19,-60.51,-63.20,-47.03,-52.55,-64.48,-58.14,-52.14,-48.13,-66.60,-59.68,-39.75,-59.47,-48.79,-60.12,2026-06-04 03:00:04+00:00
2026-06-04T03:01:04+00:00,-53.11,-66.00,-66.60,-60.43,-62.36,-47.01,-53.01,-64.91,-58.20,-51.66,-48.12,-66.92,-59.79,-39.59,-58.67,-48.68,-60.45,2026-06-04 03:01:04+00:00
2026-06-04T03:02:04+00:00,-52.97,-66.37,-66.87,-60.47,-62.57,-47.25,-52.70,-65.27,-58.23,-51.33,-48.37,-67.20,-59.66,-39.34,-59.28,-48.92,-60.50,2026-06-04 03:02:04+00:00
2026-06-04T03:03:04+00:00,-53.12,-66.02,-66.53,-60.80,-62.77,-47.35,-52.74,-64.65,-58.17,-51.03,-48.59,-67.07,-59.96,-39.50,-59.52,-48.79,-60.33,2026-06-04 03:03:04+00:00
2026-06-04T03:04:03+00:00,-53.38,-65.93,-65.96,-60.72,-63.36,-47.37,-52.28,-65.97,-58.51,-50.53,-48.81,-66.69,-59.99,-39.36,-59.32,-48.89,-60.22,2026-06-04 03:04:03+00:00
2026-06-04T03:05:04+00:00,-53.28,-66.36,-67.33,-60.87,-62.38,-47.01,-52.62,-66.19,-52.63,-50.12,-48.95,-67.12,-59.91,-39.74,-59.38,-49.11,-60.54,2026-06-04 03:05:04+00:00
2026-06-04T03:06:03+00:00,-52.95,-65.14,-65.89,-60.82,-62.89,-47.16,-52.10,-65.23,-52.60,-49.77,-49.46,-66.45,-60.14,-39.89,-59.38,-49.36,-60.03,2026-06-04 03:06:03+00:00
2026-06-04T03:07:04+00:00,-53.47,-65.09,-66.10,-60.38,-62.98,-47.29,-51.89,-65.50,-52.61,-49.54,-49.74,-66.46,-60.21,-40.55,-59.05,-48.56,-60.04,2026-06-04 03:07:04+00:00
2026-06-04T03:08:04+00:00,-53.28,-65.56,-66.75,-60.97,-62.67,-47.21,-52.05,-65.64,-52.64,-49.06,-49.92,-67.28,-60.10,-40.77,-59.31,-48.36,-60.16,2026-06-04 03:08:04+00:00
2026-06-04T03:09:03+00:00,-53.54,-65.15,-66.24,-60.85,-63.27,-47.24,-52.03,-65.51,-52.63,-49.10,-49.99,-66.53,-60.15,-41.05,-58.90,-48.40,-60.39,2026-06-04 03:09:03+00:00
2026-06-04T03:10:04+00:00,-53.67,-64.43,-65.82,-60.89,-62.00,-47.43,-51.53,-65.51,-52.58,-49.03,-50.10,-66.50,-60.13,-41.34,-59.25,-48.26,-60.29,2026-06-04 03:10:04+00:00
2026-06-04T03:11:04+00:00,-53.65,-65.36,-67.02,-61.14,-63.61,-47.32,-51.68,-65.94,-52.63,-48.85,-50.54,-67.41,-60.49,-41.84,-59.83,-48.87,-60.57,2026-06-04 03:11:04+00:00
2026-06-04T03:12:03+00:00,-53.48,-64.73,-65.90,-60.80,-62.97,-47.32,-51.56,-65.82,-52.71,-48.48,-50.99,-65.85,-59.83,-42.05,-59.22,-48.86,-60.10,2026-06-04 03:12:03+00:00
2026-06-04T03:13:03+00:00,-53.57,-64.72,-66.50,-60.37,-63.54,-47.48,-51.55,-65.53,-52.65,-48.62,-51.12,-66.75,-60.48,-42.38,-59.13,-48.85,-59.91,2026-06-04 03:13:03+00:00
2026-06-04T03:14:04+00:00,-53.56,-65.52,-66.64,-60.51,-63.40,-47.55,-51.57,-65.99,-52.66,-48.55,-51.19,-67.02,-60.51,-42.56,-59.74,-49.31,-60.33,2026-06-04 03:14:04+00:00
2026-06-04T03:15:03+00:00,-53.56,-64.43,-66.30,-60.29,-63.06,-47.37,-51.40,-65.40,-52.69,-48.46,-51.52,-66.32,-60.60,-42.99,-58.85,-49.48,-60.39,2026-06-04 03:15:03+00:00
2026-06-04T03:16:03+00:00,-53.45,-64.35,-65.50,-60.33,-62.73,-47.41,-51.54,-65.38,-52.01,-48.21,-51.52,-65.91,-60.55,-43.30,-58.94,-49.29,-59.67,2026-06-04 03:16:03+00:00
2026-06-04T03:17:04+00:00,-52.71,-64.90,-66.27,-60.70,-63.08,-47.30,-51.36,-65.51,-52.12,-48.15,-51.38,-66.38,-60.75,-43.42,-59.12,-49.52,-60.60,2026-06-04 03:17:04+00:00
2026-06-04T03:18:04+00:00,-52.63,-65.36,-66.25,-60.22,-62.98,-47.44,-51.43,-65.27,-52.18,-48.14,-51.45,-66.43,-60.67,-43.86,-58.72,-49.62,-60.51,2026-06-04 03:18:04+00:00
2026-06-04T03:19:03+00:00,-51.37,-64.83,-65.88,-60.44,-62.31,-47.48,-51.28,-65.06,-52.04,-48.12,-50.93,-66.56,-60.80,-44.39,-59.13,-49.93,-60.62,2026-06-04 03:19:03+00:00
2026-06-04T03:20:03+00:00,-56.62,-65.59,-66.90,-60.99,-62.90,-47.53,-51.02,-65.58,-52.05,-48.08,-50.88,-67.07,-61.12,-44.62,-59.10,-50.00,-60.65,2026-06-04 03:20:03+00:00
2026-06-04T03:21:04+00:00,-57.12,-65.06,-65.76,-60.76,-62.06,-47.35,-51.03,-64.81,-52.11,-48.10,-50.85,-66.47,-60.80,-45.34,-59.20,-49.24,-60.39,2026-06-04 03:21:04+00:00
2026-06-04T03:22:03+00:00,-56.96,-64.96,-66.48,-61.27,-62.53,-47.51,-51.10,-64.85,-52.19,-47.85,-50.92,-66.88,-61.16,-45.69,-59.14,-49.94,-60.58,2026-06-04 03:22:03+00:00
2026-06-04T03:23:03+00:00,-56.81,-64.73,-65.95,-60.92,-62.29,-47.37,-50.96,-65.40,-52.00,-47.86,-51.00,-66.95,-61.24,-46.57,-58.93,-49.98,-60.45,2026-06-04 03:23:03+00:00
2026-06-04T03:24:04+00:00,-56.59,-65.33,-66.25,-60.70,-61.94,-47.58,-51.04,-64.78,-52.18,-47.77,-51.13,-66.59,-61.24,-47.34,-59.10,-49.52,-60.58,2026-06-04 03:24:04+00:00
2026-06-04T03:25:04+00:00,-56.73,-65.32,-65.85,-61.12,-63.40,-47.62,-50.87,-64.98,-49.26,-47.76,-51.30,-66.44,-61.43,-48.44,-59.17,-49.18,-60.65,2026-06-04 03:25:04+00:00
2026-06-04T03:26:03+00:00,-50.01,-65.45,-66.04,-61.05,-63.33,-47.77,-50.89,-65.39,-49.51,-47.91,-51.36,-66.59,-61.39,-49.24,-58.86,-49.31,-60.65,2026-06-04 03:26:03+00:00
2026-06-04T03:27:03+00:00,-49.72,-65.10,-65.94,-60.63,-62.95,-47.64,-50.89,-65.45,-49.45,-47.74,-51.31,-66.49,-61.64,-50.43,-59.04,-49.30,-60.51,2026-06-04 03:27:03+00:00
2026-06-04T03:28:04+00:00,-49.64,-65.42,-66.33,-60.89,-62.28,-47.69,-50.57,-65.14,-49.51,-47.61,-51.25,-66.95,-61.72,-51.72,-59.17,-49.29,-60.50,2026-06-04 03:28:04+00:00
2026-06-04T03:29:04+00:00,-49.64,-65.44,-66.59,-60.77,-63.12,-47.72,-50.45,-65.52,-49.48,-47.67,-51.19,-67.06,-61.66,-53.10,-59.34,-48.99,-60.56,2026-06-04 03:29:04+00:00
2026-06-04T03:30:03+00:00,-49.57,-65.01,-66.03,-60.77,-63.20,-47.77,-50.47,-65.75,-49.53,-47.54,-51.18,-66.66,-61.84,-54.51,-59.27,-49.27,-60.26,2026-06-04 03:30:03+00:00
2026-06-04T03:31:04+00:00,-49.47,-65.10,-66.46,-61.07,-62.67,-47.52,-50.50,-64.44,-49.49,-47.60,-51.13,-66.54,-61.91,-56.07,-59.17,-48.75,-60.37,2026-06-04 03:31:04+00:00
2026-06-04T03:32:03+00:00,-49.59,-65.02,-66.38,-60.87,-63.60,-49.01,-50.58,-65.10,-49.49,-47.45,-51.04,-67.28,-61.51,-57.50,-59.16,-48.60,-59.50,2026-06-04 03:32:03+00:00
2026-06-04T03:33:04+00:00,-49.60,-65.37,-66.07,-60.77,-62.40,-52.17,-50.40,-65.35,-49.50,-47.50,-51.19,-67.14,-62.09,-57.23,-59.03,-48.31,-60.15,2026-06-04 03:33:04+00:00
2026-06-04T03:34:03+00:00,-49.79,-65.23,-66.15,-61.19,-63.49,-52.15,-50.40,-66.31,-49.42,-47.65,-51.16,-66.73,-62.10,-56.54,-59.44,-48.04,-60.07,2026-06-04 03:34:03+00:00
2026-06-04T03:35:03+00:00,-49.85,-65.32,-66.66,-60.92,-62.77,-52.32,-50.63,-65.84,-51.28,-47.45,-51.08,-67.05,-62.14,-55.22,-58.53,-48.03,-60.10,2026-06-04 03:35:03+00:00
2026-06-04T03:36:03+00:00,-49.75,-64.78,-66.15,-60.60,-63.54,-52.26,-50.55,-64.31,-51.25,-47.35,-50.83,-66.82,-62.03,-53.92,-59.24,-47.96,-60.00,2026-06-04 03:36:03+00:00
2026-06-04T03:37:03+00:00,-49.77,-64.99,-66.31,-61.13,-62.67,-52.30,-50.63,-66.11,-51.25,-47.28,-50.72,-66.55,-62.32,-52.71,-59.18,-48.16,-60.55,2026-06-04 03:37:03+00:00
2026-06-04T03:38:04+00:00,-49.94,-64.90,-66.53,-61.46,-63.14,-52.47,-50.71,-65.51,-51.14,-47.35,-50.83,-67.17,-62.09,-51.48,-59.72,-48.15,-59.79,2026-06-04 03:38:04+00:00
2026-06-04T03:39:04+00:00,-49.95,-64.64,-66.50,-61.38,-63.03,-52.29,-50.43,-66.45,-51.24,-47.35,-50.84,-66.87,-62.15,-50.47,-59.41,-48.53,-58.99,2026-06-04 03:39:04+00:00
2026-06-04T03:40:03+00:00,-49.69,-66.85,-71.17,-62.03,-66.41,-52.55,-50.73,-68.24,-51.40,-47.11,-50.77,-70.73,-63.09,-49.97,-59.86,-48.52,-60.44,2026-06-04 03:40:03+00:00
2026-06-04T03:41:04+00:00,-49.57,-63.89,-71.34,-62.06,-65.34,-52.65,-50.90,-67.99,-51.38,-47.09,-50.84,-70.62,-63.19,-49.19,-59.29,-48.61,-60.41,2026-06-04 03:41:04+00:00
2026-06-04T03:42:04+00:00,-49.74,-64.47,-71.35,-62.26,-65.71,-52.51,-51.13,-68.30,-51.12,-47.18,-50.77,-70.58,-63.36,-48.66,-60.02,-48.46,-59.82,2026-06-04 03:42:04+00:00
2026-06-04T03:43:03+00:00,-49.42,-64.41,-71.17,-62.05,-66.71,-52.62,-50.77,-68.27,-51.04,-47.20,-50.71,-70.63,-63.27,-48.00,-59.84,-48.46,-60.98,2026-06-04 03:43:03+00:00
2026-06-04T03:44:03+00:00,-49.79,-64.32,-71.05,-62.00,-66.83,-52.62,-50.64,-68.17,-51.07,-47.13,-50.73,-70.68,-63.35,-47.71,-59.60,-48.99,-60.65,2026-06-04 03:44:03+00:00
2026-06-04T03:45:04+00:00,-49.87,-63.91,-70.79,-61.92,-65.59,-52.75,-50.87,-67.80,-51.06,-47.34,-50.64,-70.29,-63.43,-47.30,-59.69,-48.79,-60.78,2026-06-04 03:45:04+00:00
2026-06-04T03:46:04+00:00,-49.68,-63.51,-71.06,-62.11,-66.30,-52.73,-51.02,-67.41,-51.55,-47.26,-50.75,-70.42,-63.22,-46.89,-59.40,-48.99,-59.96,2026-06-04 03:46:04+00:00
2026-06-04T03:47:03+00:00,-49.78,-64.18,-70.99,-61.99,-65.66,-52.66,-50.83,-67.43,-51.51,-47.27,-50.82,-70.45,-63.31,-46.66,-59.31,-48.93,-60.36,2026-06-04 03:47:03+00:00
2026-06-04T03:48:03+00:00,-49.88,-63.52,-70.95,-62.33,-66.25,-52.66,-51.13,-67.57,-51.56,-47.12,-50.78,-70.70,-63.67,-46.43,-59.92,-48.73,-60.35,2026-06-04 03:48:03+00:00
2026-06-04T03:49:04+00:00,-49.29,-64.64,-71.05,-61.98,-65.60,-52.71,-50.83,-67.41,-51.51,-47.31,-50.97,-70.33,-63.63,-45.96,-59.88,-48.71,-59.85,2026-06-04 03:49:04+00:00
2026-06-04T03:50:04+00:00,-49.87,-63.98,-70.96,-62.02,-66.22,-52.81,-50.91,-67.77,-51.48,-47.31,-51.27,-70.58,-63.71,-46.03,-59.60,-48.85,-60.19,2026-06-04 03:50:04+00:00
2026-06-04T03:51:03+00:00,-49.44,-64.13,-71.12,-61.84,-65.70,-52.70,-51.49,-67.62,-51.49,-47.37,-51.41,-70.42,-63.71,-45.81,-60.14,-48.82,-59.90,2026-06-04 03:51:03+00:00
2026-06-04T03:52:04+00:00,-49.44,-64.47,-70.97,-62.04,-65.86,-51.78,-51.15,-67.90,-51.48,-47.51,-51.52,-70.41,-63.68,-45.47,-59.74,-48.71,-60.15,2026-06-04 03:52:04+00:00
2026-06-04T03:53:04+00:00,-50.40,-63.97,-71.07,-61.83,-66.40,-51.64,-51.53,-67.94,-51.58,-47.40,-51.48,-70.36,-63.61,-45.40,-58.56,-49.07,-60.03,2026-06-04 03:53:04+00:00
2026-06-04T03:54:03+00:00,-50.24,-63.52,-70.67,-61.77,-66.47,-47.79,-51.03,-67.13,-55.23,-47.41,-51.62,-69.80,-63.65,-45.33,-59.23,-48.96,-59.40,2026-06-04 03:54:03+00:00
2026-06-04T03:55:03+00:00,-50.74,-64.80,-70.46,-62.05,-66.19,-47.80,-51.50,-68.10,-58.46,-47.49,-51.84,-69.41,-63.69,-45.34,-59.54,-48.99,-59.95,2026-06-04 03:55:03+00:00
2026-06-04T03:56:05+00:00,-53.28,-64.35,-70.23,-61.84,-67.62,-47.68,-51.42,-67.69,-58.32,-47.45,-52.22,-69.38,-63.86,-45.09,-59.86,-49.14,-59.77,2026-06-04 03:56:05+00:00
2026-06-04T03:57:03+00:00,-54.20,-63.69,-69.94,-61.78,-66.46,-47.55,-51.73,-67.45,-58.56,-47.49,-52.23,-69.67,-63.89,-45.20,-59.69,-48.99,-60.13,2026-06-04 03:57:03+00:00
2026-06-04T03:58:04+00:00,-53.72,-64.12,-70.18,-62.06,-66.24,-47.65,-51.69,-67.34,-58.58,-47.52,-52.49,-69.41,-63.88,-45.08,-59.85,-48.96,-60.58,2026-06-04 03:58:04+00:00
2026-06-04T03:59:04+00:00,-53.45,-64.97,-70.40,-62.32,-66.58,-46.74,-51.06,-67.62,-58.59,-47.52,-52.50,-69.69,-63.63,-45.21,-59.75,-49.37,-60.47,2026-06-04 03:59:04+00:00
2026-06-04T04:00:03+00:00,-52.07,-64.90,-70.22,-62.18,-67.20,-46.84,-51.28,-67.91,-58.32,-47.66,-52.67,-69.38,-63.98,-45.29,-58.11,-49.19,-59.79,2026-06-04 04:00:03+00:00
2026-06-04T04:01:03+00:00,-52.64,-64.90,-70.21,-62.11,-66.32,-46.97,-51.83,-67.79,-58.54,-47.77,-52.85,-69.64,-64.08,-45.13,-57.98,-49.15,-59.54,2026-06-04 04:01:03+00:00
2026-06-04T04:02:03+00:00,-52.77,-65.79,-70.10,-62.29,-65.35,-47.05,-51.72,-67.89,-58.42,-47.72,-52.96,-69.85,-63.96,-45.32,-59.79,-49.37,-60.38,2026-06-04 04:02:03+00:00
2026-06-04T04:03:04+00:00,-53.27,-64.28,-70.17,-62.17,-65.19,-47.27,-51.21,-67.52,-58.57,-47.79,-53.18,-69.30,-63.91,-45.17,-59.36,-49.64,-54.02,2026-06-04 04:03:04+00:00
2026-06-04T04:04:04+00:00,-51.74,-65.46,-70.06,-62.28,-66.65,-47.27,-51.42,-67.87,-58.90,-47.79,-53.57,-69.82,-69.82,-45.15,-60.10,-49.68,-54.95,2026-06-04 04:04:04+00:00
2026-06-04T04:05:03+00:00,-52.31,-64.50,-70.06,-62.18,-66.15,-47.26,-51.55,-67.61,-52.75,-47.83,-53.60,-69.44,-69.87,-45.11,-59.23,-49.57,-55.04,2026-06-04 04:05:03+00:00
2026-06-04T04:06:04+00:00,-53.66,-63.39,-70.16,-62.19,-66.07,-47.82,-51.72,-67.47,-52.80,-47.86,-52.97,-69.65,-70.19,-45.29,-59.87,-49.49,-54.00,2026-06-04 04:06:04+00:00
2026-06-04T04:07:03+00:00,-53.96,-64.63,-70.09,-62.24,-66.86,-47.89,-51.36,-67.64,-52.72,-47.87,-54.43,-69.53,-70.18,-45.12,-59.88,-49.77,-55.33,2026-06-04 04:07:03+00:00
2026-06-04T04:08:03+00:00,-51.68,-64.69,-69.73,-62.22,-65.55,-48.19,-51.18,-67.94,-52.63,-47.99,-53.98,-69.74,-69.94,-45.30,-59.07,-49.55,-55.31,2026-06-04 04:08:03+00:00
2026-06-04T04:09:04+00:00,-52.03,-64.77,-70.04,-62.51,-66.35,-48.17,-51.30,-68.11,-52.62,-48.02,-54.96,-69.88,-70.04,-45.24,-59.28,-49.85,-53.96,2026-06-04 04:09:04+00:00
2026-06-04T04:10:03+00:00,-52.73,-65.04,-70.12,-62.07,-66.45,-48.28,-51.50,-67.72,-52.62,-48.17,-54.80,-70.02,-70.22,-45.27,-59.99,-49.67,-54.15,2026-06-04 04:10:03+00:00
2026-06-04T04:11:03+00:00,-52.61,-65.24,-69.99,-62.16,-65.77,-48.64,-51.19,-68.15,-53.13,-48.04,-55.29,-70.12,-70.07,-45.25,-59.50,-49.87,-54.09,2026-06-04 04:11:03+00:00
2026-06-04T04:12:04+00:00,-52.89,-65.46,-70.12,-62.18,-66.32,-48.59,-51.71,-67.83,-53.01,-48.35,-55.77,-70.22,-70.13,-45.29,-59.93,-49.58,-53.92,2026-06-04 04:12:04+00:00
2026-06-04T04:13:04+00:00,-53.17,-65.28,-70.64,-62.03,-65.60,-48.22,-51.73,-67.94,-53.01,-48.18,-55.93,-70.11,-70.17,-45.53,-60.00,-49.34,-54.17,2026-06-04 04:13:04+00:00
2026-06-04T04:14:03+00:00,-52.41,-65.51,-70.48,-62.10,-65.93,-47.97,-51.14,-68.21,-52.98,-48.35,-56.16,-70.22,-69.95,-45.46,-60.09,-49.24,-55.19,2026-06-04 04:14:03+00:00
2026-06-04T04:15:03+00:00,-53.23,-64.87,-70.62,-62.17,-65.92,-47.89,-51.21,-67.63,-53.12,-48.35,-56.33,-70.21,-70.22,-45.51,-59.65,-49.36,-54.06,2026-06-04 04:15:03+00:00
2026-06-04T04:16:04+00:00,-52.76,-64.07,-70.33,-62.41,-66.40,-47.63,-50.70,-67.37,-52.46,-48.32,-55.97,-70.08,-69.92,-45.46,-60.08,-49.29,-54.24,2026-06-04 04:16:04+00:00
2026-06-04T04:17:04+00:00,-53.52,-64.57,-70.60,-61.93,-65.65,-47.54,-51.46,-67.77,-52.43,-48.42,-57.25,-70.08,-69.99,-45.52,-60.04,-49.37,-54.95,2026-06-04 04:17:04+00:00
2026-06-04T04:18:03+00:00,-53.82,-65.59,-70.58,-61.98,-66.42,-47.73,-51.40,-67.77,-52.41,-48.46,-57.55,-69.92,-70.03,-45.50,-59.88,-49.32,-55.45,2026-06-04 04:18:03+00:00
2026-06-04T04:19:04+00:00,-53.68,-65.68,-70.56,-61.93,-66.43,-47.41,-51.13,-67.91,-52.60,-48.36,-57.84,-69.98,-70.05,-45.75,-59.67,-49.14,-55.27,2026-06-04 04:19:04+00:00
2026-06-04T04:20:04+00:00,-52.84,-64.31,-70.58,-62.23,-65.95,-47.33,-51.27,-67.64,-52.40,-48.47,-57.85,-69.99,-69.94,-45.76,-59.37,-49.02,-54.21,2026-06-04 04:20:04+00:00
2026-06-04T04:21:03+00:00,-53.31,-64.64,-70.71,-62.01,-65.81,-47.41,-51.37,-68.22,-52.40,-48.47,-58.15,-70.17,-69.71,-45.74,-59.29,-48.71,-55.10,2026-06-04 04:21:03+00:00
2026-06-04T04:22:03+00:00,-53.68,-65.42,-70.59,-61.89,-66.17,-47.18,-51.14,-67.57,-52.41,-48.49,-58.35,-70.15,-69.71,-45.76,-59.84,-48.94,-55.33,2026-06-04 04:22:03+00:00
2026-06-04T04:23:04+00:00,-53.12,-65.93,-70.58,-61.98,-65.90,-47.09,-51.33,-68.11,-52.50,-48.42,-58.50,-69.98,-70.00,-45.96,-58.34,-48.70,-54.01,2026-06-04 04:23:04+00:00
2026-06-04T04:24:04+00:00,-53.24,-66.40,-70.65,-61.96,-66.46,-47.10,-51.31,-67.96,-49.33,-48.61,-58.55,-70.23,-69.88,-45.85,-58.20,-48.66,-53.93,2026-06-04 04:24:04+00:00
2026-06-04T04:25:03+00:00,-52.10,-66.59,-70.77,-61.84,-65.60,-46.96,-51.71,-67.84,-49.31,-48.58,-54.48,-70.00,-69.61,-45.86,-59.39,-48.87,-55.17,2026-06-04 04:25:03+00:00
2026-06-04T04:26:03+00:00,-50.63,-66.71,-70.92,-61.64,-66.15,-46.86,-51.21,-67.45,-49.36,-48.59,-58.89,-70.11,-69.80,-45.72,-59.83,-48.80,-55.29,2026-06-04 04:26:03+00:00
2026-06-04T04:27:04+00:00,-50.25,-66.86,-70.76,-61.98,-65.82,-46.51,-51.21,-68.35,-49.13,-48.54,-59.15,-69.99,-69.78,-45.83,-59.76,-48.87,-54.23,2026-06-04 04:27:04+00:00
2026-06-04T04:28:04+00:00,-50.71,-66.78,-70.83,-62.18,-65.81,-46.62,-51.67,-67.58,-49.12,-48.63,-59.78,-70.08,-69.39,-45.84,-59.39,-48.68,-55.16,2026-06-04 04:28:04+00:00
2026-06-04T04:29:03+00:00,-50.30,-67.40,-71.07,-61.94,-66.06,-46.71,-51.54,-67.70,-49.16,-48.58,-59.93,-69.93,-69.49,-45.77,-59.42,-48.74,-55.17,2026-06-04 04:29:03+00:00
2026-06-04T04:30:03+00:00,-50.62,-67.25,-70.97,-61.88,-65.98,-46.69,-51.52,-67.97,-49.15,-48.52,-60.35,-69.92,-69.88,-45.63,-59.71,-48.79,-55.24,2026-06-04 04:30:03+00:00
2026-06-04T04:31:03+00:00,-50.27,-66.42,-70.83,-62.18,-66.68,-46.72,-51.50,-67.40,-49.13,-48.50,-60.47,-70.00,-69.86,-45.59,-59.59,-48.99,-54.12,2026-06-04 04:31:03+00:00
2026-06-04T04:32:04+00:00,-49.48,-67.89,-70.73,-62.21,-66.25,-46.59,-51.78,-67.41,-49.03,-48.72,-61.04,-70.15,-70.45,-45.59,-59.35,-48.97,-54.22,2026-06-04 04:32:04+00:00
2026-06-04T04:33:03+00:00,-49.84,-65.99,-70.93,-62.21,-66.29,-46.65,-51.40,-67.76,-49.03,-48.81,-60.98,-70.29,-69.77,-45.68,-59.24,-48.96,-54.03,2026-06-04 04:33:03+00:00
2026-06-04T04:34:03+00:00,-49.87,-67.91,-71.21,-62.09,-66.32,-46.51,-51.96,-67.97,-49.04,-48.72,-61.29,-70.37,-69.90,-45.41,-59.33,-49.53,-54.97,2026-06-04 04:34:03+00:00
2026-06-04T04:35:04+00:00,-49.76,-66.82,-71.04,-61.94,-66.31,-46.50,-52.05,-67.45,-50.70,-48.56,-61.67,-70.18,-69.99,-45.65,-59.50,-49.31,-55.11,2026-06-04 04:35:04+00:00
2026-06-04T04:36:03+00:00,-49.74,-67.51,-71.11,-61.95,-65.69,-46.57,-51.60,-67.92,-50.69,-48.68,-61.28,-69.96,-69.68,-45.47,-59.33,-49.36,-55.10,2026-06-04 04:36:03+00:00
2026-06-04T04:37:04+00:00,-50.57,-67.94,-71.16,-61.80,-66.61,-46.66,-51.52,-67.95,-50.71,-48.76,-61.50,-70.25,-69.75,-45.73,-58.72,-49.29,-54.03,2026-06-04 04:37:04+00:00
2026-06-04T04:38:04+00:00,-49.98,-66.31,-70.86,-62.17,-66.68,-46.49,-51.71,-67.77,-50.68,-48.61,-62.20,-69.94,-69.99,-45.65,-59.67,-49.74,-55.38,2026-06-04 04:38:04+00:00
2026-06-04T04:39:03+00:00,-49.69,-67.69,-71.02,-62.17,-66.41,-46.64,-51.43,-67.56,-50.63,-48.79,-62.09,-70.19,-69.74,-45.53,-59.69,-49.68,-55.06,2026-06-04 04:39:03+00:00
2026-06-04T04:40:03+00:00,-50.41,-66.13,-70.70,-61.93,-66.36,-46.67,-52.02,-67.68,-50.65,-48.63,-62.47,-70.33,-69.60,-45.60,-58.81,-50.07,-55.12,2026-06-04 04:40:03+00:00
2026-06-04T04:41:04+00:00,-50.12,-66.21,-70.91,-62.29,-66.28,-46.73,-51.42,-68.23,-50.65,-48.56,-62.76,-70.07,-69.90,-45.45,-59.39,-49.78,-55.23,2026-06-04 04:41:04+00:00
2026-06-04T04:42:04+00:00,-50.50,-67.82,-71.08,-61.99,-65.82,-46.75,-51.46,-67.90,-50.64,-48.56,-62.57,-70.06,-69.70,-45.55,-59.73,-50.06,-54.20,2026-06-04 04:42:04+00:00
2026-06-04T04:43:03+00:00,-50.44,-65.72,-70.85,-61.94,-67.00,-46.49,-51.98,-67.24,-50.59,-48.66,-62.55,-69.90,-65.73,-45.53,-59.94,-50.96,-55.20,2026-06-04 04:43:03+00:00
2026-06-04T04:44:04+00:00,-50.27,-68.34,-70.79,-61.98,-66.22,-46.49,-51.10,-67.69,-50.64,-48.59,-62.60,-70.27,-66.32,-45.42,-59.51,-50.53,-55.30,2026-06-04 04:44:04+00:00
2026-06-04T04:45:04+00:00,-49.79,-67.38,-69.34,-61.68,-65.80,-46.61,-51.55,-67.81,-50.62,-48.63,-62.42,-69.16,-66.46,-45.48,-60.08,-50.51,-54.26,2026-06-04 04:45:04+00:00
2026-06-04T04:46:03+00:00,-50.21,-67.79,-71.14,-61.45,-66.90,-46.65,-51.67,-68.15,-51.12,-48.58,-62.38,-70.16,-67.95,-45.30,-60.04,-51.07,-55.35,2026-06-04 04:46:03+00:00
2026-06-04T04:47:03+00:00,-50.51,-67.07,-71.13,-61.45,-67.38,-46.65,-51.84,-67.88,-51.14,-48.53,-62.23,-70.12,-69.58,-45.27,-59.12,-51.04,-55.30,2026-06-04 04:47:03+00:00
2026-06-04T04:48:04+00:00,-50.29,-68.21,-70.89,-61.91,-66.22,-46.49,-51.64,-67.66,-51.11,-48.66,-61.84,-70.23,-66.51,-45.41,-59.43,-50.73,-55.25,2026-06-04 04:48:04+00:00
2026-06-04T04:49:04+00:00,-50.17,-67.42,-70.80,-61.46,-66.27,-46.69,-51.78,-68.09,-51.13,-48.55,-62.18,-69.95,-66.30,-45.44,-59.58,-50.66,-54.06,2026-06-04 04:49:04+00:00
2026-06-04T04:50:03+00:00,-50.22,-67.62,-70.93,-62.02,-66.40,-46.55,-51.52,-68.58,-51.07,-48.78,-62.31,-70.01,-67.25,-45.48,-59.86,-50.66,-55.09,2026-06-04 04:50:03+00:00
2026-06-04T04:51:04+00:00,-50.11,-68.37,-70.97,-61.91,-66.60,-46.60,-51.56,-68.26,-51.04,-48.70,-61.99,-70.12,-65.82,-45.38,-59.97,-50.82,-54.75,2026-06-04 04:51:04+00:00
2026-06-04T04:52:04+00:00,-50.31,-67.63,-70.88,-61.71,-65.98,-46.52,-51.58,-68.08,-51.04,-48.62,-61.87,-69.73,-67.23,-45.58,-59.94,-50.91,-54.61,2026-06-04 04:52:04+00:00
2026-06-04T04:53:03+00:00,-49.79,-68.30,-71.02,-61.62,-66.37,-46.65,-51.50,-67.97,-50.93,-48.62,-61.96,-70.01,-69.24,-45.62,-59.90,-50.64,-54.83,2026-06-04 04:53:03+00:00
2026-06-04T04:54:03+00:00,-49.91,-68.63,-70.58,-61.71,-66.40,-46.74,-51.16,-68.73,-57.80,-48.56,-61.76,-70.23,-69.14,-45.71,-59.72,-50.40,-55.03,2026-06-04 04:54:03+00:00
2026-06-04T04:55:04+00:00,-52.08,-68.10,-70.79,-61.93,-66.43,-46.48,-51.21,-68.43,-59.55,-48.78,-61.62,-70.18,-67.81,-45.64,-59.54,-50.61,-54.29,2026-06-04 04:55:04+00:00
2026-06-04T04:56:03+00:00,-53.45,-68.50,-71.69,-61.83,-66.26,-52.58,-51.15,-68.94,-58.97,-48.79,-61.98,-70.79,-64.50,-45.85,-60.19,-50.34,-54.16,2026-06-04 04:56:03+00:00
2026-06-04T04:57:03+00:00,-54.01,-68.02,-71.55,-61.93,-67.09,-52.63,-50.95,-69.05,-59.02,-48.90,-61.96,-70.71,-61.86,-45.75,-59.91,-50.12,-54.13,2026-06-04 04:57:03+00:00
2026-06-04T04:58:03+00:00,-53.98,-67.22,-71.03,-61.81,-66.79,-52.77,-51.17,-68.73,-59.02,-48.66,-61.75,-70.73,-61.61,-45.58,-59.85,-50.38,-54.95,2026-06-04 04:58:03+00:00
2026-06-04T04:59:04+00:00,-55.49,-67.40,-69.81,-60.95,-65.74,-52.76,-51.03,-68.56,-59.09,-48.58,-61.71,-70.65,-61.75,-45.59,-60.52,-50.10,-54.66,2026-06-04 04:59:04+00:00
2026-06-04T05:00:04+00:00,-53.10,-67.79,-71.05,-61.73,-65.74,-52.52,-50.85,-68.20,-58.86,-48.69,-61.46,-70.39,-61.47,-45.76,-59.29,-50.17,-54.99,2026-06-04 05:00:04+00:00
2026-06-04T05:01:04+00:00,-54.23,-67.20,-71.45,-61.77,-67.04,-52.74,-50.89,-68.26,-59.07,-48.63,-61.48,-70.40,-61.49,-45.70,-59.37,-49.94,-54.90,2026-06-04 05:01:04+00:00
2026-06-04T05:02:03+00:00,-55.19,-67.24,-71.38,-61.71,-66.34,-52.43,-50.42,-68.05,-59.02,-48.63,-61.23,-70.54,-61.59,-45.69,-59.65,-49.72,-54.08,2026-06-04 05:02:03+00:00
2026-06-04T05:03:03+00:00,-52.76,-67.61,-71.16,-61.79,-65.36,-52.64,-50.79,-68.34,-58.92,-48.67,-61.18,-70.60,-61.73,-45.67,-59.57,-49.73,-54.19,2026-06-04 05:03:03+00:00
2026-06-04T05:04:04+00:00,-56.40,-67.48,-71.29,-61.51,-66.80,-52.74,-50.88,-68.25,-59.37,-48.52,-61.07,-70.69,-61.47,-45.82,-59.51,-49.32,-55.13,2026-06-04 05:04:04+00:00
2026-06-04T05:05:04+00:00,-56.69,-67.78,-71.29,-61.64,-66.31,-52.62,-50.67,-68.64,-52.61,-48.39,-61.13,-70.66,-61.35,-45.78,-59.59,-49.31,-55.13,2026-06-04 05:05:04+00:00
2026-06-04T05:06:03+00:00,-54.15,-67.49,-70.91,-61.80,-66.88,-52.73,-50.23,-68.78,-52.54,-48.57,-61.09,-70.64,-61.22,-45.68,-59.82,-49.03,-54.02,2026-06-04 05:06:03+00:00
2026-06-04T05:07:04+00:00,-54.28,-67.46,-71.37,-61.72,-65.87,-52.83,-50.65,-68.52,-52.63,-48.44,-61.24,-70.91,-61.33,-45.74,-59.48,-49.21,-55.02,2026-06-04 05:07:04+00:00
2026-06-04T05:08:03+00:00,-53.82,-67.86,-71.48,-61.81,-66.94,-52.73,-50.58,-68.42,-52.76,-48.32,-61.20,-70.83,-61.40,-45.55,-59.92,-49.14,-55.08,2026-06-04 05:08:03+00:00
2026-06-04T05:09:03+00:00,-53.43,-67.85,-71.20,-61.60,-66.47,-52.88,-50.60,-68.41,-52.77,-48.37,-61.32,-70.78,-61.23,-45.52,-59.72,-49.12,-54.78,2026-06-04 05:09:03+00:00
2026-06-04T05:10:04+00:00,-52.40,-65.91,-71.04,-61.53,-66.43,-52.65,-50.27,-68.25,-52.69,-48.32,-61.37,-70.53,-61.18,-45.75,-59.43,-49.37,-55.08,2026-06-04 05:10:04+00:00
2026-06-04T05:11:04+00:00,-52.86,-67.49,-71.24,-61.65,-66.22,-52.58,-50.48,-68.63,-52.71,-48.17,-61.12,-70.77,-61.11,-45.63,-59.29,-49.13,-54.11,2026-06-04 05:11:04+00:00
2026-06-04T05:12:03+00:00,-52.64,-67.08,-71.13,-61.89,-66.01,-52.68,-49.99,-68.64,-52.41,-48.21,-61.39,-70.63,-61.03,-45.51,-59.95,-49.45,-54.89,2026-06-04 05:12:03+00:00
2026-06-04T05:13:04+00:00,-53.47,-66.93,-70.99,-61.45,-66.23,-52.51,-50.62,-67.58,-52.36,-48.35,-61.36,-70.74,-61.12,-45.80,-58.92,-49.59,-54.96,2026-06-04 05:13:04+00:00
2026-06-04T05:14:04+00:00,-52.48,-66.78,-71.25,-61.52,-66.48,-52.65,-50.61,-67.90,-52.35,-48.36,-61.13,-70.70,-61.02,-45.71,-59.46,-49.39,-54.47,2026-06-04 05:14:04+00:00
2026-06-04T05:15:03+00:00,-51.87,-66.97,-71.16,-61.28,-66.69,-52.53,-50.44,-68.04,-52.34,-48.37,-61.43,-70.48,-61.11,-45.60,-59.53,-48.92,-55.17,2026-06-04 05:15:03+00:00
2026-06-04T05:16:03+00:00,-52.50,-67.12,-71.28,-61.54,-66.57,-50.97,-50.40,-68.11,-51.75,-48.42,-61.06,-70.68,-61.06,-45.48,-59.90,-49.02,-50.02,2026-06-04 05:16:03+00:00
2026-06-04T05:17:04+00:00,-51.46,-68.21,-71.00,-61.24,-66.18,-51.12,-50.05,-68.19,-51.78,-48.44,-61.20,-70.39,-60.80,-45.59,-59.36,-49.00,-52.30,2026-06-04 05:17:04+00:00
2026-06-04T05:18:04+00:00,-52.16,-67.45,-70.45,-61.08,-66.15,-46.75,-50.27,-68.04,-51.81,-48.29,-61.18,-69.71,-60.89,-45.69,-52.70,-48.78,-52.24,2026-06-04 05:18:04+00:00
2026-06-04T05:19:03+00:00,-52.46,-67.20,-70.39,-60.92,-66.31,-46.55,-50.16,-67.93,-51.72,-48.55,-60.93,-69.67,-60.81,-45.68,-59.04,-48.73,-53.84,2026-06-04 05:19:03+00:00
2026-06-04T05:20:03+00:00,-52.75,-66.76,-70.28,-61.17,-66.28,-46.69,-50.37,-67.85,-51.67,-48.28,-60.67,-69.84,-60.74,-45.78,-59.07,-48.53,-52.37,2026-06-04 05:20:03+00:00
2026-06-04T05:21:04+00:00,-52.17,-66.03,-70.33,-61.26,-66.01,-46.81,-50.30,-67.74,-51.73,-48.53,-60.54,-69.88,-60.73,-45.77,-58.57,-48.77,-52.31,2026-06-04 05:21:04+00:00
2026-06-04T05:22:03+00:00,-52.37,-66.87,-70.26,-61.35,-67.25,-46.91,-50.40,-68.60,-51.65,-48.52,-60.88,-70.10,-60.76,-45.74,-59.28,-48.95,-52.32,2026-06-04 05:22:03+00:00
2026-06-04T05:23:03+00:00,-51.88,-66.85,-70.29,-61.28,-66.21,-46.88,-50.31,-67.93,-51.63,-48.47,-60.76,-69.75,-60.83,-45.95,-59.13,-48.73,-52.39,2026-06-04 05:23:03+00:00
2026-06-04T05:24:04+00:00,-51.48,-66.42,-70.20,-60.99,-66.88,-46.89,-50.21,-67.93,-48.69,-48.45,-60.26,-69.81,-60.64,-45.97,-59.39,-48.94,-52.34,2026-06-04 05:24:04+00:00
2026-06-04T05:25:04+00:00,-49.80,-65.20,-70.50,-60.94,-65.36,-46.88,-50.59,-68.01,-48.45,-48.40,-59.91,-69.59,-60.65,-45.86,-59.60,-48.84,-52.31,2026-06-04 05:25:04+00:00
2026-06-04T05:26:03+00:00,-50.31,-63.96,-70.19,-60.76,-66.26,-47.02,-49.88,-68.43,-48.78,-48.40,-59.84,-69.68,-60.76,-46.04,-59.84,-48.64,-55.03,2026-06-04 05:26:03+00:00
2026-06-04T05:27:04+00:00,-50.23,-65.75,-70.18,-60.79,-65.77,-46.84,-49.95,-67.80,-48.83,-48.35,-59.63,-69.61,-60.73,-45.82,-59.93,-48.60,-52.40,2026-06-04 05:27:04+00:00
2026-06-04T05:28:04+00:00,-50.07,-65.48,-70.00,-60.79,-65.74,-47.02,-50.07,-67.79,-48.80,-48.36,-59.34,-69.73,-60.75,-46.09,-59.65,-48.79,-54.00,2026-06-04 05:28:04+00:00
2026-06-04T05:29:04+00:00,-50.24,-65.45,-69.93,-60.94,-66.92,-46.78,-49.99,-67.77,-48.82,-48.42,-59.11,-69.52,-60.69,-46.00,-59.62,-48.46,-53.87,2026-06-04 05:29:04+00:00
2026-06-04T05:30:03+00:00,-50.38,-65.72,-69.90,-61.08,-65.60,-46.80,-50.20,-68.15,-48.81,-48.26,-58.86,-69.83,-60.68,-45.85,-58.95,-48.10,-52.17,2026-06-04 05:30:03+00:00
2026-06-04T05:31:03+00:00,-49.88,-66.23,-70.42,-60.91,-65.64,-46.80,-50.08,-68.21,-48.77,-48.25,-58.60,-69.85,-60.35,-45.94,-59.62,-48.37,-52.29,2026-06-04 05:31:03+00:00
2026-06-04T05:32:03+00:00,-50.73,-65.98,-69.99,-60.70,-66.01,-47.38,-50.54,-67.66,-48.81,-48.25,-58.65,-69.51,-60.45,-46.07,-58.89,-47.72,-52.11,2026-06-04 05:32:03+00:00
2026-06-04T05:33:04+00:00,-50.64,-64.97,-70.06,-61.02,-66.05,-48.10,-50.43,-67.67,-48.85,-48.45,-58.76,-69.95,-60.62,-46.18,-59.54,-47.49,-52.13,2026-06-04 05:33:04+00:00
2026-06-04T05:34:03+00:00,-50.50,-64.67,-68.02,-60.75,-66.21,-47.80,-50.24,-67.79,-47.86,-48.28,-58.85,-66.54,-60.44,-46.25,-59.86,-47.19,-54.71,2026-06-04 05:34:03+00:00
2026-06-04T05:35:03+00:00,-49.29,-66.17,-67.67,-60.17,-66.65,-47.51,-49.78,-68.26,-48.83,-48.35,-58.74,-66.33,-60.31,-46.20,-59.20,-47.11,-52.56,2026-06-04 05:35:03+00:00
2026-06-04T05:36:03+00:00,-49.27,-62.32,-61.97,-55.76,-62.46,-47.32,-49.77,-62.21,-49.02,-48.46,-57.92,-61.56,-58.69,-46.33,-57.22,-46.75,-54.15,2026-06-04 05:36:03+00:00
2026-06-04T05:37:03+00:00,-49.67,-65.40,-67.96,-60.67,-65.45,-47.35,-50.15,-67.39,-49.12,-48.15,-58.90,-67.24,-60.26,-46.27,-59.75,-46.64,-54.55,2026-06-04 05:37:03+00:00
2026-06-04T05:38:04+00:00,-48.99,-65.49,-67.63,-60.20,-65.80,-47.17,-50.09,-67.45,-49.09,-48.12,-58.72,-66.65,-60.00,-46.32,-58.70,-46.48,-54.43,2026-06-04 05:38:04+00:00
2026-06-04T05:39:04+00:00,-48.95,-66.10,-67.55,-60.42,-66.73,-47.15,-49.86,-67.38,-53.35,-48.04,-58.74,-67.62,-60.02,-46.25,-58.26,-46.50,-54.72,2026-06-04 05:39:04+00:00
2026-06-04T05:40:03+00:00,-49.84,-65.25,-67.71,-60.37,-65.95,-47.09,-50.22,-67.31,-53.11,-48.01,-58.76,-67.53,-59.97,-46.13,-58.13,-46.36,-54.66,2026-06-04 05:40:03+00:00
2026-06-04T05:41:04+00:00,-49.69,-65.89,-67.23,-61.04,-65.64,-47.19,-50.04,-67.27,-54.31,-48.02,-58.60,-66.90,-60.11,-46.36,-58.96,-46.28,-54.68,2026-06-04 05:41:04+00:00
2026-06-04T05:42:04+00:00,-48.91,-65.61,-67.04,-60.68,-66.03,-47.08,-49.74,-68.10,-54.87,-48.04,-58.82,-67.13,-66.01,-46.24,-59.16,-46.19,-54.60,2026-06-04 05:42:04+00:00
2026-06-04T05:43:03+00:00,-50.15,-62.11,-63.85,-60.77,-65.63,-46.91,-50.14,-68.04,-56.54,-48.08,-58.68,-66.62,-64.34,-46.28,-59.23,-46.43,-54.89,2026-06-04 05:43:03+00:00
2026-06-04T05:44:03+00:00,-49.39,-61.64,-63.30,-60.83,-65.00,-47.03,-49.83,-68.31,-56.30,-48.01,-58.99,-67.25,-63.68,-46.55,-58.79,-46.27,-54.78,2026-06-04 05:44:03+00:00
2026-06-04T05:45:04+00:00,-49.60,-59.88,-63.99,-60.85,-66.74,-47.05,-50.54,-67.89,-55.52,-47.90,-58.86,-67.73,-64.44,-46.34,-59.15,-46.45,-54.69,2026-06-04 05:45:04+00:00
2026-06-04T05:46:03+00:00,-48.78,-62.64,-64.25,-60.69,-66.37,-47.19,-50.11,-68.19,-57.60,-47.96,-59.04,-67.85,-62.80,-46.43,-59.04,-46.35,-54.52,2026-06-04 05:46:03+00:00
2026-06-04T05:47:03+00:00,-49.77,-63.47,-65.24,-60.98,-65.99,-47.21,-50.30,-67.23,-56.76,-47.93,-58.74,-68.38,-61.74,-46.61,-59.20,-46.18,-54.76,2026-06-04 05:47:03+00:00
2026-06-04T05:48:04+00:00,-48.89,-64.77,-64.92,-60.68,-66.12,-46.91,-50.64,-67.56,-56.69,-47.75,-58.77,-68.34,-61.21,-46.58,-59.39,-46.04,-54.53,2026-06-04 05:48:04+00:00
2026-06-04T05:49:04+00:00,-49.85,-64.14,-65.11,-60.69,-66.90,-47.06,-50.24,-67.25,-55.63,-47.82,-56.23,-68.42,-67.42,-46.67,-58.75,-46.06,-54.81,2026-06-04 05:49:04+00:00
2026-06-04T05:50:03+00:00,-48.83,-64.69,-64.55,-60.73,-66.23,-47.03,-50.38,-67.78,-55.63,-47.65,-58.69,-68.75,-67.61,-46.87,-59.29,-46.11,-54.53,2026-06-04 05:50:03+00:00
2026-06-04T05:51:03+00:00,-48.99,-65.09,-65.37,-60.56,-66.13,-46.95,-50.31,-67.48,-54.89,-47.74,-58.65,-68.57,-67.81,-46.67,-58.73,-45.77,-54.36,2026-06-04 05:51:03+00:00
2026-06-04T05:52:04+00:00,-49.17,-65.00,-65.45,-60.62,-66.89,-47.02,-50.28,-67.83,-55.13,-47.58,-58.42,-68.68,-67.45,-46.82,-59.68,-45.53,-54.44,2026-06-04 05:52:04+00:00
2026-06-04T05:53:03+00:00,-49.17,-64.74,-65.26,-60.71,-66.17,-46.96,-50.00,-67.64,-54.38,-47.61,-58.38,-68.76,-67.89,-46.85,-59.35,-45.29,-54.77,2026-06-04 05:53:03+00:00
2026-06-04T05:54:03+00:00,-49.33,-63.62,-65.27,-60.43,-65.73,-47.11,-50.52,-67.42,-54.34,-47.54,-58.40,-68.54,-67.14,-46.95,-59.27,-45.45,-54.80,2026-06-04 05:54:03+00:00
2026-06-04T05:55:04+00:00,-53.91,-65.73,-64.28,-60.64,-66.04,-47.56,-50.18,-68.11,-52.82,-47.73,-58.18,-68.81,-67.76,-47.08,-58.81,-45.20,-54.71,2026-06-04 05:55:04+00:00
2026-06-04T05:56:04+00:00,-52.36,-63.50,-64.66,-60.57,-66.48,-47.77,-50.52,-68.37,-52.48,-47.60,-58.32,-68.34,-67.47,-47.02,-58.61,-44.96,-55.02,2026-06-04 05:56:04+00:00
2026-06-04T05:57:03+00:00,-51.82,-64.55,-64.57,-60.14,-66.40,-47.86,-50.34,-68.85,-52.52,-47.62,-58.14,-67.69,-67.42,-47.23,-58.97,-45.25,-55.06,2026-06-04 05:57:03+00:00
2026-06-04T05:58:03+00:00,-50.99,-65.00,-64.41,-60.40,-66.53,-47.89,-50.50,-68.10,-51.81,-47.69,-55.39,-67.61,-67.37,-47.20,-58.09,-44.96,-54.68,2026-06-04 05:58:03+00:00
2026-06-04T05:59:04+00:00,-51.59,-63.95,-64.56,-60.55,-66.35,-47.96,-50.20,-68.55,-52.35,-47.49,-57.87,-68.04,-68.27,-47.27,-59.19,-45.13,-54.57,2026-06-04 05:59:04+00:00
2026-06-04T06:00:04+00:00,-47.30,-65.28,-64.57,-60.29,-66.01,-47.75,-50.08,-68.63,-52.27,-47.54,-57.24,-67.58,-67.96,-47.41,-58.57,-45.03,-54.18,2026-06-04 06:00:04+00:00
2026-06-04T06:01:04+00:00,-47.58,-64.68,-64.82,-60.20,-65.89,-48.06,-50.14,-67.94,-52.50,-47.51,-56.98,-66.84,-67.34,-47.28,-59.33,-45.12,-54.25,2026-06-04 06:01:04+00:00
2026-06-04T06:02:03+00:00,-47.37,-65.40,-64.41,-60.60,-66.20,-47.76,-49.91,-68.71,-51.82,-47.60,-57.40,-65.48,-67.28,-47.54,-59.15,-45.13,-54.41,2026-06-04 06:02:03+00:00
2026-06-04T06:03:03+00:00,-47.54,-64.88,-64.51,-60.25,-67.29,-47.55,-50.45,-68.37,-51.79,-47.69,-57.67,-64.64,-67.62,-47.55,-58.83,-45.48,-54.45,2026-06-04 06:03:03+00:00
2026-06-04T06:04:04+00:00,-47.95,-63.50,-64.69,-60.16,-65.87,-47.33,-50.40,-68.81,-50.14,-47.45,-58.00,-64.44,-68.45,-47.56,-59.90,-45.49,-53.62,2026-06-04 06:04:04+00:00
2026-06-04T06:05:03+00:00,-48.00,-64.89,-64.38,-60.55,-65.80,-47.07,-49.76,-68.28,-49.73,-47.49,-57.56,-65.02,-68.37,-47.62,-59.54,-45.61,-54.30,2026-06-04 06:05:03+00:00
2026-06-04T06:06:03+00:00,-49.89,-63.62,-64.61,-61.13,-65.41,-46.99,-49.98,-68.20,-49.80,-47.38,-57.84,-66.04,-68.66,-47.61,-59.14,-45.41,-54.50,2026-06-04 06:06:03+00:00
2026-06-04T06:07:03+00:00,-47.72,-64.78,-64.46,-60.65,-66.07,-47.13,-50.07,-68.50,-49.69,-47.35,-55.76,-66.73,-65.16,-47.68,-59.42,-45.67,-54.30,2026-06-04 06:07:03+00:00
2026-06-04T06:08:04+00:00,-48.08,-62.64,-64.47,-60.61,-66.07,-46.85,-50.00,-68.64,-49.72,-47.37,-56.22,-67.42,-65.74,-47.82,-59.21,-45.91,-54.64,2026-06-04 06:08:04+00:00
2026-06-04T06:09:04+00:00,-49.03,-61.56,-64.80,-60.69,-66.01,-52.36,-49.70,-68.53,-47.75,-47.42,-56.79,-67.50,-66.56,-47.75,-58.48,-45.94,-54.27,2026-06-04 06:09:04+00:00
2026-06-04T06:10:03+00:00,-48.47,-64.37,-64.72,-60.85,-66.17,-52.32,-50.08,-68.17,-47.77,-47.31,-57.39,-68.23,-66.48,-47.54,-58.50,-45.82,-54.29,2026-06-04 06:10:03+00:00
2026-06-04T06:11:04+00:00,-52.44,-63.44,-65.00,-60.55,-66.12,-52.32,-50.03,-66.48,-48.21,-47.44,-57.99,-67.78,-67.37,-47.69,-58.83,-45.80,-54.81,2026-06-04 06:11:04+00:00
2026-06-04T06:12:04+00:00,-52.64,-64.58,-64.64,-60.76,-66.11,-52.16,-49.71,-68.29,-48.21,-47.38,-58.53,-67.80,-66.62,-47.71,-58.76,-46.06,-54.72,2026-06-04 06:12:04+00:00
2026-06-04T06:13:03+00:00,-51.39,-64.54,-64.54,-60.85,-66.38,-52.40,-49.88,-68.13,-48.22,-47.31,-58.53,-67.50,-67.17,-47.74,-58.45,-45.96,-54.98,2026-06-04 06:13:03+00:00
2026-06-04T06:14:04+00:00,-52.00,-64.71,-64.57,-60.73,-66.60,-52.33,-49.75,-67.92,-48.22,-47.20,-58.84,-67.53,-67.41,-47.71,-57.97,-45.86,-54.40,2026-06-04 06:14:04+00:00
2026-06-04T06:15:04+00:00,-50.86,-64.42,-64.62,-60.50,-66.38,-52.18,-49.84,-68.09,-48.09,-47.20,-58.64,-67.66,-66.66,-47.51,-58.42,-46.05,-54.91,2026-06-04 06:15:04+00:00
2026-06-04T06:16:03+00:00,-51.35,-65.19,-64.91,-60.59,-65.93,-52.25,-49.59,-68.40,-47.92,-47.28,-58.88,-68.12,-66.78,-47.67,-58.30,-45.97,-54.65,2026-06-04 06:16:03+00:00
2026-06-04T06:17:03+00:00,-50.26,-64.22,-65.03,-60.69,-65.90,-52.27,-49.87,-67.83,-47.89,-47.28,-59.09,-68.51,-59.24,-47.46,-57.54,-45.67,-54.78,2026-06-04 06:17:03+00:00
2026-06-04T06:18:04+00:00,-52.48,-65.08,-65.05,-60.17,-65.28,-52.37,-49.97,-68.73,-47.90,-47.21,-59.14,-68.37,-59.19,-47.43,-57.65,-45.68,-54.68,2026-06-04 06:18:04+00:00
2026-06-04T06:19:04+00:00,-52.15,-64.98,-65.26,-60.68,-66.00,-52.36,-49.75,-67.77,-49.37,-47.37,-59.21,-68.29,-59.04,-47.43,-58.07,-45.60,-54.77,2026-06-04 06:19:04+00:00
2026-06-04T06:20:03+00:00,-52.86,-64.11,-64.79,-60.25,-66.20,-52.33,-49.96,-67.51,-49.12,-47.14,-55.38,-68.26,-58.60,-47.52,-58.31,-45.26,-53.98,2026-06-04 06:20:03+00:00
2026-06-04T06:21:03+00:00,-53.59,-64.10,-65.23,-60.49,-67.14,-52.28,-49.69,-67.89,-49.14,-47.17,-59.17,-68.64,-59.02,-47.28,-58.07,-45.37,-54.70,2026-06-04 06:21:03+00:00
2026-06-04T06:22:04+00:00,-52.98,-64.49,-64.92,-60.47,-65.74,-52.23,-49.55,-68.02,-49.10,-47.37,-56.68,-68.43,-58.37,-47.55,-58.25,-44.95,-54.58,2026-06-04 06:22:04+00:00
2026-06-04T06:23:04+00:00,-52.61,-63.57,-64.62,-60.54,-66.42,-52.18,-49.41,-68.25,-49.11,-47.47,-58.69,-68.22,-58.88,-47.35,-58.31,-45.06,-54.68,2026-06-04 06:23:04+00:00
2026-06-04T06:24:03+00:00,-52.69,-62.61,-64.67,-60.31,-65.38,-52.29,-49.60,-67.47,-52.16,-47.37,-58.87,-68.04,-58.64,-47.46,-57.98,-44.94,-54.70,2026-06-04 06:24:03+00:00
2026-06-04T06:25:03+00:00,-49.85,-64.21,-64.70,-60.39,-65.34,-52.20,-49.85,-67.47,-51.71,-47.40,-59.25,-68.37,-58.80,-47.48,-57.91,-45.02,-54.63,2026-06-04 06:25:03+00:00
2026-06-04T06:26:04+00:00,-49.97,-63.76,-64.86,-60.41,-66.84,-52.29,-49.76,-67.87,-52.02,-47.48,-59.27,-68.49,-58.86,-47.50,-57.42,-44.97,-54.84,2026-06-04 06:26:04+00:00
2026-06-04T06:27:03+00:00,-49.36,-62.69,-64.65,-60.16,-65.85,-52.22,-49.60,-67.66,-52.02,-47.22,-59.49,-68.36,-58.93,-47.51,-57.62,-44.92,-54.60,2026-06-04 06:27:03+00:00
2026-06-04T06:28:03+00:00,-50.05,-63.49,-64.87,-60.79,-66.57,-51.09,-49.72,-67.76,-52.10,-47.21,-59.27,-68.46,-58.84,-47.51,-57.76,-45.14,-54.33,2026-06-04 06:28:03+00:00
2026-06-04T06:29:04+00:00,-50.90,-61.35,-65.08,-60.18,-67.15,-50.84,-49.58,-68.02,-52.17,-47.06,-56.40,-68.48,-58.48,-47.46,-57.57,-44.84,-54.63,2026-06-04 06:29:04+00:00
2026-06-04T06:30:04+00:00,-50.51,-61.62,-65.49,-60.25,-66.39,-48.60,-49.94,-66.96,-52.71,-47.03,-56.41,-68.29,-58.39,-47.89,-57.87,-44.78,-54.68,2026-06-04 06:30:04+00:00
2026-06-04T06:31:04+00:00,-50.57,-61.07,-64.81,-60.69,-66.10,-46.87,-49.51,-67.09,-52.83,-46.95,-57.75,-67.52,-58.67,-47.76,-58.46,-45.02,-54.62,2026-06-04 06:31:04+00:00
2026-06-04T06:32:04+00:00,-50.34,-60.31,-64.69,-60.54,-66.49,-46.70,-49.75,-67.17,-52.71,-46.91,-57.22,-67.69,-58.93,-47.72,-57.65,-45.13,-54.17,2026-06-04 06:32:04+00:00
2026-06-04T06:33:03+00:00,-50.74,-62.15,-65.29,-60.49,-65.73,-46.81,-49.87,-67.40,-52.58,-46.98,-59.22,-67.85,-58.97,-47.75,-57.82,-45.30,-54.82,2026-06-04 06:33:03+00:00
2026-06-04T06:34:03+00:00,-50.55,-60.30,-63.99,-60.71,-66.06,-46.72,-49.93,-67.29,-49.99,-46.76,-59.54,-67.97,-59.06,-47.97,-58.14,-45.20,-54.18,2026-06-04 06:34:03+00:00
2026-06-04T06:35:04+00:00,-50.89,-62.01,-65.00,-60.46,-65.69,-46.84,-49.29,-67.53,-52.74,-46.82,-59.65,-68.01,-58.97,-47.83,-58.09,-45.16,-54.12,2026-06-04 06:35:04+00:00
2026-06-04T06:36:04+00:00,-49.87,-61.72,-65.00,-60.19,-65.87,-46.71,-49.55,-67.42,-52.65,-46.83,-59.55,-68.02,-58.86,-48.02,-57.88,-44.88,-54.86,2026-06-04 06:36:04+00:00
2026-06-04T06:37:03+00:00,-50.19,-61.33,-64.88,-60.17,-65.88,-46.93,-49.12,-67.78,-52.83,-46.86,-59.66,-68.11,-58.82,-48.11,-57.76,-44.99,-55.08,2026-06-04 06:37:03+00:00
2026-06-04T06:38:03+00:00,-50.03,-61.95,-65.01,-60.18,-66.19,-46.78,-49.66,-67.65,-53.00,-46.95,-59.91,-68.26,-58.94,-48.27,-58.11,-45.02,-54.29,2026-06-04 06:38:03+00:00
2026-06-04T06:39:04+00:00,-50.07,-62.12,-64.98,-60.43,-65.73,-46.75,-49.83,-67.45,-52.89,-46.99,-59.90,-68.16,-58.84,-48.34,-57.79,-44.80,-54.19,2026-06-04 06:39:04+00:00
2026-06-04T06:40:04+00:00,-52.57,-61.43,-64.92,-60.44,-66.29,-46.43,-49.75,-67.02,-53.07,-46.95,-59.84,-67.95,-58.67,-48.61,-57.90,-44.86,-54.91,2026-06-04 06:40:04+00:00
2026-06-04T06:41:03+00:00,-52.99,-61.72,-65.05,-60.63,-66.18,-46.61,-50.14,-66.95,-52.29,-47.03,-59.98,-68.17,-58.91,-48.58,-57.82,-44.67,-54.95,2026-06-04 06:41:03+00:00
2026-06-04T06:42:04+00:00,-52.94,-61.60,-64.95,-60.68,-66.45,-46.27,-49.91,-67.25,-52.21,-46.92,-60.15,-66.86,-58.73,-48.62,-57.99,-44.72,-54.42,2026-06-04 06:42:04+00:00
2026-06-04T06:43:04+00:00,-53.73,-61.44,-65.17,-60.48,-65.70,-46.45,-49.70,-66.72,-52.08,-46.81,-60.34,-68.07,-58.75,-48.61,-57.85,-44.93,-55.03,2026-06-04 06:43:04+00:00
2026-06-04T06:44:03+00:00,-54.02,-61.75,-64.85,-60.41,-66.83,-46.64,-49.70,-66.89,-52.03,-46.83,-60.57,-68.04,-58.70,-49.01,-58.10,-45.06,-54.77,2026-06-04 06:44:03+00:00
2026-06-04T06:45:03+00:00,-53.61,-60.88,-64.99,-60.78,-66.36,-46.48,-49.73,-66.72,-52.22,-46.82,-60.30,-68.16,-58.86,-48.93,-57.75,-44.98,-60.19,2026-06-04 06:45:03+00:00
2026-06-04T06:46:04+00:00,-53.58,-62.27,-64.91,-60.47,-66.19,-46.56,-49.56,-67.27,-52.05,-46.77,-60.73,-68.33,-58.79,-49.20,-57.71,-44.76,-60.20,2026-06-04 06:46:04+00:00
2026-06-04T06:47:04+00:00,-54.33,-61.39,-65.10,-60.35,-65.96,-46.54,-49.55,-66.78,-52.12,-46.89,-60.97,-68.48,-58.87,-49.14,-58.06,-44.90,-59.76,2026-06-04 06:47:04+00:00
2026-06-04T06:48:03+00:00,-53.58,-62.54,-64.85,-60.19,-65.51,-46.55,-49.16,-67.55,-52.17,-46.94,-61.13,-68.86,-58.75,-49.40,-57.59,-45.08,-58.66,2026-06-04 06:48:03+00:00
2026-06-04T06:49:03+00:00,-53.38,-62.28,-64.85,-60.17,-66.53,-46.58,-49.91,-67.10,-49.98,-46.90,-61.22,-68.67,-58.63,-49.45,-57.92,-45.09,-59.95,2026-06-04 06:49:03+00:00
2026-06-04T06:50:04+00:00,-52.19,-61.92,-64.94,-60.58,-66.91,-46.40,-49.28,-67.11,-49.95,-46.87,-60.98,-68.83,-58.64,-49.52,-57.88,-44.99,-60.22,2026-06-04 06:50:04+00:00
2026-06-04T06:51:04+00:00,-52.27,-61.27,-64.87,-60.35,-65.49,-46.45,-49.59,-66.81,-50.01,-46.91,-60.94,-68.75,-58.63,-49.79,-58.16,-44.94,-60.25,2026-06-04 06:51:04+00:00
2026-06-04T06:52:03+00:00,-53.14,-60.45,-65.05,-60.55,-66.53,-46.69,-49.31,-67.31,-50.03,-46.97,-60.94,-68.50,-58.66,-49.98,-58.09,-45.14,-59.94,2026-06-04 06:52:03+00:00
2026-06-04T06:53:03+00:00,-53.68,-61.39,-65.02,-60.01,-65.37,-46.36,-49.29,-66.82,-49.98,-47.07,-61.15,-68.66,-58.64,-50.32,-57.89,-45.26,-59.29,2026-06-04 06:53:03+00:00
2026-06-04T06:54:04+00:00,-53.71,-60.88,-65.04,-60.29,-66.70,-46.48,-50.06,-66.55,-47.85,-46.92,-61.08,-68.25,-58.27,-50.38,-58.41,-44.95,-59.04,2026-06-04 06:54:04+00:00
2026-06-04T06:55:03+00:00,-52.60,-61.53,-64.93,-60.43,-65.44,-46.56,-49.58,-67.35,-48.04,-47.03,-61.01,-68.57,-58.40,-50.42,-58.34,-44.82,-58.91,2026-06-04 06:55:03+00:00
2026-06-04T06:56:03+00:00,-52.86,-61.42,-64.77,-60.11,-66.63,-46.46,-49.65,-66.74,-48.30,-46.92,-60.85,-68.49,-58.10,-50.69,-58.64,-45.24,-58.81,2026-06-04 06:56:03+00:00
2026-06-04T06:57:04+00:00,-52.23,-61.54,-65.05,-60.15,-66.23,-46.58,-49.74,-66.84,-48.33,-46.79,-61.00,-68.86,-58.37,-50.79,-58.43,-44.87,-58.72,2026-06-04 06:57:04+00:00
2026-06-04T06:58:04+00:00,-52.94,-60.44,-64.96,-60.47,-66.52,-46.69,-49.75,-66.97,-48.27,-46.75,-60.95,-68.81,-58.60,-50.74,-58.25,-45.06,-58.68,2026-06-04 06:58:04+00:00
2026-06-04T06:59:03+00:00,-52.77,-62.07,-65.04,-60.93,-66.56,-46.56,-49.65,-66.38,-48.23,-46.78,-61.30,-68.39,-58.42,-50.91,-57.96,-44.88,-59.34,2026-06-04 06:59:03+00:00
2026-06-04T07:00:03+00:00,-53.76,-61.92,-65.14,-60.69,-66.13,-46.58,-50.22,-66.30,-48.03,-47.93,-61.11,-68.40,-58.51,-51.10,-58.68,-45.04,-56.99,2026-06-04 07:00:03+00:00
2026-06-04T07:01:03+00:00,-54.68,-62.25,-64.99,-60.46,-65.92,-46.49,-50.30,-66.60,-47.97,-63.73,-61.17,-68.53,-58.45,-51.23,-58.16,-45.29,-58.87,2026-06-04 07:01:03+00:00
2026-06-04T07:02:04+00:00,-53.22,-62.70,-64.95,-60.48,-66.28,-46.63,-49.61,-66.62,-48.13,-63.95,-61.31,-68.55,-58.56,-51.45,-58.69,-45.18,-57.23,2026-06-04 07:02:04+00:00
2026-06-04T07:03:03+00:00,-52.73,-63.50,-64.73,-60.48,-66.07,-46.51,-50.10,-66.74,-47.98,-64.06,-61.58,-68.28,-66.29,-51.59,-58.60,-45.53,-58.58,2026-06-04 07:03:03+00:00
2026-06-04T07:04:04+00:00,-54.51,-62.40,-65.06,-60.44,-66.40,-46.43,-49.91,-67.51,-49.34,-64.38,-61.71,-68.86,-67.32,-51.86,-58.33,-45.58,-59.42,2026-06-04 07:04:04+00:00
2026-06-04T07:05:04+00:00,-53.93,-62.29,-65.07,-60.74,-66.62,-46.59,-49.75,-67.10,-49.33,-64.07,-61.93,-68.56,-67.07,-51.84,-57.61,-45.67,-59.25,2026-06-04 07:05:04+00:00
2026-06-04T07:06:04+00:00,-54.91,-63.88,-64.85,-60.48,-66.38,-46.82,-49.89,-67.22,-49.36,-63.71,-61.96,-68.53,-67.80,-51.94,-57.91,-45.93,-58.96,2026-06-04 07:06:04+00:00
2026-06-04T07:07:03+00:00,-53.69,-61.89,-64.50,-60.93,-66.28,-46.63,-50.23,-67.08,-49.26,-64.04,-62.14,-68.33,-67.91,-52.14,-58.02,-45.72,-58.77,2026-06-04 07:07:03+00:00
2026-06-04T07:08:03+00:00,-53.70,-61.43,-64.72,-60.82,-66.40,-46.74,-49.61,-67.42,-49.29,-64.30,-62.02,-68.53,-67.39,-52.15,-57.72,-45.73,-58.95,2026-06-04 07:08:03+00:00
2026-06-04T07:09:04+00:00,-53.64,-63.11,-64.77,-60.56,-65.71,-46.65,-49.49,-67.72,-52.42,-63.73,-62.31,-68.65,-67.58,-52.37,-57.75,-45.56,-58.67,2026-06-04 07:09:04+00:00
2026-06-04T07:10:04+00:00,-50.52,-62.81,-64.87,-60.51,-66.51,-46.50,-49.31,-68.11,-52.32,-63.97,-61.75,-68.87,-61.09,-52.59,-57.71,-45.39,-58.63,2026-06-04 07:10:04+00:00
2026-06-04T07:11:03+00:00,-50.51,-62.24,-65.01,-60.25,-66.19,-46.46,-49.61,-68.19,-52.43,-64.38,-61.98,-68.63,-58.61,-52.48,-57.82,-45.46,-58.83,2026-06-04 07:11:03+00:00
2026-06-04T07:12:03+00:00,-50.35,-63.26,-64.69,-60.11,-66.97,-46.51,-49.68,-67.32,-52.42,-64.07,-56.71,-68.27,-58.44,-52.54,-57.55,-45.36,-58.85,2026-06-04 07:12:03+00:00
2026-06-04T07:13:04+00:00,-50.53,-63.71,-65.00,-60.70,-66.46,-46.60,-49.79,-67.29,-52.45,-63.66,-59.64,-68.63,-58.52,-52.64,-57.54,-45.30,-58.91,2026-06-04 07:13:04+00:00
2026-06-04T07:14:04+00:00,-50.87,-64.24,-65.01,-60.61,-65.96,-46.40,-49.07,-68.41,-52.55,-64.07,-62.86,-68.94,-58.56,-52.61,-57.58,-44.87,-58.89,2026-06-04 07:14:04+00:00
2026-06-04T07:15:03+00:00,-50.87,-62.24,-64.84,-60.38,-66.27,-46.55,-49.81,-66.90,-53.02,-64.69,-62.72,-68.62,-58.09,-52.92,-57.65,-45.00,-56.85,2026-06-04 07:15:03+00:00
2026-06-04T07:16:04+00:00,-50.50,-63.19,-64.93,-60.78,-66.67,-46.37,-49.60,-67.34,-52.97,-65.00,-62.72,-69.13,-58.47,-52.93,-58.20,-44.82,-58.86,2026-06-04 07:16:04+00:00
2026-06-04T07:17:04+00:00,-50.46,-62.67,-64.65,-60.71,-65.31,-46.33,-49.46,-67.27,-52.85,-64.73,-62.71,-68.46,-58.40,-52.89,-57.77,-44.96,-57.27,2026-06-04 07:17:04+00:00
2026-06-04T07:18:03+00:00,-50.69,-62.01,-65.11,-60.44,-65.96,-50.87,-49.44,-66.99,-52.84,-64.59,-62.77,-69.15,-58.53,-53.00,-57.56,-44.96,-58.86,2026-06-04 07:18:03+00:00
2026-06-04T07:19:03+00:00,-50.58,-62.73,-64.56,-60.27,-66.85,-50.64,-49.61,-67.17,-52.73,-64.67,-62.72,-69.05,-58.42,-53.38,-57.95,-44.96,-57.55,2026-06-04 07:19:03+00:00
2026-06-04T07:20:04+00:00,-50.49,-62.51,-65.16,-60.47,-67.31,-50.65,-49.14,-67.07,-52.88,-65.06,-62.16,-68.56,-58.40,-53.44,-57.23,-44.89,-58.54,2026-06-04 07:20:04+00:00
2026-06-04T07:21:03+00:00,-50.92,-61.91,-64.92,-60.36,-66.03,-50.70,-49.43,-67.29,-52.99,-65.49,-62.01,-68.90,-58.43,-53.58,-57.56,-44.93,-59.18,2026-06-04 07:21:03+00:00
2026-06-04T07:22:03+00:00,-50.73,-62.51,-65.16,-60.30,-66.19,-51.03,-49.75,-67.13,-53.14,-65.00,-61.85,-68.92,-58.29,-53.62,-57.37,-45.00,-58.91,2026-06-04 07:22:03+00:00
2026-06-04T07:23:04+00:00,-50.62,-61.67,-65.34,-60.46,-66.26,-50.84,-50.15,-66.73,-53.04,-64.40,-61.67,-68.96,-58.44,-53.53,-57.31,-45.09,-59.09,2026-06-04 07:23:04+00:00
2026-06-04T07:24:04+00:00,-50.79,-62.07,-65.13,-60.65,-66.20,-50.62,-49.84,-67.34,-53.00,-64.58,-61.13,-68.89,-58.53,-53.68,-57.53,-45.37,-59.01,2026-06-04 07:24:04+00:00
2026-06-04T07:25:03+00:00,-54.18,-62.07,-65.26,-60.69,-65.97,-50.83,-49.76,-67.62,-52.13,-65.09,-61.35,-68.80,-57.94,-53.65,-58.02,-45.36,-58.79,2026-06-04 07:25:03+00:00
2026-06-04T07:26:03+00:00,-54.23,-62.36,-65.27,-60.77,-65.42,-50.68,-49.79,-66.90,-51.96,-64.65,-60.86,-68.74,-57.90,-53.86,-58.45,-45.24,-58.68,2026-06-04 07:26:03+00:00
2026-06-04T07:27:04+00:00,-53.48,-62.29,-64.81,-60.42,-66.11,-50.67,-49.58,-67.08,-51.88,-64.80,-60.79,-68.45,-58.25,-53.86,-58.56,-45.51,-57.37,2026-06-04 07:27:04+00:00
2026-06-04T07:28:04+00:00,-55.55,-61.45,-65.22,-60.35,-65.74,-50.73,-49.25,-66.25,-51.93,-65.08,-60.49,-68.71,-58.32,-54.16,-58.23,-45.71,-60.01,2026-06-04 07:28:04+00:00
2026-06-04T07:29:03+00:00,-54.84,-61.41,-65.20,-60.24,-66.12,-50.80,-49.53,-65.70,-51.83,-64.90,-60.18,-68.72,-58.35,-54.33,-58.11,-45.91,-59.98,2026-06-04 07:29:03+00:00
2026-06-04T07:30:03+00:00,-54.40,-62.03,-65.19,-60.69,-66.49,-50.65,-49.39,-68.87,-51.66,-64.90,-60.02,-68.78,-58.42,-54.51,-58.59,-45.91,-60.06,2026-06-04 07:30:03+00:00
2026-06-04T07:31:03+00:00,-54.64,-62.21,-65.12,-59.98,-65.84,-50.60,-49.64,-68.83,-51.72,-64.79,-59.89,-68.64,-58.36,-55.02,-58.43,-45.89,-60.08,2026-06-04 07:31:03+00:00
2026-06-04T07:32:04+00:00,-54.50,-62.38,-65.22,-60.25,-66.69,-50.73,-49.13,-68.54,-51.83,-65.02,-59.98,-68.60,-58.24,-55.23,-58.41,-46.08,-58.24,2026-06-04 07:32:04+00:00
2026-06-04T07:33:04+00:00,-54.47,-62.34,-64.68,-60.24,-65.96,-50.84,-49.29,-68.75,-51.90,-64.71,-59.59,-68.90,-58.33,-55.28,-58.22,-45.79,-59.93,2026-06-04 07:33:04+00:00
2026-06-04T07:34:03+00:00,-54.66,-62.50,-64.81,-60.43,-65.65,-50.63,-49.59,-51.10,-49.63,-64.89,-59.19,-68.70,-58.41,-55.47,-57.57,-45.67,-59.79,2026-06-04 07:34:03+00:00
2026-06-04T07:35:03+00:00,-53.72,-61.96,-64.93,-60.41,-65.92,-50.84,-49.95,-51.17,-49.54,-64.98,-59.14,-68.68,-58.39,-55.77,-57.82,-45.79,-59.95,2026-06-04 07:35:03+00:00
2026-06-04T07:36:03+00:00,-54.08,-60.33,-64.96,-60.24,-66.83,-50.80,-49.74,-51.15,-49.81,-65.48,-59.10,-68.77,-58.38,-55.89,-57.62,-45.70,-59.99,2026-06-04 07:36:03+00:00
2026-06-04T07:37:03+00:00,-53.27,-61.43,-65.10,-60.26,-66.24,-50.91,-49.56,-51.16,-49.83,-65.28,-59.00,-68.71,-58.37,-55.78,-58.04,-45.70,-59.39,2026-06-04 07:37:03+00:00
2026-06-04T07:38:04+00:00,-53.69,-59.75,-65.20,-60.34,-66.07,-50.04,-49.02,-51.22,-49.84,-64.81,-59.24,-68.68,-58.39,-55.82,-57.66,-45.73,-59.30,2026-06-04 07:38:04+00:00
2026-06-04T07:39:04+00:00,-53.46,-62.21,-65.16,-59.91,-65.39,-49.73,-49.20,-51.13,-48.14,-65.20,-58.89,-68.80,-58.34,-55.73,-57.62,-45.62,-59.96,2026-06-04 07:39:04+00:00
2026-06-04T07:40:03+00:00,-53.80,-62.02,-65.00,-60.40,-66.60,-46.17,-49.58,-51.18,-48.58,-65.07,-58.81,-68.02,-58.34,-56.20,-57.21,-45.94,-60.12,2026-06-04 07:40:03+00:00
2026-06-04T07:41:04+00:00,-53.63,-61.32,-65.01,-60.49,-65.39,-46.37,-49.07,-51.18,-48.57,-64.97,-58.46,-68.12,-58.52,-56.13,-57.79,-45.94,-59.48,2026-06-04 07:41:04+00:00
2026-06-04T07:42:04+00:00,-54.21,-61.50,-64.78,-60.45,-66.41,-46.53,-49.21,-51.20,-48.58,-65.13,-58.34,-68.06,-58.42,-56.38,-57.45,-46.19,-59.49,2026-06-04 07:42:04+00:00
2026-06-04T07:43:03+00:00,-53.51,-59.63,-64.77,-60.39,-65.77,-46.40,-49.45,-51.20,-48.64,-64.93,-58.26,-68.25,-58.47,-56.49,-57.95,-46.53,-57.39,2026-06-04 07:43:03+00:00
2026-06-04T07:44:03+00:00,-53.78,-61.47,-64.59,-60.23,-65.67,-46.72,-48.90,-51.29,-48.65,-65.10,-57.99,-68.06,-58.42,-56.51,-57.90,-46.81,-57.74,2026-06-04 07:44:03+00:00
2026-06-04T07:45:04+00:00,-53.91,-59.10,-64.60,-60.31,-65.49,-46.69,-48.53,-51.28,-48.38,-65.30,-58.44,-68.07,-58.48,-56.13,-57.61,-46.89,-59.20,2026-06-04 07:45:04+00:00
2026-06-04T07:46:04+00:00,-54.18,-61.65,-64.74,-60.19,-65.78,-46.79,-48.48,-50.98,-48.27,-64.93,-58.41,-68.44,-58.56,-56.15,-57.60,-46.97,-58.80,2026-06-04 07:46:04+00:00
2026-06-04T07:47:03+00:00,-54.26,-60.63,-64.75,-60.01,-66.67,-46.77,-48.31,-50.88,-48.21,-64.55,-58.47,-67.91,-66.69,-56.09,-57.58,-47.22,-59.41,2026-06-04 07:47:03+00:00
2026-06-04T07:48:04+00:00,-53.65,-61.29,-64.63,-60.13,-66.29,-46.63,-49.07,-50.96,-48.21,-64.87,-58.50,-68.24,-58.35,-56.15,-58.06,-47.42,-59.70,2026-06-04 07:48:04+00:00
2026-06-04T07:49:04+00:00,-53.75,-61.20,-64.91,-59.94,-66.61,-46.48,-48.72,-50.92,-49.66,-57.89,-58.38,-68.12,-58.46,-56.07,-57.24,-47.56,-59.25,2026-06-04 07:49:04+00:00
2026-06-04T07:50:03+00:00,-53.95,-62.27,-65.08,-59.44,-65.31,-46.37,-48.85,-50.92,-49.61,-48.62,-58.72,-68.16,-58.41,-56.35,-57.86,-47.46,-59.58,2026-06-04 07:50:03+00:00
2026-06-04T07:51:03+00:00,-52.86,-60.98,-64.82,-60.05,-66.30,-46.56,-48.83,-50.99,-49.61,-47.60,-58.76,-68.37,-58.47,-56.33,-57.38,-47.35,-59.76,2026-06-04 07:51:03+00:00
2026-06-04T07:52:04+00:00,-53.12,-61.61,-64.85,-59.92,-66.11,-46.65,-49.13,-50.91,-49.55,-46.77,-58.57,-68.34,-58.50,-56.64,-57.22,-47.45,-57.73,2026-06-04 07:52:04+00:00
2026-06-04T07:53:04+00:00,-53.37,-61.29,-64.96,-60.08,-66.66,-46.59,-48.67,-50.92,-50.24,-46.25,-58.50,-68.27,-58.37,-56.59,-57.31,-47.31,-59.51,2026-06-04 07:53:04+00:00
2026-06-04T07:54:03+00:00,-53.65,-61.14,-64.96,-59.87,-66.66,-46.50,-49.19,-50.94,-53.14,-46.04,-58.47,-68.39,-58.45,-57.09,-57.37,-47.14,-58.95,2026-06-04 07:54:03+00:00
2026-06-04T07:55:03+00:00,-50.52,-61.34,-64.99,-59.93,-66.19,-46.56,-49.04,-51.06,-52.73,-45.98,-57.47,-68.33,-58.20,-57.54,-57.05,-47.40,-55.83,2026-06-04 07:55:03+00:00
2026-06-04T07:56:04+00:00,-50.54,-61.83,-64.86,-59.96,-65.87,-46.53,-49.06,-51.06,-52.65,-46.08,-58.42,-68.60,-58.22,-57.52,-56.98,-47.21,-59.11,2026-06-04 07:56:04+00:00
2026-06-04T07:57:03+00:00,-50.60,-60.87,-64.92,-59.66,-66.72,-46.64,-48.95,-51.09,-52.75,-45.94,-58.46,-68.28,-58.32,-57.67,-56.96,-47.34,-58.98,2026-06-04 07:57:03+00:00
2026-06-04T07:58:03+00:00,-50.68,-61.36,-64.95,-60.14,-66.16,-46.57,-48.98,-51.08,-52.71,-45.90,-58.38,-68.40,-58.29,-58.01,-57.34,-47.19,-59.59,2026-06-04 07:58:03+00:00
2026-06-04T07:59:04+00:00,-50.48,-61.78,-65.06,-60.22,-66.45,-46.69,-48.49,-50.94,-52.68,-45.84,-58.42,-68.32,-58.25,-58.04,-57.17,-47.27,-59.12,2026-06-04 07:59:04+00:00
2026-06-04T08:00:04+00:00,-50.64,-61.05,-64.94,-59.64,-65.42,-46.59,-48.67,-50.97,-53.09,-45.82,-41.72,-68.54,-58.24,-57.93,-57.62,-47.05,-54.83,2026-06-04 08:00:04+00:00
2026-06-04T08:01:04+00:00,-50.54,-61.14,-65.01,-60.03,-65.91,-46.74,-48.47,-50.94,-53.23,-45.87,-58.41,-67.96,-58.00,-57.71,-57.11,-47.04,-58.26,2026-06-04 08:01:04+00:00
2026-06-04T08:02:03+00:00,-50.35,-59.62,-64.88,-59.68,-64.98,-46.85,-48.96,-50.96,-53.32,-45.30,-37.36,-68.20,-58.22,-57.78,-57.82,-46.82,-55.41,2026-06-04 08:02:03+00:00
2026-06-04T08:03:03+00:00,-50.42,-61.09,-65.06,-60.31,-65.82,-46.41,-49.06,-51.05,-53.13,-45.89,-58.42,-68.66,-58.08,-57.73,-57.37,-46.96,-59.51,2026-06-04 08:03:03+00:00
2026-06-04T08:04:04+00:00,-50.51,-59.96,-65.11,-59.99,-66.04,-46.41,-48.78,-51.08,-53.03,-45.78,-47.72,-68.30,-66.20,-57.51,-57.17,-46.87,-55.74,2026-06-04 08:04:04+00:00
2026-06-04T08:05:04+00:00,-50.40,-61.13,-65.23,-59.98,-66.29,-46.85,-48.69,-51.05,-53.01,-45.81,-58.46,-68.57,-66.51,-57.62,-56.64,-47.00,-59.61,2026-06-04 08:05:04+00:00
2026-06-04T08:06:03+00:00,-50.12,-59.83,-65.11,-60.05,-66.02,-46.60,-48.68,-51.10,-53.04,-45.63,-58.47,-68.49,-66.59,-57.47,-56.61,-46.57,-59.85,2026-06-04 08:06:03+00:00
2026-06-04T08:07:04+00:00,-50.48,-60.06,-65.10,-60.09,-65.53,-46.57,-48.54,-51.08,-53.24,-45.97,-58.24,-68.10,-65.99,-57.29,-56.81,-46.37,-59.76,2026-06-04 08:07:04+00:00
2026-06-04T08:08:03+00:00,-50.40,-60.17,-65.25,-59.80,-65.90,-46.67,-48.91,-51.13,-53.29,-45.90,-50.56,-68.43,-66.05,-57.55,-56.99,-46.07,-55.48,2026-06-04 08:08:03+00:00
2026-06-04T08:09:03+00:00,-49.72,-60.36,-65.26,-60.01,-65.70,-46.76,-49.08,-51.11,-53.38,-45.88,-58.27,-68.30,-66.36,-57.62,-56.93,-46.05,-59.85,2026-06-04 08:09:03+00:00
2026-06-04T08:10:04+00:00,-51.71,-62.06,-65.10,-59.38,-65.25,-46.40,-49.04,-51.15,-52.29,-46.10,-56.16,-68.11,-64.34,-57.77,-57.50,-45.93,-57.39,2026-06-04 08:10:04+00:00
2026-06-04T08:11:04+00:00,-52.14,-60.51,-64.96,-59.51,-65.53,-46.58,-48.46,-51.14,-52.18,-46.25,-58.47,-68.31,-64.16,-57.67,-56.48,-46.09,-59.90,2026-06-04 08:11:04+00:00
2026-06-04T08:12:03+00:00,-53.02,-59.56,-65.17,-59.64,-65.60,-46.71,-48.53,-51.04,-51.96,-46.59,-58.38,-68.51,-59.14,-57.83,-57.12,-45.51,-58.44,2026-06-04 08:12:03+00:00
2026-06-04T08:13:04+00:00,-52.48,-59.99,-64.97,-59.24,-65.61,-46.62,-48.64,-51.09,-52.06,-46.19,-51.87,-67.59,-57.90,-58.04,-58.29,-45.56,-57.15,2026-06-04 08:13:04+00:00
2026-06-04T08:14:04+00:00,-54.26,-61.03,-65.14,-59.37,-66.21,-46.57,-48.52,-51.06,-51.88,-45.85,-58.65,-68.19,-57.95,-57.82,-57.38,-45.52,-58.97,2026-06-04 08:14:04+00:00
2026-06-04T08:15:03+00:00,-55.27,-59.80,-65.36,-58.99,-66.17,-46.59,-48.68,-50.98,-51.86,-45.97,-58.59,-68.24,-58.29,-58.03,-57.95,-45.60,-57.92,2026-06-04 08:15:03+00:00
2026-06-04T08:16:03+00:00,-54.59,-58.95,-65.19,-59.59,-65.87,-47.08,-48.88,-51.13,-51.89,-46.00,-58.47,-68.36,-58.08,-58.13,-58.14,-45.62,-59.70,2026-06-04 08:16:03+00:00
2026-06-04T08:17:04+00:00,-54.04,-59.02,-65.11,-59.38,-66.72,-47.32,-48.64,-51.13,-51.84,-45.82,-58.23,-68.10,-58.53,-58.31,-57.87,-45.63,-59.57,2026-06-04 08:17:04+00:00
2026-06-04T08:18:04+00:00,-55.12,-58.73,-65.21,-59.24,-66.92,-47.35,-48.73,-51.11,-51.92,-45.80,-58.58,-68.65,-58.07,-58.77,-57.45,-45.60,-60.16,2026-06-04 08:18:04+00:00
2026-06-04T08:19:03+00:00,-53.24,-59.12,-65.48,-59.32,-66.13,-47.68,-48.32,-51.20,-49.64,-45.72,-42.90,-68.57,-58.15,-59.09,-57.85,-45.71,-55.94,2026-06-04 08:19:03+00:00
2026-06-04T08:20:04+00:00,-53.98,-59.58,-65.43,-59.51,-66.04,-47.45,-48.85,-51.22,-49.65,-45.80,-58.89,-68.55,-58.21,-59.47,-57.24,-45.83,-60.09,2026-06-04 08:20:04+00:00
2026-06-04T08:21:04+00:00,-53.11,-61.06,-65.29,-59.28,-65.96,-47.36,-48.86,-51.14,-49.67,-45.89,-58.87,-68.53,-58.10,-60.16,-57.65,-46.24,-60.24,2026-06-04 08:21:04+00:00
2026-06-04T08:22:03+00:00,-53.05,-59.13,-65.10,-59.35,-66.01,-47.21,-48.86,-51.14,-49.63,-45.94,-43.90,-67.94,-58.16,-60.14,-57.70,-46.38,-55.87,2026-06-04 08:22:03+00:00
2026-06-04T08:23:03+00:00,-53.01,-59.71,-65.52,-59.09,-66.72,-47.00,-48.91,-51.20,-48.01,-45.86,-58.56,-68.46,-58.20,-60.80,-56.63,-46.76,-59.73,2026-06-04 08:23:03+00:00
2026-06-04T08:24:03+00:00,-52.94,-59.48,-65.15,-59.13,-66.46,-47.05,-49.09,-51.45,-47.87,-45.89,-58.75,-68.40,-58.28,-60.89,-56.50,-47.01,-59.80,2026-06-04 08:24:03+00:00
2026-06-04T08:25:04+00:00,-53.35,-58.59,-65.37,-59.26,-65.76,-49.01,-48.76,-51.36,-48.37,-45.93,-58.66,-68.65,-58.17,-61.34,-56.65,-46.97,-59.14,2026-06-04 08:25:04+00:00
2026-06-04T08:26:04+00:00,-52.87,-59.23,-65.56,-59.29,-66.05,-50.76,-48.00,-51.45,-48.35,-46.08,-58.73,-68.91,-58.18,-61.61,-56.63,-47.01,-59.40,2026-06-04 08:26:04+00:00
2026-06-04T08:27:03+00:00,-53.36,-59.86,-65.41,-59.43,-65.88,-50.64,-48.90,-51.40,-48.33,-45.89,-49.55,-68.31,-58.25,-61.85,-56.70,-47.13,-56.45,2026-06-04 08:27:03+00:00
2026-06-04T08:28:04+00:00,-53.11,-58.81,-65.71,-59.27,-65.70,-50.70,-48.30,-51.31,-48.32,-45.96,-58.71,-68.82,-58.23,-62.18,-56.17,-47.20,-59.40,2026-06-04 08:28:04+00:00
2026-06-04T08:29:04+00:00,-52.48,-59.88,-65.62,-59.37,-65.98,-50.64,-48.74,-51.25,-48.31,-45.86,-58.71,-68.79,-58.10,-62.84,-56.90,-47.18,-58.59,2026-06-04 08:29:04+00:00
2026-06-04T08:30:03+00:00,-53.79,-59.57,-65.58,-59.15,-65.12,-50.68,-48.50,-51.37,-47.97,-46.12,-58.52,-68.97,-58.10,-62.80,-56.50,-47.11,-59.68,2026-06-04 08:30:03+00:00
2026-06-04T08:31:04+00:00,-52.58,-59.59,-65.63,-59.80,-65.42,-50.50,-48.61,-51.35,-47.95,-46.29,-58.43,-69.15,-58.09,-63.27,-56.50,-47.00,-59.69,2026-06-04 08:31:04+00:00
2026-06-04T08:32:03+00:00,-52.08,-60.59,-65.61,-59.76,-66.55,-50.85,-49.17,-51.39,-47.98,-46.15,-58.45,-69.21,-58.24,-62.94,-56.84,-47.18,-59.74,2026-06-04 08:32:03+00:00
2026-06-04T08:33:04+00:00,-53.39,-58.84,-65.60,-59.72,-66.53,-50.68,-48.96,-51.34,-47.99,-46.21,-58.48,-68.82,-58.25,-63.28,-56.52,-47.15,-59.52,2026-06-04 08:33:04+00:00
2026-06-04T08:34:04+00:00,-53.26,-57.93,-65.66,-59.37,-65.33,-50.53,-48.52,-51.30,-49.37,-46.28,-58.36,-68.77,-58.13,-63.27,-56.80,-47.37,-59.14,2026-06-04 08:34:04+00:00
2026-06-04T08:35:03+00:00,-52.72,-59.77,-65.40,-59.73,-66.77,-50.81,-48.71,-51.38,-49.38,-46.30,-58.71,-68.93,-57.80,-62.94,-56.17,-47.29,-58.73,2026-06-04 08:35:03+00:00
2026-06-04T08:36:03+00:00,-53.43,-59.50,-65.41,-59.55,-66.18,-50.67,-48.31,-51.34,-49.35,-46.36,-58.42,-68.44,-58.12,-63.01,-56.44,-47.34,-59.19,2026-06-04 08:36:03+00:00
2026-06-04T08:37:03+00:00,-53.31,-58.46,-65.32,-59.60,-65.52,-50.54,-48.50,-51.32,-49.30,-46.43,-58.55,-68.41,-58.22,-63.19,-56.80,-47.33,-57.32,2026-06-04 08:37:03+00:00
2026-06-04T08:38:04+00:00,-52.41,-59.47,-65.55,-59.70,-65.47,-50.87,-48.14,-51.24,-52.45,-46.74,-58.29,-68.66,-58.14,-62.75,-56.30,-47.59,-58.86,2026-06-04 08:38:04+00:00
2026-06-04T08:39:04+00:00,-53.89,-58.41,-65.32,-59.89,-66.43,-50.73,-48.25,-51.30,-52.33,-46.54,-58.31,-68.63,-58.20,-62.51,-56.60,-47.27,-59.23,2026-06-04 08:39:04+00:00
2026-06-04T08:40:03+00:00,-50.13,-60.92,-65.51,-59.58,-66.37,-50.82,-48.43,-51.24,-52.10,-46.62,-58.46,-69.15,-58.06,-62.27,-56.63,-47.52,-59.45,2026-06-04 08:40:03+00:00
2026-06-04T08:41:04+00:00,-50.14,-60.47,-65.28,-59.68,-65.40,-50.75,-48.40,-51.25,-52.02,-46.66,-58.26,-68.90,-58.02,-61.59,-56.51,-47.48,-59.36,2026-06-04 08:41:04+00:00
2026-06-04T08:42:04+00:00,-50.14,-60.14,-65.53,-59.49,-66.14,-50.71,-48.51,-51.25,-52.13,-46.79,-58.20,-68.90,-58.05,-61.96,-56.15,-47.45,-60.03,2026-06-04 08:42:04+00:00
2026-06-04T08:43:03+00:00,-50.15,-60.04,-65.65,-59.59,-65.97,-50.69,-48.38,-51.26,-52.04,-46.71,-58.28,-68.98,-58.16,-61.53,-56.49,-47.91,-59.96,2026-06-04 08:43:03+00:00
2026-06-04T08:44:03+00:00,-50.35,-58.96,-65.46,-59.85,-66.29,-50.57,-48.10,-51.27,-52.12,-46.56,-58.18,-68.97,-57.88,-61.56,-56.59,-47.79,-60.15,2026-06-04 08:44:03+00:00
2026-06-04T08:45:04+00:00,-50.40,-59.69,-65.53,-59.65,-66.05,-49.86,-48.07,-51.28,-53.23,-46.55,-58.44,-68.71,-57.94,-61.72,-56.42,-48.06,-60.26,2026-06-04 08:45:04+00:00
2026-06-04T08:46:04+00:00,-50.34,-58.84,-65.47,-59.80,-65.58,-49.61,-48.18,-51.22,-53.07,-46.46,-58.25,-68.75,-57.93,-61.63,-56.53,-48.19,-59.64,2026-06-04 08:46:04+00:00
2026-06-04T08:47:03+00:00,-50.16,-58.13,-65.57,-59.79,-66.74,-46.44,-48.09,-51.26,-53.17,-46.46,-58.13,-68.67,-58.00,-61.30,-56.56,-47.73,-59.42,2026-06-04 08:47:03+00:00
2026-06-04T08:48:04+00:00,-50.44,-57.95,-65.17,-59.71,-66.35,-46.50,-48.30,-51.22,-52.95,-46.41,-58.17,-68.41,-57.94,-62.04,-56.56,-48.15,-59.44,2026-06-04 08:48:04+00:00
2026-06-04T08:49:04+00:00,-50.53,-58.66,-65.19,-59.78,-65.64,-46.38,-47.82,-51.23,-53.12,-46.55,-58.04,-68.39,-58.05,-61.79,-56.19,-48.44,-59.71,2026-06-04 08:49:04+00:00
2026-06-04T08:50:03+00:00,-50.15,-59.30,-65.36,-59.71,-65.90,-46.29,-48.23,-51.26,-53.18,-46.41,-57.97,-68.49,-57.88,-61.59,-56.65,-48.70,-59.65,2026-06-04 08:50:03+00:00
2026-06-04T08:51:03+00:00,-49.87,-59.90,-65.11,-60.45,-66.17,-46.38,-48.08,-51.32,-53.15,-46.56,-58.16,-67.93,-57.87,-61.82,-56.29,-48.78,-58.98,2026-06-04 08:51:03+00:00
2026-06-04T08:52:04+00:00,-50.17,-58.63,-65.30,-59.94,-65.74,-46.32,-48.35,-51.27,-53.39,-46.51,-58.13,-68.34,-57.88,-61.92,-56.70,-48.90,-58.96,2026-06-04 08:52:04+00:00
2026-06-04T08:53:03+00:00,-49.87,-59.72,-65.18,-60.42,-66.11,-46.55,-48.45,-51.24,-53.39,-46.45,-58.25,-68.09,-57.99,-61.69,-56.89,-49.10,-57.48,2026-06-04 08:53:03+00:00
2026-06-04T08:54:03+00:00,-49.79,-59.16,-64.79,-60.34,-65.72,-46.44,-47.94,-51.25,-53.45,-46.60,-58.00,-68.14,-57.96,-61.53,-56.36,-49.04,-59.00,2026-06-04 08:54:03+00:00
2026-06-04T08:55:04+00:00,-52.72,-60.13,-65.29,-60.29,-66.09,-46.40,-48.22,-51.19,-52.32,-46.62,-58.14,-68.46,-58.12,-61.63,-56.64,-49.27,-59.81,2026-06-04 08:55:04+00:00
2026-06-04T08:56:04+00:00,-52.94,-59.65,-65.33,-60.92,-65.88,-46.44,-48.59,-51.12,-52.28,-46.66,-58.11,-68.48,-58.18,-61.45,-56.80,-48.93,-60.06,2026-06-04 08:56:04+00:00
2026-06-04T08:57:03+00:00,-53.14,-58.81,-65.17,-60.52,-66.34,-46.45,-48.39,-51.16,-52.32,-46.55,-58.04,-68.21,-58.01,-60.89,-56.46,-49.32,-58.92,2026-06-04 08:57:03+00:00
2026-06-04T08:58:03+00:00,-53.64,-59.73,-65.24,-60.95,-66.31,-46.37,-48.59,-51.21,-52.27,-46.50,-57.98,-68.57,-58.09,-60.83,-56.66,-49.25,-60.37,2026-06-04 08:58:03+00:00
2026-06-04T08:59:04+00:00,-53.71,-60.22,-65.30,-60.72,-65.91,-46.68,-49.08,-51.18,-52.37,-46.58,-57.86,-68.44,-57.93,-60.58,-56.64,-48.83,-60.06,2026-06-04 08:59:04+00:00
2026-06-04T09:00:04+00:00,-52.51,-60.84,-65.24,-60.59,-63.62,-46.50,-48.12,-51.07,-52.28,-46.52,-56.11,-68.43,-58.14,-60.05,-56.48,-48.86,-60.37,2026-06-04 09:00:04+00:00
2026-06-04T09:01:04+00:00,-53.50,-59.85,-65.37,-60.51,-64.64,-46.56,-48.59,-51.10,-52.26,-46.39,-57.68,-68.53,-58.34,-59.70,-56.45,-49.05,-59.64,2026-06-04 09:01:04+00:00
2026-06-04T09:02:04+00:00,-53.79,-58.91,-65.10,-60.63,-65.22,-46.74,-48.71,-51.14,-52.15,-46.34,-57.78,-67.97,-58.14,-59.30,-56.76,-49.09,-57.91,2026-06-04 09:02:04+00:00
2026-06-04T09:03:04+00:00,-52.65,-59.70,-65.14,-60.79,-65.33,-46.61,-48.77,-51.14,-50.87,-46.18,-57.71,-68.28,-58.22,-58.91,-57.00,-48.96,-60.08,2026-06-04 09:03:04+00:00
2026-06-04T09:04:04+00:00,-52.65,-60.36,-65.19,-60.16,-66.35,-46.62,-48.45,-51.13,-49.90,-45.98,-57.74,-68.54,-58.23,-58.73,-56.90,-49.20,-60.43,2026-06-04 09:04:04+00:00
2026-06-04T09:05:04+00:00,-53.15,-60.18,-65.24,-60.48,-66.47,-46.60,-48.72,-51.15,-49.84,-46.07,-57.70,-68.01,-58.11,-58.66,-56.74,-49.54,-59.51,2026-06-04 09:05:04+00:00
2026-06-04T09:06:04+00:00,-52.90,-60.50,-65.06,-60.28,-66.44,-46.57,-48.69,-51.22,-49.78,-46.08,-57.59,-68.36,-58.23,-58.65,-56.80,-49.69,-60.27,2026-06-04 09:06:04+00:00
2026-06-04T09:07:03+00:00,-53.08,-60.35,-64.89,-60.38,-66.48,-46.46,-48.81,-51.15,-49.80,-46.04,-57.48,-68.05,-58.12,-58.77,-57.02,-49.89,-60.48,2026-06-04 09:07:03+00:00
2026-06-04T09:08:03+00:00,-52.79,-61.08,-65.10,-60.62,-65.73,-46.41,-48.17,-51.10,-47.80,-45.97,-57.79,-68.05,-58.14,-58.85,-56.50,-50.03,-59.91,2026-06-04 09:08:03+00:00
2026-06-04T09:09:04+00:00,-52.39,-59.73,-65.37,-60.59,-66.54,-46.58,-48.61,-51.17,-47.74,-46.01,-54.69,-68.42,-58.23,-58.81,-56.84,-50.06,-60.57,2026-06-04 09:09:04+00:00
2026-06-04T09:10:04+00:00,-52.45,-60.41,-64.99,-60.71,-66.66,-46.42,-48.58,-51.17,-48.15,-46.02,-57.89,-67.76,-58.09,-58.92,-56.78,-50.16,-59.48,2026-06-04 09:10:04+00:00
2026-06-04T09:11:03+00:00,-52.91,-61.44,-65.39,-60.44,-66.50,-46.69,-48.60,-51.07,-48.24,-46.11,-56.18,-68.24,-58.14,-59.22,-57.13,-50.23,-60.63,2026-06-04 09:11:03+00:00
2026-06-04T09:12:04+00:00,-52.01,-61.46,-65.08,-60.38,-66.34,-46.40,-48.81,-51.10,-48.19,-46.00,-57.63,-68.42,-58.09,-59.31,-57.43,-50.29,-58.73,2026-06-04 09:12:04+00:00
2026-06-04T09:13:04+00:00,-52.14,-62.03,-65.19,-60.89,-66.24,-46.23,-48.65,-51.11,-48.15,-46.01,-57.65,-68.02,-58.03,-59.60,-57.96,-50.53,-60.23,2026-06-04 09:13:04+00:00
2026-06-04T09:14:03+00:00,-52.00,-60.55,-65.49,-60.93,-66.26,-46.86,-48.49,-51.07,-48.18,-46.14,-57.42,-68.40,-58.21,-59.38,-58.69,-50.47,-59.62,2026-06-04 09:14:03+00:00
2026-06-04T09:15:03+00:00,-52.87,-60.69,-65.07,-60.50,-66.52,-46.46,-48.69,-51.07,-47.86,-46.14,-57.51,-68.55,-58.09,-59.62,-58.72,-50.36,-60.04,2026-06-04 09:15:03+00:00
2026-06-04T09:16:04+00:00,-53.79,-61.74,-65.18,-60.25,-65.77,-46.56,-48.75,-51.09,-47.79,-46.23,-57.59,-68.05,-58.02,-59.59,-58.45,-50.61,-59.75,2026-06-04 09:16:04+00:00
2026-06-04T09:17:03+00:00,-53.19,-60.12,-65.17,-60.45,-66.81,-46.50,-48.49,-51.08,-47.78,-46.21,-57.42,-68.19,-58.03,-59.66,-58.60,-50.75,-59.79,2026-06-04 09:17:03+00:00
2026-06-04T09:18:03+00:00,-54.22,-60.93,-65.19,-60.40,-66.90,-46.68,-48.57,-51.08,-49.00,-46.12,-57.38,-67.89,-58.23,-59.45,-58.97,-50.72,-59.89,2026-06-04 09:18:03+00:00
2026-06-04T09:19:04+00:00,-53.42,-61.09,-65.13,-60.62,-66.02,-46.73,-48.60,-51.26,-49.05,-46.11,-57.43,-68.33,-57.97,-59.20,-58.45,-50.94,-59.62,2026-06-04 09:19:04+00:00
2026-06-04T09:20:03+00:00,-53.99,-60.86,-65.08,-60.65,-66.30,-46.64,-48.60,-51.27,-49.03,-46.21,-57.17,-67.91,-58.01,-59.07,-58.48,-50.91,-59.92,2026-06-04 09:20:03+00:00
2026-06-04T09:21:03+00:00,-54.14,-60.54,-69.84,-60.47,-65.40,-46.62,-48.58,-51.22,-50.73,-46.18,-57.41,-68.57,-58.17,-58.93,-58.54,-51.04,-59.73,2026-06-04 09:21:03+00:00
2026-06-04T09:22:04+00:00,-54.84,-61.51,-69.88,-60.44,-67.84,-46.66,-48.52,-50.94,-50.73,-46.21,-57.08,-68.37,-58.11,-58.54,-58.88,-51.25,-54.50,2026-06-04 09:22:04+00:00
2026-06-04T09:23:04+00:00,-54.55,-61.13,-69.35,-60.69,-65.43,-46.66,-48.32,-51.00,-57.32,-46.17,-57.14,-68.38,-58.03,-58.35,-58.02,-51.39,-60.45,2026-06-04 09:23:04+00:00
2026-06-04T09:24:03+00:00,-54.90,-60.42,-69.48,-60.65,-66.12,-46.79,-48.08,-50.99,-57.17,-46.27,-55.63,-68.26,-57.91,-58.09,-58.69,-51.23,-59.47,2026-06-04 09:24:03+00:00
2026-06-04T09:25:04+00:00,-50.77,-60.77,-69.02,-60.45,-65.62,-46.76,-48.15,-50.98,-56.38,-46.38,-57.29,-68.33,-57.99,-57.81,-58.86,-51.24,-60.37,2026-06-04 09:25:04+00:00
2026-06-04T09:26:04+00:00,-51.58,-61.44,-69.21,-60.20,-66.60,-46.84,-48.14,-51.05,-56.56,-46.40,-57.34,-68.75,-58.06,-57.32,-58.29,-51.70,-59.98,2026-06-04 09:26:04+00:00
2026-06-04T09:27:03+00:00,-50.85,-60.74,-69.35,-60.52,-67.44,-46.81,-48.24,-51.10,-56.52,-46.41,-57.30,-68.56,-58.15,-56.65,-58.37,-51.90,-59.86,2026-06-04 09:27:03+00:00
2026-06-04T09:28:03+00:00,-50.53,-61.12,-68.11,-60.38,-66.68,-46.79,-48.14,-51.07,-52.35,-46.33,-57.41,-67.21,-58.20,-56.19,-58.59,-51.62,-59.73,2026-06-04 09:28:03+00:00
2026-06-04T09:29:04+00:00,-51.18,-61.90,-67.47,-60.49,-66.51,-46.69,-48.33,-50.90,-51.76,-46.33,-57.28,-67.08,-58.18,-55.84,-58.23,-51.84,-59.82,2026-06-04 09:29:04+00:00
2026-06-04T09:30:04+00:00,-50.14,-61.42,-67.52,-60.56,-66.88,-46.63,-48.27,-50.99,-52.53,-46.38,-57.26,-66.64,-58.09,-55.25,-58.53,-51.48,-57.81,2026-06-04 09:30:04+00:00
2026-06-04T09:31:04+00:00,-49.93,-61.61,-66.00,-60.54,-65.65,-46.68,-48.77,-50.96,-58.92,-46.51,-57.12,-66.23,-58.09,-54.89,-58.41,-51.58,-60.16,2026-06-04 09:31:04+00:00
2026-06-04T09:32:04+00:00,-49.84,-61.33,-65.80,-60.32,-65.34,-50.83,-48.44,-50.96,-58.57,-46.61,-57.18,-68.26,-57.92,-54.44,-58.25,-51.46,-59.90,2026-06-04 09:32:04+00:00
2026-06-04T09:33:04+00:00,-50.14,-61.17,-65.89,-60.24,-66.08,-50.63,-48.54,-50.91,-57.37,-46.70,-57.12,-68.18,-57.91,-54.63,-58.78,-51.45,-59.42,2026-06-04 09:33:04+00:00
2026-06-04T09:34:03+00:00,-50.48,-62.14,-65.26,-60.68,-66.49,-50.70,-48.69,-50.90,-57.65,-46.62,-57.14,-68.26,-58.05,-54.42,-58.49,-51.52,-59.77,2026-06-04 09:34:03+00:00
2026-06-04T09:35:04+00:00,-50.02,-61.88,-65.78,-60.55,-65.61,-50.71,-48.62,-50.87,-57.34,-46.48,-57.10,-68.48,-58.02,-54.43,-57.44,-51.50,-60.19,2026-06-04 09:35:04+00:00
2026-06-04T09:36:03+00:00,-50.57,-61.93,-66.08,-60.14,-65.59,-50.77,-48.28,-50.88,-58.12,-46.47,-57.20,-68.37,-58.12,-54.18,-58.39,-51.50,-54.15,2026-06-04 09:36:03+00:00
2026-06-04T09:37:04+00:00,-50.57,-62.19,-65.32,-60.18,-65.98,-50.53,-48.48,-50.96,-54.56,-46.65,-57.07,-68.48,-57.97,-54.40,-57.73,-51.49,-52.65,2026-06-04 09:37:04+00:00
2026-06-04T09:38:04+00:00,-50.56,-62.84,-65.08,-60.29,-66.53,-50.68,-48.70,-51.07,-53.43,-46.66,-57.03,-68.80,-58.11,-54.28,-58.26,-51.68,-52.59,2026-06-04 09:38:04+00:00
2026-06-04T09:39:03+00:00,-49.95,-61.98,-65.35,-60.03,-66.41,-50.58,-48.72,-51.09,-53.52,-46.57,-57.03,-68.82,-58.10,-54.14,-57.99,-51.64,-54.15,2026-06-04 09:39:03+00:00
2026-06-04T09:40:04+00:00,-53.69,-61.63,-65.17,-59.90,-66.08,-50.76,-48.41,-51.19,-52.47,-46.55,-57.05,-68.78,-58.14,-54.15,-57.73,-51.90,-52.70,2026-06-04 09:40:04+00:00
2026-06-04T09:41:04+00:00,-54.13,-61.36,-65.22,-59.81,-65.85,-50.61,-48.67,-51.14,-52.57,-46.64,-56.96,-68.83,-57.99,-53.89,-57.97,-51.97,-52.55,2026-06-04 09:41:04+00:00
2026-06-04T09:42:03+00:00,-53.69,-61.05,-65.52,-59.98,-67.09,-50.57,-48.53,-51.15,-52.66,-46.57,-57.09,-68.68,-58.17,-53.95,-57.74,-51.99,-52.64,2026-06-04 09:42:03+00:00
2026-06-04T09:43:04+00:00,-53.19,-61.02,-65.51,-60.15,-65.72,-50.55,-48.69,-51.10,-52.54,-46.56,-56.96,-68.94,-58.18,-53.92,-58.35,-52.10,-52.58,2026-06-04 09:43:04+00:00
2026-06-04T09:44:04+00:00,-53.07,-62.40,-65.21,-60.25,-66.74,-50.37,-48.28,-51.10,-52.54,-46.43,-57.06,-68.49,-58.13,-53.89,-57.64,-51.84,-52.62,2026-06-04 09:44:04+00:00
2026-06-04T09:45:03+00:00,-53.22,-62.20,-65.38,-60.38,-66.56,-50.66,-48.19,-51.03,-52.55,-46.52,-56.88,-68.69,-58.07,-53.95,-57.48,-51.68,-52.67,2026-06-04 09:45:03+00:00
2026-06-04T09:46:03+00:00,-53.01,-61.08,-65.32,-60.36,-67.07,-50.62,-48.84,-51.01,-52.48,-46.48,-56.72,-68.67,-58.10,-53.90,-57.50,-52.06,-54.21,2026-06-04 09:46:03+00:00
2026-06-04T09:47:04+00:00,-53.10,-60.97,-65.42,-60.21,-65.18,-50.55,-48.65,-51.08,-52.41,-46.43,-56.86,-68.74,-58.18,-53.92,-58.16,-51.47,-52.43,2026-06-04 09:47:04+00:00
2026-06-04T09:48:04+00:00,-54.10,-60.37,-65.40,-60.41,-65.54,-50.64,-48.34,-51.15,-49.94,-46.52,-56.60,-68.75,-58.09,-53.76,-58.12,-51.12,-54.32,2026-06-04 09:48:04+00:00
2026-06-04T09:49:03+00:00,-53.60,-60.64,-69.51,-60.11,-66.43,-50.77,-48.86,-51.07,-51.71,-46.37,-56.13,-68.88,-58.07,-53.62,-58.80,-51.66,-52.66,2026-06-04 09:49:03+00:00
2026-06-04T09:50:03+00:00,-53.71,-58.85,-69.83,-60.36,-67.18,-50.57,-48.60,-51.00,-51.60,-46.52,-55.90,-68.84,-63.40,-53.55,-58.27,-51.32,-52.60,2026-06-04 09:50:03+00:00
2026-06-04T09:51:04+00:00,-53.04,-61.03,-69.89,-59.93,-66.72,-49.05,-48.72,-50.97,-51.70,-46.47,-55.82,-69.04,-65.46,-53.49,-59.02,-51.33,-60.74,2026-06-04 09:51:04+00:00
2026-06-04T09:52:03+00:00,-53.84,-59.98,-69.41,-60.04,-66.25,-49.60,-48.57,-50.95,-51.71,-46.60,-55.83,-68.23,-58.10,-53.28,-58.96,-51.53,-57.75,2026-06-04 09:52:03+00:00
2026-06-04T09:53:03+00:00,-53.19,-60.03,-65.12,-57.95,-63.44,-49.38,-48.22,-50.91,-48.75,-46.60,-56.76,-65.30,-57.88,-53.17,-58.01,-50.91,-57.27,2026-06-04 09:53:03+00:00
2026-06-04T09:54:04+00:00,-52.60,-61.19,-67.51,-60.13,-65.60,-46.31,-48.49,-50.90,-47.69,-46.64,-57.00,-67.05,-58.27,-53.28,-58.95,-51.12,-60.21,2026-06-04 09:54:04+00:00
2026-06-04T09:55:04+00:00,-52.43,-60.22,-67.05,-60.00,-65.68,-46.63,-48.41,-50.94,-47.92,-46.50,-57.04,-67.13,-58.27,-53.24,-58.86,-51.30,-59.85,2026-06-04 09:55:04+00:00
2026-06-04T09:56:03+00:00,-52.96,-61.54,-66.86,-59.96,-65.72,-46.76,-48.52,-50.97,-47.93,-46.50,-57.11,-66.98,-58.05,-53.33,-58.71,-51.08,-60.54,2026-06-04 09:56:03+00:00
2026-06-04T09:57:03+00:00,-53.45,-61.81,-65.38,-60.19,-65.88,-46.77,-48.26,-50.91,-49.31,-46.31,-57.05,-65.99,-58.17,-53.37,-59.24,-51.02,-60.27,2026-06-04 09:57:03+00:00
2026-06-04T09:58:04+00:00,-52.92,-61.39,-65.16,-60.13,-66.61,-46.52,-48.43,-51.05,-48.96,-46.17,-56.90,-67.66,-58.20,-53.29,-58.81,-50.89,-60.47,2026-06-04 09:58:04+00:00
2026-06-04T09:59:04+00:00,-53.51,-60.97,-60.94,-58.84,-67.27,-46.70,-47.81,-50.63,-48.87,-46.17,-56.81,-67.13,-57.97,-53.14,-57.39,-51.36,-58.94,2026-06-04 09:59:04+00:00
2026-06-04T10:00:03+00:00,-52.25,-58.88,-60.23,-59.17,-65.24,-46.89,-48.26,-50.71,-48.55,-46.08,-56.81,-66.64,-58.30,-53.10,-57.22,-51.36,-58.61,2026-06-04 10:00:03+00:00
2026-06-04T10:01:03+00:00,-52.68,-59.20,-60.65,-59.76,-66.10,-46.52,-48.09,-50.76,-48.63,-45.96,-56.82,-67.14,-58.20,-53.19,-59.32,-51.69,-60.42,2026-06-04 10:01:03+00:00
2026-06-04T10:02:03+00:00,-53.23,-60.57,-64.92,-58.73,-66.01,-46.44,-47.70,-50.58,-48.69,-46.04,-56.60,-66.90,-57.88,-52.94,-59.29,-51.37,-59.68,2026-06-04 10:02:03+00:00
2026-06-04T10:03:04+00:00,-53.69,-59.55,-64.69,-59.34,-66.10,-46.62,-48.28,-51.11,-49.50,-45.89,-56.23,-68.01,-58.26,-52.85,-59.72,-51.36,-58.78,2026-06-04 10:03:04+00:00
2026-06-04T10:04:04+00:00,-52.57,-59.92,-64.53,-59.46,-65.81,-46.37,-48.33,-51.14,-48.99,-45.90,-56.12,-67.98,-58.17,-53.03,-59.32,-51.68,-58.25,2026-06-04 10:04:04+00:00
2026-06-04T10:05:03+00:00,-54.40,-60.71,-64.23,-59.40,-66.38,-46.64,-47.81,-50.99,-49.07,-45.80,-56.06,-67.81,-57.95,-53.13,-59.29,-51.99,-59.28,2026-06-04 10:05:03+00:00
2026-06-04T10:06:03+00:00,-52.85,-60.77,-64.24,-59.48,-66.00,-46.62,-47.37,-50.54,-49.05,-45.70,-56.49,-67.32,-58.18,-53.40,-59.58,-52.34,-59.88,2026-06-04 10:06:03+00:00
2026-06-04T10:07:03+00:00,-53.39,-61.64,-64.50,-59.95,-66.14,-46.71,-47.39,-50.60,-49.14,-45.83,-56.32,-67.64,-58.08,-53.35,-58.99,-51.91,-59.38,2026-06-04 10:07:03+00:00
2026-06-04T10:08:04+00:00,-52.58,-60.12,-64.64,-59.64,-66.58,-46.76,-47.92,-49.95,-52.78,-45.67,-56.44,-65.64,-57.95,-53.61,-59.18,-50.66,-59.95,2026-06-04 10:08:04+00:00
2026-06-04T10:09:04+00:00,-50.72,-61.09,-64.66,-59.34,-65.57,-46.81,-47.51,-50.02,-52.59,-45.67,-56.31,-65.74,-58.08,-53.78,-58.70,-49.85,-59.37,2026-06-04 10:09:04+00:00
2026-06-04T10:10:03+00:00,-49.10,-60.61,-63.38,-59.26,-66.16,-46.61,-47.72,-50.29,-52.51,-46.01,-56.42,-67.39,-58.07,-53.74,-58.46,-52.42,-59.71,2026-06-04 10:10:03+00:00
2026-06-04T10:11:04+00:00,-48.24,-59.06,-56.42,-59.36,-66.39,-46.68,-47.95,-51.02,-52.45,-46.05,-56.41,-66.68,-58.11,-54.25,-58.55,-52.35,-57.58,2026-06-04 10:11:04+00:00
2026-06-04T10:12:04+00:00,-49.62,-60.49,-56.02,-59.43,-66.76,-46.45,-48.02,-51.05,-52.44,-46.00,-56.25,-66.59,-57.93,-54.10,-58.97,-52.09,-59.58,2026-06-04 10:12:04+00:00
2026-06-04T10:13:03+00:00,-49.33,-60.26,-55.21,-59.21,-66.45,-46.49,-47.77,-50.95,-52.24,-46.05,-55.93,-65.70,-57.92,-54.04,-58.95,-52.14,-58.58,2026-06-04 10:13:03+00:00
2026-06-04T10:14:03+00:00,-49.37,-61.10,-55.82,-59.21,-63.17,-46.57,-47.88,-50.94,-52.67,-46.06,-56.26,-65.69,-58.15,-54.27,-58.69,-51.93,-58.88,2026-06-04 10:14:03+00:00
2026-06-04T10:15:04+00:00,-49.46,-58.45,-55.43,-59.40,-66.39,-46.71,-48.01,-50.98,-52.72,-46.01,-56.17,-65.90,-57.81,-54.22,-58.84,-51.66,-60.01,2026-06-04 10:15:04+00:00
2026-06-04T10:16:04+00:00,-49.78,-60.92,-55.47,-59.28,-61.01,-46.63,-47.89,-50.91,-53.24,-46.26,-55.80,-65.47,-58.16,-54.32,-59.08,-51.63,-59.20,2026-06-04 10:16:04+00:00
2026-06-04T10:17:03+00:00,-49.29,-59.44,-54.62,-59.11,-62.25,-46.61,-47.61,-50.94,-53.13,-46.27,-56.03,-65.15,-58.11,-54.27,-58.97,-51.72,-59.42,2026-06-04 10:17:03+00:00
2026-06-04T10:18:03+00:00,-49.78,-60.31,-54.57,-59.14,-61.15,-46.61,-47.49,-50.91,-53.04,-46.31,-56.10,-65.08,-58.06,-53.87,-59.06,-51.39,-59.62,2026-06-04 10:18:03+00:00
2026-06-04T10:19:04+00:00,-49.74,-60.16,-59.94,-59.28,-66.26,-46.74,-47.62,-50.72,-53.20,-46.30,-56.48,-67.88,-58.27,-54.33,-58.65,-51.29,-60.02,2026-06-04 10:19:04+00:00
2026-06-04T10:20:03+00:00,-49.61,-60.30,-61.36,-59.52,-65.86,-46.63,-47.91,-50.56,-53.20,-46.29,-56.57,-67.50,-58.27,-54.18,-59.02,-51.40,-60.06,2026-06-04 10:20:03+00:00
2026-06-04T10:21:03+00:00,-49.76,-59.49,-61.40,-59.45,-65.84,-46.66,-47.79,-50.54,-53.48,-46.47,-56.46,-68.34,-58.42,-54.67,-58.34,-51.12,-57.72,2026-06-04 10:21:03+00:00
2026-06-04T10:22:04+00:00,-49.99,-59.88,-61.32,-59.06,-66.27,-46.70,-47.76,-50.58,-53.19,-46.45,-55.81,-68.19,-58.30,-54.63,-57.85,-51.12,-59.80,2026-06-04 10:22:04+00:00
2026-06-04T10:23:04+00:00,-50.11,-61.50,-61.60,-58.52,-66.26,-47.21,-47.96,-50.52,-53.16,-46.45,-55.49,-67.80,-58.25,-54.79,-56.93,-51.45,-59.71,2026-06-04 10:23:04+00:00
2026-06-04T10:24:03+00:00,-51.74,-60.27,-61.69,-59.16,-66.62,-47.15,-47.96,-50.48,-53.42,-46.33,-56.46,-68.07,-58.35,-55.18,-58.49,-51.57,-60.04,2026-06-04 10:24:03+00:00
2026-06-04T10:25:03+00:00,-51.84,-59.76,-61.49,-59.09,-66.13,-47.25,-47.82,-50.53,-52.09,-46.47,-56.40,-67.99,-58.29,-55.12,-58.77,-51.41,-59.83,2026-06-04 10:25:03+00:00
2026-06-04T10:26:04+00:00,-52.91,-60.59,-61.66,-59.23,-66.08,-47.33,-48.01,-50.54,-52.27,-46.41,-56.32,-67.90,-58.47,-55.38,-58.55,-51.55,-59.58,2026-06-04 10:26:04+00:00
2026-06-04T10:27:04+00:00,-52.35,-59.97,-61.66,-59.39,-66.45,-47.75,-47.77,-50.57,-52.17,-46.40,-56.26,-68.01,-58.39,-55.67,-57.92,-51.70,-60.14,2026-06-04 10:27:04+00:00
2026-06-04T10:28:03+00:00,-52.06,-58.79,-61.77,-59.43,-66.53,-47.42,-48.37,-50.59,-52.26,-46.48,-56.45,-68.08,-58.37,-55.82,-58.32,-51.72,-60.10,2026-06-04 10:28:03+00:00
2026-06-04T10:29:03+00:00,-52.45,-57.99,-61.95,-59.22,-65.93,-47.16,-47.96,-50.59,-52.14,-46.27,-56.35,-67.77,-58.32,-55.92,-57.89,-52.04,-60.19,2026-06-04 10:29:03+00:00
2026-06-04T10:30:04+00:00,-52.58,-56.94,-61.52,-59.59,-66.20,-47.24,-47.89,-50.61,-52.10,-46.45,-56.14,-66.45,-58.13,-56.17,-57.94,-51.36,-58.74,2026-06-04 10:30:04+00:00
2026-06-04T10:31:04+00:00,-52.79,-58.17,-61.71,-59.26,-66.11,-46.74,-47.88,-50.73,-52.09,-46.50,-56.31,-66.92,-58.19,-56.22,-57.89,-51.85,-55.26,2026-06-04 10:31:04+00:00
2026-06-04T10:32:03+00:00,-51.87,-60.13,-61.80,-59.27,-65.06,-46.70,-47.75,-50.70,-52.01,-46.41,-56.17,-67.88,-58.27,-56.66,-57.92,-51.77,-59.00,2026-06-04 10:32:03+00:00
2026-06-04T10:33:04+00:00,-52.53,-58.00,-61.99,-59.29,-66.73,-46.93,-47.79,-50.63,-49.78,-46.40,-56.39,-68.00,-58.43,-56.52,-57.77,-51.78,-59.51,2026-06-04 10:33:04+00:00
2026-06-04T10:34:04+00:00,-51.11,-57.21,-61.75,-59.23,-65.32,-46.52,-48.25,-50.68,-49.64,-46.31,-56.13,-67.62,-58.19,-56.40,-58.11,-51.87,-59.31,2026-06-04 10:34:04+00:00
2026-06-04T10:35:03+00:00,-51.61,-57.89,-61.90,-59.23,-65.85,-46.73,-48.40,-50.65,-49.63,-46.52,-56.18,-67.92,-58.30,-56.70,-57.80,-52.11,-60.11,2026-06-04 10:35:03+00:00
2026-06-04T10:36:03+00:00,-51.81,-57.53,-61.72,-59.15,-65.48,-46.49,-47.99,-50.55,-49.60,-46.37,-53.89,-67.52,-58.25,-56.99,-57.84,-52.19,-59.47,2026-06-04 10:36:03+00:00
2026-06-04T10:37:03+00:00,-51.56,-58.85,-61.37,-58.90,-65.97,-46.32,-47.79,-50.59,-49.64,-46.44,-56.27,-67.71,-58.24,-57.03,-58.07,-52.12,-59.49,2026-06-04 10:37:03+00:00
2026-06-04T10:38:04+00:00,-52.59,-57.53,-61.71,-59.09,-64.95,-50.23,-47.94,-50.68,-47.56,-46.49,-56.07,-67.70,-58.19,-57.11,-57.67,-52.09,-57.99,2026-06-04 10:38:04+00:00
2026-06-04T10:39:04+00:00,-52.60,-58.59,-61.54,-59.01,-65.64,-50.50,-47.97,-50.63,-47.52,-46.48,-55.99,-67.71,-58.06,-57.39,-57.77,-52.47,-56.01,2026-06-04 10:39:04+00:00
2026-06-04T10:40:03+00:00,-52.62,-57.71,-61.64,-58.98,-65.41,-50.51,-48.02,-50.68,-47.99,-46.50,-55.80,-68.08,-58.19,-57.60,-57.71,-52.80,-58.96,2026-06-04 10:40:03+00:00
2026-06-04T10:41:03+00:00,-52.47,-58.05,-53.71,-58.10,-65.63,-50.34,-47.69,-50.89,-48.02,-46.41,-56.33,-64.39,-58.43,-56.96,-58.00,-52.75,-58.64,2026-06-04 10:41:03+00:00
2026-06-04T10:42:04+00:00,-52.68,-60.03,-64.70,-59.17,-66.26,-50.41,-47.90,-50.84,-48.08,-46.51,-56.32,-67.54,-58.24,-57.68,-57.56,-53.11,-58.06,2026-06-04 10:42:04+00:00
2026-06-04T10:43:03+00:00,-52.66,-60.07,-64.94,-59.33,-65.50,-50.52,-47.85,-50.93,-48.07,-46.54,-56.25,-68.39,-58.33,-57.79,-57.18,-53.19,-59.69,2026-06-04 10:43:03+00:00
2026-06-04T10:44:03+00:00,-51.86,-59.90,-64.77,-58.75,-66.56,-50.45,-48.33,-51.00,-47.86,-46.54,-56.17,-68.29,-58.44,-57.76,-57.04,-52.77,-58.76,2026-06-04 10:44:03+00:00
2026-06-04T10:45:04+00:00,-52.21,-59.32,-64.91,-59.06,-66.04,-50.41,-48.45,-50.90,-47.82,-46.69,-56.22,-68.22,-58.38,-57.63,-57.85,-53.09,-54.24,2026-06-04 10:45:04+00:00
2026-06-04T10:46:04+00:00,-53.68,-59.68,-64.29,-58.41,-66.05,-50.48,-48.25,-50.92,-47.87,-46.43,-56.23,-67.77,-58.28,-57.31,-57.87,-52.69,-53.64,2026-06-04 10:46:04+00:00
2026-06-04T10:47:03+00:00,-53.61,-58.98,-64.58,-58.67,-65.89,-50.42,-48.45,-50.89,-47.77,-46.33,-56.15,-67.93,-58.31,-57.08,-57.11,-52.69,-54.04,2026-06-04 10:47:03+00:00
2026-06-04T10:48:03+00:00,-54.73,-60.04,-64.78,-59.09,-65.37,-50.56,-48.44,-50.97,-49.08,-46.47,-56.10,-67.52,-58.27,-56.59,-57.13,-52.64,-54.10,2026-06-04 10:48:03+00:00
2026-06-04T10:49:04+00:00,-54.37,-59.63,-64.99,-58.98,-65.70,-50.80,-48.40,-51.04,-49.15,-46.52,-56.25,-68.39,-58.27,-56.12,-57.46,-52.56,-54.86,2026-06-04 10:49:04+00:00
2026-06-04T10:50:04+00:00,-54.79,-59.64,-64.26,-58.77,-65.86,-50.59,-48.41,-50.92,-49.14,-46.69,-55.63,-67.00,-58.31,-55.80,-59.30,-52.08,-55.21,2026-06-04 10:50:04+00:00
2026-06-04T10:51:03+00:00,-55.11,-60.12,-64.75,-59.04,-63.27,-50.88,-48.47,-50.96,-48.96,-46.76,-55.98,-68.04,-58.28,-55.47,-59.39,-52.73,-54.88,2026-06-04 10:51:03+00:00
2026-06-04T10:52:04+00:00,-54.79,-59.29,-64.90,-58.63,-66.26,-50.83,-48.47,-51.08,-48.92,-46.65,-55.72,-68.22,-58.40,-55.30,-59.38,-51.97,-53.68,2026-06-04 10:52:04+00:00
2026-06-04T10:53:04+00:00,-53.75,-58.10,-64.61,-58.98,-65.86,-50.24,-48.25,-51.03,-52.32,-46.65,-54.19,-68.07,-58.18,-55.21,-59.10,-51.70,-54.17,2026-06-04 10:53:04+00:00
2026-06-04T10:54:03+00:00,-50.88,-58.47,-64.97,-58.64,-65.46,-50.62,-48.53,-51.07,-52.15,-46.61,-54.09,-68.41,-58.24,-54.93,-59.19,-51.77,-54.26,2026-06-04 10:54:03+00:00
2026-06-04T10:55:03+00:00,-50.57,-57.59,-64.41,-56.55,-66.59,-49.98,-47.68,-48.10,-52.02,-46.55,-54.71,-67.45,-57.80,-54.55,-59.35,-51.32,-57.68,2026-06-04 10:55:03+00:00
2026-06-04T10:56:04+00:00,-50.43,-56.90,-60.70,-58.48,-65.04,-50.06,-47.94,-50.37,-52.13,-46.71,-53.87,-66.88,-57.91,-54.69,-59.20,-51.62,-59.18,2026-06-04 10:56:04+00:00
2026-06-04T10:57:04+00:00,-50.67,-57.04,-63.01,-58.16,-65.44,-50.27,-47.85,-50.07,-52.06,-46.75,-54.38,-67.32,-58.12,-54.48,-59.06,-51.10,-59.07,2026-06-04 10:57:04+00:00
2026-06-04T10:58:03+00:00,-50.40,-57.65,-64.96,-58.21,-65.96,-49.79,-48.34,-50.60,-52.00,-46.63,-52.56,-67.70,-58.44,-54.71,-53.98,-50.73,-58.90,2026-06-04 10:58:03+00:00
2026-06-04T10:59:03+00:00,-50.02,-58.64,-65.00,-58.37,-65.54,-49.55,-48.16,-50.52,-52.54,-46.54,-52.64,-67.85,-58.44,-54.50,-52.95,-50.49,-58.12,2026-06-04 10:59:03+00:00
2026-06-04T11:00:04+00:00,-50.14,-58.14,-64.95,-58.46,-65.93,-46.39,-48.68,-50.43,-52.65,-46.57,-53.27,-67.53,-58.30,-54.49,-59.02,-50.63,-58.73,2026-06-04 11:00:04+00:00
2026-06-04T11:01:04+00:00,-50.88,-58.63,-64.40,-59.03,-65.63,-46.00,-48.63,-50.41,-53.03,-46.42,-52.30,-67.18,-58.42,-54.17,-59.12,-50.51,-57.68,2026-06-04 11:01:04+00:00
2026-06-04T11:02:04+00:00,-49.20,-58.16,-64.54,-58.77,-67.02,-46.59,-48.25,-50.17,-52.99,-45.96,-52.47,-66.56,-58.27,-54.16,-58.77,-50.42,-59.18,2026-06-04 11:02:04+00:00
2026-06-04T11:03:04+00:00,-49.11,-58.20,-63.92,-58.09,-66.10,-46.53,-48.35,-49.16,-52.99,-45.79,-52.49,-67.52,-58.25,-52.79,-58.35,-50.56,-59.03,2026-06-04 11:03:04+00:00
2026-06-04T11:04:03+00:00,-49.55,-57.50,-60.15,-59.25,-66.62,-46.45,-48.67,-50.29,-53.01,-45.92,-52.80,-66.96,-58.27,-54.04,-58.45,-50.30,-58.12,2026-06-04 11:04:03+00:00
2026-06-04T11:05:04+00:00,-49.11,-57.49,-55.19,-58.70,-66.35,-46.56,-48.61,-50.42,-53.07,-45.78,-52.22,-65.60,-58.01,-53.84,-58.60,-50.17,-58.35,2026-06-04 11:05:04+00:00
2026-06-04T11:06:04+00:00,-49.70,-58.47,-55.50,-59.03,-66.39,-46.57,-48.30,-50.43,-53.23,-46.03,-52.06,-66.07,-58.17,-53.54,-58.44,-50.48,-58.20,2026-06-04 11:06:04+00:00
2026-06-04T11:07:03+00:00,-49.69,-58.82,-64.29,-58.77,-65.79,-46.50,-48.83,-50.53,-52.85,-45.67,-52.11,-67.41,-57.40,-53.74,-58.58,-50.54,-58.64,2026-06-04 11:07:03+00:00
2026-06-04T11:08:03+00:00,-49.92,-58.41,-64.89,-58.78,-65.43,-46.79,-48.84,-50.56,-53.20,-45.74,-51.51,-67.15,-57.36,-53.77,-58.72,-50.45,-59.21,2026-06-04 11:08:03+00:00
2026-06-04T11:09:04+00:00,-52.39,-57.95,-64.68,-58.86,-65.21,-46.53,-48.43,-50.41,-53.18,-45.56,-50.66,-67.18,-58.08,-53.63,-56.36,-50.22,-57.55,2026-06-04 11:09:04+00:00
2026-06-04T11:10:04+00:00,-51.40,-58.49,-65.00,-59.12,-66.50,-46.59,-48.77,-50.42,-52.25,-45.42,-51.72,-67.52,-58.23,-53.84,-56.79,-50.38,-58.51,2026-06-04 11:10:04+00:00
2026-06-04T11:11:03+00:00,-52.65,-57.42,-63.89,-56.84,-66.16,-46.56,-48.12,-50.43,-52.49,-45.55,-52.74,-68.14,-58.17,-53.89,-58.40,-50.59,-58.77,2026-06-04 11:11:03+00:00
2026-06-04T11:12:03+00:00,-52.01,-58.34,-64.52,-59.33,-65.42,-46.56,-48.07,-49.94,-52.41,-45.41,-53.35,-65.45,-58.27,-53.73,-58.10,-49.94,-59.24,2026-06-04 11:12:03+00:00
2026-06-04T11:13:04+00:00,-53.19,-59.16,-64.07,-59.06,-66.23,-46.70,-48.26,-48.74,-52.21,-45.43,-53.82,-65.93,-58.12,-53.95,-57.85,-50.29,-56.92,2026-06-04 11:13:04+00:00
2026-06-04T11:14:04+00:00,-52.56,-59.53,-64.28,-59.01,-65.17,-46.51,-48.19,-47.93,-52.31,-45.43,-53.59,-66.33,-57.84,-54.09,-57.89,-50.32,-58.28,2026-06-04 11:14:04+00:00
2026-06-04T11:15:03+00:00,-51.89,-58.40,-63.85,-58.72,-65.35,-46.41,-48.27,-49.15,-52.40,-45.47,-53.57,-67.61,-58.12,-53.34,-57.87,-50.55,-57.46,2026-06-04 11:15:03+00:00
2026-06-04T11:16:04+00:00,-52.28,-59.61,-54.69,-59.42,-65.52,-46.55,-48.14,-50.21,-52.34,-45.44,-53.47,-65.36,-58.02,-54.26,-58.04,-50.37,-58.81,2026-06-04 11:16:04+00:00
2026-06-04T11:17:04+00:00,-50.76,-58.83,-54.25,-58.90,-66.10,-46.63,-48.31,-50.31,-52.25,-45.59,-52.10,-61.47,-57.89,-54.47,-57.81,-50.59,-59.21,2026-06-04 11:17:04+00:00
2026-06-04T11:18:04+00:00,-52.31,-57.04,-53.42,-58.62,-65.63,-46.39,-48.71,-50.36,-49.86,-45.64,-53.46,-60.62,-57.72,-54.36,-57.65,-50.71,-59.14,2026-06-04 11:18:04+00:00
2026-06-04T11:19:03+00:00,-50.94,-58.23,-53.67,-59.03,-66.16,-46.52,-48.44,-50.37,-49.88,-45.51,-53.31,-60.62,-57.93,-54.37,-57.91,-50.46,-57.70,2026-06-04 11:19:03+00:00
2026-06-04T11:20:04+00:00,-51.81,-57.59,-54.33,-59.22,-65.62,-46.41,-48.80,-50.63,-49.80,-45.62,-53.24,-61.23,-53.36,-54.45,-57.77,-50.68,-58.82,2026-06-04 11:20:04+00:00
2026-06-04T11:21:04+00:00,-52.04,-58.09,-53.79,-59.26,-65.85,-47.77,-48.78,-50.60,-49.85,-45.51,-53.31,-60.80,-53.11,-54.68,-57.77,-50.52,-57.21,2026-06-04 11:21:04+00:00
2026-06-04T11:22:03+00:00,-52.27,-57.61,-54.45,-59.03,-66.22,-46.67,-48.63,-50.62,-49.78,-45.49,-53.01,-61.30,-54.43,-54.69,-57.42,-50.61,-59.24,2026-06-04 11:22:03+00:00
2026-06-04T11:23:03+00:00,-51.84,-57.82,-53.97,-59.20,-66.64,-46.49,-48.53,-50.51,-47.61,-45.68,-52.31,-60.84,-56.17,-54.86,-57.35,-50.69,-59.06,2026-06-04 11:23:03+00:00
2026-06-04T11:24:04+00:00,-50.82,-58.71,-53.77,-59.16,-65.39,-46.36,-48.49,-50.47,-47.80,-45.65,-53.28,-60.87,-57.46,-54.97,-57.20,-50.56,-58.68,2026-06-04 11:24:04+00:00
2026-06-04T11:25:04+00:00,-51.21,-58.89,-53.76,-58.73,-65.80,-46.50,-48.56,-50.58,-48.05,-45.74,-53.52,-61.00,-57.39,-55.14,-57.49,-50.71,-58.98,2026-06-04 11:25:04+00:00
2026-06-04T11:26:03+00:00,-50.34,-57.10,-53.59,-59.04,-65.52,-46.18,-48.72,-50.64,-48.00,-45.55,-53.12,-60.42,-57.10,-54.94,-57.37,-50.76,-55.31,2026-06-04 11:26:03+00:00
2026-06-04T11:27:03+00:00,-51.26,-58.97,-54.09,-59.61,-66.10,-46.49,-48.69,-50.72,-48.07,-45.77,-53.56,-59.10,-57.27,-55.26,-57.28,-50.95,-58.34,2026-06-04 11:27:03+00:00
2026-06-04T11:28:04+00:00,-51.43,-57.31,-53.71,-59.37,-65.43,-46.42,-48.47,-50.74,-48.03,-45.64,-52.98,-59.36,-57.31,-55.24,-57.56,-50.94,-59.07,2026-06-04 11:28:04+00:00
2026-06-04T11:29:04+00:00,-50.26,-56.48,-54.14,-59.25,-66.20,-46.21,-48.70,-50.78,-47.91,-45.71,-52.71,-59.59,-57.35,-55.14,-57.37,-51.33,-58.99,2026-06-04 11:29:04+00:00
2026-06-04T11:30:03+00:00,-51.03,-57.26,-59.92,-59.81,-66.90,-46.53,-48.58,-50.75,-47.89,-45.77,-51.96,-62.22,-57.83,-55.16,-57.52,-51.21,-59.69,2026-06-04 11:30:03+00:00
2026-06-04T11:31:03+00:00,-52.05,-58.58,-62.39,-59.85,-65.82,-46.57,-48.64,-50.59,-47.99,-45.85,-53.16,-62.20,-57.78,-55.07,-57.30,-51.43,-59.46,2026-06-04 11:31:03+00:00
2026-06-04T11:32:03+00:00,-51.84,-59.31,-62.14,-59.45,-66.40,-46.72,-48.74,-50.40,-47.92,-46.40,-53.46,-58.31,-57.80,-55.14,-57.50,-51.38,-58.90,2026-06-04 11:32:03+00:00
2026-06-04T11:33:04+00:00,-51.82,-57.89,-62.06,-59.55,-66.03,-46.48,-48.66,-50.43,-49.23,-46.23,-53.21,-58.59,-57.68,-55.17,-57.47,-51.32,-58.80,2026-06-04 11:33:04+00:00
2026-06-04T11:34:03+00:00,-50.85,-59.08,-62.34,-59.29,-67.03,-46.64,-48.53,-50.30,-49.18,-45.99,-53.51,-60.14,-57.81,-54.98,-57.04,-51.27,-59.66,2026-06-04 11:34:03+00:00
2026-06-04T11:35:03+00:00,-49.84,-58.52,-62.26,-59.20,-65.97,-46.75,-48.75,-50.33,-49.26,-46.06,-53.29,-60.72,-57.63,-54.82,-56.84,-51.13,-59.17,2026-06-04 11:35:03+00:00
2026-06-04T11:36:03+00:00,-51.39,-58.48,-62.23,-59.66,-66.33,-46.75,-48.42,-50.31,-49.34,-46.03,-53.27,-61.31,-57.67,-54.91,-57.28,-51.46,-58.82,2026-06-04 11:36:03+00:00
2026-06-04T11:37:04+00:00,-52.13,-58.55,-62.49,-59.26,-65.78,-46.71,-48.51,-50.25,-49.28,-46.02,-53.35,-61.74,-57.51,-54.74,-56.84,-51.59,-57.12,2026-06-04 11:37:04+00:00
2026-06-04T11:38:04+00:00,-51.72,-59.04,-62.15,-59.34,-66.38,-46.80,-48.53,-50.24,-52.70,-45.96,-53.21,-62.53,-57.91,-54.68,-57.08,-51.44,-57.17,2026-06-04 11:38:04+00:00
2026-06-04T11:39:03+00:00,-48.99,-58.98,-64.38,-59.66,-65.96,-46.89,-49.03,-50.79,-52.42,-46.00,-53.46,-60.09,-57.56,-54.85,-57.38,-51.27,-59.71,2026-06-04 11:39:03+00:00
2026-06-04T11:40:03+00:00,-49.16,-58.88,-64.64,-58.83,-65.27,-46.82,-49.08,-50.74,-52.35,-46.07,-53.60,-59.10,-57.46,-54.77,-57.06,-51.09,-58.24,2026-06-04 11:40:03+00:00
2026-06-04T11:41:04+00:00,-49.25,-58.75,-63.93,-59.55,-67.12,-46.71,-48.89,-50.66,-52.36,-46.10,-53.44,-59.43,-57.66,-54.68,-57.83,-50.85,-57.10,2026-06-04 11:41:04+00:00
2026-06-04T11:42:04+00:00,-49.09,-59.01,-64.14,-59.25,-65.83,-46.79,-48.91,-50.65,-52.39,-46.17,-53.36,-59.76,-57.58,-54.45,-57.12,-51.05,-58.69,2026-06-04 11:42:04+00:00
2026-06-04T11:43:03+00:00,-49.98,-59.67,-62.97,-59.35,-66.18,-46.63,-48.84,-50.61,-52.31,-45.97,-53.34,-59.80,-57.45,-54.47,-57.50,-50.72,-59.24,2026-06-04 11:43:03+00:00
2026-06-04T11:44:04+00:00,-48.89,-59.95,-64.15,-59.19,-65.84,-46.87,-49.09,-50.63,-53.00,-45.86,-53.55,-61.15,-57.78,-54.36,-57.65,-51.02,-60.12,2026-06-04 11:44:04+00:00
2026-06-04T11:45:04+00:00,-49.74,-60.29,-64.15,-59.50,-66.72,-46.89,-49.16,-50.62,-53.49,-46.00,-53.68,-62.39,-57.48,-54.41,-56.94,-50.82,-59.69,2026-06-04 11:45:04+00:00
2026-06-04T11:46:03+00:00,-49.52,-60.16,-64.17,-59.83,-66.09,-46.74,-48.96,-50.64,-53.38,-45.98,-53.39,-63.04,-57.53,-54.20,-57.57,-50.74,-60.47,2026-06-04 11:46:03+00:00
2026-06-04T11:47:03+00:00,-49.04,-60.48,-64.57,-59.55,-66.68,-46.72,-49.10,-50.65,-53.27,-45.92,-53.54,-63.78,-57.45,-54.11,-57.25,-50.75,-59.89,2026-06-04 11:47:03+00:00
2026-06-04T11:48:04+00:00,-49.59,-59.58,-64.47,-59.58,-65.84,-48.03,-49.35,-50.70,-53.19,-45.63,-53.05,-64.87,-57.48,-53.85,-57.77,-51.06,-60.24,2026-06-04 11:48:04+00:00
2026-06-04T11:49:05+00:00,-49.56,-59.95,-64.36,-59.85,-65.74,-46.74,-49.26,-50.56,-53.13,-45.77,-53.36,-65.64,-57.55,-53.97,-57.61,-51.30,-60.31,2026-06-04 11:49:05+00:00
2026-06-04T11:50:04+00:00,-50.15,-59.87,-64.43,-59.71,-66.11,-46.47,-49.09,-50.47,-53.30,-45.90,-53.46,-65.13,-57.54,-53.73,-59.24,-51.90,-59.73,2026-06-04 11:50:04+00:00
2026-06-04T11:51:04+00:00,-50.32,-60.44,-64.53,-59.69,-67.01,-46.69,-49.27,-50.53,-53.25,-45.60,-53.34,-65.95,-57.56,-53.61,-59.34,-52.01,-59.44,2026-06-04 11:51:04+00:00
2026-06-04T11:52:03+00:00,-49.63,-60.77,-64.48,-59.44,-65.73,-46.86,-49.07,-50.73,-53.10,-45.76,-53.34,-66.33,-57.43,-53.23,-59.38,-52.16,-60.15,2026-06-04 11:52:03+00:00
2026-06-04T11:53:03+00:00,-49.35,-59.13,-64.34,-59.11,-66.27,-46.83,-48.87,-50.78,-53.16,-45.68,-53.27,-65.94,-57.49,-53.34,-59.38,-52.24,-60.35,2026-06-04 11:53:03+00:00
2026-06-04T11:54:04+00:00,-52.27,-60.80,-64.53,-59.03,-66.03,-46.75,-49.03,-50.59,-52.01,-45.62,-51.95,-65.79,-57.31,-53.42,-59.53,-52.41,-58.88,2026-06-04 11:54:04+00:00
2026-06-04T11:55:03+00:00,-51.60,-60.62,-64.28,-59.28,-65.24,-50.35,-49.27,-50.65,-52.19,-45.80,-53.19,-65.81,-57.56,-53.29,-59.55,-52.45,-59.38,2026-06-04 11:55:03+00:00
2026-06-04T11:56:03+00:00,-52.61,-61.83,-64.56,-59.05,-65.63,-50.62,-49.55,-50.60,-52.12,-45.83,-53.39,-66.14,-57.46,-53.47,-59.25,-52.27,-59.71,2026-06-04 11:56:03+00:00
2026-06-04T11:57:04+00:00,-53.24,-61.35,-65.09,-59.27,-67.22,-50.51,-49.29,-50.58,-52.14,-45.50,-52.90,-66.19,-57.71,-53.44,-59.33,-51.94,-60.11,2026-06-04 11:57:04+00:00
2026-06-04T11:58:04+00:00,-52.72,-58.92,-64.55,-59.52,-65.99,-50.45,-49.07,-51.11,-52.02,-45.68,-53.24,-65.06,-57.36,-53.72,-59.21,-52.25,-57.99,2026-06-04 11:58:04+00:00
2026-06-04T11:59:04+00:00,-53.39,-61.71,-64.24,-59.48,-65.37,-50.47,-49.39,-51.14,-52.21,-45.58,-53.33,-65.16,-57.53,-53.82,-58.97,-51.99,-59.20,2026-06-04 11:59:04+00:00
2026-06-04T12:00:03+00:00,-53.14,-61.33,-64.79,-59.64,-66.71,-50.70,-49.34,-51.04,-52.18,-45.41,-52.96,-65.51,-57.52,-53.94,-59.33,-52.00,-60.18,2026-06-04 12:00:03+00:00
2026-06-04T12:01:03+00:00,-53.27,-60.14,-63.90,-59.69,-65.55,-50.31,-49.21,-50.89,-52.10,-45.54,-52.93,-64.47,-57.42,-54.02,-59.33,-52.29,-58.87,2026-06-04 12:01:03+00:00
2026-06-04T12:02:03+00:00,-52.70,-58.95,-63.79,-58.74,-65.62,-50.35,-48.43,-48.42,-51.95,-45.35,-53.21,-64.62,-57.72,-53.95,-59.81,-51.80,-58.11,2026-06-04 12:02:03+00:00
2026-06-04T12:03:03+00:00,-51.28,-59.06,-59.41,-58.77,-66.28,-50.40,-48.73,-50.55,-49.53,-45.57,-52.03,-64.69,-58.23,-54.02,-59.71,-52.01,-56.17,2026-06-04 12:03:03+00:00
2026-06-04T12:04:04+00:00,-52.65,-59.27,-64.47,-59.07,-65.04,-50.21,-48.21,-49.75,-49.86,-45.51,-53.12,-64.33,-58.19,-53.97,-59.72,-52.11,-59.67,2026-06-04 12:04:04+00:00
2026-06-04T12:05:04+00:00,-52.39,-59.66,-64.58,-58.66,-66.21,-50.38,-48.71,-50.80,-49.74,-45.63,-52.50,-64.91,-58.20,-53.95,-53.48,-51.95,-59.54,2026-06-04 12:05:04+00:00
2026-06-04T12:06:04+00:00,-52.91,-60.01,-64.57,-58.93,-65.89,-50.54,-48.78,-50.82,-49.92,-45.63,-52.36,-65.27,-58.14,-54.16,-55.13,-51.95,-59.59,2026-06-04 12:06:04+00:00
2026-06-04T12:07:03+00:00,-53.34,-59.07,-64.36,-59.15,-66.11,-50.09,-49.02,-50.60,-49.52,-45.66,-52.76,-64.20,-58.08,-54.40,-59.44,-52.25,-58.88,2026-06-04 12:07:03+00:00
2026-06-04T12:08:04+00:00,-53.90,-58.42,-63.92,-57.45,-66.09,-50.35,-48.50,-50.75,-47.56,-45.49,-53.15,-64.58,-58.10,-54.24,-59.47,-52.37,-59.04,2026-06-04 12:08:04+00:00
2026-06-04T12:09:04+00:00,-52.83,-59.79,-63.62,-58.10,-65.83,-50.00,-48.18,-49.44,-48.05,-45.61,-53.18,-64.50,-57.93,-52.96,-59.22,-52.48,-58.53,2026-06-04 12:09:04+00:00
2026-06-04T12:10:04+00:00,-53.59,-58.85,-58.39,-59.30,-66.34,-49.98,-48.38,-50.72,-48.07,-45.63,-52.56,-63.98,-58.23,-54.56,-59.91,-52.35,-55.39,2026-06-04 12:10:04+00:00
2026-06-04T12:11:03+00:00,-51.33,-58.08,-53.59,-59.21,-66.87,-50.09,-48.53,-50.84,-47.97,-45.71,-52.66,-59.68,-57.78,-54.69,-59.03,-52.44,-58.97,2026-06-04 12:11:03+00:00
2026-06-04T12:12:04+00:00,-50.62,-58.17,-52.51,-56.86,-65.41,-49.46,-48.33,-50.85,-48.00,-45.63,-52.90,-59.79,-57.93,-54.63,-58.45,-52.70,-58.75,2026-06-04 12:12:04+00:00
2026-06-04T12:13:04+00:00,-50.79,-60.36,-52.19,-56.81,-66.04,-49.54,-48.61,-50.78,-47.97,-45.67,-53.11,-59.95,-58.03,-54.76,-58.80,-52.63,-59.10,2026-06-04 12:13:04+00:00
2026-06-04T12:14:03+00:00,-50.41,-57.75,-52.24,-56.56,-65.42,-47.97,-48.42,-50.63,-47.68,-45.66,-53.00,-59.60,-57.85,-54.89,-59.20,-53.21,-59.06,2026-06-04 12:14:03+00:00
2026-06-04T12:15:03+00:00,-50.76,-57.28,-52.16,-56.60,-65.55,-46.05,-48.37,-50.57,-47.73,-45.57,-52.80,-59.43,-57.84,-54.95,-58.98,-52.78,-57.17,2026-06-04 12:15:03+00:00
2026-06-04T12:16:04+00:00,-51.00,-58.57,-52.08,-56.76,-65.61,-46.26,-48.10,-50.57,-47.70,-45.72,-53.01,-59.45,-57.98,-54.79,-58.81,-53.07,-59.44,2026-06-04 12:16:04+00:00
2026-06-04T12:17:03+00:00,-52.11,-58.36,-52.08,-56.43,-66.19,-46.14,-48.48,-50.56,-48.24,-45.54,-52.88,-59.63,-57.89,-54.99,-58.48,-52.84,-59.03,2026-06-04 12:17:03+00:00
2026-06-04T12:18:03+00:00,-51.97,-58.66,-62.77,-59.08,-66.05,-46.48,-49.08,-50.63,-48.92,-45.60,-51.98,-63.39,-58.26,-55.00,-59.29,-52.99,-59.66,2026-06-04 12:18:03+00:00
2026-06-04T12:19:04+00:00,-52.08,-59.81,-64.52,-59.25,-66.36,-46.70,-49.18,-50.62,-49.02,-45.69,-52.93,-63.78,-58.01,-54.91,-58.79,-53.04,-60.76,2026-06-04 12:19:04+00:00
2026-06-04T12:20:04+00:00,-52.78,-60.25,-64.47,-58.90,-66.39,-46.56,-48.92,-50.65,-48.95,-45.49,-52.66,-63.88,-58.14,-54.91,-59.52,-53.25,-60.49,2026-06-04 12:20:04+00:00
2026-06-04T12:21:03+00:00,-51.34,-60.45,-64.45,-58.78,-66.21,-46.52,-48.96,-50.58,-48.92,-45.74,-52.79,-64.24,-58.25,-55.35,-59.19,-52.98,-60.29,2026-06-04 12:21:03+00:00
2026-06-04T12:22:03+00:00,-51.65,-59.59,-64.44,-59.06,-65.87,-46.60,-48.96,-50.62,-50.39,-45.55,-52.80,-64.82,-57.97,-55.31,-59.58,-53.02,-59.51,2026-06-04 12:22:03+00:00
2026-06-04T12:23:04+00:00,-51.16,-60.37,-63.23,-59.45,-67.03,-46.72,-49.09,-50.17,-51.92,-45.48,-52.81,-63.86,-57.98,-55.13,-59.28,-52.97,-58.73,2026-06-04 12:23:04+00:00
2026-06-04T12:24:04+00:00,-49.42,-60.54,-64.36,-59.33,-66.28,-46.56,-49.09,-50.16,-51.97,-45.24,-52.64,-64.69,-58.25,-55.27,-59.55,-53.20,-59.73,2026-06-04 12:24:04+00:00
2026-06-04T12:25:03+00:00,-49.69,-59.34,-64.49,-59.60,-65.81,-46.51,-49.17,-50.20,-51.88,-45.48,-52.71,-64.71,-58.03,-55.33,-59.39,-53.55,-59.87,2026-06-04 12:25:03+00:00
2026-06-04T12:26:04+00:00,-49.96,-59.32,-64.14,-59.65,-65.70,-46.64,-49.33,-50.33,-51.74,-45.56,-52.77,-64.56,-57.83,-55.24,-59.13,-53.62,-58.69,2026-06-04 12:26:04+00:00
2026-06-04T12:27:04+00:00,-50.03,-59.59,-63.84,-59.58,-65.45,-46.70,-49.29,-50.20,-51.75,-45.43,-52.77,-64.49,-57.98,-55.63,-59.26,-53.67,-59.04,2026-06-04 12:27:04+00:00
2026-06-04T12:28:03+00:00,-49.93,-59.60,-64.32,-59.74,-65.83,-46.65,-49.24,-50.16,-51.92,-46.46,-55.37,-64.96,-58.17,-55.56,-59.05,-53.51,-60.38,2026-06-04 12:28:03+00:00
2026-06-04T12:29:03+00:00,-49.83,-57.28,-63.35,-57.61,-66.02,-46.68,-48.52,-47.71,-52.46,-46.25,-55.01,-64.34,-57.73,-55.20,-59.12,-53.18,-58.05,2026-06-04 12:29:03+00:00
2026-06-04T12:30:04+00:00,-50.04,-57.36,-62.36,-59.28,-65.98,-46.79,-48.67,-49.34,-52.64,-46.44,-55.18,-64.75,-58.04,-54.88,-58.49,-53.34,-59.19,2026-06-04 12:30:04+00:00
2026-06-04T12:31:04+00:00,-50.11,-58.05,-60.10,-59.91,-66.16,-46.62,-48.93,-49.74,-52.93,-46.57,-55.34,-64.28,-57.99,-55.45,-59.38,-52.87,-58.84,2026-06-04 12:31:04+00:00
2026-06-04T12:32:03+00:00,-49.98,-58.50,-64.23,-59.86,-65.51,-46.72,-49.29,-50.25,-52.96,-46.66,-54.30,-63.77,-58.20,-55.72,-57.18,-52.82,-59.34,2026-06-04 12:32:03+00:00
2026-06-04T12:33:04+00:00,-49.91,-57.57,-64.12,-59.77,-65.67,-46.78,-49.05,-50.15,-52.81,-46.67,-54.28,-63.17,-57.91,-55.76,-55.53,-52.81,-59.12,2026-06-04 12:33:04+00:00
2026-06-04T12:34:04+00:00,-49.61,-58.33,-63.91,-59.58,-66.03,-46.61,-49.22,-50.02,-52.82,-46.58,-54.80,-63.13,-58.03,-55.66,-59.07,-52.46,-58.88,2026-06-04 12:34:04+00:00
2026-06-04T12:35:03+00:00,-49.90,-57.10,-64.23,-59.58,-66.37,-46.55,-49.27,-50.07,-53.01,-46.57,-54.86,-62.88,-58.00,-55.81,-59.35,-52.29,-59.00,2026-06-04 12:35:03+00:00
2026-06-04T12:36:04+00:00,-49.76,-57.32,-63.56,-53.57,-66.27,-46.60,-48.73,-48.48,-53.18,-46.47,-55.13,-63.16,-57.99,-54.20,-59.31,-52.16,-59.43,2026-06-04 12:36:04+00:00
2026-06-04T12:37:04+00:00,-49.58,-57.23,-62.69,-59.48,-66.31,-46.66,-48.85,-49.43,-53.01,-46.41,-54.99,-62.42,-58.09,-55.81,-58.38,-51.96,-59.28,2026-06-04 12:37:04+00:00
2026-06-04T12:38:03+00:00,-49.30,-56.74,-62.92,-58.71,-66.02,-46.89,-48.82,-49.18,-53.15,-46.33,-55.16,-62.67,-58.10,-55.53,-58.66,-51.63,-58.60,2026-06-04 12:38:03+00:00
2026-06-04T12:39:04+00:00,-51.78,-57.16,-63.19,-58.79,-65.79,-46.81,-48.58,-49.22,-52.23,-46.33,-55.07,-62.04,-57.96,-55.52,-58.72,-51.65,-59.34,2026-06-04 12:39:04+00:00
2026-06-04T12:40:04+00:00,-50.17,-56.99,-60.28,-59.86,-66.06,-46.83,-48.79,-49.53,-52.18,-46.51,-55.14,-61.29,-57.96,-55.91,-59.20,-51.59,-56.82,2026-06-04 12:40:04+00:00
2026-06-04T12:41:04+00:00,-51.00,-57.99,-52.21,-56.62,-65.86,-46.73,-48.72,-49.78,-52.32,-46.26,-55.12,-58.13,-57.81,-56.03,-58.55,-51.36,-59.10,2026-06-04 12:41:04+00:00
2026-06-04T12:42:03+00:00,-50.99,-57.47,-52.39,-57.26,-65.07,-46.95,-48.73,-49.88,-52.21,-46.20,-55.00,-57.33,-57.46,-56.33,-58.72,-51.49,-59.15,2026-06-04 12:42:03+00:00
2026-06-04T12:43:04+00:00,-52.01,-58.88,-52.35,-57.59,-65.14,-47.37,-48.47,-49.82,-52.18,-46.32,-55.08,-57.27,-57.65,-56.11,-58.87,-51.25,-58.45,2026-06-04 12:43:04+00:00
2026-06-04T12:44:04+00:00,-50.50,-56.52,-52.30,-57.00,-65.38,-47.36,-48.43,-49.86,-52.15,-46.22,-55.26,-56.93,-57.75,-56.15,-58.32,-51.55,-59.37,2026-06-04 12:44:04+00:00
2026-06-04T12:45:03+00:00,-51.20,-57.87,-52.27,-57.19,-65.05,-47.49,-48.59,-49.83,-52.19,-46.49,-54.95,-57.93,-57.76,-56.10,-58.52,-51.70,-59.68,2026-06-04 12:45:03+00:00
2026-06-04T12:46:03+00:00,-51.05,-57.92,-52.16,-57.06,-65.53,-47.47,-48.34,-49.84,-52.09,-46.43,-55.09,-58.30,-57.68,-55.68,-57.74,-51.40,-58.85,2026-06-04 12:46:03+00:00
2026-06-04T12:47:04+00:00,-50.43,-56.56,-52.20,-56.94,-63.46,-47.26,-48.37,-49.72,-49.91,-46.30,-54.72,-58.44,-57.68,-55.70,-58.80,-51.61,-58.47,2026-06-04 12:47:04+00:00
2026-06-04T12:48:03+00:00,-52.21,-56.46,-52.22,-57.28,-65.42,-47.47,-48.46,-49.77,-49.82,-46.37,-54.45,-59.14,-57.92,-55.60,-58.68,-51.84,-59.41,2026-06-04 12:48:03+00:00
2026-06-04T12:49:03+00:00,-51.14,-56.57,-58.77,-59.87,-66.45,-47.64,-48.94,-49.76,-49.86,-46.30,-54.16,-62.24,-57.89,-55.59,-58.85,-52.08,-58.33,2026-06-04 12:49:03+00:00
2026-06-04T12:50:03+00:00,-50.94,-56.37,-60.31,-59.91,-65.92,-47.51,-48.97,-49.66,-49.96,-46.37,-54.25,-62.18,-57.81,-55.52,-59.15,-51.75,-57.81,2026-06-04 12:50:03+00:00
2026-06-04T12:51:04+00:00,-50.18,-57.17,-60.83,-59.81,-65.39,-47.31,-48.55,-49.63,-49.84,-46.59,-54.92,-61.95,-58.16,-55.59,-59.45,-52.24,-59.19,2026-06-04 12:51:04+00:00
2026-06-04T12:52:04+00:00,-49.93,-56.59,-60.77,-59.50,-66.47,-47.20,-48.70,-49.63,-47.58,-46.45,-54.91,-61.62,-58.12,-55.46,-58.47,-51.86,-58.62,2026-06-04 12:52:04+00:00
2026-06-04T12:53:03+00:00,-50.86,-57.06,-61.05,-60.08,-66.19,-47.12,-48.44,-49.75,-47.77,-46.54,-55.07,-62.41,-58.05,-55.41,-58.36,-52.10,-58.38,2026-06-04 12:53:03+00:00
2026-06-04T12:54:03+00:00,-49.18,-59.97,-61.05,-60.30,-65.90,-47.20,-48.91,-49.95,-48.14,-46.66,-54.91,-62.34,-58.14,-55.68,-58.09,-52.05,-57.99,2026-06-04 12:54:03+00:00
2026-06-04T12:55:04+00:00,-52.56,-60.20,-61.22,-59.92,-66.09,-46.90,-48.75,-50.08,-48.15,-46.44,-54.96,-62.63,-58.23,-55.46,-58.01,-52.11,-57.81,2026-06-04 12:55:04+00:00
2026-06-04T12:56:04+00:00,-52.62,-60.14,-61.14,-60.09,-66.95,-46.91,-49.08,-50.06,-48.13,-46.45,-54.58,-62.90,-58.06,-55.13,-57.91,-52.38,-59.28,2026-06-04 12:56:04+00:00
2026-06-04T12:57:03+00:00,-51.21,-59.63,-61.16,-59.89,-66.12,-46.77,-48.85,-50.06,-48.15,-46.27,-54.63,-62.71,-58.13,-54.78,-58.24,-52.62,-59.31,2026-06-04 12:57:03+00:00
2026-06-04T12:58:04+00:00,-52.36,-60.52,-61.16,-60.12,-66.19,-46.91,-48.72,-50.05,-48.13,-46.35,-54.32,-62.49,-57.65,-54.67,-58.51,-52.64,-57.91,2026-06-04 12:58:04+00:00
2026-06-04T12:59:04+00:00,-52.51,-61.26,-61.17,-59.97,-66.82,-47.10,-48.73,-49.94,-47.86,-46.40,-53.94,-62.61,-58.11,-54.61,-58.63,-52.59,-58.30,2026-06-04 12:59:04+00:00
2026-06-04T13:00:04+00:00,-53.90,-60.59,-61.17,-59.90,-66.24,-46.91,-48.72,-49.92,-47.93,-46.74,-53.44,-63.18,-57.71,-54.54,-58.45,-52.28,-51.44,2026-06-04 13:00:04+00:00
2026-06-04T13:01:04+00:00,-53.92,-60.89,-61.21,-60.04,-65.94,-46.73,-48.94,-49.93,-47.85,-46.87,-52.26,-63.28,-58.15,-54.72,-57.98,-52.96,-51.88,2026-06-04 13:01:04+00:00
2026-06-04T13:02:03+00:00,-53.77,-60.94,-61.05,-60.19,-65.37,-46.73,-48.61,-49.96,-49.07,-46.66,-53.55,-63.16,-57.96,-54.42,-58.65,-52.97,-51.91,2026-06-04 13:02:03+00:00
2026-06-04T13:03:04+00:00,-53.95,-61.25,-61.06,-59.81,-63.60,-46.90,-48.58,-50.01,-49.06,-46.54,-53.23,-63.71,-58.10,-54.63,-58.56,-52.92,-51.79,2026-06-04 13:03:04+00:00
2026-06-04T13:04:03+00:00,-54.19,-59.60,-61.10,-59.69,-65.32,-46.92,-48.60,-49.89,-49.11,-48.13,-54.76,-63.17,-57.83,-54.45,-58.34,-52.85,-54.48,2026-06-04 13:04:03+00:00
2026-06-04T13:05:03+00:00,-54.71,-59.44,-64.30,-59.78,-66.51,-46.89,-48.80,-50.37,-49.13,-46.46,-54.75,-63.54,-57.97,-54.48,-58.46,-52.43,-54.81,2026-06-04 13:05:03+00:00
2026-06-04T13:06:04+00:00,-54.78,-57.69,-63.66,-60.11,-66.62,-46.82,-48.87,-50.36,-49.01,-46.57,-55.02,-62.06,-57.98,-54.68,-58.76,-52.07,-54.86,2026-06-04 13:06:04+00:00
2026-06-04T13:07:03+00:00,-54.03,-60.38,-64.38,-60.04,-65.83,-47.12,-48.95,-50.46,-52.44,-46.63,-55.09,-62.99,-58.15,-54.80,-59.05,-52.14,-54.70,2026-06-04 13:07:03+00:00
2026-06-04T13:08:03+00:00,-53.86,-60.09,-62.88,-60.06,-66.31,-46.75,-49.22,-50.40,-52.57,-46.49,-54.92,-59.94,-58.01,-54.87,-59.08,-51.69,-54.70,2026-06-04 13:08:03+00:00
2026-06-04T13:09:04+00:00,-50.66,-59.48,-64.22,-60.07,-65.49,-46.88,-48.99,-50.39,-51.96,-46.51,-52.68,-63.00,-57.44,-55.20,-59.07,-51.69,-54.59,2026-06-04 13:09:04+00:00
2026-06-04T13:10:04+00:00,-50.26,-59.36,-64.11,-60.09,-65.34,-46.79,-49.14,-50.25,-51.79,-46.46,-54.82,-61.93,-58.14,-55.30,-59.34,-51.45,-59.42,2026-06-04 13:10:04+00:00
2026-06-04T13:11:03+00:00,-50.04,-59.31,-63.34,-59.74,-65.33,-46.81,-48.89,-50.10,-51.93,-46.81,-55.04,-61.09,-58.10,-55.36,-58.97,-51.37,-58.79,2026-06-04 13:11:03+00:00
2026-06-04T13:12:03+00:00,-49.89,-58.82,-63.84,-59.89,-66.09,-49.30,-49.11,-50.12,-51.98,-46.76,-55.10,-61.34,-57.75,-55.55,-58.78,-51.48,-59.05,2026-06-04 13:12:03+00:00
2026-06-04T13:13:04+00:00,-49.90,-58.47,-63.49,-59.99,-66.04,-50.76,-49.07,-50.17,-51.86,-46.78,-55.16,-61.02,-58.08,-55.24,-58.79,-51.31,-59.35,2026-06-04 13:13:04+00:00
2026-06-04T13:14:03+00:00,-50.13,-59.34,-63.21,-60.22,-66.81,-50.55,-49.21,-50.46,-52.62,-47.07,-55.07,-61.42,-57.46,-55.44,-58.56,-51.30,-58.32,2026-06-04 13:14:03+00:00
2026-06-04T13:15:03+00:00,-49.26,-59.09,-64.09,-60.27,-65.88,-50.70,-49.10,-50.67,-52.67,-47.06,-55.13,-62.63,-58.01,-55.73,-58.69,-51.37,-57.49,2026-06-04 13:15:03+00:00
2026-06-04T13:16:04+00:00,-50.16,-60.14,-64.39,-60.17,-66.19,-50.79,-49.13,-50.74,-53.20,-47.24,-55.14,-62.53,-57.87,-55.93,-58.73,-51.08,-59.08,2026-06-04 13:16:04+00:00
2026-06-04T13:17:04+00:00,-50.34,-59.87,-64.34,-60.39,-66.94,-50.68,-49.09,-50.69,-53.05,-47.19,-55.16,-62.83,-57.79,-56.43,-58.75,-50.89,-58.93,2026-06-04 13:17:04+00:00
2026-06-04T13:18:03+00:00,-49.53,-60.08,-64.21,-60.52,-65.29,-50.66,-49.32,-50.71,-53.09,-47.25,-55.22,-62.82,-57.95,-56.88,-58.71,-51.02,-59.04,2026-06-04 13:18:03+00:00
2026-06-04T13:19:04+00:00,-50.28,-60.22,-64.40,-60.34,-66.24,-50.65,-49.13,-50.60,-53.09,-47.06,-55.19,-62.74,-57.91,-57.00,-58.83,-50.71,-58.53,2026-06-04 13:19:04+00:00
2026-06-04T13:20:04+00:00,-50.21,-59.92,-64.38,-60.15,-65.17,-50.44,-49.10,-50.48,-53.04,-47.29,-55.25,-62.76,-58.00,-57.03,-58.74,-50.98,-59.19,2026-06-04 13:20:04+00:00
2026-06-04T13:21:04+00:00,-50.27,-58.25,-64.87,-59.74,-66.43,-50.63,-49.22,-50.29,-53.02,-46.99,-55.10,-62.87,-57.90,-57.22,-58.72,-50.72,-60.04,2026-06-04 13:21:04+00:00
2026-06-04T13:22:03+00:00,-50.17,-58.64,-62.69,-60.25,-66.10,-50.50,-49.16,-50.70,-52.97,-47.15,-53.90,-58.75,-57.77,-57.22,-58.45,-50.79,-58.62,2026-06-04 13:22:03+00:00
2026-06-04T13:23:04+00:00,-50.42,-59.66,-63.50,-60.42,-65.83,-50.53,-48.98,-50.92,-53.13,-47.13,-55.06,-60.77,-58.00,-56.90,-58.92,-50.39,-59.58,2026-06-04 13:23:04+00:00
2026-06-04T13:24:04+00:00,-52.89,-60.40,-64.22,-60.13,-67.32,-50.47,-49.02,-51.04,-52.43,-47.11,-55.14,-62.41,-57.91,-57.25,-58.41,-50.47,-60.17,2026-06-04 13:24:04+00:00
2026-06-04T13:25:03+00:00,-53.51,-59.67,-63.45,-60.03,-65.41,-50.53,-48.89,-50.94,-52.48,-47.20,-55.13,-61.51,-58.01,-57.26,-58.75,-50.35,-60.41,2026-06-04 13:25:03+00:00
2026-06-04T13:26:03+00:00,-53.06,-59.01,-63.35,-60.22,-65.28,-50.44,-49.15,-50.79,-52.33,-47.17,-55.07,-61.08,-58.05,-57.37,-58.83,-50.66,-60.19,2026-06-04 13:26:03+00:00
2026-06-04T13:27:04+00:00,-53.10,-58.42,-63.31,-60.00,-66.18,-50.36,-48.82,-50.47,-52.35,-47.02,-55.15,-60.81,-58.15,-57.67,-58.92,-50.32,-60.24,2026-06-04 13:27:04+00:00
2026-06-04T13:28:04+00:00,-52.41,-58.36,-63.42,-59.60,-66.56,-50.43,-48.46,-50.35,-52.40,-46.93,-54.90,-60.93,-58.09,-57.81,-58.69,-50.25,-59.52,2026-06-04 13:28:04+00:00
2026-06-04T13:29:03+00:00,-53.63,-59.80,-63.12,-59.54,-66.63,-50.81,-48.87,-50.31,-52.58,-47.00,-54.99,-60.72,-58.06,-57.73,-58.01,-50.16,-59.86,2026-06-04 13:29:03+00:00
2026-06-04T13:30:03+00:00,-52.69,-59.28,-62.90,-60.50,-66.23,-50.58,-48.95,-50.32,-52.45,-46.97,-55.33,-60.91,-58.05,-57.72,-59.21,-50.37,-59.09,2026-06-04 13:30:03+00:00
2026-06-04T13:31:03+00:00,-52.65,-59.70,-63.57,-60.03,-65.83,-50.57,-48.97,-50.42,-52.41,-46.89,-55.08,-60.45,-58.18,-57.90,-58.65,-50.31,-56.36,2026-06-04 13:31:03+00:00
2026-06-04T13:32:04+00:00,-52.22,-58.48,-63.35,-60.23,-65.54,-49.76,-48.81,-50.38,-50.04,-46.83,-55.27,-60.28,-58.09,-57.94,-58.59,-50.18,-59.18,2026-06-04 13:32:04+00:00
2026-06-04T13:33:04+00:00,-52.88,-58.30,-63.29,-60.10,-66.57,-49.46,-48.86,-50.44,-49.95,-46.87,-55.25,-60.13,-58.15,-57.69,-58.48,-49.92,-59.28,2026-06-04 13:33:04+00:00
2026-06-04T13:34:03+00:00,-51.34,-58.14,-63.27,-60.12,-66.24,-46.17,-48.95,-50.87,-49.94,-61.92,-55.24,-60.12,-58.06,-57.83,-58.57,-49.97,-58.28,2026-06-04 13:34:03+00:00
2026-06-04T13:35:04+00:00,-51.97,-59.33,-62.79,-59.89,-66.27,-46.38,-48.78,-50.69,-49.92,-46.71,-54.96,-59.96,-58.03,-58.17,-58.47,-50.24,-58.26,2026-06-04 13:35:04+00:00
2026-06-04T13:36:03+00:00,-52.71,-60.85,-63.19,-60.11,-66.29,-46.68,-48.99,-50.98,-49.99,-46.69,-55.13,-60.40,-58.20,-58.32,-58.67,-50.09,-59.46,2026-06-04 13:36:03+00:00
2026-06-04T13:37:03+00:00,-52.21,-61.35,-63.62,-60.10,-66.23,-46.74,-48.84,-50.94,-47.83,-46.83,-53.30,-60.10,-58.44,-58.58,-58.62,-49.99,-60.34,2026-06-04 13:37:03+00:00
2026-06-04T13:38:04+00:00,-52.70,-60.50,-63.19,-60.09,-65.04,-46.39,-48.74,-50.68,-47.92,-46.95,-55.23,-59.49,-58.28,-59.00,-58.43,-49.67,-60.34,2026-06-04 13:38:04+00:00
2026-06-04T13:39:04+00:00,-53.10,-58.58,-62.99,-60.09,-66.24,-46.43,-48.88,-50.65,-48.08,-47.00,-55.37,-59.30,-58.21,-59.06,-58.16,-50.15,-58.37,2026-06-04 13:39:04+00:00
2026-06-04T13:40:03+00:00,-53.34,-59.45,-63.23,-60.17,-66.30,-46.93,-48.83,-50.24,-48.11,-46.89,-55.42,-59.24,-58.40,-59.29,-58.43,-49.90,-60.37,2026-06-04 13:40:03+00:00
2026-06-04T13:41:04+00:00,-52.36,-60.04,-63.16,-60.43,-65.49,-46.95,-48.83,-50.10,-48.18,-46.92,-55.29,-58.87,-58.19,-59.09,-58.70,-49.96,-60.08,2026-06-04 13:41:04+00:00
2026-06-04T13:42:04+00:00,-54.19,-60.15,-63.63,-60.35,-65.38,-46.92,-48.80,-50.57,-48.09,-46.83,-53.57,-59.35,-58.30,-59.34,-58.94,-50.11,-60.11,2026-06-04 13:42:04+00:00
2026-06-04T13:43:03+00:00,-53.96,-59.64,-63.80,-60.18,-66.44,-46.70,-48.58,-50.76,-47.98,-46.72,-55.22,-59.10,-58.44,-59.57,-58.19,-50.34,-59.93,2026-06-04 13:43:03+00:00
2026-06-04T13:44:03+00:00,-53.89,-59.85,-63.02,-60.30,-65.69,-46.90,-48.86,-50.75,-47.92,-46.77,-55.48,-59.22,-58.28,-59.63,-57.41,-50.54,-59.85,2026-06-04 13:44:03+00:00
2026-06-04T13:45:04+00:00,-53.40,-59.66,-63.21,-60.17,-67.03,-46.63,-48.55,-50.74,-47.92,-46.80,-55.31,-59.04,-58.46,-59.55,-57.89,-50.61,-59.96,2026-06-04 13:45:04+00:00
2026-06-04T13:46:04+00:00,-54.46,-59.73,-63.09,-60.23,-66.48,-46.70,-48.89,-50.68,-47.85,-46.77,-55.21,-58.05,-58.39,-59.00,-58.17,-50.37,-59.88,2026-06-04 13:46:04+00:00
2026-06-04T13:47:03+00:00,-54.20,-58.50,-63.04,-60.27,-66.12,-46.95,-48.90,-50.67,-49.20,-46.75,-55.28,-58.06,-58.34,-58.98,-57.97,-50.81,-60.17,2026-06-04 13:47:03+00:00
2026-06-04T13:48:03+00:00,-54.19,-59.96,-63.84,-60.38,-64.91,-46.96,-49.01,-50.57,-49.04,-46.68,-55.23,-59.42,-58.35,-59.28,-58.13,-50.70,-60.59,2026-06-04 13:48:03+00:00
2026-06-04T13:49:04+00:00,-53.27,-59.37,-63.33,-60.23,-65.94,-46.83,-49.08,-50.43,-49.04,-46.65,-55.24,-58.49,-58.32,-59.34,-58.27,-50.79,-59.90,2026-06-04 13:49:04+00:00
2026-06-04T13:50:04+00:00,-52.81,-59.17,-63.62,-60.31,-65.90,-46.84,-48.91,-50.44,-49.00,-46.80,-55.10,-59.29,-58.42,-59.29,-58.36,-50.48,-58.81,2026-06-04 13:50:04+00:00
2026-06-04T13:51:03+00:00,-52.98,-59.82,-63.67,-60.33,-66.83,-46.87,-48.73,-50.62,-48.90,-46.78,-55.21,-59.14,-58.38,-59.31,-57.91,-50.48,-52.21,2026-06-04 13:51:03+00:00
2026-06-04T13:52:04+00:00,-54.06,-60.22,-63.50,-60.23,-66.60,-46.77,-48.80,-50.76,-52.34,-46.69,-55.13,-58.85,-58.32,-59.87,-58.28,-50.66,-52.40,2026-06-04 13:52:04+00:00
2026-06-04T13:53:04+00:00,-53.96,-60.06,-63.16,-60.47,-66.66,-46.92,-49.28,-50.77,-52.36,-46.72,-55.13,-58.72,-58.49,-59.49,-58.04,-50.73,-52.30,2026-06-04 13:53:04+00:00
2026-06-04T13:54:03+00:00,-50.57,-60.30,-63.38,-60.16,-65.76,-46.91,-49.04,-50.55,-51.82,-46.77,-55.18,-58.47,-58.22,-60.11,-57.71,-50.61,-53.85,2026-06-04 13:54:03+00:00
2026-06-04T13:55:03+00:00,-50.27,-59.63,-63.18,-60.16,-66.01,-46.72,-48.76,-50.62,-51.91,-46.77,-55.10,-58.37,-58.35,-59.70,-58.36,-50.71,-52.32,2026-06-04 13:55:03+00:00
2026-06-04T13:56:04+00:00,-50.19,-59.89,-63.83,-60.39,-67.07,-46.82,-48.84,-50.61,-51.69,-46.75,-55.22,-59.42,-58.40,-59.77,-58.19,-50.74,-52.49,2026-06-04 13:56:04+00:00
2026-06-04T13:57:04+00:00,-50.07,-59.83,-63.43,-60.32,-64.88,-46.72,-49.19,-50.67,-52.48,-46.69,-55.29,-58.91,-58.28,-59.86,-57.89,-50.57,-52.39,2026-06-04 13:57:04+00:00
2026-06-04T13:58:03+00:00,-50.18,-59.96,-63.27,-60.06,-66.28,-46.86,-49.25,-50.79,-52.45,-46.62,-55.00,-58.40,-58.35,-59.70,-57.66,-50.53,-52.44,2026-06-04 13:58:03+00:00
2026-06-04T13:59:03+00:00,-50.00,-59.11,-63.34,-60.22,-61.82,-46.93,-49.01,-50.80,-52.51,-46.68,-55.16,-58.55,-58.40,-60.09,-57.18,-50.49,-52.28,2026-06-04 13:59:03+00:00
2026-06-04T14:00:04+00:00,-50.03,-60.40,-63.38,-60.17,-63.94,-46.84,-49.53,-50.69,-52.41,-46.67,-54.92,-58.16,-58.46,-60.51,-57.83,-50.28,-52.28,2026-06-04 14:00:04+00:00
2026-06-04T14:01:04+00:00,-50.12,-59.45,-63.07,-60.19,-64.61,-46.75,-49.02,-50.23,-52.34,-46.70,-55.02,-58.29,-58.40,-59.98,-58.11,-50.16,-52.61,2026-06-04 14:01:04+00:00
2026-06-04T14:02:03+00:00,-50.18,-59.13,-63.49,-60.10,-66.09,-46.92,-49.11,-50.04,-52.04,-46.49,-55.13,-58.91,-58.41,-60.43,-57.68,-50.18,-52.40,2026-06-04 14:02:03+00:00
2026-06-04T14:03:04+00:00,-49.59,-59.58,-63.85,-59.58,-66.23,-46.84,-48.91,-49.95,-52.08,-46.59,-55.19,-58.83,-58.44,-60.58,-57.68,-50.02,-52.25,2026-06-04 14:03:04+00:00
2026-06-04T14:04:04+00:00,-49.51,-59.38,-62.28,-60.44,-65.55,-46.53,-49.27,-49.89,-52.34,-46.65,-55.18,-58.50,-58.25,-60.73,-57.52,-49.69,-52.37,2026-06-04 14:04:04+00:00
2026-06-04T14:05:03+00:00,-49.57,-60.75,-63.71,-60.38,-65.28,-46.73,-48.80,-50.20,-52.62,-46.66,-55.07,-58.93,-58.58,-60.95,-56.98,-49.72,-53.85,2026-06-04 14:05:03+00:00
2026-06-04T14:06:04+00:00,-48.85,-59.35,-63.48,-60.46,-66.43,-47.20,-49.09,-49.98,-52.72,-46.77,-55.16,-58.88,-58.41,-61.15,-56.68,-49.42,-58.60,2026-06-04 14:06:04+00:00
2026-06-04T14:07:04+00:00,-48.99,-59.35,-63.78,-59.96,-65.88,-46.63,-49.09,-50.21,-52.81,-46.34,-38.22,-58.61,-58.53,-61.44,-56.85,-49.23,-55.66,2026-06-04 14:07:04+00:00
2026-06-04T14:08:03+00:00,-49.80,-61.41,-63.82,-60.09,-66.34,-46.96,-49.06,-50.34,-52.77,-46.57,-46.14,-58.86,-58.65,-62.16,-56.87,-49.28,-56.25,2026-06-04 14:08:03+00:00
2026-06-04T14:09:03+00:00,-51.57,-61.96,-63.87,-60.27,-66.40,-46.81,-49.18,-50.17,-52.15,-46.72,-55.18,-59.02,-58.45,-62.04,-59.09,-48.74,-60.05,2026-06-04 14:09:03+00:00
2026-06-04T14:10:04+00:00,-52.87,-61.44,-63.22,-60.29,-66.57,-46.84,-49.19,-50.41,-52.31,-46.67,-55.13,-57.71,-58.25,-61.85,-58.80,-48.92,-59.16,2026-06-04 14:10:04+00:00
2026-06-04T14:11:03+00:00,-52.47,-58.61,-63.41,-60.43,-66.08,-46.62,-48.99,-50.26,-52.05,-47.42,-54.97,-58.65,-58.26,-61.49,-59.20,-48.57,-58.73,2026-06-04 14:11:03+00:00
2026-06-04T14:12:03+00:00,-52.28,-60.99,-63.92,-60.54,-66.27,-46.86,-49.01,-50.27,-52.11,-46.50,-55.01,-59.26,-58.59,-62.12,-58.67,-48.41,-59.80,2026-06-04 14:12:03+00:00
2026-06-04T14:13:03+00:00,-51.33,-60.89,-63.43,-60.30,-66.36,-46.92,-49.10,-50.32,-51.98,-46.69,-54.85,-59.63,-58.44,-61.91,-58.95,-48.73,-59.66,2026-06-04 14:13:03+00:00
2026-06-04T14:14:04+00:00,-52.85,-59.85,-63.79,-60.40,-66.46,-46.74,-48.88,-50.29,-52.07,-46.66,-54.87,-59.22,-58.35,-62.36,-58.68,-48.26,-58.45,2026-06-04 14:14:04+00:00
2026-06-04T14:15:03+00:00,-52.44,-59.99,-63.86,-59.82,-65.56,-46.89,-48.98,-50.04,-52.10,-46.74,-54.90,-59.11,-58.41,-62.07,-59.35,-48.31,-59.27,2026-06-04 14:15:03+00:00
2026-06-04T14:16:03+00:00,-52.86,-60.76,-64.00,-60.25,-65.90,-46.81,-48.95,-49.93,-52.07,-46.81,-55.09,-59.30,-58.45,-61.98,-59.34,-48.36,-59.37,2026-06-04 14:16:03+00:00
2026-06-04T14:17:04+00:00,-52.73,-61.15,-64.15,-60.17,-66.16,-46.89,-49.17,-50.88,-49.98,-46.78,-55.08,-59.26,-58.28,-61.29,-58.61,-48.18,-58.54,2026-06-04 14:17:04+00:00
2026-06-04T14:18:04+00:00,-53.65,-61.57,-64.39,-60.27,-66.41,-46.97,-49.08,-51.24,-50.08,-46.80,-55.08,-59.17,-58.29,-61.37,-58.72,-48.41,-60.35,2026-06-04 14:18:04+00:00
2026-06-04T14:19:03+00:00,-53.71,-62.31,-63.95,-60.09,-66.57,-46.91,-48.93,-51.43,-50.02,-46.71,-54.94,-58.99,-58.18,-61.01,-58.56,-48.27,-59.26,2026-06-04 14:19:03+00:00
2026-06-04T14:20:04+00:00,-52.25,-61.99,-64.43,-60.20,-65.26,-50.48,-49.37,-51.56,-50.00,-46.64,-54.99,-59.41,-58.58,-61.01,-59.11,-48.62,-60.20,2026-06-04 14:20:04+00:00
2026-06-04T14:21:04+00:00,-53.70,-61.77,-64.50,-60.10,-66.45,-50.54,-49.06,-51.56,-49.94,-46.67,-55.05,-59.35,-58.38,-61.16,-58.71,-48.40,-59.36,2026-06-04 14:21:04+00:00
2026-06-04T14:22:03+00:00,-53.84,-62.55,-64.41,-60.08,-66.00,-50.49,-49.43,-51.52,-47.68,-46.78,-55.06,-59.48,-58.49,-61.03,-58.57,-48.46,-59.50,2026-06-04 14:22:03+00:00
2026-06-04T14:23:03+00:00,-53.61,-63.03,-64.59,-59.80,-66.96,-50.61,-49.32,-51.49,-47.74,-46.63,-53.71,-59.54,-58.22,-60.97,-58.47,-48.80,-59.57,2026-06-04 14:23:03+00:00
2026-06-04T14:24:04+00:00,-54.04,-62.54,-63.35,-60.06,-66.76,-50.50,-49.23,-51.44,-48.08,-46.44,-54.90,-58.86,-58.31,-60.30,-58.86,-48.58,-57.50,2026-06-04 14:24:04+00:00
2026-06-04T14:25:04+00:00,-53.53,-62.71,-63.99,-59.93,-66.74,-50.51,-49.25,-51.37,-48.09,-46.52,-54.94,-60.32,-58.35,-60.41,-58.56,-48.71,-59.98,2026-06-04 14:25:04+00:00
2026-06-04T14:26:03+00:00,-52.43,-61.84,-63.24,-60.25,-65.80,-50.74,-49.26,-51.01,-47.97,-46.46,-52.77,-58.14,-58.46,-60.62,-58.31,-48.93,-59.57,2026-06-04 14:26:03+00:00
2026-06-04T14:27:04+00:00,-51.99,-60.76,-61.77,-60.36,-66.11,-51.41,-49.34,-50.73,-47.85,-46.21,-55.06,-58.60,-58.55,-60.61,-57.93,-48.94,-58.65,2026-06-04 14:27:04+00:00
2026-06-04T14:28:04+00:00,-53.15,-61.77,-63.55,-60.29,-65.86,-51.26,-49.19,-50.55,-47.90,-46.09,-55.10,-59.63,-58.43,-60.87,-57.58,-48.84,-59.68,2026-06-04 14:28:04+00:00
2026-06-04T14:29:03+00:00,-52.30,-62.30,-63.23,-60.18,-66.30,-51.22,-49.58,-50.86,-47.94,-46.25,-54.86,-59.09,-58.56,-60.67,-58.21,-48.90,-59.85,2026-06-04 14:29:03+00:00
2026-06-04T14:30:03+00:00,-51.37,-60.50,-63.47,-60.09,-66.17,-51.23,-49.25,-50.55,-47.84,-46.31,-55.01,-60.75,-58.21,-60.77,-57.97,-48.45,-58.94,2026-06-04 14:30:03+00:00
2026-06-04T14:31:03+00:00,-52.02,-59.63,-64.35,-60.49,-65.53,-51.38,-48.98,-50.68,-47.78,-46.28,-55.12,-59.38,-58.14,-60.79,-57.49,-48.62,-58.42,2026-06-04 14:31:03+00:00
2026-06-04T14:32:03+00:00,-52.55,-60.64,-62.60,-60.43,-67.07,-51.39,-49.25,-50.25,-49.12,-46.38,-55.02,-58.12,-58.46,-60.75,-58.34,-48.37,-54.99,2026-06-04 14:32:03+00:00
2026-06-04T14:33:04+00:00,-52.14,-61.35,-63.18,-60.31,-66.26,-51.19,-49.05,-50.28,-49.21,-46.52,-54.94,-57.35,-58.42,-61.10,-58.53,-48.29,-54.75,2026-06-04 14:33:04+00:00
2026-06-04T14:34:04+00:00,-51.98,-62.19,-63.24,-60.23,-66.50,-51.43,-49.62,-51.02,-49.13,-46.47,-55.03,-56.97,-58.47,-61.08,-57.76,-48.39,-54.21,2026-06-04 14:34:04+00:00
2026-06-04T14:35:03+00:00,-51.97,-60.98,-62.94,-60.41,-66.55,-51.33,-49.45,-51.20,-49.16,-46.36,-55.02,-58.95,-58.51,-61.14,-58.08,-48.40,-54.17,2026-06-04 14:35:03+00:00
2026-06-04T14:36:03+00:00,-52.03,-62.12,-64.07,-60.49,-66.12,-51.34,-49.64,-51.38,-49.10,-46.25,-55.05,-59.75,-58.53,-61.06,-57.36,-48.27,-55.03,2026-06-04 14:36:03+00:00
2026-06-04T14:37:03+00:00,-51.63,-61.25,-63.16,-60.35,-65.63,-51.14,-49.54,-51.36,-52.87,-46.37,-55.12,-58.37,-58.46,-60.72,-57.24,-48.20,-54.65,2026-06-04 14:37:03+00:00
2026-06-04T14:38:04+00:00,-51.93,-62.64,-63.11,-60.35,-66.40,-51.16,-49.41,-51.34,-52.68,-46.28,-54.94,-58.52,-58.62,-60.21,-57.55,-48.43,-54.35,2026-06-04 14:38:04+00:00
2026-06-04T14:39:03+00:00,-49.34,-62.46,-62.59,-60.37,-66.06,-50.49,-49.62,-51.45,-52.26,-46.30,-52.81,-58.66,-58.50,-60.87,-57.45,-48.77,-54.70,2026-06-04 14:39:03+00:00
2026-06-04T14:40:03+00:00,-48.85,-61.75,-63.89,-60.13,-66.20,-50.28,-49.14,-51.37,-52.32,-46.26,-55.26,-61.30,-58.46,-61.18,-57.43,-48.71,-54.27,2026-06-04 14:40:03+00:00
2026-06-04T14:41:04+00:00,-48.29,-62.13,-63.18,-60.35,-66.44,-48.92,-49.16,-51.39,-52.09,-46.32,-55.10,-59.17,-58.46,-61.48,-57.51,-49.06,-55.05,2026-06-04 14:41:04+00:00
2026-06-04T14:42:04+00:00,-49.72,-62.08,-63.83,-60.35,-66.27,-47.30,-49.29,-51.33,-52.23,-46.20,-55.09,-61.50,-58.70,-61.30,-57.12,-48.84,-55.02,2026-06-04 14:42:04+00:00
2026-06-04T14:43:04+00:00,-49.10,-61.75,-63.27,-60.33,-66.94,-47.19,-49.37,-51.15,-52.19,-46.08,-55.05,-60.29,-58.57,-61.11,-57.44,-49.08,-54.49,2026-06-04 14:43:04+00:00
2026-06-04T14:44:03+00:00,-49.25,-61.27,-63.14,-60.31,-65.82,-47.33,-49.50,-51.09,-52.42,-46.00,-55.12,-61.41,-58.33,-60.77,-57.48,-49.09,-54.96,2026-06-04 14:44:03+00:00
2026-06-04T14:45:03+00:00,-49.34,-61.90,-64.42,-60.29,-66.62,-47.35,-49.52,-51.79,-52.45,-45.93,-54.91,-63.34,-58.73,-60.71,-57.74,-49.13,-55.00,2026-06-04 14:45:03+00:00
2026-06-04T14:46:04+00:00,-49.61,-61.64,-64.68,-60.31,-66.58,-47.39,-49.71,-51.77,-52.51,-46.08,-55.20,-62.01,-58.68,-60.95,-58.00,-49.25,-54.21,2026-06-04 14:46:04+00:00
2026-06-04T14:47:04+00:00,-49.78,-61.01,-64.01,-60.13,-67.26,-47.41,-49.63,-51.68,-52.34,-46.15,-53.66,-61.49,-58.67,-60.16,-58.06,-49.31,-55.27,2026-06-04 14:47:04+00:00
2026-06-04T14:48:03+00:00,-49.04,-62.62,-63.86,-60.21,-65.83,-47.26,-49.33,-51.73,-52.32,-46.10,-55.22,-61.06,-58.70,-60.67,-57.64,-49.63,-54.13,2026-06-04 14:48:03+00:00
2026-06-04T14:49:03+00:00,-48.95,-62.31,-63.98,-60.23,-67.10,-47.41,-49.22,-51.70,-52.49,-46.01,-54.97,-60.79,-58.66,-60.65,-57.46,-49.47,-54.58,2026-06-04 14:49:03+00:00
2026-06-04T14:50:04+00:00,-49.29,-61.87,-64.36,-60.30,-66.36,-47.41,-49.37,-51.30,-52.90,-46.15,-55.04,-66.98,-58.41,-60.34,-57.79,-49.36,-53.63,2026-06-04 14:50:04+00:00
2026-06-04T14:51:04+00:00,-48.79,-62.75,-64.03,-60.43,-66.80,-47.36,-49.73,-51.18,-52.85,-46.13,-55.09,-65.93,-58.44,-60.17,-57.71,-49.15,-55.14,2026-06-04 14:51:04+00:00
2026-06-04T14:52:03+00:00,-49.50,-62.19,-64.68,-60.31,-66.10,-49.11,-49.56,-51.23,-52.85,-46.13,-54.85,-67.83,-58.77,-59.73,-57.43,-49.28,-54.78,2026-06-04 14:52:03+00:00
2026-06-04T14:53:04+00:00,-49.55,-62.18,-64.32,-60.22,-66.44,-47.40,-49.49,-51.20,-52.93,-62.36,-54.96,-67.49,-58.90,-59.95,-57.42,-49.14,-54.86,2026-06-04 14:53:04+00:00
2026-06-04T14:54:04+00:00,-51.44,-62.39,-64.02,-60.28,-65.94,-47.32,-49.24,-51.17,-52.64,-46.20,-55.11,-67.31,-58.69,-59.66,-57.26,-48.99,-54.42,2026-06-04 14:54:04+00:00
2026-06-04T14:55:03+00:00,-52.95,-62.21,-64.00,-60.29,-66.40,-47.39,-49.43,-50.99,-52.51,-46.08,-54.98,-66.17,-58.62,-59.42,-57.20,-48.79,-54.04,2026-06-04 14:55:03+00:00
2026-06-04T14:56:03+00:00,-52.18,-63.14,-64.33,-60.41,-66.16,-47.48,-49.08,-51.07,-52.40,-46.19,-55.08,-65.96,-58.43,-59.40,-57.61,-48.87,-54.72,2026-06-04 14:56:03+00:00
2026-06-04T14:57:04+00:00,-52.85,-61.65,-63.16,-60.36,-65.81,-47.30,-49.50,-50.96,-52.15,-46.17,-55.17,-65.10,-58.51,-59.36,-57.74,-48.88,-54.68,2026-06-04 14:57:04+00:00
2026-06-04T14:58:04+00:00,-52.60,-62.67,-63.24,-60.26,-65.83,-47.25,-49.07,-50.99,-52.31,-46.07,-55.15,-68.27,-58.53,-58.73,-57.75,-48.59,-54.73,2026-06-04 14:58:04+00:00
2026-06-04T14:59:03+00:00,-52.23,-63.01,-64.61,-60.33,-66.41,-47.50,-49.40,-50.93,-52.26,-46.04,-55.22,-68.18,-58.96,-58.52,-57.72,-48.68,-54.47,2026-06-04 14:59:03+00:00
2026-06-04T15:00:04+00:00,-51.77,-62.96,-63.79,-60.07,-66.89,-47.63,-49.27,-50.94,-52.33,-46.20,-55.04,-66.44,-58.72,-58.22,-57.83,-48.47,-54.24,2026-06-04 15:00:04+00:00
2026-06-04T15:01:04+00:00,-51.24,-61.77,-64.51,-60.46,-66.75,-47.70,-49.67,-50.86,-52.32,-46.33,-55.26,-67.69,-59.03,-57.85,-57.65,-48.34,-55.07,2026-06-04 15:01:04+00:00
2026-06-04T15:02:03+00:00,-51.98,-62.25,-63.86,-60.47,-65.85,-47.72,-49.33,-50.74,-49.89,-46.18,-53.65,-67.71,-58.90,-57.52,-57.43,-47.99,-54.49,2026-06-04 15:02:03+00:00
2026-06-04T15:03:03+00:00,-52.06,-61.67,-64.27,-60.36,-67.20,-47.67,-49.39,-50.67,-50.08,-46.23,-55.29,-66.51,-58.89,-57.40,-58.64,-48.12,-54.04,2026-06-04 15:03:03+00:00
2026-06-04T15:04:04+00:00,-52.15,-63.27,-64.85,-60.20,-67.06,-47.59,-49.28,-50.60,-49.97,-46.17,-55.25,-68.28,-58.98,-57.08,-58.01,-47.79,-54.25,2026-06-04 15:04:04+00:00
2026-06-04T15:05:03+00:00,-51.51,-62.13,-64.62,-60.36,-66.95,-47.90,-49.31,-50.62,-49.60,-46.13,-55.40,-68.36,-58.86,-56.72,-57.64,-48.13,-54.80,2026-06-04 15:05:03+00:00
2026-06-04T15:06:03+00:00,-51.86,-63.23,-64.95,-60.29,-66.25,-47.71,-49.41,-50.57,-49.57,-46.19,-55.45,-68.39,-59.05,-56.43,-58.15,-47.90,-55.02,2026-06-04 15:06:03+00:00
2026-06-04T15:07:04+00:00,-51.92,-62.78,-65.12,-60.30,-66.73,-47.58,-49.36,-50.51,-47.46,-46.36,-55.42,-67.93,-59.16,-56.17,-57.78,-48.08,-54.79,2026-06-04 15:07:04+00:00
2026-06-04T15:08:04+00:00,-51.73,-62.59,-64.87,-60.45,-66.38,-47.56,-49.08,-50.54,-47.44,-46.17,-55.52,-67.70,-59.15,-56.13,-58.17,-47.83,-54.88,2026-06-04 15:08:04+00:00
2026-06-04T15:09:03+00:00,-51.23,-62.30,-64.50,-60.31,-65.78,-47.63,-49.03,-50.67,-47.69,-46.04,-55.47,-67.21,-59.08,-55.75,-58.81,-47.96,-54.05,2026-06-04 15:09:03+00:00
2026-06-04T15:10:04+00:00,-51.04,-62.64,-64.82,-60.36,-66.53,-47.95,-49.15,-50.66,-47.66,-46.05,-55.48,-67.70,-59.05,-55.45,-60.28,-47.71,-54.14,2026-06-04 15:10:04+00:00
2026-06-04T15:11:04+00:00,-51.62,-61.01,-64.14,-60.35,-66.80,-47.79,-49.15,-50.87,-47.66,-46.18,-55.29,-66.34,-58.99,-55.11,-59.44,-47.93,-54.18,2026-06-04 15:11:04+00:00
2026-06-04T15:12:03+00:00,-51.50,-63.18,-64.81,-60.28,-66.78,-47.86,-49.38,-50.97,-47.77,-46.17,-55.37,-68.10,-59.09,-54.93,-58.95,-47.80,-54.90,2026-06-04 15:12:03+00:00
2026-06-04T15:13:04+00:00,-50.79,-60.87,-64.11,-60.11,-66.36,-47.81,-49.35,-50.77,-47.74,-45.87,-55.54,-67.82,-59.17,-54.67,-59.83,-47.86,-54.09,2026-06-04 15:13:04+00:00
2026-06-04T15:14:04+00:00,-52.45,-61.41,-64.89,-60.24,-66.61,-47.80,-49.04,-50.70,-47.74,-45.97,-55.49,-68.34,-59.21,-54.31,-59.50,-47.65,-55.04,2026-06-04 15:14:04+00:00
2026-06-04T15:15:03+00:00,-52.08,-60.82,-64.51,-60.43,-65.32,-47.66,-49.58,-50.65,-47.70,-45.95,-55.49,-68.47,-58.75,-54.02,-59.98,-47.43,-54.08,2026-06-04 15:15:03+00:00
2026-06-04T15:16:03+00:00,-52.81,-61.05,-64.67,-60.55,-66.61,-47.89,-49.47,-50.75,-47.89,-46.06,-55.44,-67.37,-59.07,-53.98,-60.08,-47.35,-52.40,2026-06-04 15:16:03+00:00
2026-06-04T15:17:04+00:00,-53.10,-61.24,-61.16,-60.52,-66.21,-47.72,-49.38,-50.81,-48.98,-45.92,-55.20,-61.80,-58.55,-53.75,-59.63,-47.40,-54.80,2026-06-04 15:17:04+00:00
2026-06-04T15:18:04+00:00,-52.93,-62.31,-65.16,-60.55,-65.41,-47.68,-49.71,-50.74,-49.01,-45.97,-55.56,-68.57,-59.36,-53.68,-59.23,-46.92,-55.09,2026-06-04 15:18:04+00:00
2026-06-04T15:19:03+00:00,-51.88,-60.56,-64.60,-60.36,-66.93,-47.46,-49.41,-50.64,-48.95,-45.86,-55.55,-67.18,-59.22,-53.54,-59.40,-46.89,-54.75,2026-06-04 15:19:03+00:00
2026-06-04T15:20:04+00:00,-52.20,-62.18,-65.04,-60.45,-66.37,-47.41,-49.37,-50.79,-49.28,-45.82,-55.56,-68.46,-59.15,-53.40,-59.50,-46.82,-54.81,2026-06-04 15:20:04+00:00
2026-06-04T15:21:04+00:00,-52.41,-61.90,-65.23,-60.44,-66.54,-47.65,-49.33,-50.80,-49.33,-45.81,-55.77,-68.44,-59.34,-52.96,-59.90,-46.91,-54.01,2026-06-04 15:21:04+00:00
2026-06-04T15:22:03+00:00,-51.78,-62.17,-64.93,-60.44,-65.93,-47.79,-49.21,-50.81,-52.77,-45.77,-55.71,-67.83,-59.28,-52.65,-59.31,-47.12,-53.79,2026-06-04 15:22:03+00:00
2026-06-04T15:23:03+00:00,-51.88,-61.90,-65.09,-60.38,-65.76,-47.82,-49.36,-50.92,-52.65,-45.75,-53.53,-68.18,-59.19,-52.66,-59.62,-46.95,-54.01,2026-06-04 15:23:03+00:00
2026-06-04T15:24:04+00:00,-49.48,-63.07,-64.91,-60.49,-65.37,-47.65,-49.21,-50.86,-52.13,-45.96,-55.64,-68.30,-59.35,-52.58,-59.48,-46.87,-54.78,2026-06-04 15:24:04+00:00
2026-06-04T15:25:04+00:00,-49.45,-62.77,-64.99,-60.52,-65.90,-47.87,-49.82,-50.86,-52.26,-45.90,-55.63,-68.45,-59.46,-52.57,-59.41,-47.30,-54.43,2026-06-04 15:25:04+00:00
2026-06-04T15:26:03+00:00,-49.84,-60.96,-64.46,-60.61,-66.94,-51.25,-49.70,-50.79,-52.29,-45.79,-55.69,-66.87,-59.01,-52.56,-59.46,-47.15,-53.75,2026-06-04 15:26:03+00:00
2026-06-04T15:27:03+00:00,-49.54,-62.55,-65.36,-60.44,-65.74,-51.61,-49.48,-50.84,-52.30,-45.85,-55.74,-69.08,-59.18,-52.17,-59.84,-46.98,-54.37,2026-06-04 15:27:03+00:00
2026-06-04T15:28:04+00:00,-49.62,-62.86,-65.75,-60.44,-66.09,-51.34,-48.80,-50.90,-52.99,-45.84,-55.66,-68.53,-59.32,-51.68,-59.63,-47.28,-54.16,2026-06-04 15:28:04+00:00
2026-06-04T15:29:03+00:00,-49.28,-62.88,-65.62,-60.00,-66.01,-51.36,-49.25,-51.80,-52.65,-45.95,-55.48,-68.77,-59.47,-51.84,-59.38,-47.26,-54.25,2026-06-04 15:29:03+00:00
2026-06-04T15:30:03+00:00,-49.89,-62.33,-65.68,-59.98,-66.55,-51.45,-49.41,-51.82,-53.00,-60.75,-55.54,-68.91,-59.56,-51.67,-58.66,-47.54,-54.58,2026-06-04 15:30:03+00:00
2026-06-04T15:31:03+00:00,-48.92,-61.86,-64.86,-60.10,-65.69,-51.48,-49.47,-51.73,-52.44,-45.96,-55.54,-67.98,-59.31,-51.71,-59.68,-47.39,-54.21,2026-06-04 15:31:03+00:00
2026-06-04T15:32:03+00:00,-49.15,-62.30,-63.76,-60.39,-66.37,-51.46,-49.30,-51.39,-52.26,-46.08,-55.23,-63.93,-58.89,-51.46,-59.65,-47.45,-54.71,2026-06-04 15:32:03+00:00
2026-06-04T15:33:03+00:00,-50.72,-63.03,-65.29,-60.54,-65.93,-51.50,-49.52,-51.29,-52.41,-46.10,-55.09,-68.15,-59.38,-51.40,-59.76,-47.73,-54.46,2026-06-04 15:33:03+00:00
2026-06-04T15:34:04+00:00,-49.96,-62.54,-64.79,-60.59,-66.51,-51.43,-49.70,-51.22,-53.00,-46.05,-55.06,-66.98,-59.37,-51.22,-59.58,-47.77,-54.73,2026-06-04 15:34:04+00:00
2026-06-04T15:35:04+00:00,-50.22,-62.55,-65.18,-60.38,-66.62,-51.52,-49.36,-51.11,-52.98,-46.28,-55.69,-68.22,-59.58,-51.33,-58.57,-47.70,-54.49,2026-06-04 15:35:04+00:00
2026-06-04T15:36:03+00:00,-50.29,-61.98,-65.24,-60.30,-65.95,-51.49,-49.66,-50.74,-52.89,-46.18,-55.59,-68.56,-59.38,-51.28,-59.01,-48.05,-54.77,2026-06-04 15:36:03+00:00
2026-06-04T15:37:04+00:00,-50.08,-62.45,-64.78,-60.40,-65.51,-51.33,-49.26,-50.70,-52.75,-46.14,-55.74,-67.64,-58.78,-51.06,-59.55,-47.90,-54.68,2026-06-04 15:37:04+00:00
2026-06-04T15:38:04+00:00,-51.65,-62.88,-64.53,-60.01,-67.54,-51.62,-49.48,-50.68,-53.01,-46.07,-55.60,-66.93,-59.44,-50.97,-59.77,-47.95,-54.39,2026-06-04 15:38:04+00:00
2026-06-04T15:39:03+00:00,-52.47,-63.08,-65.54,-60.07,-66.31,-51.29,-49.39,-50.95,-52.59,-45.93,-55.78,-68.74,-59.58,-50.82,-59.82,-48.20,-54.79,2026-06-04 15:39:03+00:00
2026-06-04T15:40:04+00:00,-51.95,-64.08,-65.42,-59.89,-66.34,-51.37,-49.37,-50.89,-52.57,-46.07,-55.82,-68.71,-59.61,-50.75,-59.20,-48.19,-54.68,2026-06-04 15:40:04+00:00
2026-06-04T15:41:04+00:00,-52.38,-64.18,-65.61,-60.00,-66.06,-51.37,-49.39,-51.25,-52.63,-46.00,-55.74,-69.09,-59.73,-50.37,-59.11,-48.14,-55.18,2026-06-04 15:41:04+00:00
2026-06-04T15:42:03+00:00,-52.56,-61.51,-65.52,-59.63,-66.18,-51.28,-49.71,-51.48,-52.69,-46.12,-55.66,-68.49,-59.75,-50.36,-59.29,-47.89,-55.08,2026-06-04 15:42:03+00:00
2026-06-04T15:43:04+00:00,-52.62,-63.49,-65.53,-59.48,-65.59,-51.41,-49.91,-51.73,-52.73,-46.19,-53.28,-68.97,-59.70,-50.29,-59.56,-47.73,-54.80,2026-06-04 15:43:04+00:00
2026-06-04T15:44:04+00:00,-52.13,-62.06,-65.59,-59.85,-65.59,-51.35,-49.75,-51.73,-52.73,-46.16,-55.74,-68.75,-59.62,-50.11,-58.93,-47.83,-54.85,2026-06-04 15:44:04+00:00
2026-06-04T15:45:03+00:00,-53.13,-62.32,-65.51,-59.64,-66.36,-51.40,-49.72,-51.92,-52.82,-46.07,-55.75,-69.28,-59.65,-50.12,-59.37,-47.69,-53.96,2026-06-04 15:45:03+00:00
2026-06-04T15:46:03+00:00,-52.82,-62.80,-65.47,-59.46,-66.43,-50.63,-49.74,-51.89,-50.70,-46.33,-55.68,-68.91,-59.34,-49.78,-58.81,-47.59,-54.48,2026-06-04 15:46:03+00:00
2026-06-04T15:47:04+00:00,-52.45,-63.44,-65.70,-59.83,-66.88,-50.66,-49.93,-51.89,-50.54,-47.38,-55.58,-69.12,-59.79,-49.80,-60.10,-47.54,-54.93,2026-06-04 15:47:04+00:00
2026-06-04T15:48:04+00:00,-52.53,-63.73,-65.83,-59.91,-66.62,-47.33,-49.58,-51.98,-50.65,-46.14,-55.69,-68.89,-59.67,-49.70,-59.32,-47.33,-54.64,2026-06-04 15:48:04+00:00
2026-06-04T15:49:04+00:00,-52.12,-62.99,-65.53,-59.85,-66.37,-47.50,-50.10,-51.91,-50.34,-46.22,-54.23,-68.45,-59.81,-49.61,-58.78,-47.37,-54.60,2026-06-04 15:49:04+00:00
2026-06-04T15:50:03+00:00,-53.31,-62.54,-65.49,-59.75,-65.95,-47.25,-49.55,-51.93,-50.14,-46.19,-55.58,-68.63,-59.70,-49.57,-58.98,-47.16,-54.75,2026-06-04 15:50:03+00:00
2026-06-04T15:51:03+00:00,-52.75,-63.33,-64.75,-59.60,-67.21,-47.31,-50.12,-51.88,-50.00,-46.26,-55.70,-68.28,-59.85,-49.41,-59.32,-47.11,-54.85,2026-06-04 15:51:03+00:00
2026-06-04T15:52:04+00:00,-53.35,-62.13,-65.04,-59.70,-66.09,-47.05,-49.94,-51.89,-47.79,-46.14,-55.88,-67.45,-59.82,-49.49,-58.97,-47.15,-54.99,2026-06-04 15:52:04+00:00
2026-06-04T15:53:04+00:00,-52.75,-63.48,-65.08,-60.01,-66.41,-47.61,-49.99,-51.89,-47.86,-46.24,-55.71,-67.76,-59.85,-49.18,-58.93,-46.81,-54.91,2026-06-04 15:53:04+00:00
2026-06-04T15:54:03+00:00,-52.90,-63.08,-65.06,-59.85,-66.26,-47.96,-50.16,-51.86,-48.03,-46.34,-55.81,-67.76,-59.64,-49.27,-59.19,-47.03,-54.89,2026-06-04 15:54:03+00:00
2026-06-04T15:55:03+00:00,-52.25,-64.02,-65.07,-59.76,-66.98,-48.07,-49.86,-51.55,-48.04,-46.23,-56.14,-67.71,-59.93,-49.20,-59.56,-47.08,-54.87,2026-06-04 15:55:03+00:00
2026-06-04T15:56:03+00:00,-52.53,-63.36,-65.61,-60.08,-66.72,-47.96,-49.67,-51.48,-48.04,-46.11,-56.15,-69.01,-59.90,-49.08,-59.21,-46.99,-54.90,2026-06-04 15:56:03+00:00
2026-06-04T15:57:04+00:00,-52.98,-61.92,-65.30,-59.80,-66.28,-47.87,-49.72,-51.49,-48.16,-46.13,-56.09,-68.65,-59.91,-49.19,-58.72,-46.98,-54.99,2026-06-04 15:57:04+00:00
2026-06-04T15:58:04+00:00,-53.51,-61.91,-65.05,-59.79,-66.70,-51.54,-49.97,-51.60,-48.10,-46.22,-56.10,-68.70,-59.80,-49.15,-56.56,-47.06,-54.75,2026-06-04 15:58:04+00:00
2026-06-04T15:59:03+00:00,-52.93,-62.55,-65.50,-59.98,-66.38,-51.48,-50.22,-51.56,-48.10,-46.35,-56.10,-68.80,-59.88,-48.98,-56.93,-47.18,-54.72,2026-06-04 15:59:03+00:00
2026-06-04T16:00:03+00:00,-52.66,-62.64,-65.51,-59.94,-66.56,-51.52,-49.61,-51.48,-48.11,-46.03,-56.03,-68.86,-59.91,-48.92,-59.03,-46.89,-54.97,2026-06-04 16:00:03+00:00
2026-06-04T16:01:03+00:00,-52.99,-61.70,-65.52,-60.16,-66.56,-51.65,-49.89,-51.42,-49.13,-46.13,-55.98,-68.79,-59.95,-48.78,-59.32,-46.96,-54.92,2026-06-04 16:01:03+00:00
2026-06-04T16:02:04+00:00,-52.61,-63.22,-65.92,-59.94,-65.52,-51.64,-49.98,-51.36,-49.16,-46.05,-55.43,-69.58,-59.95,-48.64,-59.02,-46.73,-54.75,2026-06-04 16:02:04+00:00
2026-06-04T16:03:04+00:00,-54.04,-61.68,-65.46,-59.80,-66.14,-51.57,-49.66,-51.21,-49.06,-46.08,-55.76,-69.05,-60.18,-48.43,-59.70,-46.62,-54.20,2026-06-04 16:03:04+00:00
2026-06-04T16:04:04+00:00,-53.10,-62.39,-65.61,-60.18,-66.37,-51.59,-49.62,-51.11,-49.49,-45.95,-55.86,-68.88,-60.10,-48.52,-59.92,-46.66,-54.92,2026-06-04 16:04:04+00:00
2026-06-04T16:05:03+00:00,-53.83,-62.40,-65.72,-60.09,-65.95,-51.65,-49.97,-51.19,-49.44,-46.05,-55.98,-69.20,-60.31,-48.08,-59.30,-46.36,-54.82,2026-06-04 16:05:03+00:00
2026-06-04T16:06:04+00:00,-52.29,-60.79,-65.85,-59.97,-66.14,-51.54,-49.91,-50.87,-49.79,-46.12,-55.97,-69.29,-60.13,-48.24,-59.22,-46.38,-54.76,2026-06-04 16:06:04+00:00
2026-06-04T16:07:04+00:00,-52.80,-60.84,-65.37,-60.01,-66.37,-51.49,-49.64,-50.99,-53.75,-45.94,-55.87,-68.91,-60.07,-48.23,-59.25,-46.41,-54.86,2026-06-04 16:07:04+00:00
2026-06-04T16:08:03+00:00,-49.46,-62.04,-65.23,-59.83,-67.08,-51.62,-50.11,-51.23,-52.51,-45.99,-56.06,-69.48,-60.41,-48.02,-58.90,-46.18,-54.82,2026-06-04 16:08:03+00:00
2026-06-04T16:09:03+00:00,-50.12,-61.35,-65.34,-59.77,-66.78,-51.63,-49.80,-51.36,-53.02,-46.02,-55.90,-69.52,-60.23,-47.90,-58.86,-46.46,-54.93,2026-06-04 16:09:03+00:00
2026-06-04T16:10:04+00:00,-50.29,-61.78,-65.11,-59.92,-64.49,-51.50,-49.92,-51.34,-52.71,-45.90,-55.97,-69.34,-60.14,-47.73,-59.64,-46.25,-54.73,2026-06-04 16:10:04+00:00
2026-06-04T16:11:04+00:00,-50.32,-59.55,-64.53,-59.89,-66.36,-51.67,-49.88,-51.57,-52.45,-46.00,-54.09,-67.54,-59.30,-47.62,-59.40,-46.04,-54.75,2026-06-04 16:11:04+00:00
2026-06-04T16:12:03+00:00,-50.42,-61.59,-64.71,-60.07,-65.72,-51.66,-49.70,-51.75,-52.43,-45.92,-56.02,-69.13,-60.31,-47.68,-59.75,-46.22,-54.72,2026-06-04 16:12:03+00:00
2026-06-04T16:13:03+00:00,-50.38,-61.42,-64.07,-60.01,-66.38,-51.69,-49.60,-51.73,-52.69,-46.00,-55.85,-69.01,-60.11,-47.35,-59.52,-46.05,-54.89,2026-06-04 16:13:03+00:00
2026-06-04T16:14:04+00:00,-49.96,-62.09,-65.13,-59.88,-67.22,-51.70,-49.64,-51.73,-52.64,-45.96,-55.68,-69.46,-60.31,-47.40,-58.87,-45.87,-54.86,2026-06-04 16:14:04+00:00
2026-06-04T16:15:04+00:00,-50.62,-60.85,-63.76,-60.11,-66.30,-51.69,-49.39,-51.82,-52.66,-46.06,-56.09,-67.76,-59.96,-47.23,-59.21,-46.04,-55.05,2026-06-04 16:15:04+00:00
2026-06-04T16:16:03+00:00,-50.24,-62.19,-65.32,-59.82,-66.13,-51.71,-49.47,-51.81,-52.65,-46.00,-56.17,-69.87,-60.41,-47.07,-59.67,-45.86,-54.72,2026-06-04 16:16:03+00:00
2026-06-04T16:17:03+00:00,-50.10,-61.59,-65.21,-59.85,-65.96,-51.53,-49.34,-51.86,-52.78,-46.05,-56.05,-69.49,-60.49,-47.19,-58.44,-45.99,-54.80,2026-06-04 16:17:03+00:00
2026-06-04T16:18:04+00:00,-50.02,-60.50,-64.64,-59.75,-65.49,-51.53,-49.70,-51.90,-52.67,-46.10,-55.94,-66.07,-60.27,-47.28,-59.31,-45.61,-54.78,2026-06-04 16:18:04+00:00
2026-06-04T16:19:04+00:00,-49.67,-60.98,-64.92,-59.67,-66.11,-51.69,-49.65,-52.38,-52.67,-46.32,-56.17,-68.57,-60.41,-47.20,-59.40,-45.87,-54.92,2026-06-04 16:19:04+00:00
2026-06-04T16:20:03+00:00,-49.92,-60.97,-65.07,-59.82,-65.94,-51.39,-49.91,-52.29,-53.41,-46.32,-56.01,-68.69,-60.33,-47.09,-58.99,-45.79,-54.73,2026-06-04 16:20:03+00:00
2026-06-04T16:21:03+00:00,-50.30,-61.40,-64.95,-59.79,-65.68,-51.80,-49.57,-52.17,-53.19,-46.15,-56.16,-69.24,-60.41,-47.12,-59.18,-45.97,-54.70,2026-06-04 16:21:03+00:00
2026-06-04T16:22:04+00:00,-49.69,-62.01,-65.15,-59.76,-65.82,-51.66,-49.86,-52.02,-53.28,-46.39,-56.28,-69.33,-60.43,-47.09,-56.87,-45.64,-54.46,2026-06-04 16:22:04+00:00
2026-06-04T16:23:04+00:00,-53.46,-61.03,-65.43,-59.50,-66.86,-51.72,-49.68,-51.93,-53.09,-46.16,-56.37,-69.22,-60.84,-47.11,-59.47,-45.78,-54.59,2026-06-04 16:23:04+00:00
2026-06-04T16:24:03+00:00,-52.44,-59.39,-63.50,-59.67,-66.23,-51.62,-49.91,-51.91,-52.87,-50.28,-55.98,-68.56,-60.44,-47.01,-59.92,-45.84,-54.04,2026-06-04 16:24:03+00:00
2026-06-04T16:25:03+00:00,-53.08,-60.58,-65.08,-59.82,-66.83,-51.62,-49.81,-51.93,-52.92,-46.26,-56.37,-68.58,-60.95,-46.83,-59.20,-45.88,-54.59,2026-06-04 16:25:03+00:00
2026-06-04T16:26:05+00:00,-53.05,-61.04,-65.40,-59.76,-66.19,-51.81,-50.09,-51.95,-52.84,-46.28,-56.38,-69.66,-60.86,-46.88,-59.24,-45.93,-54.85,2026-06-04 16:26:05+00:00
2026-06-04T16:27:03+00:00,-53.03,-61.87,-64.95,-59.69,-66.74,-51.80,-49.51,-51.95,-52.92,-46.51,-56.31,-68.04,-60.75,-46.90,-59.83,-46.17,-54.89,2026-06-04 16:27:03+00:00
2026-06-04T16:28:03+00:00,-53.15,-60.19,-65.50,-59.71,-66.70,-51.82,-50.05,-51.96,-52.81,-46.64,-56.42,-69.42,-60.95,-46.69,-59.80,-45.97,-54.71,2026-06-04 16:28:03+00:00
2026-06-04T16:29:04+00:00,-52.35,-62.01,-63.68,-59.61,-65.42,-51.66,-49.53,-51.95,-52.73,-46.59,-56.49,-66.54,-60.44,-46.73,-59.93,-46.05,-54.53,2026-06-04 16:29:04+00:00
2026-06-04T16:30:04+00:00,-53.38,-62.21,-64.47,-59.68,-65.66,-51.77,-49.70,-51.98,-52.72,-48.13,-56.42,-67.90,-60.84,-46.51,-59.51,-46.05,-54.65,2026-06-04 16:30:04+00:00
2026-06-04T16:31:04+00:00,-53.08,-62.19,-65.36,-59.85,-66.93,-51.76,-49.88,-52.07,-50.82,-49.66,-56.43,-68.56,-61.06,-46.53,-59.60,-46.14,-54.84,2026-06-04 16:31:04+00:00
2026-06-04T16:32:03+00:00,-53.38,-61.72,-64.79,-60.01,-66.42,-51.63,-49.93,-52.03,-50.60,-46.47,-56.40,-67.97,-60.71,-46.51,-59.47,-46.11,-54.59,2026-06-04 16:32:03+00:00
2026-06-04T16:33:04+00:00,-53.36,-60.91,-60.46,-59.54,-66.44,-51.69,-49.67,-51.68,-50.66,-46.61,-56.47,-60.44,-61.01,-46.54,-59.44,-45.88,-54.75,2026-06-04 16:33:04+00:00
2026-06-04T16:34:04+00:00,-51.92,-61.03,-64.60,-59.61,-66.31,-51.46,-49.95,-51.78,-50.08,-52.37,-56.42,-68.53,-60.54,-46.55,-59.14,-46.08,-54.64,2026-06-04 16:34:04+00:00
2026-06-04T16:35:04+00:00,-53.22,-63.18,-65.36,-60.03,-65.40,-51.76,-49.48,-51.84,-49.98,-61.02,-56.49,-68.91,-60.90,-46.60,-59.68,-45.78,-55.03,2026-06-04 16:35:04+00:00
2026-06-04T16:36:04+00:00,-52.07,-61.16,-63.35,-59.93,-66.72,-51.51,-50.01,-51.74,-48.84,-46.44,-56.25,-65.95,-60.84,-46.76,-59.76,-45.71,-54.45,2026-06-04 16:36:04+00:00
2026-06-04T16:37:04+00:00,-52.49,-63.06,-65.31,-59.45,-66.00,-51.64,-50.27,-51.81,-47.91,-46.50,-54.92,-69.16,-60.96,-46.58,-59.94,-45.76,-53.84,2026-06-04 16:37:04+00:00
2026-06-04T16:38:04+00:00,-53.82,-59.60,-62.87,-59.60,-66.29,-51.76,-49.87,-51.83,-48.09,-46.42,-56.12,-65.90,-60.17,-46.52,-59.57,-45.90,-54.76,2026-06-04 16:38:04+00:00
2026-06-04T16:39:03+00:00,-53.75,-62.73,-65.18,-59.67,-66.21,-51.69,-49.91,-51.89,-48.11,-46.33,-56.28,-68.46,-60.89,-46.52,-59.27,-45.88,-54.30,2026-06-04 16:39:03+00:00
2026-06-04T16:40:04+00:00,-53.33,-61.96,-65.13,-59.54,-66.47,-51.81,-49.97,-51.97,-48.10,-46.42,-56.42,-68.65,-61.19,-46.52,-59.71,-45.87,-54.29,2026-06-04 16:40:04+00:00
2026-06-04T16:41:04+00:00,-53.17,-62.37,-64.99,-59.40,-65.01,-51.70,-49.92,-51.93,-48.07,-46.48,-56.36,-68.84,-61.13,-46.44,-59.48,-45.82,-54.26,2026-06-04 16:41:04+00:00
2026-06-04T16:42:04+00:00,-53.31,-62.71,-65.07,-59.24,-65.66,-51.73,-49.99,-51.57,-48.03,-47.51,-56.46,-69.06,-61.40,-46.43,-59.80,-45.92,-54.24,2026-06-04 16:42:04+00:00
2026-06-04T16:43:03+00:00,-53.53,-62.82,-65.30,-59.48,-66.33,-51.75,-49.86,-51.61,-48.04,-58.11,-56.46,-69.39,-61.46,-46.62,-59.30,-46.32,-55.06,2026-06-04 16:43:03+00:00
2026-06-04T16:44:03+00:00,-53.83,-62.54,-64.62,-59.54,-66.78,-51.79,-50.02,-51.65,-48.06,-60.93,-54.93,-67.30,-61.24,-46.38,-59.18,-46.37,-55.13,2026-06-04 16:44:03+00:00
2026-06-04T16:45:04+00:00,-53.84,-63.59,-65.37,-59.18,-66.55,-51.74,-49.68,-51.71,-48.07,-51.22,-56.53,-69.10,-61.48,-46.49,-59.18,-46.24,-54.46,2026-06-04 16:45:04+00:00
2026-06-04T16:46:04+00:00,-51.76,-63.29,-65.32,-59.47,-66.19,-51.66,-49.48,-51.84,-49.12,-60.95,-56.63,-69.15,-61.64,-46.38,-59.13,-46.15,-54.91,2026-06-04 16:46:04+00:00
2026-06-04T16:47:03+00:00,-54.95,-61.31,-64.94,-59.43,-65.90,-49.44,-49.95,-51.97,-49.21,-47.95,-56.40,-67.50,-61.34,-46.52,-59.18,-46.45,-54.34,2026-06-04 16:47:03+00:00
2026-06-04T16:48:03+00:00,-52.48,-63.29,-65.17,-59.58,-66.36,-50.72,-50.24,-52.00,-49.06,-60.85,-56.59,-68.47,-61.46,-46.43,-59.85,-46.43,-54.22,2026-06-04 16:48:03+00:00
2026-06-04T16:49:04+00:00,-51.01,-63.05,-64.86,-59.43,-67.12,-49.30,-49.67,-52.08,-49.54,-60.81,-56.69,-68.41,-61.69,-46.35,-59.85,-46.27,-54.89,2026-06-04 16:49:04+00:00
2026-06-04T16:50:04+00:00,-49.82,-63.75,-65.19,-59.23,-65.92,-46.48,-50.15,-52.02,-49.42,-60.82,-56.64,-68.71,-61.84,-46.29,-59.31,-46.79,-59.62,2026-06-04 16:50:04+00:00
2026-06-04T16:51:04+00:00,-49.23,-63.17,-65.37,-59.18,-66.10,-46.43,-49.89,-51.93,-52.20,-61.07,-56.85,-68.62,-61.70,-46.24,-59.22,-46.74,-59.68,2026-06-04 16:51:04+00:00
2026-06-04T16:52:04+00:00,-50.06,-64.83,-65.24,-59.19,-65.99,-46.69,-49.95,-51.95,-53.18,-60.91,-56.58,-68.64,-61.88,-46.39,-59.44,-46.99,-59.33,2026-06-04 16:52:04+00:00
2026-06-04T16:53:03+00:00,-48.34,-63.88,-64.46,-58.88,-66.09,-46.42,-49.79,-51.94,-52.85,-59.63,-43.31,-67.21,-61.74,-46.29,-59.94,-47.03,-54.18,2026-06-04 16:53:03+00:00
2026-06-04T16:54:03+00:00,-48.17,-62.07,-63.62,-58.90,-65.83,-46.63,-49.58,-51.58,-52.82,-59.60,-46.30,-65.71,-61.33,-46.24,-59.61,-47.10,-55.44,2026-06-04 16:54:03+00:00
2026-06-04T16:55:04+00:00,-48.60,-64.30,-64.91,-58.90,-65.90,-46.48,-49.85,-51.60,-52.81,-60.74,-56.65,-68.47,-61.68,-46.42,-58.04,-46.99,-60.26,2026-06-04 16:55:04+00:00
2026-06-04T16:56:04+00:00,-48.32,-64.41,-65.29,-58.91,-66.10,-46.53,-50.07,-51.53,-52.83,-60.41,-56.84,-68.90,-62.02,-46.23,-59.60,-47.06,-59.87,2026-06-04 16:56:04+00:00
2026-06-04T16:57:04+00:00,-48.32,-62.63,-64.74,-58.90,-65.62,-46.59,-49.72,-51.32,-52.60,-59.64,-42.56,-68.27,-61.59,-46.22,-59.57,-47.19,-55.44,2026-06-04 16:57:04+00:00
2026-06-04T16:58:03+00:00,-49.37,-63.46,-64.84,-59.02,-65.79,-46.69,-49.92,-51.35,-52.66,-60.39,-56.77,-67.80,-61.84,-46.50,-59.09,-47.33,-60.03,2026-06-04 16:58:03+00:00
2026-06-04T16:59:03+00:00,-49.16,-64.03,-65.29,-59.23,-66.78,-46.58,-49.88,-51.28,-52.69,-60.66,-56.95,-68.68,-61.94,-46.18,-59.76,-47.44,-59.90,2026-06-04 16:59:03+00:00
2026-06-04T17:00:04+00:00,-49.15,-60.69,-64.96,-59.08,-66.14,-46.54,-49.87,-51.30,-52.67,-60.63,-57.05,-68.41,-61.87,-46.24,-59.24,-47.65,-59.18,2026-06-04 17:00:04+00:00
2026-06-04T17:01:04+00:00,-49.54,-64.68,-65.19,-59.30,-65.72,-46.68,-50.12,-51.16,-52.36,-60.75,-57.04,-68.87,-61.96,-46.25,-59.05,-47.52,-60.10,2026-06-04 17:01:04+00:00
2026-06-04T17:02:03+00:00,-49.54,-64.22,-65.12,-59.21,-66.50,-46.73,-50.02,-51.07,-52.37,-61.02,-57.06,-68.99,-62.04,-46.20,-59.29,-47.64,-60.57,2026-06-04 17:02:03+00:00
2026-06-04T17:03:04+00:00,-49.54,-64.39,-65.23,-59.29,-67.20,-46.63,-50.31,-51.18,-52.50,-61.02,-56.99,-68.68,-61.82,-46.26,-59.30,-47.74,-60.05,2026-06-04 17:03:04+00:00
2026-06-04T17:04:04+00:00,-49.44,-62.96,-65.17,-59.24,-67.33,-47.00,-50.09,-51.16,-52.46,-60.93,-57.00,-68.61,-62.14,-46.26,-59.85,-47.94,-60.51,2026-06-04 17:04:04+00:00
2026-06-04T17:05:03+00:00,-49.45,-61.83,-62.69,-59.38,-66.03,-46.77,-49.79,-51.06,-52.62,-60.76,-57.09,-64.29,-61.99,-46.28,-59.70,-48.11,-58.49,2026-06-04 17:05:03+00:00
2026-06-04T17:06:04+00:00,-49.37,-63.95,-63.84,-59.14,-66.08,-46.90,-49.85,-50.96,-52.53,-60.72,-57.19,-68.01,-62.13,-46.14,-59.19,-48.33,-58.85,2026-06-04 17:06:04+00:00
2026-06-04T17:07:04+00:00,-49.35,-64.15,-64.77,-59.25,-66.13,-46.90,-50.23,-50.79,-52.86,-60.87,-57.10,-67.81,-62.03,-46.00,-58.93,-48.12,-59.62,2026-06-04 17:07:04+00:00
2026-06-04T17:08:03+00:00,-52.05,-64.29,-65.26,-59.26,-66.26,-46.76,-50.04,-50.70,-52.49,-60.93,-57.03,-68.79,-62.50,-46.05,-58.72,-48.28,-59.67,2026-06-04 17:08:03+00:00
2026-06-04T17:09:03+00:00,-52.19,-63.85,-65.32,-59.41,-65.91,-47.20,-50.00,-51.05,-52.43,-60.91,-57.30,-68.01,-62.05,-46.17,-59.63,-48.34,-57.62,2026-06-04 17:09:03+00:00
2026-06-04T17:10:04+00:00,-52.87,-62.63,-65.38,-59.62,-66.63,-46.99,-49.99,-50.94,-52.54,-60.76,-57.18,-68.60,-62.42,-45.85,-59.06,-48.50,-59.33,2026-06-04 17:10:04+00:00
2026-06-04T17:11:04+00:00,-52.02,-63.27,-64.56,-58.93,-64.59,-46.90,-49.88,-50.81,-52.45,-60.92,-56.97,-66.69,-62.42,-45.79,-59.38,-48.44,-57.50,2026-06-04 17:11:04+00:00
2026-06-04T17:12:03+00:00,-51.82,-63.98,-65.43,-59.18,-66.55,-46.78,-49.83,-50.85,-52.23,-61.13,-57.27,-68.73,-62.41,-46.03,-59.09,-48.42,-59.75,2026-06-04 17:12:03+00:00
2026-06-04T17:13:03+00:00,-52.47,-65.02,-65.37,-59.58,-65.76,-47.00,-49.58,-50.55,-52.30,-61.08,-56.98,-67.92,-62.19,-46.08,-59.02,-48.22,-59.03,2026-06-04 17:13:03+00:00
2026-06-04T17:14:03+00:00,-51.78,-63.47,-64.19,-59.42,-65.08,-46.92,-49.98,-50.63,-52.35,-60.92,-57.17,-66.20,-62.30,-45.89,-59.28,-48.38,-60.02,2026-06-04 17:14:03+00:00
2026-06-04T17:15:04+00:00,-51.17,-63.81,-64.67,-59.09,-65.99,-46.92,-50.10,-50.54,-52.75,-60.81,-57.22,-68.31,-62.37,-45.86,-58.62,-48.45,-59.29,2026-06-04 17:15:04+00:00
2026-06-04T17:16:04+00:00,-50.91,-63.57,-63.50,-59.51,-65.14,-47.17,-50.11,-50.60,-50.72,-60.35,-57.26,-66.02,-61.19,-45.96,-59.43,-48.42,-59.07,2026-06-04 17:16:04+00:00
2026-06-04T17:17:05+00:00,-51.93,-63.49,-64.90,-59.14,-65.71,-46.97,-50.01,-50.93,-50.66,-60.83,-57.12,-67.72,-62.08,-45.91,-59.40,-48.37,-59.46,2026-06-04 17:17:05+00:00
2026-06-04T17:18:04+00:00,-51.59,-64.05,-64.93,-59.15,-65.80,-46.94,-49.90,-50.86,-50.55,-60.46,-57.13,-68.22,-61.99,-45.85,-59.08,-48.49,-59.00,2026-06-04 17:18:04+00:00
2026-06-04T17:19:04+00:00,-51.67,-62.89,-64.13,-59.31,-66.50,-47.04,-49.59,-50.66,-50.25,-60.80,-57.11,-66.94,-62.72,-46.04,-59.95,-48.09,-56.74,2026-06-04 17:19:04+00:00
2026-06-04T17:20:04+00:00,-50.97,-63.96,-64.91,-59.34,-67.51,-46.87,-49.74,-50.55,-50.22,-60.83,-57.18,-67.45,-62.63,-46.00,-59.73,-48.07,-57.00,2026-06-04 17:20:04+00:00
2026-06-04T17:21:03+00:00,-51.14,-64.21,-62.17,-59.30,-67.84,-46.95,-49.71,-50.60,-48.02,-60.18,-57.08,-65.26,-62.11,-46.13,-58.65,-48.23,-58.38,2026-06-04 17:21:03+00:00
2026-06-04T17:22:03+00:00,-50.54,-63.85,-65.05,-59.34,-66.68,-47.09,-50.24,-50.74,-48.05,-60.61,-57.37,-67.90,-62.74,-46.12,-59.08,-48.06,-59.05,2026-06-04 17:22:03+00:00
2026-06-04T17:23:04+00:00,-51.98,-65.01,-65.62,-59.21,-66.85,-46.87,-49.88,-50.60,-48.23,-60.52,-57.38,-68.24,-62.85,-46.04,-59.17,-48.01,-59.25,2026-06-04 17:23:04+00:00
2026-06-04T17:24:04+00:00,-51.48,-63.39,-64.87,-59.08,-66.09,-47.02,-49.81,-50.60,-48.10,-60.44,-56.50,-67.53,-62.65,-46.07,-59.43,-48.34,-58.96,2026-06-04 17:24:04+00:00
2026-06-04T17:25:04+00:00,-52.12,-64.40,-65.31,-58.98,-66.41,-47.20,-50.04,-50.60,-48.20,-60.42,-57.38,-68.16,-62.93,-46.09,-59.58,-48.45,-56.91,2026-06-04 17:25:04+00:00
2026-06-04T17:26:03+00:00,-52.15,-63.44,-64.96,-59.05,-64.55,-47.20,-49.93,-50.65,-48.28,-60.29,-57.20,-67.88,-62.74,-46.08,-59.37,-48.40,-56.53,2026-06-04 17:26:03+00:00
2026-06-04T17:27:03+00:00,-51.78,-63.76,-64.78,-58.98,-66.34,-47.32,-49.70,-50.93,-48.19,-60.25,-57.33,-66.77,-62.22,-46.03,-59.59,-48.42,-58.49,2026-06-04 17:27:03+00:00
2026-06-04T17:28:04+00:00,-51.37,-63.03,-64.79,-58.71,-66.33,-47.18,-50.06,-50.88,-48.17,-60.34,-57.23,-67.16,-62.83,-45.95,-58.46,-48.46,-58.89,2026-06-04 17:28:04+00:00
2026-06-04T17:29:04+00:00,-52.27,-64.78,-65.17,-58.67,-66.77,-47.20,-50.10,-51.03,-48.18,-60.46,-57.39,-68.17,-63.01,-45.97,-59.14,-48.75,-58.93,2026-06-04 17:29:04+00:00
2026-06-04T17:30:04+00:00,-51.67,-64.76,-65.34,-58.61,-65.96,-47.59,-49.97,-51.13,-48.17,-60.83,-57.10,-68.07,-62.76,-45.86,-59.37,-48.91,-58.89,2026-06-04 17:30:04+00:00
2026-06-04T17:31:04+00:00,-50.95,-63.91,-65.16,-58.64,-66.91,-47.27,-50.36,-51.15,-49.26,-60.48,-57.09,-68.16,-62.97,-45.78,-59.23,-48.88,-58.22,2026-06-04 17:31:04+00:00
2026-06-04T17:32:04+00:00,-51.15,-64.94,-65.41,-59.23,-65.85,-47.09,-50.30,-51.25,-49.07,-61.33,-57.35,-68.72,-63.02,-45.65,-59.26,-49.01,-58.48,2026-06-04 17:32:04+00:00
2026-06-04T17:33:03+00:00,-51.67,-64.98,-65.16,-59.51,-66.39,-47.36,-50.08,-51.10,-49.07,-61.03,-57.24,-67.68,-62.88,-45.47,-59.35,-48.79,-58.67,2026-06-04 17:33:03+00:00
2026-06-04T17:34:03+00:00,-51.43,-64.53,-65.32,-59.40,-66.08,-47.37,-50.14,-51.11,-49.55,-61.03,-57.11,-68.22,-63.16,-45.46,-59.37,-49.16,-58.52,2026-06-04 17:34:03+00:00
2026-06-04T17:35:04+00:00,-51.55,-64.14,-65.39,-59.45,-66.68,-47.31,-50.08,-51.15,-49.39,-61.32,-56.92,-68.28,-63.48,-45.55,-59.20,-49.10,-58.59,2026-06-04 17:35:04+00:00
2026-06-04T17:36:03+00:00,-52.03,-64.22,-65.09,-59.55,-66.51,-47.21,-50.16,-51.20,-53.10,-61.24,-56.77,-67.97,-63.07,-45.48,-59.37,-48.72,-58.59,2026-06-04 17:36:03+00:00
2026-06-04T17:37:04+00:00,-51.44,-64.94,-64.54,-59.39,-67.04,-47.28,-50.31,-51.18,-52.95,-60.49,-56.33,-67.15,-63.05,-45.32,-59.39,-48.86,-58.24,2026-06-04 17:37:04+00:00
2026-06-04T17:38:04+00:00,-49.26,-64.78,-64.59,-59.25,-66.65,-47.19,-50.00,-51.10,-52.82,-61.13,-56.58,-66.80,-63.10,-45.53,-59.34,-48.70,-57.96,2026-06-04 17:38:04+00:00
2026-06-04T17:39:04+00:00,-48.76,-63.67,-63.73,-59.30,-67.08,-47.33,-50.19,-51.13,-52.77,-60.75,-56.32,-65.84,-62.26,-45.34,-59.15,-48.90,-58.16,2026-06-04 17:39:04+00:00
2026-06-04T17:40:03+00:00,-49.42,-64.86,-64.94,-59.21,-66.63,-47.18,-50.91,-51.07,-52.83,-52.02,-56.41,-67.44,-63.48,-45.26,-59.59,-49.02,-58.06,2026-06-04 17:40:03+00:00
2026-06-04T17:41:03+00:00,-49.18,-64.91,-64.93,-59.20,-66.67,-47.44,-50.33,-51.09,-52.81,-50.70,-56.87,-67.34,-63.72,-45.32,-59.46,-49.43,-58.17,2026-06-04 17:41:03+00:00
2026-06-04T17:42:04+00:00,-48.65,-64.60,-65.14,-59.23,-66.32,-47.50,-50.97,-51.11,-52.65,-50.75,-57.47,-67.76,-64.14,-45.52,-59.47,-49.09,-59.28,2026-06-04 17:42:04+00:00
2026-06-04T17:43:04+00:00,-47.67,-63.59,-65.30,-59.42,-66.08,-47.47,-50.17,-51.12,-52.69,-50.41,-57.29,-68.33,-63.71,-45.46,-59.28,-49.15,-58.98,2026-06-04 17:43:04+00:00
2026-06-04T17:44:03+00:00,-49.25,-65.61,-65.57,-59.20,-66.04,-47.39,-50.94,-51.09,-52.66,-49.73,-57.03,-68.97,-63.75,-45.31,-59.33,-49.00,-58.94,2026-06-04 17:44:03+00:00
2026-06-04T17:45:03+00:00,-49.43,-64.83,-65.12,-58.93,-66.22,-47.45,-50.47,-51.06,-52.63,-49.84,-57.60,-68.36,-64.04,-45.45,-59.19,-49.32,-58.93,2026-06-04 17:45:03+00:00
2026-06-04T17:46:04+00:00,-49.00,-64.65,-65.60,-59.27,-66.17,-47.40,-51.14,-51.14,-52.50,-49.59,-57.72,-68.81,-64.27,-45.28,-59.66,-49.43,-57.11,2026-06-04 17:46:04+00:00
2026-06-04T17:47:04+00:00,-49.94,-64.00,-65.22,-59.06,-66.10,-47.65,-50.31,-51.15,-52.47,-49.81,-57.71,-68.61,-64.57,-45.38,-59.45,-49.37,-57.33,2026-06-04 17:47:04+00:00
2026-06-04T17:48:03+00:00,-50.09,-62.60,-65.29,-59.21,-66.45,-47.45,-50.32,-51.19,-52.60,-49.85,-57.62,-68.08,-64.40,-45.41,-59.43,-49.61,-58.90,2026-06-04 17:48:03+00:00
2026-06-04T17:49:03+00:00,-50.05,-64.69,-65.26,-58.90,-65.55,-47.67,-50.82,-51.21,-52.77,-49.83,-54.64,-68.59,-64.60,-45.40,-59.45,-49.73,-57.73,2026-06-04 17:49:03+00:00
2026-06-04T17:50:04+00:00,-49.59,-62.75,-65.16,-59.00,-66.65,-47.89,-51.01,-51.36,-52.65,-49.95,-57.59,-68.72,-64.13,-45.33,-59.41,-49.99,-58.55,2026-06-04 17:50:04+00:00
2026-06-04T17:51:04+00:00,-45.13,-64.29,-65.31,-59.10,-66.51,-47.70,-50.41,-51.44,-52.78,-50.22,-57.86,-68.76,-64.51,-45.29,-59.26,-50.06,-57.10,2026-06-04 17:51:04+00:00
2026-06-04T17:52:04+00:00,-49.96,-62.99,-65.06,-59.51,-66.95,-47.43,-50.90,-51.43,-52.72,-50.00,-57.36,-67.35,-64.45,-45.62,-59.84,-49.95,-58.19,2026-06-04 17:52:04+00:00
2026-06-04T17:53:03+00:00,-52.99,-64.00,-64.87,-59.19,-65.89,-47.61,-51.37,-51.38,-52.24,-50.28,-57.72,-67.49,-64.13,-45.59,-59.77,-50.03,-58.70,2026-06-04 17:53:03+00:00
2026-06-04T17:54:03+00:00,-53.39,-63.57,-65.00,-59.03,-66.68,-47.53,-51.25,-51.34,-52.69,-50.35,-57.61,-68.62,-64.43,-45.51,-59.87,-50.06,-57.30,2026-06-04 17:54:03+00:00
2026-06-04T17:55:04+00:00,-53.12,-64.08,-64.76,-59.20,-66.38,-47.49,-51.12,-51.36,-52.73,-50.17,-57.88,-67.96,-64.15,-45.28,-59.51,-50.27,-58.40,2026-06-04 17:55:04+00:00
2026-06-04T17:56:04+00:00,-53.10,-65.13,-64.54,-59.49,-65.71,-47.55,-51.56,-51.41,-52.71,-50.33,-57.96,-67.82,-64.44,-45.31,-59.39,-50.27,-58.89,2026-06-04 17:56:04+00:00
2026-06-04T17:57:03+00:00,-53.25,-63.53,-64.42,-59.47,-65.36,-47.67,-51.72,-51.39,-52.78,-50.27,-57.90,-67.51,-64.25,-45.43,-58.91,-50.03,-59.06,2026-06-04 17:57:03+00:00
2026-06-04T17:58:03+00:00,-50.56,-64.89,-65.10,-59.34,-65.66,-47.57,-51.42,-51.24,-52.79,-50.07,-57.97,-68.70,-64.68,-45.57,-59.41,-50.22,-56.64,2026-06-04 17:58:03+00:00
2026-06-04T17:59:04+00:00,-48.65,-62.78,-64.07,-59.14,-66.00,-47.52,-51.04,-51.28,-52.85,-49.58,-57.83,-67.81,-63.68,-45.56,-59.34,-50.30,-58.23,2026-06-04 17:59:04+00:00
2026-06-04T18:00:04+00:00,-52.52,-63.84,-64.72,-58.92,-66.33,-47.63,-51.39,-51.28,-52.75,-49.64,-57.81,-68.20,-64.69,-45.68,-59.75,-50.15,-56.87,2026-06-04 18:00:04+00:00
2026-06-04T18:01:04+00:00,-53.27,-64.24,-64.40,-58.94,-65.93,-46.98,-50.96,-51.34,-50.88,-49.62,-58.06,-67.54,-64.81,-45.64,-59.18,-50.20,-57.44,2026-06-04 18:01:04+00:00
2026-06-04T18:02:04+00:00,-53.83,-64.95,-64.73,-59.05,-66.13,-47.17,-50.75,-51.43,-50.81,-49.67,-57.83,-68.15,-65.13,-45.60,-59.28,-50.24,-59.10,2026-06-04 18:02:04+00:00
2026-06-04T18:03:04+00:00,-51.70,-65.52,-65.01,-59.17,-66.05,-47.45,-51.55,-51.53,-50.80,-49.66,-58.05,-69.15,-65.43,-45.82,-59.17,-50.29,-57.66,2026-06-04 18:03:04+00:00
2026-06-04T18:04:03+00:00,-51.49,-64.32,-64.89,-59.21,-65.85,-47.35,-51.24,-51.59,-50.21,-49.48,-58.08,-68.48,-65.15,-45.69,-58.82,-50.68,-58.19,2026-06-04 18:04:03+00:00
2026-06-04T18:05:03+00:00,-52.10,-64.64,-64.75,-59.36,-65.71,-47.33,-51.28,-51.59,-50.18,-49.46,-57.99,-68.21,-64.48,-45.69,-58.71,-50.48,-58.83,2026-06-04 18:05:03+00:00
2026-06-04T18:06:04+00:00,-52.50,-63.42,-64.48,-59.40,-67.04,-46.78,-50.63,-51.59,-47.93,-49.53,-57.92,-65.32,-64.89,-45.84,-59.14,-50.62,-52.22,2026-06-04 18:06:04+00:00
2026-06-04T18:07:04+00:00,-52.59,-63.58,-64.29,-59.31,-65.74,-46.99,-50.88,-51.44,-47.97,-49.67,-57.55,-65.38,-65.05,-45.84,-59.46,-50.55,-52.28,2026-06-04 18:07:04+00:00
2026-06-04T18:08:04+00:00,-52.81,-64.36,-64.96,-59.21,-66.84,-47.00,-51.46,-51.62,-48.17,-49.91,-57.94,-68.40,-65.30,-45.54,-59.25,-50.82,-53.94,2026-06-04 18:08:04+00:00
2026-06-04T18:09:03+00:00,-52.81,-63.72,-64.98,-59.33,-65.93,-46.84,-51.47,-51.65,-48.10,-50.01,-57.87,-68.53,-65.12,-45.59,-59.32,-50.69,-52.37,2026-06-04 18:09:03+00:00
2026-06-04T18:10:03+00:00,-52.17,-64.10,-64.86,-59.14,-66.09,-47.48,-51.31,-51.83,-48.10,-50.28,-58.05,-67.93,-65.49,-45.59,-59.40,-50.94,-51.90,2026-06-04 18:10:03+00:00
2026-06-04T18:11:04+00:00,-53.04,-64.43,-64.56,-59.14,-66.20,-47.05,-52.31,-51.97,-48.04,-50.23,-57.16,-69.13,-65.48,-45.40,-59.58,-51.16,-53.87,2026-06-04 18:11:04+00:00
2026-06-04T18:12:04+00:00,-52.65,-63.83,-62.46,-58.91,-66.34,-47.00,-50.96,-52.00,-48.10,-50.29,-56.84,-64.91,-65.48,-45.24,-59.63,-51.04,-51.80,2026-06-04 18:12:04+00:00
2026-06-04T18:13:03+00:00,-53.89,-63.75,-65.00,-58.94,-65.63,-46.91,-51.60,-52.00,-47.98,-50.18,-57.76,-68.35,-66.04,-45.28,-59.10,-51.74,-52.39,2026-06-04 18:13:03+00:00
2026-06-04T18:14:03+00:00,-53.96,-62.90,-64.86,-59.41,-66.75,-46.64,-51.44,-52.27,-48.04,-50.24,-57.58,-68.37,-66.17,-45.43,-58.85,-51.30,-52.27,2026-06-04 18:14:03+00:00
2026-06-04T18:15:04+00:00,-54.10,-62.17,-64.75,-59.29,-67.00,-46.62,-52.11,-52.38,-48.05,-49.99,-57.58,-68.03,-65.86,-45.40,-58.99,-51.25,-53.88,2026-06-04 18:15:04+00:00
2026-06-04T18:16:04+00:00,-52.32,-63.99,-64.85,-59.45,-65.99,-46.87,-51.22,-52.54,-49.01,-49.98,-56.48,-69.13,-65.78,-45.56,-58.96,-51.19,-52.40,2026-06-04 18:16:04+00:00
2026-06-04T18:17:03+00:00,-52.13,-63.30,-59.01,-59.17,-66.11,-46.78,-51.82,-53.24,-48.98,-50.02,-58.08,-69.45,-63.04,-45.50,-59.62,-51.17,-52.28,2026-06-04 18:17:03+00:00
2026-06-04T18:18:03+00:00,-51.65,-63.16,-63.52,-58.98,-67.23,-46.59,-51.47,-53.56,-48.88,-49.80,-58.03,-68.48,-66.30,-45.30,-59.48,-51.25,-52.32,2026-06-04 18:18:03+00:00
2026-06-04T18:19:04+00:00,-51.17,-64.15,-64.86,-59.26,-66.84,-46.49,-51.55,-54.04,-49.25,-49.78,-58.13,-69.16,-66.28,-45.28,-59.48,-51.35,-52.42,2026-06-04 18:19:04+00:00
2026-06-04T18:20:04+00:00,-52.17,-63.84,-64.65,-59.01,-66.48,-46.45,-51.81,-54.30,-49.31,-49.86,-58.17,-69.39,-66.60,-45.34,-59.48,-51.50,-59.20,2026-06-04 18:20:04+00:00
2026-06-04T18:21:04+00:00,-51.14,-63.62,-64.86,-58.85,-65.59,-46.36,-51.12,-54.61,-52.77,-49.87,-58.23,-69.34,-66.41,-45.28,-58.99,-51.40,-55.17,2026-06-04 18:21:04+00:00
2026-06-04T18:22:03+00:00,-51.55,-63.45,-64.89,-58.87,-66.62,-45.93,-51.77,-54.79,-52.73,-49.79,-58.17,-69.22,-58.97,-45.46,-59.45,-51.39,-58.57,2026-06-04 18:22:03+00:00
2026-06-04T18:23:03+00:00,-49.01,-64.33,-64.89,-59.01,-65.88,-45.84,-51.46,-55.04,-52.44,-52.82,-58.32,-69.13,-60.75,-45.20,-58.98,-51.64,-58.44,2026-06-04 18:23:03+00:00
2026-06-04T18:24:04+00:00,-49.04,-64.15,-64.85,-58.93,-66.40,-45.86,-51.32,-55.16,-52.55,-49.78,-58.27,-69.19,-63.30,-45.13,-59.92,-51.24,-58.77,2026-06-04 18:24:04+00:00
2026-06-04T18:25:04+00:00,-49.29,-64.16,-64.56,-58.46,-65.68,-46.11,-52.34,-55.48,-52.49,-49.95,-58.36,-69.00,-63.05,-45.12,-59.46,-51.30,-59.31,2026-06-04 18:25:04+00:00
2026-06-04T18:26:03+00:00,-49.33,-64.05,-62.39,-58.60,-65.64,-45.99,-51.90,-55.78,-52.58,-49.94,-58.50,-68.19,-63.07,-45.08,-59.03,-51.03,-59.24,2026-06-04 18:26:03+00:00
2026-06-04T18:27:03+00:00,-49.37,-63.74,-63.43,-58.90,-66.65,-45.95,-51.77,-56.38,-52.52,-50.00,-58.31,-68.60,-63.44,-45.31,-59.18,-51.31,-59.59,2026-06-04 18:27:03+00:00
2026-06-04T18:28:04+00:00,-49.37,-64.06,-64.67,-58.69,-65.92,-46.10,-51.72,-56.67,-52.55,-49.99,-58.27,-69.07,-60.42,-45.24,-59.01,-51.22,-59.77,2026-06-04 18:28:04+00:00
2026-06-04T18:29:04+00:00,-49.45,-63.98,-64.64,-58.55,-66.68,-45.79,-51.89,-57.08,-52.50,-50.00,-58.59,-69.29,-66.08,-45.19,-59.13,-51.65,-59.49,2026-06-04 18:29:04+00:00
2026-06-04T18:30:04+00:00,-49.58,-64.59,-64.63,-58.40,-65.89,-45.77,-52.02,-57.93,-52.54,-50.17,-58.65,-69.29,-66.51,-45.10,-59.75,-51.35,-59.53,2026-06-04 18:30:04+00:00
2026-06-04T18:31:04+00:00,-49.32,-62.38,-64.44,-58.37,-66.94,-45.85,-51.63,-58.79,-52.41,-50.16,-58.57,-68.43,-65.62,-45.09,-59.54,-51.42,-59.26,2026-06-04 18:31:04+00:00
2026-06-04T18:32:03+00:00,-49.59,-64.35,-64.90,-58.38,-66.18,-45.73,-52.02,-59.27,-52.60,-50.08,-58.61,-69.40,-57.53,-45.04,-59.82,-51.75,-59.17,2026-06-04 18:32:03+00:00
2026-06-04T18:33:04+00:00,-49.35,-62.88,-64.19,-58.53,-66.10,-45.58,-52.16,-59.90,-52.56,-50.09,-58.56,-68.16,-58.06,-45.05,-59.57,-51.45,-59.10,2026-06-04 18:33:04+00:00
2026-06-04T18:34:04+00:00,-49.22,-64.56,-65.00,-58.39,-65.70,-46.03,-51.74,-60.42,-52.67,-50.21,-58.69,-69.23,-67.05,-45.08,-59.36,-51.63,-58.95,2026-06-04 18:34:04+00:00
2026-06-04T18:35:03+00:00,-49.27,-64.46,-64.94,-58.20,-66.92,-46.00,-52.00,-61.90,-52.85,-50.18,-58.73,-68.80,-67.15,-45.21,-59.00,-51.16,-58.88,2026-06-04 18:35:03+00:00
2026-06-04T18:36:04+00:00,-49.23,-64.75,-65.12,-58.24,-65.52,-46.17,-51.25,-62.29,-52.83,-50.02,-58.80,-69.31,-67.64,-44.88,-59.46,-51.16,-58.48,2026-06-04 18:36:04+00:00
2026-06-04T18:37:03+00:00,-49.21,-65.05,-64.95,-58.15,-66.04,-45.74,-51.09,-63.84,-52.86,-50.20,-58.64,-69.21,-67.47,-44.82,-59.25,-51.59,-59.05,2026-06-04 18:37:03+00:00
2026-06-04T18:38:03+00:00,-51.26,-64.71,-65.04,-58.05,-66.30,-45.59,-51.44,-65.51,-52.46,-50.14,-58.73,-68.67,-66.98,-44.84,-59.78,-51.70,-59.09,2026-06-04 18:38:03+00:00
2026-06-04T18:39:04+00:00,-51.27,-64.97,-65.22,-58.12,-66.75,-45.78,-51.58,-66.38,-52.39,-50.15,-58.74,-69.04,-66.70,-44.78,-59.21,-51.28,-58.60,2026-06-04 18:39:04+00:00
2026-06-04T18:40:04+00:00,-51.47,-65.18,-65.11,-58.09,-66.47,-46.10,-51.53,-67.15,-52.60,-50.15,-58.66,-69.07,-66.44,-44.77,-59.25,-51.11,-58.81,2026-06-04 18:40:04+00:00
2026-06-04T18:41:04+00:00,-51.76,-65.56,-65.19,-58.50,-66.97,-45.63,-51.03,-66.17,-52.50,-50.37,-58.56,-69.25,-66.27,-44.50,-60.04,-50.86,-59.24,2026-06-04 18:41:04+00:00
2026-06-04T18:42:03+00:00,-50.72,-65.19,-65.18,-58.56,-66.23,-45.49,-51.14,-66.38,-52.57,-50.40,-58.81,-69.46,-65.92,-44.46,-60.14,-50.90,-59.17,2026-06-04 18:42:03+00:00
2026-06-04T18:43:03+00:00,-49.45,-63.78,-65.20,-58.21,-66.85,-45.39,-51.78,-66.65,-52.59,-50.53,-58.91,-69.11,-65.89,-44.51,-59.89,-51.06,-56.26,2026-06-04 18:43:03+00:00
2026-06-04T18:44:04+00:00,-50.78,-66.03,-65.06,-58.22,-66.26,-45.63,-51.77,-66.77,-52.58,-50.48,-58.95,-69.14,-65.40,-44.37,-60.30,-51.14,-59.93,2026-06-04 18:44:04+00:00
2026-06-04T18:45:04+00:00,-51.61,-65.80,-65.33,-58.33,-66.54,-46.68,-51.35,-66.47,-51.36,-50.34,-59.03,-69.20,-64.99,-44.06,-59.68,-51.02,-59.60,2026-06-04 18:45:04+00:00
2026-06-04T18:46:03+00:00,-51.91,-65.90,-65.12,-58.35,-66.16,-46.86,-51.22,-66.69,-50.70,-50.47,-55.38,-69.19,-64.39,-43.93,-59.83,-50.64,-59.63,2026-06-04 18:46:03+00:00
2026-06-04T18:47:03+00:00,-51.86,-62.19,-63.10,-58.06,-62.91,-45.30,-52.06,-65.48,-50.60,-50.61,-58.11,-65.80,-62.70,-43.99,-59.10,-50.20,-59.26,2026-06-04 18:47:03+00:00
2026-06-04T18:48:04+00:00,-53.46,-61.77,-62.94,-58.25,-62.01,-45.59,-51.80,-64.28,-50.66,-50.29,-58.22,-65.53,-62.09,-43.48,-58.61,-50.89,-58.78,2026-06-04 18:48:04+00:00
2026-06-04T18:49:04+00:00,-53.11,-62.99,-62.62,-58.26,-63.36,-45.42,-51.79,-64.01,-50.35,-50.54,-58.20,-65.30,-61.76,-43.31,-58.93,-50.65,-58.54,2026-06-04 18:49:04+00:00
2026-06-04T18:50:03+00:00,-53.88,-63.46,-63.03,-58.19,-63.44,-45.76,-52.51,-64.41,-50.32,-50.48,-58.13,-65.95,-61.47,-43.16,-58.82,-50.24,-59.05,2026-06-04 18:50:03+00:00
2026-06-04T18:51:03+00:00,-54.20,-62.77,-62.59,-58.60,-63.51,-45.50,-52.02,-64.21,-48.07,-50.28,-58.21,-64.73,-61.78,-42.80,-59.21,-50.36,-59.06,2026-06-04 18:51:03+00:00
2026-06-04T18:52:03+00:00,-53.89,-63.14,-62.55,-58.58,-62.35,-45.33,-51.53,-64.68,-48.08,-50.18,-58.22,-64.85,-61.44,-42.77,-58.62,-50.00,-58.40,2026-06-04 18:52:03+00:00
2026-06-04T18:53:04+00:00,-53.81,-64.04,-63.26,-58.72,-63.29,-45.25,-52.10,-64.29,-48.31,-50.19,-58.40,-66.56,-61.34,-42.46,-59.37,-49.85,-58.57,2026-06-04 18:53:04+00:00
2026-06-04T18:54:04+00:00,-54.22,-63.76,-63.32,-58.76,-61.59,-45.51,-51.41,-64.00,-48.20,-50.30,-58.46,-66.18,-61.02,-42.15,-59.00,-50.02,-58.84,2026-06-04 18:54:04+00:00
2026-06-04T18:55:03+00:00,-53.06,-63.48,-62.93,-58.57,-62.31,-45.41,-51.69,-64.26,-48.20,-50.25,-58.44,-66.02,-60.70,-42.06,-59.13,-49.79,-58.41,2026-06-04 18:55:03+00:00
2026-06-04T18:56:03+00:00,-53.01,-64.32,-63.48,-58.96,-61.85,-45.45,-52.12,-64.49,-48.11,-50.22,-58.64,-65.89,-60.78,-41.78,-59.23,-49.80,-59.10,2026-06-04 18:56:03+00:00
2026-06-04T18:57:04+00:00,-53.91,-63.23,-63.07,-58.72,-60.94,-45.24,-51.96,-64.03,-48.22,-50.34,-58.47,-65.41,-59.62,-41.62,-59.08,-49.54,-57.49,2026-06-04 18:57:04+00:00
2026-06-04T18:58:04+00:00,-53.17,-62.08,-63.17,-58.58,-62.66,-45.27,-51.17,-64.25,-48.22,-50.20,-58.33,-65.08,-60.13,-41.59,-59.68,-49.68,-56.64,2026-06-04 18:58:04+00:00
2026-06-04T18:59:04+00:00,-52.90,-63.77,-63.71,-58.76,-62.35,-45.37,-51.96,-64.49,-48.22,-50.36,-58.47,-65.72,-59.96,-41.37,-59.15,-49.54,-58.25,2026-06-04 18:59:04+00:00
2026-06-04T19:00:03+00:00,-52.66,-63.37,-62.59,-58.96,-62.30,-45.36,-52.15,-63.67,-49.23,-50.34,-58.34,-64.82,-60.09,-41.14,-58.74,-49.57,-59.14,2026-06-04 19:00:03+00:00
2026-06-04T19:01:03+00:00,-53.20,-63.33,-63.01,-58.75,-62.73,-45.40,-52.21,-63.68,-49.23,-50.27,-58.32,-64.65,-59.06,-40.96,-59.08,-49.64,-57.19,2026-06-04 19:01:03+00:00
2026-06-04T19:02:03+00:00,-53.63,-63.74,-62.96,-58.99,-61.99,-45.38,-51.80,-63.93,-49.22,-50.30,-58.48,-64.95,-58.69,-40.99,-58.70,-49.49,-58.98,2026-06-04 19:02:03+00:00
2026-06-04T19:03:03+00:00,-53.70,-64.65,-63.41,-58.85,-63.44,-45.37,-52.28,-64.31,-49.41,-50.53,-58.37,-65.44,-58.91,-40.77,-58.80,-49.87,-59.64,2026-06-04 19:03:03+00:00
2026-06-04T19:04:04+00:00,-53.75,-65.21,-63.86,-59.14,-62.76,-45.57,-52.12,-64.87,-49.69,-50.63,-58.60,-65.06,-58.73,-40.89,-59.07,-49.73,-59.34,2026-06-04 19:04:04+00:00
2026-06-04T19:05:04+00:00,-53.64,-64.94,-63.09,-59.20,-63.01,-45.43,-51.90,-64.16,-49.66,-50.89,-58.72,-65.22,-58.69,-40.74,-59.44,-49.46,-59.15,2026-06-04 19:05:04+00:00
2026-06-04T19:06:03+00:00,-54.10,-64.93,-63.18,-58.99,-63.32,-45.52,-52.01,-65.26,-53.27,-50.99,-58.70,-65.14,-58.74,-40.56,-59.33,-49.78,-59.64,2026-06-04 19:06:03+00:00
2026-06-04T19:07:04+00:00,-53.19,-65.02,-63.22,-59.17,-62.88,-45.37,-52.47,-64.70,-53.38,-50.87,-58.60,-65.61,-57.75,-40.47,-59.30,-49.81,-59.33,2026-06-04 19:07:04+00:00
2026-06-04T19:08:04+00:00,-50.04,-63.47,-63.27,-58.39,-62.90,-45.56,-51.79,-64.11,-53.22,-50.92,-58.45,-65.82,-58.63,-40.30,-58.81,-50.24,-58.37,2026-06-04 19:08:04+00:00
2026-06-04T19:09:04+00:00,-50.17,-63.99,-63.62,-58.18,-63.36,-45.41,-52.58,-64.31,-53.28,-51.00,-58.75,-66.42,-58.77,-40.31,-59.20,-50.47,-57.57,2026-06-04 19:09:04+00:00
2026-06-04T19:10:03+00:00,-50.04,-64.18,-63.41,-58.32,-62.64,-45.77,-52.29,-64.42,-52.96,-50.89,-58.49,-65.75,-58.62,-40.27,-58.64,-51.03,-58.63,2026-06-04 19:10:03+00:00
2026-06-04T19:11:03+00:00,-50.07,-63.83,-63.07,-58.28,-61.95,-45.61,-52.52,-64.28,-53.09,-50.78,-58.57,-65.80,-58.80,-39.96,-59.07,-50.43,-58.43,2026-06-04 19:11:03+00:00
2026-06-04T19:12:04+00:00,-50.11,-64.22,-63.95,-58.33,-62.68,-45.54,-52.32,-63.75,-52.85,-51.11,-58.89,-66.38,-58.78,-39.91,-58.99,-50.34,-58.91,2026-06-04 19:12:04+00:00
2026-06-04T19:13:04+00:00,-50.00,-64.43,-63.46,-58.08,-62.78,-45.56,-52.92,-63.80,-53.01,-51.18,-58.56,-65.73,-58.98,-39.96,-59.16,-50.47,-57.16,2026-06-04 19:13:04+00:00
2026-06-04T19:14:04+00:00,-49.71,-63.89,-62.78,-57.98,-61.85,-45.74,-51.87,-61.96,-52.99,-51.08,-58.83,-63.97,-58.72,-39.87,-59.41,-50.38,-55.92,2026-06-04 19:14:04+00:00
2026-06-04T19:15:03+00:00,-50.13,-64.80,-63.38,-58.46,-63.40,-45.81,-52.08,-64.17,-52.98,-51.35,-58.99,-66.11,-59.42,-39.68,-59.17,-51.15,-58.87,2026-06-04 19:15:03+00:00
2026-06-04T19:16:03+00:00,-50.05,-64.32,-63.26,-58.20,-63.61,-45.88,-52.99,-64.22,-52.87,-51.42,-59.04,-66.03,-59.60,-39.71,-58.51,-51.20,-58.90,2026-06-04 19:16:03+00:00
2026-06-04T19:17:04+00:00,-50.36,-63.49,-63.48,-57.85,-62.05,-45.79,-52.73,-64.44,-52.79,-51.50,-58.59,-65.47,-59.42,-39.79,-58.81,-51.55,-58.53,2026-06-04 19:17:04+00:00
2026-06-04T19:18:04+00:00,-50.11,-63.37,-63.00,-58.08,-61.78,-45.89,-52.27,-63.28,-52.80,-51.64,-58.68,-64.83,-59.18,-39.55,-58.55,-50.66,-56.99,2026-06-04 19:18:04+00:00
2026-06-04T19:19:04+00:00,-50.21,-64.48,-63.36,-58.44,-63.89,-46.05,-52.73,-65.29,-52.76,-51.60,-59.20,-66.19,-60.40,-39.27,-59.66,-50.94,-56.56,2026-06-04 19:19:04+00:00
2026-06-04T19:20:03+00:00,-50.37,-65.28,-63.44,-58.18,-63.41,-45.78,-52.51,-65.18,-52.31,-51.80,-59.07,-66.55,-60.50,-39.28,-59.43,-50.49,-58.16,2026-06-04 19:20:03+00:00
2026-06-04T19:21:03+00:00,-50.21,-64.44,-63.74,-57.90,-63.47,-45.79,-53.42,-64.71,-52.18,-52.01,-58.95,-66.24,-60.63,-39.24,-58.89,-51.17,-58.12,2026-06-04 19:21:03+00:00
2026-06-04T19:22:04+00:00,-50.07,-64.03,-63.57,-57.89,-62.88,-45.36,-53.04,-64.37,-52.26,-52.07,-58.98,-66.35,-60.56,-39.25,-58.55,-51.24,-58.35,2026-06-04 19:22:04+00:00
2026-06-04T19:23:04+00:00,-52.95,-63.62,-63.19,-57.77,-62.50,-46.54,-52.65,-63.82,-52.08,-52.22,-58.61,-65.82,-61.24,-39.06,-58.62,-51.17,-58.04,2026-06-04 19:23:04+00:00
2026-06-04T19:24:04+00:00,-53.81,-65.24,-63.75,-58.15,-61.48,-46.30,-52.77,-64.31,-51.98,-52.52,-58.80,-66.07,-61.18,-39.44,-58.82,-50.84,-58.64,2026-06-04 19:24:04+00:00
2026-06-04T19:25:04+00:00,-54.17,-65.34,-63.64,-58.04,-62.61,-45.96,-52.15,-64.11,-52.06,-52.68,-59.04,-66.28,-60.94,-39.51,-59.10,-50.13,-57.44,2026-06-04 19:25:04+00:00
2026-06-04T19:26:03+00:00,-55.00,-65.23,-63.44,-57.98,-63.27,-46.29,-52.54,-65.29,-52.15,-52.90,-58.79,-66.46,-58.01,-39.43,-59.04,-50.67,-58.82,2026-06-04 19:26:03+00:00
2026-06-04T19:27:03+00:00,-55.03,-65.36,-62.99,-57.99,-63.07,-45.42,-53.26,-64.78,-52.79,-53.12,-58.80,-65.92,-62.37,-39.44,-59.57,-50.17,-58.64,2026-06-04 19:27:03+00:00
2026-06-04T19:28:04+00:00,-54.88,-65.02,-63.34,-58.01,-62.85,-46.43,-52.92,-65.05,-52.89,-56.39,-59.31,-66.73,-62.61,-39.64,-59.01,-50.44,-59.11,2026-06-04 19:28:04+00:00
2026-06-04T19:29:04+00:00,-54.68,-65.13,-63.23,-57.92,-64.27,-46.40,-53.03,-65.44,-52.81,-53.46,-59.23,-66.00,-62.93,-39.39,-59.12,-50.06,-58.82,2026-06-04 19:29:04+00:00
2026-06-04T19:30:04+00:00,-54.80,-64.69,-63.26,-58.02,-62.80,-46.25,-53.47,-65.30,-52.86,-53.44,-59.35,-66.69,-62.97,-39.51,-59.05,-49.71,-58.78,2026-06-04 19:30:04+00:00
2026-06-04T19:31:04+00:00,-52.49,-64.67,-63.45,-58.06,-62.39,-45.65,-53.57,-65.64,-52.82,-53.73,-59.34,-66.27,-63.03,-39.64,-59.05,-50.27,-59.02,2026-06-04 19:31:04+00:00
2026-06-04T19:32:04+00:00,-52.32,-64.42,-63.41,-57.86,-63.70,-45.87,-53.47,-64.66,-52.94,-53.85,-59.16,-66.27,-63.99,-39.55,-59.24,-49.92,-59.03,2026-06-04 19:32:04+00:00
2026-06-04T19:33:04+00:00,-52.61,-64.85,-63.31,-58.06,-62.32,-46.14,-53.76,-65.31,-52.50,-54.04,-59.26,-66.35,-63.53,-39.57,-59.27,-49.61,-59.38,2026-06-04 19:33:04+00:00
2026-06-04T19:34:03+00:00,-52.41,-64.85,-63.20,-58.04,-62.55,-47.85,-53.57,-65.26,-52.27,-54.15,-58.94,-65.88,-64.03,-39.69,-59.55,-49.36,-59.03,2026-06-04 19:34:03+00:00
2026-06-04T19:35:03+00:00,-52.83,-65.05,-63.65,-58.14,-63.45,-47.26,-53.38,-65.30,-51.88,-54.54,-59.30,-66.16,-64.67,-39.83,-59.63,-49.46,-59.14,2026-06-04 19:35:03+00:00
2026-06-04T19:36:04+00:00,-51.91,-65.01,-63.77,-57.97,-63.56,-47.29,-53.82,-64.95,-48.87,-54.76,-59.55,-66.18,-64.02,-39.77,-59.55,-49.35,-59.11,2026-06-04 19:36:04+00:00
2026-06-04T19:37:04+00:00,-52.47,-64.99,-63.35,-58.05,-63.58,-47.42,-53.83,-65.06,-48.92,-55.16,-59.70,-65.85,-64.39,-39.91,-59.74,-49.39,-59.39,2026-06-04 19:37:04+00:00
2026-06-04T19:38:03+00:00,-52.56,-64.94,-63.29,-57.81,-62.39,-47.22,-53.86,-64.06,-49.09,-55.47,-58.98,-65.80,-64.28,-40.03,-59.51,-49.12,-58.28,2026-06-04 19:38:03+00:00
2026-06-04T19:39:03+00:00,-52.56,-64.28,-63.01,-57.79,-62.80,-46.80,-53.76,-63.35,-49.42,-55.79,-58.88,-65.27,-64.66,-40.10,-58.83,-49.19,-58.69,2026-06-04 19:39:03+00:00
2026-06-04T19:40:04+00:00,-52.47,-64.85,-63.13,-57.76,-63.37,-46.57,-53.77,-63.61,-49.39,-56.36,-58.80,-65.57,-64.64,-40.26,-59.12,-49.59,-59.17,2026-06-04 19:40:04+00:00
2026-06-04T19:41:04+00:00,-52.63,-64.73,-62.65,-58.03,-62.31,-46.90,-53.51,-62.57,-49.37,-56.48,-58.46,-64.86,-64.36,-40.28,-59.14,-49.75,-58.64,2026-06-04 19:41:04+00:00
2026-06-04T19:42:03+00:00,-52.34,-65.40,-62.88,-57.99,-62.66,-46.71,-53.82,-62.86,-49.43,-57.19,-58.77,-65.65,-64.73,-40.29,-58.86,-50.36,-59.12,2026-06-04 19:42:03+00:00
2026-06-04T19:43:03+00:00,-52.33,-64.97,-63.07,-57.81,-62.32,-46.46,-53.50,-62.95,-49.43,-57.53,-58.81,-65.49,-64.13,-40.40,-58.85,-49.94,-58.73,2026-06-04 19:43:03+00:00
2026-06-04T19:44:03+00:00,-52.37,-63.83,-62.82,-57.72,-62.66,-46.37,-53.17,-63.08,-49.42,-58.04,-58.36,-65.13,-63.85,-40.70,-58.61,-49.79,-59.35,2026-06-04 19:44:03+00:00
2026-06-04T19:45:04+00:00,-52.30,-64.35,-63.30,-57.71,-63.25,-46.30,-53.07,-63.19,-49.43,-58.23,-58.33,-65.62,-64.25,-40.71,-58.88,-49.59,-59.71,2026-06-04 19:45:04+00:00
2026-06-04T19:46:04+00:00,-52.35,-62.89,-63.04,-57.68,-62.09,-46.25,-53.50,-63.10,-49.23,-58.67,-58.04,-65.26,-63.93,-40.74,-58.83,-49.71,-58.68,2026-06-04 19:46:04+00:00
2026-06-04T19:47:03+00:00,-52.39,-64.36,-63.01,-57.69,-62.53,-46.15,-53.26,-63.14,-49.12,-59.09,-58.05,-65.65,-64.22,-40.64,-58.91,-49.66,-59.48,2026-06-04 19:47:03+00:00
2026-06-04T19:48:03+00:00,-52.41,-64.79,-63.43,-57.98,-63.12,-46.25,-53.14,-63.48,-49.43,-59.90,-57.90,-65.50,-64.57,-40.25,-59.09,-49.96,-59.70,2026-06-04 19:48:03+00:00
2026-06-04T19:49:04+00:00,-52.00,-64.33,-62.99,-57.68,-62.76,-46.23,-53.11,-63.44,-49.71,-59.78,-57.89,-65.45,-64.06,-39.99,-58.94,-49.86,-58.93,2026-06-04 19:49:04+00:00
2026-06-04T19:50:04+00:00,-51.90,-64.78,-62.93,-57.60,-63.13,-46.53,-53.26,-63.79,-49.69,-60.09,-58.33,-65.44,-63.78,-39.91,-59.02,-49.97,-58.91,2026-06-04 19:50:04+00:00
2026-06-04T19:51:03+00:00,-51.65,-65.25,-63.17,-58.03,-63.58,-45.96,-53.09,-63.37,-53.29,-60.33,-58.67,-65.54,-63.27,-39.88,-59.22,-49.29,-58.42,2026-06-04 19:51:03+00:00
2026-06-04T19:52:03+00:00,-51.34,-64.70,-62.65,-57.77,-63.03,-46.32,-53.08,-63.46,-53.17,-60.00,-58.85,-64.93,-63.33,-39.89,-59.37,-49.63,-59.05,2026-06-04 19:52:03+00:00
2026-06-04T19:53:03+00:00,-48.62,-64.42,-62.86,-57.74,-63.02,-46.08,-53.06,-63.44,-52.73,-59.66,-59.05,-64.67,-62.84,-39.80,-58.75,-49.16,-58.98,2026-06-04 19:53:03+00:00
2026-06-04T19:54:04+00:00,-48.81,-64.45,-63.09,-57.79,-63.18,-46.52,-52.93,-63.74,-52.74,-59.16,-59.02,-64.87,-62.91,-39.61,-59.00,-49.50,-59.07,2026-06-04 19:54:04+00:00
2026-06-04T19:55:04+00:00,-48.37,-64.53,-62.69,-57.94,-61.72,-46.23,-53.01,-64.20,-52.60,-59.11,-59.31,-65.23,-62.78,-39.64,-59.06,-49.40,-58.20,2026-06-04 19:55:04+00:00
2026-06-04T19:56:04+00:00,-48.32,-63.36,-62.76,-57.89,-62.78,-45.72,-53.26,-62.99,-53.09,-58.12,-59.51,-64.72,-62.25,-40.13,-59.25,-49.41,-56.37,2026-06-04 19:56:04+00:00
2026-06-04T19:57:03+00:00,-48.66,-63.59,-63.18,-57.58,-63.44,-45.72,-53.18,-63.22,-53.23,-56.94,-59.24,-65.54,-61.72,-40.05,-59.58,-49.55,-58.63,2026-06-04 19:57:03+00:00
2026-06-04T19:58:03+00:00,-48.50,-64.11,-63.09,-57.78,-63.76,-45.82,-53.15,-62.75,-53.18,-56.01,-59.79,-65.89,-61.63,-40.09,-59.14,-49.23,-58.70,2026-06-04 19:58:03+00:00
2026-06-04T19:59:04+00:00,-48.70,-63.68,-62.75,-57.58,-63.20,-45.85,-53.03,-62.87,-53.10,-55.25,-59.45,-65.22,-61.56,-39.85,-58.63,-48.91,-58.83,2026-06-04 19:59:04+00:00
2026-06-04T20:00:04+00:00,-48.95,-63.02,-62.71,-57.79,-63.88,-45.84,-53.03,-63.23,-53.12,-54.67,-59.43,-65.12,-61.25,-39.54,-59.60,-49.27,-58.54,2026-06-04 20:00:04+00:00
2026-06-04T20:01:04+00:00,-49.20,-63.30,-63.33,-57.60,-64.38,-45.93,-52.79,-62.90,-52.93,-53.84,-59.71,-65.40,-60.93,-39.37,-58.99,-49.14,-57.69,2026-06-04 20:01:04+00:00
2026-06-04T20:02:03+00:00,-49.22,-64.08,-63.16,-57.91,-63.00,-45.85,-52.75,-62.57,-53.02,-53.37,-59.95,-65.50,-61.46,-39.47,-59.47,-48.90,-58.32,2026-06-04 20:02:03+00:00
2026-06-04T20:03:04+00:00,-49.09,-64.15,-63.12,-58.08,-63.15,-46.01,-52.74,-63.19,-53.22,-52.93,-59.89,-65.26,-61.55,-39.36,-59.39,-48.35,-58.14,2026-06-04 20:03:04+00:00
2026-06-04T20:04:04+00:00,-49.28,-64.84,-63.04,-58.04,-63.55,-45.39,-53.30,-63.48,-53.14,-52.37,-60.27,-65.49,-61.73,-39.22,-59.59,-49.28,-58.93,2026-06-04 20:04:04+00:00
2026-06-04T20:05:04+00:00,-49.20,-64.55,-62.95,-57.84,-63.07,-46.00,-53.04,-63.34,-53.31,-52.15,-60.31,-65.27,-61.29,-38.95,-59.34,-49.53,-58.88,2026-06-04 20:05:04+00:00
2026-06-04T20:06:04+00:00,-48.85,-64.32,-61.77,-57.81,-63.53,-46.04,-53.07,-63.93,-53.17,-51.87,-60.40,-62.65,-60.78,-38.89,-59.25,-49.50,-56.97,2026-06-04 20:06:04+00:00
2026-06-04T20:07:04+00:00,-49.03,-65.32,-62.88,-58.03,-63.79,-45.78,-53.30,-64.15,-53.23,-51.37,-60.12,-65.88,-60.85,-38.95,-59.34,-49.41,-58.68,2026-06-04 20:07:04+00:00
2026-06-04T20:08:04+00:00,-51.86,-63.88,-61.80,-58.20,-63.65,-46.11,-53.24,-61.27,-52.47,-50.54,-59.45,-64.48,-59.74,-39.10,-58.92,-48.52,-57.30,2026-06-04 20:08:04+00:00
2026-06-04T20:09:03+00:00,-46.92,-64.84,-62.73,-58.36,-63.01,-46.65,-53.06,-63.76,-52.03,-49.96,-60.34,-65.63,-60.36,-39.19,-59.05,-48.88,-58.84,2026-06-04 20:09:03+00:00
2026-06-04T20:10:03+00:00,-46.16,-64.73,-62.38,-58.39,-62.89,-46.86,-53.09,-63.55,-51.96,-49.21,-59.70,-64.72,-60.01,-39.70,-59.12,-49.40,-58.38,2026-06-04 20:10:03+00:00
2026-06-04T20:11:04+00:00,-50.91,-64.99,-62.07,-58.26,-63.44,-46.95,-53.25,-63.28,-52.15,-48.80,-59.52,-63.81,-59.65,-39.95,-59.19,-49.19,-58.42,2026-06-04 20:11:04+00:00
2026-06-04T20:12:04+00:00,-51.10,-64.69,-62.08,-58.47,-62.51,-47.01,-53.32,-63.28,-52.25,-48.55,-59.81,-64.45,-59.81,-40.07,-59.13,-49.40,-58.10,2026-06-04 20:12:04+00:00
2026-06-04T20:13:03+00:00,-50.97,-65.10,-62.45,-58.11,-62.88,-46.75,-53.43,-62.82,-52.20,-48.31,-59.78,-64.21,-60.00,-40.12,-58.86,-49.71,-58.85,2026-06-04 20:13:03+00:00
2026-06-04T20:14:03+00:00,-49.36,-65.48,-62.54,-58.15,-62.90,-46.88,-53.36,-63.90,-52.12,-47.84,-60.12,-64.74,-59.47,-40.45,-59.92,-51.40,-59.26,2026-06-04 20:14:03+00:00
2026-06-04T20:15:04+00:00,-50.46,-64.17,-62.58,-58.27,-62.56,-46.48,-53.30,-62.86,-52.32,-47.72,-60.03,-64.30,-59.16,-40.20,-59.09,-51.24,-58.55,2026-06-04 20:15:04+00:00
2026-06-04T20:16:04+00:00,-50.72,-64.77,-62.23,-58.33,-61.89,-46.08,-53.21,-62.86,-52.11,-47.33,-59.66,-64.46,-59.01,-39.97,-59.06,-50.67,-57.63,2026-06-04 20:16:04+00:00
2026-06-04T20:17:04+00:00,-50.61,-64.35,-62.03,-58.79,-63.49,-46.23,-53.35,-62.70,-52.18,-46.84,-59.69,-64.91,-58.28,-39.98,-59.61,-50.84,-59.04,2026-06-04 20:17:04+00:00
2026-06-04T20:18:03+00:00,-50.26,-65.16,-62.20,-58.24,-62.21,-45.92,-53.00,-64.04,-51.77,-46.34,-58.49,-64.34,-58.91,-40.16,-59.29,-51.70,-58.29,2026-06-04 20:18:03+00:00
2026-06-04T20:19:03+00:00,-50.49,-65.81,-62.08,-58.62,-62.90,-46.09,-52.96,-64.16,-50.21,-45.94,-59.63,-64.76,-58.78,-40.39,-59.44,-53.56,-58.56,2026-06-04 20:19:03+00:00
2026-06-04T20:20:04+00:00,-50.72,-65.75,-62.53,-58.72,-63.74,-45.84,-53.04,-64.47,-49.81,-45.82,-59.33,-63.57,-57.95,-40.78,-59.10,-54.56,-59.16,2026-06-04 20:20:04+00:00
2026-06-04T20:21:04+00:00,-50.80,-64.81,-62.11,-58.70,-62.71,-45.81,-53.01,-64.74,-48.00,-45.82,-59.99,-64.29,-57.59,-41.24,-59.64,-55.23,-58.79,2026-06-04 20:21:04+00:00
2026-06-04T20:22:04+00:00,-50.69,-64.45,-61.57,-58.74,-63.33,-45.73,-53.33,-63.09,-48.03,-45.68,-59.39,-63.56,-57.18,-40.98,-59.54,-54.97,-58.27,2026-06-04 20:22:04+00:00
2026-06-04T20:23:03+00:00,-50.81,-64.77,-61.97,-58.78,-61.86,-45.96,-53.32,-63.94,-48.34,-45.65,-59.58,-64.46,-57.00,-40.88,-59.23,-53.49,-58.44,2026-06-04 20:23:03+00:00
2026-06-04T20:24:03+00:00,-50.69,-65.33,-62.43,-58.24,-62.85,-45.85,-53.54,-63.88,-48.26,-45.88,-59.33,-64.31,-56.91,-40.95,-59.14,-51.47,-58.23,2026-06-04 20:24:03+00:00
2026-06-04T20:25:03+00:00,-50.59,-64.71,-61.97,-58.13,-63.05,-45.66,-53.42,-64.06,-48.25,-45.98,-59.20,-63.85,-57.09,-40.79,-59.51,-49.61,-56.65,2026-06-04 20:25:03+00:00
2026-06-04T20:26:04+00:00,-52.18,-64.69,-61.97,-58.10,-63.69,-45.81,-53.58,-64.16,-48.33,-45.78,-60.80,-64.54,-56.95,-40.37,-59.70,-49.39,-56.89,2026-06-04 20:26:04+00:00
2026-06-04T20:27:04+00:00,-52.39,-64.85,-62.17,-58.25,-62.78,-45.45,-53.55,-63.36,-48.27,-45.90,-60.59,-64.59,-56.76,-40.24,-59.26,-49.43,-58.55,2026-06-04 20:27:04+00:00
2026-06-04T20:28:04+00:00,-52.79,-65.16,-61.83,-58.08,-62.43,-46.24,-53.61,-63.72,-48.34,-45.67,-60.83,-64.37,-56.48,-39.79,-58.79,-48.97,-58.75,2026-06-04 20:28:04+00:00
2026-06-04T20:29:04+00:00,-52.79,-64.39,-62.24,-58.29,-63.00,-45.62,-53.35,-63.64,-48.33,-46.01,-60.52,-64.15,-56.39,-39.57,-59.32,-49.09,-58.97,2026-06-04 20:29:04+00:00
2026-06-04T20:30:03+00:00,-54.78,-64.58,-62.22,-58.33,-62.90,-45.37,-53.59,-63.29,-48.24,-45.84,-60.33,-64.32,-56.76,-39.70,-59.30,-49.10,-58.78,2026-06-04 20:30:03+00:00
2026-06-04T20:31:03+00:00,-54.98,-63.96,-62.23,-58.36,-62.48,-45.38,-53.71,-62.54,-48.21,-45.70,-60.55,-64.74,-56.50,-39.23,-58.70,-49.91,-58.97,2026-06-04 20:31:03+00:00
2026-06-04T20:32:03+00:00,-54.61,-64.76,-62.31,-58.36,-62.25,-45.79,-54.10,-63.60,-48.03,-45.46,-60.04,-63.62,-56.40,-39.65,-59.56,-50.66,-58.64,2026-06-04 20:32:03+00:00
2026-06-04T20:33:03+00:00,-54.38,-65.62,-62.63,-58.40,-63.78,-46.08,-53.29,-64.03,-48.26,-45.40,-60.38,-64.81,-56.15,-39.68,-58.91,-50.52,-58.25,2026-06-04 20:33:03+00:00
2026-06-04T20:34:04+00:00,-54.97,-65.18,-62.39,-58.40,-63.86,-45.95,-53.27,-63.78,-49.43,-45.18,-60.18,-64.74,-56.05,-39.52,-59.07,-49.53,-58.63,2026-06-04 20:34:04+00:00
2026-06-04T20:35:04+00:00,-54.77,-64.83,-61.68,-57.97,-62.12,-45.81,-53.28,-64.03,-49.56,-45.18,-60.57,-62.82,-56.19,-39.63,-59.19,-50.31,-57.03,2026-06-04 20:35:04+00:00
2026-06-04T20:36:03+00:00,-54.70,-65.26,-62.44,-58.31,-62.89,-45.62,-52.81,-64.29,-52.58,-44.91,-59.94,-64.89,-56.63,-39.32,-59.54,-52.27,-57.51,2026-06-04 20:36:03+00:00
2026-06-04T20:37:03+00:00,-52.88,-64.71,-62.13,-58.14,-62.78,-45.34,-52.31,-63.60,-52.66,-44.68,-59.98,-64.42,-56.39,-39.74,-59.29,-52.84,-58.98,2026-06-04 20:37:03+00:00
2026-06-04T20:38:04+00:00,-49.48,-64.85,-62.47,-58.45,-63.14,-45.33,-52.11,-63.35,-52.22,-44.72,-60.02,-64.08,-56.22,-39.43,-59.44,-53.08,-58.49,2026-06-04 20:38:04+00:00
2026-06-04T20:39:04+00:00,-49.03,-64.65,-62.39,-58.36,-62.30,-44.97,-51.91,-64.34,-52.14,-44.81,-60.25,-64.57,-56.09,-39.29,-59.26,-52.91,-58.52,2026-06-04 20:39:04+00:00
2026-06-04T20:40:04+00:00,-49.06,-64.56,-62.69,-58.32,-63.60,-45.35,-51.63,-63.77,-52.10,-44.65,-60.09,-64.64,-55.93,-39.52,-59.21,-50.91,-58.13,2026-06-04 20:40:04+00:00
2026-06-04T20:41:03+00:00,-48.30,-64.78,-62.46,-58.32,-62.75,-45.52,-51.48,-63.11,-51.99,-44.74,-60.16,-64.55,-56.06,-39.83,-59.63,-49.24,-58.41,2026-06-04 20:41:03+00:00
2026-06-04T20:42:03+00:00,-47.94,-64.99,-62.11,-58.50,-62.62,-45.85,-55.61,-63.75,-52.30,-44.67,-59.81,-64.32,-55.91,-40.20,-59.09,-49.38,-58.85,2026-06-04 20:42:03+00:00
2026-06-04T20:43:03+00:00,-48.30,-64.16,-62.51,-58.37,-62.25,-45.62,-49.79,-64.16,-52.14,-44.58,-60.02,-64.11,-55.30,-40.16,-59.57,-49.54,-56.04,2026-06-04 20:43:03+00:00
2026-06-04T20:44:04+00:00,-48.37,-63.65,-62.28,-58.66,-62.48,-45.67,-51.41,-64.27,-52.13,-44.34,-59.89,-64.66,-55.29,-40.07,-59.63,-49.25,-58.57,2026-06-04 20:44:04+00:00
2026-06-04T20:45:04+00:00,-48.46,-63.89,-62.21,-58.47,-62.77,-45.58,-51.54,-64.09,-52.20,-44.30,-59.75,-64.37,-54.95,-40.17,-59.21,-49.40,-58.71,2026-06-04 20:45:04+00:00
2026-06-04T20:46:04+00:00,-48.63,-65.03,-62.25,-58.34,-63.92,-45.54,-51.62,-64.53,-52.03,-44.16,-59.62,-65.17,-54.82,-41.01,-59.89,-48.01,-58.70,2026-06-04 20:46:04+00:00
2026-06-04T20:47:03+00:00,-48.66,-64.32,-62.35,-58.48,-62.87,-45.17,-51.30,-64.13,-52.52,-44.25,-59.64,-64.19,-54.62,-40.99,-59.70,-46.57,-58.39,2026-06-04 20:47:03+00:00
2026-06-04T20:48:03+00:00,-48.71,-63.86,-62.14,-58.34,-62.04,-45.29,-51.24,-64.04,-52.34,-43.95,-59.62,-64.42,-54.36,-40.95,-59.67,-45.85,-58.80,2026-06-04 20:48:03+00:00
2026-06-04T20:49:03+00:00,-48.73,-64.48,-62.62,-58.35,-63.84,-45.01,-51.14,-64.44,-52.59,-43.66,-59.73,-64.99,-54.57,-40.88,-59.51,-45.94,-55.25,2026-06-04 20:49:03+00:00
2026-06-04T20:50:04+00:00,-48.79,-63.34,-62.01,-58.23,-61.98,-44.81,-51.25,-64.01,-52.46,-43.45,-59.45,-64.60,-54.62,-40.98,-59.28,-46.25,-54.19,2026-06-04 20:50:04+00:00
2026-06-04T20:51:04+00:00,-48.83,-64.75,-62.91,-58.52,-61.97,-44.85,-51.26,-64.48,-52.56,-43.41,-59.48,-64.73,-54.78,-41.19,-59.08,-45.63,-53.98,2026-06-04 20:51:04+00:00
2026-06-04T20:52:04+00:00,-49.23,-64.73,-62.53,-58.21,-63.99,-44.68,-51.37,-64.38,-52.43,-43.48,-59.55,-64.94,-55.01,-40.63,-59.15,-46.65,-54.18,2026-06-04 20:52:04+00:00
2026-06-04T20:53:04+00:00,-51.48,-64.80,-62.09,-57.82,-62.63,-44.30,-51.21,-64.30,-52.38,-43.78,-59.35,-64.45,-55.03,-41.03,-59.13,-46.06,-53.97,2026-06-04 20:53:04+00:00
2026-06-04T20:54:04+00:00,-51.38,-64.88,-62.25,-57.97,-62.32,-47.98,-51.42,-64.38,-52.41,-44.17,-59.15,-64.62,-55.10,-40.85,-59.40,-45.13,-54.94,2026-06-04 20:54:04+00:00
2026-06-04T20:55:04+00:00,-51.10,-65.29,-62.61,-58.19,-62.70,-47.81,-51.58,-64.12,-52.42,-44.01,-59.45,-64.28,-55.20,-40.75,-59.21,-44.91,-54.92,2026-06-04 20:55:04+00:00
2026-06-04T20:56:03+00:00,-51.45,-64.85,-62.23,-58.09,-63.19,-47.73,-51.57,-64.59,-52.44,-43.57,-59.21,-64.94,-55.64,-40.90,-59.77,-44.92,-54.88,2026-06-04 20:56:03+00:00
2026-06-04T20:57:03+00:00,-51.35,-65.27,-62.62,-58.13,-63.38,-47.65,-51.47,-63.95,-52.41,-43.83,-59.34,-64.69,-55.51,-40.74,-59.39,-44.88,-54.01,2026-06-04 20:57:03+00:00
2026-06-04T20:58:04+00:00,-51.68,-64.94,-62.53,-58.40,-63.60,-48.22,-55.87,-63.98,-52.47,-43.73,-59.00,-64.89,-55.60,-40.72,-58.97,-43.00,-54.15,2026-06-04 20:58:04+00:00
2026-06-04T20:59:04+00:00,-51.40,-64.40,-62.10,-58.07,-63.62,-48.00,-51.80,-64.53,-52.11,-44.37,-59.01,-64.88,-55.71,-40.59,-58.90,-42.75,-54.94,2026-06-04 20:59:04+00:00
2026-06-04T21:00:04+00:00,-51.52,-64.99,-62.64,-58.42,-62.89,-47.77,-51.74,-64.11,-52.03,-44.51,-58.78,-64.69,-55.80,-41.11,-59.29,-42.11,-55.02,2026-06-04 21:00:04+00:00
2026-06-04T21:01:04+00:00,-51.55,-64.48,-62.42,-58.23,-63.55,-47.90,-51.47,-64.49,-52.02,-44.09,-58.65,-64.36,-55.87,-41.26,-58.96,-40.71,-58.50,2026-06-04 21:01:04+00:00
2026-06-04T21:02:04+00:00,-51.43,-63.68,-62.53,-58.26,-63.14,-47.87,-51.20,-63.60,-52.19,-44.44,-58.59,-64.90,-56.12,-41.18,-59.21,-40.06,-58.48,2026-06-04 21:02:04+00:00
2026-06-04T21:03:04+00:00,-51.59,-64.03,-62.76,-58.25,-62.79,-47.58,-51.50,-64.14,-51.02,-44.59,-58.88,-64.58,-56.30,-41.21,-59.23,-39.96,-58.95,2026-06-04 21:03:04+00:00
2026-06-04T21:04:04+00:00,-51.19,-64.10,-62.33,-57.81,-63.15,-47.92,-51.09,-63.72,-49.79,-44.91,-58.40,-64.64,-56.48,-41.67,-59.41,-39.30,-58.35,2026-06-04 21:04:04+00:00
2026-06-04T21:05:04+00:00,-52.43,-64.74,-63.24,-57.90,-63.19,-47.96,-51.60,-63.99,-48.47,-45.07,-58.81,-64.96,-56.64,-42.08,-59.59,-38.77,-59.23,2026-06-04 21:05:04+00:00
2026-06-04T21:06:04+00:00,-52.90,-63.92,-62.47,-57.94,-63.96,-47.91,-51.54,-63.93,-47.85,-45.01,-58.41,-64.81,-56.82,-42.44,-59.45,-38.67,-59.28,2026-06-04 21:06:04+00:00
2026-06-04T21:07:04+00:00,-52.73,-65.34,-62.88,-57.96,-62.82,-47.87,-51.80,-64.23,-48.04,-45.23,-58.51,-65.14,-56.64,-42.34,-59.28,-39.47,-58.10,2026-06-04 21:07:04+00:00
2026-06-04T21:08:03+00:00,-52.40,-66.04,-63.00,-57.95,-63.74,-47.77,-51.95,-64.55,-48.00,-45.24,-58.24,-65.09,-56.21,-42.35,-59.36,-38.89,-59.55,2026-06-04 21:08:03+00:00
2026-06-04T21:09:03+00:00,-51.33,-65.63,-62.91,-57.98,-63.78,-47.77,-51.23,-63.93,-48.14,-45.47,-58.08,-64.95,-56.00,-42.46,-59.37,-38.27,-59.19,2026-06-04 21:09:03+00:00
2026-06-04T21:10:04+00:00,-50.74,-65.26,-62.26,-58.07,-62.94,-47.71,-51.38,-63.68,-48.04,-45.41,-57.84,-64.73,-55.97,-42.12,-59.26,-38.53,-59.16,2026-06-04 21:10:04+00:00
2026-06-04T21:11:04+00:00,-50.65,-65.57,-62.64,-57.98,-63.14,-47.70,-51.39,-63.54,-48.05,-45.39,-58.27,-64.79,-55.54,-41.97,-59.64,-38.94,-58.92,2026-06-04 21:11:04+00:00
2026-06-04T21:12:04+00:00,-52.46,-64.12,-61.86,-57.85,-62.24,-47.61,-50.93,-63.99,-48.05,-45.44,-57.76,-63.59,-55.36,-41.87,-59.08,-38.14,-57.71,2026-06-04 21:12:04+00:00
2026-06-04T21:13:03+00:00,-52.97,-65.54,-62.81,-57.85,-63.22,-47.11,-51.31,-64.31,-48.15,-45.53,-58.24,-64.71,-55.25,-41.66,-59.33,-37.54,-58.90,2026-06-04 21:13:03+00:00
2026-06-04T21:14:03+00:00,-52.97,-65.68,-62.78,-58.00,-63.72,-47.27,-51.67,-64.16,-48.07,-45.96,-58.20,-65.14,-55.06,-41.10,-58.89,-38.05,-58.92,2026-06-04 21:14:03+00:00
2026-06-04T21:15:04+00:00,-53.26,-65.00,-62.51,-57.95,-63.45,-44.60,-51.93,-64.32,-47.99,-46.67,-57.79,-64.77,-54.91,-41.06,-59.15,-38.22,-59.08,2026-06-04 21:15:04+00:00
2026-06-04T21:16:04+00:00,-53.38,-65.01,-62.78,-57.98,-62.63,-44.65,-52.03,-64.03,-48.03,-47.11,-58.39,-64.58,-55.05,-40.79,-59.40,-38.08,-59.00,2026-06-04 21:16:04+00:00
2026-06-04T21:17:04+00:00,-53.35,-65.05,-62.54,-57.85,-63.27,-44.55,-51.93,-64.36,-48.12,-48.01,-58.23,-64.86,-54.95,-40.65,-59.35,-38.02,-58.90,2026-06-04 21:17:04+00:00
2026-06-04T21:18:04+00:00,-53.78,-65.22,-62.47,-57.96,-63.87,-44.71,-52.00,-64.43,-49.20,-48.59,-57.93,-64.45,-54.95,-40.35,-59.05,-38.73,-58.59,2026-06-04 21:18:04+00:00
2026-06-04T21:19:03+00:00,-51.53,-64.99,-62.64,-58.00,-61.96,-44.94,-52.02,-63.69,-49.40,-48.08,-57.85,-64.26,-55.17,-40.19,-59.42,-37.77,-58.47,2026-06-04 21:19:03+00:00
2026-06-04T21:20:03+00:00,-51.71,-65.45,-62.75,-58.12,-63.12,-44.94,-52.19,-63.88,-52.40,-47.49,-57.73,-64.48,-55.36,-40.56,-59.16,-37.39,-58.91,2026-06-04 21:20:03+00:00
2026-06-04T21:21:04+00:00,-51.78,-66.19,-62.80,-58.31,-63.22,-45.14,-52.70,-64.40,-52.36,-47.70,-57.76,-64.94,-55.45,-40.38,-59.88,-37.86,-59.25,2026-06-04 21:21:04+00:00
2026-06-04T21:22:04+00:00,-49.69,-65.16,-62.73,-58.51,-63.12,-45.11,-52.20,-64.15,-52.19,-47.08,-57.77,-64.98,-55.70,-40.37,-59.62,-37.49,-59.15,2026-06-04 21:22:04+00:00
2026-06-04T21:23:04+00:00,-48.91,-64.79,-62.91,-58.58,-63.03,-45.49,-51.71,-63.48,-51.95,-47.19,-57.63,-64.76,-55.29,-40.51,-59.54,-37.94,-59.10,2026-06-04 21:23:04+00:00
2026-06-04T21:24:04+00:00,-49.61,-65.63,-62.59,-58.56,-63.26,-45.38,-51.81,-63.91,-51.94,-47.08,-56.27,-64.43,-54.86,-40.86,-60.21,-38.14,-57.34,2026-06-04 21:24:04+00:00
2026-06-04T21:25:03+00:00,-49.86,-66.08,-63.25,-58.01,-62.39,-45.55,-51.64,-63.60,-51.88,-45.91,-57.39,-64.64,-54.81,-41.28,-59.71,-37.99,-58.83,2026-06-04 21:25:03+00:00
2026-06-04T21:26:03+00:00,-49.94,-62.05,-59.78,-55.32,-59.94,-45.79,-51.61,-60.45,-51.83,-45.73,-56.47,-60.55,-54.25,-42.02,-56.82,-38.92,-56.51,2026-06-04 21:26:03+00:00
2026-06-04T21:27:03+00:00,-49.20,-65.95,-62.72,-58.40,-63.77,-45.47,-51.33,-64.66,-51.97,-45.48,-56.97,-65.02,-54.69,-42.60,-59.46,-38.03,-58.73,2026-06-04 21:27:03+00:00
2026-06-04T21:28:04+00:00,-48.74,-64.05,-62.46,-57.20,-63.72,-45.58,-51.05,-63.78,-51.99,-45.81,-57.00,-64.49,-54.25,-42.85,-59.98,-36.83,-58.73,2026-06-04 21:28:04+00:00
2026-06-04T21:29:04+00:00,-48.34,-64.82,-62.52,-58.31,-63.15,-45.44,-51.39,-63.85,-51.92,-45.63,-56.74,-64.40,-54.17,-42.68,-59.41,-37.28,-58.00,2026-06-04 21:29:04+00:00
2026-06-04T21:30:04+00:00,-48.60,-65.57,-62.61,-58.39,-63.44,-45.59,-51.56,-64.35,-51.93,-44.85,-57.07,-64.83,-54.22,-43.41,-59.44,-38.44,-58.93,2026-06-04 21:30:04+00:00
2026-06-04T21:31:04+00:00,-48.54,-65.50,-62.43,-58.57,-63.47,-45.51,-51.24,-64.06,-52.26,-44.74,-56.95,-64.48,-53.98,-43.67,-59.96,-39.56,-58.96,2026-06-04 21:31:04+00:00
2026-06-04T21:32:03+00:00,-48.68,-63.43,-62.34,-58.66,-62.95,-45.69,-51.00,-63.36,-52.24,-45.28,-56.93,-64.84,-53.43,-43.92,-59.94,-39.90,-59.03,2026-06-04 21:32:03+00:00
2026-06-04T21:33:04+00:00,-48.76,-65.50,-62.36,-58.43,-63.37,-45.88,-50.60,-63.70,-52.33,-45.78,-56.68,-64.52,-53.43,-44.23,-59.36,-39.90,-59.26,2026-06-04 21:33:04+00:00
2026-06-04T21:34:04+00:00,-48.77,-65.96,-63.55,-58.41,-63.86,-45.76,-50.61,-64.81,-53.05,-46.50,-57.09,-66.43,-53.46,-44.46,-58.95,-41.40,-58.80,2026-06-04 21:34:04+00:00
2026-06-04T21:35:04+00:00,-48.67,-64.14,-62.39,-58.68,-63.32,-45.96,-50.85,-63.53,-52.98,-46.77,-56.97,-64.42,-53.28,-45.08,-59.32,-42.16,-58.53,2026-06-04 21:35:04+00:00
2026-06-04T21:36:03+00:00,-48.85,-65.17,-63.20,-58.49,-64.46,-45.87,-51.19,-64.65,-52.90,-47.09,-56.86,-65.86,-53.83,-45.09,-59.88,-42.38,-59.23,2026-06-04 21:36:03+00:00
2026-06-04T21:37:03+00:00,-51.08,-65.63,-63.45,-58.73,-63.81,-46.20,-50.94,-64.33,-52.86,-46.96,-56.71,-65.93,-53.82,-44.85,-59.68,-41.49,-59.07,2026-06-04 21:37:03+00:00
2026-06-04T21:38:04+00:00,-51.29,-65.25,-62.94,-58.81,-64.10,-46.35,-50.91,-63.43,-52.93,-46.89,-56.85,-65.61,-53.92,-44.47,-60.10,-39.79,-58.90,2026-06-04 21:38:04+00:00
2026-06-04T21:39:04+00:00,-51.35,-65.32,-63.37,-58.58,-63.84,-46.51,-50.69,-64.03,-52.97,-46.47,-56.25,-65.62,-53.12,-44.14,-59.77,-39.75,-59.22,2026-06-04 21:39:04+00:00
2026-06-04T21:40:04+00:00,-52.66,-65.29,-63.40,-59.02,-62.44,-46.46,-51.11,-63.73,-52.90,-46.62,-54.55,-65.86,-53.34,-44.24,-59.43,-40.09,-59.40,2026-06-04 21:40:04+00:00
2026-06-04T21:41:03+00:00,-52.62,-65.04,-63.29,-58.93,-63.12,-46.92,-51.00,-63.73,-52.82,-46.58,-56.79,-65.53,-53.97,-44.23,-59.11,-40.83,-59.32,2026-06-04 21:41:03+00:00
2026-06-04T21:42:03+00:00,-52.13,-64.74,-63.09,-58.91,-63.14,-46.87,-50.99,-63.68,-52.91,-46.77,-56.95,-65.73,-54.10,-44.03,-59.40,-40.97,-56.28,2026-06-04 21:42:03+00:00
2026-06-04T21:43:04+00:00,-51.22,-64.67,-63.53,-58.83,-63.38,-46.63,-51.15,-64.06,-52.86,-47.88,-57.18,-65.65,-54.06,-43.66,-58.89,-41.17,-59.21,2026-06-04 21:43:04+00:00
2026-06-04T21:44:04+00:00,-50.12,-64.01,-62.76,-58.38,-62.63,-46.99,-51.33,-64.07,-52.91,-49.08,-57.04,-65.46,-53.84,-43.01,-59.44,-41.56,-57.74,2026-06-04 21:44:04+00:00
2026-06-04T21:45:04+00:00,-55.15,-65.60,-63.30,-58.61,-63.10,-46.79,-50.99,-64.59,-53.06,-48.24,-57.18,-65.96,-54.16,-42.46,-59.00,-41.23,-58.25,2026-06-04 21:45:04+00:00
2026-06-04T21:46:04+00:00,-55.45,-65.12,-63.23,-58.82,-62.44,-46.77,-51.17,-64.31,-52.96,-48.02,-56.92,-66.05,-54.61,-43.18,-58.91,-41.49,-59.05,2026-06-04 21:46:04+00:00
2026-06-04T21:47:03+00:00,-55.30,-65.44,-63.49,-58.61,-63.44,-46.89,-51.31,-64.57,-52.78,-47.36,-56.94,-66.03,-54.43,-43.36,-58.88,-41.25,-59.24,2026-06-04 21:47:03+00:00
2026-06-04T21:48:03+00:00,-54.83,-65.76,-63.37,-58.76,-62.53,-46.91,-51.32,-64.86,-50.02,-46.47,-57.23,-66.12,-54.36,-43.06,-58.99,-40.36,-59.35,2026-06-04 21:48:03+00:00
2026-06-04T21:49:03+00:00,-54.80,-65.43,-63.37,-58.48,-62.42,-46.72,-51.40,-65.30,-50.04,-45.98,-57.16,-66.21,-54.42,-42.99,-59.06,-39.32,-59.25,2026-06-04 21:49:03+00:00
2026-06-04T21:50:04+00:00,-54.88,-65.47,-63.58,-58.49,-63.06,-46.86,-50.99,-64.94,-47.95,-45.35,-55.53,-66.38,-54.23,-43.26,-59.12,-39.63,-57.48,2026-06-04 21:50:04+00:00
2026-06-04T21:51:04+00:00,-55.26,-65.55,-63.36,-58.70,-62.79,-46.85,-51.23,-64.33,-47.98,-44.79,-57.04,-66.13,-53.95,-43.16,-59.09,-39.81,-59.10,2026-06-04 21:51:04+00:00
2026-06-04T21:52:04+00:00,-52.79,-65.03,-63.59,-58.99,-63.04,-46.69,-51.36,-64.13,-48.18,-43.83,-57.25,-65.87,-53.78,-43.04,-59.38,-38.79,-58.82,2026-06-04 21:52:04+00:00
2026-06-04T21:53:03+00:00,-53.05,-66.13,-63.69,-58.51,-64.58,-46.76,-51.52,-65.15,-48.15,-43.51,-55.93,-66.45,-53.72,-42.92,-59.37,-38.34,-59.14,2026-06-04 21:53:03+00:00
2026-06-04T21:54:03+00:00,-53.15,-65.38,-63.12,-58.43,-63.43,-46.63,-51.89,-64.55,-48.14,-43.24,-55.13,-65.77,-53.81,-42.50,-59.03,-38.16,-59.13,2026-06-04 21:54:03+00:00
2026-06-04T21:55:04+00:00,-53.15,-64.80,-63.27,-58.58,-62.81,-46.65,-52.07,-64.28,-48.18,-43.64,-55.16,-65.76,-53.80,-42.77,-59.10,-39.05,-58.48,2026-06-04 21:55:04+00:00
2026-06-04T21:56:04+00:00,-53.00,-65.49,-63.38,-58.54,-63.52,-46.74,-52.16,-64.73,-48.15,-43.75,-56.11,-66.20,-54.25,-42.01,-59.03,-39.19,-58.80,2026-06-04 21:56:04+00:00
2026-06-04T21:57:04+00:00,-52.68,-65.15,-63.10,-58.48,-62.83,-46.64,-52.19,-64.34,-48.15,-43.56,-56.78,-65.68,-54.10,-41.85,-58.14,-39.08,-58.86,2026-06-04 21:57:04+00:00
2026-06-04T21:58:04+00:00,-52.78,-65.66,-63.68,-58.54,-62.65,-46.66,-51.56,-64.76,-48.37,-43.77,-56.65,-66.07,-54.10,-41.39,-57.97,-39.03,-58.78,2026-06-04 21:58:04+00:00
2026-06-04T21:59:03+00:00,-52.72,-65.91,-63.21,-58.56,-62.76,-46.54,-51.28,-64.94,-48.32,-43.49,-56.82,-66.49,-54.11,-40.66,-59.42,-37.91,-58.93,2026-06-04 21:59:03+00:00
2026-06-04T22:00:03+00:00,-53.00,-66.18,-63.27,-58.58,-62.58,-46.76,-50.53,-64.28,-48.27,-43.67,-56.86,-65.38,-53.72,-40.73,-58.70,-36.06,-58.44,2026-06-04 22:00:03+00:00
2026-06-04T22:01:03+00:00,-53.20,-66.06,-63.21,-58.46,-63.10,-46.58,-53.73,-64.72,-48.33,-44.45,-56.84,-66.04,-53.79,-40.95,-59.30,-36.30,-59.28,2026-06-04 22:01:03+00:00
2026-06-04T22:02:03+00:00,-52.92,-65.97,-63.44,-58.39,-62.65,-46.48,-50.28,-64.77,-48.32,-44.17,-56.67,-65.96,-53.61,-40.96,-59.01,-36.65,-59.21,2026-06-04 22:02:03+00:00
2026-06-04T22:03:04+00:00,-52.46,-64.71,-63.09,-58.46,-63.08,-46.49,-50.55,-64.33,-49.79,-43.52,-56.77,-65.76,-53.86,-41.12,-59.10,-35.98,-58.93,2026-06-04 22:03:04+00:00
2026-06-04T22:04:04+00:00,-52.50,-64.77,-62.92,-58.39,-63.46,-46.44,-50.43,-64.28,-49.86,-43.61,-56.59,-65.51,-53.79,-41.64,-59.29,-35.60,-57.64,2026-06-04 22:04:04+00:00
2026-06-04T22:05:04+00:00,-52.87,-65.89,-63.26,-58.61,-63.19,-46.42,-49.89,-64.43,-53.54,-43.39,-53.71,-65.76,-53.99,-42.05,-59.26,-35.28,-59.10,2026-06-04 22:05:04+00:00
2026-06-04T22:06:03+00:00,-52.79,-65.10,-63.64,-58.50,-62.62,-46.61,-50.13,-64.63,-53.41,-43.18,-56.41,-65.62,-54.01,-41.47,-59.40,-36.23,-58.02,2026-06-04 22:06:03+00:00
2026-06-04T22:07:03+00:00,-49.44,-65.69,-63.44,-58.51,-62.77,-46.52,-50.13,-64.72,-53.00,-43.78,-56.42,-66.19,-53.69,-40.71,-59.34,-37.07,-59.33,2026-06-04 22:07:03+00:00
2026-06-04T22:08:03+00:00,-49.59,-65.33,-63.04,-58.31,-62.47,-46.84,-50.12,-64.44,-53.19,-44.07,-56.20,-65.11,-53.60,-40.65,-58.75,-36.94,-59.14,2026-06-04 22:08:03+00:00
2026-06-04T22:09:04+00:00,-49.68,-65.36,-63.66,-57.97,-63.11,-46.47,-50.09,-64.56,-53.10,-43.68,-56.22,-66.18,-53.46,-41.02,-59.28,-36.99,-59.26,2026-06-04 22:09:04+00:00
2026-06-04T22:10:04+00:00,-49.29,-64.45,-63.23,-58.59,-62.90,-46.45,-49.89,-63.22,-52.91,-43.90,-56.26,-65.66,-53.18,-41.69,-59.32,-37.55,-51.77,2026-06-04 22:10:04+00:00
2026-06-04T22:11:04+00:00,-49.38,-65.56,-63.36,-58.40,-63.01,-46.48,-49.72,-63.96,-52.89,-44.92,-56.30,-65.76,-52.86,-42.10,-59.30,-38.27,-53.36,2026-06-04 22:11:04+00:00
2026-06-04T22:12:03+00:00,-49.47,-65.74,-63.45,-58.53,-64.82,-46.60,-49.57,-63.84,-53.00,-45.31,-56.38,-66.16,-52.76,-42.43,-59.49,-38.65,-53.43,2026-06-04 22:12:03+00:00
2026-06-04T22:13:03+00:00,-49.49,-65.76,-63.72,-58.60,-62.87,-46.50,-49.36,-64.20,-52.94,-45.45,-56.50,-66.05,-52.58,-41.86,-59.16,-38.33,-54.46,2026-06-04 22:13:03+00:00
2026-06-04T22:14:04+00:00,-49.51,-64.76,-63.32,-58.64,-62.51,-46.67,-49.54,-62.66,-52.84,-44.28,-56.47,-65.41,-52.59,-42.27,-59.41,-38.22,-51.95,2026-06-04 22:14:04+00:00
2026-06-04T22:15:04+00:00,-49.42,-65.32,-63.37,-58.35,-63.80,-46.26,-49.59,-64.08,-52.56,-44.44,-56.40,-66.07,-52.13,-43.03,-59.51,-38.44,-53.32,2026-06-04 22:15:04+00:00
2026-06-04T22:16:04+00:00,-49.58,-64.71,-63.66,-58.31,-62.81,-46.39,-49.34,-64.70,-52.28,-44.42,-56.66,-65.89,-51.93,-43.04,-59.22,-36.86,-51.79,2026-06-04 22:16:04+00:00
2026-06-04T22:17:03+00:00,-49.42,-63.78,-63.20,-58.25,-61.86,-46.49,-49.48,-63.24,-52.43,-44.40,-56.69,-65.78,-51.71,-43.31,-59.09,-36.40,-54.43,2026-06-04 22:17:03+00:00
2026-06-04T22:18:03+00:00,-49.29,-64.58,-63.38,-58.52,-62.68,-46.50,-49.58,-63.76,-52.43,-44.54,-56.91,-65.86,-51.51,-44.23,-58.84,-35.11,-51.85,2026-06-04 22:18:03+00:00
2026-06-04T22:19:03+00:00,-49.38,-65.85,-63.17,-58.52,-63.23,-46.31,-49.96,-64.42,-52.42,-44.66,-56.93,-65.72,-51.36,-44.10,-59.29,-35.17,-54.58,2026-06-04 22:19:03+00:00
2026-06-04T22:20:04+00:00,-50.62,-65.05,-63.34,-58.50,-62.73,-46.57,-49.96,-63.45,-52.53,-44.30,-56.92,-65.46,-51.16,-43.92,-59.28,-34.30,-53.52,2026-06-04 22:20:04+00:00
2026-06-04T22:21:04+00:00,-50.70,-64.80,-63.63,-58.62,-63.50,-46.47,-49.37,-63.24,-52.41,-43.68,-56.74,-65.93,-51.24,-45.11,-57.73,-33.46,-51.87,2026-06-04 22:21:04+00:00
2026-06-04T22:22:03+00:00,-56.65,-64.72,-63.21,-58.73,-63.23,-46.56,-49.23,-63.17,-52.23,-43.17,-56.74,-65.57,-51.44,-46.08,-59.53,-33.67,-53.37,2026-06-04 22:22:03+00:00
2026-06-04T22:23:03+00:00,-56.95,-65.06,-63.00,-58.31,-63.01,-46.79,-49.08,-64.25,-52.26,-43.24,-56.34,-65.52,-51.60,-46.68,-59.48,-33.69,-51.92,2026-06-04 22:23:03+00:00
2026-06-04T22:24:04+00:00,-57.11,-65.50,-63.15,-58.26,-62.56,-46.64,-49.09,-64.44,-52.35,-43.54,-56.43,-65.29,-51.39,-46.93,-59.08,-33.91,-53.39,2026-06-04 22:24:04+00:00
2026-06-04T22:25:04+00:00,-56.80,-65.54,-63.46,-58.26,-64.22,-46.70,-49.01,-64.57,-52.13,-43.61,-56.38,-65.26,-51.18,-48.18,-59.70,-34.24,-53.41,2026-06-04 22:25:04+00:00
2026-06-04T22:26:04+00:00,-56.45,-65.09,-63.04,-58.37,-63.30,-46.77,-49.16,-64.41,-52.24,-44.46,-56.28,-65.47,-51.60,-50.08,-59.38,-35.11,-54.48,2026-06-04 22:26:04+00:00
2026-06-04T22:27:04+00:00,-53.21,-64.83,-63.13,-58.28,-62.82,-46.71,-49.20,-64.55,-52.20,-44.98,-56.15,-65.50,-51.82,-50.61,-59.44,-35.32,-54.64,2026-06-04 22:27:04+00:00
2026-06-04T22:28:03+00:00,-52.50,-65.12,-63.61,-58.50,-62.84,-47.88,-49.74,-64.51,-52.06,-44.93,-56.14,-66.21,-51.77,-50.42,-59.01,-35.07,-53.37,2026-06-04 22:28:03+00:00
2026-06-04T22:29:03+00:00,-52.21,-64.96,-63.57,-58.16,-62.83,-50.70,-49.63,-64.23,-52.14,-44.98,-56.31,-66.03,-51.73,-49.12,-59.60,-34.73,-51.75,2026-06-04 22:29:03+00:00
2026-06-04T22:30:04+00:00,-52.27,-65.51,-63.29,-58.25,-63.26,-50.51,-49.66,-64.07,-52.06,-45.20,-56.09,-65.91,-51.69,-49.14,-59.47,-35.28,-53.41,2026-06-04 22:30:04+00:00
2026-06-04T22:31:04+00:00,-52.25,-65.44,-63.48,-58.54,-62.48,-50.33,-49.76,-64.29,-52.17,-45.53,-56.49,-66.24,-51.47,-49.70,-59.41,-36.59,-53.44,2026-06-04 22:31:04+00:00
2026-06-04T22:32:04+00:00,-52.49,-65.53,-63.51,-58.57,-63.82,-50.56,-49.93,-64.19,-52.33,-45.39,-56.23,-66.27,-51.36,-49.22,-59.55,-36.97,-51.97,2026-06-04 22:32:04+00:00
2026-06-04T22:33:03+00:00,-52.00,-65.31,-63.64,-58.60,-62.24,-50.78,-50.16,-64.56,-49.91,-44.45,-56.33,-65.98,-51.10,-49.80,-58.96,-36.74,-53.60,2026-06-04 22:33:03+00:00
2026-06-04T22:34:03+00:00,-49.09,-65.46,-63.47,-58.60,-61.77,-51.09,-50.07,-64.30,-49.82,-44.21,-56.29,-66.03,-51.08,-49.73,-59.29,-36.66,-54.71,2026-06-04 22:34:03+00:00
2026-06-04T22:35:04+00:00,-48.69,-65.74,-66.38,-58.53,-63.63,-51.02,-50.02,-64.43,-49.00,-43.56,-53.50,-66.46,-50.89,-49.41,-59.27,-37.30,-51.99,2026-06-04 22:35:04+00:00
2026-06-04T22:36:04+00:00,-48.48,-65.92,-66.88,-58.56,-63.59,-51.01,-49.88,-64.58,-48.97,-43.21,-56.47,-66.81,-50.91,-49.53,-59.55,-37.42,-51.93,2026-06-04 22:36:04+00:00
2026-06-04T22:37:04+00:00,-48.59,-65.37,-66.06,-58.30,-63.08,-51.06,-49.94,-64.07,-49.34,-43.65,-57.07,-66.42,-50.86,-51.47,-59.07,-36.97,-51.91,2026-06-04 22:37:04+00:00
2026-06-04T22:38:04+00:00,-48.77,-65.42,-66.43,-58.27,-62.60,-51.18,-49.88,-64.45,-49.32,-43.83,-56.58,-66.24,-50.74,-51.43,-59.19,-36.73,-52.06,2026-06-04 22:38:04+00:00
2026-06-04T22:39:03+00:00,-49.21,-64.49,-66.31,-58.33,-62.49,-51.33,-50.24,-64.63,-49.34,-43.76,-56.63,-66.26,-50.63,-51.72,-59.19,-36.70,-53.34,2026-06-04 22:39:03+00:00
2026-06-04T22:40:03+00:00,-50.15,-64.80,-66.27,-58.39,-62.25,-51.37,-50.24,-64.57,-49.39,-44.35,-56.19,-66.26,-50.59,-50.77,-58.90,-37.64,-53.35,2026-06-04 22:40:03+00:00
2026-06-04T22:41:04+00:00,-51.13,-65.06,-66.11,-58.56,-63.32,-51.85,-50.01,-64.56,-49.36,-44.68,-55.91,-66.53,-50.46,-50.88,-59.45,-38.49,-51.87,2026-06-04 22:41:04+00:00
2026-06-04T22:42:04+00:00,-50.97,-65.55,-66.54,-58.54,-63.14,-51.66,-49.69,-64.64,-49.34,-44.64,-56.14,-66.40,-50.54,-51.22,-59.04,-38.26,-58.61,2026-06-04 22:42:04+00:00
2026-06-04T22:43:03+00:00,-51.26,-65.27,-66.35,-58.37,-63.89,-51.95,-50.13,-64.27,-49.30,-45.03,-56.32,-66.04,-50.70,-51.76,-59.12,-37.92,-54.33,2026-06-04 22:43:03+00:00
2026-06-04T22:44:03+00:00,-51.19,-65.26,-66.09,-58.57,-62.69,-52.20,-50.61,-64.10,-49.16,-45.14,-56.53,-66.04,-50.43,-52.83,-59.32,-37.12,-53.31,2026-06-04 22:44:03+00:00
2026-06-04T22:45:04+00:00,-51.07,-65.24,-65.98,-58.35,-62.31,-51.96,-50.28,-64.63,-49.56,-45.41,-56.52,-66.25,-50.14,-52.64,-59.18,-36.72,-51.98,2026-06-04 22:45:04+00:00
2026-06-04T22:46:04+00:00,-51.25,-65.62,-66.20,-58.71,-62.69,-51.63,-50.59,-64.77,-49.49,-45.02,-56.30,-65.93,-50.27,-53.06,-59.27,-36.84,-51.87,2026-06-04 22:46:04+00:00
2026-06-04T22:47:04+00:00,-51.30,-65.74,-66.10,-58.48,-62.35,-51.57,-50.87,-64.97,-49.45,-45.47,-56.24,-66.10,-50.45,-55.66,-59.00,-36.08,-51.99,2026-06-04 22:47:04+00:00
2026-06-04T22:48:03+00:00,-50.97,-65.61,-66.26,-58.71,-63.20,-50.29,-50.70,-64.24,-51.69,-45.11,-56.81,-66.58,-50.59,-59.07,-59.45,-35.90,-51.92,2026-06-04 22:48:03+00:00
2026-06-04T22:49:03+00:00,-51.09,-65.57,-65.91,-58.74,-62.77,-50.28,-50.33,-64.34,-51.66,-45.10,-56.82,-65.95,-50.69,-60.05,-58.75,-36.16,-53.90,2026-06-04 22:49:03+00:00
2026-06-04T22:50:04+00:00,-51.47,-65.69,-66.04,-59.14,-62.98,-46.83,-49.95,-64.53,-62.99,-45.62,-56.60,-65.89,-50.79,-57.28,-59.35,-36.67,-53.59,2026-06-04 22:50:04+00:00
2026-06-04T22:51:04+00:00,-51.48,-65.79,-66.51,-59.24,-63.24,-46.46,-49.49,-64.98,-62.16,-45.67,-56.40,-65.84,-50.71,-55.40,-59.29,-36.66,-53.44,2026-06-04 22:51:04+00:00
2026-06-04T22:52:04+00:00,-48.87,-64.31,-65.61,-58.23,-62.56,-46.56,-49.87,-64.63,-59.64,-45.42,-56.26,-66.04,-50.87,-52.84,-59.21,-36.88,-54.46,2026-06-04 22:52:04+00:00
2026-06-04T22:53:03+00:00,-49.55,-65.03,-65.51,-57.98,-63.50,-46.79,-50.47,-64.64,-59.48,-45.31,-55.87,-65.83,-50.95,-51.50,-59.39,-37.58,-54.55,2026-06-04 22:53:03+00:00
2026-06-04T22:54:03+00:00,-49.41,-65.46,-65.73,-58.32,-63.85,-46.95,-50.64,-65.07,-59.81,-45.95,-55.65,-66.15,-51.04,-50.75,-59.07,-38.38,-51.85,2026-06-04 22:54:03+00:00
2026-06-04T22:55:03+00:00,-50.73,-64.73,-65.59,-58.15,-63.35,-46.88,-50.27,-64.56,-59.42,-46.59,-55.62,-65.99,-51.01,-50.72,-59.66,-38.41,-51.98,2026-06-04 22:55:03+00:00
2026-06-04T22:56:04+00:00,-50.86,-64.92,-65.79,-58.16,-62.16,-46.71,-50.61,-65.01,-59.50,-47.28,-55.80,-66.04,-51.32,-49.95,-59.70,-38.31,-53.56,2026-06-04 22:56:04+00:00
2026-06-04T22:57:04+00:00,-50.69,-64.75,-65.93,-58.36,-62.68,-46.83,-50.63,-64.79,-59.46,-48.16,-55.90,-66.18,-51.41,-51.50,-59.66,-36.55,-53.93,2026-06-04 22:57:04+00:00
2026-06-04T22:58:04+00:00,-49.91,-64.82,-65.97,-58.15,-62.04,-47.05,-50.37,-64.41,-59.64,-48.34,-55.88,-66.07,-51.21,-53.51,-59.04,-36.95,-54.74,2026-06-04 22:58:04+00:00
2026-06-04T22:59:03+00:00,-49.78,-65.16,-65.01,-58.01,-62.30,-46.97,-50.55,-64.55,-59.32,-48.19,-55.81,-65.90,-50.91,-53.84,-59.15,-36.94,-54.78,2026-06-04 22:59:03+00:00
2026-06-04T23:00:03+00:00,-49.41,-65.49,-66.04,-58.10,-63.29,-46.89,-50.53,-65.14,-59.06,-47.81,-55.85,-66.23,-50.86,-52.95,-59.11,-36.85,-54.74,2026-06-04 23:00:03+00:00
2026-06-04T23:01:03+00:00,-49.57,-64.02,-65.57,-57.99,-63.45,-47.12,-50.54,-64.39,-57.92,-48.14,-55.95,-65.83,-50.72,-54.29,-58.54,-37.29,-54.83,2026-06-04 23:01:03+00:00
2026-06-04T23:02:03+00:00,-48.61,-64.86,-65.67,-57.83,-63.20,-47.38,-50.51,-64.19,-57.91,-49.56,-56.07,-65.93,-50.65,-56.68,-58.52,-37.06,-52.03,2026-06-04 23:02:03+00:00
2026-06-04T23:03:04+00:00,-48.73,-65.36,-65.60,-58.00,-63.60,-47.31,-50.86,-64.78,-58.15,-49.41,-56.22,-66.00,-50.83,-55.06,-58.62,-38.05,-52.10,2026-06-04 23:03:04+00:00
2026-06-04T23:04:04+00:00,-48.96,-64.92,-65.89,-58.13,-62.55,-47.42,-51.05,-64.31,-58.21,-50.00,-56.12,-65.88,-50.66,-55.43,-58.76,-40.01,-52.14,2026-06-04 23:04:04+00:00
2026-06-04T23:05:03+00:00,-48.93,-64.62,-65.58,-58.31,-63.57,-47.47,-50.44,-64.28,-57.99,-50.48,-56.02,-65.59,-50.72,-54.13,-58.97,-40.61,-54.78,2026-06-04 23:05:03+00:00
2026-06-04T23:06:04+00:00,-48.94,-65.51,-66.09,-58.51,-63.11,-47.50,-50.30,-63.92,-58.18,-49.52,-55.90,-66.05,-50.82,-56.77,-59.22,-40.70,-54.92,2026-06-04 23:06:04+00:00
2026-06-04T23:07:03+00:00,-51.56,-64.96,-65.60,-58.46,-62.67,-47.28,-51.08,-63.97,-57.26,-48.39,-55.60,-65.87,-50.77,-59.17,-59.40,-41.98,-52.01,2026-06-04 23:07:03+00:00
2026-06-04T23:08:03+00:00,-53.12,-64.64,-65.81,-58.45,-63.95,-47.27,-50.64,-64.14,-57.15,-47.22,-55.64,-66.04,-50.93,-57.07,-59.50,-43.61,-54.69,2026-06-04 23:08:03+00:00
2026-06-04T23:09:04+00:00,-53.29,-65.35,-66.30,-58.53,-62.55,-47.37,-50.68,-65.19,-57.16,-47.71,-55.80,-66.30,-50.90,-55.98,-59.22,-43.58,-53.59,2026-06-04 23:09:04+00:00
2026-06-04T23:10:04+00:00,-52.95,-64.89,-65.52,-58.46,-62.19,-47.36,-50.64,-64.15,-57.32,-48.55,-56.10,-66.00,-51.00,-56.64,-59.46,-42.34,-51.96,2026-06-04 23:10:04+00:00
2026-06-04T23:11:03+00:00,-53.25,-65.27,-65.76,-58.53,-63.10,-47.64,-50.90,-64.24,-57.19,-48.34,-56.19,-65.96,-50.94,-55.69,-59.42,-41.84,-54.77,2026-06-04 23:11:03+00:00
2026-06-04T23:12:03+00:00,-52.82,-65.49,-65.65,-58.57,-62.84,-47.51,-50.49,-64.05,-57.26,-48.07,-56.20,-66.00,-50.76,-56.48,-59.49,-42.92,-54.72,2026-06-04 23:12:03+00:00
2026-06-04T23:13:04+00:00,-52.67,-65.54,-66.02,-58.49,-63.41,-47.54,-50.11,-64.59,-57.20,-48.57,-55.54,-66.03,-50.68,-55.72,-59.10,-43.56,-53.58,2026-06-04 23:13:04+00:00
2026-06-04T23:14:04+00:00,-52.72,-65.01,-65.76,-58.82,-62.66,-47.53,-49.92,-63.84,-57.41,-48.60,-56.22,-66.10,-50.68,-56.29,-59.75,-43.57,-53.61,2026-06-04 23:14:04+00:00
2026-06-04T23:15:04+00:00,-52.72,-65.31,-65.49,-58.74,-62.92,-47.78,-50.64,-64.47,-57.30,-48.00,-56.20,-66.26,-50.88,-60.05,-59.37,-42.33,-53.65,2026-06-04 23:15:04+00:00
2026-06-04T23:16:03+00:00,-52.77,-64.98,-65.77,-58.77,-63.65,-47.42,-51.17,-64.66,-57.13,-48.67,-56.20,-65.85,-50.71,-61.46,-59.71,-42.61,-52.02,2026-06-04 23:16:03+00:00
2026-06-04T23:17:03+00:00,-53.11,-65.24,-66.11,-59.07,-61.77,-47.43,-51.47,-65.01,-56.11,-49.92,-56.02,-66.13,-50.73,-57.11,-59.04,-42.01,-54.74,2026-06-04 23:17:03+00:00
2026-06-04T23:18:04+00:00,-51.24,-65.13,-65.77,-58.78,-62.96,-47.52,-50.99,-64.86,-51.97,-50.30,-55.99,-65.83,-50.82,-56.26,-59.86,-41.53,-53.53,2026-06-04 23:18:04+00:00
2026-06-04T23:19:04+00:00,-50.91,-65.14,-65.94,-58.64,-63.37,-47.67,-50.57,-65.26,-51.92,-49.25,-55.64,-65.81,-50.86,-56.79,-59.18,-39.64,-52.03,2026-06-04 23:19:04+00:00
2026-06-04T23:20:03+00:00,-50.12,-66.04,-66.81,-58.68,-63.28,-47.82,-50.18,-65.55,-48.91,-49.56,-55.52,-66.44,-51.03,-60.86,-59.46,-38.73,-54.75,2026-06-04 23:20:03+00:00
2026-06-04T23:21:03+00:00,-50.51,-65.71,-66.26,-58.58,-62.96,-47.80,-50.76,-65.42,-48.90,-49.90,-55.05,-65.70,-51.03,-62.68,-59.03,-39.97,-52.02,2026-06-04 23:21:03+00:00
2026-06-04T23:22:03+00:00,-50.83,-65.76,-66.17,-58.59,-62.65,-47.65,-50.60,-65.21,-49.27,-50.40,-55.07,-65.26,-50.94,-60.59,-59.51,-40.90,-51.90,2026-06-04 23:22:03+00:00
2026-06-04T23:23:04+00:00,-51.43,-65.88,-66.36,-58.94,-61.93,-47.78,-50.67,-65.32,-49.30,-50.76,-54.94,-65.20,-50.87,-58.97,-59.07,-42.08,-51.95,2026-06-04 23:23:04+00:00
2026-06-04T23:24:04+00:00,-51.46,-65.86,-66.31,-58.88,-61.64,-48.06,-50.47,-65.20,-49.30,-49.66,-54.79,-64.68,-50.91,-56.97,-58.98,-42.96,-53.50,2026-06-04 23:24:04+00:00
2026-06-04T23:25:03+00:00,-51.27,-65.68,-65.90,-59.06,-62.26,-48.04,-50.01,-65.40,-49.33,-48.46,-54.84,-64.45,-50.74,-54.55,-59.07,-42.95,-51.95,2026-06-04 23:25:03+00:00
2026-06-04T23:26:03+00:00,-51.23,-65.75,-66.19,-59.08,-62.84,-48.25,-49.90,-65.16,-49.32,-48.92,-54.54,-64.52,-50.97,-55.12,-59.33,-43.45,-52.07,2026-06-04 23:26:03+00:00
2026-06-04T23:27:04+00:00,-51.14,-65.20,-65.77,-59.15,-62.37,-48.08,-49.65,-65.00,-49.31,-49.35,-54.58,-64.30,-50.95,-55.41,-59.09,-44.54,-53.68,2026-06-04 23:27:04+00:00
2026-06-04T23:28:04+00:00,-52.25,-65.50,-65.80,-58.75,-62.22,-48.08,-49.81,-65.06,-49.35,-49.22,-54.18,-63.73,-50.91,-51.65,-58.85,-44.74,-53.46,2026-06-04 23:28:04+00:00
2026-06-04T23:29:04+00:00,-55.23,-65.56,-66.18,-59.10,-62.47,-47.91,-49.94,-65.32,-49.43,-49.22,-54.14,-62.26,-50.77,-51.09,-59.58,-45.03,-53.50,2026-06-04 23:29:04+00:00
2026-06-04T23:30:03+00:00,-55.38,-65.53,-66.07,-59.05,-61.46,-47.95,-49.78,-65.50,-49.38,-49.27,-54.25,-61.38,-50.98,-48.89,-58.86,-43.53,-53.34,2026-06-04 23:30:03+00:00
2026-06-04T23:31:04+00:00,-55.35,-65.42,-66.07,-59.23,-61.61,-47.96,-49.82,-65.36,-49.39,-49.11,-54.40,-61.05,-51.22,-48.14,-59.20,-42.36,-54.57,2026-06-04 23:31:04+00:00
2026-06-04T23:32:04+00:00,-55.78,-65.94,-66.01,-59.48,-61.29,-47.95,-49.85,-64.92,-49.74,-47.26,-54.09,-61.11,-51.43,-48.08,-58.98,-42.82,-53.43,2026-06-04 23:32:04+00:00
2026-06-04T23:33:04+00:00,-55.60,-65.18,-65.79,-59.02,-61.69,-47.85,-50.23,-65.37,-51.47,-47.05,-54.14,-61.76,-51.47,-48.68,-58.84,-42.32,-54.63,2026-06-04 23:33:04+00:00
2026-06-04T23:34:03+00:00,-55.97,-65.50,-66.12,-59.16,-62.95,-47.77,-50.26,-65.33,-51.90,-47.46,-54.24,-62.27,-51.63,-48.67,-59.42,-41.04,-53.51,2026-06-04 23:34:03+00:00
2026-06-04T23:35:03+00:00,-56.00,-65.51,-66.13,-59.07,-62.30,-47.89,-49.87,-65.31,-64.09,-47.96,-54.12,-62.80,-51.78,-48.66,-58.73,-42.10,-53.55,2026-06-04 23:35:03+00:00
2026-06-04T23:36:04+00:00,-52.90,-65.53,-66.21,-59.04,-62.84,-48.06,-49.36,-65.46,-63.94,-48.06,-54.10,-62.05,-51.61,-49.22,-59.17,-41.56,-51.95,2026-06-04 23:36:04+00:00
2026-06-04T23:37:04+00:00,-49.46,-65.48,-66.56,-59.07,-63.44,-47.95,-49.90,-65.03,-59.81,-47.41,-53.99,-61.26,-51.40,-50.07,-59.56,-42.96,-53.57,2026-06-04 23:37:04+00:00
2026-06-04T23:38:03+00:00,-49.36,-65.50,-66.24,-59.06,-63.05,-47.80,-49.74,-65.03,-59.90,-47.00,-54.05,-61.11,-51.45,-49.15,-59.14,-42.21,-51.96,2026-06-04 23:38:03+00:00
2026-06-04T23:39:03+00:00,-49.42,-65.19,-66.15,-58.87,-63.28,-47.92,-49.44,-65.19,-59.97,-47.85,-53.88,-61.03,-51.61,-48.67,-59.27,-42.25,-53.52,2026-06-04 23:39:03+00:00
2026-06-04T23:40:04+00:00,-49.41,-64.53,-66.37,-59.31,-63.22,-47.76,-48.99,-65.33,-59.87,-47.99,-53.58,-60.89,-51.58,-47.33,-59.26,-42.35,-54.67,2026-06-04 23:40:04+00:00
2026-06-04T23:41:04+00:00,-49.48,-65.27,-66.25,-59.20,-62.62,-47.93,-49.29,-65.47,-59.70,-47.61,-53.38,-61.05,-51.49,-45.58,-58.88,-43.25,-53.51,2026-06-04 23:41:04+00:00
2026-06-04T23:42:04+00:00,-49.58,-65.43,-66.34,-59.27,-62.05,-47.68,-49.06,-65.61,-59.52,-47.78,-53.47,-61.70,-51.41,-44.60,-58.97,-44.69,-53.61,2026-06-04 23:42:04+00:00
2026-06-04T23:43:03+00:00,-49.58,-66.03,-66.71,-59.28,-63.59,-47.68,-49.11,-65.52,-59.70,-46.78,-53.55,-61.86,-51.62,-43.69,-59.22,-45.36,-54.71,2026-06-04 23:43:03+00:00
2026-06-04T23:44:03+00:00,-49.52,-65.61,-66.09,-59.04,-63.15,-47.70,-48.57,-64.75,-59.71,-47.32,-53.60,-62.24,-51.90,-43.17,-59.22,-44.75,-53.77,2026-06-04 23:44:03+00:00
2026-06-04T23:45:04+00:00,-49.51,-65.29,-66.40,-59.22,-63.09,-52.28,-48.30,-64.65,-59.43,-47.50,-53.52,-62.11,-51.87,-42.87,-59.28,-44.09,-53.80,2026-06-04 23:45:04+00:00
2026-06-04T23:46:04+00:00,-49.46,-65.99,-66.19,-59.55,-64.08,-52.11,-48.07,-65.06,-59.47,-47.16,-53.28,-62.34,-52.09,-42.81,-59.10,-44.79,-52.10,2026-06-04 23:46:04+00:00
2026-06-04T23:47:03+00:00,-48.78,-66.03,-66.66,-59.10,-63.60,-52.20,-48.31,-65.09,-60.11,-46.80,-53.32,-62.55,-52.07,-43.28,-58.98,-44.92,-59.60,2026-06-04 23:47:03+00:00
2026-06-04T23:48:03+00:00,-48.52,-65.73,-66.59,-59.11,-62.31,-51.99,-48.39,-64.83,-60.34,-47.18,-53.12,-62.35,-51.99,-43.38,-58.98,-43.84,-51.99,2026-06-04 23:48:03+00:00
2026-06-04T23:49:04+00:00,-48.21,-65.83,-66.36,-59.11,-63.02,-51.72,-48.61,-65.25,-60.16,-47.48,-52.77,-61.70,-51.70,-43.56,-59.19,-43.24,-52.04,2026-06-04 23:49:04+00:00
2026-06-04T23:50:04+00:00,-49.05,-66.38,-66.32,-59.31,-62.26,-51.73,-48.77,-64.97,-59.11,-47.74,-52.72,-59.29,-51.78,-43.51,-59.33,-43.48,-54.56,2026-06-04 23:50:04+00:00
2026-06-04T23:51:04+00:00,-49.35,-64.71,-66.32,-59.17,-62.06,-51.58,-48.59,-64.43,-58.43,-48.33,-52.62,-58.49,-51.73,-43.26,-58.90,-43.29,-53.53,2026-06-04 23:51:04+00:00
2026-06-04T23:52:04+00:00,-52.83,-65.09,-66.08,-59.34,-62.22,-51.60,-49.01,-64.98,-57.38,-48.62,-52.48,-58.76,-51.83,-43.31,-59.32,-44.32,-53.40,2026-06-04 23:52:04+00:00
2026-06-04T23:53:03+00:00,-53.06,-65.11,-66.30,-59.29,-60.52,-51.73,-48.97,-65.39,-57.48,-49.30,-52.62,-59.37,-51.56,-43.39,-59.00,-43.30,-54.51,2026-06-04 23:53:03+00:00
2026-06-04T23:54:03+00:00,-53.03,-65.27,-66.40,-59.18,-63.08,-52.00,-49.29,-65.62,-57.53,-49.62,-52.53,-61.82,-51.29,-44.06,-58.95,-43.70,-54.65,2026-06-04 23:54:03+00:00
2026-06-04T23:55:04+00:00,-53.19,-65.59,-66.06,-59.05,-62.45,-52.04,-49.03,-65.35,-57.51,-48.81,-52.71,-62.53,-51.08,-44.90,-59.01,-45.10,-51.92,2026-06-04 23:55:04+00:00
2026-06-04T23:56:04+00:00,-52.97,-65.64,-66.54,-59.29,-61.33,-52.31,-48.74,-64.81,-57.38,-48.31,-52.56,-63.04,-51.42,-44.79,-59.26,-44.81,-53.52,2026-06-04 23:56:04+00:00
2026-06-04T23:57:04+00:00,-53.17,-66.21,-66.70,-59.41,-62.55,-52.30,-48.74,-65.59,-57.41,-47.40,-52.61,-63.29,-51.34,-45.23,-59.00,-44.19,-52.03,2026-06-04 23:57:04+00:00
2026-06-04T23:58:03+00:00,-53.13,-65.27,-66.43,-59.10,-62.55,-52.21,-48.93,-65.35,-57.53,-47.56,-52.57,-62.96,-51.38,-44.70,-59.17,-43.27,-53.48,2026-06-04 23:58:03+00:00
2026-06-04T23:59:03+00:00,-53.19,-65.55,-66.34,-59.19,-61.78,-51.75,-48.73,-65.19,-57.46,-47.25,-52.40,-63.12,-51.62,-43.90,-59.41,-42.98,-53.43,2026-06-04 23:59:03+00:00
