data,4500,11350,27200,58750,89750,19600,20270,20900,22600,23400,24000,26700,29700,45900,63850,77500,Ch17,data_parsed
2026-08-02T00:00:03+00:00,-50.08,-60.07,-63.81,-61.87,-63.36,-52.31,-53.10,-44.46,-53.68,-42.02,-51.58,-60.56,-49.86,-44.30,-45.09,-42.95,-53.55,2026-08-02 00:00:03+00:00
2026-08-02T00:01:03+00:00,-49.52,-59.57,-63.61,-61.95,-63.06,-48.52,-52.64,-44.46,-53.69,-42.22,-50.57,-60.41,-49.92,-43.51,-45.32,-43.00,-55.17,2026-08-02 00:01:03+00:00
2026-08-02T00:02:03+00:00,-49.24,-59.63,-62.97,-61.74,-63.92,-48.91,-53.18,-44.42,-53.16,-42.31,-50.58,-60.81,-49.80,-43.67,-45.01,-43.87,-54.47,2026-08-02 00:02:03+00:00
2026-08-02T00:03:03+00:00,-47.82,-59.51,-64.21,-61.95,-63.88,-48.80,-48.95,-44.49,-52.90,-42.59,-52.20,-61.25,-49.66,-44.06,-45.17,-43.39,-54.37,2026-08-02 00:03:03+00:00
2026-08-02T00:04:04+00:00,-49.58,-59.08,-64.22,-61.90,-63.39,-47.64,-48.76,-44.58,-52.99,-42.89,-52.45,-59.92,-49.59,-43.74,-45.31,-46.34,-53.48,2026-08-02 00:04:04+00:00
2026-08-02T00:05:03+00:00,-49.78,-59.31,-64.20,-61.85,-64.37,-47.78,-48.63,-44.75,-53.38,-42.96,-52.64,-60.10,-49.72,-43.65,-45.63,-46.35,-55.07,2026-08-02 00:05:03+00:00
2026-08-02T00:06:03+00:00,-49.71,-59.38,-64.61,-61.69,-64.50,-47.59,-48.46,-45.05,-53.31,-43.18,-52.37,-62.63,-49.55,-43.30,-45.98,-45.12,-53.21,2026-08-02 00:06:03+00:00
2026-08-02T00:07:04+00:00,-49.71,-59.85,-64.61,-62.13,-65.34,-47.59,-48.55,-44.90,-53.29,-43.18,-51.59,-62.86,-49.18,-42.98,-46.27,-43.61,-53.60,2026-08-02 00:07:04+00:00
2026-08-02T00:08:04+00:00,-49.93,-59.55,-64.76,-61.92,-65.19,-47.59,-48.68,-44.86,-53.27,-43.35,-51.69,-64.02,-49.39,-42.49,-46.45,-42.04,-53.60,2026-08-02 00:08:04+00:00
2026-08-02T00:09:03+00:00,-50.02,-60.02,-64.95,-62.09,-63.95,-47.81,-47.42,-45.02,-53.03,-43.15,-51.92,-62.86,-49.44,-42.64,-46.67,-42.33,-53.27,2026-08-02 00:09:03+00:00
2026-08-02T00:10:04+00:00,-50.00,-59.31,-63.08,-61.90,-64.89,-48.04,-48.73,-45.04,-52.88,-42.45,-51.69,-61.41,-49.58,-42.64,-47.15,-41.49,-54.19,2026-08-02 00:10:04+00:00
2026-08-02T00:11:04+00:00,-49.39,-59.14,-63.98,-62.20,-63.56,-47.91,-48.54,-45.22,-52.60,-42.06,-51.74,-61.12,-49.42,-42.44,-47.04,-40.55,-53.34,2026-08-02 00:11:04+00:00
2026-08-02T00:12:03+00:00,-49.53,-59.04,-64.10,-62.11,-63.28,-47.95,-48.44,-45.15,-52.42,-42.17,-51.02,-61.17,-49.07,-42.86,-46.96,-40.69,-53.35,2026-08-02 00:12:03+00:00
2026-08-02T00:13:04+00:00,-48.42,-59.21,-64.06,-62.05,-63.65,-47.97,-48.35,-45.14,-52.59,-42.28,-50.40,-61.26,-49.11,-43.08,-46.96,-40.86,-53.31,2026-08-02 00:13:04+00:00
2026-08-02T00:14:04+00:00,-48.49,-58.69,-63.21,-62.17,-63.76,-47.59,-48.16,-45.07,-52.73,-42.74,-50.75,-61.27,-49.17,-43.27,-47.41,-40.77,-54.64,2026-08-02 00:14:04+00:00
2026-08-02T00:15:03+00:00,-49.47,-59.02,-64.70,-61.94,-62.25,-47.79,-48.19,-45.00,-53.08,-43.46,-51.77,-61.44,-49.46,-43.32,-46.80,-41.67,-54.20,2026-08-02 00:15:03+00:00
2026-08-02T00:16:04+00:00,-49.22,-58.83,-64.75,-62.05,-62.90,-47.95,-48.16,-44.95,-53.05,-43.83,-51.65,-61.47,-49.27,-43.74,-46.62,-42.15,-53.60,2026-08-02 00:16:04+00:00
2026-08-02T00:17:04+00:00,-49.45,-59.81,-64.85,-61.93,-63.87,-48.15,-48.20,-44.58,-54.26,-43.48,-51.29,-61.19,-49.14,-43.71,-46.78,-42.95,-53.44,2026-08-02 00:17:04+00:00
2026-08-02T00:18:03+00:00,-49.37,-59.00,-64.57,-61.81,-63.21,-48.14,-48.41,-44.63,-54.21,-43.07,-50.85,-61.02,-48.97,-43.77,-46.26,-44.14,-54.47,2026-08-02 00:18:03+00:00
2026-08-02T00:19:03+00:00,-49.75,-59.47,-64.86,-62.23,-63.96,-48.00,-48.52,-44.52,-54.09,-42.90,-49.86,-61.60,-49.04,-44.11,-45.87,-44.78,-53.58,2026-08-02 00:19:03+00:00
2026-08-02T00:20:04+00:00,-49.94,-59.31,-64.52,-61.86,-63.65,-48.16,-48.62,-44.63,-54.08,-43.39,-49.70,-61.44,-48.97,-44.31,-45.75,-46.24,-55.46,2026-08-02 00:20:04+00:00
2026-08-02T00:21:03+00:00,-49.28,-58.98,-64.42,-61.68,-63.39,-47.77,-47.58,-44.53,-53.59,-44.03,-51.03,-61.45,-49.13,-44.32,-45.51,-46.83,-53.24,2026-08-02 00:21:03+00:00
2026-08-02T00:22:03+00:00,-47.76,-59.48,-63.25,-61.79,-63.32,-48.25,-48.59,-44.48,-53.41,-44.31,-51.25,-61.85,-49.08,-44.02,-45.24,-47.66,-53.49,2026-08-02 00:22:03+00:00
2026-08-02T00:23:04+00:00,-50.33,-59.48,-64.13,-61.87,-63.34,-47.98,-48.92,-44.11,-53.21,-44.00,-51.19,-59.00,-48.75,-43.71,-44.56,-49.55,-54.62,2026-08-02 00:23:04+00:00
2026-08-02T00:24:04+00:00,-50.45,-59.55,-64.10,-62.09,-63.05,-48.01,-48.69,-44.05,-53.30,-43.89,-50.73,-60.64,-48.42,-43.61,-44.69,-49.72,-53.48,2026-08-02 00:24:04+00:00
2026-08-02T00:25:03+00:00,-50.34,-59.42,-64.16,-61.66,-63.46,-48.19,-48.74,-44.11,-52.99,-44.02,-49.88,-61.46,-48.14,-42.73,-44.32,-49.32,-54.87,2026-08-02 00:25:03+00:00
2026-08-02T00:26:03+00:00,-50.29,-59.28,-63.49,-61.91,-64.51,-48.25,-48.39,-44.31,-53.22,-44.35,-49.56,-61.85,-48.18,-43.05,-44.73,-50.12,-54.49,2026-08-02 00:26:03+00:00
2026-08-02T00:27:04+00:00,-50.25,-59.75,-64.94,-62.07,-63.99,-48.29,-48.39,-44.51,-53.44,-45.32,-50.36,-61.98,-48.48,-42.86,-44.58,-52.26,-55.34,2026-08-02 00:27:04+00:00
2026-08-02T00:28:04+00:00,-48.86,-59.86,-64.94,-61.79,-63.89,-48.20,-48.69,-44.44,-51.10,-45.82,-50.65,-61.85,-48.45,-42.75,-44.40,-51.09,-53.64,2026-08-02 00:28:04+00:00
2026-08-02T00:29:03+00:00,-48.55,-59.57,-64.40,-61.90,-64.25,-48.05,-48.67,-44.59,-50.97,-46.28,-50.27,-61.72,-48.40,-42.74,-44.67,-50.39,-54.17,2026-08-02 00:29:03+00:00
2026-08-02T00:30:04+00:00,-47.69,-59.31,-64.74,-61.68,-63.62,-48.12,-48.63,-44.72,-50.98,-46.79,-50.20,-61.56,-48.23,-43.70,-44.99,-49.95,-53.69,2026-08-02 00:30:04+00:00
2026-08-02T00:31:04+00:00,-49.90,-59.21,-64.49,-62.12,-63.96,-48.15,-48.74,-44.83,-51.20,-46.12,-49.65,-61.00,-47.75,-44.25,-44.87,-49.65,-55.44,2026-08-02 00:31:04+00:00
2026-08-02T00:32:04+00:00,-49.92,-59.02,-64.57,-61.90,-64.46,-48.31,-48.34,-44.85,-51.24,-46.51,-49.20,-60.50,-47.59,-44.55,-44.90,-50.31,-54.92,2026-08-02 00:32:04+00:00
2026-08-02T00:33:03+00:00,-49.83,-59.28,-64.68,-62.12,-62.14,-47.86,-47.53,-44.85,-51.24,-48.19,-49.99,-59.96,-47.56,-44.20,-44.83,-50.73,-53.70,2026-08-02 00:33:03+00:00
2026-08-02T00:34:03+00:00,-48.12,-59.03,-62.86,-61.97,-63.41,-48.61,-48.74,-44.98,-51.09,-48.71,-49.88,-59.91,-47.63,-44.19,-44.88,-51.89,-54.87,2026-08-02 00:34:03+00:00
2026-08-02T00:35:04+00:00,-47.96,-58.93,-63.76,-61.70,-63.48,-48.16,-48.85,-44.93,-50.88,-47.76,-49.65,-59.55,-47.63,-44.77,-44.62,-52.49,-54.89,2026-08-02 00:35:04+00:00
2026-08-02T00:36:03+00:00,-47.49,-58.71,-63.96,-61.97,-62.80,-48.05,-49.04,-44.98,-51.10,-46.72,-49.64,-60.18,-47.81,-44.49,-45.03,-52.05,-53.53,2026-08-02 00:36:03+00:00
2026-08-02T00:37:03+00:00,-47.36,-58.93,-63.79,-61.95,-64.08,-45.60,-49.07,-45.13,-51.04,-46.02,-49.56,-60.66,-47.56,-44.26,-44.84,-50.81,-55.30,2026-08-02 00:37:03+00:00
2026-08-02T00:38:04+00:00,-46.87,-59.50,-63.33,-62.04,-63.81,-45.70,-48.91,-45.33,-51.19,-46.71,-48.84,-61.30,-47.62,-44.37,-45.08,-53.51,-52.44,2026-08-02 00:38:04+00:00
2026-08-02T00:39:04+00:00,-47.40,-59.32,-63.82,-61.87,-64.32,-45.41,-48.84,-45.54,-51.38,-46.55,-49.17,-62.03,-47.41,-44.52,-44.75,-55.93,-54.14,2026-08-02 00:39:04+00:00
2026-08-02T00:40:03+00:00,-47.33,-59.21,-64.64,-62.15,-63.58,-45.41,-49.01,-45.74,-51.52,-46.97,-49.75,-62.42,-47.66,-45.12,-44.80,-54.31,-53.82,2026-08-02 00:40:03+00:00
2026-08-02T00:41:03+00:00,-47.41,-59.66,-64.63,-61.92,-63.70,-45.56,-48.70,-45.69,-51.38,-46.28,-49.74,-62.94,-47.43,-45.50,-44.73,-50.80,-53.45,2026-08-02 00:41:03+00:00
2026-08-02T00:42:04+00:00,-47.41,-59.47,-64.69,-61.89,-63.14,-45.71,-48.70,-45.50,-51.56,-46.48,-49.52,-62.99,-47.44,-46.62,-44.08,-50.31,-51.62,2026-08-02 00:42:04+00:00
2026-08-02T00:43:03+00:00,-46.79,-59.38,-64.58,-62.13,-63.84,-45.39,-48.87,-45.54,-54.51,-46.25,-49.19,-63.19,-47.65,-46.62,-44.12,-49.73,-51.68,2026-08-02 00:43:03+00:00
2026-08-02T00:44:03+00:00,-46.80,-58.97,-64.47,-61.79,-63.06,-45.89,-49.08,-45.71,-54.43,-45.54,-48.66,-63.10,-47.49,-47.18,-44.15,-49.39,-53.37,2026-08-02 00:44:03+00:00
2026-08-02T00:45:04+00:00,-47.41,-59.18,-64.76,-61.95,-62.60,-45.47,-47.78,-45.74,-54.27,-45.15,-48.73,-63.84,-47.63,-47.80,-44.28,-49.86,-53.49,2026-08-02 00:45:04+00:00
2026-08-02T00:46:04+00:00,-47.43,-58.36,-62.95,-61.93,-63.34,-45.29,-48.60,-45.64,-53.95,-45.67,-49.31,-63.48,-47.90,-46.93,-44.35,-48.48,-52.31,2026-08-02 00:46:04+00:00
2026-08-02T00:47:03+00:00,-47.62,-58.99,-63.89,-61.92,-62.79,-45.41,-48.68,-45.29,-52.30,-45.17,-49.29,-63.47,-48.00,-46.39,-44.76,-46.29,-50.20,2026-08-02 00:47:03+00:00
2026-08-02T00:48:03+00:00,-47.45,-59.19,-63.91,-61.38,-63.03,-45.51,-48.88,-45.35,-52.36,-45.78,-49.05,-63.13,-47.97,-46.84,-44.74,-44.95,-53.04,2026-08-02 00:48:03+00:00
2026-08-02T00:49:04+00:00,-47.76,-58.73,-64.01,-61.83,-63.69,-45.53,-48.98,-45.20,-52.44,-45.65,-48.65,-63.51,-47.95,-45.70,-45.14,-45.05,-53.39,2026-08-02 00:49:04+00:00
2026-08-02T00:50:03+00:00,-47.72,-58.76,-63.20,-62.22,-63.25,-45.63,-49.08,-45.21,-52.53,-45.87,-48.60,-63.64,-48.07,-46.02,-45.37,-45.35,-52.85,2026-08-02 00:50:03+00:00
2026-08-02T00:51:03+00:00,-47.85,-58.86,-64.53,-61.44,-64.02,-45.73,-49.19,-45.31,-52.71,-45.93,-48.54,-63.64,-47.91,-45.30,-45.43,-44.36,-53.03,2026-08-02 00:51:03+00:00
2026-08-02T00:52:04+00:00,-47.11,-57.86,-64.68,-61.84,-63.82,-45.49,-48.68,-45.40,-52.65,-46.13,-48.97,-63.58,-48.34,-45.43,-45.92,-42.65,-52.90,2026-08-02 00:52:04+00:00
2026-08-02T00:53:04+00:00,-47.74,-58.37,-64.75,-62.12,-64.27,-45.75,-48.43,-45.11,-52.62,-45.88,-49.10,-63.90,-48.59,-45.63,-46.36,-42.69,-53.29,2026-08-02 00:53:04+00:00
2026-08-02T00:54:03+00:00,-47.79,-58.71,-64.74,-62.11,-63.46,-45.65,-48.07,-45.01,-52.41,-46.14,-49.00,-63.50,-48.85,-45.48,-47.11,-42.81,-52.49,2026-08-02 00:54:03+00:00
2026-08-02T00:55:04+00:00,-47.76,-58.99,-64.54,-62.37,-63.01,-45.49,-48.16,-44.90,-52.54,-45.42,-48.73,-63.50,-48.90,-45.05,-47.84,-42.56,-53.51,2026-08-02 00:55:04+00:00
2026-08-02T00:56:04+00:00,-47.81,-58.35,-64.53,-62.37,-64.60,-45.67,-48.17,-44.75,-52.83,-45.55,-48.01,-63.88,-48.79,-45.02,-47.59,-42.41,-53.16,2026-08-02 00:56:04+00:00
2026-08-02T00:57:03+00:00,-47.85,-59.61,-64.46,-62.24,-64.15,-49.15,-47.39,-44.67,-52.80,-45.67,-47.95,-63.70,-48.54,-44.45,-47.95,-42.54,-53.32,2026-08-02 00:57:03+00:00
2026-08-02T00:58:03+00:00,-47.01,-59.09,-63.09,-61.88,-63.68,-49.58,-49.14,-44.71,-52.62,-46.12,-48.81,-64.20,-48.85,-45.11,-47.68,-42.95,-53.74,2026-08-02 00:58:03+00:00
2026-08-02T00:59:04+00:00,-47.39,-58.49,-63.81,-61.77,-63.60,-49.77,-49.23,-44.68,-52.46,-45.71,-48.99,-63.73,-48.74,-45.45,-47.90,-43.19,-53.22,2026-08-02 00:59:04+00:00
2026-08-02T01:00:03+00:00,-48.06,-58.69,-63.77,-61.75,-62.69,-49.76,-48.85,-44.73,-52.41,-45.49,-48.85,-63.30,-48.97,-45.73,-47.97,-42.77,-53.64,2026-08-02 01:00:03+00:00
2026-08-02T01:01:04+00:00,-48.96,-58.41,-63.58,-62.26,-63.81,-49.69,-48.53,-44.88,-52.37,-44.66,-48.76,-62.75,-49.13,-46.21,-47.66,-42.77,-53.32,2026-08-02 01:01:04+00:00
2026-08-02T01:02:03+00:00,-49.42,-58.82,-63.23,-62.22,-63.49,-49.93,-48.50,-44.90,-53.76,-44.24,-48.64,-63.15,-48.78,-45.72,-47.29,-42.52,-52.33,2026-08-02 01:02:03+00:00
2026-08-02T01:03:04+00:00,-49.74,-59.10,-64.53,-61.99,-63.71,-49.50,-48.75,-45.10,-54.26,-45.01,-48.46,-63.36,-48.81,-46.18,-47.43,-41.98,-52.21,2026-08-02 01:03:04+00:00
2026-08-02T01:04:04+00:00,-48.25,-58.67,-64.36,-62.12,-63.04,-49.28,-48.54,-45.09,-54.23,-45.15,-48.75,-62.65,-48.90,-45.83,-47.35,-41.74,-53.20,2026-08-02 01:04:04+00:00
2026-08-02T01:05:03+00:00,-49.49,-58.28,-64.75,-61.37,-64.28,-49.02,-48.44,-45.19,-54.45,-45.46,-48.34,-62.42,-48.63,-45.77,-47.45,-41.47,-53.52,2026-08-02 01:05:03+00:00
2026-08-02T01:06:04+00:00,-49.85,-58.29,-64.49,-62.18,-62.33,-49.03,-48.52,-45.32,-54.34,-45.04,-48.51,-62.07,-48.92,-46.04,-47.92,-41.53,-52.90,2026-08-02 01:06:04+00:00
2026-08-02T01:07:03+00:00,-49.91,-58.56,-64.43,-61.56,-63.44,-49.26,-48.61,-45.50,-54.33,-44.29,-48.29,-61.95,-48.49,-45.33,-47.82,-41.49,-53.37,2026-08-02 01:07:03+00:00
2026-08-02T01:08:03+00:00,-49.88,-58.43,-64.37,-61.79,-63.81,-49.23,-48.40,-45.47,-54.50,-43.90,-47.97,-61.76,-48.41,-45.51,-48.01,-40.62,-53.01,2026-08-02 01:08:03+00:00
2026-08-02T01:09:04+00:00,-49.93,-59.07,-64.81,-62.11,-63.36,-48.18,-47.43,-45.69,-53.96,-43.88,-47.58,-61.96,-48.47,-45.51,-48.12,-39.88,-52.91,2026-08-02 01:09:04+00:00
2026-08-02T01:10:04+00:00,-48.59,-58.56,-63.02,-61.88,-65.10,-48.51,-48.45,-45.65,-53.51,-43.70,-48.38,-61.95,-48.56,-45.77,-48.23,-38.80,-53.57,2026-08-02 01:10:04+00:00
2026-08-02T01:11:03+00:00,-48.51,-58.75,-63.75,-62.10,-63.49,-46.39,-48.55,-45.58,-53.33,-42.98,-48.49,-61.57,-48.67,-46.56,-48.59,-38.16,-53.66,2026-08-02 01:11:03+00:00
2026-08-02T01:12:04+00:00,-49.07,-58.76,-63.76,-61.85,-63.24,-45.97,-48.66,-45.37,-53.28,-42.97,-48.36,-61.48,-48.78,-47.31,-48.85,-37.94,-52.73,2026-08-02 01:12:04+00:00
2026-08-02T01:13:04+00:00,-50.03,-58.83,-63.86,-61.88,-64.11,-45.73,-44.95,-45.12,-50.99,-43.21,-48.50,-61.38,-48.72,-47.68,-49.31,-37.65,-53.32,2026-08-02 01:13:04+00:00
2026-08-02T01:14:03+00:00,-49.91,-58.24,-63.28,-62.23,-63.22,-45.78,-49.19,-45.39,-51.09,-42.87,-47.75,-61.98,-48.67,-47.98,-49.64,-37.40,-53.26,2026-08-02 01:14:03+00:00
2026-08-02T01:15:03+00:00,-50.27,-58.33,-64.59,-61.76,-63.12,-45.89,-49.31,-45.21,-51.33,-43.14,-47.43,-62.08,-49.04,-47.91,-49.62,-37.33,-53.98,2026-08-02 01:15:03+00:00
2026-08-02T01:16:04+00:00,-49.24,-58.66,-64.25,-62.01,-62.97,-45.81,-49.26,-45.19,-51.39,-43.19,-48.62,-61.93,-49.24,-48.10,-49.84,-37.05,-54.17,2026-08-02 01:16:04+00:00
2026-08-02T01:17:04+00:00,-50.02,-58.49,-64.32,-62.16,-63.82,-45.80,-49.26,-45.22,-51.47,-43.13,-48.42,-62.21,-48.38,-47.80,-50.55,-36.80,-54.16,2026-08-02 01:17:04+00:00
2026-08-02T01:18:03+00:00,-48.91,-58.11,-64.36,-61.68,-63.95,-45.87,-49.00,-45.22,-51.48,-43.79,-48.38,-62.20,-48.31,-48.21,-50.77,-36.83,-53.15,2026-08-02 01:18:03+00:00
2026-08-02T01:19:04+00:00,-49.13,-58.44,-64.90,-61.94,-63.59,-45.73,-49.34,-45.27,-51.33,-43.78,-48.54,-62.44,-49.04,-48.78,-51.12,-36.68,-53.39,2026-08-02 01:19:04+00:00
2026-08-02T01:20:04+00:00,-51.53,-58.04,-64.47,-61.90,-63.18,-45.64,-49.17,-45.33,-51.40,-44.00,-48.04,-62.12,-48.92,-47.72,-51.95,-36.85,-52.90,2026-08-02 01:20:04+00:00
2026-08-02T01:21:03+00:00,-50.30,-58.10,-64.39,-61.95,-62.29,-45.67,-48.03,-45.17,-51.24,-44.64,-47.72,-61.66,-48.97,-47.72,-52.58,-36.98,-52.98,2026-08-02 01:21:03+00:00
2026-08-02T01:22:03+00:00,-49.86,-58.23,-62.79,-61.62,-65.24,-45.57,-49.19,-45.18,-51.09,-45.07,-48.33,-61.47,-49.05,-46.85,-53.12,-36.89,-53.23,2026-08-02 01:22:03+00:00
2026-08-02T01:23:04+00:00,-49.61,-58.80,-64.23,-61.77,-64.12,-45.70,-49.25,-45.25,-50.98,-44.71,-48.14,-61.41,-49.09,-46.33,-54.16,-37.15,-53.19,2026-08-02 01:23:04+00:00
2026-08-02T01:24:03+00:00,-50.86,-58.22,-63.85,-61.94,-62.89,-45.32,-49.06,-45.17,-50.90,-44.43,-48.19,-60.79,-49.01,-46.46,-54.88,-37.17,-53.67,2026-08-02 01:24:03+00:00
2026-08-02T01:25:03+00:00,-51.34,-57.94,-63.97,-62.14,-63.26,-45.44,-48.65,-45.23,-50.95,-44.12,-47.73,-60.93,-48.82,-46.21,-55.58,-37.19,-52.99,2026-08-02 01:25:03+00:00
2026-08-02T01:26:04+00:00,-51.43,-58.38,-63.29,-62.43,-63.23,-45.36,-48.68,-45.25,-51.17,-44.63,-47.14,-60.93,-49.00,-45.71,-56.66,-37.11,-52.99,2026-08-02 01:26:04+00:00
2026-08-02T01:27:04+00:00,-51.72,-58.76,-64.35,-61.86,-63.03,-45.76,-48.83,-45.37,-51.54,-44.98,-47.25,-61.15,-48.80,-45.41,-57.84,-37.40,-52.83,2026-08-02 01:27:04+00:00
2026-08-02T01:28:03+00:00,-50.74,-58.41,-64.48,-62.00,-63.42,-45.74,-48.88,-45.42,-54.29,-45.44,-48.20,-61.06,-49.22,-44.67,-58.59,-37.04,-53.74,2026-08-02 01:28:03+00:00
2026-08-02T01:29:03+00:00,-51.00,-58.75,-63.32,-61.94,-64.61,-46.34,-48.98,-45.41,-51.41,-45.88,-48.06,-61.20,-49.27,-44.17,-58.81,-37.06,-53.15,2026-08-02 01:29:03+00:00
2026-08-02T01:30:04+00:00,-50.37,-58.13,-64.43,-62.20,-63.48,-46.24,-45.03,-45.45,-54.29,-45.25,-47.97,-61.32,-49.20,-43.96,-59.48,-37.05,-53.93,2026-08-02 01:30:04+00:00
2026-08-02T01:31:04+00:00,-51.69,-58.18,-64.54,-62.29,-64.49,-46.38,-49.42,-45.63,-54.29,-44.30,-47.84,-61.35,-49.17,-43.05,-59.23,-37.19,-53.16,2026-08-02 01:31:04+00:00
2026-08-02T01:32:04+00:00,-51.27,-58.39,-64.65,-62.25,-63.93,-46.49,-49.51,-45.73,-52.68,-44.33,-47.76,-61.56,-49.18,-42.52,-59.31,-37.60,-53.17,2026-08-02 01:32:04+00:00
2026-08-02T01:33:03+00:00,-49.90,-58.92,-64.40,-62.09,-64.05,-51.07,-47.57,-45.99,-52.67,-44.35,-47.87,-61.73,-49.12,-42.66,-58.94,-38.07,-53.76,2026-08-02 01:33:03+00:00
2026-08-02T01:34:03+00:00,-49.89,-58.65,-64.58,-62.20,-62.85,-50.82,-49.16,-45.91,-52.53,-44.27,-47.45,-61.70,-49.37,-42.42,-58.65,-37.80,-53.64,2026-08-02 01:34:03+00:00
2026-08-02T01:35:04+00:00,-49.72,-57.89,-64.46,-62.34,-64.90,-51.45,-48.86,-46.17,-52.48,-45.07,-47.92,-61.94,-49.51,-42.00,-57.99,-37.48,-53.22,2026-08-02 01:35:04+00:00
2026-08-02T01:36:04+00:00,-49.71,-58.17,-64.48,-62.13,-63.56,-51.88,-48.76,-46.42,-52.43,-45.36,-47.94,-61.87,-49.73,-41.67,-57.85,-37.96,-53.89,2026-08-02 01:36:04+00:00
2026-08-02T01:37:03+00:00,-49.07,-58.45,-63.63,-62.25,-64.39,-51.85,-49.09,-46.56,-52.40,-45.14,-47.78,-61.96,-49.92,-41.80,-57.53,-38.18,-53.09,2026-08-02 01:37:03+00:00
2026-08-02T01:38:03+00:00,-48.97,-57.82,-64.60,-62.17,-64.55,-51.34,-48.83,-46.41,-52.58,-45.33,-47.74,-61.48,-49.98,-41.65,-57.67,-38.05,-54.27,2026-08-02 01:38:03+00:00
2026-08-02T01:39:04+00:00,-49.72,-57.90,-64.59,-62.31,-63.07,-51.33,-48.91,-46.27,-52.70,-45.11,-47.90,-62.02,-49.80,-41.63,-57.69,-37.47,-53.31,2026-08-02 01:39:04+00:00
2026-08-02T01:40:04+00:00,-49.71,-58.02,-64.50,-61.87,-63.33,-51.46,-49.12,-46.55,-52.64,-44.74,-47.94,-61.58,-49.98,-41.87,-56.93,-37.42,-53.81,2026-08-02 01:40:04+00:00
2026-08-02T01:41:03+00:00,-50.47,-58.35,-64.35,-61.75,-64.49,-51.23,-49.05,-46.65,-52.85,-44.70,-47.98,-61.54,-50.17,-42.16,-56.05,-37.62,-54.12,2026-08-02 01:41:03+00:00
2026-08-02T01:42:03+00:00,-50.02,-58.63,-64.25,-62.19,-63.12,-50.82,-48.98,-46.22,-52.79,-44.99,-48.03,-61.58,-50.68,-42.21,-55.24,-37.40,-53.79,2026-08-02 01:42:03+00:00
2026-08-02T01:43:04+00:00,-49.51,-59.00,-64.56,-62.15,-63.64,-50.48,-49.35,-45.94,-52.85,-44.69,-48.10,-61.31,-51.13,-42.60,-54.25,-37.51,-54.02,2026-08-02 01:43:04+00:00
2026-08-02T01:44:04+00:00,-50.22,-58.50,-64.07,-62.11,-63.76,-50.68,-49.02,-45.94,-53.21,-44.08,-48.21,-61.48,-50.96,-42.96,-54.29,-37.71,-53.17,2026-08-02 01:44:04+00:00
2026-08-02T01:45:03+00:00,-50.42,-58.57,-64.33,-61.81,-62.79,-50.64,-47.32,-45.88,-53.06,-43.69,-48.17,-61.22,-50.63,-42.60,-53.97,-37.68,-53.81,2026-08-02 01:45:03+00:00
2026-08-02T01:46:04+00:00,-50.52,-58.73,-64.53,-61.75,-63.55,-50.22,-49.18,-45.77,-53.02,-43.44,-47.95,-61.33,-50.81,-42.81,-53.68,-37.86,-53.16,2026-08-02 01:46:04+00:00
2026-08-02T01:47:04+00:00,-50.65,-58.30,-64.29,-61.86,-64.15,-50.72,-49.18,-45.79,-54.28,-43.50,-48.19,-61.59,-50.92,-43.32,-53.25,-38.09,-52.90,2026-08-02 01:47:04+00:00
2026-08-02T01:48:03+00:00,-49.57,-58.50,-64.59,-61.93,-63.53,-51.39,-49.04,-45.83,-54.19,-43.94,-48.08,-61.79,-51.25,-43.54,-52.38,-38.44,-53.23,2026-08-02 01:48:03+00:00
2026-08-02T01:49:03+00:00,-49.52,-58.51,-63.97,-62.20,-62.86,-51.86,-49.04,-45.70,-54.15,-43.96,-48.03,-61.99,-51.53,-43.68,-52.86,-38.49,-54.12,2026-08-02 01:49:03+00:00
2026-08-02T01:50:04+00:00,-50.37,-58.06,-64.76,-62.27,-63.41,-51.94,-49.34,-45.53,-54.19,-44.04,-47.61,-61.53,-51.54,-43.05,-52.53,-38.74,-53.81,2026-08-02 01:50:04+00:00
2026-08-02T01:51:03+00:00,-50.58,-58.33,-64.44,-61.86,-62.95,-52.16,-49.41,-45.40,-54.32,-44.30,-47.86,-61.76,-51.34,-43.24,-52.11,-39.33,-53.87,2026-08-02 01:51:03+00:00
2026-08-02T01:52:03+00:00,-50.58,-58.32,-64.73,-62.17,-63.46,-52.28,-49.36,-45.20,-54.44,-44.55,-47.94,-61.85,-51.52,-43.94,-51.49,-39.66,-52.70,2026-08-02 01:52:03+00:00
2026-08-02T01:53:04+00:00,-50.36,-58.34,-64.73,-61.59,-63.72,-52.25,-49.31,-45.31,-54.43,-45.03,-48.17,-61.80,-51.74,-43.74,-51.10,-39.69,-52.85,2026-08-02 01:53:04+00:00
2026-08-02T01:54:04+00:00,-50.22,-58.41,-64.57,-62.29,-63.69,-51.82,-49.47,-45.02,-54.59,-45.77,-48.14,-61.73,-51.98,-43.98,-51.03,-39.76,-53.45,2026-08-02 01:54:04+00:00
2026-08-02T01:55:03+00:00,-50.17,-58.10,-64.71,-62.20,-64.84,-51.49,-49.54,-45.03,-54.50,-45.34,-48.34,-62.00,-52.20,-44.54,-51.00,-39.46,-53.19,2026-08-02 01:55:03+00:00
2026-08-02T01:56:04+00:00,-49.02,-57.55,-64.69,-61.93,-64.62,-51.61,-49.11,-45.07,-54.36,-45.53,-48.28,-61.81,-51.78,-43.64,-50.67,-39.41,-53.04,2026-08-02 01:56:04+00:00
2026-08-02T01:57:04+00:00,-50.14,-58.29,-64.55,-62.26,-63.11,-50.00,-47.33,-44.98,-53.37,-45.43,-48.42,-61.85,-51.59,-43.50,-50.83,-39.60,-53.21,2026-08-02 01:57:04+00:00
2026-08-02T01:58:03+00:00,-50.29,-58.16,-64.68,-62.18,-63.47,-49.56,-49.16,-45.04,-51.34,-45.02,-48.15,-61.48,-51.69,-43.75,-50.92,-39.72,-53.21,2026-08-02 01:58:03+00:00
2026-08-02T01:59:03+00:00,-50.29,-58.10,-64.80,-62.16,-63.41,-48.90,-49.07,-45.22,-51.15,-45.14,-48.25,-61.72,-51.83,-43.32,-50.97,-39.79,-53.29,2026-08-02 01:59:03+00:00
2026-08-02T02:00:04+00:00,-50.51,-58.21,-64.51,-61.86,-63.46,-48.79,-49.04,-45.35,-51.17,-45.44,-48.41,-61.77,-51.48,-43.64,-51.38,-40.18,-53.50,2026-08-02 02:00:04+00:00
2026-08-02T02:01:04+00:00,-49.17,-58.47,-65.21,-61.76,-63.01,-48.60,-49.32,-45.30,-52.75,-45.29,-48.25,-61.72,-50.95,-43.60,-51.30,-40.23,-53.54,2026-08-02 02:01:04+00:00
2026-08-02T02:02:04+00:00,-48.90,-58.31,-66.71,-62.12,-64.20,-48.77,-49.21,-45.36,-52.92,-45.37,-48.33,-61.55,-50.61,-43.67,-51.38,-40.07,-54.19,2026-08-02 02:02:04+00:00
2026-08-02T02:03:04+00:00,-49.87,-57.98,-66.94,-61.96,-62.90,-48.71,-49.01,-45.20,-52.81,-46.07,-48.36,-62.00,-50.48,-43.28,-51.29,-39.84,-53.61,2026-08-02 02:03:04+00:00
2026-08-02T02:04:03+00:00,-50.01,-58.33,-67.12,-61.97,-63.82,-48.41,-48.71,-45.22,-52.99,-45.94,-48.50,-61.93,-50.26,-43.39,-51.61,-39.87,-53.84,2026-08-02 02:04:03+00:00
2026-08-02T02:05:03+00:00,-50.34,-58.02,-67.13,-61.75,-63.44,-48.60,-48.57,-45.04,-52.91,-45.77,-48.25,-61.94,-50.39,-43.59,-51.61,-39.65,-53.60,2026-08-02 02:05:03+00:00
2026-08-02T02:06:04+00:00,-50.47,-57.82,-66.42,-62.19,-63.40,-48.52,-48.62,-44.98,-52.88,-45.11,-48.35,-61.57,-50.13,-43.43,-51.82,-39.83,-53.89,2026-08-02 02:06:04+00:00
2026-08-02T02:07:04+00:00,-50.85,-58.29,-66.72,-62.01,-62.85,-48.48,-48.75,-45.03,-52.86,-44.71,-48.36,-61.69,-50.17,-44.03,-51.79,-39.52,-53.77,2026-08-02 02:07:04+00:00
2026-08-02T02:08:03+00:00,-49.45,-58.02,-66.72,-62.44,-64.11,-48.41,-49.13,-45.07,-52.87,-44.71,-48.36,-61.27,-50.11,-44.25,-51.77,-39.04,-53.85,2026-08-02 02:08:03+00:00
2026-08-02T02:09:03+00:00,-49.55,-57.62,-67.21,-61.76,-63.03,-48.18,-47.27,-45.10,-52.81,-44.61,-48.12,-60.80,-49.79,-43.92,-52.27,-38.99,-53.38,2026-08-02 02:09:03+00:00
2026-08-02T02:10:04+00:00,-49.72,-58.52,-66.76,-61.64,-62.83,-48.13,-48.98,-44.99,-52.97,-44.82,-47.77,-60.49,-49.98,-43.47,-52.23,-39.72,-53.51,2026-08-02 02:10:04+00:00
2026-08-02T02:11:04+00:00,-50.77,-58.64,-66.50,-61.99,-63.13,-48.73,-49.07,-44.93,-53.21,-45.05,-47.96,-60.21,-49.88,-42.52,-51.19,-40.57,-53.50,2026-08-02 02:11:04+00:00
2026-08-02T02:12:03+00:00,-50.59,-58.30,-66.64,-62.08,-63.33,-48.84,-48.92,-44.97,-56.55,-45.03,-48.04,-61.05,-49.97,-42.07,-50.32,-40.99,-54.07,2026-08-02 02:12:03+00:00
2026-08-02T02:13:04+00:00,-50.62,-57.78,-65.40,-62.17,-62.85,-48.84,-49.01,-45.15,-58.92,-45.11,-48.06,-60.92,-49.81,-41.55,-49.82,-41.25,-53.93,2026-08-02 02:13:04+00:00
2026-08-02T02:14:04+00:00,-50.42,-58.60,-67.12,-62.26,-63.23,-48.45,-49.03,-45.10,-59.09,-45.42,-47.76,-60.98,-49.69,-41.74,-49.38,-41.79,-53.55,2026-08-02 02:14:04+00:00
2026-08-02T02:15:03+00:00,-50.65,-58.08,-66.86,-62.16,-63.44,-48.80,-48.92,-45.15,-59.06,-44.74,-47.95,-61.19,-49.75,-41.45,-49.00,-41.95,-54.11,2026-08-02 02:15:03+00:00
2026-08-02T02:16:03+00:00,-50.30,-58.15,-66.70,-61.90,-63.39,-48.89,-49.21,-45.09,-58.79,-44.38,-48.21,-61.03,-49.70,-41.19,-48.92,-42.48,-53.94,2026-08-02 02:16:03+00:00
2026-08-02T02:17:04+00:00,-49.17,-58.37,-66.66,-62.41,-63.82,-49.17,-49.00,-44.89,-55.55,-44.44,-48.03,-61.22,-49.85,-41.17,-48.26,-43.59,-53.74,2026-08-02 02:17:04+00:00
2026-08-02T02:18:04+00:00,-50.03,-57.94,-66.28,-62.54,-63.20,-49.05,-48.85,-44.64,-55.22,-44.77,-48.08,-61.24,-49.91,-40.81,-48.07,-44.07,-54.10,2026-08-02 02:18:04+00:00
2026-08-02T02:19:03+00:00,-49.83,-58.32,-66.76,-61.70,-64.10,-49.34,-48.43,-44.76,-54.53,-44.74,-48.17,-61.47,-49.68,-40.63,-47.62,-44.52,-53.64,2026-08-02 02:19:03+00:00
2026-08-02T02:20:04+00:00,-50.55,-58.57,-66.84,-61.96,-63.34,-49.34,-48.43,-44.83,-54.36,-44.68,-47.93,-61.17,-49.59,-40.68,-46.73,-44.90,-54.13,2026-08-02 02:20:04+00:00
2026-08-02T02:21:04+00:00,-50.21,-58.64,-66.72,-62.14,-63.03,-49.36,-47.29,-44.72,-54.24,-44.42,-47.87,-60.92,-49.59,-40.77,-46.16,-45.93,-54.13,2026-08-02 02:21:04+00:00
2026-08-02T02:22:03+00:00,-50.39,-58.47,-67.31,-62.38,-62.53,-49.02,-48.78,-44.69,-54.48,-44.23,-47.58,-61.33,-49.76,-41.06,-46.02,-45.97,-53.99,2026-08-02 02:22:03+00:00
2026-08-02T02:23:03+00:00,-49.00,-58.39,-67.21,-62.37,-63.48,-49.43,-48.55,-44.62,-54.35,-44.49,-47.75,-61.39,-49.84,-41.33,-45.85,-45.87,-53.52,2026-08-02 02:23:03+00:00
2026-08-02T02:24:04+00:00,-49.26,-58.44,-66.98,-62.10,-62.60,-49.37,-48.58,-44.36,-54.13,-44.46,-47.68,-61.28,-49.61,-41.29,-46.05,-46.62,-53.27,2026-08-02 02:24:04+00:00
2026-08-02T02:25:04+00:00,-49.19,-58.62,-65.77,-61.82,-62.78,-49.39,-48.80,-44.31,-54.22,-44.16,-47.77,-61.63,-49.35,-41.67,-45.66,-47.52,-53.32,2026-08-02 02:25:04+00:00
2026-08-02T02:26:03+00:00,-50.17,-57.74,-67.32,-61.73,-63.11,-49.31,-48.80,-44.15,-54.19,-44.32,-47.53,-61.15,-49.10,-42.02,-45.56,-47.17,-53.62,2026-08-02 02:26:03+00:00
2026-08-02T02:27:04+00:00,-50.48,-57.99,-67.40,-62.04,-62.06,-49.51,-48.61,-44.22,-54.23,-44.79,-47.72,-61.26,-49.17,-41.87,-45.48,-48.38,-54.17,2026-08-02 02:27:04+00:00
2026-08-02T02:28:04+00:00,-49.25,-58.10,-66.60,-62.11,-63.05,-49.55,-48.65,-43.94,-54.39,-44.61,-48.01,-61.09,-49.15,-42.24,-45.94,-48.32,-53.48,2026-08-02 02:28:04+00:00
2026-08-02T02:29:03+00:00,-49.08,-58.10,-66.84,-62.05,-63.36,-49.48,-48.38,-44.16,-54.37,-44.15,-47.92,-61.25,-48.93,-42.14,-45.48,-48.64,-53.40,2026-08-02 02:29:03+00:00
2026-08-02T02:30:03+00:00,-49.38,-57.97,-67.11,-61.75,-63.92,-49.39,-48.43,-44.16,-54.85,-44.14,-47.84,-61.17,-49.28,-42.67,-45.92,-50.04,-53.55,2026-08-02 02:30:03+00:00
2026-08-02T02:31:03+00:00,-49.09,-58.42,-67.19,-61.70,-62.22,-49.05,-48.43,-43.89,-54.91,-44.57,-47.73,-61.67,-49.48,-42.59,-46.40,-50.03,-53.84,2026-08-02 02:31:03+00:00
2026-08-02T02:32:04+00:00,-49.24,-58.26,-67.16,-61.94,-63.16,-49.07,-48.10,-44.15,-57.23,-44.80,-47.71,-61.77,-49.82,-42.50,-46.39,-50.96,-56.85,2026-08-02 02:32:04+00:00
2026-08-02T02:33:04+00:00,-49.74,-57.96,-66.91,-62.42,-63.00,-48.71,-44.41,-44.03,-57.12,-44.54,-47.67,-62.26,-49.77,-43.22,-46.43,-50.90,-57.28,2026-08-02 02:33:04+00:00
2026-08-02T02:34:03+00:00,-49.79,-58.51,-67.01,-62.34,-64.18,-48.75,-48.61,-43.98,-57.67,-44.16,-47.35,-61.95,-50.40,-44.09,-46.52,-50.60,-57.05,2026-08-02 02:34:03+00:00
2026-08-02T02:35:04+00:00,-49.56,-57.84,-66.59,-62.09,-63.66,-51.72,-49.06,-44.00,-57.31,-43.85,-47.66,-62.33,-50.79,-44.93,-46.42,-51.18,-56.91,2026-08-02 02:35:04+00:00
2026-08-02T02:36:03+00:00,-49.64,-57.93,-66.97,-61.88,-63.37,-51.81,-49.07,-43.99,-57.53,-43.65,-47.77,-62.05,-51.62,-46.20,-46.68,-52.12,-57.18,2026-08-02 02:36:03+00:00
2026-08-02T02:37:04+00:00,-49.95,-58.03,-65.60,-62.00,-64.32,-51.66,-48.94,-43.91,-57.47,-43.11,-47.81,-62.24,-52.44,-47.06,-46.59,-49.87,-57.25,2026-08-02 02:37:04+00:00
2026-08-02T02:38:04+00:00,-49.16,-57.86,-66.87,-61.94,-63.66,-51.88,-48.91,-43.99,-57.67,-42.53,-47.61,-62.05,-53.60,-47.88,-46.56,-49.67,-56.78,2026-08-02 02:38:04+00:00
2026-08-02T02:39:03+00:00,-50.14,-57.78,-66.82,-62.11,-63.83,-51.80,-48.72,-43.92,-57.84,-42.08,-47.66,-62.28,-54.52,-47.44,-46.63,-49.32,-56.88,2026-08-02 02:39:03+00:00
2026-08-02T02:40:03+00:00,-50.10,-58.06,-67.44,-62.06,-63.79,-51.37,-48.90,-43.94,-57.94,-42.35,-47.44,-62.43,-56.09,-48.56,-46.42,-49.58,-56.74,2026-08-02 02:40:03+00:00
2026-08-02T02:41:04+00:00,-50.19,-58.80,-66.93,-62.06,-63.54,-51.16,-48.69,-44.10,-58.77,-42.40,-47.32,-62.26,-57.00,-49.10,-46.81,-48.84,-57.17,2026-08-02 02:41:04+00:00
2026-08-02T02:42:04+00:00,-50.29,-58.11,-66.97,-61.84,-64.37,-51.52,-48.57,-44.19,-53.14,-42.60,-47.52,-62.56,-58.02,-50.30,-46.52,-48.87,-57.37,2026-08-02 02:42:04+00:00
2026-08-02T02:43:03+00:00,-50.29,-57.65,-66.84,-62.02,-64.50,-51.44,-48.78,-44.15,-53.09,-42.91,-47.43,-62.48,-58.97,-49.84,-46.69,-48.06,-57.42,2026-08-02 02:43:03+00:00
2026-08-02T02:44:04+00:00,-49.11,-57.94,-67.01,-62.51,-64.55,-51.91,-48.78,-43.91,-53.03,-42.92,-47.46,-62.57,-59.27,-49.57,-46.79,-48.08,-56.96,2026-08-02 02:44:04+00:00
2026-08-02T02:45:04+00:00,-50.03,-58.22,-67.00,-61.99,-63.29,-51.26,-47.36,-44.09,-53.00,-42.60,-47.42,-62.73,-59.00,-48.94,-46.75,-47.61,-56.71,2026-08-02 02:45:04+00:00
2026-08-02T02:46:03+00:00,-49.99,-60.95,-66.95,-62.16,-63.40,-51.55,-49.15,-44.06,-52.97,-42.73,-47.10,-62.57,-59.35,-49.31,-46.69,-47.54,-56.81,2026-08-02 02:46:03+00:00
2026-08-02T02:47:03+00:00,-50.29,-61.40,-67.61,-62.49,-64.13,-52.19,-48.83,-44.19,-53.15,-42.69,-47.46,-62.72,-59.75,-49.00,-46.64,-46.78,-57.23,2026-08-02 02:47:03+00:00
2026-08-02T02:48:04+00:00,-50.26,-60.70,-66.65,-62.20,-64.13,-52.23,-48.64,-44.27,-53.11,-43.02,-47.20,-62.64,-59.14,-48.87,-46.89,-46.99,-56.93,2026-08-02 02:48:04+00:00
2026-08-02T02:49:04+00:00,-50.10,-61.34,-65.41,-62.44,-64.61,-52.51,-48.62,-44.12,-53.13,-43.27,-47.44,-62.56,-59.21,-47.68,-47.46,-46.99,-57.21,2026-08-02 02:49:04+00:00
2026-08-02T02:50:03+00:00,-49.53,-60.49,-67.16,-61.95,-64.40,-52.26,-48.58,-44.20,-53.18,-43.28,-47.03,-62.22,-59.98,-46.85,-47.56,-47.72,-56.72,2026-08-02 02:50:03+00:00
2026-08-02T02:51:03+00:00,-49.38,-60.37,-66.94,-62.18,-64.50,-51.78,-48.82,-44.12,-53.06,-43.53,-47.05,-62.64,-60.09,-46.89,-47.70,-48.01,-57.28,2026-08-02 02:51:03+00:00
2026-08-02T02:52:04+00:00,-50.25,-61.82,-67.09,-62.05,-64.02,-51.87,-48.88,-43.96,-53.16,-43.72,-47.09,-62.42,-60.17,-46.50,-47.66,-48.49,-57.14,2026-08-02 02:52:04+00:00
2026-08-02T02:53:04+00:00,-50.21,-61.02,-66.52,-62.04,-65.36,-52.06,-48.55,-43.90,-53.11,-43.59,-47.18,-61.95,-60.35,-46.32,-47.64,-49.59,-57.11,2026-08-02 02:53:04+00:00
2026-08-02T02:54:03+00:00,-50.19,-60.93,-67.18,-62.39,-63.42,-52.34,-48.92,-43.77,-53.24,-43.27,-46.99,-62.06,-60.20,-46.63,-47.35,-49.45,-57.15,2026-08-02 02:54:03+00:00
2026-08-02T02:55:04+00:00,-50.35,-60.33,-67.15,-62.13,-64.88,-52.22,-48.86,-44.07,-53.22,-43.06,-46.80,-62.32,-60.42,-45.85,-47.67,-49.49,-56.83,2026-08-02 02:55:04+00:00
2026-08-02T02:56:04+00:00,-50.39,-61.42,-66.64,-62.04,-63.74,-52.58,-48.99,-44.19,-53.13,-43.07,-46.77,-62.02,-60.42,-46.09,-47.86,-49.23,-57.17,2026-08-02 02:56:04+00:00
2026-08-02T02:57:03+00:00,-49.31,-61.69,-66.95,-62.17,-63.49,-51.98,-47.20,-43.97,-58.45,-43.14,-46.64,-61.96,-59.66,-45.89,-47.98,-48.70,-57.08,2026-08-02 02:57:03+00:00
2026-08-02T02:58:03+00:00,-50.66,-61.18,-67.12,-61.93,-64.42,-51.57,-48.57,-43.81,-59.27,-43.24,-46.27,-61.54,-59.96,-45.95,-48.00,-48.92,-56.81,2026-08-02 02:58:03+00:00
2026-08-02T02:59:04+00:00,-50.35,-63.27,-67.05,-62.16,-63.36,-52.12,-48.63,-43.87,-59.13,-43.15,-46.71,-61.92,-59.59,-45.72,-48.01,-49.95,-57.19,2026-08-02 02:59:04+00:00
2026-08-02T03:00:04+00:00,-50.63,-60.79,-67.02,-61.99,-63.87,-51.84,-48.90,-43.85,-58.99,-43.39,-46.56,-61.91,-59.46,-45.51,-47.89,-49.16,-57.22,2026-08-02 03:00:04+00:00
2026-08-02T03:01:04+00:00,-50.51,-60.89,-65.45,-61.75,-64.45,-51.97,-48.90,-43.92,-59.30,-43.48,-46.54,-61.62,-58.79,-44.72,-47.75,-48.22,-57.01,2026-08-02 03:01:04+00:00
2026-08-02T03:02:03+00:00,-50.58,-61.27,-67.07,-62.13,-63.62,-52.11,-49.29,-44.10,-55.77,-43.54,-46.33,-61.65,-58.72,-44.55,-48.09,-47.12,-57.13,2026-08-02 03:02:03+00:00
2026-08-02T03:03:03+00:00,-49.38,-61.19,-66.79,-62.45,-63.92,-52.21,-49.20,-43.88,-55.83,-43.52,-46.39,-62.00,-58.49,-44.11,-48.17,-46.75,-57.09,2026-08-02 03:03:03+00:00
2026-08-02T03:04:04+00:00,-49.79,-60.76,-67.40,-61.95,-63.91,-52.43,-49.19,-43.95,-55.83,-43.62,-46.59,-61.97,-58.37,-43.83,-48.18,-46.65,-56.91,2026-08-02 03:04:04+00:00
2026-08-02T03:05:03+00:00,-46.71,-59.86,-66.80,-61.92,-64.00,-52.49,-49.14,-43.67,-55.81,-43.64,-46.50,-61.99,-58.06,-43.98,-48.70,-47.29,-56.42,2026-08-02 03:05:03+00:00
2026-08-02T03:06:03+00:00,-49.58,-60.73,-66.73,-61.92,-64.35,-52.62,-49.32,-43.36,-55.88,-43.45,-46.75,-62.48,-58.24,-44.24,-48.28,-46.85,-56.84,2026-08-02 03:06:03+00:00
2026-08-02T03:07:04+00:00,-49.53,-61.20,-67.09,-62.27,-63.90,-52.63,-49.25,-43.37,-55.80,-43.09,-46.61,-62.45,-58.32,-44.88,-48.41,-47.04,-57.03,2026-08-02 03:07:04+00:00
2026-08-02T03:08:04+00:00,-49.49,-59.94,-66.89,-62.37,-63.96,-53.05,-49.28,-43.19,-55.89,-42.87,-46.62,-62.09,-58.05,-45.44,-48.01,-47.56,-56.65,2026-08-02 03:08:04+00:00
2026-08-02T03:09:03+00:00,-49.65,-59.87,-66.95,-62.15,-63.49,-52.16,-47.43,-43.19,-55.68,-42.75,-46.74,-62.42,-57.68,-45.58,-48.48,-47.22,-56.85,2026-08-02 03:09:03+00:00
2026-08-02T03:10:03+00:00,-48.95,-60.46,-67.16,-62.08,-64.13,-51.86,-49.15,-43.05,-55.61,-42.71,-46.45,-62.24,-58.16,-45.93,-48.01,-47.26,-56.77,2026-08-02 03:10:03+00:00
2026-08-02T03:11:04+00:00,-50.84,-60.91,-67.09,-61.84,-64.15,-52.74,-49.17,-43.13,-55.66,-43.18,-46.49,-62.89,-58.11,-46.10,-48.29,-48.19,-55.96,2026-08-02 03:11:04+00:00
2026-08-02T03:12:04+00:00,-50.86,-60.61,-66.57,-61.96,-63.70,-52.60,-49.04,-42.95,-55.63,-43.68,-46.60,-62.73,-57.86,-46.59,-48.68,-49.46,-56.42,2026-08-02 03:12:04+00:00
2026-08-02T03:13:03+00:00,-50.96,-60.16,-67.07,-62.21,-63.73,-53.25,-48.99,-42.76,-55.32,-44.59,-46.77,-62.64,-57.73,-46.15,-49.34,-51.55,-56.77,2026-08-02 03:13:03+00:00
2026-08-02T03:14:04+00:00,-50.62,-59.94,-67.15,-62.05,-64.40,-50.58,-48.56,-42.63,-55.19,-45.61,-46.60,-62.37,-57.08,-47.13,-49.36,-54.00,-55.70,2026-08-02 03:14:04+00:00
2026-08-02T03:15:04+00:00,-50.12,-60.41,-67.12,-61.83,-65.10,-50.83,-49.15,-42.68,-55.35,-47.21,-46.80,-62.36,-57.41,-46.97,-49.60,-57.46,-56.47,2026-08-02 03:15:04+00:00
2026-08-02T03:16:03+00:00,-49.24,-61.06,-66.68,-61.93,-65.29,-50.49,-48.98,-42.49,-55.36,-48.95,-46.65,-62.13,-57.43,-46.62,-50.26,-58.23,-55.98,2026-08-02 03:16:03+00:00
2026-08-02T03:17:03+00:00,-48.95,-60.63,-67.15,-62.02,-64.04,-49.19,-49.06,-42.50,-57.80,-51.00,-46.66,-62.19,-57.31,-46.34,-50.26,-57.62,-56.44,2026-08-02 03:17:03+00:00
2026-08-02T03:18:04+00:00,-50.10,-60.15,-66.19,-61.74,-63.04,-49.19,-48.90,-42.46,-57.86,-53.73,-46.69,-61.77,-57.22,-46.40,-50.48,-53.83,-55.97,2026-08-02 03:18:04+00:00
2026-08-02T03:19:04+00:00,-49.90,-60.31,-66.46,-62.00,-64.15,-49.59,-48.79,-42.42,-57.81,-56.16,-46.65,-61.62,-57.26,-46.21,-50.81,-52.25,-56.08,2026-08-02 03:19:04+00:00
2026-08-02T03:20:03+00:00,-49.81,-61.09,-66.08,-61.91,-64.19,-48.48,-48.59,-42.47,-57.62,-56.63,-46.89,-61.57,-57.24,-45.99,-51.66,-51.44,-56.00,2026-08-02 03:20:03+00:00
2026-08-02T03:21:03+00:00,-49.71,-61.66,-66.89,-61.95,-63.90,-48.55,-47.19,-42.55,-57.74,-55.85,-46.91,-61.55,-56.92,-46.13,-51.95,-49.82,-55.97,2026-08-02 03:21:03+00:00
2026-08-02T03:22:04+00:00,-49.65,-60.51,-66.54,-62.25,-63.68,-48.85,-48.82,-42.59,-57.56,-54.34,-46.69,-61.52,-57.28,-46.15,-52.31,-48.97,-55.96,2026-08-02 03:22:04+00:00
2026-08-02T03:23:04+00:00,-49.70,-61.02,-67.01,-62.33,-64.19,-48.73,-48.84,-42.66,-57.65,-53.32,-46.92,-61.50,-57.15,-46.07,-52.71,-48.44,-56.91,2026-08-02 03:23:04+00:00
2026-08-02T03:24:03+00:00,-47.96,-60.17,-66.86,-61.88,-63.22,-48.98,-48.65,-42.54,-57.78,-51.84,-46.84,-61.59,-57.00,-46.27,-53.26,-47.69,-55.47,2026-08-02 03:24:03+00:00
2026-08-02T03:25:04+00:00,-49.07,-59.74,-66.79,-62.15,-64.00,-48.88,-48.54,-42.60,-57.83,-51.37,-46.85,-61.65,-57.40,-45.25,-52.86,-48.03,-56.35,2026-08-02 03:25:04+00:00
2026-08-02T03:26:04+00:00,-49.00,-60.70,-66.95,-61.95,-64.25,-47.88,-48.23,-42.71,-58.23,-50.88,-46.80,-61.57,-57.10,-45.26,-53.56,-47.64,-55.67,2026-08-02 03:26:04+00:00
2026-08-02T03:27:04+00:00,-48.93,-60.33,-66.62,-61.78,-64.75,-49.01,-48.62,-42.79,-52.88,-50.38,-46.86,-61.60,-57.10,-43.98,-54.45,-47.32,-55.70,2026-08-02 03:27:04+00:00
2026-08-02T03:28:03+00:00,-49.28,-60.12,-66.78,-61.49,-64.71,-48.98,-48.77,-42.97,-52.81,-50.17,-46.67,-61.61,-57.30,-42.78,-54.62,-47.75,-56.44,2026-08-02 03:28:03+00:00
2026-08-02T03:29:03+00:00,-49.09,-60.26,-66.72,-61.87,-64.19,-48.75,-48.85,-43.28,-52.81,-49.82,-46.52,-61.57,-57.52,-41.89,-54.42,-47.63,-55.87,2026-08-02 03:29:03+00:00
2026-08-02T03:30:04+00:00,-47.63,-61.42,-66.89,-62.12,-63.95,-48.79,-49.02,-43.56,-52.55,-49.68,-46.24,-61.66,-57.42,-41.07,-54.64,-47.49,-56.98,2026-08-02 03:30:04+00:00
2026-08-02T03:31:04+00:00,-47.87,-61.23,-66.73,-62.10,-65.28,-48.67,-48.97,-43.71,-52.57,-49.29,-46.04,-61.85,-57.72,-40.39,-54.15,-47.46,-56.77,2026-08-02 03:31:04+00:00
2026-08-02T03:32:04+00:00,-48.64,-61.03,-66.48,-61.88,-64.40,-48.51,-49.13,-44.02,-52.68,-49.32,-45.89,-61.58,-57.35,-40.08,-54.11,-47.67,-56.69,2026-08-02 03:32:04+00:00
2026-08-02T03:33:04+00:00,-48.74,-60.98,-66.44,-62.00,-64.13,-48.26,-47.64,-44.43,-52.71,-48.88,-45.73,-61.65,-57.17,-39.84,-53.54,-47.80,-56.91,2026-08-02 03:33:04+00:00
2026-08-02T03:34:03+00:00,-48.78,-60.47,-66.13,-62.38,-64.25,-48.49,-49.03,-44.89,-52.65,-48.58,-45.61,-61.62,-57.76,-39.87,-53.47,-47.80,-56.78,2026-08-02 03:34:03+00:00
2026-08-02T03:35:04+00:00,-48.82,-60.52,-66.35,-62.07,-64.25,-48.46,-49.11,-45.40,-52.69,-48.46,-46.02,-61.49,-57.87,-40.02,-53.92,-47.46,-56.98,2026-08-02 03:35:04+00:00
2026-08-02T03:36:04+00:00,-49.00,-60.59,-66.43,-62.01,-63.57,-48.49,-48.80,-46.01,-52.59,-48.30,-46.33,-61.75,-57.66,-39.91,-55.21,-47.62,-57.12,2026-08-02 03:36:04+00:00
2026-08-02T03:37:03+00:00,-47.96,-61.66,-66.57,-62.08,-64.94,-48.61,-48.72,-46.69,-52.67,-47.95,-46.49,-61.59,-57.69,-40.47,-56.05,-47.72,-57.20,2026-08-02 03:37:03+00:00
2026-08-02T03:38:03+00:00,-48.32,-59.68,-66.29,-62.40,-65.28,-47.80,-48.29,-47.54,-52.63,-48.01,-46.55,-61.78,-57.69,-40.86,-57.62,-47.85,-57.30,2026-08-02 03:38:03+00:00
2026-08-02T03:39:04+00:00,-48.18,-59.12,-65.82,-61.81,-64.60,-48.58,-48.47,-48.53,-52.65,-47.66,-46.99,-61.62,-57.63,-41.29,-58.64,-47.80,-57.40,2026-08-02 03:39:04+00:00
2026-08-02T03:40:03+00:00,-47.91,-59.80,-66.10,-62.15,-65.62,-48.47,-48.31,-49.45,-52.61,-47.35,-47.51,-61.62,-57.85,-41.80,-59.50,-48.16,-57.26,2026-08-02 03:40:03+00:00
2026-08-02T03:41:03+00:00,-46.57,-59.53,-66.36,-62.39,-63.61,-48.48,-48.42,-50.68,-52.73,-46.98,-47.82,-61.60,-57.70,-42.04,-58.70,-47.99,-57.29,2026-08-02 03:41:03+00:00
2026-08-02T03:42:04+00:00,-48.11,-60.24,-66.48,-61.90,-64.74,-48.71,-48.47,-52.09,-58.41,-46.89,-48.23,-61.56,-58.07,-42.11,-57.35,-47.98,-57.64,2026-08-02 03:42:04+00:00
2026-08-02T03:43:04+00:00,-48.03,-59.85,-66.29,-62.26,-65.18,-48.82,-48.55,-53.65,-58.42,-46.82,-48.57,-61.76,-57.89,-42.51,-56.17,-48.02,-57.27,2026-08-02 03:43:04+00:00
2026-08-02T03:44:03+00:00,-48.08,-58.91,-66.39,-62.29,-64.21,-48.48,-48.50,-55.06,-58.27,-46.62,-48.85,-61.67,-57.96,-42.96,-54.73,-47.97,-57.18,2026-08-02 03:44:03+00:00
2026-08-02T03:45:04+00:00,-47.85,-58.48,-66.22,-62.14,-63.50,-48.19,-47.51,-56.85,-58.28,-46.52,-49.36,-61.43,-57.67,-43.25,-54.18,-48.58,-56.89,2026-08-02 03:45:04+00:00
2026-08-02T03:46:04+00:00,-47.95,-59.53,-66.31,-62.05,-64.45,-48.31,-48.61,-57.82,-58.23,-46.49,-49.24,-61.95,-57.99,-43.59,-53.40,-48.70,-56.77,2026-08-02 03:46:04+00:00
2026-08-02T03:47:03+00:00,-48.22,-60.79,-66.80,-62.05,-64.33,-48.56,-48.70,-60.62,-55.27,-46.37,-49.65,-61.94,-58.46,-43.97,-52.96,-49.05,-57.30,2026-08-02 03:47:03+00:00
2026-08-02T03:48:03+00:00,-45.83,-59.75,-66.43,-62.20,-64.33,-48.46,-48.49,-61.80,-55.36,-46.43,-49.94,-61.43,-58.28,-44.04,-52.53,-49.16,-57.36,2026-08-02 03:48:03+00:00
2026-08-02T03:49:04+00:00,-47.58,-58.85,-66.67,-61.88,-64.86,-48.46,-48.46,-62.75,-55.32,-46.40,-49.88,-61.21,-58.30,-44.49,-52.67,-50.08,-57.70,2026-08-02 03:49:04+00:00
2026-08-02T03:50:03+00:00,-46.10,-58.65,-66.18,-61.65,-63.16,-47.96,-48.23,-62.15,-55.38,-46.35,-49.87,-61.46,-57.95,-45.17,-52.30,-50.23,-57.67,2026-08-02 03:50:03+00:00
2026-08-02T03:51:03+00:00,-45.68,-58.57,-66.24,-62.23,-63.13,-48.53,-48.62,-61.76,-55.31,-46.49,-49.91,-61.76,-58.41,-45.62,-52.65,-50.74,-57.86,2026-08-02 03:51:03+00:00
2026-08-02T03:52:04+00:00,-45.77,-59.34,-66.96,-62.28,-64.70,-48.79,-48.60,-60.75,-55.34,-46.43,-49.86,-62.58,-58.70,-46.43,-52.77,-51.62,-57.33,2026-08-02 03:52:04+00:00
2026-08-02T03:53:04+00:00,-47.45,-59.84,-66.98,-62.09,-63.36,-48.60,-48.30,-59.59,-55.22,-46.46,-49.87,-62.03,-58.58,-47.04,-52.50,-51.34,-57.33,2026-08-02 03:53:04+00:00
2026-08-02T03:54:03+00:00,-45.86,-58.47,-66.95,-62.22,-63.84,-48.84,-48.22,-58.87,-55.00,-46.38,-49.91,-61.58,-58.82,-47.98,-52.57,-51.71,-57.08,2026-08-02 03:54:03+00:00
2026-08-02T03:55:04+00:00,-45.95,-58.27,-67.32,-62.25,-64.50,-48.97,-48.41,-58.30,-55.12,-46.31,-50.00,-60.77,-58.50,-49.03,-52.80,-51.82,-57.30,2026-08-02 03:55:04+00:00
2026-08-02T03:56:04+00:00,-46.06,-58.60,-67.57,-62.11,-64.16,-48.91,-48.39,-57.79,-55.10,-46.28,-49.87,-60.53,-58.60,-50.37,-52.47,-51.76,-57.22,2026-08-02 03:56:04+00:00
2026-08-02T03:57:03+00:00,-45.95,-59.82,-67.09,-62.30,-63.88,-48.68,-47.38,-57.02,-55.00,-46.36,-49.86,-60.15,-58.18,-51.65,-52.54,-51.44,-57.33,2026-08-02 03:57:03+00:00
2026-08-02T03:58:03+00:00,-45.83,-59.46,-67.37,-62.35,-63.66,-48.79,-48.36,-56.06,-54.93,-46.31,-49.50,-59.94,-59.06,-53.11,-52.43,-51.10,-56.90,2026-08-02 03:58:03+00:00
2026-08-02T03:59:04+00:00,-45.61,-59.67,-66.84,-61.91,-64.13,-48.77,-48.20,-56.36,-55.19,-46.41,-49.89,-60.55,-59.11,-54.97,-52.08,-51.03,-57.46,2026-08-02 03:59:04+00:00
2026-08-02T04:00:04+00:00,-45.91,-59.32,-67.23,-62.14,-63.11,-49.05,-48.25,-55.91,-55.12,-46.45,-49.75,-60.47,-59.09,-57.34,-52.43,-50.92,-57.54,2026-08-02 04:00:04+00:00
2026-08-02T04:01:04+00:00,-46.29,-58.58,-66.99,-62.44,-63.60,-48.91,-48.35,-55.62,-54.92,-46.47,-49.91,-60.89,-59.13,-59.61,-51.97,-50.56,-57.57,2026-08-02 04:01:04+00:00
2026-08-02T04:02:03+00:00,-46.07,-59.40,-66.90,-62.01,-62.85,-48.16,-47.82,-55.26,-57.80,-46.46,-49.94,-61.02,-58.72,-61.19,-52.10,-50.35,-57.95,2026-08-02 04:02:03+00:00
2026-08-02T04:03:04+00:00,-46.14,-59.47,-66.86,-62.36,-63.89,-49.14,-47.97,-55.07,-57.50,-46.44,-49.64,-60.92,-59.18,-61.07,-52.04,-50.43,-56.86,2026-08-02 04:03:04+00:00
2026-08-02T04:04:04+00:00,-45.80,-59.11,-67.10,-62.03,-64.06,-49.03,-48.42,-54.91,-57.83,-46.38,-49.91,-60.96,-59.21,-59.80,-52.28,-50.25,-56.99,2026-08-02 04:04:04+00:00
2026-08-02T04:05:03+00:00,-46.35,-59.22,-66.82,-62.16,-64.25,-49.10,-48.19,-54.48,-57.58,-46.43,-50.00,-61.33,-59.29,-57.55,-51.93,-49.75,-56.62,2026-08-02 04:05:03+00:00
2026-08-02T04:06:03+00:00,-45.83,-58.90,-67.04,-62.00,-63.45,-49.00,-48.30,-54.31,-57.37,-46.33,-50.22,-61.47,-59.26,-56.33,-51.53,-49.82,-56.54,2026-08-02 04:06:03+00:00
2026-08-02T04:07:04+00:00,-46.03,-58.95,-67.34,-62.02,-64.28,-49.32,-48.27,-54.12,-57.56,-46.25,-50.48,-61.24,-59.26,-54.81,-51.76,-50.05,-56.70,2026-08-02 04:07:04+00:00
2026-08-02T04:08:04+00:00,-46.02,-59.65,-67.43,-61.95,-64.07,-49.08,-48.22,-53.95,-57.71,-46.33,-50.53,-61.83,-59.23,-53.57,-51.74,-49.73,-56.65,2026-08-02 04:08:04+00:00
2026-08-02T04:09:03+00:00,-45.52,-60.37,-66.95,-62.34,-64.19,-48.83,-47.27,-53.71,-58.06,-46.26,-50.36,-61.60,-58.55,-52.55,-51.97,-49.62,-56.90,2026-08-02 04:09:03+00:00
2026-08-02T04:10:04+00:00,-45.59,-58.73,-67.00,-62.20,-64.45,-48.90,-48.36,-53.35,-58.28,-46.33,-49.99,-61.49,-59.16,-51.90,-51.47,-49.83,-56.03,2026-08-02 04:10:04+00:00
2026-08-02T04:11:04+00:00,-46.29,-58.37,-67.00,-62.26,-64.14,-49.57,-48.28,-53.43,-58.12,-46.10,-50.65,-61.85,-58.84,-51.15,-52.11,-49.60,-56.91,2026-08-02 04:11:04+00:00
2026-08-02T04:12:03+00:00,-45.80,-58.53,-66.51,-61.93,-63.40,-49.17,-48.54,-53.18,-53.14,-46.13,-50.65,-61.67,-58.77,-50.65,-51.91,-49.56,-56.82,2026-08-02 04:12:03+00:00
2026-08-02T04:13:03+00:00,-45.40,-58.33,-67.12,-61.99,-64.79,-49.19,-48.31,-53.03,-53.11,-46.14,-50.73,-61.78,-59.21,-50.21,-52.18,-49.63,-56.58,2026-08-02 04:13:03+00:00
2026-08-02T04:14:04+00:00,-45.47,-59.79,-69.40,-62.17,-66.20,-48.65,-47.92,-53.17,-53.15,-46.14,-50.58,-63.12,-59.57,-49.74,-52.65,-49.56,-57.26,2026-08-02 04:14:04+00:00
2026-08-02T04:15:04+00:00,-45.36,-59.96,-70.10,-62.52,-66.47,-49.19,-48.16,-52.99,-53.13,-46.16,-50.56,-63.70,-60.04,-49.24,-52.89,-49.68,-56.87,2026-08-02 04:15:04+00:00
2026-08-02T04:16:03+00:00,-45.38,-58.85,-70.02,-62.69,-66.76,-49.52,-48.28,-52.92,-53.22,-46.33,-50.54,-63.73,-59.95,-49.26,-53.23,-49.61,-57.56,2026-08-02 04:16:03+00:00
2026-08-02T04:17:04+00:00,-45.09,-58.89,-69.64,-62.39,-66.58,-49.38,-48.41,-52.70,-53.31,-46.12,-50.61,-63.77,-60.02,-48.83,-53.20,-49.78,-57.76,2026-08-02 04:17:04+00:00
2026-08-02T04:18:04+00:00,-45.35,-59.58,-70.12,-62.59,-65.76,-49.59,-48.18,-52.64,-53.23,-46.38,-50.52,-63.78,-60.43,-48.50,-53.54,-49.44,-58.11,2026-08-02 04:18:04+00:00
2026-08-02T04:19:03+00:00,-45.47,-57.72,-69.86,-62.56,-66.91,-49.63,-48.43,-52.52,-53.20,-46.30,-50.74,-63.62,-60.66,-48.35,-53.75,-49.47,-57.96,2026-08-02 04:19:03+00:00
2026-08-02T04:20:03+00:00,-45.52,-58.91,-69.59,-62.50,-66.23,-49.47,-48.23,-52.59,-53.18,-46.17,-50.68,-63.77,-60.45,-48.14,-53.98,-49.26,-58.32,2026-08-02 04:20:03+00:00
2026-08-02T04:21:04+00:00,-45.41,-56.33,-68.79,-62.43,-66.09,-49.15,-47.22,-52.44,-53.11,-46.14,-50.69,-63.46,-59.33,-48.01,-54.31,-49.47,-57.87,2026-08-02 04:21:04+00:00
2026-08-02T04:22:04+00:00,-45.76,-59.53,-69.46,-62.74,-66.43,-49.10,-48.61,-52.20,-53.15,-45.88,-50.17,-63.78,-60.34,-47.76,-54.60,-49.59,-58.09,2026-08-02 04:22:04+00:00
2026-08-02T04:23:03+00:00,-45.80,-59.17,-69.63,-62.62,-67.24,-49.28,-48.37,-52.44,-53.29,-45.90,-50.69,-63.52,-60.65,-47.76,-54.81,-49.31,-58.07,2026-08-02 04:23:03+00:00
2026-08-02T04:24:03+00:00,-46.03,-59.26,-69.51,-62.78,-65.48,-49.69,-47.96,-52.63,-53.33,-45.78,-50.93,-63.68,-60.63,-47.73,-55.16,-49.46,-58.09,2026-08-02 04:24:03+00:00
2026-08-02T04:25:04+00:00,-45.91,-58.90,-69.41,-62.67,-66.83,-49.46,-48.85,-52.41,-52.93,-46.00,-51.05,-63.57,-60.62,-47.42,-55.48,-49.28,-58.36,2026-08-02 04:25:04+00:00
2026-08-02T04:26:04+00:00,-47.13,-59.56,-69.86,-63.20,-66.51,-51.07,-48.15,-52.27,-53.06,-45.90,-50.95,-63.75,-59.97,-47.41,-55.66,-49.40,-58.22,2026-08-02 04:26:04+00:00
2026-08-02T04:27:03+00:00,-46.11,-59.40,-69.65,-62.28,-67.21,-52.44,-49.06,-52.31,-58.05,-45.77,-50.88,-63.65,-59.63,-47.53,-55.85,-49.34,-58.12,2026-08-02 04:27:03+00:00
2026-08-02T04:28:04+00:00,-45.93,-59.28,-69.22,-62.92,-66.48,-52.47,-48.62,-52.16,-58.06,-45.89,-50.96,-63.50,-59.99,-47.39,-56.31,-49.50,-58.34,2026-08-02 04:28:04+00:00
2026-08-02T04:29:04+00:00,-45.82,-60.08,-69.98,-62.80,-65.78,-52.44,-48.06,-52.30,-57.82,-45.77,-50.86,-63.92,-60.11,-47.24,-56.67,-49.58,-58.32,2026-08-02 04:29:04+00:00
2026-08-02T04:30:03+00:00,-46.40,-58.66,-69.63,-62.82,-66.38,-52.69,-48.97,-52.29,-57.90,-45.78,-50.94,-63.78,-60.56,-47.26,-56.89,-49.33,-58.24,2026-08-02 04:30:03+00:00
2026-08-02T04:31:03+00:00,-46.87,-58.63,-69.07,-62.41,-66.62,-52.77,-49.24,-52.22,-57.34,-45.82,-51.17,-63.61,-60.49,-47.41,-56.92,-49.57,-58.49,2026-08-02 04:31:03+00:00
2026-08-02T04:32:03+00:00,-47.13,-60.44,-69.66,-62.57,-66.59,-52.73,-48.82,-52.29,-55.09,-45.80,-51.27,-63.67,-60.39,-47.21,-57.19,-49.21,-58.59,2026-08-02 04:32:03+00:00
2026-08-02T04:33:04+00:00,-47.28,-59.89,-69.79,-62.24,-66.74,-52.42,-47.07,-52.34,-55.17,-45.94,-51.25,-63.77,-59.87,-46.98,-57.20,-49.52,-58.30,2026-08-02 04:33:04+00:00
2026-08-02T04:34:04+00:00,-47.17,-59.80,-69.58,-62.70,-66.61,-52.20,-48.68,-52.15,-55.20,-45.93,-50.88,-63.80,-60.69,-47.29,-57.35,-49.41,-58.59,2026-08-02 04:34:04+00:00
2026-08-02T04:35:03+00:00,-47.49,-60.25,-69.48,-62.43,-66.03,-52.73,-48.52,-52.38,-55.19,-46.01,-51.47,-63.63,-60.80,-47.23,-57.45,-49.13,-58.66,2026-08-02 04:35:03+00:00
2026-08-02T04:36:04+00:00,-46.69,-59.92,-69.45,-62.51,-66.54,-52.62,-49.30,-52.43,-55.20,-46.10,-51.68,-63.49,-60.80,-47.05,-57.97,-49.40,-58.57,2026-08-02 04:36:04+00:00
2026-08-02T04:37:03+00:00,-47.24,-60.00,-69.74,-62.81,-66.30,-52.92,-48.53,-52.48,-55.24,-46.22,-51.74,-63.48,-60.71,-47.30,-58.19,-49.34,-58.76,2026-08-02 04:37:03+00:00
2026-08-02T04:38:03+00:00,-47.28,-60.74,-69.81,-62.61,-66.07,-51.21,-48.50,-52.36,-55.79,-46.21,-51.81,-63.75,-60.22,-47.11,-57.97,-49.18,-58.27,2026-08-02 04:38:03+00:00
2026-08-02T04:39:04+00:00,-47.59,-60.76,-70.16,-62.55,-65.54,-52.76,-49.10,-52.40,-55.47,-46.19,-52.03,-63.68,-60.86,-47.11,-58.33,-49.36,-58.24,2026-08-02 04:39:04+00:00
2026-08-02T04:40:04+00:00,-47.43,-59.26,-69.52,-62.23,-65.74,-52.96,-48.64,-52.43,-55.16,-46.20,-52.16,-63.45,-60.52,-46.94,-58.20,-49.59,-58.30,2026-08-02 04:40:04+00:00
2026-08-02T04:41:03+00:00,-47.51,-58.11,-69.98,-62.49,-66.91,-53.02,-49.18,-52.55,-55.29,-46.19,-52.37,-63.50,-60.38,-47.13,-58.66,-49.45,-58.34,2026-08-02 04:41:03+00:00
2026-08-02T04:42:04+00:00,-47.08,-59.99,-69.53,-62.34,-65.89,-52.85,-49.06,-52.49,-55.31,-46.22,-52.62,-63.47,-60.57,-47.17,-58.70,-49.24,-58.04,2026-08-02 04:42:04+00:00
2026-08-02T04:43:04+00:00,-47.25,-60.21,-69.85,-62.76,-66.21,-52.99,-49.00,-52.49,-55.21,-46.36,-52.71,-63.40,-60.47,-47.12,-58.88,-49.31,-57.79,2026-08-02 04:43:04+00:00
2026-08-02T04:44:03+00:00,-47.29,-60.22,-69.70,-62.50,-67.42,-53.03,-48.78,-52.56,-55.28,-46.34,-52.79,-63.41,-60.13,-47.24,-58.88,-49.58,-57.65,2026-08-02 04:44:03+00:00
2026-08-02T04:45:03+00:00,-46.71,-60.41,-69.39,-62.25,-65.96,-52.28,-47.22,-52.68,-52.88,-46.36,-52.80,-63.36,-59.39,-47.50,-58.74,-49.41,-57.03,2026-08-02 04:45:03+00:00
2026-08-02T04:46:04+00:00,-46.63,-60.13,-69.24,-62.58,-66.85,-52.51,-49.36,-52.56,-53.62,-46.33,-52.20,-63.27,-60.27,-47.43,-59.04,-49.47,-57.63,2026-08-02 04:46:04+00:00
2026-08-02T04:47:04+00:00,-46.78,-61.16,-68.88,-62.38,-66.71,-52.92,-48.23,-52.90,-54.41,-46.34,-53.02,-63.06,-60.39,-47.60,-59.03,-49.57,-58.47,2026-08-02 04:47:04+00:00
2026-08-02T04:48:03+00:00,-46.68,-61.14,-68.84,-62.48,-67.10,-51.07,-48.01,-52.97,-53.49,-46.32,-53.30,-62.84,-60.26,-47.55,-59.35,-49.47,-57.52,2026-08-02 04:48:03+00:00
2026-08-02T04:49:04+00:00,-46.56,-61.04,-68.33,-62.35,-66.11,-50.91,-48.01,-52.96,-53.37,-46.47,-53.39,-62.86,-60.15,-47.46,-59.48,-49.50,-58.01,2026-08-02 04:49:04+00:00
2026-08-02T04:50:04+00:00,-47.10,-58.53,-69.01,-62.62,-65.89,-46.22,-48.30,-52.96,-53.40,-46.49,-53.86,-63.18,-59.80,-47.52,-59.73,-49.48,-57.92,2026-08-02 04:50:04+00:00
2026-08-02T04:51:03+00:00,-47.04,-58.40,-69.36,-62.34,-67.15,-46.39,-48.78,-53.08,-53.31,-46.56,-53.85,-62.73,-60.16,-47.60,-59.75,-49.35,-58.15,2026-08-02 04:51:03+00:00
2026-08-02T04:52:03+00:00,-46.86,-60.20,-69.06,-61.81,-66.73,-46.52,-48.62,-53.19,-53.47,-46.55,-53.87,-62.57,-60.13,-47.92,-59.72,-49.54,-56.47,2026-08-02 04:52:03+00:00
2026-08-02T04:53:03+00:00,-46.66,-59.71,-69.65,-62.46,-66.18,-46.26,-49.08,-53.23,-53.44,-46.60,-53.95,-62.63,-60.06,-47.75,-59.80,-49.45,-57.71,2026-08-02 04:53:03+00:00
2026-08-02T04:54:04+00:00,-46.49,-59.41,-69.66,-62.73,-66.72,-46.45,-49.05,-53.35,-53.74,-46.74,-53.89,-62.68,-60.14,-47.55,-60.53,-49.72,-57.58,2026-08-02 04:54:04+00:00
2026-08-02T04:55:04+00:00,-46.59,-59.60,-69.87,-62.21,-66.38,-46.61,-48.51,-53.43,-53.63,-46.61,-54.22,-62.76,-59.76,-47.54,-60.16,-49.69,-57.71,2026-08-02 04:55:04+00:00
2026-08-02T04:56:03+00:00,-46.68,-60.18,-69.88,-62.06,-66.10,-46.60,-48.72,-53.42,-53.54,-46.59,-54.40,-62.94,-60.04,-47.49,-60.07,-49.77,-57.05,2026-08-02 04:56:03+00:00
2026-08-02T04:57:03+00:00,-46.56,-60.19,-68.78,-62.23,-66.43,-46.32,-48.02,-53.56,-51.11,-46.67,-54.19,-62.62,-59.10,-47.68,-60.08,-49.82,-56.86,2026-08-02 04:57:03+00:00
2026-08-02T04:58:04+00:00,-46.72,-58.54,-69.32,-62.36,-67.73,-46.53,-48.34,-53.42,-51.01,-46.81,-53.45,-62.61,-59.72,-47.40,-60.13,-49.70,-57.23,2026-08-02 04:58:04+00:00
2026-08-02T04:59:04+00:00,-46.79,-58.83,-68.75,-62.37,-66.26,-46.70,-48.28,-53.89,-51.07,-46.61,-54.14,-62.72,-59.47,-47.59,-60.21,-49.77,-58.12,2026-08-02 04:59:04+00:00
2026-08-02T05:00:03+00:00,-46.82,-60.21,-69.33,-62.59,-66.87,-46.77,-49.05,-53.96,-51.02,-46.73,-54.22,-62.95,-59.40,-47.60,-59.91,-50.09,-57.59,2026-08-02 05:00:03+00:00
2026-08-02T05:01:03+00:00,-46.74,-60.65,-69.46,-62.17,-65.83,-46.68,-49.33,-54.05,-51.19,-47.01,-53.59,-62.45,-59.63,-47.61,-60.12,-49.72,-56.85,2026-08-02 05:01:03+00:00
2026-08-02T05:02:03+00:00,-46.85,-60.59,-69.50,-62.45,-65.64,-46.01,-48.47,-54.19,-51.17,-46.74,-54.03,-62.89,-59.41,-47.50,-60.13,-50.10,-58.08,2026-08-02 05:02:03+00:00
2026-08-02T05:03:03+00:00,-47.36,-60.55,-69.62,-62.57,-66.88,-46.86,-48.60,-54.35,-51.12,-46.93,-54.37,-62.50,-59.53,-47.62,-60.43,-50.11,-57.84,2026-08-02 05:03:03+00:00
2026-08-02T05:04:04+00:00,-46.40,-58.45,-69.62,-62.50,-66.65,-46.67,-49.11,-54.47,-50.94,-46.87,-54.40,-62.76,-59.74,-47.42,-60.09,-50.15,-58.36,2026-08-02 05:04:04+00:00
2026-08-02T05:05:03+00:00,-46.91,-58.08,-69.79,-62.65,-67.66,-46.65,-48.67,-54.59,-51.29,-46.99,-54.42,-62.69,-59.52,-47.57,-59.85,-50.30,-58.23,2026-08-02 05:05:03+00:00
2026-08-02T05:06:04+00:00,-46.79,-58.74,-69.72,-62.71,-66.23,-46.50,-49.76,-54.62,-50.94,-46.95,-54.58,-62.45,-59.75,-47.48,-60.73,-50.16,-58.28,2026-08-02 05:06:04+00:00
2026-08-02T05:07:04+00:00,-46.28,-58.42,-69.60,-62.40,-65.99,-46.51,-48.89,-54.76,-50.94,-47.08,-54.68,-62.55,-59.48,-47.52,-60.46,-50.23,-58.06,2026-08-02 05:07:04+00:00
2026-08-02T05:08:03+00:00,-47.19,-59.45,-69.68,-62.26,-66.21,-46.78,-48.76,-54.89,-50.79,-47.47,-54.69,-62.50,-59.43,-47.43,-60.27,-50.24,-58.58,2026-08-02 05:08:03+00:00
2026-08-02T05:09:04+00:00,-47.06,-59.30,-69.73,-62.39,-66.15,-46.53,-47.31,-54.91,-50.82,-47.28,-54.88,-62.53,-58.78,-47.28,-60.74,-50.28,-58.26,2026-08-02 05:09:04+00:00
2026-08-02T05:10:04+00:00,-46.58,-58.88,-67.72,-62.68,-67.00,-46.48,-48.71,-54.59,-50.83,-47.15,-53.86,-62.21,-59.33,-47.37,-60.65,-50.16,-58.04,2026-08-02 05:10:04+00:00
2026-08-02T05:11:03+00:00,-46.69,-58.89,-66.72,-62.64,-67.15,-46.62,-48.91,-55.05,-51.45,-47.17,-55.37,-61.58,-59.22,-47.47,-60.09,-50.27,-57.53,2026-08-02 05:11:03+00:00
2026-08-02T05:12:04+00:00,-47.21,-60.10,-69.52,-62.94,-66.47,-46.53,-48.32,-55.39,-53.38,-47.29,-55.32,-62.54,-59.53,-47.34,-60.73,-50.27,-58.85,2026-08-02 05:12:04+00:00
2026-08-02T05:13:04+00:00,-46.97,-59.76,-69.24,-62.61,-66.29,-46.65,-48.60,-55.54,-53.41,-47.09,-54.96,-62.15,-59.23,-47.44,-60.29,-50.15,-54.04,2026-08-02 05:13:04+00:00
2026-08-02T05:14:03+00:00,-47.18,-60.03,-69.20,-62.28,-67.79,-46.26,-48.63,-55.45,-53.44,-47.11,-55.62,-62.44,-58.67,-47.31,-60.68,-50.28,-54.18,2026-08-02 05:14:03+00:00
2026-08-02T05:15:03+00:00,-46.68,-60.09,-69.38,-62.54,-66.25,-46.69,-49.45,-55.66,-53.52,-47.14,-55.90,-62.49,-58.74,-47.44,-60.52,-50.47,-53.94,2026-08-02 05:15:03+00:00
2026-08-02T05:16:04+00:00,-46.85,-59.61,-68.88,-62.37,-66.29,-46.98,-49.25,-55.81,-51.97,-47.13,-56.01,-62.38,-59.14,-47.34,-60.40,-50.22,-55.54,2026-08-02 05:16:04+00:00
2026-08-02T05:17:04+00:00,-46.45,-60.01,-69.21,-62.40,-65.77,-46.81,-48.97,-55.94,-52.04,-47.12,-56.12,-62.09,-58.89,-47.37,-60.21,-50.45,-53.97,2026-08-02 05:17:04+00:00
2026-08-02T05:18:03+00:00,-46.17,-59.44,-69.08,-62.32,-65.59,-46.72,-48.86,-55.87,-51.92,-47.08,-56.40,-62.39,-59.24,-47.34,-60.04,-50.58,-54.06,2026-08-02 05:18:03+00:00
2026-08-02T05:19:04+00:00,-46.21,-59.36,-69.13,-62.72,-66.52,-46.69,-48.70,-56.02,-52.03,-47.09,-56.72,-62.52,-59.00,-47.37,-60.63,-50.17,-54.33,2026-08-02 05:19:04+00:00
2026-08-02T05:20:04+00:00,-46.28,-60.22,-69.19,-62.27,-65.86,-46.68,-49.14,-56.14,-51.91,-47.15,-56.92,-62.27,-59.08,-47.47,-60.42,-50.41,-54.17,2026-08-02 05:20:04+00:00
2026-08-02T05:21:03+00:00,-44.45,-60.41,-69.37,-62.50,-65.71,-46.69,-48.04,-56.25,-52.00,-47.20,-56.68,-62.46,-58.56,-47.51,-60.09,-50.55,-54.15,2026-08-02 05:21:03+00:00
2026-08-02T05:22:04+00:00,-45.97,-59.89,-69.79,-62.71,-65.79,-46.75,-48.78,-55.94,-51.75,-47.01,-55.49,-62.54,-59.12,-47.33,-59.97,-50.53,-54.14,2026-08-02 05:22:04+00:00
2026-08-02T05:23:04+00:00,-48.65,-59.70,-68.09,-62.60,-66.27,-46.91,-48.51,-56.50,-51.52,-47.17,-57.17,-62.35,-58.47,-47.44,-60.48,-50.41,-54.48,2026-08-02 05:23:04+00:00
2026-08-02T05:24:04+00:00,-47.43,-60.04,-69.29,-62.52,-66.93,-46.93,-48.44,-56.58,-52.24,-47.08,-57.72,-62.38,-59.14,-47.30,-60.46,-50.29,-55.67,2026-08-02 05:24:04+00:00
2026-08-02T05:25:03+00:00,-46.27,-59.59,-69.09,-62.73,-66.13,-46.85,-48.56,-56.75,-52.16,-46.97,-57.71,-61.33,-58.84,-47.50,-60.21,-50.21,-54.21,2026-08-02 05:25:03+00:00
2026-08-02T05:26:04+00:00,-45.97,-59.93,-69.19,-62.73,-66.47,-46.32,-48.66,-56.78,-52.30,-47.09,-57.73,-62.03,-58.56,-47.31,-59.77,-50.47,-53.75,2026-08-02 05:26:04+00:00
2026-08-02T05:27:04+00:00,-47.03,-59.87,-69.69,-62.99,-65.51,-46.94,-48.89,-57.02,-52.00,-46.96,-57.89,-62.33,-58.65,-47.29,-60.59,-50.29,-59.09,2026-08-02 05:27:04+00:00
2026-08-02T05:28:03+00:00,-45.88,-59.89,-70.03,-62.92,-66.63,-46.71,-48.25,-56.89,-51.99,-46.81,-58.02,-62.17,-58.83,-47.37,-59.69,-50.43,-59.10,2026-08-02 05:28:03+00:00
2026-08-02T05:29:03+00:00,-45.63,-59.62,-69.84,-62.85,-66.04,-46.86,-47.91,-56.81,-51.14,-46.86,-58.21,-62.08,-58.76,-47.18,-60.69,-50.14,-58.92,2026-08-02 05:29:03+00:00
2026-08-02T05:30:04+00:00,-47.11,-59.58,-69.98,-62.42,-65.96,-47.05,-48.18,-57.02,-51.14,-46.76,-58.10,-62.35,-58.50,-47.44,-60.82,-50.26,-57.86,2026-08-02 05:30:04+00:00
2026-08-02T05:31:04+00:00,-45.79,-59.79,-69.99,-63.03,-66.47,-46.65,-48.34,-56.98,-52.24,-46.85,-58.16,-62.39,-57.93,-47.36,-59.88,-50.03,-59.01,2026-08-02 05:31:04+00:00
2026-08-02T05:32:03+00:00,-45.70,-59.29,-69.82,-63.12,-66.93,-46.36,-48.62,-56.74,-52.72,-46.73,-57.93,-62.36,-57.72,-47.39,-60.19,-49.89,-58.57,2026-08-02 05:32:03+00:00
2026-08-02T05:33:03+00:00,-46.47,-59.73,-69.95,-62.89,-66.33,-45.52,-47.03,-56.46,-52.74,-46.43,-58.23,-62.39,-57.17,-47.73,-60.79,-49.65,-57.52,2026-08-02 05:33:03+00:00
2026-08-02T05:34:04+00:00,-45.75,-59.45,-69.98,-62.68,-65.61,-48.21,-47.44,-55.67,-52.82,-46.52,-55.83,-62.15,-57.84,-48.19,-60.39,-49.30,-58.96,2026-08-02 05:34:04+00:00
2026-08-02T05:35:04+00:00,-45.76,-59.56,-69.71,-62.86,-66.31,-48.01,-47.94,-55.58,-52.72,-46.27,-57.96,-62.05,-57.62,-48.94,-60.53,-48.91,-58.86,2026-08-02 05:35:04+00:00
2026-08-02T05:36:04+00:00,-45.71,-59.79,-68.11,-62.11,-66.99,-47.87,-48.14,-55.42,-53.46,-45.94,-58.02,-61.94,-57.47,-49.47,-60.07,-48.41,-57.79,2026-08-02 05:36:04+00:00
2026-08-02T05:37:04+00:00,-45.29,-59.82,-69.94,-62.59,-66.50,-49.40,-48.25,-55.29,-53.01,-45.97,-57.86,-61.89,-57.37,-49.64,-60.33,-48.54,-58.75,2026-08-02 05:37:04+00:00
2026-08-02T05:38:03+00:00,-46.61,-60.04,-69.93,-62.95,-66.44,-48.16,-48.00,-54.91,-53.16,-46.04,-56.58,-61.73,-57.55,-49.83,-60.23,-48.29,-58.60,2026-08-02 05:38:03+00:00
2026-08-02T05:39:03+00:00,-46.31,-60.01,-69.47,-62.92,-66.56,-48.94,-48.26,-55.22,-53.67,-45.91,-57.84,-61.64,-57.40,-49.96,-60.67,-48.25,-58.45,2026-08-02 05:39:03+00:00
2026-08-02T05:40:04+00:00,-45.63,-59.95,-68.58,-61.98,-66.48,-48.89,-47.92,-55.14,-53.04,-46.00,-57.23,-61.05,-57.26,-49.84,-60.19,-48.11,-56.43,2026-08-02 05:40:04+00:00
2026-08-02T05:41:03+00:00,-45.01,-60.28,-69.96,-62.62,-66.17,-48.69,-48.15,-55.37,-51.24,-45.97,-57.77,-61.67,-57.43,-50.13,-60.13,-48.24,-58.00,2026-08-02 05:41:03+00:00
2026-08-02T05:42:03+00:00,-45.45,-59.75,-70.13,-62.85,-66.85,-48.53,-47.91,-55.53,-52.16,-46.10,-57.94,-62.10,-57.57,-49.99,-60.26,-48.01,-58.62,2026-08-02 05:42:03+00:00
2026-08-02T05:43:04+00:00,-46.36,-60.86,-70.43,-62.59,-66.41,-48.41,-48.29,-55.36,-52.16,-46.06,-57.82,-62.12,-57.51,-50.02,-60.78,-48.08,-59.13,2026-08-02 05:43:04+00:00
2026-08-02T05:44:04+00:00,-45.71,-61.40,-70.14,-63.05,-65.96,-48.27,-48.09,-55.44,-52.30,-45.97,-57.17,-62.25,-57.65,-50.12,-60.96,-48.00,-59.90,2026-08-02 05:44:04+00:00
2026-08-02T05:45:03+00:00,-46.25,-60.84,-59.98,-63.02,-65.89,-48.48,-46.72,-55.28,-51.83,-45.98,-56.97,-62.14,-57.18,-50.28,-60.01,-47.99,-60.11,2026-08-02 05:45:03+00:00
2026-08-02T05:46:03+00:00,-45.20,-60.94,-69.35,-63.03,-66.64,-49.92,-48.70,-54.94,-52.33,-46.12,-55.08,-61.86,-58.14,-50.00,-60.37,-48.07,-59.79,2026-08-02 05:46:03+00:00
2026-08-02T05:47:04+00:00,-45.00,-61.11,-67.70,-62.73,-66.51,-50.08,-48.39,-55.49,-51.38,-46.06,-57.12,-59.64,-57.93,-49.67,-60.56,-47.81,-59.54,2026-08-02 05:47:04+00:00
2026-08-02T05:48:04+00:00,-45.98,-60.50,-68.49,-62.86,-65.93,-50.03,-48.82,-55.28,-52.11,-46.21,-56.92,-59.95,-57.91,-49.88,-60.59,-47.95,-58.82,2026-08-02 05:48:04+00:00
2026-08-02T05:49:03+00:00,-45.88,-61.40,-69.99,-62.78,-66.33,-49.78,-48.01,-55.47,-51.20,-46.10,-54.97,-61.59,-57.97,-49.72,-60.17,-47.87,-59.19,2026-08-02 05:49:03+00:00
2026-08-02T05:50:04+00:00,-47.07,-61.32,-69.77,-62.61,-66.22,-48.64,-48.13,-55.48,-51.21,-46.00,-56.92,-61.72,-57.44,-49.66,-60.71,-47.73,-59.48,2026-08-02 05:50:04+00:00
2026-08-02T05:51:04+00:00,-46.30,-61.28,-70.02,-62.95,-65.84,-49.74,-48.29,-55.30,-50.84,-46.11,-56.91,-61.81,-57.68,-49.96,-60.58,-47.74,-59.39,2026-08-02 05:51:04+00:00
2026-08-02T05:52:03+00:00,-47.02,-60.64,-69.86,-62.81,-66.54,-49.58,-47.89,-55.17,-51.13,-45.87,-56.65,-61.38,-57.34,-49.69,-60.12,-47.79,-56.51,2026-08-02 05:52:03+00:00
2026-08-02T05:53:03+00:00,-46.54,-61.12,-70.15,-62.41,-65.65,-49.62,-48.11,-55.65,-51.13,-46.07,-56.60,-61.38,-57.51,-49.73,-59.74,-47.81,-59.30,2026-08-02 05:53:03+00:00
2026-08-02T05:54:04+00:00,-45.60,-60.28,-68.24,-62.41,-65.48,-49.41,-48.25,-55.41,-51.11,-46.03,-54.96,-61.13,-57.61,-49.68,-60.15,-47.52,-57.77,2026-08-02 05:54:04+00:00
2026-08-02T05:55:04+00:00,-46.06,-61.19,-69.68,-62.71,-66.17,-49.49,-48.31,-55.52,-51.26,-46.13,-56.72,-61.77,-57.82,-49.56,-60.29,-47.63,-59.49,2026-08-02 05:55:04+00:00
2026-08-02T05:56:03+00:00,-46.42,-60.74,-69.93,-62.45,-66.24,-49.46,-48.10,-55.66,-55.47,-46.19,-56.82,-61.76,-57.71,-49.78,-60.25,-47.76,-59.37,2026-08-02 05:56:03+00:00
2026-08-02T05:57:04+00:00,-46.68,-60.42,-69.42,-62.60,-65.94,-47.99,-46.64,-55.37,-55.39,-45.96,-56.38,-61.68,-57.27,-49.65,-59.85,-47.49,-58.80,2026-08-02 05:57:04+00:00
2026-08-02T05:58:04+00:00,-45.96,-60.20,-69.28,-62.46,-66.10,-48.01,-48.57,-54.88,-55.07,-46.04,-54.44,-61.65,-57.58,-49.65,-60.01,-47.60,-59.22,2026-08-02 05:58:04+00:00
2026-08-02T05:59:03+00:00,-46.67,-58.41,-69.18,-62.13,-67.19,-45.10,-48.82,-55.55,-54.10,-46.00,-56.18,-61.64,-57.67,-49.60,-60.05,-47.65,-59.50,2026-08-02 05:59:03+00:00
2026-08-02T06:00:03+00:00,-46.50,-58.42,-68.45,-62.27,-66.44,-44.96,-48.25,-55.40,-53.89,-46.08,-56.33,-61.34,-57.82,-49.62,-59.99,-47.75,-58.39,2026-08-02 06:00:03+00:00
2026-08-02T06:01:03+00:00,-45.62,-56.52,-69.62,-62.78,-66.64,-45.00,-48.39,-55.40,-52.45,-46.14,-56.21,-61.64,-57.49,-49.39,-60.08,-47.51,-59.24,2026-08-02 06:01:03+00:00
2026-08-02T06:02:04+00:00,-46.11,-56.62,-69.69,-62.60,-66.87,-44.65,-47.58,-55.41,-52.23,-46.19,-56.08,-61.34,-57.50,-49.48,-60.11,-47.53,-58.91,2026-08-02 06:02:04+00:00
2026-08-02T06:03:03+00:00,-46.46,-53.95,-68.56,-62.36,-66.65,-44.89,-48.22,-54.90,-51.95,-45.78,-51.91,-61.00,-57.42,-49.42,-60.35,-47.48,-58.90,2026-08-02 06:03:03+00:00
2026-08-02T06:04:03+00:00,-45.82,-54.11,-69.66,-62.56,-66.39,-44.69,-48.17,-55.07,-52.14,-45.59,-51.92,-61.14,-57.62,-49.35,-59.80,-47.68,-59.18,2026-08-02 06:04:03+00:00
2026-08-02T06:05:04+00:00,-46.36,-58.36,-69.70,-62.38,-66.50,-44.63,-48.24,-55.10,-52.00,-45.91,-52.00,-61.13,-57.52,-49.56,-59.79,-47.55,-59.11,2026-08-02 06:05:04+00:00
2026-08-02T06:06:04+00:00,-46.86,-58.15,-65.68,-62.25,-66.45,-44.70,-48.71,-54.93,-50.07,-45.68,-54.16,-59.93,-57.04,-49.41,-59.78,-47.61,-58.42,2026-08-02 06:06:04+00:00
2026-08-02T06:07:03+00:00,-45.20,-58.81,-66.17,-62.33,-66.90,-44.78,-48.46,-54.92,-50.28,-45.67,-52.58,-60.01,-56.91,-49.42,-60.11,-47.71,-58.83,2026-08-02 06:07:03+00:00
2026-08-02T06:08:03+00:00,-45.84,-59.47,-66.80,-62.85,-65.97,-45.52,-48.85,-54.83,-50.05,-45.65,-51.94,-60.07,-56.82,-49.39,-59.80,-47.54,-58.57,2026-08-02 06:08:03+00:00
2026-08-02T06:09:04+00:00,-45.62,-59.87,-66.37,-62.36,-66.36,-44.70,-48.10,-54.66,-50.88,-45.30,-50.89,-59.98,-56.83,-49.51,-60.26,-47.36,-58.05,2026-08-02 06:09:04+00:00
2026-08-02T06:10:03+00:00,-45.51,-59.48,-64.76,-62.40,-65.52,-45.49,-49.02,-54.88,-50.81,-45.28,-50.67,-59.87,-57.09,-49.48,-60.18,-47.30,-58.35,2026-08-02 06:10:03+00:00
2026-08-02T06:11:03+00:00,-46.20,-59.27,-66.22,-62.75,-65.55,-45.51,-48.94,-54.78,-50.57,-44.86,-50.59,-59.86,-57.04,-49.63,-59.45,-47.33,-59.07,2026-08-02 06:11:03+00:00
2026-08-02T06:12:04+00:00,-46.03,-57.54,-66.06,-62.11,-66.34,-45.64,-49.08,-54.74,-50.56,-44.72,-50.36,-60.11,-57.07,-49.57,-59.37,-47.34,-56.25,2026-08-02 06:12:04+00:00
2026-08-02T06:13:03+00:00,-45.80,-57.56,-66.32,-62.59,-66.49,-45.47,-48.54,-54.94,-50.48,-44.80,-50.55,-59.93,-57.17,-49.80,-59.90,-47.32,-59.01,2026-08-02 06:13:03+00:00
2026-08-02T06:14:03+00:00,-45.66,-54.40,-64.59,-62.28,-66.60,-45.71,-49.37,-54.86,-51.74,-44.58,-50.37,-60.88,-56.93,-49.76,-59.55,-47.50,-59.19,2026-08-02 06:14:03+00:00
2026-08-02T06:15:03+00:00,-45.35,-54.57,-64.56,-62.58,-67.17,-45.55,-49.00,-54.98,-52.02,-44.72,-50.61,-59.66,-57.21,-49.88,-60.19,-47.40,-58.98,2026-08-02 06:15:03+00:00
2026-08-02T06:16:04+00:00,-46.62,-51.60,-64.50,-62.48,-66.13,-45.53,-48.90,-54.86,-53.71,-44.80,-51.38,-59.61,-57.45,-49.93,-59.70,-47.54,-59.54,2026-08-02 06:16:04+00:00
2026-08-02T06:17:03+00:00,-46.33,-51.69,-64.54,-62.78,-65.94,-45.70,-49.29,-54.75,-53.53,-44.61,-50.42,-59.89,-57.42,-50.00,-60.04,-47.59,-59.57,2026-08-02 06:17:03+00:00
2026-08-02T06:18:03+00:00,-45.55,-52.46,-63.84,-62.54,-65.78,-45.60,-48.91,-54.97,-53.40,-44.39,-50.18,-59.64,-57.08,-50.18,-59.44,-47.59,-59.60,2026-08-02 06:18:03+00:00
2026-08-02T06:19:04+00:00,-45.98,-52.39,-64.81,-62.41,-65.98,-45.62,-49.23,-54.86,-53.28,-44.39,-50.11,-59.28,-56.95,-50.10,-59.60,-47.42,-56.16,2026-08-02 06:19:04+00:00
2026-08-02T06:20:04+00:00,-46.91,-55.90,-63.81,-62.23,-66.37,-45.71,-49.06,-54.57,-52.67,-44.33,-49.78,-59.33,-56.89,-50.00,-59.88,-47.57,-56.64,2026-08-02 06:20:04+00:00
2026-08-02T06:21:03+00:00,-46.61,-56.56,-64.62,-62.71,-66.21,-44.69,-48.85,-54.25,-52.89,-44.39,-49.72,-59.58,-56.81,-50.30,-59.49,-47.71,-59.35,2026-08-02 06:21:03+00:00
2026-08-02T06:22:04+00:00,-45.94,-57.61,-63.04,-62.69,-66.55,-45.69,-48.79,-54.48,-52.80,-44.28,-49.84,-59.78,-57.35,-50.46,-59.37,-47.63,-59.37,2026-08-02 06:22:04+00:00
2026-08-02T06:23:04+00:00,-45.57,-57.54,-63.91,-62.83,-66.86,-45.67,-49.20,-54.26,-51.54,-44.15,-49.80,-59.41,-57.35,-50.46,-59.19,-47.71,-59.05,2026-08-02 06:23:04+00:00
2026-08-02T06:24:03+00:00,-45.82,-59.04,-63.63,-62.26,-66.80,-45.64,-49.07,-54.37,-50.90,-44.09,-49.56,-59.37,-57.30,-50.49,-59.20,-47.71,-58.73,2026-08-02 06:24:03+00:00
2026-08-02T06:25:03+00:00,-45.60,-59.16,-63.52,-62.65,-67.25,-45.54,-49.06,-54.12,-50.42,-43.95,-49.67,-59.61,-57.11,-50.56,-59.20,-47.66,-59.00,2026-08-02 06:25:03+00:00
2026-08-02T06:26:04+00:00,-46.22,-59.04,-62.30,-61.48,-65.41,-45.60,-48.87,-54.29,-49.24,-44.05,-49.49,-59.66,-57.15,-50.43,-59.11,-47.49,-57.42,2026-08-02 06:26:04+00:00
2026-08-02T06:27:04+00:00,-46.80,-59.57,-63.73,-62.48,-66.06,-45.68,-49.41,-54.12,-49.48,-44.39,-49.48,-59.36,-57.44,-50.59,-59.25,-47.54,-58.50,2026-08-02 06:27:04+00:00
2026-08-02T06:28:03+00:00,-46.32,-60.71,-63.84,-62.52,-66.55,-45.70,-48.75,-54.21,-49.55,-44.16,-49.70,-58.73,-57.29,-50.70,-59.21,-47.49,-59.14,2026-08-02 06:28:03+00:00
2026-08-02T06:29:03+00:00,-46.14,-60.86,-63.80,-62.49,-66.05,-50.23,-49.06,-53.94,-49.23,-44.27,-49.33,-59.47,-57.41,-50.85,-59.56,-47.31,-58.99,2026-08-02 06:29:03+00:00
2026-08-02T06:30:04+00:00,-46.60,-60.63,-63.47,-62.45,-66.20,-50.28,-49.03,-54.00,-49.31,-43.98,-49.39,-59.16,-57.29,-50.62,-59.36,-47.19,-58.92,2026-08-02 06:30:04+00:00
2026-08-02T06:31:04+00:00,-46.95,-60.18,-63.58,-61.93,-65.92,-50.15,-49.28,-53.92,-49.49,-44.16,-49.56,-58.86,-57.09,-50.82,-59.30,-47.35,-59.08,2026-08-02 06:31:04+00:00
2026-08-02T06:32:04+00:00,-46.48,-60.56,-63.87,-62.57,-66.92,-50.26,-49.48,-53.91,-49.39,-44.22,-49.40,-59.41,-57.35,-51.02,-59.52,-47.22,-53.95,2026-08-02 06:32:04+00:00
2026-08-02T06:33:03+00:00,-46.73,-58.89,-63.11,-62.85,-65.89,-50.43,-49.14,-53.76,-49.35,-44.09,-49.15,-59.20,-57.28,-51.07,-59.29,-47.19,-54.93,2026-08-02 06:33:03+00:00
2026-08-02T06:34:03+00:00,-46.52,-58.99,-64.19,-62.73,-66.30,-50.37,-48.77,-53.81,-49.46,-44.15,-49.31,-59.31,-57.21,-51.25,-59.19,-47.11,-53.93,2026-08-02 06:34:03+00:00
2026-08-02T06:35:04+00:00,-47.12,-57.25,-63.94,-62.81,-65.37,-50.15,-48.89,-53.69,-49.37,-44.02,-49.28,-59.36,-57.14,-51.19,-59.06,-46.75,-54.00,2026-08-02 06:35:04+00:00
2026-08-02T06:36:03+00:00,-46.09,-53.23,-62.84,-62.28,-65.75,-50.25,-48.83,-53.77,-49.39,-44.17,-49.16,-58.99,-56.75,-51.15,-59.22,-46.78,-55.01,2026-08-02 06:36:03+00:00
2026-08-02T06:37:03+00:00,-46.18,-53.11,-63.83,-62.46,-66.08,-50.08,-49.01,-53.84,-49.35,-44.14,-49.28,-59.18,-57.08,-51.37,-58.95,-46.75,-55.07,2026-08-02 06:37:03+00:00
2026-08-02T06:38:04+00:00,-47.10,-52.22,-63.94,-62.35,-66.96,-50.14,-48.75,-53.61,-49.43,-44.27,-49.25,-59.45,-56.91,-51.54,-58.65,-46.72,-54.91,2026-08-02 06:38:04+00:00
2026-08-02T06:39:04+00:00,-47.11,-51.86,-64.15,-62.69,-65.85,-50.07,-49.05,-53.67,-49.32,-44.03,-49.42,-59.56,-57.09,-51.86,-59.22,-46.66,-54.85,2026-08-02 06:39:04+00:00
2026-08-02T06:40:03+00:00,-46.74,-52.23,-64.06,-62.52,-66.56,-49.96,-49.34,-53.57,-49.51,-44.32,-49.34,-59.71,-57.19,-51.47,-58.92,-46.56,-54.14,2026-08-02 06:40:03+00:00
2026-08-02T06:41:04+00:00,-46.70,-52.87,-63.89,-62.29,-65.89,-50.15,-48.82,-53.52,-50.98,-43.82,-49.51,-59.47,-57.30,-51.73,-58.72,-46.52,-55.18,2026-08-02 06:41:04+00:00
2026-08-02T06:42:04+00:00,-47.09,-56.13,-63.43,-62.68,-65.50,-50.22,-48.71,-53.50,-50.98,-44.22,-49.66,-59.71,-57.05,-51.67,-59.10,-46.53,-59.07,2026-08-02 06:42:04+00:00
2026-08-02T06:43:03+00:00,-46.73,-56.62,-63.11,-62.03,-66.09,-50.04,-48.87,-53.34,-50.82,-44.16,-49.43,-60.14,-56.99,-51.68,-58.88,-46.40,-58.46,2026-08-02 06:43:03+00:00
2026-08-02T06:44:04+00:00,-47.21,-57.95,-63.65,-62.61,-65.82,-50.10,-48.77,-53.27,-50.78,-43.98,-49.52,-60.16,-57.03,-51.73,-58.96,-46.43,-59.07,2026-08-02 06:44:04+00:00
2026-08-02T06:45:04+00:00,-46.42,-57.25,-63.37,-61.74,-66.64,-50.10,-48.76,-53.20,-50.78,-44.09,-49.53,-59.95,-56.97,-51.89,-58.49,-46.35,-54.31,2026-08-02 06:45:04+00:00
2026-08-02T06:46:03+00:00,-47.04,-57.62,-64.17,-62.81,-65.82,-50.20,-48.73,-53.09,-49.98,-43.97,-49.46,-60.03,-57.09,-52.00,-59.09,-46.13,-59.54,2026-08-02 06:46:03+00:00
2026-08-02T06:47:03+00:00,-46.68,-57.74,-63.78,-62.01,-66.43,-49.97,-48.62,-53.11,-49.74,-43.96,-49.44,-60.12,-56.99,-51.94,-58.72,-46.33,-59.21,2026-08-02 06:47:03+00:00
2026-08-02T06:48:04+00:00,-46.90,-56.73,-63.79,-62.33,-66.63,-49.84,-48.77,-53.12,-49.97,-44.07,-49.26,-60.18,-56.68,-51.88,-58.54,-46.22,-58.42,2026-08-02 06:48:04+00:00
2026-08-02T06:49:04+00:00,-47.21,-59.56,-63.67,-62.30,-66.00,-49.86,-48.65,-52.00,-49.93,-43.88,-49.37,-59.40,-56.90,-52.13,-58.57,-46.24,-55.88,2026-08-02 06:49:04+00:00
2026-08-02T06:50:03+00:00,-47.07,-59.57,-63.93,-62.54,-66.73,-49.88,-48.74,-49.38,-49.92,-43.98,-49.49,-60.62,-57.07,-52.02,-58.50,-46.19,-58.96,2026-08-02 06:50:03+00:00
2026-08-02T06:51:04+00:00,-46.51,-55.73,-63.97,-62.80,-65.45,-50.01,-48.63,-49.10,-49.86,-44.11,-49.45,-60.49,-57.04,-52.23,-58.41,-46.26,-59.00,2026-08-02 06:51:04+00:00
2026-08-02T06:52:04+00:00,-46.47,-56.38,-63.78,-62.14,-65.82,-49.88,-49.02,-49.05,-49.70,-43.77,-49.43,-60.49,-56.87,-52.20,-58.11,-46.16,-57.75,2026-08-02 06:52:04+00:00
2026-08-02T06:53:03+00:00,-46.76,-56.32,-63.63,-62.11,-65.51,-48.58,-49.22,-49.16,-49.61,-43.56,-44.46,-60.32,-56.91,-52.05,-58.96,-46.14,-55.76,2026-08-02 06:53:03+00:00
2026-08-02T06:54:04+00:00,-46.73,-56.07,-63.51,-62.42,-66.79,-48.62,-48.71,-48.98,-49.75,-44.04,-49.37,-60.76,-56.89,-52.30,-58.62,-46.08,-57.81,2026-08-02 06:54:04+00:00
2026-08-02T06:55:04+00:00,-46.68,-55.16,-64.12,-62.47,-66.24,-47.72,-48.50,-48.97,-50.02,-44.04,-49.20,-61.06,-57.08,-52.42,-58.65,-46.29,-59.43,2026-08-02 06:55:04+00:00
2026-08-02T06:56:03+00:00,-46.57,-53.98,-64.24,-61.90,-66.09,-47.66,-48.13,-48.98,-49.88,-43.70,-49.25,-61.29,-57.11,-52.49,-58.82,-46.24,-57.88,2026-08-02 06:56:03+00:00
2026-08-02T06:57:03+00:00,-46.24,-54.76,-63.38,-62.08,-66.70,-47.66,-48.44,-48.93,-49.89,-44.01,-50.07,-61.75,-56.85,-52.60,-58.56,-46.28,-58.36,2026-08-02 06:57:03+00:00
2026-08-02T06:58:04+00:00,-46.34,-53.20,-64.03,-62.53,-67.11,-47.90,-48.66,-48.90,-49.71,-44.33,-50.98,-62.13,-56.94,-52.67,-58.59,-46.24,-59.33,2026-08-02 06:58:04+00:00
2026-08-02T06:59:04+00:00,-46.67,-52.94,-63.82,-62.30,-66.40,-47.81,-48.51,-48.96,-49.89,-45.10,-52.80,-62.11,-56.72,-53.08,-58.01,-46.19,-57.88,2026-08-02 06:59:04+00:00
2026-08-02T07:00:03+00:00,-46.69,-51.76,-64.20,-62.34,-66.57,-47.65,-48.49,-48.98,-50.06,-45.03,-51.88,-62.48,-57.06,-53.30,-58.26,-46.42,-59.10,2026-08-02 07:00:03+00:00
2026-08-02T07:01:03+00:00,-46.64,-51.59,-64.23,-62.47,-66.24,-47.66,-48.50,-48.98,-50.70,-44.67,-50.30,-62.66,-57.06,-53.40,-58.51,-46.48,-59.34,2026-08-02 07:01:03+00:00
2026-08-02T07:02:03+00:00,-46.70,-52.22,-63.82,-62.37,-65.45,-47.54,-48.61,-48.98,-50.89,-44.67,-51.38,-62.30,-56.99,-53.27,-58.50,-46.44,-58.92,2026-08-02 07:02:03+00:00
2026-08-02T07:03:04+00:00,-46.11,-52.69,-63.91,-62.23,-66.30,-47.55,-48.50,-48.87,-50.72,-44.82,-52.03,-62.28,-57.05,-53.66,-58.37,-46.43,-56.49,2026-08-02 07:03:04+00:00
2026-08-02T07:04:03+00:00,-46.17,-54.34,-63.36,-62.25,-66.53,-47.52,-48.48,-48.95,-50.85,-45.06,-53.24,-62.32,-57.02,-53.58,-57.92,-46.40,-58.18,2026-08-02 07:04:03+00:00
2026-08-02T07:05:03+00:00,-45.99,-54.50,-63.03,-62.33,-66.30,-47.75,-48.57,-48.85,-50.78,-45.01,-53.96,-62.73,-57.24,-53.87,-57.75,-46.37,-56.28,2026-08-02 07:05:03+00:00
2026-08-02T07:06:04+00:00,-46.32,-56.65,-63.01,-62.03,-66.23,-47.59,-48.75,-48.80,-50.79,-45.24,-54.64,-62.00,-57.05,-53.90,-57.94,-46.30,-55.90,2026-08-02 07:06:04+00:00
2026-08-02T07:07:04+00:00,-46.32,-57.39,-63.00,-62.25,-66.57,-47.69,-48.55,-48.90,-51.20,-45.06,-55.12,-61.99,-56.76,-54.18,-58.40,-46.39,-57.58,2026-08-02 07:07:04+00:00
2026-08-02T07:08:04+00:00,-46.37,-57.48,-64.09,-62.20,-66.74,-48.29,-49.03,-48.97,-51.41,-45.11,-54.83,-62.61,-57.10,-54.67,-58.18,-46.39,-58.96,2026-08-02 07:08:04+00:00
2026-08-02T07:09:03+00:00,-46.15,-57.20,-62.99,-62.45,-67.48,-48.42,-48.77,-48.79,-51.27,-45.13,-54.94,-61.42,-56.97,-54.69,-58.15,-46.34,-57.84,2026-08-02 07:09:03+00:00
2026-08-02T07:10:03+00:00,-45.99,-57.25,-64.22,-62.80,-66.15,-48.72,-48.82,-49.00,-51.25,-45.24,-54.99,-62.75,-56.84,-55.00,-58.28,-46.43,-59.18,2026-08-02 07:10:03+00:00
2026-08-02T07:11:04+00:00,-46.27,-57.38,-65.05,-62.65,-66.06,-48.88,-49.13,-49.07,-50.99,-45.21,-55.06,-62.61,-57.11,-55.02,-58.11,-46.39,-59.51,2026-08-02 07:11:04+00:00
2026-08-02T07:12:03+00:00,-46.15,-57.74,-65.02,-62.70,-66.48,-48.81,-48.68,-49.07,-50.52,-45.16,-54.97,-62.64,-57.29,-55.48,-58.13,-46.35,-59.35,2026-08-02 07:12:03+00:00
2026-08-02T07:13:03+00:00,-46.63,-57.26,-64.40,-62.08,-66.48,-48.54,-48.66,-49.01,-50.25,-45.07,-54.75,-62.40,-56.84,-55.70,-57.72,-46.34,-58.76,2026-08-02 07:13:03+00:00
2026-08-02T07:14:04+00:00,-46.75,-57.22,-63.42,-62.23,-65.50,-48.47,-48.29,-48.97,-49.85,-45.19,-55.05,-62.57,-56.82,-55.82,-57.95,-46.23,-58.58,2026-08-02 07:14:04+00:00
2026-08-02T07:15:03+00:00,-46.59,-57.14,-63.40,-62.46,-65.61,-48.64,-48.80,-48.88,-49.44,-45.11,-55.06,-62.19,-56.95,-56.12,-57.52,-46.36,-56.12,2026-08-02 07:15:03+00:00
2026-08-02T07:16:03+00:00,-47.18,-57.12,-63.77,-62.50,-66.79,-48.32,-48.95,-48.88,-49.58,-45.26,-54.75,-62.52,-57.33,-56.26,-57.85,-46.18,-59.06,2026-08-02 07:16:03+00:00
2026-08-02T07:17:03+00:00,-46.63,-57.57,-63.77,-62.44,-66.79,-48.52,-48.78,-48.86,-50.06,-45.20,-55.10,-62.86,-57.14,-56.51,-57.77,-46.02,-59.20,2026-08-02 07:17:03+00:00
2026-08-02T07:18:04+00:00,-46.38,-57.90,-63.86,-62.83,-66.52,-48.56,-48.59,-48.90,-49.98,-45.39,-55.15,-62.81,-57.02,-56.64,-58.28,-46.15,-59.52,2026-08-02 07:18:04+00:00
2026-08-02T07:19:03+00:00,-47.11,-57.50,-63.73,-62.21,-65.44,-48.67,-48.50,-48.83,-49.26,-45.23,-54.92,-62.68,-57.03,-56.59,-57.92,-46.11,-58.15,2026-08-02 07:19:03+00:00
2026-08-02T07:20:03+00:00,-46.83,-57.72,-63.95,-62.66,-66.02,-48.50,-48.41,-48.70,-49.71,-45.23,-54.92,-62.93,-57.10,-56.49,-57.99,-46.19,-59.52,2026-08-02 07:20:03+00:00
2026-08-02T07:21:04+00:00,-46.54,-57.32,-63.35,-62.32,-65.42,-48.39,-48.92,-48.75,-50.36,-45.19,-54.88,-62.86,-57.14,-56.51,-57.67,-46.04,-57.41,2026-08-02 07:21:04+00:00
2026-08-02T07:22:04+00:00,-46.96,-57.43,-63.61,-62.24,-66.67,-48.55,-49.03,-48.76,-48.82,-45.45,-54.64,-63.00,-56.97,-56.57,-57.66,-46.21,-57.60,2026-08-02 07:22:04+00:00
2026-08-02T07:23:03+00:00,-46.82,-57.48,-63.83,-62.71,-66.37,-48.66,-48.36,-48.82,-49.06,-45.27,-54.75,-62.79,-57.33,-56.63,-57.87,-46.35,-59.69,2026-08-02 07:23:03+00:00
2026-08-02T07:24:04+00:00,-46.47,-56.55,-62.13,-62.59,-66.78,-48.54,-48.82,-48.71,-49.39,-45.05,-54.47,-62.16,-56.64,-56.74,-58.09,-46.37,-55.73,2026-08-02 07:24:04+00:00
2026-08-02T07:25:04+00:00,-46.41,-56.89,-63.59,-62.23,-66.15,-48.43,-48.84,-48.66,-48.85,-45.32,-54.44,-63.61,-57.03,-57.41,-57.84,-46.43,-58.18,2026-08-02 07:25:04+00:00
2026-08-02T07:26:03+00:00,-46.42,-56.80,-63.83,-62.69,-65.62,-48.63,-48.15,-48.72,-50.62,-45.05,-52.95,-63.16,-57.18,-57.61,-57.98,-46.55,-58.66,2026-08-02 07:26:03+00:00
2026-08-02T07:27:03+00:00,-46.00,-56.81,-63.45,-62.60,-65.97,-48.60,-48.89,-48.62,-50.86,-44.96,-54.27,-63.44,-57.00,-58.08,-57.93,-46.68,-57.98,2026-08-02 07:27:03+00:00
2026-08-02T07:28:04+00:00,-46.47,-56.96,-62.96,-61.92,-66.95,-48.61,-48.89,-48.73,-50.29,-45.15,-53.33,-63.06,-56.74,-58.40,-58.02,-46.72,-57.60,2026-08-02 07:28:04+00:00
2026-08-02T07:29:04+00:00,-46.61,-57.22,-63.01,-62.54,-66.09,-48.58,-48.25,-48.68,-50.61,-45.05,-54.26,-63.34,-57.08,-58.80,-57.38,-46.80,-58.68,2026-08-02 07:29:04+00:00
2026-08-02T07:30:03+00:00,-46.14,-57.08,-62.53,-62.36,-66.14,-48.70,-48.08,-48.49,-50.37,-44.90,-54.27,-63.95,-56.95,-59.11,-57.55,-46.56,-58.39,2026-08-02 07:30:03+00:00
2026-08-02T07:31:04+00:00,-46.64,-58.19,-63.18,-62.33,-67.10,-49.75,-48.09,-48.49,-50.01,-44.72,-53.51,-63.83,-56.65,-59.40,-57.36,-46.72,-57.78,2026-08-02 07:31:04+00:00
2026-08-02T07:32:03+00:00,-46.52,-56.72,-61.31,-62.55,-66.36,-50.81,-48.22,-48.50,-49.93,-44.41,-53.64,-63.15,-57.14,-59.62,-57.36,-46.69,-57.61,2026-08-02 07:32:03+00:00
2026-08-02T07:33:04+00:00,-46.60,-57.20,-61.48,-62.30,-66.39,-50.77,-48.92,-48.53,-49.63,-44.20,-53.47,-63.49,-56.89,-60.21,-57.48,-46.82,-57.99,2026-08-02 07:33:04+00:00
2026-08-02T07:34:04+00:00,-45.87,-57.96,-61.72,-62.42,-66.01,-50.71,-48.24,-48.59,-49.54,-44.28,-53.12,-63.67,-56.94,-60.12,-57.35,-46.78,-58.33,2026-08-02 07:34:04+00:00
2026-08-02T07:35:03+00:00,-46.12,-57.76,-61.04,-61.89,-66.69,-50.67,-48.76,-48.49,-49.73,-44.36,-53.05,-62.69,-56.69,-59.65,-57.18,-46.74,-57.54,2026-08-02 07:35:03+00:00
2026-08-02T07:36:04+00:00,-46.12,-57.69,-60.96,-62.42,-66.12,-50.65,-47.98,-48.61,-49.25,-44.66,-52.49,-64.13,-56.87,-60.03,-57.22,-46.84,-58.01,2026-08-02 07:36:04+00:00
2026-08-02T07:37:04+00:00,-45.86,-56.20,-60.74,-62.23,-66.26,-50.88,-48.53,-48.42,-49.53,-44.63,-53.09,-63.26,-56.87,-59.94,-57.17,-46.64,-58.12,2026-08-02 07:37:04+00:00
2026-08-02T07:38:03+00:00,-46.67,-57.07,-60.80,-62.14,-65.99,-50.66,-48.26,-48.53,-50.99,-44.73,-53.99,-63.17,-56.60,-59.62,-57.38,-46.82,-56.29,2026-08-02 07:38:03+00:00
2026-08-02T07:39:03+00:00,-45.87,-56.69,-60.79,-62.52,-65.83,-50.66,-48.40,-48.53,-51.39,-44.70,-54.07,-63.71,-56.77,-60.63,-56.99,-46.93,-59.17,2026-08-02 07:39:03+00:00
2026-08-02T07:40:04+00:00,-46.12,-57.72,-60.92,-62.76,-66.80,-50.61,-48.28,-48.52,-50.29,-44.70,-54.10,-64.56,-56.66,-60.74,-57.28,-46.89,-58.21,2026-08-02 07:40:04+00:00
2026-08-02T07:41:04+00:00,-46.21,-57.00,-61.07,-62.48,-66.25,-50.66,-48.49,-48.46,-51.05,-44.66,-54.22,-64.91,-56.72,-61.41,-57.54,-46.93,-58.55,2026-08-02 07:41:04+00:00
2026-08-02T07:42:03+00:00,-46.92,-57.55,-60.50,-62.61,-66.17,-50.35,-48.35,-48.45,-50.45,-44.82,-54.19,-64.15,-56.40,-61.59,-57.34,-46.94,-55.12,2026-08-02 07:42:03+00:00
2026-08-02T07:43:04+00:00,-47.08,-57.29,-60.37,-62.32,-66.69,-50.77,-48.33,-48.48,-50.75,-44.66,-54.22,-64.04,-56.52,-62.05,-57.13,-46.91,-58.41,2026-08-02 07:43:04+00:00
2026-08-02T07:45:04+00:00,-46.78,-57.15,-62.41,-62.40,-65.48,-50.48,-48.43,-48.42,-51.60,-43.89,-54.20,-63.29,-56.47,-62.36,-56.51,-47.13,-56.90,2026-08-02 07:45:04+00:00
2026-08-02T07:45:08+00:00,-49.11,-54.18,-54.89,-58.40,-65.08,-51.61,-50.47,-50.35,-51.19,-46.99,-53.07,-55.23,-54.15,-57.67,-57.97,-51.00,-56.44,2026-08-02 07:45:08+00:00
2026-08-02T07:46:04+00:00,-44.89,-57.20,-61.22,-62.24,-66.00,-50.56,-48.65,-48.24,-51.62,-43.99,-54.09,-62.99,-56.47,-62.50,-57.37,-47.16,-56.81,2026-08-02 07:46:04+00:00
2026-08-02T07:47:03+00:00,-47.31,-57.31,-60.52,-62.36,-66.20,-50.66,-48.78,-48.28,-50.43,-43.97,-53.91,-62.22,-56.63,-62.24,-57.22,-47.30,-56.68,2026-08-02 07:47:03+00:00
2026-08-02T07:48:03+00:00,-46.96,-57.37,-60.60,-61.67,-66.23,-50.55,-48.25,-48.24,-50.90,-43.88,-53.79,-61.92,-56.43,-62.32,-56.66,-47.36,-53.63,2026-08-02 07:48:03+00:00
2026-08-02T07:49:04+00:00,-47.48,-56.37,-61.38,-62.69,-65.48,-50.56,-48.18,-48.33,-50.83,-43.88,-54.00,-61.86,-56.55,-62.82,-56.75,-47.46,-57.20,2026-08-02 07:49:04+00:00
2026-08-02T07:50:03+00:00,-47.12,-57.07,-61.81,-62.65,-65.96,-50.65,-48.19,-48.27,-50.73,-43.98,-53.92,-59.84,-56.58,-62.58,-56.89,-47.49,-58.36,2026-08-02 07:50:03+00:00
2026-08-02T07:51:03+00:00,-47.06,-56.75,-61.34,-62.35,-65.97,-50.55,-48.82,-48.22,-51.27,-43.88,-53.94,-61.37,-56.40,-62.58,-57.09,-47.55,-57.49,2026-08-02 07:51:03+00:00
2026-08-02T07:52:04+00:00,-47.35,-56.82,-62.48,-62.67,-66.79,-50.45,-48.79,-48.27,-50.89,-43.96,-53.96,-61.54,-56.52,-62.79,-57.25,-47.40,-58.55,2026-08-02 07:52:04+00:00
2026-08-02T07:53:04+00:00,-47.56,-56.51,-61.86,-62.37,-66.25,-50.52,-47.98,-48.31,-51.05,-43.88,-53.90,-60.57,-56.67,-62.70,-57.06,-47.64,-58.18,2026-08-02 07:53:04+00:00
2026-08-02T07:54:03+00:00,-47.32,-56.33,-61.96,-62.44,-66.53,-49.35,-47.99,-48.34,-51.16,-43.87,-53.96,-59.85,-56.36,-62.64,-57.08,-47.66,-58.28,2026-08-02 07:54:03+00:00
2026-08-02T07:55:04+00:00,-45.67,-56.87,-63.21,-62.28,-66.99,-48.97,-48.54,-48.26,-51.55,-44.71,-54.44,-60.84,-56.61,-62.48,-56.68,-47.63,-57.05,2026-08-02 07:55:04+00:00
2026-08-02T07:56:04+00:00,-45.45,-56.93,-63.80,-62.58,-66.15,-47.74,-48.17,-48.27,-49.70,-44.63,-54.20,-60.50,-56.59,-62.42,-56.97,-47.68,-58.30,2026-08-02 07:56:04+00:00
2026-08-02T07:57:03+00:00,-46.91,-57.02,-63.50,-62.13,-65.82,-47.83,-48.46,-48.19,-49.77,-44.63,-54.10,-61.40,-56.39,-62.19,-56.96,-47.81,-58.08,2026-08-02 07:57:03+00:00
2026-08-02T07:58:04+00:00,-47.00,-56.77,-63.28,-62.32,-66.20,-48.68,-47.95,-48.37,-50.13,-44.60,-54.20,-61.55,-56.49,-61.77,-56.65,-47.88,-57.61,2026-08-02 07:58:04+00:00
2026-08-02T07:59:04+00:00,-46.60,-54.68,-63.84,-62.34,-66.03,-48.96,-48.61,-48.29,-50.07,-44.80,-54.27,-62.07,-56.52,-62.13,-56.66,-47.72,-58.02,2026-08-02 07:59:04+00:00
2026-08-02T08:00:03+00:00,-46.30,-55.18,-63.05,-62.31,-65.84,-48.66,-48.66,-48.29,-50.04,-44.85,-54.13,-61.85,-56.83,-62.02,-56.71,-47.62,-57.96,2026-08-02 08:00:03+00:00
2026-08-02T08:01:04+00:00,-46.04,-55.64,-62.85,-62.42,-66.29,-48.51,-48.10,-48.09,-50.26,-44.69,-50.27,-62.34,-56.68,-61.77,-56.67,-47.75,-57.79,2026-08-02 08:01:04+00:00
2026-08-02T08:02:03+00:00,-46.02,-55.78,-59.87,-62.07,-65.50,-48.73,-47.79,-48.27,-49.79,-44.46,-54.12,-61.94,-56.70,-61.30,-56.85,-47.85,-57.94,2026-08-02 08:02:03+00:00
2026-08-02T08:03:04+00:00,-46.18,-56.15,-61.21,-62.29,-66.83,-48.87,-48.47,-48.14,-49.90,-43.90,-54.15,-61.44,-56.52,-61.74,-56.27,-47.77,-57.98,2026-08-02 08:03:04+00:00
2026-08-02T08:04:04+00:00,-46.25,-56.15,-61.31,-62.83,-65.61,-48.78,-48.11,-48.16,-50.12,-43.84,-54.13,-62.15,-56.65,-61.69,-56.72,-47.93,-57.92,2026-08-02 08:04:04+00:00
2026-08-02T08:05:03+00:00,-46.00,-56.18,-61.25,-62.25,-66.67,-48.89,-47.54,-48.22,-49.61,-43.95,-53.63,-62.50,-56.65,-61.07,-56.38,-48.00,-57.53,2026-08-02 08:05:03+00:00
2026-08-02T08:06:04+00:00,-46.11,-55.49,-60.44,-62.08,-66.87,-48.84,-48.49,-48.20,-49.84,-44.85,-53.68,-62.84,-56.39,-61.11,-56.50,-48.21,-56.90,2026-08-02 08:06:04+00:00
2026-08-02T08:07:04+00:00,-45.99,-55.91,-60.63,-62.30,-66.28,-48.88,-48.25,-48.15,-49.77,-44.33,-53.35,-63.20,-56.52,-61.26,-56.58,-48.06,-57.42,2026-08-02 08:07:04+00:00
2026-08-02T08:08:03+00:00,-45.48,-55.77,-60.24,-62.45,-66.51,-48.78,-48.26,-48.24,-49.89,-44.55,-53.51,-63.23,-56.35,-61.37,-56.77,-48.06,-58.11,2026-08-02 08:08:03+00:00
2026-08-02T08:09:03+00:00,-46.44,-56.59,-60.25,-62.19,-66.26,-48.93,-48.44,-48.04,-49.63,-44.47,-53.15,-62.98,-61.88,-60.60,-56.54,-48.12,-57.45,2026-08-02 08:09:03+00:00
2026-08-02T08:10:04+00:00,-45.77,-56.72,-60.60,-62.72,-65.70,-49.10,-47.98,-48.04,-49.64,-44.39,-53.40,-63.63,-58.14,-60.77,-57.04,-48.14,-57.49,2026-08-02 08:10:04+00:00
2026-08-02T08:11:04+00:00,-46.06,-56.37,-60.44,-62.69,-66.48,-49.18,-48.26,-47.86,-51.82,-44.83,-53.38,-63.70,-56.31,-60.71,-56.64,-48.28,-56.33,2026-08-02 08:11:04+00:00
2026-08-02T08:12:03+00:00,-46.29,-56.31,-60.13,-62.59,-65.46,-49.13,-48.17,-47.93,-51.36,-44.62,-53.34,-63.21,-56.56,-60.30,-56.95,-48.08,-56.67,2026-08-02 08:12:03+00:00
2026-08-02T08:13:04+00:00,-45.83,-56.62,-60.17,-62.41,-66.24,-49.06,-48.39,-47.93,-51.54,-44.42,-53.10,-62.99,-56.53,-60.36,-57.01,-48.21,-56.96,2026-08-02 08:13:04+00:00
2026-08-02T08:14:04+00:00,-45.52,-56.75,-61.08,-62.56,-65.79,-49.10,-48.00,-47.79,-50.40,-43.83,-53.26,-62.13,-56.51,-60.06,-56.70,-48.13,-56.27,2026-08-02 08:14:04+00:00
2026-08-02T08:15:03+00:00,-46.29,-57.03,-60.98,-62.43,-65.68,-48.85,-48.24,-47.82,-51.34,-43.67,-53.29,-62.07,-56.60,-59.69,-56.86,-48.15,-57.30,2026-08-02 08:15:03+00:00
2026-08-02T08:16:04+00:00,-46.85,-56.13,-62.04,-62.25,-66.47,-48.83,-47.84,-47.81,-49.88,-44.56,-53.09,-62.43,-56.63,-59.44,-56.65,-47.96,-55.64,2026-08-02 08:16:04+00:00
2026-08-02T08:17:04+00:00,-46.08,-56.39,-62.41,-62.47,-65.69,-49.31,-47.71,-47.76,-51.81,-44.54,-53.48,-62.96,-56.61,-59.70,-56.68,-48.05,-57.04,2026-08-02 08:17:04+00:00
2026-08-02T08:18:03+00:00,-46.44,-56.38,-62.54,-62.32,-66.32,-49.18,-47.62,-47.88,-52.90,-44.64,-53.21,-62.49,-56.51,-59.35,-56.37,-48.00,-56.95,2026-08-02 08:18:03+00:00
2026-08-02T08:19:03+00:00,-46.66,-56.55,-62.51,-62.16,-66.18,-49.11,-47.38,-47.82,-49.43,-44.77,-53.45,-62.63,-56.64,-58.93,-56.31,-48.12,-56.97,2026-08-02 08:19:03+00:00
2026-08-02T08:20:04+00:00,-46.31,-57.10,-62.18,-62.31,-66.34,-48.84,-47.88,-47.77,-51.91,-44.77,-53.44,-61.96,-56.59,-58.82,-56.52,-48.05,-56.92,2026-08-02 08:20:04+00:00
2026-08-02T08:21:03+00:00,-45.11,-57.76,-62.33,-62.34,-66.10,-49.07,-47.94,-47.85,-49.00,-44.92,-53.55,-62.57,-56.51,-58.83,-56.45,-48.31,-56.59,2026-08-02 08:21:03+00:00
2026-08-02T08:22:03+00:00,-46.79,-57.12,-60.64,-62.13,-65.48,-49.17,-48.06,-47.83,-50.92,-44.79,-53.24,-63.66,-56.77,-58.55,-56.55,-48.14,-57.27,2026-08-02 08:22:03+00:00
2026-08-02T08:23:04+00:00,-46.67,-56.91,-61.09,-62.59,-66.19,-49.14,-48.03,-47.72,-53.02,-43.94,-53.35,-62.91,-56.74,-58.19,-56.21,-48.49,-57.22,2026-08-02 08:23:04+00:00
2026-08-02T08:24:04+00:00,-46.67,-57.24,-61.51,-62.36,-65.50,-49.21,-47.57,-47.82,-53.19,-44.02,-53.45,-63.03,-56.75,-57.95,-56.20,-48.47,-57.24,2026-08-02 08:24:04+00:00
2026-08-02T08:25:03+00:00,-46.31,-56.81,-61.14,-62.18,-66.15,-49.10,-47.75,-47.83,-50.56,-43.92,-53.35,-63.22,-56.69,-57.56,-56.49,-48.62,-56.57,2026-08-02 08:25:03+00:00
2026-08-02T08:26:04+00:00,-46.78,-56.89,-61.10,-62.10,-66.06,-49.21,-48.36,-47.82,-51.06,-43.82,-53.32,-62.76,-56.66,-57.82,-56.48,-48.72,-56.96,2026-08-02 08:26:04+00:00
2026-08-02T08:27:04+00:00,-46.23,-56.22,-60.57,-62.24,-65.80,-48.95,-48.12,-47.77,-49.95,-44.41,-53.13,-63.68,-56.59,-57.49,-56.70,-48.71,-54.40,2026-08-02 08:27:04+00:00
2026-08-02T08:28:03+00:00,-46.16,-56.48,-60.41,-62.18,-66.74,-48.74,-47.82,-47.83,-51.27,-44.70,-52.57,-63.92,-56.71,-57.26,-56.32,-48.74,-56.67,2026-08-02 08:28:03+00:00
2026-08-02T08:29:03+00:00,-46.39,-56.43,-60.10,-62.04,-66.31,-48.62,-48.20,-47.72,-51.38,-44.61,-53.01,-62.81,-56.53,-57.28,-56.54,-48.97,-57.16,2026-08-02 08:29:03+00:00
2026-08-02T08:30:04+00:00,-46.52,-57.31,-60.22,-61.97,-66.19,-48.82,-48.23,-47.79,-51.24,-44.61,-53.12,-63.54,-56.52,-57.07,-56.27,-48.89,-56.96,2026-08-02 08:30:04+00:00
2026-08-02T08:31:04+00:00,-46.52,-56.68,-60.52,-62.43,-66.89,-48.99,-48.13,-47.86,-51.71,-44.35,-52.86,-63.78,-56.64,-57.01,-56.83,-48.99,-57.30,2026-08-02 08:31:04+00:00
2026-08-02T08:32:03+00:00,-46.71,-56.41,-60.45,-62.31,-66.25,-49.00,-48.01,-47.79,-50.97,-44.36,-53.06,-63.83,-56.85,-56.61,-56.23,-48.68,-57.43,2026-08-02 08:32:03+00:00
2026-08-02T08:33:03+00:00,-46.67,-55.05,-59.79,-62.42,-66.75,-48.51,-47.53,-47.71,-51.28,-44.42,-52.73,-63.53,-56.67,-56.31,-56.39,-48.56,-55.80,2026-08-02 08:33:03+00:00
2026-08-02T08:34:04+00:00,-47.12,-55.90,-62.48,-61.92,-66.23,-50.32,-48.39,-47.69,-51.97,-44.95,-52.81,-64.24,-56.84,-56.34,-56.41,-48.60,-57.56,2026-08-02 08:34:04+00:00
2026-08-02T08:35:04+00:00,-46.98,-53.67,-62.55,-62.08,-66.40,-51.78,-48.71,-47.71,-51.65,-44.69,-53.01,-64.01,-44.78,-56.18,-56.55,-48.69,-57.01,2026-08-02 08:35:04+00:00
2026-08-02T08:36:03+00:00,-47.10,-56.77,-62.81,-62.29,-65.75,-51.74,-48.34,-47.80,-51.40,-44.80,-52.88,-64.22,-45.20,-55.90,-56.45,-48.63,-57.16,2026-08-02 08:36:03+00:00
2026-08-02T08:37:03+00:00,-45.94,-56.61,-62.74,-62.08,-65.25,-51.80,-48.13,-47.80,-51.10,-44.65,-53.11,-64.50,-46.79,-55.74,-56.19,-48.78,-57.53,2026-08-02 08:37:03+00:00
2026-08-02T08:38:04+00:00,-45.87,-56.24,-62.77,-62.06,-65.93,-51.73,-48.04,-47.72,-51.49,-44.56,-53.10,-64.51,-47.47,-55.80,-56.13,-48.53,-56.69,2026-08-02 08:38:04+00:00
2026-08-02T08:39:04+00:00,-46.63,-56.44,-62.51,-62.46,-65.62,-51.67,-47.72,-47.75,-51.71,-44.70,-52.97,-64.29,-46.37,-55.68,-56.50,-48.73,-57.01,2026-08-02 08:39:04+00:00
2026-08-02T08:40:03+00:00,-46.25,-56.41,-62.54,-62.38,-66.39,-51.64,-47.54,-47.79,-51.52,-44.59,-51.98,-62.84,-46.60,-55.65,-56.71,-48.59,-56.98,2026-08-02 08:40:03+00:00
2026-08-02T08:41:03+00:00,-46.05,-56.78,-61.51,-62.23,-66.31,-51.74,-47.72,-47.71,-51.32,-43.72,-52.66,-63.32,-46.99,-55.77,-56.51,-48.86,-56.77,2026-08-02 08:41:03+00:00
2026-08-02T08:42:04+00:00,-46.27,-56.31,-61.36,-62.58,-66.21,-51.73,-47.89,-47.64,-50.92,-43.63,-52.78,-63.33,-46.97,-55.22,-56.25,-48.96,-56.90,2026-08-02 08:42:04+00:00
2026-08-02T08:43:03+00:00,-46.17,-56.58,-61.51,-62.29,-66.01,-51.70,-47.97,-47.63,-51.73,-43.71,-52.82,-64.36,-47.08,-55.10,-56.08,-49.06,-57.25,2026-08-02 08:43:03+00:00
2026-08-02T08:44:03+00:00,-46.08,-56.18,-61.94,-62.57,-66.06,-51.57,-47.93,-47.60,-51.46,-43.92,-52.48,-64.27,-48.94,-55.17,-56.30,-48.99,-56.74,2026-08-02 08:44:03+00:00
2026-08-02T08:45:04+00:00,-46.34,-56.08,-61.01,-62.41,-67.21,-51.47,-47.55,-47.72,-51.69,-44.61,-52.68,-65.18,-49.21,-55.14,-56.36,-48.90,-56.94,2026-08-02 08:45:04+00:00
2026-08-02T08:46:04+00:00,-45.62,-55.90,-63.66,-61.84,-65.91,-51.67,-47.92,-47.69,-52.12,-44.64,-52.81,-65.21,-51.54,-55.03,-56.04,-49.10,-56.25,2026-08-02 08:46:04+00:00
2026-08-02T08:47:03+00:00,-45.95,-56.20,-63.87,-62.30,-65.37,-51.57,-47.64,-47.67,-52.00,-44.84,-52.90,-63.93,-51.06,-54.82,-56.29,-49.28,-56.06,2026-08-02 08:47:03+00:00
2026-08-02T08:48:04+00:00,-46.20,-55.49,-62.86,-61.56,-66.46,-51.69,-48.04,-47.65,-52.08,-44.68,-52.66,-63.26,-51.32,-54.66,-56.07,-49.16,-56.48,2026-08-02 08:48:04+00:00
2026-08-02T08:49:04+00:00,-43.94,-56.29,-63.68,-62.03,-65.78,-51.67,-47.96,-47.67,-52.07,-44.77,-52.85,-63.78,-51.63,-54.54,-56.15,-49.50,-54.96,2026-08-02 08:49:04+00:00
2026-08-02T08:50:03+00:00,-46.12,-56.26,-63.86,-62.37,-66.19,-51.62,-47.80,-47.68,-51.61,-44.88,-52.88,-65.15,-51.70,-54.48,-55.88,-49.52,-55.82,2026-08-02 08:50:03+00:00
2026-08-02T08:51:03+00:00,-45.87,-56.30,-63.65,-61.93,-66.79,-51.83,-47.83,-47.50,-51.78,-44.72,-52.52,-64.76,-51.68,-54.32,-55.95,-49.66,-55.99,2026-08-02 08:51:03+00:00
2026-08-02T08:52:04+00:00,-45.89,-56.57,-63.71,-62.08,-67.25,-51.61,-47.88,-47.55,-52.34,-44.90,-52.55,-65.11,-50.93,-54.21,-55.87,-49.52,-56.07,2026-08-02 08:52:04+00:00
2026-08-02T08:53:04+00:00,-46.07,-56.43,-63.38,-62.21,-65.62,-51.72,-47.40,-47.55,-51.70,-44.73,-52.68,-64.17,-51.00,-54.03,-55.95,-49.48,-56.00,2026-08-02 08:53:04+00:00
2026-08-02T08:54:03+00:00,-45.99,-56.55,-63.57,-62.31,-65.41,-51.65,-48.15,-47.44,-51.84,-44.43,-51.18,-64.38,-51.79,-54.13,-55.85,-49.50,-56.73,2026-08-02 08:54:03+00:00
2026-08-02T08:55:04+00:00,-45.67,-55.72,-63.62,-62.22,-66.29,-51.76,-47.95,-47.25,-52.17,-44.63,-51.30,-63.89,-52.01,-54.05,-55.61,-49.61,-56.61,2026-08-02 08:55:04+00:00
2026-08-02T08:56:04+00:00,-45.84,-56.52,-63.27,-62.21,-65.36,-51.72,-48.48,-47.27,-51.95,-44.40,-51.20,-63.62,-52.20,-53.89,-55.43,-49.71,-56.60,2026-08-02 08:56:04+00:00
2026-08-02T08:57:03+00:00,-45.64,-56.25,-63.30,-62.29,-66.37,-51.73,-48.29,-47.20,-51.90,-44.40,-51.26,-63.49,-52.11,-53.72,-55.59,-49.83,-56.75,2026-08-02 08:57:03+00:00
2026-08-02T08:58:03+00:00,-45.85,-56.43,-63.08,-62.01,-66.38,-49.76,-48.26,-47.20,-51.69,-44.45,-51.45,-63.44,-50.10,-53.69,-55.56,-49.72,-56.92,2026-08-02 08:58:03+00:00
2026-08-02T08:59:04+00:00,-46.00,-57.47,-62.96,-62.41,-66.24,-49.78,-47.90,-47.48,-51.40,-44.25,-51.17,-63.24,-49.64,-53.45,-55.76,-49.78,-56.48,2026-08-02 08:59:04+00:00
2026-08-02T09:00:04+00:00,-45.88,-56.67,-62.23,-61.91,-65.68,-48.18,-48.03,-47.33,-51.56,-44.31,-51.23,-62.57,-49.63,-53.22,-55.51,-49.65,-56.25,2026-08-02 09:00:04+00:00
2026-08-02T09:01:04+00:00,-45.96,-56.75,-63.19,-61.91,-66.20,-48.48,-48.50,-47.34,-51.50,-44.17,-51.22,-63.51,-49.64,-53.29,-55.78,-49.67,-56.66,2026-08-02 09:01:04+00:00
2026-08-02T09:02:03+00:00,-45.99,-56.11,-62.92,-61.91,-66.62,-48.55,-47.99,-47.42,-51.61,-44.36,-51.11,-63.06,-49.72,-53.19,-55.44,-50.14,-56.58,2026-08-02 09:02:03+00:00
2026-08-02T09:03:03+00:00,-46.62,-56.51,-62.88,-61.85,-66.70,-48.53,-48.04,-47.37,-51.54,-44.27,-51.45,-62.90,-49.74,-53.20,-55.13,-50.12,-56.26,2026-08-02 09:03:03+00:00
2026-08-02T09:04:04+00:00,-46.61,-56.82,-63.16,-62.11,-66.82,-48.42,-48.25,-47.25,-51.73,-44.15,-51.34,-63.31,-49.68,-52.88,-55.57,-50.17,-57.08,2026-08-02 09:04:04+00:00
2026-08-02T09:05:03+00:00,-44.65,-56.44,-63.15,-62.07,-66.23,-48.41,-47.95,-47.40,-51.51,-44.27,-51.13,-63.58,-49.79,-52.80,-55.44,-50.20,-56.66,2026-08-02 09:05:03+00:00
2026-08-02T09:06:03+00:00,-45.44,-56.43,-63.46,-62.18,-66.21,-48.49,-48.17,-47.40,-51.51,-44.14,-51.31,-63.48,-49.80,-52.88,-55.60,-50.02,-56.83,2026-08-02 09:06:03+00:00
2026-08-02T09:07:04+00:00,-45.16,-55.95,-63.20,-62.25,-66.24,-48.55,-48.12,-47.45,-51.65,-44.39,-51.29,-62.99,-49.84,-52.60,-55.14,-50.03,-56.35,2026-08-02 09:07:04+00:00
2026-08-02T09:08:04+00:00,-44.93,-55.82,-63.45,-62.30,-67.13,-48.63,-47.92,-47.35,-51.46,-44.23,-51.37,-63.37,-49.90,-52.73,-55.53,-50.12,-56.42,2026-08-02 09:08:04+00:00
2026-08-02T09:09:03+00:00,-44.90,-55.75,-63.40,-62.53,-66.16,-48.52,-47.67,-47.35,-51.37,-44.28,-51.40,-63.21,-49.78,-52.80,-55.56,-50.11,-56.67,2026-08-02 09:09:03+00:00
2026-08-02T09:10:03+00:00,-45.06,-56.03,-63.78,-62.04,-66.84,-48.42,-48.16,-47.24,-51.50,-44.31,-51.28,-63.08,-49.81,-52.53,-55.32,-50.08,-56.77,2026-08-02 09:10:03+00:00
2026-08-02T09:11:04+00:00,-45.27,-56.12,-63.40,-62.10,-65.80,-48.31,-48.10,-47.35,-51.51,-44.25,-51.35,-62.79,-49.73,-52.65,-54.93,-50.23,-56.54,2026-08-02 09:11:04+00:00
2026-08-02T09:12:03+00:00,-45.76,-55.99,-63.78,-62.26,-66.41,-48.50,-47.81,-47.35,-51.51,-44.47,-51.14,-63.25,-49.61,-52.41,-55.38,-50.04,-56.48,2026-08-02 09:12:03+00:00
2026-08-02T09:13:03+00:00,-45.57,-55.93,-63.74,-62.13,-67.02,-49.02,-47.71,-47.41,-51.85,-44.30,-51.29,-63.31,-49.95,-52.46,-55.32,-50.08,-57.14,2026-08-02 09:13:03+00:00
2026-08-02T09:14:04+00:00,-45.77,-56.27,-64.08,-62.36,-66.23,-49.02,-47.51,-47.46,-51.88,-44.22,-51.23,-63.38,-49.91,-52.49,-55.29,-50.40,-56.87,2026-08-02 09:14:04+00:00
2026-08-02T09:15:04+00:00,-45.88,-56.35,-64.23,-61.96,-66.00,-48.76,-47.54,-47.34,-51.81,-44.35,-51.38,-63.85,-50.13,-52.47,-54.99,-50.24,-56.51,2026-08-02 09:15:04+00:00
2026-08-02T09:16:03+00:00,-46.64,-56.54,-63.58,-62.39,-66.43,-48.90,-47.99,-47.41,-52.31,-44.32,-51.18,-63.39,-50.15,-52.51,-55.28,-50.26,-56.92,2026-08-02 09:16:03+00:00
2026-08-02T09:17:04+00:00,-46.55,-56.67,-64.07,-62.30,-67.09,-49.04,-47.86,-47.34,-52.08,-44.06,-51.19,-63.52,-50.17,-52.68,-55.33,-50.24,-55.30,2026-08-02 09:17:04+00:00
2026-08-02T09:18:04+00:00,-46.71,-56.88,-64.40,-62.85,-66.24,-48.52,-47.92,-47.40,-52.20,-44.30,-51.23,-63.93,-50.23,-52.74,-55.21,-50.29,-57.03,2026-08-02 09:18:04+00:00
2026-08-02T09:19:03+00:00,-46.18,-56.44,-63.69,-62.17,-66.93,-48.68,-48.16,-47.46,-51.91,-44.21,-50.96,-62.76,-50.22,-52.88,-55.12,-50.31,-55.85,2026-08-02 09:19:03+00:00
2026-08-02T09:20:03+00:00,-46.47,-56.32,-63.24,-62.40,-66.16,-48.71,-48.11,-47.44,-52.41,-44.03,-51.20,-62.25,-50.19,-52.92,-55.04,-50.24,-57.26,2026-08-02 09:20:03+00:00
2026-08-02T09:21:04+00:00,-45.90,-56.54,-62.38,-61.41,-64.77,-48.47,-48.22,-47.40,-53.02,-43.98,-50.76,-60.91,-49.79,-52.71,-54.77,-50.34,-50.70,2026-08-02 09:21:04+00:00
2026-08-02T09:22:04+00:00,-46.69,-56.25,-64.07,-62.17,-65.35,-48.55,-48.23,-47.31,-52.94,-44.01,-51.12,-62.60,-50.11,-53.17,-55.17,-50.55,-57.18,2026-08-02 09:22:04+00:00
2026-08-02T09:23:03+00:00,-47.20,-56.97,-64.23,-61.94,-65.80,-48.61,-47.98,-47.53,-53.14,-43.96,-50.80,-62.42,-51.82,-53.26,-55.02,-50.64,-57.10,2026-08-02 09:23:03+00:00
2026-08-02T09:24:04+00:00,-47.05,-56.46,-63.57,-62.17,-65.83,-48.42,-47.99,-47.50,-51.90,-44.31,-50.65,-61.77,-51.81,-52.82,-54.83,-50.83,-56.15,2026-08-02 09:24:04+00:00
2026-08-02T09:25:04+00:00,-46.57,-56.38,-63.28,-62.23,-65.83,-48.67,-47.92,-47.47,-52.39,-44.10,-50.68,-61.97,-50.63,-53.04,-55.05,-50.68,-56.62,2026-08-02 09:25:04+00:00
2026-08-02T09:26:03+00:00,-46.29,-56.63,-63.87,-62.36,-65.73,-48.74,-47.90,-47.57,-52.14,-44.05,-50.97,-61.79,-50.59,-53.07,-55.12,-50.85,-56.54,2026-08-02 09:26:03+00:00
2026-08-02T09:27:04+00:00,-45.49,-56.74,-64.38,-62.52,-66.89,-48.55,-47.68,-47.38,-52.14,-44.08,-50.90,-62.05,-50.37,-52.82,-55.28,-50.85,-53.08,2026-08-02 09:27:04+00:00
2026-08-02T09:28:04+00:00,-45.52,-55.96,-64.42,-62.31,-66.40,-48.47,-47.95,-47.43,-52.18,-44.21,-50.63,-61.93,-50.32,-52.92,-55.17,-51.13,-53.50,2026-08-02 09:28:04+00:00
2026-08-02T09:29:04+00:00,-45.83,-55.52,-64.03,-62.25,-65.93,-48.63,-47.99,-47.40,-52.44,-44.20,-50.80,-62.05,-50.25,-53.00,-55.08,-51.19,-53.36,2026-08-02 09:29:04+00:00
2026-08-02T09:30:03+00:00,-43.41,-56.93,-63.00,-61.07,-65.66,-48.68,-47.59,-47.29,-51.99,-44.15,-50.91,-60.67,-50.23,-52.71,-54.81,-51.15,-50.42,2026-08-02 09:30:03+00:00
2026-08-02T09:31:04+00:00,-45.72,-57.32,-64.20,-62.48,-66.21,-48.42,-47.79,-47.39,-52.63,-44.17,-50.70,-62.00,-50.11,-52.82,-54.87,-51.35,-53.50,2026-08-02 09:31:04+00:00
2026-08-02T09:32:03+00:00,-44.98,-57.74,-64.38,-62.17,-66.22,-48.49,-48.17,-47.45,-52.40,-44.17,-50.78,-62.19,-50.20,-53.07,-54.76,-51.46,-57.04,2026-08-02 09:32:03+00:00
2026-08-02T09:33:03+00:00,-45.65,-57.80,-64.46,-62.03,-66.95,-48.41,-47.87,-47.45,-52.53,-44.31,-50.62,-62.82,-50.13,-53.11,-55.39,-51.27,-55.25,2026-08-02 09:33:03+00:00
2026-08-02T09:34:04+00:00,-45.09,-57.53,-64.38,-61.92,-66.77,-45.46,-47.80,-47.40,-52.17,-44.38,-50.53,-62.79,-50.02,-52.99,-55.03,-51.53,-53.55,2026-08-02 09:34:04+00:00
2026-08-02T09:35:03+00:00,-45.23,-57.09,-63.64,-61.81,-66.72,-45.33,-47.94,-47.47,-52.37,-44.40,-50.30,-61.65,-49.92,-53.10,-55.19,-51.51,-53.26,2026-08-02 09:35:03+00:00
2026-08-02T09:36:04+00:00,-45.77,-57.17,-64.73,-62.12,-66.61,-45.38,-48.11,-47.46,-52.69,-44.24,-50.73,-62.68,-50.01,-53.22,-55.18,-51.56,-53.62,2026-08-02 09:36:04+00:00
2026-08-02T09:37:04+00:00,-43.56,-56.63,-64.27,-61.58,-66.21,-48.58,-47.88,-47.40,-52.25,-44.44,-50.64,-62.92,-50.01,-53.33,-55.17,-51.32,-52.66,2026-08-02 09:37:04+00:00
2026-08-02T09:38:03+00:00,-45.80,-56.39,-64.46,-62.23,-66.25,-51.56,-47.57,-47.45,-52.54,-44.59,-50.56,-63.34,-50.12,-53.25,-55.29,-51.63,-54.53,2026-08-02 09:38:03+00:00
2026-08-02T09:39:04+00:00,-45.90,-57.38,-63.99,-62.41,-66.19,-51.42,-48.02,-47.32,-52.73,-44.62,-50.67,-63.45,-49.56,-53.23,-54.79,-51.65,-54.42,2026-08-02 09:39:04+00:00
2026-08-02T09:40:04+00:00,-45.63,-56.92,-64.72,-62.30,-66.69,-51.51,-47.76,-47.42,-52.87,-44.36,-50.81,-63.71,-49.83,-53.24,-54.88,-51.85,-53.77,2026-08-02 09:40:04+00:00
2026-08-02T09:41:04+00:00,-46.29,-57.48,-64.83,-62.27,-66.17,-51.52,-47.83,-47.45,-52.41,-44.45,-50.78,-63.74,-49.97,-53.19,-55.04,-51.59,-53.48,2026-08-02 09:41:04+00:00
2026-08-02T09:42:03+00:00,-45.64,-57.24,-64.13,-62.26,-65.78,-51.54,-47.95,-47.28,-52.71,-44.44,-50.73,-63.79,-49.95,-53.12,-55.08,-51.98,-56.82,2026-08-02 09:42:03+00:00
2026-08-02T09:43:04+00:00,-45.49,-56.85,-64.68,-62.14,-66.19,-51.45,-48.15,-47.34,-52.27,-44.47,-50.58,-64.59,-49.87,-53.10,-55.11,-51.95,-56.52,2026-08-02 09:43:04+00:00
2026-08-02T09:44:04+00:00,-45.49,-57.42,-63.68,-62.08,-66.59,-51.37,-47.39,-47.16,-52.15,-44.32,-50.64,-63.56,-49.96,-52.89,-54.91,-52.33,-56.96,2026-08-02 09:44:04+00:00
2026-08-02T09:45:03+00:00,-45.43,-57.46,-64.46,-61.87,-66.31,-51.56,-47.95,-47.22,-51.77,-44.50,-50.48,-64.63,-49.88,-52.66,-55.35,-52.56,-57.08,2026-08-02 09:45:03+00:00
2026-08-02T09:46:03+00:00,-44.87,-57.06,-64.01,-62.03,-65.59,-51.48,-47.92,-47.35,-51.11,-44.42,-50.35,-63.61,-49.85,-52.96,-55.01,-52.68,-57.32,2026-08-02 09:46:03+00:00
2026-08-02T09:47:04+00:00,-45.03,-56.98,-64.06,-62.17,-66.35,-51.67,-47.71,-47.23,-51.20,-44.49,-50.36,-63.77,-49.69,-53.09,-54.97,-52.82,-57.16,2026-08-02 09:47:04+00:00
2026-08-02T09:48:03+00:00,-45.22,-57.43,-64.55,-62.05,-65.70,-51.59,-48.07,-47.44,-50.87,-44.45,-50.60,-64.89,-49.77,-53.01,-54.63,-52.62,-56.65,2026-08-02 09:48:03+00:00
2026-08-02T09:49:03+00:00,-45.23,-57.30,-64.63,-61.98,-65.37,-51.52,-47.92,-47.38,-51.09,-44.54,-50.39,-64.76,-49.86,-53.06,-55.16,-52.68,-57.04,2026-08-02 09:49:03+00:00
2026-08-02T09:50:04+00:00,-45.20,-57.36,-64.78,-61.97,-65.79,-51.64,-47.72,-47.33,-51.07,-44.51,-50.36,-65.22,-49.99,-53.02,-54.67,-52.82,-56.73,2026-08-02 09:50:04+00:00
2026-08-02T09:51:04+00:00,-45.32,-57.00,-64.69,-62.04,-65.96,-51.49,-47.79,-47.25,-51.30,-44.70,-50.31,-64.59,-49.87,-52.87,-54.57,-53.00,-56.99,2026-08-02 09:51:04+00:00
2026-08-02T09:52:03+00:00,-45.49,-57.76,-64.75,-62.36,-66.41,-51.46,-47.96,-47.27,-51.28,-44.47,-50.36,-60.97,-49.91,-53.00,-54.90,-53.06,-57.03,2026-08-02 09:52:03+00:00
2026-08-02T09:53:04+00:00,-44.05,-57.16,-64.39,-62.23,-66.49,-51.32,-47.94,-47.23,-51.47,-44.57,-50.50,-63.88,-49.85,-52.94,-54.63,-53.36,-56.05,2026-08-02 09:53:04+00:00
2026-08-02T09:54:04+00:00,-45.03,-57.09,-64.49,-62.35,-66.52,-51.64,-47.58,-47.25,-51.57,-44.36,-50.54,-63.25,-50.00,-52.82,-54.88,-53.41,-57.21,2026-08-02 09:54:04+00:00
2026-08-02T09:55:03+00:00,-45.03,-56.99,-63.68,-61.99,-66.76,-51.45,-48.15,-47.20,-51.57,-44.46,-50.41,-63.11,-50.00,-52.82,-54.61,-53.35,-56.22,2026-08-02 09:55:03+00:00
2026-08-02T09:56:03+00:00,-44.92,-57.52,-64.79,-62.30,-66.09,-51.41,-47.63,-47.35,-51.56,-44.59,-50.32,-64.71,-50.04,-52.99,-54.82,-53.67,-56.67,2026-08-02 09:56:03+00:00
2026-08-02T09:57:04+00:00,-45.28,-57.66,-64.81,-62.13,-67.00,-51.56,-47.90,-47.42,-51.44,-44.54,-50.13,-63.20,-50.11,-53.02,-54.84,-53.80,-56.73,2026-08-02 09:57:04+00:00
2026-08-02T09:58:04+00:00,-45.55,-57.99,-64.51,-62.34,-66.20,-51.54,-47.80,-47.30,-51.74,-44.72,-50.52,-64.74,-50.17,-52.90,-54.84,-53.80,-56.84,2026-08-02 09:58:04+00:00
2026-08-02T09:59:03+00:00,-43.80,-57.08,-64.87,-62.19,-65.70,-51.62,-47.91,-47.32,-51.67,-44.55,-50.42,-64.65,-50.28,-53.11,-54.80,-53.46,-55.80,2026-08-02 09:59:03+00:00
2026-08-02T10:00:03+00:00,-45.48,-56.49,-64.15,-62.17,-66.63,-50.81,-48.47,-47.09,-52.01,-44.46,-47.97,-64.15,-50.25,-52.93,-54.49,-54.01,-56.80,2026-08-02 10:00:03+00:00
2026-08-02T10:01:03+00:00,-45.94,-55.76,-64.74,-62.23,-65.73,-48.83,-47.87,-47.38,-52.02,-44.69,-50.33,-64.01,-50.17,-52.75,-54.72,-53.63,-56.79,2026-08-02 10:01:03+00:00
2026-08-02T10:02:04+00:00,-45.43,-55.84,-64.98,-62.15,-66.23,-48.81,-47.81,-47.42,-52.13,-44.62,-44.11,-64.44,-50.16,-52.78,-54.91,-53.69,-54.62,2026-08-02 10:02:04+00:00
2026-08-02T10:03:04+00:00,-46.43,-53.59,-64.01,-61.89,-66.01,-44.59,-48.60,-47.17,-52.09,-44.58,-40.62,-63.89,-49.99,-52.58,-54.88,-53.74,-53.78,2026-08-02 10:03:04+00:00
2026-08-02T10:04:03+00:00,-46.38,-56.32,-63.96,-62.29,-66.24,-44.60,-48.44,-47.33,-52.07,-44.56,-50.53,-64.11,-50.18,-52.78,-54.68,-53.64,-56.90,2026-08-02 10:04:03+00:00
2026-08-02T10:05:04+00:00,-45.98,-54.25,-63.97,-62.01,-66.04,-44.57,-48.25,-47.35,-52.39,-44.62,-50.34,-63.71,-50.11,-52.59,-54.52,-53.64,-56.75,2026-08-02 10:05:04+00:00
2026-08-02T10:06:04+00:00,-45.90,-54.31,-63.97,-62.28,-66.17,-44.52,-48.35,-47.25,-52.17,-44.49,-50.37,-63.50,-50.20,-52.36,-55.00,-53.50,-56.78,2026-08-02 10:06:04+00:00
2026-08-02T10:07:04+00:00,-45.72,-52.47,-63.65,-62.09,-65.78,-44.69,-47.87,-47.29,-52.43,-44.34,-50.04,-63.73,-50.21,-52.24,-54.50,-53.62,-56.53,2026-08-02 10:07:04+00:00
2026-08-02T10:08:03+00:00,-45.93,-53.53,-63.70,-62.25,-66.44,-44.73,-48.15,-47.30,-52.40,-44.52,-50.23,-63.57,-50.22,-52.18,-55.00,-53.92,-56.80,2026-08-02 10:08:03+00:00
2026-08-02T10:09:03+00:00,-46.27,-54.57,-63.37,-62.27,-66.60,-44.77,-47.98,-47.39,-52.68,-44.52,-50.19,-63.81,-50.26,-51.86,-54.54,-53.46,-57.02,2026-08-02 10:09:03+00:00
2026-08-02T10:10:04+00:00,-46.40,-55.50,-63.10,-62.01,-65.83,-44.65,-48.01,-47.41,-52.34,-44.29,-49.92,-63.65,-50.13,-52.10,-54.99,-53.56,-56.97,2026-08-02 10:10:04+00:00
2026-08-02T10:11:04+00:00,-45.98,-54.94,-63.14,-61.89,-66.30,-44.73,-47.84,-47.29,-52.38,-44.34,-50.06,-63.33,-50.02,-51.87,-54.37,-53.72,-56.19,2026-08-02 10:11:04+00:00
2026-08-02T10:12:03+00:00,-46.59,-55.58,-63.21,-61.80,-66.29,-44.61,-47.76,-47.27,-52.29,-44.36,-50.05,-63.58,-49.98,-51.76,-54.69,-53.77,-56.35,2026-08-02 10:12:03+00:00
2026-08-02T10:13:04+00:00,-46.18,-56.32,-62.90,-62.23,-65.31,-44.78,-48.20,-47.28,-52.56,-44.38,-50.22,-63.71,-50.00,-51.79,-54.79,-53.96,-56.75,2026-08-02 10:13:04+00:00
2026-08-02T10:14:04+00:00,-44.28,-53.23,-62.52,-61.83,-65.59,-44.62,-48.03,-47.32,-52.00,-44.36,-45.77,-63.43,-50.01,-51.75,-55.03,-54.03,-53.65,2026-08-02 10:14:04+00:00
2026-08-02T10:15:03+00:00,-46.39,-52.79,-62.40,-61.58,-66.29,-44.77,-48.02,-47.31,-52.02,-44.29,-50.11,-62.97,-49.93,-51.67,-54.81,-54.02,-54.83,2026-08-02 10:15:03+00:00
2026-08-02T10:16:03+00:00,-46.65,-56.84,-62.88,-62.45,-66.87,-44.91,-48.15,-47.33,-52.30,-44.65,-50.27,-63.65,-50.13,-51.58,-54.71,-54.67,-57.15,2026-08-02 10:16:03+00:00
2026-08-02T10:17:04+00:00,-46.35,-57.28,-60.84,-62.17,-66.54,-44.68,-48.22,-47.27,-52.64,-44.35,-50.23,-64.07,-50.13,-51.63,-54.90,-54.23,-57.20,2026-08-02 10:17:04+00:00
2026-08-02T10:18:04+00:00,-46.01,-56.89,-59.87,-62.28,-66.87,-44.90,-47.85,-47.13,-52.13,-43.52,-50.31,-63.77,-50.20,-51.66,-54.63,-54.55,-57.02,2026-08-02 10:18:04+00:00
2026-08-02T10:19:03+00:00,-45.63,-57.12,-59.61,-62.04,-65.46,-44.83,-47.93,-47.23,-52.22,-43.45,-50.12,-63.20,-50.13,-51.65,-54.91,-54.29,-56.86,2026-08-02 10:19:03+00:00
2026-08-02T10:20:04+00:00,-44.08,-57.26,-59.80,-62.03,-66.54,-45.00,-47.72,-47.21,-52.11,-43.37,-49.92,-63.47,-50.23,-51.53,-54.85,-54.44,-55.74,2026-08-02 10:20:04+00:00
2026-08-02T10:21:04+00:00,-44.83,-56.70,-59.68,-62.12,-66.33,-44.65,-47.70,-47.24,-51.91,-43.47,-49.85,-63.28,-50.22,-51.43,-54.54,-54.56,-56.87,2026-08-02 10:21:04+00:00
2026-08-02T10:22:03+00:00,-44.91,-56.78,-59.61,-62.10,-66.32,-44.85,-48.05,-47.16,-51.84,-43.61,-50.17,-63.32,-50.25,-51.81,-54.88,-54.57,-56.39,2026-08-02 10:22:03+00:00
2026-08-02T10:23:03+00:00,-45.58,-56.72,-59.56,-61.76,-66.40,-44.93,-48.26,-47.17,-52.14,-43.30,-50.12,-63.04,-50.13,-51.53,-54.89,-54.43,-54.25,2026-08-02 10:23:03+00:00
2026-08-02T10:24:04+00:00,-45.74,-56.52,-59.52,-62.28,-66.28,-44.90,-48.19,-47.23,-52.13,-43.17,-50.12,-63.39,-50.29,-51.45,-54.87,-54.40,-54.12,2026-08-02 10:24:04+00:00
2026-08-02T10:25:03+00:00,-46.15,-56.55,-58.66,-61.64,-66.13,-44.90,-48.05,-47.23,-52.18,-43.61,-50.10,-63.00,-50.11,-51.48,-54.71,-54.50,-53.65,2026-08-02 10:25:03+00:00
2026-08-02T10:26:03+00:00,-46.07,-56.94,-59.20,-62.25,-67.12,-45.00,-48.36,-47.31,-52.31,-43.25,-50.01,-63.02,-50.10,-51.52,-54.68,-54.91,-54.13,2026-08-02 10:26:03+00:00
2026-08-02T10:27:04+00:00,-44.62,-56.80,-59.26,-62.46,-66.46,-45.16,-48.33,-47.23,-52.15,-43.36,-50.21,-63.61,-50.19,-51.54,-54.51,-55.43,-53.35,2026-08-02 10:27:04+00:00
2026-08-02T10:28:04+00:00,-45.55,-57.57,-59.49,-62.37,-65.78,-44.69,-47.85,-47.25,-52.03,-43.41,-50.14,-60.27,-50.24,-51.35,-55.10,-54.96,-53.35,2026-08-02 10:28:04+00:00
2026-08-02T10:29:03+00:00,-44.77,-57.28,-59.57,-61.86,-65.94,-44.91,-48.01,-47.32,-51.79,-43.38,-50.19,-61.33,-50.21,-51.50,-54.84,-55.14,-54.11,2026-08-02 10:29:03+00:00
2026-08-02T10:30:03+00:00,-44.57,-55.31,-59.78,-62.37,-65.86,-45.04,-47.67,-47.25,-51.70,-43.51,-49.66,-62.63,-50.17,-51.38,-54.71,-55.15,-53.97,2026-08-02 10:30:03+00:00
2026-08-02T10:31:03+00:00,-46.42,-55.67,-59.63,-62.17,-65.40,-44.92,-48.12,-47.28,-51.33,-43.22,-50.02,-63.43,-50.20,-51.52,-54.53,-54.71,-53.39,2026-08-02 10:31:03+00:00
2026-08-02T10:32:04+00:00,-46.27,-56.12,-59.43,-61.81,-66.33,-44.74,-47.62,-47.25,-51.75,-43.61,-48.64,-62.99,-50.27,-51.52,-54.70,-54.90,-53.80,2026-08-02 10:32:04+00:00
2026-08-02T10:33:04+00:00,-46.20,-56.60,-59.68,-61.99,-65.94,-45.65,-47.55,-47.29,-51.55,-43.19,-48.91,-63.42,-50.30,-51.43,-54.53,-54.96,-54.38,2026-08-02 10:33:04+00:00
2026-08-02T10:34:03+00:00,-46.87,-57.74,-59.70,-61.94,-67.00,-51.55,-48.47,-47.30,-51.56,-43.34,-48.96,-63.52,-50.36,-51.58,-54.74,-55.09,-54.47,2026-08-02 10:34:03+00:00
2026-08-02T10:35:04+00:00,-46.54,-57.24,-59.60,-62.40,-66.21,-51.58,-47.95,-47.37,-51.40,-43.38,-49.87,-63.75,-50.47,-51.18,-54.92,-54.98,-54.55,2026-08-02 10:35:04+00:00
2026-08-02T10:36:04+00:00,-46.17,-57.39,-59.53,-62.07,-66.60,-51.59,-47.90,-47.19,-51.59,-43.33,-49.48,-63.57,-50.39,-51.21,-54.76,-55.35,-54.23,2026-08-02 10:36:04+00:00
2026-08-02T10:37:04+00:00,-46.23,-53.16,-59.45,-62.53,-66.20,-51.46,-47.96,-47.25,-51.13,-43.41,-49.33,-63.78,-50.39,-51.37,-55.03,-55.29,-54.22,2026-08-02 10:37:04+00:00
2026-08-02T10:38:03+00:00,-46.56,-56.60,-64.97,-62.29,-65.53,-51.57,-48.06,-47.26,-50.99,-44.55,-49.80,-64.98,-50.26,-51.21,-54.94,-55.38,-54.67,2026-08-02 10:38:03+00:00
2026-08-02T10:39:03+00:00,-46.25,-56.87,-64.80,-62.11,-66.22,-51.59,-48.10,-47.34,-51.04,-44.61,-49.47,-64.81,-50.29,-51.17,-54.76,-55.18,-54.50,2026-08-02 10:39:03+00:00
2026-08-02T10:40:04+00:00,-46.73,-56.68,-65.27,-62.00,-65.69,-51.60,-48.65,-47.20,-51.10,-44.41,-49.55,-64.89,-50.31,-51.27,-54.80,-55.66,-54.15,2026-08-02 10:40:04+00:00
2026-08-02T10:41:03+00:00,-45.24,-56.12,-65.26,-62.14,-66.79,-51.45,-47.76,-47.22,-51.18,-44.38,-49.48,-65.06,-50.25,-51.23,-55.01,-56.00,-54.34,2026-08-02 10:41:03+00:00
2026-08-02T10:42:03+00:00,-44.93,-55.80,-65.08,-61.80,-66.58,-51.44,-48.45,-47.30,-51.28,-44.48,-49.50,-64.92,-50.23,-51.09,-55.32,-55.76,-53.47,2026-08-02 10:42:03+00:00
2026-08-02T10:43:04+00:00,-44.63,-53.80,-65.31,-61.61,-66.20,-51.42,-47.78,-47.16,-51.69,-44.38,-49.64,-64.71,-50.63,-51.25,-55.17,-55.86,-53.99,2026-08-02 10:43:04+00:00
2026-08-02T10:44:04+00:00,-45.87,-54.12,-64.98,-62.48,-65.72,-51.33,-47.66,-47.31,-51.98,-44.22,-49.33,-64.79,-50.54,-51.22,-54.99,-56.58,-54.47,2026-08-02 10:44:04+00:00
2026-08-02T10:45:03+00:00,-46.19,-52.37,-64.92,-61.93,-65.84,-51.41,-47.80,-47.21,-52.09,-44.56,-49.47,-64.20,-50.51,-51.35,-54.82,-56.93,-54.02,2026-08-02 10:45:03+00:00
2026-08-02T10:46:04+00:00,-46.56,-52.37,-64.80,-62.47,-65.89,-51.57,-48.65,-47.17,-52.02,-44.49,-49.26,-64.57,-50.55,-51.19,-55.01,-56.56,-53.46,2026-08-02 10:46:04+00:00
2026-08-02T10:47:04+00:00,-46.21,-52.73,-64.68,-62.71,-66.42,-51.61,-47.43,-47.26,-52.12,-44.32,-49.41,-64.28,-50.56,-51.12,-55.25,-57.34,-54.58,2026-08-02 10:47:04+00:00
2026-08-02T10:48:03+00:00,-46.69,-57.34,-64.51,-62.32,-65.60,-51.23,-48.09,-47.18,-52.25,-44.27,-49.29,-64.38,-50.47,-51.26,-54.92,-57.32,-53.40,2026-08-02 10:48:03+00:00
2026-08-02T10:49:03+00:00,-46.89,-56.83,-64.62,-62.31,-66.82,-51.53,-48.31,-47.14,-52.05,-44.23,-49.45,-64.34,-50.52,-51.22,-55.10,-57.57,-53.79,2026-08-02 10:49:03+00:00
2026-08-02T10:50:04+00:00,-47.03,-57.23,-63.87,-61.97,-65.83,-51.44,-48.20,-47.12,-52.48,-44.44,-49.35,-64.08,-50.30,-51.55,-55.43,-57.32,-54.49,2026-08-02 10:50:04+00:00
2026-08-02T10:51:03+00:00,-46.63,-56.85,-65.13,-61.94,-66.76,-51.68,-47.83,-47.15,-52.58,-44.44,-49.28,-64.65,-50.36,-51.49,-55.09,-56.71,-54.47,2026-08-02 10:51:03+00:00
2026-08-02T10:52:03+00:00,-47.25,-57.44,-65.09,-62.04,-66.98,-51.46,-47.75,-46.97,-52.34,-44.53,-49.16,-64.28,-50.26,-51.59,-54.75,-57.11,-53.41,2026-08-02 10:52:03+00:00
2026-08-02T10:53:04+00:00,-47.14,-57.35,-64.97,-62.28,-65.60,-51.68,-48.26,-47.05,-52.70,-44.40,-49.32,-64.60,-50.30,-51.49,-54.94,-57.33,-54.03,2026-08-02 10:53:04+00:00
2026-08-02T10:54:04+00:00,-46.74,-57.63,-64.94,-62.32,-65.63,-47.44,-47.98,-47.15,-52.37,-44.67,-49.29,-64.65,-50.22,-51.60,-55.24,-57.34,-54.37,2026-08-02 10:54:04+00:00
2026-08-02T10:55:03+00:00,-46.76,-57.46,-65.20,-62.54,-66.71,-49.30,-47.47,-47.12,-52.11,-44.53,-49.22,-64.83,-50.25,-51.80,-55.28,-56.83,-54.01,2026-08-02 10:55:03+00:00
2026-08-02T10:56:03+00:00,-46.24,-57.06,-64.25,-61.99,-66.51,-48.68,-47.86,-47.06,-52.30,-44.38,-49.53,-63.79,-50.24,-51.67,-55.21,-56.95,-53.81,2026-08-02 10:56:03+00:00
2026-08-02T10:57:04+00:00,-45.82,-57.32,-64.31,-61.74,-66.31,-44.72,-48.29,-47.01,-52.09,-44.25,-49.26,-63.87,-50.24,-51.66,-55.32,-56.56,-53.54,2026-08-02 10:57:04+00:00
2026-08-02T10:58:04+00:00,-45.74,-57.70,-64.32,-61.71,-65.82,-44.70,-48.13,-47.04,-52.14,-44.34,-49.20,-64.19,-50.31,-51.52,-55.23,-57.20,-53.81,2026-08-02 10:58:04+00:00
2026-08-02T10:59:03+00:00,-45.54,-57.38,-64.61,-62.21,-65.71,-44.75,-48.04,-47.07,-52.36,-44.39,-48.66,-63.71,-50.24,-51.74,-55.47,-56.72,-53.33,2026-08-02 10:59:03+00:00
2026-08-02T11:00:04+00:00,-45.73,-57.50,-64.66,-62.39,-66.39,-44.94,-47.69,-47.05,-52.26,-44.22,-48.30,-64.26,-50.22,-51.51,-55.47,-57.11,-53.56,2026-08-02 11:00:04+00:00
2026-08-02T11:01:04+00:00,-46.53,-56.88,-65.08,-62.11,-65.84,-44.87,-47.81,-47.02,-52.14,-44.20,-48.20,-63.43,-50.33,-51.56,-55.17,-57.28,-53.49,2026-08-02 11:01:04+00:00
2026-08-02T11:02:04+00:00,-46.11,-57.20,-65.25,-61.81,-66.24,-45.03,-48.16,-47.04,-51.61,-44.44,-48.50,-64.42,-50.29,-51.66,-55.20,-57.77,-53.53,2026-08-02 11:02:04+00:00
2026-08-02T11:03:04+00:00,-47.14,-56.94,-65.44,-62.16,-66.49,-44.93,-48.20,-47.04,-52.11,-44.26,-48.37,-64.22,-50.32,-51.49,-55.66,-56.95,-53.32,2026-08-02 11:03:04+00:00
2026-08-02T11:04:03+00:00,-46.43,-57.12,-65.41,-62.40,-66.23,-45.02,-48.03,-47.17,-52.26,-44.32,-48.29,-64.05,-50.45,-51.58,-55.51,-57.25,-53.43,2026-08-02 11:04:03+00:00
2026-08-02T11:05:04+00:00,-47.48,-57.61,-65.20,-62.18,-65.82,-45.02,-47.77,-47.08,-52.35,-44.46,-48.50,-63.97,-50.37,-51.67,-55.61,-57.46,-54.52,2026-08-02 11:05:04+00:00
2026-08-02T11:06:04+00:00,-47.22,-57.31,-64.87,-61.88,-66.82,-44.98,-47.82,-47.06,-52.14,-44.46,-48.44,-63.44,-50.34,-51.61,-55.38,-57.05,-53.38,2026-08-02 11:06:04+00:00
2026-08-02T11:07:04+00:00,-47.41,-57.25,-65.54,-62.14,-65.87,-44.92,-47.60,-47.02,-52.87,-44.39,-48.54,-64.48,-50.30,-51.53,-55.30,-56.86,-53.94,2026-08-02 11:07:04+00:00
2026-08-02T11:08:03+00:00,-47.41,-57.96,-65.57,-62.03,-66.16,-44.91,-47.92,-47.03,-52.46,-44.64,-48.39,-64.30,-50.30,-51.43,-55.23,-56.81,-53.93,2026-08-02 11:08:03+00:00
2026-08-02T11:09:04+00:00,-47.63,-57.88,-64.21,-62.26,-66.64,-44.90,-47.94,-46.88,-52.12,-44.35,-48.24,-63.77,-50.32,-51.67,-55.46,-56.71,-54.24,2026-08-02 11:09:04+00:00
2026-08-02T11:10:04+00:00,-47.28,-57.75,-64.66,-62.09,-66.91,-44.93,-48.06,-46.95,-52.13,-44.44,-47.98,-63.47,-50.28,-51.60,-55.64,-56.81,-53.47,2026-08-02 11:10:04+00:00
2026-08-02T11:11:03+00:00,-47.57,-57.40,-64.66,-62.08,-66.49,-45.02,-48.06,-46.97,-52.14,-44.29,-48.48,-63.69,-50.26,-51.67,-55.45,-56.52,-54.03,2026-08-02 11:11:03+00:00
2026-08-02T11:12:03+00:00,-47.43,-57.72,-64.90,-62.15,-66.47,-44.97,-48.40,-47.02,-52.07,-44.37,-48.13,-64.19,-50.19,-51.64,-55.16,-56.02,-53.29,2026-08-02 11:12:03+00:00
2026-08-02T11:13:04+00:00,-47.32,-57.31,-64.64,-62.26,-65.98,-45.16,-48.25,-46.93,-52.31,-44.43,-48.52,-63.39,-50.06,-51.70,-55.27,-56.08,-53.56,2026-08-02 11:13:04+00:00
2026-08-02T11:14:04+00:00,-47.60,-56.82,-65.19,-62.29,-67.54,-45.32,-47.98,-46.97,-52.39,-44.17,-48.14,-64.67,-50.11,-51.58,-55.30,-55.88,-53.99,2026-08-02 11:14:04+00:00
2026-08-02T11:15:03+00:00,-47.00,-57.02,-61.31,-61.82,-67.36,-45.19,-47.77,-46.99,-51.82,-44.40,-48.04,-63.28,-49.92,-51.73,-54.99,-56.23,-53.29,2026-08-02 11:15:03+00:00
2026-08-02T11:16:04+00:00,-47.19,-57.21,-65.72,-62.29,-66.57,-45.30,-48.18,-46.96,-51.87,-44.29,-48.18,-64.71,-50.04,-51.78,-55.02,-56.00,-53.36,2026-08-02 11:16:04+00:00
2026-08-02T11:17:04+00:00,-47.31,-57.04,-64.10,-61.98,-66.08,-45.30,-47.97,-47.03,-51.70,-44.25,-48.03,-63.47,-50.01,-51.92,-54.92,-55.79,-53.83,2026-08-02 11:17:04+00:00
2026-08-02T11:18:03+00:00,-46.72,-57.40,-64.94,-62.16,-65.65,-45.45,-47.87,-47.05,-51.65,-44.26,-47.97,-64.57,-49.96,-51.95,-55.24,-55.73,-53.93,2026-08-02 11:18:03+00:00
2026-08-02T11:19:04+00:00,-47.42,-57.39,-65.09,-62.18,-66.71,-45.33,-47.77,-47.11,-51.85,-44.27,-47.92,-64.49,-49.76,-51.80,-55.33,-56.35,-54.29,2026-08-02 11:19:04+00:00
2026-08-02T11:20:04+00:00,-47.43,-57.89,-64.87,-62.28,-66.33,-45.34,-47.72,-47.11,-51.75,-44.15,-47.91,-64.29,-49.79,-51.82,-55.28,-55.76,-53.50,2026-08-02 11:20:04+00:00
2026-08-02T11:21:03+00:00,-47.24,-57.45,-64.45,-61.82,-66.85,-45.33,-48.00,-47.18,-51.52,-44.25,-47.96,-63.16,-49.82,-51.88,-55.17,-56.07,-53.79,2026-08-02 11:21:03+00:00
2026-08-02T11:22:03+00:00,-47.45,-57.60,-62.81,-61.96,-66.16,-45.45,-47.82,-47.09,-51.25,-44.13,-48.23,-62.53,-49.87,-51.65,-55.12,-56.29,-54.23,2026-08-02 11:22:03+00:00
2026-08-02T11:23:04+00:00,-47.08,-58.27,-64.35,-62.22,-66.31,-45.42,-47.84,-47.12,-51.58,-44.07,-48.09,-61.78,-49.97,-51.54,-55.16,-55.67,-54.29,2026-08-02 11:23:04+00:00
2026-08-02T11:24:04+00:00,-47.48,-58.18,-64.32,-62.07,-65.40,-45.44,-47.65,-47.00,-51.44,-44.09,-47.53,-61.74,-49.91,-51.69,-55.01,-56.09,-54.03,2026-08-02 11:24:04+00:00
2026-08-02T11:25:03+00:00,-47.21,-58.59,-64.40,-61.82,-65.73,-45.28,-47.83,-47.01,-51.21,-44.26,-48.13,-61.75,-49.79,-51.45,-55.41,-55.97,-54.09,2026-08-02 11:25:03+00:00
2026-08-02T11:26:04+00:00,-47.00,-57.34,-63.13,-61.66,-66.42,-45.26,-47.56,-47.04,-51.09,-44.17,-47.97,-60.23,-49.60,-51.24,-55.01,-55.25,-54.15,2026-08-02 11:26:04+00:00
2026-08-02T11:27:04+00:00,-46.88,-58.37,-64.75,-61.95,-66.51,-45.35,-47.98,-47.17,-51.38,-44.13,-47.79,-63.32,-49.67,-51.28,-55.15,-55.57,-54.13,2026-08-02 11:27:04+00:00
2026-08-02T11:28:03+00:00,-46.59,-58.43,-64.93,-62.17,-65.98,-45.26,-47.84,-47.11,-51.64,-44.11,-48.03,-61.90,-49.69,-51.20,-55.16,-55.26,-54.07,2026-08-02 11:28:03+00:00
2026-08-02T11:29:03+00:00,-46.99,-57.51,-63.88,-61.91,-65.65,-45.25,-47.56,-47.16,-51.53,-44.28,-48.11,-63.37,-49.77,-51.12,-55.02,-55.01,-54.26,2026-08-02 11:29:03+00:00
2026-08-02T11:30:04+00:00,-46.52,-56.60,-65.26,-62.19,-67.11,-45.06,-47.83,-47.20,-51.96,-44.11,-47.94,-63.54,-49.71,-50.98,-54.63,-55.38,-53.89,2026-08-02 11:30:04+00:00
2026-08-02T11:31:04+00:00,-46.59,-57.06,-65.50,-61.98,-65.43,-45.27,-47.32,-47.15,-51.96,-44.05,-47.82,-63.67,-49.75,-50.78,-54.77,-55.42,-54.01,2026-08-02 11:31:04+00:00
2026-08-02T11:32:03+00:00,-46.87,-56.93,-65.27,-62.57,-66.07,-45.43,-47.64,-47.18,-52.14,-44.19,-47.97,-64.90,-49.79,-50.65,-55.01,-55.48,-54.04,2026-08-02 11:32:03+00:00
2026-08-02T11:33:03+00:00,-45.93,-58.15,-64.85,-62.13,-66.27,-45.58,-47.74,-47.25,-51.94,-44.09,-47.70,-64.43,-49.80,-50.53,-54.79,-55.73,-54.01,2026-08-02 11:33:03+00:00
2026-08-02T11:34:04+00:00,-47.35,-57.78,-63.98,-61.84,-65.84,-45.77,-47.69,-47.17,-51.79,-43.84,-47.58,-64.36,-49.82,-50.61,-55.08,-55.11,-54.10,2026-08-02 11:34:04+00:00
2026-08-02T11:35:04+00:00,-45.97,-56.86,-64.61,-62.13,-66.85,-45.50,-47.76,-47.17,-52.14,-44.05,-47.61,-64.15,-49.79,-50.78,-54.73,-55.16,-53.95,2026-08-02 11:35:04+00:00
2026-08-02T11:36:04+00:00,-45.90,-56.98,-64.59,-62.30,-66.79,-45.69,-47.65,-47.15,-51.58,-44.20,-47.91,-64.16,-49.70,-50.52,-54.57,-55.70,-54.16,2026-08-02 11:36:04+00:00
2026-08-02T11:37:03+00:00,-46.04,-57.34,-64.61,-62.23,-66.59,-45.83,-47.73,-47.15,-51.88,-44.24,-47.52,-63.98,-49.71,-50.48,-54.80,-55.08,-54.28,2026-08-02 11:37:03+00:00
2026-08-02T11:38:04+00:00,-46.01,-56.85,-65.59,-62.27,-66.18,-45.61,-47.51,-47.20,-52.26,-43.96,-47.57,-64.82,-49.67,-50.55,-54.67,-55.21,-54.29,2026-08-02 11:38:04+00:00
2026-08-02T11:39:04+00:00,-46.06,-56.89,-65.18,-62.32,-66.09,-45.80,-48.26,-47.17,-51.93,-44.19,-47.62,-64.34,-49.64,-50.13,-54.59,-54.83,-54.15,2026-08-02 11:39:04+00:00
2026-08-02T11:40:03+00:00,-45.47,-56.40,-65.13,-62.21,-66.87,-45.62,-48.40,-47.14,-51.91,-44.16,-47.61,-64.65,-49.73,-50.25,-54.61,-54.62,-54.01,2026-08-02 11:40:03+00:00
2026-08-02T11:41:03+00:00,-45.68,-55.81,-64.98,-61.86,-66.88,-45.52,-48.25,-47.16,-52.39,-44.33,-47.66,-64.16,-49.64,-50.06,-54.86,-54.81,-54.12,2026-08-02 11:41:03+00:00
2026-08-02T11:42:04+00:00,-45.49,-54.67,-64.80,-62.05,-66.20,-45.74,-48.19,-47.12,-52.27,-44.21,-47.54,-63.55,-49.64,-50.25,-54.74,-54.47,-53.97,2026-08-02 11:42:04+00:00
2026-08-02T11:43:04+00:00,-45.42,-54.91,-64.91,-61.90,-66.31,-45.80,-48.42,-47.11,-52.47,-44.17,-47.51,-63.83,-49.75,-50.31,-54.86,-54.62,-53.99,2026-08-02 11:43:04+00:00
2026-08-02T11:44:03+00:00,-45.94,-56.53,-65.41,-62.28,-66.91,-45.48,-48.12,-47.14,-52.00,-44.37,-47.63,-64.26,-49.69,-50.37,-54.61,-54.43,-54.15,2026-08-02 11:44:03+00:00
2026-08-02T11:45:04+00:00,-44.90,-56.29,-65.61,-62.26,-66.21,-45.69,-47.52,-47.11,-52.61,-44.10,-47.48,-64.57,-49.05,-50.44,-54.87,-54.44,-54.32,2026-08-02 11:45:04+00:00
2026-08-02T11:46:04+00:00,-46.13,-56.82,-65.28,-62.04,-66.24,-45.68,-47.39,-47.05,-52.22,-43.75,-46.98,-64.08,-49.09,-50.33,-54.53,-54.64,-54.21,2026-08-02 11:46:04+00:00
2026-08-02T11:47:03+00:00,-45.63,-57.69,-64.90,-62.36,-66.35,-45.70,-48.02,-47.04,-52.11,-43.95,-47.30,-64.28,-49.40,-50.44,-54.95,-54.89,-53.94,2026-08-02 11:47:03+00:00
2026-08-02T11:48:04+00:00,-46.13,-57.63,-64.76,-62.13,-66.13,-45.91,-48.32,-47.05,-51.82,-43.91,-47.25,-64.11,-49.57,-50.39,-54.73,-54.55,-54.18,2026-08-02 11:48:04+00:00
2026-08-02T11:49:04+00:00,-47.14,-57.70,-64.72,-62.23,-66.29,-45.91,-48.23,-47.02,-51.85,-44.06,-47.02,-64.02,-49.48,-50.50,-55.01,-54.22,-53.80,2026-08-02 11:49:04+00:00
2026-08-02T11:50:03+00:00,-47.95,-57.32,-64.72,-62.15,-65.91,-45.90,-47.75,-47.05,-52.35,-43.86,-47.02,-63.86,-49.41,-50.70,-54.77,-54.54,-53.64,2026-08-02 11:50:03+00:00
2026-08-02T11:51:03+00:00,-48.01,-56.94,-64.43,-61.84,-66.39,-45.64,-47.55,-47.05,-52.17,-43.88,-46.94,-62.14,-49.29,-50.89,-54.61,-54.45,-54.01,2026-08-02 11:51:03+00:00
2026-08-02T11:52:04+00:00,-47.56,-57.23,-65.05,-62.24,-66.54,-46.06,-47.90,-47.05,-52.43,-43.91,-47.02,-64.17,-49.03,-50.61,-54.80,-54.41,-54.02,2026-08-02 11:52:04+00:00
2026-08-02T11:53:03+00:00,-47.22,-53.87,-65.27,-62.70,-66.03,-45.96,-47.99,-46.98,-52.33,-43.95,-47.21,-63.14,-48.89,-51.02,-54.80,-54.12,-54.31,2026-08-02 11:53:03+00:00
2026-08-02T11:54:03+00:00,-47.45,-55.04,-65.28,-62.16,-65.28,-45.71,-47.85,-46.87,-52.38,-43.93,-47.23,-63.58,-48.94,-50.83,-54.93,-54.65,-53.61,2026-08-02 11:54:03+00:00
2026-08-02T11:55:04+00:00,-47.48,-53.33,-65.39,-62.02,-66.47,-45.77,-48.42,-46.93,-52.53,-43.92,-47.22,-63.55,-48.97,-51.08,-54.98,-54.64,-53.57,2026-08-02 11:55:04+00:00
2026-08-02T11:56:04+00:00,-47.07,-54.71,-65.32,-62.31,-66.26,-45.93,-47.69,-46.92,-52.29,-44.15,-47.43,-63.34,-48.97,-51.08,-54.53,-54.52,-53.28,2026-08-02 11:56:04+00:00
2026-08-02T11:57:03+00:00,-47.52,-52.41,-65.22,-62.09,-66.39,-45.94,-47.70,-46.96,-51.50,-43.98,-47.39,-63.60,-49.17,-51.21,-54.76,-54.29,-54.04,2026-08-02 11:57:03+00:00
2026-08-02T11:58:03+00:00,-47.07,-52.47,-65.56,-62.37,-66.87,-45.86,-47.78,-46.96,-51.56,-44.05,-47.45,-63.73,-49.09,-51.47,-54.78,-54.65,-53.69,2026-08-02 11:58:03+00:00
2026-08-02T11:59:04+00:00,-47.33,-56.33,-63.19,-62.08,-66.46,-45.89,-47.83,-46.85,-51.61,-44.03,-47.17,-62.59,-49.00,-51.23,-54.69,-54.99,-53.92,2026-08-02 11:59:04+00:00
2026-08-02T12:00:04+00:00,-47.20,-57.84,-65.13,-62.05,-65.52,-45.62,-47.73,-46.94,-51.33,-44.02,-47.06,-61.48,-49.06,-51.35,-54.85,-54.66,-53.41,2026-08-02 12:00:04+00:00
2026-08-02T12:01:04+00:00,-47.76,-57.22,-64.31,-62.27,-65.66,-45.79,-47.42,-46.85,-51.11,-43.93,-46.43,-60.50,-48.88,-51.36,-54.81,-54.47,-53.53,2026-08-02 12:01:04+00:00
2026-08-02T12:02:04+00:00,-47.26,-57.24,-64.31,-62.54,-66.35,-45.84,-47.77,-46.86,-51.49,-44.03,-47.13,-61.51,-48.91,-51.41,-54.44,-53.84,-53.65,2026-08-02 12:02:04+00:00
2026-08-02T12:03:03+00:00,-47.39,-57.06,-64.60,-62.07,-64.74,-46.08,-48.27,-46.86,-51.68,-44.11,-46.93,-61.59,-48.88,-51.56,-54.66,-54.05,-56.96,2026-08-02 12:03:03+00:00
2026-08-02T12:04:04+00:00,-47.16,-57.11,-64.54,-62.20,-67.14,-45.98,-48.15,-46.85,-51.86,-44.20,-46.99,-61.54,-48.74,-51.44,-54.29,-54.07,-56.98,2026-08-02 12:04:04+00:00
2026-08-02T12:05:04+00:00,-47.37,-56.75,-64.53,-62.55,-65.79,-46.23,-47.64,-46.92,-51.14,-43.87,-46.96,-61.49,-49.21,-51.58,-54.73,-54.18,-57.19,2026-08-02 12:05:04+00:00
2026-08-02T12:06:04+00:00,-47.83,-57.09,-64.64,-61.89,-66.30,-45.60,-48.06,-46.86,-51.51,-44.00,-45.91,-61.23,-49.28,-51.65,-54.65,-53.85,-56.43,2026-08-02 12:06:04+00:00
2026-08-02T12:07:04+00:00,-46.68,-57.29,-64.70,-62.49,-66.08,-45.95,-47.98,-46.95,-51.38,-44.04,-46.75,-61.63,-48.72,-51.47,-54.48,-54.00,-57.01,2026-08-02 12:07:04+00:00
2026-08-02T12:08:03+00:00,-46.35,-57.24,-65.00,-62.32,-66.62,-45.97,-47.63,-46.88,-51.42,-43.98,-46.77,-61.52,-48.12,-51.52,-54.54,-53.81,-57.14,2026-08-02 12:08:03+00:00
2026-08-02T12:09:04+00:00,-46.40,-57.33,-65.14,-62.22,-65.49,-45.98,-47.51,-47.00,-51.40,-44.17,-46.96,-61.61,-49.31,-51.53,-54.71,-53.92,-57.22,2026-08-02 12:09:04+00:00
2026-08-02T12:10:04+00:00,-46.14,-57.24,-64.80,-61.97,-66.13,-45.78,-48.17,-46.90,-51.31,-44.25,-47.02,-61.17,-49.20,-51.55,-54.81,-53.72,-57.17,2026-08-02 12:10:04+00:00
2026-08-02T12:11:03+00:00,-45.48,-57.22,-65.06,-62.19,-66.74,-45.94,-47.74,-46.91,-51.46,-44.19,-47.08,-61.36,-49.01,-51.27,-54.95,-53.95,-57.07,2026-08-02 12:11:03+00:00
2026-08-02T12:12:03+00:00,-45.91,-57.00,-64.03,-62.06,-66.04,-46.04,-48.05,-46.90,-50.35,-44.19,-46.81,-60.61,-49.04,-51.17,-54.50,-53.61,-56.02,2026-08-02 12:12:03+00:00
2026-08-02T12:13:04+00:00,-46.25,-56.47,-63.36,-62.12,-66.59,-46.05,-48.09,-46.93,-50.57,-44.23,-47.10,-61.26,-49.24,-51.38,-54.66,-53.52,-55.66,2026-08-02 12:13:04+00:00
2026-08-02T12:14:04+00:00,-46.22,-57.44,-65.16,-62.09,-65.71,-46.20,-47.85,-47.00,-50.66,-44.26,-47.07,-61.43,-49.23,-51.28,-54.42,-53.90,-57.13,2026-08-02 12:14:04+00:00
2026-08-02T12:15:03+00:00,-45.70,-55.34,-64.98,-62.50,-65.94,-46.13,-48.16,-46.86,-50.98,-44.02,-47.15,-61.55,-49.11,-51.27,-54.95,-53.75,-57.36,2026-08-02 12:15:03+00:00
2026-08-02T12:16:04+00:00,-46.81,-55.32,-64.81,-62.58,-66.77,-49.65,-47.88,-46.88,-51.02,-44.20,-47.23,-61.61,-49.11,-51.61,-55.02,-53.55,-57.36,2026-08-02 12:16:04+00:00
2026-08-02T12:17:04+00:00,-46.78,-53.92,-64.18,-62.33,-67.13,-50.95,-47.78,-46.91,-50.76,-44.13,-47.10,-61.58,-49.15,-51.65,-54.52,-53.76,-57.40,2026-08-02 12:17:04+00:00
2026-08-02T12:18:03+00:00,-46.82,-53.80,-63.12,-61.89,-66.58,-51.01,-47.95,-46.93,-50.54,-44.07,-47.14,-61.26,-49.17,-51.67,-54.72,-53.62,-54.28,2026-08-02 12:18:03+00:00
2026-08-02T12:19:03+00:00,-47.05,-57.07,-64.76,-61.91,-66.03,-51.11,-48.12,-46.97,-50.72,-44.13,-47.03,-61.67,-49.21,-51.65,-54.73,-53.45,-57.92,2026-08-02 12:19:03+00:00
2026-08-02T12:20:04+00:00,-46.72,-56.90,-64.45,-61.90,-65.84,-51.01,-47.74,-46.92,-50.84,-44.14,-46.85,-61.57,-49.15,-51.88,-54.85,-53.30,-56.95,2026-08-02 12:20:04+00:00
2026-08-02T12:21:03+00:00,-46.67,-56.84,-64.59,-62.33,-67.08,-51.17,-48.55,-46.93,-50.75,-43.81,-46.73,-60.79,-49.16,-51.81,-54.63,-53.60,-58.00,2026-08-02 12:21:03+00:00
2026-08-02T12:22:03+00:00,-46.23,-56.83,-65.20,-62.35,-65.34,-51.04,-47.83,-46.89,-51.12,-43.88,-46.76,-61.70,-49.24,-51.87,-54.81,-53.22,-58.05,2026-08-02 12:22:03+00:00
2026-08-02T12:23:04+00:00,-46.48,-56.50,-63.69,-62.01,-66.20,-51.03,-48.16,-46.97,-51.02,-44.05,-46.83,-60.98,-49.12,-51.81,-54.74,-53.58,-56.65,2026-08-02 12:23:04+00:00
2026-08-02T12:24:04+00:00,-46.90,-55.96,-62.98,-62.17,-65.89,-50.83,-48.30,-46.84,-51.07,-43.71,-46.79,-61.37,-49.11,-52.05,-54.80,-53.13,-55.40,2026-08-02 12:24:04+00:00
2026-08-02T12:25:03+00:00,-46.54,-56.40,-64.79,-61.97,-65.95,-51.20,-47.99,-46.95,-51.18,-43.76,-46.65,-61.62,-49.22,-51.70,-54.75,-53.02,-57.38,2026-08-02 12:25:03+00:00
2026-08-02T12:26:04+00:00,-47.13,-56.28,-64.58,-62.54,-66.44,-51.15,-47.99,-46.81,-51.95,-43.73,-46.55,-61.69,-49.11,-51.74,-54.73,-52.72,-57.51,2026-08-02 12:26:04+00:00
2026-08-02T12:27:04+00:00,-46.98,-52.53,-64.55,-62.00,-66.46,-50.94,-48.06,-46.94,-52.39,-43.95,-46.73,-61.37,-49.16,-51.81,-54.99,-52.75,-56.77,2026-08-02 12:27:04+00:00
2026-08-02T12:28:03+00:00,-46.35,-53.12,-64.66,-62.31,-65.56,-50.95,-47.98,-46.90,-52.43,-43.81,-46.88,-61.55,-49.33,-51.48,-54.87,-52.70,-57.20,2026-08-02 12:28:03+00:00
2026-08-02T12:29:03+00:00,-46.42,-52.92,-63.32,-61.79,-66.40,-50.31,-48.06,-46.69,-52.11,-43.70,-45.77,-60.80,-49.19,-51.60,-54.76,-52.47,-56.76,2026-08-02 12:29:03+00:00
2026-08-02T12:30:04+00:00,-46.33,-55.44,-64.04,-62.21,-65.94,-50.71,-47.65,-46.79,-52.23,-43.89,-46.54,-61.32,-49.29,-51.64,-54.62,-52.76,-58.19,2026-08-02 12:30:04+00:00
2026-08-02T12:31:04+00:00,-46.99,-55.10,-64.63,-62.45,-65.82,-51.02,-48.33,-46.88,-52.48,-43.81,-46.70,-61.51,-49.36,-51.79,-54.90,-52.49,-58.35,2026-08-02 12:31:04+00:00
2026-08-02T12:32:03+00:00,-47.21,-52.24,-64.36,-62.60,-66.43,-50.79,-47.85,-46.89,-51.95,-43.66,-46.71,-61.64,-49.26,-51.53,-54.48,-52.40,-58.46,2026-08-02 12:32:03+00:00
2026-08-02T12:33:04+00:00,-47.59,-55.26,-64.22,-62.20,-65.51,-50.89,-48.35,-46.89,-51.99,-43.55,-46.52,-61.45,-49.15,-51.76,-54.74,-52.07,-58.50,2026-08-02 12:33:04+00:00
2026-08-02T12:34:04+00:00,-47.10,-56.32,-64.21,-62.16,-66.09,-50.65,-47.99,-46.76,-52.02,-43.85,-45.74,-60.59,-49.23,-51.64,-54.77,-51.58,-58.39,2026-08-02 12:34:04+00:00
2026-08-02T12:35:03+00:00,-47.68,-56.56,-64.54,-62.27,-66.42,-51.04,-47.79,-46.93,-52.06,-43.90,-46.81,-60.52,-49.11,-51.52,-54.65,-51.94,-57.82,2026-08-02 12:35:03+00:00
2026-08-02T12:36:04+00:00,-47.66,-56.52,-64.42,-62.23,-67.78,-51.45,-48.13,-46.91,-51.56,-43.77,-46.84,-60.27,-49.22,-51.68,-54.71,-51.78,-58.35,2026-08-02 12:36:04+00:00
2026-08-02T12:37:03+00:00,-47.36,-55.90,-64.13,-62.25,-66.44,-51.41,-47.93,-47.05,-51.65,-43.66,-46.80,-60.24,-49.19,-51.64,-54.39,-51.78,-58.16,2026-08-02 12:37:03+00:00
2026-08-02T12:38:03+00:00,-46.93,-56.32,-62.95,-61.76,-66.27,-50.91,-47.57,-47.01,-51.44,-43.86,-46.62,-59.73,-49.16,-51.75,-54.28,-51.83,-56.64,2026-08-02 12:38:03+00:00
2026-08-02T12:39:04+00:00,-44.88,-56.78,-64.55,-62.29,-66.28,-51.42,-48.03,-46.97,-51.53,-43.58,-46.88,-60.35,-49.25,-51.69,-54.29,-51.74,-58.82,2026-08-02 12:39:04+00:00
2026-08-02T12:40:04+00:00,-47.34,-56.54,-64.28,-61.99,-66.32,-51.41,-47.88,-47.05,-51.43,-44.02,-46.74,-60.21,-49.17,-51.79,-54.50,-51.56,-58.07,2026-08-02 12:40:04+00:00
2026-08-02T12:41:03+00:00,-47.15,-56.63,-64.57,-62.40,-67.18,-50.54,-47.79,-46.84,-51.72,-43.38,-45.42,-61.25,-48.93,-51.65,-55.09,-51.63,-58.07,2026-08-02 12:41:03+00:00
2026-08-02T12:42:04+00:00,-47.45,-56.26,-64.63,-62.12,-65.56,-51.47,-48.11,-47.06,-51.10,-43.53,-46.65,-61.75,-48.82,-51.68,-54.38,-51.65,-58.34,2026-08-02 12:42:04+00:00
2026-08-02T12:43:04+00:00,-47.26,-56.02,-64.31,-62.18,-66.40,-51.14,-47.73,-47.00,-51.57,-43.66,-46.32,-61.59,-48.83,-51.59,-54.79,-51.45,-58.26,2026-08-02 12:43:04+00:00
2026-08-02T12:44:03+00:00,-45.24,-56.25,-64.56,-61.82,-66.26,-51.36,-48.08,-46.91,-51.32,-43.67,-46.57,-61.65,-48.80,-51.72,-54.70,-51.42,-57.02,2026-08-02 12:44:03+00:00
2026-08-02T12:45:03+00:00,-46.74,-56.18,-64.69,-62.49,-65.07,-51.21,-48.07,-46.96,-51.45,-43.74,-46.54,-61.53,-48.98,-51.65,-54.49,-51.55,-58.48,2026-08-02 12:45:03+00:00
2026-08-02T12:46:04+00:00,-47.01,-56.85,-64.48,-62.17,-66.07,-51.31,-47.98,-47.02,-51.24,-43.65,-45.29,-61.79,-49.00,-51.85,-54.06,-51.61,-58.53,2026-08-02 12:46:04+00:00
2026-08-02T12:47:04+00:00,-46.94,-56.23,-64.91,-62.26,-66.39,-51.33,-48.06,-46.97,-51.10,-43.69,-46.78,-62.49,-48.88,-51.96,-54.38,-51.31,-58.24,2026-08-02 12:47:04+00:00
2026-08-02T12:48:03+00:00,-47.31,-56.68,-64.37,-62.33,-65.87,-51.27,-47.48,-46.97,-51.37,-43.81,-46.85,-61.83,-48.78,-51.96,-54.21,-51.26,-57.77,2026-08-02 12:48:03+00:00
2026-08-02T12:49:04+00:00,-46.18,-56.51,-65.14,-62.08,-66.03,-51.36,-48.56,-47.06,-50.68,-43.75,-46.75,-62.57,-49.10,-51.96,-54.32,-51.01,-58.13,2026-08-02 12:49:04+00:00
2026-08-02T12:50:04+00:00,-48.03,-55.74,-64.88,-62.54,-66.26,-51.47,-47.61,-46.97,-50.87,-43.60,-46.58,-61.67,-49.08,-52.34,-54.51,-51.23,-57.94,2026-08-02 12:50:04+00:00
2026-08-02T12:51:03+00:00,-46.51,-56.05,-65.14,-61.80,-66.10,-51.71,-48.00,-47.00,-50.94,-43.75,-46.63,-61.58,-49.07,-52.10,-54.14,-51.12,-57.98,2026-08-02 12:51:03+00:00
2026-08-02T12:52:03+00:00,-46.86,-56.17,-64.31,-62.03,-66.58,-51.42,-48.04,-47.01,-51.02,-43.42,-46.49,-60.79,-49.00,-52.17,-53.95,-51.14,-57.85,2026-08-02 12:52:03+00:00
2026-08-02T12:53:04+00:00,-47.09,-55.61,-64.41,-61.98,-65.80,-50.82,-47.97,-46.99,-51.16,-43.23,-45.30,-61.51,-49.16,-52.24,-54.24,-50.85,-57.79,2026-08-02 12:53:04+00:00
2026-08-02T12:54:04+00:00,-45.77,-55.89,-64.50,-62.17,-67.40,-51.47,-48.23,-46.99,-50.87,-43.54,-46.45,-62.37,-49.08,-52.06,-54.24,-50.98,-57.98,2026-08-02 12:54:04+00:00
2026-08-02T12:55:03+00:00,-46.80,-55.84,-64.07,-62.03,-66.43,-50.88,-48.17,-46.96,-50.93,-43.50,-46.00,-62.21,-48.99,-52.15,-54.20,-50.80,-57.68,2026-08-02 12:55:03+00:00
2026-08-02T12:56:03+00:00,-47.01,-56.38,-64.08,-62.05,-65.78,-50.89,-48.40,-47.06,-50.84,-43.58,-46.22,-62.13,-48.97,-52.34,-54.13,-50.83,-57.87,2026-08-02 12:56:03+00:00
2026-08-02T12:57:04+00:00,-47.18,-56.52,-64.15,-62.16,-65.55,-51.00,-47.93,-46.97,-51.01,-43.71,-46.41,-62.23,-49.06,-52.39,-54.32,-50.59,-58.22,2026-08-02 12:57:04+00:00
2026-08-02T12:58:03+00:00,-47.92,-55.99,-64.02,-61.97,-66.18,-49.88,-47.58,-46.99,-51.04,-43.28,-44.94,-60.71,-49.12,-52.48,-54.16,-50.64,-58.19,2026-08-02 12:58:03+00:00
2026-08-02T12:59:03+00:00,-47.48,-55.90,-64.27,-62.45,-65.86,-49.97,-48.44,-47.01,-51.07,-43.62,-45.90,-61.56,-49.16,-52.38,-54.02,-50.78,-58.01,2026-08-02 12:59:03+00:00
2026-08-02T13:00:04+00:00,-45.72,-56.79,-62.12,-62.23,-65.95,-48.48,-47.46,-47.01,-51.44,-43.74,-46.29,-60.15,-49.23,-52.56,-54.36,-50.64,-53.57,2026-08-02 13:00:04+00:00
2026-08-02T13:01:04+00:00,-45.71,-56.58,-64.63,-62.02,-65.88,-48.75,-47.72,-47.19,-51.56,-43.87,-46.12,-61.64,-49.09,-52.60,-54.33,-50.52,-53.62,2026-08-02 13:01:04+00:00
2026-08-02T13:02:03+00:00,-45.75,-56.78,-64.71,-62.00,-65.54,-48.79,-48.05,-47.06,-51.67,-43.68,-46.24,-61.61,-49.07,-52.57,-54.11,-50.70,-53.64,2026-08-02 13:02:03+00:00
2026-08-02T13:03:04+00:00,-47.16,-56.96,-64.67,-62.40,-65.23,-48.45,-47.93,-47.02,-51.70,-43.75,-46.38,-61.68,-49.11,-52.95,-54.11,-50.75,-53.61,2026-08-02 13:03:04+00:00
2026-08-02T13:04:04+00:00,-46.67,-57.13,-64.09,-62.32,-66.96,-48.73,-48.40,-46.89,-51.63,-43.99,-46.05,-61.70,-49.21,-52.97,-54.06,-50.64,-58.07,2026-08-02 13:04:04+00:00
2026-08-02T13:05:03+00:00,-46.77,-57.16,-64.25,-61.85,-67.21,-47.87,-48.18,-46.99,-51.20,-43.91,-46.18,-61.52,-49.30,-53.05,-54.40,-50.69,-57.93,2026-08-02 13:05:03+00:00
2026-08-02T13:06:03+00:00,-47.87,-57.35,-64.35,-62.02,-66.40,-47.99,-47.74,-47.06,-51.07,-43.85,-46.10,-61.46,-49.38,-53.04,-54.00,-50.49,-58.33,2026-08-02 13:06:03+00:00
2026-08-02T13:07:04+00:00,-46.55,-57.26,-64.30,-62.10,-66.95,-48.41,-48.02,-47.04,-50.93,-44.00,-46.28,-61.03,-49.34,-53.19,-54.31,-50.34,-58.10,2026-08-02 13:07:04+00:00
2026-08-02T13:08:03+00:00,-46.16,-57.11,-64.08,-61.82,-66.41,-48.15,-47.98,-47.01,-51.18,-43.92,-46.17,-61.17,-49.42,-53.46,-53.99,-50.50,-58.24,2026-08-02 13:08:03+00:00
2026-08-02T13:09:03+00:00,-47.62,-57.12,-63.85,-62.43,-66.36,-48.40,-47.60,-47.00,-52.16,-43.91,-46.30,-61.14,-49.40,-53.15,-54.63,-50.71,-57.94,2026-08-02 13:09:03+00:00
2026-08-02T13:10:04+00:00,-46.99,-56.86,-63.88,-62.03,-66.05,-48.22,-48.29,-46.99,-51.46,-44.68,-47.29,-61.30,-49.39,-53.63,-54.33,-50.22,-57.93,2026-08-02 13:10:04+00:00
2026-08-02T13:11:03+00:00,-47.54,-56.82,-64.13,-61.95,-65.64,-48.55,-48.41,-46.87,-50.77,-44.49,-47.24,-61.67,-49.50,-53.59,-54.43,-50.18,-58.11,2026-08-02 13:11:03+00:00
2026-08-02T13:12:03+00:00,-47.59,-56.73,-64.04,-62.31,-66.27,-47.68,-47.73,-46.94,-51.97,-44.55,-46.96,-61.47,-49.38,-53.92,-54.53,-49.99,-58.62,2026-08-02 13:12:03+00:00
2026-08-02T13:13:04+00:00,-46.46,-56.59,-64.29,-61.95,-66.34,-48.25,-48.02,-46.95,-50.72,-43.71,-46.07,-61.32,-49.31,-54.06,-54.52,-50.28,-58.50,2026-08-02 13:13:04+00:00
2026-08-02T13:14:04+00:00,-46.32,-53.29,-63.49,-62.08,-66.05,-48.13,-48.54,-46.98,-50.54,-43.78,-45.80,-61.44,-49.52,-54.18,-54.46,-50.32,-57.75,2026-08-02 13:14:04+00:00
2026-08-02T13:15:04+00:00,-45.90,-53.20,-63.71,-62.10,-66.17,-48.05,-48.33,-46.92,-50.51,-43.55,-45.88,-61.69,-49.39,-54.21,-54.46,-50.52,-58.36,2026-08-02 13:15:04+00:00
2026-08-02T13:16:03+00:00,-46.22,-52.80,-64.15,-62.00,-66.16,-48.28,-47.89,-47.00,-50.85,-43.32,-45.66,-61.73,-49.37,-54.33,-54.28,-50.48,-58.37,2026-08-02 13:16:03+00:00
2026-08-02T13:17:04+00:00,-46.55,-57.09,-64.02,-62.23,-64.70,-48.21,-48.46,-46.92,-50.34,-42.93,-44.77,-61.47,-49.40,-54.72,-54.45,-50.69,-58.29,2026-08-02 13:17:04+00:00
2026-08-02T13:18:04+00:00,-46.32,-56.99,-64.37,-61.99,-66.25,-47.90,-48.35,-47.00,-49.79,-42.71,-44.76,-61.88,-49.37,-54.73,-54.53,-50.83,-56.06,2026-08-02 13:18:04+00:00
2026-08-02T13:19:03+00:00,-46.60,-56.96,-64.37,-62.23,-66.22,-47.88,-47.92,-46.94,-50.65,-42.70,-44.42,-61.53,-49.38,-54.69,-54.44,-50.74,-58.46,2026-08-02 13:19:03+00:00
2026-08-02T13:20:03+00:00,-46.46,-56.49,-64.23,-62.21,-66.52,-48.28,-48.21,-46.89,-50.32,-42.61,-43.94,-61.55,-49.40,-54.91,-54.72,-51.17,-58.68,2026-08-02 13:20:03+00:00
2026-08-02T13:21:04+00:00,-45.09,-56.30,-64.09,-62.26,-66.17,-48.01,-48.38,-47.00,-50.82,-42.32,-43.72,-61.51,-49.35,-54.85,-54.60,-51.05,-58.65,2026-08-02 13:21:04+00:00
2026-08-02T13:22:03+00:00,-45.68,-56.58,-64.53,-62.32,-66.43,-48.38,-48.24,-46.92,-50.94,-42.40,-44.67,-61.43,-49.41,-55.23,-55.10,-51.34,-58.63,2026-08-02 13:22:03+00:00
2026-08-02T13:23:03+00:00,-47.01,-56.63,-64.45,-61.83,-66.02,-48.42,-48.27,-46.96,-51.01,-42.43,-44.34,-61.45,-49.30,-55.64,-54.66,-50.97,-58.68,2026-08-02 13:23:03+00:00
2026-08-02T13:24:04+00:00,-46.27,-57.02,-64.37,-61.89,-66.61,-48.43,-48.09,-46.94,-51.27,-42.70,-44.29,-61.30,-49.37,-55.90,-54.61,-51.13,-58.47,2026-08-02 13:24:04+00:00
2026-08-02T13:25:04+00:00,-47.68,-56.21,-63.70,-62.12,-66.42,-48.16,-47.87,-46.94,-51.01,-42.57,-44.18,-60.95,-49.42,-56.19,-54.89,-51.24,-57.95,2026-08-02 13:25:04+00:00
2026-08-02T13:26:04+00:00,-46.66,-56.83,-63.95,-61.93,-66.35,-48.45,-48.55,-46.86,-51.87,-42.68,-44.12,-60.85,-49.29,-56.54,-54.84,-51.34,-58.21,2026-08-02 13:26:04+00:00
2026-08-02T13:27:03+00:00,-46.73,-56.91,-64.13,-62.16,-66.20,-48.52,-48.35,-46.88,-50.80,-42.78,-43.95,-61.04,-49.37,-56.89,-54.67,-51.03,-58.68,2026-08-02 13:27:03+00:00
2026-08-02T13:28:04+00:00,-47.40,-56.76,-63.52,-62.00,-65.67,-48.59,-48.23,-46.96,-50.33,-42.62,-43.95,-60.86,-49.41,-56.74,-54.59,-51.08,-58.22,2026-08-02 13:28:04+00:00
2026-08-02T13:29:04+00:00,-46.42,-56.59,-63.62,-62.02,-66.52,-48.50,-48.22,-46.99,-49.97,-42.12,-42.37,-60.58,-49.59,-56.67,-54.71,-51.24,-58.47,2026-08-02 13:29:04+00:00
2026-08-02T13:30:04+00:00,-47.45,-57.28,-64.18,-62.19,-65.98,-48.67,-47.95,-46.91,-50.79,-42.01,-42.25,-61.08,-49.52,-56.84,-54.71,-51.42,-58.26,2026-08-02 13:30:04+00:00
2026-08-02T13:31:04+00:00,-47.51,-57.19,-64.17,-61.73,-66.90,-48.62,-48.16,-46.88,-50.83,-42.40,-42.13,-60.92,-49.45,-56.86,-54.86,-51.41,-58.48,2026-08-02 13:31:04+00:00
2026-08-02T13:32:03+00:00,-46.06,-54.78,-64.49,-61.82,-65.61,-48.47,-48.55,-46.99,-49.61,-42.35,-41.86,-60.95,-49.52,-57.18,-54.86,-51.03,-58.47,2026-08-02 13:32:03+00:00
2026-08-02T13:33:03+00:00,-45.94,-55.31,-64.49,-62.07,-66.24,-48.63,-48.09,-46.97,-50.01,-42.37,-41.99,-61.02,-49.72,-57.21,-54.97,-51.47,-58.20,2026-08-02 13:33:03+00:00
2026-08-02T13:34:04+00:00,-46.04,-53.68,-64.42,-62.23,-66.55,-48.80,-48.23,-46.95,-49.93,-42.30,-41.80,-60.86,-49.74,-57.12,-54.99,-51.38,-58.60,2026-08-02 13:34:04+00:00
2026-08-02T13:35:04+00:00,-47.43,-56.91,-63.26,-61.72,-66.77,-48.80,-48.00,-46.88,-49.92,-42.34,-41.97,-60.43,-49.72,-57.04,-54.92,-51.28,-57.43,2026-08-02 13:35:04+00:00
2026-08-02T13:36:04+00:00,-47.26,-57.20,-64.69,-61.88,-65.64,-48.92,-48.47,-47.08,-52.34,-42.49,-41.85,-61.07,-49.76,-57.47,-54.83,-51.05,-58.71,2026-08-02 13:36:04+00:00
2026-08-02T13:37:04+00:00,-47.19,-57.49,-64.49,-61.81,-66.37,-48.80,-48.17,-47.09,-50.13,-42.25,-41.78,-61.17,-49.71,-57.74,-55.26,-50.86,-58.50,2026-08-02 13:37:04+00:00
2026-08-02T13:38:03+00:00,-47.57,-57.55,-63.93,-61.89,-66.32,-48.99,-48.30,-47.05,-51.27,-42.18,-41.85,-60.77,-49.77,-57.36,-55.01,-51.03,-54.13,2026-08-02 13:38:03+00:00
2026-08-02T13:39:04+00:00,-47.36,-57.53,-64.44,-62.00,-65.81,-48.91,-48.23,-47.08,-50.74,-42.40,-41.83,-61.10,-49.84,-57.28,-55.04,-50.86,-58.50,2026-08-02 13:39:04+00:00
2026-08-02T13:40:04+00:00,-47.46,-57.46,-64.53,-61.89,-66.13,-48.79,-48.34,-47.07,-51.91,-42.40,-41.79,-61.00,-49.78,-57.19,-55.12,-50.83,-58.51,2026-08-02 13:40:04+00:00
2026-08-02T13:41:03+00:00,-48.04,-57.22,-64.34,-61.97,-66.04,-48.80,-48.15,-46.94,-50.15,-42.28,-41.84,-60.95,-49.71,-57.63,-55.23,-51.01,-55.18,2026-08-02 13:41:03+00:00
2026-08-02T13:42:03+00:00,-48.06,-57.55,-64.04,-62.01,-65.74,-49.00,-48.24,-47.08,-52.58,-42.64,-41.70,-60.82,-49.82,-57.80,-54.94,-50.99,-53.87,2026-08-02 13:42:03+00:00
2026-08-02T13:43:04+00:00,-47.28,-56.97,-63.62,-61.86,-66.15,-48.73,-48.03,-47.01,-50.69,-42.31,-41.76,-60.77,-49.91,-58.16,-55.16,-50.88,-57.99,2026-08-02 13:43:04+00:00
2026-08-02T13:44:04+00:00,-47.94,-57.19,-64.05,-61.64,-66.24,-49.01,-48.04,-47.02,-51.26,-42.71,-41.54,-61.05,-49.78,-58.17,-54.93,-50.70,-55.04,2026-08-02 13:44:04+00:00
2026-08-02T13:45:03+00:00,-47.60,-57.04,-63.69,-62.35,-65.98,-48.85,-48.20,-47.06,-53.27,-42.59,-41.43,-60.73,-49.80,-58.17,-55.32,-50.80,-53.80,2026-08-02 13:45:03+00:00
2026-08-02T13:46:03+00:00,-47.80,-57.28,-64.12,-62.06,-66.62,-48.91,-48.53,-47.06,-53.30,-42.96,-43.52,-60.51,-49.91,-58.51,-55.26,-50.66,-53.73,2026-08-02 13:46:03+00:00
2026-08-02T13:47:04+00:00,-47.16,-56.61,-63.94,-61.98,-66.06,-49.02,-48.48,-46.99,-50.66,-43.17,-45.05,-60.86,-49.90,-58.46,-55.15,-50.75,-53.93,2026-08-02 13:47:04+00:00
2026-08-02T13:48:04+00:00,-47.15,-57.40,-64.42,-61.96,-65.70,-49.07,-48.42,-47.05,-51.92,-43.67,-46.65,-60.99,-49.84,-58.96,-55.08,-50.56,-53.80,2026-08-02 13:48:04+00:00
2026-08-02T13:49:03+00:00,-46.18,-57.54,-64.56,-61.78,-66.18,-49.04,-48.34,-47.04,-50.35,-43.74,-46.74,-60.63,-49.85,-59.34,-54.88,-50.30,-55.16,2026-08-02 13:49:03+00:00
2026-08-02T13:50:04+00:00,-46.48,-57.39,-64.69,-61.94,-66.74,-48.71,-48.31,-47.08,-50.95,-43.73,-46.76,-60.78,-49.87,-59.72,-55.64,-50.39,-53.88,2026-08-02 13:50:04+00:00
2026-08-02T13:51:04+00:00,-45.90,-53.34,-64.05,-62.27,-65.89,-48.84,-48.36,-47.07,-50.31,-43.74,-46.58,-60.79,-49.35,-59.30,-55.17,-50.54,-53.81,2026-08-02 13:51:04+00:00
2026-08-02T13:52:03+00:00,-47.70,-57.51,-63.53,-61.83,-66.78,-48.78,-47.92,-47.02,-50.78,-43.93,-46.86,-60.68,-49.39,-59.87,-55.38,-50.12,-53.83,2026-08-02 13:52:03+00:00
2026-08-02T13:53:03+00:00,-47.16,-57.19,-63.33,-61.89,-66.17,-48.81,-47.83,-46.92,-52.05,-43.65,-46.54,-60.63,-49.52,-60.16,-55.39,-50.07,-57.39,2026-08-02 13:53:03+00:00
2026-08-02T13:54:04+00:00,-46.89,-58.40,-64.58,-61.90,-66.36,-48.71,-48.11,-47.04,-50.66,-43.66,-46.48,-61.19,-49.53,-60.17,-55.41,-49.89,-53.75,2026-08-02 13:54:04+00:00
2026-08-02T13:55:03+00:00,-47.49,-57.74,-64.23,-61.70,-66.74,-48.75,-48.96,-47.11,-51.62,-43.70,-46.57,-61.27,-49.59,-60.39,-55.34,-49.80,-53.74,2026-08-02 13:55:03+00:00
2026-08-02T13:56:03+00:00,-47.71,-58.54,-64.45,-62.73,-65.83,-48.99,-48.30,-47.15,-53.66,-43.71,-46.47,-61.03,-49.50,-60.43,-55.25,-49.89,-53.89,2026-08-02 13:56:03+00:00
2026-08-02T13:57:03+00:00,-47.98,-58.26,-63.87,-61.97,-66.18,-48.96,-48.50,-47.04,-51.98,-43.72,-46.43,-60.79,-49.48,-60.35,-55.16,-49.97,-55.82,2026-08-02 13:57:03+00:00
2026-08-02T13:58:04+00:00,-47.79,-58.49,-63.48,-62.25,-66.78,-46.73,-48.04,-47.00,-52.16,-43.65,-46.46,-60.58,-49.51,-60.60,-55.17,-50.15,-53.71,2026-08-02 13:58:04+00:00
2026-08-02T13:59:04+00:00,-47.33,-57.74,-63.19,-62.14,-66.23,-46.52,-48.01,-47.02,-51.59,-43.53,-46.35,-60.35,-49.65,-60.95,-55.11,-49.82,-57.80,2026-08-02 13:59:04+00:00
2026-08-02T14:00:03+00:00,-47.91,-58.38,-63.95,-62.23,-66.18,-46.66,-48.21,-47.10,-52.08,-43.48,-46.53,-61.11,-49.65,-61.14,-55.50,-49.81,-58.67,2026-08-02 14:00:03+00:00
2026-08-02T14:01:03+00:00,-47.56,-58.05,-62.60,-61.69,-65.85,-46.68,-48.25,-47.09,-52.25,-43.40,-46.42,-60.48,-49.63,-60.69,-54.94,-49.87,-56.97,2026-08-02 14:01:03+00:00
2026-08-02T14:02:04+00:00,-47.99,-58.00,-63.80,-62.17,-65.81,-46.52,-48.62,-47.20,-52.26,-43.53,-46.43,-61.27,-49.58,-61.71,-55.31,-49.90,-58.12,2026-08-02 14:02:04+00:00
2026-08-02T14:03:04+00:00,-47.37,-58.33,-64.07,-61.60,-66.15,-46.48,-48.21,-47.08,-52.28,-43.36,-46.51,-60.82,-49.53,-61.24,-55.25,-49.79,-57.41,2026-08-02 14:03:04+00:00
2026-08-02T14:04:03+00:00,-47.61,-57.68,-64.12,-62.02,-66.33,-46.56,-48.68,-47.05,-52.54,-43.58,-46.61,-60.88,-49.61,-61.98,-55.20,-49.79,-58.22,2026-08-02 14:04:03+00:00
2026-08-02T14:05:03+00:00,-47.55,-57.39,-64.21,-62.02,-66.43,-46.49,-48.35,-47.10,-52.58,-43.47,-46.51,-61.07,-49.66,-61.94,-55.09,-49.90,-58.39,2026-08-02 14:05:03+00:00
2026-08-02T14:06:04+00:00,-47.77,-57.43,-64.26,-61.95,-66.48,-46.69,-48.42,-47.07,-52.47,-43.55,-46.41,-60.95,-49.74,-62.40,-54.78,-49.66,-57.48,2026-08-02 14:06:04+00:00
2026-08-02T14:07:04+00:00,-47.67,-57.18,-64.23,-61.82,-66.43,-46.57,-48.50,-47.09,-51.62,-43.67,-46.32,-60.83,-49.75,-62.18,-55.26,-49.45,-57.52,2026-08-02 14:07:04+00:00
2026-08-02T14:08:03+00:00,-46.40,-57.84,-63.26,-61.96,-66.73,-46.60,-48.45,-47.08,-51.53,-43.38,-46.39,-60.68,-49.84,-62.61,-55.48,-49.51,-56.70,2026-08-02 14:08:03+00:00
2026-08-02T14:09:04+00:00,-46.57,-56.84,-63.39,-62.38,-65.95,-46.50,-48.44,-47.03,-51.55,-43.61,-46.40,-60.52,-49.75,-62.31,-55.24,-49.51,-57.57,2026-08-02 14:09:04+00:00
2026-08-02T14:10:04+00:00,-47.42,-56.52,-63.93,-61.56,-66.62,-46.67,-48.14,-47.01,-51.44,-43.60,-46.39,-60.59,-49.64,-61.98,-54.95,-49.39,-57.24,2026-08-02 14:10:04+00:00
2026-08-02T14:11:03+00:00,-44.56,-57.05,-63.86,-61.95,-66.06,-46.71,-48.52,-47.15,-51.64,-43.37,-46.42,-60.99,-49.80,-62.09,-55.35,-49.25,-57.18,2026-08-02 14:11:03+00:00
2026-08-02T14:12:03+00:00,-44.78,-56.58,-62.62,-61.74,-65.36,-46.46,-48.29,-47.03,-50.95,-43.29,-46.49,-60.38,-50.00,-61.09,-55.02,-49.32,-57.35,2026-08-02 14:12:03+00:00
2026-08-02T14:13:04+00:00,-45.37,-57.22,-63.28,-61.88,-66.38,-46.48,-48.39,-47.12,-51.02,-43.56,-46.34,-60.71,-50.12,-62.08,-55.26,-49.34,-57.53,2026-08-02 14:13:04+00:00
2026-08-02T14:14:04+00:00,-45.16,-57.15,-62.97,-61.77,-66.29,-46.51,-48.36,-47.09,-50.51,-43.62,-46.34,-60.75,-50.13,-61.69,-55.29,-49.09,-57.37,2026-08-02 14:14:04+00:00
2026-08-02T14:15:03+00:00,-45.15,-57.38,-63.11,-62.03,-66.10,-46.63,-48.11,-47.13,-50.42,-43.69,-46.42,-60.69,-50.16,-62.06,-55.26,-49.34,-57.41,2026-08-02 14:15:03+00:00
2026-08-02T14:16:04+00:00,-46.08,-57.44,-62.79,-61.85,-66.51,-46.67,-48.23,-47.07,-50.65,-43.42,-46.25,-60.22,-50.13,-61.26,-55.62,-48.93,-57.24,2026-08-02 14:16:04+00:00
2026-08-02T14:17:04+00:00,-45.40,-57.21,-62.95,-61.81,-65.72,-46.02,-48.10,-46.97,-50.71,-43.34,-46.28,-60.77,-50.11,-61.06,-55.45,-49.09,-56.33,2026-08-02 14:17:04+00:00
2026-08-02T14:18:03+00:00,-45.17,-57.22,-63.64,-61.66,-65.91,-46.67,-48.52,-47.10,-50.77,-43.37,-46.50,-60.71,-50.37,-61.65,-55.70,-49.06,-57.06,2026-08-02 14:18:03+00:00
2026-08-02T14:19:03+00:00,-45.43,-57.15,-63.68,-61.51,-65.61,-46.67,-48.78,-47.16,-50.77,-43.45,-46.28,-60.79,-50.22,-61.79,-55.54,-48.81,-57.47,2026-08-02 14:19:03+00:00
2026-08-02T14:20:04+00:00,-47.01,-56.53,-63.93,-61.63,-66.87,-46.62,-48.16,-47.21,-50.64,-43.66,-46.36,-60.54,-50.08,-61.77,-55.52,-48.94,-57.57,2026-08-02 14:20:04+00:00
2026-08-02T14:21:04+00:00,-47.01,-56.57,-63.72,-61.83,-65.92,-46.86,-48.51,-47.20,-51.16,-43.52,-46.22,-60.53,-50.36,-61.78,-55.58,-48.73,-57.46,2026-08-02 14:21:04+00:00
2026-08-02T14:22:03+00:00,-46.60,-56.49,-63.32,-61.46,-66.08,-46.63,-48.51,-47.11,-50.72,-43.34,-46.19,-60.88,-50.37,-61.24,-55.50,-48.46,-57.10,2026-08-02 14:22:03+00:00
2026-08-02T14:23:04+00:00,-47.25,-56.72,-64.06,-62.03,-66.23,-46.74,-48.62,-47.14,-50.94,-43.38,-46.26,-60.86,-50.62,-61.32,-55.80,-48.61,-57.40,2026-08-02 14:23:04+00:00
2026-08-02T14:24:04+00:00,-46.78,-56.80,-63.99,-62.14,-65.96,-46.95,-48.69,-47.16,-50.90,-43.58,-46.62,-60.90,-50.66,-61.46,-55.67,-48.30,-57.16,2026-08-02 14:24:04+00:00
2026-08-02T14:25:03+00:00,-46.28,-56.70,-63.84,-61.88,-67.00,-47.03,-48.41,-47.31,-50.74,-43.45,-46.57,-60.56,-50.51,-61.19,-55.26,-48.29,-57.49,2026-08-02 14:25:03+00:00
2026-08-02T14:26:03+00:00,-46.75,-54.42,-63.80,-62.01,-66.87,-46.39,-47.92,-47.19,-50.80,-43.41,-45.97,-60.98,-50.44,-61.21,-55.57,-48.23,-57.27,2026-08-02 14:26:03+00:00
2026-08-02T14:27:04+00:00,-46.44,-53.25,-63.63,-62.30,-66.39,-46.80,-48.48,-47.22,-50.84,-43.45,-46.36,-60.56,-52.84,-61.16,-55.56,-48.17,-56.39,2026-08-02 14:27:04+00:00
2026-08-02T14:28:04+00:00,-47.32,-52.61,-63.67,-62.66,-66.80,-46.86,-48.26,-47.27,-51.02,-43.44,-46.21,-61.18,-53.92,-61.27,-55.41,-48.22,-56.13,2026-08-02 14:28:04+00:00
2026-08-02T14:29:03+00:00,-45.52,-51.23,-63.31,-61.96,-66.59,-46.79,-48.72,-47.24,-51.50,-43.32,-46.27,-60.61,-53.62,-61.09,-55.36,-48.24,-57.20,2026-08-02 14:29:03+00:00
2026-08-02T14:30:03+00:00,-45.82,-51.23,-63.27,-61.92,-65.90,-46.80,-48.18,-47.25,-51.64,-43.48,-46.48,-60.45,-53.51,-60.75,-55.28,-48.09,-57.42,2026-08-02 14:30:03+00:00
2026-08-02T14:31:03+00:00,-45.39,-51.90,-63.75,-62.15,-66.30,-46.86,-48.58,-47.26,-51.46,-43.47,-45.72,-60.23,-53.51,-60.75,-55.34,-48.01,-57.55,2026-08-02 14:31:03+00:00
2026-08-02T14:32:03+00:00,-46.14,-50.76,-63.58,-61.51,-66.15,-46.91,-48.81,-47.23,-51.74,-43.59,-46.16,-60.38,-53.48,-60.34,-55.34,-47.91,-56.88,2026-08-02 14:32:03+00:00
2026-08-02T14:33:04+00:00,-46.10,-55.98,-64.21,-62.10,-65.99,-46.88,-48.40,-47.19,-51.83,-43.36,-46.39,-60.98,-53.54,-60.25,-55.23,-48.09,-57.16,2026-08-02 14:33:04+00:00
2026-08-02T14:34:04+00:00,-44.89,-55.57,-63.45,-62.16,-65.79,-46.82,-48.71,-47.35,-52.00,-43.38,-46.13,-61.11,-53.40,-60.14,-55.55,-47.88,-56.49,2026-08-02 14:34:04+00:00
2026-08-02T14:35:03+00:00,-45.87,-55.74,-64.08,-62.07,-66.84,-46.71,-48.68,-47.32,-51.79,-43.32,-46.11,-60.76,-53.37,-60.32,-55.23,-47.57,-57.16,2026-08-02 14:35:03+00:00
2026-08-02T14:36:03+00:00,-45.70,-52.70,-64.12,-61.78,-66.27,-46.77,-48.46,-47.27,-51.73,-43.22,-46.18,-60.70,-53.07,-60.19,-55.59,-47.65,-56.98,2026-08-02 14:36:03+00:00
2026-08-02T14:37:04+00:00,-44.98,-52.94,-63.69,-61.66,-66.24,-46.89,-48.65,-47.20,-51.79,-43.42,-46.23,-60.63,-53.05,-59.98,-54.66,-47.68,-56.46,2026-08-02 14:37:04+00:00
2026-08-02T14:38:04+00:00,-46.57,-51.35,-64.24,-62.16,-65.92,-47.12,-48.67,-47.17,-51.96,-43.36,-46.30,-61.10,-52.93,-59.51,-55.19,-47.63,-57.43,2026-08-02 14:38:04+00:00
2026-08-02T14:39:03+00:00,-45.98,-51.53,-63.40,-61.57,-65.94,-47.16,-48.58,-47.14,-52.30,-43.71,-46.41,-60.64,-52.94,-59.11,-55.22,-47.99,-57.09,2026-08-02 14:39:03+00:00
2026-08-02T14:40:04+00:00,-46.19,-53.08,-63.98,-62.16,-66.31,-47.44,-48.38,-47.36,-52.32,-43.46,-46.07,-60.81,-52.71,-59.28,-55.52,-48.09,-57.29,2026-08-02 14:40:04+00:00
2026-08-02T14:41:04+00:00,-46.06,-53.34,-63.02,-61.78,-65.68,-47.42,-48.17,-47.23,-52.06,-43.38,-46.28,-60.69,-52.49,-58.57,-55.24,-48.02,-57.31,2026-08-02 14:41:04+00:00
2026-08-02T14:42:03+00:00,-44.58,-53.75,-63.04,-62.10,-66.62,-47.15,-48.77,-47.28,-51.68,-43.31,-46.10,-60.56,-52.68,-58.07,-55.20,-48.13,-56.89,2026-08-02 14:42:03+00:00
2026-08-02T14:43:03+00:00,-44.90,-51.97,-63.05,-62.29,-65.18,-47.56,-48.44,-47.24,-51.62,-43.44,-46.20,-60.63,-52.71,-57.51,-55.64,-48.15,-57.12,2026-08-02 14:43:03+00:00
2026-08-02T14:44:04+00:00,-44.56,-52.29,-63.43,-62.20,-65.85,-47.57,-48.29,-47.19,-51.72,-43.58,-46.41,-60.74,-52.54,-57.14,-55.67,-48.15,-57.17,2026-08-02 14:44:04+00:00
2026-08-02T14:45:04+00:00,-44.62,-53.96,-63.04,-62.22,-65.96,-47.27,-48.13,-47.15,-51.73,-43.43,-46.22,-60.25,-52.47,-56.76,-55.82,-48.55,-57.32,2026-08-02 14:45:04+00:00
2026-08-02T14:46:03+00:00,-43.99,-53.94,-63.14,-61.86,-65.98,-47.36,-48.74,-47.30,-51.90,-43.57,-46.25,-60.22,-52.63,-56.14,-55.51,-48.62,-57.42,2026-08-02 14:46:03+00:00
2026-08-02T14:47:03+00:00,-44.34,-53.92,-63.99,-62.13,-65.87,-46.99,-49.11,-47.15,-52.00,-43.30,-46.20,-61.01,-52.63,-55.57,-55.36,-48.65,-56.83,2026-08-02 14:47:03+00:00
2026-08-02T14:48:04+00:00,-44.72,-53.99,-63.42,-62.00,-67.18,-46.85,-48.52,-47.33,-51.79,-43.38,-45.99,-60.90,-52.74,-55.45,-55.83,-48.57,-57.10,2026-08-02 14:48:04+00:00
2026-08-02T14:49:04+00:00,-44.21,-54.19,-63.21,-62.23,-66.34,-46.93,-48.53,-47.32,-52.07,-43.49,-45.85,-60.56,-52.67,-54.64,-55.46,-48.53,-57.13,2026-08-02 14:49:04+00:00
2026-08-02T14:50:03+00:00,-44.02,-54.31,-63.93,-62.15,-66.03,-46.53,-48.74,-47.35,-52.00,-43.47,-46.00,-60.52,-52.60,-54.55,-55.79,-48.62,-57.14,2026-08-02 14:50:03+00:00
2026-08-02T14:51:04+00:00,-43.58,-53.88,-63.25,-61.84,-66.53,-46.61,-48.71,-47.30,-51.98,-43.39,-45.94,-60.37,-52.68,-53.82,-55.54,-48.56,-55.63,2026-08-02 14:51:04+00:00
2026-08-02T14:52:04+00:00,-44.71,-54.11,-63.54,-61.88,-65.88,-46.68,-48.63,-47.36,-52.12,-43.50,-46.20,-60.63,-52.70,-53.54,-55.75,-48.43,-57.03,2026-08-02 14:52:04+00:00
2026-08-02T14:53:03+00:00,-44.71,-53.99,-63.56,-62.05,-66.54,-51.27,-48.18,-47.27,-52.07,-43.53,-45.91,-60.74,-52.58,-53.26,-55.90,-48.36,-56.92,2026-08-02 14:53:03+00:00
2026-08-02T14:54:03+00:00,-44.26,-54.35,-63.40,-62.26,-67.02,-51.44,-48.58,-47.24,-51.94,-43.44,-46.01,-60.71,-52.64,-53.04,-55.84,-48.46,-57.06,2026-08-02 14:54:03+00:00
2026-08-02T14:55:04+00:00,-44.57,-51.65,-63.45,-62.31,-66.42,-51.16,-48.56,-47.16,-51.77,-43.53,-45.98,-60.52,-52.77,-52.58,-56.22,-48.20,-57.03,2026-08-02 14:55:04+00:00
2026-08-02T14:56:04+00:00,-44.51,-51.91,-63.45,-62.21,-66.35,-51.16,-48.69,-47.32,-51.83,-43.55,-46.16,-60.43,-52.60,-52.31,-56.16,-48.27,-56.63,2026-08-02 14:56:04+00:00
2026-08-02T14:57:04+00:00,-44.80,-53.22,-63.73,-62.16,-66.01,-51.27,-48.41,-47.29,-51.57,-43.49,-45.99,-60.67,-52.62,-52.31,-56.04,-48.30,-54.63,2026-08-02 14:57:04+00:00
2026-08-02T14:58:03+00:00,-44.76,-54.25,-63.01,-61.67,-66.57,-51.20,-48.65,-47.35,-51.56,-43.57,-45.88,-60.03,-52.51,-51.83,-56.03,-48.18,-56.63,2026-08-02 14:58:03+00:00
2026-08-02T14:59:03+00:00,-44.94,-54.53,-64.21,-62.21,-65.60,-51.17,-48.83,-47.38,-50.84,-43.44,-46.11,-60.59,-52.86,-51.83,-56.38,-48.44,-57.01,2026-08-02 14:59:03+00:00
2026-08-02T15:00:04+00:00,-44.85,-54.38,-63.87,-61.78,-66.72,-51.13,-48.78,-47.35,-50.99,-43.35,-46.18,-60.74,-52.72,-51.58,-56.01,-48.40,-56.86,2026-08-02 15:00:04+00:00
2026-08-02T15:01:04+00:00,-45.30,-53.91,-63.98,-62.39,-65.90,-51.25,-48.90,-47.27,-51.26,-43.64,-45.85,-60.57,-52.48,-51.69,-56.18,-48.23,-57.01,2026-08-02 15:01:04+00:00
2026-08-02T15:02:03+00:00,-44.82,-53.94,-63.23,-61.82,-66.52,-51.22,-48.30,-47.22,-51.04,-43.52,-46.18,-60.52,-52.41,-51.51,-56.00,-48.24,-56.65,2026-08-02 15:02:03+00:00
2026-08-02T15:03:03+00:00,-44.26,-54.03,-63.60,-62.03,-65.80,-51.21,-48.19,-47.34,-51.16,-43.42,-46.12,-60.48,-52.58,-51.71,-56.25,-48.21,-57.05,2026-08-02 15:03:03+00:00
2026-08-02T15:04:04+00:00,-44.61,-51.81,-64.57,-62.27,-65.70,-51.18,-48.24,-47.44,-51.41,-43.53,-46.21,-61.36,-52.46,-51.58,-55.91,-48.25,-56.40,2026-08-02 15:04:04+00:00
2026-08-02T15:05:04+00:00,-44.11,-51.64,-63.46,-62.32,-66.47,-51.10,-48.54,-47.35,-50.86,-43.53,-46.26,-61.76,-52.51,-51.68,-56.34,-48.00,-56.18,2026-08-02 15:05:04+00:00
2026-08-02T15:06:04+00:00,-45.12,-51.86,-64.08,-62.43,-66.66,-51.27,-48.64,-47.31,-51.18,-43.61,-46.26,-62.38,-52.51,-51.80,-56.09,-48.09,-56.56,2026-08-02 15:06:04+00:00
2026-08-02T15:07:04+00:00,-44.73,-50.15,-63.73,-61.99,-66.10,-51.19,-48.58,-47.36,-51.07,-43.55,-46.17,-62.30,-52.37,-51.57,-55.81,-48.17,-56.69,2026-08-02 15:07:04+00:00
2026-08-02T15:08:03+00:00,-44.92,-54.20,-64.03,-61.98,-66.89,-51.33,-48.41,-47.36,-51.14,-43.52,-46.09,-62.31,-52.42,-51.41,-56.09,-48.01,-57.03,2026-08-02 15:08:03+00:00
2026-08-02T15:09:04+00:00,-44.68,-54.35,-63.61,-62.14,-65.70,-51.19,-48.74,-47.31,-51.01,-43.26,-46.21,-61.23,-52.64,-51.04,-56.03,-47.89,-56.92,2026-08-02 15:09:04+00:00
2026-08-02T15:10:04+00:00,-44.20,-54.36,-64.55,-61.68,-66.66,-51.36,-47.89,-47.33,-51.09,-43.67,-46.20,-62.98,-52.70,-50.90,-55.75,-47.96,-56.83,2026-08-02 15:10:04+00:00
2026-08-02T15:11:03+00:00,-44.70,-54.42,-64.50,-61.44,-66.75,-51.43,-48.37,-47.47,-51.25,-43.47,-46.27,-63.49,-52.59,-50.63,-55.97,-47.80,-56.94,2026-08-02 15:11:03+00:00
2026-08-02T15:12:03+00:00,-43.84,-54.27,-64.05,-61.16,-65.92,-51.16,-48.68,-47.61,-51.37,-43.51,-46.33,-63.02,-52.71,-50.53,-55.91,-48.03,-56.00,2026-08-02 15:12:03+00:00
2026-08-02T15:13:04+00:00,-44.30,-54.38,-63.81,-61.94,-66.33,-49.93,-48.57,-47.60,-51.46,-43.45,-46.33,-62.53,-52.42,-50.35,-56.00,-47.88,-57.04,2026-08-02 15:13:04+00:00
2026-08-02T15:14:04+00:00,-45.39,-54.31,-63.61,-61.69,-65.45,-49.98,-48.76,-47.41,-52.52,-43.49,-46.15,-62.58,-52.70,-50.07,-55.78,-47.80,-56.96,2026-08-02 15:14:04+00:00
2026-08-02T15:15:03+00:00,-44.85,-54.31,-63.04,-61.58,-66.61,-48.95,-47.93,-47.44,-52.61,-43.57,-46.35,-62.03,-52.68,-50.06,-56.11,-47.55,-56.31,2026-08-02 15:15:03+00:00
2026-08-02T15:16:04+00:00,-44.73,-54.37,-63.34,-61.46,-65.91,-46.34,-48.03,-47.47,-52.40,-43.60,-45.84,-62.27,-52.26,-49.91,-55.98,-47.56,-56.25,2026-08-02 15:16:04+00:00
2026-08-02T15:17:04+00:00,-44.71,-52.30,-63.32,-61.78,-66.13,-46.31,-48.11,-47.56,-52.34,-43.31,-46.12,-62.10,-52.56,-50.11,-55.94,-47.52,-55.77,2026-08-02 15:17:04+00:00
2026-08-02T15:18:04+00:00,-44.36,-52.52,-63.50,-62.02,-66.78,-46.33,-48.51,-47.44,-52.46,-43.53,-46.14,-62.42,-52.48,-50.28,-56.09,-47.59,-56.64,2026-08-02 15:18:04+00:00
2026-08-02T15:19:03+00:00,-44.76,-51.35,-63.37,-61.86,-66.16,-46.29,-48.98,-47.47,-52.35,-43.37,-46.08,-62.45,-52.71,-50.23,-56.12,-47.51,-56.37,2026-08-02 15:19:03+00:00
2026-08-02T15:20:03+00:00,-44.71,-54.56,-63.04,-61.55,-65.50,-46.11,-48.67,-47.53,-52.46,-43.41,-46.00,-61.00,-52.35,-50.31,-56.28,-47.40,-54.01,2026-08-02 15:20:03+00:00
2026-08-02T15:21:04+00:00,-44.91,-54.51,-63.99,-61.90,-65.35,-46.15,-48.42,-47.59,-52.34,-43.58,-46.13,-61.40,-52.60,-50.39,-56.48,-47.22,-56.46,2026-08-02 15:21:04+00:00
2026-08-02T15:22:03+00:00,-45.14,-54.30,-64.04,-61.66,-65.97,-46.38,-48.39,-47.56,-52.44,-43.50,-46.21,-62.20,-52.51,-50.61,-56.01,-47.46,-56.00,2026-08-02 15:22:03+00:00
2026-08-02T15:23:03+00:00,-45.02,-54.27,-64.04,-62.01,-66.64,-46.50,-48.78,-47.63,-52.58,-43.41,-46.09,-62.86,-52.51,-50.90,-56.15,-47.33,-56.78,2026-08-02 15:23:03+00:00
2026-08-02T15:24:04+00:00,-45.10,-54.48,-63.85,-62.04,-65.52,-46.38,-48.78,-47.57,-52.54,-43.54,-46.29,-62.76,-52.78,-51.04,-56.22,-47.30,-56.93,2026-08-02 15:24:04+00:00
2026-08-02T15:25:04+00:00,-45.03,-54.55,-63.35,-61.55,-66.06,-46.30,-48.50,-47.54,-52.47,-43.55,-46.16,-62.84,-52.70,-50.91,-56.29,-47.19,-56.81,2026-08-02 15:25:04+00:00
2026-08-02T15:26:03+00:00,-44.67,-54.49,-64.35,-61.70,-65.00,-46.57,-48.53,-47.50,-52.65,-43.22,-45.87,-62.67,-52.66,-50.93,-55.98,-47.25,-57.02,2026-08-02 15:26:03+00:00
2026-08-02T15:27:03+00:00,-44.84,-52.53,-64.47,-61.96,-66.01,-46.42,-48.85,-47.56,-52.49,-43.60,-46.12,-62.58,-52.58,-51.11,-56.41,-47.33,-56.75,2026-08-02 15:27:03+00:00
2026-08-02T15:28:04+00:00,-44.97,-52.81,-63.06,-61.84,-66.46,-46.40,-48.28,-47.64,-52.39,-43.54,-46.21,-62.67,-52.12,-51.04,-56.26,-47.27,-57.03,2026-08-02 15:28:04+00:00
2026-08-02T15:29:04+00:00,-44.42,-51.30,-63.51,-61.62,-65.79,-46.31,-48.50,-47.76,-52.40,-43.37,-46.08,-62.43,-52.67,-50.90,-56.24,-47.18,-57.12,2026-08-02 15:29:04+00:00
2026-08-02T15:30:03+00:00,-44.49,-51.62,-63.46,-62.03,-67.08,-46.30,-48.02,-47.54,-52.34,-43.66,-46.18,-62.43,-52.46,-50.86,-56.15,-47.10,-56.89,2026-08-02 15:30:03+00:00
2026-08-02T15:31:04+00:00,-44.56,-50.96,-63.72,-62.02,-66.57,-46.41,-48.86,-47.62,-52.25,-43.41,-45.95,-62.14,-52.59,-50.93,-56.26,-46.88,-56.71,2026-08-02 15:31:04+00:00
2026-08-02T15:32:03+00:00,-44.40,-50.89,-63.72,-61.75,-65.22,-46.49,-48.67,-47.69,-52.35,-43.31,-46.34,-62.32,-52.66,-50.91,-56.27,-47.04,-56.80,2026-08-02 15:32:03+00:00
2026-08-02T15:33:03+00:00,-43.19,-51.66,-63.49,-61.23,-65.61,-46.49,-48.57,-47.71,-52.04,-43.48,-45.95,-61.47,-52.77,-50.90,-56.41,-46.86,-56.06,2026-08-02 15:33:03+00:00
2026-08-02T15:34:04+00:00,-44.25,-54.03,-62.89,-61.81,-66.30,-46.48,-48.95,-47.70,-52.37,-43.36,-46.18,-61.52,-52.79,-50.67,-55.83,-46.92,-56.37,2026-08-02 15:34:04+00:00
2026-08-02T15:35:04+00:00,-44.35,-54.80,-62.98,-61.76,-65.99,-46.58,-48.38,-47.66,-52.11,-43.45,-45.92,-61.75,-52.77,-50.61,-56.02,-46.89,-56.87,2026-08-02 15:35:04+00:00
2026-08-02T15:36:03+00:00,-45.12,-54.89,-63.62,-61.90,-66.03,-46.59,-48.71,-47.60,-52.05,-43.62,-46.16,-62.40,-52.75,-50.61,-56.31,-46.55,-56.98,2026-08-02 15:36:03+00:00
2026-08-02T15:37:04+00:00,-44.79,-54.53,-63.62,-61.62,-65.91,-46.79,-48.49,-47.80,-52.10,-43.59,-46.18,-62.43,-52.74,-50.38,-56.21,-46.73,-57.25,2026-08-02 15:37:04+00:00
2026-08-02T15:38:04+00:00,-44.80,-54.69,-63.26,-61.93,-66.27,-46.70,-48.62,-47.76,-52.16,-43.52,-46.20,-61.78,-52.71,-50.20,-56.14,-46.81,-56.86,2026-08-02 15:38:04+00:00
2026-08-02T15:39:06+00:00,-44.73,-54.82,-63.86,-61.87,-65.94,-46.80,-48.12,-47.81,-52.12,-43.43,-46.17,-62.81,-52.72,-50.16,-56.38,-46.66,-56.83,2026-08-02 15:39:06+00:00
2026-08-02T15:40:04+00:00,-44.46,-54.60,-63.65,-61.80,-66.37,-46.69,-47.92,-47.78,-52.43,-43.35,-46.16,-62.45,-52.46,-50.23,-55.92,-46.89,-56.84,2026-08-02 15:40:04+00:00
2026-08-02T15:41:04+00:00,-43.56,-54.47,-63.66,-61.24,-65.95,-46.61,-48.84,-47.93,-51.71,-43.70,-46.22,-62.23,-52.68,-50.20,-56.31,-46.74,-55.93,2026-08-02 15:41:04+00:00
2026-08-02T15:42:04+00:00,-44.93,-54.52,-63.30,-61.73,-65.85,-46.51,-48.41,-47.79,-51.83,-43.71,-46.04,-62.19,-52.80,-50.05,-56.29,-46.81,-57.27,2026-08-02 15:42:04+00:00
2026-08-02T15:43:04+00:00,-43.66,-54.15,-63.48,-61.73,-66.07,-46.62,-48.73,-47.60,-51.98,-43.61,-46.04,-61.98,-52.78,-50.23,-56.06,-46.69,-55.28,2026-08-02 15:43:04+00:00
2026-08-02T15:44:05+00:00,-44.84,-53.31,-63.56,-61.75,-66.16,-46.48,-48.40,-47.74,-50.46,-43.42,-46.14,-62.23,-52.89,-50.18,-55.89,-46.84,-56.97,2026-08-02 15:44:05+00:00
2026-08-02T15:45:04+00:00,-44.30,-52.62,-62.51,-61.36,-66.33,-46.72,-48.88,-47.40,-50.52,-43.58,-46.07,-60.80,-52.56,-49.69,-55.96,-46.72,-56.56,2026-08-02 15:45:04+00:00
2026-08-02T15:46:05+00:00,-44.90,-52.62,-63.92,-61.74,-66.16,-46.64,-48.53,-47.53,-50.82,-43.58,-46.31,-62.26,-52.71,-49.28,-56.27,-46.89,-56.97,2026-08-02 15:46:05+00:00
2026-08-02T15:47:07+00:00,-45.09,-54.70,-63.82,-61.39,-65.87,-46.68,-48.46,-47.59,-50.62,-43.74,-46.40,-62.52,-52.80,-49.23,-56.45,-46.68,-57.13,2026-08-02 15:47:07+00:00
2026-08-02T15:48:06+00:00,-44.35,-54.56,-63.78,-61.29,-66.70,-46.78,-48.37,-47.67,-50.71,-43.62,-46.22,-62.38,-52.79,-48.61,-56.14,-46.79,-56.85,2026-08-02 15:48:06+00:00
2026-08-02T15:49:05+00:00,-44.57,-54.41,-64.28,-61.70,-66.46,-46.72,-48.70,-47.67,-50.53,-43.87,-46.51,-62.67,-52.64,-48.19,-56.17,-46.77,-56.88,2026-08-02 15:49:05+00:00
2026-08-02T15:50:05+00:00,-44.84,-54.35,-63.96,-61.80,-65.83,-46.70,-48.68,-47.74,-50.84,-43.53,-46.43,-62.74,-52.88,-47.32,-56.68,-46.80,-56.97,2026-08-02 15:50:05+00:00
2026-08-02T15:51:06+00:00,-44.87,-54.43,-63.80,-61.98,-65.26,-46.58,-48.44,-47.63,-50.46,-43.70,-46.21,-62.42,-52.75,-46.88,-56.10,-46.68,-56.41,2026-08-02 15:51:06+00:00
2026-08-02T15:52:07+00:00,-44.78,-54.34,-63.70,-61.76,-67.09,-46.28,-47.87,-47.61,-50.56,-43.44,-46.12,-62.43,-52.33,-46.33,-56.49,-46.59,-56.38,2026-08-02 15:52:07+00:00
2026-08-02T15:53:04+00:00,-44.86,-52.36,-63.88,-61.97,-65.95,-46.78,-48.85,-47.69,-50.66,-43.78,-46.17,-62.74,-52.76,-45.92,-56.46,-46.54,-56.85,2026-08-02 15:53:04+00:00
2026-08-02T15:54:04+00:00,-44.95,-52.42,-63.82,-61.89,-66.25,-46.84,-48.77,-47.64,-50.60,-43.50,-46.16,-62.57,-52.75,-45.44,-56.09,-46.45,-56.81,2026-08-02 15:54:04+00:00
2026-08-02T15:55:05+00:00,-44.85,-51.27,-63.30,-61.25,-66.33,-46.53,-48.76,-47.77,-50.54,-43.64,-46.23,-62.04,-52.72,-45.18,-56.17,-46.28,-57.16,2026-08-02 15:55:05+00:00
2026-08-02T15:56:04+00:00,-44.66,-52.19,-63.27,-61.81,-66.64,-46.73,-48.47,-47.76,-50.95,-43.71,-46.42,-62.13,-52.69,-45.10,-56.32,-46.54,-55.69,2026-08-02 15:56:04+00:00
2026-08-02T15:57:04+00:00,-44.84,-54.77,-63.15,-61.52,-65.82,-46.72,-49.08,-47.64,-50.72,-43.64,-45.91,-60.97,-52.61,-44.95,-56.16,-46.35,-56.40,2026-08-02 15:57:04+00:00
2026-08-02T15:58:04+00:00,-44.96,-54.64,-63.18,-61.72,-66.58,-49.16,-48.70,-47.79,-50.91,-43.63,-46.28,-61.76,-52.67,-45.01,-56.39,-46.35,-57.35,2026-08-02 15:58:04+00:00
2026-08-02T15:59:04+00:00,-45.17,-54.67,-63.09,-61.57,-65.58,-51.61,-49.18,-47.71,-52.10,-43.82,-46.36,-61.99,-52.91,-44.97,-56.49,-46.49,-56.55,2026-08-02 15:59:04+00:00
2026-08-02T16:00:04+00:00,-45.14,-54.60,-64.10,-61.72,-65.46,-51.50,-48.85,-47.83,-52.03,-43.55,-46.12,-62.44,-52.87,-44.99,-56.77,-46.56,-57.41,2026-08-02 16:00:04+00:00
2026-08-02T16:02:05+00:00,-45.11,-54.65,-64.18,-61.98,-66.03,-51.45,-48.58,-47.78,-52.18,-43.46,-46.27,-62.76,-52.67,-45.34,-56.68,-46.38,-57.42,2026-08-02 16:02:05+00:00
2026-08-02T16:03:06+00:00,-45.04,-54.55,-64.17,-61.80,-65.92,-51.46,-48.69,-47.73,-52.16,-43.62,-46.38,-62.81,-52.83,-45.42,-56.79,-46.36,-53.32,2026-08-02 16:03:06+00:00
2026-08-02T16:04:04+00:00,-45.18,-57.88,-62.97,-61.82,-65.26,-51.04,-48.53,-47.79,-52.34,-43.34,-46.29,-62.22,-52.95,-45.54,-56.52,-46.24,-53.58,2026-08-02 16:04:04+00:00
2026-08-02T16:05:03+00:00,-44.96,-54.76,-63.59,-61.55,-66.85,-51.34,-49.36,-47.82,-52.16,-43.55,-46.28,-62.31,-53.26,-45.79,-56.71,-46.22,-53.54,2026-08-02 16:05:03+00:00
2026-08-02T16:06:04+00:00,-44.95,-55.45,-63.93,-62.29,-66.14,-51.54,-48.96,-47.81,-52.02,-43.39,-46.48,-62.56,-53.12,-46.17,-57.03,-46.22,-54.04,2026-08-02 16:06:04+00:00
2026-08-02T16:07:04+00:00,-45.21,-54.67,-63.58,-61.69,-66.56,-51.58,-48.45,-47.82,-52.27,-43.40,-46.36,-62.50,-53.02,-46.52,-56.83,-46.09,-53.74,2026-08-02 16:07:04+00:00
2026-08-02T16:08:03+00:00,-45.39,-54.39,-63.43,-62.24,-65.49,-51.50,-48.93,-47.85,-52.15,-43.40,-46.40,-61.91,-53.27,-46.87,-56.79,-46.09,-53.51,2026-08-02 16:08:03+00:00
2026-08-02T16:09:04+00:00,-45.16,-51.80,-63.72,-61.81,-66.69,-51.48,-49.30,-47.84,-51.98,-43.54,-46.16,-61.46,-53.09,-47.01,-57.02,-46.18,-53.50,2026-08-02 16:09:04+00:00
2026-08-02T16:10:04+00:00,-44.77,-56.46,-64.55,-62.66,-66.04,-51.55,-49.04,-47.89,-52.28,-43.43,-46.38,-63.04,-53.01,-47.27,-56.55,-46.05,-53.35,2026-08-02 16:10:04+00:00
2026-08-02T16:11:04+00:00,-44.78,-57.30,-63.71,-62.16,-66.14,-51.65,-49.37,-47.92,-52.34,-43.55,-46.42,-62.29,-53.13,-47.57,-56.99,-46.17,-53.50,2026-08-02 16:11:04+00:00
2026-08-02T16:12:03+00:00,-44.81,-57.06,-63.90,-61.96,-67.08,-51.64,-48.94,-48.08,-52.34,-43.49,-46.30,-62.59,-53.29,-47.67,-56.84,-46.07,-56.78,2026-08-02 16:12:03+00:00
2026-08-02T16:13:04+00:00,-44.36,-57.63,-64.04,-62.03,-65.36,-51.47,-49.24,-47.96,-52.18,-43.64,-46.62,-62.85,-53.33,-47.67,-57.06,-46.00,-57.05,2026-08-02 16:13:04+00:00
2026-08-02T16:14:04+00:00,-44.37,-57.35,-64.19,-62.12,-65.42,-51.60,-48.51,-48.03,-52.25,-43.65,-46.42,-62.60,-53.19,-47.69,-56.90,-45.72,-56.94,2026-08-02 16:14:04+00:00
2026-08-02T16:15:19+00:00,-45.55,-57.58,-64.39,-62.19,-65.63,-51.49,-49.05,-48.03,-52.37,-43.63,-46.26,-62.97,-53.18,-47.56,-57.27,-45.98,-56.98,2026-08-02 16:15:19+00:00
2026-08-02T16:16:04+00:00,-45.74,-57.45,-64.24,-62.22,-65.59,-51.21,-48.45,-48.06,-52.28,-43.99,-46.20,-62.94,-52.89,-47.67,-57.51,-45.65,-57.27,2026-08-02 16:16:04+00:00
2026-08-02T16:17:03+00:00,-45.60,-57.86,-63.91,-61.75,-66.52,-51.62,-48.90,-48.12,-52.28,-43.60,-46.40,-62.70,-53.12,-47.77,-57.10,-45.88,-56.60,2026-08-02 16:17:03+00:00
2026-08-02T16:18:03+00:00,-45.27,-53.75,-63.92,-62.26,-66.89,-51.50,-48.47,-48.13,-52.38,-43.71,-46.47,-62.86,-52.91,-47.64,-57.39,-45.92,-57.41,2026-08-02 16:18:03+00:00
2026-08-02T16:19:04+00:00,-45.38,-54.80,-63.87,-61.84,-65.84,-51.47,-48.88,-48.09,-52.12,-43.71,-46.40,-62.73,-53.13,-47.74,-57.34,-45.77,-57.64,2026-08-02 16:19:04+00:00
2026-08-02T16:20:03+00:00,-45.41,-54.39,-64.25,-62.29,-66.52,-50.27,-48.61,-48.16,-52.09,-43.88,-46.45,-62.67,-53.14,-47.76,-57.69,-45.86,-57.45,2026-08-02 16:20:03+00:00
2026-08-02T16:21:03+00:00,-45.41,-52.74,-64.14,-61.88,-65.87,-50.24,-48.88,-48.30,-52.17,-43.74,-46.39,-61.73,-53.22,-47.72,-57.67,-46.01,-57.47,2026-08-02 16:21:03+00:00
2026-08-02T16:22:04+00:00,-45.58,-52.66,-64.02,-62.59,-66.96,-48.94,-48.65,-48.19,-52.24,-43.75,-46.46,-62.86,-52.98,-47.38,-57.37,-46.00,-55.85,2026-08-02 16:22:04+00:00
2026-08-02T16:23:03+00:00,-45.45,-57.36,-63.75,-61.99,-66.68,-49.13,-48.81,-48.24,-52.41,-43.76,-46.67,-62.47,-52.87,-47.56,-57.56,-45.88,-57.65,2026-08-02 16:23:03+00:00
2026-08-02T16:24:03+00:00,-46.17,-57.12,-63.77,-62.12,-66.91,-49.09,-49.00,-48.21,-52.58,-44.10,-47.09,-62.64,-53.00,-47.49,-57.21,-45.91,-57.56,2026-08-02 16:24:03+00:00
2026-08-02T16:25:04+00:00,-46.26,-56.85,-63.18,-62.03,-66.96,-48.92,-49.01,-48.30,-52.36,-43.77,-46.95,-61.72,-53.12,-47.61,-57.61,-45.92,-57.43,2026-08-02 16:25:04+00:00
2026-08-02T16:26:03+00:00,-45.79,-57.05,-63.68,-61.87,-66.13,-49.04,-48.75,-48.32,-51.98,-43.66,-46.02,-62.41,-52.83,-47.68,-57.45,-46.10,-57.14,2026-08-02 16:26:03+00:00
2026-08-02T16:27:04+00:00,-46.26,-57.26,-63.94,-61.88,-67.53,-49.06,-49.04,-48.41,-52.06,-43.80,-45.84,-62.21,-52.70,-47.64,-57.64,-45.99,-56.75,2026-08-02 16:27:04+00:00
2026-08-02T16:28:04+00:00,-44.25,-58.00,-64.33,-61.73,-65.93,-48.60,-48.07,-48.44,-52.16,-43.63,-45.83,-62.71,-52.31,-47.60,-57.83,-45.89,-56.29,2026-08-02 16:28:04+00:00
2026-08-02T16:29:03+00:00,-46.21,-57.85,-63.81,-61.75,-65.77,-49.17,-48.82,-48.40,-50.83,-43.69,-45.70,-62.54,-52.67,-47.64,-57.47,-45.96,-53.97,2026-08-02 16:29:03+00:00
2026-08-02T16:30:04+00:00,-46.23,-58.29,-64.40,-62.11,-66.12,-49.15,-48.75,-48.42,-50.86,-43.68,-45.91,-62.63,-52.77,-47.63,-57.74,-45.87,-57.53,2026-08-02 16:30:04+00:00
2026-08-02T16:31:08+00:00,-46.08,-53.59,-63.88,-62.40,-66.11,-49.14,-48.79,-48.42,-50.78,-43.67,-45.82,-62.40,-52.74,-47.55,-57.58,-46.05,-57.06,2026-08-02 16:31:08+00:00
2026-08-02T16:32:04+00:00,-45.47,-55.38,-63.83,-62.18,-67.02,-49.18,-48.37,-48.73,-49.94,-43.59,-46.06,-62.64,-52.88,-47.42,-57.85,-45.68,-57.31,2026-08-02 16:32:04+00:00
2026-08-02T16:33:03+00:00,-45.51,-54.41,-64.23,-61.99,-65.29,-48.98,-49.10,-48.51,-49.98,-43.72,-45.81,-61.77,-52.74,-47.55,-57.54,-45.86,-56.93,2026-08-02 16:33:03+00:00
2026-08-02T16:34:04+00:00,-45.61,-54.46,-64.58,-62.04,-66.51,-49.39,-48.55,-49.03,-50.11,-43.64,-45.93,-63.07,-53.01,-47.32,-57.69,-45.64,-57.19,2026-08-02 16:34:04+00:00
2026-08-02T16:35:04+00:00,-44.75,-52.77,-64.07,-61.38,-66.22,-49.16,-48.73,-48.74,-50.18,-43.61,-45.82,-62.73,-53.03,-47.06,-57.80,-45.72,-56.48,2026-08-02 16:35:04+00:00
2026-08-02T16:36:04+00:00,-45.25,-55.30,-64.01,-61.87,-66.90,-49.11,-49.01,-48.67,-50.09,-43.83,-45.78,-62.68,-52.83,-47.13,-57.93,-45.89,-56.94,2026-08-02 16:36:04+00:00
2026-08-02T16:37:03+00:00,-45.20,-57.82,-64.00,-62.14,-66.59,-49.43,-48.35,-48.78,-49.93,-43.81,-46.08,-63.09,-52.69,-46.68,-57.72,-45.98,-57.28,2026-08-02 16:37:03+00:00
2026-08-02T16:38:04+00:00,-44.90,-58.01,-64.52,-61.88,-66.62,-49.25,-48.28,-48.85,-49.84,-43.68,-46.16,-62.88,-52.97,-46.65,-57.85,-45.94,-57.27,2026-08-02 16:38:04+00:00
2026-08-02T16:39:03+00:00,-45.63,-58.47,-64.34,-62.15,-65.44,-49.35,-49.11,-48.84,-50.12,-43.82,-45.80,-62.83,-53.24,-46.40,-57.96,-46.05,-56.96,2026-08-02 16:39:03+00:00
2026-08-02T16:40:03+00:00,-45.52,-58.64,-64.46,-62.02,-66.32,-48.99,-48.05,-48.80,-50.06,-43.59,-46.09,-62.81,-52.50,-46.16,-57.68,-45.92,-57.12,2026-08-02 16:40:03+00:00
2026-08-02T16:41:04+00:00,-45.35,-58.39,-63.58,-62.12,-66.20,-49.38,-48.97,-48.88,-50.31,-43.92,-46.05,-62.50,-52.78,-46.26,-57.87,-46.06,-57.01,2026-08-02 16:41:04+00:00
2026-08-02T16:42:03+00:00,-45.81,-58.56,-64.02,-62.45,-65.91,-49.54,-48.93,-48.97,-50.26,-43.77,-45.96,-62.83,-53.24,-46.18,-58.13,-46.19,-57.17,2026-08-02 16:42:03+00:00
2026-08-02T16:43:03+00:00,-45.94,-58.32,-63.88,-62.22,-66.00,-49.40,-48.80,-48.98,-50.05,-43.80,-46.13,-62.48,-52.83,-46.26,-58.15,-46.37,-57.02,2026-08-02 16:43:03+00:00
2026-08-02T16:44:04+00:00,-45.70,-55.89,-63.86,-62.11,-66.14,-49.43,-48.94,-49.09,-51.11,-44.13,-46.16,-62.44,-52.93,-46.15,-58.18,-46.18,-56.73,2026-08-02 16:44:04+00:00
2026-08-02T16:45:03+00:00,-45.21,-54.86,-64.07,-61.84,-66.08,-49.68,-49.02,-49.05,-50.95,-43.86,-45.95,-61.79,-53.52,-46.03,-57.93,-45.99,-56.92,2026-08-02 16:45:03+00:00
2026-08-02T16:46:04+00:00,-45.06,-54.84,-64.56,-62.48,-66.24,-49.51,-48.38,-49.11,-51.22,-44.00,-46.03,-62.99,-53.27,-46.07,-58.00,-45.89,-56.97,2026-08-02 16:46:04+00:00
2026-08-02T16:47:04+00:00,-45.00,-58.12,-64.18,-61.87,-66.66,-49.72,-49.27,-49.10,-52.16,-44.09,-45.90,-62.65,-52.92,-46.06,-58.17,-45.73,-56.90,2026-08-02 16:47:04+00:00
2026-08-02T16:48:03+00:00,-44.75,-58.18,-63.76,-61.83,-66.29,-49.44,-48.97,-49.12,-52.08,-43.97,-45.99,-62.51,-52.79,-45.95,-57.87,-45.43,-56.62,2026-08-02 16:48:03+00:00
2026-08-02T16:49:04+00:00,-45.35,-58.80,-64.12,-62.59,-66.90,-49.46,-49.03,-49.22,-52.19,-44.12,-46.05,-62.53,-52.73,-46.15,-58.56,-44.99,-57.17,2026-08-02 16:49:04+00:00
2026-08-02T16:50:03+00:00,-45.36,-58.70,-64.43,-62.26,-66.77,-49.40,-48.90,-49.21,-52.12,-44.06,-46.01,-62.99,-52.66,-46.24,-58.45,-44.94,-57.13,2026-08-02 16:50:03+00:00
2026-08-02T16:51:03+00:00,-44.99,-58.49,-64.44,-62.35,-66.47,-49.76,-49.23,-49.25,-52.37,-44.17,-46.09,-63.57,-52.56,-46.26,-58.50,-44.83,-57.24,2026-08-02 16:51:03+00:00
2026-08-02T16:52:04+00:00,-45.19,-58.83,-64.50,-62.41,-66.78,-48.87,-48.21,-49.28,-52.37,-44.14,-46.06,-63.75,-52.33,-46.21,-58.51,-44.96,-56.96,2026-08-02 16:52:04+00:00
2026-08-02T16:53:04+00:00,-45.02,-58.62,-61.91,-62.22,-65.76,-49.47,-49.03,-49.21,-52.07,-44.09,-46.32,-63.79,-52.95,-46.31,-58.19,-45.04,-57.27,2026-08-02 16:53:04+00:00
2026-08-02T16:54:03+00:00,-44.31,-55.28,-62.89,-62.17,-66.44,-49.73,-49.24,-49.31,-51.60,-43.25,-46.26,-63.08,-54.17,-46.47,-58.66,-45.10,-57.25,2026-08-02 16:54:03+00:00
2026-08-02T16:55:04+00:00,-44.86,-53.97,-62.94,-61.93,-66.78,-49.51,-48.88,-49.43,-51.48,-43.46,-46.16,-62.04,-53.97,-46.42,-58.17,-45.13,-56.94,2026-08-02 16:55:04+00:00
2026-08-02T16:56:04+00:00,-44.30,-53.86,-62.49,-61.82,-65.82,-49.64,-48.92,-49.48,-51.50,-43.50,-46.13,-62.19,-53.72,-46.45,-58.22,-45.07,-57.06,2026-08-02 16:56:04+00:00
2026-08-02T16:57:03+00:00,-44.13,-58.87,-62.07,-62.19,-66.06,-49.65,-49.25,-49.61,-52.00,-43.91,-46.25,-63.24,-53.50,-46.66,-58.46,-44.92,-56.81,2026-08-02 16:57:03+00:00
2026-08-02T16:58:04+00:00,-44.48,-59.08,-64.91,-61.69,-66.50,-49.77,-49.04,-49.72,-51.48,-44.22,-46.09,-63.76,-53.52,-46.91,-58.21,-44.77,-57.17,2026-08-02 16:58:04+00:00
2026-08-02T16:59:04+00:00,-44.41,-59.31,-64.77,-62.21,-66.17,-49.73,-49.16,-49.72,-51.42,-44.23,-46.18,-64.30,-53.54,-46.64,-58.52,-44.88,-56.85,2026-08-02 16:59:04+00:00
2026-08-02T17:00:03+00:00,-43.46,-59.42,-64.59,-61.81,-65.67,-49.93,-48.89,-49.84,-51.20,-44.24,-46.35,-63.86,-53.61,-46.74,-58.66,-44.91,-55.72,2026-08-02 17:00:03+00:00
2026-08-02T17:01:03+00:00,-44.18,-59.26,-64.73,-61.91,-65.69,-49.68,-48.68,-49.88,-51.30,-44.10,-46.23,-63.33,-53.40,-46.55,-58.52,-44.79,-57.02,2026-08-02 17:01:03+00:00
2026-08-02T17:02:04+00:00,-44.55,-59.41,-64.41,-61.96,-66.34,-49.64,-49.22,-49.95,-51.16,-44.18,-46.20,-63.29,-53.59,-46.65,-58.82,-44.75,-57.10,2026-08-02 17:02:04+00:00
2026-08-02T17:03:03+00:00,-44.74,-59.23,-64.53,-61.93,-66.10,-49.58,-49.00,-50.01,-51.08,-44.22,-46.17,-62.83,-53.63,-46.72,-58.77,-44.76,-56.76,2026-08-02 17:03:03+00:00
2026-08-02T17:04:03+00:00,-44.51,-55.10,-63.67,-61.86,-66.85,-49.28,-48.60,-50.21,-51.24,-44.18,-46.27,-62.52,-53.05,-46.49,-58.48,-44.68,-57.07,2026-08-02 17:04:03+00:00
2026-08-02T17:05:04+00:00,-45.07,-53.96,-61.66,-62.04,-66.54,-49.68,-48.98,-50.17,-51.33,-43.87,-46.36,-62.75,-53.52,-46.67,-58.28,-44.78,-57.24,2026-08-02 17:05:04+00:00
2026-08-02T17:06:04+00:00,-44.78,-53.44,-62.72,-61.90,-66.37,-49.66,-48.98,-50.27,-50.80,-43.30,-46.51,-62.40,-53.36,-46.68,-58.59,-44.72,-57.23,2026-08-02 17:06:04+00:00
2026-08-02T17:07:04+00:00,-44.73,-52.38,-63.05,-61.76,-66.05,-49.66,-49.11,-50.27,-50.77,-43.38,-46.44,-62.41,-53.41,-46.54,-58.46,-44.81,-56.65,2026-08-02 17:07:04+00:00
2026-08-02T17:08:03+00:00,-45.26,-59.66,-62.92,-62.45,-64.95,-49.50,-49.30,-50.23,-50.68,-43.43,-46.47,-62.37,-53.25,-46.62,-58.34,-44.75,-57.11,2026-08-02 17:08:03+00:00
2026-08-02T17:09:03+00:00,-45.01,-58.14,-61.52,-62.41,-66.01,-49.91,-49.48,-50.36,-51.24,-43.95,-46.63,-62.07,-53.08,-46.67,-58.48,-44.96,-57.20,2026-08-02 17:09:03+00:00
2026-08-02T17:10:04+00:00,-45.41,-59.53,-64.76,-62.19,-65.01,-49.78,-49.68,-50.35,-51.48,-44.29,-46.73,-63.27,-52.90,-46.57,-58.63,-45.03,-57.08,2026-08-02 17:10:04+00:00
2026-08-02T17:11:03+00:00,-45.32,-59.59,-64.85,-62.20,-66.66,-49.65,-49.47,-50.46,-51.15,-44.25,-46.63,-63.75,-53.00,-46.79,-58.06,-45.08,-56.88,2026-08-02 17:11:03+00:00
2026-08-02T17:12:03+00:00,-45.82,-59.31,-64.23,-61.85,-65.13,-49.65,-49.32,-50.59,-51.03,-44.23,-46.60,-63.19,-53.20,-46.55,-58.70,-45.07,-57.11,2026-08-02 17:12:03+00:00
2026-08-02T17:13:04+00:00,-45.51,-59.48,-64.65,-62.36,-66.36,-49.49,-49.55,-50.69,-51.08,-44.27,-46.75,-63.28,-53.21,-46.50,-58.22,-45.15,-57.16,2026-08-02 17:13:04+00:00
2026-08-02T17:14:03+00:00,-45.00,-59.56,-64.95,-62.60,-66.63,-49.71,-49.29,-50.70,-50.07,-44.52,-46.88,-63.51,-53.23,-46.48,-58.77,-45.21,-57.06,2026-08-02 17:14:03+00:00
2026-08-02T17:15:03+00:00,-45.52,-58.99,-64.44,-62.05,-65.91,-49.75,-49.18,-50.49,-50.10,-44.26,-47.06,-63.37,-53.15,-46.33,-58.52,-45.56,-57.09,2026-08-02 17:15:03+00:00
2026-08-02T17:16:04+00:00,-45.57,-58.71,-64.77,-62.07,-67.29,-51.45,-48.56,-50.48,-50.00,-44.41,-46.93,-63.69,-52.56,-46.39,-58.52,-45.41,-57.31,2026-08-02 17:16:04+00:00
2026-08-02T17:17:03+00:00,-45.25,-59.31,-61.59,-62.40,-66.49,-51.81,-49.10,-50.61,-50.12,-44.14,-46.85,-63.57,-53.01,-46.54,-58.61,-45.53,-56.89,2026-08-02 17:17:03+00:00
2026-08-02T17:18:04+00:00,-45.50,-58.88,-62.93,-62.66,-66.15,-51.74,-48.84,-50.51,-49.73,-43.51,-47.12,-62.95,-53.08,-46.33,-59.00,-45.57,-57.05,2026-08-02 17:18:04+00:00
2026-08-02T17:19:04+00:00,-43.97,-59.27,-62.67,-62.10,-66.91,-51.77,-48.99,-50.46,-49.58,-43.70,-47.03,-62.66,-53.04,-46.21,-59.20,-45.72,-57.03,2026-08-02 17:19:04+00:00
2026-08-02T17:20:03+00:00,-43.87,-58.95,-62.94,-62.47,-65.95,-51.90,-49.23,-50.58,-49.90,-43.69,-47.26,-62.91,-53.10,-46.26,-59.17,-46.01,-57.15,2026-08-02 17:20:03+00:00
2026-08-02T17:21:04+00:00,-44.00,-58.83,-61.74,-62.23,-66.16,-51.69,-49.04,-50.59,-49.57,-44.31,-47.12,-63.54,-52.96,-46.25,-59.10,-46.17,-55.90,2026-08-02 17:21:04+00:00
2026-08-02T17:22:04+00:00,-44.59,-59.18,-65.33,-62.10,-66.31,-51.97,-49.24,-50.66,-50.25,-44.69,-47.22,-64.23,-52.92,-46.08,-59.20,-46.19,-56.64,2026-08-02 17:22:04+00:00
2026-08-02T17:23:03+00:00,-44.34,-58.87,-64.90,-61.98,-65.89,-51.80,-49.37,-50.62,-50.04,-44.78,-47.28,-63.68,-53.12,-46.23,-59.58,-46.20,-56.75,2026-08-02 17:23:03+00:00
2026-08-02T17:24:04+00:00,-44.86,-58.43,-65.14,-62.38,-66.12,-51.84,-49.64,-50.69,-49.72,-44.69,-47.34,-64.43,-53.16,-46.01,-58.95,-46.50,-57.33,2026-08-02 17:24:04+00:00
2026-08-02T17:25:04+00:00,-45.24,-58.36,-65.18,-62.33,-66.17,-51.87,-49.54,-50.74,-50.40,-44.68,-47.41,-64.47,-53.11,-45.83,-59.16,-46.81,-57.36,2026-08-02 17:25:04+00:00
2026-08-02T17:26:03+00:00,-45.06,-58.18,-65.79,-62.37,-67.76,-52.04,-49.86,-50.71,-50.66,-44.81,-47.45,-64.72,-53.12,-45.99,-59.18,-46.98,-57.26,2026-08-02 17:26:03+00:00
2026-08-02T17:27:04+00:00,-44.78,-58.00,-64.95,-62.78,-66.22,-51.76,-49.58,-50.66,-49.97,-44.94,-47.44,-64.46,-53.06,-45.64,-59.29,-47.30,-57.05,2026-08-02 17:27:04+00:00
2026-08-02T17:28:04+00:00,-44.96,-56.65,-65.57,-62.29,-66.68,-51.26,-49.38,-50.84,-50.80,-45.14,-47.30,-64.65,-52.49,-45.85,-59.21,-47.51,-57.29,2026-08-02 17:28:04+00:00
2026-08-02T17:29:03+00:00,-43.28,-56.38,-61.26,-62.00,-65.53,-51.95,-50.18,-50.71,-51.07,-44.70,-47.36,-63.86,-52.82,-45.83,-59.16,-47.61,-56.13,2026-08-02 17:29:03+00:00
2026-08-02T17:30:04+00:00,-45.30,-55.07,-63.21,-62.37,-66.93,-51.81,-49.42,-50.81,-50.18,-44.01,-47.22,-63.88,-52.80,-45.84,-59.42,-48.00,-56.93,2026-08-02 17:30:04+00:00
2026-08-02T17:31:04+00:00,-46.01,-55.42,-63.16,-62.36,-66.31,-50.87,-49.40,-50.76,-51.14,-44.13,-47.44,-63.82,-52.98,-45.88,-58.84,-48.07,-57.13,2026-08-02 17:31:04+00:00
2026-08-02T17:32:04+00:00,-45.98,-52.93,-62.73,-62.61,-65.85,-50.65,-49.71,-50.87,-50.24,-44.07,-47.64,-63.37,-52.91,-45.90,-59.09,-48.37,-56.83,2026-08-02 17:32:04+00:00
2026-08-02T17:33:04+00:00,-45.72,-52.83,-61.91,-62.38,-65.88,-48.53,-49.73,-50.90,-51.54,-44.46,-47.46,-64.17,-52.96,-46.09,-59.77,-48.41,-56.60,2026-08-02 17:33:04+00:00
2026-08-02T17:34:03+00:00,-45.67,-55.89,-65.45,-62.23,-66.70,-46.67,-49.90,-51.04,-51.11,-45.45,-47.55,-65.21,-52.99,-45.86,-58.62,-48.54,-57.02,2026-08-02 17:34:03+00:00
2026-08-02T17:35:04+00:00,-46.20,-59.25,-65.59,-62.71,-66.37,-46.69,-49.79,-51.02,-51.34,-45.13,-47.50,-64.94,-53.09,-45.98,-59.22,-48.76,-57.23,2026-08-02 17:35:04+00:00
2026-08-02T17:36:04+00:00,-45.65,-58.93,-64.88,-62.21,-66.47,-46.51,-50.04,-51.08,-51.50,-44.97,-47.62,-64.79,-52.96,-45.81,-58.88,-48.82,-57.20,2026-08-02 17:36:04+00:00
2026-08-02T17:37:03+00:00,-45.80,-58.79,-64.70,-62.26,-66.67,-46.58,-50.10,-51.07,-51.38,-45.17,-47.69,-63.63,-52.82,-45.97,-59.18,-48.84,-56.38,2026-08-02 17:37:03+00:00
2026-08-02T17:38:03+00:00,-44.68,-58.45,-64.71,-62.32,-67.30,-46.82,-49.82,-51.14,-51.25,-45.67,-47.95,-64.73,-57.27,-46.11,-59.58,-49.07,-55.85,2026-08-02 17:38:03+00:00
2026-08-02T17:39:04+00:00,-45.95,-59.04,-64.90,-62.10,-66.66,-46.61,-50.21,-51.26,-50.67,-45.38,-48.04,-64.69,-57.23,-46.08,-59.76,-49.22,-56.46,2026-08-02 17:39:04+00:00
2026-08-02T17:40:03+00:00,-45.97,-58.72,-65.00,-62.61,-66.39,-46.50,-49.83,-51.22,-51.47,-45.29,-47.98,-64.63,-56.14,-46.14,-59.98,-49.06,-56.64,2026-08-02 17:40:03+00:00
2026-08-02T17:41:04+00:00,-45.58,-58.09,-60.87,-62.23,-66.00,-46.67,-50.61,-51.21,-51.50,-45.03,-47.78,-63.74,-57.08,-46.07,-59.48,-49.32,-56.52,2026-08-02 17:41:04+00:00
2026-08-02T17:42:04+00:00,-45.48,-58.15,-63.11,-62.74,-66.68,-46.74,-50.99,-51.27,-50.71,-44.38,-47.87,-63.46,-57.13,-46.23,-60.11,-49.26,-56.84,2026-08-02 17:42:04+00:00
2026-08-02T17:43:03+00:00,-47.95,-57.94,-62.38,-62.99,-66.65,-46.75,-50.16,-51.22,-50.55,-44.42,-47.95,-63.36,-56.98,-45.98,-59.72,-49.36,-57.58,2026-08-02 17:43:03+00:00
2026-08-02T17:44:04+00:00,-47.82,-56.50,-62.38,-62.75,-65.88,-46.81,-50.39,-51.21,-51.48,-44.63,-48.12,-63.10,-57.14,-46.22,-59.79,-49.56,-57.73,2026-08-02 17:44:04+00:00
2026-08-02T17:45:04+00:00,-47.98,-55.62,-61.18,-62.22,-66.56,-46.50,-50.63,-51.29,-52.34,-45.33,-48.01,-63.19,-57.10,-45.84,-59.27,-49.69,-55.93,2026-08-02 17:45:04+00:00
2026-08-02T17:46:03+00:00,-48.16,-54.27,-64.62,-62.70,-66.69,-46.68,-51.06,-51.37,-51.15,-45.61,-48.13,-64.14,-57.17,-45.91,-59.77,-49.54,-57.74,2026-08-02 17:46:03+00:00
2026-08-02T17:47:04+00:00,-47.57,-54.29,-64.56,-62.73,-66.07,-46.59,-50.91,-51.38,-53.31,-45.68,-48.15,-64.06,-57.09,-46.03,-60.27,-49.57,-57.99,2026-08-02 17:47:04+00:00
2026-08-02T17:48:04+00:00,-47.87,-52.34,-63.57,-61.82,-65.80,-46.58,-50.91,-51.44,-52.89,-45.50,-48.18,-62.11,-56.72,-46.06,-59.33,-49.35,-56.85,2026-08-02 17:48:04+00:00
2026-08-02T17:49:03+00:00,-47.84,-52.62,-65.37,-62.65,-66.71,-46.61,-51.11,-51.51,-52.44,-45.58,-48.30,-64.56,-57.16,-46.17,-59.50,-49.76,-57.89,2026-08-02 17:49:03+00:00
2026-08-02T17:50:04+00:00,-48.27,-57.80,-65.21,-62.90,-65.34,-46.56,-50.59,-51.51,-53.57,-45.39,-48.05,-64.24,-56.94,-46.18,-59.96,-49.67,-57.84,2026-08-02 17:50:04+00:00
2026-08-02T17:51:03+00:00,-49.08,-59.17,-65.36,-62.71,-66.35,-46.55,-50.86,-51.53,-52.42,-45.83,-48.04,-64.29,-56.92,-46.22,-59.73,-49.60,-57.85,2026-08-02 17:51:03+00:00
2026-08-02T17:52:03+00:00,-47.45,-58.93,-65.18,-62.71,-66.00,-46.84,-50.54,-51.72,-51.15,-45.86,-48.28,-64.38,-57.01,-46.38,-59.79,-49.91,-53.80,2026-08-02 17:52:03+00:00
2026-08-02T17:53:04+00:00,-46.63,-58.07,-65.05,-62.59,-66.04,-46.77,-51.21,-51.69,-50.08,-45.57,-48.31,-64.05,-56.86,-46.42,-60.12,-50.09,-54.05,2026-08-02 17:53:04+00:00
2026-08-02T17:54:03+00:00,-47.11,-59.06,-65.20,-62.44,-65.76,-46.79,-50.85,-51.81,-53.03,-45.62,-48.35,-64.04,-57.04,-46.65,-59.36,-50.08,-54.00,2026-08-02 17:54:03+00:00
2026-08-02T17:55:03+00:00,-47.90,-59.35,-65.10,-62.53,-67.25,-46.67,-50.64,-51.93,-51.74,-45.55,-48.49,-63.91,-56.98,-46.51,-60.04,-49.80,-53.88,2026-08-02 17:55:03+00:00
2026-08-02T17:56:04+00:00,-47.71,-59.34,-64.74,-62.48,-66.47,-46.75,-51.84,-52.09,-48.37,-45.85,-48.19,-64.20,-57.05,-46.46,-60.09,-49.57,-53.92,2026-08-02 17:56:04+00:00
2026-08-02T17:57:03+00:00,-48.43,-59.41,-64.96,-63.02,-66.27,-46.76,-50.56,-52.26,-48.62,-45.81,-48.39,-64.39,-57.11,-46.40,-59.98,-49.47,-53.76,2026-08-02 17:57:03+00:00
2026-08-02T17:58:04+00:00,-47.51,-59.76,-63.98,-62.17,-66.20,-46.55,-50.15,-52.18,-48.95,-45.74,-48.46,-63.76,-58.07,-46.22,-60.06,-49.51,-53.48,2026-08-02 17:58:04+00:00
2026-08-02T17:59:04+00:00,-47.85,-60.00,-65.52,-62.97,-66.29,-46.92,-50.26,-52.24,-50.93,-45.53,-48.25,-64.10,-57.51,-46.53,-60.26,-49.76,-54.57,2026-08-02 17:59:04+00:00
2026-08-02T18:00:03+00:00,-47.95,-59.63,-65.44,-62.53,-66.40,-46.65,-50.64,-52.37,-51.39,-45.93,-48.48,-64.00,-58.03,-46.45,-59.80,-49.77,-53.65,2026-08-02 18:00:03+00:00
2026-08-02T18:01:03+00:00,-47.91,-59.82,-65.41,-62.65,-66.49,-47.03,-50.65,-52.70,-50.79,-45.66,-48.39,-64.20,-58.22,-46.49,-59.57,-49.89,-53.66,2026-08-02 18:01:03+00:00
2026-08-02T18:02:03+00:00,-47.48,-60.02,-64.95,-62.39,-66.01,-46.82,-50.71,-53.38,-49.83,-45.82,-48.54,-64.49,-58.02,-46.48,-60.00,-50.07,-54.75,2026-08-02 18:02:03+00:00
2026-08-02T18:03:04+00:00,-45.17,-59.21,-64.73,-62.44,-67.18,-46.87,-50.08,-53.54,-50.21,-45.59,-48.64,-64.10,-58.22,-46.51,-60.47,-50.32,-53.46,2026-08-02 18:03:04+00:00
2026-08-02T18:04:04+00:00,-43.60,-59.57,-64.90,-62.04,-66.34,-46.86,-49.69,-53.02,-49.89,-45.91,-48.47,-64.24,-58.29,-46.43,-60.47,-50.51,-53.21,2026-08-02 18:04:04+00:00
2026-08-02T18:05:03+00:00,-45.53,-59.22,-65.65,-62.54,-66.58,-46.65,-49.77,-53.16,-51.58,-45.89,-48.72,-64.02,-58.31,-46.54,-59.96,-50.44,-52.77,2026-08-02 18:05:03+00:00
2026-08-02T18:06:04+00:00,-45.31,-59.00,-65.11,-62.51,-67.03,-46.84,-50.31,-53.44,-50.45,-45.87,-48.47,-64.04,-58.28,-46.72,-60.34,-50.05,-53.54,2026-08-02 18:06:04+00:00
2026-08-02T18:07:03+00:00,-45.26,-59.18,-65.36,-62.48,-66.27,-46.85,-50.87,-53.66,-50.95,-45.87,-48.41,-63.99,-58.18,-46.44,-59.41,-50.27,-53.72,2026-08-02 18:07:03+00:00
2026-08-02T18:08:04+00:00,-44.81,-59.38,-64.42,-63.04,-65.73,-46.40,-50.40,-53.34,-50.07,-45.83,-47.03,-64.01,-58.16,-46.63,-59.32,-50.15,-53.11,2026-08-02 18:08:04+00:00
2026-08-02T18:09:04+00:00,-45.14,-59.15,-61.55,-62.75,-66.61,-46.80,-50.46,-53.95,-49.40,-45.83,-48.61,-64.07,-58.48,-46.58,-60.08,-50.31,-53.67,2026-08-02 18:09:04+00:00
2026-08-02T18:10:03+00:00,-44.72,-59.09,-62.98,-62.95,-65.93,-46.77,-50.34,-53.92,-49.54,-45.11,-48.57,-63.33,-58.38,-46.83,-60.11,-50.08,-53.76,2026-08-02 18:10:03+00:00
2026-08-02T18:11:04+00:00,-45.19,-59.31,-62.94,-62.36,-66.01,-46.65,-50.10,-54.24,-49.62,-45.13,-48.82,-63.25,-58.54,-46.69,-59.98,-50.12,-53.57,2026-08-02 18:11:04+00:00
2026-08-02T18:12:04+00:00,-45.05,-59.54,-62.97,-62.80,-66.13,-46.52,-49.88,-54.33,-49.55,-44.97,-48.66,-63.57,-58.39,-46.84,-60.28,-49.80,-53.75,2026-08-02 18:12:04+00:00
2026-08-02T18:13:03+00:00,-45.04,-59.34,-62.31,-62.59,-66.87,-46.54,-49.84,-54.66,-51.90,-45.63,-48.79,-64.19,-56.74,-46.99,-60.04,-49.46,-53.83,2026-08-02 18:13:03+00:00
2026-08-02T18:14:04+00:00,-44.85,-58.91,-64.58,-62.34,-66.19,-46.79,-50.13,-54.83,-51.71,-46.00,-48.81,-64.17,-56.52,-46.77,-60.25,-49.69,-53.52,2026-08-02 18:14:04+00:00
2026-08-02T18:15:04+00:00,-45.18,-58.87,-65.22,-62.83,-66.99,-46.66,-50.02,-55.19,-52.03,-46.15,-48.89,-64.71,-57.55,-47.05,-60.15,-49.47,-54.01,2026-08-02 18:15:04+00:00
2026-08-02T18:16:03+00:00,-46.08,-57.90,-64.46,-62.70,-66.55,-46.79,-50.47,-55.25,-51.16,-46.15,-48.88,-64.49,-57.73,-47.02,-60.10,-49.66,-55.08,2026-08-02 18:16:03+00:00
2026-08-02T18:17:04+00:00,-47.99,-57.94,-64.49,-62.90,-66.42,-46.88,-49.90,-55.53,-51.20,-46.20,-48.76,-63.35,-57.70,-46.88,-60.08,-49.33,-53.91,2026-08-02 18:17:04+00:00
2026-08-02T18:18:03+00:00,-48.29,-58.35,-64.19,-62.71,-66.45,-46.82,-50.40,-55.81,-50.85,-46.14,-48.79,-60.77,-57.51,-46.69,-60.21,-49.27,-54.92,2026-08-02 18:18:03+00:00
2026-08-02T18:19:03+00:00,-47.21,-57.59,-64.17,-62.90,-66.60,-46.85,-49.90,-56.20,-51.02,-46.26,-48.77,-60.92,-58.14,-46.78,-60.75,-49.30,-55.14,2026-08-02 18:19:03+00:00
2026-08-02T18:20:04+00:00,-47.55,-57.84,-64.52,-62.38,-65.54,-46.60,-49.65,-56.36,-53.03,-46.15,-49.08,-61.23,-57.82,-47.25,-59.77,-49.16,-54.70,2026-08-02 18:20:04+00:00
2026-08-02T18:21:03+00:00,-47.79,-58.42,-64.62,-62.56,-66.01,-46.77,-50.43,-56.66,-52.37,-45.96,-48.91,-61.69,-57.83,-47.17,-60.12,-49.12,-53.84,2026-08-02 18:21:03+00:00
2026-08-02T18:22:03+00:00,-47.46,-58.49,-64.79,-62.91,-66.24,-46.74,-50.23,-57.40,-52.20,-46.17,-49.21,-61.83,-57.59,-47.82,-60.39,-49.05,-54.98,2026-08-02 18:22:03+00:00
2026-08-02T18:23:04+00:00,-47.78,-58.26,-64.41,-62.50,-66.85,-46.66,-50.57,-57.91,-51.11,-46.14,-49.00,-61.84,-57.96,-48.01,-59.59,-49.06,-54.75,2026-08-02 18:23:04+00:00
2026-08-02T18:24:03+00:00,-47.10,-58.41,-64.21,-63.00,-66.75,-46.89,-50.64,-58.35,-50.83,-46.45,-49.11,-61.61,-58.06,-47.92,-59.82,-49.16,-54.05,2026-08-02 18:24:03+00:00
2026-08-02T18:25:03+00:00,-46.92,-58.53,-64.05,-62.80,-65.72,-46.84,-49.65,-58.56,-50.73,-46.07,-49.08,-61.59,-58.04,-47.97,-59.93,-49.20,-53.87,2026-08-02 18:25:03+00:00
2026-08-02T18:26:04+00:00,-46.43,-58.45,-63.97,-62.76,-65.89,-46.82,-50.79,-58.80,-50.81,-46.34,-49.09,-61.85,-58.08,-47.56,-59.56,-49.37,-54.06,2026-08-02 18:26:04+00:00
2026-08-02T18:27:03+00:00,-45.96,-58.35,-64.63,-62.90,-66.01,-46.78,-50.49,-58.80,-52.64,-46.11,-49.13,-61.19,-57.75,-47.40,-60.05,-49.30,-54.97,2026-08-02 18:27:03+00:00
2026-08-02T18:28:03+00:00,-46.26,-59.08,-64.17,-62.65,-66.49,-46.63,-50.81,-58.60,-51.82,-46.11,-47.81,-60.52,-57.66,-46.99,-60.05,-49.21,-55.02,2026-08-02 18:28:03+00:00
2026-08-02T18:29:04+00:00,-47.75,-59.48,-62.16,-62.83,-66.60,-46.64,-49.92,-58.83,-51.51,-45.30,-49.01,-60.85,-57.85,-47.26,-59.45,-49.95,-54.15,2026-08-02 18:29:04+00:00
2026-08-02T18:30:03+00:00,-47.55,-58.69,-62.38,-62.68,-66.07,-46.59,-50.58,-58.69,-50.44,-45.30,-49.07,-60.75,-57.07,-47.37,-59.95,-50.01,-54.94,2026-08-02 18:30:03+00:00
2026-08-02T18:31:04+00:00,-48.16,-59.06,-62.13,-62.68,-65.64,-46.75,-50.88,-58.76,-50.31,-45.31,-49.00,-60.61,-57.40,-47.21,-60.15,-49.97,-54.74,2026-08-02 18:31:04+00:00
2026-08-02T18:32:04+00:00,-48.07,-54.48,-62.53,-62.76,-67.00,-46.80,-51.45,-59.01,-50.61,-45.14,-49.10,-60.69,-57.30,-46.99,-60.34,-50.21,-54.83,2026-08-02 18:32:04+00:00
2026-08-02T18:33:03+00:00,-47.81,-58.42,-62.80,-62.62,-66.22,-46.59,-51.32,-59.45,-51.04,-46.28,-48.85,-60.10,-56.99,-46.84,-60.26,-50.02,-54.00,2026-08-02 18:33:03+00:00
2026-08-02T18:34:04+00:00,-48.16,-57.77,-62.14,-61.38,-64.60,-46.71,-50.54,-58.65,-52.61,-46.38,-49.04,-59.80,-56.31,-46.38,-59.66,-49.85,-54.71,2026-08-02 18:34:04+00:00
2026-08-02T18:35:04+00:00,-47.56,-57.87,-62.33,-61.05,-63.83,-46.84,-50.52,-58.22,-53.02,-46.15,-49.23,-59.87,-55.99,-46.21,-59.71,-49.50,-54.54,2026-08-02 18:35:04+00:00
2026-08-02T18:36:03+00:00,-48.07,-57.52,-62.38,-61.40,-63.53,-46.69,-50.05,-57.99,-51.65,-46.37,-49.15,-60.09,-56.32,-45.53,-59.38,-49.56,-54.52,2026-08-02 18:36:03+00:00
2026-08-02T18:37:03+00:00,-48.90,-56.81,-61.87,-61.28,-63.96,-46.75,-49.94,-57.99,-51.31,-46.16,-49.18,-59.94,-56.43,-45.22,-59.88,-49.49,-54.54,2026-08-02 18:37:03+00:00
2026-08-02T18:38:04+00:00,-47.13,-55.34,-61.92,-61.73,-63.37,-46.83,-51.04,-58.16,-51.59,-46.35,-49.33,-60.07,-55.89,-44.89,-59.47,-49.13,-54.42,2026-08-02 18:38:04+00:00
2026-08-02T18:39:03+00:00,-47.80,-57.10,-62.24,-61.38,-64.05,-47.10,-50.17,-58.20,-51.04,-46.09,-49.36,-60.30,-55.45,-44.53,-59.56,-48.99,-54.63,2026-08-02 18:39:03+00:00
2026-08-02T18:40:04+00:00,-46.31,-57.31,-62.41,-61.21,-64.61,-46.71,-50.94,-58.48,-52.06,-46.13,-49.07,-60.37,-55.47,-44.44,-59.26,-48.85,-54.54,2026-08-02 18:40:04+00:00
2026-08-02T18:41:04+00:00,-47.71,-57.23,-62.59,-61.70,-63.62,-46.81,-51.04,-57.61,-52.90,-46.28,-49.10,-60.34,-55.40,-44.00,-59.71,-48.79,-54.53,2026-08-02 18:41:04+00:00
2026-08-02T18:42:03+00:00,-47.84,-57.19,-62.15,-61.22,-63.57,-46.85,-50.34,-58.16,-52.81,-46.09,-49.22,-60.01,-55.07,-43.79,-58.93,-49.14,-53.52,2026-08-02 18:42:03+00:00
2026-08-02T18:43:04+00:00,-48.19,-57.33,-62.23,-61.60,-64.27,-46.84,-50.45,-58.03,-50.13,-45.99,-49.24,-60.37,-54.96,-43.68,-59.26,-49.48,-53.78,2026-08-02 18:43:04+00:00
2026-08-02T18:44:04+00:00,-47.74,-57.69,-61.99,-61.22,-63.71,-46.83,-49.93,-58.12,-51.06,-45.85,-49.02,-60.04,-54.94,-43.41,-59.07,-49.90,-54.50,2026-08-02 18:44:04+00:00
2026-08-02T18:45:03+00:00,-47.84,-58.07,-62.11,-60.95,-64.15,-46.93,-51.14,-57.85,-50.02,-45.98,-49.10,-60.03,-54.43,-43.48,-59.61,-49.81,-53.79,2026-08-02 18:45:03+00:00
2026-08-02T18:46:04+00:00,-47.86,-57.83,-62.78,-61.85,-63.99,-46.75,-50.27,-57.64,-51.51,-46.41,-49.83,-59.86,-54.54,-43.19,-59.30,-50.23,-53.76,2026-08-02 18:46:04+00:00
2026-08-02T18:47:03+00:00,-48.06,-57.82,-61.83,-61.60,-64.26,-46.48,-50.83,-57.06,-51.46,-46.64,-49.22,-59.87,-54.30,-43.19,-59.16,-49.81,-54.40,2026-08-02 18:47:03+00:00
2026-08-02T18:48:03+00:00,-47.81,-57.53,-60.17,-61.81,-64.74,-46.89,-50.75,-57.57,-50.51,-46.52,-50.33,-59.84,-54.27,-43.21,-59.51,-50.24,-54.42,2026-08-02 18:48:03+00:00
2026-08-02T18:49:04+00:00,-47.53,-57.52,-60.92,-61.52,-64.54,-47.02,-51.42,-57.82,-49.15,-45.57,-50.48,-59.90,-54.06,-43.10,-59.45,-49.97,-54.55,2026-08-02 18:49:04+00:00
2026-08-02T18:50:03+00:00,-46.59,-57.49,-60.84,-61.72,-62.66,-46.95,-50.83,-56.72,-49.53,-45.20,-49.69,-59.77,-54.01,-42.86,-59.38,-50.84,-53.76,2026-08-02 18:50:03+00:00
2026-08-02T18:51:03+00:00,-46.80,-57.33,-61.36,-61.60,-64.14,-47.01,-50.91,-57.67,-49.39,-45.21,-50.11,-59.81,-53.94,-42.76,-58.78,-50.92,-54.21,2026-08-02 18:51:03+00:00
2026-08-02T18:52:04+00:00,-47.66,-57.63,-61.38,-61.86,-63.97,-47.02,-50.66,-57.84,-50.85,-46.28,-49.97,-60.09,-53.72,-42.89,-59.53,-51.92,-54.65,2026-08-02 18:52:04+00:00
2026-08-02T18:53:03+00:00,-47.60,-57.68,-63.07,-61.51,-64.09,-46.94,-51.67,-57.65,-52.23,-46.35,-49.88,-59.98,-53.17,-42.77,-58.61,-51.85,-54.37,2026-08-02 18:53:03+00:00
2026-08-02T18:54:03+00:00,-46.88,-57.29,-63.07,-61.95,-63.40,-47.04,-50.77,-57.66,-49.97,-46.44,-50.07,-60.11,-52.87,-43.06,-58.44,-52.23,-54.25,2026-08-02 18:54:03+00:00
2026-08-02T18:55:04+00:00,-46.92,-57.52,-63.15,-61.71,-62.14,-46.80,-50.75,-57.73,-49.46,-46.56,-50.06,-60.46,-52.91,-43.23,-58.68,-52.27,-54.64,2026-08-02 18:55:04+00:00
2026-08-02T18:56:03+00:00,-46.49,-57.31,-62.80,-61.54,-61.71,-46.98,-50.94,-58.17,-50.00,-46.65,-50.16,-60.58,-52.71,-43.19,-59.14,-51.66,-54.06,2026-08-02 18:56:03+00:00
2026-08-02T18:57:04+00:00,-46.93,-57.84,-62.97,-61.23,-63.21,-46.84,-50.79,-58.62,-49.40,-46.57,-50.13,-60.50,-52.63,-43.08,-58.44,-51.58,-54.37,2026-08-02 18:57:04+00:00
2026-08-02T18:58:04+00:00,-48.22,-57.80,-63.29,-61.47,-62.94,-46.79,-51.32,-58.60,-54.39,-46.62,-50.25,-60.73,-52.25,-42.95,-58.39,-50.63,-54.50,2026-08-02 18:58:04+00:00
2026-08-02T18:59:03+00:00,-47.80,-57.81,-62.93,-61.62,-63.51,-47.04,-51.05,-58.94,-55.08,-46.87,-50.26,-60.55,-52.11,-42.67,-58.66,-49.60,-54.44,2026-08-02 18:59:03+00:00
2026-08-02T19:00:03+00:00,-45.93,-57.45,-62.90,-61.15,-63.43,-47.13,-51.06,-58.99,-51.72,-46.90,-50.19,-60.52,-51.77,-42.76,-58.98,-48.97,-53.17,2026-08-02 19:00:03+00:00
2026-08-02T19:01:03+00:00,-46.72,-57.90,-62.74,-61.83,-63.18,-47.11,-50.78,-59.38,-49.85,-46.80,-50.25,-61.22,-51.77,-42.63,-58.13,-49.08,-54.51,2026-08-02 19:01:03+00:00
2026-08-02T19:02:03+00:00,-46.15,-57.80,-62.89,-61.47,-62.80,-46.86,-51.10,-59.08,-53.82,-47.02,-50.29,-60.76,-51.38,-42.62,-58.38,-49.21,-54.71,2026-08-02 19:02:03+00:00
2026-08-02T19:03:04+00:00,-47.68,-57.98,-63.03,-61.46,-62.30,-47.12,-50.62,-59.38,-52.51,-47.55,-51.06,-60.65,-51.48,-42.41,-58.04,-48.77,-54.55,2026-08-02 19:03:04+00:00
2026-08-02T19:04:04+00:00,-46.17,-58.14,-63.91,-61.56,-63.71,-47.21,-51.41,-59.74,-50.73,-47.81,-51.11,-60.52,-51.22,-42.40,-58.84,-48.12,-54.05,2026-08-02 19:04:04+00:00
2026-08-02T19:05:03+00:00,-46.00,-57.93,-63.41,-61.31,-62.46,-47.22,-50.72,-60.11,-50.93,-47.86,-51.12,-60.53,-51.43,-42.31,-58.86,-47.95,-53.71,2026-08-02 19:05:03+00:00
2026-08-02T19:06:03+00:00,-47.35,-58.57,-63.32,-61.59,-63.09,-47.08,-51.41,-60.14,-52.36,-47.96,-49.84,-62.22,-50.92,-42.31,-58.54,-47.51,-54.38,2026-08-02 19:06:03+00:00
2026-08-02T19:07:04+00:00,-47.30,-59.90,-61.93,-62.07,-63.48,-46.89,-51.46,-59.70,-51.26,-46.81,-50.83,-63.20,-50.89,-41.96,-58.74,-47.65,-54.01,2026-08-02 19:07:04+00:00
2026-08-02T19:08:04+00:00,-46.60,-59.65,-61.92,-61.38,-63.24,-46.98,-50.51,-59.16,-48.74,-47.28,-50.21,-62.46,-50.71,-41.82,-58.37,-47.69,-53.85,2026-08-02 19:08:04+00:00
2026-08-02T19:09:03+00:00,-47.79,-59.80,-62.42,-61.90,-62.21,-47.06,-50.71,-59.28,-50.39,-47.33,-50.91,-62.48,-50.85,-41.92,-58.27,-47.76,-54.34,2026-08-02 19:09:03+00:00
2026-08-02T19:10:04+00:00,-48.54,-59.47,-62.61,-62.08,-63.09,-47.02,-50.59,-59.71,-52.27,-47.54,-50.74,-62.86,-50.61,-41.83,-58.34,-47.99,-54.27,2026-08-02 19:10:04+00:00
2026-08-02T19:11:03+00:00,-49.22,-59.57,-63.49,-61.70,-62.17,-47.61,-50.52,-61.13,-51.17,-49.37,-50.71,-63.34,-50.60,-42.17,-58.21,-48.44,-53.63,2026-08-02 19:11:03+00:00
2026-08-02T19:12:03+00:00,-48.68,-59.56,-63.42,-61.88,-63.51,-52.40,-50.87,-61.80,-51.88,-49.73,-50.84,-63.75,-50.06,-42.01,-57.97,-48.60,-53.43,2026-08-02 19:12:03+00:00
2026-08-02T19:13:04+00:00,-48.45,-59.42,-63.29,-61.93,-63.22,-52.36,-50.82,-61.82,-51.65,-49.90,-50.84,-64.23,-50.16,-42.01,-57.58,-48.47,-54.10,2026-08-02 19:13:04+00:00
2026-08-02T19:14:03+00:00,-48.97,-59.72,-63.49,-61.83,-63.21,-52.27,-57.42,-62.08,-51.13,-50.48,-50.77,-63.82,-50.11,-41.81,-58.09,-48.60,-53.44,2026-08-02 19:14:03+00:00
2026-08-02T19:15:03+00:00,-48.74,-59.48,-63.33,-61.77,-62.98,-52.54,-57.48,-62.16,-51.52,-50.56,-50.24,-63.98,-50.30,-41.91,-57.61,-49.16,-54.45,2026-08-02 19:15:03+00:00
2026-08-02T19:16:04+00:00,-49.37,-59.27,-63.41,-61.78,-64.27,-52.06,-47.95,-62.26,-51.80,-50.24,-50.67,-63.95,-49.90,-41.83,-57.64,-49.47,-53.98,2026-08-02 19:16:04+00:00
2026-08-02T19:17:03+00:00,-48.45,-59.39,-62.77,-62.17,-62.65,-52.35,-51.09,-61.82,-50.43,-50.68,-50.88,-63.90,-50.00,-41.84,-57.30,-49.62,-54.35,2026-08-02 19:17:03+00:00
2026-08-02T19:18:03+00:00,-49.42,-59.39,-63.06,-62.09,-63.20,-52.14,-51.07,-62.07,-50.41,-50.85,-50.69,-64.34,-49.78,-42.11,-57.29,-49.88,-54.29,2026-08-02 19:18:03+00:00
2026-08-02T19:19:04+00:00,-49.12,-59.49,-63.92,-62.12,-63.92,-52.22,-51.13,-61.99,-52.36,-51.00,-50.38,-63.92,-49.74,-42.01,-56.97,-49.95,-54.52,2026-08-02 19:19:04+00:00
2026-08-02T19:20:03+00:00,-49.05,-58.97,-63.43,-62.33,-63.47,-51.99,-51.24,-61.62,-52.45,-51.10,-50.81,-63.52,-49.69,-42.21,-56.48,-50.05,-53.73,2026-08-02 19:20:03+00:00
2026-08-02T19:21:04+00:00,-48.41,-58.90,-63.29,-61.74,-63.80,-52.00,-50.43,-60.99,-51.62,-51.14,-50.80,-63.83,-49.90,-42.17,-56.02,-49.79,-54.41,2026-08-02 19:21:04+00:00
2026-08-02T19:22:04+00:00,-48.81,-59.39,-63.10,-62.45,-64.12,-51.86,-50.57,-60.64,-49.96,-51.44,-50.78,-64.14,-49.93,-42.47,-56.22,-49.56,-53.63,2026-08-02 19:22:04+00:00
2026-08-02T19:23:03+00:00,-47.86,-59.50,-62.37,-61.39,-64.13,-52.17,-50.57,-59.75,-51.02,-51.51,-50.88,-63.10,-49.90,-42.42,-56.11,-49.60,-53.19,2026-08-02 19:23:03+00:00
2026-08-02T19:24:04+00:00,-48.39,-59.91,-63.35,-61.63,-63.39,-52.05,-50.72,-59.60,-50.54,-51.37,-50.91,-62.77,-49.93,-42.65,-55.41,-49.94,-54.22,2026-08-02 19:24:04+00:00
2026-08-02T19:25:04+00:00,-48.75,-59.78,-63.52,-62.09,-65.06,-51.81,-50.78,-58.92,-52.48,-51.20,-49.50,-62.04,-49.64,-42.97,-55.51,-50.40,-54.47,2026-08-02 19:25:04+00:00
2026-08-02T19:26:03+00:00,-48.46,-60.06,-61.81,-62.06,-64.18,-51.91,-50.60,-58.35,-51.09,-49.15,-50.86,-62.09,-49.83,-43.43,-55.14,-50.30,-54.25,2026-08-02 19:26:03+00:00
2026-08-02T19:27:03+00:00,-48.85,-60.81,-62.30,-61.75,-63.40,-52.04,-50.51,-57.92,-51.13,-48.94,-50.82,-61.77,-49.59,-43.65,-54.82,-50.47,-53.42,2026-08-02 19:27:03+00:00
2026-08-02T19:28:04+00:00,-48.55,-60.48,-62.23,-61.89,-63.70,-50.70,-50.14,-57.62,-49.47,-48.87,-50.83,-61.53,-49.60,-43.78,-54.77,-50.33,-54.25,2026-08-02 19:28:04+00:00
2026-08-02T19:29:03+00:00,-48.49,-60.60,-62.30,-61.81,-63.31,-50.58,-50.62,-57.45,-49.53,-48.72,-50.99,-61.49,-49.58,-44.44,-54.84,-49.92,-54.65,2026-08-02 19:29:03+00:00
2026-08-02T19:30:03+00:00,-47.89,-60.43,-63.90,-61.83,-62.68,-48.18,-50.09,-57.24,-51.66,-50.64,-50.89,-62.39,-49.86,-44.21,-54.22,-50.02,-54.11,2026-08-02 19:30:03+00:00
2026-08-02T19:31:03+00:00,-47.96,-60.08,-64.45,-62.08,-63.39,-47.02,-50.36,-56.78,-51.76,-50.81,-50.99,-63.27,-49.88,-44.42,-54.46,-50.03,-53.41,2026-08-02 19:31:03+00:00
2026-08-02T19:32:04+00:00,-48.47,-60.01,-64.05,-61.86,-63.23,-46.86,-50.48,-56.45,-50.88,-50.32,-51.03,-63.61,-49.62,-44.11,-54.40,-50.25,-53.84,2026-08-02 19:32:04+00:00
2026-08-02T19:33:03+00:00,-48.39,-60.17,-63.53,-62.23,-63.07,-47.26,-50.35,-56.26,-50.05,-49.82,-51.06,-63.50,-49.63,-44.37,-53.85,-50.82,-53.69,2026-08-02 19:33:03+00:00
2026-08-02T19:34:04+00:00,-48.18,-60.12,-62.48,-62.26,-63.77,-47.19,-50.45,-55.50,-50.08,-49.49,-50.92,-63.09,-49.69,-44.26,-53.97,-51.65,-54.04,2026-08-02 19:34:04+00:00
2026-08-02T19:35:04+00:00,-48.71,-60.61,-63.33,-61.92,-63.71,-47.16,-50.55,-55.37,-49.68,-49.13,-50.98,-63.38,-49.81,-44.46,-53.50,-51.46,-54.26,2026-08-02 19:35:04+00:00
2026-08-02T19:36:03+00:00,-48.68,-60.92,-64.06,-62.11,-63.79,-47.33,-50.43,-54.79,-51.68,-48.73,-51.21,-63.16,-49.62,-43.98,-53.69,-52.08,-54.46,2026-08-02 19:36:03+00:00
2026-08-02T19:37:04+00:00,-48.57,-60.38,-64.11,-61.98,-63.35,-46.84,-50.74,-54.83,-50.76,-48.54,-51.02,-63.41,-49.46,-44.01,-53.59,-53.03,-53.87,2026-08-02 19:37:04+00:00
2026-08-02T19:38:03+00:00,-47.86,-60.38,-64.44,-62.11,-63.40,-46.43,-50.66,-54.27,-51.28,-48.21,-51.23,-62.73,-49.26,-43.70,-53.42,-53.63,-53.75,2026-08-02 19:38:03+00:00
2026-08-02T19:39:03+00:00,-47.64,-61.22,-64.30,-62.04,-62.80,-46.55,-50.52,-53.97,-51.05,-48.08,-51.02,-61.69,-49.48,-43.65,-53.32,-54.07,-53.84,2026-08-02 19:39:03+00:00
2026-08-02T19:40:04+00:00,-47.88,-60.86,-64.14,-62.25,-63.29,-46.28,-50.55,-53.70,-50.86,-47.36,-50.94,-62.05,-49.35,-43.24,-53.20,-54.98,-53.61,2026-08-02 19:40:04+00:00
2026-08-02T19:41:03+00:00,-47.90,-61.08,-64.01,-61.65,-63.33,-46.37,-50.51,-53.60,-50.71,-46.93,-51.01,-61.61,-49.30,-42.87,-53.24,-55.53,-54.30,2026-08-02 19:41:03+00:00
2026-08-02T19:42:04+00:00,-48.12,-60.48,-63.62,-61.92,-63.43,-46.08,-50.46,-52.76,-50.74,-46.59,-49.45,-61.46,-49.37,-42.91,-53.05,-57.57,-54.19,2026-08-02 19:42:04+00:00
2026-08-02T19:43:04+00:00,-47.61,-60.51,-61.87,-62.19,-63.87,-46.31,-50.54,-52.77,-51.97,-46.08,-51.17,-61.67,-49.57,-42.68,-53.05,-58.80,-54.37,2026-08-02 19:43:04+00:00
2026-08-02T19:44:03+00:00,-47.80,-60.09,-63.25,-62.25,-63.05,-46.19,-50.43,-52.35,-51.68,-45.31,-51.08,-61.57,-49.62,-42.62,-53.17,-57.69,-54.71,2026-08-02 19:44:03+00:00
2026-08-02T19:45:04+00:00,-47.69,-61.01,-63.41,-62.60,-63.97,-46.46,-50.39,-52.11,-51.72,-45.09,-51.23,-61.57,-49.68,-42.89,-53.30,-58.36,-53.54,2026-08-02 19:45:04+00:00
2026-08-02T19:46:04+00:00,-47.58,-60.84,-62.92,-62.15,-64.33,-46.12,-50.38,-51.78,-51.56,-45.04,-51.25,-61.59,-49.58,-42.57,-53.08,-60.11,-53.52,2026-08-02 19:46:04+00:00
2026-08-02T19:47:03+00:00,-47.73,-60.59,-62.36,-61.88,-63.72,-46.36,-50.52,-51.61,-51.87,-45.43,-51.47,-62.77,-49.80,-42.19,-53.20,-59.46,-54.23,2026-08-02 19:47:03+00:00
2026-08-02T19:48:04+00:00,-47.77,-60.49,-64.01,-62.16,-63.32,-46.24,-50.67,-51.44,-52.61,-45.26,-51.39,-62.49,-49.77,-42.30,-53.43,-59.66,-53.92,2026-08-02 19:48:04+00:00
2026-08-02T19:49:04+00:00,-47.86,-60.92,-64.54,-62.34,-63.71,-46.09,-50.90,-51.25,-52.40,-45.18,-51.42,-62.47,-49.79,-42.31,-53.53,-59.36,-53.85,2026-08-02 19:49:04+00:00
2026-08-02T19:50:03+00:00,-47.59,-60.81,-64.33,-62.18,-62.96,-45.98,-50.65,-51.09,-52.37,-44.95,-51.40,-62.65,-50.01,-42.53,-53.01,-59.48,-54.23,2026-08-02 19:50:03+00:00
2026-08-02T19:51:04+00:00,-47.58,-60.50,-64.50,-62.27,-63.73,-45.99,-50.65,-50.89,-52.56,-44.64,-51.55,-63.09,-50.07,-42.47,-53.24,-59.48,-54.40,2026-08-02 19:51:04+00:00
2026-08-02T19:52:03+00:00,-47.55,-60.45,-64.38,-62.34,-63.77,-46.18,-50.61,-50.94,-52.42,-44.32,-51.47,-63.47,-50.05,-42.84,-53.27,-57.79,-54.18,2026-08-02 19:52:03+00:00
2026-08-02T19:53:03+00:00,-47.40,-60.76,-64.90,-62.20,-63.51,-46.01,-50.53,-50.71,-52.46,-44.09,-51.48,-63.20,-49.98,-42.87,-53.34,-58.86,-53.41,2026-08-02 19:53:03+00:00
2026-08-02T19:54:04+00:00,-46.33,-60.95,-64.54,-62.33,-63.78,-45.71,-50.30,-50.25,-52.44,-44.14,-50.04,-63.25,-49.93,-42.81,-53.73,-58.96,-53.84,2026-08-02 19:54:04+00:00
2026-08-02T19:55:03+00:00,-48.14,-61.08,-63.65,-62.09,-62.70,-45.97,-50.53,-50.06,-51.94,-43.58,-51.38,-63.13,-49.90,-42.61,-53.52,-58.18,-53.84,2026-08-02 19:55:03+00:00
2026-08-02T19:56:03+00:00,-48.21,-61.42,-63.59,-62.28,-64.10,-46.10,-50.49,-49.79,-51.84,-42.31,-47.05,-63.50,-49.70,-42.75,-53.79,-59.68,-53.28,2026-08-02 19:56:03+00:00
2026-08-02T19:57:04+00:00,-48.10,-60.96,-63.37,-61.98,-63.99,-45.91,-50.90,-49.56,-51.92,-41.94,-46.51,-63.16,-49.97,-42.37,-53.71,-59.14,-53.71,2026-08-02 19:57:04+00:00
2026-08-02T19:58:03+00:00,-48.20,-61.11,-63.32,-62.18,-63.83,-46.03,-50.66,-49.57,-51.64,-42.32,-47.93,-63.23,-49.88,-42.65,-54.13,-59.01,-53.22,2026-08-02 19:58:03+00:00
2026-08-02T19:59:03+00:00,-48.14,-61.08,-62.87,-62.18,-63.50,-49.01,-50.63,-49.55,-51.91,-42.76,-48.94,-64.29,-49.93,-42.49,-54.28,-60.71,-53.61,2026-08-02 19:59:03+00:00
2026-08-02T20:00:04+00:00,-48.19,-60.86,-62.81,-62.15,-63.78,-49.85,-50.48,-49.53,-52.41,-43.41,-51.57,-63.95,-49.84,-42.67,-54.86,-59.81,-53.42,2026-08-02 20:00:04+00:00
2026-08-02T20:01:04+00:00,-48.04,-60.81,-62.80,-62.29,-63.62,-49.70,-50.62,-49.16,-52.26,-43.52,-51.85,-64.15,-49.74,-42.64,-54.78,-60.16,-53.09,2026-08-02 20:01:04+00:00
2026-08-02T20:02:04+00:00,-48.04,-60.93,-62.81,-62.20,-63.35,-49.67,-50.37,-48.98,-52.33,-43.52,-51.75,-64.07,-49.71,-42.26,-55.27,-61.13,-52.98,2026-08-02 20:02:04+00:00
2026-08-02T20:03:04+00:00,-48.13,-60.59,-62.60,-62.14,-63.17,-49.56,-50.44,-48.76,-52.02,-43.70,-51.78,-63.57,-49.64,-42.29,-55.14,-59.70,-53.68,2026-08-02 20:03:04+00:00
2026-08-02T20:04:03+00:00,-47.61,-59.64,-64.60,-62.28,-62.68,-49.43,-49.98,-48.76,-52.10,-43.56,-51.49,-64.20,-49.76,-42.22,-55.32,-57.16,-53.48,2026-08-02 20:04:03+00:00
2026-08-02T20:05:04+00:00,-47.39,-59.74,-64.52,-62.45,-63.48,-48.58,-50.30,-48.50,-52.10,-43.85,-51.22,-63.91,-49.87,-42.46,-56.20,-55.68,-52.92,2026-08-02 20:05:04+00:00
2026-08-02T20:06:03+00:00,-48.05,-59.87,-64.50,-62.12,-63.59,-48.28,-50.30,-48.70,-52.22,-44.32,-52.03,-63.58,-49.62,-42.32,-57.20,-54.44,-53.03,2026-08-02 20:06:03+00:00
2026-08-02T20:07:03+00:00,-48.04,-59.61,-64.33,-62.10,-63.74,-48.34,-50.01,-48.45,-52.20,-43.97,-51.77,-62.43,-49.53,-42.54,-57.42,-53.23,-53.57,2026-08-02 20:07:03+00:00
2026-08-02T20:08:04+00:00,-47.83,-58.79,-64.70,-62.38,-64.09,-46.75,-49.72,-48.35,-52.23,-44.00,-51.87,-62.53,-49.62,-42.83,-57.64,-51.75,-53.77,2026-08-02 20:08:04+00:00
2026-08-02T20:09:03+00:00,-47.89,-59.44,-64.65,-62.32,-63.72,-47.70,-50.30,-48.35,-52.21,-44.22,-52.01,-62.48,-49.32,-43.17,-57.81,-50.72,-53.66,2026-08-02 20:09:03+00:00
2026-08-02T20:10:04+00:00,-48.08,-59.21,-64.54,-62.35,-63.66,-47.22,-50.31,-48.43,-52.23,-44.81,-51.21,-62.59,-49.36,-43.08,-58.41,-50.40,-52.92,2026-08-02 20:10:04+00:00
2026-08-02T20:11:04+00:00,-48.17,-59.67,-62.47,-62.05,-63.52,-47.37,-50.50,-48.07,-50.16,-44.85,-53.19,-62.00,-49.38,-43.35,-59.03,-50.84,-53.20,2026-08-02 20:11:04+00:00
2026-08-02T20:12:03+00:00,-48.24,-59.91,-63.76,-62.12,-63.45,-47.30,-50.11,-47.91,-49.82,-44.54,-53.02,-62.62,-49.39,-43.11,-59.49,-51.14,-52.96,2026-08-02 20:12:03+00:00
2026-08-02T20:13:04+00:00,-48.10,-59.83,-62.97,-62.09,-63.82,-46.81,-50.01,-47.63,-49.43,-44.46,-52.94,-63.04,-49.31,-43.18,-59.67,-51.97,-53.68,2026-08-02 20:13:04+00:00
2026-08-02T20:14:04+00:00,-47.97,-59.70,-62.55,-62.11,-64.51,-50.29,-49.85,-47.44,-49.33,-44.68,-52.94,-62.72,-49.13,-43.17,-60.13,-52.18,-53.89,2026-08-02 20:14:04+00:00
2026-08-02T20:15:03+00:00,-47.85,-59.62,-61.90,-62.37,-62.16,-46.31,-50.03,-47.44,-49.47,-45.56,-52.78,-63.31,-49.09,-43.47,-60.32,-51.08,-54.01,2026-08-02 20:15:03+00:00
2026-08-02T20:16:04+00:00,-48.01,-59.89,-63.30,-62.18,-63.07,-46.74,-50.29,-47.39,-49.70,-45.85,-52.49,-63.07,-49.00,-43.70,-59.77,-50.94,-53.69,2026-08-02 20:16:04+00:00
2026-08-02T20:17:04+00:00,-48.03,-59.93,-63.58,-62.14,-63.56,-47.02,-50.15,-47.48,-49.69,-45.57,-52.61,-63.30,-48.95,-44.01,-58.71,-50.44,-52.74,2026-08-02 20:17:04+00:00
2026-08-02T20:18:03+00:00,-47.87,-59.89,-63.44,-62.38,-62.98,-46.79,-50.07,-47.45,-49.81,-45.77,-52.85,-63.46,-48.89,-44.02,-58.37,-49.86,-53.98,2026-08-02 20:18:03+00:00
2026-08-02T20:19:04+00:00,-48.29,-59.64,-63.73,-62.02,-62.86,-46.89,-49.85,-47.46,-49.82,-45.59,-53.27,-63.59,-48.82,-44.28,-57.72,-50.31,-53.34,2026-08-02 20:19:04+00:00
2026-08-02T20:20:03+00:00,-48.48,-59.98,-63.58,-62.25,-63.40,-46.47,-50.10,-47.35,-49.68,-45.44,-52.96,-63.46,-48.64,-44.40,-56.62,-51.90,-53.71,2026-08-02 20:20:03+00:00
2026-08-02T20:21:03+00:00,-48.25,-59.80,-63.54,-62.11,-64.00,-46.64,-49.67,-47.34,-49.61,-45.42,-52.99,-63.44,-48.61,-44.23,-56.03,-52.27,-53.63,2026-08-02 20:21:03+00:00
2026-08-02T20:22:04+00:00,-48.44,-60.22,-63.87,-62.22,-63.12,-46.60,-49.73,-47.19,-49.71,-45.45,-53.13,-63.63,-48.34,-44.54,-55.14,-52.63,-53.15,2026-08-02 20:22:04+00:00
2026-08-02T20:23:03+00:00,-48.39,-59.34,-63.90,-61.91,-63.77,-46.61,-49.23,-47.05,-49.67,-45.27,-53.27,-63.83,-48.66,-44.36,-54.73,-53.04,-54.26,2026-08-02 20:23:03+00:00
2026-08-02T20:24:04+00:00,-48.59,-59.45,-63.59,-62.06,-63.48,-46.34,-49.28,-46.70,-49.83,-45.41,-52.92,-63.89,-48.35,-44.97,-53.89,-52.65,-53.94,2026-08-02 20:24:04+00:00
2026-08-02T20:25:04+00:00,-48.54,-59.55,-63.28,-62.27,-63.16,-46.44,-49.45,-46.68,-49.79,-45.76,-52.88,-62.81,-48.31,-44.90,-52.90,-52.26,-53.87,2026-08-02 20:25:04+00:00
2026-08-02T20:26:03+00:00,-48.24,-60.35,-63.43,-61.84,-63.64,-46.36,-49.44,-46.60,-51.60,-45.99,-52.92,-63.15,-48.15,-44.70,-52.52,-51.37,-52.97,2026-08-02 20:26:03+00:00
2026-08-02T20:27:04+00:00,-47.90,-59.92,-63.30,-62.03,-62.75,-46.39,-49.67,-46.65,-51.37,-46.14,-53.07,-63.56,-48.19,-44.91,-51.79,-49.65,-53.11,2026-08-02 20:27:04+00:00
2026-08-02T20:28:04+00:00,-47.40,-60.03,-63.26,-62.32,-63.61,-46.32,-48.90,-46.59,-52.63,-46.09,-52.93,-63.44,-47.91,-45.11,-51.25,-49.31,-53.15,2026-08-02 20:28:04+00:00
2026-08-02T20:29:03+00:00,-47.84,-60.36,-61.50,-62.32,-63.24,-46.34,-49.62,-46.59,-52.14,-46.09,-52.77,-63.21,-47.90,-45.08,-50.80,-48.76,-53.83,2026-08-02 20:29:03+00:00
2026-08-02T20:30:04+00:00,-48.42,-60.61,-62.54,-62.17,-64.02,-46.18,-49.65,-46.26,-52.12,-45.39,-52.77,-62.74,-47.55,-44.96,-50.16,-48.55,-53.80,2026-08-02 20:30:04+00:00
2026-08-02T20:31:04+00:00,-48.28,-59.85,-62.53,-62.74,-62.93,-46.16,-49.62,-46.06,-51.63,-45.34,-52.85,-62.79,-47.59,-44.87,-49.69,-48.47,-53.68,2026-08-02 20:31:04+00:00
2026-08-02T20:32:04+00:00,-48.24,-59.54,-62.93,-62.15,-63.11,-46.23,-49.96,-45.95,-51.74,-45.50,-52.73,-62.60,-47.56,-44.94,-49.23,-47.98,-53.85,2026-08-02 20:32:04+00:00
2026-08-02T20:33:04+00:00,-48.33,-58.80,-62.04,-62.14,-63.67,-52.08,-49.75,-46.07,-52.02,-46.24,-52.66,-62.83,-47.73,-45.13,-49.08,-49.04,-53.25,2026-08-02 20:33:04+00:00
2026-08-02T20:34:03+00:00,-48.39,-59.73,-63.53,-62.40,-62.93,-48.39,-49.76,-46.08,-52.31,-45.84,-52.81,-62.65,-47.66,-45.95,-48.58,-50.90,-53.19,2026-08-02 20:34:03+00:00
2026-08-02T20:35:04+00:00,-47.73,-60.10,-63.65,-62.50,-64.14,-47.02,-49.36,-46.04,-52.25,-45.53,-52.76,-63.13,-47.66,-46.02,-47.96,-51.89,-53.98,2026-08-02 20:35:04+00:00
2026-08-02T20:36:04+00:00,-48.24,-60.32,-63.50,-62.46,-63.56,-47.01,-49.36,-46.17,-52.40,-45.32,-52.81,-62.96,-47.39,-46.07,-47.62,-51.64,-53.75,2026-08-02 20:36:04+00:00
2026-08-02T20:37:04+00:00,-48.83,-60.50,-62.98,-62.41,-63.77,-46.43,-49.47,-46.26,-52.55,-45.41,-52.67,-62.60,-47.35,-46.08,-47.82,-49.60,-53.57,2026-08-02 20:37:04+00:00
2026-08-02T20:38:03+00:00,-48.66,-59.36,-63.22,-62.53,-63.67,-46.50,-49.66,-46.36,-52.28,-45.33,-52.72,-63.28,-47.44,-45.67,-47.53,-48.25,-53.19,2026-08-02 20:38:03+00:00
2026-08-02T20:39:04+00:00,-48.79,-57.98,-62.95,-62.43,-62.57,-45.94,-49.36,-46.20,-52.28,-44.79,-52.71,-63.11,-47.28,-45.75,-47.19,-49.06,-53.24,2026-08-02 20:39:04+00:00
2026-08-02T20:40:04+00:00,-48.72,-59.15,-63.00,-62.31,-63.29,-46.09,-49.13,-46.19,-52.32,-45.02,-52.85,-63.66,-47.30,-45.29,-46.94,-49.24,-54.31,2026-08-02 20:40:04+00:00
2026-08-02T20:41:03+00:00,-48.75,-59.98,-62.39,-61.92,-64.18,-46.05,-49.55,-46.12,-52.40,-44.81,-52.81,-62.70,-47.28,-45.42,-46.42,-48.74,-53.34,2026-08-02 20:41:03+00:00
2026-08-02T20:42:04+00:00,-48.49,-60.26,-62.29,-62.20,-62.67,-45.81,-49.25,-46.41,-52.32,-44.74,-52.79,-62.55,-47.43,-45.34,-46.58,-48.47,-53.44,2026-08-02 20:42:04+00:00
2026-08-02T20:43:04+00:00,-48.64,-60.26,-62.72,-62.25,-63.52,-45.64,-49.29,-46.52,-52.15,-44.80,-52.41,-63.42,-47.38,-45.52,-46.29,-48.85,-53.67,2026-08-02 20:43:04+00:00
2026-08-02T20:44:03+00:00,-48.82,-59.94,-62.67,-62.42,-64.20,-45.56,-49.00,-46.48,-52.16,-44.85,-52.28,-63.36,-47.49,-45.58,-46.50,-47.51,-53.50,2026-08-02 20:44:03+00:00
2026-08-02T20:45:04+00:00,-47.02,-59.72,-62.54,-62.14,-61.78,-45.67,-49.60,-46.26,-52.07,-45.14,-52.80,-63.33,-47.43,-45.74,-46.14,-47.94,-53.20,2026-08-02 20:45:04+00:00
2026-08-02T20:46:03+00:00,-47.30,-59.41,-62.39,-62.23,-63.84,-45.72,-49.45,-46.17,-52.15,-45.26,-52.78,-62.91,-47.35,-45.74,-46.23,-46.64,-53.74,2026-08-02 20:46:03+00:00
2026-08-02T20:47:03+00:00,-47.89,-59.71,-62.24,-62.02,-63.71,-46.03,-49.26,-46.14,-52.00,-45.07,-52.80,-62.93,-47.44,-45.70,-45.90,-45.43,-52.92,2026-08-02 20:47:03+00:00
2026-08-02T20:48:04+00:00,-47.62,-60.02,-62.49,-62.27,-64.24,-46.15,-49.40,-45.93,-51.89,-45.15,-52.56,-62.78,-47.58,-46.66,-46.18,-44.61,-53.06,2026-08-02 20:48:04+00:00
2026-08-02T20:49:04+00:00,-47.71,-59.63,-62.00,-62.40,-63.23,-46.04,-49.40,-45.70,-51.76,-44.84,-50.38,-62.58,-47.60,-46.63,-45.57,-44.72,-53.38,2026-08-02 20:49:04+00:00
2026-08-02T20:50:03+00:00,-47.36,-60.12,-61.34,-62.20,-65.12,-46.00,-49.60,-45.71,-51.82,-44.55,-52.48,-62.81,-47.48,-46.59,-45.61,-45.05,-52.97,2026-08-02 20:50:03+00:00
2026-08-02T20:51:04+00:00,-47.88,-60.52,-61.78,-62.30,-62.95,-45.91,-49.66,-45.56,-51.47,-44.58,-52.58,-62.57,-47.20,-46.58,-45.34,-45.11,-52.51,2026-08-02 20:51:04+00:00
2026-08-02T20:52:04+00:00,-47.58,-60.37,-61.53,-62.28,-63.67,-46.20,-49.82,-45.54,-51.48,-44.61,-52.66,-62.68,-47.30,-46.44,-45.67,-45.16,-53.07,2026-08-02 20:52:04+00:00
2026-08-02T20:53:03+00:00,-47.64,-60.17,-61.67,-62.57,-63.44,-45.98,-49.60,-45.41,-51.70,-44.70,-52.65,-62.64,-47.33,-46.45,-45.08,-45.19,-53.42,2026-08-02 20:53:03+00:00
2026-08-02T20:54:04+00:00,-47.45,-60.31,-62.14,-62.21,-63.58,-46.16,-49.74,-45.11,-51.95,-45.23,-51.95,-62.95,-47.46,-46.22,-44.86,-44.89,-52.98,2026-08-02 20:54:04+00:00
2026-08-02T20:55:04+00:00,-47.76,-60.07,-62.07,-62.23,-64.10,-45.96,-49.52,-45.03,-51.95,-45.39,-52.28,-63.10,-47.77,-46.31,-45.23,-44.43,-53.43,2026-08-02 20:55:04+00:00
2026-08-02T20:56:03+00:00,-47.81,-60.30,-61.83,-62.46,-63.59,-46.18,-49.65,-45.00,-50.21,-45.40,-51.60,-63.08,-47.84,-46.11,-45.44,-43.95,-53.09,2026-08-02 20:56:03+00:00
2026-08-02T20:57:04+00:00,-47.64,-59.57,-61.89,-62.27,-63.03,-46.08,-49.68,-44.91,-50.27,-45.29,-51.38,-62.75,-47.76,-45.58,-45.02,-43.67,-53.05,2026-08-02 20:57:04+00:00
2026-08-02T20:58:04+00:00,-46.68,-59.32,-62.53,-62.58,-63.37,-46.05,-49.62,-45.05,-49.86,-45.22,-51.60,-62.87,-47.63,-45.81,-44.51,-43.02,-53.13,2026-08-02 20:58:04+00:00
2026-08-02T20:59:03+00:00,-46.20,-59.44,-62.50,-62.81,-63.71,-46.28,-49.10,-44.95,-49.59,-45.10,-51.58,-63.04,-47.61,-45.21,-44.86,-42.49,-53.64,2026-08-02 20:59:03+00:00
2026-08-02T21:00:04+00:00,-47.50,-59.59,-62.16,-62.33,-63.53,-46.47,-48.95,-45.00,-49.80,-45.02,-51.62,-62.64,-47.62,-44.87,-44.65,-41.99,-54.14,2026-08-02 21:00:04+00:00
2026-08-02T21:01:04+00:00,-47.35,-59.63,-62.19,-62.19,-62.90,-46.25,-48.85,-44.98,-49.67,-45.36,-51.75,-63.03,-47.70,-45.16,-44.82,-41.18,-54.12,2026-08-02 21:01:04+00:00
2026-08-02T21:02:03+00:00,-47.25,-59.60,-62.05,-62.40,-63.24,-46.49,-48.86,-44.97,-49.65,-45.65,-51.64,-63.08,-47.74,-45.29,-44.94,-40.84,-54.17,2026-08-02 21:02:03+00:00
2026-08-02T21:03:04+00:00,-47.52,-59.76,-62.06,-62.14,-64.21,-46.58,-49.06,-45.06,-49.77,-45.77,-51.75,-62.80,-47.80,-45.06,-44.92,-40.53,-53.70,2026-08-02 21:03:04+00:00
2026-08-02T21:04:03+00:00,-47.12,-59.86,-62.06,-62.43,-63.41,-46.63,-49.47,-44.98,-49.76,-45.75,-51.85,-63.04,-47.94,-44.61,-45.02,-40.45,-53.72,2026-08-02 21:04:03+00:00
2026-08-02T21:05:03+00:00,-47.19,-59.72,-62.29,-62.25,-63.50,-46.73,-49.13,-45.00,-49.74,-45.55,-51.70,-62.94,-47.96,-44.73,-44.84,-40.52,-53.48,2026-08-02 21:05:03+00:00
2026-08-02T21:06:04+00:00,-47.22,-59.63,-62.32,-62.44,-62.89,-46.92,-49.59,-44.81,-49.82,-45.60,-51.79,-62.84,-48.02,-44.54,-44.28,-40.23,-53.35,2026-08-02 21:06:04+00:00
2026-08-02T21:07:04+00:00,-47.12,-58.96,-62.49,-62.20,-63.42,-46.97,-49.16,-44.80,-49.62,-45.62,-51.81,-62.47,-48.03,-44.21,-44.51,-39.81,-53.60,2026-08-02 21:07:04+00:00
2026-08-02T21:08:03+00:00,-46.78,-59.32,-61.04,-62.42,-63.53,-46.88,-49.34,-44.65,-49.51,-45.68,-51.63,-62.72,-48.14,-44.32,-44.26,-39.80,-53.39,2026-08-02 21:08:03+00:00
2026-08-02T21:09:03+00:00,-47.44,-52.20,-62.48,-62.12,-64.54,-47.35,-49.54,-44.47,-49.06,-44.97,-51.55,-62.31,-48.41,-44.42,-44.61,-40.40,-53.59,2026-08-02 21:09:03+00:00
2026-08-02T21:10:04+00:00,-47.24,-56.32,-62.40,-62.20,-63.89,-47.13,-49.46,-44.29,-49.17,-44.81,-51.74,-61.96,-48.26,-44.55,-44.60,-40.89,-53.76,2026-08-02 21:10:04+00:00
2026-08-02T21:11:03+00:00,-47.23,-57.24,-62.57,-62.04,-63.73,-47.51,-49.48,-44.10,-50.72,-44.44,-51.70,-62.04,-48.27,-44.25,-45.07,-40.85,-53.80,2026-08-02 21:11:03+00:00
2026-08-02T21:12:03+00:00,-46.63,-57.39,-62.85,-62.40,-64.29,-47.41,-49.32,-44.11,-50.57,-44.77,-51.72,-61.83,-48.14,-43.89,-45.46,-41.07,-53.62,2026-08-02 21:12:03+00:00
2026-08-02T21:13:04+00:00,-46.69,-58.26,-63.56,-61.95,-63.35,-47.46,-49.36,-43.84,-51.95,-45.18,-51.63,-61.96,-48.32,-43.74,-45.00,-40.93,-53.66,2026-08-02 21:13:04+00:00
2026-08-02T21:14:03+00:00,-46.17,-58.63,-63.77,-62.27,-63.01,-47.59,-49.42,-43.77,-51.97,-45.48,-51.68,-61.89,-48.13,-43.67,-44.75,-41.07,-53.56,2026-08-02 21:14:03+00:00
2026-08-02T21:15:03+00:00,-47.21,-58.43,-64.02,-62.16,-63.25,-47.56,-49.51,-43.92,-52.09,-45.80,-51.53,-61.85,-48.15,-43.55,-45.36,-41.18,-53.51,2026-08-02 21:15:03+00:00
2026-08-02T21:16:04+00:00,-46.81,-59.39,-63.84,-62.29,-63.93,-47.36,-46.10,-43.74,-51.73,-45.44,-51.43,-61.83,-48.32,-43.18,-44.73,-41.24,-53.72,2026-08-02 21:16:04+00:00
2026-08-02T21:17:03+00:00,-46.75,-59.31,-64.06,-62.50,-62.77,-47.82,-48.86,-43.73,-51.95,-45.60,-51.67,-62.38,-48.07,-42.82,-44.93,-41.44,-53.73,2026-08-02 21:17:03+00:00
2026-08-02T21:18:03+00:00,-47.03,-59.17,-64.02,-62.18,-64.19,-47.40,-48.90,-43.56,-52.00,-45.36,-51.62,-62.14,-48.06,-42.67,-44.94,-41.13,-53.96,2026-08-02 21:18:03+00:00
2026-08-02T21:19:04+00:00,-46.75,-58.08,-63.25,-62.56,-62.64,-47.92,-48.69,-43.55,-51.25,-45.33,-51.65,-62.38,-47.97,-42.89,-44.84,-40.41,-53.65,2026-08-02 21:19:04+00:00
2026-08-02T21:20:04+00:00,-47.02,-58.17,-63.30,-62.43,-63.76,-47.87,-48.68,-43.45,-51.53,-45.53,-51.82,-62.42,-48.01,-42.78,-45.10,-39.51,-53.66,2026-08-02 21:20:04+00:00
2026-08-02T21:21:03+00:00,-47.16,-57.73,-63.10,-62.33,-63.10,-47.93,-48.71,-43.28,-51.68,-45.71,-51.67,-62.55,-48.07,-42.69,-45.21,-39.39,-53.55,2026-08-02 21:21:03+00:00
2026-08-02T21:22:04+00:00,-46.97,-57.43,-63.56,-62.27,-62.29,-48.05,-48.99,-43.32,-52.11,-45.45,-51.38,-63.11,-48.36,-42.61,-45.10,-39.29,-53.88,2026-08-02 21:22:04+00:00
2026-08-02T21:23:03+00:00,-47.25,-59.27,-60.75,-62.44,-62.67,-47.84,-48.70,-43.18,-50.93,-45.43,-51.73,-63.46,-48.27,-42.86,-45.12,-39.26,-53.61,2026-08-02 21:23:03+00:00
2026-08-02T21:24:03+00:00,-46.81,-59.48,-60.73,-62.09,-63.67,-48.26,-49.46,-43.17,-50.40,-45.72,-51.70,-63.84,-48.17,-42.58,-45.30,-38.89,-53.02,2026-08-02 21:24:03+00:00
2026-08-02T21:25:04+00:00,-46.81,-59.06,-62.81,-62.12,-63.03,-48.11,-49.22,-43.06,-50.60,-45.57,-51.66,-62.89,-48.07,-42.41,-45.44,-38.44,-53.26,2026-08-02 21:25:04+00:00
2026-08-02T21:26:03+00:00,-47.22,-59.29,-62.50,-62.24,-64.04,-48.36,-49.13,-42.76,-53.07,-45.22,-51.58,-62.60,-47.99,-42.34,-45.70,-38.35,-54.05,2026-08-02 21:26:03+00:00
2026-08-02T21:27:03+00:00,-47.57,-56.41,-62.68,-62.01,-63.43,-48.14,-49.22,-42.61,-51.70,-45.16,-50.02,-60.76,-47.69,-42.42,-45.50,-38.62,-53.51,2026-08-02 21:27:03+00:00
2026-08-02T21:28:04+00:00,-47.34,-56.44,-61.17,-62.10,-63.55,-48.57,-48.95,-42.63,-51.53,-44.98,-51.70,-60.83,-47.82,-42.50,-45.54,-38.79,-53.48,2026-08-02 21:28:04+00:00
2026-08-02T21:29:04+00:00,-47.35,-56.49,-61.84,-62.34,-63.36,-48.22,-49.11,-42.74,-51.50,-44.55,-51.54,-60.89,-47.63,-42.51,-45.61,-38.88,-53.83,2026-08-02 21:29:04+00:00
2026-08-02T21:30:03+00:00,-47.49,-56.36,-61.81,-62.07,-64.60,-48.52,-49.09,-42.53,-51.31,-44.35,-51.53,-60.87,-47.70,-42.65,-45.65,-38.81,-53.60,2026-08-02 21:30:03+00:00
2026-08-02T21:31:03+00:00,-47.23,-56.27,-61.98,-62.03,-63.51,-48.68,-49.21,-42.54,-51.19,-44.66,-51.62,-61.02,-47.78,-42.27,-45.85,-38.73,-54.16,2026-08-02 21:31:03+00:00
2026-08-02T21:32:03+00:00,-47.60,-56.29,-61.79,-62.17,-63.51,-48.19,-49.70,-42.59,-51.68,-45.59,-51.74,-61.24,-47.92,-42.49,-45.82,-38.70,-53.25,2026-08-02 21:32:03+00:00
2026-08-02T21:33:04+00:00,-47.46,-56.40,-62.43,-61.97,-63.82,-48.28,-45.67,-42.68,-51.89,-46.21,-51.49,-61.68,-47.89,-42.34,-45.89,-38.90,-53.49,2026-08-02 21:33:04+00:00
2026-08-02T21:34:04+00:00,-47.17,-58.78,-62.51,-62.12,-64.37,-48.61,-48.76,-42.66,-52.11,-46.31,-51.75,-63.85,-48.03,-42.78,-46.17,-39.38,-52.80,2026-08-02 21:34:04+00:00
2026-08-02T21:35:03+00:00,-46.62,-58.93,-62.50,-62.17,-63.53,-48.98,-48.99,-42.51,-51.94,-46.08,-52.13,-63.65,-48.31,-42.52,-46.31,-39.79,-53.12,2026-08-02 21:35:03+00:00
2026-08-02T21:36:03+00:00,-45.55,-59.51,-62.70,-62.48,-63.73,-49.04,-48.75,-42.31,-51.91,-46.56,-51.81,-61.59,-47.79,-42.84,-46.41,-40.25,-52.64,2026-08-02 21:36:03+00:00
2026-08-02T21:37:03+00:00,-47.01,-57.54,-62.68,-62.26,-64.60,-49.02,-48.62,-42.32,-51.96,-46.33,-51.77,-61.09,-47.85,-42.91,-46.88,-40.65,-53.55,2026-08-02 21:37:03+00:00
2026-08-02T21:38:04+00:00,-46.63,-58.79,-62.58,-61.90,-64.28,-48.98,-48.44,-42.30,-51.98,-46.06,-51.71,-61.27,-48.08,-43.36,-46.45,-40.86,-53.13,2026-08-02 21:38:04+00:00
2026-08-02T21:39:03+00:00,-46.66,-59.08,-62.89,-62.25,-63.26,-48.52,-48.60,-42.11,-51.82,-45.46,-51.92,-61.26,-48.01,-43.22,-46.53,-40.71,-53.59,2026-08-02 21:39:03+00:00
2026-08-02T21:40:04+00:00,-47.14,-54.25,-63.40,-62.47,-63.15,-48.77,-48.74,-42.14,-52.16,-45.25,-51.70,-60.96,-48.17,-43.57,-46.71,-40.86,-52.93,2026-08-02 21:40:04+00:00
2026-08-02T21:41:04+00:00,-47.57,-58.98,-63.59,-62.05,-63.51,-48.20,-49.10,-42.11,-50.27,-45.07,-51.87,-61.50,-48.03,-44.05,-46.79,-40.91,-53.50,2026-08-02 21:41:04+00:00
2026-08-02T21:42:03+00:00,-47.61,-59.13,-64.07,-61.69,-63.70,-47.87,-48.74,-42.19,-50.40,-45.06,-51.91,-62.36,-48.44,-44.32,-46.67,-41.08,-52.98,2026-08-02 21:42:03+00:00
2026-08-02T21:43:04+00:00,-47.09,-59.20,-64.10,-62.05,-62.86,-47.81,-48.70,-42.25,-49.53,-45.45,-51.98,-61.60,-48.11,-44.23,-46.13,-41.56,-53.66,2026-08-02 21:43:04+00:00
2026-08-02T21:44:04+00:00,-47.01,-58.96,-64.29,-62.31,-63.13,-47.86,-48.04,-42.20,-49.56,-45.52,-51.81,-61.71,-48.27,-44.00,-46.12,-41.89,-53.83,2026-08-02 21:44:04+00:00
2026-08-02T21:45:03+00:00,-47.23,-59.32,-64.45,-62.42,-63.25,-47.65,-48.46,-42.34,-49.59,-45.27,-51.66,-61.86,-48.11,-44.05,-45.81,-42.27,-53.86,2026-08-02 21:45:03+00:00
2026-08-02T21:46:03+00:00,-47.01,-59.29,-63.40,-62.14,-64.31,-47.35,-48.70,-42.38,-49.41,-45.15,-51.68,-61.63,-48.16,-43.98,-45.61,-42.44,-53.11,2026-08-02 21:46:03+00:00
2026-08-02T21:47:04+00:00,-47.42,-58.98,-63.41,-61.97,-64.48,-47.60,-48.40,-42.45,-49.37,-44.21,-51.08,-61.66,-47.87,-44.13,-45.74,-42.46,-53.04,2026-08-02 21:47:04+00:00
2026-08-02T21:48:04+00:00,-47.09,-58.86,-63.82,-62.10,-63.42,-47.53,-48.24,-42.46,-49.28,-43.94,-51.83,-61.95,-48.06,-44.19,-45.92,-41.84,-53.63,2026-08-02 21:48:04+00:00
2026-08-02T21:49:03+00:00,-46.55,-56.20,-63.73,-62.17,-65.12,-47.43,-48.39,-42.55,-49.30,-43.83,-51.90,-62.17,-47.91,-44.43,-46.43,-41.56,-53.60,2026-08-02 21:49:03+00:00
2026-08-02T21:50:03+00:00,-46.21,-56.22,-63.65,-62.31,-64.54,-47.44,-48.49,-42.59,-49.30,-44.41,-51.95,-61.72,-48.15,-44.87,-46.42,-41.32,-53.89,2026-08-02 21:50:03+00:00
2026-08-02T21:51:04+00:00,-46.64,-56.29,-64.35,-62.15,-63.60,-47.30,-48.78,-42.42,-49.75,-44.60,-51.81,-61.89,-48.19,-44.47,-46.48,-41.07,-53.36,2026-08-02 21:51:04+00:00
2026-08-02T21:52:03+00:00,-47.36,-56.45,-64.21,-62.16,-63.59,-47.54,-48.59,-42.36,-49.76,-45.03,-52.09,-62.28,-48.68,-44.98,-45.89,-40.72,-53.80,2026-08-02 21:52:03+00:00
2026-08-02T21:53:03+00:00,-47.41,-56.43,-64.01,-62.14,-64.45,-47.49,-48.78,-42.08,-49.81,-45.14,-51.94,-61.35,-48.83,-44.93,-45.73,-39.90,-54.08,2026-08-02 21:53:03+00:00
2026-08-02T21:54:04+00:00,-47.77,-56.48,-64.15,-62.34,-63.18,-47.72,-48.79,-42.00,-49.83,-45.36,-52.14,-62.17,-49.06,-44.89,-45.46,-39.05,-53.32,2026-08-02 21:54:04+00:00
2026-08-02T21:55:04+00:00,-47.79,-56.32,-64.31,-62.32,-63.17,-47.43,-48.43,-42.07,-49.66,-45.74,-52.11,-61.68,-48.95,-44.87,-44.99,-38.59,-54.05,2026-08-02 21:55:04+00:00
2026-08-02T21:56:03+00:00,-47.75,-56.32,-64.15,-62.31,-62.78,-47.55,-48.76,-41.99,-51.31,-46.63,-52.40,-61.83,-49.23,-44.83,-44.79,-38.35,-53.52,2026-08-02 21:56:03+00:00
2026-08-02T21:57:03+00:00,-47.76,-56.33,-64.30,-62.31,-63.75,-47.54,-48.73,-41.99,-51.25,-46.84,-52.20,-61.98,-48.32,-45.64,-44.50,-38.24,-53.12,2026-08-02 21:57:03+00:00
2026-08-02T21:58:04+00:00,-47.58,-56.41,-64.84,-62.74,-64.46,-47.91,-48.84,-41.91,-52.35,-46.72,-52.79,-62.51,-48.38,-45.69,-44.52,-38.17,-52.92,2026-08-02 21:58:04+00:00
2026-08-02T21:59:03+00:00,-47.78,-56.39,-64.72,-62.28,-63.18,-47.62,-49.06,-42.11,-52.48,-46.90,-52.62,-62.22,-48.35,-45.73,-44.77,-38.25,-53.94,2026-08-02 21:59:03+00:00
2026-08-02T22:00:03+00:00,-47.37,-59.31,-64.64,-62.20,-63.82,-47.65,-48.79,-41.89,-52.71,-47.18,-52.41,-62.72,-48.30,-45.57,-44.91,-38.87,-53.25,2026-08-02 22:00:03+00:00
2026-08-02T22:01:03+00:00,-47.51,-59.28,-64.25,-62.39,-64.09,-47.53,-49.34,-41.89,-53.07,-47.43,-52.67,-62.93,-48.22,-45.75,-44.69,-39.60,-53.40,2026-08-02 22:01:03+00:00
2026-08-02T22:02:03+00:00,-45.90,-59.08,-64.45,-62.09,-64.19,-47.25,-49.51,-41.84,-52.05,-48.05,-52.44,-62.86,-48.18,-46.40,-44.95,-40.70,-53.54,2026-08-02 22:02:03+00:00
2026-08-02T22:03:04+00:00,-46.33,-58.82,-64.66,-62.17,-62.29,-47.33,-49.53,-41.54,-52.57,-47.75,-52.39,-62.68,-48.13,-47.23,-44.60,-42.17,-53.80,2026-08-02 22:03:04+00:00
2026-08-02T22:04:03+00:00,-46.22,-58.36,-64.10,-62.33,-64.84,-47.31,-49.23,-41.63,-52.11,-47.68,-51.25,-61.72,-48.36,-47.39,-44.65,-43.04,-53.88,2026-08-02 22:04:03+00:00
2026-08-02T22:05:03+00:00,-47.67,-58.52,-62.69,-62.39,-64.17,-47.26,-49.24,-41.76,-52.00,-46.92,-52.71,-62.42,-48.75,-47.49,-45.01,-44.30,-53.20,2026-08-02 22:05:03+00:00
2026-08-02T22:06:03+00:00,-47.43,-58.25,-63.74,-62.25,-64.03,-47.05,-49.14,-41.75,-51.76,-47.42,-52.89,-62.39,-48.69,-48.06,-45.08,-44.34,-53.95,2026-08-02 22:06:03+00:00
2026-08-02T22:07:04+00:00,-47.60,-58.44,-63.62,-62.16,-63.53,-47.22,-49.09,-41.80,-51.92,-47.99,-52.33,-62.56,-48.69,-47.69,-45.52,-45.41,-54.03,2026-08-02 22:07:04+00:00
2026-08-02T22:08:03+00:00,-47.27,-58.80,-63.58,-62.30,-62.88,-45.24,-49.11,-41.74,-51.55,-47.85,-52.33,-62.37,-47.17,-47.93,-45.42,-45.94,-53.65,2026-08-02 22:08:03+00:00
2026-08-02T22:09:03+00:00,-47.36,-58.33,-64.20,-62.66,-64.53,-45.15,-49.46,-41.68,-51.89,-48.19,-52.51,-61.87,-45.73,-47.84,-45.35,-45.72,-53.33,2026-08-02 22:09:03+00:00
2026-08-02T22:10:04+00:00,-47.48,-58.23,-64.04,-62.02,-64.64,-45.01,-49.57,-41.55,-52.34,-47.81,-52.58,-62.92,-46.88,-47.75,-45.39,-44.63,-53.74,2026-08-02 22:10:04+00:00
2026-08-02T22:11:04+00:00,-47.74,-58.37,-64.04,-62.43,-62.85,-44.82,-49.61,-41.42,-52.41,-47.30,-52.48,-62.82,-46.86,-48.05,-45.11,-44.43,-53.15,2026-08-02 22:11:04+00:00
2026-08-02T22:12:04+00:00,-47.71,-59.16,-64.30,-62.38,-63.58,-44.97,-49.72,-41.21,-52.06,-46.57,-52.12,-62.68,-47.07,-47.40,-45.05,-42.51,-53.80,2026-08-02 22:12:04+00:00
2026-08-02T22:13:03+00:00,-47.54,-59.52,-63.53,-62.08,-63.74,-45.06,-49.54,-41.09,-52.22,-45.89,-52.71,-62.49,-47.38,-48.36,-45.18,-42.45,-53.64,2026-08-02 22:13:03+00:00
2026-08-02T22:14:03+00:00,-47.57,-60.06,-64.04,-62.17,-63.13,-44.94,-49.44,-41.03,-52.16,-45.94,-52.40,-62.68,-46.96,-48.52,-44.58,-41.98,-53.10,2026-08-02 22:14:03+00:00
2026-08-02T22:15:03+00:00,-46.76,-60.14,-64.22,-62.26,-63.33,-45.00,-49.36,-41.22,-51.90,-45.17,-52.63,-62.83,-46.97,-47.51,-44.98,-42.00,-53.49,2026-08-02 22:15:03+00:00
2026-08-02T22:16:04+00:00,-46.60,-59.22,-64.35,-62.01,-64.42,-44.99,-48.93,-41.19,-52.10,-45.18,-52.64,-63.05,-48.90,-47.03,-45.25,-41.86,-53.92,2026-08-02 22:16:04+00:00
2026-08-02T22:17:04+00:00,-46.95,-59.18,-64.21,-62.42,-63.56,-45.00,-48.99,-41.11,-52.11,-44.78,-52.51,-63.10,-48.99,-47.28,-45.41,-41.49,-52.43,2026-08-02 22:17:04+00:00
2026-08-02T22:18:04+00:00,-47.59,-58.77,-64.58,-62.71,-64.01,-44.83,-49.16,-41.20,-51.95,-44.28,-52.65,-63.18,-47.75,-47.21,-45.48,-40.85,-51.44,2026-08-02 22:18:04+00:00
2026-08-02T22:19:04+00:00,-47.55,-58.66,-64.76,-62.26,-63.83,-44.76,-49.42,-41.14,-51.87,-44.41,-52.62,-63.13,-47.89,-46.70,-45.93,-40.26,-52.98,2026-08-02 22:19:04+00:00
2026-08-02T22:20:03+00:00,-47.71,-58.41,-64.59,-62.35,-63.93,-44.63,-49.56,-41.33,-51.86,-44.88,-52.44,-62.97,-47.71,-46.06,-46.76,-39.63,-53.49,2026-08-02 22:20:03+00:00
2026-08-02T22:21:04+00:00,-47.52,-58.36,-64.07,-62.29,-63.07,-44.96,-49.48,-41.36,-52.04,-45.13,-52.44,-62.69,-47.84,-46.52,-47.33,-39.28,-53.78,2026-08-02 22:21:04+00:00
2026-08-02T22:22:04+00:00,-47.70,-58.49,-64.09,-62.49,-64.49,-44.71,-49.20,-41.27,-51.99,-45.75,-52.55,-62.93,-48.25,-46.41,-47.01,-39.22,-53.16,2026-08-02 22:22:04+00:00
2026-08-02T22:23:03+00:00,-47.75,-57.69,-64.15,-62.29,-62.97,-44.88,-49.23,-41.31,-52.16,-46.68,-52.12,-62.79,-48.43,-46.29,-47.26,-38.80,-53.03,2026-08-02 22:23:03+00:00
2026-08-02T22:24:03+00:00,-47.96,-58.39,-63.92,-62.31,-63.65,-44.70,-49.19,-41.33,-51.73,-47.06,-51.22,-62.21,-48.42,-46.63,-47.15,-38.89,-52.98,2026-08-02 22:24:03+00:00
2026-08-02T22:25:04+00:00,-47.72,-54.90,-63.49,-62.31,-64.42,-44.91,-49.34,-41.44,-51.76,-46.80,-52.19,-62.67,-48.41,-46.65,-46.62,-39.24,-53.77,2026-08-02 22:25:04+00:00
2026-08-02T22:26:04+00:00,-46.41,-58.80,-64.00,-62.39,-62.61,-44.81,-49.18,-41.48,-49.97,-46.83,-51.95,-63.02,-48.51,-47.41,-46.60,-39.36,-53.48,2026-08-02 22:26:04+00:00
2026-08-02T22:27:04+00:00,-46.29,-58.34,-63.49,-62.54,-63.22,-44.71,-48.84,-41.56,-49.99,-46.71,-51.96,-62.56,-48.61,-47.27,-46.56,-39.21,-51.51,2026-08-02 22:27:04+00:00
2026-08-02T22:28:04+00:00,-47.37,-58.30,-63.71,-62.44,-63.88,-44.59,-48.68,-41.64,-49.31,-45.90,-51.96,-62.28,-48.67,-47.55,-46.83,-38.97,-53.22,2026-08-02 22:28:04+00:00
2026-08-02T22:29:04+00:00,-47.57,-58.56,-64.25,-62.15,-63.18,-44.62,-48.92,-41.70,-49.44,-46.39,-52.07,-62.91,-51.79,-48.31,-46.89,-39.25,-52.90,2026-08-02 22:29:04+00:00
2026-08-02T22:30:03+00:00,-47.71,-58.14,-64.26,-62.13,-63.39,-44.77,-48.95,-41.69,-49.76,-47.40,-52.12,-62.97,-52.09,-48.15,-46.85,-39.65,-53.21,2026-08-02 22:30:03+00:00
2026-08-02T22:31:03+00:00,-47.57,-58.41,-64.07,-62.01,-63.52,-45.01,-49.03,-41.68,-49.60,-47.46,-52.13,-62.75,-52.54,-47.95,-46.35,-39.72,-53.54,2026-08-02 22:31:03+00:00
2026-08-02T22:32:04+00:00,-46.96,-58.19,-64.01,-62.08,-65.00,-44.84,-49.03,-41.82,-49.80,-47.48,-52.30,-62.42,-52.77,-47.28,-46.56,-39.64,-51.42,2026-08-02 22:32:04+00:00
2026-08-02T22:33:03+00:00,-46.72,-58.25,-64.22,-62.39,-62.54,-44.75,-48.93,-41.40,-49.66,-47.04,-52.12,-62.35,-52.69,-47.07,-46.36,-40.45,-52.13,2026-08-02 22:33:03+00:00
2026-08-02T22:34:03+00:00,-46.38,-56.86,-64.04,-62.14,-64.08,-44.68,-48.84,-41.28,-49.78,-47.03,-52.05,-62.38,-53.04,-46.21,-46.31,-41.04,-52.63,2026-08-02 22:34:03+00:00
2026-08-02T22:35:04+00:00,-47.18,-56.81,-64.48,-62.51,-63.67,-44.76,-45.59,-41.47,-49.53,-46.43,-51.73,-62.68,-51.64,-46.38,-45.78,-41.58,-53.06,2026-08-02 22:35:04+00:00
2026-08-02T22:36:03+00:00,-47.69,-56.61,-64.32,-62.27,-64.08,-44.85,-48.90,-41.57,-49.67,-45.54,-52.15,-62.40,-49.76,-46.51,-45.40,-42.28,-53.39,2026-08-02 22:36:03+00:00
2026-08-02T22:37:04+00:00,-46.02,-56.56,-64.18,-62.39,-63.24,-44.70,-48.76,-41.26,-49.94,-45.12,-51.81,-62.07,-50.37,-46.32,-44.99,-42.63,-54.83,2026-08-02 22:37:04+00:00
2026-08-02T22:38:04+00:00,-46.16,-53.42,-64.14,-62.40,-63.29,-44.77,-48.63,-41.26,-49.46,-45.20,-51.73,-62.01,-50.17,-46.62,-44.92,-43.35,-54.43,2026-08-02 22:38:04+00:00
2026-08-02T22:39:03+00:00,-46.20,-53.72,-64.25,-62.46,-63.15,-44.82,-48.44,-41.28,-49.78,-45.96,-51.78,-61.85,-50.33,-47.12,-45.23,-43.23,-54.79,2026-08-02 22:39:03+00:00
2026-08-02T22:40:03+00:00,-46.14,-54.08,-64.38,-62.36,-64.42,-45.22,-47.96,-41.32,-49.79,-45.96,-51.71,-61.98,-50.15,-47.32,-45.27,-43.02,-53.26,2026-08-02 22:40:03+00:00
2026-08-02T22:41:04+00:00,-46.18,-53.98,-64.36,-62.26,-62.37,-45.00,-47.74,-41.18,-51.34,-46.02,-51.69,-61.95,-50.23,-47.55,-45.10,-43.07,-53.06,2026-08-02 22:41:04+00:00
2026-08-02T22:42:03+00:00,-46.11,-54.54,-64.25,-62.28,-63.23,-44.86,-47.52,-41.03,-51.26,-46.34,-50.18,-61.50,-50.31,-47.95,-45.05,-43.56,-53.94,2026-08-02 22:42:03+00:00
2026-08-02T22:43:03+00:00,-46.04,-54.51,-62.20,-62.29,-63.52,-45.31,-47.06,-41.08,-52.05,-46.77,-51.66,-61.59,-50.43,-47.90,-45.13,-43.25,-54.22,2026-08-02 22:43:03+00:00
2026-08-02T22:44:04+00:00,-46.08,-55.14,-63.34,-62.57,-63.54,-45.12,-46.73,-41.09,-52.49,-46.15,-51.64,-61.63,-54.18,-47.77,-45.17,-42.46,-54.09,2026-08-02 22:44:04+00:00
2026-08-02T22:45:04+00:00,-46.28,-55.33,-63.27,-61.99,-63.09,-45.13,-46.77,-41.16,-51.80,-45.87,-51.53,-61.37,-54.09,-47.15,-45.15,-42.15,-53.06,2026-08-02 22:45:04+00:00
2026-08-02T22:46:03+00:00,-46.72,-55.79,-63.19,-62.63,-63.49,-45.26,-46.59,-41.18,-51.90,-46.20,-52.00,-61.33,-54.39,-47.15,-45.79,-41.30,-53.10,2026-08-02 22:46:03+00:00
2026-08-02T22:47:04+00:00,-46.35,-55.99,-63.43,-62.05,-62.24,-45.23,-46.59,-41.23,-52.01,-46.73,-51.89,-61.71,-54.39,-46.91,-45.71,-40.69,-54.75,2026-08-02 22:47:04+00:00
2026-08-02T22:48:04+00:00,-46.59,-56.34,-63.61,-62.39,-63.32,-45.34,-46.88,-41.25,-52.30,-46.87,-51.84,-61.60,-54.44,-47.45,-45.49,-40.42,-53.17,2026-08-02 22:48:04+00:00
2026-08-02T22:49:03+00:00,-47.11,-56.69,-63.28,-62.24,-63.12,-49.11,-46.88,-41.34,-52.29,-46.53,-51.37,-62.43,-54.13,-46.41,-45.33,-40.46,-54.61,2026-08-02 22:49:03+00:00
2026-08-02T22:50:03+00:00,-46.91,-53.47,-63.45,-62.38,-63.17,-49.28,-46.86,-41.15,-52.15,-46.89,-51.79,-62.46,-54.19,-46.48,-44.80,-39.80,-56.11,2026-08-02 22:50:03+00:00
2026-08-02T22:51:04+00:00,-47.12,-53.81,-63.55,-62.14,-63.28,-49.20,-47.19,-41.13,-52.28,-46.19,-51.23,-62.49,-50.32,-46.07,-44.47,-40.07,-53.23,2026-08-02 22:51:04+00:00
2026-08-02T22:52:04+00:00,-46.98,-56.75,-63.25,-62.10,-63.74,-49.47,-47.58,-41.26,-52.40,-45.74,-51.41,-62.62,-50.68,-45.28,-44.32,-40.79,-52.67,2026-08-02 22:52:04+00:00
2026-08-02T22:53:03+00:00,-47.02,-56.99,-63.69,-62.49,-63.17,-49.56,-47.78,-41.51,-52.35,-45.32,-51.45,-63.23,-50.52,-45.10,-43.99,-41.11,-52.94,2026-08-02 22:53:03+00:00
2026-08-02T22:54:04+00:00,-46.32,-57.04,-64.06,-62.32,-63.42,-49.57,-47.82,-41.73,-52.46,-44.91,-51.55,-63.17,-50.61,-45.07,-44.46,-41.13,-53.04,2026-08-02 22:54:04+00:00
2026-08-02T22:55:04+00:00,-46.19,-56.94,-63.82,-62.29,-62.92,-49.90,-47.90,-41.82,-52.60,-45.19,-51.69,-62.95,-54.56,-45.38,-44.09,-41.27,-54.43,2026-08-02 22:55:04+00:00
2026-08-02T22:56:03+00:00,-46.99,-56.87,-63.98,-62.27,-63.36,-50.09,-48.05,-42.04,-52.59,-45.20,-51.90,-63.50,-54.39,-46.18,-44.21,-41.03,-54.68,2026-08-02 22:56:03+00:00
2026-08-02T22:57:03+00:00,-46.25,-57.05,-63.46,-62.27,-63.28,-49.40,-47.88,-42.11,-52.32,-44.13,-51.52,-63.22,-54.04,-47.18,-44.17,-40.65,-54.05,2026-08-02 22:57:03+00:00
2026-08-02T22:58:04+00:00,-45.69,-56.98,-63.35,-62.29,-64.34,-49.55,-47.75,-42.14,-52.23,-43.31,-51.49,-63.22,-54.40,-48.09,-44.34,-40.51,-53.85,2026-08-02 22:58:04+00:00
2026-08-02T22:59:04+00:00,-45.99,-56.94,-63.18,-62.21,-63.06,-49.45,-47.75,-42.37,-52.36,-42.98,-51.40,-63.78,-54.22,-49.72,-44.17,-40.34,-53.04,2026-08-02 22:59:04+00:00
2026-08-02T23:00:03+00:00,-46.13,-57.31,-61.84,-61.93,-63.46,-49.32,-47.72,-42.42,-51.89,-43.20,-51.33,-64.23,-54.14,-50.61,-44.27,-40.99,-54.31,2026-08-02 23:00:03+00:00
2026-08-02T23:01:03+00:00,-46.13,-57.21,-62.57,-62.08,-62.60,-49.20,-47.95,-42.37,-51.68,-43.20,-51.05,-63.40,-49.77,-50.90,-44.26,-41.39,-54.15,2026-08-02 23:01:03+00:00
2026-08-02T23:02:04+00:00,-46.14,-57.48,-62.45,-62.35,-63.05,-48.84,-48.33,-42.39,-51.90,-42.74,-50.98,-64.11,-49.91,-50.92,-44.21,-41.44,-55.87,2026-08-02 23:02:04+00:00
2026-08-02T23:03:04+00:00,-46.96,-57.51,-62.78,-62.60,-63.99,-48.89,-48.61,-42.56,-51.88,-42.79,-50.69,-64.21,-50.04,-49.61,-44.01,-41.63,-53.96,2026-08-02 23:03:04+00:00
2026-08-02T23:04:03+00:00,-47.03,-57.38,-62.86,-62.25,-63.05,-48.72,-48.62,-42.68,-51.91,-43.33,-50.93,-63.61,-53.98,-47.55,-43.67,-41.13,-54.26,2026-08-02 23:04:03+00:00
2026-08-02T23:05:04+00:00,-46.76,-57.25,-62.59,-62.34,-64.13,-48.43,-48.76,-42.57,-51.96,-43.88,-50.92,-63.34,-53.61,-46.06,-43.72,-40.93,-54.49,2026-08-02 23:05:04+00:00
2026-08-02T23:06:03+00:00,-46.05,-57.27,-64.65,-62.54,-64.24,-48.72,-48.48,-42.56,-52.31,-44.19,-50.86,-63.65,-53.91,-45.38,-43.43,-40.35,-53.90,2026-08-02 23:06:03+00:00
2026-08-02T23:07:04+00:00,-46.85,-57.35,-66.48,-62.43,-63.80,-48.98,-48.42,-42.66,-53.73,-44.31,-51.02,-63.25,-54.09,-44.84,-43.25,-39.51,-54.41,2026-08-02 23:07:04+00:00
2026-08-02T23:08:04+00:00,-46.29,-53.58,-66.90,-62.20,-64.34,-48.75,-48.23,-42.89,-54.60,-44.54,-51.07,-62.87,-53.83,-44.88,-43.40,-39.25,-54.65,2026-08-02 23:08:04+00:00
2026-08-02T23:09:03+00:00,-47.36,-53.87,-67.04,-62.47,-64.00,-48.97,-48.19,-42.68,-54.20,-44.32,-50.32,-63.37,-49.88,-45.72,-43.45,-39.17,-54.43,2026-08-02 23:09:03+00:00
2026-08-02T23:10:03+00:00,-47.29,-57.66,-66.61,-62.59,-64.04,-48.98,-47.75,-42.45,-51.18,-44.27,-50.72,-62.90,-49.61,-45.27,-43.58,-38.78,-55.07,2026-08-02 23:10:03+00:00
2026-08-02T23:11:04+00:00,-47.27,-57.67,-67.16,-62.39,-63.49,-48.49,-47.58,-42.42,-51.59,-44.32,-50.85,-62.90,-52.88,-46.46,-43.14,-38.68,-54.59,2026-08-02 23:11:04+00:00
2026-08-02T23:12:04+00:00,-46.83,-57.85,-66.78,-62.66,-63.74,-48.05,-47.25,-42.55,-51.07,-44.50,-50.91,-62.76,-53.00,-46.74,-43.43,-38.67,-53.46,2026-08-02 23:12:04+00:00
2026-08-02T23:13:03+00:00,-47.07,-57.67,-66.76,-62.30,-63.16,-44.93,-47.43,-42.71,-50.58,-44.66,-50.62,-62.43,-53.20,-46.54,-43.21,-38.46,-54.99,2026-08-02 23:13:03+00:00
2026-08-02T23:14:04+00:00,-47.34,-57.15,-67.43,-62.72,-64.00,-44.88,-47.50,-42.92,-50.49,-44.47,-50.74,-62.56,-53.25,-46.28,-42.97,-38.57,-54.62,2026-08-02 23:14:04+00:00
2026-08-02T23:15:04+00:00,-47.36,-57.22,-66.99,-62.60,-63.71,-45.03,-47.77,-43.06,-50.68,-44.71,-50.70,-62.73,-53.61,-45.26,-43.15,-38.62,-56.86,2026-08-02 23:15:04+00:00
2026-08-02T23:16:03+00:00,-46.12,-57.35,-66.98,-62.13,-64.11,-44.88,-47.83,-43.16,-50.56,-45.18,-50.42,-62.29,-49.58,-44.43,-43.48,-38.13,-52.95,2026-08-02 23:16:03+00:00
2026-08-02T23:17:03+00:00,-47.20,-57.35,-66.68,-62.57,-63.69,-45.09,-47.94,-43.17,-50.57,-44.50,-51.79,-62.28,-49.74,-44.16,-43.76,-38.02,-54.97,2026-08-02 23:17:03+00:00
2026-08-02T23:18:04+00:00,-47.32,-57.49,-67.36,-62.70,-63.38,-44.97,-47.73,-43.10,-50.74,-44.50,-51.57,-62.72,-53.24,-43.90,-43.58,-37.92,-53.30,2026-08-02 23:18:04+00:00
2026-08-02T23:19:04+00:00,-47.32,-57.37,-67.25,-62.71,-64.30,-45.02,-47.80,-43.29,-50.55,-44.88,-51.49,-62.74,-53.55,-44.10,-43.66,-37.66,-54.72,2026-08-02 23:19:04+00:00
2026-08-02T23:20:03+00:00,-47.32,-57.36,-64.37,-62.37,-63.09,-44.92,-47.55,-43.31,-50.49,-45.54,-51.32,-62.81,-53.87,-45.01,-44.02,-37.44,-54.25,2026-08-02 23:20:03+00:00
2026-08-02T23:21:03+00:00,-47.42,-57.24,-66.01,-62.58,-62.39,-45.05,-47.51,-43.11,-50.44,-44.95,-51.34,-62.51,-53.72,-45.46,-44.38,-36.76,-54.97,2026-08-02 23:21:03+00:00
2026-08-02T23:22:04+00:00,-46.34,-57.77,-66.07,-62.19,-63.86,-45.07,-47.52,-43.14,-50.43,-44.92,-51.05,-62.61,-53.48,-46.37,-44.33,-36.60,-55.02,2026-08-02 23:22:04+00:00
2026-08-02T23:23:04+00:00,-46.53,-57.28,-66.22,-62.49,-63.04,-44.92,-47.35,-43.15,-50.42,-45.11,-51.18,-62.41,-49.75,-46.52,-44.81,-36.00,-54.95,2026-08-02 23:23:04+00:00
2026-08-02T23:24:03+00:00,-47.17,-51.69,-65.64,-62.48,-63.51,-45.04,-47.30,-43.06,-50.48,-45.17,-50.97,-62.16,-49.83,-46.53,-44.75,-35.93,-56.94,2026-08-02 23:24:03+00:00
2026-08-02T23:25:04+00:00,-47.58,-52.30,-67.22,-62.51,-62.62,-45.11,-47.25,-43.19,-53.20,-46.36,-50.96,-62.67,-53.04,-46.52,-44.50,-36.29,-54.28,2026-08-02 23:25:04+00:00
2026-08-02T23:26:04+00:00,-47.17,-57.11,-66.75,-62.37,-62.87,-45.02,-46.88,-43.19,-53.08,-46.84,-51.17,-63.00,-53.83,-46.72,-44.65,-36.70,-54.49,2026-08-02 23:26:04+00:00
2026-08-02T23:27:03+00:00,-46.54,-57.14,-67.29,-62.48,-63.13,-45.29,-46.49,-43.16,-53.95,-47.37,-51.13,-63.15,-53.93,-45.23,-44.22,-36.77,-54.79,2026-08-02 23:27:03+00:00
2026-08-02T23:28:03+00:00,-46.05,-56.90,-67.09,-62.54,-63.07,-44.94,-46.20,-43.06,-54.20,-47.34,-51.14,-62.84,-53.69,-44.61,-43.91,-36.79,-55.33,2026-08-02 23:28:03+00:00
2026-08-02T23:29:04+00:00,-46.15,-57.13,-67.49,-62.38,-63.56,-44.76,-46.53,-43.01,-54.11,-46.97,-50.83,-62.93,-50.42,-44.23,-43.50,-37.09,-54.11,2026-08-02 23:29:04+00:00
2026-08-02T23:30:04+00:00,-46.63,-57.07,-66.92,-62.60,-63.18,-45.02,-46.47,-42.88,-54.57,-47.29,-50.75,-62.69,-50.18,-43.76,-43.16,-37.28,-55.09,2026-08-02 23:30:04+00:00
2026-08-02T23:31:04+00:00,-46.93,-56.81,-67.24,-62.27,-63.29,-44.90,-46.42,-42.77,-54.34,-47.36,-50.75,-63.06,-50.34,-44.10,-42.78,-37.24,-53.46,2026-08-02 23:31:04+00:00
2026-08-02T23:32:03+00:00,-47.03,-56.74,-67.16,-62.60,-63.44,-44.47,-46.11,-42.57,-54.36,-47.44,-50.59,-63.23,-50.58,-44.45,-42.86,-37.41,-53.34,2026-08-02 23:32:03+00:00
2026-08-02T23:33:04+00:00,-46.15,-56.96,-67.36,-62.30,-62.92,-44.56,-46.32,-42.70,-54.46,-46.98,-50.63,-62.99,-54.16,-44.89,-42.90,-37.54,-56.10,2026-08-02 23:33:04+00:00
2026-08-02T23:34:04+00:00,-46.54,-56.82,-67.16,-62.71,-63.38,-44.69,-46.50,-42.46,-53.98,-46.72,-50.63,-65.96,-54.46,-45.01,-43.11,-38.08,-54.65,2026-08-02 23:34:04+00:00
2026-08-02T23:35:03+00:00,-46.95,-56.73,-66.90,-62.20,-64.06,-44.74,-46.69,-42.32,-54.03,-47.14,-50.64,-65.76,-54.76,-45.53,-43.22,-38.83,-54.60,2026-08-02 23:35:03+00:00
2026-08-02T23:36:35+00:00,-47.14,-56.70,-67.39,-62.87,-63.76,-44.57,-46.91,-42.23,-54.27,-47.11,-50.53,-66.17,-54.69,-46.04,-43.70,-39.56,-55.05,2026-08-02 23:36:35+00:00
2026-08-02T23:37:04+00:00,-46.90,-57.13,-67.15,-62.53,-63.62,-44.51,-47.02,-42.26,-54.21,-47.22,-50.28,-66.13,-54.61,-45.54,-44.07,-39.76,-55.07,2026-08-02 23:37:04+00:00
2026-08-02T23:38:03+00:00,-46.74,-57.16,-66.81,-62.43,-63.51,-44.39,-47.14,-42.04,-55.25,-47.84,-49.10,-65.67,-50.94,-44.66,-44.45,-40.51,-53.37,2026-08-02 23:38:03+00:00
2026-08-02T23:39:03+00:00,-47.12,-57.03,-64.39,-62.31,-62.75,-44.44,-47.21,-42.18,-54.78,-48.13,-49.78,-65.02,-51.42,-43.95,-45.01,-40.83,-54.72,2026-08-02 23:39:03+00:00
2026-08-02T23:40:04+00:00,-46.46,-56.68,-66.03,-62.38,-63.36,-44.72,-47.50,-42.24,-54.70,-47.36,-50.04,-65.34,-51.32,-43.05,-44.77,-41.61,-54.48,2026-08-02 23:40:04+00:00
2026-08-02T23:41:04+00:00,-46.83,-56.85,-66.12,-62.23,-63.62,-44.75,-47.68,-42.24,-54.46,-48.03,-50.06,-65.47,-53.05,-43.15,-45.07,-42.18,-53.02,2026-08-02 23:41:04+00:00
2026-08-02T23:42:03+00:00,-47.50,-55.34,-65.76,-62.33,-63.19,-44.74,-47.65,-42.14,-54.36,-47.70,-50.16,-65.19,-53.30,-43.23,-44.65,-42.92,-54.68,2026-08-02 23:42:03+00:00
2026-08-02T23:43:04+00:00,-47.50,-56.35,-65.11,-62.34,-63.10,-44.97,-47.72,-42.18,-54.62,-48.13,-50.11,-65.59,-52.89,-43.72,-44.89,-44.88,-54.58,2026-08-02 23:43:04+00:00
2026-08-02T23:44:04+00:00,-47.65,-53.02,-67.39,-62.32,-63.58,-44.59,-47.40,-42.17,-54.53,-49.28,-49.96,-66.32,-52.89,-43.95,-44.90,-46.02,-53.35,2026-08-02 23:44:04+00:00
2026-08-02T23:45:03+00:00,-47.55,-57.05,-67.29,-62.32,-62.89,-44.55,-47.39,-42.15,-54.21,-47.87,-49.81,-66.18,-50.20,-44.36,-44.23,-46.22,-54.52,2026-08-02 23:45:03+00:00
2026-08-02T23:46:03+00:00,-47.56,-57.40,-67.49,-62.41,-63.07,-44.82,-47.28,-42.12,-54.35,-47.95,-49.62,-66.55,-50.82,-44.87,-44.61,-45.32,-54.21,2026-08-02 23:46:03+00:00
2026-08-02T23:47:04+00:00,-47.27,-57.30,-67.49,-62.13,-62.24,-48.52,-47.38,-42.07,-54.31,-48.55,-50.36,-66.47,-52.52,-45.82,-44.37,-45.52,-56.60,2026-08-02 23:47:04+00:00
2026-08-02T23:48:04+00:00,-47.24,-57.36,-67.52,-62.27,-62.97,-48.78,-47.24,-41.87,-54.29,-48.08,-50.55,-66.36,-52.15,-46.09,-44.37,-45.28,-54.20,2026-08-02 23:48:04+00:00
2026-08-02T23:49:03+00:00,-47.34,-57.07,-67.37,-62.66,-63.27,-48.75,-47.38,-42.05,-54.28,-47.15,-50.55,-67.36,-51.99,-46.30,-44.52,-45.18,-53.76,2026-08-02 23:49:03+00:00
2026-08-02T23:50:03+00:00,-47.56,-57.20,-67.83,-62.76,-63.43,-50.34,-47.16,-42.16,-54.17,-46.46,-50.33,-67.59,-49.72,-45.41,-44.90,-45.67,-54.90,2026-08-02 23:50:03+00:00
2026-08-02T23:51:04+00:00,-47.73,-57.08,-68.06,-62.28,-63.29,-50.54,-47.36,-42.11,-54.53,-46.31,-49.96,-67.42,-50.39,-44.45,-44.82,-45.95,-54.21,2026-08-02 23:51:04+00:00
2026-08-02T23:52:03+00:00,-47.91,-57.29,-68.18,-62.95,-63.09,-50.50,-47.41,-42.09,-54.07,-46.36,-50.04,-67.78,-50.67,-44.25,-44.90,-46.44,-54.45,2026-08-02 23:52:03+00:00
2026-08-02T23:53:03+00:00,-47.02,-57.14,-68.08,-62.45,-64.15,-50.32,-47.52,-41.84,-54.09,-46.48,-50.99,-67.83,-51.39,-43.56,-45.35,-46.88,-55.12,2026-08-02 23:53:03+00:00
2026-08-02T23:54:04+00:00,-46.85,-57.00,-67.10,-62.70,-63.75,-50.45,-47.45,-41.91,-53.91,-46.34,-51.18,-66.69,-51.31,-43.39,-45.36,-46.20,-53.80,2026-08-02 23:54:04+00:00
2026-08-02T23:55:04+00:00,-47.09,-57.35,-66.05,-62.40,-64.86,-50.12,-47.26,-41.74,-51.57,-47.26,-51.14,-60.81,-51.16,-43.53,-45.00,-45.76,-54.23,2026-08-02 23:55:04+00:00
2026-08-02T23:56:03+00:00,-46.51,-57.35,-67.17,-62.37,-64.41,-50.10,-47.17,-41.59,-51.48,-47.99,-51.66,-55.33,-51.27,-43.48,-44.45,-44.97,-54.78,2026-08-02 23:56:03+00:00
2026-08-02T23:57:03+00:00,-46.76,-57.36,-64.38,-62.42,-63.40,-50.19,-47.88,-41.44,-50.75,-47.57,-50.98,-58.71,-49.39,-44.47,-44.28,-43.83,-54.60,2026-08-02 23:57:03+00:00
2026-08-02T23:58:04+00:00,-47.44,-57.24,-65.43,-62.54,-64.14,-50.12,-48.13,-41.41,-50.71,-47.48,-50.75,-59.82,-49.87,-45.66,-43.81,-43.50,-55.07,2026-08-02 23:58:04+00:00
2026-08-02T23:59:04+00:00,-47.45,-57.28,-65.68,-62.56,-63.91,-50.35,-48.17,-41.16,-50.77,-47.29,-50.74,-59.62,-49.98,-46.90,-43.85,-43.93,-56.49,2026-08-02 23:59:04+00:00
